{"type":"FeatureCollection","features":[{"type":"Feature","properties":{"fuente":"OpenStreetMap 2026-10-02 (recorrido.py)","pasos":[{"accion":"inicio","via":"Calle San Lorenzo","m":168},{"accion":"derecha","via":"Avenida Tomás Marsano","m":287},{"accion":"derecha","via":"Avenida Guardia Civil","m":958},{"accion":"rotonda","salida":3,"via":"Avenida Guardia Civil","m":114},{"accion":"sigue","via":"Avenida Guardia Civil","m":1174},{"accion":"derecha","via":"Avenida Javier Prado Este","m":1969},{"accion":"sigue","via":"","m":140},{"accion":"sigue","via":"Avenida Javier Prado Este","m":719},{"accion":"sigue","via":"","m":219},{"accion":"sigue","via":"Carretera Panamericana Sur","m":91},{"accion":"sigue","via":"Vía de Evitamiento","m":2244},{"accion":"sigue","via":"","m":157},{"accion":"sigue","via":"Vía de Evitamiento","m":12410},{"accion":"sigue","via":"Carretera Panamericana Norte","m":2207},{"accion":"sigue","via":"","m":361},{"accion":"sigue","via":"Avenida Tomás Valle","m":526},{"accion":"izquierda","via":"","m":341},{"accion":"sigue","via":"","m":577},{"accion":"derecha","via":"Avenida Alfredo Mendiola","m":96},{"accion":"rotonda","salida":2,"via":"Avenida Alfredo Mendiola","m":61},{"accion":"sigue","via":"Avenida Alfredo Mendiola","m":279},{"accion":"sigue","via":"","m":139},{"accion":"sigue","via":"Carretera Panamericana Norte","m":2085},{"accion":"sigue","via":"Avenida Panamericana Norte","m":11416},{"accion":"sigue","via":"Carretera Panamericana Norte","m":42043}],"sin_calle":7,"fuera":[0,1213922]},"geometry":{"type":"LineString","coordinates":[[-77.01767,-12.107838],[-77.01741,-12.107836],[-77.017431,-12.107322],[-77.017415,-12.107088],[-77.01736,-12.106909],[-77.017265,-12.106757],[-77.016975,-12.106467],[-77.016038,-12.107497],[-77.015942,-12.107412],[-77.016667,-12.106592],[-77.015924,-12.105212],[-77.015318,-12.104146],[-77.013396,-12.100536],[-77.013206,-12.100162],[-77.012888,-12.099278],[-77.012809,-12.099167],[-77.012699,-12.099086],[-77.012527,-12.099053],[-77.012431,-12.099075],[-77.0123,-12.09906],[-77.012206,-12.09903],[-77.012087,-12.09895],[-77.012019,-12.098851],[-77.011991,-12.098784],[-77.011948,-12.098412],[-77.011762,-12.097704],[-77.011698,-12.097497],[-77.011461,-12.096966],[-77.010656,-12.095532],[-77.009979,-12.094235],[-77.008334,-12.091236],[-77.007583,-12.08976],[-77.007509,-12.089484],[-77.007522,-12.088841],[-77.003058,-12.088219],[-77.002221,-12.088126],[-76.99893,-12.087628],[-76.995532,-12.087179],[-76.989735,-12.08635],[-76.988369,-12.086063],[-76.987906,-12.086001],[-76.987292,-12.085867],[-76.985788,-12.085336],[-76.985115,-12.085157],[-76.984883,-12.085131],[-76.981907,-12.085035],[-76.981613,-12.08517],[-76.98147,-12.08534],[-76.981425,-12.085484],[-76.981422,-12.08559],[-76.981436,-12.085674],[-76.981515,-12.085798],[-76.981587,-12.085857],[-76.981693,-12.085901],[-76.981873,-12.085899],[-76.981972,-12.085853],[-76.982048,-12.085783],[-76.98215,-12.085586],[-76.982183,-12.085459],[-76.982142,-12.085268],[-76.982032,-12.084977],[-76.981865,-12.084705],[-76.981491,-12.084303],[-76.978079,-12.081114],[-76.977669,-12.080704],[-76.977193,-12.08016],[-76.976875,-12.079743],[-76.976523,-12.079219],[-76.976198,-12.078652],[-76.975839,-12.077918],[-76.975142,-12.076297],[-76.971718,-12.068131],[-76.97151,-12.067551],[-76.971562,-12.067362],[-76.971544,-12.067187],[-76.971248,-12.066178],[-76.971195,-12.065056],[-76.971239,-12.064074],[-76.971309,-12.06357],[-76.971419,-12.062995],[-76.971572,-12.062414],[-76.971663,-12.062154],[-76.971628,-12.061924],[-76.97165,-12.061855],[-76.971838,-12.061654],[-76.975238,-12.053856],[-76.975652,-12.05295],[-76.976023,-12.052245],[-76.976432,-12.051638],[-76.976757,-12.051209],[-76.977223,-12.050679],[-76.977407,-12.050506],[-76.984525,-12.044224],[-76.985574,-12.043281],[-76.986241,-12.042619],[-76.986731,-12.042018],[-76.986996,-12.041635],[-76.987412,-12.040936],[-76.987655,-12.040448],[-76.988057,-12.039449],[-76.98875,-12.036855],[-76.989079,-12.035711],[-76.989296,-12.035137],[-76.989598,-12.034537],[-76.990173,-12.03362],[-76.990748,-12.032837],[-76.991218,-12.032293],[-76.991679,-12.031844],[-76.992435,-12.031171],[-76.993187,-12.030612],[-76.993719,-12.030284],[-76.99508,-12.029512],[-76.995556,-12.029276],[-76.996129,-12.029084],[-76.99668,-12.028979],[-76.997171,-12.028962],[-76.997479,-12.028981],[-76.99782,-12.029036],[-76.998158,-12.02913],[-76.998973,-12.029413],[-77.000555,-12.030042],[-77.004973,-12.031704],[-77.006474,-12.032481],[-77.006767,-12.032688],[-77.007961,-12.033364],[-77.008686,-12.033832],[-77.009761,-12.034602],[-77.010529,-12.035208],[-77.013546,-12.037819],[-77.01506,-12.039085],[-77.015794,-12.039618],[-77.016891,-12.04033],[-77.01849,-12.041184],[-77.021531,-12.042592],[-77.021996,-12.042771],[-77.022465,-12.042924],[-77.023545,-12.043149],[-77.024106,-12.043201],[-77.024522,-12.043202],[-77.027304,-12.04314],[-77.028612,-12.043087],[-77.029172,-12.043013],[-77.029475,-12.042922],[-77.030342,-12.042582],[-77.031621,-12.041999],[-77.032398,-12.041605],[-77.033579,-12.040923],[-77.035009,-12.040382],[-77.035491,-12.04015],[-77.035794,-12.039961],[-77.036205,-12.039649],[-77.037231,-12.038728],[-77.037822,-12.038331],[-77.038025,-12.03822],[-77.038491,-12.038019],[-77.038888,-12.037884],[-77.044941,-12.03608],[-77.046905,-12.035732],[-77.047674,-12.035504],[-77.048686,-12.035235],[-77.049658,-12.034882],[-77.053097,-12.033492],[-77.053716,-12.033174],[-77.054618,-12.03262],[-77.055103,-12.032261],[-77.0556,-12.031822],[-77.055999,-12.031429],[-77.056337,-12.031039],[-77.057417,-12.029518],[-77.057634,-12.029108],[-77.05798,-12.028237],[-77.058208,-12.027427],[-77.058411,-12.025908],[-77.058864,-12.023185],[-77.059238,-12.02063],[-77.059306,-12.020297],[-77.06007,-12.015287],[-77.060386,-12.013342],[-77.060523,-12.012073],[-77.060486,-12.011837],[-77.060483,-12.011514],[-77.06073,-12.009951],[-77.060799,-12.009588],[-77.060907,-12.009201],[-77.060962,-12.008854],[-77.060904,-12.008793],[-77.060384,-12.008447],[-77.060095,-12.008349],[-77.056323,-12.007819],[-77.056557,-12.006378],[-77.056758,-12.00477],[-77.05673,-12.004993],[-77.056583,-12.004975],[-77.056434,-12.00513],[-77.055749,-12.005028],[-77.055624,-12.005116],[-77.055529,-12.004986],[-77.055446,-12.004784],[-77.055617,-12.004832],[-77.055548,-12.004594],[-77.055767,-12.004571],[-77.055947,-12.004598],[-77.056049,-12.004737],[-77.056222,-12.004614],[-77.056653,-12.004556],[-77.056818,-12.004569],[-77.0569,-12.004545],[-77.056982,-12.004576],[-77.057026,-12.00465],[-77.057028,-12.004693],[-77.057151,-12.004679],[-77.057632,-12.004807],[-77.058573,-12.005128],[-77.059759,-12.00546],[-77.060531,-12.005569],[-77.060636,-12.005606],[-77.06069,-12.005569],[-77.061092,-12.005628],[-77.06131,-12.005704],[-77.061624,-12.00545],[-77.061678,-12.004955],[-77.061675,-12.004712],[-77.061661,-12.004582],[-77.061592,-12.004441],[-77.061586,-12.004316],[-77.061626,-12.004196],[-77.061715,-12.004088],[-77.061807,-12.003321],[-77.062099,-12.001596],[-77.062275,-12.000654],[-77.062406,-12.000387],[-77.062857,-11.997671],[-77.063495,-11.99352],[-77.063594,-11.992997],[-77.06385,-11.991964],[-77.063963,-11.991328],[-77.064434,-11.987461],[-77.067465,-11.96802],[-77.067765,-11.966127],[-77.068128,-11.964051],[-77.068745,-11.959754],[-77.070016,-11.951774],[-77.070377,-11.949272],[-77.070564,-11.948202],[-77.070808,-11.946387],[-77.070973,-11.94497],[-77.072154,-11.9326],[-77.073245,-11.921461],[-77.073524,-11.91827],[-77.073683,-11.916824],[-77.073851,-11.91495],[-77.073856,-11.914501],[-77.073823,-11.91416],[-77.073757,-11.913801],[-77.073591,-11.9133],[-77.073448,-11.912997],[-77.072816,-11.911965],[-77.071113,-11.909599],[-77.070773,-11.909094],[-77.070227,-11.908373],[-77.069863,-11.907829],[-77.069453,-11.907006],[-77.067802,-11.903371],[-77.067717,-11.903103],[-77.067619,-11.902392],[-77.067615,-11.901773],[-77.06919,-11.87384],[-77.069246,-11.873104],[-77.069373,-11.872564],[-77.069514,-11.872191],[-77.069742,-11.87176],[-77.072537,-11.867498],[-77.073921,-11.865427],[-77.074318,-11.864928],[-77.07485,-11.864404],[-77.08434,-11.8568],[-77.085809,-11.855661],[-77.087819,-11.854029],[-77.09017,-11.852191],[-77.098743,-11.845275],[-77.099969,-11.844335],[-77.100875,-11.843572],[-77.101875,-11.842796],[-77.103487,-11.84147],[-77.108333,-11.837646],[-77.112258,-11.834464],[-77.119038,-11.829053],[-77.11944,-11.828706],[-77.120051,-11.828046],[-77.124935,-11.822498],[-77.125292,-11.822],[-77.125509,-11.821568],[-77.127922,-11.815687],[-77.12829,-11.814882],[-77.1286,-11.814306],[-77.128999,-11.813681],[-77.132198,-11.809023],[-77.132675,-11.808296],[-77.136426,-11.802841],[-77.136729,-11.802454],[-77.137147,-11.801967],[-77.13771,-11.801375],[-77.142042,-11.797175],[-77.154487,-11.784835],[-77.157511,-11.781869],[-77.157917,-11.781394],[-77.158064,-11.781265],[-77.158472,-11.780729],[-77.15879,-11.780183],[-77.159056,-11.779633],[-77.159182,-11.779315],[-77.159311,-11.77887],[-77.159534,-11.777954],[-77.15962,-11.777198],[-77.159603,-11.77624],[-77.159509,-11.775064],[-77.159045,-11.770829],[-77.158493,-11.7662],[-77.158217,-11.765145],[-77.158018,-11.764592],[-77.157834,-11.764136],[-77.157628,-11.763704],[-77.157349,-11.763214],[-77.157069,-11.762779],[-77.156728,-11.762317],[-77.15639,-11.761923],[-77.143739,-11.747563],[-77.1383,-11.741452],[-77.13115,-11.733351],[-77.130669,-11.73267],[-77.130412,-11.732174],[-77.130266,-11.731561],[-77.130197,-11.731065],[-77.130232,-11.730477],[-77.130318,-11.730023],[-77.130489,-11.729477],[-77.130686,-11.729056],[-77.131038,-11.728594],[-77.131725,-11.727972],[-77.132137,-11.72772],[-77.132746,-11.72746],[-77.133313,-11.727334],[-77.13363,-11.727292],[-77.133991,-11.727283],[-77.134515,-11.727342],[-77.135931,-11.727594],[-77.137004,-11.727594],[-77.137802,-11.727434],[-77.140454,-11.726569],[-77.141647,-11.726325],[-77.142634,-11.726241],[-77.143055,-11.726241],[-77.14393,-11.726292],[-77.144445,-11.726375],[-77.145046,-11.72651],[-77.146076,-11.726812],[-77.146797,-11.727107],[-77.151234,-11.729275],[-77.152762,-11.729947],[-77.154316,-11.730527],[-77.155929,-11.731056],[-77.157174,-11.7313],[-77.158041,-11.731342],[-77.158976,-11.731283],[-77.159783,-11.731124],[-77.160393,-11.730956],[-77.164639,-11.729087],[-77.165043,-11.72886],[-77.165412,-11.728608],[-77.165764,-11.728264],[-77.166116,-11.727852],[-77.167952,-11.725036],[-77.168381,-11.724524],[-77.168905,-11.724053],[-77.169849,-11.723313],[-77.170321,-11.72286],[-77.170708,-11.722364],[-77.172484,-11.719448],[-77.17281,-11.71897],[-77.173778,-11.717367],[-77.173986,-11.716955],[-77.174078,-11.716723],[-77.174133,-11.716461],[-77.174182,-11.716028],[-77.174227,-11.714852],[-77.174306,-11.714401],[-77.174445,-11.714012],[-77.174621,-11.713613],[-77.174892,-11.713171],[-77.175198,-11.712786],[-77.175867,-11.71206],[-77.176348,-11.711402],[-77.176529,-11.711106],[-77.176808,-11.710446],[-77.176883,-11.710063],[-77.176996,-11.709648],[-77.177063,-11.709123],[-77.177113,-11.707324],[-77.1771,-11.706882],[-77.177174,-11.706203],[-77.177403,-11.705364],[-77.177574,-11.704904],[-77.17838,-11.703446],[-77.17874,-11.702567],[-77.17887,-11.702121],[-77.179057,-11.701161],[-77.179503,-11.696244],[-77.179683,-11.695139],[-77.179896,-11.694199],[-77.180184,-11.693312],[-77.180492,-11.692509],[-77.180807,-11.69184],[-77.18223,-11.68919],[-77.182601,-11.688395],[-77.182851,-11.687739],[-77.183061,-11.68692],[-77.183208,-11.686129],[-77.183688,-11.676972],[-77.184068,-11.670448],[-77.184152,-11.669711],[-77.184224,-11.669311],[-77.184382,-11.668703],[-77.184538,-11.668258],[-77.184842,-11.667582],[-77.185258,-11.666881],[-77.18572,-11.666268],[-77.186164,-11.665779],[-77.186753,-11.665244],[-77.191661,-11.661274],[-77.192099,-11.660966],[-77.192573,-11.66068],[-77.193385,-11.660294],[-77.196568,-11.659219],[-77.196892,-11.659086],[-77.1972,-11.65892],[-77.197615,-11.658623],[-77.197956,-11.658294],[-77.198215,-11.657968],[-77.198378,-11.657707],[-77.198516,-11.657432],[-77.198942,-11.656243],[-77.199161,-11.65576],[-77.199416,-11.65532],[-77.20003,-11.654438],[-77.200397,-11.653857],[-77.200739,-11.653203],[-77.20094,-11.652742],[-77.201203,-11.652011],[-77.201384,-11.651348],[-77.201518,-11.650623],[-77.201699,-11.649151],[-77.201771,-11.648817],[-77.201901,-11.648392],[-77.20207,-11.648008],[-77.202619,-11.647042],[-77.20285,-11.646543],[-77.202979,-11.646183],[-77.203383,-11.644824],[-77.203729,-11.643955],[-77.205423,-11.640471],[-77.206115,-11.63863],[-77.206287,-11.637937],[-77.206336,-11.637534],[-77.206355,-11.636885],[-77.206313,-11.636269],[-77.206209,-11.635447],[-77.206185,-11.634996],[-77.206262,-11.633852],[-77.206355,-11.633325],[-77.20727,-11.629628],[-77.207373,-11.628949],[-77.207419,-11.628341],[-77.207425,-11.627865],[-77.207246,-11.622533],[-77.207244,-11.621664],[-77.207365,-11.620533],[-77.207436,-11.619632],[-77.20744,-11.619103],[-77.207396,-11.618689],[-77.207066,-11.616639],[-77.207008,-11.615653],[-77.207097,-11.613689],[-77.207065,-11.613302],[-77.20698,-11.612948],[-77.20688,-11.612687],[-77.206736,-11.612407],[-77.206414,-11.611965],[-77.206028,-11.611624],[-77.205603,-11.611362],[-77.205348,-11.611246],[-77.205017,-11.611143],[-77.203202,-11.610857],[-77.202612,-11.610703],[-77.202222,-11.61057],[-77.199423,-11.609401],[-77.197124,-11.608392],[-77.196714,-11.608166],[-77.196289,-11.607853],[-77.196024,-11.6076],[-77.195798,-11.607341],[-77.195441,-11.606813],[-77.195302,-11.606537],[-77.195195,-11.606263],[-77.195051,-11.605681],[-77.194999,-11.605148],[-77.19502,-11.604641],[-77.195099,-11.604262],[-77.195289,-11.603611],[-77.195578,-11.602996],[-77.195942,-11.602421],[-77.196099,-11.602257],[-77.196458,-11.601975],[-77.196857,-11.601754],[-77.197725,-11.601462],[-77.198173,-11.601361],[-77.19863,-11.60132],[-77.198859,-11.601326],[-77.199543,-11.601399],[-77.199985,-11.60152],[-77.228472,-11.612351],[-77.229321,-11.612695],[-77.2304,-11.613081],[-77.230842,-11.6132],[-77.2313,-11.613227],[-77.231757,-11.61319],[-77.231983,-11.613157],[-77.232428,-11.613043],[-77.232642,-11.612963],[-77.23305,-11.612754],[-77.233441,-11.612518],[-77.234394,-11.611888],[-77.236788,-11.610133],[-77.237325,-11.609708],[-77.237838,-11.609256],[-77.241326,-11.605978],[-77.241839,-11.605525],[-77.248945,-11.599796],[-77.24969,-11.599267],[-77.253891,-11.596506],[-77.254617,-11.595953],[-77.255108,-11.595478],[-77.255554,-11.594962],[-77.255945,-11.594403],[-77.256179,-11.594015],[-77.25647,-11.5934],[-77.257467,-11.590871],[-77.260306,-11.583468],[-77.261334,-11.580709],[-77.261623,-11.57985],[-77.26227,-11.577213],[-77.262363,-11.577015],[-77.266375,-11.559365],[-77.266513,-11.558934],[-77.266711,-11.558527],[-77.266856,-11.558105],[-77.267188,-11.55727],[-77.267309,-11.557078],[-77.267466,-11.556914],[-77.267652,-11.556782],[-77.26786,-11.556687],[-77.268737,-11.556421],[-77.270142,-11.555653],[-77.272905,-11.554036],[-77.273285,-11.553782],[-77.273828,-11.553365],[-77.274323,-11.552894],[-77.274783,-11.552391],[-77.275063,-11.552032],[-77.277335,-11.548906],[-77.27779,-11.548121],[-77.279236,-11.545295],[-77.281332,-11.540769],[-77.28186,-11.539765],[-77.283082,-11.537589],[-77.283619,-11.53659],[-77.288545,-11.52663],[-77.289065,-11.525622],[-77.289555,-11.524857],[-77.295734,-11.515599],[-77.295968,-11.51521],[-77.296336,-11.514382],[-77.303444,-11.494555],[-77.30362,-11.4939],[-77.304274,-11.49034],[-77.304494,-11.489462],[-77.306214,-11.484546],[-77.307599,-11.480712],[-77.308864,-11.477076],[-77.309058,-11.476192],[-77.309149,-11.475293],[-77.309124,-11.474163],[-77.309002,-11.472132],[-77.309009,-11.471454],[-77.30907,-11.470778],[-77.309248,-11.470123],[-77.311693,-11.463301],[-77.311965,-11.462678],[-77.312075,-11.46248],[-77.312341,-11.462111],[-77.312627,-11.461758],[-77.313121,-11.461285],[-77.313677,-11.460886],[-77.314081,-11.46067],[-77.341355,-11.448731],[-77.344525,-11.447406],[-77.349343,-11.445278],[-77.350346,-11.444729],[-77.351118,-11.444238],[-77.352411,-11.443299],[-77.353123,-11.442728],[-77.354133,-11.441805],[-77.355244,-11.440663],[-77.358696,-11.437032],[-77.360911,-11.434738],[-77.361357,-11.434221],[-77.361624,-11.433853],[-77.362124,-11.433095],[-77.363286,-11.431145],[-77.364157,-11.429815],[-77.365542,-11.427469],[-77.366494,-11.425922],[-77.367115,-11.424972],[-77.371128,-11.418378],[-77.371544,-11.417572],[-77.371629,-11.417363],[-77.371928,-11.416508],[-77.372101,-11.415852],[-77.372132,-11.415629],[-77.37232,-11.415217],[-77.372589,-11.414851],[-77.373751,-11.413758],[-77.374197,-11.413243],[-77.374587,-11.412684],[-77.376022,-11.410368],[-77.376283,-11.409996],[-77.37673,-11.40948],[-77.377077,-11.409185],[-77.377454,-11.408927],[-77.37786,-11.408716],[-77.378074,-11.408634],[-77.378516,-11.408513],[-77.378969,-11.408442],[-77.379426,-11.408414],[-77.379655,-11.408429],[-77.380108,-11.4085],[-77.38033,-11.408557],[-77.380765,-11.408699],[-77.380973,-11.408795],[-77.38354,-11.410294],[-77.384164,-11.410581],[-77.384817,-11.410795],[-77.38549,-11.410938],[-77.385947,-11.410967],[-77.386406,-11.410949],[-77.387091,-11.410884],[-77.387763,-11.410736],[-77.388411,-11.410508],[-77.389026,-11.410202],[-77.389758,-11.409657],[-77.390638,-11.408931],[-77.391266,-11.408272],[-77.391647,-11.407708],[-77.391956,-11.407102],[-77.392105,-11.406675],[-77.392203,-11.406004],[-77.392219,-11.405326],[-77.392165,-11.40465],[-77.391774,-11.402193],[-77.391718,-11.401744],[-77.391661,-11.400842],[-77.391688,-11.399485],[-77.391882,-11.39746],[-77.39196,-11.397014],[-77.392137,-11.396359],[-77.392356,-11.395716],[-77.392625,-11.395092],[-77.393057,-11.394294],[-77.393429,-11.393724],[-77.395493,-11.391009],[-77.395799,-11.390672],[-77.396135,-11.390364],[-77.396513,-11.390108],[-77.396921,-11.3899],[-77.397564,-11.389663],[-77.398014,-11.389575],[-77.398472,-11.389551],[-77.398926,-11.389614],[-77.399372,-11.389721],[-77.399803,-11.389875],[-77.400212,-11.390079],[-77.400592,-11.390333],[-77.400944,-11.390622],[-77.405142,-11.394802],[-77.405832,-11.395397],[-77.406385,-11.395802],[-77.406775,-11.396041],[-77.40738,-11.396364],[-77.407797,-11.396554],[-77.408661,-11.396859],[-77.409103,-11.396981],[-77.409776,-11.397125],[-77.416153,-11.397924],[-77.416841,-11.397959],[-77.41707,-11.397946],[-77.417528,-11.397914],[-77.418438,-11.397796],[-77.419338,-11.397615],[-77.420212,-11.397339],[-77.420847,-11.397078],[-77.421667,-11.396671],[-77.422253,-11.396316],[-77.423179,-11.395647],[-77.423522,-11.395347],[-77.424159,-11.394696],[-77.424463,-11.394357],[-77.42529,-11.393272],[-77.431421,-11.384804],[-77.442649,-11.369362],[-77.443953,-11.367502],[-77.45117,-11.357574],[-77.473011,-11.32737],[-77.481419,-11.31578],[-77.487512,-11.307285],[-77.549343,-11.221856],[-77.554698,-11.214509],[-77.556551,-11.211922],[-77.574148,-11.187624],[-77.574924,-11.186503],[-77.592244,-11.159037],[-77.59355,-11.156908],[-77.59432,-11.155519],[-77.594921,-11.154298],[-77.595619,-11.152625],[-77.596146,-11.15113],[-77.596341,-11.15048],[-77.596813,-11.148499],[-77.597077,-11.146938],[-77.59734,-11.144237],[-77.597336,-11.143107],[-77.597273,-11.141752],[-77.597176,-11.140399],[-77.596645,-11.13568],[-77.596501,-11.135017],[-77.593952,-11.126564],[-77.593738,-11.125454],[-77.593654,-11.124327],[-77.593688,-11.123197],[-77.593978,-11.120045],[-77.593952,-11.119141],[-77.593749,-11.1178],[-77.593447,-11.11671],[-77.592717,-11.11386],[-77.59034,-11.104891],[-77.589507,-11.102543],[-77.588833,-11.101107],[-77.584764,-11.093252],[-77.584378,-11.092432],[-77.584032,-11.091594],[-77.583542,-11.090087],[-77.58338,-11.089428],[-77.583003,-11.087427],[-77.582346,-11.082268],[-77.582261,-11.081367],[-77.582226,-11.08069],[-77.582241,-11.079786],[-77.582297,-11.07911],[-77.582408,-11.078212],[-77.582595,-11.077327],[-77.582837,-11.076455],[-77.583138,-11.075601],[-77.583717,-11.074124],[-77.584164,-11.073083],[-77.584454,-11.072225],[-77.584787,-11.071383],[-77.586547,-11.067206],[-77.588192,-11.062985],[-77.588683,-11.061478],[-77.589021,-11.060163],[-77.589182,-11.059273],[-77.589267,-11.0586],[-77.589361,-11.057247],[-77.58937,-11.056569],[-77.589325,-11.055213],[-77.588829,-11.049128],[-77.588769,-11.046869],[-77.588852,-11.045515],[-77.588963,-11.044389],[-77.589103,-11.043496],[-77.589234,-11.04283],[-77.589587,-11.041286],[-77.591322,-11.034722],[-77.592389,-11.03079],[-77.592585,-11.03014],[-77.59282,-11.029503],[-77.593185,-11.028673],[-77.593722,-11.027674],[-77.596152,-11.023837],[-77.597996,-11.020973],[-77.598634,-11.020033],[-77.599462,-11.01895],[-77.600951,-11.017229],[-77.602085,-11.016107],[-77.60462,-11.013811],[-77.606496,-11.012146],[-77.609148,-11.009644],[-77.611013,-11.007966],[-77.611667,-11.007331],[-77.614524,-11.004713],[-77.614872,-11.004417],[-77.615418,-11.004005],[-77.621895,-10.999714],[-77.636227,-10.990314],[-77.641746,-10.986647],[-77.642117,-10.98638],[-77.642644,-10.985944],[-77.642979,-10.985635],[-77.643441,-10.985132],[-77.644129,-10.984228],[-77.644486,-10.983648],[-77.644693,-10.983245],[-77.645054,-10.982414],[-77.645204,-10.981986],[-77.645391,-10.981333],[-77.645525,-10.980668],[-77.645615,-10.979769],[-77.646184,-10.964631],[-77.646929,-10.945653],[-77.647026,-10.944982],[-77.647335,-10.94366],[-77.648341,-10.939946],[-77.649004,-10.937313],[-77.649366,-10.936004],[-77.651724,-10.92703],[-77.65211,-10.925728],[-77.652361,-10.925096],[-77.652759,-10.924282],[-77.652989,-10.92389],[-77.653372,-10.923326],[-77.653803,-10.922798],[-77.654111,-10.922463],[-77.654774,-10.921837],[-77.656481,-10.920325],[-77.657474,-10.919385],[-77.66055,-10.916339],[-77.66099,-10.915817],[-77.66152,-10.915079],[-77.682689,-10.881184],[-77.683376,-10.880009],[-77.683984,-10.878792],[-77.684263,-10.878172],[-77.684668,-10.877114],[-77.685005,-10.876033],[-77.687357,-10.86776],[-77.68819,-10.864938],[-77.689834,-10.859996],[-77.699744,-10.829647],[-77.70026,-10.827911],[-77.700512,-10.826809],[-77.700656,-10.825916],[-77.700752,-10.825016],[-77.700807,-10.824114],[-77.700816,-10.823436],[-77.700765,-10.82208],[-77.700427,-10.817344],[-77.700341,-10.815311],[-77.700383,-10.813503],[-77.700432,-10.812826],[-77.70068,-10.810806],[-77.700839,-10.809916],[-77.701025,-10.80903],[-77.701426,-10.807498],[-77.701911,-10.805988],[-77.70257,-10.8043],[-77.705955,-10.796875],[-77.706534,-10.795644],[-77.707043,-10.794631],[-77.707609,-10.793647],[-77.707985,-10.793079],[-77.708932,-10.791801],[-77.712462,-10.787634],[-77.713469,-10.786401],[-77.71483,-10.78458],[-77.718746,-10.779],[-77.719576,-10.777917],[-77.720025,-10.777403],[-77.720662,-10.776752],[-77.725237,-10.772633],[-77.725555,-10.772307],[-77.726264,-10.771418],[-77.72675,-10.770651],[-77.72715,-10.769837],[-77.729251,-10.764821],[-77.729558,-10.764214],[-77.729902,-10.763626],[-77.730646,-10.762485],[-77.74625,-10.74123],[-77.747358,-10.739788],[-77.748359,-10.73855],[-77.758601,-10.726354],[-77.759309,-10.725464],[-77.765126,-10.71789],[-77.771332,-10.709756],[-77.772317,-10.708506],[-77.773652,-10.706952],[-77.77458,-10.70595],[-77.780364,-10.700136],[-77.781794,-10.698667],[-77.782402,-10.697989],[-77.782833,-10.69746],[-77.783378,-10.696732],[-77.784127,-10.695594],[-77.784468,-10.695004],[-77.785088,-10.693793],[-77.79051,-10.682562],[-77.791037,-10.681309],[-77.791788,-10.679173],[-77.791911,-10.678737],[-77.792819,-10.673845],[-77.792888,-10.673629],[-77.792983,-10.673424],[-77.793364,-10.672861],[-77.793434,-10.672648],[-77.793457,-10.672423],[-77.79338,-10.672215],[-77.793362,-10.67199],[-77.793563,-10.671593],[-77.793657,-10.671151],[-77.794391,-10.669009],[-77.794497,-10.668809],[-77.794791,-10.668464],[-77.794971,-10.668324],[-77.795384,-10.668129],[-77.806104,-10.664084],[-77.806767,-10.663905],[-77.807452,-10.66384],[-77.807676,-10.663791],[-77.807884,-10.663698],[-77.808064,-10.663558],[-77.808182,-10.663376],[-77.808327,-10.663206],[-77.808523,-10.663094],[-77.808976,-10.663072],[-77.809198,-10.663017],[-77.8098,-10.66269],[-77.813668,-10.661259],[-77.814554,-10.661022],[-77.837004,-10.656283],[-77.838122,-10.656029],[-77.838337,-10.65595],[-77.838965,-10.655671],[-77.84242,-10.653884],[-77.843206,-10.653417],[-77.848453,-10.649381],[-77.848824,-10.649114],[-77.851583,-10.64749],[-77.853972,-10.646139],[-77.854353,-10.645888],[-77.854521,-10.645734],[-77.854666,-10.64556],[-77.854788,-10.645369],[-77.854954,-10.644949],[-77.854992,-10.644727],[-77.855109,-10.64383],[-77.85517,-10.643154],[-77.85517,-10.642928],[-77.855168,-10.642702],[-77.855114,-10.642253],[-77.854695,-10.640725],[-77.854593,-10.640285],[-77.85453,-10.639837],[-77.854547,-10.639386],[-77.85465,-10.638946],[-77.854728,-10.638734],[-77.854942,-10.638335],[-77.855327,-10.637773],[-77.858353,-10.633791],[-77.860435,-10.631089],[-77.860697,-10.630718],[-77.860913,-10.63032],[-77.869647,-10.609655],[-77.8705,-10.607556],[-77.870748,-10.606685],[-77.870886,-10.606021],[-77.870985,-10.605122],[-77.871099,-10.60309],[-77.871091,-10.602412],[-77.871131,-10.601509],[-77.87115,-10.599022],[-77.871248,-10.595858],[-77.87124,-10.595406],[-77.871194,-10.594956],[-77.871108,-10.594512],[-77.870978,-10.594079],[-77.870577,-10.59302],[-77.868942,-10.588314],[-77.868772,-10.587656],[-77.868729,-10.587207],[-77.868643,-10.582234],[-77.86867,-10.581556],[-77.868738,-10.58111],[-77.86885,-10.580671],[-77.869223,-10.579602],[-77.871979,-10.571213],[-77.872713,-10.569071],[-77.874551,-10.563478],[-77.874797,-10.562844],[-77.874999,-10.562439],[-77.875377,-10.561872],[-77.875855,-10.561385],[-77.878038,-10.559729],[-77.879142,-10.558918],[-77.879858,-10.558351],[-77.881336,-10.557278],[-77.882011,-10.556665],[-77.882303,-10.556316],[-77.882537,-10.555929],[-77.882829,-10.555315],[-77.883807,-10.552538],[-77.884452,-10.550605],[-77.885133,-10.548683],[-77.886362,-10.545035],[-77.894375,-10.521689],[-77.894631,-10.52106],[-77.894852,-10.520664],[-77.895099,-10.520282],[-77.911015,-10.497037],[-77.911364,-10.496453],[-77.911658,-10.49584],[-77.913134,-10.492282],[-77.913601,-10.491249],[-77.913968,-10.490179],[-77.914166,-10.489066],[-77.914288,-10.487261],[-77.914582,-10.483882],[-77.914711,-10.482078],[-77.914708,-10.4814],[-77.914612,-10.480501],[-77.914567,-10.479372],[-77.914928,-10.475772],[-77.914991,-10.475324],[-77.915662,-10.472462],[-77.915676,-10.471785],[-77.915537,-10.470436],[-77.915564,-10.469307],[-77.915621,-10.468858],[-77.915672,-10.467955],[-77.915939,-10.464574],[-77.916,-10.464126],[-77.916117,-10.46369],[-77.916193,-10.463477],[-77.91708,-10.461893],[-77.917558,-10.461122],[-77.917751,-10.460712],[-77.918236,-10.459944],[-77.923719,-10.450532],[-77.924398,-10.449622],[-77.927942,-10.446078],[-77.928718,-10.445245],[-77.928964,-10.444864],[-77.929481,-10.443855],[-77.929733,-10.443225],[-77.930048,-10.441214],[-77.930292,-10.439879],[-77.930555,-10.438089],[-77.930573,-10.437639],[-77.930493,-10.437194],[-77.93042,-10.436981],[-77.927827,-10.430942],[-77.927629,-10.430534],[-77.927393,-10.430146],[-77.927253,-10.429968],[-77.925608,-10.428081],[-77.925334,-10.427718],[-77.925118,-10.42732],[-77.924966,-10.426894],[-77.924414,-10.424933],[-77.924396,-10.42471],[-77.924408,-10.424484],[-77.92445,-10.424262],[-77.924501,-10.424042],[-77.92459,-10.423834],[-77.924715,-10.423644],[-77.925431,-10.422761],[-77.925764,-10.422451],[-77.926157,-10.422221],[-77.926375,-10.422151],[-77.926601,-10.422114],[-77.927979,-10.422101],[-77.944509,-10.422249],[-77.945196,-10.422214],[-77.945876,-10.422104],[-77.946755,-10.421847],[-77.952093,-10.419767],[-77.963387,-10.415307],[-77.963803,-10.415117],[-77.963998,-10.414999],[-77.964358,-10.41472],[-77.964687,-10.414405],[-77.964966,-10.414047],[-77.965182,-10.413649],[-77.965327,-10.41322],[-77.965376,-10.413],[-77.965568,-10.412115],[-77.965814,-10.410781],[-77.966198,-10.409012],[-77.966272,-10.4088],[-77.966484,-10.408398],[-77.966729,-10.408016],[-77.967014,-10.407663],[-77.967343,-10.407348],[-77.967902,-10.406953],[-77.977723,-10.40155],[-77.979746,-10.400482],[-77.980333,-10.400128],[-77.981148,-10.399712],[-77.982311,-10.398986],[-77.982853,-10.398567],[-77.984221,-10.39736],[-77.985206,-10.396412],[-77.986064,-10.395661],[-77.986545,-10.395177],[-77.988891,-10.393012],[-77.99121,-10.390821],[-77.991725,-10.390371],[-77.99606,-10.38633],[-77.99799,-10.384393],[-78.00047,-10.38204],[-78.001768,-10.380761],[-78.002459,-10.380166],[-78.004272,-10.378435],[-78.005658,-10.377248],[-78.007619,-10.375681],[-78.009019,-10.37451],[-78.010115,-10.373688],[-78.010281,-10.373532],[-78.010606,-10.373213],[-78.010876,-10.372849],[-78.010987,-10.372651],[-78.011073,-10.372441],[-78.011388,-10.371592],[-78.011485,-10.371389],[-78.011757,-10.371025],[-78.011912,-10.370859],[-78.013623,-10.369352],[-78.015415,-10.3676],[-78.015607,-10.367477],[-78.015781,-10.367332],[-78.015923,-10.367154],[-78.016087,-10.366997],[-78.017276,-10.365933],[-78.01781,-10.365504],[-78.018375,-10.365116],[-78.019951,-10.364187],[-78.020327,-10.363928],[-78.020846,-10.363483],[-78.021243,-10.362931],[-78.021535,-10.362317],[-78.021614,-10.362105],[-78.021769,-10.361444],[-78.021828,-10.36077],[-78.021718,-10.3601],[-78.021599,-10.359663],[-78.021145,-10.358383],[-78.020897,-10.35775],[-78.020471,-10.356461],[-78.02037,-10.35602],[-78.020355,-10.355568],[-78.020457,-10.354898],[-78.020716,-10.35427],[-78.021075,-10.353693],[-78.021391,-10.353366],[-78.022113,-10.352808],[-78.022317,-10.352704],[-78.022752,-10.352563],[-78.023203,-10.352479],[-78.02366,-10.352441],[-78.025727,-10.352423],[-78.026184,-10.352393],[-78.026851,-10.352224],[-78.027275,-10.352052],[-78.027671,-10.351825],[-78.028342,-10.351208],[-78.02861,-10.350841],[-78.028935,-10.350244],[-78.029485,-10.349001],[-78.029738,-10.348623],[-78.030022,-10.348269],[-78.030499,-10.34778],[-78.030847,-10.347486],[-78.031236,-10.347246],[-78.031856,-10.346951],[-78.03251,-10.346741],[-78.034529,-10.346309],[-78.035196,-10.346137],[-78.036321,-10.345912],[-78.039906,-10.345126],[-78.040349,-10.345008],[-78.040774,-10.344835],[-78.041358,-10.344477],[-78.041717,-10.344197],[-78.042046,-10.343882],[-78.042632,-10.343186],[-78.043106,-10.342411],[-78.043607,-10.341653],[-78.044199,-10.340685],[-78.044418,-10.340288],[-78.045487,-10.337788],[-78.046346,-10.335938],[-78.046495,-10.33551],[-78.046694,-10.335103],[-78.047228,-10.333852],[-78.04763,-10.33304],[-78.047889,-10.332411],[-78.048114,-10.33177],[-78.048312,-10.330887],[-78.048475,-10.329769],[-78.048595,-10.328191],[-78.04861,-10.327739],[-78.04872,-10.326613],[-78.048816,-10.326172],[-78.04896,-10.325743],[-78.049143,-10.325329],[-78.049876,-10.32418],[-78.050103,-10.323787],[-78.050633,-10.32305],[-78.051339,-10.321886],[-78.051675,-10.321045],[-78.051709,-10.320821],[-78.05172,-10.320144],[-78.051666,-10.319696],[-78.051599,-10.31948],[-78.05144,-10.319056],[-78.051213,-10.318663],[-78.050947,-10.318295],[-78.050647,-10.317953],[-78.050153,-10.317481],[-78.049802,-10.31719],[-78.04942,-10.316939],[-78.04902,-10.316716],[-78.04817,-10.316373],[-78.043608,-10.314837],[-78.043189,-10.314654],[-78.042809,-10.3144],[-78.042484,-10.314083],[-78.042345,-10.313903],[-78.042032,-10.3133],[-78.041927,-10.312861],[-78.041907,-10.312636],[-78.041904,-10.31241],[-78.041938,-10.312186],[-78.042056,-10.311749],[-78.042143,-10.311542],[-78.042252,-10.311343],[-78.042387,-10.31116],[-78.042701,-10.310832],[-78.042883,-10.310694],[-78.044211,-10.309803],[-78.045293,-10.308964],[-78.046842,-10.307617],[-78.048252,-10.30613],[-78.049522,-10.304525],[-78.049896,-10.303956],[-78.050006,-10.303758],[-78.050184,-10.303342],[-78.050328,-10.302679],[-78.050331,-10.302228],[-78.050277,-10.30178],[-78.050142,-10.301347],[-78.05005,-10.30114],[-78.049829,-10.300745],[-78.049694,-10.300562],[-78.049386,-10.300227],[-78.047927,-10.299129],[-78.04741,-10.298683],[-78.047258,-10.298513],[-78.047001,-10.298139],[-78.046887,-10.297943],[-78.046699,-10.297531],[-78.045861,-10.295185],[-78.043979,-10.289606],[-78.042638,-10.285757],[-78.039641,-10.276969],[-78.039221,-10.275677],[-78.03846,-10.273786],[-78.037774,-10.271866],[-78.037364,-10.270571],[-78.037056,-10.269482],[-78.036127,-10.266689],[-78.035679,-10.265407],[-78.03557,-10.264968],[-78.035494,-10.264523],[-78.035445,-10.26362],[-78.035607,-10.260686],[-78.035754,-10.259337],[-78.035941,-10.258222],[-78.036211,-10.253935],[-78.036542,-10.249425],[-78.036671,-10.246941],[-78.036772,-10.245815],[-78.037056,-10.241076],[-78.037339,-10.237242],[-78.037572,-10.235448],[-78.03819,-10.231653],[-78.038623,-10.228745],[-78.03888,-10.227183],[-78.039174,-10.225627],[-78.039231,-10.225409],[-78.039471,-10.224773],[-78.039768,-10.224162],[-78.040028,-10.22379],[-78.042406,-10.220741],[-78.043644,-10.219113],[-78.044081,-10.218588],[-78.044484,-10.218038],[-78.04727,-10.214444],[-78.047799,-10.213705],[-78.048151,-10.213122],[-78.048256,-10.212922],[-78.048595,-10.211842],[-78.048766,-10.210954],[-78.049234,-10.208051],[-78.049548,-10.206269],[-78.04997,-10.203588],[-78.050139,-10.20293],[-78.05036,-10.202289],[-78.050661,-10.201679],[-78.050916,-10.201304],[-78.052157,-10.199677],[-78.052588,-10.199147],[-78.05312,-10.19841],[-78.054107,-10.197162],[-78.054732,-10.1965],[-78.055594,-10.195754],[-78.059124,-10.192863],[-78.060905,-10.191436],[-78.061581,-10.190823],[-78.062067,-10.190343],[-78.063121,-10.189148],[-78.063602,-10.188664],[-78.064046,-10.188145],[-78.065286,-10.186811],[-78.06572,-10.186284],[-78.066794,-10.185107],[-78.067594,-10.184296],[-78.06859,-10.18336],[-78.077606,-10.174653],[-78.078281,-10.174039],[-78.079244,-10.173069],[-78.086142,-10.166434],[-78.086618,-10.165943],[-78.087956,-10.164704],[-78.088761,-10.163899],[-78.095159,-10.15773],[-78.096487,-10.156481],[-78.097943,-10.155037],[-78.100087,-10.152992],[-78.100703,-10.152321],[-78.101203,-10.151855],[-78.101913,-10.151282],[-78.102691,-10.150802],[-78.103899,-10.15015],[-78.10469,-10.149691],[-78.10582,-10.148916],[-78.106735,-10.148233],[-78.113955,-10.142644],[-78.114654,-10.142057],[-78.115151,-10.141588],[-78.115601,-10.141074],[-78.116027,-10.140541],[-78.116153,-10.140353],[-78.132152,-10.115006],[-78.132772,-10.114055],[-78.133728,-10.11251],[-78.135563,-10.10964],[-78.136563,-10.10786],[-78.138065,-10.104809],[-78.139149,-10.102562],[-78.139519,-10.101735],[-78.140029,-10.100722],[-78.140142,-10.100525],[-78.14042,-10.100166],[-78.140674,-10.099791],[-78.142079,-10.096943],[-78.142549,-10.095912],[-78.144374,-10.092261],[-78.144945,-10.091026],[-78.145544,-10.089558],[-78.146438,-10.087232],[-78.147378,-10.084924],[-78.147978,-10.083703],[-78.148192,-10.083303],[-78.148668,-10.082529],[-78.150539,-10.079682],[-78.154857,-10.073278],[-78.155473,-10.072324],[-78.155582,-10.072126],[-78.155761,-10.07171],[-78.155882,-10.071274],[-78.156453,-10.068389],[-78.15656,-10.06795],[-78.156786,-10.066612],[-78.157572,-10.059646],[-78.157628,-10.058744],[-78.157669,-10.058521],[-78.157794,-10.057172],[-78.158303,-10.052906],[-78.158483,-10.051106],[-78.158915,-10.047286],[-78.159116,-10.046404],[-78.159297,-10.04575],[-78.160213,-10.042952],[-78.160325,-10.042515],[-78.160704,-10.041448],[-78.160864,-10.040789],[-78.160954,-10.040582],[-78.161644,-10.039408],[-78.1683,-10.02884],[-78.16883,-10.027838],[-78.16946,-10.026383],[-78.170011,-10.024658],[-78.171772,-10.017402],[-78.172186,-10.016108],[-78.172479,-10.015494],[-78.173037,-10.014506],[-78.173432,-10.013951],[-78.173878,-10.013434],[-78.174346,-10.012936],[-78.175165,-10.012144],[-78.17659,-10.010671],[-78.177243,-10.010035],[-78.177712,-10.009538],[-78.179962,-10.007278],[-78.180415,-10.006768],[-78.18112,-10.005875],[-78.181615,-10.005114],[-78.182189,-10.004135],[-78.185743,-9.997803],[-78.186327,-9.99683],[-78.187417,-9.99484],[-78.188092,-9.993657],[-78.188563,-9.992881],[-78.189068,-9.992126],[-78.190025,-9.990854],[-78.199134,-9.979789],[-78.199794,-9.978865],[-78.200135,-9.978276],[-78.200423,-9.97766],[-78.200667,-9.977026],[-78.200797,-9.976592],[-78.200999,-9.97571],[-78.201679,-9.971468],[-78.202029,-9.970156],[-78.202398,-9.969085],[-78.202675,-9.968464],[-78.203309,-9.96726],[-78.208025,-9.960032],[-78.208506,-9.959262],[-78.208725,-9.958865],[-78.208904,-9.958449],[-78.209053,-9.958021],[-78.209173,-9.957584],[-78.209588,-9.955361],[-78.209767,-9.954706],[-78.210101,-9.954115],[-78.210794,-9.953215],[-78.211045,-9.952836],[-78.211153,-9.952637],[-78.21133,-9.95222],[-78.211425,-9.951549],[-78.211488,-9.950194],[-78.211561,-9.949749],[-78.211718,-9.949324],[-78.211943,-9.94893],[-78.212205,-9.94856],[-78.215815,-9.94446],[-78.2161,-9.944106],[-78.21623,-9.94392],[-78.21644,-9.943519],[-78.216843,-9.942222],[-78.217644,-9.939157],[-78.218059,-9.937395],[-78.21946,-9.932147],[-78.219772,-9.930826],[-78.219877,-9.930155],[-78.219948,-9.929481],[-78.219978,-9.927899],[-78.219921,-9.923829],[-78.21997,-9.920891],[-78.21996,-9.917725],[-78.219866,-9.917054],[-78.219736,-9.916622],[-78.21955,-9.916209],[-78.216236,-9.910263],[-78.215665,-9.909282],[-78.212135,-9.904264],[-78.207383,-9.897604],[-78.207161,-9.897209],[-78.206988,-9.896791],[-78.206868,-9.896355],[-78.206807,-9.895908],[-78.206814,-9.895456],[-78.20688,-9.895009],[-78.207098,-9.894366],[-78.207307,-9.893964],[-78.21243,-9.884869],[-78.212728,-9.884258],[-78.21301,-9.883398],[-78.213113,-9.8825],[-78.213156,-9.879109],[-78.213118,-9.878659],[-78.213038,-9.878214],[-78.21274,-9.877359],[-78.211064,-9.873639],[-78.209074,-9.869315],[-78.208711,-9.868738],[-78.20842,-9.86839],[-78.208083,-9.868084],[-78.207899,-9.867949],[-78.199688,-9.863899],[-78.195598,-9.861844],[-78.183375,-9.85511],[-78.182803,-9.854733],[-78.182464,-9.854429],[-78.182174,-9.85408],[-78.18194,-9.853692],[-78.181847,-9.853486],[-78.181666,-9.852832],[-78.181612,-9.852384],[-78.181617,-9.851932],[-78.182139,-9.841771],[-78.182235,-9.840644],[-78.182364,-9.839749],[-78.184563,-9.828884],[-78.184657,-9.828212],[-78.18465,-9.827534],[-78.184566,-9.82709],[-78.184211,-9.826258],[-78.182275,-9.823183],[-78.181968,-9.822577],[-78.181733,-9.82194],[-78.181638,-9.821497],[-78.18155,-9.820597],[-78.181411,-9.817661],[-78.181462,-9.816985],[-78.181753,-9.814287],[-78.181768,-9.814062],[-78.181728,-9.813385],[-78.18164,-9.812942],[-78.181563,-9.812729],[-78.181245,-9.812129],[-78.179926,-9.810278],[-78.17969,-9.80989],[-78.1795,-9.809479],[-78.179383,-9.809042],[-78.179327,-9.808594],[-78.179262,-9.806334],[-78.179312,-9.805658],[-78.179471,-9.804999],[-78.179744,-9.804377],[-78.183297,-9.798566],[-78.183715,-9.798029],[-78.184046,-9.797716],[-78.184428,-9.797467],[-78.18484,-9.797267],[-78.187036,-9.796609],[-78.187713,-9.796486],[-78.188401,-9.79646],[-78.189767,-9.796636],[-78.197476,-9.797841],[-78.198616,-9.79798],[-78.199303,-9.798019],[-78.201369,-9.79798],[-78.202284,-9.797907],[-78.203183,-9.797727],[-78.209082,-9.795211],[-78.209905,-9.794811],[-78.210292,-9.794569],[-78.210826,-9.794141],[-78.211321,-9.79367],[-78.21565,-9.788989],[-78.216405,-9.788138],[-78.216684,-9.787779],[-78.216923,-9.787394],[-78.217024,-9.787191],[-78.217176,-9.786765],[-78.219396,-9.777757],[-78.219464,-9.777541],[-78.219543,-9.777329],[-78.219739,-9.77692],[-78.219848,-9.776721],[-78.219982,-9.776538],[-78.220284,-9.776198],[-78.220631,-9.775902],[-78.220821,-9.775776],[-78.22102,-9.775665],[-78.22145,-9.775507],[-78.22167,-9.775443],[-78.222122,-9.77537],[-78.222582,-9.77537],[-78.223957,-9.775439],[-78.224412,-9.7755],[-78.224862,-9.775591],[-78.22529,-9.775755],[-78.225691,-9.775974],[-78.227173,-9.777042],[-78.227565,-9.777276],[-78.227987,-9.777452],[-78.22821,-9.777507],[-78.228664,-9.777565],[-78.229123,-9.77755],[-78.22957,-9.777454],[-78.229786,-9.777376],[-78.230182,-9.77715],[-78.230369,-9.777018],[-78.230546,-9.776876],[-78.230872,-9.776557],[-78.231485,-9.775884],[-78.231759,-9.775521],[-78.231978,-9.775125],[-78.232599,-9.773666],[-78.232705,-9.773466],[-78.232979,-9.773103],[-78.235066,-9.770696],[-78.239742,-9.765412],[-78.240159,-9.764872],[-78.240752,-9.763905],[-78.241039,-9.763288],[-78.253285,-9.735003],[-78.253381,-9.734798],[-78.253633,-9.734421],[-78.253922,-9.73407],[-78.254086,-9.733911],[-78.254454,-9.733643],[-78.254863,-9.733439],[-78.256819,-9.732784],[-78.257669,-9.732442],[-78.258266,-9.732106],[-78.260172,-9.730846],[-78.260778,-9.730525],[-78.260997,-9.730456],[-78.261447,-9.730375],[-78.263968,-9.730235],[-78.264412,-9.730125],[-78.264617,-9.730024],[-78.264816,-9.729911],[-78.264999,-9.729775],[-78.265333,-9.729467],[-78.266089,-9.728616],[-78.266493,-9.728068],[-78.266717,-9.727673],[-78.266915,-9.727265],[-78.281724,-9.693913],[-78.282117,-9.692852],[-78.282165,-9.692631],[-78.28221,-9.691955],[-78.282155,-9.691279],[-78.281983,-9.689933],[-78.28185,-9.689501],[-78.281761,-9.689292],[-78.28154,-9.688896],[-78.277864,-9.68343],[-78.277384,-9.682659],[-78.274445,-9.677284],[-78.273484,-9.675483],[-78.273203,-9.674864],[-78.268135,-9.661041],[-78.267703,-9.659994],[-78.267496,-9.65959],[-78.267259,-9.659203],[-78.266973,-9.65885],[-78.266658,-9.658521],[-78.266494,-9.658363],[-78.263347,-9.655726],[-78.262839,-9.655267],[-78.262381,-9.654762],[-78.26199,-9.654204],[-78.261664,-9.653607],[-78.261415,-9.652976],[-78.2598,-9.647788],[-78.259624,-9.647132],[-78.259487,-9.646468],[-78.25815,-9.637064],[-78.257981,-9.63549],[-78.257865,-9.632326],[-78.25749,-9.61854],[-78.257452,-9.615375],[-78.25745,-9.61334],[-78.257309,-9.608594],[-78.257243,-9.605203],[-78.257288,-9.604527],[-78.258179,-9.597346],[-78.2582,-9.596894],[-78.258187,-9.596668],[-78.258109,-9.596224],[-78.258042,-9.596008],[-78.257863,-9.595592],[-78.257634,-9.5952],[-78.255998,-9.592742],[-78.25579,-9.592339],[-78.255722,-9.592124],[-78.255578,-9.591461],[-78.254484,-9.584307],[-78.2544,-9.583634],[-78.254371,-9.582956],[-78.25439,-9.582731],[-78.254687,-9.579806],[-78.254821,-9.578912],[-78.256213,-9.5725],[-78.256471,-9.571398],[-78.256746,-9.570536],[-78.256992,-9.569902],[-78.260913,-9.561475],[-78.261224,-9.56087],[-78.261692,-9.560092],[-78.264152,-9.556544],[-78.264424,-9.55618],[-78.264718,-9.555833],[-78.265038,-9.555509],[-78.266581,-9.554156],[-78.267055,-9.553665],[-78.267337,-9.553308],[-78.269018,-9.55088],[-78.269242,-9.550485],[-78.269536,-9.549872],[-78.270979,-9.546545],[-78.27253,-9.542773],[-78.27563,-9.535473],[-78.276046,-9.534667],[-78.276409,-9.534091],[-78.279977,-9.529098],[-78.283838,-9.523757],[-78.286188,-9.520688],[-78.286343,-9.520524],[-78.286525,-9.520387],[-78.286687,-9.52023],[-78.287064,-9.519663],[-78.287399,-9.51907],[-78.287572,-9.518653],[-78.28768,-9.518214],[-78.287735,-9.517766],[-78.287745,-9.517314],[-78.287728,-9.517088],[-78.287656,-9.516642],[-78.287425,-9.516005],[-78.286829,-9.514782],[-78.284436,-9.510147],[-78.282211,-9.505934],[-78.27782,-9.49748],[-78.277046,-9.496093],[-78.275189,-9.493237],[-78.274639,-9.492245],[-78.272952,-9.488779],[-78.272601,-9.487944],[-78.272547,-9.487724],[-78.272522,-9.487499],[-78.272548,-9.487048],[-78.272659,-9.48661],[-78.273031,-9.485784],[-78.27333,-9.485173],[-78.27345,-9.484982],[-78.273601,-9.484812],[-78.273788,-9.484684],[-78.274007,-9.484619],[-78.274223,-9.484559],[-78.274912,-9.484551],[-78.275139,-9.484575],[-78.275582,-9.484695],[-78.276641,-9.48513],[-78.276862,-9.485188],[-78.277317,-9.485222],[-78.277988,-9.485068],[-78.281518,-9.484066],[-78.286829,-9.482621],[-78.289029,-9.481973],[-78.292118,-9.481099],[-78.292325,-9.481002],[-78.292505,-9.480863],[-78.292643,-9.480683],[-78.294079,-9.478107],[-78.294732,-9.476913],[-78.294917,-9.476503],[-78.295793,-9.474913],[-78.295873,-9.474702],[-78.295906,-9.474482],[-78.296007,-9.474302],[-78.296232,-9.474326],[-78.296907,-9.474458],[-78.299647,-9.474738],[-78.303494,-9.475386],[-78.305763,-9.475731],[-78.305851,-9.475574],[-78.306016,-9.474684],[-78.306158,-9.474255],[-78.306271,-9.474058],[-78.306418,-9.473885],[-78.306587,-9.473732],[-78.307596,-9.473193],[-78.310469,-9.471774],[-78.311067,-9.471439],[-78.311623,-9.471038],[-78.313912,-9.469153],[-78.314482,-9.468772],[-78.315267,-9.468303],[-78.334089,-9.457448],[-78.334696,-9.457129],[-78.338272,-9.455089],[-78.339835,-9.45414],[-78.345985,-9.450612],[-78.346923,-9.44996],[-78.347456,-9.449532],[-78.347653,-9.449416],[-78.34828,-9.448756],[-78.348998,-9.447875],[-78.349132,-9.447692],[-78.349487,-9.447111],[-78.351014,-9.444852],[-78.351621,-9.443893],[-78.355136,-9.438592],[-78.356118,-9.437064],[-78.357391,-9.435182],[-78.361141,-9.429493],[-78.362749,-9.427017],[-78.364149,-9.424946],[-78.364618,-9.42417],[-78.365264,-9.423235],[-78.365607,-9.422647],[-78.366626,-9.420621],[-78.369851,-9.41362],[-78.371419,-9.410349],[-78.385106,-9.380962],[-78.385494,-9.379898],[-78.385606,-9.37946],[-78.385783,-9.378573],[-78.3878,-9.366756],[-78.387865,-9.36608],[-78.387908,-9.365861],[-78.388007,-9.365657],[-78.38805,-9.365436],[-78.38839,-9.3632],[-78.388564,-9.362544],[-78.388776,-9.360975],[-78.388932,-9.360315],[-78.389497,-9.358594],[-78.390084,-9.357368],[-78.390522,-9.356573],[-78.391238,-9.355414],[-78.391437,-9.355007],[-78.391812,-9.354439],[-78.391896,-9.354231],[-78.391912,-9.354007],[-78.391856,-9.353563],[-78.391929,-9.353351],[-78.392089,-9.353191],[-78.392308,-9.35313],[-78.392511,-9.353026],[-78.392688,-9.352882],[-78.392971,-9.352527],[-78.393098,-9.352339],[-78.394457,-9.34998],[-78.395087,-9.349034],[-78.3953,-9.348634],[-78.395486,-9.348221],[-78.395722,-9.347584],[-78.395911,-9.346932],[-78.396143,-9.345825],[-78.396187,-9.344923],[-78.396264,-9.344479],[-78.396403,-9.344049],[-78.396499,-9.343843],[-78.396955,-9.342563],[-78.397402,-9.341522],[-78.397684,-9.341168],[-78.398331,-9.340526],[-78.398473,-9.340351],[-78.398564,-9.340144],[-78.398617,-9.339925],[-78.39863,-9.3397],[-78.398606,-9.339476],[-78.398466,-9.339047],[-78.398201,-9.338421],[-78.39807,-9.337988],[-78.398031,-9.337766],[-78.397963,-9.336864],[-78.397969,-9.336412],[-78.397996,-9.336188],[-78.398192,-9.335539],[-78.39839,-9.335132],[-78.399583,-9.33347],[-78.39981,-9.333077],[-78.399996,-9.332664],[-78.400069,-9.33245],[-78.400402,-9.331134],[-78.400476,-9.33092],[-78.400665,-9.330509],[-78.400921,-9.330135],[-78.401225,-9.329796],[-78.401579,-9.329508],[-78.405266,-9.326812],[-78.405438,-9.326663],[-78.405751,-9.326333],[-78.405876,-9.326144],[-78.405994,-9.325951],[-78.406168,-9.325533],[-78.406329,-9.324874],[-78.406358,-9.324423],[-78.406331,-9.323973],[-78.405638,-9.319731],[-78.405336,-9.318177],[-78.40512,-9.317299],[-78.403715,-9.312521],[-78.403625,-9.312078],[-78.40356,-9.311403],[-78.403577,-9.310725],[-78.403671,-9.310054],[-78.403834,-9.309395],[-78.404058,-9.308754],[-78.404376,-9.308153],[-78.404862,-9.307386],[-78.405132,-9.307021],[-78.405877,-9.30616],[-78.409975,-9.30158],[-78.410402,-9.301048],[-78.41066,-9.300674],[-78.411099,-9.29988],[-78.413168,-9.295096],[-78.413382,-9.294696],[-78.414297,-9.293395],[-78.414414,-9.293201],[-78.414605,-9.29279],[-78.414683,-9.292578],[-78.41479,-9.292138],[-78.415189,-9.290142],[-78.41536,-9.289485],[-78.415819,-9.287968],[-78.41592,-9.287527],[-78.415949,-9.287303],[-78.415934,-9.2864],[-78.41566,-9.283474],[-78.415676,-9.282796],[-78.415778,-9.282126],[-78.415828,-9.281906],[-78.418185,-9.274577],[-78.418508,-9.273731],[-78.418715,-9.273328],[-78.418837,-9.273136],[-78.419243,-9.272589],[-78.425577,-9.265732],[-78.433331,-9.257395],[-78.433744,-9.256854],[-78.434046,-9.256245],[-78.434305,-9.255873],[-78.434458,-9.255704],[-78.434575,-9.255511],[-78.434701,-9.255081],[-78.434834,-9.254902],[-78.435039,-9.254808],[-78.435497,-9.2548],[-78.435715,-9.254733],[-78.435908,-9.254612],[-78.441019,-9.249104],[-78.441441,-9.248569],[-78.44176,-9.248244],[-78.441861,-9.248042],[-78.44191,-9.247822],[-78.441924,-9.247597],[-78.442026,-9.247396],[-78.442211,-9.247268],[-78.442433,-9.247218],[-78.442648,-9.247138],[-78.442847,-9.247027],[-78.443025,-9.246885],[-78.443179,-9.246717],[-78.443454,-9.246356],[-78.447823,-9.239446],[-78.448015,-9.239036],[-78.448152,-9.238605],[-78.448308,-9.237257],[-78.448986,-9.229599],[-78.449121,-9.227795],[-78.449421,-9.224644],[-78.449556,-9.22284],[-78.449708,-9.221265],[-78.449948,-9.218335],[-78.450301,-9.214735],[-78.450444,-9.214072],[-78.450697,-9.213442],[-78.45106,-9.212866],[-78.457708,-9.20365],[-78.458348,-9.202712],[-78.460589,-9.199026],[-78.461806,-9.197109],[-78.462079,-9.196746],[-78.465447,-9.192741],[-78.465581,-9.192558],[-78.466263,-9.19138],[-78.467019,-9.189732],[-78.467095,-9.189519],[-78.467277,-9.188865],[-78.467389,-9.188196],[-78.467557,-9.187777],[-78.467597,-9.187559],[-78.467599,-9.187333],[-78.467382,-9.186695],[-78.46742,-9.186472],[-78.46755,-9.186293],[-78.467747,-9.186186],[-78.467971,-9.186187],[-78.468171,-9.186274],[-78.468457,-9.186617],[-78.46865,-9.18674],[-78.468865,-9.186799],[-78.469323,-9.186837],[-78.469542,-9.18677],[-78.469714,-9.186628],[-78.470184,-9.186132],[-78.470592,-9.185586],[-78.470763,-9.185441],[-78.470956,-9.185317],[-78.471099,-9.185142],[-78.471786,-9.184237],[-78.473366,-9.182014],[-78.473915,-9.181289],[-78.47437,-9.18078],[-78.474697,-9.180462],[-78.479723,-9.175824],[-78.481424,-9.174306],[-78.481746,-9.173984],[-78.485096,-9.170892],[-78.487629,-9.168594],[-78.502229,-9.15517],[-78.504399,-9.153151],[-78.507761,-9.150072],[-78.508277,-9.149623],[-78.508766,-9.149145],[-78.532085,-9.12769],[-78.532865,-9.126861],[-78.534032,-9.125773],[-78.535092,-9.124908],[-78.553519,-9.107902],[-78.555506,-9.106022],[-78.555639,-9.105844],[-78.556294,-9.10521],[-78.557145,-9.104452],[-78.558131,-9.103505],[-78.558696,-9.102793],[-78.559182,-9.102315],[-78.559279,-9.102112],[-78.559397,-9.101683],[-78.559574,-9.101541],[-78.559765,-9.101513],[-78.559882,-9.101707],[-78.559928,-9.101925],[-78.559844,-9.102125],[-78.559587,-9.102498],[-78.559434,-9.102924],[-78.559409,-9.103146],[-78.559462,-9.104275],[-78.559394,-9.10563],[-78.559256,-9.105795],[-78.559036,-9.105842],[-78.55775,-9.105356],[-78.557803,-9.105161],[-78.557947,-9.105082],[-78.558161,-9.105164],[-78.558302,-9.105093],[-78.558376,-9.104879],[-78.558299,-9.105216],[-78.558514,-9.105296],[-78.558565,-9.105444],[-78.558708,-9.105556],[-78.558922,-9.105637],[-78.559141,-9.10569],[-78.559246,-9.105518],[-78.559323,-9.10439],[-78.559307,-9.104165],[-78.559237,-9.103952],[-78.55908,-9.10379],[-78.558697,-9.103541],[-78.558541,-9.103382],[-78.558484,-9.103167],[-78.558557,-9.102957],[-78.558858,-9.102617],[-78.559188,-9.102305],[-78.559285,-9.102102],[-78.559393,-9.101667],[-78.559582,-9.101539],[-78.560214,-9.10127],[-78.560615,-9.10105],[-78.562062,-9.099936],[-78.569464,-9.093166],[-78.56981,-9.092869],[-78.570638,-9.092087],[-78.571737,-9.090932],[-78.574595,-9.087687],[-78.575512,-9.086675],[-78.580704,-9.080635],[-78.581069,-9.080362],[-78.581496,-9.080198],[-78.590303,-9.077632],[-78.590501,-9.077556],[-78.588129,-9.069759],[-78.588005,-9.069093],[-78.587796,-9.068447],[-78.587709,-9.068006],[-78.587731,-9.067782],[-78.588032,-9.066691],[-78.588733,-9.063602],[-78.588753,-9.063382],[-78.588805,-9.063165],[-78.588918,-9.062976],[-78.58907,-9.062549],[-78.589163,-9.062107],[-78.589495,-9.060791],[-78.590419,-9.05729],[-78.590722,-9.056437],[-78.591002,-9.055817],[-78.594828,-9.049377],[-78.595095,-9.04901],[-78.595388,-9.048662],[-78.59571,-9.04834],[-78.596059,-9.048045],[-78.596438,-9.04779],[-78.596842,-9.047577],[-78.610046,-9.041762],[-78.610443,-9.041534],[-78.61063,-9.041403],[-78.610978,-9.04111],[-78.611136,-9.040946],[-78.611287,-9.040775],[-78.611552,-9.040407],[-78.611663,-9.040209],[-78.611941,-9.039589],[-78.615855,-9.029444],[-78.616083,-9.028804],[-78.616176,-9.028363],[-78.616202,-9.028139],[-78.61621,-9.027686],[-78.615613,-9.021611],[-78.615611,-9.021385],[-78.615669,-9.020937],[-78.615801,-9.020505],[-78.616011,-9.020103],[-78.61629,-9.019746],[-78.617065,-9.018912],[-78.617338,-9.018549],[-78.618993,-9.016104],[-78.619079,-9.015894],[-78.619121,-9.015673],[-78.617845,-8.996271],[-78.617708,-8.994467],[-78.617609,-8.992661],[-78.616769,-8.98048],[-78.61676,-8.979802],[-78.616829,-8.979355],[-78.617011,-8.978702],[-78.620612,-8.968685],[-78.620902,-8.96807],[-78.622385,-8.965519],[-78.62267,-8.965166],[-78.622851,-8.965028],[-78.623837,-8.964449],[-78.624604,-8.963953],[-78.625533,-8.963289],[-78.626256,-8.962731],[-78.629053,-8.960386],[-78.629357,-8.960049],[-78.629452,-8.959844],[-78.629506,-8.959624],[-78.62953,-8.9594],[-78.62967,-8.943122],[-78.629705,-8.942898],[-78.629815,-8.94246],[-78.629905,-8.942253],[-78.631384,-8.93919],[-78.633172,-8.936292],[-78.633356,-8.935879],[-78.634626,-8.932006],[-78.635228,-8.93006],[-78.635563,-8.928744],[-78.635762,-8.927861],[-78.635846,-8.927189],[-78.638495,-8.913877],[-78.640479,-8.904123],[-78.640664,-8.903007],[-78.656569,-8.822904],[-78.656696,-8.821782],[-78.656651,-8.820879],[-78.656573,-8.820433],[-78.656349,-8.819556],[-78.656184,-8.819135],[-78.64134,-8.790297],[-78.64076,-8.789067],[-78.640426,-8.788224],[-78.640136,-8.787367],[-78.639895,-8.786494],[-78.633448,-8.759651],[-78.633358,-8.759208],[-78.633275,-8.758535],[-78.633217,-8.757406],[-78.635549,-8.728331],[-78.635642,-8.727431],[-78.635973,-8.722921],[-78.636959,-8.710751],[-78.637001,-8.710529],[-78.637137,-8.710098],[-78.637346,-8.709696],[-78.637614,-8.70933],[-78.637765,-8.709159],[-78.638111,-8.708863],[-78.639483,-8.708041],[-78.639661,-8.707898],[-78.639814,-8.707731],[-78.63994,-8.707544],[-78.640026,-8.707335],[-78.640066,-8.707112],[-78.640063,-8.706887],[-78.64003,-8.706664],[-78.63982,-8.705784],[-78.639688,-8.704889],[-78.639323,-8.701062],[-78.639026,-8.699738],[-78.638876,-8.699311],[-78.638443,-8.698264],[-78.638048,-8.697447],[-78.637694,-8.696613],[-78.637486,-8.695967],[-78.636817,-8.693569],[-78.636613,-8.692921],[-78.636287,-8.692324],[-78.635684,-8.691363],[-78.63549,-8.690955],[-78.635427,-8.690738],[-78.635147,-8.689409],[-78.635001,-8.688981],[-78.634802,-8.688575],[-78.633465,-8.686737],[-78.633239,-8.686344],[-78.633148,-8.686138],[-78.633015,-8.685705],[-78.632822,-8.684821],[-78.632755,-8.684605],[-78.63266,-8.684401],[-78.632521,-8.684221],[-78.632357,-8.684064],[-78.630648,-8.682555],[-78.630333,-8.682226],[-78.629894,-8.681703],[-78.629528,-8.681129],[-78.621861,-8.664942],[-78.621405,-8.663905],[-78.620926,-8.662633],[-78.620649,-8.661771],[-78.620276,-8.660465],[-78.620114,-8.659806],[-78.619985,-8.65914],[-78.619783,-8.657798],[-78.619654,-8.65622],[-78.619621,-8.654864],[-78.619638,-8.654186],[-78.619747,-8.652607],[-78.619887,-8.651485],[-78.620164,-8.650157],[-78.620242,-8.649484],[-78.620316,-8.64927],[-78.620353,-8.649048],[-78.620344,-8.648823],[-78.620215,-8.648398],[-78.620252,-8.648179],[-78.620392,-8.648003],[-78.620761,-8.647736],[-78.620897,-8.647555],[-78.621301,-8.646497],[-78.621658,-8.645664],[-78.622259,-8.644443],[-78.623045,-8.643063],[-78.624065,-8.641559],[-78.625051,-8.64031],[-78.625653,-8.639627],[-78.626941,-8.638337],[-78.627624,-8.637732],[-78.629058,-8.636602],[-78.663796,-8.610618],[-78.664315,-8.610174],[-78.664795,-8.609687],[-78.66538,-8.608991],[-78.665644,-8.608621],[-78.666003,-8.608042],[-78.666409,-8.607231],[-78.666663,-8.606601],[-78.6668,-8.60617],[-78.667017,-8.605291],[-78.667142,-8.604395],[-78.668533,-8.585226],[-78.668729,-8.582747],[-78.668916,-8.58072],[-78.669159,-8.577337],[-78.669324,-8.576679],[-78.669611,-8.576063],[-78.671711,-8.572298],[-78.672208,-8.571538],[-78.672366,-8.571383],[-78.672486,-8.571195],[-78.673246,-8.569801],[-78.673403,-8.569376],[-78.673567,-8.568718],[-78.673635,-8.568043],[-78.674281,-8.55653],[-78.674392,-8.554951],[-78.674435,-8.553822],[-78.675008,-8.544116],[-78.675191,-8.543],[-78.675288,-8.542558],[-78.675556,-8.541694],[-78.675908,-8.540859],[-78.676463,-8.53987],[-78.676709,-8.539489],[-78.676983,-8.539126],[-78.677583,-8.538441],[-78.678425,-8.537673],[-78.680362,-8.536077],[-78.680878,-8.535628],[-78.681174,-8.535283],[-78.681299,-8.535094],[-78.681503,-8.53469],[-78.681634,-8.534257],[-78.681675,-8.534035],[-78.682191,-8.528405],[-78.682263,-8.527959],[-78.683167,-8.523988],[-78.683205,-8.523767],[-78.683219,-8.523089],[-78.683253,-8.522867],[-78.683805,-8.520672],[-78.686381,-8.512464],[-78.693573,-8.489805],[-78.693916,-8.488967],[-78.694225,-8.488361],[-78.6947,-8.487587],[-78.695253,-8.486865],[-78.695556,-8.486525],[-78.698517,-8.483687],[-78.702325,-8.480083],[-78.720931,-8.462605],[-78.725433,-8.458408],[-78.727884,-8.456025],[-78.728461,-8.455666],[-78.729136,-8.455053],[-78.735781,-8.448809],[-78.735959,-8.448667],[-78.736716,-8.448156],[-78.737717,-8.447605],[-78.753252,-8.440831],[-78.754101,-8.440485],[-78.759555,-8.438095],[-78.762292,-8.436922],[-78.77195,-8.432714],[-78.775296,-8.431221],[-78.77549,-8.431101],[-78.776068,-8.430732],[-78.776617,-8.430322],[-78.777289,-8.429707],[-78.777903,-8.429034],[-78.780791,-8.425519],[-78.782061,-8.423913],[-78.782937,-8.422867],[-78.786646,-8.418261],[-78.787815,-8.416866],[-78.788302,-8.416387],[-78.788813,-8.415932],[-78.789946,-8.415161],[-78.790549,-8.414835],[-78.791614,-8.414415],[-78.793162,-8.413992],[-78.820097,-8.407291],[-78.828992,-8.40504],[-78.829442,-8.40495],[-78.830554,-8.404671],[-78.830768,-8.40459],[-78.831432,-8.404411],[-78.832329,-8.404219],[-78.836772,-8.403083],[-78.837831,-8.402646],[-78.838242,-8.402444],[-78.838637,-8.402215],[-78.839208,-8.401835],[-78.839758,-8.401427],[-78.840596,-8.400655],[-78.843288,-8.397568],[-78.85043,-8.389302],[-78.85223,-8.387248],[-78.852816,-8.386552],[-78.85305,-8.386169],[-78.85334,-8.385818],[-78.854253,-8.384802],[-78.85512,-8.383748],[-78.859158,-8.379116],[-78.859535,-8.378548],[-78.860256,-8.377669],[-78.86057,-8.37734],[-78.860905,-8.377031],[-78.861979,-8.375854],[-78.863901,-8.373605],[-78.865322,-8.371829],[-78.865453,-8.371644],[-78.865538,-8.371435],[-78.865563,-8.371211],[-78.865548,-8.370765],[-78.86565,-8.370566],[-78.865827,-8.370428],[-78.866268,-8.37031],[-78.866465,-8.370196],[-78.866617,-8.370028],[-78.869544,-8.365974],[-78.870046,-8.365217],[-78.873275,-8.360544],[-78.878225,-8.353469],[-78.886382,-8.341706],[-78.887001,-8.340754],[-78.889403,-8.3369],[-78.890742,-8.334792],[-78.893007,-8.331121],[-78.894705,-8.328434],[-78.897922,-8.323215],[-78.900022,-8.319976],[-78.901062,-8.318218],[-78.901269,-8.317814],[-78.901435,-8.317393],[-78.901568,-8.31696],[-78.903391,-8.309718],[-78.904178,-8.307355],[-78.904571,-8.306293],[-78.90679,-8.299872],[-78.907851,-8.296884],[-78.908108,-8.296255],[-78.908447,-8.295666],[-78.908718,-8.295301],[-78.909603,-8.294262],[-78.911327,-8.292146],[-78.912154,-8.29106],[-78.914897,-8.287721],[-78.915499,-8.287038],[-78.916653,-8.285631],[-78.917104,-8.285119],[-78.917969,-8.284063],[-78.918856,-8.283026],[-78.919385,-8.282287],[-78.920265,-8.280963],[-78.923748,-8.275913],[-78.9241,-8.27533],[-78.92429,-8.27492],[-78.927649,-8.264584],[-78.92792,-8.263961],[-78.928154,-8.263573],[-78.928578,-8.263039],[-78.933437,-8.257612],[-78.933971,-8.256878],[-78.934472,-8.25586],[-78.94055,-8.242439],[-78.94078,-8.2418],[-78.944598,-8.228766],[-78.944762,-8.228343],[-78.947134,-8.223698],[-78.947777,-8.222498],[-78.948156,-8.221675],[-78.949731,-8.218659],[-78.954168,-8.209974],[-78.955323,-8.207762],[-78.955796,-8.206987],[-78.955925,-8.206801],[-78.956078,-8.206633],[-78.956413,-8.206323],[-78.960998,-8.202923],[-78.961929,-8.202262],[-78.963013,-8.201425],[-78.965038,-8.199938],[-78.965755,-8.199374],[-78.966323,-8.198991],[-78.967602,-8.198033],[-78.976488,-8.190181],[-78.977873,-8.188994],[-78.978603,-8.188447],[-78.979389,-8.18798],[-78.979794,-8.187766],[-78.981345,-8.186797],[-78.982269,-8.186127],[-78.98267,-8.185917],[-78.996457,-8.175384],[-78.996791,-8.17508],[-78.998411,-8.173816],[-79.000605,-8.172176],[-79.00731,-8.167039],[-79.00832,-8.166117],[-79.009098,-8.165286],[-79.009716,-8.164335],[-79.011636,-8.160988],[-79.011921,-8.160371],[-79.012038,-8.159935],[-79.012073,-8.159712],[-79.012278,-8.154289],[-79.012265,-8.154064],[-79.012157,-8.153626],[-79.011349,-8.15127],[-79.011293,-8.151052],[-79.011265,-8.150828],[-79.011275,-8.150602],[-79.013204,-8.141761],[-79.013376,-8.141343],[-79.013595,-8.140946],[-79.015546,-8.138151],[-79.017507,-8.135644],[-79.020061,-8.132444],[-79.020468,-8.131897],[-79.020681,-8.131497],[-79.020747,-8.131281],[-79.020761,-8.131058],[-79.020634,-8.130874],[-79.020604,-8.130652],[-79.020672,-8.130441],[-79.020841,-8.130291],[-79.021063,-8.13025],[-79.021281,-8.130313],[-79.021432,-8.13048],[-79.021552,-8.13067],[-79.021715,-8.130828],[-79.022088,-8.131092],[-79.022422,-8.131401],[-79.026686,-8.136139],[-79.027264,-8.136839],[-79.027452,-8.13725],[-79.027507,-8.13747],[-79.027549,-8.137919],[-79.027471,-8.142667],[-79.027496,-8.143118],[-79.027609,-8.143555],[-79.027701,-8.143762],[-79.027827,-8.14395],[-79.034934,-8.151946],[-79.035251,-8.152273],[-79.035426,-8.15242],[-79.03581,-8.152665],[-79.036231,-8.152845],[-79.036453,-8.152902],[-79.036905,-8.152978],[-79.037134,-8.15298],[-79.037814,-8.152881],[-79.038032,-8.152809],[-79.038444,-8.152612],[-79.039,-8.152213],[-79.049217,-8.143455],[-79.050234,-8.14254],[-79.052147,-8.140916],[-79.052484,-8.140608],[-79.058826,-8.136529],[-79.061248,-8.135235],[-79.064089,-8.133753],[-79.06893,-8.131163],[-79.069915,-8.130582],[-79.071456,-8.129597],[-79.073126,-8.1284],[-79.083328,-8.120694],[-79.086446,-8.118382],[-79.08734,-8.117672],[-79.092438,-8.113816],[-79.093474,-8.112922],[-79.093806,-8.11261],[-79.094571,-8.111767],[-79.095154,-8.111069],[-79.09584,-8.110163],[-79.095963,-8.109972],[-79.096692,-8.108821],[-79.097224,-8.107819],[-79.097518,-8.107206],[-79.097874,-8.106372],[-79.098179,-8.10552],[-79.098613,-8.103996],[-79.098838,-8.102887],[-79.09902,-8.101543],[-79.0991,-8.100189],[-79.0991,-8.09951],[-79.099022,-8.098156],[-79.098881,-8.097034],[-79.09871,-8.096146],[-79.098509,-8.095263],[-79.096665,-8.08826],[-79.09657,-8.088054],[-79.096447,-8.087864],[-79.096295,-8.087696],[-79.096117,-8.087556],[-79.095998,-8.087364],[-79.095985,-8.087143],[-79.096113,-8.086712],[-79.096137,-8.086487],[-79.096115,-8.086263],[-79.096061,-8.086043],[-79.093154,-8.074874],[-79.085029,-8.044249],[-79.084592,-8.042726],[-79.084096,-8.04122],[-79.083163,-8.038909],[-79.081856,-8.036018],[-79.073422,-8.017689],[-79.071495,-8.013337],[-79.070869,-8.012129],[-79.070208,-8.010688],[-79.070067,-8.010509],[-79.069887,-8.010372],[-79.069678,-8.010281],[-79.069551,-8.010098],[-79.06952,-8.009876],[-79.069585,-8.009661],[-79.069751,-8.009508],[-79.069856,-8.00907],[-79.069887,-8.008619],[-79.069837,-8.007945],[-79.07027,-8.006421],[-79.070838,-8.004701],[-79.071588,-8.002564],[-79.072377,-7.999964],[-79.072595,-7.999321],[-79.073463,-7.996509],[-79.078398,-7.980973],[-79.078709,-7.980122],[-79.079851,-7.977406],[-79.08077,-7.97509],[-79.081142,-7.974263],[-79.081435,-7.973406],[-79.081981,-7.972161],[-79.083086,-7.96943],[-79.083986,-7.967598],[-79.087501,-7.960232],[-79.088938,-7.95715],[-79.091205,-7.952453],[-79.092608,-7.949356],[-79.096563,-7.940944],[-79.097461,-7.939111],[-79.097829,-7.938283],[-79.098148,-7.937684],[-79.098512,-7.936853],[-79.099194,-7.93542],[-79.099509,-7.934817],[-79.099759,-7.934439],[-79.100036,-7.934078],[-79.100346,-7.933744],[-79.100686,-7.933442],[-79.101237,-7.933037],[-79.101733,-7.932566],[-79.102032,-7.932224],[-79.102354,-7.931902],[-79.106211,-7.92835],[-79.106843,-7.927695],[-79.107221,-7.927129],[-79.107642,-7.926325],[-79.109314,-7.922852],[-79.113189,-7.914903],[-79.113601,-7.914095],[-79.113881,-7.913475],[-79.116562,-7.907971],[-79.117732,-7.905023],[-79.118182,-7.903983],[-79.122476,-7.895229],[-79.123259,-7.893593],[-79.123879,-7.892382],[-79.130083,-7.879765],[-79.131109,-7.877743],[-79.132585,-7.874931],[-79.135011,-7.870059],[-79.137389,-7.865164],[-79.137612,-7.864769],[-79.138967,-7.862671],[-79.139268,-7.862331],[-79.139983,-7.861767],[-79.140132,-7.861595],[-79.140297,-7.861174],[-79.140442,-7.861007],[-79.140655,-7.860933],[-79.14088,-7.860968],[-79.141067,-7.861091],[-79.141288,-7.861149],[-79.141516,-7.861165],[-79.14174,-7.861123],[-79.142173,-7.860973],[-79.142375,-7.860868],[-79.142566,-7.860743],[-79.143056,-7.860269],[-79.143832,-7.859148],[-79.147871,-7.853104],[-79.148989,-7.851393],[-79.149291,-7.850784],[-79.149564,-7.849921],[-79.151323,-7.843363],[-79.151412,-7.84292],[-79.151438,-7.84179],[-79.151388,-7.841571],[-79.151266,-7.841382],[-79.151072,-7.841261],[-79.15086,-7.84118],[-79.150705,-7.841021],[-79.1507,-7.840805],[-79.15078,-7.8406],[-79.151369,-7.840251],[-79.151711,-7.839949],[-79.151864,-7.839782],[-79.151987,-7.839595],[-79.152126,-7.839164],[-79.152261,-7.838989],[-79.152466,-7.838898],[-79.15269,-7.838855],[-79.152898,-7.838762],[-79.153067,-7.838611],[-79.165666,-7.826722],[-79.165812,-7.826548],[-79.165907,-7.826345],[-79.166046,-7.825914],[-79.166196,-7.825745],[-79.166412,-7.825677],[-79.166639,-7.825653],[-79.166852,-7.82557],[-79.1672,-7.825275],[-79.16853,-7.824028],[-79.169499,-7.823064],[-79.17744,-7.815539],[-79.178318,-7.814811],[-79.179248,-7.814148],[-79.193331,-7.804789],[-79.193508,-7.804647],[-79.193647,-7.804468],[-79.193747,-7.804266],[-79.19382,-7.803828],[-79.193967,-7.803661],[-79.194176,-7.803577],[-79.194395,-7.80361],[-79.19485,-7.803604],[-79.195284,-7.803464],[-79.195483,-7.803352],[-79.200823,-7.799828],[-79.204043,-7.797655],[-79.206713,-7.795894],[-79.209148,-7.794194],[-79.211472,-7.792737],[-79.212363,-7.792027],[-79.2125,-7.791845],[-79.212702,-7.791445],[-79.213081,-7.791206],[-79.213252,-7.791056],[-79.213397,-7.79088],[-79.215033,-7.787897],[-79.21516,-7.787709],[-79.215442,-7.787353],[-79.215605,-7.787194],[-79.215938,-7.786882],[-79.216313,-7.786623],[-79.216722,-7.786419],[-79.217362,-7.786169],[-79.220051,-7.785582],[-79.221179,-7.785375],[-79.221865,-7.785316],[-79.222783,-7.785334],[-79.225758,-7.78557],[-79.226212,-7.785637],[-79.226872,-7.785831],[-79.227494,-7.78612],[-79.228075,-7.786484],[-79.230184,-7.788229],[-79.230554,-7.788496],[-79.230767,-7.788581],[-79.230995,-7.7886],[-79.231451,-7.788577],[-79.231662,-7.788651],[-79.231851,-7.788772],[-79.232284,-7.788921],[-79.23274,-7.788937],[-79.233177,-7.788801],[-79.241508,-7.785568],[-79.242121,-7.785261],[-79.2429,-7.784781],[-79.243278,-7.784525],[-79.244292,-7.783608],[-79.25283,-7.77507],[-79.254676,-7.773373],[-79.254984,-7.773038],[-79.256287,-7.771763],[-79.263501,-7.76448],[-79.264599,-7.763324],[-79.266721,-7.761257],[-79.268319,-7.759634],[-79.269478,-7.758538],[-79.27021,-7.757994],[-79.270411,-7.75789],[-79.271556,-7.757136],[-79.279489,-7.752146],[-79.280444,-7.751519],[-79.281171,-7.750968],[-79.281964,-7.750151],[-79.287584,-7.743878],[-79.290945,-7.740165],[-79.291565,-7.739498],[-79.292075,-7.739043],[-79.292806,-7.738496],[-79.29319,-7.738247],[-79.299313,-7.734674],[-79.29922,-7.734476],[-79.299184,-7.734292],[-79.301685,-7.732687],[-79.302247,-7.732296],[-79.302584,-7.73199],[-79.302844,-7.731617],[-79.303155,-7.731285],[-79.303315,-7.731216],[-79.303789,-7.731708],[-79.303933,-7.731616],[-79.304209,-7.731255],[-79.304449,-7.730869],[-79.305775,-7.728492],[-79.306304,-7.727488],[-79.306594,-7.726873],[-79.307314,-7.724966],[-79.309886,-7.717948],[-79.310374,-7.716679],[-79.312232,-7.711571],[-79.313216,-7.709036],[-79.313416,-7.708387],[-79.313336,-7.70819],[-79.313203,-7.708006],[-79.313021,-7.70787],[-79.312801,-7.707806],[-79.312648,-7.707642],[-79.312568,-7.707433],[-79.312609,-7.707214],[-79.31274,-7.707033],[-79.312948,-7.70695],[-79.313177,-7.706941],[-79.313403,-7.706899],[-79.31361,-7.706803],[-79.313797,-7.706673],[-79.313953,-7.706508],[-79.314067,-7.706312],[-79.31808,-7.695479],[-79.318691,-7.694016],[-79.321826,-7.685515],[-79.322909,-7.682059],[-79.324247,-7.678448],[-79.32681,-7.671667],[-79.327542,-7.670009],[-79.328049,-7.668995],[-79.328593,-7.667999],[-79.329058,-7.66722],[-79.32993,-7.66589],[-79.330328,-7.665337],[-79.331468,-7.663918],[-79.332999,-7.662234],[-79.333819,-7.661443],[-79.334839,-7.660531],[-79.335364,-7.660092],[-79.341536,-7.655386],[-79.342054,-7.654939],[-79.342892,-7.654166],[-79.343812,-7.653157],[-79.344528,-7.652273],[-79.350851,-7.643385],[-79.350954,-7.643184],[-79.350989,-7.642961],[-79.350992,-7.642736],[-79.351076,-7.64253],[-79.351257,-7.642397],[-79.351469,-7.642312],[-79.351656,-7.642183],[-79.351819,-7.642024],[-79.354336,-7.638516],[-79.355839,-7.636518],[-79.356613,-7.635396],[-79.357479,-7.634063],[-79.357949,-7.633286],[-79.358846,-7.631707],[-79.359642,-7.630077],[-79.360175,-7.629076],[-79.36043,-7.628447],[-79.361937,-7.625147],[-79.363398,-7.622076],[-79.364423,-7.619803],[-79.367839,-7.612892],[-79.368565,-7.61148],[-79.369235,-7.610041],[-79.370362,-7.607815],[-79.370798,-7.606529],[-79.371101,-7.605206],[-79.371752,-7.600274],[-79.37177,-7.59937],[-79.37175,-7.598919],[-79.370889,-7.593559],[-79.370586,-7.592005],[-79.369409,-7.584864],[-79.36915,-7.583531],[-79.368676,-7.580401],[-79.368675,-7.579045],[-79.36884,-7.577926],[-79.368886,-7.577705],[-79.369213,-7.576622],[-79.369455,-7.575987],[-79.369744,-7.575371],[-79.370851,-7.57339],[-79.371431,-7.572415],[-79.371708,-7.571795],[-79.373688,-7.568222],[-79.375858,-7.564237],[-79.376322,-7.563457],[-79.376817,-7.562437],[-79.377723,-7.560864],[-79.380313,-7.556075],[-79.381086,-7.554687],[-79.381396,-7.554082],[-79.385006,-7.547522],[-79.385847,-7.545914],[-79.388344,-7.540824],[-79.390681,-7.536414],[-79.391558,-7.534825],[-79.396708,-7.525231],[-79.39712,-7.524422],[-79.403448,-7.512628],[-79.405831,-7.508243],[-79.408172,-7.503835],[-79.408774,-7.502615],[-79.409303,-7.501612],[-79.412525,-7.495109],[-79.414974,-7.489998],[-79.417741,-7.484034],[-79.418435,-7.482606],[-79.420501,-7.478067],[-79.42084,-7.477227],[-79.421303,-7.476193],[-79.421764,-7.475411],[-79.422048,-7.475056],[-79.422509,-7.474553],[-79.423017,-7.474095],[-79.423382,-7.473821],[-79.423766,-7.473573],[-79.424788,-7.473058],[-79.435698,-7.467751],[-79.437352,-7.466964],[-79.447014,-7.462233],[-79.454649,-7.458565],[-79.455928,-7.458061],[-79.456812,-7.457818],[-79.457718,-7.45768],[-79.463209,-7.457231],[-79.4655,-7.45708],[-79.466189,-7.457066],[-79.471235,-7.456842],[-79.473529,-7.456771],[-79.475359,-7.456611],[-79.477136,-7.456155],[-79.477809,-7.45601],[-79.479365,-7.455615],[-79.481162,-7.455242],[-79.481602,-7.455115],[-79.483163,-7.454739],[-79.484507,-7.454441],[-79.485615,-7.454145],[-79.48629,-7.454012],[-79.487401,-7.453726],[-79.491423,-7.452792],[-79.492533,-7.452505],[-79.493655,-7.452266],[-79.494317,-7.45208],[-79.494738,-7.451902],[-79.494936,-7.451788],[-79.4951,-7.451632],[-79.495346,-7.451252],[-79.495374,-7.45103],[-79.495451,-7.450818],[-79.495639,-7.450703],[-79.495861,-7.45067],[-79.496072,-7.450735],[-79.49621,-7.450914],[-79.496281,-7.451126],[-79.496414,-7.451311],[-79.49657,-7.451477],[-79.496769,-7.451568],[-79.496993,-7.451607],[-79.497215,-7.451549],[-79.49763,-7.451357],[-79.498383,-7.450841],[-79.500729,-7.449023],[-79.500891,-7.448864],[-79.501032,-7.448685],[-79.501152,-7.448493],[-79.50124,-7.448284],[-79.501304,-7.448068],[-79.501339,-7.447845],[-79.501432,-7.446718],[-79.50144,-7.446266],[-79.501357,-7.445593],[-79.501131,-7.444485],[-79.501114,-7.44426],[-79.501157,-7.443811],[-79.501196,-7.443588],[-79.501325,-7.443154],[-79.50286,-7.438893],[-79.502811,-7.43799],[-79.502775,-7.437767],[-79.502724,-7.437547],[-79.502572,-7.43712],[-79.502196,-7.436295],[-79.501781,-7.435241],[-79.499787,-7.430671],[-79.499337,-7.429883],[-79.498617,-7.428727],[-79.498426,-7.428317],[-79.49837,-7.428098],[-79.498336,-7.427875],[-79.498065,-7.422003],[-79.497958,-7.421334],[-79.497722,-7.42046],[-79.497683,-7.420238],[-79.497699,-7.420013],[-79.497782,-7.419803],[-79.497909,-7.419615],[-79.498078,-7.419465],[-79.498287,-7.419373],[-79.499866,-7.419081],[-79.503262,-7.418515],[-79.504175,-7.418424],[-79.504634,-7.418416],[-79.507383,-7.41858],[-79.507605,-7.418634],[-79.508257,-7.418851],[-79.508483,-7.418873],[-79.508711,-7.418852],[-79.509986,-7.41834],[-79.510813,-7.417947],[-79.512643,-7.417001],[-79.513062,-7.416817],[-79.513282,-7.416753],[-79.514189,-7.416617],[-79.52081,-7.41593],[-79.521038,-7.415942],[-79.521262,-7.41599],[-79.521472,-7.41608],[-79.521664,-7.416204],[-79.523377,-7.417708],[-79.523565,-7.417837],[-79.523774,-7.417931],[-79.523993,-7.417998],[-79.524448,-7.418062],[-79.542275,-7.419743],[-79.542962,-7.419774],[-79.543417,-7.419717],[-79.543855,-7.419584],[-79.544068,-7.419501],[-79.544269,-7.419391],[-79.545352,-7.418553],[-79.546352,-7.41762],[-79.556457,-7.408737],[-79.556623,-7.40858],[-79.556747,-7.40839],[-79.556829,-7.40818],[-79.556899,-7.407734],[-79.55683,-7.405927],[-79.55683,-7.405701],[-79.556877,-7.405481],[-79.556983,-7.405284],[-79.557794,-7.404485],[-79.558071,-7.404127],[-79.558159,-7.40392],[-79.558281,-7.403484],[-79.558462,-7.402597],[-79.558533,-7.402151],[-79.558529,-7.401925],[-79.558382,-7.399443],[-79.558285,-7.398771],[-79.558058,-7.397896],[-79.556569,-7.393144],[-79.556312,-7.392771],[-79.556126,-7.392643],[-79.555134,-7.392075],[-79.554971,-7.391919],[-79.554883,-7.39172],[-79.554626,-7.390387],[-79.554514,-7.390194],[-79.554353,-7.390033],[-79.554174,-7.389896],[-79.553536,-7.389641],[-79.55332,-7.389565],[-79.550446,-7.388775],[-79.550031,-7.388582],[-79.549842,-7.388457],[-79.548128,-7.386953],[-79.5478,-7.386637],[-79.540063,-7.376809],[-79.53582,-7.371466],[-79.535366,-7.370956],[-79.534717,-7.370317],[-79.531143,-7.36713],[-79.51473,-7.352643],[-79.51423,-7.352176],[-79.51408,-7.352007],[-79.513837,-7.351624],[-79.513573,-7.350998],[-79.51341,-7.350109],[-79.513243,-7.349451],[-79.51316,-7.349241],[-79.512848,-7.348637],[-79.509106,-7.342675],[-79.50867,-7.342151],[-79.508311,-7.34187],[-79.508115,-7.341753],[-79.507702,-7.341557],[-79.490573,-7.335028],[-79.481589,-7.331578],[-79.481385,-7.331476],[-79.481199,-7.331344],[-79.480867,-7.331033],[-79.480604,-7.330663],[-79.480508,-7.330458],[-79.480362,-7.33003],[-79.480329,-7.329807],[-79.480328,-7.329356],[-79.4811,-7.3233],[-79.481058,-7.322851],[-79.480263,-7.319319],[-79.480206,-7.31887],[-79.480208,-7.318419],[-79.48096,-7.312132],[-79.480948,-7.31168],[-79.480398,-7.307875],[-79.480299,-7.307434],[-79.480225,-7.307221],[-79.476841,-7.300799],[-79.476599,-7.300415],[-79.474763,-7.298097],[-79.474527,-7.29771],[-79.474371,-7.297286],[-79.473015,-7.29226],[-79.47296,-7.291812],[-79.472966,-7.29136],[-79.474362,-7.281279],[-79.474549,-7.280394],[-79.47501,-7.279116],[-79.475504,-7.277849],[-79.47565,-7.277421],[-79.476993,-7.274054],[-79.477208,-7.273654],[-79.47856,-7.271827],[-79.481034,-7.268568],[-79.481963,-7.267566],[-79.48946,-7.259923],[-79.490556,-7.258765],[-79.49083,-7.258403],[-79.490944,-7.258207],[-79.491046,-7.258005],[-79.491204,-7.257581],[-79.49126,-7.257362],[-79.491292,-7.256913],[-79.491216,-7.256468],[-79.491037,-7.256053],[-79.490769,-7.255686],[-79.490439,-7.255374],[-79.490244,-7.255256],[-79.490043,-7.255148],[-79.489388,-7.254942],[-79.48715,-7.254437],[-79.486715,-7.254293],[-79.486295,-7.254111],[-79.485903,-7.253878],[-79.485719,-7.253742],[-79.484537,-7.25267],[-79.48416,-7.252412],[-79.482564,-7.251518],[-79.479692,-7.250095],[-79.479293,-7.249872],[-79.478759,-7.249445],[-79.47811,-7.248807],[-79.477664,-7.248701],[-79.477211,-7.248631],[-79.474922,-7.248464],[-79.473317,-7.24838],[-79.47309,-7.248404],[-79.472655,-7.248551],[-79.470956,-7.249235],[-79.470736,-7.2493],[-79.470508,-7.249316],[-79.470285,-7.249283],[-79.47007,-7.249204],[-79.469882,-7.249077],[-79.469733,-7.248907],[-79.469466,-7.248539],[-79.467565,-7.245711],[-79.467441,-7.245521],[-79.467131,-7.244916],[-79.466842,-7.244565],[-79.466309,-7.244136],[-79.466162,-7.243966],[-79.453039,-7.233699],[-79.45154,-7.232654],[-79.45059,-7.232019],[-79.448189,-7.230274],[-79.437879,-7.221974],[-79.437498,-7.221723],[-79.432533,-7.218887],[-79.432157,-7.218629],[-79.431833,-7.218311],[-79.431577,-7.217937],[-79.431476,-7.217733],[-79.430893,-7.216259],[-79.43067,-7.215864],[-79.42879,-7.213297],[-79.428014,-7.212176],[-79.427785,-7.211785],[-79.427692,-7.211579],[-79.427472,-7.210936],[-79.427366,-7.210496],[-79.427303,-7.210049],[-79.42726,-7.209146],[-79.427451,-7.204628],[-79.427552,-7.203729],[-79.427818,-7.202168],[-79.429193,-7.195522],[-79.429763,-7.192868],[-79.430616,-7.188655],[-79.430763,-7.188228],[-79.43196,-7.185535],[-79.432454,-7.184515],[-79.432686,-7.184125],[-79.4331,-7.183583],[-79.433876,-7.182751],[-79.434324,-7.182236],[-79.4348,-7.181745],[-79.436784,-7.179551],[-79.4372,-7.17901],[-79.437665,-7.17823],[-79.43795,-7.177613],[-79.438638,-7.175456],[-79.439951,-7.171123],[-79.44017,-7.170245],[-79.441552,-7.159023],[-79.441689,-7.158591],[-79.441768,-7.158149],[-79.441856,-7.157942],[-79.442323,-7.157444],[-79.444364,-7.155622],[-79.447315,-7.153107],[-79.44752,-7.153018],[-79.447737,-7.152974],[-79.448459,-7.152416],[-79.454713,-7.147093],[-79.470572,-7.1337],[-79.488317,-7.11865],[-79.491495,-7.116048],[-79.492756,-7.115067],[-79.493638,-7.114344],[-79.494904,-7.113368],[-79.495192,-7.113018],[-79.496049,-7.112268],[-79.496231,-7.112129],[-79.496428,-7.112022],[-79.496646,-7.112015],[-79.4986,-7.11044],[-79.500939,-7.108614],[-79.501492,-7.108209],[-79.508744,-7.103433],[-79.511049,-7.101946],[-79.514475,-7.099671],[-79.519268,-7.09656],[-79.533215,-7.087408],[-79.533968,-7.08689],[-79.534322,-7.08661],[-79.536843,-7.085035],[-79.55941,-7.070274],[-79.5596,-7.070147],[-79.560487,-7.069431],[-79.561757,-7.068124],[-79.57681,-7.050754],[-79.596843,-7.027463],[-79.600359,-7.023286],[-79.600692,-7.022982],[-79.601869,-7.021593],[-79.602167,-7.020983],[-79.602546,-7.02042],[-79.603068,-7.019978],[-79.604359,-7.018694],[-79.608506,-7.013857],[-79.609527,-7.012635],[-79.609946,-7.012097],[-79.610458,-7.011346],[-79.611117,-7.010155],[-79.618642,-6.994903],[-79.619939,-6.992007],[-79.620043,-6.991806],[-79.620178,-6.991624],[-79.620516,-6.99132],[-79.620713,-6.991205],[-79.621146,-6.991056],[-79.6249,-6.990005],[-79.625114,-6.989922],[-79.625517,-6.989709],[-79.625867,-6.989418],[-79.626177,-6.989084],[-79.626751,-6.988379],[-79.627148,-6.987825],[-79.627864,-6.986942],[-79.628028,-6.986784],[-79.628565,-6.986359],[-79.629153,-6.986008],[-79.630859,-6.98534],[-79.631945,-6.984975],[-79.632799,-6.984641],[-79.635712,-6.983304],[-79.637391,-6.98257],[-79.644476,-6.979344],[-79.645327,-6.979006],[-79.645767,-6.978874],[-79.646675,-6.978742],[-79.65764,-6.977655],[-79.659236,-6.977469],[-79.662209,-6.977208],[-79.668607,-6.976589],[-79.66929,-6.976507],[-79.669737,-6.976405],[-79.670175,-6.976271],[-79.670602,-6.976103],[-79.67101,-6.975897],[-79.671588,-6.97553],[-79.67195,-6.975251],[-79.687815,-6.960843],[-79.687989,-6.960696],[-79.688928,-6.960046],[-79.689524,-6.959706],[-79.694007,-6.956958],[-79.698084,-6.954422],[-79.71871,-6.941703],[-79.719856,-6.940949],[-79.756365,-6.918275],[-79.810067,-6.884724],[-79.81026,-6.884602],[-79.810943,-6.883997],[-79.811249,-6.883661],[-79.816692,-6.876377],[-79.817064,-6.875807],[-79.817158,-6.875601],[-79.817306,-6.875173],[-79.817387,-6.874729],[-79.817418,-6.874278],[-79.817378,-6.87247],[-79.817258,-6.869081],[-79.817176,-6.868408],[-79.816931,-6.867537],[-79.816871,-6.867089],[-79.816864,-6.866864],[-79.816921,-6.864378],[-79.817027,-6.86394],[-79.81712,-6.863733],[-79.817238,-6.863539],[-79.817396,-6.863376],[-79.817757,-6.863098],[-79.82284,-6.860015],[-79.823412,-6.859638],[-79.823752,-6.859334],[-79.824045,-6.858986],[-79.824169,-6.858796],[-79.824289,-6.858603],[-79.824486,-6.858196],[-79.825824,-6.854345],[-79.8267,-6.852013],[-79.828994,-6.845617],[-79.829198,-6.84497],[-79.829294,-6.844299],[-79.82931,-6.843621],[-79.829449,-6.825535],[-79.82945,-6.811065],[-79.829415,-6.804508],[-79.829429,-6.804056],[-79.829478,-6.803607],[-79.829865,-6.801608],[-79.830087,-6.800041],[-79.830213,-6.799375],[-79.830415,-6.799284],[-79.830599,-6.799396],[-79.830759,-6.799542],[-79.832996,-6.800048],[-79.835015,-6.800482],[-79.839084,-6.801193],[-79.843961,-6.802484],[-79.844187,-6.802514],[-79.844415,-6.80249],[-79.852062,-6.800945],[-79.859923,-6.7993],[-79.860145,-6.799247],[-79.860358,-6.799162],[-79.860552,-6.799043],[-79.860872,-6.79872],[-79.862083,-6.796799],[-79.866947,-6.788863],[-79.870186,-6.783658],[-79.877443,-6.772127],[-79.87756,-6.771932],[-79.877647,-6.771725],[-79.877666,-6.771501],[-79.877628,-6.771278],[-79.877546,-6.771069],[-79.8774,-6.770896],[-79.877214,-6.770765],[-79.873829,-6.768852],[-79.861596,-6.762136],[-79.861377,-6.762077],[-79.861154,-6.762114],[-79.860937,-6.762189],[-79.860718,-6.762161],[-79.860621,-6.761965],[-79.860705,-6.761757],[-79.861126,-6.760953],[-79.862341,-6.758773],[-79.862719,-6.757949],[-79.863927,-6.756028],[-79.864444,-6.75528],[-79.864735,-6.754931],[-79.865282,-6.754204],[-79.866342,-6.753015],[-79.871623,-6.747354],[-79.871896,-6.746992],[-79.871996,-6.746796],[-79.872529,-6.746377],[-79.872688,-6.746214],[-79.888078,-6.729742],[-79.889537,-6.727996],[-79.890331,-6.726888],[-79.891054,-6.725733],[-79.892923,-6.722359],[-79.894035,-6.720645],[-79.894577,-6.719914],[-79.895599,-6.718694],[-79.897292,-6.716848],[-79.898077,-6.716023],[-79.898988,-6.715006],[-79.899849,-6.713947],[-79.900893,-6.712459],[-79.903065,-6.708997],[-79.903235,-6.708578],[-79.903297,-6.708131],[-79.903285,-6.707906],[-79.901776,-6.698298],[-79.901647,-6.697175],[-79.901645,-6.696951],[-79.901782,-6.696779],[-79.902003,-6.696724],[-79.90359,-6.696471],[-79.903667,-6.696278],[-79.903733,-6.695832],[-79.903745,-6.689728],[-79.903867,-6.68747],[-79.903984,-6.685892],[-79.90403,-6.684762],[-79.904004,-6.684311],[-79.903921,-6.683867],[-79.903869,-6.683647],[-79.903589,-6.682786],[-79.903571,-6.682561],[-79.903588,-6.682109],[-79.903709,-6.681674],[-79.903805,-6.681469],[-79.903927,-6.681279],[-79.904078,-6.681109],[-79.90443,-6.68082],[-79.905785,-6.679969],[-79.905966,-6.679831],[-79.941964,-6.649274],[-79.94281,-6.648509],[-79.943567,-6.647661],[-79.943971,-6.647112],[-79.948822,-6.6397],[-79.950031,-6.637778],[-79.955321,-6.629839],[-79.95814,-6.625441],[-79.960609,-6.621363],[-79.961624,-6.619591],[-79.962821,-6.617661],[-79.964998,-6.613939],[-79.973273,-6.600902],[-79.973495,-6.600506],[-79.975709,-6.59707],[-79.984212,-6.58364],[-79.995237,-6.566163],[-79.99636,-6.564455],[-79.997155,-6.563347],[-80.002954,-6.556334],[-80.004581,-6.554432],[-80.005156,-6.553727],[-80.007381,-6.551138],[-80.008485,-6.549988],[-80.009478,-6.549049],[-80.009626,-6.548876],[-80.011152,-6.547504],[-80.012555,-6.546337],[-80.013651,-6.545515],[-80.015083,-6.544383],[-80.016376,-6.543443],[-80.019081,-6.541344],[-80.044719,-6.52188],[-80.049643,-6.518171],[-80.054702,-6.514265],[-80.060912,-6.509608],[-80.061622,-6.509034],[-80.064157,-6.507088],[-80.068174,-6.504072],[-80.070888,-6.501984],[-80.089233,-6.488016],[-80.091064,-6.486652],[-80.101407,-6.478756],[-80.103055,-6.477529],[-80.10778,-6.473937],[-80.123456,-6.46249],[-80.132093,-6.45612],[-80.133762,-6.45492],[-80.148317,-6.444262],[-80.149572,-6.443274],[-80.151312,-6.441799],[-80.15182,-6.441341],[-80.15346,-6.439758],[-80.155003,-6.438084],[-80.156326,-6.436522],[-80.158245,-6.433982],[-80.178159,-6.40659],[-80.195691,-6.382525],[-80.198082,-6.379205],[-80.205854,-6.368557],[-80.210699,-6.361963],[-80.212952,-6.358824],[-80.225541,-6.341561],[-80.232595,-6.331797],[-80.235432,-6.327958],[-80.242107,-6.318761],[-80.245752,-6.313824],[-80.247194,-6.312064],[-80.248576,-6.310552],[-80.250681,-6.308468],[-80.252045,-6.307257],[-80.252744,-6.30667],[-80.254184,-6.305547],[-80.256614,-6.303841],[-80.258364,-6.302759],[-80.259555,-6.302077],[-80.260978,-6.301342],[-80.262214,-6.300744],[-80.263676,-6.300086],[-80.268955,-6.297868],[-80.333233,-6.270505],[-80.355381,-6.261129],[-80.357054,-6.260383],[-80.3587,-6.259582],[-80.361107,-6.258261],[-80.362464,-6.257413],[-80.363599,-6.256645],[-80.364715,-6.255849],[-80.365628,-6.255164],[-80.366873,-6.254164],[-80.402875,-6.222923],[-80.421458,-6.206756],[-80.423479,-6.204912],[-80.430451,-6.198029],[-80.457969,-6.170771],[-80.460894,-6.167896],[-80.471879,-6.156971],[-80.472963,-6.155802],[-80.474009,-6.154601],[-80.47502,-6.153371],[-80.475713,-6.152469],[-80.477505,-6.149842],[-80.478563,-6.148094],[-80.479714,-6.14588],[-80.480894,-6.143429],[-80.481557,-6.141742],[-80.48218,-6.140041],[-80.494198,-6.106096],[-80.498561,-6.093706],[-80.522871,-6.024952],[-80.525311,-6.018128],[-80.526417,-6.014916],[-80.527127,-6.01253],[-80.527591,-6.010547],[-80.52796,-6.008545],[-80.528254,-6.006531],[-80.528454,-6.004506],[-80.529002,-5.995251],[-80.529649,-5.983512],[-80.529995,-5.976285],[-80.532786,-5.929112],[-80.533069,-5.923919],[-80.534457,-5.899992],[-80.535232,-5.885316],[-80.535547,-5.880578],[-80.536476,-5.864099],[-80.536647,-5.861391],[-80.537307,-5.849199],[-80.53785,-5.839945],[-80.53954,-5.80992],[-80.540012,-5.801794],[-80.540112,-5.800668],[-80.540298,-5.799324],[-80.540748,-5.797107],[-80.542562,-5.790799],[-80.549889,-5.765584],[-80.554015,-5.751461],[-80.554693,-5.749065],[-80.558358,-5.736458],[-80.558418,-5.73624],[-80.558808,-5.734242],[-80.558954,-5.733349],[-80.559082,-5.732226],[-80.559973,-5.722316],[-80.560071,-5.721417],[-80.560925,-5.711732],[-80.561237,-5.708581],[-80.5623,-5.696644],[-80.562765,-5.691691],[-80.562895,-5.690568],[-80.563075,-5.689452],[-80.563283,-5.68834],[-80.564279,-5.684158],[-80.56945,-5.663757],[-80.570197,-5.660911],[-80.570548,-5.659367],[-80.575609,-5.639405],[-80.577356,-5.632378],[-80.577627,-5.630818],[-80.577694,-5.630143],[-80.577757,-5.628788],[-80.577676,-5.627208],[-80.577173,-5.619763],[-80.575959,-5.602622],[-80.575852,-5.600816],[-80.575958,-5.598784],[-80.576112,-5.597664],[-80.578952,-5.581628],[-80.584951,-5.548003],[-80.585618,-5.544445],[-80.586796,-5.539842],[-80.587762,-5.536351],[-80.589318,-5.530442],[-80.597051,-5.501586],[-80.597557,-5.499381],[-80.608659,-5.444156],[-80.609246,-5.441044],[-80.609683,-5.43768],[-80.610944,-5.424172],[-80.611366,-5.419896],[-80.611604,-5.417193],[-80.612567,-5.407291],[-80.618886,-5.340657],[-80.618956,-5.339755],[-80.619179,-5.337732],[-80.619651,-5.332326],[-80.620041,-5.328502],[-80.620907,-5.319044],[-80.620972,-5.317463],[-80.620999,-5.315655],[-80.620954,-5.314073],[-80.620798,-5.311817],[-80.620657,-5.310468],[-80.620438,-5.3089],[-80.620157,-5.307342],[-80.616537,-5.290301],[-80.616412,-5.289634],[-80.612907,-5.273263],[-80.612662,-5.271929],[-80.612523,-5.270807],[-80.612449,-5.269905],[-80.612411,-5.269002],[-80.612432,-5.267645],[-80.612555,-5.265841],[-80.612674,-5.264944],[-80.612841,-5.264055],[-80.613159,-5.262735],[-80.613543,-5.261432],[-80.613837,-5.260576],[-80.614631,-5.258697],[-80.615043,-5.25789],[-80.615735,-5.256716],[-80.616467,-5.255568],[-80.617567,-5.254119],[-80.619047,-5.25239],[-80.619685,-5.25174],[-80.62035,-5.251117],[-80.621229,-5.25039],[-80.622899,-5.249192],[-80.631178,-5.243492],[-80.632513,-5.242611],[-80.633491,-5.242018],[-80.63521,-5.240889],[-80.63953,-5.237899],[-80.643821,-5.234868],[-80.651522,-5.229537],[-80.651718,-5.22942],[-80.653947,-5.227826],[-80.654339,-5.227591],[-80.654683,-5.227297],[-80.655065,-5.227046],[-80.65605,-5.226466],[-80.656216,-5.226312],[-80.65635,-5.226131],[-80.656406,-5.225916],[-80.656381,-5.225693],[-80.656289,-5.225486],[-80.655985,-5.224877],[-80.655222,-5.223484],[-80.654644,-5.222508],[-80.654435,-5.221862],[-80.654335,-5.221422],[-80.654313,-5.220971],[-80.654447,-5.219395],[-80.654441,-5.218717],[-80.654406,-5.218494],[-80.654127,-5.217633],[-80.652427,-5.21271],[-80.652081,-5.211873],[-80.651757,-5.211275],[-80.649683,-5.208019],[-80.645305,-5.201929],[-80.644986,-5.201615],[-80.644845,-5.201438],[-80.643548,-5.199572],[-80.642078,-5.19755],[-80.641909,-5.197504],[-80.64005,-5.198393],[-80.635481,-5.200513],[-80.634659,-5.200917],[-80.632571,-5.201855],[-80.632333,-5.201232],[-80.631885,-5.199478],[-80.631975,-5.199344],[-80.631999,-5.199335],[-80.631893,-5.199457],[-80.632336,-5.201212],[-80.632487,-5.201639],[-80.63262,-5.201727],[-80.634498,-5.200879],[-80.638014,-5.199209],[-80.641959,-5.197376],[-80.642128,-5.197412],[-80.645274,-5.201867],[-80.649647,-5.20796],[-80.65185,-5.211403],[-80.652149,-5.212014],[-80.652416,-5.212639],[-80.65419,-5.217776],[-80.654394,-5.218424],[-80.654443,-5.218644],[-80.65446,-5.218869],[-80.65446,-5.219321],[-80.654348,-5.220673],[-80.654349,-5.221351],[-80.654434,-5.221794],[-80.654642,-5.222441],[-80.654737,-5.222645],[-80.655201,-5.223426],[-80.655858,-5.224618],[-80.656577,-5.225775],[-80.656735,-5.225934],[-80.656945,-5.225972],[-80.657145,-5.225863],[-80.657524,-5.225607],[-80.658218,-5.225015],[-80.658798,-5.224658],[-80.66196,-5.222405],[-80.667756,-5.218337],[-80.669109,-5.217482],[-80.670097,-5.216907],[-80.678288,-5.212339],[-80.679252,-5.211725],[-80.679974,-5.211166],[-80.68015,-5.211022],[-80.680973,-5.210233],[-80.681563,-5.20954],[-80.681695,-5.209356],[-80.682216,-5.208611],[-80.682454,-5.208224],[-80.682662,-5.207821],[-80.686406,-5.199317],[-80.690294,-5.191374],[-80.691156,-5.189524],[-80.691618,-5.188247],[-80.691934,-5.18716],[-80.69221,-5.185831],[-80.692404,-5.184488],[-80.692752,-5.181569],[-80.6928,-5.180666],[-80.69276,-5.179989],[-80.692671,-5.179317],[-80.692467,-5.178435],[-80.690903,-5.172762],[-80.690645,-5.171894],[-80.690495,-5.171232],[-80.690417,-5.170559],[-80.69039,-5.170107],[-80.690408,-5.169656],[-80.690482,-5.168982],[-80.690741,-5.167881],[-80.692253,-5.162898],[-80.698216,-5.143652],[-80.698466,-5.142782],[-80.698652,-5.141896],[-80.706571,-5.084316],[-80.706667,-5.083417],[-80.706729,-5.081835],[-80.706591,-5.07528],[-80.706564,-5.074602],[-80.706423,-5.073253],[-80.702173,-5.04576],[-80.701904,-5.043743],[-80.701805,-5.043304],[-80.701587,-5.041736],[-80.701173,-5.03406],[-80.700642,-5.02322],[-80.700332,-5.017803],[-80.700131,-5.013285],[-80.698856,-4.98822],[-80.698644,-4.983477],[-80.698242,-4.976253],[-80.69778,-4.966994],[-80.697788,-4.966768],[-80.697472,-4.961124],[-80.696372,-4.93922],[-80.696343,-4.937864],[-80.696798,-4.921366],[-80.6968,-4.920009],[-80.696852,-4.919106],[-80.696878,-4.917976],[-80.696873,-4.917524],[-80.696848,-4.917303],[-80.696721,-4.917118],[-80.696553,-4.916971],[-80.696353,-4.91687],[-80.69627,-4.916668],[-80.696331,-4.916459],[-80.69653,-4.916356],[-80.696753,-4.916368],[-80.69694,-4.916239],[-80.6971,-4.915819],[-80.69711,-4.914915],[-80.69722,-4.911073],[-80.697277,-4.909944],[-80.697439,-4.903616],[-80.697395,-4.90226],[-80.697376,-4.902036],[-80.697323,-4.901816],[-80.697413,-4.901631],[-80.697449,-4.901418],[-80.697536,-4.898706],[-80.697625,-4.8969],[-80.697855,-4.890573],[-80.697967,-4.886958],[-80.698001,-4.886735],[-80.698192,-4.886084],[-80.698273,-4.885872],[-80.698481,-4.88547],[-80.698726,-4.885088],[-80.698997,-4.884723],[-80.699305,-4.884388],[-80.699473,-4.884238],[-80.700272,-4.883795],[-80.704691,-4.882566],[-80.706246,-4.882166],[-80.706463,-4.882093],[-80.706881,-4.881906],[-80.707462,-4.881543],[-80.707805,-4.881243],[-80.708391,-4.880548],[-80.713619,-4.873113],[-80.714179,-4.872396],[-80.714499,-4.872071],[-80.716958,-4.870034],[-80.718397,-4.86891],[-80.72052,-4.86718],[-80.723204,-4.865056],[-80.726212,-4.862606],[-80.732291,-4.857783],[-80.732879,-4.85743],[-80.733704,-4.857034],[-80.734564,-4.856717],[-80.734784,-4.856654],[-80.73545,-4.85648],[-80.736133,-4.856397],[-80.73751,-4.856339],[-80.743708,-4.856223],[-80.747381,-4.856179],[-80.750364,-4.856095],[-80.751512,-4.856119],[-80.75174,-4.85614],[-80.752425,-4.856215],[-80.752876,-4.8563],[-80.753751,-4.856574],[-80.756122,-4.857428],[-80.75959,-4.858622],[-80.762386,-4.859652],[-80.763039,-4.859865],[-80.763482,-4.859985],[-80.763709,-4.86002],[-80.764391,-4.860114],[-80.765078,-4.860165],[-80.765994,-4.860125],[-80.767811,-4.85986],[-80.770965,-4.859247],[-80.772552,-4.858998],[-80.776395,-4.858329],[-80.77752,-4.858104],[-80.777962,-4.857982],[-80.778387,-4.857813],[-80.779001,-4.857505],[-80.779386,-4.857258],[-80.783032,-4.854511],[-80.784334,-4.853583],[-80.785782,-4.85247],[-80.786709,-4.851803],[-80.789638,-4.849619],[-80.794373,-4.84604],[-80.798594,-4.842916],[-80.799343,-4.842391],[-80.799924,-4.842029],[-80.800532,-4.84171],[-80.801789,-4.841156],[-80.802657,-4.840861],[-80.804924,-4.840502],[-80.806297,-4.840391],[-80.806526,-4.840385],[-80.807442,-4.840444],[-80.807898,-4.840493],[-80.833644,-4.845136],[-80.837263,-4.845755],[-80.846579,-4.847088],[-80.852036,-4.847843],[-80.853638,-4.847959],[-80.854097,-4.84796],[-80.857534,-4.847747],[-80.858452,-4.847724],[-80.859364,-4.847621],[-80.863488,-4.847362],[-80.865094,-4.847293],[-80.869901,-4.846931],[-80.873341,-4.846763],[-80.879998,-4.846623],[-80.880687,-4.846629],[-80.881832,-4.84656],[-80.882513,-4.846458],[-80.883415,-4.846288],[-80.884509,-4.845947],[-80.885365,-4.845618],[-80.885992,-4.845337],[-80.887206,-4.844698],[-80.88835,-4.843943],[-80.889227,-4.843213],[-80.893134,-4.839715],[-80.896832,-4.836327],[-80.901251,-4.832375],[-80.90596,-4.828066],[-80.906622,-4.827438],[-80.911385,-4.823187],[-80.912549,-4.822095],[-80.914414,-4.820418],[-80.915076,-4.819791],[-80.915935,-4.819042],[-80.923719,-4.812013],[-80.925889,-4.809995],[-80.928447,-4.807724],[-80.93064,-4.80573],[-80.93235,-4.804221],[-80.933678,-4.802972],[-80.945692,-4.792123],[-80.949887,-4.788265],[-80.951263,-4.787066],[-80.958015,-4.780936],[-80.959182,-4.779848],[-80.964267,-4.775273],[-80.965595,-4.774024],[-80.966807,-4.772984],[-80.968978,-4.770967],[-80.972354,-4.767902],[-80.974244,-4.766252],[-80.975236,-4.765311],[-80.985692,-4.755799],[-80.989386,-4.752407],[-80.992613,-4.749516],[-80.993322,-4.748942],[-80.995241,-4.747701],[-80.999369,-4.745248],[-81.001903,-4.743694],[-81.016021,-4.735227],[-81.022505,-4.731367],[-81.083262,-4.694859],[-81.084401,-4.694096],[-81.085304,-4.693398],[-81.086162,-4.692648],[-81.08681,-4.692007],[-81.091454,-4.686696],[-81.094118,-4.683585],[-81.096222,-4.681191],[-81.109909,-4.665349],[-81.111718,-4.663302],[-81.1205,-4.653145],[-81.121232,-4.652275],[-81.121697,-4.651775],[-81.123915,-4.64918],[-81.125427,-4.64748],[-81.125766,-4.647175],[-81.126127,-4.646896],[-81.126722,-4.646557],[-81.135687,-4.643061],[-81.135884,-4.642945],[-81.136247,-4.642669],[-81.136554,-4.642334],[-81.1368,-4.641952],[-81.136966,-4.641531],[-81.137032,-4.641315],[-81.137091,-4.640866],[-81.137096,-4.640415],[-81.13696,-4.638384],[-81.136961,-4.637932],[-81.137013,-4.637256],[-81.137145,-4.636591],[-81.137288,-4.636161],[-81.137373,-4.635951],[-81.137678,-4.635344],[-81.137927,-4.634965],[-81.138816,-4.633928],[-81.141713,-4.63042],[-81.143396,-4.628273],[-81.143965,-4.627291],[-81.148456,-4.617629],[-81.14901,-4.61664],[-81.150098,-4.615182],[-81.151765,-4.613022],[-81.152713,-4.611744],[-81.156739,-4.606522],[-81.157498,-4.605674],[-81.158327,-4.604892],[-81.159228,-4.604192],[-81.164688,-4.60044],[-81.166177,-4.599381],[-81.181598,-4.588745],[-81.182526,-4.58808],[-81.195298,-4.579237],[-81.217105,-4.564182],[-81.217276,-4.564032],[-81.217417,-4.563854],[-81.217507,-4.563646],[-81.217557,-4.563426],[-81.21756,-4.563202],[-81.217501,-4.562985],[-81.216307,-4.560291],[-81.215971,-4.55945],[-81.209917,-4.542613],[-81.209438,-4.541341],[-81.209059,-4.540517],[-81.206222,-4.535604],[-81.20612,-4.535401],[-81.205957,-4.534978],[-81.205863,-4.534536],[-81.204629,-4.526945],[-81.20363,-4.522301],[-81.203563,-4.521854],[-81.203531,-4.521403],[-81.203599,-4.521188],[-81.203697,-4.520985],[-81.203837,-4.520808],[-81.204013,-4.520665],[-81.207755,-4.518458],[-81.207958,-4.518352],[-81.208382,-4.518181],[-81.208827,-4.518072],[-81.209055,-4.518046],[-81.209513,-4.518035],[-81.213635,-4.518328],[-81.214094,-4.518308],[-81.214539,-4.518203],[-81.214939,-4.517982],[-81.215118,-4.517841],[-81.21541,-4.517493],[-81.215525,-4.517297],[-81.21585,-4.516452],[-81.21874,-4.507868],[-81.218926,-4.507455],[-81.219154,-4.507063],[-81.221583,-4.503495],[-81.221695,-4.503298],[-81.221777,-4.503087],[-81.221826,-4.502866],[-81.221848,-4.502642],[-81.221829,-4.502191],[-81.22055,-4.486868],[-81.220455,-4.486427],[-81.22025,-4.486023],[-81.219954,-4.485679],[-81.219785,-4.485526],[-81.218504,-4.48457],[-81.218311,-4.484447],[-81.218116,-4.484328],[-81.217908,-4.484233],[-81.216617,-4.48376],[-81.215995,-4.483472],[-81.209624,-4.479433],[-81.208046,-4.478508],[-81.206233,-4.477532],[-81.205868,-4.477259],[-81.205705,-4.4771],[-81.205559,-4.476926],[-81.205329,-4.476536],[-81.205176,-4.47611],[-81.204686,-4.474367],[-81.204536,-4.47394],[-81.204433,-4.473738],[-81.204175,-4.473365],[-81.204011,-4.473206],[-81.203655,-4.47292],[-81.202706,-4.472284],[-81.202355,-4.471995],[-81.202042,-4.471664],[-81.201767,-4.471302],[-81.201647,-4.47111],[-81.201337,-4.470504],[-81.200686,-4.469057],[-81.200599,-4.468848],[-81.200024,-4.467131],[-81.19989,-4.46695],[-81.199688,-4.466857],[-81.199459,-4.466843],[-81.199,-4.466857],[-81.198772,-4.466842],[-81.198554,-4.466781],[-81.198373,-4.466646],[-81.198249,-4.466457],[-81.198209,-4.466236],[-81.198211,-4.466011],[-81.198261,-4.465334],[-81.198345,-4.464891],[-81.198496,-4.464465],[-81.19849,-4.464246],[-81.198304,-4.464148],[-81.19789,-4.464339],[-81.197675,-4.464416],[-81.197447,-4.464408],[-81.197234,-4.464332],[-81.197051,-4.464197],[-81.196918,-4.464016],[-81.196233,-4.462839],[-81.196138,-4.462634],[-81.196072,-4.462418],[-81.195802,-4.461319],[-81.195706,-4.459967],[-81.195594,-4.459529],[-81.195358,-4.458892],[-81.19516,-4.458484],[-81.193629,-4.455961],[-81.193363,-4.455593],[-81.193202,-4.455432],[-81.193033,-4.45528],[-81.192648,-4.455035],[-81.192218,-4.454878],[-81.191764,-4.454813],[-81.189245,-4.454636],[-81.188793,-4.45456],[-81.188354,-4.454427],[-81.187927,-4.454263],[-81.177211,-4.449615],[-81.176819,-4.44938],[-81.176636,-4.449244],[-81.176464,-4.449094],[-81.176157,-4.448758],[-81.169269,-4.440287],[-81.168091,-4.438899],[-81.153957,-4.423747],[-81.153561,-4.423193],[-81.153249,-4.422588],[-81.139202,-4.390144],[-81.136797,-4.384517],[-81.136419,-4.383693],[-81.134184,-4.378487],[-81.132452,-4.374544],[-81.130594,-4.370163],[-81.126372,-4.360384],[-81.124375,-4.355815],[-81.1243,-4.355602],[-81.124201,-4.355161],[-81.124182,-4.354936],[-81.124161,-4.354484],[-81.124201,-4.354034],[-81.124248,-4.353814],[-81.124607,-4.352741],[-81.124886,-4.352121],[-81.125942,-4.349372],[-81.12773,-4.344962],[-81.128022,-4.344348],[-81.128438,-4.343808],[-81.12951,-4.342629],[-81.130409,-4.341601],[-81.134582,-4.337398],[-81.135236,-4.336763],[-81.137933,-4.333984],[-81.142467,-4.328292],[-81.144064,-4.326668],[-81.14423,-4.326512],[-81.144946,-4.325945],[-81.147923,-4.324241],[-81.148476,-4.323838],[-81.151304,-4.32087],[-81.152102,-4.320058],[-81.157328,-4.315641],[-81.157889,-4.315248],[-81.163918,-4.311967],[-81.164455,-4.311545],[-81.17099,-4.303375],[-81.17476,-4.298529],[-81.175843,-4.297359],[-81.180671,-4.292845],[-81.182164,-4.291792],[-81.183692,-4.29079],[-81.18425,-4.290391],[-81.184424,-4.290244],[-81.194006,-4.281802],[-81.194164,-4.281639],[-81.194732,-4.280928],[-81.194831,-4.280727],[-81.195162,-4.279883],[-81.195336,-4.27831],[-81.195482,-4.276507],[-81.195993,-4.271786],[-81.196181,-4.270442],[-81.196398,-4.269332],[-81.196527,-4.268899],[-81.196652,-4.268709],[-81.196778,-4.26852],[-81.196927,-4.268348],[-81.197104,-4.268206],[-81.197504,-4.267988],[-81.197726,-4.267929],[-81.198182,-4.26789],[-81.198871,-4.2679],[-81.200708,-4.267871],[-81.20277,-4.267749],[-81.202991,-4.267705],[-81.203423,-4.267555],[-81.203831,-4.267349],[-81.204021,-4.267221],[-81.204196,-4.267078],[-81.204489,-4.26673],[-81.20474,-4.266352],[-81.204844,-4.266151],[-81.20499,-4.265723],[-81.20504,-4.265502],[-81.20507,-4.265051],[-81.205027,-4.264601],[-81.204959,-4.264154],[-81.204884,-4.263944],[-81.202237,-4.259444],[-81.198736,-4.253603],[-81.197125,-4.250864],[-81.196863,-4.250493],[-81.19657,-4.250146],[-81.196247,-4.249824],[-81.19589,-4.24954],[-81.195697,-4.249419],[-81.189132,-4.245694],[-81.187351,-4.244663],[-81.186622,-4.244114],[-81.186275,-4.243818],[-81.185468,-4.243387],[-81.185099,-4.243118],[-81.184596,-4.242655],[-81.184288,-4.24232],[-81.181365,-4.239443],[-81.181019,-4.239147],[-81.180607,-4.238948],[-81.179955,-4.238731],[-81.179038,-4.238689],[-81.178817,-4.238628],[-81.178622,-4.238511],[-81.178473,-4.238341],[-81.178403,-4.23813],[-81.178376,-4.237454],[-81.178325,-4.237234],[-81.178226,-4.237032],[-81.177684,-4.236303],[-81.177049,-4.23565],[-81.176909,-4.235471],[-81.176808,-4.235272],[-81.176708,-4.234831],[-81.176613,-4.234626],[-81.176437,-4.234484],[-81.176015,-4.234305],[-81.175817,-4.234197],[-81.175711,-4.234002],[-81.175758,-4.233792],[-81.175911,-4.233624],[-81.176015,-4.233429],[-81.175989,-4.233217],[-81.175856,-4.233036],[-81.175235,-4.232763],[-81.17494,-4.232417],[-81.174542,-4.2322],[-81.174363,-4.23206],[-81.174245,-4.231875],[-81.17421,-4.231655],[-81.174322,-4.23122],[-81.174356,-4.231],[-81.174324,-4.230777],[-81.174233,-4.230572],[-81.173988,-4.23019],[-81.173845,-4.230015],[-81.173641,-4.229918],[-81.173184,-4.229887],[-81.172969,-4.229833],[-81.172799,-4.229685],[-81.172687,-4.229491],[-81.17262,-4.229275],[-81.172598,-4.229051],[-81.172628,-4.228833],[-81.172779,-4.228671],[-81.173226,-4.22873],[-81.173427,-4.228652],[-81.173444,-4.228444],[-81.173265,-4.228324],[-81.172827,-4.228194],[-81.172202,-4.227908],[-81.171981,-4.227879],[-81.171782,-4.227972],[-81.171726,-4.228174],[-81.171736,-4.2284],[-81.171699,-4.228621],[-81.171492,-4.22869],[-81.171307,-4.228562],[-81.171007,-4.22822],[-81.170834,-4.228073],[-81.170625,-4.22799],[-81.170168,-4.227978],[-81.169491,-4.228078],[-81.16933,-4.228228],[-81.169296,-4.228446],[-81.169306,-4.228672],[-81.16924,-4.228881],[-81.169028,-4.228893],[-81.168914,-4.228722],[-81.168847,-4.228276],[-81.168727,-4.22809],[-81.168418,-4.227755],[-81.168296,-4.227569],[-81.16827,-4.227347],[-81.168373,-4.227149],[-81.168552,-4.227028],[-81.168781,-4.22703],[-81.169008,-4.227065],[-81.169234,-4.227039],[-81.169434,-4.226934],[-81.16978,-4.22664],[-81.169914,-4.226456],[-81.170003,-4.226251],[-81.170021,-4.226032],[-81.169958,-4.225817],[-81.169829,-4.225632],[-81.168343,-4.224218],[-81.16817,-4.22407],[-81.167573,-4.223732],[-81.167193,-4.223479],[-81.167017,-4.223337],[-81.166877,-4.223159],[-81.166706,-4.222502],[-81.166672,-4.222279],[-81.166753,-4.222074],[-81.166908,-4.221907],[-81.167282,-4.221665],[-81.16735,-4.221468],[-81.167264,-4.22127],[-81.166854,-4.221069],[-81.166681,-4.220925],[-81.166574,-4.220728],[-81.166417,-4.220303],[-81.166312,-4.220102],[-81.166192,-4.219909],[-81.166028,-4.219752],[-81.164848,-4.218678],[-81.164498,-4.218385],[-81.158275,-4.212691],[-81.157622,-4.212054],[-81.156426,-4.210998],[-81.155099,-4.209747],[-81.15408,-4.208836],[-81.153693,-4.208593],[-81.153484,-4.2085],[-81.153044,-4.208374],[-81.150316,-4.207994],[-81.148945,-4.207867],[-81.147571,-4.207777],[-81.147349,-4.20772],[-81.146705,-4.207479],[-81.14648,-4.207437],[-81.146253,-4.207459],[-81.14603,-4.20751],[-81.145593,-4.207648],[-81.145369,-4.20769],[-81.14491,-4.207681],[-81.143078,-4.207558],[-81.142859,-4.207496],[-81.142651,-4.2074],[-81.142294,-4.207119],[-81.141995,-4.206777],[-81.141877,-4.206583],[-81.141787,-4.206376],[-81.14148,-4.205523],[-81.141368,-4.205085],[-81.141337,-4.204861],[-81.14132,-4.204636],[-81.141349,-4.204185],[-81.14165,-4.202631],[-81.141701,-4.202182],[-81.14171,-4.200374],[-81.141695,-4.200149],[-81.141582,-4.199711],[-81.141492,-4.199504],[-81.141248,-4.19912],[-81.140437,-4.198025],[-81.140282,-4.197859],[-81.140106,-4.197713],[-81.139711,-4.197485],[-81.139383,-4.197172],[-81.139262,-4.196979],[-81.138838,-4.19593],[-81.138603,-4.195542],[-81.13818,-4.195007],[-81.137926,-4.19463],[-81.137251,-4.193449],[-81.136754,-4.19243],[-81.136104,-4.191234],[-81.135714,-4.190675],[-81.135132,-4.189976],[-81.134757,-4.189409],[-81.133995,-4.187763],[-81.133908,-4.187555],[-81.13385,-4.187336],[-81.133671,-4.184402],[-81.133579,-4.183731],[-81.133172,-4.182673],[-81.13296,-4.182273],[-81.132821,-4.182095],[-81.129454,-4.179364],[-81.128377,-4.178519],[-81.127686,-4.177923],[-81.125895,-4.176508],[-81.124481,-4.175354],[-81.123577,-4.174657],[-81.120743,-4.172356],[-81.120579,-4.172198],[-81.120443,-4.172017],[-81.119953,-4.171252],[-81.119676,-4.170893],[-81.119039,-4.169952],[-81.118431,-4.168994],[-81.117145,-4.167121],[-81.116844,-4.16678],[-81.116677,-4.166625],[-81.116489,-4.166496],[-81.116088,-4.166277],[-81.115873,-4.166198],[-81.115427,-4.166092],[-81.107917,-4.165107],[-81.107471,-4.165003],[-81.107038,-4.16485],[-81.106636,-4.164634],[-81.106079,-4.164238],[-81.100012,-4.157753],[-81.099648,-4.157479],[-81.099247,-4.15726],[-81.099035,-4.157175],[-81.098591,-4.157061],[-81.094957,-4.156531],[-81.094512,-4.156424],[-81.0943,-4.156338],[-81.094117,-4.156207],[-81.093958,-4.156045],[-81.093824,-4.155861],[-81.09372,-4.155661],[-81.093663,-4.155444],[-81.093646,-4.15522],[-81.093667,-4.154995],[-81.09372,-4.154775],[-81.093807,-4.154567],[-81.094723,-4.152743],[-81.09504,-4.151895],[-81.095128,-4.151452],[-81.095158,-4.151001],[-81.09513,-4.150324],[-81.095,-4.149659],[-81.094779,-4.149017],[-81.094488,-4.148403],[-81.09126,-4.142411],[-81.090904,-4.141831],[-81.090605,-4.141489],[-81.09027,-4.141179],[-81.089918,-4.140889],[-81.08954,-4.140634],[-81.088713,-4.140242],[-81.084321,-4.138926],[-81.08345,-4.138641],[-81.082815,-4.138377],[-81.079992,-4.136865],[-81.079168,-4.136466],[-81.078508,-4.136272],[-81.078056,-4.136199],[-81.075531,-4.136145],[-81.074846,-4.136072],[-81.0744,-4.135965],[-81.0711,-4.134997],[-81.070232,-4.134702],[-81.070023,-4.13461],[-81.069426,-4.134271],[-81.069066,-4.133992],[-81.068733,-4.133681],[-81.068434,-4.133338],[-81.068052,-4.132774],[-81.067763,-4.132159],[-81.067622,-4.131729],[-81.065564,-4.12408],[-81.065013,-4.122354],[-81.064898,-4.121917],[-81.064865,-4.121694],[-81.06485,-4.121242],[-81.065026,-4.119897],[-81.065462,-4.116989],[-81.065503,-4.116539],[-81.065517,-4.116314],[-81.065501,-4.116088],[-81.065477,-4.115863],[-81.065424,-4.115644],[-81.065287,-4.115213],[-81.064367,-4.112897],[-81.06422,-4.112468],[-81.063862,-4.111159],[-81.063697,-4.110737],[-81.063469,-4.110345],[-81.063177,-4.109996],[-81.061562,-4.10839],[-81.061225,-4.108083],[-81.061028,-4.107968],[-81.060598,-4.107812],[-81.05927,-4.107453],[-81.058594,-4.107328],[-81.058135,-4.107324],[-81.055611,-4.107395],[-81.055385,-4.107361],[-81.054283,-4.107046],[-81.053614,-4.106885],[-81.053411,-4.106785],[-81.05296,-4.106701],[-81.052273,-4.106666],[-81.052044,-4.106681],[-81.051591,-4.106752],[-81.051136,-4.10671],[-81.050449,-4.106763],[-81.048857,-4.106553],[-81.048788,-4.106406],[-81.048814,-4.105967],[-81.04791,-4.105876],[-81.047862,-4.106308],[-81.048772,-4.106414],[-81.048697,-4.106536],[-81.047789,-4.106402],[-81.046662,-4.106191],[-81.043749,-4.105554],[-81.033672,-4.103313],[-81.032111,-4.102935],[-81.03168,-4.102782],[-81.031472,-4.102686],[-81.029495,-4.101537],[-81.029118,-4.101279],[-81.028763,-4.100994],[-81.028616,-4.100823],[-81.028387,-4.100432],[-81.027998,-4.099613],[-81.020348,-4.082178],[-81.019857,-4.081157],[-81.018865,-4.079913],[-81.017777,-4.079081],[-81.017571,-4.078992],[-81.014916,-4.078266],[-81.005314,-4.076008],[-81.004213,-4.075687],[-81.003389,-4.075288],[-81.000606,-4.073706],[-80.997607,-4.072038],[-80.994433,-4.070216],[-80.98726,-4.066173],[-80.98584,-4.065431],[-80.983517,-4.064458],[-80.958621,-4.055796],[-80.957351,-4.055271],[-80.955841,-4.053882],[-80.955692,-4.053713],[-80.954303,-4.05086],[-80.954038,-4.04976],[-80.954,-4.04931],[-80.95402,-4.044562],[-80.954043,-4.043884],[-80.954082,-4.043433],[-80.954609,-4.041701],[-80.954707,-4.041498],[-80.962545,-4.02794],[-80.96262,-4.027734],[-80.962503,-4.027298],[-80.962504,-4.02708],[-80.962703,-4.026673],[-80.962854,-4.026505],[-80.963279,-4.026338],[-80.963469,-4.026213],[-80.963612,-4.02604],[-80.967119,-4.019427],[-80.967362,-4.019043],[-80.96766,-4.0187],[-80.967828,-4.018546],[-80.968197,-4.018279],[-80.968394,-4.018164],[-80.969028,-4.017901],[-80.975942,-4.015452],[-80.976578,-4.015193],[-80.97697,-4.014959],[-80.977147,-4.014815],[-80.977451,-4.014478],[-80.977691,-4.014093],[-80.977858,-4.013674],[-80.978011,-4.013012],[-80.979082,-4.006312],[-80.979114,-4.005636],[-80.979092,-4.005184],[-80.979031,-4.004736],[-80.978914,-4.004299],[-80.978766,-4.003871],[-80.978454,-4.003267],[-80.975563,-3.999467],[-80.975045,-3.998721],[-80.97473,-3.998118],[-80.974468,-3.997491],[-80.972931,-3.991344],[-80.972791,-3.990914],[-80.972607,-3.990499],[-80.972497,-3.990302],[-80.972251,-3.98992],[-80.971188,-3.988733],[-80.966524,-3.983742],[-80.966197,-3.983424],[-80.965836,-3.983147],[-80.965431,-3.982933],[-80.965003,-3.982775],[-80.964778,-3.98273],[-80.964322,-3.982682],[-80.963636,-3.982737],[-80.961402,-3.983256],[-80.960946,-3.983309],[-80.960488,-3.983313],[-80.96026,-3.983288],[-80.959812,-3.98319],[-80.959383,-3.98303],[-80.958973,-3.982828],[-80.958779,-3.982706],[-80.958419,-3.982425],[-80.957942,-3.981937],[-80.95234,-3.975648],[-80.949142,-3.972095],[-80.947032,-3.969707],[-80.946308,-3.96883],[-80.945942,-3.968256],[-80.945758,-3.967842],[-80.945563,-3.967192],[-80.945518,-3.96697],[-80.945464,-3.966521],[-80.945453,-3.96607],[-80.945516,-3.965394],[-80.947495,-3.952427],[-80.947536,-3.95175],[-80.947482,-3.951302],[-80.947353,-3.950868],[-80.947265,-3.950659],[-80.947029,-3.950272],[-80.946741,-3.949921],[-80.946407,-3.949611],[-80.942575,-3.94637],[-80.94219,-3.946126],[-80.941982,-3.946028],[-80.941765,-3.945957],[-80.94154,-3.945913],[-80.941311,-3.945904],[-80.939934,-3.945946],[-80.939478,-3.945904],[-80.939027,-3.945817],[-80.938809,-3.945746],[-80.938391,-3.945561],[-80.937794,-3.945222],[-80.924969,-3.936859],[-80.923801,-3.936139],[-80.921604,-3.934913],[-80.913725,-3.930724],[-80.913142,-3.930363],[-80.912403,-3.929827],[-80.908448,-3.926381],[-80.907744,-3.9258],[-80.906242,-3.924761],[-80.904852,-3.923967],[-80.896858,-3.919994],[-80.896063,-3.919542],[-80.895316,-3.919016],[-80.894421,-3.918308],[-80.891079,-3.915547],[-80.890707,-3.915283],[-80.890304,-3.915068],[-80.889872,-3.914917],[-80.889649,-3.914864],[-80.889192,-3.914835],[-80.88805,-3.914945],[-80.887822,-3.91493],[-80.887602,-3.91487],[-80.887394,-3.914777],[-80.887208,-3.914645],[-80.887047,-3.914487],[-80.886649,-3.913934],[-80.882864,-3.908266],[-80.882734,-3.908081],[-80.882431,-3.907741],[-80.882086,-3.907442],[-80.88171,-3.907184],[-80.881511,-3.907072],[-80.879418,-3.906143],[-80.879024,-3.905911],[-80.87884,-3.905776],[-80.878494,-3.905479],[-80.878181,-3.905149],[-80.876411,-3.903071],[-80.875905,-3.902612],[-80.875721,-3.902476],[-80.87533,-3.902238],[-80.874708,-3.90195],[-80.872744,-3.901318],[-80.871683,-3.900886],[-80.870677,-3.900342],[-80.868725,-3.899153],[-80.868525,-3.899043],[-80.868102,-3.898866],[-80.867884,-3.898799],[-80.864979,-3.898122],[-80.862958,-3.897701],[-80.856913,-3.896346],[-80.856476,-3.896208],[-80.856063,-3.896011],[-80.855867,-3.895894],[-80.855336,-3.895463],[-80.855028,-3.895128],[-80.852667,-3.892067],[-80.851714,-3.890793],[-80.849622,-3.888099],[-80.849013,-3.887423],[-80.848529,-3.886939],[-80.845382,-3.883966],[-80.844647,-3.883423],[-80.843839,-3.882995],[-80.839626,-3.881198],[-80.839219,-3.880988],[-80.838836,-3.880739],[-80.836057,-3.878375],[-80.831409,-3.874336],[-80.830955,-3.873827],[-80.830584,-3.873256],[-80.830485,-3.873052],[-80.83033,-3.872627],[-80.829356,-3.86844],[-80.829268,-3.867996],[-80.829173,-3.867324],[-80.829144,-3.866195],[-80.82937,-3.855797],[-80.829336,-3.854893],[-80.829256,-3.85422],[-80.829106,-3.853558],[-80.828897,-3.852912],[-80.816236,-3.82113],[-80.81399,-3.81544],[-80.798102,-3.775676],[-80.793497,-3.764098],[-80.792847,-3.76265],[-80.786597,-3.749805],[-80.786123,-3.749031],[-80.785576,-3.748305],[-80.783732,-3.746288],[-80.782618,-3.745148],[-80.782441,-3.745004],[-80.782243,-3.744892],[-80.782025,-3.744821],[-80.781798,-3.744788],[-80.781342,-3.744812],[-80.780461,-3.745066],[-80.780014,-3.745171],[-80.779786,-3.74519],[-80.779331,-3.745137],[-80.779118,-3.745055],[-80.778918,-3.744945],[-80.778733,-3.744813],[-80.778045,-3.744214],[-80.777686,-3.743932],[-80.7771,-3.743579],[-80.776885,-3.743499],[-80.776438,-3.743395],[-80.775299,-3.743258],[-80.775075,-3.743209],[-80.774632,-3.743092],[-80.774215,-3.742904],[-80.773819,-3.742675],[-80.773277,-3.742257],[-80.76914,-3.738673],[-80.768678,-3.73817],[-80.768427,-3.737794],[-80.764927,-3.730923],[-80.764707,-3.730526],[-80.764458,-3.730147],[-80.764173,-3.729793],[-80.763522,-3.729155],[-80.758367,-3.724657],[-80.757353,-3.723738],[-80.75677,-3.723041],[-80.756397,-3.722471],[-80.755101,-3.720077],[-80.754837,-3.719707],[-80.754542,-3.719362],[-80.75438,-3.7192],[-80.754023,-3.718917],[-80.753636,-3.718674],[-80.753216,-3.718493],[-80.752777,-3.718365],[-80.752324,-3.71829],[-80.751866,-3.71828],[-80.751408,-3.718317],[-80.750959,-3.718408],[-80.74985,-3.7187],[-80.749396,-3.718762],[-80.748939,-3.718745],[-80.748492,-3.718645],[-80.748075,-3.718458],[-80.741241,-3.714743],[-80.740823,-3.714556],[-80.740386,-3.714418],[-80.739934,-3.714346],[-80.739705,-3.71433],[-80.739246,-3.714341],[-80.739018,-3.714367],[-80.738795,-3.71442],[-80.73813,-3.714596],[-80.732852,-3.716155],[-80.732184,-3.71632],[-80.73173,-3.71638],[-80.731043,-3.716347],[-80.730601,-3.716227],[-80.730176,-3.716057],[-80.72978,-3.71583],[-80.729596,-3.715694],[-80.727205,-3.713578],[-80.720421,-3.707483],[-80.719696,-3.706928],[-80.712275,-3.701994],[-80.711356,-3.701317],[-80.708353,-3.698861],[-80.707629,-3.698306],[-80.700619,-3.69358],[-80.699823,-3.69313],[-80.695343,-3.690833],[-80.69455,-3.690378],[-80.694195,-3.690092],[-80.69374,-3.689583],[-80.692244,-3.687579],[-80.691784,-3.687076],[-80.69144,-3.686776],[-80.684163,-3.680896],[-80.683793,-3.680629],[-80.68339,-3.680413],[-80.68318,-3.680322],[-80.682744,-3.680182],[-80.682289,-3.680125],[-80.682059,-3.680127],[-80.681601,-3.680155],[-80.677954,-3.680583],[-80.677497,-3.680563],[-80.677043,-3.680493],[-80.675696,-3.680212],[-80.67281,-3.679461],[-80.671962,-3.679117],[-80.669971,-3.677992],[-80.669333,-3.677737],[-80.667564,-3.67725],[-80.667354,-3.677163],[-80.666738,-3.676861],[-80.665939,-3.676416],[-80.66558,-3.676134],[-80.663551,-3.674654],[-80.663017,-3.674226],[-80.662515,-3.673762],[-80.662203,-3.673431],[-80.660366,-3.671115],[-80.659067,-3.669532],[-80.658878,-3.669408],[-80.65866,-3.669344],[-80.658432,-3.669329],[-80.657744,-3.669357],[-80.657516,-3.669334],[-80.65707,-3.669229],[-80.655484,-3.668972],[-80.654805,-3.668863],[-80.654348,-3.66882],[-80.653891,-3.668852],[-80.652097,-3.669238],[-80.651641,-3.66929],[-80.651182,-3.669277],[-80.650954,-3.669252],[-80.650505,-3.669161],[-80.647873,-3.66836],[-80.646548,-3.66799],[-80.646093,-3.667933],[-80.645634,-3.667904],[-80.645175,-3.667909],[-80.644718,-3.667947],[-80.644264,-3.668016],[-80.644039,-3.66806],[-80.643377,-3.668248],[-80.638541,-3.670333],[-80.638099,-3.670458],[-80.637648,-3.670533],[-80.637189,-3.67055],[-80.636733,-3.6705],[-80.636066,-3.670334],[-80.635651,-3.670142],[-80.635264,-3.669899],[-80.635092,-3.66975],[-80.63376,-3.668505],[-80.633453,-3.668169],[-80.633201,-3.667793],[-80.632582,-3.666581],[-80.632359,-3.666186],[-80.632235,-3.665996],[-80.631942,-3.665648],[-80.631609,-3.665337],[-80.63124,-3.665069],[-80.630841,-3.664846],[-80.628746,-3.663921],[-80.627448,-3.66347],[-80.627023,-3.663299],[-80.626822,-3.66319],[-80.626631,-3.663066],[-80.625174,-3.661965],[-80.623033,-3.660257],[-80.622519,-3.659805],[-80.621883,-3.659153],[-80.619801,-3.656742],[-80.61878,-3.65552],[-80.618384,-3.654965],[-80.616694,-3.65201],[-80.615996,-3.65084],[-80.615463,-3.650104],[-80.614689,-3.649269],[-80.604782,-3.64085],[-80.604055,-3.640298],[-80.603447,-3.63998],[-80.601718,-3.63937],[-80.601055,-3.639189],[-80.600153,-3.639019],[-80.597415,-3.638724],[-80.5949,-3.638496],[-80.593532,-3.638334],[-80.591476,-3.638129],[-80.590566,-3.638011],[-80.584629,-3.637397],[-80.583501,-3.637187],[-80.582856,-3.636949],[-80.582442,-3.636756],[-80.582245,-3.636639],[-80.563627,-3.62545],[-80.560304,-3.623433],[-80.559707,-3.623096],[-80.55325,-3.619192],[-80.551472,-3.618155],[-80.548342,-3.616261],[-80.546943,-3.615482],[-80.546529,-3.615288],[-80.54588,-3.615062],[-80.54521,-3.614904],[-80.544525,-3.614844],[-80.544066,-3.614853],[-80.543156,-3.614972],[-80.526321,-3.618535],[-80.524519,-3.618888],[-80.523832,-3.618936],[-80.523144,-3.618921],[-80.522689,-3.618863],[-80.522017,-3.618714],[-80.521801,-3.618638],[-80.521157,-3.618398],[-80.520545,-3.618087],[-80.51431,-3.61426],[-80.513912,-3.614035],[-80.505354,-3.608748],[-80.503809,-3.607771],[-80.501356,-3.606097],[-80.492549,-3.599956],[-80.491972,-3.599586],[-80.491563,-3.599382],[-80.49135,-3.599298],[-80.490689,-3.599106],[-80.485729,-3.59817],[-80.484608,-3.597926],[-80.484385,-3.597871],[-80.483952,-3.597721],[-80.483544,-3.597513],[-80.483154,-3.597276],[-80.482433,-3.596717],[-80.482259,-3.59657],[-80.481956,-3.596231],[-80.481003,-3.594956],[-80.471756,-3.58285],[-80.471161,-3.582161],[-80.465444,-3.576283],[-80.464824,-3.575616],[-80.461524,-3.571557],[-80.460217,-3.569981],[-80.459915,-3.569657],[-80.456302,-3.564421],[-80.455814,-3.563655],[-80.453146,-3.5597],[-80.453013,-3.559541],[-80.452798,-3.559695]]}}]}