{"type":"FeatureCollection","features":[{"type":"Feature","properties":{"fuente":"OpenStreetMap 2026-10-02 (recorrido.py)","pasos":[{"accion":"inicio","via":"Carretera Panamericana Norte","m":40882},{"accion":"sigue","via":"Avenida Panamericana Norte","m":11402},{"accion":"sigue","via":"Carretera Panamericana Norte","m":956},{"accion":"sigue","via":"Avenida Panamericana Norte","m":86},{"accion":"sigue","via":"Carretera Panamericana Norte","m":1044},{"accion":"sigue","via":"","m":174},{"accion":"sigue","via":"Avenida Panamericana Norte","m":182},{"accion":"rotonda","salida":2,"via":"Avenida Alfredo Mendiola","m":70},{"accion":"sigue","via":"Avenida Alfredo Mendiola","m":407},{"accion":"rotonda","salida":3,"via":"Avenida Tomás Valle","m":144},{"accion":"sigue","via":"Avenida Tomás Valle","m":517},{"accion":"izquierda","via":"","m":383},{"accion":"sigue","via":"Avenida Túpac Amaru","m":2945},{"accion":"sigue","via":"Avenida Caquetá","m":956},{"accion":"sigue","via":"","m":557},{"accion":"sigue","via":"Vía de Evitamiento","m":12823},{"accion":"sigue","via":"","m":296},{"accion":"sigue","via":"Avenida Javier Prado Este","m":650},{"accion":"sigue","via":"Javier Prado Este","m":184},{"accion":"sigue","via":"Avenida Javier Prado Este","m":1934},{"accion":"izquierda","via":"Avenida Guardia Civil","m":1193},{"accion":"rotonda","salida":2,"via":"Avenida Guardia Civil","m":103},{"accion":"sigue","via":"Avenida Guardia Civil","m":977},{"accion":"izquierda","via":"Calle San Lorenzo","m":199}],"sin_calle":7,"fuera":[1207196,0]},"geometry":{"type":"LineString","coordinates":[[-80.452798,-3.559695],[-80.452983,-3.559561],[-80.452933,-3.559386],[-80.452163,-3.558262],[-80.452137,-3.558088],[-80.455947,-3.563738],[-80.460173,-3.569928],[-80.464931,-3.575733],[-80.470322,-3.581293],[-80.471567,-3.582622],[-80.471856,-3.582973],[-80.481938,-3.596158],[-80.482402,-3.596659],[-80.482574,-3.596809],[-80.483119,-3.597223],[-80.483504,-3.597469],[-80.484121,-3.597769],[-80.484559,-3.597902],[-80.486357,-3.598269],[-80.490638,-3.599095],[-80.491299,-3.599283],[-80.491724,-3.599453],[-80.491926,-3.599561],[-80.492506,-3.599927],[-80.5015,-3.606198],[-80.503765,-3.607743],[-80.50531,-3.608721],[-80.513867,-3.614008],[-80.514266,-3.614233],[-80.5205,-3.618061],[-80.52132,-3.618466],[-80.521967,-3.618698],[-80.522638,-3.618852],[-80.523092,-3.618916],[-80.52378,-3.618939],[-80.524467,-3.618893],[-80.526269,-3.618546],[-80.54333,-3.614942],[-80.544014,-3.614859],[-80.544472,-3.614842],[-80.545158,-3.614898],[-80.54583,-3.615047],[-80.54648,-3.615269],[-80.548102,-3.616116],[-80.551232,-3.618009],[-80.553009,-3.619049],[-80.559663,-3.623069],[-80.560456,-3.623524],[-80.570435,-3.629557],[-80.582397,-3.63673],[-80.582808,-3.636931],[-80.583453,-3.637169],[-80.584577,-3.637392],[-80.60033,-3.639044],[-80.601005,-3.639179],[-80.60167,-3.639354],[-80.603402,-3.639956],[-80.604011,-3.640272],[-80.604388,-3.64053],[-80.60492,-3.64096],[-80.61465,-3.649236],[-80.614811,-3.649397],[-80.61543,-3.650065],[-80.615966,-3.650799],[-80.616669,-3.651965],[-80.618359,-3.65492],[-80.61875,-3.655478],[-80.620655,-3.657741],[-80.622159,-3.659449],[-80.622481,-3.659771],[-80.623172,-3.660366],[-80.626399,-3.662909],[-80.626777,-3.663165],[-80.627186,-3.663367],[-80.628698,-3.663903],[-80.629962,-3.664442],[-80.631,-3.664926],[-80.631569,-3.665306],[-80.631907,-3.665611],[-80.632205,-3.665954],[-80.632333,-3.666142],[-80.632558,-3.666536],[-80.633173,-3.66775],[-80.633289,-3.667944],[-80.633566,-3.668305],[-80.635221,-3.669871],[-80.635607,-3.670116],[-80.635808,-3.670224],[-80.636236,-3.670385],[-80.636909,-3.670523],[-80.637138,-3.670546],[-80.637596,-3.670535],[-80.637825,-3.670517],[-80.638049,-3.67047],[-80.638491,-3.670348],[-80.638704,-3.670263],[-80.643328,-3.668262],[-80.643988,-3.66807],[-80.644214,-3.668026],[-80.644667,-3.667954],[-80.645124,-3.667912],[-80.645583,-3.667901],[-80.646041,-3.66793],[-80.646497,-3.667982],[-80.646721,-3.668029],[-80.650455,-3.669146],[-80.650903,-3.669245],[-80.651131,-3.669273],[-80.651589,-3.66929],[-80.652046,-3.669247],[-80.652497,-3.669164],[-80.653839,-3.668858],[-80.654296,-3.66882],[-80.654982,-3.66888],[-80.657693,-3.669355],[-80.658151,-3.669342],[-80.658608,-3.6693],[-80.658831,-3.669347],[-80.65902,-3.66947],[-80.659174,-3.669638],[-80.661328,-3.672283],[-80.66265,-3.673846],[-80.663155,-3.674307],[-80.66479,-3.675551],[-80.666091,-3.676481],[-80.666478,-3.676724],[-80.666884,-3.676934],[-80.667525,-3.677184],[-80.668848,-3.677559],[-80.669711,-3.677868],[-80.670122,-3.678068],[-80.671709,-3.678978],[-80.672122,-3.679175],[-80.672757,-3.679438],[-80.674526,-3.679923],[-80.676088,-3.680294],[-80.677211,-3.680528],[-80.677897,-3.68059],[-80.681544,-3.680161],[-80.682231,-3.68012],[-80.682687,-3.68017],[-80.682908,-3.68023],[-80.683127,-3.680299],[-80.683543,-3.68049],[-80.683745,-3.680597],[-80.684118,-3.680859],[-80.691396,-3.686739],[-80.691741,-3.687037],[-80.69221,-3.687533],[-80.693704,-3.689539],[-80.694157,-3.690049],[-80.694505,-3.690342],[-80.694692,-3.690473],[-80.696305,-3.691338],[-80.699973,-3.693212],[-80.700958,-3.693793],[-80.707581,-3.698273],[-80.709197,-3.699541],[-80.711311,-3.701281],[-80.712229,-3.70196],[-80.720019,-3.707163],[-80.720891,-3.707899],[-80.727333,-3.713692],[-80.729553,-3.715657],[-80.729734,-3.715796],[-80.730126,-3.71603],[-80.730547,-3.71621],[-80.730988,-3.716336],[-80.731214,-3.716367],[-80.731673,-3.71638],[-80.732129,-3.716333],[-80.732797,-3.716171],[-80.738738,-3.714428],[-80.738962,-3.714377],[-80.739418,-3.71433],[-80.740105,-3.714367],[-80.740332,-3.7144],[-80.740981,-3.714622],[-80.7422,-3.715254],[-80.748025,-3.718431],[-80.748438,-3.718626],[-80.748657,-3.718694],[-80.748882,-3.718736],[-80.749339,-3.718767],[-80.749568,-3.718746],[-80.750243,-3.718614],[-80.751126,-3.718366],[-80.751352,-3.718327],[-80.751809,-3.71828],[-80.752268,-3.718283],[-80.752721,-3.718353],[-80.753162,-3.718474],[-80.753585,-3.71865],[-80.753976,-3.718885],[-80.75434,-3.719161],[-80.754659,-3.719486],[-80.755069,-3.720031],[-80.755735,-3.721217],[-80.756367,-3.722423],[-80.756734,-3.722997],[-80.757311,-3.7237],[-80.758324,-3.724619],[-80.763479,-3.729118],[-80.764132,-3.729753],[-80.764425,-3.730101],[-80.764679,-3.730477],[-80.764902,-3.730872],[-80.767364,-3.735727],[-80.768438,-3.737725],[-80.768812,-3.738293],[-80.769439,-3.738953],[-80.773601,-3.74251],[-80.773974,-3.742771],[-80.774378,-3.742984],[-80.774808,-3.743142],[-80.775254,-3.743248],[-80.776393,-3.743387],[-80.776841,-3.743485],[-80.777056,-3.743563],[-80.777261,-3.743663],[-80.777649,-3.743906],[-80.77801,-3.744184],[-80.778879,-3.744921],[-80.779076,-3.745037],[-80.779286,-3.745128],[-80.779739,-3.74519],[-80.779968,-3.745175],[-80.780416,-3.745075],[-80.781296,-3.744821],[-80.781753,-3.744783],[-80.781981,-3.744809],[-80.7822,-3.744874],[-80.782404,-3.744977],[-80.782586,-3.745116],[-80.783702,-3.746255],[-80.785545,-3.748271],[-80.786097,-3.748993],[-80.786573,-3.749766],[-80.792827,-3.76261],[-80.79348,-3.764055],[-80.798086,-3.775634],[-80.804149,-3.790778],[-80.808159,-3.800887],[-80.813973,-3.815398],[-80.816219,-3.821088],[-80.828956,-3.853084],[-80.829151,-3.853733],[-80.829283,-3.854399],[-80.82935,-3.855073],[-80.829369,-3.855751],[-80.82914,-3.866375],[-80.829169,-3.867279],[-80.829262,-3.867951],[-80.83032,-3.872583],[-80.830465,-3.873011],[-80.830564,-3.873216],[-80.830929,-3.87379],[-80.831376,-3.874305],[-80.838799,-3.880714],[-80.839379,-3.881077],[-80.844003,-3.883078],[-80.84461,-3.883398],[-80.844987,-3.883656],[-80.845346,-3.883938],[-80.848497,-3.886908],[-80.848981,-3.887391],[-80.849592,-3.888066],[-80.851686,-3.890758],[-80.854999,-3.895093],[-80.855303,-3.895433],[-80.855829,-3.895869],[-80.856023,-3.89599],[-80.856436,-3.896189],[-80.856869,-3.896337],[-80.863137,-3.897742],[-80.866503,-3.898461],[-80.868061,-3.898847],[-80.868687,-3.899128],[-80.871037,-3.900544],[-80.871643,-3.900866],[-80.872918,-3.901378],[-80.874665,-3.901936],[-80.875292,-3.902215],[-80.875868,-3.902585],[-80.876379,-3.903039],[-80.87815,-3.905116],[-80.878461,-3.905449],[-80.878804,-3.905749],[-80.878986,-3.905887],[-80.879378,-3.906123],[-80.881056,-3.906857],[-80.881672,-3.907159],[-80.882051,-3.907414],[-80.882397,-3.907712],[-80.882704,-3.908047],[-80.88284,-3.908229],[-80.886625,-3.913896],[-80.887022,-3.91445],[-80.887173,-3.914618],[-80.887353,-3.914757],[-80.88756,-3.914855],[-80.887778,-3.914925],[-80.888005,-3.914948],[-80.889147,-3.914839],[-80.889604,-3.914858],[-80.890048,-3.914969],[-80.890263,-3.91505],[-80.89067,-3.915258],[-80.891045,-3.915519],[-80.89474,-3.918568],[-80.896027,-3.919516],[-80.896818,-3.919974],[-80.905017,-3.92405],[-80.906399,-3.924857],[-80.907709,-3.925773],[-80.91237,-3.929798],[-80.913105,-3.930339],[-80.913685,-3.930704],[-80.914489,-3.931141],[-80.916117,-3.931978],[-80.91732,-3.932639],[-80.922571,-3.935436],[-80.923763,-3.936116],[-80.925314,-3.937084],[-80.937954,-3.945313],[-80.938557,-3.945641],[-80.938984,-3.945805],[-80.939434,-3.945895],[-80.93989,-3.945944],[-80.941495,-3.945908],[-80.941721,-3.945947],[-80.94194,-3.946013],[-80.942149,-3.946106],[-80.942541,-3.946341],[-80.946547,-3.949729],[-80.946709,-3.949889],[-80.947003,-3.950236],[-80.947245,-3.95062],[-80.947337,-3.950827],[-80.947471,-3.951259],[-80.947533,-3.951706],[-80.947502,-3.952383],[-80.945523,-3.965351],[-80.945457,-3.966026],[-80.94546,-3.966477],[-80.94555,-3.967149],[-80.945745,-3.9678],[-80.945831,-3.968009],[-80.946032,-3.968414],[-80.946282,-3.968793],[-80.947003,-3.969673],[-80.949112,-3.972062],[-80.952613,-3.975955],[-80.958064,-3.982074],[-80.958386,-3.982396],[-80.958744,-3.982679],[-80.958935,-3.982804],[-80.959342,-3.983011],[-80.959769,-3.983176],[-80.960216,-3.983278],[-80.960444,-3.983308],[-80.960902,-3.983313],[-80.961358,-3.983264],[-80.963592,-3.982744],[-80.964277,-3.982681],[-80.964734,-3.982721],[-80.964959,-3.982766],[-80.965392,-3.982912],[-80.965797,-3.983126],[-80.966165,-3.983394],[-80.966494,-3.98371],[-80.971622,-3.989202],[-80.972222,-3.989886],[-80.972589,-3.990459],[-80.972774,-3.990873],[-80.97292,-3.991301],[-80.974457,-3.997448],[-80.974804,-3.998285],[-80.975023,-3.998682],[-80.975537,-3.999432],[-80.978166,-4.002859],[-80.978429,-4.00323],[-80.978647,-4.003627],[-80.978831,-4.004041],[-80.97902,-4.004693],[-80.979104,-4.005365],[-80.97912,-4.005817],[-80.979089,-4.006268],[-80.978392,-4.010738],[-80.977971,-4.01319],[-80.977872,-4.013631],[-80.977804,-4.013846],[-80.977709,-4.014052],[-80.977476,-4.01444],[-80.977334,-4.014618],[-80.977182,-4.014787],[-80.977005,-4.014931],[-80.976617,-4.015171],[-80.975985,-4.015437],[-80.971662,-4.016962],[-80.968433,-4.018141],[-80.967861,-4.018516],[-80.967386,-4.019006],[-80.96714,-4.019387],[-80.963633,-4.026001],[-80.963555,-4.026211],[-80.963574,-4.026434],[-80.96367,-4.026875],[-80.963591,-4.027087],[-80.963485,-4.027287],[-80.963359,-4.027475],[-80.963174,-4.027604],[-80.962744,-4.02776],[-80.962573,-4.027892],[-80.954625,-4.041647],[-80.954098,-4.04338],[-80.954048,-4.043828],[-80.954019,-4.044732],[-80.954,-4.049254],[-80.954033,-4.049705],[-80.954289,-4.050806],[-80.954371,-4.051015],[-80.955667,-4.053663],[-80.9558,-4.053844],[-80.95731,-4.055233],[-80.957511,-4.055337],[-80.958569,-4.055774],[-80.983463,-4.064439],[-80.985789,-4.065407],[-80.987211,-4.066145],[-81.00334,-4.075261],[-81.004162,-4.075663],[-81.005259,-4.075994],[-81.015084,-4.078308],[-81.017733,-4.079047],[-81.018821,-4.079879],[-81.018979,-4.08004],[-81.019823,-4.081113],[-81.019933,-4.08131],[-81.020326,-4.082127],[-81.028066,-4.099769],[-81.028474,-4.100578],[-81.02874,-4.100945],[-81.029263,-4.101385],[-81.031233,-4.102545],[-81.032742,-4.103087],[-81.046851,-4.106226],[-81.047079,-4.10625],[-81.047754,-4.106387],[-81.047892,-4.106316],[-81.048576,-4.106392],[-81.048792,-4.106429],[-81.048902,-4.106544],[-81.050494,-4.106753],[-81.051179,-4.106696],[-81.051406,-4.106731],[-81.051633,-4.106724],[-81.052086,-4.106654],[-81.052316,-4.106645],[-81.053002,-4.106701],[-81.053228,-4.106738],[-81.053658,-4.106883],[-81.055429,-4.107362],[-81.055886,-4.107382],[-81.057722,-4.107315],[-81.058639,-4.107328],[-81.059313,-4.107465],[-81.060642,-4.107824],[-81.06086,-4.107894],[-81.061067,-4.10799],[-81.061259,-4.108112],[-81.063052,-4.109863],[-81.063496,-4.110381],[-81.063609,-4.110578],[-81.063714,-4.110778],[-81.063876,-4.111201],[-81.064234,-4.11251],[-81.064382,-4.112939],[-81.065304,-4.115254],[-81.065437,-4.115686],[-81.065485,-4.115907],[-81.06552,-4.116358],[-81.065456,-4.117033],[-81.064871,-4.121062],[-81.06485,-4.121513],[-81.064908,-4.12196],[-81.064958,-4.122181],[-81.065576,-4.124123],[-81.067636,-4.131771],[-81.067777,-4.132201],[-81.068076,-4.132812],[-81.068461,-4.133373],[-81.068764,-4.133714],[-81.068925,-4.133875],[-81.069464,-4.134296],[-81.070062,-4.134631],[-81.070273,-4.13472],[-81.074444,-4.135978],[-81.074891,-4.136077],[-81.075576,-4.13615],[-81.078101,-4.1362],[-81.078552,-4.136283],[-81.078994,-4.136406],[-81.079209,-4.136484],[-81.080436,-4.1371],[-81.082857,-4.138395],[-81.083492,-4.138658],[-81.084146,-4.138871],[-81.087887,-4.139966],[-81.088542,-4.140175],[-81.089381,-4.140543],[-81.089578,-4.140658],[-81.089773,-4.140777],[-81.090303,-4.14121],[-81.090638,-4.141519],[-81.090931,-4.141867],[-81.091283,-4.14245],[-81.094401,-4.148243],[-81.094795,-4.149059],[-81.095012,-4.149702],[-81.095138,-4.150369],[-81.095147,-4.150594],[-81.095145,-4.151272],[-81.095083,-4.15172],[-81.094958,-4.152154],[-81.094796,-4.152577],[-81.093787,-4.154607],[-81.093708,-4.154819],[-81.093663,-4.155039],[-81.093641,-4.155265],[-81.093669,-4.155489],[-81.093738,-4.155702],[-81.093984,-4.156082],[-81.094151,-4.156237],[-81.094342,-4.156356],[-81.094776,-4.1565],[-81.098636,-4.157068],[-81.099079,-4.157187],[-81.099289,-4.157279],[-81.099687,-4.157503],[-81.100043,-4.157786],[-81.106111,-4.16427],[-81.106481,-4.164538],[-81.106874,-4.16477],[-81.107081,-4.164866],[-81.107514,-4.165018],[-81.107962,-4.165114],[-81.115473,-4.166098],[-81.115916,-4.166214],[-81.116131,-4.166293],[-81.116527,-4.166521],[-81.116878,-4.16681],[-81.117174,-4.167156],[-81.119703,-4.17093],[-81.119978,-4.171291],[-81.120469,-4.172055],[-81.120776,-4.172388],[-81.12772,-4.177955],[-81.128413,-4.178548],[-81.129313,-4.17925],[-81.132687,-4.181973],[-81.132852,-4.182129],[-81.133096,-4.18251],[-81.133592,-4.183774],[-81.133674,-4.184448],[-81.133861,-4.18738],[-81.13392,-4.187599],[-81.134776,-4.18945],[-81.135024,-4.189831],[-81.135296,-4.190195],[-81.13574,-4.190713],[-81.136126,-4.191274],[-81.136774,-4.192471],[-81.137271,-4.19349],[-81.137837,-4.194473],[-81.138076,-4.194858],[-81.138496,-4.195395],[-81.138749,-4.195772],[-81.138855,-4.195972],[-81.139191,-4.196814],[-81.139287,-4.197018],[-81.139408,-4.197211],[-81.139747,-4.197514],[-81.140142,-4.197743],[-81.140318,-4.197888],[-81.140467,-4.198059],[-81.141272,-4.199159],[-81.14151,-4.199546],[-81.141597,-4.199755],[-81.141703,-4.200194],[-81.14171,-4.202002],[-81.141641,-4.202676],[-81.141344,-4.204231],[-81.14132,-4.204682],[-81.141378,-4.20513],[-81.141429,-4.20535],[-81.141802,-4.206419],[-81.142019,-4.206816],[-81.142326,-4.207152],[-81.142693,-4.20742],[-81.142901,-4.207516],[-81.143124,-4.207569],[-81.14381,-4.207627],[-81.145416,-4.207689],[-81.146075,-4.207495],[-81.146299,-4.207452],[-81.146526,-4.207444],[-81.146749,-4.207496],[-81.147394,-4.207731],[-81.147616,-4.207789],[-81.149678,-4.207925],[-81.152863,-4.208348],[-81.153312,-4.208438],[-81.153528,-4.208516],[-81.153735,-4.208613],[-81.154116,-4.208864],[-81.157489,-4.211932],[-81.158309,-4.212723],[-81.164533,-4.218416],[-81.164882,-4.21871],[-81.166063,-4.219784],[-81.166217,-4.219949],[-81.166333,-4.220144],[-81.166435,-4.220346],[-81.166588,-4.220772],[-81.166708,-4.220963],[-81.166893,-4.221095],[-81.167301,-4.221295],[-81.167362,-4.221513],[-81.167255,-4.221703],[-81.167047,-4.221795],[-81.166873,-4.221939],[-81.166724,-4.22211],[-81.166675,-4.222325],[-81.166832,-4.222985],[-81.166902,-4.223197],[-81.167046,-4.223373],[-81.167612,-4.223758],[-81.168206,-4.224101],[-81.168379,-4.224249],[-81.169864,-4.225664],[-81.169982,-4.225857],[-81.17003,-4.226078],[-81.169989,-4.226295],[-81.169887,-4.226495],[-81.169747,-4.226673],[-81.169579,-4.226827],[-81.169394,-4.226961],[-81.169188,-4.227046],[-81.168961,-4.227058],[-81.168734,-4.227022],[-81.168505,-4.22703],[-81.168349,-4.227189],[-81.16827,-4.227394],[-81.168312,-4.227613],[-81.168759,-4.228124],[-81.168861,-4.228321],[-81.168928,-4.228767],[-81.169073,-4.228908],[-81.169262,-4.22884],[-81.169304,-4.228625],[-81.169293,-4.228399],[-81.169349,-4.228185],[-81.169533,-4.228058],[-81.170216,-4.227977],[-81.170445,-4.227972],[-81.170671,-4.228001],[-81.170871,-4.228102],[-81.17104,-4.228254],[-81.171339,-4.228596],[-81.17154,-4.22869],[-81.171713,-4.228576],[-81.171734,-4.228354],[-81.171724,-4.228128],[-81.171814,-4.227938],[-81.172027,-4.227871],[-81.172245,-4.227928],[-81.17287,-4.228214],[-81.17331,-4.228338],[-81.173467,-4.228485],[-81.173396,-4.228683],[-81.173178,-4.22873],[-81.172958,-4.228673],[-81.172741,-4.228699],[-81.172609,-4.228875],[-81.172601,-4.229097],[-81.17263,-4.229321],[-81.172704,-4.229534],[-81.172829,-4.229722],[-81.173009,-4.229859],[-81.173686,-4.229934],[-81.173878,-4.230048],[-81.174013,-4.230229],[-81.174259,-4.230611],[-81.174336,-4.230822],[-81.174358,-4.231046],[-81.17424,-4.231481],[-81.17421,-4.231702],[-81.174261,-4.231919],[-81.174399,-4.23209],[-81.174585,-4.232221],[-81.174792,-4.232319],[-81.17497,-4.232452],[-81.175272,-4.23279],[-81.1757,-4.232953],[-81.17589,-4.23307],[-81.176008,-4.233259],[-81.176004,-4.233474],[-81.175881,-4.233661],[-81.175728,-4.233828],[-81.175727,-4.234046],[-81.175851,-4.234231],[-81.176478,-4.234507],[-81.176635,-4.234668],[-81.176721,-4.234876],[-81.176821,-4.235317],[-81.176937,-4.235508],[-81.177082,-4.235683],[-81.177713,-4.23634],[-81.17813,-4.23688],[-81.178251,-4.237072],[-81.178339,-4.237279],[-81.178384,-4.2375],[-81.178413,-4.238176],[-81.178502,-4.238378],[-81.178662,-4.238536],[-81.178863,-4.23864],[-81.179085,-4.238692],[-81.180001,-4.238745],[-81.180651,-4.238966],[-81.181056,-4.239176],[-81.181399,-4.239476],[-81.184322,-4.242353],[-81.184631,-4.242687],[-81.185137,-4.243146],[-81.185507,-4.243414],[-81.186312,-4.243847],[-81.186838,-4.244284],[-81.187392,-4.244686],[-81.195738,-4.249442],[-81.196284,-4.249854],[-81.196601,-4.250181],[-81.196891,-4.250531],[-81.197149,-4.250904],[-81.19876,-4.253643],[-81.202146,-4.259289],[-81.204907,-4.263985],[-81.204966,-4.2642],[-81.205031,-4.264647],[-81.205067,-4.265098],[-81.205052,-4.265323],[-81.20498,-4.265769],[-81.204823,-4.266193],[-81.204719,-4.266394],[-81.204462,-4.266768],[-81.204165,-4.267113],[-81.203792,-4.267375],[-81.203381,-4.267575],[-81.202948,-4.267726],[-81.202723,-4.267752],[-81.200889,-4.267862],[-81.198135,-4.267893],[-81.197679,-4.267941],[-81.197458,-4.268001],[-81.197065,-4.268233],[-81.196896,-4.268384],[-81.196751,-4.268559],[-81.19651,-4.268943],[-81.196444,-4.269159],[-81.196172,-4.270488],[-81.195988,-4.271833],[-81.195439,-4.277005],[-81.195293,-4.278808],[-81.195149,-4.279928],[-81.194814,-4.28077],[-81.194702,-4.280965],[-81.194135,-4.281676],[-81.193971,-4.281834],[-81.184388,-4.290275],[-81.183654,-4.290817],[-81.182125,-4.291819],[-81.180812,-4.292733],[-81.180637,-4.292877],[-81.175808,-4.297392],[-81.174729,-4.298564],[-81.170961,-4.303412],[-81.164576,-4.31141],[-81.164421,-4.311577],[-81.163876,-4.31199],[-81.157847,-4.31527],[-81.15729,-4.315668],[-81.152069,-4.320092],[-81.148438,-4.323866],[-81.147881,-4.324265],[-81.145098,-4.325848],[-81.144908,-4.325975],[-81.144193,-4.326542],[-81.142434,-4.328326],[-81.137901,-4.33402],[-81.137122,-4.33485],[-81.135364,-4.336635],[-81.133421,-4.338559],[-81.130375,-4.341634],[-81.128556,-4.343672],[-81.128,-4.34439],[-81.127713,-4.345006],[-81.125924,-4.349415],[-81.124952,-4.351954],[-81.124587,-4.352784],[-81.124233,-4.353859],[-81.124162,-4.354531],[-81.124184,-4.354983],[-81.124212,-4.355207],[-81.124311,-4.355648],[-81.124394,-4.355858],[-81.12639,-4.360427],[-81.130612,-4.370207],[-81.132471,-4.374588],[-81.134203,-4.37853],[-81.136437,-4.383737],[-81.136726,-4.384352],[-81.139221,-4.390187],[-81.153371,-4.422834],[-81.153584,-4.423235],[-81.153985,-4.423786],[-81.168122,-4.438935],[-81.169299,-4.440324],[-81.176187,-4.448795],[-81.1765,-4.449126],[-81.176672,-4.449275],[-81.176858,-4.449407],[-81.177255,-4.449634],[-81.187971,-4.454282],[-81.188399,-4.454444],[-81.18884,-4.454569],[-81.189293,-4.454639],[-81.191583,-4.454799],[-81.192265,-4.45489],[-81.192689,-4.455059],[-81.19307,-4.455309],[-81.193392,-4.455631],[-81.193656,-4.456001],[-81.195185,-4.458525],[-81.195378,-4.458935],[-81.19561,-4.459573],[-81.19567,-4.459792],[-81.195712,-4.460014],[-81.195808,-4.461366],[-81.196083,-4.462464],[-81.196157,-4.462677],[-81.196257,-4.46288],[-81.196942,-4.464057],[-81.197086,-4.46423],[-81.197276,-4.464355],[-81.197494,-4.464419],[-81.197721,-4.464402],[-81.198136,-4.464213],[-81.198351,-4.46414],[-81.198506,-4.46429],[-81.198483,-4.46451],[-81.198329,-4.464936],[-81.198281,-4.465157],[-81.198208,-4.466058],[-81.19821,-4.466283],[-81.198271,-4.466498],[-81.198403,-4.466682],[-81.198597,-4.466801],[-81.198819,-4.466847],[-81.199507,-4.466844],[-81.199735,-4.466865],[-81.199924,-4.466984],[-81.200039,-4.467175],[-81.200614,-4.468893],[-81.200872,-4.469522],[-81.201355,-4.470547],[-81.201792,-4.471342],[-81.202073,-4.471699],[-81.202388,-4.472028],[-81.202745,-4.47231],[-81.203693,-4.472949],[-81.204047,-4.473237],[-81.204203,-4.473402],[-81.204458,-4.473777],[-81.204556,-4.473982],[-81.2047,-4.474411],[-81.205189,-4.476155],[-81.205265,-4.476368],[-81.20546,-4.476776],[-81.205587,-4.476964],[-81.205737,-4.477135],[-81.205903,-4.47729],[-81.206274,-4.477555],[-81.208686,-4.478868],[-81.209665,-4.479457],[-81.216035,-4.483497],[-81.216449,-4.483693],[-81.217526,-4.484082],[-81.218158,-4.484349],[-81.218543,-4.484597],[-81.21982,-4.485557],[-81.219989,-4.48571],[-81.220138,-4.485882],[-81.220275,-4.486062],[-81.220381,-4.486263],[-81.220472,-4.48647],[-81.220554,-4.486915],[-81.221833,-4.502237],[-81.221849,-4.502689],[-81.221817,-4.502912],[-81.221762,-4.503131],[-81.221673,-4.503339],[-81.221556,-4.503533],[-81.21913,-4.507103],[-81.218906,-4.507497],[-81.218721,-4.507911],[-81.215835,-4.516496],[-81.2156,-4.517134],[-81.215504,-4.517339],[-81.215383,-4.51753],[-81.215235,-4.517704],[-81.215082,-4.517871],[-81.214899,-4.518006],[-81.214496,-4.518221],[-81.214047,-4.518312],[-81.213588,-4.518325],[-81.209466,-4.518032],[-81.209007,-4.518048],[-81.20878,-4.51808],[-81.208337,-4.518196],[-81.207914,-4.518371],[-81.207714,-4.518482],[-81.203972,-4.520689],[-81.203805,-4.520842],[-81.203671,-4.521024],[-81.203584,-4.521232],[-81.203533,-4.521449],[-81.203568,-4.5219],[-81.20364,-4.522346],[-81.204636,-4.526991],[-81.205871,-4.534582],[-81.205973,-4.535022],[-81.206244,-4.535645],[-81.209079,-4.54056],[-81.209454,-4.541384],[-81.209933,-4.542656],[-81.215908,-4.559281],[-81.216235,-4.560126],[-81.21752,-4.563028],[-81.21757,-4.563248],[-81.217548,-4.563472],[-81.217491,-4.56369],[-81.217388,-4.563891],[-81.217244,-4.564066],[-81.217066,-4.564208],[-81.182488,-4.588107],[-81.181559,-4.588772],[-81.159189,-4.604219],[-81.158292,-4.604924],[-81.157464,-4.605707],[-81.156425,-4.606914],[-81.152,-4.612689],[-81.151737,-4.61306],[-81.150344,-4.614857],[-81.148987,-4.61668],[-81.148532,-4.617466],[-81.143944,-4.627333],[-81.143488,-4.628118],[-81.143371,-4.628312],[-81.142112,-4.629925],[-81.139077,-4.633615],[-81.138041,-4.634825],[-81.137766,-4.635187],[-81.137352,-4.635993],[-81.137198,-4.636419],[-81.137081,-4.636856],[-81.137005,-4.637302],[-81.13696,-4.638205],[-81.137099,-4.640461],[-81.13709,-4.640913],[-81.137021,-4.64136],[-81.136871,-4.641787],[-81.136774,-4.641991],[-81.136524,-4.642369],[-81.13621,-4.642698],[-81.136032,-4.642842],[-81.135646,-4.643085],[-81.135437,-4.643176],[-81.13459,-4.643527],[-81.127527,-4.646228],[-81.12668,-4.646576],[-81.126278,-4.646794],[-81.126089,-4.646923],[-81.12573,-4.647204],[-81.125393,-4.647511],[-81.122993,-4.650249],[-81.121815,-4.651637],[-81.1212,-4.652309],[-81.120469,-4.65318],[-81.11064,-4.664538],[-81.109879,-4.665384],[-81.094088,-4.683619],[-81.091573,-4.686559],[-81.087689,-4.691023],[-81.086779,-4.692041],[-81.086127,-4.692678],[-81.085269,-4.693429],[-81.084362,-4.694122],[-81.083222,-4.694883],[-81.028745,-4.727635],[-81.001863,-4.743718],[-80.99933,-4.745272],[-80.994231,-4.748329],[-80.993285,-4.74897],[-80.992578,-4.749547],[-80.989352,-4.752438],[-80.975202,-4.765342],[-80.974209,-4.766282],[-80.97232,-4.767933],[-80.968107,-4.771772],[-80.966772,-4.773014],[-80.96556,-4.774054],[-80.964233,-4.775304],[-80.959148,-4.779879],[-80.955119,-4.783581],[-80.951398,-4.786944],[-80.950022,-4.788142],[-80.945658,-4.792154],[-80.933142,-4.803468],[-80.932316,-4.804253],[-80.925855,-4.810026],[-80.923853,-4.81189],[-80.919612,-4.815699],[-80.9159,-4.819073],[-80.915042,-4.819823],[-80.914209,-4.820601],[-80.912514,-4.822126],[-80.911351,-4.823218],[-80.906588,-4.82747],[-80.90576,-4.828253],[-80.901217,-4.832407],[-80.896798,-4.836359],[-80.8931,-4.839747],[-80.888849,-4.843545],[-80.888314,-4.843971],[-80.887362,-4.844603],[-80.886968,-4.844834],[-80.886158,-4.845261],[-80.885322,-4.845635],[-80.884466,-4.845964],[-80.88337,-4.846298],[-80.882468,-4.846465],[-80.881786,-4.846563],[-80.88064,-4.846628],[-80.879952,-4.846624],[-80.873524,-4.846758],[-80.869626,-4.846943],[-80.865277,-4.847281],[-80.862984,-4.847384],[-80.859318,-4.847624],[-80.858406,-4.847729],[-80.857488,-4.84775],[-80.854281,-4.847951],[-80.853592,-4.847956],[-80.852218,-4.847868],[-80.846533,-4.847082],[-80.838808,-4.84598],[-80.835858,-4.845534],[-80.807853,-4.840487],[-80.807168,-4.840417],[-80.80648,-4.840382],[-80.806251,-4.840394],[-80.804879,-4.840509],[-80.802614,-4.840876],[-80.801746,-4.841171],[-80.80049,-4.841729],[-80.799884,-4.84205],[-80.799306,-4.842418],[-80.798371,-4.843074],[-80.791963,-4.847848],[-80.789601,-4.849646],[-80.786673,-4.85183],[-80.785745,-4.852496],[-80.784298,-4.85361],[-80.782996,-4.854538],[-80.779534,-4.857151],[-80.778962,-4.857529],[-80.778759,-4.857633],[-80.778347,-4.857832],[-80.777699,-4.858062],[-80.774315,-4.858688],[-80.770242,-4.85938],[-80.767991,-4.859823],[-80.765949,-4.860131],[-80.765031,-4.860161],[-80.764345,-4.860111],[-80.763663,-4.860014],[-80.763437,-4.859973],[-80.762995,-4.859852],[-80.762343,-4.859634],[-80.759547,-4.858606],[-80.756079,-4.857413],[-80.753707,-4.85656],[-80.75283,-4.856291],[-80.752379,-4.856208],[-80.751694,-4.856135],[-80.750547,-4.856091],[-80.747105,-4.85619],[-80.743891,-4.85622],[-80.736775,-4.85636],[-80.736087,-4.856399],[-80.735405,-4.856492],[-80.734521,-4.856733],[-80.733661,-4.85705],[-80.732839,-4.857454],[-80.732255,-4.857812],[-80.726177,-4.862635],[-80.722991,-4.865227],[-80.71854,-4.868796],[-80.716922,-4.870063],[-80.714982,-4.871654],[-80.714466,-4.872104],[-80.714153,-4.872433],[-80.713198,-4.873707],[-80.708365,-4.880586],[-80.707771,-4.881275],[-80.707426,-4.881573],[-80.706841,-4.88193],[-80.70642,-4.882109],[-80.706202,-4.882179],[-80.703098,-4.883004],[-80.700227,-4.883808],[-80.699433,-4.884261],[-80.698969,-4.884759],[-80.6987,-4.885126],[-80.698456,-4.885509],[-80.698252,-4.885914],[-80.698179,-4.886128],[-80.697991,-4.88678],[-80.697965,-4.887003],[-80.697534,-4.899431],[-80.697491,-4.901239],[-80.697499,-4.901465],[-80.697569,-4.90168],[-80.69748,-4.902333],[-80.697495,-4.903238],[-80.697449,-4.903686],[-80.697398,-4.906625],[-80.697264,-4.910918],[-80.697239,-4.913857],[-80.697029,-4.918601],[-80.696969,-4.921313],[-80.696506,-4.937812],[-80.696519,-4.938942],[-80.697357,-4.955426],[-80.697365,-4.955878],[-80.698411,-4.9762],[-80.698833,-4.98365],[-80.699848,-5.004879],[-80.701459,-5.036492],[-80.70152,-5.038074],[-80.701739,-5.041685],[-80.70176,-5.041909],[-80.702083,-5.043228],[-80.702218,-5.044122],[-80.70226,-5.044799],[-80.702428,-5.046373],[-80.706643,-5.073642],[-80.706721,-5.074543],[-80.706879,-5.081098],[-80.706869,-5.082455],[-80.706832,-5.083358],[-80.706691,-5.084707],[-80.70646,-5.086274],[-80.703423,-5.108456],[-80.703267,-5.109804],[-80.703036,-5.11228],[-80.702553,-5.114721],[-80.698796,-5.141827],[-80.698498,-5.143151],[-80.691516,-5.165873],[-80.690768,-5.168249],[-80.690627,-5.168912],[-80.69054,-5.169585],[-80.69051,-5.170489],[-80.690587,-5.170701],[-80.690691,-5.170899],[-80.690905,-5.170952],[-80.691077,-5.170816],[-80.691348,-5.17045],[-80.691398,-5.170236],[-80.691245,-5.170082],[-80.691018,-5.170052],[-80.690797,-5.170086],[-80.687342,-5.171313],[-80.686902,-5.171429],[-80.663339,-5.179732],[-80.663145,-5.179848],[-80.662932,-5.179929],[-80.657956,-5.18167],[-80.654722,-5.182836],[-80.652983,-5.183419],[-80.649739,-5.184559],[-80.649534,-5.184657],[-80.649336,-5.184772],[-80.649179,-5.184906],[-80.649322,-5.185336],[-80.649358,-5.185786],[-80.649332,-5.18601],[-80.649039,-5.188024],[-80.647902,-5.194943],[-80.647763,-5.195095],[-80.64559,-5.195823],[-80.644115,-5.196452],[-80.641018,-5.197934],[-80.637902,-5.19938],[-80.634596,-5.200955],[-80.632712,-5.201792],[-80.632538,-5.201802],[-80.632378,-5.201378],[-80.632027,-5.200067],[-80.631875,-5.199405],[-80.632045,-5.199324],[-80.631932,-5.19936],[-80.631911,-5.199536],[-80.632355,-5.201291],[-80.632517,-5.201715],[-80.632692,-5.2017],[-80.634775,-5.20075],[-80.63829,-5.199078],[-80.642024,-5.197337],[-80.642166,-5.197468],[-80.645312,-5.201923],[-80.648895,-5.206904],[-80.649936,-5.208394],[-80.65175,-5.211277],[-80.652079,-5.211873],[-80.652442,-5.212703],[-80.654133,-5.217629],[-80.654401,-5.218494],[-80.65446,-5.21894],[-80.65446,-5.219393],[-80.654346,-5.220744],[-80.654339,-5.221196],[-80.654398,-5.221644],[-80.654588,-5.222295],[-80.654665,-5.222508],[-80.654771,-5.222708],[-80.656374,-5.225452],[-80.656621,-5.225833],[-80.656798,-5.225971],[-80.656992,-5.226071],[-80.657077,-5.226272],[-80.656977,-5.226469],[-80.656771,-5.22655],[-80.656568,-5.226557],[-80.654346,-5.227735],[-80.653981,-5.22801],[-80.64083,-5.237107],[-80.636712,-5.239986],[-80.635618,-5.240811],[-80.634872,-5.241338],[-80.633527,-5.242204],[-80.632347,-5.242905],[-80.631012,-5.243786],[-80.621803,-5.250149],[-80.620554,-5.251145],[-80.619715,-5.251916],[-80.619235,-5.252403],[-80.61848,-5.253254],[-80.617612,-5.254307],[-80.617052,-5.255024],[-80.616805,-5.255404],[-80.616142,-5.256327],[-80.615985,-5.256491],[-80.6158,-5.256625],[-80.615677,-5.256814],[-80.614986,-5.257988],[-80.614678,-5.258594],[-80.613875,-5.260469],[-80.613309,-5.26219],[-80.613127,-5.262844],[-80.612866,-5.263944],[-80.612688,-5.264832],[-80.61257,-5.265729],[-80.612429,-5.267758],[-80.612412,-5.269115],[-80.612444,-5.269792],[-80.612534,-5.270919],[-80.612645,-5.271817],[-80.612883,-5.273153],[-80.616436,-5.289745],[-80.620177,-5.307453],[-80.620491,-5.309235],[-80.62067,-5.31058],[-80.62079,-5.311704],[-80.620951,-5.31396],[-80.620998,-5.315542],[-80.620971,-5.317576],[-80.620917,-5.318932],[-80.620051,-5.328389],[-80.619642,-5.332439],[-80.619188,-5.33762],[-80.618966,-5.339643],[-80.618876,-5.34077],[-80.617594,-5.354049],[-80.612642,-5.406503],[-80.611592,-5.417306],[-80.611356,-5.420009],[-80.60967,-5.437793],[-80.609362,-5.440261],[-80.609152,-5.441602],[-80.608597,-5.44449],[-80.602559,-5.474428],[-80.600978,-5.482416],[-80.600778,-5.483299],[-80.597852,-5.49794],[-80.597342,-5.500376],[-80.59708,-5.501477],[-80.593699,-5.51416],[-80.589288,-5.530552],[-80.587733,-5.536461],[-80.586825,-5.539732],[-80.585642,-5.544335],[-80.585014,-5.54767],[-80.578734,-5.582853],[-80.576021,-5.598223],[-80.575952,-5.598897],[-80.575855,-5.600704],[-80.575858,-5.600929],[-80.576539,-5.611081],[-80.577165,-5.619651],[-80.577727,-5.627998],[-80.577752,-5.628901],[-80.577688,-5.630256],[-80.577611,-5.63093],[-80.577383,-5.632268],[-80.575087,-5.641491],[-80.573291,-5.648506],[-80.570576,-5.659257],[-80.569828,-5.662336],[-80.569256,-5.664525],[-80.563819,-5.686026],[-80.563306,-5.68823],[-80.563055,-5.689563],[-80.562878,-5.69068],[-80.562756,-5.691804],[-80.562183,-5.697883],[-80.561821,-5.702164],[-80.560935,-5.711619],[-80.560081,-5.721305],[-80.559666,-5.725581],[-80.559074,-5.732339],[-80.558941,-5.733462],[-80.558791,-5.734354],[-80.55839,-5.73635],[-80.555758,-5.745485],[-80.554661,-5.749174],[-80.541013,-5.796124],[-80.540719,-5.797217],[-80.540568,-5.797879],[-80.540282,-5.799436],[-80.540123,-5.800556],[-80.540019,-5.801681],[-80.539547,-5.809807],[-80.537521,-5.845701],[-80.537313,-5.849086],[-80.536654,-5.861278],[-80.536221,-5.8685],[-80.535554,-5.880465],[-80.535238,-5.885203],[-80.534463,-5.899879],[-80.533062,-5.924031],[-80.532793,-5.928998],[-80.529989,-5.976398],[-80.529643,-5.983624],[-80.529009,-5.995138],[-80.528445,-6.004618],[-80.528267,-6.006418],[-80.527976,-6.008433],[-80.527565,-6.010657],[-80.527097,-6.012639],[-80.526381,-6.015023],[-80.524518,-6.02037],[-80.522006,-6.027409],[-80.499821,-6.090188],[-80.496938,-6.098296],[-80.494236,-6.105989],[-80.482142,-6.140147],[-80.481518,-6.141848],[-80.480846,-6.143531],[-80.479765,-6.145779],[-80.478616,-6.147993],[-80.477444,-6.149938],[-80.475644,-6.152559],[-80.474949,-6.153459],[-80.473936,-6.154688],[-80.472887,-6.155887],[-80.471958,-6.156889],[-80.460813,-6.167976],[-80.457888,-6.170851],[-80.425352,-6.203079],[-80.423066,-6.205305],[-80.421544,-6.206681],[-80.402961,-6.222848],[-80.36696,-6.254089],[-80.36572,-6.255095],[-80.364808,-6.255782],[-80.363693,-6.256579],[-80.362559,-6.25735],[-80.361008,-6.258318],[-80.3586,-6.259637],[-80.35695,-6.26043],[-80.355486,-6.261084],[-80.333128,-6.270549],[-80.268218,-6.29818],[-80.263571,-6.30013],[-80.262319,-6.300696],[-80.26108,-6.30129],[-80.259655,-6.30202],[-80.258266,-6.302817],[-80.256517,-6.303901],[-80.254094,-6.305617],[-80.252833,-6.306598],[-80.251958,-6.30733],[-80.250601,-6.308548],[-80.248653,-6.310467],[-80.247121,-6.312151],[-80.245685,-6.313915],[-80.24204,-6.318853],[-80.235366,-6.32805],[-80.232528,-6.331889],[-80.225204,-6.342019],[-80.212886,-6.358916],[-80.210633,-6.362054],[-80.205787,-6.368648],[-80.198149,-6.379113],[-80.158312,-6.43389],[-80.156253,-6.436609],[-80.15508,-6.438],[-80.15354,-6.439677],[-80.151903,-6.441262],[-80.151399,-6.441724],[-80.149485,-6.443347],[-80.148227,-6.444332],[-80.129423,-6.458078],[-80.123549,-6.462423],[-80.10769,-6.474006],[-80.102964,-6.477597],[-80.101498,-6.478687],[-80.091155,-6.486583],[-80.089142,-6.488085],[-80.068265,-6.504003],[-80.064248,-6.507019],[-80.061532,-6.509103],[-80.060822,-6.509677],[-80.057355,-6.512284],[-80.056247,-6.51309],[-80.055349,-6.513795],[-80.053879,-6.514879],[-80.05317,-6.515454],[-80.049552,-6.518239],[-80.041894,-6.524009],[-80.034824,-6.52942],[-80.032634,-6.531067],[-80.030106,-6.533021],[-80.016463,-6.543367],[-80.016123,-6.54367],[-80.014997,-6.544451],[-80.012113,-6.546692],[-80.010898,-6.547727],[-80.009712,-6.548795],[-80.0094,-6.549127],[-80.008408,-6.550068],[-80.007002,-6.551558],[-80.002594,-6.55677],[-79.998249,-6.562033],[-79.997654,-6.562722],[-79.996955,-6.563618],[-79.996177,-6.564738],[-79.994195,-6.567784],[-79.988031,-6.577587],[-79.975772,-6.596971],[-79.973559,-6.600408],[-79.973214,-6.600994],[-79.966025,-6.612301],[-79.964825,-6.614228],[-79.96288,-6.61756],[-79.961568,-6.619686],[-79.96067,-6.621263],[-79.957839,-6.625919],[-79.955385,-6.629741],[-79.949971,-6.63787],[-79.948886,-6.639602],[-79.944036,-6.647014],[-79.94364,-6.647569],[-79.943201,-6.648092],[-79.94289,-6.648425],[-79.941531,-6.64964],[-79.905882,-6.679903],[-79.90527,-6.680577],[-79.905033,-6.680964],[-79.904921,-6.681161],[-79.904737,-6.681575],[-79.904584,-6.682001],[-79.904528,-6.68222],[-79.904319,-6.683789],[-79.904013,-6.685343],[-79.903798,-6.688501],[-79.90374,-6.689856],[-79.90374,-6.695734],[-79.903658,-6.696405],[-79.903466,-6.696506],[-79.901884,-6.696783],[-79.901707,-6.696918],[-79.901713,-6.697126],[-79.901792,-6.697336],[-79.90183,-6.697559],[-79.903487,-6.70783],[-79.903517,-6.708281],[-79.90346,-6.708499],[-79.903366,-6.708704],[-79.901237,-6.712193],[-79.900378,-6.71353],[-79.899978,-6.714082],[-79.899103,-6.715129],[-79.897872,-6.716472],[-79.895685,-6.718791],[-79.894666,-6.720015],[-79.894122,-6.720743],[-79.893376,-6.721884],[-79.892903,-6.722659],[-79.890803,-6.726424],[-79.88963,-6.728099],[-79.888915,-6.728984],[-79.888324,-6.729676],[-79.885669,-6.732493],[-79.872778,-6.746313],[-79.872191,-6.747004],[-79.871849,-6.747302],[-79.866115,-6.753473],[-79.865087,-6.754689],[-79.863885,-6.756345],[-79.863277,-6.757303],[-79.862859,-6.758108],[-79.862364,-6.758869],[-79.861599,-6.760261],[-79.861408,-6.760672],[-79.86136,-6.760892],[-79.86136,-6.76157],[-79.861429,-6.761784],[-79.861565,-6.761965],[-79.861748,-6.7621],[-79.868579,-6.765821],[-79.877576,-6.770823],[-79.877762,-6.770953],[-79.877923,-6.771101],[-79.877943,-6.771537],[-79.875179,-6.775966],[-79.874954,-6.77636],[-79.867692,-6.787887],[-79.863557,-6.794673],[-79.863427,-6.794859],[-79.863271,-6.795019],[-79.86098,-6.798674],[-79.860843,-6.798855],[-79.860682,-6.799015],[-79.860497,-6.799148],[-79.860291,-6.799246],[-79.854686,-6.800466],[-79.854009,-6.800589],[-79.848172,-6.80182],[-79.84637,-6.802171],[-79.84569,-6.802274],[-79.844338,-6.802537],[-79.84411,-6.802544],[-79.843886,-6.802497],[-79.841882,-6.801998],[-79.839225,-6.801282],[-79.834934,-6.800511],[-79.833358,-6.800201],[-79.831568,-6.799795],[-79.830901,-6.799623],[-79.830675,-6.799631],[-79.830469,-6.799709],[-79.830373,-6.80015],[-79.830084,-6.801009],[-79.82985,-6.801883],[-79.829555,-6.803208],[-79.829446,-6.803878],[-79.82941,-6.804328],[-79.82945,-6.810885],[-79.82945,-6.825355],[-79.829291,-6.844346],[-79.829191,-6.845016],[-79.828747,-6.8463],[-79.825199,-6.856096],[-79.82447,-6.85824],[-79.824267,-6.858645],[-79.824014,-6.859022],[-79.82372,-6.859369],[-79.823373,-6.859665],[-79.822799,-6.86004],[-79.817716,-6.863123],[-79.817534,-6.86326],[-79.817501,-6.864609],[-79.817517,-6.86574],[-79.817488,-6.866643],[-79.81733,-6.867991],[-79.817271,-6.868208],[-79.817176,-6.868405],[-79.817257,-6.869078],[-79.817417,-6.874276],[-79.817388,-6.874727],[-79.817307,-6.875171],[-79.817159,-6.875599],[-79.817065,-6.875805],[-79.816693,-6.876375],[-79.813823,-6.88019],[-79.81125,-6.883659],[-79.810944,-6.883996],[-79.810262,-6.8846],[-79.808331,-6.885824],[-79.801147,-6.890287],[-79.792046,-6.895997],[-79.756368,-6.918274],[-79.719858,-6.940948],[-79.718518,-6.941822],[-79.698086,-6.954421],[-79.694009,-6.956956],[-79.689526,-6.959704],[-79.68893,-6.960044],[-79.687991,-6.960694],[-79.687817,-6.960841],[-79.671952,-6.975249],[-79.671591,-6.975528],[-79.671012,-6.975895],[-79.670604,-6.976102],[-79.670178,-6.97627],[-79.66974,-6.976405],[-79.669292,-6.976506],[-79.669065,-6.976536],[-79.660382,-6.977377],[-79.659238,-6.977469],[-79.653532,-6.978085],[-79.646677,-6.978742],[-79.645769,-6.978873],[-79.645329,-6.979005],[-79.645113,-6.979079],[-79.64385,-6.97962],[-79.637184,-6.982664],[-79.63259,-6.984731],[-79.630861,-6.98534],[-79.629155,-6.986007],[-79.628566,-6.986358],[-79.628029,-6.986783],[-79.627866,-6.986941],[-79.627149,-6.987824],[-79.626753,-6.988377],[-79.626178,-6.989083],[-79.625869,-6.989417],[-79.625519,-6.989708],[-79.625116,-6.989922],[-79.624902,-6.990005],[-79.621148,-6.991056],[-79.620715,-6.991204],[-79.620517,-6.991319],[-79.620179,-6.991623],[-79.620044,-6.991805],[-79.619939,-6.992005],[-79.618643,-6.994902],[-79.611117,-7.010154],[-79.610459,-7.011345],[-79.609947,-7.012095],[-79.609528,-7.012634],[-79.608215,-7.014204],[-79.605092,-7.017822],[-79.603778,-7.019392],[-79.603258,-7.020132],[-79.603107,-7.020302],[-79.602774,-7.020613],[-79.601849,-7.021617],[-79.600672,-7.023006],[-79.600457,-7.023393],[-79.597707,-7.026728],[-79.588084,-7.037961],[-79.561582,-7.068596],[-79.560788,-7.069412],[-79.560095,-7.070005],[-79.55954,-7.070406],[-79.548839,-7.077425],[-79.538492,-7.084151],[-79.534804,-7.086445],[-79.533998,-7.086866],[-79.532485,-7.087892],[-79.50438,-7.106293],[-79.501524,-7.108188],[-79.50097,-7.108591],[-79.49863,-7.110416],[-79.496676,-7.111991],[-79.493608,-7.114367],[-79.492726,-7.115091],[-79.490752,-7.116642],[-79.488463,-7.118528],[-79.448605,-7.152294],[-79.447352,-7.153285],[-79.443861,-7.156222],[-79.442487,-7.157422],[-79.441895,-7.158112],[-79.44171,-7.158524],[-79.441573,-7.158956],[-79.441532,-7.159177],[-79.440183,-7.170176],[-79.439971,-7.171056],[-79.438334,-7.176473],[-79.437977,-7.177548],[-79.437697,-7.178167],[-79.437237,-7.178949],[-79.436688,-7.179673],[-79.433147,-7.183531],[-79.432724,-7.184066],[-79.432485,-7.184451],[-79.431801,-7.185884],[-79.4307,-7.188371],[-79.430636,-7.188588],[-79.428112,-7.200771],[-79.42767,-7.20299],[-79.427535,-7.203884],[-79.427424,-7.205009],[-79.427263,-7.209302],[-79.427313,-7.210205],[-79.4274,-7.210649],[-79.42752,-7.211085],[-79.427669,-7.211512],[-79.427855,-7.211925],[-79.428881,-7.213425],[-79.430632,-7.215805],[-79.430861,-7.216197],[-79.430955,-7.216403],[-79.431543,-7.217875],[-79.431785,-7.218258],[-79.432101,-7.218586],[-79.432471,-7.218852],[-79.437635,-7.221802],[-79.437823,-7.221931],[-79.448133,-7.23023],[-79.450721,-7.232109],[-79.452426,-7.233257],[-79.452982,-7.233658],[-79.466107,-7.243923],[-79.466307,-7.244029],[-79.466852,-7.244443],[-79.467185,-7.244753],[-79.4676,-7.245557],[-79.468098,-7.246317],[-79.468501,-7.246867],[-79.469251,-7.248005],[-79.469925,-7.24892],[-79.470103,-7.249061],[-79.470311,-7.249147],[-79.470537,-7.249178],[-79.470765,-7.249157],[-79.472673,-7.248379],[-79.47311,-7.248244],[-79.473337,-7.24821],[-79.476085,-7.248396],[-79.47791,-7.248562],[-79.478213,-7.248901],[-79.478862,-7.249541],[-79.479222,-7.249821],[-79.479613,-7.250057],[-79.480633,-7.250575],[-79.482485,-7.251478],[-79.484086,-7.252365],[-79.484465,-7.252619],[-79.484641,-7.252763],[-79.485652,-7.253685],[-79.48602,-7.253955],[-79.486216,-7.254072],[-79.486632,-7.254262],[-79.487287,-7.254472],[-79.489525,-7.254977],[-79.489963,-7.255112],[-79.490368,-7.255323],[-79.490716,-7.255617],[-79.490989,-7.25598],[-79.491103,-7.256175],[-79.491191,-7.256384],[-79.491253,-7.256602],[-79.491295,-7.257051],[-79.491231,-7.257498],[-79.490987,-7.258131],[-79.490877,-7.258329],[-79.490612,-7.258698],[-79.489521,-7.25986],[-79.481708,-7.267831],[-79.481093,-7.268502],[-79.478476,-7.271939],[-79.477259,-7.273584],[-79.47703,-7.273975],[-79.476941,-7.274183],[-79.4756,-7.277551],[-79.47458,-7.280313],[-79.474517,-7.28053],[-79.474343,-7.281417],[-79.472977,-7.291274],[-79.47296,-7.291725],[-79.473001,-7.292175],[-79.474348,-7.297202],[-79.474492,-7.297631],[-79.474709,-7.298029],[-79.476547,-7.300345],[-79.476797,-7.300724],[-79.48019,-7.307141],[-79.480334,-7.30757],[-79.480465,-7.308235],[-79.480937,-7.311594],[-79.48096,-7.311819],[-79.480943,-7.31227],[-79.48021,-7.318332],[-79.480201,-7.318784],[-79.480247,-7.319234],[-79.480905,-7.3221],[-79.481083,-7.322987],[-79.4811,-7.323213],[-79.481094,-7.323438],[-79.480322,-7.329494],[-79.480345,-7.329945],[-79.480398,-7.330165],[-79.480561,-7.330587],[-79.48081,-7.330966],[-79.481132,-7.331287],[-79.481309,-7.331431],[-79.481718,-7.331634],[-79.50762,-7.341525],[-79.507832,-7.341611],[-79.508239,-7.34182],[-79.508603,-7.342094],[-79.508766,-7.342253],[-79.508919,-7.342422],[-79.509181,-7.342793],[-79.512919,-7.348757],[-79.513213,-7.34937],[-79.513279,-7.349586],[-79.513442,-7.350245],[-79.513546,-7.350915],[-79.513623,-7.351128],[-79.513799,-7.351545],[-79.513907,-7.351745],[-79.514168,-7.352115],[-79.515347,-7.353191],[-79.534651,-7.370259],[-79.535466,-7.371056],[-79.535907,-7.371576],[-79.541415,-7.378528],[-79.547746,-7.386568],[-79.548231,-7.387049],[-79.549978,-7.388515],[-79.550391,-7.388713],[-79.550606,-7.38879],[-79.553254,-7.389539],[-79.553908,-7.389749],[-79.554317,-7.389951],[-79.554483,-7.390105],[-79.554613,-7.390292],[-79.554678,-7.390505],[-79.554911,-7.391612],[-79.554979,-7.391826],[-79.555113,-7.392001],[-79.556113,-7.392556],[-79.5563,-7.392684],[-79.556438,-7.392862],[-79.556661,-7.393257],[-79.558218,-7.398462],[-79.558278,-7.39868],[-79.55838,-7.399351],[-79.558556,-7.402058],[-79.558523,-7.402281],[-79.558319,-7.403394],[-79.558137,-7.404048],[-79.558027,-7.404245],[-79.557877,-7.404417],[-79.556913,-7.405384],[-79.556858,-7.405603],[-79.556843,-7.405827],[-79.556913,-7.407861],[-79.556885,-7.408085],[-79.556818,-7.408301],[-79.556705,-7.408497],[-79.556389,-7.408823],[-79.54627,-7.417691],[-79.545444,-7.418477],[-79.544364,-7.419318],[-79.544173,-7.419443],[-79.543753,-7.419622],[-79.54331,-7.41974],[-79.542853,-7.419778],[-79.542394,-7.419755],[-79.524112,-7.418018],[-79.523889,-7.417966],[-79.523675,-7.417887],[-79.523475,-7.417777],[-79.52176,-7.416275],[-79.521572,-7.416145],[-79.521375,-7.416032],[-79.521157,-7.415962],[-79.52093,-7.41593],[-79.5207,-7.41593],[-79.514308,-7.416604],[-79.513398,-7.416721],[-79.512961,-7.416858],[-79.512749,-7.416946],[-79.510716,-7.417997],[-79.509888,-7.418387],[-79.508823,-7.418808],[-79.508603,-7.418866],[-79.508374,-7.418879],[-79.508151,-7.418825],[-79.507502,-7.418599],[-79.507275,-7.418567],[-79.504525,-7.41841],[-79.504066,-7.418428],[-79.503154,-7.418531],[-79.499531,-7.419133],[-79.498404,-7.419344],[-79.498186,-7.419415],[-79.49799,-7.419529],[-79.497843,-7.419701],[-79.497737,-7.4199],[-79.497689,-7.42012],[-79.497696,-7.420344],[-79.49798,-7.421439],[-79.498053,-7.421885],[-79.49833,-7.427757],[-79.498343,-7.427983],[-79.498394,-7.428203],[-79.49846,-7.42842],[-79.49856,-7.428623],[-79.499734,-7.430565],[-79.501386,-7.434295],[-79.502151,-7.436185],[-79.50269,-7.437433],[-79.502793,-7.437873],[-79.502853,-7.438775],[-79.502823,-7.438994],[-79.502455,-7.440064],[-79.501289,-7.443255],[-79.501176,-7.443693],[-79.501115,-7.444141],[-79.501122,-7.444367],[-79.501407,-7.445923],[-79.50144,-7.446374],[-79.50144,-7.4466],[-79.501331,-7.447952],[-79.501279,-7.448172],[-79.501199,-7.448384],[-79.500967,-7.448772],[-79.500645,-7.449092],[-79.498111,-7.45104],[-79.497734,-7.451297],[-79.497327,-7.451506],[-79.495555,-7.451977],[-79.494656,-7.452161],[-79.493545,-7.452444],[-79.492868,-7.452569],[-79.491315,-7.452977],[-79.490416,-7.453159],[-79.489754,-7.453346],[-79.485731,-7.454277],[-79.484624,-7.454575],[-79.483725,-7.454761],[-79.481718,-7.455242],[-79.481278,-7.45537],[-79.479481,-7.455745],[-79.478594,-7.455979],[-79.475474,-7.45674],[-79.475248,-7.456779],[-79.473648,-7.456925],[-79.471124,-7.457007],[-79.465848,-7.457227],[-79.462411,-7.457448],[-79.460583,-7.457621],[-79.457607,-7.457847],[-79.456933,-7.457982],[-79.456499,-7.458131],[-79.455228,-7.458653],[-79.453725,-7.459214],[-79.447121,-7.462384],[-79.437459,-7.467116],[-79.436216,-7.467702],[-79.424077,-7.473622],[-79.423484,-7.473966],[-79.4233,-7.474101],[-79.422613,-7.4747],[-79.422202,-7.475243],[-79.42178,-7.476046],[-79.419456,-7.480966],[-79.41855,-7.482795],[-79.41441,-7.491621],[-79.412113,-7.496303],[-79.411794,-7.496904],[-79.409391,-7.501787],[-79.408865,-7.502792],[-79.408369,-7.503811],[-79.407287,-7.505805],[-79.406035,-7.508222],[-79.403655,-7.512609],[-79.402075,-7.515623],[-79.398551,-7.522228],[-79.397132,-7.524814],[-79.389083,-7.539804],[-79.388159,-7.541624],[-79.386568,-7.544884],[-79.384883,-7.548099],[-79.381591,-7.554057],[-79.381281,-7.554663],[-79.37911,-7.558647],[-79.378216,-7.560227],[-79.377807,-7.561037],[-79.376921,-7.562622],[-79.376406,-7.563632],[-79.374633,-7.5668],[-79.373241,-7.5694],[-79.37181,-7.571979],[-79.371525,-7.572596],[-79.370366,-7.574547],[-79.369842,-7.575553],[-79.369467,-7.576378],[-79.369112,-7.577453],[-79.368937,-7.57834],[-79.36885,-7.579013],[-79.36884,-7.580369],[-79.368996,-7.581489],[-79.36932,-7.583499],[-79.369577,-7.584831],[-79.37103,-7.593303],[-79.371757,-7.597768],[-79.3719,-7.598889],[-79.372008,-7.600241],[-79.371988,-7.601372],[-79.371923,-7.6025],[-79.371855,-7.603175],[-79.371692,-7.604065],[-79.371455,-7.605171],[-79.371146,-7.60626],[-79.370624,-7.607756],[-79.370534,-7.607964],[-79.369929,-7.609182],[-79.368764,-7.611641],[-79.367457,-7.614283],[-79.365117,-7.619196],[-79.364315,-7.620823],[-79.359903,-7.630023],[-79.35908,-7.63164],[-79.357843,-7.633808],[-79.357242,-7.634771],[-79.356608,-7.635714],[-79.353686,-7.639771],[-79.351808,-7.642337],[-79.351764,-7.642556],[-79.351793,-7.642779],[-79.35176,-7.643],[-79.351598,-7.64316],[-79.351384,-7.643228],[-79.351181,-7.643333],[-79.351011,-7.643481],[-79.35086,-7.643651],[-79.345338,-7.651435],[-79.344668,-7.652354],[-79.343507,-7.653754],[-79.342706,-7.654564],[-79.342203,-7.655027],[-79.341141,-7.655891],[-79.335511,-7.66018],[-79.333782,-7.661667],[-79.33329,-7.662141],[-79.332343,-7.663126],[-79.331304,-7.664334],[-79.330455,-7.665402],[-79.329191,-7.667289],[-79.328731,-7.668072],[-79.32819,-7.669069],[-79.327415,-7.670709],[-79.326525,-7.673036],[-79.314212,-7.706397],[-79.313565,-7.70809],[-79.313459,-7.70829],[-79.313173,-7.709148],[-79.311797,-7.712745],[-79.310333,-7.716791],[-79.306631,-7.726773],[-79.306353,-7.727393],[-79.305717,-7.728596],[-79.30537,-7.729182],[-79.304503,-7.730777],[-79.304136,-7.73135],[-79.30386,-7.731711],[-79.303693,-7.731865],[-79.302989,-7.732445],[-79.302611,-7.732702],[-79.301247,-7.733539],[-79.293153,-7.738271],[-79.292771,-7.738522],[-79.29204,-7.73907],[-79.291536,-7.73953],[-79.290607,-7.740533],[-79.281935,-7.750184],[-79.28114,-7.750999],[-79.280217,-7.75167],[-79.271712,-7.757037],[-79.270374,-7.757915],[-79.270111,-7.758265],[-79.269952,-7.758428],[-79.268014,-7.760357],[-79.259677,-7.768772],[-79.256922,-7.771494],[-79.253771,-7.774466],[-79.251599,-7.776481],[-79.2495,-7.77857],[-79.245664,-7.782466],[-79.245001,-7.783092],[-79.243885,-7.78423],[-79.243532,-7.784519],[-79.242779,-7.785036],[-79.242194,-7.785393],[-79.241581,-7.785704],[-79.241162,-7.785888],[-79.235603,-7.788029],[-79.232832,-7.789122],[-79.232613,-7.789182],[-79.231929,-7.789264],[-79.231534,-7.789454],[-79.231309,-7.789464],[-79.231098,-7.789386],[-79.230883,-7.789005],[-79.227884,-7.786546],[-79.227298,-7.78619],[-79.227091,-7.786093],[-79.226666,-7.785922],[-79.226224,-7.785801],[-79.225771,-7.785731],[-79.222567,-7.78548],[-79.221649,-7.785486],[-79.220738,-7.785598],[-79.21782,-7.786214],[-79.217377,-7.786334],[-79.216527,-7.786673],[-79.216147,-7.786926],[-79.215639,-7.787383],[-79.215347,-7.787731],[-79.215093,-7.788108],[-79.213598,-7.79091],[-79.213511,-7.791118],[-79.21346,-7.791338],[-79.213456,-7.791563],[-79.213488,-7.791786],[-79.213419,-7.791998],[-79.213249,-7.792143],[-79.213028,-7.792189],[-79.212803,-7.792191],[-79.212374,-7.792349],[-79.211643,-7.792894],[-79.209332,-7.794372],[-79.195809,-7.803335],[-79.19468,-7.804111],[-79.194579,-7.804312],[-79.194399,-7.804448],[-79.194177,-7.804465],[-79.193394,-7.804927],[-79.17913,-7.814427],[-79.178398,-7.814972],[-79.177712,-7.815574],[-79.167607,-7.825123],[-79.167124,-7.825606],[-79.16699,-7.825786],[-79.166912,-7.825997],[-79.166863,-7.826217],[-79.166762,-7.826413],[-79.166578,-7.826531],[-79.16613,-7.826633],[-79.165923,-7.826729],[-79.16575,-7.826875],[-79.163451,-7.829087],[-79.162269,-7.830159],[-79.15947,-7.832838],[-79.156632,-7.835477],[-79.153161,-7.838772],[-79.153013,-7.838944],[-79.152908,-7.839144],[-79.152896,-7.839367],[-79.152804,-7.839566],[-79.152616,-7.83968],[-79.152389,-7.839693],[-79.152177,-7.839765],[-79.151994,-7.839896],[-79.151833,-7.840057],[-79.151558,-7.840418],[-79.151494,-7.840634],[-79.151479,-7.840856],[-79.151499,-7.841078],[-79.151595,-7.841519],[-79.151658,-7.842194],[-79.151635,-7.842645],[-79.151555,-7.84309],[-79.149687,-7.850087],[-79.149388,-7.850942],[-79.14918,-7.851344],[-79.149066,-7.851541],[-79.14404,-7.85911],[-79.14313,-7.860414],[-79.142818,-7.860744],[-79.14245,-7.861014],[-79.142249,-7.86112],[-79.141191,-7.861557],[-79.141021,-7.861699],[-79.140822,-7.861808],[-79.140142,-7.861853],[-79.13993,-7.861938],[-79.13974,-7.862063],[-79.139567,-7.862212],[-79.1394,-7.862366],[-79.139261,-7.862545],[-79.138821,-7.863339],[-79.137438,-7.86542],[-79.137108,-7.866015],[-79.131789,-7.876792],[-79.130434,-7.879412],[-79.128243,-7.883893],[-79.127428,-7.885514],[-79.126645,-7.88715],[-79.123915,-7.892631],[-79.121837,-7.896915],[-79.118437,-7.903835],[-79.118064,-7.904661],[-79.116637,-7.908238],[-79.111824,-7.918001],[-79.107799,-7.926381],[-79.107485,-7.926985],[-79.107011,-7.927759],[-79.106559,-7.928271],[-79.100351,-7.93398],[-79.100054,-7.934325],[-79.099683,-7.934897],[-79.099155,-7.9359],[-79.098303,-7.937753],[-79.097596,-7.939175],[-79.092568,-7.949838],[-79.091467,-7.952325],[-79.090644,-7.953942],[-79.08988,-7.955587],[-79.0883,-7.958852],[-79.086867,-7.961936],[-79.085377,-7.964994],[-79.084914,-7.966028],[-79.083542,-7.968891],[-79.082995,-7.970136],[-79.081964,-7.972652],[-79.081686,-7.973272],[-79.081198,-7.97454],[-79.080757,-7.975584],[-79.080008,-7.97748],[-79.079042,-7.979778],[-79.078643,-7.980839],[-79.078349,-7.981695],[-79.070793,-8.005426],[-79.070545,-8.007215],[-79.070512,-8.007666],[-79.07052,-8.00857],[-79.07056,-8.009474],[-79.070661,-8.010373],[-79.070925,-8.011933],[-79.071212,-8.012549],[-79.071526,-8.013153],[-79.073068,-8.016683],[-79.080759,-8.033358],[-79.083291,-8.03893],[-79.083817,-8.040183],[-79.084298,-8.041455],[-79.084786,-8.042963],[-79.094852,-8.081033],[-79.096125,-8.08608],[-79.096273,-8.086507],[-79.096401,-8.086694],[-79.096569,-8.086837],[-79.096768,-8.086948],[-79.096889,-8.087139],[-79.096916,-8.087361],[-79.096754,-8.087779],[-79.096693,-8.087996],[-79.096674,-8.088221],[-79.096715,-8.088442],[-79.0985,-8.095227],[-79.098873,-8.096997],[-79.099019,-8.098119],[-79.0991,-8.099473],[-79.0991,-8.100151],[-79.099022,-8.101505],[-79.098842,-8.10285],[-79.098621,-8.103959],[-79.098192,-8.105484],[-79.097886,-8.106337],[-79.097442,-8.107379],[-79.096712,-8.108789],[-79.095861,-8.110132],[-79.095178,-8.11104],[-79.094596,-8.111739],[-79.093834,-8.112584],[-79.093502,-8.112898],[-79.092467,-8.113793],[-79.08737,-8.11765],[-79.086477,-8.11836],[-79.083359,-8.120671],[-79.073156,-8.128377],[-79.071487,-8.129575],[-79.069947,-8.130562],[-79.068964,-8.131145],[-79.058662,-8.136624],[-79.052715,-8.140476],[-79.051662,-8.141349],[-79.05099,-8.141966],[-79.039027,-8.152193],[-79.038472,-8.152594],[-79.038064,-8.152799],[-79.037846,-8.152871],[-79.037168,-8.15298],[-79.036938,-8.15298],[-79.036486,-8.152911],[-79.036263,-8.152854],[-79.03584,-8.15268],[-79.035452,-8.152441],[-79.035275,-8.152297],[-79.034957,-8.151971],[-79.027849,-8.143976],[-79.027719,-8.14379],[-79.027621,-8.143586],[-79.027502,-8.143151],[-79.027482,-8.142926],[-79.02749,-8.141117],[-79.027545,-8.137953],[-79.027491,-8.137504],[-79.027443,-8.137283],[-79.027252,-8.136874],[-79.027126,-8.136687],[-79.022421,-8.131428],[-79.022089,-8.131116],[-79.021908,-8.130978],[-79.021694,-8.130921],[-79.021468,-8.130956],[-79.021272,-8.131061],[-79.021058,-8.131136],[-79.020893,-8.131292],[-79.020716,-8.131708],[-79.0206,-8.131903],[-79.015519,-8.138321],[-79.014993,-8.139062],[-79.013597,-8.141135],[-79.013402,-8.141544],[-79.013325,-8.141756],[-79.01321,-8.142194],[-79.011401,-8.150367],[-79.011337,-8.150814],[-79.011358,-8.151037],[-79.011417,-8.151255],[-79.012237,-8.153608],[-79.0123,-8.153824],[-79.012336,-8.154047],[-79.012171,-8.159018],[-79.012084,-8.159918],[-79.011981,-8.160358],[-79.011897,-8.160569],[-79.0106,-8.162962],[-79.009449,-8.164918],[-79.008889,-8.165635],[-79.008414,-8.166125],[-79.007405,-8.167049],[-79.005237,-8.168723],[-79.003045,-8.170366],[-78.998528,-8.173854],[-78.996707,-8.175231],[-78.99651,-8.175344],[-78.982535,-8.186006],[-78.982386,-8.186173],[-78.981654,-8.186718],[-78.98033,-8.187616],[-78.978759,-8.188552],[-78.978018,-8.189086],[-78.977148,-8.189823],[-78.967734,-8.19811],[-78.96664,-8.198935],[-78.963323,-8.201363],[-78.959854,-8.203967],[-78.957273,-8.205854],[-78.956549,-8.206411],[-78.956081,-8.206908],[-78.955798,-8.207264],[-78.955559,-8.20765],[-78.952125,-8.2143],[-78.950903,-8.216732],[-78.949022,-8.220356],[-78.948206,-8.221976],[-78.945791,-8.226601],[-78.945415,-8.227426],[-78.944882,-8.228427],[-78.944694,-8.228839],[-78.944544,-8.229266],[-78.944306,-8.230139],[-78.942327,-8.236872],[-78.94196,-8.238179],[-78.941237,-8.240562],[-78.940927,-8.241651],[-78.940716,-8.242296],[-78.940455,-8.242924],[-78.934359,-8.256338],[-78.934049,-8.256943],[-78.933803,-8.257325],[-78.929404,-8.262246],[-78.928508,-8.263277],[-78.92811,-8.26383],[-78.927806,-8.264437],[-78.927427,-8.265504],[-78.924522,-8.274559],[-78.924197,-8.275404],[-78.923864,-8.275998],[-78.919246,-8.282748],[-78.918826,-8.283286],[-78.917939,-8.284324],[-78.914031,-8.289062],[-78.910099,-8.293781],[-78.908677,-8.295556],[-78.908419,-8.29593],[-78.90808,-8.29652],[-78.903539,-8.309566],[-78.902084,-8.315267],[-78.901713,-8.316806],[-78.901441,-8.31767],[-78.901042,-8.318483],[-78.890683,-8.335036],[-78.888782,-8.338131],[-78.886479,-8.34178],[-78.872847,-8.361359],[-78.872222,-8.362307],[-78.869999,-8.365467],[-78.868582,-8.367526],[-78.868045,-8.368259],[-78.867045,-8.369776],[-78.86676,-8.370129],[-78.866636,-8.37032],[-78.866564,-8.370534],[-78.866544,-8.370979],[-78.866453,-8.371183],[-78.866291,-8.371337],[-78.866072,-8.371398],[-78.865886,-8.371528],[-78.865718,-8.371682],[-78.864709,-8.372912],[-78.862021,-8.376004],[-78.860337,-8.377857],[-78.859753,-8.378555],[-78.859192,-8.37927],[-78.853064,-8.386306],[-78.852746,-8.386631],[-78.841136,-8.400058],[-78.840526,-8.400734],[-78.839673,-8.40149],[-78.839123,-8.401898],[-78.838741,-8.40215],[-78.838348,-8.402383],[-78.837735,-8.402692],[-78.836671,-8.403115],[-78.832668,-8.404124],[-78.832029,-8.404376],[-78.83159,-8.40451],[-78.831367,-8.404561],[-78.830684,-8.404647],[-78.828898,-8.405063],[-78.817332,-8.407979],[-78.793068,-8.414013],[-78.791739,-8.414372],[-78.791308,-8.414526],[-78.790459,-8.414872],[-78.789862,-8.415209],[-78.788917,-8.415851],[-78.78874,-8.415995],[-78.788398,-8.416296],[-78.787747,-8.416934],[-78.786585,-8.418335],[-78.782441,-8.423467],[-78.782142,-8.42381],[-78.780586,-8.425768],[-78.777839,-8.429106],[-78.777222,-8.429775],[-78.776715,-8.430234],[-78.776178,-8.430659],[-78.775409,-8.431153],[-78.775208,-8.43126],[-78.771235,-8.433034],[-78.769756,-8.433653],[-78.765984,-8.435317],[-78.759467,-8.438133],[-78.754013,-8.440523],[-78.752955,-8.440962],[-78.737629,-8.447643],[-78.736828,-8.448085],[-78.736064,-8.448587],[-78.735711,-8.448875],[-78.721077,-8.462593],[-78.696033,-8.486201],[-78.695402,-8.486858],[-78.694841,-8.487574],[-78.69425,-8.488542],[-78.693861,-8.489361],[-78.69348,-8.490428],[-78.684076,-8.520222],[-78.682267,-8.527932],[-78.682172,-8.528603],[-78.68168,-8.534008],[-78.681639,-8.53423],[-78.681514,-8.534665],[-78.681314,-8.535071],[-78.681189,-8.535261],[-78.680898,-8.535609],[-78.679858,-8.536499],[-78.678446,-8.537655],[-78.677601,-8.538421],[-78.676999,-8.539104],[-78.676725,-8.539467],[-78.676478,-8.539847],[-78.675919,-8.540834],[-78.675567,-8.541669],[-78.675295,-8.542532],[-78.675197,-8.542974],[-78.67501,-8.544089],[-78.674436,-8.553795],[-78.674381,-8.55515],[-78.674201,-8.557857],[-78.673637,-8.568016],[-78.673573,-8.568691],[-78.67341,-8.56935],[-78.673256,-8.569776],[-78.67239,-8.57137],[-78.670264,-8.575121],[-78.669616,-8.576318],[-78.669446,-8.576738],[-78.669328,-8.577175],[-78.669289,-8.577397],[-78.668668,-8.585514],[-78.667545,-8.601075],[-78.667281,-8.604456],[-78.667229,-8.604905],[-78.667053,-8.605793],[-78.66679,-8.60666],[-78.666448,-8.607498],[-78.666351,-8.607703],[-78.665778,-8.608683],[-78.665522,-8.609057],[-78.665095,-8.609589],[-78.664449,-8.610232],[-78.663574,-8.610964],[-78.629926,-8.636118],[-78.628291,-8.637362],[-78.627588,-8.637944],[-78.626908,-8.638552],[-78.626262,-8.639194],[-78.625181,-8.640366],[-78.624607,-8.641071],[-78.624061,-8.641798],[-78.623546,-8.642547],[-78.622821,-8.643701],[-78.62207,-8.645099],[-78.621516,-8.646341],[-78.62114,-8.647645],[-78.621124,-8.647869],[-78.621147,-8.648094],[-78.621205,-8.648311],[-78.621177,-8.648533],[-78.621062,-8.648725],[-78.620708,-8.649012],[-78.620581,-8.649199],[-78.620494,-8.649408],[-78.620072,-8.6514],[-78.619937,-8.652294],[-78.61977,-8.654322],[-78.619796,-8.655904],[-78.619876,-8.657258],[-78.619924,-8.657708],[-78.620169,-8.659272],[-78.62042,-8.660375],[-78.620726,-8.661465],[-78.621066,-8.662544],[-78.621631,-8.664026],[-78.62423,-8.669568],[-78.629675,-8.681037],[-78.629917,-8.681421],[-78.630201,-8.681777],[-78.630818,-8.682447],[-78.632522,-8.683961],[-78.632817,-8.684306],[-78.633008,-8.684716],[-78.633251,-8.685821],[-78.633399,-8.686248],[-78.6335,-8.686451],[-78.633615,-8.686646],[-78.634811,-8.688305],[-78.635153,-8.688892],[-78.63531,-8.689316],[-78.635544,-8.690422],[-78.63573,-8.691074],[-78.635944,-8.691472],[-78.636203,-8.691846],[-78.636558,-8.692427],[-78.636843,-8.693044],[-78.637851,-8.696522],[-78.638016,-8.696944],[-78.638956,-8.699006],[-78.639248,-8.699863],[-78.639413,-8.700521],[-78.639491,-8.700967],[-78.639841,-8.704795],[-78.639984,-8.705688],[-78.640231,-8.706792],[-78.640245,-8.707017],[-78.640227,-8.707241],[-78.640173,-8.70746],[-78.640082,-8.707666],[-78.639949,-8.70785],[-78.639789,-8.708012],[-78.639606,-8.708147],[-78.638243,-8.708983],[-78.637894,-8.709277],[-78.637739,-8.709444],[-78.637466,-8.709806],[-78.637356,-8.710005],[-78.637189,-8.710425],[-78.637113,-8.71087],[-78.636125,-8.72304],[-78.635786,-8.72755],[-78.634808,-8.739721],[-78.633397,-8.756848],[-78.633371,-8.757525],[-78.633416,-8.758428],[-78.633494,-8.759102],[-78.633541,-8.759323],[-78.639646,-8.784852],[-78.640142,-8.786827],[-78.640406,-8.787693],[-78.640711,-8.788546],[-78.641166,-8.789584],[-78.641464,-8.790196],[-78.656313,-8.819031],[-78.656486,-8.81945],[-78.656682,-8.8201],[-78.656775,-8.820542],[-78.65686,-8.821215],[-78.656835,-8.822119],[-78.656722,-8.823016],[-78.649365,-8.860072],[-78.648951,-8.862066],[-78.642979,-8.892246],[-78.636871,-8.922862],[-78.636501,-8.924864],[-78.636,-8.927302],[-78.635921,-8.927512],[-78.635816,-8.927712],[-78.635747,-8.927926],[-78.635548,-8.928809],[-78.635209,-8.930124],[-78.634606,-8.93207],[-78.633336,-8.935943],[-78.633137,-8.93635],[-78.631457,-8.939049],[-78.629876,-8.942314],[-78.62973,-8.942741],[-78.629669,-8.943189],[-78.629559,-8.957659],[-78.629533,-8.959241],[-78.62949,-8.95969],[-78.629427,-8.959907],[-78.62932,-8.960105],[-78.629004,-8.960433],[-78.626204,-8.962775],[-78.625479,-8.96333],[-78.624548,-8.963991],[-78.623778,-8.964484],[-78.622792,-8.965063],[-78.622619,-8.965211],[-78.622347,-8.965575],[-78.621197,-8.967532],[-78.620868,-8.968128],[-78.620589,-8.968748],[-78.616988,-8.978765],[-78.616815,-8.979421],[-78.61676,-8.979869],[-78.616774,-8.980547],[-78.617614,-8.992728],[-78.619124,-9.015515],[-78.619114,-9.01574],[-78.619057,-9.015958],[-78.618959,-9.016161],[-78.6173,-9.018605],[-78.617023,-9.018966],[-78.616243,-9.019795],[-78.6161,-9.019972],[-78.615865,-9.020359],[-78.615776,-9.020567],[-78.615656,-9.021003],[-78.61561,-9.021452],[-78.615619,-9.021678],[-78.616197,-9.027528],[-78.6162,-9.028206],[-78.616126,-9.028652],[-78.616061,-9.028868],[-78.615831,-9.029507],[-78.611916,-9.039652],[-78.611634,-9.04027],[-78.611517,-9.040465],[-78.611244,-9.040828],[-78.611089,-9.040995],[-78.610931,-9.041158],[-78.610576,-9.041445],[-78.609984,-9.041789],[-78.597821,-9.047128],[-78.59678,-9.047605],[-78.59638,-9.047826],[-78.596007,-9.048089],[-78.595663,-9.048387],[-78.595341,-9.04871],[-78.595055,-9.049064],[-78.594794,-9.049435],[-78.590974,-9.055878],[-78.590698,-9.0565],[-78.590398,-9.057354],[-78.589217,-9.061957],[-78.589131,-9.062401],[-78.589127,-9.062627],[-78.589136,-9.062852],[-78.58921,-9.063297],[-78.589125,-9.063503],[-78.588962,-9.063647],[-78.588701,-9.064018],[-78.588607,-9.064224],[-78.588207,-9.065989],[-78.587761,-9.067744],[-78.587723,-9.067965],[-78.587742,-9.068189],[-78.587807,-9.068406],[-78.588006,-9.069055],[-78.588171,-9.069477],[-78.588378,-9.070124],[-78.590582,-9.077499],[-78.590451,-9.077612],[-78.587812,-9.078392],[-78.58738,-9.078544],[-78.583428,-9.079735],[-78.581659,-9.08022],[-78.581228,-9.080373],[-78.581028,-9.080482],[-78.580861,-9.080638],[-78.57544,-9.086781],[-78.574661,-9.087612],[-78.57168,-9.091051],[-78.570734,-9.092036],[-78.569726,-9.092962],[-78.569405,-9.093284],[-78.568718,-9.093883],[-78.567046,-9.095433],[-78.566228,-9.096226],[-78.562848,-9.099286],[-78.562554,-9.099615],[-78.559874,-9.102087],[-78.559611,-9.102458],[-78.559447,-9.102879],[-78.55941,-9.103099],[-78.559453,-9.104454],[-78.559397,-9.105583],[-78.559291,-9.105764],[-78.559082,-9.10583],[-78.558864,-9.105781],[-78.557797,-9.105363],[-78.55779,-9.105201],[-78.557916,-9.10506],[-78.55813,-9.105142],[-78.558295,-9.105123],[-78.558367,-9.104908],[-78.558297,-9.105198],[-78.558506,-9.105291],[-78.558559,-9.105447],[-78.558703,-9.105556],[-78.559138,-9.105688],[-78.559242,-9.10552],[-78.559304,-9.104844],[-78.559308,-9.104167],[-78.559248,-9.10395],[-78.559101,-9.103777],[-78.558905,-9.103661],[-78.558693,-9.103591],[-78.558466,-9.103616],[-78.55825,-9.103693],[-78.558047,-9.103796],[-78.557862,-9.103929],[-78.555674,-9.105928],[-78.555485,-9.106045],[-78.5535,-9.107926],[-78.535068,-9.124928],[-78.534912,-9.125093],[-78.534384,-9.125832],[-78.533218,-9.126921],[-78.53305,-9.127074],[-78.532862,-9.127205],[-78.532089,-9.12769],[-78.518161,-9.140497],[-78.515323,-9.143136],[-78.508278,-9.149619],[-78.50692,-9.150837],[-78.50356,-9.15392],[-78.502232,-9.155169],[-78.499535,-9.157626],[-78.487464,-9.168747],[-78.485096,-9.170888],[-78.481748,-9.173982],[-78.481425,-9.174304],[-78.479729,-9.175827],[-78.4747,-9.180462],[-78.473913,-9.181284],[-78.466306,-9.19177],[-78.465598,-9.192661],[-78.463353,-9.195233],[-78.462035,-9.196799],[-78.461764,-9.197164],[-78.460917,-9.198509],[-78.460582,-9.199347],[-78.460474,-9.199546],[-78.458459,-9.202838],[-78.458087,-9.203409],[-78.451035,-9.213174],[-78.450918,-9.213368],[-78.45063,-9.213983],[-78.450565,-9.2142],[-78.450481,-9.214644],[-78.450261,-9.216667],[-78.449892,-9.221174],[-78.449715,-9.222747],[-78.449581,-9.224551],[-78.448768,-9.23356],[-78.448725,-9.234236],[-78.448593,-9.235359],[-78.448323,-9.238286],[-78.448254,-9.238733],[-78.448021,-9.23937],[-78.447689,-9.239965],[-78.443683,-9.246297],[-78.443348,-9.24689],[-78.443078,-9.247254],[-78.442972,-9.247455],[-78.442898,-9.247667],[-78.442862,-9.247888],[-78.442748,-9.248075],[-78.442562,-9.248205],[-78.442343,-9.248265],[-78.442134,-9.248359],[-78.441941,-9.24848],[-78.441765,-9.248625],[-78.441108,-9.249256],[-78.436158,-9.254603],[-78.43582,-9.254906],[-78.43571,-9.255102],[-78.435572,-9.255527],[-78.435427,-9.2557],[-78.435213,-9.255777],[-78.434985,-9.255782],[-78.434761,-9.255826],[-78.434556,-9.255923],[-78.434387,-9.256077],[-78.434256,-9.256258],[-78.43405,-9.256662],[-78.433691,-9.257241],[-78.431382,-9.259756],[-78.425784,-9.265744],[-78.419592,-9.272424],[-78.419027,-9.273136],[-78.418791,-9.273524],[-78.418583,-9.273926],[-78.417853,-9.276069],[-78.417595,-9.276937],[-78.415993,-9.281893],[-78.415898,-9.282335],[-78.415841,-9.282783],[-78.415824,-9.283461],[-78.416043,-9.285711],[-78.416108,-9.286839],[-78.416085,-9.28729],[-78.416018,-9.287737],[-78.415334,-9.290131],[-78.414877,-9.292346],[-78.414758,-9.292783],[-78.41445,-9.293388],[-78.413555,-9.294702],[-78.41324,-9.295304],[-78.411266,-9.299883],[-78.410952,-9.300486],[-78.410586,-9.30106],[-78.410159,-9.301592],[-78.405327,-9.307042],[-78.405045,-9.307399],[-78.404553,-9.308162],[-78.404336,-9.30856],[-78.404151,-9.308974],[-78.403998,-9.3094],[-78.403813,-9.310053],[-78.403732,-9.310498],[-78.403706,-9.310949],[-78.403723,-9.3114],[-78.403791,-9.312075],[-78.403884,-9.312518],[-78.405178,-9.317092],[-78.405517,-9.318407],[-78.405647,-9.319072],[-78.406465,-9.323981],[-78.406493,-9.324431],[-78.406475,-9.324883],[-78.406323,-9.325544],[-78.406142,-9.325959],[-78.405913,-9.32635],[-78.405619,-9.326697],[-78.405456,-9.326856],[-78.404924,-9.327287],[-78.403643,-9.328243],[-78.402148,-9.329293],[-78.401613,-9.32972],[-78.401101,-9.330174],[-78.400729,-9.330742],[-78.400636,-9.330949],[-78.400495,-9.331378],[-78.400404,-9.331821],[-78.400216,-9.332474],[-78.400056,-9.332897],[-78.399861,-9.333307],[-78.399621,-9.333692],[-78.398568,-9.335174],[-78.398365,-9.335578],[-78.398231,-9.33601],[-78.398189,-9.336232],[-78.39817,-9.336456],[-78.398178,-9.337134],[-78.398205,-9.337358],[-78.398354,-9.33802],[-78.398743,-9.339083],[-78.398793,-9.339303],[-78.398802,-9.339529],[-78.398768,-9.339979],[-78.398644,-9.340414],[-78.398533,-9.34061],[-78.398259,-9.340972],[-78.397771,-9.34145],[-78.397493,-9.34181],[-78.397221,-9.342432],[-78.396414,-9.344549],[-78.39637,-9.34477],[-78.396324,-9.3459],[-78.395988,-9.347215],[-78.395709,-9.348076],[-78.395429,-9.348695],[-78.393589,-9.351826],[-78.393275,-9.352428],[-78.393013,-9.352799],[-78.392899,-9.352995],[-78.392826,-9.353207],[-78.392816,-9.353433],[-78.392857,-9.353654],[-78.392795,-9.353871],[-78.392634,-9.354032],[-78.392423,-9.35411],[-78.392246,-9.354244],[-78.391936,-9.354576],[-78.39031,-9.357307],[-78.389812,-9.358325],[-78.389419,-9.359387],[-78.389155,-9.360253],[-78.388997,-9.360677],[-78.388836,-9.361567],[-78.388686,-9.362688],[-78.388509,-9.363575],[-78.388201,-9.365587],[-78.388128,-9.365796],[-78.388009,-9.365988],[-78.387968,-9.366891],[-78.387643,-9.3689],[-78.387472,-9.369789],[-78.38593,-9.378704],[-78.385802,-9.379371],[-78.385629,-9.380027],[-78.385223,-9.381084],[-78.370972,-9.41171],[-78.366842,-9.42054],[-78.366387,-9.421578],[-78.365859,-9.422582],[-78.36539,-9.423359],[-78.364617,-9.424482],[-78.364136,-9.424965],[-78.362611,-9.427223],[-78.361132,-9.429513],[-78.357377,-9.435199],[-78.356105,-9.437081],[-78.35525,-9.438421],[-78.351613,-9.443914],[-78.351008,-9.444874],[-78.348985,-9.447893],[-78.348416,-9.448602],[-78.347635,-9.449428],[-78.347439,-9.449546],[-78.346903,-9.449971],[-78.34597,-9.45063],[-78.343381,-9.452092],[-78.339619,-9.454266],[-78.338254,-9.455102],[-78.334677,-9.457141],[-78.334072,-9.457464],[-78.315051,-9.46843],[-78.314463,-9.468784],[-78.313895,-9.469167],[-78.311607,-9.471053],[-78.311048,-9.47145],[-78.310451,-9.471787],[-78.309429,-9.472303],[-78.307984,-9.472994],[-78.306762,-9.47362],[-78.306573,-9.473748],[-78.306403,-9.4739],[-78.306257,-9.474074],[-78.30615,-9.474274],[-78.306013,-9.474704],[-78.305844,-9.475593],[-78.305789,-9.476042],[-78.305683,-9.476481],[-78.305594,-9.476688],[-78.305479,-9.476883],[-78.305335,-9.477059],[-78.305163,-9.477141],[-78.304951,-9.477055],[-78.303088,-9.476176],[-78.301477,-9.475309],[-78.299493,-9.474744],[-78.296984,-9.474469],[-78.296759,-9.474478],[-78.296316,-9.474594],[-78.296131,-9.474718],[-78.295969,-9.474876],[-78.295358,-9.475832],[-78.294948,-9.476642],[-78.294791,-9.476802],[-78.294028,-9.478195],[-78.293572,-9.47898],[-78.292717,-9.480581],[-78.292586,-9.480766],[-78.292426,-9.480926],[-78.292234,-9.481048],[-78.292021,-9.48113],[-78.28673,-9.482645],[-78.281419,-9.484091],[-78.278555,-9.484917],[-78.277442,-9.485195],[-78.277218,-9.485232],[-78.276989,-9.485216],[-78.276765,-9.485169],[-78.275487,-9.484665],[-78.275042,-9.484557],[-78.274354,-9.484558],[-78.274129,-9.484579],[-78.273911,-9.484645],[-78.273706,-9.484738],[-78.273537,-9.484889],[-78.273388,-9.485061],[-78.272987,-9.485874],[-78.272712,-9.486495],[-78.272569,-9.486924],[-78.272539,-9.487147],[-78.272534,-9.487598],[-78.272567,-9.487821],[-78.272635,-9.488037],[-78.272716,-9.488248],[-78.274579,-9.492133],[-78.27512,-9.49313],[-78.27722,-9.49637],[-78.277765,-9.497365],[-78.282258,-9.506021],[-78.284274,-9.509831],[-78.286874,-9.51487],[-78.287466,-9.516095],[-78.287625,-9.516519],[-78.287714,-9.516962],[-78.287748,-9.517413],[-78.287728,-9.517864],[-78.287668,-9.518313],[-78.287547,-9.518749],[-78.287357,-9.51916],[-78.287014,-9.519747],[-78.286634,-9.520313],[-78.286402,-9.520703],[-78.284725,-9.522855],[-78.283903,-9.523944],[-78.276617,-9.534101],[-78.276245,-9.534671],[-78.276024,-9.535067],[-78.275361,-9.536509],[-78.269607,-9.550069],[-78.269297,-9.550674],[-78.269062,-9.551063],[-78.267786,-9.552942],[-78.267386,-9.553494],[-78.267088,-9.553839],[-78.266768,-9.554163],[-78.26492,-9.555857],[-78.264343,-9.556561],[-78.262129,-9.559726],[-78.261629,-9.560484],[-78.261398,-9.560874],[-78.260118,-9.563529],[-78.257166,-9.569907],[-78.256841,-9.570753],[-78.256645,-9.571403],[-78.256368,-9.5725],[-78.25521,-9.577805],[-78.25499,-9.578914],[-78.254792,-9.580257],[-78.254572,-9.58228],[-78.254522,-9.582956],[-78.254646,-9.584307],[-78.255734,-9.591462],[-78.25582,-9.591906],[-78.255962,-9.592335],[-78.256179,-9.592733],[-78.2572,-9.594237],[-78.257806,-9.595197],[-78.258021,-9.595596],[-78.258255,-9.596233],[-78.258326,-9.596679],[-78.25834,-9.596905],[-78.258311,-9.597356],[-78.257863,-9.601174],[-78.257406,-9.604763],[-78.257376,-9.605214],[-78.257448,-9.608605],[-78.257589,-9.613351],[-78.25758,-9.615386],[-78.257615,-9.618325],[-78.257804,-9.624652],[-78.25806,-9.634597],[-78.258191,-9.636401],[-78.259523,-9.645806],[-78.259768,-9.64714],[-78.259948,-9.647795],[-78.261362,-9.652334],[-78.261839,-9.653606],[-78.262036,-9.654014],[-78.262272,-9.654402],[-78.262546,-9.654765],[-78.262849,-9.655105],[-78.266168,-9.657891],[-78.267026,-9.658643],[-78.267294,-9.659009],[-78.267777,-9.659778],[-78.268036,-9.660406],[-78.268722,-9.662325],[-78.273096,-9.674231],[-78.273533,-9.675276],[-78.276021,-9.679863],[-78.277567,-9.682638],[-78.277927,-9.683217],[-78.281612,-9.688677],[-78.282009,-9.689492],[-78.282076,-9.689709],[-78.282169,-9.690151],[-78.282308,-9.691273],[-78.282362,-9.691949],[-78.282339,-9.6924],[-78.282211,-9.693066],[-78.281894,-9.693915],[-78.268555,-9.723952],[-78.266776,-9.727874],[-78.266558,-9.728271],[-78.266285,-9.728635],[-78.265523,-9.72948],[-78.265023,-9.729947],[-78.26484,-9.730081],[-78.264641,-9.730193],[-78.264211,-9.73035],[-78.263984,-9.730382],[-78.261462,-9.730499],[-78.261013,-9.730591],[-78.260799,-9.73067],[-78.260197,-9.730999],[-78.258305,-9.732279],[-78.257912,-9.732512],[-78.257706,-9.73261],[-78.256849,-9.732936],[-78.255319,-9.73342],[-78.254888,-9.733575],[-78.254684,-9.73368],[-78.254298,-9.733924],[-78.254123,-9.734069],[-78.253953,-9.734221],[-78.253667,-9.734575],[-78.253449,-9.734972],[-78.253256,-9.735382],[-78.25246,-9.73726],[-78.241196,-9.763254],[-78.2409,-9.763866],[-78.240564,-9.764458],[-78.240176,-9.765018],[-78.239759,-9.765558],[-78.233601,-9.77257],[-78.233036,-9.773282],[-78.232673,-9.773858],[-78.23206,-9.77532],[-78.231675,-9.775883],[-78.231525,-9.776053],[-78.230591,-9.777051],[-78.230019,-9.777425],[-78.229816,-9.777528],[-78.229599,-9.777603],[-78.229154,-9.777713],[-78.228695,-9.777725],[-78.22824,-9.77767],[-78.227797,-9.777551],[-78.227586,-9.777463],[-78.227185,-9.777244],[-78.226277,-9.776553],[-78.225507,-9.776061],[-78.225097,-9.775858],[-78.224663,-9.775713],[-78.224439,-9.775663],[-78.223985,-9.775599],[-78.223299,-9.775546],[-78.22261,-9.775527],[-78.221923,-9.77555],[-78.22126,-9.775729],[-78.220848,-9.77593],[-78.220478,-9.776194],[-78.220162,-9.776522],[-78.21991,-9.7769],[-78.219709,-9.777306],[-78.219565,-9.777735],[-78.217332,-9.78674],[-78.217184,-9.787167],[-78.216872,-9.787772],[-78.215971,-9.788797],[-78.211354,-9.79383],[-78.210873,-9.794315],[-78.210523,-9.794609],[-78.209949,-9.794981],[-78.209538,-9.795182],[-78.203206,-9.797853],[-78.202767,-9.797983],[-78.202316,-9.798065],[-78.201858,-9.798097],[-78.199333,-9.798151],[-78.198645,-9.798122],[-78.197733,-9.798015],[-78.188888,-9.796643],[-78.188432,-9.796597],[-78.187744,-9.796617],[-78.187067,-9.79674],[-78.185094,-9.797342],[-78.18446,-9.797607],[-78.184269,-9.797732],[-78.183913,-9.798017],[-78.183477,-9.798541],[-78.182031,-9.80085],[-78.180508,-9.803378],[-78.179941,-9.804361],[-78.179735,-9.804765],[-78.179655,-9.804976],[-78.179504,-9.805403],[-78.179464,-9.805626],[-78.179411,-9.806302],[-78.179464,-9.808562],[-78.179524,-9.80901],[-78.179638,-9.809447],[-78.179846,-9.80985],[-78.180084,-9.810236],[-78.180624,-9.810967],[-78.181402,-9.812087],[-78.181706,-9.812695],[-78.181781,-9.812909],[-78.181875,-9.81335],[-78.18193,-9.813799],[-78.1819,-9.81425],[-78.181578,-9.817172],[-78.181558,-9.818076],[-78.181711,-9.821011],[-78.18177,-9.821459],[-78.181867,-9.821901],[-78.182091,-9.822542],[-78.182397,-9.823149],[-78.183982,-9.825639],[-78.184429,-9.826429],[-78.184689,-9.827056],[-78.18478,-9.827499],[-78.184796,-9.827724],[-78.184796,-9.828176],[-78.184737,-9.828624],[-78.184307,-9.830845],[-78.182504,-9.839713],[-78.182317,-9.841056],[-78.181837,-9.849861],[-78.181748,-9.851894],[-78.181748,-9.852346],[-78.181796,-9.852795],[-78.181923,-9.853228],[-78.182099,-9.853646],[-78.182195,-9.853851],[-78.182322,-9.854039],[-78.182619,-9.854384],[-78.18296,-9.854686],[-78.183347,-9.854929],[-78.190542,-9.858934],[-78.195554,-9.861689],[-78.207462,-9.867558],[-78.208057,-9.867899],[-78.208409,-9.868189],[-78.208726,-9.868515],[-78.208988,-9.868886],[-78.209211,-9.869281],[-78.212891,-9.877319],[-78.213183,-9.878176],[-78.213308,-9.879071],[-78.213321,-9.879296],[-78.213269,-9.882461],[-78.213212,-9.883137],[-78.213112,-9.883578],[-78.212979,-9.884011],[-78.212811,-9.884431],[-78.207383,-9.894134],[-78.207184,-9.894542],[-78.207111,-9.894756],[-78.207004,-9.895195],[-78.206928,-9.895641],[-78.206972,-9.896091],[-78.207136,-9.896749],[-78.207319,-9.897163],[-78.207547,-9.897555],[-78.209628,-9.900536],[-78.215176,-9.908303],[-78.215819,-9.909239],[-78.219711,-9.916162],[-78.219957,-9.916795],[-78.220064,-9.917234],[-78.220103,-9.917684],[-78.220134,-9.920849],[-78.220072,-9.923562],[-78.220112,-9.927857],[-78.220103,-9.92944],[-78.220031,-9.930114],[-78.219883,-9.931006],[-78.216998,-9.942182],[-78.216541,-9.943698],[-78.21643,-9.943896],[-78.215878,-9.944618],[-78.213156,-9.94768],[-78.212414,-9.948543],[-78.21214,-9.948905],[-78.212023,-9.9491],[-78.211832,-9.94951],[-78.211658,-9.950166],[-78.211606,-9.950614],[-78.211585,-9.951518],[-78.211532,-9.951967],[-78.211479,-9.952188],[-78.211328,-9.952614],[-78.211119,-9.953015],[-78.210288,-9.954097],[-78.210042,-9.954478],[-78.20994,-9.954681],[-78.209736,-9.955328],[-78.209318,-9.957551],[-78.208998,-9.958635],[-78.20858,-9.95944],[-78.20822,-9.960018],[-78.206335,-9.962856],[-78.203481,-9.967232],[-78.203162,-9.967832],[-78.202602,-9.969072],[-78.20236,-9.969707],[-78.202156,-9.970354],[-78.201875,-9.97145],[-78.201557,-9.97346],[-78.201168,-9.975689],[-78.200978,-9.976573],[-78.200522,-9.977853],[-78.19999,-9.978855],[-78.199603,-9.979415],[-78.198316,-9.981007],[-78.190207,-9.990832],[-78.189266,-9.992115],[-78.188295,-9.99365],[-78.187608,-9.994826],[-78.184273,-10.00076],[-78.183954,-10.001361],[-78.183485,-10.002139],[-78.181697,-10.005299],[-78.180781,-10.006599],[-78.180029,-10.007453],[-78.17809,-10.009381],[-78.17539,-10.012155],[-78.174575,-10.012951],[-78.17395,-10.013613],[-78.173123,-10.014697],[-78.172888,-10.015086],[-78.172579,-10.015692],[-78.172307,-10.016315],[-78.171957,-10.017391],[-78.171295,-10.020025],[-78.170137,-10.024866],[-78.16987,-10.025731],[-78.169289,-10.027207],[-78.168903,-10.028027],[-78.168153,-10.029427],[-78.161723,-10.0396],[-78.161161,-10.040586],[-78.160656,-10.0416],[-78.160348,-10.042452],[-78.160275,-10.042665],[-78.160169,-10.043105],[-78.15925,-10.045901],[-78.158923,-10.047219],[-78.158894,-10.047443],[-78.158487,-10.051038],[-78.158164,-10.054187],[-78.157775,-10.057329],[-78.157685,-10.058455],[-78.157612,-10.058901],[-78.157576,-10.059578],[-78.156961,-10.065198],[-78.156833,-10.066093],[-78.156796,-10.066544],[-78.156536,-10.068105],[-78.156423,-10.068543],[-78.156088,-10.070321],[-78.155843,-10.071426],[-78.155704,-10.071855],[-78.155509,-10.072264],[-78.154646,-10.0736],[-78.150575,-10.079622],[-78.149594,-10.081151],[-78.148707,-10.082471],[-78.148227,-10.083242],[-78.147599,-10.08445],[-78.147323,-10.085071],[-78.146375,-10.087376],[-78.145738,-10.089073],[-78.144887,-10.091172],[-78.144305,-10.092402],[-78.142479,-10.096053],[-78.142108,-10.09688],[-78.1407,-10.099725],[-78.140519,-10.10014],[-78.140102,-10.100946],[-78.139423,-10.10238],[-78.137427,-10.106452],[-78.137011,-10.107259],[-78.136626,-10.10808],[-78.136302,-10.108678],[-78.13536,-10.110231],[-78.134738,-10.111181],[-78.132708,-10.114464],[-78.132327,-10.115029],[-78.123241,-10.129433],[-78.120956,-10.133092],[-78.117545,-10.138458],[-78.116714,-10.139813],[-78.116219,-10.140575],[-78.115651,-10.141285],[-78.11535,-10.141626],[-78.11486,-10.142103],[-78.114684,-10.142247],[-78.105837,-10.149091],[-78.104889,-10.149728],[-78.104112,-10.150211],[-78.102303,-10.151192],[-78.101929,-10.151454],[-78.1014,-10.151888],[-78.1009,-10.152354],[-78.100275,-10.153017],[-78.096677,-10.156508],[-78.088627,-10.164247],[-78.088159,-10.164744],[-78.086649,-10.166131],[-78.086175,-10.166624],[-78.081425,-10.171218],[-78.080591,-10.171995],[-78.078476,-10.174069],[-78.077798,-10.174679],[-78.077318,-10.175165],[-78.06944,-10.182753],[-78.068801,-10.183403],[-78.066984,-10.18513],[-78.065877,-10.186277],[-78.065587,-10.186628],[-78.064509,-10.187801],[-78.06363,-10.188846],[-78.063288,-10.189147],[-78.062856,-10.189675],[-78.06175,-10.190823],[-78.060737,-10.191742],[-78.059656,-10.192582],[-78.058608,-10.193464],[-78.057014,-10.194757],[-78.056286,-10.195309],[-78.054898,-10.196494],[-78.054729,-10.196646],[-78.05396,-10.197485],[-78.053559,-10.198037],[-78.053129,-10.198566],[-78.05247,-10.199492],[-78.051089,-10.201298],[-78.050726,-10.201874],[-78.050383,-10.202712],[-78.050137,-10.203583],[-78.050093,-10.203805],[-78.048914,-10.211175],[-78.048659,-10.212277],[-78.048513,-10.212706],[-78.048325,-10.213117],[-78.047854,-10.213893],[-78.04733,-10.214636],[-78.046617,-10.215522],[-78.0451,-10.21751],[-78.044667,-10.218038],[-78.043713,-10.219312],[-78.043003,-10.2202],[-78.042462,-10.220931],[-78.041187,-10.222532],[-78.040651,-10.223266],[-78.040091,-10.223983],[-78.039865,-10.224376],[-78.039673,-10.224786],[-78.039504,-10.225207],[-78.039371,-10.225639],[-78.039117,-10.226741],[-78.038095,-10.23322],[-78.037757,-10.235228],[-78.03762,-10.235892],[-78.037456,-10.237239],[-78.037412,-10.238369],[-78.037023,-10.244235],[-78.037014,-10.244687],[-78.036832,-10.24694],[-78.036694,-10.249424],[-78.036463,-10.252808],[-78.036318,-10.254611],[-78.036303,-10.255289],[-78.036117,-10.257995],[-78.036098,-10.258221],[-78.035883,-10.259561],[-78.035768,-10.260685],[-78.035729,-10.261589],[-78.035685,-10.262039],[-78.035666,-10.262717],[-78.0356,-10.263619],[-78.035642,-10.264521],[-78.035716,-10.264967],[-78.035834,-10.265404],[-78.036297,-10.266682],[-78.037595,-10.270545],[-78.039324,-10.275459],[-78.039734,-10.276754],[-78.040262,-10.278249],[-78.040686,-10.279539],[-78.041214,-10.281034],[-78.042516,-10.284897],[-78.045388,-10.293248],[-78.046027,-10.295183],[-78.046766,-10.297324],[-78.046953,-10.297736],[-78.047176,-10.298131],[-78.0476,-10.298665],[-78.047769,-10.298816],[-78.049415,-10.300046],[-78.049586,-10.300197],[-78.049892,-10.300534],[-78.050139,-10.300914],[-78.050234,-10.301119],[-78.0504,-10.301541],[-78.05049,-10.301984],[-78.050501,-10.302661],[-78.050426,-10.303108],[-78.050289,-10.303539],[-78.0502,-10.303748],[-78.049984,-10.304146],[-78.049859,-10.304334],[-78.048163,-10.306473],[-78.047704,-10.306978],[-78.046907,-10.307792],[-78.046217,-10.308389],[-78.045334,-10.309111],[-78.044303,-10.310011],[-78.042713,-10.31131],[-78.042551,-10.31147],[-78.042413,-10.311649],[-78.0423,-10.311845],[-78.042145,-10.31227],[-78.042112,-10.312493],[-78.042112,-10.312718],[-78.042191,-10.313161],[-78.04238,-10.313573],[-78.042509,-10.313759],[-78.042662,-10.313927],[-78.04283,-10.31408],[-78.043374,-10.314496],[-78.04357,-10.314612],[-78.043988,-10.314799],[-78.048762,-10.316422],[-78.048974,-10.316508],[-78.049772,-10.316955],[-78.0503,-10.31739],[-78.050785,-10.317871],[-78.051085,-10.318213],[-78.051347,-10.318584],[-78.051564,-10.318983],[-78.051748,-10.319397],[-78.051862,-10.319834],[-78.051877,-10.320059],[-78.051885,-10.320737],[-78.051857,-10.320961],[-78.051737,-10.321396],[-78.051452,-10.322014],[-78.050851,-10.322976],[-78.049598,-10.32487],[-78.049253,-10.325457],[-78.049075,-10.325873],[-78.048942,-10.326306],[-78.04884,-10.326746],[-78.048619,-10.329904],[-78.048353,-10.331464],[-78.048249,-10.331904],[-78.048008,-10.332539],[-78.047143,-10.334387],[-78.046597,-10.335632],[-78.046435,-10.336055],[-78.04451,-10.340407],[-78.043835,-10.34159],[-78.0432,-10.342531],[-78.042599,-10.343494],[-78.041988,-10.344169],[-78.041639,-10.344462],[-78.041066,-10.344837],[-78.040868,-10.34495],[-78.040445,-10.345126],[-78.039788,-10.345328],[-78.039561,-10.345358],[-78.036426,-10.346059],[-78.03261,-10.346865],[-78.031954,-10.347071],[-78.031341,-10.347379],[-78.030956,-10.347625],[-78.030603,-10.347914],[-78.030127,-10.348404],[-78.029853,-10.348766],[-78.029614,-10.349151],[-78.028948,-10.350591],[-78.028597,-10.351175],[-78.028128,-10.351671],[-78.027777,-10.351961],[-78.027182,-10.352303],[-78.026528,-10.352511],[-78.025844,-10.352585],[-78.025385,-10.352568],[-78.023549,-10.352598],[-78.022871,-10.352713],[-78.022651,-10.352778],[-78.022233,-10.352963],[-78.021853,-10.353216],[-78.021506,-10.353511],[-78.021203,-10.35385],[-78.021074,-10.354037],[-78.020956,-10.35423],[-78.020672,-10.354848],[-78.020556,-10.355516],[-78.020559,-10.355967],[-78.020578,-10.356193],[-78.020635,-10.356412],[-78.020979,-10.35749],[-78.021299,-10.358338],[-78.021821,-10.359834],[-78.021974,-10.360495],[-78.021984,-10.361173],[-78.021853,-10.361839],[-78.021717,-10.362271],[-78.02155,-10.362692],[-78.021207,-10.363279],[-78.020931,-10.36364],[-78.020584,-10.363936],[-78.020025,-10.364332],[-78.018249,-10.365371],[-78.018066,-10.365508],[-78.017529,-10.365932],[-78.016162,-10.36714],[-78.015676,-10.367618],[-78.015488,-10.367748],[-78.015318,-10.3679],[-78.013699,-10.369503],[-78.012496,-10.370552],[-78.012026,-10.371047],[-78.011757,-10.371414],[-78.011336,-10.372216],[-78.010866,-10.372993],[-78.010284,-10.373692],[-78.009974,-10.374026],[-78.009295,-10.374634],[-78.007479,-10.376017],[-78.006059,-10.377164],[-78.00432,-10.378641],[-78.002329,-10.380516],[-78.001981,-10.38081],[-78.000666,-10.382074],[-78.000152,-10.382524],[-77.998486,-10.38408],[-77.996423,-10.386204],[-77.995603,-10.386995],[-77.994253,-10.388221],[-77.990074,-10.392096],[-77.988421,-10.393666],[-77.98671,-10.395173],[-77.986057,-10.395808],[-77.985195,-10.396554],[-77.984379,-10.397349],[-77.983012,-10.398557],[-77.982296,-10.399123],[-77.981509,-10.399588],[-77.981127,-10.399839],[-77.980316,-10.400263],[-77.979527,-10.400724],[-77.979111,-10.400915],[-77.9773,-10.401894],[-77.974503,-10.403455],[-77.97188,-10.405284],[-77.970713,-10.406005],[-77.968714,-10.407117],[-77.967535,-10.407818],[-77.967176,-10.408099],[-77.966872,-10.408437],[-77.966605,-10.408804],[-77.966392,-10.409204],[-77.966319,-10.409418],[-77.966073,-10.410289],[-77.965735,-10.412066],[-77.965488,-10.41317],[-77.965435,-10.41339],[-77.965268,-10.413811],[-77.965047,-10.414206],[-77.964429,-10.414874],[-77.964247,-10.415012],[-77.963861,-10.415257],[-77.96345,-10.415456],[-77.960037,-10.416795],[-77.958553,-10.417403],[-77.947032,-10.421913],[-77.946601,-10.422069],[-77.94594,-10.422258],[-77.945489,-10.422343],[-77.944572,-10.422389],[-77.936078,-10.422335],[-77.928501,-10.422261],[-77.926665,-10.422277],[-77.926438,-10.422311],[-77.926221,-10.422382],[-77.926017,-10.422484],[-77.925835,-10.422621],[-77.925509,-10.422938],[-77.925216,-10.423287],[-77.924821,-10.423842],[-77.924707,-10.424038],[-77.924637,-10.424251],[-77.924572,-10.424698],[-77.924582,-10.424922],[-77.924623,-10.425145],[-77.925195,-10.4271],[-77.925398,-10.427504],[-77.92564,-10.427888],[-77.927286,-10.429774],[-77.927681,-10.430328],[-77.927899,-10.430727],[-77.929792,-10.435093],[-77.930571,-10.436978],[-77.930711,-10.437408],[-77.93073,-10.437633],[-77.930708,-10.438084],[-77.930442,-10.439873],[-77.930186,-10.441206],[-77.929889,-10.442991],[-77.929778,-10.443429],[-77.929612,-10.44385],[-77.929227,-10.444672],[-77.929006,-10.445067],[-77.928743,-10.445438],[-77.928446,-10.445783],[-77.927172,-10.447085],[-77.925989,-10.448156],[-77.924726,-10.449469],[-77.92415,-10.450174],[-77.924024,-10.450363],[-77.922276,-10.453285],[-77.921733,-10.454281],[-77.920336,-10.456619],[-77.919328,-10.458395],[-77.918406,-10.45996],[-77.917924,-10.460728],[-77.917627,-10.461341],[-77.917258,-10.461913],[-77.916937,-10.462513],[-77.916468,-10.46329],[-77.916275,-10.463699],[-77.916209,-10.463916],[-77.916134,-10.464361],[-77.915879,-10.467289],[-77.915785,-10.468869],[-77.91574,-10.469319],[-77.915708,-10.470449],[-77.91584,-10.471798],[-77.915855,-10.47225],[-77.915784,-10.472696],[-77.91559,-10.47358],[-77.915299,-10.474673],[-77.915077,-10.475782],[-77.914982,-10.476908],[-77.914723,-10.479382],[-77.914724,-10.479833],[-77.914877,-10.481409],[-77.914876,-10.482086],[-77.914536,-10.486369],[-77.914169,-10.489741],[-77.914066,-10.490181],[-77.913935,-10.490614],[-77.913231,-10.492527],[-77.912898,-10.49337],[-77.912334,-10.494608],[-77.911622,-10.496275],[-77.91119,-10.497072],[-77.895257,-10.520306],[-77.894791,-10.521084],[-77.894695,-10.521289],[-77.894375,-10.522137],[-77.893067,-10.525997],[-77.891488,-10.530483],[-77.89072,-10.532852],[-77.888874,-10.538205],[-77.888489,-10.539269],[-77.887203,-10.543137],[-77.886816,-10.544201],[-77.885212,-10.548918],[-77.882984,-10.555336],[-77.882696,-10.555952],[-77.882451,-10.556334],[-77.882169,-10.556691],[-77.881857,-10.557022],[-77.88134,-10.55747],[-77.876213,-10.561289],[-77.875871,-10.561591],[-77.875561,-10.561924],[-77.875283,-10.562283],[-77.875047,-10.562671],[-77.874867,-10.563087],[-77.873341,-10.567591],[-77.869662,-10.578775],[-77.869069,-10.580487],[-77.868881,-10.581139],[-77.868839,-10.581362],[-77.86879,-10.582264],[-77.868895,-10.58588],[-77.868915,-10.587463],[-77.86894,-10.587687],[-77.86912,-10.588341],[-77.871233,-10.59432],[-77.871367,-10.594985],[-77.871386,-10.59521],[-77.871416,-10.596113],[-77.871359,-10.597242],[-77.871238,-10.602215],[-77.871234,-10.603119],[-77.871169,-10.605153],[-77.871061,-10.606051],[-77.870964,-10.606493],[-77.870582,-10.607796],[-77.869903,-10.609476],[-77.866898,-10.616571],[-77.866524,-10.617397],[-77.866031,-10.618664],[-77.861762,-10.628669],[-77.861076,-10.630346],[-77.860738,-10.630936],[-77.857285,-10.635451],[-77.855244,-10.638183],[-77.854987,-10.638557],[-77.854891,-10.638762],[-77.854751,-10.639192],[-77.85471,-10.639415],[-77.854696,-10.639865],[-77.854719,-10.64009],[-77.854866,-10.640753],[-77.855231,-10.64206],[-77.855304,-10.642506],[-77.855333,-10.642957],[-77.855309,-10.643408],[-77.855152,-10.644756],[-77.855043,-10.645194],[-77.854857,-10.645606],[-77.854731,-10.645794],[-77.854582,-10.645967],[-77.854417,-10.646124],[-77.854046,-10.646388],[-77.849679,-10.648887],[-77.848321,-10.649734],[-77.847217,-10.650545],[-77.844505,-10.652635],[-77.843198,-10.653556],[-77.842234,-10.65417],[-77.840014,-10.655355],[-77.838782,-10.655961],[-77.83814,-10.656206],[-77.837699,-10.65633],[-77.835673,-10.656729],[-77.814124,-10.661291],[-77.813466,-10.661491],[-77.811533,-10.662209],[-77.811125,-10.662415],[-77.810742,-10.662664],[-77.810327,-10.662854],[-77.809877,-10.66294],[-77.809661,-10.663013],[-77.809467,-10.66313],[-77.809312,-10.663296],[-77.80921,-10.663496],[-77.809146,-10.663712],[-77.809037,-10.663907],[-77.808856,-10.664036],[-77.808629,-10.664056],[-77.808194,-10.663927],[-77.807966,-10.663916],[-77.807287,-10.664024],[-77.806604,-10.664098],[-77.806381,-10.664155],[-77.795231,-10.668356],[-77.795036,-10.668472],[-77.79486,-10.668617],[-77.794706,-10.668784],[-77.794479,-10.669176],[-77.794359,-10.669611],[-77.794259,-10.67028],[-77.79399,-10.670902],[-77.793966,-10.671126],[-77.794009,-10.671345],[-77.794098,-10.671553],[-77.794236,-10.671725],[-77.794331,-10.671929],[-77.794366,-10.67215],[-77.79426,-10.672347],[-77.793745,-10.672794],[-77.793429,-10.67312],[-77.793173,-10.673494],[-77.792985,-10.673906],[-77.79293,-10.674124],[-77.792063,-10.678795],[-77.791939,-10.67923],[-77.791025,-10.681789],[-77.790669,-10.682623],[-77.784941,-10.694461],[-77.784281,-10.695651],[-77.783534,-10.696791],[-77.782707,-10.697876],[-77.782109,-10.698562],[-77.780364,-10.700359],[-77.775209,-10.705514],[-77.773966,-10.706846],[-77.773056,-10.707864],[-77.77233,-10.70874],[-77.771486,-10.709812],[-77.76528,-10.717946],[-77.758759,-10.726414],[-77.74751,-10.739843],[-77.744919,-10.743299],[-77.74426,-10.744225],[-77.730539,-10.762913],[-77.730054,-10.763681],[-77.729401,-10.764875],[-77.729121,-10.765495],[-77.727575,-10.769269],[-77.727118,-10.770306],[-77.726546,-10.771285],[-77.726285,-10.771657],[-77.725712,-10.772363],[-77.72524,-10.772857],[-77.720823,-10.776811],[-77.720185,-10.777461],[-77.719731,-10.777972],[-77.718771,-10.779241],[-77.714993,-10.78464],[-77.713766,-10.786277],[-77.712621,-10.787691],[-77.709087,-10.791854],[-77.708138,-10.793131],[-77.707768,-10.793704],[-77.707193,-10.794682],[-77.706679,-10.795692],[-77.702719,-10.80435],[-77.702067,-10.806042],[-77.701576,-10.807548],[-77.701222,-10.808859],[-77.700992,-10.809967],[-77.700739,-10.81153],[-77.700573,-10.813104],[-77.700516,-10.814006],[-77.700506,-10.815815],[-77.70055,-10.816718],[-77.700905,-10.82168],[-77.700977,-10.823487],[-77.700948,-10.824617],[-77.700845,-10.825743],[-77.700743,-10.826414],[-77.700531,-10.827524],[-77.70018,-10.828836],[-77.689617,-10.861115],[-77.689222,-10.862415],[-77.688325,-10.865218],[-77.687615,-10.867605],[-77.68602,-10.87327],[-77.684999,-10.876745],[-77.68463,-10.877815],[-77.684294,-10.878656],[-77.683694,-10.879877],[-77.682773,-10.881442],[-77.661731,-10.915149],[-77.661475,-10.915524],[-77.661053,-10.91606],[-77.660589,-10.916561],[-77.657659,-10.919431],[-77.656666,-10.920371],[-77.654618,-10.922187],[-77.653836,-10.923013],[-77.653417,-10.923551],[-77.652925,-10.924314],[-77.652521,-10.925126],[-77.652349,-10.925545],[-77.651655,-10.927936],[-77.647325,-10.944348],[-77.647268,-10.944567],[-77.647086,-10.945683],[-77.646399,-10.963306],[-77.645833,-10.97867],[-77.645749,-10.98025],[-77.645602,-10.981143],[-77.645308,-10.982235],[-77.645056,-10.982866],[-77.644761,-10.983479],[-77.644428,-10.984073],[-77.644176,-10.984451],[-77.643622,-10.985171],[-77.643003,-10.985839],[-77.642493,-10.986294],[-77.642132,-10.986573],[-77.629372,-10.995034],[-77.615612,-11.004056],[-77.615423,-11.004183],[-77.614382,-11.005071],[-77.613552,-11.005853],[-77.612026,-11.007225],[-77.611041,-11.008173],[-77.607505,-11.011401],[-77.606011,-11.012807],[-77.604468,-11.014159],[-77.602442,-11.015998],[-77.601611,-11.016778],[-77.600822,-11.017599],[-77.599345,-11.019329],[-77.598935,-11.019875],[-77.598168,-11.021002],[-77.593896,-11.027703],[-77.593562,-11.028297],[-77.593258,-11.028905],[-77.592749,-11.030165],[-77.592547,-11.030813],[-77.591482,-11.034746],[-77.589806,-11.041091],[-77.589347,-11.043075],[-77.589124,-11.044414],[-77.588996,-11.045764],[-77.588936,-11.046667],[-77.588938,-11.048023],[-77.58899,-11.049152],[-77.589516,-11.055688],[-77.589526,-11.056819],[-77.589476,-11.058174],[-77.589344,-11.059297],[-77.589142,-11.060409],[-77.588885,-11.061511],[-77.588533,-11.062587],[-77.586804,-11.067019],[-77.584627,-11.072249],[-77.584349,-11.07311],[-77.583885,-11.074144],[-77.583298,-11.075617],[-77.582997,-11.076472],[-77.582657,-11.077786],[-77.582502,-11.078677],[-77.582377,-11.080028],[-77.582392,-11.08161],[-77.582594,-11.083408],[-77.583346,-11.088555],[-77.583602,-11.089657],[-77.583992,-11.090958],[-77.584468,-11.09223],[-77.58503,-11.093468],[-77.585332,-11.094078],[-77.586297,-11.095877],[-77.58901,-11.101114],[-77.589609,-11.102335],[-77.589948,-11.103176],[-77.590415,-11.10469],[-77.590974,-11.106883],[-77.591167,-11.107534],[-77.591854,-11.110161],[-77.592889,-11.113867],[-77.593937,-11.117803],[-77.594075,-11.118468],[-77.594124,-11.118917],[-77.59417,-11.120046],[-77.593934,-11.122067],[-77.593828,-11.123193],[-77.593807,-11.123871],[-77.593874,-11.124999],[-77.593992,-11.125896],[-77.594255,-11.126996],[-77.596626,-11.134792],[-77.596867,-11.135897],[-77.597427,-11.141068],[-77.597502,-11.142422],[-77.597478,-11.144456],[-77.597407,-11.145585],[-77.597253,-11.146933],[-77.596996,-11.148495],[-77.596802,-11.149379],[-77.596526,-11.150476],[-77.596052,-11.151988],[-77.595735,-11.152837],[-77.595131,-11.154303],[-77.594531,-11.155525],[-77.593657,-11.157115],[-77.58859,-11.165194],[-77.584799,-11.171126],[-77.576692,-11.184],[-77.574475,-11.187434],[-77.573689,-11.188549],[-77.571789,-11.191102],[-77.56995,-11.193697],[-77.526504,-11.253715],[-77.513332,-11.271957],[-77.475608,-11.324053],[-77.444727,-11.366792],[-77.441243,-11.371565],[-77.425386,-11.393475],[-77.424561,-11.394561],[-77.42394,-11.395228],[-77.42345,-11.395705],[-77.422729,-11.396263],[-77.422352,-11.396522],[-77.421761,-11.39687],[-77.421146,-11.397173],[-77.4203,-11.397525],[-77.419429,-11.39781],[-77.418303,-11.398028],[-77.417619,-11.398107],[-77.41716,-11.398133],[-77.416243,-11.398113],[-77.4151,-11.398007],[-77.402576,-11.396413],[-77.397108,-11.39574],[-77.395738,-11.395606],[-77.395279,-11.395617],[-77.394828,-11.395696],[-77.394393,-11.395838],[-77.39418,-11.395924],[-77.393982,-11.396036],[-77.393434,-11.396445],[-77.393114,-11.396768],[-77.392972,-11.396945],[-77.392729,-11.397328],[-77.392544,-11.397742],[-77.392436,-11.398181],[-77.392402,-11.398404],[-77.392384,-11.399082],[-77.392635,-11.406087],[-77.392613,-11.406764],[-77.392519,-11.407435],[-77.392411,-11.407875],[-77.392256,-11.4083],[-77.391963,-11.408913],[-77.391457,-11.409667],[-77.390988,-11.410163],[-77.390474,-11.410613],[-77.390106,-11.410882],[-77.389498,-11.411201],[-77.388857,-11.411449],[-77.388193,-11.411627],[-77.387739,-11.41169],[-77.387052,-11.411727],[-77.386365,-11.411676],[-77.385914,-11.411596],[-77.38547,-11.411481],[-77.384828,-11.411237],[-77.384021,-11.410805],[-77.381462,-11.409292],[-77.380639,-11.408893],[-77.380201,-11.408757],[-77.379748,-11.408686],[-77.37929,-11.408663],[-77.378834,-11.40871],[-77.378385,-11.408805],[-77.377952,-11.408954],[-77.377543,-11.409159],[-77.377346,-11.409275],[-77.376981,-11.409549],[-77.376646,-11.409857],[-77.376228,-11.410396],[-77.374592,-11.41312],[-77.374403,-11.413532],[-77.374157,-11.414165],[-77.373792,-11.415472],[-77.373709,-11.415683],[-77.3736,-11.415881],[-77.373316,-11.416234],[-77.372967,-11.416527],[-77.372837,-11.41671],[-77.372169,-11.41733],[-77.371731,-11.417853],[-77.371461,-11.418219],[-77.367769,-11.424211],[-77.367437,-11.424805],[-77.366459,-11.426336],[-77.364237,-11.430032],[-77.361715,-11.434079],[-77.36143,-11.434433],[-77.360368,-11.435621],[-77.359249,-11.436757],[-77.354045,-11.442179],[-77.352839,-11.443225],[-77.351371,-11.444311],[-77.350599,-11.4448],[-77.349598,-11.445355],[-77.34939,-11.445451],[-77.343322,-11.448149],[-77.341201,-11.449014],[-77.314138,-11.460863],[-77.313733,-11.461077],[-77.313344,-11.461317],[-77.31283,-11.461768],[-77.312521,-11.462102],[-77.312232,-11.462453],[-77.312107,-11.462643],[-77.311896,-11.463045],[-77.311716,-11.46346],[-77.309511,-11.469647],[-77.309236,-11.470509],[-77.30915,-11.470953],[-77.309104,-11.471403],[-77.309087,-11.471854],[-77.309105,-11.472532],[-77.30923,-11.474337],[-77.309208,-11.475693],[-77.309082,-11.476588],[-77.308903,-11.477243],[-77.307708,-11.480664],[-77.306553,-11.483859],[-77.306347,-11.484506],[-77.305879,-11.485782],[-77.304989,-11.488349],[-77.304671,-11.489198],[-77.304542,-11.489632],[-77.304386,-11.490292],[-77.303744,-11.493854],[-77.303639,-11.494294],[-77.2966,-11.513905],[-77.296276,-11.514752],[-77.296089,-11.515164],[-77.295621,-11.515942],[-77.289313,-11.525387],[-77.288974,-11.525978],[-77.28384,-11.536341],[-77.283199,-11.537542],[-77.281658,-11.540319],[-77.281346,-11.540924],[-77.279162,-11.545658],[-77.27813,-11.547678],[-77.277697,-11.548475],[-77.277213,-11.549244],[-77.27669,-11.549987],[-77.276134,-11.550707],[-77.275063,-11.552177],[-77.274483,-11.552877],[-77.273986,-11.553347],[-77.273813,-11.553495],[-77.272882,-11.554157],[-77.269314,-11.55621],[-77.268929,-11.556454],[-77.268585,-11.556752],[-77.268275,-11.557086],[-77.268154,-11.557276],[-77.268004,-11.557445],[-77.267234,-11.557934],[-77.267065,-11.558086],[-77.266769,-11.558423],[-77.266551,-11.558821],[-77.266397,-11.559247],[-77.26239,-11.576899],[-77.262393,-11.577116],[-77.261751,-11.579754],[-77.261157,-11.581465],[-77.259566,-11.585707],[-77.258083,-11.589506],[-77.257537,-11.590994],[-77.256534,-11.593521],[-77.256225,-11.594127],[-77.255998,-11.59452],[-77.255873,-11.59471],[-77.255307,-11.595422],[-77.25499,-11.595748],[-77.254472,-11.596195],[-77.253547,-11.596864],[-77.249717,-11.599358],[-77.249157,-11.599753],[-77.245058,-11.603032],[-77.241876,-11.605628],[-77.237875,-11.609359],[-77.237362,-11.609812],[-77.234788,-11.611707],[-77.233294,-11.612758],[-77.232894,-11.612981],[-77.232474,-11.613163],[-77.231807,-11.613332],[-77.23135,-11.613371],[-77.231122,-11.613358],[-77.23067,-11.613278],[-77.230229,-11.613155],[-77.227438,-11.612114],[-77.217597,-11.608339],[-77.214593,-11.607213],[-77.200034,-11.601662],[-77.199594,-11.601535],[-77.19891,-11.601458],[-77.198223,-11.601485],[-77.197553,-11.601639],[-77.19713,-11.601815],[-77.19673,-11.602035],[-77.196205,-11.602474],[-77.196046,-11.602636],[-77.195893,-11.602805],[-77.19563,-11.603176],[-77.195518,-11.603373],[-77.195332,-11.603786],[-77.195202,-11.604219],[-77.19502,-11.604641],[-77.194999,-11.605148],[-77.195024,-11.605499],[-77.195086,-11.605861],[-77.195195,-11.606263],[-77.195302,-11.606537],[-77.195441,-11.606813],[-77.195798,-11.607341],[-77.196024,-11.6076],[-77.196289,-11.607853],[-77.196714,-11.608166],[-77.197124,-11.608392],[-77.199423,-11.609401],[-77.202222,-11.61057],[-77.202612,-11.610703],[-77.203202,-11.610857],[-77.205017,-11.611143],[-77.205348,-11.611246],[-77.205603,-11.611362],[-77.206028,-11.611624],[-77.206414,-11.611965],[-77.206736,-11.612407],[-77.20688,-11.612687],[-77.20698,-11.612948],[-77.207065,-11.613302],[-77.207097,-11.613689],[-77.207008,-11.615653],[-77.207066,-11.616639],[-77.207396,-11.618689],[-77.20744,-11.619103],[-77.207436,-11.619632],[-77.207365,-11.620533],[-77.207244,-11.621664],[-77.207246,-11.622533],[-77.207425,-11.627865],[-77.207419,-11.628341],[-77.207373,-11.628949],[-77.20727,-11.629628],[-77.206355,-11.633325],[-77.206262,-11.633852],[-77.206185,-11.634996],[-77.206209,-11.635447],[-77.206313,-11.636269],[-77.206355,-11.636885],[-77.206336,-11.637534],[-77.206287,-11.637937],[-77.206115,-11.63863],[-77.205423,-11.640471],[-77.203729,-11.643955],[-77.203383,-11.644824],[-77.202979,-11.646183],[-77.20285,-11.646543],[-77.202619,-11.647042],[-77.20207,-11.648008],[-77.201901,-11.648392],[-77.201771,-11.648817],[-77.201699,-11.649151],[-77.201518,-11.650623],[-77.201384,-11.651348],[-77.201203,-11.652011],[-77.20094,-11.652742],[-77.200739,-11.653203],[-77.200397,-11.653857],[-77.20003,-11.654438],[-77.199416,-11.65532],[-77.199161,-11.65576],[-77.198942,-11.656243],[-77.198516,-11.657432],[-77.198378,-11.657707],[-77.198215,-11.657968],[-77.197956,-11.658294],[-77.197615,-11.658623],[-77.1972,-11.65892],[-77.196892,-11.659086],[-77.196568,-11.659219],[-77.193385,-11.660294],[-77.192573,-11.66068],[-77.192099,-11.660966],[-77.191661,-11.661274],[-77.186753,-11.665244],[-77.186164,-11.665779],[-77.18572,-11.666268],[-77.185258,-11.666881],[-77.184842,-11.667582],[-77.184538,-11.668258],[-77.184382,-11.668703],[-77.184224,-11.669311],[-77.184152,-11.669711],[-77.184068,-11.670448],[-77.183688,-11.676972],[-77.183208,-11.686129],[-77.183061,-11.68692],[-77.182851,-11.687739],[-77.182601,-11.688395],[-77.18223,-11.68919],[-77.180807,-11.69184],[-77.180492,-11.692509],[-77.180184,-11.693312],[-77.179896,-11.694199],[-77.179683,-11.695139],[-77.179503,-11.696244],[-77.179057,-11.701161],[-77.17887,-11.702121],[-77.17874,-11.702567],[-77.17838,-11.703446],[-77.177574,-11.704904],[-77.177403,-11.705364],[-77.177174,-11.706203],[-77.1771,-11.706882],[-77.177113,-11.707324],[-77.177063,-11.709123],[-77.176996,-11.709648],[-77.176883,-11.710063],[-77.176808,-11.710446],[-77.176529,-11.711106],[-77.176348,-11.711402],[-77.175867,-11.71206],[-77.175198,-11.712786],[-77.174892,-11.713171],[-77.174621,-11.713613],[-77.174445,-11.714012],[-77.174306,-11.714401],[-77.174227,-11.714852],[-77.174182,-11.716028],[-77.174133,-11.716461],[-77.174078,-11.716723],[-77.173986,-11.716955],[-77.173778,-11.717367],[-77.17281,-11.71897],[-77.172484,-11.719448],[-77.170708,-11.722364],[-77.170321,-11.72286],[-77.169849,-11.723313],[-77.168905,-11.724053],[-77.168381,-11.724524],[-77.167952,-11.725036],[-77.166116,-11.727852],[-77.165764,-11.728264],[-77.165412,-11.728608],[-77.165043,-11.72886],[-77.164639,-11.729087],[-77.160393,-11.730956],[-77.159783,-11.731124],[-77.158976,-11.731283],[-77.158041,-11.731342],[-77.157174,-11.7313],[-77.155929,-11.731056],[-77.154316,-11.730527],[-77.152762,-11.729947],[-77.152348,-11.729765],[-77.152221,-11.730045],[-77.152008,-11.729963],[-77.152,-11.729982],[-77.151447,-11.729784],[-77.146495,-11.727684],[-77.145302,-11.727263],[-77.144203,-11.727062],[-77.143371,-11.727028],[-77.142358,-11.727104],[-77.141688,-11.72723],[-77.140899,-11.727474],[-77.139663,-11.728095],[-77.139139,-11.72844],[-77.138452,-11.728969],[-77.137955,-11.729474],[-77.137319,-11.730297],[-77.136804,-11.731222],[-77.136495,-11.731969],[-77.136255,-11.732827],[-77.136161,-11.733449],[-77.136091,-11.734543],[-77.136075,-11.735608],[-77.136113,-11.736227],[-77.136272,-11.737197],[-77.136375,-11.737684],[-77.136581,-11.738348],[-77.137088,-11.739499],[-77.137946,-11.740827],[-77.138916,-11.74197],[-77.153277,-11.758176],[-77.156477,-11.761818],[-77.156955,-11.762397],[-77.157139,-11.76265],[-77.157369,-11.76299],[-77.157668,-11.7635],[-77.157934,-11.764051],[-77.158271,-11.764885],[-77.158449,-11.76546],[-77.158574,-11.76598],[-77.158793,-11.767524],[-77.159109,-11.770353],[-77.159326,-11.772531],[-77.159685,-11.775482],[-77.159764,-11.776741],[-77.159721,-11.777531],[-77.159653,-11.778018],[-77.159412,-11.779018],[-77.159161,-11.779643],[-77.158703,-11.780539],[-77.158193,-11.781337],[-77.15757,-11.782004],[-77.151102,-11.788326],[-77.143955,-11.795385],[-77.137783,-11.801426],[-77.137124,-11.8021],[-77.136779,-11.802502],[-77.1365,-11.802876],[-77.13437,-11.805965],[-77.129069,-11.813734],[-77.1287,-11.814322],[-77.128433,-11.814831],[-77.128013,-11.815756],[-77.125598,-11.821603],[-77.125375,-11.822048],[-77.125018,-11.822553],[-77.120116,-11.828102],[-77.119495,-11.828771],[-77.118121,-11.829925],[-77.117755,-11.830191],[-77.106934,-11.838846],[-77.105343,-11.840143],[-77.103504,-11.841581],[-77.100321,-11.844158],[-77.079106,-11.861116],[-77.074856,-11.864557],[-77.074502,-11.864903],[-77.074065,-11.865434],[-77.072062,-11.868403],[-77.069943,-11.871595],[-77.069718,-11.871994],[-77.069482,-11.872579],[-77.069336,-11.873208],[-77.069304,-11.873434],[-77.06917,-11.875518],[-77.068275,-11.891473],[-77.067999,-11.897095],[-77.067712,-11.901523],[-77.067694,-11.90205],[-77.067752,-11.902817],[-77.067796,-11.903081],[-77.067874,-11.903341],[-77.068037,-11.903722],[-77.06953,-11.906898],[-77.069971,-11.90763],[-77.071128,-11.90923],[-77.07135,-11.909688],[-77.072286,-11.911077],[-77.073176,-11.912279],[-77.073602,-11.913017],[-77.073796,-11.913485],[-77.073933,-11.914119],[-77.073953,-11.914417],[-77.073941,-11.915068],[-77.073611,-11.918279],[-77.073429,-11.920474],[-77.0727,-11.92805],[-77.072513,-11.930308],[-77.07225,-11.932748],[-77.071437,-11.941684],[-77.071109,-11.945127],[-77.070953,-11.946421],[-77.070297,-11.950692],[-77.070061,-11.952054],[-77.069011,-11.958736],[-77.068811,-11.960114],[-77.068732,-11.960952],[-77.068441,-11.963007],[-77.068285,-11.963986],[-77.067821,-11.96653],[-77.067468,-11.968729],[-77.064678,-11.986626],[-77.064501,-11.987845],[-77.064127,-11.991242],[-77.063993,-11.991991],[-77.063685,-11.993185],[-77.063519,-11.994046],[-77.062426,-12.00091],[-77.062448,-12.001328],[-77.062279,-12.002375],[-77.062283,-12.002474],[-77.062169,-12.003292],[-77.062175,-12.003965],[-77.0622,-12.004107],[-77.062297,-12.004266],[-77.06231,-12.004383],[-77.062265,-12.004534],[-77.062147,-12.004659],[-77.062107,-12.005281],[-77.061706,-12.007715],[-77.061588,-12.008294],[-77.06165,-12.008424],[-77.061667,-12.008517],[-77.061634,-12.0087],[-77.061557,-12.008819],[-77.061439,-12.008909],[-77.061294,-12.008953],[-77.061192,-12.008954],[-77.061002,-12.008884],[-77.060904,-12.008793],[-77.060384,-12.008447],[-77.060095,-12.008349],[-77.056323,-12.007819],[-77.056557,-12.006378],[-77.056758,-12.00477],[-77.05677,-12.004721],[-77.056825,-12.004786],[-77.056908,-12.004805],[-77.05681,-12.004977],[-77.056585,-12.004902],[-77.056505,-12.005105],[-77.056472,-12.005137],[-77.056505,-12.005105],[-77.056289,-12.005114],[-77.056058,-12.005076],[-77.056075,-12.005063],[-77.056058,-12.005076],[-77.055764,-12.00503],[-77.055698,-12.004941],[-77.055604,-12.00501],[-77.05542,-12.004896],[-77.055235,-12.004979],[-77.055123,-12.005058],[-77.054965,-12.004839],[-77.054593,-12.004807],[-77.054458,-12.00489],[-77.053685,-12.008651],[-77.053412,-12.009774],[-77.051992,-12.01612],[-77.051713,-12.017275],[-77.05169,-12.017531],[-77.051429,-12.018753],[-77.050835,-12.02193],[-77.050677,-12.022561],[-77.050513,-12.022892],[-77.050344,-12.023119],[-77.050121,-12.023366],[-77.048186,-12.024988],[-77.046846,-12.026174],[-77.044603,-12.02827],[-77.044529,-12.028353],[-77.044483,-12.028456],[-77.044442,-12.02868],[-77.044032,-12.033255],[-77.043751,-12.036959],[-77.043792,-12.037109],[-77.043892,-12.037241],[-77.044027,-12.037321],[-77.044137,-12.037345],[-77.04425,-12.03734],[-77.044357,-12.037305],[-77.044731,-12.037055],[-77.044763,-12.03701],[-77.044804,-12.036909],[-77.044812,-12.036801],[-77.044761,-12.036647],[-77.044689,-12.036563],[-77.044594,-12.036505],[-77.044406,-12.036479],[-77.042883,-12.036931],[-77.04194,-12.037182],[-77.04153,-12.037217],[-77.038715,-12.038049],[-77.038332,-12.038191],[-77.03786,-12.038425],[-77.037292,-12.038813],[-77.03627,-12.039737],[-77.035911,-12.040014],[-77.03555,-12.040233],[-77.035094,-12.040458],[-77.033631,-12.041011],[-77.033249,-12.041222],[-77.032478,-12.041704],[-77.032131,-12.041881],[-77.03038,-12.042684],[-77.029476,-12.043019],[-77.028911,-12.043152],[-77.028616,-12.043183],[-77.026559,-12.04326],[-77.023935,-12.043316],[-77.023331,-12.04324],[-77.022868,-12.043149],[-77.021853,-12.04288],[-77.021453,-12.042715],[-77.018241,-12.04123],[-77.016828,-12.040442],[-77.016344,-12.040156],[-77.015717,-12.039738],[-77.014988,-12.039191],[-77.013606,-12.038037],[-77.010455,-12.035343],[-77.009487,-12.034575],[-77.008568,-12.03393],[-77.00701,-12.032972],[-77.006362,-12.032608],[-77.00509,-12.031952],[-77.004382,-12.031633],[-76.998427,-12.029393],[-76.997778,-12.029202],[-76.997451,-12.029156],[-76.997119,-12.029146],[-76.996744,-12.02917],[-76.996204,-12.02927],[-76.995495,-12.029528],[-76.994946,-12.029807],[-76.993798,-12.030459],[-76.993167,-12.030862],[-76.992625,-12.031267],[-76.992337,-12.031505],[-76.991781,-12.032047],[-76.991096,-12.032779],[-76.990702,-12.033245],[-76.990315,-12.033743],[-76.989915,-12.034355],[-76.989585,-12.034994],[-76.989275,-12.035746],[-76.989038,-12.036508],[-76.988324,-12.039257],[-76.988159,-12.039754],[-76.987777,-12.040634],[-76.987474,-12.041211],[-76.987241,-12.041601],[-76.986651,-12.042441],[-76.986078,-12.043063],[-76.985743,-12.043381],[-76.977705,-12.050488],[-76.977266,-12.050897],[-76.976864,-12.051347],[-76.976558,-12.051744],[-76.976189,-12.052316],[-76.975819,-12.053019],[-76.973371,-12.058714],[-76.97315,-12.059109],[-76.972015,-12.061682],[-76.971874,-12.062062],[-76.97171,-12.062543],[-76.97153,-12.063338],[-76.971437,-12.064091],[-76.971424,-12.064556],[-76.97143,-12.065101],[-76.971482,-12.06571],[-76.971544,-12.066092],[-76.971732,-12.066858],[-76.971907,-12.067728],[-76.972172,-12.068479],[-76.972485,-12.069184],[-76.972932,-12.070453],[-76.975193,-12.075921],[-76.975735,-12.077288],[-76.976109,-12.078157],[-76.976567,-12.079013],[-76.976998,-12.079665],[-76.977417,-12.080194],[-76.977966,-12.080788],[-76.979709,-12.082432],[-76.980751,-12.083378],[-76.981063,-12.083587],[-76.981348,-12.083844],[-76.982231,-12.084713],[-76.982433,-12.084817],[-76.9829,-12.084915],[-76.984707,-12.084973],[-76.985334,-12.08505],[-76.986707,-12.085527],[-76.987005,-12.085606],[-76.987512,-12.085721],[-76.98874,-12.085935],[-76.991033,-12.086152],[-76.994766,-12.086644],[-76.995021,-12.086652],[-76.995283,-12.086631],[-76.99586,-12.086508],[-76.996196,-12.086484],[-76.996394,-12.086483],[-76.996974,-12.086563],[-76.997362,-12.086669],[-76.99811,-12.08708],[-76.998457,-12.087201],[-77.00166,-12.087636],[-77.001821,-12.087648],[-77.002173,-12.08763],[-77.002494,-12.087555],[-77.002968,-12.087394],[-77.003596,-12.087444],[-77.004225,-12.087547],[-77.00437,-12.087603],[-77.005244,-12.088095],[-77.005544,-12.088169],[-77.00571,-12.088209],[-77.007723,-12.088473],[-77.007672,-12.088866],[-77.007654,-12.08948],[-77.007774,-12.089833],[-77.008516,-12.091242],[-77.009766,-12.093475],[-77.010058,-12.094076],[-77.011659,-12.09705],[-77.011913,-12.097858],[-77.011961,-12.097933],[-77.012067,-12.097999],[-77.012244,-12.098019],[-77.012362,-12.098001],[-77.012534,-12.098027],[-77.012661,-12.098104],[-77.012715,-12.098174],[-77.012776,-12.098343],[-77.012826,-12.098661],[-77.013079,-12.099494],[-77.013458,-12.100353],[-77.014836,-12.102931],[-77.015041,-12.103265],[-77.016383,-12.105764],[-77.016779,-12.106463],[-77.016876,-12.106365],[-77.017265,-12.106757],[-77.01736,-12.106909],[-77.017415,-12.107088],[-77.017431,-12.107322],[-77.01741,-12.107836],[-77.017673,-12.107838]]}}]}