{"type":"FeatureCollection","features":[{"type":"Feature","properties":{"fuente":"OpenStreetMap 2026-10-02 (recorrido.py)","pasos":[{"accion":"inicio","via":"Carretera Panamericana Norte","m":40882},{"accion":"sigue","via":"Avenida Panamericana Norte","m":11402},{"accion":"sigue","via":"Carretera Panamericana Norte","m":956},{"accion":"sigue","via":"Avenida Panamericana Norte","m":86},{"accion":"sigue","via":"Carretera Panamericana Norte","m":1044},{"accion":"sigue","via":"","m":174},{"accion":"sigue","via":"Avenida Panamericana Norte","m":182},{"accion":"rotonda","salida":2,"via":"Avenida Alfredo Mendiola","m":70},{"accion":"sigue","via":"Avenida Alfredo Mendiola","m":407},{"accion":"rotonda","salida":3,"via":"Avenida Tomás Valle","m":144},{"accion":"sigue","via":"Avenida Tomás Valle","m":517},{"accion":"izquierda","via":"","m":370},{"accion":"sigue","via":"Avenida Túpac Amaru","m":2945},{"accion":"sigue","via":"Avenida Caquetá","m":1117},{"accion":"sigue","via":"Avenida Alfonso Ugarte","m":2372},{"accion":"rotonda","salida":4,"via":"Avenida 9 de Diciembre","m":240},{"accion":"sigue","via":"Avenida 9 de Diciembre","m":340},{"accion":"sigue","via":"Avenida Paseo de la República","m":651},{"accion":"izquierda","via":"Avenida Jaime Bausate y Meza","m":169},{"accion":"derecha","via":"Avenida José Gálvez","m":154},{"accion":"derecha","via":"Jirón Humboldt","m":36}],"sin_calle":9,"fuera":[1201102,0]},"geometry":{"type":"LineString","coordinates":[[-80.448265,-3.556668],[-80.44842,-3.556747],[-80.450234,-3.557036],[-80.450679,-3.557144],[-80.450895,-3.557219],[-80.451308,-3.557415],[-80.451502,-3.557537],[-80.45186,-3.557819],[-80.452173,-3.558149],[-80.456626,-3.564736],[-80.460093,-3.569796],[-80.464828,-3.575621],[-80.470216,-3.581183],[-80.471468,-3.582506],[-80.471902,-3.583033],[-80.481846,-3.596037],[-80.482455,-3.596712],[-80.48318,-3.597267],[-80.483569,-3.597507],[-80.48419,-3.5978],[-80.484409,-3.597867],[-80.486431,-3.598284],[-80.490712,-3.599111],[-80.491372,-3.599305],[-80.491992,-3.599598],[-80.492568,-3.599969],[-80.501562,-3.606241],[-80.503636,-3.60766],[-80.505374,-3.60876],[-80.513737,-3.613927],[-80.51433,-3.614272],[-80.520369,-3.617981],[-80.521178,-3.618409],[-80.521822,-3.618646],[-80.52204,-3.618719],[-80.522711,-3.618868],[-80.523167,-3.618921],[-80.523855,-3.618934],[-80.524542,-3.618884],[-80.526343,-3.61853],[-80.543179,-3.614967],[-80.544089,-3.61485],[-80.544548,-3.614846],[-80.545233,-3.614907],[-80.545902,-3.615069],[-80.54655,-3.615296],[-80.548167,-3.616155],[-80.551297,-3.618048],[-80.553073,-3.619088],[-80.559727,-3.623108],[-80.560325,-3.623445],[-80.5705,-3.629596],[-80.582265,-3.636651],[-80.582668,-3.636869],[-80.583524,-3.637193],[-80.584652,-3.6374],[-80.600178,-3.639021],[-80.601079,-3.639195],[-80.601522,-3.639313],[-80.603258,-3.639901],[-80.603469,-3.63999],[-80.604075,-3.640311],[-80.604448,-3.640575],[-80.604802,-3.640863],[-80.614706,-3.649287],[-80.615478,-3.650122],[-80.61601,-3.65086],[-80.616706,-3.65203],[-80.618396,-3.654985],[-80.618795,-3.655538],[-80.620704,-3.657797],[-80.622057,-3.659335],[-80.622537,-3.659821],[-80.623052,-3.660271],[-80.626279,-3.662814],[-80.626648,-3.663083],[-80.627044,-3.66331],[-80.628555,-3.663847],[-80.630031,-3.664474],[-80.631065,-3.664964],[-80.631261,-3.665081],[-80.631629,-3.665351],[-80.631958,-3.665665],[-80.632248,-3.666016],[-80.632485,-3.666403],[-80.633209,-3.667815],[-80.633467,-3.668189],[-80.633778,-3.668521],[-80.635109,-3.669767],[-80.635474,-3.670038],[-80.635672,-3.670154],[-80.636088,-3.670342],[-80.636757,-3.670505],[-80.637213,-3.670549],[-80.6379,-3.670505],[-80.638563,-3.670324],[-80.6434,-3.668241],[-80.644063,-3.668056],[-80.644288,-3.668012],[-80.644742,-3.667944],[-80.645199,-3.667909],[-80.645658,-3.667906],[-80.646117,-3.667935],[-80.646572,-3.667993],[-80.647895,-3.668367],[-80.650528,-3.669166],[-80.651206,-3.669279],[-80.651665,-3.669287],[-80.652121,-3.669234],[-80.653689,-3.66889],[-80.654143,-3.668822],[-80.654372,-3.66882],[-80.655056,-3.668893],[-80.657093,-3.669233],[-80.65754,-3.669338],[-80.657768,-3.669359],[-80.658454,-3.669307],[-80.658683,-3.66931],[-80.658899,-3.669379],[-80.659073,-3.669524],[-80.660237,-3.670923],[-80.661376,-3.672341],[-80.662546,-3.673735],[-80.662706,-3.673897],[-80.663215,-3.674353],[-80.664666,-3.675462],[-80.665963,-3.676396],[-80.666545,-3.676759],[-80.666954,-3.676964],[-80.667596,-3.67721],[-80.66892,-3.677583],[-80.669356,-3.677725],[-80.669781,-3.677896],[-80.670187,-3.678107],[-80.671777,-3.679012],[-80.672827,-3.679467],[-80.674377,-3.679885],[-80.676162,-3.68031],[-80.677286,-3.680538],[-80.677743,-3.680584],[-80.677972,-3.680582],[-80.681619,-3.680153],[-80.682306,-3.680126],[-80.682761,-3.680186],[-80.683196,-3.680329],[-80.683406,-3.68042],[-80.683808,-3.680639],[-80.684177,-3.680907],[-80.691454,-3.686787],[-80.691797,-3.687087],[-80.692255,-3.687594],[-80.693752,-3.689596],[-80.694207,-3.690106],[-80.694564,-3.690389],[-80.696169,-3.691267],[-80.699838,-3.693139],[-80.70083,-3.693708],[-80.707644,-3.698315],[-80.709078,-3.699445],[-80.711369,-3.701328],[-80.71229,-3.702004],[-80.72008,-3.707207],[-80.720777,-3.707796],[-80.727219,-3.71359],[-80.729438,-3.715556],[-80.729795,-3.715839],[-80.730193,-3.716065],[-80.730619,-3.716232],[-80.731062,-3.71635],[-80.731519,-3.71638],[-80.731977,-3.716357],[-80.73287,-3.71615],[-80.738588,-3.714463],[-80.739036,-3.714365],[-80.739264,-3.714339],[-80.739952,-3.714347],[-80.740404,-3.714423],[-80.740841,-3.714561],[-80.741048,-3.714657],[-80.742266,-3.71529],[-80.748091,-3.718467],[-80.748509,-3.718651],[-80.748957,-3.718748],[-80.749185,-3.718766],[-80.749643,-3.718737],[-80.750316,-3.718594],[-80.7512,-3.718353],[-80.751655,-3.718293],[-80.752114,-3.71828],[-80.752571,-3.71832],[-80.753017,-3.718423],[-80.753446,-3.718585],[-80.753847,-3.718803],[-80.754037,-3.718929],[-80.754393,-3.719213],[-80.754706,-3.719544],[-80.754981,-3.719906],[-80.755111,-3.720092],[-80.755663,-3.721083],[-80.756407,-3.722486],[-80.756781,-3.723055],[-80.757366,-3.72375],[-80.75838,-3.724669],[-80.763535,-3.729167],[-80.764185,-3.729806],[-80.76433,-3.729981],[-80.764598,-3.730348],[-80.764935,-3.730939],[-80.767295,-3.735591],[-80.768363,-3.737592],[-80.76872,-3.738172],[-80.768861,-3.73835],[-80.769496,-3.739002],[-80.773658,-3.742558],[-80.773844,-3.74269],[-80.77424,-3.742918],[-80.77466,-3.743099],[-80.775104,-3.743215],[-80.775328,-3.743262],[-80.776467,-3.7434],[-80.776912,-3.743509],[-80.777127,-3.743589],[-80.777521,-3.743821],[-80.777891,-3.744088],[-80.778755,-3.744832],[-80.779145,-3.745067],[-80.77936,-3.745142],[-80.779586,-3.745182],[-80.779815,-3.74519],[-80.780043,-3.745165],[-80.780489,-3.745057],[-80.781147,-3.744856],[-80.78137,-3.744806],[-80.781599,-3.744789],[-80.781828,-3.744792],[-80.782053,-3.744829],[-80.782269,-3.744906],[-80.782465,-3.745022],[-80.782638,-3.745169],[-80.783752,-3.74631],[-80.785595,-3.748327],[-80.786138,-3.749056],[-80.78661,-3.749831],[-80.792859,-3.762677],[-80.793419,-3.763917],[-80.804177,-3.790847],[-80.808186,-3.800956],[-80.814001,-3.815468],[-80.816163,-3.820947],[-80.828983,-3.853153],[-80.829116,-3.853586],[-80.829295,-3.854472],[-80.829352,-3.855148],[-80.829369,-3.855826],[-80.829143,-3.866224],[-80.829177,-3.867353],[-80.829278,-3.868024],[-80.830337,-3.872656],[-80.830597,-3.873283],[-80.830974,-3.87385],[-80.831116,-3.874027],[-80.831431,-3.874356],[-80.838679,-3.880619],[-80.838861,-3.880756],[-80.839245,-3.881004],[-80.839448,-3.881108],[-80.843867,-3.883008],[-80.844479,-3.883319],[-80.844672,-3.88344],[-80.845405,-3.883985],[-80.848551,-3.886961],[-80.849034,-3.887444],[-80.849642,-3.888121],[-80.851733,-3.890817],[-80.85393,-3.893716],[-80.855048,-3.895151],[-80.855358,-3.895484],[-80.855893,-3.895909],[-80.856091,-3.896024],[-80.856505,-3.896218],[-80.856943,-3.896353],[-80.862987,-3.897709],[-80.866577,-3.898477],[-80.867914,-3.898804],[-80.868553,-3.899054],[-80.871102,-3.900583],[-80.87171,-3.9009],[-80.872772,-3.901329],[-80.874737,-3.901959],[-80.875356,-3.902254],[-80.875929,-3.90263],[-80.876432,-3.903092],[-80.878049,-3.905003],[-80.878355,-3.905339],[-80.878684,-3.905655],[-80.87905,-3.905926],[-80.879446,-3.906155],[-80.881538,-3.907085],[-80.882109,-3.907462],[-80.882451,-3.907764],[-80.882754,-3.908103],[-80.886538,-3.913771],[-80.887065,-3.914511],[-80.887232,-3.914664],[-80.887421,-3.914791],[-80.887631,-3.91488],[-80.887853,-3.914934],[-80.888081,-3.914943],[-80.889222,-3.914834],[-80.889679,-3.914871],[-80.890119,-3.914996],[-80.890538,-3.91518],[-80.891103,-3.915566],[-80.894798,-3.918616],[-80.89609,-3.919557],[-80.896886,-3.920007],[-80.90488,-3.92398],[-80.906268,-3.924777],[-80.907588,-3.92568],[-80.907766,-3.925822],[-80.912426,-3.929847],[-80.912975,-3.930257],[-80.913752,-3.93074],[-80.914556,-3.931177],[-80.916184,-3.932014],[-80.917185,-3.932566],[-80.922637,-3.935472],[-80.923632,-3.936037],[-80.925378,-3.937125],[-80.937821,-3.945238],[-80.938418,-3.945576],[-80.938838,-3.945758],[-80.939057,-3.945823],[-80.939508,-3.94591],[-80.939965,-3.945947],[-80.941342,-3.945903],[-80.941571,-3.945917],[-80.941795,-3.945965],[-80.942011,-3.94604],[-80.942218,-3.946139],[-80.942599,-3.94639],[-80.946601,-3.949781],[-80.94691,-3.950116],[-80.947173,-3.950486],[-80.947363,-3.950896],[-80.947486,-3.951332],[-80.947538,-3.951781],[-80.947491,-3.952457],[-80.945512,-3.965424],[-80.945451,-3.9661],[-80.94549,-3.966776],[-80.945571,-3.967221],[-80.945769,-3.96787],[-80.945954,-3.968284],[-80.946199,-3.968666],[-80.946327,-3.968853],[-80.947053,-3.96973],[-80.949162,-3.972118],[-80.952662,-3.976011],[-80.957962,-3.98196],[-80.958443,-3.982444],[-80.958805,-3.982722],[-80.958999,-3.982844],[-80.959411,-3.983043],[-80.959842,-3.983197],[-80.96029,-3.983292],[-80.960519,-3.983316],[-80.960977,-3.983307],[-80.961432,-3.98325],[-80.963667,-3.982733],[-80.964123,-3.982689],[-80.964581,-3.982702],[-80.965033,-3.982781],[-80.965459,-3.982947],[-80.965863,-3.983161],[-80.966388,-3.983599],[-80.971518,-3.98909],[-80.97227,-3.989944],[-80.972512,-3.990328],[-80.972712,-3.990734],[-80.972877,-3.991156],[-80.974478,-3.997519],[-80.974742,-3.998146],[-80.975061,-3.998746],[-80.975449,-3.999307],[-80.978073,-4.002738],[-80.978469,-4.003293],[-80.978777,-4.003899],[-80.978922,-4.004328],[-80.979035,-4.004766],[-80.979096,-4.005214],[-80.979115,-4.005665],[-80.979077,-4.006342],[-80.978379,-4.010811],[-80.977958,-4.013263],[-80.977853,-4.013703],[-80.977678,-4.01412],[-80.977435,-4.014503],[-80.977124,-4.014834],[-80.976947,-4.014978],[-80.976552,-4.015208],[-80.975914,-4.015462],[-80.971591,-4.016988],[-80.968575,-4.018082],[-80.968368,-4.018179],[-80.967983,-4.018424],[-80.967805,-4.018567],[-80.967485,-4.01889],[-80.967345,-4.019068],[-80.967105,-4.019453],[-80.963598,-4.026067],[-80.963553,-4.026285],[-80.96365,-4.026725],[-80.963645,-4.026945],[-80.96345,-4.027353],[-80.963306,-4.027526],[-80.963104,-4.027632],[-80.962674,-4.027788],[-80.962535,-4.027957],[-80.954697,-4.041514],[-80.954603,-4.041718],[-80.954079,-4.043452],[-80.954041,-4.043902],[-80.95402,-4.04458],[-80.954002,-4.049328],[-80.954039,-4.049779],[-80.954307,-4.050878],[-80.9557,-4.05373],[-80.955855,-4.053895],[-80.957369,-4.055278],[-80.958639,-4.055803],[-80.983534,-4.064464],[-80.985857,-4.065439],[-80.987276,-4.066182],[-81.003406,-4.075298],[-81.00423,-4.075695],[-81.005332,-4.076012],[-81.014935,-4.07827],[-81.017589,-4.078997],[-81.017792,-4.079093],[-81.01888,-4.079925],[-81.019866,-4.081173],[-81.020264,-4.081988],[-81.027993,-4.099635],[-81.028373,-4.100458],[-81.028635,-4.100829],[-81.028794,-4.100991],[-81.029322,-4.101424],[-81.031292,-4.102586],[-81.031703,-4.102786],[-81.032133,-4.102944],[-81.034148,-4.103389],[-81.035935,-4.103811],[-81.041086,-4.104952],[-81.041178,-4.104793],[-81.041231,-4.104573],[-81.041162,-4.10484],[-81.041242,-4.104976],[-81.043927,-4.105586],[-81.046619,-4.106161],[-81.047746,-4.10638],[-81.050244,-4.10674],[-81.050474,-4.106749],[-81.05116,-4.1067],[-81.051615,-4.106738],[-81.052065,-4.106648],[-81.052294,-4.106636],[-81.05298,-4.106684],[-81.053208,-4.106713],[-81.053638,-4.106863],[-81.055185,-4.107293],[-81.055407,-4.10735],[-81.055635,-4.107374],[-81.058387,-4.107273],[-81.058616,-4.107286],[-81.059288,-4.107432],[-81.060622,-4.107768],[-81.061053,-4.107922],[-81.061246,-4.108045],[-81.061421,-4.108191],[-81.062392,-4.109152],[-81.063185,-4.10997],[-81.06348,-4.110316],[-81.06361,-4.110502],[-81.063854,-4.111136],[-81.064212,-4.112446],[-81.064359,-4.112874],[-81.065278,-4.115191],[-81.065418,-4.115621],[-81.065473,-4.11584],[-81.065499,-4.116064],[-81.065506,-4.116515],[-81.065433,-4.11719],[-81.06503,-4.119873],[-81.06485,-4.121218],[-81.064862,-4.12167],[-81.064892,-4.121894],[-81.065006,-4.122332],[-81.065558,-4.124057],[-81.067615,-4.131706],[-81.067756,-4.132136],[-81.068041,-4.132753],[-81.06842,-4.133319],[-81.068717,-4.133663],[-81.069047,-4.133976],[-81.069406,-4.134258],[-81.070002,-4.134598],[-81.07021,-4.134693],[-81.070423,-4.134776],[-81.074377,-4.135958],[-81.074823,-4.136068],[-81.075507,-4.136142],[-81.078032,-4.136198],[-81.078485,-4.136267],[-81.079145,-4.136458],[-81.080376,-4.137068],[-81.082795,-4.138366],[-81.083005,-4.138457],[-81.083644,-4.13871],[-81.084299,-4.13892],[-81.087821,-4.139946],[-81.088692,-4.140232],[-81.08952,-4.140621],[-81.0899,-4.140874],[-81.090252,-4.141164],[-81.090587,-4.141473],[-81.090889,-4.141813],[-81.09125,-4.14239],[-81.094371,-4.148181],[-81.094769,-4.148996],[-81.094932,-4.149419],[-81.094994,-4.149637],[-81.095126,-4.150301],[-81.095159,-4.150978],[-81.095132,-4.151429],[-81.095047,-4.151873],[-81.094734,-4.152722],[-81.093817,-4.154546],[-81.093726,-4.154753],[-81.093669,-4.154972],[-81.093648,-4.155197],[-81.093659,-4.155421],[-81.09371,-4.15564],[-81.093811,-4.155842],[-81.093944,-4.156026],[-81.0941,-4.156191],[-81.094278,-4.156329],[-81.09449,-4.156416],[-81.094934,-4.156528],[-81.098568,-4.157058],[-81.098791,-4.157108],[-81.099226,-4.157251],[-81.099431,-4.157351],[-81.099818,-4.157594],[-81.099996,-4.157736],[-81.106063,-4.164221],[-81.106615,-4.164623],[-81.107016,-4.164843],[-81.107449,-4.164995],[-81.107894,-4.165102],[-81.115404,-4.166089],[-81.115851,-4.16619],[-81.116066,-4.166269],[-81.116273,-4.166367],[-81.116659,-4.16661],[-81.116984,-4.166928],[-81.117262,-4.167288],[-81.119791,-4.171062],[-81.119939,-4.171235],[-81.12043,-4.171998],[-81.120563,-4.172182],[-81.120727,-4.17234],[-81.12784,-4.17806],[-81.127785,-4.178236],[-81.12796,-4.178382],[-81.128138,-4.178524],[-81.12831,-4.178625],[-81.128456,-4.178551],[-81.132392,-4.181668],[-81.132873,-4.182153],[-81.133112,-4.182538],[-81.133596,-4.183806],[-81.133676,-4.184479],[-81.133869,-4.187411],[-81.133933,-4.187628],[-81.13479,-4.189479],[-81.135315,-4.19022],[-81.135759,-4.190739],[-81.136141,-4.191302],[-81.136685,-4.192298],[-81.137285,-4.193519],[-81.137525,-4.193904],[-81.137852,-4.194501],[-81.138094,-4.194885],[-81.138515,-4.195421],[-81.138765,-4.195799],[-81.138867,-4.196002],[-81.139203,-4.196843],[-81.139427,-4.197236],[-81.139775,-4.197529],[-81.140166,-4.197763],[-81.140339,-4.197912],[-81.140488,-4.198083],[-81.141165,-4.198996],[-81.141523,-4.199575],[-81.141607,-4.199785],[-81.141709,-4.200225],[-81.14171,-4.202034],[-81.141635,-4.202707],[-81.141341,-4.204263],[-81.14132,-4.204714],[-81.141436,-4.205381],[-81.141814,-4.206448],[-81.142036,-4.206844],[-81.142347,-4.207176],[-81.142722,-4.207433],[-81.142931,-4.207525],[-81.143156,-4.207572],[-81.143842,-4.207629],[-81.145447,-4.207685],[-81.146105,-4.207485],[-81.146331,-4.207447],[-81.146558,-4.20745],[-81.146779,-4.207507],[-81.147425,-4.20774],[-81.147648,-4.207792],[-81.14971,-4.207929],[-81.152895,-4.208352],[-81.153343,-4.208448],[-81.153558,-4.208528],[-81.153764,-4.208627],[-81.154142,-4.208884],[-81.157513,-4.211954],[-81.158333,-4.212744],[-81.164557,-4.218438],[-81.164906,-4.218731],[-81.166087,-4.219805],[-81.166234,-4.219976],[-81.166348,-4.220172],[-81.166446,-4.220376],[-81.166598,-4.220802],[-81.166729,-4.220986],[-81.166922,-4.221107],[-81.167133,-4.221197],[-81.16731,-4.221326],[-81.167368,-4.221543],[-81.167229,-4.22172],[-81.167017,-4.221807],[-81.16685,-4.221961],[-81.166704,-4.222135],[-81.166679,-4.222356],[-81.16684,-4.223015],[-81.166922,-4.223222],[-81.167068,-4.223396],[-81.167639,-4.223775],[-81.16823,-4.224121],[-81.169722,-4.225529],[-81.169882,-4.22569],[-81.169993,-4.225887],[-81.170036,-4.226109],[-81.16998,-4.226326],[-81.169869,-4.226521],[-81.169724,-4.226696],[-81.169555,-4.226848],[-81.169368,-4.226978],[-81.169156,-4.227051],[-81.168929,-4.227053],[-81.168702,-4.227021],[-81.168479,-4.227047],[-81.168332,-4.227216],[-81.16827,-4.227426],[-81.168323,-4.227643],[-81.168781,-4.228148],[-81.168871,-4.228351],[-81.168937,-4.228797],[-81.169104,-4.228918],[-81.169277,-4.228812],[-81.169303,-4.228594],[-81.169292,-4.228368],[-81.169364,-4.228157],[-81.169564,-4.228054],[-81.170248,-4.227977],[-81.170478,-4.227972],[-81.170702,-4.22801],[-81.170896,-4.228122],[-81.171366,-4.228614],[-81.171572,-4.22869],[-81.171721,-4.228545],[-81.171723,-4.228096],[-81.171836,-4.227914],[-81.172059,-4.227873],[-81.172275,-4.227942],[-81.172899,-4.228227],[-81.17334,-4.228351],[-81.173479,-4.228514],[-81.173367,-4.228699],[-81.173146,-4.22873],[-81.172928,-4.228663],[-81.172715,-4.228718],[-81.172597,-4.228905],[-81.172636,-4.229352],[-81.172716,-4.229564],[-81.172849,-4.229746],[-81.173035,-4.229877],[-81.173493,-4.229903],[-81.173716,-4.229945],[-81.173901,-4.230071],[-81.174276,-4.230638],[-81.174345,-4.230853],[-81.174359,-4.231078],[-81.174229,-4.231511],[-81.17421,-4.231733],[-81.174271,-4.231949],[-81.174424,-4.23211],[-81.174614,-4.232234],[-81.174821,-4.232332],[-81.174991,-4.232477],[-81.175302,-4.232803],[-81.175731,-4.232963],[-81.175912,-4.233092],[-81.176021,-4.233288],[-81.175996,-4.233505],[-81.175722,-4.233859],[-81.175738,-4.234076],[-81.175877,-4.234247],[-81.176502,-4.234528],[-81.17665,-4.234696],[-81.17673,-4.234906],[-81.17683,-4.235347],[-81.177104,-4.235706],[-81.177733,-4.236365],[-81.178147,-4.236907],[-81.178268,-4.237099],[-81.178348,-4.237309],[-81.178389,-4.237532],[-81.17839,-4.237984],[-81.17842,-4.238207],[-81.178521,-4.238403],[-81.178688,-4.238554],[-81.178894,-4.238649],[-81.179117,-4.238693],[-81.179806,-4.238724],[-81.180031,-4.238754],[-81.18068,-4.23898],[-81.181082,-4.239196],[-81.181259,-4.239339],[-81.184345,-4.242376],[-81.184654,-4.242709],[-81.184986,-4.243021],[-81.185348,-4.243299],[-81.185535,-4.243429],[-81.186336,-4.243868],[-81.187225,-4.244583],[-81.18742,-4.244702],[-81.195766,-4.249458],[-81.196307,-4.249877],[-81.196774,-4.250375],[-81.197046,-4.250738],[-81.197165,-4.250932],[-81.198776,-4.253671],[-81.202162,-4.259316],[-81.204924,-4.264012],[-81.205008,-4.264455],[-81.205056,-4.264904],[-81.20505,-4.265355],[-81.205022,-4.265579],[-81.204897,-4.266013],[-81.204704,-4.266423],[-81.204443,-4.266794],[-81.204143,-4.267136],[-81.203765,-4.267392],[-81.203352,-4.267589],[-81.20292,-4.26774],[-81.200857,-4.267864],[-81.198332,-4.267889],[-81.197874,-4.267912],[-81.197648,-4.26795],[-81.19743,-4.268016],[-81.197228,-4.268124],[-81.197039,-4.268252],[-81.196875,-4.268408],[-81.196733,-4.268586],[-81.196501,-4.268973],[-81.196435,-4.269189],[-81.196167,-4.27052],[-81.195984,-4.271864],[-81.195436,-4.277036],[-81.19529,-4.278839],[-81.19518,-4.279737],[-81.195137,-4.279958],[-81.194802,-4.2808],[-81.194682,-4.28099],[-81.194115,-4.281701],[-81.193947,-4.281855],[-81.184364,-4.290296],[-81.183628,-4.290836],[-81.182288,-4.29171],[-81.180786,-4.292751],[-81.175787,-4.297415],[-81.174709,-4.29859],[-81.170941,-4.303437],[-81.164556,-4.311435],[-81.164396,-4.311597],[-81.163848,-4.312005],[-81.15782,-4.315287],[-81.157264,-4.315687],[-81.152047,-4.320116],[-81.148582,-4.323734],[-81.148412,-4.323885],[-81.147853,-4.324281],[-81.14507,-4.325864],[-81.144883,-4.325995],[-81.144168,-4.326562],[-81.142412,-4.32835],[-81.13788,-4.334043],[-81.137099,-4.334872],[-81.135341,-4.336658],[-81.133399,-4.338582],[-81.130353,-4.341657],[-81.128535,-4.343696],[-81.128112,-4.344231],[-81.127986,-4.344419],[-81.127787,-4.344826],[-81.125912,-4.349445],[-81.124941,-4.351984],[-81.124576,-4.352813],[-81.124223,-4.353889],[-81.124164,-4.354563],[-81.124185,-4.355015],[-81.124318,-4.355679],[-81.124406,-4.355888],[-81.126403,-4.360457],[-81.130625,-4.370236],[-81.132483,-4.374617],[-81.134215,-4.37856],[-81.13645,-4.383766],[-81.136739,-4.384382],[-81.139144,-4.390008],[-81.153384,-4.422863],[-81.153602,-4.423261],[-81.154004,-4.423812],[-81.168143,-4.438959],[-81.169175,-4.440172],[-81.176207,-4.44882],[-81.176524,-4.449147],[-81.176697,-4.449295],[-81.176885,-4.449425],[-81.177284,-4.449647],[-81.18779,-4.454203],[-81.188429,-4.454456],[-81.188648,-4.454523],[-81.189097,-4.454618],[-81.191615,-4.454801],[-81.192296,-4.454899],[-81.192717,-4.455075],[-81.192914,-4.455191],[-81.193096,-4.455329],[-81.193411,-4.455657],[-81.193673,-4.456028],[-81.195201,-4.458552],[-81.195391,-4.458964],[-81.195621,-4.459603],[-81.195677,-4.459823],[-81.195715,-4.460045],[-81.195814,-4.461397],[-81.196091,-4.462495],[-81.196273,-4.462908],[-81.196958,-4.464085],[-81.19711,-4.464252],[-81.197304,-4.464371],[-81.197526,-4.46442],[-81.197752,-4.464393],[-81.198165,-4.464198],[-81.19838,-4.464153],[-81.198512,-4.464321],[-81.198472,-4.46454],[-81.198319,-4.464966],[-81.198274,-4.465188],[-81.198205,-4.46609],[-81.198213,-4.466315],[-81.198287,-4.466526],[-81.198428,-4.466702],[-81.198627,-4.466815],[-81.198851,-4.466851],[-81.199539,-4.466846],[-81.199766,-4.466873],[-81.199947,-4.467007],[-81.200049,-4.467206],[-81.200625,-4.468923],[-81.200885,-4.469551],[-81.201369,-4.470576],[-81.201577,-4.470979],[-81.201811,-4.471368],[-81.202094,-4.471723],[-81.20241,-4.47205],[-81.202772,-4.472328],[-81.203718,-4.472969],[-81.204069,-4.473259],[-81.204222,-4.473427],[-81.204472,-4.473806],[-81.204567,-4.474012],[-81.20471,-4.474441],[-81.205199,-4.476185],[-81.205367,-4.476605],[-81.205606,-4.47699],[-81.205927,-4.477312],[-81.206302,-4.47757],[-81.208713,-4.478884],[-81.209692,-4.479474],[-81.216063,-4.483512],[-81.216478,-4.483705],[-81.217342,-4.48401],[-81.217982,-4.484263],[-81.218186,-4.484366],[-81.218568,-4.484616],[-81.219844,-4.485579],[-81.220159,-4.485906],[-81.220292,-4.486089],[-81.220394,-4.486292],[-81.220478,-4.486501],[-81.220556,-4.486946],[-81.221836,-4.502269],[-81.22185,-4.502721],[-81.221751,-4.503161],[-81.221658,-4.503367],[-81.219235,-4.506939],[-81.218996,-4.507324],[-81.218708,-4.50794],[-81.215825,-4.516526],[-81.215588,-4.517163],[-81.215488,-4.517366],[-81.215362,-4.517555],[-81.215057,-4.517891],[-81.214674,-4.51814],[-81.214464,-4.518229],[-81.214242,-4.518285],[-81.214015,-4.518313],[-81.213556,-4.518323],[-81.209434,-4.51803],[-81.208975,-4.518049],[-81.208525,-4.518137],[-81.208307,-4.518207],[-81.207885,-4.518384],[-81.203945,-4.520706],[-81.203783,-4.520865],[-81.203653,-4.521051],[-81.203574,-4.521262],[-81.203535,-4.521481],[-81.2036,-4.522156],[-81.204642,-4.527023],[-81.205876,-4.534613],[-81.205984,-4.535052],[-81.206156,-4.535471],[-81.20626,-4.535672],[-81.208984,-4.540389],[-81.209383,-4.541203],[-81.209944,-4.542686],[-81.215919,-4.559311],[-81.216247,-4.560156],[-81.217531,-4.563057],[-81.21757,-4.56328],[-81.217541,-4.563503],[-81.217481,-4.56372],[-81.217368,-4.563916],[-81.217221,-4.564089],[-81.21704,-4.564227],[-81.182461,-4.588125],[-81.181533,-4.58879],[-81.159162,-4.604237],[-81.158269,-4.604946],[-81.157443,-4.605731],[-81.156406,-4.606939],[-81.15198,-4.612714],[-81.151718,-4.613085],[-81.150324,-4.614882],[-81.148971,-4.616708],[-81.148518,-4.617495],[-81.143931,-4.627362],[-81.143472,-4.628145],[-81.143351,-4.628337],[-81.142091,-4.62995],[-81.139057,-4.63364],[-81.138021,-4.634849],[-81.137751,-4.635214],[-81.137339,-4.636022],[-81.137188,-4.636449],[-81.137075,-4.636887],[-81.137,-4.637333],[-81.13696,-4.638236],[-81.1371,-4.640493],[-81.137085,-4.640944],[-81.137011,-4.64139],[-81.13686,-4.641817],[-81.136757,-4.642018],[-81.136502,-4.642393],[-81.136185,-4.642718],[-81.136007,-4.642862],[-81.135618,-4.643101],[-81.13456,-4.643538],[-81.127497,-4.646239],[-81.126651,-4.646591],[-81.126249,-4.646809],[-81.126064,-4.646942],[-81.125705,-4.647225],[-81.12537,-4.647533],[-81.122972,-4.650273],[-81.121795,-4.651662],[-81.121179,-4.652333],[-81.120448,-4.653204],[-81.11062,-4.664562],[-81.109858,-4.665408],[-81.094067,-4.683644],[-81.091552,-4.686583],[-81.087668,-4.691047],[-81.086756,-4.692063],[-81.086103,-4.6927],[-81.085245,-4.69345],[-81.084336,-4.69414],[-81.083195,-4.694899],[-81.028717,-4.727651],[-81.001836,-4.743735],[-80.999302,-4.745289],[-80.994204,-4.748347],[-80.99326,-4.74899],[-80.992725,-4.749416],[-80.989328,-4.75246],[-80.975179,-4.765364],[-80.974185,-4.766303],[-80.972296,-4.767954],[-80.966748,-4.773035],[-80.965536,-4.774075],[-80.964209,-4.775326],[-80.959124,-4.7799],[-80.955095,-4.783602],[-80.951374,-4.786966],[-80.949998,-4.788163],[-80.945635,-4.792176],[-80.933118,-4.803489],[-80.932292,-4.804274],[-80.925831,-4.810048],[-80.92383,-4.811912],[-80.919588,-4.81572],[-80.915877,-4.819094],[-80.915187,-4.819691],[-80.914186,-4.820623],[-80.912491,-4.822148],[-80.911327,-4.82324],[-80.906733,-4.827339],[-80.905736,-4.828274],[-80.901194,-4.832428],[-80.896774,-4.83638],[-80.893076,-4.839768],[-80.891707,-4.840974],[-80.890872,-4.84175],[-80.888999,-4.843418],[-80.888287,-4.843989],[-80.88753,-4.8445],[-80.88714,-4.844739],[-80.886129,-4.845275],[-80.885292,-4.845646],[-80.884436,-4.845974],[-80.883338,-4.846304],[-80.882436,-4.84647],[-80.881754,-4.846565],[-80.880838,-4.846624],[-80.880149,-4.84662],[-80.873492,-4.846758],[-80.869594,-4.846945],[-80.865245,-4.847283],[-80.862952,-4.847386],[-80.859286,-4.847626],[-80.858374,-4.84773],[-80.857685,-4.84774],[-80.854248,-4.847953],[-80.85356,-4.847954],[-80.852186,-4.847864],[-80.846729,-4.84711],[-80.838776,-4.845975],[-80.835826,-4.845529],[-80.807821,-4.840484],[-80.807136,-4.840415],[-80.806448,-4.84038],[-80.805075,-4.840484],[-80.802807,-4.840837],[-80.802584,-4.840886],[-80.801716,-4.841182],[-80.800461,-4.841742],[-80.799856,-4.842066],[-80.799467,-4.842306],[-80.798345,-4.843093],[-80.791937,-4.847868],[-80.789576,-4.849665],[-80.78683,-4.851713],[-80.78572,-4.852516],[-80.784273,-4.85363],[-80.782971,-4.854557],[-80.779509,-4.857171],[-80.778935,-4.857547],[-80.778318,-4.857846],[-80.777668,-4.858071],[-80.774283,-4.858694],[-80.770211,-4.859386],[-80.768186,-4.859791],[-80.765916,-4.860132],[-80.765228,-4.860166],[-80.764313,-4.860107],[-80.763631,-4.860009],[-80.762965,-4.859842],[-80.762313,-4.859623],[-80.759516,-4.858595],[-80.756048,-4.857403],[-80.753676,-4.85655],[-80.752799,-4.856285],[-80.752347,-4.856204],[-80.751662,-4.856132],[-80.750515,-4.85609],[-80.747073,-4.856191],[-80.743859,-4.85622],[-80.736743,-4.85636],[-80.736055,-4.856402],[-80.735374,-4.8565],[-80.734491,-4.856744],[-80.733632,-4.857064],[-80.732812,-4.85747],[-80.73223,-4.857832],[-80.726152,-4.862655],[-80.723144,-4.865105],[-80.718515,-4.868816],[-80.716898,-4.870083],[-80.714957,-4.871674],[-80.714444,-4.872126],[-80.714134,-4.872459],[-80.71318,-4.873733],[-80.708347,-4.880612],[-80.707907,-4.881134],[-80.707748,-4.881296],[-80.7074,-4.881591],[-80.706812,-4.881943],[-80.70639,-4.882121],[-80.703068,-4.883013],[-80.700199,-4.883822],[-80.699405,-4.884277],[-80.69895,-4.884785],[-80.698683,-4.885153],[-80.698439,-4.885536],[-80.698239,-4.885942],[-80.69817,-4.886158],[-80.697983,-4.886811],[-80.697964,-4.887035],[-80.69763,-4.896525],[-80.697549,-4.899463],[-80.697531,-4.901498],[-80.697651,-4.901641],[-80.697692,-4.901847],[-80.697584,-4.902039],[-80.697512,-4.902254],[-80.697485,-4.902476],[-80.697234,-4.909933],[-80.697083,-4.917166],[-80.69702,-4.917603],[-80.697019,-4.918733],[-80.696966,-4.921446],[-80.696502,-4.937944],[-80.696525,-4.939074],[-80.697352,-4.955333],[-80.697371,-4.956011],[-80.698406,-4.976107],[-80.698828,-4.983556],[-80.699843,-5.004786],[-80.701454,-5.036399],[-80.701528,-5.038206],[-80.701747,-5.041817],[-80.702101,-5.043359],[-80.702234,-5.044254],[-80.702274,-5.044931],[-80.702448,-5.046504],[-80.706657,-5.073774],[-80.706724,-5.074676],[-80.706876,-5.081005],[-80.706871,-5.082361],[-80.706822,-5.08349],[-80.706704,-5.084615],[-80.706473,-5.086181],[-80.703436,-5.108363],[-80.703253,-5.109936],[-80.703052,-5.112188],[-80.702535,-5.114853],[-80.69881,-5.141735],[-80.698525,-5.143061],[-80.691477,-5.166],[-80.690796,-5.168159],[-80.690639,-5.168819],[-80.690516,-5.169943],[-80.69053,-5.170394],[-80.690632,-5.171293],[-80.690834,-5.172175],[-80.692594,-5.178498],[-80.692804,-5.179378],[-80.692913,-5.180503],[-80.692903,-5.181407],[-80.692783,-5.182758],[-80.692451,-5.185451],[-80.692148,-5.187005],[-80.691794,-5.188316],[-80.691322,-5.18959],[-80.690855,-5.190623],[-80.688583,-5.195317],[-80.687175,-5.198163],[-80.6864,-5.199803],[-80.683832,-5.205606],[-80.682597,-5.208281],[-80.681853,-5.209422],[-80.680967,-5.210461],[-80.679774,-5.21152],[-80.679404,-5.211788],[-80.678829,-5.212161],[-80.675254,-5.214203],[-80.669856,-5.217206],[-80.667896,-5.218382],[-80.667138,-5.218893],[-80.660037,-5.223884],[-80.659298,-5.224421],[-80.657123,-5.226086],[-80.655731,-5.226876],[-80.654369,-5.227717],[-80.654006,-5.227993],[-80.640667,-5.237221],[-80.636735,-5.239969],[-80.635641,-5.240794],[-80.634896,-5.241322],[-80.633551,-5.242188],[-80.632372,-5.242889],[-80.631036,-5.24377],[-80.621642,-5.250267],[-80.620577,-5.251126],[-80.619735,-5.251895],[-80.619097,-5.252546],[-80.618353,-5.253406],[-80.61707,-5.255001],[-80.616161,-5.256304],[-80.616007,-5.256472],[-80.615824,-5.256608],[-80.615692,-5.256789],[-80.615001,-5.257962],[-80.614691,-5.258568],[-80.613886,-5.260442],[-80.613317,-5.262162],[-80.613135,-5.262816],[-80.612872,-5.263916],[-80.612693,-5.264803],[-80.612547,-5.265924],[-80.612429,-5.267729],[-80.612411,-5.269086],[-80.612443,-5.269763],[-80.61253,-5.27089],[-80.612641,-5.271788],[-80.612877,-5.273124],[-80.61643,-5.289717],[-80.620171,-5.307425],[-80.620487,-5.309206],[-80.620667,-5.310551],[-80.620787,-5.311675],[-80.62095,-5.313931],[-80.620998,-5.315739],[-80.620971,-5.317547],[-80.62092,-5.318903],[-80.620054,-5.32836],[-80.619644,-5.33241],[-80.619191,-5.337591],[-80.61897,-5.339614],[-80.618878,-5.340741],[-80.617575,-5.354245],[-80.612645,-5.406474],[-80.611595,-5.417277],[-80.611359,-5.41998],[-80.609673,-5.437764],[-80.609366,-5.440233],[-80.609157,-5.441573],[-80.608603,-5.444461],[-80.602564,-5.474399],[-80.600984,-5.482388],[-80.600784,-5.483271],[-80.597858,-5.497912],[-80.597349,-5.500348],[-80.597088,-5.501449],[-80.593707,-5.514132],[-80.589296,-5.530524],[-80.58774,-5.536433],[-80.586833,-5.539704],[-80.585602,-5.544528],[-80.585019,-5.547641],[-80.578739,-5.582824],[-80.576026,-5.598194],[-80.575953,-5.598868],[-80.575857,-5.6009],[-80.576537,-5.611052],[-80.577163,-5.619622],[-80.577725,-5.627969],[-80.577753,-5.628872],[-80.577691,-5.630227],[-80.577616,-5.630902],[-80.57739,-5.63224],[-80.575094,-5.641463],[-80.573243,-5.648697],[-80.570583,-5.659229],[-80.569835,-5.662308],[-80.569263,-5.664497],[-80.563826,-5.685998],[-80.563313,-5.688201],[-80.563059,-5.689535],[-80.562881,-5.690651],[-80.562759,-5.691775],[-80.562186,-5.697854],[-80.561824,-5.702135],[-80.560937,-5.71159],[-80.560084,-5.721276],[-80.559669,-5.725552],[-80.559056,-5.732535],[-80.558945,-5.733433],[-80.558797,-5.734325],[-80.558398,-5.736322],[-80.555767,-5.745457],[-80.55467,-5.749146],[-80.541021,-5.796096],[-80.540726,-5.797189],[-80.540575,-5.79785],[-80.540286,-5.799407],[-80.540128,-5.800527],[-80.540021,-5.801652],[-80.539548,-5.809778],[-80.53751,-5.845897],[-80.537302,-5.849283],[-80.536655,-5.861249],[-80.536222,-5.868471],[-80.535555,-5.880436],[-80.53524,-5.885174],[-80.534465,-5.89985],[-80.533064,-5.924002],[-80.532794,-5.928969],[-80.52999,-5.976368],[-80.529644,-5.983595],[-80.529011,-5.995109],[-80.528448,-6.004589],[-80.52827,-6.006389],[-80.527947,-6.008627],[-80.527572,-6.010628],[-80.52716,-6.012391],[-80.52639,-6.014996],[-80.524452,-6.020556],[-80.522015,-6.027381],[-80.499755,-6.090374],[-80.496947,-6.098269],[-80.494245,-6.105961],[-80.482228,-6.139906],[-80.481528,-6.141821],[-80.480859,-6.143505],[-80.479777,-6.145752],[-80.478629,-6.147967],[-80.477461,-6.149913],[-80.475662,-6.152536],[-80.474968,-6.153437],[-80.473955,-6.154666],[-80.472907,-6.155865],[-80.471978,-6.156867],[-80.460834,-6.167955],[-80.457909,-6.17083],[-80.425373,-6.203058],[-80.423087,-6.205284],[-80.421567,-6.206662],[-80.402983,-6.222828],[-80.366809,-6.254219],[-80.365743,-6.255078],[-80.364831,-6.255764],[-80.363717,-6.256562],[-80.362584,-6.257333],[-80.361034,-6.258304],[-80.358422,-6.259726],[-80.356977,-6.260418],[-80.355513,-6.261072],[-80.333155,-6.270538],[-80.268034,-6.298258],[-80.263598,-6.300118],[-80.262346,-6.300684],[-80.261107,-6.301277],[-80.25968,-6.302006],[-80.258291,-6.302802],[-80.256542,-6.303885],[-80.254117,-6.305599],[-80.252857,-6.30658],[-80.251981,-6.307311],[-80.250621,-6.308527],[-80.248674,-6.310446],[-80.24714,-6.312129],[-80.245702,-6.313891],[-80.242057,-6.318829],[-80.235383,-6.328027],[-80.232546,-6.331865],[-80.225222,-6.341995],[-80.212903,-6.358892],[-80.21065,-6.362031],[-80.205804,-6.368624],[-80.198032,-6.379273],[-80.158195,-6.43405],[-80.156272,-6.436586],[-80.1551,-6.437978],[-80.153399,-6.439817],[-80.151421,-6.441704],[-80.149508,-6.443328],[-80.14825,-6.444314],[-80.129447,-6.45806],[-80.123573,-6.462405],[-80.107713,-6.473988],[-80.102987,-6.47758],[-80.101521,-6.478669],[-80.091178,-6.486565],[-80.089165,-6.488067],[-80.068289,-6.503985],[-80.06409,-6.507139],[-80.061555,-6.509085],[-80.060845,-6.509659],[-80.057378,-6.512266],[-80.05627,-6.513073],[-80.055373,-6.513778],[-80.053902,-6.514861],[-80.053013,-6.515576],[-80.049576,-6.518221],[-80.041918,-6.523992],[-80.034847,-6.529402],[-80.032658,-6.531049],[-80.030129,-6.533004],[-80.016486,-6.54335],[-80.016145,-6.543651],[-80.01502,-6.544433],[-80.012136,-6.546674],[-80.010919,-6.547708],[-80.009734,-6.548776],[-80.009422,-6.549106],[-80.008266,-6.550206],[-80.007022,-6.551537],[-80.002613,-6.556748],[-79.998268,-6.56201],[-79.997673,-6.5627],[-79.996973,-6.563595],[-79.996193,-6.564713],[-79.994211,-6.567759],[-79.988046,-6.577562],[-79.975787,-6.596946],[-79.973575,-6.600383],[-79.973229,-6.60097],[-79.96604,-6.612276],[-79.96484,-6.614203],[-79.962779,-6.61773],[-79.961583,-6.61966],[-79.960684,-6.621238],[-79.957855,-6.625894],[-79.955401,-6.629716],[-79.949986,-6.637846],[-79.948902,-6.639578],[-79.944052,-6.64699],[-79.943657,-6.647545],[-79.943221,-6.64807],[-79.942749,-6.648563],[-79.941553,-6.649621],[-79.905904,-6.679884],[-79.90529,-6.680556],[-79.905048,-6.680939],[-79.904933,-6.681135],[-79.904747,-6.681548],[-79.904592,-6.681973],[-79.904535,-6.682192],[-79.904324,-6.68376],[-79.904019,-6.685314],[-79.9038,-6.688472],[-79.90374,-6.689827],[-79.90374,-6.695705],[-79.903671,-6.696379],[-79.903496,-6.696501],[-79.901913,-6.696776],[-79.901726,-6.696896],[-79.901698,-6.697101],[-79.901785,-6.697308],[-79.901826,-6.69753],[-79.903483,-6.707802],[-79.90352,-6.708252],[-79.903471,-6.708472],[-79.903379,-6.708679],[-79.901132,-6.71236],[-79.900267,-6.713694],[-79.899996,-6.714059],[-79.899123,-6.715108],[-79.897893,-6.716451],[-79.895554,-6.71894],[-79.894684,-6.719992],[-79.894139,-6.72072],[-79.893392,-6.721859],[-79.892918,-6.722634],[-79.89082,-6.7264],[-79.889649,-6.728076],[-79.888343,-6.729653],[-79.885689,-6.732471],[-79.872798,-6.746292],[-79.872214,-6.746986],[-79.872037,-6.747126],[-79.871714,-6.747447],[-79.866134,-6.753451],[-79.865104,-6.754666],[-79.863901,-6.75632],[-79.863291,-6.757278],[-79.862757,-6.758278],[-79.862378,-6.758843],[-79.861613,-6.760235],[-79.86142,-6.760645],[-79.861363,-6.760863],[-79.861359,-6.761541],[-79.861418,-6.761757],[-79.861544,-6.761944],[-79.861723,-6.762085],[-79.868553,-6.765806],[-79.87755,-6.770809],[-79.87774,-6.770934],[-79.877906,-6.771077],[-79.877957,-6.771289],[-79.877948,-6.771509],[-79.877847,-6.771708],[-79.875194,-6.775941],[-79.874848,-6.776527],[-79.867707,-6.787863],[-79.863572,-6.794648],[-79.863166,-6.795186],[-79.860996,-6.79865],[-79.860863,-6.798833],[-79.860706,-6.798998],[-79.860521,-6.799132],[-79.860318,-6.799235],[-79.860096,-6.79929],[-79.854715,-6.800459],[-79.854038,-6.800583],[-79.848201,-6.801813],[-79.844368,-6.802534],[-79.844139,-6.802546],[-79.841911,-6.802006],[-79.839253,-6.80129],[-79.834963,-6.800517],[-79.833387,-6.800207],[-79.831597,-6.799801],[-79.83093,-6.799631],[-79.830704,-6.799625],[-79.830487,-6.799689],[-79.830382,-6.800123],[-79.830093,-6.800981],[-79.829856,-6.801854],[-79.829561,-6.80318],[-79.829448,-6.803849],[-79.82941,-6.804299],[-79.82945,-6.811082],[-79.829449,-6.825552],[-79.829291,-6.844317],[-79.829196,-6.844987],[-79.828757,-6.846273],[-79.825209,-6.856069],[-79.82448,-6.858212],[-79.824281,-6.858619],[-79.824159,-6.858811],[-79.824033,-6.859],[-79.82374,-6.859348],[-79.823397,-6.859649],[-79.823019,-6.859904],[-79.817741,-6.863107],[-79.817557,-6.863242],[-79.817517,-6.86345],[-79.817501,-6.86458],[-79.817518,-6.86571],[-79.81749,-6.866614],[-79.817334,-6.867962],[-79.817281,-6.86818],[-79.817171,-6.868377],[-79.817237,-6.868824],[-79.817265,-6.869275],[-79.817416,-6.874247],[-79.81739,-6.874698],[-79.817316,-6.875143],[-79.817171,-6.875572],[-79.817077,-6.875778],[-79.816711,-6.876352],[-79.81384,-6.880166],[-79.811268,-6.883636],[-79.810803,-6.884135],[-79.810284,-6.884581],[-79.808356,-6.885808],[-79.801171,-6.890272],[-79.792071,-6.895982],[-79.756393,-6.918258],[-79.719883,-6.940932],[-79.718543,-6.941807],[-79.698111,-6.954405],[-79.694034,-6.956941],[-79.689356,-6.959808],[-79.688956,-6.96003],[-79.688015,-6.960678],[-79.687839,-6.960822],[-79.671974,-6.97523],[-79.671427,-6.975642],[-79.671038,-6.975882],[-79.670632,-6.976091],[-79.670206,-6.976261],[-79.669768,-6.976397],[-79.669094,-6.976533],[-79.660412,-6.977374],[-79.659268,-6.977467],[-79.653333,-6.978105],[-79.646478,-6.978762],[-79.645798,-6.978867],[-79.645358,-6.978997],[-79.64514,-6.979067],[-79.643877,-6.979609],[-79.637211,-6.982652],[-79.632617,-6.984719],[-79.630674,-6.98541],[-79.62918,-6.985993],[-79.628589,-6.98634],[-79.627886,-6.986919],[-79.627167,-6.987801],[-79.626771,-6.988355],[-79.626197,-6.98906],[-79.625889,-6.989396],[-79.625545,-6.989693],[-79.625143,-6.989911],[-79.62493,-6.989996],[-79.620956,-6.991112],[-79.620741,-6.99119],[-79.62054,-6.9913],[-79.620198,-6.991601],[-79.62006,-6.99178],[-79.619951,-6.991979],[-79.618556,-6.995079],[-79.61113,-7.010127],[-79.610356,-7.011513],[-79.609827,-7.012252],[-79.608234,-7.014182],[-79.604963,-7.017972],[-79.603797,-7.01937],[-79.603278,-7.02011],[-79.603127,-7.02028],[-79.602794,-7.020591],[-79.601868,-7.021595],[-79.600691,-7.022983],[-79.600475,-7.023371],[-79.597726,-7.026706],[-79.588103,-7.037938],[-79.561452,-7.068746],[-79.560809,-7.069391],[-79.560119,-7.069988],[-79.559564,-7.07039],[-79.548863,-7.077409],[-79.538517,-7.084136],[-79.53483,-7.086431],[-79.534023,-7.08685],[-79.53251,-7.087876],[-79.504405,-7.106277],[-79.501548,-7.108171],[-79.500994,-7.108574],[-79.498653,-7.110398],[-79.496519,-7.112114],[-79.493631,-7.114349],[-79.492749,-7.115073],[-79.490597,-7.116767],[-79.48831,-7.118656],[-79.448627,-7.152275],[-79.447375,-7.153266],[-79.443883,-7.156202],[-79.442509,-7.157403],[-79.442349,-7.157564],[-79.441912,-7.158088],[-79.441719,-7.158496],[-79.441582,-7.158928],[-79.441535,-7.159148],[-79.440189,-7.170147],[-79.439914,-7.171245],[-79.438343,-7.176445],[-79.437987,-7.17752],[-79.43771,-7.178141],[-79.437252,-7.178924],[-79.436707,-7.179651],[-79.433167,-7.183509],[-79.432739,-7.184041],[-79.432498,-7.184425],[-79.431813,-7.185857],[-79.430712,-7.188344],[-79.430586,-7.188778],[-79.430097,-7.191218],[-79.428118,-7.200743],[-79.427676,-7.202962],[-79.427538,-7.203855],[-79.427425,-7.20498],[-79.427262,-7.209273],[-79.427309,-7.210176],[-79.427393,-7.21062],[-79.42751,-7.211057],[-79.427659,-7.211485],[-79.42784,-7.2119],[-79.428863,-7.213402],[-79.430614,-7.215782],[-79.430846,-7.216172],[-79.430943,-7.216376],[-79.431531,-7.217849],[-79.431766,-7.218236],[-79.432078,-7.218568],[-79.432446,-7.218838],[-79.43761,-7.221787],[-79.437799,-7.221914],[-79.44811,-7.230212],[-79.450697,-7.232091],[-79.452402,-7.233241],[-79.45314,-7.233778],[-79.466083,-7.243904],[-79.466279,-7.244018],[-79.466828,-7.244425],[-79.467165,-7.244731],[-79.467584,-7.245532],[-79.468082,-7.246292],[-79.468485,-7.246842],[-79.469234,-7.247981],[-79.469908,-7.248896],[-79.47008,-7.249043],[-79.470283,-7.249139],[-79.470508,-7.249176],[-79.470736,-7.24916],[-79.470954,-7.249094],[-79.47286,-7.24831],[-79.473081,-7.248248],[-79.473308,-7.248215],[-79.476056,-7.248394],[-79.477886,-7.248549],[-79.478192,-7.248881],[-79.478841,-7.249521],[-79.479198,-7.249804],[-79.479587,-7.250044],[-79.482661,-7.251572],[-79.484061,-7.252349],[-79.48462,-7.252744],[-79.48563,-7.253666],[-79.485994,-7.25394],[-79.486191,-7.254057],[-79.486605,-7.254252],[-79.487038,-7.254402],[-79.489496,-7.254968],[-79.489935,-7.255103],[-79.490342,-7.255309],[-79.490695,-7.255597],[-79.490973,-7.255956],[-79.491092,-7.256148],[-79.491248,-7.256573],[-79.491297,-7.257022],[-79.49124,-7.25747],[-79.491001,-7.258105],[-79.490768,-7.258494],[-79.49063,-7.258675],[-79.489542,-7.259839],[-79.481729,-7.26781],[-79.481113,-7.268481],[-79.478493,-7.271916],[-79.477276,-7.27356],[-79.477044,-7.273949],[-79.476952,-7.274156],[-79.47561,-7.277523],[-79.47459,-7.280286],[-79.474523,-7.280501],[-79.474347,-7.281388],[-79.472981,-7.291245],[-79.47296,-7.29147],[-79.472968,-7.291922],[-79.473044,-7.292367],[-79.474341,-7.297174],[-79.474483,-7.297604],[-79.474695,-7.298004],[-79.476529,-7.300322],[-79.476781,-7.300699],[-79.480176,-7.307116],[-79.480263,-7.307325],[-79.480382,-7.307761],[-79.480461,-7.308206],[-79.480933,-7.311566],[-79.48096,-7.31179],[-79.480947,-7.312241],[-79.480213,-7.318303],[-79.480201,-7.318755],[-79.480244,-7.319205],[-79.480288,-7.319426],[-79.480899,-7.322072],[-79.481081,-7.322958],[-79.4811,-7.323184],[-79.481097,-7.323409],[-79.480321,-7.329465],[-79.480339,-7.329917],[-79.48039,-7.330137],[-79.48055,-7.33056],[-79.480791,-7.330944],[-79.481109,-7.331268],[-79.481284,-7.331415],[-79.48169,-7.331624],[-79.507806,-7.341598],[-79.508215,-7.341803],[-79.508581,-7.342075],[-79.508746,-7.342232],[-79.5089,-7.342399],[-79.509165,-7.342768],[-79.512906,-7.348731],[-79.513203,-7.349342],[-79.513272,-7.349558],[-79.513437,-7.350216],[-79.513542,-7.350887],[-79.513613,-7.351101],[-79.513892,-7.35172],[-79.514146,-7.352095],[-79.515325,-7.353171],[-79.5348,-7.370391],[-79.535445,-7.371035],[-79.535889,-7.371553],[-79.541397,-7.378505],[-79.547728,-7.386545],[-79.548209,-7.387029],[-79.549955,-7.388497],[-79.550157,-7.388602],[-79.550577,-7.388782],[-79.553226,-7.389531],[-79.553881,-7.38974],[-79.554294,-7.389933],[-79.554466,-7.390082],[-79.554596,-7.390268],[-79.554672,-7.390477],[-79.554905,-7.391584],[-79.554965,-7.3918],[-79.555087,-7.391987],[-79.55628,-7.392662],[-79.556423,-7.392837],[-79.556649,-7.393231],[-79.558274,-7.398652],[-79.558375,-7.399322],[-79.558554,-7.40203],[-79.558528,-7.402253],[-79.558324,-7.403365],[-79.558145,-7.40402],[-79.558044,-7.404222],[-79.557896,-7.404395],[-79.556929,-7.40536],[-79.556865,-7.405575],[-79.556846,-7.405798],[-79.556914,-7.407832],[-79.556889,-7.408056],[-79.556827,-7.408274],[-79.556722,-7.408474],[-79.556575,-7.408646],[-79.546292,-7.417672],[-79.545465,-7.418457],[-79.544199,-7.419429],[-79.54378,-7.419613],[-79.543338,-7.419734],[-79.542882,-7.419779],[-79.542423,-7.419757],[-79.524141,-7.418022],[-79.523917,-7.417975],[-79.523701,-7.417899],[-79.523499,-7.417793],[-79.523317,-7.417655],[-79.521781,-7.416294],[-79.521597,-7.416161],[-79.521401,-7.416043],[-79.521185,-7.41597],[-79.520959,-7.415933],[-79.520729,-7.41593],[-79.514337,-7.416601],[-79.513426,-7.416717],[-79.513205,-7.416775],[-79.512775,-7.416933],[-79.510742,-7.417983],[-79.509914,-7.418375],[-79.508849,-7.418797],[-79.508632,-7.418864],[-79.508403,-7.418879],[-79.508179,-7.418832],[-79.50753,-7.418607],[-79.507304,-7.418569],[-79.504553,-7.418412],[-79.504095,-7.418427],[-79.503182,-7.418526],[-79.499334,-7.419168],[-79.498432,-7.419339],[-79.498213,-7.419404],[-79.498013,-7.419512],[-79.49786,-7.419677],[-79.497747,-7.419874],[-79.497691,-7.420091],[-79.497692,-7.420316],[-79.497975,-7.421411],[-79.498051,-7.421857],[-79.498339,-7.427954],[-79.498388,-7.428175],[-79.498451,-7.428392],[-79.498547,-7.428597],[-79.49972,-7.43054],[-79.501376,-7.434268],[-79.502227,-7.436368],[-79.50268,-7.437406],[-79.502788,-7.437845],[-79.502852,-7.438746],[-79.502833,-7.438967],[-79.502464,-7.440037],[-79.501298,-7.443228],[-79.501181,-7.443665],[-79.501118,-7.444113],[-79.50112,-7.444338],[-79.501146,-7.444563],[-79.501404,-7.445895],[-79.50144,-7.446345],[-79.501425,-7.446797],[-79.501333,-7.447924],[-79.501286,-7.448145],[-79.50121,-7.448357],[-79.50111,-7.44856],[-79.500985,-7.44875],[-79.500668,-7.449075],[-79.498134,-7.451022],[-79.497759,-7.451282],[-79.497354,-7.451494],[-79.497138,-7.451569],[-79.495583,-7.45197],[-79.494685,-7.452155],[-79.493573,-7.452437],[-79.492896,-7.452563],[-79.491344,-7.452971],[-79.490444,-7.453155],[-79.489782,-7.453339],[-79.48576,-7.454271],[-79.484653,-7.45457],[-79.483753,-7.454754],[-79.481746,-7.455234],[-79.481083,-7.455416],[-79.479509,-7.455738],[-79.478399,-7.456027],[-79.475277,-7.456775],[-79.473677,-7.456923],[-79.471153,-7.457005],[-79.465877,-7.457226],[-79.46244,-7.457446],[-79.460612,-7.457619],[-79.457636,-7.457842],[-79.456961,-7.457975],[-79.456526,-7.45812],[-79.455254,-7.458642],[-79.453752,-7.459204],[-79.447147,-7.462372],[-79.437484,-7.467103],[-79.436036,-7.46779],[-79.424103,-7.473609],[-79.423508,-7.47395],[-79.423322,-7.474082],[-79.422634,-7.474681],[-79.422217,-7.475219],[-79.421792,-7.47602],[-79.419468,-7.48094],[-79.418562,-7.482769],[-79.414422,-7.491595],[-79.412126,-7.496278],[-79.411807,-7.496878],[-79.409403,-7.501761],[-79.408878,-7.502766],[-79.408382,-7.503786],[-79.4073,-7.50578],[-79.406048,-7.508197],[-79.403561,-7.512784],[-79.401982,-7.515798],[-79.398564,-7.522202],[-79.397146,-7.524788],[-79.389097,-7.539779],[-79.388171,-7.541598],[-79.38658,-7.544859],[-79.384897,-7.548074],[-79.381605,-7.554032],[-79.381295,-7.554638],[-79.379123,-7.558622],[-79.37823,-7.560202],[-79.37782,-7.561011],[-79.376935,-7.562597],[-79.37642,-7.563607],[-79.374647,-7.566775],[-79.373255,-7.569375],[-79.371824,-7.571954],[-79.37154,-7.572571],[-79.37038,-7.574522],[-79.369854,-7.575527],[-79.369478,-7.576352],[-79.369121,-7.577426],[-79.368941,-7.578312],[-79.36884,-7.57921],[-79.36884,-7.580341],[-79.368992,-7.581461],[-79.369315,-7.583471],[-79.369572,-7.584803],[-79.371025,-7.593275],[-79.371752,-7.59774],[-79.37192,-7.599086],[-79.372009,-7.600213],[-79.37199,-7.601343],[-79.371925,-7.602472],[-79.371858,-7.603147],[-79.371697,-7.604037],[-79.371461,-7.605143],[-79.371154,-7.606232],[-79.370546,-7.607938],[-79.369941,-7.609157],[-79.368777,-7.611616],[-79.367469,-7.614258],[-79.365129,-7.61917],[-79.364327,-7.620798],[-79.359915,-7.629997],[-79.359093,-7.631614],[-79.357858,-7.633784],[-79.357257,-7.634747],[-79.356624,-7.63569],[-79.353703,-7.639748],[-79.351817,-7.64231],[-79.351762,-7.642527],[-79.351787,-7.642751],[-79.351766,-7.642973],[-79.35162,-7.643142],[-79.351206,-7.64332],[-79.35103,-7.643459],[-79.350879,-7.643629],[-79.345355,-7.651412],[-79.344546,-7.65251],[-79.343527,-7.653734],[-79.342726,-7.654544],[-79.342048,-7.655153],[-79.340982,-7.656013],[-79.335534,-7.660163],[-79.333803,-7.661647],[-79.33331,-7.662121],[-79.332362,-7.663104],[-79.331177,-7.664487],[-79.330471,-7.665378],[-79.329205,-7.667264],[-79.328745,-7.668047],[-79.328204,-7.669044],[-79.327427,-7.670683],[-79.326455,-7.673221],[-79.314222,-7.70637],[-79.313575,-7.708063],[-79.313389,-7.708474],[-79.313184,-7.709121],[-79.311808,-7.712718],[-79.310343,-7.716764],[-79.306641,-7.726746],[-79.306365,-7.727367],[-79.305731,-7.728571],[-79.305385,-7.729158],[-79.304517,-7.730752],[-79.304153,-7.731327],[-79.303877,-7.731688],[-79.303715,-7.731846],[-79.303013,-7.732429],[-79.302635,-7.732686],[-79.301272,-7.733524],[-79.295159,-7.737114],[-79.293177,-7.738255],[-79.292794,-7.738505],[-79.292063,-7.739053],[-79.291555,-7.739509],[-79.290627,-7.740512],[-79.28881,-7.742551],[-79.287574,-7.743889],[-79.281954,-7.750162],[-79.28116,-7.750979],[-79.280242,-7.751655],[-79.271736,-7.757022],[-79.270398,-7.757899],[-79.270129,-7.758243],[-79.269972,-7.758407],[-79.268035,-7.760336],[-79.259698,-7.768752],[-79.256943,-7.771475],[-79.253793,-7.774446],[-79.25162,-7.776461],[-79.24952,-7.77855],[-79.245684,-7.782445],[-79.24486,-7.783232],[-79.243906,-7.784211],[-79.243556,-7.784503],[-79.242804,-7.785021],[-79.242219,-7.78538],[-79.241607,-7.785691],[-79.240977,-7.785964],[-79.235629,-7.788018],[-79.232859,-7.789111],[-79.232641,-7.789178],[-79.231958,-7.789261],[-79.231749,-7.789328],[-79.231563,-7.789448],[-79.231338,-7.789468],[-79.231123,-7.7894],[-79.230989,-7.789225],[-79.230906,-7.789024],[-79.227906,-7.786564],[-79.227325,-7.786203],[-79.226908,-7.786013],[-79.226473,-7.785869],[-79.226027,-7.785765],[-79.222596,-7.785482],[-79.221678,-7.785482],[-79.220767,-7.785594],[-79.217848,-7.786206],[-79.217189,-7.786401],[-79.216552,-7.786658],[-79.21617,-7.786909],[-79.215658,-7.787362],[-79.215364,-7.787708],[-79.215109,-7.788084],[-79.213611,-7.790885],[-79.21352,-7.791091],[-79.213466,-7.79131],[-79.21345,-7.791536],[-79.213487,-7.791758],[-79.213434,-7.791973],[-79.213275,-7.792131],[-79.213057,-7.792187],[-79.212831,-7.792182],[-79.2124,-7.792336],[-79.211667,-7.792879],[-79.209356,-7.794356],[-79.195643,-7.803446],[-79.194704,-7.804095],[-79.194596,-7.804289],[-79.194424,-7.804434],[-79.194204,-7.804473],[-79.194003,-7.804554],[-79.193418,-7.804911],[-79.179154,-7.814411],[-79.178421,-7.814955],[-79.177733,-7.815554],[-79.167628,-7.825103],[-79.167144,-7.825586],[-79.167003,-7.825761],[-79.166918,-7.825969],[-79.166871,-7.82619],[-79.166781,-7.826392],[-79.166606,-7.826525],[-79.166158,-7.826627],[-79.165949,-7.826716],[-79.165771,-7.826855],[-79.163473,-7.829068],[-79.162289,-7.830139],[-79.159491,-7.832819],[-79.156653,-7.835457],[-79.153182,-7.838752],[-79.15303,-7.838921],[-79.152921,-7.839119],[-79.152903,-7.839339],[-79.152824,-7.839546],[-79.152645,-7.839674],[-79.152418,-7.839694],[-79.152203,-7.839753],[-79.152014,-7.839876],[-79.151702,-7.840206],[-79.151574,-7.840394],[-79.151501,-7.840606],[-79.151478,-7.840828],[-79.151492,-7.841051],[-79.151592,-7.841491],[-79.151659,-7.842166],[-79.151639,-7.842617],[-79.151563,-7.843062],[-79.149695,-7.85006],[-79.149402,-7.850916],[-79.149193,-7.851319],[-79.149082,-7.851517],[-79.144056,-7.859086],[-79.143147,-7.860391],[-79.143002,-7.860565],[-79.142839,-7.860724],[-79.142474,-7.860997],[-79.142276,-7.861109],[-79.141217,-7.861546],[-79.140849,-7.8618],[-79.140627,-7.861829],[-79.14017,-7.861847],[-79.139956,-7.861927],[-79.139762,-7.862044],[-79.139589,-7.862193],[-79.139418,-7.862344],[-79.139274,-7.86252],[-79.138834,-7.863314],[-79.137452,-7.865395],[-79.13712,-7.865989],[-79.131802,-7.876767],[-79.130448,-7.879386],[-79.128256,-7.883868],[-79.127441,-7.885488],[-79.126658,-7.887125],[-79.123928,-7.892605],[-79.12185,-7.89689],[-79.118449,-7.903809],[-79.118074,-7.904635],[-79.116649,-7.908212],[-79.111837,-7.917975],[-79.107812,-7.926355],[-79.107498,-7.926959],[-79.107026,-7.927734],[-79.106578,-7.928249],[-79.100371,-7.93396],[-79.100069,-7.934301],[-79.099699,-7.934873],[-79.099168,-7.935874],[-79.098219,-7.937933],[-79.097609,-7.939149],[-79.09258,-7.949812],[-79.09148,-7.952299],[-79.090657,-7.953916],[-79.089794,-7.955765],[-79.088312,-7.958826],[-79.086879,-7.96191],[-79.085389,-7.964968],[-79.084926,-7.966002],[-79.083457,-7.96907],[-79.083006,-7.970109],[-79.081975,-7.972625],[-79.081611,-7.973455],[-79.081209,-7.974514],[-79.080768,-7.975558],[-79.080018,-7.977454],[-79.079052,-7.979752],[-79.078653,-7.980811],[-79.078359,-7.981668],[-79.070802,-8.005399],[-79.070547,-8.007187],[-79.070514,-8.007638],[-79.070519,-8.008542],[-79.070559,-8.009445],[-79.070658,-8.010344],[-79.070913,-8.011907],[-79.071607,-8.013333],[-79.073056,-8.016657],[-79.080747,-8.033332],[-79.083279,-8.038904],[-79.083806,-8.040157],[-79.084289,-8.041427],[-79.084777,-8.042935],[-79.094845,-8.081006],[-79.096118,-8.086052],[-79.09626,-8.086481],[-79.096384,-8.086671],[-79.096541,-8.086829],[-79.096744,-8.086932],[-79.096876,-8.087113],[-79.096919,-8.087333],[-79.096698,-8.087968],[-79.096676,-8.088193],[-79.096708,-8.088414],[-79.098548,-8.095418],[-79.098868,-8.096969],[-79.099015,-8.09809],[-79.0991,-8.099444],[-79.0991,-8.100122],[-79.099024,-8.101477],[-79.098846,-8.102822],[-79.098574,-8.104151],[-79.0982,-8.105457],[-79.097812,-8.106521],[-79.097453,-8.107353],[-79.096727,-8.108765],[-79.095877,-8.110108],[-79.095197,-8.111018],[-79.094615,-8.111718],[-79.093855,-8.112565],[-79.093523,-8.112878],[-79.092309,-8.113914],[-79.087393,-8.117632],[-79.0865,-8.118342],[-79.083199,-8.120791],[-79.072997,-8.128497],[-79.07151,-8.129559],[-79.069971,-8.130546],[-79.068989,-8.131131],[-79.063946,-8.133829],[-79.058686,-8.136609],[-79.052555,-8.140595],[-79.051686,-8.141333],[-79.051012,-8.141947],[-79.039049,-8.152174],[-79.038496,-8.152578],[-79.038091,-8.15279],[-79.037874,-8.152862],[-79.037197,-8.15298],[-79.036967,-8.15298],[-79.036514,-8.152918],[-79.036075,-8.152786],[-79.035866,-8.152693],[-79.035665,-8.152584],[-79.035296,-8.152317],[-79.034976,-8.151993],[-79.027868,-8.143997],[-79.027734,-8.143815],[-79.027631,-8.143613],[-79.027506,-8.143179],[-79.027483,-8.142954],[-79.027492,-8.14092],[-79.027544,-8.137981],[-79.027451,-8.137311],[-79.027371,-8.1371],[-79.027265,-8.136899],[-79.027145,-8.136708],[-79.02244,-8.13145],[-79.022109,-8.131137],[-79.021932,-8.130994],[-79.021723,-8.130921],[-79.021497,-8.130951],[-79.021082,-8.131122],[-79.020911,-8.131269],[-79.02073,-8.131683],[-79.020485,-8.132064],[-79.015536,-8.138298],[-79.015009,-8.139039],[-79.01361,-8.14111],[-79.013412,-8.141517],[-79.013335,-8.14173],[-79.013216,-8.142167],[-79.011407,-8.15034],[-79.011359,-8.150561],[-79.011339,-8.150786],[-79.011353,-8.15101],[-79.011407,-8.151229],[-79.012228,-8.153581],[-79.012296,-8.153796],[-79.012332,-8.15402],[-79.012172,-8.15899],[-79.012089,-8.15989],[-79.011988,-8.160331],[-79.011907,-8.160542],[-79.010614,-8.162938],[-79.009466,-8.164896],[-79.008907,-8.165613],[-79.008434,-8.166106],[-79.007428,-8.167032],[-79.00526,-8.168706],[-79.002886,-8.170488],[-78.998551,-8.173837],[-78.99673,-8.175215],[-78.996532,-8.175327],[-78.98256,-8.185992],[-78.982409,-8.186156],[-78.981678,-8.186702],[-78.980354,-8.1876],[-78.978782,-8.188536],[-78.978041,-8.189069],[-78.977169,-8.189805],[-78.967756,-8.198093],[-78.966663,-8.198918],[-78.963346,-8.201346],[-78.959693,-8.204086],[-78.957296,-8.205837],[-78.956572,-8.206393],[-78.956099,-8.206886],[-78.955815,-8.207241],[-78.955572,-8.207625],[-78.952138,-8.214275],[-78.950916,-8.216707],[-78.949035,-8.220331],[-78.948219,-8.221951],[-78.945804,-8.226576],[-78.945427,-8.2274],[-78.944896,-8.228402],[-78.944705,-8.228814],[-78.944551,-8.229239],[-78.944314,-8.230112],[-78.942334,-8.236845],[-78.941967,-8.238152],[-78.941244,-8.240535],[-78.940936,-8.241624],[-78.940726,-8.24227],[-78.940467,-8.242898],[-78.934272,-8.256516],[-78.934064,-8.25692],[-78.933818,-8.257301],[-78.933675,-8.257477],[-78.929423,-8.262225],[-78.928382,-8.263431],[-78.928126,-8.263806],[-78.927815,-8.264411],[-78.927436,-8.265478],[-78.92453,-8.274532],[-78.92421,-8.27538],[-78.92388,-8.275975],[-78.919263,-8.282726],[-78.918844,-8.283264],[-78.917957,-8.284302],[-78.914049,-8.28904],[-78.910117,-8.293759],[-78.908695,-8.295534],[-78.908435,-8.295907],[-78.908089,-8.296493],[-78.905918,-8.302691],[-78.905195,-8.304837],[-78.904801,-8.305899],[-78.90452,-8.30676],[-78.903549,-8.309539],[-78.902091,-8.315239],[-78.901721,-8.316779],[-78.901367,-8.317853],[-78.901056,-8.318458],[-78.890577,-8.335205],[-78.888797,-8.338108],[-78.887331,-8.340405],[-78.886495,-8.341757],[-78.872863,-8.361336],[-78.872237,-8.362284],[-78.870015,-8.365444],[-78.868468,-8.367689],[-78.86806,-8.368235],[-78.867061,-8.369753],[-78.866778,-8.370108],[-78.866651,-8.370296],[-78.866573,-8.370507],[-78.86654,-8.370726],[-78.86655,-8.370952],[-78.866471,-8.371162],[-78.866316,-8.371324],[-78.8661,-8.371393],[-78.865909,-8.371511],[-78.865738,-8.371662],[-78.865588,-8.371832],[-78.864727,-8.372891],[-78.86204,-8.375983],[-78.860206,-8.378007],[-78.859212,-8.37925],[-78.858902,-8.379584],[-78.853083,-8.386285],[-78.852765,-8.38661],[-78.841154,-8.400036],[-78.840545,-8.400713],[-78.839696,-8.401473],[-78.839146,-8.401881],[-78.838765,-8.402134],[-78.838172,-8.402478],[-78.837761,-8.40268],[-78.836699,-8.403108],[-78.832695,-8.404116],[-78.832056,-8.404367],[-78.831618,-8.404502],[-78.831395,-8.404556],[-78.830488,-8.404688],[-78.829375,-8.404965],[-78.828926,-8.405056],[-78.81736,-8.407973],[-78.793095,-8.414006],[-78.791767,-8.414365],[-78.791335,-8.414517],[-78.790486,-8.414861],[-78.789886,-8.415195],[-78.788941,-8.415835],[-78.788762,-8.415976],[-78.788419,-8.416277],[-78.787767,-8.416914],[-78.786603,-8.418313],[-78.782459,-8.423445],[-78.782161,-8.423788],[-78.780604,-8.425747],[-78.777858,-8.429085],[-78.777243,-8.429756],[-78.776563,-8.430364],[-78.7762,-8.430641],[-78.775433,-8.431138],[-78.775234,-8.431249],[-78.771051,-8.433115],[-78.769782,-8.433643],[-78.76601,-8.435306],[-78.759493,-8.438122],[-78.754039,-8.440512],[-78.752981,-8.440951],[-78.737655,-8.447632],[-78.736853,-8.448071],[-78.735906,-8.448709],[-78.721098,-8.462574],[-78.696054,-8.486182],[-78.695421,-8.486837],[-78.694859,-8.487552],[-78.694262,-8.488517],[-78.693871,-8.489335],[-78.693489,-8.490401],[-78.684082,-8.520195],[-78.682272,-8.527904],[-78.682175,-8.528575],[-78.681683,-8.53398],[-78.681644,-8.534203],[-78.681526,-8.534639],[-78.681329,-8.535047],[-78.681204,-8.535237],[-78.680919,-8.535591],[-78.679879,-8.536481],[-78.678297,-8.537789],[-78.67762,-8.5384],[-78.677017,-8.539082],[-78.676613,-8.539631],[-78.676372,-8.540015],[-78.67593,-8.540808],[-78.675498,-8.541855],[-78.675251,-8.542725],[-78.675015,-8.544061],[-78.674998,-8.544287],[-78.674438,-8.553767],[-78.674383,-8.555122],[-78.674203,-8.557829],[-78.673638,-8.567988],[-78.673579,-8.568664],[-78.67348,-8.569105],[-78.67335,-8.569539],[-78.673168,-8.569953],[-78.672403,-8.571345],[-78.670278,-8.575097],[-78.66963,-8.576294],[-78.669455,-8.576711],[-78.669333,-8.577147],[-78.669274,-8.577595],[-78.66867,-8.585486],[-78.667547,-8.601047],[-78.667283,-8.604428],[-78.667233,-8.604878],[-78.667061,-8.605766],[-78.666798,-8.606633],[-78.666459,-8.607472],[-78.666365,-8.607679],[-78.665794,-8.608659],[-78.66554,-8.609035],[-78.665112,-8.609567],[-78.664301,-8.610366],[-78.663597,-8.610946],[-78.629949,-8.636101],[-78.628313,-8.637345],[-78.627609,-8.637925],[-78.626929,-8.638532],[-78.626281,-8.639173],[-78.625201,-8.640345],[-78.624624,-8.641048],[-78.624077,-8.641775],[-78.623561,-8.642523],[-78.622719,-8.643871],[-78.622083,-8.645075],[-78.621527,-8.646315],[-78.621392,-8.646747],[-78.621287,-8.647187],[-78.621145,-8.647617],[-78.621121,-8.647841],[-78.621144,-8.648066],[-78.621203,-8.648283],[-78.621187,-8.648507],[-78.62108,-8.648703],[-78.620728,-8.648992],[-78.620594,-8.649174],[-78.620502,-8.649381],[-78.620078,-8.651372],[-78.619941,-8.652266],[-78.61977,-8.654294],[-78.619794,-8.655876],[-78.619873,-8.65723],[-78.619921,-8.65768],[-78.620163,-8.659244],[-78.620414,-8.660348],[-78.620783,-8.661654],[-78.621133,-8.662731],[-78.621711,-8.664207],[-78.624218,-8.669542],[-78.629662,-8.681012],[-78.629899,-8.681399],[-78.630184,-8.681754],[-78.630798,-8.682427],[-78.632501,-8.683942],[-78.6328,-8.684284],[-78.633002,-8.684689],[-78.633243,-8.685794],[-78.633386,-8.686223],[-78.633488,-8.686425],[-78.633598,-8.686623],[-78.634795,-8.688282],[-78.635142,-8.688866],[-78.635304,-8.689288],[-78.635538,-8.690395],[-78.635718,-8.691048],[-78.635928,-8.691449],[-78.636187,-8.691823],[-78.636543,-8.692403],[-78.636832,-8.693018],[-78.637841,-8.696495],[-78.638004,-8.696918],[-78.638945,-8.69898],[-78.63924,-8.699836],[-78.639408,-8.700494],[-78.639486,-8.700939],[-78.639866,-8.704991],[-78.640023,-8.705882],[-78.640226,-8.706764],[-78.640243,-8.706989],[-78.640231,-8.707214],[-78.640182,-8.707434],[-78.640097,-8.707642],[-78.639967,-8.707828],[-78.639811,-8.707993],[-78.639631,-8.708132],[-78.638265,-8.708966],[-78.638084,-8.709105],[-78.637758,-8.709423],[-78.637482,-8.709783],[-78.63737,-8.70998],[-78.637199,-8.710399],[-78.637115,-8.710842],[-78.636127,-8.723012],[-78.635788,-8.727522],[-78.634792,-8.739918],[-78.633399,-8.75682],[-78.63337,-8.757497],[-78.633415,-8.7584],[-78.633491,-8.759074],[-78.633535,-8.759296],[-78.63964,-8.784824],[-78.640135,-8.7868],[-78.640398,-8.787666],[-78.6407,-8.78852],[-78.641154,-8.789559],[-78.641451,-8.790171],[-78.656302,-8.819005],[-78.656475,-8.819424],[-78.656676,-8.820072],[-78.656772,-8.820514],[-78.656857,-8.821188],[-78.656857,-8.821413],[-78.656839,-8.822091],[-78.656728,-8.822989],[-78.656582,-8.823652],[-78.649371,-8.860044],[-78.648957,-8.862038],[-78.642984,-8.892219],[-78.636877,-8.922835],[-78.636506,-8.924836],[-78.636006,-8.927274],[-78.635753,-8.927899],[-78.635554,-8.928782],[-78.635217,-8.930097],[-78.634614,-8.932043],[-78.633344,-8.935916],[-78.633152,-8.936326],[-78.631472,-8.939025],[-78.629889,-8.942289],[-78.629738,-8.942714],[-78.62967,-8.943161],[-78.629559,-8.95763],[-78.629528,-8.959439],[-78.629497,-8.959662],[-78.629438,-8.959881],[-78.629335,-8.960082],[-78.629025,-8.960414],[-78.626226,-8.962757],[-78.625502,-8.963313],[-78.624572,-8.963975],[-78.623803,-8.96447],[-78.622817,-8.965049],[-78.62264,-8.965192],[-78.622363,-8.965552],[-78.621211,-8.967507],[-78.620881,-8.968103],[-78.620599,-8.968721],[-78.616998,-8.978738],[-78.616821,-8.979393],[-78.61676,-8.979841],[-78.616772,-8.980519],[-78.617612,-8.9927],[-78.619122,-9.015486],[-78.619117,-9.015712],[-78.619066,-9.015932],[-78.618974,-9.016138],[-78.617181,-9.018764],[-78.617041,-9.018944],[-78.616117,-9.019949],[-78.615878,-9.020334],[-78.615786,-9.020541],[-78.615661,-9.020975],[-78.61561,-9.021424],[-78.615617,-9.02165],[-78.616209,-9.027726],[-78.616201,-9.028178],[-78.61613,-9.028624],[-78.61607,-9.028841],[-78.615841,-9.029481],[-78.611926,-9.039625],[-78.611646,-9.040245],[-78.611532,-9.040441],[-78.611262,-9.040806],[-78.611109,-9.040974],[-78.61095,-9.041138],[-78.610599,-9.041428],[-78.61001,-9.041778],[-78.597847,-9.047116],[-78.596806,-9.047593],[-78.596404,-9.047811],[-78.596029,-9.048071],[-78.595683,-9.048367],[-78.59536,-9.04869],[-78.595072,-9.049041],[-78.594808,-9.049411],[-78.590985,-9.055852],[-78.590708,-9.056473],[-78.590406,-9.057327],[-78.589224,-9.06193],[-78.589136,-9.062373],[-78.589127,-9.062599],[-78.589131,-9.062824],[-78.58921,-9.063269],[-78.589142,-9.06348],[-78.588976,-9.063623],[-78.588714,-9.063993],[-78.588614,-9.064197],[-78.588214,-9.065962],[-78.587765,-9.067716],[-78.587725,-9.067938],[-78.587735,-9.068162],[-78.587998,-9.069029],[-78.588162,-9.069451],[-78.590573,-9.077472],[-78.590478,-9.077604],[-78.58784,-9.078384],[-78.587188,-9.078603],[-78.583455,-9.079727],[-78.581467,-9.080279],[-78.581049,-9.080464],[-78.580883,-9.08062],[-78.575459,-9.08676],[-78.574679,-9.087591],[-78.571699,-9.091031],[-78.570753,-9.092016],[-78.569747,-9.092943],[-78.569426,-9.093265],[-78.568571,-9.094019],[-78.5669,-9.09557],[-78.566249,-9.096207],[-78.563215,-9.098971],[-78.562698,-9.099417],[-78.562575,-9.099596],[-78.559891,-9.102066],[-78.559626,-9.102434],[-78.559529,-9.102638],[-78.559378,-9.103065],[-78.559278,-9.103268],[-78.559133,-9.103441],[-78.558932,-9.103548],[-78.558479,-9.103613],[-78.558263,-9.103687],[-78.558058,-9.103789],[-78.557872,-9.103921],[-78.555683,-9.105919],[-78.555495,-9.106036],[-78.553509,-9.107917],[-78.535078,-9.124919],[-78.53492,-9.125082],[-78.534393,-9.125822],[-78.533228,-9.126912],[-78.53306,-9.127066],[-78.532874,-9.127198],[-78.532099,-9.127681],[-78.518171,-9.140488],[-78.515333,-9.143127],[-78.508287,-9.14961],[-78.50693,-9.150828],[-78.50357,-9.153911],[-78.502242,-9.15516],[-78.499545,-9.157616],[-78.487474,-9.168738],[-78.485106,-9.170879],[-78.481758,-9.173973],[-78.481435,-9.174295],[-78.479738,-9.175818],[-78.474709,-9.180452],[-78.473921,-9.181273],[-78.466314,-9.19176],[-78.465607,-9.19265],[-78.463362,-9.195222],[-78.462043,-9.196789],[-78.461771,-9.197153],[-78.460924,-9.198498],[-78.460588,-9.199335],[-78.46048,-9.199534],[-78.458466,-9.202826],[-78.458095,-9.203398],[-78.451042,-9.213163],[-78.450924,-9.213356],[-78.450634,-9.213971],[-78.450568,-9.214187],[-78.450482,-9.214631],[-78.450262,-9.216654],[-78.449893,-9.221161],[-78.449717,-9.222734],[-78.449582,-9.224538],[-78.44877,-9.233546],[-78.448726,-9.234223],[-78.448595,-9.235346],[-78.448324,-9.238273],[-78.448256,-9.23872],[-78.448027,-9.239359],[-78.447696,-9.239953],[-78.44369,-9.246286],[-78.443354,-9.246878],[-78.443231,-9.247069],[-78.443086,-9.247243],[-78.442978,-9.247443],[-78.442898,-9.247654],[-78.442866,-9.247875],[-78.442758,-9.248067],[-78.442574,-9.248199],[-78.442355,-9.24826],[-78.442146,-9.248352],[-78.441952,-9.248472],[-78.441775,-9.248616],[-78.441117,-9.249246],[-78.436167,-9.254593],[-78.43583,-9.254896],[-78.435715,-9.25509],[-78.435581,-9.255516],[-78.435439,-9.255694],[-78.435226,-9.255774],[-78.434999,-9.25578],[-78.434774,-9.255822],[-78.434565,-9.255914],[-78.434397,-9.256068],[-78.434262,-9.256246],[-78.434056,-9.25665],[-78.4337,-9.257231],[-78.431391,-9.259746],[-78.425793,-9.265735],[-78.419601,-9.272414],[-78.419034,-9.273124],[-78.418798,-9.273512],[-78.418589,-9.273914],[-78.417857,-9.276057],[-78.41753,-9.27714],[-78.415997,-9.28188],[-78.415901,-9.282322],[-78.415842,-9.28277],[-78.415823,-9.283447],[-78.416042,-9.285698],[-78.416108,-9.286826],[-78.416087,-9.287277],[-78.416022,-9.287724],[-78.415337,-9.290118],[-78.414879,-9.292334],[-78.414762,-9.29277],[-78.414457,-9.293377],[-78.413561,-9.29469],[-78.413246,-9.295293],[-78.411271,-9.299871],[-78.41096,-9.300475],[-78.410593,-9.301049],[-78.410168,-9.301582],[-78.405335,-9.307032],[-78.405053,-9.307388],[-78.40456,-9.30815],[-78.404342,-9.308548],[-78.404156,-9.308962],[-78.404002,-9.309388],[-78.403817,-9.310041],[-78.403733,-9.310485],[-78.403706,-9.310936],[-78.403721,-9.311387],[-78.40379,-9.312062],[-78.40388,-9.312505],[-78.405175,-9.317079],[-78.405514,-9.318394],[-78.405645,-9.319059],[-78.406463,-9.323968],[-78.406493,-9.324418],[-78.406475,-9.32487],[-78.406326,-9.325531],[-78.406148,-9.325947],[-78.40592,-9.326339],[-78.40578,-9.326518],[-78.405467,-9.326848],[-78.404935,-9.327279],[-78.403654,-9.328235],[-78.402159,-9.329285],[-78.401623,-9.329711],[-78.401111,-9.330165],[-78.400734,-9.33073],[-78.400642,-9.330937],[-78.400498,-9.331365],[-78.400406,-9.331808],[-78.400219,-9.332461],[-78.400061,-9.332885],[-78.399868,-9.333295],[-78.399628,-9.333681],[-78.398576,-9.335164],[-78.39837,-9.335566],[-78.398235,-9.335997],[-78.398192,-9.336219],[-78.39817,-9.336443],[-78.398177,-9.337121],[-78.398202,-9.337346],[-78.39835,-9.338008],[-78.398739,-9.33907],[-78.398792,-9.33929],[-78.398802,-9.339515],[-78.398771,-9.339966],[-78.398648,-9.340401],[-78.398541,-9.340599],[-78.398269,-9.340963],[-78.39778,-9.341441],[-78.397501,-9.341799],[-78.397226,-9.34242],[-78.396419,-9.344536],[-78.396372,-9.344757],[-78.396325,-9.345886],[-78.396273,-9.346106],[-78.396058,-9.346986],[-78.395713,-9.348064],[-78.395435,-9.348683],[-78.393596,-9.351814],[-78.393281,-9.352417],[-78.393019,-9.352787],[-78.392906,-9.352984],[-78.392826,-9.353194],[-78.392817,-9.35342],[-78.392858,-9.353641],[-78.3928,-9.353859],[-78.392644,-9.354023],[-78.392436,-9.354108],[-78.392256,-9.354235],[-78.391943,-9.354565],[-78.390316,-9.357295],[-78.389817,-9.358312],[-78.389423,-9.359374],[-78.389159,-9.36024],[-78.389002,-9.360665],[-78.388838,-9.361554],[-78.388688,-9.362675],[-78.388511,-9.363562],[-78.388203,-9.365574],[-78.388135,-9.365785],[-78.38801,-9.365975],[-78.38797,-9.366878],[-78.387645,-9.368887],[-78.387474,-9.369776],[-78.385933,-9.378691],[-78.385805,-9.379358],[-78.385634,-9.380014],[-78.385227,-9.381072],[-78.370978,-9.411698],[-78.366847,-9.420528],[-78.366393,-9.421566],[-78.365866,-9.42257],[-78.365398,-9.423348],[-78.364625,-9.424472],[-78.364143,-9.424954],[-78.362618,-9.427212],[-78.361139,-9.429502],[-78.357384,-9.435188],[-78.356113,-9.43707],[-78.355132,-9.4386],[-78.351621,-9.443902],[-78.351015,-9.444863],[-78.348993,-9.447882],[-78.348424,-9.448592],[-78.347647,-9.449421],[-78.347451,-9.449539],[-78.346914,-9.449964],[-78.345981,-9.450622],[-78.343194,-9.452199],[-78.33963,-9.454259],[-78.338266,-9.455095],[-78.334689,-9.457134],[-78.334084,-9.457457],[-78.315259,-9.468307],[-78.314475,-9.468777],[-78.313906,-9.469159],[-78.311617,-9.471045],[-78.31106,-9.471443],[-78.310463,-9.471781],[-78.307792,-9.473091],[-78.306774,-9.473614],[-78.306583,-9.473739],[-78.306263,-9.474062],[-78.306155,-9.474261],[-78.306079,-9.474475],[-78.306015,-9.474691],[-78.305847,-9.47558],[-78.30579,-9.476029],[-78.305686,-9.476468],[-78.3056,-9.476677],[-78.305487,-9.476872],[-78.305344,-9.477049],[-78.305176,-9.477146],[-78.3031,-9.476182],[-78.301695,-9.475414],[-78.301489,-9.475315],[-78.30127,-9.475248],[-78.299505,-9.474749],[-78.29928,-9.474712],[-78.296997,-9.47447],[-78.296772,-9.474474],[-78.29633,-9.474592],[-78.296141,-9.474709],[-78.295976,-9.474865],[-78.295364,-9.475821],[-78.294954,-9.47663],[-78.294797,-9.476791],[-78.294035,-9.478184],[-78.293578,-9.478968],[-78.292723,-9.480569],[-78.292594,-9.480755],[-78.292436,-9.480918],[-78.292246,-9.481042],[-78.292034,-9.481126],[-78.286743,-9.482641],[-78.281432,-9.484087],[-78.278568,-9.484913],[-78.277455,-9.485191],[-78.277231,-9.485233],[-78.277002,-9.485217],[-78.276778,-9.485172],[-78.2755,-9.484669],[-78.275055,-9.484559],[-78.274141,-9.484573],[-78.273717,-9.484731],[-78.273546,-9.484879],[-78.273396,-9.48505],[-78.272993,-9.485862],[-78.272717,-9.486483],[-78.272573,-9.486911],[-78.27254,-9.487134],[-78.272533,-9.487585],[-78.272563,-9.487809],[-78.272631,-9.488024],[-78.272711,-9.488236],[-78.274574,-9.492121],[-78.275113,-9.493118],[-78.277212,-9.496359],[-78.277758,-9.497353],[-78.282252,-9.506009],[-78.284268,-9.509819],[-78.286868,-9.514858],[-78.28746,-9.516083],[-78.28762,-9.516507],[-78.287712,-9.516949],[-78.287749,-9.517399],[-78.287729,-9.517851],[-78.287669,-9.518299],[-78.287551,-9.518736],[-78.287363,-9.519148],[-78.287021,-9.519736],[-78.286641,-9.520302],[-78.286408,-9.520692],[-78.283911,-9.523934],[-78.276625,-9.53409],[-78.276251,-9.534659],[-78.27603,-9.535056],[-78.275367,-9.536497],[-78.269612,-9.550056],[-78.269304,-9.550663],[-78.269069,-9.551052],[-78.267793,-9.552931],[-78.267394,-9.553484],[-78.267097,-9.553828],[-78.266614,-9.554312],[-78.264929,-9.555847],[-78.264352,-9.556551],[-78.262137,-9.559715],[-78.261635,-9.560472],[-78.2613,-9.561064],[-78.260123,-9.563517],[-78.257172,-9.569895],[-78.256845,-9.57074],[-78.256649,-9.57139],[-78.256371,-9.572487],[-78.255213,-9.577792],[-78.254993,-9.578901],[-78.254793,-9.580243],[-78.254573,-9.582267],[-78.254523,-9.582943],[-78.254644,-9.584294],[-78.255733,-9.591449],[-78.255818,-9.591893],[-78.255956,-9.592324],[-78.256171,-9.592722],[-78.257193,-9.594225],[-78.257799,-9.595185],[-78.258014,-9.595585],[-78.258251,-9.59622],[-78.258325,-9.596666],[-78.258339,-9.596891],[-78.258287,-9.597567],[-78.257864,-9.601161],[-78.257408,-9.60475],[-78.257376,-9.605201],[-78.257454,-9.608818],[-78.257589,-9.613338],[-78.25758,-9.615372],[-78.257615,-9.618311],[-78.257803,-9.624639],[-78.25806,-9.634584],[-78.258189,-9.636388],[-78.259521,-9.645793],[-78.259765,-9.647128],[-78.259944,-9.647782],[-78.261358,-9.652321],[-78.261833,-9.653594],[-78.262029,-9.654003],[-78.262264,-9.654391],[-78.262687,-9.654926],[-78.263009,-9.655247],[-78.266158,-9.657883],[-78.267016,-9.658634],[-78.267287,-9.658998],[-78.26777,-9.659767],[-78.268032,-9.660393],[-78.268717,-9.662313],[-78.273092,-9.674219],[-78.273528,-9.675264],[-78.276015,-9.679852],[-78.27756,-9.682627],[-78.277919,-9.683206],[-78.281605,-9.688666],[-78.282004,-9.68948],[-78.282072,-9.689696],[-78.282167,-9.690138],[-78.282306,-9.69126],[-78.282363,-9.691936],[-78.282341,-9.692387],[-78.282214,-9.693053],[-78.2819,-9.693903],[-78.268561,-9.72394],[-78.266782,-9.727862],[-78.266566,-9.728261],[-78.266146,-9.728798],[-78.265533,-9.729471],[-78.265033,-9.729938],[-78.264852,-9.730074],[-78.264652,-9.730186],[-78.264225,-9.730348],[-78.263997,-9.73038],[-78.261475,-9.730497],[-78.261026,-9.730588],[-78.260811,-9.730664],[-78.260603,-9.730761],[-78.260209,-9.730992],[-78.258316,-9.732272],[-78.257923,-9.732506],[-78.257718,-9.732605],[-78.256862,-9.732932],[-78.255332,-9.733416],[-78.2549,-9.733571],[-78.254696,-9.733674],[-78.254309,-9.733916],[-78.254133,-9.73406],[-78.253963,-9.734212],[-78.253674,-9.734563],[-78.253454,-9.73496],[-78.253261,-9.73537],[-78.252465,-9.737248],[-78.241201,-9.763242],[-78.240906,-9.763855],[-78.240571,-9.764447],[-78.240184,-9.765008],[-78.239767,-9.765548],[-78.23361,-9.77256],[-78.233043,-9.773271],[-78.232679,-9.773847],[-78.232067,-9.775309],[-78.231682,-9.775872],[-78.231534,-9.776044],[-78.2306,-9.777041],[-78.23003,-9.777418],[-78.229829,-9.777524],[-78.229612,-9.777598],[-78.229167,-9.777709],[-78.228709,-9.777724],[-78.228253,-9.777673],[-78.228031,-9.777616],[-78.227809,-9.777556],[-78.227392,-9.777369],[-78.227196,-9.777253],[-78.226289,-9.77656],[-78.225518,-9.776068],[-78.225109,-9.775863],[-78.224675,-9.775717],[-78.224453,-9.775665],[-78.223999,-9.7756],[-78.223312,-9.775546],[-78.222624,-9.775527],[-78.221936,-9.775547],[-78.221272,-9.775724],[-78.22086,-9.775923],[-78.220488,-9.776186],[-78.22017,-9.776511],[-78.219917,-9.776888],[-78.219714,-9.777294],[-78.219568,-9.777722],[-78.217335,-9.786727],[-78.217098,-9.787363],[-78.216879,-9.78776],[-78.21598,-9.788787],[-78.211363,-9.793821],[-78.210882,-9.794306],[-78.210534,-9.7946],[-78.209961,-9.794975],[-78.20955,-9.795177],[-78.203219,-9.797848],[-78.20278,-9.797979],[-78.202329,-9.798063],[-78.201871,-9.798096],[-78.199346,-9.79815],[-78.19843,-9.798099],[-78.197746,-9.798018],[-78.188902,-9.796645],[-78.188445,-9.796597],[-78.187757,-9.796616],[-78.18708,-9.796738],[-78.185106,-9.797338],[-78.184472,-9.797601],[-78.18428,-9.797725],[-78.183922,-9.798007],[-78.183484,-9.798529],[-78.182038,-9.800839],[-78.180515,-9.803367],[-78.179948,-9.804349],[-78.179741,-9.804753],[-78.179659,-9.804964],[-78.179507,-9.80539],[-78.179466,-9.805613],[-78.17941,-9.806288],[-78.179463,-9.808549],[-78.179521,-9.808997],[-78.179634,-9.809435],[-78.179839,-9.809838],[-78.180076,-9.810226],[-78.180616,-9.810957],[-78.181394,-9.812076],[-78.181701,-9.812683],[-78.181835,-9.813114],[-78.181873,-9.813337],[-78.181929,-9.813786],[-78.181901,-9.814237],[-78.181579,-9.817159],[-78.181558,-9.818063],[-78.18171,-9.820998],[-78.181768,-9.821446],[-78.181864,-9.821888],[-78.182086,-9.82253],[-78.18239,-9.823138],[-78.183975,-9.825628],[-78.184423,-9.826417],[-78.184684,-9.827044],[-78.184778,-9.827486],[-78.184795,-9.827711],[-78.184797,-9.828163],[-78.18474,-9.828611],[-78.18431,-9.830832],[-78.182507,-9.8397],[-78.182319,-9.841043],[-78.181837,-9.849848],[-78.181748,-9.851881],[-78.181759,-9.852558],[-78.181794,-9.852782],[-78.181918,-9.853216],[-78.182093,-9.853634],[-78.18219,-9.853839],[-78.182315,-9.854028],[-78.18261,-9.854374],[-78.18295,-9.854677],[-78.183336,-9.854922],[-78.190531,-9.858927],[-78.195743,-9.861793],[-78.20745,-9.867552],[-78.208046,-9.867891],[-78.208399,-9.86818],[-78.208718,-9.868505],[-78.208981,-9.868874],[-78.209204,-9.869269],[-78.212885,-9.877307],[-78.213179,-9.878164],[-78.213223,-9.878385],[-78.213321,-9.879283],[-78.213269,-9.882448],[-78.213215,-9.883124],[-78.213116,-9.883566],[-78.212984,-9.883998],[-78.212817,-9.884419],[-78.207389,-9.894123],[-78.207189,-9.894529],[-78.207115,-9.894743],[-78.207007,-9.895183],[-78.206929,-9.895628],[-78.20697,-9.896078],[-78.207131,-9.896737],[-78.207313,-9.897152],[-78.207539,-9.897544],[-78.20962,-9.900525],[-78.215168,-9.908292],[-78.215813,-9.909228],[-78.219705,-9.91615],[-78.219882,-9.916567],[-78.220061,-9.917221],[-78.220103,-9.917671],[-78.220134,-9.920836],[-78.220072,-9.923549],[-78.220114,-9.92807],[-78.220103,-9.929427],[-78.220032,-9.930101],[-78.219886,-9.930994],[-78.217001,-9.942169],[-78.216548,-9.943687],[-78.216306,-9.94407],[-78.215886,-9.944607],[-78.213164,-9.94767],[-78.212422,-9.948533],[-78.212148,-9.948894],[-78.21203,-9.949088],[-78.211837,-9.949498],[-78.211662,-9.950153],[-78.211606,-9.950601],[-78.211585,-9.951505],[-78.211533,-9.951954],[-78.211415,-9.95239],[-78.211334,-9.952602],[-78.211127,-9.953005],[-78.210296,-9.954086],[-78.210048,-9.954466],[-78.209946,-9.954669],[-78.209739,-9.955315],[-78.209321,-9.957538],[-78.209004,-9.958623],[-78.208587,-9.959429],[-78.208227,-9.960007],[-78.206217,-9.963035],[-78.203488,-9.967221],[-78.203167,-9.96782],[-78.202607,-9.96906],[-78.202365,-9.969694],[-78.202159,-9.970341],[-78.201878,-9.971437],[-78.201559,-9.973447],[-78.201171,-9.975676],[-78.200982,-9.97656],[-78.200767,-9.977205],[-78.200527,-9.97784],[-78.199996,-9.978843],[-78.199612,-9.979404],[-78.198325,-9.980996],[-78.190216,-9.990822],[-78.189274,-9.992104],[-78.188302,-9.993638],[-78.187615,-9.994814],[-78.184279,-10.000749],[-78.183961,-10.00135],[-78.183491,-10.002127],[-78.181705,-10.005288],[-78.18079,-10.006589],[-78.180038,-10.007443],[-78.1781,-10.009371],[-78.175399,-10.012146],[-78.174584,-10.012942],[-78.173958,-10.013603],[-78.17313,-10.014686],[-78.172894,-10.015074],[-78.172586,-10.01568],[-78.172311,-10.016302],[-78.171961,-10.017379],[-78.171298,-10.020012],[-78.17014,-10.024853],[-78.169875,-10.025719],[-78.169294,-10.027195],[-78.168909,-10.028015],[-78.168159,-10.029415],[-78.16173,-10.039589],[-78.161167,-10.040574],[-78.160661,-10.041587],[-78.160352,-10.042439],[-78.160277,-10.042652],[-78.160173,-10.043092],[-78.159254,-10.045888],[-78.158926,-10.047206],[-78.158896,-10.04743],[-78.158489,-10.051025],[-78.158165,-10.054174],[-78.157776,-10.057316],[-78.157688,-10.058442],[-78.157613,-10.058887],[-78.157553,-10.05979],[-78.156963,-10.065185],[-78.156834,-10.06608],[-78.156797,-10.06653],[-78.156539,-10.068092],[-78.156425,-10.06853],[-78.156091,-10.070308],[-78.155847,-10.071413],[-78.155709,-10.071843],[-78.155516,-10.072253],[-78.154654,-10.073589],[-78.150582,-10.079611],[-78.149602,-10.08114],[-78.148714,-10.08246],[-78.148234,-10.083231],[-78.147605,-10.084437],[-78.147328,-10.085058],[-78.14638,-10.087364],[-78.145743,-10.08906],[-78.144892,-10.09116],[-78.144311,-10.09239],[-78.142485,-10.096041],[-78.142114,-10.096868],[-78.140706,-10.099714],[-78.140525,-10.100128],[-78.140109,-10.100934],[-78.139429,-10.102368],[-78.137333,-10.106644],[-78.137017,-10.107247],[-78.136631,-10.108068],[-78.136309,-10.108667],[-78.135367,-10.11022],[-78.134745,-10.111169],[-78.132715,-10.114452],[-78.132334,-10.115017],[-78.123248,-10.129422],[-78.120963,-10.133081],[-78.117552,-10.138447],[-78.116721,-10.139802],[-78.116226,-10.140563],[-78.11566,-10.141275],[-78.115358,-10.141616],[-78.11487,-10.142094],[-78.114694,-10.142239],[-78.105664,-10.149218],[-78.104124,-10.150204],[-78.102314,-10.151184],[-78.10194,-10.151446],[-78.101409,-10.151878],[-78.10091,-10.152345],[-78.100284,-10.153007],[-78.096687,-10.156499],[-78.088637,-10.164238],[-78.088168,-10.164735],[-78.086658,-10.166122],[-78.086185,-10.166614],[-78.08127,-10.171367],[-78.080437,-10.172145],[-78.078322,-10.174218],[-78.077808,-10.17467],[-78.077328,-10.175156],[-78.069449,-10.182744],[-78.068811,-10.183394],[-78.066994,-10.18512],[-78.065886,-10.186267],[-78.065596,-10.186617],[-78.064518,-10.187791],[-78.063639,-10.188835],[-78.063298,-10.189138],[-78.062865,-10.189665],[-78.06176,-10.190814],[-78.060747,-10.191733],[-78.059666,-10.192574],[-78.058619,-10.193455],[-78.057024,-10.194749],[-78.056297,-10.195301],[-78.054908,-10.196485],[-78.054738,-10.196636],[-78.053967,-10.197474],[-78.053568,-10.198026],[-78.053137,-10.198556],[-78.052478,-10.199481],[-78.051097,-10.201287],[-78.050733,-10.201863],[-78.050547,-10.202276],[-78.050388,-10.2027],[-78.050095,-10.203792],[-78.048917,-10.211162],[-78.048663,-10.212264],[-78.048517,-10.212693],[-78.048332,-10.213106],[-78.047861,-10.213882],[-78.047338,-10.214625],[-78.046626,-10.215512],[-78.045108,-10.2175],[-78.044675,-10.218027],[-78.043722,-10.219301],[-78.043011,-10.220189],[-78.04247,-10.22092],[-78.041195,-10.222521],[-78.040659,-10.223256],[-78.040098,-10.223971],[-78.039871,-10.224364],[-78.039678,-10.224774],[-78.039508,-10.225194],[-78.039374,-10.225627],[-78.03912,-10.226728],[-78.038097,-10.233207],[-78.037759,-10.235215],[-78.037623,-10.235879],[-78.037458,-10.237226],[-78.037413,-10.238356],[-78.037023,-10.244222],[-78.037015,-10.244673],[-78.036833,-10.246927],[-78.036694,-10.249411],[-78.036464,-10.252794],[-78.036318,-10.254597],[-78.036304,-10.255275],[-78.036118,-10.257982],[-78.0361,-10.258208],[-78.035885,-10.259548],[-78.035769,-10.260672],[-78.03573,-10.261575],[-78.035686,-10.262026],[-78.035654,-10.262929],[-78.035601,-10.263605],[-78.03564,-10.264508],[-78.035714,-10.264954],[-78.03583,-10.265391],[-78.036292,-10.266669],[-78.037665,-10.270747],[-78.03932,-10.275446],[-78.03973,-10.276741],[-78.040258,-10.278236],[-78.040682,-10.279526],[-78.041209,-10.281022],[-78.046761,-10.297311],[-78.046947,-10.297725],[-78.047168,-10.29812],[-78.047298,-10.298307],[-78.047591,-10.298655],[-78.047758,-10.298808],[-78.049405,-10.300037],[-78.049577,-10.300187],[-78.049883,-10.300524],[-78.050133,-10.300902],[-78.050229,-10.301107],[-78.050397,-10.301528],[-78.050487,-10.301971],[-78.050502,-10.302648],[-78.050429,-10.303095],[-78.050293,-10.303526],[-78.050205,-10.303735],[-78.050105,-10.303938],[-78.049867,-10.304324],[-78.048172,-10.306463],[-78.047713,-10.306969],[-78.046917,-10.307783],[-78.046227,-10.30838],[-78.045344,-10.309102],[-78.044313,-10.310002],[-78.042723,-10.311302],[-78.042561,-10.311461],[-78.04242,-10.311638],[-78.042305,-10.311833],[-78.042148,-10.312257],[-78.042113,-10.31248],[-78.042111,-10.312705],[-78.042185,-10.313149],[-78.042375,-10.313561],[-78.042501,-10.313748],[-78.042652,-10.313918],[-78.04282,-10.314071],[-78.043364,-10.314488],[-78.043559,-10.314606],[-78.043975,-10.314795],[-78.04875,-10.316418],[-78.048963,-10.316501],[-78.049761,-10.316948],[-78.050121,-10.317228],[-78.050776,-10.317862],[-78.051076,-10.318203],[-78.05134,-10.318574],[-78.051557,-10.318972],[-78.051743,-10.319385],[-78.051859,-10.319821],[-78.051886,-10.320272],[-78.051886,-10.320724],[-78.051813,-10.321169],[-78.051743,-10.321384],[-78.051458,-10.322001],[-78.050858,-10.322965],[-78.049604,-10.324859],[-78.049259,-10.325445],[-78.04908,-10.325861],[-78.048945,-10.326293],[-78.048843,-10.326733],[-78.04862,-10.32989],[-78.048356,-10.331451],[-78.048252,-10.331891],[-78.048014,-10.332527],[-78.047148,-10.334374],[-78.046888,-10.335002],[-78.046601,-10.335619],[-78.046441,-10.336043],[-78.044515,-10.340395],[-78.043842,-10.341578],[-78.043207,-10.34252],[-78.042606,-10.343483],[-78.042156,-10.343996],[-78.041826,-10.34431],[-78.041465,-10.344588],[-78.04088,-10.344944],[-78.040457,-10.345121],[-78.039801,-10.345326],[-78.039574,-10.345355],[-78.036439,-10.346056],[-78.032623,-10.346863],[-78.031967,-10.347067],[-78.031352,-10.347372],[-78.030966,-10.347616],[-78.030613,-10.347905],[-78.030136,-10.348394],[-78.029861,-10.348755],[-78.029621,-10.34914],[-78.028953,-10.350579],[-78.028604,-10.351164],[-78.028302,-10.351504],[-78.027788,-10.351955],[-78.027194,-10.352297],[-78.026541,-10.352507],[-78.025858,-10.352585],[-78.025399,-10.352568],[-78.023563,-10.352598],[-78.022884,-10.352711],[-78.022451,-10.352857],[-78.022245,-10.352957],[-78.021864,-10.353208],[-78.021516,-10.353502],[-78.02121,-10.353839],[-78.021082,-10.354026],[-78.020962,-10.354218],[-78.020675,-10.354835],[-78.020557,-10.355503],[-78.020558,-10.355954],[-78.020577,-10.356179],[-78.020695,-10.356616],[-78.020975,-10.357477],[-78.021816,-10.359822],[-78.021971,-10.360482],[-78.021985,-10.36116],[-78.021857,-10.361826],[-78.021722,-10.362258],[-78.021556,-10.36268],[-78.021214,-10.363268],[-78.020939,-10.36363],[-78.020595,-10.363928],[-78.020037,-10.364325],[-78.01826,-10.365364],[-78.018077,-10.3655],[-78.017539,-10.365924],[-78.016172,-10.367131],[-78.015687,-10.367611],[-78.015498,-10.367739],[-78.015328,-10.367891],[-78.013709,-10.369494],[-78.012505,-10.370542],[-78.012034,-10.371037],[-78.011765,-10.371403],[-78.011343,-10.372205],[-78.010874,-10.372982],[-78.010293,-10.373682],[-78.009984,-10.374016],[-78.009306,-10.374626],[-78.007489,-10.376008],[-78.005893,-10.3773],[-78.00433,-10.378632],[-78.002339,-10.380506],[-78.001991,-10.380802],[-78.000676,-10.382065],[-78.000162,-10.382515],[-77.998495,-10.38407],[-77.996433,-10.386195],[-77.995612,-10.386986],[-77.994262,-10.388212],[-77.990084,-10.392087],[-77.988263,-10.393811],[-77.986551,-10.395317],[-77.986067,-10.395799],[-77.985204,-10.396544],[-77.984389,-10.397341],[-77.983022,-10.398548],[-77.982308,-10.399116],[-77.98152,-10.399581],[-77.981139,-10.399832],[-77.980328,-10.400257],[-77.979539,-10.400719],[-77.979123,-10.400909],[-77.977312,-10.401888],[-77.974515,-10.403448],[-77.971891,-10.405277],[-77.970724,-10.405998],[-77.968527,-10.407224],[-77.967546,-10.407811],[-77.967186,-10.408091],[-77.96688,-10.408427],[-77.966611,-10.408792],[-77.966397,-10.409192],[-77.966323,-10.409405],[-77.966076,-10.410276],[-77.965737,-10.412053],[-77.96544,-10.413378],[-77.965273,-10.413799],[-77.965054,-10.414195],[-77.96444,-10.414866],[-77.964258,-10.415004],[-77.963873,-10.415251],[-77.963462,-10.415451],[-77.96005,-10.41679],[-77.958566,-10.417398],[-77.947045,-10.421908],[-77.946614,-10.422065],[-77.945953,-10.422255],[-77.945503,-10.422341],[-77.944586,-10.422388],[-77.936091,-10.422335],[-77.928515,-10.422261],[-77.926678,-10.422275],[-77.926451,-10.422307],[-77.926233,-10.422377],[-77.926028,-10.422478],[-77.925845,-10.422611],[-77.925518,-10.422929],[-77.925224,-10.423276],[-77.924828,-10.42383],[-77.924713,-10.424026],[-77.92464,-10.424239],[-77.924572,-10.424684],[-77.92458,-10.424909],[-77.924619,-10.425132],[-77.925191,-10.427087],[-77.925391,-10.427493],[-77.925631,-10.427878],[-77.927419,-10.429942],[-77.927675,-10.430317],[-77.927893,-10.430715],[-77.929875,-10.43529],[-77.930566,-10.436965],[-77.930707,-10.437395],[-77.930729,-10.43762],[-77.93071,-10.438071],[-77.930445,-10.43986],[-77.930188,-10.441193],[-77.929892,-10.442978],[-77.929783,-10.443417],[-77.929617,-10.443838],[-77.929233,-10.44466],[-77.929013,-10.445056],[-77.928752,-10.445428],[-77.928456,-10.445773],[-77.927182,-10.447076],[-77.925998,-10.448146],[-77.924735,-10.44946],[-77.924158,-10.450163],[-77.924031,-10.450351],[-77.922283,-10.453273],[-77.92174,-10.454269],[-77.920343,-10.456607],[-77.919335,-10.458384],[-77.918413,-10.459948],[-77.917929,-10.460717],[-77.917633,-10.461329],[-77.917151,-10.462098],[-77.916944,-10.462501],[-77.916474,-10.463278],[-77.916279,-10.463686],[-77.916213,-10.463903],[-77.916135,-10.464348],[-77.91588,-10.467276],[-77.915742,-10.469306],[-77.915708,-10.470436],[-77.915839,-10.471785],[-77.915855,-10.472237],[-77.915787,-10.472683],[-77.915545,-10.473788],[-77.915303,-10.47466],[-77.915078,-10.475769],[-77.914983,-10.476895],[-77.914724,-10.479369],[-77.914723,-10.47982],[-77.914875,-10.481395],[-77.914877,-10.482073],[-77.914537,-10.486356],[-77.914172,-10.489728],[-77.914069,-10.490168],[-77.913867,-10.490816],[-77.913236,-10.492515],[-77.912903,-10.493358],[-77.91234,-10.494596],[-77.911627,-10.496263],[-77.911197,-10.497061],[-77.895265,-10.520295],[-77.894797,-10.521072],[-77.8947,-10.521277],[-77.894379,-10.522124],[-77.893071,-10.525985],[-77.891492,-10.530471],[-77.890724,-10.53284],[-77.888878,-10.538192],[-77.888493,-10.539257],[-77.887207,-10.543125],[-77.88682,-10.544189],[-77.885142,-10.549119],[-77.882988,-10.555324],[-77.882703,-10.555941],[-77.882459,-10.556323],[-77.882178,-10.556681],[-77.881866,-10.557013],[-77.881351,-10.557462],[-77.876223,-10.561281],[-77.875881,-10.561582],[-77.87557,-10.561914],[-77.875291,-10.562273],[-77.875053,-10.562659],[-77.874793,-10.563287],[-77.873345,-10.567578],[-77.869666,-10.578763],[-77.869002,-10.58069],[-77.868842,-10.581349],[-77.868793,-10.582477],[-77.868895,-10.585867],[-77.868915,-10.58745],[-77.868938,-10.587674],[-77.869116,-10.588328],[-77.871229,-10.594307],[-77.871366,-10.594971],[-77.871405,-10.595422],[-77.871415,-10.5961],[-77.87136,-10.597229],[-77.871238,-10.602202],[-77.871234,-10.603106],[-77.87117,-10.60514],[-77.871063,-10.606038],[-77.870914,-10.6067],[-77.870587,-10.607783],[-77.869908,-10.609464],[-77.866903,-10.616559],[-77.866529,-10.617384],[-77.866037,-10.618651],[-77.861768,-10.628657],[-77.861083,-10.630334],[-77.860746,-10.630925],[-77.857293,-10.635441],[-77.855116,-10.638354],[-77.854897,-10.63875],[-77.854753,-10.639179],[-77.854713,-10.639402],[-77.854694,-10.639852],[-77.854718,-10.640077],[-77.854862,-10.64074],[-77.855229,-10.642047],[-77.855302,-10.642493],[-77.855333,-10.642944],[-77.85531,-10.643395],[-77.855155,-10.644743],[-77.855047,-10.645181],[-77.854864,-10.645595],[-77.854739,-10.645784],[-77.854591,-10.645956],[-77.854427,-10.646115],[-77.854057,-10.646382],[-77.84969,-10.648881],[-77.848332,-10.649726],[-77.847227,-10.650537],[-77.844332,-10.652764],[-77.843209,-10.653549],[-77.842246,-10.654164],[-77.840026,-10.655349],[-77.838795,-10.655956],[-77.838153,-10.656202],[-77.837712,-10.656327],[-77.835686,-10.656726],[-77.814137,-10.661287],[-77.813479,-10.661487],[-77.811545,-10.662204],[-77.811136,-10.662407],[-77.810753,-10.662657],[-77.810339,-10.662849],[-77.80989,-10.662938],[-77.809673,-10.663007],[-77.809477,-10.66312],[-77.80932,-10.663285],[-77.809215,-10.663483],[-77.809148,-10.663699],[-77.809045,-10.663897],[-77.808869,-10.664033],[-77.808642,-10.664056],[-77.808207,-10.66393],[-77.807979,-10.663916],[-77.807301,-10.664023],[-77.806617,-10.664095],[-77.806394,-10.664151],[-77.795243,-10.668351],[-77.795047,-10.668465],[-77.79487,-10.668607],[-77.794714,-10.668773],[-77.794486,-10.669164],[-77.794361,-10.669597],[-77.794264,-10.670268],[-77.793993,-10.670889],[-77.793965,-10.671113],[-77.794004,-10.671333],[-77.794093,-10.671541],[-77.794229,-10.671714],[-77.794327,-10.671917],[-77.794367,-10.672137],[-77.794268,-10.672337],[-77.793588,-10.67294],[-77.793437,-10.67311],[-77.79318,-10.673482],[-77.79299,-10.673894],[-77.792932,-10.674111],[-77.792067,-10.678782],[-77.791944,-10.679217],[-77.791031,-10.681777],[-77.790674,-10.682611],[-77.784947,-10.694449],[-77.784287,-10.69564],[-77.783542,-10.69678],[-77.782715,-10.697866],[-77.782118,-10.698552],[-77.780373,-10.70035],[-77.775218,-10.705505],[-77.773821,-10.707004],[-77.773064,-10.707854],[-77.772338,-10.70873],[-77.771494,-10.709802],[-77.765288,-10.717936],[-77.758768,-10.726403],[-77.747518,-10.739833],[-77.744927,-10.743288],[-77.744268,-10.744214],[-77.730546,-10.762902],[-77.73006,-10.763669],[-77.729406,-10.764863],[-77.729126,-10.765483],[-77.72758,-10.769257],[-77.727123,-10.770294],[-77.726552,-10.771274],[-77.726159,-10.77183],[-77.72572,-10.772353],[-77.72525,-10.772848],[-77.720833,-10.776802],[-77.720194,-10.777451],[-77.71974,-10.777962],[-77.718779,-10.77923],[-77.715001,-10.784629],[-77.713774,-10.786266],[-77.71263,-10.787681],[-77.708957,-10.792024],[-77.708145,-10.79312],[-77.707776,-10.793692],[-77.707089,-10.794868],[-77.706685,-10.79568],[-77.702725,-10.804338],[-77.702072,-10.806029],[-77.70158,-10.807536],[-77.701225,-10.808846],[-77.700994,-10.809954],[-77.70074,-10.811516],[-77.700573,-10.81309],[-77.700516,-10.813993],[-77.700506,-10.815802],[-77.700549,-10.816705],[-77.700905,-10.821667],[-77.700977,-10.823474],[-77.700948,-10.824604],[-77.700847,-10.82573],[-77.700746,-10.826401],[-77.700534,-10.827512],[-77.700183,-10.828823],[-77.689621,-10.861103],[-77.689226,-10.862402],[-77.688329,-10.865206],[-77.687619,-10.867592],[-77.686024,-10.873257],[-77.684937,-10.876949],[-77.684634,-10.877802],[-77.684299,-10.878644],[-77.6837,-10.879866],[-77.68278,-10.881431],[-77.661738,-10.915138],[-77.661482,-10.915513],[-77.661062,-10.91605],[-77.660599,-10.916552],[-77.657669,-10.919422],[-77.656675,-10.920362],[-77.654628,-10.922178],[-77.653844,-10.923003],[-77.653424,-10.92354],[-77.652931,-10.924302],[-77.652526,-10.925114],[-77.652353,-10.925533],[-77.65215,-10.926181],[-77.6516,-10.928142],[-77.647271,-10.944554],[-77.647086,-10.94567],[-77.646399,-10.963292],[-77.645834,-10.978657],[-77.645749,-10.980237],[-77.645604,-10.98113],[-77.645311,-10.982222],[-77.645061,-10.982854],[-77.644767,-10.983467],[-77.644436,-10.984062],[-77.644184,-10.98444],[-77.643631,-10.985161],[-77.643013,-10.98583],[-77.642504,-10.986286],[-77.642142,-10.986565],[-77.629383,-10.995027],[-77.615433,-11.004174],[-77.614391,-11.005062],[-77.613562,-11.005844],[-77.612036,-11.007216],[-77.611051,-11.008164],[-77.607515,-11.011392],[-77.606021,-11.012797],[-77.604477,-11.01415],[-77.602452,-11.015989],[-77.601621,-11.016769],[-77.600831,-11.017589],[-77.599353,-11.019319],[-77.598943,-11.019864],[-77.598175,-11.02099],[-77.593902,-11.027692],[-77.593568,-11.028285],[-77.593264,-11.028893],[-77.592753,-11.030153],[-77.592551,-11.030801],[-77.591486,-11.034733],[-77.589809,-11.041078],[-77.58935,-11.043062],[-77.589126,-11.044401],[-77.588997,-11.045751],[-77.588937,-11.046653],[-77.588937,-11.04801],[-77.58899,-11.049139],[-77.589515,-11.055675],[-77.589526,-11.056806],[-77.589477,-11.058161],[-77.589347,-11.059284],[-77.589145,-11.060396],[-77.588889,-11.061498],[-77.588537,-11.062574],[-77.586809,-11.067007],[-77.584632,-11.072237],[-77.584353,-11.073098],[-77.58389,-11.074132],[-77.583303,-11.075605],[-77.583001,-11.076459],[-77.58266,-11.077773],[-77.582503,-11.078664],[-77.582378,-11.080015],[-77.582392,-11.081597],[-77.582592,-11.083395],[-77.583344,-11.088542],[-77.583598,-11.089644],[-77.583988,-11.090945],[-77.584463,-11.092218],[-77.585025,-11.093456],[-77.585326,-11.094066],[-77.586291,-11.095866],[-77.589004,-11.101102],[-77.589604,-11.102323],[-77.589944,-11.103163],[-77.590412,-11.104677],[-77.59097,-11.10687],[-77.591164,-11.107521],[-77.59185,-11.110148],[-77.592886,-11.113854],[-77.593934,-11.11779],[-77.594073,-11.118454],[-77.594122,-11.118904],[-77.59417,-11.120033],[-77.593936,-11.122054],[-77.593829,-11.12318],[-77.593807,-11.123858],[-77.593872,-11.124986],[-77.59399,-11.125883],[-77.59425,-11.126983],[-77.596622,-11.13478],[-77.596864,-11.135884],[-77.597425,-11.141054],[-77.597501,-11.142409],[-77.597479,-11.144443],[-77.597409,-11.145571],[-77.597254,-11.146919],[-77.596998,-11.148482],[-77.596805,-11.149366],[-77.596529,-11.150463],[-77.596056,-11.151976],[-77.59574,-11.152825],[-77.59504,-11.154497],[-77.594537,-11.155513],[-77.593663,-11.157104],[-77.588597,-11.165183],[-77.584806,-11.171115],[-77.576699,-11.183989],[-77.574482,-11.187423],[-77.573697,-11.188538],[-77.571797,-11.191091],[-77.569958,-11.193686],[-77.526511,-11.253705],[-77.513339,-11.271946],[-77.475616,-11.324042],[-77.444735,-11.366781],[-77.44125,-11.371554],[-77.425394,-11.393465],[-77.42457,-11.394552],[-77.42395,-11.395219],[-77.42346,-11.395696],[-77.42274,-11.396256],[-77.422364,-11.396515],[-77.421773,-11.396863],[-77.421158,-11.397168],[-77.420312,-11.39752],[-77.419442,-11.397808],[-77.418316,-11.398026],[-77.417632,-11.398105],[-77.417174,-11.398133],[-77.416256,-11.398114],[-77.415113,-11.398009],[-77.402362,-11.396386],[-77.397122,-11.395742],[-77.395751,-11.395607],[-77.395293,-11.395616],[-77.394841,-11.395692],[-77.394405,-11.395833],[-77.393994,-11.396028],[-77.393444,-11.396436],[-77.393277,-11.396591],[-77.39298,-11.396935],[-77.392735,-11.397316],[-77.392548,-11.397729],[-77.392438,-11.398168],[-77.392403,-11.398391],[-77.392384,-11.399069],[-77.392635,-11.406073],[-77.392614,-11.406751],[-77.392522,-11.407422],[-77.392415,-11.407862],[-77.392261,-11.408288],[-77.39197,-11.408902],[-77.391466,-11.409657],[-77.390998,-11.410154],[-77.390485,-11.410605],[-77.390117,-11.410875],[-77.38951,-11.411195],[-77.38887,-11.411444],[-77.388207,-11.411625],[-77.387753,-11.411689],[-77.387065,-11.411727],[-77.386379,-11.411677],[-77.385927,-11.411599],[-77.385483,-11.411485],[-77.38484,-11.411243],[-77.384032,-11.410812],[-77.381474,-11.409298],[-77.380651,-11.408897],[-77.380215,-11.40876],[-77.379762,-11.408687],[-77.379304,-11.408662],[-77.378847,-11.408707],[-77.378398,-11.4088],[-77.377964,-11.408948],[-77.377555,-11.409153],[-77.377357,-11.409268],[-77.376991,-11.409541],[-77.376654,-11.409847],[-77.376236,-11.410385],[-77.374598,-11.413108],[-77.374408,-11.41352],[-77.374161,-11.414153],[-77.373797,-11.415459],[-77.373606,-11.41587],[-77.373326,-11.416225],[-77.372977,-11.416519],[-77.372846,-11.4167],[-77.372179,-11.417321],[-77.37174,-11.417843],[-77.371468,-11.418207],[-77.367776,-11.424199],[-77.367443,-11.424793],[-77.366466,-11.426325],[-77.364244,-11.430021],[-77.361723,-11.434068],[-77.361439,-11.434423],[-77.360378,-11.435611],[-77.359258,-11.436747],[-77.354054,-11.442169],[-77.352849,-11.443217],[-77.351382,-11.444304],[-77.350412,-11.444907],[-77.349403,-11.445445],[-77.343334,-11.448143],[-77.341213,-11.449009],[-77.31415,-11.460858],[-77.313745,-11.461071],[-77.313355,-11.46131],[-77.31284,-11.461759],[-77.312529,-11.462091],[-77.31224,-11.462442],[-77.312113,-11.462631],[-77.311902,-11.463033],[-77.31172,-11.463448],[-77.309516,-11.469635],[-77.309239,-11.470496],[-77.309151,-11.47094],[-77.309105,-11.47139],[-77.309086,-11.471841],[-77.309118,-11.472745],[-77.309229,-11.474324],[-77.30921,-11.47568],[-77.309085,-11.476575],[-77.308907,-11.47723],[-77.307713,-11.480651],[-77.306558,-11.483846],[-77.306351,-11.484493],[-77.305883,-11.485769],[-77.304994,-11.488337],[-77.304675,-11.489185],[-77.304545,-11.489619],[-77.304343,-11.490501],[-77.303746,-11.493841],[-77.303644,-11.494281],[-77.296605,-11.513893],[-77.296192,-11.514948],[-77.296095,-11.515152],[-77.295628,-11.515931],[-77.28932,-11.525376],[-77.28898,-11.525966],[-77.283846,-11.536329],[-77.283205,-11.53753],[-77.281664,-11.540308],[-77.281352,-11.540912],[-77.279168,-11.545646],[-77.278028,-11.547866],[-77.277703,-11.548464],[-77.277221,-11.549233],[-77.276697,-11.549976],[-77.276142,-11.550697],[-77.274932,-11.552345],[-77.274492,-11.552867],[-77.273996,-11.553338],[-77.273824,-11.553487],[-77.272893,-11.554149],[-77.269326,-11.556203],[-77.26894,-11.556447],[-77.268594,-11.556743],[-77.268284,-11.557076],[-77.26816,-11.557264],[-77.268013,-11.557436],[-77.267244,-11.557926],[-77.267074,-11.558077],[-77.266775,-11.558412],[-77.266556,-11.558809],[-77.2664,-11.559234],[-77.262393,-11.576886],[-77.262391,-11.577103],[-77.262343,-11.577323],[-77.261755,-11.579741],[-77.261161,-11.581453],[-77.259571,-11.585695],[-77.258088,-11.589493],[-77.257542,-11.590982],[-77.256538,-11.593509],[-77.256232,-11.594116],[-77.256005,-11.594509],[-77.25588,-11.594699],[-77.255317,-11.595412],[-77.254999,-11.595738],[-77.254483,-11.596187],[-77.253558,-11.596857],[-77.249728,-11.599351],[-77.249168,-11.599745],[-77.245068,-11.603023],[-77.241886,-11.605619],[-77.237885,-11.60935],[-77.237373,-11.609804],[-77.234798,-11.611699],[-77.233305,-11.612752],[-77.232906,-11.612975],[-77.232486,-11.613158],[-77.23182,-11.613328],[-77.231593,-11.61336],[-77.231135,-11.61336],[-77.230683,-11.613281],[-77.230242,-11.61316],[-77.227451,-11.612119],[-77.21761,-11.608343],[-77.214606,-11.607218],[-77.200046,-11.601667],[-77.199607,-11.601537],[-77.198923,-11.601459],[-77.198236,-11.601484],[-77.197566,-11.601635],[-77.197142,-11.601809],[-77.196741,-11.602028],[-77.196215,-11.602465],[-77.196055,-11.602626],[-77.195901,-11.602794],[-77.195638,-11.603165],[-77.195524,-11.603361],[-77.195338,-11.603774],[-77.195206,-11.604207],[-77.19502,-11.604641],[-77.194999,-11.605148],[-77.195024,-11.605499],[-77.195086,-11.605861],[-77.195195,-11.606263],[-77.195302,-11.606537],[-77.195441,-11.606813],[-77.195798,-11.607341],[-77.196024,-11.6076],[-77.196289,-11.607853],[-77.196714,-11.608166],[-77.197124,-11.608392],[-77.199423,-11.609401],[-77.202222,-11.61057],[-77.202612,-11.610703],[-77.203202,-11.610857],[-77.205017,-11.611143],[-77.205348,-11.611246],[-77.205603,-11.611362],[-77.206028,-11.611624],[-77.206414,-11.611965],[-77.206736,-11.612407],[-77.20688,-11.612687],[-77.20698,-11.612948],[-77.207065,-11.613302],[-77.207097,-11.613689],[-77.207008,-11.615653],[-77.207066,-11.616639],[-77.207396,-11.618689],[-77.20744,-11.619103],[-77.207436,-11.619632],[-77.207365,-11.620533],[-77.207244,-11.621664],[-77.207246,-11.622533],[-77.207425,-11.627865],[-77.207419,-11.628341],[-77.207373,-11.628949],[-77.20727,-11.629628],[-77.206355,-11.633325],[-77.206262,-11.633852],[-77.206185,-11.634996],[-77.206209,-11.635447],[-77.206313,-11.636269],[-77.206355,-11.636885],[-77.206336,-11.637534],[-77.206287,-11.637937],[-77.206115,-11.63863],[-77.205423,-11.640471],[-77.203729,-11.643955],[-77.203383,-11.644824],[-77.202979,-11.646183],[-77.20285,-11.646543],[-77.202619,-11.647042],[-77.20207,-11.648008],[-77.201901,-11.648392],[-77.201771,-11.648817],[-77.201699,-11.649151],[-77.201518,-11.650623],[-77.201384,-11.651348],[-77.201203,-11.652011],[-77.20094,-11.652742],[-77.200739,-11.653203],[-77.200397,-11.653857],[-77.20003,-11.654438],[-77.199416,-11.65532],[-77.199161,-11.65576],[-77.198942,-11.656243],[-77.198516,-11.657432],[-77.198378,-11.657707],[-77.198215,-11.657968],[-77.197956,-11.658294],[-77.197615,-11.658623],[-77.1972,-11.65892],[-77.196892,-11.659086],[-77.196568,-11.659219],[-77.193385,-11.660294],[-77.192573,-11.66068],[-77.192099,-11.660966],[-77.191661,-11.661274],[-77.186753,-11.665244],[-77.186164,-11.665779],[-77.18572,-11.666268],[-77.185258,-11.666881],[-77.184842,-11.667582],[-77.184538,-11.668258],[-77.184382,-11.668703],[-77.184224,-11.669311],[-77.184152,-11.669711],[-77.184068,-11.670448],[-77.183688,-11.676972],[-77.183208,-11.686129],[-77.183061,-11.68692],[-77.182851,-11.687739],[-77.182601,-11.688395],[-77.18223,-11.68919],[-77.180807,-11.69184],[-77.180492,-11.692509],[-77.180184,-11.693312],[-77.179896,-11.694199],[-77.179683,-11.695139],[-77.179503,-11.696244],[-77.179057,-11.701161],[-77.17887,-11.702121],[-77.17874,-11.702567],[-77.17838,-11.703446],[-77.177574,-11.704904],[-77.177403,-11.705364],[-77.177174,-11.706203],[-77.1771,-11.706882],[-77.177113,-11.707324],[-77.177063,-11.709123],[-77.176996,-11.709648],[-77.176883,-11.710063],[-77.176808,-11.710446],[-77.176529,-11.711106],[-77.176348,-11.711402],[-77.175867,-11.71206],[-77.175198,-11.712786],[-77.174892,-11.713171],[-77.174621,-11.713613],[-77.174445,-11.714012],[-77.174306,-11.714401],[-77.174227,-11.714852],[-77.174182,-11.716028],[-77.174133,-11.716461],[-77.174078,-11.716723],[-77.173986,-11.716955],[-77.173778,-11.717367],[-77.17281,-11.71897],[-77.172484,-11.719448],[-77.170708,-11.722364],[-77.170321,-11.72286],[-77.169849,-11.723313],[-77.168905,-11.724053],[-77.168381,-11.724524],[-77.167952,-11.725036],[-77.166116,-11.727852],[-77.165764,-11.728264],[-77.165412,-11.728608],[-77.165043,-11.72886],[-77.164639,-11.729087],[-77.160393,-11.730956],[-77.159783,-11.731124],[-77.158976,-11.731283],[-77.158041,-11.731342],[-77.157174,-11.7313],[-77.155929,-11.731056],[-77.154316,-11.730527],[-77.152762,-11.729947],[-77.152361,-11.72977],[-77.152234,-11.730049],[-77.15202,-11.729968],[-77.152013,-11.729987],[-77.151447,-11.729784],[-77.146495,-11.727684],[-77.145302,-11.727263],[-77.144203,-11.727062],[-77.143371,-11.727028],[-77.142358,-11.727104],[-77.141688,-11.72723],[-77.140899,-11.727474],[-77.139663,-11.728095],[-77.139139,-11.72844],[-77.138452,-11.728969],[-77.137955,-11.729474],[-77.137319,-11.730297],[-77.136804,-11.731222],[-77.136495,-11.731969],[-77.136255,-11.732827],[-77.136161,-11.733449],[-77.136091,-11.734543],[-77.136075,-11.735608],[-77.136113,-11.736227],[-77.136272,-11.737197],[-77.136375,-11.737684],[-77.136581,-11.738348],[-77.137088,-11.739499],[-77.137946,-11.740827],[-77.138916,-11.74197],[-77.153277,-11.758176],[-77.156477,-11.761818],[-77.156955,-11.762397],[-77.157139,-11.76265],[-77.157369,-11.76299],[-77.157668,-11.7635],[-77.157934,-11.764051],[-77.158271,-11.764885],[-77.158449,-11.76546],[-77.158574,-11.76598],[-77.158793,-11.767524],[-77.159109,-11.770353],[-77.159326,-11.772531],[-77.159685,-11.775482],[-77.159764,-11.776741],[-77.159721,-11.777531],[-77.159653,-11.778018],[-77.159412,-11.779018],[-77.159161,-11.779643],[-77.158703,-11.780539],[-77.158193,-11.781337],[-77.15757,-11.782004],[-77.151102,-11.788326],[-77.143955,-11.795385],[-77.137783,-11.801426],[-77.137124,-11.8021],[-77.136779,-11.802502],[-77.1365,-11.802876],[-77.13437,-11.805965],[-77.129069,-11.813734],[-77.1287,-11.814322],[-77.128433,-11.814831],[-77.128013,-11.815756],[-77.125598,-11.821603],[-77.125375,-11.822048],[-77.125018,-11.822553],[-77.120116,-11.828102],[-77.119495,-11.828771],[-77.118121,-11.829925],[-77.117755,-11.830191],[-77.106934,-11.838846],[-77.105343,-11.840143],[-77.103504,-11.841581],[-77.100321,-11.844158],[-77.079106,-11.861116],[-77.074856,-11.864557],[-77.074407,-11.865009],[-77.073928,-11.865622],[-77.069943,-11.871595],[-77.069718,-11.871994],[-77.06954,-11.872411],[-77.069482,-11.872579],[-77.069336,-11.873208],[-77.069243,-11.874293],[-77.068275,-11.891473],[-77.067999,-11.897095],[-77.067712,-11.901523],[-77.067694,-11.90205],[-77.067719,-11.902496],[-77.067796,-11.903081],[-77.067874,-11.903341],[-77.06953,-11.906898],[-77.069971,-11.90763],[-77.071128,-11.90923],[-77.07135,-11.909688],[-77.072286,-11.911077],[-77.073176,-11.912279],[-77.073602,-11.913017],[-77.073796,-11.913485],[-77.073933,-11.914119],[-77.073953,-11.914417],[-77.073941,-11.915068],[-77.073611,-11.918279],[-77.073429,-11.920474],[-77.0727,-11.92805],[-77.072513,-11.930308],[-77.07225,-11.932748],[-77.071437,-11.941684],[-77.071109,-11.945127],[-77.070953,-11.946421],[-77.070297,-11.950692],[-77.070061,-11.952054],[-77.069011,-11.958736],[-77.068811,-11.960114],[-77.068732,-11.960952],[-77.068441,-11.963007],[-77.068285,-11.963986],[-77.067821,-11.96653],[-77.067468,-11.968729],[-77.064678,-11.986626],[-77.064501,-11.987845],[-77.064127,-11.991242],[-77.063993,-11.991991],[-77.063685,-11.993185],[-77.063519,-11.994046],[-77.062426,-12.00091],[-77.062448,-12.001328],[-77.062279,-12.002375],[-77.062283,-12.002474],[-77.062169,-12.003292],[-77.062175,-12.003965],[-77.0622,-12.004107],[-77.062297,-12.004266],[-77.06231,-12.004383],[-77.062265,-12.004534],[-77.062147,-12.004659],[-77.062107,-12.005281],[-77.061706,-12.007715],[-77.061588,-12.008294],[-77.061661,-12.00847],[-77.061661,-12.00861],[-77.061588,-12.008783],[-77.061483,-12.008883],[-77.061344,-12.008944],[-77.061192,-12.008954],[-77.061002,-12.008884],[-77.060904,-12.008793],[-77.060384,-12.008447],[-77.060095,-12.008349],[-77.056323,-12.007819],[-77.056557,-12.006378],[-77.056758,-12.00477],[-77.05677,-12.004721],[-77.056825,-12.004786],[-77.056908,-12.004805],[-77.056822,-12.004942],[-77.056585,-12.004889],[-77.056516,-12.005096],[-77.056473,-12.005137],[-77.056516,-12.005096],[-77.056298,-12.00511],[-77.055764,-12.00503],[-77.055617,-12.004832],[-77.055436,-12.004898],[-77.055208,-12.004871],[-77.055235,-12.004979],[-77.055131,-12.005052],[-77.054981,-12.004844],[-77.054593,-12.004807],[-77.054484,-12.004868],[-77.054444,-12.004913],[-77.053685,-12.008651],[-77.053412,-12.009774],[-77.051992,-12.01612],[-77.051713,-12.017275],[-77.05169,-12.017531],[-77.051429,-12.018753],[-77.050835,-12.02193],[-77.050677,-12.022561],[-77.050513,-12.022892],[-77.050344,-12.023119],[-77.050121,-12.023366],[-77.048186,-12.024988],[-77.046846,-12.026174],[-77.044603,-12.02827],[-77.044529,-12.028353],[-77.044466,-12.028516],[-77.043955,-12.03415],[-77.043765,-12.03683],[-77.04371,-12.03741],[-77.043655,-12.03756],[-77.043586,-12.038021],[-77.04339,-12.040167],[-77.043362,-12.04086],[-77.043043,-12.044149],[-77.043016,-12.044262],[-77.042822,-12.047096],[-77.04281,-12.047201],[-77.042731,-12.047459],[-77.042568,-12.049462],[-77.042541,-12.049944],[-77.042569,-12.050165],[-77.042504,-12.050693],[-77.042203,-12.054504],[-77.041766,-12.059488],[-77.041768,-12.05962],[-77.041808,-12.059757],[-77.04195,-12.059861],[-77.042078,-12.060068],[-77.042102,-12.060293],[-77.042063,-12.060445],[-77.041981,-12.06058],[-77.041848,-12.060696],[-77.041695,-12.060762],[-77.041516,-12.060779],[-77.04135,-12.060742],[-77.041225,-12.060678],[-77.041068,-12.060506],[-77.04101,-12.060362],[-77.040905,-12.060288],[-77.038031,-12.06006],[-77.037925,-12.060045],[-77.037928,-12.060009],[-77.037539,-12.059972],[-77.037829,-12.059992],[-77.036853,-12.059908],[-77.036408,-12.060018],[-77.036124,-12.059937],[-77.035998,-12.060452],[-77.035898,-12.06064],[-77.035666,-12.060941],[-77.035145,-12.061433],[-77.034987,-12.061611],[-77.034768,-12.062008],[-77.034162,-12.063685],[-77.033594,-12.065172],[-77.032216,-12.064982],[-77.032073,-12.064906],[-77.032105,-12.065132],[-77.031946,-12.06629],[-77.032273,-12.066329],[-77.032259,-12.066416]]}}]}