{"type":"FeatureCollection","features":[{"type":"Feature","properties":{"fuente":"OpenStreetMap 2026-10-02 (recorrido.py)","pasos":[{"accion":"inicio","via":"Avenida Los Álamos","m":90},{"accion":"sigue","via":"Avenida Panamericana Sur","m":3575},{"accion":"sigue","via":"Carretera Panamericana Sur","m":42181}],"sin_calle":0,"fuera":[0,6253907]},"geometry":{"type":"LineString","coordinates":[[-76.98416,-12.156519],[-76.98378,-12.156397],[-76.983392,-12.15764],[-76.983252,-12.157769],[-76.98304,-12.158032],[-76.979801,-12.168993],[-76.979216,-12.171063],[-76.978414,-12.173531],[-76.977107,-12.1777],[-76.975232,-12.183497],[-76.974162,-12.186896],[-76.973691,-12.18847],[-76.973085,-12.190286],[-76.972878,-12.191093],[-76.972926,-12.19127],[-76.972865,-12.191617],[-76.972753,-12.191781],[-76.972697,-12.192349],[-76.972672,-12.192878],[-76.972697,-12.193623],[-76.972765,-12.19427],[-76.977084,-12.21777],[-76.977101,-12.218161],[-76.977074,-12.218673],[-76.976992,-12.219189],[-76.976868,-12.219619],[-76.976687,-12.220073],[-76.976427,-12.220561],[-76.976079,-12.221056],[-76.975815,-12.221359],[-76.971728,-12.225569],[-76.969105,-12.22808],[-76.968565,-12.228748],[-76.967602,-12.229763],[-76.966929,-12.230366],[-76.966374,-12.230803],[-76.965993,-12.231058],[-76.965136,-12.231557],[-76.960833,-12.233764],[-76.94618,-12.241367],[-76.939631,-12.244789],[-76.935771,-12.246766],[-76.934993,-12.247203],[-76.934469,-12.24753],[-76.933916,-12.247919],[-76.927934,-12.252488],[-76.926877,-12.253195],[-76.921524,-12.25625],[-76.915658,-12.259949],[-76.912447,-12.262002],[-76.911632,-12.262484],[-76.905096,-12.266602],[-76.900043,-12.269746],[-76.894338,-12.273369],[-76.881535,-12.281361],[-76.861751,-12.293788],[-76.859696,-12.295103],[-76.858216,-12.295956],[-76.856967,-12.29657],[-76.8466,-12.301169],[-76.843482,-12.302579],[-76.842946,-12.302856],[-76.84187,-12.303494],[-76.840727,-12.304254],[-76.840299,-12.3046],[-76.839284,-12.305471],[-76.838799,-12.305946],[-76.838005,-12.306777],[-76.837094,-12.3079],[-76.836389,-12.308874],[-76.813266,-12.343539],[-76.812596,-12.344428],[-76.81215,-12.344897],[-76.793414,-12.362912],[-76.792555,-12.363712],[-76.789513,-12.366632],[-76.788346,-12.367795],[-76.784678,-12.37136],[-76.771046,-12.384553],[-76.763507,-12.391764],[-76.758079,-12.397024],[-76.757708,-12.39743],[-76.757364,-12.397899],[-76.757115,-12.398386],[-76.756896,-12.399008],[-76.756789,-12.399492],[-76.756746,-12.399831],[-76.756686,-12.408235],[-76.756626,-12.409459],[-76.756532,-12.410079],[-76.754901,-12.417171],[-76.75436,-12.419585],[-76.754249,-12.42018],[-76.754163,-12.420817],[-76.753517,-12.428315],[-76.753482,-12.429301],[-76.753517,-12.429923],[-76.753618,-12.430693],[-76.75373,-12.431216],[-76.754818,-12.434859],[-76.75684,-12.441843],[-76.756962,-12.442383],[-76.75703,-12.442864],[-76.75707,-12.443625],[-76.757063,-12.443999],[-76.756959,-12.444841],[-76.756832,-12.445426],[-76.756058,-12.44828],[-76.753246,-12.458501],[-76.752231,-12.46253],[-76.752018,-12.462472],[-76.751722,-12.463538],[-76.751398,-12.464797],[-76.751499,-12.465145],[-76.749423,-12.47279],[-76.741998,-12.499855],[-76.74164,-12.500929],[-76.741311,-12.501773],[-76.740834,-12.502802],[-76.740398,-12.503598],[-76.739812,-12.504569],[-76.734026,-12.512724],[-76.731369,-12.516412],[-76.73094,-12.516942],[-76.727384,-12.521088],[-76.726422,-12.522355],[-76.726042,-12.522921],[-76.725464,-12.523897],[-76.725154,-12.524503],[-76.722755,-12.529638],[-76.722204,-12.530881],[-76.721161,-12.533392],[-76.719311,-12.537282],[-76.710157,-12.557523],[-76.709563,-12.558746],[-76.709086,-12.559519],[-76.708673,-12.560062],[-76.708224,-12.560575],[-76.707388,-12.56135],[-76.705274,-12.563089],[-76.698134,-12.568777],[-76.694048,-12.572071],[-76.693134,-12.572754],[-76.692753,-12.573008],[-76.691776,-12.5736],[-76.69097,-12.574035],[-76.667442,-12.585834],[-76.666646,-12.586285],[-76.666083,-12.586676],[-76.665546,-12.587099],[-76.665212,-12.587409],[-76.664424,-12.588231],[-76.663879,-12.588958],[-76.663757,-12.58915],[-76.663227,-12.590152],[-76.662822,-12.591209],[-76.662649,-12.591865],[-76.662489,-12.592755],[-76.66243,-12.59343],[-76.66242,-12.59637],[-76.662454,-12.598178],[-76.662631,-12.599751],[-76.662857,-12.600859],[-76.663138,-12.601955],[-76.663419,-12.602816],[-76.664216,-12.604936],[-76.670156,-12.620127],[-76.670378,-12.620769],[-76.670599,-12.621647],[-76.670684,-12.622091],[-76.670754,-12.622766],[-76.670779,-12.623443],[-76.670697,-12.624571],[-76.670536,-12.62546],[-76.669725,-12.628288],[-76.669585,-12.628953],[-76.669521,-12.6294],[-76.669469,-12.630076],[-76.66946,-12.630755],[-76.669511,-12.631431],[-76.669652,-12.632324],[-76.669954,-12.633648],[-76.670051,-12.634547],[-76.670069,-12.635225],[-76.670053,-12.635677],[-76.669949,-12.636575],[-76.669756,-12.637459],[-76.663214,-12.656522],[-76.662821,-12.657584],[-76.662452,-12.658411],[-76.662037,-12.659218],[-76.661467,-12.660199],[-76.660581,-12.661519],[-76.652135,-12.672803],[-76.65177,-12.673378],[-76.651452,-12.673979],[-76.651262,-12.674391],[-76.650954,-12.675243],[-76.650722,-12.676118],[-76.649522,-12.682107],[-76.648831,-12.685429],[-76.648564,-12.686528],[-76.648131,-12.687816],[-76.647792,-12.688656],[-76.647108,-12.690088],[-76.646655,-12.690875],[-76.637001,-12.705728],[-76.636202,-12.706833],[-76.635172,-12.708048],[-76.634209,-12.709018],[-76.633173,-12.709912],[-76.622523,-12.718516],[-76.621654,-12.719255],[-76.620999,-12.719888],[-76.620075,-12.720894],[-76.61964,-12.72142],[-76.619091,-12.722145],[-76.618459,-12.723088],[-76.618002,-12.723872],[-76.617392,-12.725088],[-76.617124,-12.725713],[-76.61672,-12.726771],[-76.616456,-12.727637],[-76.615737,-12.73049],[-76.615274,-12.732473],[-76.614236,-12.736645],[-76.612784,-12.742347],[-76.612455,-12.74343],[-76.612237,-12.744073],[-76.611711,-12.745327],[-76.611095,-12.74654],[-76.610258,-12.747891],[-76.603505,-12.757311],[-76.602824,-12.758221],[-76.596687,-12.765546],[-76.587305,-12.776682],[-76.586704,-12.777366],[-76.585752,-12.778347],[-76.585075,-12.778957],[-76.583633,-12.780077],[-76.582481,-12.780821],[-76.582087,-12.781053],[-76.560586,-12.792757],[-76.559809,-12.793238],[-76.558324,-12.794302],[-76.5578,-12.794742],[-76.554903,-12.797318],[-76.550392,-12.801168],[-76.543325,-12.807291],[-76.542834,-12.807767],[-76.542404,-12.808296],[-76.542057,-12.808882],[-76.541891,-12.809303],[-76.54182,-12.809518],[-76.541668,-12.810179],[-76.541291,-12.812867],[-76.541164,-12.813533],[-76.540822,-12.814612],[-76.540648,-12.815031],[-76.540124,-12.816036],[-76.539882,-12.81642],[-76.539339,-12.817149],[-76.538605,-12.818018],[-76.525901,-12.832607],[-76.525338,-12.833321],[-76.524941,-12.833875],[-76.524331,-12.834833],[-76.523666,-12.83602],[-76.523198,-12.837053],[-76.522606,-12.838524],[-76.522239,-12.839353],[-76.521716,-12.840359],[-76.521268,-12.841149],[-76.520666,-12.842111],[-76.520015,-12.843042],[-76.519304,-12.843929],[-76.518714,-12.844622],[-76.516407,-12.84714],[-76.515543,-12.848197],[-76.514882,-12.849121],[-76.513966,-12.850688],[-76.513564,-12.851501],[-76.513123,-12.852545],[-76.512819,-12.853398],[-76.512446,-12.854704],[-76.511577,-12.857986],[-76.511251,-12.859304],[-76.511055,-12.860417],[-76.510949,-12.861315],[-76.5109,-12.862445],[-76.510907,-12.863575],[-76.511074,-12.866736],[-76.511252,-12.869443],[-76.511289,-12.870799],[-76.510915,-12.882777],[-76.51081,-12.883902],[-76.510643,-12.88502],[-76.510504,-12.885685],[-76.510227,-12.886782],[-76.509788,-12.888067],[-76.509358,-12.889115],[-76.502048,-12.9062],[-76.501802,-12.906834],[-76.501605,-12.907483],[-76.501429,-12.90837],[-76.501335,-12.90927],[-76.501327,-12.909948],[-76.50135,-12.910399],[-76.501503,-12.911747],[-76.50186,-12.914438],[-76.50201,-12.915786],[-76.502015,-12.916464],[-76.501985,-12.917142],[-76.501894,-12.917814],[-76.501644,-12.918916],[-76.499821,-12.924751],[-76.499556,-12.92585],[-76.49944,-12.926747],[-76.499383,-12.92765],[-76.49937,-12.929006],[-76.499204,-12.930807],[-76.498989,-12.932147],[-76.498728,-12.933248],[-76.498249,-12.934758],[-76.497917,-12.935601],[-76.496854,-12.937857],[-76.496496,-12.93869],[-76.496328,-12.939347],[-76.496259,-12.939794],[-76.496249,-12.940245],[-76.496276,-12.940696],[-76.496393,-12.941364],[-76.496624,-12.942002],[-76.497063,-12.942796],[-76.497487,-12.943329],[-76.497981,-12.9438],[-76.498352,-12.944067],[-76.499875,-12.945078],[-76.500403,-12.945513],[-76.500712,-12.945847],[-76.500972,-12.946218],[-76.50119,-12.946616],[-76.501456,-12.947241],[-76.501649,-12.947892],[-76.501742,-12.948563],[-76.501749,-12.949015],[-76.501649,-12.949914],[-76.498773,-12.967091],[-76.498641,-12.967757],[-76.49847,-12.968414],[-76.498177,-12.969271],[-76.495485,-12.975759],[-76.49205,-12.983902],[-76.48982,-12.98911],[-76.48694,-12.996011],[-76.48569,-12.998927],[-76.482287,-13.007083],[-76.479444,-13.013754],[-76.476906,-13.019816],[-76.475884,-13.02209],[-76.473784,-13.027107],[-76.473259,-13.028603],[-76.473014,-13.029474],[-76.472812,-13.030356],[-76.472686,-13.031023],[-76.47252,-13.03237],[-76.472473,-13.033047],[-76.472392,-13.037794],[-76.472339,-13.038923],[-76.472285,-13.039372],[-76.472123,-13.040262],[-76.471789,-13.041578],[-76.471316,-13.042852],[-76.470839,-13.043879],[-76.470384,-13.044665],[-76.46988,-13.045421],[-76.468955,-13.046715],[-76.464373,-13.052658],[-76.463202,-13.054051],[-76.462424,-13.054882],[-76.461099,-13.056135],[-76.459714,-13.057322],[-76.452149,-13.063568],[-76.451313,-13.064343],[-76.450382,-13.065343],[-76.449812,-13.066052],[-76.449139,-13.066967],[-76.448644,-13.067729],[-76.445635,-13.072806],[-76.443992,-13.075527],[-76.443351,-13.076465],[-76.442789,-13.077179],[-76.442398,-13.077738],[-76.441815,-13.078436],[-76.439393,-13.081156],[-76.434058,-13.087373],[-76.427314,-13.095081],[-76.425839,-13.096813],[-76.423574,-13.099368],[-76.416097,-13.107946],[-76.414874,-13.109296],[-76.413928,-13.110281],[-76.412761,-13.111369],[-76.41168,-13.11221],[-76.410726,-13.112839],[-76.409933,-13.113295],[-76.408713,-13.113924],[-76.400401,-13.11777],[-76.399381,-13.118288],[-76.398985,-13.118517],[-76.398057,-13.119182],[-76.397385,-13.119799],[-76.39677,-13.12047],[-76.396364,-13.121017],[-76.395882,-13.121787],[-76.394624,-13.124201],[-76.389868,-13.133487],[-76.388069,-13.136897],[-76.386737,-13.139528],[-76.384747,-13.14335],[-76.384477,-13.143974],[-76.384321,-13.144399],[-76.384016,-13.145489],[-76.383704,-13.14681],[-76.383485,-13.147453],[-76.383127,-13.148286],[-76.382803,-13.148884],[-76.382034,-13.150009],[-76.38095,-13.151469],[-76.380566,-13.152032],[-76.380012,-13.152753],[-76.37963,-13.153317],[-76.379223,-13.153865],[-76.378775,-13.154379],[-76.378436,-13.154683],[-76.377699,-13.155222],[-76.377535,-13.155379],[-76.377392,-13.155556],[-76.375691,-13.156711],[-76.375303,-13.156952],[-76.37478,-13.157393],[-76.374053,-13.157945],[-76.373672,-13.158198],[-76.373471,-13.158307],[-76.373046,-13.158477],[-76.372849,-13.15859],[-76.372489,-13.158872],[-76.37174,-13.159392],[-76.370971,-13.159888],[-76.370434,-13.160312],[-76.368718,-13.161444],[-76.367612,-13.162252],[-76.365656,-13.163825],[-76.364608,-13.164706],[-76.364064,-13.165122],[-76.360517,-13.167994],[-76.359261,-13.168981],[-76.358779,-13.169466],[-76.358477,-13.169806],[-76.35794,-13.170539],[-76.357713,-13.170931],[-76.356905,-13.172555],[-76.356625,-13.173416],[-76.356537,-13.173859],[-76.35642,-13.174983],[-76.35641,-13.175888],[-76.356438,-13.176565],[-76.356556,-13.177462],[-76.356647,-13.178589],[-76.356598,-13.179718],[-76.356475,-13.180842],[-76.356256,-13.181951],[-76.356009,-13.183055],[-76.355318,-13.18521],[-76.354614,-13.186632],[-76.354152,-13.187413],[-76.35335,-13.188515],[-76.353116,-13.188904],[-76.352975,-13.189082],[-76.352509,-13.189581],[-76.351783,-13.190456],[-76.35032,-13.191893],[-76.348936,-13.193404],[-76.347974,-13.194375],[-76.347627,-13.19467],[-76.346656,-13.195631],[-76.346234,-13.196167],[-76.346077,-13.196332],[-76.344637,-13.19779],[-76.343979,-13.198421],[-76.34303,-13.199405],[-76.342575,-13.199914],[-76.340962,-13.201522],[-76.340351,-13.202198],[-76.339835,-13.202646],[-76.339205,-13.203305],[-76.338873,-13.203616],[-76.338472,-13.204167],[-76.338307,-13.204324],[-76.337541,-13.205165],[-76.337245,-13.205511],[-76.336844,-13.206061],[-76.33594,-13.207084],[-76.335368,-13.207792],[-76.334892,-13.208282],[-76.333551,-13.20983],[-76.333018,-13.210565],[-76.332299,-13.211447],[-76.331245,-13.212642],[-76.330929,-13.21297],[-76.330515,-13.21351],[-76.329904,-13.214185],[-76.329208,-13.215084],[-76.328164,-13.216288],[-76.327318,-13.217357],[-76.326553,-13.2182],[-76.325854,-13.219096],[-76.325693,-13.219257],[-76.325334,-13.219536],[-76.325012,-13.219858],[-76.32441,-13.22054],[-76.323891,-13.220986],[-76.323347,-13.221402],[-76.321665,-13.222583],[-76.320706,-13.223204],[-76.32011,-13.223543],[-76.319489,-13.223838],[-76.318009,-13.224454],[-76.317598,-13.224656],[-76.316958,-13.224905],[-76.316518,-13.225031],[-76.315403,-13.225299],[-76.313828,-13.225606],[-76.312917,-13.225719],[-76.311772,-13.225808],[-76.311084,-13.22583],[-76.308331,-13.225738],[-76.305806,-13.22569],[-76.303741,-13.225601],[-76.303053,-13.225615],[-76.302366,-13.225662],[-76.30191,-13.225717],[-76.300352,-13.226104],[-76.299917,-13.226251],[-76.299285,-13.226518],[-76.29867,-13.226824],[-76.298089,-13.227188],[-76.29735,-13.227723],[-76.296417,-13.22872],[-76.295738,-13.229632],[-76.292501,-13.234299],[-76.291687,-13.235394],[-76.291175,-13.236144],[-76.290505,-13.237062],[-76.289897,-13.238021],[-76.289618,-13.238379],[-76.289114,-13.239135],[-76.287035,-13.242118],[-76.286548,-13.242884],[-76.286134,-13.243691],[-76.285734,-13.24475],[-76.27892,-13.266341],[-76.278372,-13.267828],[-76.277539,-13.269935],[-76.276504,-13.272204],[-76.275889,-13.273418],[-76.27491,-13.27521],[-76.273543,-13.277565],[-76.272992,-13.278557],[-76.272632,-13.279134],[-76.270615,-13.282686],[-76.270372,-13.28307],[-76.269843,-13.283809],[-76.26939,-13.28432],[-76.269055,-13.284629],[-76.26844,-13.2853],[-76.265575,-13.288233],[-76.264902,-13.288848],[-76.264311,-13.289539],[-76.263022,-13.290828],[-76.262718,-13.291166],[-76.262039,-13.291771],[-76.261619,-13.292308],[-76.261133,-13.292788],[-76.260207,-13.293793],[-76.259922,-13.294146],[-76.258967,-13.295692],[-76.258653,-13.296295],[-76.258378,-13.296916],[-76.257814,-13.298398],[-76.257287,-13.299651],[-76.256531,-13.301048],[-76.256234,-13.301659],[-76.256007,-13.302052],[-76.255232,-13.303173],[-76.254487,-13.304033],[-76.254103,-13.304595],[-76.252103,-13.307072],[-76.251012,-13.308527],[-76.250259,-13.309663],[-76.249266,-13.311447],[-76.248647,-13.312659],[-76.247992,-13.314104],[-76.247461,-13.315106],[-76.244907,-13.320168],[-76.243056,-13.324056],[-76.242838,-13.324454],[-76.242346,-13.325217],[-76.227286,-13.345182],[-76.226374,-13.346485],[-76.217063,-13.36048],[-76.211625,-13.369395],[-76.210827,-13.370769],[-76.197216,-13.396418],[-76.194461,-13.402138],[-76.194044,-13.402943],[-76.193028,-13.40522],[-76.192764,-13.406086],[-76.19232,-13.408073],[-76.191765,-13.410961],[-76.191054,-13.414279],[-76.190671,-13.415581],[-76.190197,-13.41661],[-76.188964,-13.418517],[-76.186417,-13.42228],[-76.185811,-13.42324],[-76.185286,-13.424245],[-76.185034,-13.424876],[-76.184695,-13.425956],[-76.183824,-13.42853],[-76.183552,-13.429394],[-76.182884,-13.431319],[-76.18226,-13.433259],[-76.182014,-13.433892],[-76.18183,-13.434545],[-76.181605,-13.435186],[-76.181343,-13.436053],[-76.181003,-13.437367],[-76.180773,-13.438933],[-76.180448,-13.44231],[-76.180402,-13.442986],[-76.180109,-13.445911],[-76.179949,-13.44794],[-76.179427,-13.453569],[-76.179337,-13.454241],[-76.179026,-13.457619],[-76.178936,-13.459199],[-76.178947,-13.459877],[-76.179075,-13.461227],[-76.179272,-13.462341],[-76.179575,-13.463431],[-76.181894,-13.469577],[-76.182429,-13.471069],[-76.183625,-13.47425],[-76.183943,-13.475336],[-76.184106,-13.475995],[-76.184324,-13.477334],[-76.184391,-13.478009],[-76.184732,-13.487046],[-76.185389,-13.503312],[-76.185419,-13.504669],[-76.185382,-13.505572],[-76.185253,-13.506923],[-76.183447,-13.519458],[-76.183205,-13.521251],[-76.183138,-13.521926],[-76.18309,-13.523508],[-76.18307,-13.540013],[-76.182987,-13.541367],[-76.182918,-13.542041],[-76.181472,-13.549596],[-76.18092,-13.552714],[-76.180837,-13.553841],[-76.180501,-13.561069],[-76.180382,-13.562193],[-76.180271,-13.562862],[-76.180082,-13.563747],[-76.179693,-13.565049],[-76.179305,-13.566112],[-76.17852,-13.567748],[-76.17636,-13.571992],[-76.175796,-13.572977],[-76.17456,-13.574882],[-76.168399,-13.584152],[-76.167947,-13.584938],[-76.167449,-13.585957],[-76.166848,-13.587425],[-76.166705,-13.587854],[-76.166349,-13.589164],[-76.166047,-13.590948],[-76.165962,-13.591849],[-76.165945,-13.592978],[-76.16653,-13.60223],[-76.166556,-13.602908],[-76.166621,-13.603583],[-76.166707,-13.604937],[-76.166778,-13.605612],[-76.166907,-13.606507],[-76.167107,-13.60762],[-76.167438,-13.608936],[-76.167839,-13.610234],[-76.171012,-13.619678],[-76.171983,-13.622696],[-76.172451,-13.624677],[-76.172679,-13.626244],[-76.172782,-13.627597],[-76.172847,-13.629404],[-76.173027,-13.632791],[-76.173069,-13.634373],[-76.173294,-13.638889],[-76.173539,-13.645668],[-76.173578,-13.646345],[-76.173592,-13.647249],[-76.173872,-13.653347],[-76.173909,-13.654929],[-76.174039,-13.658318],[-76.173992,-13.659448],[-76.173743,-13.661011],[-76.173686,-13.66123],[-76.173565,-13.661666],[-76.173208,-13.66274],[-76.17287,-13.663581],[-76.172366,-13.664597],[-76.172016,-13.66518],[-76.171502,-13.665929],[-76.170686,-13.667022],[-76.170188,-13.667782],[-76.16979,-13.668336],[-76.16923,-13.669052],[-76.16765,-13.671275],[-76.167274,-13.671843],[-76.165792,-13.673857],[-76.165545,-13.674238],[-76.164888,-13.67543],[-76.164653,-13.676067],[-76.164389,-13.676694],[-76.163991,-13.677992],[-76.163754,-13.679098],[-76.163652,-13.679997],[-76.163608,-13.681126],[-76.163609,-13.682709],[-76.163651,-13.684065],[-76.163738,-13.692656],[-76.16379,-13.693558],[-76.164056,-13.695119],[-76.16424,-13.695772],[-76.164922,-13.697931],[-76.165211,-13.699025],[-76.165455,-13.700589],[-76.165521,-13.701491],[-76.165527,-13.702395],[-76.16539,-13.70782],[-76.165385,-13.70895],[-76.165341,-13.71008],[-76.165321,-13.712341],[-76.165272,-13.713244],[-76.165249,-13.714374],[-76.165121,-13.717763],[-76.165139,-13.719346],[-76.165205,-13.720021],[-76.165363,-13.720911],[-76.166389,-13.724853],[-76.166651,-13.726184],[-76.16686,-13.727525],[-76.166991,-13.728648],[-76.167088,-13.730228],[-76.167042,-13.732262],[-76.166929,-13.733614],[-76.166655,-13.735402],[-76.165964,-13.738725],[-76.165736,-13.740062],[-76.165707,-13.740286],[-76.165661,-13.741416],[-76.165699,-13.742545],[-76.165836,-13.743895],[-76.165942,-13.744565],[-76.166176,-13.745439],[-76.166866,-13.747595],[-76.167203,-13.748911],[-76.16742,-13.750479],[-76.167457,-13.750929],[-76.167444,-13.752285],[-76.167391,-13.752961],[-76.167247,-13.754082],[-76.167018,-13.75519],[-76.16665,-13.75673],[-76.166428,-13.75784],[-76.1663,-13.75919],[-76.166281,-13.760546],[-76.166363,-13.761447],[-76.166493,-13.762342],[-76.166727,-13.763448],[-76.168462,-13.770012],[-76.16912,-13.772414],[-76.169568,-13.774168],[-76.169759,-13.775052],[-76.16983,-13.775499],[-76.169867,-13.776629],[-76.16986,-13.777081],[-76.169735,-13.777747],[-76.169621,-13.778185],[-76.169332,-13.779044],[-76.168947,-13.779864],[-76.168835,-13.780061],[-76.166423,-13.784172],[-76.163511,-13.789044],[-76.162788,-13.790198],[-76.160028,-13.794894],[-76.146877,-13.816918],[-76.145381,-13.819461],[-76.14455,-13.820815],[-76.144001,-13.821808],[-76.143813,-13.82222],[-76.143481,-13.823064],[-76.141925,-13.827558],[-76.141514,-13.828613],[-76.141056,-13.829892],[-76.140498,-13.831615],[-76.139946,-13.833102],[-76.138774,-13.83653],[-76.138601,-13.836949],[-76.13818,-13.83824],[-76.137855,-13.839086],[-76.137579,-13.839949],[-76.136772,-13.842305],[-76.133287,-13.852123],[-76.132273,-13.854887],[-76.128772,-13.864939],[-76.127228,-13.869437],[-76.126379,-13.871779],[-76.125253,-13.874984],[-76.124998,-13.875614],[-76.124461,-13.876613],[-76.123955,-13.877367],[-76.12339,-13.87808],[-76.12308,-13.878414],[-76.1224,-13.879021],[-76.121676,-13.879577],[-76.120899,-13.880058],[-76.119022,-13.880909],[-76.115003,-13.882578],[-76.105971,-13.886504],[-76.102379,-13.888009],[-76.098603,-13.889662],[-76.094163,-13.891512],[-76.087861,-13.894249],[-76.083851,-13.89594],[-76.08217,-13.896671],[-76.076679,-13.898975],[-76.073528,-13.900344],[-76.072282,-13.900922],[-76.070809,-13.901555],[-76.063824,-13.904445],[-76.063392,-13.904599],[-76.062505,-13.904833],[-76.06228,-13.904875],[-76.061372,-13.905013],[-76.060914,-13.905042],[-76.057701,-13.905133],[-76.051044,-13.905258],[-76.048519,-13.905284],[-76.038419,-13.905518],[-76.036584,-13.905583],[-76.036126,-13.905621],[-76.034995,-13.905816],[-76.033426,-13.906157],[-76.024258,-13.908258],[-76.020219,-13.909122],[-76.01776,-13.909689],[-76.016656,-13.909997],[-76.016017,-13.910249],[-76.015404,-13.910558],[-76.014824,-13.910924],[-76.014458,-13.911197],[-76.013767,-13.911792],[-76.007133,-13.918368],[-76.00612,-13.919287],[-76.005561,-13.919683],[-76.004977,-13.920043],[-76.004368,-13.920359],[-76.003739,-13.920635],[-76.002423,-13.921036],[-75.985989,-13.92528],[-75.981318,-13.926457],[-75.97888,-13.927108],[-75.969767,-13.929429],[-75.96887,-13.929623],[-75.967957,-13.92972],[-75.955564,-13.930074],[-75.92917,-13.930767],[-75.928253,-13.930811],[-75.924361,-13.931093],[-75.922297,-13.931199],[-75.918175,-13.931496],[-75.916804,-13.93162],[-75.909473,-13.932107],[-75.906491,-13.932211],[-75.901915,-13.932592],[-75.899633,-13.932844],[-75.893677,-13.933236],[-75.887036,-13.933704],[-75.883827,-13.933887],[-75.874665,-13.934513],[-75.857025,-13.935658],[-75.854277,-13.935856],[-75.845112,-13.93643],[-75.829996,-13.937473],[-75.819913,-13.938095],[-75.819229,-13.938171],[-75.818334,-13.938372],[-75.817463,-13.938658],[-75.816627,-13.939032],[-75.816225,-13.939251],[-75.814492,-13.940358],[-75.809435,-13.943483],[-75.808479,-13.944109],[-75.800113,-13.94927],[-75.792556,-13.954001],[-75.789238,-13.956025],[-75.788475,-13.956528],[-75.787362,-13.957327],[-75.786512,-13.958087],[-75.786025,-13.958567],[-75.785117,-13.959586],[-75.784194,-13.960881],[-75.783741,-13.961668],[-75.782704,-13.963685],[-75.780613,-13.967963],[-75.778223,-13.9726],[-75.777999,-13.972995],[-75.775958,-13.977045],[-75.775372,-13.978273],[-75.774854,-13.979281],[-75.774434,-13.980334],[-75.774221,-13.980978],[-75.773923,-13.98207],[-75.773046,-13.984879],[-75.772222,-13.987704],[-75.771781,-13.988989],[-75.768294,-14.00047],[-75.765902,-14.00826],[-75.764742,-14.01193],[-75.763632,-14.015615],[-75.762561,-14.019075],[-75.762208,-14.020151],[-75.760618,-14.025346],[-75.760106,-14.026605],[-75.752092,-14.041614],[-75.751149,-14.043424],[-75.749325,-14.046822],[-75.749027,-14.047434],[-75.748568,-14.048217],[-75.747489,-14.050212],[-75.746936,-14.051452],[-75.746674,-14.05182],[-75.744793,-14.054661],[-75.744066,-14.055814],[-75.742556,-14.058608],[-75.742374,-14.059023],[-75.742071,-14.059876],[-75.740683,-14.064659],[-75.740393,-14.065753],[-75.740305,-14.066196],[-75.740313,-14.066416],[-75.740247,-14.066631],[-75.740124,-14.066819],[-75.739955,-14.067239],[-75.739322,-14.069412],[-75.738956,-14.070484],[-75.738768,-14.071136],[-75.738723,-14.071357],[-75.738715,-14.071582],[-75.738798,-14.072023],[-75.738755,-14.072243],[-75.738558,-14.072646],[-75.738521,-14.072868],[-75.738581,-14.075355],[-75.73859,-14.076711],[-75.738571,-14.077163],[-75.738476,-14.077834],[-75.738362,-14.078272],[-75.7381,-14.078898],[-75.737757,-14.079486],[-75.737309,-14.080001],[-75.736986,-14.080322],[-75.735399,-14.081625],[-75.73414,-14.082609],[-75.732376,-14.084056],[-75.730061,-14.085911],[-75.729489,-14.086288],[-75.729083,-14.086499],[-75.724194,-14.088464],[-75.721055,-14.089859],[-75.720622,-14.090009],[-75.720179,-14.090128],[-75.719729,-14.090216],[-75.719044,-14.090293],[-75.718819,-14.090333],[-75.718602,-14.090405],[-75.718399,-14.090511],[-75.718067,-14.090823],[-75.717822,-14.09119],[-75.717765,-14.091409],[-75.716658,-14.097415],[-75.71656,-14.098086],[-75.716521,-14.09899],[-75.716555,-14.099667],[-75.716704,-14.100788],[-75.716965,-14.101889],[-75.71738,-14.103418],[-75.718109,-14.106268],[-75.718213,-14.106937],[-75.718228,-14.107389],[-75.71809,-14.108966],[-75.716287,-14.125602],[-75.716251,-14.126732],[-75.716302,-14.127408],[-75.716423,-14.128304],[-75.717525,-14.135229],[-75.717566,-14.135679],[-75.717569,-14.136131],[-75.717426,-14.137707],[-75.717223,-14.139277],[-75.717122,-14.139718],[-75.716347,-14.142556],[-75.715028,-14.148289],[-75.714311,-14.152297],[-75.713882,-14.154056],[-75.712519,-14.162084],[-75.71238,-14.162748],[-75.712047,-14.164064],[-75.711629,-14.166057],[-75.711565,-14.166731],[-75.711584,-14.166956],[-75.711633,-14.167177],[-75.711699,-14.167392],[-75.711797,-14.167596],[-75.711934,-14.167777],[-75.712098,-14.167932],[-75.712648,-14.168341],[-75.712983,-14.168649],[-75.713346,-14.169224],[-75.713516,-14.169643],[-75.713707,-14.170294],[-75.714111,-14.171352],[-75.714306,-14.171761],[-75.715161,-14.173362],[-75.715457,-14.173974],[-75.715819,-14.175047],[-75.71602,-14.175929],[-75.716043,-14.176379],[-75.716,-14.176828],[-75.715885,-14.177265],[-75.715598,-14.178125],[-75.71556,-14.178346],[-75.71553,-14.178797],[-75.715523,-14.179701],[-75.715459,-14.180376],[-75.714569,-14.18435],[-75.714491,-14.184795],[-75.714313,-14.186596],[-75.714293,-14.187047],[-75.714408,-14.189531],[-75.71441,-14.19021],[-75.714289,-14.190876],[-75.713893,-14.192175],[-75.713834,-14.192622],[-75.713906,-14.193067],[-75.714502,-14.195251],[-75.714653,-14.195677],[-75.715039,-14.196498],[-75.715212,-14.196917],[-75.715267,-14.197136],[-75.715308,-14.197359],[-75.715497,-14.199839],[-75.715483,-14.20029],[-75.715409,-14.200736],[-75.7147,-14.203823],[-75.71351,-14.208657],[-75.713293,-14.2093],[-75.713011,-14.209919],[-75.712666,-14.210505],[-75.712273,-14.211062],[-75.710146,-14.21373],[-75.709892,-14.214107],[-75.709673,-14.214504],[-75.708708,-14.216801],[-75.708468,-14.217187],[-75.706814,-14.219633],[-75.706578,-14.220021],[-75.706473,-14.220221],[-75.706059,-14.221275],[-75.70357,-14.226368],[-75.702329,-14.228534],[-75.701859,-14.229311],[-75.701569,-14.229659],[-75.6991,-14.232023],[-75.696985,-14.234097],[-75.695896,-14.235262],[-75.694692,-14.236627],[-75.694433,-14.237001],[-75.694235,-14.237408],[-75.692782,-14.240975],[-75.69254,-14.24161],[-75.692272,-14.242475],[-75.691728,-14.244903],[-75.691664,-14.24512],[-75.690759,-14.247197],[-75.689799,-14.249251],[-75.689547,-14.249882],[-75.689403,-14.250312],[-75.688274,-14.255622],[-75.687446,-14.258446],[-75.686688,-14.260818],[-75.68562,-14.264279],[-75.68544,-14.264934],[-75.68532,-14.265602],[-75.685048,-14.268528],[-75.685007,-14.268751],[-75.684951,-14.26897],[-75.68486,-14.269176],[-75.684194,-14.270363],[-75.684007,-14.270776],[-75.683949,-14.270994],[-75.683906,-14.271444],[-75.683909,-14.272348],[-75.683846,-14.273023],[-75.683554,-14.275266],[-75.683438,-14.275934],[-75.68238,-14.279867],[-75.681403,-14.284517],[-75.681049,-14.286061],[-75.680803,-14.286693],[-75.679043,-14.289868],[-75.67885,-14.290279],[-75.678787,-14.290496],[-75.678747,-14.290719],[-75.678755,-14.29117],[-75.678781,-14.291394],[-75.678994,-14.292505],[-75.679009,-14.29273],[-75.67901,-14.293182],[-75.678944,-14.294764],[-75.678819,-14.296114],[-75.678352,-14.299246],[-75.677967,-14.301475],[-75.677906,-14.301923],[-75.677841,-14.303052],[-75.677869,-14.305086],[-75.67784,-14.306216],[-75.677618,-14.30892],[-75.677487,-14.309815],[-75.677232,-14.310444],[-75.675883,-14.313065],[-75.673536,-14.317975],[-75.672967,-14.31921],[-75.670899,-14.323995],[-75.670609,-14.32461],[-75.67018,-14.32541],[-75.669453,-14.326562],[-75.669186,-14.32693],[-75.668615,-14.327638],[-75.665749,-14.330876],[-75.664354,-14.332378],[-75.655732,-14.340509],[-75.654752,-14.341463],[-75.642283,-14.353157],[-75.629514,-14.365197],[-75.629074,-14.36572],[-75.614304,-14.384195],[-75.613997,-14.384531],[-75.613653,-14.384829],[-75.61308,-14.385205],[-75.612259,-14.38561],[-75.609766,-14.386764],[-75.608922,-14.387121],[-75.608492,-14.387278],[-75.607385,-14.387576],[-75.604229,-14.388177],[-75.603781,-14.388279],[-75.603346,-14.388421],[-75.602935,-14.388621],[-75.602224,-14.389193],[-75.601391,-14.38997],[-75.59779,-14.393458],[-75.597426,-14.393735],[-75.597029,-14.39396],[-75.59659,-14.394089],[-75.596138,-14.394162],[-75.59545,-14.394146],[-75.595226,-14.394096],[-75.594383,-14.39374],[-75.592814,-14.392801],[-75.592605,-14.392708],[-75.592167,-14.392573],[-75.591714,-14.392504],[-75.591256,-14.392517],[-75.590807,-14.392607],[-75.587963,-14.393497],[-75.587533,-14.393657],[-75.560817,-14.406246],[-75.483648,-14.441222],[-75.477592,-14.443946],[-75.470305,-14.447282],[-75.467722,-14.448227],[-75.409988,-14.463166],[-75.338241,-14.481641],[-75.309122,-14.489055],[-75.30072,-14.491371],[-75.300285,-14.491515],[-75.299873,-14.491715],[-75.293897,-14.495088],[-75.293486,-14.495289],[-75.293048,-14.49542],[-75.292364,-14.495493],[-75.286626,-14.495628],[-75.285938,-14.495593],[-75.276586,-14.494536],[-75.275669,-14.494492],[-75.275213,-14.494539],[-75.274763,-14.494627],[-75.273889,-14.494904],[-75.272189,-14.495588],[-75.270925,-14.496129],[-75.262036,-14.499809],[-75.261621,-14.500003],[-75.261221,-14.500223],[-75.260664,-14.500622],[-75.257701,-14.503123],[-75.257511,-14.50325],[-75.257091,-14.503432],[-75.25665,-14.503556],[-75.256425,-14.503596],[-75.256196,-14.503609],[-75.255739,-14.503575],[-75.255294,-14.503467],[-75.255078,-14.503392],[-75.254666,-14.503192],[-75.254289,-14.502936],[-75.248222,-14.497747],[-75.247904,-14.497421],[-75.245939,-14.495209],[-75.245433,-14.494748],[-75.245253,-14.494609],[-75.244682,-14.49423],[-75.24448,-14.494123],[-75.238466,-14.491309],[-75.237827,-14.491058],[-75.23716,-14.490889],[-75.236481,-14.490778],[-75.235106,-14.490696],[-75.234418,-14.49071],[-75.233047,-14.490845],[-75.232589,-14.490833],[-75.232136,-14.490759],[-75.231485,-14.49054],[-75.231079,-14.490331],[-75.230702,-14.490074],[-75.230208,-14.489603],[-75.229908,-14.48926],[-75.228966,-14.487978],[-75.228534,-14.48745],[-75.227864,-14.486832],[-75.225959,-14.485199],[-75.225658,-14.484858],[-75.225426,-14.484468],[-75.225333,-14.484262],[-75.225257,-14.484049],[-75.225153,-14.483609],[-75.22513,-14.483384],[-75.225107,-14.48135],[-75.225013,-14.480908],[-75.224602,-14.479853],[-75.224497,-14.479653],[-75.224343,-14.479488],[-75.224154,-14.479361],[-75.223935,-14.479298],[-75.223707,-14.4793],[-75.223488,-14.479365],[-75.223302,-14.479494],[-75.223152,-14.479661],[-75.223055,-14.479862],[-75.223025,-14.480085],[-75.223048,-14.48031],[-75.223131,-14.48052],[-75.223489,-14.481099],[-75.223592,-14.4813],[-75.223661,-14.481515],[-75.223712,-14.481964],[-75.223757,-14.483998],[-75.223796,-14.484448],[-75.223843,-14.484669],[-75.224204,-14.485741],[-75.224176,-14.485962],[-75.224032,-14.486132],[-75.223838,-14.48624],[-75.223612,-14.48624],[-75.223413,-14.486134],[-75.223297,-14.485945],[-75.223235,-14.485728],[-75.22312,-14.48483],[-75.22308,-14.484609],[-75.222994,-14.4844],[-75.222866,-14.484213],[-75.222702,-14.484058],[-75.222502,-14.483951],[-75.222059,-14.483837],[-75.22183,-14.483821],[-75.219765,-14.483877],[-75.219536,-14.483866],[-75.21909,-14.483766],[-75.218257,-14.483385],[-75.218042,-14.483312],[-75.217815,-14.48328],[-75.217587,-14.483292],[-75.217365,-14.483347],[-75.217153,-14.483432],[-75.216968,-14.483565],[-75.216821,-14.483739],[-75.216703,-14.483933],[-75.216629,-14.484146],[-75.216598,-14.484369],[-75.216613,-14.484592],[-75.216674,-14.484809],[-75.216784,-14.485005],[-75.216931,-14.485179],[-75.217107,-14.485323],[-75.217313,-14.485419],[-75.217531,-14.485488],[-75.217757,-14.485514],[-75.217985,-14.485491],[-75.21888,-14.485291],[-75.219108,-14.485301],[-75.219326,-14.485368],[-75.219515,-14.485496],[-75.219663,-14.485666],[-75.219753,-14.485874],[-75.21979,-14.486094],[-75.219766,-14.486318],[-75.219678,-14.486524],[-75.219536,-14.4867],[-75.219351,-14.48683],[-75.214632,-14.489165],[-75.214433,-14.489276],[-75.214254,-14.489416],[-75.214096,-14.48958],[-75.213966,-14.489766],[-75.213861,-14.489967],[-75.213494,-14.491038],[-75.213442,-14.491257],[-75.213422,-14.491483],[-75.213474,-14.491929],[-75.21391,-14.492974],[-75.213972,-14.493191],[-75.213998,-14.493415],[-75.213983,-14.493641],[-75.213919,-14.493857],[-75.213824,-14.494062],[-75.213669,-14.494228],[-75.213482,-14.494359],[-75.213272,-14.494449],[-75.213052,-14.494514],[-75.212824,-14.49454],[-75.211907,-14.494505],[-75.211228,-14.494609],[-75.21102,-14.494703],[-75.210825,-14.494824],[-75.21065,-14.49497],[-75.210523,-14.495158],[-75.210409,-14.495354],[-75.21031,-14.495795],[-75.210354,-14.496244],[-75.210423,-14.496459],[-75.213609,-14.505422],[-75.214364,-14.508031],[-75.215129,-14.509676],[-75.215437,-14.510527],[-75.215565,-14.510961],[-75.215696,-14.511627],[-75.215728,-14.512078],[-75.215501,-14.515688],[-75.215438,-14.516136],[-75.215382,-14.516355],[-75.215312,-14.516569],[-75.215117,-14.516978],[-75.214851,-14.517345],[-75.214532,-14.517671],[-75.213968,-14.518057],[-75.213549,-14.518242],[-75.210256,-14.519233],[-75.204751,-14.520834],[-75.2043,-14.520916],[-75.204071,-14.520929],[-75.20362,-14.520847],[-75.202508,-14.520567],[-75.202282,-14.520532],[-75.202066,-14.520591],[-75.201914,-14.520754],[-75.201906,-14.520976],[-75.201996,-14.521182],[-75.202252,-14.521557],[-75.202352,-14.521998],[-75.202526,-14.523115],[-75.202605,-14.523326],[-75.202893,-14.523676],[-75.203006,-14.523871],[-75.203207,-14.52452],[-75.203334,-14.524707],[-75.203839,-14.525168],[-75.204144,-14.525504],[-75.20428,-14.525686],[-75.204368,-14.525894],[-75.20449,-14.526329],[-75.204586,-14.526533],[-75.204822,-14.526921],[-75.205361,-14.527653],[-75.206196,-14.528429],[-75.206344,-14.528598],[-75.206351,-14.528816],[-75.206134,-14.528859],[-75.205485,-14.528637],[-75.205259,-14.528597],[-75.204804,-14.528561],[-75.204439,-14.52829],[-75.204229,-14.528202],[-75.203772,-14.528191],[-75.203569,-14.528088],[-75.203356,-14.52802],[-75.203141,-14.528083],[-75.202658,-14.528563],[-75.202445,-14.52863],[-75.202244,-14.528542],[-75.202065,-14.528129],[-75.201925,-14.527964],[-75.201705,-14.52791],[-75.201478,-14.527925],[-75.201287,-14.52804],[-75.201221,-14.528256],[-75.201267,-14.528476],[-75.201358,-14.528682],[-75.201479,-14.528873],[-75.202073,-14.529562],[-75.202183,-14.529758],[-75.202253,-14.529973],[-75.202273,-14.530198],[-75.202249,-14.530418],[-75.202094,-14.530573],[-75.201868,-14.530595],[-75.196716,-14.529454],[-75.195882,-14.529086],[-75.195659,-14.529032],[-75.195205,-14.528969],[-75.194987,-14.528898],[-75.194786,-14.528789],[-75.194227,-14.528395],[-75.194007,-14.528331],[-75.193791,-14.528401],[-75.19345,-14.5287],[-75.190117,-14.532132],[-75.182229,-14.540345],[-75.182078,-14.540514],[-75.181954,-14.540705],[-75.181877,-14.540917],[-75.181841,-14.54114],[-75.18188,-14.541362],[-75.18198,-14.541565],[-75.182117,-14.541745],[-75.182281,-14.541903],[-75.192569,-14.550581],[-75.201361,-14.557124],[-75.20205,-14.557722],[-75.205177,-14.561033],[-75.207651,-14.563708],[-75.208156,-14.564461],[-75.208569,-14.565269],[-75.208987,-14.566561],[-75.209032,-14.566783],[-75.209076,-14.567232],[-75.208991,-14.568359],[-75.207954,-14.57939],[-75.207837,-14.580058],[-75.207761,-14.580271],[-75.207656,-14.580472],[-75.207527,-14.580658],[-75.200226,-14.587856],[-75.199929,-14.5882],[-75.199697,-14.588589],[-75.199561,-14.58902],[-75.194222,-14.611242],[-75.193886,-14.612558],[-75.193693,-14.613209],[-75.185548,-14.636033],[-75.184881,-14.637958],[-75.184622,-14.638586],[-75.184403,-14.638983],[-75.183613,-14.640093],[-75.183268,-14.64068],[-75.182003,-14.64359],[-75.181763,-14.643975],[-75.181358,-14.644523],[-75.180081,-14.646123],[-75.179928,-14.64629],[-75.179025,-14.646987],[-75.178648,-14.647245],[-75.178312,-14.647552],[-75.178028,-14.647908],[-75.177104,-14.649202],[-75.176895,-14.649604],[-75.17682,-14.649817],[-75.17625,-14.65224],[-75.176141,-14.652439],[-75.176005,-14.652621],[-75.173227,-14.655633],[-75.172882,-14.655931],[-75.169602,-14.658015],[-75.169241,-14.658292],[-75.169095,-14.658467],[-75.168978,-14.658661],[-75.168886,-14.658867],[-75.16788,-14.663047],[-75.167815,-14.663263],[-75.167706,-14.663462],[-75.167572,-14.663644],[-75.167082,-14.664119],[-75.165509,-14.665439],[-75.161002,-14.669294],[-75.159455,-14.670642],[-75.15858,-14.671375],[-75.158251,-14.671689],[-75.157806,-14.672206],[-75.157016,-14.673317],[-75.156721,-14.673663],[-75.156099,-14.674328],[-75.155969,-14.674514],[-75.155847,-14.674706],[-75.15565,-14.675114],[-75.154923,-14.676775],[-75.154806,-14.67697],[-75.154633,-14.677115],[-75.154413,-14.677175],[-75.153958,-14.677232],[-75.1526,-14.67746],[-75.15238,-14.677522],[-75.152169,-14.677611],[-75.151776,-14.677844],[-75.151359,-14.678031],[-75.150919,-14.678161],[-75.150242,-14.678284],[-75.149784,-14.678274],[-75.149328,-14.67832],[-75.148875,-14.678393],[-75.148646,-14.678394],[-75.148421,-14.678357],[-75.147982,-14.678225],[-75.147757,-14.678184],[-75.147301,-14.678132],[-75.146843,-14.678129],[-75.142949,-14.678389],[-75.142498,-14.678473],[-75.142068,-14.678626],[-75.137784,-14.681263],[-75.133973,-14.683784],[-75.133601,-14.68405],[-75.133423,-14.684191],[-75.132925,-14.68466],[-75.12947,-14.688289],[-75.129119,-14.688578],[-75.12892,-14.688689],[-75.128705,-14.688766],[-75.128479,-14.6888],[-75.128251,-14.688792],[-75.128028,-14.688741],[-75.126301,-14.688126],[-75.125235,-14.687707],[-75.122223,-14.686602],[-75.122,-14.68655],[-75.121771,-14.686532],[-75.121316,-14.686585],[-75.121099,-14.68666],[-75.120895,-14.686763],[-75.120709,-14.686895],[-75.120536,-14.687043],[-75.119399,-14.688161],[-75.117325,-14.690274],[-75.10632,-14.70118],[-75.098633,-14.708957],[-75.093795,-14.713785],[-75.091183,-14.716328],[-75.077308,-14.730162],[-75.075521,-14.731919],[-75.064571,-14.742879],[-75.063317,-14.7442],[-75.025227,-14.785573],[-75.024402,-14.786358],[-75.024044,-14.786642],[-75.012727,-14.794766],[-75.009583,-14.797045],[-74.999543,-14.804207],[-74.997699,-14.805554],[-74.985633,-14.814203],[-74.985049,-14.814561],[-74.984647,-14.81478],[-74.983806,-14.815141],[-74.963341,-14.822571],[-74.962032,-14.822992],[-74.958503,-14.823995],[-74.958092,-14.824196],[-74.9579,-14.824319],[-74.957537,-14.824596],[-74.956855,-14.825202],[-74.956498,-14.825486],[-74.956103,-14.825714],[-74.955677,-14.82588],[-74.955232,-14.825992],[-74.954556,-14.82612],[-74.954347,-14.826198],[-74.94692,-14.82767],[-74.944665,-14.828098],[-74.944446,-14.828163],[-74.944241,-14.82826],[-74.943746,-14.828723],[-74.943529,-14.828695],[-74.943394,-14.828529],[-74.943191,-14.828435],[-74.942961,-14.828434],[-74.942508,-14.828502],[-74.94249,-14.828329],[-74.942535,-14.828108],[-74.942626,-14.827939],[-74.943526,-14.828119],[-74.943731,-14.828197],[-74.94388,-14.828366],[-74.943899,-14.828581],[-74.943779,-14.829017],[-74.943386,-14.831244],[-74.942524,-14.835685],[-74.942239,-14.840651],[-74.942242,-14.841102],[-74.942178,-14.841318],[-74.941952,-14.841711],[-74.941797,-14.841876],[-74.941613,-14.84201],[-74.941406,-14.842104],[-74.940958,-14.8422],[-74.938433,-14.84221],[-74.937745,-14.842182],[-74.937518,-14.842151],[-74.937297,-14.842097],[-74.936883,-14.841904],[-74.935329,-14.84094],[-74.935124,-14.840838],[-74.934906,-14.840774],[-74.934453,-14.840701],[-74.931013,-14.840533],[-74.930562,-14.840457],[-74.930346,-14.840382],[-74.92994,-14.840171],[-74.929757,-14.840037],[-74.92959,-14.839882],[-74.927165,-14.837165],[-74.926298,-14.836426],[-74.92571,-14.836072],[-74.922365,-14.834579],[-74.920204,-14.833815],[-74.920001,-14.83371],[-74.919473,-14.833277],[-74.919086,-14.833034],[-74.918879,-14.83294],[-74.91821,-14.832789],[-74.918018,-14.832671],[-74.917863,-14.832506],[-74.917676,-14.832095],[-74.917545,-14.831914],[-74.917354,-14.831797],[-74.916309,-14.831328],[-74.915657,-14.831115],[-74.914978,-14.831222],[-74.91452,-14.83121],[-74.913392,-14.831],[-74.912529,-14.830693],[-74.912301,-14.830675],[-74.912073,-14.830695],[-74.911635,-14.83083],[-74.910956,-14.830941],[-74.910727,-14.830953],[-74.91004,-14.830928],[-74.909128,-14.831031],[-74.907521,-14.831021],[-74.907295,-14.831051],[-74.905048,-14.831516],[-74.901434,-14.832168],[-74.899847,-14.832417],[-74.89962,-14.832441],[-74.89939,-14.832438],[-74.898711,-14.832324],[-74.897147,-14.831963],[-74.894086,-14.830998],[-74.893194,-14.830783],[-74.885732,-14.82949],[-74.885275,-14.829504],[-74.88506,-14.829583],[-74.884235,-14.829978],[-74.883792,-14.830095],[-74.883336,-14.830127],[-74.883107,-14.83011],[-74.882659,-14.830014],[-74.882446,-14.829931],[-74.882247,-14.82982],[-74.881878,-14.829552],[-74.880853,-14.828646],[-74.878338,-14.826329],[-74.878154,-14.826194],[-74.87776,-14.825964],[-74.877542,-14.825894],[-74.877093,-14.825801],[-74.873696,-14.825246],[-74.873008,-14.825235],[-74.866833,-14.825771],[-74.865929,-14.82593],[-74.861915,-14.8269],[-74.861462,-14.826968],[-74.861233,-14.826951],[-74.861009,-14.826907],[-74.860802,-14.82681],[-74.860028,-14.826323],[-74.859618,-14.826122],[-74.8594,-14.826053],[-74.857814,-14.8258],[-74.857366,-14.825703],[-74.85696,-14.825494],[-74.856254,-14.824918],[-74.855849,-14.824706],[-74.855631,-14.824638],[-74.854514,-14.82438],[-74.853279,-14.823783],[-74.852175,-14.823474],[-74.851361,-14.823056],[-74.851145,-14.822981],[-74.850256,-14.822754],[-74.850046,-14.822664],[-74.848881,-14.821941],[-74.848472,-14.821737],[-74.846775,-14.821045],[-74.844822,-14.820381],[-74.844373,-14.82029],[-74.841389,-14.820333],[-74.841162,-14.820368],[-74.840518,-14.820607],[-74.840296,-14.820648],[-74.840074,-14.820597],[-74.839218,-14.820269],[-74.838775,-14.820151],[-74.837632,-14.82005],[-74.837179,-14.81998],[-74.834538,-14.819211],[-74.833194,-14.81891],[-74.831867,-14.818547],[-74.831641,-14.818525],[-74.831411,-14.818537],[-74.831184,-14.818511],[-74.830563,-14.818225],[-74.830345,-14.81816],[-74.829662,-14.818081],[-74.829433,-14.818076],[-74.828976,-14.818119],[-74.828754,-14.818175],[-74.827167,-14.819083],[-74.826978,-14.819212],[-74.826819,-14.819374],[-74.8265,-14.819974],[-74.826335,-14.820123],[-74.826113,-14.820108],[-74.825679,-14.819961],[-74.825454,-14.819956],[-74.824679,-14.820439],[-74.82394,-14.820976],[-74.822538,-14.822143],[-74.820634,-14.822934],[-74.82044,-14.823048],[-74.820304,-14.823227],[-74.82022,-14.823437],[-74.820101,-14.823874],[-74.820015,-14.824081],[-74.819855,-14.824243],[-74.818513,-14.825113],[-74.818095,-14.825299],[-74.817218,-14.825562],[-74.817022,-14.825679],[-74.816043,-14.826632],[-74.815908,-14.826815],[-74.815626,-14.827673],[-74.815478,-14.827838],[-74.815049,-14.827979],[-74.814915,-14.828157],[-74.814885,-14.828379],[-74.814943,-14.828597],[-74.815063,-14.82879],[-74.815219,-14.828953],[-74.815434,-14.828996],[-74.815643,-14.828909],[-74.81582,-14.828767],[-74.81595,-14.828582],[-74.816134,-14.828168],[-74.816283,-14.828],[-74.816468,-14.827868],[-74.816881,-14.827672],[-74.817102,-14.827614],[-74.81727,-14.827732],[-74.817169,-14.827923],[-74.816789,-14.828173],[-74.816646,-14.828349],[-74.816266,-14.828914],[-74.816071,-14.829029],[-74.81586,-14.829116],[-74.815723,-14.829293],[-74.815577,-14.829721],[-74.815451,-14.829909],[-74.81497,-14.83039],[-74.814761,-14.830793],[-74.814636,-14.83098],[-74.814325,-14.831313],[-74.813498,-14.832098],[-74.813349,-14.832268],[-74.81281,-14.833],[-74.812565,-14.833382],[-74.812177,-14.834446],[-74.812084,-14.834651],[-74.81196,-14.834841],[-74.811795,-14.834997],[-74.811609,-14.83513],[-74.810459,-14.835876],[-74.810058,-14.836095],[-74.809842,-14.83617],[-74.808933,-14.836294],[-74.808706,-14.836279],[-74.807814,-14.836063],[-74.807587,-14.83603],[-74.807372,-14.83609],[-74.807299,-14.836295],[-74.807272,-14.836746],[-74.807156,-14.837182],[-74.80695,-14.837586],[-74.806819,-14.837769],[-74.806622,-14.837882],[-74.806395,-14.837892],[-74.806188,-14.837798],[-74.805908,-14.837442],[-74.805704,-14.837367],[-74.805117,-14.837713],[-74.804956,-14.837866],[-74.804807,-14.838527],[-74.804643,-14.838947],[-74.804528,-14.839143],[-74.804205,-14.839461],[-74.80384,-14.840033],[-74.803697,-14.840208],[-74.803333,-14.840484],[-74.802988,-14.840782],[-74.802796,-14.840906],[-74.802383,-14.841099],[-74.802213,-14.841249],[-74.801895,-14.841575],[-74.801667,-14.841967],[-74.801518,-14.842138],[-74.801185,-14.842448],[-74.800437,-14.843305],[-74.799437,-14.844238],[-74.797312,-14.846299],[-74.797349,-14.84651],[-74.797557,-14.846577],[-74.797748,-14.84646],[-74.798434,-14.845859],[-74.798635,-14.845762],[-74.798761,-14.845892],[-74.79846,-14.846227],[-74.798353,-14.846427],[-74.797759,-14.84765],[-74.797731,-14.847874],[-74.797816,-14.848318],[-74.797811,-14.848544],[-74.79768,-14.849208],[-74.797715,-14.849429],[-74.798185,-14.85046],[-74.798249,-14.850676],[-74.798371,-14.851343],[-74.79839,-14.851568],[-74.798271,-14.851748],[-74.798059,-14.851696],[-74.797873,-14.851565],[-74.797546,-14.85125],[-74.797448,-14.851047],[-74.797327,-14.850611],[-74.797223,-14.850411],[-74.797084,-14.850235],[-74.796908,-14.85009],[-74.796705,-14.849986],[-74.796483,-14.849996],[-74.796183,-14.850337],[-74.796006,-14.850753],[-74.795135,-14.852081],[-74.795042,-14.852286],[-74.795141,-14.852468],[-74.795328,-14.852408],[-74.795446,-14.851975],[-74.795794,-14.851686],[-74.795951,-14.851522],[-74.796385,-14.850996],[-74.796502,-14.850801],[-74.796649,-14.850633],[-74.79684,-14.850694],[-74.796793,-14.850905],[-74.796443,-14.851197],[-74.796302,-14.851374],[-74.796074,-14.851766],[-74.795805,-14.852131],[-74.795772,-14.852353],[-74.795848,-14.85348],[-74.795845,-14.853704],[-74.795717,-14.853883],[-74.795517,-14.853991],[-74.795291,-14.854015],[-74.794618,-14.853872],[-74.794421,-14.853764],[-74.794136,-14.85341],[-74.793962,-14.853263],[-74.793757,-14.853188],[-74.793572,-14.853298],[-74.793448,-14.853488],[-74.793399,-14.853708],[-74.793392,-14.853933],[-74.793289,-14.854127],[-74.793135,-14.854294],[-74.793039,-14.854497],[-74.792911,-14.854931],[-74.792969,-14.855146],[-74.793181,-14.855547],[-74.793259,-14.855758],[-74.793219,-14.855976],[-74.793049,-14.856124],[-74.792837,-14.856209],[-74.792664,-14.856354],[-74.792551,-14.856549],[-74.79227,-14.857168],[-74.791977,-14.85826],[-74.791759,-14.858657],[-74.791625,-14.85884],[-74.79155,-14.85905],[-74.791731,-14.859156],[-74.791908,-14.859023],[-74.792308,-14.858471],[-74.792786,-14.8577],[-74.793317,-14.856962],[-74.79388,-14.856247],[-74.794,-14.856057],[-74.7941,-14.855853],[-74.79417,-14.85564],[-74.794141,-14.855415],[-74.794321,-14.855322],[-74.794433,-14.855489],[-74.794154,-14.856108],[-74.793833,-14.856707],[-74.793653,-14.857361],[-74.793362,-14.857976],[-74.79336,-14.858197],[-74.7934,-14.85842],[-74.793386,-14.858646],[-74.793321,-14.858861],[-74.793188,-14.859044],[-74.793142,-14.859263],[-74.793144,-14.85994],[-74.793085,-14.860157],[-74.792793,-14.860503],[-74.79269,-14.860703],[-74.79264,-14.860924],[-74.792638,-14.86115],[-74.792593,-14.86137],[-74.792429,-14.861792],[-74.792136,-14.862406],[-74.791999,-14.862587],[-74.791806,-14.862705],[-74.791588,-14.862775],[-74.791366,-14.862819],[-74.791193,-14.862692],[-74.79134,-14.862278],[-74.791285,-14.861831],[-74.791208,-14.861619],[-74.791067,-14.86144],[-74.790863,-14.861036],[-74.790738,-14.86085],[-74.790378,-14.86057],[-74.790173,-14.860471],[-74.789725,-14.86038],[-74.789512,-14.860439],[-74.789375,-14.860616],[-74.789278,-14.860821],[-74.789163,-14.861258],[-74.789004,-14.86139],[-74.788549,-14.86145],[-74.788338,-14.861531],[-74.78818,-14.861692],[-74.788099,-14.861902],[-74.78805,-14.862121],[-74.788134,-14.862563],[-74.788133,-14.862786],[-74.788015,-14.862962],[-74.787574,-14.862899],[-74.787402,-14.863038],[-74.78722,-14.863452],[-74.787138,-14.863894],[-74.786859,-14.864251],[-74.786683,-14.864359],[-74.786554,-14.864186],[-74.78641,-14.863757],[-74.786222,-14.863668],[-74.78603,-14.86379],[-74.785616,-14.863981],[-74.785468,-14.864145],[-74.785353,-14.86434],[-74.785171,-14.864472],[-74.78472,-14.864549],[-74.784509,-14.864639],[-74.78429,-14.864693],[-74.784064,-14.864715],[-74.783907,-14.864874],[-74.783805,-14.865076],[-74.783597,-14.865722],[-74.783451,-14.865895],[-74.78334,-14.86609],[-74.783387,-14.866312],[-74.783359,-14.86653],[-74.783044,-14.866856],[-74.782904,-14.867033],[-74.782863,-14.867254],[-74.782851,-14.867479],[-74.782892,-14.867701],[-74.783138,-14.868334],[-74.783294,-14.86849],[-74.783515,-14.868551],[-74.783719,-14.868642],[-74.78373,-14.86885],[-74.783531,-14.868954],[-74.783316,-14.869029],[-74.783238,-14.869214],[-74.783309,-14.869429],[-74.783284,-14.869643],[-74.783182,-14.869846],[-74.783061,-14.870036],[-74.782886,-14.870181],[-74.782734,-14.870349],[-74.782463,-14.870714],[-74.782305,-14.870876],[-74.782096,-14.870965],[-74.781897,-14.870892],[-74.781863,-14.870675],[-74.7819,-14.870452],[-74.78181,-14.870259],[-74.781593,-14.870195],[-74.78139,-14.870282],[-74.780337,-14.871763],[-74.780128,-14.87183],[-74.779902,-14.871792],[-74.779724,-14.871921],[-74.779498,-14.872314],[-74.77934,-14.87247],[-74.779143,-14.872384],[-74.779067,-14.872174],[-74.779057,-14.871951],[-74.779148,-14.871744],[-74.779488,-14.871154],[-74.779751,-14.87079],[-74.779661,-14.870602],[-74.779461,-14.870494],[-74.779377,-14.8703],[-74.77953,-14.86988],[-74.779459,-14.869671],[-74.779222,-14.869288],[-74.779008,-14.869288],[-74.778808,-14.869396],[-74.778257,-14.869803],[-74.778055,-14.869909],[-74.777414,-14.870152],[-74.777093,-14.870474],[-74.776493,-14.870803],[-74.776123,-14.871069],[-74.77591,-14.87115],[-74.775686,-14.871196],[-74.775231,-14.871142],[-74.775003,-14.871137],[-74.774317,-14.871175],[-74.774107,-14.871093],[-74.773716,-14.870857],[-74.773508,-14.870762],[-74.773323,-14.87063],[-74.772755,-14.869921],[-74.77242,-14.869613],[-74.772228,-14.86949],[-74.772018,-14.869402],[-74.771364,-14.869192],[-74.771176,-14.869064],[-74.77103,-14.86889],[-74.77091,-14.868698],[-74.770843,-14.868484],[-74.770943,-14.868296],[-74.771153,-14.868203],[-74.771541,-14.867962],[-74.771966,-14.8678],[-74.772129,-14.867652],[-74.772122,-14.867447],[-74.771917,-14.867387],[-74.771465,-14.867466],[-74.771236,-14.867473],[-74.771015,-14.867417],[-74.770418,-14.867078],[-74.770038,-14.866825],[-74.769731,-14.86649],[-74.768191,-14.864518],[-74.768024,-14.864368],[-74.767808,-14.86429],[-74.767136,-14.864142],[-74.766679,-14.864115],[-74.766226,-14.864177],[-74.765783,-14.864296],[-74.765401,-14.864545],[-74.765179,-14.864588],[-74.763349,-14.864432],[-74.763132,-14.864364],[-74.762943,-14.864239],[-74.762865,-14.864036],[-74.762927,-14.86382],[-74.76321,-14.863201],[-74.76326,-14.862983],[-74.763213,-14.862768],[-74.763073,-14.862593],[-74.76275,-14.86227],[-74.762555,-14.86216],[-74.762334,-14.862194],[-74.761934,-14.862415],[-74.761715,-14.862473],[-74.761259,-14.862434],[-74.760848,-14.862238],[-74.759884,-14.861625],[-74.75967,-14.861546],[-74.759444,-14.861509],[-74.758985,-14.8615],[-74.758767,-14.861434],[-74.758557,-14.861342],[-74.758375,-14.861207],[-74.75824,-14.861026],[-74.758141,-14.860822],[-74.757481,-14.859134],[-74.757379,-14.858935],[-74.757164,-14.85889],[-74.754987,-14.859605],[-74.754764,-14.859658],[-74.754537,-14.859675],[-74.754312,-14.859641],[-74.753874,-14.859505],[-74.753425,-14.859419],[-74.753214,-14.859332],[-74.75285,-14.859058],[-74.752342,-14.8586],[-74.752155,-14.858472],[-74.751935,-14.858411],[-74.75171,-14.858439],[-74.751555,-14.858596],[-74.751493,-14.858812],[-74.751423,-14.859259],[-74.751209,-14.859903],[-74.75123,-14.860124],[-74.751305,-14.860337],[-74.751281,-14.860555],[-74.751188,-14.860762],[-74.751022,-14.860909],[-74.750802,-14.860927],[-74.750353,-14.860831],[-74.750153,-14.860743],[-74.75011,-14.860525],[-74.750182,-14.860311],[-74.750197,-14.86009],[-74.750114,-14.859885],[-74.749766,-14.859593],[-74.749656,-14.859402],[-74.749704,-14.859184],[-74.750133,-14.858385],[-74.750307,-14.857497],[-74.75033,-14.857273],[-74.750276,-14.857057],[-74.750134,-14.856882],[-74.749965,-14.85673],[-74.749768,-14.85662],[-74.74931,-14.85662],[-74.749115,-14.856512],[-74.748795,-14.856189],[-74.748604,-14.856063],[-74.748395,-14.855972],[-74.748168,-14.855958],[-74.747959,-14.85605],[-74.747746,-14.856113],[-74.747537,-14.856037],[-74.747418,-14.855856],[-74.747415,-14.855633],[-74.747532,-14.855449],[-74.747746,-14.855385],[-74.747965,-14.855452],[-74.748794,-14.855838],[-74.749011,-14.855912],[-74.749236,-14.85596],[-74.749464,-14.85597],[-74.74969,-14.855946],[-74.749863,-14.855821],[-74.749929,-14.855606],[-74.750025,-14.855406],[-74.750189,-14.855247],[-74.750377,-14.855119],[-74.750488,-14.854925],[-74.750399,-14.85473],[-74.749965,-14.854593],[-74.749781,-14.854462],[-74.749624,-14.854297],[-74.748912,-14.853411],[-74.748653,-14.852785],[-74.748448,-14.852696],[-74.747532,-14.852697],[-74.745965,-14.852348],[-74.745738,-14.852316],[-74.745051,-14.85229],[-74.744824,-14.852323],[-74.74461,-14.852404],[-74.74425,-14.852682],[-74.744049,-14.852788],[-74.743595,-14.852854],[-74.742935,-14.853046],[-74.742711,-14.853087],[-74.742281,-14.852937],[-74.742053,-14.852922],[-74.7416,-14.852975],[-74.741374,-14.852941],[-74.741147,-14.852934],[-74.740597,-14.853334],[-74.740377,-14.853371],[-74.740148,-14.853376],[-74.73994,-14.853458],[-74.739761,-14.8536],[-74.739544,-14.853639],[-74.738917,-14.853365],[-74.738645,-14.853008],[-74.738231,-14.852829],[-74.73805,-14.852691],[-74.737723,-14.852373],[-74.737526,-14.852259],[-74.736893,-14.851993],[-74.736696,-14.85189],[-74.736648,-14.851677],[-74.736791,-14.851505],[-74.736972,-14.851367],[-74.737059,-14.851164],[-74.736969,-14.850963],[-74.736835,-14.850779],[-74.736681,-14.850614],[-74.736474,-14.850518],[-74.736295,-14.850392],[-74.736149,-14.850217],[-74.735759,-14.849991],[-74.735641,-14.849802],[-74.735657,-14.849577],[-74.735574,-14.849384],[-74.735366,-14.849296],[-74.735143,-14.849243],[-74.734923,-14.849285],[-74.734758,-14.849439],[-74.734475,-14.849794],[-74.734382,-14.850231],[-74.734255,-14.850417],[-74.733941,-14.850745],[-74.733724,-14.85076],[-74.733587,-14.850589],[-74.733658,-14.850399],[-74.733883,-14.850388],[-74.734094,-14.850326],[-74.734192,-14.850129],[-74.73417,-14.849906],[-74.734195,-14.849684],[-74.734507,-14.849358],[-74.734759,-14.848981],[-74.73496,-14.848894],[-74.735644,-14.848968],[-74.735862,-14.849033],[-74.736014,-14.849192],[-74.736097,-14.849403],[-74.736248,-14.849568],[-74.736687,-14.849698],[-74.736916,-14.849708],[-74.737831,-14.849641],[-74.738744,-14.849742],[-74.73897,-14.849724],[-74.739122,-14.849567],[-74.73924,-14.848901],[-74.739204,-14.848681],[-74.739069,-14.848499],[-74.738905,-14.848341],[-74.738714,-14.848217],[-74.73829,-14.848045],[-74.738089,-14.847937],[-74.737595,-14.847465],[-74.737076,-14.84702],[-74.736931,-14.846845],[-74.736797,-14.846662],[-74.736599,-14.846255],[-74.736432,-14.845598],[-74.736357,-14.845384],[-74.736254,-14.845182],[-74.736103,-14.845014],[-74.735896,-14.844916],[-74.735674,-14.844871],[-74.73545,-14.84492],[-74.735223,-14.844942],[-74.735003,-14.844891],[-74.734809,-14.844772],[-74.734285,-14.844333],[-74.734133,-14.844165],[-74.733964,-14.843748],[-74.733773,-14.843626],[-74.733552,-14.843575],[-74.733332,-14.843616],[-74.733169,-14.843772],[-74.732906,-14.844138],[-74.73269,-14.844168],[-74.732488,-14.844066],[-74.732199,-14.843717],[-74.732083,-14.843522],[-74.732002,-14.843311],[-74.731879,-14.842876],[-74.731838,-14.842654],[-74.731839,-14.842428],[-74.731881,-14.842207],[-74.731969,-14.841999],[-74.732129,-14.84184],[-74.732534,-14.841628],[-74.732694,-14.841468],[-74.733161,-14.840436],[-74.733283,-14.840246],[-74.733432,-14.840075],[-74.733608,-14.83993],[-74.733711,-14.839733],[-74.733648,-14.839528],[-74.733453,-14.839423],[-74.733249,-14.839504],[-74.733109,-14.83993],[-74.732826,-14.840284],[-74.731879,-14.841268],[-74.731537,-14.841569],[-74.731344,-14.841692],[-74.731175,-14.84184],[-74.731101,-14.842052],[-74.73092,-14.842939],[-74.73091,-14.843164],[-74.731016,-14.844289],[-74.731129,-14.844726],[-74.731419,-14.845341],[-74.731651,-14.845731],[-74.731781,-14.845916],[-74.732399,-14.846585],[-74.732667,-14.846951],[-74.73286,-14.847361],[-74.73293,-14.847572],[-74.732762,-14.84769],[-74.73262,-14.847542],[-74.732602,-14.847317],[-74.732548,-14.8471],[-74.732444,-14.846899],[-74.732135,-14.846567],[-74.731439,-14.845978],[-74.731139,-14.845635],[-74.730636,-14.845175],[-74.730515,-14.844984],[-74.73045,-14.844768],[-74.730407,-14.844319],[-74.73036,-14.844098],[-74.730081,-14.843002],[-74.73006,-14.842777],[-74.73007,-14.842552],[-74.730107,-14.842329],[-74.730158,-14.841652],[-74.730226,-14.841439],[-74.73067,-14.840924],[-74.730767,-14.84072],[-74.73076,-14.840498],[-74.730386,-14.83993],[-74.730097,-14.839579],[-74.729917,-14.83944],[-74.729706,-14.839458],[-74.729749,-14.839651],[-74.729926,-14.839795],[-74.730061,-14.839975],[-74.730283,-14.84037],[-74.730339,-14.840587],[-74.730283,-14.840803],[-74.730132,-14.84097],[-74.729913,-14.84102],[-74.729691,-14.840969],[-74.728467,-14.840348],[-74.727804,-14.840171],[-74.72575,-14.839956],[-74.724833,-14.839973],[-74.724658,-14.839842],[-74.724637,-14.839625],[-74.72474,-14.839187],[-74.724632,-14.838998],[-74.723868,-14.838496],[-74.723263,-14.838174],[-74.722619,-14.837933],[-74.721569,-14.837477],[-74.719821,-14.836927],[-74.719363,-14.836889],[-74.717756,-14.836873],[-74.717528,-14.836854],[-74.717309,-14.836792],[-74.717099,-14.836702],[-74.716493,-14.836378],[-74.716277,-14.836303],[-74.71583,-14.836204],[-74.715149,-14.8361],[-74.714928,-14.836151],[-74.714749,-14.836292],[-74.714423,-14.83661],[-74.714223,-14.83672],[-74.713791,-14.83687],[-74.713338,-14.83694],[-74.71311,-14.836922],[-74.712909,-14.83682],[-74.711762,-14.835711],[-74.711611,-14.835542],[-74.711495,-14.835347],[-74.711204,-14.834734],[-74.711032,-14.834588],[-74.710815,-14.834517],[-74.709002,-14.834232],[-74.708157,-14.833879],[-74.706587,-14.833541],[-74.706376,-14.833452],[-74.706191,-14.833319],[-74.705924,-14.832954],[-74.705838,-14.832745],[-74.705771,-14.832298],[-74.705664,-14.831858],[-74.705531,-14.831678],[-74.705337,-14.831561],[-74.705112,-14.831519],[-74.703513,-14.831362],[-74.703065,-14.831269],[-74.702859,-14.83117],[-74.702487,-14.830906],[-74.701451,-14.830013],[-74.701251,-14.829901],[-74.701034,-14.829829],[-74.700805,-14.829812],[-74.69943,-14.829876],[-74.698973,-14.829836],[-74.698527,-14.829732],[-74.696786,-14.829154],[-74.696564,-14.8291],[-74.696379,-14.829209],[-74.696151,-14.829844],[-74.69601,-14.83002],[-74.695844,-14.830176],[-74.695645,-14.830287],[-74.695422,-14.830329],[-74.695195,-14.830304],[-74.694977,-14.830236],[-74.692998,-14.829089],[-74.692789,-14.828998],[-74.692569,-14.828935],[-74.692116,-14.82886],[-74.691657,-14.828861],[-74.6912,-14.828898],[-74.69098,-14.828963],[-74.690343,-14.829217],[-74.690122,-14.829278],[-74.689895,-14.829304],[-74.689666,-14.82931],[-74.688981,-14.829241],[-74.687145,-14.829284],[-74.686917,-14.829265],[-74.686015,-14.829099],[-74.685326,-14.829091],[-74.685104,-14.829046],[-74.684596,-14.828595],[-74.684388,-14.828504],[-74.684163,-14.82847],[-74.68394,-14.8285],[-74.683729,-14.828589],[-74.683512,-14.828643],[-74.68338,-14.828492],[-74.683536,-14.828344],[-74.683963,-14.828176],[-74.684185,-14.828126],[-74.684414,-14.828133],[-74.685059,-14.828372],[-74.685286,-14.828401],[-74.686432,-14.828455],[-74.686888,-14.828408],[-74.687336,-14.828311],[-74.687549,-14.82823],[-74.68857,-14.827713],[-74.688746,-14.827574],[-74.688845,-14.827376],[-74.688834,-14.827154],[-74.688712,-14.826969],[-74.688522,-14.826851],[-74.688304,-14.826779],[-74.687856,-14.826678],[-74.687641,-14.826605],[-74.687436,-14.826503],[-74.687256,-14.826363],[-74.686244,-14.825443],[-74.686058,-14.825313],[-74.685845,-14.825229],[-74.685392,-14.82516],[-74.685173,-14.825099],[-74.684988,-14.824968],[-74.684862,-14.824781],[-74.684354,-14.82352],[-74.684225,-14.823334],[-74.684067,-14.82317],[-74.683711,-14.822888],[-74.683489,-14.82283],[-74.682571,-14.82285],[-74.682342,-14.822833],[-74.681909,-14.822692],[-74.681496,-14.822495],[-74.681271,-14.82246],[-74.680584,-14.822482],[-74.680366,-14.822412],[-74.680153,-14.822327],[-74.678246,-14.82107],[-74.678034,-14.820994],[-74.677373,-14.821171],[-74.677144,-14.821171],[-74.676919,-14.821126],[-74.676711,-14.821033],[-74.676529,-14.820895],[-74.676376,-14.820728],[-74.676257,-14.820537],[-74.676062,-14.820128],[-74.675621,-14.819608],[-74.675444,-14.819468],[-74.675232,-14.819387],[-74.674095,-14.819232],[-74.673867,-14.819226],[-74.673645,-14.81928],[-74.673007,-14.819535],[-74.672573,-14.81968],[-74.672345,-14.819701],[-74.672134,-14.819625],[-74.671992,-14.819451],[-74.67195,-14.819231],[-74.672087,-14.818338],[-74.672087,-14.818113],[-74.672031,-14.817664],[-74.671942,-14.817457],[-74.671804,-14.817277],[-74.671643,-14.817116],[-74.670623,-14.816205],[-74.670423,-14.816096],[-74.670203,-14.816049],[-74.66998,-14.816092],[-74.669392,-14.816444],[-74.669188,-14.816544],[-74.668964,-14.816579],[-74.668739,-14.816536],[-74.667672,-14.816121],[-74.667451,-14.81606],[-74.666993,-14.816079],[-74.666309,-14.816159],[-74.666081,-14.816135],[-74.665873,-14.816044],[-74.665719,-14.81588],[-74.665547,-14.815462],[-74.665423,-14.815276],[-74.664802,-14.814611],[-74.664721,-14.814402],[-74.664746,-14.814179],[-74.664911,-14.813758],[-74.664953,-14.813536],[-74.664883,-14.81333],[-74.664222,-14.812702],[-74.66412,-14.812501],[-74.66409,-14.81228],[-74.664125,-14.812057],[-74.664183,-14.811839],[-74.664299,-14.811651],[-74.664521,-14.811642],[-74.66469,-14.811787],[-74.665032,-14.812375],[-74.665339,-14.812709],[-74.666025,-14.813311],[-74.666206,-14.813445],[-74.666431,-14.813446],[-74.666633,-14.813347],[-74.666768,-14.813169],[-74.666796,-14.812947],[-74.666789,-14.812495],[-74.666864,-14.812284],[-74.66712,-14.811911],[-74.66721,-14.811471],[-74.667175,-14.811249],[-74.667068,-14.811054],[-74.666888,-14.810915],[-74.665008,-14.810071],[-74.664609,-14.809848],[-74.662856,-14.808389],[-74.661705,-14.807645],[-74.66153,-14.807498],[-74.661257,-14.807136],[-74.660625,-14.806192],[-74.660491,-14.806009],[-74.660334,-14.805844],[-74.660149,-14.805712],[-74.659326,-14.805311],[-74.659157,-14.80517],[-74.659138,-14.804948],[-74.659561,-14.803901],[-74.659555,-14.803679],[-74.659449,-14.80348],[-74.65929,-14.80332],[-74.659092,-14.803207],[-74.658873,-14.803141],[-74.658421,-14.803081],[-74.658223,-14.802969],[-74.657874,-14.802676],[-74.657685,-14.802549],[-74.657463,-14.802499],[-74.657234,-14.802493],[-74.657016,-14.802446],[-74.656917,-14.80225],[-74.65694,-14.8018],[-74.656924,-14.801349],[-74.656774,-14.800922],[-74.656667,-14.800723],[-74.656534,-14.800539],[-74.656365,-14.800387],[-74.656164,-14.800279],[-74.655079,-14.799912],[-74.654871,-14.799817],[-74.654685,-14.799686],[-74.654212,-14.799193],[-74.654031,-14.799055],[-74.653833,-14.798942],[-74.652975,-14.798625],[-74.652792,-14.798491],[-74.650891,-14.796527],[-74.650766,-14.796339],[-74.650696,-14.796124],[-74.65068,-14.7959],[-74.650716,-14.795677],[-74.65091,-14.795027],[-74.651025,-14.794844],[-74.651247,-14.794793],[-74.651933,-14.794829],[-74.652149,-14.794755],[-74.652327,-14.794613],[-74.652429,-14.794412],[-74.652444,-14.794188],[-74.652402,-14.793967],[-74.651906,-14.792701],[-74.651802,-14.792501],[-74.651646,-14.792336],[-74.651469,-14.792192],[-74.650903,-14.791807],[-74.650704,-14.791695],[-74.650077,-14.791415],[-74.649642,-14.791272],[-74.647829,-14.790981],[-74.646455,-14.790897],[-74.646008,-14.790798],[-74.644134,-14.789942],[-74.643734,-14.78972],[-74.641777,-14.788539],[-74.641239,-14.788116],[-74.640749,-14.787639],[-74.640605,-14.787463],[-74.640355,-14.787084],[-74.640132,-14.786689],[-74.639845,-14.786336],[-74.639593,-14.78596],[-74.639487,-14.785759],[-74.63888,-14.784294],[-74.638699,-14.784194],[-74.638551,-14.784341],[-74.638593,-14.78456],[-74.638854,-14.785188],[-74.639174,-14.786273],[-74.639255,-14.786484],[-74.639375,-14.786676],[-74.639681,-14.787013],[-74.639736,-14.787222],[-74.639568,-14.787333],[-74.639404,-14.787183],[-74.639181,-14.786788],[-74.638761,-14.785737],[-74.638555,-14.785335],[-74.637634,-14.784038],[-74.637319,-14.783435],[-74.637178,-14.783258],[-74.636856,-14.782936],[-74.636732,-14.782748],[-74.636536,-14.78234],[-74.636386,-14.782169],[-74.63524,-14.78106],[-74.635052,-14.780929],[-74.634435,-14.78063],[-74.634267,-14.780477],[-74.633915,-14.779895],[-74.633876,-14.779676],[-74.633992,-14.779497],[-74.634215,-14.779493],[-74.634763,-14.779899],[-74.634984,-14.779895],[-74.635131,-14.77974],[-74.635141,-14.779522],[-74.635049,-14.779318],[-74.634881,-14.779167],[-74.633892,-14.778592],[-74.633694,-14.778479],[-74.633479,-14.778409],[-74.633252,-14.778421],[-74.633049,-14.778524],[-74.632804,-14.778902],[-74.632593,-14.778975],[-74.632364,-14.778964],[-74.632143,-14.778906],[-74.631961,-14.778771],[-74.631069,-14.777738],[-74.630902,-14.777585],[-74.630709,-14.777462],[-74.630498,-14.777376],[-74.62982,-14.777256],[-74.629597,-14.777205],[-74.629383,-14.777124],[-74.629187,-14.777007],[-74.628148,-14.776116],[-74.62782,-14.7758],[-74.627677,-14.775623],[-74.62637,-14.773764],[-74.626088,-14.773408],[-74.625764,-14.773088],[-74.624249,-14.771704],[-74.62371,-14.771282],[-74.622783,-14.770617],[-74.621246,-14.769257],[-74.620753,-14.768783],[-74.619674,-14.76761],[-74.619385,-14.767259],[-74.619135,-14.766881],[-74.618853,-14.766262],[-74.618454,-14.765203],[-74.618339,-14.765008],[-74.618197,-14.764831],[-74.618033,-14.764673],[-74.617674,-14.764391],[-74.616983,-14.763796],[-74.615872,-14.762994],[-74.615531,-14.762691],[-74.615396,-14.762509],[-74.615184,-14.762109],[-74.614586,-14.760641],[-74.614473,-14.760445],[-74.614335,-14.760264],[-74.613998,-14.759959],[-74.61381,-14.759829],[-74.613601,-14.759737],[-74.612702,-14.75956],[-74.611831,-14.759278],[-74.611381,-14.759193],[-74.611151,-14.75919],[-74.610925,-14.759223],[-74.610044,-14.759477],[-74.609816,-14.759502],[-74.609587,-14.759509],[-74.609129,-14.759479],[-74.608906,-14.75943],[-74.608702,-14.759329],[-74.606421,-14.757101],[-74.60624,-14.756961],[-74.603215,-14.754909],[-74.603038,-14.754766],[-74.6028,-14.754382],[-74.602504,-14.75377],[-74.602333,-14.753622],[-74.602137,-14.753505],[-74.601123,-14.752974],[-74.600913,-14.752884],[-74.599586,-14.752525],[-74.598799,-14.752063],[-74.597371,-14.751339],[-74.595878,-14.750751],[-74.591562,-14.748636],[-74.590689,-14.748362],[-74.588296,-14.747018],[-74.587913,-14.746769],[-74.586429,-14.745703],[-74.586037,-14.74547],[-74.585824,-14.745387],[-74.585381,-14.74527],[-74.584466,-14.745204],[-74.584025,-14.745081],[-74.583826,-14.74497],[-74.583643,-14.744833],[-74.583485,-14.744669],[-74.583169,-14.744341],[-74.583042,-14.744155],[-74.583017,-14.743933],[-74.583102,-14.743728],[-74.583283,-14.743592],[-74.5835,-14.743525],[-74.58395,-14.743435],[-74.584407,-14.743421],[-74.584631,-14.743471],[-74.58506,-14.743631],[-74.585464,-14.743844],[-74.585834,-14.744112],[-74.586048,-14.744186],[-74.586261,-14.744124],[-74.58635,-14.743924],[-74.586262,-14.743725],[-74.585858,-14.743511],[-74.584606,-14.742947],[-74.584423,-14.742812],[-74.584266,-14.742647],[-74.583266,-14.74113],[-74.583122,-14.740954],[-74.582934,-14.740827],[-74.582082,-14.740495],[-74.581707,-14.740235],[-74.581173,-14.739808],[-74.580976,-14.739691],[-74.580552,-14.739519],[-74.579677,-14.739248],[-74.579472,-14.739146],[-74.579287,-14.739013],[-74.578059,-14.737992],[-74.577729,-14.737678],[-74.576943,-14.736854],[-74.576771,-14.736705],[-74.576563,-14.736612],[-74.576117,-14.736505],[-74.57566,-14.736483],[-74.574523,-14.736636],[-74.57408,-14.736752],[-74.57343,-14.736977],[-74.573226,-14.737081],[-74.57287,-14.737365],[-74.57203,-14.738135],[-74.57184,-14.73826],[-74.571627,-14.738207],[-74.571002,-14.737545],[-74.57081,-14.737429],[-74.570358,-14.737365],[-74.570151,-14.737268],[-74.569199,-14.736636],[-74.568979,-14.73658],[-74.567837,-14.736687],[-74.56761,-14.736659],[-74.567391,-14.736593],[-74.567188,-14.73649],[-74.566997,-14.736365],[-74.564632,-14.734572],[-74.564251,-14.734321],[-74.564034,-14.734251],[-74.563807,-14.73423],[-74.563581,-14.734265],[-74.562921,-14.734456],[-74.562693,-14.734477],[-74.562464,-14.734469],[-74.561097,-14.734304],[-74.560874,-14.734251],[-74.560473,-14.734034],[-74.559938,-14.733606],[-74.559554,-14.733361],[-74.558254,-14.732913],[-74.558061,-14.732797],[-74.557934,-14.732612],[-74.557774,-14.732188],[-74.557652,-14.732],[-74.557165,-14.731522],[-74.556427,-14.730983],[-74.556079,-14.730689],[-74.555805,-14.730327],[-74.555696,-14.730128],[-74.555617,-14.729916],[-74.555508,-14.729021],[-74.555425,-14.728811],[-74.555207,-14.728415],[-74.554901,-14.727562],[-74.554831,-14.727115],[-74.554802,-14.726438],[-74.554694,-14.726001],[-74.554586,-14.725801],[-74.553711,-14.724754],[-74.553577,-14.724571],[-74.553467,-14.724374],[-74.553282,-14.723721],[-74.553274,-14.723498],[-74.553366,-14.722827],[-74.553317,-14.722607],[-74.55205,-14.719946],[-74.551946,-14.719745],[-74.551817,-14.719558],[-74.551517,-14.719217],[-74.551194,-14.718895],[-74.550808,-14.718652],[-74.54996,-14.718306],[-74.549742,-14.718237],[-74.549519,-14.71819],[-74.548831,-14.718162],[-74.548605,-14.718128],[-74.548395,-14.718037],[-74.548027,-14.717768],[-74.547705,-14.717446],[-74.547172,-14.716711],[-74.546697,-14.71622],[-74.546303,-14.715665],[-74.546147,-14.715502],[-74.545967,-14.715362],[-74.545396,-14.714983],[-74.54527,-14.714797],[-74.544906,-14.713968],[-74.544786,-14.713776],[-74.54464,-14.713602],[-74.544482,-14.713438],[-74.544304,-14.713296],[-74.543571,-14.712751],[-74.543373,-14.712639],[-74.543146,-14.712613],[-74.542688,-14.712642],[-74.54223,-14.71263],[-74.540872,-14.712405],[-74.540437,-14.712264],[-74.540059,-14.712009],[-74.539917,-14.711833],[-74.539815,-14.711631],[-74.539747,-14.711416],[-74.539683,-14.710968],[-74.539555,-14.710536],[-74.539445,-14.710337],[-74.539038,-14.70979],[-74.538954,-14.709581],[-74.538956,-14.70868],[-74.538917,-14.708458],[-74.53883,-14.708249],[-74.538695,-14.708068],[-74.538162,-14.707639],[-74.53804,-14.707451],[-74.53801,-14.707229],[-74.538108,-14.706788],[-74.53811,-14.706564],[-74.538068,-14.706341],[-74.53801,-14.706123],[-74.537917,-14.705917],[-74.537805,-14.70572],[-74.537636,-14.705571],[-74.536532,-14.705261],[-74.536306,-14.705224],[-74.536077,-14.705213],[-74.535622,-14.705271],[-74.534933,-14.705278],[-74.534705,-14.705257],[-74.534481,-14.70521],[-74.53368,-14.704769],[-74.533458,-14.704714],[-74.533229,-14.70471],[-74.533009,-14.704772],[-74.532402,-14.705088],[-74.532183,-14.705157],[-74.531956,-14.705185],[-74.531727,-14.705184],[-74.531502,-14.705149],[-74.531303,-14.70504],[-74.530988,-14.704712],[-74.530722,-14.704344],[-74.530617,-14.704143],[-74.530452,-14.703721],[-74.530397,-14.703503],[-74.530345,-14.703056],[-74.530228,-14.702863],[-74.529938,-14.702513],[-74.529539,-14.701961],[-74.529204,-14.701653],[-74.529058,-14.701479],[-74.528867,-14.701356],[-74.528435,-14.701205],[-74.528247,-14.701076],[-74.527927,-14.700754],[-74.527684,-14.700372],[-74.527527,-14.700207],[-74.527332,-14.700088],[-74.527116,-14.700016],[-74.526888,-14.700004],[-74.526665,-14.699953],[-74.525865,-14.69951],[-74.52566,-14.699417],[-74.525433,-14.699431],[-74.524983,-14.699518],[-74.524524,-14.699504],[-74.52384,-14.699437],[-74.523627,-14.699357],[-74.522654,-14.698757],[-74.522451,-14.698651],[-74.522229,-14.698594],[-74.521548,-14.698495],[-74.521326,-14.698438],[-74.520712,-14.698133],[-74.520364,-14.69784],[-74.520175,-14.697717],[-74.519953,-14.697657],[-74.519277,-14.697531],[-74.519063,-14.69745],[-74.518487,-14.697081],[-74.518323,-14.696923],[-74.518189,-14.696741],[-74.518093,-14.696536],[-74.517856,-14.695662],[-74.517697,-14.694772],[-74.517589,-14.694581],[-74.51737,-14.694529],[-74.516681,-14.694514],[-74.516453,-14.69449],[-74.516233,-14.694427],[-74.51603,-14.694321],[-74.515701,-14.694007],[-74.514954,-14.693149],[-74.514793,-14.69299],[-74.514586,-14.692895],[-74.513915,-14.692744],[-74.513496,-14.69256],[-74.51331,-14.692431],[-74.51297,-14.692127],[-74.511709,-14.690812],[-74.511536,-14.690663],[-74.511144,-14.690429],[-74.510323,-14.690025],[-74.510115,-14.689929],[-74.507123,-14.688771],[-74.506677,-14.688667],[-74.504861,-14.688395],[-74.504417,-14.688285],[-74.504211,-14.688185],[-74.503068,-14.687429],[-74.502887,-14.68729],[-74.501724,-14.685891],[-74.501567,-14.685727],[-74.501373,-14.685611],[-74.501152,-14.685554],[-74.492468,-14.684733],[-74.492013,-14.684672],[-74.491584,-14.684515],[-74.469124,-14.671282],[-74.468714,-14.671078],[-74.468066,-14.670849],[-74.44141,-14.664942],[-74.432216,-14.66296],[-74.431987,-14.66296],[-74.431764,-14.663009],[-74.411012,-14.668844],[-74.410566,-14.668955],[-74.409882,-14.66903],[-74.409653,-14.669026],[-74.408968,-14.668959],[-74.406539,-14.66828],[-74.403239,-14.667311],[-74.40127,-14.666691],[-74.380126,-14.660561],[-74.369353,-14.657369],[-74.363629,-14.655703],[-74.362738,-14.655484],[-74.361601,-14.655328],[-74.359995,-14.655262],[-74.359078,-14.655308],[-74.342445,-14.657331],[-74.33969,-14.657332],[-74.329817,-14.657408],[-74.329359,-14.657429],[-74.329131,-14.65746],[-74.328693,-14.657593],[-74.324791,-14.658935],[-74.317868,-14.661357],[-74.317641,-14.661385],[-74.317413,-14.661379],[-74.315141,-14.66105],[-74.314917,-14.661003],[-74.314263,-14.66079],[-74.31404,-14.660744],[-74.313812,-14.660743],[-74.312216,-14.660933],[-74.31153,-14.660986],[-74.311072,-14.660959],[-74.309705,-14.660789],[-74.309479,-14.660752],[-74.309273,-14.660657],[-74.309102,-14.660507],[-74.30898,-14.660317],[-74.30894,-14.660097],[-74.30894,-14.659871],[-74.309082,-14.658522],[-74.309177,-14.65808],[-74.309275,-14.657877],[-74.311691,-14.653768],[-74.31182,-14.653581],[-74.312483,-14.652957],[-74.312591,-14.65276],[-74.312646,-14.652542],[-74.31272,-14.651641],[-74.312714,-14.651416],[-74.312636,-14.651206],[-74.312512,-14.651018],[-74.312168,-14.65072],[-74.310761,-14.649958],[-74.31058,-14.64982],[-74.310459,-14.649631],[-74.31041,-14.649413],[-74.310463,-14.649194],[-74.310842,-14.64863],[-74.310943,-14.64843],[-74.31094,-14.648207],[-74.310841,-14.648008],[-74.310324,-14.64756],[-74.310195,-14.647376],[-74.310126,-14.647161],[-74.309958,-14.646272],[-74.309845,-14.64608],[-74.309635,-14.645999],[-74.308053,-14.645721],[-74.307624,-14.645561],[-74.306586,-14.645079],[-74.306403,-14.644949],[-74.306168,-14.644316],[-74.305728,-14.643522],[-74.305579,-14.643355],[-74.305371,-14.643265],[-74.304929,-14.643147],[-74.304758,-14.642998],[-74.304596,-14.64258],[-74.304479,-14.642387],[-74.304196,-14.642032],[-74.304018,-14.641889],[-74.303427,-14.641541],[-74.302717,-14.640971],[-74.302496,-14.64092],[-74.302269,-14.640953],[-74.300723,-14.641385],[-74.300498,-14.641429],[-74.300271,-14.641429],[-74.299389,-14.641179],[-74.299235,-14.641022],[-74.299192,-14.640805],[-74.299278,-14.640596],[-74.300647,-14.637984],[-74.3007,-14.637768],[-74.300645,-14.637549],[-74.300175,-14.636773],[-74.299922,-14.636396],[-74.299627,-14.63605],[-74.298136,-14.634641],[-74.297939,-14.634527],[-74.297728,-14.634438],[-74.296445,-14.633943],[-74.296225,-14.633885],[-74.295998,-14.633871],[-74.295772,-14.633908],[-74.293762,-14.634381],[-74.293544,-14.634449],[-74.293365,-14.634584],[-74.292784,-14.635559],[-74.29269,-14.635765],[-74.292626,-14.635981],[-74.292556,-14.636426],[-74.292456,-14.636628],[-74.291804,-14.637557],[-74.291471,-14.638637],[-74.291376,-14.639078],[-74.291388,-14.639302],[-74.291475,-14.639744],[-74.291423,-14.639963],[-74.291261,-14.640121],[-74.291051,-14.640203],[-74.289503,-14.640627],[-74.288,-14.641187],[-74.286227,-14.64166],[-74.285777,-14.641741],[-74.28557,-14.64166],[-74.285449,-14.641476],[-74.28542,-14.641254],[-74.285534,-14.640129],[-74.285537,-14.639903],[-74.285497,-14.639681],[-74.284483,-14.636677],[-74.284309,-14.636259],[-74.28426,-14.636041],[-74.284356,-14.635837],[-74.284932,-14.63486],[-74.285071,-14.63468],[-74.285715,-14.634036],[-74.285854,-14.633857],[-74.28595,-14.633654],[-74.286018,-14.633438],[-74.286677,-14.630804],[-74.287632,-14.627782],[-74.28757,-14.627575],[-74.287367,-14.627494],[-74.287138,-14.627474],[-74.286936,-14.627387],[-74.28696,-14.627179],[-74.28708,-14.626986],[-74.287238,-14.626822],[-74.287438,-14.626718],[-74.287654,-14.626641],[-74.287842,-14.626517],[-74.288321,-14.626029],[-74.288496,-14.625884],[-74.288686,-14.625757],[-74.289516,-14.62537],[-74.289692,-14.625227],[-74.290127,-14.624702],[-74.290453,-14.624385],[-74.291433,-14.623797],[-74.291601,-14.623644],[-74.291717,-14.623451],[-74.291958,-14.622815],[-74.292066,-14.622616],[-74.292465,-14.622064],[-74.292569,-14.621863],[-74.292605,-14.621641],[-74.292577,-14.62142],[-74.292476,-14.621221],[-74.291953,-14.620782],[-74.29151,-14.620264],[-74.291411,-14.620062],[-74.291456,-14.619842],[-74.291774,-14.61952],[-74.29196,-14.619391],[-74.292186,-14.619375],[-74.293094,-14.619507],[-74.293321,-14.619479],[-74.293526,-14.61938],[-74.293711,-14.619246],[-74.294171,-14.618742],[-74.294298,-14.618555],[-74.294336,-14.618334],[-74.294127,-14.616995],[-74.29395,-14.61658],[-74.293729,-14.616183],[-74.293588,-14.616013],[-74.29318,-14.615807],[-74.293009,-14.615661],[-74.292092,-14.614649],[-74.2917,-14.614092],[-74.291527,-14.613952],[-74.291301,-14.613912],[-74.288557,-14.613672],[-74.288348,-14.613755],[-74.288232,-14.613949],[-74.288082,-14.614112],[-74.287864,-14.614124],[-74.287523,-14.613825],[-74.287327,-14.613714],[-74.287107,-14.613743],[-74.286949,-14.613901],[-74.286461,-14.614923],[-74.285905,-14.615642],[-74.285728,-14.615786],[-74.285521,-14.615881],[-74.285301,-14.615946],[-74.284847,-14.61601],[-74.284392,-14.616034],[-74.284183,-14.616123],[-74.283277,-14.616816],[-74.282898,-14.617071],[-74.282083,-14.617487],[-74.281416,-14.617652],[-74.281006,-14.617857],[-74.28078,-14.617875],[-74.280122,-14.617679],[-74.279893,-14.617674],[-74.279674,-14.617736],[-74.279089,-14.618093],[-74.278928,-14.618253],[-74.278665,-14.618623],[-74.278508,-14.618788],[-74.277997,-14.619242],[-74.27761,-14.619485],[-74.27743,-14.619625],[-74.277267,-14.619783],[-74.276593,-14.620696],[-74.276387,-14.62074],[-74.27631,-14.62056],[-74.27678,-14.620076],[-74.277109,-14.619482],[-74.277251,-14.619304],[-74.27822,-14.61834],[-74.278469,-14.617962],[-74.279092,-14.616752],[-74.27924,-14.616583],[-74.27942,-14.616442],[-74.279619,-14.616338],[-74.279846,-14.616344],[-74.280261,-14.616535],[-74.280477,-14.616604],[-74.280682,-14.616535],[-74.280973,-14.616185],[-74.281105,-14.616001],[-74.28116,-14.615787],[-74.28116,-14.615335],[-74.281215,-14.615118],[-74.281555,-14.614818],[-74.281512,-14.61462],[-74.281297,-14.614611],[-74.28115,-14.614781],[-74.280912,-14.615166],[-74.280861,-14.615383],[-74.280876,-14.615609],[-74.28081,-14.615818],[-74.280626,-14.615952],[-74.280413,-14.616028],[-74.280208,-14.61594],[-74.279635,-14.615569],[-74.279419,-14.615617],[-74.279226,-14.61574],[-74.275363,-14.61858],[-74.275157,-14.618679],[-74.27493,-14.61869],[-74.274715,-14.618622],[-74.274327,-14.61838],[-74.274123,-14.618284],[-74.273896,-14.618261],[-74.273669,-14.618294],[-74.273042,-14.618574],[-74.272837,-14.618675],[-74.272468,-14.618938],[-74.272277,-14.61888],[-74.27237,-14.618692],[-74.272787,-14.618505],[-74.273187,-14.618284],[-74.274314,-14.617504],[-74.274536,-14.617462],[-74.27497,-14.617607],[-74.275177,-14.617546],[-74.275276,-14.617346],[-74.275422,-14.616917],[-74.275555,-14.616735],[-74.276144,-14.616395],[-74.276247,-14.616196],[-74.276317,-14.61598],[-74.276468,-14.615822],[-74.276923,-14.615833],[-74.277117,-14.615724],[-74.277458,-14.615138],[-74.277596,-14.614959],[-74.277786,-14.614832],[-74.278219,-14.614687],[-74.278429,-14.614595],[-74.278611,-14.614458],[-74.27912,-14.614002],[-74.279209,-14.613799],[-74.279152,-14.613585],[-74.278946,-14.613181],[-74.278868,-14.612969],[-74.278754,-14.612534],[-74.278138,-14.611581],[-74.278081,-14.611365],[-74.278344,-14.610499],[-74.278448,-14.610299],[-74.278637,-14.610175],[-74.279516,-14.609918],[-74.279724,-14.609823],[-74.28103,-14.6089],[-74.281116,-14.608704],[-74.280977,-14.608535],[-74.280166,-14.608111],[-74.279973,-14.607988],[-74.279342,-14.607332],[-74.279163,-14.607191],[-74.278969,-14.607072],[-74.278335,-14.606807],[-74.278167,-14.60666],[-74.278052,-14.606464],[-74.277881,-14.606318],[-74.277431,-14.606233],[-74.277238,-14.606127],[-74.277177,-14.605921],[-74.277252,-14.60571],[-74.27805,-14.604337],[-74.278192,-14.604159],[-74.278407,-14.60411],[-74.279545,-14.604248],[-74.279764,-14.6042],[-74.279933,-14.604047],[-74.280063,-14.603866],[-74.280039,-14.60365],[-74.279868,-14.603232],[-74.279883,-14.603008],[-74.279989,-14.60281],[-74.280553,-14.602097],[-74.280722,-14.601947],[-74.280924,-14.601839],[-74.281351,-14.601676],[-74.281712,-14.601401],[-74.281927,-14.601323],[-74.283057,-14.601127],[-74.283237,-14.601008],[-74.283209,-14.600797],[-74.283002,-14.600736],[-74.281228,-14.601195],[-74.28077,-14.601188],[-74.280316,-14.601126],[-74.280093,-14.601145],[-74.279964,-14.601325],[-74.279894,-14.60177],[-74.279813,-14.601981],[-74.278994,-14.603069],[-74.278779,-14.603106],[-74.278021,-14.6026],[-74.277816,-14.6025],[-74.277161,-14.60229],[-74.276936,-14.602272],[-74.27675,-14.602402],[-74.276583,-14.602554],[-74.276372,-14.602546],[-74.276203,-14.602394],[-74.276054,-14.602222],[-74.275939,-14.602031],[-74.275929,-14.601809],[-74.27633,-14.600514],[-74.276276,-14.600301],[-74.275852,-14.599768],[-74.275665,-14.599638],[-74.275236,-14.599479],[-74.27501,-14.599477],[-74.274822,-14.599597],[-74.27353,-14.600881],[-74.273497,-14.601099],[-74.273594,-14.601541],[-74.27359,-14.601763],[-74.272933,-14.602954],[-74.272808,-14.603142],[-74.272594,-14.603194],[-74.272422,-14.60306],[-74.272195,-14.602423],[-74.271996,-14.602341],[-74.271822,-14.602479],[-74.271605,-14.602877],[-74.271526,-14.603088],[-74.271493,-14.603311],[-74.271431,-14.604214],[-74.271439,-14.60444],[-74.271511,-14.604652],[-74.271663,-14.604822],[-74.272802,-14.605584],[-74.272955,-14.605741],[-74.272887,-14.605943],[-74.27233,-14.606342],[-74.272186,-14.606509],[-74.272165,-14.606733],[-74.272273,-14.60763],[-74.272427,-14.607791],[-74.272612,-14.607925],[-74.272695,-14.608111],[-74.272536,-14.608259],[-74.272332,-14.608364],[-74.27217,-14.60852],[-74.271659,-14.609533],[-74.271586,-14.609743],[-74.271611,-14.609964],[-74.27184,-14.610839],[-74.271735,-14.611025],[-74.27152,-14.611069],[-74.270866,-14.610859],[-74.27064,-14.610836],[-74.270426,-14.610913],[-74.27024,-14.611041],[-74.269482,-14.611889],[-74.269289,-14.612009],[-74.269075,-14.612085],[-74.268387,-14.612109],[-74.268162,-14.61215],[-74.267974,-14.612273],[-74.266664,-14.613541],[-74.26651,-14.613707],[-74.266407,-14.613908],[-74.266371,-14.614583],[-74.26604,-14.615663],[-74.265879,-14.615818],[-74.265667,-14.615903],[-74.265482,-14.616022],[-74.265423,-14.616239],[-74.265364,-14.616687],[-74.265295,-14.616903],[-74.265123,-14.617321],[-74.265009,-14.617517],[-74.264732,-14.617877],[-74.264633,-14.61808],[-74.264597,-14.618302],[-74.264591,-14.618528],[-74.264504,-14.618726],[-74.264287,-14.618714],[-74.264071,-14.618636],[-74.263848,-14.61861],[-74.263652,-14.618719],[-74.263353,-14.619063],[-74.263243,-14.619259],[-74.263114,-14.61992],[-74.262979,-14.6201],[-74.26278,-14.620211],[-74.262353,-14.620375],[-74.262133,-14.62043],[-74.262028,-14.62028],[-74.2622,-14.620142],[-74.262812,-14.619836],[-74.262894,-14.619635],[-74.262802,-14.619432],[-74.262673,-14.619246],[-74.262615,-14.619036],[-74.262676,-14.61882],[-74.262785,-14.618622],[-74.262927,-14.618445],[-74.263114,-14.618318],[-74.263519,-14.618106],[-74.263642,-14.617919],[-74.263979,-14.616605],[-74.26401,-14.616381],[-74.26401,-14.616155],[-74.263941,-14.61548],[-74.263939,-14.615255],[-74.264283,-14.614978],[-74.264311,-14.614533],[-74.264365,-14.614315],[-74.26476,-14.613255],[-74.264782,-14.612805],[-74.264849,-14.612591],[-74.26538,-14.611854],[-74.265481,-14.611651],[-74.265532,-14.611436],[-74.265451,-14.611231],[-74.265257,-14.611116],[-74.265032,-14.611114],[-74.264855,-14.61125],[-74.264628,-14.611642],[-74.264036,-14.612333],[-74.263922,-14.612529],[-74.263644,-14.613389],[-74.263478,-14.613539],[-74.262853,-14.613821],[-74.262688,-14.613976],[-74.262407,-14.614333],[-74.26224,-14.614487],[-74.26164,-14.614819],[-74.261437,-14.614923],[-74.261215,-14.61498],[-74.26076,-14.61498],[-74.260604,-14.615129],[-74.260557,-14.615346],[-74.260547,-14.615572],[-74.26046,-14.615775],[-74.26027,-14.615892],[-74.258911,-14.61611],[-74.258716,-14.616224],[-74.258577,-14.6164],[-74.258402,-14.617054],[-74.258266,-14.617234],[-74.257947,-14.617559],[-74.257816,-14.617743],[-74.257745,-14.617958],[-74.257563,-14.618843],[-74.25744,-14.61903],[-74.257242,-14.619137],[-74.25702,-14.619191],[-74.256808,-14.619276],[-74.256615,-14.619398],[-74.2557,-14.62008],[-74.255312,-14.620319],[-74.254866,-14.620422],[-74.25418,-14.620481],[-74.253954,-14.620521],[-74.253744,-14.620609],[-74.253572,-14.620756],[-74.25343,-14.620933],[-74.253344,-14.62114],[-74.253041,-14.62223],[-74.252995,-14.622452],[-74.252919,-14.623351],[-74.252807,-14.623542],[-74.252597,-14.623618],[-74.252379,-14.623569],[-74.252241,-14.623391],[-74.252033,-14.622744],[-74.251984,-14.622524],[-74.251987,-14.6223],[-74.252046,-14.622083],[-74.252819,-14.619954],[-74.252859,-14.619735],[-74.252783,-14.619523],[-74.252074,-14.618634],[-74.251917,-14.618471],[-74.251714,-14.61837],[-74.251051,-14.618186],[-74.250829,-14.618129],[-74.250601,-14.618132],[-74.248598,-14.618624],[-74.248393,-14.618725],[-74.247827,-14.61911],[-74.247668,-14.619272],[-74.24709,-14.619972],[-74.246893,-14.620618],[-74.24672,-14.62076],[-74.245592,-14.620963],[-74.245134,-14.620946],[-74.244223,-14.620837],[-74.244011,-14.620749],[-74.24383,-14.620612],[-74.243694,-14.620432],[-74.24361,-14.620223],[-74.243517,-14.619553],[-74.243467,-14.619333],[-74.243368,-14.619129],[-74.242792,-14.618151],[-74.2427,-14.617944],[-74.24265,-14.617724],[-74.242643,-14.617498],[-74.242688,-14.616143],[-74.24267,-14.615919],[-74.242525,-14.615754],[-74.242299,-14.615723],[-74.240234,-14.615775],[-74.240015,-14.615721],[-74.239861,-14.615558],[-74.239624,-14.615171],[-74.239431,-14.615072],[-74.239261,-14.615209],[-74.239068,-14.61562],[-74.238941,-14.615806],[-74.23874,-14.615909],[-74.238519,-14.615971],[-74.236959,-14.61635],[-74.236564,-14.616577],[-74.236014,-14.616986],[-74.235773,-14.617367],[-74.235597,-14.617512],[-74.234788,-14.617939],[-74.234575,-14.618022],[-74.234354,-14.617988],[-74.23415,-14.617885],[-74.233927,-14.617859],[-74.233746,-14.617996],[-74.233589,-14.61816],[-74.233387,-14.618264],[-74.233169,-14.618211],[-74.232763,-14.618007],[-74.232544,-14.618053],[-74.231709,-14.61843],[-74.231525,-14.618557],[-74.231443,-14.618765],[-74.231471,-14.618986],[-74.231851,-14.619809],[-74.231962,-14.620006],[-74.2321,-14.620186],[-74.232779,-14.620794],[-74.232964,-14.620927],[-74.233181,-14.62097],[-74.233623,-14.620852],[-74.23384,-14.620899],[-74.23398,-14.621069],[-74.234116,-14.621501],[-74.234647,-14.623467],[-74.234675,-14.62369],[-74.234672,-14.623916],[-74.234472,-14.625486],[-74.234467,-14.625711],[-74.234521,-14.62593],[-74.234894,-14.626999],[-74.234941,-14.62722],[-74.234968,-14.627671],[-74.234952,-14.627897],[-74.234809,-14.629018],[-74.234776,-14.629242],[-74.234676,-14.629444],[-74.234156,-14.630188],[-74.233985,-14.630607],[-74.23383,-14.630768],[-74.233612,-14.630835],[-74.233383,-14.630858],[-74.233157,-14.630831],[-74.232946,-14.630748],[-74.232015,-14.630086],[-74.231811,-14.629993],[-74.2316,-14.63007],[-74.231405,-14.630188],[-74.231181,-14.630224],[-74.230961,-14.630163],[-74.230778,-14.630028],[-74.230639,-14.629851],[-74.230177,-14.629072],[-74.229974,-14.62897],[-74.228222,-14.628426],[-74.22802,-14.62832],[-74.227896,-14.628131],[-74.227693,-14.627726],[-74.22742,-14.627365],[-74.2268,-14.626698],[-74.226632,-14.626546],[-74.226247,-14.626299],[-74.226069,-14.626159],[-74.225927,-14.625983],[-74.225573,-14.625401],[-74.22548,-14.625196],[-74.225451,-14.62475],[-74.225295,-14.624596],[-74.225089,-14.624498],[-74.224926,-14.624343],[-74.22456,-14.623769],[-74.224464,-14.623564],[-74.224398,-14.623349],[-74.224336,-14.622901],[-74.224229,-14.622717],[-74.224015,-14.622749],[-74.223897,-14.622939],[-74.223704,-14.623347],[-74.223506,-14.623456],[-74.222591,-14.623513],[-74.222154,-14.623381],[-74.22196,-14.623464],[-74.221865,-14.62367],[-74.2218,-14.623882],[-74.221886,-14.624082],[-74.222083,-14.624193],[-74.222752,-14.624356],[-74.222943,-14.624473],[-74.222999,-14.624686],[-74.222985,-14.625364],[-74.223398,-14.626893],[-74.223952,-14.629087],[-74.224066,-14.629278],[-74.224426,-14.629554],[-74.224556,-14.629734],[-74.224585,-14.629956],[-74.224735,-14.630118],[-74.225105,-14.630384],[-74.22526,-14.63055],[-74.225824,-14.631264],[-74.226071,-14.631644],[-74.226496,-14.632446],[-74.226585,-14.632654],[-74.22663,-14.632875],[-74.226618,-14.6331],[-74.226271,-14.634177],[-74.226168,-14.634378],[-74.226036,-14.634561],[-74.225868,-14.634715],[-74.22568,-14.634844],[-74.225278,-14.635062],[-74.224654,-14.635348],[-74.22446,-14.635468],[-74.223619,-14.636237],[-74.223493,-14.636422],[-74.223301,-14.637306],[-74.223262,-14.637755],[-74.223339,-14.637968],[-74.223633,-14.63858],[-74.223669,-14.638802],[-74.223644,-14.639704],[-74.223506,-14.639877],[-74.223326,-14.640017],[-74.223168,-14.640177],[-74.223041,-14.640365],[-74.222889,-14.640533],[-74.222519,-14.640801],[-74.222323,-14.640916],[-74.222098,-14.640958],[-74.221643,-14.6409],[-74.221417,-14.640859],[-74.220782,-14.640607],[-74.219635,-14.640562],[-74.219409,-14.640533],[-74.218965,-14.640418],[-74.218738,-14.640389],[-74.218049,-14.640386],[-74.21784,-14.640461],[-74.217649,-14.640587],[-74.217445,-14.640687],[-74.217221,-14.640732],[-74.215852,-14.640591],[-74.215169,-14.64067],[-74.21496,-14.640607],[-74.214707,-14.640237],[-74.214504,-14.640139],[-74.214279,-14.640101],[-74.214079,-14.639997],[-74.21394,-14.639819],[-74.213829,-14.639621],[-74.213791,-14.639398],[-74.213797,-14.639172],[-74.213772,-14.63895],[-74.213553,-14.638553],[-74.213474,-14.638342],[-74.213362,-14.637674],[-74.213254,-14.637475],[-74.213114,-14.637298],[-74.21259,-14.636858],[-74.212477,-14.636663],[-74.212429,-14.636443],[-74.212322,-14.636254],[-74.212125,-14.636139],[-74.211913,-14.636051],[-74.211749,-14.635898],[-74.211703,-14.635677],[-74.211632,-14.634776],[-74.211558,-14.634566],[-74.211034,-14.63413],[-74.21093,-14.633932],[-74.210902,-14.633029],[-74.210938,-14.632806],[-74.21101,-14.632591],[-74.211029,-14.632374],[-74.210788,-14.63174],[-74.21068,-14.631541],[-74.210257,-14.631007],[-74.210079,-14.630865],[-74.209855,-14.630837],[-74.209169,-14.63089],[-74.208955,-14.630817],[-74.208415,-14.6304],[-74.208203,-14.630372],[-74.208167,-14.630582],[-74.208331,-14.631003],[-74.20838,-14.631224],[-74.208362,-14.631675],[-74.208305,-14.631894],[-74.208072,-14.632532],[-74.207891,-14.632947],[-74.20752,-14.633518],[-74.207289,-14.634155],[-74.207189,-14.634358],[-74.207046,-14.634533],[-74.205952,-14.635355],[-74.205731,-14.63534],[-74.205538,-14.635218],[-74.205319,-14.635178],[-74.205123,-14.635291],[-74.204759,-14.635565],[-74.204343,-14.635757],[-74.203907,-14.635895],[-74.202538,-14.636041],[-74.202081,-14.636011],[-74.20186,-14.636056],[-74.201671,-14.636464],[-74.201545,-14.63665],[-74.201191,-14.636938],[-74.200452,-14.637474],[-74.200288,-14.637632],[-74.200022,-14.638],[-74.199223,-14.639876],[-74.198998,-14.640516],[-74.198895,-14.640957],[-74.198758,-14.641851],[-74.198745,-14.642302],[-74.198763,-14.642527],[-74.198861,-14.642968],[-74.198853,-14.643645],[-74.19892,-14.644319],[-74.198482,-14.6456],[-74.198319,-14.645756],[-74.198101,-14.645817],[-74.197423,-14.645937],[-74.197226,-14.64604],[-74.19707,-14.646462],[-74.196902,-14.646605],[-74.196678,-14.646656],[-74.196471,-14.646751],[-74.196278,-14.646873],[-74.195911,-14.647144],[-74.195744,-14.647299],[-74.195444,-14.647641],[-74.195275,-14.647793],[-74.195074,-14.647898],[-74.194856,-14.647968],[-74.193752,-14.648278],[-74.19357,-14.648403],[-74.193456,-14.648596],[-74.19338,-14.64881],[-74.193229,-14.648974],[-74.193013,-14.649038],[-74.192802,-14.648964],[-74.192664,-14.648787],[-74.192468,-14.648378],[-74.192322,-14.648209],[-74.192103,-14.648231],[-74.191687,-14.648762],[-74.191086,-14.649086],[-74.190934,-14.649256],[-74.19082,-14.649451],[-74.190665,-14.649614],[-74.190456,-14.649705],[-74.189774,-14.649772],[-74.189101,-14.649917],[-74.188643,-14.649948],[-74.188187,-14.649916],[-74.187989,-14.650021],[-74.18785,-14.6502],[-74.187684,-14.65035],[-74.187459,-14.650334],[-74.187279,-14.650197],[-74.187008,-14.649835],[-74.186793,-14.649799],[-74.186662,-14.649971],[-74.186644,-14.650192],[-74.186705,-14.650409],[-74.186907,-14.650815],[-74.186864,-14.651021],[-74.186664,-14.651131],[-74.186494,-14.651274],[-74.186472,-14.651494],[-74.186888,-14.6523],[-74.18726,-14.653127],[-74.187374,-14.65332],[-74.187529,-14.653487],[-74.18826,-14.654032],[-74.188375,-14.654224],[-74.188343,-14.654444],[-74.188226,-14.654635],[-74.187907,-14.654961],[-74.187769,-14.655138],[-74.187676,-14.655344],[-74.187433,-14.656448],[-74.18727,-14.656871],[-74.187242,-14.657095],[-74.18725,-14.657321],[-74.187439,-14.658205],[-74.187403,-14.658428],[-74.187295,-14.658624],[-74.187105,-14.65875],[-74.186884,-14.658803],[-74.185977,-14.658939],[-74.185764,-14.659017],[-74.185653,-14.659207],[-74.18562,-14.659656],[-74.185496,-14.65984],[-74.185126,-14.660107],[-74.184999,-14.660288],[-74.185021,-14.660509],[-74.185156,-14.660942],[-74.18519,-14.661164],[-74.185188,-14.661389],[-74.185084,-14.662059],[-74.185015,-14.662273],[-74.184856,-14.662427],[-74.184433,-14.662598],[-74.184232,-14.662707],[-74.184089,-14.66288],[-74.1836,-14.663646],[-74.183442,-14.663801],[-74.183221,-14.663848],[-74.182992,-14.663842],[-74.182767,-14.663871],[-74.182573,-14.663989],[-74.181672,-14.664688],[-74.181529,-14.664863],[-74.181457,-14.665077],[-74.181384,-14.665523],[-74.181273,-14.665717],[-74.181099,-14.665864],[-74.180885,-14.665943],[-74.180659,-14.665924],[-74.180237,-14.66575],[-74.180016,-14.665707],[-74.17979,-14.665741],[-74.175796,-14.667971],[-74.175608,-14.668099],[-74.175442,-14.668254],[-74.175302,-14.668433],[-74.175125,-14.668849],[-74.174276,-14.671902],[-74.174176,-14.672103],[-74.173971,-14.67219],[-74.173754,-14.672133],[-74.172881,-14.671399],[-74.172557,-14.671079],[-74.172429,-14.670893],[-74.172337,-14.670686],[-74.172209,-14.670514],[-74.172,-14.67053],[-74.171883,-14.670722],[-74.17161,-14.671585],[-74.17151,-14.671786],[-74.171353,-14.671949],[-74.170947,-14.672157],[-74.170763,-14.67229],[-74.170625,-14.67247],[-74.170126,-14.673229],[-74.170028,-14.673433],[-74.169453,-14.67491],[-74.16916,-14.675766],[-74.169193,-14.675984],[-74.169323,-14.67617],[-74.169412,-14.676376],[-74.169407,-14.6766],[-74.169365,-14.676822],[-74.169287,-14.677033],[-74.169166,-14.677224],[-74.168999,-14.677379],[-74.168634,-14.677653],[-74.168315,-14.677975],[-74.167313,-14.679491],[-74.16712,-14.6799],[-74.166618,-14.682106],[-74.166594,-14.682329],[-74.166642,-14.682545],[-74.167093,-14.683056],[-74.167192,-14.68326],[-74.167246,-14.683479],[-74.167279,-14.684156],[-74.167249,-14.684379],[-74.167173,-14.684591],[-74.167062,-14.684788],[-74.165289,-14.687153],[-74.165129,-14.687314],[-74.16492,-14.687402],[-74.164694,-14.687428],[-74.164029,-14.68727],[-74.163814,-14.687327],[-74.163324,-14.687799],[-74.163115,-14.68789],[-74.162887,-14.687892],[-74.161751,-14.68774],[-74.161544,-14.68782],[-74.161412,-14.688003],[-74.160772,-14.689936],[-74.160818,-14.690155],[-74.1611,-14.69051],[-74.161205,-14.690707],[-74.161332,-14.691374],[-74.161329,-14.691597],[-74.161165,-14.692255],[-74.161131,-14.692478],[-74.161139,-14.692704],[-74.161304,-14.693593],[-74.161359,-14.694041],[-74.161291,-14.694943],[-74.161209,-14.695148],[-74.160996,-14.695192],[-74.160768,-14.695165],[-74.160548,-14.695103],[-74.16035,-14.69499],[-74.160198,-14.694822],[-74.160147,-14.694602],[-74.160066,-14.694393],[-74.159887,-14.694257],[-74.159469,-14.694074],[-74.159288,-14.693936],[-74.159147,-14.693759],[-74.158911,-14.693371],[-74.158755,-14.693208],[-74.158542,-14.693128],[-74.158097,-14.693021],[-74.157934,-14.692865],[-74.157683,-14.692487],[-74.157535,-14.692314],[-74.156738,-14.6915],[-74.156571,-14.691347],[-74.156364,-14.691254],[-74.155687,-14.691133],[-74.155458,-14.691136],[-74.155021,-14.69126],[-74.154802,-14.691212],[-74.154265,-14.690789],[-74.154043,-14.690762],[-74.15383,-14.690841],[-74.15364,-14.690962],[-74.153486,-14.691128],[-74.152799,-14.692303],[-74.152658,-14.69248],[-74.152455,-14.692578],[-74.151771,-14.692662],[-74.151544,-14.692666],[-74.151352,-14.692558],[-74.151112,-14.692176],[-74.150962,-14.692004],[-74.150791,-14.691853],[-74.150422,-14.691586],[-74.150259,-14.69143],[-74.150162,-14.691229],[-74.150081,-14.690102],[-74.150003,-14.689894],[-74.149817,-14.689766],[-74.149397,-14.689585],[-74.149218,-14.689448],[-74.147994,-14.687809],[-74.147909,-14.687602],[-74.147908,-14.687377],[-74.148074,-14.686258],[-74.14811,-14.685581],[-74.148066,-14.685363],[-74.147913,-14.6852],[-74.147703,-14.685117],[-74.147479,-14.685142],[-74.147285,-14.68526],[-74.147142,-14.685433],[-74.146657,-14.6862],[-74.146512,-14.686374],[-74.144898,-14.687643],[-74.144419,-14.688131],[-74.144237,-14.688267],[-74.14308,-14.689004],[-74.142913,-14.689157],[-74.142815,-14.689359],[-74.14276,-14.689578],[-74.142496,-14.690909],[-74.142434,-14.691126],[-74.14228,-14.691284],[-74.142057,-14.691311],[-74.141868,-14.691188],[-74.141653,-14.690793],[-74.141196,-14.689756],[-74.141036,-14.6896],[-74.140819,-14.689529],[-74.139915,-14.689371],[-74.139688,-14.689338],[-74.139459,-14.689333],[-74.139256,-14.689433],[-74.138899,-14.689717],[-74.138686,-14.689799],[-74.138237,-14.689885],[-74.138041,-14.689999],[-74.137903,-14.690177],[-74.137841,-14.690392],[-74.137873,-14.691295],[-74.137814,-14.691513],[-74.13775,-14.69196],[-74.137873,-14.692624],[-74.137858,-14.692846],[-74.137699,-14.693269],[-74.137731,-14.693943],[-74.137601,-14.694376],[-74.137602,-14.694598],[-74.137814,-14.694994],[-74.137895,-14.695205],[-74.137912,-14.695429],[-74.137848,-14.695644],[-74.137599,-14.696023],[-74.137508,-14.696227],[-74.13743,-14.6969],[-74.137531,-14.69709],[-74.137756,-14.697118],[-74.138437,-14.697014],[-74.139099,-14.696834],[-74.139309,-14.696904],[-74.139415,-14.697099],[-74.139476,-14.697317],[-74.13957,-14.697519],[-74.139761,-14.697639],[-74.14062,-14.69796],[-74.140818,-14.69807],[-74.141105,-14.698423],[-74.141287,-14.69856],[-74.141504,-14.698629],[-74.141729,-14.698671],[-74.141893,-14.69881],[-74.141868,-14.699017],[-74.141669,-14.699089],[-74.141479,-14.698972],[-74.141314,-14.698815],[-74.141131,-14.698679],[-74.14093,-14.698571],[-74.14071,-14.698508],[-74.140483,-14.698473],[-74.140265,-14.698528],[-74.140103,-14.698685],[-74.139965,-14.698866],[-74.139801,-14.69902],[-74.139604,-14.699136],[-74.139178,-14.699305],[-74.138957,-14.699367],[-74.13873,-14.699384],[-74.138501,-14.69937],[-74.138286,-14.699433],[-74.137616,-14.700048],[-74.137223,-14.700281],[-74.137046,-14.700424],[-74.136756,-14.700773],[-74.136385,-14.701036],[-74.136173,-14.70112],[-74.135045,-14.700919],[-74.134817,-14.7009],[-74.134588,-14.700915],[-74.134366,-14.700968],[-74.132866,-14.701536],[-74.132642,-14.701561],[-74.132485,-14.701414],[-74.132522,-14.701195],[-74.132916,-14.700379],[-74.132929,-14.700157],[-74.132453,-14.697947],[-74.132289,-14.697807],[-74.132063,-14.69783],[-74.131617,-14.69793],[-74.13142,-14.697823],[-74.131282,-14.697645],[-74.130342,-14.695834],[-74.130151,-14.695734],[-74.123959,-14.695431],[-74.123927,-14.695647],[-74.123864,-14.695863],[-74.123733,-14.696047],[-74.122884,-14.697115],[-74.122727,-14.697278],[-74.122518,-14.69735],[-74.122299,-14.697289],[-74.121659,-14.69704],[-74.121456,-14.696935],[-74.120698,-14.696425],[-74.12056,-14.696251],[-74.120519,-14.69603],[-74.120452,-14.695355],[-74.120467,-14.695129],[-74.12054,-14.694917],[-74.12107,-14.693914],[-74.121354,-14.693296],[-74.121835,-14.692527],[-74.12191,-14.692314],[-74.121903,-14.692093],[-74.120864,-14.690336],[-74.120575,-14.689985],[-74.119933,-14.689339],[-74.119429,-14.688583],[-74.119337,-14.688378],[-74.119284,-14.687929],[-74.119241,-14.687025],[-74.119246,-14.686799],[-74.119288,-14.686581],[-74.11938,-14.686374],[-74.120199,-14.685012],[-74.120283,-14.684803],[-74.120296,-14.684578],[-74.120258,-14.684355],[-74.120054,-14.683708],[-74.119954,-14.683505],[-74.11982,-14.683322],[-74.11966,-14.683161],[-74.119472,-14.683033],[-74.118867,-14.682709],[-74.118658,-14.682627],[-74.11843,-14.682635],[-74.117983,-14.682722],[-74.117762,-14.682666],[-74.117129,-14.682398],[-74.116908,-14.682348],[-74.116451,-14.682375],[-74.116223,-14.682362],[-74.116024,-14.682253],[-74.115897,-14.682068],[-74.115851,-14.681847],[-74.115841,-14.681395],[-74.115554,-14.680538],[-74.115516,-14.680088],[-74.11542,-14.679895],[-74.115225,-14.679776],[-74.114804,-14.679595],[-74.114612,-14.679474],[-74.114068,-14.679058],[-74.113765,-14.678721],[-74.113248,-14.677973],[-74.113092,-14.677811],[-74.112886,-14.677714],[-74.11266,-14.677685],[-74.112435,-14.677729],[-74.11203,-14.677938],[-74.111806,-14.677957],[-74.111603,-14.677864],[-74.111222,-14.677612],[-74.110573,-14.677388],[-74.110379,-14.677279],[-74.110315,-14.677071],[-74.110412,-14.67663],[-74.110408,-14.676405],[-74.110323,-14.676197],[-74.1102,-14.676008],[-74.109373,-14.674923],[-74.109186,-14.674799],[-74.108964,-14.674825],[-74.10882,-14.674994],[-74.108852,-14.675214],[-74.109509,-14.675844],[-74.109656,-14.676016],[-74.109752,-14.676456],[-74.109752,-14.676681],[-74.109666,-14.676886],[-74.109528,-14.677065],[-74.109049,-14.677552],[-74.108854,-14.677667],[-74.108632,-14.677719],[-74.108403,-14.677705],[-74.107997,-14.677501],[-74.10762,-14.677243],[-74.10746,-14.677082],[-74.107352,-14.676883],[-74.107205,-14.676456],[-74.107041,-14.676305],[-74.106402,-14.67606],[-74.106344,-14.67585],[-74.106601,-14.675222],[-74.10663,-14.674999],[-74.106562,-14.673644],[-74.10651,-14.673425],[-74.10627,-14.67304],[-74.106245,-14.672819],[-74.106354,-14.672621],[-74.106623,-14.672255],[-74.106704,-14.672047],[-74.106606,-14.671378],[-74.106633,-14.671156],[-74.1068,-14.671014],[-74.107246,-14.670911],[-74.107428,-14.670787],[-74.107471,-14.670574],[-74.107332,-14.6704],[-74.107113,-14.670359],[-74.106884,-14.670383],[-74.106693,-14.670492],[-74.106563,-14.670677],[-74.106339,-14.671072],[-74.106167,-14.671215],[-74.105955,-14.671291],[-74.105727,-14.67128],[-74.105309,-14.671093],[-74.10509,-14.67105],[-74.104891,-14.671143],[-74.104595,-14.671489],[-74.104396,-14.671581],[-74.10422,-14.671449],[-74.104123,-14.671247],[-74.104125,-14.671023],[-74.104197,-14.670812],[-74.10437,-14.670665],[-74.104587,-14.670593],[-74.105273,-14.670547],[-74.105495,-14.670507],[-74.105663,-14.670365],[-74.106345,-14.669188],[-74.106309,-14.668971],[-74.106118,-14.66886],[-74.105662,-14.668822],[-74.10544,-14.668771],[-74.105237,-14.668668],[-74.105087,-14.668499],[-74.105006,-14.668289],[-74.10496,-14.668067],[-74.104958,-14.667842],[-74.105085,-14.667657],[-74.105302,-14.667606],[-74.105757,-14.667666],[-74.107748,-14.668206],[-74.107969,-14.668173],[-74.108102,-14.667996],[-74.108058,-14.667782],[-74.107882,-14.667642],[-74.107471,-14.667441],[-74.107015,-14.667388],[-74.106796,-14.667335],[-74.106425,-14.66707],[-74.106228,-14.666955],[-74.106004,-14.666925],[-74.10509,-14.667004],[-74.104864,-14.666981],[-74.104671,-14.666864],[-74.104553,-14.666676],[-74.104534,-14.666454],[-74.104594,-14.666007],[-74.104488,-14.665815],[-74.104276,-14.665735],[-74.102489,-14.665316],[-74.102273,-14.66524],[-74.101866,-14.665031],[-74.101478,-14.664791],[-74.100758,-14.664238],[-74.100541,-14.664247],[-74.1004,-14.664403],[-74.10038,-14.664628],[-74.100406,-14.665079],[-74.100728,-14.665924],[-74.100715,-14.666144],[-74.100548,-14.666279],[-74.100328,-14.666263],[-74.100117,-14.666175],[-74.099898,-14.666178],[-74.099282,-14.666477],[-74.099064,-14.666546],[-74.098378,-14.666597],[-74.098172,-14.666682],[-74.09805,-14.666872],[-74.098064,-14.667095],[-74.09819,-14.667281],[-74.098508,-14.667607],[-74.0986,-14.667809],[-74.098529,-14.668019],[-74.098123,-14.668566],[-74.097874,-14.668946],[-74.097655,-14.669343],[-74.097582,-14.669555],[-74.097668,-14.669758],[-74.098234,-14.67047],[-74.098405,-14.670887],[-74.098466,-14.671105],[-74.0985,-14.671328],[-74.098502,-14.671554],[-74.098491,-14.671779],[-74.09845,-14.672002],[-74.098369,-14.672209],[-74.098207,-14.672368],[-74.098003,-14.672466],[-74.096906,-14.6728],[-74.096461,-14.67291],[-74.096002,-14.672921],[-74.095775,-14.672954],[-74.095558,-14.673025],[-74.09536,-14.673137],[-74.094821,-14.673559],[-74.090966,-14.676015],[-74.090795,-14.676162],[-74.090762,-14.676379],[-74.09081,-14.676829],[-74.090725,-14.677035],[-74.09057,-14.677201],[-74.090485,-14.677409],[-74.090318,-14.678298],[-74.090375,-14.678508],[-74.090742,-14.678769],[-74.090752,-14.678983],[-74.090611,-14.679159],[-74.090427,-14.679289],[-74.090203,-14.679305],[-74.089994,-14.679224],[-74.089851,-14.679048],[-74.088818,-14.677286],[-74.088802,-14.677065],[-74.089002,-14.676416],[-74.088992,-14.676196],[-74.088829,-14.676045],[-74.088612,-14.675999],[-74.088424,-14.67611],[-74.08833,-14.676311],[-74.088469,-14.676972],[-74.088388,-14.677645],[-74.088101,-14.678258],[-74.088094,-14.678483],[-74.088157,-14.679158],[-74.088117,-14.67938],[-74.088035,-14.679589],[-74.087921,-14.679786],[-74.087765,-14.679948],[-74.087587,-14.68009],[-74.087218,-14.680359],[-74.087011,-14.68045],[-74.085885,-14.680237],[-74.085656,-14.68023],[-74.085453,-14.680328],[-74.085277,-14.680473],[-74.085113,-14.68063],[-74.084983,-14.680815],[-74.084467,-14.682073],[-74.083823,-14.683272],[-74.083466,-14.683851],[-74.083395,-14.684065],[-74.083409,-14.685194],[-74.083445,-14.685417],[-74.083733,-14.686033],[-74.083867,-14.686211],[-74.084264,-14.686435],[-74.084412,-14.686597],[-74.084395,-14.686816],[-74.084218,-14.686952],[-74.083795,-14.687123],[-74.083624,-14.687266],[-74.083526,-14.687468],[-74.0835,-14.687689],[-74.083534,-14.68791],[-74.083872,-14.6885],[-74.083962,-14.688705],[-74.083943,-14.688924],[-74.083742,-14.68933],[-74.083681,-14.689547],[-74.083674,-14.689771],[-74.083509,-14.689901],[-74.083315,-14.68982],[-74.083333,-14.689607],[-74.083615,-14.689251],[-74.083711,-14.689046],[-74.083774,-14.688829],[-74.083736,-14.688609],[-74.083589,-14.688441],[-74.083215,-14.688179],[-74.083076,-14.688002],[-74.082618,-14.686723],[-74.082324,-14.685398],[-74.0823,-14.684948],[-74.082355,-14.6845],[-74.082334,-14.684277],[-74.082223,-14.684079],[-74.08214,-14.683871],[-74.082051,-14.683429],[-74.082101,-14.683211],[-74.082211,-14.683013],[-74.08226,-14.682794],[-74.082237,-14.682572],[-74.08212,-14.682137],[-74.082171,-14.681919],[-74.082638,-14.681422],[-74.08273,-14.681222],[-74.08263,-14.68103],[-74.082412,-14.681048],[-74.082262,-14.681213],[-74.0819,-14.681788],[-74.081625,-14.682651],[-74.081563,-14.683098],[-74.081464,-14.684677],[-74.081221,-14.686242],[-74.081168,-14.68646],[-74.081084,-14.68667],[-74.080949,-14.686851],[-74.080623,-14.68717],[-74.080261,-14.687447],[-74.07984,-14.687624],[-74.078741,-14.687947],[-74.078191,-14.688352],[-74.077321,-14.688631],[-74.076906,-14.688823],[-74.076687,-14.68889],[-74.076233,-14.68896],[-74.075777,-14.688997],[-74.075555,-14.68894],[-74.075129,-14.688771],[-74.074906,-14.688723],[-74.074685,-14.688773],[-74.071755,-14.690073],[-74.071539,-14.690146],[-74.071311,-14.690157],[-74.071084,-14.690126],[-74.07064,-14.69001],[-74.070182,-14.689988],[-74.06996,-14.690038],[-74.069748,-14.690124],[-74.068769,-14.690712],[-74.068546,-14.69076],[-74.06763,-14.69073],[-74.067182,-14.690823],[-74.066748,-14.69097],[-74.066547,-14.691078],[-74.066382,-14.691234],[-74.065978,-14.691783],[-74.065823,-14.691948],[-74.064196,-14.692786],[-74.063982,-14.692868],[-74.06353,-14.692944],[-74.062842,-14.692979],[-74.062384,-14.692962],[-74.061703,-14.692859],[-74.061481,-14.692806],[-74.061278,-14.692703],[-74.061145,-14.692522],[-74.06114,-14.692298],[-74.061245,-14.692099],[-74.061425,-14.691964],[-74.061839,-14.691768],[-74.062229,-14.69153],[-74.063181,-14.690256],[-74.063289,-14.690058],[-74.063361,-14.689844],[-74.06389,-14.686951],[-74.063909,-14.686274],[-74.063759,-14.684471],[-74.063697,-14.684255],[-74.063606,-14.684049],[-74.062976,-14.683104],[-74.062836,-14.682926],[-74.06264,-14.682814],[-74.062414,-14.682777],[-74.061955,-14.682757],[-74.061731,-14.682723],[-74.061538,-14.682609],[-74.061413,-14.682421],[-74.061125,-14.681563],[-74.061034,-14.681359],[-74.060835,-14.681271],[-74.060617,-14.681332],[-74.060002,-14.681639],[-74.059576,-14.681806],[-74.059129,-14.681905],[-74.057759,-14.682039],[-74.057535,-14.682089],[-74.056225,-14.682509],[-74.056002,-14.68256],[-74.055088,-14.682645],[-74.05463,-14.682638],[-74.054179,-14.682553],[-74.053744,-14.682418],[-74.053635,-14.682227],[-74.053477,-14.681567],[-74.052822,-14.680123],[-74.052687,-14.679942],[-74.052176,-14.67949],[-74.05213,-14.679278],[-74.052233,-14.679088],[-74.052448,-14.679035],[-74.05267,-14.679084],[-74.053758,-14.679445],[-74.053985,-14.679463],[-74.054208,-14.679411],[-74.054375,-14.679259],[-74.054451,-14.67905],[-74.054419,-14.678831],[-74.054295,-14.678645],[-74.05365,-14.678],[-74.053462,-14.677876],[-74.053238,-14.677843],[-74.053009,-14.677845],[-74.052802,-14.677763],[-74.052706,-14.677562],[-74.052656,-14.677342],[-74.052539,-14.676673],[-74.052539,-14.676448],[-74.052835,-14.675596],[-74.052941,-14.674926],[-74.053022,-14.674718],[-74.053215,-14.674598],[-74.053843,-14.674321],[-74.054841,-14.673763],[-74.055472,-14.673493],[-74.055646,-14.673349],[-74.055773,-14.673164],[-74.055849,-14.672951],[-74.056245,-14.671652],[-74.056293,-14.671431],[-74.056289,-14.671208],[-74.056251,-14.670985],[-74.056069,-14.67057],[-74.055352,-14.66969],[-74.055141,-14.66961],[-74.054003,-14.66946],[-74.053137,-14.669163],[-74.052958,-14.669026],[-74.052928,-14.668809],[-74.053022,-14.668603],[-74.053897,-14.667013],[-74.054077,-14.666597],[-74.054701,-14.664421],[-74.054888,-14.663537],[-74.055045,-14.661508],[-74.055184,-14.660158],[-74.055236,-14.659939],[-74.055344,-14.65974],[-74.05591,-14.659028],[-74.05644,-14.65829],[-74.056537,-14.658086],[-74.056592,-14.657867],[-74.05665,-14.657419],[-74.056622,-14.657196],[-74.056391,-14.656557],[-74.056338,-14.656339],[-74.056262,-14.655665],[-74.055567,-14.653749],[-74.055434,-14.653567],[-74.055256,-14.653427],[-74.054462,-14.652972],[-74.054085,-14.652716],[-74.053563,-14.651975],[-74.053488,-14.651764],[-74.05347,-14.651538],[-74.053506,-14.650409],[-74.05348,-14.650184],[-74.053325,-14.649525],[-74.053339,-14.6493],[-74.053384,-14.649079],[-74.053997,-14.6469],[-74.05422,-14.646259],[-74.05457,-14.645423],[-74.05472,-14.644532],[-74.05461,-14.644337],[-74.054403,-14.644252],[-74.054181,-14.644296],[-74.053128,-14.645168],[-74.051332,-14.646174],[-74.051131,-14.646283],[-74.05024,-14.646497],[-74.050029,-14.646581],[-74.049747,-14.646936],[-74.049585,-14.647091],[-74.049379,-14.647176],[-74.048924,-14.647126],[-74.048703,-14.647072],[-74.048562,-14.646903],[-74.04812,-14.644916],[-74.047978,-14.644744],[-74.047788,-14.644618],[-74.047653,-14.644439],[-74.047322,-14.643358],[-74.047209,-14.64246],[-74.047226,-14.642238],[-74.047363,-14.642065],[-74.047578,-14.641995],[-74.048036,-14.641961],[-74.048242,-14.641868],[-74.048922,-14.64126],[-74.049074,-14.641092],[-74.049166,-14.640886],[-74.0494,-14.640011],[-74.049369,-14.639789],[-74.049203,-14.639638],[-74.048981,-14.63961],[-74.048753,-14.639631],[-74.047848,-14.639784],[-74.047178,-14.639939],[-74.046747,-14.640094],[-74.046549,-14.640207],[-74.046178,-14.64047],[-74.045959,-14.640428],[-74.045597,-14.640155],[-74.045374,-14.640157],[-74.044645,-14.640702],[-74.044421,-14.640723],[-74.044214,-14.640636],[-74.044083,-14.640452],[-74.043916,-14.640032],[-74.043728,-14.639918],[-74.043043,-14.639862],[-74.042816,-14.639894],[-74.041991,-14.640286],[-74.041766,-14.640303],[-74.041555,-14.640217],[-74.041161,-14.639985],[-74.040951,-14.639895],[-74.040494,-14.63988],[-74.040269,-14.639848],[-74.040099,-14.639699],[-74.039637,-14.639197],[-74.038808,-14.638809],[-74.038632,-14.638669],[-74.038591,-14.638451],[-74.038838,-14.637348],[-74.038904,-14.637131],[-74.039337,-14.636085],[-74.039292,-14.63587],[-74.039101,-14.635755],[-74.038201,-14.635574],[-74.035218,-14.635527],[-74.034992,-14.63549],[-74.034792,-14.635381],[-74.034643,-14.635211],[-74.034409,-14.634823],[-74.034319,-14.634615],[-74.034287,-14.634392],[-74.034285,-14.634166],[-74.034347,-14.63372],[-74.034466,-14.633528],[-74.035111,-14.632886],[-74.035257,-14.632711],[-74.035375,-14.632518],[-74.035672,-14.631906],[-74.0358,-14.63172],[-74.037206,-14.630558],[-74.037493,-14.630207],[-74.038014,-14.629462],[-74.038122,-14.629262],[-74.038405,-14.628168],[-74.038427,-14.627944],[-74.038334,-14.627744],[-74.038142,-14.627621],[-74.037731,-14.62742],[-74.037563,-14.627276],[-74.037513,-14.627062],[-74.037616,-14.626391],[-74.037626,-14.626168],[-74.037525,-14.625972],[-74.037358,-14.625823],[-74.037132,-14.625791],[-74.036904,-14.625813],[-74.036454,-14.625901],[-74.036243,-14.625989],[-74.035844,-14.626212],[-74.03563,-14.626275],[-74.03542,-14.626192],[-74.034734,-14.625592],[-74.034547,-14.62547],[-74.034327,-14.625493],[-74.034194,-14.625669],[-74.034189,-14.626572],[-74.034076,-14.627469],[-74.034004,-14.627682],[-74.033848,-14.627847],[-74.033304,-14.62826],[-74.033205,-14.628462],[-74.03314,-14.628679],[-74.033048,-14.628884],[-74.032855,-14.628993],[-74.031976,-14.62925],[-74.031388,-14.6296],[-74.031175,-14.629684],[-74.030953,-14.629744],[-74.030725,-14.629759],[-74.030045,-14.629651],[-74.029359,-14.629705],[-74.029135,-14.629671],[-74.028551,-14.629314],[-74.028378,-14.629167],[-74.028245,-14.628982],[-74.027799,-14.628192],[-74.027655,-14.627765],[-74.027716,-14.626638],[-74.027808,-14.626434],[-74.028273,-14.625935],[-74.028397,-14.625745],[-74.028459,-14.625529],[-74.02846,-14.625303],[-74.028397,-14.625086],[-74.027956,-14.624043],[-74.02784,-14.623849],[-74.027653,-14.623722],[-74.027431,-14.623665],[-74.027205,-14.623649],[-74.027006,-14.62375],[-74.025828,-14.624827],[-74.025293,-14.625254],[-74.024912,-14.625498],[-74.024506,-14.626047],[-74.024354,-14.626213],[-74.024134,-14.626261],[-74.02369,-14.626145],[-74.023463,-14.626165],[-74.023243,-14.626231],[-74.023015,-14.626249],[-74.021886,-14.626043],[-74.021201,-14.625973],[-74.020977,-14.625927],[-74.020761,-14.625851],[-74.019909,-14.625513],[-74.019709,-14.625404],[-74.019532,-14.62526],[-74.019397,-14.625077],[-74.019157,-14.624693],[-74.019011,-14.624265],[-74.018982,-14.624042],[-74.019027,-14.623821],[-74.01919,-14.623399],[-74.019214,-14.623176],[-74.019176,-14.622953],[-74.019065,-14.622758],[-74.018874,-14.622637],[-74.018666,-14.622541],[-74.01848,-14.622414],[-74.018372,-14.622216],[-74.01815,-14.621574],[-74.01811,-14.621355],[-74.018146,-14.621134],[-74.018277,-14.620702],[-74.018303,-14.620478],[-74.018317,-14.620026],[-74.018278,-14.619809],[-74.018098,-14.619684],[-74.017646,-14.619637],[-74.017481,-14.619492],[-74.017295,-14.618841],[-74.017147,-14.61868],[-74.016922,-14.618674],[-74.016752,-14.61882],[-74.01629,-14.619323],[-74.016091,-14.619427],[-74.015864,-14.619446],[-74.015216,-14.619223],[-74.014988,-14.619208],[-74.014764,-14.619255],[-74.014552,-14.619339],[-74.014358,-14.619455],[-74.014008,-14.619747],[-74.013789,-14.619794],[-74.013566,-14.619757],[-74.012754,-14.619336],[-74.012595,-14.619177],[-74.012566,-14.618957],[-74.01258,-14.618506],[-74.012556,-14.618281],[-74.012271,-14.616954],[-74.012192,-14.616746],[-74.012006,-14.616632],[-74.011557,-14.6167],[-74.011327,-14.6167],[-74.010213,-14.616431],[-74.009996,-14.616357],[-74.009809,-14.616229],[-74.009507,-14.615891],[-74.009339,-14.615739],[-74.009122,-14.615703],[-74.008685,-14.615843],[-74.008461,-14.615855],[-74.00826,-14.615756],[-74.008114,-14.615582],[-74.007351,-14.614453],[-74.007146,-14.614363],[-74.006689,-14.614358],[-74.006471,-14.614293],[-74.00629,-14.614156],[-74.005352,-14.612873],[-74.005015,-14.612567],[-74.003568,-14.611453],[-74.003244,-14.611135],[-74.001995,-14.609514],[-74.001649,-14.608928],[-74.001458,-14.608517],[-74.001332,-14.608328],[-74.000715,-14.607658],[-74.000119,-14.60697],[-73.999948,-14.606822],[-73.999737,-14.606734],[-73.999294,-14.606615],[-73.999094,-14.606513],[-73.998923,-14.606363],[-73.998676,-14.605982],[-73.998239,-14.605187],[-73.998095,-14.605011],[-73.997908,-14.604885],[-73.997703,-14.604785],[-73.996849,-14.604453],[-73.996626,-14.604496],[-73.996436,-14.604618],[-73.996301,-14.604798],[-73.99627,-14.605019],[-73.996299,-14.605242],[-73.996412,-14.60568],[-73.996445,-14.605903],[-73.996324,-14.606798],[-73.996266,-14.607016],[-73.99611,-14.607172],[-73.995472,-14.607425],[-73.995279,-14.607546],[-73.994185,-14.60837],[-73.99402,-14.608526],[-73.993942,-14.608734],[-73.993991,-14.609181],[-73.994241,-14.610284],[-73.994308,-14.610499],[-73.994566,-14.610871],[-73.995342,-14.611703],[-73.995457,-14.611898],[-73.996142,-14.61333],[-73.996401,-14.613701],[-73.996841,-14.614222],[-73.996949,-14.614421],[-73.997029,-14.614632],[-73.997229,-14.615039],[-73.997589,-14.615617],[-73.997692,-14.615819],[-73.998231,-14.617067],[-73.998274,-14.617289],[-73.998259,-14.617513],[-73.997423,-14.620098],[-73.997324,-14.620299],[-73.997129,-14.620407],[-73.996905,-14.620452],[-73.996222,-14.620537],[-73.995993,-14.620544],[-73.995766,-14.620515],[-73.995316,-14.620427],[-73.995099,-14.620357],[-73.994555,-14.619942],[-73.994336,-14.619892],[-73.994137,-14.619993],[-73.993992,-14.620167],[-73.993515,-14.620939],[-73.993373,-14.621111],[-73.993151,-14.621114],[-73.992745,-14.620904],[-73.991977,-14.620409],[-73.991805,-14.620261],[-73.991377,-14.619734],[-73.989362,-14.617884],[-73.989007,-14.617598],[-73.988804,-14.617494],[-73.988585,-14.617428],[-73.987215,-14.617289],[-73.986991,-14.617242],[-73.985511,-14.616625],[-73.985285,-14.616602],[-73.98507,-14.61668],[-73.984252,-14.61709],[-73.984057,-14.617207],[-73.983947,-14.617398],[-73.983974,-14.617619],[-73.984358,-14.618683],[-73.984403,-14.618904],[-73.984477,-14.619579],[-73.984521,-14.619799],[-73.984609,-14.620008],[-73.985591,-14.621259],[-73.986407,-14.622054],[-73.986668,-14.622425],[-73.986855,-14.622837],[-73.987338,-14.624346],[-73.987368,-14.62457],[-73.987355,-14.624795],[-73.987159,-14.625443],[-73.98697,-14.625855],[-73.986851,-14.626048],[-73.986329,-14.626792],[-73.986182,-14.626966],[-73.98613,-14.627179],[-73.986203,-14.627392],[-73.986542,-14.627983],[-73.9868,-14.628357],[-73.987083,-14.628712],[-73.987961,-14.629438],[-73.988111,-14.629608],[-73.988337,-14.63],[-73.988309,-14.630222],[-73.988155,-14.630382],[-73.987967,-14.630513],[-73.9878,-14.630663],[-73.987781,-14.630884],[-73.987817,-14.631334],[-73.987776,-14.631554],[-73.987601,-14.631698],[-73.986361,-14.632289],[-73.986196,-14.632444],[-73.985906,-14.632794],[-73.985791,-14.632989],[-73.985614,-14.633642],[-73.985483,-14.633826],[-73.985143,-14.63413],[-73.985013,-14.634315],[-73.984934,-14.634526],[-73.984755,-14.635181],[-73.984617,-14.63536],[-73.982878,-14.636836],[-73.981919,-14.637805],[-73.981714,-14.637904],[-73.981491,-14.637948],[-73.981265,-14.637913],[-73.980599,-14.63774],[-73.980372,-14.637731],[-73.980156,-14.637803],[-73.979954,-14.637909],[-73.979163,-14.638367],[-73.979014,-14.638536],[-73.97879,-14.638931],[-73.978633,-14.639356],[-73.978542,-14.639799],[-73.978447,-14.639997],[-73.978246,-14.640077],[-73.978054,-14.639978],[-73.976853,-14.637537],[-73.976743,-14.637339],[-73.976607,-14.637157],[-73.97643,-14.637015],[-73.976232,-14.636901],[-73.974626,-14.636023],[-73.9744,-14.635982],[-73.973496,-14.636137],[-73.97327,-14.636109],[-73.970899,-14.635253],[-73.97067,-14.635247],[-73.970443,-14.635275],[-73.969329,-14.635544],[-73.968871,-14.635561],[-73.954976,-14.633841],[-73.954768,-14.633747],[-73.954595,-14.6336],[-73.953426,-14.632206],[-73.953251,-14.63206],[-73.953044,-14.631965],[-73.945496,-14.630005],[-73.945042,-14.629937],[-73.944813,-14.629924],[-73.941142,-14.629795],[-73.939076,-14.629752],[-73.938848,-14.62978],[-73.932815,-14.631184],[-73.932358,-14.63122],[-73.9319,-14.63119],[-73.931446,-14.631128],[-73.931233,-14.631045],[-73.930845,-14.630807],[-73.930688,-14.630643],[-73.927891,-14.626501],[-73.927532,-14.625923],[-73.927342,-14.625511],[-73.925933,-14.621685],[-73.925835,-14.621481],[-73.925668,-14.621328],[-73.925466,-14.62122],[-73.92319,-14.620144],[-73.922594,-14.619807],[-73.922432,-14.619647],[-73.921989,-14.619129],[-73.921805,-14.618996],[-73.919255,-14.617468],[-73.91893,-14.61715],[-73.918217,-14.616266],[-73.918027,-14.616141],[-73.917807,-14.616081],[-73.915971,-14.616063],[-73.915745,-14.616025],[-73.915336,-14.615826],[-73.914758,-14.615458],[-73.91454,-14.615395],[-73.914312,-14.61541],[-73.913865,-14.615515],[-73.896837,-14.620193],[-73.896155,-14.620284],[-73.893175,-14.620446],[-73.892495,-14.620556],[-73.864556,-14.627017],[-73.864101,-14.62707],[-73.863871,-14.62707],[-73.863642,-14.627068],[-73.863186,-14.627012],[-73.860712,-14.626512],[-73.860253,-14.626491],[-73.859573,-14.626589],[-73.848548,-14.62974],[-73.848132,-14.629929],[-73.847745,-14.630172],[-73.839379,-14.63652],[-73.838817,-14.636912],[-73.838412,-14.637124],[-73.834603,-14.638703],[-73.833745,-14.639026],[-73.833298,-14.639123],[-73.833069,-14.63914],[-73.832613,-14.639103],[-73.83239,-14.639052],[-73.831965,-14.638882],[-73.831586,-14.638629],[-73.831255,-14.638317],[-73.831005,-14.637938],[-73.830823,-14.637522],[-73.83027,-14.636037],[-73.830151,-14.6356],[-73.830131,-14.635375],[-73.830311,-14.633576],[-73.830305,-14.633351],[-73.83026,-14.63313],[-73.830026,-14.632745],[-73.829225,-14.631935],[-73.829049,-14.631791],[-73.828839,-14.631705],[-73.828615,-14.63167],[-73.828388,-14.631701],[-73.823781,-14.633102],[-73.823556,-14.633143],[-73.823327,-14.633142],[-73.823114,-14.633062],[-73.822771,-14.632762],[-73.820141,-14.629623],[-73.819965,-14.62948],[-73.819759,-14.629383],[-73.819537,-14.629331],[-73.819309,-14.629336],[-73.819088,-14.629391],[-73.818886,-14.629496],[-73.818706,-14.629635],[-73.815979,-14.632987],[-73.815802,-14.63313],[-73.815602,-14.633237],[-73.815377,-14.63328],[-73.81515,-14.633261],[-73.814927,-14.633208],[-73.814539,-14.632967],[-73.810707,-14.630085],[-73.81033,-14.629827],[-73.81013,-14.629718],[-73.8097,-14.62956],[-73.809477,-14.629506],[-73.805167,-14.628844],[-73.804709,-14.628842],[-73.804485,-14.628888],[-73.800511,-14.630005],[-73.800296,-14.630083],[-73.800127,-14.630231],[-73.800037,-14.630437],[-73.800029,-14.630658],[-73.800114,-14.630865],[-73.80026,-14.631037],[-73.801073,-14.631834],[-73.801703,-14.632779],[-73.802177,-14.633554],[-73.802339,-14.633976],[-73.802372,-14.6342],[-73.80246,-14.63578],[-73.802517,-14.635999],[-73.802624,-14.636198],[-73.802773,-14.63637],[-73.803937,-14.637461],[-73.804086,-14.637632],[-73.804188,-14.637834],[-73.804239,-14.638053],[-73.804231,-14.638279],[-73.803991,-14.639383],[-73.803981,-14.639609],[-73.804006,-14.639833],[-73.804129,-14.640268],[-73.80422,-14.640474],[-73.80489,-14.64139],[-73.804999,-14.641589],[-73.805054,-14.641808],[-73.805063,-14.642033],[-73.805011,-14.642253],[-73.804929,-14.642462],[-73.80481,-14.642655],[-73.804504,-14.64299],[-73.802272,-14.644579],[-73.802073,-14.644692],[-73.801867,-14.644792],[-73.801429,-14.644925],[-73.800974,-14.644977],[-73.794093,-14.645295],[-73.793636,-14.645269],[-73.793414,-14.645217],[-73.793203,-14.64513],[-73.792818,-14.644885],[-73.79266,-14.644721],[-73.791648,-14.643492],[-73.791494,-14.643324],[-73.791316,-14.643182],[-73.791121,-14.643064],[-73.788467,-14.641719],[-73.787233,-14.641116],[-73.78704,-14.640994],[-73.786679,-14.640715],[-73.786512,-14.64056],[-73.785906,-14.639881],[-73.785718,-14.639756],[-73.785501,-14.639685],[-73.785272,-14.639672],[-73.784842,-14.639824],[-73.784039,-14.640262],[-73.783822,-14.640327],[-73.783596,-14.640311],[-73.783415,-14.640178],[-73.783329,-14.639969],[-73.783326,-14.639744],[-73.783377,-14.639294],[-73.783367,-14.639071],[-73.783286,-14.638862],[-73.783148,-14.638683],[-73.782963,-14.638551],[-73.782751,-14.638467],[-73.781855,-14.63827],[-73.781397,-14.638281],[-73.780956,-14.638402],[-73.780751,-14.638503],[-73.780562,-14.638631],[-73.775846,-14.642933],[-73.775663,-14.643069],[-73.775274,-14.643308],[-73.774839,-14.643451],[-73.774383,-14.643502],[-73.773236,-14.643536],[-73.773009,-14.643556],[-73.77279,-14.643623],[-73.772603,-14.643753],[-73.772338,-14.644119],[-73.771695,-14.645569],[-73.771441,-14.645944],[-73.771276,-14.6461],[-73.768167,-14.648027],[-73.764259,-14.650402],[-73.76406,-14.650513],[-73.763841,-14.65057],[-73.763622,-14.650509],[-73.76346,-14.650356],[-73.763401,-14.650142],[-73.763342,-14.648787],[-73.763267,-14.648342],[-73.763182,-14.648131],[-73.762954,-14.64774],[-73.762304,-14.646808],[-73.76216,-14.646633],[-73.761986,-14.646486],[-73.761786,-14.646376],[-73.761566,-14.646313],[-73.761338,-14.646291],[-73.761109,-14.646303],[-73.760892,-14.646374],[-73.758044,-14.647842],[-73.757829,-14.647921],[-73.757603,-14.647952],[-73.757374,-14.647934],[-73.757155,-14.647869],[-73.756949,-14.64777],[-73.756775,-14.647625],[-73.756626,-14.647453],[-73.75635,-14.647092],[-73.756235,-14.646897],[-73.756157,-14.646685],[-73.756156,-14.64646],[-73.756209,-14.646242],[-73.756322,-14.646045],[-73.75681,-14.645567],[-73.756957,-14.645394],[-73.757026,-14.64518],[-73.75705,-14.644956],[-73.756983,-14.644742],[-73.756869,-14.644546],[-73.754575,-14.641161],[-73.754466,-14.640963],[-73.754398,-14.640749],[-73.754372,-14.640525],[-73.754422,-14.640305],[-73.75454,-14.640112],[-73.75602,-14.638385],[-73.756262,-14.638001],[-73.756364,-14.637799],[-73.756469,-14.637361],[-73.756598,-14.636465],[-73.756526,-14.636256],[-73.756355,-14.636112],[-73.756132,-14.636095],[-73.75165,-14.63708],[-73.75122,-14.637236],[-73.751021,-14.637345],[-73.750838,-14.637482],[-73.747792,-14.640557],[-73.74759,-14.640654],[-73.747371,-14.640605],[-73.747256,-14.640414],[-73.747288,-14.640198],[-73.748325,-14.638706],[-73.74843,-14.638505],[-73.74914,-14.636837],[-73.749257,-14.6364],[-73.749268,-14.636175],[-73.749208,-14.635728],[-73.749136,-14.635514],[-73.749034,-14.635312],[-73.748901,-14.635128],[-73.748739,-14.634968],[-73.748544,-14.634853],[-73.748334,-14.634762],[-73.748108,-14.634721],[-73.745827,-14.634467],[-73.74537,-14.634451],[-73.745145,-14.634495],[-73.74472,-14.634666],[-73.739212,-14.637465],[-73.738567,-14.637701],[-73.738117,-14.63779],[-73.725493,-14.638089],[-73.725046,-14.638189],[-73.724635,-14.638389],[-73.724457,-14.63853],[-73.724297,-14.638693],[-73.724157,-14.638871],[-73.722071,-14.64212],[-73.721924,-14.64229],[-73.721725,-14.6424],[-73.721501,-14.642439],[-73.721276,-14.642395],[-73.719518,-14.641872],[-73.718864,-14.641658],[-73.715892,-14.640454],[-73.715484,-14.640248],[-73.715297,-14.640118],[-73.715146,-14.639948],[-73.713284,-14.637651],[-73.713132,-14.637482],[-73.71296,-14.637332],[-73.712572,-14.637092],[-73.712359,-14.637009],[-73.710365,-14.636474],[-73.709947,-14.636289],[-73.709584,-14.636014],[-73.708799,-14.635189],[-73.708629,-14.635036],[-73.70826,-14.634767],[-73.707833,-14.634604],[-73.700688,-14.632921],[-73.700474,-14.632842],[-73.70008,-14.632611],[-73.699921,-14.63245],[-73.699058,-14.631392],[-73.698731,-14.631077],[-73.698537,-14.630956],[-73.698323,-14.630877],[-73.69788,-14.630758],[-73.692504,-14.629565],[-73.691849,-14.629359],[-73.664581,-14.615331],[-73.663958,-14.615041],[-73.663112,-14.614691],[-73.662027,-14.61432],[-73.65064,-14.610786],[-73.6434,-14.608588],[-73.642947,-14.608518],[-73.642718,-14.608515],[-73.64249,-14.608535],[-73.642041,-14.60863],[-73.63838,-14.609961],[-73.637935,-14.610071],[-73.637706,-14.610074],[-73.637254,-14.609996],[-73.625168,-14.607275],[-73.624711,-14.60726],[-73.624264,-14.607357],[-73.623855,-14.607562],[-73.622062,-14.608571],[-73.621839,-14.608619],[-73.621612,-14.608609],[-73.621392,-14.608546],[-73.621194,-14.608438],[-73.621023,-14.608289],[-73.620107,-14.607275],[-73.619939,-14.607122],[-73.619757,-14.606985],[-73.618792,-14.606372],[-73.618424,-14.606103],[-73.618273,-14.605935],[-73.618174,-14.605733],[-73.617847,-14.604185],[-73.617729,-14.603997],[-73.617536,-14.603887],[-73.617308,-14.60387],[-73.617105,-14.603971],[-73.616622,-14.604454],[-73.616434,-14.604582],[-73.616031,-14.604798],[-73.610632,-14.607306],[-73.610414,-14.607376],[-73.609961,-14.60744],[-73.609732,-14.607427],[-73.598477,-14.605203],[-73.598256,-14.605144],[-73.598043,-14.60506],[-73.597842,-14.604949],[-73.594659,-14.603144],[-73.594233,-14.602981],[-73.594006,-14.602947],[-73.593777,-14.60295],[-73.59355,-14.602984],[-73.587025,-14.604289],[-73.586811,-14.604367],[-73.586621,-14.604489],[-73.586474,-14.60466],[-73.586371,-14.604861],[-73.586128,-14.605493],[-73.585983,-14.605667],[-73.58579,-14.605788],[-73.585572,-14.605853],[-73.585343,-14.605858],[-73.585125,-14.605787],[-73.584931,-14.605671],[-73.584788,-14.605496],[-73.584692,-14.605292],[-73.584593,-14.604852],[-73.584483,-14.604655],[-73.584034,-14.604141],[-73.583905,-14.603956],[-73.583404,-14.60294],[-73.58336,-14.602721],[-73.583376,-14.602499],[-73.583515,-14.602323],[-73.583709,-14.602203],[-73.58412,-14.602003],[-73.584305,-14.601872],[-73.584424,-14.601683],[-73.58451,-14.601473],[-73.584629,-14.601281],[-73.584817,-14.601152],[-73.585637,-14.600746],[-73.585821,-14.600613],[-73.585944,-14.600428],[-73.585948,-14.600204],[-73.585842,-14.600009],[-73.585369,-14.599515],[-73.585196,-14.599369],[-73.584998,-14.599254],[-73.584787,-14.599168],[-73.583917,-14.598878],[-73.583463,-14.59881],[-73.583005,-14.598808],[-73.58166,-14.599093],[-73.581433,-14.599126],[-73.581204,-14.599118],[-73.580977,-14.599094],[-73.580768,-14.599001],[-73.580566,-14.598895],[-73.580398,-14.598742],[-73.580243,-14.598575],[-73.579992,-14.598198],[-73.579886,-14.597998],[-73.579758,-14.597563],[-73.579668,-14.597358],[-73.57919,-14.596872],[-73.578934,-14.596498],[-73.578835,-14.596294],[-73.578751,-14.596084],[-73.578707,-14.595863],[-73.578568,-14.595432],[-73.57796,-14.593967],[-73.577901,-14.59375],[-73.57788,-14.593526],[-73.57788,-14.593073],[-73.577801,-14.592864],[-73.577549,-14.592486],[-73.577449,-14.592285],[-73.577445,-14.592062],[-73.57752,-14.591854],[-73.577669,-14.591684],[-73.583108,-14.587903],[-73.584077,-14.587297],[-73.584628,-14.586892],[-73.586075,-14.585441],[-73.58618,-14.58524],[-73.586244,-14.585023],[-73.586271,-14.584799],[-73.586263,-14.584574],[-73.586178,-14.584366],[-73.586036,-14.58419],[-73.585841,-14.584074],[-73.585619,-14.584018],[-73.584476,-14.583922],[-73.584258,-14.583994],[-73.584079,-14.584133],[-73.581414,-14.586941],[-73.581075,-14.587246],[-73.580887,-14.587375],[-73.58027,-14.587676],[-73.577722,-14.588707],[-73.577502,-14.588771],[-73.577275,-14.588799],[-73.576818,-14.588764],[-73.574307,-14.588491],[-73.57386,-14.5884],[-73.572173,-14.587686],[-73.571968,-14.587584],[-73.570794,-14.586874],[-73.57062,-14.586728],[-73.570481,-14.586549],[-73.570025,-14.585766],[-73.5693,-14.584104],[-73.569261,-14.583883],[-73.569269,-14.583657],[-73.569229,-14.583435],[-73.569143,-14.583226],[-73.568623,-14.582482],[-73.568406,-14.582084],[-73.568222,-14.581669],[-73.568079,-14.58124],[-73.567879,-14.580358],[-73.567885,-14.579681],[-73.567825,-14.579464],[-73.567534,-14.578849],[-73.56547,-14.57481],[-73.565323,-14.574382],[-73.565161,-14.573723],[-73.565004,-14.5733],[-73.564173,-14.571686],[-73.563791,-14.571123],[-73.563577,-14.570724],[-73.560031,-14.563622],[-73.559908,-14.563432],[-73.559759,-14.563261],[-73.559582,-14.563117],[-73.559379,-14.563015],[-73.558943,-14.562873],[-73.558279,-14.562693],[-73.558054,-14.562648],[-73.557825,-14.56264],[-73.556917,-14.562771],[-73.556688,-14.562774],[-73.556485,-14.562678],[-73.556189,-14.562334],[-73.556024,-14.56218],[-73.555807,-14.562111],[-73.555585,-14.562145],[-73.555402,-14.562275],[-73.555313,-14.562481],[-73.555196,-14.562919],[-73.555115,-14.563129],[-73.554773,-14.563718],[-73.554745,-14.563939],[-73.555016,-14.565035],[-73.555124,-14.565933],[-73.555106,-14.566156],[-73.554969,-14.566329],[-73.554756,-14.566401],[-73.554551,-14.566318],[-73.554413,-14.566137],[-73.554001,-14.565329],[-73.552639,-14.563509],[-73.552515,-14.56332],[-73.55219,-14.562722],[-73.551214,-14.56119],[-73.551016,-14.560782],[-73.55059,-14.559492],[-73.550398,-14.559083],[-73.550273,-14.558894],[-73.54941,-14.558149],[-73.549266,-14.557973],[-73.548346,-14.556675],[-73.548134,-14.556275],[-73.546546,-14.552764],[-73.546442,-14.552563],[-73.546314,-14.552375],[-73.54598,-14.552067],[-73.545785,-14.551947],[-73.545581,-14.551844],[-73.544306,-14.551332],[-73.543871,-14.551189],[-73.542301,-14.55085],[-73.541843,-14.550855],[-73.541615,-14.550885],[-73.540493,-14.551122],[-73.540272,-14.551184],[-73.539259,-14.551715],[-73.539047,-14.5518],[-73.538604,-14.551919],[-73.537479,-14.552141],[-73.535709,-14.552625],[-73.535252,-14.552658],[-73.533416,-14.552631],[-73.53319,-14.552595],[-73.532974,-14.552521],[-73.530955,-14.551444],[-73.530367,-14.551092],[-73.529424,-14.55045],[-73.527523,-14.549652],[-73.527079,-14.54954],[-73.526851,-14.54953],[-73.526395,-14.549583],[-73.526173,-14.549637],[-73.525313,-14.549952],[-73.525086,-14.549984],[-73.521184,-14.549922],[-73.5205,-14.55],[-73.520271,-14.549992],[-73.518226,-14.549699],[-73.51777,-14.549655],[-73.516171,-14.549809],[-73.514795,-14.549743],[-73.512805,-14.549204],[-73.512374,-14.549049],[-73.512187,-14.548918],[-73.511202,-14.54797],[-73.511025,-14.547828],[-73.510808,-14.547757],[-73.500269,-14.547115],[-73.50005,-14.54718],[-73.499864,-14.547311],[-73.498316,-14.54898],[-73.498195,-14.54917],[-73.498117,-14.549381],[-73.49796,-14.550041],[-73.49784,-14.550233],[-73.497402,-14.550755],[-73.497205,-14.550868],[-73.496109,-14.551201],[-73.495925,-14.551335],[-73.495616,-14.55167],[-73.495424,-14.551791],[-73.494548,-14.552062],[-73.493406,-14.552167],[-73.491142,-14.552543],[-73.490926,-14.552614],[-73.490739,-14.552741],[-73.490404,-14.553049],[-73.4902,-14.553148],[-73.487714,-14.553585],[-73.487497,-14.553657],[-73.48708,-14.553845],[-73.485436,-14.554652],[-73.484794,-14.554895],[-73.484352,-14.555018],[-73.479177,-14.556053],[-73.478498,-14.556166],[-73.473241,-14.556652],[-73.472576,-14.55683],[-73.469086,-14.557957],[-73.467992,-14.558298],[-73.467769,-14.558349],[-73.461646,-14.559306],[-73.459601,-14.5596],[-73.458917,-14.559673],[-73.458471,-14.55978],[-73.458257,-14.55986],[-73.442775,-14.567282],[-73.441732,-14.567755],[-73.441297,-14.567897],[-73.441075,-14.567954],[-73.44062,-14.568016],[-73.440162,-14.568022],[-73.439704,-14.567993],[-73.431772,-14.566724],[-73.431316,-14.566676],[-73.430857,-14.566682],[-73.430403,-14.566745],[-73.427467,-14.567277],[-73.427239,-14.567298],[-73.420352,-14.567379],[-73.419914,-14.567512],[-73.419514,-14.567732],[-73.415653,-14.570938],[-73.414933,-14.571498],[-73.41473,-14.571603],[-73.41131,-14.572922],[-73.41066,-14.573148],[-73.410216,-14.573263],[-73.409766,-14.573348],[-73.409309,-14.57339],[-73.40908,-14.573378],[-73.408633,-14.57328],[-73.408178,-14.57322],[-73.407032,-14.573264],[-73.40612,-14.573161],[-73.405661,-14.573151],[-73.404973,-14.573171],[-73.404745,-14.573147],[-73.404524,-14.573084],[-73.404332,-14.572962],[-73.403985,-14.572666],[-73.403798,-14.572537],[-73.40359,-14.572445],[-73.40227,-14.572059],[-73.402081,-14.571932],[-73.401705,-14.571365],[-73.401527,-14.571226],[-73.401308,-14.571159],[-73.400394,-14.571085],[-73.400174,-14.571021],[-73.399985,-14.570895],[-73.399675,-14.570563],[-73.398161,-14.568572],[-73.397843,-14.568247],[-73.397656,-14.568116],[-73.395767,-14.567293],[-73.395568,-14.56718],[-73.395407,-14.567024],[-73.395331,-14.566814],[-73.39532,-14.566588],[-73.395377,-14.565913],[-73.395352,-14.565688],[-73.395208,-14.56526],[-73.394514,-14.563585],[-73.39438,-14.563153],[-73.39407,-14.561371],[-73.393812,-14.560742],[-73.393692,-14.560306],[-73.393443,-14.558515],[-73.393399,-14.558293],[-73.393325,-14.558081],[-73.392598,-14.557207],[-73.391964,-14.556004],[-73.391733,-14.555613],[-73.391459,-14.55525],[-73.391008,-14.554738],[-73.39061,-14.554185],[-73.390461,-14.554013],[-73.389019,-14.552893],[-73.388644,-14.552633],[-73.388042,-14.552302],[-73.387415,-14.552022],[-73.386755,-14.551829],[-73.385863,-14.551613],[-73.385634,-14.551603],[-73.385408,-14.551632],[-73.385186,-14.551688],[-73.384098,-14.552051],[-73.383876,-14.552102],[-73.38365,-14.552096],[-73.38345,-14.551989],[-73.382903,-14.551579],[-73.380275,-14.550184],[-73.38006,-14.550107],[-73.379839,-14.55005],[-73.369837,-14.548651],[-73.369159,-14.548529],[-73.368717,-14.548409],[-73.368509,-14.548314],[-73.368307,-14.548208],[-73.366978,-14.547318],[-73.366766,-14.547235],[-73.36654,-14.547198],[-73.366311,-14.547205],[-73.364941,-14.547344],[-73.364721,-14.547403],[-73.364541,-14.547538],[-73.363253,-14.548826],[-73.363055,-14.548938],[-73.362836,-14.549003],[-73.36261,-14.549041],[-73.361693,-14.549079],[-73.361239,-14.549148],[-73.360791,-14.549247],[-73.359687,-14.549555],[-73.359229,-14.549561],[-73.359002,-14.549532],[-73.35833,-14.549384],[-73.357894,-14.549242],[-73.35749,-14.549028],[-73.35397,-14.546896],[-73.353617,-14.546608],[-73.35332,-14.546263],[-73.353,-14.54594],[-73.352419,-14.545576],[-73.352205,-14.545494],[-73.351983,-14.545442],[-73.351076,-14.545306],[-73.350861,-14.545228],[-73.350667,-14.545108],[-73.349612,-14.544237],[-73.34942,-14.544113],[-73.34375,-14.540676],[-73.343335,-14.540485],[-73.342043,-14.540013],[-73.34138,-14.539832],[-73.340478,-14.539661],[-73.340023,-14.539602],[-73.338877,-14.539529],[-73.338418,-14.539521],[-73.337732,-14.539571],[-73.336823,-14.539701],[-73.336146,-14.539826],[-73.321047,-14.543735],[-73.320822,-14.543778],[-73.320594,-14.543783],[-73.320371,-14.543731],[-73.320156,-14.543654],[-73.317438,-14.542439],[-73.317013,-14.542268],[-73.316573,-14.542141],[-73.315665,-14.542012],[-73.315447,-14.541942],[-73.315249,-14.541827],[-73.313616,-14.54058],[-73.313415,-14.540473],[-73.313201,-14.54039],[-73.31275,-14.540308],[-73.30545,-14.53949],[-73.304999,-14.539408],[-73.304785,-14.539329],[-73.304583,-14.539222],[-73.294533,-14.532075],[-73.293931,-14.531744],[-73.292236,-14.531047],[-73.292043,-14.530928],[-73.291702,-14.530626],[-73.290763,-14.529634],[-73.289403,-14.528102],[-73.287923,-14.526374],[-73.287758,-14.526218],[-73.287571,-14.526088],[-73.287163,-14.525882],[-73.284367,-14.524853],[-73.283968,-14.52463],[-73.282834,-14.52386],[-73.281531,-14.522933],[-73.280069,-14.521839],[-73.276915,-14.519574],[-73.276218,-14.518985],[-73.275893,-14.518666],[-73.275448,-14.518149],[-73.274911,-14.517416],[-73.273011,-14.514059],[-73.272869,-14.513887],[-73.272663,-14.513796],[-73.270866,-14.513421],[-73.270667,-14.513313],[-73.2705,-14.51316],[-73.269442,-14.511681],[-73.269344,-14.511478],[-73.269303,-14.511256],[-73.269301,-14.511032],[-73.269369,-14.510817],[-73.269885,-14.509808],[-73.269933,-14.509588],[-73.269943,-14.509363],[-73.269902,-14.509141],[-73.269679,-14.508032],[-73.269607,-14.507821],[-73.269404,-14.507734],[-73.269235,-14.507863],[-73.269248,-14.508085],[-73.269367,-14.508753],[-73.269356,-14.508978],[-73.269306,-14.509199],[-73.269097,-14.5096],[-73.268463,-14.510542],[-73.268344,-14.510974],[-73.268187,-14.511398],[-73.268169,-14.511621],[-73.268188,-14.511846],[-73.268248,-14.512064],[-73.26839,-14.51224],[-73.268872,-14.512724],[-73.269018,-14.512898],[-73.269362,-14.513737],[-73.269389,-14.513951],[-73.269195,-14.513995],[-73.269085,-14.513803],[-73.26888,-14.513157],[-73.268769,-14.512959],[-73.268074,-14.512368],[-73.267919,-14.512204],[-73.26785,-14.511991],[-73.267783,-14.511317],[-73.267867,-14.510645],[-73.26787,-14.510419],[-73.267869,-14.509967],[-73.267807,-14.508612],[-73.267785,-14.508387],[-73.267651,-14.507722],[-73.267631,-14.507497],[-73.267646,-14.507272],[-73.267777,-14.506606],[-73.2678,-14.505929],[-73.267752,-14.505709],[-73.267624,-14.505524],[-73.267462,-14.505362],[-73.267205,-14.50499],[-73.267002,-14.504584],[-73.266746,-14.503955],[-73.266537,-14.503552],[-73.26525,-14.501681],[-73.26501,-14.501296],[-73.264952,-14.501078],[-73.264894,-14.50063],[-73.2649,-14.500405],[-73.265103,-14.498153],[-73.265031,-14.497951],[-73.264811,-14.497964],[-73.264752,-14.498169],[-73.26478,-14.498847],[-73.264753,-14.499071],[-73.264695,-14.499289],[-73.264309,-14.500354],[-73.264252,-14.500572],[-73.26422,-14.500795],[-73.264211,-14.501248],[-73.264297,-14.50169],[-73.264506,-14.502091],[-73.264864,-14.502671],[-73.264947,-14.502879],[-73.264984,-14.503556],[-73.265027,-14.503777],[-73.265113,-14.503986],[-73.265722,-14.505203],[-73.265812,-14.505411],[-73.265857,-14.505632],[-73.265842,-14.505857],[-73.265478,-14.506927],[-73.265455,-14.507151],[-73.265529,-14.507825],[-73.26552,-14.508051],[-73.265344,-14.508706],[-73.265134,-14.509817],[-73.265111,-14.510042],[-73.265142,-14.510266],[-73.26521,-14.510481],[-73.265392,-14.510896],[-73.265462,-14.51111],[-73.265489,-14.51156],[-73.265486,-14.513142],[-73.26573,-14.514477],[-73.265704,-14.514701],[-73.265223,-14.515971],[-73.26513,-14.516177],[-73.264959,-14.5163],[-73.26482,-14.516159],[-73.264883,-14.515943],[-73.265305,-14.514894],[-73.265303,-14.514668],[-73.265259,-14.514448],[-73.264959,-14.513838],[-73.264898,-14.513622],[-73.264854,-14.5134],[-73.264858,-14.512722],[-73.26483,-14.512499],[-73.26477,-14.512281],[-73.264523,-14.511648],[-73.264376,-14.510986],[-73.263989,-14.510428],[-73.263883,-14.510228],[-73.263701,-14.509813],[-73.263598,-14.509373],[-73.263536,-14.508926],[-73.263541,-14.5087],[-73.263576,-14.508477],[-73.26374,-14.507819],[-73.263737,-14.507598],[-73.263651,-14.507389],[-73.263013,-14.506187],[-73.262764,-14.505808],[-73.262576,-14.505682],[-73.262354,-14.505634],[-73.261208,-14.50556],[-73.260983,-14.505524],[-73.260778,-14.505425],[-73.260602,-14.505281],[-73.259982,-14.504614],[-73.259835,-14.504441],[-73.259749,-14.504234],[-73.259756,-14.504012],[-73.259829,-14.5038],[-73.260191,-14.50297],[-73.26017,-14.502747],[-73.259978,-14.502338],[-73.259961,-14.502117],[-73.260044,-14.501911],[-73.260334,-14.501561],[-73.260596,-14.501189],[-73.260823,-14.500797],[-73.260996,-14.500379],[-73.261344,-14.499301],[-73.261398,-14.499082],[-73.261375,-14.498859],[-73.261125,-14.498481],[-73.260926,-14.498075],[-73.26078,-14.497911],[-73.260574,-14.497968],[-73.260554,-14.498182],[-73.260965,-14.498723],[-73.261045,-14.498926],[-73.261005,-14.499147],[-73.260823,-14.499561],[-73.260697,-14.499996],[-73.260603,-14.500201],[-73.260481,-14.500393],[-73.260032,-14.500906],[-73.259654,-14.501162],[-73.259062,-14.501508],[-73.258892,-14.501658],[-73.258752,-14.501837],[-73.258653,-14.502041],[-73.258504,-14.502203],[-73.258283,-14.502259],[-73.257369,-14.502179],[-73.256924,-14.502074],[-73.255736,-14.501389],[-73.255583,-14.501224],[-73.255366,-14.500827],[-73.255261,-14.500388],[-73.255289,-14.500164],[-73.25539,-14.49997],[-73.255586,-14.499865],[-73.255812,-14.499854],[-73.256214,-14.500066],[-73.25639,-14.50021],[-73.256531,-14.500388],[-73.256768,-14.500775],[-73.256923,-14.50094],[-73.25754,-14.501237],[-73.257764,-14.501282],[-73.257992,-14.501256],[-73.258204,-14.501172],[-73.25838,-14.501031],[-73.258511,-14.500846],[-73.25858,-14.500633],[-73.258847,-14.499533],[-73.258819,-14.499312],[-73.258736,-14.499103],[-73.25837,-14.498528],[-73.25823,-14.49835],[-73.258043,-14.498219],[-73.257415,-14.497942],[-73.257225,-14.497815],[-73.257074,-14.497645],[-73.256993,-14.497435],[-73.25699,-14.49721],[-73.257026,-14.496989],[-73.257483,-14.495709],[-73.257453,-14.495493],[-73.25725,-14.495424],[-73.257099,-14.495578],[-73.256866,-14.496216],[-73.256771,-14.496421],[-73.25662,-14.49659],[-73.256427,-14.496709],[-73.256215,-14.496793],[-73.255987,-14.496815],[-73.255758,-14.496814],[-73.255072,-14.496751],[-73.254854,-14.496785],[-73.254714,-14.496957],[-73.254688,-14.497179],[-73.254669,-14.497856],[-73.254616,-14.498076],[-73.254527,-14.498284],[-73.254024,-14.49904],[-73.253711,-14.499644],[-73.253589,-14.499831],[-73.253384,-14.499896],[-73.253263,-14.499723],[-73.253327,-14.499509],[-73.253806,-14.498482],[-73.253869,-14.498266],[-73.25388,-14.498042],[-73.253832,-14.497824],[-73.252662,-14.494876],[-73.252342,-14.493792],[-73.252057,-14.493174],[-73.251904,-14.492748],[-73.251811,-14.492542],[-73.251691,-14.492348],[-73.250955,-14.491481],[-73.250818,-14.491301],[-73.250707,-14.491103],[-73.250382,-14.490258],[-73.249914,-14.489483],[-73.249706,-14.488838],[-73.249608,-14.488635],[-73.249157,-14.488122],[-73.248906,-14.487744],[-73.248139,-14.486102],[-73.247469,-14.484917],[-73.244931,-14.479848],[-73.244659,-14.479484],[-73.243988,-14.478868],[-73.243851,-14.478688],[-73.243764,-14.478479],[-73.243619,-14.477586],[-73.243333,-14.476971],[-73.243197,-14.476789],[-73.243024,-14.47664],[-73.241661,-14.475803],[-73.241454,-14.475706],[-73.241231,-14.475654],[-73.240316,-14.475576],[-73.240102,-14.475496],[-73.2399,-14.475392],[-73.239544,-14.475107],[-73.239232,-14.474776],[-73.239119,-14.474581],[-73.238633,-14.473557],[-73.238395,-14.473171],[-73.237521,-14.472123],[-73.23746,-14.471909],[-73.237516,-14.471693],[-73.237657,-14.471518],[-73.238326,-14.470899],[-73.238457,-14.470716],[-73.238475,-14.470492],[-73.238424,-14.469816],[-73.238427,-14.46959],[-73.238499,-14.469144],[-73.238674,-14.468488],[-73.238717,-14.468266],[-73.23873,-14.468041],[-73.238575,-14.46738],[-73.23852,-14.466932],[-73.238352,-14.466512],[-73.238036,-14.46591],[-73.238009,-14.465689],[-73.238201,-14.46504],[-73.238202,-14.464815],[-73.238111,-14.464373],[-73.237903,-14.463727],[-73.237765,-14.463549],[-73.237418,-14.463253],[-73.236648,-14.462415],[-73.236325,-14.462094],[-73.234014,-14.460234],[-73.233707,-14.459899],[-73.233039,-14.45898],[-73.232577,-14.458477],[-73.232037,-14.458056],[-73.231254,-14.457586],[-73.230606,-14.456946],[-73.230362,-14.456565],[-73.230038,-14.455719],[-73.229847,-14.455308],[-73.22918,-14.454121],[-73.228754,-14.453588],[-73.228649,-14.453388],[-73.228465,-14.452738],[-73.228359,-14.452537],[-73.227589,-14.451413],[-73.227281,-14.45108],[-73.226869,-14.450882],[-73.226682,-14.450751],[-73.226557,-14.450564],[-73.226398,-14.45014],[-73.226271,-14.449954],[-73.225766,-14.449494],[-73.225615,-14.449323],[-73.22538,-14.448936],[-73.22524,-14.44876],[-73.224423,-14.448354],[-73.224276,-14.448183],[-73.224073,-14.447777],[-73.223941,-14.447595],[-73.223473,-14.447097],[-73.223354,-14.44691],[-73.22333,-14.446459],[-73.22329,-14.44624],[-73.223041,-14.44586],[-73.222951,-14.445652],[-73.222813,-14.445221],[-73.222763,-14.445001],[-73.222739,-14.444098],[-73.222691,-14.443879],[-73.222581,-14.443682],[-73.222425,-14.443516],[-73.22189,-14.44309],[-73.221752,-14.44291],[-73.221686,-14.442694],[-73.221663,-14.442471],[-73.2217,-14.440889],[-73.221614,-14.440445],[-73.221277,-14.43913],[-73.221176,-14.438929],[-73.220776,-14.438377],[-73.219767,-14.437455],[-73.219239,-14.437019],[-73.218924,-14.436692],[-73.218144,-14.435574],[-73.218033,-14.435376],[-73.217973,-14.435159],[-73.217901,-14.434485],[-73.217087,-14.431893],[-73.216892,-14.431485],[-73.215709,-14.429547],[-73.215099,-14.428872],[-73.214601,-14.428404],[-73.210879,-14.425386],[-73.20951,-14.42418],[-73.209361,-14.424009],[-73.208291,-14.422539],[-73.207724,-14.421829],[-73.204736,-14.41902],[-73.204602,-14.418836],[-73.204505,-14.418632],[-73.204367,-14.418201],[-73.204018,-14.416426],[-73.203879,-14.415304],[-73.203831,-14.415083],[-73.203705,-14.414904],[-73.202975,-14.414357],[-73.200307,-14.41187],[-73.200171,-14.411689],[-73.200062,-14.41149],[-73.199777,-14.410397],[-73.199494,-14.409779],[-73.198948,-14.408785],[-73.198816,-14.4086],[-73.198362,-14.40809],[-73.198019,-14.407793],[-73.197429,-14.407443],[-73.196007,-14.406706],[-73.195384,-14.406417],[-73.19519,-14.406296],[-73.195045,-14.406125],[-73.194825,-14.405728],[-73.19443,-14.405174],[-73.194119,-14.404843],[-73.193604,-14.404393],[-73.193449,-14.404226],[-73.193034,-14.403685],[-73.19253,-14.40267],[-73.192157,-14.401843],[-73.191757,-14.400784],[-73.191194,-14.399062],[-73.191106,-14.398854],[-73.190975,-14.398669],[-73.190807,-14.398516],[-73.190605,-14.39841],[-73.187081,-14.397391],[-73.18665,-14.397238],[-73.186056,-14.396896],[-73.185877,-14.396755],[-73.185726,-14.396586],[-73.185632,-14.396381],[-73.185575,-14.396163],[-73.18559,-14.395485],[-73.185542,-14.394809],[-73.185565,-14.394585],[-73.185765,-14.393937],[-73.185773,-14.393713],[-73.185685,-14.393506],[-73.184618,-14.392035],[-73.184386,-14.391644],[-73.183985,-14.390832],[-73.183852,-14.390649],[-73.183698,-14.390481],[-73.179826,-14.386947],[-73.179698,-14.38676],[-73.179601,-14.386556],[-73.179537,-14.386109],[-73.179514,-14.385432],[-73.179479,-14.385208],[-73.179416,-14.384993],[-73.179292,-14.384803],[-73.17914,-14.384634],[-73.177898,-14.38363],[-73.177737,-14.38347],[-73.177597,-14.383291],[-73.175907,-14.380336],[-73.175669,-14.37995],[-73.175531,-14.37977],[-73.175183,-14.379478],[-73.174985,-14.379364],[-73.173732,-14.3788],[-73.173359,-14.378539],[-73.173192,-14.378386],[-73.17306,-14.378201],[-73.172948,-14.378005],[-73.172863,-14.377795],[-73.172807,-14.377577],[-73.172741,-14.37713],[-73.172582,-14.375555],[-73.172538,-14.375333],[-73.172388,-14.374906],[-73.171547,-14.373048],[-73.171296,-14.372671],[-73.170988,-14.372337],[-73.169207,-14.37091],[-73.169056,-14.370741],[-73.16893,-14.370553],[-73.168734,-14.370145],[-73.16868,-14.369925],[-73.168669,-14.3697],[-73.168614,-14.369481],[-73.168471,-14.369306],[-73.168395,-14.369109],[-73.16889,-14.368089],[-73.168975,-14.36788],[-73.168992,-14.367657],[-73.168946,-14.367436],[-73.168806,-14.367005],[-73.168628,-14.366588],[-73.168415,-14.366188],[-73.167608,-14.365089],[-73.167109,-14.36433],[-73.16695,-14.364168],[-73.166032,-14.363489],[-73.165692,-14.363186],[-73.165387,-14.362848],[-73.165283,-14.362648],[-73.16523,-14.36243],[-73.165246,-14.362205],[-73.165554,-14.361117],[-73.165569,-14.360892],[-73.165479,-14.360449],[-73.164952,-14.358483],[-73.164989,-14.357354],[-73.164961,-14.355772],[-73.16491,-14.355552],[-73.164832,-14.35534],[-73.164476,-14.354508],[-73.164398,-14.354063],[-73.16439,-14.353837],[-73.164653,-14.352507],[-73.164646,-14.352283],[-73.164583,-14.352066],[-73.164186,-14.351251],[-73.164032,-14.350826],[-73.163982,-14.350606],[-73.16397,-14.350155],[-73.163992,-14.34993],[-73.164281,-14.349074],[-73.164334,-14.348854],[-73.16437,-14.348631],[-73.164351,-14.348405],[-73.164316,-14.348183],[-73.164238,-14.347971],[-73.164047,-14.34756],[-73.163826,-14.347165],[-73.163684,-14.346987],[-73.162704,-14.346035],[-73.162436,-14.345668],[-73.162239,-14.345261],[-73.162172,-14.345045],[-73.162133,-14.344825],[-73.162165,-14.343921],[-73.162199,-14.343698],[-73.162392,-14.34329],[-73.162547,-14.343123],[-73.162732,-14.342993],[-73.164096,-14.342155],[-73.164285,-14.342028],[-73.164452,-14.341875],[-73.164594,-14.341697],[-73.165061,-14.340919],[-73.165333,-14.340554],[-73.165491,-14.340392],[-73.165685,-14.340273],[-73.166118,-14.340124],[-73.16746,-14.339816],[-73.167882,-14.339648],[-73.168057,-14.339501],[-73.168492,-14.338976],[-73.168659,-14.338821],[-73.16904,-14.33857],[-73.169218,-14.338426],[-73.169375,-14.338264],[-73.169656,-14.337906],[-73.170147,-14.337432],[-73.170702,-14.33703],[-73.171663,-14.336413],[-73.171866,-14.336307],[-73.172297,-14.336151],[-73.17296,-14.33597],[-73.173612,-14.33575],[-73.176824,-14.334526],[-73.177246,-14.334349],[-73.17745,-14.334246],[-73.17764,-14.33412],[-73.177815,-14.333974],[-73.183009,-14.328541],[-73.183184,-14.328395],[-73.183376,-14.328274],[-73.183781,-14.32806],[-73.184142,-14.327781],[-73.184995,-14.327025],[-73.185476,-14.32654],[-73.186216,-14.325676],[-73.187969,-14.323297],[-73.188265,-14.322953],[-73.18846,-14.322836],[-73.189496,-14.32235],[-73.190176,-14.322247],[-73.190398,-14.322191],[-73.191274,-14.321918],[-73.191911,-14.321663],[-73.194274,-14.320267],[-73.194465,-14.320143],[-73.194607,-14.319968],[-73.194708,-14.319765],[-73.194889,-14.319111],[-73.195005,-14.318917],[-73.195159,-14.318752],[-73.195335,-14.318607],[-73.195701,-14.318334],[-73.196085,-14.318087],[-73.19651,-14.317916],[-73.196731,-14.317858],[-73.196957,-14.31782],[-73.197186,-14.317812],[-73.197643,-14.317846],[-73.198097,-14.317914],[-73.198981,-14.31816],[-73.199205,-14.318204],[-73.199434,-14.318205],[-73.199651,-14.318139],[-73.19983,-14.317997],[-73.199969,-14.317819],[-73.200064,-14.317614],[-73.20011,-14.317393],[-73.200093,-14.317168],[-73.199975,-14.316732],[-73.199214,-14.31484],[-73.199156,-14.314622],[-73.19914,-14.314397],[-73.199175,-14.314174],[-73.199264,-14.313966],[-73.199394,-14.313781],[-73.199571,-14.313641],[-73.199767,-14.313522],[-73.201442,-14.31278],[-73.201882,-14.312654],[-73.202339,-14.312621],[-73.202567,-14.312635],[-73.203016,-14.31273],[-73.205665,-14.313473],[-73.20676,-14.313809],[-73.206989,-14.313813],[-73.207212,-14.313762],[-73.207425,-14.313679],[-73.207617,-14.313555],[-73.214152,-14.308571],[-73.214335,-14.308436],[-73.214535,-14.308325],[-73.214742,-14.308231],[-73.214964,-14.308172],[-73.215191,-14.30814],[-73.215421,-14.30814],[-73.215649,-14.308158],[-73.215873,-14.308205],[-73.216988,-14.308474],[-73.217216,-14.308488],[-73.217445,-14.308469],[-73.217655,-14.308385],[-73.217839,-14.308251],[-73.218002,-14.308092],[-73.219245,-14.306468],[-73.220255,-14.305546],[-73.220615,-14.305266],[-73.221575,-14.304647],[-73.222177,-14.304319],[-73.225483,-14.303369],[-73.225917,-14.303221],[-73.226366,-14.303136],[-73.226824,-14.303132],[-73.227051,-14.303169],[-73.22727,-14.303234],[-73.228733,-14.303888],[-73.228956,-14.303939],[-73.229414,-14.303932],[-73.230096,-14.303838],[-73.23098,-14.303593],[-73.231402,-14.303418],[-73.231741,-14.303114],[-73.233906,-14.300775],[-73.234266,-14.300494],[-73.23446,-14.300374],[-73.234659,-14.300261],[-73.235092,-14.30011],[-73.236455,-14.299921],[-73.236903,-14.299824],[-73.237113,-14.299733],[-73.238319,-14.299077],[-73.238511,-14.298953],[-73.238833,-14.298633],[-73.239113,-14.298274],[-73.239273,-14.298113],[-73.23945,-14.29797],[-73.239853,-14.297754],[-73.241994,-14.296937],[-73.242648,-14.296728],[-73.245565,-14.296106],[-73.245785,-14.296044],[-73.246208,-14.295867],[-73.247849,-14.295054],[-73.248037,-14.294924],[-73.24887,-14.293846],[-73.24902,-14.293677],[-73.249195,-14.293531],[-73.249586,-14.293294],[-73.250015,-14.293135],[-73.251355,-14.292819],[-73.251794,-14.29269],[-73.252216,-14.29251],[-73.252813,-14.292174],[-73.270154,-14.281107],[-73.270895,-14.280573],[-73.271767,-14.279838],[-73.272141,-14.279578],[-73.272351,-14.279488],[-73.27279,-14.279356],[-73.274795,-14.278864],[-73.27522,-14.278692],[-73.275616,-14.278466],[-73.277195,-14.277154],[-73.279158,-14.275589],[-73.279837,-14.274981],[-73.280315,-14.274493],[-73.280662,-14.274197],[-73.281784,-14.27341],[-73.283056,-14.272443],[-73.283441,-14.272196],[-73.284449,-14.271657],[-73.290983,-14.268878],[-73.291174,-14.268753],[-73.291335,-14.268594],[-73.29146,-14.268404],[-73.291559,-14.268201],[-73.29344,-14.263829],[-73.294467,-14.261558],[-73.294539,-14.261112],[-73.294568,-14.260661],[-73.294524,-14.259758],[-73.29454,-14.259533],[-73.294679,-14.259104],[-73.294775,-14.258899],[-73.294908,-14.258715],[-73.295322,-14.258173],[-73.295645,-14.257852],[-73.298095,-14.256175],[-73.298452,-14.25589],[-73.299649,-14.254834],[-73.300008,-14.254553],[-73.300204,-14.254436],[-73.300417,-14.254352],[-73.301735,-14.253957],[-73.302749,-14.253429],[-73.302933,-14.253295],[-73.303092,-14.253133],[-73.303217,-14.252944],[-73.303316,-14.25274],[-73.303396,-14.252529],[-73.303435,-14.252307],[-73.30344,-14.251855],[-73.303293,-14.250963],[-73.303285,-14.250738],[-73.303369,-14.250294],[-73.303571,-14.249888],[-73.304866,-14.248021],[-73.305191,-14.247703],[-73.306269,-14.24686],[-73.307304,-14.246373],[-73.307496,-14.24625],[-73.30804,-14.245833],[-73.310204,-14.244553],[-73.310377,-14.244406],[-73.310509,-14.244222],[-73.310592,-14.244012],[-73.310604,-14.243563],[-73.310565,-14.24334],[-73.310541,-14.242888],[-73.310572,-14.242665],[-73.310634,-14.242448],[-73.310736,-14.242247],[-73.310856,-14.242053],[-73.311002,-14.241879],[-73.31167,-14.24126],[-73.313992,-14.238756],[-73.314104,-14.238558],[-73.314181,-14.238346],[-73.31423,-14.238126],[-73.314185,-14.237451],[-73.314193,-14.237226],[-73.314233,-14.237004],[-73.314316,-14.236794],[-73.314436,-14.236601],[-73.314589,-14.236436],[-73.314774,-14.236302],[-73.315376,-14.235973],[-73.315555,-14.235833],[-73.315702,-14.235659],[-73.315823,-14.235468],[-73.316906,-14.232974],[-73.317159,-14.232343],[-73.317271,-14.232146],[-73.318255,-14.230895],[-73.318891,-14.230243],[-73.319063,-14.230094],[-73.319838,-14.229611],[-73.320203,-14.229337],[-73.320517,-14.229009],[-73.321251,-14.22814],[-73.321425,-14.227993],[-73.322035,-14.22768],[-73.322203,-14.227527],[-73.322339,-14.227347],[-73.322423,-14.227136],[-73.322444,-14.226912],[-73.322429,-14.226687],[-73.32235,-14.226476],[-73.321083,-14.224325],[-73.321016,-14.22411],[-73.320996,-14.223885],[-73.321011,-14.223661],[-73.321073,-14.223444],[-73.321908,-14.221583],[-73.322154,-14.220479],[-73.322187,-14.220256],[-73.322154,-14.220033],[-73.322003,-14.219607],[-73.321342,-14.218416],[-73.320978,-14.217841],[-73.320828,-14.21767],[-73.320492,-14.217362],[-73.319257,-14.216349],[-73.319101,-14.216184],[-73.317989,-14.21447],[-73.317771,-14.214072],[-73.317659,-14.213635],[-73.317655,-14.213409],[-73.317664,-14.213184],[-73.31776,-14.212742],[-73.318039,-14.212122],[-73.318107,-14.211907],[-73.318128,-14.211684],[-73.318075,-14.211464],[-73.317744,-14.210621],[-73.317715,-14.210398],[-73.317718,-14.210173],[-73.317864,-14.209746],[-73.317973,-14.209548],[-73.318164,-14.209425],[-73.318385,-14.209381],[-73.31907,-14.20946],[-73.319296,-14.20945],[-73.319504,-14.209356],[-73.319881,-14.209098],[-73.32028,-14.208875],[-73.320494,-14.208799],[-73.320945,-14.208721],[-73.321395,-14.208806],[-73.321603,-14.208901],[-73.322386,-14.209373],[-73.322598,-14.209457],[-73.322824,-14.209493],[-73.323052,-14.209484],[-73.323964,-14.209378],[-73.325111,-14.209356],[-73.325338,-14.209325],[-73.325776,-14.20919],[-73.326199,-14.209015],[-73.326964,-14.208516],[-73.327138,-14.208368],[-73.327532,-14.207815],[-73.327604,-14.2076],[-73.327637,-14.207378],[-73.327608,-14.207154],[-73.327543,-14.206938],[-73.32743,-14.206741],[-73.327041,-14.206181],[-73.326894,-14.205753],[-73.326776,-14.20556],[-73.326483,-14.205212],[-73.326021,-14.204432],[-73.325883,-14.204253],[-73.325187,-14.203663],[-73.324876,-14.203333],[-73.324685,-14.202922],[-73.324636,-14.202702],[-73.324552,-14.201122],[-73.32446,-14.20068],[-73.324355,-14.20048],[-73.32422,-14.200299],[-73.323901,-14.199973],[-73.323635,-14.199607],[-73.322867,-14.198216],[-73.321928,-14.196404],[-73.321793,-14.196222],[-73.321465,-14.195908],[-73.320919,-14.195495],[-73.320528,-14.195257],[-73.320173,-14.194973],[-73.319885,-14.194622],[-73.319778,-14.194422],[-73.319686,-14.194215],[-73.319606,-14.19377],[-73.319265,-14.190623],[-73.319264,-14.190171],[-73.319286,-14.189946],[-73.319385,-14.189505],[-73.319537,-14.189079],[-73.320816,-14.186175],[-73.321034,-14.185778],[-73.321555,-14.185033],[-73.321654,-14.18483],[-73.32185,-14.18418],[-73.322016,-14.183759],[-73.322239,-14.183365],[-73.322632,-14.182808],[-73.322747,-14.182612],[-73.323064,-14.182287],[-73.323586,-14.181845],[-73.323748,-14.181684],[-73.323883,-14.181504],[-73.323985,-14.181301],[-73.324121,-14.180871],[-73.32412,-14.180646],[-73.324063,-14.180428],[-73.32396,-14.180227],[-73.323527,-14.1797],[-73.323418,-14.179502],[-73.323378,-14.17928],[-73.32336,-14.178828],[-73.323337,-14.174307],[-73.323492,-14.172278],[-73.323562,-14.172063],[-73.323915,-14.171484],[-73.323984,-14.171271],[-73.324002,-14.171047],[-73.323831,-14.170159],[-73.323769,-14.169712],[-73.32372,-14.168809],[-73.323725,-14.168583],[-73.323758,-14.168359],[-73.323809,-14.168139],[-73.324451,-14.166689],[-73.324697,-14.165355],[-73.324672,-14.165131],[-73.324503,-14.164711],[-73.323675,-14.162847],[-73.323475,-14.16244],[-73.323346,-14.162254],[-73.318393,-14.156607],[-73.317026,-14.155082],[-73.31686,-14.154926],[-73.316687,-14.154778],[-73.316122,-14.15439],[-73.313864,-14.153277],[-73.312868,-14.152714],[-73.311835,-14.152222],[-73.31111,-14.151667],[-73.310071,-14.150777],[-73.309775,-14.150433],[-73.308867,-14.148861],[-73.308594,-14.148498],[-73.308269,-14.148178],[-73.307281,-14.147607],[-73.30711,-14.147457],[-73.306679,-14.14693],[-73.306473,-14.146526],[-73.306108,-14.145696],[-73.304541,-14.142676],[-73.304417,-14.142486],[-73.303997,-14.141949],[-73.303674,-14.141629],[-73.303135,-14.141206],[-73.302001,-14.140438],[-73.301413,-14.140084],[-73.301035,-14.139827],[-73.300697,-14.139523],[-73.300556,-14.139345],[-73.300171,-14.138526],[-73.3001,-14.138311],[-73.300062,-14.138089],[-73.300069,-14.137185],[-73.30005,-14.136961],[-73.299999,-14.13674],[-73.29964,-14.135909],[-73.298258,-14.133051],[-73.298166,-14.132844],[-73.298116,-14.132624],[-73.298113,-14.132399],[-73.298166,-14.132179],[-73.29826,-14.131973],[-73.298394,-14.13179],[-73.298558,-14.131633],[-73.299278,-14.131072],[-73.299788,-14.130616],[-73.299929,-14.13044],[-73.300042,-14.130244],[-73.300204,-14.129821],[-73.300258,-14.129602],[-73.300277,-14.129378],[-73.300271,-14.129152],[-73.300224,-14.128932],[-73.299873,-14.128097],[-73.299759,-14.127901],[-73.299607,-14.127732],[-73.299427,-14.127593],[-73.299227,-14.127485],[-73.298804,-14.127309],[-73.298578,-14.127275],[-73.29835,-14.127289],[-73.298128,-14.127349],[-73.296211,-14.128105],[-73.295326,-14.128346],[-73.294468,-14.128669],[-73.294248,-14.128729],[-73.293794,-14.128794],[-73.293566,-14.128784],[-73.293348,-14.128719],[-73.293163,-14.12859],[-73.293025,-14.128411],[-73.292755,-14.127789],[-73.29261,-14.127614],[-73.292428,-14.127478],[-73.292221,-14.127384],[-73.291996,-14.127346],[-73.291768,-14.127355],[-73.291542,-14.127397],[-73.290244,-14.127849],[-73.289583,-14.128038],[-73.288912,-14.128194],[-73.288685,-14.12821],[-73.288009,-14.128088],[-73.287347,-14.127903],[-73.28715,-14.127788],[-73.286974,-14.127644],[-73.286662,-14.127314],[-73.286552,-14.127117],[-73.286479,-14.126904],[-73.286461,-14.126679],[-73.28657,-14.125327],[-73.286517,-14.124879],[-73.286387,-14.124446],[-73.286198,-14.124035],[-73.285598,-14.123071],[-73.285466,-14.122886],[-73.285144,-14.122564],[-73.284709,-14.122039],[-73.284075,-14.120585],[-73.284005,-14.12037],[-73.283973,-14.120147],[-73.283978,-14.119921],[-73.284422,-14.116102],[-73.284469,-14.115199],[-73.28442,-14.11407],[-73.284365,-14.11385],[-73.284247,-14.113658],[-73.283952,-14.113313],[-73.283826,-14.113125],[-73.28357,-14.112495],[-73.283433,-14.112065],[-73.283015,-14.108471],[-73.283011,-14.108247],[-73.283039,-14.108022],[-73.283442,-14.10649],[-73.28349,-14.106269],[-73.28354,-14.10582],[-73.28353,-14.105368],[-73.283358,-14.102887],[-73.283305,-14.102668],[-73.283214,-14.10246],[-73.2829,-14.101858],[-73.282589,-14.101525],[-73.282452,-14.101345],[-73.282352,-14.101143],[-73.281229,-14.098419],[-73.281091,-14.09799],[-73.281041,-14.09754],[-73.281072,-14.096411],[-73.281099,-14.096186],[-73.281398,-14.094862],[-73.281405,-14.094637],[-73.281382,-14.094413],[-73.281328,-14.094194],[-73.280293,-14.09096],[-73.27996,-14.090366],[-73.279705,-14.089991],[-73.277146,-14.086796],[-73.27698,-14.08664],[-73.276789,-14.086515],[-73.273063,-14.084756],[-73.272862,-14.084645],[-73.271624,-14.083639],[-73.270487,-14.082872],[-73.270121,-14.082599],[-73.267682,-14.080538],[-73.267313,-14.08027],[-73.265876,-14.079562],[-73.265245,-14.079291],[-73.264364,-14.079036],[-73.26169,-14.07838],[-73.261477,-14.078298],[-73.261081,-14.078069],[-73.260722,-14.077789],[-73.259043,-14.076248],[-73.257925,-14.075455],[-73.256549,-14.074257],[-73.256218,-14.073944],[-73.255469,-14.073087],[-73.255042,-14.072556],[-73.254801,-14.072171],[-73.254725,-14.071959],[-73.254715,-14.071734],[-73.254759,-14.071514],[-73.255363,-14.069568],[-73.255462,-14.069126],[-73.255512,-14.068677],[-73.255508,-14.068452],[-73.255472,-14.068001],[-73.255403,-14.067554],[-73.255256,-14.066891],[-73.255078,-14.066236],[-73.255001,-14.066023],[-73.254893,-14.065824],[-73.254677,-14.065425],[-73.254433,-14.065043],[-73.254087,-14.064747],[-73.253889,-14.064634],[-73.253667,-14.06458],[-73.253438,-14.064588],[-73.253212,-14.064627],[-73.25166,-14.065039],[-73.251432,-14.065043],[-73.251208,-14.065004],[-73.25101,-14.064891],[-73.249159,-14.063199],[-73.249025,-14.063016],[-73.248927,-14.062813],[-73.248657,-14.061024],[-73.248547,-14.060587],[-73.247449,-14.058863],[-73.247308,-14.058686],[-73.24714,-14.058532],[-73.246072,-14.057676],[-73.245881,-14.057553],[-73.245249,-14.057284],[-73.244494,-14.056772],[-73.244338,-14.056607],[-73.244211,-14.05642],[-73.243653,-14.055433],[-73.243326,-14.05512],[-73.243121,-14.055019],[-73.242901,-14.054955],[-73.242675,-14.05492],[-73.241758,-14.054947],[-73.24153,-14.054934],[-73.241317,-14.05485],[-73.240372,-14.05421],[-73.240168,-14.054108],[-73.239943,-14.054068],[-73.239485,-14.054041],[-73.238567,-14.054076],[-73.238339,-14.054062],[-73.238125,-14.053981],[-73.237935,-14.053857],[-73.237767,-14.053703],[-73.236938,-14.052921],[-73.236624,-14.052592],[-73.236503,-14.0524],[-73.236411,-14.052193],[-73.23637,-14.051971],[-73.236295,-14.05039],[-73.236337,-14.049942],[-73.236434,-14.049739],[-73.236563,-14.049553],[-73.23714,-14.048849],[-73.237368,-14.048458],[-73.237867,-14.047194],[-73.237924,-14.046746],[-73.237946,-14.046069],[-73.237783,-14.04541],[-73.237591,-14.045],[-73.235863,-14.041807],[-73.235607,-14.041433],[-73.23543,-14.041291],[-73.235235,-14.041175],[-73.235015,-14.041109],[-73.234328,-14.041065],[-73.233647,-14.040972],[-73.232274,-14.041059],[-73.23205,-14.041015],[-73.230988,-14.040587],[-73.230596,-14.040352],[-73.230241,-14.040068],[-73.226921,-14.036943],[-73.22675,-14.036793],[-73.226554,-14.036676],[-73.226344,-14.036585],[-73.22524,-14.036279],[-73.224783,-14.036239],[-73.22433,-14.036167],[-73.224106,-14.03612],[-73.223449,-14.035917],[-73.220953,-14.03477],[-73.220551,-14.034551],[-73.220379,-14.034402],[-73.220269,-14.034206],[-73.220216,-14.033988],[-73.220168,-14.033539],[-73.220125,-14.03241],[-73.21996,-14.03199],[-73.219835,-14.0318],[-73.219167,-14.031181],[-73.217921,-14.030182],[-73.217585,-14.029874],[-73.216789,-14.029059],[-73.215709,-14.027887],[-73.214741,-14.026626],[-73.213406,-14.025384],[-73.213252,-14.025217],[-73.212979,-14.024853],[-73.212731,-14.024473],[-73.211566,-14.023076],[-73.211382,-14.022943],[-73.211175,-14.022845],[-73.210529,-14.02261],[-73.210334,-14.022492],[-73.21015,-14.022357],[-73.209046,-14.021207],[-73.208872,-14.02106],[-73.208668,-14.020955],[-73.207816,-14.020618],[-73.207425,-14.020383],[-73.207074,-14.020094],[-73.206072,-14.018856],[-73.204668,-14.017067],[-73.203473,-14.015408],[-73.202743,-14.014535],[-73.202413,-14.014222],[-73.20186,-14.013818],[-73.201657,-14.013715],[-73.201023,-14.013452],[-73.200577,-14.013342],[-73.200349,-14.01332],[-73.200121,-14.013334],[-73.199896,-14.013383],[-73.199244,-14.013598],[-73.198795,-14.013688],[-73.196508,-14.013886],[-73.196289,-14.013953],[-73.194602,-14.014665],[-73.194376,-14.014704],[-73.194148,-14.014694],[-73.193923,-14.014654],[-73.193707,-14.014579],[-73.193318,-14.01434],[-73.193107,-14.014252],[-73.192885,-14.014198],[-73.1922,-14.014137],[-73.19198,-14.014076],[-73.189874,-14.013176],[-73.189653,-14.013117],[-73.1892,-14.013041],[-73.187831,-14.0129],[-73.187613,-14.012831],[-73.187413,-14.012722],[-73.18674,-14.012107],[-73.186187,-14.011704],[-73.185412,-14.011218],[-73.18481,-14.01089],[-73.184225,-14.010532],[-73.1836,-14.01025],[-73.182941,-14.009621],[-73.182182,-14.009113],[-73.182017,-14.008955],[-73.181862,-14.008789],[-73.181619,-14.008408],[-73.181391,-14.007768],[-73.181296,-14.007564],[-73.180937,-14.006985],[-73.180624,-14.006382],[-73.180397,-14.005742],[-73.180293,-14.005302],[-73.1802,-14.00463],[-73.1802,-14.003952],[-73.180173,-14.003728],[-73.179935,-14.002855],[-73.179898,-14.002632],[-73.179856,-14.00173],[-73.179735,-14.001064],[-73.17975,-14.000387],[-73.179706,-14.000166],[-73.179469,-13.99953],[-73.179258,-13.999129],[-73.179006,-13.998751],[-73.178903,-13.99855],[-73.178776,-13.998117],[-73.178734,-13.99631],[-73.178666,-13.995863],[-73.178597,-13.995648],[-73.178301,-13.994792],[-73.1782,-13.994589],[-73.177192,-13.993077],[-73.176613,-13.992101],[-73.176326,-13.991751],[-73.176146,-13.99161],[-73.175567,-13.991243],[-73.175352,-13.991172],[-73.175135,-13.991235],[-73.174565,-13.991942],[-73.174367,-13.992043],[-73.174149,-13.992002],[-73.173529,-13.991707],[-73.172024,-13.991154],[-73.17118,-13.990799],[-73.166142,-13.99045],[-73.165691,-13.990376],[-73.165469,-13.990318],[-73.164837,-13.990048],[-73.163418,-13.989306],[-73.163005,-13.989113],[-73.162816,-13.988984],[-73.162645,-13.988833],[-73.162173,-13.98834],[-73.161887,-13.987986],[-73.161854,-13.987773],[-73.162133,-13.987419],[-73.162166,-13.987199],[-73.162099,-13.986524],[-73.162055,-13.986303],[-73.161981,-13.986089],[-73.161609,-13.985262],[-73.161488,-13.985071],[-73.161016,-13.984577],[-73.160882,-13.984393],[-73.160766,-13.9842],[-73.160679,-13.983991],[-73.160536,-13.983561],[-73.160487,-13.983341],[-73.16048,-13.983115],[-73.16055,-13.982214],[-73.160556,-13.981762],[-73.160108,-13.979546],[-73.160011,-13.978646],[-73.159969,-13.978425],[-73.159614,-13.97735],[-73.159497,-13.977158],[-73.159316,-13.97702],[-73.158322,-13.976454],[-73.157904,-13.97627],[-73.157012,-13.976062],[-73.15681,-13.975957],[-73.156258,-13.975552],[-73.156055,-13.97545],[-73.155172,-13.975201],[-73.154971,-13.975093],[-73.154802,-13.974943],[-73.154396,-13.974395],[-73.154277,-13.974202],[-73.154093,-13.973788],[-73.153723,-13.972718],[-73.153613,-13.971821],[-73.15344,-13.971404],[-73.152901,-13.970407],[-73.152742,-13.969983],[-73.152626,-13.969545],[-73.152632,-13.969321],[-73.152696,-13.969106],[-73.153061,-13.968276],[-73.153304,-13.967641],[-73.153594,-13.967026],[-73.154404,-13.965659],[-73.154693,-13.965308],[-73.155334,-13.964661],[-73.155513,-13.96452],[-73.156305,-13.964064],[-73.156483,-13.963922],[-73.156736,-13.963547],[-73.156952,-13.963148],[-73.157037,-13.96294],[-73.157085,-13.962719],[-73.157119,-13.962269],[-73.157105,-13.962043],[-73.157056,-13.961823],[-73.156968,-13.961617],[-73.156831,-13.961436],[-73.156666,-13.96128],[-73.154433,-13.959689],[-73.154104,-13.959377],[-73.152747,-13.957842],[-73.152407,-13.957539],[-73.152107,-13.957198],[-73.151859,-13.956818],[-73.151693,-13.956398],[-73.151577,-13.956202],[-73.151085,-13.955442],[-73.150921,-13.955286],[-73.150718,-13.955184],[-73.150492,-13.95515],[-73.150265,-13.955156],[-73.149591,-13.955299],[-73.149364,-13.955318],[-73.148905,-13.955312],[-73.147995,-13.955199],[-73.147537,-13.955175],[-73.146853,-13.955258],[-73.146625,-13.955265],[-73.146168,-13.955216],[-73.145753,-13.955031],[-73.145376,-13.954774],[-73.144544,-13.954392],[-73.144355,-13.954265],[-73.144207,-13.954093],[-73.144116,-13.953886],[-73.144013,-13.953447],[-73.143916,-13.953244],[-73.143768,-13.953074],[-73.143582,-13.952943],[-73.143166,-13.952753],[-73.142722,-13.952643],[-73.141805,-13.952614],[-73.141355,-13.95253],[-73.140935,-13.952349],[-73.140744,-13.952225],[-73.140252,-13.951751],[-73.140121,-13.951566],[-73.139939,-13.951151],[-73.139877,-13.950933],[-73.139776,-13.950492],[-73.139663,-13.949596],[-73.139687,-13.949371],[-73.139762,-13.949158],[-73.13985,-13.94895],[-73.139965,-13.948755],[-73.140367,-13.948552],[-73.14048,-13.94836],[-73.140525,-13.948141],[-73.140524,-13.94769],[-73.140443,-13.947016],[-73.140162,-13.945689],[-73.140012,-13.945261],[-73.139916,-13.945056],[-73.139776,-13.944877],[-73.139596,-13.944738],[-73.13919,-13.944527],[-73.136694,-13.943377],[-73.13554,-13.942636],[-73.132145,-13.941255],[-73.131929,-13.941182],[-73.131702,-13.94116],[-73.131476,-13.941199],[-73.131267,-13.941285],[-73.129685,-13.942594],[-73.129528,-13.942758],[-73.129402,-13.942947],[-73.128611,-13.944324],[-73.128339,-13.944687],[-73.128172,-13.944842],[-73.127787,-13.945087],[-73.127172,-13.945393],[-73.126949,-13.945437],[-73.12672,-13.945447],[-73.126492,-13.945424],[-73.123311,-13.94497],[-73.120181,-13.94425],[-73.119527,-13.944041],[-73.119316,-13.943952],[-73.118707,-13.943635],[-73.118518,-13.943507],[-73.118061,-13.943003],[-73.11786,-13.942894],[-73.117187,-13.942755],[-73.11696,-13.94273],[-73.116735,-13.942761],[-73.116515,-13.942826],[-73.116329,-13.942956],[-73.116161,-13.943109],[-73.116044,-13.943304],[-73.115661,-13.944126],[-73.115533,-13.944312],[-73.115378,-13.944478],[-73.115196,-13.944615],[-73.114401,-13.945068],[-73.113665,-13.945606],[-73.113223,-13.94572],[-73.112994,-13.945731],[-73.112766,-13.945709],[-73.112326,-13.945586],[-73.112122,-13.945485],[-73.111942,-13.945348],[-73.111798,-13.945173],[-73.111293,-13.944418],[-73.111151,-13.944241],[-73.110981,-13.944088],[-73.110782,-13.943979],[-73.110347,-13.943837],[-73.108565,-13.943399],[-73.108126,-13.943265],[-73.10625,-13.942412],[-73.105822,-13.942251],[-73.103341,-13.941792],[-73.102883,-13.941771],[-73.102426,-13.941804],[-73.102245,-13.941679],[-73.102173,-13.941475],[-73.102167,-13.941023],[-73.102137,-13.940801],[-73.101987,-13.940635],[-73.101773,-13.940562],[-73.101091,-13.940464],[-73.098571,-13.940303],[-73.098124,-13.940204],[-73.097246,-13.93994],[-73.097036,-13.939848],[-73.096839,-13.939734],[-73.096658,-13.939596],[-73.096507,-13.939426],[-73.096172,-13.938834],[-73.095917,-13.938459],[-73.095739,-13.938318],[-73.095151,-13.937965],[-73.094745,-13.937753],[-73.094325,-13.937571],[-73.093881,-13.937458],[-73.093206,-13.937325],[-73.092773,-13.937175],[-73.092141,-13.936908],[-73.090528,-13.936042],[-73.090148,-13.935788],[-73.089612,-13.935364],[-73.08921,-13.93515],[-73.088986,-13.935098],[-73.088074,-13.934995],[-73.08785,-13.934948],[-73.0872,-13.934726],[-73.086592,-13.934408],[-73.0851,-13.933354],[-73.0847,-13.933135],[-73.083813,-13.932902],[-73.083585,-13.93289],[-73.083358,-13.932924],[-73.083146,-13.933007],[-73.082956,-13.933131],[-73.082422,-13.93356],[-73.081032,-13.934353],[-73.080815,-13.934426],[-73.08059,-13.934465],[-73.080362,-13.934451],[-73.080139,-13.934405],[-73.079933,-13.934306],[-73.079148,-13.933838],[-73.078252,-13.933653],[-73.078047,-13.933553],[-73.077696,-13.933262],[-73.07749,-13.933168],[-73.076151,-13.932848],[-73.075927,-13.932799],[-73.075239,-13.932762],[-73.075013,-13.932724],[-73.074789,-13.932677],[-73.073689,-13.932356],[-73.073231,-13.932345],[-73.072088,-13.932454],[-73.071629,-13.932451],[-73.071403,-13.932415],[-73.07097,-13.932269],[-73.070583,-13.93203],[-73.070413,-13.931878],[-73.069849,-13.931166],[-73.069717,-13.93098],[-73.069613,-13.930779],[-73.069561,-13.930562],[-73.069574,-13.930336],[-73.069771,-13.928994],[-73.069766,-13.928769],[-73.069692,-13.928555],[-73.069574,-13.928364],[-73.069252,-13.928042],[-73.069111,-13.927864],[-73.069005,-13.927664],[-73.06893,-13.927451],[-73.068884,-13.92723],[-73.068764,-13.925652],[-73.0687,-13.925436],[-73.068586,-13.925242],[-73.06843,-13.925077],[-73.068253,-13.924933],[-73.067857,-13.924708],[-73.067639,-13.924637],[-73.066291,-13.924357],[-73.065864,-13.924194],[-73.065665,-13.924082],[-73.065301,-13.923809],[-73.064229,-13.922629],[-73.064062,-13.922474],[-73.06265,-13.921319],[-73.062461,-13.921191],[-73.062057,-13.920975],[-73.061414,-13.920735],[-73.061212,-13.920628],[-73.060841,-13.920362],[-73.060307,-13.919934],[-73.06001,-13.919589],[-73.059643,-13.919016],[-73.059022,-13.917557],[-73.058912,-13.917359],[-73.058516,-13.916807],[-73.058222,-13.916193],[-73.058107,-13.915998],[-73.057228,-13.914954],[-73.05611,-13.914165],[-73.055949,-13.914005],[-73.055828,-13.913814],[-73.055746,-13.913603],[-73.055545,-13.912721],[-73.055472,-13.912507],[-73.05537,-13.912306],[-73.054033,-13.910755],[-73.053698,-13.910448],[-73.05351,-13.910319],[-73.053306,-13.910215],[-73.052884,-13.91004],[-73.051573,-13.909622],[-73.051154,-13.909438],[-73.050963,-13.909314],[-73.050788,-13.909168],[-73.050639,-13.908997],[-73.049683,-13.907453],[-73.047125,-13.903164],[-73.046806,-13.902562],[-73.04639,-13.901509],[-73.044894,-13.896758],[-73.043914,-13.893744],[-73.043755,-13.893319],[-73.043653,-13.893118],[-73.043514,-13.892938],[-73.04336,-13.892771],[-73.043173,-13.892641],[-73.042968,-13.892538],[-73.041683,-13.89205],[-73.041242,-13.891926],[-73.040785,-13.89191],[-73.039881,-13.892065],[-73.039652,-13.89208],[-73.039434,-13.892021],[-73.039239,-13.891904],[-73.038862,-13.891646],[-73.038521,-13.891345],[-73.037809,-13.890459],[-73.036362,-13.889007],[-73.036216,-13.888832],[-73.034813,-13.886764],[-73.034534,-13.886406],[-73.034365,-13.886253],[-73.032892,-13.885173],[-73.032496,-13.884943],[-73.032079,-13.884756],[-73.029923,-13.883978],[-73.029257,-13.883809],[-73.028822,-13.883662],[-73.028413,-13.883457],[-73.028026,-13.883214],[-73.02785,-13.88307],[-73.027697,-13.882903],[-73.027568,-13.882716],[-73.027474,-13.88251],[-73.027418,-13.882291],[-73.027262,-13.881171],[-73.02725,-13.88072],[-73.027353,-13.88028],[-73.028058,-13.878128],[-73.028304,-13.876795],[-73.028242,-13.876585],[-73.028054,-13.876464],[-73.027214,-13.876099],[-73.027017,-13.875986],[-73.026846,-13.875837],[-73.026712,-13.875654],[-73.026656,-13.875435],[-73.026566,-13.873403],[-73.02528,-13.868127],[-73.025237,-13.867906],[-73.025215,-13.867455],[-73.025257,-13.867004],[-73.025251,-13.866778],[-73.025191,-13.866561],[-73.025098,-13.866356],[-73.024807,-13.866007],[-73.024484,-13.865686],[-73.020727,-13.863088],[-73.01971,-13.862564],[-73.019074,-13.862305],[-73.012335,-13.860049],[-73.012113,-13.859993],[-73.011885,-13.85998],[-73.011662,-13.860027],[-73.011452,-13.860115],[-73.010886,-13.860502],[-73.010453,-13.860646],[-73.009782,-13.860799],[-73.009373,-13.861004],[-73.008977,-13.861232],[-73.008551,-13.861402],[-73.008328,-13.861455],[-73.007871,-13.861486],[-73.0065,-13.86136],[-73.004895,-13.861284],[-73.004438,-13.86132],[-73.003985,-13.861392],[-73.003539,-13.861501],[-73.003107,-13.861653],[-72.999487,-13.86309],[-72.998626,-13.863404],[-72.997961,-13.863581],[-72.997055,-13.863726],[-72.996142,-13.863821],[-72.995683,-13.863816],[-72.995229,-13.863749],[-72.992974,-13.863326],[-72.992755,-13.863258],[-72.991089,-13.862497],[-72.990874,-13.86242],[-72.990652,-13.862362],[-72.989974,-13.86225],[-72.989516,-13.862272],[-72.989288,-13.862263],[-72.989064,-13.862218],[-72.988876,-13.862093],[-72.988346,-13.86166],[-72.988144,-13.861552],[-72.987921,-13.86151],[-72.987463,-13.861528],[-72.986779,-13.861607],[-72.986554,-13.861654],[-72.986124,-13.861809],[-72.984869,-13.862368],[-72.984653,-13.862443],[-72.984429,-13.862491],[-72.983971,-13.862472],[-72.983752,-13.862406],[-72.983541,-13.862319],[-72.983346,-13.8622],[-72.983178,-13.862049],[-72.98291,-13.861684],[-72.982768,-13.861255],[-72.982739,-13.861031],[-72.982731,-13.860579],[-72.982736,-13.859224],[-72.982619,-13.858788],[-72.982421,-13.858382],[-72.982128,-13.858035],[-72.981954,-13.857888],[-72.98037,-13.856974],[-72.980205,-13.85682],[-72.979972,-13.856431],[-72.979834,-13.856001],[-72.97979,-13.855779],[-72.979817,-13.855556],[-72.979964,-13.855127],[-72.980006,-13.854906],[-72.98001,-13.854682],[-72.979945,-13.854006],[-72.979801,-13.853578],[-72.979416,-13.852757],[-72.979079,-13.852167],[-72.97889,-13.851755],[-72.97848,-13.85046],[-72.978371,-13.850021],[-72.978331,-13.849798],[-72.978332,-13.849572],[-72.978377,-13.848896],[-72.978413,-13.848673],[-72.978812,-13.84714],[-72.978825,-13.846916],[-72.978809,-13.846691],[-72.978685,-13.846024],[-72.978654,-13.8458],[-72.97865,-13.845574],[-72.978672,-13.84535],[-72.978917,-13.844015],[-72.978904,-13.84379],[-72.978855,-13.84357],[-72.978773,-13.843361],[-72.978635,-13.843181],[-72.978292,-13.842881],[-72.978102,-13.842755],[-72.977896,-13.842657],[-72.97768,-13.842581],[-72.976547,-13.842404],[-72.976104,-13.842292],[-72.975705,-13.84207],[-72.97554,-13.841915],[-72.975293,-13.841535],[-72.975215,-13.841324],[-72.975169,-13.841102],[-72.975166,-13.840651],[-72.975237,-13.83907],[-72.975231,-13.838844],[-72.97518,-13.838624],[-72.975077,-13.838424],[-72.974588,-13.837947],[-72.974059,-13.837513],[-72.97348,-13.837145],[-72.972847,-13.836879],[-72.971319,-13.83639],[-72.971119,-13.836281],[-72.970937,-13.836143],[-72.970776,-13.835983],[-72.970577,-13.835578],[-72.970325,-13.834708],[-72.970144,-13.834293],[-72.969608,-13.833293],[-72.968099,-13.830758],[-72.967719,-13.829934],[-72.967575,-13.829506],[-72.966905,-13.826874],[-72.966708,-13.826224],[-72.96662,-13.826017],[-72.966483,-13.825837],[-72.96564,-13.82507],[-72.965501,-13.824891],[-72.965391,-13.824693],[-72.964794,-13.823224],[-72.964605,-13.822812],[-72.964458,-13.822641],[-72.963895,-13.822251],[-72.96356,-13.821945],[-72.962882,-13.821032],[-72.962775,-13.820834],[-72.962705,-13.82062],[-72.96267,-13.820396],[-72.962653,-13.819944],[-72.962616,-13.819723],[-72.962097,-13.818466],[-72.960932,-13.816009],[-72.959352,-13.813252],[-72.959244,-13.813052],[-72.959163,-13.812841],[-72.959031,-13.812408],[-72.958781,-13.811305],[-72.958818,-13.810855],[-72.95903,-13.809976],[-72.959154,-13.80908],[-72.959178,-13.808856],[-72.959109,-13.808409],[-72.95902,-13.808201],[-72.958904,-13.808006],[-72.958172,-13.807136],[-72.958049,-13.806947],[-72.95797,-13.806737],[-72.95795,-13.806513],[-72.95799,-13.806291],[-72.958098,-13.806093],[-72.958249,-13.805924],[-72.958431,-13.805787],[-72.958582,-13.805617],[-72.958688,-13.805418],[-72.958807,-13.804751],[-72.95881,-13.804299],[-72.958757,-13.803623],[-72.958767,-13.803398],[-72.958849,-13.802953],[-72.958929,-13.802743],[-72.95903,-13.80254],[-72.959176,-13.802366],[-72.959511,-13.802057],[-72.959665,-13.801889],[-72.959897,-13.8015],[-72.959967,-13.801286],[-72.959995,-13.801064],[-72.959976,-13.800839],[-72.959877,-13.800638],[-72.959415,-13.800137],[-72.959275,-13.799958],[-72.959175,-13.799755],[-72.959114,-13.799538],[-72.95905,-13.798864],[-72.959232,-13.79752],[-72.95923,-13.797295],[-72.959167,-13.79708],[-72.95905,-13.796886],[-72.958892,-13.796724],[-72.958696,-13.796609],[-72.957829,-13.796315],[-72.957636,-13.796192],[-72.957464,-13.796044],[-72.957313,-13.795875],[-72.957193,-13.795683],[-72.957101,-13.795476],[-72.957032,-13.795261],[-72.956999,-13.795038],[-72.957,-13.794813],[-72.957088,-13.793913],[-72.957072,-13.793687],[-72.957,-13.793475],[-72.956863,-13.793295],[-72.956689,-13.793148],[-72.954549,-13.791828],[-72.954151,-13.791602],[-72.95372,-13.791449],[-72.952393,-13.791084],[-72.951963,-13.790926],[-72.951563,-13.790704],[-72.950211,-13.789848],[-72.949421,-13.789388],[-72.947303,-13.788514],[-72.94713,-13.78837],[-72.947038,-13.788175],[-72.947031,-13.787949],[-72.94698,-13.787729],[-72.946776,-13.787324],[-72.946632,-13.787149],[-72.945749,-13.786427],[-72.945357,-13.786192],[-72.944544,-13.785772],[-72.944183,-13.785493],[-72.943349,-13.784415],[-72.943045,-13.784076],[-72.942717,-13.78376],[-72.941695,-13.78285],[-72.941157,-13.782427],[-72.939496,-13.781217],[-72.938814,-13.780612],[-72.938666,-13.78044],[-72.93854,-13.780251],[-72.93824,-13.77964],[-72.937993,-13.77926],[-72.937103,-13.778226],[-72.936894,-13.777824],[-72.936664,-13.777185],[-72.936604,-13.776738],[-72.936593,-13.776286],[-72.936617,-13.77493],[-72.936572,-13.77448],[-72.936416,-13.774056],[-72.936068,-13.773472],[-72.935983,-13.773262],[-72.935846,-13.772831],[-72.935676,-13.772173],[-72.935519,-13.771749],[-72.935293,-13.771356],[-72.934842,-13.770845],[-72.934673,-13.770692],[-72.934481,-13.77057],[-72.934274,-13.770473],[-72.93045,-13.76893],[-72.929575,-13.768656],[-72.927799,-13.768197],[-72.927373,-13.768031],[-72.927179,-13.76791],[-72.927007,-13.76776],[-72.926712,-13.767416],[-72.92651,-13.767011],[-72.926451,-13.766793],[-72.926416,-13.76657],[-72.92641,-13.766344],[-72.92642,-13.76137],[-72.9264,-13.761145],[-72.92632,-13.7607],[-72.926174,-13.760271],[-72.925979,-13.759863],[-72.925643,-13.759271],[-72.925553,-13.759063],[-72.92549,-13.758847],[-72.925266,-13.755917],[-72.925251,-13.755465],[-72.925268,-13.754562],[-72.924701,-13.753082],[-72.924564,-13.752651],[-72.924334,-13.751775],[-72.924217,-13.751107],[-72.924089,-13.749984],[-72.924081,-13.74908],[-72.92411,-13.74795],[-72.924084,-13.747499],[-72.924043,-13.747277],[-72.923919,-13.746842],[-72.923279,-13.745147],[-72.923199,-13.744702],[-72.923181,-13.743572],[-72.923199,-13.743347],[-72.923264,-13.743131],[-72.923359,-13.742926],[-72.923983,-13.741716],[-72.924098,-13.741279],[-72.92413,-13.741055],[-72.924134,-13.74083],[-72.923971,-13.739941],[-72.923581,-13.738173],[-72.92354,-13.737724],[-72.92354,-13.737045],[-72.923502,-13.736595],[-72.923089,-13.735066],[-72.923009,-13.734621],[-72.92289,-13.73327],[-72.92289,-13.732817],[-72.922968,-13.731916],[-72.92297,-13.731464],[-72.922926,-13.731015],[-72.922824,-13.730575],[-72.922761,-13.730127],[-72.922842,-13.729683],[-72.922844,-13.729458],[-72.922815,-13.729234],[-72.922727,-13.729027],[-72.922452,-13.728666],[-72.922354,-13.728463],[-72.922296,-13.728016],[-72.922328,-13.727795],[-72.922901,-13.726816],[-72.9231,-13.726409],[-72.923446,-13.725332],[-72.923763,-13.72473],[-72.923794,-13.724509],[-72.923753,-13.724286],[-72.923755,-13.724061],[-72.92383,-13.723615],[-72.923821,-13.72339],[-72.92368,-13.722726],[-72.923656,-13.722501],[-72.923669,-13.72205],[-72.92371,-13.7216],[-72.923699,-13.721375],[-72.923637,-13.721158],[-72.923288,-13.720574],[-72.922406,-13.719533],[-72.921751,-13.718605],[-72.920988,-13.71776],[-72.920817,-13.71761],[-72.920618,-13.717499],[-72.918885,-13.7169],[-72.918679,-13.716804],[-72.918488,-13.716679],[-72.91833,-13.716516],[-72.918203,-13.716329],[-72.918123,-13.716118],[-72.918091,-13.715894],[-72.918006,-13.714541],[-72.917899,-13.713871],[-72.917839,-13.713653],[-72.917747,-13.713446],[-72.917527,-13.71305],[-72.917441,-13.71284],[-72.917394,-13.71262],[-72.917282,-13.711495],[-72.917231,-13.709914],[-72.917188,-13.709693],[-72.91683,-13.708619],[-72.916709,-13.708183],[-72.91669,-13.707732],[-72.916782,-13.706832],[-72.916819,-13.706155],[-72.916811,-13.705929],[-72.916762,-13.70571],[-72.915726,-13.703442],[-72.91551,-13.703042],[-72.915383,-13.702854],[-72.915096,-13.702501],[-72.914037,-13.701312],[-72.913521,-13.700565],[-72.913345,-13.700421],[-72.912947,-13.700196],[-72.912767,-13.700059],[-72.91269,-13.699851],[-72.912777,-13.698951],[-72.912751,-13.698274],[-72.912295,-13.696758],[-72.912222,-13.696311],[-72.91222,-13.695634],[-72.912285,-13.695186],[-72.912342,-13.694967],[-72.913017,-13.692571],[-72.913249,-13.691932],[-72.913839,-13.690707],[-72.913964,-13.690272],[-72.914056,-13.6896],[-72.914129,-13.689388],[-72.914675,-13.688394],[-72.914801,-13.688205],[-72.91496,-13.688045],[-72.915348,-13.687803],[-72.916578,-13.687192],[-72.91676,-13.687055],[-72.916905,-13.686881],[-72.918209,-13.684752],[-72.918428,-13.684355],[-72.918479,-13.684135],[-72.918499,-13.682779],[-72.918546,-13.68256],[-72.918627,-13.682349],[-72.919123,-13.68133],[-72.919433,-13.680998],[-72.919708,-13.680638],[-72.919991,-13.679778],[-72.920099,-13.679579],[-72.920526,-13.679047],[-72.922907,-13.676292],[-72.923818,-13.675275],[-72.924102,-13.67492],[-72.924747,-13.673986],[-72.924887,-13.673557],[-72.925001,-13.672205],[-72.92554,-13.669086],[-72.925512,-13.668862],[-72.925417,-13.668658],[-72.924985,-13.66813],[-72.924888,-13.667926],[-72.924866,-13.667704],[-72.924917,-13.667486],[-72.925036,-13.667297],[-72.925228,-13.667179],[-72.925447,-13.66713],[-72.926579,-13.667313],[-72.926808,-13.667329],[-72.927035,-13.667301],[-72.92725,-13.667224],[-72.92745,-13.667115],[-72.928603,-13.666014],[-72.928786,-13.66588],[-72.928995,-13.66579],[-72.929664,-13.665629],[-72.929878,-13.665551],[-72.930084,-13.665453],[-72.930263,-13.665312],[-72.930404,-13.665134],[-72.930512,-13.664938],[-72.930585,-13.664723],[-72.930594,-13.6645],[-72.930566,-13.664277],[-72.930495,-13.664062],[-72.930371,-13.663872],[-72.929723,-13.663232],[-72.929581,-13.663057],[-72.929513,-13.662843],[-72.929546,-13.662621],[-72.929662,-13.66243],[-72.929849,-13.662304],[-72.930074,-13.662261],[-72.931445,-13.662389],[-72.931664,-13.66233],[-72.931862,-13.662217],[-72.932016,-13.662052],[-72.932111,-13.661849],[-72.932139,-13.661626],[-72.932121,-13.660722],[-72.932278,-13.659603],[-72.932344,-13.659386],[-72.932449,-13.659186],[-72.932586,-13.659006],[-72.933306,-13.658445],[-72.933652,-13.658147],[-72.933797,-13.657973],[-72.933889,-13.657767],[-72.93411,-13.657124],[-72.934137,-13.656902],[-72.934048,-13.656698],[-72.933854,-13.656582],[-72.933631,-13.656596],[-72.933464,-13.656735],[-72.933371,-13.656941],[-72.933179,-13.657592],[-72.933088,-13.657799],[-72.93293,-13.65796],[-72.932727,-13.658063],[-72.9325,-13.658088],[-72.932046,-13.658023],[-72.929345,-13.657489],[-72.929154,-13.657374],[-72.928614,-13.656645],[-72.928412,-13.656549],[-72.928183,-13.65655],[-72.927726,-13.656597],[-72.927273,-13.656666],[-72.92706,-13.65675],[-72.926654,-13.65696],[-72.926436,-13.657027],[-72.926209,-13.657061],[-72.923914,-13.657098],[-72.923226,-13.657066],[-72.920076,-13.656438],[-72.919866,-13.656347],[-72.919204,-13.655724],[-72.919004,-13.655612],[-72.91878,-13.655571],[-72.918328,-13.655645],[-72.916321,-13.65613],[-72.91587,-13.656214],[-72.915187,-13.6563],[-72.9145,-13.656345],[-72.913582,-13.65635],[-72.911748,-13.656253],[-72.911059,-13.65625],[-72.908999,-13.656395],[-72.908795,-13.6563],[-72.908644,-13.656134],[-72.908568,-13.655691],[-72.908502,-13.65502],[-72.908348,-13.654864],[-72.908123,-13.654856],[-72.90795,-13.65499],[-72.907775,-13.656105],[-72.907675,-13.656301],[-72.907477,-13.65641],[-72.906823,-13.656623],[-72.905465,-13.656827],[-72.904319,-13.656864],[-72.903873,-13.65677],[-72.903678,-13.65665],[-72.903507,-13.656502],[-72.903368,-13.656325],[-72.903267,-13.656122],[-72.903209,-13.655906],[-72.903182,-13.655681],[-72.903191,-13.655456],[-72.903241,-13.655236],[-72.903329,-13.655028],[-72.90346,-13.654846],[-72.904575,-13.653706],[-72.90565,-13.652529],[-72.905542,-13.652411],[-72.904304,-13.651818],[-72.902876,-13.65109],[-72.902429,-13.651006],[-72.901517,-13.651098],[-72.901301,-13.651081],[-72.901186,-13.650895],[-72.900962,-13.650909],[-72.900514,-13.650996],[-72.900381,-13.650824],[-72.900288,-13.650617],[-72.899778,-13.649865],[-72.899759,-13.649656],[-72.899928,-13.649543],[-72.900157,-13.64955],[-72.900384,-13.649527],[-72.901062,-13.649405],[-72.901519,-13.649365],[-72.901742,-13.64932],[-72.903265,-13.648814],[-72.903472,-13.648717],[-72.903622,-13.648583],[-72.903593,-13.648379],[-72.903372,-13.648317],[-72.902684,-13.648292],[-72.902491,-13.648177],[-72.902405,-13.647984],[-72.902506,-13.647837],[-72.903143,-13.647579],[-72.903599,-13.647535],[-72.904015,-13.647353],[-72.904184,-13.647218],[-72.904113,-13.647028],[-72.903934,-13.646891],[-72.901217,-13.646439],[-72.901013,-13.646345],[-72.900633,-13.646092],[-72.899587,-13.644895],[-72.899227,-13.644316],[-72.898715,-13.643871],[-72.898649,-13.643426],[-72.898666,-13.6432],[-72.898766,-13.643039],[-72.898984,-13.643002],[-72.899638,-13.643216],[-72.899819,-13.643147],[-72.899693,-13.642254],[-72.899629,-13.64204],[-72.899177,-13.641255],[-72.898983,-13.641135],[-72.898565,-13.64095],[-72.898345,-13.640897],[-72.897657,-13.640864],[-72.897432,-13.640829],[-72.897212,-13.640764],[-72.896991,-13.640762],[-72.896863,-13.640947],[-72.896674,-13.641041],[-72.895987,-13.641064],[-72.89553,-13.641031],[-72.895115,-13.640845],[-72.895002,-13.640648],[-72.894635,-13.640385],[-72.894409,-13.640346],[-72.894211,-13.640239],[-72.893834,-13.639981],[-72.893628,-13.6399],[-72.893399,-13.639881],[-72.892941,-13.639909],[-72.892023,-13.639899],[-72.891854,-13.639759],[-72.891533,-13.639435],[-72.891337,-13.639356],[-72.890906,-13.639509],[-72.890684,-13.639531],[-72.890462,-13.639489],[-72.890076,-13.639244],[-72.889907,-13.639093],[-72.889715,-13.63907],[-72.889549,-13.639194],[-72.889492,-13.639413],[-72.889492,-13.639639],[-72.889444,-13.639859],[-72.889332,-13.64004],[-72.888949,-13.640278],[-72.888274,-13.639665],[-72.88762,-13.639031],[-72.886978,-13.639269],[-72.886527,-13.63934],[-72.886306,-13.63929],[-72.885869,-13.639148],[-72.885436,-13.639095],[-72.885211,-13.639119],[-72.885025,-13.639247],[-72.885091,-13.639323],[-72.884927,-13.63934],[-72.884763,-13.639498],[-72.884595,-13.639368],[-72.882565,-13.637534],[-72.88183,-13.636994],[-72.881517,-13.636663],[-72.881529,-13.636501],[-72.881402,-13.635835],[-72.881445,-13.635385],[-72.881408,-13.635221],[-72.880504,-13.635377],[-72.879363,-13.635498],[-72.879229,-13.635419],[-72.879215,-13.634063],[-72.878913,-13.631594],[-72.878726,-13.6315],[-72.878507,-13.631432],[-72.876085,-13.630727],[-72.875863,-13.630668],[-72.874737,-13.630451],[-72.874072,-13.630273],[-72.873864,-13.630182],[-72.873277,-13.629827],[-72.873306,-13.629619],[-72.873458,-13.629453],[-72.874026,-13.629069],[-72.874191,-13.628916],[-72.874472,-13.628558],[-72.874684,-13.628159],[-72.874816,-13.627979],[-72.875012,-13.627885],[-72.875241,-13.627868],[-72.875449,-13.627809],[-72.876234,-13.626984],[-72.8771,-13.626244],[-72.878033,-13.625584],[-72.879021,-13.625011],[-72.879102,-13.624809],[-72.877618,-13.624202],[-72.8774,-13.624149],[-72.876255,-13.624227],[-72.875572,-13.62431],[-72.875117,-13.624252],[-72.874679,-13.624119],[-72.874451,-13.624105],[-72.873797,-13.624317],[-72.873578,-13.624302],[-72.872939,-13.62405],[-72.872504,-13.623905],[-72.872297,-13.623808],[-72.872115,-13.623673],[-72.871958,-13.623508],[-72.871849,-13.62331],[-72.871793,-13.623092],[-72.871665,-13.621515],[-72.871625,-13.621294],[-72.871448,-13.620877],[-72.871348,-13.620674],[-72.871073,-13.620314],[-72.870423,-13.619676],[-72.869735,-13.619076],[-72.869137,-13.618392],[-72.869027,-13.618195],[-72.868794,-13.617088],[-72.868671,-13.616652],[-72.86859,-13.616441],[-72.868476,-13.616245],[-72.867979,-13.615777],[-72.867095,-13.615057],[-72.866882,-13.614979],[-72.866652,-13.61497],[-72.865741,-13.615078],[-72.865515,-13.61505],[-72.865301,-13.61497],[-72.865114,-13.61484],[-72.864994,-13.614651],[-72.864989,-13.614427],[-72.86511,-13.613991],[-72.865225,-13.613795],[-72.865522,-13.613452],[-72.865546,-13.61323],[-72.86545,-13.612789],[-72.865335,-13.612594],[-72.864934,-13.612044],[-72.864747,-13.611923],[-72.864585,-13.612049],[-72.864616,-13.612271],[-72.864553,-13.612482],[-72.86435,-13.612576],[-72.864136,-13.612517],[-72.863987,-13.612347],[-72.86386,-13.612159],[-72.863787,-13.61195],[-72.863811,-13.611274],[-72.86363,-13.610862],[-72.863492,-13.610688],[-72.863284,-13.610595],[-72.862412,-13.610317],[-72.862185,-13.610332],[-72.861766,-13.610518],[-72.861548,-13.610586],[-72.861322,-13.610561],[-72.861123,-13.610453],[-72.860784,-13.610149],[-72.860594,-13.610023],[-72.859976,-13.609723],[-72.859799,-13.609579],[-72.859624,-13.609433],[-72.85948,-13.609257],[-72.858014,-13.607233],[-72.857907,-13.607033],[-72.857851,-13.606814],[-72.857822,-13.606364],[-72.857752,-13.606154],[-72.857569,-13.606022],[-72.857346,-13.60597],[-72.857126,-13.606017],[-72.855428,-13.607176],[-72.855259,-13.607327],[-72.855126,-13.60751],[-72.854949,-13.607927],[-72.854882,-13.608143],[-72.85488,-13.608368],[-72.855205,-13.609452],[-72.855308,-13.609653],[-72.856305,-13.611172],[-72.856386,-13.611382],[-72.856455,-13.611824],[-72.856614,-13.611982],[-72.857031,-13.612172],[-72.857172,-13.612343],[-72.857248,-13.612786],[-72.857338,-13.612992],[-72.857514,-13.613131],[-72.857907,-13.613363],[-72.858047,-13.61354],[-72.858132,-13.613749],[-72.858168,-13.614426],[-72.858226,-13.614641],[-72.858378,-13.614809],[-72.858944,-13.615192],[-72.860508,-13.616846],[-72.860697,-13.616971],[-72.860909,-13.617054],[-72.86158,-13.617203],[-72.861764,-13.617334],[-72.86189,-13.617518],[-72.861891,-13.617737],[-72.861753,-13.617908],[-72.861334,-13.618089],[-72.861166,-13.618239],[-72.860967,-13.618644],[-72.860778,-13.618765],[-72.860091,-13.618759],[-72.859407,-13.618687],[-72.858295,-13.618408],[-72.858068,-13.61838],[-72.857841,-13.618402],[-72.857402,-13.61853],[-72.857177,-13.618488],[-72.856533,-13.618251],[-72.85631,-13.618197],[-72.855856,-13.618134],[-72.855628,-13.618157],[-72.855434,-13.618268],[-72.855293,-13.618446],[-72.855086,-13.61853],[-72.854859,-13.618514],[-72.854203,-13.618307],[-72.852813,-13.617514],[-72.85262,-13.617392],[-72.85245,-13.61724],[-72.852305,-13.617066],[-72.852089,-13.616668],[-72.851948,-13.61649],[-72.850828,-13.615702],[-72.850689,-13.615526],[-72.850588,-13.615086],[-72.850248,-13.614498],[-72.850178,-13.614283],[-72.850084,-13.61384],[-72.850069,-13.613615],[-72.85007,-13.61339],[-72.850132,-13.613173],[-72.850226,-13.612967],[-72.850709,-13.612199],[-72.850802,-13.611993],[-72.850874,-13.611778],[-72.85094,-13.611332],[-72.851002,-13.611116],[-72.851115,-13.610919],[-72.851251,-13.610739],[-72.851564,-13.610409],[-72.85163,-13.610194],[-72.851592,-13.609974],[-72.851455,-13.609796],[-72.851277,-13.609653],[-72.851152,-13.609467],[-72.851152,-13.609246],[-72.85119,-13.609023],[-72.851173,-13.608799],[-72.85112,-13.608579],[-72.850904,-13.607935],[-72.850808,-13.60773],[-72.850461,-13.607144],[-72.85037,-13.606942],[-72.850478,-13.606761],[-72.850674,-13.606835],[-72.850864,-13.607485],[-72.85095,-13.607694],[-72.851285,-13.608286],[-72.852018,-13.609156],[-72.852192,-13.609298],[-72.852397,-13.609243],[-72.852424,-13.609034],[-72.851791,-13.608386],[-72.851677,-13.60819],[-72.851229,-13.606436],[-72.851152,-13.606224],[-72.851046,-13.606025],[-72.850727,-13.605701],[-72.850551,-13.605556],[-72.850338,-13.605476],[-72.850113,-13.605436],[-72.849883,-13.605424],[-72.849662,-13.605373],[-72.849456,-13.605275],[-72.849341,-13.605088],[-72.849413,-13.604643],[-72.849402,-13.604419],[-72.849261,-13.603991],[-72.849247,-13.603766],[-72.849304,-13.603547],[-72.849313,-13.603324],[-72.84925,-13.603108],[-72.849074,-13.602691],[-72.848931,-13.602515],[-72.848595,-13.602212],[-72.848653,-13.602015],[-72.84886,-13.602012],[-72.84899,-13.602197],[-72.849431,-13.60299],[-72.849524,-13.603196],[-72.849587,-13.603644],[-72.849668,-13.603851],[-72.850008,-13.604151],[-72.85012,-13.604347],[-72.850195,-13.604561],[-72.850316,-13.604744],[-72.850534,-13.604779],[-72.850721,-13.604659],[-72.851024,-13.604319],[-72.851152,-13.604132],[-72.851487,-13.603291],[-72.851687,-13.602885],[-72.851691,-13.602661],[-72.851449,-13.60203],[-72.851409,-13.601808],[-72.851431,-13.601585],[-72.851516,-13.601141],[-72.851588,-13.600926],[-72.851727,-13.60075],[-72.8519,-13.600602],[-72.852051,-13.600437],[-72.852008,-13.600231],[-72.851804,-13.600167],[-72.851641,-13.600302],[-72.85138,-13.60093],[-72.851232,-13.601358],[-72.851174,-13.601576],[-72.851153,-13.601801],[-72.851174,-13.602025],[-72.851299,-13.602691],[-72.85127,-13.602914],[-72.850973,-13.603524],[-72.850824,-13.603692],[-72.850605,-13.603692],[-72.850461,-13.603519],[-72.849437,-13.601246],[-72.849208,-13.600855],[-72.849065,-13.600678],[-72.848893,-13.600532],[-72.848679,-13.600458],[-72.847774,-13.600302],[-72.847555,-13.600237],[-72.847361,-13.600117],[-72.847189,-13.599968],[-72.846929,-13.599597],[-72.846752,-13.599456],[-72.846549,-13.599352],[-72.846326,-13.599348],[-72.846155,-13.599496],[-72.846108,-13.599712],[-72.846082,-13.600163],[-72.845986,-13.600835],[-72.845878,-13.602187],[-72.845774,-13.603085],[-72.845685,-13.603529],[-72.845611,-13.60374],[-72.845487,-13.603929],[-72.845307,-13.604067],[-72.845097,-13.604153],[-72.844869,-13.604163],[-72.844647,-13.604115],[-72.844239,-13.603909],[-72.844057,-13.603773],[-72.843924,-13.603589],[-72.843693,-13.603198],[-72.843533,-13.603037],[-72.843332,-13.602932],[-72.84311,-13.602881],[-72.842652,-13.602887],[-72.842508,-13.602726],[-72.842575,-13.602528],[-72.842795,-13.602517],[-72.843448,-13.602731],[-72.843846,-13.602955],[-72.844574,-13.603505],[-72.844795,-13.603557],[-72.845021,-13.603527],[-72.845214,-13.603413],[-72.845359,-13.603239],[-72.845416,-13.603021],[-72.84543,-13.602796],[-72.845376,-13.601668],[-72.845459,-13.600087],[-72.8454,-13.599412],[-72.8454,-13.599186],[-72.845422,-13.598961],[-72.845484,-13.598744],[-72.845567,-13.598533],[-72.845683,-13.59834],[-72.845896,-13.598271],[-72.84658,-13.59832],[-72.847005,-13.598487],[-72.847228,-13.598538],[-72.84791,-13.598633],[-72.848135,-13.598606],[-72.848568,-13.598465],[-72.848796,-13.59848],[-72.848986,-13.598596],[-72.849419,-13.599123],[-72.849601,-13.59926],[-72.849818,-13.599325],[-72.850046,-13.599307],[-72.850256,-13.599225],[-72.850416,-13.599065],[-72.85055,-13.598883],[-72.850628,-13.598672],[-72.850643,-13.598222],[-72.850722,-13.598014],[-72.850876,-13.597847],[-72.851233,-13.597563],[-72.851388,-13.597401],[-72.851481,-13.597197],[-72.851479,-13.596972],[-72.851404,-13.596761],[-72.850965,-13.596238],[-72.850705,-13.595867],[-72.850652,-13.595648],[-72.850626,-13.594745],[-72.85045,-13.59409],[-72.850365,-13.593882],[-72.850177,-13.593759],[-72.849969,-13.593664],[-72.849756,-13.593579],[-72.849534,-13.593534],[-72.849306,-13.593559],[-72.848862,-13.593666],[-72.848637,-13.593631],[-72.847804,-13.593259],[-72.847355,-13.593163],[-72.847149,-13.593065],[-72.846803,-13.592769],[-72.846606,-13.592655],[-72.846396,-13.592565],[-72.846214,-13.59243],[-72.845917,-13.592086],[-72.84585,-13.591874],[-72.84596,-13.591688],[-72.846145,-13.591554],[-72.846603,-13.591052],[-72.847852,-13.590484],[-72.848046,-13.590365],[-72.848208,-13.590205],[-72.848414,-13.589803],[-72.848561,-13.589374],[-72.84865,-13.588932],[-72.848625,-13.588708],[-72.848251,-13.58764],[-72.848138,-13.587444],[-72.847867,-13.587081],[-72.847819,-13.586865],[-72.847925,-13.586426],[-72.847948,-13.586201],[-72.847915,-13.585978],[-72.847849,-13.585762],[-72.847727,-13.585573],[-72.847415,-13.585243],[-72.847064,-13.584952],[-72.846506,-13.584555],[-72.846107,-13.58433],[-72.84594,-13.584178],[-72.845832,-13.583982],[-72.845756,-13.583768],[-72.845587,-13.583627],[-72.845377,-13.583663],[-72.845284,-13.583861],[-72.845387,-13.584052],[-72.846703,-13.584958],[-72.847326,-13.585622],[-72.847452,-13.58581],[-72.847531,-13.586021],[-72.84755,-13.586246],[-72.847497,-13.586466],[-72.847281,-13.586865],[-72.84724,-13.587081],[-72.847362,-13.587269],[-72.847532,-13.587418],[-72.847633,-13.587619],[-72.847807,-13.588275],[-72.847841,-13.588498],[-72.847818,-13.588719],[-72.847692,-13.589154],[-72.847599,-13.589358],[-72.84744,-13.589519],[-72.847037,-13.589731],[-72.846673,-13.590005],[-72.846471,-13.590113],[-72.846042,-13.590273],[-72.845855,-13.590396],[-72.845735,-13.590587],[-72.84564,-13.590793],[-72.845131,-13.591249],[-72.844488,-13.591894],[-72.844453,-13.592103],[-72.844616,-13.59225],[-72.845013,-13.592476],[-72.845185,-13.592621],[-72.845253,-13.592834],[-72.845263,-13.59306],[-72.845308,-13.593274],[-72.845448,-13.593452],[-72.845795,-13.593748],[-72.845991,-13.593864],[-72.846201,-13.593954],[-72.84639,-13.594082],[-72.84669,-13.594424],[-72.846865,-13.594569],[-72.84762,-13.595081],[-72.847663,-13.59529],[-72.847531,-13.595458],[-72.847308,-13.5955],[-72.846848,-13.5955],[-72.845964,-13.595739],[-72.845739,-13.595719],[-72.845665,-13.595532],[-72.845849,-13.595446],[-72.846076,-13.595461],[-72.846293,-13.595392],[-72.846454,-13.595237],[-72.846501,-13.595022],[-72.846384,-13.594834],[-72.846169,-13.594795],[-72.845967,-13.594902],[-72.845196,-13.595393],[-72.844895,-13.595732],[-72.844729,-13.595886],[-72.844523,-13.595978],[-72.844076,-13.59608],[-72.843891,-13.596209],[-72.843476,-13.596749],[-72.84329,-13.596878],[-72.843079,-13.596967],[-72.842642,-13.597104],[-72.842417,-13.597144],[-72.841731,-13.597197],[-72.840817,-13.597109],[-72.840375,-13.596991],[-72.840149,-13.596978],[-72.839697,-13.597057],[-72.839471,-13.597062],[-72.839029,-13.596944],[-72.838809,-13.596946],[-72.838655,-13.5971],[-72.838473,-13.597512],[-72.838287,-13.597638],[-72.838061,-13.597631],[-72.83731,-13.597117],[-72.83716,-13.596946],[-72.836933,-13.596556],[-72.836719,-13.596493],[-72.836489,-13.596504],[-72.836264,-13.596482],[-72.836045,-13.596415],[-72.835636,-13.596214],[-72.835371,-13.595845],[-72.835191,-13.595718],[-72.834965,-13.595742],[-72.834742,-13.595795],[-72.834518,-13.595793],[-72.83444,-13.595602],[-72.834625,-13.595493],[-72.835312,-13.595537],[-72.835524,-13.595608],[-72.835754,-13.595999],[-72.835909,-13.596163],[-72.836116,-13.596247],[-72.836345,-13.596268],[-72.836788,-13.596162],[-72.836994,-13.596244],[-72.837268,-13.596607],[-72.837442,-13.596752],[-72.837833,-13.596987],[-72.838056,-13.597007],[-72.838224,-13.596864],[-72.838827,-13.595902],[-72.838987,-13.59574],[-72.840063,-13.594894],[-72.840246,-13.594758],[-72.840462,-13.59469],[-72.84092,-13.594694],[-72.841136,-13.594634],[-72.841314,-13.594493],[-72.842567,-13.593172],[-72.842669,-13.592973],[-72.842723,-13.592755],[-72.842715,-13.59253],[-72.842645,-13.592316],[-72.84227,-13.591493],[-72.842244,-13.591269],[-72.842322,-13.590824],[-72.842391,-13.590609],[-72.842532,-13.590434],[-72.843057,-13.589995],[-72.84321,-13.58983],[-72.843154,-13.589625],[-72.842943,-13.589592],[-72.842694,-13.589963],[-72.842521,-13.590108],[-72.842312,-13.590199],[-72.842122,-13.590318],[-72.841982,-13.590745],[-72.84181,-13.591161],[-72.841854,-13.591379],[-72.841968,-13.591574],[-72.842025,-13.591792],[-72.841996,-13.592014],[-72.84188,-13.592203],[-72.841681,-13.592312],[-72.841461,-13.592373],[-72.841264,-13.592487],[-72.841083,-13.592627],[-72.840632,-13.593138],[-72.840435,-13.593255],[-72.840223,-13.59334],[-72.839999,-13.59338],[-72.83954,-13.593375],[-72.839311,-13.593359],[-72.839095,-13.593303],[-72.839057,-13.593093],[-72.839254,-13.593016],[-72.83967,-13.593198],[-72.839893,-13.593245],[-72.840116,-13.593206],[-72.840319,-13.5931],[-72.840487,-13.592947],[-72.840602,-13.592753],[-72.84086,-13.592124],[-72.841101,-13.59174],[-72.841169,-13.591527],[-72.841168,-13.591076],[-72.841269,-13.590635],[-72.841294,-13.590412],[-72.841272,-13.590188],[-72.841217,-13.589968],[-72.841276,-13.58976],[-72.841607,-13.589446],[-72.841752,-13.589274],[-72.841829,-13.589063],[-72.842047,-13.588187],[-72.841988,-13.587512],[-72.842014,-13.586836],[-72.841968,-13.586616],[-72.841762,-13.586212],[-72.841471,-13.585865],[-72.841287,-13.585735],[-72.841061,-13.585717],[-72.840146,-13.585794],[-72.839921,-13.585768],[-72.83971,-13.585679],[-72.839105,-13.585356],[-72.838545,-13.584963],[-72.83789,-13.584756],[-72.837717,-13.584627],[-72.83774,-13.584406],[-72.837848,-13.584209],[-72.837995,-13.584035],[-72.838115,-13.583843],[-72.838406,-13.583495],[-72.838456,-13.583278],[-72.838417,-13.583058],[-72.838265,-13.582632],[-72.838231,-13.582419],[-72.838419,-13.582302],[-72.839099,-13.582205],[-72.839292,-13.582088],[-72.83939,-13.581886],[-72.839424,-13.581437],[-72.839544,-13.581247],[-72.839755,-13.581164],[-72.839978,-13.581194],[-72.840184,-13.581294],[-72.840402,-13.581357],[-72.840619,-13.581295],[-72.840772,-13.581133],[-72.84083,-13.580915],[-72.840849,-13.580237],[-72.84082,-13.580016],[-72.840697,-13.579826],[-72.84054,-13.579661],[-72.840448,-13.579458],[-72.840485,-13.579238],[-72.840569,-13.579028],[-72.84059,-13.578804],[-72.840353,-13.578168],[-72.840237,-13.577972],[-72.84006,-13.577831],[-72.839679,-13.577579],[-72.839507,-13.577433],[-72.83943,-13.577222],[-72.83933,-13.576781],[-72.839392,-13.576567],[-72.839739,-13.576275],[-72.83981,-13.576065],[-72.839764,-13.575845],[-72.839391,-13.575279],[-72.839396,-13.575058],[-72.839485,-13.574852],[-72.839807,-13.574252],[-72.839892,-13.574042],[-72.839925,-13.573819],[-72.839958,-13.573142],[-72.839922,-13.57292],[-72.839789,-13.572739],[-72.83962,-13.572588],[-72.839194,-13.572421],[-72.839016,-13.572282],[-72.838962,-13.572067],[-72.839039,-13.571858],[-72.839389,-13.571276],[-72.839705,-13.570948],[-72.83984,-13.57077],[-72.839778,-13.570565],[-72.83957,-13.570513],[-72.839412,-13.570665],[-72.839166,-13.571044],[-72.838997,-13.571197],[-72.838451,-13.571609],[-72.838312,-13.571787],[-72.838254,-13.572006],[-72.838193,-13.572454],[-72.838204,-13.572677],[-72.838328,-13.572862],[-72.838499,-13.573012],[-72.838621,-13.573202],[-72.838653,-13.573423],[-72.83863,-13.573648],[-72.838576,-13.573867],[-72.83848,-13.574072],[-72.838315,-13.574226],[-72.838129,-13.574359],[-72.837989,-13.574536],[-72.83797,-13.574758],[-72.838008,-13.57498],[-72.837947,-13.575194],[-72.837773,-13.575327],[-72.837551,-13.575382],[-72.837343,-13.575469],[-72.837228,-13.575662],[-72.837033,-13.577233],[-72.837017,-13.577684],[-72.837059,-13.577906],[-72.837135,-13.57812],[-72.837246,-13.578315],[-72.837396,-13.578484],[-72.837574,-13.578627],[-72.837719,-13.578799],[-72.837769,-13.579016],[-72.837694,-13.579228],[-72.837315,-13.579794],[-72.837141,-13.579941],[-72.836152,-13.580513],[-72.835978,-13.580658],[-72.835222,-13.581508],[-72.835155,-13.581722],[-72.835045,-13.582392],[-72.835044,-13.582615],[-72.835138,-13.582817],[-72.835411,-13.583177],[-72.835464,-13.58339],[-72.835393,-13.583601],[-72.835234,-13.583754],[-72.835012,-13.5838],[-72.834784,-13.583794],[-72.834563,-13.583739],[-72.833968,-13.583406],[-72.833743,-13.58343],[-72.833612,-13.583603],[-72.833631,-13.584053],[-72.833609,-13.584274],[-72.833462,-13.584441],[-72.833243,-13.584484],[-72.832802,-13.584362],[-72.832582,-13.584403],[-72.8324,-13.584535],[-72.832328,-13.584742],[-72.832365,-13.58496],[-72.832659,-13.585817],[-72.832698,-13.58604],[-72.832652,-13.586259],[-72.83246,-13.586669],[-72.832295,-13.586818],[-72.832071,-13.586826],[-72.831911,-13.586672],[-72.831813,-13.586467],[-72.831742,-13.586253],[-72.831574,-13.585365],[-72.83157,-13.585139],[-72.83171,-13.584478],[-72.831615,-13.583352],[-72.831579,-13.583129],[-72.831456,-13.582946],[-72.83091,-13.582535],[-72.830788,-13.582345],[-72.830719,-13.582129],[-72.830617,-13.581929],[-72.830245,-13.581672],[-72.830113,-13.581489],[-72.830023,-13.581281],[-72.829861,-13.581126],[-72.829648,-13.581055],[-72.828985,-13.581202],[-72.828767,-13.581146],[-72.828233,-13.580721],[-72.828045,-13.580592],[-72.827838,-13.580495],[-72.827622,-13.580421],[-72.826485,-13.580262],[-72.826263,-13.580204],[-72.825851,-13.580013],[-72.825625,-13.580003],[-72.825431,-13.580119],[-72.82533,-13.580318],[-72.8253,-13.580766],[-72.825191,-13.580962],[-72.82455,-13.58161],[-72.824373,-13.581751],[-72.824175,-13.581865],[-72.823961,-13.581944],[-72.822198,-13.582452],[-72.821987,-13.582537],[-72.821835,-13.582703],[-72.821791,-13.582923],[-72.821859,-13.583138],[-72.821953,-13.583343],[-72.82196,-13.583568],[-72.82182,-13.583742],[-72.821609,-13.583827],[-72.821167,-13.58395],[-72.820958,-13.584039],[-72.820812,-13.584207],[-72.820747,-13.584652],[-72.82075,-13.584876],[-72.820845,-13.585079],[-72.821034,-13.585203],[-72.821453,-13.585388],[-72.821612,-13.585548],[-72.821725,-13.585744],[-72.821811,-13.585952],[-72.82185,-13.586174],[-72.82182,-13.586398],[-72.82172,-13.586598],[-72.821577,-13.586773],[-72.821035,-13.587191],[-72.820868,-13.587346],[-72.820569,-13.587689],[-72.820395,-13.587836],[-72.81958,-13.588247],[-72.819423,-13.588411],[-72.819325,-13.588615],[-72.819255,-13.58883],[-72.819216,-13.589049],[-72.819291,-13.58926],[-72.819464,-13.589405],[-72.819665,-13.589514],[-72.819848,-13.589649],[-72.81991,-13.589855],[-72.819848,-13.590066],[-72.819659,-13.590189],[-72.819012,-13.59042],[-72.818815,-13.590533],[-72.818477,-13.590839],[-72.818286,-13.590954],[-72.818072,-13.590892],[-72.818006,-13.590692],[-72.818151,-13.590526],[-72.818722,-13.590146],[-72.818844,-13.58996],[-72.81888,-13.589741],[-72.818817,-13.589529],[-72.818524,-13.588915],[-72.818465,-13.588701],[-72.818497,-13.58848],[-72.819078,-13.587507],[-72.819229,-13.587336],[-72.819748,-13.586891],[-72.819873,-13.586704],[-72.819895,-13.58648],[-72.819811,-13.586272],[-72.819642,-13.586124],[-72.819453,-13.585995],[-72.81933,-13.585811],[-72.819267,-13.585366],[-72.819189,-13.585155],[-72.819018,-13.585012],[-72.818396,-13.584722],[-72.818204,-13.5846],[-72.818102,-13.584402],[-72.818116,-13.584182],[-72.818311,-13.583773],[-72.818436,-13.583339],[-72.81846,-13.583114],[-72.818474,-13.581079],[-72.818509,-13.580856],[-72.818609,-13.580653],[-72.818736,-13.580465],[-72.819673,-13.579179],[-72.819761,-13.578971],[-72.819811,-13.578752],[-72.819818,-13.578526],[-72.819791,-13.578303],[-72.819699,-13.57786],[-72.81951,-13.576517],[-72.819531,-13.576292],[-72.819849,-13.575699],[-72.819814,-13.575477],[-72.819516,-13.575137],[-72.819385,-13.574953],[-72.819324,-13.574735],[-72.819292,-13.574512],[-72.819336,-13.574293],[-72.819497,-13.57387],[-72.819496,-13.573647],[-72.81928,-13.573005],[-72.819288,-13.572779],[-72.819346,-13.572561],[-72.819437,-13.572355],[-72.819903,-13.571578],[-72.819955,-13.57136],[-72.81998,-13.571135],[-72.81997,-13.569778],[-72.819985,-13.569553],[-72.82003,-13.569331],[-72.820131,-13.569128],[-72.820281,-13.568959],[-72.820657,-13.568702],[-72.820859,-13.568595],[-72.821064,-13.568493],[-72.821285,-13.568431],[-72.821476,-13.568542],[-72.82193,-13.569052],[-72.822096,-13.569206],[-72.822299,-13.569298],[-72.822509,-13.569224],[-72.822642,-13.569046],[-72.822611,-13.568827],[-72.821865,-13.567972],[-72.821293,-13.567264],[-72.821182,-13.567067],[-72.821111,-13.566852],[-72.820989,-13.566416],[-72.820964,-13.566192],[-72.821018,-13.565744],[-72.821116,-13.565302],[-72.821191,-13.565089],[-72.821335,-13.564915],[-72.821515,-13.564778],[-72.82173,-13.564704],[-72.822181,-13.56462],[-72.822389,-13.564536],[-72.822467,-13.564332],[-72.822335,-13.564164],[-72.821432,-13.564011],[-72.821253,-13.563875],[-72.820869,-13.563312],[-72.82028,-13.562342],[-72.820192,-13.562135],[-72.82014,-13.561916],[-72.820062,-13.561242],[-72.820118,-13.560794],[-72.820183,-13.560578],[-72.820315,-13.560395],[-72.820506,-13.560269],[-72.820673,-13.560123],[-72.820691,-13.5599],[-72.820565,-13.55972],[-72.82017,-13.55949],[-72.820034,-13.55931],[-72.81993,-13.559109],[-72.81977,-13.55895],[-72.819398,-13.558686],[-72.819271,-13.558503],[-72.81921,-13.558291],[-72.81924,-13.558069],[-72.819369,-13.557885],[-72.819679,-13.557552],[-72.820012,-13.556958],[-72.820504,-13.556485],[-72.820545,-13.556274],[-72.820403,-13.556108],[-72.820181,-13.556118],[-72.819801,-13.556371],[-72.819591,-13.55645],[-72.819142,-13.556546],[-72.818915,-13.55657],[-72.818457,-13.556555],[-72.817774,-13.556481],[-72.817315,-13.556498],[-72.81709,-13.55647],[-72.816913,-13.556327],[-72.816168,-13.555467],[-72.815995,-13.555322],[-72.815772,-13.55528],[-72.815093,-13.555358],[-72.814879,-13.555281],[-72.814721,-13.555121],[-72.814457,-13.554752],[-72.814269,-13.554628],[-72.813864,-13.554415],[-72.813704,-13.554258],[-72.81365,-13.55404],[-72.813671,-13.553816],[-72.813762,-13.553143],[-72.813804,-13.552921],[-72.813879,-13.552708],[-72.81417,-13.552094],[-72.814393,-13.551699],[-72.814937,-13.550972],[-72.814957,-13.550757],[-72.814868,-13.550554],[-72.81467,-13.550448],[-72.814444,-13.550467],[-72.813591,-13.550801],[-72.813022,-13.551181],[-72.812854,-13.551333],[-72.812713,-13.551512],[-72.812202,-13.552263],[-72.812042,-13.552424],[-72.811475,-13.552807],[-72.811208,-13.553171],[-72.810752,-13.553956],[-72.810566,-13.554088],[-72.810348,-13.554152],[-72.810122,-13.554189],[-72.809899,-13.554142],[-72.808677,-13.553517],[-72.808288,-13.553279],[-72.808151,-13.553101],[-72.808076,-13.55289],[-72.808015,-13.551309],[-72.808023,-13.551084],[-72.808123,-13.550883],[-72.808413,-13.550535],[-72.808518,-13.550336],[-72.80873,-13.54969],[-72.80885,-13.549498],[-72.809258,-13.548953],[-72.809533,-13.548091],[-72.809555,-13.547868],[-72.809478,-13.547659],[-72.80931,-13.54751],[-72.809092,-13.547443],[-72.808408,-13.547366],[-72.808199,-13.547278],[-72.808044,-13.547113],[-72.80794,-13.546916],[-72.807929,-13.546464],[-72.80789,-13.546242],[-72.807793,-13.546038],[-72.807375,-13.545499],[-72.80718,-13.545382],[-72.806495,-13.545332],[-72.80628,-13.545261],[-72.806085,-13.545142],[-72.805737,-13.544847],[-72.80561,-13.544662],[-72.805572,-13.544442],[-72.805764,-13.543792],[-72.805773,-13.543568],[-72.805722,-13.543347],[-72.80561,-13.54315],[-72.805454,-13.542984],[-72.805263,-13.542861],[-72.804632,-13.54259],[-72.804443,-13.542466],[-72.804161,-13.542111],[-72.803991,-13.541962],[-72.803541,-13.541938],[-72.803337,-13.541839],[-72.803178,-13.54168],[-72.803067,-13.541482],[-72.802883,-13.540831],[-72.802761,-13.540641],[-72.802572,-13.540516],[-72.802354,-13.540455],[-72.799142,-13.54035],[-72.79892,-13.540407],[-72.798724,-13.540522],[-72.798257,-13.541015],[-72.797677,-13.54138],[-72.797473,-13.541481],[-72.797248,-13.541497],[-72.797026,-13.541443],[-72.79684,-13.541314],[-72.796551,-13.540968],[-72.795895,-13.540764],[-72.795698,-13.540649],[-72.795339,-13.540367],[-72.795187,-13.540198],[-72.795036,-13.539773],[-72.794933,-13.539572],[-72.794747,-13.539446],[-72.794525,-13.539416],[-72.793626,-13.539597],[-72.793406,-13.539658],[-72.793066,-13.53996],[-72.792882,-13.540089],[-72.792661,-13.54013],[-72.792213,-13.54004],[-72.791987,-13.540058],[-72.791549,-13.540191],[-72.791323,-13.540226],[-72.791115,-13.540157],[-72.790976,-13.539983],[-72.790763,-13.539583],[-72.790598,-13.539431],[-72.790389,-13.539344],[-72.789022,-13.53918],[-72.788564,-13.53915],[-72.788339,-13.53919],[-72.787705,-13.539452],[-72.787477,-13.539463],[-72.786139,-13.539146],[-72.785911,-13.539119],[-72.785452,-13.539116],[-72.784079,-13.539223],[-72.783855,-13.539266],[-72.78364,-13.539347],[-72.783233,-13.539554],[-72.782299,-13.540204],[-72.782074,-13.54024],[-72.781387,-13.540193],[-72.780928,-13.54019],[-72.780723,-13.540276],[-72.780563,-13.540437],[-72.780426,-13.540618],[-72.780257,-13.540768],[-72.780042,-13.540843],[-72.779814,-13.540868],[-72.778898,-13.540898],[-72.778455,-13.540783],[-72.777591,-13.540476],[-72.776954,-13.540219],[-72.776746,-13.540123],[-72.776553,-13.540002],[-72.775993,-13.539607],[-72.775772,-13.53955],[-72.775545,-13.539579],[-72.775113,-13.539731],[-72.774888,-13.539775],[-72.77466,-13.53979],[-72.774431,-13.539777],[-72.774213,-13.539712],[-72.773652,-13.53932],[-72.77348,-13.539172],[-72.773381,-13.538971],[-72.773345,-13.538522],[-72.773256,-13.538323],[-72.773049,-13.538244],[-72.772833,-13.538313],[-72.772445,-13.538554],[-72.771998,-13.538646],[-72.771769,-13.538654],[-72.77155,-13.538594],[-72.771354,-13.538478],[-72.770618,-13.537936],[-72.770461,-13.537772],[-72.770084,-13.537206],[-72.769906,-13.53679],[-72.769767,-13.536612],[-72.769596,-13.536461],[-72.769021,-13.536092],[-72.768908,-13.535895],[-72.768833,-13.535451],[-72.768747,-13.535247],[-72.768562,-13.535128],[-72.768336,-13.535139],[-72.768119,-13.535213],[-72.767895,-13.535244],[-72.767672,-13.535196],[-72.767456,-13.535118],[-72.767265,-13.534993],[-72.76713,-13.53481],[-72.767081,-13.534592],[-72.767078,-13.53414],[-72.767052,-13.533917],[-72.766894,-13.533759],[-72.766669,-13.533781],[-72.766533,-13.533959],[-72.76631,-13.534353],[-72.766155,-13.534517],[-72.765957,-13.53463],[-72.765305,-13.534848],[-72.765078,-13.53487],[-72.764853,-13.534828],[-72.764637,-13.53475],[-72.764411,-13.534744],[-72.76419,-13.534799],[-72.763997,-13.534919],[-72.763634,-13.535196],[-72.763425,-13.535281],[-72.763199,-13.535265],[-72.762803,-13.535041],[-72.76258,-13.535086],[-72.762451,-13.535266],[-72.762368,-13.535477],[-72.762255,-13.53567],[-72.762075,-13.53581],[-72.76147,-13.536134],[-72.760793,-13.536247],[-72.760565,-13.536268],[-72.760341,-13.536223],[-72.759529,-13.535801],[-72.759355,-13.535655],[-72.759243,-13.53546],[-72.7592,-13.535239],[-72.7592,-13.534787],[-72.759107,-13.534591],[-72.758894,-13.53463],[-72.758856,-13.534839],[-72.759105,-13.535942],[-72.759192,-13.536151],[-72.75934,-13.53632],[-72.76098,-13.537136],[-72.76119,-13.53722],[-72.761418,-13.53724],[-72.761869,-13.537157],[-72.762085,-13.537171],[-72.762123,-13.537372],[-72.761924,-13.537448],[-72.760777,-13.537426],[-72.760322,-13.537368],[-72.759882,-13.537237],[-72.759026,-13.536909],[-72.758825,-13.536803],[-72.758669,-13.536639],[-72.75858,-13.536431],[-72.758379,-13.535784],[-72.758265,-13.535588],[-72.757958,-13.535252],[-72.75785,-13.535058],[-72.757853,-13.534834],[-72.757892,-13.534611],[-72.757837,-13.53441],[-72.757619,-13.534391],[-72.757533,-13.534593],[-72.757599,-13.535039],[-72.75768,-13.535249],[-72.758044,-13.535824],[-72.758135,-13.536031],[-72.758248,-13.536699],[-72.758308,-13.536917],[-72.75859,-13.537535],[-72.758727,-13.537716],[-72.75923,-13.538179],[-72.75993,-13.538764],[-72.76011,-13.538902],[-72.760322,-13.538989],[-72.760485,-13.539141],[-72.760677,-13.539551],[-72.760753,-13.539763],[-72.760644,-13.53993],[-72.760453,-13.539841],[-72.760282,-13.539422],[-72.760098,-13.539297],[-72.759642,-13.539255],[-72.759426,-13.539181],[-72.758568,-13.538858],[-72.758174,-13.538629],[-72.757703,-13.538134],[-72.757596,-13.537938],[-72.757708,-13.537276],[-72.757538,-13.537144],[-72.757361,-13.537259],[-72.757324,-13.537708],[-72.757348,-13.538159],[-72.757555,-13.538805],[-72.757993,-13.5396],[-72.758162,-13.539749],[-72.758954,-13.540207],[-72.759119,-13.540347],[-72.759043,-13.540535],[-72.758829,-13.540518],[-72.758482,-13.540222],[-72.758293,-13.540096],[-72.757868,-13.539925],[-72.757671,-13.539812],[-72.757528,-13.539637],[-72.757139,-13.539077],[-72.756804,-13.538486],[-72.756582,-13.537149],[-72.756528,-13.536929],[-72.756407,-13.536743],[-72.756044,-13.536469],[-72.755689,-13.53589],[-72.755479,-13.53583],[-72.755329,-13.535976],[-72.755235,-13.536418],[-72.755093,-13.536588],[-72.754877,-13.536617],[-72.752421,-13.536037],[-72.752194,-13.53601],[-72.751046,-13.536001],[-72.750818,-13.536017],[-72.750615,-13.536115],[-72.75051,-13.536312],[-72.750568,-13.536525],[-72.751886,-13.537783],[-72.75223,-13.538082],[-72.752429,-13.538194],[-72.753534,-13.5385],[-72.753741,-13.538593],[-72.75373,-13.5388],[-72.753529,-13.538897],[-72.752188,-13.539211],[-72.751533,-13.539415],[-72.751305,-13.53943],[-72.750394,-13.539322],[-72.749481,-13.539411],[-72.749022,-13.539427],[-72.748116,-13.539283],[-72.747901,-13.539208],[-72.746068,-13.538269],[-72.745851,-13.538196],[-72.745624,-13.538195],[-72.745425,-13.538298],[-72.745292,-13.538481],[-72.745247,-13.538695],[-72.745302,-13.538911],[-72.746342,-13.540927],[-72.746479,-13.541106],[-72.746855,-13.541363],[-72.747845,-13.541933],[-72.748069,-13.54198],[-72.749447,-13.541962],[-72.749669,-13.54201],[-72.749853,-13.542144],[-72.750714,-13.542892],[-72.750909,-13.543008],[-72.75198,-13.543406],[-72.752054,-13.543605],[-72.751911,-13.543759],[-72.751455,-13.543741],[-72.751011,-13.543631],[-72.749945,-13.54322],[-72.749731,-13.543281],[-72.749625,-13.543478],[-72.749461,-13.544137],[-72.749356,-13.544337],[-72.749196,-13.544495],[-72.748619,-13.544866],[-72.748217,-13.545083],[-72.747535,-13.545163],[-72.747427,-13.545337],[-72.747591,-13.54546],[-72.748279,-13.545476],[-72.748736,-13.545446],[-72.74915,-13.545257],[-72.749341,-13.545131],[-72.749867,-13.544699],[-72.750069,-13.544775],[-72.750186,-13.545437],[-72.750279,-13.545644],[-72.750409,-13.545829],[-72.75059,-13.545964],[-72.750803,-13.546049],[-72.751027,-13.546066],[-72.751197,-13.545922],[-72.75134,-13.545747],[-72.75156,-13.545714],[-72.751734,-13.545848],[-72.751746,-13.546068],[-72.751334,-13.546876],[-72.751359,-13.547091],[-72.75155,-13.54721],[-72.751971,-13.54739],[-72.752358,-13.547629],[-72.752581,-13.54768],[-72.753037,-13.54773],[-72.753461,-13.547899],[-72.753681,-13.547961],[-72.754138,-13.547984],[-72.754798,-13.548175],[-72.755482,-13.548251],[-72.755703,-13.54831],[-72.756113,-13.548513],[-72.756856,-13.549044],[-72.757032,-13.549188],[-72.757188,-13.549353],[-72.757322,-13.549537],[-72.757482,-13.549693],[-72.757704,-13.549731],[-72.758136,-13.54959],[-72.758819,-13.54967],[-72.758975,-13.549814],[-72.759008,-13.550038],[-72.759096,-13.550241],[-72.759291,-13.550351],[-72.759518,-13.550341],[-72.759971,-13.550266],[-72.760193,-13.550208],[-72.760402,-13.550116],[-72.760572,-13.549971],[-72.760667,-13.549767],[-72.760865,-13.54969],[-72.761014,-13.549837],[-72.761059,-13.550059],[-72.76107,-13.550284],[-72.760993,-13.550493],[-72.760476,-13.55094],[-72.760335,-13.551112],[-72.760387,-13.551317],[-72.76104,-13.551953],[-72.761219,-13.552093],[-72.761429,-13.552173],[-72.762777,-13.552446],[-72.76299,-13.55253],[-72.763183,-13.552651],[-72.763776,-13.55334],[-72.764423,-13.55398],[-72.764551,-13.554167],[-72.764642,-13.554374],[-72.765085,-13.555659],[-72.765202,-13.555851],[-72.765355,-13.556018],[-72.765554,-13.556126],[-72.766415,-13.556442],[-72.766626,-13.55653],[-72.766818,-13.556649],[-72.766865,-13.556863],[-72.766783,-13.557071],[-72.766621,-13.55722],[-72.766397,-13.557233],[-72.765968,-13.557073],[-72.765745,-13.557026],[-72.764375,-13.556888],[-72.764152,-13.556838],[-72.763941,-13.556749],[-72.76372,-13.556702],[-72.763495,-13.556746],[-72.763268,-13.556762],[-72.763077,-13.556646],[-72.762874,-13.556241],[-72.762738,-13.556059],[-72.762231,-13.5556],[-72.761923,-13.555265],[-72.761155,-13.554773],[-72.760939,-13.554698],[-72.760713,-13.554671],[-72.760256,-13.554708],[-72.758423,-13.554581],[-72.758194,-13.554587],[-72.757971,-13.554629],[-72.757766,-13.554729],[-72.757004,-13.555235],[-72.756643,-13.555511],[-72.756439,-13.555616],[-72.756255,-13.555744],[-72.756089,-13.556401],[-72.756057,-13.556624],[-72.756164,-13.557292],[-72.756178,-13.557517],[-72.756135,-13.558193],[-72.756181,-13.558409],[-72.756331,-13.558579],[-72.75634,-13.558784],[-72.756236,-13.558986],[-72.756183,-13.559205],[-72.756204,-13.559426],[-72.756331,-13.55986],[-72.756324,-13.560083],[-72.756238,-13.56029],[-72.755978,-13.560662],[-72.755873,-13.560862],[-72.75578,-13.561304],[-72.75577,-13.561756],[-72.755713,-13.562203],[-72.75561,-13.562404],[-72.755446,-13.56255],[-72.755234,-13.562632],[-72.75501,-13.562626],[-72.754834,-13.562489],[-72.754549,-13.562136],[-72.754444,-13.561935],[-72.754368,-13.561722],[-72.754311,-13.561503],[-72.754173,-13.56061],[-72.754028,-13.560181],[-72.754019,-13.559961],[-72.754086,-13.559745],[-72.75411,-13.559523],[-72.754036,-13.559313],[-72.753831,-13.558909],[-72.753775,-13.558691],[-72.753653,-13.558024],[-72.753576,-13.55735],[-72.753402,-13.556695],[-72.753291,-13.556497],[-72.752128,-13.555406],[-72.751834,-13.555059],[-72.751669,-13.554905],[-72.751106,-13.554514],[-72.750889,-13.554454],[-72.750467,-13.554627],[-72.750293,-13.554774],[-72.74982,-13.555262],[-72.749389,-13.555412],[-72.749214,-13.555554],[-72.74894,-13.555916],[-72.748625,-13.556244],[-72.748275,-13.556537],[-72.748085,-13.556664],[-72.747658,-13.556828],[-72.746982,-13.556951],[-72.746767,-13.557023],[-72.746632,-13.557199],[-72.746618,-13.557418],[-72.746672,-13.557638],[-72.746691,-13.557857],[-72.746554,-13.558026],[-72.7458,-13.558543],[-72.74558,-13.558572],[-72.745383,-13.558458],[-72.744446,-13.557804],[-72.744246,-13.5577],[-72.744046,-13.557789],[-72.743979,-13.558002],[-72.743957,-13.558453],[-72.743825,-13.558626],[-72.743598,-13.558645],[-72.742223,-13.558582],[-72.742002,-13.558638],[-72.741811,-13.558759],[-72.741487,-13.559077],[-72.741286,-13.559182],[-72.741062,-13.559219],[-72.740845,-13.559152],[-72.740647,-13.559038],[-72.740457,-13.558911],[-72.740287,-13.558762],[-72.7402,-13.558553],[-72.7402,-13.557649],[-72.74013,-13.55744],[-72.739949,-13.557301],[-72.739737,-13.557215],[-72.739513,-13.557169],[-72.739054,-13.557155],[-72.738831,-13.557122],[-72.738648,-13.556991],[-72.738608,-13.556781],[-72.738801,-13.55613],[-72.738785,-13.555906],[-72.738705,-13.555697],[-72.737951,-13.554562],[-72.737418,-13.553826],[-72.737098,-13.553503],[-72.736226,-13.552768],[-72.733801,-13.551054],[-72.732851,-13.55042],[-72.732649,-13.550313],[-72.729274,-13.548884],[-72.728625,-13.54866],[-72.728416,-13.548568],[-72.728228,-13.548439],[-72.72806,-13.548286],[-72.72617,-13.546312],[-72.725809,-13.546036],[-72.72538,-13.545876],[-72.718743,-13.544062],[-72.718525,-13.543993],[-72.718319,-13.543893],[-72.718136,-13.543759],[-72.717981,-13.543595],[-72.717857,-13.543405],[-72.717336,-13.542398],[-72.717227,-13.542199],[-72.717092,-13.542016],[-72.716926,-13.541862],[-72.716734,-13.541738],[-72.716527,-13.541646],[-72.716308,-13.541576],[-72.714951,-13.541342],[-72.714494,-13.541328],[-72.712012,-13.541787],[-72.711784,-13.54181],[-72.711556,-13.541788],[-72.709992,-13.541423],[-72.705991,-13.540406],[-72.705568,-13.540229],[-72.704133,-13.539517],[-72.703913,-13.539454],[-72.703685,-13.539448],[-72.703461,-13.539491],[-72.702459,-13.540042],[-72.702238,-13.540099],[-72.70201,-13.540104],[-72.701786,-13.540059],[-72.699883,-13.539267],[-72.698634,-13.538694],[-72.698418,-13.538619],[-72.698194,-13.538573],[-72.697966,-13.538571],[-72.696603,-13.53876],[-72.69617,-13.538908],[-72.695345,-13.539304],[-72.694737,-13.539624],[-72.69456,-13.539762],[-72.694356,-13.540167],[-72.694233,-13.540355],[-72.694025,-13.540443],[-72.6938,-13.54049],[-72.693574,-13.540482],[-72.693232,-13.540182],[-72.692827,-13.539969],[-72.692606,-13.539911],[-72.692381,-13.53989],[-72.691698,-13.539978],[-72.691477,-13.540038],[-72.691266,-13.540126],[-72.691069,-13.540241],[-72.690929,-13.540415],[-72.690797,-13.540846],[-72.690637,-13.541004],[-72.689892,-13.541532],[-72.689373,-13.541978],[-72.689164,-13.542015],[-72.689033,-13.541855],[-72.689103,-13.541646],[-72.689364,-13.541274],[-72.689653,-13.540659],[-72.689732,-13.540447],[-72.689758,-13.539996],[-72.689708,-13.53932],[-72.689667,-13.539098],[-72.689087,-13.537625],[-72.689088,-13.537403],[-72.689171,-13.537191],[-72.689216,-13.536973],[-72.689064,-13.53683],[-72.688875,-13.536923],[-72.68852,-13.537757],[-72.688404,-13.537952],[-72.685969,-13.541516],[-72.685801,-13.541668],[-72.685609,-13.541791],[-72.684995,-13.542098],[-72.684772,-13.542136],[-72.68455,-13.542081],[-72.684339,-13.541994],[-72.684143,-13.54188],[-72.683991,-13.54171],[-72.683818,-13.541566],[-72.683594,-13.541527],[-72.682222,-13.541402],[-72.681765,-13.541424],[-72.681545,-13.541485],[-72.680746,-13.541923],[-72.680519,-13.541905],[-72.679425,-13.541565],[-72.679204,-13.541505],[-72.678977,-13.541477],[-72.67829,-13.541512],[-72.678064,-13.54155],[-72.677851,-13.541631],[-72.677661,-13.541757],[-72.677513,-13.541928],[-72.677238,-13.542548],[-72.676838,-13.542759],[-72.67668,-13.542917],[-72.676634,-13.543131],[-72.676666,-13.543352],[-72.67681,-13.543522],[-72.677215,-13.543734],[-72.677345,-13.543913],[-72.677327,-13.544136],[-72.677214,-13.544331],[-72.676725,-13.544806],[-72.676336,-13.545046],[-72.676003,-13.545357],[-72.675859,-13.545532],[-72.675752,-13.545732],[-72.675602,-13.546155],[-72.675219,-13.546402],[-72.675046,-13.546547],[-72.67488,-13.546966],[-72.674576,-13.547571],[-72.674424,-13.548231],[-72.674221,-13.5483],[-72.674077,-13.548135],[-72.673993,-13.547925],[-72.673867,-13.547739],[-72.673648,-13.54768],[-72.67273,-13.547689],[-72.67251,-13.547638],[-72.672364,-13.547469],[-72.671606,-13.546337],[-72.671015,-13.545995],[-72.670689,-13.545677],[-72.670507,-13.545543],[-72.670288,-13.545483],[-72.669603,-13.545411],[-72.669146,-13.545401],[-72.668927,-13.545464],[-72.668739,-13.545591],[-72.668593,-13.545765],[-72.668386,-13.546411],[-72.668139,-13.546791],[-72.667963,-13.546935],[-72.666872,-13.547284],[-72.665988,-13.547527],[-72.665764,-13.547575],[-72.665558,-13.547509],[-72.665533,-13.547297],[-72.665736,-13.547216],[-72.665965,-13.54721],[-72.666186,-13.547155],[-72.667499,-13.546746],[-72.667697,-13.546639],[-72.667776,-13.546432],[-72.667787,-13.546206],[-72.667837,-13.545988],[-72.668049,-13.545342],[-72.668263,-13.544944],[-72.668411,-13.544771],[-72.668762,-13.544481],[-72.668955,-13.54436],[-72.669178,-13.544326],[-72.669407,-13.54434],[-72.669624,-13.544296],[-72.669649,-13.544095],[-72.669443,-13.544045],[-72.668995,-13.544141],[-72.66878,-13.54422],[-72.66858,-13.544328],[-72.668031,-13.544738],[-72.667866,-13.544894],[-72.667606,-13.545266],[-72.667193,-13.546073],[-72.667021,-13.546215],[-72.666794,-13.546242],[-72.665875,-13.546259],[-72.664728,-13.546247],[-72.664513,-13.546308],[-72.664362,-13.546478],[-72.664181,-13.546598],[-72.663962,-13.546537],[-72.663751,-13.546449],[-72.663539,-13.546462],[-72.663469,-13.546671],[-72.66345,-13.547348],[-72.663303,-13.547495],[-72.663128,-13.547388],[-72.663129,-13.547167],[-72.663222,-13.546725],[-72.663245,-13.546274],[-72.663388,-13.546115],[-72.66361,-13.546147],[-72.663828,-13.546219],[-72.664047,-13.546221],[-72.66434,-13.545882],[-72.664505,-13.545725],[-72.664705,-13.545615],[-72.664922,-13.545546],[-72.665596,-13.545413],[-72.665824,-13.54539],[-72.666053,-13.545407],[-72.666282,-13.545389],[-72.666494,-13.545305],[-72.666647,-13.545141],[-72.666747,-13.544939],[-72.667017,-13.544074],[-72.667133,-13.543881],[-72.667845,-13.542994],[-72.667914,-13.542791],[-72.667753,-13.542674],[-72.667585,-13.542807],[-72.667234,-13.543389],[-72.666776,-13.543894],[-72.666403,-13.544462],[-72.666216,-13.544587],[-72.665571,-13.544826],[-72.665345,-13.544866],[-72.664434,-13.54477],[-72.664207,-13.5448],[-72.663763,-13.544916],[-72.663538,-13.54495],[-72.662932,-13.544634],[-72.662705,-13.544603],[-72.66179,-13.544646],[-72.661604,-13.544515],[-72.661318,-13.544165],[-72.661321,-13.543948],[-72.661492,-13.543813],[-72.66169,-13.54391],[-72.661967,-13.544267],[-72.662187,-13.544295],[-72.662557,-13.544035],[-72.662782,-13.544049],[-72.663166,-13.544297],[-72.66338,-13.544352],[-72.663574,-13.544237],[-72.663753,-13.544097],[-72.664416,-13.543917],[-72.664597,-13.543783],[-72.664758,-13.543622],[-72.664911,-13.543454],[-72.665019,-13.543256],[-72.665055,-13.543034],[-72.665033,-13.542583],[-72.665009,-13.542359],[-72.664919,-13.542152],[-72.663785,-13.540729],[-72.663608,-13.540591],[-72.663394,-13.540513],[-72.662945,-13.540419],[-72.66272,-13.540421],[-72.662521,-13.540534],[-72.661803,-13.541096],[-72.660996,-13.541527],[-72.660871,-13.541708],[-72.660934,-13.542148],[-72.66086,-13.542355],[-72.66067,-13.542472],[-72.660442,-13.542494],[-72.66024,-13.54259],[-72.659929,-13.542922],[-72.659502,-13.543452],[-72.659494,-13.543672],[-72.659735,-13.544305],[-72.659765,-13.544528],[-72.659708,-13.544975],[-72.65971,-13.545199],[-72.660345,-13.547135],[-72.660355,-13.547356],[-72.660223,-13.547527],[-72.659543,-13.54762],[-72.659315,-13.547613],[-72.659153,-13.547466],[-72.658907,-13.547084],[-72.658768,-13.546905],[-72.658293,-13.546415],[-72.658175,-13.546224],[-72.657994,-13.54581],[-72.65786,-13.545627],[-72.657702,-13.545462],[-72.657357,-13.545165],[-72.656596,-13.544659],[-72.656393,-13.544555],[-72.655708,-13.544521],[-72.655253,-13.544468],[-72.654581,-13.544316],[-72.653701,-13.544062],[-72.653507,-13.543945],[-72.653039,-13.543447],[-72.652857,-13.543311],[-72.652255,-13.542982],[-72.652079,-13.542839],[-72.651945,-13.542657],[-72.651736,-13.54259],[-72.651518,-13.542654],[-72.651298,-13.54268],[-72.651183,-13.542505],[-72.651174,-13.542055],[-72.651114,-13.541837],[-72.650841,-13.541216],[-72.650703,-13.541037],[-72.650327,-13.540781],[-72.65012,-13.540685],[-72.649894,-13.540679],[-72.649685,-13.540767],[-72.649543,-13.540943],[-72.649458,-13.541153],[-72.649395,-13.5416],[-72.649325,-13.541813],[-72.64906,-13.542181],[-72.648899,-13.54234],[-72.648692,-13.54243],[-72.648237,-13.542466],[-72.648053,-13.542597],[-72.64792,-13.54278],[-72.647751,-13.542933],[-72.647362,-13.543172],[-72.646921,-13.543284],[-72.646724,-13.543398],[-72.646377,-13.543694],[-72.646219,-13.543858],[-72.645822,-13.544411],[-72.645581,-13.544796],[-72.64549,-13.545002],[-72.645208,-13.545863],[-72.645117,-13.546069],[-72.644923,-13.546161],[-72.644771,-13.54601],[-72.644538,-13.545621],[-72.644221,-13.545296],[-72.644015,-13.545202],[-72.643792,-13.545153],[-72.643564,-13.545166],[-72.643349,-13.54524],[-72.64294,-13.545445],[-72.6428,-13.545621],[-72.642596,-13.546501],[-72.642497,-13.546703],[-72.642307,-13.546821],[-72.641628,-13.54693],[-72.641185,-13.547047],[-72.640973,-13.547131],[-72.640788,-13.547262],[-72.640661,-13.547447],[-72.640608,-13.547665],[-72.640504,-13.548562],[-72.640424,-13.548773],[-72.640313,-13.548971],[-72.640244,-13.549184],[-72.640242,-13.549408],[-72.640292,-13.549855],[-72.640251,-13.550076],[-72.640093,-13.550223],[-72.639892,-13.550154],[-72.638877,-13.548649],[-72.638726,-13.548481],[-72.638308,-13.548299],[-72.638087,-13.548243],[-72.637863,-13.548276],[-72.637651,-13.548364],[-72.637429,-13.548404],[-72.63659,-13.548041],[-72.636372,-13.547971],[-72.636144,-13.547951],[-72.635922,-13.547903],[-72.635508,-13.547709],[-72.634729,-13.547231],[-72.634515,-13.54715],[-72.634293,-13.547097],[-72.634064,-13.547082],[-72.633836,-13.547099],[-72.633618,-13.547171],[-72.632771,-13.547521],[-72.632551,-13.547583],[-72.630523,-13.547975],[-72.630295,-13.547994],[-72.630067,-13.547981],[-72.629157,-13.547854],[-72.628931,-13.547816],[-72.628713,-13.547749],[-72.628526,-13.547622],[-72.628347,-13.54721],[-72.628175,-13.547078],[-72.627946,-13.547064],[-72.627718,-13.54708],[-72.627505,-13.547158],[-72.626592,-13.547843],[-72.626432,-13.548001],[-72.626316,-13.548193],[-72.626287,-13.548417],[-72.62633,-13.548635],[-72.626441,-13.54883],[-72.627261,-13.54962],[-72.62732,-13.549832],[-72.62732,-13.550285],[-72.627382,-13.550497],[-72.62775,-13.550761],[-72.627865,-13.550956],[-72.627946,-13.551167],[-72.627964,-13.551391],[-72.627924,-13.551613],[-72.627755,-13.552032],[-72.627706,-13.552248],[-72.627746,-13.552469],[-72.627961,-13.553114],[-72.628,-13.553336],[-72.62799,-13.553561],[-72.6279,-13.554004],[-72.627887,-13.554228],[-72.628031,-13.554654],[-72.628005,-13.555102],[-72.628039,-13.555324],[-72.628117,-13.555537],[-72.628157,-13.555757],[-72.628114,-13.55598],[-72.628004,-13.556173],[-72.627785,-13.556194],[-72.627586,-13.556084],[-72.627457,-13.555898],[-72.626748,-13.554736],[-72.626236,-13.553476],[-72.62593,-13.552869],[-72.625809,-13.552677],[-72.625252,-13.552282],[-72.625095,-13.552116],[-72.624828,-13.551749],[-72.624649,-13.55161],[-72.624034,-13.551304],[-72.623437,-13.550966],[-72.622518,-13.550289],[-72.622295,-13.550264],[-72.621895,-13.550485],[-72.621675,-13.550538],[-72.621454,-13.550481],[-72.620661,-13.550025],[-72.620446,-13.549988],[-72.62024,-13.550081],[-72.620063,-13.550225],[-72.619852,-13.55029],[-72.619409,-13.550186],[-72.619196,-13.550239],[-72.618925,-13.550604],[-72.618716,-13.550678],[-72.617798,-13.550643],[-72.617573,-13.550603],[-72.617428,-13.550444],[-72.617329,-13.55024],[-72.61719,-13.550066],[-72.616968,-13.550042],[-72.616518,-13.550124],[-72.61589,-13.550403],[-72.614448,-13.551101],[-72.614226,-13.551087],[-72.613723,-13.550629],[-72.613521,-13.550524],[-72.612609,-13.55043],[-72.612383,-13.550461],[-72.612185,-13.550574],[-72.611048,-13.551341],[-72.610841,-13.551437],[-72.609729,-13.551715],[-72.608817,-13.551811],[-72.607937,-13.552069],[-72.607526,-13.552269],[-72.606785,-13.552802],[-72.606616,-13.552953],[-72.606505,-13.553149],[-72.605956,-13.554636],[-72.605815,-13.554814],[-72.605328,-13.555293],[-72.605149,-13.555432],[-72.60494,-13.555522],[-72.603631,-13.555945],[-72.603203,-13.556108],[-72.600196,-13.557759],[-72.599619,-13.558129],[-72.598736,-13.558851],[-72.597808,-13.559516],[-72.597638,-13.559665],[-72.597552,-13.559873],[-72.597515,-13.560096],[-72.597413,-13.560286],[-72.596983,-13.560437],[-72.596778,-13.560534],[-72.596609,-13.560685],[-72.596475,-13.560867],[-72.596286,-13.561277],[-72.595841,-13.561795],[-72.595366,-13.562568],[-72.5952,-13.562989],[-72.595096,-13.563191],[-72.594697,-13.563743],[-72.59465,-13.563956],[-72.594724,-13.564165],[-72.594959,-13.564553],[-72.595192,-13.565189],[-72.595307,-13.565384],[-72.595289,-13.565601],[-72.595107,-13.565706],[-72.594897,-13.565623],[-72.594729,-13.56547],[-72.594438,-13.565124],[-72.594032,-13.564915],[-72.593808,-13.564903],[-72.593415,-13.565122],[-72.593192,-13.565092],[-72.592548,-13.564854],[-72.592172,-13.5646],[-72.591949,-13.564635],[-72.591735,-13.564717],[-72.591526,-13.564703],[-72.591372,-13.564538],[-72.591241,-13.564352],[-72.59108,-13.564194],[-72.590868,-13.564114],[-72.590416,-13.564034],[-72.589961,-13.563986],[-72.589739,-13.564041],[-72.589327,-13.564237],[-72.589102,-13.564233],[-72.588881,-13.564173],[-72.588674,-13.564077],[-72.588508,-13.563921],[-72.588016,-13.562902],[-72.587878,-13.562722],[-72.587675,-13.562623],[-72.587238,-13.562483],[-72.586788,-13.562401],[-72.586566,-13.562455],[-72.586371,-13.562572],[-72.585643,-13.563124],[-72.585434,-13.563211],[-72.58521,-13.56326],[-72.584981,-13.563246],[-72.584561,-13.563072],[-72.584406,-13.562909],[-72.584225,-13.562777],[-72.584,-13.562754],[-72.583771,-13.562759],[-72.583545,-13.562724],[-72.583332,-13.562643],[-72.582979,-13.562355],[-72.582765,-13.562277],[-72.581644,-13.562038],[-72.581415,-13.562039],[-72.581188,-13.56207],[-72.580734,-13.56202],[-72.580511,-13.562054],[-72.580304,-13.56215],[-72.579754,-13.562557],[-72.579544,-13.562635],[-72.578856,-13.56261],[-72.578638,-13.562673],[-72.577495,-13.56343],[-72.57728,-13.563504],[-72.577053,-13.563531],[-72.575905,-13.56355],[-72.575683,-13.563505],[-72.575532,-13.563342],[-72.574735,-13.561968],[-72.574593,-13.561793],[-72.574394,-13.561682],[-72.573303,-13.561332],[-72.572674,-13.561056],[-72.57202,-13.560844],[-72.571811,-13.560753],[-72.571281,-13.560321],[-72.570966,-13.559992],[-72.56993,-13.558782],[-72.569796,-13.558598],[-72.569693,-13.558397],[-72.569448,-13.557763],[-72.569346,-13.557562],[-72.569198,-13.557392],[-72.568842,-13.557106],[-72.568554,-13.556755],[-72.568392,-13.556596],[-72.567873,-13.556149],[-72.566709,-13.555058],[-72.566551,-13.554894],[-72.56642,-13.55471],[-72.566321,-13.554506],[-72.566164,-13.554081],[-72.56606,-13.553641],[-72.566062,-13.553417],[-72.566293,-13.55303],[-72.566341,-13.55281],[-72.566338,-13.552586],[-72.566269,-13.552372],[-72.565893,-13.551804],[-72.565577,-13.551476],[-72.56485,-13.550925],[-72.564232,-13.550627],[-72.563791,-13.550505],[-72.563563,-13.550482],[-72.563104,-13.55047],[-72.56265,-13.550535],[-72.559769,-13.551302],[-72.558898,-13.551587],[-72.558492,-13.551796],[-72.558139,-13.552085],[-72.557217,-13.553092],[-72.557036,-13.553231],[-72.556636,-13.55345],[-72.556426,-13.55354],[-72.556206,-13.553602],[-72.555748,-13.553634],[-72.5546,-13.553659],[-72.553917,-13.553579],[-72.553229,-13.55355],[-72.552311,-13.553555],[-72.551623,-13.553586],[-72.551396,-13.553619],[-72.550763,-13.553884],[-72.549562,-13.554548],[-72.549354,-13.554642],[-72.54891,-13.554752],[-72.548682,-13.554765],[-72.548459,-13.554716],[-72.547632,-13.554324],[-72.547265,-13.554053],[-72.546215,-13.552855],[-72.545893,-13.552533],[-72.545213,-13.551925],[-72.544783,-13.551399],[-72.544623,-13.551237],[-72.543408,-13.550201],[-72.54134,-13.548775],[-72.540436,-13.548078],[-72.539783,-13.547444],[-72.538978,-13.547011],[-72.538062,-13.546331],[-72.537489,-13.545955],[-72.532019,-13.543084],[-72.529363,-13.541742],[-72.52832,-13.541272],[-72.527667,-13.541057],[-72.525673,-13.540523],[-72.524778,-13.540319],[-72.524102,-13.54019],[-72.522062,-13.539871],[-72.521847,-13.539796],[-72.521654,-13.539675],[-72.52148,-13.539528],[-72.520378,-13.538376],[-72.519376,-13.537139],[-72.519029,-13.536845],[-72.518289,-13.536309],[-72.518157,-13.536124],[-72.517892,-13.535498],[-72.516559,-13.532127],[-72.516454,-13.531926],[-72.516295,-13.531764],[-72.514999,-13.530828],[-72.514804,-13.530711],[-72.514596,-13.530615],[-72.513717,-13.530356],[-72.513072,-13.530121],[-72.512876,-13.530006],[-72.51217,-13.529427],[-72.512012,-13.529263],[-72.511902,-13.529065],[-72.511717,-13.528412],[-72.51163,-13.528204],[-72.51151,-13.528012],[-72.511366,-13.527837],[-72.508929,-13.525441],[-72.508741,-13.525312],[-72.507165,-13.524383],[-72.506813,-13.524092],[-72.506376,-13.523571],[-72.505915,-13.523068],[-72.505681,-13.522679],[-72.505588,-13.522472],[-72.505528,-13.522026],[-72.505504,-13.521122],[-72.50553,-13.520672],[-72.505577,-13.52045],[-72.505713,-13.520019],[-72.50612,-13.519209],[-72.506356,-13.518822],[-72.506664,-13.518487],[-72.507347,-13.517883],[-72.507665,-13.517557],[-72.50779,-13.517368],[-72.508118,-13.516773],[-72.508275,-13.51661],[-72.508454,-13.516469],[-72.509021,-13.516084],[-72.509196,-13.515939],[-72.509346,-13.515769],[-72.509453,-13.515571],[-72.509516,-13.515354],[-72.50954,-13.51513],[-72.509524,-13.514679],[-72.509341,-13.513335],[-72.50926,-13.51289],[-72.509182,-13.51268],[-72.509029,-13.512515],[-72.508823,-13.512421],[-72.50815,-13.512288],[-72.507967,-13.512156],[-72.50791,-13.511943],[-72.507953,-13.511723],[-72.50814,-13.51131],[-72.50817,-13.511087],[-72.508127,-13.510868],[-72.507984,-13.510694],[-72.507596,-13.510452],[-72.507428,-13.5103],[-72.50732,-13.510105],[-72.507346,-13.509882],[-72.507518,-13.509463],[-72.50756,-13.509242],[-72.507547,-13.509018],[-72.507477,-13.508804],[-72.507357,-13.508613],[-72.506779,-13.507911],[-72.506664,-13.507716],[-72.50663,-13.507494],[-72.506861,-13.506621],[-72.506897,-13.506399],[-72.506853,-13.50618],[-72.5067,-13.506014],[-72.506505,-13.505897],[-72.506278,-13.505862],[-72.504905,-13.505757],[-72.50468,-13.505717],[-72.504463,-13.505644],[-72.504257,-13.505545],[-72.503888,-13.505278],[-72.502887,-13.504346],[-72.5016,-13.503399],[-72.500331,-13.502427],[-72.500145,-13.502296],[-72.499942,-13.502191],[-72.499485,-13.502158],[-72.492829,-13.501972],[-72.492604,-13.501932],[-72.492394,-13.501842],[-72.492015,-13.501589],[-72.490784,-13.500571],[-72.490418,-13.500299],[-72.49022,-13.500185],[-72.489792,-13.500026],[-72.48868,-13.499747],[-72.488262,-13.499561],[-72.487699,-13.499171],[-72.487497,-13.499064],[-72.486619,-13.498801],[-72.486393,-13.49876],[-72.486166,-13.498771],[-72.485949,-13.498839],[-72.485402,-13.499247],[-72.485193,-13.499337],[-72.484968,-13.499354],[-72.484289,-13.499239],[-72.48407,-13.499175],[-72.483035,-13.498688],[-72.482823,-13.498601],[-72.482383,-13.498474],[-72.480571,-13.498182],[-72.480345,-13.498196],[-72.480139,-13.49829],[-72.47961,-13.498723],[-72.479398,-13.498803],[-72.479173,-13.498847],[-72.478037,-13.499009],[-72.47781,-13.498995],[-72.477384,-13.498828],[-72.477164,-13.498766],[-72.476939,-13.498795],[-72.474903,-13.499835],[-72.474462,-13.49996],[-72.474004,-13.499968],[-72.473778,-13.499934],[-72.471558,-13.499357],[-72.467822,-13.498245],[-72.467372,-13.498159],[-72.467143,-13.498139],[-72.465766,-13.49811],[-72.465538,-13.498085],[-72.465091,-13.497983],[-72.463571,-13.497471],[-72.463365,-13.497375],[-72.46319,-13.497232],[-72.46304,-13.49706],[-72.462776,-13.496692],[-72.46261,-13.496536],[-72.462049,-13.496144],[-72.461886,-13.495985],[-72.461757,-13.495801],[-72.461658,-13.495598],[-72.461468,-13.494946],[-72.461265,-13.494541],[-72.458189,-13.490314],[-72.457902,-13.489962],[-72.457746,-13.489796],[-72.457571,-13.48965],[-72.457197,-13.489389],[-72.456989,-13.489297],[-72.45631,-13.489194],[-72.456092,-13.489125],[-72.455901,-13.489002],[-72.455572,-13.488686],[-72.454177,-13.487189],[-72.454099,-13.486979],[-72.454073,-13.486528],[-72.454037,-13.486306],[-72.453922,-13.486117],[-72.453763,-13.485955],[-72.452883,-13.485229],[-72.452161,-13.48467],[-72.44919,-13.482543],[-72.448061,-13.481765],[-72.447331,-13.481216],[-72.447154,-13.481074],[-72.446831,-13.480751],[-72.446388,-13.480234],[-72.445884,-13.479772],[-72.445138,-13.479245],[-72.444939,-13.479135],[-72.441947,-13.477982],[-72.44175,-13.477867],[-72.441403,-13.477571],[-72.440912,-13.477097],[-72.440504,-13.476551],[-72.440051,-13.475765],[-72.439921,-13.475581],[-72.438868,-13.474707],[-72.438639,-13.474316],[-72.438141,-13.473298],[-72.438076,-13.473081],[-72.438054,-13.472857],[-72.43821,-13.470148],[-72.438214,-13.469923],[-72.438189,-13.469698],[-72.438031,-13.469274],[-72.437894,-13.469093],[-72.436629,-13.467781],[-72.436445,-13.46765],[-72.436226,-13.467592],[-72.436001,-13.467633],[-72.43513,-13.46792],[-72.434906,-13.467957],[-72.434682,-13.467918],[-72.43448,-13.467812],[-72.430209,-13.464385],[-72.430072,-13.464205],[-72.429717,-13.463372],[-72.429577,-13.463198],[-72.42938,-13.463086],[-72.429155,-13.463068],[-72.428949,-13.463162],[-72.428808,-13.463335],[-72.428538,-13.463959],[-72.428382,-13.464114],[-72.428161,-13.464172],[-72.427933,-13.46419],[-72.427709,-13.464147],[-72.427504,-13.464051],[-72.427353,-13.463889],[-72.426849,-13.462388],[-72.426765,-13.462178],[-72.426608,-13.46202],[-72.42639,-13.461962],[-72.42617,-13.46202],[-72.426005,-13.46217],[-72.425927,-13.46238],[-72.425824,-13.462821],[-72.425715,-13.463011],[-72.425497,-13.46306],[-72.425291,-13.462968],[-72.42521,-13.462761],[-72.425044,-13.461643],[-72.424957,-13.461435],[-72.423075,-13.458328],[-72.422947,-13.458141],[-72.42278,-13.457988],[-72.422559,-13.45794],[-72.422337,-13.457983],[-72.422169,-13.458132],[-72.421071,-13.460861],[-72.420916,-13.461025],[-72.420709,-13.461117],[-72.420481,-13.461122],[-72.420277,-13.461023],[-72.42013,-13.460853],[-72.419207,-13.459557],[-72.419014,-13.45944],[-72.41879,-13.459424],[-72.418581,-13.459509],[-72.418472,-13.459706],[-72.418452,-13.459928],[-72.418504,-13.460147],[-72.419123,-13.46185],[-72.419142,-13.462073],[-72.41906,-13.46228],[-72.418872,-13.462407],[-72.418647,-13.462435],[-72.418427,-13.462378],[-72.417849,-13.462009],[-72.417698,-13.461839],[-72.417591,-13.461639],[-72.417532,-13.461423],[-72.417414,-13.460754],[-72.417344,-13.460539],[-72.417234,-13.460343],[-72.417092,-13.460167],[-72.416924,-13.460013],[-72.415918,-13.459469],[-72.414487,-13.458748],[-72.414272,-13.458671],[-72.414045,-13.45869],[-72.413854,-13.458807],[-72.413785,-13.459017],[-72.41388,-13.460142],[-72.413812,-13.460355],[-72.413667,-13.460529],[-72.413465,-13.460633],[-72.413241,-13.460665],[-72.412552,-13.46067],[-72.412332,-13.46061],[-72.411716,-13.460307],[-72.411506,-13.46023],[-72.411301,-13.460319],[-72.410959,-13.460902],[-72.410792,-13.461053],[-72.410578,-13.461116],[-72.410358,-13.461061],[-72.410195,-13.460909],[-72.409713,-13.459883],[-72.40967,-13.459663],[-72.409691,-13.45944],[-72.409774,-13.45923],[-72.409913,-13.459054],[-72.411302,-13.458261],[-72.411484,-13.458126],[-72.411631,-13.457953],[-72.411733,-13.457751],[-72.411788,-13.457534],[-72.411883,-13.456862],[-72.412268,-13.455326],[-72.412292,-13.455102],[-72.412276,-13.454879],[-72.412004,-13.454015],[-72.411642,-13.452706],[-72.411613,-13.452483],[-72.411681,-13.452272],[-72.411878,-13.451863],[-72.411942,-13.451647],[-72.411965,-13.451424],[-72.411948,-13.451199],[-72.411758,-13.450084],[-72.411628,-13.449909],[-72.411411,-13.449908],[-72.411255,-13.450065],[-72.411282,-13.450282],[-72.411487,-13.450686],[-72.411562,-13.450899],[-72.411565,-13.451123],[-72.411481,-13.451333],[-72.411356,-13.451521],[-72.410904,-13.452032],[-72.410835,-13.452245],[-72.410866,-13.452467],[-72.411262,-13.454232],[-72.411266,-13.454458],[-72.411234,-13.454681],[-72.411166,-13.454897],[-72.410912,-13.455272],[-72.410441,-13.455764],[-72.410229,-13.45584],[-72.410002,-13.455828],[-72.409555,-13.455735],[-72.409336,-13.455797],[-72.409162,-13.455938],[-72.409035,-13.456371],[-72.408888,-13.456537],[-72.408462,-13.456704],[-72.408267,-13.456819],[-72.408176,-13.457022],[-72.408125,-13.457243],[-72.407997,-13.457417],[-72.407774,-13.457432],[-72.407617,-13.457284],[-72.407643,-13.457065],[-72.407881,-13.45643],[-72.407943,-13.455756],[-72.408024,-13.455548],[-72.408169,-13.455373],[-72.409618,-13.454262],[-72.409781,-13.454107],[-72.409871,-13.453903],[-72.409866,-13.453681],[-72.409784,-13.453472],[-72.40962,-13.453318],[-72.409394,-13.453291],[-72.409172,-13.453347],[-72.408628,-13.45376],[-72.408423,-13.453854],[-72.408195,-13.453856],[-72.407984,-13.453776],[-72.407825,-13.453616],[-72.407756,-13.453402],[-72.40778,-13.45318],[-72.408232,-13.452395],[-72.408286,-13.452179],[-72.408249,-13.451958],[-72.408102,-13.451787],[-72.406922,-13.451088],[-72.406741,-13.45095],[-72.406573,-13.450796],[-72.406435,-13.450617],[-72.406194,-13.450232],[-72.406046,-13.450063],[-72.405824,-13.450044],[-72.405665,-13.450193],[-72.405681,-13.450411],[-72.40585,-13.450562],[-72.406216,-13.450833],[-72.406384,-13.450988],[-72.406525,-13.451165],[-72.406656,-13.45135],[-72.406843,-13.451763],[-72.406882,-13.451985],[-72.40685,-13.452206],[-72.406763,-13.452415],[-72.40571,-13.453897],[-72.405595,-13.454091],[-72.405523,-13.454305],[-72.4055,-13.454755],[-72.405401,-13.454947],[-72.405192,-13.455025],[-72.405,-13.454916],[-72.404943,-13.454702],[-72.405038,-13.454499],[-72.405522,-13.45373],[-72.405615,-13.453524],[-72.405649,-13.453301],[-72.405621,-13.451945],[-72.405603,-13.45172],[-72.405545,-13.451502],[-72.405414,-13.451317],[-72.404398,-13.450402],[-72.404213,-13.450268],[-72.404009,-13.450166],[-72.403791,-13.450098],[-72.402647,-13.450006],[-72.402431,-13.449939],[-72.402294,-13.449767],[-72.402287,-13.449546],[-72.402423,-13.449368],[-72.403292,-13.44863],[-72.403457,-13.448474],[-72.403581,-13.448285],[-72.403648,-13.44807],[-72.403763,-13.447173],[-72.403844,-13.446964],[-72.403995,-13.446796],[-72.404181,-13.446663],[-72.404774,-13.446319],[-72.404859,-13.446118],[-72.404793,-13.445905],[-72.404587,-13.445816],[-72.404363,-13.445839],[-72.404204,-13.445998],[-72.40382,-13.446561],[-72.403665,-13.446724],[-72.403467,-13.446837],[-72.40325,-13.44691],[-72.402804,-13.447014],[-72.402603,-13.447117],[-72.402466,-13.447294],[-72.402439,-13.447515],[-72.402494,-13.44819],[-72.402438,-13.448405],[-72.402305,-13.448587],[-72.401513,-13.449405],[-72.401418,-13.449608],[-72.401383,-13.44983],[-72.401417,-13.450052],[-72.401502,-13.450262],[-72.401647,-13.450437],[-72.402296,-13.451077],[-72.402392,-13.451268],[-72.40233,-13.451482],[-72.402143,-13.451605],[-72.401921,-13.451574],[-72.40175,-13.451425],[-72.401286,-13.450924],[-72.400537,-13.450067],[-72.400407,-13.449882],[-72.400407,-13.449659],[-72.400554,-13.449495],[-72.400944,-13.449256],[-72.401109,-13.449101],[-72.401233,-13.448912],[-72.40129,-13.448694],[-72.40127,-13.44847],[-72.401126,-13.447808],[-72.40114,-13.447583],[-72.401191,-13.447363],[-72.401273,-13.447154],[-72.401401,-13.446967],[-72.401564,-13.446808],[-72.40174,-13.446664],[-72.402679,-13.446013],[-72.402838,-13.445855],[-72.402943,-13.445656],[-72.402986,-13.445437],[-72.403037,-13.444308],[-72.403149,-13.443871],[-72.403251,-13.443669],[-72.403524,-13.443308],[-72.404016,-13.442833],[-72.404533,-13.442384],[-72.404681,-13.442216],[-72.404666,-13.441997],[-72.404517,-13.441829],[-72.404296,-13.441801],[-72.404097,-13.441905],[-72.403351,-13.442765],[-72.403014,-13.44307],[-72.402614,-13.443291],[-72.401995,-13.443588],[-72.401813,-13.443723],[-72.401689,-13.443912],[-72.401318,-13.445217],[-72.401097,-13.445859],[-72.400138,-13.447913],[-72.399982,-13.448072],[-72.399782,-13.448184],[-72.39956,-13.44824],[-72.399104,-13.448298],[-72.398887,-13.448368],[-72.398698,-13.448496],[-72.398559,-13.448674],[-72.398477,-13.448882],[-72.398313,-13.449539],[-72.398164,-13.449707],[-72.397668,-13.450177],[-72.397519,-13.450349],[-72.397174,-13.450934],[-72.39697,-13.45102],[-72.396766,-13.450941],[-72.396707,-13.450732],[-72.396828,-13.450547],[-72.397876,-13.449667],[-72.398025,-13.449496],[-72.398105,-13.449285],[-72.398095,-13.449062],[-72.397925,-13.448174],[-72.397947,-13.447951],[-72.398045,-13.447748],[-72.398216,-13.4476],[-72.398425,-13.447513],[-72.398653,-13.4475],[-72.399098,-13.447611],[-72.399323,-13.447624],[-72.399541,-13.447568],[-72.399736,-13.447449],[-72.399865,-13.447263],[-72.399905,-13.447045],[-72.399857,-13.446826],[-72.399719,-13.446648],[-72.399526,-13.446531],[-72.399084,-13.446412],[-72.398858,-13.446386],[-72.398632,-13.44642],[-72.398413,-13.446485],[-72.398221,-13.446606],[-72.398049,-13.446755],[-72.397451,-13.447439],[-72.397356,-13.447644],[-72.39732,-13.447866],[-72.397343,-13.448089],[-72.39752,-13.448744],[-72.397488,-13.448963],[-72.397356,-13.449145],[-72.397157,-13.449251],[-72.396943,-13.449333],[-72.394122,-13.450293],[-72.393933,-13.450417],[-72.393801,-13.450598],[-72.393732,-13.450812],[-72.39376,-13.451035],[-72.393843,-13.451246],[-72.395098,-13.45366],[-72.395133,-13.453879],[-72.395101,-13.45433],[-72.395157,-13.454545],[-72.395447,-13.454894],[-72.395647,-13.454996],[-72.395876,-13.455006],[-72.396334,-13.454979],[-72.39656,-13.454993],[-72.396754,-13.455107],[-72.396908,-13.455275],[-72.397023,-13.455469],[-72.3971,-13.455683],[-72.397139,-13.455905],[-72.397145,-13.45613],[-72.397124,-13.456355],[-72.397003,-13.457022],[-72.397002,-13.457473],[-72.397186,-13.458817],[-72.397183,-13.459041],[-72.397067,-13.459232],[-72.396856,-13.459311],[-72.396627,-13.459315],[-72.394562,-13.459249],[-72.394106,-13.459205],[-72.393904,-13.459103],[-72.393746,-13.458942],[-72.393337,-13.458396],[-72.393178,-13.458235],[-72.392968,-13.458151],[-72.392741,-13.45816],[-72.392546,-13.458274],[-72.392429,-13.458462],[-72.392329,-13.458903],[-72.392235,-13.459102],[-72.392033,-13.459197],[-72.39181,-13.459165],[-72.391645,-13.459017],[-72.391615,-13.458796],[-72.391695,-13.458588],[-72.392343,-13.457655],[-72.392519,-13.457514],[-72.39274,-13.457457],[-72.392964,-13.457484],[-72.39316,-13.457596],[-72.394167,-13.458522],[-72.394359,-13.458644],[-72.394583,-13.458692],[-72.394811,-13.458691],[-72.395029,-13.458624],[-72.395224,-13.458506],[-72.39537,-13.458333],[-72.395474,-13.458133],[-72.395515,-13.457913],[-72.395536,-13.457461],[-72.395515,-13.457237],[-72.395408,-13.45704],[-72.395226,-13.456906],[-72.39501,-13.456838],[-72.394564,-13.456742],[-72.394369,-13.456623],[-72.394224,-13.456449],[-72.39415,-13.456237],[-72.394026,-13.455572],[-72.393932,-13.455366],[-72.393802,-13.45518],[-72.393018,-13.454355],[-72.392835,-13.454222],[-72.392403,-13.454073],[-72.391269,-13.453899],[-72.391049,-13.453836],[-72.390846,-13.453734],[-72.390668,-13.453592],[-72.39053,-13.453413],[-72.389658,-13.452084],[-72.389335,-13.451486],[-72.389246,-13.451278],[-72.389182,-13.451061],[-72.389145,-13.450838],[-72.388874,-13.448821],[-72.388819,-13.448602],[-72.388739,-13.448391],[-72.388632,-13.448191],[-72.387457,-13.446519],[-72.387306,-13.446092],[-72.387195,-13.445196],[-72.387096,-13.444994],[-72.386927,-13.444844],[-72.386717,-13.444758],[-72.385803,-13.444672],[-72.385577,-13.444664],[-72.385368,-13.444752],[-72.385236,-13.444935],[-72.38507,-13.44559],[-72.38492,-13.445755],[-72.3847,-13.445809],[-72.38402,-13.445917],[-72.383802,-13.445985],[-72.38361,-13.446106],[-72.382981,-13.446763],[-72.382779,-13.446866],[-72.381895,-13.447108],[-72.381254,-13.447354],[-72.381027,-13.447375],[-72.380802,-13.447335],[-72.380609,-13.447218],[-72.380453,-13.447053],[-72.380366,-13.446846],[-72.380302,-13.446399],[-72.380197,-13.446205],[-72.37999,-13.44612],[-72.379304,-13.446172],[-72.377479,-13.446378],[-72.377026,-13.44645],[-72.375227,-13.446812],[-72.375037,-13.446934],[-72.374792,-13.447316],[-72.374644,-13.447486],[-72.374444,-13.447578],[-72.374245,-13.44748],[-72.3741,-13.447307],[-72.373441,-13.446381],[-72.373252,-13.446261],[-72.373028,-13.446281],[-72.372841,-13.446404],[-72.372458,-13.446964],[-72.372272,-13.447094],[-72.371842,-13.447252],[-72.371435,-13.447459],[-72.371249,-13.44759],[-72.371085,-13.447748],[-72.370938,-13.44792],[-72.370684,-13.448296],[-72.370429,-13.448925],[-72.370285,-13.449095],[-72.370063,-13.449135],[-72.369841,-13.449081],[-72.369425,-13.448891],[-72.369207,-13.448826],[-72.368979,-13.448838],[-72.368109,-13.449125],[-72.367888,-13.449098],[-72.367727,-13.448943],[-72.367677,-13.448728],[-72.367751,-13.448515],[-72.36803,-13.447895],[-72.368509,-13.447126],[-72.368588,-13.446914],[-72.368632,-13.446693],[-72.368825,-13.44535],[-72.368791,-13.445129],[-72.36868,-13.444933],[-72.368499,-13.444796],[-72.367453,-13.444331],[-72.367061,-13.444096],[-72.366894,-13.443943],[-72.366498,-13.443389],[-72.366343,-13.443223],[-72.366162,-13.443086],[-72.364484,-13.442354],[-72.36405,-13.442208],[-72.363826,-13.442158],[-72.363369,-13.442124],[-72.362914,-13.442182],[-72.362237,-13.442307],[-72.36201,-13.44233],[-72.361784,-13.442293],[-72.361579,-13.442194],[-72.360614,-13.441582],[-72.360436,-13.441439],[-72.360309,-13.441254],[-72.360253,-13.441037],[-72.360277,-13.440814],[-72.360517,-13.440178],[-72.36055,-13.439955],[-72.360525,-13.439732],[-72.360428,-13.439528],[-72.360249,-13.439391],[-72.360029,-13.439331],[-72.359803,-13.439345],[-72.359584,-13.439412],[-72.348156,-13.443527],[-72.347937,-13.443595],[-72.347484,-13.443666],[-72.347255,-13.443678],[-72.347027,-13.443655],[-72.345451,-13.443352],[-72.344994,-13.44331],[-72.342009,-13.44331],[-72.341557,-13.443237],[-72.341113,-13.443121],[-72.340246,-13.442826],[-72.339792,-13.442763],[-72.339565,-13.442789],[-72.339345,-13.442854],[-72.335898,-13.444104],[-72.335443,-13.444157],[-72.33476,-13.444076],[-72.334316,-13.44396],[-72.333901,-13.443768],[-72.332927,-13.443171],[-72.33272,-13.443073],[-72.3325,-13.443016],[-72.332271,-13.443],[-72.332044,-13.443022],[-72.331823,-13.443079],[-72.33162,-13.443184],[-72.331433,-13.443311],[-72.331091,-13.443613],[-72.330898,-13.443733],[-72.330466,-13.443884],[-72.330241,-13.44392],[-72.330011,-13.44392],[-72.329786,-13.443874],[-72.329572,-13.443796],[-72.327471,-13.442883],[-72.327256,-13.442807],[-72.32703,-13.442773],[-72.326801,-13.442767],[-72.326573,-13.442792],[-72.326134,-13.442919],[-72.325929,-13.443019],[-72.325741,-13.443149],[-72.32558,-13.44331],[-72.323568,-13.445778],[-72.323401,-13.445932],[-72.323218,-13.446067],[-72.322812,-13.446279],[-72.321088,-13.446901],[-72.320884,-13.447003],[-72.320517,-13.447274],[-72.319164,-13.449101],[-72.318865,-13.449444],[-72.318521,-13.449741],[-72.318124,-13.449968],[-72.315217,-13.451319],[-72.313298,-13.452073],[-72.305363,-13.455058],[-72.302995,-13.455924],[-72.302572,-13.456099],[-72.29204,-13.459993],[-72.291052,-13.460568],[-72.290083,-13.461174],[-72.289481,-13.461504],[-72.28783,-13.462297],[-72.286569,-13.462843],[-72.285949,-13.463138],[-72.285763,-13.463268],[-72.285624,-13.463445],[-72.285519,-13.463645],[-72.283301,-13.468613],[-72.283098,-13.469018],[-72.282951,-13.469188],[-72.281946,-13.470115],[-72.279138,-13.473402],[-72.278343,-13.474217],[-72.275012,-13.477329],[-72.274666,-13.477627],[-72.273728,-13.478278],[-72.273332,-13.478507],[-72.272913,-13.478691],[-72.271839,-13.47909],[-72.270101,-13.479676],[-72.267919,-13.480378],[-72.252901,-13.485344],[-72.251607,-13.48581],[-72.248982,-13.486633],[-72.238758,-13.490031],[-72.235872,-13.49078],[-72.234326,-13.49121],[-72.231724,-13.492103],[-72.22898,-13.49326],[-72.228552,-13.493422],[-72.227885,-13.493591],[-72.226295,-13.493819],[-72.224246,-13.494081],[-72.224026,-13.494147],[-72.223813,-13.49423],[-72.223416,-13.494454],[-72.221779,-13.495697],[-72.221402,-13.495954],[-72.220989,-13.49615],[-72.220774,-13.496228],[-72.219447,-13.496592],[-72.218993,-13.496652],[-72.217846,-13.49667],[-72.21532,-13.496651],[-72.213266,-13.496869],[-72.210535,-13.497227],[-72.202784,-13.49814],[-72.198896,-13.498479],[-72.196403,-13.49888],[-72.193919,-13.499329],[-72.193239,-13.49943],[-72.193009,-13.49943],[-72.192783,-13.499391],[-72.192567,-13.499321],[-72.192146,-13.49914],[-72.191924,-13.499089],[-72.191236,-13.49907],[-72.186898,-13.498613],[-72.186216,-13.498523],[-72.185545,-13.498373],[-72.184889,-13.498166],[-72.184461,-13.498003],[-72.181061,-13.496117],[-72.17769,-13.494179],[-72.172741,-13.490894],[-72.172031,-13.490321],[-72.169619,-13.487901],[-72.168779,-13.48713],[-72.164561,-13.482971],[-72.164062,-13.482503],[-72.163002,-13.481313],[-72.161846,-13.479908],[-72.161288,-13.47919],[-72.158653,-13.476054],[-72.155914,-13.472711],[-72.155263,-13.471779],[-72.154192,-13.47004],[-72.153093,-13.468316],[-72.152154,-13.466762],[-72.150339,-13.463618],[-72.149909,-13.463088],[-72.149744,-13.462932],[-72.149551,-13.462816],[-72.149126,-13.462643],[-72.148905,-13.462588],[-72.14868,-13.46261],[-72.146313,-13.463475],[-72.145223,-13.463831],[-72.141569,-13.465181],[-72.140509,-13.465615],[-72.140098,-13.465816],[-72.139903,-13.465935],[-72.139538,-13.466209],[-72.13868,-13.46696],[-72.134471,-13.470804],[-72.131797,-13.473284],[-72.131265,-13.473715],[-72.130707,-13.474112],[-72.128743,-13.475283],[-72.12792,-13.475684],[-72.12727,-13.475909],[-72.126608,-13.476094],[-72.123254,-13.476865],[-72.12303,-13.476911],[-72.122117,-13.47701],[-72.12051,-13.477029],[-72.119824,-13.477079],[-72.119148,-13.477211],[-72.118491,-13.477414],[-72.118064,-13.47758],[-72.117455,-13.477894],[-72.116499,-13.47852],[-72.113717,-13.480518],[-72.113129,-13.480871],[-72.112706,-13.481045],[-72.112258,-13.481144],[-72.11203,-13.481162],[-72.109738,-13.481301],[-72.10905,-13.48131],[-72.108591,-13.481285],[-72.107232,-13.48107],[-72.105634,-13.480908],[-72.105187,-13.480803],[-72.104971,-13.480727],[-72.101352,-13.479288],[-72.100706,-13.479053],[-72.100266,-13.478925],[-72.099146,-13.478677],[-72.097338,-13.478356],[-72.096428,-13.478234],[-72.09597,-13.478206],[-72.095512,-13.478226],[-72.094832,-13.478332],[-72.091916,-13.478957],[-72.089217,-13.479505],[-72.0872,-13.479947],[-72.085445,-13.480477],[-72.081738,-13.481681],[-72.080047,-13.482387],[-72.073962,-13.485047],[-72.062458,-13.489601],[-72.061791,-13.489767],[-72.061109,-13.489866],[-72.060421,-13.48987],[-72.059962,-13.489849],[-72.059506,-13.489796],[-72.058374,-13.489608],[-72.057917,-13.489571],[-72.057688,-13.489578],[-72.057461,-13.489615],[-72.057018,-13.489732],[-72.055726,-13.4902],[-72.055504,-13.49026],[-72.055275,-13.490276],[-72.054831,-13.490176],[-72.054631,-13.490066],[-72.054099,-13.489635],[-72.05391,-13.489507],[-72.053693,-13.489437],[-72.053466,-13.4894],[-72.053239,-13.489421],[-72.053017,-13.489482],[-72.05283,-13.489609],[-72.050583,-13.491543],[-72.050023,-13.491937],[-72.049421,-13.492265],[-72.044799,-13.494272],[-72.042326,-13.495467],[-72.04211,-13.495542],[-72.04099,-13.495788],[-72.038963,-13.496185],[-72.038521,-13.496305],[-72.038091,-13.496463],[-72.037257,-13.496841],[-72.032748,-13.499082],[-72.032389,-13.499363],[-72.03209,-13.499706],[-72.031473,-13.500659],[-72.031138,-13.501251],[-72.030605,-13.502981],[-72.03055,-13.5032],[-72.030504,-13.50365],[-72.030425,-13.503858],[-72.030259,-13.504005],[-72.030042,-13.504068],[-72.029825,-13.504009],[-72.029668,-13.503847],[-72.028851,-13.502484],[-72.028714,-13.502304],[-72.028532,-13.502171],[-72.028306,-13.502137],[-72.028076,-13.502137],[-72.0267,-13.502193],[-72.026472,-13.502213],[-72.026249,-13.502264],[-72.026068,-13.502398],[-72.025442,-13.503344],[-72.025239,-13.503423],[-72.025031,-13.503339],[-72.024652,-13.503087],[-72.024428,-13.503054],[-72.024202,-13.503086],[-72.024012,-13.50321],[-72.023862,-13.503378],[-72.023779,-13.503588],[-72.023664,-13.50494],[-72.023634,-13.505163],[-72.02356,-13.505376],[-72.023282,-13.505733],[-72.022945,-13.506041],[-72.022757,-13.506168],[-72.022542,-13.506241],[-72.022315,-13.506229],[-72.022105,-13.506144],[-72.021927,-13.506004],[-72.019764,-13.503978],[-72.019588,-13.503835],[-72.018979,-13.503518],[-72.018357,-13.503227],[-72.01814,-13.503153],[-72.017917,-13.503104],[-72.017689,-13.503083],[-72.017459,-13.503087],[-72.017234,-13.503128],[-72.017012,-13.503184],[-72.016602,-13.503385],[-72.015649,-13.504017],[-72.011697,-13.506737],[-72.011301,-13.506964],[-72.010869,-13.507115],[-72.010642,-13.507145],[-72.010413,-13.507159],[-72.009497,-13.507119],[-72.009296,-13.507224],[-72.009172,-13.50741],[-72.00915,-13.507631],[-72.009239,-13.508303],[-72.009099,-13.508474],[-72.008881,-13.508474],[-72.008737,-13.508306],[-72.008578,-13.507883],[-72.008377,-13.507479],[-72.008213,-13.507322],[-72.008007,-13.507227],[-72.00778,-13.507237],[-72.007555,-13.507282],[-72.005596,-13.507931],[-72.004937,-13.508127],[-72.004712,-13.508119],[-72.003457,-13.507564],[-72.00323,-13.507531],[-72.002772,-13.507556],[-72.002089,-13.507642],[-72.00186,-13.50765],[-72.001402,-13.507622],[-72.000952,-13.507533],[-72.000285,-13.507363],[-71.99983,-13.507306],[-71.996395,-13.507537],[-71.995943,-13.50747],[-71.994402,-13.507026],[-71.994175,-13.507028],[-71.993961,-13.507105],[-71.993792,-13.507256],[-71.993698,-13.50746],[-71.993099,-13.50917],[-71.992682,-13.510462],[-71.992509,-13.510881],[-71.992454,-13.511327],[-71.992472,-13.512005],[-71.992407,-13.512213],[-71.992271,-13.512395],[-71.991714,-13.512791],[-71.991561,-13.512956],[-71.99146,-13.513159],[-71.991378,-13.513603],[-71.991385,-13.513828],[-71.991577,-13.515854],[-71.991638,-13.516067],[-71.991809,-13.516213],[-71.99202,-13.5163],[-71.992936,-13.516239],[-71.993161,-13.516267],[-71.993373,-13.51635],[-71.993553,-13.516486],[-71.993685,-13.51667],[-71.993765,-13.516882],[-71.993864,-13.517323],[-71.993943,-13.517532],[-71.994103,-13.517671],[-71.994324,-13.517702],[-71.994546,-13.517646],[-71.995186,-13.517396],[-71.995411,-13.517415],[-71.995521,-13.517593],[-71.995495,-13.517809],[-71.994485,-13.519319],[-71.993928,-13.520559],[-71.993881,-13.520779],[-71.993894,-13.521003],[-71.994026,-13.521186],[-71.994815,-13.522008],[-71.995146,-13.52232],[-71.995338,-13.522433],[-71.99666,-13.522817],[-71.996874,-13.522898],[-71.997063,-13.523014],[-71.99716,-13.523211],[-71.997138,-13.523433],[-71.99698,-13.523595],[-71.996766,-13.523663],[-71.996085,-13.523561],[-71.995627,-13.523549],[-71.994721,-13.523693],[-71.994493,-13.523678],[-71.993836,-13.52348],[-71.993607,-13.523478],[-71.993387,-13.523537],[-71.993184,-13.523641],[-71.992051,-13.525064],[-71.991906,-13.525214],[-71.991175,-13.524674],[-71.990782,-13.52444],[-71.990366,-13.524249],[-71.98838,-13.523115],[-71.988316,-13.522925],[-71.988377,-13.522712],[-71.988191,-13.522595],[-71.987978,-13.522511],[-71.98776,-13.522524],[-71.987315,-13.522637],[-71.987104,-13.522597],[-71.986936,-13.522458],[-71.986283,-13.522675],[-71.985835,-13.522771],[-71.977828,-13.52479],[-71.972787,-13.526337],[-71.972572,-13.526417],[-71.972371,-13.526522],[-71.972011,-13.526803],[-71.971324,-13.527402],[-71.971017,-13.527738],[-71.968794,-13.531431],[-71.968754,-13.531642],[-71.968684,-13.531849],[-71.968509,-13.531993],[-71.968288,-13.532054],[-71.96806,-13.532069],[-71.967601,-13.532055],[-71.967464,-13.532144],[-71.967442,-13.533048],[-71.967402,-13.533271],[-71.967314,-13.533479],[-71.967079,-13.533864],[-71.966856,-13.533916],[-71.966634,-13.53428],[-71.96648,-13.534447],[-71.966271,-13.534532],[-71.965588,-13.53451],[-71.965152,-13.534652],[-71.965143,-13.534833],[-71.965094,-13.534672],[-71.964663,-13.534813],[-71.96462,-13.534993],[-71.963964,-13.5352],[-71.963741,-13.535237],[-71.963735,-13.535025],[-71.963692,-13.534803],[-71.963834,-13.534695],[-71.96472,-13.534455],[-71.965393,-13.534311],[-71.96582,-13.534148],[-71.966934,-13.53388],[-71.9671,-13.533758],[-71.967137,-13.53354],[-71.967013,-13.532189],[-71.96693,-13.532036],[-71.966476,-13.532102],[-71.963736,-13.532391],[-71.955513,-13.533213],[-71.955316,-13.533303],[-71.954933,-13.53314],[-71.954705,-13.533137],[-71.951506,-13.533449],[-71.949455,-13.533701],[-71.942603,-13.53439],[-71.94123,-13.5345],[-71.938489,-13.534769],[-71.938035,-13.534836],[-71.932551,-13.535363],[-71.928671,-13.535781],[-71.926385,-13.535989],[-71.925939,-13.536052],[-71.92574,-13.534482],[-71.925721,-13.533578],[-71.925813,-13.53338],[-71.926244,-13.53285],[-71.926294,-13.532647],[-71.9261,-13.532646],[-71.924328,-13.533121],[-71.923429,-13.533305],[-71.920484,-13.533784],[-71.919799,-13.53385],[-71.91957,-13.533847],[-71.919342,-13.533822],[-71.919121,-13.533767],[-71.917704,-13.53302],[-71.917317,-13.532777],[-71.916389,-13.532111],[-71.916169,-13.532053],[-71.915489,-13.531941],[-71.915059,-13.531801],[-71.914832,-13.531831],[-71.91461,-13.531888],[-71.914425,-13.531877],[-71.914014,-13.532078],[-71.913821,-13.532201],[-71.903895,-13.538734],[-71.897047,-13.543683],[-71.896106,-13.544332],[-71.895303,-13.544769],[-71.894462,-13.545132],[-71.893593,-13.545424],[-71.89071,-13.546183],[-71.889584,-13.546372],[-71.886913,-13.547039],[-71.883809,-13.547861],[-71.879383,-13.549066],[-71.874325,-13.550558],[-71.873218,-13.55086],[-71.865645,-13.552724],[-71.86497,-13.55286],[-71.862706,-13.55323],[-71.862249,-13.553278],[-71.861574,-13.55341],[-71.86089,-13.553485],[-71.85976,-13.553683],[-71.859098,-13.553869],[-71.858468,-13.554143],[-71.858074,-13.554374],[-71.852971,-13.55784],[-71.852373,-13.558175],[-71.832176,-13.567418],[-71.831351,-13.567815],[-71.831154,-13.567931],[-71.830764,-13.568169],[-71.830214,-13.568577],[-71.826462,-13.571906],[-71.826104,-13.572189],[-71.825715,-13.57243],[-71.825311,-13.572644],[-71.820171,-13.57516],[-71.819372,-13.575605],[-71.81842,-13.576237],[-71.801862,-13.58841],[-71.801294,-13.588794],[-71.800684,-13.589106],[-71.800026,-13.589304],[-71.799801,-13.589351],[-71.799346,-13.589403],[-71.792462,-13.589636],[-71.791786,-13.589762],[-71.791351,-13.589906],[-71.791136,-13.589985],[-71.784681,-13.592938],[-71.784306,-13.593196],[-71.784141,-13.593353],[-71.783286,-13.594417],[-71.782975,-13.594748],[-71.782608,-13.595019],[-71.782202,-13.595229],[-71.763588,-13.601003],[-71.762064,-13.601504],[-71.761033,-13.602],[-71.75744,-13.60401],[-71.756625,-13.604427],[-71.747605,-13.608379],[-71.746746,-13.608698],[-71.745844,-13.608858],[-71.742179,-13.609117],[-71.740814,-13.609295],[-71.738106,-13.609797],[-71.736082,-13.610204],[-71.7339,-13.610907],[-71.733448,-13.61098],[-71.733218,-13.61098],[-71.732992,-13.610942],[-71.732557,-13.610803],[-71.732159,-13.610578],[-71.731985,-13.610431],[-71.729757,-13.60815],[-71.728354,-13.606656],[-71.72818,-13.60651],[-71.727974,-13.606415],[-71.727745,-13.60641],[-71.727526,-13.606478],[-71.727335,-13.606603],[-71.727173,-13.606762],[-71.727048,-13.606951],[-71.726999,-13.607171],[-71.726884,-13.608068],[-71.726767,-13.608504],[-71.726689,-13.608716],[-71.725816,-13.61056],[-71.725478,-13.611401],[-71.725195,-13.61202],[-71.724953,-13.612404],[-71.724417,-13.613138],[-71.724274,-13.613314],[-71.72411,-13.61347],[-71.723913,-13.613585],[-71.723035,-13.613846],[-71.722627,-13.614053],[-71.721758,-13.61479],[-71.721573,-13.614923],[-71.719022,-13.616448],[-71.718268,-13.616964],[-71.714955,-13.619397],[-71.714549,-13.619607],[-71.712815,-13.620204],[-71.712374,-13.620327],[-71.711923,-13.620414],[-71.707585,-13.620858],[-71.707135,-13.620943],[-71.70693,-13.621044],[-71.706756,-13.621189],[-71.706626,-13.621374],[-71.706268,-13.622447],[-71.705626,-13.623898],[-71.705424,-13.624304],[-71.705292,-13.624488],[-71.705134,-13.624652],[-71.69779,-13.630081],[-71.69744,-13.630374],[-71.697286,-13.630542],[-71.697152,-13.630725],[-71.697054,-13.630929],[-71.696985,-13.631144],[-71.696934,-13.631364],[-71.696884,-13.632266],[-71.696824,-13.632714],[-71.696698,-13.633149],[-71.696303,-13.63421],[-71.696185,-13.634403],[-71.695474,-13.634971],[-71.695336,-13.635151],[-71.69524,-13.635355],[-71.695185,-13.635574],[-71.69518,-13.6358],[-71.695228,-13.636019],[-71.695333,-13.636218],[-71.695493,-13.636378],[-71.69586,-13.63665],[-71.695994,-13.636831],[-71.696039,-13.637051],[-71.696001,-13.637272],[-71.695907,-13.637478],[-71.693884,-13.640497],[-71.693594,-13.640847],[-71.692822,-13.641684],[-71.692554,-13.642051],[-71.69205,-13.643066],[-71.690653,-13.646166],[-71.690318,-13.646758],[-71.689885,-13.647284],[-71.687453,-13.649996],[-71.687059,-13.650551],[-71.685717,-13.652658],[-71.685533,-13.653071],[-71.685419,-13.653508],[-71.684799,-13.657761],[-71.684698,-13.658201],[-71.684534,-13.658623],[-71.682915,-13.66187],[-71.68254,-13.662438],[-71.681126,-13.66422],[-71.680783,-13.66452],[-71.679602,-13.665217],[-71.679423,-13.665358],[-71.679275,-13.665531],[-71.679158,-13.665725],[-71.678744,-13.666531],[-71.678505,-13.666917],[-71.678098,-13.667464],[-71.677946,-13.667633],[-71.677447,-13.668101],[-71.677085,-13.668379],[-71.675219,-13.669696],[-71.674875,-13.669995],[-71.673713,-13.671088],[-71.672929,-13.671558],[-71.672553,-13.671817],[-71.668256,-13.675565],[-71.6679,-13.67585],[-71.667512,-13.676092],[-71.665056,-13.677322],[-71.664677,-13.677573],[-71.66453,-13.677746],[-71.662973,-13.679984],[-71.662828,-13.680159],[-71.662658,-13.68031],[-71.66246,-13.680422],[-71.662242,-13.680493],[-71.662017,-13.680535],[-71.660413,-13.680439],[-71.660184,-13.680435],[-71.659958,-13.680469],[-71.659316,-13.680712],[-71.655951,-13.682163],[-71.655729,-13.682216],[-71.6555,-13.682236],[-71.654817,-13.68216],[-71.654588,-13.68217],[-71.654373,-13.682244],[-71.652259,-13.683603],[-71.651938,-13.683925],[-71.651006,-13.685214],[-71.650555,-13.685725],[-71.649988,-13.686107],[-71.648976,-13.686642],[-71.648582,-13.686873],[-71.648067,-13.687321],[-71.647252,-13.688118],[-71.646897,-13.688402],[-71.646482,-13.688593],[-71.645584,-13.688778],[-71.645367,-13.688849],[-71.643803,-13.689795],[-71.64326,-13.690213],[-71.642873,-13.690455],[-71.639821,-13.692026],[-71.6392,-13.692318],[-71.638985,-13.692395],[-71.63876,-13.69243],[-71.638533,-13.69241],[-71.638328,-13.692312],[-71.638165,-13.692154],[-71.637265,-13.691128],[-71.637184,-13.690919],[-71.63717,-13.690015],[-71.637131,-13.689794],[-71.637018,-13.689599],[-71.636297,-13.68904],[-71.636133,-13.688883],[-71.636037,-13.68868],[-71.636011,-13.688457],[-71.636037,-13.688005],[-71.636006,-13.687782],[-71.635895,-13.687587],[-71.634928,-13.686323],[-71.634765,-13.686164],[-71.634581,-13.68603],[-71.634379,-13.685924],[-71.63394,-13.685796],[-71.630744,-13.685456],[-71.628915,-13.6853],[-71.628227,-13.685291],[-71.627094,-13.685474],[-71.627118,-13.685596],[-71.628057,-13.686589],[-71.628171,-13.686758],[-71.628018,-13.686923],[-71.62781,-13.687017],[-71.626028,-13.687455],[-71.625828,-13.687563],[-71.625606,-13.687621],[-71.624698,-13.687757],[-71.62451,-13.68765],[-71.624398,-13.687454],[-71.624226,-13.687035],[-71.623869,-13.686455],[-71.623602,-13.686088],[-71.623438,-13.68593],[-71.622154,-13.684979],[-71.620926,-13.684374],[-71.620736,-13.684248],[-71.620335,-13.684033],[-71.620158,-13.683888],[-71.619857,-13.683548],[-71.619524,-13.683238],[-71.619299,-13.683201],[-71.618632,-13.683367],[-71.618423,-13.683458],[-71.618236,-13.683589],[-71.616046,-13.685585],[-71.615873,-13.685734],[-71.615681,-13.685857],[-71.615466,-13.68593],[-71.615238,-13.68595],[-71.615015,-13.685903],[-71.614815,-13.685794],[-71.614644,-13.685644],[-71.614187,-13.685138],[-71.614007,-13.684999],[-71.613792,-13.684923],[-71.613564,-13.684904],[-71.61334,-13.684949],[-71.613133,-13.685045],[-71.612074,-13.685912],[-71.611888,-13.686042],[-71.611276,-13.68635],[-71.611113,-13.686508],[-71.610326,-13.687886],[-71.610197,-13.688073],[-71.610014,-13.688205],[-71.609791,-13.688249],[-71.609339,-13.688176],[-71.609127,-13.688092],[-71.60875,-13.687835],[-71.608539,-13.687763],[-71.608315,-13.6878],[-71.607109,-13.688454],[-71.606931,-13.688594],[-71.606643,-13.688946],[-71.606462,-13.689083],[-71.606243,-13.689145],[-71.605328,-13.689218],[-71.605105,-13.689175],[-71.604749,-13.688893],[-71.604548,-13.688786],[-71.60432,-13.688776],[-71.604092,-13.688796],[-71.603184,-13.688929],[-71.602956,-13.688944],[-71.602731,-13.688902],[-71.602317,-13.688709],[-71.601529,-13.688244],[-71.600889,-13.687995],[-71.599425,-13.687342],[-71.598993,-13.687203],[-71.598877,-13.687012],[-71.59899,-13.686849],[-71.599212,-13.686816],[-71.600113,-13.686991],[-71.601248,-13.687163],[-71.601476,-13.687174],[-71.601703,-13.687143],[-71.601919,-13.687068],[-71.602118,-13.686956],[-71.602299,-13.686819],[-71.602451,-13.68665],[-71.602581,-13.686464],[-71.603228,-13.684771],[-71.603318,-13.684564],[-71.603439,-13.684373],[-71.603811,-13.68411],[-71.604417,-13.683788],[-71.604636,-13.683724],[-71.604864,-13.6837],[-71.605552,-13.6837],[-71.605773,-13.683656],[-71.605923,-13.68349],[-71.605936,-13.683267],[-71.605803,-13.68309],[-71.605591,-13.683026],[-71.604444,-13.682991],[-71.604221,-13.682945],[-71.604011,-13.682855],[-71.603619,-13.68262],[-71.603399,-13.68256],[-71.603174,-13.682596],[-71.6019,-13.68311],[-71.601673,-13.683117],[-71.601557,-13.682948],[-71.601668,-13.682762],[-71.602465,-13.682314],[-71.60264,-13.682169],[-71.602774,-13.681986],[-71.602855,-13.681776],[-71.60288,-13.681552],[-71.602893,-13.680875],[-71.60295,-13.680657],[-71.603146,-13.680249],[-71.603224,-13.680037],[-71.603255,-13.679814],[-71.603197,-13.679142],[-71.603255,-13.678926],[-71.603348,-13.678719],[-71.60357,-13.678324],[-71.603727,-13.678162],[-71.603949,-13.678152],[-71.604388,-13.678284],[-71.604614,-13.67832],[-71.6053,-13.678282],[-71.605753,-13.67821],[-71.606411,-13.678014],[-71.606604,-13.677893],[-71.606761,-13.677733],[-71.607405,-13.676797],[-71.607475,-13.676585],[-71.607366,-13.67642],[-71.607174,-13.676518],[-71.606764,-13.677061],[-71.606568,-13.677175],[-71.605902,-13.677345],[-71.605677,-13.67734],[-71.605469,-13.677252],[-71.604759,-13.676681],[-71.604637,-13.67649],[-71.604413,-13.675851],[-71.60426,-13.67569],[-71.603607,-13.675475],[-71.603405,-13.67538],[-71.603356,-13.675173],[-71.603546,-13.675071],[-71.603992,-13.675174],[-71.604217,-13.675204],[-71.604676,-13.675217],[-71.604901,-13.675251],[-71.60548,-13.675617],[-71.605688,-13.675711],[-71.605898,-13.675662],[-71.605974,-13.675461],[-71.605859,-13.675268],[-71.605707,-13.675099],[-71.605395,-13.674767],[-71.60521,-13.674635],[-71.604998,-13.674559],[-71.604771,-13.674554],[-71.604317,-13.674623],[-71.604088,-13.674626],[-71.603946,-13.674474],[-71.604041,-13.674287],[-71.604257,-13.67422],[-71.605161,-13.674064],[-71.605381,-13.674001],[-71.605569,-13.673877],[-71.605687,-13.673686],[-71.605748,-13.672788],[-71.6059,-13.672625],[-71.606117,-13.672562],[-71.606803,-13.672501],[-71.607016,-13.672427],[-71.607162,-13.672263],[-71.607324,-13.671608],[-71.607492,-13.671463],[-71.607945,-13.671412],[-71.608092,-13.671249],[-71.608132,-13.671027],[-71.60818,-13.670351],[-71.608288,-13.670157],[-71.608476,-13.670029],[-71.608893,-13.669841],[-71.609118,-13.66981],[-71.609797,-13.66991],[-71.610009,-13.66983],[-71.610148,-13.669653],[-71.610344,-13.669244],[-71.610473,-13.669058],[-71.6108,-13.66874],[-71.610941,-13.668562],[-71.611157,-13.668163],[-71.611285,-13.667976],[-71.611473,-13.667853],[-71.611696,-13.667871],[-71.611883,-13.667997],[-71.612287,-13.668546],[-71.612465,-13.668681],[-71.612687,-13.66867],[-71.613122,-13.668528],[-71.61335,-13.668532],[-71.614468,-13.668785],[-71.614695,-13.668782],[-71.614868,-13.668654],[-71.614859,-13.668437],[-71.6147,-13.668277],[-71.614499,-13.668167],[-71.614315,-13.668034],[-71.614161,-13.667868],[-71.613324,-13.666791],[-71.613012,-13.666461],[-71.612813,-13.666348],[-71.6126,-13.666266],[-71.611947,-13.666053],[-71.610921,-13.665545],[-71.610766,-13.665386],[-71.610614,-13.664961],[-71.610505,-13.664763],[-71.610345,-13.664602],[-71.610165,-13.664462],[-71.609958,-13.664389],[-71.60984,-13.664543],[-71.609963,-13.664722],[-71.61015,-13.664853],[-71.610309,-13.665013],[-71.61037,-13.665229],[-71.61036,-13.665681],[-71.610281,-13.665889],[-71.610071,-13.665956],[-71.609853,-13.665899],[-71.609429,-13.665728],[-71.609204,-13.665749],[-71.608988,-13.665822],[-71.608575,-13.666019],[-71.608189,-13.666262],[-71.60803,-13.666424],[-71.607894,-13.666607],[-71.607447,-13.667393],[-71.607247,-13.667472],[-71.607112,-13.667305],[-71.607191,-13.667094],[-71.608006,-13.66573],[-71.608137,-13.665544],[-71.608444,-13.665208],[-71.608549,-13.665009],[-71.608578,-13.664787],[-71.608533,-13.66411],[-71.608514,-13.663885],[-71.608455,-13.663667],[-71.608338,-13.663473],[-71.607868,-13.662977],[-71.607653,-13.66258],[-71.607527,-13.662394],[-71.607319,-13.662361],[-71.607278,-13.662558],[-71.607418,-13.662735],[-71.607582,-13.662894],[-71.607713,-13.663078],[-71.608033,-13.663925],[-71.608056,-13.66415],[-71.608027,-13.664372],[-71.607948,-13.664582],[-71.607813,-13.664765],[-71.607643,-13.664914],[-71.607432,-13.665004],[-71.606355,-13.665392],[-71.60614,-13.66536],[-71.606099,-13.665157],[-71.606269,-13.665016],[-71.606685,-13.664826],[-71.606862,-13.664684],[-71.606998,-13.664503],[-71.607079,-13.664293],[-71.607106,-13.664069],[-71.607072,-13.663846],[-71.606997,-13.663633],[-71.606619,-13.662809],[-71.606418,-13.66216],[-71.606384,-13.661937],[-71.606423,-13.661716],[-71.606562,-13.661293],[-71.606473,-13.661093],[-71.605652,-13.660694],[-71.605521,-13.660517],[-71.60549,-13.660294],[-71.605489,-13.659842],[-71.605424,-13.659629],[-71.605264,-13.659475],[-71.605047,-13.659406],[-71.604598,-13.65931],[-71.603686,-13.659201],[-71.603469,-13.659258],[-71.602969,-13.659723],[-71.602313,-13.659924],[-71.602121,-13.660047],[-71.60179,-13.66036],[-71.601578,-13.660437],[-71.601356,-13.660388],[-71.600293,-13.659962],[-71.60007,-13.659925],[-71.599875,-13.660027],[-71.59986,-13.660239],[-71.600015,-13.660393],[-71.600232,-13.660465],[-71.60068,-13.660566],[-71.600891,-13.660651],[-71.601262,-13.660918],[-71.601462,-13.661027],[-71.601689,-13.66104],[-71.602142,-13.660978],[-71.602371,-13.660976],[-71.603052,-13.661066],[-71.60327,-13.661137],[-71.603447,-13.66128],[-71.603821,-13.661848],[-71.603994,-13.662265],[-71.60402,-13.662489],[-71.60401,-13.662715],[-71.603971,-13.662937],[-71.603784,-13.663348],[-71.603462,-13.663669],[-71.60253,-13.664329],[-71.602325,-13.664417],[-71.602141,-13.664307],[-71.602192,-13.664103],[-71.602733,-13.663685],[-71.602869,-13.663511],[-71.602928,-13.663294],[-71.602874,-13.663079],[-71.602732,-13.662908],[-71.602324,-13.662702],[-71.60211,-13.66262],[-71.601886,-13.662575],[-71.601663,-13.662618],[-71.600823,-13.662981],[-71.600607,-13.663058],[-71.600382,-13.663102],[-71.599923,-13.663112],[-71.599244,-13.663003],[-71.599021,-13.662949],[-71.598809,-13.662868],[-71.598643,-13.662713],[-71.598225,-13.662175],[-71.598029,-13.66207],[-71.597823,-13.66215],[-71.597549,-13.662511],[-71.597297,-13.662889],[-71.597134,-13.663047],[-71.596913,-13.663069],[-71.59629,-13.662784],[-71.596074,-13.662806],[-71.596005,-13.663002],[-71.596166,-13.663152],[-71.597009,-13.663504],[-71.597132,-13.663688],[-71.597066,-13.663895],[-71.596862,-13.663986],[-71.596635,-13.66402],[-71.595718,-13.664065],[-71.59549,-13.664054],[-71.595274,-13.663979],[-71.595072,-13.663871],[-71.594887,-13.663737],[-71.594683,-13.663635],[-71.594467,-13.663564],[-71.593562,-13.663412],[-71.593353,-13.663324],[-71.593245,-13.663135],[-71.593259,-13.662231],[-71.593229,-13.662008],[-71.593103,-13.661822],[-71.592919,-13.661697],[-71.592265,-13.661484],[-71.592079,-13.661359],[-71.591813,-13.66099],[-71.591625,-13.660873],[-71.591417,-13.660933],[-71.591048,-13.661202],[-71.590704,-13.661501],[-71.590395,-13.661834],[-71.589852,-13.662563],[-71.589681,-13.662708],[-71.589462,-13.662731],[-71.58931,-13.66257],[-71.589323,-13.662354],[-71.589619,-13.662012],[-71.590443,-13.661226],[-71.590711,-13.660859],[-71.590953,-13.660474],[-71.591052,-13.660271],[-71.591099,-13.660051],[-71.591086,-13.659148],[-71.591129,-13.658927],[-71.591512,-13.657862],[-71.591956,-13.65735],[-71.592022,-13.657135],[-71.591975,-13.656233],[-71.591988,-13.656008],[-71.592139,-13.655348],[-71.592127,-13.655125],[-71.591926,-13.654719],[-71.591857,-13.654505],[-71.591833,-13.654282],[-71.591934,-13.653614],[-71.591887,-13.653393],[-71.591393,-13.652633],[-71.590803,-13.65194],[-71.590713,-13.651736],[-71.590715,-13.651514],[-71.590884,-13.650857],[-71.590995,-13.650661],[-71.59118,-13.650535],[-71.591404,-13.650503],[-71.592092,-13.650538],[-71.59232,-13.650515],[-71.592496,-13.650385],[-71.59252,-13.650165],[-71.59239,-13.64927],[-71.592382,-13.648818],[-71.592437,-13.648143],[-71.592363,-13.647936],[-71.592192,-13.647788],[-71.591822,-13.647526],[-71.591693,-13.647341],[-71.591541,-13.646682],[-71.591453,-13.646476],[-71.591303,-13.646307],[-71.591089,-13.646227],[-71.590409,-13.64612],[-71.590193,-13.646041],[-71.590026,-13.645888],[-71.589726,-13.645546],[-71.589607,-13.645352],[-71.589535,-13.645138],[-71.589514,-13.644915],[-71.589529,-13.644689],[-71.589587,-13.644471],[-71.589766,-13.644055],[-71.589886,-13.643863],[-71.590372,-13.643385],[-71.590487,-13.643197],[-71.590473,-13.642979],[-71.58964,-13.641626],[-71.589569,-13.641412],[-71.589586,-13.64119],[-71.589711,-13.641004],[-71.590293,-13.640644],[-71.59043,-13.640465],[-71.590427,-13.640244],[-71.590326,-13.640041],[-71.58997,-13.63946],[-71.589882,-13.639252],[-71.589785,-13.638811],[-71.589305,-13.63591],[-71.58927,-13.635232],[-71.589268,-13.634555],[-71.589011,-13.632764],[-71.588935,-13.632551],[-71.588817,-13.632357],[-71.588148,-13.631439],[-71.588051,-13.631236],[-71.587995,-13.631017],[-71.587987,-13.630792],[-71.588014,-13.630568],[-71.588152,-13.629904],[-71.588149,-13.629679],[-71.588111,-13.629456],[-71.5879,-13.628812],[-71.587699,-13.628405],[-71.587367,-13.627811],[-71.587227,-13.627634],[-71.587014,-13.627563],[-71.586794,-13.627616],[-71.585942,-13.627952],[-71.585714,-13.627969],[-71.585255,-13.627954],[-71.585026,-13.627936],[-71.584808,-13.627877],[-71.584633,-13.627737],[-71.584025,-13.626779],[-71.583856,-13.626635],[-71.583638,-13.626607],[-71.582351,-13.62708],[-71.582132,-13.627054],[-71.58201,-13.626871],[-71.582076,-13.626664],[-71.582986,-13.625977],[-71.583121,-13.625798],[-71.583115,-13.62558],[-71.58298,-13.625405],[-71.58277,-13.625314],[-71.581898,-13.625034],[-71.581719,-13.624895],[-71.581413,-13.624558],[-71.579804,-13.622641],[-71.579672,-13.622457],[-71.579569,-13.622255],[-71.579527,-13.622034],[-71.57961,-13.620908],[-71.579661,-13.620688],[-71.579745,-13.620477],[-71.580192,-13.619437],[-71.580198,-13.619213],[-71.580105,-13.619014],[-71.579921,-13.618888],[-71.579695,-13.618854],[-71.578779,-13.618795],[-71.578557,-13.618738],[-71.578371,-13.618609],[-71.577949,-13.618073],[-71.577791,-13.61791],[-71.577594,-13.617795],[-71.577178,-13.617604],[-71.57702,-13.617448],[-71.577055,-13.617232],[-71.577241,-13.617107],[-71.578146,-13.616961],[-71.578368,-13.616903],[-71.578511,-13.616733],[-71.578461,-13.616521],[-71.578264,-13.616415],[-71.577361,-13.616258],[-71.575761,-13.616111],[-71.575531,-13.61612],[-71.575316,-13.616192],[-71.57515,-13.616347],[-71.574782,-13.616921],[-71.574615,-13.61707],[-71.574404,-13.617058],[-71.574282,-13.616873],[-71.574029,-13.614627],[-71.573959,-13.614414],[-71.573827,-13.614231],[-71.573642,-13.614099],[-71.573427,-13.614024],[-71.5732,-13.61403],[-71.572984,-13.614098],[-71.572795,-13.614226],[-71.571309,-13.61564],[-71.571111,-13.615744],[-71.570904,-13.61568],[-71.57084,-13.615473],[-71.570902,-13.615256],[-71.571648,-13.613118],[-71.571727,-13.612906],[-71.571832,-13.612705],[-71.572748,-13.611137],[-71.572847,-13.610933],[-71.5729,-13.610716],[-71.572804,-13.610518],[-71.57262,-13.610395],[-71.572397,-13.610382],[-71.572182,-13.61046],[-71.571351,-13.610843],[-71.57113,-13.610904],[-71.569552,-13.611207],[-71.569097,-13.611241],[-71.568876,-13.611182],[-71.568689,-13.611051],[-71.568554,-13.610872],[-71.568474,-13.61066],[-71.568308,-13.608633],[-71.568261,-13.608413],[-71.568125,-13.60823],[-71.567921,-13.608136],[-71.567694,-13.60812],[-71.564767,-13.608689],[-71.56454,-13.608704],[-71.564328,-13.60863],[-71.564182,-13.608458],[-71.564133,-13.60824],[-71.564189,-13.608022],[-71.564589,-13.607209],[-71.56614,-13.605543],[-71.566316,-13.605398],[-71.566521,-13.605299],[-71.566955,-13.605152],[-71.567101,-13.604987],[-71.567058,-13.604775],[-71.566881,-13.604636],[-71.566264,-13.604335],[-71.566046,-13.604265],[-71.565829,-13.604313],[-71.565667,-13.604468],[-71.56537,-13.604811],[-71.565188,-13.604947],[-71.563613,-13.605878],[-71.562089,-13.606887],[-71.561917,-13.607034],[-71.561802,-13.607229],[-71.56174,-13.607444],[-71.561659,-13.608118],[-71.561612,-13.608337],[-71.561482,-13.60852],[-71.561298,-13.608654],[-71.560485,-13.609073],[-71.559839,-13.609308],[-71.559633,-13.609406],[-71.559462,-13.609554],[-71.559324,-13.609733],[-71.558837,-13.6105],[-71.55874,-13.610705],[-71.558694,-13.610925],[-71.55862,-13.612053],[-71.558565,-13.612272],[-71.558401,-13.612693],[-71.558005,-13.613509],[-71.557892,-13.613706],[-71.557748,-13.613882],[-71.557553,-13.613998],[-71.557334,-13.614066],[-71.556646,-13.61407],[-71.556417,-13.61409],[-71.556197,-13.614145],[-71.555773,-13.614319],[-71.553905,-13.615189],[-71.550867,-13.616222],[-71.550664,-13.616325],[-71.550495,-13.616476],[-71.550377,-13.616667],[-71.55019,-13.61708],[-71.55005,-13.617259],[-71.54987,-13.617397],[-71.549036,-13.617774],[-71.548866,-13.617922],[-71.548752,-13.618116],[-71.548705,-13.618336],[-71.548789,-13.620367],[-71.548676,-13.620803],[-71.548573,-13.621004],[-71.54844,-13.621188],[-71.546002,-13.623251],[-71.545815,-13.623381],[-71.545613,-13.623487],[-71.545394,-13.62355],[-71.545166,-13.623578],[-71.54379,-13.623596],[-71.54357,-13.623661],[-71.543378,-13.623782],[-71.543214,-13.623941],[-71.543105,-13.624138],[-71.542393,-13.626048],[-71.542208,-13.626462],[-71.541939,-13.626827],[-71.541772,-13.626982],[-71.54159,-13.627118],[-71.541388,-13.627225],[-71.540158,-13.627836],[-71.539739,-13.62802],[-71.53908,-13.628215],[-71.538874,-13.628313],[-71.538337,-13.628736],[-71.517285,-13.641205],[-71.51686,-13.641374],[-71.516636,-13.641421],[-71.516177,-13.641438],[-71.513423,-13.641401],[-71.51297,-13.641467],[-71.512532,-13.641601],[-71.50951,-13.642681],[-71.509094,-13.642869],[-71.508734,-13.643148],[-71.508263,-13.64364],[-71.508058,-13.643741],[-71.507387,-13.643887],[-71.50718,-13.643979],[-71.506999,-13.644116],[-71.506707,-13.644465],[-71.50654,-13.644619],[-71.505944,-13.644955],[-71.505733,-13.645041],[-71.505507,-13.64507],[-71.505051,-13.645021],[-71.504824,-13.645039],[-71.50461,-13.645117],[-71.504215,-13.645348],[-71.503096,-13.646139],[-71.502284,-13.64656],[-71.502069,-13.646637],[-71.501844,-13.646669],[-71.501202,-13.646429],[-71.500977,-13.646429],[-71.500812,-13.646581],[-71.500684,-13.646769],[-71.500512,-13.646903],[-71.500289,-13.646872],[-71.49953,-13.646365],[-71.499314,-13.6463],[-71.498628,-13.646343],[-71.498423,-13.646263],[-71.498318,-13.646069],[-71.498176,-13.645641],[-71.498008,-13.645492],[-71.4978,-13.645398],[-71.496938,-13.645087],[-71.496736,-13.64498],[-71.496422,-13.644653],[-71.49624,-13.644517],[-71.496017,-13.644487],[-71.494947,-13.644894],[-71.494723,-13.644934],[-71.4945,-13.644901],[-71.493659,-13.644539],[-71.49325,-13.644334],[-71.493035,-13.644259],[-71.492351,-13.644281],[-71.492132,-13.644216],[-71.491726,-13.644004],[-71.491502,-13.64396],[-71.491285,-13.64403],[-71.491062,-13.644004],[-71.49074,-13.643685],[-71.490518,-13.64366],[-71.490073,-13.643764],[-71.489845,-13.643796],[-71.488698,-13.6438],[-71.488475,-13.643751],[-71.488309,-13.643597],[-71.488166,-13.643168],[-71.48805,-13.64273],[-71.487938,-13.642533],[-71.487786,-13.642365],[-71.486927,-13.641616],[-71.486822,-13.641415],[-71.486602,-13.640772],[-71.486399,-13.640368],[-71.485779,-13.639701],[-71.485638,-13.639523],[-71.485537,-13.63932],[-71.485384,-13.638432],[-71.485261,-13.638246],[-71.484893,-13.637978],[-71.484726,-13.637824],[-71.48424,-13.637058],[-71.484066,-13.636913],[-71.483848,-13.636851],[-71.483619,-13.636866],[-71.481573,-13.637153],[-71.481352,-13.637207],[-71.481169,-13.637339],[-71.48103,-13.637518],[-71.480188,-13.638867],[-71.480109,-13.639078],[-71.480121,-13.639301],[-71.480368,-13.640171],[-71.480412,-13.640393],[-71.480429,-13.640618],[-71.480421,-13.641296],[-71.48049,-13.642197],[-71.48046,-13.642648],[-71.48038,-13.642856],[-71.4802,-13.642986],[-71.479987,-13.642937],[-71.479834,-13.642773],[-71.479347,-13.64175],[-71.479231,-13.641555],[-71.479061,-13.641407],[-71.477493,-13.640466],[-71.477283,-13.640376],[-71.477059,-13.64033],[-71.476371,-13.64033],[-71.475914,-13.640296],[-71.474452,-13.63964],[-71.474043,-13.639434],[-71.473845,-13.639321],[-71.473676,-13.639171],[-71.473352,-13.638326],[-71.473197,-13.638164],[-71.472977,-13.638111],[-71.472766,-13.638182],[-71.472403,-13.638458],[-71.47219,-13.638542],[-71.471067,-13.638774],[-71.470404,-13.638956],[-71.470178,-13.638992],[-71.469948,-13.638995],[-71.468802,-13.638942],[-71.468572,-13.638949],[-71.468348,-13.638991],[-71.468142,-13.639087],[-71.467982,-13.639249],[-71.467614,-13.639821],[-71.467466,-13.639994],[-71.466926,-13.640414],[-71.466814,-13.640605],[-71.466848,-13.641055],[-71.466821,-13.641276],[-71.466285,-13.64201],[-71.466174,-13.642207],[-71.466112,-13.642424],[-71.466029,-13.643324],[-71.465989,-13.643546],[-71.465878,-13.643742],[-71.465466,-13.644286],[-71.464322,-13.6457],[-71.463406,-13.647001],[-71.463113,-13.647349],[-71.462181,-13.648348],[-71.461991,-13.648474],[-71.46178,-13.64856],[-71.460697,-13.648935],[-71.460249,-13.649035],[-71.460033,-13.649107],[-71.459846,-13.649236],[-71.459499,-13.649533],[-71.459082,-13.64972],[-71.458222,-13.650036],[-71.457646,-13.650406],[-71.456839,-13.650838],[-71.456675,-13.650994],[-71.456371,-13.651601],[-71.456248,-13.651789],[-71.456072,-13.651934],[-71.455856,-13.652006],[-71.455631,-13.652052],[-71.454044,-13.652301],[-71.453815,-13.652319],[-71.453586,-13.652305],[-71.452451,-13.652136],[-71.452222,-13.652137],[-71.452017,-13.652223],[-71.451668,-13.652516],[-71.451463,-13.652614],[-71.450108,-13.652848],[-71.449905,-13.65295],[-71.449719,-13.653082],[-71.449582,-13.653263],[-71.449471,-13.65346],[-71.449169,-13.65407],[-71.449018,-13.654495],[-71.44901,-13.65472],[-71.449137,-13.655152],[-71.449813,-13.656833],[-71.449919,-13.657033],[-71.451317,-13.659104],[-71.45136,-13.659323],[-71.451259,-13.659522],[-71.451094,-13.659678],[-71.450237,-13.66043],[-71.450041,-13.660543],[-71.449815,-13.660527],[-71.449642,-13.660386],[-71.449532,-13.660188],[-71.448782,-13.658537],[-71.448548,-13.658149],[-71.448351,-13.658038],[-71.448125,-13.65801],[-71.447912,-13.658088],[-71.447521,-13.658323],[-71.444757,-13.660346],[-71.444615,-13.66052],[-71.444549,-13.660735],[-71.444453,-13.661861],[-71.444394,-13.662078],[-71.444279,-13.662271],[-71.444099,-13.662405],[-71.443875,-13.662452],[-71.443188,-13.662503],[-71.44296,-13.662497],[-71.442748,-13.662415],[-71.44256,-13.662284],[-71.441861,-13.661698],[-71.441675,-13.661567],[-71.441466,-13.661479],[-71.441239,-13.661452],[-71.433897,-13.661706],[-71.433441,-13.661661],[-71.432545,-13.661468],[-71.431168,-13.661488],[-71.43094,-13.661466],[-71.43074,-13.66136],[-71.430602,-13.661181],[-71.430153,-13.660392],[-71.429978,-13.66025],[-71.429755,-13.660206],[-71.429529,-13.660229],[-71.428909,-13.660526],[-71.428691,-13.660594],[-71.427549,-13.660695],[-71.427102,-13.660597],[-71.426241,-13.660283],[-71.425851,-13.660048],[-71.425145,-13.65947],[-71.424833,-13.65914],[-71.424295,-13.658407],[-71.424119,-13.658264],[-71.423899,-13.658212],[-71.423674,-13.658247],[-71.423476,-13.65836],[-71.421611,-13.659677],[-71.421393,-13.65974],[-71.421194,-13.659644],[-71.421148,-13.659429],[-71.421262,-13.659238],[-71.423029,-13.657461],[-71.423202,-13.657313],[-71.42341,-13.657224],[-71.423635,-13.65718],[-71.424553,-13.657156],[-71.42476,-13.657248],[-71.425304,-13.657661],[-71.425523,-13.65772],[-71.425727,-13.657628],[-71.425879,-13.657461],[-71.42672,-13.656388],[-71.426904,-13.656254],[-71.427108,-13.656151],[-71.42918,-13.655178],[-71.429406,-13.65514],[-71.430553,-13.65518],[-71.430767,-13.655102],[-71.430916,-13.654938],[-71.430981,-13.654722],[-71.431116,-13.653828],[-71.431203,-13.653621],[-71.431349,-13.65345],[-71.432113,-13.652948],[-71.432506,-13.652716],[-71.432725,-13.652656],[-71.432951,-13.652677],[-71.433398,-13.652778],[-71.433621,-13.652777],[-71.43373,-13.652598],[-71.433625,-13.652412],[-71.433427,-13.652301],[-71.433015,-13.652101],[-71.432591,-13.651927],[-71.432147,-13.651817],[-71.430319,-13.65164],[-71.428719,-13.65178],[-71.428495,-13.651747],[-71.428332,-13.651594],[-71.428009,-13.650994],[-71.427862,-13.650826],[-71.427656,-13.650727],[-71.426997,-13.650534],[-71.426815,-13.650401],[-71.426688,-13.650214],[-71.426125,-13.649229],[-71.42605,-13.649016],[-71.426062,-13.648792],[-71.42616,-13.648588],[-71.426402,-13.648204],[-71.426453,-13.647985],[-71.426457,-13.647761],[-71.426352,-13.64709],[-71.426283,-13.646876],[-71.426141,-13.646701],[-71.425932,-13.646614],[-71.425704,-13.646609],[-71.425499,-13.6467],[-71.42499,-13.647156],[-71.424838,-13.647324],[-71.424719,-13.647516],[-71.424622,-13.647957],[-71.424509,-13.648151],[-71.424306,-13.648251],[-71.424089,-13.648324],[-71.423897,-13.648439],[-71.423816,-13.648647],[-71.42372,-13.649089],[-71.423653,-13.649303],[-71.423482,-13.649451],[-71.423258,-13.649457],[-71.423066,-13.649341],[-71.422941,-13.649154],[-71.422496,-13.648363],[-71.42243,-13.648149],[-71.422508,-13.647943],[-71.423,-13.64747],[-71.423094,-13.647265],[-71.423072,-13.647043],[-71.422947,-13.646608],[-71.422919,-13.646385],[-71.422925,-13.64616],[-71.423239,-13.644841],[-71.423331,-13.643487],[-71.423331,-13.643262],[-71.4233,-13.643039],[-71.423227,-13.642825],[-71.4227,-13.64182],[-71.422426,-13.641459],[-71.421744,-13.640853],[-71.420798,-13.640213],[-71.419742,-13.639344],[-71.418073,-13.638145],[-71.417857,-13.638081],[-71.417002,-13.638406],[-71.41678,-13.638393],[-71.41665,-13.638217],[-71.416682,-13.637997],[-71.416799,-13.637802],[-71.41721,-13.637259],[-71.417301,-13.637052],[-71.41731,-13.636828],[-71.41724,-13.636615],[-71.417107,-13.636432],[-71.416651,-13.635923],[-71.416376,-13.635561],[-71.416222,-13.635395],[-71.416041,-13.635256],[-71.415631,-13.635055],[-71.415443,-13.634925],[-71.414753,-13.634329],[-71.414619,-13.634148],[-71.414455,-13.633725],[-71.414348,-13.633528],[-71.413923,-13.632994],[-71.413746,-13.63285],[-71.413142,-13.632527],[-71.412402,-13.631991],[-71.411322,-13.63115],[-71.411129,-13.631027],[-71.410954,-13.630882],[-71.410576,-13.630318],[-71.409855,-13.629759],[-71.40946,-13.62953],[-71.409025,-13.629385],[-71.408622,-13.629171],[-71.40846,-13.629013],[-71.408246,-13.628616],[-71.408034,-13.628552],[-71.407805,-13.628558],[-71.407582,-13.628514],[-71.407369,-13.628434],[-71.406784,-13.628078],[-71.406604,-13.627937],[-71.406296,-13.627603],[-71.4062,-13.627399],[-71.406185,-13.626947],[-71.406148,-13.626727],[-71.405803,-13.626143],[-71.405682,-13.625707],[-71.405243,-13.625189],[-71.40506,-13.624775],[-71.404935,-13.624588],[-71.404763,-13.624438],[-71.404198,-13.624051],[-71.404031,-13.6239],[-71.403901,-13.623714],[-71.403699,-13.623309],[-71.403645,-13.622861],[-71.403672,-13.622412],[-71.403785,-13.622218],[-71.403936,-13.622048],[-71.404061,-13.621861],[-71.404457,-13.620562],[-71.40447,-13.620337],[-71.404368,-13.619898],[-71.404305,-13.61945],[-71.40422,-13.619243],[-71.404046,-13.6191],[-71.403666,-13.618848],[-71.403501,-13.618691],[-71.403231,-13.618325],[-71.40254,-13.61773],[-71.402076,-13.617229],[-71.401881,-13.617113],[-71.401659,-13.617071],[-71.401441,-13.617131],[-71.401274,-13.617282],[-71.401152,-13.617473],[-71.400588,-13.61871],[-71.400338,-13.619089],[-71.400193,-13.619264],[-71.399413,-13.620092],[-71.398245,-13.62118],[-71.397885,-13.621459],[-71.395995,-13.622743],[-71.39462,-13.623562],[-71.39259,-13.625042],[-71.392391,-13.625141],[-71.392171,-13.625096],[-71.391955,-13.625022],[-71.391505,-13.624949],[-71.391288,-13.625016],[-71.390912,-13.625274],[-71.390216,-13.625862],[-71.389874,-13.626448],[-71.389696,-13.626588],[-71.389105,-13.626934],[-71.388935,-13.627086],[-71.388689,-13.627466],[-71.38805,-13.628668],[-71.3878,-13.629046],[-71.387645,-13.629212],[-71.386769,-13.629941],[-71.385317,-13.631692],[-71.384633,-13.632295],[-71.384068,-13.632682],[-71.383429,-13.633329],[-71.38323,-13.633429],[-71.383003,-13.633403],[-71.382781,-13.633408],[-71.382608,-13.63355],[-71.380861,-13.636987],[-71.379693,-13.639192],[-71.368307,-13.656979],[-71.367465,-13.658053],[-71.367152,-13.658384],[-71.366259,-13.659093],[-71.366066,-13.659215],[-71.36585,-13.659289],[-71.364536,-13.659697],[-71.364091,-13.659808],[-71.363863,-13.659806],[-71.363636,-13.659774],[-71.362733,-13.659613],[-71.361859,-13.659338],[-71.361402,-13.659301],[-71.360952,-13.65939],[-71.359434,-13.659907],[-71.35796,-13.660539],[-71.357318,-13.660785],[-71.349648,-13.663143],[-71.349423,-13.663185],[-71.341629,-13.663611],[-71.340253,-13.663658],[-71.335664,-13.663484],[-71.334287,-13.663518],[-71.334059,-13.6635],[-71.333392,-13.663337],[-71.333004,-13.663097],[-71.332794,-13.66301],[-71.33257,-13.663043],[-71.332373,-13.663153],[-71.331462,-13.663841],[-71.331265,-13.663957],[-71.329788,-13.664581],[-71.329593,-13.664698],[-71.329431,-13.664857],[-71.329155,-13.665217],[-71.328981,-13.665362],[-71.327395,-13.666274],[-71.326778,-13.666575],[-71.326558,-13.666638],[-71.323594,-13.666982],[-71.323135,-13.666983],[-71.322452,-13.6669],[-71.321994,-13.666875],[-71.320395,-13.666717],[-71.320171,-13.666668],[-71.319955,-13.666593],[-71.31893,-13.666084],[-71.318733,-13.665968],[-71.318565,-13.665815],[-71.318272,-13.665467],[-71.31777,-13.66471],[-71.317363,-13.664164],[-71.315133,-13.661579],[-71.314901,-13.66119],[-71.314327,-13.659957],[-71.314065,-13.659587],[-71.313883,-13.659451],[-71.313282,-13.659121],[-71.31311,-13.658972],[-71.312457,-13.658336],[-71.311854,-13.657654],[-71.310892,-13.656683],[-71.310391,-13.656219],[-71.308793,-13.654596],[-71.308615,-13.654452],[-71.308421,-13.654332],[-71.306271,-13.653027],[-71.305911,-13.652749],[-71.305757,-13.652582],[-71.305625,-13.652396],[-71.30478,-13.65105],[-71.304638,-13.650874],[-71.304289,-13.650582],[-71.304092,-13.650467],[-71.303881,-13.650379],[-71.303434,-13.650277],[-71.301846,-13.650033],[-71.300934,-13.649928],[-71.296616,-13.649316],[-71.295939,-13.649192],[-71.292418,-13.648165],[-71.291988,-13.648007],[-71.291783,-13.647905],[-71.291595,-13.647775],[-71.291414,-13.647637],[-71.29126,-13.64747],[-71.290712,-13.646745],[-71.290402,-13.646412],[-71.290227,-13.646266],[-71.289663,-13.645877],[-71.287864,-13.644878],[-71.287494,-13.644612],[-71.285377,-13.64223],[-71.285135,-13.641849],[-71.285062,-13.641635],[-71.284939,-13.640739],[-71.284913,-13.639835],[-71.284889,-13.63961],[-71.284805,-13.639166],[-71.284733,-13.638952],[-71.284636,-13.638749],[-71.283652,-13.6378],[-71.283477,-13.637653],[-71.283079,-13.637431],[-71.282243,-13.637057],[-71.281579,-13.636875],[-71.281153,-13.636709],[-71.280968,-13.636577],[-71.280806,-13.636419],[-71.280704,-13.636218],[-71.280552,-13.635793],[-71.280375,-13.635651],[-71.278439,-13.634941],[-71.275972,-13.633733],[-71.275783,-13.633606],[-71.275301,-13.633124],[-71.275121,-13.632984],[-71.274108,-13.632454],[-71.273224,-13.631733],[-71.273024,-13.631626],[-71.272602,-13.631447],[-71.272169,-13.631297],[-71.271495,-13.631165],[-71.271281,-13.631084],[-71.271093,-13.630956],[-71.270756,-13.630648],[-71.270596,-13.630487],[-71.270314,-13.630131],[-71.27012,-13.629722],[-71.26998,-13.629292],[-71.269938,-13.62907],[-71.269851,-13.627716],[-71.269776,-13.62727],[-71.269717,-13.627052],[-71.269635,-13.626842],[-71.269327,-13.626235],[-71.269196,-13.62605],[-71.269017,-13.625912],[-71.268812,-13.625812],[-71.268132,-13.625708],[-71.267918,-13.625631],[-71.267457,-13.625129],[-71.267274,-13.624995],[-71.266854,-13.624812],[-71.266424,-13.624655],[-71.266199,-13.624619],[-71.265741,-13.624588],[-71.263216,-13.624511],[-71.262078,-13.624648],[-71.261849,-13.624631],[-71.261416,-13.624487],[-71.259518,-13.623215],[-71.259157,-13.622937],[-71.25887,-13.622585],[-71.2584,-13.621809],[-71.258095,-13.620956],[-71.257903,-13.620546],[-71.257752,-13.620377],[-71.257204,-13.619968],[-71.256561,-13.619324],[-71.256386,-13.619178],[-71.25508,-13.618255],[-71.254694,-13.618011],[-71.25344,-13.617449],[-71.252366,-13.617052],[-71.251973,-13.616819],[-71.249118,-13.614542],[-71.248798,-13.614219],[-71.24826,-13.613487],[-71.248088,-13.613339],[-71.247467,-13.613047],[-71.247077,-13.61281],[-71.245435,-13.611575],[-71.24522,-13.611495],[-71.244544,-13.611369],[-71.2441,-13.611256],[-71.243666,-13.611109],[-71.243249,-13.610919],[-71.243083,-13.610765],[-71.24274,-13.610177],[-71.242594,-13.610004],[-71.242404,-13.609879],[-71.241294,-13.609595],[-71.240378,-13.609564],[-71.240162,-13.609491],[-71.239977,-13.609359],[-71.238938,-13.608468],[-71.238272,-13.607847],[-71.238074,-13.607733],[-71.237865,-13.607638],[-71.237425,-13.607513],[-71.229149,-13.605626],[-71.227378,-13.605144],[-71.227165,-13.605062],[-71.226786,-13.604808],[-71.226579,-13.60471],[-71.226355,-13.604668],[-71.225208,-13.604629],[-71.224987,-13.604579],[-71.224454,-13.604154],[-71.22424,-13.604076],[-71.223552,-13.604052],[-71.223094,-13.604067],[-71.2215,-13.604271],[-71.218301,-13.604583],[-71.217843,-13.604598],[-71.21716,-13.604512],[-71.216711,-13.604421],[-71.21498,-13.603817],[-71.214526,-13.603765],[-71.214297,-13.603777],[-71.213852,-13.603884],[-71.213642,-13.603977],[-71.211831,-13.604955],[-71.211622,-13.605046],[-71.211397,-13.60509],[-71.21071,-13.60505],[-71.210027,-13.60512],[-71.209814,-13.605204],[-71.209628,-13.605336],[-71.209288,-13.605639],[-71.2091,-13.605768],[-71.208477,-13.606054],[-71.208039,-13.60619],[-71.207364,-13.606325],[-71.206924,-13.606452],[-71.205648,-13.606963],[-71.205427,-13.607022],[-71.204969,-13.607008],[-71.204292,-13.606888],[-71.203851,-13.60676],[-71.203648,-13.606655],[-71.203107,-13.606238],[-71.202902,-13.606142],[-71.202676,-13.606139],[-71.202227,-13.606234],[-71.201791,-13.606375],[-71.201594,-13.60649],[-71.201229,-13.606764],[-71.201031,-13.606877],[-71.200362,-13.607036],[-71.200143,-13.607104],[-71.199944,-13.607209],[-71.199811,-13.607392],[-71.19966,-13.607818],[-71.199623,-13.608039],[-71.199611,-13.608265],[-71.199677,-13.609167],[-71.199655,-13.609391],[-71.199587,-13.609605],[-71.199464,-13.609796],[-71.199307,-13.60996],[-71.198556,-13.610479],[-71.198383,-13.610626],[-71.198266,-13.610818],[-71.19821,-13.611035],[-71.198227,-13.611259],[-71.198306,-13.611471],[-71.198866,-13.612457],[-71.198948,-13.612668],[-71.198952,-13.612892],[-71.198797,-13.613552],[-71.19878,-13.613777],[-71.198858,-13.614904],[-71.198718,-13.615797],[-71.198609,-13.616236],[-71.19825,-13.616813],[-71.198148,-13.617014],[-71.198124,-13.617238],[-71.198222,-13.617679],[-71.198218,-13.617902],[-71.198053,-13.618323],[-71.197951,-13.618524],[-71.197807,-13.618698],[-71.197626,-13.618836],[-71.197237,-13.619076],[-71.196832,-13.619288],[-71.195984,-13.619636],[-71.195595,-13.619872],[-71.194754,-13.620641],[-71.194183,-13.62102],[-71.193699,-13.621501],[-71.192976,-13.622059],[-71.19257,-13.622268],[-71.191504,-13.622687],[-71.191302,-13.622793],[-71.191138,-13.622952],[-71.190789,-13.623531],[-71.190631,-13.623693],[-71.18994,-13.624288],[-71.189747,-13.62441],[-71.189334,-13.624608],[-71.188909,-13.624777],[-71.188685,-13.624819],[-71.187997,-13.624809],[-71.187326,-13.624954],[-71.186408,-13.624941],[-71.185952,-13.624973],[-71.185743,-13.625066],[-71.185349,-13.625297],[-71.185131,-13.625367],[-71.184003,-13.625573],[-71.183774,-13.62558],[-71.183317,-13.62554],[-71.18309,-13.625563],[-71.182471,-13.625856],[-71.182031,-13.62598],[-71.181803,-13.626],[-71.180884,-13.626],[-71.180428,-13.62604],[-71.18021,-13.62611],[-71.178994,-13.626746],[-71.178782,-13.626833],[-71.176954,-13.627004],[-71.176502,-13.627076],[-71.17563,-13.627358],[-71.17499,-13.62761],[-71.174548,-13.627726],[-71.172717,-13.627871],[-71.172258,-13.627881],[-71.171802,-13.627831],[-71.170697,-13.627534],[-71.170468,-13.627527],[-71.169852,-13.627821],[-71.169625,-13.62784],[-71.168712,-13.62774],[-71.167371,-13.627434],[-71.167143,-13.627422],[-71.166694,-13.627518],[-71.166466,-13.627524],[-71.166013,-13.627462],[-71.165787,-13.627492],[-71.165154,-13.627756],[-71.164935,-13.62782],[-71.164261,-13.627959],[-71.163595,-13.628132],[-71.163379,-13.628208],[-71.163191,-13.628332],[-71.163047,-13.628507],[-71.162795,-13.628884],[-71.162621,-13.62903],[-71.162413,-13.629122],[-71.16152,-13.629331],[-71.161063,-13.629367],[-71.160145,-13.629337],[-71.158338,-13.62902],[-71.157881,-13.628991],[-71.157658,-13.629043],[-71.157444,-13.629124],[-71.156209,-13.629723],[-71.15602,-13.62985],[-71.155878,-13.630026],[-71.155813,-13.630242],[-71.155822,-13.630465],[-71.155914,-13.63067],[-71.156573,-13.631594],[-71.15657,-13.631813],[-71.156416,-13.631967],[-71.155735,-13.632041],[-71.154908,-13.632429],[-71.154689,-13.632498],[-71.154462,-13.632514],[-71.154005,-13.632472],[-71.153777,-13.632485],[-71.15333,-13.632592],[-71.152452,-13.632855],[-71.152235,-13.632928],[-71.151391,-13.633285],[-71.14972,-13.634036],[-71.1495,-13.6341],[-71.149274,-13.634137],[-71.148815,-13.634128],[-71.146298,-13.633927],[-71.145839,-13.63391],[-71.145151,-13.633929],[-71.144922,-13.63391],[-71.144469,-13.63384],[-71.142441,-13.633447],[-71.142213,-13.633437],[-71.141987,-13.633474],[-71.140728,-13.63402],[-71.140499,-13.634039],[-71.136716,-13.633097],[-71.136489,-13.633064],[-71.135343,-13.633033],[-71.134258,-13.632664],[-71.13403,-13.63266],[-71.133805,-13.632695],[-71.132537,-13.633224],[-71.132317,-13.63329],[-71.131864,-13.633364],[-71.130723,-13.633487],[-71.130504,-13.633552],[-71.12989,-13.633859],[-71.129675,-13.633937],[-71.128548,-13.634152],[-71.127005,-13.634594],[-71.126794,-13.634679],[-71.126614,-13.634817],[-71.126194,-13.635354],[-71.126006,-13.635482],[-71.125785,-13.635535],[-71.125099,-13.635501],[-71.124875,-13.635547],[-71.123422,-13.636222],[-71.122419,-13.636771],[-71.122211,-13.636864],[-71.121553,-13.637064],[-71.120773,-13.637539],[-71.119962,-13.637963],[-71.119748,-13.638044],[-71.119522,-13.638079],[-71.119299,-13.638033],[-71.118864,-13.637888],[-71.118636,-13.637866],[-71.118177,-13.637851],[-71.117966,-13.637914],[-71.117934,-13.638117],[-71.118134,-13.638206],[-71.11859,-13.638253],[-71.11874,-13.638404],[-71.118669,-13.6386],[-71.118445,-13.63862],[-71.117763,-13.63853],[-71.117535,-13.638551],[-71.115988,-13.638976],[-71.11514,-13.639322],[-71.114917,-13.639371],[-71.114459,-13.639373],[-71.113542,-13.639322],[-71.113087,-13.639377],[-71.11264,-13.639475],[-71.112413,-13.639454],[-71.111993,-13.639271],[-71.11177,-13.63922],[-71.111082,-13.639202],[-71.110864,-13.639252],[-71.110782,-13.63944],[-71.110955,-13.639577],[-71.111623,-13.639742],[-71.112453,-13.640129],[-71.11267,-13.640197],[-71.113358,-13.640219],[-71.113578,-13.640271],[-71.11369,-13.640447],[-71.113557,-13.640616],[-71.11333,-13.64062],[-71.112646,-13.640537],[-71.111752,-13.64034],[-71.111544,-13.640416],[-71.111399,-13.640586],[-71.111042,-13.641419],[-71.110875,-13.641568],[-71.110655,-13.641601],[-71.110449,-13.641506],[-71.11007,-13.641253],[-71.109852,-13.641196],[-71.109395,-13.641227],[-71.109167,-13.641201],[-71.108949,-13.641135],[-71.107455,-13.640552],[-71.106619,-13.640179],[-71.106401,-13.640121],[-71.10619,-13.64019],[-71.106053,-13.640366],[-71.10587,-13.64078],[-71.10569,-13.640906],[-71.105474,-13.640888],[-71.105321,-13.640723],[-71.105188,-13.640538],[-71.105019,-13.640391],[-71.104798,-13.64033],[-71.104115,-13.640239],[-71.103895,-13.640178],[-71.103696,-13.640066],[-71.102396,-13.638791],[-71.102191,-13.638691],[-71.101113,-13.638304],[-71.100665,-13.638211],[-71.10021,-13.638159],[-71.099994,-13.638088],[-71.098312,-13.636907],[-71.098138,-13.636761],[-71.09804,-13.636558],[-71.098043,-13.636333],[-71.098105,-13.635885],[-71.098115,-13.63566],[-71.098082,-13.635438],[-71.098003,-13.635227],[-71.097857,-13.635053],[-71.09768,-13.634911],[-71.09747,-13.634819],[-71.097247,-13.634786],[-71.097018,-13.634804],[-71.096795,-13.634852],[-71.096167,-13.635128],[-71.095941,-13.635158],[-71.095718,-13.635102],[-71.09465,-13.634694],[-71.09443,-13.634715],[-71.094311,-13.634891],[-71.094365,-13.635109],[-71.095387,-13.636612],[-71.095507,-13.636804],[-71.095586,-13.637015],[-71.095519,-13.637221],[-71.095332,-13.637343],[-71.09445,-13.637597],[-71.094223,-13.637617],[-71.094043,-13.637483],[-71.094013,-13.63727],[-71.094099,-13.637061],[-71.094315,-13.636664],[-71.094313,-13.63644],[-71.094216,-13.636238],[-71.093802,-13.635695],[-71.092825,-13.634741],[-71.092746,-13.634537],[-71.09276,-13.634313],[-71.0929,-13.633884],[-71.092823,-13.633683],[-71.092612,-13.633699],[-71.092551,-13.633911],[-71.092533,-13.634136],[-71.092523,-13.634362],[-71.092556,-13.634585],[-71.09265,-13.63479],[-71.093343,-13.635691],[-71.093407,-13.635905],[-71.093408,-13.63613],[-71.093334,-13.636342],[-71.093177,-13.636495],[-71.092955,-13.636475],[-71.092554,-13.636259],[-71.092332,-13.636203],[-71.092104,-13.63618],[-71.091644,-13.63618],[-71.091416,-13.636196],[-71.091195,-13.636251],[-71.090994,-13.63636],[-71.090776,-13.636426],[-71.090553,-13.636381],[-71.089763,-13.63592],[-71.088686,-13.63553],[-71.08848,-13.635434],[-71.088303,-13.635291],[-71.088178,-13.635103],[-71.087693,-13.634078],[-71.087581,-13.633881],[-71.087429,-13.633715],[-71.087236,-13.633595],[-71.086789,-13.633496],[-71.086574,-13.633419],[-71.086241,-13.633109],[-71.085808,-13.632582],[-71.085649,-13.632419],[-71.085479,-13.632268],[-71.085093,-13.632023],[-71.084671,-13.631847],[-71.082908,-13.631342],[-71.082459,-13.631248],[-71.081776,-13.631162],[-71.081601,-13.631031],[-71.081639,-13.630822],[-71.081854,-13.63076],[-71.083219,-13.630939],[-71.084109,-13.631159],[-71.084333,-13.631175],[-71.084397,-13.630981],[-71.084254,-13.630822],[-71.083797,-13.6308],[-71.083347,-13.630718],[-71.082482,-13.630413],[-71.081817,-13.630239],[-71.080967,-13.629897],[-71.08052,-13.629793],[-71.080309,-13.629707],[-71.079915,-13.629475],[-71.079696,-13.62942],[-71.079469,-13.629429],[-71.079242,-13.629466],[-71.079027,-13.629425],[-71.078989,-13.629219],[-71.079179,-13.629103],[-71.079407,-13.629113],[-71.07986,-13.629183],[-71.080518,-13.62938],[-71.08074,-13.629396],[-71.08083,-13.629213],[-71.080666,-13.629072],[-71.079994,-13.628925],[-71.079332,-13.628739],[-71.078874,-13.628722],[-71.078187,-13.628751],[-71.077284,-13.628589],[-71.077057,-13.628601],[-71.076865,-13.628715],[-71.076545,-13.629312],[-71.076383,-13.62947],[-71.076184,-13.629581],[-71.075526,-13.629779],[-71.075319,-13.629874],[-71.074946,-13.630133],[-71.074733,-13.630092],[-71.074704,-13.629884],[-71.07487,-13.629732],[-71.075931,-13.629303],[-71.07607,-13.629138],[-71.075966,-13.628971],[-71.075751,-13.629029],[-71.075371,-13.62928],[-71.075154,-13.629351],[-71.074485,-13.629514],[-71.074278,-13.629606],[-71.074139,-13.629781],[-71.073969,-13.630199],[-71.073805,-13.630354],[-71.073175,-13.630626],[-71.072581,-13.630969],[-71.072369,-13.630907],[-71.072342,-13.630699],[-71.072513,-13.630554],[-71.072936,-13.630378],[-71.073334,-13.630155],[-71.073596,-13.629785],[-71.073696,-13.629582],[-71.073695,-13.629367],[-71.073504,-13.629295],[-71.073354,-13.629454],[-71.073158,-13.629861],[-71.073008,-13.630026],[-71.072796,-13.630111],[-71.072346,-13.630188],[-71.072141,-13.630286],[-71.071785,-13.630571],[-71.071589,-13.630682],[-71.071365,-13.630695],[-71.071171,-13.630581],[-71.071039,-13.630397],[-71.070606,-13.6296],[-71.07048,-13.629411],[-71.069983,-13.628942],[-71.069776,-13.628855],[-71.069608,-13.628959],[-71.069648,-13.629171],[-71.069918,-13.629536],[-71.070035,-13.62973],[-71.070267,-13.630368],[-71.070322,-13.630586],[-71.07031,-13.630811],[-71.070162,-13.630977],[-71.069944,-13.631016],[-71.069743,-13.630913],[-71.069363,-13.630666],[-71.069157,-13.630717],[-71.069125,-13.630936],[-71.06921,-13.631379],[-71.06922,-13.631605],[-71.069084,-13.631768],[-71.068877,-13.631713],[-71.068795,-13.631506],[-71.068645,-13.630614],[-71.068565,-13.630403],[-71.068246,-13.629802],[-71.068197,-13.629583],[-71.068115,-13.62891],[-71.068048,-13.628695],[-71.067949,-13.62849],[-71.067825,-13.628302],[-71.06763,-13.6282],[-71.067427,-13.628285],[-71.06738,-13.628501],[-71.067491,-13.628698],[-71.067757,-13.629065],[-71.067747,-13.629284],[-71.067558,-13.629392],[-71.06735,-13.629328],[-71.066838,-13.628876],[-71.066722,-13.628683],[-71.066683,-13.628462],[-71.066699,-13.62801],[-71.06665,-13.627793],[-71.066531,-13.627601],[-71.066216,-13.627273],[-71.066084,-13.627089],[-71.065659,-13.626287],[-71.065526,-13.626103],[-71.064508,-13.624879],[-71.064217,-13.624266],[-71.064065,-13.624099],[-71.063871,-13.623983],[-71.063211,-13.623791],[-71.063,-13.623703],[-71.062466,-13.623275],[-71.062316,-13.623106],[-71.062227,-13.622899],[-71.062018,-13.622019],[-71.061949,-13.621804],[-71.06182,-13.621618],[-71.061663,-13.621453],[-71.061138,-13.621014],[-71.060979,-13.620852],[-71.060842,-13.620671],[-71.060666,-13.620254],[-71.060511,-13.619829],[-71.060465,-13.619607],[-71.060421,-13.619158],[-71.060475,-13.618482],[-71.060517,-13.618261],[-71.060592,-13.618047],[-71.060915,-13.617449],[-71.061262,-13.616371],[-71.061349,-13.615928],[-71.06128,-13.615027],[-71.061385,-13.613448],[-71.061336,-13.613229],[-71.06121,-13.613043],[-71.060703,-13.612587],[-71.060285,-13.612047],[-71.060136,-13.611876],[-71.059966,-13.611725],[-71.05912,-13.611376],[-71.058919,-13.611267],[-71.058243,-13.610656],[-71.057869,-13.610396],[-71.057251,-13.609729],[-71.056897,-13.609442],[-71.056152,-13.608913],[-71.055568,-13.608554],[-71.055372,-13.608436],[-71.054954,-13.608249],[-71.054557,-13.608021],[-71.054183,-13.60776],[-71.053645,-13.607336],[-71.053492,-13.607169],[-71.052972,-13.606425],[-71.05289,-13.606214],[-71.052757,-13.60555],[-71.052247,-13.60429],[-71.051966,-13.603429],[-71.051577,-13.602612],[-71.051541,-13.602162],[-71.051419,-13.60199],[-71.051227,-13.602063],[-71.051239,-13.602283],[-71.051469,-13.602923],[-71.051633,-13.603581],[-71.051701,-13.604028],[-71.051797,-13.604927],[-71.05179,-13.605151],[-71.051632,-13.605304],[-71.05141,-13.60529],[-71.051252,-13.605128],[-71.050146,-13.603147],[-71.05002,-13.60296],[-71.049723,-13.602614],[-71.049593,-13.602429],[-71.049403,-13.602017],[-71.049284,-13.601827],[-71.048963,-13.601503],[-71.048834,-13.60132],[-71.04862,-13.60092],[-71.048294,-13.600604],[-71.048192,-13.600413],[-71.048303,-13.600236],[-71.048515,-13.600274],[-71.048826,-13.600605],[-71.04901,-13.600727],[-71.049197,-13.600645],[-71.049145,-13.60043],[-71.048499,-13.599788],[-71.047713,-13.598674],[-71.047507,-13.598271],[-71.047274,-13.597634],[-71.047154,-13.597442],[-71.046691,-13.59694],[-71.046272,-13.596402],[-71.04561,-13.595775],[-71.045049,-13.59506],[-71.044884,-13.594903],[-71.044298,-13.594551],[-71.044139,-13.594389],[-71.043278,-13.593331],[-71.04266,-13.592379],[-71.041418,-13.591046],[-71.041247,-13.590896],[-71.039956,-13.589954],[-71.039745,-13.589867],[-71.039523,-13.589809],[-71.039323,-13.589703],[-71.039304,-13.589496],[-71.039498,-13.589407],[-71.040116,-13.589699],[-71.040978,-13.590011],[-71.041173,-13.590127],[-71.041995,-13.590915],[-71.042171,-13.591059],[-71.042381,-13.591014],[-71.042364,-13.590814],[-71.042169,-13.590699],[-71.041958,-13.590612],[-71.041779,-13.590478],[-71.041192,-13.589782],[-71.041008,-13.589649],[-71.040161,-13.589305],[-71.039964,-13.589189],[-71.038733,-13.588172],[-71.038055,-13.587562],[-71.037321,-13.587019],[-71.037149,-13.586869],[-71.036344,-13.586064],[-71.035897,-13.585549],[-71.035251,-13.584351],[-71.034979,-13.583989],[-71.034292,-13.583389],[-71.034111,-13.58325],[-71.033909,-13.583142],[-71.033695,-13.583065],[-71.033244,-13.58298],[-71.033044,-13.58288],[-71.033033,-13.582667],[-71.033232,-13.582592],[-71.034316,-13.582955],[-71.03471,-13.583186],[-71.034915,-13.58313],[-71.03491,-13.582924],[-71.034708,-13.582826],[-71.034048,-13.582634],[-71.03384,-13.582539],[-71.033124,-13.581973],[-71.032958,-13.581818],[-71.032674,-13.581463],[-71.031901,-13.580628],[-71.031766,-13.580445],[-71.031391,-13.579877],[-71.031021,-13.57905],[-71.030631,-13.578492],[-71.030481,-13.578321],[-71.02995,-13.57789],[-71.029756,-13.577772],[-71.029539,-13.577699],[-71.029313,-13.577659],[-71.029102,-13.57758],[-71.029063,-13.577374],[-71.029243,-13.57727],[-71.029459,-13.577336],[-71.029871,-13.577535],[-71.030526,-13.577743],[-71.030731,-13.577846],[-71.030917,-13.577977],[-71.031403,-13.578457],[-71.031647,-13.578838],[-71.031845,-13.579246],[-71.031976,-13.579427],[-71.03219,-13.579425],[-71.032238,-13.579218],[-71.031875,-13.578148],[-71.031794,-13.577937],[-71.03168,-13.577744],[-71.031524,-13.577578],[-71.031172,-13.577288],[-71.031033,-13.577109],[-71.030798,-13.576721],[-71.030661,-13.57654],[-71.029886,-13.575706],[-71.02971,-13.57556],[-71.028596,-13.574763],[-71.02839,-13.574665],[-71.027493,-13.574475],[-71.027274,-13.57441],[-71.027068,-13.574312],[-71.026876,-13.574188],[-71.026691,-13.574054],[-71.026527,-13.573898],[-71.026416,-13.5737],[-71.026261,-13.573276],[-71.026074,-13.573164],[-71.025924,-13.573302],[-71.025987,-13.573514],[-71.026376,-13.574074],[-71.02652,-13.57425],[-71.026842,-13.574572],[-71.026927,-13.574771],[-71.026828,-13.574963],[-71.026606,-13.574975],[-71.026437,-13.574824],[-71.026298,-13.574644],[-71.026131,-13.574491],[-71.025705,-13.574326],[-71.025503,-13.57422],[-71.025123,-13.573966],[-71.024918,-13.573868],[-71.024699,-13.5738],[-71.023353,-13.573509],[-71.023125,-13.573491],[-71.022906,-13.573546],[-71.022706,-13.573653],[-71.022199,-13.574112],[-71.021464,-13.574654],[-71.021267,-13.574771],[-71.020649,-13.575069],[-71.020189,-13.575571],[-71.019985,-13.57564],[-71.019852,-13.575478],[-71.019956,-13.575284],[-71.020338,-13.575034],[-71.020516,-13.574892],[-71.021528,-13.573971],[-71.021923,-13.573744],[-71.022071,-13.57358],[-71.021985,-13.573398],[-71.021769,-13.573445],[-71.021463,-13.573782],[-71.020741,-13.574339],[-71.020542,-13.574448],[-71.019701,-13.574807],[-71.018759,-13.575451],[-71.018581,-13.575595],[-71.017592,-13.576538],[-71.017396,-13.576654],[-71.016957,-13.576784],[-71.016768,-13.576907],[-71.016679,-13.577112],[-71.016585,-13.577555],[-71.016503,-13.577765],[-71.016251,-13.578143],[-71.016094,-13.578306],[-71.015896,-13.578415],[-71.01544,-13.578457],[-71.015218,-13.57851],[-71.015018,-13.578617],[-71.014468,-13.579023],[-71.01426,-13.579118],[-71.012896,-13.579296],[-71.012437,-13.579301],[-71.012209,-13.579272],[-71.01109,-13.579022],[-71.010178,-13.578939],[-71.009962,-13.578865],[-71.00915,-13.578446],[-71.008477,-13.578311],[-71.008049,-13.578146],[-71.007829,-13.578086],[-71.007601,-13.57807],[-71.007142,-13.578083],[-71.006913,-13.578101],[-71.00669,-13.578152],[-71.00649,-13.578259],[-71.006338,-13.578427],[-71.006232,-13.578625],[-71.005776,-13.58061],[-71.005604,-13.581266],[-71.005383,-13.581662],[-71.004863,-13.582407],[-71.004719,-13.582583],[-71.004538,-13.582716],[-71.004316,-13.58277],[-71.003627,-13.582788],[-71.003399,-13.582768],[-71.002976,-13.582598],[-71.002757,-13.582535],[-71.00253,-13.582538],[-71.002312,-13.582607],[-71.001891,-13.582784],[-71.001667,-13.582826],[-71.001209,-13.582802],[-71.000982,-13.582776],[-71.000771,-13.582693],[-71.000427,-13.582397],[-71.000207,-13.582397],[-71.000061,-13.582565],[-70.999819,-13.582945],[-70.999625,-13.583062],[-70.999408,-13.583137],[-70.999203,-13.583238],[-70.999089,-13.583424],[-70.999135,-13.58387],[-70.999061,-13.584078],[-70.998851,-13.584151],[-70.998634,-13.584085],[-70.997816,-13.583677],[-70.997598,-13.583613],[-70.997374,-13.583625],[-70.997239,-13.583803],[-70.997089,-13.584462],[-70.996992,-13.584664],[-70.996844,-13.584834],[-70.99666,-13.58497],[-70.995821,-13.585338],[-70.995598,-13.58538],[-70.995144,-13.585319],[-70.993361,-13.584885],[-70.99315,-13.584798],[-70.99275,-13.584579],[-70.992532,-13.58452],[-70.992075,-13.584548],[-70.991888,-13.584435],[-70.991923,-13.584227],[-70.992132,-13.584157],[-70.992362,-13.584155],[-70.992588,-13.584193],[-70.993214,-13.58447],[-70.993442,-13.584485],[-70.994128,-13.584425],[-70.994587,-13.584411],[-70.994813,-13.584441],[-70.995257,-13.584556],[-70.995483,-13.58459],[-70.995708,-13.584576],[-70.995897,-13.584453],[-70.996578,-13.583543],[-70.996644,-13.583332],[-70.996493,-13.583192],[-70.996305,-13.583302],[-70.996159,-13.583477],[-70.995989,-13.583623],[-70.995765,-13.58366],[-70.994667,-13.58334],[-70.994441,-13.583306],[-70.994212,-13.58331],[-70.993534,-13.583428],[-70.993305,-13.583448],[-70.991698,-13.58347],[-70.990796,-13.583608],[-70.990587,-13.583518],[-70.990218,-13.583254],[-70.989995,-13.583215],[-70.989771,-13.583253],[-70.9889,-13.58354],[-70.988278,-13.583828],[-70.988058,-13.583884],[-70.987832,-13.583863],[-70.987401,-13.583711],[-70.986945,-13.583737],[-70.98604,-13.583888],[-70.98583,-13.583978],[-70.985245,-13.584332],[-70.985022,-13.584381],[-70.983416,-13.584437],[-70.98319,-13.584465],[-70.982979,-13.584553],[-70.982478,-13.585014],[-70.981849,-13.585289],[-70.981652,-13.585404],[-70.981488,-13.585561],[-70.981351,-13.585742],[-70.981192,-13.585904],[-70.980998,-13.586021],[-70.980581,-13.58621],[-70.979706,-13.586485],[-70.979529,-13.586625],[-70.979489,-13.586846],[-70.979432,-13.587522],[-70.979379,-13.587741],[-70.97927,-13.58794],[-70.978972,-13.588283],[-70.978638,-13.588593],[-70.978431,-13.588685],[-70.977986,-13.588794],[-70.977814,-13.588939],[-70.977584,-13.58933],[-70.977452,-13.589512],[-70.977286,-13.589666],[-70.97688,-13.589876],[-70.976697,-13.590011],[-70.976214,-13.590491],[-70.975843,-13.590756],[-70.975677,-13.590912],[-70.975582,-13.591116],[-70.975501,-13.59156],[-70.975535,-13.591781],[-70.975635,-13.591978],[-70.975842,-13.592044],[-70.976301,-13.592057],[-70.976528,-13.592084],[-70.977428,-13.592257],[-70.977649,-13.59232],[-70.978074,-13.592491],[-70.978269,-13.592606],[-70.978607,-13.592911],[-70.978793,-13.593042],[-70.979449,-13.593245],[-70.979898,-13.593335],[-70.980113,-13.593411],[-70.980283,-13.593559],[-70.980424,-13.593737],[-70.980729,-13.594344],[-70.98109,-13.594921],[-70.98118,-13.595128],[-70.981184,-13.595354],[-70.98113,-13.595802],[-70.981153,-13.596027],[-70.981229,-13.596239],[-70.981544,-13.596841],[-70.981517,-13.597053],[-70.981314,-13.597043],[-70.981037,-13.596425],[-70.980763,-13.596064],[-70.980657,-13.595866],[-70.980514,-13.595438],[-70.98036,-13.59528],[-70.980144,-13.595215],[-70.979916,-13.595185],[-70.979704,-13.595108],[-70.97959,-13.59492],[-70.97962,-13.594472],[-70.97945,-13.59435],[-70.979296,-13.5945],[-70.979254,-13.594721],[-70.97922,-13.595172],[-70.979251,-13.595394],[-70.979361,-13.595591],[-70.979894,-13.596016],[-70.980009,-13.596209],[-70.980015,-13.59643],[-70.97989,-13.596865],[-70.979903,-13.59709],[-70.980066,-13.597511],[-70.980124,-13.597729],[-70.980055,-13.597934],[-70.979843,-13.597984],[-70.979679,-13.597843],[-70.979546,-13.59718],[-70.979482,-13.596963],[-70.979136,-13.596125],[-70.978991,-13.59596],[-70.978796,-13.596029],[-70.978795,-13.596249],[-70.979096,-13.59734],[-70.979158,-13.597788],[-70.97918,-13.598239],[-70.979135,-13.59846],[-70.978983,-13.598627],[-70.978796,-13.598756],[-70.978196,-13.599089],[-70.977982,-13.599165],[-70.977753,-13.59918],[-70.977524,-13.599166],[-70.976384,-13.59904],[-70.976155,-13.599024],[-70.975926,-13.599035],[-70.975477,-13.59913],[-70.974604,-13.59941],[-70.973964,-13.599658],[-70.973761,-13.599763],[-70.973542,-13.599831],[-70.973315,-13.59985],[-70.973087,-13.599838],[-70.972902,-13.599717],[-70.972959,-13.599517],[-70.973173,-13.599455],[-70.973402,-13.59944],[-70.973626,-13.599391],[-70.97406,-13.599244],[-70.974482,-13.599066],[-70.975093,-13.598755],[-70.975673,-13.59839],[-70.975889,-13.598313],[-70.976333,-13.5982],[-70.976528,-13.598091],[-70.976548,-13.597878],[-70.976348,-13.59779],[-70.976132,-13.597859],[-70.975496,-13.598119],[-70.975277,-13.598184],[-70.9746,-13.598308],[-70.97416,-13.598433],[-70.973534,-13.598716],[-70.973319,-13.598793],[-70.973091,-13.598824],[-70.972862,-13.598827],[-70.972637,-13.598787],[-70.971781,-13.59846],[-70.971107,-13.598327],[-70.970896,-13.59824],[-70.970712,-13.598106],[-70.970028,-13.597503],[-70.969606,-13.597327],[-70.969166,-13.5972],[-70.968967,-13.597089],[-70.967647,-13.59619],[-70.967435,-13.596107],[-70.967208,-13.596115],[-70.966781,-13.596279],[-70.966334,-13.596379],[-70.966105,-13.596375],[-70.965192,-13.596281],[-70.964733,-13.59629],[-70.964539,-13.596189],[-70.964576,-13.595993],[-70.964787,-13.595925],[-70.965015,-13.595938],[-70.965925,-13.596063],[-70.966152,-13.596051],[-70.966377,-13.596006],[-70.966589,-13.59592],[-70.967197,-13.595602],[-70.96741,-13.595519],[-70.967632,-13.595474],[-70.967852,-13.59553],[-70.968681,-13.595919],[-70.969333,-13.596136],[-70.969785,-13.596213],[-70.970471,-13.596272],[-70.970693,-13.596238],[-70.970832,-13.596066],[-70.970839,-13.595842],[-70.970688,-13.595183],[-70.970556,-13.595],[-70.970377,-13.59486],[-70.969994,-13.594612],[-70.969786,-13.594516],[-70.969349,-13.594379],[-70.969151,-13.594265],[-70.968993,-13.594104],[-70.968857,-13.593922],[-70.968088,-13.592796],[-70.967551,-13.592063],[-70.967222,-13.591749],[-70.967027,-13.591631],[-70.966824,-13.591527],[-70.966608,-13.591452],[-70.964631,-13.590861],[-70.964024,-13.590543],[-70.963653,-13.590276],[-70.963457,-13.590161],[-70.963032,-13.58999],[-70.962578,-13.589931],[-70.96166,-13.589933],[-70.961439,-13.589879],[-70.961256,-13.589744],[-70.96115,-13.589545],[-70.961106,-13.589324],[-70.961003,-13.588198],[-70.960955,-13.58798],[-70.960803,-13.587822],[-70.96058,-13.587804],[-70.960358,-13.587856],[-70.960141,-13.587929],[-70.959944,-13.588043],[-70.959794,-13.588211],[-70.959704,-13.588418],[-70.959635,-13.588865],[-70.959564,-13.589079],[-70.959456,-13.589277],[-70.959303,-13.589446],[-70.959116,-13.589576],[-70.958906,-13.589666],[-70.958247,-13.589865],[-70.957793,-13.589921],[-70.956874,-13.589936],[-70.955501,-13.590027],[-70.955275,-13.589985],[-70.954655,-13.589692],[-70.954437,-13.589626],[-70.954239,-13.589704],[-70.954278,-13.589912],[-70.95541,-13.590683],[-70.955494,-13.590884],[-70.955402,-13.591078],[-70.955197,-13.591128],[-70.953896,-13.590691],[-70.953684,-13.590605],[-70.953081,-13.590279],[-70.952859,-13.590231],[-70.952634,-13.590267],[-70.951092,-13.590708],[-70.950864,-13.590688],[-70.95043,-13.59054],[-70.950203,-13.590514],[-70.949976,-13.590548],[-70.94954,-13.590688],[-70.94933,-13.590778],[-70.948766,-13.591161],[-70.948094,-13.591296],[-70.947892,-13.5914],[-70.947316,-13.591772],[-70.947109,-13.591868],[-70.946891,-13.591939],[-70.946665,-13.591979],[-70.945532,-13.59216],[-70.945303,-13.592175],[-70.944847,-13.592133],[-70.943733,-13.591866],[-70.94353,-13.591761],[-70.943342,-13.591631],[-70.943016,-13.591314],[-70.942841,-13.591168],[-70.942646,-13.591049],[-70.942424,-13.590994],[-70.941968,-13.590942],[-70.94105,-13.590959],[-70.940363,-13.590926],[-70.939917,-13.590821],[-70.939498,-13.59064],[-70.939311,-13.590509],[-70.939007,-13.59017],[-70.938832,-13.590025],[-70.938212,-13.589737],[-70.937864,-13.589443],[-70.937662,-13.589337],[-70.937011,-13.589117],[-70.936811,-13.589007],[-70.936422,-13.588767],[-70.935881,-13.588348],[-70.935575,-13.588012],[-70.935174,-13.587461],[-70.935018,-13.587295],[-70.933757,-13.586315],[-70.933193,-13.585926],[-70.933065,-13.585742],[-70.933033,-13.585521],[-70.933049,-13.585069],[-70.932941,-13.584878],[-70.932723,-13.584838],[-70.932272,-13.584924],[-70.932049,-13.58491],[-70.931852,-13.5848],[-70.931555,-13.584456],[-70.931145,-13.583911],[-70.931043,-13.58371],[-70.930867,-13.583057],[-70.930241,-13.58211],[-70.930155,-13.581903],[-70.930099,-13.581683],[-70.929968,-13.580789],[-70.929887,-13.580579],[-70.929681,-13.580175],[-70.92955,-13.57999],[-70.929393,-13.579826],[-70.929008,-13.579583],[-70.928853,-13.579419],[-70.928682,-13.579001],[-70.928555,-13.578813],[-70.928394,-13.578653],[-70.927869,-13.578215],[-70.92766,-13.578127],[-70.927437,-13.578077],[-70.92675,-13.578032],[-70.926301,-13.577937],[-70.925643,-13.577736],[-70.925444,-13.57763],[-70.92533,-13.577437],[-70.925329,-13.576985],[-70.925399,-13.576538],[-70.925402,-13.576313],[-70.925325,-13.576105],[-70.925186,-13.575926],[-70.924872,-13.575597],[-70.924745,-13.57541],[-70.924442,-13.574557],[-70.924319,-13.574369],[-70.924151,-13.574216],[-70.923952,-13.574105],[-70.923115,-13.573733],[-70.922893,-13.573678],[-70.922664,-13.573662],[-70.921977,-13.573704],[-70.921756,-13.573658],[-70.921558,-13.573547],[-70.921408,-13.573376],[-70.921149,-13.572748],[-70.921025,-13.572559],[-70.920408,-13.572268],[-70.920282,-13.572082],[-70.920017,-13.571456],[-70.919899,-13.571263],[-70.919756,-13.571087],[-70.918736,-13.570175],[-70.918593,-13.569998],[-70.91824,-13.569417],[-70.91798,-13.569044],[-70.916517,-13.567607],[-70.916216,-13.567266],[-70.916098,-13.567073],[-70.916008,-13.566865],[-70.915141,-13.564771],[-70.914962,-13.564117],[-70.914603,-13.562114],[-70.914508,-13.56191],[-70.914373,-13.56173],[-70.914192,-13.561591],[-70.913579,-13.561282],[-70.913419,-13.561122],[-70.913347,-13.56091],[-70.913421,-13.559557],[-70.913418,-13.559332],[-70.91338,-13.559109],[-70.913289,-13.558902],[-70.91285,-13.558108],[-70.912727,-13.557918],[-70.912557,-13.557767],[-70.91236,-13.557654],[-70.912145,-13.557577],[-70.911481,-13.557404],[-70.911287,-13.557286],[-70.91113,-13.557121],[-70.910602,-13.556381],[-70.910455,-13.556208],[-70.910263,-13.556089],[-70.910042,-13.556026],[-70.909816,-13.556039],[-70.9096,-13.556116],[-70.908794,-13.556549],[-70.908585,-13.556642],[-70.908361,-13.556685],[-70.908139,-13.556639],[-70.907709,-13.556481],[-70.906797,-13.556439],[-70.906589,-13.556344],[-70.905801,-13.55588],[-70.905592,-13.555788],[-70.905376,-13.55571],[-70.904928,-13.555615],[-70.904249,-13.555499],[-70.90402,-13.555496],[-70.902881,-13.555627],[-70.902652,-13.555609],[-70.902203,-13.555521],[-70.901974,-13.5555],[-70.901747,-13.555516],[-70.901526,-13.555577],[-70.900706,-13.555984],[-70.90008,-13.556266],[-70.899676,-13.556482],[-70.899293,-13.556732],[-70.899122,-13.556881],[-70.899003,-13.55707],[-70.898963,-13.557291],[-70.898929,-13.557742],[-70.898855,-13.557955],[-70.898722,-13.558137],[-70.898526,-13.558251],[-70.8983,-13.558257],[-70.898081,-13.558196],[-70.897916,-13.558046],[-70.897789,-13.557858],[-70.897583,-13.557454],[-70.897453,-13.557268],[-70.896999,-13.55676],[-70.896725,-13.556397],[-70.896367,-13.555818],[-70.896159,-13.555416],[-70.896089,-13.5552],[-70.895972,-13.554533],[-70.895893,-13.554322],[-70.895337,-13.553604],[-70.895022,-13.553275],[-70.89485,-13.553126],[-70.894662,-13.552997],[-70.894456,-13.552898],[-70.89335,-13.552598],[-70.893161,-13.552476],[-70.892937,-13.552083],[-70.892763,-13.551941],[-70.89254,-13.551896],[-70.892081,-13.551876],[-70.891863,-13.551811],[-70.891681,-13.551679],[-70.890815,-13.550625],[-70.89064,-13.550479],[-70.890437,-13.550378],[-70.890218,-13.550312],[-70.889989,-13.550301],[-70.889766,-13.55035],[-70.889556,-13.550438],[-70.889364,-13.550561],[-70.889028,-13.550868],[-70.888826,-13.550971],[-70.888599,-13.550987],[-70.888387,-13.550906],[-70.888199,-13.550777],[-70.887078,-13.549987],[-70.886895,-13.549851],[-70.886737,-13.549689],[-70.886717,-13.549471],[-70.886792,-13.549258],[-70.88684,-13.549039],[-70.886766,-13.548594],[-70.886746,-13.548144],[-70.887,-13.546353],[-70.88705,-13.546132],[-70.887431,-13.545066],[-70.887455,-13.544842],[-70.887351,-13.544174],[-70.887423,-13.543962],[-70.887672,-13.543583],[-70.887884,-13.54294],[-70.888121,-13.542555],[-70.888232,-13.542117],[-70.888427,-13.541708],[-70.888497,-13.541493],[-70.888683,-13.54084],[-70.888817,-13.540175],[-70.8892,-13.539613],[-70.889293,-13.539407],[-70.889444,-13.538746],[-70.889727,-13.538129],[-70.889871,-13.5377],[-70.889917,-13.537479],[-70.88988,-13.536349],[-70.889741,-13.53592],[-70.88955,-13.535509],[-70.88952,-13.535287],[-70.889681,-13.534864],[-70.88972,-13.534643],[-70.889696,-13.534192],[-70.889727,-13.533971],[-70.889837,-13.533532],[-70.88992,-13.533321],[-70.890021,-13.533118],[-70.890173,-13.532952],[-70.890359,-13.532822],[-70.891186,-13.532427],[-70.891387,-13.532318],[-70.891565,-13.532175],[-70.892335,-13.53134],[-70.892532,-13.531226],[-70.89275,-13.531159],[-70.893653,-13.530997],[-70.894298,-13.530763],[-70.894975,-13.530644],[-70.895171,-13.530532],[-70.895824,-13.529901],[-70.896199,-13.529641],[-70.896352,-13.529476],[-70.896434,-13.529267],[-70.896497,-13.52882],[-70.896479,-13.528595],[-70.896398,-13.528388],[-70.895702,-13.527218],[-70.895527,-13.526802],[-70.895538,-13.526578],[-70.89563,-13.526371],[-70.896067,-13.525848],[-70.896175,-13.52565],[-70.896192,-13.525427],[-70.896069,-13.52476],[-70.89604,-13.524537],[-70.89604,-13.52431],[-70.896067,-13.524087],[-70.896396,-13.523244],[-70.89643,-13.523021],[-70.896426,-13.522795],[-70.896258,-13.522138],[-70.896247,-13.521914],[-70.896571,-13.521322],[-70.896582,-13.521098],[-70.896563,-13.520873],[-70.896363,-13.51976],[-70.89632,-13.51931],[-70.896378,-13.517956],[-70.896335,-13.517734],[-70.8962,-13.517304],[-70.896268,-13.517094],[-70.897303,-13.516612],[-70.897529,-13.516577],[-70.897985,-13.516612],[-70.898207,-13.516587],[-70.898363,-13.516424],[-70.898663,-13.515815],[-70.898793,-13.515629],[-70.899523,-13.514757],[-70.899635,-13.51456],[-70.899714,-13.51435],[-70.899725,-13.514126],[-70.899683,-13.513904],[-70.89935,-13.513061],[-70.899295,-13.512843],[-70.899288,-13.512619],[-70.899413,-13.511041],[-70.89963,-13.510398],[-70.899611,-13.510175],[-70.899097,-13.509164],[-70.898949,-13.508994],[-70.898735,-13.508921],[-70.898509,-13.508882],[-70.898299,-13.508793],[-70.898128,-13.508643],[-70.897981,-13.508471],[-70.897931,-13.508257],[-70.898061,-13.508079],[-70.898261,-13.507969],[-70.898443,-13.507833],[-70.898698,-13.507457],[-70.898861,-13.5073],[-70.89924,-13.50705],[-70.899345,-13.506859],[-70.89935,-13.506634],[-70.899307,-13.505957],[-70.899336,-13.505737],[-70.899432,-13.505535],[-70.899586,-13.50537],[-70.899952,-13.505098],[-70.900099,-13.504927],[-70.900181,-13.504717],[-70.900291,-13.50428],[-70.900596,-13.503945],[-70.901002,-13.503399],[-70.901486,-13.502917],[-70.901563,-13.502706],[-70.901536,-13.50203],[-70.901599,-13.500903],[-70.901665,-13.500686],[-70.901837,-13.500267],[-70.901887,-13.500047],[-70.901907,-13.499825],[-70.901749,-13.498935],[-70.901679,-13.498719],[-70.901327,-13.498139],[-70.901116,-13.497496],[-70.900953,-13.497351],[-70.900741,-13.497382],[-70.900672,-13.497587],[-70.90076,-13.497794],[-70.901141,-13.498359],[-70.901238,-13.498563],[-70.90127,-13.498786],[-70.90127,-13.499238],[-70.901228,-13.499457],[-70.901079,-13.499614],[-70.900855,-13.499627],[-70.900684,-13.499483],[-70.900578,-13.499284],[-70.900274,-13.49843],[-70.90009,-13.498016],[-70.899975,-13.497822],[-70.89952,-13.497312],[-70.89927,-13.496935],[-70.898834,-13.495891],[-70.89774,-13.493903],[-70.897461,-13.493283],[-70.897001,-13.491768],[-70.896964,-13.491545],[-70.896959,-13.49132],[-70.89699,-13.49087],[-70.896968,-13.490645],[-70.896826,-13.490216],[-70.896734,-13.490009],[-70.896375,-13.489431],[-70.896296,-13.48922],[-70.896254,-13.488998],[-70.89625,-13.488772],[-70.896364,-13.487875],[-70.896353,-13.48765],[-70.89616,-13.486766],[-70.896135,-13.486542],[-70.896177,-13.485865],[-70.89616,-13.485641],[-70.895783,-13.484817],[-70.895551,-13.484428],[-70.895382,-13.484276],[-70.895171,-13.484191],[-70.894945,-13.484159],[-70.893797,-13.484121],[-70.89357,-13.484095],[-70.893348,-13.484037],[-70.892934,-13.483841],[-70.892503,-13.483689],[-70.890924,-13.483391],[-70.890714,-13.483302],[-70.890538,-13.483158],[-70.890402,-13.482976],[-70.889829,-13.481997],[-70.889733,-13.481793],[-70.889668,-13.481578],[-70.889671,-13.481353],[-70.889731,-13.481136],[-70.889836,-13.480935],[-70.890919,-13.479475],[-70.891292,-13.478905],[-70.891511,-13.478508],[-70.89158,-13.478293],[-70.891621,-13.478071],[-70.891639,-13.477619],[-70.891699,-13.477402],[-70.891806,-13.477202],[-70.892446,-13.476557],[-70.89263,-13.476424],[-70.893043,-13.476228],[-70.893475,-13.476076],[-70.893671,-13.475959],[-70.893978,-13.475624],[-70.894152,-13.475477],[-70.894361,-13.475388],[-70.895038,-13.475275],[-70.895249,-13.475186],[-70.895436,-13.475055],[-70.895772,-13.474748],[-70.896313,-13.474329],[-70.896461,-13.474157],[-70.896589,-13.473725],[-70.896677,-13.473518],[-70.896819,-13.473341],[-70.89714,-13.473018],[-70.897275,-13.472835],[-70.897532,-13.472206],[-70.897654,-13.472016],[-70.897961,-13.471682],[-70.898,-13.471465],[-70.89798,-13.471242],[-70.897725,-13.470373],[-70.89768,-13.470153],[-70.897681,-13.469927],[-70.897849,-13.469507],[-70.897888,-13.469288],[-70.897837,-13.469068],[-70.897667,-13.468648],[-70.897627,-13.468427],[-70.897624,-13.468201],[-70.897796,-13.467084],[-70.89804,-13.466212],[-70.898058,-13.465988],[-70.897909,-13.465328],[-70.897875,-13.465104],[-70.897853,-13.464653],[-70.897802,-13.464433],[-70.897651,-13.464007],[-70.897622,-13.463784],[-70.897663,-13.463563],[-70.89778,-13.463369],[-70.898052,-13.463005],[-70.898353,-13.462396],[-70.898442,-13.462187],[-70.898469,-13.461963],[-70.898432,-13.46174],[-70.898089,-13.460661],[-70.898061,-13.460437],[-70.89812,-13.459991],[-70.898102,-13.459766],[-70.897857,-13.459134],[-70.89773,-13.458467],[-70.8977,-13.458244],[-70.897701,-13.458018],[-70.897786,-13.457345],[-70.897942,-13.456684],[-70.89821,-13.45582],[-70.898481,-13.455457],[-70.898637,-13.455291],[-70.898812,-13.455148],[-70.899016,-13.455043],[-70.89944,-13.454871],[-70.899659,-13.454806],[-70.900336,-13.454686],[-70.900769,-13.454535],[-70.901171,-13.454319],[-70.90135,-13.454178],[-70.901496,-13.454004],[-70.901844,-13.453419],[-70.902123,-13.45306],[-70.902368,-13.452678],[-70.90243,-13.452462],[-70.902507,-13.452016],[-70.902584,-13.451804],[-70.902999,-13.451263],[-70.90324,-13.45088],[-70.903277,-13.450659],[-70.903206,-13.450445],[-70.903098,-13.450245],[-70.903022,-13.450032],[-70.902991,-13.449809],[-70.903008,-13.449358],[-70.903055,-13.449137],[-70.903209,-13.448711],[-70.903235,-13.448489],[-70.903221,-13.448263],[-70.903175,-13.448041],[-70.902846,-13.447198],[-70.902784,-13.446981],[-70.902807,-13.446761],[-70.903086,-13.446141],[-70.903151,-13.445925],[-70.903219,-13.44525],[-70.903222,-13.445025],[-70.903152,-13.444579],[-70.902749,-13.443282],[-70.902705,-13.44306],[-70.902748,-13.442843],[-70.903058,-13.44251],[-70.903193,-13.442329],[-70.903252,-13.442113],[-70.903208,-13.441665],[-70.903106,-13.441467],[-70.902969,-13.441287],[-70.902942,-13.441063],[-70.90298,-13.440613],[-70.902963,-13.440388],[-70.902861,-13.439947],[-70.902841,-13.439498],[-70.902916,-13.439287],[-70.903081,-13.439135],[-70.903282,-13.439028],[-70.903705,-13.438851],[-70.903904,-13.438739],[-70.904074,-13.43859],[-70.904472,-13.438037],[-70.905111,-13.437388],[-70.905327,-13.436992],[-70.905395,-13.436776],[-70.905481,-13.436333],[-70.905497,-13.436108],[-70.905394,-13.43521],[-70.905313,-13.433403],[-70.90526,-13.433187],[-70.905131,-13.433001],[-70.904459,-13.432386],[-70.90443,-13.43217],[-70.904543,-13.431977],[-70.904835,-13.431628],[-70.905307,-13.431134],[-70.905423,-13.430942],[-70.905475,-13.430723],[-70.905513,-13.430273],[-70.905617,-13.429833],[-70.905624,-13.429608],[-70.905564,-13.429391],[-70.905452,-13.429197],[-70.905162,-13.428847],[-70.905035,-13.428659],[-70.904756,-13.42804],[-70.904431,-13.427442],[-70.904019,-13.426388],[-70.903899,-13.426197],[-70.903325,-13.425493],[-70.903007,-13.424892],[-70.902926,-13.424681],[-70.902836,-13.424237],[-70.902792,-13.423787],[-70.902826,-13.423337],[-70.902918,-13.422666],[-70.902913,-13.42244],[-70.902826,-13.421768],[-70.902638,-13.420883],[-70.902628,-13.420658],[-70.902676,-13.420209],[-70.902731,-13.41999],[-70.902808,-13.419778],[-70.903208,-13.418966],[-70.903296,-13.418523],[-70.903277,-13.418072],[-70.903197,-13.417627],[-70.903133,-13.41741],[-70.903017,-13.417217],[-70.902856,-13.417056],[-70.902156,-13.416474],[-70.902072,-13.416269],[-70.902135,-13.416054],[-70.902228,-13.415847],[-70.902273,-13.415628],[-70.902274,-13.415402],[-70.90221,-13.414955],[-70.901455,-13.413559],[-70.901362,-13.413353],[-70.90131,-13.413133],[-70.901305,-13.412908],[-70.901392,-13.412235],[-70.901645,-13.411366],[-70.901734,-13.41116],[-70.901851,-13.410966],[-70.902119,-13.410599],[-70.902195,-13.410386],[-70.902249,-13.409938],[-70.902232,-13.409487],[-70.902102,-13.408591],[-70.902054,-13.408372],[-70.901943,-13.408175],[-70.901787,-13.408009],[-70.901264,-13.407568],[-70.901104,-13.407406],[-70.900988,-13.407214],[-70.900916,-13.407],[-70.900791,-13.406333],[-70.900592,-13.405926],[-70.899863,-13.405054],[-70.899733,-13.404868],[-70.899627,-13.404669],[-70.89955,-13.404225],[-70.899533,-13.403773],[-70.899495,-13.403551],[-70.89919,-13.402461],[-70.89911,-13.402017],[-70.899111,-13.401339],[-70.899151,-13.400889],[-70.899213,-13.400671],[-70.899308,-13.400467],[-70.899549,-13.400083],[-70.899625,-13.399871],[-70.899645,-13.399647],[-70.899511,-13.397616],[-70.899542,-13.397393],[-70.899818,-13.396775],[-70.899848,-13.396324],[-70.899802,-13.395875],[-70.899512,-13.395264],[-70.899537,-13.395044],[-70.899761,-13.394405],[-70.899855,-13.393734],[-70.89993,-13.39352],[-70.900367,-13.392725],[-70.900631,-13.392356],[-70.90078,-13.392184],[-70.901896,-13.39139],[-70.902051,-13.391224],[-70.902184,-13.39104],[-70.902555,-13.390469],[-70.902654,-13.390266],[-70.90273,-13.390053],[-70.902773,-13.389831],[-70.902778,-13.389605],[-70.902768,-13.388927],[-70.90271,-13.388479],[-70.902393,-13.386927],[-70.902145,-13.386057],[-70.902112,-13.385607],[-70.902135,-13.384251],[-70.902069,-13.383804],[-70.901821,-13.382701],[-70.901758,-13.382484],[-70.901071,-13.381053],[-70.901018,-13.380835],[-70.901016,-13.380612],[-70.901091,-13.380166],[-70.901092,-13.379941],[-70.901018,-13.37973],[-70.900532,-13.378962],[-70.900439,-13.378757],[-70.900281,-13.378097],[-70.89955,-13.37669],[-70.899514,-13.376468],[-70.899533,-13.376245],[-70.899669,-13.375813],[-70.899883,-13.375413],[-70.89996,-13.3752],[-70.899977,-13.374976],[-70.899852,-13.373172],[-70.899698,-13.372511],[-70.899577,-13.371844],[-70.89939,-13.369137],[-70.899324,-13.368691],[-70.89924,-13.368482],[-70.899098,-13.368305],[-70.898149,-13.367322],[-70.897866,-13.366967],[-70.897647,-13.36657],[-70.896466,-13.363871],[-70.896082,-13.36305],[-70.895969,-13.362853],[-70.895693,-13.362493],[-70.895368,-13.362174],[-70.894656,-13.361603],[-70.894318,-13.361297],[-70.894021,-13.360953],[-70.893769,-13.360576],[-70.893571,-13.360167],[-70.893496,-13.359954],[-70.893432,-13.359507],[-70.893303,-13.359073],[-70.893216,-13.358864],[-70.892986,-13.358473],[-70.892587,-13.35792],[-70.892438,-13.357748],[-70.891704,-13.357207],[-70.891087,-13.356539],[-70.89073,-13.356255],[-70.89035,-13.356],[-70.888703,-13.355201],[-70.888273,-13.355043],[-70.887828,-13.354933],[-70.883977,-13.354305],[-70.883769,-13.354214],[-70.881816,-13.352638],[-70.881306,-13.352182],[-70.881115,-13.352057],[-70.880097,-13.351537],[-70.879371,-13.350984],[-70.878628,-13.350453],[-70.87842,-13.350358],[-70.878197,-13.350311],[-70.877051,-13.35035],[-70.875912,-13.350229],[-70.875711,-13.350123],[-70.875218,-13.349653],[-70.875018,-13.349546],[-70.873919,-13.349222],[-70.873501,-13.349037],[-70.873312,-13.348909],[-70.872794,-13.348462],[-70.872606,-13.348332],[-70.872032,-13.347959],[-70.871422,-13.347644],[-70.870553,-13.347351],[-70.870101,-13.347277],[-70.869413,-13.347248],[-70.868728,-13.347181],[-70.868499,-13.34719],[-70.867816,-13.347277],[-70.867129,-13.347236],[-70.866903,-13.347201],[-70.866681,-13.347143],[-70.865404,-13.346636],[-70.86408,-13.346266],[-70.86388,-13.346157],[-70.863718,-13.346],[-70.863447,-13.345636],[-70.863278,-13.345484],[-70.8621,-13.344782],[-70.861915,-13.344648],[-70.860164,-13.343186],[-70.859772,-13.342951],[-70.857867,-13.342164],[-70.857695,-13.342017],[-70.857577,-13.341824],[-70.857492,-13.341615],[-70.857295,-13.340966],[-70.8572,-13.340761],[-70.857073,-13.340573],[-70.856919,-13.340407],[-70.85558,-13.33917],[-70.854819,-13.338663],[-70.854456,-13.338386],[-70.854288,-13.338234],[-70.853342,-13.337248],[-70.852967,-13.33699],[-70.85173,-13.336392],[-70.851091,-13.33614],[-70.850634,-13.336095],[-70.850405,-13.336101],[-70.848572,-13.336207],[-70.846753,-13.335962],[-70.846547,-13.335867],[-70.846409,-13.335693],[-70.84627,-13.3348],[-70.846293,-13.33435],[-70.846481,-13.333007],[-70.846488,-13.332328],[-70.846406,-13.330069],[-70.846355,-13.32962],[-70.846224,-13.329187],[-70.846128,-13.328983],[-70.845993,-13.328802],[-70.845826,-13.328647],[-70.845638,-13.328519],[-70.844607,-13.328023],[-70.843633,-13.327427],[-70.843464,-13.327274],[-70.843016,-13.326759],[-70.842886,-13.326573],[-70.842662,-13.326178],[-70.842115,-13.324934],[-70.842075,-13.324711],[-70.842089,-13.324036],[-70.842017,-13.323821],[-70.841791,-13.323428],[-70.841327,-13.322928],[-70.841055,-13.322564],[-70.840708,-13.321979],[-70.840518,-13.321567],[-70.840377,-13.321391],[-70.839847,-13.32096],[-70.839285,-13.320246],[-70.839127,-13.320083],[-70.838949,-13.31994],[-70.838352,-13.319605],[-70.835588,-13.318496],[-70.8332,-13.317144],[-70.832987,-13.317064],[-70.83276,-13.317048],[-70.832542,-13.317114],[-70.832335,-13.317209],[-70.832176,-13.317371],[-70.831934,-13.317754],[-70.831784,-13.317919],[-70.83157,-13.317974],[-70.831367,-13.317885],[-70.831242,-13.317696],[-70.831147,-13.317491],[-70.830697,-13.316451],[-70.83057,-13.316264],[-70.830411,-13.316102],[-70.830213,-13.31599],[-70.829998,-13.31591],[-70.829118,-13.315654],[-70.828685,-13.315502],[-70.828483,-13.315397],[-70.827316,-13.314675],[-70.827113,-13.31457],[-70.826899,-13.314489],[-70.826677,-13.314435],[-70.826223,-13.314367],[-70.82508,-13.314268],[-70.824392,-13.314231],[-70.821179,-13.31432],[-70.82095,-13.314314],[-70.820725,-13.314278],[-70.820535,-13.314155],[-70.820462,-13.313946],[-70.820463,-13.313269],[-70.820378,-13.31306],[-70.820234,-13.312886],[-70.820037,-13.312772],[-70.819818,-13.312703],[-70.81423,-13.311414],[-70.813554,-13.311283],[-70.813328,-13.311307],[-70.813111,-13.311375],[-70.812336,-13.311859],[-70.812119,-13.311897],[-70.811917,-13.311806],[-70.81176,-13.31164],[-70.811075,-13.310734],[-70.810917,-13.31057],[-70.810552,-13.310298],[-70.80677,-13.308158],[-70.806546,-13.308111],[-70.805858,-13.30807],[-70.805634,-13.308034],[-70.80543,-13.307934],[-70.80453,-13.306909],[-70.804425,-13.306708],[-70.804173,-13.306078],[-70.804043,-13.305893],[-70.799683,-13.301554],[-70.794005,-13.295954],[-70.793818,-13.295823],[-70.793617,-13.295716],[-70.792729,-13.295487],[-70.792523,-13.295391],[-70.792366,-13.295228],[-70.79183,-13.294495],[-70.791249,-13.293795],[-70.791,-13.293416],[-70.790924,-13.293203],[-70.790901,-13.292978],[-70.790909,-13.292752],[-70.791246,-13.290975],[-70.79127,-13.290751],[-70.791236,-13.290528],[-70.791158,-13.290316],[-70.791042,-13.290121],[-70.786819,-13.284763],[-70.783193,-13.280094],[-70.782846,-13.279508],[-70.782585,-13.278881],[-70.782465,-13.278445],[-70.781293,-13.272682],[-70.78113,-13.272259],[-70.78058,-13.271268],[-70.780406,-13.27085],[-70.780225,-13.269964],[-70.780182,-13.269061],[-70.780126,-13.268842],[-70.780029,-13.268638],[-70.77966,-13.268065],[-70.779455,-13.267661],[-70.7794,-13.267443],[-70.77942,-13.264278],[-70.779407,-13.263826],[-70.779359,-13.263377],[-70.778919,-13.261158],[-70.77892,-13.260706],[-70.779143,-13.259139],[-70.779191,-13.258918],[-70.779298,-13.258719],[-70.779742,-13.258201],[-70.779871,-13.258015],[-70.77988,-13.257795],[-70.779784,-13.257591],[-70.779314,-13.256814],[-70.778123,-13.254367],[-70.778049,-13.254154],[-70.778008,-13.253932],[-70.778,-13.253706],[-70.778007,-13.253028],[-70.778037,-13.252804],[-70.7781,-13.252587],[-70.778312,-13.252187],[-70.778358,-13.251966],[-70.778293,-13.251293],[-70.77832,-13.251069],[-70.779275,-13.248285],[-70.779309,-13.248062],[-70.779284,-13.247612],[-70.77903,-13.246744],[-70.778949,-13.246533],[-70.778737,-13.246132],[-70.778602,-13.245949],[-70.777991,-13.245275],[-70.777858,-13.24509],[-70.777204,-13.243897],[-70.776895,-13.243565],[-70.776702,-13.243441],[-70.776268,-13.243298],[-70.773111,-13.242701],[-70.772668,-13.242585],[-70.772459,-13.242492],[-70.772263,-13.242375],[-70.772085,-13.242232],[-70.77178,-13.241895],[-70.77063,-13.240204],[-70.770335,-13.239859],[-70.769977,-13.239578],[-70.759286,-13.233855],[-70.758688,-13.233519],[-70.75726,-13.232793],[-70.74962,-13.228644],[-70.74763,-13.227516],[-70.742628,-13.224744],[-70.74245,-13.224602],[-70.742302,-13.224431],[-70.742195,-13.224232],[-70.741929,-13.223606],[-70.741188,-13.221707],[-70.74109,-13.221503],[-70.74096,-13.221317],[-70.740794,-13.221164],[-70.740598,-13.221047],[-70.738565,-13.219997],[-70.736054,-13.218409],[-70.735622,-13.218257],[-70.735395,-13.21823],[-70.731953,-13.218342],[-70.729657,-13.218378],[-70.728972,-13.218316],[-70.728294,-13.2182],[-70.728067,-13.218228],[-70.727846,-13.218285],[-70.726601,-13.218863],[-70.726376,-13.2189],[-70.726151,-13.21886],[-70.725952,-13.218748],[-70.72577,-13.218611],[-70.724946,-13.217824],[-70.723665,-13.216868],[-70.723279,-13.216624],[-70.722665,-13.216319],[-70.722479,-13.216185],[-70.722167,-13.215856],[-70.721883,-13.215501],[-70.721694,-13.215381],[-70.721474,-13.215411],[-70.721131,-13.215709],[-70.72092,-13.215786],[-70.720703,-13.215723],[-70.720539,-13.215571],[-70.720266,-13.215207],[-70.719949,-13.21488],[-70.719833,-13.214689],[-70.71977,-13.214471],[-70.719504,-13.21314],[-70.719385,-13.212951],[-70.719184,-13.212851],[-70.718728,-13.212805],[-70.718501,-13.212819],[-70.718283,-13.21289],[-70.717885,-13.213113],[-70.71766,-13.213134],[-70.717468,-13.213015],[-70.717042,-13.212483],[-70.716846,-13.212368],[-70.716622,-13.212333],[-70.715936,-13.212374],[-70.715719,-13.21231],[-70.715536,-13.212178],[-70.715199,-13.211872],[-70.714993,-13.211772],[-70.713186,-13.211454],[-70.712979,-13.21136],[-70.712804,-13.211216],[-70.712517,-13.210863],[-70.712309,-13.21079],[-70.71211,-13.210881],[-70.711753,-13.211163],[-70.71153,-13.211209],[-70.711302,-13.211185],[-70.710858,-13.211068],[-70.710675,-13.21094],[-70.710563,-13.210748],[-70.710494,-13.210302],[-70.710432,-13.210088],[-70.71027,-13.209935],[-70.710045,-13.209925],[-70.70985,-13.210038],[-70.709504,-13.210334],[-70.709303,-13.210442],[-70.709078,-13.210474],[-70.708856,-13.210424],[-70.708656,-13.210315],[-70.707703,-13.209685],[-70.707501,-13.209578],[-70.707292,-13.209487],[-70.705536,-13.208958],[-70.705337,-13.208846],[-70.705149,-13.208716],[-70.704518,-13.208059],[-70.704267,-13.207681],[-70.7041,-13.207531],[-70.703878,-13.207482],[-70.703193,-13.207539],[-70.702517,-13.207412],[-70.702308,-13.207319],[-70.701765,-13.206902],[-70.701559,-13.206804],[-70.701341,-13.206736],[-70.701113,-13.206716],[-70.700428,-13.206763],[-70.700207,-13.206708],[-70.699458,-13.206187],[-70.699032,-13.20602],[-70.698589,-13.205904],[-70.697454,-13.205737],[-70.697009,-13.205628],[-70.696617,-13.205398],[-70.696079,-13.204975],[-70.695864,-13.204899],[-70.694965,-13.204717],[-70.694754,-13.204632],[-70.694583,-13.204481],[-70.694286,-13.204137],[-70.694109,-13.203993],[-70.693908,-13.203887],[-70.693276,-13.203618],[-70.693094,-13.203484],[-70.69271,-13.202925],[-70.692558,-13.202756],[-70.691455,-13.201944],[-70.691296,-13.201781],[-70.690679,-13.20083],[-70.690514,-13.200673],[-70.690325,-13.200547],[-70.690104,-13.200491],[-70.689876,-13.200491],[-70.689436,-13.200618],[-70.689225,-13.200708],[-70.687241,-13.201275],[-70.686789,-13.201354],[-70.685417,-13.201467],[-70.685194,-13.201521],[-70.684555,-13.201774],[-70.684334,-13.201826],[-70.684112,-13.201788],[-70.683483,-13.201513],[-70.683257,-13.201497],[-70.683034,-13.201547],[-70.681288,-13.202107],[-70.681064,-13.202155],[-70.67812,-13.202639],[-70.677891,-13.202656],[-70.677664,-13.202637],[-70.677441,-13.202588],[-70.677013,-13.202423],[-70.675351,-13.201654],[-70.675176,-13.201509],[-70.674707,-13.201014],[-70.673926,-13.20054],[-70.673508,-13.200356],[-70.673286,-13.200299],[-70.672156,-13.200101],[-70.671938,-13.20003],[-70.669438,-13.198891],[-70.669218,-13.198829],[-70.668991,-13.1988],[-70.667848,-13.198897],[-70.667625,-13.198861],[-70.66744,-13.198732],[-70.667276,-13.198573],[-70.667083,-13.198465],[-70.666626,-13.198482],[-70.666399,-13.198465],[-70.666182,-13.198396],[-70.665337,-13.198042],[-70.663808,-13.197554],[-70.662943,-13.197251],[-70.662365,-13.196883],[-70.661474,-13.196172],[-70.661346,-13.195985],[-70.661266,-13.195542],[-70.66112,-13.195377],[-70.660896,-13.195365],[-70.660017,-13.195624],[-70.659794,-13.195675],[-70.659339,-13.195735],[-70.658652,-13.195788],[-70.658193,-13.195781],[-70.65775,-13.19567],[-70.657344,-13.19546],[-70.655292,-13.19401],[-70.653855,-13.192884],[-70.653693,-13.192723],[-70.653402,-13.192374],[-70.653219,-13.19224],[-70.652995,-13.1922],[-70.65208,-13.19213],[-70.64935,-13.191764],[-70.648893,-13.191721],[-70.643154,-13.191759],[-70.642926,-13.191742],[-70.642703,-13.191691],[-70.642486,-13.191617],[-70.642108,-13.191363],[-70.641511,-13.190678],[-70.640842,-13.190059],[-70.640695,-13.189886],[-70.640422,-13.189267],[-70.639729,-13.188366],[-70.639569,-13.188204],[-70.639389,-13.188064],[-70.639196,-13.187943],[-70.63899,-13.187846],[-70.638773,-13.187771],[-70.638549,-13.187724],[-70.638091,-13.187707],[-70.637863,-13.187729],[-70.637418,-13.187837],[-70.635475,-13.188528],[-70.635249,-13.18857],[-70.635024,-13.188572],[-70.634805,-13.188506],[-70.634622,-13.188371],[-70.634187,-13.187577],[-70.63403,-13.187414],[-70.633434,-13.187075],[-70.633256,-13.186932],[-70.633105,-13.186763],[-70.633003,-13.186562],[-70.632952,-13.186342],[-70.632932,-13.186117],[-70.63296,-13.184535],[-70.632924,-13.184312],[-70.63273,-13.183904],[-70.632598,-13.183721],[-70.632224,-13.183459],[-70.632011,-13.183379],[-70.631786,-13.183335],[-70.631558,-13.18332],[-70.63133,-13.18335],[-70.630905,-13.183519],[-70.630306,-13.183854],[-70.628748,-13.184811],[-70.628538,-13.1849],[-70.628317,-13.18496],[-70.628089,-13.18498],[-70.62786,-13.184964],[-70.627638,-13.184909],[-70.625946,-13.184207],[-70.62551,-13.184067],[-70.625054,-13.184027],[-70.624598,-13.184079],[-70.624169,-13.184239],[-70.623978,-13.184363],[-70.623614,-13.184636],[-70.623024,-13.185328],[-70.622857,-13.185482],[-70.622658,-13.185587],[-70.622431,-13.185616],[-70.622207,-13.185572],[-70.621334,-13.185292],[-70.621111,-13.18525],[-70.620889,-13.185286],[-70.620711,-13.185424],[-70.620239,-13.185918],[-70.620107,-13.186101],[-70.620026,-13.186311],[-70.619961,-13.186759],[-70.618162,-13.194239],[-70.618012,-13.194665],[-70.6179,-13.194863],[-70.617759,-13.19504],[-70.617594,-13.195198],[-70.617413,-13.195335],[-70.617212,-13.195442],[-70.615116,-13.196365],[-70.614895,-13.196423],[-70.614438,-13.196459],[-70.613987,-13.196377],[-70.611601,-13.195564],[-70.611221,-13.195312],[-70.610646,-13.194608],[-70.610474,-13.194459],[-70.610284,-13.194332],[-70.610117,-13.194178],[-70.61007,-13.19396],[-70.610153,-13.193516],[-70.610148,-13.193291],[-70.61011,-13.193069],[-70.610045,-13.192853],[-70.609921,-13.192663],[-70.609586,-13.192356],[-70.609479,-13.192159],[-70.609473,-13.191933],[-70.609506,-13.191483],[-70.609451,-13.191266],[-70.608366,-13.189807],[-70.608146,-13.189411],[-70.608044,-13.188972],[-70.608045,-13.188521],[-70.608107,-13.188303],[-70.608294,-13.187892],[-70.608424,-13.187706],[-70.608588,-13.187548],[-70.608756,-13.187393],[-70.608946,-13.187268],[-70.609372,-13.187101],[-70.610036,-13.186919],[-70.610243,-13.186823],[-70.610405,-13.186668],[-70.610474,-13.186456],[-70.610487,-13.186231],[-70.610429,-13.186012],[-70.610343,-13.185805],[-70.610198,-13.185631],[-70.61,-13.185518],[-70.608682,-13.185127],[-70.607826,-13.1848],[-70.607432,-13.184573],[-70.605943,-13.183162],[-70.605549,-13.182937],[-70.605116,-13.182788],[-70.604934,-13.182651],[-70.604307,-13.181991],[-70.603973,-13.181681],[-70.603828,-13.181506],[-70.603552,-13.180885],[-70.603395,-13.180725],[-70.603174,-13.18073],[-70.602683,-13.181202],[-70.601913,-13.181694],[-70.600569,-13.182925],[-70.600383,-13.183054],[-70.600175,-13.183147],[-70.599955,-13.18321],[-70.59973,-13.183252],[-70.599502,-13.183266],[-70.599274,-13.183246],[-70.59794,-13.182907],[-70.597486,-13.182839],[-70.597257,-13.18283],[-70.59611,-13.182857],[-70.595453,-13.183054],[-70.595224,-13.183053],[-70.594775,-13.18297],[-70.594546,-13.182951],[-70.594087,-13.182963],[-70.592714,-13.18306],[-70.592266,-13.183154],[-70.590764,-13.183718],[-70.589891,-13.183997],[-70.587181,-13.184483],[-70.58607,-13.184767],[-70.585845,-13.184807],[-70.585386,-13.18482],[-70.584699,-13.184774],[-70.584019,-13.184872],[-70.583571,-13.184973],[-70.58335,-13.185032],[-70.582705,-13.18527],[-70.581363,-13.185567],[-70.580934,-13.185728],[-70.580541,-13.185961],[-70.580333,-13.186055],[-70.578562,-13.186533],[-70.577648,-13.186611],[-70.576753,-13.186808],[-70.575148,-13.18673],[-70.57492,-13.186753],[-70.574479,-13.186876],[-70.574027,-13.186951],[-70.571273,-13.187026],[-70.570585,-13.187014],[-70.570356,-13.187023],[-70.569446,-13.187142],[-70.568528,-13.187168],[-70.568305,-13.187208],[-70.568152,-13.18737],[-70.568131,-13.187592],[-70.56826,-13.188024],[-70.568174,-13.188225],[-70.567992,-13.188361],[-70.567202,-13.188822],[-70.567002,-13.188933],[-70.566584,-13.189115],[-70.566359,-13.189094],[-70.56616,-13.188984],[-70.565995,-13.188827],[-70.565855,-13.188648],[-70.565746,-13.18845],[-70.565666,-13.188239],[-70.565518,-13.187577],[-70.565384,-13.187396],[-70.565199,-13.187264],[-70.564554,-13.187029],[-70.56433,-13.186995],[-70.564102,-13.18701],[-70.563882,-13.187069],[-70.563675,-13.187168],[-70.563491,-13.187302],[-70.562082,-13.188788],[-70.561905,-13.188933],[-70.561498,-13.189141],[-70.561283,-13.189219],[-70.561059,-13.189267],[-70.560601,-13.189284],[-70.560378,-13.189332],[-70.559945,-13.189481],[-70.559716,-13.189499],[-70.558798,-13.189483],[-70.558339,-13.189497],[-70.556977,-13.189688],[-70.556791,-13.189819],[-70.556513,-13.190177],[-70.556117,-13.190402],[-70.555935,-13.190537],[-70.555508,-13.191337],[-70.555383,-13.191526],[-70.55519,-13.19164],[-70.554969,-13.191646],[-70.554529,-13.19152],[-70.554341,-13.191634],[-70.554307,-13.191851],[-70.55442,-13.19252],[-70.55444,-13.192745],[-70.55443,-13.193197],[-70.554366,-13.193411],[-70.554225,-13.193587],[-70.55405,-13.193733],[-70.553897,-13.193899],[-70.553894,-13.194118],[-70.554035,-13.194293],[-70.554216,-13.194431],[-70.554802,-13.194784],[-70.554966,-13.194941],[-70.555482,-13.195688],[-70.555596,-13.195885],[-70.555671,-13.196095],[-70.5557,-13.196319],[-70.555672,-13.196541],[-70.555591,-13.196751],[-70.555457,-13.196934],[-70.554225,-13.198567],[-70.554064,-13.198727],[-70.553672,-13.198961],[-70.55262,-13.199414],[-70.552222,-13.199639],[-70.552085,-13.199817],[-70.551974,-13.200255],[-70.551899,-13.200468],[-70.55179,-13.200667],[-70.550043,-13.203589],[-70.549765,-13.203948],[-70.549608,-13.204112],[-70.549431,-13.204257],[-70.549247,-13.204391],[-70.548837,-13.204594],[-70.5484,-13.204731],[-70.548176,-13.204772],[-70.54452,-13.205127],[-70.544291,-13.205133],[-70.544067,-13.205086],[-70.543855,-13.205001],[-70.543453,-13.204783],[-70.54302,-13.204632],[-70.539035,-13.203555],[-70.538586,-13.203466],[-70.538357,-13.203452],[-70.538129,-13.203475],[-70.537908,-13.203536],[-70.537697,-13.203623],[-70.5375,-13.20374],[-70.537327,-13.203886],[-70.536879,-13.204399],[-70.536697,-13.204534],[-70.536065,-13.204803],[-70.535847,-13.20487],[-70.535617,-13.20487],[-70.535412,-13.204774],[-70.535058,-13.204487],[-70.534139,-13.203809],[-70.533004,-13.20304],[-70.532824,-13.202902],[-70.532515,-13.202568],[-70.532335,-13.202429],[-70.531906,-13.202272],[-70.531713,-13.202153],[-70.531655,-13.201947],[-70.53177,-13.20176],[-70.532163,-13.201526],[-70.53227,-13.201339],[-70.532153,-13.201158],[-70.531929,-13.201141],[-70.531242,-13.20118],[-70.53103,-13.201113],[-70.530897,-13.200937],[-70.530894,-13.200714],[-70.531099,-13.20031],[-70.53115,-13.200093],[-70.531002,-13.199939],[-70.530779,-13.19997],[-70.530406,-13.200234],[-70.530253,-13.200399],[-70.530104,-13.200827],[-70.529996,-13.201024],[-70.529815,-13.201158],[-70.529592,-13.201196],[-70.529375,-13.201143],[-70.529194,-13.201008],[-70.529097,-13.200806],[-70.529071,-13.200582],[-70.529109,-13.199226],[-70.529146,-13.199003],[-70.529239,-13.1988],[-70.529698,-13.198294],[-70.529779,-13.198088],[-70.529659,-13.197906],[-70.529215,-13.197809],[-70.529046,-13.197667],[-70.529032,-13.197447],[-70.52916,-13.197016],[-70.529057,-13.196821],[-70.52886,-13.196709],[-70.528178,-13.196616],[-70.52797,-13.196523],[-70.525986,-13.194985],[-70.525847,-13.194807],[-70.525767,-13.194596],[-70.525658,-13.194157],[-70.525544,-13.193964],[-70.525247,-13.19362],[-70.52516,-13.193418],[-70.525249,-13.193219],[-70.525397,-13.193045],[-70.525477,-13.192839],[-70.525354,-13.192662],[-70.524911,-13.192552],[-70.524736,-13.19242],[-70.524695,-13.192204],[-70.524959,-13.191338],[-70.525091,-13.191155],[-70.525437,-13.190861],[-70.525579,-13.190685],[-70.525639,-13.19047],[-70.525569,-13.190257],[-70.525424,-13.190091],[-70.525219,-13.189998],[-70.524992,-13.190007],[-70.52434,-13.190217],[-70.524129,-13.190149],[-70.524081,-13.189938],[-70.524151,-13.189726],[-70.524452,-13.189116],[-70.52448,-13.188896],[-70.524359,-13.188717],[-70.52414,-13.188717],[-70.523968,-13.188863],[-70.523568,-13.189415],[-70.523426,-13.189591],[-70.523261,-13.189749],[-70.522867,-13.189979],[-70.522653,-13.19006],[-70.522432,-13.190115],[-70.522204,-13.190121],[-70.521978,-13.190077],[-70.521574,-13.189868],[-70.520036,-13.18851],[-70.519277,-13.188001],[-70.518664,-13.187692],[-70.518027,-13.187434],[-70.517587,-13.187307],[-70.517139,-13.187207],[-70.516914,-13.187164],[-70.515088,-13.18697],[-70.513022,-13.18696],[-70.512108,-13.18704],[-70.511648,-13.187039],[-70.510045,-13.186934],[-70.509586,-13.186931],[-70.509135,-13.187014],[-70.508924,-13.187103],[-70.508727,-13.187217],[-70.507196,-13.188216],[-70.505788,-13.189377],[-70.505584,-13.18948],[-70.505361,-13.18953],[-70.504446,-13.189461],[-70.504223,-13.189408],[-70.504012,-13.189321],[-70.503433,-13.188956],[-70.502347,-13.18859],[-70.502146,-13.188483],[-70.500847,-13.187551],[-70.500678,-13.187398],[-70.500537,-13.187222],[-70.500437,-13.187019],[-70.500099,-13.186179],[-70.499986,-13.185741],[-70.49998,-13.185516],[-70.500009,-13.185292],[-70.500281,-13.18467],[-70.500334,-13.184454],[-70.500256,-13.184247],[-70.500066,-13.184132],[-70.499841,-13.184159],[-70.499628,-13.184243],[-70.499404,-13.184291],[-70.499183,-13.184252],[-70.499016,-13.184103],[-70.498714,-13.183495],[-70.498644,-13.18328],[-70.49864,-13.183054],[-70.499082,-13.179464],[-70.499073,-13.179239],[-70.499025,-13.17902],[-70.498651,-13.178194],[-70.49841,-13.177811],[-70.497775,-13.177159],[-70.497648,-13.176971],[-70.497573,-13.176758],[-70.497491,-13.176314],[-70.497377,-13.17612],[-70.497215,-13.175962],[-70.496813,-13.175743],[-70.4966,-13.175658],[-70.495939,-13.175472],[-70.495712,-13.175439],[-70.495254,-13.175411],[-70.494572,-13.175501],[-70.494127,-13.175612],[-70.493048,-13.175998],[-70.492839,-13.176091],[-70.492048,-13.176549],[-70.491627,-13.177083],[-70.491444,-13.177216],[-70.491236,-13.177311],[-70.489655,-13.177592],[-70.48897,-13.177666],[-70.488052,-13.17769],[-70.487134,-13.177673],[-70.486905,-13.17769],[-70.486684,-13.17775],[-70.486473,-13.177836],[-70.48548,-13.178401],[-70.484153,-13.178761],[-70.483699,-13.17883],[-70.482552,-13.178867],[-70.481407,-13.178932],[-70.480276,-13.178744],[-70.479819,-13.178698],[-70.47959,-13.178697],[-70.479132,-13.178729],[-70.478448,-13.178812],[-70.478225,-13.178862],[-70.477794,-13.179015],[-70.476771,-13.179529],[-70.475105,-13.18029],[-70.474907,-13.180403],[-70.474584,-13.180722],[-70.474313,-13.181086],[-70.474133,-13.181225],[-70.473261,-13.181504],[-70.473034,-13.18153],[-70.472813,-13.181474],[-70.472219,-13.181132],[-70.472009,-13.181041],[-70.471792,-13.180969],[-70.471567,-13.180925],[-70.471338,-13.18091],[-70.470195,-13.181008],[-70.468837,-13.18124],[-70.468155,-13.18133],[-70.467697,-13.181357],[-70.467469,-13.181334],[-70.467032,-13.181198],[-70.466831,-13.18109],[-70.466644,-13.18096],[-70.46612,-13.18052],[-70.465973,-13.180348],[-70.465886,-13.18014],[-70.465756,-13.179707],[-70.465664,-13.179501],[-70.465527,-13.179321],[-70.465137,-13.179087],[-70.464308,-13.178698],[-70.464121,-13.178568],[-70.463958,-13.178408],[-70.463667,-13.178059],[-70.463501,-13.177905],[-70.463282,-13.17785],[-70.463055,-13.177875],[-70.46081,-13.178349],[-70.460369,-13.178474],[-70.459519,-13.178816],[-70.459115,-13.179029],[-70.458748,-13.179302],[-70.458587,-13.179463],[-70.458301,-13.179816],[-70.457715,-13.180788],[-70.457452,-13.181158],[-70.457129,-13.181478],[-70.456767,-13.181756],[-70.455631,-13.182523],[-70.455234,-13.18275],[-70.453194,-13.183788],[-70.45298,-13.183867],[-70.452755,-13.183911],[-70.452526,-13.183917],[-70.452299,-13.183893],[-70.451407,-13.183677],[-70.450724,-13.183597],[-70.450265,-13.183579],[-70.45004,-13.183534],[-70.449867,-13.183393],[-70.449655,-13.182993],[-70.449511,-13.182819],[-70.449294,-13.182802],[-70.449175,-13.182985],[-70.44904,-13.183416],[-70.448901,-13.183591],[-70.448681,-13.183646],[-70.444554,-13.183438],[-70.443636,-13.183427],[-70.442511,-13.183648],[-70.441827,-13.183723],[-70.441604,-13.183775],[-70.441391,-13.183857],[-70.440396,-13.184419],[-70.439462,-13.185077],[-70.439289,-13.185224],[-70.439145,-13.185398],[-70.43892,-13.18579],[-70.438735,-13.185913],[-70.438277,-13.185931],[-70.438072,-13.186028],[-70.43796,-13.18622],[-70.437997,-13.186441],[-70.43824,-13.186824],[-70.438282,-13.187039],[-70.438197,-13.187246],[-70.437657,-13.187977],[-70.437347,-13.188309],[-70.437158,-13.188437],[-70.436948,-13.188526],[-70.436725,-13.188578],[-70.436266,-13.188587],[-70.434433,-13.188471],[-70.434214,-13.188408],[-70.434013,-13.1883],[-70.433851,-13.188142],[-70.433737,-13.187946],[-70.433321,-13.186654],[-70.433234,-13.186445],[-70.433099,-13.186265],[-70.432894,-13.186169],[-70.432436,-13.186186],[-70.43222,-13.186131],[-70.432106,-13.185945],[-70.432063,-13.185496],[-70.431943,-13.185308],[-70.431002,-13.184662],[-70.43064,-13.184384],[-70.430343,-13.184041],[-70.429936,-13.183497],[-70.42973,-13.183405],[-70.429501,-13.183396],[-70.428145,-13.183633],[-70.427703,-13.183754],[-70.427071,-13.184022],[-70.426676,-13.184252],[-70.425331,-13.185117],[-70.424917,-13.18531],[-70.424694,-13.185363],[-70.424466,-13.185385],[-70.423551,-13.18532],[-70.423322,-13.185332],[-70.423098,-13.18538],[-70.421189,-13.186157],[-70.420969,-13.186221],[-70.419849,-13.18647],[-70.419195,-13.186682],[-70.417389,-13.187007],[-70.416964,-13.187173],[-70.415816,-13.187923],[-70.415658,-13.188085],[-70.41561,-13.188301],[-70.4156,-13.188752],[-70.415499,-13.188951],[-70.413878,-13.190553],[-70.413704,-13.190699],[-70.4135,-13.190799],[-70.413276,-13.190837],[-70.41305,-13.190803],[-70.412615,-13.190664],[-70.412399,-13.190695],[-70.412112,-13.191042],[-70.411714,-13.191263],[-70.411296,-13.191451],[-70.411074,-13.191507],[-70.410157,-13.19151],[-70.409729,-13.191669],[-70.409103,-13.19195],[-70.407568,-13.192418],[-70.406244,-13.192792],[-70.405786,-13.192814],[-70.404651,-13.19265],[-70.404422,-13.192657],[-70.404196,-13.192692],[-70.403779,-13.192881],[-70.401531,-13.194014],[-70.40132,-13.194105],[-70.400875,-13.194212],[-70.399959,-13.19428],[-70.3995,-13.194289],[-70.399275,-13.194254],[-70.399073,-13.194148],[-70.398911,-13.19399],[-70.398808,-13.193789],[-70.398782,-13.193565],[-70.398805,-13.193341],[-70.399049,-13.19247],[-70.399169,-13.192281],[-70.399571,-13.192069],[-70.399738,-13.191921],[-70.399701,-13.191712],[-70.399494,-13.19163],[-70.398809,-13.191701],[-70.398586,-13.191673],[-70.398417,-13.191529],[-70.39818,-13.191144],[-70.398156,-13.190694],[-70.398043,-13.190503],[-70.397843,-13.190394],[-70.397416,-13.190227],[-70.397225,-13.190104],[-70.397005,-13.18971],[-70.396815,-13.189598],[-70.396598,-13.18965],[-70.396277,-13.189972],[-70.396092,-13.190103],[-70.39587,-13.190127],[-70.395653,-13.190054],[-70.395428,-13.190021],[-70.395226,-13.190126],[-70.395064,-13.190286],[-70.39486,-13.190382],[-70.394406,-13.190332],[-70.394183,-13.19037],[-70.394036,-13.19054],[-70.393922,-13.190736],[-70.393753,-13.190885],[-70.39332,-13.191032],[-70.393133,-13.191157],[-70.392853,-13.191515],[-70.392684,-13.191665],[-70.392475,-13.19175],[-70.392248,-13.191761],[-70.392033,-13.191687],[-70.391498,-13.191263],[-70.391292,-13.191169],[-70.390834,-13.191144],[-70.390386,-13.191052],[-70.390193,-13.190931],[-70.390017,-13.190787],[-70.389882,-13.190609],[-70.389908,-13.190392],[-70.390089,-13.189979],[-70.389983,-13.18979],[-70.389769,-13.18973],[-70.389312,-13.189769],[-70.388625,-13.189757],[-70.388415,-13.189671],[-70.388224,-13.189545],[-70.387879,-13.18925],[-70.387753,-13.189062],[-70.387669,-13.188852],[-70.38762,-13.188632],[-70.38766,-13.187954],[-70.387523,-13.18778],[-70.386927,-13.18744],[-70.386761,-13.187295],[-70.386784,-13.187082],[-70.387119,-13.186776],[-70.387198,-13.186572],[-70.38705,-13.186415],[-70.386823,-13.186412],[-70.386396,-13.186573],[-70.386168,-13.186589],[-70.385951,-13.186523],[-70.385588,-13.186251],[-70.385418,-13.186098],[-70.385205,-13.1857],[-70.385019,-13.185573],[-70.384797,-13.185516],[-70.38457,-13.185489],[-70.383652,-13.185505],[-70.383435,-13.185462],[-70.383245,-13.185051],[-70.383177,-13.184836],[-70.383037,-13.184172],[-70.382707,-13.183092],[-70.38253,-13.182958],[-70.38231,-13.182893],[-70.38211,-13.18279],[-70.382123,-13.182571],[-70.382431,-13.182239],[-70.382511,-13.182029],[-70.38248,-13.181126],[-70.382497,-13.180901],[-70.382531,-13.180677],[-70.382663,-13.180245],[-70.383177,-13.179234],[-70.383669,-13.178472],[-70.38377,-13.178269],[-70.383845,-13.178056],[-70.384285,-13.176067],[-70.384327,-13.175845],[-70.384369,-13.175395],[-70.384362,-13.175169],[-70.384137,-13.174062],[-70.384067,-13.173615],[-70.38408,-13.173392],[-70.384169,-13.173186],[-70.384513,-13.172888],[-70.384667,-13.172726],[-70.384639,-13.172509],[-70.384445,-13.17241],[-70.384239,-13.172494],[-70.383877,-13.172772],[-70.383719,-13.172934],[-70.383358,-13.173508],[-70.383168,-13.173627],[-70.38294,-13.17365],[-70.382251,-13.173658],[-70.382025,-13.173637],[-70.381887,-13.173473],[-70.381908,-13.173253],[-70.382018,-13.172815],[-70.38208,-13.172367],[-70.382137,-13.172149],[-70.382341,-13.171744],[-70.382859,-13.170998],[-70.383021,-13.170839],[-70.383213,-13.170714],[-70.38342,-13.17062],[-70.383638,-13.170553],[-70.38432,-13.170454],[-70.384532,-13.170381],[-70.384667,-13.1702],[-70.384721,-13.169982],[-70.384709,-13.169758],[-70.384574,-13.169578],[-70.384397,-13.169434],[-70.38429,-13.169238],[-70.384295,-13.169013],[-70.384509,-13.16837],[-70.38454,-13.168146],[-70.384458,-13.167473],[-70.38446,-13.167022],[-70.384662,-13.166141],[-70.38478,-13.165017],[-70.384865,-13.164572],[-70.384977,-13.164134],[-70.385282,-13.163281],[-70.385503,-13.162888],[-70.385672,-13.162738],[-70.385858,-13.162605],[-70.387838,-13.16146],[-70.388025,-13.161331],[-70.388185,-13.161171],[-70.388373,-13.160759],[-70.388488,-13.160568],[-70.388685,-13.160456],[-70.389142,-13.160456],[-70.389367,-13.160426],[-70.38957,-13.160325],[-70.391719,-13.159019],[-70.393119,-13.158241],[-70.393495,-13.157983],[-70.393846,-13.157693],[-70.394004,-13.157528],[-70.394294,-13.157178],[-70.394694,-13.156626],[-70.394846,-13.156457],[-70.395022,-13.156313],[-70.397366,-13.154887],[-70.397545,-13.154748],[-70.398381,-13.153975],[-70.398518,-13.153795],[-70.39858,-13.153579],[-70.398574,-13.153354],[-70.398501,-13.153141],[-70.398096,-13.152595],[-70.397993,-13.152394],[-70.397529,-13.150879],[-70.39737,-13.150719],[-70.397173,-13.150605],[-70.395667,-13.150053],[-70.395461,-13.149955],[-70.395283,-13.149813],[-70.394816,-13.149315],[-70.394666,-13.149145],[-70.394557,-13.148946],[-70.394459,-13.148744],[-70.394462,-13.14852],[-70.394589,-13.148085],[-70.394775,-13.147672],[-70.394978,-13.147025],[-70.395078,-13.146126],[-70.39508,-13.145901],[-70.394973,-13.145703],[-70.394533,-13.145182],[-70.394404,-13.144996],[-70.394228,-13.144851],[-70.394025,-13.144749],[-70.392923,-13.144436],[-70.392529,-13.144203],[-70.391965,-13.143816],[-70.391752,-13.143739],[-70.391067,-13.143684],[-70.390845,-13.143631],[-70.390647,-13.143516],[-70.390231,-13.143325],[-70.390015,-13.143253],[-70.389561,-13.143201],[-70.389338,-13.143148],[-70.389137,-13.143041],[-70.388651,-13.142561],[-70.38835,-13.14222],[-70.388228,-13.14203],[-70.38815,-13.141818],[-70.388043,-13.14138],[-70.387952,-13.141173],[-70.387815,-13.140992],[-70.387486,-13.140678],[-70.386609,-13.139948],[-70.386527,-13.13974],[-70.3865,-13.139517],[-70.38659,-13.139314],[-70.386799,-13.139231],[-70.387257,-13.139263],[-70.387485,-13.139252],[-70.387689,-13.139161],[-70.387813,-13.138977],[-70.387832,-13.138753],[-70.387751,-13.138545],[-70.387631,-13.138352],[-70.38671,-13.137056],[-70.386574,-13.136626],[-70.386459,-13.136432],[-70.386254,-13.136336],[-70.385577,-13.136212],[-70.385399,-13.136082],[-70.38536,-13.135863],[-70.385391,-13.135642],[-70.385555,-13.135496],[-70.386009,-13.13543],[-70.386203,-13.135317],[-70.38634,-13.135138],[-70.386683,-13.134549],[-70.386753,-13.134335],[-70.386796,-13.134114],[-70.38688,-13.13344],[-70.387012,-13.133009],[-70.387104,-13.132802],[-70.387236,-13.13262],[-70.387939,-13.132043],[-70.388093,-13.131875],[-70.388354,-13.131503],[-70.388472,-13.13131],[-70.389137,-13.129871],[-70.389312,-13.129731],[-70.389741,-13.12957],[-70.389945,-13.129469],[-70.390097,-13.129302],[-70.390203,-13.129107],[-70.390181,-13.128885],[-70.390063,-13.128692],[-70.389908,-13.128525],[-70.389776,-13.128342],[-70.389804,-13.128122],[-70.390177,-13.127053],[-70.390218,-13.126832],[-70.390178,-13.126612],[-70.390086,-13.126405],[-70.389916,-13.126255],[-70.389714,-13.126152],[-70.389033,-13.126063],[-70.388848,-13.125934],[-70.388757,-13.125729],[-70.388495,-13.124862],[-70.388144,-13.123551],[-70.388135,-13.122423],[-70.388089,-13.122203],[-70.388002,-13.121995],[-70.387867,-13.121812],[-70.387698,-13.12166],[-70.387511,-13.121531],[-70.387304,-13.121432],[-70.38429,-13.120334],[-70.383439,-13.119992],[-70.383232,-13.119898],[-70.383054,-13.119755],[-70.382896,-13.119592],[-70.382668,-13.119201],[-70.382589,-13.11899],[-70.38091,-13.113349],[-70.380801,-13.11315],[-70.380666,-13.112967],[-70.380513,-13.112801],[-70.380336,-13.112657],[-70.380135,-13.112549],[-70.379707,-13.112392],[-70.379479,-13.112364],[-70.379251,-13.11238],[-70.377239,-13.112841],[-70.373474,-13.113853],[-70.373019,-13.113907],[-70.372791,-13.113893],[-70.372346,-13.113785],[-70.372136,-13.113693],[-70.371774,-13.113419],[-70.370284,-13.11201],[-70.370103,-13.111873],[-70.3699,-13.111768],[-70.368839,-13.111337],[-70.368439,-13.111115],[-70.368293,-13.110942],[-70.368183,-13.110748],[-70.367857,-13.109664],[-70.367754,-13.109463],[-70.367616,-13.109284],[-70.365229,-13.107165],[-70.365127,-13.106966],[-70.365083,-13.106745],[-70.365118,-13.106523],[-70.365576,-13.105486],[-70.366072,-13.104467],[-70.366206,-13.104284],[-70.366374,-13.104131],[-70.367328,-13.103501],[-70.367673,-13.103205],[-70.36776,-13.102996],[-70.3678,-13.102775],[-70.367794,-13.102549],[-70.367683,-13.102112],[-70.366492,-13.098689],[-70.365937,-13.096965],[-70.3652,-13.094824],[-70.364845,-13.093993],[-70.364603,-13.09312],[-70.36303,-13.088632],[-70.361493,-13.084132],[-70.358758,-13.076451],[-70.357697,-13.073225],[-70.357483,-13.072825],[-70.356276,-13.071173],[-70.355142,-13.069472],[-70.353314,-13.066868],[-70.349974,-13.061997],[-70.349754,-13.061601],[-70.34968,-13.061389],[-70.34961,-13.060942],[-70.349777,-13.054387],[-70.34997,-13.051002],[-70.349987,-13.050323],[-70.34996,-13.049873],[-70.349889,-13.049658],[-70.349781,-13.049459],[-70.349447,-13.049153],[-70.346881,-13.047653],[-70.346328,-13.047248],[-70.345093,-13.04591],[-70.344959,-13.045726],[-70.344866,-13.04552],[-70.344619,-13.044649],[-70.343965,-13.042961],[-70.343935,-13.042737],[-70.343939,-13.042511],[-70.343982,-13.04229],[-70.344738,-13.040156],[-70.344828,-13.039714],[-70.344881,-13.039037],[-70.344861,-13.038815],[-70.344781,-13.038604],[-70.344347,-13.038078],[-70.344049,-13.037224],[-70.343973,-13.036778],[-70.343973,-13.036557],[-70.344102,-13.036384],[-70.344311,-13.036301],[-70.344536,-13.036277],[-70.345223,-13.036325],[-70.345452,-13.036316],[-70.345648,-13.036216],[-70.345776,-13.036031],[-70.345989,-13.035631],[-70.346304,-13.035303],[-70.346593,-13.034951],[-70.346719,-13.03452],[-70.34674,-13.034295],[-70.346734,-13.034069],[-70.346542,-13.032498],[-70.346565,-13.032273],[-70.346644,-13.032063],[-70.346943,-13.03172],[-70.347792,-13.03096],[-70.347927,-13.030781],[-70.348006,-13.030571],[-70.348038,-13.030349],[-70.34803,-13.029445],[-70.34811,-13.028772],[-70.348094,-13.028548],[-70.34801,-13.02834],[-70.347597,-13.027797],[-70.347475,-13.027607],[-70.347393,-13.027397],[-70.347232,-13.024464],[-70.347296,-13.02425],[-70.347529,-13.023861],[-70.347622,-13.023655],[-70.347677,-13.023437],[-70.347741,-13.022989],[-70.347847,-13.022789],[-70.347981,-13.022608],[-70.348777,-13.021793],[-70.349815,-13.020585],[-70.349898,-13.020375],[-70.349885,-13.02015],[-70.349832,-13.019931],[-70.349343,-13.018423],[-70.349249,-13.01822],[-70.348843,-13.017672],[-70.348779,-13.017463],[-70.348824,-13.017251],[-70.348933,-13.017052],[-70.349008,-13.016839],[-70.349036,-13.016616],[-70.348982,-13.016404],[-70.348862,-13.016213],[-70.348267,-13.015523],[-70.348132,-13.015341],[-70.34804,-13.015136],[-70.346778,-13.011499],[-70.346689,-13.011291],[-70.346438,-13.010914],[-70.345695,-13.010052],[-70.345489,-13.009651],[-70.345104,-13.008586],[-70.345013,-13.008144],[-70.344946,-13.007469],[-70.344551,-13.005936],[-70.344639,-13.00413],[-70.344611,-13.003906],[-70.344505,-13.003705],[-70.343854,-13.00307],[-70.343723,-13.002889],[-70.343619,-13.002687],[-70.343322,-13.001596],[-70.343296,-13.001371],[-70.343331,-13.000695],[-70.343321,-13.000243],[-70.343248,-13.00003],[-70.34267,-12.999056],[-70.342603,-12.99884],[-70.342649,-12.997258],[-70.342589,-12.997043],[-70.342264,-12.996445],[-70.342232,-12.996223],[-70.34253,-12.993982],[-70.34255,-12.993757],[-70.34255,-12.993079],[-70.34222,-12.99153],[-70.34226,-12.991307],[-70.342355,-12.991104],[-70.343039,-12.989926],[-70.343112,-12.989713],[-70.343176,-12.989496],[-70.343316,-12.988375],[-70.343421,-12.987937],[-70.343732,-12.987607],[-70.344832,-12.98679],[-70.346065,-12.985774],[-70.346367,-12.985437],[-70.346468,-12.985234],[-70.346548,-12.984563],[-70.3465,-12.982528],[-70.3465,-12.979589],[-70.346521,-12.979364],[-70.34657,-12.979145],[-70.34673,-12.978721],[-70.347044,-12.978117],[-70.34723,-12.977704],[-70.347975,-12.976847],[-70.348058,-12.976636],[-70.34806,-12.976411],[-70.347953,-12.976222],[-70.347796,-12.976059],[-70.347083,-12.97549],[-70.346936,-12.975317],[-70.346686,-12.974685],[-70.346497,-12.974565],[-70.345821,-12.974435],[-70.345593,-12.974426],[-70.345397,-12.974514],[-70.345432,-12.974715],[-70.345635,-12.974799],[-70.346085,-12.974712],[-70.346263,-12.97484],[-70.346258,-12.975044],[-70.346061,-12.97514],[-70.345604,-12.975142],[-70.345378,-12.975165],[-70.345189,-12.975286],[-70.345093,-12.975487],[-70.34477,-12.976334],[-70.344579,-12.976425],[-70.344421,-12.976293],[-70.344459,-12.976075],[-70.344704,-12.975693],[-70.344805,-12.975491],[-70.344789,-12.975275],[-70.344682,-12.975081],[-70.344233,-12.974567],[-70.343763,-12.973791],[-70.343671,-12.973584],[-70.343675,-12.973361],[-70.343766,-12.97269],[-70.343748,-12.972464],[-70.343628,-12.972029],[-70.343441,-12.971898],[-70.342993,-12.971853],[-70.342885,-12.971668],[-70.342933,-12.97123],[-70.342842,-12.971027],[-70.342641,-12.970945],[-70.342437,-12.971033],[-70.34207,-12.971304],[-70.341856,-12.971362],[-70.341645,-12.971291],[-70.34145,-12.971171],[-70.341285,-12.971016],[-70.341236,-12.970799],[-70.341301,-12.970582],[-70.341328,-12.970359],[-70.341189,-12.9702],[-70.34097,-12.970227],[-70.34075,-12.970289],[-70.340532,-12.970241],[-70.339802,-12.96937],[-70.339605,-12.969263],[-70.339389,-12.969306],[-70.339292,-12.969505],[-70.339344,-12.969723],[-70.339534,-12.970135],[-70.339698,-12.970283],[-70.340071,-12.970546],[-70.34023,-12.970706],[-70.340484,-12.971336],[-70.34054,-12.971555],[-70.340434,-12.972449],[-70.340541,-12.972643],[-70.340896,-12.972931],[-70.341048,-12.973092],[-70.341058,-12.973306],[-70.34092,-12.97346],[-70.340697,-12.973458],[-70.340513,-12.973323],[-70.340186,-12.973014],[-70.339961,-12.972991],[-70.339511,-12.973078],[-70.339295,-12.973036],[-70.339141,-12.972875],[-70.33908,-12.972659],[-70.339168,-12.971986],[-70.339088,-12.971313],[-70.339003,-12.97111],[-70.338684,-12.970786],[-70.336851,-12.969423],[-70.336704,-12.969251],[-70.336621,-12.969043],[-70.33665,-12.968592],[-70.336593,-12.968377],[-70.336411,-12.967962],[-70.336202,-12.967559],[-70.336081,-12.967372],[-70.335882,-12.967267],[-70.335659,-12.967245],[-70.335207,-12.967327],[-70.334988,-12.967389],[-70.334804,-12.967515],[-70.334561,-12.967897],[-70.334425,-12.96807],[-70.334217,-12.968154],[-70.333988,-12.968168],[-70.333759,-12.968174],[-70.333533,-12.968133],[-70.333322,-12.968056],[-70.332732,-12.967707],[-70.332516,-12.967643],[-70.332058,-12.967669],[-70.331829,-12.967648],[-70.331602,-12.967616],[-70.330712,-12.967395],[-70.330485,-12.967362],[-70.330257,-12.967343],[-70.329802,-12.967407],[-70.328455,-12.967685],[-70.328228,-12.967687],[-70.328016,-12.967601],[-70.327835,-12.967469],[-70.327012,-12.96668],[-70.326813,-12.966571],[-70.326152,-12.966391],[-70.325994,-12.966237],[-70.325795,-12.965589],[-70.325631,-12.965437],[-70.325197,-12.965295],[-70.325029,-12.965155],[-70.32493,-12.964951],[-70.324981,-12.96473],[-70.32536,-12.963907],[-70.325428,-12.963695],[-70.32545,-12.96347],[-70.325351,-12.963028],[-70.325254,-12.962825],[-70.325115,-12.962656],[-70.324908,-12.96256],[-70.324462,-12.962453],[-70.324269,-12.962336],[-70.323968,-12.961996],[-70.323798,-12.961854],[-70.323578,-12.961808],[-70.323119,-12.9618],[-70.321775,-12.961505],[-70.32155,-12.961465],[-70.320863,-12.961411],[-70.32064,-12.961358],[-70.320144,-12.960892],[-70.319968,-12.960756],[-70.319746,-12.960719],[-70.319521,-12.960766],[-70.319292,-12.96078],[-70.31907,-12.960721],[-70.318519,-12.960326],[-70.318303,-12.960251],[-70.317619,-12.96021],[-70.317426,-12.960096],[-70.317303,-12.959907],[-70.317221,-12.959696],[-70.317111,-12.959505],[-70.316555,-12.959105],[-70.316339,-12.959037],[-70.315423,-12.959002],[-70.314509,-12.959094],[-70.314284,-12.959062],[-70.314109,-12.958937],[-70.313954,-12.958774],[-70.313744,-12.958707],[-70.31353,-12.958782],[-70.313155,-12.959037],[-70.312029,-12.959257],[-70.311803,-12.959283],[-70.311348,-12.959226],[-70.310949,-12.959009],[-70.310675,-12.958646],[-70.310524,-12.958479],[-70.310148,-12.958221],[-70.308687,-12.957566],[-70.308459,-12.957541],[-70.308242,-12.957615],[-70.308069,-12.957754],[-70.307928,-12.95793],[-70.307408,-12.959186],[-70.307295,-12.959382],[-70.307161,-12.959554],[-70.306961,-12.959494],[-70.30691,-12.959291],[-70.307171,-12.958921],[-70.307276,-12.958721],[-70.307346,-12.958507],[-70.307438,-12.958064],[-70.307468,-12.957841],[-70.307464,-12.957615],[-70.307408,-12.957168],[-70.307077,-12.956859],[-70.306255,-12.956457],[-70.306086,-12.956306],[-70.305949,-12.956129],[-70.305868,-12.955919],[-70.305791,-12.95502],[-70.305702,-12.954815],[-70.305172,-12.954381],[-70.305026,-12.954209],[-70.304767,-12.953836],[-70.304616,-12.953668],[-70.30441,-12.953595],[-70.303958,-12.953656],[-70.303738,-12.953623],[-70.303651,-12.953429],[-70.303698,-12.953209],[-70.303977,-12.95285],[-70.304064,-12.952648],[-70.304054,-12.952431],[-70.303886,-12.95201],[-70.30387,-12.951787],[-70.303968,-12.951587],[-70.304669,-12.950419],[-70.304802,-12.94999],[-70.304862,-12.949314],[-70.304903,-12.949092],[-70.305009,-12.948901],[-70.305567,-12.948507],[-70.305671,-12.948306],[-70.30573,-12.947859],[-70.305522,-12.947212],[-70.305442,-12.947001],[-70.304987,-12.946216],[-70.304856,-12.946032],[-70.302044,-12.943051],[-70.301862,-12.942914],[-70.301658,-12.942815],[-70.301227,-12.942661],[-70.300863,-12.942387],[-70.300465,-12.941836],[-70.300246,-12.941439],[-70.300155,-12.941232],[-70.300143,-12.941009],[-70.300197,-12.940789],[-70.300478,-12.939928],[-70.30085,-12.939358],[-70.300839,-12.939135],[-70.30051,-12.93854],[-70.300419,-12.938336],[-70.300476,-12.937661],[-70.300587,-12.937474],[-70.301424,-12.937105],[-70.301623,-12.936992],[-70.301784,-12.936834],[-70.302183,-12.936282],[-70.30234,-12.93612],[-70.302705,-12.935847],[-70.304422,-12.934714],[-70.304628,-12.934615],[-70.305293,-12.934444],[-70.305469,-12.934309],[-70.305939,-12.933815],[-70.306034,-12.933612],[-70.306038,-12.933387],[-70.305966,-12.933176],[-70.305793,-12.93303],[-70.305591,-12.932924],[-70.305364,-12.932901],[-70.304676,-12.932895],[-70.304456,-12.932837],[-70.304099,-12.932554],[-70.303944,-12.932387],[-70.30383,-12.932195],[-70.30383,-12.931969],[-70.304082,-12.931594],[-70.304136,-12.931381],[-70.304052,-12.93118],[-70.303849,-12.931081],[-70.303172,-12.930956],[-70.302962,-12.930867],[-70.302778,-12.93074],[-70.302653,-12.930553],[-70.302299,-12.929719],[-70.302259,-12.929501],[-70.302421,-12.929357],[-70.302629,-12.929424],[-70.302985,-12.929707],[-70.303196,-12.929684],[-70.303245,-12.929472],[-70.303129,-12.929035],[-70.30315,-12.928812],[-70.303323,-12.928667],[-70.30352,-12.928552],[-70.303697,-12.928415],[-70.303794,-12.928214],[-70.303829,-12.927991],[-70.303754,-12.927091],[-70.303623,-12.926908],[-70.302758,-12.926168],[-70.300612,-12.925363],[-70.30039,-12.925308],[-70.300162,-12.92529],[-70.299937,-12.925318],[-70.297063,-12.926111],[-70.296395,-12.926275],[-70.294863,-12.926754],[-70.294239,-12.927038],[-70.292719,-12.928054],[-70.292125,-12.928396],[-70.29169,-12.928538],[-70.290117,-12.928861],[-70.289899,-12.928929],[-70.285604,-12.93053],[-70.285185,-12.930714],[-70.284988,-12.93083],[-70.284809,-12.930969],[-70.283502,-12.932239],[-70.282827,-12.932853],[-70.28252,-12.933188],[-70.282279,-12.933572],[-70.281809,-12.934847],[-70.281605,-12.935251],[-70.281334,-12.935614],[-70.280256,-12.936788],[-70.279895,-12.937065],[-70.278695,-12.937732],[-70.27686,-12.938668],[-70.276655,-12.938768],[-70.276436,-12.938838],[-70.27598,-12.938879],[-70.275756,-12.938831],[-70.275147,-12.938518],[-70.273393,-12.937442],[-70.269855,-12.93534],[-70.269668,-12.935209],[-70.269352,-12.934883],[-70.269093,-12.934511],[-70.267718,-12.931902],[-70.267057,-12.930713],[-70.266914,-12.930537],[-70.266744,-12.930385],[-70.266554,-12.930258],[-70.266339,-12.93018],[-70.266117,-12.930124],[-70.265888,-12.93012],[-70.265661,-12.930155],[-70.265443,-12.930222],[-70.263514,-12.930952],[-70.261825,-12.931664],[-70.258632,-12.932933],[-70.258412,-12.932996],[-70.258188,-12.933042],[-70.257731,-12.933034],[-70.257291,-12.93291],[-70.256922,-12.932647],[-70.256613,-12.932313],[-70.256452,-12.93189],[-70.254663,-12.92534],[-70.253979,-12.92342],[-70.250232,-12.916677],[-70.249798,-12.916151],[-70.249638,-12.91599],[-70.249289,-12.915697],[-70.242979,-12.911991],[-70.241776,-12.91133],[-70.241568,-12.911239],[-70.241116,-12.911161],[-70.238133,-12.91108],[-70.235149,-12.91105],[-70.234704,-12.911162],[-70.234079,-12.911443],[-70.227163,-12.915008],[-70.226726,-12.915145],[-70.215018,-12.915229],[-70.211135,-12.915621],[-70.209988,-12.915628],[-70.193274,-12.914391],[-70.190988,-12.914187],[-70.188936,-12.913948],[-70.186875,-12.914088],[-70.186422,-12.914022],[-70.18557,-12.913684],[-70.185134,-12.913544],[-70.184448,-12.9135],[-70.182842,-12.913491],[-70.178517,-12.912932],[-70.176915,-12.912802],[-70.17187,-12.912551],[-70.16338,-12.91227],[-70.162921,-12.912287],[-70.162695,-12.91232],[-70.158862,-12.913049],[-70.158636,-12.91308],[-70.158406,-12.91308],[-70.158177,-12.913071],[-70.149963,-12.912163],[-70.149505,-12.912167],[-70.148832,-12.912307],[-70.145944,-12.913048],[-70.145271,-12.913193],[-70.14461,-12.913381],[-70.143046,-12.913749],[-70.142822,-12.913789],[-70.142363,-12.91378],[-70.141696,-12.913611],[-70.14016,-12.913145],[-70.139486,-12.913008],[-70.139259,-12.912975],[-70.137427,-12.912847],[-70.135829,-12.91268],[-70.130036,-12.911261],[-70.127813,-12.910697],[-70.127129,-12.910625],[-70.1269,-12.91064],[-70.123824,-12.911559],[-70.119354,-12.913336],[-70.11679,-12.91433],[-70.116574,-12.914401],[-70.116345,-12.914408],[-70.116118,-12.914381],[-70.1159,-12.914318],[-70.115499,-12.914099],[-70.111536,-12.910329],[-70.111025,-12.909874],[-70.110255,-12.909381],[-70.108483,-12.908335],[-70.107678,-12.907899],[-70.107474,-12.907797],[-70.104935,-12.906742],[-70.104122,-12.906323],[-70.103753,-12.906055],[-70.101279,-12.903696],[-70.100716,-12.903307],[-70.099891,-12.902912],[-70.091682,-12.899391],[-70.091459,-12.899338],[-70.091232,-12.899313],[-70.091005,-12.899341],[-70.08991,-12.899682],[-70.085816,-12.901164],[-70.084967,-12.901509],[-70.083467,-12.902077],[-70.083023,-12.90219],[-70.082794,-12.902197],[-70.08234,-12.902139],[-70.081909,-12.901986],[-70.08151,-12.901764],[-70.080168,-12.900892],[-70.079046,-12.900106],[-70.072146,-12.895625],[-70.071524,-12.895335],[-70.069776,-12.89478],[-70.069565,-12.894695],[-70.069373,-12.894571],[-70.069218,-12.894408],[-70.069094,-12.89422],[-70.068808,-12.893603],[-70.068686,-12.893413],[-70.068534,-12.893245],[-70.067972,-12.892853],[-70.066409,-12.891903],[-70.066189,-12.891844],[-70.065961,-12.891823],[-70.065733,-12.891847],[-70.065523,-12.891939],[-70.065331,-12.892059],[-70.061762,-12.894904],[-70.061357,-12.895116],[-70.061136,-12.895176],[-70.060907,-12.895179],[-70.06047,-12.895042],[-70.055573,-12.893097],[-70.050703,-12.891084],[-70.050309,-12.890855],[-70.05013,-12.890714],[-70.049976,-12.890547],[-70.040181,-12.877154],[-70.04003,-12.876987],[-70.03984,-12.876861],[-70.039634,-12.876763],[-70.039416,-12.876699],[-70.039186,-12.876692],[-70.038961,-12.876727],[-70.030945,-12.878709],[-70.030516,-12.878866],[-70.03032,-12.878984],[-70.029982,-12.879288],[-70.027784,-12.882464],[-70.027498,-12.882817],[-70.027003,-12.883288],[-70.025679,-12.884184],[-70.025099,-12.88455],[-70.024486,-12.884858],[-70.02384,-12.885092],[-70.018072,-12.886605],[-70.017429,-12.886847],[-70.017225,-12.886948],[-70.016643,-12.887312],[-70.012477,-12.890125],[-70.011875,-12.890452],[-70.011657,-12.890524],[-70.011207,-12.89061],[-70.010751,-12.890667],[-69.998181,-12.891846],[-69.997722,-12.891868],[-69.997494,-12.891851],[-69.997272,-12.891797],[-69.99685,-12.891621],[-69.993942,-12.889805],[-69.993536,-12.889597],[-69.993321,-12.889517],[-69.993098,-12.889469],[-69.992869,-12.889451],[-69.992412,-12.889488],[-69.991975,-12.889622],[-69.989312,-12.890949],[-69.988297,-12.891476],[-69.988109,-12.891607],[-69.987941,-12.89176],[-69.987709,-12.892147],[-69.987574,-12.892579],[-69.987028,-12.895469],[-69.9869,-12.8959],[-69.986781,-12.896094],[-69.986622,-12.896255],[-69.986436,-12.896387],[-69.986231,-12.896485],[-69.985779,-12.89656],[-69.977974,-12.896513],[-69.977288,-12.896579],[-69.973433,-12.897177],[-69.972975,-12.897204],[-69.972058,-12.897173],[-69.968172,-12.896812],[-69.967484,-12.896791],[-69.963132,-12.897089],[-69.962673,-12.897081],[-69.962216,-12.897042],[-69.961544,-12.896893],[-69.954889,-12.895143],[-69.953989,-12.894965],[-69.951946,-12.894659],[-69.951719,-12.894631],[-69.951262,-12.894666],[-69.951045,-12.894734],[-69.950837,-12.89483],[-69.950645,-12.894953],[-69.944898,-12.899461],[-69.94398,-12.90014],[-69.94359,-12.900377],[-69.943179,-12.900578],[-69.94169,-12.901174],[-69.939753,-12.901882],[-69.935896,-12.903345],[-69.935486,-12.903546],[-69.9353,-12.903678],[-69.934979,-12.904],[-69.934845,-12.904183],[-69.93143,-12.909005],[-69.931141,-12.909356],[-69.930773,-12.909623],[-69.930357,-12.909814],[-69.927279,-12.910725],[-69.927064,-12.910805],[-69.92625,-12.911221],[-69.925693,-12.91162],[-69.924539,-12.91236],[-69.92414,-12.912585],[-69.92371,-12.912743],[-69.923487,-12.912794],[-69.923032,-12.912855],[-69.922803,-12.91286],[-69.922347,-12.912817],[-69.921903,-12.912705],[-69.921483,-12.912524],[-69.921096,-12.912283],[-69.920748,-12.911988],[-69.920448,-12.911647],[-69.919845,-12.910685],[-69.919571,-12.910323],[-69.919414,-12.910158],[-69.91925,-12.91],[-69.917317,-12.9084],[-69.91713,-12.90827],[-69.916525,-12.907947],[-69.91543,-12.907612],[-69.915013,-12.907424],[-69.914634,-12.90717],[-69.913045,-12.905869],[-69.912281,-12.905368],[-69.912081,-12.905259],[-69.911443,-12.905004],[-69.910776,-12.90484],[-69.910321,-12.904778],[-69.908035,-12.904567],[-69.90759,-12.904458],[-69.907152,-12.904321],[-69.903516,-12.902925],[-69.90263,-12.902687],[-69.901722,-12.902556],[-69.901273,-12.902462],[-69.901059,-12.902382],[-69.900859,-12.902271],[-69.900685,-12.902125],[-69.900375,-12.901792],[-69.899545,-12.900709],[-69.898696,-12.89964],[-69.898252,-12.899122],[-69.897779,-12.898629],[-69.896769,-12.897707],[-69.896298,-12.897212],[-69.895752,-12.896486],[-69.895013,-12.895342],[-69.894722,-12.894992],[-69.894388,-12.894682],[-69.894209,-12.894542],[-69.894012,-12.894426],[-69.892784,-12.893814],[-69.892598,-12.893682],[-69.891221,-12.892485],[-69.890848,-12.892221],[-69.887698,-12.890361],[-69.886108,-12.889456],[-69.885279,-12.889069],[-69.882241,-12.888035],[-69.881575,-12.887861],[-69.880901,-12.887726],[-69.87976,-12.887597],[-69.878613,-12.88756],[-69.878154,-12.887569],[-69.876094,-12.887724],[-69.875636,-12.887714],[-69.875412,-12.887668],[-69.874993,-12.887486],[-69.874814,-12.887344],[-69.8745,-12.887015],[-69.874056,-12.886497],[-69.873868,-12.886367],[-69.873667,-12.886258],[-69.873239,-12.886095],[-69.873016,-12.886043],[-69.872559,-12.886031],[-69.872332,-12.886062],[-69.871444,-12.886289],[-69.870573,-12.886578],[-69.865092,-12.888254],[-69.863752,-12.888571],[-69.854327,-12.890576],[-69.849397,-12.89166],[-69.848261,-12.891818],[-69.843465,-12.892313],[-69.84094,-12.892351],[-69.839336,-12.892438],[-69.838878,-12.89241],[-69.838653,-12.892368],[-69.838433,-12.892304],[-69.83801,-12.892128],[-69.835559,-12.890889],[-69.835185,-12.890627],[-69.834859,-12.890309],[-69.831469,-12.886032],[-69.831157,-12.885701],[-69.830824,-12.88539],[-69.829576,-12.884393],[-69.829414,-12.884234],[-69.82928,-12.88405],[-69.829171,-12.883851],[-69.829114,-12.883632],[-69.828896,-12.882293],[-69.828818,-12.88162],[-69.828768,-12.8814],[-69.82868,-12.881194],[-69.828545,-12.881012],[-69.828386,-12.88085],[-69.827462,-12.880179],[-69.82711,-12.879888],[-69.826355,-12.879037],[-69.826007,-12.878743],[-69.825613,-12.878512],[-69.825398,-12.878433],[-69.824951,-12.878336],[-69.822432,-12.878158],[-69.821743,-12.878151],[-69.820136,-12.878186],[-69.81899,-12.878248],[-69.818532,-12.878234],[-69.818077,-12.878174],[-69.817413,-12.877995],[-69.816993,-12.877813],[-69.816409,-12.877456],[-69.816071,-12.877151],[-69.814684,-12.875643],[-69.814521,-12.875484],[-69.814158,-12.875207],[-69.81397,-12.875077],[-69.813355,-12.874774],[-69.813142,-12.874691],[-69.812697,-12.874579],[-69.812013,-12.874506],[-69.811783,-12.874501],[-69.811326,-12.874539],[-69.810877,-12.874632],[-69.81001,-12.87493],[-69.809785,-12.87497],[-69.809556,-12.874961],[-69.80933,-12.874926],[-69.809115,-12.874846],[-69.808341,-12.874361],[-69.808136,-12.874259],[-69.807912,-12.874212],[-69.807683,-12.874201],[-69.807234,-12.874297],[-69.805144,-12.87523],[-69.804713,-12.875387],[-69.804259,-12.875444],[-69.80334,-12.87545],[-69.802654,-12.875506],[-69.800638,-12.875949],[-69.798829,-12.876261],[-69.79816,-12.87642],[-69.797725,-12.876565],[-69.794181,-12.878174],[-69.793153,-12.878679],[-69.791674,-12.879296],[-69.790639,-12.879785],[-69.787093,-12.881391],[-69.786663,-12.88155],[-69.786221,-12.881667],[-69.785535,-12.88173],[-69.779118,-12.881349],[-69.777745,-12.881243],[-69.77133,-12.880834],[-69.767891,-12.880644],[-69.76033,-12.880166],[-69.75735,-12.880012],[-69.751853,-12.87963],[-69.737419,-12.878711],[-69.735355,-12.878611],[-69.733523,-12.878477],[-69.731689,-12.878399],[-69.730555,-12.878221],[-69.729653,-12.878051],[-69.727642,-12.877584],[-69.72607,-12.877252],[-69.723167,-12.876571],[-69.720477,-12.875983],[-69.719812,-12.875806],[-69.718734,-12.87542],[-69.707863,-12.871135],[-69.705577,-12.870078],[-69.702613,-12.868853],[-69.701779,-12.868474],[-69.699446,-12.867523],[-69.698589,-12.867197],[-69.696841,-12.866643],[-69.696197,-12.866404],[-69.695784,-12.866206],[-69.694433,-12.86535],[-69.69401,-12.865175],[-69.69224,-12.864694],[-69.691583,-12.864491],[-69.690973,-12.864177],[-69.690785,-12.864047],[-69.690441,-12.863749],[-69.690155,-12.863397],[-69.685374,-12.85621],[-69.677559,-12.845038],[-69.674979,-12.841298],[-69.668743,-12.83235],[-69.665342,-12.827519],[-69.655251,-12.81295],[-69.654967,-12.812596],[-69.654624,-12.812296],[-69.654438,-12.812164],[-69.648968,-12.808839],[-69.648161,-12.808407],[-69.647537,-12.80812],[-69.64648,-12.807681],[-69.645874,-12.807358],[-69.645494,-12.807106],[-69.644045,-12.805994],[-69.643104,-12.805347],[-69.634063,-12.799971],[-69.631718,-12.798547],[-69.630531,-12.797858],[-69.627605,-12.79607],[-69.625442,-12.794787],[-69.612952,-12.787164],[-69.612547,-12.78695],[-69.611921,-12.786669],[-69.606141,-12.784462],[-69.604439,-12.783782],[-69.60235,-12.782844],[-69.599663,-12.781564],[-69.597792,-12.7807],[-69.595945,-12.779789],[-69.590524,-12.776828],[-69.589348,-12.776121],[-69.586546,-12.77457],[-69.584783,-12.77351],[-69.575368,-12.767445],[-69.57404,-12.766554],[-69.572362,-12.765367],[-69.569154,-12.763177],[-69.568143,-12.762642],[-69.560448,-12.759098],[-69.55985,-12.758763],[-69.559317,-12.758335],[-69.555327,-12.754592],[-69.553527,-12.752849],[-69.553245,-12.752492],[-69.552895,-12.751908],[-69.551011,-12.748034],[-69.550734,-12.747676],[-69.550566,-12.747521],[-69.550384,-12.747385],[-69.550184,-12.747276],[-69.530331,-12.738381],[-69.523041,-12.735051],[-69.515169,-12.731345],[-69.503188,-12.725622],[-69.489882,-12.720036],[-69.489031,-12.719697],[-69.487287,-12.71913],[-69.480691,-12.717175],[-69.477622,-12.716237],[-69.456914,-12.708803],[-69.444988,-12.704713],[-69.425405,-12.697542],[-69.417463,-12.694574],[-69.415069,-12.693782],[-69.41227,-12.692762],[-69.410775,-12.692182],[-69.406025,-12.69049],[-69.400862,-12.688593],[-69.399345,-12.688071],[-69.396765,-12.687118],[-69.39245,-12.685573],[-69.390743,-12.684904],[-69.387093,-12.683543],[-69.377152,-12.680031],[-69.375221,-12.679306],[-69.372403,-12.67834],[-69.36938,-12.677263],[-69.362271,-12.674683],[-69.35816,-12.673244],[-69.354708,-12.672008],[-69.348214,-12.669748],[-69.342189,-12.66754],[-69.330322,-12.663287],[-69.327074,-12.66216],[-69.324489,-12.661222],[-69.321064,-12.659914],[-69.315224,-12.657866],[-69.312421,-12.656857],[-69.307216,-12.655076],[-69.304417,-12.654055],[-69.300082,-12.652563],[-69.296814,-12.651494],[-69.287729,-12.64831],[-69.275598,-12.644114],[-69.273878,-12.643482],[-69.270842,-12.642442],[-69.270181,-12.642251],[-69.269956,-12.642206],[-69.268591,-12.642025],[-69.268139,-12.641947],[-69.267694,-12.641836],[-69.26685,-12.64148],[-69.264828,-12.640411],[-69.264407,-12.640229],[-69.263546,-12.639916],[-69.261544,-12.639411],[-69.26065,-12.639209],[-69.259995,-12.639],[-69.259796,-12.63889],[-69.259623,-12.638743],[-69.259476,-12.638569],[-69.259376,-12.63837],[-69.259318,-12.638151],[-69.259301,-12.637926],[-69.259401,-12.637487],[-69.259566,-12.637065],[-69.259849,-12.636447],[-69.260167,-12.635599],[-69.260304,-12.634705],[-69.260309,-12.634254],[-69.260252,-12.633805],[-69.259977,-12.632246],[-69.259836,-12.631582],[-69.259755,-12.631375],[-69.259605,-12.631206],[-69.259414,-12.631085],[-69.257263,-12.630295],[-69.256634,-12.630017],[-69.256062,-12.629642],[-69.253538,-12.627683],[-69.252477,-12.626819],[-69.25067,-12.625423],[-69.250182,-12.624946],[-69.249773,-12.624401],[-69.24965,-12.62421],[-69.247458,-12.620237],[-69.246774,-12.619059],[-69.244139,-12.614294],[-69.242,-12.61055],[-69.241272,-12.60914],[-69.241085,-12.608488],[-69.240901,-12.607603],[-69.240853,-12.606926],[-69.240698,-12.603538],[-69.240645,-12.60309],[-69.240531,-12.602652],[-69.240373,-12.602228],[-69.240269,-12.602027],[-69.240024,-12.601645],[-69.239898,-12.601456],[-69.239746,-12.601286],[-69.239585,-12.601126],[-69.234185,-12.596562],[-69.233991,-12.596441],[-69.230852,-12.595046],[-69.225594,-12.592779],[-69.224349,-12.592199],[-69.221747,-12.590342],[-69.218988,-12.588312],[-69.215813,-12.586077],[-69.215096,-12.585512],[-69.213759,-12.584634],[-69.213556,-12.584532],[-69.213127,-12.584372],[-69.210521,-12.583491],[-69.209446,-12.583094],[-69.209247,-12.582984],[-69.207134,-12.581622],[-69.206936,-12.581508],[-69.20651,-12.58134],[-69.20492,-12.581113],[-69.203797,-12.580877],[-69.202886,-12.580769],[-69.202429,-12.580792],[-69.20064,-12.581197],[-69.200555,-12.581018],[-69.200437,-12.580581],[-69.200271,-12.579692],[-69.20001,-12.578591],[-69.20005,-12.578423],[-69.200273,-12.57837],[-69.200033,-12.578431],[-69.200095,-12.578864],[-69.200455,-12.580637],[-69.200573,-12.581073],[-69.200507,-12.581216],[-69.199386,-12.581459],[-69.19511,-12.582305],[-69.194001,-12.582596],[-69.193583,-12.582779],[-69.193363,-12.582791],[-69.192895,-12.583282],[-69.192213,-12.583887],[-69.191889,-12.584208],[-69.188133,-12.587534],[-69.185598,-12.589829],[-69.185223,-12.590079],[-69.178748,-12.595836],[-69.178582,-12.595908],[-69.177198,-12.594397],[-69.176397,-12.593587],[-69.175938,-12.593082],[-69.175703,-12.592708],[-69.17471,-12.591465],[-69.169705,-12.586169],[-69.169576,-12.585983],[-69.169515,-12.585767],[-69.169549,-12.585545],[-69.169644,-12.585341],[-69.17152,-12.582231],[-69.172956,-12.579915],[-69.174683,-12.576982],[-69.174857,-12.576564],[-69.174911,-12.576344],[-69.174949,-12.575895],[-69.17493,-12.57567],[-69.174842,-12.575227],[-69.174765,-12.575013],[-69.174553,-12.574613],[-69.173816,-12.573748],[-69.171945,-12.571756],[-69.171296,-12.571116],[-69.169115,-12.56911],[-69.167958,-12.568011],[-69.167648,-12.567679],[-69.167411,-12.567291],[-69.167314,-12.567087],[-69.166953,-12.565779],[-69.166865,-12.56557],[-69.166628,-12.565184],[-69.16633,-12.56484],[-69.166165,-12.564684],[-69.165095,-12.56383],[-69.161626,-12.560866],[-69.16074,-12.560148],[-69.160346,-12.559918],[-69.159917,-12.559758],[-69.15564,-12.558916],[-69.154972,-12.558752],[-69.154753,-12.558683],[-69.154331,-12.558507],[-69.153344,-12.55793],[-69.150614,-12.556259],[-69.147923,-12.554528],[-69.147363,-12.554132],[-69.14719,-12.553985],[-69.146885,-12.553648],[-69.146643,-12.553265],[-69.145418,-12.550585],[-69.144325,-12.548094],[-69.143478,-12.546238],[-69.143308,-12.545818],[-69.143185,-12.545383],[-69.143114,-12.544937],[-69.142889,-12.5411],[-69.142828,-12.540652],[-69.142736,-12.540209],[-69.14267,-12.539993],[-69.137949,-12.52749],[-69.136863,-12.524753],[-69.135694,-12.521563],[-69.135637,-12.521344],[-69.13561,-12.520894],[-69.135642,-12.52067],[-69.135843,-12.520022],[-69.138124,-12.513862],[-69.138256,-12.513429],[-69.138296,-12.513207],[-69.13832,-12.512983],[-69.1383,-12.512531],[-69.137622,-12.506691],[-69.137525,-12.50602],[-69.137505,-12.505569],[-69.137592,-12.505126],[-69.137687,-12.50492],[-69.137973,-12.504567],[-69.144291,-12.498319],[-69.144438,-12.498146],[-69.144669,-12.497757],[-69.144744,-12.497544],[-69.144782,-12.497321],[-69.144869,-12.495062],[-69.144846,-12.494611],[-69.144814,-12.494387],[-69.144668,-12.493959],[-69.144454,-12.49356],[-69.143484,-12.492024],[-69.142804,-12.490844],[-69.142208,-12.489878],[-69.141942,-12.489254],[-69.141827,-12.488816],[-69.140304,-12.475562],[-69.139699,-12.469714],[-69.139141,-12.46182],[-69.139068,-12.461375],[-69.138966,-12.461173],[-69.138831,-12.460991],[-69.138661,-12.460841],[-69.128972,-12.454366],[-69.128632,-12.454063],[-69.128497,-12.453883],[-69.128403,-12.453678],[-69.128356,-12.453456],[-69.128356,-12.453231],[-69.128386,-12.453008],[-69.129953,-12.446403],[-69.13072,-12.443562],[-69.132109,-12.438078],[-69.132694,-12.435892],[-69.134477,-12.428641],[-69.138121,-12.413458],[-69.139228,-12.407912],[-69.13996,-12.404367],[-69.141396,-12.396122],[-69.14185,-12.39437],[-69.143409,-12.389165],[-69.14508,-12.384233],[-69.146573,-12.379956],[-69.146744,-12.379537],[-69.14703,-12.378678],[-69.159062,-12.345217],[-69.161084,-12.339447],[-69.163615,-12.331936],[-69.166112,-12.324415],[-69.168999,-12.316307],[-69.17159,-12.308816],[-69.172912,-12.304251],[-69.17298,-12.303805],[-69.172969,-12.30358],[-69.17292,-12.30336],[-69.172825,-12.303153],[-69.171678,-12.301743],[-69.163903,-12.292525],[-69.1599,-12.287864],[-69.158291,-12.285947],[-69.156058,-12.283365],[-69.155729,-12.283051],[-69.155538,-12.282927],[-69.15533,-12.282832],[-69.152059,-12.281772],[-69.151844,-12.281693],[-69.151662,-12.281562],[-69.151638,-12.281341],[-69.152126,-12.279834],[-69.152237,-12.279396],[-69.15229,-12.278947],[-69.152294,-12.278495],[-69.152418,-12.276918],[-69.152396,-12.276693],[-69.152339,-12.276475],[-69.152244,-12.276269],[-69.151789,-12.275484],[-69.151238,-12.273998],[-69.150935,-12.272908],[-69.14883,-12.266212],[-69.148678,-12.265551],[-69.148579,-12.26488],[-69.147558,-12.254529],[-69.14696,-12.24959],[-69.146693,-12.247117],[-69.146019,-12.240366],[-69.145932,-12.239693],[-69.145821,-12.239256],[-69.145649,-12.238837],[-69.14488,-12.237448],[-69.134966,-12.220111],[-69.131328,-12.213567],[-69.128605,-12.208849],[-69.124571,-12.201745],[-69.12298,-12.198995],[-69.122149,-12.19764],[-69.120772,-12.195555],[-69.119976,-12.194448],[-69.115908,-12.188975],[-69.115793,-12.188779],[-69.11571,-12.188569],[-69.115675,-12.188346],[-69.115685,-12.188121],[-69.115786,-12.187451],[-69.115773,-12.187226],[-69.115714,-12.187008],[-69.115596,-12.186815],[-69.11492,-12.186205],[-69.114551,-12.185936],[-69.113411,-12.185174],[-69.113247,-12.185017],[-69.113116,-12.184832],[-69.113012,-12.184631],[-69.112957,-12.184414],[-69.112948,-12.183963],[-69.113844,-12.176782],[-69.115153,-12.166918],[-69.116645,-12.156166],[-69.116899,-12.154146],[-69.118106,-12.145181],[-69.118838,-12.140031],[-69.11991,-12.13356],[-69.121423,-12.125098],[-69.121941,-12.121974],[-69.122081,-12.12131],[-69.122099,-12.121086],[-69.122046,-12.120867],[-69.121912,-12.120686],[-69.121728,-12.120553],[-69.119374,-12.119143],[-69.118799,-12.11877],[-69.117626,-12.118058],[-69.117448,-12.117918],[-69.117306,-12.117741],[-69.117206,-12.117539],[-69.11716,-12.117318],[-69.117176,-12.116868],[-69.117302,-12.115745],[-69.11744,-12.114168],[-69.117584,-12.113046],[-69.117851,-12.110573],[-69.117968,-12.108768],[-69.118779,-12.086173],[-69.119056,-12.082339],[-69.119277,-12.079862],[-69.119615,-12.075352],[-69.120092,-12.069719],[-69.120173,-12.069275],[-69.120236,-12.069058],[-69.120303,-12.068841],[-69.120491,-12.068429],[-69.120719,-12.068037],[-69.120861,-12.067859],[-69.121013,-12.06769],[-69.121353,-12.067387],[-69.121724,-12.067121],[-69.125059,-12.065125],[-69.128824,-12.062954],[-69.129187,-12.062679],[-69.12933,-12.062504],[-69.129431,-12.062302],[-69.129497,-12.062086],[-69.129851,-12.059624],[-69.130618,-12.053567],[-69.130967,-12.051104],[-69.131351,-12.047961],[-69.131854,-12.044378],[-69.132789,-12.036973],[-69.134378,-12.025093],[-69.135663,-12.016138],[-69.135963,-12.013669],[-69.136332,-12.011209],[-69.136532,-12.010096],[-69.137414,-12.003597],[-69.137629,-12.002257],[-69.138323,-11.99733],[-69.138482,-11.995983],[-69.138822,-11.993518],[-69.13885,-11.993067],[-69.138812,-11.992617],[-69.138638,-11.991501],[-69.138131,-11.989296],[-69.137639,-11.986856],[-69.13722,-11.985095],[-69.13592,-11.978895],[-69.134354,-11.971596],[-69.133574,-11.96783],[-69.13259,-11.963413],[-69.132363,-11.962305],[-69.132119,-11.961433],[-69.131866,-11.96033],[-69.131283,-11.957448],[-69.130862,-11.955225],[-69.130623,-11.954119],[-69.130097,-11.951919],[-69.129155,-11.948189],[-69.128831,-11.947104],[-69.128445,-11.945568],[-69.128308,-11.945137],[-69.12812,-11.944724],[-69.127759,-11.944148],[-69.12746,-11.943806],[-69.127127,-11.943494],[-69.125517,-11.942219],[-69.123158,-11.940419],[-69.121363,-11.939009],[-69.121034,-11.938695],[-69.120905,-11.938508],[-69.120815,-11.938301],[-69.120762,-11.938081],[-69.12046,-11.935612],[-69.120396,-11.935397],[-69.120276,-11.935205],[-69.119956,-11.934883],[-69.117966,-11.933353],[-69.117834,-11.933169],[-69.117744,-11.932964],[-69.117613,-11.932069],[-69.117562,-11.931848],[-69.116827,-11.929469],[-69.116667,-11.92881],[-69.11661,-11.928362],[-69.116631,-11.92814],[-69.116705,-11.927925],[-69.12241,-11.920553],[-69.122632,-11.920159],[-69.122711,-11.919946],[-69.122822,-11.919508],[-69.122847,-11.919058],[-69.1228,-11.918609],[-69.122467,-11.91683],[-69.121703,-11.913523],[-69.120928,-11.910451],[-69.120466,-11.908006],[-69.120035,-11.906248],[-69.118849,-11.899567],[-69.11752,-11.892681],[-69.117446,-11.892235],[-69.117438,-11.892011],[-69.117461,-11.891786],[-69.117516,-11.891567],[-69.117693,-11.891151],[-69.117819,-11.890962],[-69.118132,-11.890635],[-69.118316,-11.8905],[-69.118732,-11.890309],[-69.127737,-11.885801],[-69.128113,-11.885542],[-69.128457,-11.885242],[-69.128607,-11.885071],[-69.128754,-11.884897],[-69.129081,-11.884301],[-69.129254,-11.883883],[-69.129363,-11.883443],[-69.130802,-11.874511],[-69.130935,-11.874079],[-69.131108,-11.873661],[-69.131215,-11.873461],[-69.131471,-11.873086],[-69.131785,-11.872758],[-69.131962,-11.872613],[-69.132142,-11.872473],[-69.132715,-11.872097],[-69.140122,-11.867558],[-69.141262,-11.866798],[-69.141582,-11.866473],[-69.15507,-11.849593],[-69.16794,-11.833965],[-69.170271,-11.831168],[-69.171995,-11.829052],[-69.173459,-11.82731],[-69.174023,-11.826597],[-69.17549,-11.824857],[-69.175766,-11.824496],[-69.176001,-11.824108],[-69.176296,-11.823496],[-69.179086,-11.816317],[-69.180436,-11.81271],[-69.18203,-11.808711],[-69.183568,-11.804692],[-69.184409,-11.802588],[-69.184636,-11.801947],[-69.184748,-11.801509],[-69.184811,-11.801062],[-69.185011,-11.789533],[-69.185069,-11.787272],[-69.185081,-11.785464],[-69.185151,-11.782978],[-69.185171,-11.780717],[-69.185219,-11.779135],[-69.185252,-11.775744],[-69.185309,-11.772579],[-69.185379,-11.770545],[-69.185351,-11.769415],[-69.18543,-11.767155],[-69.185421,-11.765799],[-69.18545,-11.763312],[-69.185505,-11.761957],[-69.185472,-11.761507],[-69.185382,-11.761064],[-69.185228,-11.760639],[-69.184996,-11.76025],[-69.184574,-11.759715],[-69.183888,-11.759114],[-69.182114,-11.757678],[-69.178801,-11.754883],[-69.177559,-11.753879],[-69.175639,-11.752263],[-69.174104,-11.750901],[-69.171987,-11.749165],[-69.171718,-11.7488],[-69.171501,-11.748401],[-69.171346,-11.747741],[-69.171311,-11.74729],[-69.171396,-11.745936],[-69.1714,-11.744354],[-69.171427,-11.743224],[-69.1715,-11.741643],[-69.17151,-11.740738],[-69.171475,-11.739609],[-69.171513,-11.738253],[-69.171564,-11.73735],[-69.17157,-11.735993],[-69.171671,-11.733282],[-69.171776,-11.728762],[-69.171848,-11.728087],[-69.172012,-11.727198],[-69.172576,-11.724773],[-69.17286,-11.723446],[-69.172998,-11.723016],[-69.173092,-11.722809],[-69.173327,-11.722421],[-69.173469,-11.722245],[-69.17683,-11.719164],[-69.177767,-11.71817],[-69.187334,-11.706598],[-69.187804,-11.706103],[-69.187982,-11.705961],[-69.18837,-11.705721],[-69.199204,-11.70078],[-69.199603,-11.700557],[-69.199981,-11.700301],[-69.200505,-11.699861],[-69.200974,-11.699364],[-69.205927,-11.692567],[-69.211314,-11.685243],[-69.211819,-11.684488],[-69.212351,-11.683486],[-69.212601,-11.682855],[-69.215194,-11.67418],[-69.215356,-11.673757],[-69.215458,-11.673554],[-69.21572,-11.673184],[-69.215875,-11.673018],[-69.216212,-11.672711],[-69.219523,-11.669914],[-69.220076,-11.669509],[-69.220458,-11.66926],[-69.221275,-11.668847],[-69.232313,-11.663803],[-69.232722,-11.663597],[-69.233115,-11.663364],[-69.233476,-11.663085],[-69.233803,-11.662769],[-69.238215,-11.657561],[-69.238929,-11.656675],[-69.239475,-11.655949],[-69.241261,-11.653317],[-69.241533,-11.652952],[-69.241645,-11.652756],[-69.241793,-11.65233],[-69.241831,-11.652107],[-69.241835,-11.651655],[-69.241489,-11.6476],[-69.241478,-11.646922],[-69.241595,-11.646255],[-69.242047,-11.644502],[-69.242836,-11.641667],[-69.243064,-11.641028],[-69.243164,-11.640825],[-69.243291,-11.640636],[-69.243428,-11.640456],[-69.24374,-11.640124],[-69.251024,-11.633231],[-69.251439,-11.632691],[-69.251654,-11.632291],[-69.258044,-11.616545],[-69.259377,-11.613174],[-69.259982,-11.611708],[-69.260195,-11.611064],[-69.260312,-11.610626],[-69.260943,-11.607292],[-69.261099,-11.606632],[-69.261245,-11.606203],[-69.261435,-11.605792],[-69.261548,-11.605596],[-69.261812,-11.605226],[-69.262283,-11.604732],[-69.268104,-11.599276],[-69.271124,-11.596499],[-69.271946,-11.59571],[-69.274737,-11.592708],[-69.275223,-11.592229],[-69.275525,-11.591888],[-69.276011,-11.591121],[-69.276327,-11.590519],[-69.277386,-11.588261],[-69.277595,-11.587858],[-69.27785,-11.587483],[-69.27815,-11.587141],[-69.280777,-11.584612],[-69.282535,-11.582827],[-69.283365,-11.582046],[-69.288896,-11.576621],[-69.290171,-11.57532],[-69.290739,-11.57461],[-69.291695,-11.573066],[-69.293216,-11.570537],[-69.29331,-11.570331],[-69.293435,-11.569897],[-69.293467,-11.569448],[-69.293413,-11.569],[-69.29326,-11.568575],[-69.292945,-11.567972],[-69.290867,-11.564454],[-69.287793,-11.559153],[-69.287642,-11.558728],[-69.287594,-11.558279],[-69.287607,-11.558054],[-69.287751,-11.557391],[-69.290641,-11.547153],[-69.292808,-11.539299],[-69.293777,-11.536044],[-69.294174,-11.534511],[-69.295476,-11.529939],[-69.295517,-11.529717],[-69.29555,-11.529493],[-69.29557,-11.529041],[-69.295551,-11.525876],[-69.295504,-11.525428],[-69.295444,-11.52521],[-69.295279,-11.524788],[-69.293891,-11.521933],[-69.29374,-11.521506],[-69.2937,-11.521057],[-69.29373,-11.520834],[-69.29379,-11.520616],[-69.294308,-11.51936],[-69.297125,-11.512923],[-69.298348,-11.510242],[-69.300985,-11.504717],[-69.30121,-11.504077],[-69.301547,-11.502299],[-69.30167,-11.501865],[-69.301765,-11.501659],[-69.302009,-11.501277],[-69.302313,-11.500939],[-69.304627,-11.499084],[-69.304962,-11.498774],[-69.30527,-11.49844],[-69.305626,-11.49786],[-69.308111,-11.493017],[-69.30853,-11.491965],[-69.310469,-11.484986],[-69.310563,-11.484544],[-69.31058,-11.484093],[-69.310555,-11.483868],[-69.30994,-11.480992],[-69.309799,-11.480563],[-69.30967,-11.480379],[-69.3095,-11.480229],[-69.308706,-11.479775],[-69.308525,-11.479638],[-69.308365,-11.479476],[-69.308256,-11.479278],[-69.308179,-11.479065],[-69.307522,-11.476899],[-69.307431,-11.476691],[-69.307309,-11.476499],[-69.307161,-11.476327],[-69.306825,-11.476019],[-69.305171,-11.4748],[-69.305,-11.47465],[-69.304706,-11.474304],[-69.304587,-11.474111],[-69.304498,-11.473902],[-69.303794,-11.471281],[-69.303785,-11.471055],[-69.303821,-11.470833],[-69.303965,-11.470405],[-69.304078,-11.470208],[-69.304221,-11.470031],[-69.306061,-11.468329],[-69.306208,-11.468156],[-69.306323,-11.467961],[-69.306392,-11.467745],[-69.306409,-11.46752],[-69.30632,-11.463225],[-69.30632,-11.460286],[-69.306271,-11.456895],[-69.306319,-11.456446],[-69.306396,-11.456233],[-69.306487,-11.456026],[-69.306735,-11.455647],[-69.307072,-11.455342],[-69.307261,-11.455213],[-69.308663,-11.454439],[-69.309077,-11.454247],[-69.309294,-11.454172],[-69.309965,-11.454019],[-69.312907,-11.453524],[-69.313594,-11.45348],[-69.314053,-11.45349],[-69.31772,-11.453704],[-69.321389,-11.453885],[-69.321846,-11.453859],[-69.322069,-11.453807],[-69.32228,-11.45372],[-69.322473,-11.453598],[-69.322646,-11.453452],[-69.322773,-11.453264],[-69.322973,-11.452859],[-69.32359,-11.450917],[-69.323675,-11.450709],[-69.323939,-11.450339],[-69.324229,-11.449989],[-69.333203,-11.440608],[-69.34193,-11.431621],[-69.34572,-11.427682],[-69.346055,-11.427373],[-69.346435,-11.42712],[-69.346641,-11.42702],[-69.346851,-11.426932],[-69.347297,-11.426825],[-69.347524,-11.426797],[-69.347983,-11.426781],[-69.353952,-11.426854],[-69.359458,-11.427064],[-69.364504,-11.427285],[-69.37162,-11.427409],[-69.373915,-11.427477],[-69.374374,-11.42746],[-69.375041,-11.427297],[-69.375462,-11.427117],[-69.376051,-11.426767],[-69.382682,-11.422298],[-69.388162,-11.418574],[-69.390405,-11.416997],[-69.391735,-11.41611],[-69.39251,-11.415623],[-69.393112,-11.415294],[-69.400696,-11.411527],[-69.405435,-11.409231],[-69.406437,-11.40868],[-69.408727,-11.407173],[-69.409128,-11.406952],[-69.409556,-11.406792],[-69.409997,-11.406667],[-69.412896,-11.405966],[-69.42027,-11.404254],[-69.422063,-11.403861],[-69.426303,-11.402855],[-69.42653,-11.40282],[-69.426988,-11.402801],[-69.427445,-11.402843],[-69.428797,-11.403103],[-69.431961,-11.403659],[-69.432417,-11.403703],[-69.432876,-11.403694],[-69.433332,-11.403641],[-69.433778,-11.403537],[-69.43906,-11.401992],[-69.439508,-11.40189],[-69.440194,-11.401842],[-69.440652,-11.401869],[-69.448161,-11.402866],[-69.448846,-11.402938],[-69.451823,-11.403148],[-69.452051,-11.403173],[-69.452499,-11.403271],[-69.453157,-11.403469],[-69.455284,-11.40432],[-69.456125,-11.404683],[-69.457111,-11.405261],[-69.459569,-11.406928],[-69.459967,-11.407153],[-69.46039,-11.407327],[-69.46061,-11.407392],[-69.46106,-11.407482],[-69.461288,-11.407502],[-69.46862,-11.407972],[-69.469767,-11.408009],[-69.472063,-11.408],[-69.472287,-11.408045],[-69.472502,-11.408125],[-69.472709,-11.408222],[-69.472901,-11.408344],[-69.473749,-11.409106],[-69.473924,-11.409251],[-69.474121,-11.409365],[-69.474337,-11.409438],[-69.474565,-11.40945],[-69.474792,-11.409418],[-69.475001,-11.409328],[-69.475194,-11.409205],[-69.479489,-11.406181],[-69.479898,-11.405976],[-69.480113,-11.405899],[-69.481229,-11.40564],[-69.483386,-11.404349],[-69.48415,-11.403848],[-69.484742,-11.403501],[-69.485759,-11.402978],[-69.487342,-11.40206],[-69.488096,-11.401545],[-69.489085,-11.40097],[-69.489273,-11.400841],[-69.49039,-11.400047],[-69.490559,-11.399896],[-69.490698,-11.399719],[-69.490791,-11.399513],[-69.492098,-11.392853],[-69.492121,-11.392629],[-69.49216,-11.388107],[-69.492256,-11.387208],[-69.492403,-11.386316],[-69.49241,-11.385864],[-69.492337,-11.385419],[-69.492269,-11.385203],[-69.492085,-11.384789],[-69.491968,-11.384595],[-69.491833,-11.384412],[-69.486584,-11.378125],[-69.486346,-11.37774],[-69.486255,-11.377532],[-69.486191,-11.377315],[-69.486126,-11.376869],[-69.486162,-11.375965],[-69.48639,-11.373035],[-69.486897,-11.367859],[-69.486997,-11.367188],[-69.487133,-11.366523],[-69.487724,-11.364339],[-69.487929,-11.363936],[-69.488211,-11.36358],[-69.490601,-11.361463],[-69.491648,-11.360582],[-69.492606,-11.359959],[-69.492783,-11.359816],[-69.493226,-11.359298],[-69.493865,-11.358098],[-69.494013,-11.357925],[-69.494182,-11.357774],[-69.494377,-11.357657],[-69.494592,-11.357579],[-69.496176,-11.357321],[-69.496399,-11.357265],[-69.496603,-11.357163],[-69.496788,-11.35703],[-69.496935,-11.356857],[-69.497058,-11.356666],[-69.497735,-11.355484],[-69.499603,-11.35211],[-69.499857,-11.351733],[-69.500004,-11.35156],[-69.500177,-11.351412],[-69.500556,-11.351158],[-69.502206,-11.350365],[-69.502639,-11.350217],[-69.502866,-11.350182],[-69.503323,-11.350217],[-69.504905,-11.350495],[-69.505362,-11.350539],[-69.505815,-11.350472],[-69.506032,-11.350399],[-69.506225,-11.350283],[-69.50798,-11.348826],[-69.508152,-11.348676],[-69.508303,-11.348507],[-69.508434,-11.348321],[-69.508539,-11.348121],[-69.514209,-11.334527],[-69.515931,-11.330335],[-69.516085,-11.329674],[-69.516848,-11.324072],[-69.517513,-11.319827],[-69.518323,-11.315376],[-69.518571,-11.314506],[-69.520576,-11.308491],[-69.520741,-11.308069],[-69.521076,-11.307477],[-69.521353,-11.307117],[-69.523398,-11.304976],[-69.523981,-11.304279],[-69.524773,-11.302902],[-69.524905,-11.30247],[-69.524975,-11.302025],[-69.525076,-11.298861],[-69.525034,-11.298185],[-69.524974,-11.297968],[-69.524797,-11.29755],[-69.524482,-11.296947],[-69.52233,-11.293211],[-69.522132,-11.292804],[-69.522005,-11.29237],[-69.521962,-11.291921],[-69.522208,-11.288765],[-69.522196,-11.28854],[-69.522153,-11.288318],[-69.522006,-11.287891],[-69.520613,-11.285817],[-69.520426,-11.285405],[-69.520316,-11.284967],[-69.520255,-11.284519],[-69.520251,-11.284293],[-69.52028,-11.280676],[-69.520351,-11.28023],[-69.520436,-11.280021],[-69.520653,-11.279623],[-69.5214,-11.278484],[-69.521845,-11.277967],[-69.523644,-11.276222],[-69.523948,-11.275883],[-69.524299,-11.275301],[-69.524809,-11.2738],[-69.526793,-11.267541],[-69.526996,-11.267136],[-69.527117,-11.266944],[-69.527395,-11.266584],[-69.530608,-11.262746],[-69.530749,-11.262568],[-69.530866,-11.262374],[-69.530966,-11.26217],[-69.531034,-11.261955],[-69.531074,-11.261732],[-69.53122,-11.258571],[-69.531255,-11.258348],[-69.531404,-11.257922],[-69.531534,-11.257736],[-69.532163,-11.257078],[-69.535415,-11.253886],[-69.535784,-11.253616],[-69.536184,-11.253396],[-69.536395,-11.253306],[-69.536615,-11.253243],[-69.539099,-11.252797],[-69.539531,-11.252646],[-69.539731,-11.252535],[-69.539906,-11.252389],[-69.540209,-11.252051],[-69.540393,-11.251637],[-69.54141,-11.248161],[-69.541509,-11.247956],[-69.541728,-11.247559],[-69.54199,-11.247188],[-69.542904,-11.246174],[-69.543028,-11.245984],[-69.543097,-11.245768],[-69.543104,-11.245543],[-69.543064,-11.245321],[-69.542977,-11.245116],[-69.542838,-11.244936],[-69.541579,-11.243619],[-69.541325,-11.243243],[-69.541221,-11.243042],[-69.541154,-11.242826],[-69.54108,-11.242381],[-69.54108,-11.241251],[-69.541053,-11.240799],[-69.541021,-11.240575],[-69.540909,-11.240137],[-69.5394,-11.236593],[-69.538366,-11.234078],[-69.538137,-11.233439],[-69.53808,-11.23322],[-69.538063,-11.232995],[-69.538102,-11.232546],[-69.538217,-11.232109],[-69.538299,-11.231898],[-69.538611,-11.231293],[-69.539065,-11.230507],[-69.542494,-11.224887],[-69.542711,-11.224488],[-69.542864,-11.224063],[-69.542938,-11.223617],[-69.542945,-11.223392],[-69.542898,-11.222942],[-69.542732,-11.221824],[-69.542717,-11.221373],[-69.542814,-11.220933],[-69.543001,-11.220521],[-69.543248,-11.22014],[-69.546072,-11.216575],[-69.546236,-11.216417],[-69.546419,-11.216282],[-69.546621,-11.216176],[-69.546837,-11.216103],[-69.547063,-11.21607],[-69.547293,-11.216071],[-69.547519,-11.216108],[-69.548609,-11.216463],[-69.549061,-11.216541],[-69.54929,-11.216555],[-69.549747,-11.216523],[-69.550193,-11.216419],[-69.554928,-11.214689],[-69.555778,-11.214347],[-69.556167,-11.214109],[-69.556495,-11.213795],[-69.556635,-11.213616],[-69.556747,-11.213419],[-69.556849,-11.213217],[-69.556924,-11.213003],[-69.557014,-11.212561],[-69.55719,-11.21008],[-69.557235,-11.209177],[-69.557231,-11.208725],[-69.557208,-11.2085],[-69.557104,-11.20806],[-69.556548,-11.206336],[-69.556464,-11.205892],[-69.556087,-11.203434],[-69.555845,-11.202561],[-69.555435,-11.201267],[-69.555395,-11.200817],[-69.555398,-11.200591],[-69.555427,-11.200367],[-69.555529,-11.199927],[-69.555909,-11.198623],[-69.556053,-11.198194],[-69.556162,-11.197996],[-69.556437,-11.197635],[-69.55738,-11.19699],[-69.557557,-11.196847],[-69.557729,-11.196698],[-69.55802,-11.19635],[-69.558139,-11.196157],[-69.559428,-11.193258],[-69.559485,-11.193039],[-69.559858,-11.190579],[-69.55989,-11.190128],[-69.559898,-11.189903],[-69.559731,-11.187874],[-69.55973,-11.187422],[-69.55982,-11.186751],[-69.560137,-11.185431],[-69.560188,-11.184755],[-69.560095,-11.182496],[-69.559961,-11.180239],[-69.559697,-11.174819],[-69.559551,-11.173243],[-69.559483,-11.172796],[-69.558708,-11.16926],[-69.558632,-11.169047],[-69.558436,-11.168639],[-69.557804,-11.167695],[-69.557706,-11.167492],[-69.55757,-11.167061],[-69.557551,-11.166836],[-69.557558,-11.16661],[-69.557654,-11.166168],[-69.558665,-11.162691],[-69.559909,-11.158573],[-69.561532,-11.153625],[-69.561843,-11.152775],[-69.562184,-11.152186],[-69.567303,-11.144677],[-69.567425,-11.144487],[-69.56752,-11.144281],[-69.567587,-11.144065],[-69.567625,-11.143842],[-69.567593,-11.143392],[-69.567539,-11.143173],[-69.567452,-11.142964],[-69.567344,-11.142765],[-69.564926,-11.138921],[-69.564711,-11.138522],[-69.564639,-11.138307],[-69.564602,-11.137858],[-69.564614,-11.137632],[-69.564667,-11.137412],[-69.565431,-11.135522],[-69.5655,-11.135306],[-69.565617,-11.134639],[-69.56562,-11.134413],[-69.564838,-11.126083],[-69.564814,-11.125858],[-69.564684,-11.125426],[-69.5646,-11.125216],[-69.564482,-11.125022],[-69.56436,-11.124831],[-69.56408,-11.124473],[-69.561866,-11.121875],[-69.558135,-11.11758],[-69.557758,-11.117012],[-69.557547,-11.116611],[-69.556694,-11.114757],[-69.556623,-11.114544],[-69.556588,-11.114321],[-69.556582,-11.114095],[-69.556605,-11.11387],[-69.556664,-11.113653],[-69.556739,-11.113439],[-69.556934,-11.11303],[-69.557478,-11.112034],[-69.560632,-11.106518],[-69.560835,-11.106113],[-69.560912,-11.1059],[-69.561028,-11.105463],[-69.561081,-11.105015],[-69.561095,-11.104337],[-69.561321,-11.100273],[-69.561347,-11.100049],[-69.561452,-11.099609],[-69.561622,-11.099191],[-69.56174,-11.098998],[-69.56312,-11.097191],[-69.564118,-11.095951],[-69.566345,-11.093364],[-69.566616,-11.092999],[-69.566824,-11.092596],[-69.5669,-11.092384],[-69.566987,-11.091941],[-69.56698,-11.088776],[-69.566999,-11.088324],[-69.567083,-11.08788],[-69.567231,-11.087453],[-69.567812,-11.086223],[-69.569195,-11.083618],[-69.569339,-11.08319],[-69.569422,-11.082746],[-69.569431,-11.082295],[-69.569044,-11.079381],[-69.569015,-11.078704],[-69.569068,-11.078255],[-69.569122,-11.078035],[-69.56927,-11.077608],[-69.570416,-11.074894],[-69.571009,-11.073423],[-69.571081,-11.072978],[-69.571072,-11.072526],[-69.570505,-11.07057],[-69.570445,-11.070122],[-69.570434,-11.068541],[-69.570481,-11.066959],[-69.570571,-11.065379],[-69.570614,-11.065157],[-69.570747,-11.064724],[-69.570838,-11.064517],[-69.573099,-11.06007],[-69.573169,-11.059856],[-69.573245,-11.05941],[-69.573224,-11.058959],[-69.572381,-11.054745],[-69.572326,-11.054297],[-69.572326,-11.05362],[-69.572418,-11.052948],[-69.573314,-11.047823],[-69.573419,-11.047383],[-69.573663,-11.04675],[-69.575137,-11.043939],[-69.575196,-11.04372],[-69.575224,-11.043496],[-69.57524,-11.043045],[-69.57518,-11.042598],[-69.57506,-11.042161],[-69.574237,-11.039572],[-69.573663,-11.037854],[-69.571153,-11.029862],[-69.570824,-11.029018],[-69.570606,-11.02862],[-69.570471,-11.028438],[-69.570313,-11.028275],[-69.568203,-11.026531],[-69.564772,-11.023878],[-69.558875,-11.019194],[-69.558553,-11.018872],[-69.558275,-11.018512],[-69.558158,-11.018318],[-69.557969,-11.017906],[-69.55666,-11.012403],[-69.556512,-11.011976],[-69.556335,-11.011558],[-69.555936,-11.010744],[-69.555306,-11.009538],[-69.555223,-11.009327],[-69.555108,-11.00889],[-69.555079,-11.008666],[-69.555036,-11.007989],[-69.554911,-11.0046],[-69.554937,-11.003922],[-69.555803,-10.999253],[-69.556321,-10.996588],[-69.556361,-10.996366],[-69.556368,-10.99614],[-69.556325,-10.99569],[-69.556125,-10.994807],[-69.55526,-10.991292],[-69.555191,-10.990845],[-69.55519,-10.990619],[-69.55525,-10.990171],[-69.555465,-10.989528],[-69.557108,-10.985548],[-69.557482,-10.984723],[-69.557695,-10.984322],[-69.561625,-10.97768],[-69.563561,-10.974343],[-69.565786,-10.969878],[-69.56622,-10.969081],[-69.566364,-10.968906],[-69.566544,-10.968768],[-69.566757,-10.968685],[-69.567214,-10.968662],[-69.56813,-10.968724],[-69.568359,-10.968717],[-69.568586,-10.968685],[-69.568806,-10.968622],[-69.569012,-10.968524],[-69.569206,-10.968402],[-69.56938,-10.968255],[-69.571927,-10.965972],[-69.57224,-10.965643],[-69.572506,-10.965275],[-69.572726,-10.964878],[-69.573992,-10.961482],[-69.575382,-10.957651],[-69.575607,-10.957257],[-69.575887,-10.956899],[-69.577101,-10.955863],[-69.577266,-10.955707],[-69.57741,-10.955532],[-69.57804,-10.954326],[-69.578709,-10.952887],[-69.578786,-10.952674],[-69.578806,-10.95245],[-69.578753,-10.951775],[-69.578486,-10.949757],[-69.577567,-10.94372],[-69.577097,-10.941507],[-69.576723,-10.939968],[-69.576649,-10.939754],[-69.576443,-10.939351],[-69.576306,-10.93917],[-69.575319,-10.938226],[-69.57382,-10.936514],[-69.573468,-10.936225],[-69.573062,-10.936017],[-69.572628,-10.935871],[-69.571522,-10.935567],[-69.571073,-10.935474],[-69.570616,-10.935452],[-69.570386,-10.935461],[-69.567638,-10.935656],[-69.56741,-10.935652],[-69.56719,-10.935591],[-69.566989,-10.935484],[-69.566835,-10.935318],[-69.565927,-10.934013],[-69.565753,-10.93393],[-69.56572,-10.933769],[-69.565508,-10.93337],[-69.565379,-10.933182],[-69.565085,-10.932835],[-69.564579,-10.932376],[-69.564028,-10.931969],[-69.563683,-10.931671],[-69.56282,-10.930616],[-69.562465,-10.930332],[-69.562039,-10.930167],[-69.561813,-10.930128],[-69.561584,-10.930126],[-69.561357,-10.930158],[-69.561137,-10.93022],[-69.560925,-10.930307],[-69.559702,-10.930931],[-69.559281,-10.93111],[-69.559054,-10.93114],[-69.558826,-10.931118],[-69.55861,-10.931044],[-69.558422,-10.930916],[-69.558271,-10.930746],[-69.558059,-10.930347],[-69.556326,-10.926159],[-69.55613,-10.925751],[-69.555891,-10.925365],[-69.555611,-10.925007],[-69.555296,-10.924678],[-69.554959,-10.924372],[-69.536124,-10.909194],[-69.535798,-10.908876],[-69.535178,-10.908209],[-69.535006,-10.90806],[-69.534821,-10.907925],[-69.534222,-10.907591],[-69.53384,-10.90734],[-69.530808,-10.90492],[-69.53025,-10.904523],[-69.529465,-10.904053],[-69.528643,-10.90365],[-69.527801,-10.903289],[-69.526936,-10.90299],[-69.526316,-10.902694],[-69.525923,-10.902462],[-69.5252,-10.901904],[-69.524681,-10.901458],[-69.524195,-10.900978],[-69.520188,-10.896621],[-69.519694,-10.896148],[-69.518995,-10.895562],[-69.517892,-10.89475],[-69.515403,-10.893127],[-69.514818,-10.892769],[-69.513207,-10.891902],[-69.512434,-10.891413],[-69.511707,-10.89086],[-69.507387,-10.887139],[-69.50639,-10.886203],[-69.505938,-10.885692],[-69.505228,-10.884803],[-69.504785,-10.884285],[-69.50414,-10.88364],[-69.500294,-10.880416],[-69.499786,-10.879958],[-69.499308,-10.879469],[-69.498116,-10.878094],[-69.497479,-10.877443],[-69.496961,-10.876995],[-69.495335,-10.87574],[-69.494661,-10.875127],[-69.494194,-10.874628],[-69.493179,-10.873401],[-69.492536,-10.872756],[-69.492013,-10.872315],[-69.490552,-10.871219],[-69.489863,-10.870621],[-69.479316,-10.860225],[-69.478653,-10.859598],[-69.477786,-10.858858],[-69.476523,-10.857879],[-69.47583,-10.857286],[-69.475163,-10.856664],[-69.472733,-10.854262],[-69.47158,-10.853159],[-69.470887,-10.852566],[-69.469983,-10.851868],[-69.469102,-10.851144],[-69.468432,-10.850526],[-69.46746,-10.849565],[-69.466957,-10.849101],[-69.462204,-10.845182],[-69.460822,-10.843991],[-69.460319,-10.843528],[-69.457721,-10.84097],[-69.456539,-10.839898],[-69.455839,-10.839313],[-69.452812,-10.836886],[-69.451635,-10.835808],[-69.450025,-10.834196],[-69.449022,-10.833267],[-69.427987,-10.814375],[-69.427282,-10.813796],[-69.426715,-10.813411],[-69.425922,-10.812956],[-69.425292,-10.812683],[-69.423135,-10.811907],[-69.421018,-10.811035],[-69.420367,-10.810813],[-69.418608,-10.810292],[-69.417744,-10.809985],[-69.417119,-10.8097],[-69.415889,-10.809089],[-69.415038,-10.808751],[-69.414373,-10.808577],[-69.410561,-10.807752],[-69.409699,-10.807441],[-69.407158,-10.806394],[-69.398935,-10.80352],[-69.397823,-10.803242],[-69.39669,-10.80306],[-69.396017,-10.802918],[-69.392244,-10.801934],[-69.39179,-10.801866],[-69.391333,-10.80183],[-69.390644,-10.80186],[-69.390189,-10.801917],[-69.389739,-10.802004],[-69.389298,-10.802131],[-69.388659,-10.802384],[-69.387217,-10.803081],[-69.383121,-10.805125],[-69.382075,-10.80559],[-69.380998,-10.805983],[-69.37796,-10.807014],[-69.377327,-10.807282],[-69.375663,-10.808047],[-69.375023,-10.808298],[-69.374586,-10.808439],[-69.373697,-10.808662],[-69.373245,-10.808741],[-69.372561,-10.808818],[-69.343894,-10.810159],[-69.342525,-10.810313],[-69.341846,-10.810426],[-69.33915,-10.810983],[-69.335337,-10.811806],[-69.334655,-10.811901],[-69.333738,-10.81195],[-69.329376,-10.811979],[-69.325933,-10.811939],[-69.296786,-10.811125],[-69.296097,-10.81113],[-69.293591,-10.811439],[-69.272896,-10.814264],[-69.261277,-10.815689],[-69.249426,-10.817113],[-69.246247,-10.817584],[-69.245332,-10.817663],[-69.234105,-10.818374],[-69.233191,-10.818463],[-69.232286,-10.818615],[-69.217234,-10.821739],[-69.216329,-10.821895],[-69.215643,-10.821951],[-69.20258,-10.822735],[-69.196166,-10.823151],[-69.162555,-10.826173],[-69.159124,-10.826461],[-69.15683,-10.826566],[-69.146324,-10.82763],[-69.145417,-10.827769],[-69.145194,-10.827822],[-69.144309,-10.828064],[-69.138385,-10.82986],[-69.136197,-10.830546],[-69.135571,-10.830829],[-69.134983,-10.831183],[-69.114589,-10.845466],[-69.114013,-10.845837],[-69.113412,-10.846168],[-69.105242,-10.849775],[-69.103139,-10.850682],[-69.100842,-10.851717],[-69.099967,-10.85199],[-69.09929,-10.852112],[-69.098832,-10.852139],[-69.098373,-10.852127],[-69.097918,-10.852069],[-69.097469,-10.851971],[-69.097029,-10.851842],[-69.095315,-10.851193],[-69.094662,-10.85098],[-69.094213,-10.850887],[-69.093755,-10.850862],[-69.093296,-10.85087],[-69.092839,-10.850918],[-69.090818,-10.85134],[-69.090149,-10.8515],[-69.089712,-10.851638],[-69.089299,-10.851834],[-69.081569,-10.857123],[-69.081206,-10.8574],[-69.081039,-10.857555],[-69.080625,-10.858095],[-69.080408,-10.858493],[-69.080246,-10.858916],[-69.080135,-10.859354],[-69.080085,-10.859803],[-69.080094,-10.860255],[-69.080481,-10.864307],[-69.080487,-10.864533],[-69.080457,-10.864983],[-69.08029,-10.865641],[-69.080111,-10.866056],[-69.079732,-10.866621],[-69.079415,-10.866947],[-69.07924,-10.867094],[-69.079052,-10.867224],[-69.078655,-10.867449],[-69.078014,-10.867695],[-69.070935,-10.869635],[-69.065394,-10.871107],[-69.064736,-10.871309],[-69.064323,-10.871504],[-69.064126,-10.871619],[-69.063758,-10.871889],[-69.063424,-10.872199],[-69.063144,-10.872557],[-69.062923,-10.872952],[-69.06275,-10.873371],[-69.06261,-10.873802],[-69.061661,-10.877062],[-69.061508,-10.877488],[-69.061303,-10.877891],[-69.061174,-10.878078],[-69.060864,-10.878412],[-69.060693,-10.878562],[-69.060122,-10.87894],[-69.042863,-10.888384],[-69.042468,-10.888615],[-69.042097,-10.888881],[-69.041778,-10.889205],[-69.04164,-10.889384],[-69.041397,-10.889767],[-69.039026,-10.894159],[-69.038761,-10.894785],[-69.038657,-10.895224],[-69.038639,-10.895449],[-69.03865,-10.896127],[-69.038806,-10.898156],[-69.038901,-10.899736],[-69.03928,-10.904923],[-69.039368,-10.905823],[-69.039501,-10.906488],[-69.04045,-10.909983],[-69.040895,-10.911503],[-69.040972,-10.911949],[-69.040999,-10.9124],[-69.040958,-10.91285],[-69.040878,-10.913295],[-69.040663,-10.913939],[-69.037223,-10.923052],[-69.034714,-10.929126],[-69.03461,-10.929327],[-69.034357,-10.929704],[-69.034065,-10.930052],[-69.033718,-10.930348],[-69.033137,-10.93071],[-69.032094,-10.931183],[-69.021779,-10.935605],[-69.021132,-10.935838],[-69.020685,-10.935937],[-69.020228,-10.935975],[-69.019999,-10.935968],[-69.019547,-10.935898],[-69.018885,-10.935711],[-69.018476,-10.935507],[-69.016216,-10.933955],[-69.01561,-10.933635],[-69.014963,-10.933402],[-69.014297,-10.933231],[-69.008227,-10.931997],[-69.007769,-10.931976],[-69.007312,-10.932022],[-69.006644,-10.932186],[-68.996323,-10.935287],[-68.99568,-10.935527],[-68.995477,-10.935634],[-68.995099,-10.93589],[-68.994759,-10.936193],[-68.994609,-10.936364],[-68.994345,-10.936733],[-68.994127,-10.937131],[-68.991536,-10.942924],[-68.991335,-10.943331],[-68.991084,-10.943709],[-68.990622,-10.94421],[-68.990262,-10.944491],[-68.990063,-10.944602],[-68.989855,-10.944699],[-68.989423,-10.944851],[-68.988972,-10.944931],[-68.988743,-10.944945],[-68.987597,-10.944889],[-68.976856,-10.943867],[-68.976401,-10.943808],[-68.976178,-10.943752],[-68.975752,-10.943586],[-68.975359,-10.943352],[-68.974634,-10.942797],[-68.968571,-10.937955],[-68.968204,-10.937684],[-68.968009,-10.937565],[-68.967591,-10.93738],[-68.966921,-10.937226],[-68.966464,-10.937191],[-68.966234,-10.937198],[-68.966006,-10.937223],[-68.965783,-10.937276],[-68.965349,-10.937423],[-68.96494,-10.937627],[-68.964565,-10.937887],[-68.964228,-10.938194],[-68.95414,-10.948401],[-68.949359,-10.953284],[-68.949177,-10.953422],[-68.948785,-10.953656],[-68.94836,-10.953826],[-68.947917,-10.953945],[-68.947231,-10.953999],[-68.946776,-10.953948],[-68.946114,-10.953764],[-68.936187,-10.950214],[-68.93552,-10.950046],[-68.935066,-10.94998],[-68.934837,-10.949971],[-68.934382,-10.950029],[-68.933944,-10.950162],[-68.933519,-10.950333],[-68.929496,-10.952513],[-68.929077,-10.952695],[-68.928857,-10.952759],[-68.928405,-10.952832],[-68.928176,-10.952838],[-68.927723,-10.952765],[-68.927294,-10.952606],[-68.927092,-10.952501],[-68.926698,-10.952268],[-68.924776,-10.951032],[-68.924158,-10.950735],[-68.910355,-10.946478],[-68.909936,-10.946297],[-68.909554,-10.946048],[-68.909381,-10.945898],[-68.909072,-10.945565],[-68.908938,-10.945382],[-68.907538,-10.942787],[-68.907166,-10.942216],[-68.906864,-10.941877],[-68.906515,-10.941583],[-68.906126,-10.941343],[-68.905705,-10.941162],[-68.905038,-10.940997],[-68.892846,-10.938777],[-68.892399,-10.938674],[-68.891962,-10.938537],[-68.891539,-10.938363],[-68.890935,-10.938037],[-68.882956,-10.933118],[-68.882341,-10.932814],[-68.88169,-10.932593],[-68.880568,-10.932357],[-68.865863,-10.929848],[-68.865409,-10.929785],[-68.864721,-10.929761],[-68.864267,-10.929826],[-68.863827,-10.929956],[-68.863406,-10.930134],[-68.863006,-10.930356],[-68.862635,-10.930621],[-68.858388,-10.934424],[-68.857798,-10.935116],[-68.851172,-10.943504],[-68.850863,-10.943837],[-68.850691,-10.943987],[-68.850317,-10.944249],[-68.849915,-10.944467],[-68.84948,-10.944611],[-68.84903,-10.944695],[-68.848572,-10.944735],[-68.848116,-10.944696],[-68.847893,-10.944645],[-68.840942,-10.942302],[-68.840527,-10.942108],[-68.834033,-10.938265],[-68.833628,-10.938053],[-68.833202,-10.937883],[-68.832761,-10.93776],[-68.832306,-10.937702],[-68.832077,-10.93769],[-68.83162,-10.937737],[-68.831177,-10.937854],[-68.830965,-10.93794],[-68.830755,-10.938033],[-68.830362,-10.938264],[-68.829997,-10.938539],[-68.829539,-10.939044],[-68.82914,-10.939597],[-68.827606,-10.94185],[-68.827154,-10.942361],[-68.826644,-10.942815],[-68.826252,-10.943049],[-68.825829,-10.943222],[-68.822973,-10.944074],[-68.822325,-10.944303],[-68.82212,-10.944405],[-68.821733,-10.944648],[-68.821393,-10.94495],[-68.821087,-10.945288],[-68.820821,-10.945656],[-68.820518,-10.946264],[-68.814765,-10.960069],[-68.814552,-10.960469],[-68.814168,-10.961032],[-68.813714,-10.961541],[-68.81338,-10.961852],[-68.812833,-10.962264],[-68.812445,-10.962504],[-68.812037,-10.962713],[-68.810795,-10.963299],[-68.809747,-10.963761],[-68.808465,-10.964256],[-68.806729,-10.964847],[-68.806279,-10.964933],[-68.80582,-10.964924],[-68.805594,-10.964888],[-68.805159,-10.964748],[-68.80354,-10.963892],[-68.803128,-10.963694],[-68.802702,-10.963525],[-68.802258,-10.963411],[-68.79955,-10.962913],[-68.796156,-10.962339],[-68.795698,-10.96231],[-68.794782,-10.962365],[-68.794104,-10.962484],[-68.793012,-10.962831],[-68.790636,-10.963675],[-68.790215,-10.963855],[-68.790019,-10.963971],[-68.78929,-10.96452],[-68.783424,-10.969592],[-68.783049,-10.969851],[-68.782641,-10.970058],[-68.781983,-10.970255],[-68.781527,-10.9703],[-68.781068,-10.970295],[-68.780616,-10.970218],[-68.780181,-10.970073],[-68.779973,-10.969978],[-68.779381,-10.969633],[-68.775592,-10.967078],[-68.775394,-10.966964],[-68.775192,-10.966857],[-68.774766,-10.966689],[-68.77409,-10.966562],[-68.773862,-10.966543],[-68.773633,-10.966554],[-68.773178,-10.966615],[-68.772735,-10.966731],[-68.772314,-10.966909],[-68.771924,-10.967148],[-68.769719,-10.968774],[-68.769383,-10.969081],[-68.76907,-10.969412],[-68.768636,-10.969938],[-68.764272,-10.976037],[-68.76389,-10.976601],[-68.76361,-10.97722],[-68.762052,-10.981952],[-68.76181,-10.982824],[-68.761745,-10.983271],[-68.761704,-10.983948],[-68.761632,-10.987339],[-68.761613,-10.987563],[-68.761537,-10.988009],[-68.761389,-10.988437],[-68.761057,-10.98903],[-68.760772,-10.989384],[-68.755166,-10.995364],[-68.755014,-10.995533],[-68.754923,-10.995741],[-68.754801,-10.995932],[-68.754658,-10.996091],[-68.754277,-10.996343],[-68.754111,-10.996496],[-68.75239,-10.998316],[-68.749143,-11.001826],[-68.748171,-11.002788],[-68.747997,-11.002935],[-68.74763,-11.003206],[-68.746867,-11.003708],[-68.74655,-11.004034],[-68.74599,-11.004425],[-68.745836,-11.00459],[-68.745733,-11.004791],[-68.745611,-11.005227],[-68.745584,-11.005677],[-68.745609,-11.006581],[-68.745532,-11.006785],[-68.744975,-11.007184],[-68.742801,-11.00885],[-68.742626,-11.008996],[-68.742471,-11.009161],[-68.742359,-11.009357],[-68.742134,-11.009998],[-68.742053,-11.010442],[-68.741853,-11.012468],[-68.741858,-11.012693],[-68.741899,-11.012915],[-68.741998,-11.013117],[-68.742131,-11.013301],[-68.744323,-11.015917],[-68.744475,-11.016065],[-68.744264,-11.016403],[-68.744185,-11.016614],[-68.743781,-11.018146],[-68.743754,-11.01837],[-68.743837,-11.018806],[-68.74368,-11.018931],[-68.743588,-11.019137],[-68.743301,-11.019996],[-68.742447,-11.022095],[-68.742241,-11.022499],[-68.74201,-11.022889],[-68.739162,-11.026998],[-68.73902,-11.027175],[-68.73885,-11.027325],[-68.736912,-11.028538],[-68.736354,-11.028933],[-68.730264,-11.03256],[-68.722252,-11.037426],[-68.721643,-11.037742],[-68.721216,-11.037907],[-68.720555,-11.038097],[-68.720104,-11.038181],[-68.71919,-11.03826],[-68.718501,-11.038251],[-68.718044,-11.038206],[-68.717152,-11.037993],[-68.716506,-11.037759],[-68.71609,-11.037569],[-68.711606,-11.035278],[-68.706081,-11.032511],[-68.699553,-11.029192],[-68.690551,-11.024676],[-68.685452,-11.022082],[-68.684015,-11.021372],[-68.683588,-11.021206],[-68.682922,-11.021037],[-68.682241,-11.020933],[-68.676539,-11.02029],[-68.675623,-11.020221],[-68.675164,-11.02023],[-68.668067,-11.020763],[-68.66715,-11.020787],[-68.666462,-11.020741],[-68.666008,-11.020676],[-68.665339,-11.020515],[-68.659836,-11.01891],[-68.65941,-11.01874],[-68.659003,-11.018532],[-68.658435,-11.018149],[-68.658086,-11.017856],[-68.657764,-11.017534],[-68.657474,-11.017183],[-68.657216,-11.016809],[-68.656986,-11.016418],[-68.656715,-11.015795],[-68.656512,-11.015147],[-68.656046,-11.013164],[-68.654938,-11.008776],[-68.65487,-11.00856],[-68.654685,-11.008147],[-68.654579,-11.007946],[-68.654329,-11.007567],[-68.65294,-11.006061],[-68.652434,-11.005601],[-68.652066,-11.005331],[-68.649983,-11.003925],[-68.649451,-11.003495],[-68.648966,-11.003014],[-68.647963,-11.001778],[-68.640822,-10.993217],[-68.64041,-10.992674],[-68.640304,-10.992474],[-68.640141,-10.992052],[-68.640107,-10.991829],[-68.640081,-10.991378],[-68.6402,-10.979621],[-68.640155,-10.978945],[-68.640077,-10.9785],[-68.639953,-10.978065],[-68.639785,-10.977644],[-68.639579,-10.977241],[-68.638098,-10.974953],[-68.637819,-10.974595],[-68.637656,-10.974436],[-68.637289,-10.974165],[-68.637087,-10.974059],[-68.636876,-10.97397],[-68.636436,-10.973843],[-68.631259,-10.972822],[-68.62564,-10.971666],[-68.623624,-10.971219],[-68.603862,-10.967082],[-68.603434,-10.96692],[-68.602646,-10.966458],[-68.59692,-10.962687],[-68.593279,-10.960322],[-68.592764,-10.959872],[-68.592317,-10.959357],[-68.586711,-10.951911],[-68.58633,-10.951346],[-68.586096,-10.950957],[-68.585262,-10.949345],[-68.584048,-10.94666],[-68.582331,-10.942711],[-68.581128,-10.940022],[-68.575203,-10.926533],[-68.575055,-10.926105],[-68.574641,-10.924576],[-68.573676,-10.920155],[-68.573502,-10.919499],[-68.573253,-10.918396],[-68.573184,-10.91818],[-68.57296,-10.917786],[-68.572408,-10.917064],[-68.570779,-10.915163],[-68.567702,-10.911508],[-68.567061,-10.910861],[-68.562914,-10.906952],[-68.562,-10.905938],[-68.561678,-10.905616],[-68.561338,-10.905313],[-68.560279,-10.904445],[-68.555963,-10.900384],[-68.555426,-10.89996],[-68.55315,-10.89843],[-68.546065,-10.893815],[-68.543976,-10.892417],[-68.540528,-10.890174],[-68.53955,-10.889583],[-68.538484,-10.889165],[-68.52326,-10.884093],[-68.505013,-10.877945],[-68.504152,-10.877629],[-68.503538,-10.877325],[-68.503146,-10.877089],[-68.502592,-10.876687],[-68.502106,-10.876207],[-68.494469,-10.867466],[-68.49404,-10.866936],[-68.493782,-10.866562],[-68.49355,-10.866172],[-68.493065,-10.865147],[-68.482533,-10.839588],[-68.482236,-10.838976],[-68.481887,-10.838392],[-68.481616,-10.838028],[-68.481317,-10.837685],[-68.480991,-10.837366],[-68.480643,-10.837072],[-68.47232,-10.831044],[-68.471788,-10.830613],[-68.471298,-10.830136],[-68.470841,-10.82963],[-68.457776,-10.814452],[-68.457379,-10.813899],[-68.457056,-10.8133],[-68.456811,-10.812667],[-68.45662,-10.811783],[-68.453245,-10.787136],[-68.453063,-10.78625],[-68.452855,-10.785604],[-68.452473,-10.784782],[-68.452131,-10.784194],[-68.433337,-10.753638],[-68.432998,-10.753048],[-68.432722,-10.752427],[-68.432603,-10.751991],[-68.432498,-10.751321],[-68.432285,-10.74771],[-68.432293,-10.747032],[-68.432372,-10.746587],[-68.432496,-10.746151],[-68.433952,-10.741863],[-68.434145,-10.741212],[-68.434237,-10.740769],[-68.434283,-10.740319],[-68.434283,-10.739867],[-68.434236,-10.739418],[-68.434089,-10.738756],[-68.429701,-10.724709],[-68.427329,-10.716912],[-68.427169,-10.716489],[-68.427068,-10.716286],[-68.426827,-10.715901],[-68.426539,-10.71555],[-68.426024,-10.7151],[-68.425641,-10.714851],[-68.425434,-10.714754],[-68.423941,-10.714169],[-68.410604,-10.70927],[-68.372057,-10.695234],[-68.371451,-10.694913],[-68.361787,-10.688811],[-68.350905,-10.682068],[-68.350508,-10.681841],[-68.350094,-10.681646],[-68.349436,-10.681447],[-68.32578,-10.675817],[-68.314614,-10.673191],[-68.31348,-10.673018],[-68.261238,-10.667181],[-68.260779,-10.66716],[-68.259862,-10.667199],[-68.25918,-10.667293],[-68.258731,-10.667389],[-68.258067,-10.667569],[-68.257419,-10.667796],[-68.256167,-10.668362],[-68.252048,-10.670361],[-68.240078,-10.676106],[-68.188222,-10.701376],[-68.187383,-10.701743],[-68.186949,-10.701892],[-68.186507,-10.702013],[-68.186058,-10.702106],[-68.185376,-10.702199],[-68.184917,-10.70222],[-68.153693,-10.702041],[-68.153007,-10.701986],[-68.15278,-10.701952],[-68.152334,-10.701845],[-68.151693,-10.701599],[-68.151288,-10.701386],[-68.150563,-10.700833],[-68.14944,-10.6997],[-68.145483,-10.695606],[-68.144806,-10.694996],[-68.144442,-10.694721],[-68.144059,-10.694472],[-68.143062,-10.693912],[-68.13171,-10.687966],[-68.11953,-10.68163],[-68.118948,-10.681268],[-68.118592,-10.680983],[-68.117946,-10.68034],[-68.065311,-10.625423],[-68.064812,-10.624955],[-68.064457,-10.624668],[-68.063892,-10.624282],[-68.063082,-10.623856],[-68.062226,-10.623529],[-68.061785,-10.623405],[-68.061335,-10.623313],[-68.060422,-10.62322],[-68.059734,-10.623246],[-68.050139,-10.624188],[-68.049451,-10.624228],[-68.048763,-10.624208],[-68.048083,-10.624106],[-68.047412,-10.62395],[-68.046547,-10.623648],[-68.04613,-10.623459],[-68.045533,-10.623121],[-68.044971,-10.622729],[-68.044437,-10.622301],[-68.02469,-10.605384],[-68.024155,-10.604957],[-68.023591,-10.604568],[-68.022792,-10.604123],[-68.022378,-10.603927],[-68.021951,-10.60376],[-68.021516,-10.603615],[-68.020629,-10.603385],[-67.990103,-10.596913],[-67.989216,-10.596682],[-67.988568,-10.596451],[-67.987939,-10.596174],[-67.987331,-10.595856],[-67.986558,-10.595368],[-67.982476,-10.592439],[-67.980777,-10.591282],[-67.980177,-10.590949],[-67.979553,-10.590661],[-67.978698,-10.590331],[-67.978039,-10.590133],[-67.977368,-10.589983],[-67.976461,-10.589841],[-67.975775,-10.589779],[-67.975087,-10.589761],[-67.974171,-10.589819],[-67.973715,-10.589872],[-67.973035,-10.589984],[-67.972144,-10.590201],[-67.971704,-10.59033],[-67.971055,-10.590558],[-67.963909,-10.593653],[-67.960114,-10.595263],[-67.95946,-10.595475],[-67.958792,-10.595637],[-67.957655,-10.595793],[-67.956737,-10.595806],[-67.956279,-10.59578],[-67.894613,-10.589539],[-67.893934,-10.589426],[-67.893268,-10.589253],[-67.883258,-10.585936],[-67.882373,-10.585697],[-67.881695,-10.585581],[-67.877573,-10.585287],[-67.840692,-10.58283],[-67.840004,-10.582816],[-67.839318,-10.582876],[-67.838865,-10.582949],[-67.83842,-10.583057],[-67.83777,-10.583282],[-67.837355,-10.583475],[-67.836755,-10.583807],[-67.836379,-10.584066],[-67.83585,-10.5845],[-67.835531,-10.584825],[-67.835236,-10.585171],[-67.822944,-10.601246],[-67.822351,-10.601936],[-67.821867,-10.602418],[-67.82097,-10.603123],[-67.812104,-10.609568],[-67.811527,-10.609937],[-67.81112,-10.610147],[-67.810486,-10.610411],[-67.81005,-10.610553],[-67.809381,-10.610714],[-67.808928,-10.61079],[-67.808472,-10.610834],[-67.807554,-10.610835],[-67.806869,-10.610766],[-67.806419,-10.610677],[-67.805755,-10.610499],[-67.805323,-10.610347],[-67.803244,-10.609388],[-67.791893,-10.603941],[-67.791468,-10.603769],[-67.790812,-10.603562],[-67.789917,-10.603363],[-67.789462,-10.6033],[-67.788545,-10.603249],[-67.75227,-10.602971],[-67.732067,-10.602768],[-67.730691,-10.602706],[-67.729088,-10.602596],[-67.720623,-10.601894],[-67.719939,-10.601813],[-67.719715,-10.601765],[-67.719494,-10.601701],[-67.71907,-10.60153],[-67.71868,-10.601293],[-67.708073,-10.593365],[-67.705345,-10.591295],[-67.704139,-10.590248],[-67.694804,-10.581542],[-67.694435,-10.581274],[-67.69403,-10.58106],[-67.693816,-10.580981],[-67.693371,-10.580867],[-67.692915,-10.580822],[-67.683043,-10.580879],[-67.682584,-10.580857],[-67.681912,-10.580714],[-67.681696,-10.580637],[-67.68128,-10.580446],[-67.680329,-10.579822],[-67.68008,-10.579447],[-67.67739,-10.576662],[-67.677213,-10.57652],[-67.677019,-10.5764],[-67.676874,-10.57623],[-67.676757,-10.576036],[-67.676135,-10.575372],[-67.675989,-10.575197],[-67.675744,-10.574816],[-67.675636,-10.574616],[-67.675461,-10.574199],[-67.675266,-10.573548],[-67.675138,-10.572882],[-67.675097,-10.572432],[-67.675018,-10.57222],[-67.675132,-10.571791],[-67.675505,-10.569561],[-67.67552,-10.569337],[-67.675476,-10.569118],[-67.675645,-10.568706],[-67.6757,-10.568488],[-67.677613,-10.55803],[-67.677733,-10.557134],[-67.677743,-10.55623],[-67.677368,-10.546741],[-67.677334,-10.54629],[-67.677261,-10.545844],[-67.67703,-10.545206],[-67.676927,-10.545004],[-67.676676,-10.544626],[-67.669467,-10.535829],[-67.664505,-10.530191],[-67.664085,-10.529653],[-67.663735,-10.52907],[-67.663559,-10.528652],[-67.66342,-10.528221],[-67.663291,-10.527555],[-67.66315,-10.526206],[-67.66316,-10.525754],[-67.663206,-10.525305],[-67.663331,-10.524638],[-67.663555,-10.523998],[-67.663856,-10.523388],[-67.667992,-10.516081],[-67.672879,-10.508424],[-67.673089,-10.508022],[-67.673385,-10.507167],[-67.67352,-10.506502],[-67.673569,-10.506053],[-67.673765,-10.501988],[-67.674654,-10.485053],[-67.674692,-10.484603],[-67.674759,-10.484156],[-67.674925,-10.483497],[-67.675148,-10.482856],[-67.675334,-10.482443],[-67.675549,-10.482043],[-67.675921,-10.481473],[-67.676363,-10.480953],[-67.699604,-10.456542],[-67.700212,-10.455865],[-67.708426,-10.445543],[-67.716753,-10.435022],[-67.718151,-10.433228],[-67.718387,-10.43284],[-67.718658,-10.432218],[-67.723977,-10.416567],[-67.724823,-10.413985],[-67.724937,-10.413547],[-67.72499,-10.413098],[-67.724979,-10.412646],[-67.724899,-10.412201],[-67.724696,-10.411555],[-67.724495,-10.411149],[-67.724109,-10.410588],[-67.721561,-10.407384],[-67.721441,-10.407191],[-67.721238,-10.406786],[-67.720928,-10.405934],[-67.715522,-10.386764],[-67.715184,-10.385923],[-67.713353,-10.382275],[-67.713076,-10.381654],[-67.712279,-10.378355],[-67.708616,-10.362713],[-67.70855,-10.362497],[-67.708358,-10.362087],[-67.708068,-10.361738],[-67.707692,-10.36148],[-67.707484,-10.361385],[-67.707042,-10.36127],[-67.706813,-10.361252],[-67.706584,-10.361261],[-67.706138,-10.361364],[-67.705729,-10.361567],[-67.702307,-10.363849],[-67.70172,-10.364202],[-67.701295,-10.36437],[-67.701075,-10.364434],[-67.700848,-10.364467],[-67.700389,-10.364487],[-67.699931,-10.364462],[-67.699704,-10.364433],[-67.686638,-10.361899],[-67.685968,-10.361744],[-67.685549,-10.36156],[-67.685357,-10.361436],[-67.685005,-10.361148],[-67.684859,-10.360974],[-67.684723,-10.360792],[-67.684521,-10.360388],[-67.684456,-10.360171],[-67.684384,-10.359725],[-67.684342,-10.359048],[-67.684377,-10.358372],[-67.684431,-10.358152],[-67.684597,-10.357732],[-67.684843,-10.35735],[-67.68738,-10.354138],[-67.687716,-10.353547],[-67.687881,-10.353125],[-67.687984,-10.352685],[-67.688041,-10.352236],[-67.688048,-10.351784],[-67.687792,-10.330307],[-67.687833,-10.329631],[-67.687967,-10.328966],[-67.689377,-10.32372],[-67.689524,-10.323058],[-67.689605,-10.322385],[-67.689982,-10.317878],[-67.690046,-10.31743],[-67.690148,-10.31699],[-67.690299,-10.316563],[-67.693505,-10.309803],[-67.693741,-10.309166],[-67.693851,-10.308727],[-67.693932,-10.308282],[-67.69398,-10.307832],[-67.693971,-10.30738],[-67.693901,-10.306934],[-67.693741,-10.306274],[-67.693585,-10.305849],[-67.691439,-10.300607],[-67.691313,-10.300172],[-67.69124,-10.299726],[-67.691232,-10.2995],[-67.691266,-10.29905],[-67.69134,-10.298604],[-67.69155,-10.29796],[-67.691753,-10.297554],[-67.692592,-10.296204],[-67.692813,-10.295808],[-67.693084,-10.295185],[-67.693259,-10.294529],[-67.693337,-10.294083],[-67.69338,-10.293634],[-67.69331,-10.290695],[-67.69337,-10.29002],[-67.693451,-10.289575],[-67.693587,-10.289143],[-67.693868,-10.288525],[-67.695744,-10.285154],[-67.696234,-10.28439],[-67.696516,-10.284033],[-67.696829,-10.283703],[-67.697344,-10.283253],[-67.69809,-10.282727],[-67.706033,-10.277752],[-67.706407,-10.277489],[-67.706742,-10.277182],[-67.706885,-10.277006],[-67.707132,-10.276625],[-67.707317,-10.276212],[-67.707419,-10.275772],[-67.70744,-10.275321],[-67.707367,-10.274646],[-67.704812,-10.25742],[-67.704693,-10.256523],[-67.704661,-10.25562],[-67.704735,-10.254719],[-67.704885,-10.253826],[-67.708244,-10.237195],[-67.708361,-10.236299],[-67.708368,-10.235847],[-67.708345,-10.235396],[-67.708277,-10.234949],[-67.708117,-10.234289],[-67.706622,-10.228832],[-67.706355,-10.227967],[-67.706092,-10.22734],[-67.705546,-10.226346],[-67.700144,-10.217409],[-67.699336,-10.216041],[-67.697326,-10.212746],[-67.697003,-10.212147],[-67.696871,-10.211969],[-67.696684,-10.211838],[-67.696489,-10.211734],[-67.696277,-10.211673],[-67.696201,-10.211467],[-67.696311,-10.211279],[-67.69631,-10.210884],[-67.69688,-10.20823],[-67.699511,-10.195375],[-67.699717,-10.194728],[-67.699885,-10.194308],[-67.701614,-10.190862],[-67.704013,-10.186229],[-67.704249,-10.185842],[-67.704541,-10.185494],[-67.705073,-10.185067],[-67.705682,-10.184752],[-67.712235,-10.182016],[-67.712857,-10.181725],[-67.713452,-10.181384],[-67.713827,-10.181122],[-67.714354,-10.180686],[-67.72038,-10.175115],[-67.720696,-10.174787],[-67.720969,-10.174425],[-67.721183,-10.174024],[-67.72134,-10.1736],[-67.721411,-10.173153],[-67.72142,-10.172701],[-67.721211,-10.169543],[-67.721209,-10.169091],[-67.72124,-10.168867],[-67.72136,-10.168431],[-67.72155,-10.16802],[-67.721676,-10.167831],[-67.721964,-10.167479],[-67.722127,-10.16732],[-67.724349,-10.165716],[-67.724678,-10.16541],[-67.724794,-10.165222],[-67.724982,-10.165097],[-67.725204,-10.165056],[-67.725624,-10.164915],[-67.731451,-10.161299],[-67.732401,-10.160664],[-67.735325,-10.158474],[-67.735672,-10.158178],[-67.736138,-10.157681],[-67.736381,-10.157298],[-67.736771,-10.156479],[-67.736751,-10.156285],[-67.736909,-10.156167],[-67.740161,-10.149179],[-67.74205,-10.144566],[-67.743139,-10.141829],[-67.743446,-10.141223],[-67.745769,-10.137857],[-67.746046,-10.137497],[-67.746543,-10.137029],[-67.747986,-10.13591],[-67.748313,-10.135593],[-67.748595,-10.135237],[-67.752268,-10.129768],[-67.754329,-10.126504],[-67.754538,-10.126102],[-67.754669,-10.12567],[-67.754704,-10.125447],[-67.754726,-10.124996],[-67.754405,-10.118673],[-67.754415,-10.118448],[-67.754456,-10.118226],[-67.754629,-10.117808],[-67.754903,-10.117446],[-67.757509,-10.114585],[-67.757649,-10.114406],[-67.757866,-10.114008],[-67.757972,-10.113569],[-67.758018,-10.11244],[-67.757968,-10.111991],[-67.757558,-10.110228],[-67.757476,-10.109784],[-67.757178,-10.108692],[-67.756784,-10.106926],[-67.756645,-10.106495],[-67.756438,-10.106092],[-67.756173,-10.105723],[-67.752428,-10.10144],[-67.752008,-10.100904],[-67.751733,-10.100283],[-67.751678,-10.100064],[-67.751175,-10.097858],[-67.751061,-10.09719],[-67.751049,-10.096738],[-67.751142,-10.096297],[-67.751233,-10.096089],[-67.753194,-10.092767],[-67.753984,-10.091388],[-67.754087,-10.091186],[-67.754234,-10.090759],[-67.754281,-10.090537],[-67.754311,-10.090086],[-67.754346,-10.087148],[-67.754257,-10.086475],[-67.754153,-10.086036],[-67.753553,-10.084089],[-67.753428,-10.083899],[-67.753278,-10.083732],[-67.753264,-10.083292],[-67.753232,-10.08307],[-67.752295,-10.079807],[-67.752077,-10.078239],[-67.752044,-10.077336],[-67.752191,-10.076444],[-67.752614,-10.074453],[-67.752629,-10.074227],[-67.752613,-10.073775],[-67.752523,-10.073103],[-67.751379,-10.067334],[-67.751347,-10.066431],[-67.751441,-10.065759],[-67.752005,-10.063568],[-67.752022,-10.063343],[-67.752129,-10.062903],[-67.752379,-10.062034],[-67.752479,-10.061831],[-67.75262,-10.061653],[-67.752804,-10.06152],[-67.753018,-10.061444],[-67.753245,-10.061412],[-67.754393,-10.061419],[-67.754841,-10.061499],[-67.764012,-10.061977],[-67.76447,-10.06196],[-67.765147,-10.06184],[-67.765792,-10.061603],[-67.766386,-10.061262],[-67.767787,-10.060093],[-67.769477,-10.058563],[-67.770173,-10.057973],[-67.772383,-10.055997],[-67.773392,-10.055074],[-67.774221,-10.054684],[-67.775742,-10.054176],[-67.780548,-10.052644],[-67.780977,-10.052484],[-67.781598,-10.052191],[-67.782176,-10.051822],[-67.783676,-10.050778],[-67.784814,-10.050014],[-67.788526,-10.047352],[-67.789861,-10.046472],[-67.790587,-10.045919],[-67.790921,-10.045609],[-67.793646,-10.042254],[-67.797201,-10.037817],[-67.797611,-10.037272],[-67.79797,-10.036694],[-67.798268,-10.036082],[-67.798439,-10.035663],[-67.798638,-10.035014],[-67.798762,-10.034347],[-67.798812,-10.033898],[-67.798771,-10.031185],[-67.798672,-10.028927],[-67.798559,-10.028489],[-67.798554,-10.028269],[-67.798628,-10.027825],[-67.798604,-10.026695],[-67.798387,-10.021726],[-67.798342,-10.021276],[-67.798279,-10.021063],[-67.798293,-10.020393],[-67.798073,-10.013614],[-67.798108,-10.013163],[-67.798183,-10.012717],[-67.798157,-10.012495],[-67.79808,-10.012282],[-67.797985,-10.012078],[-67.797834,-10.011913],[-67.79782,-10.01169],[-67.797934,-10.011497],[-67.79815,-10.01143],[-67.798362,-10.011499],[-67.798572,-10.011881],[-67.798749,-10.012025],[-67.798938,-10.012151],[-67.800939,-10.01326],[-67.801147,-10.013356],[-67.801795,-10.013585],[-67.802699,-10.013736],[-67.803158,-10.013723],[-67.803836,-10.013601],[-67.806046,-10.012991],[-67.806482,-10.012848],[-67.807159,-10.012727],[-67.807848,-10.012734],[-67.808992,-10.012818],[-67.809174,-10.01294],[-67.809195,-10.013141],[-67.808988,-10.013132],[-67.808562,-10.012962],[-67.808121,-10.012837],[-67.807897,-10.012798],[-67.806981,-10.012835],[-67.806529,-10.012915],[-67.803882,-10.013669],[-67.803658,-10.013718],[-67.802975,-10.013799],[-67.802769,-10.013882],[-67.802662,-10.014059],[-67.802898,-10.014932],[-67.803039,-10.0151],[-67.803635,-10.015439],[-67.803845,-10.015528],[-67.804072,-10.015536],[-67.804256,-10.015468],[-67.804198,-10.01525],[-67.804264,-10.015485],[-67.804463,-10.015416],[-67.804625,-10.015259],[-67.804884,-10.014886],[-67.805001,-10.014691],[-67.805092,-10.014484],[-67.805089,-10.01426],[-67.804906,-10.013608],[-67.804722,-10.013496],[-67.804497,-10.013498],[-67.803833,-10.013677],[-67.803382,-10.013761],[-67.802924,-10.013792],[-67.802464,-10.013798],[-67.80179,-10.013664],[-67.801568,-10.013605],[-67.801144,-10.013434],[-67.79874,-10.012109],[-67.798526,-10.012026],[-67.798321,-10.012094],[-67.798096,-10.012124],[-67.797905,-10.01201],[-67.797818,-10.011812],[-67.797456,-10.011555],[-67.797242,-10.01148],[-67.797013,-10.011477],[-67.792652,-10.011586],[-67.792424,-10.011602],[-67.791977,-10.011701],[-67.791749,-10.011727],[-67.790143,-10.011775],[-67.789913,-10.011774],[-67.78947,-10.011661],[-67.788322,-10.011658],[-67.786946,-10.01171],[-67.781437,-10.011829],[-67.780519,-10.01182],[-67.771337,-10.011994],[-67.77111,-10.012016],[-67.770678,-10.012152],[-67.770455,-10.012187],[-67.770257,-10.012086],[-67.770033,-10.012035],[-67.769806,-10.012016],[-67.757181,-10.012255],[-67.752131,-10.012384],[-67.722978,-10.012934],[-67.717929,-10.013056],[-67.717704,-10.013086],[-67.7175,-10.013185],[-67.717276,-10.013202],[-67.716844,-10.013062],[-67.714779,-10.01307],[-67.708582,-10.01322],[-67.705138,-10.013254],[-67.667033,-10.013997],[-67.666115,-10.01403],[-67.661294,-10.014109],[-67.660607,-10.014159],[-67.659928,-10.014269],[-67.65948,-10.014368],[-67.658824,-10.014575],[-67.658192,-10.014843],[-67.657781,-10.015045],[-67.657003,-10.015524],[-67.633261,-10.03258],[-67.629007,-10.035661],[-67.627512,-10.036712],[-67.625666,-10.038056],[-67.610256,-10.049096],[-67.602293,-10.054844],[-67.5854,-10.066949],[-67.583926,-10.068028],[-67.583784,-10.068205],[-67.583406,-10.068772],[-67.583215,-10.068893],[-67.582607,-10.069208],[-67.582036,-10.069587],[-67.58131,-10.07014],[-67.580832,-10.070628],[-67.580633,-10.070742],[-67.580419,-10.07082],[-67.579974,-10.070932],[-67.579769,-10.071025],[-67.575871,-10.073819],[-67.575302,-10.074202],[-67.574708,-10.074545],[-67.574292,-10.074735],[-67.573863,-10.074895],[-67.57342,-10.075016],[-67.572971,-10.07511],[-67.572516,-10.075172],[-67.572058,-10.075199],[-67.571599,-10.07519],[-67.571142,-10.07515],[-67.570689,-10.075073],[-67.570244,-10.074964],[-67.562072,-10.072679],[-67.561403,-10.072518],[-67.56095,-10.072446],[-67.560492,-10.072412],[-67.559804,-10.072431],[-67.558899,-10.07258],[-67.558238,-10.072771],[-67.557601,-10.073029],[-67.540384,-10.08053],[-67.473194,-10.112491],[-67.472124,-10.112899],[-67.47168,-10.113012],[-67.471228,-10.113086],[-67.470542,-10.11315],[-67.470083,-10.11314],[-67.469625,-10.113108],[-67.468949,-10.112983],[-67.468287,-10.112795],[-67.467646,-10.112547],[-67.441884,-10.101719],[-67.347042,-10.061935],[-67.346395,-10.061703],[-67.34573,-10.06153],[-67.345048,-10.061431],[-67.344591,-10.061395],[-67.321198,-10.060306],[-67.320051,-10.060283],[-67.319364,-10.060332],[-67.300662,-10.062463],[-67.299974,-10.062489],[-67.299288,-10.062427],[-67.298615,-10.062287],[-67.297963,-10.062071],[-67.297342,-10.061777],[-67.29656,-10.061304],[-67.286061,-10.054394],[-67.285692,-10.054125],[-67.284812,-10.053401],[-67.278336,-10.047311],[-67.277477,-10.046561],[-67.276926,-10.046155],[-67.276338,-10.045802],[-67.275526,-10.045379],[-67.268357,-10.041803],[-67.267754,-10.041476],[-67.267369,-10.04123],[-67.267006,-10.040953],[-67.252482,-10.028804],[-67.251417,-10.027944],[-67.25085,-10.027559],[-67.25004,-10.027134],[-67.241987,-10.023278],[-67.201787,-10.003873],[-67.184022,-9.995386],[-67.182603,-9.994642],[-67.180806,-9.993637],[-67.16598,-9.985013],[-67.165573,-9.984803],[-67.164945,-9.984526],[-67.13091,-9.972165],[-67.090431,-9.957408],[-67.0627,-9.947162],[-67.04012,-9.938847],[-67.039463,-9.938645],[-67.039017,-9.93854],[-67.038334,-9.93845],[-67.037646,-9.938409],[-66.982546,-9.937879],[-66.981858,-9.937846],[-66.981176,-9.937756],[-66.980502,-9.937617],[-66.98006,-9.937493],[-66.97963,-9.937336],[-66.978795,-9.93696],[-66.978198,-9.936623],[-66.97763,-9.936238],[-66.977103,-9.935803],[-66.976303,-9.934992],[-66.928192,-9.881515],[-66.915236,-9.867143],[-66.909732,-9.86107],[-66.909311,-9.860534],[-66.892846,-9.837111],[-66.892424,-9.836575],[-66.89195,-9.836082],[-66.891267,-9.835479],[-66.85556,-9.80669],[-66.815793,-9.774575],[-66.814893,-9.773872],[-66.814513,-9.773619],[-66.813912,-9.773288],[-66.813286,-9.773007],[-66.812416,-9.772717],[-66.811747,-9.772559],[-66.778018,-9.765704],[-66.770592,-9.764222],[-66.765615,-9.763376],[-66.742513,-9.759597],[-66.723275,-9.756364],[-66.720551,-9.755958],[-66.717134,-9.755535],[-66.714625,-9.755253],[-66.6891,-9.752183],[-66.679064,-9.751044],[-66.673822,-9.750416],[-66.650104,-9.747699],[-66.630267,-9.745393],[-66.62958,-9.745362],[-66.629121,-9.745378],[-66.628212,-9.745503],[-66.627112,-9.74582],[-66.626688,-9.745994],[-66.62607,-9.746295],[-66.616811,-9.751297],[-66.611966,-9.753881],[-66.608349,-9.755851],[-66.596451,-9.762227],[-66.592633,-9.764305],[-66.590007,-9.765703],[-66.570683,-9.776143],[-66.530344,-9.797747],[-66.529929,-9.79794],[-66.529501,-9.798104],[-66.529062,-9.798235],[-66.528614,-9.798334],[-66.528161,-9.798404],[-66.527703,-9.798438],[-66.526785,-9.798402],[-66.499357,-9.794061],[-66.478509,-9.790713],[-66.455158,-9.787035],[-66.421646,-9.781501],[-66.35984,-9.771232],[-66.359384,-9.771181],[-66.358467,-9.771127],[-66.352959,-9.770984],[-66.317387,-9.769947],[-66.316244,-9.769849],[-66.315566,-9.76973],[-66.30815,-9.768202],[-66.298929,-9.766337],[-66.168127,-9.739436],[-66.160932,-9.73797],[-66.152398,-9.736186],[-66.151739,-9.735989],[-66.113314,-9.721634],[-66.101943,-9.717367],[-66.100861,-9.716989],[-66.100419,-9.716868],[-66.099522,-9.716675],[-66.090285,-9.714889],[-66.079252,-9.71272],[-66.022495,-9.701661],[-66.021599,-9.70146],[-66.020936,-9.701277],[-66.019633,-9.700837],[-65.982685,-9.687109],[-65.981814,-9.686824],[-65.981143,-9.686671],[-65.980232,-9.686563],[-65.881889,-9.681153],[-65.880976,-9.681053],[-65.880525,-9.680972],[-65.879633,-9.680756],[-65.831925,-9.667421],[-65.831037,-9.667189],[-65.830587,-9.667103],[-65.829903,-9.667021],[-65.829215,-9.66699],[-65.802812,-9.667099],[-65.802125,-9.667067],[-65.801448,-9.666941],[-65.801004,-9.666825],[-65.800574,-9.666669],[-65.800156,-9.666483],[-65.799749,-9.666274],[-65.79516,-9.6637],[-65.79455,-9.663385],[-65.793911,-9.663132],[-65.793473,-9.663],[-65.793025,-9.662901],[-65.79257,-9.662836],[-65.792112,-9.662804],[-65.791195,-9.662829],[-65.785474,-9.663287],[-65.784785,-9.663299],[-65.784326,-9.66328],[-65.729268,-9.657866],[-65.728359,-9.657736],[-65.727692,-9.65757],[-65.726825,-9.657272],[-65.701492,-9.647813],[-65.700616,-9.647546],[-65.700167,-9.647448],[-65.699485,-9.647359],[-65.699026,-9.64734],[-65.698567,-9.647349],[-65.697655,-9.647454],[-65.684746,-9.649573],[-65.683619,-9.649785],[-65.650872,-9.657828],[-65.649971,-9.658002],[-65.649515,-9.65805],[-65.649056,-9.65805],[-65.648371,-9.657985],[-65.648145,-9.657945],[-65.613662,-9.651346],[-65.612779,-9.651099],[-65.612133,-9.650862],[-65.602425,-9.646767],[-65.601769,-9.646562],[-65.601096,-9.646419],[-65.600411,-9.646349],[-65.599952,-9.646335],[-65.599265,-9.646372],[-65.598583,-9.646466],[-65.555297,-9.653385],[-65.553486,-9.653689],[-65.550332,-9.654296],[-65.535941,-9.657221],[-65.535037,-9.657379],[-65.458658,-9.668052],[-65.455933,-9.668451],[-65.455475,-9.66848],[-65.454786,-9.668466],[-65.45433,-9.668418],[-65.453654,-9.668287],[-65.433652,-9.66318],[-65.432971,-9.66308],[-65.432283,-9.663051],[-65.431597,-9.663112],[-65.431146,-9.663196],[-65.430483,-9.663379],[-65.395757,-9.675177],[-65.394895,-9.675491],[-65.39427,-9.675774],[-65.39367,-9.676109],[-65.393098,-9.676486],[-65.379001,-9.686613],[-65.378289,-9.687183],[-65.377805,-9.687665],[-65.377353,-9.688177],[-65.376954,-9.68873],[-65.376591,-9.689306],[-65.376183,-9.690116],[-65.374337,-9.694256],[-65.374138,-9.694664],[-65.373792,-9.69525],[-65.373527,-9.695619],[-65.373229,-9.695963],[-65.372911,-9.696289],[-65.368221,-9.70028],[-65.366673,-9.701628],[-65.364752,-9.703243],[-65.362807,-9.704829],[-65.359654,-9.70746],[-65.355836,-9.710717],[-65.351469,-9.714385],[-65.333184,-9.729856],[-65.332293,-9.730569],[-65.331534,-9.731077],[-65.330523,-9.731613],[-65.329673,-9.731955],[-65.328797,-9.732226],[-65.302525,-9.739612],[-65.301413,-9.739892],[-65.300961,-9.739971],[-65.300734,-9.740004],[-65.299818,-9.740056],[-65.299359,-9.740042],[-65.298447,-9.739938],[-65.268742,-9.735295],[-65.255368,-9.733177],[-65.246977,-9.731872],[-65.246073,-9.731711],[-65.245183,-9.731488],[-65.232702,-9.727611],[-65.221548,-9.724104],[-65.213226,-9.721523],[-65.192581,-9.715329],[-65.179876,-9.711402],[-65.177691,-9.710707],[-65.163886,-9.706455],[-65.152318,-9.702736],[-65.134437,-9.696936],[-65.116942,-9.691427],[-65.11039,-9.689335],[-65.098139,-9.685492],[-65.073048,-9.677397],[-65.038848,-9.666183],[-65.024239,-9.661436],[-65.013948,-9.658239],[-65.001078,-9.654077],[-64.982458,-9.648324],[-64.96315,-9.642463],[-64.9625,-9.642239],[-64.962082,-9.642054],[-64.961473,-9.641736],[-64.961094,-9.641482],[-64.960563,-9.64105],[-64.960084,-9.640564],[-64.943382,-9.62131],[-64.94143,-9.619086],[-64.940789,-9.618439],[-64.940431,-9.618156],[-64.940055,-9.617897],[-64.939452,-9.617569],[-64.938815,-9.617313],[-64.938152,-9.61713],[-64.937243,-9.617005],[-64.937014,-9.61699],[-64.936326,-9.617019],[-64.932438,-9.617359],[-64.931293,-9.617428],[-64.930833,-9.617421],[-64.930378,-9.617368],[-64.929703,-9.617233],[-64.929262,-9.617107],[-64.928625,-9.61685],[-64.927624,-9.616298],[-64.908416,-9.604329],[-64.907622,-9.603876],[-64.90701,-9.603565],[-64.906379,-9.603293],[-64.905734,-9.603055],[-64.905295,-9.602921],[-64.904406,-9.602696],[-64.890968,-9.599712],[-64.890076,-9.599494],[-64.889423,-9.599282],[-64.888795,-9.599002],[-64.888015,-9.598526],[-64.887657,-9.598243],[-64.887157,-9.597777],[-64.886855,-9.597437],[-64.883204,-9.592503],[-64.882502,-9.591609],[-64.873976,-9.581831],[-64.871419,-9.578927],[-64.867416,-9.574267],[-64.866928,-9.573789],[-64.86638,-9.573379],[-64.865791,-9.573027],[-64.865166,-9.572745],[-64.864512,-9.572531],[-64.864064,-9.572433],[-64.86338,-9.572358],[-64.862922,-9.57236],[-64.862464,-9.572396],[-64.861327,-9.572556],[-64.860641,-9.57261],[-64.859953,-9.572598],[-64.859277,-9.572474],[-64.858841,-9.572334],[-64.858419,-9.572156],[-64.858016,-9.571939],[-64.857635,-9.571687],[-64.857124,-9.571233],[-64.856833,-9.570883],[-64.856567,-9.570515],[-64.856344,-9.57012],[-64.856161,-9.569706],[-64.85293,-9.560759],[-64.852432,-9.559495],[-64.852226,-9.559091],[-64.851981,-9.558708],[-64.851708,-9.558345],[-64.851409,-9.558002],[-64.850898,-9.557547],[-64.850336,-9.557155],[-64.84718,-9.555305],[-64.845824,-9.554455],[-64.844004,-9.553077],[-64.838973,-9.549136],[-64.838639,-9.548827],[-64.838332,-9.548491],[-64.83806,-9.548127],[-64.837941,-9.547933],[-64.837528,-9.547126],[-64.836914,-9.545664],[-64.836356,-9.544424],[-64.83602,-9.543832],[-64.835612,-9.543286],[-64.835313,-9.542943],[-64.834814,-9.542476],[-64.832832,-9.540935],[-64.829799,-9.538515],[-64.829458,-9.538213],[-64.828992,-9.537714],[-64.828718,-9.537352],[-64.827623,-9.535627],[-64.827196,-9.535095],[-64.826877,-9.534769],[-64.826356,-9.534326],[-64.825778,-9.533959],[-64.825163,-9.533655],[-64.823891,-9.533134],[-64.823489,-9.532915],[-64.823102,-9.532672],[-64.821651,-9.531564],[-64.820724,-9.530897],[-64.818729,-9.529372],[-64.81707,-9.528159],[-64.816559,-9.527706],[-64.816246,-9.527375],[-64.815826,-9.526837],[-64.815584,-9.526453],[-64.815369,-9.526053],[-64.815106,-9.525427],[-64.811794,-9.515551],[-64.81111,-9.513631],[-64.809509,-9.508914],[-64.809275,-9.508276],[-64.808992,-9.507658],[-64.808649,-9.507071],[-64.808236,-9.506528],[-64.807935,-9.506187],[-64.80761,-9.505867],[-64.807085,-9.505428],[-64.801347,-9.50091],[-64.798865,-9.498899],[-64.789183,-9.491272],[-64.760016,-9.46891],[-64.733445,-9.448787],[-64.732865,-9.44842],[-64.72755,-9.445278],[-64.708022,-9.433824],[-64.707264,-9.433314],[-64.705424,-9.431961],[-64.704292,-9.431189],[-64.702935,-9.430341],[-64.699966,-9.428623],[-64.699227,-9.428086],[-64.698714,-9.427634],[-64.698392,-9.427312],[-64.698085,-9.426976],[-64.697665,-9.426438],[-64.697167,-9.425679],[-64.696846,-9.425079],[-64.696575,-9.424455],[-64.696418,-9.42403],[-64.696121,-9.422939],[-64.694438,-9.41497],[-64.694317,-9.414534],[-64.693938,-9.413467],[-64.693575,-9.412636],[-64.683459,-9.390591],[-64.680926,-9.385019],[-64.676467,-9.375342],[-64.676294,-9.374924],[-64.67615,-9.374495],[-64.675995,-9.373834],[-64.675924,-9.373387],[-64.67573,-9.371362],[-64.675662,-9.370915],[-64.675563,-9.370473],[-64.675355,-9.369827],[-64.675075,-9.369207],[-64.674735,-9.368618],[-64.674336,-9.368066],[-64.673874,-9.367564],[-64.662463,-9.357071],[-64.661433,-9.356171],[-64.660684,-9.355648],[-64.660099,-9.355289],[-64.659495,-9.354963],[-64.657236,-9.353852],[-64.655197,-9.352813],[-64.63554,-9.342995],[-64.634756,-9.342525],[-64.63422,-9.342099],[-64.633588,-9.341443],[-64.633179,-9.340899],[-64.633057,-9.340707],[-64.632739,-9.340106],[-64.632478,-9.339479],[-64.632291,-9.338826],[-64.629865,-9.328009],[-64.629728,-9.327578],[-64.629556,-9.327159],[-64.629244,-9.326555],[-64.628874,-9.325984],[-64.628433,-9.325463],[-64.627761,-9.324848],[-64.627395,-9.324574],[-64.627011,-9.324327],[-64.609998,-9.314912],[-64.607006,-9.313233],[-64.606241,-9.312733],[-64.605896,-9.312436],[-64.605276,-9.311769],[-64.604997,-9.311409],[-64.604614,-9.310846],[-64.597316,-9.299074],[-64.59682,-9.298314],[-64.596403,-9.297774],[-64.596242,-9.297612],[-64.595916,-9.297294],[-64.595385,-9.296862],[-64.594632,-9.296346],[-64.582854,-9.28931],[-64.58224,-9.289004],[-64.581813,-9.288838],[-64.581372,-9.288713],[-64.580696,-9.288586],[-64.580467,-9.288565],[-64.57955,-9.288549],[-64.579093,-9.288589],[-64.562703,-9.290714],[-64.562246,-9.290753],[-64.561787,-9.29076],[-64.5611,-9.290707],[-64.560648,-9.290631],[-64.55998,-9.290466],[-64.559333,-9.290233],[-64.550629,-9.286702],[-64.54907,-9.286331],[-64.547988,-9.285953],[-64.547355,-9.285685],[-64.546738,-9.285384],[-64.545543,-9.28471],[-64.545359,-9.284576],[-64.53326,-9.279665],[-64.532616,-9.279424],[-64.532175,-9.279299],[-64.478718,-9.268146],[-64.42907,-9.257835],[-64.426145,-9.257251],[-64.42546,-9.257175],[-64.424772,-9.25717],[-64.395653,-9.258669],[-64.39497,-9.258752],[-64.394084,-9.258986],[-64.393655,-9.259148],[-64.392197,-9.259813],[-64.391983,-9.259894],[-64.391537,-9.260004],[-64.391081,-9.260047],[-64.390852,-9.260038],[-64.390403,-9.259945],[-64.390185,-9.259874],[-64.389774,-9.259676],[-64.389393,-9.259422],[-64.386944,-9.257373],[-64.386191,-9.256856],[-64.385993,-9.256742],[-64.382074,-9.254855],[-64.38167,-9.25464],[-64.381281,-9.2544],[-64.380913,-9.25413],[-64.380577,-9.253823],[-64.378521,-9.251692],[-64.377992,-9.251258],[-64.377424,-9.250875],[-64.374414,-9.249228],[-64.351272,-9.236709],[-64.350493,-9.236231],[-64.349952,-9.235813],[-64.346803,-9.23284],[-64.346374,-9.23231],[-64.346135,-9.231924],[-64.345926,-9.231521],[-64.345758,-9.2311],[-64.34558,-9.230445],[-64.343606,-9.221613],[-64.343336,-9.220749],[-64.343159,-9.220332],[-64.342945,-9.219932],[-64.342576,-9.21936],[-64.342298,-9.219],[-64.341997,-9.218659],[-64.341506,-9.218183],[-64.338135,-9.215113],[-64.337507,-9.214453],[-64.337097,-9.213909],[-64.336751,-9.213324],[-64.333311,-9.205923],[-64.332973,-9.205332],[-64.332582,-9.204774],[-64.332287,-9.204428],[-64.331621,-9.203805],[-64.331071,-9.203398],[-64.330678,-9.203163],[-64.33006,-9.202867],[-64.326219,-9.201365],[-64.325595,-9.201077],[-64.325007,-9.200726],[-64.324274,-9.200181],[-64.320596,-9.19711],[-64.320052,-9.196695],[-64.319666,-9.19645],[-64.319047,-9.196154],[-64.318617,-9.195995],[-64.318177,-9.195868],[-64.317498,-9.195754],[-64.31704,-9.195723],[-64.316352,-9.195752],[-64.315899,-9.19582],[-64.31545,-9.195915],[-64.284964,-9.20521],[-64.283851,-9.205487],[-64.28317,-9.205581],[-64.282254,-9.20565],[-64.281566,-9.205628],[-64.280653,-9.205529],[-64.279976,-9.205408],[-64.279312,-9.205227],[-64.278662,-9.205002],[-64.27803,-9.204734],[-64.277822,-9.204638],[-64.274402,-9.202786],[-64.265576,-9.197946],[-64.251788,-9.190264],[-64.231301,-9.179091],[-64.213211,-9.169256],[-64.196508,-9.160223],[-64.157348,-9.138852],[-64.114309,-9.115048],[-64.104513,-9.109601],[-64.104129,-9.109352],[-64.103769,-9.109073],[-64.103098,-9.108455],[-64.084382,-9.088545],[-64.084053,-9.08823],[-64.0837,-9.087941],[-64.083331,-9.087672],[-64.082943,-9.08743],[-64.08007,-9.086011],[-64.055975,-9.074317],[-64.055335,-9.074066],[-64.054894,-9.07394],[-64.054446,-9.073843],[-64.03554,-9.07149],[-64.035091,-9.071397],[-64.034223,-9.071103],[-64.033601,-9.070814],[-64.033012,-9.070462],[-64.032469,-9.070046],[-64.019312,-9.059107],[-64.018589,-9.058549],[-64.018204,-9.058303],[-64.011205,-9.054415],[-64.010817,-9.054173],[-64.010271,-9.053761],[-64.009936,-9.053452],[-64.009626,-9.053118],[-64.009074,-9.052396],[-64.00647,-9.047872],[-64.006097,-9.047047],[-64.005832,-9.046181],[-64.005785,-9.04596],[-64.005717,-9.045513],[-64.005666,-9.044837],[-64.005661,-9.044611],[-64.005708,-9.043934],[-64.005774,-9.043487],[-64.005931,-9.042826],[-64.006139,-9.04218],[-64.009155,-9.03436],[-64.011564,-9.028006],[-64.011731,-9.027348],[-64.011832,-9.026677],[-64.011858,-9.026],[-64.011819,-9.025323],[-64.011656,-9.024433],[-64.00163,-8.981929],[-64.001445,-8.981276],[-64.001044,-8.980216],[-64.000654,-8.979398],[-64.000327,-8.978801],[-63.99401,-8.968295],[-63.98227,-8.948865],[-63.981712,-8.947877],[-63.98109,-8.946667],[-63.976252,-8.936167],[-63.946739,-8.870652],[-63.945732,-8.868371],[-63.945409,-8.867525],[-63.945019,-8.866224],[-63.94482,-8.865342],[-63.944677,-8.864448],[-63.944571,-8.863323],[-63.94454,-8.862419],[-63.944528,-8.85722],[-63.944477,-8.85677],[-63.944396,-8.856325],[-63.944271,-8.85589],[-63.94412,-8.855463],[-63.943838,-8.854845],[-63.943486,-8.854262],[-63.943076,-8.853718],[-63.942612,-8.853218],[-63.94227,-8.852917],[-63.941905,-8.852643],[-63.939628,-8.851115],[-63.93909,-8.850692],[-63.938613,-8.850204],[-63.938329,-8.849849],[-63.938067,-8.849478],[-63.937829,-8.849091],[-63.937616,-8.848691],[-63.937364,-8.848059],[-63.937178,-8.847407],[-63.937069,-8.846737],[-63.937041,-8.84606],[-63.9372,-8.843125],[-63.937181,-8.8429],[-63.93722,-8.841996],[-63.937211,-8.841092],[-63.937299,-8.839738],[-63.937432,-8.838616],[-63.937527,-8.838175],[-63.937612,-8.836595],[-63.937533,-8.835925],[-63.937464,-8.835024],[-63.937534,-8.83367],[-63.937716,-8.832554],[-63.937784,-8.831879],[-63.937737,-8.831431],[-63.93764,-8.83099],[-63.937508,-8.830556],[-63.937342,-8.830135],[-63.93714,-8.829729],[-63.936909,-8.829338],[-63.936509,-8.828786],[-63.936049,-8.828282],[-63.935529,-8.827838],[-63.934974,-8.827437],[-63.926282,-8.821937],[-63.92553,-8.821418],[-63.925168,-8.821139],[-63.92449,-8.82053],[-63.923716,-8.819695],[-63.92343,-8.819341],[-63.923262,-8.819188],[-63.922964,-8.818844],[-63.922315,-8.818204],[-63.922014,-8.817863],[-63.92134,-8.816949],[-63.921105,-8.81656],[-63.920797,-8.815954],[-63.920567,-8.815562],[-63.91936,-8.813911],[-63.919004,-8.813331],[-63.91634,-8.807569],[-63.915742,-8.806348],[-63.915072,-8.804909],[-63.914353,-8.803494],[-63.913899,-8.802456],[-63.913484,-8.801402],[-63.913201,-8.800783],[-63.912881,-8.800183],[-63.91248,-8.799631],[-63.912021,-8.799126],[-63.88409,-8.772279],[-63.883258,-8.7715],[-63.883084,-8.771353],[-63.882889,-8.771238],[-63.882668,-8.771177],[-63.882441,-8.771169],[-63.882217,-8.771214],[-63.882012,-8.771316],[-63.881845,-8.77147],[-63.881809,-8.771691],[-63.881917,-8.771879],[-63.882133,-8.771889],[-63.882334,-8.771781],[-63.882844,-8.771325],[-63.88299,-8.771152],[-63.883232,-8.770767],[-63.883431,-8.770361],[-63.883498,-8.770145],[-63.88352,-8.76992],[-63.8835,-8.769697],[-63.883543,-8.769247],[-63.883618,-8.768801],[-63.883877,-8.7677],[-63.885882,-8.758411],[-63.885827,-8.758262],[-63.885366,-8.758194],[-63.885821,-8.758258],[-63.885946,-8.758137],[-63.886057,-8.757699],[-63.886265,-8.75773],[-63.886332,-8.757878],[-63.886116,-8.758757],[-63.885859,-8.760089],[-63.885398,-8.762073],[-63.885178,-8.763182],[-63.883711,-8.769809],[-63.883515,-8.770459],[-63.883324,-8.77087],[-63.883064,-8.771242],[-63.882751,-8.771571],[-63.882576,-8.771717],[-63.8822,-8.771976],[-63.880249,-8.773169],[-63.876462,-8.775302],[-63.864549,-8.782112],[-63.863576,-8.782713],[-63.862436,-8.783473],[-63.861439,-8.784034],[-63.860604,-8.784409],[-63.859994,-8.784724],[-63.857015,-8.786427],[-63.856862,-8.786587],[-63.856734,-8.786774],[-63.849602,-8.790888],[-63.848229,-8.791711],[-63.848027,-8.791817],[-63.847373,-8.792027],[-63.847162,-8.792115],[-63.843798,-8.794064],[-63.842867,-8.794724],[-63.841297,-8.795662],[-63.839848,-8.796346],[-63.832519,-8.800575],[-63.832104,-8.80077],[-63.831678,-8.800937],[-63.83102,-8.801135],[-63.830343,-8.801261],[-63.829657,-8.801317],[-63.829198,-8.80131],[-63.828288,-8.801191],[-63.827844,-8.80108],[-63.826523,-8.800692],[-63.825855,-8.800529],[-63.825401,-8.800461],[-63.824485,-8.80041],[-63.820352,-8.800421],[-63.819894,-8.80045],[-63.819211,-8.800542],[-63.818524,-8.800579],[-63.817376,-8.80057],[-63.816689,-8.800528],[-63.815776,-8.800438],[-63.814398,-8.80042],[-63.799245,-8.80045],[-63.797412,-8.80056],[-63.795805,-8.800557],[-63.794199,-8.800501],[-63.780883,-8.80057],[-63.774454,-8.80063],[-63.767566,-8.8006],[-63.765502,-8.800689],[-63.762288,-8.800629],[-63.759304,-8.8006],[-63.75839,-8.800689],[-63.757726,-8.800866],[-63.756864,-8.80118],[-63.755799,-8.801601],[-63.754775,-8.802111],[-63.754141,-8.802376],[-63.752602,-8.80283],[-63.751304,-8.803284],[-63.750636,-8.803448],[-63.750184,-8.803526],[-63.749498,-8.80358],[-63.749039,-8.803577],[-63.748127,-8.803472],[-63.747903,-8.803426],[-63.747023,-8.80317],[-63.746384,-8.802915],[-63.745132,-8.802351],[-63.744065,-8.801932],[-63.7424,-8.801169],[-63.741975,-8.800998],[-63.741098,-8.800732],[-63.740646,-8.800651],[-63.739961,-8.800583],[-63.739732,-8.80058],[-63.734221,-8.80058],[-63.733075,-8.800637],[-63.731468,-8.80064],[-63.730093,-8.80057],[-63.720909,-8.80057],[-63.72045,-8.800553],[-63.719544,-8.800413],[-63.719101,-8.800293],[-63.718887,-8.800211],[-63.718676,-8.800122],[-63.718068,-8.799805],[-63.716136,-8.798583],[-63.71573,-8.798372],[-63.715306,-8.798199],[-63.714872,-8.798053],[-63.714428,-8.797938],[-63.713974,-8.797871],[-63.713056,-8.797858],[-63.711912,-8.797948],[-63.711684,-8.79793],[-63.709625,-8.79811],[-63.709404,-8.79817],[-63.708489,-8.798243],[-63.707353,-8.798405],[-63.706895,-8.798425],[-63.70598,-8.798355],[-63.704636,-8.798067],[-63.689111,-8.796442],[-63.687509,-8.796344],[-63.687279,-8.796346],[-63.686595,-8.796425],[-63.686136,-8.79643],[-63.685688,-8.796341],[-63.684819,-8.79605],[-63.684375,-8.79594],[-63.610869,-8.788153],[-63.499507,-8.776018],[-63.491523,-8.775116],[-63.486274,-8.774553],[-63.486045,-8.774532],[-63.485818,-8.774559],[-63.485129,-8.774544],[-63.482835,-8.774636],[-63.48238,-8.77469],[-63.48171,-8.774845],[-63.481061,-8.775074],[-63.48044,-8.775366],[-63.480043,-8.775593],[-63.479669,-8.775855],[-63.479143,-8.776292],[-63.477892,-8.777616],[-63.476717,-8.778692],[-63.474398,-8.781498],[-63.473994,-8.782046],[-63.473644,-8.78263],[-63.456706,-8.818509],[-63.449586,-8.8337],[-63.449123,-8.834734],[-63.448959,-8.835156],[-63.448639,-8.836242],[-63.437686,-8.901144],[-63.421242,-8.999756],[-63.421125,-9.000653],[-63.42109,-9.00133],[-63.421549,-9.011268],[-63.42154,-9.011946],[-63.421474,-9.012621],[-63.420938,-9.015283],[-63.413655,-9.050278],[-63.413494,-9.050937],[-63.413274,-9.05158],[-63.412981,-9.052194],[-63.412632,-9.052778],[-63.412223,-9.053323],[-63.411918,-9.053661],[-63.411079,-9.054433],[-63.401003,-9.063006],[-63.38713,-9.07486],[-63.38679,-9.075165],[-63.38605,-9.076027],[-63.385557,-9.0765],[-63.38485,-9.077077],[-63.38393,-9.077753],[-63.383216,-9.078321],[-63.382714,-9.078786],[-63.38168,-9.079682],[-63.380707,-9.080643],[-63.380366,-9.080945],[-63.379444,-9.081617],[-63.378841,-9.081945],[-63.378206,-9.082206],[-63.37733,-9.082475],[-63.376467,-9.082782],[-63.375802,-9.082961],[-63.375127,-9.083092],[-63.374672,-9.083155],[-63.373756,-9.083217],[-63.372838,-9.083199],[-63.372154,-9.083126],[-63.371474,-9.083016],[-63.370583,-9.082798],[-63.340403,-9.072581],[-63.339733,-9.072422],[-63.339507,-9.072384],[-63.338592,-9.07231],[-63.320684,-9.072359],[-63.319996,-9.07239],[-63.31954,-9.072442],[-63.319089,-9.072526],[-63.318428,-9.072714],[-63.317789,-9.072966],[-63.317379,-9.07317],[-63.271758,-9.097984],[-63.271167,-9.098333],[-63.270614,-9.098737],[-63.270269,-9.099035],[-63.269807,-9.099538],[-63.269536,-9.099902],[-63.269182,-9.100483],[-63.268987,-9.100893],[-63.268822,-9.101315],[-63.268693,-9.101748],[-63.268548,-9.102411],[-63.266668,-9.112645],[-63.266477,-9.113297],[-63.266101,-9.114122],[-63.265868,-9.114511],[-63.265734,-9.114694],[-63.265296,-9.115217],[-63.227744,-9.152737],[-63.220536,-9.160025],[-63.200426,-9.180504],[-63.194646,-9.186323],[-63.193323,-9.187883],[-63.19181,-9.18927],[-63.189403,-9.191696],[-63.188745,-9.192326],[-63.187651,-9.193485],[-63.187206,-9.194002],[-63.186265,-9.194993],[-63.185604,-9.195621],[-63.184891,-9.196189],[-63.180225,-9.200865],[-63.179692,-9.201601],[-63.179094,-9.202287],[-63.178603,-9.202761],[-63.177235,-9.203969],[-63.176918,-9.204295],[-63.176364,-9.205016],[-63.176122,-9.2054],[-63.175906,-9.205799],[-63.175644,-9.206427],[-63.175564,-9.206638],[-63.175387,-9.207294],[-63.175161,-9.208631],[-63.175068,-9.209074],[-63.174893,-9.20973],[-63.174616,-9.210592],[-63.17445,-9.211013],[-63.174251,-9.21142],[-63.174185,-9.211636],[-63.133286,-9.370528],[-63.125613,-9.401499],[-63.12362,-9.409631],[-63.123435,-9.410284],[-63.123187,-9.410917],[-63.122878,-9.411522],[-63.122645,-9.411912],[-63.121522,-9.41362],[-63.121199,-9.414219],[-63.12081,-9.415038],[-63.120466,-9.415626],[-63.116444,-9.42168],[-63.116018,-9.422212],[-63.115413,-9.422893],[-63.115004,-9.423439],[-63.106078,-9.436871],[-63.103473,-9.440866],[-63.103059,-9.441673],[-63.10282,-9.442308],[-63.102695,-9.442743],[-63.102506,-9.443628],[-63.10243,-9.444528],[-63.101811,-9.472105],[-63.101829,-9.472557],[-63.101916,-9.473229],[-63.102015,-9.473671],[-63.102219,-9.474318],[-63.102492,-9.474941],[-63.103644,-9.477154],[-63.103819,-9.477571],[-63.103878,-9.47779],[-63.103907,-9.478014],[-63.103902,-9.47824],[-63.103801,-9.47868],[-63.103599,-9.479084],[-63.103459,-9.479262],[-63.103295,-9.47942],[-63.103111,-9.479554],[-63.102702,-9.479759],[-63.10121,-9.480347],[-63.100795,-9.480538],[-63.100598,-9.480654],[-63.100418,-9.480793],[-63.100102,-9.48112],[-63.099813,-9.481472],[-63.095527,-9.487067],[-63.090659,-9.493363],[-63.079558,-9.507489],[-63.079164,-9.508045],[-63.07905,-9.508241],[-63.078832,-9.508639],[-63.078647,-9.509053],[-63.078485,-9.509476],[-63.078363,-9.509912],[-63.078208,-9.510802],[-63.076002,-9.549403],[-63.071911,-9.615526],[-63.071933,-9.616203],[-63.072012,-9.617104],[-63.075705,-9.649003],[-63.075798,-9.649675],[-63.075955,-9.650335],[-63.076177,-9.650977],[-63.076368,-9.651388],[-63.076706,-9.651979],[-63.079019,-9.655351],[-63.079762,-9.656212],[-63.08027,-9.65667],[-63.080631,-9.656949],[-63.081203,-9.657326],[-63.097238,-9.667042],[-63.097789,-9.667448],[-63.098453,-9.668072],[-63.098889,-9.668597],[-63.099144,-9.668972],[-63.099371,-9.669366],[-63.099571,-9.669772],[-63.099813,-9.670407],[-63.099984,-9.671064],[-63.100258,-9.672852],[-63.10037,-9.67329],[-63.100611,-9.673925],[-63.103152,-9.679244],[-63.103491,-9.679835],[-63.10497,-9.682124],[-63.105267,-9.682735],[-63.105567,-9.683589],[-63.10705,-9.688815],[-63.10731,-9.689916],[-63.107425,-9.690585],[-63.109042,-9.701548],[-63.109215,-9.702436],[-63.109343,-9.70287],[-63.109579,-9.703508],[-63.109873,-9.704121],[-63.110099,-9.704514],[-63.118665,-9.717368],[-63.11925,-9.718339],[-63.11944,-9.718751],[-63.119595,-9.719177],[-63.119767,-9.719833],[-63.11985,-9.720278],[-63.1199,-9.720954],[-63.119929,-9.722537],[-63.119921,-9.722989],[-63.119824,-9.72366],[-63.119695,-9.724094],[-63.119524,-9.724513],[-63.119306,-9.72491],[-63.119033,-9.725273],[-63.118564,-9.725769],[-63.11421,-9.72979],[-63.113892,-9.730116],[-63.11347,-9.730653],[-63.11311,-9.73123],[-63.112907,-9.731636],[-63.112585,-9.732482],[-63.112427,-9.733142],[-63.112339,-9.733814],[-63.112279,-9.736979],[-63.111822,-9.751441],[-63.111796,-9.751666],[-63.111635,-9.752325],[-63.111454,-9.75274],[-63.11121,-9.753124],[-63.110906,-9.753461],[-63.110565,-9.753763],[-63.110179,-9.754007],[-63.109972,-9.754103],[-63.109545,-9.75427],[-63.1091,-9.754378],[-63.108872,-9.754401],[-63.108413,-9.754399],[-63.108185,-9.75438],[-63.107511,-9.754241],[-63.100814,-9.752654],[-63.100361,-9.752579],[-63.099903,-9.752578],[-63.099447,-9.752629],[-63.099007,-9.752758],[-63.098588,-9.752943],[-63.0982,-9.753184],[-63.097854,-9.75348],[-63.0977,-9.753648],[-63.097431,-9.754014],[-63.097208,-9.754408],[-63.097044,-9.75483],[-63.096914,-9.755264],[-63.095569,-9.760526],[-63.095302,-9.761391],[-63.094635,-9.763317],[-63.094363,-9.764181],[-63.094221,-9.764844],[-63.094043,-9.766417],[-63.093876,-9.767306],[-63.091402,-9.777184],[-63.090059,-9.782446],[-63.087361,-9.792735],[-63.084721,-9.803039],[-63.084525,-9.803689],[-63.084361,-9.804111],[-63.084169,-9.804522],[-63.083941,-9.804914],[-63.083689,-9.805292],[-63.083415,-9.805654],[-63.083269,-9.805829],[-63.082787,-9.806313],[-63.082252,-9.806739],[-63.081873,-9.806994],[-63.081269,-9.807319],[-63.077292,-9.809085],[-63.07668,-9.809395],[-63.07611,-9.809776],[-63.075595,-9.810225],[-63.075285,-9.810559],[-63.074879,-9.811106],[-63.074438,-9.811898],[-63.074281,-9.812323],[-63.074103,-9.812978],[-63.074028,-9.813424],[-63.073995,-9.813875],[-63.074018,-9.815683],[-63.073985,-9.816134],[-63.073922,-9.816582],[-63.073048,-9.820095],[-63.072789,-9.820962],[-63.072192,-9.822432],[-63.066499,-9.835772],[-63.066192,-9.836378],[-63.065822,-9.836951],[-63.065409,-9.837493],[-63.064949,-9.837997],[-63.06462,-9.838312],[-63.064271,-9.838606],[-63.062201,-9.840031],[-63.061837,-9.840305],[-63.061495,-9.840607],[-63.061032,-9.841109],[-63.060763,-9.841475],[-63.060414,-9.84206],[-63.06014,-9.842681],[-63.060002,-9.843113],[-63.059857,-9.843775],[-63.05928,-9.846889],[-63.059144,-9.848012],[-63.057071,-9.883676],[-63.057072,-9.8839],[-63.057126,-9.884119],[-63.057186,-9.884566],[-63.056976,-9.885444],[-63.056843,-9.887701],[-63.056943,-9.88837],[-63.056936,-9.888592],[-63.056763,-9.889249],[-63.05674,-9.889473],[-63.05647,-9.894213],[-63.056009,-9.903925],[-63.056011,-9.904149],[-63.056117,-9.904587],[-63.056117,-9.904811],[-63.055928,-9.905461],[-63.055468,-9.914946],[-63.055472,-9.915171],[-63.055586,-9.915839],[-63.055574,-9.916064],[-63.055531,-9.916286],[-63.05537,-9.916945],[-63.054852,-9.927106],[-63.05489,-9.928688],[-63.055643,-9.939062],[-63.05565,-9.939966],[-63.055596,-9.940415],[-63.055465,-9.941081],[-63.055265,-9.941729],[-63.05509,-9.942147],[-63.054774,-9.942749],[-63.051856,-9.947617],[-63.051644,-9.948017],[-63.051462,-9.948432],[-63.051321,-9.948862],[-63.051151,-9.94952],[-63.051051,-9.95019],[-63.050373,-9.960116],[-63.050258,-9.960784],[-63.05014,-9.961221],[-63.05006,-9.961433],[-63.049784,-9.962054],[-63.049558,-9.962447],[-63.049299,-9.96282],[-63.049009,-9.963171],[-63.045269,-9.966842],[-63.044757,-9.967295],[-63.044029,-9.967847],[-63.04326,-9.968341],[-63.037228,-9.971616],[-63.036635,-9.971961],[-63.036262,-9.972224],[-63.035738,-9.972663],[-63.035261,-9.973153],[-63.032974,-9.975983],[-63.03221,-9.976827],[-63.031393,-9.97762],[-63.030513,-9.978346],[-63.022491,-9.984394],[-63.021618,-9.985127],[-63.020796,-9.985916],[-63.020183,-9.986589],[-63.014537,-9.993722],[-63.013885,-9.994652],[-63.01343,-9.995438],[-63.013124,-9.996045],[-63.012071,-9.998552],[-63.011673,-9.999367],[-63.011444,-9.999759],[-63.01107,-10.000329],[-63.010369,-10.001223],[-62.997649,-10.015197],[-62.996387,-10.01651],[-62.993745,-10.019024],[-62.983571,-10.028501],[-62.981512,-10.030305],[-62.979213,-10.032179],[-62.978699,-10.03263],[-62.978229,-10.033125],[-62.977821,-10.033671],[-62.977472,-10.034256],[-62.977173,-10.034867],[-62.976947,-10.035506],[-62.976799,-10.036169],[-62.97674,-10.036617],[-62.976312,-10.041119],[-62.976057,-10.043138],[-62.975731,-10.044918],[-62.973455,-10.05669],[-62.973353,-10.05736],[-62.973323,-10.058037],[-62.973353,-10.058488],[-62.97405,-10.06227],[-62.974097,-10.06272],[-62.974109,-10.063398],[-62.973979,-10.065655],[-62.973461,-10.073098],[-62.972697,-10.085511],[-62.972604,-10.08641],[-62.972453,-10.087071],[-62.972223,-10.087711],[-62.972022,-10.088117],[-62.971675,-10.088702],[-62.971393,-10.089059],[-62.968669,-10.09212],[-62.968174,-10.092592],[-62.967629,-10.093006],[-62.967445,-10.093141],[-62.966665,-10.093619],[-62.956873,-10.098598],[-62.95074,-10.101685],[-62.936335,-10.108704],[-62.935908,-10.108869],[-62.935251,-10.109072],[-62.934344,-10.10921],[-62.933656,-10.109213],[-62.933198,-10.109172],[-62.931395,-10.108832],[-62.930941,-10.108765],[-62.930483,-10.108732],[-62.930024,-10.108738],[-62.929341,-10.108819],[-62.928673,-10.108984],[-62.928025,-10.109212],[-62.919805,-10.112711],[-62.911781,-10.116084],[-62.893592,-10.124213],[-62.892111,-10.124828],[-62.889113,-10.125969],[-62.88784,-10.126486],[-62.880284,-10.129787],[-62.864569,-10.136718],[-62.851315,-10.142422],[-62.85069,-10.142708],[-62.849876,-10.143126],[-62.848717,-10.143859],[-62.847993,-10.144415],[-62.84714,-10.145171],[-62.84651,-10.14583],[-62.845782,-10.146703],[-62.845133,-10.147636],[-62.842967,-10.151364],[-62.842588,-10.15193],[-62.842303,-10.152285],[-62.841991,-10.152616],[-62.841313,-10.153225],[-62.839662,-10.154449],[-62.839128,-10.154878],[-62.838633,-10.155348],[-62.838182,-10.155861],[-62.838047,-10.156044],[-62.837315,-10.157193],[-62.831627,-10.166751],[-62.830989,-10.167953],[-62.827682,-10.174916],[-62.827343,-10.175507],[-62.827091,-10.175884],[-62.826664,-10.176416],[-62.826193,-10.176911],[-62.825682,-10.177366],[-62.824945,-10.177904],[-62.790021,-10.202106],[-62.78926,-10.202613],[-62.788463,-10.203062],[-62.787217,-10.203639],[-62.777789,-10.207801],[-62.776975,-10.208219],[-62.776385,-10.20857],[-62.775816,-10.208952],[-62.775274,-10.20937],[-62.774087,-10.210437],[-62.773932,-10.210603],[-62.77348,-10.211115],[-62.773055,-10.211648],[-62.772541,-10.212397],[-62.771975,-10.21338],[-62.769197,-10.218838],[-62.768962,-10.219226],[-62.768699,-10.219596],[-62.768409,-10.219947],[-62.76809,-10.220271],[-62.767565,-10.22071],[-62.74788,-10.234019],[-62.74715,-10.234568],[-62.746653,-10.235037],[-62.746209,-10.235555],[-62.745828,-10.236119],[-62.745607,-10.236515],[-62.745332,-10.237137],[-62.745124,-10.237783],[-62.74463,-10.239759],[-62.744494,-10.240191],[-62.74416,-10.241033],[-62.743854,-10.24164],[-62.743492,-10.242217],[-62.742098,-10.244291],[-62.741509,-10.244984],[-62.741181,-10.2453],[-62.740827,-10.245588],[-62.740454,-10.245852],[-62.740061,-10.246085],[-62.739653,-10.246293],[-62.73923,-10.246468],[-62.738576,-10.24668],[-62.738353,-10.24673],[-62.737902,-10.246815],[-62.737217,-10.246887],[-62.7363,-10.246863],[-62.729209,-10.24626],[-62.72852,-10.246242],[-62.727833,-10.246287],[-62.727153,-10.24639],[-62.726705,-10.246489],[-62.726264,-10.246616],[-62.725617,-10.246849],[-62.724797,-10.247255],[-62.723647,-10.248001],[-62.708293,-10.259116],[-62.707754,-10.259538],[-62.707241,-10.25999],[-62.706762,-10.260478],[-62.706024,-10.261344],[-62.703801,-10.264223],[-62.703363,-10.264747],[-62.702873,-10.265223],[-62.702516,-10.265507],[-62.702136,-10.26576],[-62.701735,-10.265981],[-62.701104,-10.266252],[-62.700449,-10.26646],[-62.6989,-10.266882],[-62.697822,-10.26727],[-62.69721,-10.26758],[-62.696447,-10.268083],[-62.694977,-10.269167],[-62.689345,-10.273452],[-62.663631,-10.292445],[-62.651284,-10.301481],[-62.637863,-10.311367],[-62.636259,-10.312649],[-62.62077,-10.325424],[-62.620403,-10.325696],[-62.619439,-10.326311],[-62.618639,-10.326753],[-62.61641,-10.327923],[-62.61504,-10.32875],[-62.614111,-10.329415],[-62.599729,-10.340297],[-62.597744,-10.341834],[-62.584721,-10.35258],[-62.584002,-10.353143],[-62.568233,-10.364076],[-62.566054,-10.365736],[-62.55867,-10.371486],[-62.557799,-10.372222],[-62.55686,-10.373215],[-62.550756,-10.379972],[-62.55027,-10.380452],[-62.549576,-10.381044],[-62.549415,-10.381205],[-62.548998,-10.381743],[-62.548391,-10.382703],[-62.547993,-10.383256],[-62.546187,-10.385305],[-62.545395,-10.386123],[-62.54457,-10.386909],[-62.543513,-10.387779],[-62.54144,-10.389199],[-62.52946,-10.397577],[-62.520925,-10.403311],[-62.518097,-10.405247],[-62.516056,-10.406712],[-62.515276,-10.407189],[-62.514467,-10.407616],[-62.514076,-10.407853],[-62.51373,-10.408151],[-62.512934,-10.408965],[-62.51241,-10.409404],[-62.507549,-10.412815],[-62.507378,-10.412966],[-62.507085,-10.413314],[-62.506966,-10.413507],[-62.506556,-10.414315],[-62.50642,-10.414497],[-62.506086,-10.414805],[-62.505678,-10.415011],[-62.504388,-10.415486],[-62.503752,-10.415747],[-62.503133,-10.416044],[-62.502547,-10.416399],[-62.498123,-10.419634],[-62.490973,-10.424943],[-62.489303,-10.42614],[-62.482611,-10.430521],[-62.482422,-10.430649],[-62.482274,-10.430822],[-62.482106,-10.430975],[-62.481752,-10.431262],[-62.479846,-10.432523],[-62.477908,-10.433735],[-62.477483,-10.433896],[-62.476857,-10.434177],[-62.474142,-10.43587],[-62.472627,-10.436893],[-62.4706,-10.438377],[-62.469533,-10.439234],[-62.468906,-10.439894],[-62.468475,-10.440423],[-62.468214,-10.440795],[-62.448865,-10.470476],[-62.448088,-10.471596],[-62.445131,-10.475629],[-62.444482,-10.476561],[-62.444141,-10.47715],[-62.443781,-10.477981],[-62.443577,-10.478628],[-62.443129,-10.480382],[-62.442978,-10.480809],[-62.442789,-10.481221],[-62.442567,-10.481617],[-62.442174,-10.482173],[-62.440216,-10.484392],[-62.440052,-10.48455],[-62.439693,-10.484832],[-62.439297,-10.485061],[-62.439086,-10.485149],[-62.438648,-10.485284],[-62.438424,-10.485334],[-62.437968,-10.48538],[-62.435904,-10.485291],[-62.435216,-10.485311],[-62.434762,-10.485375],[-62.434312,-10.485467],[-62.433656,-10.485674],[-62.433034,-10.485963],[-62.432451,-10.486322],[-62.432087,-10.486599],[-62.431748,-10.486903],[-62.431293,-10.487412],[-62.428463,-10.491256],[-62.428173,-10.491607],[-62.427851,-10.491929],[-62.427488,-10.492205],[-62.426892,-10.492544],[-62.424359,-10.49361],[-62.423737,-10.4939],[-62.423159,-10.494268],[-62.422814,-10.494567],[-62.422511,-10.494906],[-62.422131,-10.495471],[-62.420785,-10.498345],[-62.420451,-10.498939],[-62.420197,-10.499315],[-62.419907,-10.499665],[-62.419589,-10.499991],[-62.419247,-10.500292],[-62.418876,-10.500558],[-62.418488,-10.5008],[-62.40876,-10.506364],[-62.408378,-10.506615],[-62.408021,-10.506899],[-62.407733,-10.50725],[-62.40751,-10.507645],[-62.407354,-10.508069],[-62.407278,-10.508515],[-62.407284,-10.508966],[-62.407363,-10.509411],[-62.407881,-10.511146],[-62.408008,-10.511812],[-62.408016,-10.512038],[-62.407984,-10.512488],[-62.407877,-10.512928],[-62.407635,-10.513562],[-62.404026,-10.521135],[-62.403697,-10.52173],[-62.403414,-10.522085],[-62.40324,-10.522233],[-62.403056,-10.522367],[-62.402647,-10.522571],[-62.402205,-10.522694],[-62.401748,-10.522716],[-62.401292,-10.522661],[-62.397003,-10.521879],[-62.396547,-10.521834],[-62.396318,-10.521843],[-62.395865,-10.521913],[-62.394757,-10.522208],[-62.394546,-10.522295],[-62.394349,-10.522411],[-62.394167,-10.522547],[-62.394016,-10.522718],[-62.393892,-10.522907],[-62.393744,-10.523333],[-62.393725,-10.523557],[-62.393744,-10.523782],[-62.393847,-10.524222],[-62.39479,-10.52701],[-62.395003,-10.52741],[-62.395136,-10.527594],[-62.395917,-10.528423],[-62.396327,-10.528967],[-62.398057,-10.531899],[-62.398266,-10.532301],[-62.39838,-10.532736],[-62.39838,-10.532962],[-62.398346,-10.533185],[-62.398275,-10.533399],[-62.398174,-10.533602],[-62.397791,-10.534166],[-62.38856,-10.546844],[-62.380498,-10.558121],[-62.37835,-10.56133],[-62.377805,-10.562058],[-62.373111,-10.567327],[-62.368972,-10.572748],[-62.367818,-10.574156],[-62.365405,-10.576882],[-62.349951,-10.595397],[-62.33066,-10.618706],[-62.330203,-10.619214],[-62.329879,-10.619534],[-62.328094,-10.620955],[-62.327767,-10.621273],[-62.327626,-10.621451],[-62.327387,-10.621836],[-62.326934,-10.622875],[-62.326734,-10.623282],[-62.326372,-10.623858],[-62.326092,-10.624217],[-62.312017,-10.641212],[-62.291746,-10.665485],[-62.268576,-10.693848],[-62.25541,-10.709531],[-62.248319,-10.718131],[-62.247834,-10.718612],[-62.247479,-10.718899],[-62.247106,-10.719163],[-62.246524,-10.719525],[-62.244356,-10.720802],[-62.241322,-10.722405],[-62.240925,-10.722633],[-62.240545,-10.722886],[-62.240185,-10.723166],[-62.239551,-10.72382],[-62.238602,-10.725096],[-62.238265,-10.725403],[-62.237885,-10.725657],[-62.237467,-10.725844],[-62.237026,-10.725968],[-62.231859,-10.727042],[-62.231428,-10.727196],[-62.231223,-10.727299],[-62.230843,-10.727551],[-62.230517,-10.727868],[-62.230376,-10.728047],[-62.230144,-10.728436],[-62.229888,-10.729065],[-62.227263,-10.737258],[-62.226992,-10.737881],[-62.226638,-10.738463],[-62.226504,-10.738646],[-62.226057,-10.739161],[-62.225545,-10.739614],[-62.224977,-10.739997],[-62.224571,-10.740207],[-62.224147,-10.740382],[-62.223711,-10.740522],[-62.222584,-10.740737],[-62.217134,-10.741532],[-62.211888,-10.74213],[-62.210289,-10.742292],[-62.209831,-10.742316],[-62.209142,-10.742311],[-62.208457,-10.742243],[-62.208005,-10.742165],[-62.20711,-10.741962],[-62.204667,-10.741329],[-62.2038,-10.741034],[-62.203188,-10.740725],[-62.202611,-10.740354],[-62.202086,-10.739915],[-62.198889,-10.736669],[-62.198225,-10.736045],[-62.197675,-10.735637],[-62.19708,-10.735298],[-62.196659,-10.735118],[-62.19601,-10.734892],[-62.195568,-10.734768],[-62.194893,-10.734635],[-62.193977,-10.734595],[-62.193518,-10.734625],[-62.192838,-10.734729],[-62.19218,-10.734927],[-62.191544,-10.735187],[-62.190739,-10.735621],[-62.190171,-10.736005],[-62.188351,-10.737384],[-62.186555,-10.738792],[-62.179471,-10.744185],[-62.178351,-10.744975],[-62.177954,-10.745201],[-62.177335,-10.745499],[-62.171414,-10.747966],[-62.170795,-10.748262],[-62.170406,-10.748501],[-62.170037,-10.748769],[-62.169527,-10.749225],[-62.167563,-10.751438],[-62.167077,-10.751918],[-62.166543,-10.752346],[-62.165964,-10.752714],[-62.165349,-10.753018],[-62.164708,-10.753264],[-62.144668,-10.759837],[-62.143135,-10.760315],[-62.125981,-10.765379],[-62.122237,-10.766466],[-62.108253,-10.770105],[-62.106913,-10.770421],[-62.088294,-10.774415],[-62.061929,-10.779483],[-62.061481,-10.779583],[-62.060824,-10.779785],[-62.060193,-10.780056],[-62.059591,-10.780386],[-62.025129,-10.800285],[-62.02456,-10.800666],[-62.024205,-10.800953],[-62.02356,-10.801595],[-62.023278,-10.801951],[-62.022901,-10.802519],[-62.022684,-10.802917],[-62.022333,-10.803753],[-62.017233,-10.817564],[-62.010585,-10.836112],[-62.010192,-10.83693],[-62.009823,-10.837501],[-62.009547,-10.837863],[-62.009091,-10.838371],[-62.00859,-10.838836],[-62.005771,-10.840783],[-61.976023,-10.860829],[-61.969997,-10.864968],[-61.969812,-10.865101],[-61.96968,-10.865286],[-61.969326,-10.865572],[-61.968017,-10.86649],[-61.966657,-10.867334],[-61.966037,-10.867628],[-61.965606,-10.867784],[-61.96494,-10.867955],[-61.963368,-10.868285],[-61.961338,-10.868666],[-61.960673,-10.868842],[-61.960018,-10.86905],[-61.959378,-10.8693],[-61.958973,-10.869512],[-61.949923,-10.875705],[-61.947637,-10.877219],[-61.945523,-10.878581],[-61.934084,-10.886138],[-61.933546,-10.886561],[-61.932476,-10.887741],[-61.93221,-10.88811],[-61.931859,-10.888693],[-61.931576,-10.889311],[-61.931051,-10.890807],[-61.930823,-10.891682],[-61.930752,-10.892129],[-61.930709,-10.892579],[-61.930564,-10.897325],[-61.930509,-10.900037],[-61.930301,-10.906365],[-61.930329,-10.907721],[-61.930311,-10.90953],[-61.930173,-10.911106],[-61.930115,-10.911553],[-61.929815,-10.919914],[-61.9297,-10.923756],[-61.929651,-10.926468],[-61.929658,-10.927146],[-61.929503,-10.942068],[-61.929474,-10.942745],[-61.929416,-10.943194],[-61.92933,-10.943638],[-61.929142,-10.94429],[-61.928984,-10.944714],[-61.928794,-10.945126],[-61.928452,-10.945714],[-61.928048,-10.946263],[-61.918978,-10.955553],[-61.918537,-10.956074],[-61.918279,-10.956448],[-61.918054,-10.956842],[-61.917861,-10.957253],[-61.917702,-10.957677],[-61.917578,-10.958112],[-61.917488,-10.958556],[-61.917431,-10.959004],[-61.917403,-10.959456],[-61.917288,-10.974829],[-61.91722,-10.978898],[-61.916951,-11.000602],[-61.916958,-11.001054],[-61.916998,-11.001504],[-61.917118,-11.002171],[-61.917303,-11.002825],[-61.917464,-11.003248],[-61.917652,-11.00366],[-61.917991,-11.00425],[-61.918375,-11.004813],[-61.920131,-11.00719],[-61.92891,-11.018794],[-61.929162,-11.019171],[-61.929486,-11.01977],[-61.929739,-11.0204],[-61.92993,-11.021051],[-61.93008,-11.021943],[-61.9301,-11.022394],[-61.93008,-11.035508],[-61.93006,-11.036638],[-61.93005,-11.042969],[-61.93002,-11.045682],[-61.930013,-11.053821],[-61.929975,-11.055403],[-61.929926,-11.055853],[-61.929802,-11.056519],[-61.929669,-11.056952],[-61.929505,-11.057374],[-61.929216,-11.057989],[-61.909584,-11.095335],[-61.90256,-11.108557],[-61.902261,-11.109168],[-61.902012,-11.109801],[-61.901787,-11.110677],[-61.901711,-11.111123],[-61.901649,-11.112025],[-61.901429,-11.124685],[-61.901355,-11.126492],[-61.901161,-11.129425],[-61.90114,-11.131007],[-61.90164,-11.152028],[-61.90168,-11.164689],[-61.901541,-11.19589],[-61.901551,-11.196115],[-61.90164,-11.196558],[-61.901754,-11.197455],[-61.90178,-11.197906],[-61.901793,-11.201071],[-61.901688,-11.201969],[-61.901611,-11.202414],[-61.902119,-11.244917],[-61.90213,-11.25803],[-61.90204,-11.278152],[-61.901981,-11.282447],[-61.901886,-11.283119],[-61.901721,-11.283777],[-61.901578,-11.284206],[-61.901295,-11.284825],[-61.900851,-11.285616],[-61.894956,-11.295579],[-61.893321,-11.298304],[-61.883536,-11.314932],[-61.878213,-11.324175],[-61.876544,-11.326881],[-61.873753,-11.331295],[-61.873342,-11.331839],[-61.865878,-11.340427],[-61.844373,-11.364858],[-61.843713,-11.365486],[-61.843166,-11.365897],[-61.842575,-11.366244],[-61.841952,-11.366534],[-61.812253,-11.37864],[-61.811818,-11.378784],[-61.811598,-11.378848],[-61.796751,-11.381832],[-61.789781,-11.383253],[-61.776092,-11.386168],[-61.764657,-11.388647],[-61.764203,-11.388718],[-61.763515,-11.388749],[-61.763058,-11.388716],[-61.752182,-11.386965],[-61.691782,-11.376645],[-61.689291,-11.376238],[-61.688605,-11.376172],[-61.687917,-11.37615],[-61.675986,-11.376585],[-61.675075,-11.376692],[-61.674403,-11.37684],[-61.673963,-11.376969],[-61.67332,-11.377213],[-61.672904,-11.377403],[-61.672304,-11.377737],[-61.671733,-11.378116],[-61.671206,-11.378553],[-61.670876,-11.378867],[-61.670416,-11.379371],[-61.669997,-11.37991],[-61.632835,-11.432671],[-61.632543,-11.433019],[-61.632053,-11.433496],[-61.631701,-11.433786],[-61.631135,-11.434173],[-61.630734,-11.434392],[-61.630102,-11.434662],[-61.62967,-11.434816],[-61.629003,-11.434982],[-61.628549,-11.435048],[-61.628092,-11.435086],[-61.481507,-11.441076],[-61.480818,-11.441089],[-61.480131,-11.441047],[-61.479229,-11.440876],[-61.478791,-11.440742],[-61.478153,-11.440487],[-61.477742,-11.440285],[-61.47716,-11.439923],[-61.468813,-11.434319],[-61.468218,-11.433978],[-61.467805,-11.433782],[-61.467152,-11.433566],[-61.466705,-11.433464],[-61.466021,-11.433383],[-61.465562,-11.433373],[-61.465104,-11.433394],[-61.464427,-11.433515],[-61.463984,-11.433632],[-61.463556,-11.433796],[-61.463344,-11.433883],[-61.462732,-11.434195],[-61.447286,-11.443118],[-61.446875,-11.44332],[-61.44601,-11.443623],[-61.43539,-11.446519],[-61.434738,-11.446737],[-61.434125,-11.447046],[-61.433552,-11.447421],[-61.433202,-11.447713],[-61.4288,-11.452011],[-61.428609,-11.452419],[-61.428551,-11.452637],[-61.428439,-11.452828],[-61.427599,-11.453171],[-61.425641,-11.45508],[-61.42511,-11.455511],[-61.42436,-11.456033],[-61.423769,-11.456382],[-61.413983,-11.461846],[-61.401644,-11.468836],[-61.400865,-11.469314],[-61.399963,-11.470013],[-61.399142,-11.470803],[-61.379194,-11.491435],[-61.37838,-11.492232],[-61.372999,-11.497801],[-61.370644,-11.500275],[-61.362712,-11.508447],[-61.362215,-11.508916],[-61.36186,-11.509203],[-61.360758,-11.510017],[-61.341988,-11.523427],[-61.340852,-11.524194],[-61.340052,-11.524638],[-61.32851,-11.530217],[-61.327701,-11.530644],[-61.326931,-11.531136],[-61.321223,-11.535323],[-61.320457,-11.535821],[-61.320054,-11.536037],[-61.319416,-11.536294],[-61.31853,-11.536529],[-61.307986,-11.53879],[-61.307549,-11.538928],[-61.307125,-11.5391],[-61.306714,-11.539303],[-61.306329,-11.539547],[-61.305961,-11.539818],[-61.30562,-11.540121],[-61.297631,-11.548239],[-61.297016,-11.54891],[-61.282419,-11.566653],[-61.280943,-11.568385],[-61.280113,-11.569166],[-61.25716,-11.587954],[-61.256595,-11.588341],[-61.255992,-11.588668],[-61.247337,-11.592855],[-61.237022,-11.598313],[-61.233302,-11.600557],[-61.223162,-11.606762],[-61.222437,-11.607315],[-61.222105,-11.607628],[-61.221638,-11.608125],[-61.216258,-11.615174],[-61.203675,-11.632162],[-61.198504,-11.639082],[-61.195677,-11.642928],[-61.195293,-11.64349],[-61.194856,-11.644285],[-61.19459,-11.644911],[-61.194332,-11.645779],[-61.191974,-11.656379],[-61.191957,-11.6566],[-61.192009,-11.65682],[-61.192059,-11.657269],[-61.191985,-11.657475],[-61.191713,-11.657838],[-61.191613,-11.658037],[-61.191222,-11.659804],[-61.191117,-11.660475],[-61.191074,-11.660925],[-61.191063,-11.661377],[-61.191094,-11.662054],[-61.191917,-11.666961],[-61.191996,-11.667635],[-61.192008,-11.668087],[-61.191987,-11.668538],[-61.191928,-11.668986],[-61.191832,-11.669428],[-61.191705,-11.669863],[-61.191621,-11.670073],[-61.1896,-11.674877],[-61.18732,-11.680065],[-61.187011,-11.680671],[-61.18645,-11.681657],[-61.182996,-11.687525],[-61.182868,-11.688185],[-61.182224,-11.688818],[-61.181971,-11.689195],[-61.181688,-11.689551],[-61.181229,-11.690057],[-61.180903,-11.690374],[-61.174411,-11.69577],[-61.173742,-11.696389],[-61.173153,-11.697083],[-61.168796,-11.702909],[-61.168348,-11.703424],[-61.167694,-11.704058],[-61.139796,-11.725448],[-61.139215,-11.725812],[-61.138814,-11.726032],[-61.126977,-11.730975],[-61.125947,-11.731473],[-61.125357,-11.731823],[-61.124803,-11.732225],[-61.124112,-11.73282],[-61.115702,-11.740515],[-61.110974,-11.744805],[-61.110624,-11.745097],[-61.110256,-11.745368],[-61.109673,-11.745728],[-61.108852,-11.746134],[-61.108209,-11.746376],[-61.107548,-11.746565],[-61.09792,-11.748713],[-61.097256,-11.748895],[-61.096409,-11.749243],[-61.095604,-11.749678],[-61.094859,-11.750206],[-61.094184,-11.750818],[-61.093294,-11.751852],[-61.076689,-11.773503],[-61.062947,-11.791332],[-61.062357,-11.792025],[-61.062039,-11.792351],[-61.06152,-11.792796],[-61.060969,-11.793203],[-61.048809,-11.800916],[-61.048256,-11.801321],[-61.047736,-11.801764],[-61.047256,-11.80225],[-61.046961,-11.802597],[-61.046435,-11.803338],[-61.027298,-11.833151],[-61.026886,-11.833695],[-61.026438,-11.83421],[-61.02283,-11.838007],[-61.022388,-11.838527],[-61.021988,-11.839079],[-61.021752,-11.839467],[-61.018322,-11.84612],[-61.017984,-11.84671],[-61.017731,-11.847088],[-61.011876,-11.854633],[-60.999975,-11.869864],[-60.999232,-11.870726],[-60.994058,-11.876176],[-60.993334,-11.877052],[-60.980042,-11.896039],[-60.979193,-11.897382],[-60.975114,-11.9042],[-60.974609,-11.904956],[-60.974323,-11.905309],[-60.973854,-11.905806],[-60.973342,-11.90626],[-60.972792,-11.906667],[-60.972207,-11.907026],[-60.9718,-11.907235],[-60.968689,-11.90869],[-60.968286,-11.908905],[-60.967711,-11.909279],[-60.967361,-11.909572],[-60.966875,-11.910051],[-60.966592,-11.910407],[-60.966338,-11.910784],[-60.966003,-11.911376],[-60.965752,-11.912007],[-60.96311,-11.92114],[-60.962888,-11.922249],[-60.961755,-11.929397],[-60.961559,-11.93028],[-60.961322,-11.930917],[-60.961122,-11.931324],[-60.960769,-11.931906],[-60.959888,-11.933228],[-60.959794,-11.933435],[-60.959729,-11.933651],[-60.959704,-11.933875],[-60.959745,-11.934324],[-60.960181,-11.936544],[-60.960292,-11.937213],[-60.960339,-11.937889],[-60.960313,-11.938566],[-60.958647,-11.952032],[-60.955608,-11.977177],[-60.955472,-11.978072],[-60.955316,-11.978732],[-60.955021,-11.979588],[-60.954724,-11.980199],[-60.954386,-11.98079],[-60.953988,-11.981344],[-60.953696,-11.981692],[-60.953053,-11.982337],[-60.946941,-11.987817],[-60.946591,-11.988109],[-60.936869,-11.995316],[-60.9356,-11.996287],[-60.934716,-11.997009],[-60.925174,-12.005154],[-60.920996,-12.008692],[-60.920435,-12.009085],[-60.919839,-12.009423],[-60.919212,-12.009703],[-60.918781,-12.009859],[-60.918341,-12.009988],[-60.917893,-12.010087],[-60.917439,-12.010154],[-60.916982,-12.010195],[-60.916293,-12.01022],[-60.87887,-12.010499],[-60.878183,-12.010528],[-60.877275,-12.010665],[-60.876608,-12.010831],[-60.875745,-12.01114],[-60.868754,-12.014016],[-60.868097,-12.01422],[-60.867429,-12.014384],[-60.866977,-12.01446],[-60.86652,-12.014509],[-60.865832,-12.01453],[-60.850678,-12.01455],[-60.84999,-12.014566],[-60.848616,-12.014661],[-60.837414,-12.015681],[-60.836508,-12.015834],[-60.835839,-12.015993],[-60.832316,-12.017019],[-60.829887,-12.017701],[-60.827663,-12.018259],[-60.825198,-12.018804],[-60.81845,-12.02016],[-60.806703,-12.022262],[-60.80603,-12.022404],[-60.805145,-12.022648],[-60.790713,-12.027195],[-60.79027,-12.027312],[-60.78959,-12.027416],[-60.789132,-12.027446],[-60.788443,-12.027438],[-60.787986,-12.027392],[-60.787535,-12.027311],[-60.787089,-12.027202],[-60.784216,-12.026406],[-60.783544,-12.026258],[-60.783088,-12.026203],[-60.78263,-12.026182],[-60.781942,-12.026204],[-60.781035,-12.02634],[-60.78037,-12.026518],[-60.775115,-12.028152],[-60.774252,-12.028458],[-60.773838,-12.028653],[-60.773437,-12.028874],[-60.77287,-12.029257],[-60.772507,-12.029535],[-60.772009,-12.030003],[-60.771556,-12.030514],[-60.771165,-12.031072],[-60.770928,-12.031459],[-60.761232,-12.048657],[-60.760933,-12.049267],[-60.760767,-12.049689],[-60.760633,-12.050121],[-60.760463,-12.05101],[-60.759495,-12.058181],[-60.758697,-12.066964],[-60.758517,-12.068537],[-60.758069,-12.071213],[-60.756262,-12.08146],[-60.756033,-12.083255],[-60.755311,-12.091363],[-60.755102,-12.092704],[-60.754876,-12.09358],[-60.754574,-12.094434],[-60.749921,-12.105751],[-60.74943,-12.106772],[-60.748665,-12.108164],[-60.747939,-12.109316],[-60.747161,-12.110436],[-60.719158,-12.149641],[-60.716139,-12.153908],[-60.715463,-12.154821],[-60.715082,-12.155386],[-60.714856,-12.155779],[-60.714488,-12.156607],[-60.714343,-12.157036],[-60.714242,-12.157477],[-60.710616,-12.181175],[-60.710427,-12.18206],[-60.710135,-12.182917],[-60.709945,-12.183329],[-60.70659,-12.190019],[-60.705451,-12.192238],[-60.701703,-12.199745],[-60.67429,-12.251454],[-60.673795,-12.252216],[-60.673354,-12.252736],[-60.673032,-12.253058],[-60.672685,-12.253354],[-60.672132,-12.253759],[-60.671537,-12.2541],[-60.671123,-12.254295],[-60.670268,-12.254624],[-60.648682,-12.262327],[-60.64696,-12.262956],[-60.646328,-12.263225],[-60.645721,-12.263546],[-60.645152,-12.263926],[-60.644626,-12.264364],[-60.644468,-12.264528],[-60.644018,-12.265041],[-60.64363,-12.265601],[-60.643407,-12.265996],[-60.643118,-12.266612],[-60.642962,-12.267037],[-60.642846,-12.267474],[-60.642683,-12.268364],[-60.632994,-12.334147],[-60.630899,-12.34824],[-60.630676,-12.349349],[-60.630493,-12.350003],[-60.630282,-12.350649],[-60.629853,-12.351697],[-60.627235,-12.35698],[-60.626963,-12.357603],[-60.626557,-12.35866],[-60.610559,-12.406554],[-60.610232,-12.407399],[-60.610029,-12.407805],[-60.60967,-12.408383],[-60.609253,-12.408923],[-60.60878,-12.409416],[-60.599709,-12.418066],[-60.599032,-12.418678],[-60.598475,-12.419076],[-60.545774,-12.449911],[-60.545155,-12.450206],[-60.544504,-12.450429],[-60.543833,-12.450577],[-60.543377,-12.450633],[-60.542459,-12.450637],[-60.526922,-12.449131],[-60.519384,-12.448378],[-60.518239,-12.448303],[-60.517781,-12.448323],[-60.517098,-12.448411],[-60.516649,-12.448504],[-60.51599,-12.4487],[-60.515561,-12.448862],[-60.515146,-12.449054],[-60.514556,-12.449405],[-60.514183,-12.449668],[-60.513665,-12.450115],[-60.507055,-12.456715],[-60.504946,-12.458794],[-60.501101,-12.462681],[-60.500648,-12.463192],[-60.500368,-12.46355],[-60.499993,-12.464119],[-60.499661,-12.464714],[-60.499289,-12.46554],[-60.499073,-12.466183],[-60.494428,-12.483916],[-60.49096,-12.497279],[-60.490703,-12.498147],[-60.490365,-12.498987],[-60.489952,-12.499794],[-60.489327,-12.500741],[-60.488896,-12.501271],[-60.488259,-12.501921],[-60.487386,-12.502654],[-60.486821,-12.503044],[-60.485825,-12.503603],[-60.484981,-12.503961],[-60.48455,-12.504116],[-60.484109,-12.504242],[-60.483213,-12.504436],[-60.482302,-12.504548],[-60.480925,-12.504591],[-60.46738,-12.504799],[-60.466464,-12.50485],[-60.465784,-12.504956],[-60.464902,-12.505206],[-60.462526,-12.50605],[-60.451976,-12.509896],[-60.449385,-12.510819],[-60.448515,-12.511109],[-60.447632,-12.511356],[-60.413918,-12.519315],[-60.392465,-12.524294],[-60.37256,-12.528845],[-60.371679,-12.5291],[-60.371048,-12.529369],[-60.370252,-12.52982],[-60.369532,-12.530381],[-60.369053,-12.530867],[-60.368759,-12.531215],[-60.368373,-12.531776],[-60.368044,-12.532372],[-60.365249,-12.537821],[-60.358293,-12.551585],[-60.34806,-12.571571],[-60.347678,-12.572393],[-60.347522,-12.572818],[-60.343357,-12.587401],[-60.343167,-12.588285],[-60.343122,-12.588961],[-60.343141,-12.589413],[-60.343191,-12.589862],[-60.343329,-12.590526],[-60.344214,-12.594037],[-60.344277,-12.594485],[-60.344305,-12.595162],[-60.344256,-12.596291],[-60.34322,-12.608684],[-60.343122,-12.609355],[-60.34301,-12.609794],[-60.3428,-12.61044],[-60.340605,-12.616149],[-60.34033,-12.61677],[-60.34001,-12.617371],[-60.323105,-12.647177],[-60.322521,-12.64815],[-60.322252,-12.648517],[-60.321801,-12.649029],[-60.321477,-12.649349],[-60.320947,-12.649781],[-60.320377,-12.650162],[-60.318407,-12.651323],[-60.317016,-12.652115],[-60.31625,-12.652614],[-60.315721,-12.653049],[-60.315261,-12.653553],[-60.314862,-12.654105],[-60.314633,-12.654497],[-60.314348,-12.655114],[-60.312078,-12.660794],[-60.310963,-12.663521],[-60.310772,-12.663932],[-60.310549,-12.664327],[-60.310148,-12.664878],[-60.309849,-12.665221],[-60.309371,-12.665709],[-60.306565,-12.668381],[-60.305883,-12.668987],[-60.28438,-12.685584],[-60.28367,-12.686158],[-60.283335,-12.686467],[-60.283027,-12.686802],[-60.282746,-12.68716],[-60.282262,-12.687928],[-60.270271,-12.710072],[-60.264903,-12.720065],[-60.264541,-12.720642],[-60.264273,-12.721009],[-60.263979,-12.721356],[-60.263493,-12.721836],[-60.262957,-12.722262],[-60.262179,-12.722741],[-60.261767,-12.722942],[-60.26134,-12.723106],[-60.260902,-12.723241],[-60.260455,-12.723347],[-60.260003,-12.723424],[-60.259317,-12.723483],[-60.254041,-12.723701],[-60.248305,-12.723901],[-60.235916,-12.724375],[-60.217789,-12.724984],[-60.189569,-12.726044],[-60.188429,-12.726175],[-60.187309,-12.726423],[-60.167782,-12.731529],[-60.148047,-12.736746],[-60.147829,-12.736815],[-60.147219,-12.737122],[-60.146532,-12.737153],[-60.146308,-12.737192],[-60.140096,-12.738821],[-60.139496,-12.739147],[-60.139276,-12.739204],[-60.138591,-12.739231],[-60.133706,-12.740497],[-60.133495,-12.740579],[-60.133296,-12.740693],[-60.13288,-12.740881],[-60.132217,-12.741066],[-60.131765,-12.741141],[-60.131537,-12.741151],[-60.131309,-12.741133],[-60.124207,-12.742988],[-60.124018,-12.743115],[-60.123611,-12.743314],[-60.123388,-12.74336],[-60.123163,-12.743357],[-60.122936,-12.74339],[-60.122707,-12.743383],[-60.116053,-12.745136],[-60.115452,-12.74546],[-60.115229,-12.745509],[-60.114776,-12.74554],[-60.114547,-12.745521],[-60.11388,-12.745689],[-60.112786,-12.746031],[-60.111938,-12.746376],[-60.111526,-12.746577],[-60.110548,-12.747169],[-60.109821,-12.747721],[-60.109472,-12.748015],[-60.108981,-12.74849],[-60.098959,-12.760278],[-60.098555,-12.760828],[-60.098326,-12.761219],[-60.098025,-12.761829],[-60.097777,-12.762461],[-60.093737,-12.774719],[-60.0937,-12.775167],[-60.093603,-12.775607],[-60.093171,-12.776398],[-60.088409,-12.790802],[-60.078682,-12.819783],[-60.075271,-12.830577],[-60.074361,-12.833376],[-60.074112,-12.834247],[-60.069835,-12.847854],[-60.062258,-12.872525],[-60.054559,-12.897868],[-60.037444,-12.953712],[-60.037126,-12.95456],[-60.036926,-12.954967],[-60.036565,-12.955544],[-60.035991,-12.956248],[-60.02919,-12.96298],[-60.027266,-12.964922],[-60.023683,-12.968428],[-60.019957,-12.972113],[-60.019285,-12.972729],[-60.018543,-12.973262],[-60.01794,-12.973589],[-60.006795,-12.978398],[-60.00598,-12.978814],[-60.005599,-12.979066],[-60.005056,-12.979482],[-59.986881,-12.996751],[-59.986369,-12.997204],[-59.986004,-12.997478],[-59.985622,-12.997729],[-59.985011,-12.998042],[-59.984152,-12.998359],[-59.977114,-13.000437],[-59.971597,-13.001995],[-59.956383,-13.006346],[-59.936775,-13.01201],[-59.93634,-13.012153],[-59.935709,-13.012425],[-59.935302,-13.012633],[-59.934909,-13.012867],[-59.934174,-13.013409],[-59.933664,-13.013865],[-59.904922,-13.041512],[-59.904291,-13.042169],[-59.904009,-13.042526],[-59.903753,-13.042901],[-59.903525,-13.043294],[-59.903329,-13.043702],[-59.903088,-13.044338],[-59.902922,-13.044995],[-59.900894,-13.056811],[-59.900617,-13.05814],[-59.900367,-13.059009],[-59.89485,-13.075311],[-59.894306,-13.077039],[-59.886733,-13.108266],[-59.876894,-13.148025],[-59.876756,-13.148918],[-59.876721,-13.149822],[-59.877017,-13.171299],[-59.876949,-13.171973],[-59.876814,-13.172638],[-59.876688,-13.173072],[-59.876529,-13.173496],[-59.876121,-13.174306],[-59.86544,-13.193033],[-59.865138,-13.193643],[-59.864976,-13.194066],[-59.864787,-13.194718],[-59.864676,-13.195386],[-59.864673,-13.197647],[-59.866039,-13.283326],[-59.866089,-13.284229],[-59.866151,-13.284677],[-59.866299,-13.285339],[-59.866509,-13.285985],[-59.868854,-13.292603],[-59.878083,-13.318885],[-59.878211,-13.319319],[-59.878363,-13.319981],[-59.878433,-13.320427],[-59.878474,-13.320878],[-59.878486,-13.321329],[-59.878456,-13.322007],[-59.878376,-13.32268],[-59.878285,-13.323123],[-59.867465,-13.361463],[-59.853633,-13.410241],[-59.853213,-13.411293],[-59.852898,-13.411896],[-59.852665,-13.412285],[-59.84783,-13.419163],[-59.847611,-13.419561],[-59.847328,-13.420179],[-59.847175,-13.420605],[-59.847,-13.421261],[-59.846916,-13.421705],[-59.846847,-13.42238],[-59.845074,-13.451947],[-59.844945,-13.453297],[-59.839576,-13.484734],[-59.837663,-13.495652],[-59.83541,-13.508117],[-59.832956,-13.521466],[-59.831821,-13.527467],[-59.831584,-13.528573],[-59.831413,-13.52923],[-59.831058,-13.530305],[-59.830539,-13.531561],[-59.830239,-13.532172],[-59.829673,-13.533155],[-59.829302,-13.533727],[-59.827972,-13.535569],[-59.810028,-13.5599],[-59.809138,-13.561218],[-59.808695,-13.562009],[-59.808389,-13.562617],[-59.808209,-13.563033],[-59.807748,-13.564311],[-59.807512,-13.565185],[-59.807313,-13.566298],[-59.807199,-13.567423],[-59.807182,-13.567875],[-59.807198,-13.568779],[-59.807336,-13.570128],[-59.808516,-13.577269],[-59.808582,-13.577944],[-59.808609,-13.578622],[-59.808595,-13.579526],[-59.808539,-13.580202],[-59.808452,-13.580875],[-59.80833,-13.581542],[-59.807986,-13.582855],[-59.802567,-13.598474],[-59.802302,-13.599339],[-59.802103,-13.600222],[-59.802009,-13.600894],[-59.801958,-13.60157],[-59.80152,-13.624401],[-59.801441,-13.625529],[-59.801255,-13.626873],[-59.80088,-13.628644],[-59.794462,-13.657348],[-59.794436,-13.658025],[-59.794375,-13.6587],[-59.794169,-13.659812],[-59.793856,-13.660899],[-59.793439,-13.661952],[-59.792043,-13.668131],[-59.791619,-13.670123],[-59.791389,-13.671689],[-59.789696,-13.687882],[-59.789476,-13.689677],[-59.78922,-13.69101],[-59.78889,-13.692327],[-59.788479,-13.693622],[-59.787994,-13.694891],[-59.787122,-13.696983],[-59.786464,-13.698671],[-59.781715,-13.711646],[-59.781428,-13.712505],[-59.781136,-13.713598],[-59.780947,-13.714713],[-59.77756,-13.73776],[-59.768118,-13.789843],[-59.76797,-13.791418],[-59.767951,-13.792548],[-59.768228,-13.804528],[-59.768167,-13.80543],[-59.768048,-13.806327],[-59.76788,-13.807216],[-59.767769,-13.807655],[-59.767428,-13.808734],[-59.762668,-13.821705],[-59.761827,-13.82405],[-59.761569,-13.824918],[-59.761365,-13.825799],[-59.761201,-13.826689],[-59.761112,-13.827362],[-59.761018,-13.828488],[-59.761001,-13.829618],[-59.761039,-13.830748],[-59.761132,-13.831647],[-59.761406,-13.833207],[-59.766694,-13.854743],[-59.766997,-13.856297],[-59.767087,-13.85697],[-59.76716,-13.857871],[-59.767174,-13.859454],[-59.767102,-13.860581],[-59.766872,-13.862148],[-59.766575,-13.863472],[-59.766385,-13.864124],[-59.766016,-13.865194],[-59.763017,-13.873021],[-59.762818,-13.873671],[-59.762587,-13.874546],[-59.762402,-13.875432],[-59.762295,-13.876102],[-59.762148,-13.877677],[-59.762122,-13.878355],[-59.762134,-13.879259],[-59.762725,-13.888964],[-59.762786,-13.890319],[-59.762781,-13.890997],[-59.762736,-13.891674],[-59.762661,-13.892348],[-59.761006,-13.903306],[-59.760921,-13.903979],[-59.760895,-13.904431],[-59.760909,-13.905108],[-59.76096,-13.905558],[-59.761099,-13.906222],[-59.761216,-13.906659],[-59.764685,-13.917435],[-59.764791,-13.917875],[-59.764884,-13.918547],[-59.764909,-13.918998],[-59.764902,-13.91945],[-59.764828,-13.920124],[-59.764602,-13.920999],[-59.760554,-13.932539],[-59.760358,-13.933189],[-59.760231,-13.933855],[-59.760187,-13.934531],[-59.760224,-13.935208],[-59.761354,-13.946004],[-59.76144,-13.947357],[-59.761431,-13.94781],[-59.761388,-13.94826],[-59.761228,-13.94915],[-59.761043,-13.949803],[-59.760809,-13.950441],[-59.760033,-13.952327],[-59.759458,-13.953805],[-59.759314,-13.954234],[-59.759159,-13.954895],[-59.759062,-13.955566],[-59.759034,-13.956017],[-59.759118,-13.958729],[-59.759106,-13.959407],[-59.759062,-13.959857],[-59.758894,-13.960746],[-59.758709,-13.961399],[-59.758465,-13.962033],[-59.755943,-13.967609],[-59.755597,-13.968447],[-59.7553,-13.969303],[-59.755063,-13.970176],[-59.752486,-13.981192],[-59.752312,-13.981849],[-59.752023,-13.982707],[-59.751678,-13.983544],[-59.750142,-13.98658],[-59.749876,-13.987205],[-59.749729,-13.987634],[-59.749543,-13.988287],[-59.749376,-13.989176],[-59.749329,-13.989625],[-59.749311,-13.990077],[-59.749335,-13.990981],[-59.750169,-14.003615],[-59.750161,-14.004294],[-59.750118,-14.005197],[-59.749753,-14.009024],[-59.749386,-14.013304],[-59.749372,-14.013756],[-59.749386,-14.014208],[-59.749472,-14.015108],[-59.749548,-14.015554],[-59.749653,-14.015994],[-59.751185,-14.02097],[-59.751302,-14.021407],[-59.75143,-14.022074],[-59.751551,-14.02297],[-59.751617,-14.024098],[-59.751601,-14.025002],[-59.751529,-14.025904],[-59.751431,-14.026575],[-59.751243,-14.02746],[-59.751064,-14.028115],[-59.750277,-14.030478],[-59.749803,-14.03199],[-59.74962,-14.032876],[-59.74953,-14.033776],[-59.749537,-14.03468],[-59.749603,-14.035355],[-59.750517,-14.040476],[-59.750612,-14.041148],[-59.75067,-14.042277],[-59.750623,-14.042953],[-59.750565,-14.043402],[-59.750435,-14.044068],[-59.75032,-14.044505],[-59.750097,-14.045147],[-59.749837,-14.045774],[-59.749523,-14.046378],[-59.746782,-14.051085],[-59.746233,-14.052078],[-59.745937,-14.052691],[-59.745414,-14.053945],[-59.74499,-14.055236],[-59.744668,-14.056555],[-59.737131,-14.092191],[-59.736632,-14.094398],[-59.736387,-14.095269],[-59.736095,-14.096127],[-59.735577,-14.097384],[-59.734947,-14.09859],[-59.734483,-14.09937],[-59.734111,-14.099941],[-59.733588,-14.100684],[-59.732561,-14.101901],[-59.730517,-14.104043],[-59.713072,-14.122027],[-59.712167,-14.123049],[-59.711608,-14.123766],[-59.711089,-14.124513],[-59.710609,-14.125284],[-59.710067,-14.12628],[-59.709672,-14.127096],[-59.709321,-14.127932],[-59.709085,-14.128569],[-59.708751,-14.129651],[-59.708441,-14.130972],[-59.708225,-14.132312],[-59.708141,-14.133212],[-59.707916,-14.137049],[-59.707832,-14.138177],[-59.707654,-14.139522],[-59.707344,-14.141075],[-59.69053,-14.20475],[-59.690134,-14.206516],[-59.689889,-14.20808],[-59.689757,-14.20943],[-59.68969,-14.211012],[-59.689725,-14.21282],[-59.689854,-14.214397],[-59.69412,-14.24691],[-59.694253,-14.248261],[-59.694275,-14.249164],[-59.694247,-14.249842],[-59.694191,-14.250518],[-59.694096,-14.25119],[-59.693966,-14.251856],[-59.693803,-14.252515],[-59.69361,-14.253166],[-59.693205,-14.254223],[-59.69261,-14.255446],[-59.69202,-14.256415],[-59.691207,-14.25751],[-59.690445,-14.258355],[-59.689961,-14.258839],[-59.684252,-14.26408],[-59.683648,-14.264762],[-59.683379,-14.265128],[-59.683006,-14.265698],[-59.682775,-14.266089],[-59.682572,-14.266494],[-59.682155,-14.267547],[-59.68202,-14.267979],[-59.681873,-14.268641],[-59.681755,-14.269537],[-59.681711,-14.270441],[-59.681754,-14.271117],[-59.681886,-14.272012],[-59.683106,-14.277072],[-59.683304,-14.278185],[-59.683401,-14.279084],[-59.683422,-14.28044],[-59.683401,-14.280891],[-59.683274,-14.282015],[-59.683103,-14.282903],[-59.682811,-14.283996],[-59.682668,-14.284426],[-59.682235,-14.285472],[-59.681946,-14.286088],[-59.660645,-14.323317],[-59.660052,-14.324541],[-59.659786,-14.325166],[-59.659546,-14.325802],[-59.659206,-14.326882],[-59.658898,-14.328203],[-59.64992,-14.379218],[-59.649692,-14.380094],[-59.649403,-14.380952],[-59.649061,-14.381792],[-59.648668,-14.382609],[-59.648342,-14.383206],[-59.647976,-14.38378],[-59.647442,-14.384516],[-59.647019,-14.385052],[-59.646556,-14.385553],[-59.645742,-14.38635],[-59.645047,-14.386941],[-59.644116,-14.387602],[-59.643928,-14.387733],[-59.643136,-14.388191],[-59.628827,-14.395396],[-59.628023,-14.395833],[-59.627634,-14.396074],[-59.626704,-14.396737],[-59.615956,-14.404855],[-59.615278,-14.405464],[-59.614808,-14.40596],[-59.614376,-14.406488],[-59.613868,-14.407241],[-59.601948,-14.428395],[-59.601539,-14.429204],[-59.60126,-14.429825],[-59.600863,-14.430885],[-59.600519,-14.431964],[-59.600256,-14.433064],[-59.60013,-14.433731],[-59.600002,-14.434626],[-59.599921,-14.435527],[-59.599051,-14.461966],[-59.598958,-14.462865],[-59.598888,-14.463312],[-59.59859,-14.464636],[-59.598245,-14.465714],[-59.597704,-14.466961],[-59.597163,-14.467958],[-59.596665,-14.468717],[-59.596258,-14.469265],[-59.595827,-14.469794],[-59.595369,-14.470301],[-59.594883,-14.470781],[-59.592529,-14.472937],[-59.59032,-14.474913],[-59.58983,-14.47539],[-59.589267,-14.476103],[-59.588772,-14.476575],[-59.58825,-14.477016],[-59.587477,-14.477502],[-59.58697,-14.477961],[-59.586855,-14.478156],[-59.586424,-14.478685],[-59.585926,-14.479154],[-59.585405,-14.479597],[-59.584637,-14.48009],[-59.571459,-14.492031],[-59.570813,-14.492675],[-59.570514,-14.493017],[-59.570105,-14.493563],[-59.569622,-14.494332],[-59.5693,-14.494931],[-59.569028,-14.495554],[-59.568808,-14.496197],[-59.568633,-14.496853],[-59.56394,-14.520138],[-59.563782,-14.520798],[-59.563586,-14.521448],[-59.563356,-14.522088],[-59.562901,-14.523125],[-59.562244,-14.524317],[-59.561739,-14.525072],[-59.561038,-14.525967],[-59.560103,-14.526963],[-59.559768,-14.527273],[-59.558895,-14.528006],[-59.548421,-14.536466],[-59.547372,-14.537345],[-59.546714,-14.537976],[-59.546256,-14.538482],[-59.545681,-14.539187],[-59.545157,-14.539929],[-59.544575,-14.540904],[-59.543977,-14.542125],[-59.529909,-14.579187],[-59.529565,-14.580025],[-59.529181,-14.580847],[-59.528854,-14.581444],[-59.52837,-14.582212],[-59.527971,-14.582765],[-59.527549,-14.5833],[-59.526629,-14.58431],[-59.525956,-14.584926],[-59.525427,-14.58536],[-59.524692,-14.585901],[-59.524114,-14.58627],[-59.522719,-14.587056],[-59.495097,-14.601873],[-59.494305,-14.602331],[-59.493354,-14.602964],[-59.492444,-14.603653],[-59.491579,-14.604396],[-59.491246,-14.604707],[-59.49061,-14.60536],[-59.489998,-14.606034],[-59.489148,-14.607102],[-59.488381,-14.608228],[-59.488032,-14.608813],[-59.487399,-14.610017],[-59.478832,-14.628535],[-59.478039,-14.630166],[-59.477824,-14.630566],[-59.47711,-14.631725],[-59.476591,-14.632472],[-59.475888,-14.633365],[-59.475435,-14.633876],[-59.474805,-14.634533],[-59.473616,-14.635598],[-59.472717,-14.636301],[-59.47197,-14.636827],[-59.417677,-14.673196],[-59.416745,-14.673856],[-59.416041,-14.674437],[-59.415215,-14.675222],[-59.414757,-14.675728],[-59.414182,-14.676433],[-59.41391,-14.676797],[-59.413536,-14.677367],[-59.412974,-14.678353],[-59.41268,-14.678966],[-59.407122,-14.691625],[-59.406502,-14.692836],[-59.405688,-14.694201],[-59.404773,-14.695502],[-59.404219,-14.696223],[-59.394685,-14.70753],[-59.394205,-14.708016],[-59.393508,-14.708604],[-59.392763,-14.709132],[-59.391968,-14.709584],[-59.391341,-14.709865],[-59.387889,-14.711102],[-59.387254,-14.711363],[-59.386445,-14.711789],[-59.385667,-14.712269],[-59.385301,-14.712542],[-59.384793,-14.713001],[-59.384161,-14.713656],[-59.383733,-14.714187],[-59.383212,-14.714932],[-59.382886,-14.715529],[-59.380975,-14.719391],[-59.380858,-14.719585],[-59.380381,-14.720358],[-59.379977,-14.720907],[-59.379383,-14.721596],[-59.378899,-14.722079],[-59.378197,-14.722661],[-59.377641,-14.723062],[-59.377057,-14.723421],[-59.367669,-14.728661],[-59.367085,-14.72902],[-59.366519,-14.729407],[-59.365992,-14.729843],[-59.365506,-14.730324],[-59.365057,-14.730837],[-59.364649,-14.731383],[-59.364292,-14.731963],[-59.363972,-14.732563],[-59.363631,-14.733403],[-59.363385,-14.734274],[-59.363259,-14.73494],[-59.363205,-14.735389],[-59.362571,-14.743731],[-59.3625,-14.744406],[-59.362329,-14.745294],[-59.362082,-14.746165],[-59.361819,-14.746792],[-59.361414,-14.747603],[-59.361292,-14.747795],[-59.360794,-14.748554],[-59.360209,-14.749251],[-59.359728,-14.749737],[-59.359031,-14.750324],[-59.358083,-14.750962],[-59.357479,-14.751288],[-59.357063,-14.751478],[-59.347749,-14.755331],[-59.347336,-14.755527],[-59.346541,-14.75598],[-59.345617,-14.75665],[-59.344947,-14.757268],[-59.344345,-14.757951],[-59.343931,-14.758493],[-59.343456,-14.759266],[-59.342966,-14.760288],[-59.34274,-14.760928],[-59.342569,-14.761585],[-59.342446,-14.762252],[-59.342013,-14.765617],[-59.341886,-14.766283],[-59.341648,-14.767156],[-59.341424,-14.767798],[-59.341154,-14.768421],[-59.340846,-14.769028],[-59.340502,-14.769616],[-59.340127,-14.770185],[-59.330069,-14.784776],[-59.326475,-14.790025],[-59.325856,-14.790977],[-59.325314,-14.791973],[-59.325019,-14.792586],[-59.324665,-14.79342],[-59.324352,-14.79427],[-59.323961,-14.795571],[-59.323638,-14.797121],[-59.323508,-14.798016],[-59.323447,-14.798692],[-59.32222,-14.82059],[-59.322061,-14.821937],[-59.321857,-14.823049],[-59.321574,-14.824145],[-59.32122,-14.82522],[-59.320799,-14.826272],[-59.320417,-14.827094],[-59.320103,-14.827698],[-59.319532,-14.828678],[-59.29812,-14.862957],[-59.297681,-14.863751],[-59.29738,-14.864361],[-59.297117,-14.864988],[-59.296817,-14.865842],[-59.296576,-14.866715],[-59.296392,-14.867601],[-59.296253,-14.868722],[-59.296166,-14.870529],[-59.295458,-14.891996],[-59.295378,-14.893803],[-59.295301,-14.894931],[-59.295077,-14.896726],[-59.291825,-14.917965],[-59.291664,-14.919312],[-59.29155,-14.921117],[-59.29165,-14.93717],[-59.291591,-14.939203],[-59.291512,-14.940104],[-59.291365,-14.941225],[-59.289452,-14.953059],[-59.289333,-14.953956],[-59.289269,-14.954631],[-59.2892,-14.95576],[-59.289193,-14.95689],[-59.289247,-14.958019],[-59.289333,-14.958919],[-59.289451,-14.959816],[-59.291561,-14.972306],[-59.291618,-14.972755],[-59.291679,-14.973657],[-59.291663,-14.974335],[-59.291609,-14.975011],[-59.291472,-14.975905],[-59.291268,-14.976786],[-59.291128,-14.977216],[-59.290615,-14.978475],[-59.290301,-14.979078],[-59.285232,-14.987944],[-59.285026,-14.988348],[-59.284658,-14.989176],[-59.284297,-14.990249],[-59.284181,-14.990687],[-59.284044,-14.991351],[-59.283926,-14.992248],[-59.28391,-14.993378],[-59.283919,-14.993603],[-59.284048,-14.994727],[-59.284129,-14.995172],[-59.284337,-14.996053],[-59.295293,-15.0374],[-59.296083,-15.040468],[-59.296273,-15.041352],[-59.296453,-15.042469],[-59.296557,-15.043367],[-59.296647,-15.044947],[-59.296629,-15.046982],[-59.295853,-15.07659],[-59.295821,-15.078851],[-59.295853,-15.079755],[-59.295954,-15.080654],[-59.296138,-15.081769],[-59.296391,-15.082872],[-59.296785,-15.084171],[-59.29719,-15.085229],[-59.297558,-15.086058],[-59.320662,-15.132314],[-59.320943,-15.132933],[-59.321247,-15.133787],[-59.321529,-15.134882],[-59.321639,-15.135551],[-59.321702,-15.136227],[-59.321717,-15.136679],[-59.321703,-15.137583],[-59.321613,-15.138483],[-59.321447,-15.139372],[-59.321261,-15.140025],[-59.316219,-15.155052],[-59.315991,-15.155929],[-59.315784,-15.157269],[-59.315735,-15.157945],[-59.315771,-15.159301],[-59.315897,-15.160196],[-59.316092,-15.16108],[-59.316279,-15.161733],[-59.316691,-15.162788],[-59.31726,-15.164023],[-59.324157,-15.178568],[-59.32491,-15.180218],[-59.325123,-15.180862],[-59.325219,-15.181305],[-59.325306,-15.181977],[-59.325317,-15.182429],[-59.325301,-15.182881],[-59.32514,-15.184228],[-59.32495,-15.185343],[-59.324838,-15.185781],[-59.323613,-15.189668],[-59.323503,-15.190107],[-59.323338,-15.190996],[-59.317773,-15.232691],[-59.31766,-15.23336],[-59.317452,-15.234241],[-59.317182,-15.235105],[-59.31678,-15.236164],[-59.31508,-15.240364],[-59.315025,-15.240812],[-59.314814,-15.241457],[-59.313346,-15.245018],[-59.31305,-15.24563],[-59.312805,-15.246012],[-59.312702,-15.246212],[-59.311254,-15.249781],[-59.310459,-15.251659],[-59.309941,-15.252668],[-59.309336,-15.253629],[-59.308935,-15.25418],[-59.306671,-15.257029],[-59.284858,-15.283855],[-59.284256,-15.284538],[-59.283775,-15.285022],[-59.283107,-15.285643],[-59.282755,-15.285933],[-59.281479,-15.286895],[-59.234399,-15.3204],[-59.234215,-15.320535],[-59.233561,-15.321169],[-59.232852,-15.321743],[-59.229693,-15.324001],[-59.22931,-15.324251],[-59.228109,-15.324909],[-59.2205,-15.330368],[-59.219965,-15.330794],[-59.219459,-15.331254],[-59.218864,-15.331942],[-59.218598,-15.332311],[-59.218356,-15.332695],[-59.21804,-15.333298],[-59.208881,-15.353783],[-59.208302,-15.355014],[-59.207948,-15.355596],[-59.207547,-15.356147],[-59.207104,-15.356666],[-59.194881,-15.368929],[-59.193558,-15.370183],[-59.192813,-15.370711],[-59.192014,-15.371156],[-59.185727,-15.373927],[-59.184916,-15.374351],[-59.184527,-15.37459],[-59.184344,-15.374727],[-59.183673,-15.375343],[-59.183517,-15.375509],[-59.183092,-15.376043],[-59.180182,-15.380382],[-59.179782,-15.380934],[-59.179331,-15.381446],[-59.179001,-15.381761],[-59.178475,-15.382198],[-59.178095,-15.382451],[-59.177491,-15.382778],[-59.176853,-15.383033],[-59.165104,-15.386932],[-59.164252,-15.387269],[-59.163638,-15.387576],[-59.162663,-15.388171],[-59.161938,-15.388726],[-59.152853,-15.396698],[-59.152112,-15.397232],[-59.151719,-15.397465],[-59.151108,-15.397778],[-59.141731,-15.402048],[-59.140927,-15.402485],[-59.140356,-15.402864],[-59.139823,-15.403293],[-59.139164,-15.403922],[-59.138592,-15.404629],[-59.134365,-15.410821],[-59.133997,-15.411394],[-59.129569,-15.419574],[-59.129073,-15.420335],[-59.128797,-15.420696],[-59.128497,-15.421039],[-59.128003,-15.421511],[-59.127128,-15.422242],[-59.119959,-15.427895],[-59.113529,-15.433009],[-59.108173,-15.437625],[-59.107811,-15.437903],[-59.107427,-15.438151],[-59.10526,-15.439428],[-59.10489,-15.439695],[-59.104719,-15.439846],[-59.104416,-15.440184],[-59.104176,-15.44057],[-59.104001,-15.440987],[-59.103936,-15.441204],[-59.103831,-15.441874],[-59.103646,-15.4439],[-59.103556,-15.444343],[-59.103486,-15.444558],[-59.103283,-15.444964],[-59.102697,-15.445936],[-59.102396,-15.446546],[-59.100982,-15.449885],[-59.098894,-15.454906],[-59.088189,-15.476931],[-59.087846,-15.477519],[-59.087585,-15.477891],[-59.087139,-15.478407],[-59.086643,-15.478878],[-59.086285,-15.479161],[-59.085709,-15.479532],[-59.08551,-15.479645],[-59.084673,-15.480017],[-59.074146,-15.483923],[-59.073271,-15.484198],[-59.072604,-15.484366],[-59.060018,-15.486956],[-59.058889,-15.48716],[-59.058207,-15.487251],[-59.057063,-15.487345],[-59.05064,-15.487623],[-59.049271,-15.487767],[-59.045174,-15.488304],[-59.04405,-15.488532],[-59.034684,-15.49079],[-59.033811,-15.491073],[-59.032984,-15.491465],[-59.026394,-15.495146],[-59.025608,-15.495613],[-59.025232,-15.495873],[-59.024703,-15.496307],[-59.024368,-15.496616],[-59.023762,-15.497295],[-59.02336,-15.497845],[-59.022795,-15.498829],[-59.018329,-15.507752],[-59.01806,-15.508376],[-59.017909,-15.508803],[-59.017735,-15.509459],[-59.016392,-15.517719],[-59.01619,-15.518601],[-59.015971,-15.519244],[-59.015374,-15.520466],[-59.007792,-15.534676],[-59.00744,-15.535259],[-59.007304,-15.535441],[-59.00686,-15.535959],[-59.006534,-15.536277],[-59.006005,-15.536711],[-59.00524,-15.537211],[-58.996551,-15.542286],[-58.995944,-15.542606],[-58.995523,-15.542787],[-58.994874,-15.543012],[-58.993989,-15.543252],[-58.982171,-15.546107],[-58.981731,-15.546237],[-58.98109,-15.546486],[-58.980677,-15.546683],[-58.980076,-15.547014],[-58.979692,-15.547261],[-58.979144,-15.547671],[-58.94831,-15.572328],[-58.947408,-15.573028],[-58.946648,-15.573535],[-58.945261,-15.574334],[-58.930041,-15.582738],[-58.928829,-15.583383],[-58.92736,-15.584024],[-58.905919,-15.59211],[-58.900123,-15.594274],[-58.899254,-15.594566],[-58.898369,-15.594809],[-58.897018,-15.59507],[-58.89565,-15.595226],[-58.867263,-15.597365],[-58.86567,-15.597575],[-58.864994,-15.597705],[-58.864106,-15.597934],[-58.863229,-15.598201],[-58.800521,-15.619562],[-58.799462,-15.619995],[-58.798865,-15.620333],[-58.797935,-15.620994],[-58.79759,-15.621293],[-58.79727,-15.621617],[-58.796516,-15.62247],[-58.780589,-15.641184],[-58.780119,-15.64168],[-58.779597,-15.642123],[-58.77904,-15.64252],[-58.778642,-15.642746],[-58.778021,-15.643037],[-58.777588,-15.643187],[-58.776697,-15.643404],[-58.776242,-15.643463],[-58.752216,-15.645416],[-58.751762,-15.645484],[-58.751089,-15.645627],[-58.750646,-15.645747],[-58.74979,-15.646072],[-58.747527,-15.647177],[-58.742828,-15.64955],[-58.742244,-15.649908],[-58.741878,-15.65018],[-58.74136,-15.650627],[-58.739365,-15.652499],[-58.738761,-15.653179],[-58.73837,-15.653737],[-58.738133,-15.654125],[-58.723521,-15.684335],[-58.723177,-15.684921],[-58.722634,-15.685651],[-58.708463,-15.703439],[-58.695726,-15.720316],[-58.671016,-15.754058],[-58.670597,-15.754597],[-58.670136,-15.7551],[-58.669618,-15.755546],[-58.668688,-15.756208],[-58.612245,-15.794687],[-58.597311,-15.804825],[-58.570385,-15.822926],[-58.549921,-15.836715],[-58.524587,-15.853905],[-58.523633,-15.854535],[-58.523231,-15.854753],[-58.522815,-15.854943],[-58.522166,-15.855171],[-58.521722,-15.855286],[-58.521043,-15.855395],[-58.520126,-15.85545],[-58.483854,-15.855948],[-58.482939,-15.855887],[-58.48226,-15.855772],[-58.481591,-15.855611],[-58.481154,-15.855471],[-58.457452,-15.845651],[-58.456426,-15.845147],[-58.456034,-15.844911],[-58.455472,-15.844519],[-58.42684,-15.822584],[-58.426268,-15.822206],[-58.425666,-15.821878],[-58.410887,-15.814585],[-58.394221,-15.806458],[-58.393586,-15.806198],[-58.392927,-15.806],[-58.39225,-15.805876],[-58.391793,-15.805831],[-58.391334,-15.805821],[-58.390418,-15.805888],[-58.361193,-15.808931],[-58.335412,-15.811789],[-58.303006,-15.815312],[-58.247734,-15.82089],[-58.176044,-15.828384],[-58.174907,-15.828544],[-58.17423,-15.828666],[-58.173339,-15.828887],[-58.16305,-15.832088],[-58.162406,-15.832329],[-58.161782,-15.832617],[-58.161184,-15.832952],[-58.160255,-15.833616],[-58.151497,-15.840569],[-58.15093,-15.840952],[-58.150328,-15.841283],[-58.149702,-15.841565],[-58.134777,-15.846796],[-58.134117,-15.846989],[-58.133216,-15.847161],[-58.124562,-15.848248],[-58.123645,-15.848288],[-58.123187,-15.848265],[-58.122733,-15.848198],[-58.122507,-15.848156],[-58.121622,-15.847917],[-58.110887,-15.844602],[-58.110242,-15.844364],[-58.109827,-15.844171],[-58.109239,-15.843819],[-58.108683,-15.843419],[-58.10817,-15.842967],[-58.107868,-15.842627],[-58.107468,-15.842075],[-58.107231,-15.841688],[-58.101946,-15.830644],[-58.101724,-15.830249],[-58.101351,-15.829679],[-58.101083,-15.829312],[-58.10063,-15.8288],[-58.092404,-15.820594],[-58.091882,-15.820153],[-58.091128,-15.819638],[-58.090319,-15.81921],[-58.085493,-15.817098],[-58.085068,-15.816929],[-58.084631,-15.816793],[-58.083948,-15.816711],[-58.083719,-15.816719],[-58.083265,-15.816788],[-58.082829,-15.816929],[-58.082621,-15.817025],[-58.082234,-15.817267],[-58.08188,-15.817554],[-58.081572,-15.817889],[-58.077641,-15.822898],[-58.076736,-15.823921],[-58.075571,-15.825011],[-58.0721,-15.827971],[-58.071565,-15.828398],[-58.071184,-15.828649],[-58.07058,-15.828975],[-58.070159,-15.829155],[-58.069726,-15.829307],[-58.069284,-15.829426],[-58.068606,-15.829547],[-58.068149,-15.829591],[-58.067691,-15.829591],[-58.053271,-15.828472],[-58.052361,-15.82835],[-58.051031,-15.828],[-58.049299,-15.827399],[-58.048264,-15.82691],[-58.047683,-15.826548],[-58.047152,-15.826115],[-58.046823,-15.8258],[-58.044007,-15.822821],[-58.043323,-15.822218],[-58.042948,-15.821959],[-58.042142,-15.821524],[-58.041504,-15.821271],[-58.041066,-15.821135],[-58.040842,-15.821087],[-58.040392,-15.820997],[-58.039936,-15.820941],[-58.039248,-15.820914],[-58.036042,-15.821135],[-58.032838,-15.821392],[-58.003077,-15.823623],[-58.002388,-15.823631],[-58.00193,-15.823601],[-58.001249,-15.823505],[-58.000577,-15.823358],[-58.000136,-15.82323],[-57.999492,-15.822992],[-57.999075,-15.822801],[-57.981413,-15.81314],[-57.980775,-15.812887],[-57.979888,-15.812652],[-57.979434,-15.812586],[-57.978976,-15.812554],[-57.978517,-15.81254],[-57.978288,-15.812554],[-57.977603,-15.812622],[-57.977153,-15.812707],[-57.931504,-15.823997],[-57.913498,-15.82858],[-57.872999,-15.838712],[-57.871691,-15.839137],[-57.870839,-15.839475],[-57.864532,-15.842202],[-57.863262,-15.842728],[-57.848323,-15.849151],[-57.847702,-15.849444],[-57.847115,-15.849798],[-57.846571,-15.850213],[-57.846237,-15.850524],[-57.845927,-15.850857],[-57.845503,-15.851392],[-57.821871,-15.88723],[-57.806195,-15.910633],[-57.784264,-15.943786],[-57.768681,-15.967249],[-57.746545,-16.001079],[-57.739956,-16.011421],[-57.739873,-16.011631],[-57.739248,-16.01284],[-57.739079,-16.013254],[-57.738922,-16.013417],[-57.738728,-16.013507],[-57.738483,-16.01389],[-57.737805,-16.014798],[-57.730726,-16.025905],[-57.720553,-16.041236],[-57.720093,-16.042018],[-57.71982,-16.04264],[-57.719676,-16.043069],[-57.71947,-16.04395],[-57.716851,-16.057038],[-57.71673,-16.057474],[-57.716572,-16.057898],[-57.716365,-16.058301],[-57.716125,-16.058687],[-57.715708,-16.059226],[-57.705758,-16.070779],[-57.705186,-16.071487],[-57.704919,-16.071854],[-57.704181,-16.073],[-57.697673,-16.08418],[-57.695555,-16.087936],[-57.6953,-16.088311],[-57.695143,-16.088476],[-57.694789,-16.088763],[-57.694597,-16.088887],[-57.69418,-16.089076],[-57.693742,-16.089209],[-57.692626,-16.089476],[-57.689042,-16.090268],[-57.681003,-16.092161],[-57.680383,-16.092447],[-57.68019,-16.09257],[-57.679831,-16.092849],[-57.679522,-16.093184],[-57.679274,-16.093564],[-57.679082,-16.093974],[-57.67901,-16.094185],[-57.678515,-16.096624],[-57.67702,-16.104399],[-57.676906,-16.104837],[-57.676763,-16.105267],[-57.676588,-16.105684],[-57.676387,-16.106091],[-57.676155,-16.106481],[-57.675897,-16.106855],[-57.675301,-16.107541],[-57.669775,-16.112646],[-57.669294,-16.113131],[-57.667777,-16.115119],[-57.664994,-16.118997],[-57.656048,-16.131319],[-57.655415,-16.132262],[-57.655082,-16.132856],[-57.654885,-16.133265],[-57.654541,-16.134103],[-57.650885,-16.14458],[-57.650706,-16.144996],[-57.650595,-16.145193],[-57.650473,-16.145384],[-57.650189,-16.14574],[-57.649877,-16.146071],[-57.649702,-16.146217],[-57.649138,-16.146605],[-57.648723,-16.1468],[-57.648072,-16.147018],[-57.647622,-16.147108],[-57.647165,-16.147142],[-57.642804,-16.147238],[-57.642118,-16.147306],[-57.641438,-16.147414],[-57.640765,-16.147558],[-57.622265,-16.152059],[-57.621602,-16.152243],[-57.620964,-16.152497],[-57.620553,-16.152699],[-57.619778,-16.153183],[-57.619236,-16.153601],[-57.619069,-16.153755],[-57.618607,-16.154258],[-57.616767,-16.156573],[-57.616455,-16.156904],[-57.616282,-16.157053],[-57.615906,-16.15731],[-57.615705,-16.157419],[-57.613985,-16.158054],[-57.613568,-16.158242],[-57.613186,-16.158491],[-57.612859,-16.158807],[-57.612721,-16.158988],[-57.61261,-16.159185],[-57.612514,-16.159391],[-57.612376,-16.159822],[-57.611299,-16.165373],[-57.61112,-16.166029],[-57.610954,-16.16645],[-57.61065,-16.167058],[-57.609023,-16.169788],[-57.608838,-16.170202],[-57.608681,-16.170626],[-57.60845,-16.171502],[-57.608383,-16.171949],[-57.60835,-16.172399],[-57.60828,-16.188],[-57.608225,-16.188676],[-57.608158,-16.189123],[-57.607973,-16.189776],[-57.605615,-16.197104],[-57.605331,-16.197721],[-57.60508,-16.198098],[-57.604925,-16.198265],[-57.604764,-16.198426],[-57.604404,-16.198706],[-57.600709,-16.200989],[-57.600302,-16.201199],[-57.599656,-16.201434],[-57.599213,-16.201549],[-57.598762,-16.201636],[-57.598306,-16.201687],[-57.597847,-16.201705],[-57.597389,-16.201684],[-57.596934,-16.201623],[-57.596265,-16.201466],[-57.595616,-16.201242],[-57.595001,-16.200936],[-57.594428,-16.20056],[-57.593741,-16.199961],[-57.589552,-16.195772],[-57.589211,-16.19547],[-57.588837,-16.195208],[-57.588631,-16.195109],[-57.588202,-16.194951],[-57.587751,-16.194865],[-57.587293,-16.194861],[-57.586839,-16.194926],[-57.586402,-16.195061],[-57.579489,-16.198115],[-57.578878,-16.198429],[-57.578309,-16.19881],[-57.577962,-16.199105],[-57.57764,-16.199427],[-57.577205,-16.199953],[-57.576957,-16.200333],[-57.576648,-16.200939],[-57.57641,-16.201575],[-57.573653,-16.213246],[-57.573535,-16.214142],[-57.57275,-16.222699],[-57.572671,-16.223144],[-57.572515,-16.223569],[-57.572411,-16.22377],[-57.572167,-16.224153],[-57.571866,-16.224494],[-57.571515,-16.224784],[-57.570007,-16.225818],[-57.569645,-16.226096],[-57.569488,-16.22626],[-57.56921,-16.22662],[-57.569008,-16.227026],[-57.568939,-16.227241],[-57.568868,-16.227688],[-57.568803,-16.230626],[-57.568769,-16.231077],[-57.568654,-16.231745],[-57.56846,-16.232395],[-57.567646,-16.234265],[-57.567509,-16.234696],[-57.567414,-16.235367],[-57.567285,-16.237625],[-57.567225,-16.238072],[-57.567174,-16.238293],[-57.5671,-16.238507],[-57.566903,-16.238915],[-57.566639,-16.239284],[-57.566318,-16.239606],[-57.565938,-16.239859],[-57.565522,-16.240048],[-57.565304,-16.240119],[-57.564625,-16.240225],[-57.554078,-16.240753],[-57.553163,-16.240829],[-57.552485,-16.240948],[-57.551389,-16.241284],[-57.549677,-16.241939],[-57.543923,-16.244209],[-57.543274,-16.244438],[-57.542834,-16.244565],[-57.523593,-16.248932],[-57.522916,-16.249054],[-57.52223,-16.249114],[-57.519935,-16.24919],[-57.519479,-16.249239],[-57.519028,-16.249324],[-57.51746,-16.249669],[-57.516776,-16.249737],[-57.516546,-16.249728],[-57.51632,-16.249691],[-57.515881,-16.24956],[-57.515478,-16.249345],[-57.51212,-16.246973],[-57.511543,-16.246603],[-57.511141,-16.246384],[-57.510516,-16.246101],[-57.505363,-16.244178],[-57.504712,-16.243957],[-57.503815,-16.243766],[-57.503128,-16.243722],[-57.500145,-16.24381],[-57.498768,-16.24383],[-57.494869,-16.243645],[-57.494181,-16.24365],[-57.493725,-16.243704],[-57.492609,-16.243971],[-57.487092,-16.245528],[-57.486412,-16.245632],[-57.484576,-16.24568],[-57.484121,-16.245736],[-57.483684,-16.245871],[-57.48266,-16.24638],[-57.48222,-16.246505],[-57.481535,-16.246576],[-57.479703,-16.246701],[-57.479475,-16.246728],[-57.479028,-16.246829],[-57.478156,-16.247113],[-57.477739,-16.247301],[-57.475142,-16.248749],[-57.474731,-16.24895],[-57.474508,-16.249005],[-57.474282,-16.249035],[-57.474053,-16.249027],[-57.473833,-16.248966],[-57.473624,-16.248872],[-57.473261,-16.248597],[-57.472636,-16.247936],[-57.47246,-16.24779],[-57.472262,-16.247676],[-57.472052,-16.247588],[-57.471826,-16.247549],[-57.471597,-16.247549],[-57.471372,-16.247593],[-57.471158,-16.247671],[-57.470966,-16.247796],[-57.470797,-16.247947],[-57.470532,-16.248315],[-57.470002,-16.249318],[-57.469757,-16.249699],[-57.469607,-16.24987],[-57.469232,-16.250129],[-57.469017,-16.250205],[-57.468791,-16.250244],[-57.468562,-16.250242],[-57.468334,-16.250217],[-57.467444,-16.249998],[-57.467216,-16.249978],[-57.466988,-16.249989],[-57.466764,-16.250039],[-57.466554,-16.250128],[-57.466363,-16.250251],[-57.466204,-16.250413],[-57.466078,-16.250602],[-57.465985,-16.250808],[-57.465924,-16.251026],[-57.465755,-16.251915],[-57.465603,-16.25234],[-57.465478,-16.252528],[-57.46532,-16.252691],[-57.465137,-16.252828],[-57.464937,-16.252937],[-57.464723,-16.253017],[-57.464276,-16.253122],[-57.459772,-16.253999],[-57.459544,-16.25403],[-57.459086,-16.254028],[-57.458634,-16.253955],[-57.458208,-16.253786],[-57.458008,-16.253676],[-57.457633,-16.253416],[-57.456584,-16.252537],[-57.456249,-16.252228],[-57.456092,-16.252063],[-57.455676,-16.251523],[-57.455214,-16.250741],[-57.450406,-16.241736],[-57.450044,-16.24116],[-57.449739,-16.240823],[-57.449567,-16.240674],[-57.449188,-16.24042],[-57.448778,-16.240217],[-57.44835,-16.240054],[-57.446177,-16.239326],[-57.445969,-16.239229],[-57.445398,-16.238852],[-57.445225,-16.238704],[-57.439491,-16.232842],[-57.438965,-16.232405],[-57.436729,-16.23082],[-57.436152,-16.230451],[-57.43573,-16.230274],[-57.43528,-16.230196],[-57.434821,-16.230183],[-57.433447,-16.230281],[-57.432988,-16.230289],[-57.432073,-16.230213],[-57.431175,-16.23003],[-57.430954,-16.229968],[-57.430313,-16.229722],[-57.429701,-16.22941],[-57.429126,-16.229038],[-57.428766,-16.228757],[-57.428431,-16.228448],[-57.42796,-16.227954],[-57.427527,-16.227426],[-57.412153,-16.207695],[-57.411697,-16.207187],[-57.411359,-16.206881],[-57.411002,-16.206598],[-57.410223,-16.206119],[-57.409389,-16.205741],[-57.408735,-16.20553],[-57.408061,-16.205394],[-57.407606,-16.205334],[-57.388872,-16.203491],[-57.388197,-16.203359],[-57.387977,-16.203297],[-57.387334,-16.203056],[-57.386922,-16.202856],[-57.38616,-16.202352],[-57.385815,-16.202055],[-57.385493,-16.201733],[-57.385039,-16.201222],[-57.375103,-16.189072],[-57.374482,-16.188407],[-57.37379,-16.187813],[-57.373415,-16.187551],[-57.372824,-16.187204],[-57.369319,-16.185514],[-57.368713,-16.185191],[-57.368326,-16.184947],[-57.367774,-16.184542],[-57.367431,-16.184241],[-57.367109,-16.183919],[-57.366363,-16.18306],[-57.35441,-16.168445],[-57.353891,-16.1677],[-57.353559,-16.167106],[-57.353201,-16.166273],[-57.353064,-16.165842],[-57.352957,-16.165402],[-57.352829,-16.164507],[-57.352804,-16.16383],[-57.35306,-16.155694],[-57.353046,-16.155016],[-57.352974,-16.154342],[-57.35283,-16.153679],[-57.352699,-16.153246],[-57.352541,-16.152821],[-57.352251,-16.152206],[-57.352022,-16.151815],[-57.351768,-16.151438],[-57.351482,-16.151084],[-57.351026,-16.150576],[-57.350523,-16.150113],[-57.349792,-16.149567],[-57.341162,-16.144395],[-57.34055,-16.144085],[-57.3397,-16.143743],[-57.335156,-16.142154],[-57.334513,-16.141911],[-57.333884,-16.141637],[-57.333273,-16.141323],[-57.332875,-16.141097],[-57.332302,-16.140722],[-57.331575,-16.140169],[-57.316262,-16.12719],[-57.311489,-16.123294],[-57.308292,-16.120716],[-57.307622,-16.120098],[-57.30702,-16.119416],[-57.306748,-16.119052],[-57.279767,-16.078616],[-57.277726,-16.075608],[-57.272445,-16.067934],[-57.271963,-16.067165],[-57.271764,-16.066758],[-57.271512,-16.066127],[-57.268374,-16.056909],[-57.268105,-16.056044],[-57.267897,-16.054933],[-57.267446,-16.050433],[-57.267373,-16.049987],[-57.267257,-16.049549],[-57.267112,-16.049121],[-57.266934,-16.048704],[-57.26661,-16.048105],[-57.266233,-16.047539],[-57.265794,-16.047016],[-57.265462,-16.046705],[-57.264225,-16.045694],[-57.254135,-16.037847],[-57.229854,-16.018876],[-57.227853,-16.017358],[-57.219398,-16.011126],[-57.218677,-16.010566],[-57.216767,-16.008939],[-57.196592,-15.991473],[-57.148246,-15.950091],[-57.134179,-15.938112],[-57.129849,-15.934401],[-57.12827,-15.93309],[-57.127684,-15.932735],[-57.127265,-15.93255],[-57.126824,-15.932424],[-57.126373,-15.932346],[-57.125914,-15.932322],[-57.125229,-15.932375],[-57.124779,-15.932467],[-57.124344,-15.932609],[-57.123931,-15.932804],[-57.123538,-15.933039],[-57.112583,-15.940494],[-57.112196,-15.940737],[-57.111588,-15.941055],[-57.110956,-15.941324],[-57.110306,-15.941546],[-57.109636,-15.941702],[-57.108956,-15.941813],[-57.091851,-15.943766],[-57.090934,-15.943819],[-57.090475,-15.943816],[-57.089788,-15.943774],[-57.0802,-15.942766],[-57.071521,-15.94188],[-57.044354,-15.939021],[-56.992788,-15.933335],[-56.987999,-15.932786],[-56.98527,-15.932413],[-56.952882,-15.928741],[-56.951966,-15.92867],[-56.951508,-15.928682],[-56.950822,-15.928748],[-56.950369,-15.928819],[-56.9497,-15.928982],[-56.949053,-15.929212],[-56.934023,-15.935989],[-56.933379,-15.936228],[-56.932712,-15.936397],[-56.932257,-15.936459],[-56.931799,-15.936486],[-56.93134,-15.936482],[-56.930883,-15.936443],[-56.930431,-15.936363],[-56.930208,-15.936311],[-56.929554,-15.936098],[-56.928723,-15.935715],[-56.916106,-15.929223],[-56.915716,-15.928986],[-56.915341,-15.928725],[-56.914812,-15.92829],[-56.914484,-15.927973],[-56.913722,-15.927128],[-56.904664,-15.91661],[-56.904094,-15.9159],[-56.903725,-15.915328],[-56.90351,-15.914928],[-56.903323,-15.914516],[-56.903009,-15.913666],[-56.898882,-15.901675],[-56.898632,-15.901043],[-56.898443,-15.900631],[-56.897881,-15.899645],[-56.890941,-15.887927],[-56.890572,-15.887355],[-56.890292,-15.886996],[-56.889991,-15.886655],[-56.889486,-15.886195],[-56.888724,-15.88569],[-56.888317,-15.885481],[-56.887895,-15.885303],[-56.886362,-15.884832],[-56.871365,-15.880558],[-56.870942,-15.880382],[-56.870335,-15.880061],[-56.869955,-15.879808],[-56.869594,-15.879528],[-56.86926,-15.879219],[-56.868954,-15.878882],[-56.862847,-15.871244],[-56.862301,-15.870516],[-56.861943,-15.869937],[-56.861636,-15.86933],[-56.861377,-15.868702],[-56.860575,-15.866343],[-56.860339,-15.865706],[-56.858607,-15.861764],[-56.858478,-15.861331],[-56.858165,-15.86001],[-56.857953,-15.859365],[-56.857661,-15.858752],[-56.857298,-15.858176],[-56.856862,-15.857652],[-56.856535,-15.857335],[-56.851527,-15.853013],[-56.850779,-15.852489],[-56.850382,-15.852263],[-56.849968,-15.852068],[-56.849323,-15.851831],[-56.848659,-15.851654],[-56.848206,-15.851575],[-56.84775,-15.851526],[-56.847062,-15.851514],[-56.82229,-15.852591],[-56.820683,-15.852586],[-56.819772,-15.852476],[-56.818876,-15.852277],[-56.817999,-15.852009],[-56.813038,-15.850228],[-56.812598,-15.850101],[-56.811925,-15.849954],[-56.811014,-15.849849],[-56.794766,-15.848548],[-56.793858,-15.848411],[-56.79297,-15.848184],[-56.792115,-15.847854],[-56.791107,-15.847316],[-56.776238,-15.837899],[-56.775635,-15.83757],[-56.775016,-15.837273],[-56.774163,-15.836938],[-56.746791,-15.827044],[-56.745536,-15.826484],[-56.7333,-15.820761],[-56.732665,-15.820499],[-56.732002,-15.820314],[-56.731551,-15.820233],[-56.731095,-15.820178],[-56.730407,-15.820166],[-56.728805,-15.820295],[-56.728346,-15.8203],[-56.728117,-15.820292],[-56.727667,-15.820209],[-56.727237,-15.820051],[-56.727032,-15.819949],[-56.726646,-15.819705],[-56.726114,-15.819275],[-56.717748,-15.811868],[-56.716736,-15.810947],[-56.716419,-15.810621],[-56.716129,-15.81027],[-56.715201,-15.808978],[-56.714773,-15.808447],[-56.714282,-15.807973],[-56.713549,-15.807429],[-56.712534,-15.806903],[-56.70755,-15.804589],[-56.70734,-15.804497],[-56.706686,-15.804286],[-56.706237,-15.804191],[-56.702832,-15.803679],[-56.70261,-15.803625],[-56.693114,-15.800965],[-56.69246,-15.800753],[-56.692037,-15.800576],[-56.691631,-15.800366],[-56.691239,-15.80013],[-56.690698,-15.799712],[-56.690212,-15.799232],[-56.686674,-15.795371],[-56.686147,-15.794935],[-56.685753,-15.794703],[-56.685545,-15.794609],[-56.685111,-15.794462],[-56.684661,-15.794376],[-56.684203,-15.794354],[-56.683517,-15.794412],[-56.670176,-15.796725],[-56.668816,-15.796943],[-56.668131,-15.797],[-56.667442,-15.796997],[-56.666985,-15.796955],[-56.666081,-15.796801],[-56.665636,-15.796688],[-56.664985,-15.796468],[-56.664352,-15.796201],[-56.663945,-15.795991],[-56.656315,-15.791376],[-56.655715,-15.791044],[-56.655096,-15.790747],[-56.654673,-15.79057],[-56.654024,-15.790342],[-56.653143,-15.79009],[-56.652018,-15.789867],[-56.645181,-15.789045],[-56.644274,-15.788904],[-56.643606,-15.788739],[-56.643169,-15.788599],[-56.632807,-15.784285],[-56.632162,-15.784046],[-56.631721,-15.783921],[-56.63127,-15.783838],[-56.630813,-15.783791],[-56.630125,-15.783789],[-56.629212,-15.783888],[-56.626032,-15.784347],[-56.625118,-15.784429],[-56.624659,-15.784412],[-56.624204,-15.784355],[-56.62353,-15.784218],[-56.623091,-15.784087],[-56.6107,-15.779282],[-56.610074,-15.779001],[-56.609681,-15.778766],[-56.609309,-15.778502],[-56.608958,-15.778211],[-56.60755,-15.776723],[-56.602331,-15.771006],[-56.601674,-15.770374],[-56.60095,-15.769818],[-56.600161,-15.769356],[-56.590074,-15.764451],[-56.589472,-15.764121],[-56.588708,-15.763619],[-56.579511,-15.757239],[-56.578751,-15.756731],[-56.578164,-15.756376],[-56.567331,-15.75092],[-56.566704,-15.750639],[-56.56606,-15.750398],[-56.551539,-15.746133],[-56.55067,-15.74584],[-56.549622,-15.74538],[-56.534519,-15.738224],[-56.533914,-15.737899],[-56.533334,-15.737533],[-56.532618,-15.736968],[-56.527554,-15.732043],[-56.527047,-15.731585],[-56.52613,-15.730905],[-56.514738,-15.723687],[-56.51414,-15.723351],[-56.513932,-15.723255],[-56.513289,-15.723013],[-56.512619,-15.722854],[-56.512165,-15.722794],[-56.511706,-15.722766],[-56.500463,-15.723127],[-56.499774,-15.723121],[-56.499316,-15.723093],[-56.498639,-15.722969],[-56.498197,-15.722845],[-56.497558,-15.722593],[-56.497156,-15.722375],[-56.496581,-15.722002],[-56.496228,-15.721713],[-56.495895,-15.721402],[-56.49259,-15.717346],[-56.492002,-15.716652],[-56.491521,-15.716168],[-56.49098,-15.715748],[-56.490593,-15.715505],[-56.490185,-15.715297],[-56.487274,-15.713957],[-56.486873,-15.713737],[-56.484178,-15.71201],[-56.482475,-15.710858],[-56.480165,-15.709379],[-56.479767,-15.709156],[-56.479132,-15.708894],[-56.476519,-15.708033],[-56.471478,-15.706486],[-56.470629,-15.706141],[-56.469825,-15.705704],[-56.469257,-15.705323],[-56.468363,-15.704613],[-56.467435,-15.703613],[-56.466924,-15.703159],[-56.464869,-15.701027],[-56.463097,-15.699257],[-56.462557,-15.698835],[-56.461787,-15.698343],[-56.461383,-15.698128],[-56.460965,-15.697942],[-56.460101,-15.697636],[-56.459657,-15.697521],[-56.441676,-15.693831],[-56.441223,-15.693762],[-56.440765,-15.693724],[-56.439848,-15.693766],[-56.439167,-15.693863],[-56.438721,-15.693973],[-56.438284,-15.694109],[-56.437857,-15.694276],[-56.431325,-15.697587],[-56.430485,-15.697951],[-56.429829,-15.698158],[-56.422232,-15.699926],[-56.409934,-15.702747],[-56.409023,-15.702862],[-56.408335,-15.702878],[-56.407647,-15.702836],[-56.406966,-15.702736],[-56.406078,-15.702509],[-56.404992,-15.702144],[-56.393979,-15.698226],[-56.39095,-15.697167],[-56.381207,-15.694538],[-56.376773,-15.693364],[-56.375448,-15.692993],[-56.375016,-15.69284],[-56.374387,-15.692563],[-56.37378,-15.692243],[-56.373198,-15.69188],[-56.355178,-15.680184],[-56.354247,-15.679522],[-56.347769,-15.674468],[-56.34738,-15.674228],[-56.346766,-15.673921],[-56.345912,-15.673589],[-56.345251,-15.673405],[-56.344571,-15.673299],[-56.343883,-15.67326],[-56.343424,-15.673269],[-56.342511,-15.673362],[-56.342061,-15.67345],[-56.321369,-15.67864],[-56.32047,-15.678822],[-56.319558,-15.678928],[-56.316574,-15.678991],[-56.309227,-15.679051],[-56.297748,-15.679191],[-56.296141,-15.67919],[-56.267903,-15.679489],[-56.266296,-15.679481],[-56.266067,-15.67946],[-56.265384,-15.679373],[-56.264934,-15.679286],[-56.264491,-15.679168],[-56.264056,-15.679023],[-56.263416,-15.678771],[-56.197094,-15.650369],[-56.19688,-15.650291],[-56.196208,-15.650145],[-56.195756,-15.650065],[-56.195527,-15.65006],[-56.195322,-15.649962],[-56.195195,-15.649778],[-56.195182,-15.649555],[-56.195243,-15.649107],[-56.195232,-15.648882],[-56.194892,-15.646418],[-56.194812,-15.645973],[-56.194704,-15.645534],[-56.194629,-15.64532],[-56.194549,-15.645109],[-56.194335,-15.644709],[-56.194074,-15.644337],[-56.193922,-15.644168],[-56.193595,-15.643852],[-56.19341,-15.643718],[-56.192841,-15.643336],[-56.189164,-15.641025],[-56.188802,-15.640747],[-56.188302,-15.640282],[-56.187738,-15.639568],[-56.1875,-15.639182],[-56.181201,-15.626612],[-56.18073,-15.625581],[-56.180472,-15.625209],[-56.180312,-15.625048],[-56.180099,-15.624971],[-56.179934,-15.624818],[-56.17984,-15.624615],[-56.179861,-15.624394],[-56.17997,-15.624199],[-56.179979,-15.623973],[-56.179948,-15.623749],[-56.178577,-15.620394],[-56.178091,-15.61937],[-56.177731,-15.618792],[-56.177321,-15.618248],[-56.176861,-15.617743],[-56.176531,-15.617429],[-56.176,-15.616998],[-56.175431,-15.616615],[-56.175031,-15.616393],[-56.174412,-15.616095],[-56.173769,-15.615853],[-56.173327,-15.615731],[-56.173104,-15.615677],[-56.17265,-15.615616],[-56.172421,-15.615612],[-56.172197,-15.615655],[-56.171975,-15.615617],[-56.171813,-15.615465],[-56.171385,-15.615303],[-56.170942,-15.615187],[-56.164,-15.613641],[-56.163321,-15.613525],[-56.162408,-15.613433],[-56.160112,-15.613438],[-56.158965,-15.61348],[-56.158051,-15.613392],[-56.1576,-15.613311],[-56.154294,-15.612361],[-56.150345,-15.611162],[-56.141329,-15.608496],[-56.14088,-15.608401],[-56.139744,-15.608247],[-56.130825,-15.607461],[-56.129916,-15.607333],[-56.128087,-15.607176],[-56.127859,-15.607194],[-56.127705,-15.607349],[-56.127679,-15.60757],[-56.12782,-15.607736],[-56.128038,-15.607791],[-56.128242,-15.607706],[-56.128325,-15.607505],[-56.128323,-15.607053],[-56.128273,-15.606377],[-56.12782,-15.604859],[-56.127612,-15.60329],[-56.127523,-15.60239],[-56.127435,-15.601946],[-56.127355,-15.601734],[-56.127112,-15.601352],[-56.126815,-15.601008],[-56.122273,-15.596528],[-56.121682,-15.595837],[-56.121565,-15.595644],[-56.121472,-15.595437],[-56.121353,-15.595001],[-56.12126,-15.594796],[-56.120922,-15.594509],[-56.120904,-15.594289],[-56.121045,-15.593864],[-56.121083,-15.593642],[-56.121075,-15.593416],[-56.120978,-15.592975],[-56.120891,-15.592765],[-56.120799,-15.592559],[-56.12054,-15.592186],[-56.117175,-15.588477],[-56.116372,-15.587669],[-56.116036,-15.587361],[-56.113414,-15.585163],[-56.113108,-15.584826],[-56.112249,-15.583765],[-56.111697,-15.583042],[-56.11148,-15.582644],[-56.110335,-15.580177],[-56.110016,-15.579575],[-56.109312,-15.57841],[-56.10878,-15.577673],[-56.108332,-15.577158],[-56.107994,-15.576852],[-56.107629,-15.576579],[-56.10705,-15.576212],[-56.10687,-15.576072],[-56.106552,-15.575749],[-56.10621,-15.575447],[-56.105838,-15.575182],[-56.105427,-15.574982],[-56.105208,-15.574916],[-56.104759,-15.574822],[-56.104531,-15.574813],[-56.103846,-15.574882],[-56.103625,-15.574942],[-56.103413,-15.575027],[-56.103012,-15.575246],[-56.101314,-15.576407],[-56.100579,-15.576948],[-56.100077,-15.577413],[-56.099782,-15.577758],[-56.099105,-15.57867],[-56.09875,-15.578956],[-56.098338,-15.579154],[-56.098123,-15.579233],[-56.0979,-15.579284],[-56.097441,-15.579278],[-56.097214,-15.579246],[-56.096992,-15.579191],[-56.096779,-15.579109],[-56.095941,-15.578739],[-56.095724,-15.578665],[-56.09527,-15.578603],[-56.095042,-15.578613],[-56.094816,-15.578648],[-56.094376,-15.578777],[-56.092673,-15.579454],[-56.092306,-15.579724],[-56.092144,-15.579884],[-56.091873,-15.580248],[-56.0914,-15.581277],[-56.090955,-15.582068],[-56.090703,-15.582445],[-56.090603,-15.582642],[-56.090606,-15.582867],[-56.090748,-15.58304],[-56.090956,-15.583114],[-56.091167,-15.583035],[-56.091304,-15.582859],[-56.091315,-15.582637],[-56.090311,-15.582091],[-56.090104,-15.582146],[-56.089964,-15.582311],[-56.089958,-15.582537],[-56.090139,-15.582659],[-56.090368,-15.582641],[-56.090541,-15.582499],[-56.090822,-15.582141],[-56.091279,-15.581358],[-56.091698,-15.580305],[-56.092089,-15.579488],[-56.092161,-15.579278],[-56.092108,-15.579065],[-56.091929,-15.578923],[-56.090537,-15.578133],[-56.090332,-15.578045],[-56.090163,-15.578179],[-56.089615,-15.579172],[-56.089674,-15.579368],[-56.089838,-15.579526],[-56.090429,-15.579872],[-56.090638,-15.579961],[-56.090858,-15.580023],[-56.091248,-15.580261],[-56.09139,-15.580412],[-56.091188,-15.580815],[-56.091036,-15.580967],[-56.090826,-15.580898],[-56.089039,-15.579875],[-56.088938,-15.579697],[-56.089875,-15.578144],[-56.089974,-15.577941],[-56.089921,-15.577774],[-56.088917,-15.577226],[-56.088695,-15.577182],[-56.088497,-15.577278],[-56.087664,-15.578631],[-56.087563,-15.578834],[-56.087547,-15.579049],[-56.087627,-15.579494],[-56.087688,-15.579712],[-56.087851,-15.580133],[-56.088616,-15.580976],[-56.089817,-15.581637],[-56.090793,-15.582233],[-56.09141,-15.582534],[-56.09162,-15.582497],[-56.091693,-15.58229],[-56.091629,-15.582078],[-56.091464,-15.581931],[-56.09124,-15.581919],[-56.091031,-15.581993],[-56.090888,-15.58217],[-56.090636,-15.582548],[-56.09016,-15.583037],[-56.086837,-15.586158],[-56.086117,-15.586719],[-56.084764,-15.587572],[-56.084215,-15.587981],[-56.081684,-15.590281],[-56.08102,-15.590905],[-56.080868,-15.591074],[-56.080196,-15.591989],[-56.079867,-15.592583],[-56.078459,-15.595924],[-56.077218,-15.599088],[-56.077154,-15.599304],[-56.077074,-15.599749],[-56.07692,-15.600175],[-56.076824,-15.600379],[-56.076562,-15.60075],[-56.076283,-15.60137],[-56.076218,-15.601586],[-56.076192,-15.601809],[-56.076189,-15.602261],[-56.076243,-15.602709],[-56.076435,-15.603119],[-56.076555,-15.60331],[-56.077008,-15.603821],[-56.079525,-15.606455],[-56.080136,-15.60713],[-56.080272,-15.607312],[-56.081222,-15.608294],[-56.081413,-15.608345],[-56.081625,-15.608264],[-56.081776,-15.608097],[-56.081802,-15.607876],[-56.081688,-15.607697],[-56.081488,-15.607587],[-56.081259,-15.607589],[-56.081078,-15.60772],[-56.078815,-15.609636],[-56.075896,-15.612188],[-56.068631,-15.618432],[-56.068298,-15.618743],[-56.067676,-15.619407],[-56.0668,-15.620138],[-56.06621,-15.620486],[-56.06603,-15.620625],[-56.064998,-15.621523],[-56.06289,-15.62327],[-56.062572,-15.623597],[-56.061998,-15.624302],[-56.061828,-15.624452],[-56.061433,-15.62468],[-56.061004,-15.624842],[-56.060598,-15.625051],[-56.058206,-15.626808],[-56.05556,-15.628606],[-56.055031,-15.62904],[-56.054657,-15.629303],[-56.054079,-15.629671],[-56.053673,-15.62988],[-56.051407,-15.631423],[-56.05007,-15.632301],[-56.047437,-15.634116],[-56.043785,-15.636466],[-56.043383,-15.636679],[-56.040919,-15.638339],[-56.039606,-15.639252],[-56.039027,-15.639617],[-56.038619,-15.639824],[-56.037974,-15.640065],[-56.037306,-15.640226],[-56.036623,-15.640305],[-56.036164,-15.64032],[-56.035705,-15.640297],[-56.035251,-15.640335],[-56.034103,-15.640301],[-56.032512,-15.640086],[-56.027248,-15.639676],[-56.02633,-15.639653],[-56.025872,-15.639683],[-56.025417,-15.639746],[-56.024969,-15.639844],[-56.024099,-15.640132],[-56.022391,-15.640796],[-56.021772,-15.641094],[-56.020923,-15.641438],[-56.019417,-15.641991],[-56.01261,-15.644714],[-56.01138,-15.645325],[-56.009895,-15.64593],[-56.009021,-15.646206],[-56.001585,-15.649204],[-55.99353,-15.652507],[-55.992902,-15.652785],[-55.991463,-15.653489],[-55.989141,-15.654466],[-55.988501,-15.654717],[-55.987625,-15.654989],[-55.986767,-15.65531],[-55.983168,-15.656798],[-55.980856,-15.657798],[-55.978086,-15.658894],[-55.977456,-15.659168],[-55.976221,-15.659768],[-55.970299,-15.662231],[-55.969683,-15.662535],[-55.968891,-15.662992],[-55.967627,-15.663532],[-55.967198,-15.663691],[-55.966096,-15.664007],[-55.965453,-15.66425],[-55.953407,-15.669287],[-55.951941,-15.669937],[-55.935942,-15.676794],[-55.935335,-15.677114],[-55.934546,-15.677576],[-55.933922,-15.677864],[-55.93307,-15.678202],[-55.931973,-15.678532],[-55.931327,-15.67877],[-55.922295,-15.682694],[-55.920638,-15.683474],[-55.91894,-15.684164],[-55.905329,-15.690191],[-55.904516,-15.690609],[-55.904132,-15.690858],[-55.903773,-15.69114],[-55.903435,-15.691446],[-55.903125,-15.691779],[-55.901812,-15.69335],[-55.901498,-15.69368],[-55.900981,-15.694127],[-55.900609,-15.694393],[-55.899636,-15.694992],[-55.890372,-15.700442],[-55.88976,-15.700752],[-55.889116,-15.700991],[-55.888672,-15.701105],[-55.888219,-15.701177],[-55.887532,-15.70123],[-55.878808,-15.701309],[-55.877433,-15.701379],[-55.876974,-15.701371],[-55.875835,-15.701231],[-55.875377,-15.701198],[-55.873311,-15.70119],[-55.872165,-15.701245],[-55.871028,-15.701404],[-55.87057,-15.701435],[-55.869193,-15.701411],[-55.866209,-15.70144],[-55.842793,-15.701817],[-55.841877,-15.701867],[-55.840738,-15.70201],[-55.838902,-15.702069],[-55.838444,-15.702047],[-55.837759,-15.70197],[-55.837071,-15.701951],[-55.835464,-15.701974],[-55.829267,-15.702139],[-55.82766,-15.702101],[-55.825365,-15.702132],[-55.817332,-15.702363],[-55.807233,-15.702588],[-55.806774,-15.702616],[-55.805638,-15.702772],[-55.804721,-15.702822],[-55.803803,-15.702818],[-55.80266,-15.702714],[-55.801512,-15.702705],[-55.786134,-15.703059],[-55.785676,-15.70309],[-55.784539,-15.703245],[-55.783851,-15.703281],[-55.782704,-15.703281],[-55.781332,-15.703171],[-55.779265,-15.703199],[-55.754934,-15.70373],[-55.754247,-15.703765],[-55.75311,-15.703922],[-55.751274,-15.703978],[-55.750132,-15.70387],[-55.749673,-15.703863],[-55.744394,-15.70397],[-55.736591,-15.704207],[-55.735905,-15.704258],[-55.734996,-15.704391],[-55.73431,-15.704443],[-55.733621,-15.704435],[-55.732707,-15.704347],[-55.732019,-15.704335],[-55.710676,-15.704967],[-55.710218,-15.705],[-55.70954,-15.705113],[-55.70888,-15.705305],[-55.708025,-15.705636],[-55.70742,-15.705959],[-55.698561,-15.711194],[-55.697554,-15.711736],[-55.695903,-15.71253],[-55.694924,-15.713119],[-55.694523,-15.713338],[-55.693484,-15.713819],[-55.691967,-15.71434],[-55.691545,-15.714519],[-55.681359,-15.719221],[-55.680751,-15.719539],[-55.680164,-15.719893],[-55.675455,-15.723125],[-55.67337,-15.72453],[-55.672633,-15.725069],[-55.67211,-15.72551],[-55.671492,-15.726178],[-55.671079,-15.726721],[-55.667458,-15.731952],[-55.667091,-15.732526],[-55.666776,-15.733128],[-55.661018,-15.746931],[-55.660594,-15.747733],[-55.658777,-15.750614],[-55.658459,-15.751215],[-55.658283,-15.751632],[-55.658148,-15.752065],[-55.658051,-15.752506],[-55.657981,-15.753181],[-55.657974,-15.753859],[-55.658087,-15.757475],[-55.658061,-15.757926],[-55.657961,-15.758596],[-55.657725,-15.75947],[-55.654503,-15.770085],[-55.654261,-15.770957],[-55.654189,-15.771404],[-55.65417,-15.771855],[-55.654206,-15.772306],[-55.655309,-15.7806],[-55.655472,-15.78149],[-55.655671,-15.782139],[-55.65584,-15.782559],[-55.656359,-15.783567],[-55.660977,-15.791904],[-55.661269,-15.792518],[-55.661402,-15.79295],[-55.66146,-15.793398],[-55.661432,-15.793849],[-55.661362,-15.794296],[-55.661081,-15.795624],[-55.66103,-15.796073],[-55.661021,-15.796525],[-55.661119,-15.798558],[-55.661125,-15.799236],[-55.661102,-15.799461],[-55.660992,-15.799899],[-55.660778,-15.800297],[-55.660633,-15.800472],[-55.6603,-15.800782],[-55.660104,-15.8009],[-55.659676,-15.801061],[-55.65945,-15.801097],[-55.658992,-15.801119],[-55.657844,-15.80109],[-55.657615,-15.801111],[-55.657168,-15.80121],[-55.656743,-15.801379],[-55.637328,-15.811166],[-55.636911,-15.811355],[-55.636263,-15.811584],[-55.635819,-15.8117],[-55.635369,-15.811786],[-55.634913,-15.811842],[-55.634225,-15.81186],[-55.633539,-15.811807],[-55.633085,-15.811734],[-55.632416,-15.811574],[-55.631772,-15.811336],[-55.631358,-15.811141],[-55.605565,-15.797749],[-55.604942,-15.79746],[-55.604509,-15.797309],[-55.604065,-15.797196],[-55.603611,-15.797128],[-55.602925,-15.797073],[-55.599712,-15.796959],[-55.591451,-15.796712],[-55.590763,-15.796738],[-55.590083,-15.796847],[-55.589419,-15.797026],[-55.588989,-15.797185],[-55.588368,-15.797477],[-55.585512,-15.798929],[-55.585091,-15.799111],[-55.584438,-15.799327],[-55.583538,-15.799505],[-55.572907,-15.801327],[-55.572679,-15.801357],[-55.572221,-15.801364],[-55.57062,-15.801224],[-55.570162,-15.801246],[-55.569937,-15.801288],[-55.569721,-15.801366],[-55.568498,-15.80199],[-55.568076,-15.802164],[-55.567624,-15.802241],[-55.565793,-15.802385],[-55.565341,-15.802466],[-55.564672,-15.802625],[-55.557717,-15.804954],[-55.55705,-15.805123],[-55.555696,-15.805375],[-55.555477,-15.805441],[-55.555272,-15.805543],[-55.555095,-15.805685],[-55.554943,-15.805853],[-55.554834,-15.806052],[-55.554754,-15.806263],[-55.554576,-15.806918],[-55.554464,-15.807114],[-55.554318,-15.807286],[-55.554135,-15.807423],[-55.553926,-15.807513],[-55.553701,-15.807553],[-55.553472,-15.80755],[-55.553249,-15.8075],[-55.553041,-15.807407],[-55.552864,-15.807264],[-55.552711,-15.807097],[-55.552604,-15.806898],[-55.552552,-15.806678],[-55.55255,-15.806452],[-55.552584,-15.80623],[-55.552677,-15.806024],[-55.552813,-15.805843],[-55.552984,-15.805693],[-55.553182,-15.80558],[-55.556957,-15.803923],[-55.557151,-15.803803],[-55.557303,-15.803636],[-55.557432,-15.80345],[-55.557516,-15.80324],[-55.557541,-15.803015],[-55.55753,-15.802791],[-55.557468,-15.802575],[-55.557352,-15.802381],[-55.557197,-15.802216],[-55.557008,-15.802088],[-55.556795,-15.802007],[-55.556573,-15.80196],[-55.556343,-15.801962],[-55.556124,-15.80203],[-55.555919,-15.802128],[-55.555737,-15.802266],[-55.555591,-15.802439],[-55.555498,-15.802646],[-55.555348,-15.803306],[-55.555276,-15.803521],[-55.555155,-15.803712],[-55.555003,-15.80388],[-55.554821,-15.804016],[-55.554606,-15.804095],[-55.554382,-15.804141],[-55.554154,-15.804143],[-55.553928,-15.804105],[-55.553266,-15.803919],[-55.55304,-15.803881],[-55.552811,-15.803876],[-55.552368,-15.803984],[-55.551526,-15.804346],[-55.551094,-15.804498],[-55.550641,-15.80457],[-55.549724,-15.804618],[-55.549286,-15.804747],[-55.549091,-15.804865],[-55.548918,-15.805013],[-55.54845,-15.805509],[-55.548328,-15.8057],[-55.548236,-15.805906],[-55.548021,-15.80655],[-55.54792,-15.806753],[-55.547791,-15.806939],[-55.547615,-15.807083],[-55.547416,-15.807194],[-55.547198,-15.807262],[-55.544712,-15.807703],[-55.543835,-15.80797],[-55.543409,-15.808138],[-55.542997,-15.808338],[-55.542417,-15.808702],[-55.541862,-15.809104],[-55.541353,-15.809561],[-55.540906,-15.810076],[-55.540652,-15.810452],[-55.540071,-15.811427],[-55.539791,-15.812047],[-55.539245,-15.813773],[-55.538968,-15.814394],[-55.538621,-15.814979],[-55.538346,-15.815341],[-55.537898,-15.815856],[-55.537573,-15.816174],[-55.537207,-15.816446],[-55.53662,-15.816801],[-55.53621,-15.817004],[-55.535568,-15.81725],[-55.531887,-15.818527],[-55.531222,-15.818704],[-55.530544,-15.818821],[-55.528494,-15.819076],[-55.525528,-15.819407],[-55.519374,-15.820142],[-55.519148,-15.82018],[-55.518264,-15.820423],[-55.51741,-15.820755],[-55.516802,-15.821072],[-55.516034,-15.821568],[-55.513232,-15.82354],[-55.498525,-15.833994],[-55.494227,-15.837015],[-55.493633,-15.837359],[-55.493006,-15.837638],[-55.492566,-15.837765],[-55.492118,-15.837863],[-55.491206,-15.837959],[-55.490519,-15.837916],[-55.472644,-15.834886],[-55.471976,-15.834722],[-55.471325,-15.834502],[-55.470696,-15.834225],[-55.458901,-15.828642],[-55.454129,-15.826414],[-55.453703,-15.826246],[-55.45326,-15.826132],[-55.452802,-15.826115],[-55.452573,-15.826136],[-55.452127,-15.826241],[-55.451701,-15.826408],[-55.440483,-15.831606],[-55.44005,-15.831757],[-55.4396,-15.831844],[-55.439142,-15.83186],[-55.438688,-15.831804],[-55.438247,-15.831678],[-55.438037,-15.831589],[-55.437638,-15.831367],[-55.437452,-15.831233],[-55.436129,-15.82998],[-55.434185,-15.828057],[-55.433661,-15.827617],[-55.433103,-15.82722],[-55.432095,-15.826681],[-55.428947,-15.825305],[-55.428746,-15.825196],[-55.427972,-15.82471],[-55.42543,-15.822773],[-55.424663,-15.822276],[-55.424061,-15.821947],[-55.423647,-15.821752],[-55.423006,-15.821504],[-55.420601,-15.820747],[-55.419963,-15.82049],[-55.419561,-15.820273],[-55.419003,-15.819876],[-55.418669,-15.819567],[-55.418051,-15.818898],[-55.416694,-15.817363],[-55.416206,-15.816884],[-55.41585,-15.816599],[-55.415471,-15.816345],[-55.415067,-15.81613],[-55.414433,-15.815867],[-55.413768,-15.815694],[-55.413086,-15.815599],[-55.412627,-15.815592],[-55.41217,-15.815631],[-55.410819,-15.815895],[-55.404812,-15.817404],[-55.403917,-15.817604],[-55.403236,-15.817707],[-55.402549,-15.817755],[-55.401861,-15.817738],[-55.401175,-15.817674],[-55.400723,-15.817596],[-55.400502,-15.817535],[-55.380046,-15.811507],[-55.379156,-15.811286],[-55.378475,-15.811185],[-55.377558,-15.811141],[-55.376871,-15.811189],[-55.376189,-15.811284],[-55.324133,-15.82002],[-55.323677,-15.820073],[-55.322989,-15.820099],[-55.322304,-15.820031],[-55.321631,-15.819889],[-55.321195,-15.819749],[-55.320563,-15.819482],[-55.320165,-15.819256],[-55.312176,-15.813938],[-55.309493,-15.812195],[-55.307625,-15.810881],[-55.303253,-15.807963],[-55.301336,-15.806719],[-55.300933,-15.806503],[-55.300516,-15.806317],[-55.300083,-15.806167],[-55.299414,-15.806005],[-55.298501,-15.805917],[-55.297813,-15.80594],[-55.225063,-15.817554],[-55.223719,-15.817852],[-55.200861,-15.823822],[-55.200644,-15.823893],[-55.199559,-15.824263],[-55.175487,-15.83317],[-55.156991,-15.839975],[-55.156143,-15.840322],[-55.155732,-15.840524],[-55.155337,-15.840753],[-55.153412,-15.841986],[-55.133699,-15.85485],[-55.132953,-15.855376],[-55.132436,-15.855824],[-55.132123,-15.856155],[-55.131688,-15.85668],[-55.114152,-15.879053],[-55.096653,-15.901453],[-55.09622,-15.90198],[-55.095751,-15.902477],[-55.095215,-15.902904],[-55.094836,-15.903158],[-55.094226,-15.903473],[-55.088633,-15.906105],[-55.087786,-15.906454],[-55.087573,-15.906537],[-55.086906,-15.906706],[-55.086224,-15.906794],[-55.085535,-15.906803],[-55.085078,-15.906762],[-55.083948,-15.906566],[-55.057339,-15.901548],[-55.056655,-15.901472],[-55.055968,-15.901513],[-55.055519,-15.901606],[-55.054867,-15.901821],[-55.054458,-15.902027],[-55.05407,-15.902267],[-55.044109,-15.909536],[-55.043353,-15.910051],[-55.042762,-15.910398],[-55.04215,-15.91071],[-55.041295,-15.911038],[-55.040859,-15.911178],[-55.03974,-15.91143],[-55.036812,-15.912],[-55.036143,-15.912162],[-55.035706,-15.912301],[-55.035283,-15.912477],[-55.034873,-15.91268],[-55.034476,-15.912907],[-55.033914,-15.913298],[-55.03374,-15.913445],[-55.026794,-15.919361],[-55.025963,-15.920142],[-55.025513,-15.920655],[-55.025117,-15.921209],[-55.024678,-15.922003],[-55.024335,-15.922842],[-55.024112,-15.923484],[-55.019736,-15.93706],[-55.018792,-15.939848],[-55.018591,-15.940254],[-55.018471,-15.940447],[-55.018053,-15.940986],[-55.017722,-15.941299],[-55.017167,-15.941699],[-55.016765,-15.941917],[-55.016115,-15.942137],[-55.015442,-15.942284],[-55.011378,-15.943021],[-55.010491,-15.943254],[-55.009854,-15.943509],[-55.006995,-15.944957],[-55.0064,-15.945297],[-55.006217,-15.945434],[-55.005891,-15.945752],[-55.005644,-15.946132],[-55.004625,-15.948158],[-55.0045,-15.948348],[-55.004218,-15.948704],[-55.004059,-15.948867],[-55.003701,-15.949149],[-55.003506,-15.949269],[-55.003095,-15.94947],[-55.002671,-15.949643],[-55.002017,-15.949856],[-54.999214,-15.950864],[-54.992724,-15.953135],[-54.992064,-15.953331],[-54.991841,-15.953383],[-54.991385,-15.953429],[-54.991156,-15.953422],[-54.990703,-15.953346],[-54.990049,-15.953136],[-54.986813,-15.951974],[-54.986152,-15.951787],[-54.984851,-15.951341],[-54.984631,-15.951279],[-54.983506,-15.951056],[-54.982821,-15.950992],[-54.981903,-15.951011],[-54.981675,-15.951039],[-54.98123,-15.951151],[-54.980576,-15.951364],[-54.979945,-15.951634],[-54.97916,-15.952102],[-54.978987,-15.95225],[-54.97684,-15.954292],[-54.976048,-15.95511],[-54.975229,-15.955902],[-54.974599,-15.95656],[-54.973547,-15.957434],[-54.973224,-15.957756],[-54.972772,-15.958268],[-54.971913,-15.959017],[-54.971347,-15.959402],[-54.970946,-15.959622],[-54.970123,-15.960024],[-54.969905,-15.96009],[-54.969455,-15.960176],[-54.969236,-15.960245],[-54.966245,-15.961403],[-54.965835,-15.961607],[-54.965262,-15.961983],[-54.965083,-15.962124],[-54.964774,-15.962457],[-54.963911,-15.963515],[-54.963164,-15.964372],[-54.962757,-15.96492],[-54.962663,-15.965124],[-54.962605,-15.965343],[-54.962502,-15.965542],[-54.962103,-15.966095],[-54.961917,-15.966224],[-54.961707,-15.966317],[-54.961515,-15.966437],[-54.96136,-15.966602],[-54.9585,-15.97014],[-54.958325,-15.970284],[-54.958106,-15.970339],[-54.957881,-15.970297],[-54.95723,-15.970073],[-54.95678,-15.969987],[-54.953809,-15.9697],[-54.952672,-15.969545],[-54.951759,-15.969446],[-54.950854,-15.969293],[-54.948793,-15.969156],[-54.946958,-15.96907],[-54.945351,-15.96907],[-54.944665,-15.96902],[-54.944206,-15.96902],[-54.943292,-15.969094],[-54.942847,-15.969203],[-54.942421,-15.969371],[-54.94202,-15.969589],[-54.941648,-15.969854],[-54.94101,-15.970503],[-54.939265,-15.972602],[-54.924656,-15.990915],[-54.924051,-15.991596],[-54.918634,-15.99744],[-54.917888,-15.998299],[-54.91749,-15.998852],[-54.916948,-15.999848],[-54.916772,-16.000266],[-54.916628,-16.000695],[-54.916268,-16.002237],[-54.915102,-16.008002],[-54.914984,-16.008439],[-54.91482,-16.008861],[-54.914388,-16.009656],[-54.905905,-16.017601],[-54.899106,-16.024011],[-54.89842,-16.024612],[-54.897867,-16.025017],[-54.897079,-16.02548],[-54.888617,-16.030034],[-54.888421,-16.030151],[-54.888059,-16.030428],[-54.887732,-16.030745],[-54.88731,-16.031281],[-54.883705,-16.036522],[-54.883468,-16.036909],[-54.883268,-16.037316],[-54.883107,-16.037739],[-54.883047,-16.037957],[-54.881419,-16.045475],[-54.881206,-16.04612],[-54.881026,-16.046536],[-54.88058,-16.047326],[-54.877679,-16.051398],[-54.876604,-16.052864],[-54.872661,-16.058426],[-54.872333,-16.059021],[-54.872076,-16.05965],[-54.871917,-16.06031],[-54.871857,-16.060758],[-54.871849,-16.061662],[-54.871953,-16.062331],[-54.872213,-16.063198],[-54.872532,-16.064046],[-54.872884,-16.064881],[-54.873632,-16.066778],[-54.873999,-16.067849],[-54.874437,-16.069605],[-54.874641,-16.070947],[-54.874686,-16.071397],[-54.874743,-16.072526],[-54.87474,-16.073655],[-54.874612,-16.075006],[-54.874513,-16.075677],[-54.874289,-16.076786],[-54.873991,-16.077878],[-54.873953,-16.078099],[-54.873881,-16.078312],[-54.873122,-16.080205],[-54.871723,-16.083549],[-54.870653,-16.086293],[-54.868587,-16.091323],[-54.866218,-16.097208],[-54.865073,-16.099923],[-54.864243,-16.102031],[-54.862952,-16.105175],[-54.862713,-16.105811],[-54.858862,-16.115252],[-54.858556,-16.115859],[-54.858049,-16.116612],[-54.857455,-16.117301],[-54.85678,-16.117914],[-54.855149,-16.119163],[-54.853127,-16.120652],[-54.849723,-16.122961],[-54.848464,-16.123944],[-54.846586,-16.125244],[-54.846007,-16.125611],[-54.845405,-16.125941],[-54.844787,-16.126239],[-54.843947,-16.126605],[-54.843135,-16.127026],[-54.84008,-16.129035],[-54.798875,-16.156616],[-54.797902,-16.157215],[-54.797098,-16.157652],[-54.793102,-16.159372],[-54.792507,-16.159712],[-54.792157,-16.160005],[-54.791852,-16.160342],[-54.791593,-16.160715],[-54.791409,-16.161128],[-54.791316,-16.161571],[-54.791294,-16.161796],[-54.791306,-16.162247],[-54.791449,-16.16291],[-54.791713,-16.163776],[-54.792611,-16.166341],[-54.792801,-16.166993],[-54.792924,-16.16766],[-54.79295,-16.168111],[-54.792936,-16.168562],[-54.792834,-16.169233],[-54.792716,-16.169669],[-54.792419,-16.170525],[-54.7915,-16.172842],[-54.78941,-16.178348],[-54.787512,-16.1832],[-54.784743,-16.190388],[-54.784375,-16.191458],[-54.784133,-16.192331],[-54.780856,-16.205972],[-54.780735,-16.206639],[-54.780226,-16.208844],[-54.779442,-16.211913],[-54.7791,-16.21346],[-54.778613,-16.215437],[-54.778422,-16.216322],[-54.778376,-16.216771],[-54.778387,-16.217449],[-54.778432,-16.217899],[-54.778552,-16.218567],[-54.782091,-16.232378],[-54.782177,-16.232821],[-54.78224,-16.233496],[-54.782234,-16.233948],[-54.782194,-16.234398],[-54.781903,-16.236413],[-54.780613,-16.244681],[-54.780291,-16.246462],[-54.778682,-16.256512],[-54.778511,-16.257401],[-54.778147,-16.258472],[-54.777785,-16.259302],[-54.773024,-16.26909],[-54.770624,-16.273975],[-54.768253,-16.278873],[-54.767898,-16.279707],[-54.751207,-16.323768],[-54.744742,-16.340939],[-54.74446,-16.341558],[-54.743928,-16.34256],[-54.743314,-16.343515],[-54.742772,-16.344244],[-54.741244,-16.345932],[-54.73598,-16.351608],[-54.735541,-16.352131],[-54.735142,-16.352684],[-54.734537,-16.353645],[-54.729415,-16.362998],[-54.728822,-16.363965],[-54.728286,-16.364699],[-54.727845,-16.36522],[-54.725348,-16.367873],[-54.723186,-16.370215],[-54.714306,-16.379682],[-54.713747,-16.380398],[-54.713505,-16.380783],[-54.713294,-16.381184],[-54.713117,-16.381602],[-54.71297,-16.38203],[-54.71282,-16.382692],[-54.712755,-16.383366],[-54.712787,-16.384269],[-54.714188,-16.393436],[-54.714285,-16.393878],[-54.714509,-16.3959],[-54.714808,-16.397224],[-54.715001,-16.398338],[-54.715824,-16.403703],[-54.715896,-16.404378],[-54.715895,-16.405055],[-54.715847,-16.405505],[-54.715767,-16.40595],[-54.715644,-16.406386],[-54.715483,-16.406809],[-54.715287,-16.407217],[-54.715065,-16.407613],[-54.714806,-16.407986],[-54.714519,-16.408339],[-54.70867,-16.414713],[-54.705465,-16.418261],[-54.704642,-16.419348],[-54.703889,-16.420201],[-54.703403,-16.420681],[-54.703028,-16.420941],[-54.702863,-16.421099],[-54.700081,-16.424108],[-54.699225,-16.42486],[-54.697549,-16.426051],[-54.696694,-16.426803],[-54.69482,-16.428109],[-54.694432,-16.428351],[-54.693816,-16.428652],[-54.693621,-16.42877],[-54.692109,-16.429798],[-54.668428,-16.44616],[-54.667909,-16.446605],[-54.667765,-16.44678],[-54.667285,-16.447549],[-54.666392,-16.448583],[-54.666222,-16.448727],[-54.666006,-16.448796],[-54.665784,-16.448772],[-54.665595,-16.448644],[-54.665451,-16.448471],[-54.665269,-16.448338],[-54.665043,-16.448341],[-54.664595,-16.448435],[-54.664165,-16.44859],[-54.662834,-16.448942],[-54.662163,-16.449095],[-54.661951,-16.449171],[-54.661773,-16.449307],[-54.661343,-16.449467],[-54.661153,-16.449585],[-54.660908,-16.449968],[-54.660814,-16.450174],[-54.660757,-16.450391],[-54.660767,-16.450615],[-54.660588,-16.45103],[-54.660311,-16.451389],[-54.659541,-16.453031],[-54.659583,-16.453185],[-54.66189,-16.454172],[-54.662047,-16.453768],[-54.661631,-16.453576],[-54.661411,-16.453528],[-54.661187,-16.453561],[-54.660127,-16.45313],[-54.659946,-16.453024],[-54.660111,-16.452603],[-54.660257,-16.452449],[-54.660417,-16.452571],[-54.660379,-16.452792],[-54.660639,-16.453161],[-54.660853,-16.453093],[-54.660784,-16.45312],[-54.660694,-16.453239],[-54.660883,-16.453329],[-54.661112,-16.45332],[-54.661332,-16.453365],[-54.661965,-16.453631],[-54.662082,-16.453756],[-54.661894,-16.454169],[-54.662724,-16.454539],[-54.662822,-16.454672],[-54.662726,-16.454878],[-54.662326,-16.455428],[-54.662147,-16.455845],[-54.662151,-16.45598],[-54.662378,-16.455942],[-54.662607,-16.455565],[-54.662808,-16.455639],[-54.66277,-16.455845],[-54.661997,-16.457486],[-54.661525,-16.458261],[-54.656938,-16.468129],[-54.654908,-16.472683],[-54.652473,-16.477802],[-54.652165,-16.478408],[-54.648062,-16.487251],[-54.647813,-16.487883],[-54.64735,-16.489399],[-54.647196,-16.489819],[-54.647205,-16.490041],[-54.64707,-16.490934],[-54.647004,-16.492062],[-54.647035,-16.49274],[-54.647099,-16.493415],[-54.647262,-16.494534],[-54.647415,-16.495195],[-54.647666,-16.496065],[-54.647891,-16.496706],[-54.648366,-16.497735],[-54.649231,-16.499331],[-54.649643,-16.500138],[-54.650487,-16.501996],[-54.650718,-16.502635],[-54.650957,-16.503508],[-54.651099,-16.503937],[-54.651476,-16.504762],[-54.651589,-16.504959],[-54.651855,-16.505327],[-54.652201,-16.505913],[-54.653044,-16.50777],[-54.653451,-16.508827],[-54.653662,-16.509707],[-54.65399,-16.51079],[-54.658203,-16.520327],[-54.662635,-16.530263],[-54.682879,-16.56857],[-54.68337,-16.569591],[-54.683884,-16.57085],[-54.68549,-16.575086],[-54.686168,-16.576767],[-54.700094,-16.609753],[-54.70045,-16.610826],[-54.700652,-16.611708],[-54.70075,-16.61238],[-54.70079,-16.613283],[-54.700771,-16.613735],[-54.700663,-16.614633],[-54.700484,-16.61552],[-54.696803,-16.630926],[-54.696572,-16.631801],[-54.696304,-16.632666],[-54.695986,-16.633514],[-54.695623,-16.634345],[-54.69501,-16.63556],[-54.671354,-16.679763],[-54.670847,-16.680778],[-54.670193,-16.682223],[-54.668039,-16.686217],[-54.666239,-16.689627],[-54.665581,-16.690819],[-54.664557,-16.692586],[-54.662404,-16.69658],[-54.66084,-16.699345],[-54.659463,-16.701953],[-54.644214,-16.73033],[-54.643929,-16.730947],[-54.643683,-16.731581],[-54.643559,-16.732016],[-54.643424,-16.732681],[-54.643378,-16.733131],[-54.643363,-16.734035],[-54.643429,-16.734709],[-54.64356,-16.735375],[-54.643756,-16.736025],[-54.644011,-16.736655],[-54.644207,-16.737063],[-54.651514,-16.75116],[-54.654769,-16.757392],[-54.657055,-16.761828],[-54.659474,-16.766451],[-54.665319,-16.777728],[-54.670932,-16.788614],[-54.671466,-16.789615],[-54.671948,-16.790385],[-54.69522,-16.824288],[-54.695583,-16.824865],[-54.696124,-16.825862],[-54.696609,-16.826886],[-54.697024,-16.82794],[-54.701126,-16.840178],[-54.701591,-16.841454],[-54.702137,-16.843181],[-54.705004,-16.851773],[-54.707254,-16.858423],[-54.711771,-16.871954],[-54.723805,-16.907804],[-54.733343,-16.936369],[-54.733812,-16.937645],[-54.734564,-16.93954],[-54.734944,-16.940607],[-54.735564,-16.942548],[-54.736168,-16.944729],[-54.736491,-16.945814],[-54.747569,-16.979117],[-54.749417,-16.984469],[-54.753379,-16.995798],[-54.760077,-17.014809],[-54.760507,-17.016098],[-54.76153,-17.018617],[-54.762194,-17.020544],[-54.762576,-17.021847],[-54.763149,-17.024036],[-54.763556,-17.0258],[-54.763773,-17.02691],[-54.76404,-17.028699],[-54.764186,-17.030048],[-54.764279,-17.031402],[-54.76432,-17.032984],[-54.764309,-17.034567],[-54.764233,-17.036147],[-54.764153,-17.037048],[-54.763991,-17.038395],[-54.763712,-17.040183],[-54.760744,-17.056657],[-54.760189,-17.060233],[-54.759816,-17.063149],[-54.759556,-17.06585],[-54.759377,-17.06833],[-54.75926,-17.070815],[-54.759222,-17.073528],[-54.759291,-17.07737],[-54.759362,-17.079178],[-54.759484,-17.081436],[-54.76,-17.088426],[-54.76058,-17.096998],[-54.760611,-17.098128],[-54.760701,-17.099935],[-54.760748,-17.102648],[-54.760758,-17.105813],[-54.76072,-17.108074],[-54.760636,-17.110559],[-54.760443,-17.114172],[-54.760188,-17.117327],[-54.759856,-17.120702],[-54.759445,-17.123842],[-54.757976,-17.133913],[-54.757623,-17.136831],[-54.757379,-17.139307],[-54.757243,-17.14111],[-54.757051,-17.144723],[-54.757019,-17.146079],[-54.757011,-17.147888],[-54.757029,-17.14947],[-54.757086,-17.151504],[-54.757227,-17.15444],[-54.757303,-17.155568],[-54.757608,-17.158719],[-54.757952,-17.161411],[-54.75818,-17.162978],[-54.758756,-17.166321],[-54.759852,-17.17187],[-54.760298,-17.174547],[-54.760574,-17.176564],[-54.760741,-17.178137],[-54.760943,-17.180617],[-54.761076,-17.183326],[-54.7611,-17.185587],[-54.761066,-17.187848],[-54.760982,-17.189655],[-54.760691,-17.193261],[-54.75899,-17.206722],[-54.75878,-17.208974],[-54.75859,-17.212133],[-54.758542,-17.21462],[-54.75855,-17.216429],[-54.75867,-17.219592],[-54.75887,-17.221844],[-54.764814,-17.278063],[-54.76489,-17.278965],[-54.76492,-17.279868],[-54.764917,-17.281225],[-54.764886,-17.282129],[-54.764736,-17.283931],[-54.760066,-17.331642],[-54.756542,-17.368104],[-54.75649,-17.36946],[-54.756491,-17.37059],[-54.756533,-17.371494],[-54.757379,-17.381634],[-54.75789,-17.38749],[-54.758442,-17.394251],[-54.758489,-17.395833],[-54.758471,-17.396737],[-54.758385,-17.398091],[-54.758241,-17.39944],[-54.758097,-17.400333],[-54.75773,-17.402106],[-54.757382,-17.403418],[-54.756981,-17.404716],[-54.750262,-17.424436],[-54.747069,-17.433874],[-54.746522,-17.435601],[-54.746092,-17.437359],[-54.745882,-17.43847],[-54.74575,-17.439365],[-54.745556,-17.441391],[-54.745536,-17.441843],[-54.74553,-17.443425],[-54.745548,-17.444103],[-54.745799,-17.447712],[-54.74586,-17.449294],[-54.74586,-17.450198],[-54.745823,-17.451102],[-54.745641,-17.452901],[-54.745502,-17.453795],[-54.73945,-17.485802],[-54.739221,-17.487369],[-54.739117,-17.488267],[-54.739025,-17.489394],[-54.73898,-17.490524],[-54.738982,-17.491654],[-54.739637,-17.50792],[-54.73984,-17.512211],[-54.739849,-17.512889],[-54.739822,-17.513113],[-54.73984,-17.513565],[-54.739839,-17.516278],[-54.739781,-17.522382],[-54.739798,-17.523286],[-54.739872,-17.524187],[-54.740342,-17.52709],[-54.740471,-17.52844],[-54.740637,-17.532054],[-54.74143,-17.551935],[-54.741426,-17.552839],[-54.741342,-17.55442],[-54.740702,-17.562761],[-54.740568,-17.564792],[-54.740522,-17.565921],[-54.74052,-17.566826],[-54.740571,-17.568181],[-54.740745,-17.569982],[-54.740866,-17.570878],[-54.74102,-17.57177],[-54.744546,-17.589521],[-54.74485,-17.590608],[-54.745117,-17.591231],[-54.74515,-17.591454],[-54.745114,-17.591675],[-54.745128,-17.5919],[-54.74522,-17.592799],[-54.745696,-17.595241],[-54.745975,-17.596799],[-54.746167,-17.598371],[-54.746276,-17.599723],[-54.746308,-17.601531],[-54.746218,-17.603564],[-54.746136,-17.604465],[-54.745922,-17.606033],[-54.745674,-17.607368],[-54.744726,-17.611561],[-54.744488,-17.612897],[-54.744334,-17.614017],[-54.744225,-17.615142],[-54.744136,-17.616723],[-54.744131,-17.617627],[-54.744185,-17.619208],[-54.744253,-17.62011],[-54.744397,-17.621459],[-54.747706,-17.645203],[-54.747968,-17.647449],[-54.748068,-17.648575],[-54.748116,-17.649478],[-54.748175,-17.649925],[-54.748288,-17.652636],[-54.74832,-17.653992],[-54.748306,-17.656479],[-54.748093,-17.66077],[-54.74705,-17.676789],[-54.746981,-17.679049],[-54.746983,-17.680632],[-54.747049,-17.682439],[-54.747175,-17.68447],[-54.747343,-17.686272],[-54.747671,-17.688737],[-54.747932,-17.690299],[-54.748376,-17.692517],[-54.749045,-17.695382],[-54.75574,-17.723328],[-54.756028,-17.724423],[-54.756101,-17.724869],[-54.757357,-17.730152],[-54.757494,-17.731046],[-54.757534,-17.731723],[-54.757521,-17.732401],[-54.757456,-17.733076],[-54.757306,-17.733968],[-54.752841,-17.756376],[-54.752828,-17.756601],[-54.752178,-17.759701],[-54.751435,-17.763475],[-54.751114,-17.765256],[-54.75065,-17.76747],[-54.750305,-17.769246],[-54.75019,-17.769683],[-54.747805,-17.781664],[-54.74762,-17.782317],[-54.747295,-17.783163],[-54.742044,-17.794223],[-54.741672,-17.795049],[-54.740878,-17.79668],[-54.730776,-17.817986],[-54.730355,-17.81879],[-54.730119,-17.819178],[-54.729436,-17.820086],[-54.707194,-17.845978],[-54.706633,-17.846694],[-54.706106,-17.847435],[-54.705617,-17.8482],[-54.705166,-17.848988],[-54.704659,-17.850002],[-54.704053,-17.851468],[-54.69285,-17.880653],[-54.692465,-17.881718],[-54.69215,-17.882805],[-54.691947,-17.883687],[-54.691729,-17.885026],[-54.691633,-17.886153],[-54.691606,-17.88683],[-54.69193,-17.904236],[-54.691898,-17.904687],[-54.691802,-17.905358],[-54.690676,-17.910207],[-54.6782,-17.962828],[-54.677988,-17.963939],[-54.67792,-17.964614],[-54.677913,-17.965518],[-54.679276,-18.002573],[-54.67935,-18.005059],[-54.679483,-18.006636],[-54.67964,-18.007527],[-54.679835,-18.008411],[-54.682317,-18.018752],[-54.682502,-18.019638],[-54.686903,-18.045046],[-54.69645,-18.100782],[-54.696777,-18.102791],[-54.696843,-18.103007],[-54.696881,-18.10323],[-54.69709,-18.104571],[-54.700353,-18.123748],[-54.700422,-18.124422],[-54.700421,-18.125326],[-54.70041,-18.125552],[-54.700315,-18.126224],[-54.700226,-18.126667],[-54.699959,-18.127532],[-54.699786,-18.127951],[-54.699589,-18.128359],[-54.699242,-18.128945],[-54.696589,-18.133178],[-54.696061,-18.133917],[-54.695453,-18.134594],[-54.695128,-18.134913],[-54.69407,-18.135782],[-54.686944,-18.141122],[-54.685498,-18.142236],[-54.685112,-18.142478],[-54.68421,-18.143177],[-54.677632,-18.148106],[-54.677101,-18.148538],[-54.676423,-18.149147],[-54.675786,-18.149798],[-54.672988,-18.152794],[-54.668766,-18.157264],[-54.667868,-18.158292],[-54.667459,-18.158838],[-54.667092,-18.159411],[-54.666563,-18.160415],[-54.657714,-18.178301],[-54.656823,-18.180384],[-54.6525,-18.190857],[-54.652344,-18.191282],[-54.652061,-18.192377],[-54.651212,-18.198424],[-54.651165,-18.199327],[-54.651214,-18.200229],[-54.65131,-18.200901],[-54.651397,-18.201345],[-54.653018,-18.207471],[-54.653205,-18.208356],[-54.653371,-18.209475],[-54.653476,-18.210373],[-54.655414,-18.230405],[-54.655538,-18.231528],[-54.655689,-18.23242],[-54.660183,-18.251354],[-54.66049,-18.252443],[-54.660795,-18.253296],[-54.666466,-18.26762],[-54.666675,-18.268266],[-54.666836,-18.268925],[-54.666912,-18.269371],[-54.666985,-18.270045],[-54.667007,-18.271175],[-54.665912,-18.318642],[-54.665422,-18.341472],[-54.664825,-18.367693],[-54.664815,-18.369049],[-54.664892,-18.370177],[-54.664984,-18.370849],[-54.669913,-18.394318],[-54.670169,-18.39542],[-54.670423,-18.396289],[-54.670742,-18.397137],[-54.673566,-18.403571],[-54.673905,-18.40416],[-54.674173,-18.404527],[-54.674617,-18.405045],[-54.674948,-18.405358],[-54.675478,-18.405791],[-54.675853,-18.406052],[-54.681476,-18.409119],[-54.682044,-18.409502],[-54.682401,-18.409787],[-54.682734,-18.410098],[-54.683177,-18.410617],[-54.691495,-18.422545],[-54.692609,-18.424259],[-54.693064,-18.425044],[-54.699192,-18.436175],[-54.712961,-18.463015],[-54.713879,-18.464838],[-54.715033,-18.46705],[-54.715629,-18.468273],[-54.71753,-18.471886],[-54.734532,-18.50497],[-54.734923,-18.505788],[-54.735167,-18.506423],[-54.735299,-18.506855],[-54.737916,-18.517164],[-54.742424,-18.535165],[-54.742748,-18.536249],[-54.743007,-18.536878],[-54.74724,-18.54541],[-54.750408,-18.551686],[-54.769227,-18.586131],[-54.769858,-18.587337],[-54.770227,-18.588165],[-54.770619,-18.589227],[-54.773401,-18.597609],[-54.773521,-18.598045],[-54.773645,-18.598712],[-54.77372,-18.599386],[-54.773724,-18.600064],[-54.77251,-18.628979],[-54.772535,-18.629883],[-54.772623,-18.630555],[-54.772719,-18.630997],[-54.772843,-18.631433],[-54.773194,-18.632268],[-54.773513,-18.632868],[-54.773894,-18.633432],[-54.774182,-18.633784],[-54.774808,-18.634447],[-54.791448,-18.650993],[-54.792349,-18.652019],[-54.80268,-18.664727],[-54.803661,-18.66598],[-54.804314,-18.66691],[-54.804929,-18.667865],[-54.812858,-18.680845],[-54.813564,-18.682267],[-54.818064,-18.693885],[-54.818255,-18.694537],[-54.818348,-18.694979],[-54.818421,-18.695426],[-54.818484,-18.696328],[-54.818462,-18.697005],[-54.818412,-18.697454],[-54.818329,-18.697899],[-54.817848,-18.699645],[-54.813534,-18.714185],[-54.813442,-18.714628],[-54.813378,-18.715075],[-54.813331,-18.715752],[-54.813345,-18.716204],[-54.813448,-18.717102],[-54.813664,-18.71798],[-54.813844,-18.718395],[-54.814077,-18.719033],[-54.814642,-18.720991],[-54.814895,-18.722093],[-54.815175,-18.72319],[-54.815437,-18.724521],[-54.815703,-18.725621],[-54.816935,-18.730211],[-54.818134,-18.734106],[-54.81961,-18.739568],[-54.819707,-18.74001],[-54.819764,-18.740683],[-54.819862,-18.741125],[-54.822909,-18.752492],[-54.824994,-18.760135],[-54.825302,-18.760986],[-54.82561,-18.761592],[-54.826326,-18.762751],[-54.828781,-18.766573],[-54.82923,-18.767361],[-54.829508,-18.767982],[-54.829791,-18.768841],[-54.829985,-18.769955],[-54.830029,-18.770858],[-54.829982,-18.771534],[-54.829786,-18.772877],[-54.829765,-18.773101],[-54.829783,-18.773552],[-54.829609,-18.774897],[-54.827979,-18.785173],[-54.827764,-18.786283],[-54.827446,-18.787603],[-54.820848,-18.810201],[-54.820526,-18.811048],[-54.820337,-18.811459],[-54.820129,-18.812106],[-54.813636,-18.834263],[-54.813408,-18.835139],[-54.813334,-18.835585],[-54.813287,-18.836262],[-54.813328,-18.836938],[-54.813459,-18.837603],[-54.813667,-18.838249],[-54.815469,-18.842161],[-54.825731,-18.863642],[-54.82698,-18.866312],[-54.827679,-18.867737],[-54.828122,-18.868529],[-54.828618,-18.86929],[-54.829458,-18.870365],[-54.839475,-18.881561],[-54.842526,-18.884941],[-54.843719,-18.886316],[-54.843856,-18.886497],[-54.844208,-18.887079],[-54.844405,-18.887488],[-54.844572,-18.887909],[-54.84475,-18.888564],[-54.844824,-18.88901],[-54.844868,-18.889687],[-54.844855,-18.889912],[-54.844783,-18.890586],[-54.844649,-18.891251],[-54.837891,-18.918951],[-54.837576,-18.920037],[-54.837337,-18.920673],[-54.836837,-18.92169],[-54.832398,-18.929348],[-54.831959,-18.930142],[-54.831666,-18.930757],[-54.831496,-18.931176],[-54.831214,-18.932037],[-54.831101,-18.932475],[-54.830886,-18.933815],[-54.829693,-18.942554],[-54.829651,-18.94323],[-54.829662,-18.943682],[-54.829749,-18.944355],[-54.829852,-18.944796],[-54.830436,-18.946748],[-54.830526,-18.947191],[-54.830609,-18.947864],[-54.830619,-18.948316],[-54.830475,-18.95374],[-54.830419,-18.954416],[-54.830235,-18.955301],[-54.83008,-18.955727],[-54.829894,-18.95614],[-54.829232,-18.95733],[-54.822163,-18.969497],[-54.821868,-18.97011],[-54.821697,-18.970529],[-54.821512,-18.971182],[-54.821396,-18.97185],[-54.821371,-18.972075],[-54.821357,-18.972753],[-54.821479,-18.973648],[-54.821643,-18.974306],[-54.821791,-18.974734],[-54.821975,-18.975148],[-54.833257,-18.996128],[-54.833544,-18.996745],[-54.833693,-18.997172],[-54.833803,-18.997611],[-54.833904,-18.998282],[-54.833922,-18.998959],[-54.833887,-18.999409],[-54.833818,-18.999856],[-54.833709,-19.000295],[-54.833566,-19.000725],[-54.833397,-19.001145],[-54.833192,-19.00155],[-54.832951,-19.001935],[-54.832539,-19.002477],[-54.829174,-19.006187],[-54.828739,-19.006712],[-54.828479,-19.007085],[-54.828141,-19.007675],[-54.827876,-19.008301],[-54.827743,-19.008733],[-54.827622,-19.0094],[-54.827553,-19.011207],[-54.82737,-19.023867],[-54.827302,-19.024542],[-54.827219,-19.024987],[-54.826991,-19.025862],[-54.826649,-19.026701],[-54.826445,-19.027106],[-54.826215,-19.027497],[-54.82596,-19.027873],[-54.825384,-19.028577],[-54.824899,-19.029058],[-54.824554,-19.029357],[-54.816891,-19.035121],[-54.816375,-19.03557],[-54.815587,-19.036392],[-54.815297,-19.036742],[-54.814769,-19.037482],[-54.812744,-19.040768],[-54.811931,-19.042133],[-54.809088,-19.046782],[-54.808593,-19.047543],[-54.808047,-19.04827],[-54.807463,-19.048968],[-54.802925,-19.054071],[-54.798516,-19.058984],[-54.793827,-19.064256],[-54.793393,-19.064783],[-54.793034,-19.065362],[-54.792834,-19.065769],[-54.792601,-19.066407],[-54.792443,-19.067066],[-54.792358,-19.067739],[-54.7917,-19.074264],[-54.791566,-19.074928],[-54.791431,-19.075361],[-54.791174,-19.07599],[-54.791068,-19.07619],[-54.790697,-19.07676],[-54.789965,-19.077631],[-54.784602,-19.083524],[-54.784114,-19.084002],[-54.783579,-19.084429],[-54.783022,-19.084828],[-54.776741,-19.089001],[-54.776212,-19.089434],[-54.775718,-19.089907],[-54.775273,-19.090424],[-54.774865,-19.09097],[-54.77462,-19.091353],[-54.774209,-19.092161],[-54.773964,-19.092795],[-54.773791,-19.093451],[-54.773539,-19.094785],[-54.772462,-19.101255],[-54.772277,-19.10214],[-54.772135,-19.10257],[-54.771849,-19.103187],[-54.771501,-19.103772],[-54.771227,-19.104135],[-54.770763,-19.104636],[-54.770418,-19.104934],[-54.770054,-19.105209],[-54.769666,-19.10545],[-54.764456,-19.108319],[-54.759225,-19.111152],[-54.758632,-19.111497],[-54.758259,-19.11176],[-54.757903,-19.112046],[-54.757273,-19.112702],[-54.757002,-19.113067],[-54.756635,-19.113641],[-54.756432,-19.114046],[-54.756275,-19.114471],[-54.756023,-19.115341],[-54.756005,-19.115566],[-54.755661,-19.117342],[-54.755212,-19.119096],[-54.755018,-19.11998],[-54.75494,-19.12088],[-54.75495,-19.121559],[-54.755014,-19.122233],[-54.755098,-19.122678],[-54.755273,-19.123334],[-54.761405,-19.144182],[-54.761896,-19.145925],[-54.762058,-19.146584],[-54.762223,-19.147473],[-54.762324,-19.148372],[-54.762358,-19.149049],[-54.76236,-19.15018],[-54.762301,-19.150628],[-54.762241,-19.150846],[-54.762214,-19.151068],[-54.762119,-19.153554],[-54.762,-19.154678],[-54.761834,-19.155567],[-54.761529,-19.156657],[-54.753929,-19.177511],[-54.753851,-19.177954],[-54.753662,-19.178605],[-54.741363,-19.212212],[-54.741091,-19.212835],[-54.74075,-19.213425],[-54.740207,-19.214153],[-54.739733,-19.214645],[-54.739388,-19.214944],[-54.739025,-19.21522],[-54.738643,-19.215472],[-54.738245,-19.215697],[-54.737832,-19.215894],[-54.736976,-19.21622],[-54.719717,-19.222409],[-54.713885,-19.224479],[-54.712355,-19.224965],[-54.686,-19.232056],[-54.685148,-19.232391],[-54.684743,-19.232604],[-54.684352,-19.232843],[-54.683979,-19.233106],[-54.683625,-19.233394],[-54.683295,-19.233708],[-54.682986,-19.234043],[-54.682572,-19.234584],[-54.675462,-19.245133],[-54.674427,-19.246627],[-54.651353,-19.277066],[-54.650176,-19.278453],[-54.649092,-19.279622],[-54.638047,-19.291119],[-54.637375,-19.291735],[-54.637201,-19.291883],[-54.637003,-19.291994],[-54.63684,-19.292153],[-54.633033,-19.296076],[-54.631784,-19.297402],[-54.631181,-19.298084],[-54.630032,-19.299495],[-54.62371,-19.307542],[-54.623502,-19.307943],[-54.623127,-19.308512],[-54.615834,-19.31782],[-54.615166,-19.31874],[-54.614053,-19.320454],[-54.589325,-19.360686],[-54.588234,-19.362414],[-54.587332,-19.363724],[-54.58706,-19.364087],[-54.57706,-19.380326],[-54.557841,-19.41142],[-54.557049,-19.41253],[-54.55617,-19.413575],[-54.554151,-19.415739],[-54.553201,-19.416721],[-54.552446,-19.417573],[-54.54006,-19.43093],[-54.529254,-19.442644],[-54.527078,-19.444974],[-54.526205,-19.446022],[-54.525508,-19.44692],[-54.524134,-19.448439],[-54.523196,-19.449432],[-54.521874,-19.450688],[-54.504898,-19.465572],[-54.503756,-19.466686],[-54.499124,-19.471396],[-54.497474,-19.472968],[-54.496365,-19.474113],[-54.495775,-19.474806],[-54.487664,-19.483123],[-54.486907,-19.483972],[-54.486485,-19.484508],[-54.486093,-19.485065],[-54.485724,-19.485638],[-54.485268,-19.486423],[-54.475004,-19.505631],[-54.472241,-19.510842],[-54.471684,-19.51183],[-54.470299,-19.51391],[-54.459249,-19.529475],[-54.458396,-19.53054],[-54.45793,-19.531039],[-54.456936,-19.531979],[-54.456055,-19.532703],[-54.454934,-19.533491],[-54.437654,-19.545057],[-54.436752,-19.545755],[-54.436065,-19.546355],[-54.43526,-19.54716],[-54.434661,-19.547846],[-54.434102,-19.548564],[-54.430771,-19.553442],[-54.429316,-19.555745],[-54.427702,-19.557944],[-54.421546,-19.566945],[-54.421138,-19.567492],[-54.419703,-19.569256],[-54.409278,-19.581301],[-54.408563,-19.582186],[-54.407484,-19.58365],[-54.400248,-19.594658],[-54.364091,-19.643965],[-54.363335,-19.645099],[-54.362343,-19.646344],[-54.358723,-19.651299],[-54.358129,-19.651989],[-54.357972,-19.652154],[-54.357792,-19.652291],[-54.35229,-19.659813],[-54.351202,-19.66127],[-54.350837,-19.661845],[-54.350442,-19.662661],[-54.350277,-19.663083],[-54.350141,-19.663515],[-54.349935,-19.664396],[-54.349838,-19.665067],[-54.349824,-19.666197],[-54.350189,-19.679305],[-54.351518,-19.730838],[-54.351608,-19.731737],[-54.351729,-19.732405],[-54.35188,-19.733067],[-54.352588,-19.735689],[-54.357598,-19.75473],[-54.369459,-19.800284],[-54.370974,-19.806203],[-54.371097,-19.80687],[-54.37119,-19.807997],[-54.371142,-19.81003],[-54.368603,-19.866046],[-54.368611,-19.866271],[-54.368681,-19.866946],[-54.368781,-19.867387],[-54.368911,-19.86782],[-54.371103,-19.874012],[-54.374019,-19.882349],[-54.374196,-19.883004],[-54.374306,-19.883673],[-54.37436,-19.884349],[-54.374351,-19.884801],[-54.372979,-19.902838],[-54.372784,-19.904181],[-54.372641,-19.904844],[-54.372405,-19.905718],[-54.365231,-19.929799],[-54.365132,-19.930241],[-54.365106,-19.930466],[-54.36507,-19.930916],[-54.365076,-19.931142],[-54.365096,-19.931367],[-54.365185,-19.93181],[-54.365313,-19.932244],[-54.368812,-19.94036],[-54.401571,-20.01558],[-54.406898,-20.027599],[-54.40711,-20.027999],[-54.407921,-20.029871],[-54.411523,-20.037944],[-54.412435,-20.039769],[-54.412816,-20.040592],[-54.413809,-20.043123],[-54.423829,-20.065705],[-54.423954,-20.066138],[-54.424554,-20.067358],[-54.436711,-20.095435],[-54.443751,-20.110413],[-54.443921,-20.110833],[-54.444061,-20.111264],[-54.444216,-20.111924],[-54.444328,-20.112822],[-54.444337,-20.113047],[-54.444302,-20.113725],[-54.444136,-20.115297],[-54.44417,-20.115521],[-54.44417,-20.115747],[-54.444127,-20.116424],[-54.443705,-20.119562],[-54.443345,-20.122023],[-54.439153,-20.14861],[-54.439098,-20.149286],[-54.439104,-20.149963],[-54.439193,-20.150636],[-54.439411,-20.151513],[-54.439568,-20.151938],[-54.439853,-20.152555],[-54.449731,-20.170941],[-54.453316,-20.17777],[-54.454321,-20.179547],[-54.455098,-20.181186],[-54.461611,-20.193651],[-54.475694,-20.221348],[-54.475972,-20.221968],[-54.476127,-20.222393],[-54.476361,-20.223267],[-54.477021,-20.226596],[-54.477112,-20.227268],[-54.477148,-20.227719],[-54.477142,-20.227945],[-54.477175,-20.228168],[-54.479518,-20.240157],[-54.479574,-20.240375],[-54.479741,-20.240795],[-54.479918,-20.24145],[-54.484243,-20.263425],[-54.48449,-20.264759],[-54.484736,-20.265863],[-54.484875,-20.266294],[-54.485124,-20.266926],[-54.485433,-20.267533],[-54.501786,-20.296088],[-54.50282,-20.29785],[-54.503135,-20.298453],[-54.503463,-20.299296],[-54.505134,-20.302261],[-54.5092,-20.309348],[-54.510923,-20.312284],[-54.517805,-20.324296],[-54.518179,-20.325121],[-54.518404,-20.325762],[-54.518569,-20.32642],[-54.51864,-20.326867],[-54.51869,-20.327543],[-54.51863,-20.332743],[-54.518392,-20.345854],[-54.51839,-20.347437],[-54.518447,-20.348112],[-54.518577,-20.348778],[-54.518761,-20.349432],[-54.519008,-20.350065],[-54.51931,-20.350674],[-54.519664,-20.351255],[-54.520184,-20.352001],[-54.52993,-20.366525],[-54.533761,-20.372162],[-54.539681,-20.381047],[-54.540074,-20.381604],[-54.540504,-20.382133],[-54.541153,-20.382773],[-54.541499,-20.38307],[-54.541869,-20.383338],[-54.55526,-20.392088],[-54.55563,-20.392357],[-54.557206,-20.393282],[-54.55743,-20.393303],[-54.557646,-20.393379],[-54.557846,-20.393489],[-54.558033,-20.39362],[-54.558372,-20.393924],[-54.558673,-20.394265],[-54.558762,-20.394472],[-54.558784,-20.394694],[-54.558728,-20.394911],[-54.558591,-20.395089],[-54.558409,-20.395224],[-54.558191,-20.395294],[-54.557839,-20.395581],[-54.557507,-20.395893],[-54.557233,-20.396253],[-54.556812,-20.397055],[-54.556446,-20.397885],[-54.548934,-20.413894],[-54.548282,-20.41534],[-54.547493,-20.416973],[-54.547114,-20.417797],[-54.546805,-20.418649],[-54.546622,-20.419302],[-54.540403,-20.450357],[-54.540311,-20.451029],[-54.540343,-20.45148],[-54.540482,-20.451909],[-54.540587,-20.452109],[-54.540725,-20.45229],[-54.541209,-20.452771],[-54.542264,-20.453644],[-54.549717,-20.459669],[-54.551202,-20.460733],[-54.554229,-20.462782],[-54.554674,-20.462873],[-54.554904,-20.46288],[-54.555356,-20.462806],[-54.555585,-20.462794],[-54.555814,-20.462812],[-54.556255,-20.462929],[-54.556866,-20.46324],[-54.557301,-20.463378],[-54.557524,-20.463371],[-54.558424,-20.463189],[-54.559106,-20.463098],[-54.559564,-20.463073],[-54.560021,-20.463104],[-54.56449,-20.464143],[-54.5656,-20.464431],[-54.568503,-20.465116],[-54.573624,-20.466384],[-54.575607,-20.466955],[-54.577349,-20.46753],[-54.577763,-20.467722],[-54.577963,-20.467833],[-54.57834,-20.468091],[-54.579048,-20.468667],[-54.579235,-20.468797],[-54.579445,-20.468888],[-54.579887,-20.469009],[-54.580092,-20.469109],[-54.580592,-20.469574],[-54.581123,-20.470003],[-54.581455,-20.470314],[-54.581831,-20.470572],[-54.582036,-20.470659],[-54.583611,-20.470973],[-54.584275,-20.471143],[-54.584726,-20.471188],[-54.587709,-20.471128],[-54.588161,-20.471051],[-54.588368,-20.470974],[-54.588507,-20.470794],[-54.588695,-20.47068],[-54.588907,-20.470732],[-54.588968,-20.470945],[-54.588999,-20.471396],[-54.589228,-20.472271],[-54.58925,-20.472496],[-54.589235,-20.472721],[-54.589154,-20.472931],[-54.588901,-20.473307],[-54.588811,-20.473514],[-54.588761,-20.473733],[-54.588741,-20.473958],[-54.588926,-20.47437],[-54.589044,-20.474564],[-54.589186,-20.474739],[-54.589772,-20.475094],[-54.590781,-20.475634],[-54.59096,-20.475773],[-54.591549,-20.476467],[-54.591717,-20.476621],[-54.591913,-20.476734],[-54.592565,-20.476954],[-54.594118,-20.477361],[-54.59588,-20.477871],[-54.599434,-20.478785],[-54.600997,-20.479153],[-54.609443,-20.481306],[-54.613203,-20.482339],[-54.613874,-20.48248],[-54.614334,-20.48248],[-54.614558,-20.482516],[-54.615415,-20.482834],[-54.615562,-20.48298],[-54.614277,-20.489643],[-54.613434,-20.493858],[-54.61324,-20.494972],[-54.613063,-20.495627],[-54.612984,-20.49584],[-54.612661,-20.496437],[-54.612403,-20.496811],[-54.612241,-20.496969],[-54.610774,-20.498058],[-54.610204,-20.498438],[-54.607971,-20.500026],[-54.6073,-20.500644],[-54.606994,-20.500981],[-54.606444,-20.501705],[-54.606085,-20.502283],[-54.605895,-20.502693],[-54.605891,-20.502916],[-54.605969,-20.503127],[-54.605994,-20.503348],[-54.605876,-20.503536],[-54.605673,-20.503636],[-54.605502,-20.503769],[-54.605416,-20.503977],[-54.60339,-20.5114],[-54.603363,-20.511624],[-54.603366,-20.512076],[-54.603306,-20.512523],[-54.602967,-20.513838],[-54.602738,-20.514227],[-54.602552,-20.514879],[-54.602372,-20.51499],[-54.602208,-20.514867],[-54.602208,-20.514648],[-54.602499,-20.513554],[-54.602496,-20.513341],[-54.60229,-20.513255],[-54.602066,-20.513208],[-54.601842,-20.513213],[-54.601638,-20.513315],[-54.601493,-20.51349],[-54.601345,-20.513539],[-54.601442,-20.513593],[-54.601415,-20.51381],[-54.601488,-20.514021],[-54.601643,-20.514186],[-54.60185,-20.514277],[-54.602077,-20.514274],[-54.602294,-20.514207],[-54.602375,-20.514002],[-54.602685,-20.512915],[-54.602803,-20.512727],[-54.602864,-20.512509],[-54.60297,-20.512313],[-54.603141,-20.512179],[-54.603285,-20.512324],[-54.6033,-20.512548],[-54.602749,-20.514742],[-54.602654,-20.514947],[-54.602394,-20.515318],[-54.6023,-20.515522],[-54.600474,-20.522296],[-54.6004,-20.522971],[-54.6003,-20.523411],[-54.600013,-20.52427],[-54.599583,-20.525319],[-54.599444,-20.525749],[-54.599403,-20.52597],[-54.59903,-20.527039],[-54.59882,-20.527441],[-54.598568,-20.527819],[-54.598482,-20.528027],[-54.597075,-20.532093],[-54.59602,-20.535794],[-54.595921,-20.536692],[-54.595506,-20.538221],[-54.595333,-20.538639],[-54.595131,-20.539044],[-54.593393,-20.545374],[-54.592953,-20.54713],[-54.59294,-20.548032],[-54.592893,-20.548252],[-54.591944,-20.551512],[-54.591159,-20.554581],[-54.58904,-20.562215],[-54.587868,-20.566587],[-54.585457,-20.575313],[-54.583829,-20.581904],[-54.583688,-20.582566],[-54.58384,-20.582986],[-54.583895,-20.583205],[-54.5839,-20.58343],[-54.583823,-20.583641],[-54.583702,-20.583832],[-54.583524,-20.583972],[-54.583366,-20.584135],[-54.583055,-20.584467],[-54.58293,-20.58465],[-54.582806,-20.585086],[-54.572378,-20.628194],[-54.572203,-20.62885],[-54.568715,-20.638427],[-54.566337,-20.645033],[-54.559326,-20.668219],[-54.557374,-20.67425],[-54.553319,-20.686503],[-54.552838,-20.688013],[-54.552323,-20.689513],[-54.551274,-20.692743],[-54.547499,-20.705318],[-54.53445,-20.748201],[-54.525716,-20.776779],[-54.525305,-20.778073],[-54.522242,-20.788262],[-54.522046,-20.789146],[-54.514484,-20.830535],[-54.506179,-20.874548],[-54.506074,-20.875218],[-54.505106,-20.88033],[-54.505067,-20.880552],[-54.504957,-20.881677],[-54.504692,-20.883238],[-54.50419,-20.885212],[-54.501661,-20.899696],[-54.501486,-20.900813],[-54.501388,-20.901253],[-54.498081,-20.920193],[-54.497878,-20.921535],[-54.497835,-20.922664],[-54.497892,-20.92334],[-54.498435,-20.927602],[-54.498639,-20.9294],[-54.499894,-20.939043],[-54.505873,-20.986156],[-54.505923,-20.986375],[-54.506089,-20.986797],[-54.506193,-20.987237],[-54.506323,-20.98836],[-54.50633,-20.988586],[-54.50626,-20.98926],[-54.508617,-21.00811],[-54.508714,-21.009009],[-54.508745,-21.00946],[-54.508741,-21.009912],[-54.508665,-21.010586],[-54.50753,-21.015432],[-54.507031,-21.017407],[-54.506796,-21.018514],[-54.506614,-21.019168],[-54.506324,-21.020494],[-54.503464,-21.032606],[-54.50291,-21.0348],[-54.500818,-21.043606],[-54.49737,-21.0586],[-54.495997,-21.064321],[-54.49518,-21.067616],[-54.493448,-21.074879],[-54.47978,-21.131637],[-54.477047,-21.143082],[-54.476882,-21.144201],[-54.476773,-21.145553],[-54.476116,-21.162497],[-54.475853,-21.169954],[-54.475761,-21.170853],[-54.475593,-21.171743],[-54.475473,-21.172179],[-54.475319,-21.172605],[-54.474861,-21.173641],[-54.46511,-21.193609],[-54.464726,-21.194431],[-54.464478,-21.195063],[-54.464234,-21.195935],[-54.455577,-21.231091],[-54.45528,-21.232183],[-54.439525,-21.283472],[-54.43864,-21.286279],[-54.436069,-21.294725],[-54.430944,-21.311386],[-54.4307,-21.312021],[-54.430514,-21.312434],[-54.430193,-21.313034],[-54.429954,-21.313421],[-54.424573,-21.3213],[-54.424075,-21.32206],[-54.423548,-21.323064],[-54.423372,-21.323482],[-54.423149,-21.324124],[-54.42292,-21.324999],[-54.420337,-21.337864],[-54.412478,-21.377587],[-54.412144,-21.379135],[-54.411814,-21.380453],[-54.407766,-21.393183],[-54.407593,-21.393839],[-54.40714,-21.39512],[-54.406087,-21.398349],[-54.405924,-21.398771],[-54.405618,-21.399379],[-54.405233,-21.399941],[-54.382045,-21.426524],[-54.380892,-21.427932],[-54.380514,-21.428498],[-54.379979,-21.429498],[-54.379402,-21.430976],[-54.378421,-21.433751],[-54.376407,-21.439285],[-54.375901,-21.440787],[-54.375793,-21.441226],[-54.375716,-21.441672],[-54.375667,-21.442122],[-54.375641,-21.442799],[-54.3757,-21.443475],[-54.37581,-21.444144],[-54.376058,-21.445014],[-54.378251,-21.451205],[-54.37852,-21.451569],[-54.378636,-21.451764],[-54.378724,-21.451972],[-54.379176,-21.453254],[-54.379228,-21.453473],[-54.379298,-21.454145],[-54.380737,-21.4582],[-54.380876,-21.458379],[-54.381116,-21.458764],[-54.3813,-21.459178],[-54.381665,-21.46025],[-54.381789,-21.461145],[-54.38384,-21.466905],[-54.384168,-21.46775],[-54.384797,-21.469207],[-54.385015,-21.469602],[-54.385104,-21.469811],[-54.385869,-21.471701],[-54.386018,-21.472129],[-54.386041,-21.472346],[-54.385978,-21.472561],[-54.385792,-21.472675],[-54.385565,-21.472653],[-54.38517,-21.472425],[-54.384959,-21.472338],[-54.38474,-21.472271],[-54.384513,-21.472243],[-54.384056,-21.472231],[-54.383601,-21.472298],[-54.376031,-21.474172],[-54.374455,-21.474481],[-54.374001,-21.474544],[-54.369548,-21.475648],[-54.354649,-21.479415],[-54.353301,-21.479694],[-54.34628,-21.480847],[-54.345369,-21.480962],[-54.341487,-21.481361],[-54.334861,-21.482],[-54.306077,-21.484853],[-54.303567,-21.485128],[-54.300137,-21.485425],[-54.295342,-21.485928],[-54.292828,-21.486163],[-54.281409,-21.487326],[-54.280956,-21.487395],[-54.280509,-21.487498],[-54.279856,-21.487715],[-54.279237,-21.48801],[-54.278653,-21.48837],[-54.271685,-21.493155],[-54.236727,-21.517309],[-54.230351,-21.521744],[-54.22414,-21.526017],[-54.212308,-21.53421],[-54.211719,-21.53456],[-54.211098,-21.534854],[-54.210233,-21.535154],[-54.209786,-21.535259],[-54.209105,-21.535359],[-54.164812,-21.539984],[-54.164363,-21.540072],[-54.163453,-21.540189],[-54.162777,-21.540323],[-54.160342,-21.54098],[-54.159269,-21.541382],[-54.158675,-21.541724],[-54.157901,-21.542209],[-54.139661,-21.555941],[-54.135602,-21.558901],[-54.129118,-21.563576],[-54.127102,-21.565075],[-54.119898,-21.570311],[-54.118996,-21.57101],[-54.11831,-21.571611],[-54.11767,-21.572259],[-54.11645,-21.573611],[-54.107168,-21.584239],[-54.106675,-21.584712],[-54.106319,-21.584997],[-54.105752,-21.585382],[-54.105352,-21.585603],[-54.104937,-21.585797],[-54.104508,-21.585959],[-54.103852,-21.586166],[-54.071947,-21.595526],[-54.070837,-21.595814],[-54.070157,-21.595922],[-54.0697,-21.595957],[-54.068324,-21.595896],[-54.003776,-21.590918],[-53.918133,-21.584785],[-53.916987,-21.584726],[-53.916298,-21.58473],[-53.915844,-21.584789],[-53.915396,-21.584888],[-53.914961,-21.585034],[-53.914333,-21.585311],[-53.893528,-21.595397],[-53.891255,-21.596481],[-53.890618,-21.596738],[-53.890182,-21.596878],[-53.889511,-21.597031],[-53.889057,-21.5971],[-53.858872,-21.599772],[-53.803767,-21.604699],[-53.793478,-21.605633],[-53.791424,-21.60585],[-53.785043,-21.606621],[-53.783446,-21.606796],[-53.767722,-21.608702],[-53.754737,-21.610305],[-53.72853,-21.613466],[-53.712118,-21.615415],[-53.708701,-21.615839],[-53.688865,-21.618152],[-53.687046,-21.618405],[-53.660948,-21.622352],[-53.659356,-21.622567],[-53.646131,-21.624101],[-53.640435,-21.624798],[-53.604642,-21.628997],[-53.583672,-21.631496],[-53.568373,-21.633073],[-53.563591,-21.633681],[-53.556072,-21.634602],[-53.521654,-21.638702],[-53.519829,-21.6389],[-53.504963,-21.640197],[-53.503822,-21.640319],[-53.50223,-21.640539],[-53.473863,-21.644828],[-53.469101,-21.645567],[-53.468198,-21.645733],[-53.467303,-21.645937],[-53.465979,-21.646312],[-53.465113,-21.646612],[-53.463841,-21.647133],[-53.462606,-21.647732],[-53.430787,-21.664889],[-53.409884,-21.675286],[-53.390753,-21.685603],[-53.373048,-21.695187],[-53.367802,-21.697993],[-53.363175,-21.700499],[-53.350947,-21.707224],[-53.347556,-21.709126],[-53.307051,-21.731372],[-53.301648,-21.734365],[-53.299626,-21.735435],[-53.2874,-21.742162],[-53.284003,-21.744056],[-53.28139,-21.745476],[-53.270205,-21.75172],[-53.269827,-21.751976],[-53.268631,-21.752648],[-53.267273,-21.753495],[-53.265628,-21.754299],[-53.263027,-21.75574],[-53.26267,-21.756023],[-53.262515,-21.756189],[-53.262437,-21.756397],[-53.262278,-21.756554],[-53.262059,-21.75662],[-53.261837,-21.756572],[-53.261391,-21.756673],[-53.260759,-21.756942],[-53.259744,-21.75747],[-53.259322,-21.757647],[-53.258886,-21.75779],[-53.258213,-21.757931],[-53.25753,-21.758013],[-53.238935,-21.758258],[-53.238019,-21.758324],[-53.237343,-21.758453],[-53.236685,-21.75865],[-53.235401,-21.759143],[-53.22668,-21.762632],[-53.20986,-21.769315],[-53.208836,-21.769826],[-53.160183,-21.796715],[-53.155592,-21.799285],[-53.122746,-21.817414],[-53.106741,-21.826288],[-53.105311,-21.827009],[-53.103852,-21.827674],[-53.10279,-21.828102],[-53.087749,-21.833678],[-53.086883,-21.833979],[-53.049503,-21.84504],[-53.04842,-21.845415],[-53.047171,-21.845985],[-53.046378,-21.846442],[-53.036774,-21.852634],[-53.034264,-21.854225],[-53.033661,-21.854552],[-53.033036,-21.854836],[-53.032609,-21.855002],[-53.031955,-21.855213],[-53.031064,-21.855432],[-53.029927,-21.855589],[-53.00914,-21.857657],[-53.007765,-21.857746],[-53.006847,-21.857741],[-53.005931,-21.857688],[-53.005246,-21.857616],[-53.004564,-21.857517],[-53.003218,-21.85723],[-52.998544,-21.856064],[-52.997639,-21.855911],[-52.996493,-21.855841],[-52.995576,-21.855874],[-52.994892,-21.855951],[-52.993991,-21.856127],[-52.973663,-21.860877],[-52.971871,-21.861277],[-52.971192,-21.861391],[-52.970277,-21.861467],[-52.969589,-21.861462],[-52.968902,-21.861418],[-52.963896,-21.860749],[-52.962754,-21.860642],[-52.962295,-21.86062],[-52.961377,-21.86062],[-52.96046,-21.860676],[-52.959776,-21.860753],[-52.957749,-21.861148],[-52.872767,-21.879568],[-52.872089,-21.879684],[-52.871176,-21.879782],[-52.870717,-21.879808],[-52.870258,-21.8798],[-52.869347,-21.879693],[-52.803197,-21.866461],[-52.801851,-21.866172],[-52.776433,-21.861051],[-52.76968,-21.859716],[-52.750111,-21.85577],[-52.748991,-21.855526],[-52.727622,-21.851222],[-52.710983,-21.847839],[-52.699279,-21.845514],[-52.69726,-21.845084],[-52.615173,-21.828473],[-52.613152,-21.828046],[-52.610674,-21.827568],[-52.600788,-21.825521],[-52.576539,-21.82042],[-52.566636,-21.818455],[-52.537589,-21.812753],[-52.536244,-21.81246],[-52.535371,-21.812181],[-52.534735,-21.811922],[-52.534118,-21.811619],[-52.533524,-21.811276],[-52.532954,-21.810895],[-52.53259,-21.81062],[-52.531907,-21.810016],[-52.531286,-21.80935],[-52.505384,-21.776773],[-52.503369,-21.774307],[-52.502588,-21.773478],[-52.50177,-21.772686],[-52.488395,-21.760958],[-52.484658,-21.757612],[-52.47779,-21.751608],[-52.477115,-21.750995],[-52.475983,-21.750229],[-52.471678,-21.746489],[-52.468942,-21.744076],[-52.467551,-21.742894],[-52.466891,-21.742266],[-52.466588,-21.741927],[-52.466166,-21.741391],[-52.465295,-21.740655],[-52.464565,-21.740106],[-52.463809,-21.739594],[-52.463028,-21.739117],[-52.457493,-21.735897],[-52.446581,-21.72964],[-52.442993,-21.72762],[-52.434067,-21.722496],[-52.432426,-21.721687],[-52.431336,-21.721334],[-52.429641,-21.720639],[-52.428755,-21.720403],[-52.426949,-21.720078],[-52.424198,-21.71993],[-52.42351,-21.719935],[-52.422134,-21.720005],[-52.420987,-21.720035],[-52.41712,-21.720553],[-52.416219,-21.720727],[-52.413033,-21.721144],[-52.412345,-21.72118],[-52.411887,-21.721162],[-52.41166,-21.721131],[-52.407108,-21.721729],[-52.404373,-21.722052],[-52.392535,-21.723583],[-52.364755,-21.727109],[-52.363386,-21.727264],[-52.36247,-21.727326],[-52.360174,-21.727327],[-52.347551,-21.727006],[-52.314958,-21.726232],[-52.313351,-21.726177],[-52.308301,-21.726079],[-52.279151,-21.725379],[-52.275248,-21.72535],[-52.274341,-21.725481],[-52.273654,-21.72553],[-52.273195,-21.725521],[-52.271363,-21.725399],[-52.267001,-21.72538],[-52.263098,-21.72539],[-52.262639,-21.725411],[-52.261728,-21.725524],[-52.26127,-21.725548],[-52.259667,-21.72543],[-52.259208,-21.72543],[-52.257834,-21.725525],[-52.257375,-21.72553],[-52.256689,-21.725476],[-52.256237,-21.725399],[-52.256016,-21.725336],[-52.255789,-21.72532],[-52.248901,-21.72532],[-52.247985,-21.725389],[-52.247304,-21.725487],[-52.246402,-21.725658],[-52.245731,-21.725811],[-52.245071,-21.726004],[-52.244421,-21.726227],[-52.243359,-21.726656],[-52.242339,-21.727175],[-52.236725,-21.730259],[-52.235708,-21.730783],[-52.234673,-21.731272],[-52.184231,-21.753669],[-52.1834,-21.754055],[-52.182597,-21.754493],[-52.181818,-21.754972],[-52.181083,-21.755514],[-52.180548,-21.755941],[-52.154334,-21.777936],[-52.15349,-21.778702],[-52.153345,-21.778874],[-52.151428,-21.780494],[-52.150333,-21.781316],[-52.149113,-21.782346],[-52.146971,-21.784053],[-52.146602,-21.784322],[-52.145047,-21.785284],[-52.144444,-21.785613],[-52.129383,-21.793354],[-52.091692,-21.812639],[-52.026941,-21.845858],[-52.024284,-21.847198],[-52.023046,-21.847792],[-52.021625,-21.848532],[-52.019612,-21.849619],[-52.016549,-21.85117],[-52.015093,-21.851839],[-52.014241,-21.852177],[-52.012718,-21.852682],[-52.010713,-21.853174],[-52.009129,-21.853439],[-51.993659,-21.855514],[-51.929747,-21.864185],[-51.927478,-21.864532],[-51.926809,-21.864694],[-51.925713,-21.865027],[-51.900547,-21.873614],[-51.869765,-21.88419],[-51.84117,-21.894078],[-51.835529,-21.896],[-51.832721,-21.896997],[-51.807593,-21.905689],[-51.806518,-21.906084],[-51.805889,-21.906363],[-51.804074,-21.907334],[-51.768885,-21.926895],[-51.764872,-21.929093],[-51.763087,-21.930119],[-51.737888,-21.94411],[-51.735102,-21.945689],[-51.725887,-21.950771],[-51.718701,-21.954793],[-51.711287,-21.958877],[-51.699096,-21.965665],[-51.690288,-21.970537],[-51.6879,-21.971889],[-51.68589,-21.972983],[-51.663287,-21.985525],[-51.659674,-21.987501],[-51.658259,-21.98825],[-51.652657,-21.991356],[-51.64948,-21.993173],[-51.602458,-22.019227],[-51.601872,-22.019583],[-51.600568,-22.020508],[-51.599979,-22.020859],[-51.599365,-22.021165],[-51.598098,-22.021697],[-51.596519,-22.02262],[-51.59529,-22.023233],[-51.594079,-22.02388],[-51.543444,-22.05191],[-51.542858,-22.052267],[-51.497271,-22.082344],[-51.493276,-22.085002],[-51.485065,-22.0904],[-51.481838,-22.092561],[-51.48087,-22.09317],[-51.47001,-22.10036],[-51.468659,-22.101218],[-51.462388,-22.105405],[-51.460279,-22.106774],[-51.43263,-22.125033],[-51.43014,-22.126654],[-51.416042,-22.135992],[-51.404973,-22.143281],[-51.402983,-22.14441],[-51.402364,-22.144705],[-51.393345,-22.148065],[-51.392282,-22.148493],[-51.391058,-22.149114],[-51.390269,-22.149578],[-51.389707,-22.149969],[-51.388812,-22.150676],[-51.388471,-22.150979],[-51.387824,-22.151621],[-51.38722,-22.152302],[-51.382198,-22.158766],[-51.381842,-22.159346],[-51.381675,-22.159767],[-51.381523,-22.160428],[-51.381475,-22.160878],[-51.381496,-22.161329],[-51.381571,-22.161775],[-51.381697,-22.162209],[-51.381783,-22.162419],[-51.383037,-22.165333],[-51.383231,-22.165984],[-51.383312,-22.166429],[-51.383337,-22.16688],[-51.383274,-22.167555],[-51.383095,-22.168209],[-51.382911,-22.168622],[-51.382689,-22.169018],[-51.382423,-22.169386],[-51.382123,-22.169729],[-51.38035,-22.171499],[-51.379827,-22.171939],[-51.379449,-22.172196],[-51.378849,-22.172529],[-51.378639,-22.17262],[-51.374192,-22.174452],[-51.373795,-22.174679],[-51.373427,-22.174948],[-51.37257,-22.175701],[-51.366092,-22.181788],[-51.364398,-22.183314],[-51.358418,-22.188933],[-51.356393,-22.190772],[-51.355915,-22.19126],[-51.355655,-22.191632],[-51.35547,-22.192045],[-51.355332,-22.192476],[-51.354469,-22.195992],[-51.354389,-22.196437],[-51.354325,-22.197112],[-51.35419,-22.200727],[-51.354162,-22.200951],[-51.354056,-22.201391],[-51.353714,-22.20223],[-51.35307,-22.20368],[-51.337459,-22.237918],[-51.336874,-22.23889],[-51.336171,-22.239783],[-51.335699,-22.240277],[-51.335365,-22.240587],[-51.333756,-22.241864],[-51.292923,-22.273392],[-51.252848,-22.304406],[-51.252082,-22.304906],[-51.250819,-22.305884],[-51.250252,-22.306269],[-51.249448,-22.306705],[-51.248392,-22.307148],[-51.247733,-22.307344],[-51.246838,-22.307545],[-51.225917,-22.310416],[-51.224556,-22.310625],[-51.224106,-22.310713],[-51.222551,-22.311113],[-51.221901,-22.311336],[-51.220415,-22.311938],[-51.219599,-22.312352],[-51.209521,-22.318224],[-51.207182,-22.319658],[-51.197094,-22.325512],[-51.183287,-22.333612],[-51.126776,-22.366542],[-51.125599,-22.367248],[-51.102864,-22.380469],[-51.093794,-22.385797],[-51.087056,-22.389679],[-51.07402,-22.397287],[-51.044753,-22.414288],[-51.04339,-22.415126],[-51.042184,-22.415783],[-51.011934,-22.433368],[-51.01054,-22.434155],[-51.009118,-22.434894],[-51.007934,-22.435587],[-51.005802,-22.436919],[-51.002842,-22.438652],[-51.001903,-22.439302],[-51.00066,-22.440305],[-51.000284,-22.440565],[-50.997533,-22.442201],[-50.996333,-22.442867],[-50.994021,-22.443866],[-50.993006,-22.444395],[-50.987471,-22.447615],[-50.984297,-22.449436],[-50.920814,-22.486302],[-50.917268,-22.488393],[-50.903603,-22.496285],[-50.900057,-22.498376],[-50.898658,-22.499154],[-50.884826,-22.507214],[-50.877699,-22.511336],[-50.81679,-22.546715],[-50.814632,-22.548007],[-50.811649,-22.549702],[-50.790294,-22.562111],[-50.788331,-22.563285],[-50.786534,-22.564289],[-50.749558,-22.585776],[-50.748973,-22.586134],[-50.74747,-22.587174],[-50.746885,-22.587531],[-50.745294,-22.588435],[-50.743646,-22.589233],[-50.74304,-22.589555],[-50.709404,-22.609054],[-50.703455,-22.612472],[-50.69495,-22.617409],[-50.691753,-22.61919],[-50.690924,-22.619579],[-50.689861,-22.620006],[-50.689213,-22.620237],[-50.684154,-22.621725],[-50.682183,-22.622338],[-50.669868,-22.625974],[-50.668539,-22.626334],[-50.667187,-22.626594],[-50.665819,-22.626749],[-50.663984,-22.626806],[-50.650899,-22.626561],[-50.636207,-22.626323],[-50.612104,-22.62589],[-50.607512,-22.625883],[-50.60361,-22.625988],[-50.599941,-22.62615],[-50.596961,-22.626331],[-50.589175,-22.626879],[-50.577262,-22.627649],[-50.575201,-22.627802],[-50.548399,-22.629573],[-50.522052,-22.631277],[-50.519757,-22.631332],[-50.517923,-22.631419],[-50.499134,-22.632595],[-50.498449,-22.632665],[-50.497316,-22.63285],[-50.49663,-22.632911],[-50.495712,-22.632939],[-50.494565,-22.632892],[-50.493648,-22.632926],[-50.489296,-22.633218],[-50.48792,-22.633282],[-50.440262,-22.636289],[-50.435448,-22.636567],[-50.431784,-22.636822],[-50.425367,-22.637208],[-50.410475,-22.638165],[-50.406353,-22.638451],[-50.404978,-22.638526],[-50.404297,-22.638627],[-50.403857,-22.638755],[-50.402606,-22.639322],[-50.378126,-22.651771],[-50.372812,-22.654449],[-50.334258,-22.67406],[-50.293842,-22.694554],[-50.268521,-22.70737],[-50.267491,-22.70787],[-50.264435,-22.709433],[-50.219696,-22.732031],[-50.218886,-22.732457],[-50.212955,-22.735437],[-50.183552,-22.750324],[-50.147389,-22.76858],[-50.145612,-22.769619],[-50.144797,-22.770035],[-50.143318,-22.770655],[-50.142486,-22.771037],[-50.099786,-22.792596],[-50.09918,-22.792918],[-50.098151,-22.79342],[-50.060137,-22.812581],[-50.059304,-22.812962],[-50.056462,-22.814439],[-50.041135,-22.822168],[-50.039712,-22.822904],[-50.036715,-22.824576],[-50.034174,-22.826117],[-50.032641,-22.827113],[-50.030568,-22.828534],[-50.02854,-22.830016],[-50.027452,-22.830848],[-50.025674,-22.832278],[-50.008977,-22.846098],[-50.008252,-22.846653],[-50.007277,-22.84725],[-50.006672,-22.847573],[-50.006047,-22.847858],[-50.004966,-22.848238],[-50.003857,-22.848529],[-49.990378,-22.851331],[-49.989718,-22.851526],[-49.988861,-22.85185],[-49.988046,-22.852267],[-49.98708,-22.852877],[-49.986539,-22.853296],[-49.985704,-22.854071],[-49.98526,-22.85459],[-49.984857,-22.855139],[-49.976864,-22.867011],[-49.97647,-22.867567],[-49.973049,-22.872657],[-49.972401,-22.873591],[-49.971691,-22.874479],[-49.970916,-22.875313],[-49.970257,-22.875943],[-49.969378,-22.876669],[-49.968456,-22.877343],[-49.951419,-22.888857],[-49.904696,-22.920507],[-49.893706,-22.927912],[-49.892535,-22.928626],[-49.892129,-22.928836],[-49.891708,-22.929017],[-49.891272,-22.929159],[-49.890827,-22.929268],[-49.890374,-22.929346],[-49.887859,-22.929569],[-49.886035,-22.92978],[-49.884435,-22.929924],[-49.88054,-22.930184],[-49.869779,-22.930965],[-49.860158,-22.931609],[-49.85947,-22.931639],[-49.857633,-22.931617],[-49.856028,-22.931542],[-49.854884,-22.931452],[-49.852834,-22.931198],[-49.827667,-22.927245],[-49.82653,-22.927089],[-49.824732,-22.926721],[-49.823175,-22.926325],[-49.822522,-22.92611],[-49.820369,-22.925325],[-49.794073,-22.914582],[-49.792144,-22.913851],[-49.79062,-22.91335],[-49.789077,-22.912906],[-49.787292,-22.91248],[-49.756472,-22.906293],[-49.755132,-22.905977],[-49.754023,-22.905687],[-49.751834,-22.905004],[-49.750114,-22.90437],[-49.674923,-22.874584],[-49.674058,-22.874279],[-49.672522,-22.873815],[-49.671632,-22.873594],[-49.670511,-22.87335],[-49.669153,-22.873119],[-49.667786,-22.872954],[-49.637192,-22.869758],[-49.61117,-22.866989],[-49.609809,-22.866774],[-49.5893,-22.862847],[-49.588409,-22.862629],[-49.587763,-22.862396],[-49.586945,-22.861987],[-49.586374,-22.861607],[-49.585838,-22.861181],[-49.585188,-22.860543],[-49.562152,-22.836563],[-49.537729,-22.811074],[-49.531569,-22.804675],[-49.482257,-22.753197],[-49.480063,-22.750884],[-49.466039,-22.736249],[-49.464449,-22.734617],[-49.464074,-22.734358],[-49.463872,-22.734252],[-49.463438,-22.734107],[-49.460731,-22.733603],[-49.460275,-22.733555],[-49.460046,-22.733556],[-49.459818,-22.733586],[-49.458933,-22.733826],[-49.455611,-22.735369],[-49.453757,-22.736267],[-49.451317,-22.737528],[-49.450111,-22.738183],[-49.446929,-22.739991],[-49.425028,-22.752825],[-49.394026,-22.770935],[-49.392265,-22.771999],[-49.389094,-22.773825],[-49.380025,-22.779155],[-49.378113,-22.780406],[-49.376261,-22.781742],[-49.374819,-22.782863],[-49.37325,-22.784186],[-49.35004,-22.805091],[-49.34932,-22.805653],[-49.348552,-22.806149],[-49.347354,-22.806818],[-49.346311,-22.80729],[-49.345002,-22.807713],[-49.344114,-22.807942],[-49.343438,-22.80807],[-49.342756,-22.808165],[-49.34001,-22.80839],[-49.296729,-22.811462],[-49.293534,-22.811803],[-49.292173,-22.812014],[-49.289248,-22.8126],[-49.287911,-22.812925],[-49.285709,-22.813566],[-49.28375,-22.814214],[-49.227839,-22.833479],[-49.185349,-22.848075],[-49.183847,-22.848638],[-49.182171,-22.849378],[-49.180743,-22.850103],[-49.179747,-22.850665],[-49.178772,-22.851262],[-49.178202,-22.851643],[-49.175037,-22.853892],[-49.147408,-22.873757],[-49.146611,-22.874206],[-49.145361,-22.874776],[-49.144957,-22.874989],[-49.144767,-22.875116],[-49.144221,-22.875529],[-49.143891,-22.875843],[-49.142957,-22.87684],[-49.142438,-22.877286],[-49.141345,-22.878111],[-49.10089,-22.907133],[-49.099374,-22.908154],[-49.098789,-22.908512],[-49.097793,-22.909074],[-49.096567,-22.909692],[-49.095524,-22.910165],[-49.09446,-22.91059],[-49.093812,-22.910819],[-49.092062,-22.911368],[-49.08806,-22.912382],[-49.022383,-22.928682],[-49.019696,-22.929282],[-49.017444,-22.929721],[-48.95803,-22.940332],[-48.954851,-22.940805],[-48.952568,-22.941041],[-48.950506,-22.941173],[-48.94867,-22.941228],[-48.947293,-22.94123],[-48.915385,-22.940651],[-48.913549,-22.940718],[-48.91172,-22.940883],[-48.909676,-22.941181],[-48.908103,-22.941502],[-48.906988,-22.941774],[-48.905007,-22.942351],[-48.86382,-22.956505],[-48.862285,-22.956974],[-48.860264,-22.957394],[-48.859128,-22.957561],[-48.857986,-22.957671],[-48.85638,-22.957729],[-48.855462,-22.957716],[-48.854545,-22.957669],[-48.85363,-22.95759],[-48.828987,-22.954882],[-48.828757,-22.954871],[-48.82761,-22.954834],[-48.826692,-22.95486],[-48.825777,-22.954929],[-48.824867,-22.955053],[-48.82419,-22.95518],[-48.823295,-22.955382],[-48.822413,-22.955633],[-48.821119,-22.956099],[-48.820078,-22.956575],[-48.818866,-22.957218],[-48.797663,-22.969437],[-48.79109,-22.973149],[-48.787079,-22.97535],[-48.783653,-22.977191],[-48.779806,-22.979217],[-48.775736,-22.981311],[-48.770619,-22.983871],[-48.766918,-22.985682],[-48.76237,-22.987846],[-48.757385,-22.990158],[-48.75258,-22.992316],[-48.747754,-22.994425],[-48.741846,-22.996922],[-48.73654,-22.999078],[-48.732708,-23.000601],[-48.72693,-23.002813],[-48.720267,-23.005277],[-48.714211,-23.007403],[-48.706827,-23.009897],[-48.705942,-23.010134],[-48.703352,-23.011059],[-48.656811,-23.026566],[-48.648541,-23.029303],[-48.641603,-23.031685],[-48.636869,-23.033419],[-48.635805,-23.033844],[-48.633874,-23.034568],[-48.628136,-23.036877],[-48.593148,-23.051762],[-48.591259,-23.052586],[-48.590196,-23.053013],[-48.579445,-23.057581],[-48.576264,-23.05888],[-48.573918,-23.059801],[-48.568542,-23.061782],[-48.566594,-23.062462],[-48.563549,-23.063474],[-48.559403,-23.064812],[-48.528601,-23.074622],[-48.527314,-23.075104],[-48.526469,-23.075459],[-48.525641,-23.07585],[-48.524627,-23.076379],[-48.523834,-23.076836],[-48.522115,-23.077964],[-48.517502,-23.081328],[-48.515218,-23.082845],[-48.514285,-23.083503],[-48.513746,-23.083926],[-48.513243,-23.084389],[-48.50937,-23.087216],[-48.50828,-23.088046],[-48.507937,-23.088345],[-48.507619,-23.088672],[-48.507047,-23.089379],[-48.506668,-23.089945],[-48.506264,-23.090757],[-48.505973,-23.091614],[-48.505921,-23.091834],[-48.505799,-23.092502],[-48.50575,-23.092951],[-48.505754,-23.093403],[-48.505803,-23.094079],[-48.505938,-23.094974],[-48.506369,-23.096262],[-48.507032,-23.097949],[-48.50723,-23.098598],[-48.507358,-23.099264],[-48.507406,-23.099714],[-48.507418,-23.100392],[-48.507372,-23.101068],[-48.50734,-23.101292],[-48.507185,-23.101952],[-48.506979,-23.102599],[-48.506804,-23.103017],[-48.506603,-23.103424],[-48.506371,-23.103814],[-48.506113,-23.104188],[-48.505694,-23.104726],[-48.50086,-23.110174],[-48.49959,-23.11148],[-48.498759,-23.112261],[-48.49685,-23.113888],[-48.495584,-23.114864],[-48.494276,-23.115783],[-48.493514,-23.116287],[-48.492148,-23.117122],[-48.48415,-23.121565],[-48.465926,-23.131628],[-48.464112,-23.132603],[-48.462245,-23.133474],[-48.460749,-23.134053],[-48.459448,-23.134498],[-48.457683,-23.134998],[-48.457013,-23.135157],[-48.410525,-23.144884],[-48.408067,-23.145455],[-48.404741,-23.146337],[-48.402543,-23.146988],[-48.399706,-23.147903],[-48.397118,-23.148834],[-48.377253,-23.156544],[-48.375749,-23.1571],[-48.374661,-23.157463],[-48.373125,-23.157928],[-48.371798,-23.15829],[-48.370459,-23.158611],[-48.367987,-23.15912],[-48.348577,-23.162688],[-48.346785,-23.163085],[-48.345452,-23.163425],[-48.34391,-23.163871],[-48.342166,-23.164438],[-48.340658,-23.164988],[-48.338325,-23.16594],[-48.336254,-23.166914],[-48.31592,-23.177414],[-48.31408,-23.17834],[-48.310984,-23.179825],[-48.308897,-23.180767],[-48.303419,-23.183102],[-48.261653,-23.200198],[-48.260566,-23.200562],[-48.259671,-23.200763],[-48.258762,-23.200885],[-48.258075,-23.200929],[-48.257157,-23.200903],[-48.256471,-23.200842],[-48.255791,-23.200736],[-48.254901,-23.200516],[-48.253815,-23.200149],[-48.252984,-23.199765],[-48.252202,-23.199291],[-48.24683,-23.195418],[-48.246059,-23.194928],[-48.245032,-23.194424],[-48.244171,-23.194111],[-48.24306,-23.193827],[-48.242381,-23.193715],[-48.241696,-23.193645],[-48.241007,-23.193621],[-48.24009,-23.193654],[-48.234139,-23.194116],[-48.232314,-23.194319],[-48.230723,-23.194547],[-48.229594,-23.194748],[-48.227797,-23.195122],[-48.225571,-23.195677],[-48.223598,-23.196282],[-48.222083,-23.196811],[-48.219531,-23.197833],[-48.218487,-23.198301],[-48.21725,-23.1989],[-48.215431,-23.199865],[-48.214437,-23.20043],[-48.213461,-23.201025],[-48.211745,-23.202158],[-48.210807,-23.20281],[-48.209888,-23.203488],[-48.208643,-23.204488],[-48.20744,-23.205538],[-48.206265,-23.206618],[-48.200369,-23.21264],[-48.19901,-23.213856],[-48.197742,-23.214828],[-48.1966,-23.215587],[-48.194839,-23.216651],[-48.183595,-23.223245],[-48.182796,-23.223692],[-48.181771,-23.224199],[-48.180937,-23.224577],[-48.17966,-23.225087],[-48.175974,-23.226351],[-48.166417,-23.229574],[-48.164444,-23.230179],[-48.162881,-23.230548],[-48.160847,-23.230908],[-48.147423,-23.232693],[-48.145843,-23.232981],[-48.143377,-23.233517],[-48.091216,-23.24521],[-48.088968,-23.24567],[-48.085549,-23.246076],[-48.083034,-23.246306],[-48.082116,-23.246327],[-48.051581,-23.24611],[-48.048596,-23.24611],[-48.046302,-23.246203],[-48.042866,-23.246424],[-48.013325,-23.248528],[-48.007373,-23.24897],[-47.969817,-23.251637],[-47.966609,-23.251847],[-47.962489,-23.252162],[-47.906383,-23.25614],[-47.860581,-23.259362],[-47.856461,-23.25968],[-47.85555,-23.259795],[-47.854644,-23.25994],[-47.853295,-23.260217],[-47.852406,-23.260443],[-47.850656,-23.260992],[-47.843156,-23.263834],[-47.841895,-23.264378],[-47.840875,-23.264897],[-47.840279,-23.265236],[-47.839502,-23.265719],[-47.838567,-23.266375],[-47.837111,-23.267478],[-47.833505,-23.270277],[-47.830818,-23.272398],[-47.828825,-23.273926],[-47.8275,-23.274821],[-47.826322,-23.275525],[-47.825312,-23.276061],[-47.824483,-23.276449],[-47.82364,-23.27681],[-47.811702,-23.281509],[-47.81041,-23.281982],[-47.809539,-23.282267],[-47.808658,-23.282523],[-47.807544,-23.282795],[-47.80687,-23.282935],[-47.805738,-23.283124],[-47.804371,-23.283286],[-47.803455,-23.283357],[-47.799783,-23.283469],[-47.784865,-23.283843],[-47.783718,-23.2839],[-47.782573,-23.283986],[-47.781203,-23.28412],[-47.779836,-23.284292],[-47.777796,-23.284614],[-47.769889,-23.286027],[-47.766506,-23.28666],[-47.747313,-23.290141],[-47.743922,-23.290735],[-47.725854,-23.293987],[-47.724494,-23.294204],[-47.722221,-23.294523],[-47.720169,-23.294758],[-47.718349,-23.295005],[-47.711737,-23.295772],[-47.710361,-23.295829],[-47.709213,-23.295821],[-47.708296,-23.295769],[-47.696195,-23.29451],[-47.69482,-23.294423],[-47.693902,-23.294415],[-47.692297,-23.294494],[-47.691157,-23.294628],[-47.69025,-23.294771],[-47.688685,-23.295128],[-47.682712,-23.29676],[-47.678499,-23.297876],[-47.674524,-23.298989],[-47.664787,-23.301638],[-47.66347,-23.302038],[-47.662389,-23.302418],[-47.661537,-23.302756],[-47.660282,-23.303314],[-47.659459,-23.303716],[-47.658251,-23.304368],[-47.657265,-23.304946],[-47.646761,-23.311849],[-47.642007,-23.315016],[-47.640071,-23.316231],[-47.639258,-23.316651],[-47.638627,-23.316923],[-47.637549,-23.317311],[-47.636886,-23.317495],[-47.63576,-23.317714],[-47.63416,-23.317857],[-47.630719,-23.318004],[-47.628198,-23.318149],[-47.586229,-23.320094],[-47.584166,-23.320209],[-47.582794,-23.320326],[-47.580985,-23.320641],[-47.580093,-23.320857],[-47.578994,-23.321184],[-47.577914,-23.321566],[-47.576231,-23.32229],[-47.532759,-23.342824],[-47.53111,-23.343621],[-47.529859,-23.34419],[-47.506668,-23.355129],[-47.505407,-23.355674],[-47.503917,-23.356269],[-47.502409,-23.356816],[-47.500884,-23.357314],[-47.490321,-23.36041],[-47.457292,-23.370014],[-47.455959,-23.370359],[-47.454395,-23.370721],[-47.453271,-23.370954],[-47.402395,-23.379773],[-47.399928,-23.380303],[-47.399038,-23.380526],[-47.370578,-23.388602],[-47.36816,-23.389319],[-47.366206,-23.389983],[-47.348232,-23.396866],[-47.34348,-23.398553],[-47.341074,-23.399309],[-47.335789,-23.400843],[-47.333783,-23.401334],[-47.331993,-23.401736],[-47.33042,-23.402063],[-47.328839,-23.402345],[-47.326343,-23.402725],[-47.305893,-23.405642],[-47.304086,-23.405968],[-47.301846,-23.406463],[-47.301393,-23.406538],[-47.298874,-23.406709],[-47.297732,-23.40682],[-47.295456,-23.407119],[-47.29205,-23.407623],[-47.280964,-23.409504],[-47.280069,-23.409708],[-47.278972,-23.410038],[-47.278326,-23.410273],[-47.277069,-23.410828],[-47.276461,-23.411147],[-47.272706,-23.413333],[-47.271903,-23.413772],[-47.271488,-23.413965],[-47.270637,-23.414303],[-47.269756,-23.414561],[-47.269084,-23.414707],[-47.268404,-23.414817],[-47.26749,-23.414891],[-47.266342,-23.414892],[-47.262674,-23.414688],[-47.261527,-23.414702],[-47.26107,-23.41475],[-47.260165,-23.414903],[-47.259498,-23.41507],[-47.259059,-23.415201],[-47.258628,-23.415358],[-47.258206,-23.415535],[-47.257394,-23.415957],[-47.248823,-23.421222],[-47.247824,-23.421779],[-47.246575,-23.422352],[-47.245716,-23.422671],[-47.244619,-23.423004],[-47.243727,-23.423218],[-47.242825,-23.423385],[-47.241685,-23.423517],[-47.240539,-23.423579],[-47.239162,-23.423552],[-47.238248,-23.423466],[-47.237565,-23.423375],[-47.236217,-23.423099],[-47.220428,-23.419105],[-47.219531,-23.418912],[-47.218851,-23.418803],[-47.21771,-23.418683],[-47.217022,-23.41865],[-47.215874,-23.418669],[-47.214728,-23.418733],[-47.156332,-23.422875],[-47.152671,-23.423168],[-47.151529,-23.423285],[-47.150851,-23.423403],[-47.149745,-23.423703],[-47.149099,-23.423939],[-47.148071,-23.424442],[-47.141851,-23.427848],[-47.140802,-23.428307],[-47.139931,-23.428592],[-47.139488,-23.42871],[-47.138358,-23.428907],[-47.137442,-23.42897],[-47.136524,-23.428965],[-47.134,-23.428872],[-47.132854,-23.428937],[-47.132173,-23.429034],[-47.131499,-23.429176],[-47.130836,-23.429358],[-47.130188,-23.429587],[-47.129145,-23.43006],[-47.128357,-23.430525],[-47.119973,-23.436075],[-47.118803,-23.43679],[-47.118397,-23.437001],[-47.115874,-23.438092],[-47.114592,-23.438588],[-47.113495,-23.438921],[-47.112154,-23.439231],[-47.110792,-23.439431],[-47.109417,-23.439519],[-47.10827,-23.439509],[-47.107582,-23.439471],[-47.105988,-23.439267],[-47.105089,-23.439085],[-47.104421,-23.43892],[-47.096683,-23.436787],[-47.095785,-23.436595],[-47.095106,-23.436484],[-47.094193,-23.436382],[-47.093047,-23.43632],[-47.079272,-23.43634],[-47.076747,-23.436402],[-47.075152,-23.436592],[-47.074024,-23.436799],[-47.071333,-23.437384],[-47.068429,-23.438062],[-47.067772,-23.438263],[-47.067137,-23.438526],[-47.066521,-23.438829],[-47.066132,-23.43907],[-47.065397,-23.439611],[-47.064744,-23.440247],[-47.064294,-23.44076],[-47.054278,-23.453993],[-47.053535,-23.454854],[-47.052878,-23.455486],[-47.052159,-23.456048],[-47.051391,-23.456543],[-47.050582,-23.456969],[-47.048086,-23.458118],[-47.046826,-23.458666],[-47.040565,-23.461493],[-47.039513,-23.461946],[-47.03887,-23.46219],[-47.037993,-23.462456],[-47.037093,-23.462637],[-47.03641,-23.462723],[-47.034353,-23.462913],[-47.033445,-23.463048],[-47.031882,-23.463419],[-47.031227,-23.463627],[-47.030363,-23.463934],[-47.029315,-23.464395],[-47.023861,-23.467297],[-47.022617,-23.467878],[-47.021551,-23.468298],[-47.020899,-23.468516],[-47.01958,-23.468908],[-47.010068,-23.471513],[-47.008981,-23.471875],[-47.007912,-23.472286],[-47.007283,-23.472563],[-47.006256,-23.473068],[-47.005655,-23.473399],[-47.004682,-23.473999],[-46.998684,-23.478177],[-46.997971,-23.478746],[-46.997461,-23.479202],[-46.996865,-23.479889],[-46.987622,-23.491714],[-46.986528,-23.493167],[-46.985913,-23.494121],[-46.985239,-23.495304],[-46.983548,-23.498768],[-46.982731,-23.500388],[-46.982057,-23.501571],[-46.981566,-23.502336],[-46.981041,-23.503078],[-46.980032,-23.504309],[-46.979421,-23.504984],[-46.978442,-23.505939],[-46.977226,-23.506973],[-46.976312,-23.507656],[-46.975557,-23.508172],[-46.964674,-23.514913],[-46.963877,-23.515362],[-46.963056,-23.515767],[-46.961793,-23.516309],[-46.956695,-23.518369],[-46.956047,-23.518599],[-46.955168,-23.518859],[-46.953823,-23.519153],[-46.953371,-23.51923],[-46.951772,-23.519385],[-46.951313,-23.5194],[-46.950395,-23.51938],[-46.949708,-23.519337],[-46.948795,-23.519239],[-46.943786,-23.518599],[-46.942638,-23.518572],[-46.941032,-23.518609],[-46.940803,-23.518588],[-46.940575,-23.518563],[-46.938573,-23.518061],[-46.937893,-23.517951],[-46.931506,-23.517233],[-46.929238,-23.516886],[-46.928342,-23.516686],[-46.926791,-23.516273],[-46.925915,-23.516001],[-46.924617,-23.515548],[-46.923551,-23.515127],[-46.922512,-23.514646],[-46.916216,-23.511895],[-46.915151,-23.511474],[-46.914064,-23.511111],[-46.900631,-23.507209],[-46.899519,-23.506929],[-46.898165,-23.506677],[-46.897483,-23.506585],[-46.886529,-23.505395],[-46.884469,-23.505237],[-46.882863,-23.505169],[-46.875518,-23.505022],[-46.872074,-23.50498],[-46.867944,-23.504842],[-46.863123,-23.504745],[-46.862664,-23.50476],[-46.860834,-23.504909],[-46.842086,-23.506609],[-46.838423,-23.506877],[-46.836366,-23.507074],[-46.833859,-23.50737],[-46.820442,-23.509211],[-46.81863,-23.509502],[-46.817261,-23.509657],[-46.81499,-23.50999],[-46.811572,-23.510407],[-46.8093,-23.510732],[-46.807043,-23.511145],[-46.805027,-23.511593],[-46.80414,-23.511824],[-46.802155,-23.512391],[-46.800629,-23.512887],[-46.798263,-23.513757],[-46.785721,-23.518797],[-46.78486,-23.519113],[-46.784203,-23.519315],[-46.783313,-23.519536],[-46.779476,-23.520242],[-46.778117,-23.520462],[-46.767857,-23.521662],[-46.767407,-23.521748],[-46.766518,-23.521974],[-46.750776,-23.526944],[-46.750112,-23.527121],[-46.749653,-23.527149],[-46.749425,-23.527126],[-46.7492,-23.527086],[-46.748761,-23.526954],[-46.74836,-23.526737],[-46.748179,-23.526597],[-46.747867,-23.526266],[-46.747741,-23.526078],[-46.747575,-23.525656],[-46.74752,-23.525437],[-46.747372,-23.523408],[-46.747271,-23.522738],[-46.747144,-23.522304],[-46.746739,-23.521246],[-46.746641,-23.521042],[-46.746427,-23.520642],[-46.746178,-23.520262],[-46.745739,-23.51974],[-46.745577,-23.519579],[-46.745228,-23.519285],[-46.744653,-23.518913],[-46.744483,-23.518764],[-46.743899,-23.518407],[-46.743239,-23.518214],[-46.742793,-23.518107],[-46.742108,-23.518041],[-46.74119,-23.518052],[-46.734078,-23.518326],[-46.73316,-23.518312],[-46.732251,-23.518186],[-46.731806,-23.518076],[-46.731369,-23.517936],[-46.730735,-23.517671],[-46.730535,-23.517561],[-46.723561,-23.513629],[-46.723182,-23.513375],[-46.722645,-23.512951],[-46.722477,-23.512796],[-46.722173,-23.512457],[-46.721771,-23.511907],[-46.720763,-23.510395],[-46.720627,-23.510213],[-46.720318,-23.509879],[-46.719967,-23.509587],[-46.719582,-23.509342],[-46.719383,-23.50923],[-46.718749,-23.508966],[-46.718089,-23.508775],[-46.71741,-23.508663],[-46.716723,-23.508626],[-46.713973,-23.508801],[-46.708942,-23.50924],[-46.707338,-23.509323],[-46.697265,-23.508569],[-46.696348,-23.508521],[-46.695201,-23.508566],[-46.694064,-23.508716],[-46.685279,-23.510423],[-46.68416,-23.510678],[-46.683514,-23.510911],[-46.682899,-23.511216],[-46.682704,-23.511335],[-46.682144,-23.51173],[-46.680141,-23.513244],[-46.679559,-23.513607],[-46.678942,-23.513908],[-46.678303,-23.514158],[-46.677864,-23.514293],[-46.677193,-23.514442],[-46.651911,-23.517608],[-46.649866,-23.517901],[-46.645541,-23.518456],[-46.642827,-23.518925],[-46.64237,-23.518959],[-46.640074,-23.51892],[-46.639615,-23.518929],[-46.639165,-23.519017],[-46.638255,-23.519132],[-46.637808,-23.519235],[-46.63758,-23.519261],[-46.637122,-23.51928],[-46.635744,-23.51927],[-46.633452,-23.519391],[-46.632536,-23.519463],[-46.632084,-23.519539],[-46.631422,-23.519723],[-46.630973,-23.519819],[-46.630292,-23.519918],[-46.628226,-23.51992],[-46.624789,-23.520128],[-46.624565,-23.520173],[-46.624384,-23.520306],[-46.624277,-23.520497],[-46.624311,-23.520715],[-46.624465,-23.520877],[-46.624681,-23.52094],[-46.624902,-23.520888],[-46.625063,-23.520733],[-46.625149,-23.520524],[-46.62512,-23.520073],[-46.625099,-23.517586],[-46.625064,-23.517135],[-46.624923,-23.51697],[-46.624751,-23.516821],[-46.624665,-23.516631],[-46.624655,-23.516405],[-46.624568,-23.51626],[-46.623879,-23.51628],[-46.623687,-23.516246],[-46.623642,-23.515344],[-46.623736,-23.51514],[-46.623862,-23.514953],[-46.623894,-23.514735],[-46.623704,-23.514615],[-46.623656,-23.514509],[-46.624291,-23.513857],[-46.624559,-23.513489],[-46.624938,-23.513235],[-46.62515,-23.513151],[-46.625272,-23.513201],[-46.625299,-23.515461],[-46.625373,-23.518851],[-46.62543,-23.520432],[-46.625489,-23.520648],[-46.625646,-23.520805],[-46.625857,-23.52089],[-46.626078,-23.520863],[-46.626254,-23.52072],[-46.62634,-23.520516],[-46.626297,-23.520297],[-46.626124,-23.520158],[-46.625902,-23.520108],[-46.625443,-23.520092],[-46.623608,-23.52016],[-46.623379,-23.520143],[-46.622695,-23.520068],[-46.62179,-23.519916],[-46.620236,-23.519514],[-46.619787,-23.519423],[-46.61933,-23.519382],[-46.618871,-23.519388],[-46.618183,-23.519431],[-46.617958,-23.519467],[-46.617305,-23.51968],[-46.616493,-23.520101],[-46.616103,-23.52034],[-46.615188,-23.521022],[-46.61284,-23.522835],[-46.612446,-23.523066],[-46.612023,-23.523244],[-46.61137,-23.523459],[-46.610487,-23.523707],[-46.610036,-23.52379],[-46.60958,-23.523841],[-46.608892,-23.523857],[-46.608434,-23.523836],[-46.607077,-23.5236],[-46.605954,-23.523368],[-46.605497,-23.523324],[-46.604809,-23.523349],[-46.60368,-23.52355],[-46.60324,-23.523681],[-46.602811,-23.523841],[-46.602606,-23.52394],[-46.602214,-23.524175],[-46.600585,-23.525427],[-46.596838,-23.528416],[-46.595562,-23.529378],[-46.594562,-23.52993],[-46.593911,-23.530153],[-46.59324,-23.530302],[-46.592325,-23.530383],[-46.591866,-23.53039],[-46.591637,-23.530379],[-46.590958,-23.530272],[-46.589618,-23.529955],[-46.587399,-23.529375],[-46.58161,-23.527942],[-46.577397,-23.526826],[-46.576498,-23.526647],[-46.575352,-23.526586],[-46.574893,-23.526594],[-46.573527,-23.526766],[-46.572383,-23.526863],[-46.571696,-23.526838],[-46.571239,-23.52679],[-46.570787,-23.526714],[-46.570121,-23.526539],[-46.568825,-23.526081],[-46.567998,-23.525689],[-46.566796,-23.525026],[-46.565774,-23.524512],[-46.565143,-23.524241],[-46.564708,-23.524096],[-46.563812,-23.523899],[-46.563129,-23.523822],[-46.561065,-23.523917],[-46.560147,-23.523909],[-46.559692,-23.523849],[-46.559018,-23.52371],[-46.558367,-23.523491],[-46.557954,-23.523295],[-46.557556,-23.523069],[-46.556993,-23.52268],[-46.556488,-23.522219],[-46.55607,-23.52168],[-46.55596,-23.521246],[-46.555589,-23.52042],[-46.555461,-23.519985],[-46.555364,-23.519544],[-46.555328,-23.519094],[-46.555328,-23.518642],[-46.555526,-23.517528],[-46.555679,-23.516867],[-46.555804,-23.5162],[-46.555983,-23.514855],[-46.556005,-23.514404],[-46.555983,-23.513726],[-46.555753,-23.511932],[-46.555628,-23.511265],[-46.555559,-23.51105],[-46.555283,-23.510428],[-46.555042,-23.510045],[-46.554766,-23.509684],[-46.554307,-23.509178],[-46.553789,-23.508731],[-46.553422,-23.50846],[-46.552831,-23.508111],[-46.552205,-23.507829],[-46.551328,-23.507562],[-46.550881,-23.507464],[-46.549515,-23.507288],[-46.547915,-23.507134],[-46.547463,-23.507058],[-46.546777,-23.50704],[-46.546329,-23.506942],[-46.545675,-23.50673],[-46.544829,-23.50638],[-46.544223,-23.506057],[-46.54364,-23.505696],[-46.543275,-23.505422],[-46.542755,-23.504978],[-46.541125,-23.503386],[-46.539525,-23.501764],[-46.536062,-23.498143],[-46.53589,-23.497994],[-46.535337,-23.497591],[-46.534546,-23.49713],[-46.534125,-23.496951],[-46.53347,-23.496743],[-46.53257,-23.49657],[-46.532112,-23.496538],[-46.526144,-23.4964],[-46.524766,-23.496409],[-46.523852,-23.496337],[-46.5234,-23.496261],[-46.522957,-23.496139],[-46.522088,-23.495847],[-46.519932,-23.495072],[-46.519494,-23.494934],[-46.515836,-23.493593],[-46.514317,-23.493076],[-46.513675,-23.492831],[-46.512838,-23.492459],[-46.512652,-23.492327],[-46.512483,-23.492174],[-46.512176,-23.491838],[-46.511409,-23.491342],[-46.510692,-23.490778],[-46.50983,-23.49003],[-46.509087,-23.489169],[-46.507352,-23.486778],[-46.504474,-23.48269],[-46.504327,-23.482518],[-46.503521,-23.481712],[-46.50333,-23.481597],[-46.502984,-23.481011],[-46.50049,-23.477487],[-46.49928,-23.475837],[-46.499115,-23.47568],[-46.498598,-23.475234],[-46.498215,-23.474987],[-46.49801,-23.474895],[-46.49779,-23.474829],[-46.497564,-23.474793],[-46.497108,-23.474773],[-46.496881,-23.474809],[-46.495996,-23.475048],[-46.495348,-23.475276],[-46.4949,-23.475371],[-46.494671,-23.475386],[-46.494214,-23.475352],[-46.493774,-23.47523],[-46.493366,-23.475027],[-46.49322,-23.474853],[-46.492826,-23.474297],[-46.492722,-23.474097],[-46.492501,-23.473455],[-46.492001,-23.471249],[-46.491701,-23.470157],[-46.491486,-23.469513],[-46.491355,-23.468848],[-46.491148,-23.467966],[-46.490961,-23.467315],[-46.49089,-23.466869],[-46.490664,-23.465761],[-46.490098,-23.46357],[-46.489893,-23.462922],[-46.48978,-23.462726],[-46.489605,-23.462584],[-46.488465,-23.462465],[-46.488241,-23.46242],[-46.488046,-23.462306],[-46.487923,-23.462119],[-46.487836,-23.461449],[-46.487737,-23.461247],[-46.487576,-23.461086],[-46.487373,-23.460984],[-46.485257,-23.460106],[-46.484651,-23.459785],[-46.482307,-23.458858],[-46.478303,-23.457153],[-46.476842,-23.456495],[-46.475359,-23.455886],[-46.473892,-23.455239],[-46.472825,-23.454821],[-46.465439,-23.451703],[-46.464583,-23.451378],[-46.456982,-23.44818],[-46.454435,-23.447147],[-46.452761,-23.446402],[-46.45085,-23.445627],[-46.449776,-23.445229],[-46.445791,-23.443481],[-46.44114,-23.441541],[-46.427845,-23.435929],[-46.425962,-23.435091],[-46.42553,-23.434942],[-46.42362,-23.434164],[-46.421727,-23.433348],[-46.421089,-23.433093],[-46.420467,-23.432802],[-46.414351,-23.430212],[-46.412472,-23.429365],[-46.412272,-23.429256],[-46.41101,-23.428711],[-46.406777,-23.426958],[-46.403612,-23.425622],[-46.40084,-23.424532],[-46.399116,-23.423909],[-46.396711,-23.423149],[-46.393629,-23.42225],[-46.379258,-23.418286],[-46.377039,-23.417706],[-46.364439,-23.414226],[-46.36176,-23.413592],[-46.359993,-23.413099],[-46.35824,-23.412559],[-46.357124,-23.412294],[-46.35509,-23.411938],[-46.353512,-23.411634],[-46.352171,-23.411327],[-46.345745,-23.411486],[-46.345517,-23.411474],[-46.317295,-23.405214],[-46.30971,-23.403395],[-46.302799,-23.400339],[-46.298725,-23.398804],[-46.292873,-23.396183],[-46.281027,-23.39126],[-46.272121,-23.387619],[-46.249395,-23.378433],[-46.232768,-23.370229],[-46.227825,-23.368403],[-46.207829,-23.360406],[-46.196771,-23.35489],[-46.194245,-23.35489],[-46.194025,-23.354854],[-46.188663,-23.351791],[-46.188442,-23.351786],[-46.187758,-23.351866],[-46.185488,-23.352206],[-46.185047,-23.35232],[-46.183905,-23.352433],[-46.183447,-23.352451],[-46.182758,-23.352431],[-46.181846,-23.352331],[-46.180943,-23.352165],[-46.180277,-23.351992],[-46.179621,-23.351787],[-46.169848,-23.348487],[-46.167478,-23.347627],[-46.165797,-23.346899],[-46.164973,-23.346499],[-46.156634,-23.342199],[-46.152556,-23.340121],[-46.15022,-23.339179],[-46.149424,-23.338728],[-46.148082,-23.337857],[-46.143201,-23.335338],[-46.119548,-23.323283],[-46.118266,-23.322789],[-46.117392,-23.322513],[-46.116502,-23.322288],[-46.115147,-23.322049],[-46.114233,-23.321955],[-46.110561,-23.321862],[-46.098394,-23.321687],[-46.096789,-23.321604],[-46.095192,-23.321426],[-46.094057,-23.321259],[-46.092033,-23.320849],[-46.090477,-23.320451],[-46.088944,-23.319979],[-46.087865,-23.319591],[-46.081307,-23.316869],[-46.080224,-23.316494],[-46.079341,-23.316247],[-46.07867,-23.316091],[-46.077543,-23.315876],[-46.075723,-23.315634],[-46.071394,-23.315106],[-46.069808,-23.314851],[-46.068691,-23.314591],[-46.067596,-23.314251],[-46.066103,-23.313665],[-46.065071,-23.313171],[-46.064268,-23.312732],[-46.063489,-23.312253],[-46.060864,-23.310427],[-46.059898,-23.309815],[-46.059099,-23.30937],[-46.058063,-23.308885],[-46.056992,-23.308476],[-46.056338,-23.308265],[-46.054776,-23.307897],[-46.053639,-23.307736],[-46.052953,-23.307678],[-46.044919,-23.307578],[-46.04423,-23.307555],[-46.042861,-23.307409],[-46.04173,-23.307216],[-46.040614,-23.306953],[-46.025513,-23.302238],[-46.023511,-23.301732],[-46.016063,-23.300365],[-46.01539,-23.300223],[-46.013845,-23.299789],[-46.013196,-23.299561],[-46.012132,-23.299137],[-46.009278,-23.29768],[-46.008447,-23.297297],[-46.007255,-23.296618],[-46.005612,-23.295384],[-46.004927,-23.294781],[-46.00474,-23.294651],[-45.949931,-23.259452],[-45.94279,-23.25492],[-45.928562,-23.245777],[-45.927424,-23.245012],[-45.926155,-23.244041],[-45.925276,-23.243314],[-45.922928,-23.241153],[-45.89691,-23.216913],[-45.890923,-23.211301],[-45.889785,-23.210183],[-45.887596,-23.208186],[-45.879099,-23.200252],[-45.877703,-23.199077],[-45.876422,-23.198122],[-45.875291,-23.197347],[-45.874316,-23.19675],[-45.872514,-23.195755],[-45.867397,-23.193193],[-45.857553,-23.188314],[-45.848552,-23.183798],[-45.840553,-23.179835],[-45.825002,-23.172041],[-45.819674,-23.169391],[-45.813956,-23.166497],[-45.808427,-23.163736],[-45.80578,-23.162379],[-45.802697,-23.160867],[-45.737101,-23.127781],[-45.713031,-23.115536],[-45.706517,-23.112189],[-45.704115,-23.11086],[-45.702348,-23.109806],[-45.699117,-23.107649],[-45.69141,-23.102327],[-45.688187,-23.10016],[-45.686115,-23.098738],[-45.685011,-23.097927],[-45.668207,-23.086478],[-45.65823,-23.079617],[-45.65374,-23.076471],[-45.652183,-23.075513],[-45.648989,-23.073726],[-45.635869,-23.067208],[-45.634852,-23.066686],[-45.634024,-23.066294],[-45.632394,-23.06546],[-45.623575,-23.061089],[-45.622536,-23.060609],[-45.6205,-23.059565],[-45.613526,-23.05611],[-45.613153,-23.055849],[-45.61295,-23.055744],[-45.607617,-23.053102],[-45.607411,-23.053008],[-45.60443,-23.053158],[-45.593439,-23.0508],[-45.581226,-23.048696],[-45.575815,-23.047672],[-45.56398,-23.044886],[-45.555698,-23.041534],[-45.555497,-23.041429],[-45.536977,-23.029247],[-45.524656,-23.022228],[-45.51726,-23.01767],[-45.449905,-22.9741],[-45.415662,-22.958679],[-45.387913,-22.947254],[-45.351759,-22.930518],[-45.326746,-22.916662],[-45.322499,-22.913969],[-45.287496,-22.891495],[-45.278962,-22.883273],[-45.274498,-22.880496],[-45.265995,-22.878576],[-45.25237,-22.876582],[-45.247304,-22.874447],[-45.24321,-22.8724],[-45.240467,-22.869667],[-45.240326,-22.86949],[-45.228371,-22.850719],[-45.228237,-22.850538],[-45.210517,-22.832817],[-45.21036,-22.832652],[-45.205627,-22.826538],[-45.200858,-22.821965],[-45.194235,-22.816726],[-45.191154,-22.814366],[-45.129594,-22.767469],[-45.109944,-22.753329],[-45.101479,-22.746381],[-45.083092,-22.732467],[-45.059884,-22.716228],[-45.013966,-22.683843],[-44.992396,-22.670058],[-44.9796,-22.662944],[-44.96472,-22.655349],[-44.948269,-22.645877],[-44.938061,-22.640229],[-44.928236,-22.635313],[-44.91488,-22.627797],[-44.914681,-22.627684],[-44.907183,-22.62208],[-44.901642,-22.615154],[-44.901486,-22.614988],[-44.883243,-22.597142],[-44.883109,-22.59696],[-44.879388,-22.590985],[-44.870805,-22.569528],[-44.87066,-22.569356],[-44.860659,-22.559067],[-44.856949,-22.556403],[-44.856757,-22.556284],[-44.851769,-22.555501],[-44.851541,-22.555498],[-44.833437,-22.556583],[-44.824077,-22.555598],[-44.823858,-22.555537],[-44.817664,-22.553132],[-44.805123,-22.547518],[-44.804557,-22.547133],[-44.803745,-22.546336],[-44.803487,-22.545962],[-44.803255,-22.545572],[-44.802865,-22.544753],[-44.802284,-22.543779],[-44.801839,-22.543261],[-44.801323,-22.542812],[-44.801139,-22.542678],[-44.800335,-22.542242],[-44.799489,-22.54189],[-44.799269,-22.541832],[-44.797909,-22.541617],[-44.797451,-22.541589],[-44.79654,-22.541686],[-44.795877,-22.541872],[-44.79413,-22.542429],[-44.789153,-22.544164],[-44.788257,-22.544366],[-44.787118,-22.544499],[-44.786659,-22.544495],[-44.785976,-22.544411],[-44.785083,-22.544198],[-44.783536,-22.543772],[-44.782893,-22.543531],[-44.782071,-22.543129],[-44.781879,-22.543006],[-44.781334,-22.542592],[-44.780679,-22.541958],[-44.779621,-22.540767],[-44.778785,-22.539993],[-44.778613,-22.539844],[-44.776936,-22.538653],[-44.775754,-22.53796],[-44.77553,-22.537913],[-44.773432,-22.536997],[-44.771888,-22.536558],[-44.769849,-22.536232],[-44.768476,-22.536132],[-44.764345,-22.536252],[-44.763887,-22.536217],[-44.763437,-22.53613],[-44.763008,-22.535973],[-44.762607,-22.535753],[-44.762043,-22.535363],[-44.760786,-22.534378],[-44.760408,-22.534121],[-44.760011,-22.533895],[-44.759377,-22.533631],[-44.752872,-22.5314],[-44.751123,-22.53085],[-44.749562,-22.530474],[-44.746618,-22.529989],[-44.745038,-22.5297],[-44.744596,-22.529577],[-44.743543,-22.529127],[-44.73529,-22.525161],[-44.734216,-22.524763],[-44.733327,-22.524536],[-44.732648,-22.524424],[-44.725566,-22.523722],[-44.724189,-22.523747],[-44.721906,-22.523977],[-44.721217,-22.523968],[-44.720534,-22.52388],[-44.719865,-22.523722],[-44.719222,-22.523478],[-44.718604,-22.52318],[-44.717813,-22.522721],[-44.715405,-22.521403],[-44.713757,-22.520605],[-44.712889,-22.52031],[-44.710222,-22.519631],[-44.709787,-22.519486],[-44.709161,-22.519205],[-44.70815,-22.51867],[-44.704573,-22.516631],[-44.699181,-22.513619],[-44.69797,-22.512972],[-44.697348,-22.512681],[-44.696707,-22.512433],[-44.695837,-22.512144],[-44.688146,-22.509849],[-44.682572,-22.507747],[-44.680012,-22.506743],[-44.67853,-22.506131],[-44.672444,-22.503471],[-44.6697,-22.502315],[-44.664681,-22.500076],[-44.664075,-22.499755],[-44.66324,-22.49938],[-44.663042,-22.499265],[-44.662685,-22.498981],[-44.662223,-22.498479],[-44.660244,-22.495984],[-44.659758,-22.495505],[-44.659393,-22.495229],[-44.659192,-22.495123],[-44.658572,-22.494828],[-44.657724,-22.494482],[-44.657154,-22.494101],[-44.656804,-22.493809],[-44.655898,-22.492788],[-44.655539,-22.492506],[-44.655119,-22.492324],[-44.654901,-22.492265],[-44.654443,-22.492227],[-44.654214,-22.492231],[-44.651919,-22.492313],[-44.651237,-22.492402],[-44.650589,-22.492626],[-44.649814,-22.49311],[-44.647028,-22.495103],[-44.646043,-22.495683],[-44.637146,-22.499898],[-44.625989,-22.50408],[-44.625319,-22.504239],[-44.62464,-22.504351],[-44.624411,-22.504362],[-44.595944,-22.504732],[-44.595026,-22.504707],[-44.594117,-22.504584],[-44.593244,-22.504305],[-44.592438,-22.503874],[-44.592245,-22.503752],[-44.589853,-22.501995],[-44.589219,-22.501731],[-44.589001,-22.501664],[-44.588321,-22.501557],[-44.586725,-22.501368],[-44.583751,-22.501125],[-44.582383,-22.50096],[-44.581728,-22.500755],[-44.581328,-22.500534],[-44.581142,-22.500403],[-44.578827,-22.498548],[-44.57823,-22.498212],[-44.576101,-22.497366],[-44.567751,-22.494183],[-44.564975,-22.493103],[-44.564108,-22.492811],[-44.563531,-22.49244],[-44.560804,-22.49037],[-44.560411,-22.490136],[-44.559996,-22.489942],[-44.559329,-22.489776],[-44.554063,-22.48939],[-44.553396,-22.489222],[-44.552982,-22.489027],[-44.552776,-22.488927],[-44.536231,-22.477118],[-44.520494,-22.467791],[-44.506923,-22.462243],[-44.506706,-22.462173],[-44.502649,-22.4614],[-44.469486,-22.456588],[-44.454675,-22.45479],[-44.4398,-22.45598],[-44.430697,-22.457176],[-44.430474,-22.457154],[-44.426095,-22.455792],[-44.417188,-22.45359],[-44.398777,-22.451002],[-44.385717,-22.450188],[-44.354957,-22.449591],[-44.35244,-22.449384],[-44.350845,-22.449196],[-44.350621,-22.449148],[-44.34795,-22.44848],[-44.337066,-22.44568],[-44.332379,-22.443825],[-44.332158,-22.44377],[-44.326486,-22.442905],[-44.32626,-22.442917],[-44.321093,-22.443989],[-44.311881,-22.446796],[-44.304503,-22.451382],[-44.304901,-22.452898],[-44.302882,-22.453974],[-44.302672,-22.454067],[-44.302238,-22.454211],[-44.302013,-22.454254],[-44.301786,-22.454287],[-44.301327,-22.454294],[-44.301099,-22.454268],[-44.30065,-22.454176],[-44.298209,-22.453537],[-44.297527,-22.453447],[-44.297068,-22.453443],[-44.296383,-22.453507],[-44.295718,-22.453678],[-44.295077,-22.453924],[-44.294486,-22.454271],[-44.294118,-22.454541],[-44.293779,-22.454845],[-44.29317,-22.455522],[-44.292067,-22.456673],[-44.29178,-22.457026],[-44.291518,-22.457397],[-44.291289,-22.457789],[-44.291094,-22.458198],[-44.290381,-22.460347],[-44.290292,-22.460555],[-44.290084,-22.460958],[-44.289813,-22.461323],[-44.289657,-22.461488],[-44.28828,-22.462685],[-44.287547,-22.463229],[-44.285024,-22.464799],[-44.284646,-22.465056],[-44.284289,-22.46534],[-44.276898,-22.472448],[-44.276547,-22.472739],[-44.276358,-22.472868],[-44.275953,-22.47308],[-44.2753,-22.473292],[-44.266379,-22.475442],[-44.26594,-22.475574],[-44.265728,-22.475661],[-44.265332,-22.475887],[-44.263303,-22.477368],[-44.262952,-22.477659],[-44.262794,-22.477823],[-44.262525,-22.478189],[-44.262417,-22.478388],[-44.261513,-22.480711],[-44.261413,-22.480914],[-44.261166,-22.481294],[-44.260724,-22.481813],[-44.260392,-22.482126],[-44.26003,-22.482403],[-44.257864,-22.483682],[-44.257302,-22.484074],[-44.256784,-22.484519],[-44.255186,-22.486143],[-44.254838,-22.486437],[-44.254452,-22.48668],[-44.25403,-22.486855],[-44.253808,-22.486912],[-44.253356,-22.486988],[-44.253126,-22.487],[-44.252668,-22.486982],[-44.249011,-22.486639],[-44.248552,-22.486648],[-44.248096,-22.486697],[-44.24765,-22.486802],[-44.247025,-22.487085],[-44.246459,-22.48747],[-44.246286,-22.487619],[-44.246135,-22.487787],[-44.244695,-22.48983],[-44.24263,-22.492822],[-44.242345,-22.493176],[-44.242013,-22.493487],[-44.241469,-22.493903],[-44.239247,-22.495508],[-44.237429,-22.496888],[-44.236666,-22.497391],[-44.23627,-22.49762],[-44.23565,-22.497915],[-44.235225,-22.498088],[-44.234559,-22.498259],[-44.233651,-22.498391],[-44.233427,-22.498441],[-44.232988,-22.498571],[-44.232125,-22.49888],[-44.231716,-22.499085],[-44.231119,-22.499424],[-44.230366,-22.49994],[-44.229835,-22.500372],[-44.227873,-22.502277],[-44.225978,-22.504247],[-44.225634,-22.504545],[-44.224189,-22.505662],[-44.223436,-22.50618],[-44.222228,-22.506829],[-44.221841,-22.507072],[-44.221661,-22.507213],[-44.221189,-22.507706],[-44.220629,-22.508422],[-44.220309,-22.508746],[-44.219964,-22.509044],[-44.219391,-22.509419],[-44.218371,-22.509937],[-44.218183,-22.510066],[-44.218015,-22.510219],[-44.217733,-22.510575],[-44.217069,-22.511763],[-44.216932,-22.511944],[-44.216772,-22.512107],[-44.216419,-22.512394],[-44.216025,-22.512625],[-44.215601,-22.512798],[-44.213572,-22.513179],[-44.21176,-22.513471],[-44.210869,-22.513688],[-44.210234,-22.513949],[-44.209843,-22.514184],[-44.209662,-22.514324],[-44.209505,-22.514489],[-44.209234,-22.514853],[-44.2085,-22.51626],[-44.208383,-22.516455],[-44.208097,-22.516808],[-44.207928,-22.51696],[-44.207552,-22.517219],[-44.206742,-22.517645],[-44.206353,-22.517885],[-44.206017,-22.518192],[-44.205872,-22.518368],[-44.205644,-22.518759],[-44.205247,-22.519575],[-44.204593,-22.520769],[-44.204314,-22.521127],[-44.203976,-22.521431],[-44.202707,-22.522403],[-44.202137,-22.522783],[-44.201776,-22.523063],[-44.199934,-22.524764],[-44.198731,-22.525813],[-44.197076,-22.527381],[-44.196916,-22.527543],[-44.196631,-22.527897],[-44.196508,-22.528088],[-44.195456,-22.530097],[-44.195309,-22.530525],[-44.195236,-22.530971],[-44.195258,-22.531421],[-44.195356,-22.531862],[-44.196069,-22.533529],[-44.196179,-22.533967],[-44.196199,-22.534192],[-44.196191,-22.534644],[-44.196105,-22.535087],[-44.196033,-22.535302],[-44.195837,-22.53571],[-44.194789,-22.537195],[-44.193637,-22.538885],[-44.192295,-22.540719],[-44.191291,-22.541955],[-44.189939,-22.543782],[-44.189631,-22.544116],[-44.189273,-22.544398],[-44.188668,-22.544721],[-44.188457,-22.54481],[-44.18802,-22.544946],[-44.187129,-22.545167],[-44.185774,-22.545411],[-44.18533,-22.545523],[-44.185116,-22.545604],[-44.184715,-22.545824],[-44.184533,-22.545962],[-44.1842,-22.546272],[-44.18392,-22.546629],[-44.183807,-22.546826],[-44.183644,-22.547248],[-44.182772,-22.550762],[-44.182695,-22.550975],[-44.182482,-22.551375],[-44.182348,-22.551558],[-44.18203,-22.551883],[-44.181665,-22.552157],[-44.181267,-22.552382],[-44.181057,-22.552472],[-44.180619,-22.552607],[-44.180393,-22.552645],[-44.179935,-22.55267],[-44.178559,-22.55262],[-44.178103,-22.552673],[-44.177657,-22.552776],[-44.175512,-22.553583],[-44.174879,-22.553851],[-44.17428,-22.554183],[-44.173933,-22.554479],[-44.173773,-22.554641],[-44.173502,-22.555005],[-44.173386,-22.5552],[-44.173222,-22.555621],[-44.173098,-22.556288],[-44.172939,-22.557635],[-44.172828,-22.558987],[-44.172672,-22.559647],[-44.172527,-22.560076],[-44.172102,-22.561125],[-44.171872,-22.561515],[-44.171567,-22.561852],[-44.170876,-22.562447],[-44.170486,-22.562684],[-44.170274,-22.56277],[-44.169826,-22.562868],[-44.169368,-22.562863],[-44.169142,-22.562826],[-44.168919,-22.562771],[-44.16456,-22.56135],[-44.164111,-22.561258],[-44.163653,-22.561232],[-44.162967,-22.561293],[-44.162523,-22.561405],[-44.161257,-22.561939],[-44.159796,-22.562597],[-44.159126,-22.562748],[-44.158668,-22.562764],[-44.158439,-22.562742],[-44.157988,-22.562661],[-44.157769,-22.562593],[-44.157347,-22.562416],[-44.156764,-22.562057],[-44.156215,-22.561649],[-44.15605,-22.561498],[-44.15369,-22.56061],[-44.153465,-22.560574],[-44.150263,-22.560307],[-44.150042,-22.560348],[-44.145271,-22.561983],[-44.145051,-22.561997],[-44.136337,-22.55997],[-44.136122,-22.559894],[-44.128429,-22.556345],[-44.128232,-22.556369],[-44.121837,-22.560778],[-44.121698,-22.560929],[-44.122272,-22.564955],[-44.118592,-22.569293],[-44.111657,-22.576526],[-44.10224,-22.586735],[-44.102047,-22.586849],[-44.09887,-22.588157],[-44.098647,-22.58819],[-44.092448,-22.58819],[-44.092226,-22.588241],[-44.081284,-22.59166],[-44.08109,-22.591772],[-44.078445,-22.593944],[-44.076024,-22.596355],[-44.075851,-22.596489],[-44.073555,-22.596489],[-44.073337,-22.596453],[-44.068052,-22.592851],[-44.063855,-22.588673],[-44.05946,-22.58672],[-44.05924,-22.586662],[-44.049978,-22.585005],[-44.049764,-22.584929],[-44.043971,-22.582189],[-44.039151,-22.582198],[-44.02909,-22.584514],[-44.019533,-22.586953],[-44.019308,-22.586989],[-44.015176,-22.586985],[-44.009847,-22.585604],[-44.009649,-22.585495],[-44.005656,-22.582833],[-44.005444,-22.582759],[-44.001172,-22.581891],[-43.994346,-22.582794],[-43.982258,-22.58417],[-43.98203,-22.584201],[-43.978209,-22.584985],[-43.965061,-22.592846],[-43.942647,-22.605257],[-43.942471,-22.6054],[-43.929633,-22.61737],[-43.929268,-22.617641],[-43.928867,-22.617861],[-43.92868,-22.61799],[-43.928153,-22.618427],[-43.927154,-22.619362],[-43.926101,-22.620235],[-43.924285,-22.621618],[-43.921779,-22.623601],[-43.921385,-22.623832],[-43.920968,-22.62402],[-43.920313,-22.624223],[-43.919174,-22.624362],[-43.918027,-22.624418],[-43.917344,-22.624499],[-43.916898,-22.624606],[-43.916287,-22.624915],[-43.915572,-22.625482],[-43.912552,-22.62826],[-43.911012,-22.629617],[-43.910121,-22.63033],[-43.909365,-22.630843],[-43.907172,-22.632076],[-43.905565,-22.632951],[-43.904817,-22.633476],[-43.90281,-22.634985],[-43.902636,-22.635133],[-43.90232,-22.63546],[-43.9019,-22.635997],[-43.901376,-22.63674],[-43.901227,-22.636912],[-43.900881,-22.637207],[-43.899721,-22.637938],[-43.899381,-22.638242],[-43.899092,-22.638592],[-43.898969,-22.638783],[-43.898768,-22.639189],[-43.898402,-22.640729],[-43.898164,-22.641365],[-43.893244,-22.650568],[-43.892314,-22.652385],[-43.891623,-22.653813],[-43.890293,-22.657185],[-43.89,-22.657798],[-43.889744,-22.658173],[-43.887741,-22.660648],[-43.886382,-22.662745],[-43.886119,-22.663116],[-43.885966,-22.663284],[-43.885629,-22.66359],[-43.885256,-22.663853],[-43.885054,-22.66396],[-43.882048,-22.665081],[-43.881603,-22.665188],[-43.88115,-22.665266],[-43.880465,-22.665326],[-43.880006,-22.665328],[-43.879319,-22.665283],[-43.876354,-22.664944],[-43.874982,-22.664825],[-43.873605,-22.664772],[-43.872688,-22.664817],[-43.872005,-22.664898],[-43.870885,-22.665147],[-43.870231,-22.665359],[-43.869601,-22.665633],[-43.867953,-22.666431],[-43.86774,-22.666515],[-43.867292,-22.666613],[-43.866834,-22.666624],[-43.866382,-22.666549],[-43.866164,-22.666479],[-43.865952,-22.66639],[-43.864951,-22.66584],[-43.864733,-22.665768],[-43.864283,-22.665683],[-43.863825,-22.665682],[-43.863599,-22.665718],[-43.863379,-22.665782],[-43.863169,-22.665873],[-43.861846,-22.666771],[-43.861644,-22.666878],[-43.86143,-22.666959],[-43.860981,-22.667045],[-43.859834,-22.66708],[-43.859607,-22.667117],[-43.859176,-22.66727],[-43.858978,-22.667384],[-43.856999,-22.668929],[-43.856622,-22.669186],[-43.856419,-22.669292],[-43.855987,-22.669441],[-43.855763,-22.669491],[-43.855306,-22.669536],[-43.85485,-22.669492],[-43.85395,-22.669313],[-43.853285,-22.669138],[-43.85286,-22.668967],[-43.85266,-22.668857],[-43.852471,-22.668728],[-43.852125,-22.668432],[-43.84957,-22.665833],[-43.849389,-22.665694],[-43.849183,-22.665597],[-43.848962,-22.665539],[-43.848733,-22.665523],[-43.848505,-22.66555],[-43.848288,-22.665621],[-43.847303,-22.6662],[-43.847096,-22.666298],[-43.846877,-22.666366],[-43.84665,-22.6664],[-43.846421,-22.666396],[-43.845507,-22.666308],[-43.845278,-22.66632],[-43.845053,-22.666362],[-43.842415,-22.667146],[-43.842187,-22.667168],[-43.841959,-22.667146],[-43.84174,-22.667081],[-43.841539,-22.666971],[-43.841364,-22.666827],[-43.841224,-22.666648],[-43.840781,-22.665856],[-43.840646,-22.665674],[-43.840484,-22.665515],[-43.840272,-22.665438],[-43.840055,-22.665496],[-43.839463,-22.665842],[-43.839037,-22.666011],[-43.838839,-22.666121],[-43.838729,-22.666316],[-43.838886,-22.667889],[-43.838818,-22.668102],[-43.838652,-22.668253],[-43.838466,-22.668386],[-43.838371,-22.668581],[-43.838411,-22.668803],[-43.838579,-22.669224],[-43.838641,-22.669441],[-43.838602,-22.66966],[-43.838451,-22.669829],[-43.838257,-22.669948],[-43.838035,-22.669994],[-43.83781,-22.669951],[-43.837598,-22.669866],[-43.836175,-22.66913],[-43.835963,-22.669051],[-43.835745,-22.669105],[-43.835556,-22.669233],[-43.835478,-22.66944],[-43.835524,-22.66966],[-43.835958,-22.670456],[-43.836195,-22.671092],[-43.83622,-22.671315],[-43.836142,-22.671525],[-43.835977,-22.671678],[-43.835014,-22.672292],[-43.834893,-22.67248],[-43.834886,-22.672704],[-43.834914,-22.672928],[-43.834895,-22.673151],[-43.834769,-22.673338],[-43.834569,-22.67344],[-43.83434,-22.67345],[-43.834114,-22.673411],[-43.833899,-22.673334],[-43.833509,-22.673097],[-43.832369,-22.672335],[-43.832194,-22.672188],[-43.831495,-22.671293],[-43.831342,-22.671125],[-43.831156,-22.670994],[-43.830723,-22.670845],[-43.830515,-22.670751],[-43.830362,-22.670586],[-43.830114,-22.670205],[-43.8298,-22.669876],[-43.829303,-22.669409],[-43.829064,-22.668776],[-43.828903,-22.668618],[-43.828688,-22.668543],[-43.827098,-22.668311],[-43.826872,-22.668322],[-43.826687,-22.668449],[-43.826611,-22.668659],[-43.826709,-22.66933],[-43.826822,-22.669522],[-43.827026,-22.669623],[-43.82747,-22.669734],[-43.827677,-22.669832],[-43.827865,-22.66996],[-43.828003,-22.670139],[-43.828167,-22.670561],[-43.828607,-22.671082],[-43.828729,-22.671273],[-43.828913,-22.671688],[-43.828957,-22.671906],[-43.828848,-22.672344],[-43.828859,-22.672566],[-43.829001,-22.672739],[-43.829422,-22.672918],[-43.829615,-22.673039],[-43.829775,-22.673201],[-43.830055,-22.67356],[-43.830176,-22.67375],[-43.830207,-22.673972],[-43.830164,-22.674423],[-43.830204,-22.674641],[-43.830354,-22.674809],[-43.830787,-22.674954],[-43.83099,-22.675059],[-43.831141,-22.675227],[-43.831276,-22.675657],[-43.831374,-22.675859],[-43.831557,-22.67599],[-43.831781,-22.676032],[-43.832908,-22.675823],[-43.833137,-22.675831],[-43.833358,-22.67589],[-43.833561,-22.675994],[-43.833734,-22.676142],[-43.833864,-22.676328],[-43.834031,-22.676746],[-43.834313,-22.677103],[-43.834399,-22.677312],[-43.834481,-22.677754],[-43.834625,-22.677927],[-43.834833,-22.678018],[-43.835271,-22.678155],[-43.835464,-22.678272],[-43.835587,-22.678461],[-43.835654,-22.678907],[-43.835738,-22.679117],[-43.835865,-22.679302],[-43.836076,-22.679378],[-43.83653,-22.679447],[-43.837183,-22.67966],[-43.837411,-22.679678],[-43.83809,-22.679567],[-43.838319,-22.679566],[-43.838775,-22.679618],[-43.839004,-22.679607],[-43.839458,-22.679539],[-43.839686,-22.67955],[-43.839892,-22.679645],[-43.840034,-22.679819],[-43.840056,-22.68004],[-43.83995,-22.680237],[-43.839748,-22.680337],[-43.839523,-22.680371],[-43.839299,-22.680327],[-43.839105,-22.680208],[-43.838962,-22.680032],[-43.838798,-22.679876],[-43.838583,-22.679802],[-43.838357,-22.679825],[-43.837699,-22.680027],[-43.837081,-22.680323],[-43.836853,-22.680338],[-43.836396,-22.680298],[-43.836168,-22.680316],[-43.835716,-22.680396],[-43.83549,-22.680371],[-43.8353,-22.680249],[-43.835195,-22.680051],[-43.835111,-22.679379],[-43.835013,-22.679176],[-43.834702,-22.678843],[-43.834521,-22.678706],[-43.834312,-22.678614],[-43.834085,-22.678586],[-43.833861,-22.678626],[-43.833431,-22.678784],[-43.833208,-22.678828],[-43.83253,-22.678711],[-43.832321,-22.67862],[-43.831132,-22.677556],[-43.830932,-22.677448],[-43.830707,-22.677406],[-43.830021,-22.67746],[-43.829808,-22.677541],[-43.829628,-22.67768],[-43.829257,-22.67825],[-43.829264,-22.678471],[-43.829507,-22.679106],[-43.82951,-22.679329],[-43.829401,-22.679525],[-43.829111,-22.679875],[-43.829039,-22.680088],[-43.829009,-22.680539],[-43.828927,-22.680983],[-43.828814,-22.681178],[-43.828159,-22.681811],[-43.827743,-22.682351],[-43.827588,-22.682518],[-43.826841,-22.683042],[-43.826638,-22.683145],[-43.826411,-22.683153],[-43.825959,-22.683076],[-43.825735,-22.683116],[-43.825308,-22.683279],[-43.82508,-22.683269],[-43.824877,-22.683168],[-43.82474,-22.682989],[-43.824699,-22.682769],[-43.824689,-22.682543],[-43.824623,-22.682328],[-43.823851,-22.681204],[-43.823753,-22.681001],[-43.823617,-22.680337],[-43.823546,-22.680122],[-43.82342,-22.679934],[-43.822125,-22.678348],[-43.821962,-22.67819],[-43.821769,-22.678069],[-43.821559,-22.677977],[-43.821338,-22.677918],[-43.82111,-22.677896],[-43.820193,-22.67794],[-43.819963,-22.677932],[-43.819738,-22.677894],[-43.819526,-22.677808],[-43.817924,-22.676924],[-43.817708,-22.676852],[-43.81748,-22.676864],[-43.816379,-22.677183],[-43.816174,-22.677285],[-43.815996,-22.677427],[-43.815847,-22.677598],[-43.814624,-22.679238],[-43.813836,-22.680351],[-43.81371,-22.680539],[-43.813531,-22.680955],[-43.813471,-22.681173],[-43.813443,-22.681397],[-43.813409,-22.682979],[-43.813432,-22.683204],[-43.813758,-22.684522],[-43.813787,-22.684746],[-43.813779,-22.684971],[-43.813714,-22.685187],[-43.813604,-22.685385],[-43.813448,-22.68555],[-43.813263,-22.685683],[-43.81127,-22.686806],[-43.810847,-22.686981],[-43.803469,-22.689493],[-43.802568,-22.689661],[-43.801881,-22.689714],[-43.800964,-22.689679],[-43.799827,-22.68952],[-43.795747,-22.688872],[-43.795289,-22.688843],[-43.79506,-22.688849],[-43.794604,-22.688898],[-43.794154,-22.688989],[-43.792374,-22.689437],[-43.791939,-22.689582],[-43.791518,-22.689761],[-43.789049,-22.690964],[-43.788627,-22.691141],[-43.788182,-22.691255],[-43.786379,-22.691596],[-43.785933,-22.691703],[-43.785501,-22.691857],[-43.785288,-22.691939],[-43.78011,-22.694379],[-43.77967,-22.694506],[-43.779215,-22.694564],[-43.778985,-22.694562],[-43.778756,-22.694547],[-43.778308,-22.694454],[-43.773707,-22.693033],[-43.773261,-22.692928],[-43.772803,-22.692906],[-43.772574,-22.692925],[-43.772122,-22.693004],[-43.771905,-22.693076],[-43.771488,-22.693264],[-43.771294,-22.693386],[-43.77057,-22.693941],[-43.76507,-22.698738],[-43.764327,-22.699267],[-43.763719,-22.699585],[-43.761129,-22.700509],[-43.759582,-22.700935],[-43.759131,-22.701025],[-43.758674,-22.701061],[-43.757987,-22.701027],[-43.752559,-22.700095],[-43.752101,-22.70009],[-43.751645,-22.700143],[-43.751421,-22.700191],[-43.750985,-22.700332],[-43.750376,-22.700646],[-43.750012,-22.700922],[-43.748599,-22.702077],[-43.74822,-22.702332],[-43.748018,-22.702439],[-43.744157,-22.70389],[-43.740496,-22.705222],[-43.73988,-22.705524],[-43.739497,-22.705773],[-43.739157,-22.706075],[-43.738208,-22.707059],[-43.737609,-22.707744],[-43.737336,-22.708107],[-43.737209,-22.708296],[-43.73518,-22.712099],[-43.735064,-22.712293],[-43.734793,-22.712658],[-43.734306,-22.713136],[-43.733751,-22.713537],[-43.733142,-22.713852],[-43.73249,-22.714068],[-43.731814,-22.714197],[-43.711589,-22.71707],[-43.709767,-22.717295],[-43.685674,-22.720681],[-43.680911,-22.72142],[-43.677298,-22.722075],[-43.666668,-22.723899],[-43.627162,-22.729744],[-43.625816,-22.730033],[-43.620771,-22.731568],[-43.61987,-22.731743],[-43.619183,-22.731782],[-43.618495,-22.731762],[-43.618038,-22.731711],[-43.617361,-22.731588],[-43.6167,-22.7314],[-43.613277,-22.730087],[-43.612381,-22.729895],[-43.611695,-22.729835],[-43.611236,-22.729838],[-43.610552,-22.729912],[-43.604951,-22.731149],[-43.603136,-22.731425],[-43.602222,-22.731514],[-43.601076,-22.73157],[-43.599469,-22.731567],[-43.598552,-22.731514],[-43.59741,-22.731401],[-43.596049,-22.731191],[-43.594704,-22.7309],[-43.588487,-22.729287],[-43.587583,-22.729128],[-43.586668,-22.729061],[-43.577029,-22.72935],[-43.572483,-22.729983],[-43.571569,-22.730076],[-43.570881,-22.730089],[-43.563997,-22.729866],[-43.563539,-22.72989],[-43.562854,-22.729964],[-43.562178,-22.730092],[-43.561515,-22.730275],[-43.561082,-22.730427],[-43.560448,-22.730691],[-43.559843,-22.731015],[-43.558895,-22.73165],[-43.556056,-22.733946],[-43.55549,-22.734333],[-43.554695,-22.734784],[-43.553852,-22.735144],[-43.553197,-22.735352],[-43.552302,-22.735553],[-43.55162,-22.735646],[-43.542906,-22.736081],[-43.542223,-22.736164],[-43.541323,-22.736344],[-43.512276,-22.744028],[-43.511376,-22.744205],[-43.510691,-22.744281],[-43.509774,-22.74432],[-43.508858,-22.744268],[-43.507948,-22.744144],[-43.50705,-22.743958],[-43.506391,-22.74376],[-43.505537,-22.743429],[-43.493745,-22.738382],[-43.492892,-22.738047],[-43.49201,-22.737796],[-43.491334,-22.737667],[-43.49019,-22.737574],[-43.489732,-22.737584],[-43.459066,-22.740025],[-43.458384,-22.740122],[-43.457034,-22.74039],[-43.455928,-22.740691],[-43.455276,-22.740909],[-43.454213,-22.741337],[-43.453169,-22.741807],[-43.452357,-22.742229],[-43.450638,-22.743357],[-43.444059,-22.747902],[-43.43694,-22.752869],[-43.428271,-22.758809],[-43.426719,-22.759775],[-43.426121,-22.760113],[-43.423881,-22.761261],[-43.419758,-22.763252],[-43.418302,-22.763923],[-43.417075,-22.764539],[-43.415422,-22.765326],[-43.41381,-22.766195],[-43.412821,-22.766767],[-43.412044,-22.76725],[-43.410529,-22.768272],[-43.39537,-22.778881],[-43.394204,-22.779604],[-43.393195,-22.780142],[-43.391327,-22.781013],[-43.389842,-22.781618],[-43.388536,-22.782049],[-43.387436,-22.782372],[-43.38521,-22.782926],[-43.383439,-22.783404],[-43.3828,-22.783656],[-43.380003,-22.785216],[-43.377856,-22.786525],[-43.374489,-22.788469],[-43.372083,-22.789791],[-43.365539,-22.793552],[-43.364333,-22.794207],[-43.359552,-22.796904],[-43.356382,-22.798731],[-43.351582,-22.801397],[-43.336349,-22.809778],[-43.335559,-22.810239],[-43.331741,-22.812317],[-43.322733,-22.817298],[-43.321061,-22.818492],[-43.320906,-22.818658],[-43.32077,-22.81884],[-43.320571,-22.819246],[-43.319942,-22.821183],[-43.319837,-22.821383],[-43.319701,-22.821565],[-43.319523,-22.821707],[-43.319336,-22.821837],[-43.319129,-22.821933],[-43.318693,-22.822067],[-43.318235,-22.822032],[-43.317565,-22.82188],[-43.31713,-22.821733],[-43.31677,-22.821457],[-43.316092,-22.820848],[-43.315717,-22.820588],[-43.315293,-22.820417],[-43.314409,-22.820173],[-43.314183,-22.82014],[-43.313723,-22.820139],[-43.311892,-22.820007],[-43.31144,-22.819931],[-43.310779,-22.819743],[-43.309931,-22.819397],[-43.30913,-22.818955],[-43.308159,-22.818353],[-43.30722,-22.817702],[-43.307022,-22.817588],[-43.305784,-22.816994],[-43.304913,-22.816708],[-43.30045,-22.815649],[-43.296196,-22.814695],[-43.295518,-22.814579],[-43.29483,-22.814568],[-43.294373,-22.814618],[-43.293476,-22.81481],[-43.290139,-22.815646],[-43.289281,-22.815968],[-43.288867,-22.816163],[-43.288278,-22.816512],[-43.287712,-22.816898],[-43.287202,-22.817354],[-43.285957,-22.818355],[-43.285209,-22.818878],[-43.283222,-22.820413],[-43.282471,-22.820933],[-43.282077,-22.821164],[-43.280985,-22.82199],[-43.277217,-22.824953],[-43.27684,-22.825212],[-43.274494,-22.827028],[-43.273074,-22.828175],[-43.271268,-22.82957],[-43.270749,-22.830017],[-43.270206,-22.830433],[-43.26963,-22.830804],[-43.264789,-22.833396],[-43.264176,-22.833704],[-43.259748,-22.836097],[-43.258125,-22.836945],[-43.255929,-22.838173],[-43.255357,-22.838549],[-43.254628,-22.8391],[-43.254306,-22.839422],[-43.252482,-22.841455],[-43.252008,-22.841947],[-43.248323,-22.845982],[-43.248185,-22.846161],[-43.247818,-22.846734],[-43.247611,-22.847138],[-43.247527,-22.847348],[-43.24733,-22.847998],[-43.247246,-22.848442],[-43.24719,-22.848891],[-43.247199,-22.849343],[-43.247246,-22.849792],[-43.247562,-22.851344],[-43.247645,-22.852016],[-43.24774,-22.854275],[-43.248007,-22.863994],[-43.247921,-22.86512],[-43.247401,-22.868473],[-43.247169,-22.869347],[-43.24693,-22.869983],[-43.246737,-22.870393],[-43.246281,-22.871178],[-43.24185,-22.876948],[-43.238753,-22.881436],[-43.238012,-22.8823],[-43.236927,-22.883466],[-43.236805,-22.883657],[-43.236221,-22.884356],[-43.235956,-22.884723],[-43.235475,-22.885209],[-43.23439,-22.886377],[-43.234038,-22.886666],[-43.233654,-22.886913],[-43.233241,-22.88711],[-43.233025,-22.887187],[-43.232358,-22.887353],[-43.23213,-22.887375],[-43.231901,-22.887385],[-43.231216,-22.887321],[-43.230774,-22.887202],[-43.230352,-22.887025],[-43.230151,-22.886916],[-43.229587,-22.886527],[-43.228357,-22.885507],[-43.227964,-22.885275],[-43.227749,-22.885196],[-43.227524,-22.885154],[-43.227295,-22.885139],[-43.226842,-22.885208],[-43.226621,-22.885268],[-43.226415,-22.885367],[-43.226045,-22.885632],[-43.225577,-22.886129],[-43.223456,-22.888197],[-43.223146,-22.88853],[-43.222584,-22.88892],[-43.222381,-22.889026],[-43.221948,-22.889172],[-43.221723,-22.889217],[-43.219665,-22.889384],[-43.219439,-22.889426],[-43.218752,-22.88947],[-43.218529,-22.889521],[-43.218314,-22.889599],[-43.218111,-22.889705],[-43.217773,-22.890008],[-43.217508,-22.890377],[-43.217399,-22.890576],[-43.216753,-22.891774],[-43.216352,-22.892587],[-43.215035,-22.895475],[-43.214799,-22.895862],[-43.214655,-22.896038],[-43.214494,-22.896199],[-43.214139,-22.896485],[-43.212812,-22.897378],[-43.212096,-22.897943],[-43.211049,-22.898826],[-43.210888,-22.898986],[-43.210733,-22.899152],[-43.210635,-22.899355],[-43.210539,-22.899797],[-43.210512,-22.900249],[-43.210322,-22.900279],[-43.209175,-22.90022],[-43.209115,-22.900014],[-43.209012,-22.899815],[-43.208793,-22.899509]]}}]}