{"type":"FeatureCollection","features":[{"type":"Feature","properties":{"fuente":"OpenStreetMap 2026-10-02 (recorrido.py)","pasos":[{"accion":"inicio","via":"Carretera Panamericana Sur","m":42390},{"accion":"sigue","via":"Avenida Panamericana Sur","m":4042},{"accion":"sigue","via":"","m":857},{"accion":"sigue","via":"Avenida Santiago de Surco","m":128},{"accion":"sigue","via":"","m":455},{"accion":"sigue","via":"Avenida Panamericana Sur","m":406},{"accion":"izquierda","via":"Avenida Los Álamos","m":136}],"sin_calle":0,"fuera":[6247567,0]},"geometry":{"type":"LineString","coordinates":[[-43.208813,-22.899492],[-43.208932,-22.899685],[-43.209012,-22.89987],[-43.208855,-22.899717],[-43.20849,-22.899142],[-43.208344,-22.89898],[-43.208132,-22.899056],[-43.207937,-22.899173],[-43.208558,-22.900119],[-43.208763,-22.900194],[-43.209221,-22.900203],[-43.209445,-22.900166],[-43.209644,-22.900058],[-43.209791,-22.899887],[-43.210001,-22.899485],[-43.210421,-22.898948],[-43.211791,-22.897745],[-43.211954,-22.897586],[-43.212385,-22.897057],[-43.212505,-22.896866],[-43.213026,-22.895858],[-43.215867,-22.889928],[-43.216134,-22.889561],[-43.21629,-22.889396],[-43.216656,-22.889124],[-43.217071,-22.888934],[-43.217291,-22.888871],[-43.217747,-22.888821],[-43.219813,-22.888801],[-43.221878,-22.888733],[-43.222106,-22.888707],[-43.222326,-22.888649],[-43.22273,-22.888436],[-43.222922,-22.888312],[-43.223086,-22.888154],[-43.225666,-22.885579],[-43.225789,-22.885394],[-43.226098,-22.88506],[-43.226286,-22.884933],[-43.2265,-22.884851],[-43.227167,-22.884686],[-43.227364,-22.884572],[-43.227807,-22.884054],[-43.227971,-22.883896],[-43.228548,-22.883528],[-43.229066,-22.88308],[-43.229555,-22.882603],[-43.230162,-22.881929],[-43.231413,-22.880034],[-43.231631,-22.879635],[-43.231895,-22.87901],[-43.2321,-22.878362],[-43.232231,-22.877697],[-43.232295,-22.877022],[-43.23231,-22.87657],[-43.232123,-22.87341],[-43.23212,-22.872732],[-43.232822,-22.867123],[-43.232961,-22.866459],[-43.233158,-22.865809],[-43.23348,-22.864962],[-43.2337,-22.864566],[-43.233842,-22.864389],[-43.234154,-22.864057],[-43.234328,-22.863911],[-43.235641,-22.863],[-43.235823,-22.862862],[-43.236156,-22.862551],[-43.236464,-22.862215],[-43.236733,-22.861849],[-43.237075,-22.861261],[-43.237251,-22.860844],[-43.237436,-22.860191],[-43.238107,-22.856865],[-43.238323,-22.855986],[-43.238534,-22.85534],[-43.240797,-22.849657],[-43.240933,-22.849226],[-43.241008,-22.84878],[-43.241013,-22.848103],[-43.240935,-22.847658],[-43.240872,-22.847441],[-43.240712,-22.847017],[-43.240605,-22.846817],[-43.239908,-22.845648],[-43.23973,-22.845233],[-43.239596,-22.8448],[-43.239445,-22.84368],[-43.239366,-22.843471],[-43.239295,-22.842797],[-43.239349,-22.842122],[-43.239391,-22.8419],[-43.239461,-22.841685],[-43.239653,-22.841275],[-43.239919,-22.840907],[-43.240072,-22.840739],[-43.24169,-22.839135],[-43.242558,-22.838395],[-43.243224,-22.837772],[-43.243683,-22.837267],[-43.24396,-22.836906],[-43.244426,-22.836128],[-43.247069,-22.830857],[-43.247424,-22.830277],[-43.247872,-22.829762],[-43.24804,-22.829608],[-43.249843,-22.828209],[-43.250307,-22.827709],[-43.250436,-22.827522],[-43.250658,-22.827126],[-43.250835,-22.82671],[-43.251461,-22.8243],[-43.251605,-22.823871],[-43.251704,-22.823667],[-43.251927,-22.823273],[-43.252197,-22.822908],[-43.252509,-22.822577],[-43.252866,-22.822292],[-43.253057,-22.822167],[-43.253664,-22.821849],[-43.254957,-22.82138],[-43.255378,-22.8212],[-43.255778,-22.820979],[-43.256155,-22.820722],[-43.25633,-22.820575],[-43.257297,-22.819611],[-43.257645,-22.819315],[-43.258024,-22.819061],[-43.258429,-22.818849],[-43.259712,-22.818355],[-43.260117,-22.818144],[-43.262988,-22.816271],[-43.263582,-22.815927],[-43.264196,-22.815622],[-43.26737,-22.814305],[-43.267977,-22.813985],[-43.268922,-22.813342],[-43.269272,-22.813051],[-43.270979,-22.811217],[-43.271648,-22.810599],[-43.273343,-22.809436],[-43.275451,-22.808066],[-43.275644,-22.807943],[-43.276057,-22.807748],[-43.276484,-22.807579],[-43.277147,-22.807403],[-43.27783,-22.807317],[-43.278519,-22.807303],[-43.284021,-22.80759],[-43.28448,-22.807585],[-43.284934,-22.807646],[-43.288144,-22.807809],[-43.288373,-22.80779],[-43.289519,-22.807854],[-43.290204,-22.807921],[-43.290892,-22.807914],[-43.291347,-22.807855],[-43.291793,-22.80775],[-43.292223,-22.807592],[-43.292633,-22.807391],[-43.293195,-22.806998],[-43.29501,-22.805269],[-43.295363,-22.80498],[-43.296127,-22.804478],[-43.29653,-22.804262],[-43.297376,-22.803911],[-43.297816,-22.803781],[-43.299378,-22.80341],[-43.299814,-22.80327],[-43.300238,-22.803096],[-43.300849,-22.802784],[-43.306818,-22.799399],[-43.307835,-22.798875],[-43.308484,-22.79865],[-43.30893,-22.798545],[-43.309614,-22.798467],[-43.310073,-22.798461],[-43.310986,-22.798559],[-43.31573,-22.799404],[-43.320909,-22.800419],[-43.321588,-22.800533],[-43.322504,-22.800576],[-43.324334,-22.800422],[-43.325022,-22.800441],[-43.325476,-22.800509],[-43.326146,-22.800667],[-43.326573,-22.800832],[-43.328003,-22.801554],[-43.328638,-22.801813],[-43.329077,-22.801948],[-43.329523,-22.802056],[-43.329976,-22.802122],[-43.334103,-22.802348],[-43.343505,-22.802791],[-43.343733,-22.802818],[-43.344397,-22.802997],[-43.344848,-22.803078],[-43.347136,-22.803271],[-43.347365,-22.803273],[-43.347587,-22.80322],[-43.34801,-22.803047],[-43.348227,-22.802988],[-43.350014,-22.801967],[-43.352638,-22.800566],[-43.355638,-22.7989],[-43.36021,-22.796298],[-43.360417,-22.796227],[-43.360622,-22.796125],[-43.362035,-22.795371],[-43.362242,-22.795282],[-43.38029,-22.784917],[-43.382688,-22.78358],[-43.382893,-22.783481],[-43.383542,-22.783254],[-43.387768,-22.782191],[-43.389076,-22.781765],[-43.391216,-22.780947],[-43.392875,-22.780172],[-43.394092,-22.779535],[-43.395274,-22.778838],[-43.396794,-22.777823],[-43.397896,-22.777009],[-43.400156,-22.775458],[-43.402019,-22.774136],[-43.403898,-22.772837],[-43.405193,-22.7719],[-43.407448,-22.770341],[-43.410621,-22.768103],[-43.412726,-22.76673],[-43.413513,-22.766262],[-43.414313,-22.765819],[-43.419646,-22.763178],[-43.420895,-22.762606],[-43.422327,-22.761888],[-43.423164,-22.761515],[-43.425414,-22.760385],[-43.427613,-22.759162],[-43.428773,-22.758431],[-43.435898,-22.753473],[-43.437575,-22.752283],[-43.438899,-22.751386],[-43.441887,-22.749282],[-43.442839,-22.74865],[-43.443197,-22.748369],[-43.444729,-22.747371],[-43.44565,-22.746696],[-43.451475,-22.742669],[-43.452851,-22.741851],[-43.453878,-22.741346],[-43.454722,-22.740991],[-43.455584,-22.740679],[-43.456467,-22.740429],[-43.457812,-22.740135],[-43.459174,-22.739939],[-43.462833,-22.739614],[-43.470616,-22.739021],[-43.488461,-22.737537],[-43.490065,-22.737445],[-43.490982,-22.737498],[-43.492336,-22.737741],[-43.492994,-22.737939],[-43.495735,-22.739103],[-43.498037,-22.740127],[-43.499103,-22.740544],[-43.499515,-22.740743],[-43.50627,-22.743588],[-43.507583,-22.743999],[-43.508033,-22.744084],[-43.508716,-22.744173],[-43.509861,-22.74424],[-43.511008,-22.744188],[-43.511463,-22.74413],[-43.512136,-22.743987],[-43.514128,-22.743444],[-43.530981,-22.738992],[-43.532746,-22.73849],[-43.534973,-22.737941],[-43.540957,-22.736346],[-43.541852,-22.736147],[-43.543219,-22.735978],[-43.550786,-22.735611],[-43.551702,-22.735549],[-43.552832,-22.735356],[-43.553494,-22.735168],[-43.553918,-22.734996],[-43.554739,-22.734591],[-43.555139,-22.734369],[-43.555719,-22.734002],[-43.557323,-22.732719],[-43.558535,-22.731681],[-43.559286,-22.73116],[-43.559674,-22.730918],[-43.56091,-22.730321],[-43.561341,-22.730167],[-43.562684,-22.729865],[-43.563139,-22.729799],[-43.563826,-22.729751],[-43.565203,-22.729769],[-43.57071,-22.729956],[-43.571628,-22.729939],[-43.57345,-22.729712],[-43.576631,-22.729253],[-43.579383,-22.72914],[-43.586498,-22.728943],[-43.587642,-22.729025],[-43.58832,-22.729142],[-43.589437,-22.729405],[-43.594097,-22.730623],[-43.595884,-22.731039],[-43.597243,-22.731262],[-43.598614,-22.731389],[-43.599991,-22.731449],[-43.601138,-22.73146],[-43.602055,-22.731412],[-43.60297,-22.731333],[-43.603882,-22.731222],[-43.604561,-22.731111],[-43.610388,-22.729836],[-43.611071,-22.72975],[-43.61153,-22.729733],[-43.612445,-22.729801],[-43.612897,-22.729882],[-43.613339,-22.730001],[-43.616535,-22.731262],[-43.617193,-22.731463],[-43.617642,-22.731555],[-43.618325,-22.73164],[-43.618783,-22.731665],[-43.619471,-22.731644],[-43.620155,-22.731562],[-43.620606,-22.731481],[-43.625655,-22.729958],[-43.626325,-22.729801],[-43.62836,-22.72945],[-43.636763,-22.728218],[-43.638349,-22.727961],[-43.641305,-22.727556],[-43.647892,-22.7266],[-43.65311,-22.725804],[-43.665369,-22.72398],[-43.666053,-22.723897],[-43.677362,-22.721955],[-43.683235,-22.720903],[-43.708466,-22.717366],[-43.710971,-22.71705],[-43.712557,-22.716798],[-43.713922,-22.716613],[-43.715729,-22.716292],[-43.723015,-22.71536],[-43.725739,-22.714953],[-43.730971,-22.714247],[-43.732332,-22.714039],[-43.732775,-22.71392],[-43.733405,-22.713649],[-43.733802,-22.713422],[-43.734335,-22.712993],[-43.734645,-22.71266],[-43.734915,-22.712295],[-43.735162,-22.711914],[-43.736836,-22.708694],[-43.737305,-22.707917],[-43.737444,-22.707738],[-43.738827,-22.706226],[-43.739159,-22.705913],[-43.739514,-22.705627],[-43.739909,-22.705398],[-43.740325,-22.705208],[-43.744841,-22.703543],[-43.747626,-22.702488],[-43.748232,-22.702165],[-43.748421,-22.702037],[-43.750407,-22.700502],[-43.750799,-22.700268],[-43.751011,-22.700182],[-43.751228,-22.700108],[-43.751675,-22.700011],[-43.752132,-22.699973],[-43.752591,-22.699994],[-43.753046,-22.700054],[-43.756209,-22.700614],[-43.757795,-22.700872],[-43.75848,-22.700941],[-43.758709,-22.700941],[-43.759165,-22.700892],[-43.760052,-22.700657],[-43.762667,-22.699803],[-43.763747,-22.699419],[-43.76437,-22.69913],[-43.76494,-22.69875],[-43.765294,-22.698464],[-43.770766,-22.693635],[-43.77112,-22.693347],[-43.771316,-22.69323],[-43.771514,-22.693117],[-43.771941,-22.69295],[-43.772388,-22.692851],[-43.772845,-22.69281],[-43.773073,-22.692811],[-43.773527,-22.69288],[-43.77419,-22.693062],[-43.778142,-22.694252],[-43.77859,-22.694353],[-43.778816,-22.694383],[-43.779274,-22.694371],[-43.779499,-22.69433],[-43.779931,-22.694181],[-43.785124,-22.691772],[-43.785563,-22.691646],[-43.787594,-22.691271],[-43.788488,-22.691061],[-43.788918,-22.690903],[-43.790362,-22.690209],[-43.791576,-22.68957],[-43.792222,-22.689336],[-43.794448,-22.688782],[-43.794673,-22.688738],[-43.795131,-22.688721],[-43.79536,-22.688729],[-43.796043,-22.688815],[-43.801039,-22.68955],[-43.802185,-22.689605],[-43.802414,-22.689598],[-43.802868,-22.689534],[-43.803541,-22.689387],[-43.809182,-22.687465],[-43.810896,-22.686816],[-43.811924,-22.686312],[-43.812317,-22.686079],[-43.81267,-22.685792],[-43.812821,-22.685623],[-43.812945,-22.685432],[-43.813057,-22.685236],[-43.813144,-22.685027],[-43.813254,-22.684589],[-43.813296,-22.682328],[-43.813362,-22.680973],[-43.813425,-22.680527],[-43.813558,-22.680095],[-43.813768,-22.679694],[-43.816369,-22.676829],[-43.816784,-22.676288],[-43.817166,-22.675724],[-43.817359,-22.675315],[-43.817424,-22.675098],[-43.817977,-22.671752],[-43.818069,-22.671079],[-43.818072,-22.670855],[-43.818052,-22.67063],[-43.817973,-22.670418],[-43.817766,-22.670015],[-43.817277,-22.66925],[-43.817189,-22.669043],[-43.817163,-22.66882],[-43.817198,-22.668597],[-43.817349,-22.668171],[-43.818029,-22.666737],[-43.818142,-22.666541],[-43.818289,-22.666368],[-43.818456,-22.666215],[-43.818641,-22.66608],[-43.818841,-22.665975],[-43.819058,-22.665902],[-43.819969,-22.665791],[-43.82019,-22.665736],[-43.820395,-22.665636],[-43.82056,-22.665484],[-43.820701,-22.665306],[-43.821322,-22.664355],[-43.821722,-22.663803],[-43.821889,-22.66365],[-43.822079,-22.663524],[-43.822287,-22.66343],[-43.822512,-22.6634],[-43.822741,-22.663402],[-43.822967,-22.663438],[-43.823183,-22.663513],[-43.823387,-22.663616],[-43.824039,-22.663827],[-43.824266,-22.663798],[-43.824483,-22.663724],[-43.824667,-22.663593],[-43.824794,-22.663407],[-43.824895,-22.663207],[-43.824924,-22.662983],[-43.824714,-22.662337],[-43.824702,-22.662113],[-43.824755,-22.661895],[-43.824898,-22.661465],[-43.82515,-22.660834],[-43.825295,-22.660665],[-43.825465,-22.660514],[-43.825673,-22.660421],[-43.825902,-22.660399],[-43.82613,-22.660408],[-43.826351,-22.660464],[-43.827206,-22.66079],[-43.827435,-22.660777],[-43.827655,-22.660726],[-43.827853,-22.660616],[-43.828033,-22.660475],[-43.828182,-22.660311],[-43.828272,-22.660103],[-43.8283,-22.659882],[-43.828267,-22.659661],[-43.828171,-22.65946],[-43.827869,-22.659122],[-43.825863,-22.657611],[-43.825279,-22.657251],[-43.82507,-22.657163],[-43.824625,-22.657054],[-43.823049,-22.656745],[-43.821757,-22.656275],[-43.820754,-22.655729],[-43.820201,-22.655324],[-43.8195,-22.65474],[-43.818891,-22.654426],[-43.818507,-22.654179],[-43.818332,-22.654037],[-43.818074,-22.653669],[-43.818036,-22.653446],[-43.818074,-22.652999],[-43.818154,-22.652793],[-43.818279,-22.652603],[-43.818449,-22.652457],[-43.818832,-22.652208],[-43.819037,-22.65211],[-43.819686,-22.651884],[-43.820143,-22.651858],[-43.821047,-22.65202],[-43.821934,-22.652253],[-43.822153,-22.65232],[-43.823794,-22.653132],[-43.824246,-22.653178],[-43.824701,-22.653126],[-43.824926,-22.653084],[-43.825143,-22.653013],[-43.825334,-22.652893],[-43.825498,-22.652737],[-43.826041,-22.652007],[-43.826208,-22.651865],[-43.826421,-22.65178],[-43.826644,-22.65174],[-43.826873,-22.651724],[-43.827098,-22.65176],[-43.827313,-22.651832],[-43.827505,-22.651955],[-43.827852,-22.652251],[-43.828046,-22.652373],[-43.828249,-22.652473],[-43.828696,-22.652575],[-43.829151,-22.652535],[-43.830004,-22.6522],[-43.830449,-22.65209],[-43.830908,-22.652105],[-43.831133,-22.652135],[-43.831347,-22.652216],[-43.831737,-22.652454],[-43.833559,-22.653829],[-43.833762,-22.653926],[-43.833985,-22.65397],[-43.834213,-22.653952],[-43.834435,-22.653896],[-43.834651,-22.653822],[-43.835281,-22.653546],[-43.835504,-22.653525],[-43.835729,-22.653552],[-43.835935,-22.653652],[-43.836118,-22.653787],[-43.836359,-22.654172],[-43.836444,-22.654844],[-43.836507,-22.655056],[-43.837218,-22.656218],[-43.838722,-22.659267],[-43.838744,-22.659492],[-43.838693,-22.659712],[-43.838215,-22.660484],[-43.838163,-22.660704],[-43.83813,-22.660924],[-43.838194,-22.661141],[-43.838285,-22.661346],[-43.839328,-22.662834],[-43.839479,-22.663005],[-43.839646,-22.663157],[-43.839844,-22.663271],[-43.840054,-22.663359],[-43.840493,-22.663491],[-43.840701,-22.663582],[-43.840864,-22.663739],[-43.841,-22.663918],[-43.841091,-22.664126],[-43.841102,-22.664573],[-43.84087,-22.665446],[-43.840874,-22.665671],[-43.841053,-22.666086],[-43.841392,-22.666676],[-43.841547,-22.666842],[-43.841736,-22.666968],[-43.841954,-22.667037],[-43.842179,-22.667069],[-43.842408,-22.667064],[-43.842633,-22.667032],[-43.844175,-22.666583],[-43.845048,-22.666304],[-43.84527,-22.666256],[-43.845729,-22.666251],[-43.846643,-22.666329],[-43.846871,-22.666297],[-43.847089,-22.666234],[-43.847503,-22.666041],[-43.848287,-22.665569],[-43.848728,-22.665451],[-43.848956,-22.665459],[-43.849386,-22.665612],[-43.84991,-22.666052],[-43.852351,-22.668444],[-43.852518,-22.668599],[-43.85271,-22.668722],[-43.853327,-22.669021],[-43.85355,-22.669074],[-43.854671,-22.669319],[-43.855585,-22.669389],[-43.856034,-22.669305],[-43.856462,-22.669145],[-43.857221,-22.668636],[-43.858824,-22.667352],[-43.859017,-22.667231],[-43.859431,-22.667036],[-43.86011,-22.66694],[-43.861028,-22.66694],[-43.861472,-22.666826],[-43.8619,-22.666666],[-43.863035,-22.6659],[-43.863454,-22.665714],[-43.863675,-22.665661],[-43.864129,-22.665599],[-43.864357,-22.665608],[-43.86458,-22.665658],[-43.865233,-22.665874],[-43.86623,-22.666433],[-43.866901,-22.666579],[-43.86736,-22.666562],[-43.868017,-22.666367],[-43.869895,-22.665518],[-43.871409,-22.664985],[-43.872767,-22.664759],[-43.874144,-22.66475],[-43.875519,-22.664819],[-43.877573,-22.665043],[-43.879165,-22.665262],[-43.879851,-22.665318],[-43.880768,-22.665294],[-43.881451,-22.665204],[-43.88212,-22.665044],[-43.883851,-22.66444],[-43.885311,-22.663784],[-43.885838,-22.663346],[-43.885983,-22.663172],[-43.886656,-22.662257],[-43.887673,-22.660751],[-43.889487,-22.658417],[-43.889883,-22.657862],[-43.890338,-22.656824],[-43.891521,-22.653882],[-43.892429,-22.652054],[-43.894747,-22.647635],[-43.897857,-22.641837],[-43.898305,-22.640797],[-43.898568,-22.639697],[-43.89878,-22.639052],[-43.898878,-22.63885],[-43.899286,-22.638306],[-43.899804,-22.637858],[-43.900939,-22.63709],[-43.901517,-22.636388],[-43.902189,-22.635472],[-43.902833,-22.634828],[-43.904309,-22.633751],[-43.905833,-22.632742],[-43.909206,-22.630808],[-43.909396,-22.630682],[-43.910304,-22.62999],[-43.912587,-22.628097],[-43.915125,-22.625804],[-43.916181,-22.624933],[-43.916582,-22.624716],[-43.917015,-22.624568],[-43.919069,-22.624357],[-43.920434,-22.624184],[-43.920872,-22.624048],[-43.921682,-22.623626],[-43.921879,-22.623511],[-43.924411,-22.621561],[-43.925087,-22.620949],[-43.926917,-22.619585],[-43.927786,-22.618846],[-43.928421,-22.618192],[-43.928597,-22.618048],[-43.929154,-22.617651],[-43.930433,-22.617148],[-43.931048,-22.616842],[-43.931233,-22.616711],[-43.931574,-22.61641],[-43.931701,-22.616222],[-43.931885,-22.615809],[-43.931942,-22.615593],[-43.931957,-22.615141],[-43.931931,-22.614919],[-43.931675,-22.614051],[-43.931483,-22.613167],[-43.931464,-22.611585],[-43.931508,-22.610229],[-43.931566,-22.610012],[-43.931707,-22.609582],[-43.931801,-22.609378],[-43.932205,-22.608831],[-43.932538,-22.608519],[-43.932719,-22.608381],[-43.934215,-22.607332],[-43.934377,-22.607175],[-43.934798,-22.606638],[-43.93501,-22.606237],[-43.935143,-22.605806],[-43.935409,-22.603561],[-43.935463,-22.603344],[-43.935649,-22.60293],[-43.935787,-22.602754],[-43.936109,-22.602431],[-43.938145,-22.600961],[-43.940123,-22.599815],[-43.940745,-22.599522],[-43.940957,-22.599438],[-43.941179,-22.599379],[-43.941863,-22.599302],[-43.945752,-22.599621],[-43.947586,-22.599729],[-43.950107,-22.59959],[-43.950782,-22.599453],[-43.950999,-22.599388],[-43.951602,-22.599059],[-43.951786,-22.598926],[-43.952298,-22.598473],[-43.953114,-22.597678],[-43.954052,-22.596685],[-43.954553,-22.595928],[-43.955115,-22.59469],[-43.955925,-22.592575],[-43.957853,-22.586773],[-43.958026,-22.586354],[-43.958139,-22.586157],[-43.958392,-22.585783],[-43.959032,-22.585135],[-43.960588,-22.583796],[-43.961198,-22.583481],[-43.96141,-22.583399],[-43.961853,-22.583279],[-43.96208,-22.58325],[-43.963683,-22.583145],[-43.973082,-22.58262],[-43.973308,-22.582592],[-43.974622,-22.582186],[-43.977441,-22.581218],[-43.97786,-22.581034],[-43.978851,-22.580464],[-43.982748,-22.577668],[-43.983381,-22.577403],[-43.984059,-22.577289],[-43.984288,-22.57729],[-43.984747,-22.577313],[-43.984971,-22.57735],[-43.985406,-22.577496],[-43.985618,-22.57758],[-43.987967,-22.578996],[-43.989242,-22.57951],[-43.998756,-22.582854],[-44.000074,-22.583249],[-44.007395,-22.585171],[-44.01074,-22.585974],[-44.010968,-22.586003],[-44.015088,-22.586316],[-44.015546,-22.586299],[-44.015773,-22.586261],[-44.015994,-22.586204],[-44.016636,-22.585959],[-44.017018,-22.585709],[-44.017362,-22.585409],[-44.02013,-22.582387],[-44.020634,-22.581926],[-44.020994,-22.581646],[-44.021586,-22.5813],[-44.022445,-22.580985],[-44.023121,-22.580855],[-44.023579,-22.580814],[-44.024723,-22.580888],[-44.030136,-22.581902],[-44.034495,-22.58205],[-44.037938,-22.582138],[-44.038849,-22.582247],[-44.052314,-22.585112],[-44.055003,-22.585702],[-44.05842,-22.587029],[-44.060518,-22.587948],[-44.062168,-22.588741],[-44.067853,-22.592154],[-44.068486,-22.592421],[-44.069133,-22.592653],[-44.070036,-22.592813],[-44.071413,-22.59284],[-44.074626,-22.592783],[-44.075313,-22.592735],[-44.075984,-22.592585],[-44.076621,-22.592328],[-44.081893,-22.58957],[-44.084767,-22.588153],[-44.08563,-22.587847],[-44.087658,-22.587456],[-44.089023,-22.587282],[-44.089482,-22.587301],[-44.090613,-22.587493],[-44.102765,-22.589917],[-44.103222,-22.589947],[-44.103679,-22.589911],[-44.103902,-22.589862],[-44.104556,-22.589649],[-44.104957,-22.58943],[-44.105141,-22.589295],[-44.105488,-22.589001],[-44.105792,-22.588662],[-44.106025,-22.588273],[-44.106783,-22.586625],[-44.107162,-22.58606],[-44.107492,-22.585746],[-44.107673,-22.585608],[-44.108797,-22.584823],[-44.109281,-22.584343],[-44.109528,-22.583962],[-44.109627,-22.58376],[-44.109771,-22.58333],[-44.110109,-22.581554],[-44.110299,-22.581143],[-44.110559,-22.580771],[-44.114422,-22.576901],[-44.114928,-22.576149],[-44.115106,-22.575732],[-44.115226,-22.575296],[-44.115269,-22.575075],[-44.11531,-22.574398],[-44.115213,-22.573499],[-44.115116,-22.573058],[-44.115056,-22.572382],[-44.11506,-22.572157],[-44.115089,-22.571933],[-44.115199,-22.571494],[-44.115384,-22.571081],[-44.115504,-22.570888],[-44.115965,-22.570384],[-44.116536,-22.570009],[-44.116742,-22.569912],[-44.117176,-22.569768],[-44.117852,-22.569639],[-44.118989,-22.569486],[-44.119887,-22.569301],[-44.120303,-22.569113],[-44.120677,-22.56885],[-44.120849,-22.568703],[-44.12115,-22.568361],[-44.121376,-22.567967],[-44.122099,-22.565822],[-44.122157,-22.565604],[-44.122276,-22.564935],[-44.122295,-22.564712],[-44.122264,-22.564261],[-44.121895,-22.562259],[-44.121925,-22.561356],[-44.122067,-22.560926],[-44.122284,-22.560528],[-44.122715,-22.559998],[-44.12304,-22.559682],[-44.127641,-22.556695],[-44.128427,-22.556227],[-44.129081,-22.556022],[-44.129305,-22.555981],[-44.129763,-22.555947],[-44.130447,-22.556015],[-44.130884,-22.556153],[-44.1313,-22.556342],[-44.131498,-22.556456],[-44.134295,-22.558435],[-44.135193,-22.559138],[-44.136689,-22.560188],[-44.137462,-22.560676],[-44.137668,-22.560769],[-44.138565,-22.560959],[-44.139252,-22.560916],[-44.140619,-22.560747],[-44.141303,-22.560813],[-44.141528,-22.560855],[-44.142825,-22.561311],[-44.143459,-22.561573],[-44.143902,-22.561694],[-44.145248,-22.561982],[-44.145474,-22.562012],[-44.146163,-22.562028],[-44.146391,-22.562014],[-44.14684,-22.56192],[-44.147457,-22.561621],[-44.149222,-22.560563],[-44.149425,-22.56046],[-44.149862,-22.56032],[-44.150316,-22.560263],[-44.151005,-22.56028],[-44.151915,-22.560401],[-44.154199,-22.560629],[-44.155089,-22.560845],[-44.1555,-22.561046],[-44.157389,-22.562331],[-44.157589,-22.562439],[-44.158016,-22.562604],[-44.158466,-22.562694],[-44.158924,-22.562711],[-44.159604,-22.562611],[-44.160253,-22.562386],[-44.161278,-22.561876],[-44.161907,-22.561601],[-44.162992,-22.561232],[-44.163677,-22.561175],[-44.164135,-22.561209],[-44.165023,-22.561438],[-44.168502,-22.562598],[-44.168945,-22.562717],[-44.169399,-22.562781],[-44.169627,-22.562772],[-44.170082,-22.562711],[-44.170298,-22.56264],[-44.170711,-22.562447],[-44.171075,-22.562172],[-44.171418,-22.561871],[-44.171859,-22.561352],[-44.172093,-22.560963],[-44.17259,-22.559698],[-44.172824,-22.558593],[-44.172957,-22.556563],[-44.173055,-22.555891],[-44.173223,-22.555234],[-44.173435,-22.554833],[-44.173699,-22.554465],[-44.174037,-22.554161],[-44.174222,-22.554029],[-44.174829,-22.553709],[-44.177372,-22.552667],[-44.178038,-22.552495],[-44.178492,-22.552431],[-44.179638,-22.55248],[-44.180326,-22.552453],[-44.180997,-22.552308],[-44.181416,-22.552124],[-44.18161,-22.552005],[-44.181978,-22.551736],[-44.182288,-22.551404],[-44.182525,-22.551017],[-44.182622,-22.550813],[-44.182847,-22.550172],[-44.183515,-22.547309],[-44.183797,-22.54669],[-44.184044,-22.546309],[-44.184185,-22.546132],[-44.184523,-22.545829],[-44.185134,-22.545516],[-44.185345,-22.545429],[-44.186232,-22.545196],[-44.188473,-22.544703],[-44.188686,-22.544624],[-44.189094,-22.544416],[-44.189279,-22.544284],[-44.189623,-22.543985],[-44.190064,-22.543464],[-44.193577,-22.538711],[-44.194767,-22.537048],[-44.195741,-22.535789],[-44.195852,-22.535592],[-44.196076,-22.534953],[-44.19611,-22.534275],[-44.195984,-22.533609],[-44.195241,-22.531712],[-44.19518,-22.531037],[-44.195201,-22.530812],[-44.195309,-22.530374],[-44.195402,-22.530168],[-44.19622,-22.528548],[-44.196704,-22.52778],[-44.196832,-22.527593],[-44.19863,-22.525847],[-44.20047,-22.524144],[-44.201997,-22.522773],[-44.203849,-22.521436],[-44.20419,-22.521134],[-44.204477,-22.520783],[-44.205416,-22.518971],[-44.205773,-22.518391],[-44.206079,-22.518054],[-44.206437,-22.517772],[-44.206623,-22.51764],[-44.207619,-22.517079],[-44.207973,-22.516791],[-44.208263,-22.516441],[-44.208506,-22.516058],[-44.209017,-22.515045],[-44.209558,-22.514317],[-44.209914,-22.514032],[-44.210105,-22.513909],[-44.210515,-22.513704],[-44.210733,-22.513639],[-44.215452,-22.512668],[-44.215674,-22.512612],[-44.21629,-22.512311],[-44.216656,-22.512039],[-44.217096,-22.511517],[-44.217781,-22.510341],[-44.218267,-22.509864],[-44.219864,-22.508971],[-44.220048,-22.508836],[-44.220228,-22.508696],[-44.220539,-22.508363],[-44.220689,-22.508193],[-44.221086,-22.507639],[-44.221729,-22.506995],[-44.222312,-22.506632],[-44.223508,-22.505961],[-44.223698,-22.505834],[-44.224804,-22.505025],[-44.225871,-22.504168],[-44.229944,-22.500185],[-44.230117,-22.500037],[-44.231039,-22.499364],[-44.231831,-22.498906],[-44.23204,-22.498816],[-44.232687,-22.498582],[-44.234914,-22.498035],[-44.235989,-22.497638],[-44.236189,-22.497528],[-44.237379,-22.496845],[-44.240319,-22.494677],[-44.241942,-22.493417],[-44.242734,-22.492599],[-44.242878,-22.492423],[-44.243943,-22.490949],[-44.24459,-22.490016],[-44.245463,-22.488687],[-44.245991,-22.487947],[-44.246136,-22.487774],[-44.246642,-22.487313],[-44.24724,-22.486977],[-44.247448,-22.486884],[-44.247882,-22.486737],[-44.248566,-22.486661],[-44.248794,-22.48664],[-44.252224,-22.486952],[-44.25314,-22.48701],[-44.253596,-22.486964],[-44.254038,-22.486843],[-44.254662,-22.486558],[-44.255204,-22.486142],[-44.25616,-22.485165],[-44.257145,-22.484217],[-44.257891,-22.483691],[-44.260232,-22.48226],[-44.26089,-22.48163],[-44.261397,-22.480878],[-44.262422,-22.478361],[-44.262794,-22.47779],[-44.265351,-22.475873],[-44.265752,-22.475658],[-44.266632,-22.475399],[-44.27488,-22.473398],[-44.275976,-22.47306],[-44.276566,-22.472714],[-44.277923,-22.471496],[-44.284131,-22.465459],[-44.284671,-22.465039],[-44.287198,-22.463477],[-44.28849,-22.462535],[-44.289524,-22.461639],[-44.289979,-22.46113],[-44.29011,-22.460947],[-44.290406,-22.460334],[-44.291042,-22.458398],[-44.291535,-22.457379],[-44.292725,-22.456002],[-44.293987,-22.454687],[-44.294159,-22.454538],[-44.294345,-22.454406],[-44.295129,-22.453935],[-44.295985,-22.453608],[-44.296663,-22.45349],[-44.297351,-22.453463],[-44.297809,-22.453494],[-44.298712,-22.453656],[-44.300483,-22.454136],[-44.301162,-22.454246],[-44.30185,-22.454279],[-44.30252,-22.454131],[-44.30518,-22.452799],[-44.307594,-22.451492],[-44.309845,-22.450363],[-44.310917,-22.449961],[-44.31226,-22.449659],[-44.313401,-22.449536],[-44.315923,-22.449405],[-44.320282,-22.449231],[-44.32097,-22.449233],[-44.32372,-22.449406],[-44.345674,-22.451332],[-44.35551,-22.452165],[-44.357564,-22.452386],[-44.360083,-22.452576],[-44.387067,-22.454949],[-44.40651,-22.456611],[-44.418629,-22.457693],[-44.438755,-22.45944],[-44.439434,-22.459549],[-44.440316,-22.459801],[-44.443991,-22.461094],[-44.445571,-22.461381],[-44.446489,-22.461419],[-44.447176,-22.461382],[-44.456258,-22.460039],[-44.458987,-22.459669],[-44.459905,-22.459663],[-44.468144,-22.460314],[-44.472276,-22.46035],[-44.473188,-22.460454],[-44.473412,-22.460497],[-44.47452,-22.460793],[-44.482653,-22.463211],[-44.494172,-22.4663],[-44.495765,-22.466508],[-44.510392,-22.467881],[-44.511519,-22.468097],[-44.512843,-22.468467],[-44.514531,-22.46918],[-44.520179,-22.471695],[-44.520982,-22.472135],[-44.522128,-22.472887],[-44.528444,-22.477404],[-44.530335,-22.478687],[-44.531546,-22.479332],[-44.531753,-22.47943],[-44.533037,-22.479919],[-44.544307,-22.4838],[-44.545576,-22.484328],[-44.545783,-22.484424],[-44.546966,-22.48512],[-44.550846,-22.487539],[-44.552772,-22.488769],[-44.553389,-22.489068],[-44.553823,-22.489213],[-44.554731,-22.489351],[-44.55771,-22.489534],[-44.559081,-22.489655],[-44.559533,-22.489736],[-44.560186,-22.489948],[-44.560608,-22.490126],[-44.562109,-22.491168],[-44.563941,-22.492531],[-44.56413,-22.492658],[-44.564743,-22.492966],[-44.566238,-22.493547],[-44.568177,-22.494251],[-44.569261,-22.494621],[-44.570954,-22.495324],[-44.577374,-22.497781],[-44.578424,-22.498236],[-44.578819,-22.498465],[-44.580398,-22.499778],[-44.581118,-22.500339],[-44.581303,-22.500471],[-44.581924,-22.500763],[-44.58236,-22.500907],[-44.583266,-22.501049],[-44.588292,-22.501534],[-44.588972,-22.501644],[-44.589192,-22.501705],[-44.589624,-22.501858],[-44.590027,-22.502076],[-44.59223,-22.503704],[-44.592826,-22.504042],[-44.593892,-22.504459],[-44.59502,-22.504668],[-44.596167,-22.5047],[-44.624175,-22.504312],[-44.624863,-22.504272],[-44.625542,-22.504165],[-44.626207,-22.503989],[-44.635647,-22.500446],[-44.637134,-22.499847],[-44.638183,-22.499386],[-44.645415,-22.495937],[-44.646435,-22.495419],[-44.64702,-22.495061],[-44.649971,-22.492907],[-44.650558,-22.492553],[-44.650771,-22.492469],[-44.651436,-22.492296],[-44.652123,-22.49224],[-44.654417,-22.492174],[-44.654646,-22.492177],[-44.655097,-22.492256],[-44.655516,-22.49244],[-44.655711,-22.492558],[-44.656053,-22.49286],[-44.656635,-22.493557],[-44.656944,-22.493892],[-44.657114,-22.494043],[-44.657485,-22.494309],[-44.657891,-22.49452],[-44.659158,-22.49505],[-44.659554,-22.495278],[-44.659916,-22.495554],[-44.660237,-22.495876],[-44.662521,-22.49871],[-44.66285,-22.499023],[-44.66322,-22.499291],[-44.663419,-22.499402],[-44.66907,-22.501911],[-44.673485,-22.503819],[-44.679357,-22.506395],[-44.681476,-22.507267],[-44.687044,-22.509385],[-44.687909,-22.509688],[-44.689878,-22.510308],[-44.695382,-22.511909],[-44.696687,-22.512345],[-44.69733,-22.512587],[-44.698161,-22.512973],[-44.699181,-22.51349],[-44.709145,-22.519104],[-44.709562,-22.519294],[-44.710209,-22.519523],[-44.71065,-22.519651],[-44.712434,-22.520078],[-44.71374,-22.520512],[-44.714789,-22.52097],[-44.715997,-22.52162],[-44.718791,-22.523186],[-44.719204,-22.523384],[-44.719629,-22.523554],[-44.720512,-22.5238],[-44.721194,-22.523893],[-44.721652,-22.523919],[-44.722111,-22.52391],[-44.723706,-22.523709],[-44.724392,-22.523651],[-44.725309,-22.523633],[-44.725768,-22.52366],[-44.732619,-22.524356],[-44.733749,-22.524552],[-44.734412,-22.524735],[-44.735058,-22.524971],[-44.73713,-22.525944],[-44.74207,-22.528347],[-44.744355,-22.529405],[-44.74479,-22.529549],[-44.745686,-22.529746],[-44.749085,-22.530296],[-44.74976,-22.530432],[-44.751314,-22.530832],[-44.752411,-22.531165],[-44.759787,-22.533681],[-44.760197,-22.533883],[-44.760779,-22.534245],[-44.762606,-22.535614],[-44.763001,-22.535843],[-44.763426,-22.536012],[-44.763873,-22.536115],[-44.76433,-22.536149],[-44.767772,-22.536033],[-44.769378,-22.536082],[-44.769836,-22.536122],[-44.770745,-22.536252],[-44.771869,-22.536477],[-44.773413,-22.536916],[-44.774906,-22.537502],[-44.775112,-22.537601],[-44.776332,-22.538229],[-44.777498,-22.538951],[-44.778764,-22.539926],[-44.779599,-22.540702],[-44.780681,-22.541872],[-44.781501,-22.542662],[-44.78187,-22.542931],[-44.782457,-22.543286],[-44.782866,-22.54349],[-44.783513,-22.543723],[-44.784175,-22.543908],[-44.786185,-22.54438],[-44.786869,-22.54445],[-44.787558,-22.544444],[-44.788013,-22.544382],[-44.788685,-22.544239],[-44.791947,-22.54315],[-44.795633,-22.541887],[-44.795851,-22.541817],[-44.796743,-22.541604],[-44.797429,-22.54154],[-44.797888,-22.54154],[-44.798797,-22.541662],[-44.799464,-22.54183],[-44.79968,-22.541905],[-44.800315,-22.542168],[-44.800922,-22.542489],[-44.801476,-22.542891],[-44.801983,-22.54335],[-44.802275,-22.543698],[-44.80268,-22.544246],[-44.803529,-22.54585],[-44.80392,-22.546408],[-44.804394,-22.546899],[-44.805109,-22.547465],[-44.815874,-22.553522],[-44.81705,-22.554229],[-44.820671,-22.557008],[-44.82106,-22.557248],[-44.821903,-22.557604],[-44.827528,-22.559571],[-44.828809,-22.560071],[-44.829253,-22.560185],[-44.829708,-22.560239],[-44.830167,-22.560228],[-44.830624,-22.560182],[-44.831296,-22.56004],[-44.83212,-22.559644],[-44.832489,-22.559375],[-44.833382,-22.558664],[-44.834177,-22.558213],[-44.83461,-22.558065],[-44.835278,-22.557902],[-44.835505,-22.557871],[-44.836193,-22.557863],[-44.836423,-22.557878],[-44.837098,-22.558008],[-44.837321,-22.558062],[-44.840338,-22.559153],[-44.840788,-22.559238],[-44.841474,-22.559297],[-44.842159,-22.559223],[-44.842823,-22.559044],[-44.845633,-22.558055],[-44.846974,-22.557743],[-44.849904,-22.557187],[-44.850124,-22.557124],[-44.850759,-22.556861],[-44.851195,-22.556722],[-44.851645,-22.556635],[-44.852102,-22.556592],[-44.852561,-22.556608],[-44.853014,-22.556675],[-44.853463,-22.55677],[-44.854105,-22.557015],[-44.857503,-22.558905],[-44.859128,-22.559747],[-44.862132,-22.561406],[-44.863545,-22.562159],[-44.864318,-22.562648],[-44.864814,-22.563119],[-44.865226,-22.563661],[-44.865436,-22.564063],[-44.865592,-22.564488],[-44.865714,-22.564923],[-44.865782,-22.56537],[-44.865768,-22.566047],[-44.865569,-22.56693],[-44.865088,-22.568675],[-44.864949,-22.569569],[-44.864913,-22.570925],[-44.864919,-22.571603],[-44.86501,-22.572275],[-44.865124,-22.572712],[-44.865405,-22.573329],[-44.865805,-22.573881],[-44.866116,-22.574213],[-44.866462,-22.57451],[-44.866841,-22.574764],[-44.867463,-22.575053],[-44.868343,-22.575311],[-44.874126,-22.576767],[-44.874999,-22.577049],[-44.875214,-22.577127],[-44.876018,-22.577559],[-44.876366,-22.577855],[-44.876679,-22.578185],[-44.876825,-22.57836],[-44.877077,-22.578737],[-44.877381,-22.579345],[-44.877456,-22.579557],[-44.877607,-22.580219],[-44.877758,-22.582701],[-44.877821,-22.583377],[-44.877952,-22.58381],[-44.878046,-22.584014],[-44.87818,-22.584198],[-44.878325,-22.584373],[-44.878491,-22.584527],[-44.878878,-22.584768],[-44.879308,-22.584926],[-44.880431,-22.585163],[-44.88087,-22.585293],[-44.881283,-22.585488],[-44.881665,-22.585737],[-44.885788,-22.589987],[-44.886059,-22.590352],[-44.886171,-22.590549],[-44.886323,-22.590976],[-44.886422,-22.591417],[-44.88642,-22.593224],[-44.886481,-22.593672],[-44.888006,-22.59865],[-44.888173,-22.599071],[-44.888604,-22.599869],[-44.88891,-22.600205],[-44.889575,-22.600829],[-44.89465,-22.605415],[-44.895851,-22.606466],[-44.89648,-22.607124],[-44.896944,-22.607903],[-44.898434,-22.611456],[-44.899163,-22.613116],[-44.899277,-22.613311],[-44.899569,-22.613659],[-44.899918,-22.613953],[-44.901913,-22.615477],[-44.902669,-22.615991],[-44.904504,-22.617349],[-44.906254,-22.618431],[-44.90783,-22.61936],[-44.908384,-22.619762],[-44.908702,-22.620088],[-44.908843,-22.620265],[-44.90896,-22.620459],[-44.909139,-22.620875],[-44.90965,-22.622612],[-44.909795,-22.623041],[-44.9099,-22.623242],[-44.910032,-22.623427],[-44.910179,-22.623599],[-44.910352,-22.623747],[-44.910734,-22.623995],[-44.910944,-22.624087],[-44.911391,-22.624186],[-44.914824,-22.624451],[-44.915483,-22.624647],[-44.916324,-22.62501],[-44.923582,-22.628405],[-44.92418,-22.628741],[-44.924744,-22.629131],[-44.925612,-22.62987],[-44.926607,-22.630808],[-44.927125,-22.631255],[-44.927486,-22.631534],[-44.927866,-22.631788],[-44.928064,-22.631901],[-44.934649,-22.635111],[-44.935227,-22.635478],[-44.935751,-22.635916],[-44.936223,-22.63641],[-44.93649,-22.636778],[-44.937336,-22.638123],[-44.937723,-22.638684],[-44.937867,-22.638859],[-44.938373,-22.639317],[-44.938772,-22.639541],[-44.939194,-22.639719],[-44.939631,-22.639856],[-44.939857,-22.639897],[-44.943955,-22.64042],[-44.944406,-22.640504],[-44.945494,-22.64086],[-44.945914,-22.641044],[-44.94651,-22.641383],[-44.947069,-22.641779],[-44.947242,-22.641927],[-44.949973,-22.644672],[-44.951786,-22.646404],[-44.952357,-22.646781],[-44.953184,-22.647174],[-44.954448,-22.647712],[-44.955061,-22.648023],[-44.95565,-22.648374],[-44.956195,-22.648788],[-44.956838,-22.649434],[-44.957124,-22.649787],[-44.957376,-22.650164],[-44.957768,-22.650981],[-44.958228,-22.652497],[-44.958312,-22.652707],[-44.958622,-22.653312],[-44.958877,-22.653688],[-44.959167,-22.654038],[-44.959491,-22.654358],[-44.962061,-22.656616],[-44.962596,-22.657043],[-44.962985,-22.657282],[-44.964202,-22.657917],[-44.965054,-22.658255],[-44.976644,-22.661073],[-44.979553,-22.661734],[-44.980204,-22.661955],[-44.980624,-22.662137],[-44.980822,-22.662248],[-44.981576,-22.662765],[-44.985424,-22.665626],[-44.986721,-22.666561],[-44.986901,-22.666701],[-44.98809,-22.667766],[-44.989477,-22.668951],[-44.990013,-22.669377],[-44.990207,-22.669497],[-44.990602,-22.669727],[-44.991245,-22.669968],[-44.99351,-22.670338],[-44.993955,-22.670449],[-44.994593,-22.670702],[-44.994986,-22.670935],[-44.995162,-22.671081],[-44.995474,-22.671411],[-44.996504,-22.672909],[-44.996954,-22.673421],[-44.997279,-22.67374],[-45.01158,-22.683976],[-45.027201,-22.695113],[-45.030567,-22.697475],[-45.036132,-22.701472],[-45.040064,-22.70422],[-45.052122,-22.712878],[-45.054191,-22.714304],[-45.05713,-22.716475],[-45.060497,-22.718835],[-45.063634,-22.721121],[-45.066256,-22.722952],[-45.069961,-22.725623],[-45.074068,-22.728519],[-45.101175,-22.747937],[-45.10343,-22.749497],[-45.108046,-22.752856],[-45.11956,-22.761098],[-45.125716,-22.765447],[-45.13104,-22.769385],[-45.133126,-22.770788],[-45.134044,-22.771466],[-45.134984,-22.772115],[-45.150179,-22.783061],[-45.157198,-22.788164],[-45.159076,-22.789464],[-45.161834,-22.791495],[-45.163331,-22.792544],[-45.164252,-22.793218],[-45.164953,-22.793802],[-45.165276,-22.794123],[-45.165722,-22.79464],[-45.166124,-22.79519],[-45.172006,-22.804633],[-45.173093,-22.806091],[-45.173808,-22.806976],[-45.174481,-22.807891],[-45.178918,-22.813658],[-45.181939,-22.817644],[-45.182081,-22.817822],[-45.182716,-22.818475],[-45.182889,-22.818622],[-45.183072,-22.818759],[-45.183473,-22.818979],[-45.184096,-22.819266],[-45.186076,-22.819849],[-45.186943,-22.820147],[-45.187584,-22.820395],[-45.187788,-22.820496],[-45.191171,-22.822831],[-45.191598,-22.822994],[-45.192044,-22.823099],[-45.192501,-22.823141],[-45.192959,-22.823109],[-45.193412,-22.823035],[-45.193853,-22.822914],[-45.194905,-22.822461],[-45.197453,-22.821429],[-45.197889,-22.82129],[-45.198113,-22.821241],[-45.198797,-22.821176],[-45.199479,-22.821263],[-45.199918,-22.821393],[-45.201194,-22.821904],[-45.201599,-22.822117],[-45.201786,-22.822248],[-45.201962,-22.822392],[-45.202282,-22.822717],[-45.202538,-22.82309],[-45.20375,-22.825272],[-45.203992,-22.825657],[-45.204276,-22.826011],[-45.204788,-22.826463],[-45.204973,-22.826595],[-45.205374,-22.826814],[-45.209543,-22.828711],[-45.213103,-22.830287],[-45.213507,-22.8305],[-45.214072,-22.830888],[-45.219653,-22.835238],[-45.22231,-22.837394],[-45.222781,-22.837889],[-45.223308,-22.838629],[-45.223711,-22.839441],[-45.224082,-22.840747],[-45.224394,-22.842529],[-45.224623,-22.843167],[-45.224728,-22.843368],[-45.224985,-22.843743],[-45.226782,-22.84609],[-45.227014,-22.846479],[-45.227107,-22.846685],[-45.227237,-22.847118],[-45.227296,-22.847566],[-45.227303,-22.847792],[-45.227116,-22.849363],[-45.227105,-22.849589],[-45.227159,-22.850036],[-45.227225,-22.850252],[-45.2275,-22.850873],[-45.229146,-22.853852],[-45.229405,-22.854225],[-45.230772,-22.85575],[-45.232405,-22.857647],[-45.233356,-22.858628],[-45.238243,-22.864031],[-45.238738,-22.864501],[-45.239282,-22.864917],[-45.241605,-22.866375],[-45.242145,-22.866796],[-45.242774,-22.867453],[-45.243561,-22.868567],[-45.244515,-22.86984],[-45.244666,-22.87001],[-45.24498,-22.870339],[-45.245153,-22.870489],[-45.245684,-22.87092],[-45.246063,-22.871175],[-45.246458,-22.871405],[-45.247078,-22.8717],[-45.247507,-22.871861],[-45.248164,-22.872062],[-45.255271,-22.873897],[-45.256621,-22.874168],[-45.257982,-22.874375],[-45.265714,-22.875436],[-45.267984,-22.87577],[-45.268436,-22.875852],[-45.269765,-22.87621],[-45.270411,-22.876442],[-45.271045,-22.876709],[-45.272253,-22.87736],[-45.272638,-22.877606],[-45.273372,-22.878149],[-45.27495,-22.879463],[-45.277971,-22.881896],[-45.282025,-22.885229],[-45.285561,-22.887744],[-45.292313,-22.892439],[-45.292886,-22.892814],[-45.299665,-22.897472],[-45.300214,-22.897881],[-45.302306,-22.899275],[-45.303604,-22.900208],[-45.307948,-22.903164],[-45.308339,-22.903401],[-45.308685,-22.903695],[-45.309864,-22.904397],[-45.311659,-22.905404],[-45.314125,-22.906614],[-45.318008,-22.908573],[-45.319019,-22.909108],[-45.329859,-22.914552],[-45.331891,-22.915604],[-45.338241,-22.91877],[-45.339454,-22.919413],[-45.341307,-22.920314],[-45.344771,-22.922085],[-45.345394,-22.922374],[-45.347005,-22.923242],[-45.352326,-22.925907],[-45.355818,-22.927625],[-45.358681,-22.929063],[-45.359514,-22.929443],[-45.360372,-22.929764],[-45.361001,-22.93004],[-45.361604,-22.930369],[-45.362567,-22.930983],[-45.363358,-22.931443],[-45.367063,-22.933246],[-45.376238,-22.937923],[-45.379513,-22.939562],[-45.380754,-22.940151],[-45.386877,-22.943258],[-45.388325,-22.943945],[-45.390557,-22.945108],[-45.399347,-22.949534],[-45.40018,-22.949916],[-45.402207,-22.950977],[-45.422871,-22.961339],[-45.427157,-22.963514],[-45.448429,-22.974195],[-45.451282,-22.975655],[-45.459896,-22.979922],[-45.464584,-22.982316],[-45.467262,-22.983612],[-45.470726,-22.985384],[-45.476672,-22.988334],[-45.479322,-22.989688],[-45.481386,-22.990678],[-45.485451,-22.992781],[-45.499164,-22.999645],[-45.500606,-23.000342],[-45.508382,-23.00424],[-45.511638,-23.005914],[-45.513903,-23.007015],[-45.515946,-23.008046],[-45.51695,-23.008595],[-45.518324,-23.009414],[-45.519476,-23.010159],[-45.521172,-23.011321],[-45.53321,-23.020007],[-45.534495,-23.020958],[-45.535817,-23.021858],[-45.539143,-23.024273],[-45.540823,-23.025457],[-45.54397,-23.027732],[-45.545097,-23.028512],[-45.546378,-23.029468],[-45.548431,-23.030917],[-45.548975,-23.031331],[-45.552134,-23.03359],[-45.554564,-23.035296],[-45.557284,-23.036982],[-45.558492,-23.037635],[-45.560147,-23.038417],[-45.561643,-23.038995],[-45.562509,-23.039298],[-45.56539,-23.040062],[-45.571393,-23.041587],[-45.572935,-23.042032],[-45.592273,-23.046962],[-45.595781,-23.048034],[-45.599453,-23.049336],[-45.600519,-23.049755],[-45.603886,-23.051202],[-45.605959,-23.052174],[-45.609864,-23.054089],[-45.622152,-23.06022],[-45.623808,-23.061003],[-45.627886,-23.063082],[-45.638343,-23.06827],[-45.649809,-23.073999],[-45.652197,-23.075352],[-45.653743,-23.076328],[-45.65675,-23.078407],[-45.657861,-23.079208],[-45.669761,-23.087305],[-45.670121,-23.087586],[-45.674813,-23.090842],[-45.675768,-23.091468],[-45.676512,-23.091998],[-45.68275,-23.096233],[-45.685934,-23.098458],[-45.688962,-23.100506],[-45.691947,-23.102614],[-45.695165,-23.104788],[-45.698744,-23.107244],[-45.699671,-23.107911],[-45.702929,-23.110028],[-45.703522,-23.110373],[-45.704287,-23.110873],[-45.705683,-23.111656],[-45.707315,-23.112486],[-45.708149,-23.112865],[-45.709556,-23.113628],[-45.712408,-23.115089],[-45.71507,-23.116418],[-45.715459,-23.116657],[-45.721581,-23.119766],[-45.722817,-23.120364],[-45.728744,-23.123352],[-45.736269,-23.127233],[-45.736684,-23.127427],[-45.741169,-23.129714],[-45.746085,-23.132167],[-45.751591,-23.134971],[-45.758351,-23.138341],[-45.775711,-23.147119],[-45.777565,-23.148018],[-45.801249,-23.160014],[-45.803516,-23.16111],[-45.80595,-23.162382],[-45.809438,-23.164106],[-45.811883,-23.165356],[-45.840533,-23.179707],[-45.841157,-23.179993],[-45.841966,-23.180422],[-45.847497,-23.183179],[-45.849123,-23.184021],[-45.851587,-23.185233],[-45.853242,-23.186017],[-45.855076,-23.186955],[-45.857767,-23.188227],[-45.864515,-23.191618],[-45.866121,-23.192496],[-45.866542,-23.192675],[-45.872702,-23.195708],[-45.873897,-23.196382],[-45.875448,-23.197352],[-45.876769,-23.198254],[-45.877673,-23.19895],[-45.878378,-23.199529],[-45.88389,-23.204648],[-45.889678,-23.210137],[-45.891898,-23.212102],[-45.894895,-23.214904],[-45.90376,-23.223113],[-45.90557,-23.224847],[-45.913731,-23.232473],[-45.916103,-23.234609],[-45.918064,-23.236515],[-45.920595,-23.238814],[-45.925086,-23.243022],[-45.925776,-23.243619],[-45.927789,-23.24512],[-45.929693,-23.246384],[-45.945651,-23.25664],[-45.947967,-23.258109],[-45.948535,-23.258493],[-45.949123,-23.258847],[-45.953346,-23.261575],[-45.955301,-23.262761],[-45.956054,-23.263279],[-45.960699,-23.266197],[-45.961813,-23.266995],[-45.976984,-23.276784],[-45.977958,-23.277382],[-45.979111,-23.278124],[-45.980283,-23.278837],[-45.987199,-23.283295],[-45.999324,-23.291061],[-46.005311,-23.294852],[-46.006487,-23.295558],[-46.0069,-23.295756],[-46.007295,-23.295985],[-46.008417,-23.296773],[-46.009135,-23.297335],[-46.010475,-23.298208],[-46.011277,-23.298649],[-46.012102,-23.299047],[-46.012731,-23.299323],[-46.013371,-23.299573],[-46.014025,-23.299786],[-46.015577,-23.300199],[-46.016701,-23.300428],[-46.017156,-23.300482],[-46.02145,-23.301243],[-46.023475,-23.301646],[-46.025482,-23.302129],[-46.027239,-23.302658],[-46.037513,-23.305907],[-46.03903,-23.30643],[-46.040349,-23.306821],[-46.041689,-23.307133],[-46.042593,-23.307296],[-46.043501,-23.307428],[-46.045335,-23.307531],[-46.046253,-23.30751],[-46.051304,-23.30759],[-46.051992,-23.307582],[-46.05291,-23.307611],[-46.05428,-23.30775],[-46.054958,-23.30787],[-46.055629,-23.308024],[-46.056949,-23.30841],[-46.057593,-23.308651],[-46.059064,-23.309286],[-46.059869,-23.309723],[-46.060459,-23.310072],[-46.063845,-23.312405],[-46.064431,-23.312761],[-46.065859,-23.313486],[-46.066486,-23.313767],[-46.067127,-23.314016],[-46.068433,-23.314447],[-46.069543,-23.314733],[-46.070446,-23.314901],[-46.071581,-23.315069],[-46.077276,-23.315774],[-46.079081,-23.316109],[-46.080411,-23.31646],[-46.081063,-23.316679],[-46.082548,-23.317282],[-46.087607,-23.319433],[-46.089121,-23.319964],[-46.089996,-23.32024],[-46.092211,-23.320832],[-46.093334,-23.321067],[-46.094693,-23.321291],[-46.096744,-23.321541],[-46.097661,-23.321587],[-46.107073,-23.321751],[-46.113042,-23.321819],[-46.113959,-23.321858],[-46.114873,-23.321947],[-46.116231,-23.322172],[-46.117573,-23.32248],[-46.118665,-23.322827],[-46.120142,-23.323451],[-46.125632,-23.326284],[-46.129719,-23.328346],[-46.131742,-23.329415],[-46.142741,-23.335049],[-46.148258,-23.337833],[-46.14994,-23.33856],[-46.150955,-23.339087],[-46.151916,-23.339703],[-46.15272,-23.34014],[-46.161691,-23.344715],[-46.163804,-23.345599],[-46.16484,-23.346086],[-46.165656,-23.3465],[-46.167261,-23.34738],[-46.168092,-23.347764],[-46.168938,-23.348116],[-46.175014,-23.350183],[-46.180014,-23.351857],[-46.180673,-23.352054],[-46.18112,-23.352157],[-46.182023,-23.352317],[-46.182938,-23.352392],[-46.183397,-23.3524],[-46.184315,-23.352363],[-46.188175,-23.351802],[-46.189318,-23.351699],[-46.190236,-23.351671],[-46.194139,-23.35175],[-46.196664,-23.351761],[-46.19827,-23.351828],[-46.198941,-23.35197],[-46.200033,-23.352314],[-46.200449,-23.352506],[-46.201258,-23.352935],[-46.201449,-23.353058],[-46.203789,-23.354882],[-46.205459,-23.356081],[-46.205651,-23.356204],[-46.206661,-23.356741],[-46.207516,-23.357071],[-46.207954,-23.357205],[-46.208625,-23.357358],[-46.21292,-23.358111],[-46.21404,-23.358358],[-46.214704,-23.358537],[-46.215359,-23.358747],[-46.216424,-23.359169],[-46.217052,-23.359448],[-46.218058,-23.359991],[-46.222631,-23.363019],[-46.224029,-23.363797],[-46.224649,-23.364095],[-46.233458,-23.367955],[-46.234738,-23.368457],[-46.235354,-23.368759],[-46.235792,-23.368892],[-46.236471,-23.369006],[-46.238983,-23.369256],[-46.239661,-23.369374],[-46.2401,-23.369508],[-46.240529,-23.369669],[-46.241145,-23.369971],[-46.241536,-23.370208],[-46.242083,-23.370618],[-46.242918,-23.371394],[-46.245848,-23.374875],[-46.246177,-23.37519],[-46.246709,-23.375621],[-46.247289,-23.375985],[-46.248133,-23.376341],[-46.249004,-23.376624],[-46.253523,-23.377425],[-46.254185,-23.377612],[-46.254818,-23.377879],[-46.255226,-23.378087],[-46.255815,-23.378437],[-46.261925,-23.382455],[-46.262922,-23.383015],[-46.264362,-23.383718],[-46.265837,-23.384347],[-46.283446,-23.392093],[-46.284717,-23.392615],[-46.285761,-23.393085],[-46.288383,-23.394489],[-46.29273,-23.397022],[-46.293779,-23.397477],[-46.29422,-23.397602],[-46.295339,-23.397858],[-46.295564,-23.397898],[-46.296709,-23.397978],[-46.297392,-23.39806],[-46.29828,-23.398288],[-46.301455,-23.399601],[-46.302544,-23.399958],[-46.303882,-23.400282],[-46.305692,-23.400588],[-46.314042,-23.402127],[-46.315405,-23.402319],[-46.317691,-23.402538],[-46.319295,-23.402634],[-46.327557,-23.402849],[-46.328699,-23.402967],[-46.329598,-23.403148],[-46.330482,-23.403392],[-46.331348,-23.403692],[-46.332201,-23.404026],[-46.332821,-23.404322],[-46.33343,-23.40464],[-46.334017,-23.404993],[-46.335735,-23.406124],[-46.337039,-23.407049],[-46.337823,-23.40752],[-46.338627,-23.407958],[-46.339871,-23.40854],[-46.340293,-23.408717],[-46.342259,-23.409341],[-46.344054,-23.409723],[-46.355996,-23.412026],[-46.357133,-23.412179],[-46.359872,-23.412476],[-46.360999,-23.412688],[-46.362091,-23.413035],[-46.364612,-23.414123],[-46.366367,-23.414655],[-46.385607,-23.419941],[-46.387593,-23.420505],[-46.389815,-23.421073],[-46.39135,-23.42154],[-46.395783,-23.422721],[-46.399054,-23.423781],[-46.40099,-23.424491],[-46.404624,-23.425895],[-46.409481,-23.427936],[-46.410317,-23.42831],[-46.415802,-23.43063],[-46.416631,-23.431018],[-46.420867,-23.432763],[-46.423815,-23.434025],[-46.424883,-23.43444],[-46.426576,-23.43514],[-46.429092,-23.436245],[-46.433528,-23.438107],[-46.436289,-23.439223],[-46.45276,-23.446147],[-46.453592,-23.446527],[-46.455696,-23.447434],[-46.458459,-23.448544],[-46.460993,-23.44961],[-46.461829,-23.449984],[-46.470503,-23.453584],[-46.474282,-23.455232],[-46.48295,-23.458847],[-46.485499,-23.459876],[-46.488065,-23.460866],[-46.497114,-23.464146],[-46.497529,-23.464338],[-46.505291,-23.467136],[-46.507023,-23.467737],[-46.515123,-23.470258],[-46.516642,-23.470776],[-46.51791,-23.471304],[-46.519346,-23.472015],[-46.520353,-23.472557],[-46.522115,-23.47362],[-46.52809,-23.477429],[-46.528645,-23.477831],[-46.545611,-23.488634],[-46.549071,-23.49086],[-46.550016,-23.491501],[-46.554829,-23.494979],[-46.567219,-23.503569],[-46.568111,-23.504281],[-46.568957,-23.505045],[-46.569928,-23.506007],[-46.572757,-23.508974],[-46.572944,-23.5091],[-46.573278,-23.50941],[-46.574076,-23.510223],[-46.574283,-23.510299],[-46.584625,-23.521205],[-46.585823,-23.522576],[-46.589383,-23.527009],[-46.589714,-23.52732],[-46.589907,-23.527443],[-46.590316,-23.527647],[-46.590537,-23.527705],[-46.590762,-23.52775],[-46.591218,-23.527796],[-46.591905,-23.527785],[-46.594128,-23.527219],[-46.596318,-23.526542],[-46.597175,-23.526218],[-46.597743,-23.525836],[-46.599513,-23.524396],[-46.601339,-23.523027],[-46.601531,-23.522902],[-46.60214,-23.522587],[-46.602557,-23.522396],[-46.6032,-23.522156],[-46.603872,-23.522005],[-46.604326,-23.521943],[-46.605014,-23.521904],[-46.605931,-23.521927],[-46.606387,-23.52198],[-46.608413,-23.522377],[-46.609098,-23.522441],[-46.609328,-23.522441],[-46.609784,-23.522394],[-46.610455,-23.522245],[-46.611325,-23.521956],[-46.611533,-23.521864],[-46.612327,-23.521409],[-46.613274,-23.520771],[-46.614176,-23.520071],[-46.615514,-23.519195],[-46.616524,-23.518659],[-46.617167,-23.518417],[-46.617831,-23.518237],[-46.618057,-23.518195],[-46.618737,-23.51809],[-46.619424,-23.518051],[-46.619883,-23.518062],[-46.620569,-23.518119],[-46.621249,-23.518229],[-46.622599,-23.518497],[-46.622828,-23.518483],[-46.623271,-23.518372],[-46.623475,-23.518271],[-46.623642,-23.518121],[-46.623724,-23.517913],[-46.623633,-23.515429],[-46.623652,-23.515204],[-46.623842,-23.514794],[-46.623758,-23.514601],[-46.623632,-23.514452],[-46.623972,-23.514148],[-46.624137,-23.51377],[-46.624659,-23.513329],[-46.62486,-23.513228],[-46.625067,-23.513292],[-46.625214,-23.513442],[-46.625277,-23.516607],[-46.625491,-23.517227],[-46.625549,-23.517675],[-46.62564,-23.517881],[-46.625782,-23.518058],[-46.625964,-23.518193],[-46.626184,-23.518253],[-46.626639,-23.5183],[-46.627328,-23.518308],[-46.627779,-23.518387],[-46.628693,-23.518313],[-46.629603,-23.518193],[-46.63029,-23.51814],[-46.630519,-23.51815],[-46.630744,-23.518192],[-46.631177,-23.51834],[-46.631405,-23.518365],[-46.631634,-23.518357],[-46.63461,-23.518134],[-46.637126,-23.517912],[-46.638258,-23.51773],[-46.64032,-23.517589],[-46.641925,-23.517542],[-46.643294,-23.517388],[-46.64511,-23.517119],[-46.648539,-23.516805],[-46.649902,-23.516605],[-46.650351,-23.516516],[-46.651488,-23.516361],[-46.653772,-23.516144],[-46.654454,-23.516049],[-46.654912,-23.516028],[-46.656952,-23.515707],[-46.659451,-23.515347],[-46.663327,-23.514896],[-46.665617,-23.514726],[-46.666758,-23.514607],[-46.667664,-23.514459],[-46.668107,-23.514344],[-46.669919,-23.514045],[-46.671056,-23.513888],[-46.673564,-23.513598],[-46.675156,-23.513381],[-46.677197,-23.513065],[-46.677643,-23.512957],[-46.678079,-23.512816],[-46.678505,-23.512648],[-46.678914,-23.512443],[-46.679298,-23.512195],[-46.680931,-23.510949],[-46.681069,-23.510773],[-46.68178,-23.5102],[-46.682107,-23.509889],[-46.682937,-23.509504],[-46.683802,-23.509202],[-46.68447,-23.509035],[-46.686958,-23.508614],[-46.687874,-23.50858],[-46.688786,-23.508483],[-46.689681,-23.508278],[-46.690586,-23.50813],[-46.690815,-23.508117],[-46.691699,-23.507871],[-46.693265,-23.507513],[-46.694171,-23.507367],[-46.695313,-23.507257],[-46.696459,-23.507201],[-46.697377,-23.507222],[-46.698749,-23.507348],[-46.700315,-23.507701],[-46.700542,-23.507732],[-46.703059,-23.507943],[-46.706028,-23.508242],[-46.706945,-23.508248],[-46.709236,-23.508102],[-46.711293,-23.5079],[-46.711522,-23.507909],[-46.712668,-23.507841],[-46.713127,-23.507837],[-46.716333,-23.507619],[-46.717479,-23.50761],[-46.718161,-23.5077],[-46.71883,-23.50786],[-46.719476,-23.508094],[-46.720085,-23.508411],[-46.720651,-23.508796],[-46.721165,-23.509247],[-46.721607,-23.509767],[-46.72291,-23.511627],[-46.723216,-23.511964],[-46.723385,-23.512117],[-46.7241,-23.512684],[-46.725644,-23.513662],[-46.727432,-23.514683],[-46.731935,-23.516937],[-46.732367,-23.517089],[-46.733037,-23.517242],[-46.733492,-23.5173],[-46.733951,-23.517318],[-46.734639,-23.517307],[-46.742209,-23.517006],[-46.743125,-23.517076],[-46.743803,-23.517193],[-46.74447,-23.517362],[-46.74532,-23.517704],[-46.745523,-23.517809],[-46.745908,-23.518055],[-46.746429,-23.518498],[-46.746755,-23.518817],[-46.747326,-23.519524],[-46.747562,-23.519911],[-46.747773,-23.520313],[-46.748489,-23.521978],[-46.748694,-23.522382],[-46.74908,-23.522943],[-46.749545,-23.523442],[-46.749723,-23.523586],[-46.750302,-23.523953],[-46.750703,-23.524173],[-46.751122,-23.524356],[-46.752003,-23.524609],[-46.752454,-23.524694],[-46.752911,-23.524735],[-46.753599,-23.524724],[-46.754513,-23.524631],[-46.754733,-23.524568],[-46.756471,-23.523984],[-46.763903,-23.521631],[-46.766533,-23.520823],[-46.767648,-23.520554],[-46.768327,-23.520445],[-46.769013,-23.52039],[-46.769932,-23.520391],[-46.772456,-23.520451],[-46.774744,-23.520265],[-46.776578,-23.520161],[-46.77908,-23.519824],[-46.782244,-23.519269],[-46.783144,-23.519087],[-46.783813,-23.518925],[-46.78447,-23.518723],[-46.785336,-23.518422],[-46.791934,-23.515792],[-46.793605,-23.515043],[-46.795807,-23.513826],[-46.797246,-23.513121],[-46.799156,-23.512344],[-46.800235,-23.511959],[-46.801323,-23.511599],[-46.802863,-23.511145],[-46.804412,-23.510724],[-46.807151,-23.510459],[-46.808291,-23.510327],[-46.813069,-23.509688],[-46.815804,-23.509365],[-46.825356,-23.50806],[-46.828073,-23.507611],[-46.831935,-23.507055],[-46.832836,-23.506883],[-46.836035,-23.506574],[-46.837639,-23.506469],[-46.838781,-23.506358],[-46.846336,-23.505787],[-46.847018,-23.505694],[-46.847916,-23.505504],[-46.848372,-23.505458],[-46.850892,-23.505289],[-46.851578,-23.505308],[-46.853408,-23.505154],[-46.854555,-23.50512],[-46.855011,-23.505168],[-46.855239,-23.505166],[-46.861871,-23.504582],[-46.863019,-23.504581],[-46.880235,-23.504937],[-46.881842,-23.504951],[-46.883677,-23.505016],[-46.885967,-23.505179],[-46.891675,-23.505779],[-46.897835,-23.506459],[-46.899193,-23.506689],[-46.900088,-23.50689],[-46.900754,-23.507065],[-46.912648,-23.510509],[-46.914624,-23.511106],[-46.915487,-23.511415],[-46.916336,-23.51176],[-46.922631,-23.514512],[-46.924321,-23.515221],[-46.925395,-23.515618],[-46.926485,-23.515975],[-46.927587,-23.516289],[-46.928925,-23.516614],[-46.93005,-23.516838],[-46.931638,-23.517085],[-46.935747,-23.517514],[-46.937347,-23.517662],[-46.938265,-23.517687],[-46.93987,-23.517623],[-46.940788,-23.517639],[-46.941016,-23.517665],[-46.941465,-23.517757],[-46.943003,-23.518216],[-46.943675,-23.518367],[-46.949591,-23.519145],[-46.950966,-23.519218],[-46.951884,-23.519196],[-46.953028,-23.519101],[-46.954385,-23.518869],[-46.955495,-23.51858],[-46.956584,-23.518224],[-46.96231,-23.515885],[-46.963345,-23.515398],[-46.964556,-23.514751],[-46.975445,-23.508018],[-46.976567,-23.507232],[-46.977643,-23.506385],[-46.978158,-23.505935],[-46.979463,-23.504662],[-46.980216,-23.503809],[-46.980921,-23.502917],[-46.981697,-23.501796],[-46.982055,-23.501217],[-46.982709,-23.500023],[-46.984704,-23.49595],[-46.985437,-23.494542],[-46.985905,-23.493764],[-46.986539,-23.492821],[-46.987084,-23.492094],[-46.996453,-23.480079],[-46.997034,-23.479379],[-46.997353,-23.479054],[-46.998207,-23.478298],[-46.998568,-23.47802],[-47.001954,-23.475686],[-47.004759,-23.473719],[-47.006342,-23.472802],[-47.006751,-23.472597],[-47.008005,-23.472036],[-47.008862,-23.47171],[-47.010391,-23.471223],[-47.020344,-23.468492],[-47.021651,-23.468064],[-47.02334,-23.467354],[-47.028387,-23.464663],[-47.029408,-23.464147],[-47.030246,-23.463776],[-47.03111,-23.463471],[-47.032207,-23.463138],[-47.033326,-23.462887],[-47.034461,-23.462714],[-47.036289,-23.462546],[-47.037199,-23.462426],[-47.038096,-23.462232],[-47.038969,-23.461954],[-47.039819,-23.461611],[-47.049843,-23.457101],[-47.051078,-23.456501],[-47.051857,-23.456022],[-47.05241,-23.455617],[-47.05293,-23.455173],[-47.05326,-23.454858],[-47.053875,-23.454187],[-47.06128,-23.444395],[-47.064187,-23.440608],[-47.064787,-23.439923],[-47.065282,-23.439451],[-47.065463,-23.439313],[-47.06603,-23.438928],[-47.066616,-23.438572],[-47.067024,-23.438364],[-47.067657,-23.438096],[-47.068091,-23.437951],[-47.068756,-23.437775],[-47.074361,-23.436556],[-47.075948,-23.436307],[-47.076862,-23.436221],[-47.078468,-23.43616],[-47.093391,-23.436155],[-47.094307,-23.436213],[-47.095673,-23.436391],[-47.09702,-23.436674],[-47.104311,-23.438703],[-47.105201,-23.438928],[-47.106102,-23.4391],[-47.107239,-23.439255],[-47.108155,-23.439322],[-47.109073,-23.439339],[-47.110678,-23.439265],[-47.111813,-23.439097],[-47.113384,-23.438763],[-47.113825,-23.438636],[-47.114912,-23.438273],[-47.117868,-23.437032],[-47.118696,-23.436641],[-47.119483,-23.436174],[-47.128442,-23.430252],[-47.129034,-23.429905],[-47.129441,-23.429695],[-47.130072,-23.429422],[-47.130503,-23.429267],[-47.131829,-23.428901],[-47.132735,-23.428755],[-47.133421,-23.428698],[-47.134339,-23.42869],[-47.136633,-23.428788],[-47.137551,-23.428785],[-47.138465,-23.428697],[-47.139146,-23.428595],[-47.140035,-23.428373],[-47.140902,-23.428074],[-47.141738,-23.427701],[-47.147538,-23.424481],[-47.148759,-23.423854],[-47.149614,-23.423524],[-47.150271,-23.423323],[-47.150941,-23.423164],[-47.152077,-23.423004],[-47.156427,-23.42268],[-47.165342,-23.421852],[-47.21595,-23.418251],[-47.216869,-23.418243],[-47.218015,-23.418297],[-47.2187,-23.418368],[-47.219382,-23.418464],[-47.220282,-23.418642],[-47.236291,-23.4227],[-47.237414,-23.422932],[-47.237868,-23.423004],[-47.239008,-23.423128],[-47.239925,-23.42318],[-47.240614,-23.42318],[-47.241531,-23.423134],[-47.242216,-23.423065],[-47.243123,-23.422923],[-47.244022,-23.422736],[-47.244909,-23.422504],[-47.245565,-23.422298],[-47.246634,-23.421885],[-47.247669,-23.421396],[-47.248862,-23.420719],[-47.255868,-23.4164],[-47.257239,-23.415575],[-47.257852,-23.415265],[-47.258483,-23.414993],[-47.259133,-23.414769],[-47.259796,-23.414587],[-47.26047,-23.414446],[-47.261608,-23.4143],[-47.262526,-23.41428],[-47.266194,-23.414484],[-47.267341,-23.414509],[-47.268028,-23.41446],[-47.268711,-23.414374],[-47.269831,-23.414127],[-47.270921,-23.413773],[-47.271754,-23.413394],[-47.276312,-23.410768],[-47.277125,-23.410348],[-47.278608,-23.409738],[-47.27948,-23.409455],[-47.280143,-23.409273],[-47.281041,-23.409084],[-47.291675,-23.407276],[-47.295306,-23.406724],[-47.328256,-23.402043],[-47.329615,-23.401821],[-47.331867,-23.401384],[-47.335217,-23.400597],[-47.337205,-23.400043],[-47.341385,-23.398812],[-47.344221,-23.397896],[-47.347673,-23.396659],[-47.365435,-23.38986],[-47.367597,-23.3891],[-47.370232,-23.388309],[-47.398912,-23.380171],[-47.40025,-23.379845],[-47.402947,-23.379291],[-47.452469,-23.370721],[-47.454495,-23.370321],[-47.456722,-23.369772],[-47.460914,-23.368582],[-47.476538,-23.364004],[-47.493279,-23.359156],[-47.501417,-23.35676],[-47.504009,-23.355839],[-47.505496,-23.355238],[-47.506546,-23.354781],[-47.573824,-23.323],[-47.577148,-23.321461],[-47.578432,-23.320969],[-47.579083,-23.320749],[-47.579966,-23.320498],[-47.581081,-23.320231],[-47.581984,-23.320067],[-47.583121,-23.31991],[-47.584036,-23.31983],[-47.63449,-23.317476],[-47.635405,-23.317399],[-47.636759,-23.317154],[-47.637641,-23.3169],[-47.638287,-23.316667],[-47.639125,-23.316296],[-47.63993,-23.315862],[-47.641654,-23.31474],[-47.643546,-23.313459],[-47.646244,-23.311739],[-47.657133,-23.304591],[-47.658318,-23.303898],[-47.659123,-23.303464],[-47.660359,-23.302864],[-47.660986,-23.302584],[-47.662692,-23.301915],[-47.663775,-23.301539],[-47.664433,-23.30134],[-47.688784,-23.294742],[-47.689453,-23.294582],[-47.69058,-23.294366],[-47.691944,-23.294176],[-47.69263,-23.294117],[-47.694006,-23.294062],[-47.694924,-23.294076],[-47.696756,-23.294204],[-47.699723,-23.29453],[-47.7084,-23.295427],[-47.709546,-23.29548],[-47.710694,-23.29548],[-47.71184,-23.29541],[-47.722554,-23.294146],[-47.725506,-23.29371],[-47.727315,-23.293397],[-47.744023,-23.290363],[-47.745607,-23.290094],[-47.749892,-23.289292],[-47.766378,-23.286313],[-47.770447,-23.285603],[-47.774054,-23.284917],[-47.777894,-23.284231],[-47.779708,-23.283943],[-47.781759,-23.283696],[-47.782902,-23.283595],[-47.784276,-23.283506],[-47.785882,-23.283446],[-47.800572,-23.28308],[-47.803784,-23.282964],[-47.804698,-23.282877],[-47.805836,-23.28273],[-47.807192,-23.282488],[-47.807865,-23.282345],[-47.808752,-23.282111],[-47.809631,-23.28185],[-47.810498,-23.281552],[-47.823299,-23.276539],[-47.824355,-23.276096],[-47.825991,-23.275275],[-47.827173,-23.274579],[-47.828319,-23.273826],[-47.829773,-23.272721],[-47.833009,-23.27019],[-47.834826,-23.268807],[-47.838609,-23.265864],[-47.839753,-23.265109],[-47.840544,-23.264649],[-47.841351,-23.264217],[-47.842812,-23.26356],[-47.850738,-23.260548],[-47.851834,-23.260211],[-47.853385,-23.259797],[-47.854283,-23.259611],[-47.855415,-23.259423],[-47.856555,-23.259289],[-47.874874,-23.257974],[-47.885868,-23.257214],[-47.916095,-23.255058],[-47.928462,-23.254197],[-47.945407,-23.252972],[-47.966934,-23.251459],[-47.971512,-23.251116],[-48.015482,-23.248013],[-48.042502,-23.246073],[-48.045481,-23.245881],[-48.048004,-23.245775],[-48.049381,-23.24574],[-48.050988,-23.24573],[-48.082672,-23.245949],[-48.083819,-23.24593],[-48.084278,-23.245901],[-48.085641,-23.245712],[-48.087015,-23.245607],[-48.088155,-23.245476],[-48.089954,-23.245113],[-48.122861,-23.23773],[-48.124432,-23.237397],[-48.142114,-23.233417],[-48.145924,-23.232581],[-48.146826,-23.232413],[-48.14887,-23.232113],[-48.160931,-23.230526],[-48.161837,-23.230374],[-48.163633,-23.229996],[-48.165401,-23.229506],[-48.168227,-23.228561],[-48.17061,-23.227737],[-48.172576,-23.22711],[-48.179516,-23.224735],[-48.180159,-23.224493],[-48.181628,-23.223851],[-48.183053,-23.223119],[-48.190963,-23.218524],[-48.19193,-23.217916],[-48.196267,-23.215365],[-48.197217,-23.214731],[-48.19796,-23.214199],[-48.198678,-23.213636],[-48.199202,-23.213196],[-48.20037,-23.212109],[-48.205939,-23.206404],[-48.206767,-23.205622],[-48.208317,-23.204275],[-48.210475,-23.202589],[-48.212545,-23.201165],[-48.213313,-23.200668],[-48.215085,-23.199623],[-48.216488,-23.198851],[-48.218551,-23.197858],[-48.220655,-23.196954],[-48.22194,-23.196464],[-48.223451,-23.195927],[-48.226093,-23.195157],[-48.227206,-23.194879],[-48.229449,-23.194398],[-48.230805,-23.194157],[-48.233307,-23.193818],[-48.234449,-23.19371],[-48.240402,-23.193273],[-48.24155,-23.193271],[-48.242692,-23.193382],[-48.243593,-23.193559],[-48.244474,-23.193813],[-48.244907,-23.193962],[-48.245539,-23.194232],[-48.246153,-23.19454],[-48.247123,-23.195143],[-48.251749,-23.198489],[-48.252502,-23.199007],[-48.253501,-23.199563],[-48.254126,-23.199847],[-48.25499,-23.200153],[-48.256108,-23.200407],[-48.25679,-23.200503],[-48.257706,-23.200559],[-48.258395,-23.200537],[-48.259308,-23.200443],[-48.259985,-23.200319],[-48.260871,-23.200083],[-48.264489,-23.198642],[-48.307295,-23.181067],[-48.308759,-23.180414],[-48.312086,-23.17888],[-48.315376,-23.177271],[-48.334079,-23.167603],[-48.336529,-23.166362],[-48.338192,-23.165595],[-48.339671,-23.164976],[-48.340738,-23.164559],[-48.3429,-23.163798],[-48.344653,-23.163257],[-48.346649,-23.16273],[-48.348666,-23.162289],[-48.36785,-23.158762],[-48.370099,-23.158308],[-48.372104,-23.157814],[-48.37343,-23.157447],[-48.374524,-23.157105],[-48.376474,-23.156432],[-48.39484,-23.149292],[-48.398054,-23.148076],[-48.400008,-23.147411],[-48.402409,-23.146641],[-48.404608,-23.145991],[-48.406821,-23.14539],[-48.408823,-23.144887],[-48.412408,-23.144094],[-48.457324,-23.134697],[-48.458212,-23.134466],[-48.459965,-23.133928],[-48.461043,-23.133539],[-48.462106,-23.133111],[-48.463359,-23.132549],[-48.464784,-23.131817],[-48.481796,-23.122401],[-48.490215,-23.117771],[-48.492004,-23.116751],[-48.493747,-23.115659],[-48.495798,-23.114208],[-48.497046,-23.113211],[-48.498411,-23.112001],[-48.499406,-23.111062],[-48.500515,-23.109917],[-48.504305,-23.105672],[-48.505499,-23.104298],[-48.505775,-23.103937],[-48.506023,-23.103557],[-48.506451,-23.102757],[-48.506609,-23.102332],[-48.506741,-23.101899],[-48.506935,-23.101016],[-48.506989,-23.100113],[-48.506918,-23.099212],[-48.50677,-23.09855],[-48.506566,-23.097902],[-48.505503,-23.095156],[-48.50529,-23.094511],[-48.505226,-23.094294],[-48.505139,-23.093851],[-48.505059,-23.093177],[-48.505051,-23.092499],[-48.505113,-23.091824],[-48.505297,-23.090939],[-48.505678,-23.089873],[-48.506,-23.089274],[-48.506379,-23.088708],[-48.506952,-23.088002],[-48.507613,-23.087374],[-48.507789,-23.087229],[-48.510029,-23.085649],[-48.510603,-23.085275],[-48.512481,-23.083974],[-48.513667,-23.083285],[-48.515753,-23.081882],[-48.516306,-23.081479],[-48.517014,-23.080902],[-48.517753,-23.080366],[-48.52247,-23.077146],[-48.523829,-23.076301],[-48.52525,-23.075561],[-48.526712,-23.074905],[-48.528213,-23.07434],[-48.564255,-23.062851],[-48.569239,-23.061134],[-48.573536,-23.059538],[-48.575246,-23.058878],[-48.577158,-23.058107],[-48.581386,-23.056342],[-48.628816,-23.036185],[-48.631365,-23.035154],[-48.636489,-23.03316],[-48.641222,-23.031421],[-48.644033,-23.030433],[-48.649895,-23.028448],[-48.711878,-23.007797],[-48.718373,-23.005538],[-48.724834,-23.003187],[-48.730834,-23.000916],[-48.733821,-22.999746],[-48.739136,-22.997613],[-48.742949,-22.996042],[-48.7478,-22.993989],[-48.754301,-22.991135],[-48.759095,-22.988955],[-48.762416,-22.987408],[-48.767786,-22.98484],[-48.771893,-22.982818],[-48.776389,-22.980551],[-48.781265,-22.978024],[-48.785306,-22.975877],[-48.790927,-22.972804],[-48.797503,-22.969098],[-48.818899,-22.956757],[-48.819899,-22.956201],[-48.82051,-22.95589],[-48.821348,-22.95552],[-48.82199,-22.955274],[-48.823084,-22.954932],[-48.823753,-22.954769],[-48.824654,-22.954597],[-48.826021,-22.954432],[-48.826709,-22.954398],[-48.827627,-22.954397],[-48.82923,-22.954511],[-48.853416,-22.95717],[-48.85502,-22.957275],[-48.856627,-22.957285],[-48.85846,-22.957171],[-48.859372,-22.957067],[-48.860733,-22.956857],[-48.862079,-22.956568],[-48.862967,-22.956339],[-48.864065,-22.956007],[-48.904604,-22.942083],[-48.905911,-22.941655],[-48.90679,-22.941392],[-48.9079,-22.941107],[-48.908797,-22.940909],[-48.910377,-22.940623],[-48.911743,-22.940449],[-48.913115,-22.940326],[-48.914491,-22.94027],[-48.916328,-22.940272],[-48.946629,-22.940836],[-48.948466,-22.94083],[-48.950302,-22.940771],[-48.952822,-22.940604],[-48.953964,-22.940495],[-48.95556,-22.940305],[-48.957829,-22.939964],[-49.017697,-22.929281],[-49.019722,-22.928877],[-49.022409,-22.928275],[-49.027311,-22.927075],[-49.033985,-22.925399],[-49.03822,-22.92437],[-49.090755,-22.911306],[-49.092302,-22.910875],[-49.093608,-22.910443],[-49.095731,-22.909584],[-49.096769,-22.909102],[-49.097787,-22.908578],[-49.099561,-22.907536],[-49.100889,-22.906644],[-49.142448,-22.876811],[-49.142951,-22.876349],[-49.143722,-22.875512],[-49.144055,-22.875201],[-49.144419,-22.874926],[-49.145002,-22.874567],[-49.146451,-22.873882],[-49.146843,-22.873646],[-49.15594,-22.867128],[-49.157832,-22.865848],[-49.159094,-22.864868],[-49.178388,-22.851015],[-49.179346,-22.850392],[-49.180131,-22.849923],[-49.180938,-22.849492],[-49.182377,-22.848787],[-49.184513,-22.847958],[-49.187541,-22.846898],[-49.195135,-22.844308],[-49.283346,-22.813942],[-49.285736,-22.81314],[-49.287938,-22.812501],[-49.290172,-22.811979],[-49.292654,-22.811518],[-49.294019,-22.811336],[-49.295845,-22.811146],[-49.341872,-22.80785],[-49.342556,-22.80777],[-49.343236,-22.80766],[-49.344134,-22.80747],[-49.344799,-22.807294],[-49.345885,-22.80693],[-49.346522,-22.806671],[-49.347145,-22.806382],[-49.347953,-22.805953],[-49.349117,-22.805228],[-49.349671,-22.804825],[-49.350553,-22.804102],[-49.373419,-22.783496],[-49.374821,-22.782328],[-49.376627,-22.780931],[-49.378511,-22.77964],[-49.379279,-22.779143],[-49.381436,-22.77785],[-49.448949,-22.738366],[-49.451969,-22.736736],[-49.45463,-22.735405],[-49.45857,-22.733561],[-49.461693,-22.732132],[-49.462504,-22.731709],[-49.462692,-22.731578],[-49.462849,-22.731415],[-49.462933,-22.731207],[-49.462916,-22.730985],[-49.4628,-22.730793],[-49.462626,-22.73065],[-49.462411,-22.730574],[-49.461955,-22.730531],[-49.461735,-22.730585],[-49.46155,-22.730715],[-49.461432,-22.730905],[-49.461414,-22.731129],[-49.461451,-22.731343],[-49.476576,-22.747131],[-49.477773,-22.748186],[-49.478429,-22.748819],[-49.479045,-22.749489],[-49.47959,-22.750217],[-49.480189,-22.750902],[-49.489161,-22.760285],[-49.491537,-22.76274],[-49.536595,-22.809777],[-49.585006,-22.860226],[-49.585811,-22.861031],[-49.586335,-22.861471],[-49.586706,-22.861737],[-49.587097,-22.861974],[-49.587711,-22.862282],[-49.588352,-22.862529],[-49.589018,-22.862703],[-49.609751,-22.866676],[-49.611338,-22.866925],[-49.668183,-22.872917],[-49.669321,-22.873064],[-49.670226,-22.873215],[-49.671351,-22.87344],[-49.672465,-22.873714],[-49.67422,-22.874249],[-49.675297,-22.874638],[-49.720239,-22.892448],[-49.721314,-22.892844],[-49.722846,-22.893322],[-49.723703,-22.893646],[-49.725771,-22.89463],[-49.73024,-22.89641],[-49.73238,-22.89723],[-49.737057,-22.899108],[-49.749838,-22.904169],[-49.751122,-22.904662],[-49.752204,-22.905039],[-49.753516,-22.905453],[-49.75551,-22.905987],[-49.756854,-22.906284],[-49.78745,-22.912423],[-49.789231,-22.912865],[-49.790555,-22.91324],[-49.792516,-22.913882],[-49.794014,-22.914454],[-49.802498,-22.917917],[-49.805031,-22.918984],[-49.808861,-22.920514],[-49.809915,-22.920961],[-49.820524,-22.925279],[-49.821815,-22.925753],[-49.822906,-22.926104],[-49.824233,-22.92647],[-49.825124,-22.926687],[-49.8267,-22.926997],[-49.852092,-22.930998],[-49.853681,-22.93123],[-49.855279,-22.9314],[-49.856883,-22.931501],[-49.858031,-22.93153],[-49.860326,-22.931495],[-49.886432,-22.929643],[-49.888252,-22.929404],[-49.890536,-22.92917],[-49.89121,-22.929034],[-49.891648,-22.928896],[-49.89186,-22.928812],[-49.892683,-22.92841],[-49.894238,-22.927447],[-49.968412,-22.87725],[-49.969338,-22.876583],[-49.970209,-22.875846],[-49.970875,-22.875224],[-49.971643,-22.874383],[-49.972216,-22.873677],[-49.973383,-22.871998],[-49.976163,-22.867845],[-49.98495,-22.854864],[-49.985369,-22.854326],[-49.985673,-22.853987],[-49.986327,-22.853353],[-49.987047,-22.852791],[-49.987815,-22.852295],[-49.988421,-22.851974],[-49.989261,-22.85161],[-49.989912,-22.851386],[-49.991023,-22.851105],[-49.998215,-22.849627],[-50.004051,-22.848393],[-50.004937,-22.848154],[-50.005803,-22.847852],[-50.006641,-22.847483],[-50.007447,-22.84705],[-50.007836,-22.84681],[-50.008399,-22.84642],[-50.009128,-22.845869],[-50.026347,-22.831607],[-50.028139,-22.830194],[-50.030161,-22.828703],[-50.033376,-22.826524],[-50.03629,-22.824717],[-50.037875,-22.823803],[-50.040089,-22.822605],[-50.142463,-22.770958],[-50.144082,-22.770105],[-50.147166,-22.768596],[-50.22867,-22.72741],[-50.231112,-22.726154],[-50.283818,-22.699531],[-50.328726,-22.676762],[-50.329553,-22.676367],[-50.331379,-22.675415],[-50.381163,-22.650118],[-50.384418,-22.648442],[-50.385245,-22.648048],[-50.394834,-22.643174],[-50.399515,-22.640768],[-50.403202,-22.638929],[-50.403833,-22.638658],[-50.404501,-22.638497],[-50.404957,-22.638444],[-50.429242,-22.636881],[-50.437492,-22.636389],[-50.457883,-22.635081],[-50.483317,-22.633498],[-50.485149,-22.633363],[-50.487441,-22.633242],[-50.494315,-22.632809],[-50.495688,-22.632702],[-50.49844,-22.632556],[-50.518833,-22.631289],[-50.520897,-22.631202],[-50.559385,-22.628694],[-50.560988,-22.628573],[-50.567633,-22.62816],[-50.570151,-22.627969],[-50.571526,-22.627891],[-50.596951,-22.626169],[-50.601535,-22.625906],[-50.605206,-22.62577],[-50.60819,-22.625712],[-50.612093,-22.625711],[-50.614619,-22.625742],[-50.636885,-22.626178],[-50.663284,-22.626629],[-50.664662,-22.626639],[-50.66558,-22.626612],[-50.666266,-22.626555],[-50.66763,-22.626364],[-50.668528,-22.626177],[-50.670516,-22.625621],[-50.688989,-22.620167],[-50.689861,-22.619882],[-50.690287,-22.619715],[-50.691754,-22.619067],[-50.692559,-22.618633],[-50.704047,-22.612],[-50.710966,-22.607977],[-50.724236,-22.600314],[-50.728778,-22.597661],[-50.729775,-22.597101],[-50.988043,-22.447082],[-50.993174,-22.444078],[-50.994173,-22.443523],[-51.004061,-22.437779],[-51.005634,-22.436845],[-51.006603,-22.436238],[-51.007722,-22.435448],[-51.008305,-22.435087],[-51.009521,-22.43445],[-51.010361,-22.434085],[-51.011363,-22.433533],[-51.041023,-22.416298],[-51.042598,-22.415367],[-51.043406,-22.414939],[-51.044779,-22.414115],[-51.068109,-22.400553],[-51.068693,-22.400193],[-51.076203,-22.39582],[-51.076804,-22.39549],[-51.095583,-22.384564],[-51.096165,-22.384202],[-51.100118,-22.3819],[-51.100918,-22.381457],[-51.122841,-22.368661],[-51.125224,-22.367299],[-51.138649,-22.35945],[-51.152491,-22.351408],[-51.179934,-22.335366],[-51.183702,-22.333201],[-51.219435,-22.31231],[-51.220668,-22.311705],[-51.221303,-22.311443],[-51.222377,-22.311045],[-51.22348,-22.310732],[-51.225053,-22.310404],[-51.238467,-22.308546],[-51.246656,-22.307442],[-51.247108,-22.307363],[-51.247997,-22.307136],[-51.248649,-22.30692],[-51.249486,-22.306548],[-51.250089,-22.306221],[-51.250661,-22.305842],[-51.251395,-22.3053],[-51.253165,-22.303859],[-51.255556,-22.302101],[-51.268193,-22.292322],[-51.269086,-22.291612],[-51.334654,-22.240949],[-51.335354,-22.240364],[-51.335994,-22.239716],[-51.33643,-22.239191],[-51.336951,-22.238446],[-51.337185,-22.238058],[-51.337685,-22.23704],[-51.352989,-22.203409],[-51.35382,-22.201546],[-51.353985,-22.201124],[-51.354102,-22.200457],[-51.354224,-22.197068],[-51.35429,-22.196393],[-51.354477,-22.195508],[-51.355237,-22.192433],[-51.355369,-22.192],[-51.355561,-22.191589],[-51.355823,-22.191219],[-51.356124,-22.190878],[-51.358315,-22.188882],[-51.36464,-22.182963],[-51.366006,-22.181755],[-51.372985,-22.175202],[-51.37333,-22.174903],[-51.373879,-22.174495],[-51.374271,-22.174261],[-51.374478,-22.174162],[-51.378717,-22.172427],[-51.379132,-22.172232],[-51.379528,-22.172004],[-51.379901,-22.171741],[-51.380249,-22.171446],[-51.381854,-22.169829],[-51.382456,-22.169147],[-51.38281,-22.168566],[-51.382991,-22.16815],[-51.383058,-22.167935],[-51.383193,-22.167271],[-51.383222,-22.166819],[-51.38321,-22.166594],[-51.383152,-22.166145],[-51.38296,-22.165495],[-51.38162,-22.162371],[-51.381483,-22.161939],[-51.381395,-22.161496],[-51.381361,-22.161045],[-51.381369,-22.160593],[-51.38144,-22.160147],[-51.381564,-22.159712],[-51.381845,-22.159094],[-51.382223,-22.158528],[-51.387114,-22.152249],[-51.38756,-22.151733],[-51.38853,-22.15077],[-51.389411,-22.150045],[-51.390158,-22.149518],[-51.390936,-22.14904],[-51.391949,-22.148506],[-51.393008,-22.148071],[-51.395799,-22.147029],[-51.397292,-22.146445],[-51.398158,-22.146143],[-51.402236,-22.144617],[-51.402655,-22.144432],[-51.403264,-22.144117],[-51.404848,-22.143202],[-51.413635,-22.137431],[-51.425265,-22.129747],[-51.427567,-22.128256],[-51.438803,-22.120806],[-51.448533,-22.11439],[-51.450455,-22.113154],[-51.459612,-22.107115],[-51.463212,-22.104689],[-51.466288,-22.102711],[-51.474485,-22.097293],[-51.476788,-22.095803],[-51.477905,-22.09501],[-51.484569,-22.090587],[-51.487449,-22.088728],[-51.54237,-22.052466],[-51.543345,-22.05187],[-51.597379,-22.02195],[-51.599808,-22.02067],[-51.600606,-22.020222],[-51.602176,-22.019284],[-51.649599,-21.993009],[-51.650785,-21.992318],[-51.651953,-21.9916],[-51.657756,-21.988384],[-51.659188,-21.987666],[-51.665202,-21.984359],[-51.704609,-21.962497],[-51.712801,-21.957931],[-51.714211,-21.957172],[-51.733207,-21.946616],[-51.73522,-21.945529],[-51.738003,-21.943945],[-51.763397,-21.929834],[-51.765966,-21.928337],[-51.767173,-21.927684],[-51.767996,-21.927282],[-51.805599,-21.906412],[-51.806644,-21.905946],[-51.807938,-21.90548],[-51.831767,-21.897241],[-51.841069,-21.893982],[-51.843679,-21.893115],[-51.870331,-21.883919],[-51.872701,-21.88306],[-51.882682,-21.879659],[-51.885077,-21.878871],[-51.887667,-21.877946],[-51.899154,-21.873992],[-51.925403,-21.865034],[-51.926495,-21.864685],[-51.926938,-21.864567],[-51.928062,-21.864338],[-51.92897,-21.864199],[-51.991972,-21.855648],[-52.009263,-21.85334],[-52.010618,-21.853096],[-52.011962,-21.852798],[-52.013284,-21.852419],[-52.014792,-21.851872],[-52.015634,-21.851511],[-52.016464,-21.851123],[-52.019113,-21.849769],[-52.020324,-21.849122],[-52.020904,-21.848757],[-52.022283,-21.847944],[-52.02269,-21.847735],[-52.024374,-21.847014],[-52.026842,-21.845808],[-52.087927,-21.814467],[-52.131519,-21.792146],[-52.133746,-21.790972],[-52.139449,-21.788051],[-52.142521,-21.786518],[-52.144348,-21.785568],[-52.14515,-21.785126],[-52.146127,-21.784533],[-52.146506,-21.784278],[-52.147053,-21.783866],[-52.149842,-21.781511],[-52.150207,-21.781238],[-52.150967,-21.780729],[-52.15325,-21.778836],[-52.153447,-21.778727],[-52.154295,-21.777969],[-52.18051,-21.755974],[-52.181224,-21.755406],[-52.181776,-21.755],[-52.182552,-21.754517],[-52.183355,-21.754079],[-52.184184,-21.753689],[-52.234835,-21.731199],[-52.235868,-21.730705],[-52.236679,-21.730282],[-52.2429,-21.726875],[-52.243521,-21.726583],[-52.244372,-21.726244],[-52.245022,-21.726018],[-52.245682,-21.725826],[-52.246577,-21.725623],[-52.24748,-21.725461],[-52.24862,-21.725331],[-52.255967,-21.725318],[-52.25619,-21.725265],[-52.25687,-21.725157],[-52.257557,-21.725123],[-52.259159,-21.725249],[-52.259618,-21.725241],[-52.260991,-21.725139],[-52.261451,-21.725131],[-52.261909,-21.725158],[-52.26282,-21.725265],[-52.263279,-21.72528],[-52.271545,-21.7253],[-52.272003,-21.725277],[-52.272916,-21.725184],[-52.273605,-21.725164],[-52.273834,-21.725168],[-52.275198,-21.72535],[-52.279331,-21.725381],[-52.308251,-21.726078],[-52.31353,-21.726181],[-52.318809,-21.726331],[-52.34773,-21.727011],[-52.360124,-21.727326],[-52.36242,-21.727329],[-52.363336,-21.727269],[-52.364932,-21.727087],[-52.392485,-21.723589],[-52.40455,-21.722029],[-52.407058,-21.721735],[-52.41161,-21.721138],[-52.412497,-21.720909],[-52.413177,-21.720797],[-52.41591,-21.720459],[-52.417514,-21.720371],[-52.420927,-21.719912],[-52.422283,-21.71968],[-52.422741,-21.719646],[-52.423659,-21.71962],[-52.424348,-21.71962],[-52.425265,-21.719657],[-52.42595,-21.719734],[-52.429322,-21.720421],[-52.43087,-21.720845],[-52.4313,-21.721003],[-52.43354,-21.72215],[-52.434114,-21.722522],[-52.443039,-21.727646],[-52.446627,-21.729667],[-52.45754,-21.735924],[-52.459707,-21.7372],[-52.463074,-21.739144],[-52.463854,-21.739622],[-52.464608,-21.740138],[-52.465336,-21.740689],[-52.466208,-21.741424],[-52.466611,-21.74164],[-52.466993,-21.74189],[-52.467539,-21.742303],[-52.476095,-21.749839],[-52.47626,-21.749996],[-52.476713,-21.750506],[-52.476988,-21.750868],[-52.477655,-21.751489],[-52.484694,-21.757644],[-52.488431,-21.76099],[-52.501972,-21.772874],[-52.502622,-21.773513],[-52.503699,-21.774688],[-52.505415,-21.77681],[-52.531168,-21.809215],[-52.531466,-21.809559],[-52.531941,-21.81005],[-52.532453,-21.810504],[-52.532993,-21.810925],[-52.533564,-21.811303],[-52.534162,-21.811641],[-52.53478,-21.81194],[-52.535416,-21.812198],[-52.536292,-21.81247],[-52.537637,-21.812763],[-52.566458,-21.81842],[-52.577936,-21.820704],[-52.600836,-21.825531],[-52.610722,-21.827578],[-52.612975,-21.828009],[-52.61522,-21.828482],[-52.697307,-21.845093],[-52.699102,-21.845478],[-52.71103,-21.847848],[-52.727669,-21.851232],[-52.749038,-21.855536],[-52.750159,-21.85578],[-52.769503,-21.85968],[-52.776481,-21.861061],[-52.801899,-21.866182],[-52.80302,-21.866426],[-52.869395,-21.879703],[-52.870307,-21.879801],[-52.870766,-21.879806],[-52.871224,-21.879778],[-52.872137,-21.879679],[-52.873713,-21.879371],[-52.957573,-21.861186],[-52.959825,-21.860747],[-52.960509,-21.86067],[-52.961426,-21.86062],[-52.962344,-21.860622],[-52.962803,-21.860644],[-52.963945,-21.860755],[-52.96895,-21.861422],[-52.969408,-21.861457],[-52.970097,-21.861468],[-52.971241,-21.861383],[-52.971919,-21.861266],[-52.97371,-21.860866],[-52.994039,-21.856116],[-52.994714,-21.855979],[-52.995625,-21.855868],[-52.996313,-21.855843],[-52.997001,-21.855859],[-52.997687,-21.855919],[-52.998367,-21.85603],[-53.003265,-21.85724],[-53.004612,-21.857524],[-53.005294,-21.857622],[-53.006666,-21.857736],[-53.008044,-21.857739],[-53.009188,-21.857652],[-53.029976,-21.855584],[-53.031111,-21.85542],[-53.032002,-21.855202],[-53.032654,-21.854984],[-53.033081,-21.854819],[-53.033705,-21.854532],[-53.034307,-21.854202],[-53.046419,-21.846416],[-53.047215,-21.845965],[-53.048042,-21.845572],[-53.048464,-21.845395],[-53.049549,-21.845026],[-53.086929,-21.833963],[-53.087794,-21.833661],[-53.102835,-21.828084],[-53.104316,-21.827471],[-53.105561,-21.826889],[-53.106783,-21.826264],[-53.122588,-21.817501],[-53.155635,-21.799262],[-53.160026,-21.796803],[-53.208878,-21.769802],[-53.209903,-21.769293],[-53.23673,-21.758634],[-53.237391,-21.758444],[-53.238067,-21.758317],[-53.238983,-21.758258],[-53.257579,-21.758011],[-53.258262,-21.757928],[-53.258933,-21.757776],[-53.25958,-21.757544],[-53.259993,-21.757348],[-53.260802,-21.756919],[-53.261167,-21.756646],[-53.261505,-21.756342],[-53.261627,-21.756163],[-53.261727,-21.755965],[-53.261927,-21.755865],[-53.262377,-21.755839],[-53.262599,-21.755781],[-53.263033,-21.755634],[-53.263239,-21.755534],[-53.265435,-21.754305],[-53.265813,-21.75405],[-53.26653,-21.753485],[-53.267107,-21.753115],[-53.26772,-21.752808],[-53.268989,-21.752279],[-53.26981,-21.751874],[-53.270233,-21.751704],[-53.271424,-21.751022],[-53.28222,-21.74502],[-53.284032,-21.744041],[-53.287428,-21.742147],[-53.299654,-21.73542],[-53.301676,-21.734349],[-53.30708,-21.731357],[-53.347584,-21.709111],[-53.350975,-21.707209],[-53.363203,-21.700484],[-53.373076,-21.695172],[-53.406684,-21.676998],[-53.410116,-21.675167],[-53.430815,-21.664874],[-53.462634,-21.647718],[-53.46387,-21.647119],[-53.465143,-21.646601],[-53.46601,-21.646303],[-53.467335,-21.64593],[-53.46823,-21.645727],[-53.469133,-21.645563],[-53.473895,-21.644823],[-53.502262,-21.640534],[-53.503854,-21.640315],[-53.504995,-21.640194],[-53.519861,-21.638897],[-53.521686,-21.638698],[-53.556104,-21.634598],[-53.563395,-21.633705],[-53.568177,-21.633096],[-53.583704,-21.631492],[-53.604674,-21.628993],[-53.643658,-21.624414],[-53.645935,-21.624125],[-53.659388,-21.622563],[-53.66098,-21.622347],[-53.687078,-21.6184],[-53.688896,-21.618147],[-53.708733,-21.615835],[-53.712149,-21.615411],[-53.728561,-21.613463],[-53.763199,-21.609271],[-53.767754,-21.608698],[-53.783478,-21.606792],[-53.785075,-21.606617],[-53.791456,-21.605847],[-53.79351,-21.60563],[-53.858904,-21.599769],[-53.889089,-21.597096],[-53.889542,-21.597025],[-53.890212,-21.596868],[-53.891076,-21.596563],[-53.893557,-21.595383],[-53.914362,-21.585297],[-53.914991,-21.585023],[-53.915426,-21.584879],[-53.915875,-21.584782],[-53.91633,-21.584729],[-53.917019,-21.584728],[-53.918165,-21.584788],[-54.003808,-21.590921],[-54.068814,-21.595929],[-54.069731,-21.595956],[-54.070189,-21.595918],[-54.070643,-21.595851],[-54.071092,-21.595756],[-54.071977,-21.595517],[-54.103883,-21.586157],[-54.104539,-21.58595],[-54.104966,-21.585785],[-54.10538,-21.585589],[-54.105779,-21.585366],[-54.106343,-21.584977],[-54.106699,-21.584692],[-54.107191,-21.584217],[-54.108103,-21.5832],[-54.116471,-21.573588],[-54.118005,-21.571905],[-54.118331,-21.571588],[-54.119021,-21.57099],[-54.119924,-21.570293],[-54.127128,-21.565056],[-54.129144,-21.563558],[-54.135628,-21.558883],[-54.139686,-21.555923],[-54.157744,-21.542328],[-54.158256,-21.541878],[-54.159002,-21.541352],[-54.15979,-21.540887],[-54.1602,-21.540685],[-54.161275,-21.540288],[-54.161721,-21.540184],[-54.162174,-21.540109],[-54.164466,-21.539975],[-54.164923,-21.539972],[-54.208988,-21.535372],[-54.209669,-21.535276],[-54.210339,-21.53512],[-54.21099,-21.5349],[-54.211616,-21.534616],[-54.212212,-21.534277],[-54.234386,-21.518949],[-54.236631,-21.517376],[-54.271588,-21.493221],[-54.278745,-21.488307],[-54.279133,-21.488065],[-54.27954,-21.487857],[-54.279961,-21.487677],[-54.280396,-21.487531],[-54.28084,-21.487417],[-54.281976,-21.487255],[-54.295454,-21.485916],[-54.300248,-21.485413],[-54.30345,-21.485139],[-54.30596,-21.484865],[-54.334972,-21.481989],[-54.34137,-21.481373],[-54.345253,-21.480974],[-54.346845,-21.480764],[-54.353185,-21.479714],[-54.354981,-21.479337],[-54.366988,-21.476293],[-54.37411,-21.474517],[-54.374524,-21.474327],[-54.375834,-21.473908],[-54.383185,-21.472099],[-54.383622,-21.471963],[-54.384023,-21.471744],[-54.38438,-21.47146],[-54.384525,-21.471287],[-54.384752,-21.470894],[-54.384882,-21.470462],[-54.384938,-21.470014],[-54.384852,-21.469342],[-54.384225,-21.467885],[-54.38389,-21.467043],[-54.381838,-21.461283],[-54.381749,-21.461076],[-54.381388,-21.460499],[-54.381199,-21.460088],[-54.380895,-21.459234],[-54.380837,-21.459016],[-54.380789,-21.458795],[-54.38071,-21.458125],[-54.37927,-21.45407],[-54.37889,-21.453505],[-54.378709,-21.45309],[-54.378397,-21.45224],[-54.378287,-21.451801],[-54.378225,-21.451131],[-54.376329,-21.445796],[-54.375902,-21.444506],[-54.37579,-21.444068],[-54.375717,-21.443622],[-54.375644,-21.442721],[-54.375658,-21.442269],[-54.375726,-21.441594],[-54.375923,-21.440712],[-54.376434,-21.439211],[-54.378445,-21.433676],[-54.379349,-21.431113],[-54.379918,-21.429633],[-54.38022,-21.429024],[-54.380553,-21.42843],[-54.381686,-21.42673],[-54.38242,-21.425861],[-54.390947,-21.416084],[-54.394113,-21.412503],[-54.40457,-21.400486],[-54.40514,-21.399777],[-54.405513,-21.399207],[-54.405722,-21.398805],[-54.405897,-21.398387],[-54.406879,-21.395373],[-54.407204,-21.394527],[-54.407737,-21.393277],[-54.411786,-21.380547],[-54.412122,-21.379232],[-54.412457,-21.377684],[-54.421956,-21.329752],[-54.422999,-21.324654],[-54.423122,-21.324219],[-54.423338,-21.323575],[-54.42351,-21.323155],[-54.424144,-21.321952],[-54.4299,-21.313504],[-54.430256,-21.312923],[-54.430472,-21.312524],[-54.430746,-21.311902],[-54.430983,-21.311265],[-54.43604,-21.29482],[-54.438677,-21.286157],[-54.439562,-21.28335],[-54.455252,-21.232278],[-54.455607,-21.230967],[-54.464265,-21.195811],[-54.464447,-21.195157],[-54.464684,-21.194521],[-54.465166,-21.193495],[-54.475108,-21.173115],[-54.475368,-21.172487],[-54.475569,-21.171839],[-54.475744,-21.170951],[-54.475848,-21.170053],[-54.476113,-21.162596],[-54.476777,-21.145426],[-54.476871,-21.144299],[-54.477074,-21.142958],[-54.479756,-21.131734],[-54.493425,-21.074976],[-54.49521,-21.067492],[-54.496027,-21.064198],[-54.49797,-21.056054],[-54.500795,-21.043702],[-54.502887,-21.034896],[-54.503866,-21.030943],[-54.506354,-21.02037],[-54.506593,-21.019265],[-54.506823,-21.018389],[-54.507062,-21.017284],[-54.507508,-21.015529],[-54.508599,-21.010904],[-54.508681,-21.01046],[-54.508734,-21.010011],[-54.50875,-21.009559],[-54.508724,-21.009107],[-54.508603,-21.007983],[-54.506272,-20.989359],[-54.505997,-20.988498],[-54.505956,-20.988276],[-54.505823,-20.987153],[-54.505837,-20.986702],[-54.505885,-20.986253],[-54.502534,-20.959779],[-54.498623,-20.929273],[-54.498447,-20.9277],[-54.4979,-20.923438],[-54.497832,-20.922536],[-54.497855,-20.921858],[-54.497992,-20.920737],[-54.50141,-20.901127],[-54.501424,-20.90045],[-54.501536,-20.899553],[-54.503976,-20.885513],[-54.504589,-20.882406],[-54.504731,-20.881512],[-54.50575,-20.87595],[-54.505917,-20.875292],[-54.506159,-20.874659],[-54.511963,-20.843986],[-54.514672,-20.829534],[-54.522156,-20.788591],[-54.522648,-20.786848],[-54.524565,-20.780569],[-54.525338,-20.777965],[-54.525683,-20.776887],[-54.534484,-20.748092],[-54.547532,-20.70521],[-54.551311,-20.692635],[-54.552288,-20.68962],[-54.552803,-20.688121],[-54.553283,-20.68661],[-54.558814,-20.669837],[-54.559293,-20.668327],[-54.566373,-20.644925],[-54.572233,-20.628741],[-54.572731,-20.626766],[-54.582899,-20.584759],[-54.58294,-20.584541],[-54.582825,-20.584104],[-54.582738,-20.583895],[-54.582611,-20.583709],[-54.582527,-20.583499],[-54.582493,-20.583277],[-54.58252,-20.583052],[-54.582605,-20.582842],[-54.582731,-20.582653],[-54.582894,-20.582495],[-54.583091,-20.582381],[-54.5834,-20.582048],[-54.583529,-20.581861],[-54.583629,-20.581658],[-54.583695,-20.581443],[-54.58484,-20.576598],[-54.587905,-20.56547],[-54.588773,-20.562188],[-54.589107,-20.561106],[-54.590981,-20.554345],[-54.592023,-20.550407],[-54.592156,-20.549512],[-54.59322,-20.54558],[-54.593659,-20.543823],[-54.594979,-20.539022],[-54.595105,-20.538356],[-54.595587,-20.536611],[-54.595865,-20.535749],[-54.596158,-20.534656],[-54.596444,-20.533796],[-54.597083,-20.531625],[-54.598358,-20.527992],[-54.598654,-20.5269],[-54.598945,-20.526043],[-54.599268,-20.525196],[-54.599599,-20.524114],[-54.600046,-20.522831],[-54.60007,-20.522607],[-54.600121,-20.522387],[-54.600327,-20.52174],[-54.600435,-20.521301],[-54.600813,-20.519996],[-54.60115,-20.518681],[-54.601863,-20.51606],[-54.602144,-20.514964],[-54.602179,-20.514741],[-54.602525,-20.513428],[-54.602386,-20.513277],[-54.601935,-20.513197],[-54.601721,-20.51327],[-54.601547,-20.513413],[-54.601424,-20.51359],[-54.601358,-20.513549],[-54.601417,-20.513732],[-54.601451,-20.51395],[-54.601584,-20.514131],[-54.601774,-20.514254],[-54.601999,-20.514289],[-54.602223,-20.514244],[-54.602358,-20.514076],[-54.602662,-20.512986],[-54.602785,-20.512801],[-54.602965,-20.512148],[-54.603199,-20.51151],[-54.604634,-20.506271],[-54.604833,-20.505623],[-54.604926,-20.50518],[-54.605231,-20.50409],[-54.605258,-20.503867],[-54.605245,-20.503641],[-54.605181,-20.503433],[-54.60517,-20.503208],[-54.605263,-20.503007],[-54.605633,-20.502771],[-54.606454,-20.501414],[-54.606875,-20.500878],[-54.607346,-20.500384],[-54.607858,-20.49993],[-54.608218,-20.499649],[-54.611585,-20.49729],[-54.611943,-20.497007],[-54.612248,-20.496669],[-54.612507,-20.496296],[-54.612616,-20.496098],[-54.612754,-20.495668],[-54.612906,-20.495006],[-54.613716,-20.490785],[-54.613998,-20.489458],[-54.61463,-20.486124],[-54.614859,-20.485016],[-54.615049,-20.483901],[-54.615048,-20.483676],[-54.615017,-20.483453],[-54.614944,-20.483239],[-54.614825,-20.483058],[-54.61448,-20.48276],[-54.614273,-20.482666],[-54.613627,-20.482438],[-54.612293,-20.482098],[-54.609421,-20.4813],[-54.600974,-20.479147],[-54.598521,-20.478556],[-54.595858,-20.477862],[-54.594095,-20.477355],[-54.592542,-20.476947],[-54.591891,-20.476726],[-54.591699,-20.476605],[-54.591534,-20.476449],[-54.590945,-20.475755],[-54.59076,-20.475623],[-54.589752,-20.475082],[-54.588966,-20.474617],[-54.588817,-20.474448],[-54.588717,-20.474247],[-54.588717,-20.474029],[-54.588786,-20.473585],[-54.588862,-20.473372],[-54.58912,-20.472999],[-54.589215,-20.472793],[-54.589241,-20.472571],[-54.589234,-20.472346],[-54.589193,-20.472124],[-54.589014,-20.471469],[-54.588929,-20.47126],[-54.588793,-20.47108],[-54.588374,-20.471016],[-54.587926,-20.471103],[-54.587469,-20.471143],[-54.584715,-20.47119],[-54.584265,-20.471141],[-54.5836,-20.470971],[-54.583147,-20.470895],[-54.582026,-20.470653],[-54.581573,-20.470581],[-54.581357,-20.470506],[-54.580945,-20.470308],[-54.57945,-20.469257],[-54.579274,-20.469114],[-54.57879,-20.46863],[-54.578072,-20.468068],[-54.577687,-20.467821],[-54.577272,-20.467629],[-54.575516,-20.467099],[-54.57374,-20.466638],[-54.569726,-20.465671],[-54.567055,-20.465004],[-54.564374,-20.464378],[-54.562597,-20.463923],[-54.559917,-20.463291],[-54.559463,-20.463229],[-54.559234,-20.463223],[-54.55809,-20.463314],[-54.554959,-20.464028],[-54.554763,-20.464124],[-54.554724,-20.464336],[-54.554888,-20.464491],[-54.555098,-20.464582],[-54.555319,-20.464643],[-54.555546,-20.464666],[-54.555775,-20.464647],[-54.555999,-20.464598],[-54.556213,-20.46452],[-54.556301,-20.464325],[-54.556232,-20.464134],[-54.550371,-20.460158],[-54.549821,-20.45975],[-54.542366,-20.453726],[-54.541135,-20.452709],[-54.54081,-20.45239],[-54.540664,-20.452216],[-54.540538,-20.452027],[-54.540444,-20.451821],[-54.540375,-20.451606],[-54.54032,-20.451159],[-54.54032,-20.450934],[-54.540378,-20.450485],[-54.546645,-20.419209],[-54.546982,-20.418129],[-54.547533,-20.416886],[-54.548226,-20.415458],[-54.548879,-20.414012],[-54.556765,-20.397177],[-54.556843,-20.396966],[-54.556974,-20.3963],[-54.557023,-20.395851],[-54.557011,-20.395173],[-54.556943,-20.394498],[-54.556893,-20.39428],[-54.556735,-20.393858],[-54.556373,-20.393281],[-54.556111,-20.392909],[-54.555822,-20.392558],[-54.555672,-20.392388],[-54.555491,-20.392249],[-54.541913,-20.383367],[-54.541542,-20.383101],[-54.54119,-20.38281],[-54.540541,-20.382171],[-54.540105,-20.381646],[-54.53971,-20.38109],[-54.53379,-20.372206],[-54.52996,-20.366568],[-54.520213,-20.352044],[-54.519693,-20.351299],[-54.519334,-20.35072],[-54.518941,-20.349904],[-54.518779,-20.34948],[-54.518588,-20.348829],[-54.518455,-20.348164],[-54.518394,-20.347489],[-54.518391,-20.345906],[-54.518629,-20.332795],[-54.518689,-20.327595],[-54.518648,-20.326918],[-54.518578,-20.326471],[-54.518418,-20.325812],[-54.518199,-20.325169],[-54.517831,-20.324341],[-54.510949,-20.31233],[-54.509226,-20.309393],[-54.50516,-20.302307],[-54.503488,-20.299341],[-54.503126,-20.298765],[-54.485206,-20.267446],[-54.484817,-20.266626],[-54.484658,-20.266202],[-54.48443,-20.265327],[-54.479923,-20.242236],[-54.479594,-20.240687],[-54.479534,-20.240239],[-54.477147,-20.228028],[-54.477037,-20.227589],[-54.476271,-20.22359],[-54.476066,-20.222709],[-54.47585,-20.222066],[-54.475369,-20.22104],[-54.461481,-20.193752],[-54.455184,-20.181687],[-54.454852,-20.181093],[-54.454033,-20.179731],[-54.453736,-20.179119],[-54.453371,-20.17829],[-54.452871,-20.177272],[-54.448529,-20.169047],[-54.440364,-20.153861],[-54.439526,-20.152252],[-54.439349,-20.151835],[-54.439208,-20.151405],[-54.439042,-20.150747],[-54.438954,-20.150074],[-54.438935,-20.149171],[-54.439002,-20.148496],[-54.443295,-20.121239],[-54.444088,-20.115412],[-54.444138,-20.115192],[-54.444271,-20.114069],[-54.444338,-20.113168],[-54.444299,-20.112491],[-54.444147,-20.111599],[-54.444031,-20.111162],[-54.443883,-20.110734],[-54.443706,-20.110317],[-54.43676,-20.095545],[-54.424607,-20.067467],[-54.424007,-20.066246],[-54.423664,-20.065659],[-54.423356,-20.065052],[-54.41649,-20.049501],[-54.415646,-20.047644],[-54.412186,-20.039757],[-54.411428,-20.03811],[-54.408575,-20.031689],[-54.407439,-20.029217],[-54.407184,-20.028587],[-54.407051,-20.028154],[-54.40695,-20.027715],[-54.401532,-20.015489],[-54.394917,-20.000324],[-54.393218,-19.996368],[-54.392478,-19.994712],[-54.365358,-19.932363],[-54.365283,-19.93215],[-54.365117,-19.931492],[-54.36507,-19.931043],[-54.36507,-19.930817],[-54.365117,-19.930367],[-54.365257,-19.929704],[-54.372433,-19.905623],[-54.372662,-19.904747],[-54.372805,-19.904084],[-54.372986,-19.90274],[-54.374346,-19.884928],[-54.374353,-19.884251],[-54.374296,-19.883575],[-54.374173,-19.882908],[-54.374056,-19.88247],[-54.371146,-19.874132],[-54.36888,-19.867726],[-54.368707,-19.86707],[-54.368639,-19.866623],[-54.368604,-19.866173],[-54.371197,-19.808576],[-54.371174,-19.807672],[-54.371116,-19.806996],[-54.370954,-19.806106],[-54.369435,-19.800188],[-54.357573,-19.754634],[-54.35262,-19.735812],[-54.351913,-19.73319],[-54.351752,-19.73253],[-54.351629,-19.731863],[-54.351524,-19.730965],[-54.351515,-19.730739],[-54.350192,-19.679433],[-54.349821,-19.666098],[-54.349829,-19.665194],[-54.349876,-19.664744],[-54.349952,-19.664298],[-54.350169,-19.66342],[-54.350392,-19.662778],[-54.350778,-19.661958],[-54.351261,-19.66119],[-54.357716,-19.652394],[-54.357967,-19.652016],[-54.358391,-19.651482],[-54.36187,-19.646706],[-54.362737,-19.645373],[-54.363131,-19.644817],[-54.364152,-19.643594],[-54.399392,-19.595587],[-54.400441,-19.594103],[-54.406917,-19.584226],[-54.407825,-19.58292],[-54.408515,-19.582016],[-54.409238,-19.581138],[-54.420239,-19.568388],[-54.42135,-19.566948],[-54.422013,-19.566025],[-54.427764,-19.557573],[-54.428598,-19.55622],[-54.429236,-19.555281],[-54.430192,-19.554009],[-54.433784,-19.548759],[-54.434469,-19.547851],[-54.435216,-19.546994],[-54.436024,-19.546191],[-54.436705,-19.545584],[-54.437803,-19.544765],[-54.454903,-19.533341],[-54.455838,-19.532685],[-54.456902,-19.531824],[-54.457728,-19.531039],[-54.45835,-19.530375],[-54.45893,-19.529673],[-54.459601,-19.528756],[-54.469708,-19.514473],[-54.4707,-19.51295],[-54.471043,-19.512362],[-54.471797,-19.510965],[-54.473013,-19.509047],[-54.478578,-19.498646],[-54.482184,-19.491828],[-54.485092,-19.486437],[-54.485545,-19.48565],[-54.486034,-19.484885],[-54.486854,-19.483794],[-54.48777,-19.482782],[-54.495102,-19.475296],[-54.49648,-19.47378],[-54.497443,-19.47281],[-54.498609,-19.471721],[-54.503079,-19.467171],[-54.5047,-19.465569],[-54.507081,-19.463444],[-54.521487,-19.450817],[-54.522163,-19.450205],[-54.522974,-19.449405],[-54.524849,-19.447417],[-54.526365,-19.445719],[-54.526847,-19.445236],[-54.529325,-19.442567],[-54.540132,-19.430852],[-54.552517,-19.417495],[-54.553584,-19.416311],[-54.554223,-19.415662],[-54.556388,-19.413323],[-54.557114,-19.412447],[-54.557518,-19.411898],[-54.558142,-19.410949],[-54.587115,-19.363998],[-54.58721,-19.363792],[-54.590098,-19.359171],[-54.614232,-19.319906],[-54.615236,-19.318392],[-54.616606,-19.316578],[-54.621811,-19.309967],[-54.623477,-19.307806],[-54.623773,-19.307461],[-54.629955,-19.299593],[-54.631248,-19.298006],[-54.631854,-19.297326],[-54.632947,-19.296166],[-54.636915,-19.292082],[-54.637204,-19.291734],[-54.63896,-19.289947],[-54.648577,-19.27992],[-54.649017,-19.279399],[-54.650152,-19.277977],[-54.651055,-19.276952],[-54.651829,-19.276118],[-54.652411,-19.275418],[-54.653251,-19.274343],[-54.674121,-19.246799],[-54.675542,-19.244743],[-54.682527,-19.234384],[-54.682951,-19.23385],[-54.683434,-19.233366],[-54.68396,-19.23293],[-54.684336,-19.232671],[-54.685137,-19.232229],[-54.685559,-19.232051],[-54.685991,-19.231899],[-54.702604,-19.227438],[-54.704144,-19.226983],[-54.70501,-19.226685],[-54.70567,-19.226489],[-54.707689,-19.226061],[-54.712122,-19.224881],[-54.71344,-19.224486],[-54.714957,-19.223964],[-54.736748,-19.216153],[-54.738027,-19.215651],[-54.738431,-19.215436],[-54.739003,-19.215058],[-54.739536,-19.214629],[-54.740027,-19.214153],[-54.740317,-19.213803],[-54.740579,-19.213432],[-54.740921,-19.212844],[-54.741192,-19.212221],[-54.752808,-19.180535],[-54.753802,-19.177763],[-54.753909,-19.177564],[-54.755058,-19.174367],[-54.76158,-19.156494],[-54.761823,-19.155623],[-54.76199,-19.154733],[-54.76208,-19.154061],[-54.762135,-19.153158],[-54.762218,-19.150899],[-54.76219,-19.150675],[-54.76223,-19.148866],[-54.762207,-19.148415],[-54.762101,-19.147516],[-54.761937,-19.146627],[-54.761711,-19.14575],[-54.755015,-19.122945],[-54.754908,-19.122505],[-54.754829,-19.12206],[-54.75476,-19.121385],[-54.754752,-19.120933],[-54.754802,-19.120257],[-54.754907,-19.119587],[-54.755908,-19.115638],[-54.756059,-19.115212],[-54.756245,-19.114559],[-54.756492,-19.113927],[-54.756707,-19.113527],[-54.757075,-19.112954],[-54.757359,-19.112599],[-54.757833,-19.112107],[-54.758183,-19.111814],[-54.758555,-19.111549],[-54.759143,-19.111197],[-54.764574,-19.108254],[-54.769584,-19.105496],[-54.769975,-19.105258],[-54.770348,-19.104995],[-54.770693,-19.104697],[-54.771167,-19.104205],[-54.771447,-19.103847],[-54.771808,-19.10327],[-54.772096,-19.102654],[-54.772316,-19.102012],[-54.772484,-19.101123],[-54.773524,-19.094876],[-54.773768,-19.093541],[-54.77394,-19.092884],[-54.774172,-19.092246],[-54.774574,-19.091433],[-54.774941,-19.09086],[-54.775356,-19.090318],[-54.775813,-19.089811],[-54.776312,-19.089344],[-54.776669,-19.089059],[-54.782944,-19.08488],[-54.783689,-19.084351],[-54.784212,-19.08391],[-54.784693,-19.083424],[-54.789903,-19.0777],[-54.790641,-19.076835],[-54.791025,-19.076272],[-54.791229,-19.075867],[-54.791402,-19.075449],[-54.7916,-19.074799],[-54.79169,-19.074356],[-54.792349,-19.067831],[-54.792469,-19.066935],[-54.792643,-19.06628],[-54.792799,-19.065854],[-54.792993,-19.065445],[-54.793342,-19.064861],[-54.793765,-19.064326],[-54.798607,-19.058884],[-54.803015,-19.05397],[-54.807552,-19.048867],[-54.807988,-19.048342],[-54.808537,-19.047617],[-54.80904,-19.046861],[-54.811883,-19.042212],[-54.812814,-19.040653],[-54.814721,-19.037561],[-54.814842,-19.037369],[-54.815386,-19.036641],[-54.815986,-19.035956],[-54.816307,-19.035633],[-54.816818,-19.035179],[-54.82448,-19.029413],[-54.825001,-19.028969],[-54.825471,-19.028474],[-54.825907,-19.027949],[-54.826166,-19.027576],[-54.826402,-19.027188],[-54.82661,-19.026785],[-54.826793,-19.02637],[-54.827029,-19.025734],[-54.827202,-19.025077],[-54.827286,-19.024633],[-54.827372,-19.023733],[-54.82755,-19.011299],[-54.82761,-19.009492],[-54.827722,-19.008823],[-54.827924,-19.008175],[-54.828199,-19.007554],[-54.828427,-19.007162],[-54.828819,-19.006604],[-54.829111,-19.006256],[-54.832477,-19.002547],[-54.832901,-19.002013],[-54.833147,-19.001631],[-54.83336,-19.00123],[-54.833538,-19.000813],[-54.833682,-19.000384],[-54.833796,-18.999946],[-54.833878,-18.999502],[-54.83392,-18.999051],[-54.833928,-18.998599],[-54.833911,-18.998374],[-54.833818,-18.997702],[-54.833653,-18.997044],[-54.833487,-18.996623],[-54.833197,-18.996008],[-54.821918,-18.975027],[-54.821824,-18.974821],[-54.821606,-18.974178],[-54.821493,-18.97374],[-54.821385,-18.97307],[-54.821354,-18.972619],[-54.821367,-18.972167],[-54.821412,-18.971717],[-54.821544,-18.971052],[-54.821666,-18.970616],[-54.821828,-18.970193],[-54.822122,-18.96958],[-54.829187,-18.95741],[-54.82995,-18.956018],[-54.83013,-18.955602],[-54.830272,-18.955173],[-54.830406,-18.954508],[-54.830481,-18.953607],[-54.830617,-18.948408],[-54.830612,-18.947956],[-54.830543,-18.947282],[-54.830456,-18.946838],[-54.829877,-18.944885],[-54.82977,-18.944445],[-54.829674,-18.943774],[-54.829655,-18.943097],[-54.829681,-18.942645],[-54.830873,-18.933906],[-54.831083,-18.932566],[-54.831191,-18.932126],[-54.831461,-18.931262],[-54.831724,-18.930635],[-54.832023,-18.930025],[-54.832351,-18.929428],[-54.83679,-18.92177],[-54.837301,-18.920758],[-54.837549,-18.920126],[-54.837869,-18.91904],[-54.84468,-18.891121],[-54.844807,-18.890454],[-54.844866,-18.889779],[-54.844854,-18.889327],[-54.844809,-18.888877],[-54.844719,-18.888434],[-54.844525,-18.887784],[-54.844146,-18.886961],[-54.843907,-18.886574],[-54.843635,-18.886211],[-54.840764,-18.882976],[-54.839386,-18.881461],[-54.829227,-18.870086],[-54.828411,-18.868993],[-54.828053,-18.868414],[-54.827721,-18.86782],[-54.826922,-18.866191],[-54.825673,-18.863521],[-54.815508,-18.842245],[-54.813701,-18.838335],[-54.813481,-18.837693],[-54.813341,-18.837029],[-54.813282,-18.836354],[-54.81332,-18.835677],[-54.813436,-18.835008],[-54.813548,-18.83457],[-54.81991,-18.812846],[-54.82031,-18.811548],[-54.820402,-18.811106],[-54.821126,-18.808724],[-54.827159,-18.788083],[-54.827454,-18.786991],[-54.827697,-18.785886],[-54.827933,-18.784549],[-54.829381,-18.77539],[-54.829642,-18.773599],[-54.829777,-18.772935],[-54.829975,-18.771592],[-54.830028,-18.770916],[-54.830011,-18.770238],[-54.829968,-18.769788],[-54.829807,-18.768898],[-54.829533,-18.768035],[-54.829255,-18.767415],[-54.828813,-18.766622],[-54.826358,-18.762801],[-54.825639,-18.761644],[-54.825325,-18.76104],[-54.825009,-18.760191],[-54.822924,-18.752549],[-54.819877,-18.741182],[-54.819723,-18.740522],[-54.819568,-18.740097],[-54.818001,-18.734191],[-54.817613,-18.732889],[-54.817129,-18.73138],[-54.816619,-18.729642],[-54.815574,-18.725705],[-54.815304,-18.724606],[-54.814918,-18.722838],[-54.814679,-18.721965],[-54.814365,-18.720644],[-54.813759,-18.718463],[-54.813674,-18.718019],[-54.813501,-18.717363],[-54.81342,-18.716918],[-54.813349,-18.716244],[-54.813338,-18.715566],[-54.813372,-18.715116],[-54.813525,-18.714224],[-54.817836,-18.699683],[-54.818367,-18.697717],[-54.81848,-18.69682],[-54.818486,-18.696368],[-54.818424,-18.695466],[-54.818317,-18.694796],[-54.818077,-18.693924],[-54.813578,-18.682305],[-54.812876,-18.680882],[-54.804831,-18.667706],[-54.804337,-18.666944],[-54.803553,-18.665829],[-54.800414,-18.661932],[-54.792375,-18.65205],[-54.791324,-18.650854],[-54.774678,-18.634313],[-54.77421,-18.633814],[-54.773784,-18.633282],[-54.773416,-18.632709],[-54.773111,-18.632101],[-54.772856,-18.631471],[-54.772728,-18.631037],[-54.772629,-18.630595],[-54.77256,-18.630148],[-54.77252,-18.629698],[-54.77251,-18.62902],[-54.773729,-18.599879],[-54.773721,-18.599426],[-54.773619,-18.598528],[-54.773529,-18.598085],[-54.773412,-18.597648],[-54.770632,-18.589266],[-54.770241,-18.588203],[-54.769874,-18.587374],[-54.769246,-18.586167],[-54.750426,-18.551722],[-54.74726,-18.545445],[-54.743022,-18.536915],[-54.742763,-18.536287],[-54.742433,-18.535204],[-54.735655,-18.508208],[-54.735249,-18.506676],[-54.734938,-18.505826],[-54.734553,-18.505005],[-54.716397,-18.469709],[-54.715545,-18.468107],[-54.715052,-18.467086],[-54.713897,-18.464874],[-54.712979,-18.463051],[-54.699211,-18.436211],[-54.692973,-18.424882],[-54.692147,-18.423524],[-54.691519,-18.422578],[-54.6832,-18.41065],[-54.682761,-18.410128],[-54.682256,-18.409668],[-54.681892,-18.409393],[-54.681512,-18.40914],[-54.681117,-18.408908],[-54.675889,-18.406071],[-54.675697,-18.405948],[-54.67551,-18.405817],[-54.67481,-18.405232],[-54.674491,-18.404907],[-54.674058,-18.40438],[-54.673805,-18.404003],[-54.673582,-18.403608],[-54.672564,-18.401332],[-54.670759,-18.397174],[-54.670438,-18.396327],[-54.67018,-18.395459],[-54.669686,-18.393251],[-54.664992,-18.370889],[-54.664855,-18.369766],[-54.664816,-18.369089],[-54.665911,-18.318682],[-54.667007,-18.271215],[-54.666989,-18.270085],[-54.666918,-18.269411],[-54.666796,-18.268743],[-54.666687,-18.268304],[-54.666481,-18.267657],[-54.660809,-18.253333],[-54.660433,-18.252266],[-54.660035,-18.250732],[-54.655698,-18.232459],[-54.655543,-18.231568],[-54.655418,-18.230444],[-54.65348,-18.210413],[-54.653346,-18.20929],[-54.653211,-18.208396],[-54.653029,-18.20751],[-54.651405,-18.201384],[-54.651219,-18.200269],[-54.651162,-18.199367],[-54.651206,-18.198464],[-54.652055,-18.192417],[-54.652331,-18.19132],[-54.652485,-18.190894],[-54.656807,-18.180421],[-54.657793,-18.178132],[-54.666546,-18.160451],[-54.667073,-18.159446],[-54.667436,-18.158871],[-54.668133,-18.157973],[-54.668739,-18.157293],[-54.675759,-18.149828],[-54.676395,-18.149176],[-54.67707,-18.148563],[-54.6776,-18.14813],[-54.684722,-18.142786],[-54.685081,-18.142504],[-54.685403,-18.142185],[-54.685921,-18.141737],[-54.686815,-18.141028],[-54.694124,-18.135552],[-54.695004,-18.134827],[-54.695334,-18.134513],[-54.696075,-18.13365],[-54.696466,-18.133092],[-54.699009,-18.129058],[-54.699456,-18.128268],[-54.699738,-18.127649],[-54.700028,-18.126792],[-54.700129,-18.126351],[-54.700208,-18.125906],[-54.700273,-18.125231],[-54.700259,-18.124327],[-54.700181,-18.123653],[-54.696992,-18.104923],[-54.696866,-18.104027],[-54.696759,-18.102676],[-54.69662,-18.101783],[-54.686883,-18.044932],[-54.682481,-18.019524],[-54.682343,-18.01886],[-54.679859,-18.008519],[-54.679618,-18.007413],[-54.679502,-18.006745],[-54.679346,-18.004943],[-54.67928,-18.002683],[-54.677917,-17.965628],[-54.677919,-17.964724],[-54.678007,-17.963825],[-54.678175,-17.962936],[-54.691825,-17.905245],[-54.691912,-17.904572],[-54.691928,-17.90412],[-54.691604,-17.88694],[-54.691655,-17.885811],[-54.691715,-17.885136],[-54.691929,-17.883796],[-54.692296,-17.882255],[-54.692503,-17.881608],[-54.692891,-17.880544],[-54.697511,-17.868487],[-54.698748,-17.865322],[-54.700437,-17.860875],[-54.704263,-17.850939],[-54.704903,-17.849487],[-54.705222,-17.848886],[-54.705678,-17.848101],[-54.706043,-17.847526],[-54.706703,-17.846601],[-54.707122,-17.846063],[-54.729512,-17.819997],[-54.73018,-17.819079],[-54.730409,-17.818687],[-54.730825,-17.817881],[-54.740927,-17.796576],[-54.741625,-17.79515],[-54.742093,-17.794118],[-54.747341,-17.783057],[-54.747589,-17.782424],[-54.747774,-17.781771],[-54.750212,-17.76957],[-54.750232,-17.76912],[-54.750303,-17.768446],[-54.750907,-17.765107],[-54.751393,-17.762897],[-54.752388,-17.75779],[-54.752628,-17.756917],[-54.75286,-17.756281],[-54.757282,-17.734095],[-54.757439,-17.733204],[-54.757509,-17.73253],[-54.757539,-17.731852],[-54.75748,-17.73095],[-54.757385,-17.730279],[-54.756078,-17.724775],[-54.755894,-17.724362],[-54.755737,-17.723938],[-54.755682,-17.723718],[-54.750563,-17.702374],[-54.748216,-17.692466],[-54.747849,-17.690694],[-54.747477,-17.688463],[-54.747265,-17.686894],[-54.747008,-17.68442],[-54.746915,-17.68284],[-54.746841,-17.680807],[-54.746842,-17.678998],[-54.74692,-17.676512],[-54.748113,-17.657783],[-54.748167,-17.655749],[-54.74817,-17.653714],[-54.74807,-17.651003],[-54.74807,-17.650099],[-54.748113,-17.649423],[-54.748063,-17.64852],[-54.747983,-17.647619],[-54.747699,-17.645148],[-54.744389,-17.621405],[-54.744247,-17.620055],[-54.744182,-17.619153],[-54.74413,-17.617571],[-54.74413,-17.616893],[-54.744213,-17.615313],[-54.74434,-17.613962],[-54.744463,-17.613066],[-54.744738,-17.611507],[-54.745684,-17.607313],[-54.74593,-17.605979],[-54.746116,-17.604634],[-54.746223,-17.603509],[-54.74631,-17.601476],[-54.746273,-17.599668],[-54.746206,-17.598766],[-54.746089,-17.597641],[-54.745892,-17.596299],[-54.745243,-17.592968],[-54.745183,-17.592751],[-54.745023,-17.592327],[-54.744655,-17.591754],[-54.744561,-17.59155],[-54.744528,-17.591328],[-54.744611,-17.59066],[-54.74463,-17.590209],[-54.744552,-17.589536],[-54.740981,-17.571563],[-54.740719,-17.569773],[-54.740573,-17.568197],[-54.74052,-17.566842],[-54.740522,-17.565937],[-54.740567,-17.564808],[-54.740701,-17.562777],[-54.74134,-17.554435],[-54.741425,-17.552855],[-54.74143,-17.551951],[-54.740629,-17.531844],[-54.740472,-17.528456],[-54.740343,-17.527106],[-54.739875,-17.524203],[-54.739799,-17.523302],[-54.739784,-17.522398],[-54.739839,-17.516294],[-54.739835,-17.513355],[-54.739823,-17.513129],[-54.739745,-17.512684],[-54.739532,-17.509753],[-54.738982,-17.496198],[-54.738822,-17.491679],[-54.738821,-17.491001],[-54.738905,-17.488968],[-54.73902,-17.487843],[-54.739225,-17.486502],[-54.74064,-17.478942],[-54.741588,-17.473596],[-54.745208,-17.454482],[-54.745318,-17.453812],[-54.745473,-17.452465],[-54.74555,-17.450884],[-54.745525,-17.449075],[-54.745381,-17.446366],[-54.745351,-17.443201],[-54.745363,-17.44207],[-54.745466,-17.440491],[-54.745655,-17.438919],[-54.745931,-17.437361],[-54.746295,-17.435819],[-54.746747,-17.434301],[-54.753015,-17.415862],[-54.757072,-17.403848],[-54.757443,-17.402542],[-54.757699,-17.40144],[-54.757913,-17.400329],[-54.758114,-17.398987],[-54.75819,-17.398313],[-54.75827,-17.397185],[-54.758316,-17.395377],[-54.758284,-17.394474],[-54.758118,-17.392219],[-54.756366,-17.37149],[-54.756322,-17.37036],[-54.75632,-17.36923],[-54.756368,-17.3681],[-54.757277,-17.358647],[-54.757627,-17.355273],[-54.758284,-17.348294],[-54.759315,-17.337716],[-54.759413,-17.336363],[-54.759505,-17.33433],[-54.759599,-17.332977],[-54.759737,-17.331627],[-54.76016,-17.328947],[-54.760275,-17.328049],[-54.764596,-17.283486],[-54.76472,-17.281908],[-54.76476,-17.280326],[-54.76471,-17.27897],[-54.762344,-17.256254],[-54.760431,-17.238265],[-54.760165,-17.235564],[-54.758859,-17.223423],[-54.758509,-17.219595],[-54.758451,-17.217109],[-54.75842,-17.213039],[-54.758463,-17.211005],[-54.758589,-17.208974],[-54.758818,-17.206724],[-54.760437,-17.193936],[-54.760619,-17.192136],[-54.760816,-17.18943],[-54.760926,-17.185136],[-54.760843,-17.181972],[-54.760705,-17.179715],[-54.760496,-17.177463],[-54.76022,-17.175219],[-54.759876,-17.172984],[-54.759558,-17.171202],[-54.759157,-17.169206],[-54.758351,-17.165909],[-54.758064,-17.164352],[-54.757901,-17.163233],[-54.757769,-17.161882],[-54.757704,-17.16098],[-54.757256,-17.156707],[-54.757125,-17.15513],[-54.756988,-17.152873],[-54.756894,-17.150614],[-54.756852,-17.147901],[-54.756901,-17.144736],[-54.757014,-17.142252],[-54.757275,-17.138644],[-54.757556,-17.135945],[-54.757758,-17.134375],[-54.759411,-17.122959],[-54.759668,-17.12094],[-54.760061,-17.116889],[-54.760224,-17.114861],[-54.760396,-17.111926],[-54.760522,-17.10899],[-54.76057,-17.107182],[-54.760589,-17.104243],[-54.760511,-17.099269],[-54.760441,-17.097688],[-54.76009,-17.092046],[-54.759223,-17.080094],[-54.759054,-17.076028],[-54.759063,-17.072184],[-54.759138,-17.069698],[-54.759275,-17.067441],[-54.759497,-17.064737],[-54.759706,-17.062713],[-54.759983,-17.060468],[-54.760329,-17.058233],[-54.761027,-17.054222],[-54.763484,-17.040644],[-54.763748,-17.039083],[-54.763953,-17.037513],[-54.764082,-17.036163],[-54.764199,-17.033905],[-54.764139,-17.031645],[-54.764007,-17.029841],[-54.76385,-17.028493],[-54.763607,-17.026929],[-54.763301,-17.025375],[-54.762377,-17.021641],[-54.761773,-17.019695],[-54.761459,-17.018845],[-54.760684,-17.016959],[-54.760136,-17.015471],[-54.754892,-17.000511],[-54.754422,-16.999236],[-54.754135,-16.998377],[-54.753254,-16.996046],[-54.748176,-16.981508],[-54.744563,-16.970778],[-54.743896,-16.969093],[-54.743446,-16.967811],[-54.743066,-16.966507],[-54.74284,-16.96563],[-54.742572,-16.964765],[-54.736656,-16.946927],[-54.724903,-16.9117],[-54.715756,-16.884436],[-54.714541,-16.881263],[-54.71401,-16.879531],[-54.713685,-16.878213],[-54.71336,-16.877129],[-54.696956,-16.828176],[-54.696641,-16.827327],[-54.69627,-16.8265],[-54.695867,-16.825687],[-54.695415,-16.8249],[-54.694925,-16.824135],[-54.672166,-16.790981],[-54.671432,-16.789833],[-54.671,-16.789036],[-54.667126,-16.781591],[-54.666669,-16.780806],[-54.665829,-16.779457],[-54.665384,-16.778666],[-54.664802,-16.777436],[-54.66428,-16.776181],[-54.663797,-16.775156],[-54.644166,-16.737301],[-54.643865,-16.736691],[-54.643691,-16.736272],[-54.643477,-16.735628],[-54.643367,-16.735189],[-54.643254,-16.73452],[-54.643211,-16.73407],[-54.643209,-16.733392],[-54.643272,-16.732717],[-54.643339,-16.732269],[-54.643512,-16.731613],[-54.643737,-16.730973],[-54.643925,-16.73056],[-54.661205,-16.698381],[-54.662249,-16.696625],[-54.664181,-16.693028],[-54.664673,-16.692007],[-54.665253,-16.690531],[-54.665639,-16.689711],[-54.666521,-16.688125],[-54.669609,-16.682316],[-54.670072,-16.681535],[-54.670692,-16.680583],[-54.671478,-16.679203],[-54.695028,-16.6352],[-54.695539,-16.634187],[-54.695899,-16.633355],[-54.696057,-16.632931],[-54.696461,-16.631634],[-54.69878,-16.621952],[-54.700335,-16.615344],[-54.700507,-16.614456],[-54.700591,-16.613783],[-54.700608,-16.613331],[-54.700573,-16.612428],[-54.700453,-16.611532],[-54.700234,-16.610654],[-54.699933,-16.609799],[-54.696667,-16.602077],[-54.695803,-16.599982],[-54.692086,-16.59122],[-54.685432,-16.575336],[-54.683738,-16.57089],[-54.683303,-16.569844],[-54.682717,-16.568617],[-54.667871,-16.540542],[-54.662482,-16.530305],[-54.658514,-16.521403],[-54.654851,-16.51311],[-54.653821,-16.510839],[-54.653648,-16.51042],[-54.653162,-16.508912],[-54.652263,-16.506831],[-54.651051,-16.504145],[-54.650612,-16.503101],[-54.650042,-16.501866],[-54.647857,-16.496885],[-54.647475,-16.495819],[-54.647147,-16.494502],[-54.646994,-16.493381],[-54.646885,-16.492029],[-54.646837,-16.491809],[-54.646744,-16.491605],[-54.646581,-16.491448],[-54.646204,-16.491195],[-54.646095,-16.490999],[-54.646113,-16.490778],[-54.646221,-16.490582],[-54.64672,-16.489823],[-54.647291,-16.488844],[-54.647903,-16.487381],[-54.651984,-16.478529],[-54.652715,-16.477119],[-54.654928,-16.472399],[-54.657329,-16.467017],[-54.657414,-16.466807],[-54.657901,-16.465299],[-54.658657,-16.46365],[-54.659291,-16.462708],[-54.659511,-16.462312],[-54.661421,-16.4582],[-54.661736,-16.457351],[-54.661949,-16.45695],[-54.66187,-16.456753],[-54.661827,-16.456553],[-54.662289,-16.455519],[-54.662398,-16.455321],[-54.662666,-16.454954],[-54.662777,-16.454757],[-54.662801,-16.45458],[-54.661961,-16.454216],[-54.66194,-16.454053],[-54.662036,-16.453848],[-54.66193,-16.453715],[-54.66151,-16.453533],[-54.661284,-16.453549],[-54.661064,-16.453519],[-54.660007,-16.453079],[-54.659991,-16.452901],[-54.660172,-16.452488],[-54.660377,-16.452488],[-54.660385,-16.452696],[-54.660443,-16.452902],[-54.660577,-16.453085],[-54.660755,-16.453128],[-54.660881,-16.453084],[-54.660667,-16.453164],[-54.660776,-16.453324],[-54.661231,-16.453318],[-54.662074,-16.453679],[-54.662029,-16.453865],[-54.661933,-16.45407],[-54.661783,-16.454135],[-54.659482,-16.453141],[-54.660251,-16.451498],[-54.660366,-16.451304],[-54.66051,-16.451128],[-54.660621,-16.450932],[-54.660711,-16.450724],[-54.660768,-16.450286],[-54.660955,-16.449875],[-54.661078,-16.449684],[-54.661226,-16.449518],[-54.661649,-16.449345],[-54.662034,-16.449114],[-54.662706,-16.448963],[-54.663161,-16.448913],[-54.663827,-16.448739],[-54.66575,-16.447994],[-54.667633,-16.446702],[-54.668491,-16.445953],[-54.669047,-16.445551],[-54.679757,-16.438146],[-54.680121,-16.43787],[-54.680452,-16.437557],[-54.680803,-16.437266],[-54.682494,-16.436096],[-54.683306,-16.435677],[-54.693643,-16.428535],[-54.694138,-16.428064],[-54.695821,-16.426884],[-54.696582,-16.426378],[-54.697194,-16.426067],[-54.697582,-16.425826],[-54.698711,-16.425048],[-54.699259,-16.424638],[-54.699437,-16.424495],[-54.69993,-16.424022],[-54.702555,-16.421177],[-54.70284,-16.420824],[-54.703176,-16.420234],[-54.705026,-16.418224],[-54.706227,-16.416855],[-54.707036,-16.416053],[-54.709209,-16.413721],[-54.71034,-16.412597],[-54.713883,-16.408741],[-54.714479,-16.408053],[-54.71475,-16.407688],[-54.715102,-16.407106],[-54.715201,-16.406902],[-54.715447,-16.406268],[-54.71556,-16.40583],[-54.715641,-16.405385],[-54.71567,-16.404934],[-54.71567,-16.404256],[-54.714728,-16.397994],[-54.714504,-16.396656],[-54.714067,-16.39352],[-54.713369,-16.389279],[-54.712559,-16.383912],[-54.712536,-16.383461],[-54.712635,-16.382562],[-54.712758,-16.381895],[-54.712985,-16.381256],[-54.713175,-16.380844],[-54.713395,-16.380448],[-54.713782,-16.379887],[-54.714226,-16.379369],[-54.717197,-16.376224],[-54.718176,-16.375269],[-54.727814,-16.364953],[-54.728255,-16.364433],[-54.728778,-16.363689],[-54.729239,-16.362907],[-54.734601,-16.353168],[-54.734968,-16.352594],[-54.735509,-16.351864],[-54.736414,-16.350841],[-54.740914,-16.346009],[-54.742133,-16.344655],[-54.742701,-16.343945],[-54.743341,-16.343007],[-54.744001,-16.341817],[-54.744188,-16.341404],[-54.744928,-16.339504],[-54.745592,-16.338063],[-54.746205,-16.3366],[-54.761391,-16.296329],[-54.761598,-16.295448],[-54.762147,-16.293961],[-54.762231,-16.293751],[-54.762553,-16.293151],[-54.763088,-16.291901],[-54.767672,-16.27983],[-54.768211,-16.278582],[-54.769074,-16.276733],[-54.769789,-16.275316],[-54.778004,-16.258383],[-54.778348,-16.257305],[-54.778583,-16.255969],[-54.778652,-16.255294],[-54.778679,-16.254616],[-54.778735,-16.25394],[-54.778936,-16.252828],[-54.779266,-16.251511],[-54.779995,-16.247046],[-54.780095,-16.246148],[-54.780178,-16.244794],[-54.780303,-16.244127],[-54.780697,-16.242593],[-54.780826,-16.241927],[-54.781874,-16.235223],[-54.781993,-16.234326],[-54.782037,-16.23365],[-54.782011,-16.233199],[-54.781953,-16.23275],[-54.781767,-16.231865],[-54.779336,-16.222442],[-54.779125,-16.221796],[-54.778736,-16.220733],[-54.778413,-16.219648],[-54.778213,-16.218536],[-54.778162,-16.217859],[-54.778168,-16.217407],[-54.778234,-16.216733],[-54.778319,-16.216288],[-54.779137,-16.212762],[-54.779672,-16.210563],[-54.779844,-16.209675],[-54.780001,-16.208328],[-54.780227,-16.20722],[-54.780447,-16.206342],[-54.781001,-16.204382],[-54.783897,-16.192278],[-54.784136,-16.191405],[-54.784436,-16.19055],[-54.786556,-16.185055],[-54.786842,-16.184196],[-54.787214,-16.18289],[-54.791971,-16.170642],[-54.792203,-16.170003],[-54.792399,-16.169353],[-54.792528,-16.168687],[-54.79257,-16.168237],[-54.792545,-16.167786],[-54.792484,-16.167338],[-54.792373,-16.166899],[-54.791156,-16.163247],[-54.790979,-16.162592],[-54.790939,-16.16237],[-54.79091,-16.161919],[-54.790943,-16.161469],[-54.791046,-16.161028],[-54.791128,-16.160817],[-54.791213,-16.160607],[-54.791441,-16.160215],[-54.791722,-16.159858],[-54.791883,-16.159697],[-54.792244,-16.159418],[-54.79263,-16.159175],[-54.793043,-16.158976],[-54.796635,-16.157474],[-54.797457,-16.157071],[-54.798044,-16.156717],[-54.801082,-16.154683],[-54.802286,-16.154025],[-54.803069,-16.153551],[-54.832883,-16.133601],[-54.833766,-16.132878],[-54.834503,-16.13234],[-54.836031,-16.131336],[-54.837044,-16.130803],[-54.837633,-16.130453],[-54.842583,-16.127168],[-54.843178,-16.126825],[-54.844194,-16.126299],[-54.844979,-16.125831],[-54.853535,-16.120127],[-54.854089,-16.119725],[-54.856802,-16.117635],[-54.857306,-16.117174],[-54.857752,-16.116658],[-54.858026,-16.116295],[-54.858384,-16.115716],[-54.858782,-16.114901],[-54.864213,-16.101456],[-54.864821,-16.099991],[-54.865051,-16.099352],[-54.865371,-16.098266],[-54.866042,-16.096583],[-54.867138,-16.094343],[-54.870305,-16.086581],[-54.870714,-16.085525],[-54.872009,-16.082382],[-54.873189,-16.079438],[-54.873426,-16.078801],[-54.873879,-16.077283],[-54.874074,-16.076399],[-54.874261,-16.075284],[-54.874341,-16.074383],[-54.87439,-16.073253],[-54.87435,-16.071897],[-54.874271,-16.070996],[-54.874175,-16.070325],[-54.873911,-16.068994],[-54.873736,-16.068338],[-54.873471,-16.067472],[-54.872906,-16.06599],[-54.871812,-16.063255],[-54.871604,-16.062609],[-54.871492,-16.06194],[-54.871456,-16.061264],[-54.871527,-16.06059],[-54.871683,-16.059929],[-54.87193,-16.059297],[-54.872255,-16.058699],[-54.876865,-16.052218],[-54.879653,-16.048344],[-54.880561,-16.047038],[-54.880674,-16.046841],[-54.880974,-16.046231],[-54.881266,-16.045374],[-54.882847,-16.038078],[-54.882967,-16.037641],[-54.883133,-16.037219],[-54.883336,-16.036814],[-54.887434,-16.030811],[-54.887707,-16.030447],[-54.888012,-16.030109],[-54.888546,-16.029682],[-54.888936,-16.029443],[-54.897186,-16.02498],[-54.897766,-16.024615],[-54.898137,-16.024348],[-54.901645,-16.021092],[-54.902175,-16.02066],[-54.902905,-16.020111],[-54.910401,-16.01311],[-54.911042,-16.012462],[-54.911944,-16.011438],[-54.913769,-16.009718],[-54.913919,-16.009548],[-54.914196,-16.009188],[-54.914316,-16.008996],[-54.914513,-16.008587],[-54.914666,-16.008162],[-54.915936,-16.001956],[-54.916246,-16.000635],[-54.916467,-15.999993],[-54.91674,-15.99937],[-54.91696,-15.998973],[-54.917327,-15.998399],[-54.917747,-15.997862],[-54.918661,-15.996848],[-54.919462,-15.996038],[-54.920634,-15.994955],[-54.921883,-15.993629],[-54.923879,-15.991443],[-54.924447,-15.990733],[-54.925495,-15.989249],[-54.926216,-15.988369],[-54.926853,-15.987718],[-54.927465,-15.987044],[-54.93158,-15.98189],[-54.932115,-15.981155],[-54.932869,-15.98002],[-54.934283,-15.978239],[-54.93459,-15.977902],[-54.935608,-15.976989],[-54.935915,-15.976653],[-54.939605,-15.972032],[-54.940088,-15.97155],[-54.941088,-15.970312],[-54.941572,-15.96983],[-54.941934,-15.969552],[-54.942128,-15.969431],[-54.942751,-15.969144],[-54.943189,-15.969011],[-54.943415,-15.968972],[-54.943642,-15.968938],[-54.944101,-15.968922],[-54.94456,-15.968928],[-54.945013,-15.968985],[-54.945472,-15.969009],[-54.94639,-15.969],[-54.948685,-15.969076],[-54.950746,-15.969218],[-54.951424,-15.969331],[-54.952338,-15.969419],[-54.954158,-15.969659],[-54.957359,-15.96995],[-54.957817,-15.969931],[-54.958262,-15.969824],[-54.958473,-15.969734],[-54.958668,-15.969615],[-54.958851,-15.969479],[-54.959179,-15.969163],[-54.963466,-15.963855],[-54.964134,-15.962937],[-54.964617,-15.962453],[-54.964758,-15.962276],[-54.964965,-15.961875],[-54.965142,-15.961735],[-54.965352,-15.961644],[-54.966431,-15.961259],[-54.969203,-15.960169],[-54.969411,-15.960074],[-54.970005,-15.959733],[-54.970666,-15.959547],[-54.97088,-15.959465],[-54.971287,-15.959256],[-54.971479,-15.959132],[-54.971842,-15.958856],[-54.972006,-15.958699],[-54.972628,-15.958033],[-54.97319,-15.957643],[-54.973691,-15.957177],[-54.974295,-15.956497],[-54.975905,-15.954885],[-54.976083,-15.954743],[-54.976466,-15.954495],[-54.976638,-15.954345],[-54.978774,-15.952293],[-54.979229,-15.951784],[-54.979414,-15.951652],[-54.981147,-15.951057],[-54.981589,-15.950938],[-54.982045,-15.950885],[-54.982504,-15.950873],[-54.983419,-15.950935],[-54.984098,-15.951047],[-54.984546,-15.951147],[-54.985206,-15.951342],[-54.98628,-15.95174],[-54.986694,-15.951933],[-54.990582,-15.953311],[-54.991031,-15.953407],[-54.991488,-15.953425],[-54.991717,-15.953405],[-54.992164,-15.953304],[-54.992821,-15.953101],[-55.001472,-15.950066],[-55.002115,-15.949823],[-55.002683,-15.949444],[-55.003493,-15.94902],[-55.003856,-15.948743],[-55.004176,-15.94842],[-55.004434,-15.948046],[-55.004749,-15.947443],[-55.00532,-15.946209],[-55.005432,-15.946012],[-55.005691,-15.945639],[-55.006013,-15.945317],[-55.006381,-15.945048],[-55.006578,-15.944931],[-55.009628,-15.943356],[-55.010262,-15.943092],[-55.010921,-15.942896],[-55.01521,-15.942112],[-55.015883,-15.941968],[-55.016539,-15.941765],[-55.017146,-15.941445],[-55.017513,-15.941175],[-55.017998,-15.940695],[-55.018261,-15.940324],[-55.018571,-15.93972],[-55.018887,-15.93887],[-55.020083,-15.935212],[-55.020395,-15.934124],[-55.020758,-15.932582],[-55.021325,-15.930862],[-55.021516,-15.930211],[-55.022376,-15.927633],[-55.023216,-15.925529],[-55.024131,-15.922732],[-55.02438,-15.922099],[-55.024782,-15.921287],[-55.02504,-15.920913],[-55.025602,-15.920197],[-55.025903,-15.919857],[-55.026232,-15.919541],[-55.033517,-15.913319],[-55.034253,-15.912779],[-55.034644,-15.912543],[-55.035051,-15.912334],[-55.035472,-15.912152],[-55.035905,-15.912002],[-55.036795,-15.91178],[-55.039724,-15.911215],[-55.040619,-15.911013],[-55.041057,-15.910879],[-55.0417,-15.910635],[-55.042521,-15.91023],[-55.042912,-15.909994],[-55.043474,-15.909602],[-55.045091,-15.908335],[-55.048599,-15.905782],[-55.051447,-15.903875],[-55.054043,-15.902008],[-55.054432,-15.901769],[-55.054845,-15.901573],[-55.055059,-15.90149],[-55.055502,-15.901373],[-55.056184,-15.901278],[-55.056872,-15.901271],[-55.057555,-15.901356],[-55.080785,-15.905715],[-55.083509,-15.906117],[-55.08509,-15.906401],[-55.085776,-15.90646],[-55.086234,-15.906454],[-55.08669,-15.906405],[-55.08714,-15.906311],[-55.087795,-15.906105],[-55.088429,-15.905839],[-55.09071,-15.904772],[-55.092826,-15.903895],[-55.094286,-15.903232],[-55.094688,-15.903014],[-55.09525,-15.902623],[-55.095756,-15.902163],[-55.09607,-15.901833],[-55.096784,-15.900948],[-55.117074,-15.874957],[-55.117606,-15.87422],[-55.118484,-15.872894],[-55.118623,-15.872715],[-55.121305,-15.869327],[-55.12208,-15.868492],[-55.122667,-15.867797],[-55.12605,-15.863514],[-55.131515,-15.85653],[-55.132262,-15.855672],[-55.132776,-15.855221],[-55.13333,-15.854818],[-55.150177,-15.843834],[-55.151119,-15.843188],[-55.152766,-15.841961],[-55.154679,-15.84071],[-55.155287,-15.840393],[-55.155919,-15.840123],[-55.161304,-15.838168],[-55.161942,-15.837913],[-55.163829,-15.837084],[-55.165114,-15.836594],[-55.166196,-15.836216],[-55.167738,-15.835772],[-55.168608,-15.835482],[-55.200201,-15.82379],[-55.201079,-15.823525],[-55.203516,-15.822874],[-55.205038,-15.822364],[-55.205916,-15.822101],[-55.208582,-15.821414],[-55.210609,-15.821018],[-55.2115,-15.820802],[-55.224376,-15.817457],[-55.225278,-15.817284],[-55.228223,-15.816808],[-55.230235,-15.816346],[-55.233184,-15.815889],[-55.235241,-15.815699],[-55.236152,-15.815584],[-55.252464,-15.812944],[-55.266968,-15.810626],[-55.268094,-15.810407],[-55.269658,-15.810044],[-55.273736,-15.80938],[-55.274645,-15.809255],[-55.27693,-15.809031],[-55.296872,-15.805839],[-55.297783,-15.805725],[-55.298471,-15.805693],[-55.299158,-15.805738],[-55.300056,-15.805922],[-55.300704,-15.806151],[-55.301518,-15.806566],[-55.301909,-15.806805],[-55.305326,-15.809094],[-55.310616,-15.81269],[-55.311588,-15.813292],[-55.313381,-15.814304],[-55.316809,-15.816576],[-55.31881,-15.818093],[-55.319949,-15.818856],[-55.320743,-15.819309],[-55.320954,-15.8194],[-55.321601,-15.81963],[-55.322272,-15.81978],[-55.322727,-15.819842],[-55.323415,-15.819867],[-55.324326,-15.81976],[-55.326788,-15.819206],[-55.327464,-15.819075],[-55.332445,-15.818251],[-55.334045,-15.818098],[-55.334955,-15.817979],[-55.364152,-15.813081],[-55.364828,-15.812951],[-55.366837,-15.812477],[-55.37091,-15.811787],[-55.37182,-15.811668],[-55.37342,-15.811514],[-55.376592,-15.811006],[-55.377737,-15.81093],[-55.378425,-15.810962],[-55.379333,-15.811097],[-55.380002,-15.811258],[-55.391222,-15.814556],[-55.399794,-15.817106],[-55.400903,-15.817398],[-55.401581,-15.817518],[-55.402267,-15.817571],[-55.402726,-15.817579],[-55.403184,-15.817549],[-55.403866,-15.817456],[-55.40521,-15.817158],[-55.406991,-15.816715],[-55.411232,-15.815711],[-55.412135,-15.815547],[-55.412592,-15.815504],[-55.413508,-15.815551],[-55.413959,-15.815636],[-55.414617,-15.815835],[-55.41504,-15.816011],[-55.415443,-15.816226],[-55.415829,-15.81647],[-55.416188,-15.816752],[-55.416526,-15.817058],[-55.416843,-15.817385],[-55.418669,-15.819417],[-55.419169,-15.819882],[-55.419535,-15.820155],[-55.419934,-15.820379],[-55.420354,-15.820561],[-55.423192,-15.821471],[-55.424244,-15.821924],[-55.424844,-15.822255],[-55.425416,-15.822634],[-55.427595,-15.824294],[-55.428165,-15.824674],[-55.428775,-15.824988],[-55.432134,-15.826452],[-55.43295,-15.826866],[-55.433705,-15.82738],[-55.43457,-15.828123],[-55.437509,-15.830983],[-55.437874,-15.831257],[-55.438072,-15.83137],[-55.438495,-15.831545],[-55.438717,-15.831599],[-55.439172,-15.83165],[-55.439401,-15.83165],[-55.439628,-15.831621],[-55.440073,-15.831511],[-55.440503,-15.831353],[-55.45172,-15.826151],[-55.452149,-15.825991],[-55.452371,-15.825935],[-55.452826,-15.825883],[-55.453056,-15.825889],[-55.45351,-15.825952],[-55.453947,-15.826088],[-55.454994,-15.826552],[-55.456487,-15.827137],[-55.458152,-15.8279],[-55.459177,-15.828409],[-55.46105,-15.829267],[-55.46285,-15.830265],[-55.47113,-15.834178],[-55.47199,-15.834493],[-55.472884,-15.834696],[-55.476728,-15.835366],[-55.477409,-15.835464],[-55.479237,-15.835643],[-55.483989,-15.836445],[-55.485323,-15.836783],[-55.485996,-15.836926],[-55.48984,-15.837592],[-55.490752,-15.8377],[-55.49144,-15.837714],[-55.491898,-15.837681],[-55.492794,-15.837483],[-55.493224,-15.837328],[-55.493631,-15.837117],[-55.494599,-15.836511],[-55.50819,-15.826853],[-55.508916,-15.826299],[-55.509603,-15.825698],[-55.510143,-15.825278],[-55.515917,-15.82118],[-55.516694,-15.820698],[-55.5171,-15.820486],[-55.517729,-15.820211],[-55.518379,-15.819987],[-55.519046,-15.81982],[-55.519725,-15.819706],[-55.521549,-15.819488],[-55.523612,-15.81939],[-55.529771,-15.818698],[-55.531134,-15.818499],[-55.531799,-15.818324],[-55.535909,-15.816884],[-55.536529,-15.816592],[-55.536919,-15.816353],[-55.537286,-15.816082],[-55.537633,-15.815786],[-55.537952,-15.815462],[-55.538245,-15.815113],[-55.538621,-15.814545],[-55.539005,-15.813725],[-55.539464,-15.812446],[-55.539746,-15.811827],[-55.543045,-15.806133],[-55.543357,-15.805528],[-55.543976,-15.804068],[-55.544305,-15.803472],[-55.544684,-15.802906],[-55.544972,-15.802554],[-55.547369,-15.799813],[-55.547745,-15.799246],[-55.547925,-15.798831],[-55.547992,-15.798615],[-55.548075,-15.79817],[-55.548107,-15.79772],[-55.5481,-15.797494],[-55.54777,-15.795029],[-55.54775,-15.794577],[-55.547801,-15.794127],[-55.547936,-15.793696],[-55.548038,-15.793493],[-55.548308,-15.793129],[-55.548649,-15.792828],[-55.549038,-15.792589],[-55.549248,-15.792498],[-55.549694,-15.792397],[-55.549923,-15.792375],[-55.550382,-15.79238],[-55.550828,-15.792487],[-55.55192,-15.792834],[-55.552339,-15.793017],[-55.552695,-15.793299],[-55.552964,-15.793663],[-55.553792,-15.795277],[-55.554052,-15.795649],[-55.5544,-15.795944],[-55.555508,-15.796748],[-55.55571,-15.796855],[-55.555926,-15.796931],[-55.556379,-15.796997],[-55.558442,-15.796902],[-55.558895,-15.79683],[-55.566269,-15.795114],[-55.566708,-15.794982],[-55.566914,-15.794882],[-55.567113,-15.794772],[-55.569014,-15.793504],[-55.569419,-15.793291],[-55.569858,-15.793162],[-55.570087,-15.793152],[-55.570543,-15.793201],[-55.572982,-15.793845],[-55.573437,-15.793899],[-55.573666,-15.793891],[-55.575272,-15.793822],[-55.577103,-15.793685],[-55.577559,-15.79363],[-55.578002,-15.793515],[-55.579693,-15.792809],[-55.579915,-15.792753],[-55.580143,-15.792725],[-55.580372,-15.792727],[-55.580599,-15.792757],[-55.580814,-15.792834],[-55.581195,-15.793083],[-55.581705,-15.793539],[-55.581888,-15.793676],[-55.582081,-15.793797],[-55.582291,-15.793887],[-55.582511,-15.793952],[-55.582967,-15.79399],[-55.583196,-15.793968],[-55.584757,-15.793593],[-55.585207,-15.793507],[-55.585665,-15.793507],[-55.586114,-15.793599],[-55.586332,-15.793671],[-55.58675,-15.793857],[-55.588334,-15.794773],[-55.588741,-15.794981],[-55.589163,-15.795159],[-55.592646,-15.79631],[-55.593307,-15.796499],[-55.593532,-15.796543],[-55.594215,-15.796627],[-55.595131,-15.796688],[-55.604081,-15.79696],[-55.60454,-15.79694],[-55.60499,-15.796848],[-55.605642,-15.796633],[-55.606047,-15.796421],[-55.606415,-15.796151],[-55.606752,-15.795844],[-55.607178,-15.795312],[-55.607411,-15.794923],[-55.607669,-15.794295],[-55.607777,-15.793856],[-55.607809,-15.793632],[-55.607829,-15.793181],[-55.607755,-15.792279],[-55.607489,-15.790262],[-55.607447,-15.789811],[-55.607423,-15.789134],[-55.607476,-15.788231],[-55.607611,-15.787337],[-55.607857,-15.786466],[-55.608185,-15.785622],[-55.608485,-15.785011],[-55.608829,-15.784424],[-55.609221,-15.783866],[-55.616196,-15.775174],[-55.616506,-15.774842],[-55.616877,-15.774577],[-55.617302,-15.774409],[-55.617527,-15.774361],[-55.617755,-15.774335],[-55.617984,-15.774338],[-55.618434,-15.774422],[-55.619284,-15.774761],[-55.619717,-15.774911],[-55.62017,-15.774979],[-55.620399,-15.774967],[-55.620851,-15.77489],[-55.621269,-15.774708],[-55.621649,-15.774454],[-55.622192,-15.774037],[-55.622594,-15.77382],[-55.623034,-15.773696],[-55.623262,-15.773673],[-55.623492,-15.773663],[-55.62372,-15.77368],[-55.623942,-15.773734],[-55.624159,-15.773806],[-55.624553,-15.774037],[-55.627552,-15.776497],[-55.627915,-15.776774],[-55.628491,-15.777144],[-55.628893,-15.777363],[-55.62931,-15.777553],[-55.629956,-15.777788],[-55.631278,-15.778168],[-55.631726,-15.778269],[-55.631954,-15.778295],[-55.632411,-15.778279],[-55.632856,-15.77817],[-55.633271,-15.777979],[-55.633653,-15.77773],[-55.63382,-15.777576],[-55.633966,-15.777402],[-55.634205,-15.777017],[-55.634791,-15.775543],[-55.634997,-15.77514],[-55.635127,-15.774953],[-55.635451,-15.774635],[-55.635829,-15.774379],[-55.636248,-15.774198],[-55.636695,-15.774094],[-55.637153,-15.77409],[-55.637829,-15.774219],[-55.648967,-15.776957],[-55.64965,-15.777039],[-55.650107,-15.777008],[-55.650778,-15.776856],[-55.651205,-15.776692],[-55.651407,-15.776585],[-55.651785,-15.776328],[-55.652278,-15.775857],[-55.652666,-15.775298],[-55.652854,-15.774885],[-55.657662,-15.759074],[-55.657854,-15.758191],[-55.657909,-15.757515],[-55.657794,-15.753673],[-55.657812,-15.752996],[-55.657962,-15.752104],[-55.65824,-15.751243],[-55.658436,-15.750835],[-55.658661,-15.750441],[-55.660479,-15.74756],[-55.660992,-15.74655],[-55.666466,-15.733365],[-55.666748,-15.732747],[-55.667099,-15.732163],[-55.670959,-15.726546],[-55.671371,-15.726002],[-55.671671,-15.72566],[-55.671997,-15.725342],[-55.672713,-15.724776],[-55.680254,-15.719614],[-55.680647,-15.719381],[-55.681466,-15.718971],[-55.697671,-15.711464],[-55.698869,-15.710796],[-55.707329,-15.705784],[-55.707932,-15.705456],[-55.708141,-15.705363],[-55.708564,-15.705188],[-55.708999,-15.705044],[-55.709446,-15.704938],[-55.710125,-15.704828],[-55.710812,-15.704782],[-55.743399,-15.703807],[-55.752351,-15.70359],[-55.796881,-15.70261],[-55.825574,-15.702022],[-55.830393,-15.701869],[-55.83223,-15.70185],[-55.846691,-15.70156],[-55.8685,-15.70122],[-55.869873,-15.701102],[-55.87079,-15.701069],[-55.877448,-15.701011],[-55.879051,-15.701109],[-55.887546,-15.70103],[-55.888004,-15.700999],[-55.888458,-15.700935],[-55.888906,-15.700838],[-55.889345,-15.700705],[-55.889771,-15.700535],[-55.890181,-15.700332],[-55.897674,-15.695932],[-55.900612,-15.694164],[-55.900978,-15.69389],[-55.90148,-15.693427],[-55.901786,-15.693089],[-55.9031,-15.691519],[-55.903419,-15.691194],[-55.903946,-15.690758],[-55.904328,-15.690508],[-55.904928,-15.690174],[-55.918535,-15.68414],[-55.919361,-15.683744],[-55.920159,-15.683296],[-55.920782,-15.683007],[-55.920992,-15.682916],[-55.922507,-15.68239],[-55.93344,-15.677666],[-55.949017,-15.670986],[-55.949634,-15.670684],[-55.950622,-15.670109],[-55.95125,-15.669831],[-55.952313,-15.669404],[-55.953192,-15.669143],[-55.953624,-15.66899],[-55.956367,-15.667831],[-55.956776,-15.667626],[-55.95737,-15.667282],[-55.958198,-15.666893],[-55.959047,-15.666548],[-55.96015,-15.666234],[-55.960797,-15.666002],[-55.96206,-15.665461],[-55.978351,-15.658699],[-55.980484,-15.657862],[-55.983007,-15.656773],[-55.987031,-15.655114],[-55.988334,-15.654672],[-55.989194,-15.654356],[-55.991307,-15.653472],[-55.992744,-15.652764],[-55.993581,-15.652391],[-56.008628,-15.646217],[-56.009866,-15.645624],[-56.011138,-15.645103],[-56.012442,-15.644665],[-56.01882,-15.642104],[-56.019239,-15.641921],[-56.020037,-15.641473],[-56.022155,-15.640602],[-56.022566,-15.640401],[-56.02533,-15.639292],[-56.025551,-15.63923],[-56.025778,-15.639197],[-56.026006,-15.639206],[-56.026449,-15.639322],[-56.026885,-15.639465],[-56.027334,-15.639559],[-56.03031,-15.63978],[-56.032139,-15.639943],[-56.033516,-15.639977],[-56.034203,-15.64003],[-56.034886,-15.640114],[-56.035334,-15.640209],[-56.035551,-15.640283],[-56.035779,-15.640307],[-56.036697,-15.640305],[-56.037153,-15.640257],[-56.037603,-15.640168],[-56.038043,-15.640039],[-56.038473,-15.639881],[-56.039092,-15.639585],[-56.043443,-15.636638],[-56.043768,-15.636325],[-56.043955,-15.636195],[-56.050085,-15.632207],[-56.050828,-15.631675],[-56.052547,-15.630546],[-56.053477,-15.629885],[-56.054184,-15.629308],[-56.054754,-15.628928],[-56.055559,-15.628494],[-56.057457,-15.627221],[-56.058945,-15.626161],[-56.062063,-15.62385],[-56.062596,-15.62342],[-56.066063,-15.620455],[-56.066511,-15.619942],[-56.067553,-15.619054],[-56.068297,-15.618525],[-56.071234,-15.615994],[-56.0726,-15.614785],[-56.075197,-15.612558],[-56.0766,-15.611389],[-56.07814,-15.610033],[-56.079712,-15.608712],[-56.079847,-15.608539],[-56.07988,-15.60832],[-56.079766,-15.608126],[-56.079613,-15.607958],[-56.079492,-15.607768],[-56.079451,-15.60755],[-56.079491,-15.6071],[-56.079468,-15.606876],[-56.079374,-15.606671],[-56.079103,-15.606306],[-56.078368,-15.605437],[-56.076647,-15.603618],[-56.076379,-15.603251],[-56.076275,-15.60305],[-56.076103,-15.602631],[-56.076071,-15.602411],[-56.076063,-15.601959],[-56.076089,-15.601734],[-56.076189,-15.601294],[-56.076555,-15.600465],[-56.076862,-15.599613],[-56.077166,-15.599004],[-56.077763,-15.597535],[-56.078411,-15.595843],[-56.079156,-15.594189],[-56.079759,-15.592722],[-56.080052,-15.59211],[-56.080424,-15.591539],[-56.080849,-15.591005],[-56.081159,-15.590672],[-56.084019,-15.588056],[-56.084731,-15.587486],[-56.086066,-15.586606],[-56.086434,-15.586336],[-56.086603,-15.586183],[-56.090128,-15.582943],[-56.090585,-15.582437],[-56.090863,-15.582077],[-56.090982,-15.581884],[-56.091308,-15.581288],[-56.091733,-15.580237],[-56.092116,-15.579415],[-56.092155,-15.579198],[-56.092055,-15.579007],[-56.09186,-15.578888],[-56.090473,-15.578089],[-56.090267,-15.57807],[-56.090128,-15.578243],[-56.089687,-15.579036],[-56.089603,-15.57924],[-56.08973,-15.579419],[-56.089899,-15.579571],[-56.090491,-15.579917],[-56.09092,-15.580067],[-56.091312,-15.580302],[-56.091369,-15.58049],[-56.09115,-15.580887],[-56.090955,-15.580957],[-56.089161,-15.579947],[-56.088969,-15.579825],[-56.088973,-15.579615],[-56.089923,-15.578067],[-56.090006,-15.577857],[-56.090386,-15.578035],[-56.090785,-15.578259],[-56.090948,-15.57823],[-56.091561,-15.577274],[-56.09261,-15.576398],[-56.093456,-15.575333],[-56.093954,-15.574864],[-56.094132,-15.574721],[-56.094266,-15.574852],[-56.095007,-15.575996],[-56.095837,-15.577351],[-56.096604,-15.578477],[-56.09671,-15.578678],[-56.096788,-15.57889],[-56.09697,-15.578998],[-56.09719,-15.579056],[-56.097418,-15.579084],[-56.097877,-15.579072],[-56.098102,-15.579032],[-56.098317,-15.578954],[-56.098719,-15.578737],[-56.099069,-15.578447],[-56.099463,-15.577892],[-56.099756,-15.577545],[-56.100246,-15.577068],[-56.102659,-15.575338],[-56.103047,-15.575097],[-56.103458,-15.574899],[-56.104126,-15.574737],[-56.104583,-15.57471],[-56.104813,-15.574723],[-56.105261,-15.57482],[-56.106536,-15.575331],[-56.106755,-15.575398],[-56.107197,-15.575455],[-56.107344,-15.575623],[-56.10762,-15.576244],[-56.107745,-15.576434],[-56.108405,-15.577062],[-56.108709,-15.577401],[-56.108995,-15.577754],[-56.109386,-15.578313],[-56.110193,-15.579681],[-56.110498,-15.580289],[-56.111538,-15.582555],[-56.11177,-15.582945],[-56.112152,-15.58351],[-56.112987,-15.584588],[-56.113287,-15.584931],[-56.113616,-15.585245],[-56.116076,-15.587283],[-56.117055,-15.588237],[-56.11736,-15.588574],[-56.117694,-15.588882],[-56.120449,-15.591916],[-56.12074,-15.592265],[-56.120978,-15.592651],[-56.121122,-15.593079],[-56.121196,-15.593525],[-56.121301,-15.593965],[-56.121483,-15.594361],[-56.12144,-15.59458],[-56.121431,-15.594805],[-56.121458,-15.595029],[-56.121594,-15.595461],[-56.121811,-15.595858],[-56.121955,-15.596033],[-56.122432,-15.596523],[-56.126963,-15.601014],[-56.127135,-15.601163],[-56.127394,-15.601536],[-56.127601,-15.602416],[-56.127697,-15.603543],[-56.127907,-15.604883],[-56.128217,-15.605972],[-56.128383,-15.606393],[-56.128499,-15.60683],[-56.128587,-15.60703],[-56.128779,-15.607146],[-56.129006,-15.607176],[-56.138838,-15.608063],[-56.141127,-15.608235],[-56.142036,-15.608362],[-56.142704,-15.608523],[-56.144453,-15.609075],[-56.146001,-15.609501],[-56.146643,-15.609746],[-56.147469,-15.61014],[-56.147896,-15.610307],[-56.153827,-15.612081],[-56.154275,-15.612183],[-56.155406,-15.612377],[-56.158293,-15.613122],[-56.158969,-15.61325],[-56.159426,-15.61329],[-56.160115,-15.613298],[-56.162181,-15.613274],[-56.163096,-15.613342],[-56.163999,-15.613508],[-56.17116,-15.615126],[-56.171387,-15.615159],[-56.171843,-15.61512],[-56.172058,-15.615052],[-56.17228,-15.615078],[-56.172629,-15.615365],[-56.172822,-15.615486],[-56.173707,-15.615726],[-56.174142,-15.615873],[-56.17498,-15.61624],[-56.175384,-15.616456],[-56.175963,-15.616822],[-56.17668,-15.617387],[-56.177167,-15.617865],[-56.177466,-15.618208],[-56.178103,-15.619149],[-56.178416,-15.619752],[-56.180107,-15.623711],[-56.180249,-15.623888],[-56.18043,-15.624027],[-56.180635,-15.624124],[-56.180794,-15.624284],[-56.180865,-15.624495],[-56.180833,-15.624717],[-56.18074,-15.624918],[-56.18074,-15.625145],[-56.180859,-15.625578],[-56.181228,-15.626407],[-56.186608,-15.637155],[-56.187134,-15.63816],[-56.187498,-15.638735],[-56.188038,-15.639467],[-56.188637,-15.640152],[-56.189469,-15.64093],[-56.189821,-15.64122],[-56.190559,-15.641758],[-56.193453,-15.643597],[-56.193809,-15.643882],[-56.194123,-15.644211],[-56.194391,-15.644579],[-56.19462,-15.644969],[-56.194849,-15.645608],[-56.194992,-15.646272],[-56.195318,-15.64851],[-56.19544,-15.648945],[-56.195531,-15.649152],[-56.195901,-15.649361],[-56.196016,-15.649553],[-56.196898,-15.650274],[-56.263637,-15.678864],[-56.264502,-15.679166],[-56.265169,-15.679335],[-56.265622,-15.679409],[-56.266306,-15.67948],[-56.267913,-15.679489],[-56.296152,-15.679191],[-56.297759,-15.67919],[-56.309238,-15.679051],[-56.316584,-15.678991],[-56.319568,-15.678927],[-56.32048,-15.678822],[-56.321379,-15.678635],[-56.341847,-15.673498],[-56.342521,-15.67336],[-56.343205,-15.673282],[-56.343893,-15.673261],[-56.344581,-15.673299],[-56.345261,-15.673407],[-56.345922,-15.673593],[-56.346775,-15.673926],[-56.347389,-15.674234],[-56.347776,-15.674475],[-56.349227,-15.675585],[-56.354256,-15.679529],[-56.355187,-15.68019],[-56.373206,-15.691887],[-56.37379,-15.692247],[-56.374397,-15.692567],[-56.375241,-15.692922],[-56.376783,-15.693368],[-56.381217,-15.694541],[-56.39096,-15.69717],[-56.405002,-15.702146],[-56.406088,-15.702513],[-56.406752,-15.702692],[-56.40743,-15.70281],[-56.408346,-15.702878],[-56.409034,-15.702862],[-56.409945,-15.702746],[-56.428502,-15.698479],[-56.429839,-15.698155],[-56.430495,-15.697948],[-56.431335,-15.697584],[-56.437867,-15.694271],[-56.438294,-15.694107],[-56.438732,-15.69397],[-56.439177,-15.693861],[-56.439859,-15.693765],[-56.440776,-15.693724],[-56.441233,-15.693763],[-56.441686,-15.693834],[-56.459668,-15.697523],[-56.460111,-15.697639],[-56.460975,-15.697946],[-56.461393,-15.698133],[-56.461796,-15.698349],[-56.462566,-15.698841],[-56.463105,-15.699263],[-56.464875,-15.701036],[-56.466931,-15.703167],[-56.467443,-15.70362],[-56.468371,-15.704621],[-56.469265,-15.70533],[-56.469834,-15.70571],[-56.470639,-15.706145],[-56.471488,-15.706489],[-56.476529,-15.708036],[-56.478926,-15.708822],[-56.479776,-15.709161],[-56.480175,-15.709384],[-56.482484,-15.710864],[-56.484186,-15.712018],[-56.486881,-15.713743],[-56.487283,-15.713961],[-56.490195,-15.715301],[-56.490603,-15.71551],[-56.490989,-15.715754],[-56.491529,-15.716174],[-56.492009,-15.71666],[-56.492597,-15.717355],[-56.495902,-15.721409],[-56.496236,-15.72172],[-56.496589,-15.722008],[-56.497165,-15.722381],[-56.497568,-15.722597],[-56.498208,-15.722848],[-56.498649,-15.722972],[-56.499326,-15.723093],[-56.499785,-15.723122],[-56.500473,-15.723127],[-56.511488,-15.722764],[-56.512175,-15.722795],[-56.51263,-15.722856],[-56.513299,-15.723017],[-56.51373,-15.723172],[-56.514149,-15.723356],[-56.514746,-15.723694],[-56.526138,-15.730911],[-56.527055,-15.731592],[-56.527562,-15.732051],[-56.532627,-15.736974],[-56.533342,-15.737541],[-56.533924,-15.737903],[-56.534528,-15.73823],[-56.549631,-15.745385],[-56.55068,-15.745844],[-56.551549,-15.746136],[-56.566071,-15.750399],[-56.566713,-15.750644],[-56.56734,-15.750926],[-56.577973,-15.756271],[-56.57876,-15.756737],[-56.57952,-15.757245],[-56.588717,-15.763625],[-56.589481,-15.764127],[-56.590083,-15.764456],[-56.600171,-15.769361],[-56.600959,-15.769824],[-56.601682,-15.770381],[-56.602338,-15.771014],[-56.608801,-15.778061],[-56.609135,-15.778371],[-56.609691,-15.778771],[-56.610083,-15.779006],[-56.61071,-15.779287],[-56.623101,-15.78409],[-56.62354,-15.784221],[-56.624214,-15.784357],[-56.62467,-15.784414],[-56.625129,-15.784429],[-56.625815,-15.784375],[-56.629223,-15.783887],[-56.630136,-15.783787],[-56.630824,-15.783792],[-56.631281,-15.783839],[-56.631731,-15.783924],[-56.632172,-15.784051],[-56.632817,-15.784289],[-56.643179,-15.788604],[-56.643616,-15.788741],[-56.644284,-15.788907],[-56.645191,-15.789046],[-56.652028,-15.789868],[-56.653153,-15.790093],[-56.654034,-15.790345],[-56.654683,-15.790574],[-56.655105,-15.790751],[-56.655724,-15.791049],[-56.656126,-15.791269],[-56.663954,-15.795996],[-56.664361,-15.796206],[-56.664994,-15.796473],[-56.665646,-15.79669],[-56.666091,-15.796803],[-56.666996,-15.796957],[-56.667453,-15.796998],[-56.667912,-15.797008],[-56.668599,-15.796968],[-56.670186,-15.796723],[-56.683528,-15.794412],[-56.684213,-15.794353],[-56.684671,-15.794377],[-56.685121,-15.794463],[-56.685554,-15.794613],[-56.685763,-15.794708],[-56.686155,-15.794942],[-56.686682,-15.795378],[-56.690064,-15.799072],[-56.690704,-15.79972],[-56.691248,-15.800136],[-56.691639,-15.800371],[-56.692047,-15.80058],[-56.692469,-15.800756],[-56.693124,-15.800968],[-56.70262,-15.803628],[-56.702842,-15.803681],[-56.706247,-15.804194],[-56.706696,-15.804288],[-56.70735,-15.8045],[-56.707559,-15.804593],[-56.712543,-15.806907],[-56.713557,-15.807435],[-56.71429,-15.807978],[-56.71478,-15.808455],[-56.715208,-15.808985],[-56.716135,-15.810278],[-56.716426,-15.810628],[-56.716743,-15.810954],[-56.717755,-15.811875],[-56.726123,-15.81928],[-56.726655,-15.819711],[-56.727041,-15.819955],[-56.727246,-15.820055],[-56.727676,-15.820212],[-56.728127,-15.820294],[-56.728815,-15.820294],[-56.730417,-15.820165],[-56.730876,-15.820169],[-56.731334,-15.820205],[-56.731788,-15.820271],[-56.732236,-15.82037],[-56.732674,-15.820502],[-56.733309,-15.820766],[-56.745546,-15.826487],[-56.7468,-15.827048],[-56.774173,-15.836941],[-56.775026,-15.837277],[-56.775644,-15.837575],[-56.776246,-15.837904],[-56.791115,-15.847322],[-56.792125,-15.847858],[-56.792979,-15.848188],[-56.793868,-15.848412],[-56.794776,-15.848549],[-56.811024,-15.84985],[-56.811935,-15.849956],[-56.812607,-15.850105],[-56.813483,-15.850376],[-56.818444,-15.852158],[-56.818886,-15.852282],[-56.819782,-15.852478],[-56.820693,-15.852588],[-56.82207,-15.8526],[-56.847072,-15.851514],[-56.84776,-15.851527],[-56.848216,-15.851576],[-56.848668,-15.851656],[-56.849332,-15.851834],[-56.849977,-15.852073],[-56.850391,-15.852268],[-56.850788,-15.852495],[-56.851169,-15.852746],[-56.851535,-15.85302],[-56.856542,-15.857342],[-56.856869,-15.857659],[-56.857305,-15.858184],[-56.857667,-15.85876],[-56.857957,-15.859375],[-56.858168,-15.86002],[-56.858481,-15.861341],[-56.85861,-15.861774],[-56.860342,-15.865716],[-56.860578,-15.866353],[-56.86138,-15.868712],[-56.861641,-15.869339],[-56.861948,-15.869946],[-56.862307,-15.870525],[-56.862853,-15.871252],[-56.86896,-15.87889],[-56.869267,-15.879226],[-56.869602,-15.879535],[-56.869963,-15.879815],[-56.870344,-15.880067],[-56.870951,-15.880386],[-56.871374,-15.880561],[-56.886372,-15.884834],[-56.887689,-15.88523],[-56.888532,-15.885586],[-56.888733,-15.885695],[-56.889305,-15.886073],[-56.889494,-15.886201],[-56.889835,-15.886503],[-56.890298,-15.887005],[-56.890578,-15.887363],[-56.890947,-15.887936],[-56.898233,-15.90024],[-56.898449,-15.900639],[-56.898886,-15.901684],[-56.903012,-15.913676],[-56.903327,-15.914525],[-56.903515,-15.914937],[-56.903729,-15.915337],[-56.9041,-15.915908],[-56.90467,-15.916617],[-56.913729,-15.927135],[-56.914492,-15.92798],[-56.91482,-15.928296],[-56.91535,-15.928729],[-56.915723,-15.928992],[-56.916115,-15.929229],[-56.928732,-15.935719],[-56.929564,-15.936101],[-56.930218,-15.936313],[-56.930441,-15.936365],[-56.930893,-15.936445],[-56.93135,-15.936482],[-56.931809,-15.936485],[-56.932267,-15.936458],[-56.932722,-15.936395],[-56.933388,-15.936225],[-56.934032,-15.935985],[-56.949062,-15.929208],[-56.94971,-15.928978],[-56.950379,-15.928818],[-56.950832,-15.928747],[-56.951517,-15.928681],[-56.951976,-15.92867],[-56.952891,-15.928742],[-56.985963,-15.932498],[-56.988009,-15.932787],[-56.992798,-15.933336],[-57.044364,-15.939023],[-57.071531,-15.941881],[-57.080438,-15.94279],[-57.089798,-15.943775],[-57.090485,-15.943817],[-57.090944,-15.943818],[-57.091861,-15.943765],[-57.108966,-15.941812],[-57.109645,-15.941701],[-57.110315,-15.941544],[-57.110965,-15.941321],[-57.111597,-15.94105],[-57.112205,-15.940734],[-57.112591,-15.940489],[-57.123546,-15.933033],[-57.12394,-15.932801],[-57.124353,-15.932605],[-57.124789,-15.932464],[-57.125238,-15.932373],[-57.125924,-15.932323],[-57.126383,-15.932347],[-57.126834,-15.932426],[-57.127274,-15.932554],[-57.127693,-15.932739],[-57.128278,-15.933096],[-57.130031,-15.934555],[-57.157444,-15.957952],[-57.1966,-15.99148],[-57.216774,-16.008946],[-57.218684,-16.010573],[-57.221236,-16.012497],[-57.227861,-16.017365],[-57.229862,-16.018882],[-57.264233,-16.0457],[-57.265469,-16.046711],[-57.265801,-16.047024],[-57.266239,-16.047546],[-57.266615,-16.048114],[-57.266938,-16.048713],[-57.267115,-16.04913],[-57.267259,-16.049559],[-57.267374,-16.049997],[-57.267447,-16.050443],[-57.267898,-16.054943],[-57.268107,-16.056054],[-57.268377,-16.056918],[-57.271515,-16.066136],[-57.271768,-16.066767],[-57.271968,-16.067174],[-57.272451,-16.067943],[-57.277732,-16.075616],[-57.279773,-16.078624],[-57.306753,-16.11906],[-57.307026,-16.119424],[-57.307629,-16.120105],[-57.3083,-16.120722],[-57.311497,-16.123301],[-57.316269,-16.127197],[-57.331584,-16.140175],[-57.33231,-16.140728],[-57.332884,-16.141102],[-57.333282,-16.141328],[-57.333893,-16.141641],[-57.334311,-16.141827],[-57.335166,-16.142158],[-57.33971,-16.143746],[-57.340559,-16.14409],[-57.341371,-16.144513],[-57.349801,-16.149572],[-57.350531,-16.15012],[-57.351034,-16.150584],[-57.351489,-16.151092],[-57.351774,-16.151447],[-57.352029,-16.151822],[-57.352256,-16.152215],[-57.352545,-16.15283],[-57.352702,-16.153255],[-57.352832,-16.153689],[-57.352976,-16.154352],[-57.353044,-16.155027],[-57.353059,-16.155705],[-57.352804,-16.16384],[-57.352815,-16.164292],[-57.352852,-16.164742],[-57.352959,-16.165412],[-57.353134,-16.166068],[-57.353464,-16.166911],[-57.353896,-16.167708],[-57.354417,-16.168453],[-57.36637,-16.183068],[-57.367117,-16.183927],[-57.367439,-16.184249],[-57.367782,-16.184549],[-57.368335,-16.184953],[-57.368722,-16.185196],[-57.369328,-16.185519],[-57.372833,-16.187209],[-57.373424,-16.187557],[-57.373798,-16.187819],[-57.37449,-16.188414],[-57.374965,-16.188904],[-57.385046,-16.20123],[-57.385501,-16.201739],[-57.385822,-16.202062],[-57.386168,-16.202359],[-57.386931,-16.202861],[-57.387343,-16.20306],[-57.387987,-16.2033],[-57.388656,-16.203457],[-57.388883,-16.203492],[-57.407616,-16.205335],[-57.408071,-16.205395],[-57.408746,-16.205532],[-57.409399,-16.205746],[-57.410232,-16.206124],[-57.411011,-16.206603],[-57.411367,-16.206888],[-57.411704,-16.207195],[-57.412159,-16.207703],[-57.427533,-16.227434],[-57.427967,-16.227961],[-57.428438,-16.228456],[-57.428774,-16.228764],[-57.429135,-16.229044],[-57.42971,-16.229415],[-57.430322,-16.229727],[-57.430964,-16.229971],[-57.431185,-16.230032],[-57.432084,-16.230215],[-57.432998,-16.230289],[-57.433457,-16.230281],[-57.434831,-16.230182],[-57.43529,-16.230196],[-57.43574,-16.230277],[-57.43616,-16.230456],[-57.436737,-16.230826],[-57.438974,-16.23241],[-57.439498,-16.232849],[-57.445232,-16.238711],[-57.445406,-16.238859],[-57.445979,-16.239233],[-57.446187,-16.23933],[-57.44836,-16.240058],[-57.448788,-16.240221],[-57.449197,-16.240424],[-57.449575,-16.24068],[-57.449746,-16.24083],[-57.45005,-16.241168],[-57.4503,-16.241547],[-57.455219,-16.25075],[-57.455683,-16.251531],[-57.456099,-16.25207],[-57.456591,-16.252545],[-57.457825,-16.253558],[-57.458218,-16.253791],[-57.458427,-16.253884],[-57.458644,-16.253958],[-57.459096,-16.254029],[-57.459555,-16.254029],[-57.459782,-16.253998],[-57.464286,-16.25312],[-57.464733,-16.253014],[-57.464946,-16.252933],[-57.465147,-16.252823],[-57.465328,-16.252685],[-57.465484,-16.252521],[-57.465608,-16.252331],[-57.465756,-16.251905],[-57.465925,-16.251016],[-57.465989,-16.250799],[-57.466085,-16.250594],[-57.466211,-16.250405],[-57.466371,-16.250246],[-57.466564,-16.250123],[-57.466774,-16.250036],[-57.466998,-16.249987],[-57.467226,-16.249978],[-57.467455,-16.249999],[-57.468121,-16.250171],[-57.468573,-16.250244],[-57.468801,-16.250243],[-57.469027,-16.250202],[-57.469242,-16.250124],[-57.469614,-16.249862],[-57.469766,-16.249693],[-57.470006,-16.249309],[-57.470536,-16.248307],[-57.470803,-16.24794],[-57.470974,-16.24779],[-57.471167,-16.247667],[-57.471382,-16.247591],[-57.471607,-16.247548],[-57.471836,-16.24755],[-57.472061,-16.247591],[-57.472271,-16.247681],[-57.472468,-16.247796],[-57.472643,-16.247943],[-57.473268,-16.248604],[-57.473633,-16.248876],[-57.473842,-16.248969],[-57.474063,-16.249028],[-57.474292,-16.249034],[-57.474518,-16.249003],[-57.474739,-16.248946],[-57.47515,-16.248745],[-57.477748,-16.247296],[-57.478165,-16.247109],[-57.479038,-16.246827],[-57.479485,-16.246727],[-57.479713,-16.2467],[-57.481545,-16.246575],[-57.48223,-16.246504],[-57.482669,-16.246377],[-57.483693,-16.245867],[-57.48413,-16.245734],[-57.484586,-16.24568],[-57.486422,-16.245632],[-57.487101,-16.245526],[-57.493285,-16.243794],[-57.493734,-16.243701],[-57.49419,-16.24365],[-57.494879,-16.243646],[-57.498777,-16.24383],[-57.500155,-16.24381],[-57.503138,-16.243721],[-57.503825,-16.243767],[-57.504721,-16.24396],[-57.505372,-16.244181],[-57.510525,-16.246104],[-57.510945,-16.246287],[-57.511551,-16.246608],[-57.512128,-16.246978],[-57.515485,-16.249351],[-57.51589,-16.249563],[-57.516329,-16.249693],[-57.516556,-16.249729],[-57.516785,-16.249737],[-57.517469,-16.249667],[-57.519488,-16.249238],[-57.520404,-16.249168],[-57.52224,-16.249114],[-57.522925,-16.249052],[-57.523603,-16.24893],[-57.542843,-16.244562],[-57.543283,-16.244435],[-57.543932,-16.244205],[-57.549686,-16.241935],[-57.551398,-16.241281],[-57.552494,-16.240946],[-57.553172,-16.240828],[-57.554087,-16.240753],[-57.564635,-16.240225],[-57.565314,-16.240116],[-57.565532,-16.240045],[-57.565946,-16.239854],[-57.566326,-16.2396],[-57.566645,-16.239276],[-57.566908,-16.238906],[-57.567103,-16.238498],[-57.567176,-16.238283],[-57.567228,-16.238063],[-57.567285,-16.237615],[-57.567414,-16.235358],[-57.567512,-16.234687],[-57.567649,-16.234256],[-57.568464,-16.232386],[-57.568656,-16.231736],[-57.56877,-16.231067],[-57.568804,-16.230616],[-57.568843,-16.22813],[-57.568869,-16.227678],[-57.568942,-16.227232],[-57.569011,-16.227017],[-57.569216,-16.226612],[-57.569494,-16.226253],[-57.569653,-16.22609],[-57.570015,-16.225812],[-57.571522,-16.224779],[-57.571873,-16.224487],[-57.572173,-16.224146],[-57.572416,-16.223762],[-57.57252,-16.223561],[-57.572673,-16.223135],[-57.572751,-16.22269],[-57.573536,-16.214133],[-57.573655,-16.213237],[-57.576413,-16.201566],[-57.576651,-16.20093],[-57.576962,-16.200325],[-57.57721,-16.199945],[-57.577646,-16.19942],[-57.577969,-16.199099],[-57.578317,-16.198805],[-57.578887,-16.198425],[-57.579497,-16.198111],[-57.58641,-16.195058],[-57.586848,-16.194923],[-57.587302,-16.19486],[-57.587761,-16.194866],[-57.588211,-16.194953],[-57.58864,-16.195112],[-57.588845,-16.195213],[-57.589219,-16.195475],[-57.589559,-16.195779],[-57.593747,-16.199967],[-57.594436,-16.200565],[-57.59501,-16.20094],[-57.595624,-16.201245],[-57.596054,-16.201405],[-57.596944,-16.201625],[-57.597628,-16.201703],[-57.598544,-16.201664],[-57.598998,-16.201596],[-57.599444,-16.201491],[-57.599665,-16.20143],[-57.600311,-16.201195],[-57.600716,-16.200984],[-57.604412,-16.198702],[-57.60477,-16.19842],[-57.604931,-16.198259],[-57.605086,-16.198091],[-57.605336,-16.197713],[-57.605443,-16.197513],[-57.605618,-16.197095],[-57.607976,-16.189767],[-57.60816,-16.189114],[-57.608226,-16.188667],[-57.60828,-16.187991],[-57.60835,-16.17239],[-57.608384,-16.17194],[-57.608452,-16.171493],[-57.608684,-16.170618],[-57.608841,-16.170193],[-57.609028,-16.16978],[-57.610654,-16.16705],[-57.610959,-16.166443],[-57.611123,-16.16602],[-57.611301,-16.165365],[-57.612378,-16.159813],[-57.612518,-16.159383],[-57.612613,-16.159177],[-57.612727,-16.158981],[-57.612865,-16.158801],[-57.613192,-16.158486],[-57.613576,-16.158238],[-57.613994,-16.158051],[-57.615713,-16.157416],[-57.616106,-16.157183],[-57.616289,-16.157047],[-57.616461,-16.156897],[-57.616773,-16.156566],[-57.618613,-16.154252],[-57.618917,-16.153913],[-57.619243,-16.153595],[-57.619786,-16.153179],[-57.620561,-16.152695],[-57.620972,-16.152493],[-57.621611,-16.15224],[-57.622274,-16.152057],[-57.640774,-16.147556],[-57.641447,-16.147412],[-57.642127,-16.147305],[-57.642812,-16.147237],[-57.647173,-16.147141],[-57.647631,-16.147106],[-57.648081,-16.147015],[-57.648518,-16.14688],[-57.649145,-16.1466],[-57.649708,-16.146211],[-57.649884,-16.146065],[-57.650195,-16.145734],[-57.650479,-16.145378],[-57.650599,-16.145186],[-57.650709,-16.144987],[-57.650888,-16.144572],[-57.654544,-16.134094],[-57.654889,-16.133257],[-57.655086,-16.132848],[-57.65542,-16.132255],[-57.656053,-16.131312],[-57.665001,-16.11899],[-57.667782,-16.115112],[-57.669299,-16.113124],[-57.669781,-16.11264],[-57.675308,-16.107535],[-57.675903,-16.106848],[-57.67616,-16.106474],[-57.676392,-16.106083],[-57.676592,-16.105676],[-57.676766,-16.105258],[-57.676908,-16.104829],[-57.677021,-16.104391],[-57.678517,-16.096616],[-57.679012,-16.094177],[-57.679057,-16.09373],[-57.679236,-16.093076],[-57.679352,-16.092882],[-57.679495,-16.092706],[-57.67967,-16.092559],[-57.679868,-16.092445],[-57.680301,-16.092299],[-57.680975,-16.092168],[-57.689014,-16.090274],[-57.692598,-16.089482],[-57.693935,-16.089156],[-57.694367,-16.089003],[-57.694572,-16.088903],[-57.694765,-16.088779],[-57.695123,-16.088496],[-57.695281,-16.088332],[-57.695541,-16.087961],[-57.697658,-16.084205],[-57.704167,-16.073025],[-57.704902,-16.071878],[-57.705169,-16.07151],[-57.705739,-16.070801],[-57.71583,-16.05907],[-57.716234,-16.058521],[-57.716463,-16.05813],[-57.716648,-16.057716],[-57.716786,-16.057285],[-57.716895,-16.056846],[-57.71961,-16.043316],[-57.719806,-16.042666],[-57.72008,-16.042045],[-57.720298,-16.041647],[-57.72367,-16.036524],[-57.728461,-16.029344],[-57.73071,-16.02593],[-57.73779,-16.014823],[-57.737907,-16.01463],[-57.738194,-16.014015],[-57.738275,-16.013804],[-57.73844,-16.013147],[-57.738539,-16.012946],[-57.738894,-16.012669],[-57.739362,-16.012171],[-57.739926,-16.011458],[-57.740052,-16.01127],[-57.746643,-16.000929],[-57.765537,-15.972035],[-57.770658,-15.964257],[-57.784237,-15.943826],[-57.806168,-15.910673],[-57.821843,-15.88727],[-57.845477,-15.851432],[-57.845894,-15.850893],[-57.846203,-15.850558],[-57.846534,-15.850245],[-57.846888,-15.849957],[-57.847263,-15.849696],[-57.847864,-15.849365],[-57.848279,-15.849171],[-57.863427,-15.842655],[-57.864487,-15.842221],[-57.870794,-15.839495],[-57.871861,-15.839078],[-57.872952,-15.838727],[-57.881181,-15.83665],[-57.913451,-15.828592],[-57.931457,-15.824009],[-57.977106,-15.812718],[-57.977783,-15.812596],[-57.97824,-15.812559],[-57.978469,-15.812541],[-57.978928,-15.812551],[-57.979386,-15.81258],[-57.979841,-15.812643],[-57.980288,-15.812744],[-57.980728,-15.812875],[-57.98137,-15.813118],[-57.99903,-15.822782],[-57.999446,-15.822974],[-58.00009,-15.823214],[-58.000752,-15.823402],[-58.001201,-15.823495],[-58.001882,-15.823597],[-58.00234,-15.823626],[-58.003028,-15.823626],[-58.03279,-15.821398],[-58.036222,-15.821122],[-58.0392,-15.820919],[-58.039888,-15.820938],[-58.040569,-15.821031],[-58.041019,-15.821124],[-58.041458,-15.821255],[-58.042098,-15.821505],[-58.042905,-15.821935],[-58.043283,-15.822192],[-58.043974,-15.822786],[-58.04679,-15.825765],[-58.047114,-15.826085],[-58.047646,-15.826516],[-58.04822,-15.826889],[-58.049253,-15.827382],[-58.050984,-15.827985],[-58.052313,-15.828342],[-58.053222,-15.828467],[-58.067871,-15.829598],[-58.068558,-15.829555],[-58.069236,-15.829435],[-58.06968,-15.829323],[-58.070325,-15.829085],[-58.070741,-15.828895],[-58.071338,-15.828557],[-58.071525,-15.828426],[-58.072064,-15.828003],[-58.075707,-15.824894],[-58.076703,-15.823956],[-58.077609,-15.822935],[-58.081542,-15.817927],[-58.081845,-15.817587],[-58.082013,-15.817434],[-58.082579,-15.817049],[-58.082785,-15.816949],[-58.083218,-15.8168],[-58.08367,-15.816723],[-58.083899,-15.816713],[-58.084357,-15.816745],[-58.084806,-15.816838],[-58.085449,-15.817079],[-58.090275,-15.81919],[-58.091087,-15.819611],[-58.091844,-15.820123],[-58.09237,-15.82056],[-58.10075,-15.828934],[-58.101051,-15.829276],[-58.101323,-15.82964],[-58.101698,-15.830208],[-58.101925,-15.830601],[-58.107206,-15.841647],[-58.10744,-15.842036],[-58.107836,-15.84259],[-58.108135,-15.842934],[-58.108643,-15.843391],[-58.109197,-15.843793],[-58.109784,-15.844149],[-58.110198,-15.844344],[-58.110841,-15.844585],[-58.122237,-15.848091],[-58.122685,-15.84819],[-58.123138,-15.848261],[-58.123596,-15.848289],[-58.124513,-15.848255],[-58.133168,-15.847167],[-58.133395,-15.847137],[-58.134292,-15.846944],[-58.135382,-15.846589],[-58.149656,-15.84158],[-58.150286,-15.841307],[-58.151084,-15.84086],[-58.151459,-15.840599],[-58.160217,-15.833646],[-58.161146,-15.832981],[-58.161739,-15.832637],[-58.162361,-15.832347],[-58.163004,-15.832103],[-58.173293,-15.828901],[-58.174183,-15.828678],[-58.17486,-15.828553],[-58.175996,-15.828389],[-58.247686,-15.820896],[-58.302958,-15.815317],[-58.335364,-15.811795],[-58.361145,-15.808936],[-58.390371,-15.805893],[-58.391286,-15.805821],[-58.391745,-15.805829],[-58.392202,-15.805871],[-58.39288,-15.805991],[-58.393756,-15.806258],[-58.394384,-15.806536],[-58.411049,-15.814664],[-58.425623,-15.821857],[-58.426225,-15.822186],[-58.426803,-15.822554],[-58.455434,-15.84449],[-58.455994,-15.844886],[-58.456583,-15.845236],[-58.457408,-15.845633],[-58.481109,-15.855455],[-58.481545,-15.855599],[-58.482213,-15.855764],[-58.483119,-15.855907],[-58.483806,-15.855949],[-58.520079,-15.855453],[-58.520995,-15.855401],[-58.521222,-15.855368],[-58.521676,-15.855298],[-58.52234,-15.855118],[-58.522981,-15.854872],[-58.523593,-15.85456],[-58.524547,-15.853932],[-58.549881,-15.836742],[-58.570345,-15.822953],[-58.597272,-15.804853],[-58.612394,-15.794586],[-58.668648,-15.756235],[-58.669579,-15.755574],[-58.670101,-15.755132],[-58.670568,-15.754634],[-58.671123,-15.753913],[-58.696647,-15.719077],[-58.708434,-15.703477],[-58.722605,-15.685689],[-58.72315,-15.684961],[-58.7235,-15.684377],[-58.738112,-15.654167],[-58.738343,-15.653777],[-58.738731,-15.653216],[-58.739331,-15.652532],[-58.741326,-15.650661],[-58.741842,-15.650212],[-58.742205,-15.649936],[-58.742786,-15.649572],[-58.747484,-15.647198],[-58.749746,-15.646093],[-58.7506,-15.64576],[-58.751715,-15.645491],[-58.752168,-15.64542],[-58.776194,-15.643469],[-58.776649,-15.643411],[-58.777542,-15.643203],[-58.777976,-15.643055],[-58.7786,-15.642769],[-58.779,-15.642546],[-58.779561,-15.642154],[-58.780085,-15.641714],[-58.780558,-15.641221],[-58.796486,-15.622506],[-58.797394,-15.621486],[-58.798075,-15.620881],[-58.798824,-15.620358],[-58.799419,-15.620017],[-58.800477,-15.619579],[-58.863183,-15.598217],[-58.86428,-15.597885],[-58.864947,-15.597716],[-58.865849,-15.597544],[-58.867215,-15.597371],[-58.895831,-15.595211],[-58.897197,-15.595041],[-58.898323,-15.594822],[-58.899208,-15.594581],[-58.900078,-15.594291],[-58.905874,-15.592126],[-58.92753,-15.58396],[-58.928786,-15.583404],[-58.929999,-15.58276],[-58.945219,-15.574357],[-58.946608,-15.573561],[-58.94737,-15.573056],[-58.948273,-15.572358],[-58.979106,-15.547701],[-58.979653,-15.547289],[-58.98023,-15.546919],[-58.980837,-15.546597],[-58.981256,-15.546414],[-58.982125,-15.546121],[-58.993942,-15.543264],[-58.994829,-15.543027],[-58.995692,-15.542719],[-58.996106,-15.542525],[-58.996707,-15.542194],[-59.005199,-15.537235],[-59.005967,-15.53674],[-59.0065,-15.53631],[-59.006827,-15.535993],[-59.007276,-15.535479],[-59.007413,-15.535298],[-59.007771,-15.534719],[-59.015663,-15.519903],[-59.015954,-15.519288],[-59.01611,-15.518863],[-59.016236,-15.518428],[-59.016423,-15.517543],[-59.017724,-15.509505],[-59.017895,-15.508849],[-59.018127,-15.50821],[-59.018309,-15.507795],[-59.022876,-15.498669],[-59.023336,-15.497886],[-59.02373,-15.49733],[-59.024333,-15.496649],[-59.024665,-15.496336],[-59.025195,-15.495903],[-59.025567,-15.495639],[-59.026352,-15.49517],[-59.033143,-15.49138],[-59.033767,-15.491091],[-59.034858,-15.490742],[-59.044003,-15.488544],[-59.045127,-15.488313],[-59.049222,-15.487772],[-59.050821,-15.487608],[-59.057014,-15.487349],[-59.058158,-15.487255],[-59.058841,-15.487167],[-59.05997,-15.486965],[-59.072557,-15.484378],[-59.073444,-15.484147],[-59.074315,-15.48386],[-59.084841,-15.479951],[-59.085466,-15.479665],[-59.085865,-15.479443],[-59.086246,-15.479189],[-59.086607,-15.478911],[-59.087106,-15.478443],[-59.087555,-15.477929],[-59.087818,-15.477559],[-59.088165,-15.476973],[-59.098874,-15.45495],[-59.102378,-15.44659],[-59.102672,-15.445977],[-59.103262,-15.445008],[-59.103465,-15.444602],[-59.103542,-15.444389],[-59.103638,-15.443948],[-59.103826,-15.441922],[-59.103926,-15.441251],[-59.104062,-15.44082],[-59.104156,-15.440614],[-59.104391,-15.440226],[-59.104683,-15.439878],[-59.10522,-15.439454],[-59.107387,-15.438178],[-59.10777,-15.437929],[-59.108313,-15.437511],[-59.113493,-15.433041],[-59.119921,-15.427925],[-59.12709,-15.422272],[-59.127968,-15.421544],[-59.128465,-15.421074],[-59.128767,-15.420734],[-59.129046,-15.420375],[-59.129544,-15.419616],[-59.134093,-15.411243],[-59.138566,-15.404669],[-59.138981,-15.404128],[-59.13929,-15.403794],[-59.139785,-15.403323],[-59.140317,-15.402893],[-59.140502,-15.402758],[-59.141483,-15.402173],[-59.141892,-15.401967],[-59.145442,-15.40037],[-59.14835,-15.39902],[-59.151064,-15.397799],[-59.151878,-15.397379],[-59.152262,-15.397132],[-59.152988,-15.396579],[-59.161902,-15.388758],[-59.162812,-15.38807],[-59.163595,-15.387598],[-59.164419,-15.3872],[-59.165276,-15.386875],[-59.176807,-15.383048],[-59.177448,-15.382799],[-59.178246,-15.382353],[-59.178436,-15.382226],[-59.178967,-15.381794],[-59.179454,-15.381315],[-59.179752,-15.380971],[-59.180156,-15.380422],[-59.183063,-15.37608],[-59.183639,-15.375377],[-59.184304,-15.374754],[-59.184876,-15.374377],[-59.185684,-15.373949],[-59.191555,-15.37137],[-59.192175,-15.371075],[-59.192773,-15.370738],[-59.193154,-15.370486],[-59.193692,-15.370063],[-59.194847,-15.368963],[-59.207071,-15.356701],[-59.207517,-15.356185],[-59.20792,-15.355634],[-59.208277,-15.355055],[-59.208862,-15.353827],[-59.218016,-15.333339],[-59.218332,-15.332736],[-59.21857,-15.33235],[-59.218834,-15.33198],[-59.219426,-15.331289],[-59.219926,-15.330823],[-59.220646,-15.330262],[-59.228069,-15.324936],[-59.228249,-15.324798],[-59.228397,-15.324625],[-59.229077,-15.324018],[-59.229801,-15.323462],[-59.233148,-15.321075],[-59.23375,-15.320745],[-59.234164,-15.320549],[-59.234357,-15.320429],[-59.239187,-15.316974],[-59.251111,-15.308519],[-59.262634,-15.300289],[-59.281992,-15.286523],[-59.282717,-15.285967],[-59.283241,-15.285527],[-59.28438,-15.284411],[-59.284826,-15.283894],[-59.306781,-15.256891],[-59.308905,-15.254221],[-59.309306,-15.25367],[-59.310026,-15.252514],[-59.31034,-15.25191],[-59.31071,-15.251082],[-59.312683,-15.246259],[-59.312762,-15.246047],[-59.312794,-15.245824],[-59.312902,-15.245384],[-59.313117,-15.24474],[-59.314486,-15.241383],[-59.314687,-15.240977],[-59.315051,-15.240402],[-59.315146,-15.240197],[-59.316764,-15.236208],[-59.317243,-15.234936],[-59.317437,-15.234285],[-59.31765,-15.233406],[-59.317985,-15.231169],[-59.323332,-15.191042],[-59.323492,-15.190152],[-59.323602,-15.189713],[-59.324826,-15.185826],[-59.324942,-15.185389],[-59.325163,-15.18405],[-59.325295,-15.182927],[-59.325318,-15.182476],[-59.32531,-15.182024],[-59.325225,-15.181351],[-59.325133,-15.180908],[-59.324928,-15.180261],[-59.324177,-15.17861],[-59.316711,-15.16283],[-59.316293,-15.161777],[-59.316104,-15.161125],[-59.315867,-15.160019],[-59.315758,-15.159122],[-59.315731,-15.157992],[-59.315801,-15.15709],[-59.315981,-15.155974],[-59.316207,-15.155098],[-59.321247,-15.140069],[-59.321434,-15.139417],[-59.321606,-15.138529],[-59.321712,-15.137403],[-59.321702,-15.136273],[-59.321643,-15.135598],[-59.321537,-15.134928],[-59.321262,-15.133831],[-59.320958,-15.132977],[-59.320683,-15.132356],[-59.297579,-15.086099],[-59.297206,-15.085273],[-59.296799,-15.084216],[-59.296593,-15.083569],[-59.296291,-15.082478],[-59.296147,-15.081815],[-59.295959,-15.0807],[-59.295858,-15.079801],[-59.295823,-15.078671],[-59.295852,-15.076637],[-59.29665,-15.045672],[-59.296624,-15.044316],[-59.296543,-15.043188],[-59.296458,-15.042515],[-59.296281,-15.041398],[-59.296093,-15.040513],[-59.295305,-15.037445],[-59.284349,-14.996098],[-59.284138,-14.995217],[-59.284056,-14.994772],[-59.28391,-14.993424],[-59.283923,-14.992294],[-59.284035,-14.991397],[-59.28417,-14.990732],[-59.284418,-14.989861],[-59.284637,-14.989218],[-59.285209,-14.987985],[-59.290278,-14.979119],[-59.290696,-14.978314],[-59.291189,-14.977048],[-59.291316,-14.976613],[-59.291463,-14.975951],[-59.291604,-14.975057],[-59.29168,-14.973929],[-59.291672,-14.973478],[-59.291624,-14.972801],[-59.291531,-14.972129],[-59.289426,-14.959639],[-59.289339,-14.958966],[-59.289235,-14.95784],[-59.289191,-14.956711],[-59.289211,-14.955581],[-59.289264,-14.954678],[-59.289354,-14.953778],[-59.289446,-14.953106],[-59.291393,-14.941048],[-59.291507,-14.940151],[-59.291607,-14.939025],[-59.291649,-14.93699],[-59.29155,-14.921164],[-59.291661,-14.919359],[-59.291818,-14.918011],[-59.295196,-14.895877],[-59.295297,-14.894978],[-59.295376,-14.89385],[-59.295464,-14.891817],[-59.296205,-14.869446],[-59.296264,-14.868543],[-59.296383,-14.867647],[-59.296516,-14.866981],[-59.296802,-14.865887],[-59.2971,-14.865031],[-59.297359,-14.864403],[-59.29766,-14.863793],[-59.298216,-14.862804],[-59.319509,-14.828719],[-59.320185,-14.827537],[-59.320684,-14.826519],[-59.320782,-14.826315],[-59.321279,-14.82505],[-59.321561,-14.824189],[-59.321744,-14.823535],[-59.322016,-14.822206],[-59.322193,-14.820861],[-59.322319,-14.819056],[-59.323445,-14.798738],[-59.323562,-14.797614],[-59.323796,-14.796277],[-59.323947,-14.795615],[-59.324339,-14.794315],[-59.324731,-14.793253],[-59.325297,-14.792016],[-59.325835,-14.791018],[-59.326198,-14.790441],[-59.330043,-14.784814],[-59.340101,-14.770223],[-59.340475,-14.769654],[-59.340825,-14.769069],[-59.341133,-14.768463],[-59.341406,-14.76784],[-59.341633,-14.7672],[-59.341874,-14.766327],[-59.342074,-14.765215],[-59.342438,-14.762297],[-59.342558,-14.761629],[-59.342726,-14.760972],[-59.34295,-14.760331],[-59.343132,-14.759916],[-59.343546,-14.759109],[-59.344038,-14.758346],[-59.34461,-14.757639],[-59.345238,-14.75698],[-59.345762,-14.756539],[-59.346697,-14.755885],[-59.347707,-14.755349],[-59.357021,-14.751496],[-59.357642,-14.751205],[-59.35824,-14.750867],[-59.359175,-14.750214],[-59.359859,-14.74961],[-59.360177,-14.749284],[-59.360766,-14.74859],[-59.361392,-14.747643],[-59.361898,-14.746629],[-59.362065,-14.746208],[-59.362321,-14.745339],[-59.362456,-14.744674],[-59.362565,-14.743777],[-59.3632,-14.735434],[-59.363334,-14.73454],[-59.363546,-14.733661],[-59.363861,-14.732812],[-59.364157,-14.7322],[-59.364619,-14.731419],[-59.364887,-14.731052],[-59.365474,-14.730356],[-59.365958,-14.729873],[-59.366483,-14.729434],[-59.367045,-14.729043],[-59.36783,-14.728573],[-59.374429,-14.724908],[-59.377018,-14.723445],[-59.37779,-14.722955],[-59.378345,-14.722554],[-59.378865,-14.722109],[-59.379351,-14.721629],[-59.37995,-14.720944],[-59.380357,-14.720397],[-59.380953,-14.719431],[-59.382866,-14.71557],[-59.383188,-14.714971],[-59.383841,-14.714041],[-59.384281,-14.713519],[-59.384759,-14.713032],[-59.385266,-14.712572],[-59.38563,-14.712297],[-59.386406,-14.711813],[-59.387212,-14.711382],[-59.38806,-14.711034],[-59.391086,-14.709968],[-59.39151,-14.709794],[-59.39213,-14.709499],[-59.392725,-14.709158],[-59.393652,-14.708492],[-59.394172,-14.708048],[-59.394656,-14.707564],[-59.404189,-14.696258],[-59.405279,-14.694802],[-59.405663,-14.694239],[-59.40648,-14.692877],[-59.407102,-14.691666],[-59.412662,-14.679008],[-59.412954,-14.678394],[-59.413513,-14.677407],[-59.414018,-14.676651],[-59.414877,-14.675591],[-59.415503,-14.674929],[-59.416006,-14.674466],[-59.416531,-14.674028],[-59.417639,-14.673221],[-59.472122,-14.636725],[-59.472681,-14.636328],[-59.473755,-14.635479],[-59.474933,-14.634403],[-59.475858,-14.633399],[-59.47643,-14.63269],[-59.476831,-14.632139],[-59.477213,-14.631575],[-59.477689,-14.630802],[-59.478122,-14.630004],[-59.479291,-14.627547],[-59.48738,-14.610058],[-59.48801,-14.608852],[-59.488358,-14.608267],[-59.488861,-14.60751],[-59.489538,-14.606598],[-59.48997,-14.606069],[-59.490579,-14.605392],[-59.491213,-14.604738],[-59.491716,-14.604274],[-59.492768,-14.603399],[-59.493691,-14.602727],[-59.494266,-14.602354],[-59.495257,-14.601784],[-59.52348,-14.586636],[-59.524075,-14.586294],[-59.52484,-14.585794],[-59.525748,-14.585102],[-59.526263,-14.584652],[-59.526758,-14.584181],[-59.527518,-14.583333],[-59.528342,-14.582248],[-59.52883,-14.581481],[-59.529264,-14.580684],[-59.52981,-14.579439],[-59.543961,-14.542166],[-59.544552,-14.540942],[-59.545256,-14.539776],[-59.545792,-14.539042],[-59.546226,-14.538515],[-59.546684,-14.538008],[-59.547508,-14.537222],[-59.55886,-14.528034],[-59.559735,-14.527303],[-59.56007,-14.526994],[-59.561009,-14.526001],[-59.561714,-14.525109],[-59.562222,-14.524356],[-59.562883,-14.523166],[-59.563343,-14.52213],[-59.563573,-14.521491],[-59.563769,-14.520841],[-59.563978,-14.51996],[-59.568622,-14.496896],[-59.568796,-14.49624],[-59.569013,-14.495596],[-59.569281,-14.494971],[-59.569599,-14.49437],[-59.570081,-14.493601],[-59.570485,-14.493051],[-59.570939,-14.492542],[-59.571427,-14.492063],[-59.58341,-14.48118],[-59.584602,-14.480119],[-59.585641,-14.478913],[-59.585975,-14.478603],[-59.586338,-14.478326],[-59.586722,-14.47808],[-59.586929,-14.477983],[-59.587104,-14.477839],[-59.587442,-14.477533],[-59.588004,-14.476821],[-59.588489,-14.47634],[-59.589188,-14.475754],[-59.589567,-14.4755],[-59.58978,-14.475416],[-59.589952,-14.475271],[-59.590446,-14.474798],[-59.592656,-14.472822],[-59.595168,-14.470503],[-59.595789,-14.469837],[-59.596222,-14.469309],[-59.596631,-14.468764],[-59.597133,-14.468006],[-59.59747,-14.467415],[-59.597779,-14.466809],[-59.59814,-14.465978],[-59.598375,-14.46534],[-59.598747,-14.464034],[-59.598949,-14.462922],[-59.599049,-14.462023],[-59.599919,-14.435584],[-59.599995,-14.434683],[-59.600155,-14.433564],[-59.600506,-14.432019],[-59.600843,-14.430939],[-59.601238,-14.429877],[-59.601516,-14.429257],[-59.601922,-14.428446],[-59.613841,-14.407292],[-59.614341,-14.406534],[-59.614769,-14.406002],[-59.615402,-14.405347],[-59.615913,-14.404893],[-59.617178,-14.403917],[-59.618834,-14.402699],[-59.620278,-14.401582],[-59.626658,-14.396771],[-59.627585,-14.396104],[-59.627973,-14.395863],[-59.628776,-14.395423],[-59.643085,-14.388218],[-59.643879,-14.387763],[-59.644818,-14.387113],[-59.645354,-14.386687],[-59.646032,-14.386077],[-59.646828,-14.385263],[-59.647408,-14.384562],[-59.647942,-14.383827],[-59.648312,-14.383255],[-59.64894,-14.382048],[-59.649382,-14.381005],[-59.649673,-14.380148],[-59.649858,-14.379495],[-59.649995,-14.37883],[-59.658888,-14.328259],[-59.659193,-14.326937],[-59.659526,-14.325855],[-59.659764,-14.325219],[-59.660313,-14.323975],[-59.660618,-14.323367],[-59.681919,-14.286138],[-59.682213,-14.285525],[-59.682653,-14.28448],[-59.682858,-14.283833],[-59.683144,-14.282738],[-59.683268,-14.282071],[-59.683409,-14.280722],[-59.68343,-14.280271],[-59.683404,-14.279141],[-59.683313,-14.278241],[-59.683208,-14.277571],[-59.682969,-14.276465],[-59.681897,-14.272068],[-59.68176,-14.271174],[-59.681712,-14.270498],[-59.681769,-14.269369],[-59.681861,-14.268697],[-59.68201,-14.268035],[-59.682206,-14.267385],[-59.682646,-14.266341],[-59.682977,-14.265746],[-59.683476,-14.264987],[-59.683756,-14.264629],[-59.684211,-14.264121],[-59.68992,-14.258877],[-59.690873,-14.257898],[-59.691314,-14.257378],[-59.69186,-14.25665],[-59.692355,-14.255888],[-59.692696,-14.255299],[-59.693091,-14.254483],[-59.693516,-14.253433],[-59.69379,-14.25257],[-59.693953,-14.251911],[-59.694124,-14.251023],[-59.694254,-14.249673],[-59.69428,-14.248769],[-59.694225,-14.247866],[-59.694126,-14.246967],[-59.689862,-14.214454],[-59.689717,-14.212651],[-59.68969,-14.210842],[-59.68977,-14.209262],[-59.689881,-14.208137],[-59.690126,-14.206572],[-59.690571,-14.204586],[-59.702784,-14.158421],[-59.707331,-14.14113],[-59.707645,-14.139578],[-59.707826,-14.138233],[-59.707913,-14.137106],[-59.708137,-14.133269],[-59.708248,-14.132144],[-59.708385,-14.13125],[-59.708677,-14.129924],[-59.708859,-14.12927],[-59.70914,-14.128409],[-59.709465,-14.127563],[-59.710041,-14.126331],[-59.710357,-14.125728],[-59.710811,-14.124942],[-59.711573,-14.123813],[-59.712131,-14.123095],[-59.713191,-14.121905],[-59.730477,-14.104084],[-59.732521,-14.101943],[-59.733554,-14.100731],[-59.73408,-14.099989],[-59.73457,-14.099225],[-59.735138,-14.098243],[-59.735556,-14.097437],[-59.736075,-14.096181],[-59.736435,-14.095107],[-59.736619,-14.094454],[-59.737118,-14.092247],[-59.744656,-14.056611],[-59.744976,-14.055291],[-59.745171,-14.054641],[-59.745477,-14.053789],[-59.745915,-14.052744],[-59.74631,-14.051927],[-59.749494,-14.046428],[-59.749812,-14.045827],[-59.749992,-14.045411],[-59.750298,-14.044558],[-59.750517,-14.043681],[-59.750618,-14.04301],[-59.750657,-14.04256],[-59.750663,-14.041882],[-59.75062,-14.041205],[-59.750527,-14.040533],[-59.749609,-14.035412],[-59.749541,-14.034737],[-59.74953,-14.033833],[-59.74961,-14.032932],[-59.74979,-14.032046],[-59.750259,-14.030533],[-59.751047,-14.02817],[-59.751336,-14.027076],[-59.75146,-14.026409],[-59.751546,-14.025736],[-59.751611,-14.024834],[-59.751618,-14.024156],[-59.751556,-14.023027],[-59.751438,-14.02213],[-59.751311,-14.021464],[-59.751009,-14.020374],[-59.749668,-14.016049],[-59.749558,-14.01561],[-59.749477,-14.015165],[-59.749389,-14.014265],[-59.749371,-14.013813],[-59.749381,-14.013361],[-59.749771,-14.008855],[-59.750109,-14.005253],[-59.75016,-14.00435],[-59.750169,-14.003672],[-59.749339,-13.991038],[-59.749313,-13.990134],[-59.749368,-13.989232],[-59.749479,-13.988562],[-59.749584,-13.988122],[-59.749781,-13.987472],[-59.749937,-13.987047],[-59.750217,-13.986428],[-59.751653,-13.983596],[-59.752002,-13.982759],[-59.752298,-13.981904],[-59.752526,-13.981028],[-59.755048,-13.970231],[-59.75542,-13.968925],[-59.755656,-13.968288],[-59.755919,-13.967661],[-59.758442,-13.962085],[-59.758689,-13.961452],[-59.758933,-13.960581],[-59.759055,-13.959913],[-59.759112,-13.959238],[-59.75912,-13.958786],[-59.75903,-13.956074],[-59.759057,-13.955623],[-59.759192,-13.954729],[-59.759301,-13.954289],[-59.759519,-13.953646],[-59.760014,-13.95238],[-59.76079,-13.950494],[-59.761028,-13.949858],[-59.761216,-13.949205],[-59.761382,-13.948316],[-59.761428,-13.947866],[-59.76143,-13.947189],[-59.761359,-13.94606],[-59.760209,-13.93504],[-59.760183,-13.934362],[-59.760255,-13.933688],[-59.760402,-13.933026],[-59.760609,-13.932379],[-59.764585,-13.921054],[-59.764774,-13.920402],[-59.764856,-13.919957],[-59.764901,-13.919507],[-59.764888,-13.918604],[-59.764799,-13.917931],[-59.7647,-13.91749],[-59.76123,-13.906714],[-59.761061,-13.906057],[-59.760971,-13.905613],[-59.7609,-13.90494],[-59.760892,-13.904488],[-59.760917,-13.904036],[-59.760997,-13.903362],[-59.762653,-13.892405],[-59.762733,-13.891731],[-59.76278,-13.891054],[-59.762789,-13.890376],[-59.762729,-13.889021],[-59.762129,-13.87909],[-59.76212,-13.878412],[-59.762146,-13.877734],[-59.762287,-13.876158],[-59.762392,-13.875488],[-59.762575,-13.874602],[-59.762864,-13.873508],[-59.763001,-13.873076],[-59.765994,-13.865247],[-59.766366,-13.864178],[-59.766559,-13.863527],[-59.766859,-13.862203],[-59.767097,-13.860638],[-59.767153,-13.859962],[-59.76718,-13.859285],[-59.767162,-13.857928],[-59.76709,-13.857027],[-59.766968,-13.856131],[-59.766707,-13.854799],[-59.761623,-13.834144],[-59.761329,-13.832819],[-59.761115,-13.831479],[-59.761042,-13.830805],[-59.761,-13.828997],[-59.761077,-13.827643],[-59.761192,-13.826745],[-59.761352,-13.825855],[-59.761552,-13.824972],[-59.761954,-13.823675],[-59.767408,-13.808788],[-59.767757,-13.80771],[-59.767957,-13.806828],[-59.768137,-13.805712],[-59.768225,-13.804585],[-59.76795,-13.792605],[-59.767969,-13.791475],[-59.768111,-13.789899],[-59.768741,-13.786335],[-59.777551,-13.737816],[-59.781082,-13.713876],[-59.781347,-13.712776],[-59.781696,-13.711699],[-59.786522,-13.698512],[-59.7871,-13.697035],[-59.788057,-13.694734],[-59.788461,-13.693676],[-59.788747,-13.692816],[-59.788936,-13.692164],[-59.789258,-13.690845],[-59.789501,-13.68951],[-59.789691,-13.687938],[-59.791383,-13.671745],[-59.79165,-13.669956],[-59.792031,-13.668186],[-59.793427,-13.662007],[-59.793454,-13.661785],[-59.793442,-13.661559],[-59.793473,-13.661108],[-59.793558,-13.660435],[-59.793715,-13.659544],[-59.793823,-13.659105],[-59.794185,-13.658032],[-59.794448,-13.657406],[-59.800867,-13.628702],[-59.801241,-13.626931],[-59.801435,-13.625588],[-59.801517,-13.62446],[-59.801958,-13.601629],[-59.802057,-13.600503],[-59.802287,-13.599396],[-59.802548,-13.598529],[-59.807966,-13.582911],[-59.808319,-13.5816],[-59.808444,-13.580933],[-59.808535,-13.580261],[-59.808601,-13.579359],[-59.808605,-13.578455],[-59.808566,-13.577778],[-59.808431,-13.576655],[-59.807344,-13.570186],[-59.8072,-13.568838],[-59.80718,-13.567934],[-59.807232,-13.567031],[-59.807335,-13.566132],[-59.807498,-13.565242],[-59.807865,-13.563935],[-59.808367,-13.562672],[-59.80877,-13.56186],[-59.809105,-13.561267],[-59.809993,-13.559948],[-59.827937,-13.535617],[-59.829269,-13.533776],[-59.829643,-13.533206],[-59.83031,-13.53202],[-59.830789,-13.530992],[-59.83104,-13.530361],[-59.831395,-13.529286],[-59.831622,-13.52841],[-59.831809,-13.527524],[-59.832946,-13.521523],[-59.83544,-13.507952],[-59.837693,-13.495487],[-59.839565,-13.484792],[-59.844935,-13.453355],[-59.845071,-13.452005],[-59.846843,-13.422439],[-59.84691,-13.421764],[-59.847037,-13.421098],[-59.847159,-13.420662],[-59.847391,-13.420023],[-59.847802,-13.419215],[-59.852633,-13.412335],[-59.852981,-13.41175],[-59.853187,-13.411346],[-59.853457,-13.410722],[-59.853612,-13.410296],[-59.867511,-13.361301],[-59.878267,-13.323179],[-59.878365,-13.322738],[-59.878454,-13.322066],[-59.878487,-13.321162],[-59.878461,-13.320711],[-59.878372,-13.320038],[-59.878225,-13.319376],[-59.878098,-13.318942],[-59.868873,-13.292658],[-59.866528,-13.28604],[-59.866261,-13.285175],[-59.866164,-13.284734],[-59.866095,-13.284287],[-59.86604,-13.283384],[-59.86467,-13.197479],[-59.86467,-13.195444],[-59.864772,-13.194774],[-59.864956,-13.194121],[-59.865117,-13.193697],[-59.865412,-13.193085],[-59.876092,-13.174357],[-59.876506,-13.17355],[-59.876668,-13.173127],[-59.876801,-13.172695],[-59.876973,-13.171807],[-59.877018,-13.171131],[-59.876722,-13.14988],[-59.876772,-13.148751],[-59.876883,-13.148082],[-59.88672,-13.108322],[-59.894292,-13.077095],[-59.894832,-13.075366],[-59.900349,-13.059065],[-59.900605,-13.058196],[-59.900845,-13.057091],[-59.902868,-13.045275],[-59.903008,-13.044611],[-59.903141,-13.044178],[-59.903304,-13.043755],[-59.903607,-13.043146],[-59.903847,-13.042762],[-59.904253,-13.042214],[-59.904556,-13.041874],[-59.911936,-13.034754],[-59.918848,-13.028132],[-59.933621,-13.013905],[-59.934307,-13.013304],[-59.934861,-13.012902],[-59.935251,-13.012663],[-59.935656,-13.012452],[-59.936285,-13.012175],[-59.936718,-13.012026],[-59.956547,-13.006299],[-59.97154,-13.002012],[-59.977058,-13.000454],[-59.984313,-12.998307],[-59.984958,-12.998068],[-59.98557,-12.997757],[-59.985956,-12.997513],[-59.986324,-12.997242],[-59.986838,-12.996792],[-60.005013,-12.979523],[-60.005734,-12.978964],[-60.006129,-12.978734],[-60.00674,-12.978421],[-60.017887,-12.973614],[-60.018494,-12.973293],[-60.018875,-12.973041],[-60.019237,-12.972764],[-60.020405,-12.971677],[-60.023641,-12.968469],[-60.027386,-12.964803],[-60.029312,-12.962862],[-60.035949,-12.956289],[-60.036108,-12.956126],[-60.036534,-12.955593],[-60.0369,-12.955019],[-60.0371,-12.954612],[-60.037427,-12.953768],[-60.054542,-12.897924],[-60.062308,-12.872364],[-60.069887,-12.847694],[-60.074094,-12.834302],[-60.074413,-12.833217],[-60.075254,-12.830633],[-60.078664,-12.819838],[-60.088463,-12.790643],[-60.093153,-12.776454],[-60.093216,-12.776237],[-60.093293,-12.775563],[-60.093367,-12.775351],[-60.093473,-12.77515],[-60.09372,-12.774771],[-60.097834,-12.762299],[-60.098001,-12.761878],[-60.09841,-12.761069],[-60.098653,-12.760685],[-60.099067,-12.760143],[-60.108946,-12.748533],[-60.10943,-12.74805],[-60.109957,-12.747614],[-60.110505,-12.747203],[-60.111277,-12.746714],[-60.111682,-12.746501],[-60.11252,-12.746132],[-60.113607,-12.745767],[-60.114494,-12.745535],[-60.115102,-12.745236],[-60.115322,-12.745178],[-60.115549,-12.74515],[-60.116008,-12.745148],[-60.122662,-12.743395],[-60.123076,-12.743206],[-60.123266,-12.743094],[-60.12348,-12.743021],[-60.123935,-12.742981],[-60.124164,-12.742989],[-60.124387,-12.742941],[-60.131267,-12.741144],[-60.13187,-12.74082],[-60.132089,-12.740754],[-60.132757,-12.74059],[-60.133669,-12.740507],[-60.138553,-12.73924],[-60.139167,-12.738945],[-60.13938,-12.738871],[-60.140064,-12.738829],[-60.146277,-12.737201],[-60.146495,-12.737135],[-60.146687,-12.737012],[-60.147104,-12.736823],[-60.147788,-12.736786],[-60.148013,-12.736755],[-60.15821,-12.734046],[-60.169301,-12.73113],[-60.187722,-12.726324],[-60.188621,-12.726144],[-60.189534,-12.726045],[-60.217753,-12.724985],[-60.235881,-12.724377],[-60.254006,-12.723703],[-60.259282,-12.723485],[-60.259968,-12.723429],[-60.260421,-12.723355],[-60.260868,-12.72325],[-60.261306,-12.723116],[-60.261735,-12.722955],[-60.262147,-12.722756],[-60.26293,-12.722283],[-60.263467,-12.721859],[-60.263957,-12.721384],[-60.26425,-12.721035],[-60.264519,-12.720669],[-60.264885,-12.720095],[-60.267561,-12.715094],[-60.268764,-12.712908],[-60.270254,-12.710103],[-60.282246,-12.687959],[-60.282727,-12.687189],[-60.283004,-12.686828],[-60.28331,-12.686491],[-60.283644,-12.686181],[-60.284352,-12.685606],[-60.305856,-12.669008],[-60.307534,-12.667467],[-60.309346,-12.665733],[-60.309825,-12.665246],[-60.310125,-12.664904],[-60.310532,-12.664357],[-60.310755,-12.663962],[-60.310949,-12.663553],[-60.312065,-12.660827],[-60.314421,-12.654936],[-60.314617,-12.654528],[-60.314962,-12.65394],[-60.315239,-12.65358],[-60.315538,-12.653238],[-60.315867,-12.652922],[-60.316408,-12.652502],[-60.316986,-12.652134],[-60.320348,-12.650182],[-60.321101,-12.649664],[-60.321451,-12.649371],[-60.321935,-12.64889],[-60.322231,-12.648544],[-60.3225,-12.648178],[-60.323088,-12.647207],[-60.339993,-12.617401],[-60.340314,-12.616801],[-60.340593,-12.616181],[-60.342788,-12.610472],[-60.342999,-12.609826],[-60.343115,-12.609389],[-60.343217,-12.608718],[-60.344269,-12.5961],[-60.344307,-12.59497],[-60.344256,-12.594294],[-60.344174,-12.593849],[-60.343338,-12.59056],[-60.343198,-12.589895],[-60.343128,-12.589221],[-60.343126,-12.588769],[-60.343161,-12.588319],[-60.343347,-12.587434],[-60.347513,-12.572852],[-60.347666,-12.572425],[-60.348045,-12.571602],[-60.358278,-12.551615],[-60.365336,-12.537649],[-60.36813,-12.5322],[-60.368355,-12.531806],[-60.368737,-12.531242],[-60.369185,-12.530726],[-60.369506,-12.530404],[-60.369856,-12.530111],[-60.370225,-12.529842],[-60.371016,-12.529384],[-60.371647,-12.529112],[-60.372527,-12.528854],[-60.392654,-12.524251],[-60.413884,-12.519323],[-60.441796,-12.512749],[-60.44782,-12.511306],[-60.448482,-12.511119],[-60.449352,-12.51083],[-60.451943,-12.509908],[-60.462493,-12.506062],[-60.464869,-12.505217],[-60.46575,-12.504964],[-60.466429,-12.504853],[-60.467346,-12.504799],[-60.48089,-12.504592],[-60.482267,-12.50455],[-60.482724,-12.504509],[-60.483178,-12.504441],[-60.484075,-12.50425],[-60.484517,-12.504127],[-60.485375,-12.503803],[-60.485794,-12.50362],[-60.486792,-12.503062],[-60.487357,-12.502674],[-60.488234,-12.501945],[-60.488874,-12.501298],[-60.489438,-12.500584],[-60.489937,-12.499825],[-60.490155,-12.499427],[-60.490443,-12.498811],[-60.490692,-12.498179],[-60.490951,-12.497312],[-60.494419,-12.48395],[-60.499064,-12.466217],[-60.499361,-12.465362],[-60.499647,-12.464745],[-60.499975,-12.464149],[-60.500348,-12.463578],[-60.500626,-12.463218],[-60.501236,-12.462543],[-60.504922,-12.458818],[-60.511385,-12.452394],[-60.512987,-12.450774],[-60.513806,-12.449982],[-60.514156,-12.44969],[-60.514528,-12.449425],[-60.515116,-12.449072],[-60.515529,-12.448875],[-60.516175,-12.44864],[-60.516615,-12.448511],[-60.51729,-12.44838],[-60.517975,-12.448308],[-60.518434,-12.448305],[-60.519349,-12.448375],[-60.526887,-12.449128],[-60.542425,-12.450634],[-60.543343,-12.450637],[-60.543798,-12.450581],[-60.544471,-12.450438],[-60.545122,-12.450218],[-60.545744,-12.449928],[-60.598448,-12.419098],[-60.599005,-12.4187],[-60.599517,-12.418246],[-60.608755,-12.40944],[-60.609231,-12.40895],[-60.609649,-12.408411],[-60.610014,-12.407836],[-60.610219,-12.407432],[-60.610548,-12.406588],[-60.626623,-12.358481],[-60.62695,-12.357636],[-60.627414,-12.356602],[-60.62984,-12.35173],[-60.630269,-12.350681],[-60.630484,-12.350037],[-60.630669,-12.349384],[-60.630894,-12.348275],[-60.635881,-12.31449],[-60.638316,-12.298161],[-60.642711,-12.268175],[-60.642891,-12.267288],[-60.643105,-12.266644],[-60.64339,-12.266027],[-60.643734,-12.26544],[-60.643998,-12.26507],[-60.644443,-12.264553],[-60.644602,-12.264389],[-60.645123,-12.263946],[-60.64569,-12.263562],[-60.646295,-12.263239],[-60.646927,-12.262968],[-60.648648,-12.262338],[-60.670235,-12.254636],[-60.671091,-12.254311],[-60.671505,-12.254115],[-60.672102,-12.253778],[-60.672657,-12.253377],[-60.673007,-12.253083],[-60.673329,-12.252761],[-60.673774,-12.252244],[-60.674157,-12.25168],[-60.674381,-12.251286],[-60.698503,-12.205791],[-60.70093,-12.201172],[-60.701793,-12.199576],[-60.705537,-12.192067],[-60.706575,-12.19005],[-60.710121,-12.18295],[-60.710417,-12.182094],[-60.710611,-12.18121],[-60.714237,-12.157512],[-60.714334,-12.15707],[-60.714474,-12.15664],[-60.714841,-12.155811],[-60.715064,-12.155416],[-60.715441,-12.154849],[-60.716119,-12.153937],[-60.727061,-12.138573],[-60.74714,-12.110465],[-60.747918,-12.109345],[-60.748646,-12.108194],[-60.749413,-12.106803],[-60.749906,-12.105782],[-60.75456,-12.094466],[-60.754929,-12.093396],[-60.755138,-12.092516],[-60.755307,-12.091398],[-60.75603,-12.08329],[-60.756258,-12.081495],[-60.758061,-12.071248],[-60.758512,-12.068571],[-60.758694,-12.066999],[-60.75949,-12.058216],[-60.760461,-12.051045],[-60.760573,-12.050376],[-60.760686,-12.049938],[-60.760919,-12.0493],[-60.761325,-12.048489],[-60.770798,-12.031687],[-60.771148,-12.031103],[-60.771535,-12.030542],[-60.771827,-12.030193],[-60.772144,-12.029866],[-60.77248,-12.029558],[-60.772838,-12.029275],[-60.773213,-12.029014],[-60.773603,-12.028776],[-60.774219,-12.028473],[-60.775081,-12.028162],[-60.780336,-12.026529],[-60.781,-12.026349],[-60.781678,-12.026231],[-60.782135,-12.02619],[-60.782823,-12.026184],[-60.783281,-12.026222],[-60.784181,-12.026396],[-60.787054,-12.027193],[-60.787951,-12.027387],[-60.788407,-12.027435],[-60.789096,-12.027448],[-60.789554,-12.02742],[-60.790234,-12.027318],[-60.79112,-12.027079],[-60.805111,-12.022659],[-60.805995,-12.022413],[-60.807119,-12.022182],[-60.818415,-12.020166],[-60.825164,-12.018811],[-60.827628,-12.018268],[-60.829853,-12.01771],[-60.832282,-12.017029],[-60.835804,-12.016002],[-60.836473,-12.015839],[-60.837378,-12.015687],[-60.84858,-12.014665],[-60.849954,-12.014567],[-60.850643,-12.01455],[-60.866026,-12.01453],[-60.866484,-12.014511],[-60.866941,-12.014464],[-60.867843,-12.014293],[-60.868721,-12.01403],[-60.875712,-12.011154],[-60.876575,-12.010843],[-60.87724,-12.010671],[-60.878147,-12.010532],[-60.880212,-12.01048],[-60.916258,-12.01022],[-60.916946,-12.010199],[-60.917404,-12.010157],[-60.917858,-12.010093],[-60.918307,-12.009998],[-60.919179,-12.009717],[-60.919808,-12.00944],[-60.920405,-12.009103],[-60.920969,-12.008714],[-60.925147,-12.005177],[-60.93469,-11.997033],[-60.935572,-11.996309],[-60.936841,-11.995337],[-60.945839,-11.988688],[-60.94674,-11.987988],[-60.953027,-11.982361],[-60.953672,-11.981718],[-60.953967,-11.981371],[-60.954366,-11.980819],[-60.954708,-11.980231],[-60.955006,-11.979619],[-60.955171,-11.979197],[-60.955305,-11.978765],[-60.955465,-11.978106],[-60.955603,-11.977212],[-60.958643,-11.952067],[-60.960331,-11.938376],[-60.960339,-11.937924],[-60.960298,-11.937247],[-60.960188,-11.936578],[-60.95975,-11.934358],[-60.959703,-11.933909],[-60.959722,-11.933685],[-60.95978,-11.933467],[-60.959987,-11.933065],[-60.960994,-11.931552],[-60.961106,-11.931354],[-60.961393,-11.930738],[-60.961544,-11.930312],[-60.96175,-11.929431],[-60.962882,-11.922283],[-60.96305,-11.921393],[-60.965672,-11.912256],[-60.9659,-11.911616],[-60.966093,-11.911206],[-60.966319,-11.910812],[-60.966576,-11.910438],[-60.966853,-11.910078],[-60.967335,-11.909593],[-60.967868,-11.909165],[-60.968255,-11.908922],[-60.968657,-11.908704],[-60.971768,-11.907249],[-60.972177,-11.907043],[-60.972761,-11.906684],[-60.973134,-11.906421],[-60.973663,-11.905986],[-60.974144,-11.905501],[-60.974585,-11.904981],[-60.974851,-11.904613],[-60.979652,-11.896639],[-60.980023,-11.896068],[-60.993313,-11.87708],[-60.994034,-11.876201],[-60.999518,-11.870417],[-60.99981,-11.870068],[-61.011855,-11.854661],[-61.017707,-11.847113],[-61.018081,-11.846545],[-61.018412,-11.84595],[-61.021736,-11.839498],[-61.021969,-11.839108],[-61.022367,-11.838554],[-61.022806,-11.838032],[-61.026415,-11.834236],[-61.027008,-11.833545],[-61.027406,-11.832992],[-61.046417,-11.803368],[-61.046938,-11.802623],[-61.047389,-11.802111],[-61.047879,-11.801635],[-61.048228,-11.801342],[-61.048779,-11.800935],[-61.06094,-11.793222],[-61.061493,-11.792819],[-61.062014,-11.792375],[-61.062333,-11.79205],[-61.062926,-11.79136],[-61.076668,-11.77353],[-61.093273,-11.75188],[-61.094159,-11.750843],[-61.094834,-11.75023],[-61.095575,-11.749697],[-61.096173,-11.749361],[-61.096796,-11.749071],[-61.097442,-11.748838],[-61.098332,-11.748615],[-61.107737,-11.746517],[-61.108176,-11.746386],[-61.108821,-11.746149],[-61.109642,-11.745743],[-61.110227,-11.745386],[-61.110596,-11.745118],[-61.110948,-11.744827],[-61.115676,-11.740538],[-61.124087,-11.732844],[-61.124777,-11.732248],[-61.125328,-11.731841],[-61.125916,-11.731488],[-61.126945,-11.730989],[-61.138783,-11.726048],[-61.139186,-11.725832],[-61.139767,-11.725468],[-61.167669,-11.704082],[-61.168325,-11.703449],[-61.168774,-11.702935],[-61.173132,-11.697111],[-61.173563,-11.696582],[-61.17421,-11.69594],[-61.180703,-11.690546],[-61.181044,-11.690243],[-61.181812,-11.689403],[-61.182207,-11.688848],[-61.1823,-11.688645],[-61.182463,-11.687989],[-61.182622,-11.687829],[-61.182982,-11.68755],[-61.186435,-11.681682],[-61.187107,-11.680498],[-61.187406,-11.679887],[-61.189588,-11.674904],[-61.191534,-11.670314],[-61.191764,-11.669675],[-61.191875,-11.669236],[-61.191958,-11.668792],[-61.192,-11.668342],[-61.192009,-11.66789],[-61.191981,-11.667439],[-61.191921,-11.66699],[-61.191157,-11.662532],[-61.191097,-11.662083],[-61.191067,-11.661632],[-61.191072,-11.660954],[-61.191175,-11.660056],[-61.191607,-11.658066],[-61.191608,-11.657844],[-61.191531,-11.657401],[-61.191548,-11.657185],[-61.191762,-11.656785],[-61.191892,-11.656599],[-61.191971,-11.656391],[-61.194382,-11.64557],[-61.194513,-11.645136],[-61.194671,-11.644712],[-61.19495,-11.644092],[-61.195287,-11.6435],[-61.195667,-11.642935],[-61.198497,-11.639091],[-61.203669,-11.632171],[-61.216251,-11.615183],[-61.221484,-11.608309],[-61.221934,-11.607796],[-61.222601,-11.607174],[-61.223152,-11.606768],[-61.233292,-11.600563],[-61.237012,-11.598319],[-61.24753,-11.592756],[-61.256186,-11.588571],[-61.256778,-11.588225],[-61.257507,-11.587676],[-61.279579,-11.569612],[-61.280613,-11.568716],[-61.28124,-11.568056],[-61.282411,-11.566662],[-61.297008,-11.548919],[-61.297623,-11.548247],[-61.305612,-11.540129],[-61.305952,-11.539825],[-61.306319,-11.539554],[-61.306705,-11.539309],[-61.307114,-11.539104],[-61.307538,-11.538932],[-61.307975,-11.538794],[-61.318519,-11.536532],[-61.319186,-11.536364],[-61.319622,-11.536221],[-61.320044,-11.536044],[-61.320448,-11.535829],[-61.321213,-11.53533],[-61.326921,-11.531143],[-61.327691,-11.53065],[-61.3285,-11.530223],[-61.339837,-11.524746],[-61.340448,-11.524432],[-61.341036,-11.524079],[-61.341792,-11.523566],[-61.360748,-11.510024],[-61.36185,-11.509211],[-61.362205,-11.508924],[-61.362704,-11.508457],[-61.370636,-11.500284],[-61.372991,-11.49781],[-61.378372,-11.492241],[-61.379185,-11.491443],[-61.399455,-11.470489],[-61.399954,-11.470021],[-61.400671,-11.469456],[-61.401436,-11.468957],[-61.415567,-11.460954],[-61.423759,-11.456387],[-61.424732,-11.455788],[-61.425102,-11.45552],[-61.425633,-11.455088],[-61.42759,-11.453179],[-61.427746,-11.452756],[-61.427954,-11.452357],[-61.428138,-11.45223],[-61.428363,-11.452191],[-61.428582,-11.452123],[-61.428787,-11.452024],[-61.433188,-11.447725],[-61.433537,-11.447431],[-61.434107,-11.447052],[-61.434721,-11.446744],[-61.435372,-11.446524],[-61.445993,-11.443627],[-61.446859,-11.443327],[-61.44727,-11.443127],[-61.462717,-11.434204],[-61.463539,-11.433803],[-61.463967,-11.43364],[-61.464409,-11.433517],[-61.464859,-11.433428],[-61.465544,-11.433373],[-61.466003,-11.43338],[-61.466687,-11.433461],[-61.467355,-11.433626],[-61.467788,-11.433776],[-61.468405,-11.434075],[-61.468798,-11.434309],[-61.477145,-11.439913],[-61.477727,-11.440276],[-61.478136,-11.44048],[-61.478774,-11.440735],[-61.479212,-11.440873],[-61.480113,-11.441044],[-61.4808,-11.44109],[-61.481259,-11.441086],[-61.628073,-11.435087],[-61.628985,-11.434986],[-61.629433,-11.434887],[-61.630085,-11.434669],[-61.630718,-11.434401],[-61.631119,-11.434181],[-61.631686,-11.433797],[-61.632039,-11.433508],[-61.632531,-11.433033],[-61.632824,-11.432685],[-61.640032,-11.422475],[-61.651787,-11.40574],[-61.670123,-11.379742],[-61.670403,-11.379384],[-61.670863,-11.37888],[-61.671193,-11.378565],[-61.671719,-11.378127],[-61.672289,-11.377747],[-61.672888,-11.377412],[-61.673304,-11.377221],[-61.673946,-11.376976],[-61.674385,-11.376844],[-61.675057,-11.376696],[-61.675968,-11.376586],[-61.687899,-11.37615],[-61.688587,-11.37617],[-61.689273,-11.376236],[-61.691764,-11.376641],[-61.752164,-11.386962],[-61.76304,-11.388714],[-61.763497,-11.38875],[-61.764185,-11.38872],[-61.764639,-11.388651],[-61.776074,-11.386172],[-61.789763,-11.383257],[-61.796733,-11.381836],[-61.81158,-11.378852],[-61.8118,-11.37879],[-61.812236,-11.378647],[-61.841935,-11.366541],[-61.842558,-11.366253],[-61.843151,-11.365908],[-61.843699,-11.365498],[-61.844361,-11.364872],[-61.865866,-11.340441],[-61.87333,-11.331853],[-61.873743,-11.33131],[-61.874119,-11.330742],[-61.876535,-11.326896],[-61.87832,-11.323996],[-61.883527,-11.314948],[-61.893312,-11.29832],[-61.894947,-11.295595],[-61.900842,-11.285632],[-61.901288,-11.284841],[-61.901572,-11.284224],[-61.901778,-11.283577],[-61.901924,-11.282914],[-61.90198,-11.282466],[-61.90204,-11.27817],[-61.90213,-11.258048],[-61.90212,-11.244935],[-61.901611,-11.202432],[-61.901493,-11.201998],[-61.901381,-11.201329],[-61.901352,-11.200652],[-61.90131,-11.197487],[-61.901347,-11.197036],[-61.901457,-11.196367],[-61.901518,-11.196149],[-61.901538,-11.195926],[-61.901679,-11.164499],[-61.90164,-11.152064],[-61.90114,-11.131043],[-61.901159,-11.129461],[-61.901353,-11.126528],[-61.901427,-11.124721],[-61.901649,-11.112061],[-61.901709,-11.111159],[-61.901828,-11.110492],[-61.901999,-11.109834],[-61.902247,-11.109202],[-61.902543,-11.108589],[-61.909567,-11.095367],[-61.929305,-11.05782],[-61.929579,-11.057198],[-61.92973,-11.056771],[-61.929793,-11.056554],[-61.929922,-11.055888],[-61.929983,-11.055213],[-61.93001,-11.053857],[-61.930021,-11.045491],[-61.93005,-11.043005],[-61.930041,-11.04097],[-61.93008,-11.035544],[-61.93011,-11.022883],[-61.930083,-11.021979],[-61.929988,-11.021307],[-61.929938,-11.021087],[-61.929677,-11.02022],[-61.929502,-11.019802],[-61.92918,-11.019203],[-61.9288,-11.018638],[-61.920153,-11.007219],[-61.918397,-11.004843],[-61.91801,-11.004282],[-61.917669,-11.003693],[-61.917479,-11.003281],[-61.917314,-11.002859],[-61.917125,-11.002207],[-61.917036,-11.001764],[-61.916975,-11.001315],[-61.916951,-11.000638],[-61.91722,-10.978935],[-61.91729,-10.974639],[-61.917401,-10.959492],[-61.917484,-10.958591],[-61.91757,-10.958148],[-61.917692,-10.957712],[-61.917848,-10.957287],[-61.918038,-10.956875],[-61.918261,-10.95648],[-61.918516,-10.956104],[-61.919112,-10.955416],[-61.928022,-10.946289],[-61.928431,-10.945743],[-61.928779,-10.945159],[-61.928969,-10.944747],[-61.92913,-10.944323],[-61.929204,-10.944109],[-61.929371,-10.943452],[-61.929472,-10.942781],[-61.929502,-10.942104],[-61.929653,-10.926504],[-61.9297,-10.923791],[-61.929814,-10.919949],[-61.930113,-10.911589],[-61.930051,-10.91001],[-61.930264,-10.90504],[-61.930638,-10.892384],[-61.930718,-10.891711],[-61.930884,-10.891053],[-61.931233,-10.889976],[-61.93165,-10.888923],[-61.931974,-10.888325],[-61.932349,-10.887756],[-61.932787,-10.887234],[-61.933407,-10.886567],[-61.933753,-10.88627],[-61.934123,-10.886002],[-61.943656,-10.879703],[-61.947869,-10.87696],[-61.949964,-10.875571],[-61.959009,-10.869372],[-61.95959,-10.869007],[-61.960005,-10.868814],[-61.960667,-10.868631],[-61.96203,-10.868436],[-61.964507,-10.867951],[-61.965177,-10.867792],[-61.965615,-10.867658],[-61.966039,-10.867485],[-61.966449,-10.867281],[-61.966842,-10.867047],[-61.968896,-10.8656],[-61.969475,-10.865233],[-61.969889,-10.865043],[-61.976103,-10.860774],[-62.008489,-10.838919],[-62.009001,-10.838466],[-62.009156,-10.8383],[-62.009607,-10.837787],[-62.009877,-10.837421],[-62.01013,-10.837044],[-62.010342,-10.836643],[-62.010784,-10.8356],[-62.017266,-10.817473],[-62.022367,-10.803663],[-62.022627,-10.803035],[-62.022948,-10.802435],[-62.023334,-10.801873],[-62.023621,-10.801519],[-62.024105,-10.801037],[-62.024455,-10.800745],[-62.025016,-10.800351],[-62.059477,-10.780451],[-62.060279,-10.780011],[-62.060915,-10.779752],[-62.0618,-10.779511],[-62.088164,-10.77444],[-62.107009,-10.770401],[-62.108126,-10.770139],[-62.122331,-10.766439],[-62.125855,-10.765417],[-62.143229,-10.760287],[-62.14476,-10.759807],[-62.164583,-10.753305],[-62.165229,-10.753071],[-62.165851,-10.752779],[-62.166435,-10.75242],[-62.166979,-10.752005],[-62.167313,-10.751696],[-62.167628,-10.751367],[-62.169436,-10.749319],[-62.169763,-10.749002],[-62.170111,-10.748706],[-62.170486,-10.748447],[-62.170881,-10.748216],[-62.171295,-10.74802],[-62.177213,-10.745549],[-62.177836,-10.74526],[-62.178237,-10.74504],[-62.179367,-10.744265],[-62.186451,-10.738871],[-62.188428,-10.737324],[-62.190251,-10.735949],[-62.190821,-10.735569],[-62.191423,-10.735239],[-62.192057,-10.734976],[-62.192712,-10.734766],[-62.193387,-10.734639],[-62.194074,-10.734591],[-62.194533,-10.734606],[-62.19499,-10.734649],[-62.195441,-10.734734],[-62.196102,-10.734922],[-62.19675,-10.735153],[-62.197169,-10.735338],[-62.197758,-10.735688],[-62.198296,-10.736111],[-62.198957,-10.736738],[-62.201994,-10.739822],[-62.202509,-10.740272],[-62.203076,-10.740655],[-62.203679,-10.740981],[-62.20389,-10.741072],[-62.204541,-10.741293],[-62.207205,-10.741985],[-62.208327,-10.742223],[-62.209011,-10.7423],[-62.209699,-10.742319],[-62.210387,-10.742284],[-62.211985,-10.74212],[-62.21723,-10.741518],[-62.223133,-10.740643],[-62.223806,-10.740498],[-62.224452,-10.740263],[-62.225061,-10.739947],[-62.225619,-10.739551],[-62.226126,-10.739092],[-62.226568,-10.738572],[-62.226818,-10.738193],[-62.227035,-10.737795],[-62.2273,-10.737169],[-62.229922,-10.728974],[-62.230186,-10.728348],[-62.230304,-10.728155],[-62.230582,-10.727795],[-62.23092,-10.727491],[-62.231111,-10.727365],[-62.231311,-10.727255],[-62.231735,-10.727084],[-62.234198,-10.72654],[-62.23712,-10.725942],[-62.237557,-10.725806],[-62.237966,-10.725602],[-62.238338,-10.725338],[-62.238663,-10.72502],[-62.239612,-10.723744],[-62.240092,-10.723258],[-62.24044,-10.722963],[-62.240814,-10.722701],[-62.241206,-10.722466],[-62.244244,-10.720868],[-62.246413,-10.719594],[-62.247186,-10.719107],[-62.247557,-10.71884],[-62.24791,-10.71855],[-62.248384,-10.718059],[-62.255327,-10.709631],[-62.268638,-10.693772],[-62.291808,-10.66541],[-62.312079,-10.641137],[-62.326154,-10.624141],[-62.32643,-10.62378],[-62.326672,-10.623395],[-62.326879,-10.622992],[-62.327436,-10.621752],[-62.327685,-10.621374],[-62.327997,-10.621043],[-62.328171,-10.620895],[-62.329784,-10.619623],[-62.330269,-10.619142],[-62.330722,-10.618631],[-62.350014,-10.595322],[-62.365321,-10.576982],[-62.368176,-10.573734],[-62.369031,-10.57267],[-62.373176,-10.567253],[-62.37697,-10.563013],[-62.377865,-10.561981],[-62.378278,-10.561439],[-62.380554,-10.558042],[-62.388617,-10.546765],[-62.397848,-10.534087],[-62.398105,-10.533712],[-62.398312,-10.53331],[-62.398367,-10.53309],[-62.398369,-10.532641],[-62.39831,-10.532423],[-62.398121,-10.532012],[-62.3964,-10.529074],[-62.396002,-10.528521],[-62.395078,-10.527516],[-62.39495,-10.527329],[-62.394751,-10.526922],[-62.39389,-10.524344],[-62.393765,-10.52391],[-62.39373,-10.523687],[-62.393726,-10.523461],[-62.393767,-10.52324],[-62.393839,-10.523025],[-62.39394,-10.522823],[-62.394077,-10.522643],[-62.39424,-10.522484],[-62.39443,-10.522357],[-62.394634,-10.522255],[-62.395959,-10.521889],[-62.396415,-10.521831],[-62.396644,-10.521837],[-62.397099,-10.521894],[-62.401388,-10.522679],[-62.401845,-10.52272],[-62.4023,-10.522672],[-62.402735,-10.52253],[-62.402942,-10.522434],[-62.403316,-10.522173],[-62.403627,-10.521841],[-62.404069,-10.521049],[-62.407579,-10.51368],[-62.407836,-10.513051],[-62.407902,-10.512835],[-62.407961,-10.512616],[-62.408018,-10.512168],[-62.407997,-10.511717],[-62.407853,-10.511054],[-62.407338,-10.509318],[-62.407278,-10.50887],[-62.407271,-10.508644],[-62.407329,-10.508197],[-62.407461,-10.507765],[-62.40767,-10.507363],[-62.40793,-10.506992],[-62.408271,-10.506691],[-62.408845,-10.506316],[-62.418572,-10.50075],[-62.418957,-10.500505],[-62.419323,-10.500231],[-62.419975,-10.499595],[-62.420255,-10.499237],[-62.420503,-10.498857],[-62.420829,-10.498259],[-62.422068,-10.495585],[-62.422432,-10.49501],[-62.422725,-10.494663],[-62.423056,-10.49435],[-62.423237,-10.49421],[-62.423823,-10.493855],[-62.424237,-10.49366],[-62.42698,-10.492502],[-62.427569,-10.492151],[-62.427751,-10.492013],[-62.428081,-10.491699],[-62.428382,-10.491358],[-62.431355,-10.487337],[-62.431818,-10.486836],[-62.432165,-10.48654],[-62.432531,-10.486267],[-62.433119,-10.485916],[-62.433535,-10.485724],[-62.434186,-10.485503],[-62.434857,-10.485355],[-62.435313,-10.4853],[-62.436002,-10.48529],[-62.438066,-10.485372],[-62.438295,-10.485354],[-62.438744,-10.485264],[-62.439177,-10.485114],[-62.43958,-10.484898],[-62.43995,-10.484632],[-62.440281,-10.48432],[-62.442091,-10.482274],[-62.442495,-10.481725],[-62.442726,-10.481335],[-62.442925,-10.480928],[-62.443086,-10.480505],[-62.443602,-10.478535],[-62.443734,-10.478102],[-62.444079,-10.477263],[-62.444408,-10.476668],[-62.445054,-10.475733],[-62.448145,-10.471517],[-62.44892,-10.470395],[-62.468266,-10.440713],[-62.468533,-10.440345],[-62.468971,-10.439821],[-62.469603,-10.439166],[-62.470678,-10.438317],[-62.473081,-10.436575],[-62.474415,-10.435693],[-62.476939,-10.434123],[-62.477469,-10.433689],[-62.477607,-10.433511],[-62.478199,-10.433164],[-62.481675,-10.430964],[-62.482508,-10.43059],[-62.489391,-10.426082],[-62.491058,-10.42488],[-62.498025,-10.419709],[-62.502634,-10.41634],[-62.503228,-10.415998],[-62.50364,-10.415799],[-62.504273,-10.415532],[-62.505775,-10.414969],[-62.50598,-10.414868],[-62.506168,-10.414739],[-62.506339,-10.414588],[-62.506486,-10.414416],[-62.506609,-10.414225],[-62.507021,-10.413418],[-62.507293,-10.413055],[-62.507454,-10.412894],[-62.508749,-10.411958],[-62.512314,-10.409482],[-62.512843,-10.409047],[-62.513807,-10.408079],[-62.514165,-10.407798],[-62.515368,-10.407138],[-62.515954,-10.406782],[-62.517995,-10.405317],[-62.521012,-10.403253],[-62.529547,-10.397519],[-62.541339,-10.38927],[-62.543598,-10.387717],[-62.544646,-10.386837],[-62.545308,-10.38621],[-62.546258,-10.385228],[-62.548055,-10.383172],[-62.548327,-10.382807],[-62.548932,-10.381847],[-62.549328,-10.381292],[-62.549653,-10.380973],[-62.550178,-10.380534],[-62.550674,-10.380064],[-62.557711,-10.372309],[-62.558753,-10.371422],[-62.565956,-10.365812],[-62.568318,-10.364016],[-62.583158,-10.353745],[-62.584087,-10.353082],[-62.584802,-10.352513],[-62.597646,-10.34191],[-62.599631,-10.340372],[-62.614195,-10.329351],[-62.61513,-10.328696],[-62.6165,-10.327868],[-62.618732,-10.326705],[-62.619531,-10.326259],[-62.6203,-10.325765],[-62.62139,-10.324936],[-62.636339,-10.312582],[-62.637947,-10.311304],[-62.651184,-10.301554],[-62.663532,-10.292519],[-62.689429,-10.27339],[-62.694879,-10.269242],[-62.696532,-10.268021],[-62.697302,-10.26753],[-62.697918,-10.267228],[-62.698782,-10.266921],[-62.700329,-10.266493],[-62.701202,-10.266213],[-62.70183,-10.265934],[-62.702415,-10.265579],[-62.702951,-10.265153],[-62.703431,-10.264667],[-62.703864,-10.26414],[-62.705946,-10.261438],[-62.70668,-10.26057],[-62.707154,-10.260078],[-62.707836,-10.259473],[-62.708379,-10.259056],[-62.723732,-10.247939],[-62.72469,-10.247316],[-62.725296,-10.246994],[-62.725715,-10.24681],[-62.726146,-10.246653],[-62.726806,-10.246462],[-62.72771,-10.246304],[-62.728396,-10.246243],[-62.729314,-10.246268],[-62.736634,-10.246882],[-62.737323,-10.246881],[-62.738006,-10.246797],[-62.738456,-10.24671],[-62.739114,-10.246511],[-62.73954,-10.246342],[-62.740153,-10.246033],[-62.740541,-10.245792],[-62.740909,-10.245522],[-62.741426,-10.245075],[-62.741734,-10.244739],[-62.74216,-10.244207],[-62.74355,-10.24213],[-62.743905,-10.241549],[-62.744206,-10.240939],[-62.744528,-10.240092],[-62.744655,-10.239658],[-62.745149,-10.237682],[-62.745375,-10.237042],[-62.745653,-10.236422],[-62.745881,-10.236029],[-62.746273,-10.235472],[-62.746727,-10.234963],[-62.747233,-10.234502],[-62.747778,-10.234088],[-62.767463,-10.220779],[-62.767998,-10.220353],[-62.768329,-10.22004],[-62.768626,-10.219695],[-62.768896,-10.219329],[-62.769138,-10.218945],[-62.772024,-10.213288],[-62.772598,-10.21231],[-62.77312,-10.211567],[-62.773846,-10.21069],[-62.774658,-10.209892],[-62.775176,-10.209445],[-62.775718,-10.209026],[-62.776279,-10.208633],[-62.777067,-10.20817],[-62.777677,-10.207854],[-62.787104,-10.20369],[-62.788556,-10.203014],[-62.789348,-10.202555],[-62.790107,-10.202046],[-62.825031,-10.177845],[-62.825761,-10.177297],[-62.82627,-10.176839],[-62.826583,-10.176509],[-62.827017,-10.175983],[-62.827276,-10.17561],[-62.827734,-10.174826],[-62.830936,-10.168064],[-62.831676,-10.166659],[-62.837605,-10.156716],[-62.837974,-10.156144],[-62.838249,-10.155782],[-62.838549,-10.155439],[-62.839033,-10.154957],[-62.839563,-10.154523],[-62.841391,-10.153157],[-62.841904,-10.152704],[-62.842223,-10.152378],[-62.842513,-10.152028],[-62.842901,-10.151468],[-62.845072,-10.147742],[-62.845704,-10.146799],[-62.84643,-10.145924],[-62.847054,-10.14526],[-62.847898,-10.144495],[-62.848618,-10.143933],[-62.84977,-10.143191],[-62.850578,-10.142761],[-62.851201,-10.142471],[-62.864665,-10.136676],[-62.88038,-10.129744],[-62.887936,-10.126444],[-62.889211,-10.125932],[-62.892209,-10.12479],[-62.893688,-10.124172],[-62.911877,-10.116041],[-62.919691,-10.112759],[-62.92791,-10.109261],[-62.928553,-10.109016],[-62.929218,-10.108843],[-62.929671,-10.108767],[-62.930128,-10.10873],[-62.930587,-10.108738],[-62.931045,-10.108776],[-62.933303,-10.109182],[-62.93376,-10.10922],[-62.934448,-10.109199],[-62.934904,-10.109141],[-62.935352,-10.109043],[-62.935791,-10.108913],[-62.936429,-10.108657],[-62.95186,-10.101132],[-62.966353,-10.093784],[-62.966953,-10.093451],[-62.967531,-10.093082],[-62.968079,-10.092672],[-62.96858,-10.092206],[-62.969049,-10.091709],[-62.971458,-10.088979],[-62.971728,-10.088614],[-62.971963,-10.088225],[-62.972259,-10.087614],[-62.972415,-10.087188],[-62.972538,-10.086753],[-62.972616,-10.086308],[-62.97269,-10.085633],[-62.973453,-10.073221],[-62.973985,-10.065552],[-62.974106,-10.06352],[-62.974086,-10.062617],[-62.974031,-10.062168],[-62.973342,-10.058385],[-62.973321,-10.05816],[-62.973339,-10.057482],[-62.973432,-10.05681],[-62.976036,-10.043259],[-62.976173,-10.042365],[-62.976301,-10.041242],[-62.97675,-10.036514],[-62.976819,-10.036068],[-62.976976,-10.035408],[-62.977123,-10.034979],[-62.977308,-10.034566],[-62.97752,-10.034165],[-62.978014,-10.033403],[-62.978151,-10.033222],[-62.978607,-10.032714],[-62.979118,-10.032259],[-62.981417,-10.030385],[-62.983478,-10.028584],[-62.993654,-10.019108],[-62.996138,-10.016759],[-62.997719,-10.01512],[-63.010285,-10.001315],[-63.011002,-10.000432],[-63.011378,-9.999864],[-63.011722,-9.999277],[-63.012022,-9.998666],[-63.01317,-9.995953],[-63.013592,-9.99515],[-63.014197,-9.99419],[-63.014601,-9.99364],[-63.019675,-9.987215],[-63.020402,-9.98634],[-63.021192,-9.985521],[-63.021695,-9.985057],[-63.022392,-9.984468],[-63.030596,-9.978284],[-63.031298,-9.977701],[-63.032285,-9.976755],[-63.033042,-9.975905],[-63.035331,-9.973076],[-63.035647,-9.972748],[-63.036165,-9.972301],[-63.036532,-9.97203],[-63.036919,-9.971786],[-63.043348,-9.968285],[-63.044297,-9.96765],[-63.045009,-9.967079],[-63.049077,-9.963092],[-63.049492,-9.962551],[-63.049729,-9.962164],[-63.050098,-9.961337],[-63.050231,-9.960904],[-63.05036,-9.960238],[-63.051042,-9.950313],[-63.051125,-9.949639],[-63.051281,-9.948979],[-63.051502,-9.948337],[-63.051793,-9.947723],[-63.054711,-9.942855],[-63.055136,-9.942054],[-63.055302,-9.941632],[-63.05544,-9.941201],[-63.055574,-9.940536],[-63.05566,-9.939863],[-63.055635,-9.938959],[-63.054883,-9.928585],[-63.054852,-9.927229],[-63.055363,-9.917068],[-63.05534,-9.916617],[-63.055259,-9.916172],[-63.055244,-9.915948],[-63.055281,-9.915725],[-63.055462,-9.915072],[-63.055921,-9.905587],[-63.055917,-9.905363],[-63.055854,-9.905145],[-63.055837,-9.904695],[-63.056004,-9.904042],[-63.056463,-9.89433],[-63.056748,-9.889364],[-63.05664,-9.888469],[-63.056822,-9.887816],[-63.05685,-9.887593],[-63.056969,-9.885561],[-63.05697,-9.885337],[-63.05685,-9.884669],[-63.056871,-9.884445],[-63.057064,-9.883798],[-63.059154,-9.847908],[-63.059299,-9.846787],[-63.059876,-9.843674],[-63.060034,-9.843014],[-63.060176,-9.842584],[-63.060464,-9.841968],[-63.060694,-9.841577],[-63.061098,-9.841029],[-63.061573,-9.840537],[-63.061919,-9.84024],[-63.064171,-9.838679],[-63.064528,-9.838395],[-63.065024,-9.837924],[-63.065478,-9.837414],[-63.065879,-9.836863],[-63.066241,-9.836287],[-63.066544,-9.835678],[-63.072583,-9.8215],[-63.072824,-9.820865],[-63.073019,-9.820214],[-63.07394,-9.81648],[-63.073996,-9.816031],[-63.074019,-9.81558],[-63.073991,-9.813997],[-63.074045,-9.813322],[-63.074121,-9.812876],[-63.074243,-9.81244],[-63.074393,-9.812013],[-63.074586,-9.811603],[-63.074813,-9.81121],[-63.075206,-9.810654],[-63.075669,-9.810152],[-63.076195,-9.809714],[-63.076574,-9.80946],[-63.077179,-9.809136],[-63.081364,-9.807277],[-63.08196,-9.806936],[-63.082338,-9.80668],[-63.082864,-9.806242],[-63.083184,-9.805918],[-63.08348,-9.805573],[-63.083752,-9.805209],[-63.083997,-9.804826],[-63.084214,-9.804428],[-63.084404,-9.804017],[-63.084555,-9.80359],[-63.084746,-9.802939],[-63.087384,-9.792634],[-63.090028,-9.782565],[-63.093901,-9.767205],[-63.094054,-9.766314],[-63.094201,-9.764965],[-63.094335,-9.7643],[-63.094593,-9.763433],[-63.095334,-9.761293],[-63.095533,-9.760643],[-63.096941,-9.755164],[-63.097074,-9.754731],[-63.097254,-9.754316],[-63.097361,-9.754116],[-63.09777,-9.753571],[-63.097927,-9.753406],[-63.098286,-9.753126],[-63.098683,-9.752899],[-63.099106,-9.752724],[-63.099551,-9.752616],[-63.099778,-9.752587],[-63.100237,-9.752576],[-63.100692,-9.752627],[-63.107613,-9.754265],[-63.108062,-9.754356],[-63.108518,-9.754408],[-63.108976,-9.754393],[-63.109427,-9.754308],[-63.110068,-9.754061],[-63.110466,-9.753838],[-63.110648,-9.7537],[-63.111132,-9.753219],[-63.111266,-9.753036],[-63.111496,-9.752646],[-63.111666,-9.752226],[-63.111774,-9.751787],[-63.111823,-9.751338],[-63.112275,-9.737101],[-63.112337,-9.733937],[-63.112403,-9.733262],[-63.112613,-9.732382],[-63.112858,-9.731748],[-63.113158,-9.731138],[-63.113533,-9.73057],[-63.113962,-9.730039],[-63.114119,-9.729874],[-63.118641,-9.725699],[-63.119104,-9.725197],[-63.11936,-9.724822],[-63.11957,-9.72442],[-63.119658,-9.724211],[-63.119842,-9.723558],[-63.119906,-9.723111],[-63.119929,-9.722659],[-63.119903,-9.721077],[-63.119859,-9.7204],[-63.11975,-9.719731],[-63.119628,-9.719295],[-63.119483,-9.718867],[-63.119207,-9.718245],[-63.118734,-9.717471],[-63.110043,-9.704427],[-63.109825,-9.704029],[-63.109544,-9.703411],[-63.109248,-9.702555],[-63.10906,-9.70167],[-63.107443,-9.690706],[-63.107292,-9.689814],[-63.107023,-9.688716],[-63.105539,-9.68349],[-63.105316,-9.682848],[-63.105028,-9.682233],[-63.103557,-9.679939],[-63.103102,-9.679153],[-63.100567,-9.673832],[-63.100409,-9.673407],[-63.10024,-9.67275],[-63.100008,-9.671184],[-63.099851,-9.670524],[-63.099526,-9.669679],[-63.099208,-9.669078],[-63.098827,-9.668513],[-63.098383,-9.667995],[-63.097708,-9.667383],[-63.09715,-9.666986],[-63.08131,-9.657391],[-63.080732,-9.657021],[-63.080188,-9.656606],[-63.079693,-9.656134],[-63.079091,-9.655451],[-63.076653,-9.65189],[-63.076421,-9.651499],[-63.07614,-9.650881],[-63.07593,-9.650235],[-63.075825,-9.649795],[-63.075035,-9.643285],[-63.073054,-9.625986],[-63.072027,-9.617226],[-63.071924,-9.6161],[-63.071912,-9.615422],[-63.076008,-9.5493],[-63.07822,-9.5107],[-63.07829,-9.510253],[-63.078389,-9.509812],[-63.078523,-9.509379],[-63.078685,-9.508956],[-63.07888,-9.508547],[-63.079101,-9.508151],[-63.079484,-9.507587],[-63.090583,-9.49346],[-63.09559,-9.486985],[-63.099877,-9.48139],[-63.100326,-9.480876],[-63.100498,-9.480726],[-63.100686,-9.480598],[-63.101095,-9.480392],[-63.102798,-9.479717],[-63.103201,-9.4795],[-63.103376,-9.479354],[-63.103528,-9.479184],[-63.103656,-9.478997],[-63.103832,-9.478581],[-63.103886,-9.478361],[-63.103909,-9.478137],[-63.103898,-9.477911],[-63.103784,-9.477473],[-63.103701,-9.477263],[-63.102446,-9.474848],[-63.102187,-9.474219],[-63.102046,-9.473789],[-63.101896,-9.473128],[-63.101814,-9.472227],[-63.102427,-9.444651],[-63.102461,-9.443973],[-63.102519,-9.443525],[-63.102717,-9.442642],[-63.102851,-9.442209],[-63.103102,-9.441578],[-63.103526,-9.440776],[-63.106135,-9.436783],[-63.114936,-9.423541],[-63.115481,-9.422813],[-63.116087,-9.422134],[-63.116501,-9.421593],[-63.120525,-9.415539],[-63.120854,-9.414944],[-63.121143,-9.414328],[-63.121457,-9.413725],[-63.122578,-9.412015],[-63.122931,-9.411433],[-63.12323,-9.410823],[-63.123464,-9.410185],[-63.123645,-9.40953],[-63.133309,-9.370427],[-63.174211,-9.211535],[-63.174427,-9.209968],[-63.174757,-9.208651],[-63.175114,-9.207577],[-63.175582,-9.206063],[-63.175771,-9.205651],[-63.175994,-9.205256],[-63.176238,-9.204873],[-63.176513,-9.204511],[-63.176807,-9.204164],[-63.177281,-9.203671],[-63.177866,-9.202975],[-63.178796,-9.201974],[-63.179495,-9.201387],[-63.180235,-9.200855],[-63.184902,-9.196178],[-63.185298,-9.195625],[-63.18572,-9.19509],[-63.186334,-9.194417],[-63.186988,-9.193783],[-63.18801,-9.192874],[-63.189951,-9.190948],[-63.191547,-9.189323],[-63.192292,-9.188462],[-63.193242,-9.18748],[-63.194649,-9.18632],[-63.200429,-9.180502],[-63.218474,-9.162146],[-63.220538,-9.160023],[-63.227747,-9.152734],[-63.265298,-9.115215],[-63.265736,-9.114691],[-63.26587,-9.114508],[-63.266103,-9.114119],[-63.266478,-9.113293],[-63.266669,-9.112642],[-63.268549,-9.102408],[-63.268694,-9.101745],[-63.268823,-9.101311],[-63.268988,-9.100889],[-63.269183,-9.10048],[-63.269538,-9.099899],[-63.26981,-9.099535],[-63.270272,-9.099033],[-63.270617,-9.098734],[-63.27117,-9.098331],[-63.271761,-9.097983],[-63.317382,-9.073169],[-63.317792,-9.072964],[-63.318431,-9.072713],[-63.319093,-9.072525],[-63.319544,-9.072442],[-63.32,-9.072389],[-63.320688,-9.072359],[-63.338596,-9.07231],[-63.339511,-9.072385],[-63.339737,-9.072422],[-63.340406,-9.072582],[-63.341279,-9.072863],[-63.351911,-9.076484],[-63.370586,-9.082799],[-63.371477,-9.083017],[-63.372157,-9.083127],[-63.372842,-9.083199],[-63.37376,-9.083217],[-63.374676,-9.083155],[-63.37513,-9.083091],[-63.375806,-9.08296],[-63.37647,-9.082781],[-63.377333,-9.082474],[-63.37754,-9.082379],[-63.378311,-9.081889],[-63.380367,-9.080445],[-63.381445,-9.079601],[-63.382658,-9.078562],[-63.38337,-9.077991],[-63.383882,-9.077537],[-63.384679,-9.076724],[-63.385362,-9.076119],[-63.386299,-9.075468],[-63.386697,-9.075243],[-63.386873,-9.075098],[-63.390327,-9.072119],[-63.411501,-9.054061],[-63.412142,-9.053414],[-63.412563,-9.052878],[-63.412928,-9.052303],[-63.413222,-9.05169],[-63.413455,-9.051052],[-63.413631,-9.050396],[-63.421454,-9.012741],[-63.42153,-9.012067],[-63.421545,-9.011163],[-63.421096,-9.001451],[-63.421132,-9.000548],[-63.42126,-8.999653],[-63.429243,-8.951683],[-63.431642,-8.937407],[-63.433901,-8.923796],[-63.435335,-8.915321],[-63.437667,-8.901264],[-63.44217,-8.874497],[-63.442676,-8.871601],[-63.444606,-8.859998],[-63.448608,-8.836359],[-63.44872,-8.83592],[-63.448997,-8.835058],[-63.449536,-8.83381],[-63.456751,-8.818414],[-63.473387,-8.783145],[-63.473698,-8.782539],[-63.473805,-8.78234],[-63.474184,-8.781773],[-63.476789,-8.778615],[-63.477054,-8.778249],[-63.478525,-8.776513],[-63.478684,-8.776351],[-63.479014,-8.776036],[-63.479366,-8.775746],[-63.479933,-8.775362],[-63.480528,-8.775021],[-63.481161,-8.774753],[-63.481595,-8.774605],[-63.482261,-8.774433],[-63.482943,-8.774344],[-63.483402,-8.774318],[-63.48432,-8.774322],[-63.485691,-8.774452],[-63.48614,-8.774539],[-63.491618,-8.775127],[-63.499602,-8.776029],[-63.617127,-8.788826],[-63.68447,-8.79595],[-63.685617,-8.79597],[-63.686075,-8.796002],[-63.687203,-8.796207],[-63.688573,-8.796341],[-63.689021,-8.796433],[-63.704546,-8.798058],[-63.704774,-8.79808],[-63.705463,-8.798056],[-63.706378,-8.79799],[-63.707067,-8.79798],[-63.707526,-8.797997],[-63.708208,-8.798089],[-63.708665,-8.798127],[-63.709352,-8.798082],[-63.709579,-8.798102],[-63.711408,-8.797956],[-63.712087,-8.797848],[-63.713459,-8.797725],[-63.714147,-8.797739],[-63.714601,-8.797802],[-63.715051,-8.797895],[-63.715488,-8.798033],[-63.715913,-8.798204],[-63.716518,-8.798526],[-63.718634,-8.799883],[-63.718836,-8.799991],[-63.719253,-8.800178],[-63.719688,-8.800323],[-63.720365,-8.800442],[-63.721512,-8.80048],[-63.728171,-8.80049],[-63.729778,-8.800472],[-63.730464,-8.800425],[-63.731374,-8.800303],[-63.732522,-8.800275],[-63.732979,-8.800308],[-63.734116,-8.800464],[-63.734574,-8.80049],[-63.740314,-8.80048],[-63.74123,-8.800536],[-63.741458,-8.800566],[-63.74213,-8.800711],[-63.742777,-8.800943],[-63.744025,-8.801516],[-63.745392,-8.802347],[-63.746849,-8.803013],[-63.74728,-8.803171],[-63.747719,-8.8033],[-63.748396,-8.803426],[-63.749082,-8.803489],[-63.749769,-8.803476],[-63.750453,-8.803401],[-63.750902,-8.803304],[-63.751561,-8.803109],[-63.75199,-8.802948],[-63.75262,-8.802674],[-63.753651,-8.802176],[-63.75429,-8.801925],[-63.756045,-8.801388],[-63.757544,-8.800819],[-63.758637,-8.800474],[-63.758858,-8.800415],[-63.759535,-8.800292],[-63.761592,-8.800101],[-63.762051,-8.800109],[-63.763883,-8.800244],[-63.76503,-8.80029],[-63.767547,-8.800499],[-63.773516,-8.80055],[-63.785684,-8.80045],[-63.79349,-8.80042],[-63.794179,-8.800402],[-63.795546,-8.800238],[-63.796233,-8.800192],[-63.79784,-8.800222],[-63.798752,-8.800326],[-63.79944,-8.80036],[-63.815511,-8.80034],[-63.817111,-8.800195],[-63.818718,-8.80018],[-63.820318,-8.800325],[-63.82468,-8.80033],[-63.825367,-8.800368],[-63.826046,-8.800482],[-63.827811,-8.800982],[-63.828482,-8.801134],[-63.828936,-8.801198],[-63.829395,-8.801228],[-63.829853,-8.801214],[-63.830764,-8.801102],[-63.83121,-8.800995],[-63.831862,-8.800777],[-63.83228,-8.80059],[-63.833677,-8.799808],[-63.839812,-8.796255],[-63.840191,-8.796],[-63.840923,-8.795455],[-63.842302,-8.794642],[-63.842917,-8.794336],[-63.843549,-8.794067],[-63.843958,-8.793862],[-63.855446,-8.787231],[-63.856823,-8.786414],[-63.859805,-8.784718],[-63.860386,-8.784353],[-63.861324,-8.783701],[-63.862319,-8.783139],[-63.863355,-8.782652],[-63.864367,-8.782117],[-63.880243,-8.773022],[-63.880627,-8.772774],[-63.88094,-8.772445],[-63.881618,-8.771533],[-63.881914,-8.771188],[-63.882268,-8.7709],[-63.883194,-8.770232],[-63.883362,-8.770079],[-63.883462,-8.769877],[-63.883627,-8.76876],[-63.883885,-8.767659],[-63.885887,-8.75837],[-63.885768,-8.75826],[-63.885315,-8.758183],[-63.88588,-8.758259],[-63.88596,-8.75808],[-63.88601,-8.757859],[-63.886092,-8.757688],[-63.886318,-8.75773],[-63.886328,-8.757909],[-63.886111,-8.758788],[-63.885806,-8.760341],[-63.885391,-8.762103],[-63.885171,-8.763213],[-63.884592,-8.765865],[-63.883987,-8.768512],[-63.883754,-8.769619],[-63.883696,-8.770066],[-63.883605,-8.770509],[-63.883583,-8.770734],[-63.883619,-8.771185],[-63.883666,-8.771406],[-63.883752,-8.771612],[-63.883986,-8.772001],[-63.884117,-8.772185],[-63.900052,-8.787506],[-63.904172,-8.791441],[-63.912043,-8.799037],[-63.912513,-8.799533],[-63.912916,-8.800083],[-63.913563,-8.80128],[-63.914169,-8.802239],[-63.914575,-8.80305],[-63.914842,-8.803675],[-63.915237,-8.804974],[-63.915491,-8.805604],[-63.916974,-8.808665],[-63.919138,-8.813408],[-63.919386,-8.813788],[-63.920871,-8.8158],[-63.921874,-8.817036],[-63.922275,-8.817588],[-63.922897,-8.818538],[-63.923297,-8.81909],[-63.923542,-8.819469],[-63.924132,-8.820162],[-63.925125,-8.821101],[-63.926042,-8.82178],[-63.934926,-8.827405],[-63.935485,-8.8278],[-63.936005,-8.828245],[-63.936475,-8.82874],[-63.936879,-8.829289],[-63.937114,-8.829678],[-63.937317,-8.830083],[-63.937489,-8.830502],[-63.937625,-8.830934],[-63.937852,-8.832041],[-63.937919,-8.833621],[-63.937826,-8.834975],[-63.937689,-8.836097],[-63.937615,-8.836542],[-63.937529,-8.838122],[-63.937662,-8.839697],[-63.937636,-8.8406],[-63.937553,-8.841274],[-63.937326,-8.842382],[-63.937212,-8.843051],[-63.93704,-8.845985],[-63.937065,-8.846662],[-63.93716,-8.847333],[-63.937342,-8.847987],[-63.937688,-8.848824],[-63.938149,-8.849606],[-63.938711,-8.850321],[-63.939033,-8.850643],[-63.939565,-8.851073],[-63.942031,-8.852729],[-63.942556,-8.853167],[-63.943029,-8.853659],[-63.943446,-8.854198],[-63.943802,-8.854779],[-63.944095,-8.855393],[-63.944249,-8.855819],[-63.944375,-8.856253],[-63.944498,-8.85692],[-63.94454,-8.85737],[-63.944544,-8.86257],[-63.944568,-8.863248],[-63.944665,-8.864374],[-63.944808,-8.865268],[-63.944999,-8.866152],[-63.945315,-8.867239],[-63.945702,-8.868302],[-63.946709,-8.870583],[-63.976314,-8.936305],[-63.981056,-8.9466],[-63.981784,-8.948011],[-63.982812,-8.949776],[-63.994089,-8.968425],[-64.000289,-8.978736],[-64.000618,-8.979332],[-64.001014,-8.980147],[-64.001488,-8.981421],[-64.001613,-8.981856],[-64.011691,-9.02458],[-64.011829,-9.025473],[-64.011859,-9.025925],[-64.011841,-9.026603],[-64.011745,-9.027274],[-64.011645,-9.027716],[-64.011517,-9.02815],[-64.009182,-9.03429],[-64.006166,-9.04211],[-64.005949,-9.042754],[-64.005785,-9.043412],[-64.005719,-9.04386],[-64.005664,-9.044762],[-64.00571,-9.045438],[-64.005769,-9.045886],[-64.005873,-9.046327],[-64.006073,-9.046976],[-64.006433,-9.047807],[-64.009036,-9.052331],[-64.009295,-9.052704],[-64.009579,-9.053059],[-64.009884,-9.053397],[-64.010214,-9.053711],[-64.010754,-9.054131],[-64.011139,-9.054377],[-64.018137,-9.058266],[-64.018711,-9.05864],[-64.019429,-9.059204],[-64.032586,-9.070144],[-64.032949,-9.070421],[-64.033736,-9.070886],[-64.034364,-9.071163],[-64.035019,-9.071374],[-64.035466,-9.071475],[-64.054371,-9.073834],[-64.054821,-9.073919],[-64.055263,-9.074044],[-64.056113,-9.074384],[-64.080002,-9.085978],[-64.082877,-9.087394],[-64.083268,-9.08763],[-64.083641,-9.087894],[-64.083997,-9.08818],[-64.08433,-9.08849],[-64.103047,-9.1084],[-64.103886,-9.10917],[-64.104449,-9.10956],[-64.114243,-9.115012],[-64.157282,-9.138816],[-64.196642,-9.160296],[-64.213145,-9.16922],[-64.251721,-9.190228],[-64.265509,-9.19791],[-64.274536,-9.202859],[-64.27796,-9.204704],[-64.278592,-9.204973],[-64.279459,-9.205269],[-64.280126,-9.205438],[-64.280805,-9.205549],[-64.28149,-9.205623],[-64.281948,-9.205649],[-64.282637,-9.205631],[-64.283323,-9.205568],[-64.283776,-9.2055],[-64.284891,-9.205232],[-64.315599,-9.19588],[-64.316049,-9.19579],[-64.316505,-9.195738],[-64.316964,-9.195721],[-64.31765,-9.195772],[-64.318102,-9.195852],[-64.318762,-9.196045],[-64.319188,-9.196213],[-64.319599,-9.196415],[-64.319988,-9.196654],[-64.320538,-9.197062],[-64.324391,-9.200278],[-64.325136,-9.200807],[-64.325529,-9.201041],[-64.326148,-9.201337],[-64.329989,-9.202839],[-64.330614,-9.203124],[-64.331197,-9.203485],[-64.331736,-9.203906],[-64.332234,-9.204374],[-64.332674,-9.204895],[-64.333056,-9.205459],[-64.333276,-9.205856],[-64.336719,-9.213255],[-64.336818,-9.213459],[-64.337055,-9.213846],[-64.33732,-9.214216],[-64.337607,-9.214568],[-64.338081,-9.21506],[-64.34145,-9.218133],[-64.341944,-9.218605],[-64.342251,-9.218941],[-64.342533,-9.219298],[-64.343019,-9.220064],[-64.343308,-9.220679],[-64.343458,-9.221107],[-64.343643,-9.22176],[-64.345614,-9.230593],[-64.345736,-9.231029],[-64.345899,-9.231451],[-64.346101,-9.231857],[-64.346333,-9.232246],[-64.346602,-9.232613],[-64.346753,-9.232783],[-64.349897,-9.235761],[-64.350618,-9.236319],[-64.351206,-9.236673],[-64.374347,-9.249192],[-64.377554,-9.250956],[-64.377933,-9.251211],[-64.378464,-9.251643],[-64.380683,-9.253932],[-64.381219,-9.254357],[-64.381604,-9.254603],[-64.382006,-9.254822],[-64.385925,-9.256709],[-64.386322,-9.256935],[-64.386886,-9.257325],[-64.389335,-9.259374],[-64.389711,-9.259634],[-64.390114,-9.259848],[-64.390551,-9.259983],[-64.391005,-9.260049],[-64.391462,-9.260012],[-64.391687,-9.25997],[-64.392127,-9.259842],[-64.393586,-9.259179],[-64.394229,-9.258937],[-64.394895,-9.258766],[-64.395349,-9.258696],[-64.395806,-9.258657],[-64.424696,-9.257174],[-64.425385,-9.25717],[-64.42607,-9.257238],[-64.428995,-9.25782],[-64.478644,-9.26813],[-64.532102,-9.279279],[-64.532545,-9.279399],[-64.53319,-9.279636],[-64.545289,-9.284547],[-64.545736,-9.284636],[-64.546845,-9.284925],[-64.5475,-9.285134],[-64.548564,-9.285558],[-64.549183,-9.285856],[-64.54998,-9.286305],[-64.550558,-9.286673],[-64.559262,-9.290204],[-64.559908,-9.29044],[-64.560572,-9.290619],[-64.561024,-9.290694],[-64.56171,-9.290756],[-64.562169,-9.290759],[-64.562855,-9.290696],[-64.579244,-9.28857],[-64.579702,-9.28854],[-64.580619,-9.288579],[-64.581297,-9.288698],[-64.581739,-9.288816],[-64.58217,-9.288972],[-64.582788,-9.289271],[-64.594762,-9.296425],[-64.595326,-9.296814],[-64.595857,-9.297246],[-64.596349,-9.297719],[-64.596773,-9.298253],[-64.597276,-9.29901],[-64.604574,-9.310781],[-64.604954,-9.311347],[-64.605227,-9.31171],[-64.605681,-9.312221],[-64.606181,-9.312686],[-64.606552,-9.312952],[-64.606939,-9.313195],[-64.609931,-9.314874],[-64.626944,-9.324289],[-64.627331,-9.324533],[-64.6277,-9.324802],[-64.628382,-9.325406],[-64.628826,-9.325924],[-64.629208,-9.326488],[-64.629427,-9.326885],[-64.629704,-9.327506],[-64.629911,-9.328153],[-64.632324,-9.338973],[-64.632529,-9.33962],[-64.632705,-9.340038],[-64.633016,-9.340643],[-64.633261,-9.341025],[-64.633688,-9.341557],[-64.634166,-9.342046],[-64.634338,-9.342195],[-64.634881,-9.34261],[-64.635676,-9.343063],[-64.655128,-9.352779],[-64.657167,-9.353818],[-64.659631,-9.355032],[-64.660232,-9.355364],[-64.660812,-9.355729],[-64.661549,-9.356268],[-64.662574,-9.357174],[-64.673985,-9.367667],[-64.674286,-9.368009],[-64.674431,-9.368184],[-64.674819,-9.368744],[-64.675038,-9.369141],[-64.675326,-9.369757],[-64.675543,-9.3704],[-64.67565,-9.37084],[-64.675722,-9.371286],[-64.675915,-9.373312],[-64.675982,-9.373759],[-64.676127,-9.374422],[-64.676265,-9.374854],[-64.676435,-9.375274],[-64.680894,-9.38495],[-64.683428,-9.390522],[-64.693544,-9.412567],[-64.693998,-9.413606],[-64.694364,-9.414677],[-64.694472,-9.415116],[-64.696106,-9.422864],[-64.696394,-9.423958],[-64.696547,-9.424385],[-64.696816,-9.425009],[-64.697127,-9.425614],[-64.697622,-9.426375],[-64.698038,-9.426916],[-64.698339,-9.427257],[-64.69866,-9.42758],[-64.699168,-9.428038],[-64.699526,-9.428321],[-64.699903,-9.42858],[-64.703652,-9.430774],[-64.70442,-9.43127],[-64.705361,-9.431918],[-64.707388,-9.433402],[-64.708151,-9.433904],[-64.727484,-9.445239],[-64.7328,-9.44838],[-64.733566,-9.448878],[-64.746661,-9.458813],[-64.759955,-9.468864],[-64.789122,-9.491226],[-64.798984,-9.498993],[-64.801466,-9.501004],[-64.807205,-9.505522],[-64.807552,-9.505818],[-64.808035,-9.5063],[-64.808333,-9.506644],[-64.808606,-9.507008],[-64.808959,-9.50759],[-64.809248,-9.508205],[-64.809485,-9.508842],[-64.811086,-9.513559],[-64.81177,-9.515479],[-64.815082,-9.525355],[-64.815333,-9.525986],[-64.815547,-9.526387],[-64.815785,-9.526773],[-64.816199,-9.527315],[-64.816667,-9.527811],[-64.81701,-9.528112],[-64.818668,-9.529326],[-64.820663,-9.530852],[-64.82159,-9.531518],[-64.823038,-9.532631],[-64.823823,-9.533098],[-64.825091,-9.533626],[-64.82571,-9.533925],[-64.826107,-9.534152],[-64.826294,-9.534283],[-64.826821,-9.534718],[-64.827142,-9.535041],[-64.82758,-9.535564],[-64.827836,-9.535939],[-64.828423,-9.536911],[-64.828675,-9.537289],[-64.829088,-9.537831],[-64.829402,-9.538161],[-64.830268,-9.538902],[-64.832772,-9.540888],[-64.834754,-9.542429],[-64.835098,-9.542728],[-64.835566,-9.543226],[-64.83598,-9.543768],[-64.836427,-9.544558],[-64.837495,-9.547058],[-64.837902,-9.547869],[-64.838282,-9.548434],[-64.838584,-9.548774],[-64.838914,-9.549089],[-64.841061,-9.550789],[-64.844125,-9.55317],[-64.84576,-9.554413],[-64.84731,-9.555384],[-64.850466,-9.557236],[-64.850837,-9.557502],[-64.851355,-9.557949],[-64.851658,-9.558288],[-64.851937,-9.558646],[-64.852188,-9.559025],[-64.852494,-9.559632],[-64.852981,-9.560901],[-64.856134,-9.569635],[-64.856307,-9.570054],[-64.856528,-9.570451],[-64.856785,-9.570825],[-64.857074,-9.571176],[-64.8574,-9.571494],[-64.857952,-9.571898],[-64.85835,-9.572123],[-64.858983,-9.57239],[-64.859203,-9.572453],[-64.859651,-9.572554],[-64.860106,-9.57261],[-64.860794,-9.572606],[-64.861252,-9.572564],[-64.862388,-9.572405],[-64.863074,-9.572351],[-64.863533,-9.572368],[-64.864215,-9.572458],[-64.864658,-9.572576],[-64.865093,-9.572721],[-64.865723,-9.572994],[-64.866508,-9.573462],[-64.867045,-9.573886],[-64.867515,-9.574382],[-64.871369,-9.57887],[-64.873926,-9.581774],[-64.882452,-9.591552],[-64.883158,-9.592443],[-64.886808,-9.597377],[-64.887106,-9.597721],[-64.8876,-9.598193],[-64.888141,-9.598612],[-64.88873,-9.598964],[-64.888935,-9.599065],[-64.889353,-9.599251],[-64.890002,-9.599476],[-64.890893,-9.599695],[-64.904555,-9.602731],[-64.905661,-9.603033],[-64.906308,-9.603264],[-64.906941,-9.603532],[-64.907756,-9.603948],[-64.908351,-9.604289],[-64.927754,-9.616378],[-64.928557,-9.616816],[-64.92919,-9.617083],[-64.929629,-9.617214],[-64.930529,-9.61739],[-64.930757,-9.617416],[-64.931446,-9.617426],[-64.936708,-9.616999],[-64.937396,-9.617018],[-64.938077,-9.617117],[-64.938742,-9.617289],[-64.939383,-9.617538],[-64.939988,-9.61786],[-64.940369,-9.618112],[-64.940731,-9.618391],[-64.941067,-9.618698],[-64.94138,-9.61903],[-64.943332,-9.621253],[-64.960186,-9.640676],[-64.960678,-9.64115],[-64.961218,-9.641571],[-64.961607,-9.64181],[-64.962218,-9.642124],[-64.962643,-9.642295],[-64.982385,-9.648302],[-65.001225,-9.654122],[-65.013876,-9.658216],[-65.024167,-9.661413],[-65.038993,-9.66623],[-65.073194,-9.677444],[-65.098285,-9.685539],[-65.134364,-9.696913],[-65.152246,-9.702712],[-65.163813,-9.706432],[-65.175204,-9.709955],[-65.177618,-9.710684],[-65.180022,-9.711447],[-65.192727,-9.715374],[-65.213373,-9.721568],[-65.221475,-9.724082],[-65.242479,-9.73066],[-65.24511,-9.731466],[-65.245998,-9.731697],[-65.246901,-9.73186],[-65.298598,-9.739962],[-65.299283,-9.740038],[-65.299971,-9.740057],[-65.300658,-9.740009],[-65.301338,-9.739907],[-65.302452,-9.739633],[-65.328945,-9.732184],[-65.329602,-9.731982],[-65.330242,-9.731733],[-65.330864,-9.731441],[-65.331468,-9.731114],[-65.332234,-9.730617],[-65.333126,-9.729905],[-65.351586,-9.714287],[-65.355779,-9.710766],[-65.359596,-9.707509],[-65.362924,-9.704732],[-65.364694,-9.703291],[-65.366615,-9.701677],[-65.369896,-9.698846],[-65.372856,-9.69634],[-65.373179,-9.69602],[-65.373482,-9.695679],[-65.373872,-9.695121],[-65.374101,-9.694729],[-65.374399,-9.694118],[-65.376246,-9.689978],[-65.376667,-9.689175],[-65.37691,-9.688791],[-65.377308,-9.688238],[-65.377908,-9.687553],[-65.378234,-9.687235],[-65.37894,-9.686657],[-65.393225,-9.676401],[-65.393606,-9.676149],[-65.394407,-9.675706],[-65.394825,-9.67552],[-65.395685,-9.675202],[-65.430411,-9.663404],[-65.431073,-9.663216],[-65.431749,-9.663093],[-65.432207,-9.663057],[-65.432895,-9.66307],[-65.433577,-9.663169],[-65.442249,-9.665362],[-65.45358,-9.66827],[-65.454255,-9.668403],[-65.45494,-9.668472],[-65.455628,-9.668468],[-65.456314,-9.668406],[-65.45881,-9.668031],[-65.534962,-9.65739],[-65.535867,-9.657236],[-65.550257,-9.654311],[-65.553411,-9.653702],[-65.555222,-9.653397],[-65.598508,-9.646478],[-65.59919,-9.646382],[-65.599876,-9.646332],[-65.600564,-9.646361],[-65.601247,-9.646447],[-65.601696,-9.646541],[-65.602354,-9.64674],[-65.612063,-9.650834],[-65.612707,-9.651072],[-65.613588,-9.651328],[-65.648296,-9.657973],[-65.64898,-9.65805],[-65.649668,-9.658038],[-65.650123,-9.657983],[-65.650798,-9.657846],[-65.683769,-9.649754],[-65.684898,-9.649547],[-65.698034,-9.647398],[-65.698491,-9.64735],[-65.69895,-9.647341],[-65.699637,-9.647377],[-65.700092,-9.647435],[-65.700765,-9.647579],[-65.701421,-9.647787],[-65.726753,-9.657246],[-65.727618,-9.657549],[-65.728285,-9.657719],[-65.729192,-9.657858],[-65.78425,-9.663272],[-65.784709,-9.6633],[-65.785397,-9.66329],[-65.791348,-9.662819],[-65.792036,-9.6628],[-65.792722,-9.662854],[-65.793174,-9.662934],[-65.79362,-9.663041],[-65.794056,-9.663182],[-65.794481,-9.663353],[-65.795094,-9.663663],[-65.799682,-9.666236],[-65.800088,-9.666448],[-65.800714,-9.666731],[-65.801597,-9.666976],[-65.802277,-9.667079],[-65.802736,-9.667099],[-65.829139,-9.666991],[-65.829827,-9.667013],[-65.830512,-9.667088],[-65.830962,-9.667175],[-65.831852,-9.6674],[-65.87956,-9.680735],[-65.88045,-9.680957],[-65.881128,-9.681076],[-65.882042,-9.681162],[-65.980155,-9.686559],[-65.981068,-9.686657],[-65.981961,-9.686867],[-65.982828,-9.687163],[-66.019561,-9.700811],[-66.020863,-9.701254],[-66.021748,-9.701497],[-66.022645,-9.70169],[-66.079177,-9.712706],[-66.090435,-9.714919],[-66.099447,-9.71666],[-66.100345,-9.71685],[-66.100788,-9.716968],[-66.101872,-9.71734],[-66.104871,-9.718477],[-66.151668,-9.735962],[-66.152324,-9.736166],[-66.160857,-9.737955],[-66.299079,-9.766368],[-66.315716,-9.769761],[-66.316396,-9.769867],[-66.317311,-9.76994],[-66.353112,-9.770989],[-66.358391,-9.771125],[-66.359537,-9.771192],[-66.359992,-9.771252],[-66.421571,-9.781488],[-66.455309,-9.78706],[-66.478661,-9.790737],[-66.499508,-9.794085],[-66.52671,-9.798394],[-66.527627,-9.798438],[-66.528085,-9.798412],[-66.52854,-9.79835],[-66.52943,-9.798129],[-66.530069,-9.797878],[-66.530479,-9.797675],[-66.570818,-9.77607],[-66.590142,-9.76563],[-66.592767,-9.764232],[-66.596586,-9.762155],[-66.608484,-9.755779],[-66.611899,-9.753918],[-66.616946,-9.751225],[-66.626002,-9.746329],[-66.626617,-9.746023],[-66.627255,-9.745767],[-66.628137,-9.745516],[-66.628816,-9.745406],[-66.629274,-9.745369],[-66.629733,-9.745363],[-66.630877,-9.745454],[-66.650029,-9.747691],[-66.673747,-9.750407],[-66.678989,-9.751036],[-66.689025,-9.752174],[-66.714778,-9.755271],[-66.717059,-9.755526],[-66.720476,-9.755948],[-66.7232,-9.756353],[-66.742438,-9.759585],[-66.76554,-9.763364],[-66.770518,-9.764209],[-66.777944,-9.765689],[-66.811672,-9.772544],[-66.812563,-9.77276],[-66.813216,-9.772976],[-66.813844,-9.773254],[-66.814449,-9.773579],[-66.815015,-9.773964],[-66.815734,-9.774527],[-66.891208,-9.835431],[-66.891898,-9.836028],[-66.892372,-9.83652],[-66.892802,-9.83705],[-66.909399,-9.860658],[-66.909685,-9.861012],[-66.928141,-9.881459],[-66.976405,-9.935105],[-66.977049,-9.935749],[-66.977569,-9.936194],[-66.978326,-9.936705],[-66.978728,-9.936924],[-66.979559,-9.937309],[-66.979989,-9.937467],[-66.980429,-9.937596],[-66.981555,-9.937814],[-66.98247,-9.937876],[-67.037571,-9.938408],[-67.038258,-9.938445],[-67.038941,-9.93853],[-67.039612,-9.938683],[-67.040264,-9.938899],[-67.062629,-9.947136],[-67.09036,-9.957382],[-67.130838,-9.972139],[-67.164873,-9.9845],[-67.165504,-9.984772],[-67.166709,-9.985429],[-67.180939,-9.993713],[-67.182737,-9.994715],[-67.183954,-9.995351],[-67.201718,-10.00384],[-67.241919,-10.023245],[-67.250178,-10.0272],[-67.250784,-10.027524],[-67.251539,-10.028036],[-67.252425,-10.028756],[-67.266948,-10.040905],[-67.267309,-10.041184],[-67.267688,-10.04144],[-67.26829,-10.04177],[-67.275459,-10.045345],[-67.276471,-10.045877],[-67.27705,-10.046244],[-67.277596,-10.046658],[-67.278281,-10.04726],[-67.284923,-10.053505],[-67.285631,-10.054081],[-67.286189,-10.054478],[-67.296497,-10.061262],[-67.297476,-10.061851],[-67.297894,-10.06204],[-67.298541,-10.06227],[-67.299213,-10.062418],[-67.299898,-10.062484],[-67.300586,-10.06247],[-67.319289,-10.060341],[-67.320204,-10.060282],[-67.321123,-10.060302],[-67.344515,-10.061392],[-67.345201,-10.061447],[-67.345655,-10.061515],[-67.346323,-10.06168],[-67.347184,-10.061994],[-67.441815,-10.101689],[-67.467788,-10.112606],[-67.468216,-10.112769],[-67.468875,-10.112967],[-67.469551,-10.113096],[-67.470237,-10.11315],[-67.470695,-10.113137],[-67.471381,-10.113071],[-67.471831,-10.112982],[-67.472272,-10.112856],[-67.473126,-10.112524],[-67.540523,-10.080466],[-67.557532,-10.073059],[-67.558168,-10.072799],[-67.559049,-10.072547],[-67.559728,-10.072437],[-67.560416,-10.072411],[-67.560874,-10.072438],[-67.561329,-10.072504],[-67.561999,-10.072658],[-67.570171,-10.074944],[-67.57084,-10.075103],[-67.571295,-10.075164],[-67.571753,-10.075193],[-67.572212,-10.075192],[-67.572669,-10.075153],[-67.573122,-10.07508],[-67.573569,-10.074976],[-67.574007,-10.074843],[-67.574431,-10.074671],[-67.574843,-10.074472],[-67.575239,-10.074244],[-67.575996,-10.073731],[-67.579708,-10.071069],[-67.579882,-10.070925],[-67.580257,-10.070357],[-67.58043,-10.07021],[-67.580631,-10.070103],[-67.581291,-10.069912],[-67.581864,-10.069538],[-67.582233,-10.069268],[-67.582391,-10.069106],[-67.582793,-10.068557],[-67.582972,-10.068419],[-67.583166,-10.068298],[-67.583604,-10.068163],[-67.583816,-10.068077],[-67.584013,-10.067965],[-67.585488,-10.066886],[-67.602382,-10.05478],[-67.610344,-10.049033],[-67.625568,-10.038126],[-67.627415,-10.036782],[-67.629095,-10.035598],[-67.633349,-10.032517],[-67.657091,-10.015461],[-67.657677,-10.015104],[-67.658289,-10.014795],[-67.658712,-10.014619],[-67.659364,-10.014401],[-67.659809,-10.014289],[-67.660488,-10.014178],[-67.661403,-10.014108],[-67.665994,-10.014032],[-67.666912,-10.013999],[-67.707313,-10.013198],[-67.714888,-10.013067],[-67.716724,-10.013017],[-67.717379,-10.01284],[-67.717587,-10.012927],[-67.717809,-10.012973],[-67.718039,-10.012971],[-67.769917,-10.011953],[-67.770142,-10.011926],[-67.770352,-10.011836],[-67.77057,-10.01178],[-67.771004,-10.011919],[-67.771234,-10.011924],[-67.775136,-10.011861],[-67.781792,-10.011694],[-67.78294,-10.011695],[-67.789367,-10.011565],[-67.789595,-10.011548],[-67.790036,-10.011429],[-67.791643,-10.011402],[-67.791872,-10.011411],[-67.792552,-10.011505],[-67.796684,-10.011433],[-67.798286,-10.011453],[-67.798447,-10.011606],[-67.79851,-10.011821],[-67.798675,-10.011975],[-67.798861,-10.012105],[-67.800858,-10.01322],[-67.801273,-10.013413],[-67.801708,-10.013557],[-67.802153,-10.013664],[-67.802609,-10.013719],[-67.802837,-10.013732],[-67.803296,-10.013706],[-67.803748,-10.013628],[-67.804194,-10.013521],[-67.806396,-10.012882],[-67.807069,-10.012742],[-67.807757,-10.012732],[-67.808902,-10.012803],[-67.80911,-10.012887],[-67.809226,-10.013063],[-67.80907,-10.013157],[-67.808423,-10.012924],[-67.807981,-10.012803],[-67.807063,-10.012821],[-67.80661,-10.012896],[-67.803963,-10.013646],[-67.803514,-10.013739],[-67.802838,-10.013837],[-67.802667,-10.01398],[-67.802697,-10.014202],[-67.802874,-10.014857],[-67.802973,-10.015055],[-67.803768,-10.015507],[-67.803992,-10.015548],[-67.804219,-10.015514],[-67.804217,-10.015332],[-67.80419,-10.015232],[-67.804251,-10.015451],[-67.804425,-10.015435],[-67.804599,-10.01529],[-67.804862,-10.014921],[-67.80508,-10.014524],[-67.805093,-10.0143],[-67.804925,-10.013644],[-67.804762,-10.0135],[-67.804534,-10.013487],[-67.803647,-10.013719],[-67.802964,-10.013799],[-67.802504,-10.013799],[-67.802052,-10.013726],[-67.801606,-10.013617],[-67.80118,-10.013448],[-67.798773,-10.01213],[-67.798561,-10.012119],[-67.798391,-10.012264],[-67.798225,-10.012922],[-67.798153,-10.013369],[-67.798145,-10.01382],[-67.7984,-10.020372],[-67.798427,-10.020596],[-67.798512,-10.020804],[-67.798555,-10.021022],[-67.798472,-10.021466],[-67.798466,-10.021691],[-67.798528,-10.023499],[-67.798723,-10.028017],[-67.798789,-10.028233],[-67.798813,-10.028451],[-67.79876,-10.0289],[-67.798756,-10.029804],[-67.798863,-10.032741],[-67.798852,-10.033646],[-67.798767,-10.034318],[-67.798642,-10.034985],[-67.798518,-10.03542],[-67.798364,-10.035846],[-67.798086,-10.036467],[-67.797757,-10.037062],[-67.797493,-10.037432],[-67.795373,-10.040104],[-67.794933,-10.040626],[-67.791379,-10.045064],[-67.79094,-10.045587],[-67.790611,-10.045902],[-67.789886,-10.046456],[-67.788549,-10.047335],[-67.784838,-10.049997],[-67.7822,-10.051806],[-67.781624,-10.052178],[-67.781004,-10.052473],[-67.780576,-10.052635],[-67.77577,-10.054167],[-67.774248,-10.054674],[-67.773418,-10.055062],[-67.770195,-10.057953],[-67.769499,-10.058543],[-67.76781,-10.060074],[-67.766409,-10.061244],[-67.766221,-10.061372],[-67.765818,-10.061589],[-67.765175,-10.06183],[-67.764499,-10.061955],[-67.764041,-10.061979],[-67.75487,-10.0615],[-67.754646,-10.061507],[-67.754452,-10.061621],[-67.753785,-10.061787],[-67.75337,-10.061982],[-67.753174,-10.062098],[-67.752653,-10.06254],[-67.752395,-10.062913],[-67.752177,-10.063311],[-67.752051,-10.063499],[-67.751969,-10.063706],[-67.751456,-10.065677],[-67.751352,-10.066347],[-67.751344,-10.066573],[-67.751373,-10.067251],[-67.751403,-10.067474],[-67.752508,-10.073021],[-67.752607,-10.073692],[-67.752627,-10.074144],[-67.752594,-10.074593],[-67.752209,-10.076362],[-67.752049,-10.077252],[-67.752069,-10.078156],[-67.752247,-10.079501],[-67.752385,-10.080165],[-67.753285,-10.0832],[-67.75358,-10.083542],[-67.753609,-10.083758],[-67.753577,-10.083982],[-67.753591,-10.084203],[-67.754188,-10.086151],[-67.754281,-10.086593],[-67.754349,-10.087268],[-67.754306,-10.090206],[-67.754258,-10.090655],[-67.75413,-10.091089],[-67.754037,-10.091296],[-67.753133,-10.09287],[-67.75128,-10.095994],[-67.751183,-10.096199],[-67.751109,-10.096412],[-67.751063,-10.096634],[-67.751042,-10.096858],[-67.751069,-10.097309],[-67.751151,-10.097754],[-67.751704,-10.100181],[-67.751957,-10.10081],[-67.752071,-10.101006],[-67.754895,-10.10428],[-67.756105,-10.105641],[-67.756381,-10.106002],[-67.756602,-10.106398],[-67.75681,-10.107043],[-67.757155,-10.108589],[-67.757507,-10.1099],[-67.757585,-10.110346],[-67.757944,-10.111888],[-67.758015,-10.112334],[-67.757995,-10.113238],[-67.757955,-10.113688],[-67.757896,-10.113906],[-67.757707,-10.114317],[-67.757428,-10.114674],[-67.754829,-10.117541],[-67.754577,-10.117917],[-67.754487,-10.118125],[-67.754427,-10.118343],[-67.754401,-10.118567],[-67.754411,-10.118793],[-67.754728,-10.125116],[-67.754689,-10.125566],[-67.754578,-10.126004],[-67.754385,-10.126414],[-67.752324,-10.129678],[-67.748659,-10.135152],[-67.748379,-10.13551],[-67.748067,-10.13584],[-67.747717,-10.136133],[-67.74645,-10.137107],[-67.746115,-10.137416],[-67.74583,-10.13777],[-67.743384,-10.141327],[-67.743092,-10.14194],[-67.742005,-10.144677],[-67.74011,-10.149288],[-67.736953,-10.156071],[-67.73685,-10.156446],[-67.736719,-10.15659],[-67.736319,-10.157404],[-67.736059,-10.157775],[-67.73575,-10.158109],[-67.735408,-10.158411],[-67.732487,-10.160605],[-67.73154,-10.161243],[-67.725519,-10.164981],[-67.725273,-10.165356],[-67.725086,-10.165485],[-67.724429,-10.165665],[-67.722566,-10.166987],[-67.722029,-10.167411],[-67.721728,-10.167752],[-67.721602,-10.167941],[-67.721399,-10.168346],[-67.721257,-10.168775],[-67.721221,-10.168998],[-67.721205,-10.169449],[-67.721415,-10.172608],[-67.721395,-10.173284],[-67.721356,-10.173507],[-67.721217,-10.173937],[-67.721015,-10.174343],[-67.720758,-10.174716],[-67.720449,-10.17505],[-67.714424,-10.180622],[-67.7139,-10.181062],[-67.71353,-10.18133],[-67.712943,-10.181684],[-67.712323,-10.18198],[-67.70556,-10.184806],[-67.704961,-10.185139],[-67.704607,-10.185427],[-67.704301,-10.185764],[-67.704056,-10.186146],[-67.701554,-10.190981],[-67.699924,-10.194222],[-67.69967,-10.194852],[-67.699481,-10.195504],[-67.696899,-10.208138],[-67.696329,-10.210793],[-67.696303,-10.211016],[-67.696373,-10.211227],[-67.696588,-10.211266],[-67.696716,-10.211438],[-67.696961,-10.212069],[-67.69728,-10.212671],[-67.69929,-10.215965],[-67.700215,-10.217528],[-67.7055,-10.226271],[-67.706055,-10.22726],[-67.706323,-10.227885],[-67.706599,-10.228747],[-67.708153,-10.234423],[-67.708336,-10.235308],[-67.708369,-10.235759],[-67.708353,-10.236437],[-67.708218,-10.237331],[-67.704902,-10.25374],[-67.704747,-10.254631],[-67.704665,-10.255532],[-67.704688,-10.256436],[-67.704799,-10.257333],[-67.707357,-10.274559],[-67.707433,-10.275233],[-67.707431,-10.275685],[-67.707341,-10.276128],[-67.707267,-10.276341],[-67.707065,-10.276747],[-67.706803,-10.277118],[-67.706646,-10.277282],[-67.706293,-10.27757],[-67.705336,-10.278194],[-67.698166,-10.28268],[-67.697411,-10.283196],[-67.696891,-10.28364],[-67.696573,-10.283966],[-67.696285,-10.284318],[-67.695788,-10.285078],[-67.693803,-10.288647],[-67.693618,-10.289061],[-67.693477,-10.289491],[-67.693349,-10.290157],[-67.693316,-10.290608],[-67.693378,-10.293546],[-67.693351,-10.293997],[-67.693227,-10.294664],[-67.693107,-10.2951],[-67.692853,-10.29573],[-67.692637,-10.296129],[-67.691798,-10.297479],[-67.691497,-10.298088],[-67.691309,-10.298739],[-67.691248,-10.299187],[-67.691235,-10.299639],[-67.691292,-10.300087],[-67.691485,-10.300737],[-67.693711,-10.306192],[-67.693884,-10.306847],[-67.693961,-10.307293],[-67.693978,-10.307745],[-67.693947,-10.308195],[-67.693869,-10.308641],[-67.693762,-10.309081],[-67.693538,-10.309721],[-67.690336,-10.316483],[-67.690111,-10.317123],[-67.689989,-10.31779],[-67.689594,-10.322522],[-67.689502,-10.323194],[-67.689342,-10.323854],[-67.687931,-10.329099],[-67.687849,-10.329544],[-67.687791,-10.330219],[-67.68805,-10.351923],[-67.687998,-10.352598],[-67.687901,-10.35304],[-67.687755,-10.353468],[-67.687431,-10.354066],[-67.684898,-10.357281],[-67.684643,-10.357656],[-67.684455,-10.358068],[-67.684359,-10.358509],[-67.684345,-10.359187],[-67.684376,-10.359638],[-67.684436,-10.360086],[-67.684491,-10.360305],[-67.684675,-10.360719],[-67.684802,-10.360907],[-67.685105,-10.361245],[-67.685283,-10.361388],[-67.685675,-10.361621],[-67.685885,-10.361712],[-67.686551,-10.361882],[-67.699616,-10.364416],[-67.700071,-10.364478],[-67.70053,-10.36449],[-67.700987,-10.364447],[-67.701429,-10.364329],[-67.701844,-10.364137],[-67.702233,-10.363898],[-67.705656,-10.361616],[-67.706055,-10.361396],[-67.706271,-10.361322],[-67.706724,-10.361255],[-67.706953,-10.36126],[-67.707402,-10.361351],[-67.707613,-10.36144],[-67.708001,-10.361679],[-67.708308,-10.362015],[-67.708423,-10.36221],[-67.708596,-10.362628],[-67.713051,-10.38157],[-67.713313,-10.382196],[-67.715147,-10.385844],[-67.715416,-10.386468],[-67.715567,-10.386895],[-67.720905,-10.40585],[-67.721206,-10.406704],[-67.721514,-10.407309],[-67.721643,-10.407496],[-67.724192,-10.410699],[-67.724564,-10.411269],[-67.724753,-10.411681],[-67.724934,-10.412335],[-67.724983,-10.412784],[-67.724976,-10.413235],[-67.724907,-10.413682],[-67.724786,-10.414118],[-67.722193,-10.421847],[-67.718686,-10.432135],[-67.718431,-10.432764],[-67.718201,-10.433155],[-67.716667,-10.435131],[-67.700269,-10.455797],[-67.698885,-10.457307],[-67.676267,-10.481054],[-67.675976,-10.481404],[-67.675592,-10.481967],[-67.675276,-10.482569],[-67.675017,-10.483197],[-67.674781,-10.484071],[-67.674701,-10.484516],[-67.674658,-10.484966],[-67.673769,-10.5019],[-67.673574,-10.505965],[-67.673502,-10.50664],[-67.673408,-10.507082],[-67.673123,-10.507941],[-67.672811,-10.508545],[-67.668038,-10.516006],[-67.663791,-10.52351],[-67.663502,-10.524125],[-67.663299,-10.524773],[-67.663215,-10.525217],[-67.66315,-10.525892],[-67.66315,-10.526119],[-67.663278,-10.527469],[-67.663401,-10.528136],[-67.663531,-10.528569],[-67.6637,-10.528989],[-67.663911,-10.529391],[-67.664164,-10.529768],[-67.664597,-10.530295],[-67.669411,-10.535761],[-67.67662,-10.544558],[-67.676758,-10.544739],[-67.676992,-10.545127],[-67.67709,-10.545331],[-67.677234,-10.545761],[-67.677325,-10.546203],[-67.677365,-10.546654],[-67.677748,-10.556368],[-67.677722,-10.557272],[-67.677665,-10.55772],[-67.675675,-10.568624],[-67.675692,-10.569075],[-67.675518,-10.569481],[-67.675116,-10.571934],[-67.675199,-10.572144],[-67.675134,-10.57236],[-67.675109,-10.572579],[-67.675127,-10.572804],[-67.675158,-10.573028],[-67.675307,-10.57369],[-67.675438,-10.574123],[-67.675605,-10.574544],[-67.675819,-10.574943],[-67.676084,-10.575312],[-67.676704,-10.575979],[-67.677087,-10.576218],[-67.677223,-10.576399],[-67.677328,-10.576598],[-67.680018,-10.579383],[-67.68018,-10.579542],[-67.680378,-10.579656],[-67.680537,-10.579814],[-67.680666,-10.580001],[-67.680833,-10.580153],[-67.681213,-10.580406],[-67.681622,-10.580611],[-67.681838,-10.580687],[-67.682506,-10.58085],[-67.682964,-10.580879],[-67.692836,-10.58082],[-67.693293,-10.580856],[-67.693741,-10.580955],[-67.693957,-10.581033],[-67.694366,-10.581236],[-67.694744,-10.581492],[-67.694914,-10.581644],[-67.704249,-10.59035],[-67.705285,-10.591244],[-67.70801,-10.593318],[-67.718617,-10.601246],[-67.719002,-10.601491],[-67.719419,-10.601679],[-67.719639,-10.601745],[-67.720088,-10.601835],[-67.720544,-10.601888],[-67.729009,-10.60259],[-67.730841,-10.602714],[-67.732218,-10.602771],[-67.752191,-10.60297],[-67.788696,-10.60325],[-67.789383,-10.603295],[-67.790065,-10.60339],[-67.790737,-10.603538],[-67.791392,-10.603746],[-67.792031,-10.604],[-67.803173,-10.609354],[-67.805249,-10.610319],[-67.805679,-10.610477],[-67.806342,-10.610662],[-67.807018,-10.610789],[-67.807475,-10.610834],[-67.807934,-10.610848],[-67.808622,-10.610824],[-67.809077,-10.61077],[-67.809528,-10.610683],[-67.810193,-10.610509],[-67.810625,-10.610356],[-67.811254,-10.61008],[-67.811656,-10.609861],[-67.81204,-10.609614],[-67.821092,-10.603035],[-67.821808,-10.602469],[-67.821979,-10.602319],[-67.822454,-10.601828],[-67.822897,-10.601308],[-67.835188,-10.585233],[-67.835479,-10.584884],[-67.835794,-10.584556],[-67.836316,-10.584113],[-67.836882,-10.583728],[-67.837285,-10.583512],[-67.837698,-10.583315],[-67.838345,-10.583082],[-67.838787,-10.582963],[-67.839467,-10.582856],[-67.840154,-10.582812],[-67.840613,-10.582825],[-67.877723,-10.585297],[-67.881616,-10.585575],[-67.882296,-10.585679],[-67.882743,-10.585784],[-67.884711,-10.586404],[-67.893193,-10.589228],[-67.893856,-10.589413],[-67.894535,-10.589526],[-67.9562,-10.595772],[-67.956658,-10.595801],[-67.957576,-10.595797],[-67.958714,-10.595649],[-67.959385,-10.595499],[-67.960041,-10.595293],[-67.963837,-10.593684],[-67.970983,-10.590589],[-67.971628,-10.590352],[-67.972289,-10.590161],[-67.972958,-10.590002],[-67.973636,-10.589882],[-67.97432,-10.589806],[-67.975008,-10.589765],[-67.975925,-10.58979],[-67.976611,-10.589858],[-67.97729,-10.58997],[-67.978184,-10.590174],[-67.978838,-10.590385],[-67.97948,-10.590631],[-67.980106,-10.590915],[-67.980908,-10.591355],[-67.982412,-10.592393],[-67.986685,-10.595448],[-67.987264,-10.595815],[-67.98787,-10.596138],[-67.988494,-10.596423],[-67.98914,-10.596659],[-67.98958,-10.596787],[-67.99025,-10.596945],[-68.020551,-10.603368],[-68.021441,-10.60359],[-68.021877,-10.603733],[-68.022305,-10.603897],[-68.022722,-10.604086],[-68.023328,-10.604409],[-68.023715,-10.604652],[-68.024092,-10.60491],[-68.02463,-10.605333],[-68.044376,-10.622251],[-68.04491,-10.62268],[-68.045468,-10.623077],[-68.046062,-10.623421],[-68.046686,-10.623706],[-68.047336,-10.623928],[-68.048229,-10.62414],[-68.048685,-10.624198],[-68.049372,-10.624229],[-68.050289,-10.624173],[-68.059884,-10.623232],[-68.060572,-10.62323],[-68.061483,-10.62334],[-68.06215,-10.623507],[-68.063011,-10.623823],[-68.063625,-10.62413],[-68.064018,-10.624363],[-68.064395,-10.62462],[-68.064751,-10.624906],[-68.065414,-10.62553],[-68.118049,-10.680448],[-68.118706,-10.681079],[-68.119068,-10.681357],[-68.119663,-10.681699],[-68.131843,-10.688036],[-68.143195,-10.693982],[-68.143992,-10.69443],[-68.144378,-10.694676],[-68.144747,-10.694945],[-68.145428,-10.69555],[-68.149386,-10.699644],[-68.150675,-10.700932],[-68.151222,-10.701343],[-68.15142,-10.701458],[-68.151833,-10.701654],[-68.152259,-10.701823],[-68.152479,-10.701886],[-68.152928,-10.701977],[-68.153614,-10.702041],[-68.184838,-10.702219],[-68.185297,-10.702204],[-68.18598,-10.702121],[-68.186653,-10.701976],[-68.187092,-10.701844],[-68.187523,-10.701688],[-68.188151,-10.70141],[-68.240007,-10.67614],[-68.251977,-10.670395],[-68.256096,-10.668395],[-68.257344,-10.667823],[-68.257991,-10.66759],[-68.258878,-10.667356],[-68.259783,-10.667207],[-68.2607,-10.667164],[-68.261388,-10.667188],[-68.313629,-10.673034],[-68.314536,-10.673178],[-68.325703,-10.675798],[-68.34958,-10.681489],[-68.350019,-10.681622],[-68.35023,-10.681709],[-68.350838,-10.682027],[-68.361721,-10.688769],[-68.371578,-10.694993],[-68.372195,-10.695294],[-68.410529,-10.709243],[-68.424082,-10.714221],[-68.425362,-10.71472],[-68.42557,-10.714817],[-68.425958,-10.715057],[-68.426318,-10.715338],[-68.426636,-10.715662],[-68.426782,-10.715838],[-68.42703,-10.716218],[-68.427134,-10.716419],[-68.427302,-10.716839],[-68.429745,-10.724851],[-68.434065,-10.738681],[-68.434221,-10.739342],[-68.434281,-10.73979],[-68.434287,-10.740242],[-68.434247,-10.740692],[-68.434107,-10.741355],[-68.433977,-10.741789],[-68.432521,-10.746078],[-68.432393,-10.746512],[-68.432306,-10.746955],[-68.432281,-10.747632],[-68.432494,-10.751243],[-68.432544,-10.751693],[-68.432698,-10.752353],[-68.43296,-10.75298],[-68.433296,-10.753572],[-68.45209,-10.784127],[-68.452545,-10.784912],[-68.452824,-10.785532],[-68.453103,-10.786393],[-68.453234,-10.787059],[-68.45664,-10.81193],[-68.456787,-10.812593],[-68.457025,-10.813229],[-68.457336,-10.813833],[-68.457726,-10.814392],[-68.470938,-10.829743],[-68.471404,-10.830242],[-68.47173,-10.830561],[-68.472257,-10.830997],[-68.480579,-10.837026],[-68.480934,-10.837312],[-68.481265,-10.837626],[-68.481567,-10.837967],[-68.481846,-10.838326],[-68.482202,-10.838906],[-68.48259,-10.839725],[-68.493218,-10.86549],[-68.493625,-10.8663],[-68.493866,-10.866684],[-68.494132,-10.867053],[-68.494417,-10.867407],[-68.502053,-10.876149],[-68.502532,-10.876636],[-68.50271,-10.876779],[-68.503078,-10.877049],[-68.503666,-10.877402],[-68.504079,-10.8776],[-68.504938,-10.877919],[-68.52949,-10.886176],[-68.538409,-10.88914],[-68.53948,-10.889546],[-68.540462,-10.890131],[-68.54391,-10.892374],[-68.545999,-10.893772],[-68.553084,-10.898387],[-68.555547,-10.900048],[-68.556072,-10.900486],[-68.558571,-10.90282],[-68.56022,-10.904392],[-68.561452,-10.905409],[-68.561787,-10.905718],[-68.562701,-10.906732],[-68.56302,-10.907057],[-68.567004,-10.910806],[-68.567649,-10.911449],[-68.570728,-10.915104],[-68.572504,-10.917178],[-68.572917,-10.91772],[-68.573034,-10.917915],[-68.573147,-10.918112],[-68.573233,-10.91832],[-68.573485,-10.919423],[-68.57366,-10.920079],[-68.57462,-10.924501],[-68.575032,-10.926031],[-68.575174,-10.926461],[-68.581096,-10.93995],[-68.5823,-10.942639],[-68.584107,-10.946796],[-68.585326,-10.949479],[-68.586056,-10.950889],[-68.586408,-10.951472],[-68.586664,-10.951847],[-68.592409,-10.959474],[-68.592871,-10.959976],[-68.593217,-10.960273],[-68.602772,-10.966539],[-68.603361,-10.966889],[-68.603786,-10.96706],[-68.605353,-10.967409],[-68.608053,-10.967952],[-68.623547,-10.971203],[-68.627585,-10.97207],[-68.631181,-10.972806],[-68.636359,-10.973828],[-68.636803,-10.97394],[-68.637221,-10.974126],[-68.637417,-10.974244],[-68.637765,-10.974538],[-68.637917,-10.974707],[-68.638182,-10.975076],[-68.639654,-10.977369],[-68.639847,-10.977779],[-68.639997,-10.978207],[-68.640104,-10.978646],[-68.640175,-10.979092],[-68.640199,-10.979544],[-68.640082,-10.991526],[-68.640128,-10.991976],[-68.640268,-10.992405],[-68.640493,-10.992798],[-68.640773,-10.993156],[-68.649067,-11.003124],[-68.64956,-11.003598],[-68.64992,-11.003879],[-68.652001,-11.005287],[-68.65255,-11.005696],[-68.653041,-11.006171],[-68.654276,-11.00751],[-68.654414,-11.007689],[-68.654752,-11.008279],[-68.654979,-11.008919],[-68.655517,-11.011117],[-68.656026,-11.013089],[-68.656494,-11.015071],[-68.656692,-11.01572],[-68.656952,-11.016348],[-68.657295,-11.016935],[-68.657567,-11.0173],[-68.657869,-11.017639],[-68.658198,-11.017955],[-68.658554,-11.018239],[-68.658934,-11.018493],[-68.65934,-11.018704],[-68.659763,-11.018881],[-68.665263,-11.020494],[-68.665931,-11.02066],[-68.666384,-11.020732],[-68.667071,-11.020782],[-68.667989,-11.020769],[-68.675086,-11.020236],[-68.675544,-11.020222],[-68.67646,-11.020281],[-68.682163,-11.020924],[-68.68307,-11.021065],[-68.683514,-11.021179],[-68.68415,-11.021439],[-68.685381,-11.022046],[-68.690481,-11.02464],[-68.699482,-11.029156],[-68.706011,-11.032475],[-68.711741,-11.035346],[-68.71602,-11.037533],[-68.716644,-11.037819],[-68.717076,-11.037972],[-68.717742,-11.038147],[-68.718194,-11.038223],[-68.718651,-11.03826],[-68.71934,-11.038251],[-68.720025,-11.038189],[-68.720923,-11.038001],[-68.72157,-11.037772],[-68.722185,-11.037467],[-68.730197,-11.0326],[-68.736483,-11.028856],[-68.736846,-11.02858],[-68.738783,-11.027367],[-68.738962,-11.027228],[-68.739113,-11.027058],[-68.742089,-11.022763],[-68.742415,-11.022165],[-68.743274,-11.020069],[-68.743642,-11.018999],[-68.743694,-11.018813],[-68.743699,-11.018591],[-68.743753,-11.018372],[-68.743781,-11.018147],[-68.744185,-11.016615],[-68.744264,-11.016404],[-68.744388,-11.016214],[-68.744396,-11.016042],[-68.744276,-11.015854],[-68.742086,-11.013238],[-68.741953,-11.013054],[-68.741881,-11.01284],[-68.741855,-11.012616],[-68.741861,-11.012391],[-68.742061,-11.010366],[-68.742158,-11.009924],[-68.742388,-11.009285],[-68.742515,-11.009097],[-68.742684,-11.008944],[-68.744856,-11.007275],[-68.745416,-11.00688],[-68.745578,-11.006724],[-68.745606,-11.006504],[-68.745591,-11.005375],[-68.745683,-11.004932],[-68.74576,-11.004719],[-68.745881,-11.004529],[-68.746047,-11.004373],[-68.746431,-11.004125],[-68.746607,-11.003981],[-68.746756,-11.00381],[-68.746927,-11.003659],[-68.747694,-11.003163],[-68.748056,-11.002885],[-68.749198,-11.001772],[-68.752287,-10.998426],[-68.754164,-10.99644],[-68.754403,-10.996058],[-68.754498,-10.995859],[-68.754674,-10.995722],[-68.755059,-10.995478],[-68.760669,-10.989501],[-68.760966,-10.989157],[-68.761097,-10.98897],[-68.761319,-10.988576],[-68.761493,-10.988158],[-68.761553,-10.98794],[-68.761625,-10.987494],[-68.761698,-10.984103],[-68.761749,-10.9832],[-68.761822,-10.982754],[-68.762074,-10.981884],[-68.763195,-10.978439],[-68.763723,-10.976945],[-68.763819,-10.97674],[-68.764054,-10.976352],[-68.768677,-10.96988],[-68.768961,-10.969525],[-68.76927,-10.96919],[-68.769776,-10.968731],[-68.771982,-10.967106],[-68.772378,-10.966879],[-68.772803,-10.96671],[-68.773249,-10.966603],[-68.773704,-10.966548],[-68.774161,-10.966571],[-68.774389,-10.966602],[-68.774833,-10.966714],[-68.775255,-10.96689],[-68.775457,-10.966997],[-68.77925,-10.969546],[-68.779833,-10.969907],[-68.780038,-10.970007],[-68.780247,-10.970102],[-68.780686,-10.970233],[-68.781139,-10.9703],[-68.781598,-10.9703],[-68.782052,-10.970241],[-68.782707,-10.970031],[-68.783109,-10.969814],[-68.783478,-10.969545],[-68.789344,-10.964473],[-68.789886,-10.964056],[-68.790279,-10.963824],[-68.790918,-10.963571],[-68.793731,-10.962587],[-68.794174,-10.96247],[-68.794625,-10.962385],[-68.795081,-10.962331],[-68.79554,-10.962315],[-68.796227,-10.96235],[-68.79962,-10.962925],[-68.802105,-10.963374],[-68.80255,-10.963483],[-68.802985,-10.963627],[-68.803603,-10.963926],[-68.805223,-10.964777],[-68.805441,-10.964848],[-68.805891,-10.964932],[-68.806349,-10.964926],[-68.806797,-10.964827],[-68.808532,-10.964233],[-68.809812,-10.963733],[-68.810859,-10.963269],[-68.812102,-10.962683],[-68.812507,-10.962471],[-68.812892,-10.962224],[-68.813432,-10.961803],[-68.813765,-10.961493],[-68.814208,-10.960974],[-68.814586,-10.960407],[-68.814793,-10.960004],[-68.815854,-10.957501],[-68.820545,-10.946199],[-68.820857,-10.945596],[-68.82099,-10.945411],[-68.821442,-10.9449],[-68.821614,-10.944751],[-68.821984,-10.944484],[-68.82239,-10.944275],[-68.822821,-10.94412],[-68.825898,-10.943202],[-68.826317,-10.943019],[-68.826703,-10.942775],[-68.827206,-10.942313],[-68.827648,-10.941794],[-68.82918,-10.939539],[-68.82958,-10.938987],[-68.830054,-10.938497],[-68.830418,-10.938221],[-68.83103,-10.937911],[-68.831245,-10.937832],[-68.83169,-10.937726],[-68.832148,-10.937694],[-68.832377,-10.93771],[-68.83283,-10.937777],[-68.833053,-10.937833],[-68.833692,-10.938082],[-68.834094,-10.938301],[-68.840391,-10.942028],[-68.840798,-10.942237],[-68.84101,-10.942324],[-68.847962,-10.944661],[-68.848186,-10.944711],[-68.848643,-10.944729],[-68.849101,-10.944688],[-68.849549,-10.944591],[-68.849981,-10.94444],[-68.850377,-10.944211],[-68.850745,-10.943941],[-68.85107,-10.943622],[-68.857842,-10.935061],[-68.85844,-10.934375],[-68.862689,-10.930576],[-68.863068,-10.930321],[-68.863469,-10.930102],[-68.863895,-10.929935],[-68.864337,-10.929812],[-68.864792,-10.929762],[-68.865251,-10.929776],[-68.865708,-10.929821],[-68.880638,-10.932369],[-68.881537,-10.932553],[-68.882407,-10.932842],[-68.883017,-10.933155],[-68.890995,-10.938075],[-68.891396,-10.938296],[-68.89203,-10.938559],[-68.892469,-10.93869],[-68.892917,-10.938789],[-68.905108,-10.94101],[-68.905555,-10.941114],[-68.905772,-10.941188],[-68.906187,-10.94138],[-68.906571,-10.941626],[-68.906914,-10.941927],[-68.907065,-10.942096],[-68.907338,-10.942459],[-68.907571,-10.942849],[-68.908856,-10.945249],[-68.90898,-10.945439],[-68.909114,-10.945622],[-68.909435,-10.945945],[-68.909799,-10.946219],[-68.91,-10.946328],[-68.910206,-10.946428],[-68.910423,-10.946501],[-68.913705,-10.947529],[-68.924011,-10.950679],[-68.92464,-10.950952],[-68.926758,-10.952307],[-68.927154,-10.952536],[-68.927572,-10.95272],[-68.927793,-10.952782],[-68.928247,-10.95284],[-68.928703,-10.952796],[-68.929145,-10.952674],[-68.929559,-10.952479],[-68.933585,-10.950306],[-68.93401,-10.950136],[-68.934451,-10.95001],[-68.934908,-10.949973],[-68.935591,-10.950056],[-68.936254,-10.950238],[-68.945965,-10.953711],[-68.946621,-10.953916],[-68.947073,-10.953992],[-68.947761,-10.95397],[-68.947987,-10.95393],[-68.948426,-10.9538],[-68.948848,-10.953623],[-68.949047,-10.95351],[-68.949412,-10.953237],[-68.954189,-10.948351],[-68.964277,-10.938143],[-68.964619,-10.937841],[-68.965003,-10.937594],[-68.965416,-10.937398],[-68.965852,-10.937259],[-68.966077,-10.937213],[-68.966535,-10.937192],[-68.966991,-10.937239],[-68.967217,-10.93728],[-68.967657,-10.937406],[-68.96787,-10.93749],[-68.968072,-10.937599],[-68.968627,-10.937999],[-68.975237,-10.943254],[-68.975614,-10.94351],[-68.975816,-10.943618],[-68.97603,-10.943699],[-68.976472,-10.943818],[-68.976927,-10.943874],[-68.987668,-10.944896],[-68.988585,-10.944949],[-68.988814,-10.944943],[-68.989492,-10.944829],[-68.989709,-10.944757],[-68.990127,-10.944571],[-68.99032,-10.944449],[-68.990673,-10.944161],[-68.990837,-10.944002],[-68.991126,-10.943652],[-68.991253,-10.943464],[-68.991472,-10.943066],[-68.994161,-10.937069],[-68.994379,-10.936671],[-68.994652,-10.936308],[-68.994809,-10.936142],[-68.995157,-10.935848],[-68.99554,-10.935599],[-68.995744,-10.935497],[-68.996172,-10.935333],[-69.006713,-10.932165],[-69.007382,-10.93201],[-69.00784,-10.93197],[-69.008297,-10.932006],[-69.014367,-10.933245],[-69.015032,-10.933421],[-69.015675,-10.933664],[-69.016081,-10.933875],[-69.018539,-10.935542],[-69.018952,-10.935737],[-69.019616,-10.935915],[-69.02007,-10.935975],[-69.020529,-10.93596],[-69.02098,-10.935878],[-69.021633,-10.935663],[-69.031949,-10.931244],[-69.0332,-10.930678],[-69.033773,-10.930303],[-69.034115,-10.930001],[-69.034264,-10.92983],[-69.034528,-10.92946],[-69.034741,-10.92906],[-69.037166,-10.923198],[-69.040608,-10.914085],[-69.040891,-10.913226],[-69.04097,-10.912781],[-69.040995,-10.91233],[-69.040964,-10.911879],[-69.040924,-10.911656],[-69.04043,-10.909915],[-69.039483,-10.90642],[-69.039357,-10.905753],[-69.039292,-10.905078],[-69.038896,-10.899665],[-69.038802,-10.898086],[-69.038644,-10.896057],[-69.038631,-10.895605],[-69.038668,-10.895155],[-69.038716,-10.894933],[-69.038862,-10.894505],[-69.039059,-10.894097],[-69.04143,-10.889705],[-69.041679,-10.889325],[-69.041979,-10.888984],[-69.042333,-10.888696],[-69.042925,-10.88835],[-69.060185,-10.878906],[-69.060567,-10.878656],[-69.060916,-10.878363],[-69.061216,-10.878021],[-69.061342,-10.877832],[-69.061538,-10.877424],[-69.061681,-10.876994],[-69.06263,-10.873734],[-69.062773,-10.873304],[-69.062951,-10.872888],[-69.063185,-10.872499],[-69.063474,-10.872149],[-69.063811,-10.871842],[-69.064184,-10.871578],[-69.064591,-10.871369],[-69.065242,-10.871149],[-69.071004,-10.869616],[-69.077862,-10.867738],[-69.078297,-10.867596],[-69.07872,-10.86742],[-69.079296,-10.86705],[-69.079469,-10.866901],[-69.079775,-10.866565],[-69.079912,-10.866384],[-69.080142,-10.865993],[-69.080314,-10.865574],[-69.080465,-10.864913],[-69.080485,-10.864688],[-69.080478,-10.864236],[-69.080109,-10.86041],[-69.080083,-10.859959],[-69.080111,-10.859508],[-69.080149,-10.859285],[-69.080268,-10.858849],[-69.080436,-10.858428],[-69.080662,-10.858035],[-69.080934,-10.857671],[-69.081259,-10.857353],[-69.081441,-10.857215],[-69.089164,-10.851915],[-69.089567,-10.8517],[-69.089779,-10.851614],[-69.090219,-10.851484],[-69.092683,-10.85094],[-69.093367,-10.850868],[-69.094055,-10.850875],[-69.094509,-10.85094],[-69.095166,-10.851141],[-69.097098,-10.851863],[-69.097763,-10.852036],[-69.098216,-10.852107],[-69.098904,-10.852138],[-69.099361,-10.852102],[-69.100037,-10.851975],[-69.100907,-10.851687],[-69.103204,-10.850653],[-69.105307,-10.849746],[-69.113478,-10.846139],[-69.114075,-10.845801],[-69.114648,-10.845425],[-69.134855,-10.831273],[-69.135042,-10.831143],[-69.135636,-10.8308],[-69.136265,-10.830523],[-69.138453,-10.829838],[-69.144378,-10.828043],[-69.145263,-10.827803],[-69.146396,-10.827623],[-69.156902,-10.826559],[-69.159195,-10.826455],[-69.162398,-10.826187],[-69.196237,-10.823145],[-69.202423,-10.822745],[-69.215715,-10.821947],[-69.216401,-10.821886],[-69.217304,-10.821724],[-69.232132,-10.818647],[-69.233263,-10.818455],[-69.234177,-10.818369],[-69.24609,-10.817601],[-69.249497,-10.817105],[-69.261348,-10.81568],[-69.272967,-10.814255],[-69.293662,-10.811429],[-69.295939,-10.811143],[-69.296398,-10.811121],[-69.298005,-10.811152],[-69.326004,-10.81194],[-69.329218,-10.811979],[-69.33381,-10.811948],[-69.334726,-10.811892],[-69.335408,-10.811794],[-69.33922,-10.810968],[-69.341916,-10.810413],[-69.342596,-10.810305],[-69.343965,-10.810156],[-69.372861,-10.808794],[-69.373767,-10.808648],[-69.374434,-10.808481],[-69.37509,-10.808276],[-69.375729,-10.808021],[-69.377182,-10.807346],[-69.378025,-10.806986],[-69.380849,-10.806034],[-69.382353,-10.805476],[-69.388723,-10.802353],[-69.389585,-10.802043],[-69.390033,-10.801942],[-69.390716,-10.801857],[-69.391404,-10.801835],[-69.391861,-10.801873],[-69.392314,-10.801949],[-69.396086,-10.802936],[-69.396761,-10.803071],[-69.397893,-10.803256],[-69.398785,-10.803472],[-69.407225,-10.806417],[-69.409765,-10.807468],[-69.41041,-10.807704],[-69.411747,-10.80803],[-69.414443,-10.808592],[-69.415106,-10.808774],[-69.415747,-10.809021],[-69.417183,-10.809732],[-69.417809,-10.810013],[-69.418676,-10.810314],[-69.420434,-10.810835],[-69.420869,-10.810982],[-69.421723,-10.811312],[-69.422988,-10.811851],[-69.42406,-10.812254],[-69.425359,-10.812706],[-69.425984,-10.812991],[-69.426777,-10.813447],[-69.427339,-10.813838],[-69.42787,-10.81427],[-69.449074,-10.833315],[-69.449912,-10.834088],[-69.451686,-10.835858],[-69.452694,-10.836782],[-69.455894,-10.839357],[-69.456593,-10.839944],[-69.457607,-10.840862],[-69.460704,-10.843887],[-69.462259,-10.845227],[-69.466839,-10.848998],[-69.467512,-10.849613],[-69.468318,-10.850418],[-69.469154,-10.851192],[-69.470941,-10.852612],[-69.471631,-10.853208],[-69.472621,-10.854151],[-69.475214,-10.856714],[-69.475882,-10.857334],[-69.476578,-10.857924],[-69.477663,-10.85876],[-69.478537,-10.859493],[-69.479366,-10.860275],[-69.489915,-10.87067],[-69.49043,-10.87112],[-69.49207,-10.872358],[-69.49259,-10.872802],[-69.493074,-10.873284],[-69.494239,-10.874683],[-69.49471,-10.875178],[-69.495392,-10.875783],[-69.496838,-10.876897],[-69.497531,-10.877491],[-69.498165,-10.878145],[-69.499205,-10.879351],[-69.499672,-10.87985],[-69.500348,-10.880462],[-69.50419,-10.88369],[-69.504832,-10.884337],[-69.506136,-10.885915],[-69.506762,-10.886577],[-69.507441,-10.887185],[-69.511588,-10.890758],[-69.512492,-10.891454],[-69.513269,-10.891936],[-69.514879,-10.892806],[-69.515463,-10.893165],[-69.517761,-10.894662],[-69.518875,-10.895461],[-69.519747,-10.896196],[-69.520239,-10.89667],[-69.524243,-10.90103],[-69.524734,-10.901505],[-69.525255,-10.901948],[-69.525981,-10.902503],[-69.526378,-10.902729],[-69.527,-10.90302],[-69.527654,-10.903232],[-69.528709,-10.903679],[-69.529527,-10.904089],[-69.530118,-10.904438],[-69.530864,-10.904965],[-69.533896,-10.907384],[-69.534282,-10.907629],[-69.53488,-10.907965],[-69.535227,-10.90826],[-69.535848,-10.908927],[-69.536179,-10.909239],[-69.555011,-10.924419],[-69.555347,-10.924728],[-69.555659,-10.925059],[-69.555934,-10.925422],[-69.556161,-10.925814],[-69.556353,-10.926224],[-69.558086,-10.930412],[-69.558316,-10.930801],[-69.558478,-10.930959],[-69.558676,-10.931071],[-69.558897,-10.931129],[-69.559125,-10.931133],[-69.559348,-10.931085],[-69.559562,-10.931004],[-69.560781,-10.93037],[-69.561205,-10.930198],[-69.561427,-10.930145],[-69.561655,-10.930121],[-69.561884,-10.930133],[-69.562108,-10.930183],[-69.562323,-10.930262],[-69.562525,-10.930369],[-69.562867,-10.930668],[-69.563019,-10.930838],[-69.563431,-10.931381],[-69.563735,-10.931719],[-69.563903,-10.931874],[-69.564633,-10.932422],[-69.565132,-10.932888],[-69.565419,-10.93324],[-69.565887,-10.933969],[-69.566802,-10.93527],[-69.566946,-10.935444],[-69.567136,-10.935567],[-69.567351,-10.935642],[-69.567579,-10.93566],[-69.570556,-10.93545],[-69.571015,-10.935463],[-69.571465,-10.935551],[-69.572571,-10.935855],[-69.573219,-10.936081],[-69.57342,-10.93619],[-69.573605,-10.936325],[-69.573938,-10.936634],[-69.575433,-10.93835],[-69.57611,-10.938961],[-69.576267,-10.939126],[-69.576532,-10.939494],[-69.576629,-10.939699],[-69.576764,-10.940131],[-69.577239,-10.942111],[-69.577559,-10.943662],[-69.578478,-10.949699],[-69.578745,-10.951717],[-69.578809,-10.952392],[-69.5788,-10.952617],[-69.578734,-10.952833],[-69.578065,-10.954272],[-69.577437,-10.95548],[-69.577306,-10.955663],[-69.577146,-10.955825],[-69.575926,-10.956855],[-69.575639,-10.957207],[-69.575408,-10.957597],[-69.575314,-10.957804],[-69.572749,-10.964824],[-69.572537,-10.965224],[-69.572277,-10.965597],[-69.571971,-10.965933],[-69.569254,-10.968368],[-69.569063,-10.968493],[-69.56886,-10.968597],[-69.568643,-10.96867],[-69.568418,-10.968711],[-69.56819,-10.968728],[-69.567273,-10.968666],[-69.566815,-10.968675],[-69.566596,-10.968741],[-69.566406,-10.968864],[-69.566251,-10.969031],[-69.565813,-10.969825],[-69.563589,-10.974291],[-69.561655,-10.977629],[-69.557725,-10.984271],[-69.557509,-10.984671],[-69.55713,-10.985494],[-69.555402,-10.989683],[-69.555262,-10.990114],[-69.555194,-10.99056],[-69.55519,-10.990786],[-69.555253,-10.991233],[-69.556312,-10.995633],[-69.556363,-10.996082],[-69.556364,-10.996307],[-69.555771,-10.999418],[-69.555125,-11.002979],[-69.554939,-11.003864],[-69.554918,-11.004767],[-69.555033,-11.007931],[-69.555093,-11.008833],[-69.555207,-11.009271],[-69.555284,-11.009484],[-69.55591,-11.010691],[-69.556405,-11.011711],[-69.55671,-11.012563],[-69.557956,-11.017849],[-69.558036,-11.01806],[-69.558241,-11.018464],[-69.558374,-11.018648],[-69.558513,-11.018828],[-69.558832,-11.019153],[-69.564905,-11.023982],[-69.568335,-11.026636],[-69.570268,-11.028237],[-69.570433,-11.028393],[-69.570575,-11.02857],[-69.570797,-11.028966],[-69.571204,-11.030022],[-69.573645,-11.037798],[-69.574289,-11.039732],[-69.575111,-11.042321],[-69.57524,-11.042986],[-69.575211,-11.043664],[-69.575071,-11.044092],[-69.573687,-11.046696],[-69.573506,-11.047112],[-69.573376,-11.047545],[-69.572428,-11.05289],[-69.572333,-11.053562],[-69.572311,-11.053786],[-69.572325,-11.054238],[-69.572372,-11.054687],[-69.57322,-11.058901],[-69.573249,-11.059352],[-69.573182,-11.059799],[-69.573126,-11.060017],[-69.570764,-11.064668],[-69.570582,-11.065322],[-69.570554,-11.065546],[-69.570475,-11.067126],[-69.57043,-11.068708],[-69.570437,-11.070064],[-69.570495,-11.070513],[-69.570548,-11.070733],[-69.571061,-11.072469],[-69.571085,-11.072919],[-69.57107,-11.073145],[-69.571022,-11.073366],[-69.570946,-11.073579],[-69.570438,-11.07484],[-69.569291,-11.077553],[-69.569136,-11.077979],[-69.569042,-11.078421],[-69.569011,-11.078871],[-69.569036,-11.079323],[-69.569428,-11.082236],[-69.569429,-11.082688],[-69.569353,-11.083133],[-69.569218,-11.083565],[-69.567837,-11.08617],[-69.567253,-11.087398],[-69.567099,-11.087824],[-69.567006,-11.088266],[-69.56698,-11.088717],[-69.566992,-11.091882],[-69.566963,-11.092106],[-69.566848,-11.092543],[-69.566644,-11.092948],[-69.56638,-11.093317],[-69.564155,-11.095905],[-69.563156,-11.097144],[-69.561647,-11.099138],[-69.561469,-11.099553],[-69.561406,-11.099771],[-69.561325,-11.100215],[-69.56119,-11.102472],[-69.561065,-11.105181],[-69.560991,-11.105627],[-69.56086,-11.10606],[-69.560661,-11.106467],[-69.557507,-11.111983],[-69.556962,-11.112978],[-69.556682,-11.113597],[-69.556612,-11.113812],[-69.556588,-11.114037],[-69.556586,-11.114263],[-69.556613,-11.114487],[-69.55667,-11.114704],[-69.557623,-11.116761],[-69.557729,-11.116961],[-69.558097,-11.117535],[-69.561827,-11.121831],[-69.564042,-11.124427],[-69.564452,-11.124972],[-69.564664,-11.125371],[-69.564802,-11.125801],[-69.564833,-11.126025],[-69.565619,-11.134354],[-69.56562,-11.13458],[-69.56556,-11.135028],[-69.565453,-11.135467],[-69.564687,-11.137357],[-69.564628,-11.137575],[-69.564604,-11.137799],[-69.564628,-11.13825],[-69.564692,-11.138466],[-69.564895,-11.138871],[-69.567428,-11.14291],[-69.56752,-11.143117],[-69.567618,-11.143558],[-69.567629,-11.143784],[-69.567602,-11.144008],[-69.56754,-11.144226],[-69.567336,-11.144629],[-69.562217,-11.152137],[-69.56187,-11.152722],[-69.56155,-11.153569],[-69.559926,-11.158517],[-69.558681,-11.162634],[-69.55767,-11.166112],[-69.557564,-11.166552],[-69.557565,-11.167003],[-69.557611,-11.167224],[-69.557771,-11.167647],[-69.558403,-11.16859],[-69.558612,-11.168992],[-69.558689,-11.169205],[-69.558752,-11.169422],[-69.55947,-11.172739],[-69.559543,-11.173185],[-69.559707,-11.174986],[-69.559958,-11.180181],[-69.560092,-11.182438],[-69.560189,-11.184697],[-69.560167,-11.185148],[-69.560108,-11.185596],[-69.559834,-11.186694],[-69.55973,-11.187364],[-69.55973,-11.187816],[-69.559893,-11.189844],[-69.559893,-11.19007],[-69.559867,-11.190521],[-69.559496,-11.192981],[-69.559443,-11.193201],[-69.559365,-11.193413],[-69.558163,-11.196103],[-69.558053,-11.196301],[-69.557924,-11.196488],[-69.557603,-11.19681],[-69.557426,-11.196953],[-69.556484,-11.197599],[-69.556331,-11.197765],[-69.556073,-11.198139],[-69.555925,-11.198566],[-69.555484,-11.200088],[-69.555405,-11.200533],[-69.555403,-11.200984],[-69.555478,-11.201429],[-69.55596,-11.202938],[-69.556122,-11.203597],[-69.556536,-11.206279],[-69.557086,-11.208004],[-69.5572,-11.208442],[-69.55723,-11.208666],[-69.557238,-11.209118],[-69.557179,-11.210247],[-69.557021,-11.212503],[-69.556943,-11.212948],[-69.556776,-11.213367],[-69.556665,-11.213565],[-69.556531,-11.213748],[-69.556384,-11.213921],[-69.556213,-11.214071],[-69.555834,-11.214325],[-69.554984,-11.214668],[-69.550031,-11.216469],[-69.549349,-11.216558],[-69.548893,-11.216516],[-69.548666,-11.216481],[-69.547576,-11.216125],[-69.547352,-11.21608],[-69.547123,-11.21607],[-69.546896,-11.216092],[-69.546676,-11.216152],[-69.54647,-11.216251],[-69.54628,-11.216377],[-69.546111,-11.21653],[-69.543285,-11.220094],[-69.543029,-11.220469],[-69.542836,-11.220878],[-69.542719,-11.221314],[-69.542712,-11.22154],[-69.542753,-11.22199],[-69.542921,-11.223108],[-69.542943,-11.223559],[-69.542876,-11.224005],[-69.542732,-11.224433],[-69.542523,-11.224836],[-69.538978,-11.230651],[-69.53853,-11.23144],[-69.538323,-11.231844],[-69.538162,-11.232267],[-69.538079,-11.232711],[-69.538061,-11.232936],[-69.538069,-11.233162],[-69.538122,-11.233382],[-69.538345,-11.234023],[-69.539376,-11.236539],[-69.540886,-11.240083],[-69.540954,-11.240299],[-69.541012,-11.240517],[-69.541067,-11.240966],[-69.541098,-11.242547],[-69.541136,-11.24277],[-69.541203,-11.242986],[-69.541411,-11.243387],[-69.541543,-11.243572],[-69.542942,-11.245067],[-69.543049,-11.245264],[-69.543096,-11.245485],[-69.543103,-11.24571],[-69.543047,-11.245928],[-69.542936,-11.246124],[-69.542173,-11.246967],[-69.541892,-11.247325],[-69.541643,-11.247704],[-69.541435,-11.248107],[-69.540409,-11.25158],[-69.540234,-11.251997],[-69.539949,-11.252349],[-69.539777,-11.252498],[-69.539583,-11.252617],[-69.539156,-11.252779],[-69.536673,-11.253226],[-69.536239,-11.253372],[-69.535833,-11.253583],[-69.535463,-11.253851],[-69.535294,-11.254003],[-69.532205,-11.257037],[-69.53157,-11.25769],[-69.531431,-11.257869],[-69.531337,-11.258075],[-69.531227,-11.258513],[-69.531082,-11.261674],[-69.53105,-11.261898],[-69.530987,-11.262115],[-69.530894,-11.262322],[-69.530646,-11.262701],[-69.527433,-11.266539],[-69.527153,-11.266897],[-69.526915,-11.267283],[-69.526743,-11.267701],[-69.524756,-11.273959],[-69.524321,-11.275246],[-69.524107,-11.275645],[-69.523983,-11.275835],[-69.523531,-11.276347],[-69.521888,-11.277926],[-69.521438,-11.278439],[-69.520685,-11.279574],[-69.520566,-11.279767],[-69.520365,-11.280172],[-69.520312,-11.280392],[-69.520279,-11.280843],[-69.52025,-11.28446],[-69.520352,-11.28513],[-69.520486,-11.285562],[-69.520583,-11.285766],[-69.520823,-11.286151],[-69.521976,-11.28784],[-69.522073,-11.288044],[-69.522137,-11.288261],[-69.522186,-11.288482],[-69.5222,-11.288932],[-69.521961,-11.291862],[-69.521996,-11.292312],[-69.522111,-11.292749],[-69.5223,-11.29316],[-69.524455,-11.296895],[-69.524773,-11.297497],[-69.525021,-11.298128],[-69.525056,-11.298351],[-69.525077,-11.298802],[-69.524965,-11.302191],[-69.524869,-11.302633],[-69.524793,-11.302846],[-69.524015,-11.304231],[-69.523439,-11.304933],[-69.521392,-11.307072],[-69.521111,-11.30743],[-69.520769,-11.308017],[-69.520595,-11.308435],[-69.51859,-11.31445],[-69.518334,-11.315318],[-69.517522,-11.319768],[-69.516857,-11.324014],[-69.516095,-11.329616],[-69.515947,-11.330278],[-69.514231,-11.334472],[-69.508562,-11.348066],[-69.508464,-11.34827],[-69.508339,-11.34846],[-69.508026,-11.348788],[-69.506089,-11.35038],[-69.505649,-11.350505],[-69.505421,-11.350535],[-69.505193,-11.350526],[-69.504964,-11.350505],[-69.503382,-11.350224],[-69.502925,-11.350184],[-69.502698,-11.350208],[-69.50226,-11.350339],[-69.500609,-11.351132],[-69.500223,-11.351375],[-69.500045,-11.351518],[-69.499895,-11.351688],[-69.499635,-11.35206],[-69.497764,-11.355433],[-69.497087,-11.356615],[-69.496827,-11.356986],[-69.496653,-11.35713],[-69.496454,-11.357242],[-69.496234,-11.357306],[-69.494649,-11.357562],[-69.49443,-11.35763],[-69.494229,-11.357737],[-69.494051,-11.35788],[-69.493903,-11.358052],[-69.49367,-11.358441],[-69.493257,-11.359248],[-69.492828,-11.359777],[-69.492655,-11.359926],[-69.491698,-11.360549],[-69.490645,-11.361424],[-69.488255,-11.36354],[-69.487963,-11.363888],[-69.48774,-11.364282],[-69.487147,-11.366466],[-69.487007,-11.36713],[-69.486904,-11.3678],[-69.486396,-11.372976],[-69.486167,-11.375907],[-69.486121,-11.37681],[-69.486179,-11.377257],[-69.486322,-11.377686],[-69.486546,-11.378079],[-69.491933,-11.384548],[-69.492056,-11.384738],[-69.492252,-11.385146],[-69.492372,-11.385582],[-69.492406,-11.385806],[-69.492406,-11.386257],[-69.492233,-11.387374],[-69.492165,-11.388049],[-69.492121,-11.39257],[-69.492103,-11.392795],[-69.491823,-11.394353],[-69.490803,-11.399455],[-69.490723,-11.399666],[-69.4906,-11.399853],[-69.490438,-11.400013],[-69.489135,-11.400939],[-69.488147,-11.401515],[-69.487393,-11.40203],[-69.485811,-11.402948],[-69.484793,-11.403471],[-69.484202,-11.403818],[-69.483437,-11.404319],[-69.48245,-11.404896],[-69.481283,-11.405615],[-69.481067,-11.405689],[-69.480393,-11.40583],[-69.479951,-11.405949],[-69.479542,-11.406154],[-69.479347,-11.406273],[-69.475244,-11.409174],[-69.474847,-11.409398],[-69.474625,-11.409444],[-69.474395,-11.40945],[-69.474175,-11.40939],[-69.473972,-11.409285],[-69.473792,-11.409146],[-69.473122,-11.408527],[-69.472762,-11.40825],[-69.472344,-11.408063],[-69.472121,-11.408009],[-69.469597,-11.408009],[-69.46845,-11.407963],[-69.461119,-11.407491],[-69.460447,-11.407346],[-69.46002,-11.407179],[-69.459618,-11.406962],[-69.45716,-11.405294],[-69.45618,-11.404707],[-69.455339,-11.404342],[-69.453212,-11.403491],[-69.452557,-11.403283],[-69.451883,-11.403152],[-69.448905,-11.402942],[-69.447992,-11.402846],[-69.440712,-11.401877],[-69.440254,-11.40184],[-69.439567,-11.401884],[-69.439118,-11.401976],[-69.433615,-11.403583],[-69.432936,-11.40369],[-69.432477,-11.403705],[-69.43202,-11.403669],[-69.428856,-11.403113],[-69.427504,-11.402851],[-69.427048,-11.402805],[-69.426589,-11.402812],[-69.426362,-11.402846],[-69.426136,-11.402886],[-69.424579,-11.403276],[-69.416303,-11.405164],[-69.41273,-11.406005],[-69.409612,-11.406773],[-69.40918,-11.406925],[-69.408777,-11.407141],[-69.406487,-11.408649],[-69.405488,-11.409205],[-69.400749,-11.4115],[-69.393165,-11.415268],[-69.392561,-11.415595],[-69.391785,-11.416077],[-69.390454,-11.416964],[-69.388211,-11.41854],[-69.382731,-11.422264],[-69.37591,-11.426861],[-69.375515,-11.427091],[-69.375098,-11.42728],[-69.374432,-11.42745],[-69.373975,-11.427479],[-69.37168,-11.427411],[-69.364564,-11.427288],[-69.359288,-11.427057],[-69.353782,-11.426849],[-69.348042,-11.426782],[-69.347584,-11.426794],[-69.347128,-11.42685],[-69.346694,-11.426995],[-69.346487,-11.427092],[-69.346099,-11.427334],[-69.345602,-11.427802],[-69.341971,-11.431578],[-69.333244,-11.440566],[-69.32427,-11.449946],[-69.323839,-11.450474],[-69.323709,-11.450661],[-69.323608,-11.450861],[-69.322908,-11.453013],[-69.322806,-11.453216],[-69.322679,-11.453404],[-69.32252,-11.453563],[-69.322333,-11.453693],[-69.322126,-11.45379],[-69.321905,-11.453849],[-69.321448,-11.453888],[-69.317779,-11.453707],[-69.314112,-11.453492],[-69.313653,-11.453481],[-69.312738,-11.453544],[-69.310023,-11.454009],[-69.309351,-11.454155],[-69.309134,-11.454227],[-69.308513,-11.454518],[-69.307312,-11.455184],[-69.306941,-11.455447],[-69.306776,-11.455605],[-69.306635,-11.455783],[-69.306513,-11.455974],[-69.306339,-11.456391],[-69.30627,-11.456836],[-69.30632,-11.460227],[-69.306322,-11.463393],[-69.306398,-11.467687],[-69.306342,-11.467905],[-69.306239,-11.468106],[-69.3061,-11.468285],[-69.305945,-11.468451],[-69.304263,-11.46999],[-69.304115,-11.470162],[-69.303993,-11.470353],[-69.3039,-11.470559],[-69.303791,-11.470997],[-69.30379,-11.471222],[-69.303826,-11.471445],[-69.304477,-11.473848],[-69.304562,-11.474057],[-69.304675,-11.474254],[-69.304958,-11.474608],[-69.305124,-11.474765],[-69.306781,-11.47598],[-69.307122,-11.476282],[-69.307271,-11.476455],[-69.307399,-11.476641],[-69.307575,-11.477058],[-69.308161,-11.479009],[-69.308335,-11.479426],[-69.30848,-11.4796],[-69.308655,-11.479746],[-69.309452,-11.480194],[-69.309631,-11.480335],[-69.309774,-11.48051],[-69.309864,-11.480717],[-69.309927,-11.480935],[-69.310546,-11.48381],[-69.310575,-11.484034],[-69.310568,-11.484486],[-69.310485,-11.48493],[-69.308546,-11.491908],[-69.308138,-11.492964],[-69.305653,-11.497808],[-69.305304,-11.498391],[-69.305005,-11.498734],[-69.304673,-11.499047],[-69.302355,-11.500898],[-69.302046,-11.501231],[-69.301908,-11.501412],[-69.301794,-11.501608],[-69.301614,-11.502022],[-69.301223,-11.50402],[-69.301165,-11.504238],[-69.301006,-11.504662],[-69.298373,-11.510189],[-69.297057,-11.513076],[-69.294242,-11.519514],[-69.293812,-11.520562],[-69.2937,-11.520998],[-69.293701,-11.521224],[-69.293732,-11.521448],[-69.293869,-11.521879],[-69.295254,-11.524735],[-69.295427,-11.525154],[-69.295491,-11.525371],[-69.295551,-11.525818],[-69.295569,-11.528983],[-69.295553,-11.529435],[-69.295491,-11.529882],[-69.294008,-11.535108],[-69.293793,-11.535988],[-69.292824,-11.539242],[-69.290596,-11.547315],[-69.287767,-11.557335],[-69.287611,-11.557995],[-69.287597,-11.558221],[-69.287633,-11.55867],[-69.287763,-11.559102],[-69.290837,-11.564403],[-69.292915,-11.567921],[-69.29333,-11.568727],[-69.293402,-11.568942],[-69.293443,-11.569164],[-69.293464,-11.569615],[-69.293448,-11.56984],[-69.293397,-11.570061],[-69.293246,-11.570486],[-69.29077,-11.57456],[-69.290643,-11.574748],[-69.290213,-11.575277],[-69.287967,-11.577542],[-69.28535,-11.58008],[-69.283407,-11.582004],[-69.282576,-11.582785],[-69.280819,-11.584571],[-69.278192,-11.5871],[-69.277886,-11.587436],[-69.277625,-11.587807],[-69.277413,-11.588209],[-69.276254,-11.59067],[-69.276039,-11.591069],[-69.275562,-11.591842],[-69.275263,-11.592184],[-69.274777,-11.592665],[-69.271989,-11.595669],[-69.271168,-11.596459],[-69.268147,-11.599236],[-69.262326,-11.604692],[-69.261852,-11.605183],[-69.261461,-11.605739],[-69.261264,-11.606148],[-69.261058,-11.606794],[-69.260953,-11.607235],[-69.260323,-11.610569],[-69.260148,-11.611224],[-69.259923,-11.611865],[-69.259315,-11.61333],[-69.257981,-11.616701],[-69.251677,-11.632237],[-69.251576,-11.63244],[-69.25147,-11.632641],[-69.251207,-11.633011],[-69.250905,-11.63335],[-69.243622,-11.640244],[-69.243324,-11.640588],[-69.243197,-11.640776],[-69.242997,-11.641182],[-69.242659,-11.642262],[-69.242061,-11.644445],[-69.241608,-11.646198],[-69.241482,-11.646864],[-69.24148,-11.647316],[-69.241553,-11.648444],[-69.24183,-11.651597],[-69.24184,-11.652049],[-69.241748,-11.652491],[-69.241568,-11.652905],[-69.241294,-11.653268],[-69.239508,-11.6559],[-69.238825,-11.656808],[-69.238253,-11.657516],[-69.233841,-11.662724],[-69.233521,-11.663048],[-69.233164,-11.663332],[-69.232774,-11.66357],[-69.232367,-11.663778],[-69.221329,-11.668822],[-69.220511,-11.669233],[-69.220123,-11.669474],[-69.21957,-11.669878],[-69.215918,-11.672977],[-69.215614,-11.673315],[-69.215489,-11.673505],[-69.215291,-11.673911],[-69.215214,-11.674124],[-69.21262,-11.6828],[-69.212468,-11.683226],[-69.212173,-11.683839],[-69.211851,-11.684439],[-69.211349,-11.685196],[-69.205962,-11.69252],[-69.201009,-11.699317],[-69.200548,-11.69982],[-69.200026,-11.700263],[-69.199654,-11.700527],[-69.199258,-11.700755],[-69.188424,-11.705696],[-69.188223,-11.705804],[-69.187847,-11.706062],[-69.187371,-11.706552],[-69.177804,-11.718124],[-69.176874,-11.719125],[-69.17351,-11.722202],[-69.173358,-11.722371],[-69.173123,-11.722759],[-69.173022,-11.722962],[-69.172873,-11.723389],[-69.172538,-11.724937],[-69.172025,-11.727141],[-69.171858,-11.72803],[-69.171781,-11.728703],[-69.171672,-11.733224],[-69.17157,-11.735935],[-69.171567,-11.737291],[-69.171507,-11.73842],[-69.17147,-11.739776],[-69.171507,-11.74068],[-69.171501,-11.741584],[-69.171428,-11.743165],[-69.171401,-11.744295],[-69.1714,-11.745878],[-69.171314,-11.747232],[-69.171338,-11.747683],[-69.171485,-11.748345],[-69.17169,-11.748748],[-69.171813,-11.748938],[-69.17195,-11.74912],[-69.172117,-11.749273],[-69.174059,-11.750863],[-69.175594,-11.752225],[-69.177514,-11.753841],[-69.178756,-11.754845],[-69.182244,-11.757786],[-69.184018,-11.759222],[-69.18453,-11.759675],[-69.184964,-11.760201],[-69.185201,-11.760587],[-69.185369,-11.761007],[-69.185466,-11.761449],[-69.185507,-11.761898],[-69.185448,-11.76348],[-69.185421,-11.76574],[-69.18543,-11.767097],[-69.185353,-11.769357],[-69.185379,-11.770487],[-69.18531,-11.77252],[-69.185249,-11.775911],[-69.18522,-11.779076],[-69.185173,-11.780658],[-69.185147,-11.783145],[-69.185082,-11.785405],[-69.18507,-11.787214],[-69.185008,-11.7897],[-69.184812,-11.801003],[-69.184757,-11.801451],[-69.184582,-11.802106],[-69.18443,-11.802533],[-69.183589,-11.804637],[-69.182051,-11.808657],[-69.180458,-11.812656],[-69.179026,-11.816473],[-69.176234,-11.823652],[-69.175919,-11.824255],[-69.175664,-11.824631],[-69.167978,-11.833919],[-69.154963,-11.849724],[-69.141618,-11.866427],[-69.141304,-11.866756],[-69.141127,-11.866898],[-69.140173,-11.867527],[-69.132573,-11.872189],[-69.132008,-11.872576],[-69.131831,-11.87272],[-69.131508,-11.873041],[-69.131245,-11.873411],[-69.131132,-11.873608],[-69.130953,-11.874023],[-69.130812,-11.874454],[-69.129372,-11.883386],[-69.129269,-11.883826],[-69.129106,-11.884248],[-69.1289,-11.884652],[-69.128646,-11.885027],[-69.128496,-11.885198],[-69.128159,-11.885504],[-69.127786,-11.885768],[-69.127586,-11.885877],[-69.118785,-11.890282],[-69.118369,-11.890473],[-69.118006,-11.890747],[-69.117851,-11.890913],[-69.117725,-11.891102],[-69.11753,-11.89151],[-69.117442,-11.891952],[-69.117437,-11.892177],[-69.117752,-11.893959],[-69.118838,-11.899509],[-69.120025,-11.906191],[-69.120455,-11.907949],[-69.120915,-11.910394],[-69.121689,-11.913466],[-69.122502,-11.916994],[-69.12283,-11.918774],[-69.122844,-11.919225],[-69.122831,-11.919451],[-69.122731,-11.919891],[-69.122557,-11.920309],[-69.122441,-11.920504],[-69.116736,-11.927876],[-69.11665,-11.928084],[-69.11661,-11.928304],[-69.11662,-11.928529],[-69.116701,-11.928974],[-69.116875,-11.92963],[-69.117549,-11.931791],[-69.117639,-11.932234],[-69.117734,-11.932906],[-69.117801,-11.93312],[-69.117928,-11.933308],[-69.118098,-11.933458],[-69.119911,-11.934844],[-69.120242,-11.935157],[-69.120369,-11.935345],[-69.120449,-11.935554],[-69.120484,-11.935778],[-69.120749,-11.938024],[-69.120799,-11.938244],[-69.120881,-11.938455],[-69.120999,-11.938648],[-69.121317,-11.938972],[-69.123111,-11.940383],[-69.125471,-11.942182],[-69.127084,-11.943454],[-69.127579,-11.943925],[-69.127856,-11.944286],[-69.128091,-11.944673],[-69.128285,-11.945083],[-69.128362,-11.945296],[-69.128817,-11.947048],[-69.129141,-11.948132],[-69.130083,-11.951862],[-69.130804,-11.954946],[-69.131315,-11.957612],[-69.131853,-11.960273],[-69.132106,-11.961376],[-69.132348,-11.962248],[-69.132577,-11.963356],[-69.133563,-11.967772],[-69.134342,-11.971538],[-69.135908,-11.978838],[-69.137208,-11.985038],[-69.137625,-11.986799],[-69.138118,-11.989239],[-69.138673,-11.991665],[-69.138834,-11.992783],[-69.138845,-11.993235],[-69.13883,-11.99346],[-69.13849,-11.995925],[-69.138331,-11.997272],[-69.137605,-12.002423],[-69.137422,-12.003539],[-69.13651,-12.010262],[-69.136341,-12.011151],[-69.13597,-12.013611],[-69.135639,-12.016304],[-69.134386,-12.025035],[-69.132797,-12.036915],[-69.131861,-12.044319],[-69.131358,-12.047903],[-69.130946,-12.05127],[-69.130625,-12.053509],[-69.129858,-12.059566],[-69.129512,-12.06203],[-69.129453,-12.062248],[-69.129363,-12.062455],[-69.12923,-12.062639],[-69.129062,-12.062792],[-69.128873,-12.062921],[-69.124914,-12.065211],[-69.121775,-12.067091],[-69.121399,-12.067349],[-69.120898,-12.067813],[-69.120755,-12.067991],[-69.12052,-12.068378],[-69.120325,-12.068787],[-69.120254,-12.069002],[-69.120187,-12.069218],[-69.120097,-12.069661],[-69.119388,-12.078224],[-69.119264,-12.080029],[-69.119061,-12.082281],[-69.118782,-12.086115],[-69.117971,-12.10871],[-69.117857,-12.110515],[-69.117591,-12.112988],[-69.117445,-12.114109],[-69.11715,-12.117261],[-69.117187,-12.117484],[-69.117272,-12.117693],[-69.117406,-12.117876],[-69.117576,-12.118028],[-69.119519,-12.119231],[-69.121869,-12.120646],[-69.122018,-12.120816],[-69.12209,-12.121028],[-69.122091,-12.121253],[-69.121951,-12.121917],[-69.121434,-12.125041],[-69.11992,-12.133502],[-69.118847,-12.139973],[-69.118083,-12.145347],[-69.116877,-12.154312],[-69.116653,-12.156107],[-69.115161,-12.16686],[-69.113823,-12.176948],[-69.112956,-12.183905],[-69.112947,-12.184356],[-69.112988,-12.184578],[-69.113084,-12.184783],[-69.113206,-12.184974],[-69.113366,-12.185136],[-69.114872,-12.18617],[-69.115559,-12.18677],[-69.115688,-12.186956],[-69.115764,-12.187168],[-69.115788,-12.187393],[-69.115672,-12.188288],[-69.115696,-12.188513],[-69.115766,-12.188728],[-69.115878,-12.188925],[-69.119941,-12.194401],[-69.120738,-12.195507],[-69.122117,-12.197591],[-69.12295,-12.198944],[-69.124654,-12.201891],[-69.128576,-12.208798],[-69.131411,-12.213713],[-69.134938,-12.22006],[-69.144962,-12.237594],[-69.145626,-12.238783],[-69.145799,-12.239202],[-69.145874,-12.239415],[-69.145921,-12.239636],[-69.146013,-12.240308],[-69.146687,-12.247058],[-69.146954,-12.249531],[-69.147576,-12.254695],[-69.148596,-12.265047],[-69.148668,-12.265493],[-69.148814,-12.266156],[-69.150985,-12.273068],[-69.151218,-12.273942],[-69.151764,-12.275431],[-69.152314,-12.276422],[-69.152383,-12.276636],[-69.152415,-12.276859],[-69.152299,-12.278437],[-69.15229,-12.278889],[-69.152245,-12.279338],[-69.152144,-12.279779],[-69.151649,-12.281284],[-69.151645,-12.281507],[-69.151789,-12.281671],[-69.152002,-12.281754],[-69.155059,-12.282734],[-69.155486,-12.282899],[-69.155681,-12.283016],[-69.155858,-12.283159],[-69.156017,-12.283323],[-69.158253,-12.285902],[-69.159862,-12.287819],[-69.163865,-12.29248],[-69.169741,-12.29943],[-69.17075,-12.300662],[-69.172516,-12.302745],[-69.172797,-12.303102],[-69.172895,-12.303306],[-69.172956,-12.303523],[-69.17298,-12.303747],[-69.172969,-12.303972],[-69.172866,-12.304412],[-69.171609,-12.308761],[-69.168943,-12.316465],[-69.16613,-12.324359],[-69.163633,-12.33188],[-69.161103,-12.339391],[-69.159082,-12.345162],[-69.147049,-12.378623],[-69.146762,-12.379482],[-69.146592,-12.379901],[-69.145026,-12.384391],[-69.143356,-12.389324],[-69.141867,-12.394313],[-69.141409,-12.396065],[-69.139971,-12.40431],[-69.139239,-12.407855],[-69.138135,-12.413401],[-69.134491,-12.428583],[-69.132708,-12.435835],[-69.132068,-12.438241],[-69.130734,-12.443506],[-69.129966,-12.446346],[-69.129507,-12.44833],[-69.128702,-12.451627],[-69.128399,-12.45295],[-69.128358,-12.453172],[-69.128351,-12.453398],[-69.128391,-12.45362],[-69.12847,-12.45383],[-69.128593,-12.454019],[-69.128927,-12.454328],[-69.138612,-12.460808],[-69.138789,-12.460949],[-69.138933,-12.461124],[-69.139043,-12.461322],[-69.139106,-12.461538],[-69.139137,-12.461761],[-69.139693,-12.469656],[-69.140322,-12.475728],[-69.141812,-12.488759],[-69.141926,-12.489197],[-69.142179,-12.489827],[-69.142773,-12.490794],[-69.14369,-12.492361],[-69.144536,-12.493706],[-69.144646,-12.493905],[-69.14473,-12.494115],[-69.144798,-12.494331],[-69.144839,-12.494553],[-69.144869,-12.495004],[-69.144859,-12.495682],[-69.144785,-12.497263],[-69.144756,-12.497486],[-69.144692,-12.497702],[-69.144475,-12.498099],[-69.144333,-12.498277],[-69.138015,-12.504525],[-69.137722,-12.504873],[-69.137616,-12.505072],[-69.13755,-12.505288],[-69.137512,-12.505511],[-69.137516,-12.505961],[-69.137615,-12.506633],[-69.13832,-12.512698],[-69.138302,-12.513149],[-69.138271,-12.513373],[-69.138144,-12.513807],[-69.135863,-12.519967],[-69.135652,-12.520612],[-69.135614,-12.520835],[-69.13563,-12.521286],[-69.135678,-12.521506],[-69.136843,-12.524697],[-69.137928,-12.527435],[-69.141043,-12.535702],[-69.142182,-12.538662],[-69.142724,-12.540152],[-69.142857,-12.540817],[-69.142882,-12.541042],[-69.143131,-12.545104],[-69.143287,-12.545763],[-69.143453,-12.546185],[-69.144394,-12.548247],[-69.145486,-12.550738],[-69.146619,-12.553211],[-69.146849,-12.553601],[-69.147147,-12.553944],[-69.147315,-12.554098],[-69.147873,-12.554495],[-69.150564,-12.556227],[-69.153881,-12.558253],[-69.154485,-12.558577],[-69.154915,-12.558734],[-69.155581,-12.558904],[-69.15986,-12.55974],[-69.160292,-12.559894],[-69.160693,-12.560111],[-69.161581,-12.560828],[-69.165579,-12.564225],[-69.166117,-12.564648],[-69.166446,-12.564962],[-69.166726,-12.56532],[-69.166836,-12.565518],[-69.167001,-12.565939],[-69.167291,-12.567032],[-69.16738,-12.567241],[-69.167615,-12.567629],[-69.167758,-12.567806],[-69.169238,-12.569225],[-69.171253,-12.571076],[-69.171903,-12.571714],[-69.173776,-12.573704],[-69.174523,-12.574562],[-69.174744,-12.574958],[-69.174822,-12.575171],[-69.174924,-12.575611],[-69.174946,-12.575836],[-69.174926,-12.576287],[-69.174871,-12.576506],[-69.174706,-12.576928],[-69.174608,-12.577131],[-69.17287,-12.580059],[-69.171551,-12.58218],[-69.169674,-12.58529],[-69.169569,-12.58549],[-69.169515,-12.585709],[-69.16955,-12.58593],[-69.169668,-12.586122],[-69.169818,-12.586293],[-69.174669,-12.591421],[-69.175663,-12.592664],[-69.176004,-12.592961],[-69.176459,-12.59347],[-69.17725,-12.594289],[-69.17862,-12.595812],[-69.178782,-12.595808],[-69.182025,-12.592935],[-69.184359,-12.590758],[-69.187293,-12.588224],[-69.188942,-12.586651],[-69.192846,-12.583149],[-69.192989,-12.582974],[-69.192977,-12.582751],[-69.192419,-12.58238],[-69.192446,-12.582168],[-69.192644,-12.582101],[-69.193098,-12.582161],[-69.193505,-12.582371],[-69.193716,-12.582454],[-69.193942,-12.582492],[-69.194169,-12.582498],[-69.198442,-12.581632],[-69.19957,-12.581421],[-69.200463,-12.581209],[-69.200568,-12.581085],[-69.200124,-12.579098],[-69.200002,-12.57843],[-69.200308,-12.578362],[-69.200085,-12.578415],[-69.200055,-12.578594],[-69.200456,-12.58059],[-69.200565,-12.581029],[-69.200678,-12.581159],[-69.201581,-12.580993],[-69.202248,-12.580824],[-69.202702,-12.580765],[-69.202931,-12.580773],[-69.203842,-12.580885],[-69.204965,-12.581119],[-69.206553,-12.581356],[-69.206769,-12.581433],[-69.207173,-12.581645],[-69.209285,-12.583009],[-69.209488,-12.58311],[-69.210564,-12.583505],[-69.21317,-12.584386],[-69.213598,-12.584548],[-69.214946,-12.585407],[-69.21585,-12.586103],[-69.219025,-12.588338],[-69.221784,-12.590368],[-69.224388,-12.592223],[-69.225635,-12.592797],[-69.230684,-12.594972],[-69.23403,-12.596463],[-69.2344,-12.596729],[-69.239619,-12.601155],[-69.239924,-12.601492],[-69.24029,-12.602067],[-69.240479,-12.602478],[-69.240654,-12.603134],[-69.240688,-12.603357],[-69.240855,-12.606971],[-69.240905,-12.607647],[-69.241095,-12.608532],[-69.241285,-12.609183],[-69.24191,-12.610392],[-69.244162,-12.614333],[-69.246796,-12.619098],[-69.247479,-12.620276],[-69.249562,-12.624051],[-69.249798,-12.624438],[-69.250212,-12.624979],[-69.250367,-12.625146],[-69.250706,-12.625451],[-69.252512,-12.626846],[-69.253395,-12.627569],[-69.255912,-12.629538],[-69.256475,-12.629928],[-69.257095,-12.630221],[-69.259455,-12.631104],[-69.259639,-12.631236],[-69.259779,-12.631412],[-69.259845,-12.631626],[-69.259987,-12.63229],[-69.26026,-12.633849],[-69.260315,-12.634298],[-69.260302,-12.63475],[-69.260153,-12.635641],[-69.259998,-12.636066],[-69.259382,-12.637528],[-69.259303,-12.637971],[-69.25933,-12.638194],[-69.259388,-12.638413],[-69.259502,-12.638606],[-69.259655,-12.638775],[-69.259832,-12.638917],[-69.260037,-12.639019],[-69.260693,-12.639222],[-69.261589,-12.639422],[-69.263589,-12.639931],[-69.264236,-12.640163],[-69.26487,-12.640429],[-69.266892,-12.641498],[-69.267522,-12.641773],[-69.267738,-12.641847],[-69.268184,-12.641956],[-69.270001,-12.642214],[-69.270885,-12.642457],[-69.273921,-12.643497],[-69.276939,-12.644587],[-69.287772,-12.648325],[-69.296857,-12.651509],[-69.300126,-12.652577],[-69.30446,-12.654071],[-69.307259,-12.65509],[-69.312464,-12.656873],[-69.315267,-12.657882],[-69.321107,-12.659929],[-69.324318,-12.661157],[-69.327117,-12.662175],[-69.330149,-12.663226],[-69.342016,-12.667478],[-69.348257,-12.669763],[-69.354751,-12.672023],[-69.358204,-12.673259],[-69.362314,-12.674698],[-69.369207,-12.677202],[-69.372446,-12.678355],[-69.375265,-12.679321],[-69.377195,-12.680046],[-69.387136,-12.683558],[-69.390786,-12.68492],[-69.392493,-12.685589],[-69.396808,-12.687134],[-69.399388,-12.688086],[-69.400905,-12.688608],[-69.406068,-12.690505],[-69.410818,-12.692197],[-69.412313,-12.692778],[-69.415112,-12.693797],[-69.417506,-12.69459],[-69.425233,-12.697479],[-69.437504,-12.701959],[-69.444816,-12.704652],[-69.456957,-12.708818],[-69.477665,-12.716251],[-69.480735,-12.717188],[-69.488207,-12.719415],[-69.488859,-12.719633],[-69.489713,-12.719965],[-69.503229,-12.725642],[-69.51521,-12.731365],[-69.523082,-12.73507],[-69.530372,-12.738399],[-69.550225,-12.747294],[-69.550423,-12.747409],[-69.550766,-12.747707],[-69.551031,-12.748074],[-69.552915,-12.751949],[-69.553272,-12.752528],[-69.553555,-12.752884],[-69.55536,-12.754623],[-69.55935,-12.758366],[-69.559889,-12.758787],[-69.560282,-12.75902],[-69.560489,-12.759117],[-69.568184,-12.762663],[-69.569192,-12.763202],[-69.572211,-12.765263],[-69.574078,-12.766578],[-69.576938,-12.768469],[-69.584821,-12.773535],[-69.586586,-12.774593],[-69.589189,-12.776031],[-69.590563,-12.776852],[-69.595985,-12.779811],[-69.597834,-12.78072],[-69.60364,-12.783436],[-69.604482,-12.783799],[-69.60597,-12.784396],[-69.609828,-12.785855],[-69.611963,-12.786686],[-69.612588,-12.786971],[-69.612991,-12.787187],[-69.625481,-12.79481],[-69.627448,-12.795975],[-69.630375,-12.797763],[-69.63156,-12.798454],[-69.633906,-12.799877],[-69.643143,-12.80537],[-69.644081,-12.806022],[-69.645718,-12.807264],[-69.646314,-12.807603],[-69.647996,-12.808329],[-69.649007,-12.808863],[-69.654477,-12.812188],[-69.65466,-12.812325],[-69.654838,-12.812468],[-69.655147,-12.8128],[-69.665368,-12.827556],[-69.668769,-12.832387],[-69.675005,-12.841335],[-69.677455,-12.844889],[-69.6854,-12.856247],[-69.69018,-12.863434],[-69.690474,-12.86378],[-69.690641,-12.863935],[-69.691012,-12.8642],[-69.69121,-12.864315],[-69.691626,-12.864504],[-69.692284,-12.864706],[-69.694054,-12.865189],[-69.694266,-12.865275],[-69.694672,-12.865485],[-69.695825,-12.866226],[-69.696238,-12.866424],[-69.696885,-12.866656],[-69.698632,-12.867213],[-69.699488,-12.86754],[-69.70161,-12.868405],[-69.702444,-12.868783],[-69.705408,-12.870006],[-69.707905,-12.871151],[-69.718776,-12.875437],[-69.719856,-12.875821],[-69.720522,-12.875992],[-69.723212,-12.87658],[-69.726115,-12.877262],[-69.727462,-12.877544],[-69.729697,-12.878061],[-69.7306,-12.878228],[-69.731734,-12.878406],[-69.733569,-12.878479],[-69.7354,-12.878613],[-69.737464,-12.878713],[-69.754877,-12.879828],[-69.757395,-12.880015],[-69.760376,-12.880169],[-69.767937,-12.880647],[-69.771375,-12.880837],[-69.77779,-12.881246],[-69.778935,-12.881338],[-69.785581,-12.881726],[-69.786266,-12.881663],[-69.786487,-12.881603],[-69.786707,-12.881537],[-69.787763,-12.881095],[-69.791715,-12.879276],[-69.793194,-12.878658],[-69.794222,-12.878155],[-69.797767,-12.876546],[-69.798203,-12.876407],[-69.798874,-12.876253],[-69.800683,-12.875941],[-69.802473,-12.875535],[-69.803157,-12.875458],[-69.804304,-12.87544],[-69.804758,-12.875377],[-69.805185,-12.875212],[-69.807066,-12.874369],[-69.807279,-12.874287],[-69.807728,-12.874203],[-69.807956,-12.874222],[-69.808177,-12.874279],[-69.808381,-12.874383],[-69.808955,-12.874757],[-69.809157,-12.874866],[-69.809373,-12.87494],[-69.809601,-12.874967],[-69.80983,-12.874966],[-69.810053,-12.874915],[-69.810922,-12.874623],[-69.811372,-12.874535],[-69.811829,-12.874502],[-69.812059,-12.874507],[-69.812741,-12.87459],[-69.813184,-12.874707],[-69.813398,-12.87479],[-69.813809,-12.874991],[-69.814196,-12.875233],[-69.814557,-12.875512],[-69.815947,-12.877017],[-69.816271,-12.877337],[-69.816446,-12.877482],[-69.816832,-12.877726],[-69.817033,-12.877835],[-69.817456,-12.878012],[-69.818122,-12.878185],[-69.818807,-12.878246],[-69.819266,-12.878242],[-69.820182,-12.878185],[-69.821559,-12.878153],[-69.822477,-12.878159],[-69.824996,-12.87834],[-69.825441,-12.878448],[-69.825653,-12.878534],[-69.826045,-12.878769],[-69.826387,-12.879068],[-69.827145,-12.879917],[-69.827497,-12.880207],[-69.828419,-12.88088],[-69.828576,-12.881045],[-69.828705,-12.881231],[-69.828781,-12.881443],[-69.828823,-12.881664],[-69.82887,-12.882114],[-69.829125,-12.883676],[-69.829192,-12.883891],[-69.829307,-12.884087],[-69.829444,-12.884267],[-69.830859,-12.885419],[-69.83119,-12.885732],[-69.8315,-12.886065],[-69.834891,-12.890341],[-69.835222,-12.890653],[-69.8356,-12.89091],[-69.838052,-12.892146],[-69.838477,-12.892317],[-69.838697,-12.89238],[-69.838924,-12.892416],[-69.839382,-12.892439],[-69.840986,-12.89235],[-69.843511,-12.892309],[-69.848306,-12.891813],[-69.849442,-12.891651],[-69.854371,-12.890566],[-69.864691,-12.888353],[-69.865356,-12.888177],[-69.870617,-12.886565],[-69.871487,-12.886275],[-69.872377,-12.886051],[-69.872605,-12.886027],[-69.873062,-12.886051],[-69.873282,-12.886111],[-69.873708,-12.886279],[-69.873906,-12.886393],[-69.874086,-12.886531],[-69.87453,-12.887049],[-69.874849,-12.887373],[-69.875032,-12.88751],[-69.875456,-12.887681],[-69.875681,-12.887719],[-69.87591,-12.88773],[-69.877971,-12.887581],[-69.878659,-12.887562],[-69.879806,-12.887601],[-69.880946,-12.887732],[-69.88162,-12.887871],[-69.882284,-12.888048],[-69.885322,-12.889084],[-69.886147,-12.889478],[-69.887737,-12.890384],[-69.890887,-12.892245],[-69.891258,-12.892512],[-69.892632,-12.893712],[-69.893023,-12.893947],[-69.893851,-12.894337],[-69.894247,-12.894566],[-69.894423,-12.894711],[-69.894754,-12.895024],[-69.895041,-12.895377],[-69.895776,-12.896524],[-69.896329,-12.897245],[-69.896802,-12.897738],[-69.89781,-12.898662],[-69.898283,-12.899155],[-69.898724,-12.899676],[-69.899574,-12.900744],[-69.900402,-12.901828],[-69.900717,-12.902156],[-69.900897,-12.902295],[-69.901101,-12.9024],[-69.901317,-12.902472],[-69.901767,-12.902563],[-69.902675,-12.902696],[-69.90334,-12.90287],[-69.906981,-12.904255],[-69.907634,-12.904472],[-69.908081,-12.904573],[-69.910367,-12.904784],[-69.910821,-12.904846],[-69.911487,-12.905019],[-69.911704,-12.905091],[-69.912122,-12.905278],[-69.912898,-12.905761],[-69.914669,-12.907199],[-69.915054,-12.907446],[-69.915472,-12.907629],[-69.916133,-12.907818],[-69.916566,-12.907967],[-69.91717,-12.908292],[-69.917352,-12.908429],[-69.91911,-12.909883],[-69.919447,-12.91019],[-69.919599,-12.910358],[-69.919869,-12.910724],[-69.920476,-12.911683],[-69.92078,-12.91202],[-69.921131,-12.912311],[-69.921523,-12.912546],[-69.921947,-12.912718],[-69.922392,-12.912824],[-69.92262,-12.912857],[-69.922849,-12.91286],[-69.923306,-12.912827],[-69.923532,-12.912785],[-69.923753,-12.912727],[-69.924181,-12.912563],[-69.924577,-12.912336],[-69.92554,-12.91172],[-69.926288,-12.911196],[-69.927106,-12.910785],[-69.930399,-12.909797],[-69.930813,-12.909601],[-69.93117,-12.909321],[-69.931458,-12.908969],[-69.934871,-12.904146],[-69.935164,-12.903799],[-69.935335,-12.903649],[-69.935525,-12.903522],[-69.935939,-12.903329],[-69.939796,-12.901865],[-69.941733,-12.901157],[-69.943222,-12.900561],[-69.94363,-12.900356],[-69.944017,-12.900113],[-69.944934,-12.899433],[-69.950681,-12.894925],[-69.950877,-12.894808],[-69.951087,-12.894716],[-69.951307,-12.89466],[-69.951764,-12.894632],[-69.953808,-12.894935],[-69.95471,-12.895105],[-69.961589,-12.896903],[-69.962261,-12.897051],[-69.962719,-12.897082],[-69.963178,-12.897086],[-69.967529,-12.896791],[-69.968217,-12.896816],[-69.972103,-12.897178],[-69.972791,-12.897208],[-69.973478,-12.89717],[-69.977334,-12.896572],[-69.978019,-12.89651],[-69.981922,-12.89655],[-69.985596,-12.896559],[-69.985825,-12.896559],[-69.986052,-12.896522],[-69.986274,-12.896469],[-69.986475,-12.896363],[-69.986656,-12.896224],[-69.986806,-12.896056],[-69.98692,-12.89586],[-69.987037,-12.895424],[-69.987585,-12.892535],[-69.987722,-12.892104],[-69.987974,-12.891729],[-69.988146,-12.891581],[-69.988337,-12.891455],[-69.989353,-12.890929],[-69.992017,-12.889604],[-69.992458,-12.889482],[-69.992915,-12.889451],[-69.993143,-12.889474],[-69.993365,-12.88953],[-69.993577,-12.889615],[-69.993787,-12.889708],[-69.99689,-12.891644],[-69.997098,-12.89174],[-69.997539,-12.891857],[-69.997768,-12.891867],[-69.998226,-12.891841],[-70.010797,-12.890663],[-70.011252,-12.890604],[-70.011701,-12.89051],[-70.011918,-12.890436],[-70.012515,-12.890099],[-70.016681,-12.887287],[-70.017263,-12.886924],[-70.017471,-12.886828],[-70.017896,-12.886657],[-70.018116,-12.886593],[-70.023884,-12.885078],[-70.024528,-12.884841],[-70.025137,-12.884526],[-70.026853,-12.883392],[-70.027036,-12.883257],[-70.027529,-12.882784],[-70.028596,-12.881312],[-70.030014,-12.879256],[-70.030175,-12.879095],[-70.030357,-12.878957],[-70.030556,-12.878845],[-70.030989,-12.878698],[-70.039006,-12.876716],[-70.039232,-12.876693],[-70.039461,-12.8767],[-70.039677,-12.876778],[-70.03988,-12.876883],[-70.040067,-12.877014],[-70.040208,-12.87719],[-70.049868,-12.890401],[-70.050006,-12.890581],[-70.050166,-12.890742],[-70.050345,-12.890883],[-70.050541,-12.891002],[-70.050746,-12.891102],[-70.055615,-12.893114],[-70.060512,-12.895059],[-70.060729,-12.895133],[-70.060952,-12.89518],[-70.06118,-12.895164],[-70.061397,-12.895095],[-70.061799,-12.894877],[-70.065367,-12.892031],[-70.065565,-12.891921],[-70.065777,-12.891838],[-70.066006,-12.891821],[-70.066234,-12.891849],[-70.06645,-12.891922],[-70.06801,-12.892877],[-70.068571,-12.893271],[-70.068714,-12.893448],[-70.06883,-12.893642],[-70.069112,-12.894261],[-70.069245,-12.894444],[-70.069411,-12.894595],[-70.069603,-12.894719],[-70.071566,-12.895352],[-70.072188,-12.895645],[-70.079084,-12.900131],[-70.080207,-12.900917],[-70.081548,-12.901789],[-70.081951,-12.902004],[-70.082385,-12.902149],[-70.082611,-12.902186],[-70.083068,-12.902181],[-70.08351,-12.902061],[-70.08501,-12.901493],[-70.085858,-12.901147],[-70.089953,-12.899666],[-70.091049,-12.899329],[-70.091277,-12.899312],[-70.091727,-12.899402],[-70.099933,-12.90293],[-70.100754,-12.903332],[-70.101312,-12.903728],[-70.103786,-12.906087],[-70.10416,-12.906349],[-70.104977,-12.90676],[-70.107516,-12.907814],[-70.108522,-12.908358],[-70.110294,-12.909405],[-70.111059,-12.909904],[-70.111404,-12.910203],[-70.115536,-12.914124],[-70.11594,-12.914339],[-70.116163,-12.914389],[-70.116391,-12.914406],[-70.116619,-12.914396],[-70.119396,-12.913319],[-70.123651,-12.911618],[-70.126724,-12.910692],[-70.126946,-12.910637],[-70.127175,-12.910622],[-70.127858,-12.910705],[-70.134311,-12.91232],[-70.135875,-12.912685],[-70.137473,-12.912852],[-70.139305,-12.912978],[-70.139531,-12.913016],[-70.139983,-12.913095],[-70.14174,-12.913624],[-70.142408,-12.913781],[-70.142868,-12.91379],[-70.144431,-12.913425],[-70.145316,-12.913184],[-70.145988,-12.913037],[-70.148877,-12.912297],[-70.149551,-12.912165],[-70.150009,-12.912168],[-70.158223,-12.913076],[-70.158452,-12.91308],[-70.158682,-12.91308],[-70.158907,-12.913041],[-70.16274,-12.912311],[-70.163426,-12.912272],[-70.171916,-12.912553],[-70.176732,-12.912789],[-70.178334,-12.912909],[-70.182887,-12.913497],[-70.184494,-12.9135],[-70.184953,-12.913522],[-70.185177,-12.913558],[-70.185614,-12.913698],[-70.186467,-12.914029],[-70.186921,-12.914085],[-70.188753,-12.913949],[-70.188981,-12.913953],[-70.191033,-12.914191],[-70.19332,-12.914395],[-70.210033,-12.91563],[-70.211181,-12.91562],[-70.215063,-12.915229],[-70.226543,-12.915151],[-70.22677,-12.915132],[-70.227203,-12.914987],[-70.234119,-12.911422],[-70.234532,-12.911225],[-70.234748,-12.91115],[-70.235195,-12.91105],[-70.238179,-12.91108],[-70.240933,-12.911147],[-70.241161,-12.911169],[-70.241614,-12.911247],[-70.242819,-12.911902],[-70.249131,-12.915605],[-70.249326,-12.915724],[-70.249673,-12.91602],[-70.250124,-12.916531],[-70.250254,-12.916717],[-70.253998,-12.923462],[-70.254676,-12.925383],[-70.256468,-12.931932],[-70.256643,-12.932347],[-70.256958,-12.932675],[-70.257137,-12.932817],[-70.257335,-12.932923],[-70.257553,-12.932993],[-70.257777,-12.933037],[-70.258006,-12.933053],[-70.258457,-12.932987],[-70.258675,-12.932917],[-70.261868,-12.931647],[-70.264196,-12.930682],[-70.265485,-12.930205],[-70.265706,-12.930147],[-70.265933,-12.93012],[-70.266161,-12.930135],[-70.266382,-12.930196],[-70.266593,-12.930282],[-70.266781,-12.930411],[-70.266947,-12.930568],[-70.267083,-12.93075],[-70.267739,-12.931942],[-70.269114,-12.934551],[-70.269382,-12.934917],[-70.269533,-12.935087],[-70.269704,-12.935238],[-70.269894,-12.935364],[-70.273432,-12.937466],[-70.275186,-12.938542],[-70.27559,-12.938757],[-70.275801,-12.938842],[-70.276026,-12.938878],[-70.276255,-12.938868],[-70.27648,-12.938824],[-70.276697,-12.938751],[-70.278735,-12.93771],[-70.279935,-12.937043],[-70.280289,-12.936757],[-70.281364,-12.935581],[-70.28163,-12.935213],[-70.281741,-12.935015],[-70.2823,-12.933532],[-70.282549,-12.933153],[-70.282859,-12.932821],[-70.283534,-12.932207],[-70.284842,-12.930937],[-70.285226,-12.930694],[-70.285647,-12.930514],[-70.289942,-12.928913],[-70.291058,-12.928655],[-70.291735,-12.92853],[-70.292165,-12.928375],[-70.292757,-12.928028],[-70.294277,-12.927012],[-70.294905,-12.926735],[-70.296438,-12.926261],[-70.297107,-12.926099],[-70.299981,-12.925306],[-70.300208,-12.92529],[-70.300435,-12.925317],[-70.300655,-12.925379],[-70.302798,-12.926187],[-70.303657,-12.926938],[-70.303763,-12.927134],[-70.303825,-12.928036],[-70.303786,-12.928259],[-70.303672,-12.928452],[-70.303284,-12.92869],[-70.303143,-12.928857],[-70.303141,-12.929078],[-70.30325,-12.929517],[-70.303164,-12.929716],[-70.302944,-12.929687],[-70.302595,-12.929394],[-70.302376,-12.929368],[-70.302253,-12.929546],[-70.302317,-12.92976],[-70.302671,-12.930595],[-70.302808,-12.930774],[-70.303003,-12.930886],[-70.303217,-12.930964],[-70.303894,-12.931089],[-70.304081,-12.931213],[-70.304131,-12.931426],[-70.304056,-12.931631],[-70.303924,-12.931817],[-70.30383,-12.932014],[-70.303845,-12.932236],[-70.303975,-12.93242],[-70.30413,-12.932587],[-70.304498,-12.932852],[-70.304722,-12.9329],[-70.30541,-12.9329],[-70.305634,-12.932941],[-70.305829,-12.933056],[-70.305989,-12.933214],[-70.306044,-12.933432],[-70.306027,-12.933656],[-70.305916,-12.933854],[-70.305437,-12.934341],[-70.305249,-12.934454],[-70.304803,-12.934561],[-70.304587,-12.934635],[-70.304383,-12.934738],[-70.302667,-12.935872],[-70.302305,-12.936149],[-70.302157,-12.936319],[-70.301899,-12.936693],[-70.301753,-12.936867],[-70.301583,-12.937016],[-70.301382,-12.937123],[-70.300749,-12.93739],[-70.300552,-12.937502],[-70.300471,-12.937706],[-70.300423,-12.938156],[-70.300427,-12.93838],[-70.300758,-12.938974],[-70.30085,-12.939179],[-70.300826,-12.939396],[-70.30046,-12.93997],[-70.300185,-12.940832],[-70.30014,-12.941053],[-70.300167,-12.941276],[-70.300487,-12.941875],[-70.300746,-12.942248],[-70.300897,-12.942417],[-70.301268,-12.94268],[-70.301702,-12.942829],[-70.301898,-12.942941],[-70.302081,-12.943078],[-70.304887,-12.946065],[-70.305465,-12.947041],[-70.305674,-12.947686],[-70.305725,-12.947904],[-70.305651,-12.948346],[-70.305534,-12.948537],[-70.305152,-12.948789],[-70.304977,-12.948933],[-70.304893,-12.949136],[-70.304794,-12.950034],[-70.304736,-12.950253],[-70.304645,-12.950458],[-70.303944,-12.951626],[-70.30387,-12.951832],[-70.303903,-12.952052],[-70.304071,-12.952473],[-70.304056,-12.952692],[-70.30395,-12.952886],[-70.303684,-12.953251],[-70.303643,-12.953474],[-70.303775,-12.953642],[-70.304004,-12.95366],[-70.304455,-12.9536],[-70.304651,-12.953697],[-70.305052,-12.954246],[-70.305207,-12.95441],[-70.305728,-12.95485],[-70.305807,-12.955062],[-70.305876,-12.955963],[-70.305967,-12.956171],[-70.306118,-12.956338],[-70.306296,-12.956477],[-70.307118,-12.956879],[-70.307281,-12.957037],[-70.307417,-12.957211],[-70.307457,-12.957434],[-70.307469,-12.957886],[-70.307336,-12.958551],[-70.307257,-12.958761],[-70.307011,-12.959141],[-70.30691,-12.959336],[-70.306996,-12.959523],[-70.307198,-12.959537],[-70.307319,-12.959344],[-70.307425,-12.959145],[-70.307948,-12.95789],[-70.308099,-12.95772],[-70.308285,-12.9576],[-70.308504,-12.957545],[-70.308731,-12.957575],[-70.310189,-12.95824],[-70.310561,-12.958506],[-70.310988,-12.959033],[-70.311184,-12.959151],[-70.311393,-12.959232],[-70.311849,-12.959289],[-70.313198,-12.959024],[-70.313569,-12.958757],[-70.31379,-12.958703],[-70.313994,-12.958796],[-70.314137,-12.958973],[-70.314329,-12.959072],[-70.314555,-12.959089],[-70.315469,-12.959001],[-70.316157,-12.959017],[-70.316383,-12.959047],[-70.316592,-12.959132],[-70.317148,-12.959532],[-70.317319,-12.959949],[-70.317453,-12.960132],[-70.31766,-12.96023],[-70.318346,-12.960266],[-70.318563,-12.960341],[-70.318921,-12.960621],[-70.319115,-12.960733],[-70.319338,-12.960778],[-70.31979,-12.96071],[-70.320012,-12.960768],[-70.320502,-12.961244],[-70.320684,-12.961369],[-70.320909,-12.961415],[-70.321595,-12.961468],[-70.322939,-12.961766],[-70.323165,-12.961801],[-70.323624,-12.961809],[-70.32384,-12.961872],[-70.324306,-12.962363],[-70.324506,-12.962463],[-70.324952,-12.962571],[-70.325155,-12.962677],[-70.325276,-12.962864],[-70.325361,-12.963072],[-70.325446,-12.963515],[-70.325424,-12.96374],[-70.324971,-12.964774],[-70.32495,-12.964991],[-70.325048,-12.965196],[-70.325237,-12.965317],[-70.325667,-12.965464],[-70.325807,-12.965633],[-70.325929,-12.966069],[-70.326017,-12.966275],[-70.326191,-12.966415],[-70.326854,-12.96659],[-70.327045,-12.966712],[-70.327867,-12.9675],[-70.328058,-12.967618],[-70.328272,-12.967699],[-70.3285,-12.967682],[-70.329847,-12.967397],[-70.330302,-12.967342],[-70.330756,-12.967406],[-70.331647,-12.967627],[-70.332103,-12.967666],[-70.332562,-12.96764],[-70.332774,-12.967725],[-70.33336,-12.968079],[-70.333804,-12.968179],[-70.334262,-12.968151],[-70.334465,-12.968048],[-70.334696,-12.96766],[-70.334834,-12.967481],[-70.33503,-12.967371],[-70.335704,-12.967237],[-70.335927,-12.967279],[-70.336118,-12.967399],[-70.336431,-12.968003],[-70.336611,-12.968419],[-70.33665,-12.968637],[-70.336635,-12.969085],[-70.336732,-12.969287],[-70.336888,-12.96945],[-70.33872,-12.970813],[-70.339034,-12.971143],[-70.339099,-12.971357],[-70.339162,-12.972031],[-70.339091,-12.972703],[-70.339168,-12.972912],[-70.339336,-12.973055],[-70.339557,-12.973073],[-70.340006,-12.972981],[-70.340228,-12.973028],[-70.340547,-12.973352],[-70.340742,-12.973465],[-70.340963,-12.973443],[-70.341072,-12.973263],[-70.341033,-12.973049],[-70.340506,-12.972615],[-70.340435,-12.972405],[-70.340532,-12.971734],[-70.340531,-12.971511],[-70.340467,-12.971294],[-70.340207,-12.970668],[-70.340038,-12.970516],[-70.339661,-12.970258],[-70.339515,-12.970094],[-70.339325,-12.969682],[-70.339303,-12.969464],[-70.339431,-12.969287],[-70.339651,-12.969269],[-70.339837,-12.969398],[-70.340415,-12.970101],[-70.340575,-12.970256],[-70.340794,-12.970279],[-70.341013,-12.970212],[-70.341232,-12.970212],[-70.341326,-12.970404],[-70.341236,-12.970842],[-70.341316,-12.971049],[-70.341489,-12.971195],[-70.341683,-12.971315],[-70.341902,-12.971367],[-70.342111,-12.971284],[-70.342473,-12.971006],[-70.342686,-12.970953],[-70.342873,-12.971061],[-70.342945,-12.971273],[-70.342899,-12.971492],[-70.342897,-12.971712],[-70.34303,-12.97188],[-70.34326,-12.971886],[-70.343478,-12.971924],[-70.343641,-12.972071],[-70.343753,-12.972509],[-70.34377,-12.972735],[-70.343671,-12.973406],[-70.343689,-12.973625],[-70.343781,-12.973832],[-70.344134,-12.974415],[-70.344263,-12.974601],[-70.344712,-12.975115],[-70.344802,-12.975318],[-70.34479,-12.975534],[-70.344434,-12.976113],[-70.344438,-12.976332],[-70.344624,-12.976429],[-70.344786,-12.976292],[-70.345109,-12.975445],[-70.345224,-12.975258],[-70.345422,-12.975153],[-70.346105,-12.975125],[-70.346278,-12.975003],[-70.346244,-12.974799],[-70.34604,-12.974718],[-70.345591,-12.97479],[-70.345403,-12.97468],[-70.345426,-12.974482],[-70.345638,-12.974424],[-70.345865,-12.974444],[-70.346538,-12.974582],[-70.346702,-12.974727],[-70.346965,-12.975351],[-70.347115,-12.975522],[-70.347831,-12.976087],[-70.347982,-12.976257],[-70.34806,-12.976456],[-70.348041,-12.976678],[-70.347949,-12.976884],[-70.347344,-12.977564],[-70.347212,-12.977746],[-70.347125,-12.977955],[-70.34671,-12.978762],[-70.346555,-12.979187],[-70.3465,-12.979634],[-70.346501,-12.982573],[-70.346549,-12.984608],[-70.346499,-12.985057],[-70.346448,-12.985274],[-70.346346,-12.985477],[-70.34603,-12.985803],[-70.344797,-12.986819],[-70.343696,-12.987634],[-70.343404,-12.987977],[-70.343307,-12.988419],[-70.343205,-12.989318],[-70.343099,-12.989756],[-70.343016,-12.989966],[-70.342332,-12.991143],[-70.342252,-12.991351],[-70.342229,-12.991574],[-70.34255,-12.993124],[-70.34255,-12.993802],[-70.342233,-12.996268],[-70.342285,-12.996485],[-70.342611,-12.997083],[-70.342648,-12.997303],[-70.342605,-12.998659],[-70.342616,-12.998883],[-70.342683,-12.999099],[-70.343264,-13.000072],[-70.343324,-13.000288],[-70.343338,-13.000514],[-70.343298,-13.001191],[-70.343328,-13.001641],[-70.343639,-13.002728],[-70.343743,-13.002929],[-70.343888,-13.003101],[-70.344385,-13.00357],[-70.344526,-13.003745],[-70.344617,-13.00395],[-70.344637,-13.004175],[-70.344556,-13.005981],[-70.344908,-13.007292],[-70.345059,-13.008411],[-70.345426,-13.009481],[-70.345603,-13.009898],[-70.345725,-13.010087],[-70.346467,-13.010949],[-70.346712,-13.01133],[-70.348055,-13.015178],[-70.348158,-13.015378],[-70.348892,-13.016247],[-70.349002,-13.016444],[-70.349034,-13.016661],[-70.348994,-13.016882],[-70.348802,-13.017291],[-70.348783,-13.017508],[-70.34887,-13.017708],[-70.349275,-13.018257],[-70.349846,-13.019974],[-70.349888,-13.020195],[-70.349882,-13.020417],[-70.349786,-13.02062],[-70.348745,-13.021826],[-70.347949,-13.02264],[-70.347826,-13.022829],[-70.347734,-13.023034],[-70.347671,-13.023481],[-70.347605,-13.023697],[-70.347273,-13.024289],[-70.347224,-13.024509],[-70.347409,-13.027439],[-70.347492,-13.02765],[-70.348037,-13.028376],[-70.348107,-13.028591],[-70.34811,-13.028817],[-70.348024,-13.02949],[-70.348039,-13.030394],[-70.347996,-13.030615],[-70.347906,-13.030821],[-70.347758,-13.03099],[-70.346913,-13.031754],[-70.346626,-13.032104],[-70.346559,-13.032318],[-70.346548,-13.032543],[-70.346739,-13.034114],[-70.346714,-13.034565],[-70.346655,-13.034783],[-70.346564,-13.034986],[-70.346276,-13.035339],[-70.345961,-13.035667],[-70.345755,-13.036071],[-70.345618,-13.036251],[-70.345407,-13.03632],[-70.344491,-13.036274],[-70.344267,-13.036312],[-70.344065,-13.036411],[-70.343961,-13.0366],[-70.343981,-13.036822],[-70.344063,-13.037267],[-70.344284,-13.037909],[-70.344376,-13.038113],[-70.344799,-13.038646],[-70.344873,-13.038859],[-70.344877,-13.039082],[-70.344825,-13.039759],[-70.344727,-13.0402],[-70.344034,-13.042116],[-70.343973,-13.042334],[-70.343937,-13.042556],[-70.343972,-13.043005],[-70.34456,-13.044478],[-70.344884,-13.045562],[-70.344986,-13.045763],[-70.345122,-13.045944],[-70.346365,-13.047275],[-70.346919,-13.047677],[-70.349482,-13.049182],[-70.349656,-13.04933],[-70.349805,-13.049498],[-70.349903,-13.0497],[-70.349964,-13.049917],[-70.349986,-13.050368],[-70.349968,-13.051047],[-70.349775,-13.054433],[-70.349615,-13.060761],[-70.349616,-13.060987],[-70.349689,-13.061433],[-70.349873,-13.061845],[-70.349999,-13.062034],[-70.35334,-13.066906],[-70.355168,-13.06951],[-70.356302,-13.07121],[-70.357376,-13.072678],[-70.357504,-13.072865],[-70.357712,-13.073267],[-70.358773,-13.076494],[-70.361508,-13.084174],[-70.363045,-13.088675],[-70.364616,-13.093163],[-70.364857,-13.094036],[-70.365141,-13.094653],[-70.365952,-13.097008],[-70.366434,-13.098518],[-70.367697,-13.102154],[-70.3678,-13.102594],[-70.3678,-13.10282],[-70.36775,-13.10304],[-70.367641,-13.103236],[-70.367471,-13.103388],[-70.366339,-13.10416],[-70.366177,-13.104319],[-70.366052,-13.104508],[-70.365556,-13.105527],[-70.365106,-13.106566],[-70.365091,-13.106789],[-70.365144,-13.107008],[-70.365263,-13.107195],[-70.367488,-13.109154],[-70.367646,-13.109318],[-70.367776,-13.109503],[-70.36787,-13.109708],[-70.368196,-13.110792],[-70.368322,-13.110977],[-70.368479,-13.111137],[-70.368879,-13.11136],[-70.369943,-13.111785],[-70.370142,-13.111896],[-70.371809,-13.113448],[-70.371983,-13.113595],[-70.372178,-13.113711],[-70.372388,-13.113802],[-70.372836,-13.113901],[-70.373065,-13.113909],[-70.373518,-13.113841],[-70.377283,-13.112829],[-70.37907,-13.112409],[-70.379296,-13.112375],[-70.379524,-13.112369],[-70.379752,-13.112398],[-70.380177,-13.112567],[-70.380375,-13.112681],[-70.380546,-13.112831],[-70.380694,-13.113003],[-70.380823,-13.11319],[-70.380925,-13.113392],[-70.382601,-13.119033],[-70.382797,-13.119441],[-70.382926,-13.119626],[-70.383269,-13.119924],[-70.384333,-13.120349],[-70.387345,-13.121451],[-70.38755,-13.121554],[-70.387734,-13.121688],[-70.387898,-13.121846],[-70.388026,-13.122033],[-70.388105,-13.122245],[-70.388142,-13.122468],[-70.388132,-13.123371],[-70.388152,-13.123595],[-70.388445,-13.124688],[-70.38877,-13.125772],[-70.388881,-13.125964],[-70.389078,-13.126072],[-70.389534,-13.126121],[-70.389757,-13.126168],[-70.389953,-13.126281],[-70.390105,-13.126445],[-70.390193,-13.126654],[-70.390215,-13.126877],[-70.390163,-13.127096],[-70.389789,-13.128164],[-70.389796,-13.128383],[-70.39009,-13.128727],[-70.390191,-13.128928],[-70.390199,-13.129152],[-70.390071,-13.12934],[-70.389908,-13.129495],[-70.389271,-13.129751],[-70.389112,-13.129908],[-70.388453,-13.131351],[-70.388328,-13.13154],[-70.388063,-13.131909],[-70.387909,-13.132077],[-70.387368,-13.132495],[-70.387205,-13.132653],[-70.387082,-13.132842],[-70.386923,-13.133265],[-70.38674,-13.134378],[-70.38666,-13.134588],[-70.386317,-13.135177],[-70.386171,-13.135349],[-70.385963,-13.135435],[-70.385735,-13.135461],[-70.385515,-13.135515],[-70.385376,-13.135684],[-70.38536,-13.135909],[-70.385422,-13.136121],[-70.385622,-13.136224],[-70.386298,-13.136348],[-70.386487,-13.136467],[-70.386588,-13.136669],[-70.386731,-13.137096],[-70.387658,-13.138389],[-70.387773,-13.138584],[-70.387839,-13.138798],[-70.387798,-13.139018],[-70.387651,-13.139186],[-70.387439,-13.139259],[-70.386755,-13.13924],[-70.386564,-13.139351],[-70.3865,-13.139563],[-70.386538,-13.139784],[-70.386643,-13.139979],[-70.387521,-13.140706],[-70.387845,-13.141026],[-70.387975,-13.141212],[-70.388057,-13.141423],[-70.388163,-13.141862],[-70.388247,-13.142071],[-70.38838,-13.142254],[-70.388683,-13.142593],[-70.389175,-13.143066],[-70.389381,-13.143162],[-70.389605,-13.14321],[-70.39006,-13.143261],[-70.390482,-13.143438],[-70.390887,-13.143646],[-70.391112,-13.14369],[-70.391797,-13.143749],[-70.392004,-13.14384],[-70.392568,-13.144226],[-70.392964,-13.144454],[-70.394067,-13.144766],[-70.394263,-13.144879],[-70.39443,-13.145033],[-70.394559,-13.14522],[-70.395,-13.14574],[-70.395084,-13.145946],[-70.394973,-13.14707],[-70.394756,-13.147713],[-70.394576,-13.148128],[-70.39445,-13.148563],[-70.394469,-13.148787],[-70.394691,-13.149182],[-70.395318,-13.149842],[-70.3955,-13.149979],[-70.397216,-13.150621],[-70.397407,-13.150745],[-70.397545,-13.150921],[-70.398006,-13.152437],[-70.398119,-13.152634],[-70.398523,-13.153181],[-70.39858,-13.153398],[-70.39857,-13.153623],[-70.398493,-13.153833],[-70.398351,-13.154009],[-70.398171,-13.154149],[-70.397513,-13.15478],[-70.397327,-13.154911],[-70.394985,-13.156339],[-70.394814,-13.15649],[-70.394668,-13.156663],[-70.394266,-13.157214],[-70.393972,-13.157561],[-70.39364,-13.157873],[-70.393275,-13.158146],[-70.39168,-13.159042],[-70.389531,-13.160349],[-70.389322,-13.160437],[-70.389096,-13.160454],[-70.388867,-13.160444],[-70.388642,-13.160471],[-70.388455,-13.160598],[-70.388161,-13.161209],[-70.387993,-13.161363],[-70.385822,-13.162631],[-70.385635,-13.162764],[-70.385473,-13.162922],[-70.385355,-13.163114],[-70.385038,-13.163963],[-70.384903,-13.164395],[-70.384772,-13.165061],[-70.384654,-13.166185],[-70.384454,-13.167067],[-70.384464,-13.167518],[-70.38454,-13.168191],[-70.384501,-13.168413],[-70.384289,-13.169057],[-70.384305,-13.16928],[-70.384429,-13.169465],[-70.384606,-13.169609],[-70.384715,-13.169802],[-70.384712,-13.170026],[-70.384644,-13.170238],[-70.384496,-13.170406],[-70.384275,-13.17046],[-70.38382,-13.170522],[-70.383376,-13.170632],[-70.383172,-13.170734],[-70.38283,-13.171033],[-70.382318,-13.171783],[-70.382211,-13.171983],[-70.38207,-13.172411],[-70.382013,-13.17286],[-70.381896,-13.173297],[-70.381895,-13.173517],[-70.382069,-13.173649],[-70.382985,-13.173647],[-70.383211,-13.173613],[-70.383392,-13.173477],[-70.383613,-13.173081],[-70.383745,-13.172897],[-70.384274,-13.172464],[-70.384491,-13.172413],[-70.384662,-13.172548],[-70.384647,-13.172766],[-70.384299,-13.173059],[-70.384144,-13.173224],[-70.384067,-13.173436],[-70.384108,-13.173883],[-70.384333,-13.174992],[-70.38437,-13.175441],[-70.384322,-13.175891],[-70.383833,-13.1781],[-70.383648,-13.178513],[-70.383266,-13.179077],[-70.382645,-13.180287],[-70.382525,-13.180722],[-70.382491,-13.180946],[-70.382482,-13.181172],[-70.382515,-13.181849],[-70.382502,-13.182073],[-70.382404,-13.182276],[-70.382243,-13.182437],[-70.382109,-13.182614],[-70.382142,-13.182822],[-70.382352,-13.18291],[-70.382573,-13.182972],[-70.382732,-13.183128],[-70.383046,-13.184216],[-70.383189,-13.184879],[-70.383351,-13.185302],[-70.383474,-13.185484],[-70.383698,-13.185503],[-70.384157,-13.185482],[-70.384616,-13.18549],[-70.384843,-13.185523],[-70.38506,-13.185591],[-70.385233,-13.185736],[-70.385328,-13.185942],[-70.38545,-13.18613],[-70.385797,-13.186427],[-70.385992,-13.186543],[-70.386213,-13.186587],[-70.386438,-13.186556],[-70.386868,-13.186401],[-70.387091,-13.186435],[-70.3872,-13.186617],[-70.387088,-13.186809],[-70.386911,-13.186953],[-70.386762,-13.187121],[-70.386779,-13.187337],[-70.387561,-13.187805],[-70.38766,-13.187999],[-70.387627,-13.188676],[-70.387679,-13.188896],[-70.387772,-13.189102],[-70.387908,-13.189284],[-70.38826,-13.189573],[-70.388455,-13.189691],[-70.38867,-13.189765],[-70.389129,-13.18977],[-70.389815,-13.189731],[-70.390017,-13.189821],[-70.390082,-13.190023],[-70.389891,-13.190433],[-70.389895,-13.190651],[-70.39005,-13.190815],[-70.390229,-13.190957],[-70.390428,-13.191066],[-70.390878,-13.19115],[-70.391108,-13.19115],[-70.391334,-13.191181],[-70.391533,-13.191289],[-70.39188,-13.191585],[-70.392071,-13.191709],[-70.392292,-13.191764],[-70.392519,-13.191742],[-70.392722,-13.191643],[-70.392882,-13.191482],[-70.393164,-13.191126],[-70.39336,-13.191011],[-70.393791,-13.190864],[-70.393944,-13.190698],[-70.394057,-13.190502],[-70.394223,-13.190354],[-70.394449,-13.190339],[-70.394676,-13.190374],[-70.394903,-13.190372],[-70.395095,-13.190255],[-70.395262,-13.1901],[-70.395472,-13.190023],[-70.395912,-13.19014],[-70.396131,-13.190081],[-70.396636,-13.189628],[-70.396859,-13.189605],[-70.397031,-13.189745],[-70.397131,-13.189947],[-70.397258,-13.190133],[-70.397455,-13.190246],[-70.397883,-13.19041],[-70.398073,-13.190533],[-70.398166,-13.190736],[-70.398194,-13.191183],[-70.398442,-13.191563],[-70.398626,-13.19169],[-70.398852,-13.191696],[-70.399537,-13.191632],[-70.399724,-13.191748],[-70.399717,-13.191959],[-70.399531,-13.192087],[-70.399323,-13.192183],[-70.399138,-13.192312],[-70.399034,-13.19251],[-70.3988,-13.193384],[-70.398786,-13.193609],[-70.398826,-13.193829],[-70.398939,-13.194024],[-70.39911,-13.194172],[-70.399318,-13.194266],[-70.399774,-13.19429],[-70.40069,-13.19423],[-70.401143,-13.194159],[-70.401362,-13.194089],[-70.403818,-13.192861],[-70.404239,-13.192682],[-70.404695,-13.192657],[-70.405602,-13.192798],[-70.40583,-13.192815],[-70.406287,-13.192781],[-70.409145,-13.191937],[-70.409982,-13.191565],[-70.410201,-13.191505],[-70.410889,-13.191519],[-70.411117,-13.191496],[-70.411337,-13.191434],[-70.411957,-13.191138],[-70.412145,-13.191012],[-70.412279,-13.19083],[-70.412434,-13.190668],[-70.412659,-13.190669],[-70.413093,-13.190814],[-70.41332,-13.190839],[-70.413543,-13.190788],[-70.41374,-13.190673],[-70.41391,-13.190522],[-70.41553,-13.18892],[-70.415608,-13.188709],[-70.41561,-13.188257],[-70.415682,-13.188048],[-70.415851,-13.187896],[-70.417001,-13.187149],[-70.417432,-13.186999],[-70.419015,-13.186722],[-70.419893,-13.186461],[-70.421012,-13.186212],[-70.421231,-13.186141],[-70.422922,-13.185437],[-70.42314,-13.185366],[-70.423366,-13.185324],[-70.423595,-13.185321],[-70.42451,-13.185381],[-70.424738,-13.185358],[-70.424958,-13.185294],[-70.425368,-13.185093],[-70.426712,-13.184226],[-70.427111,-13.184003],[-70.427745,-13.183739],[-70.428188,-13.183623],[-70.428864,-13.183489],[-70.429545,-13.183393],[-70.429773,-13.183409],[-70.429969,-13.183523],[-70.430368,-13.184076],[-70.430674,-13.184411],[-70.431975,-13.185338],[-70.432072,-13.185538],[-70.432115,-13.185987],[-70.432259,-13.186152],[-70.43248,-13.186183],[-70.432709,-13.186166],[-70.432935,-13.186181],[-70.433132,-13.186293],[-70.433255,-13.186483],[-70.433668,-13.187777],[-70.433758,-13.187984],[-70.43388,-13.188174],[-70.434047,-13.188328],[-70.434254,-13.188427],[-70.434477,-13.188476],[-70.43631,-13.188589],[-70.436768,-13.188568],[-70.436989,-13.18851],[-70.437196,-13.188414],[-70.437382,-13.188282],[-70.437685,-13.187943],[-70.438223,-13.18721],[-70.438289,-13.186996],[-70.438219,-13.186785],[-70.437983,-13.1864],[-70.437972,-13.186179],[-70.438108,-13.186003],[-70.438321,-13.185929],[-70.438778,-13.185902],[-70.438951,-13.185759],[-70.439165,-13.18536],[-70.439319,-13.185192],[-70.439498,-13.185052],[-70.440432,-13.184394],[-70.441431,-13.183838],[-70.441646,-13.183762],[-70.441871,-13.183716],[-70.442555,-13.183644],[-70.44368,-13.183425],[-70.444369,-13.18343],[-70.448725,-13.183642],[-70.448938,-13.183567],[-70.449057,-13.183377],[-70.449187,-13.182943],[-70.449334,-13.182788],[-70.449545,-13.182847],[-70.449676,-13.183032],[-70.449895,-13.183427],[-70.450084,-13.183543],[-70.450309,-13.183582],[-70.450768,-13.183599],[-70.451225,-13.183647],[-70.452342,-13.183901],[-70.452799,-13.183906],[-70.453022,-13.183853],[-70.453234,-13.183768],[-70.455272,-13.182728],[-70.455667,-13.182498],[-70.456804,-13.181731],[-70.457163,-13.18145],[-70.457478,-13.181123],[-70.457738,-13.180751],[-70.458328,-13.179782],[-70.458618,-13.179432],[-70.458783,-13.179275],[-70.459151,-13.179004],[-70.45956,-13.1788],[-70.46041,-13.178458],[-70.460853,-13.17834],[-70.463098,-13.177868],[-70.463327,-13.17785],[-70.463536,-13.177931],[-70.46399,-13.17844],[-70.464156,-13.178595],[-70.464347,-13.178719],[-70.465177,-13.179105],[-70.465377,-13.179216],[-70.46556,-13.179351],[-70.465685,-13.179539],[-70.465899,-13.180182],[-70.465999,-13.180384],[-70.466154,-13.180548],[-70.466678,-13.180988],[-70.467074,-13.181213],[-70.46729,-13.181289],[-70.467512,-13.181342],[-70.467741,-13.181359],[-70.46797,-13.181347],[-70.468881,-13.181234],[-70.470238,-13.181],[-70.471382,-13.18091],[-70.471611,-13.180929],[-70.471835,-13.180979],[-70.47205,-13.181056],[-70.472259,-13.181151],[-70.472855,-13.181486],[-70.473078,-13.18153],[-70.473303,-13.181493],[-70.473961,-13.18129],[-70.474171,-13.181203],[-70.474341,-13.181053],[-70.474611,-13.180688],[-70.474944,-13.180379],[-70.47681,-13.179509],[-70.477626,-13.179093],[-70.478048,-13.178918],[-70.478267,-13.17885],[-70.479175,-13.17872],[-70.479634,-13.178696],[-70.480319,-13.178748],[-70.481451,-13.178935],[-70.482367,-13.178876],[-70.483743,-13.178826],[-70.484195,-13.178751],[-70.485305,-13.178462],[-70.48552,-13.178384],[-70.486512,-13.177817],[-70.486726,-13.177738],[-70.486949,-13.177686],[-70.487178,-13.17767],[-70.488096,-13.177689],[-70.489014,-13.177662],[-70.489698,-13.177584],[-70.491277,-13.177296],[-70.491482,-13.177195],[-70.491658,-13.177052],[-70.491925,-13.176685],[-70.492082,-13.176522],[-70.492879,-13.176073],[-70.493088,-13.175981],[-70.494168,-13.175598],[-70.494615,-13.175493],[-70.495298,-13.175412],[-70.495756,-13.175441],[-70.496204,-13.175536],[-70.496643,-13.175672],[-70.496852,-13.175764],[-70.49725,-13.175988],[-70.497406,-13.176153],[-70.497505,-13.176355],[-70.49758,-13.176801],[-70.497666,-13.17701],[-70.497802,-13.177192],[-70.49829,-13.177671],[-70.498437,-13.177844],[-70.498668,-13.178234],[-70.499042,-13.17906],[-70.499078,-13.179282],[-70.499077,-13.179506],[-70.498656,-13.182872],[-70.49864,-13.183098],[-70.498652,-13.183322],[-70.498825,-13.18374],[-70.49904,-13.184139],[-70.499222,-13.184271],[-70.499446,-13.184283],[-70.499668,-13.184227],[-70.499881,-13.184143],[-70.500106,-13.184149],[-70.500284,-13.18428],[-70.500336,-13.184496],[-70.500074,-13.185122],[-70.500004,-13.185336],[-70.499973,-13.185559],[-70.500044,-13.186005],[-70.50011,-13.186221],[-70.500453,-13.18706],[-70.50056,-13.187259],[-70.500709,-13.187429],[-70.500883,-13.187577],[-70.502184,-13.188505],[-70.502388,-13.188607],[-70.503044,-13.188813],[-70.503472,-13.188976],[-70.504052,-13.189341],[-70.504266,-13.189418],[-70.50449,-13.189465],[-70.505176,-13.18953],[-70.505405,-13.189527],[-70.505625,-13.189464],[-70.505823,-13.189351],[-70.507232,-13.188192],[-70.508763,-13.187193],[-70.509176,-13.186999],[-70.50963,-13.18693],[-70.510089,-13.186937],[-70.511692,-13.18704],[-70.512152,-13.18704],[-70.513066,-13.186961],[-70.515132,-13.18697],[-70.516957,-13.187169],[-70.51785,-13.187378],[-70.518495,-13.187617],[-70.519314,-13.188024],[-70.519698,-13.188272],[-70.520069,-13.188537],[-70.52143,-13.189752],[-70.521611,-13.189891],[-70.522021,-13.190089],[-70.522248,-13.190121],[-70.522474,-13.190108],[-70.522696,-13.19005],[-70.523105,-13.189848],[-70.523293,-13.189719],[-70.523457,-13.189562],[-70.523997,-13.188831],[-70.524179,-13.188699],[-70.524392,-13.188745],[-70.52448,-13.188939],[-70.524433,-13.189155],[-70.524132,-13.189765],[-70.524076,-13.18998],[-70.524164,-13.190174],[-70.524383,-13.190213],[-70.525034,-13.189999],[-70.525262,-13.190004],[-70.525459,-13.190116],[-70.525588,-13.190296],[-70.525635,-13.190512],[-70.525562,-13.190725],[-70.525408,-13.190892],[-70.525063,-13.191188],[-70.524941,-13.191377],[-70.52469,-13.192246],[-70.524756,-13.192457],[-70.524953,-13.192561],[-70.525178,-13.19261],[-70.525391,-13.192684],[-70.525473,-13.192882],[-70.525369,-13.193078],[-70.525221,-13.193251],[-70.52516,-13.19346],[-70.525273,-13.193654],[-70.525572,-13.193997],[-70.525674,-13.194197],[-70.525779,-13.194637],[-70.525868,-13.194843],[-70.52602,-13.195011],[-70.528007,-13.196545],[-70.52822,-13.196624],[-70.5289,-13.196724],[-70.529086,-13.196852],[-70.52916,-13.197059],[-70.52902,-13.197487],[-70.529069,-13.197702],[-70.529257,-13.19782],[-70.529483,-13.197854],[-70.529692,-13.197932],[-70.529772,-13.19813],[-70.529669,-13.198326],[-70.52921,-13.198832],[-70.52914,-13.199045],[-70.529108,-13.199268],[-70.529078,-13.200624],[-70.529107,-13.200847],[-70.529222,-13.20104],[-70.529413,-13.201164],[-70.529636,-13.201198],[-70.529854,-13.20114],[-70.530023,-13.20099],[-70.530276,-13.200363],[-70.530442,-13.200209],[-70.53082,-13.199957],[-70.531043,-13.199952],[-70.53115,-13.200136],[-70.531079,-13.200348],[-70.530884,-13.200755],[-70.530913,-13.200976],[-70.531066,-13.201137],[-70.531285,-13.20118],[-70.531972,-13.201137],[-70.532189,-13.201182],[-70.532262,-13.201381],[-70.532125,-13.201548],[-70.531736,-13.201786],[-70.531643,-13.201989],[-70.531744,-13.202183],[-70.531947,-13.202285],[-70.532373,-13.20245],[-70.532856,-13.20293],[-70.534174,-13.203835],[-70.535449,-13.204797],[-70.535661,-13.20487],[-70.535889,-13.204863],[-70.536318,-13.204703],[-70.536736,-13.204516],[-70.536912,-13.204371],[-70.537357,-13.203855],[-70.537537,-13.203717],[-70.537951,-13.203524],[-70.538172,-13.203466],[-70.538401,-13.203453],[-70.538629,-13.203468],[-70.539077,-13.203566],[-70.543062,-13.204644],[-70.543492,-13.204802],[-70.543893,-13.205021],[-70.544109,-13.205096],[-70.544334,-13.205136],[-70.546164,-13.204981],[-70.548219,-13.204768],[-70.548662,-13.204654],[-70.548877,-13.204576],[-70.549284,-13.204368],[-70.549638,-13.204082],[-70.549936,-13.203738],[-70.550065,-13.203552],[-70.551812,-13.20063],[-70.551917,-13.200429],[-70.552103,-13.199779],[-70.552259,-13.199617],[-70.552456,-13.199501],[-70.553711,-13.198944],[-70.554097,-13.1987],[-70.554254,-13.198535],[-70.555483,-13.1969],[-70.555606,-13.196711],[-70.555686,-13.1965],[-70.5557,-13.196275],[-70.555663,-13.196052],[-70.555574,-13.195847],[-70.555078,-13.195086],[-70.554938,-13.194907],[-70.554768,-13.194757],[-70.554179,-13.194407],[-70.554005,-13.194261],[-70.55388,-13.194077],[-70.553921,-13.193863],[-70.554258,-13.193558],[-70.554387,-13.193373],[-70.554434,-13.193154],[-70.55444,-13.192702],[-70.5543,-13.191808],[-70.554365,-13.191599],[-70.554572,-13.191525],[-70.555011,-13.191653],[-70.555231,-13.191626],[-70.555409,-13.191492],[-70.555837,-13.190693],[-70.555967,-13.190509],[-70.556155,-13.190382],[-70.55636,-13.19028],[-70.556543,-13.190147],[-70.556822,-13.189788],[-70.557018,-13.189676],[-70.558383,-13.189495],[-70.558612,-13.189481],[-70.559759,-13.189495],[-70.559987,-13.189471],[-70.560419,-13.189318],[-70.560644,-13.189278],[-70.561102,-13.189261],[-70.561324,-13.189206],[-70.561538,-13.189124],[-70.561939,-13.188907],[-70.562112,-13.188758],[-70.563358,-13.18743],[-70.563525,-13.187276],[-70.563713,-13.187146],[-70.563923,-13.187057],[-70.564143,-13.186997],[-70.564372,-13.186997],[-70.564594,-13.187043],[-70.565236,-13.187286],[-70.565413,-13.187427],[-70.565529,-13.187618],[-70.565678,-13.188279],[-70.565764,-13.188489],[-70.565881,-13.188681],[-70.566021,-13.188861],[-70.566192,-13.189011],[-70.566398,-13.18911],[-70.566625,-13.189105],[-70.567041,-13.188914],[-70.567239,-13.1888],[-70.568029,-13.18834],[-70.568201,-13.188192],[-70.56826,-13.187981],[-70.568132,-13.18755],[-70.568174,-13.187333],[-70.568343,-13.187189],[-70.569489,-13.187141],[-70.570399,-13.187017],[-70.571316,-13.187025],[-70.57407,-13.18695],[-70.574297,-13.186916],[-70.574963,-13.186747],[-70.575191,-13.18673],[-70.576795,-13.186802],[-70.577691,-13.186604],[-70.578149,-13.186582],[-70.578605,-13.186526],[-70.580157,-13.186115],[-70.580578,-13.18594],[-70.580974,-13.185712],[-70.581404,-13.185555],[-70.582298,-13.18535],[-70.582526,-13.185319],[-70.58339,-13.185017],[-70.584061,-13.184865],[-70.584514,-13.184792],[-70.584742,-13.184777],[-70.585429,-13.18482],[-70.585887,-13.184804],[-70.587222,-13.184472],[-70.589709,-13.184036],[-70.590153,-13.183926],[-70.590588,-13.183781],[-70.592306,-13.183139],[-70.592756,-13.183053],[-70.59413,-13.18296],[-70.594589,-13.18295],[-70.595267,-13.183055],[-70.595495,-13.183046],[-70.595929,-13.182901],[-70.596152,-13.18285],[-70.5973,-13.182831],[-70.597529,-13.182844],[-70.597982,-13.182916],[-70.599316,-13.183256],[-70.599545,-13.183267],[-70.599996,-13.183198],[-70.600217,-13.183135],[-70.60042,-13.183033],[-70.600601,-13.182896],[-70.601768,-13.181808],[-70.602138,-13.181542],[-70.602533,-13.181311],[-70.602716,-13.181174],[-70.603038,-13.180852],[-70.603214,-13.180713],[-70.60343,-13.180748],[-70.603569,-13.180924],[-70.603745,-13.181342],[-70.603854,-13.18154],[-70.604004,-13.18171],[-70.604339,-13.18202],[-70.6048,-13.182524],[-70.604967,-13.182678],[-70.605154,-13.182807],[-70.605589,-13.18295],[-70.60579,-13.183059],[-70.605974,-13.183192],[-70.607464,-13.184601],[-70.607866,-13.184815],[-70.608723,-13.185139],[-70.609826,-13.185453],[-70.610039,-13.185537],[-70.610228,-13.18566],[-70.610367,-13.18584],[-70.610442,-13.186053],[-70.610488,-13.186273],[-70.610471,-13.186498],[-70.610381,-13.186704],[-70.610205,-13.186843],[-70.609994,-13.18693],[-70.609332,-13.187116],[-70.608909,-13.187289],[-70.608723,-13.187421],[-70.608558,-13.187577],[-70.608398,-13.18774],[-70.608275,-13.18793],[-70.608174,-13.188132],[-70.608038,-13.188563],[-70.608052,-13.189013],[-70.608161,-13.189451],[-70.608392,-13.189841],[-70.609352,-13.19111],[-70.609468,-13.191305],[-70.60951,-13.191526],[-70.609471,-13.191975],[-70.609494,-13.192198],[-70.609616,-13.192386],[-70.609947,-13.192697],[-70.610063,-13.192891],[-70.610121,-13.193109],[-70.610151,-13.193333],[-70.610147,-13.193558],[-70.61007,-13.194002],[-70.610145,-13.194211],[-70.610676,-13.194638],[-70.611098,-13.195174],[-70.611254,-13.195338],[-70.611639,-13.195583],[-70.614029,-13.196387],[-70.614252,-13.196437],[-70.61448,-13.196456],[-70.614937,-13.196415],[-70.615155,-13.19635],[-70.61725,-13.195425],[-70.617448,-13.195311],[-70.617625,-13.195169],[-70.617788,-13.19501],[-70.617922,-13.194827],[-70.618031,-13.194628],[-70.618172,-13.194198],[-70.61997,-13.186718],[-70.620034,-13.186271],[-70.620125,-13.186063],[-70.620268,-13.185887],[-70.620741,-13.185395],[-70.620928,-13.185271],[-70.621154,-13.18525],[-70.622248,-13.185583],[-70.622473,-13.185618],[-70.6227,-13.18558],[-70.622889,-13.185455],[-70.623051,-13.185296],[-70.623483,-13.184768],[-70.623644,-13.184606],[-70.624013,-13.184339],[-70.624209,-13.184224],[-70.62464,-13.184072],[-70.625096,-13.184024],[-70.625551,-13.184077],[-70.625769,-13.184148],[-70.627678,-13.184923],[-70.627902,-13.184971],[-70.628131,-13.184977],[-70.628359,-13.184953],[-70.628578,-13.184885],[-70.628784,-13.184789],[-70.630342,-13.183832],[-70.630944,-13.183501],[-70.631372,-13.183343],[-70.6316,-13.183323],[-70.631828,-13.18334],[-70.632051,-13.183395],[-70.632262,-13.183479],[-70.632454,-13.183603],[-70.632626,-13.183751],[-70.632863,-13.184137],[-70.632931,-13.184352],[-70.632959,-13.184576],[-70.632936,-13.186158],[-70.632961,-13.186383],[-70.633018,-13.186601],[-70.633128,-13.186798],[-70.633289,-13.186959],[-70.633471,-13.187095],[-70.634063,-13.187441],[-70.634212,-13.187611],[-70.634523,-13.188216],[-70.634655,-13.188397],[-70.634846,-13.188519],[-70.635065,-13.188584],[-70.635293,-13.188569],[-70.635515,-13.188514],[-70.637458,-13.187823],[-70.637905,-13.187721],[-70.638363,-13.187707],[-70.638591,-13.187732],[-70.63903,-13.18786],[-70.639424,-13.188089],[-70.639602,-13.188232],[-70.639758,-13.188397],[-70.640445,-13.189302],[-70.640609,-13.189724],[-70.640721,-13.189919],[-70.640873,-13.190087],[-70.64154,-13.190708],[-70.642139,-13.191392],[-70.642525,-13.191633],[-70.642742,-13.191706],[-70.642968,-13.191748],[-70.643196,-13.191759],[-70.648706,-13.191711],[-70.649392,-13.191768],[-70.652351,-13.192156],[-70.653037,-13.192205],[-70.653254,-13.192263],[-70.653431,-13.192405],[-70.653723,-13.192753],[-70.653888,-13.19291],[-70.655327,-13.194033],[-70.657378,-13.195485],[-70.657788,-13.195689],[-70.658236,-13.195781],[-70.658695,-13.195785],[-70.659381,-13.195733],[-70.659836,-13.195669],[-70.660715,-13.195409],[-70.660938,-13.195361],[-70.661155,-13.195399],[-70.66128,-13.195581],[-70.661306,-13.195805],[-70.661362,-13.196022],[-70.661504,-13.196199],[-70.662398,-13.196908],[-70.662779,-13.19716],[-70.662982,-13.197265],[-70.663847,-13.197568],[-70.66516,-13.197979],[-70.666219,-13.198414],[-70.666439,-13.198473],[-70.666895,-13.198457],[-70.667123,-13.198471],[-70.667305,-13.198601],[-70.667469,-13.19876],[-70.667662,-13.198876],[-70.667889,-13.1989],[-70.669032,-13.1988],[-70.669258,-13.198837],[-70.669687,-13.198994],[-70.671976,-13.200045],[-70.672196,-13.200108],[-70.673326,-13.200306],[-70.673547,-13.200367],[-70.673759,-13.200453],[-70.674161,-13.200671],[-70.674739,-13.20104],[-70.675203,-13.201539],[-70.675387,-13.201672],[-70.67705,-13.20244],[-70.677478,-13.202599],[-70.677703,-13.202646],[-70.677931,-13.202655],[-70.678159,-13.202632],[-70.681103,-13.202146],[-70.681326,-13.202095],[-70.683073,-13.201535],[-70.683297,-13.201492],[-70.683522,-13.201524],[-70.684148,-13.201804],[-70.684374,-13.201822],[-70.684593,-13.201759],[-70.685233,-13.201511],[-70.685685,-13.201433],[-70.686601,-13.201374],[-70.687056,-13.201314],[-70.687724,-13.201149],[-70.689044,-13.200762],[-70.689692,-13.200533],[-70.689916,-13.200487],[-70.690145,-13.200496],[-70.690362,-13.200566],[-70.690704,-13.200862],[-70.691185,-13.201633],[-70.691329,-13.201808],[-70.691489,-13.201968],[-70.692416,-13.202635],[-70.69259,-13.202783],[-70.692736,-13.202957],[-70.692978,-13.203341],[-70.693124,-13.203514],[-70.693313,-13.203638],[-70.693947,-13.203903],[-70.694145,-13.204015],[-70.694315,-13.204167],[-70.694613,-13.20451],[-70.694791,-13.204651],[-70.695006,-13.204728],[-70.695905,-13.204909],[-70.696116,-13.204996],[-70.696649,-13.205424],[-70.69705,-13.205638],[-70.697496,-13.205742],[-70.698406,-13.205867],[-70.698855,-13.20596],[-70.699494,-13.206209],[-70.700246,-13.206723],[-70.70047,-13.206767],[-70.700927,-13.206723],[-70.701383,-13.206741],[-70.701599,-13.206819],[-70.701802,-13.206924],[-70.702347,-13.207337],[-70.702559,-13.207422],[-70.703007,-13.207515],[-70.703235,-13.207537],[-70.703921,-13.207485],[-70.704137,-13.207552],[-70.704289,-13.207717],[-70.704548,-13.20809],[-70.705184,-13.20874],[-70.705372,-13.20887],[-70.705575,-13.208974],[-70.707333,-13.209499],[-70.707738,-13.209709],[-70.708692,-13.210338],[-70.708896,-13.210439],[-70.709121,-13.210479],[-70.709343,-13.210425],[-70.70954,-13.21031],[-70.709883,-13.210012],[-70.710087,-13.209918],[-70.710308,-13.209954],[-70.710451,-13.210125],[-70.710576,-13.210789],[-70.710703,-13.210971],[-70.7109,-13.211079],[-70.711344,-13.21119],[-70.711572,-13.211205],[-70.71179,-13.211141],[-70.712142,-13.210853],[-70.712352,-13.21079],[-70.712549,-13.210892],[-70.712829,-13.211249],[-70.713013,-13.211385],[-70.713227,-13.211465],[-70.715032,-13.21179],[-70.715234,-13.211897],[-70.715566,-13.212208],[-70.715757,-13.212329],[-70.715978,-13.212379],[-70.716665,-13.21233],[-70.716886,-13.212384],[-70.717069,-13.212517],[-70.717501,-13.213043],[-70.717702,-13.213139],[-70.717925,-13.213097],[-70.718322,-13.212873],[-70.718543,-13.212811],[-70.719001,-13.212822],[-70.719226,-13.212862],[-70.719416,-13.21298],[-70.719512,-13.213182],[-70.719734,-13.214292],[-70.719844,-13.21473],[-70.719976,-13.214914],[-70.720294,-13.215239],[-70.720564,-13.215605],[-70.720743,-13.215738],[-70.720963,-13.215782],[-70.721166,-13.215684],[-70.72133,-13.215526],[-70.721513,-13.215394],[-70.721735,-13.215395],[-70.721909,-13.215534],[-70.722193,-13.215889],[-70.722514,-13.21621],[-70.722701,-13.21634],[-70.723316,-13.216646],[-70.7237,-13.216894],[-70.724977,-13.217854],[-70.725802,-13.218639],[-70.725987,-13.218773],[-70.726193,-13.21887],[-70.726419,-13.218901],[-70.726641,-13.218848],[-70.727886,-13.218271],[-70.728109,-13.21822],[-70.728337,-13.2182],[-70.729014,-13.218323],[-70.72947,-13.218373],[-70.7297,-13.218377],[-70.731995,-13.218338],[-70.735437,-13.218234],[-70.735663,-13.218269],[-70.735883,-13.218335],[-70.736288,-13.218546],[-70.738603,-13.220017],[-70.740636,-13.221067],[-70.740829,-13.221189],[-70.740987,-13.22135],[-70.741111,-13.221539],[-70.741945,-13.223645],[-70.742212,-13.224271],[-70.742323,-13.224468],[-70.742483,-13.224629],[-70.742665,-13.224765],[-70.747668,-13.227537],[-70.749658,-13.228664],[-70.758109,-13.233238],[-70.758726,-13.233539],[-70.759323,-13.233875],[-70.770014,-13.2396],[-70.770198,-13.239734],[-70.770516,-13.240059],[-70.771806,-13.241928],[-70.772118,-13.242259],[-70.772299,-13.242398],[-70.772497,-13.242512],[-70.772708,-13.242601],[-70.773153,-13.242709],[-70.776309,-13.24331],[-70.77653,-13.24337],[-70.776738,-13.243464],[-70.776926,-13.243594],[-70.77709,-13.243751],[-70.777224,-13.243934],[-70.777879,-13.245128],[-70.778017,-13.245308],[-70.778628,-13.245983],[-70.778757,-13.246169],[-70.778966,-13.246571],[-70.779043,-13.246784],[-70.77918,-13.247216],[-70.779291,-13.247654],[-70.779303,-13.248104],[-70.779268,-13.248327],[-70.778308,-13.25111],[-70.778292,-13.251335],[-70.778354,-13.252008],[-70.778294,-13.252225],[-70.778086,-13.252627],[-70.778028,-13.252845],[-70.778003,-13.25307],[-70.778,-13.253748],[-70.778013,-13.253974],[-70.778061,-13.254194],[-70.778142,-13.254405],[-70.779231,-13.256649],[-70.779806,-13.257627],[-70.779892,-13.257835],[-70.779852,-13.258053],[-70.779273,-13.258753],[-70.779181,-13.258959],[-70.778915,-13.260748],[-70.778924,-13.261199],[-70.779365,-13.263418],[-70.779409,-13.263868],[-70.779404,-13.267485],[-70.779474,-13.267699],[-70.779576,-13.267901],[-70.780048,-13.268676],[-70.780137,-13.268883],[-70.780187,-13.269104],[-70.780233,-13.270005],[-70.780418,-13.270891],[-70.780601,-13.271304],[-70.781149,-13.272298],[-70.781304,-13.272722],[-70.782532,-13.278705],[-70.782675,-13.279135],[-70.782767,-13.279342],[-70.782973,-13.279745],[-70.783218,-13.280128],[-70.788811,-13.287301],[-70.791066,-13.290156],[-70.791175,-13.290354],[-70.791245,-13.290569],[-70.79127,-13.290793],[-70.790907,-13.292795],[-70.790905,-13.29302],[-70.790938,-13.293243],[-70.791022,-13.293453],[-70.791138,-13.293647],[-70.791858,-13.294527],[-70.792391,-13.295264],[-70.792559,-13.295414],[-70.792771,-13.295498],[-70.793657,-13.295734],[-70.793854,-13.295847],[-70.794035,-13.295985],[-70.804071,-13.305925],[-70.804191,-13.306117],[-70.804445,-13.306746],[-70.804554,-13.306945],[-70.805303,-13.3078],[-70.805466,-13.307958],[-70.805675,-13.308046],[-70.806589,-13.308119],[-70.806811,-13.308173],[-70.810393,-13.310203],[-70.810778,-13.310449],[-70.810948,-13.3106],[-70.811103,-13.310767],[-70.81179,-13.311672],[-70.811948,-13.311835],[-70.812163,-13.311905],[-70.812374,-13.311838],[-70.813149,-13.311355],[-70.81337,-13.311298],[-70.813597,-13.31129],[-70.814048,-13.311372],[-70.81986,-13.312714],[-70.820076,-13.31279],[-70.820266,-13.312916],[-70.820397,-13.313098],[-70.820469,-13.313312],[-70.820454,-13.313763],[-70.820468,-13.313988],[-70.820566,-13.314186],[-70.820766,-13.314291],[-70.821222,-13.314318],[-70.824435,-13.314231],[-70.826266,-13.314371],[-70.826719,-13.314442],[-70.826939,-13.314505],[-70.827153,-13.314587],[-70.827354,-13.314696],[-70.828519,-13.315419],[-70.828726,-13.315517],[-70.829159,-13.315666],[-70.83004,-13.315922],[-70.830252,-13.316008],[-70.830446,-13.316127],[-70.830599,-13.316296],[-70.830719,-13.316488],[-70.831163,-13.31753],[-70.831264,-13.317733],[-70.8314,-13.317912],[-70.831613,-13.317977],[-70.831821,-13.317899],[-70.832202,-13.317337],[-70.832369,-13.317184],[-70.832581,-13.3171],[-70.832802,-13.317042],[-70.833028,-13.317076],[-70.833237,-13.317165],[-70.835626,-13.318517],[-70.838392,-13.319621],[-70.838793,-13.31984],[-70.838982,-13.319967],[-70.83916,-13.32011],[-70.839311,-13.32028],[-70.839723,-13.320824],[-70.839879,-13.320988],[-70.840242,-13.321264],[-70.840408,-13.32142],[-70.840536,-13.321606],[-70.840726,-13.322017],[-70.841078,-13.3226],[-70.841357,-13.322958],[-70.841675,-13.323284],[-70.841812,-13.323465],[-70.84203,-13.323861],[-70.8421,-13.324076],[-70.842082,-13.324753],[-70.842129,-13.324973],[-70.84268,-13.326217],[-70.842909,-13.326608],[-70.843044,-13.326791],[-70.843496,-13.327302],[-70.843664,-13.327456],[-70.844644,-13.328044],[-70.845674,-13.328541],[-70.84586,-13.328673],[-70.846021,-13.328833],[-70.846148,-13.32902],[-70.846304,-13.329443],[-70.846396,-13.329885],[-70.84649,-13.33237],[-70.846481,-13.333048],[-70.846287,-13.334391],[-70.846265,-13.334616],[-70.846274,-13.334841],[-70.846423,-13.335732],[-70.846583,-13.33589],[-70.846796,-13.335968],[-70.848387,-13.33619],[-70.848616,-13.336206],[-70.850449,-13.3361],[-70.850677,-13.3361],[-70.851132,-13.336155],[-70.851562,-13.336313],[-70.853006,-13.337008],[-70.853198,-13.337132],[-70.853373,-13.337277],[-70.854317,-13.338265],[-70.854669,-13.338554],[-70.855614,-13.339195],[-70.85695,-13.340436],[-70.857224,-13.340797],[-70.85731,-13.341006],[-70.857504,-13.341656],[-70.857596,-13.341863],[-70.857722,-13.34205],[-70.857904,-13.342186],[-70.858113,-13.34228],[-70.859809,-13.342973],[-70.860197,-13.343213],[-70.861949,-13.344674],[-70.863313,-13.34551],[-70.863475,-13.345668],[-70.863742,-13.346036],[-70.863916,-13.34618],[-70.864119,-13.346282],[-70.865445,-13.34665],[-70.866507,-13.347077],[-70.866945,-13.347209],[-70.867859,-13.347274],[-70.868542,-13.347184],[-70.868771,-13.34718],[-70.869456,-13.347251],[-70.870144,-13.347279],[-70.870594,-13.347364],[-70.871249,-13.347574],[-70.871667,-13.347759],[-70.872069,-13.347979],[-70.872826,-13.34849],[-70.873345,-13.348935],[-70.873537,-13.349058],[-70.873959,-13.349235],[-70.875058,-13.349559],[-70.875253,-13.349677],[-70.875569,-13.350005],[-70.875746,-13.350146],[-70.875951,-13.350244],[-70.877093,-13.35035],[-70.87801,-13.350306],[-70.878239,-13.350316],[-70.878458,-13.350376],[-70.878662,-13.350477],[-70.879405,-13.351008],[-70.880131,-13.351563],[-70.88095,-13.351971],[-70.881338,-13.352209],[-70.882374,-13.353103],[-70.883619,-13.354103],[-70.883807,-13.354232],[-70.88402,-13.354311],[-70.88787,-13.35494],[-70.888093,-13.354994],[-70.888314,-13.355055],[-70.888741,-13.355219],[-70.890386,-13.356023],[-70.890763,-13.356281],[-70.891118,-13.356568],[-70.891735,-13.357236],[-70.892297,-13.357627],[-70.892467,-13.357779],[-70.89261,-13.357956],[-70.89313,-13.358701],[-70.893317,-13.359114],[-70.893437,-13.359549],[-70.893506,-13.359996],[-70.893787,-13.360614],[-70.894046,-13.360987],[-70.894349,-13.361327],[-70.89469,-13.36163],[-70.895401,-13.362201],[-70.895724,-13.362523],[-70.895867,-13.3627],[-70.8961,-13.363088],[-70.896483,-13.36391],[-70.896652,-13.36433],[-70.897665,-13.366608],[-70.897887,-13.367004],[-70.898178,-13.367353],[-70.899127,-13.368336],[-70.899263,-13.368518],[-70.899335,-13.368732],[-70.899374,-13.368955],[-70.89958,-13.371887],[-70.899856,-13.373215],[-70.899972,-13.374793],[-70.899976,-13.375018],[-70.899946,-13.375241],[-70.899863,-13.37545],[-70.899656,-13.375854],[-70.899525,-13.376287],[-70.899516,-13.376511],[-70.899565,-13.37673],[-70.900207,-13.37793],[-70.900296,-13.378138],[-70.900452,-13.378798],[-70.900555,-13.378999],[-70.901041,-13.379766],[-70.9011,-13.379983],[-70.901084,-13.380208],[-70.901009,-13.380654],[-70.901024,-13.380878],[-70.901089,-13.381092],[-70.901683,-13.382316],[-70.90183,-13.382743],[-70.902119,-13.384069],[-70.902139,-13.38452],[-70.902118,-13.385876],[-70.902154,-13.386099],[-70.902404,-13.386969],[-70.902718,-13.388521],[-70.90277,-13.38897],[-70.902778,-13.389648],[-70.902721,-13.390095],[-70.902638,-13.390306],[-70.902532,-13.390505],[-70.902161,-13.391077],[-70.902022,-13.391256],[-70.901862,-13.391417],[-70.900748,-13.392214],[-70.900344,-13.392762],[-70.899914,-13.393561],[-70.899846,-13.393776],[-70.899751,-13.394447],[-70.899525,-13.395086],[-70.899526,-13.395305],[-70.899738,-13.395706],[-70.899811,-13.395918],[-70.899849,-13.396367],[-70.899802,-13.396815],[-70.899601,-13.397221],[-70.899535,-13.397435],[-70.899514,-13.397659],[-70.899647,-13.39969],[-70.899616,-13.399913],[-70.899526,-13.40012],[-70.899285,-13.400504],[-70.899199,-13.400713],[-70.899145,-13.400931],[-70.89911,-13.401382],[-70.899113,-13.40206],[-70.899202,-13.402503],[-70.899507,-13.403593],[-70.899538,-13.403816],[-70.89955,-13.404268],[-70.899644,-13.404709],[-70.899893,-13.405086],[-70.900485,-13.405778],[-70.900616,-13.405963],[-70.900798,-13.406376],[-70.900927,-13.407042],[-70.901005,-13.407254],[-70.901132,-13.407439],[-70.901817,-13.40804],[-70.901967,-13.408211],[-70.902069,-13.408412],[-70.902238,-13.40953],[-70.90225,-13.409981],[-70.902229,-13.410207],[-70.902184,-13.410428],[-70.902096,-13.410636],[-70.901827,-13.411002],[-70.901711,-13.411197],[-70.901632,-13.411408],[-70.901386,-13.412278],[-70.9013,-13.412951],[-70.901317,-13.413176],[-70.901377,-13.413394],[-70.901474,-13.413598],[-70.902135,-13.414788],[-70.902222,-13.414996],[-70.902279,-13.415445],[-70.902271,-13.415671],[-70.90221,-13.415887],[-70.902116,-13.416094],[-70.902077,-13.416312],[-70.902184,-13.416508],[-70.902714,-13.416939],[-70.903048,-13.417248],[-70.903149,-13.417451],[-70.903207,-13.417669],[-70.903284,-13.418115],[-70.90329,-13.418566],[-70.903198,-13.419008],[-70.902788,-13.419816],[-70.902671,-13.420252],[-70.902623,-13.420701],[-70.902644,-13.420926],[-70.902832,-13.42181],[-70.902902,-13.422257],[-70.902919,-13.422709],[-70.902819,-13.42338],[-70.902795,-13.42383],[-70.902844,-13.42428],[-70.902939,-13.424722],[-70.903026,-13.424931],[-70.903345,-13.425532],[-70.903927,-13.426231],[-70.904039,-13.426427],[-70.904451,-13.427481],[-70.904778,-13.428077],[-70.90506,-13.428695],[-70.905188,-13.428882],[-70.90548,-13.429231],[-70.905577,-13.429432],[-70.905628,-13.429651],[-70.905607,-13.429875],[-70.905504,-13.430316],[-70.905472,-13.430767],[-70.905409,-13.430983],[-70.905277,-13.431165],[-70.904807,-13.431661],[-70.904515,-13.43201],[-70.90442,-13.432212],[-70.904483,-13.432423],[-70.905161,-13.433032],[-70.905281,-13.433224],[-70.905315,-13.433447],[-70.905396,-13.435254],[-70.905499,-13.436152],[-70.905479,-13.436377],[-70.905385,-13.436819],[-70.905313,-13.437033],[-70.905209,-13.437235],[-70.90508,-13.437419],[-70.904445,-13.438071],[-70.904046,-13.438624],[-70.903866,-13.438761],[-70.903664,-13.438868],[-70.903241,-13.439043],[-70.903043,-13.439157],[-70.90289,-13.439321],[-70.902837,-13.439541],[-70.902871,-13.43999],[-70.902971,-13.440431],[-70.90298,-13.440657],[-70.902944,-13.441106],[-70.902991,-13.441324],[-70.903134,-13.441501],[-70.903214,-13.441708],[-70.903245,-13.441932],[-70.903247,-13.442156],[-70.903175,-13.442369],[-70.902728,-13.44288],[-70.902712,-13.443103],[-70.902762,-13.443323],[-70.903161,-13.444621],[-70.903226,-13.445068],[-70.903179,-13.445744],[-70.903141,-13.445967],[-70.90307,-13.446182],[-70.902797,-13.446803],[-70.902793,-13.447024],[-70.903119,-13.447868],[-70.903224,-13.448306],[-70.903238,-13.448532],[-70.903194,-13.448752],[-70.903043,-13.449179],[-70.903003,-13.449401],[-70.90299,-13.449853],[-70.903032,-13.450075],[-70.903225,-13.450484],[-70.903277,-13.450702],[-70.90322,-13.450918],[-70.903109,-13.451116],[-70.902688,-13.451652],[-70.902568,-13.451844],[-70.9025,-13.452059],[-70.902423,-13.452505],[-70.902351,-13.452718],[-70.902097,-13.453094],[-70.901818,-13.453453],[-70.901472,-13.454039],[-70.901318,-13.454207],[-70.901136,-13.454345],[-70.900728,-13.454549],[-70.900294,-13.454696],[-70.899615,-13.454813],[-70.898977,-13.455064],[-70.898774,-13.455168],[-70.898454,-13.455491],[-70.89831,-13.455667],[-70.898194,-13.45586],[-70.897992,-13.456508],[-70.897778,-13.457387],[-70.8977,-13.458061],[-70.8977,-13.458287],[-70.897865,-13.459176],[-70.898108,-13.459809],[-70.89812,-13.460034],[-70.89807,-13.460255],[-70.898064,-13.46048],[-70.898101,-13.460703],[-70.898439,-13.461783],[-70.898465,-13.462006],[-70.898428,-13.462228],[-70.898137,-13.462843],[-70.898026,-13.463039],[-70.897754,-13.463404],[-70.897652,-13.463605],[-70.897624,-13.463827],[-70.897664,-13.464048],[-70.897751,-13.464258],[-70.89786,-13.464696],[-70.897882,-13.465147],[-70.898056,-13.466031],[-70.898028,-13.466253],[-70.897787,-13.467125],[-70.897621,-13.468244],[-70.897629,-13.46847],[-70.897682,-13.468689],[-70.897852,-13.469108],[-70.897888,-13.469331],[-70.89768,-13.46997],[-70.89768,-13.470196],[-70.897992,-13.471283],[-70.898,-13.471508],[-70.897935,-13.471717],[-70.897629,-13.472051],[-70.897516,-13.472246],[-70.897254,-13.472873],[-70.897111,-13.473049],[-70.89679,-13.473373],[-70.896654,-13.473554],[-70.896528,-13.473987],[-70.896436,-13.474192],[-70.89628,-13.474356],[-70.895738,-13.474774],[-70.895402,-13.475082],[-70.89521,-13.475205],[-70.894998,-13.47529],[-70.894542,-13.475347],[-70.894321,-13.475401],[-70.894116,-13.4755],[-70.893636,-13.475983],[-70.893437,-13.476094],[-70.893004,-13.476244],[-70.892592,-13.476444],[-70.892418,-13.476588],[-70.892103,-13.476917],[-70.891931,-13.477066],[-70.891784,-13.477238],[-70.891686,-13.477442],[-70.891633,-13.477661],[-70.891618,-13.478113],[-70.891492,-13.478546],[-70.891391,-13.478749],[-70.890896,-13.47951],[-70.88981,-13.480969],[-70.889713,-13.481174],[-70.88967,-13.481395],[-70.889679,-13.481619],[-70.889744,-13.481834],[-70.889852,-13.482033],[-70.890427,-13.483011],[-70.890568,-13.483188],[-70.89075,-13.483324],[-70.890966,-13.483399],[-70.892544,-13.483701],[-70.892973,-13.48386],[-70.893389,-13.484048],[-70.893612,-13.484102],[-70.894987,-13.484162],[-70.895213,-13.484201],[-70.895417,-13.484301],[-70.895579,-13.484459],[-70.895801,-13.484855],[-70.896092,-13.48547],[-70.896171,-13.485681],[-70.896139,-13.486583],[-70.896357,-13.487692],[-70.896359,-13.487916],[-70.89625,-13.488814],[-70.896259,-13.48904],[-70.896307,-13.48926],[-70.896392,-13.48947],[-70.896751,-13.490047],[-70.896916,-13.490469],[-70.896974,-13.490687],[-70.89699,-13.490912],[-70.896955,-13.491362],[-70.896968,-13.491587],[-70.897014,-13.491808],[-70.897474,-13.493323],[-70.897761,-13.493939],[-70.898853,-13.495928],[-70.899288,-13.496973],[-70.899548,-13.497344],[-70.900002,-13.497854],[-70.900107,-13.498054],[-70.900288,-13.49847],[-70.900594,-13.499322],[-70.900706,-13.499519],[-70.900897,-13.499633],[-70.901118,-13.499596],[-70.901244,-13.499418],[-70.90127,-13.499196],[-70.901269,-13.498744],[-70.901224,-13.498523],[-70.901119,-13.498324],[-70.900737,-13.49776],[-70.90067,-13.497545],[-70.900773,-13.497357],[-70.900993,-13.497366],[-70.901134,-13.497533],[-70.901344,-13.498177],[-70.901593,-13.498557],[-70.901692,-13.498759],[-70.901761,-13.498974],[-70.901914,-13.499866],[-70.901821,-13.500305],[-70.901649,-13.500724],[-70.901588,-13.500942],[-70.901534,-13.502071],[-70.901558,-13.502747],[-70.901461,-13.502949],[-70.900972,-13.503428],[-70.900712,-13.5038],[-70.900405,-13.504135],[-70.900274,-13.504318],[-70.900173,-13.504757],[-70.900082,-13.504965],[-70.899922,-13.505126],[-70.899552,-13.505394],[-70.899406,-13.505567],[-70.899324,-13.505776],[-70.899309,-13.505998],[-70.899353,-13.506675],[-70.899336,-13.506899],[-70.899211,-13.507079],[-70.898828,-13.507325],[-70.898675,-13.507491],[-70.898413,-13.507862],[-70.898028,-13.508104],[-70.89793,-13.508298],[-70.898006,-13.508504],[-70.89816,-13.508671],[-70.898336,-13.508814],[-70.898551,-13.508889],[-70.898777,-13.508929],[-70.898983,-13.50902],[-70.899116,-13.509202],[-70.899621,-13.510216],[-70.89962,-13.510439],[-70.899406,-13.511083],[-70.899284,-13.512661],[-70.899301,-13.512885],[-70.899366,-13.5131],[-70.899691,-13.513945],[-70.89973,-13.514168],[-70.899707,-13.514392],[-70.899616,-13.514598],[-70.899499,-13.514792],[-70.898769,-13.515664],[-70.898645,-13.515854],[-70.898454,-13.516265],[-70.898336,-13.516457],[-70.898171,-13.51661],[-70.897486,-13.516582],[-70.897262,-13.516626],[-70.896429,-13.517004],[-70.896244,-13.517128],[-70.896202,-13.517346],[-70.896347,-13.517775],[-70.896379,-13.517998],[-70.89632,-13.519353],[-70.896371,-13.519801],[-70.89657,-13.520915],[-70.896585,-13.52114],[-70.896563,-13.521364],[-70.896321,-13.521747],[-70.896243,-13.521956],[-70.896269,-13.522179],[-70.89643,-13.522837],[-70.89643,-13.523064],[-70.896384,-13.523284],[-70.896058,-13.524129],[-70.89604,-13.524579],[-70.8962,-13.525469],[-70.896163,-13.525691],[-70.896039,-13.52588],[-70.895613,-13.52641],[-70.895529,-13.52662],[-70.895536,-13.526843],[-70.895619,-13.527054],[-70.896419,-13.528425],[-70.896484,-13.528637],[-70.896493,-13.528862],[-70.896426,-13.529309],[-70.896334,-13.529515],[-70.896164,-13.529665],[-70.895792,-13.529929],[-70.89546,-13.53024],[-70.895311,-13.530412],[-70.895136,-13.530556],[-70.894933,-13.530655],[-70.894257,-13.530774],[-70.893612,-13.531007],[-70.892708,-13.531165],[-70.892494,-13.531244],[-70.892303,-13.531367],[-70.891853,-13.531879],[-70.891534,-13.532205],[-70.89135,-13.532338],[-70.891147,-13.532444],[-70.890321,-13.53284],[-70.89014,-13.532978],[-70.890001,-13.533155],[-70.889825,-13.533572],[-70.889717,-13.534011],[-70.889699,-13.534234],[-70.88972,-13.534686],[-70.88952,-13.535329],[-70.889567,-13.535547],[-70.889838,-13.53617],[-70.889881,-13.536391],[-70.88991,-13.53752],[-70.88979,-13.537956],[-70.889432,-13.538786],[-70.889282,-13.539448],[-70.889178,-13.539648],[-70.888917,-13.540021],[-70.888809,-13.540216],[-70.888672,-13.54088],[-70.888486,-13.541533],[-70.888221,-13.542157],[-70.888104,-13.542593],[-70.88786,-13.542975],[-70.887653,-13.54362],[-70.887402,-13.543998],[-70.887357,-13.544215],[-70.887441,-13.544659],[-70.887453,-13.544884],[-70.887417,-13.545106],[-70.887041,-13.546173],[-70.886994,-13.546395],[-70.886741,-13.548186],[-70.886747,-13.548412],[-70.886824,-13.548856],[-70.886839,-13.549081],[-70.886708,-13.549512],[-70.886762,-13.549723],[-70.886928,-13.549879],[-70.888234,-13.550801],[-70.888424,-13.550928],[-70.888641,-13.550988],[-70.888867,-13.550956],[-70.889062,-13.550842],[-70.889398,-13.550535],[-70.889593,-13.550417],[-70.889807,-13.550338],[-70.890032,-13.550303],[-70.890261,-13.550319],[-70.890477,-13.550394],[-70.890675,-13.550505],[-70.890845,-13.550655],[-70.891712,-13.551708],[-70.891903,-13.551828],[-70.892124,-13.551881],[-70.892583,-13.551898],[-70.892801,-13.551959],[-70.892957,-13.552121],[-70.893189,-13.552508],[-70.89339,-13.552613],[-70.894496,-13.552914],[-70.894698,-13.55302],[-70.894882,-13.553154],[-70.895215,-13.553465],[-70.895363,-13.553637],[-70.895789,-13.554171],[-70.895913,-13.55436],[-70.895982,-13.554574],[-70.896048,-13.555022],[-70.896102,-13.555241],[-70.896275,-13.555659],[-70.896751,-13.556431],[-70.897025,-13.556794],[-70.897341,-13.557121],[-70.897479,-13.557302],[-70.897602,-13.557492],[-70.89781,-13.557895],[-70.89794,-13.558082],[-70.898121,-13.558212],[-70.898342,-13.558269],[-70.898566,-13.558237],[-70.898749,-13.558105],[-70.898873,-13.557917],[-70.898933,-13.5577],[-70.898966,-13.557249],[-70.89902,-13.557031],[-70.899153,-13.556852],[-70.899329,-13.556709],[-70.899713,-13.556462],[-70.900118,-13.556248],[-70.901566,-13.555563],[-70.901788,-13.555506],[-70.902017,-13.5555],[-70.902467,-13.555583],[-70.902923,-13.55563],[-70.904062,-13.555491],[-70.904291,-13.555505],[-70.904969,-13.555623],[-70.905418,-13.55572],[-70.905631,-13.555803],[-70.905837,-13.555901],[-70.906625,-13.556365],[-70.906836,-13.556454],[-70.907524,-13.556468],[-70.90775,-13.556493],[-70.908179,-13.556654],[-70.908403,-13.556679],[-70.908625,-13.556628],[-70.909639,-13.5561],[-70.909857,-13.556031],[-70.910083,-13.556038],[-70.910303,-13.556102],[-70.910483,-13.556239],[-70.911159,-13.557152],[-70.911316,-13.557316],[-70.911518,-13.557424],[-70.912186,-13.557587],[-70.912398,-13.557672],[-70.912592,-13.557792],[-70.912752,-13.557951],[-70.91287,-13.558145],[-70.913309,-13.558939],[-70.91339,-13.55915],[-70.913424,-13.559373],[-70.913348,-13.560727],[-70.913353,-13.560952],[-70.913445,-13.561155],[-70.913616,-13.561303],[-70.914226,-13.561615],[-70.914405,-13.561757],[-70.91453,-13.561946],[-70.914615,-13.562154],[-70.914969,-13.564158],[-70.915085,-13.564596],[-70.915157,-13.56481],[-70.916024,-13.566904],[-70.916117,-13.56711],[-70.91624,-13.5673],[-70.916547,-13.567637],[-70.918004,-13.569078],[-70.918619,-13.570031],[-70.918766,-13.570204],[-70.919784,-13.571117],[-70.919921,-13.571298],[-70.920033,-13.571495],[-70.920301,-13.57212],[-70.92044,-13.572296],[-70.920861,-13.572473],[-70.921052,-13.57259],[-70.921164,-13.572787],[-70.921331,-13.573208],[-70.921435,-13.573408],[-70.921591,-13.573573],[-70.921796,-13.573673],[-70.92202,-13.573707],[-70.922706,-13.573665],[-70.922934,-13.573684],[-70.923155,-13.573747],[-70.92399,-13.574122],[-70.924187,-13.574238],[-70.924349,-13.574399],[-70.924456,-13.574597],[-70.924673,-13.575241],[-70.924764,-13.575448],[-70.924899,-13.575629],[-70.925216,-13.575956],[-70.925349,-13.576139],[-70.925404,-13.576355],[-70.925328,-13.577027],[-70.925322,-13.577253],[-70.925347,-13.577474],[-70.925475,-13.577657],[-70.925683,-13.577749],[-70.926566,-13.577996],[-70.926792,-13.578035],[-70.927479,-13.578079],[-70.9277,-13.578138],[-70.927905,-13.578237],[-70.928426,-13.57868],[-70.928583,-13.578845],[-70.928705,-13.579036],[-70.928877,-13.579453],[-70.92904,-13.57961],[-70.929425,-13.579854],[-70.929705,-13.580209],[-70.929905,-13.580616],[-70.929979,-13.580829],[-70.930071,-13.581501],[-70.930165,-13.581943],[-70.930262,-13.582147],[-70.930775,-13.582896],[-70.930885,-13.583095],[-70.931059,-13.583749],[-70.931171,-13.583944],[-70.93158,-13.58449],[-70.931884,-13.584828],[-70.932088,-13.584925],[-70.932314,-13.584916],[-70.932765,-13.584835],[-70.932974,-13.584905],[-70.933047,-13.585111],[-70.933031,-13.585563],[-70.933082,-13.58578],[-70.933226,-13.585951],[-70.933791,-13.586339],[-70.935051,-13.587321],[-70.935201,-13.587492],[-70.935602,-13.588043],[-70.935911,-13.588377],[-70.936457,-13.588789],[-70.936847,-13.589029],[-70.937049,-13.589135],[-70.9377,-13.589354],[-70.937895,-13.589471],[-70.938247,-13.589759],[-70.938668,-13.589938],[-70.938865,-13.590051],[-70.939035,-13.590201],[-70.939342,-13.590538],[-70.939533,-13.590662],[-70.939956,-13.590837],[-70.940404,-13.590935],[-70.940862,-13.590958],[-70.942009,-13.590946],[-70.942465,-13.591001],[-70.942682,-13.591069],[-70.942875,-13.591192],[-70.943375,-13.591656],[-70.943771,-13.591883],[-70.944663,-13.592097],[-70.945116,-13.592166],[-70.945574,-13.592153],[-70.946931,-13.591928],[-70.947148,-13.591853],[-70.947353,-13.591752],[-70.947928,-13.59138],[-70.948134,-13.591283],[-70.948585,-13.591208],[-70.948804,-13.591144],[-70.949171,-13.590875],[-70.949366,-13.590757],[-70.949579,-13.590672],[-70.950018,-13.590541],[-70.950245,-13.590512],[-70.950469,-13.590554],[-70.950905,-13.590694],[-70.951133,-13.590704],[-70.952674,-13.590255],[-70.952901,-13.59023],[-70.953118,-13.590297],[-70.953721,-13.590622],[-70.954591,-13.59091],[-70.955017,-13.591078],[-70.955237,-13.591135],[-70.955431,-13.591049],[-70.955489,-13.590844],[-70.95538,-13.590655],[-70.954255,-13.589882],[-70.954263,-13.589671],[-70.954477,-13.589633],[-70.954691,-13.589711],[-70.955101,-13.589916],[-70.955315,-13.589994],[-70.955541,-13.590028],[-70.956916,-13.589932],[-70.957834,-13.58992],[-70.958287,-13.589853],[-70.958945,-13.589654],[-70.95915,-13.589554],[-70.959331,-13.589416],[-70.959482,-13.589246],[-70.959576,-13.589041],[-70.959644,-13.588825],[-70.959711,-13.588378],[-70.959817,-13.588179],[-70.959974,-13.588015],[-70.960178,-13.587911],[-70.960397,-13.587845],[-70.960621,-13.5878],[-70.960841,-13.587837],[-70.960973,-13.588016],[-70.961113,-13.589363],[-70.961166,-13.589582],[-70.961285,-13.589773],[-70.961476,-13.589894],[-70.961701,-13.589935],[-70.962619,-13.58993],[-70.963071,-13.590002],[-70.963493,-13.590179],[-70.964057,-13.590566],[-70.964668,-13.590879],[-70.966647,-13.591463],[-70.966862,-13.591541],[-70.967063,-13.591651],[-70.967252,-13.591777],[-70.967576,-13.592096],[-70.96902,-13.594135],[-70.969186,-13.594287],[-70.969388,-13.594391],[-70.969825,-13.594529],[-70.97003,-13.59463],[-70.97041,-13.594884],[-70.970586,-13.595028],[-70.970702,-13.59522],[-70.970847,-13.595883],[-70.970818,-13.596104],[-70.970654,-13.596251],[-70.970429,-13.596269],[-70.969743,-13.59621],[-70.969293,-13.596125],[-70.968642,-13.595905],[-70.967815,-13.595512],[-70.967591,-13.595472],[-70.967371,-13.595534],[-70.967161,-13.595622],[-70.966551,-13.595938],[-70.966336,-13.596016],[-70.96611,-13.596056],[-70.965883,-13.596056],[-70.964973,-13.595933],[-70.964744,-13.595927],[-70.964544,-13.59602],[-70.964569,-13.596219],[-70.964776,-13.596289],[-70.965235,-13.59628],[-70.966147,-13.59638],[-70.966376,-13.596371],[-70.966601,-13.596326],[-70.96725,-13.596107],[-70.967477,-13.596115],[-70.967681,-13.596215],[-70.969003,-13.597112],[-70.969206,-13.597214],[-70.969647,-13.597339],[-70.96986,-13.597423],[-70.970062,-13.597528],[-70.970743,-13.598134],[-70.970934,-13.598259],[-70.971147,-13.598341],[-70.971822,-13.598474],[-70.972677,-13.598799],[-70.972905,-13.59883],[-70.97336,-13.598783],[-70.974198,-13.598415],[-70.974643,-13.598303],[-70.975319,-13.598174],[-70.976172,-13.597842],[-70.976391,-13.59779],[-70.976556,-13.597919],[-70.976503,-13.598126],[-70.976293,-13.598213],[-70.976068,-13.598258],[-70.975637,-13.598411],[-70.975057,-13.598777],[-70.974444,-13.599084],[-70.973805,-13.599338],[-70.97336,-13.599443],[-70.973131,-13.599457],[-70.972927,-13.599545],[-70.972927,-13.599751],[-70.973127,-13.599849],[-70.973356,-13.59985],[-70.973581,-13.599819],[-70.973798,-13.599745],[-70.974426,-13.599468],[-70.975297,-13.599183],[-70.975742,-13.599071],[-70.975967,-13.599031],[-70.976196,-13.599025],[-70.977566,-13.599168],[-70.977795,-13.59918],[-70.978022,-13.599157],[-70.978232,-13.599069],[-70.978831,-13.598734],[-70.979013,-13.598597],[-70.979146,-13.598421],[-70.97918,-13.598198],[-70.979155,-13.597747],[-70.97909,-13.597299],[-70.978784,-13.59621],[-70.978818,-13.595997],[-70.979028,-13.595978],[-70.979152,-13.596163],[-70.979498,-13.597001],[-70.979555,-13.597219],[-70.979629,-13.597665],[-70.979693,-13.597881],[-70.979883,-13.59799],[-70.980082,-13.597903],[-70.980121,-13.597689],[-70.979897,-13.59705],[-70.979897,-13.596826],[-70.980027,-13.596392],[-70.979995,-13.596171],[-70.979864,-13.595989],[-70.979501,-13.595713],[-70.979335,-13.595559],[-70.979238,-13.595356],[-70.97922,-13.595131],[-70.979258,-13.59468],[-70.979318,-13.594465],[-70.979491,-13.594353],[-70.97962,-13.594512],[-70.979603,-13.594958],[-70.979738,-13.59513],[-70.979956,-13.59519],[-70.980184,-13.59522],[-70.980396,-13.595298],[-70.980535,-13.595472],[-70.980669,-13.595904],[-70.980785,-13.596097],[-70.981059,-13.596459],[-70.98123,-13.596877],[-70.981345,-13.597068],[-70.981538,-13.597021],[-70.981529,-13.596805],[-70.981214,-13.596203],[-70.981146,-13.595988],[-70.98113,-13.595763],[-70.981189,-13.595315],[-70.981167,-13.595092],[-70.981071,-13.594886],[-70.980708,-13.59431],[-70.980403,-13.593704],[-70.980256,-13.59353],[-70.980079,-13.593391],[-70.97986,-13.593324],[-70.97941,-13.593237],[-70.97897,-13.593108],[-70.978759,-13.593022],[-70.978237,-13.592582],[-70.978037,-13.592476],[-70.97761,-13.592309],[-70.97739,-13.592246],[-70.976488,-13.592075],[-70.975802,-13.592043],[-70.975605,-13.591952],[-70.975522,-13.591744],[-70.975505,-13.591521],[-70.975597,-13.59108],[-70.975701,-13.590879],[-70.975873,-13.59073],[-70.976245,-13.590466],[-70.976553,-13.590132],[-70.976728,-13.589987],[-70.976917,-13.589861],[-70.97732,-13.589646],[-70.977479,-13.589483],[-70.977837,-13.588907],[-70.978023,-13.588781],[-70.97847,-13.588676],[-70.978667,-13.588566],[-70.978998,-13.588253],[-70.979147,-13.588082],[-70.979291,-13.587906],[-70.979394,-13.587705],[-70.979436,-13.587483],[-70.979493,-13.586807],[-70.979555,-13.586596],[-70.979744,-13.586473],[-70.980618,-13.586194],[-70.981033,-13.586003],[-70.981222,-13.585878],[-70.981514,-13.585531],[-70.981683,-13.585378],[-70.982513,-13.584995],[-70.983014,-13.584534],[-70.983227,-13.584451],[-70.985062,-13.58438],[-70.985282,-13.584317],[-70.985865,-13.583958],[-70.986078,-13.583877],[-70.986984,-13.583731],[-70.987213,-13.583709],[-70.987439,-13.583722],[-70.987871,-13.583875],[-70.988098,-13.583882],[-70.988313,-13.583809],[-70.988724,-13.583607],[-70.988939,-13.583528],[-70.98981,-13.583242],[-70.990035,-13.583218],[-70.990254,-13.583272],[-70.990623,-13.583536],[-70.990836,-13.583614],[-70.991284,-13.583528],[-70.991738,-13.583469],[-70.993345,-13.583445],[-70.994252,-13.583307],[-70.994481,-13.58331],[-70.994705,-13.583352],[-70.995582,-13.583621],[-70.995806,-13.583655],[-70.996026,-13.583606],[-70.996331,-13.583271],[-70.996533,-13.583198],[-70.996645,-13.583371],[-70.996554,-13.583575],[-70.996017,-13.584309],[-70.995869,-13.584481],[-70.99567,-13.584589],[-70.995443,-13.584586],[-70.994774,-13.584431],[-70.994546,-13.584412],[-70.994087,-13.584429],[-70.993401,-13.584489],[-70.993174,-13.584463],[-70.992763,-13.584262],[-70.992548,-13.584185],[-70.992322,-13.58415],[-70.992092,-13.584158],[-70.991895,-13.584255],[-70.991911,-13.584464],[-70.992115,-13.584547],[-70.992573,-13.58452],[-70.992787,-13.584595],[-70.993185,-13.584819],[-70.9934,-13.584894],[-70.995184,-13.585325],[-70.995638,-13.58538],[-70.995858,-13.585322],[-70.996487,-13.585046],[-70.996692,-13.584946],[-70.996876,-13.58481],[-70.997016,-13.584632],[-70.997103,-13.584424],[-70.997191,-13.583982],[-70.997258,-13.583768],[-70.997411,-13.583611],[-70.997638,-13.583616],[-70.997852,-13.583692],[-70.998671,-13.584101],[-70.998892,-13.58415],[-70.999082,-13.584043],[-70.999137,-13.58383],[-70.999101,-13.583386],[-70.999239,-13.583219],[-70.999661,-13.583044],[-70.999849,-13.582918],[-71.000082,-13.58253],[-71.000245,-13.582383],[-71.000456,-13.582425],[-71.000621,-13.582583],[-71.000807,-13.582713],[-71.001022,-13.582786],[-71.00125,-13.582805],[-71.001708,-13.582824],[-71.00193,-13.582772],[-71.002349,-13.58259],[-71.00257,-13.582532],[-71.002797,-13.582542],[-71.003439,-13.582773],[-71.003668,-13.582787],[-71.004355,-13.582763],[-71.004575,-13.5827],[-71.004745,-13.582552],[-71.004886,-13.582374],[-71.005406,-13.581629],[-71.005519,-13.581432],[-71.005614,-13.581228],[-71.005734,-13.580791],[-71.006181,-13.578804],[-71.006246,-13.578588],[-71.006363,-13.578395],[-71.006519,-13.578231],[-71.006728,-13.578138],[-71.006953,-13.578097],[-71.007411,-13.57807],[-71.007869,-13.578091],[-71.008515,-13.578324],[-71.009189,-13.578457],[-71.009998,-13.578883],[-71.010217,-13.578945],[-71.010903,-13.578993],[-71.012249,-13.579276],[-71.012707,-13.579309],[-71.012936,-13.579293],[-71.014299,-13.579106],[-71.014503,-13.579004],[-71.015051,-13.578595],[-71.015256,-13.578499],[-71.01548,-13.578454],[-71.015935,-13.578404],[-71.016122,-13.578278],[-71.016274,-13.57811],[-71.016523,-13.577731],[-71.016594,-13.577516],[-71.016687,-13.577073],[-71.016794,-13.576877],[-71.016994,-13.576769],[-71.017433,-13.576638],[-71.017623,-13.576513],[-71.018444,-13.575723],[-71.01879,-13.575426],[-71.019734,-13.574784],[-71.020579,-13.574433],[-71.020773,-13.574315],[-71.021321,-13.573904],[-71.021806,-13.573428],[-71.022021,-13.573411],[-71.022057,-13.573616],[-71.021887,-13.573762],[-71.021682,-13.573864],[-71.021498,-13.573998],[-71.020487,-13.574919],[-71.019925,-13.575309],[-71.019857,-13.575516],[-71.020024,-13.575637],[-71.020217,-13.575543],[-71.020512,-13.575197],[-71.020683,-13.575049],[-71.021302,-13.574753],[-71.021496,-13.574631],[-71.022227,-13.574085],[-71.022736,-13.573629],[-71.022942,-13.57353],[-71.023164,-13.573493],[-71.023392,-13.573518],[-71.024513,-13.57376],[-71.024956,-13.573879],[-71.025157,-13.573986],[-71.025535,-13.574243],[-71.026163,-13.574512],[-71.026464,-13.574853],[-71.026644,-13.574985],[-71.026857,-13.574938],[-71.026924,-13.574733],[-71.026814,-13.574544],[-71.026492,-13.574222],[-71.025971,-13.573479],[-71.025928,-13.573263],[-71.026112,-13.573166],[-71.026277,-13.57331],[-71.026431,-13.573735],[-71.026552,-13.573926],[-71.026721,-13.574078],[-71.026909,-13.574208],[-71.0271,-13.574333],[-71.02731,-13.574425],[-71.028426,-13.574678],[-71.028628,-13.574785],[-71.02974,-13.575585],[-71.029912,-13.575734],[-71.030687,-13.576569],[-71.031056,-13.57714],[-71.031202,-13.577313],[-71.031553,-13.577603],[-71.031706,-13.577772],[-71.031809,-13.577972],[-71.032186,-13.579039],[-71.032242,-13.579256],[-71.032157,-13.579443],[-71.031946,-13.579405],[-71.031514,-13.57861],[-71.031378,-13.578429],[-71.030888,-13.577953],[-71.030697,-13.577829],[-71.03049,-13.577732],[-71.029836,-13.57752],[-71.029426,-13.577318],[-71.029205,-13.57727],[-71.029047,-13.577407],[-71.029132,-13.577601],[-71.029576,-13.577706],[-71.02979,-13.577786],[-71.029982,-13.577911],[-71.030507,-13.578348],[-71.030653,-13.578522],[-71.031038,-13.579084],[-71.031409,-13.579909],[-71.031787,-13.580476],[-71.031923,-13.580658],[-71.032697,-13.581493],[-71.032982,-13.581847],[-71.033505,-13.582288],[-71.033871,-13.58256],[-71.034082,-13.582649],[-71.034744,-13.582836],[-71.034932,-13.582951],[-71.034896,-13.583162],[-71.034675,-13.583171],[-71.034282,-13.58294],[-71.033416,-13.582639],[-71.033194,-13.582586],[-71.033023,-13.582702],[-71.033071,-13.582906],[-71.033281,-13.582986],[-71.03373,-13.583076],[-71.033942,-13.583161],[-71.034141,-13.583273],[-71.034321,-13.583413],[-71.035006,-13.584016],[-71.035268,-13.584385],[-71.035917,-13.585581],[-71.03637,-13.586091],[-71.037176,-13.586896],[-71.038085,-13.587585],[-71.038762,-13.588196],[-71.039997,-13.589208],[-71.040194,-13.589324],[-71.040838,-13.589564],[-71.04104,-13.589668],[-71.041217,-13.58981],[-71.041803,-13.590506],[-71.041992,-13.59063],[-71.042205,-13.590713],[-71.042391,-13.590841],[-71.042356,-13.591041],[-71.042139,-13.59104],[-71.041144,-13.590102],[-71.040942,-13.589999],[-71.040081,-13.589685],[-71.039673,-13.589478],[-71.03946,-13.589402],[-71.039289,-13.589527],[-71.039349,-13.589729],[-71.03999,-13.58997],[-71.041093,-13.590782],[-71.041446,-13.59107],[-71.042682,-13.592408],[-71.043302,-13.593359],[-71.043576,-13.593722],[-71.044161,-13.594418],[-71.044327,-13.594573],[-71.044727,-13.594793],[-71.04491,-13.594928],[-71.045074,-13.595086],[-71.045633,-13.595803],[-71.046294,-13.596431],[-71.046713,-13.596969],[-71.047173,-13.597473],[-71.047292,-13.597666],[-71.047523,-13.598304],[-71.047734,-13.598704],[-71.048525,-13.599814],[-71.049161,-13.600463],[-71.049179,-13.600676],[-71.048975,-13.600715],[-71.048802,-13.600577],[-71.048652,-13.600406],[-71.048484,-13.600254],[-71.048271,-13.600256],[-71.048195,-13.60045],[-71.048322,-13.600628],[-71.04864,-13.60095],[-71.04885,-13.601352],[-71.048989,-13.601529],[-71.049307,-13.601855],[-71.049612,-13.60246],[-71.050044,-13.602987],[-71.050163,-13.603179],[-71.05127,-13.60516],[-71.051443,-13.605307],[-71.051668,-13.605294],[-71.051797,-13.605115],[-71.051793,-13.604891],[-71.051698,-13.603991],[-71.051625,-13.603545],[-71.051456,-13.602888],[-71.051227,-13.602249],[-71.051245,-13.602031],[-71.051453,-13.602003],[-71.051542,-13.602199],[-71.051549,-13.602425],[-71.051587,-13.602647],[-71.051977,-13.603464],[-71.05226,-13.604324],[-71.052765,-13.605585],[-71.0529,-13.60625],[-71.052989,-13.606457],[-71.053516,-13.607198],[-71.053675,-13.607359],[-71.054213,-13.607783],[-71.054589,-13.608041],[-71.054988,-13.608264],[-71.055404,-13.608455],[-71.05599,-13.608811],[-71.056927,-13.609464],[-71.057279,-13.609753],[-71.057729,-13.610266],[-71.057896,-13.610421],[-71.058273,-13.610679],[-71.058951,-13.611286],[-71.059155,-13.611389],[-71.059795,-13.611638],[-71.059996,-13.611747],[-71.060162,-13.611902],[-71.060726,-13.612616],[-71.061237,-13.613069],[-71.061352,-13.613263],[-71.06139,-13.613485],[-71.06128,-13.615064],[-71.061346,-13.615965],[-71.061252,-13.616406],[-71.060975,-13.617269],[-71.060898,-13.617481],[-71.060579,-13.618082],[-71.060505,-13.618296],[-71.060446,-13.618743],[-71.060422,-13.619194],[-71.060469,-13.619644],[-71.060592,-13.620079],[-71.06086,-13.620703],[-71.061167,-13.621038],[-71.061689,-13.62148],[-71.061846,-13.621645],[-71.061962,-13.621838],[-71.06224,-13.622934],[-71.062338,-13.623136],[-71.062495,-13.623299],[-71.063033,-13.623721],[-71.063905,-13.623997],[-71.064095,-13.624122],[-71.064236,-13.624298],[-71.064527,-13.624912],[-71.065549,-13.626132],[-71.065676,-13.62632],[-71.066104,-13.62712],[-71.066238,-13.627304],[-71.066556,-13.627629],[-71.066664,-13.627827],[-71.066698,-13.628048],[-71.066681,-13.6285],[-71.066734,-13.628718],[-71.066862,-13.628904],[-71.067378,-13.629353],[-71.067595,-13.629386],[-71.067757,-13.629248],[-71.067739,-13.629032],[-71.067469,-13.628668],[-71.067382,-13.628463],[-71.067455,-13.62826],[-71.067668,-13.628206],[-71.067851,-13.628329],[-71.068063,-13.628729],[-71.068122,-13.628947],[-71.068203,-13.62962],[-71.068259,-13.629838],[-71.068582,-13.630437],[-71.068699,-13.630872],[-71.068801,-13.631543],[-71.068903,-13.63174],[-71.069119,-13.631753],[-71.069218,-13.631568],[-71.069202,-13.631343],[-71.069123,-13.630899],[-71.069184,-13.630691],[-71.069399,-13.630677],[-71.069773,-13.630936],[-71.069982,-13.631023],[-71.070194,-13.630958],[-71.070319,-13.630775],[-71.070315,-13.630551],[-71.070255,-13.630334],[-71.070019,-13.629698],[-71.06963,-13.629139],[-71.069615,-13.628924],[-71.069811,-13.628858],[-71.070009,-13.628965],[-71.070348,-13.629271],[-71.0705,-13.62944],[-71.071058,-13.630427],[-71.071196,-13.630606],[-71.0714,-13.630702],[-71.071623,-13.630672],[-71.07217,-13.630266],[-71.072379,-13.630176],[-71.07283,-13.6301],[-71.073038,-13.630009],[-71.073177,-13.629833],[-71.073371,-13.629424],[-71.073535,-13.62928],[-71.073715,-13.629394],[-71.073685,-13.629614],[-71.07358,-13.629815],[-71.073306,-13.630174],[-71.072904,-13.630391],[-71.072484,-13.630572],[-71.072328,-13.63073],[-71.072396,-13.630929],[-71.072611,-13.630952],[-71.073207,-13.630612],[-71.073836,-13.630338],[-71.073988,-13.630171],[-71.074151,-13.629749],[-71.074304,-13.629584],[-71.074518,-13.629502],[-71.075186,-13.629341],[-71.075404,-13.629268],[-71.07578,-13.629009],[-71.075999,-13.62898],[-71.076068,-13.629172],[-71.0759,-13.629317],[-71.07484,-13.62975],[-71.07469,-13.629913],[-71.074762,-13.630111],[-71.074978,-13.630121],[-71.075347,-13.629853],[-71.075559,-13.629767],[-71.076217,-13.629569],[-71.076409,-13.629447],[-71.076565,-13.629283],[-71.076764,-13.628878],[-71.076889,-13.628691],[-71.077091,-13.628594],[-71.077319,-13.628594],[-71.078222,-13.628756],[-71.079139,-13.62872],[-71.079366,-13.628747],[-71.080029,-13.628932],[-71.0807,-13.629081],[-71.080836,-13.629247],[-71.080707,-13.62941],[-71.080484,-13.629369],[-71.080049,-13.629226],[-71.079825,-13.629178],[-71.079371,-13.629108],[-71.079144,-13.629114],[-71.078976,-13.629251],[-71.079057,-13.629445],[-71.079278,-13.62946],[-71.079504,-13.629423],[-71.079732,-13.629423],[-71.079947,-13.629491],[-71.08034,-13.629722],[-71.080554,-13.629803],[-71.081,-13.62991],[-71.08185,-13.630252],[-71.082516,-13.630422],[-71.08338,-13.630729],[-71.083605,-13.630773],[-71.083832,-13.6308],[-71.084062,-13.6308],[-71.084285,-13.63084],[-71.084402,-13.631016],[-71.0843,-13.631184],[-71.084074,-13.631153],[-71.083184,-13.630935],[-71.081819,-13.63076],[-71.081618,-13.63085],[-71.081613,-13.631063],[-71.08181,-13.631171],[-71.082494,-13.631253],[-71.082941,-13.631353],[-71.084705,-13.631857],[-71.085124,-13.63204],[-71.085506,-13.63229],[-71.085674,-13.632444],[-71.086265,-13.633135],[-71.086426,-13.633296],[-71.086604,-13.633435],[-71.087269,-13.633607],[-71.087457,-13.633735],[-71.087602,-13.633909],[-71.088192,-13.635134],[-71.088327,-13.635315],[-71.088509,-13.635453],[-71.089794,-13.635935],[-71.090586,-13.636389],[-71.090809,-13.636418],[-71.091024,-13.636343],[-71.091227,-13.636238],[-71.09145,-13.636191],[-71.091679,-13.63618],[-71.092138,-13.63618],[-71.092365,-13.636211],[-71.092585,-13.636275],[-71.092988,-13.636487],[-71.093207,-13.63648],[-71.093346,-13.636311],[-71.093414,-13.636096],[-71.093404,-13.635871],[-71.093326,-13.635661],[-71.092766,-13.634945],[-71.092636,-13.63476],[-71.092548,-13.634552],[-71.092522,-13.634328],[-71.092553,-13.633877],[-71.092644,-13.633686],[-71.092851,-13.633702],[-71.092896,-13.633917],[-71.092754,-13.634345],[-71.092748,-13.63457],[-71.092847,-13.634766],[-71.093822,-13.635722],[-71.094236,-13.636264],[-71.094324,-13.636472],[-71.094307,-13.636695],[-71.094083,-13.63709],[-71.094003,-13.637301],[-71.094066,-13.637506],[-71.094256,-13.637618],[-71.094483,-13.637588],[-71.095363,-13.637331],[-71.095543,-13.637197],[-71.095576,-13.636983],[-71.09549,-13.636775],[-71.095368,-13.636584],[-71.094351,-13.635078],[-71.094315,-13.634859],[-71.09446,-13.6347],[-71.094684,-13.634698],[-71.095751,-13.63511],[-71.095974,-13.635157],[-71.096199,-13.635118],[-71.096826,-13.634839],[-71.09728,-13.63478],[-71.097501,-13.634832],[-71.097709,-13.634927],[-71.097878,-13.635078],[-71.098018,-13.635256],[-71.098091,-13.63547],[-71.098116,-13.635693],[-71.098039,-13.636366],[-71.098053,-13.636588],[-71.09816,-13.636786],[-71.099827,-13.637986],[-71.100023,-13.638104],[-71.100242,-13.638166],[-71.100924,-13.638253],[-71.101145,-13.638313],[-71.102222,-13.638702],[-71.102424,-13.638809],[-71.102898,-13.639299],[-71.103723,-13.640085],[-71.103926,-13.640187],[-71.104148,-13.640244],[-71.10483,-13.640338],[-71.105051,-13.640401],[-71.105211,-13.640562],[-71.105339,-13.64075],[-71.105499,-13.640909],[-71.105722,-13.640898],[-71.105889,-13.640753],[-71.106064,-13.640335],[-71.106218,-13.640172],[-71.106433,-13.640125],[-71.106649,-13.640192],[-71.107487,-13.640562],[-71.10898,-13.641147],[-71.109201,-13.641206],[-71.109428,-13.641224],[-71.109885,-13.641197],[-71.110101,-13.641267],[-71.110476,-13.641526],[-71.110687,-13.64161],[-71.110906,-13.641556],[-71.111058,-13.64139],[-71.111413,-13.640556],[-71.11157,-13.640396],[-71.111785,-13.64034],[-71.112679,-13.640543],[-71.113363,-13.640624],[-71.113587,-13.640601],[-71.11369,-13.640415],[-71.113548,-13.640257],[-71.113324,-13.640219],[-71.112638,-13.640191],[-71.112423,-13.640115],[-71.111591,-13.639733],[-71.110924,-13.639567],[-71.11077,-13.639409],[-71.110892,-13.639233],[-71.111116,-13.6392],[-71.111802,-13.639227],[-71.112024,-13.639285],[-71.112446,-13.639459],[-71.112673,-13.639472],[-71.11312,-13.639369],[-71.113575,-13.639324],[-71.114492,-13.639375],[-71.11495,-13.639365],[-71.115171,-13.639309],[-71.116019,-13.638964],[-71.117344,-13.638592],[-71.117568,-13.638547],[-71.117797,-13.63853],[-71.118478,-13.63862],[-71.118697,-13.638582],[-71.118735,-13.638372],[-71.118558,-13.638243],[-71.1181,-13.638203],[-71.117918,-13.638089],[-71.117992,-13.637892],[-71.118211,-13.63785],[-71.11867,-13.637867],[-71.118897,-13.637896],[-71.119331,-13.638043],[-71.119555,-13.638076],[-71.119781,-13.638036],[-71.119992,-13.637948],[-71.120602,-13.637632],[-71.121584,-13.63705],[-71.122242,-13.636851],[-71.123248,-13.636309],[-71.124694,-13.63562],[-71.124908,-13.635539],[-71.125132,-13.635502],[-71.125819,-13.635533],[-71.126037,-13.635467],[-71.126217,-13.63533],[-71.126639,-13.634794],[-71.126824,-13.634663],[-71.128581,-13.634143],[-71.129708,-13.63393],[-71.130536,-13.633542],[-71.130757,-13.633484],[-71.131898,-13.63336],[-71.13235,-13.633281],[-71.132569,-13.633214],[-71.133837,-13.632684],[-71.134063,-13.63265],[-71.134291,-13.63267],[-71.135376,-13.633037],[-71.136522,-13.633067],[-71.136748,-13.633105],[-71.140307,-13.634002],[-71.140532,-13.634038],[-71.14076,-13.634011],[-71.142019,-13.633464],[-71.142246,-13.633433],[-71.142474,-13.633451],[-71.144501,-13.633846],[-71.144955,-13.633915],[-71.145184,-13.63393],[-71.146102,-13.633917],[-71.148849,-13.63413],[-71.149307,-13.634134],[-71.14975,-13.634022],[-71.151211,-13.633362],[-71.152265,-13.632915],[-71.152483,-13.632845],[-71.153362,-13.632582],[-71.153809,-13.63248],[-71.154038,-13.63247],[-71.154495,-13.632517],[-71.154721,-13.632488],[-71.154939,-13.63242],[-71.155345,-13.632209],[-71.155767,-13.632032],[-71.156224,-13.632003],[-71.156445,-13.631951],[-71.156581,-13.631783],[-71.15656,-13.631566],[-71.155897,-13.630643],[-71.155817,-13.630433],[-71.155817,-13.63021],[-71.155896,-13.629999],[-71.156043,-13.629827],[-71.156237,-13.629706],[-71.157267,-13.629208],[-71.15769,-13.629034],[-71.157914,-13.628985],[-71.15837,-13.629025],[-71.15995,-13.629316],[-71.160178,-13.62934],[-71.161096,-13.629368],[-71.161552,-13.629325],[-71.162444,-13.629112],[-71.162649,-13.629013],[-71.162819,-13.628861],[-71.163065,-13.62848],[-71.163213,-13.628308],[-71.16341,-13.628196],[-71.164293,-13.627951],[-71.164967,-13.627814],[-71.165185,-13.627744],[-71.165601,-13.627555],[-71.165818,-13.627483],[-71.166045,-13.627464],[-71.166499,-13.627525],[-71.166726,-13.627511],[-71.167175,-13.62742],[-71.167403,-13.627438],[-71.168744,-13.627745],[-71.169657,-13.62784],[-71.169883,-13.62781],[-71.170092,-13.627717],[-71.170287,-13.627597],[-71.170501,-13.627523],[-71.170729,-13.627537],[-71.171835,-13.627834],[-71.172291,-13.627878],[-71.17275,-13.627869],[-71.174581,-13.627723],[-71.175021,-13.627597],[-71.175445,-13.627424],[-71.176534,-13.627065],[-71.176759,-13.627024],[-71.178814,-13.626822],[-71.180241,-13.626097],[-71.18046,-13.62603],[-71.180918,-13.626],[-71.181836,-13.626002],[-71.182064,-13.625977],[-71.182501,-13.625842],[-71.182908,-13.625634],[-71.183122,-13.625556],[-71.18335,-13.62554],[-71.183807,-13.62558],[-71.184036,-13.625569],[-71.185163,-13.625358],[-71.185379,-13.625283],[-71.185772,-13.625051],[-71.185984,-13.624966],[-71.186212,-13.624945],[-71.187358,-13.624946],[-71.18803,-13.624805],[-71.188718,-13.62482],[-71.188942,-13.624769],[-71.189157,-13.624692],[-71.189571,-13.624496],[-71.189969,-13.624271],[-71.190656,-13.623672],[-71.190807,-13.623504],[-71.191026,-13.623107],[-71.191162,-13.622929],[-71.191332,-13.622778],[-71.191535,-13.622674],[-71.192601,-13.622255],[-71.193004,-13.622039],[-71.193722,-13.621478],[-71.19421,-13.621],[-71.19478,-13.62062],[-71.19562,-13.619849],[-71.196016,-13.619623],[-71.196863,-13.619274],[-71.197267,-13.619059],[-71.197655,-13.618818],[-71.197832,-13.618675],[-71.197969,-13.618496],[-71.198154,-13.618083],[-71.198224,-13.617869],[-71.198216,-13.617646],[-71.198121,-13.617205],[-71.198158,-13.616983],[-71.198623,-13.616205],[-71.198723,-13.615764],[-71.19886,-13.61487],[-71.19878,-13.613743],[-71.198803,-13.613519],[-71.19896,-13.612859],[-71.198941,-13.612635],[-71.198853,-13.612426],[-71.198293,-13.61144],[-71.198218,-13.611227],[-71.19821,-13.611002],[-71.198277,-13.610787],[-71.198403,-13.610599],[-71.199332,-13.609938],[-71.199484,-13.609768],[-71.199601,-13.609574],[-71.19966,-13.609357],[-71.199676,-13.609133],[-71.199613,-13.608232],[-71.199625,-13.608006],[-71.19967,-13.607786],[-71.199825,-13.607361],[-71.199967,-13.607186],[-71.200176,-13.607094],[-71.200395,-13.607028],[-71.200844,-13.606934],[-71.201062,-13.606863],[-71.201258,-13.606747],[-71.201623,-13.606473],[-71.201823,-13.606362],[-71.20226,-13.606226],[-71.202709,-13.606132],[-71.202935,-13.606148],[-71.203135,-13.606257],[-71.203679,-13.606671],[-71.203883,-13.606774],[-71.204325,-13.606894],[-71.205003,-13.607014],[-71.20546,-13.607017],[-71.205679,-13.60695],[-71.206956,-13.606442],[-71.207398,-13.606318],[-71.208072,-13.60618],[-71.208508,-13.606041],[-71.20893,-13.605861],[-71.209129,-13.60575],[-71.209313,-13.605616],[-71.209654,-13.605313],[-71.209845,-13.605189],[-71.210059,-13.60511],[-71.210744,-13.60505],[-71.211202,-13.605088],[-71.211431,-13.605086],[-71.211654,-13.605035],[-71.213673,-13.603962],[-71.213884,-13.603875],[-71.214331,-13.603775],[-71.21456,-13.603764],[-71.215013,-13.603824],[-71.216743,-13.604431],[-71.217421,-13.60455],[-71.217877,-13.6046],[-71.218335,-13.60458],[-71.221534,-13.604267],[-71.223128,-13.604065],[-71.224045,-13.604059],[-71.224273,-13.604081],[-71.224483,-13.604171],[-71.224828,-13.60447],[-71.225018,-13.604592],[-71.225242,-13.604633],[-71.226389,-13.60467],[-71.226611,-13.604724],[-71.226814,-13.604827],[-71.227196,-13.605076],[-71.227411,-13.605153],[-71.229182,-13.605635],[-71.237458,-13.607521],[-71.237897,-13.607652],[-71.238104,-13.607748],[-71.238298,-13.607868],[-71.238962,-13.608492],[-71.240003,-13.609381],[-71.240194,-13.609504],[-71.240412,-13.609567],[-71.2411,-13.60958],[-71.241327,-13.609605],[-71.242219,-13.609821],[-71.242435,-13.609893],[-71.242618,-13.610028],[-71.242757,-13.610207],[-71.243106,-13.61079],[-71.243281,-13.610934],[-71.243699,-13.61112],[-71.244133,-13.611267],[-71.244578,-13.611377],[-71.245253,-13.611507],[-71.245465,-13.611591],[-71.247104,-13.61283],[-71.247497,-13.613063],[-71.248116,-13.61336],[-71.248283,-13.613513],[-71.248822,-13.614245],[-71.249145,-13.614564],[-71.252,-13.61684],[-71.252398,-13.617066],[-71.253261,-13.617375],[-71.254723,-13.61803],[-71.25511,-13.618274],[-71.256414,-13.619198],[-71.256586,-13.619347],[-71.257061,-13.619839],[-71.257777,-13.620401],[-71.25792,-13.620577],[-71.258027,-13.620776],[-71.258415,-13.62184],[-71.258888,-13.622615],[-71.259181,-13.622961],[-71.259546,-13.623235],[-71.261448,-13.6245],[-71.261662,-13.624581],[-71.261884,-13.624634],[-71.262113,-13.62465],[-71.263252,-13.624512],[-71.265776,-13.62459],[-71.266234,-13.624622],[-71.266457,-13.624667],[-71.266674,-13.624742],[-71.267305,-13.625011],[-71.267482,-13.625154],[-71.267779,-13.625498],[-71.267949,-13.625647],[-71.268167,-13.625715],[-71.268846,-13.625823],[-71.269049,-13.625928],[-71.269218,-13.626078],[-71.269343,-13.626266],[-71.269651,-13.626873],[-71.269728,-13.627085],[-71.269853,-13.627751],[-71.269942,-13.629104],[-71.269989,-13.629325],[-71.270131,-13.629755],[-71.270333,-13.63016],[-71.270619,-13.630513],[-71.270782,-13.630672],[-71.27112,-13.630978],[-71.271312,-13.6311],[-71.271528,-13.631176],[-71.272202,-13.631308],[-71.272635,-13.631458],[-71.273056,-13.631639],[-71.273253,-13.631753],[-71.274139,-13.63247],[-71.275149,-13.633005],[-71.275329,-13.633146],[-71.275812,-13.633626],[-71.276005,-13.633747],[-71.278471,-13.634956],[-71.280407,-13.635666],[-71.280569,-13.635823],[-71.280714,-13.636252],[-71.280826,-13.636447],[-71.280995,-13.636599],[-71.281184,-13.636727],[-71.281614,-13.636884],[-71.282277,-13.637066],[-71.283111,-13.637445],[-71.283505,-13.637675],[-71.284499,-13.638614],[-71.284654,-13.638778],[-71.284745,-13.638985],[-71.284816,-13.639199],[-71.284895,-13.639645],[-71.28494,-13.640774],[-71.285073,-13.641668],[-71.285147,-13.641882],[-71.2854,-13.642257],[-71.28752,-13.644635],[-71.287894,-13.644895],[-71.289694,-13.645895],[-71.290074,-13.646148],[-71.290426,-13.646438],[-71.290584,-13.646602],[-71.290735,-13.646772],[-71.291136,-13.647323],[-71.291441,-13.64766],[-71.291814,-13.647922],[-71.292233,-13.648105],[-71.295974,-13.649199],[-71.296424,-13.649289],[-71.300969,-13.649933],[-71.301881,-13.650037],[-71.303469,-13.650282],[-71.303913,-13.650392],[-71.304123,-13.650484],[-71.3045,-13.65074],[-71.304663,-13.650899],[-71.304799,-13.65108],[-71.305644,-13.652426],[-71.305779,-13.652609],[-71.305935,-13.652775],[-71.306301,-13.653046],[-71.308451,-13.654351],[-71.308819,-13.654619],[-71.310416,-13.656244],[-71.310917,-13.656708],[-71.311719,-13.657517],[-71.312483,-13.658361],[-71.313135,-13.658997],[-71.313311,-13.659141],[-71.313914,-13.659468],[-71.314087,-13.659614],[-71.314228,-13.659793],[-71.314342,-13.659989],[-71.314917,-13.661222],[-71.315154,-13.661607],[-71.317386,-13.66419],[-71.317789,-13.66474],[-71.318295,-13.665495],[-71.31859,-13.66584],[-71.318763,-13.665988],[-71.319988,-13.666609],[-71.320206,-13.666679],[-71.320658,-13.666753],[-71.322488,-13.666905],[-71.323171,-13.666985],[-71.32363,-13.666981],[-71.326366,-13.666662],[-71.326593,-13.666629],[-71.326812,-13.666562],[-71.327426,-13.666257],[-71.32901,-13.665341],[-71.329177,-13.665189],[-71.329455,-13.664831],[-71.329622,-13.664677],[-71.329821,-13.664567],[-71.331297,-13.663941],[-71.33149,-13.66382],[-71.332401,-13.663132],[-71.332604,-13.663031],[-71.332828,-13.663018],[-71.333035,-13.663114],[-71.333426,-13.663349],[-71.333869,-13.663466],[-71.334095,-13.663504],[-71.334323,-13.663517],[-71.3357,-13.663485],[-71.340289,-13.663659],[-71.341665,-13.663609],[-71.349002,-13.663221],[-71.349459,-13.663181],[-71.349682,-13.663133],[-71.357135,-13.660847],[-71.357781,-13.660612],[-71.359467,-13.659894],[-71.360986,-13.659378],[-71.361437,-13.659303],[-71.361893,-13.659348],[-71.362768,-13.659619],[-71.363899,-13.659809],[-71.364125,-13.6598],[-71.36457,-13.659686],[-71.366097,-13.659198],[-71.366286,-13.659071],[-71.367179,-13.658361],[-71.367487,-13.658026],[-71.368326,-13.65695],[-71.379712,-13.639162],[-71.380877,-13.636956],[-71.382629,-13.633522],[-71.382811,-13.63339],[-71.383265,-13.633426],[-71.383455,-13.633307],[-71.383765,-13.632975],[-71.384096,-13.632663],[-71.384661,-13.632274],[-71.38534,-13.631666],[-71.386637,-13.630083],[-71.386965,-13.629768],[-71.387671,-13.629189],[-71.387821,-13.629018],[-71.388066,-13.628638],[-71.388705,-13.627436],[-71.38882,-13.62724],[-71.38896,-13.627062],[-71.389134,-13.626915],[-71.389724,-13.626568],[-71.389894,-13.62642],[-71.39011,-13.626022],[-71.390237,-13.625835],[-71.390939,-13.625252],[-71.391319,-13.625],[-71.391539,-13.624942],[-71.391987,-13.625033],[-71.392204,-13.625107],[-71.392425,-13.625136],[-71.392618,-13.625022],[-71.394648,-13.623542],[-71.396023,-13.622723],[-71.398096,-13.621303],[-71.398781,-13.620701],[-71.399438,-13.620069],[-71.400217,-13.619239],[-71.400358,-13.619061],[-71.400602,-13.618679],[-71.401166,-13.617442],[-71.401294,-13.617255],[-71.401469,-13.617111],[-71.401693,-13.617073],[-71.401913,-13.617126],[-71.402101,-13.617252],[-71.402565,-13.617753],[-71.40325,-13.618353],[-71.403525,-13.618715],[-71.403692,-13.61887],[-71.404076,-13.619117],[-71.404238,-13.619271],[-71.40431,-13.619483],[-71.404376,-13.61993],[-71.404435,-13.620149],[-71.40447,-13.620371],[-71.404449,-13.620594],[-71.404047,-13.621891],[-71.403763,-13.622243],[-71.40366,-13.622443],[-71.403647,-13.622895],[-71.403713,-13.62334],[-71.403807,-13.623546],[-71.404051,-13.623928],[-71.40479,-13.624459],[-71.40496,-13.62461],[-71.405072,-13.624807],[-71.405259,-13.625219],[-71.405565,-13.625555],[-71.405691,-13.625739],[-71.405813,-13.626175],[-71.406061,-13.626555],[-71.40616,-13.626758],[-71.406209,-13.627431],[-71.406317,-13.627629],[-71.406631,-13.627958],[-71.407004,-13.62822],[-71.407398,-13.628451],[-71.407615,-13.628524],[-71.407839,-13.628557],[-71.408068,-13.628551],[-71.40827,-13.62864],[-71.408483,-13.629039],[-71.40865,-13.62919],[-71.409058,-13.629396],[-71.409491,-13.629545],[-71.409883,-13.629779],[-71.410251,-13.630049],[-71.410598,-13.630344],[-71.410979,-13.630905],[-71.412983,-13.632414],[-71.413367,-13.632662],[-71.413774,-13.63287],[-71.413946,-13.633018],[-71.414368,-13.633554],[-71.414635,-13.634176],[-71.414776,-13.634354],[-71.415469,-13.634946],[-71.415661,-13.635069],[-71.41607,-13.635274],[-71.416248,-13.635417],[-71.416673,-13.635948],[-71.417129,-13.636456],[-71.417256,-13.636644],[-71.417313,-13.636861],[-71.41729,-13.637083],[-71.417194,-13.637288],[-71.416781,-13.637831],[-71.416674,-13.638029],[-71.416659,-13.638249],[-71.41681,-13.638406],[-71.417035,-13.638398],[-71.417672,-13.63814],[-71.417891,-13.638085],[-71.4181,-13.638164],[-71.419769,-13.639363],[-71.420824,-13.640234],[-71.421772,-13.640872],[-71.42245,-13.641481],[-71.422716,-13.641849],[-71.423241,-13.642854],[-71.42331,-13.64307],[-71.423335,-13.643294],[-71.423329,-13.64352],[-71.423234,-13.644873],[-71.42292,-13.646193],[-71.422921,-13.646418],[-71.422956,-13.64664],[-71.42308,-13.647075],[-71.423082,-13.647296],[-71.42298,-13.647496],[-71.422486,-13.647967],[-71.42243,-13.648182],[-71.422508,-13.648394],[-71.422957,-13.649183],[-71.423091,-13.649362],[-71.423289,-13.649467],[-71.423509,-13.649432],[-71.423671,-13.649276],[-71.423822,-13.648615],[-71.423918,-13.648414],[-71.42412,-13.648313],[-71.424338,-13.648241],[-71.424532,-13.648128],[-71.424633,-13.647926],[-71.424729,-13.647484],[-71.424857,-13.647297],[-71.425346,-13.646821],[-71.425525,-13.64668],[-71.425737,-13.646607],[-71.425965,-13.646619],[-71.426169,-13.646719],[-71.426297,-13.646905],[-71.42636,-13.647122],[-71.426461,-13.647793],[-71.426449,-13.648017],[-71.426386,-13.648233],[-71.426142,-13.648616],[-71.42605,-13.648823],[-71.426057,-13.649048],[-71.426141,-13.649257],[-71.426704,-13.650242],[-71.426837,-13.650425],[-71.427027,-13.650549],[-71.427687,-13.650741],[-71.42789,-13.650845],[-71.428025,-13.651024],[-71.428353,-13.651619],[-71.428525,-13.651761],[-71.428753,-13.651778],[-71.430353,-13.65164],[-71.432181,-13.65182],[-71.432623,-13.651939],[-71.432837,-13.65202],[-71.433457,-13.652315],[-71.433653,-13.652432],[-71.43373,-13.65263],[-71.433591,-13.652791],[-71.433365,-13.652774],[-71.432918,-13.652669],[-71.432691,-13.652658],[-71.432478,-13.652732],[-71.43228,-13.652848],[-71.431325,-13.653472],[-71.431187,-13.65365],[-71.431108,-13.65386],[-71.430973,-13.654754],[-71.430901,-13.654968],[-71.430737,-13.655116],[-71.43052,-13.655179],[-71.429373,-13.655145],[-71.429149,-13.65519],[-71.427078,-13.656165],[-71.426875,-13.656271],[-71.426694,-13.656409],[-71.425859,-13.657487],[-71.4257,-13.657647],[-71.42549,-13.657722],[-71.425276,-13.657644],[-71.424731,-13.657232],[-71.424521,-13.657152],[-71.423604,-13.657185],[-71.423379,-13.65723],[-71.423177,-13.657332],[-71.42124,-13.65926],[-71.421144,-13.659461],[-71.421216,-13.659666],[-71.421425,-13.65974],[-71.421639,-13.659663],[-71.423503,-13.658344],[-71.423704,-13.658237],[-71.423931,-13.65821],[-71.424146,-13.65828],[-71.424317,-13.65843],[-71.424852,-13.659165],[-71.42517,-13.65949],[-71.425877,-13.660067],[-71.426271,-13.660295],[-71.427133,-13.660606],[-71.427581,-13.660698],[-71.428496,-13.660623],[-71.428721,-13.660585],[-71.428938,-13.660512],[-71.42956,-13.660223],[-71.429787,-13.660209],[-71.430006,-13.660264],[-71.430168,-13.66042],[-71.43062,-13.661207],[-71.430765,-13.66138],[-71.430971,-13.661473],[-71.431199,-13.661488],[-71.432576,-13.661471],[-71.433472,-13.661668],[-71.433929,-13.661705],[-71.441271,-13.661454],[-71.441497,-13.661487],[-71.441702,-13.661583],[-71.442586,-13.662302],[-71.442774,-13.662432],[-71.442991,-13.662502],[-71.44322,-13.6625],[-71.443907,-13.662449],[-71.444128,-13.662391],[-71.444299,-13.662247],[-71.444407,-13.66205],[-71.44446,-13.66183],[-71.444554,-13.660704],[-71.444629,-13.660492],[-71.444782,-13.660327],[-71.447546,-13.658304],[-71.44794,-13.658073],[-71.448157,-13.65801],[-71.448381,-13.658048],[-71.448568,-13.658173],[-71.448797,-13.658565],[-71.449545,-13.660217],[-71.44966,-13.660412],[-71.449844,-13.660541],[-71.45007,-13.660531],[-71.450261,-13.660409],[-71.451118,-13.659657],[-71.451277,-13.659496],[-71.45136,-13.659292],[-71.451303,-13.659076],[-71.449903,-13.657006],[-71.449708,-13.656598],[-71.449053,-13.654908],[-71.44901,-13.654689],[-71.449024,-13.654464],[-71.449091,-13.654248],[-71.449485,-13.653432],[-71.449601,-13.653238],[-71.449744,-13.653063],[-71.449931,-13.652931],[-71.450138,-13.652838],[-71.451271,-13.652658],[-71.451493,-13.652603],[-71.451692,-13.652496],[-71.452042,-13.652202],[-71.452254,-13.652132],[-71.452483,-13.652139],[-71.453618,-13.65231],[-71.453847,-13.652318],[-71.455887,-13.651999],[-71.456097,-13.651915],[-71.456271,-13.651768],[-71.456575,-13.651161],[-71.456696,-13.650971],[-71.456867,-13.650821],[-71.457674,-13.650391],[-71.458251,-13.650023],[-71.459323,-13.64962],[-71.459523,-13.649512],[-71.45987,-13.649216],[-71.460061,-13.649092],[-71.460728,-13.648927],[-71.46181,-13.648549],[-71.462018,-13.648457],[-71.462203,-13.648324],[-71.463134,-13.647325],[-71.463425,-13.646975],[-71.46434,-13.645674],[-71.465487,-13.644261],[-71.465898,-13.643717],[-71.466001,-13.643516],[-71.466119,-13.642393],[-71.466186,-13.642177],[-71.466833,-13.641247],[-71.466822,-13.640574],[-71.46695,-13.64039],[-71.467489,-13.639971],[-71.467633,-13.639795],[-71.468003,-13.639223],[-71.468169,-13.639068],[-71.468379,-13.63898],[-71.468835,-13.638941],[-71.469981,-13.638997],[-71.47021,-13.638991],[-71.471099,-13.638766],[-71.472222,-13.638534],[-71.472431,-13.638442],[-71.472792,-13.638162],[-71.47301,-13.63811],[-71.473226,-13.638178],[-71.473365,-13.638354],[-71.473597,-13.638993],[-71.473695,-13.639195],[-71.473872,-13.639338],[-71.474072,-13.639449],[-71.474481,-13.639653],[-71.475945,-13.640304],[-71.476173,-13.640325],[-71.477092,-13.640331],[-71.477315,-13.640384],[-71.477521,-13.640482],[-71.479089,-13.641423],[-71.479249,-13.641582],[-71.479361,-13.641779],[-71.47985,-13.6428],[-71.480011,-13.642958],[-71.480229,-13.642974],[-71.4804,-13.642833],[-71.480463,-13.642617],[-71.48049,-13.642166],[-71.480421,-13.641265],[-71.480429,-13.640587],[-71.480406,-13.640363],[-71.480114,-13.639271],[-71.480118,-13.639049],[-71.480205,-13.63884],[-71.481046,-13.637492],[-71.481189,-13.637315],[-71.48138,-13.637195],[-71.481604,-13.637147],[-71.48365,-13.636861],[-71.483878,-13.636856],[-71.484091,-13.636931],[-71.484259,-13.637083],[-71.484745,-13.637849],[-71.485284,-13.638267],[-71.485397,-13.63846],[-71.485493,-13.63913],[-71.485549,-13.639349],[-71.485657,-13.639547],[-71.486417,-13.640393],[-71.486614,-13.640801],[-71.486836,-13.641442],[-71.48695,-13.641636],[-71.48781,-13.642385],[-71.487953,-13.64256],[-71.488058,-13.64276],[-71.488176,-13.643197],[-71.488329,-13.643621],[-71.488505,-13.643759],[-71.488729,-13.643801],[-71.489647,-13.6438],[-71.490102,-13.643757],[-71.490549,-13.64366],[-71.490766,-13.643702],[-71.491091,-13.644015],[-71.491314,-13.644022],[-71.491533,-13.64396],[-71.491753,-13.644017],[-71.49216,-13.644226],[-71.492382,-13.644283],[-71.492838,-13.64425],[-71.493065,-13.644265],[-71.494529,-13.644913],[-71.494754,-13.644931],[-71.494976,-13.644883],[-71.496048,-13.644484],[-71.496267,-13.644533],[-71.496443,-13.644675],[-71.496762,-13.644998],[-71.496967,-13.645098],[-71.49783,-13.645408],[-71.498036,-13.645507],[-71.498191,-13.645668],[-71.498327,-13.646098],[-71.498447,-13.646282],[-71.498659,-13.646347],[-71.499346,-13.6463],[-71.499558,-13.646379],[-71.500318,-13.646884],[-71.500543,-13.646898],[-71.500702,-13.646743],[-71.500829,-13.646555],[-71.501005,-13.64642],[-71.501231,-13.646441],[-71.501656,-13.646612],[-71.501876,-13.64667],[-71.5021,-13.646628],[-71.502313,-13.646546],[-71.503124,-13.646123],[-71.504241,-13.645329],[-71.504638,-13.645101],[-71.504855,-13.645031],[-71.505083,-13.645023],[-71.505539,-13.64507],[-71.505763,-13.645032],[-71.505972,-13.64494],[-71.506376,-13.644725],[-71.506565,-13.644599],[-71.506728,-13.644441],[-71.507019,-13.644091],[-71.507206,-13.64396],[-71.507418,-13.643877],[-71.507868,-13.643792],[-71.508087,-13.643728],[-71.508289,-13.643622],[-71.508756,-13.643125],[-71.509121,-13.642853],[-71.50954,-13.64267],[-71.512561,-13.641589],[-71.513001,-13.641458],[-71.513454,-13.6414],[-71.516209,-13.641439],[-71.516668,-13.641418],[-71.516891,-13.641367],[-71.517312,-13.641189],[-71.538364,-13.62872],[-71.538713,-13.628427],[-71.538902,-13.6283],[-71.53911,-13.628205],[-71.539552,-13.628086],[-71.539979,-13.62792],[-71.541615,-13.6271],[-71.54196,-13.626803],[-71.542222,-13.626434],[-71.542403,-13.626019],[-71.543118,-13.62411],[-71.543234,-13.623916],[-71.543403,-13.623764],[-71.5436,-13.623652],[-71.543821,-13.62359],[-71.545198,-13.623574],[-71.545426,-13.623546],[-71.545643,-13.623476],[-71.545842,-13.623365],[-71.546026,-13.62323],[-71.54846,-13.621164],[-71.548589,-13.620978],[-71.548689,-13.620774],[-71.548795,-13.620336],[-71.548707,-13.618304],[-71.548762,-13.618086],[-71.548887,-13.617899],[-71.549064,-13.617759],[-71.549897,-13.61738],[-71.550071,-13.617235],[-71.550203,-13.617051],[-71.55039,-13.616638],[-71.550516,-13.616452],[-71.55069,-13.616307],[-71.550897,-13.616211],[-71.553935,-13.615177],[-71.555802,-13.614305],[-71.556226,-13.614135],[-71.556449,-13.614088],[-71.556678,-13.614071],[-71.557364,-13.614056],[-71.557583,-13.613988],[-71.557768,-13.613857],[-71.557908,-13.613678],[-71.558019,-13.613481],[-71.558415,-13.612664],[-71.558576,-13.612242],[-71.558622,-13.612021],[-71.558698,-13.610893],[-71.558751,-13.610675],[-71.558854,-13.610473],[-71.559341,-13.609706],[-71.559484,-13.60953],[-71.559661,-13.609388],[-71.560514,-13.609061],[-71.560719,-13.608957],[-71.561325,-13.608636],[-71.561504,-13.608496],[-71.561626,-13.608308],[-71.561744,-13.607413],[-71.561814,-13.607199],[-71.561935,-13.607007],[-71.563641,-13.605862],[-71.565215,-13.604929],[-71.565394,-13.604789],[-71.565687,-13.604442],[-71.565858,-13.604298],[-71.566077,-13.604275],[-71.566295,-13.604347],[-71.566911,-13.604651],[-71.567077,-13.604802],[-71.567091,-13.605019],[-71.566923,-13.605163],[-71.566489,-13.605311],[-71.566288,-13.605419],[-71.566117,-13.605567],[-71.564713,-13.607061],[-71.564571,-13.607237],[-71.564178,-13.608054],[-71.564131,-13.608273],[-71.564197,-13.608488],[-71.564356,-13.608648],[-71.564574,-13.608705],[-71.564801,-13.608682],[-71.567501,-13.608144],[-71.567728,-13.60812],[-71.567954,-13.608146],[-71.568146,-13.608258],[-71.568269,-13.608445],[-71.568338,-13.608892],[-71.568445,-13.610471],[-71.568481,-13.610693],[-71.568567,-13.610903],[-71.568717,-13.611071],[-71.568909,-13.611193],[-71.569131,-13.611248],[-71.569586,-13.611201],[-71.571163,-13.610896],[-71.571382,-13.61083],[-71.572214,-13.610446],[-71.57243,-13.610373],[-71.572651,-13.610409],[-71.572826,-13.610545],[-71.5729,-13.61075],[-71.572832,-13.610964],[-71.571712,-13.612936],[-71.570891,-13.615288],[-71.57084,-13.615507],[-71.570929,-13.615703],[-71.571146,-13.615741],[-71.571336,-13.615619],[-71.572823,-13.614206],[-71.573014,-13.614083],[-71.573234,-13.614024],[-71.573461,-13.614029],[-71.573671,-13.614117],[-71.573853,-13.614253],[-71.573973,-13.614444],[-71.574034,-13.61466],[-71.574289,-13.616906],[-71.574429,-13.617079],[-71.574645,-13.617052],[-71.574801,-13.616891],[-71.575172,-13.616321],[-71.575345,-13.616175],[-71.575566,-13.616118],[-71.575795,-13.616111],[-71.577395,-13.616263],[-71.578298,-13.616424],[-71.578482,-13.616547],[-71.578498,-13.616764],[-71.578335,-13.616912],[-71.577209,-13.61712],[-71.577034,-13.61726],[-71.577037,-13.617477],[-71.577209,-13.617618],[-71.577625,-13.61781],[-71.577816,-13.617933],[-71.578395,-13.618633],[-71.57859,-13.618748],[-71.578813,-13.618801],[-71.57973,-13.618856],[-71.579955,-13.618896],[-71.580125,-13.619042],[-71.580209,-13.619246],[-71.580182,-13.619469],[-71.579731,-13.620509],[-71.57965,-13.62072],[-71.579607,-13.620942],[-71.579531,-13.621844],[-71.579532,-13.622068],[-71.579582,-13.622287],[-71.579689,-13.622487],[-71.579827,-13.622667],[-71.581436,-13.624584],[-71.581742,-13.62492],[-71.58193,-13.625047],[-71.582803,-13.625325],[-71.583008,-13.625426],[-71.583126,-13.625612],[-71.583108,-13.62583],[-71.58296,-13.625999],[-71.582224,-13.62654],[-71.582054,-13.62669],[-71.582016,-13.626904],[-71.582157,-13.627077],[-71.582386,-13.62708],[-71.583452,-13.626665],[-71.583671,-13.626599],[-71.583886,-13.626651],[-71.584045,-13.626807],[-71.584651,-13.627766],[-71.584838,-13.627893],[-71.585061,-13.627941],[-71.585749,-13.62797],[-71.585975,-13.627939],[-71.586826,-13.627602],[-71.587049,-13.627566],[-71.587254,-13.627655],[-71.587384,-13.627841],[-71.587717,-13.628435],[-71.587914,-13.628843],[-71.588117,-13.62949],[-71.588155,-13.629713],[-71.588151,-13.629939],[-71.588006,-13.630602],[-71.587982,-13.630826],[-71.587999,-13.631051],[-71.588061,-13.631269],[-71.588169,-13.631467],[-71.588838,-13.632386],[-71.588948,-13.632583],[-71.589016,-13.632799],[-71.589273,-13.634589],[-71.58927,-13.635267],[-71.589311,-13.635944],[-71.589791,-13.638845],[-71.589893,-13.639285],[-71.589987,-13.639491],[-71.590344,-13.640071],[-71.590435,-13.640277],[-71.590416,-13.640497],[-71.590263,-13.640662],[-71.589685,-13.641027],[-71.589573,-13.641222],[-71.589578,-13.641446],[-71.589659,-13.641656],[-71.59049,-13.64301],[-71.590479,-13.643231],[-71.590347,-13.643409],[-71.590015,-13.643721],[-71.589866,-13.643892],[-71.589752,-13.644087],[-71.589573,-13.644503],[-71.589527,-13.644724],[-71.589511,-13.64495],[-71.589546,-13.645172],[-71.589626,-13.645383],[-71.589749,-13.645573],[-71.590049,-13.645915],[-71.590227,-13.646053],[-71.590444,-13.646125],[-71.591122,-13.646239],[-71.591331,-13.646328],[-71.591472,-13.646504],[-71.591547,-13.646716],[-71.591637,-13.647159],[-71.591708,-13.647373],[-71.591846,-13.647551],[-71.592223,-13.647807],[-71.592386,-13.647963],[-71.592439,-13.648178],[-71.59238,-13.648853],[-71.592392,-13.649305],[-71.592526,-13.6502],[-71.592481,-13.650417],[-71.592285,-13.650522],[-71.592057,-13.650536],[-71.591369,-13.650501],[-71.591146,-13.650547],[-71.590971,-13.650687],[-71.590873,-13.65089],[-71.590807,-13.651107],[-71.590707,-13.651548],[-71.590722,-13.65177],[-71.590824,-13.651968],[-71.591415,-13.65266],[-71.591794,-13.653226],[-71.591896,-13.653427],[-71.591936,-13.653649],[-71.591831,-13.654316],[-71.591866,-13.654539],[-71.591942,-13.654751],[-71.592134,-13.655159],[-71.592136,-13.655383],[-71.591983,-13.656043],[-71.592016,-13.65717],[-71.591942,-13.657382],[-71.591631,-13.657712],[-71.591495,-13.657893],[-71.591118,-13.65896],[-71.591083,-13.659183],[-71.591094,-13.660086],[-71.591038,-13.660304],[-71.590692,-13.660889],[-71.590422,-13.661254],[-71.58944,-13.662204],[-71.589307,-13.662386],[-71.589326,-13.662602],[-71.589496,-13.662742],[-71.589713,-13.662691],[-71.589875,-13.662536],[-71.590416,-13.661805],[-71.59073,-13.661476],[-71.591077,-13.66118],[-71.591446,-13.660912],[-71.591659,-13.660886],[-71.591837,-13.661017],[-71.592104,-13.661384],[-71.592298,-13.6615],[-71.592953,-13.661708],[-71.593127,-13.661849],[-71.593235,-13.662043],[-71.593258,-13.662267],[-71.593249,-13.663171],[-71.593383,-13.663345],[-71.593598,-13.663418],[-71.594503,-13.66357],[-71.594716,-13.663651],[-71.595308,-13.663992],[-71.595526,-13.664059],[-71.595755,-13.664063],[-71.596671,-13.664015],[-71.596898,-13.66398],[-71.597086,-13.663866],[-71.597123,-13.663653],[-71.596981,-13.663481],[-71.596339,-13.663234],[-71.596134,-13.663134],[-71.595997,-13.662966],[-71.5961,-13.66278],[-71.596327,-13.662792],[-71.596948,-13.663079],[-71.597164,-13.663025],[-71.597318,-13.662859],[-71.59757,-13.662481],[-71.597851,-13.662126],[-71.598066,-13.662073],[-71.598251,-13.662201],[-71.598669,-13.662739],[-71.598841,-13.662887],[-71.599281,-13.663009],[-71.599734,-13.663085],[-71.599961,-13.663114],[-71.600419,-13.6631],[-71.600858,-13.662969],[-71.601698,-13.662605],[-71.601923,-13.662581],[-71.602145,-13.662632],[-71.602563,-13.662818],[-71.60276,-13.662932],[-71.602891,-13.663112],[-71.602924,-13.663331],[-71.602856,-13.663546],[-71.602703,-13.663707],[-71.602335,-13.663977],[-71.602167,-13.66413],[-71.602158,-13.664338],[-71.602362,-13.664419],[-71.60256,-13.664307],[-71.603489,-13.663643],[-71.603806,-13.663318],[-71.603981,-13.662902],[-71.604016,-13.662678],[-71.60402,-13.662452],[-71.603986,-13.662229],[-71.603803,-13.661816],[-71.60356,-13.661432],[-71.603422,-13.661252],[-71.603236,-13.661123],[-71.603017,-13.661055],[-71.602333,-13.660973],[-71.601651,-13.66104],[-71.601428,-13.661011],[-71.600858,-13.660635],[-71.600643,-13.660558],[-71.600196,-13.660456],[-71.599982,-13.660376],[-71.599846,-13.660205],[-71.599902,-13.660002],[-71.600107,-13.659923],[-71.600328,-13.659975],[-71.601391,-13.660402],[-71.601615,-13.660433],[-71.601817,-13.660334],[-71.602151,-13.660025],[-71.602348,-13.659913],[-71.60279,-13.659789],[-71.602999,-13.659701],[-71.603499,-13.659237],[-71.603723,-13.659205],[-71.604634,-13.659319],[-71.605083,-13.659414],[-71.605298,-13.659489],[-71.605442,-13.659661],[-71.60549,-13.659879],[-71.60549,-13.660331],[-71.605534,-13.660551],[-71.605684,-13.660713],[-71.606307,-13.661002],[-71.606499,-13.661119],[-71.606567,-13.661329],[-71.606412,-13.661751],[-71.60639,-13.661973],[-71.606428,-13.662196],[-71.606633,-13.662843],[-71.607012,-13.663666],[-71.607082,-13.663882],[-71.607109,-13.664106],[-71.607072,-13.664329],[-71.60698,-13.664535],[-71.606836,-13.664711],[-71.606655,-13.664847],[-71.606235,-13.66503],[-71.606081,-13.665189],[-71.606169,-13.665382],[-71.606392,-13.665384],[-71.607468,-13.664991],[-71.607673,-13.664892],[-71.607835,-13.664735],[-71.607965,-13.66455],[-71.608036,-13.664336],[-71.608054,-13.664113],[-71.608022,-13.66389],[-71.607694,-13.663046],[-71.607555,-13.662868],[-71.607391,-13.66271],[-71.607259,-13.662527],[-71.607352,-13.662347],[-71.607556,-13.662417],[-71.607765,-13.662818],[-71.607894,-13.663005],[-71.608361,-13.663502],[-71.608461,-13.663704],[-71.608521,-13.663921],[-71.608579,-13.664824],[-71.608536,-13.665044],[-71.608419,-13.665236],[-71.608116,-13.665575],[-71.607984,-13.66576],[-71.607172,-13.667126],[-71.607123,-13.667339],[-71.607281,-13.667481],[-71.607473,-13.667367],[-71.607916,-13.666576],[-71.608054,-13.666396],[-71.608217,-13.666238],[-71.608408,-13.666112],[-71.609021,-13.665804],[-71.60924,-13.665739],[-71.609464,-13.665738],[-71.609887,-13.665914],[-71.610108,-13.665955],[-71.6103,-13.665858],[-71.610361,-13.665645],[-71.610362,-13.665194],[-71.610291,-13.664981],[-71.609938,-13.664695],[-71.60984,-13.664507],[-71.609993,-13.664381],[-71.610196,-13.664482],[-71.610371,-13.664627],[-71.610527,-13.664792],[-71.610628,-13.664994],[-71.610786,-13.665416],[-71.610954,-13.665562],[-71.61198,-13.66607],[-71.612635,-13.666277],[-71.612846,-13.666365],[-71.613041,-13.666483],[-71.613346,-13.666819],[-71.614183,-13.667897],[-71.614343,-13.668057],[-71.614729,-13.668299],[-71.614875,-13.66847],[-71.614855,-13.668688],[-71.614659,-13.668789],[-71.614432,-13.668781],[-71.613314,-13.668523],[-71.613085,-13.66853],[-71.612653,-13.668681],[-71.612431,-13.668667],[-71.612266,-13.668517],[-71.611859,-13.66797],[-71.611663,-13.667856],[-71.611439,-13.667866],[-71.611263,-13.668005],[-71.610918,-13.66859],[-71.610774,-13.668766],[-71.610447,-13.669084],[-71.610329,-13.669276],[-71.610131,-13.669684],[-71.609978,-13.669849],[-71.609761,-13.66991],[-71.609082,-13.66981],[-71.608858,-13.669852],[-71.608443,-13.670044],[-71.608261,-13.670179],[-71.60817,-13.670384],[-71.60813,-13.671062],[-71.608078,-13.67128],[-71.607914,-13.671426],[-71.60746,-13.671477],[-71.607305,-13.671637],[-71.607149,-13.672294],[-71.606987,-13.672446],[-71.606768,-13.672504],[-71.606082,-13.672565],[-71.605873,-13.672646],[-71.605739,-13.672821],[-71.605712,-13.673496],[-71.605675,-13.673718],[-71.605546,-13.673903],[-71.605348,-13.674012],[-71.605127,-13.67407],[-71.604222,-13.674226],[-71.604015,-13.674309],[-71.603948,-13.674508],[-71.604123,-13.67463],[-71.604351,-13.674618],[-71.604805,-13.674548],[-71.605032,-13.674563],[-71.605239,-13.674655],[-71.605419,-13.674793],[-71.605731,-13.675124],[-71.605879,-13.675297],[-71.605979,-13.675495],[-71.605874,-13.675686],[-71.605655,-13.6757],[-71.60545,-13.6756],[-71.605071,-13.675345],[-71.604868,-13.675241],[-71.604183,-13.675203],[-71.603739,-13.6751],[-71.603512,-13.675082],[-71.603345,-13.675206],[-71.603428,-13.675406],[-71.604293,-13.675703],[-71.604429,-13.675881],[-71.604654,-13.676521],[-71.604781,-13.676709],[-71.605497,-13.677274],[-71.605711,-13.677349],[-71.605936,-13.677336],[-71.606601,-13.677163],[-71.60679,-13.677038],[-71.607201,-13.676496],[-71.6074,-13.676426],[-71.607472,-13.676619],[-71.607391,-13.676829],[-71.606741,-13.677761],[-71.606576,-13.677915],[-71.606379,-13.678028],[-71.605942,-13.678164],[-71.605494,-13.678263],[-71.604808,-13.678322],[-71.604579,-13.678317],[-71.604355,-13.678273],[-71.603916,-13.678143],[-71.603698,-13.678181],[-71.603552,-13.678353],[-71.603436,-13.678549],[-71.603243,-13.678958],[-71.603195,-13.679176],[-71.603254,-13.679849],[-71.603215,-13.68007],[-71.602938,-13.680689],[-71.602888,-13.680909],[-71.60288,-13.681586],[-71.602845,-13.681809],[-71.602754,-13.682013],[-71.602614,-13.682192],[-71.602434,-13.68233],[-71.601831,-13.682657],[-71.601644,-13.682787],[-71.601551,-13.682982],[-71.601708,-13.683122],[-71.601933,-13.683097],[-71.603208,-13.682586],[-71.603435,-13.68256],[-71.60365,-13.682638],[-71.604042,-13.682873],[-71.604254,-13.682957],[-71.60448,-13.682992],[-71.605627,-13.683027],[-71.605833,-13.683109],[-71.605939,-13.683301],[-71.605902,-13.683519],[-71.605741,-13.683673],[-71.605516,-13.6837],[-71.604828,-13.6837],[-71.6046,-13.683729],[-71.604384,-13.683803],[-71.603779,-13.684127],[-71.603415,-13.6844],[-71.603302,-13.684596],[-71.603215,-13.684804],[-71.60256,-13.686493],[-71.602431,-13.68668],[-71.602273,-13.686842],[-71.602088,-13.686975],[-71.601886,-13.68708],[-71.601668,-13.68715],[-71.60144,-13.687176],[-71.601213,-13.687157],[-71.599852,-13.686947],[-71.599178,-13.68681],[-71.598961,-13.686868],[-71.598891,-13.687045],[-71.599021,-13.687223],[-71.599458,-13.687357],[-71.600923,-13.688009],[-71.601352,-13.688169],[-71.601559,-13.688264],[-71.601947,-13.688507],[-71.602349,-13.688726],[-71.602766,-13.688913],[-71.602992,-13.688947],[-71.604357,-13.688774],[-71.604582,-13.688796],[-71.604777,-13.688915],[-71.604946,-13.689068],[-71.605139,-13.689186],[-71.605365,-13.689219],[-71.60628,-13.689142],[-71.606494,-13.689066],[-71.606665,-13.688918],[-71.606954,-13.688567],[-71.607141,-13.688436],[-71.608349,-13.687786],[-71.608575,-13.687761],[-71.608779,-13.687856],[-71.60916,-13.688107],[-71.609374,-13.688186],[-71.609827,-13.688247],[-71.610047,-13.68819],[-71.610219,-13.688045],[-71.610343,-13.687855],[-71.611009,-13.686667],[-71.611134,-13.686478],[-71.611307,-13.686332],[-71.61192,-13.686024],[-71.612979,-13.685159],[-71.613163,-13.685024],[-71.613375,-13.684939],[-71.6136,-13.684901],[-71.613827,-13.684932],[-71.614038,-13.685017],[-71.614215,-13.685161],[-71.61467,-13.68567],[-71.614845,-13.685815],[-71.615049,-13.685915],[-71.615274,-13.68595],[-71.615502,-13.685923],[-71.615714,-13.68584],[-71.615903,-13.685713],[-71.618093,-13.683716],[-71.618455,-13.68344],[-71.618668,-13.683357],[-71.619111,-13.683239],[-71.619337,-13.683202],[-71.619553,-13.683261],[-71.619722,-13.683412],[-71.620185,-13.683914],[-71.620364,-13.684056],[-71.620772,-13.684255],[-71.620999,-13.684292],[-71.621228,-13.684293],[-71.621452,-13.684253],[-71.622555,-13.683941],[-71.624109,-13.683538],[-71.624322,-13.683454],[-71.624528,-13.683355],[-71.624903,-13.683096],[-71.625214,-13.682764],[-71.625715,-13.682006],[-71.628101,-13.678143],[-71.62885,-13.677005],[-71.630873,-13.673718],[-71.631003,-13.673534],[-71.631186,-13.673398],[-71.631389,-13.673292],[-71.631609,-13.673242],[-71.631835,-13.673252],[-71.63206,-13.673301],[-71.632255,-13.67342],[-71.632422,-13.67357],[-71.632559,-13.673751],[-71.632635,-13.673964],[-71.632646,-13.674187],[-71.632614,-13.674409],[-71.632459,-13.674834],[-71.63205,-13.67613],[-71.631759,-13.676744],[-71.63124,-13.67749],[-71.629751,-13.679773],[-71.628613,-13.681993],[-71.628496,-13.682187],[-71.627859,-13.683127],[-71.626996,-13.684463],[-71.626727,-13.684828],[-71.626676,-13.685048],[-71.626707,-13.685265],[-71.626836,-13.685449],[-71.627062,-13.685469],[-71.628194,-13.685282],[-71.628423,-13.685274],[-71.629111,-13.685308],[-71.630712,-13.685442],[-71.633906,-13.685792],[-71.634347,-13.685911],[-71.634552,-13.686013],[-71.63474,-13.686142],[-71.635055,-13.68647],[-71.635746,-13.687373],[-71.635999,-13.68775],[-71.636039,-13.687972],[-71.636013,-13.688423],[-71.636028,-13.688648],[-71.636115,-13.688855],[-71.63627,-13.68902],[-71.636993,-13.689577],[-71.637118,-13.689764],[-71.63717,-13.689982],[-71.637179,-13.690886],[-71.637247,-13.6911],[-71.637384,-13.691281],[-71.638301,-13.692292],[-71.638501,-13.6924],[-71.638726,-13.69243],[-71.638952,-13.692403],[-71.639169,-13.692333],[-71.639997,-13.691941],[-71.643044,-13.69036],[-71.643776,-13.689816],[-71.645336,-13.688861],[-71.64555,-13.688782],[-71.64645,-13.688602],[-71.646868,-13.68842],[-71.647228,-13.688141],[-71.648042,-13.687344],[-71.648553,-13.686891],[-71.648946,-13.686658],[-71.649957,-13.686123],[-71.65053,-13.685747],[-71.650693,-13.685589],[-71.650987,-13.685242],[-71.651919,-13.683952],[-71.652232,-13.683624],[-71.654342,-13.682259],[-71.654555,-13.682178],[-71.654783,-13.68216],[-71.655466,-13.682239],[-71.655695,-13.68222],[-71.655918,-13.682174],[-71.659284,-13.680726],[-71.659924,-13.680477],[-71.66015,-13.680437],[-71.660379,-13.680437],[-71.661983,-13.680537],[-71.662208,-13.6805],[-71.662427,-13.680435],[-71.662631,-13.680331],[-71.662804,-13.680184],[-71.662953,-13.680012],[-71.664511,-13.677774],[-71.664652,-13.677598],[-71.665026,-13.677337],[-71.667483,-13.67611],[-71.667871,-13.675868],[-71.668402,-13.675437],[-71.672527,-13.671839],[-71.673094,-13.671455],[-71.673684,-13.671107],[-71.675192,-13.669717],[-71.67724,-13.668262],[-71.677592,-13.667972],[-71.677922,-13.667657],[-71.678075,-13.667489],[-71.678487,-13.666946],[-71.678837,-13.666363],[-71.67914,-13.665754],[-71.679258,-13.66556],[-71.679399,-13.665383],[-71.679575,-13.665238],[-71.679769,-13.665117],[-71.680755,-13.664539],[-71.681104,-13.664246],[-71.682519,-13.662465],[-71.682897,-13.6619],[-71.683215,-13.661298],[-71.684518,-13.658654],[-71.684688,-13.658234],[-71.684794,-13.657794],[-71.685414,-13.653542],[-71.685522,-13.653103],[-71.6857,-13.652687],[-71.686054,-13.652105],[-71.687164,-13.650389],[-71.68743,-13.650021],[-71.689862,-13.64731],[-71.690299,-13.646786],[-71.690639,-13.646197],[-71.692036,-13.643097],[-71.692535,-13.642079],[-71.692799,-13.641709],[-71.693724,-13.640704],[-71.694258,-13.639968],[-71.695889,-13.637507],[-71.69599,-13.637305],[-71.696038,-13.637085],[-71.696006,-13.636863],[-71.695884,-13.636674],[-71.695521,-13.636399],[-71.695356,-13.636244],[-71.695242,-13.63605],[-71.69518,-13.635834],[-71.69518,-13.635608],[-71.695228,-13.635387],[-71.695318,-13.63518],[-71.695451,-13.634997],[-71.695618,-13.634843],[-71.696162,-13.634429],[-71.696288,-13.634241],[-71.696376,-13.634032],[-71.696685,-13.633181],[-71.696818,-13.632748],[-71.696883,-13.632301],[-71.696928,-13.631398],[-71.696974,-13.631177],[-71.697136,-13.630755],[-71.697266,-13.630569],[-71.697414,-13.630396],[-71.697762,-13.630102],[-71.705107,-13.624674],[-71.705269,-13.624514],[-71.705407,-13.624334],[-71.705512,-13.624132],[-71.706339,-13.622268],[-71.706609,-13.621404],[-71.706732,-13.621215],[-71.706902,-13.621064],[-71.707102,-13.620954],[-71.707323,-13.620894],[-71.70755,-13.620862],[-71.711889,-13.62042],[-71.71234,-13.620333],[-71.712783,-13.620215],[-71.714517,-13.619618],[-71.714927,-13.619417],[-71.71824,-13.616985],[-71.719183,-13.61634],[-71.721544,-13.614941],[-71.721908,-13.614667],[-71.722418,-13.614211],[-71.7226,-13.614073],[-71.723003,-13.613861],[-71.72388,-13.613594],[-71.724081,-13.613488],[-71.724251,-13.61334],[-71.724397,-13.613166],[-71.724935,-13.612433],[-71.725176,-13.612048],[-71.725277,-13.611845],[-71.725895,-13.610385],[-71.726757,-13.608537],[-71.726879,-13.608102],[-71.726949,-13.607655],[-71.726991,-13.607205],[-71.72704,-13.606984],[-71.727153,-13.60679],[-71.727307,-13.606623],[-71.727497,-13.606496],[-71.727712,-13.606419],[-71.72794,-13.60641],[-71.728151,-13.606493],[-71.728331,-13.606631],[-71.729733,-13.608125],[-71.73196,-13.610408],[-71.732132,-13.610558],[-71.732526,-13.610787],[-71.732958,-13.610937],[-71.733184,-13.610976],[-71.733414,-13.61098],[-71.733867,-13.610918],[-71.736048,-13.610211],[-71.738073,-13.609804],[-71.74078,-13.609301],[-71.742145,-13.609119],[-71.745809,-13.608861],[-71.746037,-13.608836],[-71.746713,-13.608707],[-71.747573,-13.608392],[-71.756594,-13.604443],[-71.757409,-13.604026],[-71.761205,-13.601909],[-71.761824,-13.601611],[-71.762246,-13.601435],[-71.763556,-13.601013],[-71.782171,-13.595243],[-71.78258,-13.595039],[-71.78295,-13.594771],[-71.783265,-13.594443],[-71.784118,-13.593378],[-71.78428,-13.593219],[-71.784652,-13.592955],[-71.791318,-13.589917],[-71.791752,-13.58977],[-71.792428,-13.58964],[-71.799311,-13.589406],[-71.799992,-13.589312],[-71.800652,-13.589119],[-71.801266,-13.588813],[-71.801834,-13.588431],[-71.818391,-13.576256],[-71.819343,-13.575624],[-71.82014,-13.575175],[-71.82528,-13.572659],[-71.825685,-13.572446],[-71.826076,-13.572209],[-71.826436,-13.571929],[-71.830187,-13.568597],[-71.830735,-13.568187],[-71.83132,-13.56783],[-71.832145,-13.567432],[-71.852341,-13.55819],[-71.853131,-13.55773],[-71.858046,-13.554394],[-71.858437,-13.554157],[-71.858852,-13.553963],[-71.859504,-13.553745],[-71.859951,-13.553644],[-71.861083,-13.553456],[-71.86154,-13.553416],[-71.862215,-13.553283],[-71.862672,-13.553235],[-71.864937,-13.552865],[-71.865612,-13.552732],[-71.873185,-13.550868],[-71.874292,-13.550568],[-71.879572,-13.549015],[-71.886879,-13.547045],[-71.889773,-13.546324],[-71.889973,-13.546218],[-71.890403,-13.546061],[-71.893731,-13.545186],[-71.894167,-13.545047],[-71.894807,-13.544795],[-71.89563,-13.544395],[-71.896027,-13.544168],[-71.896409,-13.543917],[-71.904001,-13.538437],[-71.910871,-13.533912],[-71.912039,-13.533192],[-71.913558,-13.532175],[-71.914145,-13.53182],[-71.914564,-13.531637],[-71.915237,-13.531496],[-71.915466,-13.531485],[-71.915924,-13.531505],[-71.916374,-13.53159],[-71.917037,-13.531775],[-71.918152,-13.532044],[-71.921304,-13.532661],[-71.921757,-13.532735],[-71.922444,-13.532787],[-71.922902,-13.532764],[-71.923354,-13.532686],[-71.924243,-13.53246],[-71.929975,-13.530817],[-71.931967,-13.530278],[-71.938361,-13.52845],[-71.940133,-13.527972],[-71.940585,-13.527899],[-71.941501,-13.527827],[-71.943321,-13.527587],[-71.945604,-13.527344],[-71.945753,-13.52742],[-71.946255,-13.530762],[-71.947164,-13.530887],[-71.947386,-13.530942],[-71.948249,-13.531249],[-71.948469,-13.531312],[-71.948696,-13.531347],[-71.948924,-13.531372],[-71.949379,-13.531335],[-71.950041,-13.531148],[-71.950957,-13.531091],[-71.951184,-13.531059],[-71.951409,-13.531013],[-71.951837,-13.530863],[-71.952516,-13.530749],[-71.952745,-13.530741],[-71.953414,-13.530584],[-71.953839,-13.530436],[-71.954285,-13.530328],[-71.955856,-13.529991],[-71.958758,-13.529308],[-71.9592,-13.529187],[-71.959654,-13.52912],[-71.961218,-13.528757],[-71.961446,-13.528734],[-71.961899,-13.528795],[-71.962334,-13.528938],[-71.963138,-13.529373],[-71.96431,-13.530085],[-71.964934,-13.530372],[-71.965377,-13.530484],[-71.965606,-13.530501],[-71.966524,-13.530503],[-71.966753,-13.530486],[-71.966977,-13.530439],[-71.967115,-13.530537],[-71.967074,-13.530759],[-71.966982,-13.531659],[-71.967111,-13.531768],[-71.967338,-13.531763],[-71.967472,-13.531833],[-71.96745,-13.532963],[-71.967419,-13.533186],[-71.967348,-13.5334],[-71.967132,-13.533798],[-71.966772,-13.533992],[-71.966688,-13.534202],[-71.966543,-13.534377],[-71.966362,-13.534507],[-71.966137,-13.534538],[-71.965681,-13.534498],[-71.965461,-13.534554],[-71.965242,-13.534623],[-71.965116,-13.53474],[-71.965122,-13.534765],[-71.964968,-13.534711],[-71.964749,-13.53478],[-71.964494,-13.535033],[-71.963837,-13.535234],[-71.963747,-13.535125],[-71.963709,-13.534903],[-71.96373,-13.534722],[-71.964837,-13.534423],[-71.965286,-13.534332],[-71.965938,-13.534122],[-71.967049,-13.533849],[-71.967136,-13.533644],[-71.967002,-13.532068],[-71.967049,-13.531851],[-71.96725,-13.53178],[-71.967703,-13.531704],[-71.967924,-13.531644],[-71.968132,-13.531553],[-71.968521,-13.531312],[-71.968678,-13.531147],[-71.969186,-13.530395],[-71.971023,-13.527263],[-71.971197,-13.527122],[-71.971633,-13.52699],[-71.972369,-13.526448],[-71.973005,-13.526191],[-71.978048,-13.52465],[-71.985612,-13.522749],[-71.98648,-13.522457],[-71.986933,-13.522389],[-71.987083,-13.522495],[-71.987211,-13.522644],[-71.987437,-13.522606],[-71.987879,-13.522483],[-71.988307,-13.52263],[-71.98837,-13.522816],[-71.988311,-13.523029],[-71.988491,-13.523161],[-71.990278,-13.524183],[-71.990891,-13.524491],[-71.991281,-13.52473],[-71.99145,-13.52488],[-71.991823,-13.525144],[-71.991987,-13.525118],[-71.99312,-13.523694],[-71.993302,-13.523562],[-71.993516,-13.523481],[-71.993744,-13.523462],[-71.993967,-13.523505],[-71.994404,-13.523646],[-71.994629,-13.523682],[-71.994858,-13.523671],[-71.995765,-13.523535],[-71.995994,-13.523539],[-71.996675,-13.52364],[-71.996899,-13.523622],[-71.997081,-13.52349],[-71.99715,-13.523279],[-71.997092,-13.523069],[-71.99692,-13.522931],[-71.996708,-13.522844],[-71.995387,-13.52246],[-71.995183,-13.522367],[-71.994847,-13.522059],[-71.994047,-13.521248],[-71.99391,-13.521067],[-71.993858,-13.520852],[-71.993882,-13.520628],[-71.993969,-13.520419],[-71.994427,-13.519382],[-71.995441,-13.517874],[-71.995519,-13.517668],[-71.99545,-13.517459],[-71.995233,-13.517412],[-71.994372,-13.517718],[-71.994149,-13.51771],[-71.993959,-13.517593],[-71.993856,-13.517394],[-71.993763,-13.516951],[-71.993687,-13.516738],[-71.993574,-13.516544],[-71.993401,-13.5164],[-71.993197,-13.5163],[-71.992972,-13.516267],[-71.992743,-13.51627],[-71.992287,-13.516318],[-71.992057,-13.516316],[-71.991838,-13.516254],[-71.99165,-13.516128],[-71.99156,-13.515928],[-71.991351,-13.513677],[-71.991369,-13.513453],[-71.991418,-13.513232],[-71.991505,-13.513025],[-71.991631,-13.512839],[-71.991807,-13.512694],[-71.992185,-13.512438],[-71.992342,-13.512275],[-71.992446,-13.512078],[-71.992429,-13.5114],[-71.992457,-13.510949],[-71.992713,-13.51032],[-71.992914,-13.509672],[-71.993733,-13.50732],[-71.993873,-13.507144],[-71.994074,-13.507038],[-71.994299,-13.507],[-71.994525,-13.507038],[-71.995182,-13.507239],[-71.996071,-13.507467],[-71.996296,-13.50751],[-71.996524,-13.507527],[-71.998126,-13.5074],[-71.99973,-13.507302],[-72.000187,-13.507344],[-72.001077,-13.507562],[-72.001531,-13.50763],[-72.001989,-13.507646],[-72.0029,-13.50754],[-72.003358,-13.507545],[-72.003576,-13.50761],[-72.004618,-13.508082],[-72.004838,-13.508139],[-72.005062,-13.508098],[-72.007458,-13.507313],[-72.007906,-13.50722],[-72.008126,-13.507271],[-72.008311,-13.507403],[-72.008445,-13.507584],[-72.008695,-13.508216],[-72.008801,-13.508415],[-72.009005,-13.508496],[-72.009197,-13.508391],[-72.00923,-13.508177],[-72.009147,-13.507506],[-72.009229,-13.507297],[-72.009406,-13.507159],[-72.009625,-13.507112],[-72.010312,-13.507156],[-72.01077,-13.507133],[-72.010994,-13.507085],[-72.011413,-13.506903],[-72.011614,-13.506793],[-72.015566,-13.504074],[-72.016518,-13.503441],[-72.016921,-13.503227],[-72.017135,-13.503147],[-72.017358,-13.503096],[-72.017817,-13.503089],[-72.018263,-13.503189],[-72.0195,-13.503786],[-72.01969,-13.50391],[-72.02202,-13.506091],[-72.022218,-13.506204],[-72.022441,-13.506249],[-72.022667,-13.506213],[-72.022869,-13.506106],[-72.02337,-13.505642],[-72.02351,-13.505463],[-72.023605,-13.505259],[-72.023656,-13.505039],[-72.02377,-13.503688],[-72.023823,-13.50347],[-72.023936,-13.503276],[-72.024112,-13.503133],[-72.024326,-13.50306],[-72.024555,-13.50306],[-72.024765,-13.503145],[-72.025141,-13.5034],[-72.025362,-13.503403],[-72.025524,-13.503246],[-72.026006,-13.502477],[-72.026162,-13.502313],[-72.026373,-13.502232],[-72.026599,-13.502197],[-72.028205,-13.502131],[-72.028433,-13.502151],[-72.028643,-13.502233],[-72.0288,-13.502398],[-72.029488,-13.503573],[-72.029747,-13.503945],[-72.029942,-13.50406],[-72.030169,-13.50405],[-72.030365,-13.503939],[-72.030481,-13.503747],[-72.030535,-13.503299],[-72.030586,-13.503079],[-72.031021,-13.501556],[-72.031192,-13.501137],[-72.031418,-13.500743],[-72.032172,-13.499609],[-72.032486,-13.499282],[-72.032857,-13.499017],[-72.037166,-13.496886],[-72.037996,-13.4965],[-72.038643,-13.496267],[-72.038865,-13.49621],[-72.041115,-13.495761],[-72.042233,-13.495509],[-72.043065,-13.495125],[-72.044706,-13.494312],[-72.049535,-13.49221],[-72.049937,-13.491992],[-72.050504,-13.491606],[-72.052929,-13.489529],[-72.053141,-13.489448],[-72.053365,-13.489406],[-72.053593,-13.489418],[-72.053815,-13.489474],[-72.054016,-13.489577],[-72.054739,-13.490133],[-72.055175,-13.490268],[-72.055403,-13.490267],[-72.055627,-13.490228],[-72.05714,-13.489695],[-72.057586,-13.48959],[-72.057815,-13.489574],[-72.058273,-13.489596],[-72.059405,-13.489784],[-72.060318,-13.48987],[-72.061007,-13.48987],[-72.061235,-13.489848],[-72.061915,-13.489741],[-72.062359,-13.489626],[-72.073868,-13.485087],[-72.081218,-13.481888],[-72.081855,-13.481632],[-72.085566,-13.480441],[-72.087101,-13.479972],[-72.089117,-13.479527],[-72.091815,-13.478977],[-72.094732,-13.47835],[-72.095639,-13.478217],[-72.095868,-13.478201],[-72.096327,-13.478226],[-72.097238,-13.478338],[-72.099045,-13.478659],[-72.100388,-13.47896],[-72.101257,-13.479251],[-72.105089,-13.480775],[-72.105758,-13.480933],[-72.10713,-13.481061],[-72.108489,-13.481279],[-72.108947,-13.481306],[-72.109636,-13.481307],[-72.112157,-13.481154],[-72.112607,-13.481067],[-72.113038,-13.480916],[-72.113438,-13.480696],[-72.11382,-13.480445],[-72.116602,-13.478447],[-72.117561,-13.477826],[-72.11797,-13.47762],[-72.118394,-13.477445],[-72.119049,-13.477238],[-72.11995,-13.477065],[-72.120408,-13.47703],[-72.122244,-13.476999],[-72.123154,-13.476886],[-72.124052,-13.476694],[-72.126731,-13.476064],[-72.127392,-13.475872],[-72.127824,-13.47572],[-72.128652,-13.475329],[-72.130619,-13.474164],[-72.131183,-13.473775],[-72.131718,-13.473349],[-72.138772,-13.466874],[-72.139638,-13.466132],[-72.14001,-13.465869],[-72.140625,-13.465565],[-72.141688,-13.465137],[-72.145127,-13.463866],[-72.146216,-13.46351],[-72.148365,-13.462714],[-72.148802,-13.462582],[-72.149029,-13.462612],[-72.149667,-13.462866],[-72.14984,-13.463014],[-72.150275,-13.463539],[-72.150413,-13.46372],[-72.152104,-13.466674],[-72.153041,-13.468229],[-72.154258,-13.470146],[-72.155209,-13.471694],[-72.155852,-13.47263],[-72.160044,-13.477724],[-72.161367,-13.479288],[-72.161782,-13.479829],[-72.162938,-13.481234],[-72.164153,-13.48259],[-72.166441,-13.484813],[-72.168869,-13.487219],[-72.169708,-13.48799],[-72.172123,-13.490408],[-72.17284,-13.490972],[-72.177602,-13.494128],[-72.180972,-13.496067],[-72.184367,-13.497963],[-72.184793,-13.498132],[-72.185666,-13.498411],[-72.186115,-13.498509],[-72.187025,-13.498626],[-72.191135,-13.499059],[-72.192049,-13.499111],[-72.192684,-13.499371],[-72.192909,-13.499416],[-72.193137,-13.49943],[-72.193365,-13.499416],[-72.193819,-13.499347],[-72.196303,-13.498896],[-72.198795,-13.498494],[-72.202682,-13.498152],[-72.210661,-13.497212],[-72.213164,-13.49688],[-72.215448,-13.496651],[-72.217744,-13.496671],[-72.219121,-13.496651],[-72.219347,-13.496612],[-72.220678,-13.496264],[-72.221106,-13.496102],[-72.221311,-13.495999],[-72.221699,-13.495758],[-72.223521,-13.494385],[-72.22393,-13.494179],[-72.224372,-13.494064],[-72.227784,-13.493605],[-72.228454,-13.493452],[-72.228886,-13.493299],[-72.23163,-13.492142],[-72.234446,-13.491168],[-72.238661,-13.490063],[-72.249103,-13.486593],[-72.25151,-13.485842],[-72.252804,-13.485376],[-72.268039,-13.480337],[-72.270005,-13.479708],[-72.271959,-13.479048],[-72.27324,-13.478551],[-72.273835,-13.47821],[-72.274588,-13.477693],[-72.275104,-13.477243],[-72.278269,-13.474287],[-72.279222,-13.473307],[-72.281876,-13.470188],[-72.282366,-13.469712],[-72.283045,-13.469103],[-72.28326,-13.468705],[-72.28557,-13.46353],[-72.285692,-13.463339],[-72.285862,-13.46319],[-72.286476,-13.462885],[-72.287738,-13.462342],[-72.289593,-13.461445],[-72.290193,-13.461112],[-72.290964,-13.460621],[-72.29195,-13.460041],[-72.292159,-13.459951],[-72.302476,-13.456135],[-72.303114,-13.455879],[-72.305481,-13.455013],[-72.313203,-13.452111],[-72.315124,-13.45136],[-72.318035,-13.450018],[-72.318434,-13.449793],[-72.318798,-13.449521],[-72.319242,-13.449002],[-72.320454,-13.447354],[-72.320617,-13.447198],[-72.320801,-13.447062],[-72.321205,-13.446851],[-72.322927,-13.446225],[-72.323324,-13.445999],[-72.323495,-13.445849],[-72.325513,-13.443386],[-72.325669,-13.443221],[-72.325846,-13.443077],[-72.326038,-13.442956],[-72.326252,-13.442874],[-72.3267,-13.442778],[-72.326928,-13.442765],[-72.327157,-13.442787],[-72.327378,-13.442841],[-72.329689,-13.443846],[-72.329911,-13.443902],[-72.330138,-13.443921],[-72.330366,-13.443907],[-72.33059,-13.443856],[-72.330803,-13.443772],[-72.331006,-13.44367],[-72.331189,-13.443535],[-72.331528,-13.443231],[-72.331732,-13.443126],[-72.331943,-13.443043],[-72.332168,-13.443],[-72.332398,-13.443002],[-72.332625,-13.443037],[-72.332838,-13.443121],[-72.333814,-13.443714],[-72.334222,-13.443919],[-72.334659,-13.444054],[-72.335341,-13.444149],[-72.335569,-13.444149],[-72.335797,-13.444121],[-72.336017,-13.444061],[-72.339248,-13.442889],[-72.339465,-13.442815],[-72.33969,-13.442772],[-72.339918,-13.442773],[-72.340145,-13.442804],[-72.340367,-13.442861],[-72.341235,-13.443155],[-72.341907,-13.443304],[-72.34512,-13.443314],[-72.345576,-13.443371],[-72.346926,-13.443641],[-72.347153,-13.443672],[-72.347611,-13.443657],[-72.347837,-13.443619],[-72.348275,-13.443485],[-72.352798,-13.441841],[-72.359703,-13.43937],[-72.359927,-13.439321],[-72.360153,-13.439357],[-72.360353,-13.439459],[-72.360485,-13.43964],[-72.36055,-13.439854],[-72.360536,-13.440079],[-72.360255,-13.440936],[-72.360278,-13.441159],[-72.36037,-13.441364],[-72.360533,-13.44152],[-72.360721,-13.441649],[-72.361691,-13.442253],[-72.361908,-13.442323],[-72.362136,-13.442325],[-72.363039,-13.442163],[-72.363496,-13.442127],[-72.36395,-13.442185],[-72.36439,-13.442313],[-72.365015,-13.442598],[-72.366074,-13.443034],[-72.36627,-13.44315],[-72.366431,-13.443312],[-72.366982,-13.444031],[-72.367363,-13.444282],[-72.368406,-13.444755],[-72.368603,-13.444867],[-72.368752,-13.445036],[-72.368823,-13.44525],[-72.368813,-13.445475],[-72.368613,-13.446817],[-72.368552,-13.447034],[-72.368455,-13.447239],[-72.36808,-13.447807],[-72.3677,-13.44863],[-72.367687,-13.448851],[-72.367804,-13.449042],[-72.368008,-13.449137],[-72.36823,-13.449089],[-72.368881,-13.448867],[-72.369105,-13.448824],[-72.36933,-13.448853],[-72.369963,-13.449121],[-72.370188,-13.449127],[-72.370378,-13.449012],[-72.370488,-13.448814],[-72.370649,-13.448391],[-72.370752,-13.448191],[-72.371012,-13.447819],[-72.371349,-13.447513],[-72.371542,-13.447391],[-72.371749,-13.447293],[-72.37218,-13.447138],[-72.372379,-13.447028],[-72.372537,-13.446869],[-72.372777,-13.446484],[-72.372937,-13.446324],[-72.373152,-13.446255],[-72.373365,-13.446313],[-72.373514,-13.446484],[-72.374172,-13.44741],[-72.374346,-13.447553],[-72.374563,-13.447547],[-72.374733,-13.447397],[-72.374976,-13.447015],[-72.375137,-13.446856],[-72.375349,-13.446776],[-72.377605,-13.446357],[-72.379431,-13.446159],[-72.379889,-13.446127],[-72.380115,-13.446147],[-72.380267,-13.446305],[-72.380344,-13.446748],[-72.380407,-13.446964],[-72.380535,-13.44715],[-72.380711,-13.447294],[-72.380925,-13.447369],[-72.381154,-13.447375],[-72.381375,-13.447318],[-72.382013,-13.447064],[-72.382681,-13.446895],[-72.382896,-13.446819],[-72.38307,-13.446675],[-72.383537,-13.446176],[-72.383712,-13.446031],[-72.383921,-13.445938],[-72.384826,-13.445789],[-72.385016,-13.445674],[-72.385106,-13.44547],[-72.385196,-13.445027],[-72.385304,-13.44483],[-72.385482,-13.444694],[-72.385704,-13.444654],[-72.386616,-13.444749],[-72.386839,-13.444796],[-72.387028,-13.444921],[-72.387159,-13.445103],[-72.387217,-13.44532],[-72.387286,-13.445995],[-72.387338,-13.446215],[-72.387419,-13.446426],[-72.387524,-13.446626],[-72.388579,-13.448106],[-72.388787,-13.448508],[-72.38886,-13.448722],[-72.389162,-13.450964],[-72.389289,-13.451397],[-72.389603,-13.452],[-72.3906,-13.453519],[-72.390763,-13.453677],[-72.390955,-13.453801],[-72.391171,-13.453877],[-72.392527,-13.454106],[-72.392744,-13.454178],[-72.392943,-13.454289],[-72.393111,-13.454443],[-72.393877,-13.455283],[-72.393989,-13.45548],[-72.394058,-13.455693],[-72.39418,-13.45636],[-72.394302,-13.45655],[-72.394473,-13.456697],[-72.394684,-13.456781],[-72.395137,-13.456859],[-72.395334,-13.456972],[-72.395476,-13.457146],[-72.395537,-13.457362],[-72.395504,-13.458038],[-72.395426,-13.458249],[-72.395295,-13.458435],[-72.395117,-13.458573],[-72.394909,-13.458667],[-72.394683,-13.458697],[-72.394457,-13.458666],[-72.39425,-13.458579],[-72.394072,-13.458438],[-72.393236,-13.457663],[-72.393055,-13.457524],[-72.392841,-13.457451],[-72.392615,-13.457479],[-72.392416,-13.457586],[-72.392271,-13.457759],[-72.391635,-13.458699],[-72.39162,-13.45892],[-72.391719,-13.459119],[-72.391931,-13.459194],[-72.392156,-13.459165],[-72.392309,-13.459001],[-72.392397,-13.458557],[-72.392475,-13.458345],[-72.392649,-13.458203],[-72.392868,-13.458143],[-72.393089,-13.458187],[-72.393276,-13.458316],[-72.393822,-13.459043],[-72.39401,-13.459171],[-72.394231,-13.459226],[-72.396754,-13.459319],[-72.396978,-13.459282],[-72.397143,-13.459134],[-72.3972,-13.458918],[-72.396996,-13.457348],[-72.397015,-13.456897],[-72.397142,-13.456231],[-72.397149,-13.456005],[-72.397121,-13.455782],[-72.397058,-13.455565],[-72.396963,-13.45536],[-72.396823,-13.455182],[-72.396654,-13.455032],[-72.396438,-13.454973],[-72.39575,-13.455008],[-72.395528,-13.454958],[-72.395218,-13.454627],[-72.395108,-13.454432],[-72.395132,-13.453757],[-72.395051,-13.453545],[-72.393797,-13.45113],[-72.39374,-13.450913],[-72.39376,-13.450691],[-72.393865,-13.450492],[-72.394031,-13.45034],[-72.394241,-13.450252],[-72.397275,-13.449208],[-72.397437,-13.449053],[-72.397523,-13.448845],[-72.397499,-13.448623],[-72.39732,-13.44797],[-72.397332,-13.447744],[-72.397401,-13.44753],[-72.39752,-13.447337],[-72.397979,-13.446832],[-72.398139,-13.446671],[-72.398321,-13.446534],[-72.39853,-13.446444],[-72.398753,-13.446392],[-72.398982,-13.446385],[-72.399427,-13.446497],[-72.399637,-13.446584],[-72.399801,-13.446738],[-72.399892,-13.446943],[-72.399898,-13.447167],[-72.399798,-13.447367],[-72.39963,-13.447514],[-72.399426,-13.447609],[-72.399199,-13.447637],[-72.398755,-13.447523],[-72.398528,-13.4475],[-72.398307,-13.447549],[-72.398119,-13.447676],[-72.39798,-13.447854],[-72.397926,-13.448071],[-72.397948,-13.448295],[-72.398119,-13.449183],[-72.398067,-13.449401],[-72.397949,-13.449593],[-72.396743,-13.450636],[-72.396717,-13.450853],[-72.396868,-13.451005],[-72.397091,-13.450996],[-72.39724,-13.450832],[-72.397466,-13.450438],[-72.397601,-13.450256],[-72.398255,-13.449623],[-72.398358,-13.449425],[-72.398509,-13.448764],[-72.398626,-13.44857],[-72.398797,-13.448422],[-72.399004,-13.448327],[-72.399681,-13.448212],[-72.39989,-13.448124],[-72.400076,-13.447996],[-72.40019,-13.447802],[-72.401059,-13.445955],[-72.401354,-13.445099],[-72.40165,-13.444007],[-72.401746,-13.443803],[-72.401907,-13.443645],[-72.402726,-13.443237],[-72.402926,-13.443126],[-72.40311,-13.442992],[-72.403283,-13.442844],[-72.404028,-13.441984],[-72.404196,-13.441833],[-72.40442,-13.441791],[-72.40461,-13.441911],[-72.404697,-13.442115],[-72.404611,-13.442316],[-72.404095,-13.442765],[-72.403441,-13.443399],[-72.403303,-13.44358],[-72.403109,-13.443988],[-72.403049,-13.444206],[-72.40298,-13.44556],[-72.402899,-13.445771],[-72.402764,-13.445954],[-72.40164,-13.446738],[-72.401324,-13.447064],[-72.40122,-13.447265],[-72.401155,-13.447482],[-72.401125,-13.447706],[-72.401139,-13.447931],[-72.40129,-13.448591],[-72.401263,-13.448814],[-72.40117,-13.449019],[-72.401021,-13.449189],[-72.400458,-13.449571],[-72.400391,-13.449781],[-72.400469,-13.449989],[-72.40137,-13.451015],[-72.401838,-13.451512],[-72.402039,-13.45161],[-72.402254,-13.451551],[-72.402376,-13.451369],[-72.402361,-13.451156],[-72.401564,-13.450344],[-72.40145,-13.45015],[-72.401393,-13.449932],[-72.401398,-13.449709],[-72.401461,-13.449492],[-72.4016,-13.449316],[-72.402388,-13.448495],[-72.402484,-13.448293],[-72.402494,-13.448068],[-72.40244,-13.447394],[-72.402529,-13.447188],[-72.402707,-13.447052],[-72.402922,-13.446974],[-72.403368,-13.446871],[-72.403578,-13.446781],[-72.403762,-13.446647],[-72.404282,-13.445904],[-72.404484,-13.445812],[-72.404709,-13.445846],[-72.404843,-13.446018],[-72.404833,-13.446238],[-72.404665,-13.446382],[-72.404079,-13.446737],[-72.403907,-13.446884],[-72.403791,-13.447077],[-72.403617,-13.44819],[-72.403519,-13.448393],[-72.40337,-13.448563],[-72.402336,-13.449457],[-72.402272,-13.449669],[-72.402356,-13.449872],[-72.402546,-13.44999],[-72.403689,-13.450085],[-72.403913,-13.45013],[-72.404126,-13.450214],[-72.404319,-13.450336],[-72.404491,-13.450486],[-72.405338,-13.451249],[-72.405489,-13.451416],[-72.405581,-13.451621],[-72.405615,-13.451844],[-72.405647,-13.4532],[-72.405635,-13.453424],[-72.405568,-13.453639],[-72.405461,-13.453839],[-72.404975,-13.454606],[-72.404956,-13.454825],[-72.405095,-13.454992],[-72.405313,-13.454998],[-72.405475,-13.454851],[-72.405503,-13.454405],[-72.405555,-13.454186],[-72.405651,-13.453981],[-72.406704,-13.452499],[-72.406815,-13.452302],[-72.406879,-13.452086],[-72.406863,-13.451863],[-72.406793,-13.45165],[-72.406702,-13.451442],[-72.406453,-13.451063],[-72.406118,-13.450757],[-72.405748,-13.450488],[-72.40565,-13.450292],[-72.40574,-13.450096],[-72.405949,-13.450038],[-72.40614,-13.450147],[-72.406507,-13.45072],[-72.406662,-13.450886],[-72.407032,-13.451153],[-72.408018,-13.45173],[-72.40819,-13.451876],[-72.40828,-13.45208],[-72.408271,-13.452303],[-72.408175,-13.452508],[-72.407821,-13.45309],[-72.40775,-13.453303],[-72.407785,-13.453524],[-72.407906,-13.453712],[-72.408096,-13.453832],[-72.408322,-13.45386],[-72.408547,-13.453821],[-72.40909,-13.453404],[-72.409296,-13.453314],[-72.409522,-13.453303],[-72.40972,-13.453398],[-72.409843,-13.453584],[-72.409886,-13.453805],[-72.409831,-13.454021],[-72.409697,-13.454201],[-72.408248,-13.455312],[-72.408087,-13.455471],[-72.40797,-13.455661],[-72.407927,-13.455881],[-72.4079,-13.456332],[-72.407846,-13.456551],[-72.40761,-13.457186],[-72.407686,-13.457386],[-72.4079,-13.457446],[-72.408089,-13.457333],[-72.408212,-13.456902],[-72.408372,-13.456748],[-72.408796,-13.456578],[-72.40899,-13.45646],[-72.409135,-13.456033],[-72.409248,-13.455843],[-72.409457,-13.455755],[-72.409681,-13.455755],[-72.41013,-13.455846],[-72.410356,-13.455816],[-72.410536,-13.45568],[-72.410845,-13.455345],[-72.410993,-13.455173],[-72.411118,-13.454983],[-72.41121,-13.454777],[-72.411255,-13.454556],[-72.411266,-13.454331],[-72.411241,-13.454107],[-72.410837,-13.452342],[-72.410863,-13.452122],[-72.410986,-13.451935],[-72.411433,-13.451419],[-72.411531,-13.451216],[-72.41157,-13.450996],[-72.411531,-13.450775],[-72.411326,-13.45037],[-72.411244,-13.450161],[-72.411329,-13.449964],[-72.411535,-13.449883],[-72.411718,-13.449996],[-72.411779,-13.45021],[-72.411931,-13.451102],[-72.41196,-13.451551],[-72.411915,-13.451772],[-72.411622,-13.452385],[-72.411625,-13.452609],[-72.412038,-13.454138],[-72.412252,-13.454783],[-72.412299,-13.455003],[-72.412283,-13.455229],[-72.411901,-13.456765],[-72.41177,-13.45766],[-72.411684,-13.45787],[-72.411555,-13.458055],[-72.411384,-13.458206],[-72.409991,-13.458993],[-72.409822,-13.459144],[-72.40972,-13.459346],[-72.40967,-13.459565],[-72.409686,-13.459789],[-72.409763,-13.460001],[-72.410153,-13.46082],[-72.410279,-13.461003],[-72.410478,-13.46111],[-72.410702,-13.461096],[-72.410892,-13.460976],[-72.411023,-13.460792],[-72.411237,-13.460392],[-72.41141,-13.460253],[-72.411627,-13.46026],[-72.412238,-13.460572],[-72.412454,-13.460648],[-72.41268,-13.460676],[-72.413369,-13.460661],[-72.413583,-13.460585],[-72.413755,-13.460437],[-72.413859,-13.460239],[-72.41388,-13.460016],[-72.413781,-13.459117],[-72.413808,-13.458895],[-72.413952,-13.458725],[-72.414171,-13.458672],[-72.414395,-13.458709],[-72.416031,-13.459529],[-72.416836,-13.459965],[-72.417018,-13.4601],[-72.417178,-13.460261],[-72.417305,-13.460449],[-72.417386,-13.46066],[-72.417436,-13.46088],[-72.417554,-13.461548],[-72.417649,-13.461752],[-72.417782,-13.461934],[-72.417957,-13.462078],[-72.418342,-13.462324],[-72.418548,-13.462419],[-72.418775,-13.462431],[-72.418983,-13.462343],[-72.419124,-13.46217],[-72.419141,-13.461947],[-72.41847,-13.460025],[-72.418452,-13.459803],[-72.418528,-13.459593],[-72.418696,-13.45945],[-72.41892,-13.459411],[-72.419129,-13.459497],[-72.419283,-13.459662],[-72.420205,-13.460958],[-72.420389,-13.461087],[-72.420612,-13.461129],[-72.420833,-13.461076],[-72.421014,-13.460941],[-72.421129,-13.460747],[-72.422122,-13.458216],[-72.422252,-13.458033],[-72.422461,-13.457947],[-72.422687,-13.457956],[-72.422884,-13.458066],[-72.423025,-13.458244],[-72.425011,-13.461551],[-72.425066,-13.461769],[-72.425245,-13.462884],[-72.425403,-13.463033],[-72.425625,-13.463053],[-72.425791,-13.462913],[-72.425956,-13.462256],[-72.426087,-13.462075],[-72.426291,-13.461983],[-72.426516,-13.461987],[-72.426713,-13.462095],[-72.426817,-13.462295],[-72.427314,-13.4638],[-72.42742,-13.463999],[-72.427616,-13.464117],[-72.427835,-13.464183],[-72.428064,-13.464191],[-72.428288,-13.464144],[-72.428485,-13.46404],[-72.428875,-13.463225],[-72.429061,-13.4631],[-72.429284,-13.463067],[-72.4295,-13.463136],[-72.429669,-13.463287],[-72.429773,-13.463488],[-72.430029,-13.464118],[-72.430142,-13.464313],[-72.430304,-13.464473],[-72.434402,-13.467753],[-72.434593,-13.467877],[-72.434808,-13.46795],[-72.435036,-13.46795],[-72.436127,-13.467603],[-72.436353,-13.467617],[-72.436558,-13.467714],[-72.437974,-13.469194],[-72.438155,-13.469607],[-72.438203,-13.469826],[-72.438216,-13.470051],[-72.438053,-13.472759],[-72.438064,-13.472985],[-72.438113,-13.473205],[-72.438193,-13.473416],[-72.438696,-13.474432],[-72.438815,-13.474625],[-72.438968,-13.47479],[-72.439851,-13.475512],[-72.440002,-13.47568],[-72.440576,-13.476659],[-72.440704,-13.476847],[-72.440996,-13.477195],[-72.441676,-13.477803],[-72.44186,-13.477936],[-72.442064,-13.478039],[-72.445058,-13.479189],[-72.445808,-13.479711],[-72.44598,-13.479859],[-72.44648,-13.480325],[-72.446762,-13.480682],[-72.447253,-13.481157],[-72.447982,-13.481707],[-72.449296,-13.482619],[-72.452082,-13.484612],[-72.452806,-13.485169],[-72.453858,-13.486043],[-72.454007,-13.486215],[-72.454065,-13.486432],[-72.454088,-13.486883],[-72.454129,-13.487105],[-72.454253,-13.487293],[-72.454736,-13.487776],[-72.455501,-13.488619],[-72.456006,-13.489077],[-72.456215,-13.489168],[-72.456895,-13.489269],[-72.457113,-13.489338],[-72.457309,-13.489456],[-72.457676,-13.489727],[-72.457984,-13.490062],[-72.458266,-13.490419],[-72.461207,-13.494462],[-72.46133,-13.494652],[-72.461429,-13.494857],[-72.46163,-13.495504],[-72.46171,-13.495715],[-72.461821,-13.495913],[-72.461974,-13.496082],[-72.462707,-13.496623],[-72.462861,-13.49679],[-72.463125,-13.497159],[-72.463283,-13.497321],[-72.463478,-13.497439],[-72.464998,-13.497952],[-72.465441,-13.498068],[-72.465897,-13.498111],[-72.466816,-13.49812],[-72.467274,-13.498147],[-72.467727,-13.498222],[-72.471685,-13.49939],[-72.473683,-13.499909],[-72.473906,-13.499962],[-72.474135,-13.499977],[-72.47459,-13.499931],[-72.474811,-13.49987],[-72.475022,-13.499783],[-72.476848,-13.49883],[-72.477067,-13.498768],[-72.477293,-13.498791],[-72.477717,-13.498964],[-72.477939,-13.499017],[-72.479302,-13.498828],[-72.479525,-13.498771],[-72.479712,-13.498643],[-72.480062,-13.49835],[-72.480252,-13.498228],[-72.480473,-13.49818],[-72.480701,-13.498196],[-72.482509,-13.498508],[-72.48273,-13.498572],[-72.483156,-13.498739],[-72.483976,-13.499145],[-72.484194,-13.499215],[-72.484869,-13.499348],[-72.485099,-13.499359],[-72.485318,-13.499297],[-72.485514,-13.49918],[-72.485865,-13.498889],[-72.486069,-13.498789],[-72.486295,-13.498754],[-72.486522,-13.498781],[-72.487404,-13.499031],[-72.487614,-13.499122],[-72.488181,-13.499505],[-72.488587,-13.499713],[-72.488803,-13.49979],[-72.489917,-13.50006],[-72.490133,-13.500137],[-72.490522,-13.500377],[-72.490886,-13.500652],[-72.49194,-13.501525],[-72.492306,-13.501797],[-72.49251,-13.5019],[-72.49273,-13.501961],[-72.499385,-13.502156],[-72.499843,-13.502183],[-72.500061,-13.502243],[-72.500253,-13.502367],[-72.501702,-13.503478],[-72.502807,-13.504288],[-72.502984,-13.504431],[-72.503816,-13.505211],[-72.504168,-13.5055],[-72.504584,-13.50569],[-72.504806,-13.505747],[-72.506407,-13.505876],[-72.506616,-13.505961],[-72.506795,-13.5061],[-72.506888,-13.506302],[-72.506888,-13.506527],[-72.506642,-13.507398],[-72.506638,-13.507621],[-72.506725,-13.507828],[-72.507433,-13.508716],[-72.507526,-13.508922],[-72.50756,-13.509144],[-72.507544,-13.509368],[-72.50738,-13.50979],[-72.507321,-13.510007],[-72.507367,-13.510223],[-72.507518,-13.510393],[-72.507901,-13.510641],[-72.508077,-13.510783],[-72.508161,-13.51099],[-72.508161,-13.511214],[-72.507915,-13.511845],[-72.507931,-13.512068],[-72.508062,-13.512244],[-72.508273,-13.512327],[-72.508726,-13.512398],[-72.508944,-13.512466],[-72.509127,-13.5126],[-72.509241,-13.512794],[-72.509328,-13.513238],[-72.50954,-13.514806],[-72.509536,-13.515258],[-72.509484,-13.515478],[-72.5094,-13.515687],[-72.509268,-13.515871],[-72.509102,-13.516028],[-72.50835,-13.516546],[-72.508177,-13.516694],[-72.508046,-13.516879],[-72.507843,-13.517285],[-72.507721,-13.517476],[-72.507421,-13.517818],[-72.506737,-13.51842],[-72.506423,-13.51875],[-72.506284,-13.518928],[-72.506061,-13.519323],[-72.505747,-13.519927],[-72.505597,-13.520354],[-72.505517,-13.520799],[-72.505502,-13.521024],[-72.505537,-13.522154],[-72.505564,-13.522378],[-72.50564,-13.52259],[-72.505864,-13.522984],[-72.505995,-13.523168],[-72.506462,-13.523666],[-72.50674,-13.524027],[-72.507088,-13.524321],[-72.507276,-13.524449],[-72.508851,-13.52538],[-72.509026,-13.525526],[-72.511296,-13.527767],[-72.511587,-13.528115],[-72.511685,-13.528319],[-72.511875,-13.528971],[-72.511962,-13.529179],[-72.5121,-13.529357],[-72.51227,-13.529509],[-72.512799,-13.529943],[-72.512983,-13.530077],[-72.513188,-13.530179],[-72.513621,-13.530328],[-72.514503,-13.53058],[-72.514918,-13.53077],[-72.516216,-13.531705],[-72.516388,-13.531853],[-72.516516,-13.532038],[-72.516606,-13.532246],[-72.51794,-13.535617],[-72.518118,-13.536033],[-72.518231,-13.536229],[-72.518393,-13.536385],[-72.519133,-13.536921],[-72.519303,-13.537072],[-72.519462,-13.537235],[-72.520466,-13.53847],[-72.521576,-13.539613],[-72.52176,-13.539748],[-72.521965,-13.539846],[-72.522187,-13.539903],[-72.524004,-13.540172],[-72.524681,-13.540297],[-72.525799,-13.540553],[-72.527792,-13.541091],[-72.528227,-13.541236],[-72.529274,-13.541697],[-72.531929,-13.54304],[-72.536584,-13.545495],[-72.537404,-13.545902],[-72.537979,-13.546277],[-72.538891,-13.546963],[-72.5397,-13.547389],[-72.539883,-13.547525],[-72.540363,-13.548012],[-72.541261,-13.548714],[-72.543335,-13.550134],[-72.544714,-13.551327],[-72.544872,-13.551491],[-72.545139,-13.551858],[-72.545822,-13.552463],[-72.546144,-13.552786],[-72.5472,-13.553978],[-72.547366,-13.554132],[-72.547748,-13.554381],[-72.548369,-13.554674],[-72.548582,-13.554751],[-72.54881,-13.554761],[-72.549037,-13.554729],[-72.549475,-13.554596],[-72.550881,-13.553831],[-72.551301,-13.553648],[-72.551523,-13.553594],[-72.55244,-13.553552],[-72.553358,-13.553553],[-72.55473,-13.553656],[-72.555878,-13.553631],[-72.556331,-13.553569],[-72.556547,-13.553494],[-72.556956,-13.553291],[-72.557139,-13.553154],[-72.558234,-13.551998],[-72.558414,-13.551858],[-72.558805,-13.551624],[-72.559672,-13.551328],[-72.562553,-13.55056],[-72.563005,-13.550482],[-72.563234,-13.550473],[-72.563692,-13.550494],[-72.564141,-13.550588],[-72.564765,-13.550874],[-72.564957,-13.550997],[-72.565671,-13.551564],[-72.565966,-13.55191],[-72.566223,-13.552285],[-72.566317,-13.55249],[-72.566346,-13.552712],[-72.566318,-13.552936],[-72.566222,-13.553137],[-72.566096,-13.553326],[-72.56605,-13.553544],[-72.566136,-13.553987],[-72.566208,-13.554201],[-72.566376,-13.554622],[-72.566489,-13.554818],[-72.566803,-13.555147],[-72.567967,-13.556238],[-72.568485,-13.556685],[-72.568775,-13.557035],[-72.569291,-13.55748],[-72.569412,-13.557671],[-72.569749,-13.558512],[-72.569871,-13.558703],[-72.571049,-13.56009],[-72.571377,-13.560406],[-72.571734,-13.560692],[-72.571927,-13.56081],[-72.572581,-13.561021],[-72.573426,-13.561374],[-72.574299,-13.561653],[-72.574511,-13.561739],[-72.574684,-13.561884],[-72.575602,-13.563449],[-72.575806,-13.563543],[-72.576953,-13.563533],[-72.577182,-13.563521],[-72.577405,-13.563472],[-72.57855,-13.56272],[-72.578759,-13.562629],[-72.578986,-13.562613],[-72.579444,-13.562636],[-72.579669,-13.562607],[-72.580219,-13.562201],[-72.580419,-13.562091],[-72.580634,-13.56202],[-72.580863,-13.562029],[-72.581088,-13.56207],[-72.581544,-13.562033],[-72.581772,-13.562058],[-72.58289,-13.56231],[-72.583082,-13.562432],[-72.583256,-13.562579],[-72.583452,-13.56269],[-72.583672,-13.562749],[-72.584131,-13.562751],[-72.584338,-13.56284],[-72.584483,-13.563012],[-72.584673,-13.563136],[-72.584886,-13.563219],[-72.58511,-13.56326],[-72.585337,-13.563234],[-72.585556,-13.563171],[-72.586477,-13.562499],[-72.586691,-13.56242],[-72.586918,-13.56241],[-72.587362,-13.562522],[-72.587797,-13.562665],[-72.587959,-13.562822],[-72.58807,-13.563018],[-72.588456,-13.563839],[-72.588598,-13.564013],[-72.58879,-13.564133],[-72.589005,-13.56421],[-72.58923,-13.56425],[-72.58945,-13.564194],[-72.589865,-13.564008],[-72.59009,-13.563993],[-72.590771,-13.564097],[-72.590993,-13.564151],[-72.591183,-13.564274],[-72.591452,-13.564639],[-72.591643,-13.564749],[-72.592073,-13.5646],[-72.592278,-13.564674],[-72.592461,-13.56481],[-72.592667,-13.564909],[-72.593317,-13.565129],[-72.593535,-13.565073],[-72.593716,-13.564933],[-72.593938,-13.564891],[-72.594358,-13.565069],[-72.594531,-13.565213],[-72.594822,-13.565562],[-72.59501,-13.565686],[-72.595229,-13.565674],[-72.595325,-13.565477],[-72.595147,-13.565069],[-72.595005,-13.564639],[-72.594666,-13.56405],[-72.59465,-13.563827],[-72.594766,-13.563633],[-72.595042,-13.563272],[-72.595157,-13.563076],[-72.595323,-13.562655],[-72.59579,-13.561878],[-72.596222,-13.561351],[-72.596345,-13.561164],[-72.596431,-13.560954],[-72.596542,-13.560757],[-72.596702,-13.560595],[-72.596889,-13.560469],[-72.597327,-13.560333],[-72.597499,-13.560192],[-72.597591,-13.55975],[-72.597727,-13.559573],[-72.598657,-13.55891],[-72.599724,-13.558052],[-72.600309,-13.557696],[-72.603112,-13.556147],[-72.603537,-13.555975],[-72.605064,-13.555482],[-72.605258,-13.555362],[-72.605899,-13.554716],[-72.606008,-13.554518],[-72.606561,-13.553034],[-72.606705,-13.552859],[-72.607638,-13.552203],[-72.608062,-13.552031],[-72.60872,-13.551832],[-72.609174,-13.551767],[-72.609631,-13.551731],[-72.610746,-13.551461],[-72.61096,-13.551385],[-72.612295,-13.550506],[-72.612509,-13.55043],[-72.613423,-13.550512],[-72.61364,-13.550576],[-72.613822,-13.550712],[-72.614144,-13.551034],[-72.614352,-13.55112],[-72.614566,-13.551044],[-72.616008,-13.550346],[-72.616428,-13.550163],[-72.616645,-13.550095],[-72.616872,-13.550058],[-72.6171,-13.55004],[-72.617282,-13.550156],[-72.617496,-13.550555],[-72.6177,-13.550637],[-72.617929,-13.55065],[-72.618618,-13.550674],[-72.618843,-13.550656],[-72.619004,-13.5505],[-72.619138,-13.550317],[-72.619311,-13.550186],[-72.619536,-13.550214],[-72.619755,-13.550282],[-72.61998,-13.550275],[-72.620353,-13.550019],[-72.620573,-13.549985],[-72.621369,-13.550433],[-72.621577,-13.550525],[-72.621802,-13.550517],[-72.622206,-13.550307],[-72.622421,-13.550267],[-72.622622,-13.550366],[-72.623356,-13.55091],[-72.62355,-13.55103],[-72.624753,-13.551686],[-72.625185,-13.552211],[-72.625358,-13.552357],[-72.625736,-13.552613],[-72.625882,-13.552784],[-72.626194,-13.553389],[-72.626807,-13.55485],[-72.627526,-13.556007],[-72.627697,-13.55615],[-72.627913,-13.55621],[-72.628081,-13.556071],[-72.628138,-13.555853],[-72.628144,-13.55563],[-72.62801,-13.555199],[-72.628005,-13.554974],[-72.628037,-13.554751],[-72.628006,-13.554528],[-72.627918,-13.55432],[-72.627885,-13.554101],[-72.627978,-13.553658],[-72.628,-13.553433],[-72.627983,-13.553209],[-72.627716,-13.552345],[-72.627721,-13.552123],[-72.627901,-13.551708],[-72.627953,-13.551488],[-72.62796,-13.551263],[-72.627905,-13.551045],[-72.627802,-13.550844],[-72.627646,-13.550685],[-72.627452,-13.550565],[-72.627328,-13.550381],[-72.627305,-13.549706],[-72.627173,-13.549526],[-72.626512,-13.548898],[-72.626366,-13.548725],[-72.626293,-13.548512],[-72.626303,-13.54829],[-72.626376,-13.548082],[-72.626515,-13.547903],[-72.627426,-13.547216],[-72.627623,-13.547102],[-72.627848,-13.54706],[-72.628077,-13.547068],[-72.62829,-13.547132],[-72.628392,-13.547331],[-72.62847,-13.547543],[-72.628625,-13.547706],[-72.628835,-13.547793],[-72.62906,-13.547838],[-72.630196,-13.547999],[-72.630652,-13.547952],[-72.632678,-13.547552],[-72.633742,-13.547129],[-72.633966,-13.547086],[-72.634195,-13.547087],[-72.634422,-13.547119],[-72.634638,-13.547194],[-72.634842,-13.547296],[-72.63542,-13.547665],[-72.635831,-13.547865],[-72.636045,-13.547943],[-72.6365,-13.548],[-72.637337,-13.548372],[-72.637558,-13.548396],[-72.637989,-13.548249],[-72.638214,-13.548268],[-72.638643,-13.54843],[-72.638822,-13.548567],[-72.639716,-13.549882],[-72.639827,-13.55008],[-72.639994,-13.550223],[-72.640199,-13.550156],[-72.640284,-13.549953],[-72.640296,-13.549728],[-72.640235,-13.549282],[-72.64027,-13.549059],[-72.640476,-13.548657],[-72.640528,-13.548437],[-72.640625,-13.547538],[-72.640723,-13.547335],[-72.640884,-13.547177],[-72.64109,-13.547077],[-72.641308,-13.547007],[-72.641754,-13.546901],[-72.64221,-13.546844],[-72.642423,-13.546769],[-72.642559,-13.546592],[-72.642769,-13.545713],[-72.642871,-13.545515],[-72.643056,-13.545388],[-72.643467,-13.545186],[-72.643693,-13.545154],[-72.643921,-13.54517],[-72.644139,-13.545243],[-72.644318,-13.545381],[-72.644615,-13.545725],[-72.644833,-13.546122],[-72.645045,-13.546136],[-72.645178,-13.545956],[-72.64553,-13.54488],[-72.645766,-13.544493],[-72.646153,-13.543931],[-72.646472,-13.543607],[-72.64683,-13.543325],[-72.647273,-13.543215],[-72.64767,-13.542989],[-72.64785,-13.54285],[-72.648148,-13.542511],[-72.648364,-13.54244],[-72.648593,-13.54244],[-72.648814,-13.54239],[-72.648996,-13.542256],[-72.649269,-13.541894],[-72.649374,-13.541695],[-72.649436,-13.541248],[-72.649499,-13.541031],[-72.649614,-13.540836],[-72.649797,-13.540702],[-72.650022,-13.540671],[-72.650239,-13.540735],[-72.65063,-13.540971],[-72.650788,-13.541133],[-72.650907,-13.541326],[-72.651153,-13.541959],[-72.651189,-13.542181],[-72.651182,-13.542407],[-72.651219,-13.542627],[-72.651422,-13.542686],[-72.65164,-13.542613],[-72.651862,-13.542604],[-72.652173,-13.542926],[-72.652963,-13.543382],[-72.653132,-13.543535],[-72.65344,-13.54387],[-72.653612,-13.544017],[-72.653819,-13.544112],[-72.654706,-13.544349],[-72.655379,-13.544487],[-72.655836,-13.544531],[-72.656295,-13.544539],[-72.65651,-13.544607],[-72.657274,-13.545109],[-72.657631,-13.545392],[-72.657935,-13.545729],[-72.658054,-13.545921],[-72.65823,-13.546337],[-72.658374,-13.546513],[-72.658852,-13.547001],[-72.659223,-13.547571],[-72.659441,-13.547621],[-72.660125,-13.547549],[-72.660317,-13.547447],[-72.66037,-13.547232],[-72.659741,-13.545295],[-72.659704,-13.545075],[-72.659758,-13.544628],[-72.659757,-13.544403],[-72.659697,-13.544186],[-72.659522,-13.543768],[-72.65948,-13.543547],[-72.659572,-13.543348],[-72.660011,-13.542825],[-72.660169,-13.542661],[-72.660346,-13.54252],[-72.660786,-13.542422],[-72.660919,-13.542247],[-72.660926,-13.542025],[-72.66086,-13.541809],[-72.660923,-13.541595],[-72.66111,-13.541469],[-72.661718,-13.541151],[-72.661907,-13.541024],[-72.662442,-13.540596],[-72.662632,-13.540471],[-72.662845,-13.540401],[-72.663516,-13.540549],[-72.663716,-13.540656],[-72.663865,-13.540828],[-72.664863,-13.542069],[-72.664974,-13.542265],[-72.665026,-13.542483],[-72.665056,-13.542934],[-72.665039,-13.543159],[-72.664969,-13.543372],[-72.664828,-13.543549],[-72.664507,-13.543872],[-72.664296,-13.543959],[-72.663852,-13.544073],[-72.663652,-13.544173],[-72.663473,-13.544313],[-72.663257,-13.544343],[-72.662869,-13.544102],[-72.662658,-13.544024],[-72.662452,-13.544101],[-72.662272,-13.544242],[-72.662063,-13.544302],[-72.661879,-13.544178],[-72.661751,-13.54399],[-72.661592,-13.543831],[-72.661382,-13.543868],[-72.66129,-13.544068],[-72.661393,-13.544265],[-72.661531,-13.544446],[-72.661701,-13.544597],[-72.661916,-13.54465],[-72.662603,-13.544604],[-72.662832,-13.544613],[-72.663045,-13.544689],[-72.663442,-13.544916],[-72.663665,-13.544943],[-72.664332,-13.544777],[-72.664561,-13.544776],[-72.665244,-13.544861],[-72.665471,-13.544845],[-72.66569,-13.544782],[-72.666326,-13.544529],[-72.666481,-13.544365],[-72.666853,-13.543795],[-72.667307,-13.543287],[-72.66766,-13.542708],[-72.667871,-13.542708],[-72.667903,-13.542911],[-72.66706,-13.543983],[-72.666697,-13.545054],[-72.666574,-13.545243],[-72.666379,-13.54536],[-72.666155,-13.545404],[-72.665698,-13.545399],[-72.664799,-13.545576],[-72.664593,-13.545675],[-72.664414,-13.545812],[-72.664258,-13.545977],[-72.664128,-13.546164],[-72.663928,-13.546238],[-72.663489,-13.54611],[-72.663286,-13.546182],[-72.663235,-13.546398],[-72.6632,-13.546848],[-72.66311,-13.54729],[-72.663203,-13.547483],[-72.663411,-13.547441],[-72.663461,-13.547225],[-72.663488,-13.546549],[-72.663654,-13.546424],[-72.66408,-13.546587],[-72.664294,-13.546554],[-72.664445,-13.546384],[-72.664626,-13.546252],[-72.665773,-13.546259],[-72.66692,-13.546236],[-72.667127,-13.546151],[-72.667253,-13.545964],[-72.667557,-13.545356],[-72.667807,-13.544977],[-72.66795,-13.5448],[-72.668686,-13.54426],[-72.669115,-13.544104],[-72.669566,-13.544042],[-72.669679,-13.544212],[-72.669511,-13.544341],[-72.669054,-13.544332],[-72.668844,-13.544419],[-72.668487,-13.544703],[-72.668326,-13.544863],[-72.668192,-13.545046],[-72.66801,-13.54546],[-72.667798,-13.546106],[-72.667748,-13.546553],[-72.667595,-13.546707],[-72.666065,-13.547193],[-72.665611,-13.547236],[-72.665515,-13.547418],[-72.665663,-13.547568],[-72.665888,-13.547554],[-72.666773,-13.547313],[-72.667868,-13.546972],[-72.668067,-13.546864],[-72.668336,-13.5465],[-72.668435,-13.546296],[-72.668564,-13.545863],[-72.668668,-13.545665],[-72.668839,-13.545516],[-72.669044,-13.545418],[-72.669271,-13.545392],[-72.669501,-13.5454],[-72.670413,-13.545504],[-72.670616,-13.545605],[-72.671117,-13.546068],[-72.67152,-13.546281],[-72.671688,-13.546432],[-72.672433,-13.547573],[-72.672628,-13.547682],[-72.673545,-13.547681],[-72.673773,-13.547699],[-72.673947,-13.547835],[-72.674138,-13.54824],[-72.674343,-13.54829],[-72.674464,-13.548114],[-72.67462,-13.547455],[-72.674846,-13.547062],[-72.674995,-13.546634],[-72.675132,-13.546456],[-72.675519,-13.546214],[-72.67566,-13.546047],[-72.675718,-13.545828],[-72.675809,-13.545622],[-72.676089,-13.545266],[-72.676259,-13.545114],[-72.67664,-13.544863],[-72.676817,-13.544722],[-72.677148,-13.544409],[-72.677285,-13.544228],[-72.67735,-13.544014],[-72.677289,-13.543804],[-72.677102,-13.543678],[-72.676898,-13.543575],[-72.676718,-13.543438],[-72.676638,-13.543233],[-72.676632,-13.543007],[-72.676757,-13.542819],[-72.676949,-13.5427],[-72.677161,-13.542614],[-72.677302,-13.542441],[-72.677474,-13.542022],[-72.677588,-13.541829],[-72.677762,-13.541684],[-72.677967,-13.541583],[-72.678187,-13.541521],[-72.678874,-13.541472],[-72.679102,-13.541487],[-72.679328,-13.54153],[-72.67976,-13.541683],[-72.680642,-13.541929],[-72.680859,-13.541876],[-72.681454,-13.541534],[-72.681664,-13.541446],[-72.682119,-13.541393],[-72.683719,-13.541536],[-72.683921,-13.541634],[-72.684072,-13.541804],[-72.684245,-13.541948],[-72.68445,-13.54205],[-72.684669,-13.542117],[-72.684895,-13.542127],[-72.685108,-13.542045],[-72.685717,-13.54173],[-72.685899,-13.541592],[-72.686039,-13.541415],[-72.688471,-13.537848],[-72.688835,-13.537019],[-72.68896,-13.53684],[-72.689171,-13.536881],[-72.689208,-13.537094],[-72.689126,-13.537305],[-72.689077,-13.537521],[-72.689123,-13.53774],[-72.689637,-13.538998],[-72.689692,-13.539217],[-72.689751,-13.539893],[-72.68975,-13.540344],[-72.689693,-13.540563],[-72.689412,-13.541181],[-72.689044,-13.541753],[-72.689075,-13.541967],[-72.689282,-13.542028],[-72.689468,-13.541899],[-72.689806,-13.541593],[-72.690731,-13.540925],[-72.690839,-13.540733],[-72.690892,-13.540513],[-72.690995,-13.540315],[-72.691172,-13.540175],[-72.691378,-13.540075],[-72.691593,-13.539997],[-72.692502,-13.539889],[-72.692727,-13.539937],[-72.692936,-13.540026],[-72.693328,-13.540257],[-72.693497,-13.540411],[-72.693695,-13.540496],[-72.693921,-13.540465],[-72.694144,-13.540411],[-72.694309,-13.540261],[-72.694509,-13.539854],[-72.694644,-13.539675],[-72.696282,-13.538856],[-72.696723,-13.538733],[-72.698089,-13.538563],[-72.698316,-13.53859],[-72.698537,-13.538653],[-72.699786,-13.539224],[-72.701049,-13.539767],[-72.701905,-13.540089],[-72.702133,-13.540111],[-72.702358,-13.540072],[-72.702571,-13.539991],[-72.703369,-13.539544],[-72.703581,-13.539465],[-72.703808,-13.539445],[-72.704032,-13.539486],[-72.704244,-13.539571],[-72.705474,-13.540182],[-72.705893,-13.540367],[-72.706109,-13.54044],[-72.710112,-13.541453],[-72.711451,-13.541773],[-72.711907,-13.541802],[-72.714389,-13.541341],[-72.714617,-13.541323],[-72.714846,-13.541328],[-72.716204,-13.541558],[-72.716643,-13.541684],[-72.717019,-13.54194],[-72.717164,-13.542115],[-72.717288,-13.542304],[-72.717919,-13.54351],[-72.718054,-13.543693],[-72.718231,-13.543837],[-72.718427,-13.543954],[-72.718641,-13.544034],[-72.725278,-13.545848],[-72.725712,-13.545994],[-72.725914,-13.546099],[-72.726093,-13.546241],[-72.728145,-13.548375],[-72.728326,-13.548514],[-72.728526,-13.548624],[-72.729177,-13.548843],[-72.732759,-13.550368],[-72.732957,-13.550482],[-72.733714,-13.550995],[-72.73614,-13.552707],[-72.736324,-13.552841],[-72.737191,-13.553582],[-72.737347,-13.553748],[-72.737494,-13.553921],[-72.738021,-13.554662],[-72.738647,-13.555609],[-72.738758,-13.555805],[-72.738802,-13.556027],[-72.738772,-13.556248],[-72.738639,-13.556681],[-72.738603,-13.556898],[-72.738736,-13.557076],[-72.738948,-13.557152],[-72.739634,-13.557189],[-72.739851,-13.557261],[-72.74005,-13.557371],[-72.740181,-13.557547],[-72.7402,-13.55777],[-72.7402,-13.558449],[-72.740245,-13.558666],[-72.74037,-13.55885],[-72.74075,-13.559103],[-72.740959,-13.559196],[-72.741185,-13.559212],[-72.741401,-13.559139],[-72.741585,-13.559004],[-72.741906,-13.558682],[-72.742118,-13.558598],[-72.742346,-13.558585],[-72.743721,-13.558646],[-72.74392,-13.558548],[-72.743972,-13.558333],[-72.743999,-13.557883],[-72.744147,-13.557721],[-72.74436,-13.557744],[-72.745484,-13.558529],[-72.745702,-13.558579],[-72.745902,-13.558473],[-72.74665,-13.55795],[-72.746697,-13.557739],[-72.746601,-13.557297],[-72.74669,-13.557094],[-72.746881,-13.556973],[-72.747332,-13.556898],[-72.747776,-13.556787],[-72.747991,-13.556706],[-72.74819,-13.556596],[-72.748549,-13.556315],[-72.748711,-13.556155],[-72.74887,-13.555992],[-72.749145,-13.555631],[-72.749301,-13.555467],[-72.749503,-13.555364],[-72.749723,-13.555299],[-72.749912,-13.555182],[-72.750218,-13.554844],[-72.750388,-13.554693],[-72.750581,-13.554576],[-72.750791,-13.554483],[-72.751012,-13.554471],[-72.751212,-13.554581],[-72.751768,-13.55498],[-72.752059,-13.55533],[-72.75322,-13.556424],[-72.753356,-13.556603],[-72.753509,-13.557028],[-72.753557,-13.557249],[-72.753669,-13.558146],[-72.753799,-13.558813],[-72.753873,-13.559026],[-72.754091,-13.559424],[-72.75411,-13.559647],[-72.754002,-13.560084],[-72.754198,-13.560731],[-72.754255,-13.561179],[-72.754341,-13.561623],[-72.754496,-13.562048],[-72.754623,-13.562236],[-72.75492,-13.562579],[-72.755133,-13.562647],[-72.755355,-13.562597],[-72.755558,-13.562491],[-72.755673,-13.562297],[-72.755742,-13.562083],[-72.75577,-13.561406],[-72.755846,-13.560961],[-72.755922,-13.560748],[-72.756295,-13.560181],[-72.75634,-13.559961],[-72.75617,-13.559307],[-72.756208,-13.559084],[-72.75637,-13.558672],[-72.756137,-13.558295],[-72.75617,-13.557845],[-72.756174,-13.557393],[-72.756151,-13.557168],[-72.756059,-13.556725],[-72.756072,-13.556502],[-72.756218,-13.555839],[-72.756346,-13.555662],[-72.756746,-13.555441],[-72.757106,-13.555163],[-72.757877,-13.554674],[-72.758093,-13.5546],[-72.758321,-13.554581],[-72.760153,-13.554701],[-72.760839,-13.55467],[-72.761059,-13.554735],[-72.761265,-13.554832],[-72.761842,-13.555203],[-72.762007,-13.555358],[-72.762814,-13.556159],[-72.763029,-13.556557],[-72.763174,-13.556724],[-72.763393,-13.556765],[-72.763619,-13.556722],[-72.763846,-13.556711],[-72.764273,-13.556873],[-72.765871,-13.557039],[-72.7663,-13.5572],[-72.766521,-13.557245],[-72.766724,-13.557153],[-72.766844,-13.556962],[-72.766862,-13.556739],[-72.76672,-13.556571],[-72.765439,-13.556074],[-72.765264,-13.555932],[-72.765126,-13.555751],[-72.764675,-13.55447],[-72.764489,-13.554058],[-72.764342,-13.553884],[-72.763846,-13.553414],[-72.763258,-13.552719],[-72.763081,-13.552577],[-72.762656,-13.55241],[-72.761305,-13.552149],[-72.761114,-13.552024],[-72.76046,-13.551388],[-72.760324,-13.551212],[-72.760403,-13.551011],[-72.760918,-13.550562],[-72.761047,-13.55038],[-72.76107,-13.550159],[-72.761036,-13.549936],[-72.760951,-13.549731],[-72.760741,-13.549699],[-72.76049,-13.550065],[-72.760287,-13.550169],[-72.76007,-13.550243],[-72.759393,-13.550359],[-72.759173,-13.550307],[-72.759028,-13.550137],[-72.75899,-13.549915],[-72.758912,-13.549713],[-72.758693,-13.549654],[-72.758238,-13.549593],[-72.758012,-13.549611],[-72.757801,-13.549701],[-72.75758,-13.549718],[-72.757382,-13.549617],[-72.757105,-13.549258],[-72.756938,-13.549104],[-72.756198,-13.548568],[-72.755796,-13.548351],[-72.755582,-13.548273],[-72.754674,-13.548146],[-72.754237,-13.548007],[-72.753558,-13.547929],[-72.753135,-13.547758],[-72.752455,-13.547659],[-72.75225,-13.547565],[-72.752061,-13.547436],[-72.751436,-13.547153],[-72.751324,-13.546974],[-72.751386,-13.546761],[-72.751699,-13.546158],[-72.75176,-13.545944],[-72.751652,-13.545756],[-72.751433,-13.545717],[-72.751258,-13.545842],[-72.751116,-13.546018],[-72.750901,-13.546073],[-72.750684,-13.546002],[-72.750482,-13.545898],[-72.750329,-13.54573],[-72.750228,-13.545528],[-72.750159,-13.545315],[-72.750099,-13.544867],[-72.749964,-13.544707],[-72.749762,-13.54477],[-72.749418,-13.545068],[-72.749233,-13.545202],[-72.748831,-13.545419],[-72.748379,-13.545479],[-72.747691,-13.545463],[-72.747469,-13.545424],[-72.747455,-13.545218],[-72.747662,-13.545144],[-72.74812,-13.545108],[-72.748335,-13.545032],[-72.749111,-13.54455],[-72.749293,-13.544413],[-72.749421,-13.544228],[-72.749671,-13.543361],[-72.749845,-13.543226],[-72.750067,-13.543253],[-72.751132,-13.543675],[-72.751584,-13.54375],[-72.751813,-13.543765],[-72.752015,-13.543693],[-72.75204,-13.543481],[-72.751865,-13.543351],[-72.750999,-13.54305],[-72.750793,-13.542951],[-72.749752,-13.542064],[-72.749546,-13.541969],[-72.748169,-13.541979],[-72.747942,-13.541956],[-72.747729,-13.541877],[-72.746554,-13.541169],[-72.746391,-13.541012],[-72.745254,-13.538793],[-72.745256,-13.538569],[-72.745364,-13.538374],[-72.745531,-13.538225],[-72.745754,-13.538182],[-72.745976,-13.538232],[-72.747811,-13.539166],[-72.74802,-13.53926],[-72.748244,-13.539309],[-72.748923,-13.539421],[-72.749152,-13.539427],[-72.750295,-13.539324],[-72.750524,-13.53933],[-72.751205,-13.539428],[-72.751435,-13.53943],[-72.75166,-13.53939],[-72.752315,-13.539181],[-72.753653,-13.53886],[-72.75377,-13.538684],[-72.753629,-13.53853],[-72.752524,-13.538223],[-72.752316,-13.538132],[-72.752131,-13.538],[-72.750631,-13.536601],[-72.750516,-13.536409],[-72.750556,-13.536193],[-72.750723,-13.536048],[-72.750946,-13.536002],[-72.752322,-13.536025],[-72.754778,-13.536602],[-72.755006,-13.536629],[-72.755192,-13.536506],[-72.755309,-13.536071],[-72.755391,-13.535867],[-72.755608,-13.535835],[-72.755769,-13.535991],[-72.755995,-13.536384],[-72.756138,-13.536558],[-72.756327,-13.536686],[-72.75649,-13.53684],[-72.756565,-13.537053],[-72.756774,-13.538394],[-72.756858,-13.538603],[-72.757086,-13.538995],[-72.757602,-13.539744],[-72.757778,-13.539884],[-72.758402,-13.540163],[-72.758754,-13.540453],[-72.758949,-13.540557],[-72.759122,-13.540442],[-72.75904,-13.540256],[-72.758245,-13.539802],[-72.75806,-13.539669],[-72.75793,-13.539487],[-72.7576,-13.538892],[-72.757374,-13.538252],[-72.757338,-13.53803],[-72.757321,-13.537805],[-72.757339,-13.537353],[-72.757444,-13.537165],[-72.757654,-13.537196],[-72.757701,-13.537404],[-72.75759,-13.537842],[-72.757645,-13.538056],[-72.758104,-13.538561],[-72.758279,-13.538706],[-72.75869,-13.538907],[-72.759549,-13.539227],[-72.759771,-13.539279],[-72.76,-13.539285],[-72.760215,-13.539352],[-72.760336,-13.539539],[-72.760418,-13.53975],[-72.76055,-13.53992],[-72.760737,-13.539857],[-72.760718,-13.539641],[-72.760531,-13.539228],[-72.760408,-13.539039],[-72.760006,-13.538828],[-72.75913,-13.538097],[-72.758645,-13.537618],[-72.758528,-13.537424],[-72.758272,-13.536795],[-72.758159,-13.536127],[-72.758085,-13.535914],[-72.757984,-13.535711],[-72.757727,-13.535336],[-72.757623,-13.535135],[-72.757539,-13.534691],[-72.757561,-13.534471],[-72.757746,-13.534375],[-72.757909,-13.534514],[-72.75784,-13.534961],[-72.757894,-13.535177],[-72.758199,-13.535514],[-72.758334,-13.535696],[-72.758427,-13.535902],[-72.758624,-13.536551],[-72.758751,-13.536737],[-72.758935,-13.536871],[-72.759789,-13.537201],[-72.760226,-13.537339],[-72.76045,-13.537385],[-72.760906,-13.537432],[-72.762049,-13.537435],[-72.762138,-13.537249],[-72.761965,-13.537136],[-72.761517,-13.537231],[-72.761288,-13.537235],[-72.761068,-13.537179],[-72.759428,-13.536364],[-72.75925,-13.536228],[-72.759142,-13.536032],[-72.759075,-13.535816],[-72.758877,-13.534933],[-72.75885,-13.53471],[-72.759013,-13.534587],[-72.759178,-13.534694],[-72.759214,-13.535368],[-72.759299,-13.535576],[-72.759451,-13.535743],[-72.759642,-13.535868],[-72.760253,-13.536181],[-72.760469,-13.536254],[-72.760696,-13.53626],[-72.761377,-13.536161],[-72.761989,-13.535855],[-72.76218,-13.535732],[-72.762326,-13.535564],[-72.762513,-13.535154],[-72.762707,-13.535053],[-72.762915,-13.535108],[-72.763108,-13.535229],[-72.763329,-13.535285],[-72.763551,-13.535245],[-72.764102,-13.53484],[-72.764316,-13.534763],[-72.764542,-13.534735],[-72.764982,-13.534855],[-72.76521,-13.534865],[-72.765869,-13.534671],[-72.766074,-13.534569],[-72.766251,-13.53443],[-72.766381,-13.534244],[-72.766596,-13.533845],[-72.766796,-13.533751],[-72.766996,-13.53384],[-72.767076,-13.534044],[-72.767074,-13.534496],[-72.767097,-13.53472],[-72.767208,-13.534916],[-72.767374,-13.535066],[-72.76758,-13.535163],[-72.767798,-13.535232],[-72.768026,-13.535239],[-72.768465,-13.53512],[-72.768679,-13.535179],[-72.768811,-13.535358],[-72.768879,-13.535804],[-72.768971,-13.53601],[-72.769121,-13.536175],[-72.769513,-13.536411],[-72.769695,-13.536547],[-72.769853,-13.536709],[-72.77015,-13.537318],[-72.770401,-13.537697],[-72.770549,-13.537869],[-72.771466,-13.538546],[-72.771674,-13.53864],[-72.771901,-13.538657],[-72.772129,-13.538632],[-72.772354,-13.538585],[-72.772953,-13.53826],[-72.773176,-13.538269],[-72.773329,-13.538428],[-72.773359,-13.538878],[-72.773425,-13.539093],[-72.773573,-13.539263],[-72.77413,-13.539662],[-72.774336,-13.539756],[-72.774562,-13.53979],[-72.774791,-13.539785],[-72.775019,-13.539757],[-72.775673,-13.53955],[-72.775901,-13.53958],[-72.776106,-13.539676],[-72.776659,-13.54008],[-72.776864,-13.540182],[-72.77793,-13.540601],[-72.77858,-13.540825],[-72.778803,-13.540881],[-72.77903,-13.540908],[-72.779947,-13.540862],[-72.78017,-13.540811],[-72.78036,-13.540688],[-72.780651,-13.540341],[-72.780835,-13.540209],[-72.781291,-13.54019],[-72.782206,-13.54023],[-72.782415,-13.540145],[-72.782959,-13.539729],[-72.78335,-13.539493],[-72.783552,-13.539386],[-72.783983,-13.539232],[-72.785585,-13.539111],[-72.786043,-13.539133],[-72.786271,-13.539165],[-72.787382,-13.53945],[-72.787609,-13.539469],[-72.787828,-13.539406],[-72.78825,-13.539228],[-72.788467,-13.539159],[-72.788926,-13.539169],[-72.790293,-13.539332],[-72.790514,-13.539384],[-72.790704,-13.539508],[-72.790832,-13.539695],[-72.791039,-13.540097],[-72.791228,-13.54022],[-72.791455,-13.540213],[-72.792117,-13.540031],[-72.792345,-13.540059],[-72.792566,-13.540119],[-72.792794,-13.540128],[-72.792996,-13.540025],[-72.793328,-13.539713],[-72.793532,-13.539617],[-72.794429,-13.539425],[-72.794657,-13.539417],[-72.794863,-13.53951],[-72.795,-13.539685],[-72.795142,-13.540114],[-72.795274,-13.540297],[-72.795623,-13.540589],[-72.795811,-13.540718],[-72.796021,-13.540804],[-72.79646,-13.540936],[-72.796648,-13.541056],[-72.796777,-13.541242],[-72.796942,-13.541397],[-72.797152,-13.541481],[-72.797378,-13.5415],[-72.797595,-13.541431],[-72.798179,-13.541072],[-72.798352,-13.540925],[-72.798644,-13.540577],[-72.798834,-13.54045],[-72.799046,-13.540367],[-72.799274,-13.540354],[-72.802257,-13.540448],[-72.802484,-13.540476],[-72.802688,-13.540576],[-72.802839,-13.540746],[-72.802928,-13.540953],[-72.803032,-13.541393],[-72.803127,-13.541598],[-72.803262,-13.541778],[-72.803449,-13.541907],[-72.803672,-13.541946],[-72.803901,-13.541931],[-72.804092,-13.542043],[-72.804374,-13.542398],[-72.804542,-13.542552],[-72.805377,-13.542925],[-72.805544,-13.543079],[-72.805675,-13.543263],[-72.805751,-13.543474],[-72.805772,-13.543696],[-72.805734,-13.543918],[-72.805592,-13.544348],[-72.805579,-13.544571],[-72.805674,-13.544775],[-72.80601,-13.545081],[-72.806195,-13.545213],[-72.806399,-13.545315],[-72.807085,-13.545364],[-72.807296,-13.545444],[-72.807455,-13.545602],[-72.807856,-13.546151],[-72.807915,-13.546368],[-72.80794,-13.546819],[-72.807985,-13.547037],[-72.808129,-13.547212],[-72.808315,-13.547338],[-72.809221,-13.547473],[-72.809415,-13.547586],[-72.809536,-13.547774],[-72.809548,-13.547997],[-72.809297,-13.548866],[-72.809189,-13.549063],[-72.808778,-13.549607],[-72.808467,-13.550455],[-72.808341,-13.550644],[-72.808187,-13.550811],[-72.808056,-13.550995],[-72.808012,-13.551213],[-72.808068,-13.552794],[-72.808107,-13.553015],[-72.808219,-13.553212],[-72.808393,-13.553357],[-72.80859,-13.553471],[-72.809809,-13.554104],[-72.810025,-13.554177],[-72.810252,-13.554169],[-72.810476,-13.554123],[-72.810673,-13.554012],[-72.81082,-13.553846],[-72.811276,-13.55306],[-72.811408,-13.552875],[-72.811966,-13.552485],[-72.812139,-13.552336],[-72.812656,-13.55159],[-72.812948,-13.551243],[-72.813122,-13.551096],[-72.813709,-13.550744],[-72.814352,-13.5505],[-72.814573,-13.550441],[-72.814791,-13.550495],[-72.814927,-13.550665],[-72.81497,-13.550882],[-72.814864,-13.551079],[-72.81458,-13.551434],[-72.814323,-13.551809],[-72.81383,-13.552828],[-72.813775,-13.553048],[-72.813654,-13.553944],[-72.813671,-13.554167],[-72.813784,-13.55436],[-72.814386,-13.554688],[-72.814536,-13.554855],[-72.814805,-13.55522],[-72.814997,-13.555335],[-72.815221,-13.555357],[-72.815674,-13.555283],[-72.815903,-13.555291],[-72.816103,-13.555396],[-72.81701,-13.556414],[-72.817217,-13.556496],[-72.817905,-13.556489],[-72.818587,-13.55657],[-72.819046,-13.556567],[-72.819719,-13.556422],[-72.820097,-13.556167],[-72.820306,-13.55609],[-72.820502,-13.556189],[-72.82055,-13.556399],[-72.820409,-13.556573],[-72.820078,-13.556886],[-72.819949,-13.557071],[-72.81973,-13.557468],[-72.81928,-13.55798],[-72.81921,-13.558193],[-72.819228,-13.558415],[-72.819329,-13.558618],[-72.819871,-13.559031],[-72.820103,-13.559418],[-72.820658,-13.559808],[-72.820691,-13.560027],[-72.820589,-13.560217],[-72.820396,-13.560339],[-72.820234,-13.560494],[-72.820143,-13.560699],[-72.820101,-13.560921],[-72.82007,-13.561145],[-72.820077,-13.56137],[-72.820163,-13.562042],[-72.82023,-13.562259],[-72.82094,-13.56342],[-72.821192,-13.563798],[-72.821348,-13.563962],[-72.821559,-13.56404],[-72.822241,-13.564136],[-72.822436,-13.564243],[-72.82245,-13.56446],[-72.822277,-13.564598],[-72.821603,-13.564734],[-72.821405,-13.564845],[-72.821244,-13.565006],[-72.821143,-13.565208],[-72.821035,-13.565648],[-72.820971,-13.566095],[-72.820973,-13.566319],[-72.821149,-13.566974],[-72.821241,-13.567181],[-72.821368,-13.567369],[-72.821802,-13.567896],[-72.822559,-13.568745],[-72.822647,-13.568949],[-72.822581,-13.569157],[-72.822397,-13.569285],[-72.822175,-13.569266],[-72.821996,-13.569125],[-72.821547,-13.568611],[-72.821379,-13.568457],[-72.82116,-13.568467],[-72.820947,-13.568549],[-72.820358,-13.568899],[-72.820189,-13.569051],[-72.820073,-13.569243],[-72.820005,-13.569457],[-72.819972,-13.569681],[-72.819979,-13.571037],[-72.81994,-13.571487],[-72.819851,-13.571695],[-72.819377,-13.572468],[-72.819306,-13.572683],[-72.819284,-13.572907],[-72.819315,-13.573128],[-72.819469,-13.573553],[-72.81951,-13.573774],[-72.819459,-13.573992],[-72.819298,-13.574414],[-72.819306,-13.574639],[-72.819359,-13.574858],[-72.819454,-13.57506],[-72.81976,-13.575397],[-72.819843,-13.575601],[-72.819806,-13.575818],[-72.819565,-13.576202],[-72.81951,-13.576419],[-72.819685,-13.577763],[-72.819818,-13.578429],[-72.819794,-13.578879],[-72.819713,-13.57909],[-72.819597,-13.579284],[-72.81866,-13.580569],[-72.818551,-13.580768],[-72.818482,-13.580982],[-72.818447,-13.583241],[-72.818344,-13.583681],[-72.818159,-13.584094],[-72.81809,-13.584306],[-72.818144,-13.584523],[-72.818309,-13.584674],[-72.819126,-13.585081],[-72.819245,-13.58527],[-72.8193,-13.585718],[-72.819383,-13.585926],[-72.819747,-13.586198],[-72.819869,-13.586387],[-72.819888,-13.586607],[-72.81981,-13.586815],[-72.81965,-13.586975],[-72.819299,-13.587266],[-72.819004,-13.587611],[-72.818545,-13.588394],[-72.818462,-13.588603],[-72.818482,-13.588826],[-72.818873,-13.589645],[-72.81888,-13.589869],[-72.818793,-13.590077],[-72.818052,-13.590606],[-72.818017,-13.59081],[-72.818191,-13.590943],[-72.818403,-13.590904],[-72.818742,-13.5906],[-72.818925,-13.590466],[-72.819776,-13.590133],[-72.819905,-13.589952],[-72.819903,-13.589729],[-72.819751,-13.589562],[-72.81936,-13.589327],[-72.819239,-13.589142],[-72.819225,-13.588923],[-72.819375,-13.588496],[-72.819508,-13.588315],[-72.819691,-13.588182],[-72.820312,-13.587888],[-72.820498,-13.587757],[-72.82096,-13.587255],[-72.82167,-13.586682],[-72.821787,-13.586488],[-72.821846,-13.586272],[-72.821832,-13.586048],[-72.82177,-13.585831],[-72.821666,-13.585629],[-72.821526,-13.585452],[-72.821334,-13.585336],[-72.82092,-13.585143],[-72.820779,-13.58497],[-72.82074,-13.584749],[-72.820785,-13.584299],[-72.820882,-13.584102],[-72.821072,-13.583977],[-72.821735,-13.583792],[-72.821911,-13.583652],[-72.821965,-13.58344],[-72.821817,-13.583017],[-72.82181,-13.582796],[-72.821912,-13.5826],[-72.822103,-13.582479],[-72.824086,-13.581907],[-72.824481,-13.58168],[-72.825125,-13.581035],[-72.825265,-13.580857],[-72.825328,-13.58064],[-72.825322,-13.580415],[-72.825373,-13.580198],[-72.825537,-13.580047],[-72.825754,-13.579996],[-72.825971,-13.580059],[-72.826172,-13.580169],[-72.826389,-13.580238],[-72.827524,-13.580407],[-72.827747,-13.580458],[-72.827958,-13.580546],[-72.828156,-13.58066],[-72.828684,-13.581095],[-72.828887,-13.581193],[-72.829113,-13.581196],[-72.82955,-13.581059],[-72.829777,-13.581078],[-72.829968,-13.581201],[-72.830184,-13.581596],[-72.830343,-13.581757],[-72.830542,-13.581867],[-72.830688,-13.582037],[-72.830852,-13.582458],[-72.831007,-13.582621],[-72.83138,-13.582885],[-72.831546,-13.58304],[-72.831603,-13.583256],[-72.83171,-13.584381],[-72.831698,-13.584606],[-72.831587,-13.585044],[-72.83157,-13.585268],[-72.831588,-13.585493],[-72.831713,-13.58616],[-72.831869,-13.586585],[-72.831989,-13.586775],[-72.832199,-13.586834],[-72.832401,-13.586743],[-72.83262,-13.58635],[-72.832691,-13.586135],[-72.832676,-13.585912],[-72.832616,-13.585694],[-72.832323,-13.584837],[-72.832344,-13.584614],[-72.832494,-13.584445],[-72.832705,-13.58436],[-72.832929,-13.584395],[-72.833147,-13.584465],[-72.833373,-13.584479],[-72.833564,-13.584358],[-72.83364,-13.584149],[-72.833602,-13.583698],[-72.833665,-13.583487],[-72.833871,-13.583409],[-72.834087,-13.58346],[-72.834473,-13.583705],[-72.834688,-13.583782],[-72.834916,-13.58381],[-72.835144,-13.583785],[-72.835344,-13.583683],[-72.83545,-13.583484],[-72.835452,-13.583264],[-72.835347,-13.583063],[-72.835073,-13.582706],[-72.83503,-13.582486],[-72.835184,-13.581596],[-72.835299,-13.581401],[-72.836072,-13.580567],[-72.836459,-13.580324],[-72.837058,-13.57999],[-72.837242,-13.579856],[-72.837394,-13.579688],[-72.837523,-13.579502],[-72.837746,-13.579108],[-72.837758,-13.578886],[-72.837646,-13.578689],[-72.837301,-13.578393],[-72.837171,-13.578206],[-72.837034,-13.577777],[-72.837015,-13.577553],[-72.837027,-13.577327],[-72.837217,-13.575756],[-72.837285,-13.575544],[-72.837457,-13.575404],[-72.837681,-13.575355],[-72.837888,-13.575269],[-72.837999,-13.575074],[-72.837967,-13.574629],[-72.838064,-13.574429],[-72.838417,-13.574144],[-72.838541,-13.573956],[-72.83861,-13.573742],[-72.838643,-13.573518],[-72.838647,-13.573294],[-72.838557,-13.573089],[-72.838245,-13.572762],[-72.83818,-13.572549],[-72.838287,-13.57188],[-72.838383,-13.571677],[-72.839098,-13.571112],[-72.839252,-13.570946],[-72.839486,-13.570559],[-72.839702,-13.570511],[-72.839843,-13.570676],[-72.839776,-13.570883],[-72.839607,-13.571036],[-72.839314,-13.571382],[-72.83898,-13.571974],[-72.838973,-13.572197],[-72.83911,-13.572372],[-72.83953,-13.572554],[-72.83972,-13.572672],[-72.839876,-13.572837],[-72.839951,-13.573048],[-72.839913,-13.573949],[-72.839844,-13.574164],[-72.839747,-13.574369],[-72.839422,-13.574967],[-72.839371,-13.575186],[-72.839452,-13.575393],[-72.839714,-13.575765],[-72.839799,-13.575971],[-72.839788,-13.576193],[-72.839638,-13.576358],[-72.839455,-13.576495],[-72.83934,-13.576688],[-72.839357,-13.576909],[-72.839467,-13.577347],[-72.839599,-13.577526],[-72.840169,-13.577906],[-72.840305,-13.578085],[-72.840399,-13.578291],[-72.840558,-13.578715],[-72.840583,-13.578935],[-72.840454,-13.579366],[-72.840488,-13.579582],[-72.840776,-13.579931],[-72.840845,-13.580142],[-72.840833,-13.58082],[-72.840798,-13.581042],[-72.840697,-13.58124],[-72.840497,-13.581342],[-72.840271,-13.581336],[-72.839851,-13.58116],[-72.839628,-13.581201],[-72.839462,-13.581349],[-72.839405,-13.581565],[-72.839395,-13.58179],[-72.839336,-13.582005],[-72.839188,-13.582171],[-72.838968,-13.58223],[-72.838512,-13.582279],[-72.838297,-13.582353],[-72.838228,-13.582545],[-72.838458,-13.583184],[-72.838443,-13.583408],[-72.838331,-13.583604],[-72.83818,-13.583773],[-72.837772,-13.584316],[-72.837714,-13.584533],[-72.837801,-13.584719],[-72.838456,-13.584927],[-72.838657,-13.585032],[-72.839218,-13.585424],[-72.839831,-13.585732],[-72.84005,-13.585797],[-72.841193,-13.585715],[-72.8414,-13.5858],[-72.841713,-13.586131],[-72.841925,-13.586531],[-72.842007,-13.586741],[-72.84202,-13.586967],[-72.841982,-13.587417],[-72.84205,-13.588092],[-72.842017,-13.588314],[-72.841796,-13.58919],[-72.841677,-13.589381],[-72.841342,-13.58969],[-72.841217,-13.589874],[-72.841287,-13.590317],[-72.84129,-13.590541],[-72.841189,-13.590983],[-72.841143,-13.591654],[-72.840808,-13.592244],[-72.840542,-13.592869],[-72.840394,-13.59304],[-72.840202,-13.593162],[-72.839989,-13.59324],[-72.839762,-13.593229],[-72.839547,-13.593152],[-72.839345,-13.593044],[-72.839125,-13.593029],[-72.839047,-13.593221],[-72.839213,-13.593352],[-72.839442,-13.593368],[-72.840129,-13.593367],[-72.840346,-13.593294],[-72.840549,-13.593189],[-72.840717,-13.59304],[-72.841015,-13.592695],[-72.841187,-13.592546],[-72.841373,-13.592415],[-72.841799,-13.592255],[-72.841959,-13.592103],[-72.842024,-13.591888],[-72.841998,-13.591666],[-72.84181,-13.591257],[-72.841844,-13.591037],[-72.841946,-13.590835],[-72.842075,-13.590402],[-72.842219,-13.590233],[-72.842434,-13.590151],[-72.842628,-13.590033],[-72.842764,-13.589854],[-72.842869,-13.589653],[-72.84307,-13.589579],[-72.843219,-13.589736],[-72.84313,-13.58993],[-72.842442,-13.590528],[-72.842351,-13.590732],[-72.842255,-13.591173],[-72.842253,-13.591398],[-72.84231,-13.591615],[-72.842691,-13.592437],[-72.842727,-13.592658],[-72.8427,-13.592881],[-72.842626,-13.593095],[-72.842487,-13.593274],[-72.841218,-13.594581],[-72.841018,-13.594688],[-72.84056,-13.594692],[-72.840335,-13.594717],[-72.84014,-13.594833],[-72.839063,-13.595679],[-72.838894,-13.595831],[-72.838754,-13.596009],[-72.838275,-13.596781],[-72.838142,-13.596963],[-72.837927,-13.597015],[-72.837719,-13.596926],[-72.837337,-13.596677],[-72.837057,-13.59632],[-72.836884,-13.596185],[-72.836663,-13.596196],[-72.836443,-13.596261],[-72.836214,-13.596258],[-72.835992,-13.596214],[-72.83581,-13.596078],[-72.835574,-13.595692],[-72.835408,-13.595553],[-72.834723,-13.595494],[-72.834507,-13.595534],[-72.834452,-13.595726],[-72.834648,-13.595808],[-72.835095,-13.595711],[-72.835309,-13.595774],[-72.835574,-13.596142],[-72.835746,-13.596287],[-72.836171,-13.596458],[-72.836393,-13.596509],[-72.836847,-13.596512],[-72.836998,-13.596669],[-72.837104,-13.596869],[-72.837247,-13.597045],[-72.837414,-13.597198],[-72.837976,-13.597589],[-72.838191,-13.597651],[-72.8384,-13.597574],[-72.838539,-13.597401],[-72.838722,-13.596989],[-72.838935,-13.59692],[-72.839375,-13.597045],[-72.839601,-13.597074],[-72.840053,-13.596992],[-72.840281,-13.596972],[-72.840721,-13.597094],[-72.841405,-13.597176],[-72.841863,-13.597197],[-72.842547,-13.597128],[-72.842987,-13.596999],[-72.843201,-13.596918],[-72.843402,-13.596809],[-72.84356,-13.596648],[-72.843829,-13.596282],[-72.843989,-13.596122],[-72.844203,-13.596045],[-72.844647,-13.595939],[-72.844832,-13.595806],[-72.845126,-13.59546],[-72.845302,-13.595316],[-72.846081,-13.594837],[-72.846297,-13.594793],[-72.84647,-13.59493],[-72.846493,-13.595148],[-72.846373,-13.595337],[-72.846171,-13.595435],[-72.845721,-13.59546],[-72.845668,-13.595656],[-72.845866,-13.59574],[-72.846093,-13.595717],[-72.846753,-13.595523],[-72.847438,-13.595492],[-72.84763,-13.595381],[-72.847671,-13.595165],[-72.84752,-13.595001],[-72.84676,-13.594494],[-72.846455,-13.594157],[-72.846284,-13.594008],[-72.845877,-13.593802],[-72.845523,-13.593516],[-72.845365,-13.593355],[-72.845267,-13.593158],[-72.845224,-13.592711],[-72.845098,-13.592528],[-72.844504,-13.592184],[-72.844446,-13.591981],[-72.844578,-13.591802],[-72.845061,-13.591319],[-72.845571,-13.590863],[-72.845798,-13.590476],[-72.845951,-13.590313],[-72.846586,-13.590054],[-72.846782,-13.589935],[-72.84696,-13.589793],[-72.847357,-13.589573],[-72.847537,-13.589435],[-72.847662,-13.589248],[-72.847849,-13.588596],[-72.84783,-13.588371],[-72.847664,-13.587713],[-72.847586,-13.587501],[-72.847286,-13.587164],[-72.84724,-13.586953],[-72.84745,-13.586552],[-72.847533,-13.586343],[-72.847539,-13.586119],[-72.847491,-13.585899],[-72.847387,-13.585699],[-72.846772,-13.585028],[-72.846603,-13.584875],[-72.845464,-13.584113],[-72.845303,-13.583954],[-72.845315,-13.583738],[-72.845491,-13.58361],[-72.845694,-13.583694],[-72.845799,-13.58389],[-72.845879,-13.584101],[-72.846028,-13.584271],[-72.846614,-13.584627],[-72.846984,-13.584894],[-72.84751,-13.585331],[-72.847668,-13.585495],[-72.847808,-13.585674],[-72.847897,-13.585882],[-72.847937,-13.586104],[-72.847935,-13.586328],[-72.847843,-13.58677],[-72.847828,-13.586991],[-72.847939,-13.587187],[-72.848206,-13.587554],[-72.848604,-13.588613],[-72.848649,-13.588835],[-72.848592,-13.589282],[-72.848368,-13.589923],[-72.848263,-13.590124],[-72.848118,-13.590297],[-72.847938,-13.590435],[-72.847737,-13.590545],[-72.846686,-13.590999],[-72.846509,-13.591139],[-72.846216,-13.591487],[-72.845874,-13.591781],[-72.845871,-13.592],[-72.845995,-13.592188],[-72.846311,-13.592514],[-72.846722,-13.592711],[-72.84707,-13.593006],[-72.847265,-13.593122],[-72.847928,-13.593294],[-72.848543,-13.593597],[-72.848762,-13.593662],[-72.848989,-13.593649],[-72.849434,-13.593542],[-72.84966,-13.593551],[-72.850087,-13.593715],[-72.850292,-13.593816],[-72.850421,-13.593996],[-72.850609,-13.594648],[-72.850636,-13.594872],[-72.85064,-13.595551],[-72.850674,-13.595774],[-72.850772,-13.595975],[-72.850902,-13.596162],[-72.85134,-13.596685],[-72.851457,-13.596876],[-72.851487,-13.597099],[-72.851441,-13.597318],[-72.851312,-13.597503],[-72.850948,-13.597779],[-72.850787,-13.59794],[-72.850659,-13.598125],[-72.850622,-13.598348],[-72.850627,-13.598574],[-72.850597,-13.598795],[-72.850479,-13.598989],[-72.850334,-13.599163],[-72.850142,-13.599283],[-72.849917,-13.599323],[-72.849692,-13.599302],[-72.849497,-13.599185],[-72.849334,-13.599028],[-72.849053,-13.59867],[-72.848888,-13.598514],[-72.848667,-13.598464],[-72.84844,-13.598485],[-72.848231,-13.598576],[-72.848009,-13.598632],[-72.847101,-13.598512],[-72.846677,-13.598343],[-72.846221,-13.59831],[-72.845995,-13.59827],[-72.845769,-13.598294],[-72.845605,-13.598443],[-72.845448,-13.598866],[-72.845408,-13.599088],[-72.8454,-13.599314],[-72.845455,-13.599989],[-72.845454,-13.600215],[-72.845371,-13.601796],[-72.84543,-13.602924],[-72.845393,-13.603147],[-72.84528,-13.603339],[-72.845112,-13.60349],[-72.844894,-13.603555],[-72.844667,-13.603539],[-72.844466,-13.603435],[-72.843737,-13.602885],[-72.843328,-13.602684],[-72.84289,-13.602547],[-72.842668,-13.6025],[-72.842501,-13.602629],[-72.842571,-13.602835],[-72.842781,-13.602888],[-72.843237,-13.602905],[-72.843451,-13.602984],[-72.843626,-13.603125],[-72.843999,-13.603693],[-72.844156,-13.603855],[-72.844556,-13.604075],[-72.844771,-13.604151],[-72.844999,-13.604169],[-72.84522,-13.604114],[-72.845415,-13.603996],[-72.845564,-13.603827],[-72.845665,-13.603625],[-72.845757,-13.603182],[-72.845869,-13.602284],[-72.846002,-13.600707],[-72.8461,-13.600036],[-72.846118,-13.599585],[-72.846247,-13.599407],[-72.846454,-13.599331],[-72.846667,-13.599406],[-72.846858,-13.599531],[-72.847004,-13.599702],[-72.847125,-13.599893],[-72.847287,-13.600052],[-72.847468,-13.600191],[-72.847678,-13.600278],[-72.848804,-13.60049],[-72.849001,-13.600604],[-72.849279,-13.600962],[-72.849396,-13.601156],[-72.850419,-13.60343],[-72.850534,-13.603624],[-72.850729,-13.60372],[-72.850917,-13.603605],[-72.851241,-13.603007],[-72.851294,-13.602789],[-72.851283,-13.602564],[-72.851158,-13.601898],[-72.851165,-13.601673],[-72.8512,-13.601451],[-72.851427,-13.600811],[-72.851603,-13.600393],[-72.851715,-13.600199],[-72.85193,-13.600173],[-72.852068,-13.600343],[-72.851975,-13.600538],[-72.851635,-13.600841],[-72.851547,-13.601049],[-72.851487,-13.601266],[-72.851408,-13.601712],[-72.851432,-13.601934],[-72.851484,-13.602154],[-72.851671,-13.602566],[-72.851698,-13.602789],[-72.851637,-13.603003],[-72.851428,-13.603406],[-72.851191,-13.604042],[-72.851082,-13.60424],[-72.850786,-13.604586],[-72.850623,-13.604743],[-72.850406,-13.604784],[-72.850228,-13.604653],[-72.850065,-13.604232],[-72.849921,-13.604057],[-72.84974,-13.603918],[-72.849611,-13.603738],[-72.849546,-13.603292],[-72.849477,-13.603077],[-72.848926,-13.602086],[-72.848739,-13.601974],[-72.84859,-13.602119],[-72.848685,-13.602302],[-72.848861,-13.602448],[-72.849017,-13.602613],[-72.849132,-13.602807],[-72.849294,-13.603229],[-72.84932,-13.603453],[-72.849269,-13.603672],[-72.849247,-13.603895],[-72.849291,-13.604116],[-72.849369,-13.604329],[-72.84942,-13.604547],[-72.849347,-13.604992],[-72.84939,-13.605203],[-72.849573,-13.605332],[-72.849786,-13.605413],[-72.850242,-13.605454],[-72.850464,-13.605512],[-72.850826,-13.605786],[-72.85098,-13.605953],[-72.851109,-13.606138],[-72.851206,-13.606342],[-72.851648,-13.608098],[-72.851742,-13.608303],[-72.851871,-13.608488],[-72.852372,-13.608953],[-72.852434,-13.609161],[-72.852289,-13.609308],[-72.852088,-13.609223],[-72.851931,-13.609059],[-72.851347,-13.60836],[-72.85122,-13.608173],[-72.850897,-13.607575],[-72.850711,-13.606923],[-72.850573,-13.606758],[-72.850387,-13.606849],[-72.850412,-13.607061],[-72.850868,-13.607846],[-72.851091,-13.608487],[-72.85119,-13.608927],[-72.851131,-13.609374],[-72.851216,-13.609579],[-72.851544,-13.609892],[-72.851627,-13.610098],[-72.851597,-13.610319],[-72.851481,-13.61051],[-72.851167,-13.610838],[-72.851045,-13.61103],[-72.850955,-13.611237],[-72.850896,-13.611685],[-72.85075,-13.612112],[-72.85065,-13.612315],[-72.850272,-13.612883],[-72.850164,-13.613082],[-72.850091,-13.613296],[-72.850064,-13.613519],[-72.850111,-13.613968],[-72.850215,-13.614408],[-72.850311,-13.614612],[-72.850549,-13.614998],[-72.850656,-13.615436],[-72.850757,-13.615637],[-72.850931,-13.615783],[-72.851873,-13.616431],[-72.852035,-13.616588],[-72.852253,-13.616984],[-72.852385,-13.617169],[-72.852543,-13.617333],[-72.852729,-13.617465],[-72.854115,-13.618266],[-72.854766,-13.618485],[-72.854988,-13.61853],[-72.855208,-13.618494],[-72.855537,-13.618188],[-72.855759,-13.618144],[-72.855987,-13.618145],[-72.856438,-13.618227],[-72.857305,-13.618521],[-72.857532,-13.618509],[-72.857971,-13.61838],[-72.858199,-13.618392],[-72.858424,-13.618435],[-72.859086,-13.618623],[-72.859537,-13.618706],[-72.860223,-13.618765],[-72.860682,-13.618778],[-72.860893,-13.618703],[-72.86102,-13.618525],[-72.861113,-13.618318],[-72.861251,-13.618139],[-72.86167,-13.617958],[-72.861851,-13.617823],[-72.86191,-13.61761],[-72.861832,-13.617402],[-72.861666,-13.617247],[-72.861454,-13.617162],[-72.860784,-13.617013],[-72.860582,-13.616907],[-72.86041,-13.616758],[-72.859015,-13.615257],[-72.85884,-13.615111],[-72.858455,-13.614866],[-72.85828,-13.61472],[-72.85818,-13.614521],[-72.858147,-13.613844],[-72.858084,-13.613628],[-72.857974,-13.613433],[-72.857801,-13.613285],[-72.857403,-13.613063],[-72.857276,-13.612878],[-72.857199,-13.612433],[-72.8571,-13.612235],[-72.856511,-13.611901],[-72.856413,-13.6117],[-72.85641,-13.611475],[-72.856352,-13.611256],[-72.855361,-13.609734],[-72.855243,-13.60954],[-72.855159,-13.60933],[-72.854906,-13.608461],[-72.854871,-13.608239],[-72.854921,-13.608019],[-72.854997,-13.607806],[-72.855194,-13.607399],[-72.855348,-13.607232],[-72.85704,-13.606064],[-72.85725,-13.605976],[-72.857475,-13.605996],[-72.857679,-13.606091],[-72.857814,-13.606269],[-72.857839,-13.606719],[-72.857878,-13.606942],[-72.857969,-13.607148],[-72.858085,-13.607342],[-72.859421,-13.609181],[-72.859725,-13.609518],[-72.860092,-13.609786],[-72.860705,-13.610093],[-72.861044,-13.610396],[-72.861234,-13.610522],[-72.861451,-13.610585],[-72.861677,-13.610557],[-72.862096,-13.610372],[-72.862315,-13.610311],[-72.862539,-13.610348],[-72.86341,-13.610637],[-72.863587,-13.610776],[-72.863791,-13.611181],[-72.863814,-13.611403],[-72.863783,-13.611854],[-72.863811,-13.612076],[-72.864064,-13.612452],[-72.864253,-13.612573],[-72.864473,-13.612534],[-72.864604,-13.612365],[-72.86459,-13.612144],[-72.864656,-13.611949],[-72.864865,-13.611975],[-72.865014,-13.612147],[-72.865407,-13.612704],[-72.865489,-13.612913],[-72.865547,-13.61336],[-72.865438,-13.613551],[-72.865153,-13.613904],[-72.865075,-13.614116],[-72.86498,-13.614556],[-72.865051,-13.614767],[-72.865221,-13.614915],[-72.86542,-13.615024],[-72.865643,-13.615073],[-72.865872,-13.615068],[-72.866555,-13.614981],[-72.866784,-13.614976],[-72.867009,-13.61501],[-72.867199,-13.615135],[-72.86808,-13.61586],[-72.86841,-13.616174],[-72.868546,-13.616354],[-72.86871,-13.616775],[-72.869007,-13.6181],[-72.869088,-13.618308],[-72.869216,-13.618495],[-72.869662,-13.619012],[-72.870517,-13.619766],[-72.871003,-13.620246],[-72.871289,-13.620597],[-72.871409,-13.620788],[-72.871587,-13.621205],[-72.871655,-13.621419],[-72.871778,-13.622996],[-72.871819,-13.623218],[-72.871911,-13.623424],[-72.872048,-13.623603],[-72.872215,-13.623756],[-72.872415,-13.623865],[-72.872629,-13.623946],[-72.873717,-13.624308],[-72.873938,-13.624262],[-72.874364,-13.624094],[-72.874589,-13.624065],[-72.875246,-13.62426],[-72.875474,-13.624277],[-72.877304,-13.624128],[-72.877529,-13.624131],[-72.879014,-13.624738],[-72.879097,-13.624894],[-72.878996,-13.625074],[-72.878005,-13.625644],[-72.876719,-13.626593],[-72.8762,-13.627038],[-72.875417,-13.627865],[-72.874964,-13.627905],[-72.87478,-13.628029],[-72.874447,-13.628617],[-72.874174,-13.628981],[-72.873423,-13.629498],[-72.873289,-13.629677],[-72.873352,-13.629857],[-72.873938,-13.630213],[-72.874153,-13.630286],[-72.874821,-13.630451],[-72.875948,-13.630666],[-72.878586,-13.631448],[-72.878802,-13.631523],[-72.878931,-13.631667],[-72.879209,-13.63391],[-72.87926,-13.636396],[-72.879391,-13.636449],[-72.880755,-13.636261],[-72.881433,-13.636143],[-72.881581,-13.636715],[-72.881896,-13.637044],[-72.882636,-13.637579],[-72.884661,-13.639419],[-72.884826,-13.63942],[-72.884993,-13.639265],[-72.885107,-13.639339],[-72.885076,-13.63918],[-72.885289,-13.639096],[-72.885737,-13.639097],[-72.886392,-13.639307],[-72.886618,-13.639335],[-72.887066,-13.639239],[-72.887491,-13.639067],[-72.887683,-13.639079],[-72.888831,-13.640187],[-72.889006,-13.640228],[-72.889367,-13.639953],[-72.889472,-13.639755],[-72.889458,-13.639532],[-72.889482,-13.63931],[-72.889575,-13.639106],[-72.889784,-13.63903],[-72.889955,-13.639134],[-72.890124,-13.639283],[-72.890525,-13.639502],[-72.890753,-13.639529],[-72.890971,-13.639477],[-72.891394,-13.63931],[-72.89157,-13.63942],[-72.891875,-13.639758],[-72.892045,-13.639887],[-72.892964,-13.639878],[-72.89342,-13.639827],[-72.893647,-13.639856],[-72.893851,-13.639948],[-72.89423,-13.640204],[-72.894432,-13.640299],[-72.894657,-13.64034],[-72.895006,-13.640631],[-72.895149,-13.640808],[-72.895559,-13.641011],[-72.896016,-13.641043],[-72.8967,-13.641004],[-72.897018,-13.640705],[-72.897235,-13.64073],[-72.897454,-13.640799],[-72.897679,-13.640831],[-72.898367,-13.640855],[-72.898585,-13.640915],[-72.898795,-13.641005],[-72.899186,-13.64124],[-72.89964,-13.642025],[-72.899719,-13.642234],[-72.899842,-13.64313],[-72.899685,-13.643241],[-72.899028,-13.643041],[-72.898806,-13.643069],[-72.898694,-13.643214],[-72.898703,-13.643665],[-72.898745,-13.643885],[-72.899252,-13.644343],[-72.899615,-13.64492],[-72.899907,-13.645269],[-72.90067,-13.646105],[-72.901055,-13.646352],[-72.901258,-13.646448],[-72.903976,-13.646892],[-72.904161,-13.647024],[-72.904217,-13.647222],[-72.904052,-13.647359],[-72.90363,-13.647532],[-72.903177,-13.647611],[-72.902533,-13.647849],[-72.902433,-13.647988],[-72.90255,-13.648167],[-72.902749,-13.648261],[-72.903208,-13.648269],[-72.903432,-13.648303],[-72.903633,-13.648391],[-72.903651,-13.648617],[-72.903484,-13.648739],[-72.903278,-13.648839],[-72.901751,-13.649332],[-72.901528,-13.649378],[-72.901071,-13.649425],[-72.900393,-13.649547],[-72.900166,-13.649567],[-72.899938,-13.649548],[-72.899762,-13.649646],[-72.899772,-13.649857],[-72.900283,-13.650608],[-72.900377,-13.650814],[-72.900506,-13.65098],[-72.90118,-13.650852],[-72.901297,-13.651028],[-72.90149,-13.651091],[-72.902402,-13.65099],[-72.902631,-13.651006],[-72.902849,-13.65107],[-72.904278,-13.651794],[-72.905727,-13.652479],[-72.903707,-13.654636],[-72.903416,-13.654986],[-72.9033,-13.655179],[-72.903228,-13.655393],[-72.9032,-13.655618],[-72.903213,-13.655843],[-72.903277,-13.656059],[-72.903372,-13.656265],[-72.903513,-13.656442],[-72.903681,-13.656596],[-72.903879,-13.65671],[-72.904097,-13.656782],[-72.904323,-13.656819],[-72.90547,-13.656806],[-72.906607,-13.656647],[-72.90749,-13.656403],[-72.907686,-13.656293],[-72.907777,-13.656091],[-72.907906,-13.655196],[-72.907956,-13.654977],[-72.908137,-13.654854],[-72.908361,-13.654871],[-72.908508,-13.655033],[-72.90854,-13.655481],[-72.908599,-13.655929],[-72.908651,-13.656146],[-72.908806,-13.656309],[-72.909013,-13.656396],[-72.911073,-13.65625],[-72.911762,-13.656253],[-72.913596,-13.65635],[-72.914285,-13.65635],[-72.914973,-13.656319],[-72.915657,-13.656245],[-72.91611,-13.656173],[-72.918342,-13.655642],[-72.918794,-13.65557],[-72.919016,-13.655619],[-72.919215,-13.655732],[-72.919879,-13.656354],[-72.92009,-13.656442],[-72.92324,-13.657066],[-72.923928,-13.657098],[-72.926224,-13.65706],[-72.92645,-13.657024],[-72.926668,-13.656956],[-72.927073,-13.656744],[-72.927287,-13.656661],[-72.927512,-13.656619],[-72.928197,-13.656548],[-72.928426,-13.65655],[-72.928624,-13.656655],[-72.929164,-13.657384],[-72.929359,-13.657492],[-72.932061,-13.658025],[-72.932515,-13.658091],[-72.932741,-13.658058],[-72.932942,-13.657952],[-72.933095,-13.657786],[-72.933183,-13.657579],[-72.933375,-13.656928],[-72.93347,-13.656722],[-72.933645,-13.656591],[-72.933867,-13.656587],[-72.934058,-13.656708],[-72.934139,-13.656915],[-72.934106,-13.657138],[-72.933884,-13.65778],[-72.933789,-13.657984],[-72.933641,-13.658156],[-72.933296,-13.658455],[-72.932575,-13.659015],[-72.932442,-13.659198],[-72.932339,-13.659399],[-72.932276,-13.659616],[-72.932141,-13.660511],[-72.932122,-13.660735],[-72.932139,-13.66164],[-72.932108,-13.661863],[-72.932009,-13.662064],[-72.93185,-13.662226],[-72.931651,-13.662335],[-72.931431,-13.66239],[-72.93006,-13.662263],[-72.929836,-13.662307],[-72.929651,-13.662439],[-72.929542,-13.662635],[-72.929516,-13.662856],[-72.929587,-13.663069],[-72.929733,-13.663241],[-72.930381,-13.663882],[-72.930501,-13.664074],[-72.930569,-13.66429],[-72.930594,-13.664514],[-72.930581,-13.664736],[-72.930508,-13.664951],[-72.930396,-13.665146],[-72.930252,-13.66532],[-72.930073,-13.665462],[-72.929866,-13.665556],[-72.92965,-13.665632],[-72.928982,-13.665793],[-72.928774,-13.665886],[-72.928594,-13.666023],[-72.927611,-13.666973],[-72.927439,-13.667123],[-72.927238,-13.66723],[-72.927022,-13.667304],[-72.926795,-13.667328],[-72.926566,-13.667311],[-72.925434,-13.66713],[-72.925216,-13.667184],[-72.925026,-13.667306],[-72.924913,-13.667499],[-72.924866,-13.667718],[-72.924894,-13.667938],[-72.924993,-13.668141],[-72.925423,-13.668669],[-72.925515,-13.668875],[-72.92554,-13.669099],[-72.924999,-13.672218],[-72.924884,-13.673569],[-72.924741,-13.673998],[-72.924094,-13.67493],[-72.92381,-13.675285],[-72.922,-13.677331],[-72.920517,-13.679057],[-72.920091,-13.67959],[-72.919987,-13.679791],[-72.919703,-13.680651],[-72.919572,-13.680835],[-72.919116,-13.681341],[-72.918622,-13.682361],[-72.918542,-13.682573],[-72.918499,-13.682792],[-72.918477,-13.684148],[-72.918422,-13.684367],[-72.91832,-13.684569],[-72.916897,-13.686892],[-72.916749,-13.687064],[-72.916565,-13.687197],[-72.915337,-13.687811],[-72.914949,-13.688052],[-72.914793,-13.688215],[-72.914669,-13.688405],[-72.914123,-13.6894],[-72.914054,-13.689613],[-72.913962,-13.690286],[-72.913834,-13.690719],[-72.913243,-13.691944],[-72.913013,-13.692584],[-72.912338,-13.69498],[-72.912283,-13.695199],[-72.912218,-13.695647],[-72.912224,-13.696324],[-72.912297,-13.696771],[-72.912752,-13.698288],[-72.912778,-13.698739],[-72.912766,-13.69919],[-72.912692,-13.699864],[-72.912778,-13.700068],[-72.912959,-13.700203],[-72.913356,-13.700429],[-72.91353,-13.700576],[-72.914045,-13.701323],[-72.915105,-13.702512],[-72.915391,-13.702866],[-72.915517,-13.703055],[-72.915732,-13.703454],[-72.916767,-13.705723],[-72.916812,-13.705943],[-72.91682,-13.706169],[-72.916781,-13.706846],[-72.91669,-13.707746],[-72.91671,-13.708197],[-72.916834,-13.708632],[-72.917192,-13.709706],[-72.917251,-13.710153],[-72.917283,-13.711509],[-72.917396,-13.712633],[-72.917446,-13.712853],[-72.917534,-13.713062],[-72.917753,-13.713459],[-72.917843,-13.713667],[-72.917903,-13.713885],[-72.918007,-13.714555],[-72.918093,-13.715908],[-72.918127,-13.716131],[-72.91821,-13.716341],[-72.918339,-13.716527],[-72.918499,-13.716688],[-72.918691,-13.716812],[-72.918899,-13.716904],[-72.920632,-13.717504],[-72.920829,-13.717618],[-72.920998,-13.71777],[-72.92176,-13.718616],[-72.922415,-13.719543],[-72.923297,-13.720585],[-72.923641,-13.721172],[-72.923702,-13.721389],[-72.92371,-13.721614],[-72.923667,-13.722064],[-72.923657,-13.722515],[-72.923682,-13.72274],[-72.923824,-13.723403],[-72.92383,-13.723629],[-72.923753,-13.724075],[-72.923756,-13.7243],[-72.923796,-13.724523],[-72.923758,-13.724743],[-72.92344,-13.725344],[-72.923096,-13.726422],[-72.922894,-13.726828],[-72.922322,-13.727808],[-72.922297,-13.72803],[-72.922314,-13.728255],[-72.922358,-13.728476],[-72.922459,-13.728678],[-72.922735,-13.729038],[-72.922818,-13.729248],[-72.922845,-13.729472],[-72.92284,-13.729697],[-72.922762,-13.730141],[-72.922786,-13.730365],[-72.922958,-13.731253],[-72.922967,-13.73193],[-72.92289,-13.732831],[-72.92289,-13.733283],[-72.923011,-13.734634],[-72.923093,-13.735079],[-72.923504,-13.736609],[-72.92354,-13.737059],[-72.92354,-13.737737],[-72.923583,-13.738187],[-72.923974,-13.739954],[-72.924134,-13.740844],[-72.924129,-13.741069],[-72.924095,-13.741293],[-72.923975,-13.741728],[-72.923352,-13.742938],[-72.923259,-13.743144],[-72.923197,-13.743361],[-72.923182,-13.743585],[-72.9232,-13.744716],[-72.923284,-13.74516],[-72.923923,-13.746855],[-72.924046,-13.74729],[-72.924086,-13.747513],[-72.92411,-13.747738],[-72.92408,-13.749094],[-72.924089,-13.749998],[-72.924218,-13.751121],[-72.924336,-13.751789],[-72.924568,-13.752664],[-72.924705,-13.753096],[-72.92527,-13.754576],[-72.92525,-13.755479],[-72.925266,-13.755931],[-72.925461,-13.758637],[-72.925493,-13.758861],[-72.925558,-13.759077],[-72.92565,-13.759284],[-72.925987,-13.759875],[-72.926178,-13.760285],[-72.926323,-13.760714],[-72.926402,-13.761159],[-72.92642,-13.761384],[-72.92641,-13.766358],[-72.926418,-13.766584],[-72.926454,-13.766807],[-72.926515,-13.767025],[-72.926719,-13.767429],[-72.927018,-13.767769],[-72.927192,-13.767918],[-72.927386,-13.768038],[-72.927813,-13.768201],[-72.929589,-13.768659],[-72.930464,-13.768934],[-72.934287,-13.77048],[-72.934494,-13.770578],[-72.934684,-13.770702],[-72.935162,-13.771189],[-72.935302,-13.771368],[-72.935524,-13.771762],[-72.93568,-13.772187],[-72.93585,-13.772845],[-72.935988,-13.773276],[-72.936074,-13.773485],[-72.936422,-13.774069],[-72.936509,-13.774278],[-72.936576,-13.774494],[-72.936618,-13.774944],[-72.936593,-13.7763],[-72.936629,-13.776977],[-72.936668,-13.777199],[-72.936735,-13.777415],[-72.9369,-13.777838],[-72.937112,-13.778237],[-72.937865,-13.77909],[-72.938002,-13.779271],[-72.938246,-13.779653],[-72.938548,-13.780263],[-72.938675,-13.780451],[-72.938825,-13.780621],[-72.939507,-13.781225],[-72.941169,-13.782435],[-72.941706,-13.78286],[-72.942729,-13.783769],[-72.943056,-13.784086],[-72.943358,-13.784426],[-72.944193,-13.785503],[-72.944557,-13.785779],[-72.94537,-13.786199],[-72.94576,-13.786436],[-72.946642,-13.787159],[-72.946783,-13.787336],[-72.946983,-13.787743],[-72.947031,-13.787963],[-72.947038,-13.788189],[-72.947138,-13.788381],[-72.947316,-13.788519],[-72.949433,-13.789393],[-72.950222,-13.789855],[-72.951576,-13.790709],[-72.951975,-13.790932],[-72.952406,-13.791087],[-72.953733,-13.791452],[-72.954163,-13.791607],[-72.956699,-13.793157],[-72.956873,-13.793304],[-72.957006,-13.793487],[-72.957073,-13.793701],[-72.957088,-13.793927],[-72.956999,-13.794826],[-72.957,-13.795052],[-72.957036,-13.795274],[-72.9572,-13.795695],[-72.957321,-13.795885],[-72.957474,-13.796054],[-72.957648,-13.7962],[-72.957841,-13.796322],[-72.958708,-13.796615],[-72.958903,-13.796732],[-72.959059,-13.796896],[-72.959173,-13.797092],[-72.959232,-13.797308],[-72.959231,-13.797534],[-72.95905,-13.798877],[-72.959115,-13.799552],[-72.959179,-13.799768],[-72.959283,-13.799969],[-72.959884,-13.800649],[-72.95998,-13.800852],[-72.959996,-13.801078],[-72.959963,-13.8013],[-72.959891,-13.801513],[-72.959781,-13.801712],[-72.959656,-13.8019],[-72.959502,-13.802068],[-72.959165,-13.802375],[-72.959024,-13.802553],[-72.958922,-13.802755],[-72.958846,-13.802967],[-72.958766,-13.803412],[-72.958758,-13.803636],[-72.95881,-13.804313],[-72.958805,-13.804764],[-72.958684,-13.805431],[-72.958574,-13.805627],[-72.95842,-13.805795],[-72.958238,-13.805932],[-72.95809,-13.806104],[-72.957986,-13.806305],[-72.95795,-13.806526],[-72.957972,-13.806751],[-72.958055,-13.806959],[-72.958181,-13.807146],[-72.958912,-13.808018],[-72.959027,-13.808213],[-72.959112,-13.808422],[-72.95918,-13.808869],[-72.95907,-13.809767],[-72.958816,-13.810869],[-72.958784,-13.811318],[-72.959036,-13.812421],[-72.959167,-13.812855],[-72.95925,-13.813065],[-72.959358,-13.813264],[-72.960938,-13.816021],[-72.962102,-13.818479],[-72.962619,-13.819736],[-72.962654,-13.819958],[-72.962671,-13.82041],[-72.962708,-13.820633],[-72.962781,-13.820846],[-72.96289,-13.821043],[-72.963569,-13.821955],[-72.963906,-13.82226],[-72.96447,-13.822649],[-72.964611,-13.822824],[-72.964799,-13.823236],[-72.965397,-13.824705],[-72.965509,-13.824902],[-72.965649,-13.82508],[-72.966493,-13.825846],[-72.966627,-13.826029],[-72.966712,-13.826237],[-72.966909,-13.826887],[-72.967579,-13.829519],[-72.967725,-13.829947],[-72.968106,-13.830769],[-72.969615,-13.833305],[-72.97015,-13.834305],[-72.970329,-13.834721],[-72.970581,-13.835591],[-72.970783,-13.835994],[-72.970947,-13.836151],[-72.97113,-13.836288],[-72.971331,-13.836396],[-72.97286,-13.836882],[-72.973287,-13.837049],[-72.973492,-13.837151],[-72.97407,-13.83752],[-72.974597,-13.837956],[-72.975084,-13.838434],[-72.975184,-13.838636],[-72.975231,-13.838857],[-72.975238,-13.839083],[-72.975165,-13.840664],[-72.97517,-13.841116],[-72.975218,-13.841336],[-72.975299,-13.841547],[-72.975546,-13.841927],[-72.975717,-13.842077],[-72.976116,-13.842298],[-72.97656,-13.842406],[-72.977469,-13.842539],[-72.977692,-13.842586],[-72.977908,-13.842662],[-72.978113,-13.842762],[-72.978303,-13.842889],[-72.978644,-13.843191],[-72.978779,-13.843373],[-72.978858,-13.843583],[-72.978905,-13.843803],[-72.978916,-13.844029],[-72.97867,-13.845363],[-72.97865,-13.845588],[-72.978655,-13.845814],[-72.978812,-13.846705],[-72.978826,-13.84693],[-72.978808,-13.847153],[-72.978409,-13.848686],[-72.978376,-13.848909],[-72.978334,-13.849586],[-72.978334,-13.849812],[-72.978373,-13.850034],[-72.978484,-13.850473],[-72.978894,-13.851768],[-72.979085,-13.852179],[-72.979422,-13.85277],[-72.979807,-13.853591],[-72.979946,-13.85402],[-72.980012,-13.854695],[-72.980005,-13.85492],[-72.979959,-13.85514],[-72.979814,-13.855569],[-72.97979,-13.855793],[-72.979899,-13.856231],[-72.979978,-13.856443],[-72.980213,-13.85683],[-72.980382,-13.856981],[-72.981966,-13.857895],[-72.982138,-13.858044],[-72.982428,-13.858393],[-72.982625,-13.858801],[-72.982738,-13.859237],[-72.98274,-13.861045],[-72.98277,-13.861268],[-72.982915,-13.861696],[-72.983187,-13.862059],[-72.983358,-13.862207],[-72.983554,-13.862326],[-72.983765,-13.862409],[-72.983985,-13.862473],[-72.984443,-13.86249],[-72.984666,-13.86244],[-72.984882,-13.862363],[-72.986136,-13.861803],[-72.986568,-13.861651],[-72.986792,-13.861604],[-72.987477,-13.861527],[-72.987935,-13.86151],[-72.988157,-13.861559],[-72.988357,-13.861668],[-72.988886,-13.862102],[-72.989077,-13.862224],[-72.989302,-13.862264],[-72.989988,-13.86225],[-72.990666,-13.862364],[-72.990887,-13.862425],[-72.991102,-13.862504],[-72.992559,-13.863172],[-72.992988,-13.86333],[-72.995243,-13.863751],[-72.995697,-13.863818],[-72.996156,-13.86382],[-72.997069,-13.863724],[-72.997975,-13.863579],[-72.998639,-13.863401],[-72.9995,-13.863085],[-73.003121,-13.86165],[-73.003774,-13.861437],[-73.004452,-13.861319],[-73.004909,-13.861285],[-73.006514,-13.86136],[-73.007885,-13.861488],[-73.008342,-13.861455],[-73.008565,-13.861398],[-73.008989,-13.861225],[-73.009385,-13.860997],[-73.009796,-13.860795],[-73.010466,-13.860643],[-73.010898,-13.860494],[-73.011464,-13.860109],[-73.011676,-13.860023],[-73.011899,-13.85998],[-73.012127,-13.859997],[-73.012349,-13.860053],[-73.01887,-13.862236],[-73.019723,-13.862571],[-73.020738,-13.863096],[-73.024495,-13.865695],[-73.024817,-13.866017],[-73.025105,-13.866368],[-73.025195,-13.866574],[-73.025252,-13.866792],[-73.025256,-13.867018],[-73.025214,-13.867468],[-73.025238,-13.867919],[-73.025486,-13.869023],[-73.026528,-13.873194],[-73.026568,-13.873416],[-73.026642,-13.875224],[-73.02666,-13.875448],[-73.026719,-13.875666],[-73.026855,-13.875848],[-73.027027,-13.875995],[-73.027226,-13.876105],[-73.028067,-13.87647],[-73.028248,-13.876597],[-73.028303,-13.876809],[-73.028053,-13.878141],[-73.027349,-13.880293],[-73.02725,-13.880733],[-73.027264,-13.881185],[-73.027421,-13.882304],[-73.02748,-13.882523],[-73.027576,-13.882727],[-73.027705,-13.882914],[-73.02786,-13.88308],[-73.028037,-13.883221],[-73.028425,-13.883463],[-73.028836,-13.883665],[-73.02927,-13.883813],[-73.029936,-13.883983],[-73.032092,-13.884761],[-73.032508,-13.884951],[-73.032903,-13.885181],[-73.034375,-13.886263],[-73.034545,-13.886415],[-73.034821,-13.886775],[-73.036224,-13.888844],[-73.036371,-13.889017],[-73.037819,-13.890469],[-73.03853,-13.891355],[-73.038874,-13.891653],[-73.039251,-13.891912],[-73.039447,-13.892026],[-73.039667,-13.89208],[-73.039895,-13.892063],[-73.040799,-13.89191],[-73.041256,-13.89193],[-73.041697,-13.892055],[-73.042981,-13.892544],[-73.043185,-13.892647],[-73.04337,-13.892781],[-73.043523,-13.892949],[-73.043662,-13.893129],[-73.04376,-13.893333],[-73.043919,-13.893757],[-73.044898,-13.896772],[-73.046395,-13.901522],[-73.046813,-13.902575],[-73.047132,-13.903176],[-73.04969,-13.907465],[-73.050648,-13.909008],[-73.050798,-13.909178],[-73.050974,-13.909323],[-73.051167,-13.909446],[-73.051374,-13.909542],[-73.052897,-13.910045],[-73.053523,-13.910326],[-73.053884,-13.910604],[-73.054043,-13.910766],[-73.055379,-13.912317],[-73.055478,-13.91252],[-73.055548,-13.912735],[-73.055749,-13.913617],[-73.055835,-13.913826],[-73.055957,-13.914017],[-73.056121,-13.914174],[-73.057238,-13.914965],[-73.058115,-13.91601],[-73.05823,-13.916205],[-73.058522,-13.91682],[-73.058919,-13.917371],[-73.059028,-13.91757],[-73.05965,-13.919029],[-73.060019,-13.9196],[-73.060317,-13.919945],[-73.060852,-13.920371],[-73.061223,-13.920636],[-73.061427,-13.92074],[-73.06207,-13.920982],[-73.062473,-13.921199],[-73.062663,-13.921325],[-73.064073,-13.922484],[-73.064239,-13.92264],[-73.06531,-13.92382],[-73.065677,-13.92409],[-73.065877,-13.9242],[-73.066305,-13.92436],[-73.067653,-13.92464],[-73.06787,-13.924713],[-73.068264,-13.924942],[-73.068441,-13.925086],[-73.068596,-13.925252],[-73.068705,-13.92545],[-73.068765,-13.925666],[-73.068885,-13.927244],[-73.068934,-13.927464],[-73.069011,-13.927676],[-73.069119,-13.927875],[-73.069262,-13.928052],[-73.069584,-13.928374],[-73.069697,-13.928569],[-73.06977,-13.928783],[-73.06977,-13.929008],[-73.069571,-13.93035],[-73.06956,-13.930576],[-73.069619,-13.930792],[-73.069725,-13.930992],[-73.069856,-13.931177],[-73.070423,-13.931887],[-73.070594,-13.932039],[-73.070983,-13.932274],[-73.071418,-13.932417],[-73.071644,-13.932452],[-73.072102,-13.932452],[-73.073245,-13.932343],[-73.073703,-13.932359],[-73.074802,-13.932683],[-73.075254,-13.932762],[-73.075941,-13.9328],[-73.077061,-13.933051],[-73.077504,-13.93317],[-73.077706,-13.933271],[-73.078058,-13.933561],[-73.078264,-13.933659],[-73.07916,-13.933843],[-73.079944,-13.934313],[-73.080151,-13.934409],[-73.080375,-13.934452],[-73.080603,-13.934465],[-73.080829,-13.934424],[-73.081044,-13.934349],[-73.082433,-13.933552],[-73.082966,-13.933123],[-73.083158,-13.933002],[-73.083371,-13.932922],[-73.083598,-13.93289],[-73.083826,-13.932905],[-73.084712,-13.933141],[-73.085111,-13.933362],[-73.086603,-13.934416],[-73.087212,-13.93473],[-73.087863,-13.934951],[-73.088087,-13.934997],[-73.088999,-13.935101],[-73.089223,-13.935154],[-73.089623,-13.935371],[-73.090159,-13.935796],[-73.09054,-13.936048],[-73.092153,-13.936914],[-73.092786,-13.93718],[-73.093219,-13.93733],[-73.093895,-13.93746],[-73.094338,-13.937576],[-73.094758,-13.937759],[-73.095163,-13.937971],[-73.09575,-13.938325],[-73.095925,-13.93847],[-73.096179,-13.938846],[-73.096516,-13.939436],[-73.096668,-13.939606],[-73.09685,-13.939742],[-73.097049,-13.939854],[-73.097259,-13.939944],[-73.098137,-13.940208],[-73.098585,-13.940304],[-73.101105,-13.940468],[-73.101786,-13.940564],[-73.101998,-13.940643],[-73.102141,-13.940814],[-73.102179,-13.941263],[-73.102173,-13.941489],[-73.102252,-13.94169],[-73.102439,-13.941807],[-73.102896,-13.94177],[-73.103354,-13.941795],[-73.105613,-13.942197],[-73.105835,-13.942254],[-73.106263,-13.942418],[-73.108139,-13.94327],[-73.108578,-13.943402],[-73.110359,-13.943842],[-73.110795,-13.943984],[-73.110992,-13.944097],[-73.11116,-13.94425],[-73.111301,-13.944428],[-73.111805,-13.945184],[-73.111951,-13.945358],[-73.112133,-13.945492],[-73.112339,-13.94559],[-73.112556,-13.945665],[-73.112779,-13.945711],[-73.113008,-13.945731],[-73.113236,-13.945718],[-73.113677,-13.945599],[-73.114413,-13.945062],[-73.115208,-13.94461],[-73.115388,-13.94447],[-73.115542,-13.944303],[-73.115667,-13.944114],[-73.116049,-13.943292],[-73.11617,-13.943101],[-73.11634,-13.942948],[-73.116528,-13.942822],[-73.116748,-13.942758],[-73.116974,-13.942731],[-73.117201,-13.942757],[-73.117873,-13.9429],[-73.118072,-13.943011],[-73.118528,-13.943516],[-73.118718,-13.943643],[-73.119327,-13.943958],[-73.119753,-13.944127],[-73.120194,-13.944253],[-73.123325,-13.944971],[-73.126505,-13.945426],[-73.126734,-13.94545],[-73.126963,-13.945437],[-73.127185,-13.945388],[-73.127798,-13.94508],[-73.128182,-13.944833],[-73.128348,-13.944677],[-73.128618,-13.944313],[-73.12941,-13.942936],[-73.129535,-13.942747],[-73.129695,-13.942586],[-73.131278,-13.941278],[-73.131489,-13.941197],[-73.131715,-13.94116],[-73.131942,-13.941185],[-73.132157,-13.94126],[-73.135552,-13.942642],[-73.136706,-13.943382],[-73.139201,-13.944532],[-73.139606,-13.944745],[-73.139785,-13.944887],[-73.139923,-13.945068],[-73.140018,-13.945273],[-73.140167,-13.945701],[-73.140446,-13.947029],[-73.140525,-13.947703],[-73.140525,-13.948154],[-73.140476,-13.948372],[-73.140358,-13.948561],[-73.140147,-13.948648],[-73.139955,-13.948765],[-73.139757,-13.94917],[-73.139684,-13.949384],[-73.139662,-13.949609],[-73.139779,-13.950505],[-73.13988,-13.950946],[-73.139944,-13.951163],[-73.140127,-13.951577],[-73.140261,-13.95176],[-73.140753,-13.952234],[-73.140946,-13.952355],[-73.141368,-13.952533],[-73.141818,-13.952615],[-73.142734,-13.952645],[-73.143179,-13.952757],[-73.143594,-13.952949],[-73.143779,-13.953082],[-73.143923,-13.953255],[-73.144017,-13.953459],[-73.144121,-13.953898],[-73.144214,-13.954103],[-73.144364,-13.954273],[-73.144556,-13.954397],[-73.145387,-13.954781],[-73.145763,-13.955039],[-73.146181,-13.955218],[-73.146637,-13.955266],[-73.147549,-13.955174],[-73.148007,-13.9552],[-73.148689,-13.955295],[-73.149377,-13.955318],[-73.149604,-13.955296],[-73.150277,-13.955153],[-73.150505,-13.955151],[-73.150729,-13.955189],[-73.150932,-13.955293],[-73.151094,-13.955451],[-73.151584,-13.956213],[-73.151698,-13.956409],[-73.151864,-13.95683],[-73.152115,-13.957208],[-73.152416,-13.957547],[-73.152756,-13.957851],[-73.154112,-13.959386],[-73.154444,-13.959697],[-73.156676,-13.961288],[-73.156839,-13.961446],[-73.156975,-13.961628],[-73.15706,-13.961836],[-73.157106,-13.962056],[-73.157118,-13.962281],[-73.157084,-13.962732],[-73.157034,-13.962952],[-73.156946,-13.96316],[-73.15673,-13.963559],[-73.156474,-13.963931],[-73.156294,-13.964071],[-73.155502,-13.964527],[-73.155324,-13.96467],[-73.154685,-13.965318],[-73.154397,-13.96567],[-73.153588,-13.967037],[-73.153299,-13.967653],[-73.153056,-13.968287],[-73.152691,-13.969117],[-73.152631,-13.969333],[-73.15263,-13.969558],[-73.152747,-13.969994],[-73.152906,-13.970419],[-73.153445,-13.971415],[-73.153616,-13.971834],[-73.153727,-13.97273],[-73.154098,-13.973799],[-73.154284,-13.974213],[-73.154403,-13.974406],[-73.154809,-13.974953],[-73.154982,-13.9751],[-73.155184,-13.975206],[-73.156067,-13.975453],[-73.156268,-13.975559],[-73.15682,-13.975964],[-73.157024,-13.976067],[-73.157915,-13.976274],[-73.158333,-13.976459],[-73.159326,-13.977026],[-73.159505,-13.977168],[-73.159619,-13.977362],[-73.159972,-13.978437],[-73.16011,-13.979558],[-73.160558,-13.981775],[-73.160549,-13.982226],[-73.16048,-13.983128],[-73.160489,-13.983353],[-73.16054,-13.983573],[-73.160771,-13.984212],[-73.16089,-13.984404],[-73.161024,-13.984588],[-73.161495,-13.985082],[-73.161614,-13.985274],[-73.161897,-13.985892],[-73.162058,-13.986315],[-73.162156,-13.986986],[-73.162167,-13.987212],[-73.162129,-13.987432],[-73.161849,-13.987784],[-73.161895,-13.987996],[-73.162182,-13.988349],[-73.162655,-13.988842],[-73.162826,-13.988992],[-73.163015,-13.98912],[-73.163428,-13.989313],[-73.164849,-13.990054],[-73.165481,-13.990322],[-73.165927,-13.990427],[-73.166155,-13.990451],[-73.171193,-13.990802],[-73.172035,-13.991159],[-73.173329,-13.991626],[-73.174161,-13.992008],[-73.17438,-13.992042],[-73.174572,-13.991932],[-73.17499,-13.991392],[-73.175146,-13.991228],[-73.175365,-13.991174],[-73.175578,-13.99125],[-73.176156,-13.991618],[-73.176336,-13.991759],[-73.176621,-13.992111],[-73.177199,-13.993088],[-73.178205,-13.9946],[-73.178305,-13.994804],[-73.178601,-13.99566],[-73.178668,-13.995876],[-73.178735,-13.996322],[-73.178777,-13.99813],[-73.178907,-13.998562],[-73.179012,-13.998762],[-73.179264,-13.99914],[-73.179474,-13.999541],[-73.179709,-14.000178],[-73.179751,-14.0004],[-73.179736,-14.001076],[-73.179857,-14.001742],[-73.179899,-14.002645],[-73.179938,-14.002867],[-73.180176,-14.003741],[-73.1802,-14.003964],[-73.1802,-14.004643],[-73.180295,-14.005314],[-73.1804,-14.005754],[-73.180628,-14.006394],[-73.180728,-14.006596],[-73.180944,-14.006996],[-73.181303,-14.007574],[-73.181624,-14.008419],[-73.181736,-14.008616],[-73.18187,-14.008799],[-73.182027,-14.008964],[-73.182192,-14.009121],[-73.182951,-14.009629],[-73.183611,-14.010256],[-73.184237,-14.010537],[-73.18482,-14.010896],[-73.185423,-14.011224],[-73.186198,-14.01171],[-73.186749,-14.012115],[-73.187424,-14.012729],[-73.187625,-14.012836],[-73.187843,-14.012903],[-73.18807,-14.012933],[-73.189213,-14.013042],[-73.189665,-14.013119],[-73.189886,-14.01318],[-73.191992,-14.014081],[-73.192213,-14.014139],[-73.192898,-14.0142],[-73.193119,-14.014255],[-73.193328,-14.014347],[-73.193718,-14.014584],[-73.193935,-14.014658],[-73.19416,-14.014696],[-73.194388,-14.014704],[-73.194613,-14.014662],[-73.1963,-14.013948],[-73.19652,-14.013883],[-73.198807,-14.013687],[-73.199256,-14.013594],[-73.199687,-14.01344],[-73.200132,-14.013332],[-73.200361,-14.013321],[-73.200589,-14.013345],[-73.201034,-14.013455],[-73.201668,-14.013719],[-73.201871,-14.013824],[-73.202423,-14.014229],[-73.20275,-14.014544],[-73.20348,-14.015417],[-73.204675,-14.017076],[-73.206079,-14.018865],[-73.207082,-14.020101],[-73.207435,-14.020389],[-73.207827,-14.020623],[-73.208679,-14.020961],[-73.208882,-14.021066],[-73.209054,-14.021215],[-73.210159,-14.022364],[-73.210343,-14.022499],[-73.21054,-14.022614],[-73.211186,-14.022849],[-73.211392,-14.022948],[-73.211575,-14.023084],[-73.212597,-14.024304],[-73.21326,-14.025225],[-73.213414,-14.025392],[-73.21475,-14.026634],[-73.215428,-14.027545],[-73.215717,-14.027896],[-73.216796,-14.029068],[-73.217593,-14.029882],[-73.217929,-14.03019],[-73.219176,-14.031189],[-73.219686,-14.031644],[-73.219843,-14.031809],[-73.219965,-14.032],[-73.22006,-14.032206],[-73.220127,-14.032421],[-73.220169,-14.03355],[-73.220217,-14.034],[-73.220274,-14.034217],[-73.220386,-14.034411],[-73.220561,-14.034556],[-73.220962,-14.034777],[-73.223459,-14.035921],[-73.224117,-14.036123],[-73.224341,-14.036169],[-73.224567,-14.036212],[-73.225251,-14.036281],[-73.226136,-14.036522],[-73.226565,-14.03668],[-73.226759,-14.0368],[-73.226929,-14.036951],[-73.230249,-14.040075],[-73.230606,-14.040359],[-73.230998,-14.040592],[-73.232061,-14.041018],[-73.232286,-14.04106],[-73.233658,-14.040973],[-73.23434,-14.041066],[-73.235027,-14.04111],[-73.235246,-14.041179],[-73.23544,-14.041297],[-73.235614,-14.041442],[-73.235869,-14.041817],[-73.237596,-14.04501],[-73.237786,-14.045421],[-73.237948,-14.04608],[-73.237924,-14.046758],[-73.237863,-14.047204],[-73.237364,-14.048469],[-73.237134,-14.048859],[-73.236556,-14.049562],[-73.236428,-14.049749],[-73.236334,-14.049953],[-73.236295,-14.050401],[-73.23637,-14.051982],[-73.236416,-14.052203],[-73.236508,-14.052411],[-73.23663,-14.052601],[-73.236946,-14.052929],[-73.237944,-14.053864],[-73.238135,-14.053987],[-73.23835,-14.054063],[-73.238578,-14.054075],[-73.239496,-14.054042],[-73.239954,-14.054069],[-73.240179,-14.054112],[-73.240382,-14.054216],[-73.241328,-14.054854],[-73.241541,-14.054935],[-73.242686,-14.054922],[-73.242913,-14.054959],[-73.243132,-14.055024],[-73.243336,-14.055126],[-73.24366,-14.055443],[-73.244217,-14.056431],[-73.244345,-14.056617],[-73.244503,-14.05678],[-73.24526,-14.057289],[-73.245892,-14.057558],[-73.246081,-14.057683],[-73.24715,-14.05854],[-73.247316,-14.058695],[-73.247456,-14.058873],[-73.248552,-14.060598],[-73.248659,-14.061036],[-73.24893,-14.062824],[-73.249032,-14.063026],[-73.249168,-14.063208],[-73.250842,-14.064755],[-73.25102,-14.064898],[-73.251219,-14.065009],[-73.251444,-14.065043],[-73.251672,-14.065036],[-73.253224,-14.064626],[-73.25345,-14.064587],[-73.253679,-14.06458],[-73.253901,-14.064638],[-73.254098,-14.064753],[-73.254441,-14.065052],[-73.254683,-14.065436],[-73.254899,-14.065835],[-73.255006,-14.066035],[-73.255081,-14.066248],[-73.25526,-14.066903],[-73.255405,-14.067566],[-73.255473,-14.068013],[-73.255509,-14.068464],[-73.255511,-14.068689],[-73.255459,-14.069138],[-73.25536,-14.06958],[-73.254756,-14.071525],[-73.254714,-14.071746],[-73.254727,-14.071971],[-73.254807,-14.072182],[-73.25505,-14.072565],[-73.255477,-14.073097],[-73.256227,-14.073953],[-73.256559,-14.074265],[-73.257935,-14.075463],[-73.259053,-14.076254],[-73.260731,-14.077797],[-73.261091,-14.078077],[-73.261487,-14.078304],[-73.261702,-14.078383],[-73.264376,-14.07904],[-73.265257,-14.079295],[-73.265887,-14.079567],[-73.267323,-14.080277],[-73.267692,-14.080545],[-73.270131,-14.082607],[-73.270496,-14.08288],[-73.271634,-14.083646],[-73.272872,-14.084652],[-73.2768,-14.08652],[-73.276989,-14.086648],[-73.277153,-14.086804],[-73.279712,-14.09],[-73.279965,-14.090376],[-73.280299,-14.09097],[-73.281332,-14.094205],[-73.281385,-14.094424],[-73.281405,-14.094649],[-73.281396,-14.094873],[-73.281098,-14.096198],[-73.281071,-14.096422],[-73.28104,-14.097552],[-73.281093,-14.098001],[-73.281233,-14.09843],[-73.282356,-14.101153],[-73.282458,-14.101355],[-73.282908,-14.101867],[-73.28322,-14.102471],[-73.283308,-14.102679],[-73.28336,-14.102898],[-73.28353,-14.10538],[-73.28354,-14.105832],[-73.283485,-14.10628],[-73.283037,-14.108034],[-73.28301,-14.108258],[-73.283016,-14.108483],[-73.283435,-14.112076],[-73.283575,-14.112506],[-73.28383,-14.113136],[-73.283959,-14.113322],[-73.284254,-14.113667],[-73.284368,-14.113862],[-73.284421,-14.114082],[-73.28447,-14.115211],[-73.284421,-14.116114],[-73.283977,-14.119933],[-73.283974,-14.120158],[-73.284008,-14.120381],[-73.284079,-14.120596],[-73.284716,-14.122048],[-73.285152,-14.122572],[-73.285475,-14.122895],[-73.285604,-14.123081],[-73.286203,-14.124045],[-73.28639,-14.124457],[-73.28652,-14.12489],[-73.28657,-14.125339],[-73.28646,-14.126691],[-73.286482,-14.126915],[-73.286556,-14.127128],[-73.286669,-14.127323],[-73.286983,-14.127653],[-73.28716,-14.127794],[-73.287358,-14.127907],[-73.28802,-14.12809],[-73.288697,-14.12821],[-73.288924,-14.128192],[-73.289594,-14.128036],[-73.290255,-14.127845],[-73.291554,-14.127394],[-73.29178,-14.127353],[-73.292008,-14.127346],[-73.292232,-14.127388],[-73.292439,-14.127484],[-73.292617,-14.127624],[-73.29276,-14.1278],[-73.293032,-14.128421],[-73.293172,-14.128598],[-73.293359,-14.128724],[-73.293579,-14.128786],[-73.293807,-14.128794],[-73.29426,-14.128727],[-73.29448,-14.128664],[-73.295337,-14.128341],[-73.296222,-14.128102],[-73.29814,-14.127344],[-73.298362,-14.127288],[-73.29859,-14.127276],[-73.298816,-14.127313],[-73.299238,-14.12749],[-73.299438,-14.1276],[-73.299616,-14.127741],[-73.299766,-14.127911],[-73.299878,-14.128108],[-73.300227,-14.128944],[-73.300272,-14.129164],[-73.300277,-14.12939],[-73.300256,-14.129614],[-73.3002,-14.129833],[-73.300037,-14.130255],[-73.299922,-14.13045],[-73.299779,-14.130625],[-73.299443,-14.130933],[-73.298549,-14.131641],[-73.298386,-14.1318],[-73.298254,-14.131984],[-73.298163,-14.132191],[-73.29811,-14.132411],[-73.298118,-14.132636],[-73.29817,-14.132856],[-73.298263,-14.133062],[-73.299646,-14.13592],[-73.300002,-14.136752],[-73.300052,-14.136973],[-73.300069,-14.137197],[-73.300063,-14.138101],[-73.300103,-14.138323],[-73.300177,-14.138537],[-73.300563,-14.139355],[-73.300704,-14.139533],[-73.301044,-14.139835],[-73.301423,-14.140091],[-73.302011,-14.140444],[-73.303145,-14.141213],[-73.303684,-14.141637],[-73.304005,-14.141958],[-73.304288,-14.142314],[-73.304547,-14.142686],[-73.306113,-14.145707],[-73.306478,-14.146537],[-73.306684,-14.146941],[-73.307119,-14.147465],[-73.307291,-14.147615],[-73.308278,-14.148187],[-73.308602,-14.148507],[-73.308874,-14.148871],[-73.309782,-14.150443],[-73.31008,-14.150786],[-73.311119,-14.151675],[-73.311846,-14.152227],[-73.312879,-14.152721],[-73.313875,-14.153282],[-73.316132,-14.154397],[-73.316696,-14.154785],[-73.31687,-14.154934],[-73.317034,-14.155091],[-73.318402,-14.156617],[-73.323354,-14.162263],[-73.32348,-14.162451],[-73.324508,-14.164723],[-73.324674,-14.165144],[-73.324696,-14.165368],[-73.324448,-14.166701],[-73.323804,-14.168151],[-73.323756,-14.168372],[-73.323723,-14.168595],[-73.32372,-14.168821],[-73.32377,-14.169724],[-73.323833,-14.170172],[-73.324003,-14.17106],[-73.323982,-14.171283],[-73.323909,-14.171495],[-73.323557,-14.172075],[-73.323488,-14.17229],[-73.323337,-14.174319],[-73.32336,-14.178841],[-73.323378,-14.179292],[-73.323422,-14.179514],[-73.323534,-14.179711],[-73.323965,-14.180238],[-73.324068,-14.18044],[-73.324122,-14.180659],[-73.32412,-14.180884],[-73.32406,-14.181102],[-73.323877,-14.181515],[-73.323739,-14.181694],[-73.323577,-14.181853],[-73.323055,-14.182295],[-73.322739,-14.182622],[-73.322626,-14.182819],[-73.322232,-14.183375],[-73.322011,-14.183771],[-73.321847,-14.184192],[-73.321649,-14.184841],[-73.321547,-14.185043],[-73.320911,-14.185983],[-73.319532,-14.189091],[-73.319382,-14.189517],[-73.319284,-14.189959],[-73.319263,-14.190184],[-73.319267,-14.190635],[-73.319607,-14.193783],[-73.319691,-14.194227],[-73.319784,-14.194433],[-73.319891,-14.194633],[-73.320182,-14.194982],[-73.320539,-14.195264],[-73.321116,-14.195633],[-73.321474,-14.195916],[-73.321801,-14.196232],[-73.321935,-14.196415],[-73.322874,-14.198227],[-73.32364,-14.199618],[-73.32391,-14.199982],[-73.324229,-14.200308],[-73.324361,-14.200491],[-73.324465,-14.200692],[-73.324554,-14.201134],[-73.324637,-14.202714],[-73.324689,-14.202934],[-73.324882,-14.203344],[-73.325197,-14.203671],[-73.325891,-14.204261],[-73.326028,-14.204442],[-73.326365,-14.205034],[-73.326491,-14.205222],[-73.326784,-14.20557],[-73.326898,-14.205765],[-73.327048,-14.206192],[-73.327437,-14.206751],[-73.327547,-14.206949],[-73.32761,-14.207166],[-73.327638,-14.20739],[-73.327602,-14.207612],[-73.327526,-14.207826],[-73.327272,-14.208202],[-73.327128,-14.208377],[-73.326954,-14.208523],[-73.326188,-14.20902],[-73.325764,-14.209194],[-73.325326,-14.209328],[-73.325098,-14.209358],[-73.323951,-14.209379],[-73.323039,-14.209485],[-73.322811,-14.209492],[-73.322586,-14.209454],[-73.322374,-14.209368],[-73.321593,-14.208894],[-73.321383,-14.208804],[-73.320933,-14.208722],[-73.320482,-14.208801],[-73.320269,-14.208881],[-73.319871,-14.209105],[-73.319494,-14.209363],[-73.319284,-14.209454],[-73.319057,-14.209458],[-73.318373,-14.20938],[-73.318153,-14.209431],[-73.317965,-14.209558],[-73.317775,-14.209967],[-73.317717,-14.210185],[-73.317715,-14.210411],[-73.317747,-14.210633],[-73.318003,-14.211263],[-73.31813,-14.211696],[-73.318104,-14.211919],[-73.318034,-14.212133],[-73.317757,-14.212754],[-73.317662,-14.213196],[-73.317654,-14.213422],[-73.317661,-14.213647],[-73.317777,-14.214083],[-73.317995,-14.21448],[-73.31898,-14.216007],[-73.319109,-14.216194],[-73.319267,-14.216357],[-73.320502,-14.217369],[-73.320836,-14.217679],[-73.320985,-14.217851],[-73.321111,-14.218039],[-73.322008,-14.219618],[-73.322158,-14.220045],[-73.322186,-14.220268],[-73.322151,-14.220491],[-73.321905,-14.221595],[-73.321068,-14.223455],[-73.32101,-14.223673],[-73.320996,-14.223897],[-73.321019,-14.224122],[-73.321088,-14.224337],[-73.322355,-14.226487],[-73.322431,-14.2267],[-73.322444,-14.226924],[-73.322419,-14.227148],[-73.322335,-14.227358],[-73.322195,-14.227537],[-73.322025,-14.227688],[-73.321415,-14.228],[-73.321243,-14.228149],[-73.320509,-14.229018],[-73.320194,-14.229347],[-73.320019,-14.229492],[-73.319054,-14.230103],[-73.318881,-14.230252],[-73.318247,-14.230905],[-73.317264,-14.232156],[-73.317153,-14.232354],[-73.316901,-14.232985],[-73.315818,-14.235479],[-73.315695,-14.23567],[-73.315547,-14.235842],[-73.315364,-14.235979],[-73.314764,-14.236311],[-73.314579,-14.236445],[-73.314429,-14.236612],[-73.31431,-14.236806],[-73.31423,-14.237016],[-73.314192,-14.237238],[-73.314186,-14.237464],[-73.314229,-14.237914],[-73.314229,-14.238139],[-73.314178,-14.238358],[-73.314098,-14.238569],[-73.313985,-14.238766],[-73.311661,-14.241268],[-73.310993,-14.241889],[-73.310849,-14.242064],[-73.31073,-14.242258],[-73.31063,-14.24246],[-73.31057,-14.242677],[-73.310541,-14.242901],[-73.310567,-14.243352],[-73.310606,-14.243575],[-73.31059,-14.244025],[-73.310503,-14.244233],[-73.310369,-14.244416],[-73.310194,-14.24456],[-73.30803,-14.245842],[-73.307485,-14.246258],[-73.307292,-14.246379],[-73.306258,-14.246866],[-73.305182,-14.247712],[-73.304858,-14.248031],[-73.303566,-14.2499],[-73.303367,-14.250307],[-73.303284,-14.250751],[-73.303294,-14.250976],[-73.30344,-14.251868],[-73.303434,-14.25232],[-73.303393,-14.252542],[-73.303311,-14.252752],[-73.30321,-14.252955],[-73.303083,-14.253143],[-73.302923,-14.253304],[-73.302737,-14.253436],[-73.301722,-14.253961],[-73.300404,-14.254356],[-73.300192,-14.254442],[-73.299996,-14.25456],[-73.299639,-14.254843],[-73.298441,-14.255899],[-73.298083,-14.256182],[-73.295635,-14.257861],[-73.295314,-14.258184],[-73.2949,-14.258726],[-73.294768,-14.258911],[-73.294675,-14.259117],[-73.294538,-14.259547],[-73.294525,-14.259771],[-73.294569,-14.260675],[-73.294538,-14.261126],[-73.294463,-14.261571],[-73.293526,-14.263634],[-73.291554,-14.268213],[-73.291454,-14.268416],[-73.291327,-14.268605],[-73.291161,-14.26876],[-73.290971,-14.268885],[-73.284436,-14.271662],[-73.28343,-14.272205],[-73.283044,-14.272451],[-73.281774,-14.273419],[-73.280651,-14.274206],[-73.280304,-14.274501],[-73.279828,-14.274992],[-73.279147,-14.275598],[-73.277362,-14.277019],[-73.275605,-14.278474],[-73.275208,-14.278698],[-73.274782,-14.278867],[-73.272777,-14.27936],[-73.272339,-14.279493],[-73.272128,-14.279584],[-73.271756,-14.279846],[-73.270884,-14.280581],[-73.270142,-14.281115],[-73.252802,-14.292181],[-73.252203,-14.292516],[-73.251782,-14.292695],[-73.251341,-14.292823],[-73.250002,-14.293138],[-73.249575,-14.293301],[-73.249186,-14.29354],[-73.24901,-14.293686],[-73.248862,-14.293858],[-73.248174,-14.294763],[-73.248024,-14.294932],[-73.247837,-14.295062],[-73.246195,-14.295873],[-73.245772,-14.296049],[-73.242635,-14.296733],[-73.242195,-14.296863],[-73.239839,-14.297759],[-73.239438,-14.297978],[-73.239263,-14.298123],[-73.239105,-14.298285],[-73.238825,-14.298644],[-73.238499,-14.298961],[-73.238307,-14.299084],[-73.237101,-14.29974],[-73.23689,-14.29983],[-73.236441,-14.299923],[-73.235078,-14.300115],[-73.234647,-14.300269],[-73.234448,-14.300382],[-73.234255,-14.300503],[-73.233897,-14.300785],[-73.231733,-14.303126],[-73.23139,-14.303425],[-73.230967,-14.303598],[-73.230082,-14.303839],[-73.2294,-14.303932],[-73.229171,-14.30395],[-73.228942,-14.303937],[-73.22872,-14.303883],[-73.227257,-14.30323],[-73.22681,-14.30313],[-73.226352,-14.303137],[-73.225903,-14.303226],[-73.225469,-14.303373],[-73.222163,-14.304324],[-73.221564,-14.304656],[-73.220602,-14.305274],[-73.220244,-14.305556],[-73.219234,-14.306478],[-73.218137,-14.307928],[-73.217827,-14.30826],[-73.217642,-14.308392],[-73.21743,-14.308472],[-73.217202,-14.308488],[-73.216973,-14.308472],[-73.215859,-14.308202],[-73.215634,-14.308156],[-73.215406,-14.30814],[-73.215176,-14.30814],[-73.21495,-14.308175],[-73.214728,-14.308234],[-73.214523,-14.308332],[-73.214323,-14.308443],[-73.21414,-14.30858],[-73.207788,-14.313427],[-73.207411,-14.313684],[-73.207198,-14.313767],[-73.206974,-14.313813],[-73.206745,-14.313807],[-73.205651,-14.313469],[-73.203001,-14.312726],[-73.202553,-14.312632],[-73.202324,-14.31262],[-73.201867,-14.312657],[-73.201428,-14.312786],[-73.199753,-14.313529],[-73.199559,-14.313649],[-73.199384,-14.313792],[-73.199256,-14.313979],[-73.199172,-14.314188],[-73.199143,-14.314411],[-73.199159,-14.314636],[-73.19922,-14.314854],[-73.1999,-14.316534],[-73.199979,-14.316746],[-73.200094,-14.317182],[-73.200109,-14.317408],[-73.200058,-14.317628],[-73.199962,-14.317832],[-73.199819,-14.318007],[-73.199638,-14.318145],[-73.199419,-14.318207],[-73.19919,-14.318202],[-73.198966,-14.318156],[-73.198083,-14.317911],[-73.1974,-14.317822],[-73.196942,-14.317821],[-73.196495,-14.317921],[-73.196281,-14.318003],[-73.196072,-14.318094],[-73.19569,-14.318344],[-73.195148,-14.318762],[-73.194997,-14.31893],[-73.194883,-14.319125],[-73.194702,-14.319779],[-73.194599,-14.31998],[-73.194453,-14.320153],[-73.194261,-14.320275],[-73.191898,-14.32167],[-73.191259,-14.321923],[-73.190384,-14.322196],[-73.190161,-14.32225],[-73.189482,-14.322356],[-73.188446,-14.322842],[-73.188254,-14.322964],[-73.18796,-14.323309],[-73.186207,-14.325688],[-73.185466,-14.326551],[-73.184984,-14.327036],[-73.18413,-14.327791],[-73.183767,-14.328067],[-73.183362,-14.328281],[-73.183172,-14.328405],[-73.182998,-14.328552],[-73.177805,-14.333985],[-73.177628,-14.334129],[-73.177437,-14.334254],[-73.177232,-14.334355],[-73.176809,-14.334531],[-73.173598,-14.335755],[-73.172946,-14.335975],[-73.172282,-14.336156],[-73.171853,-14.336315],[-73.171649,-14.33642],[-73.170689,-14.337038],[-73.170135,-14.337442],[-73.169647,-14.337918],[-73.169367,-14.338277],[-73.169207,-14.338437],[-73.168646,-14.33883],[-73.168483,-14.338988],[-73.168047,-14.339513],[-73.16787,-14.339657],[-73.167445,-14.33982],[-73.166103,-14.340128],[-73.165671,-14.340279],[-73.165479,-14.340401],[-73.165323,-14.340566],[-73.165053,-14.340931],[-73.164586,-14.34171],[-73.164443,-14.341886],[-73.164273,-14.342036],[-73.164082,-14.342162],[-73.162719,-14.343001],[-73.162536,-14.343135],[-73.162384,-14.343303],[-73.162193,-14.343712],[-73.162163,-14.343936],[-73.162132,-14.34484],[-73.162243,-14.345276],[-73.162444,-14.345681],[-73.162712,-14.346048],[-73.163693,-14.346999],[-73.163835,-14.347177],[-73.164153,-14.347777],[-73.16432,-14.348198],[-73.164368,-14.348646],[-73.164278,-14.349089],[-73.16399,-14.349945],[-73.16397,-14.350396],[-73.163985,-14.350621],[-73.164108,-14.351055],[-73.164588,-14.35208],[-73.164651,-14.352298],[-73.164653,-14.352522],[-73.164391,-14.353852],[-73.164399,-14.354078],[-73.164479,-14.354522],[-73.164838,-14.355354],[-73.164913,-14.355567],[-73.164962,-14.355787],[-73.164989,-14.357369],[-73.164945,-14.358272],[-73.164953,-14.358498],[-73.165483,-14.360464],[-73.16557,-14.360907],[-73.16555,-14.361131],[-73.165244,-14.36222],[-73.16523,-14.362445],[-73.165288,-14.362663],[-73.165397,-14.36286],[-73.165703,-14.363196],[-73.166045,-14.363498],[-73.166961,-14.364179],[-73.167119,-14.364342],[-73.167616,-14.365102],[-73.168422,-14.366201],[-73.168635,-14.366602],[-73.168811,-14.367019],[-73.168951,-14.36745],[-73.168995,-14.367672],[-73.168973,-14.367895],[-73.16839,-14.369123],[-73.168482,-14.369317],[-73.16862,-14.369496],[-73.168671,-14.369715],[-73.168683,-14.36994],[-73.168737,-14.37016],[-73.168937,-14.370566],[-73.169066,-14.370752],[-73.169219,-14.370919],[-73.171,-14.372346],[-73.171306,-14.372683],[-73.171555,-14.373062],[-73.172477,-14.375131],[-73.172584,-14.37557],[-73.172742,-14.377145],[-73.172809,-14.377592],[-73.172868,-14.37781],[-73.172954,-14.378019],[-73.173069,-14.378214],[-73.173201,-14.378399],[-73.173552,-14.378688],[-73.173746,-14.378808],[-73.174998,-14.379371],[-73.175196,-14.379486],[-73.175542,-14.379781],[-73.175915,-14.380349],[-73.177606,-14.383303],[-73.177746,-14.383482],[-73.17791,-14.38364],[-73.179153,-14.384643],[-73.1793,-14.384815],[-73.179422,-14.385007],[-73.179516,-14.385447],[-73.179538,-14.386124],[-73.179605,-14.386571],[-73.179705,-14.386773],[-73.179836,-14.386958],[-73.18371,-14.390492],[-73.183862,-14.390661],[-73.183993,-14.390845],[-73.184287,-14.391458],[-73.184626,-14.392047],[-73.185694,-14.393519],[-73.185775,-14.393728],[-73.185762,-14.393952],[-73.185561,-14.3946],[-73.185541,-14.394825],[-73.18559,-14.395501],[-73.185578,-14.396178],[-73.185636,-14.396396],[-73.185735,-14.396598],[-73.185889,-14.396765],[-73.186068,-14.396905],[-73.186663,-14.397246],[-73.187096,-14.397395],[-73.190402,-14.398343],[-73.19062,-14.398416],[-73.19082,-14.398524],[-73.190987,-14.39868],[-73.191113,-14.398867],[-73.191199,-14.399077],[-73.191689,-14.400584],[-73.19207,-14.40165],[-73.192536,-14.402683],[-73.193042,-14.403698],[-73.193458,-14.404238],[-73.193614,-14.404404],[-73.194293,-14.405012],[-73.194709,-14.405552],[-73.195053,-14.406137],[-73.195202,-14.406306],[-73.195397,-14.406423],[-73.19602,-14.406713],[-73.197442,-14.40745],[-73.198032,-14.407801],[-73.198373,-14.408101],[-73.198825,-14.408612],[-73.198955,-14.408798],[-73.199501,-14.409793],[-73.19978,-14.410411],[-73.200069,-14.411504],[-73.200179,-14.411702],[-73.200317,-14.411882],[-73.202985,-14.414369],[-73.203717,-14.414913],[-73.203835,-14.415098],[-73.203881,-14.415319],[-73.20402,-14.416441],[-73.20437,-14.418216],[-73.204509,-14.418646],[-73.20461,-14.418849],[-73.204745,-14.419032],[-73.207735,-14.42184],[-73.2083,-14.422551],[-73.20937,-14.424021],[-73.209521,-14.424191],[-73.210891,-14.425395],[-73.214613,-14.428414],[-73.21511,-14.428883],[-73.215576,-14.429382],[-73.215717,-14.42956],[-73.2169,-14.431498],[-73.217092,-14.431907],[-73.217902,-14.4345],[-73.217975,-14.435175],[-73.21804,-14.43539],[-73.218153,-14.435586],[-73.218934,-14.436704],[-73.219251,-14.437029],[-73.219778,-14.437465],[-73.220785,-14.438389],[-73.221184,-14.438942],[-73.221282,-14.439145],[-73.221618,-14.44046],[-73.2217,-14.440904],[-73.221662,-14.442486],[-73.221689,-14.442709],[-73.221758,-14.442925],[-73.221902,-14.4431],[-73.222436,-14.443527],[-73.222589,-14.443695],[-73.222696,-14.443893],[-73.22274,-14.444113],[-73.222765,-14.445016],[-73.222957,-14.445666],[-73.223047,-14.445874],[-73.223295,-14.446254],[-73.22333,-14.446474],[-73.223356,-14.446925],[-73.223483,-14.447109],[-73.223951,-14.447606],[-73.22408,-14.44779],[-73.224283,-14.448196],[-73.224434,-14.448364],[-73.225253,-14.448768],[-73.225624,-14.449335],[-73.225777,-14.449503],[-73.22628,-14.449965],[-73.226403,-14.450153],[-73.226564,-14.450577],[-73.226694,-14.45076],[-73.226881,-14.450891],[-73.227294,-14.451087],[-73.227598,-14.451425],[-73.228368,-14.452549],[-73.228472,-14.452751],[-73.228653,-14.453402],[-73.228763,-14.453599],[-73.229188,-14.454133],[-73.229855,-14.45532],[-73.230044,-14.455732],[-73.230367,-14.456579],[-73.230616,-14.456957],[-73.231265,-14.457594],[-73.232049,-14.458065],[-73.232586,-14.458489],[-73.233048,-14.458992],[-73.233717,-14.45991],[-73.234025,-14.460245],[-73.236336,-14.462104],[-73.23743,-14.463262],[-73.237777,-14.463559],[-73.23791,-14.463741],[-73.238115,-14.464387],[-73.238203,-14.464829],[-73.238199,-14.465055],[-73.238006,-14.465704],[-73.238042,-14.465924],[-73.23836,-14.466525],[-73.238525,-14.466946],[-73.238578,-14.467395],[-73.23873,-14.468056],[-73.238672,-14.468503],[-73.238497,-14.469159],[-73.238427,-14.469605],[-73.238425,-14.469831],[-73.238476,-14.470507],[-73.23845,-14.470729],[-73.238315,-14.470909],[-73.237646,-14.471528],[-73.237511,-14.471707],[-73.23746,-14.471924],[-73.237529,-14.472135],[-73.238404,-14.473183],[-73.238639,-14.47357],[-73.239126,-14.474594],[-73.239242,-14.474787],[-73.239555,-14.475117],[-73.239912,-14.4754],[-73.240116,-14.475501],[-73.240332,-14.475576],[-73.241246,-14.475659],[-73.241468,-14.475712],[-73.241675,-14.47581],[-73.243038,-14.476649],[-73.243207,-14.476801],[-73.243343,-14.476983],[-73.243542,-14.47739],[-73.243622,-14.477601],[-73.24377,-14.478493],[-73.243857,-14.478702],[-73.243999,-14.478879],[-73.244669,-14.479496],[-73.24494,-14.47986],[-73.247476,-14.484931],[-73.248146,-14.486116],[-73.248913,-14.487758],[-73.249166,-14.488135],[-73.249616,-14.488647],[-73.249712,-14.488852],[-73.249921,-14.489496],[-73.250386,-14.490273],[-73.250714,-14.491117],[-73.250826,-14.491314],[-73.250965,-14.491493],[-73.2517,-14.492362],[-73.251817,-14.492556],[-73.251909,-14.492763],[-73.252062,-14.493189],[-73.252347,-14.493806],[-73.252667,-14.49489],[-73.253838,-14.497838],[-73.253882,-14.498058],[-73.253866,-14.498281],[-73.2538,-14.498496],[-73.25332,-14.499524],[-73.253265,-14.499739],[-73.253399,-14.4999],[-73.253601,-14.499822],[-73.254031,-14.499026],[-73.254535,-14.498271],[-73.254619,-14.498061],[-73.254673,-14.497841],[-73.254688,-14.497164],[-73.254719,-14.496943],[-73.254867,-14.496777],[-73.255088,-14.496753],[-73.255774,-14.496816],[-73.256003,-14.496814],[-73.25623,-14.49679],[-73.256441,-14.496702],[-73.256632,-14.49658],[-73.256781,-14.496409],[-73.257104,-14.495563],[-73.257265,-14.49542],[-73.257462,-14.495505],[-73.257478,-14.495724],[-73.25702,-14.497003],[-73.25698,-14.497224],[-73.256995,-14.497449],[-73.257084,-14.497656],[-73.257236,-14.497825],[-73.257428,-14.497948],[-73.258055,-14.498228],[-73.25824,-14.498361],[-73.258378,-14.498541],[-73.258744,-14.499115],[-73.258825,-14.499326],[-73.258843,-14.499548],[-73.258577,-14.500647],[-73.258504,-14.500859],[-73.258371,-14.501043],[-73.258191,-14.501179],[-73.257977,-14.50126],[-73.25775,-14.501278],[-73.257525,-14.501232],[-73.257109,-14.501043],[-73.256911,-14.50093],[-73.256758,-14.500763],[-73.256523,-14.500375],[-73.256379,-14.5002],[-73.256202,-14.500056],[-73.255797,-14.499852],[-73.255571,-14.499868],[-73.255379,-14.499981],[-73.255285,-14.500179],[-73.255264,-14.500403],[-73.255305,-14.500626],[-73.255372,-14.500841],[-73.255591,-14.501237],[-73.255748,-14.501399],[-73.256938,-14.50208],[-73.257384,-14.502181],[-73.258069,-14.502254],[-73.258298,-14.502257],[-73.258517,-14.502196],[-73.25866,-14.502028],[-73.258758,-14.501823],[-73.258902,-14.501648],[-73.259074,-14.5015],[-73.259667,-14.501155],[-73.260043,-14.500897],[-73.260491,-14.500382],[-73.26061,-14.500189],[-73.260702,-14.499982],[-73.260827,-14.499548],[-73.26101,-14.499134],[-73.261047,-14.498912],[-73.260956,-14.498712],[-73.260671,-14.498357],[-73.26055,-14.498169],[-73.260581,-14.497956],[-73.260794,-14.497913],[-73.260932,-14.498087],[-73.26102,-14.498296],[-73.26138,-14.498871],[-73.261395,-14.499095],[-73.260992,-14.500391],[-73.260818,-14.500809],[-73.260588,-14.5012],[-73.260327,-14.501572],[-73.260036,-14.501921],[-73.25996,-14.50213],[-73.259985,-14.50235],[-73.260172,-14.502761],[-73.260188,-14.502983],[-73.259823,-14.503812],[-73.259753,-14.504026],[-73.259753,-14.504247],[-73.259843,-14.504452],[-73.260612,-14.505291],[-73.260791,-14.505432],[-73.260997,-14.505529],[-73.261223,-14.505561],[-73.262368,-14.505635],[-73.26259,-14.505687],[-73.262772,-14.505821],[-73.262909,-14.506002],[-73.26302,-14.5062],[-73.263658,-14.507402],[-73.263741,-14.507612],[-73.263737,-14.507833],[-73.263572,-14.508491],[-73.26354,-14.508715],[-73.263556,-14.509165],[-73.263601,-14.509387],[-73.263705,-14.509827],[-73.26389,-14.510241],[-73.263997,-14.51044],[-73.26438,-14.511],[-73.264527,-14.511662],[-73.264774,-14.512295],[-73.264834,-14.512513],[-73.264859,-14.512737],[-73.264857,-14.513414],[-73.264901,-14.513636],[-73.264966,-14.513851],[-73.265263,-14.514462],[-73.265307,-14.514683],[-73.265301,-14.514908],[-73.264877,-14.515957],[-73.264822,-14.516173],[-73.264974,-14.5163],[-73.265137,-14.516165],[-73.265634,-14.514901],[-73.265706,-14.514687],[-73.26573,-14.514463],[-73.265483,-14.513129],[-73.265485,-14.511321],[-73.265459,-14.511097],[-73.265205,-14.510468],[-73.26514,-14.510252],[-73.265112,-14.510028],[-73.265137,-14.509804],[-73.265346,-14.508692],[-73.265521,-14.508037],[-73.265529,-14.507811],[-73.265453,-14.507137],[-73.26548,-14.506913],[-73.265845,-14.505843],[-73.265854,-14.505619],[-73.265807,-14.505398],[-73.265715,-14.505191],[-73.265107,-14.503974],[-73.265023,-14.503764],[-73.264983,-14.503542],[-73.264945,-14.502866],[-73.264857,-14.50266],[-73.264499,-14.50208],[-73.264291,-14.501677],[-73.264211,-14.501234],[-73.26422,-14.500782],[-73.264254,-14.500559],[-73.264313,-14.500341],[-73.264699,-14.499276],[-73.264755,-14.499058],[-73.264779,-14.498833],[-73.264752,-14.498156],[-73.264824,-14.497958],[-73.265041,-14.497961],[-73.265102,-14.498166],[-73.264899,-14.500418],[-73.264895,-14.500644],[-73.264954,-14.501091],[-73.265016,-14.501308],[-73.265134,-14.501502],[-73.266544,-14.503564],[-73.266752,-14.503967],[-73.267008,-14.504596],[-73.267211,-14.505002],[-73.267334,-14.505192],[-73.267472,-14.505372],[-73.267633,-14.505533],[-73.267758,-14.505722],[-73.267799,-14.505942],[-73.267792,-14.506395],[-73.26774,-14.506843],[-73.267643,-14.507285],[-73.267632,-14.50751],[-73.267653,-14.507735],[-73.267788,-14.5084],[-73.267808,-14.508625],[-73.26787,-14.50998],[-73.26787,-14.510432],[-73.267865,-14.510658],[-73.267784,-14.511331],[-73.267853,-14.512005],[-73.267927,-14.512215],[-73.268084,-14.512377],[-73.268776,-14.512971],[-73.268887,-14.513169],[-73.269089,-14.513816],[-73.269206,-14.514002],[-73.269398,-14.513942],[-73.269356,-14.513724],[-73.2691,-14.513095],[-73.26901,-14.512888],[-73.268863,-14.512714],[-73.26838,-14.51223],[-73.268244,-14.51205],[-73.268187,-14.511832],[-73.268168,-14.511607],[-73.26819,-14.511385],[-73.268349,-14.510961],[-73.268394,-14.510741],[-73.268471,-14.51053],[-73.269105,-14.509588],[-73.269311,-14.509186],[-73.269359,-14.508965],[-73.269365,-14.508739],[-73.269245,-14.508071],[-73.269238,-14.507849],[-73.269418,-14.507731],[-73.269614,-14.507832],[-73.269681,-14.508045],[-73.269944,-14.509377],[-73.269932,-14.509601],[-73.269881,-14.509821],[-73.269361,-14.510828],[-73.269298,-14.511045],[-73.269304,-14.51127],[-73.269347,-14.511491],[-73.26945,-14.511692],[-73.270509,-14.51317],[-73.270678,-14.513321],[-73.27088,-14.513424],[-73.272676,-14.5138],[-73.27288,-14.513896],[-73.273017,-14.514072],[-73.274919,-14.517427],[-73.275457,-14.51816],[-73.275903,-14.518676],[-73.276229,-14.518994],[-73.276926,-14.519583],[-73.28008,-14.521847],[-73.281542,-14.522942],[-73.282845,-14.523869],[-73.28398,-14.524637],[-73.284381,-14.524858],[-73.287177,-14.525887],[-73.287584,-14.526094],[-73.287769,-14.526227],[-73.287932,-14.526385],[-73.289412,-14.528113],[-73.290772,-14.529645],[-73.291711,-14.530637],[-73.292054,-14.530937],[-73.292248,-14.531054],[-73.293944,-14.531749],[-73.294544,-14.532081],[-73.304401,-14.539108],[-73.304595,-14.539229],[-73.304797,-14.539334],[-73.305235,-14.539464],[-73.312763,-14.540309],[-73.313213,-14.540396],[-73.313427,-14.540479],[-73.313627,-14.540588],[-73.315261,-14.541834],[-73.315459,-14.541946],[-73.315678,-14.542016],[-73.316586,-14.542144],[-73.317025,-14.542273],[-73.31745,-14.542445],[-73.320168,-14.543659],[-73.320384,-14.543735],[-73.320607,-14.543784],[-73.320836,-14.543777],[-73.32106,-14.543731],[-73.336159,-14.539823],[-73.336837,-14.539699],[-73.337745,-14.539569],[-73.338203,-14.53953],[-73.338432,-14.539523],[-73.339808,-14.53959],[-73.340492,-14.539661],[-73.341393,-14.539837],[-73.342056,-14.540018],[-73.343348,-14.54049],[-73.343763,-14.540682],[-73.349432,-14.54412],[-73.349623,-14.544245],[-73.350678,-14.545116],[-73.350874,-14.545234],[-73.35109,-14.545309],[-73.351997,-14.545444],[-73.352219,-14.545499],[-73.352431,-14.545584],[-73.35301,-14.545949],[-73.353329,-14.546274],[-73.353628,-14.546617],[-73.353981,-14.546905],[-73.357503,-14.549035],[-73.357907,-14.549249],[-73.358343,-14.549389],[-73.359016,-14.549533],[-73.359243,-14.549563],[-73.359701,-14.549553],[-73.360805,-14.549244],[-73.361253,-14.549145],[-73.361707,-14.549077],[-73.362624,-14.549043],[-73.362849,-14.549001],[-73.363068,-14.548932],[-73.363263,-14.548816],[-73.364551,-14.547528],[-73.364734,-14.547397],[-73.364955,-14.547344],[-73.366326,-14.547204],[-73.366554,-14.547199],[-73.36678,-14.547238],[-73.366989,-14.547326],[-73.368319,-14.548216],[-73.368522,-14.54832],[-73.36873,-14.548415],[-73.369173,-14.548533],[-73.369851,-14.548654],[-73.379853,-14.550052],[-73.380074,-14.550111],[-73.380288,-14.55019],[-73.382915,-14.551586],[-73.383461,-14.551997],[-73.383664,-14.552101],[-73.383889,-14.5521],[-73.384112,-14.552046],[-73.385199,-14.551685],[-73.385421,-14.551629],[-73.385648,-14.551603],[-73.385877,-14.551616],[-73.386768,-14.551833],[-73.387428,-14.552028],[-73.388054,-14.552309],[-73.388655,-14.552641],[-73.389577,-14.553315],[-73.390471,-14.554023],[-73.391018,-14.554749],[-73.391468,-14.555262],[-73.391741,-14.555625],[-73.391863,-14.555817],[-73.392487,-14.557026],[-73.392606,-14.557219],[-73.393332,-14.558093],[-73.393403,-14.558307],[-73.393445,-14.558529],[-73.393695,-14.56032],[-73.393818,-14.560755],[-73.394074,-14.561384],[-73.394331,-14.562946],[-73.394383,-14.563166],[-73.394519,-14.563598],[-73.395213,-14.565273],[-73.395354,-14.565702],[-73.395379,-14.565927],[-73.39532,-14.566602],[-73.395335,-14.566827],[-73.395416,-14.567035],[-73.395581,-14.567187],[-73.39578,-14.567299],[-73.397461,-14.568029],[-73.397668,-14.568125],[-73.397854,-14.568257],[-73.398169,-14.568584],[-73.39954,-14.570398],[-73.399997,-14.570904],[-73.400187,-14.571029],[-73.400408,-14.57109],[-73.401323,-14.571161],[-73.401541,-14.571231],[-73.401716,-14.571376],[-73.401957,-14.571761],[-73.402094,-14.57194],[-73.402285,-14.572065],[-73.403605,-14.572449],[-73.403812,-14.572544],[-73.404344,-14.572971],[-73.404538,-14.57309],[-73.404759,-14.57315],[-73.404988,-14.57317],[-73.405676,-14.573152],[-73.406135,-14.573163],[-73.407047,-14.573265],[-73.408193,-14.573221],[-73.408422,-14.573242],[-73.409095,-14.573381],[-73.409324,-14.57339],[-73.409781,-14.573347],[-73.410231,-14.573259],[-73.410675,-14.573145],[-73.411324,-14.572917],[-73.414743,-14.571596],[-73.414946,-14.571491],[-73.415664,-14.570928],[-73.419527,-14.567724],[-73.41972,-14.567602],[-73.419928,-14.567507],[-73.420367,-14.567376],[-73.427253,-14.567296],[-73.427482,-14.567274],[-73.430417,-14.566743],[-73.430872,-14.56668],[-73.431331,-14.566678],[-73.43156,-14.56669],[-73.439718,-14.567997],[-73.440177,-14.568023],[-73.440635,-14.568014],[-73.441089,-14.56795],[-73.441311,-14.567893],[-73.441746,-14.567749],[-73.442788,-14.567275],[-73.458271,-14.559853],[-73.458486,-14.559776],[-73.458932,-14.55967],[-73.459616,-14.559598],[-73.461661,-14.559304],[-73.467784,-14.558347],[-73.469101,-14.557953],[-73.472591,-14.556825],[-73.473255,-14.556647],[-73.478513,-14.556163],[-73.479192,-14.556052],[-73.484366,-14.555015],[-73.484808,-14.554891],[-73.48545,-14.554647],[-73.487093,-14.553838],[-73.487511,-14.553651],[-73.487728,-14.55358],[-73.490214,-14.553144],[-73.490416,-14.553041],[-73.490749,-14.552731],[-73.490939,-14.552608],[-73.491156,-14.552541],[-73.49342,-14.552166],[-73.494562,-14.552057],[-73.495437,-14.551785],[-73.495628,-14.551661],[-73.495936,-14.551326],[-73.496123,-14.551197],[-73.497219,-14.550863],[-73.497414,-14.550746],[-73.497848,-14.550221],[-73.497966,-14.550028],[-73.49812,-14.549367],[-73.498202,-14.549157],[-73.498327,-14.54897],[-73.499873,-14.547299],[-73.500063,-14.547175],[-73.500283,-14.547112],[-73.510595,-14.547731],[-73.510822,-14.547761],[-73.511038,-14.547835],[-73.511213,-14.547981],[-73.512198,-14.548928],[-73.512387,-14.549058],[-73.512819,-14.549208],[-73.514587,-14.5497],[-73.514811,-14.549744],[-73.516187,-14.54981],[-73.517785,-14.549656],[-73.518241,-14.549702],[-73.520286,-14.549994],[-73.520515,-14.549998],[-73.521199,-14.549921],[-73.524872,-14.549988],[-73.525101,-14.549983],[-73.525328,-14.549949],[-73.526187,-14.549631],[-73.526411,-14.549581],[-73.526866,-14.54953],[-73.527094,-14.549543],[-73.527537,-14.549658],[-73.529438,-14.550456],[-73.530379,-14.5511],[-73.530969,-14.551451],[-73.532987,-14.552528],[-73.533205,-14.552598],[-73.533431,-14.552631],[-73.535268,-14.552659],[-73.535724,-14.552621],[-73.537271,-14.552193],[-73.538619,-14.551916],[-73.539061,-14.551794],[-73.539272,-14.551707],[-73.540287,-14.551179],[-73.540508,-14.551119],[-73.541631,-14.550883],[-73.541858,-14.550852],[-73.542316,-14.550853],[-73.543885,-14.551194],[-73.544321,-14.551337],[-73.545596,-14.55185],[-73.545799,-14.551955],[-73.545992,-14.552076],[-73.546323,-14.552388],[-73.546553,-14.552778],[-73.548241,-14.556493],[-73.548357,-14.556688],[-73.549143,-14.557802],[-73.549421,-14.55816],[-73.550284,-14.558906],[-73.550512,-14.559297],[-73.551022,-14.560797],[-73.551223,-14.561203],[-73.552198,-14.562736],[-73.552522,-14.563333],[-73.552648,-14.563522],[-73.554009,-14.565343],[-73.554421,-14.566151],[-73.55456,-14.56633],[-73.554773,-14.566401],[-73.554983,-14.566321],[-73.555112,-14.566142],[-73.555122,-14.565918],[-73.55505,-14.565243],[-73.554962,-14.5648],[-73.554744,-14.563923],[-73.554782,-14.563704],[-73.555122,-14.563115],[-73.5552,-14.562904],[-73.555317,-14.562466],[-73.555409,-14.562261],[-73.555599,-14.562138],[-73.555823,-14.562115],[-73.556037,-14.562187],[-73.556496,-14.562688],[-73.556704,-14.562778],[-73.556933,-14.56277],[-73.557841,-14.562641],[-73.55807,-14.562651],[-73.558294,-14.562697],[-73.558958,-14.562877],[-73.559394,-14.563018],[-73.559595,-14.563127],[-73.559769,-14.563272],[-73.559917,-14.563445],[-73.560038,-14.563636],[-73.563584,-14.570738],[-73.563799,-14.571137],[-73.564181,-14.5717],[-73.565011,-14.573313],[-73.565098,-14.573522],[-73.565327,-14.574397],[-73.565477,-14.574824],[-73.567541,-14.578863],[-73.567831,-14.579478],[-73.567887,-14.579696],[-73.567881,-14.580373],[-73.568082,-14.581255],[-73.568228,-14.581684],[-73.568412,-14.582098],[-73.56863,-14.582496],[-73.56915,-14.58324],[-73.569234,-14.58345],[-73.569268,-14.583672],[-73.56926,-14.583898],[-73.569305,-14.584119],[-73.570031,-14.58578],[-73.57049,-14.586562],[-73.570632,-14.586738],[-73.570808,-14.586881],[-73.571785,-14.587475],[-73.572187,-14.587693],[-73.573874,-14.588407],[-73.574323,-14.588493],[-73.576833,-14.588765],[-73.577291,-14.588799],[-73.577518,-14.588768],[-73.577737,-14.588703],[-73.580284,-14.587669],[-73.5809,-14.587367],[-73.581088,-14.587237],[-73.581424,-14.58693],[-73.584089,-14.584122],[-73.584272,-14.583989],[-73.58449,-14.583921],[-73.585634,-14.58402],[-73.585854,-14.58408],[-73.586048,-14.584199],[-73.586185,-14.584379],[-73.586265,-14.584589],[-73.586269,-14.584814],[-73.58624,-14.585037],[-73.586173,-14.585253],[-73.586068,-14.585454],[-73.584617,-14.586902],[-73.584064,-14.587304],[-73.583284,-14.587782],[-73.577656,-14.591692],[-73.577512,-14.591866],[-73.577443,-14.592076],[-73.577454,-14.592299],[-73.577556,-14.592499],[-73.577807,-14.592877],[-73.57788,-14.593088],[-73.57788,-14.59354],[-73.577903,-14.593765],[-73.577966,-14.593981],[-73.578573,-14.595446],[-73.578709,-14.595877],[-73.578754,-14.596099],[-73.578841,-14.596307],[-73.578942,-14.59651],[-73.579198,-14.596884],[-73.579679,-14.597368],[-73.579891,-14.598011],[-73.58012,-14.598402],[-73.580253,-14.598586],[-73.580408,-14.598752],[-73.580578,-14.598903],[-73.58078,-14.599007],[-73.58099,-14.5991],[-73.581219,-14.599119],[-73.581448,-14.599125],[-73.581674,-14.59909],[-73.582793,-14.59884],[-73.583019,-14.598808],[-73.583478,-14.598812],[-73.583931,-14.598882],[-73.584801,-14.599173],[-73.585011,-14.599261],[-73.585209,-14.599376],[-73.585542,-14.599686],[-73.585852,-14.600019],[-73.585951,-14.600218],[-73.585942,-14.600443],[-73.585811,-14.600623],[-73.585624,-14.600752],[-73.584804,-14.601158],[-73.58462,-14.601293],[-73.584505,-14.601486],[-73.584419,-14.601696],[-73.584296,-14.601882],[-73.584108,-14.60201],[-73.583697,-14.60221],[-73.583505,-14.602333],[-73.58337,-14.602511],[-73.58336,-14.602735],[-73.583408,-14.602953],[-73.583912,-14.603968],[-73.584044,-14.604152],[-73.584491,-14.604666],[-73.584598,-14.604865],[-73.584696,-14.605305],[-73.584794,-14.605509],[-73.58494,-14.60568],[-73.585138,-14.605794],[-73.585357,-14.60586],[-73.585586,-14.605851],[-73.585802,-14.605783],[-73.585992,-14.605657],[-73.586136,-14.605482],[-73.586376,-14.604848],[-73.586482,-14.604649],[-73.586631,-14.60448],[-73.586824,-14.604362],[-73.587039,-14.604287],[-73.593564,-14.602981],[-73.593791,-14.602949],[-73.59402,-14.602948],[-73.594246,-14.602984],[-73.594671,-14.60315],[-73.597854,-14.604957],[-73.598055,-14.605066],[-73.598269,-14.605148],[-73.59849,-14.605206],[-73.609746,-14.607429],[-73.609975,-14.607439],[-73.610204,-14.60742],[-73.610645,-14.607302],[-73.616043,-14.604793],[-73.616446,-14.604576],[-73.616632,-14.604445],[-73.617114,-14.603962],[-73.61732,-14.60387],[-73.617548,-14.603889],[-73.617739,-14.604005],[-73.61785,-14.604197],[-73.618119,-14.605527],[-73.618178,-14.605745],[-73.61828,-14.605946],[-73.618434,-14.606111],[-73.618615,-14.606251],[-73.619767,-14.606993],[-73.61995,-14.60713],[-73.620116,-14.607285],[-73.621031,-14.608298],[-73.621204,-14.608447],[-73.621405,-14.608551],[-73.621625,-14.60861],[-73.621852,-14.608616],[-73.622075,-14.608566],[-73.623867,-14.607556],[-73.624277,-14.607352],[-73.624724,-14.60726],[-73.625182,-14.607278],[-73.637268,-14.609997],[-73.63772,-14.610076],[-73.637949,-14.61007],[-73.638393,-14.609956],[-73.642055,-14.608626],[-73.642504,-14.608533],[-73.642732,-14.608515],[-73.643189,-14.608544],[-73.643414,-14.60859],[-73.650653,-14.610791],[-73.66204,-14.614324],[-73.663124,-14.614696],[-73.663971,-14.615047],[-73.666832,-14.616488],[-73.691653,-14.629272],[-73.692078,-14.629443],[-73.692518,-14.629569],[-73.697894,-14.630761],[-73.698337,-14.63088],[-73.69855,-14.630964],[-73.698743,-14.631085],[-73.699067,-14.631403],[-73.69993,-14.632461],[-73.700092,-14.632621],[-73.700487,-14.632848],[-73.700702,-14.632924],[-73.707848,-14.634608],[-73.708272,-14.634776],[-73.70864,-14.635046],[-73.709594,-14.636024],[-73.70996,-14.636296],[-73.71038,-14.636478],[-73.712373,-14.637013],[-73.712586,-14.637098],[-73.712972,-14.637342],[-73.713293,-14.637663],[-73.715156,-14.639959],[-73.715308,-14.640129],[-73.715497,-14.640256],[-73.715906,-14.640459],[-73.718878,-14.641664],[-73.72129,-14.642401],[-73.721515,-14.642439],[-73.721739,-14.642393],[-73.721936,-14.64228],[-73.722079,-14.642107],[-73.724165,-14.638859],[-73.724467,-14.63852],[-73.724647,-14.63838],[-73.72506,-14.638183],[-73.725508,-14.63809],[-73.738132,-14.63779],[-73.738801,-14.637632],[-73.739226,-14.63746],[-73.744734,-14.63466],[-73.745159,-14.63449],[-73.745385,-14.63445],[-73.745842,-14.634469],[-73.748124,-14.634723],[-73.748348,-14.634768],[-73.748558,-14.634859],[-73.748751,-14.634979],[-73.748911,-14.635139],[-73.749041,-14.635325],[-73.749142,-14.635528],[-73.749212,-14.635743],[-73.749267,-14.63619],[-73.749254,-14.636415],[-73.749135,-14.636851],[-73.748425,-14.638519],[-73.748318,-14.638718],[-73.74728,-14.64021],[-73.747262,-14.640428],[-73.747385,-14.64061],[-73.747604,-14.640653],[-73.747803,-14.640547],[-73.750849,-14.637471],[-73.751033,-14.637336],[-73.751234,-14.637231],[-73.751665,-14.637079],[-73.756147,-14.636092],[-73.75637,-14.636117],[-73.756534,-14.636269],[-73.756596,-14.63648],[-73.756467,-14.637375],[-73.756359,-14.637813],[-73.756012,-14.638397],[-73.754531,-14.640125],[-73.754417,-14.640319],[-73.75437,-14.64054],[-73.7544,-14.640764],[-73.754472,-14.640976],[-73.754583,-14.641174],[-73.756878,-14.644558],[-73.756989,-14.644755],[-73.75705,-14.644971],[-73.757024,-14.645195],[-73.756948,-14.645406],[-73.756314,-14.646057],[-73.756204,-14.646256],[-73.756154,-14.646475],[-73.756161,-14.646699],[-73.756241,-14.64691],[-73.756359,-14.647104],[-73.756635,-14.647465],[-73.756785,-14.647635],[-73.756962,-14.647778],[-73.757168,-14.647876],[-73.757389,-14.647937],[-73.757618,-14.647949],[-73.757844,-14.647917],[-73.758057,-14.647835],[-73.760905,-14.646368],[-73.761124,-14.6463],[-73.761353,-14.646291],[-73.76158,-14.646317],[-73.761801,-14.64638],[-73.761999,-14.646494],[-73.76217,-14.646644],[-73.762313,-14.64682],[-73.762963,-14.647752],[-73.763188,-14.648145],[-73.763271,-14.648356],[-73.763343,-14.648802],[-73.763402,-14.650157],[-73.763468,-14.650368],[-73.763636,-14.650516],[-73.763856,-14.650568],[-73.764073,-14.650507],[-73.764272,-14.650394],[-73.768179,-14.648019],[-73.771287,-14.646091],[-73.771451,-14.645933],[-73.771701,-14.645557],[-73.772345,-14.644107],[-73.772614,-14.643744],[-73.772803,-14.643617],[-73.773022,-14.643552],[-73.774398,-14.643501],[-73.774853,-14.643449],[-73.775286,-14.643301],[-73.775674,-14.64306],[-73.775857,-14.642924],[-73.780575,-14.638624],[-73.780763,-14.638495],[-73.780969,-14.638397],[-73.781411,-14.638279],[-73.781869,-14.63827],[-73.782765,-14.638471],[-73.782975,-14.638558],[-73.783159,-14.638692],[-73.783292,-14.638875],[-73.78337,-14.639085],[-73.783375,-14.639308],[-73.783324,-14.639758],[-73.783331,-14.639983],[-73.783421,-14.640191],[-73.783611,-14.640314],[-73.783836,-14.640325],[-73.784051,-14.640256],[-73.784855,-14.639818],[-73.785066,-14.639729],[-73.785286,-14.63967],[-73.785514,-14.639688],[-73.785732,-14.63976],[-73.785916,-14.63989],[-73.786521,-14.64057],[-73.786689,-14.640724],[-73.786866,-14.640869],[-73.787245,-14.641123],[-73.788479,-14.641725],[-73.791133,-14.643071],[-73.791326,-14.643191],[-73.791503,-14.643334],[-73.791657,-14.643502],[-73.79267,-14.644731],[-73.792829,-14.644893],[-73.793215,-14.645136],[-73.793427,-14.645222],[-73.79365,-14.645271],[-73.794107,-14.645294],[-73.800988,-14.644976],[-73.801443,-14.644922],[-73.801664,-14.644864],[-73.802086,-14.644686],[-73.802283,-14.644571],[-73.804516,-14.642982],[-73.804819,-14.642645],[-73.804935,-14.64245],[-73.805015,-14.64224],[-73.805064,-14.64202],[-73.805053,-14.641795],[-73.804993,-14.641577],[-73.804884,-14.641378],[-73.804214,-14.640463],[-73.804053,-14.64004],[-73.804005,-14.63982],[-73.803981,-14.639596],[-73.803993,-14.63937],[-73.804232,-14.638265],[-73.80424,-14.638039],[-73.804182,-14.637822],[-73.804078,-14.637622],[-73.803928,-14.637452],[-73.802762,-14.636362],[-73.802616,-14.636188],[-73.802514,-14.635986],[-73.802459,-14.635767],[-73.802371,-14.634187],[-73.802334,-14.633964],[-73.802171,-14.633542],[-73.801066,-14.631823],[-73.800251,-14.631028],[-73.800108,-14.630854],[-73.800027,-14.630646],[-73.80004,-14.630425],[-73.800133,-14.63022],[-73.800308,-14.630077],[-73.804498,-14.628884],[-73.804722,-14.62884],[-73.80518,-14.628846],[-73.80949,-14.629508],[-73.809712,-14.629566],[-73.810142,-14.629724],[-73.810342,-14.629835],[-73.810717,-14.630094],[-73.81455,-14.632975],[-73.814939,-14.633213],[-73.815163,-14.633265],[-73.815391,-14.63328],[-73.815614,-14.633232],[-73.815812,-14.633122],[-73.815989,-14.632979],[-73.818717,-14.629627],[-73.818897,-14.629489],[-73.819101,-14.629386],[-73.819322,-14.629333],[-73.81955,-14.629332],[-73.819772,-14.629387],[-73.819977,-14.629486],[-73.820149,-14.629633],[-73.82278,-14.632772],[-73.823125,-14.633068],[-73.823341,-14.633142],[-73.82357,-14.633142],[-73.823795,-14.633099],[-73.828402,-14.631699],[-73.828629,-14.63167],[-73.828853,-14.631709],[-73.82906,-14.631799],[-73.829234,-14.631945],[-73.830035,-14.632755],[-73.830264,-14.633143],[-73.830306,-14.633365],[-73.83031,-14.633589],[-73.830149,-14.635164],[-73.830132,-14.635389],[-73.830154,-14.635614],[-73.830275,-14.63605],[-73.830828,-14.637536],[-73.831013,-14.637949],[-73.831262,-14.638329],[-73.831595,-14.638639],[-73.831977,-14.638889],[-73.832402,-14.639057],[-73.832626,-14.639104],[-73.833083,-14.639141],[-73.833311,-14.639121],[-73.833758,-14.639023],[-73.834615,-14.638698],[-73.838213,-14.637208],[-73.838829,-14.636906],[-73.83939,-14.636513],[-73.847755,-14.630164],[-73.848144,-14.629924],[-73.848561,-14.629737],[-73.859586,-14.626587],[-73.860267,-14.626492],[-73.860725,-14.626515],[-73.863199,-14.627014],[-73.863655,-14.627069],[-73.863884,-14.62707],[-73.864114,-14.62707],[-73.864569,-14.627014],[-73.892509,-14.620555],[-73.893188,-14.620446],[-73.896168,-14.620285],[-73.896624,-14.620233],[-73.89796,-14.6199],[-73.913879,-14.615513],[-73.914325,-14.615408],[-73.914553,-14.615397],[-73.914769,-14.615465],[-73.915347,-14.615834],[-73.915548,-14.615944],[-73.915759,-14.616028],[-73.915985,-14.616061],[-73.917821,-14.616084],[-73.918041,-14.616146],[-73.918228,-14.616275],[-73.91894,-14.61716],[-73.919269,-14.617475],[-73.921818,-14.619003],[-73.921999,-14.619139],[-73.922442,-14.619659],[-73.922605,-14.619816],[-73.923203,-14.62015],[-73.925681,-14.621335],[-73.925842,-14.621494],[-73.925938,-14.621699],[-73.927347,-14.625525],[-73.927539,-14.625935],[-73.927899,-14.626513],[-73.930696,-14.630656],[-73.930855,-14.630817],[-73.931245,-14.631052],[-73.93146,-14.631133],[-73.931914,-14.631192],[-73.932372,-14.63122],[-73.93283,-14.631182],[-73.938639,-14.629829],[-73.93909,-14.62975],[-73.940926,-14.629789],[-73.944827,-14.629925],[-73.945509,-14.630008],[-73.953057,-14.63197],[-73.953262,-14.632069],[-73.953436,-14.632216],[-73.954604,-14.633611],[-73.954781,-14.633754],[-73.954989,-14.633846],[-73.968885,-14.635563],[-73.969343,-14.635544],[-73.970457,-14.635271],[-73.970684,-14.635245],[-73.970912,-14.635258],[-73.973283,-14.636114],[-73.97351,-14.636136],[-73.974414,-14.635984],[-73.974638,-14.636031],[-73.976245,-14.636906],[-73.976442,-14.637021],[-73.976615,-14.637169],[-73.976751,-14.637351],[-73.976859,-14.63755],[-73.978063,-14.639989],[-73.978258,-14.640076],[-73.978456,-14.639986],[-73.978544,-14.639785],[-73.978637,-14.639343],[-73.978797,-14.638919],[-73.97902,-14.638524],[-73.979174,-14.638359],[-73.979965,-14.637901],[-73.980168,-14.637796],[-73.980385,-14.637729],[-73.980612,-14.637744],[-73.981278,-14.637916],[-73.981504,-14.637948],[-73.981728,-14.637901],[-73.98193,-14.637797],[-73.982398,-14.637304],[-73.982888,-14.636828],[-73.984625,-14.63535],[-73.984759,-14.635169],[-73.984937,-14.634514],[-73.985018,-14.634303],[-73.985152,-14.634121],[-73.985491,-14.633816],[-73.985619,-14.633631],[-73.985798,-14.632978],[-73.985915,-14.632785],[-73.986205,-14.632434],[-73.986372,-14.632281],[-73.987612,-14.631691],[-73.987783,-14.631543],[-73.987819,-14.631321],[-73.987779,-14.630871],[-73.987805,-14.630651],[-73.988165,-14.630375],[-73.988313,-14.63021],[-73.988333,-14.629987],[-73.988105,-14.629597],[-73.987952,-14.629429],[-73.98724,-14.628858],[-73.987075,-14.628702],[-73.986792,-14.628346],[-73.986536,-14.627972],[-73.986198,-14.627381],[-73.98613,-14.627167],[-73.98619,-14.626956],[-73.986336,-14.626781],[-73.986858,-14.626037],[-73.986975,-14.625844],[-73.987163,-14.625431],[-73.987356,-14.624782],[-73.987367,-14.624557],[-73.987335,-14.624334],[-73.986851,-14.622825],[-73.986662,-14.622414],[-73.986399,-14.622045],[-73.985581,-14.621251],[-73.984603,-14.619996],[-73.984517,-14.619788],[-73.984475,-14.619566],[-73.984401,-14.618892],[-73.984354,-14.618672],[-73.98397,-14.617607],[-73.983948,-14.617385],[-73.984066,-14.617198],[-73.985082,-14.616674],[-73.985297,-14.6166],[-73.985523,-14.616632],[-73.987003,-14.617246],[-73.987228,-14.617291],[-73.988598,-14.61743],[-73.988816,-14.617499],[-73.989017,-14.617606],[-73.989371,-14.617893],[-73.991386,-14.619743],[-73.991663,-14.620102],[-73.991814,-14.62027],[-73.991989,-14.620415],[-73.992757,-14.62091],[-73.993163,-14.621118],[-73.993385,-14.621106],[-73.993522,-14.620928],[-73.993999,-14.620156],[-73.994146,-14.619984],[-73.994349,-14.61989],[-73.994564,-14.619949],[-73.995109,-14.620363],[-73.99555,-14.620483],[-73.995777,-14.620518],[-73.996005,-14.620545],[-73.996233,-14.620537],[-73.996916,-14.62045],[-73.997139,-14.620402],[-73.997331,-14.620289],[-73.997426,-14.620087],[-73.998261,-14.617502],[-73.998272,-14.617277],[-73.998228,-14.617056],[-73.997687,-14.615808],[-73.997223,-14.615029],[-73.996945,-14.61441],[-73.996834,-14.614212],[-73.996394,-14.613692],[-73.996136,-14.613319],[-73.995451,-14.611887],[-73.995335,-14.611693],[-73.994558,-14.610862],[-73.994303,-14.610488],[-73.993988,-14.609169],[-73.993951,-14.608946],[-73.993944,-14.608723],[-73.994026,-14.608516],[-73.994194,-14.608364],[-73.995288,-14.607539],[-73.995483,-14.607421],[-73.996121,-14.607166],[-73.99627,-14.607004],[-73.996326,-14.606786],[-73.996443,-14.605891],[-73.996409,-14.605668],[-73.996296,-14.60523],[-73.99627,-14.605007],[-73.996307,-14.604788],[-73.996445,-14.60461],[-73.996637,-14.604491],[-73.996861,-14.604456],[-73.997714,-14.604789],[-73.997918,-14.604892],[-73.998103,-14.605022],[-73.998245,-14.605198],[-73.998682,-14.605993],[-73.998931,-14.606372],[-73.999104,-14.606521],[-73.999307,-14.606618],[-73.999749,-14.606738],[-73.999959,-14.606829],[-74.000127,-14.606979],[-74.001339,-14.608338],[-74.001463,-14.608528],[-74.001655,-14.608939],[-74.002001,-14.609524],[-74.003251,-14.611144],[-74.003578,-14.611461],[-74.005025,-14.612575],[-74.005361,-14.612882],[-74.006299,-14.614164],[-74.006482,-14.614299],[-74.006702,-14.614359],[-74.00716,-14.61436],[-74.007361,-14.614461],[-74.008121,-14.615592],[-74.008268,-14.615766],[-74.008473,-14.615857],[-74.008697,-14.615841],[-74.009133,-14.6157],[-74.009348,-14.615746],[-74.009818,-14.616236],[-74.010007,-14.616361],[-74.010224,-14.616435],[-74.011338,-14.6167],[-74.011568,-14.616702],[-74.012015,-14.616633],[-74.012198,-14.616755],[-74.012273,-14.616964],[-74.012558,-14.618291],[-74.012581,-14.618516],[-74.012565,-14.618967],[-74.012599,-14.619187],[-74.012761,-14.619343],[-74.013575,-14.619762],[-74.013799,-14.619795],[-74.014017,-14.619743],[-74.014365,-14.619449],[-74.014561,-14.619335],[-74.014774,-14.619253],[-74.014998,-14.619206],[-74.015225,-14.619225],[-74.015873,-14.619447],[-74.0161,-14.619425],[-74.016297,-14.619315],[-74.016759,-14.618813],[-74.016931,-14.618671],[-74.017157,-14.618685],[-74.0173,-14.61885],[-74.017485,-14.619502],[-74.017656,-14.619641],[-74.018108,-14.619687],[-74.018284,-14.619818],[-74.018317,-14.620036],[-74.018303,-14.620488],[-74.018275,-14.620712],[-74.018143,-14.621144],[-74.01811,-14.621365],[-74.018153,-14.621584],[-74.018375,-14.622226],[-74.018487,-14.622422],[-74.019071,-14.622766],[-74.019177,-14.622963],[-74.019216,-14.623186],[-74.019186,-14.623409],[-74.019025,-14.623831],[-74.018983,-14.624052],[-74.019013,-14.624275],[-74.019162,-14.624703],[-74.019271,-14.624901],[-74.01954,-14.625267],[-74.019716,-14.625412],[-74.019919,-14.625515],[-74.020771,-14.625853],[-74.020987,-14.62593],[-74.021211,-14.625975],[-74.021896,-14.626044],[-74.023025,-14.626251],[-74.023253,-14.626229],[-74.023474,-14.626169],[-74.023699,-14.626153],[-74.024144,-14.626259],[-74.024362,-14.626208],[-74.024512,-14.626039],[-74.024918,-14.62549],[-74.025301,-14.625248],[-74.025837,-14.624821],[-74.027013,-14.623743],[-74.027214,-14.623648],[-74.02744,-14.623668],[-74.027662,-14.623727],[-74.027845,-14.623857],[-74.02796,-14.624051],[-74.028401,-14.625095],[-74.02846,-14.625312],[-74.028456,-14.625538],[-74.028392,-14.625754],[-74.028267,-14.625942],[-74.027803,-14.626442],[-74.027713,-14.626647],[-74.027656,-14.627774],[-74.027802,-14.628201],[-74.02825,-14.62899],[-74.028384,-14.629173],[-74.028559,-14.629319],[-74.029144,-14.629675],[-74.029369,-14.629704],[-74.030054,-14.629654],[-74.030734,-14.629759],[-74.030963,-14.629741],[-74.031184,-14.629681],[-74.031598,-14.629488],[-74.031984,-14.629246],[-74.032864,-14.628992],[-74.033054,-14.628877],[-74.033208,-14.628454],[-74.033309,-14.628253],[-74.033679,-14.627985],[-74.033854,-14.62784],[-74.03401,-14.627674],[-74.034078,-14.62746],[-74.03419,-14.626563],[-74.034197,-14.62566],[-74.034335,-14.625489],[-74.034556,-14.625473],[-74.03474,-14.625598],[-74.035427,-14.626198],[-74.035639,-14.626278],[-74.035851,-14.626208],[-74.036251,-14.625985],[-74.036462,-14.625898],[-74.036912,-14.625813],[-74.03714,-14.62579],[-74.037366,-14.625826],[-74.03753,-14.625979],[-74.037628,-14.626176],[-74.037614,-14.626399],[-74.037513,-14.62707],[-74.037568,-14.627283],[-74.037739,-14.627423],[-74.03815,-14.627625],[-74.038339,-14.62775],[-74.038429,-14.627953],[-74.038403,-14.628177],[-74.038118,-14.62927],[-74.03801,-14.62947],[-74.037488,-14.630214],[-74.0372,-14.630564],[-74.03596,-14.63157],[-74.035794,-14.631726],[-74.035669,-14.631914],[-74.035475,-14.632324],[-74.035251,-14.632718],[-74.035106,-14.632892],[-74.034773,-14.633204],[-74.034461,-14.633535],[-74.034345,-14.633728],[-74.034284,-14.634175],[-74.034287,-14.6344],[-74.034321,-14.634623],[-74.034413,-14.634831],[-74.034648,-14.635218],[-74.034799,-14.635387],[-74.035001,-14.635491],[-74.035227,-14.635528],[-74.03821,-14.635576],[-74.039109,-14.63576],[-74.039298,-14.635878],[-74.039335,-14.636094],[-74.0389,-14.637139],[-74.038836,-14.637356],[-74.038592,-14.63846],[-74.038638,-14.638676],[-74.038816,-14.638813],[-74.039644,-14.639203],[-74.040105,-14.639705],[-74.040277,-14.639853],[-74.04096,-14.639898],[-74.041169,-14.639989],[-74.041563,-14.640221],[-74.041775,-14.640306],[-74.042,-14.640284],[-74.042825,-14.639891],[-74.043051,-14.63986],[-74.043736,-14.63992],[-74.04392,-14.64004],[-74.044086,-14.64046],[-74.044221,-14.640641],[-74.04443,-14.640725],[-74.044653,-14.640698],[-74.045384,-14.640155],[-74.045605,-14.640159],[-74.045967,-14.640433],[-74.046186,-14.640467],[-74.046556,-14.640201],[-74.046755,-14.640091],[-74.047186,-14.639936],[-74.047857,-14.639782],[-74.048762,-14.63963],[-74.04899,-14.639611],[-74.049211,-14.639644],[-74.049371,-14.639798],[-74.049397,-14.640021],[-74.049164,-14.640896],[-74.049069,-14.641101],[-74.048915,-14.641267],[-74.048234,-14.641874],[-74.048026,-14.641964],[-74.047568,-14.641996],[-74.047354,-14.642069],[-74.047222,-14.642247],[-74.04721,-14.64247],[-74.047323,-14.643367],[-74.047382,-14.643585],[-74.047656,-14.644448],[-74.047796,-14.644623],[-74.047987,-14.644748],[-74.048123,-14.644925],[-74.048566,-14.646911],[-74.048711,-14.647075],[-74.048933,-14.647129],[-74.049388,-14.647175],[-74.049592,-14.647086],[-74.049752,-14.646929],[-74.050035,-14.646575],[-74.050248,-14.646495],[-74.050921,-14.646347],[-74.051139,-14.64628],[-74.053135,-14.645163],[-74.054005,-14.644425],[-74.054189,-14.644292],[-74.054412,-14.644252],[-74.054618,-14.644342],[-74.054719,-14.644541],[-74.054567,-14.645432],[-74.054216,-14.646267],[-74.054064,-14.646693],[-74.053382,-14.649087],[-74.053338,-14.649309],[-74.053326,-14.649534],[-74.053482,-14.650193],[-74.053506,-14.650418],[-74.05347,-14.651547],[-74.053489,-14.651773],[-74.053567,-14.651983],[-74.05395,-14.652546],[-74.054092,-14.652721],[-74.05447,-14.652976],[-74.055263,-14.653432],[-74.055441,-14.653573],[-74.05557,-14.653758],[-74.056263,-14.655674],[-74.056339,-14.656348],[-74.056394,-14.656566],[-74.056624,-14.657204],[-74.05665,-14.657427],[-74.05659,-14.657876],[-74.056534,-14.658094],[-74.056436,-14.658298],[-74.055905,-14.659035],[-74.05534,-14.659747],[-74.055232,-14.659947],[-74.055183,-14.660167],[-74.055045,-14.661517],[-74.054887,-14.663546],[-74.054699,-14.66443],[-74.054074,-14.666605],[-74.053893,-14.667021],[-74.053018,-14.668611],[-74.052925,-14.668817],[-74.052962,-14.669034],[-74.053145,-14.669166],[-74.053791,-14.669401],[-74.054011,-14.669463],[-74.055149,-14.669611],[-74.055359,-14.669695],[-74.056072,-14.670578],[-74.056252,-14.670993],[-74.05629,-14.671216],[-74.056292,-14.671439],[-74.056243,-14.67166],[-74.055847,-14.672959],[-74.05577,-14.673171],[-74.055641,-14.673355],[-74.055465,-14.673497],[-74.054833,-14.673765],[-74.053836,-14.674325],[-74.053208,-14.674602],[-74.053016,-14.674724],[-74.05294,-14.674934],[-74.052834,-14.675604],[-74.052598,-14.67624],[-74.052538,-14.676457],[-74.052541,-14.676682],[-74.052658,-14.67735],[-74.052708,-14.67757],[-74.052808,-14.677768],[-74.053017,-14.677847],[-74.053247,-14.677843],[-74.05347,-14.67788],[-74.053657,-14.678007],[-74.054301,-14.678652],[-74.054422,-14.678839],[-74.054449,-14.679059],[-74.054369,-14.679266],[-74.054199,-14.679413],[-74.053976,-14.679464],[-74.053749,-14.679443],[-74.052662,-14.679081],[-74.052439,-14.679035],[-74.052225,-14.679094],[-74.052128,-14.679288],[-74.052182,-14.679498],[-74.052695,-14.679949],[-74.052828,-14.680132],[-74.05348,-14.681577],[-74.053637,-14.682236],[-74.053752,-14.682425],[-74.054189,-14.682554],[-74.05464,-14.682639],[-74.055098,-14.682644],[-74.056012,-14.682558],[-74.056235,-14.682505],[-74.057545,-14.682085],[-74.057769,-14.682038],[-74.059139,-14.681904],[-74.059586,-14.681804],[-74.060011,-14.681634],[-74.060625,-14.681327],[-74.060845,-14.681271],[-74.06104,-14.681367],[-74.061128,-14.681572],[-74.061417,-14.68243],[-74.061546,-14.682616],[-74.061741,-14.682727],[-74.061965,-14.682758],[-74.062424,-14.682778],[-74.06265,-14.682816],[-74.062843,-14.682933],[-74.062981,-14.683112],[-74.063611,-14.684057],[-74.0637,-14.684264],[-74.06376,-14.684481],[-74.063788,-14.684706],[-74.063909,-14.686284],[-74.063888,-14.686961],[-74.063359,-14.689853],[-74.063285,-14.690067],[-74.063176,-14.690264],[-74.062369,-14.691364],[-74.062222,-14.691538],[-74.06183,-14.691772],[-74.061416,-14.691968],[-74.061238,-14.692107],[-74.061139,-14.692308],[-74.061147,-14.692532],[-74.061286,-14.692709],[-74.061489,-14.692812],[-74.062166,-14.692936],[-74.062623,-14.692979],[-74.063541,-14.692942],[-74.063991,-14.692864],[-74.064205,-14.692782],[-74.065831,-14.691941],[-74.065984,-14.691774],[-74.066389,-14.691226],[-74.066555,-14.691072],[-74.066758,-14.690967],[-74.067192,-14.69082],[-74.06764,-14.690728],[-74.068557,-14.690759],[-74.068779,-14.690708],[-74.069758,-14.69012],[-74.06997,-14.690035],[-74.070193,-14.689986],[-74.07065,-14.690012],[-74.071093,-14.690128],[-74.071321,-14.69016],[-74.071548,-14.690144],[-74.071764,-14.690069],[-74.074695,-14.688769],[-74.074916,-14.688724],[-74.075138,-14.688775],[-74.075564,-14.688944],[-74.075786,-14.688999],[-74.076243,-14.688958],[-74.076697,-14.688888],[-74.076915,-14.688819],[-74.07733,-14.688627],[-74.078199,-14.688346],[-74.07875,-14.687942],[-74.07985,-14.687621],[-74.08027,-14.687441],[-74.080631,-14.687164],[-74.080956,-14.686844],[-74.081089,-14.686661],[-74.081172,-14.68645],[-74.081223,-14.686231],[-74.081466,-14.684667],[-74.081564,-14.683087],[-74.081628,-14.682641],[-74.081904,-14.681779],[-74.082268,-14.681204],[-74.082422,-14.681045],[-74.08264,-14.681035],[-74.08273,-14.681233],[-74.082631,-14.681429],[-74.082167,-14.681929],[-74.08212,-14.682147],[-74.082239,-14.682583],[-74.082258,-14.682805],[-74.082206,-14.683022],[-74.082095,-14.68322],[-74.082051,-14.683439],[-74.082143,-14.683881],[-74.082338,-14.684287],[-74.082354,-14.68451],[-74.0823,-14.684959],[-74.0823,-14.685185],[-74.082326,-14.685408],[-74.082621,-14.686733],[-74.083081,-14.688011],[-74.083223,-14.688186],[-74.083598,-14.688447],[-74.083738,-14.688619],[-74.083773,-14.68884],[-74.083708,-14.689056],[-74.08361,-14.68926],[-74.083328,-14.689616],[-74.083321,-14.68983],[-74.08352,-14.689899],[-74.083677,-14.68976],[-74.08368,-14.689536],[-74.083747,-14.68932],[-74.083948,-14.688914],[-74.08396,-14.688694],[-74.083867,-14.68849],[-74.083531,-14.6879],[-74.0835,-14.687678],[-74.08353,-14.687457],[-74.08363,-14.687257],[-74.083805,-14.687118],[-74.084228,-14.686947],[-74.084399,-14.686805],[-74.084409,-14.686587],[-74.084255,-14.68643],[-74.083859,-14.686203],[-74.083728,-14.686022],[-74.083443,-14.685406],[-74.083409,-14.685183],[-74.083398,-14.684053],[-74.083472,-14.683841],[-74.083828,-14.683262],[-74.084471,-14.682062],[-74.084988,-14.680805],[-74.08512,-14.680621],[-74.085286,-14.680466],[-74.085464,-14.680324],[-74.085668,-14.68023],[-74.085897,-14.680241],[-74.086796,-14.680423],[-74.087023,-14.680449],[-74.087228,-14.680352],[-74.087597,-14.680083],[-74.087775,-14.67994],[-74.087928,-14.679775],[-74.088041,-14.679579],[-74.088121,-14.679368],[-74.088158,-14.679146],[-74.088093,-14.678471],[-74.088104,-14.678246],[-74.088391,-14.677634],[-74.088467,-14.67696],[-74.08833,-14.676299],[-74.088432,-14.676101],[-74.088624,-14.675995],[-74.08884,-14.67605],[-74.088998,-14.676206],[-74.089,-14.676428],[-74.088799,-14.677077],[-74.088824,-14.677297],[-74.089857,-14.679058],[-74.090003,-14.679232],[-74.090215,-14.679307],[-74.090439,-14.679285],[-74.09062,-14.67915],[-74.090759,-14.678972],[-74.090734,-14.67876],[-74.090368,-14.678498],[-74.09032,-14.678286],[-74.090487,-14.677397],[-74.090578,-14.677192],[-74.090732,-14.677026],[-74.090809,-14.676817],[-74.09076,-14.676368],[-74.090799,-14.676152],[-74.090976,-14.676009],[-74.094831,-14.673552],[-74.095369,-14.67313],[-74.095568,-14.67302],[-74.095787,-14.672951],[-74.096014,-14.67292],[-74.096473,-14.67291],[-74.096917,-14.672796],[-74.098013,-14.672461],[-74.098215,-14.67236],[-74.098375,-14.672199],[-74.098453,-14.671991],[-74.098503,-14.671542],[-74.098499,-14.671317],[-74.098401,-14.670876],[-74.098328,-14.670662],[-74.098228,-14.67046],[-74.097662,-14.669748],[-74.097581,-14.669544],[-74.09766,-14.669333],[-74.09788,-14.668936],[-74.098129,-14.668556],[-74.098534,-14.668009],[-74.0986,-14.667797],[-74.098499,-14.667599],[-74.098182,-14.667272],[-74.098061,-14.667084],[-74.098055,-14.666862],[-74.098181,-14.666674],[-74.09839,-14.666597],[-74.099076,-14.666544],[-74.099293,-14.666473],[-74.099908,-14.666173],[-74.100127,-14.666179],[-74.100339,-14.666267],[-74.100558,-14.666274],[-74.10072,-14.666134],[-74.100724,-14.665914],[-74.100405,-14.665067],[-74.10038,-14.664616],[-74.100402,-14.664392],[-74.100551,-14.664242],[-74.100768,-14.664243],[-74.101488,-14.664797],[-74.101877,-14.665037],[-74.102284,-14.665245],[-74.1025,-14.665319],[-74.104287,-14.665738],[-74.104498,-14.665822],[-74.104595,-14.666019],[-74.104532,-14.666465],[-74.104557,-14.666687],[-74.10468,-14.666872],[-74.104876,-14.666983],[-74.105102,-14.667001],[-74.106017,-14.666925],[-74.106239,-14.66696],[-74.106807,-14.667341],[-74.107028,-14.667389],[-74.107482,-14.667446],[-74.107894,-14.667647],[-74.108065,-14.667792],[-74.1081,-14.668008],[-74.107958,-14.668177],[-74.107737,-14.668205],[-74.105746,-14.667664],[-74.105291,-14.667605],[-74.105078,-14.667666],[-74.104957,-14.667853],[-74.104962,-14.668078],[-74.105008,-14.6683],[-74.105093,-14.668509],[-74.105246,-14.668674],[-74.10545,-14.668776],[-74.105673,-14.668823],[-74.106129,-14.668863],[-74.106317,-14.668977],[-74.106342,-14.669198],[-74.105658,-14.670374],[-74.105485,-14.670512],[-74.105262,-14.670549],[-74.104577,-14.670596],[-74.104362,-14.67067],[-74.104191,-14.670819],[-74.104124,-14.671033],[-74.104126,-14.671256],[-74.104225,-14.671457],[-74.104405,-14.67158],[-74.104601,-14.671482],[-74.104898,-14.671136],[-74.1051,-14.671051],[-74.105318,-14.671098],[-74.105737,-14.671282],[-74.105966,-14.671291],[-74.106176,-14.671209],[-74.106346,-14.671063],[-74.106568,-14.670668],[-74.1067,-14.670484],[-74.106895,-14.670382],[-74.107124,-14.670358],[-74.107341,-14.670407],[-74.107476,-14.670584],[-74.107421,-14.670795],[-74.107236,-14.670913],[-74.106791,-14.671018],[-74.106629,-14.671165],[-74.106606,-14.671388],[-74.106686,-14.671833],[-74.106703,-14.672057],[-74.106617,-14.672264],[-74.106347,-14.67263],[-74.106241,-14.672829],[-74.106276,-14.673049],[-74.106514,-14.673435],[-74.106563,-14.673654],[-74.106629,-14.675009],[-74.106596,-14.675231],[-74.106342,-14.67586],[-74.106408,-14.676068],[-74.107049,-14.67631],[-74.10721,-14.676464],[-74.107356,-14.676892],[-74.107467,-14.677089],[-74.107628,-14.677249],[-74.108004,-14.677508],[-74.108204,-14.67762],[-74.108413,-14.677705],[-74.108642,-14.677719],[-74.108864,-14.677664],[-74.109057,-14.677546],[-74.109535,-14.677058],[-74.109672,-14.676878],[-74.109753,-14.676672],[-74.109751,-14.676447],[-74.109653,-14.676007],[-74.109502,-14.675838],[-74.108999,-14.675374],[-74.108846,-14.675207],[-74.108823,-14.674985],[-74.108973,-14.674822],[-74.109195,-14.674801],[-74.109379,-14.674929],[-74.110205,-14.676015],[-74.110328,-14.676205],[-74.11041,-14.676414],[-74.110412,-14.676639],[-74.110313,-14.67708],[-74.110384,-14.677286],[-74.110581,-14.677391],[-74.11123,-14.677616],[-74.11161,-14.677869],[-74.111815,-14.677959],[-74.112038,-14.677935],[-74.112444,-14.677727],[-74.112669,-14.677682],[-74.112895,-14.677716],[-74.1131,-14.677815],[-74.113253,-14.677981],[-74.113769,-14.678729],[-74.114074,-14.679064],[-74.114619,-14.679479],[-74.114812,-14.679599],[-74.115234,-14.679778],[-74.115427,-14.679899],[-74.115518,-14.680096],[-74.115555,-14.680546],[-74.115841,-14.681403],[-74.115852,-14.681855],[-74.115899,-14.682076],[-74.116029,-14.682259],[-74.116232,-14.682364],[-74.116459,-14.682375],[-74.116916,-14.682349],[-74.117137,-14.682401],[-74.11777,-14.682667],[-74.117992,-14.682723],[-74.118438,-14.682633],[-74.118666,-14.682628],[-74.118874,-14.682713],[-74.119479,-14.683037],[-74.119663,-14.68317],[-74.119826,-14.683328],[-74.119957,-14.683513],[-74.120058,-14.683716],[-74.12026,-14.684364],[-74.120295,-14.684587],[-74.120278,-14.684811],[-74.120194,-14.68502],[-74.119375,-14.686382],[-74.119285,-14.686589],[-74.119246,-14.686808],[-74.119241,-14.687034],[-74.119284,-14.687938],[-74.119338,-14.688386],[-74.119434,-14.688591],[-74.119938,-14.689347],[-74.120581,-14.689991],[-74.120869,-14.690343],[-74.121906,-14.692102],[-74.122047,-14.692209],[-74.123654,-14.6922],[-74.126409,-14.692239],[-74.126638,-14.692231],[-74.126864,-14.692193],[-74.127084,-14.692136],[-74.127268,-14.692015],[-74.127922,-14.691802],[-74.128973,-14.691348],[-74.130043,-14.690938],[-74.130645,-14.690615],[-74.132776,-14.689774],[-74.132969,-14.689658],[-74.133116,-14.689488],[-74.13333,-14.689407],[-74.134876,-14.688976],[-74.136007,-14.688786],[-74.136692,-14.688721],[-74.136911,-14.688756],[-74.137087,-14.688902],[-74.13748,-14.68909],[-74.137682,-14.689015],[-74.138108,-14.689147],[-74.138336,-14.689121],[-74.138565,-14.689136],[-74.139014,-14.689224],[-74.139243,-14.689235],[-74.139683,-14.689337],[-74.140814,-14.689528],[-74.141031,-14.689598],[-74.141194,-14.689752],[-74.141651,-14.690788],[-74.141865,-14.691185],[-74.142052,-14.69131],[-74.142275,-14.691286],[-74.142432,-14.691131],[-74.142495,-14.690915],[-74.142759,-14.689584],[-74.142813,-14.689364],[-74.14291,-14.689162],[-74.143075,-14.689007],[-74.144232,-14.68827],[-74.144415,-14.688135],[-74.144894,-14.687647],[-74.146336,-14.686527],[-74.146508,-14.686378],[-74.146653,-14.686205],[-74.147133,-14.685434],[-74.147277,-14.68526],[-74.147473,-14.685144],[-74.147697,-14.685116],[-74.147908,-14.685196],[-74.148063,-14.685357],[-74.148109,-14.685575],[-74.148074,-14.686251],[-74.147909,-14.68737],[-74.147908,-14.687595],[-74.147991,-14.687803],[-74.149213,-14.689443],[-74.149391,-14.689583],[-74.14981,-14.689764],[-74.149997,-14.68989],[-74.15008,-14.690096],[-74.150161,-14.691223],[-74.150255,-14.691425],[-74.150416,-14.691582],[-74.150786,-14.691849],[-74.150957,-14.692],[-74.151108,-14.69217],[-74.151348,-14.692553],[-74.151537,-14.692665],[-74.151765,-14.692663],[-74.152448,-14.69258],[-74.152653,-14.692485],[-74.152796,-14.692309],[-74.153483,-14.691134],[-74.153635,-14.690967],[-74.153824,-14.690844],[-74.154037,-14.690763],[-74.154259,-14.690787],[-74.154796,-14.69121],[-74.155014,-14.69126],[-74.155451,-14.691137],[-74.15568,-14.691134],[-74.156358,-14.691253],[-74.156565,-14.691343],[-74.156733,-14.691496],[-74.157531,-14.69231],[-74.157679,-14.692482],[-74.157931,-14.69286],[-74.158091,-14.693018],[-74.158536,-14.693127],[-74.15875,-14.693205],[-74.158908,-14.693366],[-74.159144,-14.693754],[-74.159284,-14.693931],[-74.159464,-14.694071],[-74.159882,-14.694255],[-74.160062,-14.694389],[-74.160145,-14.694596],[-74.160197,-14.694816],[-74.160345,-14.694986],[-74.160543,-14.6951],[-74.160762,-14.695164],[-74.16099,-14.695192],[-74.161204,-14.695152],[-74.16129,-14.694949],[-74.161359,-14.694048],[-74.161305,-14.693599],[-74.161139,-14.69271],[-74.161131,-14.692484],[-74.161163,-14.692261],[-74.161328,-14.691603],[-74.161333,-14.69138],[-74.161206,-14.690714],[-74.161104,-14.690515],[-74.16082,-14.690161],[-74.160772,-14.689943],[-74.16141,-14.688009],[-74.16154,-14.687825],[-74.161745,-14.68774],[-74.161973,-14.687756],[-74.162881,-14.687892],[-74.16311,-14.687892],[-74.163319,-14.687804],[-74.163809,-14.687331],[-74.164023,-14.687271],[-74.164247,-14.687309],[-74.164688,-14.687429],[-74.164915,-14.687404],[-74.165125,-14.687317],[-74.165286,-14.687158],[-74.167058,-14.684793],[-74.16717,-14.684596],[-74.167247,-14.684385],[-74.167279,-14.684162],[-74.167247,-14.683484],[-74.167194,-14.683265],[-74.167097,-14.683061],[-74.166645,-14.68255],[-74.166595,-14.682335],[-74.166617,-14.682111],[-74.167118,-14.679905],[-74.167309,-14.679496],[-74.168311,-14.677979],[-74.168459,-14.677809],[-74.168629,-14.677657],[-74.168994,-14.677382],[-74.169161,-14.677228],[-74.169284,-14.677039],[-74.169364,-14.676828],[-74.169406,-14.676606],[-74.169413,-14.676382],[-74.169327,-14.676175],[-74.169195,-14.67599],[-74.169159,-14.675772],[-74.170027,-14.673439],[-74.170123,-14.673234],[-74.170759,-14.672295],[-74.170941,-14.67216],[-74.171348,-14.671954],[-74.171507,-14.671791],[-74.171608,-14.67159],[-74.171881,-14.670728],[-74.171996,-14.670535],[-74.172204,-14.670513],[-74.172335,-14.670682],[-74.172427,-14.670889],[-74.172554,-14.671076],[-74.172877,-14.671396],[-74.17375,-14.67213],[-74.173966,-14.67219],[-74.174172,-14.672106],[-74.174274,-14.671906],[-74.175124,-14.668854],[-74.175299,-14.668437],[-74.175438,-14.668258],[-74.175604,-14.668102],[-74.175791,-14.667973],[-74.179786,-14.665743],[-74.180011,-14.665709],[-74.180233,-14.66575],[-74.180655,-14.665922],[-74.180881,-14.665943],[-74.181095,-14.665866],[-74.18127,-14.665721],[-74.181382,-14.665527],[-74.181457,-14.665081],[-74.181527,-14.664867],[-74.181669,-14.664691],[-74.18257,-14.663991],[-74.182762,-14.663872],[-74.182987,-14.663842],[-74.183217,-14.663848],[-74.183438,-14.663803],[-74.183597,-14.66365],[-74.184086,-14.662884],[-74.184228,-14.662709],[-74.184429,-14.6626],[-74.184852,-14.66243],[-74.185014,-14.662277],[-74.185083,-14.662064],[-74.185187,-14.661393],[-74.18519,-14.661168],[-74.185157,-14.660946],[-74.185022,-14.660514],[-74.184998,-14.660293],[-74.185122,-14.66011],[-74.185493,-14.659843],[-74.185618,-14.65966],[-74.185652,-14.659211],[-74.185761,-14.659021],[-74.185972,-14.65894],[-74.18688,-14.658804],[-74.187101,-14.658751],[-74.187291,-14.658627],[-74.187402,-14.658432],[-74.187439,-14.658209],[-74.187251,-14.657325],[-74.187241,-14.657099],[-74.187269,-14.656875],[-74.187432,-14.656452],[-74.187674,-14.655348],[-74.187767,-14.655142],[-74.187904,-14.654964],[-74.188223,-14.654638],[-74.188342,-14.654448],[-74.188376,-14.654229],[-74.188264,-14.654034],[-74.187533,-14.653489],[-74.187377,-14.653323],[-74.187262,-14.653131],[-74.186889,-14.652304],[-74.186474,-14.651498],[-74.186492,-14.651278],[-74.18666,-14.651133],[-74.186861,-14.651024],[-74.186909,-14.650819],[-74.186708,-14.650413],[-74.186645,-14.650197],[-74.186661,-14.649976],[-74.186789,-14.649801],[-74.187005,-14.649832],[-74.187276,-14.650194],[-74.187455,-14.650332],[-74.18768,-14.650351],[-74.187847,-14.650203],[-74.187987,-14.650023],[-74.188183,-14.649917],[-74.188639,-14.649948],[-74.189096,-14.649918],[-74.189995,-14.649737],[-74.190452,-14.649707],[-74.190661,-14.649617],[-74.190817,-14.649455],[-74.19093,-14.649259],[-74.191083,-14.64909],[-74.191683,-14.648765],[-74.192099,-14.648234],[-74.192319,-14.648206],[-74.192466,-14.648374],[-74.192661,-14.648783],[-74.192799,-14.648961],[-74.193008,-14.649038],[-74.193225,-14.648977],[-74.193379,-14.648814],[-74.193455,-14.648601],[-74.193566,-14.648407],[-74.193748,-14.648279],[-74.194852,-14.647969],[-74.19507,-14.647899],[-74.195271,-14.647797],[-74.195441,-14.647645],[-74.19574,-14.647302],[-74.195907,-14.647147],[-74.196274,-14.646876],[-74.196467,-14.646753],[-74.196673,-14.646657],[-74.196897,-14.646607],[-74.197067,-14.646465],[-74.197223,-14.646045],[-74.197417,-14.645938],[-74.198095,-14.645818],[-74.198314,-14.645758],[-74.198479,-14.645605],[-74.19892,-14.644324],[-74.198853,-14.643651],[-74.198861,-14.642973],[-74.198764,-14.642532],[-74.198745,-14.642308],[-74.198758,-14.641856],[-74.198894,-14.640962],[-74.198997,-14.640521],[-74.19922,-14.63988],[-74.20002,-14.638004],[-74.200284,-14.637636],[-74.200447,-14.637477],[-74.201187,-14.636941],[-74.201541,-14.636654],[-74.201669,-14.636468],[-74.201855,-14.636058],[-74.202076,-14.636011],[-74.202532,-14.636043],[-74.203902,-14.635895],[-74.204338,-14.635759],[-74.204753,-14.635568],[-74.205119,-14.635294],[-74.205313,-14.635179],[-74.205533,-14.635216],[-74.205727,-14.635338],[-74.205948,-14.635356],[-74.207043,-14.634537],[-74.207187,-14.634363],[-74.207287,-14.63416],[-74.207518,-14.633522],[-74.207888,-14.632952],[-74.20807,-14.632537],[-74.208303,-14.631898],[-74.208361,-14.63168],[-74.20838,-14.631229],[-74.208333,-14.631008],[-74.208168,-14.630587],[-74.2082,-14.630376],[-74.20841,-14.630398],[-74.20895,-14.630815],[-74.209164,-14.63089],[-74.20985,-14.630837],[-74.210074,-14.630863],[-74.210253,-14.631004],[-74.210678,-14.631537],[-74.210787,-14.631735],[-74.211028,-14.632369],[-74.211011,-14.632587],[-74.21094,-14.632802],[-74.210902,-14.633024],[-74.210929,-14.633927],[-74.21103,-14.634126],[-74.211555,-14.634562],[-74.211632,-14.634771],[-74.211703,-14.635672],[-74.211748,-14.635893],[-74.211909,-14.636049],[-74.21212,-14.636137],[-74.212317,-14.636251],[-74.212428,-14.636438],[-74.212474,-14.636659],[-74.212587,-14.636855],[-74.21311,-14.637294],[-74.213252,-14.63747],[-74.21336,-14.637669],[-74.213411,-14.637889],[-74.213472,-14.638337],[-74.213551,-14.638549],[-74.21377,-14.638945],[-74.213797,-14.639167],[-74.213791,-14.639393],[-74.213828,-14.639616],[-74.213937,-14.639814],[-74.214075,-14.639994],[-74.214274,-14.6401],[-74.214498,-14.640139],[-74.214703,-14.640233],[-74.214955,-14.640604],[-74.215164,-14.64067],[-74.215846,-14.640591],[-74.217215,-14.64073],[-74.217439,-14.640689],[-74.217645,-14.64059],[-74.217835,-14.640464],[-74.218044,-14.640387],[-74.218732,-14.640389],[-74.218959,-14.640417],[-74.219404,-14.64053],[-74.21963,-14.640561],[-74.220776,-14.640606],[-74.221412,-14.640858],[-74.222093,-14.640958],[-74.222317,-14.640917],[-74.222515,-14.640804],[-74.222885,-14.640537],[-74.223038,-14.640369],[-74.223165,-14.640181],[-74.223322,-14.64002],[-74.223503,-14.63988],[-74.223642,-14.639708],[-74.22367,-14.639485],[-74.223662,-14.638807],[-74.223635,-14.638585],[-74.223341,-14.637972],[-74.223263,-14.637759],[-74.2233,-14.637311],[-74.223491,-14.636427],[-74.223617,-14.636241],[-74.224456,-14.635471],[-74.22465,-14.635351],[-74.225274,-14.635064],[-74.225676,-14.634846],[-74.225864,-14.634718],[-74.226032,-14.634563],[-74.226166,-14.634382],[-74.22627,-14.634182],[-74.226618,-14.633105],[-74.22663,-14.63288],[-74.226586,-14.632658],[-74.226498,-14.63245],[-74.226073,-14.631648],[-74.225827,-14.631267],[-74.225263,-14.630554],[-74.225109,-14.630387],[-74.224739,-14.63012],[-74.224587,-14.62996],[-74.224558,-14.629738],[-74.224429,-14.629558],[-74.224068,-14.629281],[-74.223953,-14.629091],[-74.223399,-14.626897],[-74.222986,-14.625368],[-74.222999,-14.624691],[-74.222945,-14.624476],[-74.222756,-14.624357],[-74.222087,-14.624195],[-74.221889,-14.624085],[-74.2218,-14.623886],[-74.221863,-14.623674],[-74.221958,-14.623468],[-74.22215,-14.623382],[-74.222587,-14.623512],[-74.223502,-14.623456],[-74.2237,-14.62335],[-74.223895,-14.622943],[-74.224012,-14.622752],[-74.224226,-14.622716],[-74.224336,-14.622898],[-74.224397,-14.623346],[-74.224462,-14.623561],[-74.224558,-14.623766],[-74.224924,-14.62434],[-74.225086,-14.624497],[-74.225294,-14.624593],[-74.22545,-14.624748],[-74.225479,-14.625193],[-74.225572,-14.625399],[-74.225926,-14.625981],[-74.226067,-14.626157],[-74.226245,-14.626297],[-74.226629,-14.626545],[-74.226798,-14.626696],[-74.227418,-14.627363],[-74.227692,-14.627723],[-74.227895,-14.628129],[-74.228018,-14.628319],[-74.228219,-14.628425],[-74.229971,-14.628969],[-74.230175,-14.629069],[-74.230638,-14.629848],[-74.230776,-14.630026],[-74.230958,-14.630162],[-74.231178,-14.630224],[-74.231401,-14.630189],[-74.231598,-14.630072],[-74.231809,-14.629993],[-74.232013,-14.630085],[-74.232943,-14.630748],[-74.233154,-14.63083],[-74.23338,-14.630858],[-74.233608,-14.630835],[-74.233826,-14.630769],[-74.233983,-14.63061],[-74.234154,-14.630191],[-74.234674,-14.629447],[-74.234774,-14.629245],[-74.234809,-14.629022],[-74.234952,-14.6279],[-74.234968,-14.627675],[-74.234942,-14.627224],[-74.234895,-14.627002],[-74.234521,-14.625934],[-74.234468,-14.625714],[-74.234472,-14.62549],[-74.234671,-14.623919],[-74.234675,-14.623694],[-74.234648,-14.62347],[-74.234117,-14.621504],[-74.233981,-14.621072],[-74.233843,-14.620901],[-74.233626,-14.620857],[-74.233184,-14.62097],[-74.232967,-14.620929],[-74.232781,-14.620798],[-74.232102,-14.620188],[-74.231964,-14.620009],[-74.231852,-14.619812],[-74.231472,-14.618989],[-74.231451,-14.618769],[-74.231524,-14.618559],[-74.231707,-14.618431],[-74.232542,-14.618054],[-74.232761,-14.618007],[-74.233167,-14.61821],[-74.233385,-14.618264],[-74.233588,-14.618162],[-74.233745,-14.617997],[-74.233925,-14.61786],[-74.234148,-14.617884],[-74.234353,-14.617986],[-74.234574,-14.618022],[-74.234787,-14.61794],[-74.235596,-14.617512],[-74.235772,-14.617368],[-74.236014,-14.616986],[-74.236755,-14.616455],[-74.236959,-14.616351],[-74.238519,-14.615972],[-74.238739,-14.615909],[-74.238941,-14.615807],[-74.239068,-14.61562],[-74.239261,-14.61521],[-74.23943,-14.615073],[-74.239623,-14.615171],[-74.23986,-14.615558],[-74.240015,-14.615721],[-74.240233,-14.615775],[-74.242298,-14.615723],[-74.242524,-14.615753],[-74.24267,-14.615919],[-74.242688,-14.616142],[-74.242643,-14.617498],[-74.24265,-14.617724],[-74.2427,-14.617944],[-74.242792,-14.618151],[-74.243368,-14.619129],[-74.243466,-14.619333],[-74.243517,-14.619553],[-74.24361,-14.620223],[-74.243694,-14.620432],[-74.243829,-14.620612],[-74.24401,-14.62075],[-74.244222,-14.620837],[-74.245133,-14.620946],[-74.245591,-14.620963],[-74.246719,-14.620761],[-74.246893,-14.620619],[-74.24709,-14.619973],[-74.247667,-14.619272],[-74.247825,-14.61911],[-74.248392,-14.618725],[-74.248597,-14.618624],[-74.2506,-14.618132],[-74.250828,-14.618129],[-74.25105,-14.618186],[-74.251713,-14.618369],[-74.251916,-14.618471],[-74.252073,-14.618633],[-74.252782,-14.619522],[-74.252858,-14.619734],[-74.252819,-14.619953],[-74.252047,-14.622082],[-74.251987,-14.622299],[-74.251984,-14.622523],[-74.252033,-14.622743],[-74.25224,-14.62339],[-74.252378,-14.623568],[-74.252596,-14.623618],[-74.252806,-14.623542],[-74.252919,-14.623353],[-74.252995,-14.622453],[-74.253041,-14.622231],[-74.253344,-14.621141],[-74.253429,-14.620934],[-74.253571,-14.620756],[-74.253743,-14.620609],[-74.253954,-14.620522],[-74.254179,-14.620481],[-74.254865,-14.620422],[-74.255311,-14.62032],[-74.255699,-14.620081],[-74.256614,-14.619397],[-74.256807,-14.619276],[-74.257019,-14.619192],[-74.257242,-14.619139],[-74.257439,-14.619031],[-74.257563,-14.618844],[-74.257744,-14.617959],[-74.257815,-14.617744],[-74.257946,-14.617561],[-74.258265,-14.617236],[-74.258401,-14.617056],[-74.258576,-14.616401],[-74.258715,-14.616225],[-74.258909,-14.61611],[-74.260268,-14.615892],[-74.260459,-14.615776],[-74.260547,-14.615574],[-74.260557,-14.615348],[-74.260603,-14.61513],[-74.260759,-14.61498],[-74.261213,-14.614981],[-74.261435,-14.614926],[-74.261639,-14.614821],[-74.262238,-14.614488],[-74.262406,-14.614335],[-74.262687,-14.613977],[-74.262852,-14.613823],[-74.263476,-14.61354],[-74.263643,-14.61339],[-74.263921,-14.612531],[-74.264035,-14.612334],[-74.264627,-14.611643],[-74.264855,-14.611252],[-74.265031,-14.611115],[-74.265256,-14.611115],[-74.26545,-14.61123],[-74.265532,-14.611435],[-74.265481,-14.61165],[-74.265381,-14.611853],[-74.26485,-14.61259],[-74.264783,-14.612803],[-74.26476,-14.613254],[-74.264365,-14.614314],[-74.264311,-14.614531],[-74.264284,-14.614977],[-74.263939,-14.615253],[-74.263941,-14.615479],[-74.26401,-14.616153],[-74.26401,-14.616379],[-74.263979,-14.616603],[-74.263642,-14.617918],[-74.26352,-14.618105],[-74.263116,-14.618317],[-74.262928,-14.618444],[-74.262786,-14.618621],[-74.262677,-14.618819],[-74.262615,-14.619035],[-74.262672,-14.619244],[-74.262801,-14.619431],[-74.262894,-14.619634],[-74.262814,-14.619836],[-74.262201,-14.620141],[-74.262028,-14.620278],[-74.262131,-14.620431],[-74.26235,-14.620376],[-74.262778,-14.620212],[-74.262978,-14.620103],[-74.263112,-14.619923],[-74.263241,-14.619262],[-74.263351,-14.619065],[-74.26365,-14.618722],[-74.263844,-14.618611],[-74.264068,-14.618634],[-74.264284,-14.618712],[-74.264502,-14.618727],[-74.264591,-14.618531],[-74.264597,-14.618305],[-74.264633,-14.618083],[-74.26473,-14.61788],[-74.265008,-14.61752],[-74.265122,-14.617324],[-74.265294,-14.616905],[-74.265364,-14.61669],[-74.265422,-14.616242],[-74.26548,-14.616025],[-74.265665,-14.615904],[-74.265877,-14.615818],[-74.266039,-14.615665],[-74.266371,-14.614585],[-74.266406,-14.61391],[-74.266508,-14.613709],[-74.266662,-14.613542],[-74.267972,-14.612275],[-74.268159,-14.61215],[-74.268384,-14.612109],[-74.269072,-14.612087],[-74.269286,-14.61201],[-74.269481,-14.611892],[-74.270238,-14.611044],[-74.270423,-14.610914],[-74.270637,-14.610837],[-74.270863,-14.610858],[-74.271517,-14.611069],[-74.271732,-14.611026],[-74.27184,-14.610842],[-74.271611,-14.609967],[-74.271586,-14.609746],[-74.271658,-14.609535],[-74.272169,-14.608523],[-74.27233,-14.608365],[-74.272533,-14.60826],[-74.272694,-14.608114],[-74.272614,-14.607927],[-74.272429,-14.607793],[-74.272274,-14.607632],[-74.272165,-14.606735],[-74.272186,-14.606511],[-74.272327,-14.606343],[-74.272885,-14.605945],[-74.272955,-14.605744],[-74.272804,-14.605586],[-74.271665,-14.604823],[-74.271513,-14.604654],[-74.271439,-14.604443],[-74.271431,-14.604217],[-74.271493,-14.603315],[-74.271526,-14.603091],[-74.271604,-14.60288],[-74.271821,-14.602482],[-74.271993,-14.602341],[-74.272194,-14.602421],[-74.272421,-14.603057],[-74.272591,-14.603194],[-74.272805,-14.603145],[-74.272931,-14.602957],[-74.273589,-14.601766],[-74.273595,-14.601544],[-74.273497,-14.601103],[-74.273528,-14.600884],[-74.274819,-14.599599],[-74.275006,-14.599477],[-74.275233,-14.599478],[-74.275662,-14.599636],[-74.275849,-14.599766],[-74.276273,-14.600299],[-74.27633,-14.600511],[-74.27593,-14.601806],[-74.275938,-14.602027],[-74.276051,-14.602219],[-74.2762,-14.602391],[-74.276369,-14.602544],[-74.276579,-14.602556],[-74.276932,-14.602274],[-74.277158,-14.602289],[-74.277813,-14.602498],[-74.278018,-14.602599],[-74.278775,-14.603105],[-74.278991,-14.603071],[-74.279811,-14.601984],[-74.279893,-14.601774],[-74.279962,-14.601328],[-74.28009,-14.601147],[-74.280312,-14.601124],[-74.280766,-14.601188],[-74.281224,-14.601197],[-74.282998,-14.600736],[-74.283207,-14.600793],[-74.283239,-14.601004],[-74.283062,-14.601126],[-74.281931,-14.601322],[-74.281716,-14.601399],[-74.281354,-14.601673],[-74.280928,-14.601837],[-74.280727,-14.601946],[-74.280556,-14.602095],[-74.279991,-14.602807],[-74.279884,-14.603004],[-74.279868,-14.603228],[-74.280037,-14.603647],[-74.280064,-14.603862],[-74.279936,-14.604044],[-74.279768,-14.604198],[-74.279549,-14.604248],[-74.278412,-14.60411],[-74.278194,-14.604157],[-74.278052,-14.604334],[-74.277254,-14.605708],[-74.277178,-14.605918],[-74.277236,-14.606124],[-74.277428,-14.606233],[-74.277878,-14.606317],[-74.27805,-14.606461],[-74.278165,-14.606657],[-74.278333,-14.606804],[-74.278966,-14.607071],[-74.279161,-14.607189],[-74.27934,-14.60733],[-74.279971,-14.607987],[-74.280164,-14.60811],[-74.280975,-14.608533],[-74.281115,-14.608701],[-74.281032,-14.608898],[-74.279727,-14.609822],[-74.279519,-14.609918],[-74.278639,-14.610174],[-74.27845,-14.610297],[-74.278345,-14.610496],[-74.278081,-14.611362],[-74.278136,-14.611579],[-74.278753,-14.612531],[-74.278867,-14.612966],[-74.278945,-14.613178],[-74.27915,-14.613582],[-74.279208,-14.613796],[-74.279121,-14.613999],[-74.278613,-14.614456],[-74.278431,-14.614594],[-74.278222,-14.614686],[-74.277789,-14.614831],[-74.277599,-14.614958],[-74.277459,-14.615136],[-74.277118,-14.615722],[-74.276925,-14.615833],[-74.276471,-14.615821],[-74.276318,-14.615978],[-74.276248,-14.616193],[-74.276145,-14.616393],[-74.275557,-14.616735],[-74.275423,-14.616915],[-74.275276,-14.617343],[-74.275178,-14.617544],[-74.274971,-14.617608],[-74.274537,-14.617464],[-74.274316,-14.617503],[-74.273188,-14.618283],[-74.272789,-14.618505],[-74.272371,-14.618689],[-74.272276,-14.618878],[-74.272466,-14.618939],[-74.272835,-14.618676],[-74.27304,-14.618575],[-74.273667,-14.618295],[-74.273894,-14.618261],[-74.274121,-14.618283],[-74.274325,-14.618379],[-74.274713,-14.618621],[-74.274927,-14.61869],[-74.275155,-14.61868],[-74.275361,-14.618582],[-74.279224,-14.615741],[-74.279417,-14.615618],[-74.279631,-14.615574],[-74.279828,-14.615683],[-74.280206,-14.61594],[-74.280411,-14.616028],[-74.280625,-14.615953],[-74.280809,-14.615819],[-74.280876,-14.615611],[-74.280861,-14.615385],[-74.280911,-14.615168],[-74.281023,-14.614971],[-74.281149,-14.614782],[-74.281296,-14.614612],[-74.281511,-14.614619],[-74.281555,-14.614817],[-74.281216,-14.615117],[-74.28116,-14.615333],[-74.28116,-14.615786],[-74.281107,-14.616],[-74.280974,-14.616184],[-74.280683,-14.616534],[-74.280479,-14.616604],[-74.280262,-14.616537],[-74.279848,-14.616345],[-74.279621,-14.616339],[-74.279422,-14.616441],[-74.279242,-14.616582],[-74.279093,-14.616751],[-74.27847,-14.61796],[-74.278221,-14.618339],[-74.277252,-14.619303],[-74.27711,-14.61948],[-74.276781,-14.620075],[-74.276311,-14.620558],[-74.276386,-14.620739],[-74.276592,-14.620697],[-74.277266,-14.619784],[-74.277429,-14.619626],[-74.277609,-14.619486],[-74.277996,-14.619243],[-74.278507,-14.618789],[-74.278664,-14.618624],[-74.278927,-14.618254],[-74.279088,-14.618094],[-74.279672,-14.617736],[-74.279892,-14.617674],[-74.280121,-14.617679],[-74.280779,-14.617875],[-74.281005,-14.617857],[-74.281415,-14.617654],[-74.282082,-14.617488],[-74.282897,-14.617072],[-74.283276,-14.616816],[-74.284181,-14.616123],[-74.28439,-14.616034],[-74.284846,-14.616011],[-74.2853,-14.615946],[-74.28552,-14.615882],[-74.285727,-14.615787],[-74.285904,-14.615643],[-74.286461,-14.614925],[-74.286948,-14.613903],[-74.287105,-14.613744],[-74.287326,-14.613715],[-74.287524,-14.613823],[-74.287863,-14.614124],[-74.28808,-14.614112],[-74.288231,-14.61395],[-74.288347,-14.613756],[-74.288555,-14.613672],[-74.291299,-14.613912],[-74.291524,-14.613952],[-74.291699,-14.61409],[-74.29209,-14.614648],[-74.293006,-14.615661],[-74.293175,-14.615811],[-74.293586,-14.616012],[-74.293728,-14.616181],[-74.293949,-14.616578],[-74.294127,-14.616993],[-74.294336,-14.618332],[-74.294299,-14.618553],[-74.294172,-14.61874],[-74.293712,-14.619245],[-74.293529,-14.61938],[-74.293324,-14.619479],[-74.293096,-14.619507],[-74.292188,-14.619376],[-74.291962,-14.61939],[-74.291776,-14.619518],[-74.291457,-14.61984],[-74.29141,-14.62006],[-74.291509,-14.620262],[-74.291793,-14.620616],[-74.291951,-14.62078],[-74.292475,-14.621218],[-74.292576,-14.621417],[-74.292606,-14.621639],[-74.29257,-14.62186],[-74.292467,-14.622062],[-74.292067,-14.622613],[-74.291959,-14.622813],[-74.291718,-14.623448],[-74.291603,-14.623641],[-74.291435,-14.623795],[-74.290455,-14.624383],[-74.290128,-14.624699],[-74.289694,-14.625225],[-74.289519,-14.625369],[-74.288689,-14.625756],[-74.288499,-14.625882],[-74.288324,-14.626028],[-74.287845,-14.626515],[-74.287657,-14.626639],[-74.287441,-14.626717],[-74.28724,-14.62682],[-74.287082,-14.626983],[-74.286962,-14.627176],[-74.286934,-14.627385],[-74.287136,-14.627473],[-74.287364,-14.627493],[-74.287568,-14.627573],[-74.287632,-14.627779],[-74.286616,-14.631019],[-74.286018,-14.633435],[-74.285951,-14.633651],[-74.285855,-14.633855],[-74.285717,-14.634034],[-74.285229,-14.634513],[-74.284934,-14.634858],[-74.284358,-14.635834],[-74.28426,-14.636039],[-74.284308,-14.636257],[-74.284482,-14.636675],[-74.285496,-14.639679],[-74.285537,-14.639901],[-74.285534,-14.640126],[-74.28542,-14.641251],[-74.285448,-14.641474],[-74.285568,-14.641658],[-74.285774,-14.64174],[-74.286225,-14.641661],[-74.287998,-14.641189],[-74.2895,-14.640629],[-74.291048,-14.640204],[-74.291258,-14.640122],[-74.291423,-14.639965],[-74.291475,-14.639746],[-74.291389,-14.639304],[-74.291376,-14.63908],[-74.291409,-14.638857],[-74.291802,-14.637559],[-74.292455,-14.63663],[-74.292555,-14.636428],[-74.292625,-14.635983],[-74.292689,-14.635767],[-74.292783,-14.635561],[-74.293363,-14.634586],[-74.293541,-14.63445],[-74.29376,-14.634382],[-74.295996,-14.633873],[-74.296222,-14.633884],[-74.296443,-14.633942],[-74.297726,-14.634437],[-74.297937,-14.634525],[-74.298135,-14.634639],[-74.299625,-14.636048],[-74.299921,-14.636394],[-74.300174,-14.636771],[-74.300645,-14.637547],[-74.3007,-14.637765],[-74.300648,-14.637982],[-74.29928,-14.640594],[-74.299193,-14.640803],[-74.299233,-14.641019],[-74.299386,-14.641178],[-74.300268,-14.641429],[-74.300496,-14.641429],[-74.300721,-14.641386],[-74.302267,-14.640954],[-74.302493,-14.640921],[-74.302715,-14.64097],[-74.303425,-14.641541],[-74.304016,-14.641888],[-74.304194,-14.642031],[-74.304478,-14.642385],[-74.304596,-14.642578],[-74.304757,-14.642997],[-74.304926,-14.643146],[-74.305369,-14.643264],[-74.305577,-14.643354],[-74.305727,-14.643519],[-74.306167,-14.644314],[-74.306402,-14.644947],[-74.306583,-14.645078],[-74.307621,-14.645561],[-74.308051,-14.64572],[-74.309632,-14.645998],[-74.309843,-14.646078],[-74.309957,-14.646269],[-74.310126,-14.647159],[-74.310195,-14.647374],[-74.310322,-14.647559],[-74.310839,-14.648005],[-74.310939,-14.648205],[-74.310944,-14.648427],[-74.310843,-14.648628],[-74.310464,-14.649192],[-74.31041,-14.649411],[-74.310459,-14.649629],[-74.310579,-14.649819],[-74.310759,-14.649956],[-74.312166,-14.650719],[-74.312511,-14.651016],[-74.312634,-14.651204],[-74.312713,-14.651414],[-74.31272,-14.651638],[-74.312647,-14.65254],[-74.312592,-14.652758],[-74.312485,-14.652955],[-74.311821,-14.653579],[-74.311694,-14.653767],[-74.309276,-14.657875],[-74.309178,-14.658078],[-74.309083,-14.658519],[-74.30894,-14.659868],[-74.30894,-14.660094],[-74.308979,-14.660315],[-74.309101,-14.660506],[-74.309271,-14.660656],[-74.309477,-14.660751],[-74.309703,-14.660789],[-74.31107,-14.660959],[-74.311528,-14.660987],[-74.312214,-14.660934],[-74.31381,-14.660743],[-74.314038,-14.660744],[-74.314261,-14.66079],[-74.314915,-14.661002],[-74.315139,-14.66105],[-74.317411,-14.661379],[-74.317639,-14.661385],[-74.317866,-14.661358],[-74.324789,-14.658936],[-74.328691,-14.657594],[-74.329129,-14.65746],[-74.329586,-14.657412],[-74.329815,-14.657408],[-74.339688,-14.657331],[-74.342443,-14.657331],[-74.359076,-14.655308],[-74.359993,-14.655263],[-74.361599,-14.655328],[-74.362736,-14.655484],[-74.363627,-14.655702],[-74.369352,-14.657369],[-74.380125,-14.660561],[-74.401269,-14.66669],[-74.403237,-14.66731],[-74.406537,-14.668281],[-74.408966,-14.668959],[-74.409651,-14.669026],[-74.40988,-14.66903],[-74.410564,-14.668954],[-74.41101,-14.668845],[-74.431763,-14.66301],[-74.431985,-14.66296],[-74.432215,-14.662961],[-74.441409,-14.664942],[-74.468064,-14.670849],[-74.468713,-14.671077],[-74.469122,-14.671281],[-74.491583,-14.684514],[-74.492011,-14.684672],[-74.492466,-14.684734],[-74.501151,-14.685553],[-74.501372,-14.685611],[-74.501565,-14.685727],[-74.501723,-14.68589],[-74.502887,-14.687289],[-74.503067,-14.687428],[-74.50421,-14.688185],[-74.504415,-14.688285],[-74.50486,-14.688394],[-74.506676,-14.688669],[-74.507122,-14.688771],[-74.510114,-14.689928],[-74.510322,-14.690025],[-74.511144,-14.690428],[-74.511536,-14.690662],[-74.511867,-14.690974],[-74.512969,-14.692127],[-74.513309,-14.69243],[-74.513495,-14.69256],[-74.513914,-14.692743],[-74.514585,-14.692895],[-74.514792,-14.692989],[-74.514954,-14.693148],[-74.5157,-14.694007],[-74.516029,-14.694321],[-74.516232,-14.694426],[-74.516452,-14.69449],[-74.517369,-14.694529],[-74.517588,-14.69458],[-74.517697,-14.694771],[-74.517856,-14.695661],[-74.518093,-14.696535],[-74.518188,-14.69674],[-74.518323,-14.696922],[-74.518486,-14.69708],[-74.519062,-14.69745],[-74.519276,-14.697531],[-74.520174,-14.697717],[-74.520364,-14.697838],[-74.520711,-14.698133],[-74.521324,-14.69844],[-74.521547,-14.698495],[-74.522228,-14.698594],[-74.52245,-14.69865],[-74.522653,-14.698756],[-74.523626,-14.699356],[-74.523839,-14.699437],[-74.524523,-14.699504],[-74.524981,-14.699518],[-74.525432,-14.699431],[-74.525659,-14.699417],[-74.525864,-14.699509],[-74.526664,-14.699953],[-74.526886,-14.700004],[-74.527115,-14.700016],[-74.527331,-14.700088],[-74.527526,-14.700207],[-74.527683,-14.700372],[-74.527928,-14.700753],[-74.528247,-14.701076],[-74.528434,-14.701205],[-74.528866,-14.701356],[-74.529057,-14.701479],[-74.529204,-14.701652],[-74.529539,-14.70196],[-74.529938,-14.702512],[-74.530227,-14.702863],[-74.530345,-14.703055],[-74.530397,-14.703502],[-74.530451,-14.70372],[-74.530617,-14.704142],[-74.530722,-14.704343],[-74.530988,-14.704712],[-74.531137,-14.704883],[-74.531302,-14.705039],[-74.531501,-14.705149],[-74.531726,-14.705185],[-74.531955,-14.705185],[-74.532182,-14.705157],[-74.532401,-14.705088],[-74.533008,-14.704772],[-74.533228,-14.70471],[-74.533457,-14.704715],[-74.533679,-14.704769],[-74.53448,-14.70521],[-74.534704,-14.705257],[-74.534932,-14.705278],[-74.535621,-14.705271],[-74.536077,-14.705215],[-74.536306,-14.705224],[-74.536532,-14.705261],[-74.537635,-14.705571],[-74.537805,-14.705719],[-74.537917,-14.705917],[-74.538009,-14.706123],[-74.538068,-14.706341],[-74.53811,-14.706563],[-74.538108,-14.706788],[-74.53801,-14.707228],[-74.538039,-14.707451],[-74.538162,-14.707639],[-74.538694,-14.708068],[-74.538829,-14.708249],[-74.538917,-14.708457],[-74.538956,-14.708679],[-74.538954,-14.709581],[-74.539039,-14.70979],[-74.539445,-14.710337],[-74.539554,-14.710536],[-74.539683,-14.710968],[-74.539746,-14.711415],[-74.539814,-14.711631],[-74.539916,-14.711832],[-74.540059,-14.712009],[-74.540436,-14.712263],[-74.540871,-14.712405],[-74.54223,-14.71263],[-74.542688,-14.712642],[-74.543146,-14.712613],[-74.543373,-14.712639],[-74.54357,-14.712751],[-74.544303,-14.713296],[-74.544482,-14.713438],[-74.54464,-14.713601],[-74.544786,-14.713775],[-74.544906,-14.713968],[-74.54501,-14.714169],[-74.54527,-14.714796],[-74.545396,-14.714982],[-74.545967,-14.715362],[-74.546146,-14.715502],[-74.546303,-14.715665],[-74.546697,-14.71622],[-74.547172,-14.716711],[-74.547705,-14.717446],[-74.548027,-14.717768],[-74.548395,-14.718038],[-74.548606,-14.718128],[-74.548831,-14.718163],[-74.549518,-14.71819],[-74.549742,-14.718237],[-74.54996,-14.718306],[-74.550808,-14.718652],[-74.551194,-14.718895],[-74.551516,-14.719217],[-74.551816,-14.719558],[-74.551946,-14.719745],[-74.55205,-14.719946],[-74.553317,-14.722607],[-74.553366,-14.722827],[-74.553274,-14.723498],[-74.553282,-14.723721],[-74.553467,-14.724374],[-74.553577,-14.724571],[-74.553711,-14.724754],[-74.554586,-14.725801],[-74.554694,-14.726001],[-74.554802,-14.726438],[-74.554831,-14.727115],[-74.554901,-14.727562],[-74.555207,-14.728415],[-74.555424,-14.728811],[-74.555508,-14.729021],[-74.555617,-14.729916],[-74.555696,-14.730128],[-74.555805,-14.730327],[-74.556079,-14.730689],[-74.556427,-14.730983],[-74.557164,-14.731522],[-74.557652,-14.732],[-74.557774,-14.732188],[-74.557934,-14.732612],[-74.558061,-14.732797],[-74.558254,-14.732913],[-74.559554,-14.733361],[-74.559938,-14.733607],[-74.560473,-14.734034],[-74.560874,-14.734251],[-74.561097,-14.734304],[-74.562464,-14.734469],[-74.562694,-14.734479],[-74.562921,-14.734456],[-74.563581,-14.734265],[-74.563807,-14.73423],[-74.564034,-14.73425],[-74.56425,-14.734321],[-74.564631,-14.734572],[-74.566996,-14.736366],[-74.567187,-14.73649],[-74.56739,-14.736593],[-74.567609,-14.736659],[-74.567836,-14.736687],[-74.568978,-14.73658],[-74.569199,-14.736636],[-74.57015,-14.737269],[-74.570357,-14.737365],[-74.570809,-14.73743],[-74.571002,-14.737544],[-74.571626,-14.738207],[-74.57184,-14.73826],[-74.572029,-14.738136],[-74.57287,-14.737365],[-74.573226,-14.737082],[-74.57343,-14.736978],[-74.574079,-14.736752],[-74.574522,-14.736636],[-74.575659,-14.736483],[-74.576117,-14.736505],[-74.576562,-14.736612],[-74.57677,-14.736705],[-74.576941,-14.736854],[-74.577728,-14.737677],[-74.578059,-14.737991],[-74.579287,-14.739012],[-74.579471,-14.739146],[-74.579676,-14.739249],[-74.580551,-14.739519],[-74.580975,-14.739691],[-74.581171,-14.739809],[-74.581707,-14.740235],[-74.582082,-14.740495],[-74.582933,-14.740827],[-74.583121,-14.740954],[-74.583266,-14.741129],[-74.584265,-14.742646],[-74.584422,-14.742812],[-74.584605,-14.742947],[-74.585858,-14.743509],[-74.586261,-14.743724],[-74.58635,-14.743923],[-74.586262,-14.744124],[-74.586049,-14.744187],[-74.585835,-14.744113],[-74.585465,-14.743845],[-74.585061,-14.743631],[-74.584632,-14.743472],[-74.584408,-14.743421],[-74.583951,-14.743435],[-74.583502,-14.743525],[-74.583284,-14.743592],[-74.583102,-14.743728],[-74.583017,-14.743933],[-74.583041,-14.744154],[-74.583169,-14.74434],[-74.583485,-14.744669],[-74.583643,-14.744832],[-74.583826,-14.744969],[-74.584024,-14.745081],[-74.584465,-14.745204],[-74.58538,-14.745269],[-74.585823,-14.745387],[-74.586036,-14.745469],[-74.586428,-14.745703],[-74.587912,-14.746769],[-74.588295,-14.747018],[-74.590688,-14.748362],[-74.591347,-14.748554],[-74.591561,-14.748636],[-74.595877,-14.750751],[-74.597576,-14.751437],[-74.598798,-14.752063],[-74.599585,-14.752525],[-74.600912,-14.752883],[-74.601122,-14.752974],[-74.602136,-14.753505],[-74.602332,-14.753621],[-74.602503,-14.75377],[-74.6028,-14.754381],[-74.603037,-14.754766],[-74.603215,-14.754908],[-74.60624,-14.756961],[-74.60642,-14.7571],[-74.608701,-14.759329],[-74.608906,-14.75943],[-74.609128,-14.759479],[-74.609586,-14.759509],[-74.609816,-14.759501],[-74.610044,-14.759477],[-74.610925,-14.759224],[-74.611151,-14.75919],[-74.61138,-14.759193],[-74.61183,-14.759278],[-74.612701,-14.75956],[-74.613601,-14.759737],[-74.61381,-14.759829],[-74.613997,-14.759959],[-74.614335,-14.760264],[-74.614473,-14.760444],[-74.614585,-14.760641],[-74.615184,-14.762109],[-74.615396,-14.762509],[-74.615531,-14.762691],[-74.615872,-14.762994],[-74.616982,-14.763797],[-74.618033,-14.764673],[-74.618197,-14.764831],[-74.618338,-14.765008],[-74.618454,-14.765203],[-74.618853,-14.766262],[-74.619135,-14.76688],[-74.619385,-14.767259],[-74.619674,-14.76761],[-74.620753,-14.768783],[-74.621246,-14.769256],[-74.622783,-14.770617],[-74.62371,-14.771282],[-74.624249,-14.771703],[-74.626088,-14.773408],[-74.62637,-14.773764],[-74.627677,-14.775622],[-74.62782,-14.7758],[-74.628148,-14.776116],[-74.629187,-14.777007],[-74.629383,-14.777124],[-74.629597,-14.777205],[-74.62982,-14.777256],[-74.630498,-14.777376],[-74.630709,-14.777462],[-74.630901,-14.777585],[-74.631069,-14.777738],[-74.631961,-14.778771],[-74.632142,-14.778907],[-74.632363,-14.778966],[-74.632592,-14.778974],[-74.632804,-14.778902],[-74.633049,-14.778524],[-74.633253,-14.778423],[-74.633479,-14.778409],[-74.633694,-14.778479],[-74.633893,-14.778593],[-74.634881,-14.779167],[-74.635049,-14.779319],[-74.635141,-14.779523],[-74.635131,-14.779741],[-74.634983,-14.779895],[-74.634762,-14.779899],[-74.634215,-14.779493],[-74.633992,-14.779497],[-74.633876,-14.779677],[-74.633914,-14.779895],[-74.634267,-14.780477],[-74.634434,-14.780631],[-74.635052,-14.780929],[-74.635239,-14.78106],[-74.636386,-14.782169],[-74.636535,-14.78234],[-74.636731,-14.782748],[-74.636856,-14.782936],[-74.637178,-14.783258],[-74.637319,-14.783435],[-74.637634,-14.784037],[-74.638555,-14.785334],[-74.638761,-14.785737],[-74.639181,-14.786788],[-74.639403,-14.787182],[-74.639567,-14.787333],[-74.639736,-14.787222],[-74.639681,-14.787013],[-74.639375,-14.786676],[-74.639255,-14.786484],[-74.639174,-14.786273],[-74.638854,-14.785188],[-74.638593,-14.78456],[-74.638551,-14.78434],[-74.6387,-14.784194],[-74.63888,-14.784295],[-74.639488,-14.78576],[-74.639594,-14.785961],[-74.639846,-14.786338],[-74.640133,-14.78669],[-74.640356,-14.787085],[-74.640605,-14.787465],[-74.64075,-14.78764],[-74.64124,-14.788117],[-74.641778,-14.78854],[-74.643735,-14.789721],[-74.644135,-14.789943],[-74.646009,-14.790799],[-74.646456,-14.790898],[-74.64783,-14.790982],[-74.649643,-14.791272],[-74.650078,-14.791416],[-74.650705,-14.791695],[-74.650904,-14.791808],[-74.65147,-14.792193],[-74.651647,-14.792337],[-74.651803,-14.792501],[-74.651906,-14.792702],[-74.652402,-14.793968],[-74.652444,-14.794189],[-74.652429,-14.794413],[-74.652326,-14.794614],[-74.652148,-14.794755],[-74.651932,-14.79483],[-74.651703,-14.794832],[-74.651246,-14.794793],[-74.651025,-14.794844],[-74.65091,-14.795028],[-74.650715,-14.795678],[-74.65068,-14.7959],[-74.650696,-14.796125],[-74.650766,-14.796339],[-74.650891,-14.796528],[-74.651039,-14.796701],[-74.652792,-14.798491],[-74.652976,-14.798625],[-74.653834,-14.798943],[-74.654032,-14.799055],[-74.654213,-14.799194],[-74.654685,-14.799686],[-74.654872,-14.799818],[-74.655079,-14.799913],[-74.656164,-14.80028],[-74.656365,-14.800387],[-74.656534,-14.80054],[-74.656667,-14.800723],[-74.656775,-14.800923],[-74.656924,-14.80135],[-74.65694,-14.801801],[-74.656917,-14.802251],[-74.657016,-14.802446],[-74.657234,-14.802494],[-74.657464,-14.802499],[-74.657685,-14.802549],[-74.657874,-14.802676],[-74.658224,-14.80297],[-74.658421,-14.803081],[-74.658873,-14.803142],[-74.659092,-14.803208],[-74.65929,-14.80332],[-74.659449,-14.80348],[-74.659555,-14.803679],[-74.659561,-14.803901],[-74.65914,-14.80495],[-74.659157,-14.80517],[-74.659327,-14.805311],[-74.660149,-14.805712],[-74.660334,-14.805845],[-74.660492,-14.80601],[-74.660625,-14.806193],[-74.661257,-14.807136],[-74.661531,-14.807499],[-74.661705,-14.807646],[-74.662856,-14.80839],[-74.66461,-14.809848],[-74.665009,-14.810071],[-74.666889,-14.810915],[-74.667068,-14.811054],[-74.667176,-14.81125],[-74.66721,-14.811471],[-74.667119,-14.811911],[-74.666863,-14.812285],[-74.666789,-14.812496],[-74.666796,-14.812948],[-74.666768,-14.81317],[-74.666633,-14.813348],[-74.666431,-14.813446],[-74.666205,-14.813445],[-74.666024,-14.813311],[-74.665339,-14.812709],[-74.665032,-14.812374],[-74.664689,-14.811787],[-74.664521,-14.81164],[-74.664299,-14.811651],[-74.664183,-14.811838],[-74.664125,-14.812057],[-74.66409,-14.812279],[-74.66412,-14.812501],[-74.664222,-14.812702],[-74.664882,-14.813329],[-74.664953,-14.813536],[-74.664911,-14.813757],[-74.664746,-14.814179],[-74.66472,-14.814402],[-74.664802,-14.814611],[-74.665423,-14.815276],[-74.665547,-14.815462],[-74.665719,-14.815879],[-74.665873,-14.816044],[-74.666081,-14.816135],[-74.666308,-14.816159],[-74.666992,-14.816079],[-74.66745,-14.81606],[-74.667672,-14.81612],[-74.668739,-14.816536],[-74.668964,-14.81658],[-74.669188,-14.816545],[-74.669391,-14.816444],[-74.669979,-14.816092],[-74.670203,-14.816049],[-74.670423,-14.816095],[-74.670622,-14.816204],[-74.671642,-14.817115],[-74.671803,-14.817276],[-74.671941,-14.817456],[-74.67203,-14.817663],[-74.672086,-14.818112],[-74.672087,-14.818337],[-74.67195,-14.81923],[-74.671991,-14.81945],[-74.672133,-14.819624],[-74.672344,-14.819701],[-74.672572,-14.81968],[-74.673006,-14.819535],[-74.673644,-14.81928],[-74.673866,-14.819226],[-74.674094,-14.819232],[-74.675231,-14.819387],[-74.675443,-14.819467],[-74.67562,-14.819607],[-74.676061,-14.820128],[-74.676257,-14.820536],[-74.676376,-14.820728],[-74.676528,-14.820894],[-74.67671,-14.821032],[-74.676918,-14.821126],[-74.677143,-14.821171],[-74.677372,-14.82117],[-74.678034,-14.820995],[-74.678246,-14.82107],[-74.680153,-14.822327],[-74.680366,-14.822412],[-74.680583,-14.822482],[-74.681271,-14.82246],[-74.681496,-14.822495],[-74.681909,-14.822692],[-74.682342,-14.822833],[-74.682571,-14.82285],[-74.683489,-14.82283],[-74.683711,-14.822887],[-74.684066,-14.823171],[-74.684225,-14.823334],[-74.684354,-14.823521],[-74.684862,-14.824781],[-74.684988,-14.824968],[-74.685174,-14.825098],[-74.685393,-14.82516],[-74.685845,-14.825229],[-74.686058,-14.825313],[-74.686245,-14.825443],[-74.687257,-14.826364],[-74.687437,-14.826503],[-74.687641,-14.826606],[-74.687857,-14.826678],[-74.688305,-14.826779],[-74.688522,-14.826851],[-74.688712,-14.82697],[-74.688834,-14.827155],[-74.688844,-14.827376],[-74.688745,-14.827574],[-74.688568,-14.827712],[-74.687548,-14.82823],[-74.687335,-14.828313],[-74.686887,-14.828409],[-74.686431,-14.828455],[-74.685285,-14.828401],[-74.685058,-14.828372],[-74.684414,-14.828131],[-74.684185,-14.828127],[-74.683962,-14.828177],[-74.683536,-14.828344],[-74.68338,-14.828493],[-74.683514,-14.828643],[-74.683731,-14.828589],[-74.683941,-14.828499],[-74.684165,-14.82847],[-74.68439,-14.828504],[-74.684598,-14.828596],[-74.685106,-14.829046],[-74.685328,-14.829091],[-74.686017,-14.829099],[-74.686918,-14.829266],[-74.687147,-14.829284],[-74.688982,-14.829241],[-74.689667,-14.82931],[-74.689897,-14.829304],[-74.690124,-14.829278],[-74.690345,-14.829218],[-74.690982,-14.828962],[-74.691201,-14.828898],[-74.691659,-14.828861],[-74.692118,-14.82886],[-74.69257,-14.828935],[-74.69279,-14.828999],[-74.693,-14.82909],[-74.694978,-14.830237],[-74.695196,-14.830305],[-74.695423,-14.830329],[-74.695647,-14.830286],[-74.695844,-14.830174],[-74.696011,-14.830019],[-74.696152,-14.829842],[-74.69638,-14.829207],[-74.696566,-14.8291],[-74.696788,-14.829154],[-74.698528,-14.829733],[-74.698975,-14.829836],[-74.699431,-14.829877],[-74.700807,-14.829812],[-74.701036,-14.82983],[-74.701253,-14.829902],[-74.701453,-14.830012],[-74.702489,-14.830907],[-74.702861,-14.831171],[-74.703067,-14.831269],[-74.703515,-14.831362],[-74.705114,-14.83152],[-74.705339,-14.831562],[-74.705532,-14.831678],[-74.705665,-14.831859],[-74.705771,-14.832299],[-74.705838,-14.832746],[-74.705924,-14.832955],[-74.706192,-14.83332],[-74.706377,-14.833453],[-74.706588,-14.833542],[-74.708158,-14.83388],[-74.709003,-14.834233],[-74.710817,-14.834517],[-74.711033,-14.834589],[-74.711204,-14.834735],[-74.711496,-14.835348],[-74.711611,-14.835543],[-74.711763,-14.835712],[-74.71291,-14.836821],[-74.713111,-14.836922],[-74.713339,-14.836941],[-74.713792,-14.836869],[-74.714224,-14.836719],[-74.714424,-14.836609],[-74.71475,-14.836292],[-74.714929,-14.836151],[-74.71515,-14.836101],[-74.715831,-14.836204],[-74.716278,-14.836304],[-74.716494,-14.836379],[-74.7171,-14.836702],[-74.71731,-14.836792],[-74.717529,-14.836853],[-74.719365,-14.836889],[-74.719822,-14.836928],[-74.721571,-14.837478],[-74.722621,-14.837934],[-74.723264,-14.838174],[-74.72387,-14.838496],[-74.724633,-14.838999],[-74.72474,-14.839189],[-74.724637,-14.839627],[-74.724658,-14.839844],[-74.724834,-14.839973],[-74.725522,-14.839954],[-74.725981,-14.83997],[-74.727806,-14.84017],[-74.728469,-14.840348],[-74.729692,-14.84097],[-74.729914,-14.84102],[-74.730133,-14.840969],[-74.730284,-14.840802],[-74.730339,-14.840586],[-74.730283,-14.840369],[-74.730061,-14.839974],[-74.729925,-14.839794],[-74.729748,-14.839651],[-74.729707,-14.839456],[-74.729918,-14.839441],[-74.730098,-14.839581],[-74.730387,-14.839931],[-74.730761,-14.840499],[-74.730765,-14.840722],[-74.730669,-14.840925],[-74.730225,-14.84144],[-74.730158,-14.841654],[-74.730107,-14.84233],[-74.730069,-14.842553],[-74.73006,-14.842779],[-74.730082,-14.843004],[-74.73036,-14.8441],[-74.730407,-14.84432],[-74.73045,-14.844769],[-74.730515,-14.844985],[-74.730637,-14.845176],[-74.73114,-14.845637],[-74.73144,-14.845979],[-74.732137,-14.846568],[-74.732445,-14.8469],[-74.732548,-14.847101],[-74.732602,-14.847319],[-74.73262,-14.847543],[-74.732764,-14.84769],[-74.73293,-14.847571],[-74.73286,-14.847359],[-74.732666,-14.84695],[-74.732397,-14.846584],[-74.73178,-14.845915],[-74.73165,-14.845729],[-74.731418,-14.845339],[-74.731129,-14.844725],[-74.731016,-14.844288],[-74.73091,-14.843162],[-74.730921,-14.842937],[-74.731102,-14.84205],[-74.731176,-14.841838],[-74.731714,-14.841423],[-74.732828,-14.840283],[-74.73311,-14.839928],[-74.73325,-14.839502],[-74.733455,-14.839424],[-74.733649,-14.839529],[-74.73371,-14.839735],[-74.733607,-14.839931],[-74.733431,-14.840076],[-74.733281,-14.840247],[-74.733161,-14.840437],[-74.732694,-14.84147],[-74.732533,-14.841629],[-74.732127,-14.841841],[-74.731968,-14.842],[-74.731881,-14.842208],[-74.731839,-14.84243],[-74.731838,-14.842655],[-74.73188,-14.842877],[-74.732002,-14.843313],[-74.732084,-14.843524],[-74.7322,-14.843718],[-74.732489,-14.844067],[-74.732691,-14.844168],[-74.732908,-14.844137],[-74.73317,-14.843771],[-74.733333,-14.843615],[-74.733554,-14.843575],[-74.733775,-14.843627],[-74.733965,-14.843749],[-74.734135,-14.844166],[-74.734286,-14.844334],[-74.73481,-14.844775],[-74.735004,-14.844892],[-74.735224,-14.844942],[-74.735675,-14.844871],[-74.735898,-14.844917],[-74.736105,-14.845014],[-74.736255,-14.845183],[-74.736358,-14.845385],[-74.736432,-14.845599],[-74.7366,-14.846256],[-74.736798,-14.846663],[-74.736932,-14.846846],[-74.737076,-14.847022],[-74.737596,-14.847466],[-74.73809,-14.847938],[-74.738291,-14.848046],[-74.738715,-14.848218],[-74.738906,-14.848342],[-74.73907,-14.8485],[-74.739204,-14.848681],[-74.73924,-14.848902],[-74.739122,-14.849568],[-74.738968,-14.849724],[-74.738743,-14.849741],[-74.73783,-14.849641],[-74.736914,-14.849708],[-74.736685,-14.849697],[-74.736247,-14.849567],[-74.736096,-14.849402],[-74.736013,-14.849191],[-74.735861,-14.849033],[-74.735643,-14.848967],[-74.734958,-14.848894],[-74.734758,-14.848982],[-74.734507,-14.849359],[-74.734194,-14.849685],[-74.73417,-14.849908],[-74.734191,-14.85013],[-74.734093,-14.850328],[-74.733882,-14.850388],[-74.733657,-14.8504],[-74.733587,-14.850591],[-74.733725,-14.850761],[-74.733943,-14.850744],[-74.734256,-14.850416],[-74.734383,-14.850229],[-74.734475,-14.849792],[-74.734759,-14.849438],[-74.734924,-14.849284],[-74.735144,-14.849243],[-74.735367,-14.849296],[-74.735576,-14.849384],[-74.735657,-14.849578],[-74.73564,-14.849803],[-74.735759,-14.849992],[-74.73615,-14.850218],[-74.736295,-14.850392],[-74.736476,-14.850518],[-74.736681,-14.850614],[-74.736969,-14.850963],[-74.737059,-14.851165],[-74.736972,-14.851367],[-74.73679,-14.851505],[-74.736648,-14.851678],[-74.736696,-14.85189],[-74.736893,-14.851994],[-74.737526,-14.85226],[-74.737723,-14.852373],[-74.73805,-14.852691],[-74.738231,-14.852829],[-74.738645,-14.853008],[-74.738917,-14.853365],[-74.739545,-14.853639],[-74.739761,-14.853599],[-74.73994,-14.853457],[-74.740149,-14.853376],[-74.740378,-14.85337],[-74.740597,-14.853333],[-74.741148,-14.852934],[-74.741375,-14.852938],[-74.741601,-14.852977],[-74.742055,-14.85292],[-74.742281,-14.852937],[-74.742711,-14.853088],[-74.742935,-14.853046],[-74.743595,-14.852854],[-74.744049,-14.852787],[-74.74425,-14.852682],[-74.74461,-14.852404],[-74.744824,-14.852323],[-74.745051,-14.85229],[-74.745738,-14.852315],[-74.745966,-14.852347],[-74.747532,-14.852698],[-74.748448,-14.852696],[-74.748653,-14.852785],[-74.748912,-14.853411],[-74.749624,-14.854297],[-74.74978,-14.854462],[-74.749965,-14.854593],[-74.750399,-14.85473],[-74.750488,-14.854925],[-74.750378,-14.855118],[-74.750189,-14.855247],[-74.750025,-14.855405],[-74.749929,-14.855606],[-74.749863,-14.855821],[-74.74969,-14.855946],[-74.749464,-14.85597],[-74.749236,-14.855961],[-74.749011,-14.855914],[-74.748795,-14.855839],[-74.747965,-14.855452],[-74.747746,-14.855385],[-74.747532,-14.855447],[-74.747415,-14.855632],[-74.747418,-14.855855],[-74.747537,-14.856037],[-74.747746,-14.856113],[-74.747959,-14.85605],[-74.748167,-14.855958],[-74.748394,-14.855971],[-74.748604,-14.856063],[-74.748794,-14.856188],[-74.749114,-14.856511],[-74.749309,-14.85662],[-74.749767,-14.85662],[-74.749964,-14.856729],[-74.750134,-14.856882],[-74.750276,-14.857056],[-74.75033,-14.857273],[-74.750307,-14.857496],[-74.750133,-14.858384],[-74.749704,-14.859183],[-74.749655,-14.859401],[-74.749765,-14.859592],[-74.750113,-14.859884],[-74.750197,-14.860089],[-74.750183,-14.86031],[-74.75011,-14.860525],[-74.750153,-14.860742],[-74.750351,-14.860832],[-74.7508,-14.860927],[-74.75102,-14.86091],[-74.751187,-14.860764],[-74.75128,-14.860557],[-74.751305,-14.860339],[-74.75123,-14.860125],[-74.751208,-14.859904],[-74.751422,-14.85926],[-74.751492,-14.858814],[-74.751554,-14.858598],[-74.751707,-14.858439],[-74.751932,-14.858411],[-74.752152,-14.858472],[-74.752341,-14.858599],[-74.752849,-14.859056],[-74.753212,-14.859331],[-74.753423,-14.859419],[-74.753872,-14.859503],[-74.754309,-14.859641],[-74.754533,-14.859676],[-74.754761,-14.859658],[-74.754984,-14.859606],[-74.757161,-14.85889],[-74.757377,-14.858934],[-74.75748,-14.859131],[-74.75814,-14.860819],[-74.758238,-14.861023],[-74.758373,-14.861205],[-74.758555,-14.86134],[-74.758982,-14.8615],[-74.759441,-14.861509],[-74.759667,-14.861546],[-74.759881,-14.861623],[-74.760846,-14.862236],[-74.761256,-14.862434],[-74.761712,-14.862473],[-74.761931,-14.862416],[-74.762331,-14.862196],[-74.762552,-14.862159],[-74.762748,-14.862268],[-74.76307,-14.86259],[-74.763212,-14.862765],[-74.76326,-14.86298],[-74.763211,-14.863199],[-74.762929,-14.863817],[-74.762865,-14.864033],[-74.76294,-14.864237],[-74.763129,-14.864363],[-74.763347,-14.864432],[-74.765176,-14.864588],[-74.765399,-14.864547],[-74.765781,-14.864297],[-74.766223,-14.864177],[-74.766677,-14.864115],[-74.767134,-14.864141],[-74.767806,-14.864289],[-74.768021,-14.864367],[-74.768189,-14.864517],[-74.769729,-14.866488],[-74.770036,-14.866824],[-74.770416,-14.867077],[-74.771013,-14.867416],[-74.771234,-14.867473],[-74.771462,-14.867466],[-74.771914,-14.867388],[-74.772121,-14.867445],[-74.772131,-14.867649],[-74.771968,-14.867799],[-74.771543,-14.867961],[-74.771155,-14.868202],[-74.770946,-14.868295],[-74.770843,-14.868482],[-74.770909,-14.868695],[-74.771029,-14.868888],[-74.771173,-14.869064],[-74.771361,-14.869191],[-74.772016,-14.869401],[-74.772226,-14.869489],[-74.772418,-14.869611],[-74.772753,-14.869919],[-74.773321,-14.870628],[-74.773505,-14.870761],[-74.773714,-14.870856],[-74.774105,-14.871092],[-74.774314,-14.871174],[-74.775,-14.871137],[-74.775229,-14.871142],[-74.775684,-14.871196],[-74.775908,-14.871151],[-74.776121,-14.87107],[-74.776491,-14.870804],[-74.777091,-14.870476],[-74.777412,-14.870154],[-74.778053,-14.869909],[-74.778256,-14.869804],[-74.778807,-14.869398],[-74.779006,-14.869289],[-74.77922,-14.869287],[-74.779458,-14.869669],[-74.77953,-14.869877],[-74.779378,-14.870297],[-74.779457,-14.870493],[-74.779658,-14.8706],[-74.779752,-14.870787],[-74.77949,-14.871151],[-74.779149,-14.871741],[-74.779058,-14.871948],[-74.779066,-14.872171],[-74.779141,-14.872382],[-74.779337,-14.87247],[-74.779496,-14.872316],[-74.779722,-14.871923],[-74.779899,-14.871793],[-74.780125,-14.87183],[-74.780335,-14.871765],[-74.781387,-14.870284],[-74.78159,-14.870196],[-74.781808,-14.870257],[-74.7819,-14.870449],[-74.781864,-14.870672],[-74.781895,-14.87089],[-74.782093,-14.870966],[-74.782303,-14.870877],[-74.782461,-14.870716],[-74.782732,-14.870351],[-74.782884,-14.870183],[-74.783059,-14.870038],[-74.783181,-14.869849],[-74.783282,-14.869646],[-74.78331,-14.869431],[-74.783239,-14.869216],[-74.783314,-14.869031],[-74.783528,-14.868955],[-74.783728,-14.868852],[-74.783722,-14.868644],[-74.783518,-14.868552],[-74.783297,-14.868491],[-74.783139,-14.868337],[-74.782893,-14.867704],[-74.78285,-14.867483],[-74.782863,-14.867257],[-74.782902,-14.867036],[-74.783041,-14.866859],[-74.783358,-14.866533],[-74.783388,-14.866315],[-74.783341,-14.866094],[-74.783449,-14.865897],[-74.783596,-14.865725],[-74.783804,-14.865079],[-74.783905,-14.864877],[-74.784061,-14.864717],[-74.784287,-14.864694],[-74.784506,-14.86464],[-74.784717,-14.86455],[-74.785167,-14.864473],[-74.78535,-14.864343],[-74.785466,-14.864148],[-74.785612,-14.863983],[-74.786027,-14.863792],[-74.786218,-14.863669],[-74.786409,-14.863754],[-74.786552,-14.864182],[-74.786681,-14.864356],[-74.786858,-14.864253],[-74.787137,-14.863896],[-74.787219,-14.863454],[-74.7874,-14.86304],[-74.787572,-14.8629],[-74.788012,-14.862963],[-74.788133,-14.862789],[-74.788135,-14.862565],[-74.78805,-14.862123],[-74.788098,-14.861904],[-74.788179,-14.861694],[-74.788337,-14.861533],[-74.788546,-14.86145],[-74.789001,-14.86139],[-74.789162,-14.86126],[-74.789277,-14.860823],[-74.789374,-14.860619],[-74.78951,-14.86044],[-74.789722,-14.86038],[-74.790171,-14.86047],[-74.790376,-14.860568],[-74.790736,-14.860848],[-74.790862,-14.861034],[-74.791066,-14.861438],[-74.791207,-14.861616],[-74.791285,-14.861828],[-74.79134,-14.862276],[-74.791192,-14.86269],[-74.791363,-14.862818],[-74.791586,-14.862776],[-74.791804,-14.862705],[-74.791998,-14.862589],[-74.792135,-14.862408],[-74.792428,-14.861795],[-74.792592,-14.861372],[-74.792637,-14.861152],[-74.79264,-14.860926],[-74.792689,-14.860706],[-74.792791,-14.860505],[-74.793084,-14.860159],[-74.793144,-14.859942],[-74.793142,-14.859265],[-74.793187,-14.859046],[-74.793319,-14.858863],[-74.793385,-14.858648],[-74.7934,-14.858423],[-74.793361,-14.8582],[-74.793361,-14.857978],[-74.793652,-14.857364],[-74.793832,-14.85671],[-74.794152,-14.85611],[-74.794432,-14.855491],[-74.794324,-14.855323],[-74.79414,-14.855412],[-74.79417,-14.855636],[-74.794101,-14.85585],[-74.794002,-14.856054],[-74.793882,-14.856245],[-74.793319,-14.856959],[-74.792788,-14.857697],[-74.79231,-14.858469],[-74.79191,-14.859021],[-74.791735,-14.859155],[-74.791552,-14.859052],[-74.791623,-14.858843],[-74.791757,-14.85866],[-74.791976,-14.858263],[-74.792269,-14.857172],[-74.79255,-14.856552],[-74.792662,-14.856357],[-74.792834,-14.856211],[-74.793046,-14.856125],[-74.793217,-14.85598],[-74.79326,-14.855762],[-74.793183,-14.85555],[-74.792971,-14.855149],[-74.792911,-14.854935],[-74.793038,-14.854501],[-74.793132,-14.854297],[-74.793287,-14.854129],[-74.793391,-14.853937],[-74.793399,-14.853711],[-74.793446,-14.853491],[-74.79357,-14.853301],[-74.793753,-14.853189],[-74.793959,-14.853261],[-74.794134,-14.853407],[-74.794419,-14.853761],[-74.794615,-14.853871],[-74.795288,-14.854014],[-74.795514,-14.853993],[-74.795714,-14.853885],[-74.795845,-14.853708],[-74.795848,-14.853484],[-74.795771,-14.852356],[-74.795803,-14.852134],[-74.796072,-14.851768],[-74.796301,-14.851377],[-74.79644,-14.851199],[-74.796791,-14.850908],[-74.796841,-14.850697],[-74.796652,-14.850631],[-74.796503,-14.850799],[-74.796387,-14.850994],[-74.795953,-14.85152],[-74.795796,-14.851684],[-74.795447,-14.851972],[-74.795329,-14.852406],[-74.795143,-14.852469],[-74.79504,-14.852289],[-74.795133,-14.852083],[-74.796004,-14.850756],[-74.796181,-14.850339],[-74.796481,-14.849999],[-74.796702,-14.849985],[-74.796905,-14.850089],[-74.797082,-14.850233],[-74.797222,-14.850408],[-74.797326,-14.850608],[-74.797447,-14.851044],[-74.797545,-14.851247],[-74.797871,-14.851563],[-74.798056,-14.851695],[-74.798268,-14.851748],[-74.79839,-14.851571],[-74.798371,-14.851346],[-74.798249,-14.850679],[-74.798187,-14.850462],[-74.797716,-14.849432],[-74.79768,-14.84921],[-74.797811,-14.848547],[-74.797816,-14.848321],[-74.79773,-14.847877],[-74.797758,-14.847653],[-74.798351,-14.846429],[-74.798458,-14.84623],[-74.79876,-14.845895],[-74.798638,-14.845762],[-74.798436,-14.845857],[-74.797751,-14.846458],[-74.79756,-14.846576],[-74.797351,-14.846512],[-74.797311,-14.846302],[-74.797463,-14.846134],[-74.799435,-14.84424],[-74.800435,-14.843307],[-74.801183,-14.84245],[-74.801516,-14.84214],[-74.801666,-14.84197],[-74.801893,-14.841577],[-74.802211,-14.841251],[-74.802381,-14.841101],[-74.802794,-14.840907],[-74.802985,-14.840783],[-74.803331,-14.840486],[-74.803694,-14.84021],[-74.803839,-14.840036],[-74.804203,-14.839463],[-74.804526,-14.839145],[-74.804641,-14.838949],[-74.804807,-14.838529],[-74.804954,-14.837869],[-74.805115,-14.837714],[-74.805702,-14.837368],[-74.805907,-14.837439],[-74.806186,-14.837796],[-74.806392,-14.837892],[-74.806619,-14.837882],[-74.806816,-14.837771],[-74.806949,-14.837589],[-74.807156,-14.837185],[-74.807272,-14.836749],[-74.807298,-14.836298],[-74.807371,-14.836092],[-74.807584,-14.83603],[-74.807811,-14.836062],[-74.808703,-14.836279],[-74.80893,-14.836294],[-74.80984,-14.83617],[-74.810055,-14.836096],[-74.810456,-14.835877],[-74.811607,-14.835131],[-74.811792,-14.834998],[-74.811958,-14.834843],[-74.812083,-14.834654],[-74.812176,-14.834448],[-74.812564,-14.833385],[-74.812808,-14.833002],[-74.813347,-14.83227],[-74.813496,-14.8321],[-74.814323,-14.831315],[-74.814634,-14.830982],[-74.81476,-14.830796],[-74.814969,-14.830393],[-74.81545,-14.829911],[-74.815576,-14.829723],[-74.815723,-14.829295],[-74.815857,-14.829117],[-74.816069,-14.829031],[-74.816263,-14.828916],[-74.816644,-14.828352],[-74.816787,-14.828176],[-74.817167,-14.827925],[-74.81727,-14.827736],[-74.817105,-14.827614],[-74.816884,-14.827671],[-74.816471,-14.827866],[-74.816285,-14.827998],[-74.816135,-14.828165],[-74.815951,-14.828579],[-74.815822,-14.828764],[-74.815646,-14.828908],[-74.815436,-14.828995],[-74.815221,-14.828955],[-74.815065,-14.828792],[-74.814945,-14.8286],[-74.814886,-14.828382],[-74.814914,-14.82816],[-74.815047,-14.827982],[-74.815476,-14.827839],[-74.815625,-14.827676],[-74.815907,-14.826818],[-74.816041,-14.826635],[-74.817019,-14.825681],[-74.817215,-14.825563],[-74.818093,-14.825299],[-74.81851,-14.825114],[-74.819853,-14.824244],[-74.820014,-14.824084],[-74.820101,-14.823877],[-74.820219,-14.82344],[-74.820303,-14.82323],[-74.820437,-14.82305],[-74.820632,-14.822935],[-74.822329,-14.822244],[-74.822534,-14.822143],[-74.823938,-14.820977],[-74.824677,-14.82044],[-74.825452,-14.819957],[-74.825676,-14.81996],[-74.826111,-14.820107],[-74.826333,-14.820124],[-74.826499,-14.819976],[-74.826818,-14.819375],[-74.826977,-14.819213],[-74.827164,-14.819083],[-74.828547,-14.818277],[-74.828753,-14.81818],[-74.828974,-14.818119],[-74.829431,-14.818076],[-74.82966,-14.818081],[-74.830343,-14.81816],[-74.830561,-14.818225],[-74.831182,-14.81851],[-74.831409,-14.818536],[-74.831638,-14.818522],[-74.831866,-14.818547],[-74.833193,-14.81891],[-74.834537,-14.81921],[-74.837178,-14.81998],[-74.837631,-14.82005],[-74.838774,-14.820151],[-74.839217,-14.820269],[-74.840073,-14.820597],[-74.840295,-14.820648],[-74.840517,-14.820608],[-74.841161,-14.820368],[-74.841387,-14.820333],[-74.844371,-14.82029],[-74.84482,-14.820382],[-74.846774,-14.821044],[-74.848471,-14.821736],[-74.84888,-14.82194],[-74.850045,-14.822664],[-74.850255,-14.822754],[-74.851144,-14.822981],[-74.85136,-14.823056],[-74.852174,-14.823474],[-74.853277,-14.823782],[-74.854513,-14.824379],[-74.85563,-14.824637],[-74.855848,-14.824706],[-74.856253,-14.824918],[-74.856959,-14.825494],[-74.857365,-14.825703],[-74.857813,-14.825799],[-74.859399,-14.826052],[-74.859617,-14.826122],[-74.860027,-14.826324],[-74.860801,-14.82681],[-74.861009,-14.826905],[-74.861232,-14.826956],[-74.861461,-14.826968],[-74.861914,-14.8269],[-74.865928,-14.82593],[-74.866832,-14.825771],[-74.873007,-14.825237],[-74.873695,-14.825246],[-74.877093,-14.825801],[-74.877542,-14.825894],[-74.877759,-14.825964],[-74.87796,-14.826072],[-74.878339,-14.826328],[-74.881874,-14.829556],[-74.882246,-14.829819],[-74.882446,-14.829931],[-74.882658,-14.830014],[-74.883106,-14.83011],[-74.883335,-14.830127],[-74.883792,-14.830095],[-74.884234,-14.829978],[-74.88506,-14.829583],[-74.885274,-14.829504],[-74.885731,-14.82949],[-74.893193,-14.830783],[-74.894085,-14.830997],[-74.897145,-14.831965],[-74.89871,-14.832324],[-74.899389,-14.832438],[-74.899619,-14.832441],[-74.899846,-14.832416],[-74.90234,-14.832021],[-74.90752,-14.831016],[-74.908897,-14.831011],[-74.910039,-14.830904],[-74.910727,-14.830929],[-74.910956,-14.830918],[-74.911411,-14.830863],[-74.912071,-14.830669],[-74.912298,-14.830646],[-74.912521,-14.830691],[-74.91295,-14.830854],[-74.913389,-14.830985],[-74.914516,-14.8312],[-74.914974,-14.831209],[-74.915423,-14.831115],[-74.915651,-14.831112],[-74.915872,-14.831168],[-74.916303,-14.831322],[-74.917353,-14.831779],[-74.917548,-14.831898],[-74.917679,-14.832079],[-74.917871,-14.832489],[-74.918019,-14.83266],[-74.918214,-14.832774],[-74.918881,-14.832937],[-74.919088,-14.833032],[-74.919474,-14.833275],[-74.920009,-14.833702],[-74.920212,-14.833805],[-74.921943,-14.834408],[-74.922369,-14.834577],[-74.925511,-14.835967],[-74.926118,-14.836286],[-74.92649,-14.836551],[-74.927178,-14.837148],[-74.927494,-14.837476],[-74.929611,-14.839859],[-74.929949,-14.840162],[-74.930145,-14.840279],[-74.930576,-14.840435],[-74.931025,-14.840521],[-74.934236,-14.840671],[-74.934693,-14.840712],[-74.934917,-14.840755],[-74.935134,-14.840829],[-74.93534,-14.840928],[-74.936893,-14.841894],[-74.937311,-14.842077],[-74.937534,-14.842133],[-74.938219,-14.842191],[-74.940973,-14.842187],[-74.9412,-14.842151],[-74.94142,-14.842088],[-74.941626,-14.84199],[-74.941808,-14.841855],[-74.941954,-14.841681],[-74.942077,-14.841491],[-74.942174,-14.841286],[-74.942233,-14.841071],[-74.942226,-14.840619],[-74.942378,-14.837684],[-74.942513,-14.835653],[-74.943337,-14.831435],[-74.943524,-14.83032],[-74.943559,-14.828965],[-74.943516,-14.828744],[-74.94342,-14.828547],[-74.943222,-14.828436],[-74.942993,-14.828434],[-74.942539,-14.828495],[-74.942483,-14.828363],[-74.942578,-14.827921],[-74.943924,-14.8282],[-74.944367,-14.828085],[-74.954273,-14.826135],[-74.954722,-14.826088],[-74.955399,-14.825962],[-74.95562,-14.825903],[-74.956048,-14.82574],[-74.956448,-14.82552],[-74.956807,-14.825239],[-74.957492,-14.824636],[-74.958038,-14.824223],[-74.958239,-14.824114],[-74.958661,-14.823935],[-74.961974,-14.82301],[-74.963283,-14.822587],[-74.983966,-14.815086],[-74.984593,-14.814807],[-74.985196,-14.81448],[-74.985585,-14.814239],[-74.997653,-14.805593],[-74.999492,-14.804241],[-75.001921,-14.802533],[-75.006555,-14.799196],[-75.009535,-14.797082],[-75.012678,-14.794802],[-75.023629,-14.78695],[-75.024356,-14.786398],[-75.025185,-14.785617],[-75.033044,-14.777069],[-75.034599,-14.775406],[-75.040596,-14.768858],[-75.063278,-14.744247],[-75.06453,-14.742923],[-75.075639,-14.731801],[-75.077427,-14.730045],[-75.091142,-14.716373],[-75.093752,-14.713827],[-75.09859,-14.709],[-75.101302,-14.706235],[-75.103079,-14.704468],[-75.106279,-14.701225],[-75.117444,-14.690157],[-75.119355,-14.688203],[-75.120493,-14.687086],[-75.120842,-14.686792],[-75.121258,-14.686602],[-75.12171,-14.686536],[-75.122164,-14.686589],[-75.122383,-14.686654],[-75.125394,-14.687761],[-75.126457,-14.688188],[-75.127969,-14.688726],[-75.128189,-14.688785],[-75.128417,-14.688802],[-75.128645,-14.688772],[-75.128864,-14.688715],[-75.129261,-14.688489],[-75.133042,-14.684542],[-75.133551,-14.684086],[-75.13392,-14.683818],[-75.136024,-14.682441],[-75.136774,-14.68192],[-75.137165,-14.681683],[-75.137729,-14.681294],[-75.138321,-14.680947],[-75.14045,-14.679608],[-75.142014,-14.67866],[-75.142439,-14.678497],[-75.142887,-14.678399],[-75.144262,-14.678321],[-75.14678,-14.678134],[-75.147239,-14.678125],[-75.147923,-14.678203],[-75.148583,-14.678391],[-75.148812,-14.678399],[-75.149722,-14.678281],[-75.15018,-14.678292],[-75.150858,-14.678173],[-75.151299,-14.67805],[-75.15172,-14.677872],[-75.152321,-14.677544],[-75.152536,-14.677468],[-75.154573,-14.677134],[-75.154763,-14.677016],[-75.154888,-14.676829],[-75.155822,-14.674764],[-75.156059,-14.674377],[-75.156683,-14.673714],[-75.156979,-14.673369],[-75.157903,-14.672075],[-75.158205,-14.671734],[-75.15853,-14.671415],[-75.159234,-14.670834],[-75.167368,-14.663852],[-75.167678,-14.66352],[-75.167791,-14.663323],[-75.167856,-14.663108],[-75.168868,-14.658929],[-75.168945,-14.658718],[-75.169062,-14.658525],[-75.169203,-14.658347],[-75.169547,-14.65805],[-75.172828,-14.655968],[-75.173008,-14.655828],[-75.173339,-14.655517],[-75.175962,-14.65267],[-75.176103,-14.652492],[-75.176218,-14.652296],[-75.176285,-14.652082],[-75.176803,-14.649879],[-75.176872,-14.649665],[-75.177189,-14.649064],[-75.178129,-14.64778],[-75.178431,-14.647441],[-75.178781,-14.64715],[-75.179701,-14.646474],[-75.180041,-14.646172],[-75.18146,-14.644395],[-75.181728,-14.644028],[-75.18197,-14.643644],[-75.18324,-14.640736],[-75.183578,-14.640146],[-75.184245,-14.639226],[-75.184491,-14.638845],[-75.184691,-14.638438],[-75.184862,-14.638018],[-75.185523,-14.63609],[-75.193675,-14.613269],[-75.193925,-14.612399],[-75.194258,-14.611082],[-75.19955,-14.589082],[-75.199677,-14.588648],[-75.199888,-14.588248],[-75.200178,-14.587897],[-75.20749,-14.580709],[-75.207625,-14.580527],[-75.20782,-14.580118],[-75.207948,-14.579452],[-75.208187,-14.57675],[-75.208569,-14.572925],[-75.208758,-14.570671],[-75.208986,-14.568422],[-75.209069,-14.567294],[-75.209047,-14.566843],[-75.208946,-14.566403],[-75.20859,-14.565328],[-75.208188,-14.564516],[-75.207693,-14.563755],[-75.205063,-14.560915],[-75.201927,-14.557613],[-75.20123,-14.557025],[-75.192443,-14.550475],[-75.189124,-14.547687],[-75.187394,-14.546201],[-75.182326,-14.541949],[-75.182016,-14.541618],[-75.181906,-14.54142],[-75.181847,-14.541203],[-75.181864,-14.540981],[-75.181931,-14.540765],[-75.182045,-14.54057],[-75.182188,-14.540394],[-75.189915,-14.532343],[-75.193734,-14.528431],[-75.193945,-14.528346],[-75.194168,-14.528371],[-75.194929,-14.528873],[-75.195142,-14.528953],[-75.195819,-14.529071],[-75.196034,-14.529144],[-75.196653,-14.52944],[-75.201805,-14.530583],[-75.202032,-14.53059],[-75.202221,-14.530472],[-75.202284,-14.530262],[-75.202262,-14.530037],[-75.202213,-14.529817],[-75.202111,-14.529616],[-75.201519,-14.528926],[-75.201388,-14.528741],[-75.201286,-14.52854],[-75.201231,-14.528321],[-75.201267,-14.528102],[-75.201418,-14.527947],[-75.20164,-14.527907],[-75.201863,-14.527942],[-75.202043,-14.528068],[-75.202203,-14.52849],[-75.202377,-14.528618],[-75.202602,-14.528601],[-75.202779,-14.528459],[-75.203088,-14.528125],[-75.203287,-14.528027],[-75.203509,-14.52806],[-75.203707,-14.528174],[-75.204163,-14.528193],[-75.204378,-14.52826],[-75.204751,-14.528524],[-75.204963,-14.528593],[-75.205192,-14.528593],[-75.205419,-14.528624],[-75.206068,-14.528846],[-75.206293,-14.528852],[-75.206359,-14.528666],[-75.206245,-14.528478],[-75.205413,-14.5277],[-75.204734,-14.526789],[-75.204513,-14.526394],[-75.204317,-14.525744],[-75.204187,-14.525559],[-75.203886,-14.525218],[-75.203385,-14.524753],[-75.203243,-14.524576],[-75.20303,-14.523934],[-75.202936,-14.523728],[-75.202639,-14.523384],[-75.202545,-14.523179],[-75.202493,-14.522959],[-75.202324,-14.521841],[-75.202269,-14.521621],[-75.202169,-14.52142],[-75.201929,-14.521037],[-75.201903,-14.52082],[-75.202014,-14.52063],[-75.202216,-14.520536],[-75.202443,-14.520551],[-75.203777,-14.520889],[-75.204004,-14.520923],[-75.204232,-14.520922],[-75.204684,-14.520847],[-75.212606,-14.518526],[-75.213481,-14.518252],[-75.214101,-14.517961],[-75.214479,-14.517703],[-75.214808,-14.517392],[-75.214929,-14.5172],[-75.215271,-14.516612],[-75.215416,-14.516183],[-75.215467,-14.515965],[-75.215709,-14.512355],[-75.215727,-14.511903],[-75.215685,-14.511454],[-75.215524,-14.510794],[-75.215143,-14.509728],[-75.21448,-14.508286],[-75.214313,-14.507865],[-75.213607,-14.505478],[-75.210353,-14.496299],[-75.210289,-14.496084],[-75.210289,-14.495858],[-75.210381,-14.495417],[-75.210476,-14.49521],[-75.210597,-14.495022],[-75.21075,-14.494853],[-75.210926,-14.494712],[-75.211125,-14.4946],[-75.211343,-14.49453],[-75.211569,-14.494503],[-75.212028,-14.494496],[-75.212716,-14.494523],[-75.212945,-14.494519],[-75.21317,-14.494475],[-75.21338,-14.494392],[-75.213573,-14.494272],[-75.213736,-14.494112],[-75.213857,-14.493922],[-75.213945,-14.493716],[-75.213977,-14.493492],[-75.213965,-14.493267],[-75.213844,-14.492833],[-75.213566,-14.492212],[-75.213431,-14.49178],[-75.213399,-14.491557],[-75.213406,-14.491333],[-75.213441,-14.491109],[-75.213902,-14.489831],[-75.214151,-14.489453],[-75.214512,-14.489173],[-75.215749,-14.488578],[-75.219432,-14.486732],[-75.219598,-14.486576],[-75.219703,-14.486379],[-75.219762,-14.486161],[-75.219733,-14.485937],[-75.219665,-14.485721],[-75.219512,-14.485557],[-75.219336,-14.485414],[-75.219132,-14.485314],[-75.218906,-14.485277],[-75.217785,-14.485522],[-75.217558,-14.485503],[-75.217338,-14.485453],[-75.217139,-14.485339],[-75.216948,-14.485216],[-75.216796,-14.485047],[-75.216687,-14.48485],[-75.216605,-14.48464],[-75.216556,-14.484419],[-75.216636,-14.483974],[-75.216886,-14.483598],[-75.217051,-14.483442],[-75.217244,-14.483328],[-75.217463,-14.48326],[-75.21769,-14.483231],[-75.217918,-14.483254],[-75.218137,-14.483311],[-75.218554,-14.483501],[-75.219193,-14.483752],[-75.219415,-14.483802],[-75.219872,-14.483839],[-75.221938,-14.483781],[-75.222387,-14.483867],[-75.222597,-14.483955],[-75.222783,-14.484086],[-75.222942,-14.48425],[-75.223047,-14.48445],[-75.223152,-14.48489],[-75.223272,-14.485786],[-75.223346,-14.485994],[-75.223513,-14.486141],[-75.223729,-14.486189],[-75.223942,-14.486121],[-75.224112,-14.485977],[-75.224159,-14.485765],[-75.22411,-14.485547],[-75.223802,-14.484695],[-75.223722,-14.484252],[-75.223701,-14.481765],[-75.223601,-14.481326],[-75.22304,-14.480341],[-75.222992,-14.480127],[-75.223001,-14.479901],[-75.223066,-14.479686],[-75.223186,-14.479498],[-75.223367,-14.479367],[-75.223579,-14.479282],[-75.223802,-14.479242],[-75.224241,-14.479355],[-75.224415,-14.479503],[-75.22454,-14.479686],[-75.224914,-14.480512],[-75.225057,-14.480941],[-75.225102,-14.481162],[-75.225116,-14.481387],[-75.225107,-14.48297],[-75.225152,-14.483646],[-75.225262,-14.484084],[-75.225433,-14.484503],[-75.225839,-14.485048],[-75.226002,-14.485205],[-75.228413,-14.487299],[-75.228721,-14.487634],[-75.228858,-14.487814],[-75.2291,-14.488198],[-75.230198,-14.489649],[-75.230694,-14.490117],[-75.231074,-14.49037],[-75.231483,-14.490575],[-75.231918,-14.490715],[-75.232592,-14.490853],[-75.235116,-14.490783],[-75.23649,-14.490874],[-75.237175,-14.490948],[-75.237843,-14.491111],[-75.238271,-14.491273],[-75.244123,-14.493894],[-75.245116,-14.49446],[-75.24566,-14.494876],[-75.247771,-14.497262],[-75.24825,-14.497749],[-75.253433,-14.502216],[-75.254492,-14.503084],[-75.254685,-14.503203],[-75.255097,-14.503404],[-75.255535,-14.503535],[-75.255759,-14.503584],[-75.255988,-14.5036],[-75.256447,-14.503597],[-75.25667,-14.503554],[-75.257109,-14.503422],[-75.257529,-14.50324],[-75.257899,-14.502972],[-75.258431,-14.502541],[-75.260682,-14.500611],[-75.261239,-14.500213],[-75.26164,-14.499993],[-75.262056,-14.499801],[-75.273694,-14.494976],[-75.274782,-14.494619],[-75.275233,-14.494537],[-75.275689,-14.494489],[-75.276606,-14.494538],[-75.285043,-14.495509],[-75.285957,-14.495598],[-75.286645,-14.495633],[-75.291235,-14.49551],[-75.292383,-14.495497],[-75.29284,-14.495456],[-75.293064,-14.495412],[-75.293504,-14.495283],[-75.293915,-14.495081],[-75.299892,-14.49171],[-75.300304,-14.491511],[-75.300738,-14.491364],[-75.309139,-14.489049],[-75.33826,-14.481639],[-75.410229,-14.463107],[-75.467742,-14.448227],[-75.470322,-14.447275],[-75.477609,-14.44394],[-75.483665,-14.441216],[-75.560835,-14.406242],[-75.58755,-14.393649],[-75.587978,-14.393488],[-75.590823,-14.392601],[-75.591273,-14.392511],[-75.591731,-14.392506],[-75.591958,-14.392533],[-75.592404,-14.392638],[-75.592828,-14.392811],[-75.594398,-14.393748],[-75.594815,-14.393937],[-75.595244,-14.394097],[-75.595467,-14.394148],[-75.596155,-14.394162],[-75.596381,-14.394128],[-75.597044,-14.393951],[-75.597445,-14.393732],[-75.597806,-14.393453],[-75.59861,-14.392646],[-75.601234,-14.390114],[-75.602235,-14.389182],[-75.602763,-14.388748],[-75.603149,-14.388502],[-75.603577,-14.388341],[-75.604021,-14.388227],[-75.607401,-14.387577],[-75.608506,-14.38727],[-75.609782,-14.38676],[-75.611859,-14.385798],[-75.613094,-14.385197],[-75.613664,-14.384818],[-75.614009,-14.38452],[-75.614751,-14.383658],[-75.62197,-14.37458],[-75.628667,-14.366247],[-75.629082,-14.365706],[-75.629526,-14.365187],[-75.631173,-14.363612],[-75.654761,-14.341449],[-75.655742,-14.340497],[-75.664366,-14.332367],[-75.665458,-14.331205],[-75.667432,-14.329001],[-75.668628,-14.327629],[-75.6692,-14.326921],[-75.669836,-14.32598],[-75.670189,-14.325398],[-75.670619,-14.324599],[-75.670906,-14.323982],[-75.672973,-14.319197],[-75.67354,-14.31796],[-75.675889,-14.313052],[-75.67724,-14.310431],[-75.677493,-14.309802],[-75.677602,-14.309132],[-75.677748,-14.307557],[-75.677869,-14.305525],[-75.677842,-14.303039],[-75.677913,-14.301911],[-75.677969,-14.301462],[-75.67835,-14.299232],[-75.67882,-14.296101],[-75.678941,-14.29475],[-75.679011,-14.293169],[-75.679009,-14.292717],[-75.678992,-14.292491],[-75.678781,-14.29138],[-75.678758,-14.291156],[-75.678751,-14.290705],[-75.678795,-14.290483],[-75.678859,-14.290266],[-75.679054,-14.289857],[-75.680812,-14.286681],[-75.681051,-14.286045],[-75.681743,-14.282954],[-75.682384,-14.279854],[-75.683442,-14.27592],[-75.68374,-14.273907],[-75.683896,-14.272559],[-75.683913,-14.272334],[-75.683904,-14.271656],[-75.68395,-14.27098],[-75.684012,-14.270763],[-75.684198,-14.270349],[-75.684869,-14.269165],[-75.684961,-14.268959],[-75.685013,-14.268739],[-75.685049,-14.268516],[-75.68532,-14.265589],[-75.68544,-14.264921],[-75.685619,-14.264266],[-75.686687,-14.260805],[-75.687454,-14.258435],[-75.688281,-14.255611],[-75.689408,-14.250301],[-75.689548,-14.24987],[-75.689806,-14.249241],[-75.690674,-14.247395],[-75.691669,-14.245109],[-75.691733,-14.244893],[-75.692275,-14.242464],[-75.692544,-14.241599],[-75.69287,-14.240754],[-75.694343,-14.237195],[-75.694436,-14.236989],[-75.694695,-14.236615],[-75.695749,-14.235421],[-75.696993,-14.23409],[-75.698945,-14.232175],[-75.701576,-14.229651],[-75.701731,-14.229484],[-75.701863,-14.2293],[-75.703126,-14.227147],[-75.703791,-14.225959],[-75.706065,-14.221266],[-75.706475,-14.22021],[-75.706583,-14.220012],[-75.706821,-14.219625],[-75.708475,-14.217178],[-75.708713,-14.216792],[-75.70968,-14.214495],[-75.709784,-14.214293],[-75.710159,-14.213726],[-75.712281,-14.211055],[-75.712672,-14.210497],[-75.712903,-14.210106],[-75.713298,-14.20929],[-75.713514,-14.208648],[-75.7147,-14.203812],[-75.715414,-14.200726],[-75.715481,-14.20028],[-75.715495,-14.199829],[-75.715388,-14.19825],[-75.715268,-14.197126],[-75.715209,-14.196908],[-75.714651,-14.195667],[-75.714501,-14.19524],[-75.713905,-14.193057],[-75.713831,-14.192612],[-75.713896,-14.192166],[-75.714349,-14.190648],[-75.714416,-14.190202],[-75.714413,-14.189524],[-75.71429,-14.18704],[-75.714312,-14.186588],[-75.714493,-14.184788],[-75.714567,-14.184342],[-75.715463,-14.18037],[-75.715526,-14.179695],[-75.715532,-14.178791],[-75.715564,-14.17834],[-75.715605,-14.178119],[-75.715889,-14.177259],[-75.716005,-14.176822],[-75.716038,-14.176599],[-75.716043,-14.176373],[-75.716024,-14.175922],[-75.715818,-14.175041],[-75.715449,-14.173971],[-75.714739,-14.172551],[-75.7143,-14.171757],[-75.714111,-14.171345],[-75.713701,-14.170289],[-75.713512,-14.169637],[-75.713342,-14.169218],[-75.713233,-14.169019],[-75.712977,-14.168644],[-75.712639,-14.168339],[-75.712093,-14.167925],[-75.71193,-14.167769],[-75.711791,-14.167589],[-75.711693,-14.167386],[-75.71163,-14.167169],[-75.711583,-14.166948],[-75.711567,-14.166722],[-75.711627,-14.166048],[-75.712004,-14.164278],[-75.71238,-14.162739],[-75.712518,-14.162075],[-75.713885,-14.154047],[-75.714311,-14.152288],[-75.714526,-14.151178],[-75.715028,-14.14828],[-75.716292,-14.142767],[-75.717182,-14.139491],[-75.717329,-14.138599],[-75.71757,-14.136123],[-75.717564,-14.135671],[-75.717494,-14.134996],[-75.716423,-14.128296],[-75.716303,-14.1274],[-75.71625,-14.126724],[-75.716292,-14.125594],[-75.718097,-14.108958],[-75.718222,-14.107607],[-75.718216,-14.106929],[-75.718154,-14.106482],[-75.71806,-14.106039],[-75.71702,-14.102101],[-75.716703,-14.10078],[-75.716575,-14.099886],[-75.71652,-14.098983],[-75.716562,-14.09808],[-75.716657,-14.097408],[-75.717769,-14.091402],[-75.717889,-14.090966],[-75.717978,-14.090759],[-75.718118,-14.090582],[-75.718292,-14.090434],[-75.71849,-14.09032],[-75.718706,-14.090253],[-75.718932,-14.090218],[-75.719618,-14.090152],[-75.720066,-14.090054],[-75.720284,-14.089983],[-75.722792,-14.088861],[-75.724056,-14.088322],[-75.727446,-14.086929],[-75.728937,-14.086337],[-75.72935,-14.086142],[-75.729732,-14.085891],[-75.730816,-14.085054],[-75.735072,-14.081608],[-75.73597,-14.080903],[-75.73684,-14.080166],[-75.737331,-14.07969],[-75.737606,-14.079329],[-75.737851,-14.078948],[-75.738047,-14.078539],[-75.7382,-14.078113],[-75.738342,-14.077449],[-75.738379,-14.076999],[-75.738374,-14.075191],[-75.738405,-14.074287],[-75.738405,-14.073156],[-75.738388,-14.072932],[-75.738321,-14.072717],[-75.738133,-14.072305],[-75.738123,-14.072082],[-75.738169,-14.071865],[-75.738287,-14.071671],[-75.738448,-14.071511],[-75.738586,-14.071332],[-75.738688,-14.071131],[-75.739018,-14.069814],[-75.739743,-14.067197],[-75.739825,-14.066752],[-75.739815,-14.06653],[-75.739877,-14.066312],[-75.740014,-14.066144],[-75.74009,-14.065931],[-75.741912,-14.059624],[-75.742219,-14.058772],[-75.742408,-14.05836],[-75.744045,-14.055377],[-75.74654,-14.051581],[-75.748705,-14.047598],[-75.748829,-14.04741],[-75.749013,-14.047277],[-75.749258,-14.046899],[-75.751716,-14.042297],[-75.752018,-14.041687],[-75.760034,-14.02668],[-75.760418,-14.025859],[-75.761385,-14.02284],[-75.762234,-14.020022],[-75.762719,-14.018513],[-75.768252,-14.000556],[-75.771931,-13.988424],[-75.772749,-13.985598],[-75.774489,-13.979975],[-75.774848,-13.979142],[-75.777959,-13.972838],[-75.779281,-13.970203],[-75.783295,-13.962069],[-75.783729,-13.961272],[-75.784199,-13.960495],[-75.785002,-13.959394],[-75.785447,-13.958876],[-75.786398,-13.957894],[-75.787256,-13.957144],[-75.788361,-13.956334],[-75.809334,-13.943307],[-75.814372,-13.940154],[-75.816323,-13.938963],[-75.81652,-13.938846],[-75.816933,-13.93865],[-75.817789,-13.938322],[-75.818672,-13.938071],[-75.81935,-13.937955],[-75.819577,-13.937924],[-75.823012,-13.937677],[-75.827595,-13.937395],[-75.859436,-13.935278],[-75.871808,-13.934485],[-75.90319,-13.93238],[-75.903406,-13.932322],[-75.905005,-13.932177],[-75.906152,-13.93213],[-75.906608,-13.932149],[-75.922185,-13.931111],[-75.923332,-13.93106],[-75.929973,-13.930589],[-75.932266,-13.930482],[-75.953151,-13.929903],[-75.963249,-13.929595],[-75.96761,-13.929505],[-75.968298,-13.929468],[-75.96898,-13.929378],[-75.970326,-13.929087],[-76.001863,-13.920946],[-76.003187,-13.920572],[-76.004041,-13.920243],[-76.00425,-13.92015],[-76.005436,-13.919461],[-76.005813,-13.919201],[-76.006349,-13.918776],[-76.012815,-13.912354],[-76.013797,-13.911403],[-76.014312,-13.910953],[-76.01468,-13.910682],[-76.015466,-13.910216],[-76.01609,-13.909929],[-76.016519,-13.909769],[-76.01696,-13.909644],[-76.034415,-13.905701],[-76.03599,-13.90539],[-76.036448,-13.905354],[-76.039891,-13.905263],[-76.049302,-13.905066],[-76.060549,-13.904793],[-76.061465,-13.904741],[-76.062373,-13.904604],[-76.063043,-13.904447],[-76.063481,-13.904313],[-76.064124,-13.904068],[-76.100575,-13.888529],[-76.10248,-13.887743],[-76.120166,-13.880168],[-76.120777,-13.879856],[-76.121558,-13.879379],[-76.122283,-13.878826],[-76.122791,-13.878368],[-76.123415,-13.877704],[-76.123829,-13.877162],[-76.124318,-13.876397],[-76.124646,-13.875801],[-76.124828,-13.875386],[-76.125533,-13.873473],[-76.135201,-13.846144],[-76.137431,-13.839727],[-76.137908,-13.838454],[-76.143375,-13.822852],[-76.143696,-13.822005],[-76.143891,-13.821596],[-76.144452,-13.820609],[-76.144932,-13.819838],[-76.168631,-13.780056],[-76.16896,-13.77946],[-76.169138,-13.779043],[-76.169441,-13.77819],[-76.169546,-13.77775],[-76.169664,-13.776854],[-76.169683,-13.776402],[-76.169662,-13.775724],[-76.169572,-13.775052],[-76.169195,-13.773514],[-76.167064,-13.765416],[-76.166408,-13.76278],[-76.16619,-13.761213],[-76.166098,-13.760086],[-76.166098,-13.759861],[-76.166196,-13.758508],[-76.166304,-13.75761],[-76.166435,-13.756945],[-76.166998,-13.75452],[-76.167174,-13.753403],[-76.16727,-13.752277],[-76.16728,-13.751373],[-76.167142,-13.749569],[-76.167096,-13.749348],[-76.166786,-13.748026],[-76.165789,-13.744781],[-76.165649,-13.744117],[-76.165499,-13.742314],[-76.165489,-13.74141],[-76.16554,-13.740281],[-76.165737,-13.738938],[-76.166089,-13.737394],[-76.166468,-13.735394],[-76.166686,-13.733826],[-76.166882,-13.731574],[-76.166852,-13.729313],[-76.166736,-13.727962],[-76.166567,-13.726616],[-76.166194,-13.724845],[-76.165235,-13.721119],[-76.165081,-13.720228],[-76.165,-13.719554],[-76.164952,-13.718651],[-76.165005,-13.715713],[-76.165047,-13.715036],[-76.165145,-13.712098],[-76.165217,-13.708933],[-76.165189,-13.707804],[-76.165234,-13.7069],[-76.165358,-13.701476],[-76.165288,-13.700574],[-76.165121,-13.699456],[-76.164805,-13.698136],[-76.164043,-13.695765],[-76.163881,-13.695106],[-76.163618,-13.693544],[-76.163538,-13.691964],[-76.163493,-13.685407],[-76.163449,-13.684052],[-76.163428,-13.681339],[-76.163493,-13.679984],[-76.163583,-13.679083],[-76.1637,-13.678416],[-76.164062,-13.677107],[-76.164283,-13.676464],[-76.16471,-13.675415],[-76.165497,-13.674037],[-76.167092,-13.671825],[-76.168252,-13.670141],[-76.169735,-13.668127],[-76.171929,-13.664949],[-76.172663,-13.663541],[-76.172936,-13.662918],[-76.17316,-13.662277],[-76.173426,-13.661411],[-76.173588,-13.660753],[-76.173782,-13.659638],[-76.173816,-13.659188],[-76.173834,-13.658057],[-76.173558,-13.650601],[-76.1734,-13.64744],[-76.173376,-13.64631],[-76.173308,-13.644955],[-76.173106,-13.63908],[-76.17304,-13.638178],[-76.172832,-13.632982],[-76.172661,-13.629595],[-76.172591,-13.627561],[-76.172477,-13.626209],[-76.172353,-13.625313],[-76.172152,-13.6242],[-76.171885,-13.623101],[-76.171635,-13.622231],[-76.167762,-13.610633],[-76.167283,-13.609122],[-76.166939,-13.607809],[-76.166603,-13.605801],[-76.166481,-13.604677],[-76.166435,-13.603774],[-76.16635,-13.602873],[-76.166327,-13.602196],[-76.165777,-13.593848],[-76.165768,-13.59317],[-76.165809,-13.591814],[-76.165907,-13.590688],[-76.166056,-13.589795],[-76.166353,-13.588471],[-76.166692,-13.587391],[-76.167104,-13.586336],[-76.16769,-13.585109],[-76.168239,-13.584116],[-76.171108,-13.579751],[-76.172013,-13.578443],[-76.174021,-13.575414],[-76.175631,-13.572939],[-76.176192,-13.571953],[-76.178762,-13.566898],[-76.17915,-13.566079],[-76.179748,-13.564369],[-76.179928,-13.563715],[-76.180162,-13.562608],[-76.180312,-13.561488],[-76.180389,-13.56036],[-76.180433,-13.559004],[-76.180686,-13.55381],[-76.180769,-13.552682],[-76.181317,-13.549564],[-76.182725,-13.542233],[-76.182867,-13.540884],[-76.182912,-13.539755],[-76.182933,-13.531389],[-76.182923,-13.524833],[-76.182957,-13.52212],[-76.183043,-13.52122],[-76.183289,-13.519427],[-76.1834,-13.518758],[-76.185121,-13.506667],[-76.18523,-13.505542],[-76.185261,-13.504412],[-76.184925,-13.495374],[-76.184806,-13.493116],[-76.184752,-13.491082],[-76.184239,-13.478205],[-76.184097,-13.476856],[-76.183828,-13.475526],[-76.183444,-13.474223],[-76.182901,-13.472734],[-76.179614,-13.464047],[-76.179393,-13.463405],[-76.179092,-13.462314],[-76.178895,-13.461201],[-76.178778,-13.459849],[-76.178768,-13.459171],[-76.178863,-13.457592],[-76.179024,-13.45579],[-76.179107,-13.455117],[-76.179154,-13.45444],[-76.179301,-13.453319],[-76.179856,-13.447239],[-76.179957,-13.445886],[-76.180241,-13.44296],[-76.180326,-13.441833],[-76.180679,-13.438459],[-76.18091,-13.437122],[-76.181188,-13.436026],[-76.181864,-13.433865],[-76.182246,-13.432799],[-76.182515,-13.431935],[-76.183393,-13.429363],[-76.184086,-13.427207],[-76.184609,-13.425711],[-76.18481,-13.425062],[-76.18512,-13.424211],[-76.185649,-13.423208],[-76.186379,-13.422058],[-76.188924,-13.418294],[-76.190037,-13.41658],[-76.190148,-13.416383],[-76.190428,-13.415763],[-76.19079,-13.414691],[-76.190905,-13.414253],[-76.19235,-13.40716],[-76.192658,-13.405837],[-76.192847,-13.405186],[-76.19344,-13.403961],[-76.193814,-13.403135],[-76.194024,-13.402734],[-76.197269,-13.395992],[-76.202045,-13.38697],[-76.210896,-13.370351],[-76.216549,-13.361035],[-76.217517,-13.359498],[-76.226735,-13.345714],[-76.227537,-13.344611],[-76.231636,-13.33916],[-76.242202,-13.325202],[-76.242328,-13.325013],[-76.24257,-13.324629],[-76.24299,-13.323825],[-76.243157,-13.323404],[-76.243682,-13.322399],[-76.246748,-13.316074],[-76.247774,-13.314052],[-76.248975,-13.31161],[-76.249357,-13.310787],[-76.249674,-13.310185],[-76.250253,-13.309209],[-76.250633,-13.308644],[-76.250926,-13.308296],[-76.251894,-13.307033],[-76.254044,-13.304383],[-76.25442,-13.303816],[-76.254997,-13.303111],[-76.2554,-13.302561],[-76.257176,-13.299396],[-76.257519,-13.298557],[-76.257734,-13.297913],[-76.258063,-13.297069],[-76.258546,-13.296043],[-76.258978,-13.295245],[-76.259724,-13.294105],[-76.260144,-13.293568],[-76.260618,-13.293076],[-76.261061,-13.292557],[-76.261547,-13.292076],[-76.261837,-13.291726],[-76.262346,-13.291271],[-76.26265,-13.290933],[-76.264251,-13.289312],[-76.264848,-13.288626],[-76.265349,-13.288161],[-76.268056,-13.285392],[-76.268665,-13.284715],[-76.269003,-13.284409],[-76.269316,-13.284079],[-76.26974,-13.283544],[-76.270137,-13.28299],[-76.271084,-13.28144],[-76.271882,-13.280067],[-76.272423,-13.27907],[-76.272901,-13.278298],[-76.273579,-13.277117],[-76.273788,-13.276714],[-76.274816,-13.274949],[-76.275806,-13.273163],[-76.276211,-13.272352],[-76.276984,-13.270711],[-76.277345,-13.269879],[-76.277854,-13.268619],[-76.27868,-13.266269],[-76.284695,-13.247275],[-76.285158,-13.245759],[-76.285723,-13.244038],[-76.28582,-13.243833],[-76.286306,-13.242809],[-76.286792,-13.242042],[-76.289524,-13.23813],[-76.290135,-13.237173],[-76.291052,-13.235874],[-76.29213,-13.23441],[-76.292502,-13.233839],[-76.294085,-13.231619],[-76.295638,-13.229377],[-76.296494,-13.228315],[-76.297123,-13.227656],[-76.298232,-13.226853],[-76.29904,-13.226422],[-76.299666,-13.226141],[-76.300318,-13.225923],[-76.301649,-13.225573],[-76.302557,-13.225446],[-76.303475,-13.225406],[-76.304163,-13.225414],[-76.305998,-13.225504],[-76.308293,-13.225552],[-76.30944,-13.225599],[-76.311047,-13.225631],[-76.311965,-13.225606],[-76.31288,-13.225533],[-76.313789,-13.225402],[-76.315145,-13.225168],[-76.315807,-13.224983],[-76.31648,-13.224838],[-76.316919,-13.224708],[-76.317351,-13.224554],[-76.31945,-13.223638],[-76.320662,-13.222993],[-76.321443,-13.222517],[-76.322933,-13.22146],[-76.323811,-13.220732],[-76.324958,-13.219623],[-76.325662,-13.219045],[-76.325807,-13.21887],[-76.326312,-13.218115],[-76.338207,-13.204039],[-76.338673,-13.20354],[-76.352024,-13.189834],[-76.352486,-13.189331],[-76.352916,-13.188801],[-76.353584,-13.187882],[-76.354414,-13.186527],[-76.354825,-13.185718],[-76.355194,-13.18489],[-76.355434,-13.184255],[-76.355827,-13.182955],[-76.355982,-13.182294],[-76.356226,-13.180959],[-76.356296,-13.180284],[-76.356354,-13.179382],[-76.356346,-13.178478],[-76.356177,-13.17577],[-76.356196,-13.174866],[-76.356269,-13.174192],[-76.356443,-13.173304],[-76.356711,-13.172439],[-76.356878,-13.172018],[-76.357167,-13.171403],[-76.357491,-13.170804],[-76.357871,-13.170239],[-76.35815,-13.16988],[-76.358753,-13.169198],[-76.359767,-13.16828],[-76.366522,-13.162843],[-76.368317,-13.161434],[-76.369061,-13.160903],[-76.377217,-13.155424],[-76.377931,-13.154857],[-76.378437,-13.154397],[-76.37918,-13.153535],[-76.382313,-13.149349],[-76.382566,-13.148972],[-76.382902,-13.14838],[-76.383281,-13.147557],[-76.383578,-13.146702],[-76.384073,-13.144726],[-76.384291,-13.144083],[-76.384546,-13.143453],[-76.385364,-13.141834],[-76.395339,-13.122478],[-76.396,-13.121289],[-76.396382,-13.120725],[-76.39666,-13.120365],[-76.397267,-13.119686],[-76.397765,-13.119218],[-76.398297,-13.118788],[-76.399253,-13.118163],[-76.399657,-13.117949],[-76.408993,-13.11359],[-76.410403,-13.11283],[-76.411362,-13.11221],[-76.412101,-13.111673],[-76.412992,-13.110961],[-76.413823,-13.11018],[-76.414453,-13.109522],[-76.41597,-13.107825],[-76.431224,-13.090328],[-76.439269,-13.081042],[-76.441688,-13.078319],[-76.442123,-13.077793],[-76.443369,-13.076171],[-76.444339,-13.074635],[-76.448626,-13.067413],[-76.449679,-13.065931],[-76.450256,-13.065229],[-76.451529,-13.063926],[-76.451865,-13.063618],[-76.459951,-13.056927],[-76.460817,-13.056186],[-76.461663,-13.055422],[-76.462787,-13.054295],[-76.463392,-13.053614],[-76.464264,-13.052564],[-76.468978,-13.046437],[-76.469641,-13.045514],[-76.470384,-13.044372],[-76.470914,-13.043369],[-76.471441,-13.042116],[-76.471656,-13.041472],[-76.471838,-13.040818],[-76.472014,-13.039931],[-76.472174,-13.038812],[-76.472188,-13.038586],[-76.472258,-13.036326],[-76.472279,-13.033613],[-76.472366,-13.03226],[-76.472477,-13.031362],[-76.472586,-13.030692],[-76.472812,-13.029584],[-76.473127,-13.028497],[-76.473413,-13.027638],[-76.473999,-13.026164],[-76.47664,-13.0199],[-76.477809,-13.017195],[-76.479893,-13.012172],[-76.481133,-13.009252],[-76.48178,-13.007803],[-76.483063,-13.004656],[-76.48552,-12.998806],[-76.488987,-12.990676],[-76.489566,-12.9892],[-76.492649,-12.981892],[-76.49383,-12.979192],[-76.494494,-12.977506],[-76.497929,-12.969363],[-76.498237,-12.968512],[-76.498471,-12.967637],[-76.4986,-12.966971],[-76.501435,-12.950016],[-76.50152,-12.949344],[-76.501532,-12.948892],[-76.501512,-12.94844],[-76.501492,-12.948216],[-76.501403,-12.947772],[-76.501286,-12.947335],[-76.501207,-12.947123],[-76.50101,-12.946714],[-76.500788,-12.946319],[-76.500382,-12.945771],[-76.500053,-12.945457],[-76.499687,-12.945183],[-76.498533,-12.944443],[-76.497805,-12.943893],[-76.497155,-12.943254],[-76.49677,-12.942693],[-76.496547,-12.942298],[-76.496366,-12.941883],[-76.496124,-12.941011],[-76.496075,-12.940562],[-76.496067,-12.94011],[-76.496112,-12.939434],[-76.496214,-12.938994],[-76.496419,-12.938347],[-76.497697,-12.935691],[-76.498109,-12.934636],[-76.49865,-12.932908],[-76.49892,-12.931578],[-76.499092,-12.930232],[-76.499164,-12.929104],[-76.499176,-12.927522],[-76.499237,-12.926846],[-76.499407,-12.925729],[-76.49962,-12.924849],[-76.501058,-12.920317],[-76.501638,-12.918364],[-76.501686,-12.918143],[-76.501837,-12.917023],[-76.501865,-12.916345],[-76.501839,-12.915668],[-76.50166,-12.914095],[-76.501225,-12.910731],[-76.501177,-12.910054],[-76.501188,-12.90915],[-76.501249,-12.908475],[-76.501477,-12.907367],[-76.501536,-12.907149],[-76.501937,-12.90609],[-76.504487,-12.900033],[-76.509459,-12.888357],[-76.509989,-12.886863],[-76.510184,-12.886212],[-76.510335,-12.885551],[-76.510609,-12.883991],[-76.510746,-12.882415],[-76.511104,-12.870889],[-76.511075,-12.869533],[-76.510646,-12.862764],[-76.510654,-12.862086],[-76.510694,-12.861636],[-76.510918,-12.860068],[-76.511137,-12.858959],[-76.512371,-12.854136],[-76.512709,-12.853056],[-76.513382,-12.851373],[-76.513683,-12.850763],[-76.514464,-12.84938],[-76.514964,-12.848622],[-76.515505,-12.847891],[-76.516083,-12.847188],[-76.518704,-12.84434],[-76.519148,-12.843822],[-76.51985,-12.842928],[-76.520759,-12.841622],[-76.521114,-12.841041],[-76.521552,-12.840246],[-76.522157,-12.839027],[-76.523127,-12.836731],[-76.52351,-12.83591],[-76.524529,-12.834139],[-76.52478,-12.833761],[-76.525323,-12.833032],[-76.526194,-12.83198],[-76.528123,-12.829738],[-76.538595,-12.817733],[-76.539469,-12.816685],[-76.539736,-12.816317],[-76.540205,-12.815539],[-76.540305,-12.815336],[-76.540588,-12.814718],[-76.540817,-12.814078],[-76.540987,-12.813422],[-76.541162,-12.812534],[-76.541519,-12.810072],[-76.541608,-12.809629],[-76.541747,-12.809198],[-76.54192,-12.808779],[-76.542254,-12.808187],[-76.542678,-12.807653],[-76.542835,-12.807488],[-76.543677,-12.806721],[-76.558168,-12.794188],[-76.559081,-12.793504],[-76.559458,-12.793245],[-76.560622,-12.79252],[-76.563829,-12.790757],[-76.581919,-12.780922],[-76.582513,-12.780579],[-76.583285,-12.780089],[-76.583847,-12.779697],[-76.584572,-12.779142],[-76.585263,-12.778546],[-76.58593,-12.777925],[-76.586859,-12.776923],[-76.593587,-12.768907],[-76.598444,-12.76318],[-76.599148,-12.762288],[-76.602522,-12.758287],[-76.604289,-12.755919],[-76.604673,-12.755356],[-76.6101,-12.747782],[-76.610717,-12.746828],[-76.611252,-12.745828],[-76.611639,-12.745008],[-76.61199,-12.744172],[-76.612368,-12.743105],[-76.612796,-12.74158],[-76.613603,-12.738283],[-76.614383,-12.735212],[-76.615941,-12.728837],[-76.61629,-12.727525],[-76.616494,-12.726877],[-76.616883,-12.725814],[-76.617648,-12.72417],[-76.617963,-12.723566],[-76.618553,-12.722596],[-76.619215,-12.721674],[-76.619771,-12.720953],[-76.621014,-12.719623],[-76.622381,-12.718415],[-76.623259,-12.717686],[-76.625575,-12.715832],[-76.627153,-12.714519],[-76.63354,-12.709353],[-76.634386,-12.708588],[-76.635325,-12.707597],[-76.636059,-12.706727],[-76.636719,-12.705802],[-76.638197,-12.703513],[-76.639827,-12.70105],[-76.640926,-12.699328],[-76.645516,-12.692288],[-76.646614,-12.690565],[-76.647249,-12.68936],[-76.647621,-12.688534],[-76.648034,-12.687479],[-76.648388,-12.686404],[-76.648611,-12.685527],[-76.649879,-12.679321],[-76.649988,-12.678651],[-76.650418,-12.676661],[-76.65054,-12.675993],[-76.650708,-12.675336],[-76.651092,-12.674271],[-76.651274,-12.673856],[-76.651599,-12.673258],[-76.651974,-12.67269],[-76.657424,-12.66541],[-76.658392,-12.664147],[-76.660421,-12.661407],[-76.661313,-12.660091],[-76.661878,-12.659107],[-76.662287,-12.658297],[-76.662666,-12.657474],[-76.662989,-12.656627],[-76.667452,-12.643555],[-76.668868,-12.639491],[-76.669561,-12.637336],[-76.669704,-12.636673],[-76.669848,-12.635324],[-76.669843,-12.634646],[-76.669756,-12.633746],[-76.669452,-12.632192],[-76.669309,-12.631299],[-76.669275,-12.630848],[-76.669275,-12.629944],[-76.669352,-12.62927],[-76.669504,-12.628379],[-76.669727,-12.627501],[-76.670292,-12.625544],[-76.670487,-12.624661],[-76.670579,-12.623534],[-76.670555,-12.622857],[-76.670457,-12.621958],[-76.670422,-12.621734],[-76.670265,-12.621074],[-76.66998,-12.620215],[-76.665551,-12.608812],[-76.663222,-12.602911],[-76.662947,-12.602048],[-76.662574,-12.600509],[-76.662327,-12.598945],[-76.66226,-12.598044],[-76.662201,-12.593748],[-76.662264,-12.592846],[-76.662396,-12.591951],[-76.662633,-12.591078],[-76.662928,-12.590222],[-76.663346,-12.589417],[-76.663833,-12.58865],[-76.664249,-12.58811],[-76.664695,-12.587594],[-76.665728,-12.586697],[-76.666651,-12.586026],[-76.668069,-12.58528],[-76.684235,-12.57718],[-76.688338,-12.57515],[-76.691601,-12.573488],[-76.69314,-12.572502],[-76.693873,-12.571957],[-76.706517,-12.561826],[-76.707726,-12.560783],[-76.708048,-12.56046],[-76.708503,-12.559951],[-76.708911,-12.559405],[-76.709282,-12.558834],[-76.709987,-12.557411],[-76.714782,-12.546892],[-76.720265,-12.534694],[-76.721148,-12.532855],[-76.722138,-12.530567],[-76.72418,-12.526017],[-76.724953,-12.524377],[-76.725268,-12.523773],[-76.726246,-12.522243],[-76.72721,-12.520977],[-76.730942,-12.516682],[-76.732067,-12.515252],[-76.733139,-12.513784],[-76.734713,-12.511557],[-76.735467,-12.510422],[-76.737468,-12.507662],[-76.738508,-12.506171],[-76.739582,-12.504703],[-76.740059,-12.503931],[-76.740602,-12.502935],[-76.741002,-12.502121],[-76.741423,-12.501069],[-76.741773,-12.499993],[-76.742473,-12.497369],[-76.743278,-12.494539],[-76.743792,-12.492568],[-76.745264,-12.487339],[-76.7467,-12.481866],[-76.747159,-12.48035],[-76.749201,-12.47293],[-76.749994,-12.469863],[-76.750718,-12.467246],[-76.751231,-12.465274],[-76.751398,-12.464797],[-76.752691,-12.45997],[-76.754589,-12.453142],[-76.756699,-12.445384],[-76.756902,-12.444384],[-76.756936,-12.443993],[-76.75692,-12.443273],[-76.756831,-12.442397],[-76.756722,-12.441881],[-76.754661,-12.43479],[-76.754453,-12.434152],[-76.754304,-12.4338],[-76.754103,-12.433466],[-76.753701,-12.432917],[-76.753461,-12.432536],[-76.753246,-12.432003],[-76.753189,-12.431807],[-76.753161,-12.431521],[-76.753184,-12.430952],[-76.7534,-12.428106],[-76.754131,-12.419899],[-76.756466,-12.409721],[-76.756494,-12.409203],[-76.756602,-12.404774],[-76.756616,-12.399812],[-76.75667,-12.399329],[-76.756864,-12.398668],[-76.756992,-12.398325],[-76.75728,-12.397803],[-76.757596,-12.397365],[-76.758055,-12.396862],[-76.770272,-12.38505],[-76.78359,-12.372258],[-76.787465,-12.368472],[-76.788849,-12.366879],[-76.78929,-12.366423],[-76.790031,-12.365747],[-76.790665,-12.365269],[-76.792634,-12.363521],[-76.802056,-12.354415],[-76.811541,-12.345308],[-76.812021,-12.344838],[-76.812588,-12.344209],[-76.816673,-12.338223],[-76.835161,-12.310493],[-76.836311,-12.30874],[-76.836972,-12.307836],[-76.837559,-12.307092],[-76.837907,-12.306693],[-76.838705,-12.305848],[-76.839203,-12.305369],[-76.84021,-12.304507],[-76.840665,-12.304149],[-76.841812,-12.303379],[-76.842331,-12.303059],[-76.843412,-12.302467],[-76.856912,-12.296422],[-76.85814,-12.295823],[-76.858782,-12.295466],[-76.859845,-12.294819],[-76.876617,-12.284318],[-76.878375,-12.28319],[-76.888957,-12.276566],[-76.890015,-12.275873],[-76.890651,-12.275496],[-76.897959,-12.270907],[-76.899955,-12.269613],[-76.905032,-12.266462],[-76.921261,-12.256242],[-76.921939,-12.255829],[-76.926779,-12.253077],[-76.927847,-12.252362],[-76.928552,-12.251851],[-76.933808,-12.24781],[-76.934385,-12.247404],[-76.934941,-12.247052],[-76.935703,-12.246628],[-76.965116,-12.231381],[-76.96542,-12.231207],[-76.965891,-12.230914],[-76.96655,-12.230445],[-76.967123,-12.229971],[-76.96746,-12.229646],[-76.968434,-12.22865],[-76.970257,-12.226687],[-76.97062,-12.226322],[-76.971373,-12.225667],[-76.975724,-12.221232],[-76.976056,-12.22084],[-76.976286,-12.220505],[-76.976534,-12.22004],[-76.976699,-12.219636],[-76.976834,-12.219146],[-76.976913,-12.218706],[-76.976945,-12.218251],[-76.976916,-12.217679],[-76.972618,-12.1943],[-76.972545,-12.193627],[-76.97252,-12.193087],[-76.972544,-12.192339],[-76.972602,-12.191767],[-76.972729,-12.191077],[-76.972828,-12.190667],[-76.973412,-12.188761],[-76.978617,-12.172379],[-76.97903,-12.171141],[-76.980147,-12.167288],[-76.983313,-12.15657],[-76.983566,-12.155486],[-76.983706,-12.15463],[-76.983767,-12.15369],[-76.983679,-12.153327],[-76.983549,-12.151905],[-76.983363,-12.151005],[-76.983129,-12.150174],[-76.98277,-12.149123],[-76.982621,-12.14891],[-76.982484,-12.148822],[-76.982334,-12.14877],[-76.982182,-12.14876],[-76.982037,-12.148784],[-76.98187,-12.148868],[-76.981768,-12.148956],[-76.981689,-12.149064],[-76.981519,-12.149442],[-76.9815,-12.149564],[-76.981532,-12.149735],[-76.981565,-12.149803],[-76.981697,-12.149915],[-76.981786,-12.14995],[-76.981934,-12.149962],[-76.982465,-12.149871],[-76.982853,-12.149699],[-76.983512,-12.149351],[-76.983877,-12.148995],[-76.983929,-12.14889],[-76.983924,-12.148767],[-76.983861,-12.148668],[-76.983754,-12.148613],[-76.983601,-12.148606],[-76.983426,-12.148635],[-76.983351,-12.148666],[-76.983224,-12.14877],[-76.983166,-12.148893],[-76.983152,-12.149008],[-76.983529,-12.15012],[-76.98357,-12.150313],[-76.983832,-12.152146],[-76.983918,-12.153061],[-76.983916,-12.153954],[-76.983839,-12.154895],[-76.983873,-12.155088],[-76.984041,-12.155521],[-76.983779,-12.156399],[-76.98416,-12.156519]]}}]}