{"type":"FeatureCollection","features":[{"type":"Feature","properties":{"fuente":"OpenStreetMap 2026-10-02 (recorrido.py)","pasos":[{"accion":"inicio","via":"Vía Buses","m":20},{"accion":"sigue","via":"Avenida Túpac Amaru","m":2925},{"accion":"sigue","via":"Avenida Caquetá","m":1117},{"accion":"sigue","via":"Avenida Alfonso Ugarte","m":2372},{"accion":"rotonda","salida":4,"via":"Avenida 9 de Diciembre","m":240},{"accion":"sigue","via":"Avenida 9 de Diciembre","m":340},{"accion":"sigue","via":"Avenida Paseo de la República","m":493},{"accion":"izquierda","via":"Avenida 28 de Julio","m":99},{"accion":"izquierda","via":"Avenida Paseo de la República","m":1368},{"accion":"sigue","via":"Avenida Prolongación Iquitos","m":848},{"accion":"izquierda","via":"Avenida Juan Pardo de Zela","m":144},{"accion":"sigue","via":"Avenida Canadá","m":4407},{"accion":"derecha","via":"Avenida Circunvalación","m":1540},{"accion":"sigue","via":"Carretera Panamericana Sur","m":315},{"accion":"sigue","via":"Avenida Panamericana Sur","m":82},{"accion":"sigue","via":"Carretera Panamericana Sur","m":5381},{"accion":"sigue","via":"Avenida Panamericana Sur","m":1640},{"accion":"izquierda","via":"Avenida Los Álamos","m":104},{"accion":"derecha","via":"Avenida Paseo de la República","m":57},{"accion":"sigue","via":"Avenida Los Álamos","m":90},{"accion":"sigue","via":"Avenida Panamericana Sur","m":3575},{"accion":"sigue","via":"Carretera Panamericana Sur","m":42181}],"sin_calle":3,"fuera":[0,1414336]},"geometry":{"type":"LineString","coordinates":[[-77.055539,-12.005],[-77.05537,-12.005118],[-77.055188,-12.004868],[-77.054593,-12.004807],[-77.054484,-12.004868],[-77.054444,-12.004913],[-77.053685,-12.008651],[-77.053412,-12.009774],[-77.051992,-12.01612],[-77.051713,-12.017275],[-77.05169,-12.017531],[-77.051429,-12.018753],[-77.050835,-12.02193],[-77.050714,-12.022452],[-77.050632,-12.022665],[-77.050513,-12.022892],[-77.050344,-12.023119],[-77.050121,-12.023366],[-77.048186,-12.024988],[-77.046846,-12.026174],[-77.044603,-12.02827],[-77.044529,-12.028353],[-77.044466,-12.028516],[-77.043955,-12.03415],[-77.043765,-12.03683],[-77.04371,-12.03741],[-77.043655,-12.03756],[-77.043586,-12.038021],[-77.04339,-12.040167],[-77.043362,-12.04086],[-77.043043,-12.044149],[-77.043016,-12.044262],[-77.042822,-12.047096],[-77.04281,-12.047201],[-77.042731,-12.047459],[-77.042568,-12.049462],[-77.042541,-12.049944],[-77.042569,-12.050165],[-77.042504,-12.050693],[-77.042203,-12.054504],[-77.041766,-12.059488],[-77.041768,-12.05962],[-77.041808,-12.059757],[-77.04195,-12.059861],[-77.042078,-12.060068],[-77.042102,-12.060293],[-77.042063,-12.060445],[-77.041981,-12.06058],[-77.041848,-12.060696],[-77.041695,-12.060762],[-77.041516,-12.060779],[-77.04135,-12.060742],[-77.041225,-12.060678],[-77.041068,-12.060506],[-77.04101,-12.060362],[-77.040905,-12.060288],[-77.038031,-12.06006],[-77.037925,-12.060045],[-77.037929,-12.060002],[-77.037041,-12.05992],[-77.036812,-12.059912],[-77.036585,-12.059947],[-77.036374,-12.060034],[-77.036124,-12.059937],[-77.035998,-12.060452],[-77.035821,-12.060757],[-77.035666,-12.060941],[-77.035145,-12.061433],[-77.034987,-12.061611],[-77.034768,-12.062008],[-77.034101,-12.063831],[-77.033702,-12.063784],[-77.033735,-12.063686],[-77.034138,-12.063738],[-77.03357,-12.065238],[-77.03247,-12.068308],[-77.030916,-12.072795],[-77.030602,-12.073419],[-77.030032,-12.074988],[-77.029617,-12.075876],[-77.029561,-12.07605],[-77.029481,-12.076482],[-77.029411,-12.076732],[-77.028942,-12.077804],[-77.028809,-12.078617],[-77.028613,-12.08049],[-77.028298,-12.082631],[-77.028179,-12.082614],[-77.02817,-12.082674],[-77.026807,-12.082514],[-77.025597,-12.082309],[-77.02238,-12.081649],[-77.020522,-12.081314],[-77.019863,-12.081298],[-77.019398,-12.081323],[-77.019121,-12.081369],[-77.018423,-12.081544],[-77.017265,-12.08201],[-77.011663,-12.084512],[-77.010849,-12.084897],[-77.010423,-12.084998],[-77.010186,-12.085018],[-77.009945,-12.085004],[-77.007408,-12.084621],[-76.999355,-12.083499],[-76.998777,-12.083348],[-76.998253,-12.083122],[-76.997631,-12.082763],[-76.997326,-12.082559],[-76.996215,-12.081892],[-76.995822,-12.081694],[-76.995305,-12.081531],[-76.994136,-12.081285],[-76.993625,-12.081116],[-76.993423,-12.081021],[-76.992928,-12.080711],[-76.990117,-12.078563],[-76.989056,-12.077784],[-76.988444,-12.078527],[-76.987522,-12.079748],[-76.984359,-12.083789],[-76.984253,-12.084034],[-76.984192,-12.084281],[-76.983859,-12.086151],[-76.983799,-12.08633],[-76.983721,-12.086465],[-76.983459,-12.08673],[-76.982339,-12.087568],[-76.982135,-12.087756],[-76.981718,-12.088272],[-76.981605,-12.08845],[-76.981413,-12.088835],[-76.981327,-12.08907],[-76.980786,-12.092621],[-76.980543,-12.094544],[-76.980283,-12.096258],[-76.979059,-12.105066],[-76.97843,-12.109425],[-76.977381,-12.117227],[-76.977316,-12.118011],[-76.977032,-12.127029],[-76.977081,-12.127675],[-76.977213,-12.128236],[-76.977341,-12.128667],[-76.979939,-12.135346],[-76.980204,-12.136084],[-76.980506,-12.137121],[-76.980694,-12.138001],[-76.981922,-12.144976],[-76.982214,-12.146424],[-76.982541,-12.147585],[-76.983433,-12.150239],[-76.983698,-12.151245],[-76.983832,-12.152146],[-76.983918,-12.153061],[-76.983916,-12.153954],[-76.983839,-12.154895],[-76.983873,-12.155088],[-76.984041,-12.155521],[-76.983971,-12.155794],[-76.984141,-12.155934],[-76.984412,-12.156068],[-76.984261,-12.156316],[-76.984135,-12.156751],[-76.98402,-12.156931],[-76.983634,-12.156858],[-76.983392,-12.15764],[-76.983252,-12.157769],[-76.98304,-12.158032],[-76.979801,-12.168993],[-76.979216,-12.171063],[-76.978414,-12.173531],[-76.977107,-12.1777],[-76.975232,-12.183497],[-76.974162,-12.186896],[-76.973691,-12.18847],[-76.973085,-12.190286],[-76.972878,-12.191093],[-76.972926,-12.19127],[-76.972865,-12.191617],[-76.972753,-12.191781],[-76.972697,-12.192349],[-76.972672,-12.192878],[-76.972697,-12.193623],[-76.972765,-12.19427],[-76.977084,-12.21777],[-76.977101,-12.218161],[-76.977074,-12.218673],[-76.977028,-12.219013],[-76.976922,-12.219454],[-76.97675,-12.219929],[-76.976554,-12.220343],[-76.976309,-12.220741],[-76.976079,-12.221056],[-76.974945,-12.222271],[-76.971728,-12.225569],[-76.969105,-12.22808],[-76.968565,-12.228748],[-76.967602,-12.229763],[-76.966929,-12.230366],[-76.966374,-12.230803],[-76.965993,-12.231058],[-76.965136,-12.231557],[-76.960833,-12.233764],[-76.94618,-12.241367],[-76.939631,-12.244789],[-76.935771,-12.246766],[-76.934993,-12.247203],[-76.934469,-12.24753],[-76.933916,-12.247919],[-76.927934,-12.252488],[-76.926877,-12.253195],[-76.921524,-12.25625],[-76.915658,-12.259949],[-76.912447,-12.262002],[-76.911632,-12.262484],[-76.905096,-12.266602],[-76.900043,-12.269746],[-76.894338,-12.273369],[-76.881535,-12.281361],[-76.861751,-12.293788],[-76.859696,-12.295103],[-76.858216,-12.295956],[-76.856967,-12.29657],[-76.8466,-12.301169],[-76.843482,-12.302579],[-76.842946,-12.302856],[-76.84187,-12.303494],[-76.840727,-12.304254],[-76.840299,-12.3046],[-76.839284,-12.305471],[-76.838799,-12.305946],[-76.838005,-12.306777],[-76.837094,-12.3079],[-76.836389,-12.308874],[-76.813266,-12.343539],[-76.812596,-12.344428],[-76.81215,-12.344897],[-76.793414,-12.362912],[-76.792555,-12.363712],[-76.789513,-12.366632],[-76.788346,-12.367795],[-76.784678,-12.37136],[-76.771046,-12.384553],[-76.763507,-12.391764],[-76.758079,-12.397024],[-76.757708,-12.39743],[-76.757364,-12.397899],[-76.757115,-12.398386],[-76.756896,-12.399008],[-76.756789,-12.399492],[-76.756746,-12.399831],[-76.756686,-12.408235],[-76.756626,-12.409459],[-76.756532,-12.410079],[-76.754901,-12.417171],[-76.75436,-12.419585],[-76.754249,-12.42018],[-76.754163,-12.420817],[-76.753517,-12.428315],[-76.753482,-12.429301],[-76.753517,-12.429923],[-76.753618,-12.430693],[-76.75373,-12.431216],[-76.754818,-12.434859],[-76.75684,-12.441843],[-76.756962,-12.442383],[-76.75703,-12.442864],[-76.75707,-12.443625],[-76.757063,-12.443999],[-76.756959,-12.444841],[-76.756832,-12.445426],[-76.756058,-12.44828],[-76.753246,-12.458501],[-76.752208,-12.462604],[-76.751997,-12.462547],[-76.751722,-12.463538],[-76.751398,-12.464797],[-76.751491,-12.465224],[-76.742117,-12.499499],[-76.741847,-12.500363],[-76.741539,-12.501215],[-76.741006,-12.502466],[-76.740259,-12.503867],[-76.739655,-12.504828],[-76.731751,-12.515939],[-76.731055,-12.516838],[-76.72734,-12.521146],[-76.726381,-12.522416],[-76.726004,-12.522983],[-76.725538,-12.523763],[-76.725219,-12.524364],[-76.722913,-12.529292],[-76.722264,-12.53074],[-76.721409,-12.532838],[-76.719281,-12.537349],[-76.710405,-12.556969],[-76.709635,-12.558611],[-76.709414,-12.559007],[-76.709045,-12.55958],[-76.708629,-12.56012],[-76.708329,-12.560462],[-76.707331,-12.561396],[-76.705216,-12.563135],[-76.69399,-12.572117],[-76.693262,-12.572668],[-76.692882,-12.572922],[-76.691711,-12.573636],[-76.691108,-12.573965],[-76.667575,-12.585753],[-76.666773,-12.586194],[-76.6662,-12.58657],[-76.665488,-12.587141],[-76.664676,-12.58794],[-76.664086,-12.588631],[-76.663598,-12.589397],[-76.663277,-12.589997],[-76.6628,-12.59127],[-76.662586,-12.592149],[-76.662479,-12.592819],[-76.662436,-12.593269],[-76.662421,-12.596208],[-76.662461,-12.598242],[-76.662639,-12.599815],[-76.662873,-12.600922],[-76.663158,-12.602017],[-76.663369,-12.602662],[-76.664159,-12.604785],[-76.670328,-12.620617],[-76.670615,-12.62171],[-76.670694,-12.622156],[-76.670759,-12.622831],[-76.670778,-12.623509],[-76.670686,-12.624635],[-76.670576,-12.625305],[-76.669711,-12.628352],[-76.669576,-12.629017],[-76.669512,-12.629465],[-76.669479,-12.629916],[-76.669464,-12.63082],[-76.669521,-12.631495],[-76.669667,-12.632388],[-76.669962,-12.633713],[-76.670056,-12.634612],[-76.670067,-12.63529],[-76.67005,-12.635742],[-76.669936,-12.636639],[-76.669735,-12.637521],[-76.663338,-12.656155],[-76.662883,-12.657435],[-76.662323,-12.658674],[-76.662007,-12.659277],[-76.661433,-12.660256],[-76.66027,-12.661937],[-76.653583,-12.670846],[-76.652096,-12.672857],[-76.651738,-12.673436],[-76.651523,-12.673835],[-76.651239,-12.674453],[-76.65093,-12.675305],[-76.65081,-12.675741],[-76.648818,-12.685494],[-76.648606,-12.686374],[-76.64811,-12.687879],[-76.647766,-12.688717],[-76.64718,-12.689945],[-76.646623,-12.690933],[-76.646025,-12.691898],[-76.641683,-12.698557],[-76.640921,-12.699686],[-76.637089,-12.705593],[-76.636571,-12.70634],[-76.636162,-12.706885],[-76.635278,-12.707926],[-76.634159,-12.709061],[-76.633122,-12.709953],[-76.621783,-12.719156],[-76.621446,-12.719464],[-76.620339,-12.72061],[-76.619327,-12.721839],[-76.618675,-12.72277],[-76.618188,-12.723537],[-76.617763,-12.724338],[-76.617184,-12.725569],[-76.6167,-12.726839],[-76.616375,-12.727923],[-76.614219,-12.736714],[-76.612766,-12.742416],[-76.612214,-12.74414],[-76.611772,-12.745184],[-76.611058,-12.746601],[-76.610216,-12.747949],[-76.605571,-12.754406],[-76.603887,-12.756832],[-76.602657,-12.758466],[-76.593579,-12.769264],[-76.587409,-12.776562],[-76.586345,-12.777747],[-76.585704,-12.778395],[-76.585194,-12.778851],[-76.584309,-12.779571],[-76.583762,-12.779983],[-76.582616,-12.780735],[-76.582027,-12.781087],[-76.571397,-12.786919],[-76.564962,-12.79041],[-76.560728,-12.792681],[-76.559752,-12.793275],[-76.558452,-12.794205],[-76.557749,-12.794787],[-76.554852,-12.797363],[-76.550513,-12.801063],[-76.543274,-12.807336],[-76.542789,-12.807818],[-76.542369,-12.808354],[-76.542135,-12.808743],[-76.542032,-12.808945],[-76.541802,-12.809583],[-76.541697,-12.810023],[-76.541352,-12.812487],[-76.541198,-12.813379],[-76.541145,-12.813598],[-76.540797,-12.814675],[-76.540621,-12.815093],[-76.540092,-12.816096],[-76.539716,-12.816665],[-76.53931,-12.817212],[-76.537529,-12.819283],[-76.53482,-12.822356],[-76.527046,-12.831278],[-76.525577,-12.833015],[-76.524904,-12.833932],[-76.524295,-12.83489],[-76.523741,-12.83588],[-76.523085,-12.837324],[-76.522581,-12.838586],[-76.522208,-12.839413],[-76.521792,-12.840219],[-76.521347,-12.84101],[-76.520627,-12.842166],[-76.519973,-12.843095],[-76.51882,-12.844503],[-76.516362,-12.84719],[-76.515642,-12.848071],[-76.514847,-12.849178],[-76.514262,-12.850151],[-76.513831,-12.85095],[-76.513266,-12.852186],[-76.512797,-12.853462],[-76.51156,-12.858051],[-76.511235,-12.859369],[-76.511044,-12.860483],[-76.510966,-12.861157],[-76.510893,-12.862738],[-76.510899,-12.863416],[-76.511244,-12.869285],[-76.511289,-12.870867],[-76.510912,-12.882844],[-76.5108,-12.883969],[-76.510674,-12.884864],[-76.510487,-12.88575],[-76.510211,-12.886847],[-76.509761,-12.888129],[-76.502199,-12.905845],[-76.501782,-12.906898],[-76.501645,-12.90733],[-76.501452,-12.908214],[-76.50133,-12.909337],[-76.501321,-12.909789],[-76.501358,-12.910466],[-76.501487,-12.91159],[-76.501869,-12.914505],[-76.501994,-12.915628],[-76.502019,-12.916306],[-76.501994,-12.916983],[-76.501952,-12.917433],[-76.501796,-12.918325],[-76.501561,-12.919199],[-76.499801,-12.924816],[-76.499589,-12.925696],[-76.49945,-12.926589],[-76.49938,-12.927717],[-76.49937,-12.929074],[-76.499197,-12.930875],[-76.499018,-12.931991],[-76.49871,-12.933313],[-76.498302,-12.934609],[-76.497798,-12.935871],[-76.496825,-12.937919],[-76.496488,-12.93876],[-76.496364,-12.939195],[-76.496293,-12.939641],[-76.49626,-12.940092],[-76.496268,-12.940544],[-76.49628,-12.94077],[-76.496361,-12.941215],[-76.496482,-12.94165],[-76.496652,-12.942071],[-76.496983,-12.942665],[-76.497239,-12.94304],[-76.497539,-12.943382],[-76.497865,-12.9437],[-76.498414,-12.944108],[-76.499754,-12.944983],[-76.500288,-12.945411],[-76.500762,-12.945901],[-76.501007,-12.946283],[-76.501318,-12.946888],[-76.501479,-12.947311],[-76.501607,-12.947745],[-76.501665,-12.947964],[-76.501733,-12.948411],[-76.50175,-12.949089],[-76.501637,-12.949986],[-76.498717,-12.967385],[-76.498451,-12.968485],[-76.498152,-12.969339],[-76.494662,-12.977705],[-76.490155,-12.988347],[-76.486911,-12.996078],[-76.485662,-12.998995],[-76.481993,-13.007777],[-76.479415,-13.013822],[-76.476878,-13.019884],[-76.475768,-13.022367],[-76.473758,-13.027176],[-76.473235,-13.028672],[-76.473042,-13.029323],[-76.472836,-13.030204],[-76.472613,-13.031543],[-76.472516,-13.032442],[-76.472449,-13.033797],[-76.47239,-13.037866],[-76.472347,-13.03877],[-76.472307,-13.03922],[-76.472151,-13.040111],[-76.471836,-13.041431],[-76.47129,-13.04292],[-76.470802,-13.043943],[-76.470462,-13.044533],[-76.469967,-13.045294],[-76.468908,-13.046772],[-76.464329,-13.052716],[-76.463154,-13.054106],[-76.462373,-13.054935],[-76.461046,-13.056185],[-76.457018,-13.059548],[-76.452093,-13.063616],[-76.451259,-13.064393],[-76.450333,-13.065397],[-76.449769,-13.066111],[-76.44923,-13.066843],[-76.448728,-13.0676],[-76.444072,-13.075395],[-76.44331,-13.076525],[-76.442884,-13.077058],[-76.442352,-13.077795],[-76.441766,-13.078491],[-76.439345,-13.081212],[-76.43401,-13.087428],[-76.427416,-13.094964],[-76.42579,-13.096868],[-76.422183,-13.10097],[-76.416049,-13.108001],[-76.414823,-13.109348],[-76.413875,-13.110333],[-76.412881,-13.111271],[-76.411802,-13.112115],[-76.410663,-13.112877],[-76.41007,-13.113221],[-76.408853,-13.113858],[-76.399719,-13.118107],[-76.399117,-13.118436],[-76.398922,-13.118556],[-76.398003,-13.119232],[-76.397332,-13.119849],[-76.396726,-13.120528],[-76.396452,-13.120891],[-76.396075,-13.121459],[-76.395848,-13.121852],[-76.389835,-13.133552],[-76.388035,-13.136962],[-76.386703,-13.139593],[-76.384713,-13.143415],[-76.384449,-13.144042],[-76.384167,-13.144902],[-76.383686,-13.146881],[-76.383456,-13.14752],[-76.383098,-13.148353],[-76.382768,-13.148948],[-76.381987,-13.150066],[-76.381041,-13.151345],[-76.380521,-13.15209],[-76.380101,-13.152628],[-76.379585,-13.153376],[-76.379037,-13.154101],[-76.378726,-13.154434],[-76.37838,-13.154731],[-76.377642,-13.155268],[-76.377331,-13.155597],[-76.375244,-13.156997],[-76.374181,-13.157859],[-76.373607,-13.158234],[-76.373405,-13.158342],[-76.372979,-13.15851],[-76.371678,-13.159435],[-76.370909,-13.159927],[-76.370375,-13.160355],[-76.36921,-13.161079],[-76.36828,-13.161742],[-76.365946,-13.163574],[-76.360619,-13.167873],[-76.35954,-13.168717],[-76.359195,-13.169015],[-76.35843,-13.169858],[-76.358026,-13.170408],[-76.357781,-13.170789],[-76.356882,-13.172621],[-76.356607,-13.173483],[-76.35653,-13.173928],[-76.356434,-13.174828],[-76.356412,-13.175279],[-76.356412,-13.175957],[-76.356569,-13.178892],[-76.356548,-13.180249],[-76.356462,-13.180921],[-76.355991,-13.183134],[-76.355363,-13.185072],[-76.355092,-13.185694],[-76.354577,-13.186705],[-76.354239,-13.187295],[-76.353435,-13.188396],[-76.353074,-13.188973],[-76.352458,-13.189643],[-76.351881,-13.190347],[-76.350423,-13.191788],[-76.348879,-13.193461],[-76.347917,-13.194432],[-76.347567,-13.194724],[-76.347093,-13.195216],[-76.346756,-13.195524],[-76.346178,-13.196225],[-76.344582,-13.197849],[-76.343923,-13.198479],[-76.343131,-13.199297],[-76.342518,-13.199971],[-76.341064,-13.201417],[-76.340293,-13.202253],[-76.339779,-13.202704],[-76.338822,-13.203678],[-76.338561,-13.204049],[-76.337637,-13.205053],[-76.337195,-13.205573],[-76.336938,-13.205947],[-76.336037,-13.206973],[-76.335461,-13.207677],[-76.33499,-13.208171],[-76.3335,-13.209891],[-76.332969,-13.210628],[-76.332249,-13.211509],[-76.331191,-13.2127],[-76.330873,-13.213027],[-76.330608,-13.213396],[-76.329854,-13.214247],[-76.329445,-13.214793],[-76.328567,-13.215838],[-76.328112,-13.216347],[-76.327844,-13.216714],[-76.327265,-13.217416],[-76.3265,-13.218259],[-76.325798,-13.219153],[-76.325278,-13.219592],[-76.32496,-13.219918],[-76.324517,-13.220438],[-76.324006,-13.220891],[-76.322186,-13.222269],[-76.321228,-13.222893],[-76.32064,-13.223246],[-76.319629,-13.223782],[-76.319006,-13.224071],[-76.318161,-13.224423],[-76.31664,-13.224935],[-76.315979,-13.225124],[-76.31531,-13.225286],[-76.313959,-13.225552],[-76.313277,-13.225645],[-76.311446,-13.22578],[-76.308461,-13.225777],[-76.305481,-13.225619],[-76.303185,-13.22561],[-76.302497,-13.225652],[-76.301815,-13.225736],[-76.30048,-13.226072],[-76.300042,-13.226208],[-76.299196,-13.226557],[-76.298584,-13.226869],[-76.29745,-13.227638],[-76.297284,-13.227793],[-76.296359,-13.228797],[-76.295811,-13.229523],[-76.294399,-13.231585],[-76.292174,-13.234743],[-76.290447,-13.23714],[-76.289843,-13.238101],[-76.289564,-13.238459],[-76.286732,-13.242578],[-76.286497,-13.242966],[-76.286193,-13.243575],[-76.285705,-13.244842],[-76.278891,-13.266433],[-76.278418,-13.267707],[-76.277504,-13.270025],[-76.276658,-13.271882],[-76.275843,-13.273502],[-76.274862,-13.275293],[-76.273608,-13.277452],[-76.272945,-13.278641],[-76.272694,-13.279019],[-76.272259,-13.279816],[-76.27068,-13.282573],[-76.270318,-13.28315],[-76.269921,-13.283704],[-76.269479,-13.284223],[-76.269149,-13.284536],[-76.268373,-13.285369],[-76.261225,-13.292716],[-76.260304,-13.293725],[-76.259882,-13.29426],[-76.259379,-13.295017],[-76.258741,-13.296219],[-76.25809,-13.297665],[-76.257767,-13.298512],[-76.257333,-13.299558],[-76.256473,-13.301156],[-76.256284,-13.301568],[-76.256063,-13.301964],[-76.25582,-13.302348],[-76.255155,-13.303269],[-76.25455,-13.303949],[-76.254026,-13.304691],[-76.25203,-13.307171],[-76.25094,-13.308627],[-76.250199,-13.30977],[-76.249315,-13.311356],[-76.248591,-13.312769],[-76.247936,-13.314214],[-76.247406,-13.315216],[-76.244953,-13.320075],[-76.243001,-13.324167],[-76.242279,-13.325321],[-76.227345,-13.345097],[-76.226431,-13.346398],[-76.217117,-13.360391],[-76.211215,-13.370087],[-76.210768,-13.370877],[-76.197158,-13.396526],[-76.194506,-13.402044],[-76.194086,-13.402848],[-76.193068,-13.405124],[-76.192909,-13.405548],[-76.192675,-13.406423],[-76.191786,-13.410859],[-76.191076,-13.414177],[-76.19071,-13.415485],[-76.190536,-13.415903],[-76.190244,-13.416517],[-76.190131,-13.416713],[-76.189023,-13.418431],[-76.186473,-13.422191],[-76.185751,-13.423347],[-76.185331,-13.424151],[-76.184995,-13.424992],[-76.184726,-13.425857],[-76.183857,-13.428431],[-76.183588,-13.429296],[-76.183279,-13.430148],[-76.182292,-13.433159],[-76.182043,-13.433792],[-76.181792,-13.434661],[-76.181499,-13.435518],[-76.180984,-13.437488],[-76.180785,-13.43883],[-76.180458,-13.442206],[-76.180413,-13.442883],[-76.180119,-13.445808],[-76.180058,-13.44671],[-76.179436,-13.453465],[-76.179326,-13.454363],[-76.179017,-13.45774],[-76.17893,-13.459321],[-76.178953,-13.459998],[-76.179092,-13.461348],[-76.179246,-13.462239],[-76.179617,-13.463545],[-76.180402,-13.46567],[-76.181856,-13.469479],[-76.182392,-13.470972],[-76.183662,-13.474366],[-76.183976,-13.475453],[-76.184082,-13.475893],[-76.184309,-13.477231],[-76.184396,-13.478131],[-76.184963,-13.492816],[-76.185081,-13.4953],[-76.185385,-13.503208],[-76.185418,-13.504564],[-76.185372,-13.505693],[-76.185237,-13.507043],[-76.183431,-13.519579],[-76.183189,-13.521372],[-76.183129,-13.522048],[-76.1831,-13.522951],[-76.18307,-13.540134],[-76.182978,-13.541488],[-76.182895,-13.542161],[-76.180933,-13.55261],[-76.180832,-13.553962],[-76.180505,-13.560964],[-76.180362,-13.562312],[-76.180157,-13.563424],[-76.179864,-13.564517],[-76.179658,-13.565165],[-76.179344,-13.566014],[-76.178568,-13.567653],[-76.176302,-13.572099],[-76.175729,-13.573078],[-76.174118,-13.575553],[-76.168331,-13.584253],[-76.167893,-13.585047],[-76.167396,-13.586066],[-76.16681,-13.58754],[-76.166671,-13.58797],[-76.166318,-13.589282],[-76.166033,-13.591068],[-76.165951,-13.591969],[-76.165953,-13.593099],[-76.166524,-13.602125],[-76.166562,-13.603029],[-76.166628,-13.603704],[-76.166698,-13.604832],[-76.16679,-13.605732],[-76.166927,-13.606626],[-76.167129,-13.607739],[-76.16747,-13.609053],[-76.167949,-13.610564],[-76.170979,-13.619579],[-76.17202,-13.622811],[-76.172428,-13.624575],[-76.172664,-13.62614],[-76.172777,-13.627492],[-76.172841,-13.629299],[-76.173002,-13.632234],[-76.173075,-13.634494],[-76.17329,-13.638784],[-76.173581,-13.646466],[-76.173589,-13.647144],[-76.173877,-13.653468],[-76.173912,-13.65505],[-76.174037,-13.658213],[-76.173979,-13.659568],[-76.173713,-13.661128],[-76.173528,-13.661782],[-76.173247,-13.662642],[-76.172911,-13.663484],[-76.172312,-13.664705],[-76.171561,-13.665842],[-76.170616,-13.667122],[-76.170117,-13.667881],[-76.169159,-13.669152],[-76.16758,-13.671375],[-76.167204,-13.671943],[-76.165855,-13.673772],[-76.165486,-13.674344],[-76.16493,-13.675334],[-76.164349,-13.676809],[-76.163965,-13.678111],[-76.163741,-13.679219],[-76.163646,-13.680118],[-76.163603,-13.681248],[-76.163611,-13.68283],[-76.16365,-13.68396],[-76.163739,-13.692777],[-76.163778,-13.693454],[-76.164087,-13.695237],[-76.164955,-13.698048],[-76.165186,-13.698924],[-76.165444,-13.700485],[-76.165518,-13.701387],[-76.165529,-13.702291],[-76.165392,-13.707715],[-76.165389,-13.708846],[-76.165339,-13.710202],[-76.165318,-13.712462],[-76.165268,-13.713365],[-76.165244,-13.714496],[-76.165121,-13.717658],[-76.165148,-13.719467],[-76.165222,-13.720141],[-76.165337,-13.72081],[-76.165783,-13.722564],[-76.166203,-13.724092],[-76.166418,-13.724971],[-76.166632,-13.726082],[-76.166845,-13.727422],[-76.16698,-13.728544],[-76.167087,-13.730123],[-76.167037,-13.732384],[-76.166943,-13.73351],[-76.166672,-13.735299],[-76.16594,-13.738844],[-76.165716,-13.740182],[-76.165663,-13.741311],[-76.165688,-13.742441],[-76.165848,-13.744016],[-76.165964,-13.744684],[-76.166213,-13.745555],[-76.166901,-13.747712],[-76.167177,-13.748809],[-76.167406,-13.750375],[-76.167449,-13.750825],[-76.16745,-13.75218],[-76.167376,-13.753081],[-76.167227,-13.754202],[-76.166991,-13.755309],[-76.166672,-13.756628],[-76.166413,-13.75796],[-76.16631,-13.759086],[-76.166271,-13.760442],[-76.166377,-13.761567],[-76.166477,-13.762238],[-76.166705,-13.763346],[-76.169151,-13.772531],[-76.169544,-13.774066],[-76.169738,-13.77495],[-76.169834,-13.77562],[-76.169869,-13.77675],[-76.169841,-13.777201],[-76.169761,-13.777646],[-76.169649,-13.778084],[-76.169366,-13.778944],[-76.169284,-13.779155],[-76.168888,-13.779971],[-76.16566,-13.785446],[-76.163565,-13.788954],[-76.162726,-13.790303],[-76.159731,-13.795388],[-76.149026,-13.81332],[-76.145435,-13.819371],[-76.144487,-13.820921],[-76.144044,-13.821713],[-76.143765,-13.822333],[-76.143516,-13.822965],[-76.141885,-13.827673],[-76.14155,-13.828515],[-76.141092,-13.829794],[-76.140534,-13.831517],[-76.13998,-13.833003],[-76.138808,-13.836431],[-76.138563,-13.837065],[-76.138212,-13.838141],[-76.137891,-13.838988],[-76.136807,-13.842207],[-76.133322,-13.852025],[-76.13201,-13.855645],[-76.127262,-13.869338],[-76.125288,-13.874886],[-76.12494,-13.875722],[-76.124398,-13.876718],[-76.124019,-13.877284],[-76.123455,-13.877998],[-76.122995,-13.878503],[-76.122484,-13.878957],[-76.121578,-13.879651],[-76.120993,-13.88001],[-76.119119,-13.880865],[-76.11489,-13.882628],[-76.106068,-13.886462],[-76.102476,-13.887966],[-76.09849,-13.889711],[-76.094049,-13.891561],[-76.086483,-13.894836],[-76.083737,-13.895989],[-76.082268,-13.89663],[-76.076776,-13.898933],[-76.073415,-13.900394],[-76.072169,-13.900972],[-76.067948,-13.902752],[-76.063921,-13.904406],[-76.063492,-13.904565],[-76.063274,-13.904637],[-76.062384,-13.904859],[-76.061477,-13.905],[-76.060331,-13.905064],[-76.057807,-13.905131],[-76.05092,-13.90526],[-76.048624,-13.905281],[-76.038295,-13.905522],[-76.036689,-13.905578],[-76.036231,-13.905612],[-76.035099,-13.905795],[-76.033529,-13.906134],[-76.024361,-13.908235],[-76.020322,-13.909098],[-76.01764,-13.90972],[-76.016537,-13.910031],[-76.015906,-13.910303],[-76.015298,-13.910622],[-76.014725,-13.910997],[-76.01436,-13.911271],[-76.01368,-13.911879],[-76.007045,-13.918454],[-76.006199,-13.919218],[-76.005649,-13.919626],[-76.005069,-13.919992],[-76.004258,-13.920415],[-76.003836,-13.920595],[-76.003624,-13.920679],[-76.002526,-13.92101],[-75.986092,-13.925254],[-75.981198,-13.926486],[-75.978983,-13.927082],[-75.96987,-13.929405],[-75.968748,-13.92964],[-75.967834,-13.929724],[-75.953375,-13.930132],[-75.929047,-13.93077],[-75.92813,-13.930818],[-75.925147,-13.930914],[-75.922398,-13.931106],[-75.92011,-13.931294],[-75.917602,-13.931579],[-75.915769,-13.931693],[-75.910504,-13.932099],[-75.907751,-13.932213],[-75.904312,-13.932394],[-75.900881,-13.932686],[-75.899973,-13.932819],[-75.899058,-13.9329],[-75.886918,-13.933712],[-75.883938,-13.93388],[-75.874547,-13.934521],[-75.857136,-13.935651],[-75.854159,-13.935865],[-75.844993,-13.936436],[-75.830106,-13.937465],[-75.820024,-13.938089],[-75.819112,-13.938189],[-75.818221,-13.938406],[-75.817568,-13.938622],[-75.816728,-13.938986],[-75.816124,-13.939312],[-75.814586,-13.9403],[-75.809529,-13.943424],[-75.808379,-13.944171],[-75.800013,-13.949332],[-75.79265,-13.953942],[-75.789333,-13.955968],[-75.788567,-13.956466],[-75.787451,-13.957262],[-75.786594,-13.958013],[-75.786103,-13.958488],[-75.785634,-13.958985],[-75.785189,-13.959503],[-75.784253,-13.960788],[-75.783795,-13.961573],[-75.782752,-13.963587],[-75.780561,-13.968068],[-75.778169,-13.972704],[-75.777945,-13.973099],[-75.775905,-13.97715],[-75.775421,-13.978175],[-75.7749,-13.979182],[-75.774431,-13.980214],[-75.773545,-13.98302],[-75.772518,-13.986494],[-75.771851,-13.988657],[-75.771684,-13.989314],[-75.766063,-14.007718],[-75.764708,-14.012038],[-75.760585,-14.025455],[-75.760053,-14.026706],[-75.749378,-14.046722],[-75.748974,-14.047534],[-75.748513,-14.048317],[-75.747435,-14.050313],[-75.747083,-14.051148],[-75.746885,-14.051553],[-75.746612,-14.051915],[-75.744377,-14.055338],[-75.743203,-14.05754],[-75.742536,-14.058726],[-75.742275,-14.059354],[-75.742133,-14.059784],[-75.740423,-14.065651],[-75.740325,-14.066093],[-75.740294,-14.06654],[-75.74021,-14.066746],[-75.740025,-14.066861],[-75.739822,-14.066793],[-75.739716,-14.066595],[-75.739541,-14.066451],[-75.737547,-14.065917],[-75.734684,-14.065089],[-75.733577,-14.064788],[-75.733571,-14.064608],[-75.733756,-14.063955],[-75.733681,-14.063803],[-75.733488,-14.063777],[-75.733406,-14.063988],[-75.733242,-14.064065],[-75.733251,-14.063881],[-75.733299,-14.063725],[-75.733229,-14.063941],[-75.733084,-14.064017],[-75.732859,-14.063996],[-75.7324,-14.064008],[-75.732222,-14.064062],[-75.732231,-14.064288],[-75.732388,-14.0644],[-75.73327,-14.064653],[-75.734604,-14.064992],[-75.735701,-14.065324],[-75.737467,-14.065819],[-75.739463,-14.066346],[-75.739688,-14.066371],[-75.740065,-14.066125],[-75.740269,-14.066203],[-75.740303,-14.066422],[-75.740255,-14.066642],[-75.740014,-14.067023],[-75.739938,-14.067236],[-75.739891,-14.067457],[-75.73951,-14.068761],[-75.73875,-14.071132],[-75.738703,-14.071354],[-75.738695,-14.071579],[-75.738817,-14.072013],[-75.738762,-14.072229],[-75.738593,-14.07265],[-75.73853,-14.072864],[-75.738599,-14.076028],[-75.738596,-14.076706],[-75.738559,-14.077384],[-75.738437,-14.078051],[-75.738204,-14.078689],[-75.737999,-14.079094],[-75.737759,-14.079479],[-75.737177,-14.080176],[-75.735949,-14.081197],[-75.734872,-14.082042],[-75.733463,-14.083203],[-75.73115,-14.08506],[-75.730076,-14.085909],[-75.729512,-14.086298],[-75.728463,-14.086757],[-75.724002,-14.088558],[-75.72107,-14.089855],[-75.720637,-14.090004],[-75.720195,-14.090124],[-75.719743,-14.090208],[-75.719059,-14.090285],[-75.718833,-14.090325],[-75.718617,-14.090399],[-75.718413,-14.090503],[-75.718235,-14.090645],[-75.718078,-14.09081],[-75.717829,-14.091175],[-75.717723,-14.091615],[-75.717106,-14.094951],[-75.716562,-14.098071],[-75.716522,-14.098974],[-75.716576,-14.099876],[-75.716701,-14.100772],[-75.717018,-14.102092],[-75.718104,-14.106253],[-75.718214,-14.106922],[-75.718222,-14.107599],[-75.716289,-14.125586],[-75.71625,-14.126716],[-75.7163,-14.127392],[-75.716527,-14.128959],[-75.717523,-14.135213],[-75.717564,-14.135663],[-75.71757,-14.136115],[-75.717427,-14.137691],[-75.717226,-14.139261],[-75.717126,-14.139702],[-75.716298,-14.142761],[-75.71503,-14.148273],[-75.714368,-14.151832],[-75.713867,-14.154038],[-75.713359,-14.157163],[-75.712522,-14.162068],[-75.712384,-14.162733],[-75.712001,-14.16427],[-75.711632,-14.166042],[-75.711564,-14.166715],[-75.71158,-14.166941],[-75.711629,-14.167162],[-75.711693,-14.167378],[-75.711788,-14.167583],[-75.711925,-14.167764],[-75.712086,-14.167922],[-75.712635,-14.168332],[-75.712974,-14.168636],[-75.713229,-14.169012],[-75.713338,-14.169211],[-75.713436,-14.169415],[-75.713701,-14.17028],[-75.714105,-14.171338],[-75.714299,-14.171748],[-75.714733,-14.172545],[-75.71545,-14.173961],[-75.715814,-14.175033],[-75.71598,-14.175691],[-75.716017,-14.175914],[-75.716044,-14.176364],[-75.716003,-14.176813],[-75.71589,-14.177251],[-75.715603,-14.17811],[-75.715561,-14.178331],[-75.71553,-14.178782],[-75.715526,-14.179686],[-75.715498,-14.180137],[-75.715463,-14.180361],[-75.714714,-14.183671],[-75.714494,-14.18478],[-75.714355,-14.18613],[-75.714296,-14.187032],[-75.714418,-14.189968],[-75.714389,-14.190419],[-75.714288,-14.190859],[-75.713898,-14.19216],[-75.713835,-14.192607],[-75.713856,-14.19283],[-75.713906,-14.193051],[-75.714498,-14.195235],[-75.714646,-14.195663],[-75.715207,-14.196902],[-75.715263,-14.197121],[-75.715325,-14.197568],[-75.715496,-14.199823],[-75.715456,-14.200499],[-75.714704,-14.203808],[-75.713514,-14.208642],[-75.713299,-14.209285],[-75.713018,-14.209904],[-75.712675,-14.210492],[-75.712283,-14.21105],[-75.710156,-14.213717],[-75.709787,-14.214289],[-75.709681,-14.21449],[-75.708718,-14.216788],[-75.706586,-14.220007],[-75.706479,-14.220206],[-75.706066,-14.221261],[-75.703788,-14.225952],[-75.701873,-14.229301],[-75.701581,-14.229648],[-75.696996,-14.234085],[-75.695755,-14.235419],[-75.69485,-14.236442],[-75.694701,-14.236614],[-75.694442,-14.236987],[-75.694155,-14.237603],[-75.692474,-14.24181],[-75.692218,-14.242679],[-75.691731,-14.244888],[-75.691667,-14.245104],[-75.690484,-14.247803],[-75.689805,-14.249237],[-75.689553,-14.249868],[-75.689348,-14.250515],[-75.688279,-14.255607],[-75.687385,-14.258648],[-75.68676,-14.260587],[-75.685445,-14.26492],[-75.685322,-14.265587],[-75.685049,-14.268514],[-75.684956,-14.268955],[-75.684867,-14.269163],[-75.6842,-14.270349],[-75.684013,-14.270762],[-75.683953,-14.27098],[-75.683907,-14.271429],[-75.683909,-14.272333],[-75.68389,-14.272558],[-75.683555,-14.275251],[-75.683441,-14.27592],[-75.683396,-14.276141],[-75.682383,-14.279853],[-75.681052,-14.286046],[-75.68081,-14.28668],[-75.679049,-14.289854],[-75.678857,-14.290265],[-75.678791,-14.290482],[-75.67875,-14.290704],[-75.678752,-14.291155],[-75.678778,-14.291379],[-75.678993,-14.292489],[-75.679008,-14.292715],[-75.67901,-14.293167],[-75.678929,-14.294974],[-75.678821,-14.296099],[-75.678354,-14.299231],[-75.677969,-14.30146],[-75.677908,-14.301908],[-75.677841,-14.303036],[-75.677869,-14.305071],[-75.677823,-14.306426],[-75.677597,-14.30913],[-75.677491,-14.3098],[-75.677418,-14.310014],[-75.677239,-14.31043],[-75.675889,-14.313052],[-75.673447,-14.318167],[-75.672973,-14.319196],[-75.670996,-14.323774],[-75.670616,-14.324597],[-75.670187,-14.325396],[-75.669588,-14.326361],[-75.669196,-14.326918],[-75.668624,-14.327626],[-75.665759,-14.330865],[-75.664207,-14.332531],[-75.655743,-14.340499],[-75.654763,-14.341452],[-75.642294,-14.353147],[-75.629525,-14.365187],[-75.621972,-14.374582],[-75.614313,-14.384183],[-75.614008,-14.38452],[-75.613664,-14.38482],[-75.613093,-14.385196],[-75.609779,-14.386757],[-75.608723,-14.3872],[-75.608288,-14.387344],[-75.607399,-14.387573],[-75.604243,-14.388174],[-75.603796,-14.388276],[-75.603359,-14.388413],[-75.602947,-14.388612],[-75.602235,-14.389182],[-75.601402,-14.38996],[-75.597802,-14.393448],[-75.597439,-14.393725],[-75.597042,-14.393952],[-75.596605,-14.394085],[-75.596153,-14.394161],[-75.595694,-14.394165],[-75.595465,-14.394149],[-75.595241,-14.394099],[-75.594814,-14.393937],[-75.594397,-14.393746],[-75.592828,-14.392808],[-75.592619,-14.392714],[-75.592182,-14.392577],[-75.59173,-14.392507],[-75.591271,-14.392513],[-75.590823,-14.392606],[-75.587977,-14.393491],[-75.587548,-14.39365],[-75.560831,-14.406239],[-75.483663,-14.441216],[-75.477606,-14.443939],[-75.47032,-14.447276],[-75.467738,-14.448223],[-75.410003,-14.463162],[-75.338256,-14.481636],[-75.309137,-14.489051],[-75.300736,-14.491367],[-75.300301,-14.491511],[-75.299887,-14.491707],[-75.293911,-14.49508],[-75.293502,-14.495285],[-75.293286,-14.495361],[-75.292837,-14.495453],[-75.29238,-14.495493],[-75.286642,-14.495629],[-75.285954,-14.495595],[-75.276602,-14.494538],[-75.275685,-14.494493],[-75.275229,-14.494537],[-75.274779,-14.494624],[-75.273904,-14.4949],[-75.272204,-14.495582],[-75.261842,-14.499897],[-75.261235,-14.500215],[-75.260676,-14.500612],[-75.257896,-14.502976],[-75.257525,-14.503242],[-75.25711,-14.503435],[-75.256672,-14.503572],[-75.25645,-14.503622],[-75.255992,-14.503637],[-75.255317,-14.503505],[-75.254692,-14.50322],[-75.254502,-14.503096],[-75.253435,-14.502238],[-75.248232,-14.497793],[-75.248065,-14.497639],[-75.24611,-14.495418],[-75.245644,-14.494919],[-75.24471,-14.494262],[-75.244512,-14.49415],[-75.238895,-14.491567],[-75.237621,-14.491054],[-75.236716,-14.490902],[-75.235798,-14.490876],[-75.235114,-14.490801],[-75.234426,-14.49079],[-75.232823,-14.490889],[-75.232366,-14.490841],[-75.23214,-14.490805],[-75.231482,-14.490607],[-75.23107,-14.49041],[-75.230684,-14.490166],[-75.230509,-14.490021],[-75.230187,-14.4897],[-75.22909,-14.488249],[-75.228569,-14.487506],[-75.228246,-14.487184],[-75.225839,-14.485087],[-75.225684,-14.484921],[-75.225414,-14.484555],[-75.225172,-14.483923],[-75.225096,-14.483477],[-75.225085,-14.481442],[-75.225065,-14.481218],[-75.224969,-14.480776],[-75.224547,-14.479726],[-75.224414,-14.479543],[-75.224236,-14.479401],[-75.224026,-14.479313],[-75.2238,-14.479276],[-75.223574,-14.4793],[-75.223366,-14.479389],[-75.223197,-14.479542],[-75.223086,-14.479737],[-75.223021,-14.479953],[-75.223024,-14.480179],[-75.223093,-14.480394],[-75.223545,-14.481181],[-75.223697,-14.481608],[-75.223759,-14.484319],[-75.223853,-14.484761],[-75.224143,-14.485619],[-75.224167,-14.485841],[-75.224068,-14.48604],[-75.223906,-14.486195],[-75.223683,-14.486223],[-75.223466,-14.486158],[-75.22332,-14.485986],[-75.223254,-14.485772],[-75.223072,-14.484656],[-75.223001,-14.484442],[-75.222884,-14.484249],[-75.222733,-14.48408],[-75.222545,-14.483951],[-75.222334,-14.483864],[-75.22211,-14.483818],[-75.221651,-14.483812],[-75.219586,-14.483864],[-75.219139,-14.483769],[-75.218303,-14.483397],[-75.217869,-14.483257],[-75.217641,-14.483259],[-75.217418,-14.483311],[-75.217206,-14.483395],[-75.217011,-14.483514],[-75.216849,-14.483672],[-75.216723,-14.483859],[-75.21663,-14.484066],[-75.216594,-14.484288],[-75.216601,-14.484512],[-75.216652,-14.484732],[-75.216747,-14.484936],[-75.216881,-14.485118],[-75.217055,-14.485265],[-75.217249,-14.485385],[-75.217464,-14.485463],[-75.217691,-14.485487],[-75.21792,-14.485473],[-75.218813,-14.485266],[-75.219042,-14.485271],[-75.219262,-14.485333],[-75.219451,-14.485458],[-75.219621,-14.485607],[-75.219737,-14.485801],[-75.219778,-14.486023],[-75.219769,-14.486246],[-75.219686,-14.486456],[-75.219563,-14.486647],[-75.219385,-14.486787],[-75.214674,-14.489134],[-75.214476,-14.489246],[-75.21413,-14.489542],[-75.213991,-14.489721],[-75.213815,-14.490138],[-75.213511,-14.490991],[-75.213433,-14.491436],[-75.213446,-14.491661],[-75.213489,-14.491883],[-75.213556,-14.492098],[-75.213913,-14.492931],[-75.214031,-14.493365],[-75.214025,-14.493591],[-75.21396,-14.493807],[-75.213859,-14.494009],[-75.21372,-14.494188],[-75.21354,-14.494328],[-75.213344,-14.494443],[-75.213125,-14.494511],[-75.212901,-14.494553],[-75.211524,-14.494541],[-75.2113,-14.494574],[-75.211081,-14.494643],[-75.210883,-14.494757],[-75.210571,-14.495087],[-75.210451,-14.49528],[-75.210377,-14.495491],[-75.210341,-14.495713],[-75.210333,-14.495939],[-75.21041,-14.496384],[-75.213732,-14.505778],[-75.214342,-14.507957],[-75.214738,-14.508773],[-75.215283,-14.510019],[-75.215642,-14.511092],[-75.215728,-14.511991],[-75.215521,-14.515603],[-75.215501,-14.515828],[-75.215412,-14.516271],[-75.215341,-14.516486],[-75.21516,-14.516901],[-75.214914,-14.517282],[-75.214425,-14.517759],[-75.214244,-14.517897],[-75.213844,-14.518118],[-75.213424,-14.518299],[-75.20484,-14.520808],[-75.204393,-14.520909],[-75.204164,-14.520925],[-75.203936,-14.52091],[-75.202374,-14.520542],[-75.202146,-14.520548],[-75.201965,-14.520678],[-75.201895,-14.520887],[-75.20195,-14.521103],[-75.202204,-14.521478],[-75.202286,-14.521687],[-75.202338,-14.521907],[-75.202507,-14.523025],[-75.202567,-14.523242],[-75.202684,-14.523434],[-75.202967,-14.523787],[-75.20318,-14.524432],[-75.203279,-14.524633],[-75.203426,-14.524806],[-75.203936,-14.525261],[-75.204228,-14.52561],[-75.204337,-14.525807],[-75.204538,-14.526454],[-75.2049,-14.527031],[-75.205307,-14.527578],[-75.20629,-14.528526],[-75.20637,-14.52873],[-75.206226,-14.528864],[-75.206002,-14.528826],[-75.205573,-14.528667],[-75.205351,-14.528609],[-75.204894,-14.528583],[-75.204688,-14.528492],[-75.204511,-14.528348],[-75.204319,-14.528227],[-75.204093,-14.528191],[-75.203864,-14.528198],[-75.203649,-14.528135],[-75.203448,-14.528031],[-75.203222,-14.528043],[-75.203042,-14.528176],[-75.202731,-14.528508],[-75.202536,-14.528621],[-75.202312,-14.528603],[-75.202174,-14.528427],[-75.201999,-14.528013],[-75.201797,-14.527917],[-75.201568,-14.527911],[-75.201354,-14.52798],[-75.201239,-14.528166],[-75.201239,-14.528388],[-75.201312,-14.528602],[-75.201424,-14.528799],[-75.201561,-14.52898],[-75.202149,-14.529674],[-75.202234,-14.529884],[-75.202266,-14.530107],[-75.20227,-14.53033],[-75.202158,-14.530519],[-75.201958,-14.530592],[-75.201732,-14.530563],[-75.199485,-14.5301],[-75.1968,-14.52949],[-75.196378,-14.529317],[-75.195974,-14.529101],[-75.195071,-14.528941],[-75.194854,-14.52887],[-75.19411,-14.528348],[-75.193882,-14.528335],[-75.193698,-14.528452],[-75.190828,-14.531381],[-75.189591,-14.532717],[-75.187827,-14.534498],[-75.182189,-14.540449],[-75.182041,-14.540622],[-75.181933,-14.540817],[-75.18189,-14.541039],[-75.18189,-14.541265],[-75.181945,-14.541478],[-75.182071,-14.541665],[-75.18223,-14.541828],[-75.19268,-14.550666],[-75.200745,-14.556657],[-75.201465,-14.557218],[-75.201981,-14.557667],[-75.202929,-14.558652],[-75.207735,-14.563819],[-75.208112,-14.564387],[-75.208534,-14.56519],[-75.208969,-14.566477],[-75.209076,-14.567146],[-75.208477,-14.573902],[-75.207941,-14.57953],[-75.207858,-14.579974],[-75.207792,-14.58019],[-75.207698,-14.580396],[-75.207578,-14.580589],[-75.207435,-14.580764],[-75.200126,-14.587955],[-75.199849,-14.588315],[-75.199651,-14.588722],[-75.199581,-14.588937],[-75.194242,-14.611159],[-75.193909,-14.612475],[-75.193717,-14.613126],[-75.184911,-14.637878],[-75.184661,-14.638509],[-75.18445,-14.638911],[-75.1842,-14.63929],[-75.18366,-14.640021],[-75.183309,-14.640604],[-75.183206,-14.640806],[-75.182037,-14.64351],[-75.181932,-14.643711],[-75.181682,-14.644089],[-75.181412,-14.644456],[-75.179994,-14.646233],[-75.179094,-14.646934],[-75.17872,-14.647197],[-75.178373,-14.647491],[-75.177146,-14.649127],[-75.176839,-14.649734],[-75.17627,-14.652157],[-75.176183,-14.652364],[-75.176058,-14.652553],[-75.173286,-14.65557],[-75.172949,-14.655877],[-75.169484,-14.658093],[-75.169305,-14.658235],[-75.169148,-14.658399],[-75.169018,-14.658585],[-75.168913,-14.658786],[-75.168854,-14.659003],[-75.167904,-14.662964],[-75.16784,-14.663181],[-75.167749,-14.663387],[-75.167631,-14.663581],[-75.167148,-14.664063],[-75.165575,-14.665383],[-75.158473,-14.671467],[-75.158154,-14.671792],[-75.157855,-14.672135],[-75.157071,-14.673251],[-75.15678,-14.6736],[-75.156015,-14.674441],[-75.155791,-14.674835],[-75.154958,-14.676697],[-75.15485,-14.676896],[-75.154702,-14.677065],[-75.154497,-14.677158],[-75.154043,-14.677218],[-75.15246,-14.677488],[-75.152249,-14.677577],[-75.151853,-14.677805],[-75.15144,-14.678],[-75.151004,-14.678141],[-75.150329,-14.678272],[-75.149642,-14.678285],[-75.148733,-14.678397],[-75.148504,-14.678382],[-75.147844,-14.678194],[-75.147159,-14.678121],[-75.14693,-14.678127],[-75.143036,-14.678384],[-75.142581,-14.678448],[-75.142145,-14.678589],[-75.137665,-14.68134],[-75.133857,-14.683866],[-75.133486,-14.684133],[-75.133145,-14.684436],[-75.12953,-14.688226],[-75.129191,-14.688529],[-75.129,-14.688654],[-75.12879,-14.688746],[-75.128566,-14.688794],[-75.128337,-14.688805],[-75.128111,-14.68877],[-75.126382,-14.688158],[-75.125317,-14.687737],[-75.122307,-14.686627],[-75.122085,-14.68657],[-75.121858,-14.686539],[-75.12163,-14.686543],[-75.121402,-14.686571],[-75.121182,-14.686632],[-75.120973,-14.686724],[-75.120777,-14.686841],[-75.1206,-14.686984],[-75.1193,-14.688261],[-75.117386,-14.690213],[-75.10622,-14.70128],[-75.098694,-14.708895],[-75.093857,-14.713724],[-75.091244,-14.716266],[-75.077369,-14.730101],[-75.075582,-14.731859],[-75.064473,-14.74298],[-75.063376,-14.744137],[-75.025131,-14.785676],[-75.024636,-14.786148],[-75.024111,-14.786586],[-75.006493,-14.799248],[-74.999428,-14.804289],[-74.997769,-14.805503],[-74.985704,-14.814152],[-74.984927,-14.814634],[-74.984521,-14.814844],[-74.983888,-14.815111],[-74.963207,-14.822619],[-74.962116,-14.822968],[-74.958585,-14.823967],[-74.958168,-14.824155],[-74.95797,-14.824268],[-74.956747,-14.825294],[-74.956378,-14.825562],[-74.956182,-14.82568],[-74.95576,-14.825859],[-74.954203,-14.826246],[-74.944742,-14.828082],[-74.944304,-14.828215],[-74.944127,-14.828358],[-74.94382,-14.828691],[-74.9436,-14.828733],[-74.943259,-14.828454],[-74.943033,-14.828439],[-74.942579,-14.828489],[-74.942494,-14.828335],[-74.94254,-14.828115],[-74.942637,-14.827938],[-74.943755,-14.828172],[-74.943875,-14.82835],[-74.943914,-14.828566],[-74.943822,-14.828769],[-74.943641,-14.829886],[-74.943579,-14.830102],[-74.943467,-14.830771],[-74.94256,-14.835434],[-74.942464,-14.836105],[-74.94227,-14.839944],[-74.942261,-14.841074],[-74.942294,-14.841297],[-74.942403,-14.841736],[-74.94257,-14.842157],[-74.942818,-14.842537],[-74.943093,-14.842899],[-74.947684,-14.84629],[-74.950862,-14.848521],[-74.951559,-14.84911],[-74.951947,-14.849351],[-74.952605,-14.849548],[-74.953501,-14.849745],[-74.953937,-14.849884],[-74.956191,-14.851006],[-74.957267,-14.851399],[-74.959393,-14.852254],[-74.96632,-14.855276],[-74.966901,-14.85564],[-74.967898,-14.856576],[-74.968255,-14.856859],[-74.968446,-14.856983],[-74.968857,-14.857183],[-74.972027,-14.858508],[-74.972605,-14.858877],[-74.975344,-14.860932],[-74.975874,-14.861365],[-74.978495,-14.8639],[-74.978669,-14.864046],[-74.979241,-14.864423],[-74.980434,-14.865101],[-74.98082,-14.865346],[-74.987353,-14.870692],[-74.98956,-14.872316],[-74.991235,-14.873508],[-74.991402,-14.873662],[-74.991551,-14.873833],[-74.991675,-14.874023],[-74.993035,-14.876383],[-74.993239,-14.876787],[-74.994719,-14.881306],[-74.995232,-14.882805],[-74.99529,-14.883253],[-74.995267,-14.883477],[-74.995131,-14.884142],[-74.994552,-14.88633],[-74.993551,-14.889575],[-74.993451,-14.889778],[-74.993315,-14.889959],[-74.992998,-14.890286],[-74.990155,-14.89292],[-74.987958,-14.894909],[-74.986993,-14.895877],[-74.983879,-14.899199],[-74.983764,-14.899395],[-74.983688,-14.899608],[-74.983647,-14.89983],[-74.983649,-14.900055],[-74.984076,-14.902735],[-74.985195,-14.909198],[-74.985633,-14.912562],[-74.985677,-14.912772],[-74.986129,-14.912844],[-74.986307,-14.912977],[-74.986392,-14.913183],[-74.986575,-14.914756],[-74.986557,-14.914978],[-74.986396,-14.915124],[-74.986178,-14.915189],[-74.986019,-14.915269],[-74.988321,-14.930247],[-74.98832,-14.930698],[-74.987193,-14.937389],[-74.987139,-14.937838],[-74.987051,-14.941228],[-74.98696,-14.943261],[-74.986997,-14.943711],[-74.987398,-14.946166],[-74.98744,-14.946843],[-74.987401,-14.94752],[-74.986893,-14.953377],[-74.98677,-14.954501],[-74.986259,-14.958083],[-74.98614,-14.958751],[-74.985701,-14.960507],[-74.98564,-14.960955],[-74.985689,-14.967512],[-74.985769,-14.968185],[-74.986907,-14.972332],[-74.987056,-14.972759],[-74.987174,-14.972952],[-74.987328,-14.973119],[-74.988524,-14.974176],[-74.988666,-14.974354],[-74.988782,-14.974548],[-74.988932,-14.974974],[-74.98896,-14.975198],[-74.988932,-14.975649],[-74.988489,-14.977867],[-74.988426,-14.978315],[-74.988451,-14.978765],[-74.988499,-14.978985],[-74.988578,-14.979197],[-74.988674,-14.979403],[-74.988924,-14.979781],[-74.989258,-14.98009],[-74.989647,-14.980327],[-74.991109,-14.980985],[-74.991494,-14.981229],[-74.991814,-14.981551],[-74.991948,-14.981735],[-74.992132,-14.982148],[-74.992181,-14.982369],[-74.992299,-14.983492],[-74.992386,-14.9837],[-74.992522,-14.983882],[-74.995688,-14.987157],[-74.995827,-14.987336],[-74.99594,-14.987532],[-74.996026,-14.987742],[-74.996508,-14.989251],[-74.997814,-14.993113],[-74.998512,-14.995267],[-75.001448,-15.004074],[-75.001768,-15.004921],[-75.007248,-15.018348],[-75.007442,-15.018998],[-75.007532,-15.019669],[-75.007536,-15.020121],[-75.007476,-15.022382],[-75.00733,-15.026449],[-75.007059,-15.037071],[-75.005156,-15.051191],[-75.005072,-15.052091],[-75.005089,-15.052543],[-75.005149,-15.052991],[-75.007624,-15.064261],[-75.007995,-15.066032],[-75.008509,-15.068236],[-75.008881,-15.070007],[-75.008943,-15.070455],[-75.00896,-15.071132],[-75.00888,-15.072486],[-75.007704,-15.088724],[-75.007621,-15.089168],[-75.007504,-15.089605],[-75.007342,-15.090028],[-75.007142,-15.090435],[-74.996599,-15.108459],[-74.996045,-15.10945],[-74.991571,-15.11862],[-74.988589,-15.126453],[-74.988477,-15.12665],[-74.985441,-15.131179],[-74.984707,-15.132326],[-74.984212,-15.133345],[-74.974022,-15.157086],[-74.962732,-15.183561],[-74.962576,-15.183986],[-74.962431,-15.184649],[-74.96011,-15.197332],[-74.960058,-15.197552],[-74.959902,-15.197976],[-74.952177,-15.212368],[-74.948948,-15.217311],[-74.946428,-15.22264],[-74.946208,-15.223037],[-74.941446,-15.22884],[-74.941216,-15.22923],[-74.939275,-15.233328],[-74.939129,-15.233755],[-74.9391,-15.233979],[-74.939112,-15.234431],[-74.939476,-15.237575],[-74.93979,-15.240043],[-74.939782,-15.240495],[-74.939757,-15.240719],[-74.9397,-15.240938],[-74.939545,-15.241363],[-74.939447,-15.241567],[-74.936926,-15.245877],[-74.935009,-15.249225],[-74.93471,-15.249836],[-74.93316,-15.254092],[-74.930195,-15.261203],[-74.928061,-15.26645],[-74.927345,-15.268116],[-74.923894,-15.276497],[-74.922565,-15.279626],[-74.919924,-15.286134],[-74.915775,-15.296188],[-74.914796,-15.29848],[-74.91389,-15.300802],[-74.912479,-15.304142],[-74.910174,-15.309809],[-74.909441,-15.311467],[-74.907105,-15.317122],[-74.906565,-15.31837],[-74.906245,-15.319217],[-74.90589,-15.320051],[-74.904125,-15.32447],[-74.898485,-15.338076],[-74.897552,-15.340387],[-74.892882,-15.351697],[-74.892723,-15.352121],[-74.892447,-15.352983],[-74.892167,-15.35408],[-74.891338,-15.357835],[-74.891172,-15.358494],[-74.890286,-15.362469],[-74.889517,-15.365774],[-74.887544,-15.374607],[-74.887399,-15.375728],[-74.887359,-15.378667],[-74.887302,-15.380474],[-74.88733,-15.382283],[-74.887294,-15.383187],[-74.8873,-15.384317],[-74.887061,-15.404212],[-74.88707,-15.405568],[-74.887096,-15.406246],[-74.887285,-15.407817],[-74.887542,-15.40915],[-74.887946,-15.410446],[-74.888416,-15.412195],[-74.889025,-15.414139],[-74.889321,-15.415231],[-74.889996,-15.417392],[-74.890112,-15.417829],[-74.890188,-15.418275],[-74.890179,-15.418727],[-74.890161,-15.418952],[-74.890009,-15.419379],[-74.885104,-15.428332],[-74.884195,-15.429903],[-74.884074,-15.430095],[-74.883789,-15.430449],[-74.883314,-15.430939],[-74.875204,-15.437242],[-74.873564,-15.43848],[-74.872681,-15.439203],[-74.872353,-15.439519],[-74.872208,-15.439694],[-74.872066,-15.439872],[-74.871834,-15.440262],[-74.871641,-15.440671],[-74.871501,-15.441101],[-74.871447,-15.441321],[-74.871183,-15.442882],[-74.871108,-15.443095],[-74.869452,-15.446576],[-74.869004,-15.447858],[-74.868468,-15.449823],[-74.868414,-15.450042],[-74.868387,-15.450492],[-74.868417,-15.450943],[-74.868551,-15.452066],[-74.868513,-15.452742],[-74.868466,-15.452963],[-74.867576,-15.454798],[-74.866842,-15.456205],[-74.863785,-15.464252],[-74.863648,-15.464916],[-74.863132,-15.471907],[-74.862999,-15.473257],[-74.862838,-15.475512],[-74.862711,-15.476178],[-74.862498,-15.476823],[-74.86205,-15.477611],[-74.854974,-15.488452],[-74.853494,-15.490468],[-74.851652,-15.493062],[-74.849855,-15.496217],[-74.848984,-15.497809],[-74.848181,-15.49918],[-74.847809,-15.499751],[-74.847276,-15.500486],[-74.84296,-15.505773],[-74.842548,-15.506316],[-74.842165,-15.50688],[-74.841688,-15.507653],[-74.841245,-15.508445],[-74.839681,-15.511718],[-74.839472,-15.512121],[-74.839348,-15.512307],[-74.839011,-15.512614],[-74.838819,-15.512734],[-74.834295,-15.514948],[-74.821676,-15.52093],[-74.82104,-15.521189],[-74.820381,-15.521383],[-74.819258,-15.521618],[-74.818345,-15.521714],[-74.817657,-15.52173],[-74.815134,-15.521606],[-74.814446,-15.5216],[-74.813304,-15.521714],[-74.811742,-15.52208],[-74.803686,-15.525378],[-74.79624,-15.528356],[-74.79094,-15.530525],[-74.787231,-15.53232],[-74.770207,-15.540752],[-74.769421,-15.54122],[-74.768483,-15.541872],[-74.762742,-15.546014],[-74.758875,-15.54885],[-74.75757,-15.549774],[-74.756986,-15.550133],[-74.756378,-15.550451],[-74.755745,-15.55072],[-74.754881,-15.551025],[-74.753783,-15.551354],[-74.733669,-15.557708],[-74.733027,-15.557952],[-74.732632,-15.558183],[-74.73228,-15.558471],[-74.726712,-15.564177],[-74.726315,-15.564731],[-74.726076,-15.565117],[-74.725976,-15.56532],[-74.725731,-15.565953],[-74.724914,-15.568544],[-74.724734,-15.56896],[-74.724397,-15.56955],[-74.724138,-15.569924],[-74.722935,-15.571291],[-74.719721,-15.57483],[-74.71836,-15.576361],[-74.713305,-15.581294],[-74.709086,-15.585454],[-74.696641,-15.597819],[-74.696459,-15.597956],[-74.69626,-15.598066],[-74.695826,-15.59821],[-74.686583,-15.599965],[-74.686163,-15.600145],[-74.685407,-15.600657],[-74.685017,-15.600896],[-74.684603,-15.60109],[-74.683953,-15.601313],[-74.673851,-15.60435],[-74.671012,-15.605254],[-74.664413,-15.607199],[-74.663758,-15.607409],[-74.663547,-15.607496],[-74.662947,-15.607829],[-74.662171,-15.608311],[-74.660963,-15.608964],[-74.650687,-15.614949],[-74.650509,-15.615091],[-74.650336,-15.615239],[-74.650026,-15.615572],[-74.645491,-15.621829],[-74.645195,-15.622174],[-74.644831,-15.622449],[-74.644434,-15.622674],[-74.642346,-15.623614],[-74.641949,-15.623841],[-74.641764,-15.623971],[-74.64161,-15.624139],[-74.640216,-15.625936],[-74.639918,-15.626278],[-74.639378,-15.626698],[-74.638616,-15.627203],[-74.638019,-15.627539],[-74.636734,-15.628027],[-74.634329,-15.628787],[-74.633938,-15.629019],[-74.633599,-15.629323],[-74.633456,-15.629499],[-74.628843,-15.635419],[-74.626279,-15.638008],[-74.625933,-15.638305],[-74.625551,-15.638555],[-74.624918,-15.638818],[-74.603283,-15.646387],[-74.600055,-15.647569],[-74.599439,-15.647872],[-74.597696,-15.648965],[-74.595972,-15.650086],[-74.595177,-15.650539],[-74.594755,-15.650717],[-74.5941,-15.650925],[-74.589665,-15.652095],[-74.588784,-15.652352],[-74.588132,-15.652569],[-74.572214,-15.658419],[-74.544654,-15.668468],[-74.540545,-15.669911],[-74.534516,-15.672107],[-74.534293,-15.672159],[-74.534065,-15.672162],[-74.533846,-15.672099],[-74.533655,-15.671975],[-74.53263,-15.671069],[-74.532331,-15.670726],[-74.531776,-15.670007],[-74.531289,-15.669527],[-74.531124,-15.669371],[-74.530934,-15.669246],[-74.530716,-15.669178],[-74.530489,-15.669151],[-74.525667,-15.669134],[-74.525439,-15.669153],[-74.525216,-15.669207],[-74.524812,-15.669416],[-74.524475,-15.669724],[-74.521718,-15.672444],[-74.521565,-15.672612],[-74.521438,-15.672799],[-74.521376,-15.673014],[-74.521353,-15.673466],[-74.521365,-15.673691],[-74.521446,-15.674592],[-74.521584,-15.675485],[-74.521726,-15.675915],[-74.522239,-15.677173],[-74.522331,-15.677616],[-74.52238,-15.678065],[-74.52238,-15.678291],[-74.522345,-15.678968],[-74.522313,-15.679192],[-74.522184,-15.679858],[-74.519022,-15.691897],[-74.518882,-15.692327],[-74.518785,-15.692532],[-74.518678,-15.69273],[-74.518536,-15.692908],[-74.518195,-15.69321],[-74.517812,-15.693459],[-74.516577,-15.694059],[-74.510945,-15.69661],[-74.507516,-15.697904],[-74.507109,-15.698114],[-74.506917,-15.698236],[-74.505664,-15.699227],[-74.50536,-15.699565],[-74.505226,-15.699748],[-74.503724,-15.702546],[-74.501639,-15.70632],[-74.501384,-15.706695],[-74.501214,-15.706845],[-74.500841,-15.707109],[-74.500413,-15.70727],[-74.499755,-15.707472],[-74.495115,-15.708762],[-74.493376,-15.709343],[-74.488839,-15.710949],[-74.483448,-15.71289],[-74.478768,-15.714763],[-74.477713,-15.715208],[-74.472094,-15.717785],[-74.471274,-15.718193],[-74.468771,-15.719793],[-74.463642,-15.723222],[-74.463031,-15.723532],[-74.461756,-15.724045],[-74.461343,-15.724242],[-74.461193,-15.724408],[-74.461167,-15.724629],[-74.461356,-15.725514],[-74.461336,-15.725734],[-74.461193,-15.725907],[-74.458323,-15.727334],[-74.457953,-15.727598],[-74.457817,-15.72778],[-74.457621,-15.728187],[-74.457692,-15.728607],[-74.457517,-15.729025],[-74.457393,-15.729206],[-74.457204,-15.729334],[-74.45711,-15.729535],[-74.455917,-15.732717],[-74.455777,-15.733147],[-74.455193,-15.736489],[-74.455076,-15.736925],[-74.454834,-15.73756],[-74.454711,-15.738454],[-74.454666,-15.739131],[-74.454624,-15.740487],[-74.454638,-15.740939],[-74.45489,-15.742041],[-74.454924,-15.742264],[-74.455009,-15.742937],[-74.455006,-15.743389],[-74.455141,-15.744281],[-74.455129,-15.744506],[-74.455077,-15.744724],[-74.454987,-15.744932],[-74.454759,-15.745324],[-74.454603,-15.745484],[-74.454379,-15.745509],[-74.454165,-15.745434],[-74.453985,-15.745298],[-74.45391,-15.745092],[-74.453958,-15.744644],[-74.453892,-15.744199],[-74.453808,-15.743989],[-74.453677,-15.743804],[-74.45347,-15.74374],[-74.453327,-15.743895],[-74.453322,-15.744118],[-74.453382,-15.744337],[-74.453414,-15.74456],[-74.453392,-15.744783],[-74.453308,-15.744991],[-74.452683,-15.7462],[-74.452518,-15.746341],[-74.452301,-15.74632],[-74.452206,-15.746126],[-74.452192,-15.7459],[-74.452149,-15.745679],[-74.451989,-15.745523],[-74.45177,-15.745507],[-74.451595,-15.745644],[-74.451295,-15.746498],[-74.451179,-15.746689],[-74.451006,-15.746836],[-74.45021,-15.747282],[-74.450007,-15.747213],[-74.449792,-15.746815],[-74.44964,-15.746649],[-74.449433,-15.746562],[-74.448745,-15.74659],[-74.448519,-15.746629],[-74.447857,-15.746811],[-74.447172,-15.746763],[-74.446943,-15.746777],[-74.444448,-15.747162],[-74.444225,-15.747213],[-74.444016,-15.747302],[-74.443821,-15.74742],[-74.442589,-15.749053],[-74.442338,-15.749431],[-74.442125,-15.749832],[-74.438215,-15.759493],[-74.437502,-15.76116],[-74.437037,-15.761939],[-74.435442,-15.764151],[-74.434799,-15.765088],[-74.434602,-15.765495],[-74.434351,-15.766364],[-74.434223,-15.766549],[-74.433569,-15.767182],[-74.43296,-15.767859],[-74.432795,-15.768016],[-74.432611,-15.768151],[-74.432399,-15.768232],[-74.43151,-15.768457],[-74.431308,-15.768564],[-74.431123,-15.768697],[-74.427495,-15.773077],[-74.418718,-15.783533],[-74.417824,-15.784564],[-74.417624,-15.784672],[-74.417396,-15.78469],[-74.417176,-15.784628],[-74.416974,-15.784521],[-74.416802,-15.784372],[-74.41666,-15.784196],[-74.416206,-15.78341],[-74.416064,-15.783234],[-74.415889,-15.78309],[-74.415676,-15.783025],[-74.41553,-15.783186],[-74.415501,-15.783409],[-74.41555,-15.783859],[-74.415529,-15.78431],[-74.415241,-15.785402],[-74.415149,-15.785845],[-74.415117,-15.786068],[-74.415081,-15.786745],[-74.415028,-15.786964],[-74.41493,-15.787168],[-74.41467,-15.78754],[-74.412726,-15.790061],[-74.412204,-15.790805],[-74.410794,-15.79259],[-74.401749,-15.804562],[-74.401305,-15.80508],[-74.400976,-15.805395],[-74.399754,-15.806423],[-74.399573,-15.806561],[-74.399366,-15.806653],[-74.399145,-15.806713],[-74.396857,-15.806895],[-74.396408,-15.806984],[-74.396194,-15.807063],[-74.395617,-15.807432],[-74.390826,-15.810939],[-74.390444,-15.81119],[-74.390036,-15.811395],[-74.389606,-15.811554],[-74.388053,-15.811963],[-74.387149,-15.81212],[-74.38692,-15.812138],[-74.386713,-15.81206],[-74.386467,-15.811679],[-74.38629,-15.81155],[-74.386091,-15.811639],[-74.385993,-15.811841],[-74.385812,-15.812495],[-74.385713,-15.812698],[-74.385453,-15.81307],[-74.385296,-15.813234],[-74.383597,-15.814755],[-74.383416,-15.814891],[-74.383215,-15.815002],[-74.382997,-15.815072],[-74.381891,-15.815373],[-74.381687,-15.815473],[-74.381509,-15.815614],[-74.381384,-15.815801],[-74.380635,-15.817202],[-74.380493,-15.817376],[-74.380284,-15.817465],[-74.38006,-15.817509],[-74.379849,-15.817433],[-74.378799,-15.816555],[-74.378042,-15.816045],[-74.377427,-15.815741],[-74.374022,-15.814381],[-74.373832,-15.814258],[-74.373715,-15.814065],[-74.37348,-15.813428],[-74.373287,-15.813018],[-74.373149,-15.81284],[-74.372979,-15.81269],[-74.372781,-15.812577],[-74.37236,-15.812396],[-74.371718,-15.81215],[-74.371102,-15.811848],[-74.370717,-15.811602],[-74.370184,-15.811173],[-74.369897,-15.810821],[-74.369474,-15.810018],[-74.369407,-15.809803],[-74.369439,-15.809582],[-74.369635,-15.809173],[-74.369649,-15.808954],[-74.369523,-15.80877],[-74.36875,-15.808283],[-74.368383,-15.808013],[-74.36825,-15.807831],[-74.367897,-15.807249],[-74.367053,-15.806178],[-74.366712,-15.805877],[-74.36631,-15.805666],[-74.366134,-15.805523],[-74.366003,-15.805338],[-74.365856,-15.80491],[-74.365657,-15.804505],[-74.365506,-15.804336],[-74.365317,-15.804207],[-74.365107,-15.804118],[-74.364883,-15.804122],[-74.364696,-15.804248],[-74.364596,-15.804445],[-74.364637,-15.804655],[-74.364961,-15.804971],[-74.365026,-15.805183],[-74.365006,-15.805407],[-74.364916,-15.805849],[-74.364917,-15.806075],[-74.364956,-15.806297],[-74.365036,-15.806508],[-74.365156,-15.8067],[-74.3656,-15.807217],[-74.36563,-15.80743],[-74.365477,-15.807596],[-74.365123,-15.807884],[-74.364561,-15.808275],[-74.364309,-15.808637],[-74.362687,-15.809485],[-74.362478,-15.809528],[-74.362259,-15.8095],[-74.362045,-15.80958],[-74.361815,-15.809571],[-74.361606,-15.809488],[-74.361445,-15.809328],[-74.361066,-15.808762],[-74.360966,-15.808559],[-74.360866,-15.808119],[-74.360739,-15.807939],[-74.360527,-15.807871],[-74.360313,-15.807947],[-74.360165,-15.80812],[-74.360066,-15.808323],[-74.359746,-15.809642],[-74.359651,-15.809846],[-74.359499,-15.810012],[-74.357059,-15.811703],[-74.356861,-15.811818],[-74.356637,-15.811845],[-74.356439,-15.811737],[-74.356103,-15.81143],[-74.355354,-15.810294],[-74.355123,-15.809656],[-74.354975,-15.809492],[-74.354759,-15.809511],[-74.354612,-15.809683],[-74.354529,-15.809893],[-74.354474,-15.810112],[-74.35445,-15.810337],[-74.354463,-15.810788],[-74.35471,-15.81142],[-74.354733,-15.811642],[-74.354687,-15.811863],[-74.354677,-15.812087],[-74.354809,-15.812752],[-74.354829,-15.813429],[-74.354796,-15.813652],[-74.354699,-15.813854],[-74.354534,-15.814008],[-74.353345,-15.814693],[-74.35316,-15.814825],[-74.352263,-15.815531],[-74.351578,-15.816133],[-74.343805,-15.822486],[-74.343608,-15.822602],[-74.343397,-15.822691],[-74.342941,-15.822716],[-74.341567,-15.822615],[-74.340892,-15.822483],[-74.340683,-15.822392],[-74.340489,-15.822273],[-74.33631,-15.819094],[-74.336107,-15.81899],[-74.335889,-15.818921],[-74.335663,-15.818896],[-74.335208,-15.818954],[-74.334091,-15.819214],[-74.332137,-15.819873],[-74.331939,-15.819985],[-74.331764,-15.820131],[-74.331322,-15.82065],[-74.330968,-15.820935],[-74.329906,-15.821361],[-74.329682,-15.821384],[-74.329459,-15.821332],[-74.329259,-15.821227],[-74.32908,-15.821086],[-74.328079,-15.820154],[-74.327895,-15.820022],[-74.327678,-15.819966],[-74.327453,-15.819998],[-74.327239,-15.82008],[-74.327016,-15.82011],[-74.326799,-15.820041],[-74.326625,-15.819894],[-74.326472,-15.819726],[-74.32636,-15.819528],[-74.325584,-15.817889],[-74.325371,-15.817489],[-74.325072,-15.817147],[-74.324193,-15.81642],[-74.323818,-15.816159],[-74.319428,-15.813699],[-74.319008,-15.81352],[-74.318779,-15.813514],[-74.318339,-15.813641],[-74.318131,-15.813736],[-74.316971,-15.814468],[-74.31677,-15.814573],[-74.316545,-15.814591],[-74.31643,-15.814406],[-74.316511,-15.8142],[-74.317012,-15.813735],[-74.317161,-15.81357],[-74.317182,-15.813352],[-74.317007,-15.813234],[-74.316811,-15.813327],[-74.316652,-15.81349],[-74.316473,-15.813631],[-74.31584,-15.813893],[-74.315644,-15.814008],[-74.315335,-15.81434],[-74.315222,-15.814536],[-74.315136,-15.814745],[-74.314944,-15.815396],[-74.314843,-15.815598],[-74.31468,-15.815753],[-74.314474,-15.815852],[-74.314252,-15.815905],[-74.314028,-15.815874],[-74.313214,-15.815456],[-74.313028,-15.815323],[-74.312877,-15.815153],[-74.312628,-15.814774],[-74.312488,-15.814598],[-74.312294,-15.814481],[-74.31207,-15.814469],[-74.310308,-15.814978],[-74.306813,-15.816092],[-74.306397,-15.816282],[-74.306001,-15.816511],[-74.305465,-15.816935],[-74.303829,-15.818522],[-74.300431,-15.82189],[-74.298591,-15.824203],[-74.298503,-15.824406],[-74.298455,-15.824627],[-74.298414,-15.825077],[-74.298492,-15.825977],[-74.298573,-15.826421],[-74.298662,-15.82663],[-74.298709,-15.826851],[-74.298703,-15.827075],[-74.298653,-15.827294],[-74.298553,-15.827495],[-74.298245,-15.827828],[-74.298118,-15.827996],[-74.298044,-15.830708],[-74.297867,-15.832507],[-74.297887,-15.832732],[-74.29797,-15.833177],[-74.297961,-15.833401],[-74.29784,-15.83359],[-74.297653,-15.833713],[-74.297434,-15.833775],[-74.29608,-15.834026],[-74.29586,-15.83398],[-74.295701,-15.833822],[-74.295667,-15.8336],[-74.295661,-15.833374],[-74.29556,-15.83318],[-74.295124,-15.83305],[-74.294947,-15.832914],[-74.29487,-15.832703],[-74.294866,-15.832478],[-74.294829,-15.832264],[-74.29463,-15.832174],[-74.294453,-15.8323],[-74.294412,-15.832519],[-74.294424,-15.83297],[-74.294401,-15.833422],[-74.294055,-15.835657],[-74.293994,-15.835874],[-74.293845,-15.836041],[-74.293647,-15.836151],[-74.293418,-15.83615],[-74.292553,-15.835853],[-74.292324,-15.835832],[-74.292106,-15.835779],[-74.291983,-15.835613],[-74.292024,-15.835395],[-74.292166,-15.835223],[-74.292351,-15.835089],[-74.292754,-15.834873],[-74.29293,-15.83473],[-74.293006,-15.834521],[-74.292867,-15.834358],[-74.29265,-15.834352],[-74.292458,-15.834473],[-74.292318,-15.834652],[-74.291956,-15.834928],[-74.291544,-15.835126],[-74.290905,-15.83538],[-74.290466,-15.835512],[-74.29024,-15.83554],[-74.288403,-15.835531],[-74.287715,-15.835547],[-74.287262,-15.835618],[-74.286805,-15.835647],[-74.285907,-15.83547],[-74.28522,-15.835494],[-74.284996,-15.835542],[-74.284767,-15.835559],[-74.283855,-15.83547],[-74.283167,-15.835511],[-74.281825,-15.835814],[-74.280693,-15.836004],[-74.278034,-15.836715],[-74.276941,-15.83706],[-74.275208,-15.837659],[-74.274587,-15.83795],[-74.273815,-15.838438],[-74.273606,-15.838528],[-74.272518,-15.838891],[-74.272306,-15.838977],[-74.271912,-15.839207],[-74.26484,-15.844238],[-74.263169,-15.845788],[-74.262814,-15.846075],[-74.262624,-15.846201],[-74.26018,-15.847454],[-74.258727,-15.848131],[-74.256386,-15.849062],[-74.255771,-15.849367],[-74.25481,-15.849986],[-74.252924,-15.851274],[-74.250136,-15.853628],[-74.24984,-15.853973],[-74.249708,-15.854158],[-74.248877,-15.85577],[-74.247188,-15.85973],[-74.247131,-15.859949],[-74.247123,-15.860173],[-74.24715,-15.860398],[-74.247479,-15.861946],[-74.247488,-15.862171],[-74.247228,-15.863038],[-74.247215,-15.863264],[-74.247429,-15.864832],[-74.247854,-15.867054],[-74.247854,-15.86728],[-74.247799,-15.867496],[-74.247652,-15.867665],[-74.247452,-15.86777],[-74.247226,-15.867803],[-74.246996,-15.867802],[-74.24272,-15.866955],[-74.242036,-15.866878],[-74.24112,-15.866947],[-74.240897,-15.866993],[-74.240237,-15.867188],[-74.239167,-15.867597],[-74.233639,-15.869815],[-74.233424,-15.869891],[-74.233198,-15.869935],[-74.23297,-15.869957],[-74.232742,-15.869951],[-74.229817,-15.86937],[-74.229594,-15.869316],[-74.229389,-15.869222],[-74.229251,-15.869045],[-74.229001,-15.868182],[-74.228859,-15.868004],[-74.22853,-15.867689],[-74.227616,-15.867006],[-74.227218,-15.866781],[-74.226401,-15.866368],[-74.22604,-15.86609],[-74.225882,-15.865928],[-74.225604,-15.865568],[-74.224952,-15.864638],[-74.224772,-15.864499],[-74.220155,-15.863133],[-74.219708,-15.863034],[-74.218794,-15.862952],[-74.213284,-15.86294],[-74.19836,-15.862973],[-74.19768,-15.863076],[-74.196783,-15.863269],[-74.18967,-15.86508],[-74.189041,-15.865355],[-74.188446,-15.865696],[-74.177078,-15.87375],[-74.17591,-15.874469],[-74.173498,-15.875781],[-74.173118,-15.876034],[-74.17295,-15.876187],[-74.171144,-15.878236],[-74.170859,-15.87859],[-74.170607,-15.878967],[-74.170017,-15.880193],[-74.169934,-15.880403],[-74.169895,-15.880624],[-74.169917,-15.880846],[-74.170111,-15.881254],[-74.170181,-15.881469],[-74.170199,-15.881694],[-74.170128,-15.882369],[-74.17008,-15.882589],[-74.169978,-15.882789],[-74.169841,-15.88297],[-74.169236,-15.88365],[-74.169047,-15.883772],[-74.168825,-15.883816],[-74.168598,-15.883793],[-74.168385,-15.883715],[-74.168231,-15.883555],[-74.16816,-15.883343],[-74.16816,-15.883117],[-74.168118,-15.882897],[-74.167973,-15.882724],[-74.167579,-15.882492],[-74.167204,-15.882232],[-74.166993,-15.882169],[-74.166861,-15.882337],[-74.167181,-15.883656],[-74.167228,-15.884332],[-74.167192,-15.884782],[-74.16711,-15.884985],[-74.166909,-15.885068],[-74.16668,-15.885051],[-74.16646,-15.88508],[-74.166332,-15.885247],[-74.166418,-15.885441],[-74.16708,-15.886066],[-74.167376,-15.886411],[-74.167503,-15.886599],[-74.167596,-15.886805],[-74.167658,-15.887022],[-74.167656,-15.887248],[-74.167567,-15.887453],[-74.167388,-15.887575],[-74.167167,-15.887533],[-74.166587,-15.887167],[-74.166369,-15.887128],[-74.16625,-15.887291],[-74.166316,-15.887503],[-74.166508,-15.887913],[-74.166605,-15.888354],[-74.166618,-15.888579],[-74.166581,-15.889709],[-74.166549,-15.889932],[-74.16643,-15.890113],[-74.166214,-15.890181],[-74.165988,-15.890213],[-74.16507,-15.890239],[-74.164611,-15.890221],[-74.164156,-15.890159],[-74.162817,-15.889846],[-74.162593,-15.889863],[-74.162408,-15.889982],[-74.162342,-15.890192],[-74.162379,-15.890415],[-74.162896,-15.891913],[-74.162986,-15.892119],[-74.163272,-15.892471],[-74.164893,-15.894073],[-74.165517,-15.894736],[-74.16587,-15.895317],[-74.166592,-15.896731],[-74.16673,-15.897395],[-74.166751,-15.897618],[-74.166679,-15.897828],[-74.1665,-15.897963],[-74.165905,-15.898304],[-74.164972,-15.898962],[-74.162149,-15.900474],[-74.157427,-15.902802],[-74.154782,-15.904164],[-74.153,-15.905193],[-74.151098,-15.905988],[-74.146184,-15.908441],[-74.139577,-15.911606],[-74.13465,-15.914036],[-74.1318,-15.9155],[-74.12234,-15.920124],[-74.117417,-15.922562],[-74.107968,-15.926677],[-74.101489,-15.929577],[-74.087087,-15.936077],[-74.080492,-15.939265],[-74.078209,-15.940329],[-74.075417,-15.941365],[-74.074156,-15.94191],[-74.072744,-15.942667],[-74.071912,-15.94305],[-74.07147,-15.943172],[-74.070795,-15.943305],[-74.070131,-15.943484],[-74.069478,-15.943701],[-74.067971,-15.944249],[-74.066211,-15.944768],[-74.065792,-15.944951],[-74.063352,-15.946643],[-74.062574,-15.947123],[-74.055383,-15.951136],[-74.054421,-15.951753],[-74.047955,-15.95606],[-74.047051,-15.956756],[-74.040139,-15.963049],[-74.039855,-15.963401],[-74.039755,-15.963603],[-74.039712,-15.963825],[-74.039682,-15.964048],[-74.039694,-15.964274],[-74.039811,-15.96471],[-74.040255,-15.965502],[-74.040303,-15.965722],[-74.0403,-15.965947],[-74.040236,-15.966162],[-74.040128,-15.966359],[-74.039969,-15.966522],[-74.038929,-15.966998],[-74.038407,-15.967436],[-74.036063,-15.969921],[-74.034947,-15.971357],[-74.034099,-15.972701],[-74.033984,-15.972896],[-74.033714,-15.97352],[-74.033319,-15.975287],[-74.033175,-15.975715],[-74.033073,-15.975916],[-74.032101,-15.977451],[-74.031573,-15.978191],[-74.031343,-15.978582],[-74.031022,-15.979665],[-74.03094,-15.979876],[-74.03072,-15.980273],[-74.029225,-15.982552],[-74.028712,-15.983301],[-74.027618,-15.985289],[-74.027125,-15.986051],[-74.022115,-15.995463],[-74.022024,-15.99567],[-74.021937,-15.995879],[-74.021817,-15.996316],[-74.021748,-15.996762],[-74.021741,-15.997213],[-74.021819,-15.997659],[-74.022521,-16.000047],[-74.024298,-16.005659],[-74.024414,-16.006096],[-74.024463,-16.006771],[-74.024241,-16.009702],[-74.024156,-16.010375],[-74.02411,-16.010596],[-74.023977,-16.011029],[-74.023897,-16.01124],[-74.023566,-16.011834],[-74.022581,-16.013361],[-74.022247,-16.013954],[-74.021378,-16.016288],[-74.021004,-16.017112],[-74.020566,-16.017634],[-74.020212,-16.017923],[-74.019653,-16.018318],[-74.013595,-16.021997],[-74.012478,-16.022791],[-74.00869,-16.026413],[-74.007812,-16.027141],[-74.006503,-16.028058],[-73.996911,-16.035059],[-73.995959,-16.03569],[-73.994968,-16.036258],[-73.99413,-16.03663],[-73.993486,-16.036868],[-73.990004,-16.038022],[-73.989162,-16.038381],[-73.988158,-16.038929],[-73.980665,-16.043331],[-73.980095,-16.04371],[-73.979376,-16.044273],[-73.978889,-16.044752],[-73.97829,-16.045438],[-73.974959,-16.05004],[-73.974671,-16.050391],[-73.974173,-16.05086],[-73.973612,-16.051251],[-73.970609,-16.052911],[-73.970023,-16.053267],[-73.968075,-16.054849],[-73.964901,-16.057086],[-73.964307,-16.057429],[-73.958629,-16.060399],[-73.958261,-16.060667],[-73.957772,-16.061143],[-73.957406,-16.061717],[-73.956245,-16.063926],[-73.955888,-16.064506],[-73.955305,-16.065204],[-73.953607,-16.067045],[-73.953316,-16.067394],[-73.952793,-16.068137],[-73.951076,-16.070813],[-73.950392,-16.071721],[-73.948019,-16.074481],[-73.947051,-16.075447],[-73.946357,-16.07604],[-73.945809,-16.07645],[-73.944661,-16.077198],[-73.943039,-16.078046],[-73.938541,-16.08031],[-73.937081,-16.080971],[-73.931355,-16.08331],[-73.930345,-16.083847],[-73.929793,-16.084253],[-73.92643,-16.087331],[-73.925703,-16.087884],[-73.913743,-16.095894],[-73.91295,-16.09635],[-73.912541,-16.096555],[-73.905095,-16.09953],[-73.904681,-16.099725],[-73.904297,-16.099973],[-73.903941,-16.100258],[-73.902083,-16.101943],[-73.901902,-16.102082],[-73.901525,-16.102339],[-73.900717,-16.102769],[-73.899873,-16.103124],[-73.893369,-16.105354],[-73.892942,-16.105522],[-73.892122,-16.105929],[-73.891539,-16.106288],[-73.886653,-16.109666],[-73.8846,-16.111114],[-73.883598,-16.112045],[-73.883293,-16.112381],[-73.864219,-16.136152],[-73.863737,-16.136636],[-73.863031,-16.137214],[-73.862637,-16.137445],[-73.861175,-16.1381],[-73.850361,-16.142523],[-73.849548,-16.142943],[-73.848358,-16.143626],[-73.832455,-16.153549],[-73.830656,-16.15455],[-73.828971,-16.15527],[-73.815097,-16.160685],[-73.813153,-16.161372],[-73.80965,-16.162464],[-73.808144,-16.163016],[-73.796647,-16.167585],[-73.7936,-16.168592],[-73.789886,-16.169776],[-73.788785,-16.170096],[-73.775348,-16.173083],[-73.774213,-16.173253],[-73.762824,-16.174667],[-73.761929,-16.174869],[-73.761284,-16.175104],[-73.760869,-16.175297],[-73.760277,-16.175644],[-73.739697,-16.189665],[-73.738712,-16.190246],[-73.738107,-16.19057],[-73.736845,-16.191113],[-73.736196,-16.191341],[-73.730687,-16.192927],[-73.729138,-16.193349],[-73.728498,-16.193598],[-73.728098,-16.193819],[-73.727739,-16.194099],[-73.727574,-16.194256],[-73.727429,-16.194431],[-73.72635,-16.195894],[-73.722534,-16.201267],[-73.722187,-16.201853],[-73.721764,-16.202655],[-73.720608,-16.205365],[-73.720413,-16.205774],[-73.720305,-16.205973],[-73.720032,-16.206337],[-73.719535,-16.206805],[-73.71824,-16.207743],[-73.717473,-16.208239],[-73.717063,-16.208443],[-73.715545,-16.208961],[-73.709216,-16.210998],[-73.708355,-16.211312],[-73.707728,-16.211591],[-73.707328,-16.211814],[-73.706753,-16.212187],[-73.703906,-16.214472],[-73.702513,-16.215652],[-73.699693,-16.21797],[-73.699197,-16.218439],[-73.698927,-16.218804],[-73.698722,-16.219208],[-73.697106,-16.222954],[-73.696951,-16.223379],[-73.696839,-16.223817],[-73.696766,-16.224263],[-73.696604,-16.226518],[-73.696536,-16.226965],[-73.696424,-16.227403],[-73.696227,-16.227811],[-73.695957,-16.228176],[-73.695802,-16.228343],[-73.695457,-16.22864],[-73.695071,-16.228882],[-73.69486,-16.22897],[-73.694421,-16.229104],[-73.69397,-16.229183],[-73.693741,-16.229196],[-73.691458,-16.228962],[-73.691007,-16.228875],[-73.690568,-16.228745],[-73.690148,-16.228561],[-73.689955,-16.228441],[-73.686365,-16.226001],[-73.685563,-16.22556],[-73.685149,-16.225364],[-73.68451,-16.225114],[-73.683853,-16.224908],[-73.67964,-16.223796],[-73.678985,-16.223589],[-73.678609,-16.223332],[-73.678449,-16.223172],[-73.678304,-16.222996],[-73.678205,-16.222793],[-73.678132,-16.22258],[-73.677765,-16.220808],[-73.677595,-16.220388],[-73.677359,-16.220001],[-73.677044,-16.219673],[-73.676677,-16.219402],[-73.67647,-16.219305],[-73.67626,-16.219216],[-73.67581,-16.219127],[-73.675352,-16.219106],[-73.674675,-16.21923],[-73.672663,-16.219694],[-73.662641,-16.222168],[-73.661521,-16.222412],[-73.657734,-16.223344],[-73.656602,-16.223532],[-73.651339,-16.223957],[-73.648128,-16.224097],[-73.647675,-16.224038],[-73.647242,-16.223888],[-73.646462,-16.223411],[-73.646056,-16.223199],[-73.645841,-16.223121],[-73.645618,-16.223067],[-73.645391,-16.223046],[-73.645162,-16.223046],[-73.644935,-16.223079],[-73.644504,-16.223235],[-73.644105,-16.223457],[-73.643794,-16.223789],[-73.642501,-16.225375],[-73.642162,-16.22568],[-73.641976,-16.225813],[-73.641572,-16.226025],[-73.641138,-16.22617],[-73.635573,-16.227557],[-73.634446,-16.22777],[-73.633304,-16.22788],[-73.631239,-16.227965],[-73.615176,-16.228458],[-73.608978,-16.228586],[-73.607833,-16.228662],[-73.606685,-16.228706],[-73.605549,-16.228863],[-73.6051,-16.228958],[-73.604878,-16.229014],[-73.60401,-16.229309],[-73.588098,-16.235791],[-73.587242,-16.236118],[-73.586615,-16.236398],[-73.56922,-16.24349],[-73.568782,-16.243625],[-73.568333,-16.243717],[-73.567876,-16.24375],[-73.567193,-16.243662],[-73.561173,-16.242208],[-73.560721,-16.24213],[-73.560262,-16.242125],[-73.559805,-16.242167],[-73.559139,-16.242338],[-73.558322,-16.242749],[-73.545621,-16.249563],[-73.544989,-16.249834],[-73.534037,-16.253914],[-73.533191,-16.254264],[-73.53278,-16.254466],[-73.531438,-16.255335],[-73.529073,-16.257128],[-73.528375,-16.257715],[-73.528139,-16.258101],[-73.528049,-16.258308],[-73.52753,-16.259806],[-73.527346,-16.260219],[-73.527198,-16.26039],[-73.527023,-16.260536],[-73.526821,-16.260642],[-73.526602,-16.260706],[-73.526374,-16.260727],[-73.525458,-16.260683],[-73.525228,-16.260687],[-73.525002,-16.260723],[-73.524566,-16.260861],[-73.522851,-16.26151],[-73.522403,-16.261605],[-73.519191,-16.261706],[-73.518506,-16.261778],[-73.516752,-16.262312],[-73.516537,-16.262391],[-73.516138,-16.262612],[-73.515954,-16.262748],[-73.515087,-16.263488],[-73.514898,-16.263613],[-73.511576,-16.265155],[-73.510787,-16.265618],[-73.509865,-16.266292],[-73.509476,-16.266531],[-73.509056,-16.266712],[-73.506212,-16.267602],[-73.505791,-16.267783],[-73.50559,-16.267892],[-73.503809,-16.268922],[-73.503491,-16.269249],[-73.503196,-16.269595],[-73.502853,-16.269893],[-73.50148,-16.270714],[-73.501057,-16.27089],[-73.499971,-16.271254],[-73.497017,-16.271671],[-73.493983,-16.272715],[-73.493785,-16.272828],[-73.493622,-16.272984],[-73.493499,-16.273175],[-73.4932,-16.273785],[-73.493047,-16.273949],[-73.492642,-16.27416],[-73.492262,-16.274412],[-73.491402,-16.27516],[-73.491113,-16.275511],[-73.49099,-16.275702],[-73.49087,-16.275894],[-73.490673,-16.276303],[-73.490547,-16.27649],[-73.490361,-16.27662],[-73.490139,-16.27668],[-73.489238,-16.276852],[-73.489028,-16.276937],[-73.488843,-16.27707],[-73.488137,-16.277959],[-73.487954,-16.278091],[-73.487107,-16.27844],[-73.486891,-16.278512],[-73.486664,-16.278533],[-73.486214,-16.278447],[-73.485553,-16.278257],[-73.485325,-16.278224],[-73.485101,-16.278242],[-73.484896,-16.278343],[-73.48452,-16.278602],[-73.484176,-16.2789],[-73.484033,-16.279076],[-73.483557,-16.279849],[-73.483397,-16.280271],[-73.483287,-16.28071],[-73.483212,-16.280923],[-73.483075,-16.281099],[-73.48286,-16.281167],[-73.481723,-16.28132],[-73.481495,-16.281307],[-73.481274,-16.281252],[-73.481075,-16.281142],[-73.480327,-16.280617],[-73.479668,-16.279987],[-73.479484,-16.279853],[-73.478541,-16.279208],[-73.477751,-16.278747],[-73.477545,-16.278649],[-73.476058,-16.278048],[-73.475191,-16.27775],[-73.471367,-16.276986],[-73.47091,-16.276953],[-73.470683,-16.276985],[-73.470461,-16.277044],[-73.468374,-16.277985],[-73.468164,-16.278075],[-73.467944,-16.278136],[-73.464292,-16.278523],[-73.463836,-16.278511],[-73.463405,-16.278359],[-73.461803,-16.278247],[-73.459998,-16.277912],[-73.459769,-16.27791],[-73.459546,-16.27796],[-73.459344,-16.278064],[-73.458475,-16.278803],[-73.458083,-16.279036],[-73.457868,-16.279116],[-73.456981,-16.27935],[-73.456308,-16.279491],[-73.456098,-16.279582],[-73.455716,-16.279832],[-73.455511,-16.279932],[-73.455289,-16.279985],[-73.455061,-16.280004],[-73.453685,-16.280075],[-73.453254,-16.280225],[-73.452844,-16.280429],[-73.452626,-16.280494],[-73.452397,-16.280506],[-73.451712,-16.28044],[-73.451486,-16.280472],[-73.451273,-16.280554],[-73.450889,-16.280802],[-73.450676,-16.280884],[-73.450013,-16.281068],[-73.449593,-16.28125],[-73.447981,-16.282117],[-73.44719,-16.282576],[-73.446424,-16.283075],[-73.446219,-16.283175],[-73.446,-16.28324],[-73.445545,-16.283306],[-73.445331,-16.283383],[-73.445151,-16.283522],[-73.44483,-16.283844],[-73.444634,-16.283957],[-73.443993,-16.284205],[-73.443602,-16.284438],[-73.443378,-16.28447],[-73.442928,-16.284385],[-73.442699,-16.284375],[-73.44248,-16.284433],[-73.442065,-16.284625],[-73.441869,-16.284744],[-73.441362,-16.285201],[-73.441174,-16.285327],[-73.438962,-16.285926],[-73.438145,-16.286336],[-73.437724,-16.286516],[-73.436846,-16.28678],[-73.436639,-16.286876],[-73.436265,-16.287137],[-73.436056,-16.287231],[-73.435192,-16.287535],[-73.434575,-16.287835],[-73.434351,-16.287877],[-73.433663,-16.287865],[-73.432522,-16.287988],[-73.431422,-16.288307],[-73.430524,-16.288498],[-73.430101,-16.288666],[-73.429151,-16.289302],[-73.428747,-16.289516],[-73.428532,-16.289592],[-73.428307,-16.289633],[-73.427619,-16.289679],[-73.427395,-16.289725],[-73.426972,-16.289895],[-73.426259,-16.290463],[-73.426058,-16.290566],[-73.425834,-16.290619],[-73.425607,-16.290636],[-73.424919,-16.29062],[-73.424244,-16.290753],[-73.424029,-16.290828],[-73.42384,-16.290954],[-73.42367,-16.291105],[-73.423207,-16.291604],[-73.422988,-16.291671],[-73.421865,-16.291906],[-73.421647,-16.291975],[-73.421442,-16.292075],[-73.421065,-16.292332],[-73.420865,-16.292441],[-73.420644,-16.292498],[-73.419063,-16.29278],[-73.418622,-16.292897],[-73.418422,-16.293009],[-73.417313,-16.293813],[-73.416694,-16.29411],[-73.416267,-16.294276],[-73.415829,-16.29441],[-73.414478,-16.294673],[-73.414045,-16.294819],[-73.413845,-16.29493],[-73.413659,-16.295063],[-73.413493,-16.295217],[-73.412382,-16.296361],[-73.412211,-16.296509],[-73.412012,-16.296619],[-73.411792,-16.296681],[-73.411566,-16.296675],[-73.4109,-16.296505],[-73.410685,-16.296431],[-73.410483,-16.296323],[-73.410268,-16.296254],[-73.41004,-16.296281],[-73.409826,-16.296354],[-73.409064,-16.296858],[-73.408855,-16.296945],[-73.408176,-16.297056],[-73.407955,-16.297114],[-73.407308,-16.297347],[-73.407086,-16.297402],[-73.406858,-16.297426],[-73.40617,-16.297405],[-73.405943,-16.297421],[-73.405743,-16.297528],[-73.40541,-16.29784],[-73.405228,-16.297977],[-73.404586,-16.29822],[-73.404173,-16.298415],[-73.403421,-16.298935],[-73.403218,-16.299041],[-73.403002,-16.299116],[-73.402105,-16.299307],[-73.401886,-16.299376],[-73.401056,-16.299764],[-73.400886,-16.299911],[-73.400489,-16.300463],[-73.400312,-16.300603],[-73.400102,-16.30069],[-73.399206,-16.300885],[-73.398988,-16.300955],[-73.398788,-16.301063],[-73.398604,-16.301196],[-73.398272,-16.301508],[-73.398091,-16.301646],[-73.397891,-16.301758],[-73.397258,-16.302023],[-73.396654,-16.302347],[-73.396236,-16.302534],[-73.395574,-16.302723],[-73.395363,-16.302809],[-73.395166,-16.302922],[-73.394986,-16.303063],[-73.394315,-16.30368],[-73.394119,-16.30379],[-73.393895,-16.303827],[-73.393438,-16.303793],[-73.393208,-16.303798],[-73.392991,-16.303867],[-73.392795,-16.303982],[-73.391255,-16.305337],[-73.391099,-16.305502],[-73.391013,-16.305708],[-73.390924,-16.306151],[-73.390808,-16.306346],[-73.390646,-16.306505],[-73.390217,-16.306666],[-73.389336,-16.306917],[-73.388198,-16.307066],[-73.387328,-16.307355],[-73.386903,-16.307526],[-73.386298,-16.307848],[-73.386084,-16.307928],[-73.385861,-16.307977],[-73.385635,-16.307962],[-73.384982,-16.307752],[-73.384532,-16.307662],[-73.384076,-16.307695],[-73.383856,-16.307754],[-73.383645,-16.307844],[-73.382654,-16.308414],[-73.382446,-16.308505],[-73.382224,-16.308563],[-73.381997,-16.308589],[-73.381309,-16.308627],[-73.381086,-16.308677],[-73.380469,-16.308973],[-73.379784,-16.309014],[-73.379563,-16.30907],[-73.37936,-16.309173],[-73.379187,-16.309319],[-73.378917,-16.309683],[-73.378738,-16.309821],[-73.378517,-16.309875],[-73.378061,-16.309924],[-73.377834,-16.309902],[-73.377398,-16.309763],[-73.377175,-16.309727],[-73.376953,-16.309773],[-73.376757,-16.309885],[-73.376412,-16.310184],[-73.376222,-16.31031],[-73.376003,-16.310366],[-73.375778,-16.31033],[-73.375567,-16.310244],[-73.373283,-16.309182],[-73.372406,-16.308915],[-73.371955,-16.308832],[-73.371497,-16.308816],[-73.371044,-16.308879],[-73.370397,-16.309107],[-73.370022,-16.309365],[-73.369043,-16.310318],[-73.368564,-16.311089],[-73.36842,-16.311264],[-73.368261,-16.311427],[-73.367747,-16.311875],[-73.367618,-16.312062],[-73.36719,-16.312861],[-73.367037,-16.31303],[-73.366848,-16.313155],[-73.365848,-16.313709],[-73.36542,-16.313873],[-73.364762,-16.314073],[-73.364556,-16.314172],[-73.363839,-16.314735],[-73.363073,-16.315233],[-73.362678,-16.315463],[-73.362454,-16.315511],[-73.361766,-16.315539],[-73.361539,-16.31557],[-73.361093,-16.315676],[-73.360877,-16.315751],[-73.360665,-16.315839],[-73.359966,-16.316423],[-73.359299,-16.316576],[-73.359093,-16.316673],[-73.358715,-16.31693],[-73.358508,-16.317018],[-73.358281,-16.317035],[-73.357593,-16.317011],[-73.357365,-16.317036],[-73.356934,-16.317187],[-73.356535,-16.317408],[-73.356413,-16.317599],[-73.356258,-16.318022],[-73.356143,-16.318218],[-73.355977,-16.318373],[-73.355785,-16.318491],[-73.355571,-16.318571],[-73.35512,-16.318654],[-73.353522,-16.318825],[-73.352177,-16.31911],[-73.350356,-16.319349],[-73.347884,-16.319859],[-73.346798,-16.320217],[-73.34566,-16.320356],[-73.345233,-16.320523],[-73.343811,-16.321259],[-73.340494,-16.322812],[-73.340095,-16.323036],[-73.337577,-16.324613],[-73.33677,-16.325045],[-73.332885,-16.326998],[-73.33111,-16.32804],[-73.329191,-16.329281],[-73.3262,-16.330962],[-73.31891,-16.334797],[-73.318714,-16.334915],[-73.317975,-16.335452],[-73.316519,-16.336552],[-73.316309,-16.336642],[-73.315167,-16.336736],[-73.314948,-16.336804],[-73.314746,-16.33691],[-73.313915,-16.337689],[-73.313558,-16.337972],[-73.312773,-16.338795],[-73.311296,-16.340218],[-73.310984,-16.340549],[-73.310874,-16.340747],[-73.310808,-16.340962],[-73.310691,-16.34163],[-73.310617,-16.341843],[-73.310472,-16.342018],[-73.310097,-16.342279],[-73.30993,-16.342432],[-73.309831,-16.342634],[-73.309661,-16.343291],[-73.309424,-16.344397],[-73.30936,-16.344613],[-73.309243,-16.344806],[-73.30905,-16.344922],[-73.308827,-16.344966],[-73.308142,-16.345045],[-73.30792,-16.3451],[-73.307494,-16.345265],[-73.305137,-16.34667],[-73.304718,-16.346849],[-73.304494,-16.3468],[-73.304298,-16.346687],[-73.304166,-16.346503],[-73.303947,-16.346107],[-73.303773,-16.345963],[-73.303558,-16.345891],[-73.303334,-16.345927],[-73.303152,-16.346055],[-73.30305,-16.346254],[-73.30305,-16.346479],[-73.303224,-16.347367],[-73.303248,-16.347592],[-73.303204,-16.347813],[-73.303056,-16.347982],[-73.302717,-16.348287],[-73.30198,-16.348826],[-73.301528,-16.349336],[-73.301351,-16.349479],[-73.301135,-16.349555],[-73.300908,-16.34958],[-73.300681,-16.349553],[-73.300009,-16.349407],[-73.299781,-16.34941],[-73.299568,-16.34949],[-73.298924,-16.350134],[-73.298743,-16.350271],[-73.298525,-16.350334],[-73.295315,-16.350195],[-73.294867,-16.350104],[-73.294048,-16.349698],[-73.293826,-16.349642],[-73.293607,-16.349703],[-73.293474,-16.349877],[-73.29345,-16.3501],[-73.293551,-16.3503],[-73.2944,-16.351061],[-73.29456,-16.351223],[-73.294686,-16.35141],[-73.294754,-16.351623],[-73.294739,-16.351847],[-73.294655,-16.352057],[-73.294516,-16.352233],[-73.294321,-16.352351],[-73.284869,-16.356459],[-73.28467,-16.356572],[-73.284356,-16.356898],[-73.283115,-16.358525],[-73.282802,-16.358855],[-73.281182,-16.359707],[-73.280997,-16.359833],[-73.28094,-16.36004],[-73.281059,-16.360224],[-73.281273,-16.360297],[-73.282644,-16.360434],[-73.282867,-16.360477],[-73.283066,-16.360588],[-73.283806,-16.361123],[-73.283951,-16.36129],[-73.283946,-16.361508],[-73.283775,-16.36164],[-73.283549,-16.361672],[-73.281483,-16.3617],[-73.280566,-16.361667],[-73.279898,-16.361504],[-73.276619,-16.360468],[-73.276395,-16.360425],[-73.276166,-16.360424],[-73.275945,-16.360486],[-73.275741,-16.360585],[-73.275555,-16.360715],[-73.275406,-16.360886],[-73.275307,-16.361088],[-73.275261,-16.361308],[-73.275287,-16.361758],[-73.275243,-16.361978],[-73.275087,-16.362138],[-73.274653,-16.362285],[-73.274473,-16.362417],[-73.274408,-16.362631],[-73.274396,-16.362857],[-73.274352,-16.363078],[-73.274247,-16.363278],[-73.273998,-16.363656],[-73.27388,-16.364093],[-73.273856,-16.364318],[-73.273862,-16.364543],[-73.273907,-16.364763],[-73.274059,-16.365189],[-73.274072,-16.365413],[-73.274036,-16.365635],[-73.273942,-16.36584],[-73.273797,-16.366013],[-73.273614,-16.366146],[-73.272947,-16.366313],[-73.272762,-16.366439],[-73.272459,-16.367041],[-73.27205,-16.367246],[-73.270773,-16.367755],[-73.270572,-16.367858],[-73.270418,-16.368024],[-73.269491,-16.369842],[-73.26946,-16.370064],[-73.269624,-16.370212],[-73.270077,-16.370278],[-73.270294,-16.370336],[-73.270436,-16.370505],[-73.270456,-16.370728],[-73.270433,-16.371406],[-73.270471,-16.371626],[-73.270627,-16.371788],[-73.271308,-16.371874],[-73.271508,-16.371976],[-73.272161,-16.372611],[-73.272291,-16.372796],[-73.272329,-16.373017],[-73.272313,-16.373695],[-73.272338,-16.373918],[-73.272438,-16.374118],[-73.273073,-16.374768],[-73.273126,-16.374982],[-73.273097,-16.375206],[-73.27295,-16.375868],[-73.272803,-16.376036],[-73.272359,-16.376131],[-73.272174,-16.376265],[-73.272013,-16.376422],[-73.27194,-16.376631],[-73.272029,-16.376837],[-73.272636,-16.377797],[-73.272708,-16.378008],[-73.272626,-16.378214],[-73.272437,-16.378333],[-73.271767,-16.378492],[-73.2716,-16.378638],[-73.27158,-16.379084],[-73.271518,-16.379298],[-73.271335,-16.379424],[-73.269731,-16.379499],[-73.269504,-16.379469],[-73.269072,-16.37932],[-73.268851,-16.379277],[-73.268649,-16.379372],[-73.268522,-16.379558],[-73.268209,-16.38016],[-73.267768,-16.38068],[-73.267673,-16.380881],[-73.26762,-16.38133],[-73.267647,-16.381551],[-73.267809,-16.381975],[-73.267835,-16.382196],[-73.267745,-16.382401],[-73.267305,-16.382923],[-73.267221,-16.383129],[-73.267285,-16.383576],[-73.267274,-16.383801],[-73.266738,-16.385293],[-73.266633,-16.385493],[-73.266484,-16.385664],[-73.266106,-16.385917],[-73.265867,-16.386548],[-73.26575,-16.386741],[-73.265591,-16.386903],[-73.265029,-16.387291],[-73.264743,-16.387642],[-73.264571,-16.387789],[-73.264154,-16.387976],[-73.263928,-16.388011],[-73.263469,-16.388018],[-73.263242,-16.388044],[-73.26303,-16.388127],[-73.261584,-16.388818],[-73.261364,-16.388883],[-73.261139,-16.38892],[-73.260452,-16.388953],[-73.257701,-16.388794],[-73.257474,-16.388764],[-73.257254,-16.388699],[-73.251342,-16.386865],[-73.251117,-16.38682],[-73.250888,-16.386823],[-73.250665,-16.386879],[-73.247988,-16.388177],[-73.247594,-16.388409],[-73.246308,-16.389358],[-73.245102,-16.390404],[-73.244,-16.391218],[-73.243165,-16.391993],[-73.242262,-16.393018],[-73.241447,-16.393813],[-73.24101,-16.394336],[-73.24083,-16.394476],[-73.240235,-16.394819],[-73.24006,-16.39496],[-73.239603,-16.395465],[-73.239202,-16.395686],[-73.23901,-16.395809],[-73.238835,-16.395955],[-73.238443,-16.39651],[-73.237712,-16.397052],[-73.237408,-16.397391],[-73.236983,-16.397925],[-73.236828,-16.39809],[-73.236647,-16.398229],[-73.23624,-16.398435],[-73.231598,-16.399717],[-73.231151,-16.399818],[-73.230949,-16.399724],[-73.230848,-16.399528],[-73.230837,-16.399302],[-73.230855,-16.39908],[-73.230972,-16.39889],[-73.231185,-16.398815],[-73.231413,-16.398794],[-73.231635,-16.398746],[-73.231774,-16.398578],[-73.231788,-16.39836],[-73.231701,-16.397916],[-73.231733,-16.397697],[-73.232057,-16.39738],[-73.232185,-16.397196],[-73.232548,-16.396124],[-73.232567,-16.395903],[-73.232449,-16.395715],[-73.232229,-16.395662],[-73.232025,-16.395749],[-73.231876,-16.395921],[-73.23146,-16.396462],[-73.228427,-16.400152],[-73.227974,-16.400663],[-73.227626,-16.400956],[-73.227234,-16.401192],[-73.227024,-16.401283],[-73.226585,-16.401415],[-73.226131,-16.40147],[-73.225673,-16.401481],[-73.219498,-16.400949],[-73.219274,-16.4009],[-73.219059,-16.400824],[-73.218851,-16.400728],[-73.218661,-16.400604],[-73.218483,-16.400462],[-73.21803,-16.399951],[-73.217846,-16.399817],[-73.217646,-16.399706],[-73.216582,-16.399281],[-73.216147,-16.399139],[-73.215695,-16.399066],[-73.215236,-16.399041],[-73.215007,-16.399048],[-73.214782,-16.399088],[-73.214561,-16.399149],[-73.213921,-16.399398],[-73.213263,-16.399593],[-73.212804,-16.39959],[-73.212118,-16.39955],[-73.211202,-16.399617],[-73.210513,-16.39962],[-73.210059,-16.399562],[-73.209391,-16.3994],[-73.209164,-16.399364],[-73.207558,-16.39938],[-73.207331,-16.399412],[-73.207124,-16.399508],[-73.206582,-16.399926],[-73.205456,-16.400707],[-73.204639,-16.40112],[-73.204208,-16.401276],[-73.20342,-16.401738],[-73.203196,-16.401741],[-73.202798,-16.401516],[-73.202577,-16.401496],[-73.202403,-16.401634],[-73.202381,-16.401855],[-73.202398,-16.402081],[-73.202353,-16.4023],[-73.202222,-16.402487],[-73.201897,-16.402805],[-73.201614,-16.40316],[-73.20094,-16.403769],[-73.20032,-16.404718],[-73.200164,-16.405143],[-73.200059,-16.405343],[-73.199923,-16.405524],[-73.199713,-16.40559],[-73.198578,-16.405418],[-73.198352,-16.405422],[-73.198136,-16.40549],[-73.197263,-16.40622],[-73.197096,-16.406375],[-73.196954,-16.406552],[-73.196656,-16.407163],[-73.196249,-16.407709],[-73.196157,-16.407915],[-73.195913,-16.409249],[-73.195407,-16.410262],[-73.195299,-16.41046],[-73.195129,-16.410612],[-73.194746,-16.410858],[-73.194523,-16.4109],[-73.194313,-16.410816],[-73.1938,-16.410362],[-73.19361,-16.41024],[-73.193386,-16.4102],[-73.193156,-16.410203],[-73.192478,-16.410319],[-73.191792,-16.410292],[-73.191568,-16.410339],[-73.191369,-16.410449],[-73.191214,-16.410613],[-73.191073,-16.410791],[-73.190723,-16.411374],[-73.19068,-16.411596],[-73.19068,-16.412048],[-73.190603,-16.412253],[-73.190402,-16.412338],[-73.190173,-16.412321],[-73.189268,-16.412171],[-73.18904,-16.412146],[-73.188811,-16.412153],[-73.187138,-16.412894],[-73.186763,-16.413151],[-73.186227,-16.413574],[-73.186002,-16.413596],[-73.185799,-16.4135],[-73.185472,-16.413182],[-73.185046,-16.412651],[-73.184887,-16.412487],[-73.184687,-16.412379],[-73.184242,-16.41227],[-73.184014,-16.41229],[-73.183598,-16.412473],[-73.183374,-16.41248],[-73.182708,-16.412307],[-73.182484,-16.41227],[-73.182257,-16.412297],[-73.182056,-16.412404],[-73.181401,-16.413038],[-73.181262,-16.413217],[-73.181066,-16.413626],[-73.180924,-16.413803],[-73.180571,-16.414092],[-73.180411,-16.414254],[-73.179974,-16.414777],[-73.179714,-16.41515],[-73.179566,-16.415315],[-73.17934,-16.41534],[-73.178902,-16.415203],[-73.178675,-16.415181],[-73.177761,-16.415275],[-73.177537,-16.415318],[-73.176302,-16.415919],[-73.175721,-16.416282],[-73.175351,-16.416549],[-73.175139,-16.41663],[-73.174221,-16.416601],[-73.171244,-16.416409],[-73.171029,-16.416331],[-73.170658,-16.416064],[-73.17024,-16.415877],[-73.170028,-16.415793],[-73.169804,-16.415745],[-73.16958,-16.415744],[-73.169132,-16.415844],[-73.168284,-16.416188],[-73.168062,-16.416238],[-73.167611,-16.416159],[-73.167155,-16.416113],[-73.166697,-16.416144],[-73.165328,-16.416294],[-73.16465,-16.416412],[-73.163963,-16.416444],[-73.16374,-16.416497],[-73.163541,-16.416609],[-73.162984,-16.417005],[-73.162768,-16.417074],[-73.162539,-16.41709],[-73.161851,-16.417077],[-73.161174,-16.417202],[-73.159406,-16.417692],[-73.157914,-16.418276],[-73.157262,-16.418496],[-73.157062,-16.418601],[-73.156994,-16.418808],[-73.15706,-16.419255],[-73.157035,-16.419479],[-73.156987,-16.419699],[-73.156825,-16.420121],[-73.156202,-16.420784],[-73.156066,-16.420964],[-73.155861,-16.421369],[-73.155108,-16.423017],[-73.154815,-16.423365],[-73.154493,-16.423687],[-73.15382,-16.424302],[-73.153009,-16.425102],[-73.152828,-16.425235],[-73.152606,-16.425244],[-73.152176,-16.425086],[-73.151954,-16.425112],[-73.151829,-16.425283],[-73.151827,-16.425505],[-73.151987,-16.425925],[-73.151912,-16.42612],[-73.151524,-16.426355],[-73.15116,-16.426627],[-73.150875,-16.426977],[-73.15074,-16.427409],[-73.150606,-16.42759],[-73.150104,-16.428055],[-73.149919,-16.428179],[-73.149695,-16.428173],[-73.149541,-16.428014],[-73.149477,-16.427799],[-73.149284,-16.426687],[-73.149345,-16.426478],[-73.149706,-16.426204],[-73.149843,-16.426026],[-73.149826,-16.425805],[-73.149725,-16.425607],[-73.149184,-16.424876],[-73.148738,-16.424359],[-73.147626,-16.423216],[-73.147427,-16.423106],[-73.146764,-16.422924],[-73.146541,-16.422945],[-73.146386,-16.423099],[-73.146373,-16.423321],[-73.146467,-16.423524],[-73.14696,-16.423993],[-73.147028,-16.424206],[-73.146898,-16.424384],[-73.146678,-16.42443],[-73.145538,-16.424296],[-73.145319,-16.424343],[-73.145202,-16.424518],[-73.145265,-16.424729],[-73.145796,-16.425156],[-73.145953,-16.425318],[-73.145953,-16.425534],[-73.145792,-16.425687],[-73.141647,-16.428111],[-73.141434,-16.428196],[-73.141208,-16.428232],[-73.14075,-16.428259],[-73.140533,-16.428327],[-73.14033,-16.428432],[-73.14016,-16.428582],[-73.13886,-16.430164],[-73.138533,-16.430479],[-73.138323,-16.430568],[-73.136995,-16.43093],[-73.13656,-16.431073],[-73.136144,-16.431264],[-73.134956,-16.43195],[-73.134532,-16.432123],[-73.134309,-16.432169],[-73.134114,-16.432064],[-73.133864,-16.431686],[-73.133689,-16.431543],[-73.133473,-16.431496],[-73.13326,-16.43157],[-73.133119,-16.431742],[-73.13307,-16.43196],[-73.133086,-16.432186],[-73.133208,-16.43262],[-73.133295,-16.432829],[-73.133613,-16.43343],[-73.13369,-16.433643],[-73.133649,-16.433862],[-73.133514,-16.434044],[-73.13252,-16.434982],[-73.132404,-16.435172],[-73.132445,-16.435385],[-73.133734,-16.43667],[-73.133861,-16.436857],[-73.133876,-16.437079],[-73.133796,-16.43729],[-73.132999,-16.43892],[-73.132758,-16.439302],[-73.132274,-16.439786],[-73.131931,-16.440086],[-73.131274,-16.440718],[-73.131083,-16.440841],[-73.130878,-16.440939],[-73.130427,-16.441018],[-73.12974,-16.441061],[-73.129512,-16.441057],[-73.128377,-16.440885],[-73.128149,-16.440881],[-73.127937,-16.440951],[-73.127769,-16.441097],[-73.127589,-16.441511],[-73.127441,-16.441678],[-73.127225,-16.441737],[-73.126558,-16.441583],[-73.12633,-16.441576],[-73.126103,-16.441602],[-73.125656,-16.441705],[-73.121899,-16.44275],[-73.121681,-16.44282],[-73.121478,-16.442922],[-73.121294,-16.443056],[-73.121149,-16.443227],[-73.121063,-16.443436],[-73.120933,-16.44387],[-73.120133,-16.447168],[-73.120055,-16.447381],[-73.119949,-16.44758],[-73.119813,-16.44776],[-73.119629,-16.447896],[-73.11943,-16.448008],[-73.119211,-16.448068],[-73.118983,-16.448092],[-73.118065,-16.448108],[-73.117839,-16.448136],[-73.117673,-16.44828],[-73.117502,-16.448935],[-73.117378,-16.449118],[-73.117195,-16.449247],[-73.116979,-16.449323],[-73.115858,-16.449563],[-73.115666,-16.449676],[-73.11562,-16.449889],[-73.115846,-16.450272],[-73.11583,-16.450486],[-73.115669,-16.450642],[-73.115468,-16.450751],[-73.115252,-16.450822],[-73.115026,-16.450814],[-73.114817,-16.450722],[-73.114691,-16.450541],[-73.114728,-16.45032],[-73.115062,-16.449478],[-73.11543,-16.448407],[-73.115548,-16.447972],[-73.11551,-16.447521],[-73.115553,-16.447072],[-73.115722,-16.446183],[-73.116025,-16.445332],[-73.116058,-16.44511],[-73.116051,-16.444884],[-73.11599,-16.444436],[-73.116006,-16.443986],[-73.116049,-16.443764],[-73.116243,-16.443356],[-73.116947,-16.442464],[-73.11702,-16.442254],[-73.117145,-16.441587],[-73.117213,-16.441372],[-73.117312,-16.441167],[-73.117657,-16.440581],[-73.11778,-16.44039],[-73.117927,-16.440218],[-73.118665,-16.439679],[-73.118811,-16.439513],[-73.118867,-16.439298],[-73.118798,-16.439087],[-73.118371,-16.438287],[-73.118218,-16.438121],[-73.118015,-16.438023],[-73.117792,-16.437972],[-73.117589,-16.437872],[-73.11741,-16.43773],[-73.117262,-16.437558],[-73.11718,-16.43735],[-73.117179,-16.437125],[-73.117258,-16.436914],[-73.117587,-16.436318],[-73.117675,-16.43611],[-73.117709,-16.435892],[-73.117652,-16.435677],[-73.117268,-16.435116],[-73.11724,-16.434896],[-73.117449,-16.434016],[-73.117459,-16.43379],[-73.11741,-16.43357],[-73.117126,-16.432956],[-73.117171,-16.432737],[-73.11732,-16.432309],[-73.117316,-16.432089],[-73.117181,-16.431913],[-73.116779,-16.431695],[-73.116638,-16.43153],[-73.116601,-16.430853],[-73.116693,-16.430182],[-73.116697,-16.429731],[-73.116659,-16.429508],[-73.116565,-16.429302],[-73.116442,-16.429112],[-73.116414,-16.428895],[-73.116475,-16.428447],[-73.116453,-16.428224],[-73.116343,-16.427786],[-73.116312,-16.427566],[-73.116457,-16.427138],[-73.116478,-16.426914],[-73.116471,-16.426462],[-73.116525,-16.426014],[-73.116859,-16.424932],[-73.11688,-16.424707],[-73.116837,-16.424258],[-73.116673,-16.423836],[-73.116559,-16.423641],[-73.116413,-16.423467],[-73.116075,-16.423162],[-73.114587,-16.422102],[-73.11439,-16.421986],[-73.111175,-16.419807],[-73.110758,-16.41962],[-73.110308,-16.41954],[-73.109851,-16.419564],[-73.109419,-16.419713],[-73.109035,-16.41996],[-73.10872,-16.420286],[-73.106983,-16.422949],[-73.106841,-16.423125],[-73.106686,-16.423292],[-73.106345,-16.423595],[-73.105809,-16.424021],[-73.105294,-16.42447],[-73.105142,-16.42464],[-73.105024,-16.424831],[-73.104929,-16.425037],[-73.104861,-16.425252],[-73.104805,-16.425471],[-73.104798,-16.425922],[-73.104981,-16.428176],[-73.10497,-16.428627],[-73.104926,-16.428848],[-73.103971,-16.432341],[-73.10395,-16.432565],[-73.10396,-16.43279],[-73.104118,-16.433449],[-73.104134,-16.433674],[-73.104111,-16.434352],[-73.103717,-16.437948],[-73.10369,-16.438852],[-73.103644,-16.439301],[-73.103172,-16.441745],[-73.102798,-16.443515],[-73.102527,-16.444614],[-73.100094,-16.453335],[-73.098777,-16.455717],[-73.098318,-16.45622],[-73.097948,-16.456488],[-73.097326,-16.456777],[-73.094072,-16.457887],[-73.093651,-16.458066],[-73.085885,-16.461982],[-73.084637,-16.462557],[-73.083546,-16.462908],[-73.071455,-16.466495],[-73.071243,-16.466579],[-73.07083,-16.466777],[-73.070272,-16.467172],[-73.066409,-16.470717],[-73.066221,-16.470844],[-73.065817,-16.471058],[-73.065379,-16.471194],[-73.065151,-16.47122],[-73.064694,-16.471203],[-73.064239,-16.471137],[-73.06401,-16.471126],[-73.063552,-16.471131],[-73.063094,-16.471167],[-73.060588,-16.471474],[-73.05785,-16.471778],[-73.0574,-16.471869],[-73.056736,-16.472048],[-73.047372,-16.475126],[-73.046976,-16.475354],[-73.046424,-16.475757],[-73.046106,-16.476084],[-73.045969,-16.476265],[-73.045837,-16.47645],[-73.045614,-16.476845],[-73.04536,-16.477474],[-73.044684,-16.480337],[-73.044529,-16.480762],[-73.044314,-16.481161],[-73.044177,-16.481342],[-73.043695,-16.481826],[-73.042125,-16.483149],[-73.041946,-16.48329],[-73.041554,-16.483526],[-73.041347,-16.483621],[-73.040918,-16.483783],[-73.039571,-16.484064],[-73.026253,-16.486503],[-73.02559,-16.486687],[-73.021455,-16.488055],[-73.021235,-16.488119],[-73.020781,-16.488165],[-73.020553,-16.488154],[-73.007382,-16.486217],[-73.006711,-16.486065],[-73.006495,-16.485991],[-73.006284,-16.485902],[-73.005882,-16.485684],[-73.005507,-16.485424],[-73.005161,-16.485126],[-73.004858,-16.484787],[-73.004403,-16.484003],[-73.003784,-16.482543],[-73.003541,-16.482161],[-73.00338,-16.482],[-73.003009,-16.481736],[-73.002587,-16.481563],[-73.002133,-16.481502],[-73.001674,-16.481523],[-72.944228,-16.488307],[-72.943998,-16.48831],[-72.943775,-16.488256],[-72.943568,-16.488159],[-72.943392,-16.488016],[-72.943239,-16.487849],[-72.94271,-16.48711],[-72.942543,-16.486956],[-72.942346,-16.486844],[-72.942122,-16.4868],[-72.941897,-16.48684],[-72.941682,-16.486918],[-72.939444,-16.488071],[-72.939249,-16.488189],[-72.93907,-16.48833],[-72.937952,-16.489467],[-72.936972,-16.49042],[-72.936684,-16.490771],[-72.936449,-16.491159],[-72.936219,-16.491798],[-72.935958,-16.492664],[-72.935867,-16.492872],[-72.935741,-16.49306],[-72.935604,-16.493241],[-72.932883,-16.496304],[-72.932604,-16.496663],[-72.932498,-16.496861],[-72.932418,-16.497073],[-72.93226,-16.497733],[-72.932184,-16.497944],[-72.932062,-16.498135],[-72.93192,-16.498312],[-72.92975,-16.500647],[-72.92965,-16.500848],[-72.929637,-16.501072],[-72.929709,-16.501518],[-72.92972,-16.501743],[-72.92967,-16.501962],[-72.92959,-16.502173],[-72.928579,-16.504203],[-72.928291,-16.504555],[-72.926737,-16.506219],[-72.926454,-16.506575],[-72.926336,-16.506769],[-72.926148,-16.507181],[-72.925999,-16.507608],[-72.925614,-16.509145],[-72.92557,-16.509594],[-72.925589,-16.509818],[-72.925793,-16.51116],[-72.925777,-16.511384],[-72.925725,-16.511603],[-72.925659,-16.51182],[-72.925563,-16.512025],[-72.925411,-16.512191],[-72.925232,-16.512332],[-72.921598,-16.515096],[-72.921224,-16.515358],[-72.920827,-16.515585],[-72.919548,-16.516088],[-72.919325,-16.516137],[-72.919097,-16.516157],[-72.918868,-16.516145],[-72.918644,-16.516099],[-72.918242,-16.515885],[-72.916675,-16.514559],[-72.916298,-16.514305],[-72.915216,-16.513927],[-72.914772,-16.51382],[-72.914542,-16.51382],[-72.914321,-16.513874],[-72.913903,-16.514058],[-72.913511,-16.514294],[-72.913334,-16.514436],[-72.913173,-16.514597],[-72.913057,-16.514791],[-72.912888,-16.515211],[-72.912268,-16.517388],[-72.912186,-16.517597],[-72.912059,-16.517784],[-72.911282,-16.518617],[-72.910099,-16.519687],[-72.909741,-16.519971],[-72.907669,-16.521393],[-72.907308,-16.521672],[-72.907164,-16.521848],[-72.907055,-16.522046],[-72.906913,-16.522474],[-72.906767,-16.523136],[-72.906664,-16.523334],[-72.906482,-16.523461],[-72.905198,-16.523952],[-72.904333,-16.524255],[-72.903922,-16.524456],[-72.90293,-16.525023],[-72.902717,-16.525109],[-72.901829,-16.525337],[-72.9014,-16.525496],[-72.89371,-16.530012],[-72.893301,-16.530215],[-72.890719,-16.53116],[-72.890526,-16.531283],[-72.89035,-16.531428],[-72.890024,-16.531745],[-72.889832,-16.531866],[-72.888738,-16.532198],[-72.888536,-16.532306],[-72.887976,-16.532701],[-72.8874,-16.533073],[-72.886584,-16.533485],[-72.886156,-16.533647],[-72.885702,-16.533697],[-72.885017,-16.533619],[-72.883882,-16.533452],[-72.883196,-16.533413],[-72.876338,-16.534046],[-72.861246,-16.535387],[-72.860791,-16.535445],[-72.860568,-16.535498],[-72.860349,-16.535566],[-72.860144,-16.535665],[-72.859766,-16.535917],[-72.8596,-16.536074],[-72.859345,-16.536449],[-72.855012,-16.545185],[-72.854436,-16.546417],[-72.854026,-16.547226],[-72.853652,-16.547796],[-72.853506,-16.547969],[-72.85319,-16.548297],[-72.852845,-16.548595],[-72.849657,-16.550812],[-72.832871,-16.562286],[-72.83148,-16.56308],[-72.81853,-16.569917],[-72.817062,-16.570559],[-72.813213,-16.572041],[-72.812826,-16.572284],[-72.805517,-16.578477],[-72.800397,-16.5815],[-72.800015,-16.58175],[-72.794672,-16.584844],[-72.793565,-16.58565],[-72.78529,-16.592114],[-72.785122,-16.592266],[-72.784675,-16.592782],[-72.783564,-16.594222],[-72.78325,-16.594551],[-72.781079,-16.596221],[-72.779176,-16.597485],[-72.77151,-16.602466],[-72.77133,-16.602606],[-72.770489,-16.603375],[-72.770333,-16.60354],[-72.769033,-16.605122],[-72.768876,-16.605286],[-72.768685,-16.605408],[-72.768466,-16.605471],[-72.768238,-16.605478],[-72.768023,-16.605406],[-72.767828,-16.605287],[-72.767657,-16.605137],[-72.766402,-16.603521],[-72.766247,-16.603355],[-72.766061,-16.603223],[-72.76435,-16.602567],[-72.763698,-16.602346],[-72.763291,-16.602139],[-72.762543,-16.601614],[-72.762338,-16.601517],[-72.762116,-16.601467],[-72.761657,-16.60145],[-72.761203,-16.601505],[-72.760545,-16.601703],[-72.760319,-16.60174],[-72.76009,-16.60174],[-72.759864,-16.601701],[-72.757388,-16.601213],[-72.750874,-16.599854],[-72.75022,-16.599646],[-72.749805,-16.599451],[-72.749661,-16.599554],[-72.749546,-16.59975],[-72.747921,-16.598931],[-72.746217,-16.59778],[-72.746043,-16.597638],[-72.745782,-16.597272],[-72.745393,-16.597033],[-72.744651,-16.596501],[-72.743491,-16.595098],[-72.739525,-16.590116],[-72.73899,-16.58938],[-72.737099,-16.58628],[-72.736793,-16.585943],[-72.736605,-16.585814],[-72.736188,-16.585628],[-72.735968,-16.585564],[-72.735513,-16.585511],[-72.729547,-16.585726],[-72.726576,-16.586005],[-72.725894,-16.586098],[-72.725463,-16.586254],[-72.725067,-16.586482],[-72.722772,-16.587983],[-72.722569,-16.588087],[-72.722353,-16.588163],[-72.722132,-16.588222],[-72.721904,-16.58824],[-72.721446,-16.588215],[-72.720095,-16.587948],[-72.714107,-16.58637],[-72.713432,-16.586236],[-72.712976,-16.586186],[-72.712288,-16.586162],[-72.711831,-16.586199],[-72.711605,-16.586239],[-72.710948,-16.586441],[-72.710529,-16.586626],[-72.709936,-16.586969],[-72.709384,-16.587375],[-72.707624,-16.588826],[-72.707295,-16.589142],[-72.707164,-16.589326],[-72.707083,-16.589537],[-72.706907,-16.590193],[-72.706236,-16.593057],[-72.705902,-16.594373],[-72.705665,-16.595009],[-72.702811,-16.600681],[-72.702451,-16.601258],[-72.702365,-16.601467],[-72.70227,-16.601909],[-72.702101,-16.602328],[-72.700342,-16.605244],[-72.699715,-16.606451],[-72.699535,-16.606867],[-72.699458,-16.607079],[-72.699369,-16.607523],[-72.699322,-16.607973],[-72.699196,-16.610004],[-72.699008,-16.611347],[-72.698558,-16.613333],[-72.698296,-16.6142],[-72.697737,-16.615683],[-72.697035,-16.617107],[-72.695518,-16.620402],[-72.694625,-16.621982],[-72.694432,-16.622391],[-72.694304,-16.622825],[-72.694263,-16.623048],[-72.693969,-16.625517],[-72.693845,-16.626184],[-72.693712,-16.626617],[-72.691557,-16.632099],[-72.691197,-16.63293],[-72.690969,-16.633323],[-72.689991,-16.634578],[-72.689749,-16.634962],[-72.689594,-16.635387],[-72.689507,-16.63583],[-72.689055,-16.639192],[-72.688786,-16.64212],[-72.688457,-16.645268],[-72.688152,-16.647281],[-72.688086,-16.647496],[-72.687982,-16.647697],[-72.687839,-16.647874],[-72.687679,-16.648035],[-72.687471,-16.648132],[-72.687253,-16.648198],[-72.676556,-16.65081],[-72.673878,-16.651446],[-72.671411,-16.651981],[-72.643901,-16.657167],[-72.643022,-16.657428],[-72.641957,-16.657849],[-72.640286,-16.658601],[-72.639434,-16.658937],[-72.638988,-16.659045],[-72.638307,-16.659145],[-72.635795,-16.659403],[-72.635108,-16.65944],[-72.634648,-16.65944],[-72.634191,-16.659404],[-72.633741,-16.65932],[-72.63331,-16.659164],[-72.632049,-16.65862],[-72.631831,-16.658547],[-72.631604,-16.658515],[-72.631147,-16.658523],[-72.62887,-16.658811],[-72.628412,-16.658815],[-72.627744,-16.658653],[-72.627063,-16.658581],[-72.626931,-16.658404],[-72.626953,-16.658187],[-72.627063,-16.657992],[-72.627139,-16.657779],[-72.627177,-16.657556],[-72.627171,-16.657333],[-72.626028,-16.648587],[-72.625885,-16.647694],[-72.625743,-16.647031],[-72.625602,-16.645909],[-72.625557,-16.645232],[-72.625268,-16.642989],[-72.625251,-16.642764],[-72.62525,-16.64186],[-72.625457,-16.64098],[-72.632708,-16.624115],[-72.632851,-16.623686],[-72.632908,-16.623238],[-72.632873,-16.622787],[-72.632833,-16.622565],[-72.632697,-16.622134],[-72.631359,-16.619506],[-72.631217,-16.619078],[-72.631166,-16.618629],[-72.631176,-16.618178],[-72.631546,-16.615947],[-72.631549,-16.615495],[-72.63149,-16.615047],[-72.631302,-16.614395],[-72.63113,-16.613977],[-72.63099,-16.613798],[-72.630489,-16.613334],[-72.63034,-16.613163],[-72.63022,-16.61297],[-72.630106,-16.612775],[-72.629613,-16.611508],[-72.629567,-16.611286],[-72.62955,-16.611062],[-72.629577,-16.610841],[-72.629739,-16.610418],[-72.629792,-16.6102],[-72.629797,-16.609976],[-72.629743,-16.609757],[-72.629424,-16.608911],[-72.629376,-16.608234],[-72.629389,-16.608011],[-72.62945,-16.607793],[-72.629642,-16.607384],[-72.629886,-16.60675],[-72.630077,-16.605865],[-72.630154,-16.605654],[-72.630258,-16.605453],[-72.630989,-16.604582],[-72.631878,-16.603263],[-72.631963,-16.603054],[-72.632022,-16.602836],[-72.632205,-16.601952],[-72.63215,-16.601504],[-72.632155,-16.601052],[-72.632205,-16.600833],[-72.632488,-16.600215],[-72.632531,-16.599993],[-72.632538,-16.599769],[-72.632512,-16.599544],[-72.632251,-16.597983],[-72.632283,-16.597532],[-72.63244,-16.596185],[-72.632426,-16.595736],[-72.632145,-16.594639],[-72.631946,-16.594235],[-72.631789,-16.59407],[-72.631252,-16.593648],[-72.631126,-16.593459],[-72.631078,-16.593239],[-72.631071,-16.593018],[-72.631182,-16.592579],[-72.631206,-16.592356],[-72.631178,-16.592135],[-72.631023,-16.591709],[-72.629281,-16.58827],[-72.629155,-16.588084],[-72.628837,-16.587758],[-72.628553,-16.587403],[-72.628458,-16.587197],[-72.628384,-16.586985],[-72.628011,-16.584984],[-72.627998,-16.584759],[-72.628048,-16.584539],[-72.628126,-16.584329],[-72.628265,-16.584151],[-72.628969,-16.583571],[-72.6291,-16.583389],[-72.629528,-16.582589],[-72.629608,-16.582378],[-72.629662,-16.582159],[-72.629665,-16.581933],[-72.629585,-16.580806],[-72.6296,-16.580357],[-72.62967,-16.580141],[-72.630275,-16.579181],[-72.630495,-16.578784],[-72.630626,-16.578351],[-72.63072,-16.577908],[-72.630752,-16.577685],[-72.630756,-16.577461],[-72.630711,-16.577241],[-72.630613,-16.577036],[-72.629977,-16.576386],[-72.629841,-16.576205],[-72.62974,-16.576005],[-72.629539,-16.574892],[-72.629532,-16.574668],[-72.629564,-16.574446],[-72.629837,-16.573824],[-72.629895,-16.573605],[-72.629904,-16.573381],[-72.629861,-16.573162],[-72.629784,-16.572949],[-72.629188,-16.571984],[-72.629056,-16.5718],[-72.628897,-16.571638],[-72.628696,-16.571529],[-72.628036,-16.571342],[-72.627829,-16.571244],[-72.627653,-16.571103],[-72.627508,-16.57093],[-72.627401,-16.57073],[-72.627342,-16.570512],[-72.627289,-16.570064],[-72.62727,-16.568481],[-72.627227,-16.56826],[-72.627159,-16.568046],[-72.627041,-16.567852],[-72.626873,-16.567699],[-72.626145,-16.567148],[-72.625983,-16.56699],[-72.625863,-16.566798],[-72.625812,-16.566579],[-72.625812,-16.566354],[-72.625895,-16.565681],[-72.625884,-16.565456],[-72.62581,-16.565244],[-72.625701,-16.565048],[-72.625544,-16.564884],[-72.623975,-16.56356],[-72.623141,-16.562481],[-72.6227,-16.561961],[-72.619238,-16.558656],[-72.618977,-16.558287],[-72.618888,-16.558078],[-72.618679,-16.557433],[-72.618529,-16.557265],[-72.618326,-16.557162],[-72.617025,-16.556716],[-72.616836,-16.556588],[-72.616544,-16.556241],[-72.615857,-16.555336],[-72.615536,-16.555013],[-72.615181,-16.554727],[-72.614987,-16.554605],[-72.614588,-16.554382],[-72.609289,-16.551675],[-72.608893,-16.551447],[-72.608314,-16.551079],[-72.60448,-16.5482],[-72.603719,-16.547694],[-72.600937,-16.546109],[-72.60052,-16.545921],[-72.600301,-16.545856],[-72.600076,-16.545815],[-72.59916,-16.545741],[-72.597096,-16.545643],[-72.596869,-16.545664],[-72.596195,-16.545802],[-72.595967,-16.545827],[-72.59482,-16.54588],[-72.592754,-16.545919],[-72.592302,-16.545841],[-72.591642,-16.54565],[-72.588707,-16.54436],[-72.588062,-16.544122],[-72.587616,-16.544019],[-72.586935,-16.543921],[-72.548171,-16.545609],[-72.547482,-16.545601],[-72.546798,-16.545525],[-72.546575,-16.545477],[-72.545702,-16.545198],[-72.533087,-16.540336],[-72.532006,-16.539958],[-72.531341,-16.53978],[-72.523922,-16.538267],[-72.523466,-16.538218],[-72.522778,-16.538211],[-72.519811,-16.538531],[-72.519122,-16.538536],[-72.518437,-16.538473],[-72.506399,-16.536723],[-72.505506,-16.536514],[-72.447166,-16.517252],[-72.446073,-16.516909],[-72.444945,-16.516699],[-72.443803,-16.51659],[-72.42756,-16.515232],[-72.426888,-16.515088],[-72.426026,-16.514775],[-72.420807,-16.512425],[-72.420195,-16.512113],[-72.419631,-16.511724],[-72.419122,-16.511269],[-72.418703,-16.510731],[-72.418357,-16.510145],[-72.417115,-16.507473],[-72.41699,-16.507284],[-72.416589,-16.506733],[-72.416081,-16.506276],[-72.415899,-16.506138],[-72.333097,-16.447972],[-72.313693,-16.43427],[-72.309205,-16.431122],[-72.309009,-16.431005],[-72.308601,-16.430799],[-72.308171,-16.43064],[-72.307282,-16.430418],[-72.306823,-16.430391],[-72.305906,-16.430425],[-72.305679,-16.430453],[-72.304791,-16.430681],[-72.28725,-16.436046],[-72.286798,-16.436121],[-72.28634,-16.436121],[-72.283607,-16.435778],[-72.274971,-16.434557],[-72.274066,-16.434403],[-72.273415,-16.43418],[-72.272564,-16.43384],[-72.271759,-16.433405],[-72.263338,-16.428332],[-72.233253,-16.410039],[-72.221717,-16.403047],[-72.214697,-16.398751],[-72.209995,-16.39592],[-72.198463,-16.388922],[-72.19711,-16.388068],[-72.169168,-16.371092],[-72.164072,-16.368031],[-72.154519,-16.362179],[-72.153833,-16.36158],[-72.152748,-16.360121],[-72.152454,-16.359774],[-72.152099,-16.359487],[-72.151473,-16.358826],[-72.150939,-16.358091],[-72.150455,-16.357322],[-72.15018,-16.356961],[-72.149846,-16.356652],[-72.149273,-16.356277],[-72.149097,-16.356132],[-72.148783,-16.355806],[-72.148527,-16.35543],[-72.147736,-16.354052],[-72.147491,-16.35367],[-72.147369,-16.353479],[-72.14695,-16.35294],[-72.146476,-16.352448],[-72.144129,-16.350285],[-72.143753,-16.350027],[-72.143338,-16.349835],[-72.142895,-16.349722],[-72.142439,-16.349672],[-72.141761,-16.349552],[-72.139848,-16.348783],[-72.1367,-16.34692],[-72.136537,-16.346765],[-72.136447,-16.34656],[-72.136439,-16.346337],[-72.136499,-16.346119],[-72.136944,-16.345078],[-72.136945,-16.344854],[-72.13685,-16.344654],[-72.136691,-16.344495],[-72.136466,-16.344465],[-72.136242,-16.344508],[-72.134405,-16.345436],[-72.134194,-16.345525],[-72.13397,-16.345568],[-72.133753,-16.345512],[-72.133598,-16.345349],[-72.13351,-16.345143],[-72.133249,-16.344044],[-72.133038,-16.343644],[-72.132745,-16.343296],[-72.132429,-16.342969],[-72.132239,-16.342843],[-72.131374,-16.342544],[-72.130928,-16.342439],[-72.129553,-16.342372],[-72.129337,-16.342441],[-72.128156,-16.343137],[-72.128012,-16.343313],[-72.127914,-16.343517],[-72.127304,-16.34546],[-72.127161,-16.346123],[-72.127141,-16.3468],[-72.12721,-16.350869],[-72.127261,-16.351772],[-72.127297,-16.351995],[-72.127526,-16.352634],[-72.128184,-16.354077],[-72.128807,-16.355023],[-72.12885,-16.355245],[-72.128867,-16.356149],[-72.128915,-16.356598],[-72.128975,-16.356815],[-72.129065,-16.357022],[-72.12972,-16.358216],[-72.129913,-16.358626],[-72.129989,-16.358838],[-72.130094,-16.359278],[-72.130285,-16.360622],[-72.13038,-16.361063],[-72.132282,-16.365425],[-72.132666,-16.366246],[-72.133273,-16.367205],[-72.133738,-16.367705],[-72.133908,-16.367857],[-72.135303,-16.369033],[-72.135674,-16.369299],[-72.137236,-16.370251],[-72.137424,-16.37038],[-72.137768,-16.370678],[-72.138044,-16.371038],[-72.138563,-16.371785],[-72.138918,-16.372366],[-72.13896,-16.372588],[-72.138946,-16.372812],[-72.138877,-16.373027],[-72.138754,-16.373216],[-72.138583,-16.373366],[-72.138388,-16.373482],[-72.137141,-16.374059],[-72.115823,-16.383604],[-72.085463,-16.397055],[-72.071422,-16.403243],[-72.069557,-16.404119],[-72.055935,-16.410122],[-72.051521,-16.412031],[-72.043363,-16.415668],[-72.033911,-16.419775],[-72.016085,-16.427597],[-72.012924,-16.428942],[-71.994443,-16.436983],[-71.96712,-16.448813],[-71.960993,-16.45138],[-71.957428,-16.452944],[-71.955106,-16.453922],[-71.954907,-16.454034],[-71.954732,-16.454178],[-71.954582,-16.454348],[-71.954476,-16.454546],[-71.954436,-16.454767],[-71.95444,-16.454993],[-71.954618,-16.456109],[-71.954643,-16.45656],[-71.954582,-16.457008],[-71.954446,-16.45744],[-71.954246,-16.457847],[-71.954084,-16.458269],[-71.954098,-16.459172],[-71.95403,-16.459383],[-71.953617,-16.459923],[-71.953517,-16.460125],[-71.953497,-16.46035],[-71.954214,-16.465045],[-71.954258,-16.465495],[-71.954242,-16.46572],[-71.954175,-16.465936],[-71.953979,-16.466344],[-71.9525,-16.468897],[-71.952114,-16.469717],[-71.950597,-16.472508],[-71.95047,-16.472694],[-71.95017,-16.473034],[-71.949708,-16.473816],[-71.949529,-16.473952],[-71.949312,-16.474015],[-71.949083,-16.474015],[-71.947947,-16.473854],[-71.947724,-16.473798],[-71.947313,-16.473599],[-71.947132,-16.473461],[-71.946827,-16.473126],[-71.946437,-16.472567],[-71.946275,-16.472411],[-71.946055,-16.472364],[-71.945825,-16.47236],[-71.945601,-16.472317],[-71.945406,-16.4722],[-71.945236,-16.472048],[-71.945088,-16.471876],[-71.944992,-16.471672],[-71.944772,-16.47103],[-71.944433,-16.469715],[-71.944356,-16.469503],[-71.944213,-16.469329],[-71.944007,-16.469241],[-71.94378,-16.46926],[-71.943585,-16.469374],[-71.943467,-16.469565],[-71.943454,-16.469787],[-71.943481,-16.47001],[-71.943418,-16.470222],[-71.943256,-16.470379],[-71.94304,-16.470437],[-71.94282,-16.470391],[-71.942637,-16.470255],[-71.942143,-16.469785],[-71.942074,-16.469572],[-71.942081,-16.469346],[-71.942054,-16.469125],[-71.941918,-16.468947],[-71.941714,-16.468858],[-71.940799,-16.46891],[-71.940584,-16.468838],[-71.940211,-16.468575],[-71.939891,-16.468252],[-71.939747,-16.468076],[-71.939647,-16.467878],[-71.939639,-16.467428],[-71.939516,-16.467249],[-71.939315,-16.467155],[-71.938856,-16.467158],[-71.938398,-16.467191],[-71.93771,-16.46716],[-71.93726,-16.467074],[-71.936824,-16.466933],[-71.936206,-16.466635],[-71.931527,-16.464225],[-71.931099,-16.464063],[-71.930872,-16.464031],[-71.930644,-16.464021],[-71.930416,-16.46404],[-71.930193,-16.464093],[-71.929765,-16.464256],[-71.929573,-16.464376],[-71.929219,-16.464664],[-71.92828,-16.465656],[-71.927772,-16.466113],[-71.926969,-16.466921],[-71.924311,-16.469735],[-71.924125,-16.469867],[-71.923737,-16.470109],[-71.921987,-16.470656],[-71.921535,-16.470731],[-71.921077,-16.470757],[-71.920388,-16.47076],[-71.920163,-16.470798],[-71.919946,-16.470867],[-71.919741,-16.470969],[-71.919552,-16.471095],[-71.918478,-16.471945],[-71.918311,-16.4721],[-71.918167,-16.472274],[-71.917911,-16.47265],[-71.917031,-16.473693],[-71.916736,-16.474304],[-71.91663,-16.474742],[-71.916532,-16.474945],[-71.916221,-16.475276],[-71.915418,-16.475715],[-71.914834,-16.476075],[-71.914662,-16.476224],[-71.914366,-16.476562],[-71.914179,-16.476692],[-71.913977,-16.476799],[-71.911884,-16.477726],[-71.911689,-16.477845],[-71.911513,-16.477987],[-71.911044,-16.478483],[-71.910201,-16.479555],[-71.910041,-16.479717],[-71.909853,-16.479845],[-71.909652,-16.479952],[-71.906202,-16.481196],[-71.905114,-16.481556],[-71.904677,-16.481693],[-71.904452,-16.481732],[-71.903766,-16.481787],[-71.900553,-16.481702],[-71.900099,-16.481642],[-71.899677,-16.481466],[-71.898347,-16.48058],[-71.898148,-16.480468],[-71.89793,-16.480397],[-71.897704,-16.480366],[-71.897475,-16.480377],[-71.897254,-16.480431],[-71.897051,-16.480533],[-71.892629,-16.48377],[-71.892433,-16.483888],[-71.89222,-16.483972],[-71.892001,-16.48401],[-71.891555,-16.483907],[-71.891352,-16.483801],[-71.890666,-16.482898],[-71.890475,-16.482774],[-71.890304,-16.482624],[-71.89011,-16.482515],[-71.889891,-16.482449],[-71.889662,-16.482431],[-71.889445,-16.482496],[-71.889237,-16.48259],[-71.889061,-16.482726],[-71.888928,-16.48291],[-71.888849,-16.483123],[-71.888799,-16.483342],[-71.888635,-16.484688],[-71.888575,-16.484905],[-71.888446,-16.485091],[-71.88809,-16.485373],[-71.886059,-16.486427],[-71.885694,-16.486701],[-71.885441,-16.487075],[-71.884886,-16.488317],[-71.884771,-16.48851],[-71.884617,-16.488676],[-71.884427,-16.488801],[-71.884212,-16.488881],[-71.883985,-16.488905],[-71.882627,-16.488681],[-71.882168,-16.488673],[-71.881952,-16.488743],[-71.881315,-16.488999],[-71.87967,-16.489805],[-71.879457,-16.489885],[-71.878557,-16.490061],[-71.878126,-16.490213],[-71.877756,-16.490478],[-71.877123,-16.491133],[-71.876946,-16.491273],[-71.876743,-16.491378],[-71.875661,-16.491756],[-71.875221,-16.491883],[-71.874995,-16.491922],[-71.874767,-16.491949],[-71.874538,-16.491937],[-71.873405,-16.49176],[-71.872946,-16.491761],[-71.870196,-16.49193],[-71.869738,-16.491912],[-71.869516,-16.491854],[-71.868082,-16.491141],[-71.867651,-16.490989],[-71.867193,-16.490988],[-71.866965,-16.491015],[-71.865843,-16.491253],[-71.865387,-16.491285],[-71.864476,-16.491173],[-71.863129,-16.49089],[-71.862441,-16.49089],[-71.859026,-16.49133],[-71.856762,-16.491704],[-71.849485,-16.492706],[-71.84631,-16.493196],[-71.841765,-16.493839],[-71.841103,-16.494022],[-71.84068,-16.494199],[-71.840473,-16.494295],[-71.838726,-16.495382],[-71.834808,-16.497739],[-71.824754,-16.50365],[-71.822964,-16.504666],[-71.8212,-16.505725],[-71.816223,-16.508541],[-71.813273,-16.51029],[-71.804537,-16.515287],[-71.79956,-16.518102],[-71.788442,-16.524462],[-71.781276,-16.528517],[-71.780861,-16.52871],[-71.780204,-16.52891],[-71.779522,-16.529003],[-71.779293,-16.52901],[-71.760008,-16.52881],[-71.758401,-16.52882],[-71.757946,-16.528759],[-71.757723,-16.528707],[-71.757516,-16.52861],[-71.757314,-16.528502],[-71.75713,-16.528369],[-71.756792,-16.528062],[-71.755304,-16.526341],[-71.755124,-16.526204],[-71.754919,-16.526105],[-71.754474,-16.526001],[-71.754248,-16.526037],[-71.752487,-16.526552],[-71.752034,-16.526623],[-71.751805,-16.526635],[-71.750661,-16.526562],[-71.75044,-16.526501],[-71.75023,-16.52641],[-71.750046,-16.526276],[-71.74989,-16.526111],[-71.749767,-16.525921],[-71.749684,-16.525711],[-71.749649,-16.525488],[-71.749302,-16.521887],[-71.749188,-16.52145],[-71.748954,-16.520812],[-71.743695,-16.509507],[-71.743235,-16.508725],[-71.743075,-16.508564],[-71.742707,-16.508293],[-71.742515,-16.508171],[-71.742305,-16.50808],[-71.741866,-16.50795],[-71.74118,-16.507899],[-71.733144,-16.507866],[-71.729701,-16.507791],[-71.729027,-16.507654],[-71.728179,-16.507311],[-71.724661,-16.505645],[-71.723846,-16.505229],[-71.722402,-16.504111],[-71.721007,-16.502936],[-71.720518,-16.502458],[-71.720264,-16.502081],[-71.71972,-16.501086],[-71.718927,-16.49971],[-71.718792,-16.499529],[-71.718156,-16.498877],[-71.716669,-16.497464],[-71.716517,-16.497296],[-71.716146,-16.496725],[-71.715615,-16.495723],[-71.714845,-16.494081],[-71.71413,-16.492664],[-71.713956,-16.492008],[-71.713809,-16.491115],[-71.713753,-16.490212],[-71.713581,-16.488412],[-71.713938,-16.485266],[-71.714109,-16.484148],[-71.714182,-16.483247],[-71.714272,-16.482804],[-71.714523,-16.481934],[-71.714684,-16.481275],[-71.714696,-16.481049],[-71.714692,-16.480824],[-71.714357,-16.478131],[-71.714177,-16.476331],[-71.7141,-16.476121],[-71.713984,-16.475928],[-71.713827,-16.475764],[-71.713641,-16.475631],[-71.712037,-16.47475],[-71.70963,-16.473997],[-71.707432,-16.473349],[-71.707008,-16.473174],[-71.705628,-16.472363],[-71.705202,-16.472197],[-71.704985,-16.472124],[-71.703854,-16.471932],[-71.703417,-16.471796],[-71.702797,-16.471501],[-71.700181,-16.470086],[-71.699556,-16.469805],[-71.699331,-16.469767],[-71.697037,-16.469682],[-71.69659,-16.469778],[-71.694242,-16.470694],[-71.694022,-16.470732],[-71.693107,-16.470657],[-71.692659,-16.470558],[-71.692467,-16.470445],[-71.691947,-16.47],[-71.691446,-16.469534],[-71.691396,-16.469324],[-71.691484,-16.469132],[-71.69168,-16.469031],[-71.691895,-16.469084],[-71.692553,-16.469715],[-71.692734,-16.469853],[-71.692954,-16.46991],[-71.693181,-16.469897],[-71.69363,-16.469807],[-71.693846,-16.469737],[-71.694044,-16.469622],[-71.694534,-16.469148],[-71.694688,-16.468981],[-71.695106,-16.468442],[-71.695208,-16.468243],[-71.695328,-16.467809],[-71.69535,-16.467359],[-71.695268,-16.466915],[-71.694463,-16.465289],[-71.694334,-16.464856],[-71.694275,-16.464408],[-71.694117,-16.463747],[-71.693719,-16.463196],[-71.690889,-16.46023],[-71.68997,-16.45922],[-71.689836,-16.459039],[-71.68974,-16.458834],[-71.689588,-16.458407],[-71.689418,-16.457289],[-71.688803,-16.453723],[-71.688671,-16.453058],[-71.688837,-16.4524],[-71.689031,-16.451749],[-71.689125,-16.451546],[-71.689259,-16.451362],[-71.689442,-16.451231],[-71.690032,-16.450882],[-71.690374,-16.450581],[-71.690524,-16.450411],[-71.690909,-16.449849],[-71.691061,-16.449682],[-71.691931,-16.448944],[-71.692119,-16.448818],[-71.692741,-16.448528],[-71.693594,-16.448192],[-71.694252,-16.447992],[-71.694477,-16.447957],[-71.694936,-16.447957],[-71.697228,-16.448079],[-71.698594,-16.447901],[-71.698795,-16.447793],[-71.698866,-16.447589],[-71.698792,-16.447386],[-71.698593,-16.447302],[-71.698369,-16.447314],[-71.697957,-16.447513],[-71.697769,-16.447641],[-71.697554,-16.447709],[-71.697327,-16.44774],[-71.696868,-16.44774],[-71.696412,-16.447691],[-71.695282,-16.447495],[-71.694872,-16.447299],[-71.694342,-16.446869],[-71.693731,-16.446562],[-71.693508,-16.446515],[-71.693063,-16.446625],[-71.691301,-16.447135],[-71.690212,-16.44749],[-71.690019,-16.447609],[-71.689687,-16.44792],[-71.689502,-16.448052],[-71.689301,-16.448152],[-71.689074,-16.44818],[-71.688847,-16.448157],[-71.688635,-16.448077],[-71.68847,-16.447934],[-71.688389,-16.447724],[-71.688384,-16.447499],[-71.691308,-16.439405],[-71.692186,-16.437073],[-71.692947,-16.434939],[-71.693124,-16.434522],[-71.6936,-16.433011],[-71.69361,-16.432786],[-71.69361,-16.43256],[-71.693522,-16.432118],[-71.691658,-16.427987],[-71.691602,-16.427771],[-71.691587,-16.427545],[-71.691612,-16.427323],[-71.691669,-16.427104],[-71.692183,-16.425846],[-71.692249,-16.425632],[-71.692256,-16.425409],[-71.692185,-16.425194],[-71.691955,-16.424804],[-71.690665,-16.423215],[-71.689976,-16.42231],[-71.689752,-16.421918],[-71.689688,-16.421701],[-71.68967,-16.421478],[-71.689681,-16.421252],[-71.690009,-16.418558],[-71.689957,-16.418339],[-71.689829,-16.418159],[-71.689662,-16.418006],[-71.689456,-16.417907],[-71.689233,-16.41787],[-71.689005,-16.417873],[-71.687217,-16.418287],[-71.686557,-16.418479],[-71.686397,-16.418634],[-71.686297,-16.418834],[-71.686238,-16.419051],[-71.686208,-16.419727],[-71.686141,-16.419941],[-71.686004,-16.420121],[-71.684094,-16.421375],[-71.683874,-16.421435],[-71.683188,-16.421426],[-71.682961,-16.42146],[-71.682761,-16.421571],[-71.682595,-16.421724],[-71.681816,-16.422554],[-71.681299,-16.423001],[-71.680339,-16.42362],[-71.679729,-16.423936],[-71.679097,-16.424203],[-71.678656,-16.424327],[-71.67843,-16.42436],[-71.677512,-16.424368],[-71.677286,-16.4244],[-71.677079,-16.424497],[-71.676902,-16.424638],[-71.675957,-16.425917],[-71.675753,-16.426009],[-71.675528,-16.425989],[-71.67509,-16.425851],[-71.674867,-16.425802],[-71.674638,-16.425787],[-71.673275,-16.425975],[-71.671676,-16.426136],[-71.671447,-16.426134],[-71.671222,-16.426103],[-71.67101,-16.426016],[-71.670812,-16.425902],[-71.669875,-16.42525],[-71.669442,-16.425105],[-71.666688,-16.42502],[-71.666459,-16.425035],[-71.665788,-16.425188],[-71.665334,-16.425249],[-71.661441,-16.424976],[-71.660983,-16.424975],[-71.660755,-16.425002],[-71.658321,-16.425666],[-71.658094,-16.425689],[-71.657194,-16.425519],[-71.656966,-16.425509],[-71.656753,-16.425588],[-71.656592,-16.425741],[-71.656405,-16.426154],[-71.656255,-16.426322],[-71.656054,-16.426422],[-71.655825,-16.426428],[-71.654225,-16.426277],[-71.654,-16.426306],[-71.653811,-16.426429],[-71.653362,-16.426943],[-71.653173,-16.427068],[-71.652955,-16.427137],[-71.65159,-16.427316],[-71.651362,-16.427337],[-71.651136,-16.427306],[-71.650945,-16.427183],[-71.650629,-16.426856],[-71.650411,-16.42679],[-71.650193,-16.426848],[-71.648938,-16.427408],[-71.64872,-16.427475],[-71.648497,-16.427444],[-71.64831,-16.427318],[-71.648211,-16.427118],[-71.648207,-16.426894],[-71.648503,-16.423969],[-71.648494,-16.423744],[-71.648455,-16.423522],[-71.64829,-16.423101],[-71.647237,-16.421092],[-71.647125,-16.420896],[-71.646715,-16.42035],[-71.646231,-16.41987],[-71.638856,-16.41411],[-71.638287,-16.413727],[-71.637688,-16.413393],[-71.63707,-16.413094],[-71.636431,-16.412842],[-71.635553,-16.412578],[-71.634653,-16.412396],[-71.609774,-16.408122],[-71.606152,-16.407516],[-71.603667,-16.407072],[-71.601616,-16.406831],[-71.590172,-16.405939],[-71.589026,-16.405876],[-71.588797,-16.40588],[-71.58857,-16.405913],[-71.588343,-16.40591],[-71.587431,-16.405808],[-71.586973,-16.405814],[-71.584454,-16.405626],[-71.583312,-16.405519],[-71.583179,-16.405366],[-71.583322,-16.40526],[-71.584465,-16.405352],[-71.58468,-16.405302],[-71.584777,-16.405111],[-71.58452,-16.402865],[-71.584477,-16.402645],[-71.584369,-16.402446],[-71.584379,-16.402225],[-71.584428,-16.402006],[-71.584416,-16.401782],[-71.584317,-16.40111],[-71.582923,-16.389889],[-71.582838,-16.389446],[-71.582681,-16.389022],[-71.582578,-16.38882],[-71.582327,-16.388442],[-71.574989,-16.379456],[-71.574723,-16.379088],[-71.57461,-16.378891],[-71.574543,-16.378678],[-71.574515,-16.378455],[-71.574558,-16.378005],[-71.574686,-16.377339],[-71.581606,-16.347819],[-71.581679,-16.347372],[-71.581684,-16.346695],[-71.581568,-16.34489],[-71.581514,-16.344441],[-71.581427,-16.343087],[-71.581422,-16.342635],[-71.581608,-16.342587],[-71.581837,-16.34258],[-71.583211,-16.342614],[-71.584128,-16.342568],[-71.585037,-16.342448],[-71.585691,-16.342236],[-71.586115,-16.342062],[-71.586511,-16.341834],[-71.586697,-16.341702],[-71.588888,-16.340057],[-71.58957,-16.339453],[-71.589877,-16.339116],[-71.590274,-16.338562],[-71.590475,-16.338156],[-71.594556,-16.327832],[-71.594914,-16.327],[-71.597214,-16.323087],[-71.59804,-16.321729],[-71.598169,-16.321542],[-71.598321,-16.321373],[-71.598667,-16.321077],[-71.60367,-16.317473],[-71.606436,-16.315453],[-71.606793,-16.315169],[-71.607633,-16.314398],[-71.620758,-16.301745],[-71.622088,-16.300497],[-71.627463,-16.29663],[-71.628736,-16.295664],[-71.629878,-16.294906],[-71.630538,-16.294716],[-71.630993,-16.294657],[-71.633288,-16.294581],[-71.633515,-16.294607],[-71.633737,-16.294662],[-71.635954,-16.29525],[-71.636632,-16.295369],[-71.636855,-16.29532],[-71.637063,-16.295227],[-71.637255,-16.295103],[-71.637938,-16.294196],[-71.638136,-16.294082],[-71.638569,-16.293934],[-71.639481,-16.293827],[-71.639708,-16.293825],[-71.639929,-16.293881],[-71.640129,-16.293992],[-71.640269,-16.294164],[-71.640388,-16.294357],[-71.640576,-16.29477],[-71.64097,-16.295325],[-71.64133,-16.2956],[-71.642167,-16.295969],[-71.642332,-16.296122],[-71.642451,-16.296316],[-71.642617,-16.296968],[-71.642698,-16.297179],[-71.642852,-16.297346],[-71.643034,-16.297479],[-71.643242,-16.297573],[-71.64346,-16.297644],[-71.643689,-16.297658],[-71.644373,-16.297587],[-71.644817,-16.297477],[-71.645021,-16.297374],[-71.645376,-16.297091],[-71.645649,-16.296728],[-71.64595,-16.296125],[-71.646124,-16.295978],[-71.646339,-16.295897],[-71.646563,-16.295868],[-71.647022,-16.295862],[-71.647248,-16.295832],[-71.647468,-16.295769],[-71.64767,-16.295669],[-71.647857,-16.295537],[-71.648255,-16.295313],[-71.64871,-16.295269],[-71.648938,-16.295297],[-71.649156,-16.295359],[-71.649367,-16.295449],[-71.649713,-16.295745],[-71.650026,-16.296076],[-71.650389,-16.296353],[-71.650591,-16.296457],[-71.651019,-16.29661],[-71.651478,-16.29661],[-71.65192,-16.296497],[-71.652131,-16.296415],[-71.652489,-16.296131],[-71.652651,-16.295717],[-71.652513,-16.295052],[-71.65227,-16.294181],[-71.652174,-16.293738],[-71.652155,-16.293515],[-71.652164,-16.293289],[-71.652212,-16.293073],[-71.652321,-16.292875],[-71.65787,-16.286541],[-71.658642,-16.285705],[-71.659383,-16.284841],[-71.6595,-16.284648],[-71.659584,-16.28444],[-71.659638,-16.28422],[-71.65966,-16.283996],[-71.659679,-16.281509],[-71.659658,-16.281285],[-71.6596,-16.281068],[-71.659512,-16.280859],[-71.6588,-16.27944],[-71.658731,-16.279225],[-71.65871,-16.279004],[-71.658727,-16.278778],[-71.658846,-16.278343],[-71.658962,-16.278148],[-71.659109,-16.277979],[-71.662499,-16.275275],[-71.663366,-16.274535],[-71.665696,-16.272698],[-71.667056,-16.271483],[-71.668113,-16.270613],[-71.668423,-16.27028],[-71.668758,-16.269972],[-71.66933,-16.269596],[-71.669868,-16.269172],[-71.670852,-16.268223],[-71.671007,-16.268057],[-71.671132,-16.267868],[-71.671309,-16.267452],[-71.671357,-16.267232],[-71.671443,-16.266559],[-71.671525,-16.265431],[-71.67159,-16.264984],[-71.67167,-16.264774],[-71.671783,-16.264578],[-71.67191,-16.26439],[-71.672071,-16.264229],[-71.672831,-16.263724],[-71.673575,-16.263194],[-71.673782,-16.263105],[-71.674003,-16.263045],[-71.674917,-16.263071],[-71.675143,-16.263033],[-71.67554,-16.262809],[-71.676459,-16.262131],[-71.676842,-16.261883],[-71.677246,-16.261669],[-71.678103,-16.261351],[-71.678267,-16.261194],[-71.678383,-16.261002],[-71.678632,-16.26037],[-71.678743,-16.260172],[-71.678877,-16.25999],[-71.679032,-16.259824],[-71.680816,-16.258402],[-71.681125,-16.258067],[-71.681371,-16.257686],[-71.681645,-16.257066],[-71.6817,-16.25639],[-71.681665,-16.25594],[-71.681572,-16.255268],[-71.681357,-16.254389],[-71.681104,-16.253758],[-71.680876,-16.253367],[-71.680464,-16.252824],[-71.680312,-16.252656],[-71.679816,-16.252185],[-71.677266,-16.249905],[-71.67687,-16.249676],[-71.676446,-16.249506],[-71.675989,-16.249474],[-71.675532,-16.249513],[-71.674658,-16.249784],[-71.674432,-16.249828],[-71.673975,-16.249857],[-71.67352,-16.249816],[-71.673101,-16.24963],[-71.6727,-16.24941],[-71.67253,-16.249264],[-71.672249,-16.248907],[-71.672053,-16.248498],[-71.671923,-16.247833],[-71.67183,-16.247161],[-71.67182,-16.246709],[-71.671913,-16.246504],[-71.672039,-16.246318],[-71.672196,-16.246154],[-71.6724,-16.24605],[-71.672615,-16.245981],[-71.672843,-16.24596],[-71.673069,-16.245978],[-71.673511,-16.246098],[-71.67394,-16.24626],[-71.674169,-16.24626],[-71.674395,-16.246241],[-71.674607,-16.246154],[-71.674808,-16.246049],[-71.674982,-16.245902],[-71.675089,-16.245706],[-71.675154,-16.245492],[-71.675166,-16.245267],[-71.675141,-16.245043],[-71.675089,-16.244824],[-71.674928,-16.2444],[-71.674816,-16.244205],[-71.674536,-16.243848],[-71.673929,-16.243527],[-71.673294,-16.243265],[-71.672632,-16.243079],[-71.671949,-16.243001],[-71.671491,-16.243018],[-71.671037,-16.243084],[-71.670579,-16.243105],[-71.670357,-16.243061],[-71.67017,-16.242944],[-71.670055,-16.242751],[-71.669987,-16.242535],[-71.669759,-16.241427],[-71.669561,-16.241021],[-71.669281,-16.240663],[-71.669101,-16.240527],[-71.667922,-16.239826],[-71.667756,-16.239678],[-71.66763,-16.239489],[-71.667419,-16.239088],[-71.667178,-16.238455],[-71.667076,-16.238252],[-71.666843,-16.237863],[-71.666546,-16.237519],[-71.666023,-16.23708],[-71.665623,-16.236857],[-71.665191,-16.236705],[-71.66497,-16.236647],[-71.664518,-16.236571],[-71.663371,-16.236598],[-71.66315,-16.236553],[-71.662937,-16.236469],[-71.662554,-16.236226],[-71.662275,-16.235866],[-71.662179,-16.235663],[-71.662129,-16.235444],[-71.662109,-16.235219],[-71.662143,-16.235],[-71.662604,-16.233722],[-71.662701,-16.233518],[-71.662927,-16.233125],[-71.663205,-16.232766],[-71.663734,-16.232331],[-71.664115,-16.23208],[-71.664435,-16.231756],[-71.664534,-16.231554],[-71.664597,-16.231339],[-71.664617,-16.231114],[-71.664566,-16.230896],[-71.664475,-16.230693],[-71.664318,-16.230529],[-71.663919,-16.230305],[-71.663074,-16.229952],[-71.662891,-16.229825],[-71.662739,-16.229656],[-71.662675,-16.229439],[-71.662684,-16.229214],[-71.662775,-16.229015],[-71.662925,-16.228846],[-71.664866,-16.227255],[-71.665017,-16.227089],[-71.665116,-16.226888],[-71.665148,-16.226664],[-71.665132,-16.226439],[-71.665078,-16.22622],[-71.664991,-16.226012],[-71.664664,-16.225415],[-71.664507,-16.225254],[-71.66413,-16.224998],[-71.663682,-16.224906],[-71.661158,-16.224938],[-71.660706,-16.225009],[-71.660519,-16.225131],[-71.66036,-16.225291],[-71.659563,-16.226665],[-71.659373,-16.226791],[-71.659159,-16.226873],[-71.658931,-16.226888],[-71.658709,-16.226838],[-71.658507,-16.226738],[-71.658325,-16.226602],[-71.65745,-16.225554],[-71.657054,-16.225001],[-71.656984,-16.224785],[-71.65696,-16.224565],[-71.657002,-16.224343],[-71.6572,-16.223937],[-71.658411,-16.222017],[-71.658582,-16.221599],[-71.658633,-16.22115],[-71.658629,-16.220699],[-71.658528,-16.220029],[-71.658501,-16.219125],[-71.65843,-16.218679],[-71.658089,-16.217365],[-71.657863,-16.216256],[-71.657606,-16.215154],[-71.657532,-16.214944],[-71.657398,-16.214761],[-71.657225,-16.214613],[-71.65681,-16.214421],[-71.656588,-16.214369],[-71.654999,-16.214131],[-71.654082,-16.214088],[-71.652934,-16.21407],[-71.651328,-16.214119],[-71.651106,-16.214061],[-71.650904,-16.213971],[-71.650749,-16.213804],[-71.65051,-16.21342],[-71.6505,-16.212968],[-71.650719,-16.212575],[-71.651019,-16.212234],[-71.651705,-16.211633],[-71.652167,-16.211131],[-71.652498,-16.210538],[-71.652648,-16.209877],[-71.652695,-16.209201],[-71.652657,-16.20875],[-71.652426,-16.207644],[-71.652444,-16.207419],[-71.652504,-16.207205],[-71.652916,-16.206396],[-71.653021,-16.205959],[-71.653028,-16.205281],[-71.652265,-16.195135],[-71.65222,-16.194005],[-71.652151,-16.187223],[-71.652126,-16.186999],[-71.652077,-16.186778],[-71.651999,-16.186567],[-71.651904,-16.186361],[-71.651642,-16.185993],[-71.651532,-16.185794],[-71.651475,-16.185581],[-71.65148,-16.185356],[-71.651581,-16.184457],[-71.651573,-16.184006],[-71.651517,-16.183789],[-71.65134,-16.183373],[-71.651217,-16.183183],[-71.651068,-16.183015],[-71.65071,-16.182732],[-71.650499,-16.182649],[-71.64984,-16.182453],[-71.64963,-16.182361],[-71.649462,-16.182214],[-71.648876,-16.181519],[-71.648208,-16.180898],[-71.648082,-16.180709],[-71.647329,-16.179311],[-71.647246,-16.179102],[-71.647193,-16.178882],[-71.64718,-16.178658],[-71.6472,-16.178436],[-71.647386,-16.178022],[-71.647795,-16.177212],[-71.648484,-16.176038],[-71.64862,-16.175856],[-71.648802,-16.175731],[-71.64944,-16.175474],[-71.649611,-16.175325],[-71.649736,-16.175138],[-71.649834,-16.174936],[-71.649858,-16.174711],[-71.649812,-16.17449],[-71.649733,-16.174279],[-71.649623,-16.174082],[-71.649479,-16.173907],[-71.649301,-16.173765],[-71.649106,-16.173648],[-71.643904,-16.17126],[-71.643719,-16.171129],[-71.64341,-16.170796],[-71.643156,-16.17042],[-71.643,-16.169995],[-71.642988,-16.169317],[-71.643117,-16.168886],[-71.645919,-16.162198],[-71.646011,-16.161758],[-71.64598,-16.161309],[-71.645927,-16.161089],[-71.645837,-16.160883],[-71.64434,-16.158082],[-71.644251,-16.157874],[-71.644123,-16.157442],[-71.644192,-16.157226],[-71.64493,-16.156363],[-71.645168,-16.155977],[-71.64519,-16.155757],[-71.64516,-16.155533],[-71.645116,-16.155312],[-71.644903,-16.154911],[-71.64476,-16.154737],[-71.644426,-16.154427],[-71.643345,-16.153588],[-71.642959,-16.153342],[-71.642283,-16.153236],[-71.642072,-16.153149],[-71.641261,-16.152724],[-71.640822,-16.152593],[-71.640623,-16.152482],[-71.640478,-16.152316],[-71.640406,-16.152105],[-71.640317,-16.151433],[-71.64029,-16.150981],[-71.640341,-16.150761],[-71.640442,-16.150562],[-71.640574,-16.150377],[-71.640913,-16.150073],[-71.641009,-16.149868],[-71.641047,-16.149649],[-71.641015,-16.149426],[-71.640933,-16.149218],[-71.640327,-16.148259],[-71.640192,-16.148076],[-71.639858,-16.147769],[-71.639654,-16.147667],[-71.639439,-16.147592],[-71.638097,-16.147287],[-71.637672,-16.147119],[-71.63747,-16.147015],[-71.637294,-16.146869],[-71.637169,-16.146689],[-71.637091,-16.146476],[-71.637009,-16.145352],[-71.636946,-16.145135],[-71.636853,-16.144929],[-71.636517,-16.144337],[-71.636423,-16.144131],[-71.636109,-16.143046],[-71.635992,-16.141921],[-71.635834,-16.140801],[-71.635535,-16.139947],[-71.635489,-16.139728],[-71.635474,-16.139503],[-71.635505,-16.139279],[-71.635587,-16.139069],[-71.635704,-16.138877],[-71.635854,-16.138707],[-71.636522,-16.138086],[-71.636675,-16.137917],[-71.63678,-16.137717],[-71.637664,-16.135879],[-71.637729,-16.135662],[-71.637704,-16.134986],[-71.637052,-16.13235],[-71.636873,-16.130777],[-71.636771,-16.130337],[-71.636366,-16.12904],[-71.63551,-16.126461],[-71.635193,-16.125613],[-71.635069,-16.125178],[-71.635062,-16.124952],[-71.635329,-16.123853],[-71.635329,-16.123629],[-71.63524,-16.12342],[-71.633962,-16.121017],[-71.633769,-16.120607],[-71.633686,-16.120162],[-71.633301,-16.115883],[-71.63315,-16.114535],[-71.633034,-16.114099],[-71.632944,-16.113892],[-71.632838,-16.113691],[-71.632587,-16.113313],[-71.629664,-16.109825],[-71.629491,-16.109677],[-71.629294,-16.109562],[-71.629081,-16.109482],[-71.628858,-16.10943],[-71.628628,-16.109422],[-71.628178,-16.109504],[-71.626179,-16.110018],[-71.625953,-16.110054],[-71.625266,-16.110095],[-71.623665,-16.109962],[-71.621412,-16.109526],[-71.621194,-16.109459],[-71.620986,-16.109366],[-71.62081,-16.109226],[-71.62067,-16.109046],[-71.61996,-16.107383],[-71.619599,-16.107105],[-71.619389,-16.107034],[-71.61916,-16.107021],[-71.618936,-16.107068],[-71.618498,-16.107204],[-71.617857,-16.107451],[-71.617634,-16.107498],[-71.617406,-16.10749],[-71.616744,-16.107306],[-71.615449,-16.106845],[-71.615252,-16.106734],[-71.615117,-16.106559],[-71.615056,-16.106344],[-71.615034,-16.10612],[-71.615113,-16.105908],[-71.615291,-16.105769],[-71.61548,-16.105641],[-71.616111,-16.105369],[-71.61633,-16.105308],[-71.616785,-16.105255],[-71.617932,-16.105221],[-71.618153,-16.105167],[-71.618328,-16.10502],[-71.618359,-16.1048],[-71.618289,-16.104586],[-71.61811,-16.104455],[-71.617886,-16.104405],[-71.61493,-16.104001],[-71.613115,-16.103724],[-71.612893,-16.103672],[-71.612481,-16.103476],[-71.612099,-16.103227],[-71.61194,-16.103064],[-71.611652,-16.102712],[-71.611549,-16.102512],[-71.611368,-16.102096],[-71.609907,-16.098289],[-71.609794,-16.098093],[-71.609658,-16.097914],[-71.609299,-16.097633],[-71.609082,-16.097562],[-71.606139,-16.097079],[-71.605918,-16.097018],[-71.60571,-16.096927],[-71.605572,-16.096755],[-71.605525,-16.096541],[-71.605598,-16.096337],[-71.605764,-16.096183],[-71.60597,-16.096088],[-71.607265,-16.095629],[-71.607451,-16.095497],[-71.60756,-16.095298],[-71.607588,-16.095074],[-71.607555,-16.094851],[-71.607458,-16.094653],[-71.607283,-16.094512],[-71.607079,-16.094414],[-71.604394,-16.093808],[-71.604178,-16.09373],[-71.603976,-16.093626],[-71.603792,-16.093492],[-71.60323,-16.092776],[-71.603067,-16.09262],[-71.60288,-16.092489],[-71.602678,-16.092385],[-71.602018,-16.09219],[-71.601806,-16.092105],[-71.601617,-16.091979],[-71.601455,-16.091821],[-71.60132,-16.091639],[-71.600947,-16.09107],[-71.600784,-16.090912],[-71.600592,-16.090789],[-71.599728,-16.090488],[-71.59959,-16.090311],[-71.599561,-16.090094],[-71.59968,-16.089199],[-71.599675,-16.088973],[-71.599646,-16.088749],[-71.599509,-16.088318],[-71.599268,-16.087935],[-71.59912,-16.087762],[-71.597858,-16.086783],[-71.597689,-16.086629],[-71.597554,-16.08645],[-71.597458,-16.086246],[-71.597411,-16.086025],[-71.597445,-16.085575],[-71.597542,-16.085134],[-71.597673,-16.0847],[-71.597854,-16.084285],[-71.598518,-16.083097],[-71.598686,-16.082676],[-71.598818,-16.082244],[-71.598852,-16.08202],[-71.598849,-16.081795],[-71.59869,-16.079313],[-71.598609,-16.079102],[-71.598493,-16.07891],[-71.597871,-16.078246],[-71.597522,-16.077662],[-71.597086,-16.076866],[-71.596563,-16.076123],[-71.596095,-16.075626],[-71.595051,-16.074743],[-71.594532,-16.073997],[-71.593925,-16.073038],[-71.593486,-16.072515],[-71.592856,-16.071858],[-71.592258,-16.071521],[-71.590818,-16.070819],[-71.590178,-16.070568],[-71.589732,-16.070467],[-71.588355,-16.07047],[-71.586986,-16.070616],[-71.586532,-16.070685],[-71.584575,-16.071338],[-71.583686,-16.071564],[-71.58283,-16.071889],[-71.582389,-16.072009],[-71.582161,-16.071984],[-71.581946,-16.071907],[-71.578984,-16.070682],[-71.578536,-16.070588],[-71.578306,-16.070581],[-71.578078,-16.070596],[-71.577853,-16.070639],[-71.577427,-16.070805],[-71.577044,-16.071053],[-71.576143,-16.072078],[-71.57598,-16.072237],[-71.575801,-16.072375],[-71.575586,-16.072453],[-71.57536,-16.07249],[-71.575132,-16.072476],[-71.574913,-16.072416],[-71.574726,-16.072285],[-71.574565,-16.072127],[-71.573637,-16.070566],[-71.573368,-16.0702],[-71.573057,-16.069867],[-71.569548,-16.066952],[-71.569154,-16.066723],[-71.568937,-16.066651],[-71.568711,-16.066613],[-71.568483,-16.06663],[-71.568038,-16.066738],[-71.567839,-16.066849],[-71.567657,-16.066987],[-71.567498,-16.067147],[-71.567371,-16.067335],[-71.566104,-16.069486],[-71.565976,-16.069672],[-71.565812,-16.06983],[-71.565628,-16.069964],[-71.56542,-16.070057],[-71.565201,-16.070121],[-71.564972,-16.070129],[-71.564744,-16.070104],[-71.564525,-16.070038],[-71.564318,-16.069942],[-71.564146,-16.069796],[-71.562535,-16.068185],[-71.562038,-16.067716],[-71.561455,-16.067355],[-71.561049,-16.067144],[-71.559543,-16.066591],[-71.558626,-16.066548],[-71.558408,-16.066573],[-71.557883,-16.067011],[-71.557734,-16.067182],[-71.557608,-16.06737],[-71.55752,-16.067579],[-71.557463,-16.067796],[-71.556598,-16.072467],[-71.556511,-16.072675],[-71.556385,-16.072863],[-71.556215,-16.073011],[-71.55601,-16.073107],[-71.555787,-16.073157],[-71.55556,-16.073155],[-71.555341,-16.073094],[-71.555139,-16.072986],[-71.554976,-16.072828],[-71.551534,-16.06919],[-71.551352,-16.069052],[-71.551153,-16.06894],[-71.550949,-16.068836],[-71.550735,-16.06876],[-71.550285,-16.068672],[-71.531641,-16.066097],[-71.53008,-16.065722],[-71.525639,-16.064573],[-71.525411,-16.064549],[-71.524952,-16.064549],[-71.524508,-16.064656],[-71.524107,-16.064873],[-71.523927,-16.065013],[-71.523602,-16.065333],[-71.523006,-16.066019],[-71.522503,-16.066483],[-71.521972,-16.066915],[-71.520221,-16.067994],[-71.51485,-16.071042],[-71.514271,-16.071409],[-71.513934,-16.071716],[-71.513773,-16.071877],[-71.513653,-16.072068],[-71.513544,-16.072267],[-71.513373,-16.072686],[-71.513159,-16.073565],[-71.512521,-16.076668],[-71.512449,-16.076881],[-71.512328,-16.077073],[-71.512172,-16.077238],[-71.511987,-16.077369],[-71.511777,-16.077458],[-71.511554,-16.077506],[-71.511326,-16.077511],[-71.511102,-16.077463],[-71.509185,-16.076704],[-71.508516,-16.076547],[-71.507829,-16.076511],[-71.490161,-16.07714],[-71.489014,-16.077121],[-71.488785,-16.0771],[-71.488557,-16.077075],[-71.487881,-16.076946],[-71.486989,-16.076732],[-71.467387,-16.071051],[-71.466718,-16.07089],[-71.466263,-16.070824],[-71.465577,-16.070771],[-71.464659,-16.07078],[-71.457553,-16.071176],[-71.448148,-16.071564],[-71.44723,-16.071569],[-71.438982,-16.071036],[-71.437605,-16.07101],[-71.436462,-16.070912],[-71.433481,-16.070756],[-71.433028,-16.070691],[-71.432806,-16.070634],[-71.431957,-16.070292],[-71.431561,-16.070062],[-71.418998,-16.060935],[-71.412316,-16.056143],[-71.410853,-16.05505],[-71.410663,-16.054924],[-71.410453,-16.054841],[-71.410227,-16.0548],[-71.410002,-16.0548],[-71.409561,-16.054926],[-71.40922,-16.055222],[-71.397596,-16.067113],[-71.396334,-16.068427],[-71.390413,-16.074426],[-71.390063,-16.074718],[-71.389642,-16.074899],[-71.38414,-16.076511],[-71.383464,-16.076631],[-71.380265,-16.076947],[-71.379812,-16.07688],[-71.379391,-16.076702],[-71.379206,-16.07657],[-71.373834,-16.071972],[-71.373389,-16.071456],[-71.373006,-16.070892],[-71.372093,-16.069066],[-71.37197,-16.068877],[-71.371822,-16.068706],[-71.371411,-16.068508],[-71.369448,-16.067872],[-71.369025,-16.067697],[-71.368818,-16.067599],[-71.368425,-16.067366],[-71.367707,-16.066802],[-71.367288,-16.066622],[-71.367063,-16.066581],[-71.366836,-16.066572],[-71.366607,-16.066595],[-71.36503,-16.066896],[-71.364584,-16.067001],[-71.364357,-16.067008],[-71.364128,-16.066991],[-71.362542,-16.066735],[-71.361857,-16.06666],[-71.361631,-16.066623],[-71.361422,-16.06654],[-71.361241,-16.066402],[-71.361096,-16.066229],[-71.360994,-16.066027],[-71.359887,-16.063298],[-71.35952,-16.062469],[-71.358736,-16.060833],[-71.358464,-16.060471],[-71.358298,-16.060316],[-71.35792,-16.06006],[-71.351772,-16.056528],[-71.349181,-16.05507],[-71.348759,-16.054894],[-71.348312,-16.054798],[-71.343732,-16.054469],[-71.343044,-16.054442],[-71.340985,-16.05427],[-71.340763,-16.054221],[-71.340554,-16.054129],[-71.340362,-16.054005],[-71.34021,-16.053839],[-71.338893,-16.051718],[-71.338586,-16.051383],[-71.338402,-16.051248],[-71.338203,-16.051138],[-71.334003,-16.04931],[-71.330825,-16.048003],[-71.329999,-16.047608],[-71.329361,-16.047354],[-71.328311,-16.046896],[-71.327026,-16.046411],[-71.323025,-16.045391],[-71.320553,-16.044883],[-71.311762,-16.043206],[-71.311543,-16.043139],[-71.310907,-16.042881],[-71.303086,-16.039073],[-71.301695,-16.038281],[-71.286422,-16.029072],[-71.285827,-16.02873],[-71.285619,-16.028638],[-71.285173,-16.028537],[-71.282193,-16.028367],[-71.281742,-16.028292],[-71.281524,-16.028221],[-71.281321,-16.028116],[-71.281122,-16.028004],[-71.280941,-16.027865],[-71.28064,-16.027526],[-71.280514,-16.027338],[-71.280416,-16.027134],[-71.280343,-16.02692],[-71.280298,-16.026698],[-71.280281,-16.026248],[-71.280311,-16.026024],[-71.28038,-16.025808],[-71.280453,-16.025594],[-71.282823,-16.019953],[-71.283022,-16.019548],[-71.283192,-16.019396],[-71.283386,-16.019277],[-71.283603,-16.019207],[-71.284059,-16.019171],[-71.286119,-16.019331],[-71.288174,-16.01954],[-71.288403,-16.01955],[-71.288631,-16.019523],[-71.288846,-16.019446],[-71.289033,-16.019314],[-71.289171,-16.019137],[-71.289274,-16.018937],[-71.28933,-16.018719],[-71.289342,-16.018495],[-71.2893,-16.018273],[-71.288915,-16.017208],[-71.288795,-16.017018],[-71.288649,-16.016844],[-71.286723,-16.015236],[-71.279667,-16.010579],[-71.279459,-16.010484],[-71.27924,-16.010416],[-71.278567,-16.010272],[-71.275177,-16.009679],[-71.274502,-16.009542],[-71.273862,-16.009295],[-71.273465,-16.009068],[-71.273122,-16.008768],[-71.272967,-16.008601],[-71.272061,-16.007296],[-71.2703,-16.005209],[-71.267747,-16.002608],[-71.267091,-16.001976],[-71.265421,-16.000778],[-71.265073,-16.000485],[-71.264948,-16.000296],[-71.264853,-16.00009],[-71.264791,-15.999873],[-71.26426,-15.996751],[-71.264192,-15.996537],[-71.26408,-15.996342],[-71.263935,-15.996166],[-71.263748,-15.996036],[-71.263546,-15.99593],[-71.262894,-15.995713],[-71.262446,-15.995619],[-71.262216,-15.995612],[-71.255833,-15.996354],[-71.255151,-15.996451],[-71.254922,-15.99646],[-71.252639,-15.996229],[-71.252414,-15.996189],[-71.252204,-15.996101],[-71.252021,-15.995967],[-71.251874,-15.995795],[-71.251081,-15.994686],[-71.2508,-15.994328],[-71.250688,-15.994134],[-71.250622,-15.993918],[-71.250616,-15.993695],[-71.250664,-15.993475],[-71.250743,-15.993263],[-71.253827,-15.986696],[-71.253913,-15.986488],[-71.253938,-15.986263],[-71.253907,-15.98604],[-71.253826,-15.98583],[-71.253716,-15.985631],[-71.251735,-15.982319],[-71.251651,-15.98211],[-71.249663,-15.97609],[-71.249485,-15.975675],[-71.249351,-15.975491],[-71.249192,-15.975329],[-71.249,-15.975206],[-71.2488,-15.975098],[-71.248129,-15.974948],[-71.23731,-15.972881],[-71.236854,-15.972836],[-71.23663,-15.972871],[-71.236194,-15.97301],[-71.230226,-15.975364],[-71.229792,-15.975512],[-71.229345,-15.975611],[-71.227054,-15.975753],[-71.226826,-15.975779],[-71.226607,-15.975847],[-71.226411,-15.975963],[-71.226112,-15.976302],[-71.224865,-15.978199],[-71.224539,-15.978517],[-71.224358,-15.978655],[-71.222406,-15.979845],[-71.222201,-15.979947],[-71.221984,-15.980018],[-71.221758,-15.980036],[-71.221533,-15.980005],[-71.221319,-15.979923],[-71.21697,-15.977873],[-71.216538,-15.977727],[-71.216311,-15.977694],[-71.216082,-15.97767],[-71.212414,-15.977856],[-71.206219,-15.978078],[-71.20599,-15.978065],[-71.20577,-15.978003],[-71.20558,-15.977879],[-71.205422,-15.977716],[-71.205166,-15.977341],[-71.204487,-15.976162],[-71.193611,-15.950253],[-71.193379,-15.949614],[-71.193203,-15.948959],[-71.189819,-15.934877],[-71.18969,-15.934211],[-71.189638,-15.933762],[-71.189452,-15.93015],[-71.189466,-15.929924],[-71.189514,-15.929704],[-71.189711,-15.929297],[-71.190019,-15.928962],[-71.190361,-15.928661],[-71.191253,-15.927949],[-71.191418,-15.927793],[-71.191536,-15.927598],[-71.191611,-15.92739],[-71.191623,-15.927166],[-71.191578,-15.926945],[-71.191476,-15.926742],[-71.191096,-15.926177],[-71.191024,-15.925965],[-71.190991,-15.925741],[-71.190727,-15.920095],[-71.190675,-15.919646],[-71.188909,-15.913092],[-71.188901,-15.912866],[-71.18894,-15.912643],[-71.189714,-15.910757],[-71.189784,-15.910543],[-71.189826,-15.910322],[-71.189834,-15.910097],[-71.189702,-15.909664],[-71.189154,-15.908176],[-71.18906,-15.907972],[-71.188926,-15.907789],[-71.188572,-15.907501],[-71.187795,-15.907019],[-71.187621,-15.906876],[-71.18753,-15.906674],[-71.1875,-15.906451],[-71.187534,-15.906227],[-71.188104,-15.904508],[-71.188136,-15.904286],[-71.188113,-15.904063],[-71.188048,-15.903848],[-71.18779,-15.903475],[-71.184877,-15.89998],[-71.184522,-15.899693],[-71.184332,-15.899566],[-71.131234,-15.865926],[-71.130684,-15.865517],[-71.106826,-15.84397],[-71.106474,-15.84368],[-71.106281,-15.843559],[-71.105668,-15.84325],[-71.099108,-15.840531],[-71.094083,-15.838934],[-71.091095,-15.837766],[-71.090042,-15.837316],[-71.089847,-15.837199],[-71.088666,-15.836126],[-71.08738,-15.834835],[-71.081437,-15.829178],[-71.079474,-15.827275],[-71.024029,-15.77413],[-71.023523,-15.77367],[-71.022982,-15.773251],[-71.022586,-15.773024],[-71.021959,-15.772742],[-71.021743,-15.772667],[-71.005118,-15.767449],[-70.994823,-15.764263],[-70.993979,-15.763907],[-70.993366,-15.7636],[-70.992189,-15.762894],[-70.990676,-15.761868],[-70.990468,-15.76178],[-70.99024,-15.761785],[-70.99002,-15.761847],[-70.981348,-15.765453],[-70.98026,-15.765812],[-70.979586,-15.765951],[-70.979132,-15.766017],[-70.978217,-15.766093],[-70.977529,-15.766107],[-70.976842,-15.766057],[-70.975934,-15.765922],[-70.975267,-15.765754],[-70.974612,-15.765544],[-70.973764,-15.765197],[-70.972957,-15.764766],[-70.972012,-15.764125],[-70.971659,-15.763836],[-70.970998,-15.763208],[-70.969563,-15.761745],[-70.966805,-15.759025],[-70.966014,-15.758205],[-70.963906,-15.756125],[-70.963501,-15.755578],[-70.96331,-15.755167],[-70.962225,-15.752188],[-70.961634,-15.750716],[-70.961259,-15.750149],[-70.960775,-15.749667],[-70.960409,-15.749393],[-70.960208,-15.749285],[-70.959794,-15.749091],[-70.959356,-15.748957],[-70.958677,-15.748851],[-70.957989,-15.74886],[-70.957536,-15.748932],[-70.957315,-15.748988],[-70.956886,-15.749149],[-70.956484,-15.749368],[-70.956112,-15.749632],[-70.955932,-15.749772],[-70.951865,-15.753433],[-70.946929,-15.757833],[-70.946383,-15.758246],[-70.945984,-15.758469],[-70.945363,-15.758762],[-70.944933,-15.758921],[-70.944491,-15.75904],[-70.943811,-15.759145],[-70.943123,-15.759167],[-70.934408,-15.758764],[-70.933949,-15.758761],[-70.933492,-15.75881],[-70.933268,-15.758855],[-70.933046,-15.758913],[-70.932616,-15.75907],[-70.932412,-15.759175],[-70.932209,-15.75928],[-70.931659,-15.759686],[-70.931032,-15.760347],[-70.928751,-15.762888],[-70.928244,-15.763346],[-70.928049,-15.763462],[-70.927618,-15.763615],[-70.919568,-15.765462],[-70.918232,-15.765793],[-70.916437,-15.766172],[-70.915749,-15.766191],[-70.913682,-15.766191],[-70.912764,-15.766171],[-70.908402,-15.766181],[-70.906795,-15.76615],[-70.906117,-15.766033],[-70.9059,-15.765959],[-70.904171,-15.765348],[-70.897288,-15.762818],[-70.896666,-15.762529],[-70.889791,-15.758888],[-70.887552,-15.757737],[-70.883115,-15.755361],[-70.882734,-15.75511],[-70.882566,-15.754958],[-70.880918,-15.753073],[-70.880757,-15.752915],[-70.880377,-15.752661],[-70.880168,-15.752575],[-70.879724,-15.752459],[-70.877674,-15.752202],[-70.876994,-15.752092],[-70.876576,-15.751905],[-70.875986,-15.751558],[-70.875651,-15.751249],[-70.875352,-15.750906],[-70.874227,-15.749476],[-70.871219,-15.745767],[-70.870875,-15.745469],[-70.866379,-15.742332],[-70.864718,-15.741122],[-70.864402,-15.740795],[-70.861396,-15.737083],[-70.861221,-15.736938],[-70.861038,-15.736801],[-70.860637,-15.736586],[-70.856499,-15.735226],[-70.854749,-15.734675],[-70.854322,-15.734511],[-70.853923,-15.734288],[-70.848909,-15.730327],[-70.847816,-15.729501],[-70.84586,-15.727928],[-70.840123,-15.723408],[-70.838007,-15.721671],[-70.837456,-15.721264],[-70.837152,-15.720925],[-70.836979,-15.72051],[-70.836939,-15.720287],[-70.836581,-15.713967],[-70.836515,-15.713756],[-70.836365,-15.713591],[-70.83616,-15.713497],[-70.835931,-15.713482],[-70.835709,-15.713535],[-70.827996,-15.715754],[-70.827319,-15.71588],[-70.826173,-15.715929],[-70.825488,-15.716001],[-70.825042,-15.716105],[-70.824827,-15.716181],[-70.822787,-15.717219],[-70.822214,-15.717593],[-70.820017,-15.71923],[-70.819624,-15.719462],[-70.819183,-15.71958],[-70.818724,-15.719572],[-70.811967,-15.718257],[-70.811513,-15.7182],[-70.811058,-15.718245],[-70.810837,-15.718308],[-70.809813,-15.718818],[-70.808567,-15.719393],[-70.808344,-15.719415],[-70.80812,-15.719374],[-70.807942,-15.719232],[-70.807842,-15.719039],[-70.80782,-15.718822],[-70.807891,-15.718607],[-70.811873,-15.714231],[-70.812109,-15.713843],[-70.812299,-15.713192],[-70.81257,-15.712093],[-70.812643,-15.711882],[-70.812771,-15.711693],[-70.81292,-15.711529],[-70.814945,-15.710464],[-70.815383,-15.710329],[-70.815837,-15.71027],[-70.818818,-15.71042],[-70.819277,-15.710429],[-70.819504,-15.710406],[-70.819723,-15.710341],[-70.819928,-15.710242],[-70.821637,-15.709099],[-70.822039,-15.70888],[-70.822149,-15.708682],[-70.822195,-15.708464],[-70.822143,-15.708244],[-70.82201,-15.708067],[-70.821838,-15.707918],[-70.820946,-15.707207],[-70.820644,-15.70687],[-70.820544,-15.706667],[-70.82049,-15.706447],[-70.820503,-15.706222],[-70.820548,-15.706002],[-70.820641,-15.705797],[-70.820777,-15.705616],[-70.820955,-15.705474],[-70.821156,-15.705366],[-70.822898,-15.704794],[-70.823111,-15.70471],[-70.823303,-15.704587],[-70.823439,-15.704407],[-70.82351,-15.704197],[-70.823541,-15.703974],[-70.823646,-15.702394],[-70.823707,-15.702178],[-70.823827,-15.701988],[-70.824011,-15.701856],[-70.824233,-15.7018],[-70.825606,-15.701702],[-70.825828,-15.701646],[-70.826028,-15.701535],[-70.826196,-15.701386],[-70.826327,-15.701202],[-70.826408,-15.700994],[-70.826422,-15.70077],[-70.826381,-15.700548],[-70.825503,-15.698216],[-70.825406,-15.698011],[-70.825285,-15.697819],[-70.824202,-15.696359],[-70.824048,-15.696191],[-70.823696,-15.695903],[-70.82327,-15.695739],[-70.817268,-15.69421],[-70.815703,-15.693853],[-70.81437,-15.693508],[-70.813942,-15.693345],[-70.813764,-15.693208],[-70.813605,-15.693047],[-70.813521,-15.692836],[-70.812702,-15.689777],[-70.812638,-15.68956],[-70.812509,-15.689375],[-70.81232,-15.689247],[-70.812115,-15.689148],[-70.811256,-15.688827],[-70.811055,-15.688719],[-70.810864,-15.688595],[-70.809966,-15.687891],[-70.809572,-15.687662],[-70.808461,-15.687376],[-70.807581,-15.687122],[-70.807174,-15.686915],[-70.80699,-15.68678],[-70.806827,-15.686623],[-70.806575,-15.686245],[-70.806202,-15.685419],[-70.805607,-15.683949],[-70.805497,-15.683751],[-70.805341,-15.683587],[-70.805132,-15.683497],[-70.804904,-15.683464],[-70.801925,-15.683629],[-70.801696,-15.683618],[-70.801469,-15.683586],[-70.801048,-15.683412],[-70.80087,-15.683269],[-70.800714,-15.683107],[-70.800586,-15.682919],[-70.800492,-15.682715],[-70.800427,-15.682499],[-70.800412,-15.682274],[-70.800718,-15.680721],[-70.801557,-15.676967],[-70.80159,-15.676744],[-70.80159,-15.676518],[-70.801546,-15.676298],[-70.801464,-15.676088],[-70.799216,-15.671633],[-70.799079,-15.671454],[-70.798898,-15.671321],[-70.798681,-15.671257],[-70.798453,-15.671235],[-70.79688,-15.67156],[-70.796423,-15.671552],[-70.796202,-15.671494],[-70.792835,-15.67005],[-70.792211,-15.669761],[-70.789187,-15.668139],[-70.788794,-15.667906],[-70.788368,-15.667738],[-70.787912,-15.667702],[-70.784479,-15.667978],[-70.78425,-15.66799],[-70.783792,-15.667956],[-70.783348,-15.667846],[-70.783139,-15.667754],[-70.78049,-15.666401],[-70.780068,-15.666221],[-70.777577,-15.66582],[-70.775526,-15.665573],[-70.774619,-15.665427],[-70.774193,-15.665261],[-70.773817,-15.665003],[-70.771421,-15.662893],[-70.771243,-15.66275],[-70.771047,-15.662632],[-70.770831,-15.662561],[-70.770607,-15.662523],[-70.770149,-15.662549],[-70.762701,-15.663917],[-70.762019,-15.663997],[-70.761565,-15.663924],[-70.760922,-15.663685],[-70.757498,-15.661842],[-70.757277,-15.661782],[-70.757049,-15.661778],[-70.756599,-15.661867],[-70.756161,-15.662001],[-70.755936,-15.662026],[-70.755707,-15.662007],[-70.753726,-15.661431],[-70.753514,-15.661344],[-70.753316,-15.66123],[-70.753143,-15.661083],[-70.753026,-15.660889],[-70.752843,-15.660475],[-70.752613,-15.659837],[-70.752506,-15.65964],[-70.752315,-15.659514],[-70.752102,-15.659431],[-70.751873,-15.65943],[-70.751654,-15.659491],[-70.751457,-15.659602],[-70.751097,-15.659883],[-70.750902,-15.659999],[-70.750682,-15.660031],[-70.750469,-15.659974],[-70.750111,-15.659691],[-70.749941,-15.659539],[-70.749668,-15.659178],[-70.748736,-15.657362],[-70.748614,-15.65717],[-70.74847,-15.656996],[-70.748303,-15.656841],[-70.748118,-15.656708],[-70.746249,-15.655396],[-70.746082,-15.655241],[-70.745938,-15.655065],[-70.745066,-15.653736],[-70.744785,-15.65338],[-70.744436,-15.653087],[-70.743511,-15.652418],[-70.743123,-15.652175],[-70.742908,-15.652099],[-70.742685,-15.652048],[-70.742002,-15.651962],[-70.739488,-15.651722],[-70.737653,-15.651647],[-70.734899,-15.651683],[-70.734451,-15.651591],[-70.734245,-15.651492],[-70.733863,-15.651242],[-70.733704,-15.651081],[-70.73143,-15.648533],[-70.73122,-15.648133],[-70.731149,-15.647918],[-70.731123,-15.647694],[-70.731139,-15.647472],[-70.731315,-15.646816],[-70.731333,-15.646594],[-70.73132,-15.646368],[-70.731229,-15.646161],[-70.731112,-15.645967],[-70.730512,-15.645283],[-70.730339,-15.645134],[-70.730154,-15.645003],[-70.729951,-15.644897],[-70.729736,-15.644819],[-70.7247,-15.643257],[-70.724102,-15.642921],[-70.723248,-15.642166],[-70.723067,-15.642029],[-70.72287,-15.641912],[-70.722453,-15.641724],[-70.720034,-15.641009],[-70.715209,-15.639537],[-70.714101,-15.639247],[-70.713418,-15.639158],[-70.709299,-15.638824],[-70.708153,-15.638763],[-70.707694,-15.638771],[-70.707466,-15.638798],[-70.704509,-15.639193],[-70.700409,-15.639707],[-70.68858,-15.641295],[-70.68814,-15.64142],[-70.687739,-15.641639],[-70.687574,-15.641793],[-70.687294,-15.642151],[-70.685698,-15.644634],[-70.682057,-15.650392],[-70.681771,-15.650744],[-70.681431,-15.651046],[-70.680478,-15.651676],[-70.67489,-15.655243],[-70.672016,-15.657111],[-70.669494,-15.658683],[-70.668896,-15.659019],[-70.667455,-15.65972],[-70.663778,-15.661576],[-70.663352,-15.661746],[-70.663133,-15.661812],[-70.66153,-15.661918],[-70.661083,-15.662016],[-70.660871,-15.662102],[-70.660469,-15.662319],[-70.659916,-15.662724],[-70.658213,-15.663876],[-70.657796,-15.664057],[-70.656882,-15.664142],[-70.656438,-15.664256],[-70.656027,-15.664457],[-70.655439,-15.66481],[-70.65483,-15.665128],[-70.653148,-15.666303],[-70.653006,-15.666478],[-70.652943,-15.666691],[-70.652948,-15.666914],[-70.653019,-15.667129],[-70.653419,-15.667942],[-70.653468,-15.668161],[-70.65348,-15.668384],[-70.653432,-15.668605],[-70.653177,-15.668976],[-70.651976,-15.670344],[-70.651808,-15.670499],[-70.651432,-15.670755],[-70.651017,-15.670948],[-70.650377,-15.671196],[-70.649974,-15.67141],[-70.649458,-15.671858],[-70.649304,-15.672026],[-70.649195,-15.672224],[-70.649136,-15.672441],[-70.649112,-15.672892],[-70.649346,-15.676049],[-70.649396,-15.676952],[-70.649372,-15.677175],[-70.649287,-15.677383],[-70.649165,-15.677573],[-70.648844,-15.677895],[-70.648704,-15.678071],[-70.648595,-15.678269],[-70.648046,-15.679513],[-70.647275,-15.681401],[-70.647072,-15.681807],[-70.645337,-15.684736],[-70.643684,-15.687451],[-70.643541,-15.687625],[-70.643371,-15.687777],[-70.643167,-15.687876],[-70.642945,-15.687934],[-70.642717,-15.687946],[-70.641569,-15.687919],[-70.640424,-15.687844],[-70.63997,-15.68791],[-70.637127,-15.688802],[-70.6369,-15.688834],[-70.635293,-15.688831],[-70.633687,-15.68887],[-70.632309,-15.688852],[-70.631628,-15.688944],[-70.630276,-15.6892],[-70.629818,-15.689187],[-70.61974,-15.688502],[-70.619516,-15.688455],[-70.619302,-15.688374],[-70.619104,-15.688263],[-70.618386,-15.687703],[-70.618179,-15.687607],[-70.617957,-15.687553],[-70.61773,-15.687547],[-70.612745,-15.688348],[-70.60819,-15.68892],[-70.605895,-15.688934],[-70.602925,-15.688643],[-70.60271,-15.688707],[-70.602531,-15.688845],[-70.60242,-15.689037],[-70.602438,-15.68926],[-70.603464,-15.691532],[-70.603529,-15.691747],[-70.60356,-15.69197],[-70.603537,-15.692195],[-70.6035,-15.692417],[-70.602578,-15.694732],[-70.602422,-15.69489],[-70.602226,-15.694996],[-70.602,-15.695039],[-70.601546,-15.694989],[-70.601105,-15.694864],[-70.6009,-15.694764],[-70.593817,-15.69057],[-70.591273,-15.689032],[-70.590477,-15.688582],[-70.590042,-15.688439],[-70.589586,-15.68839],[-70.584306,-15.688331],[-70.582929,-15.688293],[-70.576536,-15.687641],[-70.576077,-15.687648],[-70.574479,-15.687814],[-70.573791,-15.687839],[-70.571516,-15.687536],[-70.571058,-15.68752],[-70.56902,-15.687849],[-70.568796,-15.687808],[-70.568603,-15.687688],[-70.568099,-15.687226],[-70.567941,-15.687062],[-70.567665,-15.686702],[-70.567249,-15.685896],[-70.56718,-15.685684],[-70.567141,-15.685235],[-70.567004,-15.685061],[-70.5664,-15.684735],[-70.566015,-15.68449],[-70.565844,-15.68434],[-70.565374,-15.683846],[-70.565174,-15.683743],[-70.564727,-15.68364],[-70.564294,-15.683491],[-70.563288,-15.682949],[-70.562501,-15.682482],[-70.562121,-15.682229],[-70.559123,-15.681089],[-70.558461,-15.680915],[-70.558007,-15.680851],[-70.557779,-15.680851],[-70.557554,-15.680891],[-70.55693,-15.681177],[-70.556752,-15.68132],[-70.556528,-15.681307],[-70.556328,-15.681205],[-70.556146,-15.681067],[-70.555926,-15.68104],[-70.555237,-15.68104],[-70.555009,-15.68106],[-70.554791,-15.681121],[-70.553988,-15.681559],[-70.553774,-15.681636],[-70.553546,-15.681659],[-70.552169,-15.681637],[-70.551055,-15.681367],[-70.550154,-15.681196],[-70.549925,-15.681199],[-70.549472,-15.681272],[-70.549052,-15.681453],[-70.548852,-15.681563],[-70.547943,-15.682252],[-70.547828,-15.682444],[-70.547775,-15.682663],[-70.547721,-15.683112],[-70.547533,-15.685592],[-70.547454,-15.686037],[-70.547387,-15.686253],[-70.547289,-15.686457],[-70.546485,-15.687827],[-70.546104,-15.688392],[-70.545778,-15.688707],[-70.545378,-15.688928],[-70.544938,-15.689052],[-70.544257,-15.689151],[-70.543582,-15.689287],[-70.543362,-15.689353],[-70.542963,-15.689574],[-70.541815,-15.690322],[-70.541609,-15.690422],[-70.541389,-15.690482],[-70.540933,-15.690527],[-70.539801,-15.690355],[-70.539624,-15.690218],[-70.53954,-15.69001],[-70.539527,-15.689784],[-70.539466,-15.689575],[-70.539329,-15.689397],[-70.539107,-15.689347],[-70.538883,-15.689374],[-70.53386,-15.690979],[-70.533188,-15.691124],[-70.532961,-15.691158],[-70.532733,-15.691153],[-70.532523,-15.691071],[-70.532391,-15.690888],[-70.532298,-15.690449],[-70.53217,-15.690265],[-70.53197,-15.69016],[-70.531743,-15.690124],[-70.516852,-15.689163],[-70.515479,-15.689053],[-70.515256,-15.688998],[-70.514372,-15.688758],[-70.51253,-15.687837],[-70.511272,-15.687282],[-70.493372,-15.679075],[-70.492773,-15.678743],[-70.492589,-15.678608],[-70.492228,-15.678329],[-70.492067,-15.678168],[-70.491912,-15.678001],[-70.491636,-15.67764],[-70.489158,-15.673568],[-70.488869,-15.673217],[-70.487159,-15.671387],[-70.487019,-15.671209],[-70.486907,-15.671012],[-70.486844,-15.670795],[-70.48686,-15.670344],[-70.48713,-15.669248],[-70.487168,-15.668798],[-70.48714,-15.668574],[-70.487014,-15.668141],[-70.486811,-15.667736],[-70.486523,-15.667386],[-70.486357,-15.667231],[-70.48617,-15.667099],[-70.485967,-15.666997],[-70.485539,-15.666834],[-70.484862,-15.66671],[-70.484421,-15.666585],[-70.483176,-15.666008],[-70.482955,-15.66595],[-70.482499,-15.665898],[-70.482269,-15.665892],[-70.481122,-15.665931],[-70.479515,-15.66595],[-70.479288,-15.665927],[-70.479073,-15.665855],[-70.478881,-15.665732],[-70.478716,-15.665576],[-70.478587,-15.665392],[-70.478253,-15.664549],[-70.478157,-15.664344],[-70.478035,-15.664155],[-70.477697,-15.663851],[-70.477493,-15.66375],[-70.477056,-15.663613],[-70.475944,-15.663335],[-70.474241,-15.662658],[-70.469691,-15.661085],[-70.469032,-15.660888],[-70.468808,-15.660846],[-70.468579,-15.660823],[-70.46835,-15.660839],[-70.468129,-15.660899],[-70.467713,-15.661086],[-70.461748,-15.664477],[-70.454428,-15.668722],[-70.439356,-15.677382],[-70.438749,-15.677702],[-70.43812,-15.677976],[-70.437031,-15.678333],[-70.436144,-15.678566],[-70.434572,-15.678895],[-70.43189,-15.679518],[-70.430757,-15.679699],[-70.428244,-15.679942],[-70.425495,-15.680125],[-70.423904,-15.679916],[-70.423226,-15.679793],[-70.423014,-15.679711],[-70.422828,-15.679585],[-70.422669,-15.679422],[-70.422394,-15.679061],[-70.421898,-15.6783],[-70.421717,-15.678174],[-70.420804,-15.678095],[-70.420134,-15.677941],[-70.419708,-15.677774],[-70.416998,-15.676543],[-70.416325,-15.676405],[-70.415866,-15.676383],[-70.415409,-15.676428],[-70.414973,-15.676568],[-70.413496,-15.677192],[-70.411401,-15.678116],[-70.411187,-15.678199],[-70.410745,-15.678319],[-70.407319,-15.678664],[-70.406409,-15.678784],[-70.401616,-15.679296],[-70.398423,-15.679664],[-70.397507,-15.679708],[-70.396822,-15.679631],[-70.396373,-15.679538],[-70.395723,-15.679313],[-70.385205,-15.675382],[-70.383495,-15.674724],[-70.381768,-15.674106],[-70.377254,-15.672439],[-70.3762,-15.671991],[-70.370581,-15.668916],[-70.36981,-15.668425],[-70.369445,-15.668151],[-70.368446,-15.667216],[-70.365698,-15.664487],[-70.365409,-15.664137],[-70.365282,-15.663948],[-70.36505,-15.663558],[-70.364957,-15.663352],[-70.364745,-15.662707],[-70.364376,-15.661167],[-70.3642,-15.660751],[-70.36374,-15.659968],[-70.363454,-15.659615],[-70.362958,-15.659145],[-70.361124,-15.657786],[-70.360447,-15.657175],[-70.360018,-15.656645],[-70.359763,-15.656269],[-70.359237,-15.655265],[-70.358584,-15.65382],[-70.358468,-15.653384],[-70.358464,-15.653158],[-70.358515,-15.652709],[-70.359064,-15.650053],[-70.359009,-15.649835],[-70.358887,-15.649646],[-70.358732,-15.649481],[-70.357639,-15.648655],[-70.357471,-15.648502],[-70.356389,-15.647662],[-70.356224,-15.647506],[-70.355793,-15.646977],[-70.355156,-15.646039],[-70.354991,-15.645882],[-70.354625,-15.64561],[-70.35082,-15.643079],[-70.349514,-15.642156],[-70.348351,-15.64143],[-70.34686,-15.640373],[-70.346517,-15.640075],[-70.346235,-15.639719],[-70.345601,-15.638777],[-70.343754,-15.635915],[-70.343255,-15.635447],[-70.339465,-15.63216],[-70.338408,-15.631289],[-70.331357,-15.625147],[-70.330855,-15.624684],[-70.330566,-15.624333],[-70.330336,-15.623943],[-70.330249,-15.623734],[-70.330125,-15.623299],[-70.330007,-15.622632],[-70.329826,-15.621979],[-70.329588,-15.621593],[-70.329445,-15.621416],[-70.329264,-15.621283],[-70.328866,-15.621058],[-70.325955,-15.619717],[-70.32365,-15.6187],[-70.320125,-15.617051],[-70.317199,-15.61574],[-70.315709,-15.615147],[-70.315062,-15.614914],[-70.314644,-15.614728],[-70.307541,-15.611026],[-70.305672,-15.61016],[-70.305285,-15.609917],[-70.303429,-15.608586],[-70.301061,-15.606798],[-70.300471,-15.606448],[-70.299433,-15.605966],[-70.299234,-15.605854],[-70.294099,-15.602044],[-70.292799,-15.601114],[-70.280333,-15.591858],[-70.279062,-15.59089],[-70.277754,-15.589971],[-70.275933,-15.588593],[-70.224049,-15.550076],[-70.222416,-15.54883],[-70.221484,-15.54817],[-70.214169,-15.542702],[-70.213786,-15.542453],[-70.213181,-15.542128],[-70.209662,-15.540465],[-70.20887,-15.540008],[-70.206959,-15.538755],[-70.206456,-15.538293],[-70.204265,-15.535978],[-70.203916,-15.535684],[-70.202268,-15.534456],[-70.202077,-15.534332],[-70.201669,-15.534125],[-70.201227,-15.534005],[-70.195571,-15.533041],[-70.195346,-15.532997],[-70.194906,-15.532868],[-70.194695,-15.532782],[-70.186258,-15.528183],[-70.185467,-15.527723],[-70.185083,-15.527475],[-70.184356,-15.526924],[-70.183863,-15.526451],[-70.180365,-15.522556],[-70.170398,-15.511316],[-70.170234,-15.511159],[-70.169356,-15.510431],[-70.163345,-15.506272],[-70.160167,-15.50404],[-70.158994,-15.503329],[-70.158792,-15.503224],[-70.157528,-15.502685],[-70.154146,-15.501273],[-70.153508,-15.501019],[-70.15307,-15.500887],[-70.148624,-15.49905],[-70.148406,-15.49898],[-70.148177,-15.498964],[-70.147971,-15.499019],[-70.147804,-15.498889],[-70.147585,-15.498835],[-70.146557,-15.498333],[-70.146368,-15.49821],[-70.146312,-15.497991],[-70.146005,-15.497139],[-70.14502,-15.494605],[-70.144561,-15.493569],[-70.144406,-15.493144],[-70.144065,-15.491597],[-70.143948,-15.491411],[-70.14398,-15.491189],[-70.143934,-15.490969],[-70.143065,-15.487454],[-70.142876,-15.486802],[-70.142508,-15.485261],[-70.142215,-15.484168],[-70.14204,-15.483751],[-70.141817,-15.483356],[-70.141685,-15.483174],[-70.141356,-15.482859],[-70.140993,-15.482582],[-70.140592,-15.482363],[-70.140384,-15.48227],[-70.139938,-15.482161],[-70.137903,-15.48181],[-70.135405,-15.481448],[-70.133595,-15.481139],[-70.131093,-15.480798],[-70.129739,-15.480549],[-70.128606,-15.480368],[-70.128379,-15.480339],[-70.12815,-15.480346],[-70.127695,-15.480404],[-70.127475,-15.480468],[-70.127257,-15.48054],[-70.126849,-15.480745],[-70.126657,-15.480869],[-70.126302,-15.481154],[-70.126026,-15.481515],[-70.125809,-15.481914],[-70.125724,-15.482123],[-70.123083,-15.488875],[-70.122402,-15.490555],[-70.122373,-15.490769],[-70.122222,-15.490905],[-70.122049,-15.490771],[-70.120982,-15.490352],[-70.120781,-15.490363],[-70.120596,-15.490497],[-70.120388,-15.490464],[-70.119745,-15.490219],[-70.119621,-15.490097],[-70.119632,-15.490075],[-70.119472,-15.49011],[-70.119045,-15.489945],[-70.118872,-15.490005],[-70.118768,-15.490204],[-70.11869,-15.490416],[-70.118721,-15.490582],[-70.119352,-15.490854],[-70.121938,-15.491788],[-70.121887,-15.491978],[-70.121444,-15.493021],[-70.121052,-15.494084],[-70.118905,-15.499569],[-70.119018,-15.499693],[-70.12354,-15.50134],[-70.124391,-15.501682],[-70.124588,-15.501798],[-70.126524,-15.502507],[-70.12823,-15.503167],[-70.128444,-15.503208],[-70.125697,-15.510124],[-70.121497,-15.519912],[-70.119852,-15.523645],[-70.117728,-15.528652],[-70.117654,-15.528864],[-70.117654,-15.52909],[-70.117674,-15.529314],[-70.117748,-15.529524],[-70.117786,-15.529736],[-70.11765,-15.529903],[-70.117279,-15.53016],[-70.117138,-15.530335],[-70.116933,-15.53074],[-70.114018,-15.537381],[-70.111127,-15.544521],[-70.104504,-15.559683],[-70.104411,-15.559888],[-70.104221,-15.560005],[-70.102972,-15.562922],[-70.102058,-15.564995],[-70.101579,-15.566267],[-70.101528,-15.566488],[-70.101474,-15.566937],[-70.101455,-15.567388],[-70.101652,-15.573716],[-70.101648,-15.57462],[-70.101597,-15.575523],[-70.101455,-15.576644],[-70.101321,-15.57731],[-70.101059,-15.57841],[-70.099656,-15.583424],[-70.098374,-15.588234],[-70.097921,-15.589753],[-70.096683,-15.594342],[-70.095047,-15.60023],[-70.091517,-15.613108],[-70.091296,-15.613986],[-70.088941,-15.622493],[-70.084439,-15.638391],[-70.083371,-15.642089],[-70.079978,-15.654066],[-70.079456,-15.6558],[-70.076437,-15.666473],[-70.074683,-15.672798],[-70.074037,-15.675202],[-70.073352,-15.677596],[-70.072584,-15.680436],[-70.068308,-15.695691],[-70.065607,-15.705512],[-70.065039,-15.707468],[-70.062884,-15.715326],[-70.062504,-15.71663],[-70.058125,-15.732327],[-70.057621,-15.734066],[-70.056477,-15.738209],[-70.056527,-15.73843],[-70.056532,-15.738651],[-70.056386,-15.738822],[-70.05618,-15.738895],[-70.055654,-15.739899],[-70.05477,-15.741221],[-70.05405,-15.742377],[-70.053849,-15.742784],[-70.053626,-15.743424],[-70.053349,-15.744753],[-70.05317,-15.746326],[-70.053025,-15.748129],[-70.05296,-15.748576],[-70.052943,-15.748801],[-70.052994,-15.749018],[-70.05312,-15.749203],[-70.053142,-15.749426],[-70.052892,-15.749797],[-70.052859,-15.75002],[-70.052823,-15.750697],[-70.052707,-15.751365],[-70.047313,-15.770304],[-70.046956,-15.771136],[-70.046566,-15.771693],[-70.046249,-15.77202],[-70.046076,-15.772169],[-70.044292,-15.773591],[-70.043009,-15.774544],[-70.042409,-15.774877],[-70.040367,-15.77591],[-70.039601,-15.776392],[-70.039145,-15.776341],[-70.038248,-15.776148],[-70.038021,-15.776114],[-70.037792,-15.77611],[-70.037564,-15.776134],[-70.035541,-15.776551],[-70.033962,-15.776847],[-70.03374,-15.776902],[-70.033528,-15.776987],[-70.032351,-15.777692],[-70.032177,-15.777835],[-70.03207,-15.77803],[-70.032041,-15.778254],[-70.032117,-15.779382],[-70.0321,-15.779605],[-70.032038,-15.779821],[-70.03177,-15.780446],[-70.031745,-15.780668],[-70.031816,-15.780881],[-70.03193,-15.781076],[-70.032832,-15.782386],[-70.032937,-15.782587],[-70.033095,-15.783011],[-70.033246,-15.783672],[-70.033302,-15.784121],[-70.033387,-15.787285],[-70.033411,-15.787509],[-70.03375,-15.788823],[-70.033765,-15.789048],[-70.033743,-15.789272],[-70.033605,-15.789703],[-70.033299,-15.790309],[-70.033224,-15.790521],[-70.033248,-15.790744],[-70.033431,-15.791158],[-70.034369,-15.792971],[-70.035932,-15.795205],[-70.036196,-15.79583],[-70.03627,-15.796044],[-70.036282,-15.796269],[-70.036225,-15.796486],[-70.035603,-15.797945],[-70.035535,-15.79816],[-70.035542,-15.798612],[-70.035705,-15.799031],[-70.037026,-15.80115],[-70.037116,-15.801357],[-70.037141,-15.801581],[-70.037048,-15.802707],[-70.037071,-15.802931],[-70.037131,-15.803149],[-70.037518,-15.804212],[-70.037542,-15.804435],[-70.037477,-15.80465],[-70.037132,-15.805237],[-70.037045,-15.805446],[-70.036981,-15.805891],[-70.037035,-15.806339],[-70.037116,-15.80655],[-70.037447,-15.807145],[-70.037502,-15.807364],[-70.037503,-15.807589],[-70.03727,-15.809154],[-70.037266,-15.80938],[-70.037383,-15.811185],[-70.037373,-15.811636],[-70.037295,-15.811848],[-70.036485,-15.812946],[-70.036371,-15.813142],[-70.036293,-15.813354],[-70.036235,-15.813801],[-70.036248,-15.814027],[-70.036297,-15.814247],[-70.036525,-15.814886],[-70.036513,-15.81511],[-70.0364,-15.815301],[-70.03621,-15.815424],[-70.035984,-15.815448],[-70.035305,-15.815339],[-70.035076,-15.815352],[-70.034854,-15.815404],[-70.033762,-15.815754],[-70.033539,-15.815804],[-70.033312,-15.815828],[-70.033086,-15.815797],[-70.032882,-15.815697],[-70.032718,-15.815539],[-70.032128,-15.814845],[-70.031947,-15.814708],[-70.031746,-15.814603],[-70.031069,-15.814482],[-70.030158,-15.814366],[-70.02993,-15.814366],[-70.029722,-15.814461],[-70.02957,-15.814628],[-70.029511,-15.814847],[-70.029496,-15.815524],[-70.029521,-15.815749],[-70.029846,-15.816591],[-70.029796,-15.817718],[-70.02976,-15.817941],[-70.029676,-15.81815],[-70.029549,-15.818339],[-70.028416,-15.819762],[-70.028296,-15.819953],[-70.028232,-15.820168],[-70.028239,-15.820391],[-70.028318,-15.820602],[-70.028447,-15.820787],[-70.028631,-15.820923],[-70.029664,-15.821414],[-70.030057,-15.821648],[-70.030364,-15.821982],[-70.030833,-15.82276],[-70.030974,-15.822937],[-70.031173,-15.823043],[-70.031621,-15.823141],[-70.031826,-15.82324],[-70.031987,-15.823398],[-70.032525,-15.824396],[-70.032678,-15.824564],[-70.032867,-15.824691],[-70.033268,-15.82491],[-70.033443,-15.825055],[-70.033549,-15.82525],[-70.034114,-15.827673],[-70.034086,-15.827897],[-70.033872,-15.828542],[-70.033736,-15.828718],[-70.033515,-15.828757],[-70.033056,-15.828765],[-70.03283,-15.828804],[-70.032621,-15.828894],[-70.031603,-15.829417],[-70.030817,-15.829882],[-70.030473,-15.83018],[-70.030335,-15.830361],[-70.03023,-15.830562],[-70.030168,-15.830779],[-70.030141,-15.831003],[-70.030206,-15.83145],[-70.030262,-15.831669],[-70.030396,-15.832101],[-70.030556,-15.832524],[-70.030722,-15.833182],[-70.030909,-15.834981],[-70.030972,-15.835195],[-70.031127,-15.835359],[-70.031333,-15.835453],[-70.031784,-15.835538],[-70.031983,-15.835643],[-70.032344,-15.836219],[-70.03249,-15.83639],[-70.032663,-15.836539],[-70.032857,-15.836659],[-70.033291,-15.836806],[-70.033743,-15.836887],[-70.033944,-15.836987],[-70.034106,-15.837146],[-70.034228,-15.837338],[-70.034489,-15.837965],[-70.034745,-15.838339],[-70.035304,-15.838733],[-70.035458,-15.838899],[-70.035508,-15.839118],[-70.035496,-15.839796],[-70.03536,-15.840226],[-70.035151,-15.840629],[-70.035026,-15.840816],[-70.034848,-15.840955],[-70.034637,-15.841046],[-70.03418,-15.841078],[-70.033956,-15.841124],[-70.033771,-15.841252],[-70.033611,-15.841414],[-70.033055,-15.84213],[-70.031948,-15.843276],[-70.031535,-15.843474],[-70.030028,-15.844024],[-70.028765,-15.844564],[-70.028547,-15.844637],[-70.027644,-15.844797],[-70.027427,-15.844866],[-70.027232,-15.844985],[-70.02558,-15.846208],[-70.025404,-15.846351],[-70.024948,-15.846859],[-70.024778,-15.847011],[-70.02458,-15.847125],[-70.024365,-15.847205],[-70.022728,-15.848022],[-70.022341,-15.848264],[-70.022191,-15.848432],[-70.022084,-15.848631],[-70.021992,-15.849072],[-70.02199,-15.84975],[-70.021955,-15.849972],[-70.021767,-15.850382],[-70.021591,-15.850518],[-70.020536,-15.850963],[-70.020354,-15.851098],[-70.017695,-15.854213],[-70.016272,-15.855988],[-70.01568,-15.85668],[-70.015515,-15.856836],[-70.015331,-15.85697],[-70.015116,-15.857034],[-70.014889,-15.857009],[-70.014671,-15.856945],[-70.014112,-15.856549],[-70.013946,-15.856395],[-70.01364,-15.855545],[-70.013449,-15.854893],[-70.013512,-15.854708],[-70.0154,-15.853422],[-70.016705,-15.852498],[-70.018245,-15.851142],[-70.018436,-15.85102],[-70.018557,-15.850848],[-70.018741,-15.850194],[-70.019821,-15.846737],[-70.019745,-15.846596],[-70.017988,-15.846069],[-70.017925,-15.84592],[-70.018435,-15.844419],[-70.01756,-15.844164],[-70.016887,-15.844024],[-70.016899,-15.843833],[-70.016784,-15.843973],[-70.016581,-15.843867],[-70.016428,-15.8437],[-70.0164,-15.843479],[-70.016516,-15.843289],[-70.01671,-15.843171],[-70.016936,-15.843135],[-70.017393,-15.843118],[-70.0187,-15.843544],[-70.01875,-15.843699],[-70.017841,-15.846498],[-70.017608,-15.847136],[-70.016991,-15.849078],[-70.01681,-15.849733],[-70.016422,-15.850796],[-70.016319,-15.850996],[-70.016187,-15.851181],[-70.015914,-15.851544],[-70.015762,-15.851713],[-70.015437,-15.852032],[-70.01458,-15.852783],[-70.013803,-15.853264],[-70.010224,-15.854799],[-70.006685,-15.856418],[-70.005404,-15.856917],[-70.00499,-15.857113],[-70.004795,-15.857229],[-70.004146,-15.857454],[-70.00335,-15.857904],[-70.00301,-15.858208],[-70.002858,-15.858376],[-70.000806,-15.861908],[-70.000403,-15.862458],[-70.000107,-15.862803],[-69.999734,-15.863065],[-69.997901,-15.864003],[-69.997485,-15.864194],[-69.996886,-15.864525],[-69.996457,-15.864684],[-69.996237,-15.864748],[-69.995782,-15.86481],[-69.995553,-15.864811],[-69.995096,-15.864771],[-69.986007,-15.863471],[-69.985332,-15.863338],[-69.984677,-15.86313],[-69.984274,-15.862915],[-69.983892,-15.862664],[-69.98339,-15.8622],[-69.983117,-15.861838],[-69.982875,-15.861454],[-69.981071,-15.858046],[-69.980837,-15.857657],[-69.980527,-15.857325],[-69.97996,-15.856943],[-69.975033,-15.854042],[-69.974619,-15.853849],[-69.974398,-15.853787],[-69.973718,-15.853684],[-69.970067,-15.85328],[-69.969609,-15.853255],[-69.968921,-15.853273],[-69.963655,-15.85366],[-69.963209,-15.853766],[-69.962785,-15.853938],[-69.962586,-15.854051],[-69.96222,-15.854323],[-69.960112,-15.856402],[-69.957168,-15.858926],[-69.955243,-15.860536],[-69.95404,-15.861586],[-69.95351,-15.86202],[-69.953147,-15.862296],[-69.95235,-15.862743],[-69.951925,-15.862915],[-69.951491,-15.863061],[-69.950595,-15.863262],[-69.946324,-15.864136],[-69.945879,-15.864248],[-69.945009,-15.864535],[-69.943744,-15.865072],[-69.934944,-15.868955],[-69.934543,-15.869174],[-69.934185,-15.869456],[-69.923009,-15.880829],[-69.922845,-15.880987],[-69.922475,-15.881255],[-69.92187,-15.881578],[-69.921438,-15.881728],[-69.920763,-15.88186],[-69.917101,-15.882147],[-69.916193,-15.882279],[-69.910416,-15.88376],[-69.909967,-15.88385],[-69.909739,-15.883876],[-69.90928,-15.883874],[-69.908602,-15.883762],[-69.90817,-15.88361],[-69.907136,-15.88312],[-69.906921,-15.88304],[-69.906698,-15.882987],[-69.90647,-15.882964],[-69.906013,-15.88299],[-69.905576,-15.883124],[-69.905187,-15.883362],[-69.901795,-15.886062],[-69.901595,-15.886172],[-69.90117,-15.886342],[-69.900949,-15.886404],[-69.900495,-15.88647],[-69.900037,-15.88647],[-69.89981,-15.886438],[-69.899367,-15.886321],[-69.899155,-15.886233],[-69.898747,-15.886027],[-69.895593,-15.884172],[-69.895188,-15.883959],[-69.894977,-15.883873],[-69.894755,-15.883817],[-69.894527,-15.883789],[-69.89407,-15.883807],[-69.893846,-15.883855],[-69.893631,-15.883934],[-69.89324,-15.884167],[-69.892902,-15.884471],[-69.8896,-15.888529],[-69.889191,-15.889075],[-69.88871,-15.889845],[-69.88698,-15.893036],[-69.886787,-15.893446],[-69.886727,-15.893663],[-69.886691,-15.894112],[-69.886777,-15.894555],[-69.886858,-15.894766],[-69.886965,-15.894966],[-69.887249,-15.895319],[-69.888392,-15.896432],[-69.889022,-15.897088],[-69.889144,-15.897278],[-69.889231,-15.897487],[-69.889292,-15.897705],[-69.889333,-15.897927],[-69.889325,-15.898378],[-69.888658,-15.900776],[-69.88829,-15.901847],[-69.882357,-15.914836],[-69.882226,-15.91527],[-69.88214,-15.915713],[-69.882089,-15.91639],[-69.882041,-15.918876],[-69.881989,-15.919325],[-69.881846,-15.919988],[-69.881607,-15.920624],[-69.881382,-15.921017],[-69.880705,-15.92193],[-69.869256,-15.936362],[-69.867178,-15.939066],[-69.866588,-15.939758],[-69.866263,-15.940078],[-69.865898,-15.94035],[-69.865496,-15.94057],[-69.865078,-15.940754],[-69.864637,-15.940878],[-69.863503,-15.941052],[-69.860769,-15.941392],[-69.85713,-15.941882],[-69.835505,-15.944691],[-69.834832,-15.94483],[-69.834399,-15.944979],[-69.833974,-15.945151],[-69.833575,-15.945373],[-69.833383,-15.945496],[-69.832848,-15.945923],[-69.832531,-15.94625],[-69.829629,-15.950042],[-69.829112,-15.950789],[-69.828145,-15.952053],[-69.827855,-15.952403],[-69.827391,-15.952904],[-69.826719,-15.953519],[-69.819205,-15.95872],[-69.81828,-15.959389],[-69.817136,-15.960144],[-69.809818,-15.965225],[-69.805295,-15.968322],[-69.804692,-15.968651],[-69.803852,-15.969016],[-69.795903,-15.971965],[-69.795304,-15.972299],[-69.794938,-15.972571],[-69.794435,-15.973033],[-69.794142,-15.973381],[-69.794013,-15.973568],[-69.791573,-15.977923],[-69.791387,-15.978335],[-69.790681,-15.9795],[-69.790256,-15.980034],[-69.789939,-15.980361],[-69.760467,-16.004864],[-69.73938,-16.022327],[-69.708795,-16.047984],[-69.689305,-16.064154],[-69.688755,-16.064563],[-69.687785,-16.065167],[-69.686772,-16.065699],[-69.648675,-16.082045],[-69.648477,-16.082156],[-69.647734,-16.082688],[-69.64738,-16.082976],[-69.646722,-16.083606],[-69.646157,-16.084319],[-69.643247,-16.088926],[-69.642514,-16.090075],[-69.642252,-16.090446],[-69.641946,-16.090782],[-69.641764,-16.09092],[-69.641381,-16.09117],[-69.640972,-16.091373],[-69.640532,-16.091503],[-69.640078,-16.091562],[-69.638012,-16.091611],[-69.635946,-16.09163],[-69.631126,-16.091747],[-69.63044,-16.091803],[-69.629992,-16.091902],[-69.628924,-16.092313],[-69.61779,-16.097148],[-69.616575,-16.097786],[-69.615805,-16.09828],[-69.615247,-16.098678],[-69.614539,-16.099253],[-69.585602,-16.124708],[-69.584772,-16.125489],[-69.584456,-16.125816],[-69.583554,-16.126842],[-69.582866,-16.127747],[-69.58235,-16.128495],[-69.58028,-16.132017],[-69.580072,-16.13242],[-69.579842,-16.133059],[-69.579726,-16.133496],[-69.579644,-16.133941],[-69.579603,-16.134844],[-69.579686,-16.13665],[-69.579665,-16.136874],[-69.579519,-16.137302],[-69.57941,-16.137501],[-69.579277,-16.137685],[-69.579117,-16.137846],[-69.578751,-16.138119],[-69.551688,-16.156021],[-69.55038,-16.156941],[-69.541226,-16.164131],[-69.539809,-16.165281],[-69.539013,-16.166096],[-69.538469,-16.166824],[-69.538108,-16.167402],[-69.537801,-16.168008],[-69.529488,-16.187866],[-69.529199,-16.188481],[-69.528653,-16.189475],[-69.527886,-16.190602],[-69.515368,-16.207356],[-69.514641,-16.208231],[-69.514167,-16.208723],[-69.513502,-16.209347],[-69.512975,-16.209784],[-69.512426,-16.210193],[-69.511467,-16.210814],[-69.510468,-16.211371],[-69.508997,-16.212007],[-69.498859,-16.216264],[-69.498006,-16.216598],[-69.497143,-16.216907],[-69.495827,-16.21731],[-69.494495,-16.217656],[-69.492922,-16.217978],[-69.474277,-16.220549],[-69.4736,-16.220673],[-69.472052,-16.221099],[-69.470964,-16.221458],[-69.469263,-16.22214],[-69.467155,-16.223037],[-69.464222,-16.22433],[-69.464,-16.224387],[-69.463772,-16.224413],[-69.463315,-16.224408],[-69.462875,-16.224283],[-69.462671,-16.22418],[-69.462489,-16.224043],[-69.460126,-16.221897],[-69.459973,-16.22173],[-69.459846,-16.221542],[-69.45975,-16.221341],[-69.459708,-16.221119],[-69.459704,-16.220893],[-69.459757,-16.220674],[-69.459845,-16.220467],[-69.459964,-16.220274],[-69.460364,-16.219722],[-69.460605,-16.219338],[-69.460839,-16.218701],[-69.46107,-16.217826],[-69.46108,-16.217603],[-69.461056,-16.217378],[-69.460958,-16.217175],[-69.460798,-16.217018],[-69.460364,-16.216873],[-69.460138,-16.216839],[-69.458763,-16.216906],[-69.458307,-16.216956],[-69.458081,-16.216928],[-69.457866,-16.216853],[-69.457202,-16.21668],[-69.45629,-16.216582],[-69.456071,-16.216516],[-69.455865,-16.216417],[-69.455105,-16.21591],[-69.454905,-16.2158],[-69.454689,-16.215728],[-69.454462,-16.215724],[-69.454236,-16.215758],[-69.453799,-16.215897],[-69.453575,-16.215944],[-69.453348,-16.215949],[-69.453123,-16.215901],[-69.452912,-16.215815],[-69.452172,-16.215279],[-69.451954,-16.215212],[-69.451732,-16.215157],[-69.451503,-16.215136],[-69.450127,-16.21512],[-69.44991,-16.21505],[-69.449716,-16.214932],[-69.449563,-16.214766],[-69.449266,-16.214154],[-69.448937,-16.213558],[-69.448801,-16.21338],[-69.448626,-16.213234],[-69.448234,-16.212999],[-69.444818,-16.21114],[-69.443326,-16.210553],[-69.440899,-16.209865],[-69.439824,-16.209467],[-69.433284,-16.206704],[-69.42895,-16.205211],[-69.428332,-16.20491],[-69.42794,-16.204676],[-69.427569,-16.20441],[-69.426154,-16.203258],[-69.425961,-16.203135],[-69.425548,-16.202938],[-69.425109,-16.202809],[-69.424882,-16.202781],[-69.421902,-16.202618],[-69.421674,-16.202597],[-69.42145,-16.202547],[-69.42082,-16.202277],[-69.418994,-16.201325],[-69.418772,-16.20127],[-69.418543,-16.20125],[-69.418315,-16.201266],[-69.418092,-16.201319],[-69.417884,-16.201414],[-69.41769,-16.201534],[-69.417526,-16.201691],[-69.416163,-16.203784],[-69.416064,-16.203988],[-69.416015,-16.204207],[-69.416029,-16.204431],[-69.416114,-16.20464],[-69.416246,-16.204824],[-69.416762,-16.205272],[-69.416904,-16.205448],[-69.416981,-16.20566],[-69.416978,-16.205884],[-69.416889,-16.206091],[-69.416743,-16.206263],[-69.416553,-16.206386],[-69.416328,-16.206429],[-69.413803,-16.20643],[-69.411967,-16.206364],[-69.40441,-16.20583],[-69.403954,-16.205868],[-69.403731,-16.20592],[-69.403318,-16.206114],[-69.403134,-16.20625],[-69.402963,-16.206399],[-69.397578,-16.211965],[-69.396852,-16.212841],[-69.396718,-16.213023],[-69.393944,-16.217448],[-69.393288,-16.218376],[-69.393143,-16.218551],[-69.392381,-16.219396],[-69.384847,-16.226684],[-69.384056,-16.227504],[-69.383448,-16.228181],[-69.378467,-16.2341],[-69.375411,-16.237772],[-69.372612,-16.241068],[-69.371847,-16.24191],[-69.371023,-16.242697],[-69.370505,-16.243144],[-69.36598,-16.246621],[-69.364486,-16.247674],[-69.363912,-16.248048],[-69.362133,-16.249083],[-69.357906,-16.251366],[-69.356461,-16.25206],[-69.355397,-16.252483],[-69.353883,-16.253016],[-69.352786,-16.253348],[-69.350555,-16.25388],[-69.348287,-16.254236],[-69.313925,-16.25876],[-69.313466,-16.25877],[-69.31301,-16.258715],[-69.312343,-16.258551],[-69.312131,-16.258465],[-69.311927,-16.258363],[-69.308611,-16.256335],[-69.307593,-16.255812],[-69.307174,-16.255629],[-69.306739,-16.255483],[-69.306287,-16.25541],[-69.305829,-16.255398],[-69.303313,-16.25561],[-69.302857,-16.255569],[-69.301741,-16.255303],[-69.301514,-16.255273],[-69.301056,-16.255277],[-69.300605,-16.255361],[-69.300387,-16.255429],[-69.29892,-16.256074],[-69.298487,-16.256224],[-69.298262,-16.256269],[-69.298034,-16.256288],[-69.297806,-16.256268],[-69.296446,-16.256055],[-69.296218,-16.256065],[-69.295993,-16.256109],[-69.295787,-16.256209],[-69.295602,-16.256342],[-69.295455,-16.256514],[-69.29535,-16.256714],[-69.295283,-16.25693],[-69.295263,-16.257154],[-69.295288,-16.257378],[-69.296133,-16.25972],[-69.296223,-16.260164],[-69.296246,-16.260615],[-69.295608,-16.268276],[-69.295523,-16.268719],[-69.295348,-16.269136],[-69.295081,-16.269503],[-69.294914,-16.269658],[-69.294542,-16.26992],[-69.294121,-16.270099],[-69.293899,-16.270156],[-69.293441,-16.270178],[-69.293212,-16.270161],[-69.292084,-16.269951],[-69.291855,-16.269944],[-69.291627,-16.269968],[-69.291406,-16.270026],[-69.291196,-16.270114],[-69.291004,-16.270238],[-69.290836,-16.27039],[-69.290696,-16.270568],[-69.290588,-16.270767],[-69.290511,-16.270979],[-69.290468,-16.271201],[-69.290129,-16.274803],[-69.290032,-16.275244],[-69.289965,-16.27546],[-69.289867,-16.275664],[-69.289617,-16.276042],[-69.289314,-16.276381],[-69.286462,-16.278662],[-69.286125,-16.278968],[-69.28581,-16.279298],[-69.285388,-16.279833],[-69.283734,-16.28228],[-69.283518,-16.282678],[-69.283367,-16.283104],[-69.283298,-16.283551],[-69.283298,-16.284003],[-69.283398,-16.285582],[-69.283338,-16.286257],[-69.283243,-16.286699],[-69.283115,-16.287133],[-69.28303,-16.287343],[-69.282817,-16.287742],[-69.282075,-16.288886],[-69.253143,-16.332116],[-69.252349,-16.333224],[-69.250008,-16.3363],[-69.229734,-16.363435],[-69.213905,-16.384527],[-69.212567,-16.386077],[-69.18782,-16.411886],[-69.18717,-16.412525],[-69.186657,-16.412977],[-69.183933,-16.415052],[-69.176994,-16.42026],[-69.176303,-16.420855],[-69.17521,-16.422015],[-69.174769,-16.422536],[-69.170281,-16.427379],[-69.167673,-16.430239],[-69.167173,-16.430704],[-69.165822,-16.431561],[-69.160332,-16.434855],[-69.159966,-16.435127],[-69.159638,-16.435444],[-69.15935,-16.435795],[-69.159227,-16.435985],[-69.158914,-16.436589],[-69.157992,-16.438904],[-69.157847,-16.439333],[-69.157709,-16.439997],[-69.157558,-16.440889],[-69.157432,-16.441323],[-69.157346,-16.441533],[-69.157257,-16.441741],[-69.156505,-16.442878],[-69.15627,-16.443266],[-69.15617,-16.443469],[-69.156096,-16.443683],[-69.155967,-16.444117],[-69.155895,-16.444563],[-69.155889,-16.44637],[-69.155773,-16.447038],[-69.15563,-16.447467],[-69.155534,-16.447672],[-69.155306,-16.448065],[-69.154593,-16.44895],[-69.151821,-16.452267],[-69.151354,-16.452766],[-69.150832,-16.453208],[-69.150062,-16.453699],[-69.14208,-16.457695],[-69.140864,-16.458332],[-69.139696,-16.45905],[-69.138784,-16.459737],[-69.137925,-16.460487],[-69.105364,-16.493326],[-69.102765,-16.495882],[-69.101199,-16.497535],[-69.077355,-16.524757],[-69.076432,-16.525763],[-69.075477,-16.526741],[-69.074156,-16.527997],[-69.072611,-16.529349],[-69.071721,-16.530061],[-69.048661,-16.549077],[-69.04763,-16.549976],[-69.042714,-16.554399],[-69.042051,-16.555024],[-69.041918,-16.555202],[-69.04168,-16.555589],[-69.041478,-16.555995],[-69.041338,-16.556425],[-69.041256,-16.556869],[-69.041209,-16.557772],[-69.041217,-16.557996],[-69.042126,-16.56103],[-69.043027,-16.562606],[-69.043227,-16.563013],[-69.04363,-16.564071],[-69.043795,-16.564081],[-69.044832,-16.563595],[-69.04503,-16.56348],[-69.045155,-16.563342],[-69.044996,-16.562997]]}}]}