{"type":"FeatureCollection","features":[{"type":"Feature","properties":{"fuente":"OpenStreetMap 2026-10-02 (recorrido.py)","pasos":[{"accion":"inicio","via":"Carretera Panamericana Norte","m":40901},{"accion":"sigue","via":"Avenida Panamericana Norte","m":6864},{"accion":"sigue","via":"","m":396},{"accion":"rotonda","salida":3,"via":"Avenida 25 de Enero","m":183},{"accion":"sigue","via":"Avenida 25 de Enero","m":466},{"accion":"derecha","via":"Avenida Gerardo Unger","m":869},{"accion":"sigue","via":"Avenida Metropolitana","m":1009},{"accion":"rotonda","salida":2,"via":"Avenida Metropolitana","m":80},{"accion":"sigue","via":"Avenida Metropolitana","m":1657},{"accion":"sigue","via":"Avenida Túpac Amaru","m":3216},{"accion":"sigue","via":"Vía Buses","m":42},{"accion":"sigue","via":"Avenida Túpac Amaru","m":2925},{"accion":"sigue","via":"Avenida Caquetá","m":1117},{"accion":"sigue","via":"Avenida Alfonso Ugarte","m":2372},{"accion":"rotonda","salida":4,"via":"Avenida 9 de Diciembre","m":240},{"accion":"sigue","via":"Avenida 9 de Diciembre","m":340},{"accion":"sigue","via":"Avenida Paseo de la República","m":644},{"accion":"izquierda","via":"Avenida Jaime Bausate y Meza","m":169},{"accion":"derecha","via":"Avenida José Gálvez","m":25}],"sin_calle":11,"fuera":[407240,0]},"geometry":{"type":"LineString","coordinates":[[-77.168874,-9.346393],[-77.168892,-9.346187],[-77.169048,-9.345766],[-77.16921,-9.345634],[-77.169179,-9.345421],[-77.168906,-9.345057],[-77.168876,-9.344841],[-77.168868,-9.34439],[-77.168732,-9.344223],[-77.168355,-9.343964],[-77.168182,-9.343818],[-77.16805,-9.343634],[-77.167846,-9.342992],[-77.167871,-9.342771],[-77.168046,-9.34212],[-77.168019,-9.341896],[-77.167962,-9.341677],[-77.167946,-9.341464],[-77.168035,-9.341257],[-77.168289,-9.340883],[-77.168789,-9.340417],[-77.16915,-9.340137],[-77.169267,-9.339947],[-77.16954,-9.339086],[-77.169519,-9.338861],[-77.169528,-9.338642],[-77.16969,-9.338491],[-77.169906,-9.338417],[-77.17013,-9.338374],[-77.170586,-9.338354],[-77.171012,-9.338523],[-77.171234,-9.338576],[-77.17146,-9.338614],[-77.171686,-9.338613],[-77.171842,-9.338469],[-77.172351,-9.337716],[-77.173188,-9.336943],[-77.17333,-9.336773],[-77.173402,-9.336559],[-77.173482,-9.335444],[-77.173886,-9.335231],[-77.174024,-9.335071],[-77.17394,-9.334885],[-77.173726,-9.334905],[-77.173517,-9.334999],[-77.173343,-9.335138],[-77.173237,-9.335331],[-77.173187,-9.335551],[-77.173104,-9.335762],[-77.172979,-9.335931],[-77.172544,-9.336076],[-77.171872,-9.335944],[-77.171648,-9.335923],[-77.171424,-9.335975],[-77.171063,-9.336253],[-77.170864,-9.33636],[-77.170646,-9.336426],[-77.169959,-9.336475],[-77.169751,-9.336404],[-77.169601,-9.336239],[-77.16953,-9.336032],[-77.1696,-9.335817],[-77.169944,-9.33523],[-77.17007,-9.335042],[-77.170368,-9.334699],[-77.170394,-9.334479],[-77.170202,-9.334359],[-77.170005,-9.334462],[-77.169579,-9.334995],[-77.169215,-9.335268],[-77.168137,-9.335653],[-77.167938,-9.335742],[-77.167895,-9.335959],[-77.167704,-9.33637],[-77.167357,-9.336953],[-77.166925,-9.337107],[-77.166516,-9.337313],[-77.1663,-9.337383],[-77.166074,-9.33738],[-77.165852,-9.337322],[-77.165637,-9.337366],[-77.16503,-9.338045],[-77.164899,-9.338228],[-77.164846,-9.338442],[-77.16482,-9.33866],[-77.164676,-9.338828],[-77.16394,-9.339368],[-77.163779,-9.339525],[-77.163751,-9.339744],[-77.163736,-9.340194],[-77.163447,-9.340809],[-77.163212,-9.341197],[-77.163025,-9.34132],[-77.162809,-9.341381],[-77.162123,-9.341438],[-77.161907,-9.341498],[-77.161625,-9.341855],[-77.161579,-9.342074],[-77.161663,-9.342285],[-77.161653,-9.342499],[-77.161444,-9.342542],[-77.161296,-9.34239],[-77.1613,-9.341939],[-77.161414,-9.341754],[-77.161563,-9.341582],[-77.16173,-9.341166],[-77.162115,-9.340919],[-77.162267,-9.340758],[-77.162622,-9.340177],[-77.162603,-9.339964],[-77.162516,-9.339755],[-77.162339,-9.339623],[-77.162118,-9.339666],[-77.161743,-9.339927],[-77.161586,-9.340086],[-77.161397,-9.340498],[-77.161249,-9.340667],[-77.160887,-9.340944],[-77.160674,-9.341343],[-77.16051,-9.341765],[-77.160391,-9.341956],[-77.159835,-9.342675],[-77.15978,-9.34289],[-77.159693,-9.34379],[-77.159692,-9.344242],[-77.159646,-9.344461],[-77.159329,-9.345309],[-77.159217,-9.345505],[-77.15868,-9.346238],[-77.158597,-9.346446],[-77.158606,-9.346668],[-77.158983,-9.347489],[-77.159007,-9.347712],[-77.158961,-9.347933],[-77.158866,-9.348138],[-77.158728,-9.348318],[-77.158054,-9.348931],[-77.157909,-9.349106],[-77.157671,-9.349491],[-77.157488,-9.349905],[-77.157423,-9.350122],[-77.157377,-9.350343],[-77.157329,-9.350791],[-77.15721,-9.351227],[-77.156925,-9.351842],[-77.156913,-9.352519],[-77.156824,-9.35296],[-77.156899,-9.354314],[-77.156879,-9.354539],[-77.156643,-9.355412],[-77.156497,-9.356305],[-77.156471,-9.35653],[-77.156539,-9.356973],[-77.156295,-9.357607],[-77.156163,-9.357791],[-77.155805,-9.358071],[-77.155653,-9.358238],[-77.155531,-9.358429],[-77.155108,-9.358964],[-77.154891,-9.359363],[-77.153956,-9.360649],[-77.153517,-9.361443],[-77.153458,-9.361888],[-77.153337,-9.362324],[-77.153315,-9.362775],[-77.153322,-9.363],[-77.153578,-9.363868],[-77.153609,-9.364092],[-77.153586,-9.364313],[-77.152983,-9.36578],[-77.152936,-9.365999],[-77.153126,-9.367341],[-77.153125,-9.367565],[-77.153057,-9.367779],[-77.152669,-9.368339],[-77.152581,-9.36854],[-77.152775,-9.368946],[-77.152749,-9.369167],[-77.152691,-9.369386],[-77.15261,-9.369598],[-77.152499,-9.369795],[-77.152073,-9.370326],[-77.151966,-9.370525],[-77.151868,-9.370965],[-77.151643,-9.371359],[-77.151497,-9.371532],[-77.151088,-9.371736],[-77.150925,-9.37189],[-77.150843,-9.372096],[-77.150729,-9.372765],[-77.150656,-9.372977],[-77.150512,-9.373144],[-77.150128,-9.373392],[-77.150065,-9.373596],[-77.150087,-9.374048],[-77.150055,-9.374951],[-77.149795,-9.375818],[-77.149752,-9.376039],[-77.149886,-9.377161],[-77.149894,-9.377386],[-77.149816,-9.377596],[-77.149303,-9.378345],[-77.149057,-9.379215],[-77.148856,-9.37962],[-77.14884,-9.38007],[-77.148809,-9.380292],[-77.148622,-9.380704],[-77.14869,-9.381605],[-77.148647,-9.381823],[-77.148204,-9.382341],[-77.148096,-9.382539],[-77.148046,-9.382758],[-77.14814,-9.383655],[-77.148133,-9.384333],[-77.14806,-9.384546],[-77.147824,-9.384934],[-77.147738,-9.385141],[-77.147696,-9.38559],[-77.147632,-9.385807],[-77.147514,-9.386475],[-77.147192,-9.387321],[-77.147067,-9.387986],[-77.146731,-9.388577],[-77.146649,-9.388785],[-77.146634,-9.389462],[-77.146762,-9.390126],[-77.146748,-9.39035],[-77.146696,-9.39057],[-77.146595,-9.390772],[-77.146425,-9.390923],[-77.146217,-9.391015],[-77.145766,-9.391098],[-77.145561,-9.391194],[-77.144663,-9.391898],[-77.14447,-9.392019],[-77.144055,-9.392214],[-77.14367,-9.392458],[-77.143323,-9.392753],[-77.142828,-9.393225],[-77.142687,-9.393402],[-77.142578,-9.393601],[-77.1424,-9.394018],[-77.14242,-9.394217],[-77.142587,-9.394371],[-77.143344,-9.395221],[-77.143508,-9.395376],[-77.143714,-9.395471],[-77.144374,-9.395667],[-77.144577,-9.395768],[-77.144746,-9.395921],[-77.145359,-9.396594],[-77.145857,-9.397062],[-77.145998,-9.397238],[-77.146558,-9.398476],[-77.146748,-9.398602],[-77.147194,-9.39867],[-77.147819,-9.398956],[-77.147994,-9.399096],[-77.148989,-9.401381],[-77.149048,-9.401597],[-77.148988,-9.401812],[-77.148736,-9.402189],[-77.148661,-9.402397],[-77.148706,-9.402617],[-77.149047,-9.403205],[-77.149219,-9.403355],[-77.150032,-9.403772],[-77.15016,-9.403956],[-77.150183,-9.404177],[-77.150022,-9.405067],[-77.149961,-9.405284],[-77.150005,-9.405505],[-77.150262,-9.406374],[-77.150275,-9.406598],[-77.15026,-9.406824],[-77.150298,-9.407046],[-77.150678,-9.408349],[-77.150715,-9.408798],[-77.151133,-9.409336],[-77.151292,-9.409498],[-77.151817,-9.409937],[-77.152546,-9.410809],[-77.152903,-9.411389],[-77.152939,-9.411836],[-77.153596,-9.413028],[-77.153641,-9.413243],[-77.153552,-9.41368],[-77.153666,-9.41387],[-77.154188,-9.414311],[-77.154541,-9.41489],[-77.155048,-9.415349],[-77.155106,-9.415561],[-77.154843,-9.416184],[-77.154459,-9.417487],[-77.154414,-9.417708],[-77.154301,-9.41906],[-77.15417,-9.421091],[-77.154229,-9.421308],[-77.154337,-9.421508],[-77.154708,-9.422079],[-77.154796,-9.422285],[-77.154852,-9.422504],[-77.154966,-9.424082],[-77.155036,-9.424297],[-77.155128,-9.42474],[-77.155014,-9.425174],[-77.155065,-9.425388],[-77.155664,-9.426073],[-77.155951,-9.426684],[-77.156498,-9.427093],[-77.156899,-9.427639],[-77.15775,-9.427973],[-77.158208,-9.427957],[-77.158436,-9.427969],[-77.158624,-9.428096],[-77.158938,-9.428425],[-77.15937,-9.428948],[-77.159588,-9.428995],[-77.160034,-9.428897],[-77.160719,-9.428826],[-77.160927,-9.428741],[-77.161106,-9.428599],[-77.161305,-9.4285],[-77.161488,-9.428612],[-77.16154,-9.428827],[-77.161381,-9.428971],[-77.16116,-9.429035],[-77.160954,-9.429127],[-77.160821,-9.42931],[-77.160777,-9.429529],[-77.160761,-9.429981],[-77.160665,-9.430177],[-77.160368,-9.430516],[-77.160362,-9.430738],[-77.160532,-9.431856],[-77.160584,-9.432075],[-77.160879,-9.432688],[-77.160957,-9.4329],[-77.16098,-9.433124],[-77.160854,-9.434019],[-77.160801,-9.434921],[-77.160703,-9.435122],[-77.160267,-9.435647],[-77.160187,-9.435858],[-77.160155,-9.436081],[-77.160089,-9.436297],[-77.159493,-9.437766],[-77.159383,-9.438205],[-77.159353,-9.438654],[-77.15939,-9.439104],[-77.159505,-9.439295],[-77.16012,-9.439596],[-77.16024,-9.439777],[-77.160179,-9.439988],[-77.159976,-9.440083],[-77.158841,-9.44025],[-77.158624,-9.440321],[-77.158428,-9.440437],[-77.158079,-9.440731],[-77.157935,-9.440903],[-77.157881,-9.44112],[-77.157915,-9.441798],[-77.157873,-9.442247],[-77.157881,-9.442469],[-77.158113,-9.443108],[-77.158351,-9.44398],[-77.15836,-9.444206],[-77.15828,-9.444879],[-77.15829,-9.445105],[-77.15833,-9.445327],[-77.158406,-9.44554],[-77.158752,-9.446124],[-77.158732,-9.446347],[-77.158519,-9.446991],[-77.158412,-9.447189],[-77.158142,-9.447556],[-77.158056,-9.447762],[-77.158034,-9.448439],[-77.15794,-9.448881],[-77.15792,-9.449106],[-77.15792,-9.449784],[-77.157968,-9.450002],[-77.158574,-9.45068],[-77.158694,-9.450871],[-77.158718,-9.451093],[-77.158654,-9.451308],[-77.158494,-9.451468],[-77.157903,-9.451814],[-77.157499,-9.452361],[-77.157144,-9.452646],[-77.156985,-9.452808],[-77.15662,-9.453384],[-77.156585,-9.453602],[-77.156619,-9.453825],[-77.156833,-9.454704],[-77.156959,-9.454889],[-77.157905,-9.45553],[-77.158042,-9.455705],[-77.158062,-9.455927],[-77.157959,-9.456124],[-77.157348,-9.4568],[-77.15723,-9.456991],[-77.15717,-9.457438],[-77.157007,-9.457578],[-77.156556,-9.457507],[-77.156342,-9.45756],[-77.156178,-9.457976],[-77.155758,-9.458513],[-77.155685,-9.458724],[-77.155705,-9.459175],[-77.155688,-9.459398],[-77.155533,-9.459823],[-77.154819,-9.460708],[-77.154579,-9.461093],[-77.154401,-9.461224],[-77.153975,-9.46139],[-77.153694,-9.461746],[-77.153523,-9.461888],[-77.153088,-9.462031],[-77.152579,-9.462484],[-77.152368,-9.462567],[-77.152141,-9.462604],[-77.151931,-9.462684],[-77.15138,-9.463091],[-77.15078,-9.463421],[-77.150409,-9.463687],[-77.150202,-9.463781],[-77.149559,-9.464022],[-77.148432,-9.46423],[-77.148215,-9.464299],[-77.147809,-9.464509],[-77.147584,-9.464527],[-77.147218,-9.464261],[-77.147,-9.46424],[-77.146371,-9.464896],[-77.145458,-9.465582],[-77.144109,-9.466803],[-77.143582,-9.467544],[-77.143398,-9.467956],[-77.143165,-9.468595],[-77.143054,-9.468791],[-77.142652,-9.469341],[-77.142191,-9.470123],[-77.141859,-9.470431],[-77.141727,-9.470615],[-77.141517,-9.471016],[-77.141474,-9.471237],[-77.141328,-9.472586],[-77.141194,-9.473251],[-77.141207,-9.473702],[-77.141279,-9.474148],[-77.141289,-9.474374],[-77.141267,-9.475052],[-77.141285,-9.475504],[-77.141515,-9.47661],[-77.141995,-9.47812],[-77.142035,-9.478341],[-77.142028,-9.478567],[-77.141909,-9.479234],[-77.141907,-9.47946],[-77.14194,-9.480363],[-77.142032,-9.481036],[-77.142117,-9.481241],[-77.142235,-9.481435],[-77.142385,-9.481595],[-77.142781,-9.481822],[-77.143076,-9.482164],[-77.143433,-9.482445],[-77.143587,-9.482611],[-77.143831,-9.482994],[-77.14393,-9.483193],[-77.143892,-9.483403],[-77.143619,-9.483766],[-77.143584,-9.483975],[-77.143729,-9.484404],[-77.144307,-9.48538],[-77.144572,-9.485747],[-77.144784,-9.486147],[-77.14482,-9.486366],[-77.144682,-9.486795],[-77.144677,-9.487017],[-77.144768,-9.48746],[-77.145113,-9.488046],[-77.145258,-9.488218],[-77.145596,-9.488524],[-77.145695,-9.488721],[-77.145755,-9.488939],[-77.145869,-9.489135],[-77.146073,-9.489227],[-77.146302,-9.489219],[-77.146517,-9.489283],[-77.14669,-9.48943],[-77.146817,-9.489606],[-77.146757,-9.490051],[-77.146803,-9.490269],[-77.146963,-9.490426],[-77.147099,-9.490607],[-77.14718,-9.490819],[-77.147304,-9.491002],[-77.147672,-9.491268],[-77.147699,-9.49148],[-77.147449,-9.492349],[-77.147449,-9.492571],[-77.147797,-9.493153],[-77.147997,-9.49356],[-77.148271,-9.49392],[-77.14836,-9.494125],[-77.148393,-9.494349],[-77.148677,-9.495209],[-77.148715,-9.495429],[-77.148719,-9.495655],[-77.14857,-9.496083],[-77.148562,-9.496305],[-77.148639,-9.496517],[-77.14911,-9.497548],[-77.149246,-9.497727],[-77.149417,-9.497878],[-77.14952,-9.498074],[-77.149655,-9.498738],[-77.149772,-9.499176],[-77.15027,-9.499931],[-77.150283,-9.500154],[-77.150083,-9.50056],[-77.150068,-9.500775],[-77.150154,-9.500984],[-77.150132,-9.501208],[-77.149991,-9.501381],[-77.149558,-9.501515],[-77.149385,-9.501656],[-77.149289,-9.501858],[-77.14919,-9.502529],[-77.149173,-9.50298],[-77.149229,-9.503656],[-77.149291,-9.504104],[-77.149714,-9.50563],[-77.149785,-9.505845],[-77.150302,-9.506854],[-77.150551,-9.507486],[-77.150575,-9.507936],[-77.15051,-9.508383],[-77.150766,-9.50901],[-77.150861,-9.509452],[-77.15153,-9.51089],[-77.151976,-9.511406],[-77.152094,-9.511599],[-77.152813,-9.513263],[-77.152936,-9.513454],[-77.153106,-9.513605],[-77.153378,-9.513968],[-77.153498,-9.514161],[-77.15369,-9.514571],[-77.153825,-9.515003],[-77.153912,-9.515446],[-77.153934,-9.516123],[-77.154093,-9.517242],[-77.15415,-9.517461],[-77.154231,-9.517669],[-77.154349,-9.517861],[-77.154917,-9.519097],[-77.155018,-9.5193],[-77.155156,-9.519466],[-77.155362,-9.519567],[-77.155578,-9.519516],[-77.155608,-9.5193],[-77.155539,-9.519087],[-77.155341,-9.518679],[-77.15509,-9.518047],[-77.154838,-9.517673],[-77.15475,-9.517472],[-77.154821,-9.517281],[-77.15503,-9.51729],[-77.155165,-9.517463],[-77.156733,-9.521472],[-77.156572,-9.521607],[-77.156436,-9.521763],[-77.156415,-9.522667],[-77.156274,-9.522762],[-77.155817,-9.522731],[-77.155778,-9.522922],[-77.155819,-9.523373],[-77.155819,-9.523823],[-77.155859,-9.524274],[-77.15581,-9.524948],[-77.155887,-9.525158],[-77.15603,-9.525326],[-77.156214,-9.52546],[-77.156376,-9.52562],[-77.156948,-9.525995],[-77.157234,-9.526349],[-77.15755,-9.526767],[-77.158028,-9.527795],[-77.158336,-9.528402],[-77.158492,-9.528566],[-77.159003,-9.529019],[-77.159127,-9.529205],[-77.159299,-9.530093],[-77.159389,-9.530299],[-77.159717,-9.530615],[-77.159805,-9.530822],[-77.160077,-9.531686],[-77.160354,-9.532306],[-77.16043,-9.532519],[-77.160476,-9.532741],[-77.160574,-9.532942],[-77.161172,-9.533907],[-77.161454,-9.534262],[-77.161555,-9.534464],[-77.161703,-9.534892],[-77.161832,-9.535556],[-77.161981,-9.535727],[-77.162159,-9.53587],[-77.162314,-9.536035],[-77.162415,-9.536235],[-77.162569,-9.536661],[-77.162676,-9.536858],[-77.162943,-9.537226],[-77.163226,-9.537582],[-77.16374,-9.538033],[-77.163892,-9.5382],[-77.164532,-9.539139],[-77.164638,-9.539339],[-77.164714,-9.539551],[-77.164763,-9.539771],[-77.164824,-9.540673],[-77.164891,-9.540886],[-77.165423,-9.541623],[-77.165523,-9.54182],[-77.165779,-9.542686],[-77.165923,-9.543348],[-77.166028,-9.544014],[-77.166517,-9.544487],[-77.16665,-9.544669],[-77.166715,-9.544884],[-77.166854,-9.545549],[-77.166875,-9.545999],[-77.167299,-9.54799],[-77.16755,-9.549324],[-77.16762,-9.549535],[-77.167985,-9.550109],[-77.168358,-9.550936],[-77.168431,-9.551148],[-77.168469,-9.551824],[-77.168543,-9.552027],[-77.169098,-9.552747],[-77.169215,-9.552933],[-77.169333,-9.553829],[-77.169446,-9.554266],[-77.169553,-9.554464],[-77.169689,-9.554646],[-77.170173,-9.555123],[-77.170357,-9.555259],[-77.170517,-9.55542],[-77.170637,-9.555613],[-77.170713,-9.555826],[-77.170752,-9.556048],[-77.170787,-9.556725],[-77.170907,-9.556906],[-77.171526,-9.557573],[-77.171698,-9.557723],[-77.171903,-9.557817],[-77.172129,-9.557857],[-77.172949,-9.55826],[-77.17385,-9.558426],[-77.174053,-9.558529],[-77.174229,-9.558673],[-77.174359,-9.558857],[-77.174699,-9.559446],[-77.174708,-9.559668],[-77.174557,-9.560095],[-77.174434,-9.56076],[-77.174338,-9.560964],[-77.174196,-9.561141],[-77.174023,-9.561289],[-77.173875,-9.561453],[-77.173859,-9.561675],[-77.173939,-9.561887],[-77.174393,-9.562673],[-77.174893,-9.563431],[-77.175265,-9.563695],[-77.175433,-9.563846],[-77.175532,-9.564046],[-77.175594,-9.564264],[-77.175726,-9.564929],[-77.175802,-9.565141],[-77.176191,-9.5657],[-77.176749,-9.566419],[-77.176972,-9.566813],[-77.177128,-9.568379],[-77.176631,-9.569398],[-77.176552,-9.569609],[-77.17651,-9.569829],[-77.176623,-9.57001],[-77.176906,-9.570365],[-77.177085,-9.57078],[-77.17714,-9.570999],[-77.177104,-9.571213],[-77.176843,-9.571578],[-77.176802,-9.571797],[-77.176799,-9.572702],[-77.176843,-9.573604],[-77.176811,-9.575187],[-77.176819,-9.575412],[-77.17696,-9.576305],[-77.177202,-9.579235],[-77.177086,-9.579374],[-77.176634,-9.579452],[-77.176469,-9.579599],[-77.176459,-9.57982],[-77.1766,-9.582983],[-77.176757,-9.585232],[-77.176621,-9.58533],[-77.176603,-9.585552],[-77.176416,-9.58566],[-77.175977,-9.58568],[-77.175967,-9.585454],[-77.175986,-9.585697],[-77.175758,-9.585713],[-77.175669,-9.58553],[-77.175653,-9.585304],[-77.175683,-9.585094],[-77.176142,-9.585102],[-77.176364,-9.585148],[-77.176762,-9.585282],[-77.176839,-9.586637],[-77.176949,-9.587762],[-77.176978,-9.588437],[-77.176534,-9.588488],[-77.175388,-9.588517],[-77.175215,-9.58866],[-77.175185,-9.588878],[-77.175246,-9.58978],[-77.175255,-9.59091],[-77.175352,-9.591351],[-77.175645,-9.592208],[-77.17563,-9.59243],[-77.175568,-9.592646],[-77.175468,-9.592849],[-77.174946,-9.593593],[-77.174654,-9.59394],[-77.174617,-9.594155],[-77.174736,-9.594342],[-77.175169,-9.594868],[-77.175368,-9.595272],[-77.176945,-9.596584],[-77.177207,-9.596954],[-77.177396,-9.597366],[-77.177454,-9.597583],[-77.177484,-9.597806],[-77.177432,-9.598709],[-77.177507,-9.598918],[-77.177681,-9.599064],[-77.17806,-9.599319],[-77.178193,-9.599502],[-77.17857,-9.601039],[-77.178838,-9.601663],[-77.178906,-9.601879],[-77.179043,-9.602999],[-77.179035,-9.603224],[-77.17891,-9.603891],[-77.178905,-9.604569],[-77.17896,-9.605245],[-77.17901,-9.605466],[-77.179162,-9.605891],[-77.179256,-9.606097],[-77.179605,-9.606682],[-77.179693,-9.606887],[-77.179741,-9.607336],[-77.179849,-9.607774],[-77.180032,-9.608189],[-77.180282,-9.608567],[-77.180426,-9.608743],[-77.180613,-9.608868],[-77.181061,-9.608966],[-77.181274,-9.609048],[-77.181658,-9.609292],[-77.181763,-9.609485],[-77.181789,-9.609709],[-77.181855,-9.609924],[-77.181984,-9.610111],[-77.182338,-9.610395],[-77.182494,-9.61056],[-77.182619,-9.610748],[-77.183117,-9.611767],[-77.183727,-9.613231],[-77.183957,-9.613621],[-77.184414,-9.614899],[-77.184674,-9.61527],[-77.18478,-9.61547],[-77.185326,-9.616958],[-77.185515,-9.61761],[-77.18608,-9.619091],[-77.186722,-9.620292],[-77.187454,-9.620837],[-77.187617,-9.620994],[-77.188011,-9.621549],[-77.188833,-9.623415],[-77.189138,-9.624022],[-77.189478,-9.624325],[-77.189669,-9.624444],[-77.190521,-9.624783],[-77.190702,-9.624908],[-77.191295,-9.625598],[-77.191479,-9.625731],[-77.192465,-9.62631],[-77.192638,-9.626452],[-77.193193,-9.627441],[-77.193338,-9.627613],[-77.193544,-9.627696],[-77.19399,-9.627649],[-77.194213,-9.62769],[-77.194865,-9.627911],[-77.195665,-9.628353],[-77.195832,-9.628502],[-77.196276,-9.629021],[-77.19641,-9.629202],[-77.19662,-9.629605],[-77.196744,-9.62979],[-77.19692,-9.629936],[-77.197364,-9.630044],[-77.198282,-9.630069],[-77.20003,-9.630621],[-77.200458,-9.63078],[-77.201013,-9.631182],[-77.201186,-9.63133],[-77.201685,-9.631797],[-77.201821,-9.631977],[-77.202054,-9.632363],[-77.202833,-9.632838],[-77.203331,-9.633308],[-77.203458,-9.633493],[-77.203556,-9.633933],[-77.203547,-9.634158],[-77.203498,-9.634377],[-77.203272,-9.635018],[-77.203242,-9.63569],[-77.203113,-9.636124],[-77.203169,-9.636325],[-77.203379,-9.636291],[-77.203493,-9.636104],[-77.203858,-9.635274],[-77.204063,-9.635235],[-77.204119,-9.635442],[-77.204133,-9.635667],[-77.204234,-9.636108],[-77.204252,-9.636329],[-77.204197,-9.636547],[-77.204039,-9.63671],[-77.203688,-9.637002],[-77.203108,-9.637703],[-77.20299,-9.637896],[-77.202905,-9.638105],[-77.2028,-9.638774],[-77.2028,-9.639],[-77.202829,-9.639223],[-77.203118,-9.640081],[-77.203207,-9.640288],[-77.203573,-9.640863],[-77.203642,-9.641077],[-77.203633,-9.641301],[-77.203546,-9.641508],[-77.203404,-9.641686],[-77.203066,-9.641992],[-77.202924,-9.642166],[-77.202861,-9.642379],[-77.202889,-9.642602],[-77.202998,-9.642799],[-77.203331,-9.643108],[-77.203453,-9.643294],[-77.203499,-9.643514],[-77.203475,-9.644192],[-77.203445,-9.644415],[-77.203354,-9.64462],[-77.202804,-9.645344],[-77.202618,-9.645473],[-77.202212,-9.645683],[-77.202034,-9.645824],[-77.201705,-9.646138],[-77.201382,-9.646736],[-77.20123,-9.646904],[-77.200883,-9.6472],[-77.200731,-9.647369],[-77.200335,-9.647924],[-77.200148,-9.64805],[-77.199485,-9.648232],[-77.199275,-9.648322],[-77.199083,-9.648444],[-77.198915,-9.648598],[-77.198769,-9.648773],[-77.198418,-9.649356],[-77.198245,-9.649502],[-77.198037,-9.649591],[-77.196899,-9.649739],[-77.195133,-9.650233],[-77.194921,-9.650316],[-77.194771,-9.650481],[-77.19471,-9.650697],[-77.194743,-9.65092],[-77.194872,-9.651101],[-77.195071,-9.651212],[-77.195963,-9.651423],[-77.196189,-9.651403],[-77.196624,-9.65126],[-77.197301,-9.651138],[-77.197498,-9.651027],[-77.198036,-9.650605],[-77.198457,-9.650424],[-77.198627,-9.650278],[-77.198731,-9.650077],[-77.198887,-9.649652],[-77.198996,-9.649455],[-77.19918,-9.649323],[-77.199387,-9.649254],[-77.199497,-9.649424],[-77.199331,-9.649571],[-77.199134,-9.649688],[-77.199026,-9.649883],[-77.19886,-9.650771],[-77.198619,-9.651155],[-77.198651,-9.651357],[-77.19881,-9.651269],[-77.198935,-9.651079],[-77.199176,-9.650446],[-77.199343,-9.6503],[-77.19978,-9.650161],[-77.19999,-9.650071],[-77.200133,-9.649897],[-77.200247,-9.649702],[-77.200409,-9.649543],[-77.201221,-9.649125],[-77.201569,-9.648831],[-77.202016,-9.648314],[-77.202185,-9.648163],[-77.202383,-9.64805],[-77.202594,-9.647962],[-77.203265,-9.647816],[-77.203483,-9.647745],[-77.203673,-9.647626],[-77.203809,-9.647446],[-77.204066,-9.646817],[-77.204173,-9.646621],[-77.204701,-9.646187],[-77.204894,-9.646238],[-77.204836,-9.646439],[-77.204449,-9.646669],[-77.204115,-9.647509],[-77.204,-9.647704],[-77.203729,-9.648068],[-77.203555,-9.648216],[-77.202716,-9.64858],[-77.202536,-9.648717],[-77.201781,-9.649569],[-77.201665,-9.649763],[-77.201386,-9.650623],[-77.201259,-9.65081],[-77.201084,-9.650956],[-77.199728,-9.651806],[-77.199621,-9.651989],[-77.199788,-9.652091],[-77.199975,-9.651965],[-77.200498,-9.651526],[-77.200699,-9.651416],[-77.201126,-9.651254],[-77.20164,-9.650804],[-77.201783,-9.65063],[-77.202089,-9.64978],[-77.202242,-9.649615],[-77.202811,-9.649233],[-77.20302,-9.649142],[-77.20346,-9.649015],[-77.203654,-9.648898],[-77.204154,-9.648431],[-77.204348,-9.64835],[-77.204441,-9.648525],[-77.204286,-9.648689],[-77.203749,-9.649112],[-77.203092,-9.649312],[-77.202383,-9.649878],[-77.202307,-9.650088],[-77.202222,-9.65076],[-77.202088,-9.650939],[-77.201568,-9.651383],[-77.200953,-9.652055],[-77.20053,-9.65259],[-77.200015,-9.653039],[-77.199392,-9.653325],[-77.198991,-9.653544],[-77.198779,-9.653632],[-77.198558,-9.653692],[-77.196753,-9.654028],[-77.196525,-9.65404],[-77.196305,-9.653984],[-77.195718,-9.653632],[-77.195494,-9.65364],[-77.195064,-9.653799],[-77.194247,-9.65421],[-77.194113,-9.654383],[-77.19407,-9.654605],[-77.193977,-9.654807],[-77.193728,-9.655187],[-77.193686,-9.655406],[-77.193649,-9.655856],[-77.193482,-9.65651],[-77.193588,-9.656696],[-77.193919,-9.65701],[-77.19414,-9.657405],[-77.194443,-9.657745],[-77.195006,-9.658134],[-77.195111,-9.658329],[-77.195372,-9.658956],[-77.195988,-9.659624],[-77.19612,-9.659806],[-77.196338,-9.66045],[-77.196973,-9.661652],[-77.197039,-9.661867],[-77.197061,-9.662092],[-77.197325,-9.662711],[-77.197195,-9.663604],[-77.197258,-9.66405],[-77.197406,-9.664478],[-77.197848,-9.66527],[-77.19851,-9.666957],[-77.1986,-9.667401],[-77.198666,-9.667616],[-77.198935,-9.66824],[-77.199429,-9.669002],[-77.199534,-9.669203],[-77.199688,-9.669347],[-77.199795,-9.669216],[-77.19971,-9.669008],[-77.199432,-9.66865],[-77.199002,-9.667852],[-77.19891,-9.667409],[-77.198886,-9.666958],[-77.198747,-9.665836],[-77.19867,-9.665628],[-77.198553,-9.665433],[-77.198476,-9.665221],[-77.198503,-9.665009],[-77.198705,-9.665051],[-77.198805,-9.665242],[-77.199277,-9.66699],[-77.199793,-9.668247],[-77.200478,-9.669152],[-77.200669,-9.669171],[-77.200619,-9.668971],[-77.200454,-9.668814],[-77.200323,-9.668629],[-77.200198,-9.66844],[-77.200106,-9.668235],[-77.19975,-9.66716],[-77.199554,-9.666046],[-77.199492,-9.665829],[-77.199181,-9.664978],[-77.198982,-9.664329],[-77.198996,-9.664105],[-77.199043,-9.663883],[-77.199024,-9.663442],[-77.199209,-9.663477],[-77.199225,-9.663696],[-77.199162,-9.664144],[-77.199185,-9.664366],[-77.199821,-9.665568],[-77.200211,-9.66663],[-77.200777,-9.667867],[-77.200917,-9.668041],[-77.201905,-9.668986],[-77.20211,-9.66939],[-77.202286,-9.669519],[-77.202906,-9.669814],[-77.203126,-9.669863],[-77.20427,-9.669966],[-77.204485,-9.670034],[-77.204894,-9.670238],[-77.205255,-9.670516],[-77.206052,-9.670965],[-77.206258,-9.671061],[-77.206705,-9.671166],[-77.207573,-9.67146],[-77.207793,-9.671524],[-77.208469,-9.671653],[-77.209833,-9.671844],[-77.210284,-9.671929],[-77.211615,-9.672271],[-77.212848,-9.672876],[-77.212962,-9.67307],[-77.213028,-9.673287],[-77.213136,-9.673484],[-77.213326,-9.673602],[-77.213535,-9.673697],[-77.213758,-9.67373],[-77.215135,-9.673779],[-77.215363,-9.673806],[-77.216715,-9.674064],[-77.216934,-9.67413],[-77.217143,-9.674224],[-77.217344,-9.674332],[-77.217519,-9.674478],[-77.219004,-9.675893],[-77.219354,-9.676185],[-77.219544,-9.676313],[-77.219948,-9.676527],[-77.220115,-9.676675],[-77.220082,-9.676881],[-77.219876,-9.676964],[-77.219649,-9.677],[-77.219431,-9.677068],[-77.219226,-9.67717],[-77.219037,-9.677296],[-77.219004,-9.677504],[-77.219168,-9.677626],[-77.219815,-9.6774],[-77.220944,-9.677203],[-77.221152,-9.677243],[-77.221142,-9.67744],[-77.220932,-9.677511],[-77.220706,-9.677545],[-77.220058,-9.677777],[-77.21986,-9.67788],[-77.219873,-9.678081],[-77.220075,-9.67809],[-77.220913,-9.677722],[-77.221139,-9.677697],[-77.221365,-9.677732],[-77.221798,-9.677882],[-77.222025,-9.677892],[-77.222711,-9.677824],[-77.22294,-9.677834],[-77.223163,-9.67788],[-77.223379,-9.677957],[-77.223574,-9.678071],[-77.223741,-9.678226],[-77.224363,-9.678891],[-77.224535,-9.67904],[-77.225295,-9.679546],[-77.225906,-9.680221],[-77.226181,-9.680842],[-77.22631,-9.681026],[-77.22731,-9.681958],[-77.227487,-9.6821],[-77.227698,-9.682184],[-77.227925,-9.682169],[-77.228128,-9.68207],[-77.228598,-9.681576],[-77.228724,-9.681389],[-77.22878,-9.681171],[-77.228732,-9.680721],[-77.22885,-9.680579],[-77.228984,-9.680739],[-77.229185,-9.682081],[-77.229407,-9.682958],[-77.229392,-9.683179],[-77.229236,-9.683329],[-77.229015,-9.683331],[-77.228657,-9.683052],[-77.228458,-9.682952],[-77.228277,-9.683062],[-77.228282,-9.68328],[-77.230545,-9.686683],[-77.231141,-9.687371],[-77.231831,-9.688275],[-77.232003,-9.688421],[-77.232215,-9.688505],[-77.232663,-9.688607],[-77.233301,-9.68886],[-77.233975,-9.688997],[-77.23441,-9.689141],[-77.234619,-9.689235],[-77.235393,-9.68972],[-77.235609,-9.689795],[-77.237192,-9.69006],[-77.237421,-9.690053],[-77.237647,-9.690012],[-77.238539,-9.689799],[-77.238763,-9.689792],[-77.238872,-9.689963],[-77.238744,-9.690121],[-77.238057,-9.69016],[-77.23692,-9.690315],[-77.236696,-9.690366],[-77.235845,-9.690703],[-77.235622,-9.690747],[-77.235396,-9.690723],[-77.235179,-9.690649],[-77.233756,-9.689915],[-77.233084,-9.689771],[-77.231975,-9.689479],[-77.231517,-9.689477],[-77.231318,-9.689382],[-77.230922,-9.688827],[-77.23042,-9.688364],[-77.229641,-9.687536],[-77.229442,-9.687553],[-77.229444,-9.687751],[-77.229611,-9.687904],[-77.230153,-9.688323],[-77.230306,-9.688491],[-77.230429,-9.688681],[-77.230971,-9.689677],[-77.231118,-9.689848],[-77.231315,-9.689956],[-77.232232,-9.689978],[-77.233089,-9.6903],[-77.233292,-9.690405],[-77.234042,-9.690927],[-77.234866,-9.691324],[-77.235648,-9.691798],[-77.235853,-9.691899],[-77.236072,-9.691961],[-77.236299,-9.691966],[-77.237418,-9.691715],[-77.237874,-9.691663],[-77.23902,-9.691589],[-77.239477,-9.691607],[-77.240606,-9.691814],[-77.240833,-9.691839],[-77.241062,-9.691844],[-77.24129,-9.691819],[-77.241739,-9.691725],[-77.24434,-9.690831],[-77.244545,-9.690736],[-77.244699,-9.690571],[-77.244786,-9.690366],[-77.2448,-9.690143],[-77.244751,-9.689925],[-77.244402,-9.689088],[-77.244356,-9.688869],[-77.244424,-9.688197],[-77.244363,-9.687983],[-77.244209,-9.687818],[-77.244005,-9.687721],[-77.24355,-9.687681],[-77.243333,-9.687612],[-77.243156,-9.68747],[-77.242394,-9.686625],[-77.242204,-9.686499],[-77.241993,-9.686412],[-77.241563,-9.686253],[-77.24134,-9.686209],[-77.240881,-9.6862],[-77.24044,-9.686073],[-77.240212,-9.686048],[-77.239294,-9.686032],[-77.23908,-9.685986],[-77.23917,-9.685851],[-77.240317,-9.685895],[-77.24077,-9.685966],[-77.241455,-9.68591],[-77.2426,-9.685989],[-77.243058,-9.685978],[-77.24327,-9.686053],[-77.243861,-9.686403],[-77.244071,-9.686488],[-77.244735,-9.68666],[-77.244959,-9.686631],[-77.245329,-9.686367],[-77.245533,-9.686269],[-77.245755,-9.686298],[-77.246467,-9.686869],[-77.246622,-9.687035],[-77.246694,-9.687245],[-77.246655,-9.687463],[-77.246541,-9.687656],[-77.246329,-9.687736],[-77.245875,-9.687718],[-77.245715,-9.687856],[-77.245747,-9.688071],[-77.245896,-9.688239],[-77.246274,-9.688493],[-77.246711,-9.688627],[-77.247166,-9.688686],[-77.247624,-9.688697],[-77.247852,-9.688665],[-77.248073,-9.688606],[-77.248284,-9.688518],[-77.248478,-9.688399],[-77.249207,-9.687852],[-77.249284,-9.687648],[-77.249249,-9.687427],[-77.249147,-9.687234],[-77.248831,-9.686921],[-77.248953,-9.686775],[-77.249132,-9.686898],[-77.249588,-9.687406],[-77.249688,-9.687606],[-77.249707,-9.687831],[-77.249672,-9.688046],[-77.249321,-9.688629],[-77.24924,-9.688836],[-77.249227,-9.689058],[-77.249263,-9.689282],[-77.249244,-9.689506],[-77.249189,-9.689725],[-77.249094,-9.689926],[-77.248946,-9.690099],[-77.248505,-9.69021],[-77.248088,-9.6904],[-77.247864,-9.690447],[-77.247636,-9.690451],[-77.247454,-9.690545],[-77.247456,-9.69072],[-77.247668,-9.690694],[-77.248312,-9.690452],[-77.248977,-9.690274],[-77.249181,-9.690179],[-77.249338,-9.69002],[-77.249557,-9.689628],[-77.249703,-9.688735],[-77.249818,-9.688539],[-77.25002,-9.688433],[-77.250242,-9.688445],[-77.251148,-9.688593],[-77.254524,-9.689259],[-77.254752,-9.689251],[-77.254969,-9.689182],[-77.25614,-9.688467],[-77.256348,-9.688383],[-77.25657,-9.688413],[-77.256718,-9.688576],[-77.257214,-9.689337],[-77.257356,-9.689511],[-77.257715,-9.689776],[-77.257806,-9.689984],[-77.257932,-9.690171],[-77.258086,-9.690338],[-77.260318,-9.692288],[-77.260532,-9.692371],[-77.260731,-9.692478],[-77.260705,-9.692642],[-77.260487,-9.692588],[-77.260292,-9.69247],[-77.260112,-9.692331],[-77.259264,-9.691569],[-77.259082,-9.691431],[-77.258293,-9.69097],[-77.257612,-9.690366],[-77.25679,-9.689966],[-77.25663,-9.690089],[-77.256741,-9.690264],[-77.257191,-9.690344],[-77.257402,-9.690433],[-77.257598,-9.690548],[-77.258216,-9.691216],[-77.258955,-9.691749],[-77.259571,-9.69242],[-77.260237,-9.693043],[-77.260423,-9.693169],[-77.261061,-9.693422],[-77.262889,-9.694371],[-77.263097,-9.694463],[-77.263321,-9.694512],[-77.26355,-9.69452],[-77.264237,-9.694478],[-77.264451,-9.694524],[-77.264402,-9.694725],[-77.26419,-9.694799],[-77.263743,-9.694903],[-77.263516,-9.694903],[-77.263293,-9.694855],[-77.26264,-9.69464],[-77.261795,-9.694285],[-77.260088,-9.693619],[-77.259418,-9.693463],[-77.259207,-9.693377],[-77.258881,-9.693062],[-77.258674,-9.693033],[-77.25859,-9.693221],[-77.258733,-9.693376],[-77.259581,-9.693724],[-77.260024,-9.693837],[-77.260234,-9.69392],[-77.260636,-9.694139],[-77.261051,-9.694332],[-77.261616,-9.69472],[-77.262042,-9.694886],[-77.264501,-9.69611],[-77.264718,-9.696181],[-77.264942,-9.69623],[-77.267002,-9.696385],[-77.267684,-9.696483],[-77.268586,-9.696651],[-77.269271,-9.696707],[-77.269711,-9.696833],[-77.269939,-9.696829],[-77.270381,-9.696711],[-77.270507,-9.696881],[-77.270369,-9.697036],[-77.269225,-9.69695],[-77.268078,-9.69697],[-77.267162,-9.69704],[-77.265799,-9.697234],[-77.265598,-9.697337],[-77.265504,-9.697534],[-77.26563,-9.697703],[-77.266051,-9.697883],[-77.266929,-9.698138],[-77.267758,-9.698526],[-77.267974,-9.698602],[-77.268645,-9.698755],[-77.26886,-9.698831],[-77.269458,-9.699167],[-77.26967,-9.69924],[-77.270113,-9.69913],[-77.270343,-9.699137],[-77.271019,-9.699262],[-77.271478,-9.69928],[-77.272619,-9.699397],[-77.272847,-9.699382],[-77.273753,-9.699236],[-77.273982,-9.699218],[-77.27467,-9.699224],[-77.275348,-9.699345],[-77.275804,-9.699385],[-77.276032,-9.699371],[-77.276485,-9.699303],[-77.276934,-9.69939],[-77.277163,-9.69939],[-77.27739,-9.699365],[-77.277596,-9.699266],[-77.277805,-9.699237],[-77.277816,-9.69943],[-77.277601,-9.69949],[-77.276691,-9.699607],[-77.276305,-9.699843],[-77.275391,-9.699927],[-77.275168,-9.699977],[-77.274992,-9.700117],[-77.274914,-9.700324],[-77.274904,-9.700549],[-77.274923,-9.700772],[-77.275049,-9.700959],[-77.275215,-9.701114],[-77.275425,-9.701192],[-77.276791,-9.701357],[-77.277456,-9.70153],[-77.278144,-9.701556],[-77.278366,-9.701609],[-77.279014,-9.70184],[-77.279455,-9.701965],[-77.279908,-9.702039],[-77.281275,-9.702206],[-77.281949,-9.702343],[-77.282838,-9.702569],[-77.283057,-9.702635],[-77.283265,-9.702731],[-77.284445,-9.70343],[-77.285859,-9.704183],[-77.286923,-9.704605],[-77.287587,-9.704783],[-77.288503,-9.704831],[-77.288728,-9.704874],[-77.289367,-9.705126],[-77.290682,-9.70553],[-77.292409,-9.706144],[-77.295172,-9.707256],[-77.295797,-9.707541],[-77.297948,-9.708843],[-77.298161,-9.708925],[-77.298619,-9.70895],[-77.298827,-9.709042],[-77.300015,-9.709728],[-77.300743,-9.710277],[-77.300947,-9.710381],[-77.301618,-9.710532],[-77.30183,-9.710615],[-77.302027,-9.710729],[-77.30259,-9.711118],[-77.302808,-9.711181],[-77.303266,-9.711201],[-77.304127,-9.711511],[-77.304518,-9.711747],[-77.305601,-9.712584],[-77.306459,-9.712906],[-77.30708,-9.713196],[-77.307282,-9.713304],[-77.307854,-9.713682],[-77.308265,-9.713883],[-77.308452,-9.714012],[-77.30858,-9.714196],[-77.308963,-9.715017],[-77.309347,-9.715579],[-77.309686,-9.715881],[-77.310665,-9.71647],[-77.310889,-9.716514],[-77.311576,-9.716481],[-77.312662,-9.716118],[-77.312888,-9.716115],[-77.313776,-9.716346],[-77.313989,-9.716427],[-77.314183,-9.716546],[-77.314721,-9.716969],[-77.314889,-9.717123],[-77.315333,-9.71764],[-77.315375,-9.717857],[-77.315306,-9.718531],[-77.315421,-9.718714],[-77.316448,-9.719219],[-77.316598,-9.719374],[-77.31649,-9.71981],[-77.316625,-9.719976],[-77.316812,-9.720106],[-77.317112,-9.720443],[-77.317333,-9.720469],[-77.317785,-9.720412],[-77.317938,-9.720567],[-77.318009,-9.720778],[-77.318002,-9.721004],[-77.318036,-9.721225],[-77.318228,-9.721635],[-77.318425,-9.721733],[-77.318649,-9.721785],[-77.319056,-9.721989],[-77.319271,-9.722043],[-77.319676,-9.721833],[-77.319893,-9.72176],[-77.320121,-9.721743],[-77.320348,-9.721774],[-77.320565,-9.721848],[-77.320767,-9.721954],[-77.321152,-9.722201],[-77.321338,-9.722332],[-77.321851,-9.722785],[-77.322035,-9.722914],[-77.322185,-9.722799],[-77.322079,-9.72261],[-77.320702,-9.721094],[-77.320597,-9.720897],[-77.320719,-9.720743],[-77.320914,-9.720844],[-77.322106,-9.721906],[-77.322399,-9.722254],[-77.322574,-9.722374],[-77.322593,-9.722194],[-77.321873,-9.721314],[-77.321761,-9.721125],[-77.321961,-9.721121],[-77.322752,-9.72194],[-77.322969,-9.722335],[-77.323135,-9.722477],[-77.323348,-9.72256],[-77.323521,-9.722696],[-77.323562,-9.722919],[-77.32363,-9.723133],[-77.323811,-9.723548],[-77.323846,-9.723772],[-77.32395,-9.723969],[-77.324143,-9.72409],[-77.324429,-9.724435],[-77.324879,-9.724468],[-77.325008,-9.724643],[-77.325089,-9.724854],[-77.32524,-9.725022],[-77.326132,-9.725733],[-77.326306,-9.72588],[-77.326454,-9.726053],[-77.326631,-9.726188],[-77.327081,-9.726267],[-77.327435,-9.726551],[-77.327972,-9.727282],[-77.328169,-9.727687],[-77.32853,-9.727957],[-77.328977,-9.728747],[-77.329273,-9.729091],[-77.329402,-9.729277],[-77.329864,-9.730056],[-77.330036,-9.73019],[-77.330723,-9.730226],[-77.330949,-9.730262],[-77.33116,-9.73035],[-77.331367,-9.730447],[-77.331551,-9.730581],[-77.331873,-9.730903],[-77.332004,-9.731087],[-77.332312,-9.731694],[-77.332392,-9.731905],[-77.3325,-9.7328],[-77.33271,-9.732843],[-77.332778,-9.732639],[-77.33273,-9.730831],[-77.332672,-9.730384],[-77.332602,-9.730168],[-77.33241,-9.729758],[-77.332182,-9.729366],[-77.332041,-9.729188],[-77.331595,-9.728672],[-77.331266,-9.728356],[-77.331074,-9.728232],[-77.330866,-9.728138],[-77.330007,-9.727822],[-77.329873,-9.727649],[-77.329954,-9.72745],[-77.330168,-9.727394],[-77.331746,-9.727691],[-77.333259,-9.728223],[-77.333457,-9.728336],[-77.334014,-9.728734],[-77.334794,-9.729562],[-77.334938,-9.729739],[-77.336348,-9.731523],[-77.337872,-9.733506],[-77.338572,-9.73493],[-77.338698,-9.735364],[-77.338864,-9.736253],[-77.338956,-9.736459],[-77.339102,-9.736632],[-77.339705,-9.736949],[-77.339947,-9.737332],[-77.3401,-9.737494],[-77.340531,-9.737647],[-77.340758,-9.737663],[-77.340934,-9.737529],[-77.341074,-9.737349],[-77.34126,-9.73723],[-77.341485,-9.737242],[-77.342493,-9.737781],[-77.343545,-9.738232],[-77.343977,-9.738387],[-77.345096,-9.738636],[-77.345958,-9.738948],[-77.346178,-9.739013],[-77.346405,-9.739047],[-77.346632,-9.73907],[-77.34709,-9.73904],[-77.348224,-9.738866],[-77.348664,-9.73874],[-77.349285,-9.738447],[-77.34951,-9.73841],[-77.349738,-9.738418],[-77.349959,-9.738481],[-77.350167,-9.738574],[-77.350551,-9.73882],[-77.350963,-9.739016],[-77.35277,-9.739338],[-77.352991,-9.739398],[-77.35319,-9.73951],[-77.353691,-9.739975],[-77.353951,-9.740346],[-77.354284,-9.740938],[-77.354454,-9.741086],[-77.355046,-9.741431],[-77.355472,-9.7416],[-77.356819,-9.741884],[-77.357696,-9.742151],[-77.35917,-9.742781],[-77.360142,-9.743379],[-77.360354,-9.743467],[-77.360572,-9.743533],[-77.361031,-9.743537],[-77.361248,-9.743606],[-77.362393,-9.744714],[-77.362855,-9.745217],[-77.364079,-9.746856],[-77.364239,-9.747019],[-77.364608,-9.747285],[-77.365231,-9.747572],[-77.365833,-9.747902],[-77.366914,-9.748741],[-77.367329,-9.748935],[-77.367515,-9.749066],[-77.368003,-9.749541],[-77.368425,-9.749703],[-77.369109,-9.750301],[-77.369325,-9.75037],[-77.370701,-9.750311],[-77.370915,-9.750388],[-77.371056,-9.750564],[-77.371171,-9.750759],[-77.371322,-9.750928],[-77.371504,-9.751061],[-77.371709,-9.75116],[-77.371932,-9.751203],[-77.372152,-9.751144],[-77.372306,-9.750985],[-77.373591,-9.749111],[-77.373703,-9.748914],[-77.373734,-9.748699],[-77.373545,-9.74829],[-77.373514,-9.748072],[-77.373637,-9.747893],[-77.373854,-9.747864],[-77.374081,-9.747897],[-77.375195,-9.748169],[-77.378224,-9.749225],[-77.378442,-9.749298],[-77.378667,-9.749336],[-77.381359,-9.748765],[-77.381811,-9.748686],[-77.382039,-9.748678],[-77.382243,-9.748774],[-77.382365,-9.748963],[-77.382422,-9.749181],[-77.38256,-9.750758],[-77.382588,-9.750982],[-77.382653,-9.751196],[-77.38278,-9.751379],[-77.382957,-9.751522],[-77.383178,-9.751571],[-77.391213,-9.751706],[-77.392131,-9.751735],[-77.392355,-9.751766],[-77.392568,-9.75185],[-77.396979,-9.754707],[-77.397149,-9.754859],[-77.397271,-9.755049],[-77.397348,-9.755262],[-77.39742,-9.755708],[-77.397438,-9.755933],[-77.397427,-9.756158],[-77.397256,-9.757504],[-77.397113,-9.75908],[-77.39735,-9.760873],[-77.397281,-9.761775],[-77.397191,-9.762447],[-77.397015,-9.763103],[-77.396633,-9.764167],[-77.39661,-9.764392],[-77.396682,-9.764601],[-77.396835,-9.764761],[-77.399032,-9.765988],[-77.400809,-9.767025],[-77.402012,-9.767686],[-77.40222,-9.767782],[-77.406944,-9.76954],[-77.408465,-9.77005],[-77.409154,-9.770066],[-77.413958,-9.769663],[-77.417158,-9.769371],[-77.417617,-9.769378],[-77.417842,-9.769409],[-77.418055,-9.769491],[-77.422647,-9.772057],[-77.424833,-9.773303],[-77.42502,-9.773432],[-77.4251,-9.773635],[-77.425003,-9.773831],[-77.424801,-9.773902],[-77.422983,-9.773643],[-77.422755,-9.773627],[-77.422296,-9.773625],[-77.420924,-9.77375],[-77.419795,-9.773952],[-77.417777,-9.774388],[-77.417558,-9.774454],[-77.417362,-9.774568],[-77.417221,-9.774745],[-77.417155,-9.77496],[-77.417131,-9.775411],[-77.417147,-9.775637],[-77.417264,-9.775826],[-77.417728,-9.776327],[-77.418159,-9.776855],[-77.418261,-9.777055],[-77.418422,-9.777479],[-77.418471,-9.777697],[-77.41867,-9.779723],[-77.418722,-9.779941],[-77.418897,-9.780355],[-77.419067,-9.780507],[-77.420755,-9.78122],[-77.421827,-9.781625],[-77.424553,-9.78201],[-77.426152,-9.782171],[-77.42707,-9.782196],[-77.427299,-9.782189],[-77.428668,-9.782034],[-77.429582,-9.781954],[-77.430728,-9.781885],[-77.433018,-9.782045],[-77.433242,-9.782088],[-77.433459,-9.782159],[-77.433659,-9.782266],[-77.433982,-9.782585],[-77.434173,-9.782994],[-77.434194,-9.783215],[-77.434023,-9.787281],[-77.433945,-9.787726],[-77.433746,-9.788375],[-77.433645,-9.788816],[-77.433314,-9.790825],[-77.433069,-9.79216],[-77.433017,-9.792609],[-77.433068,-9.793284],[-77.433159,-9.793727],[-77.433281,-9.794624],[-77.43327,-9.794847],[-77.430983,-9.803372],[-77.430415,-9.805092],[-77.430015,-9.806151],[-77.429554,-9.806933],[-77.429047,-9.807686],[-77.428762,-9.808041],[-77.428336,-9.80818],[-77.427928,-9.808386],[-77.427745,-9.808522],[-77.427581,-9.808679],[-77.427135,-9.809195],[-77.426924,-9.809595],[-77.426702,-9.810237],[-77.426506,-9.810644],[-77.426113,-9.811201],[-77.424184,-9.813733],[-77.42183,-9.817078],[-77.421066,-9.818207],[-77.419719,-9.82031],[-77.419148,-9.821291],[-77.41799,-9.823501],[-77.415924,-9.827285],[-77.415286,-9.828737],[-77.415172,-9.828932],[-77.415041,-9.829118],[-77.41471,-9.829431],[-77.413625,-9.830265],[-77.413469,-9.83043],[-77.413336,-9.830614],[-77.413236,-9.830817],[-77.413163,-9.831031],[-77.412747,-9.832792],[-77.41271,-9.833015],[-77.412673,-9.834145],[-77.41261,-9.83482],[-77.412259,-9.836825],[-77.412135,-9.83726],[-77.41204,-9.837464],[-77.411447,-9.838432],[-77.411158,-9.839525],[-77.41094,-9.840168],[-77.410064,-9.841757],[-77.408893,-9.844213],[-77.406009,-9.848836],[-77.405897,-9.849033],[-77.405528,-9.849861],[-77.405412,-9.850054],[-77.405238,-9.850197],[-77.404664,-9.85057],[-77.404507,-9.850734],[-77.404387,-9.850926],[-77.404138,-9.851557],[-77.403996,-9.851733],[-77.40366,-9.852041],[-77.403551,-9.852238],[-77.403572,-9.852461],[-77.403703,-9.852636],[-77.403915,-9.852714],[-77.404141,-9.852684],[-77.40479,-9.85246],[-77.405387,-9.852122],[-77.405595,-9.852027],[-77.405821,-9.851991],[-77.40605,-9.852003],[-77.406268,-9.852076],[-77.406451,-9.852211],[-77.40659,-9.852391],[-77.407426,-9.854252],[-77.407647,-9.854893],[-77.407693,-9.855114],[-77.407708,-9.85534],[-77.407677,-9.855563],[-77.407551,-9.855997],[-77.404692,-9.861667],[-77.404314,-9.862491],[-77.403224,-9.865226],[-77.403062,-9.865885],[-77.40303,-9.866561],[-77.403076,-9.867011],[-77.404576,-9.871759],[-77.404724,-9.872422],[-77.40475,-9.873099],[-77.404612,-9.877167],[-77.404478,-9.879197],[-77.404437,-9.880553],[-77.404152,-9.885972],[-77.404088,-9.886419],[-77.402696,-9.893292],[-77.402577,-9.893729],[-77.402418,-9.894153],[-77.402189,-9.894544],[-77.401903,-9.894897],[-77.401579,-9.895216],[-77.399786,-9.896628],[-77.399414,-9.896893],[-77.399006,-9.897101],[-77.398788,-9.897168],[-77.398342,-9.897273],[-77.397434,-9.897411],[-77.396987,-9.897514],[-77.395858,-9.897719],[-77.395639,-9.897784],[-77.395426,-9.897866],[-77.395016,-9.89807],[-77.394454,-9.898462],[-77.394283,-9.898613],[-77.393842,-9.899133],[-77.392329,-9.901398],[-77.392232,-9.901602],[-77.392166,-9.901819],[-77.391097,-9.905983],[-77.39108,-9.906208],[-77.391105,-9.906659],[-77.391721,-9.909534],[-77.391865,-9.909964],[-77.392128,-9.910333],[-77.39229,-9.910492],[-77.393543,-9.911482],[-77.39384,-9.911824],[-77.393968,-9.912012],[-77.394069,-9.912215],[-77.394137,-9.912429],[-77.394198,-9.912876],[-77.394164,-9.913327],[-77.394004,-9.913748],[-77.393747,-9.914122],[-77.390934,-9.916785],[-77.390694,-9.91717],[-77.390592,-9.917372],[-77.390515,-9.917585],[-77.390109,-9.919116],[-77.390027,-9.919327],[-77.389919,-9.919526],[-77.389665,-9.919903],[-77.387991,-9.92145],[-77.387668,-9.921771],[-77.387529,-9.921951],[-77.387277,-9.92258],[-77.38725,-9.922804],[-77.387251,-9.92303],[-77.387331,-9.923474],[-77.387406,-9.923687],[-77.387502,-9.923892],[-77.387775,-9.924256],[-77.387932,-9.924419],[-77.388117,-9.924553],[-77.388538,-9.92473],[-77.388979,-9.924859],[-77.392323,-9.925668],[-77.392539,-9.925745],[-77.392741,-9.925851],[-77.392925,-9.925986],[-77.39309,-9.926143],[-77.393232,-9.926321],[-77.393461,-9.926712],[-77.393566,-9.927152],[-77.393625,-9.92828],[-77.393618,-9.928506],[-77.393583,-9.928728],[-77.393518,-9.928945],[-77.393319,-9.929353],[-77.392453,-9.930948],[-77.392209,-9.93133],[-77.387666,-9.936122],[-77.387498,-9.936277],[-77.387313,-9.936409],[-77.38711,-9.936515],[-77.386905,-9.936616],[-77.386048,-9.936939],[-77.38565,-9.937165],[-77.385295,-9.937451],[-77.384461,-9.938228],[-77.384109,-9.938518],[-77.38373,-9.938773],[-77.382747,-9.939356],[-77.382421,-9.939672],[-77.382288,-9.939855],[-77.382182,-9.940055],[-77.38211,-9.94027],[-77.381788,-9.943419],[-77.38179,-9.94387],[-77.38188,-9.945677],[-77.38187,-9.945902],[-77.381824,-9.946123],[-77.381742,-9.946334],[-77.381635,-9.946534],[-77.38058,-9.948284],[-77.380439,-9.948461],[-77.380275,-9.94862],[-77.379192,-9.949458],[-77.379042,-9.949628],[-77.378915,-9.949815],[-77.378806,-9.950014],[-77.37874,-9.95023],[-77.378642,-9.951129],[-77.37852,-9.951564],[-77.37844,-9.951776],[-77.378334,-9.951976],[-77.377926,-9.95252],[-77.376903,-9.953429],[-77.36863,-9.960598],[-77.367781,-9.961359],[-77.367459,-9.961681],[-77.367307,-9.96185],[-77.366902,-9.962399],[-77.364411,-9.966464],[-77.364132,-9.966822],[-77.363801,-9.967134],[-77.362907,-9.967842],[-77.362335,-9.968218],[-77.361089,-9.968797],[-77.358563,-9.96988],[-77.358351,-9.969966],[-77.357478,-9.970247],[-77.356367,-9.970532],[-77.354135,-9.971063],[-77.353489,-9.971294],[-77.353089,-9.971513],[-77.352573,-9.971961],[-77.352414,-9.972124],[-77.351166,-9.973451],[-77.350909,-9.973825],[-77.350789,-9.974017],[-77.350528,-9.974645],[-77.349953,-9.976361],[-77.34982,-9.976545],[-77.349664,-9.97671],[-77.349482,-9.976845],[-77.34812,-9.977684],[-77.347253,-9.978425],[-77.346887,-9.978698],[-77.346686,-9.978805],[-77.345832,-9.979136],[-77.345631,-9.979245],[-77.345274,-9.979527],[-77.345028,-9.979907],[-77.344701,-9.980752],[-77.343686,-9.982524],[-77.343429,-9.983151],[-77.343348,-9.983596],[-77.343177,-9.985396],[-77.343078,-9.985599],[-77.342943,-9.985782],[-77.341823,-9.987213],[-77.34176,-9.98743],[-77.341814,-9.987647],[-77.341963,-9.98782],[-77.342327,-9.988095],[-77.342476,-9.98826],[-77.34254,-9.988477],[-77.342515,-9.988698],[-77.342263,-9.989568],[-77.342105,-9.989992],[-77.341913,-9.990403],[-77.341686,-9.990796],[-77.336282,-9.998107],[-77.335761,-9.998853],[-77.33482,-10.000135],[-77.334343,-10.000907],[-77.333859,-10.001932],[-77.33354,-10.002779],[-77.333361,-10.003434],[-77.332731,-10.005372],[-77.332085,-10.007542],[-77.332048,-10.007765],[-77.332031,-10.008216],[-77.332058,-10.009346],[-77.332046,-10.009572],[-77.331933,-10.010009],[-77.331175,-10.011402],[-77.330877,-10.012258],[-77.330386,-10.013525],[-77.329612,-10.01491],[-77.329316,-10.015523],[-77.32839,-10.017085],[-77.328098,-10.017698],[-77.32793,-10.018356],[-77.327908,-10.01858],[-77.327907,-10.019258],[-77.328007,-10.020837],[-77.327809,-10.022407],[-77.327691,-10.022842],[-77.327064,-10.0243],[-77.326668,-10.025359],[-77.326557,-10.025798],[-77.326524,-10.026022],[-77.326507,-10.026472],[-77.326559,-10.028054],[-77.326627,-10.029183],[-77.326617,-10.029634],[-77.326532,-10.030078],[-77.326461,-10.030292],[-77.325757,-10.031714],[-77.325675,-10.031925],[-77.325627,-10.032146],[-77.32562,-10.032372],[-77.325646,-10.032596],[-77.325709,-10.032812],[-77.326006,-10.033423],[-77.326346,-10.034012],[-77.326417,-10.034227],[-77.326444,-10.034451],[-77.326489,-10.03558],[-77.326531,-10.035802],[-77.326602,-10.036017],[-77.3267,-10.036221],[-77.326824,-10.036411],[-77.327145,-10.036732],[-77.32831,-10.037457],[-77.329063,-10.037973],[-77.329708,-10.038618],[-77.329822,-10.03881],[-77.329875,-10.03903],[-77.329861,-10.039254],[-77.329778,-10.039463],[-77.329648,-10.039649],[-77.329456,-10.03977],[-77.328602,-10.040102],[-77.328408,-10.040217],[-77.328264,-10.040388],[-77.328183,-10.040596],[-77.328162,-10.04082],[-77.32819,-10.042403],[-77.328173,-10.042855],[-77.328211,-10.043531],[-77.32824,-10.04534],[-77.32824,-10.046923],[-77.328196,-10.047599],[-77.32815,-10.047821],[-77.328073,-10.048033],[-77.327308,-10.049923],[-77.32719,-10.050359],[-77.327114,-10.051033],[-77.327069,-10.05171],[-77.327016,-10.053744],[-77.326984,-10.053967],[-77.326905,-10.054179],[-77.326786,-10.054372],[-77.326639,-10.054544],[-77.325679,-10.055163],[-77.325497,-10.0553],[-77.325157,-10.055605],[-77.323892,-10.056915],[-77.32348,-10.057458],[-77.323358,-10.057649],[-77.323033,-10.058247],[-77.322548,-10.059271],[-77.320935,-10.063984],[-77.320725,-10.06463],[-77.320542,-10.065284],[-77.320178,-10.066825],[-77.320001,-10.067713],[-77.319664,-10.069028],[-77.318235,-10.0752],[-77.31815,-10.07541],[-77.318023,-10.075597],[-77.317853,-10.075748],[-77.317655,-10.075859],[-77.31744,-10.075938],[-77.316784,-10.076145],[-77.309938,-10.078061],[-77.309291,-10.078291],[-77.308682,-10.078609],[-77.308293,-10.078849],[-77.306296,-10.079963],[-77.306114,-10.0801],[-77.305966,-10.080272],[-77.305733,-10.080662],[-77.305595,-10.080842],[-77.305435,-10.081005],[-77.30503,-10.081213],[-77.303933,-10.081549],[-77.300891,-10.082569],[-77.300489,-10.082787],[-77.300114,-10.083046],[-77.299324,-10.083866],[-77.299205,-10.084059],[-77.298907,-10.084671],[-77.298056,-10.086273],[-77.29704,-10.088301],[-77.296957,-10.088511],[-77.295353,-10.093938],[-77.295186,-10.094359],[-77.293477,-10.097814],[-77.293204,-10.098437],[-77.293054,-10.098864],[-77.292586,-10.099896],[-77.291304,-10.10255],[-77.290688,-10.103764],[-77.28937,-10.105885],[-77.289155,-10.106284],[-77.288974,-10.1067],[-77.287721,-10.109859],[-77.28748,-10.110731],[-77.287333,-10.111393],[-77.287123,-10.112039],[-77.286143,-10.114331],[-77.28607,-10.114545],[-77.285964,-10.114984],[-77.285933,-10.115208],[-77.285854,-10.116109],[-77.285848,-10.116334],[-77.285889,-10.116556],[-77.285972,-10.116766],[-77.286101,-10.116953],[-77.286262,-10.117111],[-77.286455,-10.117233],[-77.286669,-10.117307],[-77.286895,-10.11734],[-77.287124,-10.117332],[-77.287782,-10.117137],[-77.288229,-10.11703],[-77.288458,-10.117016],[-77.288917,-10.11701],[-77.290062,-10.117089],[-77.290513,-10.117167],[-77.290727,-10.117245],[-77.29093,-10.11735],[-77.291306,-10.11761],[-77.29271,-10.118775],[-77.292882,-10.118925],[-77.293033,-10.119095],[-77.293165,-10.11928],[-77.29326,-10.119485],[-77.29335,-10.119693],[-77.293403,-10.119912],[-77.293456,-10.120361],[-77.293497,-10.121264],[-77.293479,-10.121489],[-77.292787,-10.12388],[-77.292612,-10.124297],[-77.292298,-10.1249],[-77.29225,-10.125119],[-77.292285,-10.12534],[-77.29239,-10.12554],[-77.292561,-10.125686],[-77.292775,-10.125762],[-77.293222,-10.125868],[-77.293439,-10.12594],[-77.293646,-10.126038],[-77.294043,-10.126265],[-77.294808,-10.126765],[-77.294972,-10.126922],[-77.295115,-10.127099],[-77.295621,-10.128111],[-77.29576,-10.12829],[-77.295946,-10.128422],[-77.296158,-10.128509],[-77.296384,-10.128537],[-77.296611,-10.128518],[-77.297052,-10.128392],[-77.297277,-10.12835],[-77.297505,-10.128363],[-77.297714,-10.128451],[-77.297887,-10.128597],[-77.298022,-10.128779],[-77.298656,-10.131186],[-77.29876,-10.131856],[-77.298754,-10.132308],[-77.298779,-10.132532],[-77.298872,-10.132729],[-77.299263,-10.132963],[-77.301327,-10.133954],[-77.301519,-10.134077],[-77.301688,-10.134225],[-77.301814,-10.134414],[-77.301877,-10.134631],[-77.301883,-10.134857],[-77.30189,-10.135309],[-77.301855,-10.136439],[-77.301787,-10.136885],[-77.301479,-10.138207],[-77.301483,-10.138659],[-77.301516,-10.138882],[-77.301657,-10.139312],[-77.301977,-10.139912],[-77.303085,-10.141629],[-77.303433,-10.142214],[-77.303939,-10.142969],[-77.304091,-10.143135],[-77.304268,-10.14328],[-77.304475,-10.143377],[-77.30605,-10.143674],[-77.306487,-10.143811],[-77.307111,-10.144097],[-77.307308,-10.144213],[-77.307485,-10.144356],[-77.307948,-10.144857],[-77.308121,-10.145006],[-77.309309,-10.145691],[-77.309845,-10.146116],[-77.310003,-10.14628],[-77.31028,-10.14664],[-77.310381,-10.146842],[-77.3111,-10.148749],[-77.311288,-10.149162],[-77.311857,-10.150143],[-77.31206,-10.150548],[-77.312196,-10.15098],[-77.312244,-10.151201],[-77.312412,-10.152318],[-77.312501,-10.152516],[-77.312695,-10.152637],[-77.313131,-10.152775],[-77.313776,-10.153013],[-77.313983,-10.153111],[-77.316403,-10.154407],[-77.316564,-10.154566],[-77.316666,-10.154767],[-77.316787,-10.155434],[-77.317106,-10.156279],[-77.31714,-10.156502],[-77.317147,-10.156728],[-77.317208,-10.156936],[-77.317415,-10.157002],[-77.31759,-10.156884],[-77.317595,-10.156664],[-77.317416,-10.156248],[-77.317367,-10.156028],[-77.31731,-10.155352],[-77.317332,-10.154901],[-77.317415,-10.154457],[-77.317423,-10.154232],[-77.31734,-10.154027],[-77.317188,-10.153858],[-77.316993,-10.15374],[-77.316572,-10.153559],[-77.316384,-10.153431],[-77.316217,-10.153278],[-77.3161,-10.153083],[-77.315913,-10.152671],[-77.3158,-10.152476],[-77.315647,-10.152308],[-77.315254,-10.152074],[-77.315072,-10.151938],[-77.314991,-10.151735],[-77.315099,-10.151542],[-77.315315,-10.151504],[-77.315488,-10.151645],[-77.316468,-10.152599],[-77.316835,-10.152867],[-77.317051,-10.152943],[-77.319496,-10.153563],[-77.319715,-10.153628],[-77.319903,-10.153753],[-77.319958,-10.153959],[-77.31985,-10.154145],[-77.319466,-10.15438],[-77.319443,-10.154601],[-77.319566,-10.154784],[-77.319774,-10.154876],[-77.320451,-10.154986],[-77.320908,-10.155034],[-77.321136,-10.155044],[-77.321593,-10.155],[-77.321821,-10.155006],[-77.322036,-10.155084],[-77.322605,-10.155464],[-77.322816,-10.15551],[-77.32295,-10.155337],[-77.322872,-10.155136],[-77.322675,-10.155025],[-77.32203,-10.154787],[-77.321811,-10.154722],[-77.321361,-10.154642],[-77.32122,-10.154471],[-77.321276,-10.154269],[-77.321491,-10.15423],[-77.322143,-10.154445],[-77.323268,-10.154662],[-77.324128,-10.15498],[-77.32433,-10.155087],[-77.3245,-10.155238],[-77.324626,-10.155425],[-77.324687,-10.155641],[-77.324727,-10.155863],[-77.324757,-10.156993],[-77.324803,-10.157443],[-77.324885,-10.157651],[-77.32502,-10.157834],[-77.325166,-10.158008],[-77.32534,-10.158152],[-77.325553,-10.15813],[-77.325647,-10.15794],[-77.325576,-10.157731],[-77.325371,-10.157328],[-77.32534,-10.157105],[-77.325423,-10.156662],[-77.325436,-10.156437],[-77.325385,-10.155761],[-77.325286,-10.155091],[-77.32512,-10.15467],[-77.325083,-10.154454],[-77.325217,-10.154287],[-77.325424,-10.154338],[-77.325511,-10.154542],[-77.325534,-10.154993],[-77.325575,-10.155215],[-77.32577,-10.155866],[-77.32617,-10.156925],[-77.326274,-10.157126],[-77.326415,-10.1573],[-77.326794,-10.157555],[-77.326955,-10.157711],[-77.327081,-10.1579],[-77.327172,-10.158106],[-77.327459,-10.158966],[-77.327551,-10.159172],[-77.327699,-10.159344],[-77.32787,-10.159494],[-77.328083,-10.159576],[-77.328765,-10.159602],[-77.328968,-10.159704],[-77.32953,-10.160096],[-77.330369,-10.160458],[-77.330919,-10.160865],[-77.331113,-10.160986],[-77.332154,-10.161463],[-77.33237,-10.161537],[-77.333273,-10.161701],[-77.333478,-10.1618],[-77.333657,-10.161941],[-77.334483,-10.162723],[-77.334666,-10.162641],[-77.334636,-10.162439],[-77.334442,-10.16232],[-77.334233,-10.16223],[-77.334062,-10.162082],[-77.333697,-10.161509],[-77.333503,-10.16139],[-77.332452,-10.160938],[-77.332257,-10.160818],[-77.332083,-10.160672],[-77.330011,-10.158557],[-77.329822,-10.158429],[-77.329206,-10.158128],[-77.329033,-10.15798],[-77.328881,-10.157813],[-77.328758,-10.157623],[-77.328433,-10.157024],[-77.328427,-10.156808],[-77.328634,-10.156763],[-77.328747,-10.15694],[-77.328769,-10.157165],[-77.328828,-10.157383],[-77.329109,-10.157739],[-77.329283,-10.157885],[-77.3316,-10.158872],[-77.332011,-10.159074],[-77.333007,-10.159636],[-77.333223,-10.159706],[-77.333451,-10.159728],[-77.334137,-10.159662],[-77.334363,-10.159697],[-77.335437,-10.160095],[-77.335643,-10.160192],[-77.335803,-10.16035],[-77.335923,-10.160786],[-77.336045,-10.160974],[-77.336219,-10.161115],[-77.336648,-10.161274],[-77.336854,-10.161373],[-77.337042,-10.161502],[-77.33735,-10.161837],[-77.337475,-10.162025],[-77.337556,-10.162236],[-77.337587,-10.162459],[-77.337564,-10.162684],[-77.337465,-10.163125],[-77.337397,-10.163572],[-77.337432,-10.163793],[-77.337524,-10.163995],[-77.337663,-10.164174],[-77.338124,-10.164677],[-77.33825,-10.164866],[-77.338709,-10.165901],[-77.338823,-10.166095],[-77.338994,-10.166236],[-77.339433,-10.166361],[-77.339637,-10.166451],[-77.339718,-10.166649],[-77.339621,-10.166849],[-77.339469,-10.167017],[-77.33881,-10.167646],[-77.338571,-10.168032],[-77.337492,-10.170027],[-77.33734,-10.170453],[-77.337097,-10.171325],[-77.337063,-10.172227],[-77.336948,-10.172409],[-77.336733,-10.172447],[-77.336283,-10.172361],[-77.336056,-10.17234],[-77.335834,-10.17238],[-77.335707,-10.17255],[-77.335652,-10.173452],[-77.335601,-10.17367],[-77.33551,-10.173877],[-77.33485,-10.174802],[-77.334701,-10.174974],[-77.334545,-10.175139],[-77.334028,-10.175587],[-77.33395,-10.175786],[-77.334055,-10.175979],[-77.334264,-10.176044],[-77.334458,-10.175939],[-77.335178,-10.175059],[-77.335344,-10.174904],[-77.335713,-10.174636],[-77.336297,-10.174276],[-77.336474,-10.174136],[-77.336564,-10.173932],[-77.336603,-10.17371],[-77.33673,-10.173528],[-77.336939,-10.173551],[-77.337048,-10.17374],[-77.336984,-10.173952],[-77.336875,-10.174151],[-77.336736,-10.174327],[-77.336399,-10.174634],[-77.336269,-10.174815],[-77.336096,-10.174964],[-77.335785,-10.175294],[-77.335606,-10.17571],[-77.33555,-10.175925],[-77.335643,-10.176116],[-77.335862,-10.176142],[-77.33653,-10.175976],[-77.336739,-10.175885],[-77.33896,-10.17428],[-77.339669,-10.173706],[-77.340342,-10.173091],[-77.340636,-10.172744],[-77.340754,-10.17255],[-77.341141,-10.171731],[-77.341365,-10.171336],[-77.341643,-10.170977],[-77.342317,-10.170363],[-77.342676,-10.170081],[-77.343068,-10.169847],[-77.34413,-10.169417],[-77.344991,-10.169102],[-77.345147,-10.168941],[-77.345256,-10.168744],[-77.345334,-10.168532],[-77.345899,-10.166811],[-77.346556,-10.165367],[-77.346626,-10.165153],[-77.346733,-10.164483],[-77.346796,-10.164265],[-77.346903,-10.164067],[-77.347204,-10.163727],[-77.347287,-10.163522],[-77.347164,-10.163356],[-77.346942,-10.163365],[-77.346672,-10.163728],[-77.346436,-10.164116],[-77.346237,-10.164523],[-77.345987,-10.165154],[-77.345804,-10.165265],[-77.345615,-10.16516],[-77.345629,-10.164943],[-77.345873,-10.164565],[-77.345925,-10.164346],[-77.345791,-10.163225],[-77.345832,-10.162548],[-77.345939,-10.161878],[-77.346147,-10.161476],[-77.346275,-10.161289],[-77.346871,-10.160601],[-77.347129,-10.160229],[-77.347785,-10.158784],[-77.347948,-10.158626],[-77.348903,-10.158],[-77.349698,-10.157548],[-77.350057,-10.157266],[-77.35034,-10.156912],[-77.350723,-10.156351],[-77.350927,-10.156274],[-77.35114,-10.156347],[-77.351662,-10.15679],[-77.35186,-10.156903],[-77.352075,-10.156951],[-77.35242,-10.15666],[-77.352634,-10.156589],[-77.353322,-10.156581],[-77.353549,-10.15655],[-77.353752,-10.156445],[-77.353934,-10.156308],[-77.354098,-10.15615],[-77.354932,-10.155071],[-77.355453,-10.154626],[-77.355835,-10.154376],[-77.356939,-10.153565],[-77.357562,-10.153279],[-77.357727,-10.153122],[-77.357854,-10.152935],[-77.358151,-10.15259],[-77.358523,-10.15202],[-77.358919,-10.151465],[-77.359094,-10.15132],[-77.359309,-10.151246],[-77.359759,-10.151156],[-77.360443,-10.151073],[-77.360902,-10.15108],[-77.361106,-10.150978],[-77.36129,-10.150844],[-77.361458,-10.15069],[-77.361744,-10.150337],[-77.361904,-10.150177],[-77.362088,-10.150043],[-77.362303,-10.149963],[-77.362753,-10.149891],[-77.36344,-10.149948],[-77.363668,-10.149932],[-77.364099,-10.149777],[-77.364323,-10.149735],[-77.364779,-10.149775],[-77.366138,-10.149997],[-77.366366,-10.150004],[-77.367266,-10.149825],[-77.367694,-10.149667],[-77.368099,-10.149453],[-77.368276,-10.149317],[-77.368646,-10.148746],[-77.368808,-10.148593],[-77.369024,-10.148524],[-77.370368,-10.14823],[-77.370588,-10.148166],[-77.371202,-10.147859],[-77.371416,-10.147785],[-77.371645,-10.147776],[-77.371872,-10.147804],[-77.373006,-10.147982],[-77.373234,-10.147999],[-77.373693,-10.147991],[-77.373918,-10.148029],[-77.374729,-10.148452],[-77.374951,-10.148499],[-77.376092,-10.148617],[-77.376321,-10.148603],[-77.376755,-10.148459],[-77.376982,-10.148468],[-77.377414,-10.148618],[-77.377639,-10.148637],[-77.377808,-10.148496],[-77.37794,-10.148311],[-77.378095,-10.148145],[-77.378298,-10.148046],[-77.378525,-10.148021],[-77.379443,-10.148023],[-77.37967,-10.147991],[-77.380111,-10.147866],[-77.380315,-10.147765],[-77.380899,-10.147406],[-77.381077,-10.147265],[-77.38173,-10.146629],[-77.382006,-10.146269],[-77.382166,-10.146108],[-77.383202,-10.145624],[-77.383832,-10.145354],[-77.384262,-10.144828],[-77.384579,-10.144501],[-77.385024,-10.143983],[-77.385158,-10.143802],[-77.385525,-10.142974],[-77.385671,-10.142803],[-77.385876,-10.142704],[-77.387223,-10.142425],[-77.387676,-10.142356],[-77.388364,-10.142323],[-77.388585,-10.142273],[-77.388752,-10.142126],[-77.388803,-10.14191],[-77.388825,-10.141684],[-77.388903,-10.141474],[-77.389067,-10.141318],[-77.389258,-10.141194],[-77.38967,-10.140997],[-77.390257,-10.140643],[-77.390793,-10.140218],[-77.391136,-10.139917],[-77.391282,-10.139745],[-77.391468,-10.139332],[-77.39163,-10.139181],[-77.391853,-10.139164],[-77.392293,-10.139293],[-77.392518,-10.139314],[-77.39268,-10.13917],[-77.392682,-10.138951],[-77.39255,-10.13852],[-77.392549,-10.138295],[-77.392629,-10.138085],[-77.392781,-10.137918],[-77.392866,-10.137708],[-77.393118,-10.137076],[-77.393296,-10.136421],[-77.393338,-10.136199],[-77.39336,-10.135747],[-77.393314,-10.135078],[-77.393494,-10.134939],[-77.393911,-10.134749],[-77.394099,-10.13462],[-77.394241,-10.134444],[-77.394385,-10.13402],[-77.394591,-10.133931],[-77.394804,-10.133968],[-77.394947,-10.13414],[-77.395148,-10.134545],[-77.395291,-10.134721],[-77.395473,-10.134857],[-77.395672,-10.134969],[-77.3961,-10.13513],[-77.397903,-10.135472],[-77.3985,-10.135807],[-77.398722,-10.135849],[-77.399409,-10.135806],[-77.399623,-10.135733],[-77.400036,-10.135536],[-77.400234,-10.135422],[-77.400403,-10.135272],[-77.400521,-10.135081],[-77.400716,-10.134673],[-77.40085,-10.13449],[-77.401041,-10.134373],[-77.401267,-10.134382],[-77.401466,-10.13449],[-77.402181,-10.135057],[-77.402566,-10.135303],[-77.403366,-10.135745],[-77.404012,-10.135981],[-77.404428,-10.13617],[-77.404815,-10.136413],[-77.40535,-10.13684],[-77.405685,-10.137148],[-77.406598,-10.138164],[-77.40678,-10.1383],[-77.407364,-10.138658],[-77.407535,-10.138804],[-77.407616,-10.139012],[-77.40762,-10.139462],[-77.407671,-10.139681],[-77.407875,-10.13977],[-77.408791,-10.13983],[-77.409013,-10.139772],[-77.409429,-10.139582],[-77.409651,-10.139528],[-77.410109,-10.139548],[-77.410322,-10.139616],[-77.410481,-10.139775],[-77.410573,-10.13998],[-77.410711,-10.140411],[-77.410803,-10.140617],[-77.410932,-10.140803],[-77.411086,-10.14097],[-77.411441,-10.141256],[-77.41163,-10.141382],[-77.412044,-10.141577],[-77.412222,-10.141716],[-77.412365,-10.141891],[-77.412454,-10.142095],[-77.412469,-10.142321],[-77.412444,-10.142998],[-77.412375,-10.143673],[-77.412413,-10.143894],[-77.412618,-10.144297],[-77.412686,-10.144513],[-77.412747,-10.144961],[-77.41277,-10.145864],[-77.412809,-10.146086],[-77.412924,-10.146274],[-77.413133,-10.146347],[-77.413344,-10.146277],[-77.413505,-10.146122],[-77.413738,-10.145736],[-77.414122,-10.145492],[-77.414285,-10.145343],[-77.414546,-10.144971],[-77.414844,-10.144627],[-77.41489,-10.144411],[-77.414863,-10.144187],[-77.414917,-10.143976],[-77.415468,-10.143572],[-77.415682,-10.143498],[-77.415909,-10.143506],[-77.416114,-10.143603],[-77.416285,-10.143753],[-77.416433,-10.143923],[-77.416561,-10.144111],[-77.417134,-10.144817],[-77.417532,-10.145041],[-77.417751,-10.145098],[-77.417979,-10.145081],[-77.418623,-10.144845],[-77.418846,-10.144789],[-77.419522,-10.14467],[-77.41975,-10.144691],[-77.420181,-10.144844],[-77.420589,-10.14505],[-77.421146,-10.145447],[-77.42136,-10.14552],[-77.421563,-10.145436],[-77.421882,-10.14511],[-77.422075,-10.144997],[-77.422293,-10.144938],[-77.422523,-10.144932],[-77.425025,-10.145262],[-77.425248,-10.145316],[-77.426314,-10.14573],[-77.426542,-10.145717],[-77.427774,-10.145114],[-77.427993,-10.145053],[-77.428213,-10.145108],[-77.428409,-10.145225],[-77.429137,-10.145777],[-77.429328,-10.1459],[-77.43033,-10.146452],[-77.430761,-10.146607],[-77.431426,-10.146779],[-77.431599,-10.14692],[-77.43166,-10.147133],[-77.431621,-10.147352],[-77.431403,-10.147749],[-77.431217,-10.148162],[-77.431149,-10.148378],[-77.431094,-10.148827],[-77.431042,-10.149046],[-77.430883,-10.149469],[-77.430553,-10.150064],[-77.430483,-10.150279],[-77.430466,-10.150503],[-77.43057,-10.1507],[-77.430759,-10.150825],[-77.431388,-10.151102],[-77.431607,-10.151168],[-77.432524,-10.15119],[-77.43275,-10.151225],[-77.433418,-10.151389],[-77.435253,-10.151404],[-77.436136,-10.15164],[-77.436364,-10.151618],[-77.436578,-10.151539],[-77.437802,-10.150918],[-77.438029,-10.150895],[-77.438251,-10.150951],[-77.438436,-10.151078],[-77.438537,-10.151276],[-77.438602,-10.151493],[-77.438618,-10.151718],[-77.438573,-10.152394],[-77.438538,-10.152617],[-77.438456,-10.152828],[-77.437842,-10.153497],[-77.437698,-10.153673],[-77.437579,-10.153866],[-77.43713,-10.154906],[-77.43713,-10.15513],[-77.437231,-10.155329],[-77.437426,-10.155435],[-77.437653,-10.15546],[-77.437861,-10.155379],[-77.437997,-10.155202],[-77.438583,-10.153728],[-77.43878,-10.15332],[-77.439115,-10.152478],[-77.439248,-10.152046],[-77.43937,-10.15115],[-77.439357,-10.150927],[-77.439244,-10.150731],[-77.439076,-10.150581],[-77.438709,-10.150309],[-77.438321,-10.150067],[-77.438103,-10.149999],[-77.43788,-10.150008],[-77.437245,-10.15027],[-77.437024,-10.15033],[-77.436576,-10.15043],[-77.436349,-10.15044],[-77.436125,-10.150395],[-77.435919,-10.150296],[-77.434511,-10.149532],[-77.434304,-10.14944],[-77.434077,-10.14942],[-77.433857,-10.149481],[-77.433446,-10.149683],[-77.433232,-10.149722],[-77.433102,-10.149544],[-77.433197,-10.149362],[-77.433861,-10.149188],[-77.434088,-10.149153],[-77.434546,-10.14913],[-77.434771,-10.149164],[-77.434987,-10.149238],[-77.436039,-10.149691],[-77.436258,-10.149752],[-77.436485,-10.149749],[-77.436701,-10.149673],[-77.437912,-10.149028],[-77.438121,-10.148934],[-77.438345,-10.1489],[-77.438566,-10.148957],[-77.439168,-10.149282],[-77.439612,-10.14939],[-77.43984,-10.14937],[-77.440966,-10.149149],[-77.441423,-10.14911],[-77.441643,-10.149153],[-77.441828,-10.149281],[-77.442175,-10.149863],[-77.442377,-10.149957],[-77.442606,-10.14997],[-77.443743,-10.14982],[-77.44397,-10.149835],[-77.444166,-10.149942],[-77.444488,-10.150541],[-77.444571,-10.15075],[-77.444585,-10.150975],[-77.444354,-10.152311],[-77.444335,-10.152535],[-77.44438,-10.152754],[-77.444506,-10.152938],[-77.444861,-10.153224],[-77.445104,-10.153606],[-77.445245,-10.153783],[-77.445465,-10.153829],[-77.445684,-10.153762],[-77.445913,-10.15375],[-77.446372,-10.153769],[-77.446599,-10.153803],[-77.44681,-10.153889],[-77.447206,-10.154118],[-77.447419,-10.1542],[-77.447644,-10.1542],[-77.448301,-10.154],[-77.448527,-10.153961],[-77.448745,-10.154004],[-77.448926,-10.154142],[-77.449667,-10.155003],[-77.449859,-10.155124],[-77.450073,-10.155205],[-77.450297,-10.155251],[-77.450755,-10.155281],[-77.450977,-10.15533],[-77.451191,-10.155414],[-77.451769,-10.15578],[-77.452177,-10.155988],[-77.452365,-10.156116],[-77.452492,-10.156304],[-77.452511,-10.156524],[-77.452425,-10.156731],[-77.452256,-10.15688],[-77.451628,-10.157159],[-77.450984,-10.157398],[-77.45087,-10.157573],[-77.451043,-10.157671],[-77.451442,-10.15745],[-77.451856,-10.157254],[-77.45207,-10.157173],[-77.452518,-10.157082],[-77.452728,-10.156996],[-77.452867,-10.156819],[-77.452951,-10.156609],[-77.453054,-10.156169],[-77.453048,-10.155946],[-77.452924,-10.155758],[-77.452172,-10.155241],[-77.451644,-10.154806],[-77.451264,-10.154553],[-77.450643,-10.154262],[-77.450474,-10.154112],[-77.449918,-10.153394],[-77.449558,-10.153113],[-77.449431,-10.15294],[-77.449571,-10.152811],[-77.450539,-10.153771],[-77.450735,-10.153888],[-77.452373,-10.154705],[-77.45259,-10.154779],[-77.452816,-10.154808],[-77.453505,-10.154793],[-77.453732,-10.154812],[-77.45393,-10.15492],[-77.454053,-10.155105],[-77.454103,-10.155322],[-77.454171,-10.155997],[-77.454259,-10.156204],[-77.454406,-10.156376],[-77.454608,-10.156478],[-77.455288,-10.156572],[-77.455495,-10.156668],[-77.45583,-10.156975],[-77.456117,-10.157327],[-77.456241,-10.157517],[-77.45643,-10.157929],[-77.456434,-10.15815],[-77.456321,-10.158338],[-77.456107,-10.158411],[-77.45542,-10.15843],[-77.454987,-10.158579],[-77.454354,-10.158845],[-77.45418,-10.158983],[-77.454233,-10.159192],[-77.45444,-10.159284],[-77.454886,-10.15939],[-77.455113,-10.159364],[-77.455539,-10.159199],[-77.455765,-10.159172],[-77.455965,-10.159281],[-77.45633,-10.159556],[-77.456535,-10.159654],[-77.45676,-10.159692],[-77.457446,-10.159749],[-77.457904,-10.159745],[-77.463136,-10.159037],[-77.463364,-10.159042],[-77.463579,-10.159116],[-77.463751,-10.159262],[-77.463897,-10.159436],[-77.464087,-10.159558],[-77.464299,-10.159521],[-77.464406,-10.15933],[-77.464348,-10.159114],[-77.463913,-10.158318],[-77.463776,-10.158139],[-77.463601,-10.157993],[-77.46324,-10.157714],[-77.463035,-10.157613],[-77.462819,-10.157537],[-77.461265,-10.157134],[-77.461064,-10.157034],[-77.461013,-10.15682],[-77.461126,-10.156632],[-77.461349,-10.15659],[-77.462267,-10.156572],[-77.462718,-10.15649],[-77.463384,-10.156318],[-77.463599,-10.156239],[-77.464155,-10.155845],[-77.464374,-10.155782],[-77.465062,-10.155763],[-77.465279,-10.155696],[-77.46585,-10.155318],[-77.466055,-10.155223],[-77.466283,-10.155205],[-77.466511,-10.155226],[-77.46764,-10.15543],[-77.468099,-10.155437],[-77.468787,-10.1554],[-77.469014,-10.155425],[-77.469223,-10.155516],[-77.469603,-10.155767],[-77.469742,-10.155944],[-77.469533,-10.156579],[-77.469672,-10.15674],[-77.4699,-10.156752],[-77.470125,-10.156709],[-77.470557,-10.156562],[-77.470754,-10.156446],[-77.470919,-10.156291],[-77.47129,-10.156025],[-77.471516,-10.155995],[-77.471741,-10.156025],[-77.471863,-10.1562],[-77.472183,-10.156525],[-77.472743,-10.157242],[-77.47309,-10.157536],[-77.473483,-10.157769],[-77.473836,-10.158058],[-77.474091,-10.15843],[-77.474267,-10.158573],[-77.474489,-10.158565],[-77.474637,-10.158417],[-77.474618,-10.158194],[-77.474328,-10.1571],[-77.474161,-10.156679],[-77.474054,-10.156479],[-77.47377,-10.156124],[-77.473684,-10.15592],[-77.473674,-10.155694],[-77.473732,-10.15548],[-77.473845,-10.155285],[-77.474018,-10.155139],[-77.474654,-10.154887],[-77.475059,-10.154674],[-77.475242,-10.154538],[-77.475554,-10.154207],[-77.475918,-10.153932],[-77.476855,-10.152939],[-77.477044,-10.152813],[-77.47749,-10.152715],[-77.477702,-10.152637],[-77.477811,-10.152443],[-77.477818,-10.152217],[-77.477781,-10.15154],[-77.47785,-10.151328],[-77.478054,-10.151242],[-77.47825,-10.15136],[-77.478874,-10.152023],[-77.479248,-10.152285],[-77.481047,-10.153287],[-77.481255,-10.153381],[-77.481465,-10.153473],[-77.482351,-10.153701],[-77.482556,-10.153803],[-77.482772,-10.153874],[-77.483228,-10.153838],[-77.48391,-10.153903],[-77.484129,-10.15384],[-77.484335,-10.153742],[-77.484557,-10.153705],[-77.484785,-10.153732],[-77.485004,-10.153794],[-77.485216,-10.153882],[-77.485434,-10.153936],[-77.486086,-10.153723],[-77.486313,-10.153704],[-77.486772,-10.153724],[-77.486999,-10.153709],[-77.487211,-10.153624],[-77.487765,-10.153223],[-77.487982,-10.153171],[-77.488205,-10.153224],[-77.488434,-10.153226],[-77.489091,-10.153025],[-77.490231,-10.152905],[-77.490682,-10.152824],[-77.491073,-10.152588],[-77.491253,-10.152448],[-77.492468,-10.151808],[-77.492895,-10.151644],[-77.493336,-10.151519],[-77.493766,-10.15136],[-77.494352,-10.151005],[-77.494528,-10.150861],[-77.495724,-10.149488],[-77.495959,-10.149101],[-77.49604,-10.148889],[-77.496206,-10.148232],[-77.496233,-10.148007],[-77.496276,-10.146878],[-77.496259,-10.146426],[-77.496184,-10.146218],[-77.496004,-10.146078],[-77.495872,-10.145897],[-77.495906,-10.145683],[-77.496024,-10.145491],[-77.496599,-10.144786],[-77.496986,-10.144225],[-77.497144,-10.144067],[-77.497361,-10.14401],[-77.497773,-10.144204],[-77.498366,-10.144547],[-77.498579,-10.144581],[-77.498744,-10.144428],[-77.499081,-10.143838],[-77.499282,-10.143764],[-77.49948,-10.143875],[-77.500043,-10.144263],[-77.500253,-10.144347],[-77.500695,-10.144234],[-77.500898,-10.144278],[-77.500859,-10.144481],[-77.500666,-10.144601],[-77.500454,-10.144688],[-77.500266,-10.144808],[-77.500249,-10.145019],[-77.500432,-10.145138],[-77.500657,-10.145103],[-77.500861,-10.145006],[-77.501029,-10.144854],[-77.501305,-10.144493],[-77.501459,-10.144328],[-77.501684,-10.144309],[-77.50237,-10.144368],[-77.503058,-10.144384],[-77.503284,-10.144354],[-77.503891,-10.144034],[-77.504108,-10.144015],[-77.504876,-10.144511],[-77.505082,-10.144606],[-77.505307,-10.144633],[-77.505532,-10.144591],[-77.505745,-10.144508],[-77.505967,-10.144519],[-77.50616,-10.14464],[-77.506383,-10.144634],[-77.506817,-10.144491],[-77.507035,-10.144543],[-77.507229,-10.144664],[-77.507642,-10.144856],[-77.508213,-10.145232],[-77.508649,-10.14537],[-77.509101,-10.145447],[-77.510014,-10.145538],[-77.51024,-10.145512],[-77.510452,-10.145428],[-77.510795,-10.14513],[-77.511006,-10.145054],[-77.511234,-10.145032],[-77.51169,-10.145061],[-77.511881,-10.145181],[-77.512049,-10.145333],[-77.512267,-10.14538],[-77.512721,-10.145404],[-77.513315,-10.14574],[-77.513542,-10.14577],[-77.51377,-10.145762],[-77.51422,-10.145672],[-77.515094,-10.145394],[-77.515319,-10.145351],[-77.515777,-10.145321],[-77.516001,-10.145364],[-77.516847,-10.145715],[-77.517221,-10.145977],[-77.51743,-10.146059],[-77.517883,-10.146126],[-77.517958,-10.146302],[-77.517762,-10.146386],[-77.517544,-10.146326],[-77.5167,-10.145972],[-77.516021,-10.145861],[-77.515792,-10.14587],[-77.515337,-10.145929],[-77.515115,-10.145985],[-77.514926,-10.146091],[-77.514987,-10.146287],[-77.515204,-10.146251],[-77.515402,-10.146138],[-77.51562,-10.146069],[-77.515848,-10.146054],[-77.516075,-10.146086],[-77.516294,-10.146152],[-77.516495,-10.146262],[-77.517214,-10.146824],[-77.517367,-10.146991],[-77.517498,-10.147176],[-77.517616,-10.14737],[-77.51769,-10.14758],[-77.517694,-10.147805],[-77.517643,-10.148025],[-77.517644,-10.14825],[-77.517732,-10.148454],[-77.518034,-10.148794],[-77.518441,-10.149],[-77.518603,-10.149156],[-77.518667,-10.149362],[-77.518401,-10.150226],[-77.518288,-10.150419],[-77.518089,-10.150528],[-77.517905,-10.15066],[-77.517772,-10.150844],[-77.517661,-10.151042],[-77.517615,-10.151259],[-77.517695,-10.151466],[-77.518021,-10.151782],[-77.519869,-10.153124],[-77.520585,-10.15369],[-77.521367,-10.154516],[-77.522732,-10.155726],[-77.523018,-10.156078],[-77.52325,-10.156469],[-77.523646,-10.157023],[-77.524801,-10.158429],[-77.524977,-10.158574],[-77.525935,-10.159197],[-77.526088,-10.159363],[-77.526212,-10.159552],[-77.526418,-10.159956],[-77.526544,-10.160144],[-77.5267,-10.16031],[-77.527567,-10.16105],[-77.527884,-10.161377],[-77.528022,-10.161557],[-77.528136,-10.161753],[-77.528292,-10.161919],[-77.528657,-10.162191],[-77.528958,-10.162798],[-77.529437,-10.163283],[-77.53,-10.163997],[-77.530184,-10.16413],[-77.530804,-10.16442],[-77.530995,-10.164545],[-77.531457,-10.165046],[-77.532473,-10.165963],[-77.532779,-10.166297],[-77.532888,-10.166496],[-77.532938,-10.166715],[-77.532985,-10.167163],[-77.532737,-10.168496],[-77.532613,-10.168685],[-77.531945,-10.169303],[-77.531865,-10.169502],[-77.532135,-10.170126],[-77.532661,-10.17113],[-77.532776,-10.171326],[-77.532923,-10.171498],[-77.533119,-10.171612],[-77.534976,-10.172504],[-77.535764,-10.172969],[-77.535972,-10.173063],[-77.536193,-10.173116],[-77.536421,-10.173141],[-77.536879,-10.173169],[-77.537105,-10.173132],[-77.53886,-10.172598],[-77.539746,-10.172361],[-77.540425,-10.172245],[-77.540651,-10.172233],[-77.540874,-10.172282],[-77.541511,-10.17254],[-77.544021,-10.173658],[-77.544424,-10.173873],[-77.544608,-10.174009],[-77.546924,-10.176519],[-77.547181,-10.176891],[-77.548435,-10.179558],[-77.548947,-10.180569],[-77.549009,-10.180786],[-77.549042,-10.18101],[-77.54908,-10.182138],[-77.549148,-10.182354],[-77.549253,-10.182555],[-77.549864,-10.183511],[-77.550184,-10.183835],[-77.550564,-10.184084],[-77.551656,-10.18443],[-77.552302,-10.184664],[-77.5527,-10.184887],[-77.553654,-10.185865],[-77.553797,-10.18604],[-77.554496,-10.187209],[-77.554719,-10.188316],[-77.554718,-10.188768],[-77.554554,-10.190342],[-77.554336,-10.19191],[-77.554303,-10.19236],[-77.554306,-10.192812],[-77.55447,-10.193234],[-77.554595,-10.193421],[-77.554887,-10.193771],[-77.555003,-10.193964],[-77.555075,-10.194174],[-77.555085,-10.1944],[-77.554728,-10.195471],[-77.554692,-10.195921],[-77.554574,-10.196589],[-77.554577,-10.196812],[-77.554625,-10.197033],[-77.554837,-10.197434],[-77.554879,-10.197652],[-77.554892,-10.197878],[-77.55485,-10.198095],[-77.554735,-10.19829],[-77.554668,-10.198505],[-77.554633,-10.198727],[-77.55464,-10.198953],[-77.554693,-10.199171],[-77.554927,-10.199808],[-77.555339,-10.201103],[-77.556204,-10.203679],[-77.556294,-10.203887],[-77.556419,-10.204074],[-77.55675,-10.204384],[-77.557561,-10.204809],[-77.557949,-10.205047],[-77.558213,-10.205416],[-77.558308,-10.205621],[-77.558347,-10.205842],[-77.558318,-10.206293],[-77.557955,-10.208065],[-77.557622,-10.209613],[-77.557112,-10.211114],[-77.557061,-10.211332],[-77.557061,-10.211558],[-77.557095,-10.211779],[-77.557427,-10.212861],[-77.557784,-10.213439],[-77.557878,-10.213643],[-77.557926,-10.213863],[-77.557959,-10.214314],[-77.558033,-10.214527],[-77.558126,-10.214732],[-77.559252,-10.216438],[-77.55935,-10.216642],[-77.559539,-10.217527],[-77.559605,-10.217743],[-77.559931,-10.21834],[-77.559993,-10.218558],[-77.560034,-10.218779],[-77.560199,-10.220354],[-77.560181,-10.220578],[-77.560081,-10.221019],[-77.560111,-10.221242],[-77.560352,-10.222347],[-77.56063,-10.223204],[-77.560556,-10.223879],[-77.560554,-10.224104],[-77.560579,-10.224328],[-77.560684,-10.224768],[-77.560735,-10.225217],[-77.560668,-10.227477],[-77.560853,-10.22973],[-77.560981,-10.230163],[-77.561429,-10.230951],[-77.561591,-10.231374],[-77.561665,-10.231588],[-77.561793,-10.232254],[-77.56193,-10.232683],[-77.562069,-10.232863],[-77.562233,-10.23302],[-77.563591,-10.234236],[-77.563984,-10.234467],[-77.5642,-10.234541],[-77.56465,-10.234628],[-77.565066,-10.234819],[-77.565264,-10.234931],[-77.565948,-10.235532],[-77.566137,-10.23566],[-77.566746,-10.235977],[-77.567782,-10.236463],[-77.568161,-10.236716],[-77.568314,-10.236883],[-77.568423,-10.23708],[-77.56848,-10.237298],[-77.568652,-10.239324],[-77.568942,-10.240418],[-77.569019,-10.240629],[-77.569133,-10.240825],[-77.569285,-10.240995],[-77.569537,-10.241371],[-77.570062,-10.242625],[-77.570259,-10.243033],[-77.570395,-10.243211],[-77.570568,-10.243359],[-77.570951,-10.243607],[-77.571132,-10.243746],[-77.57129,-10.243909],[-77.571426,-10.244089],[-77.571534,-10.244289],[-77.571687,-10.244715],[-77.571796,-10.244911],[-77.571952,-10.245076],[-77.572298,-10.245373],[-77.572791,-10.245843],[-77.573205,-10.246034],[-77.57339,-10.246164],[-77.573679,-10.246515],[-77.574053,-10.247084],[-77.574157,-10.247286],[-77.575034,-10.249617],[-77.575146,-10.250055],[-77.57535,-10.251396],[-77.575475,-10.252063],[-77.575587,-10.252259],[-77.575748,-10.252419],[-77.57659,-10.252775],[-77.57679,-10.252887],[-77.577165,-10.253147],[-77.577314,-10.253316],[-77.577425,-10.253513],[-77.577483,-10.253728],[-77.577461,-10.255084],[-77.577491,-10.255307],[-77.57766,-10.256196],[-77.578249,-10.258846],[-77.578367,-10.259283],[-77.578466,-10.259486],[-77.579403,-10.261041],[-77.579782,-10.261607],[-77.580611,-10.262963],[-77.581064,-10.26375],[-77.581338,-10.264371],[-77.582099,-10.267446],[-77.582306,-10.268557],[-77.582349,-10.269008],[-77.582243,-10.269447],[-77.582217,-10.269671],[-77.582246,-10.269893],[-77.582331,-10.2701],[-77.582557,-10.270492],[-77.582622,-10.270709],[-77.582757,-10.271374],[-77.582922,-10.272493],[-77.583016,-10.272935],[-77.58308,-10.273151],[-77.584403,-10.275786],[-77.584488,-10.275995],[-77.585016,-10.27749],[-77.585687,-10.279652],[-77.586137,-10.280691],[-77.586564,-10.281222],[-77.587651,-10.282388],[-77.588034,-10.282632],[-77.589047,-10.283163],[-77.589665,-10.283463],[-77.590098,-10.283611],[-77.590291,-10.283732],[-77.590446,-10.283898],[-77.591551,-10.285343],[-77.592821,-10.287226],[-77.593122,-10.287568],[-77.593935,-10.288366],[-77.594463,-10.288801],[-77.595238,-10.289283],[-77.595594,-10.289569],[-77.596098,-10.29003],[-77.596412,-10.29036],[-77.596747,-10.290669],[-77.59817,-10.291404],[-77.598565,-10.291634],[-77.598733,-10.291786],[-77.598858,-10.291975],[-77.598941,-10.292185],[-77.599072,-10.293308],[-77.599183,-10.293746],[-77.599427,-10.29438],[-77.600341,-10.296204],[-77.600484,-10.296633],[-77.600577,-10.29684],[-77.600993,-10.297646],[-77.601963,-10.299695],[-77.602159,-10.300345],[-77.602302,-10.301008],[-77.60277,-10.302755],[-77.602993,-10.303151],[-77.603124,-10.303334],[-77.603929,-10.304139],[-77.60423,-10.30448],[-77.60444,-10.304882],[-77.604749,-10.305966],[-77.605272,-10.30671],[-77.605449,-10.306849],[-77.606418,-10.307454],[-77.606792,-10.307717],[-77.607477,-10.308318],[-77.608025,-10.308728],[-77.608533,-10.309185],[-77.608845,-10.309515],[-77.609033,-10.309644],[-77.609239,-10.30974],[-77.610537,-10.310195],[-77.611202,-10.310371],[-77.611651,-10.310467],[-77.612562,-10.310578],[-77.614396,-10.31067],[-77.614622,-10.310705],[-77.614835,-10.310789],[-77.61502,-10.310922],[-77.61594,-10.311931],[-77.616736,-10.312746],[-77.616882,-10.31292],[-77.617209,-10.313236],[-77.617412,-10.313334],[-77.617641,-10.313354],[-77.61787,-10.313366],[-77.618557,-10.313321],[-77.618784,-10.313345],[-77.619207,-10.313518],[-77.619399,-10.313639],[-77.61971,-10.313971],[-77.619829,-10.314163],[-77.61992,-10.314371],[-77.620392,-10.315884],[-77.62083,-10.316929],[-77.621634,-10.318298],[-77.621772,-10.318479],[-77.621945,-10.318627],[-77.622691,-10.319153],[-77.623026,-10.31946],[-77.62331,-10.319815],[-77.623963,-10.320745],[-77.624109,-10.320919],[-77.624274,-10.321075],[-77.626217,-10.322662],[-77.626366,-10.322831],[-77.626418,-10.323043],[-77.626385,-10.323262],[-77.626281,-10.323461],[-77.626137,-10.323638],[-77.62603,-10.323836],[-77.625956,-10.324049],[-77.626088,-10.324225],[-77.626416,-10.32454],[-77.627126,-10.325113],[-77.627281,-10.325278],[-77.627346,-10.325492],[-77.627312,-10.325713],[-77.627115,-10.32612],[-77.627051,-10.326336],[-77.626728,-10.328574],[-77.626191,-10.329822],[-77.626141,-10.330042],[-77.626166,-10.330493],[-77.626158,-10.330719],[-77.626097,-10.330936],[-77.625667,-10.331984],[-77.62563,-10.332206],[-77.625694,-10.332653],[-77.626149,-10.334405],[-77.62618,-10.334629],[-77.626156,-10.334853],[-77.625914,-10.335487],[-77.625861,-10.335706],[-77.625853,-10.335932],[-77.625898,-10.336608],[-77.625993,-10.336813],[-77.626125,-10.336996],[-77.626604,-10.337483],[-77.626747,-10.33766],[-77.626862,-10.337854],[-77.627078,-10.338497],[-77.627177,-10.338701],[-77.627318,-10.338878],[-77.627487,-10.339031],[-77.629903,-10.341118],[-77.630085,-10.341256],[-77.632203,-10.34261],[-77.632556,-10.342898],[-77.632971,-10.343438],[-77.633325,-10.34402],[-77.633601,-10.344381],[-77.634573,-10.345343],[-77.634869,-10.345687],[-77.635836,-10.347225],[-77.636125,-10.347575],[-77.636294,-10.347729],[-77.63946,-10.349976],[-77.640523,-10.350838],[-77.644173,-10.35394],[-77.644573,-10.354161],[-77.646059,-10.354763],[-77.646491,-10.354917],[-77.646942,-10.354997],[-77.648543,-10.355136],[-77.648758,-10.355211],[-77.64896,-10.355319],[-77.649141,-10.355456],[-77.649277,-10.355637],[-77.649375,-10.355839],[-77.649442,-10.356055],[-77.649591,-10.356947],[-77.649715,-10.357381],[-77.651183,-10.359939],[-77.651357,-10.360357],[-77.65157,-10.361002],[-77.651671,-10.361204],[-77.651808,-10.361385],[-77.651986,-10.361526],[-77.652571,-10.361886],[-77.652922,-10.362175],[-77.653066,-10.362351],[-77.653197,-10.362537],[-77.653298,-10.362739],[-77.654426,-10.365214],[-77.654689,-10.365584],[-77.655025,-10.36589],[-77.655217,-10.366014],[-77.655642,-10.366183],[-77.655863,-10.366242],[-77.656321,-10.36626],[-77.656549,-10.366234],[-77.656769,-10.366172],[-77.659399,-10.365361],[-77.659623,-10.365322],[-77.660079,-10.365365],[-77.660299,-10.36543],[-77.660504,-10.365531],[-77.660862,-10.365813],[-77.661163,-10.366153],[-77.66125,-10.36636],[-77.66156,-10.367448],[-77.661644,-10.367657],[-77.661907,-10.368024],[-77.664753,-10.369934],[-77.665112,-10.370215],[-77.665262,-10.370384],[-77.665384,-10.370575],[-77.666187,-10.371947],[-77.666485,-10.372289],[-77.667792,-10.37356],[-77.667964,-10.373708],[-77.668158,-10.37383],[-77.668366,-10.37392],[-77.669238,-10.374205],[-77.669446,-10.374294],[-77.669616,-10.374443],[-77.669856,-10.374828],[-77.669949,-10.375035],[-77.670265,-10.375362],[-77.670819,-10.375765],[-77.671005,-10.375897],[-77.671215,-10.375987],[-77.671866,-10.37621],[-77.672237,-10.376469],[-77.672522,-10.376822],[-77.672689,-10.376977],[-77.67356,-10.377262],[-77.673923,-10.377536],[-77.674772,-10.378296],[-77.675624,-10.379362],[-77.675955,-10.379675],[-77.678775,-10.381994],[-77.679896,-10.383127],[-77.680067,-10.383277],[-77.680255,-10.383405],[-77.681851,-10.384301],[-77.682489,-10.384556],[-77.683353,-10.384862],[-77.683797,-10.38497],[-77.684026,-10.384975],[-77.685162,-10.384814],[-77.68539,-10.38479],[-77.685619,-10.384796],[-77.687886,-10.38515],[-77.68811,-10.385202],[-77.688323,-10.385284],[-77.690621,-10.386314],[-77.690828,-10.386413],[-77.691017,-10.386539],[-77.691187,-10.386689],[-77.691323,-10.38687],[-77.691507,-10.387284],[-77.69283,-10.390415],[-77.69322,-10.391478],[-77.693329,-10.391917],[-77.693401,-10.392363],[-77.693662,-10.395064],[-77.693711,-10.395282],[-77.693797,-10.395492],[-77.694059,-10.395862],[-77.69519,-10.396986],[-77.695458,-10.397351],[-77.696468,-10.398862],[-77.699417,-10.402328],[-77.699893,-10.402818],[-77.700062,-10.40297],[-77.702478,-10.404695],[-77.702787,-10.405027],[-77.702981,-10.405436],[-77.703531,-10.406923],[-77.703638,-10.407123],[-77.703779,-10.407298],[-77.703943,-10.407456],[-77.704118,-10.407601],[-77.707478,-10.40997],[-77.707674,-10.410088],[-77.708078,-10.410302],[-77.711812,-10.412047],[-77.712218,-10.412257],[-77.712407,-10.412385],[-77.712575,-10.412537],[-77.712876,-10.412879],[-77.712981,-10.413079],[-77.713056,-10.413292],[-77.713129,-10.413737],[-77.713108,-10.417806],[-77.713142,-10.418028],[-77.713363,-10.418905],[-77.713541,-10.419322],[-77.714152,-10.420538],[-77.714527,-10.421106],[-77.715738,-10.422143],[-77.716179,-10.422663],[-77.717602,-10.423394],[-77.71898,-10.424587],[-77.72014,-10.425319],[-77.720568,-10.42548],[-77.721465,-10.425669],[-77.721693,-10.425689],[-77.72307,-10.425668],[-77.723522,-10.425745],[-77.723956,-10.42589],[-77.724161,-10.42599],[-77.724351,-10.426117],[-77.724693,-10.426418],[-77.724851,-10.426582],[-77.725855,-10.427816],[-77.725953,-10.428021],[-77.726049,-10.428462],[-77.7264,-10.431152],[-77.726452,-10.431372],[-77.726731,-10.431991],[-77.726778,-10.432212],[-77.726787,-10.432436],[-77.72653,-10.433302],[-77.726323,-10.434183],[-77.726264,-10.434857],[-77.726297,-10.435761],[-77.726366,-10.436208],[-77.726646,-10.437303],[-77.727372,-10.438965],[-77.727508,-10.439396],[-77.727649,-10.440059],[-77.727892,-10.440694],[-77.729126,-10.44337],[-77.729555,-10.44417],[-77.72969,-10.44435],[-77.730763,-10.445527],[-77.731182,-10.446331],[-77.731314,-10.446763],[-77.731475,-10.447653],[-77.731615,-10.448084],[-77.73261,-10.450613],[-77.73266,-10.451287],[-77.732676,-10.454227],[-77.732491,-10.456707],[-77.732467,-10.457159],[-77.73249,-10.457383],[-77.732566,-10.457829],[-77.733221,-10.459996],[-77.733569,-10.461771],[-77.73418,-10.465109],[-77.734373,-10.465519],[-77.73452,-10.465688],[-77.735131,-10.466001],[-77.735315,-10.466131],[-77.73548,-10.466287],[-77.735585,-10.466487],[-77.73571,-10.467382],[-77.73581,-10.467823],[-77.736086,-10.468443],[-77.737231,-10.470403],[-77.737802,-10.47111],[-77.738478,-10.471719],[-77.738599,-10.471911],[-77.738699,-10.472115],[-77.738984,-10.472974],[-77.739247,-10.473601],[-77.740387,-10.475563],[-77.740729,-10.476402],[-77.741898,-10.478606],[-77.742005,-10.479045],[-77.742094,-10.479944],[-77.742515,-10.481704],[-77.742589,-10.481919],[-77.743938,-10.484791],[-77.744164,-10.485184],[-77.744594,-10.485713],[-77.746371,-10.48748],[-77.746557,-10.487613],[-77.746958,-10.487831],[-77.747177,-10.487897],[-77.748304,-10.48811],[-77.748744,-10.488235],[-77.748957,-10.488319],[-77.749157,-10.48843],[-77.74953,-10.488693],[-77.74971,-10.488834],[-77.749859,-10.489005],[-77.750441,-10.489705],[-77.751284,-10.490778],[-77.751418,-10.490961],[-77.751647,-10.491352],[-77.751741,-10.491558],[-77.751804,-10.491775],[-77.751877,-10.492221],[-77.752033,-10.493796],[-77.752116,-10.494241],[-77.752179,-10.494458],[-77.75236,-10.494872],[-77.753104,-10.496275],[-77.753286,-10.496929],[-77.753853,-10.499814],[-77.754053,-10.500928],[-77.754196,-10.502277],[-77.75444,-10.506792],[-77.755061,-10.510587],[-77.755199,-10.511017],[-77.755303,-10.511217],[-77.755437,-10.5114],[-77.75607,-10.512055],[-77.7562,-10.51224],[-77.75641,-10.512642],[-77.756496,-10.513086],[-77.75652,-10.51331],[-77.756513,-10.513536],[-77.75616,-10.514845],[-77.756126,-10.515295],[-77.756215,-10.515967],[-77.756629,-10.51796],[-77.756811,-10.518614],[-77.757277,-10.51989],[-77.757762,-10.520657],[-77.757855,-10.520863],[-77.757895,-10.521085],[-77.757905,-10.52131],[-77.757808,-10.522664],[-77.757816,-10.522888],[-77.757858,-10.52311],[-77.757932,-10.523324],[-77.758164,-10.523713],[-77.758764,-10.524396],[-77.758883,-10.524589],[-77.758967,-10.524799],[-77.759009,-10.52502],[-77.759016,-10.525246],[-77.758991,-10.52547],[-77.758936,-10.525689],[-77.758845,-10.525896],[-77.75815,-10.527067],[-77.758068,-10.527278],[-77.758019,-10.527499],[-77.758003,-10.527723],[-77.758027,-10.528175],[-77.758449,-10.530856],[-77.758407,-10.531305],[-77.757858,-10.533732],[-77.757787,-10.534179],[-77.757763,-10.53463],[-77.757942,-10.53711],[-77.757974,-10.537334],[-77.758842,-10.540381],[-77.758916,-10.540826],[-77.758906,-10.541051],[-77.758815,-10.541494],[-77.758733,-10.541704],[-77.758431,-10.542314],[-77.758377,-10.542532],[-77.758366,-10.542757],[-77.758398,-10.542981],[-77.758475,-10.543193],[-77.75876,-10.543811],[-77.758838,-10.544024],[-77.758933,-10.544465],[-77.758949,-10.544689],[-77.758901,-10.548985],[-77.758927,-10.549208],[-77.758984,-10.549427],[-77.759146,-10.54985],[-77.759792,-10.551298],[-77.759909,-10.551493],[-77.760064,-10.551658],[-77.76024,-10.551803],[-77.760817,-10.552172],[-77.761142,-10.552491],[-77.761251,-10.55269],[-77.761411,-10.553112],[-77.761455,-10.553562],[-77.761441,-10.554465],[-77.761366,-10.554911],[-77.76061,-10.557754],[-77.760529,-10.558428],[-77.760366,-10.560456],[-77.760313,-10.560674],[-77.760207,-10.560871],[-77.760046,-10.561029],[-77.759681,-10.561303],[-77.759349,-10.561614],[-77.759167,-10.562027],[-77.759155,-10.562251],[-77.759378,-10.563359],[-77.759409,-10.56381],[-77.75942,-10.564488],[-77.759404,-10.564714],[-77.759318,-10.565157],[-77.759245,-10.565371],[-77.757416,-10.569271],[-77.757239,-10.569689],[-77.757147,-10.57013],[-77.757131,-10.570355],[-77.75714,-10.570581],[-77.757262,-10.571016],[-77.757362,-10.571218],[-77.75807,-10.572108],[-77.759235,-10.573507],[-77.759495,-10.573878],[-77.759608,-10.574075],[-77.75968,-10.574289],[-77.759948,-10.575388],[-77.760046,-10.575592],[-77.760177,-10.575777],[-77.760332,-10.575942],[-77.761688,-10.577162],[-77.76197,-10.577518],[-77.762063,-10.577723],[-77.766605,-10.59361],[-77.767665,-10.598473],[-77.767875,-10.599118],[-77.768374,-10.600136],[-77.775274,-10.612911],[-77.775508,-10.6133],[-77.776786,-10.614898],[-77.783706,-10.623344],[-77.784035,-10.623658],[-77.784214,-10.6238],[-77.786454,-10.625379],[-77.793754,-10.631584],[-77.79408,-10.631903],[-77.794696,-10.632573],[-77.79879,-10.637744],[-77.799727,-10.639029],[-77.8018,-10.642286],[-77.803699,-10.645382],[-77.806354,-10.649614],[-77.806642,-10.650229],[-77.806712,-10.650444],[-77.806803,-10.650887],[-77.807887,-10.659867],[-77.808031,-10.660989],[-77.808146,-10.661658],[-77.808397,-10.66276],[-77.808509,-10.662951],[-77.808919,-10.663138],[-77.809068,-10.663306],[-77.809111,-10.663524],[-77.809059,-10.663741],[-77.808904,-10.663906],[-77.808699,-10.663998],[-77.80847,-10.663979],[-77.808023,-10.663881],[-77.807794,-10.663886],[-77.807343,-10.663968],[-77.806886,-10.663998],[-77.80666,-10.664036],[-77.805784,-10.664306],[-77.796132,-10.667933],[-77.795282,-10.668277],[-77.795077,-10.668379],[-77.794893,-10.66851],[-77.794727,-10.668666],[-77.79447,-10.669039],[-77.794387,-10.669249],[-77.794231,-10.670139],[-77.794077,-10.670563],[-77.793968,-10.671002],[-77.793975,-10.671227],[-77.794041,-10.671442],[-77.794144,-10.671644],[-77.794285,-10.671819],[-77.794353,-10.672033],[-77.79433,-10.67225],[-77.79419,-10.67243],[-77.79366,-10.67286],[-77.793499,-10.673022],[-77.793226,-10.673385],[-77.793029,-10.673793],[-77.792955,-10.674006],[-77.792776,-10.674893],[-77.792094,-10.678678],[-77.791904,-10.679329],[-77.791072,-10.681677],[-77.790619,-10.682716],[-77.784992,-10.694351],[-77.784225,-10.695742],[-77.783471,-10.696877],[-77.782639,-10.697958],[-77.782191,-10.698473],[-77.779803,-10.700917],[-77.775137,-10.705594],[-77.773893,-10.706925],[-77.77299,-10.707949],[-77.771421,-10.709897],[-77.766322,-10.716588],[-77.758832,-10.726318],[-77.747443,-10.739927],[-77.746341,-10.741374],[-77.730608,-10.762815],[-77.730115,-10.763578],[-77.72977,-10.764165],[-77.729453,-10.764767],[-77.729165,-10.765383],[-77.727355,-10.769784],[-77.727169,-10.770197],[-77.727073,-10.770402],[-77.726604,-10.77118],[-77.72622,-10.771743],[-77.725643,-10.772446],[-77.724994,-10.773086],[-77.720745,-10.776886],[-77.720266,-10.777373],[-77.719521,-10.778232],[-77.718837,-10.779141],[-77.714925,-10.784723],[-77.713697,-10.786359],[-77.713131,-10.787071],[-77.709166,-10.791764],[-77.708603,-10.792479],[-77.707712,-10.793795],[-77.707143,-10.794777],[-77.706639,-10.795792],[-77.702684,-10.804453],[-77.70203,-10.806143],[-77.701548,-10.807653],[-77.701255,-10.808746],[-77.701017,-10.809852],[-77.700754,-10.811413],[-77.700579,-10.812986],[-77.700525,-10.813889],[-77.700501,-10.815019],[-77.700516,-10.815923],[-77.700596,-10.817504],[-77.700907,-10.821788],[-77.700977,-10.82337],[-77.700946,-10.824499],[-77.700858,-10.825626],[-77.700689,-10.826744],[-77.70056,-10.82741],[-77.70034,-10.828289],[-77.700085,-10.829157],[-77.689586,-10.861219],[-77.688358,-10.865105],[-77.687586,-10.86771],[-77.685175,-10.876202],[-77.684898,-10.877064],[-77.684334,-10.878545],[-77.683743,-10.879771],[-77.683304,-10.880564],[-77.675746,-10.892709],[-77.661666,-10.915237],[-77.661128,-10.915969],[-77.660672,-10.916477],[-77.657581,-10.919508],[-77.656582,-10.920443],[-77.654539,-10.922263],[-77.653913,-10.922925],[-77.653482,-10.923453],[-77.652984,-10.924213],[-77.652482,-10.925229],[-77.652174,-10.926081],[-77.651113,-10.930014],[-77.647298,-10.944455],[-77.647164,-10.94512],[-77.647101,-10.945568],[-77.645773,-10.979909],[-77.64573,-10.980359],[-77.645577,-10.981251],[-77.645336,-10.982123],[-77.645008,-10.982967],[-77.644711,-10.983579],[-77.644487,-10.983974],[-77.644118,-10.984546],[-77.643399,-10.985427],[-77.643083,-10.985755],[-77.642582,-10.98622],[-77.642043,-10.986642],[-77.639002,-10.988672],[-77.626413,-10.996978],[-77.615519,-11.004118],[-77.614468,-11.004995],[-77.613472,-11.005932],[-77.611942,-11.007299],[-77.611126,-11.008094],[-77.607085,-11.011783],[-77.605927,-11.012881],[-77.604554,-11.014082],[-77.602356,-11.01607],[-77.601527,-11.016853],[-77.600746,-11.01768],[-77.599414,-11.019236],[-77.59887,-11.019964],[-77.598234,-11.020906],[-77.593954,-11.027603],[-77.593612,-11.028192],[-77.593305,-11.028799],[-77.592786,-11.030055],[-77.592516,-11.03092],[-77.589774,-11.041197],[-77.589461,-11.042518],[-77.58917,-11.044075],[-77.588987,-11.045874],[-77.588933,-11.046777],[-77.588945,-11.048133],[-77.588999,-11.049263],[-77.589463,-11.054896],[-77.589512,-11.055799],[-77.58953,-11.05693],[-77.589485,-11.058059],[-77.58936,-11.059183],[-77.589209,-11.060075],[-77.588852,-11.061618],[-77.58857,-11.062479],[-77.586762,-11.067123],[-77.585789,-11.069418],[-77.584582,-11.072351],[-77.5843,-11.073211],[-77.583848,-11.074251],[-77.583178,-11.075935],[-77.58303,-11.076363],[-77.58273,-11.077454],[-77.582513,-11.078564],[-77.582434,-11.079237],[-77.58237,-11.080139],[-77.582379,-11.08127],[-77.582419,-11.081947],[-77.582574,-11.083295],[-77.583365,-11.088665],[-77.58357,-11.089546],[-77.584022,-11.091065],[-77.584421,-11.092124],[-77.584977,-11.093365],[-77.585381,-11.094177],[-77.588959,-11.10101],[-77.589557,-11.102232],[-77.589903,-11.103069],[-77.590322,-11.104361],[-77.591822,-11.11005],[-77.592324,-11.11179],[-77.593908,-11.117692],[-77.594054,-11.118355],[-77.594136,-11.119028],[-77.594165,-11.119932],[-77.594164,-11.120158],[-77.593839,-11.123079],[-77.593813,-11.123757],[-77.593859,-11.124886],[-77.594011,-11.126006],[-77.594225,-11.126886],[-77.596598,-11.134682],[-77.596804,-11.135563],[-77.596932,-11.136459],[-77.597379,-11.140505],[-77.59748,-11.141857],[-77.597509,-11.142535],[-77.597488,-11.144344],[-77.597414,-11.145472],[-77.597239,-11.147045],[-77.596969,-11.148605],[-77.596773,-11.149488],[-77.596491,-11.150584],[-77.596086,-11.151881],[-77.595522,-11.153363],[-77.595078,-11.154405],[-77.594157,-11.156226],[-77.593592,-11.157211],[-77.59059,-11.162028],[-77.58474,-11.171225],[-77.576385,-11.18448],[-77.574538,-11.187342],[-77.571724,-11.191197],[-77.569743,-11.193972],[-77.460624,-11.344775],[-77.444662,-11.366889],[-77.425449,-11.393384],[-77.424628,-11.394473],[-77.423858,-11.395311],[-77.423185,-11.395925],[-77.422441,-11.396455],[-77.421657,-11.396926],[-77.420827,-11.397313],[-77.420187,-11.397564],[-77.419534,-11.397779],[-77.419311,-11.397831],[-77.418411,-11.39801],[-77.41727,-11.398126],[-77.416351,-11.39812],[-77.415208,-11.398014],[-77.403594,-11.396546],[-77.396304,-11.395652],[-77.395617,-11.3956],[-77.39516,-11.395629],[-77.394934,-11.395669],[-77.394492,-11.395793],[-77.394073,-11.395976],[-77.39369,-11.396226],[-77.393341,-11.396519],[-77.393037,-11.396858],[-77.392901,-11.39704],[-77.392678,-11.397434],[-77.392589,-11.397643],[-77.392457,-11.398075],[-77.392417,-11.398298],[-77.39238,-11.398749],[-77.392382,-11.399201],[-77.392637,-11.406205],[-77.392577,-11.407107],[-77.392435,-11.40777],[-77.39221,-11.408411],[-77.391904,-11.409018],[-77.391522,-11.409582],[-77.391379,-11.409759],[-77.390902,-11.410248],[-77.39073,-11.410396],[-77.390376,-11.410685],[-77.3898,-11.411055],[-77.389175,-11.41134],[-77.388521,-11.411554],[-77.387845,-11.411679],[-77.387159,-11.41173],[-77.386472,-11.411683],[-77.386018,-11.411618],[-77.385571,-11.411513],[-77.384927,-11.411273],[-77.38411,-11.410862],[-77.381154,-11.409122],[-77.380524,-11.40885],[-77.380079,-11.408738],[-77.379625,-11.408678],[-77.379167,-11.408668],[-77.378488,-11.408778],[-77.378053,-11.408922],[-77.377635,-11.409108],[-77.377245,-11.409345],[-77.376891,-11.409633],[-77.376565,-11.40995],[-77.376293,-11.410314],[-77.374753,-11.412831],[-77.374443,-11.413437],[-77.374194,-11.414069],[-77.373824,-11.415374],[-77.373649,-11.415791],[-77.373534,-11.415987],[-77.372751,-11.416796],[-77.372088,-11.417421],[-77.371521,-11.418133],[-77.367825,-11.424122],[-77.367375,-11.42491],[-77.366512,-11.426246],[-77.36568,-11.4276],[-77.364298,-11.429947],[-77.361639,-11.434175],[-77.360439,-11.435544],[-77.359322,-11.436681],[-77.35412,-11.442106],[-77.353957,-11.442265],[-77.352743,-11.443302],[-77.351459,-11.444253],[-77.350494,-11.444865],[-77.349487,-11.445407],[-77.343418,-11.448104],[-77.341088,-11.449065],[-77.314029,-11.460922],[-77.313627,-11.461141],[-77.313249,-11.461396],[-77.3129,-11.46169],[-77.312584,-11.462018],[-77.312297,-11.46237],[-77.312051,-11.462752],[-77.311753,-11.463363],[-77.310067,-11.468052],[-77.309261,-11.470408],[-77.309209,-11.470629],[-77.309159,-11.470849],[-77.309092,-11.471751],[-77.309114,-11.472655],[-77.309229,-11.47446],[-77.309211,-11.47559],[-77.309171,-11.47604],[-77.309095,-11.476486],[-77.308931,-11.477145],[-77.30774,-11.480567],[-77.306585,-11.483762],[-77.306306,-11.484623],[-77.305911,-11.485685],[-77.304639,-11.489318],[-77.304508,-11.489751],[-77.304314,-11.490635],[-77.303759,-11.493753],[-77.303667,-11.494196],[-77.303599,-11.494411],[-77.296479,-11.514235],[-77.296131,-11.515071],[-77.295797,-11.515664],[-77.289134,-11.52569],[-77.283678,-11.536653],[-77.2816,-11.54043],[-77.281097,-11.541446],[-77.279099,-11.545767],[-77.277741,-11.548385],[-77.277274,-11.549163],[-77.276619,-11.550091],[-77.275925,-11.550992],[-77.274986,-11.552276],[-77.274543,-11.552796],[-77.274062,-11.55328],[-77.273343,-11.553843],[-77.272966,-11.5541],[-77.269204,-11.556274],[-77.268823,-11.556525],[-77.268495,-11.556842],[-77.268068,-11.55737],[-77.267902,-11.557524],[-77.267312,-11.557873],[-77.267134,-11.558016],[-77.266831,-11.558351],[-77.2666,-11.558736],[-77.26643,-11.559156],[-77.266373,-11.559374],[-77.262361,-11.577025],[-77.262358,-11.577242],[-77.261713,-11.579879],[-77.261418,-11.580736],[-77.259355,-11.586252],[-77.256565,-11.593431],[-77.256273,-11.594045],[-77.255919,-11.594627],[-77.255366,-11.595348],[-77.254893,-11.59584],[-77.254548,-11.596139],[-77.253626,-11.596811],[-77.249608,-11.599436],[-77.249049,-11.599831],[-77.241941,-11.605558],[-77.237778,-11.609449],[-77.237252,-11.609887],[-77.234681,-11.611787],[-77.233752,-11.612451],[-77.233178,-11.612826],[-77.232563,-11.613129],[-77.232125,-11.613263],[-77.2319,-11.613309],[-77.231445,-11.613363],[-77.231216,-11.613368],[-77.230538,-11.613249],[-77.230318,-11.613184],[-77.200119,-11.601698],[-77.199684,-11.601556],[-77.199231,-11.601486],[-77.198544,-11.601454],[-77.198315,-11.601476],[-77.197641,-11.601613],[-77.197214,-11.601777],[-77.19681,-11.601991],[-77.196444,-11.602262],[-77.196107,-11.602569],[-77.195684,-11.603102],[-77.195563,-11.603294],[-77.195369,-11.603704],[-77.195171,-11.604352],[-77.19502,-11.604641],[-77.194999,-11.605148],[-77.195051,-11.605681],[-77.195195,-11.606263],[-77.195302,-11.606537],[-77.195441,-11.606813],[-77.195798,-11.607341],[-77.196024,-11.6076],[-77.196289,-11.607853],[-77.196714,-11.608166],[-77.197124,-11.608392],[-77.199423,-11.609401],[-77.202222,-11.61057],[-77.202612,-11.610703],[-77.203202,-11.610857],[-77.205017,-11.611143],[-77.205348,-11.611246],[-77.205603,-11.611362],[-77.206028,-11.611624],[-77.206414,-11.611965],[-77.206736,-11.612407],[-77.20688,-11.612687],[-77.20698,-11.612948],[-77.207065,-11.613302],[-77.207097,-11.613689],[-77.207008,-11.615653],[-77.207066,-11.616639],[-77.207396,-11.618689],[-77.20744,-11.619103],[-77.207436,-11.619632],[-77.207365,-11.620533],[-77.207244,-11.621664],[-77.207246,-11.622533],[-77.207425,-11.627865],[-77.207419,-11.628341],[-77.207373,-11.628949],[-77.20727,-11.629628],[-77.206355,-11.633325],[-77.206262,-11.633852],[-77.206185,-11.634996],[-77.206209,-11.635447],[-77.206313,-11.636269],[-77.206355,-11.636885],[-77.206336,-11.637534],[-77.206287,-11.637937],[-77.206115,-11.63863],[-77.205423,-11.640471],[-77.203729,-11.643955],[-77.203383,-11.644824],[-77.202979,-11.646183],[-77.20285,-11.646543],[-77.202619,-11.647042],[-77.20207,-11.648008],[-77.201901,-11.648392],[-77.201771,-11.648817],[-77.201699,-11.649151],[-77.201518,-11.650623],[-77.201384,-11.651348],[-77.201203,-11.652011],[-77.20094,-11.652742],[-77.200739,-11.653203],[-77.200397,-11.653857],[-77.20003,-11.654438],[-77.199416,-11.65532],[-77.199161,-11.65576],[-77.198942,-11.656243],[-77.198516,-11.657432],[-77.198378,-11.657707],[-77.198215,-11.657968],[-77.197956,-11.658294],[-77.197615,-11.658623],[-77.1972,-11.65892],[-77.196892,-11.659086],[-77.196568,-11.659219],[-77.193385,-11.660294],[-77.192573,-11.66068],[-77.192099,-11.660966],[-77.191661,-11.661274],[-77.186753,-11.665244],[-77.186164,-11.665779],[-77.18572,-11.666268],[-77.185258,-11.666881],[-77.184842,-11.667582],[-77.184538,-11.668258],[-77.184382,-11.668703],[-77.184224,-11.669311],[-77.184152,-11.669711],[-77.184068,-11.670448],[-77.183688,-11.676972],[-77.183208,-11.686129],[-77.183061,-11.68692],[-77.182851,-11.687739],[-77.182601,-11.688395],[-77.18223,-11.68919],[-77.180807,-11.69184],[-77.180492,-11.692509],[-77.180184,-11.693312],[-77.179896,-11.694199],[-77.179683,-11.695139],[-77.179503,-11.696244],[-77.179057,-11.701161],[-77.17887,-11.702121],[-77.17874,-11.702567],[-77.17838,-11.703446],[-77.177574,-11.704904],[-77.177403,-11.705364],[-77.177174,-11.706203],[-77.1771,-11.706882],[-77.177113,-11.707324],[-77.177063,-11.709123],[-77.176996,-11.709648],[-77.176883,-11.710063],[-77.176808,-11.710446],[-77.176529,-11.711106],[-77.176348,-11.711402],[-77.175867,-11.71206],[-77.175198,-11.712786],[-77.174892,-11.713171],[-77.174621,-11.713613],[-77.174445,-11.714012],[-77.174306,-11.714401],[-77.174227,-11.714852],[-77.174182,-11.716028],[-77.174133,-11.716461],[-77.174078,-11.716723],[-77.173986,-11.716955],[-77.173778,-11.717367],[-77.17281,-11.71897],[-77.172484,-11.719448],[-77.170708,-11.722364],[-77.170321,-11.72286],[-77.169849,-11.723313],[-77.168905,-11.724053],[-77.168381,-11.724524],[-77.167952,-11.725036],[-77.166116,-11.727852],[-77.165764,-11.728264],[-77.165412,-11.728608],[-77.165043,-11.72886],[-77.164639,-11.729087],[-77.160393,-11.730956],[-77.159783,-11.731124],[-77.158976,-11.731283],[-77.158041,-11.731342],[-77.157174,-11.7313],[-77.155929,-11.731056],[-77.154316,-11.730527],[-77.152762,-11.729947],[-77.152217,-11.729707],[-77.152086,-11.729996],[-77.15187,-11.729918],[-77.151865,-11.729934],[-77.151447,-11.729784],[-77.146495,-11.727684],[-77.145302,-11.727263],[-77.144203,-11.727062],[-77.143371,-11.727028],[-77.142358,-11.727104],[-77.141688,-11.72723],[-77.140899,-11.727474],[-77.139663,-11.728095],[-77.139139,-11.72844],[-77.138452,-11.728969],[-77.137955,-11.729474],[-77.137319,-11.730297],[-77.136804,-11.731222],[-77.136495,-11.731969],[-77.136255,-11.732827],[-77.136161,-11.733449],[-77.136091,-11.734543],[-77.136075,-11.735608],[-77.136113,-11.736227],[-77.136272,-11.737197],[-77.136375,-11.737684],[-77.136581,-11.738348],[-77.137088,-11.739499],[-77.137946,-11.740827],[-77.138916,-11.74197],[-77.153277,-11.758176],[-77.156477,-11.761818],[-77.156955,-11.762397],[-77.157139,-11.76265],[-77.157369,-11.76299],[-77.157668,-11.7635],[-77.157934,-11.764051],[-77.158271,-11.764885],[-77.158449,-11.76546],[-77.158574,-11.76598],[-77.158793,-11.767524],[-77.159109,-11.770353],[-77.159326,-11.772531],[-77.159685,-11.775482],[-77.159764,-11.776741],[-77.159721,-11.777531],[-77.159653,-11.778018],[-77.159412,-11.779018],[-77.159161,-11.779643],[-77.158703,-11.780539],[-77.158193,-11.781337],[-77.15757,-11.782004],[-77.151102,-11.788326],[-77.143955,-11.795385],[-77.137783,-11.801426],[-77.137124,-11.8021],[-77.136779,-11.802502],[-77.1365,-11.802876],[-77.13437,-11.805965],[-77.129069,-11.813734],[-77.1287,-11.814322],[-77.128433,-11.814831],[-77.128013,-11.815756],[-77.125598,-11.821603],[-77.125375,-11.822048],[-77.125018,-11.822553],[-77.120116,-11.828102],[-77.119495,-11.828771],[-77.118121,-11.829925],[-77.117755,-11.830191],[-77.106934,-11.838846],[-77.105343,-11.840143],[-77.103504,-11.841581],[-77.100321,-11.844158],[-77.079106,-11.861116],[-77.074856,-11.864557],[-77.074407,-11.865009],[-77.073928,-11.865622],[-77.069943,-11.871595],[-77.069718,-11.871994],[-77.06954,-11.872411],[-77.06942,-11.872832],[-77.069304,-11.873434],[-77.06917,-11.875518],[-77.068275,-11.891473],[-77.067999,-11.897095],[-77.067712,-11.901523],[-77.067694,-11.90205],[-77.067752,-11.902817],[-77.067796,-11.903081],[-77.067874,-11.903341],[-77.068037,-11.903722],[-77.06953,-11.906898],[-77.069971,-11.90763],[-77.071128,-11.90923],[-77.07135,-11.909688],[-77.072286,-11.911077],[-77.073206,-11.912327],[-77.073602,-11.913017],[-77.073777,-11.91343],[-77.07388,-11.91381],[-77.073933,-11.914119],[-77.073953,-11.914417],[-77.073941,-11.915068],[-77.073901,-11.915577],[-77.073611,-11.918279],[-77.073429,-11.920474],[-77.0727,-11.92805],[-77.072513,-11.930308],[-77.07225,-11.932748],[-77.071437,-11.941684],[-77.071474,-11.942014],[-77.071481,-11.94264],[-77.07138,-11.944876],[-77.071391,-11.944993],[-77.071573,-11.945385],[-77.071595,-11.94555],[-77.071583,-11.945633],[-77.071517,-11.945787],[-77.071415,-11.945896],[-77.071251,-11.945981],[-77.071067,-11.946],[-77.070975,-11.945982],[-77.07081,-11.945899],[-77.07069,-11.945761],[-77.070648,-11.945667],[-77.07051,-11.945519],[-77.070349,-11.945446],[-77.069776,-11.945409],[-77.0686,-11.945236],[-77.066734,-11.944865],[-77.066517,-11.944793],[-77.066459,-11.945165],[-77.066368,-11.945527],[-77.065426,-11.950239],[-77.065246,-11.951045],[-77.065187,-11.951202],[-77.065015,-11.951509],[-77.064972,-11.951622],[-77.064369,-11.954498],[-77.064285,-11.954797],[-77.063853,-11.956064],[-77.063733,-11.956551],[-77.062877,-11.960897],[-77.062865,-11.96113],[-77.06304,-11.96145],[-77.063056,-11.96156],[-77.063041,-11.96167],[-77.062995,-11.961772],[-77.062922,-11.961857],[-77.062809,-11.961929],[-77.062728,-11.96202],[-77.062636,-11.96217],[-77.062593,-11.962293],[-77.061987,-11.964767],[-77.060088,-11.973624],[-77.059919,-11.974301],[-77.059817,-11.974913],[-77.059779,-11.976104],[-77.059806,-11.97633],[-77.060022,-11.976677],[-77.060056,-11.976829],[-77.059997,-11.977183],[-77.059514,-11.979285],[-77.059553,-11.97987],[-77.05931,-11.981052],[-77.058797,-11.983448],[-77.058336,-11.983985],[-77.058264,-11.984136],[-77.057176,-11.988433],[-77.057117,-11.988826],[-77.057108,-11.989142],[-77.057351,-11.991722],[-77.057372,-11.992242],[-77.05732,-11.992664],[-77.057229,-11.992997],[-77.057076,-11.993372],[-77.055768,-11.995505],[-77.055594,-11.995823],[-77.0555,-11.996098],[-77.055414,-11.996451],[-77.055387,-11.99687],[-77.055424,-11.997733],[-77.055412,-11.998344],[-77.054746,-12.003313],[-77.054514,-12.004584],[-77.054548,-12.004661],[-77.054598,-12.004699],[-77.055148,-12.004783],[-77.055235,-12.004979],[-77.055479,-12.004656],[-77.055693,-12.004559],[-77.05578,-12.004678],[-77.055899,-12.004594],[-77.056269,-12.004647],[-77.056415,-12.004847],[-77.056506,-12.004825],[-77.056568,-12.005026],[-77.056462,-12.005127],[-77.056436,-12.0051],[-77.056392,-12.005131],[-77.05561,-12.005008],[-77.055466,-12.00511],[-77.055303,-12.004884],[-77.055075,-12.004856],[-77.055188,-12.005012],[-77.055075,-12.004856],[-77.054593,-12.004807],[-77.054484,-12.004868],[-77.054444,-12.004913],[-77.053685,-12.008651],[-77.053412,-12.009774],[-77.051992,-12.01612],[-77.051713,-12.017275],[-77.05169,-12.017531],[-77.051429,-12.018753],[-77.050835,-12.02193],[-77.050714,-12.022452],[-77.050632,-12.022665],[-77.050513,-12.022892],[-77.050344,-12.023119],[-77.050121,-12.023366],[-77.048186,-12.024988],[-77.046846,-12.026174],[-77.044603,-12.02827],[-77.044529,-12.028353],[-77.044466,-12.028516],[-77.043955,-12.03415],[-77.043765,-12.03683],[-77.04371,-12.03741],[-77.043655,-12.03756],[-77.043586,-12.038021],[-77.04339,-12.040167],[-77.043362,-12.04086],[-77.043043,-12.044149],[-77.043016,-12.044262],[-77.042822,-12.047096],[-77.04281,-12.047201],[-77.042731,-12.047459],[-77.042568,-12.049462],[-77.042541,-12.049944],[-77.042569,-12.050165],[-77.042504,-12.050693],[-77.042203,-12.054504],[-77.041766,-12.059488],[-77.041768,-12.05962],[-77.041808,-12.059757],[-77.04195,-12.059861],[-77.042078,-12.060068],[-77.042105,-12.060214],[-77.042089,-12.06037],[-77.041981,-12.06058],[-77.041848,-12.060696],[-77.041695,-12.060762],[-77.041516,-12.060779],[-77.04135,-12.060742],[-77.041225,-12.060678],[-77.041068,-12.060506],[-77.04101,-12.060362],[-77.040905,-12.060288],[-77.038031,-12.06006],[-77.037612,-12.059975],[-77.036926,-12.059912],[-77.036698,-12.059926],[-77.036479,-12.059989],[-77.036276,-12.060093],[-77.036111,-12.06],[-77.035998,-12.060452],[-77.035821,-12.060757],[-77.035666,-12.060941],[-77.035145,-12.061433],[-77.034987,-12.061611],[-77.034768,-12.062008],[-77.034162,-12.063685],[-77.033594,-12.065172],[-77.032216,-12.064982],[-77.032073,-12.064906],[-77.032105,-12.065132],[-77.032033,-12.065652]]}}]}