{"type":"FeatureCollection","features":[{"type":"Feature","properties":{"fuente":"OpenStreetMap 2026-10-02 (recorrido.py)","pasos":[{"accion":"inicio","via":"Carretera Panamericana Sur","m":42390},{"accion":"sigue","via":"Avenida Panamericana Sur","m":4042},{"accion":"sigue","via":"","m":857},{"accion":"sigue","via":"Avenida Santiago de Surco","m":128},{"accion":"sigue","via":"","m":455},{"accion":"sigue","via":"Avenida Panamericana Sur","m":410},{"accion":"izquierda","via":"Avenida Los Álamos","m":136}],"sin_calle":0,"fuera":[1657628,0]},"geometry":{"type":"LineString","coordinates":[[-71.971926,-13.533239],[-71.970787,-13.533096],[-71.970629,-13.533015],[-71.970754,-13.532119],[-71.970574,-13.53205],[-71.969212,-13.531848],[-71.968986,-13.531855],[-71.968762,-13.531902],[-71.968334,-13.532047],[-71.968105,-13.532063],[-71.967418,-13.532023],[-71.966966,-13.531941],[-71.966793,-13.532058],[-71.966565,-13.532086],[-71.964053,-13.532341],[-71.962452,-13.532476],[-71.961315,-13.532631],[-71.9604,-13.532705],[-71.957204,-13.533046],[-71.956518,-13.5331],[-71.955606,-13.533207],[-71.955391,-13.533264],[-71.955183,-13.533279],[-71.955028,-13.533146],[-71.954799,-13.53313],[-71.954571,-13.53315],[-71.9516,-13.533438],[-71.949549,-13.533686],[-71.947721,-13.533861],[-71.945668,-13.534091],[-71.94247,-13.534408],[-71.941097,-13.534515],[-71.938583,-13.53476],[-71.938131,-13.534834],[-71.937443,-13.534878],[-71.931961,-13.535424],[-71.930594,-13.53559],[-71.926481,-13.535984],[-71.925798,-13.536071],[-71.920547,-13.536601],[-71.920319,-13.53658],[-71.920095,-13.536529],[-71.919658,-13.536394],[-71.918828,-13.536007],[-71.917341,-13.535407],[-71.916507,-13.535029],[-71.916363,-13.534877],[-71.916352,-13.534653],[-71.916177,-13.534557],[-71.915737,-13.534424],[-71.914627,-13.53414],[-71.91417,-13.534096],[-71.913717,-13.534162],[-71.913284,-13.534313],[-71.913078,-13.534413],[-71.912514,-13.534801],[-71.912335,-13.534857],[-71.912049,-13.534505],[-71.911758,-13.533648],[-71.911601,-13.533664],[-71.903779,-13.538819],[-71.896175,-13.544283],[-71.895381,-13.544736],[-71.894541,-13.545103],[-71.893676,-13.545403],[-71.89057,-13.546218],[-71.889664,-13.546356],[-71.886769,-13.547071],[-71.885222,-13.547499],[-71.883667,-13.547898],[-71.879021,-13.549168],[-71.873521,-13.550784],[-71.866171,-13.552598],[-71.864599,-13.552927],[-71.862329,-13.553263],[-71.861427,-13.553431],[-71.86097,-13.55347],[-71.859839,-13.553664],[-71.859176,-13.553845],[-71.858745,-13.554],[-71.858152,-13.554324],[-71.853626,-13.557418],[-71.852457,-13.558136],[-71.831434,-13.567772],[-71.831033,-13.56799],[-71.830467,-13.568377],[-71.83011,-13.568661],[-71.826532,-13.571843],[-71.82618,-13.572134],[-71.8256,-13.572497],[-71.820254,-13.575113],[-71.819062,-13.575793],[-71.818311,-13.576312],[-71.802126,-13.588221],[-71.801182,-13.588863],[-71.80056,-13.589152],[-71.800122,-13.589287],[-71.799898,-13.589335],[-71.799214,-13.589413],[-71.79256,-13.589625],[-71.791881,-13.589739],[-71.791227,-13.589948],[-71.784769,-13.592894],[-71.784567,-13.593002],[-71.784377,-13.593129],[-71.784048,-13.593444],[-71.783206,-13.594516],[-71.783047,-13.594679],[-71.782691,-13.594962],[-71.782295,-13.59519],[-71.781866,-13.595351],[-71.763903,-13.600902],[-71.761944,-13.601547],[-71.760922,-13.602063],[-71.757529,-13.603963],[-71.756511,-13.604484],[-71.747276,-13.608517],[-71.746625,-13.608737],[-71.745946,-13.60885],[-71.742053,-13.609129],[-71.741597,-13.609179],[-71.740463,-13.609352],[-71.735959,-13.610233],[-71.733778,-13.610936],[-71.733551,-13.61097],[-71.733094,-13.610959],[-71.73287,-13.610914],[-71.732442,-13.61075],[-71.732241,-13.610642],[-71.731895,-13.610345],[-71.729672,-13.608059],[-71.728265,-13.606568],[-71.728074,-13.606446],[-71.727852,-13.606398],[-71.727629,-13.606444],[-71.727422,-13.606539],[-71.727245,-13.606682],[-71.727099,-13.606855],[-71.727025,-13.607068],[-71.726982,-13.607289],[-71.726868,-13.608186],[-71.726648,-13.608828],[-71.72605,-13.61005],[-71.725773,-13.610671],[-71.725438,-13.611512],[-71.725134,-13.61212],[-71.725013,-13.612312],[-71.724198,-13.613405],[-71.724012,-13.613535],[-71.723803,-13.613624],[-71.723141,-13.613808],[-71.722723,-13.613993],[-71.722354,-13.61426],[-71.72185,-13.614723],[-71.721668,-13.61486],[-71.720895,-13.615349],[-71.719702,-13.616027],[-71.719117,-13.616384],[-71.718177,-13.617033],[-71.715048,-13.619331],[-71.714859,-13.619457],[-71.714654,-13.619559],[-71.713143,-13.620098],[-71.712264,-13.620356],[-71.711128,-13.620516],[-71.707472,-13.620873],[-71.707247,-13.620913],[-71.707032,-13.620991],[-71.706836,-13.621108],[-71.706687,-13.621279],[-71.706583,-13.621478],[-71.706386,-13.622128],[-71.706231,-13.622553],[-71.705483,-13.624205],[-71.705363,-13.624396],[-71.705214,-13.624569],[-71.704872,-13.624868],[-71.697701,-13.630148],[-71.697364,-13.630454],[-71.697218,-13.630628],[-71.697101,-13.630823],[-71.696955,-13.63125],[-71.696897,-13.631697],[-71.696883,-13.632375],[-71.696851,-13.632599],[-71.696732,-13.633035],[-71.696349,-13.634101],[-71.696255,-13.634306],[-71.696104,-13.634475],[-71.695933,-13.634626],[-71.695563,-13.634892],[-71.695407,-13.635057],[-71.695274,-13.635241],[-71.695216,-13.63546],[-71.695172,-13.635681],[-71.695195,-13.635904],[-71.695271,-13.636117],[-71.695402,-13.6363],[-71.695765,-13.636574],[-71.695925,-13.636733],[-71.696027,-13.636931],[-71.696025,-13.637156],[-71.695965,-13.637373],[-71.69422,-13.640031],[-71.693957,-13.640402],[-71.69353,-13.640934],[-71.692895,-13.641588],[-71.692751,-13.641763],[-71.692503,-13.642143],[-71.6923,-13.642549],[-71.690609,-13.646262],[-71.690388,-13.646657],[-71.690117,-13.647023],[-71.687391,-13.65008],[-71.687002,-13.65064],[-71.685779,-13.652553],[-71.685568,-13.652955],[-71.685442,-13.653389],[-71.684828,-13.657642],[-71.684731,-13.658083],[-71.684579,-13.658509],[-71.683188,-13.661363],[-71.682859,-13.661959],[-71.682618,-13.662344],[-71.681357,-13.663955],[-71.68105,-13.664291],[-71.680698,-13.664578],[-71.67971,-13.665155],[-71.679521,-13.665283],[-71.679353,-13.665435],[-71.679103,-13.665813],[-71.678806,-13.666425],[-71.678453,-13.667007],[-71.678028,-13.66754],[-71.677545,-13.668023],[-71.677004,-13.668442],[-71.675139,-13.66976],[-71.673809,-13.671007],[-71.673436,-13.67127],[-71.673034,-13.671488],[-71.672477,-13.671885],[-71.668354,-13.675485],[-71.668,-13.675773],[-71.667422,-13.67614],[-71.665168,-13.677262],[-71.664774,-13.677493],[-71.664604,-13.677644],[-71.662913,-13.680065],[-71.662756,-13.68023],[-71.662572,-13.680365],[-71.662363,-13.680456],[-71.662143,-13.680518],[-71.661916,-13.68054],[-71.660542,-13.68044],[-71.660083,-13.680437],[-71.659862,-13.680499],[-71.659434,-13.680662],[-71.656071,-13.682117],[-71.655855,-13.682192],[-71.6554,-13.682232],[-71.654715,-13.682163],[-71.654488,-13.68219],[-71.654285,-13.682293],[-71.652934,-13.68315],[-71.652182,-13.683669],[-71.651877,-13.684005],[-71.650948,-13.685297],[-71.65065,-13.685641],[-71.65048,-13.685792],[-71.650097,-13.686041],[-71.648686,-13.6868],[-71.648494,-13.686922],[-71.647006,-13.688333],[-71.646812,-13.688455],[-71.646387,-13.688624],[-71.645487,-13.688802],[-71.645277,-13.688891],[-71.643913,-13.689727],[-71.64299,-13.690398],[-71.639939,-13.691971],[-71.639321,-13.692266],[-71.639111,-13.692355],[-71.638891,-13.692418],[-71.638663,-13.692437],[-71.638445,-13.692372],[-71.638256,-13.692251],[-71.637343,-13.691235],[-71.637224,-13.691043],[-71.637169,-13.690825],[-71.637159,-13.689922],[-71.637097,-13.689706],[-71.636948,-13.689535],[-71.636223,-13.68898],[-71.636085,-13.688802],[-71.636018,-13.688588],[-71.636032,-13.687912],[-71.635967,-13.687697],[-71.635845,-13.687506],[-71.635016,-13.686423],[-71.634862,-13.686256],[-71.6345,-13.685981],[-71.634071,-13.685823],[-71.633845,-13.685782],[-71.630417,-13.685461],[-71.629965,-13.685393],[-71.628823,-13.685283],[-71.628135,-13.685293],[-71.627459,-13.685422],[-71.627003,-13.68546],[-71.626804,-13.685362],[-71.626695,-13.68517],[-71.626716,-13.684949],[-71.626821,-13.684749],[-71.628677,-13.681893],[-71.629576,-13.680061],[-71.631081,-13.677789],[-71.631814,-13.67664],[-71.631915,-13.676438],[-71.632005,-13.67623],[-71.632587,-13.674514],[-71.632632,-13.674293],[-71.632641,-13.674068],[-71.632582,-13.673849],[-71.632482,-13.673649],[-71.632333,-13.673481],[-71.632143,-13.673356],[-71.631925,-13.673286],[-71.631698,-13.67326],[-71.631472,-13.673294],[-71.631259,-13.673376],[-71.631084,-13.67352],[-71.630932,-13.673689],[-71.625245,-13.68272],[-71.6251,-13.682894],[-71.624773,-13.68321],[-71.624375,-13.683435],[-71.624166,-13.683528],[-71.621507,-13.684236],[-71.621285,-13.684289],[-71.621055,-13.684298],[-71.620828,-13.684267],[-71.620613,-13.684194],[-71.620408,-13.684094],[-71.620066,-13.683793],[-71.6196,-13.683295],[-71.619396,-13.683214],[-71.619168,-13.683224],[-71.618947,-13.68328],[-71.618509,-13.683416],[-71.618313,-13.683532],[-71.615952,-13.685679],[-71.615769,-13.685814],[-71.615558,-13.685901],[-71.615334,-13.68595],[-71.615108,-13.685927],[-71.614894,-13.685847],[-71.614554,-13.685545],[-71.61426,-13.685198],[-71.614084,-13.685053],[-71.613883,-13.684949],[-71.613659,-13.684904],[-71.613432,-13.684928],[-71.613215,-13.684999],[-71.613025,-13.685124],[-71.611971,-13.685997],[-71.611773,-13.686111],[-71.611357,-13.686301],[-71.611174,-13.686435],[-71.610812,-13.68701],[-71.610254,-13.687997],[-71.610099,-13.688162],[-71.609889,-13.68824],[-71.609432,-13.688207],[-71.609215,-13.688134],[-71.609015,-13.688027],[-71.608637,-13.687777],[-71.60841,-13.687774],[-71.608199,-13.687856],[-71.607003,-13.688528],[-71.606708,-13.688871],[-71.606544,-13.689027],[-71.606343,-13.689127],[-71.606115,-13.689154],[-71.605429,-13.689216],[-71.605201,-13.68921],[-71.604996,-13.68911],[-71.604642,-13.688824],[-71.604422,-13.688774],[-71.604192,-13.688784],[-71.603057,-13.688952],[-71.60283,-13.68893],[-71.602406,-13.68876],[-71.60162,-13.688295],[-71.601415,-13.688194],[-71.600563,-13.687856],[-71.599521,-13.687382],[-71.599088,-13.687233],[-71.598861,-13.687223],[-71.598634,-13.687252],[-71.598414,-13.687318],[-71.598203,-13.687405],[-71.597001,-13.688067],[-71.596557,-13.688171],[-71.59633,-13.688145],[-71.596113,-13.688073],[-71.595925,-13.687944],[-71.59577,-13.687778],[-71.595374,-13.687224],[-71.595216,-13.68706],[-71.595035,-13.686922],[-71.594446,-13.68657],[-71.594233,-13.68649],[-71.594027,-13.686573],[-71.593705,-13.686895],[-71.593568,-13.687074],[-71.593555,-13.687293],[-71.593628,-13.687506],[-71.594916,-13.689904],[-71.595442,-13.690644],[-71.595682,-13.691029],[-71.595778,-13.691234],[-71.596133,-13.692309],[-71.59623,-13.692514],[-71.596352,-13.692705],[-71.596504,-13.692874],[-71.596681,-13.693016],[-71.598214,-13.694013],[-71.59839,-13.694157],[-71.598537,-13.69433],[-71.598576,-13.694551],[-71.598531,-13.695001],[-71.598201,-13.69701],[-71.598073,-13.697443],[-71.59796,-13.697639],[-71.597789,-13.697789],[-71.597591,-13.697903],[-71.596967,-13.69819],[-71.596768,-13.698302],[-71.596586,-13.698439],[-71.596428,-13.698602],[-71.596161,-13.69897],[-71.595993,-13.69939],[-71.595941,-13.699608],[-71.595908,-13.700059],[-71.596101,-13.70435],[-71.596118,-13.704575],[-71.59617,-13.704795],[-71.596253,-13.705006],[-71.597256,-13.706784],[-71.597392,-13.707213],[-71.597414,-13.707438],[-71.597367,-13.708341],[-71.59726,-13.709466],[-71.596887,-13.7142],[-71.596906,-13.714877],[-71.597038,-13.716228],[-71.597076,-13.71645],[-71.598276,-13.719629],[-71.60172,-13.728498],[-71.601784,-13.728714],[-71.601806,-13.728938],[-71.60178,-13.729162],[-71.601702,-13.729374],[-71.60159,-13.729571],[-71.601102,-13.730336],[-71.600872,-13.73121],[-71.60056,-13.732061],[-71.600501,-13.732278],[-71.600481,-13.732503],[-71.600476,-13.733181],[-71.600423,-13.7334],[-71.60021,-13.733801],[-71.598791,-13.735858],[-71.59857,-13.736251],[-71.598515,-13.73647],[-71.598508,-13.736695],[-71.598643,-13.73759],[-71.598644,-13.737815],[-71.598595,-13.738035],[-71.598508,-13.738244],[-71.598067,-13.739036],[-71.597933,-13.739219],[-71.59775,-13.739355],[-71.595887,-13.740231],[-71.595712,-13.740378],[-71.595564,-13.74055],[-71.595447,-13.740743],[-71.594309,-13.742707],[-71.593937,-13.743534],[-71.592935,-13.745048],[-71.592633,-13.745387],[-71.591293,-13.746261],[-71.591116,-13.746404],[-71.590816,-13.746746],[-71.5907,-13.746941],[-71.590528,-13.74736],[-71.589775,-13.750203],[-71.589596,-13.750619],[-71.589463,-13.750802],[-71.589313,-13.750973],[-71.588004,-13.752242],[-71.587833,-13.752393],[-71.587641,-13.752515],[-71.58505,-13.753435],[-71.584838,-13.753521],[-71.584641,-13.753635],[-71.584472,-13.753788],[-71.584327,-13.753963],[-71.581548,-13.757843],[-71.581268,-13.758201],[-71.580923,-13.758497],[-71.579577,-13.759361],[-71.579414,-13.759518],[-71.579293,-13.75971],[-71.579216,-13.759922],[-71.579175,-13.760144],[-71.579126,-13.76082],[-71.579071,-13.761039],[-71.578891,-13.761454],[-71.578479,-13.762262],[-71.57813,-13.762847],[-71.577856,-13.763209],[-71.577396,-13.763713],[-71.575906,-13.765123],[-71.575627,-13.765481],[-71.575406,-13.765876],[-71.574764,-13.767327],[-71.574589,-13.767982],[-71.574298,-13.770453],[-71.57409,-13.772477],[-71.573101,-13.777585],[-71.572942,-13.778245],[-71.572683,-13.778872],[-71.572448,-13.779259],[-71.572314,-13.779443],[-71.570641,-13.781305],[-71.56984,-13.782677],[-71.569696,-13.782852],[-71.569523,-13.783001],[-71.56708,-13.784689],[-71.566206,-13.785422],[-71.564393,-13.787153],[-71.564198,-13.787273],[-71.563779,-13.787455],[-71.56118,-13.788358],[-71.56097,-13.788447],[-71.560572,-13.788671],[-71.55882,-13.78975],[-71.55845,-13.790017],[-71.558291,-13.79018],[-71.558043,-13.79056],[-71.555161,-13.795449],[-71.554918,-13.795832],[-71.55464,-13.796191],[-71.553211,-13.797662],[-71.552868,-13.797962],[-71.552482,-13.798206],[-71.552065,-13.798394],[-71.548847,-13.799604],[-71.548643,-13.799707],[-71.548465,-13.799848],[-71.548318,-13.800021],[-71.548208,-13.800218],[-71.548091,-13.800654],[-71.54772,-13.802425],[-71.547647,-13.802639],[-71.547438,-13.80304],[-71.547136,-13.803381],[-71.544777,-13.805531],[-71.544475,-13.805871],[-71.544358,-13.806065],[-71.544271,-13.806274],[-71.543835,-13.807561],[-71.543741,-13.808003],[-71.543734,-13.808228],[-71.543803,-13.808674],[-71.543978,-13.809091],[-71.544257,-13.809449],[-71.544618,-13.809727],[-71.550927,-13.81386],[-71.551112,-13.813993],[-71.551277,-13.814149],[-71.551392,-13.814344],[-71.551458,-13.814559],[-71.551476,-13.816141],[-71.551434,-13.81659],[-71.551372,-13.816807],[-71.551279,-13.817013],[-71.551174,-13.817214],[-71.551034,-13.817393],[-71.550347,-13.817991],[-71.550154,-13.818112],[-71.549938,-13.818182],[-71.54971,-13.818178],[-71.548339,-13.818051],[-71.547886,-13.817981],[-71.547677,-13.817887],[-71.546175,-13.816846],[-71.545974,-13.816738],[-71.545764,-13.816649],[-71.545543,-13.816589],[-71.545315,-13.816562],[-71.545086,-13.816562],[-71.544859,-13.816597],[-71.544641,-13.816661],[-71.544432,-13.816754],[-71.544234,-13.816867],[-71.54406,-13.817013],[-71.543504,-13.817732],[-71.542854,-13.818664],[-71.542617,-13.81905],[-71.542526,-13.819257],[-71.54138,-13.822694],[-71.53998,-13.827],[-71.539666,-13.82785],[-71.539321,-13.828436],[-71.536865,-13.831986],[-71.536668,-13.832394],[-71.5366,-13.83261],[-71.53656,-13.832832],[-71.536222,-13.837341],[-71.536229,-13.837567],[-71.536321,-13.838008],[-71.536522,-13.838413],[-71.536831,-13.838746],[-71.537204,-13.839009],[-71.538384,-13.83971],[-71.538569,-13.839843],[-71.53873,-13.840003],[-71.538846,-13.840197],[-71.53893,-13.840407],[-71.539306,-13.841475],[-71.539332,-13.841698],[-71.539297,-13.84192],[-71.539221,-13.842133],[-71.53909,-13.842317],[-71.538934,-13.842482],[-71.537827,-13.843289],[-71.537327,-13.843755],[-71.533377,-13.84846],[-71.533113,-13.848829],[-71.532359,-13.850477],[-71.532083,-13.850837],[-71.531919,-13.850996],[-71.528627,-13.854148],[-71.528276,-13.854438],[-71.528071,-13.854537],[-71.526062,-13.855014],[-71.525634,-13.855172],[-71.525269,-13.855444],[-71.524005,-13.856757],[-71.523567,-13.85728],[-71.522663,-13.858588],[-71.522247,-13.859129],[-71.521034,-13.860487],[-71.51888,-13.862836],[-71.518143,-13.863702],[-71.517947,-13.86411],[-71.51762,-13.865428],[-71.517552,-13.865642],[-71.517453,-13.865847],[-71.516176,-13.867143],[-71.514856,-13.868708],[-71.514205,-13.869345],[-71.514067,-13.869526],[-71.512349,-13.872724],[-71.512101,-13.873104],[-71.511287,-13.874197],[-71.510777,-13.87521],[-71.510709,-13.875425],[-71.510677,-13.875649],[-71.510703,-13.8761],[-71.511398,-13.881482],[-71.51139,-13.881934],[-71.511223,-13.88259],[-71.511027,-13.882999],[-71.510144,-13.884586],[-71.509767,-13.885153],[-71.507102,-13.888835],[-71.506854,-13.889216],[-71.505395,-13.89178],[-71.505221,-13.892198],[-71.504863,-13.893507],[-71.504765,-13.893711],[-71.504506,-13.894083],[-71.502322,-13.896705],[-71.501914,-13.897252],[-71.501574,-13.897841],[-71.500929,-13.89929],[-71.500669,-13.900157],[-71.499079,-13.906291],[-71.498834,-13.907163],[-71.498444,-13.908698],[-71.49841,-13.908921],[-71.498408,-13.909147],[-71.498485,-13.909592],[-71.498573,-13.909801],[-71.498686,-13.909996],[-71.498971,-13.910348],[-71.50039,-13.911497],[-71.501832,-13.912617],[-71.501972,-13.912796],[-71.50206,-13.913004],[-71.502069,-13.913227],[-71.502002,-13.91344],[-71.501502,-13.914196],[-71.501408,-13.914402],[-71.501346,-13.914619],[-71.50132,-13.914844],[-71.501328,-13.915069],[-71.501364,-13.915292],[-71.501443,-13.915504],[-71.501551,-13.915703],[-71.501684,-13.915887],[-71.503565,-13.918168],[-71.505352,-13.919926],[-71.505498,-13.920098],[-71.505559,-13.920314],[-71.505574,-13.920539],[-71.505377,-13.923245],[-71.505409,-13.923468],[-71.505474,-13.923684],[-71.505734,-13.924312],[-71.505794,-13.924529],[-71.505809,-13.924754],[-71.505745,-13.92497],[-71.505247,-13.925988],[-71.505165,-13.926198],[-71.504617,-13.92816],[-71.502588,-13.935817],[-71.502413,-13.936233],[-71.501429,-13.938022],[-71.501185,-13.938656],[-71.500618,-13.940377],[-71.500566,-13.940596],[-71.500526,-13.941047],[-71.500465,-13.943081],[-71.500475,-13.943306],[-71.500597,-13.944202],[-71.500609,-13.944428],[-71.500587,-13.944652],[-71.500343,-13.945286],[-71.500296,-13.945504],[-71.500313,-13.945728],[-71.500361,-13.945949],[-71.500955,-13.948132],[-71.501073,-13.951748],[-71.501057,-13.951973],[-71.500949,-13.952412],[-71.500795,-13.952838],[-71.500413,-13.95366],[-71.499443,-13.955456],[-71.498968,-13.956231],[-71.498848,-13.956423],[-71.496516,-13.959505],[-71.496273,-13.959888],[-71.495986,-13.960504],[-71.49587,-13.960941],[-71.494872,-13.967195],[-71.494044,-13.970719],[-71.493758,-13.971578],[-71.491133,-13.978092],[-71.490889,-13.978964],[-71.490665,-13.980073],[-71.490516,-13.980499],[-71.490387,-13.980685],[-71.490233,-13.980852],[-71.490046,-13.980982],[-71.48984,-13.981078],[-71.48805,-13.981477],[-71.487842,-13.98157],[-71.487481,-13.981849],[-71.487338,-13.982022],[-71.482708,-13.989036],[-71.482309,-13.989589],[-71.481713,-13.990276],[-71.478163,-13.993489],[-71.477792,-13.993755],[-71.47738,-13.993952],[-71.47716,-13.994014],[-71.472936,-13.99509],[-71.472711,-13.99513],[-71.472482,-13.99514],[-71.472258,-13.995107],[-71.472045,-13.995023],[-71.465541,-13.991659],[-71.46511,-13.991504],[-71.464884,-13.991476],[-71.464655,-13.991476],[-71.464431,-13.991521],[-71.464215,-13.991596],[-71.464019,-13.991713],[-71.463841,-13.991854],[-71.463684,-13.992018],[-71.462185,-13.99402],[-71.462067,-13.994212],[-71.461975,-13.994419],[-71.461834,-13.994848],[-71.461683,-13.99574],[-71.460322,-14.005141],[-71.460262,-14.005358],[-71.459204,-14.007617],[-71.459142,-14.007833],[-71.459072,-14.008734],[-71.459033,-14.008956],[-71.458971,-14.009173],[-71.458563,-14.009983],[-71.458485,-14.010195],[-71.457774,-14.013513],[-71.456824,-14.017706],[-71.456786,-14.018155],[-71.456793,-14.018607],[-71.45682,-14.018831],[-71.457683,-14.023272],[-71.457692,-14.023724],[-71.457654,-14.023946],[-71.457459,-14.024353],[-71.456905,-14.025074],[-71.456786,-14.025266],[-71.456705,-14.025477],[-71.456651,-14.025696],[-71.45656,-14.026596],[-71.456477,-14.027039],[-71.456384,-14.027245],[-71.456266,-14.027438],[-71.456117,-14.027609],[-71.455787,-14.027923],[-71.453546,-14.029865],[-71.453236,-14.030198],[-71.453102,-14.03038],[-71.452656,-14.031171],[-71.452389,-14.031539],[-71.451147,-14.032871],[-71.451004,-14.033048],[-71.450789,-14.033447],[-71.450126,-14.035134],[-71.450067,-14.035352],[-71.449868,-14.037605],[-71.449806,-14.038052],[-71.449663,-14.038716],[-71.448979,-14.041344],[-71.448799,-14.041759],[-71.44869,-14.041958],[-71.448183,-14.042712],[-71.447878,-14.04332],[-71.447737,-14.043749],[-71.44765,-14.044193],[-71.447625,-14.044418],[-71.447622,-14.045548],[-71.447659,-14.045998],[-71.447726,-14.046212],[-71.4481,-14.047038],[-71.448146,-14.047486],[-71.447848,-14.050182],[-71.447886,-14.050632],[-71.448049,-14.051291],[-71.448086,-14.051514],[-71.448106,-14.051964],[-71.448024,-14.052409],[-71.447617,-14.054172],[-71.447598,-14.054623],[-71.447642,-14.055526],[-71.447573,-14.055972],[-71.447399,-14.05639],[-71.447066,-14.056983],[-71.446982,-14.057193],[-71.446591,-14.059191],[-71.446477,-14.059629],[-71.446276,-14.060033],[-71.445451,-14.061118],[-71.445332,-14.061311],[-71.445238,-14.061517],[-71.443937,-14.06538],[-71.443679,-14.066712],[-71.443516,-14.067133],[-71.442279,-14.069037],[-71.441515,-14.069879],[-71.441386,-14.070065],[-71.440622,-14.071457],[-71.440483,-14.071637],[-71.439651,-14.072415],[-71.439508,-14.072591],[-71.439077,-14.07339],[-71.438907,-14.073809],[-71.438854,-14.074029],[-71.438843,-14.07448],[-71.438964,-14.075376],[-71.438984,-14.075826],[-71.438667,-14.077377],[-71.438577,-14.077585],[-71.438461,-14.077779],[-71.438043,-14.078318],[-71.437923,-14.07851],[-71.43777,-14.078934],[-71.437481,-14.080491],[-71.437419,-14.080939],[-71.43745,-14.081163],[-71.437529,-14.081375],[-71.43784,-14.081978],[-71.437969,-14.082411],[-71.438693,-14.087105],[-71.438852,-14.087764],[-71.439023,-14.088184],[-71.439258,-14.088572],[-71.439528,-14.088936],[-71.439845,-14.089264],[-71.440394,-14.089671],[-71.441979,-14.090586],[-71.442163,-14.090721],[-71.44228,-14.090914],[-71.442322,-14.091136],[-71.442251,-14.091348],[-71.442123,-14.091533],[-71.441369,-14.092385],[-71.44071,-14.09331],[-71.440284,-14.093842],[-71.437431,-14.096787],[-71.437293,-14.096967],[-71.437216,-14.097178],[-71.437171,-14.097399],[-71.437112,-14.098302],[-71.437051,-14.098748],[-71.43695,-14.098951],[-71.436815,-14.099133],[-71.436635,-14.099269],[-71.436428,-14.099363],[-71.436205,-14.099415],[-71.43507,-14.099585],[-71.434168,-14.099751],[-71.433938,-14.099759],[-71.433712,-14.099731],[-71.433268,-14.099621],[-71.43286,-14.099415],[-71.432126,-14.098872],[-71.431484,-14.098226],[-71.431275,-14.098136],[-71.43105,-14.098123],[-71.430834,-14.098198],[-71.430677,-14.098357],[-71.430212,-14.099135],[-71.430113,-14.099336],[-71.429961,-14.099505],[-71.427174,-14.102196],[-71.426208,-14.103163],[-71.424971,-14.103753],[-71.423909,-14.104181],[-71.423516,-14.104413],[-71.42318,-14.104721],[-71.420345,-14.107985],[-71.420221,-14.108176],[-71.420059,-14.108597],[-71.419719,-14.110374],[-71.419663,-14.110592],[-71.419478,-14.111005],[-71.417865,-14.113478],[-71.41755,-14.113806],[-71.417016,-14.114232],[-71.416857,-14.114394],[-71.416723,-14.114576],[-71.416517,-14.114981],[-71.416031,-14.116725],[-71.41589,-14.117155],[-71.415797,-14.117361],[-71.415673,-14.117551],[-71.415215,-14.118057],[-71.415085,-14.118242],[-71.414747,-14.118833],[-71.414557,-14.119244],[-71.414485,-14.119458],[-71.414421,-14.119906],[-71.414161,-14.123967],[-71.414112,-14.124188],[-71.414027,-14.124396],[-71.413742,-14.124749],[-71.413116,-14.12541],[-71.41011,-14.129407],[-71.409804,-14.129743],[-71.409294,-14.130199],[-71.408979,-14.130528],[-71.408743,-14.130915],[-71.407493,-14.133584],[-71.407273,-14.13398],[-71.407141,-14.134165],[-71.406983,-14.134328],[-71.406811,-14.134479],[-71.406053,-14.134988],[-71.405722,-14.1353],[-71.405583,-14.13548],[-71.402526,-14.140529],[-71.402256,-14.140894],[-71.401921,-14.141202],[-71.401021,-14.141903],[-71.395716,-14.145866],[-71.395378,-14.146172],[-71.395065,-14.146502],[-71.394924,-14.14668],[-71.394666,-14.147053],[-71.386848,-14.161139],[-71.383675,-14.165009],[-71.382185,-14.167555],[-71.381193,-14.16934],[-71.380824,-14.169912],[-71.376999,-14.174715],[-71.376669,-14.175029],[-71.376288,-14.17528],[-71.376081,-14.175379],[-71.372627,-14.176608],[-71.37224,-14.176847],[-71.368897,-14.179947],[-71.368579,-14.180273],[-71.368311,-14.180638],[-71.367048,-14.183048],[-71.366907,-14.183227],[-71.366735,-14.183375],[-71.36654,-14.183494],[-71.366329,-14.183579],[-71.365877,-14.183648],[-71.364501,-14.183713],[-71.351881,-14.18417],[-71.350735,-14.184231],[-71.350281,-14.184293],[-71.350064,-14.184361],[-71.349857,-14.184458],[-71.34365,-14.187887],[-71.343436,-14.187967],[-71.342992,-14.188081],[-71.339191,-14.188953],[-71.338559,-14.189221],[-71.328983,-14.194593],[-71.328593,-14.194831],[-71.327385,-14.195483],[-71.326742,-14.195723],[-71.315573,-14.199185],[-71.314925,-14.199415],[-71.314725,-14.199526],[-71.310986,-14.202151],[-71.308759,-14.203748],[-71.301283,-14.210097],[-71.28793,-14.221507],[-71.284996,-14.224042],[-71.282378,-14.226245],[-71.270062,-14.236762],[-71.268288,-14.238197],[-71.263709,-14.241969],[-71.259571,-14.245199],[-71.259378,-14.24532],[-71.259169,-14.245411],[-71.258728,-14.245537],[-71.258271,-14.245556],[-71.247265,-14.24501],[-71.246807,-14.245042],[-71.246353,-14.24511],[-71.24569,-14.245291],[-71.234752,-14.250003],[-71.233288,-14.250656],[-71.232902,-14.2509],[-71.232721,-14.251039],[-71.231922,-14.25185],[-71.231152,-14.252688],[-71.230251,-14.253999],[-71.228921,-14.256629],[-71.228773,-14.257056],[-71.22876,-14.257281],[-71.228817,-14.257727],[-71.229012,-14.258135],[-71.229157,-14.25831],[-71.230868,-14.259817],[-71.231924,-14.260688],[-71.232435,-14.261143],[-71.232894,-14.261648],[-71.233003,-14.261845],[-71.233352,-14.262682],[-71.233824,-14.263956],[-71.236852,-14.271772],[-71.236984,-14.272205],[-71.237011,-14.27243],[-71.236977,-14.272879],[-71.236752,-14.273519],[-71.234376,-14.278912],[-71.233902,-14.279942],[-71.233629,-14.280303],[-71.233282,-14.280597],[-71.225301,-14.285071],[-71.225108,-14.285193],[-71.224932,-14.285338],[-71.224625,-14.285667],[-71.224494,-14.285853],[-71.223032,-14.288153],[-71.222386,-14.289087],[-71.221953,-14.289614],[-71.219825,-14.291986],[-71.219492,-14.292297],[-71.218211,-14.293252],[-71.217877,-14.293561],[-71.21761,-14.293928],[-71.207311,-14.310252],[-71.20678,-14.31099],[-71.204956,-14.313316],[-71.204829,-14.313505],[-71.204609,-14.313901],[-71.203164,-14.316979],[-71.20075,-14.320557],[-71.200182,-14.321539],[-71.198867,-14.323922],[-71.197969,-14.325235],[-71.197042,-14.326528],[-71.196039,-14.328043],[-71.194158,-14.33061],[-71.190751,-14.334875],[-71.189723,-14.336373],[-71.189308,-14.336914],[-71.183734,-14.343227],[-71.178233,-14.349601],[-71.177868,-14.349875],[-71.177665,-14.34998],[-71.176615,-14.350434],[-71.171309,-14.352591],[-71.170896,-14.352788],[-71.170515,-14.35304],[-71.164872,-14.358351],[-71.163807,-14.359212],[-71.161273,-14.361159],[-71.160589,-14.361763],[-71.150931,-14.371116],[-71.149118,-14.372848],[-71.144383,-14.377457],[-71.142979,-14.378949],[-71.142484,-14.379421],[-71.140451,-14.381252],[-71.140311,-14.38143],[-71.140096,-14.381829],[-71.134589,-14.394017],[-71.13446,-14.39445],[-71.134316,-14.395113],[-71.132294,-14.40693],[-71.132194,-14.407371],[-71.132025,-14.40779],[-71.13191,-14.407986],[-71.131633,-14.408346],[-71.131479,-14.408513],[-71.131129,-14.408804],[-71.130727,-14.40902],[-71.130514,-14.409106],[-71.130073,-14.409227],[-71.128928,-14.409308],[-71.127094,-14.409377],[-71.126638,-14.409324],[-71.124161,-14.408838],[-71.123482,-14.408725],[-71.123253,-14.4087],[-71.122565,-14.40872],[-71.122112,-14.408786],[-71.121668,-14.408903],[-71.119283,-14.40972],[-71.118882,-14.40994],[-71.118696,-14.410071],[-71.118527,-14.410225],[-71.118236,-14.410573],[-71.118032,-14.410977],[-71.117957,-14.41119],[-71.117876,-14.411635],[-71.117756,-14.413213],[-71.117579,-14.413867],[-71.110637,-14.429878],[-71.110437,-14.430285],[-71.110148,-14.430634],[-71.109975,-14.430782],[-71.109789,-14.430913],[-71.109582,-14.43101],[-71.109152,-14.431169],[-71.106242,-14.431822],[-71.105802,-14.431949],[-71.105382,-14.432131],[-71.104986,-14.43236],[-71.104619,-14.432631],[-71.101961,-14.435127],[-71.101585,-14.435387],[-71.101188,-14.435613],[-71.100763,-14.435783],[-71.100323,-14.435912],[-71.096286,-14.436782],[-71.095634,-14.436997],[-71.094795,-14.437365],[-71.093601,-14.43804],[-71.090766,-14.439967],[-71.090214,-14.440372],[-71.089871,-14.440671],[-71.087669,-14.442977],[-71.087321,-14.44327],[-71.086914,-14.443477],[-71.086695,-14.443543],[-71.084203,-14.44395],[-71.083759,-14.444061],[-71.083548,-14.444151],[-71.083351,-14.444265],[-71.08317,-14.444404],[-71.082845,-14.444723],[-71.082608,-14.445108],[-71.082526,-14.445319],[-71.081553,-14.448571],[-71.081302,-14.44895],[-71.081151,-14.449119],[-71.08079,-14.449398],[-71.080592,-14.44951],[-71.080161,-14.449666],[-71.077222,-14.450176],[-71.076314,-14.450311],[-71.075865,-14.450404],[-71.075642,-14.450458],[-71.074341,-14.450902],[-71.073923,-14.451087],[-71.073739,-14.45122],[-71.073417,-14.451542],[-71.072974,-14.452334],[-71.072586,-14.452893],[-71.069565,-14.456593],[-71.066287,-14.460377],[-71.065951,-14.460683],[-71.065545,-14.460893],[-71.065322,-14.460945],[-71.065095,-14.460975],[-71.064407,-14.46101],[-71.063954,-14.461081],[-71.061303,-14.461821],[-71.060869,-14.461966],[-71.060661,-14.462062],[-71.06046,-14.462171],[-71.059909,-14.462577],[-71.058361,-14.463924],[-71.055397,-14.46606],[-71.054806,-14.466409],[-71.052296,-14.467525],[-71.051624,-14.46767],[-71.044563,-14.468553],[-71.044126,-14.468691],[-71.043297,-14.469078],[-71.042869,-14.469238],[-71.039946,-14.469826],[-71.039029,-14.46987],[-71.032831,-14.469748],[-71.032379,-14.469818],[-71.032161,-14.469888],[-71.03195,-14.469975],[-71.031551,-14.470198],[-71.028451,-14.472139],[-71.028084,-14.47241],[-71.02792,-14.472568],[-71.027631,-14.472919],[-71.027508,-14.473109],[-71.025957,-14.475881],[-71.025673,-14.476236],[-71.025339,-14.476543],[-71.024943,-14.476771],[-71.021117,-14.478308],[-71.020684,-14.478459],[-71.020462,-14.478515],[-71.020236,-14.478554],[-71.019777,-14.478558],[-71.016348,-14.478245],[-71.014346,-14.477743],[-71.013242,-14.477432],[-71.012788,-14.477378],[-71.012329,-14.477394],[-71.012102,-14.477426],[-71.010545,-14.47782],[-71.010328,-14.477892],[-71.010122,-14.477992],[-71.009737,-14.478237],[-71.005932,-14.481154],[-71.005358,-14.481527],[-71.005154,-14.481629],[-71.004718,-14.48177],[-71.004263,-14.481816],[-71.003806,-14.481775],[-71.001108,-14.481234],[-71.00019,-14.481203],[-70.992155,-14.481098],[-70.991926,-14.481117],[-70.991479,-14.481217],[-70.991057,-14.481393],[-70.990686,-14.481657],[-70.990518,-14.481811],[-70.990217,-14.482152],[-70.988045,-14.484784],[-70.987529,-14.485232],[-70.987334,-14.48535],[-70.986907,-14.485516],[-70.983755,-14.486134],[-70.983089,-14.486307],[-70.982217,-14.486587],[-70.976909,-14.488738],[-70.969803,-14.491921],[-70.96896,-14.492278],[-70.967881,-14.492664],[-70.966346,-14.493134],[-70.965894,-14.493213],[-70.963613,-14.493467],[-70.963163,-14.493557],[-70.962948,-14.493632],[-70.96234,-14.493951],[-70.959389,-14.495699],[-70.95898,-14.495902],[-70.958759,-14.495965],[-70.95831,-14.496053],[-70.958081,-14.496059],[-70.957851,-14.496054],[-70.957399,-14.495981],[-70.957179,-14.495917],[-70.956756,-14.495742],[-70.955333,-14.495006],[-70.955121,-14.494923],[-70.954898,-14.494869],[-70.954674,-14.494828],[-70.954444,-14.494822],[-70.954216,-14.494835],[-70.94856,-14.495795],[-70.947878,-14.495892],[-70.946961,-14.495944],[-70.944436,-14.495893],[-70.943518,-14.495906],[-70.943066,-14.495983],[-70.941727,-14.496303],[-70.941293,-14.496446],[-70.941089,-14.496551],[-70.940703,-14.496794],[-70.940366,-14.497099],[-70.938493,-14.499388],[-70.938157,-14.499693],[-70.937962,-14.499813],[-70.937546,-14.500002],[-70.932297,-14.501653],[-70.931656,-14.501897],[-70.931088,-14.502279],[-70.92929,-14.504025],[-70.928607,-14.50463],[-70.927903,-14.505211],[-70.927711,-14.505333],[-70.927503,-14.50543],[-70.926218,-14.505919],[-70.926021,-14.50603],[-70.92566,-14.506309],[-70.925355,-14.506646],[-70.925119,-14.507034],[-70.924461,-14.509433],[-70.924281,-14.509849],[-70.92417,-14.510046],[-70.922252,-14.512863],[-70.921964,-14.513213],[-70.921628,-14.513522],[-70.91925,-14.515298],[-70.918661,-14.515649],[-70.918453,-14.515744],[-70.91423,-14.51752],[-70.913369,-14.517835],[-70.912707,-14.518021],[-70.907104,-14.519248],[-70.906888,-14.519324],[-70.906482,-14.519534],[-70.906126,-14.519819],[-70.905495,-14.520474],[-70.904993,-14.520938],[-70.894089,-14.528852],[-70.892454,-14.530098],[-70.888769,-14.533159],[-70.885696,-14.53588],[-70.884696,-14.536813],[-70.883065,-14.538405],[-70.882067,-14.539339],[-70.881758,-14.539674],[-70.881483,-14.540035],[-70.881363,-14.540228],[-70.881085,-14.540848],[-70.880957,-14.541282],[-70.880135,-14.544808],[-70.880078,-14.545256],[-70.880133,-14.545932],[-70.880344,-14.547501],[-70.880342,-14.547953],[-70.880267,-14.548398],[-70.87968,-14.551049],[-70.879156,-14.552782],[-70.875682,-14.563557],[-70.874836,-14.566376],[-70.874426,-14.567906],[-70.873427,-14.572087],[-70.873152,-14.572949],[-70.872833,-14.57355],[-70.86757,-14.581775],[-70.86549,-14.585292],[-70.865223,-14.58566],[-70.863572,-14.587542],[-70.863247,-14.58786],[-70.863063,-14.587995],[-70.862657,-14.588206],[-70.855743,-14.590652],[-70.855317,-14.59082],[-70.854694,-14.59111],[-70.851015,-14.592963],[-70.845651,-14.595542],[-70.843652,-14.596654],[-70.843241,-14.596856],[-70.843023,-14.596924],[-70.842794,-14.596922],[-70.842571,-14.596873],[-70.841914,-14.596671],[-70.841688,-14.596636],[-70.84146,-14.596643],[-70.841248,-14.596728],[-70.841045,-14.596832],[-70.837401,-14.599194],[-70.836835,-14.599581],[-70.836216,-14.599875],[-70.834464,-14.600419],[-70.83402,-14.600534],[-70.832448,-14.600864],[-70.831769,-14.600977],[-70.83154,-14.600989],[-70.830858,-14.600906],[-70.830424,-14.600761],[-70.830014,-14.600556],[-70.828079,-14.599341],[-70.827875,-14.599237],[-70.827658,-14.599164],[-70.827205,-14.599103],[-70.826752,-14.599167],[-70.826336,-14.599353],[-70.826145,-14.599478],[-70.82383,-14.601334],[-70.823248,-14.601696],[-70.822451,-14.602146],[-70.821828,-14.602433],[-70.820735,-14.602778],[-70.82029,-14.602886],[-70.819833,-14.60292],[-70.819377,-14.602871],[-70.816218,-14.602289],[-70.815778,-14.602161],[-70.814281,-14.601585],[-70.813845,-14.601448],[-70.813616,-14.601425],[-70.813388,-14.601438],[-70.811797,-14.601661],[-70.811581,-14.601735],[-70.811381,-14.601842],[-70.811208,-14.60199],[-70.811063,-14.602163],[-70.810949,-14.602359],[-70.810293,-14.603804],[-70.810179,-14.603999],[-70.81004,-14.604178],[-70.809671,-14.604444],[-70.808203,-14.605086],[-70.807979,-14.60513],[-70.807521,-14.605125],[-70.804802,-14.604688],[-70.804574,-14.604671],[-70.804117,-14.604712],[-70.803669,-14.604808],[-70.794134,-14.607331],[-70.79392,-14.607412],[-70.79353,-14.607648],[-70.793355,-14.607794],[-70.789637,-14.612099],[-70.789465,-14.61225],[-70.789088,-14.612506],[-70.788662,-14.612674],[-70.788215,-14.612776],[-70.787757,-14.612804],[-70.776508,-14.612933],[-70.776052,-14.612986],[-70.775615,-14.613125],[-70.773907,-14.613787],[-70.773706,-14.613897],[-70.773522,-14.61403],[-70.773358,-14.614187],[-70.773215,-14.614364],[-70.772491,-14.615518],[-70.772083,-14.616064],[-70.769283,-14.619057],[-70.768708,-14.619762],[-70.76846,-14.620142],[-70.766942,-14.622673],[-70.7668,-14.622851],[-70.765419,-14.624364],[-70.764322,-14.62552],[-70.763822,-14.625986],[-70.762946,-14.626718],[-70.762794,-14.626886],[-70.762407,-14.627447],[-70.757755,-14.634981],[-70.757182,-14.635687],[-70.756676,-14.636146],[-70.756495,-14.636284],[-70.75591,-14.636642],[-70.755707,-14.636747],[-70.755068,-14.637],[-70.754197,-14.637285],[-70.753985,-14.637373],[-70.753573,-14.637572],[-70.753193,-14.637825],[-70.750619,-14.640078],[-70.750254,-14.640352],[-70.749481,-14.640838],[-70.749308,-14.640988],[-70.749149,-14.64115],[-70.748883,-14.641517],[-70.748774,-14.641716],[-70.748633,-14.642146],[-70.748597,-14.642368],[-70.748331,-14.645296],[-70.748199,-14.652077],[-70.748132,-14.652752],[-70.747991,-14.653181],[-70.747602,-14.654],[-70.747257,-14.654838],[-70.747023,-14.655712],[-70.746972,-14.655932],[-70.746876,-14.656604],[-70.746805,-14.658185],[-70.746773,-14.658409],[-70.746678,-14.658851],[-70.746286,-14.660151],[-70.746119,-14.660809],[-70.745795,-14.662589],[-70.74548,-14.6646],[-70.744602,-14.670872],[-70.743447,-14.680071],[-70.743362,-14.681425],[-70.743452,-14.684588],[-70.743662,-14.685929],[-70.744531,-14.690599],[-70.745351,-14.694125],[-70.745475,-14.694561],[-70.745784,-14.695412],[-70.747493,-14.699609],[-70.747647,-14.700035],[-70.747742,-14.700476],[-70.748601,-14.709934],[-70.749355,-14.717812],[-70.749725,-14.720043],[-70.750804,-14.732206],[-70.750847,-14.733109],[-70.750782,-14.733556],[-70.750616,-14.733977],[-70.749774,-14.735324],[-70.744487,-14.743535],[-70.74053,-14.749631],[-70.738953,-14.752126],[-70.733441,-14.760732],[-70.732698,-14.762135],[-70.731023,-14.766102],[-70.730455,-14.767337],[-70.729631,-14.768954],[-70.729303,-14.76955],[-70.729054,-14.76993],[-70.728506,-14.770655],[-70.728203,-14.770994],[-70.72555,-14.773496],[-70.722495,-14.775889],[-70.721973,-14.77633],[-70.721665,-14.776666],[-70.721417,-14.777046],[-70.721316,-14.777249],[-70.721142,-14.777667],[-70.721073,-14.777883],[-70.721038,-14.778106],[-70.720978,-14.778554],[-70.720971,-14.77878],[-70.721017,-14.779229],[-70.721055,-14.779452],[-70.721186,-14.779885],[-70.721978,-14.782007],[-70.72216,-14.782422],[-70.722529,-14.782994],[-70.722974,-14.78351],[-70.725689,-14.785946],[-70.726007,-14.786272],[-70.726251,-14.786654],[-70.726344,-14.78686],[-70.726463,-14.787296],[-70.726488,-14.787746],[-70.726412,-14.788192],[-70.726256,-14.788617],[-70.72615,-14.788817],[-70.723674,-14.792353],[-70.723397,-14.792714],[-70.722919,-14.793201],[-70.7196,-14.795626],[-70.704017,-14.806814],[-70.702116,-14.808083],[-70.671658,-14.827899],[-70.659243,-14.836054],[-70.658497,-14.836582],[-70.630213,-14.857851],[-70.628905,-14.85877],[-70.606572,-14.873873],[-70.60566,-14.87456],[-70.604101,-14.875895],[-70.604002,-14.876098],[-70.60394,-14.876311],[-70.60395,-14.876535],[-70.604019,-14.876747],[-70.604209,-14.877158],[-70.604336,-14.877591],[-70.604308,-14.878268],[-70.603415,-14.883394],[-70.6033,-14.883831],[-70.603114,-14.884243],[-70.602982,-14.884427],[-70.602647,-14.884735],[-70.601461,-14.885423],[-70.600426,-14.885913],[-70.600024,-14.886131],[-70.599292,-14.886678],[-70.598975,-14.887004],[-70.598559,-14.887544],[-70.598222,-14.888134],[-70.596244,-14.892465],[-70.596123,-14.892656],[-70.595969,-14.892823],[-70.595787,-14.892962],[-70.595594,-14.893082],[-70.595377,-14.893156],[-70.587124,-14.895137],[-70.587008,-14.895272],[-70.586953,-14.895469],[-70.586946,-14.895694],[-70.587205,-14.897025],[-70.587255,-14.897474],[-70.587247,-14.897927],[-70.587211,-14.898377],[-70.587116,-14.898819],[-70.586983,-14.899251],[-70.586222,-14.901143],[-70.585904,-14.902229],[-70.585645,-14.902857],[-70.583537,-14.906092],[-70.5834,-14.906273],[-70.583078,-14.906595],[-70.582894,-14.90673],[-70.563157,-14.919142],[-70.555052,-14.924288],[-70.552755,-14.925786],[-70.549093,-14.928119],[-70.544961,-14.930981],[-70.541411,-14.933477],[-70.532702,-14.939752],[-70.520681,-14.948837],[-70.519982,-14.949423],[-70.51238,-14.956643],[-70.512061,-14.956968],[-70.511793,-14.957334],[-70.510729,-14.959337],[-70.510488,-14.959722],[-70.509673,-14.960815],[-70.509503,-14.960966],[-70.509311,-14.961089],[-70.508907,-14.961303],[-70.496522,-14.966706],[-70.495882,-14.966956],[-70.49544,-14.967078],[-70.4664,-14.972813],[-70.426768,-14.980575],[-70.40966,-14.983959],[-70.408989,-14.98411],[-70.408347,-14.984355],[-70.408141,-14.984454],[-70.407562,-14.98482],[-70.407218,-14.985119],[-70.406901,-14.985446],[-70.406614,-14.985799],[-70.396073,-14.999774],[-70.382047,-15.018243],[-70.370397,-15.033378],[-70.368719,-15.03553],[-70.368327,-15.036087],[-70.368108,-15.036484],[-70.367745,-15.037314],[-70.367065,-15.039473],[-70.365822,-15.043591],[-70.361758,-15.056789],[-70.361461,-15.057644],[-70.361167,-15.058257],[-70.355068,-15.068887],[-70.351994,-15.074188],[-70.351788,-15.074592],[-70.351648,-15.075021],[-70.351604,-15.075243],[-70.35159,-15.075468],[-70.351352,-15.082926],[-70.351367,-15.083151],[-70.351452,-15.083595],[-70.351738,-15.084211],[-70.353767,-15.088014],[-70.353911,-15.088443],[-70.353992,-15.088887],[-70.354,-15.089113],[-70.353841,-15.091368],[-70.353855,-15.091593],[-70.353953,-15.092034],[-70.354594,-15.093485],[-70.361762,-15.109151],[-70.362115,-15.109986],[-70.362319,-15.110634],[-70.362416,-15.111075],[-70.362477,-15.111523],[-70.362536,-15.112426],[-70.363221,-15.130274],[-70.363483,-15.1366],[-70.363504,-15.137956],[-70.363457,-15.138406],[-70.357553,-15.171588],[-70.357524,-15.171812],[-70.357252,-15.177231],[-70.35726,-15.177457],[-70.357607,-15.180831],[-70.357605,-15.181056],[-70.357551,-15.181275],[-70.357457,-15.181481],[-70.357322,-15.181663],[-70.355779,-15.183338],[-70.355496,-15.183694],[-70.35524,-15.184069],[-70.355018,-15.184464],[-70.354835,-15.184879],[-70.354695,-15.18531],[-70.354553,-15.185973],[-70.351356,-15.212693],[-70.351237,-15.21336],[-70.351099,-15.213791],[-70.350822,-15.214412],[-70.350575,-15.214793],[-70.350432,-15.21497],[-70.350126,-15.215307],[-70.349798,-15.215623],[-70.327144,-15.234411],[-70.326633,-15.234865],[-70.326011,-15.23553],[-70.32547,-15.23626],[-70.31814,-15.24854],[-70.308981,-15.263956],[-70.308476,-15.264711],[-70.307902,-15.265417],[-70.307258,-15.266061],[-70.306915,-15.266361],[-70.306177,-15.2669],[-70.305209,-15.267507],[-70.285994,-15.279035],[-70.285198,-15.279486],[-70.284371,-15.279878],[-70.283947,-15.280053],[-70.283077,-15.280341],[-70.282411,-15.280516],[-70.281506,-15.280667],[-70.279902,-15.280749],[-70.257643,-15.280049],[-70.25719,-15.280116],[-70.250257,-15.2817],[-70.249591,-15.281873],[-70.249163,-15.282036],[-70.248762,-15.282254],[-70.248385,-15.282511],[-70.248056,-15.282825],[-70.247629,-15.283357],[-70.22996,-15.311408],[-70.229679,-15.311765],[-70.229177,-15.312229],[-70.228602,-15.312601],[-70.228184,-15.312788],[-70.227746,-15.312922],[-70.224571,-15.313413],[-70.223432,-15.313551],[-70.221614,-15.313808],[-70.204415,-15.314651],[-70.203731,-15.31472],[-70.203514,-15.314792],[-70.203302,-15.314879],[-70.20294,-15.315154],[-70.20262,-15.315477],[-70.190572,-15.329724],[-70.189061,-15.331426],[-70.18688,-15.334051],[-70.186603,-15.334412],[-70.186485,-15.334605],[-70.186147,-15.335196],[-70.163069,-15.379695],[-70.15781,-15.389744],[-70.155843,-15.393578],[-70.155424,-15.394631],[-70.139731,-15.438087],[-70.139696,-15.43831],[-70.139694,-15.438536],[-70.139733,-15.438758],[-70.141458,-15.445558],[-70.141531,-15.446004],[-70.141545,-15.44623],[-70.141558,-15.446682],[-70.141541,-15.446907],[-70.141418,-15.447803],[-70.140759,-15.451821],[-70.139129,-15.462096],[-70.13894,-15.462981],[-70.138936,-15.463202],[-70.138414,-15.466554],[-70.138034,-15.468784],[-70.137366,-15.473029],[-70.136411,-15.478832],[-70.136265,-15.479953],[-70.136254,-15.480402],[-70.13608,-15.481519],[-70.135902,-15.481538],[-70.132051,-15.480914],[-70.13046,-15.480687],[-70.128878,-15.48041],[-70.128422,-15.480368],[-70.127963,-15.48038],[-70.127737,-15.480418],[-70.127296,-15.480541],[-70.126879,-15.480729],[-70.126693,-15.480859],[-70.126348,-15.481156],[-70.126194,-15.481324],[-70.125936,-15.481698],[-70.125739,-15.482105],[-70.124221,-15.486132],[-70.123797,-15.487183],[-70.123348,-15.488223],[-70.122281,-15.49096],[-70.120913,-15.49456],[-70.12048,-15.495607],[-70.119251,-15.498775],[-70.1189,-15.499611],[-70.119073,-15.499709],[-70.121217,-15.500519],[-70.123589,-15.501372],[-70.125074,-15.501979],[-70.126357,-15.502472],[-70.128293,-15.503178],[-70.128387,-15.503333],[-70.128083,-15.504186],[-70.125719,-15.510074],[-70.121428,-15.520069],[-70.119873,-15.523594],[-70.117635,-15.528799],[-70.117546,-15.529008],[-70.117422,-15.529441],[-70.117179,-15.529737],[-70.113837,-15.537428],[-70.11135,-15.54351],[-70.102998,-15.562862],[-70.102081,-15.564934],[-70.101602,-15.566206],[-70.101541,-15.566424],[-70.101509,-15.566647],[-70.101456,-15.567323],[-70.101657,-15.573876],[-70.101618,-15.575232],[-70.101423,-15.576802],[-70.101017,-15.578566],[-70.099674,-15.583361],[-70.098391,-15.588172],[-70.097938,-15.58969],[-70.09664,-15.594497],[-70.095064,-15.600167],[-70.091534,-15.613045],[-70.091253,-15.614141],[-70.088897,-15.622648],[-70.080183,-15.653351],[-70.079474,-15.655738],[-70.074701,-15.672735],[-70.074054,-15.675139],[-70.073368,-15.677533],[-70.072602,-15.680373],[-70.068325,-15.695629],[-70.065624,-15.705449],[-70.065057,-15.707406],[-70.062839,-15.715481],[-70.057581,-15.734223],[-70.056627,-15.737716],[-70.056424,-15.738364],[-70.054906,-15.743815],[-70.047078,-15.771005],[-70.046999,-15.771217],[-70.04688,-15.77141],[-70.046722,-15.771575],[-70.042858,-15.774414],[-70.039624,-15.77613],[-70.039192,-15.776282],[-70.038964,-15.776281],[-70.038737,-15.77625],[-70.038061,-15.77612],[-70.037832,-15.77611],[-70.037604,-15.776128],[-70.033999,-15.776825],[-70.033779,-15.776888],[-70.03357,-15.77698],[-70.032385,-15.777672],[-70.0322,-15.777804],[-70.032077,-15.777992],[-70.032038,-15.778215],[-70.032114,-15.779343],[-70.03211,-15.779567],[-70.031967,-15.779996],[-70.031781,-15.78041],[-70.031739,-15.78063],[-70.0318,-15.780846],[-70.031908,-15.781045],[-70.032814,-15.782352],[-70.033011,-15.78276],[-70.03314,-15.783193],[-70.033238,-15.783635],[-70.033298,-15.784083],[-70.033403,-15.787471],[-70.033501,-15.787913],[-70.033746,-15.788784],[-70.033765,-15.789009],[-70.033749,-15.789234],[-70.033691,-15.789452],[-70.03362,-15.789667],[-70.03331,-15.790272],[-70.033231,-15.790483],[-70.033237,-15.790707],[-70.033414,-15.791123],[-70.034351,-15.792937],[-70.034989,-15.793876],[-70.035912,-15.795172],[-70.03626,-15.796007],[-70.036282,-15.79623],[-70.036239,-15.796452],[-70.03554,-15.798124],[-70.035538,-15.798575],[-70.035598,-15.798791],[-70.035685,-15.799],[-70.037009,-15.801118],[-70.037107,-15.801322],[-70.03714,-15.801544],[-70.037134,-15.80177],[-70.037048,-15.80267],[-70.037063,-15.802895],[-70.037118,-15.803114],[-70.03751,-15.804176],[-70.037542,-15.804398],[-70.037493,-15.804617],[-70.03715,-15.805205],[-70.037057,-15.805411],[-70.036978,-15.805854],[-70.037026,-15.806303],[-70.037101,-15.806517],[-70.03743,-15.807112],[-70.037493,-15.807328],[-70.037509,-15.807552],[-70.0373,-15.808893],[-70.037264,-15.809343],[-70.037381,-15.811148],[-70.037378,-15.8116],[-70.037308,-15.811814],[-70.036507,-15.812916],[-70.036389,-15.81311],[-70.036305,-15.813319],[-70.036233,-15.813764],[-70.036243,-15.81399],[-70.036286,-15.814212],[-70.036519,-15.81485],[-70.036523,-15.815075],[-70.036428,-15.815278],[-70.036245,-15.815413],[-70.03602,-15.815452],[-70.035341,-15.815342],[-70.035112,-15.815346],[-70.034889,-15.815391],[-70.033797,-15.815743],[-70.033575,-15.815796],[-70.033349,-15.815828],[-70.033122,-15.815804],[-70.032913,-15.815715],[-70.032742,-15.815566],[-70.032152,-15.814873],[-70.031978,-15.814728],[-70.031781,-15.814613],[-70.031332,-15.814523],[-70.030423,-15.814395],[-70.029966,-15.814359],[-70.029756,-15.814445],[-70.029593,-15.8146],[-70.02952,-15.814811],[-70.029503,-15.815036],[-70.029496,-15.815488],[-70.029516,-15.815712],[-70.02958,-15.815928],[-70.029839,-15.816555],[-70.029852,-15.816779],[-70.029768,-15.817904],[-70.029691,-15.818117],[-70.029572,-15.81831],[-70.028439,-15.819733],[-70.028311,-15.819919],[-70.028238,-15.820132],[-70.028229,-15.820355],[-70.028301,-15.82057],[-70.028422,-15.82076],[-70.0286,-15.820903],[-70.028799,-15.821015],[-70.029631,-15.821398],[-70.030025,-15.821628],[-70.03019,-15.821782],[-70.030342,-15.821952],[-70.030813,-15.822728],[-70.03095,-15.822909],[-70.03114,-15.823027],[-70.031585,-15.823133],[-70.031797,-15.823218],[-70.031969,-15.823366],[-70.032506,-15.824365],[-70.032652,-15.824538],[-70.033243,-15.824884],[-70.033422,-15.825024],[-70.033528,-15.825222],[-70.033599,-15.825437],[-70.03402,-15.827198],[-70.03408,-15.827645],[-70.034078,-15.827871],[-70.034014,-15.828087],[-70.033865,-15.828514],[-70.033718,-15.828685],[-70.033272,-15.828735],[-70.032815,-15.828753],[-70.032396,-15.828937],[-70.031993,-15.829155],[-70.031612,-15.829405],[-70.03082,-15.829863],[-70.030634,-15.829994],[-70.030467,-15.830147],[-70.030327,-15.830325],[-70.030219,-15.830524],[-70.030171,-15.830745],[-70.03016,-15.831195],[-70.030256,-15.831637],[-70.030622,-15.832708],[-70.030707,-15.833152],[-70.030733,-15.833595],[-70.029816,-15.833558],[-70.027999,-15.833291],[-70.027775,-15.833278],[-70.027662,-15.833464],[-70.026847,-15.835334],[-70.026108,-15.837181],[-70.025882,-15.837143],[-70.025679,-15.837195],[-70.025353,-15.837513],[-70.024478,-15.838245],[-70.024293,-15.838379],[-70.023685,-15.838696],[-70.023473,-15.838783],[-70.023029,-15.838895],[-70.022389,-15.838844],[-70.022047,-15.839924],[-70.022079,-15.840106],[-70.022155,-15.840313],[-70.022049,-15.840505],[-70.021861,-15.840615],[-70.021771,-15.840821],[-70.02055,-15.844709],[-70.020176,-15.846015],[-70.020031,-15.846444],[-70.01994,-15.846622],[-70.019289,-15.846402],[-70.018619,-15.846246],[-70.017962,-15.846041],[-70.01785,-15.846479],[-70.017614,-15.847117],[-70.017187,-15.848406],[-70.017007,-15.848421],[-70.015901,-15.848118],[-70.017219,-15.848483],[-70.018315,-15.848819],[-70.019618,-15.84926],[-70.019764,-15.849141],[-70.021415,-15.846693],[-70.021845,-15.846166],[-70.021822,-15.845951],[-70.022012,-15.845852],[-70.022108,-15.845671],[-70.022427,-15.844823],[-70.023117,-15.843394],[-70.02393,-15.8423],[-70.024634,-15.841407],[-70.025545,-15.840103],[-70.025654,-15.839905],[-70.025857,-15.839499],[-70.026036,-15.838844],[-70.026158,-15.837496],[-70.026166,-15.837044],[-70.026236,-15.836831],[-70.026835,-15.835363],[-70.027746,-15.833291],[-70.027969,-15.833287],[-70.029785,-15.833554],[-70.030702,-15.833594],[-70.030729,-15.833407],[-70.030712,-15.833181],[-70.030632,-15.832736],[-70.030266,-15.831665],[-70.030164,-15.831225],[-70.030166,-15.830774],[-70.030208,-15.830552],[-70.030315,-15.830353],[-70.030448,-15.830169],[-70.03061,-15.830012],[-70.030795,-15.829878],[-70.031587,-15.82942],[-70.031968,-15.82917],[-70.03237,-15.828951],[-70.032788,-15.828765],[-70.03369,-15.828692],[-70.033852,-15.828539],[-70.033935,-15.828329],[-70.034076,-15.827899],[-70.034085,-15.827673],[-70.034138,-15.827478],[-70.034339,-15.827378],[-70.035004,-15.8272],[-70.035144,-15.827032],[-70.035527,-15.82647],[-70.035852,-15.826151],[-70.035968,-15.825976],[-70.035967,-15.825751],[-70.036014,-15.825301],[-70.035989,-15.825086],[-70.03579,-15.824679],[-70.035675,-15.824242],[-70.035709,-15.824022],[-70.035792,-15.823814],[-70.036225,-15.823288],[-70.036958,-15.822744],[-70.037997,-15.821854],[-70.038196,-15.821742],[-70.038414,-15.821673],[-70.038863,-15.821585],[-70.040235,-15.821462],[-70.040923,-15.82148],[-70.042071,-15.821463],[-70.042166,-15.821329],[-70.04222,-15.821113],[-70.042372,-15.820959],[-70.044318,-15.819759],[-70.044459,-15.819582],[-70.044508,-15.819367],[-70.044487,-15.818689],[-70.04464,-15.818622],[-70.049001,-15.818738],[-70.049452,-15.818816],[-70.049875,-15.818991],[-70.050696,-15.819397],[-70.053063,-15.820785],[-70.057304,-15.823044],[-70.057501,-15.82316],[-70.057859,-15.823441],[-70.05949,-15.825032],[-70.059959,-15.825529],[-70.060105,-15.825703],[-70.060338,-15.826092],[-70.060589,-15.826723],[-70.060803,-15.827122],[-70.061086,-15.827477],[-70.061403,-15.827803],[-70.061789,-15.828047],[-70.061997,-15.82814],[-70.062854,-15.828467],[-70.063485,-15.828737],[-70.063673,-15.828861],[-70.064281,-15.829537],[-70.06447,-15.829663],[-70.064683,-15.829744],[-70.064908,-15.829781],[-70.065137,-15.829777],[-70.065365,-15.829749],[-70.067158,-15.829355],[-70.067385,-15.829323],[-70.067843,-15.82931],[-70.068531,-15.829334],[-70.069217,-15.829275],[-70.069673,-15.82932],[-70.071488,-15.829596],[-70.071946,-15.82962],[-70.072172,-15.829603],[-70.072386,-15.829523],[-70.072579,-15.829403],[-70.072736,-15.829239],[-70.072969,-15.828851],[-70.073057,-15.828642],[-70.073159,-15.828202],[-70.073557,-15.82529],[-70.073662,-15.82485],[-70.073755,-15.824644],[-70.073982,-15.824251],[-70.074761,-15.823133],[-70.074924,-15.822974],[-70.07511,-15.822843],[-70.07532,-15.822752],[-70.075544,-15.822705],[-70.076002,-15.82269],[-70.07715,-15.822727],[-70.077608,-15.8227],[-70.080339,-15.822345],[-70.080779,-15.822218],[-70.084833,-15.82063],[-70.087464,-15.819828],[-70.088968,-15.819269],[-70.094932,-15.816907],[-70.096431,-15.816335],[-70.096633,-15.816232],[-70.096733,-15.816037],[-70.096702,-15.815588],[-70.096777,-15.815378],[-70.096955,-15.815236],[-70.097542,-15.81488],[-70.097723,-15.814742],[-70.09831,-15.814049],[-70.098372,-15.813835],[-70.098314,-15.813619],[-70.098134,-15.813203],[-70.097884,-15.812826],[-70.097812,-15.812621],[-70.097964,-15.812488],[-70.098181,-15.812542],[-70.099583,-15.813316],[-70.099802,-15.813383],[-70.10003,-15.813379],[-70.100464,-15.813235],[-70.102577,-15.812351],[-70.107396,-15.810225],[-70.108899,-15.809663],[-70.109983,-15.809291],[-70.110209,-15.809265],[-70.110668,-15.809281],[-70.110896,-15.809265],[-70.111351,-15.809204],[-70.112022,-15.809057],[-70.112238,-15.808979],[-70.113066,-15.808589],[-70.11367,-15.808263],[-70.11406,-15.808025],[-70.114419,-15.807744],[-70.114572,-15.807576],[-70.114811,-15.807192],[-70.115819,-15.804667],[-70.118445,-15.798397],[-70.118725,-15.797777],[-70.118833,-15.797578],[-70.119001,-15.797429],[-70.119202,-15.797321],[-70.119415,-15.797238],[-70.121156,-15.796666],[-70.121837,-15.796574],[-70.122516,-15.79669],[-70.122744,-15.79671],[-70.122973,-15.7967],[-70.123186,-15.796637],[-70.123543,-15.796352],[-70.123954,-15.796158],[-70.125522,-15.795809],[-70.125748,-15.795773],[-70.125977,-15.795768],[-70.131914,-15.79638],[-70.135564,-15.796791],[-70.138291,-15.797174],[-70.138515,-15.797224],[-70.138737,-15.797282],[-70.140026,-15.797759],[-70.141731,-15.798431],[-70.14239,-15.798627],[-70.14488,-15.799787],[-70.147768,-15.801176],[-70.14822,-15.801256],[-70.148415,-15.801363],[-70.148541,-15.801542],[-70.148593,-15.801761],[-70.148746,-15.802881],[-70.148837,-15.804006],[-70.148941,-15.804199],[-70.149311,-15.804466],[-70.149519,-15.804561],[-70.149743,-15.804564],[-70.149957,-15.804494],[-70.150125,-15.804349],[-70.150221,-15.804146],[-70.150356,-15.803714],[-70.150472,-15.80352],[-70.150652,-15.803383],[-70.151094,-15.803264],[-70.151323,-15.803257],[-70.154073,-15.803416],[-70.154302,-15.803418],[-70.154755,-15.803353],[-70.155383,-15.803078],[-70.157288,-15.801815],[-70.157822,-15.801388],[-70.158064,-15.801005],[-70.159635,-15.798244],[-70.159933,-15.797632],[-70.16149,-15.793862],[-70.161728,-15.793476],[-70.161883,-15.793313],[-70.162235,-15.793022],[-70.162449,-15.792951],[-70.16334,-15.79273],[-70.164461,-15.79249],[-70.166049,-15.792246],[-70.169689,-15.791766],[-70.171066,-15.791812],[-70.172207,-15.791935],[-70.172434,-15.791968],[-70.173547,-15.792241],[-70.173774,-15.792271],[-70.174921,-15.792301],[-70.177416,-15.792692],[-70.179469,-15.792923],[-70.18587,-15.7935],[-70.187017,-15.793559],[-70.189988,-15.793839],[-70.191362,-15.793937],[-70.19228,-15.793945],[-70.192334,-15.793771],[-70.192338,-15.792963],[-70.192333,-15.793868],[-70.192484,-15.793946],[-70.193862,-15.793952],[-70.195224,-15.793758],[-70.197512,-15.793568],[-70.198419,-15.793426],[-70.199538,-15.793173],[-70.201067,-15.79269],[-70.202121,-15.792242],[-70.202988,-15.791945],[-70.204546,-15.791564],[-70.204744,-15.791451],[-70.205241,-15.790982],[-70.205713,-15.790489],[-70.206239,-15.789748],[-70.206316,-15.789535],[-70.206339,-15.78931],[-70.206322,-15.789088],[-70.206242,-15.788878],[-70.2058,-15.788086],[-70.205728,-15.787872],[-70.205689,-15.78765],[-70.205644,-15.7872],[-70.20571,-15.786993],[-70.205879,-15.786844],[-70.206077,-15.786729],[-70.2065,-15.786554],[-70.207149,-15.786328],[-70.20737,-15.786271],[-70.207586,-15.786323],[-70.207798,-15.786411],[-70.208243,-15.786516],[-70.209157,-15.786587],[-70.209386,-15.786582],[-70.209596,-15.78649],[-70.209777,-15.786351],[-70.210196,-15.785819],[-70.210376,-15.785679],[-70.211014,-15.78543],[-70.211903,-15.785205],[-70.217543,-15.784156],[-70.217766,-15.784105],[-70.217981,-15.784025],[-70.21874,-15.783522],[-70.224395,-15.780509],[-70.230806,-15.776977],[-70.232226,-15.776234],[-70.237426,-15.773348],[-70.239244,-15.772381],[-70.246079,-15.768668],[-70.252295,-15.765254],[-70.252716,-15.765074],[-70.252936,-15.765018],[-70.253619,-15.764934],[-70.255677,-15.7651],[-70.256136,-15.765086],[-70.256362,-15.765057],[-70.257022,-15.764863],[-70.257448,-15.764694],[-70.258323,-15.764421],[-70.259843,-15.763905],[-70.260345,-15.763442],[-70.261606,-15.762127],[-70.263206,-15.760506],[-70.266724,-15.757599],[-70.267805,-15.756759],[-70.273591,-15.751942],[-70.275312,-15.750446],[-70.27902,-15.747412],[-70.280561,-15.746055],[-70.281462,-15.745355],[-70.283387,-15.743745],[-70.283898,-15.74329],[-70.286334,-15.741226],[-70.288786,-15.739179],[-70.290484,-15.738021],[-70.292724,-15.736441],[-70.29537,-15.734644],[-70.297992,-15.732813],[-70.298357,-15.732538],[-70.298518,-15.732381],[-70.298643,-15.732193],[-70.298993,-15.73088],[-70.298997,-15.730674],[-70.294823,-15.72586],[-70.293753,-15.724679],[-70.288263,-15.718295],[-70.285244,-15.714888],[-70.284323,-15.713879],[-70.282405,-15.711931],[-70.280401,-15.71007],[-70.279015,-15.708883],[-70.27801,-15.707955],[-70.276097,-15.706332],[-70.270619,-15.70151],[-70.268008,-15.6993],[-70.267234,-15.698814],[-70.266427,-15.698381],[-70.26519,-15.697785],[-70.264971,-15.697726],[-70.264517,-15.697656],[-70.261325,-15.697285],[-70.261098,-15.697252],[-70.260658,-15.697127],[-70.25922,-15.696001],[-70.258666,-15.6956],[-70.257779,-15.694882],[-70.256475,-15.693609],[-70.256069,-15.693061],[-70.254794,-15.69146],[-70.25313,-15.689297],[-70.252593,-15.688564],[-70.252482,-15.688368],[-70.250765,-15.683931],[-70.249674,-15.681196],[-70.2492,-15.679922],[-70.24754,-15.675706],[-70.247309,-15.675067],[-70.246947,-15.673758],[-70.246859,-15.67355],[-70.246445,-15.672743],[-70.245679,-15.671353],[-70.244964,-15.670469],[-70.244325,-15.66953],[-70.242855,-15.667236],[-70.242649,-15.666832],[-70.242648,-15.666618],[-70.2427,-15.666398],[-70.242787,-15.666205],[-70.243832,-15.665737],[-70.244681,-15.665394],[-70.245776,-15.665054],[-70.246894,-15.664809],[-70.248715,-15.664579],[-70.250317,-15.664459],[-70.251916,-15.664297],[-70.253507,-15.664073],[-70.253736,-15.664067],[-70.254877,-15.66394],[-70.256687,-15.663637],[-70.256916,-15.663639],[-70.258737,-15.663403],[-70.270429,-15.661027],[-70.288632,-15.657275],[-70.290031,-15.6565],[-70.293162,-15.654606],[-70.295375,-15.65341],[-70.297959,-15.651938],[-70.298387,-15.651775],[-70.299262,-15.651501],[-70.301033,-15.651021],[-70.302822,-15.650612],[-70.303037,-15.650533],[-70.305506,-15.65001],[-70.305734,-15.649995],[-70.306859,-15.649773],[-70.308457,-15.649601],[-70.309829,-15.649483],[-70.310058,-15.649485],[-70.313494,-15.649265],[-70.314855,-15.649058],[-70.315084,-15.649042],[-70.316461,-15.649076],[-70.316917,-15.649127],[-70.317581,-15.649303],[-70.317788,-15.6494],[-70.317903,-15.649571],[-70.318016,-15.649427],[-70.318051,-15.649204],[-70.318124,-15.64899],[-70.318603,-15.647963],[-70.318677,-15.647749],[-70.318691,-15.647525],[-70.318577,-15.647088],[-70.318513,-15.64596],[-70.31838,-15.645295],[-70.31839,-15.64394],[-70.318374,-15.643488],[-70.318332,-15.643266],[-70.318098,-15.642629],[-70.31805,-15.64241],[-70.317947,-15.641058],[-70.317781,-15.640401],[-70.317627,-15.639983],[-70.317742,-15.639798],[-70.317762,-15.639573],[-70.317876,-15.639136],[-70.318209,-15.638293],[-70.318504,-15.63768],[-70.31915,-15.636486],[-70.32016,-15.63595],[-70.32122,-15.635516],[-70.321871,-15.635295],[-70.322974,-15.634992],[-70.323201,-15.634963],[-70.323429,-15.634986],[-70.324326,-15.635179],[-70.324755,-15.635338],[-70.324955,-15.635448],[-70.325339,-15.635697],[-70.325503,-15.635853],[-70.326416,-15.636867],[-70.326617,-15.636975],[-70.327545,-15.637641],[-70.328123,-15.63801],[-70.328321,-15.638123],[-70.328532,-15.638209],[-70.328759,-15.638244],[-70.329146,-15.638009],[-70.329903,-15.637159],[-70.330538,-15.636506],[-70.330977,-15.635987],[-70.331163,-15.635855],[-70.331368,-15.635759],[-70.331802,-15.635614],[-70.332197,-15.635383],[-70.332371,-15.63524],[-70.332822,-15.634727],[-70.333241,-15.634189],[-70.33412,-15.633146],[-70.334476,-15.63286],[-70.334905,-15.632711],[-70.335533,-15.632438],[-70.336061,-15.632002],[-70.337306,-15.630379],[-70.337469,-15.630454],[-70.338492,-15.631362],[-70.339549,-15.632232],[-70.343672,-15.635831],[-70.343821,-15.636001],[-70.345778,-15.639063],[-70.346293,-15.639811],[-70.346583,-15.640161],[-70.346944,-15.640441],[-70.34825,-15.641364],[-70.349604,-15.642216],[-70.35148,-15.643519],[-70.35282,-15.644392],[-70.354713,-15.645671],[-70.355068,-15.645957],[-70.355227,-15.646118],[-70.355715,-15.646884],[-70.356294,-15.647586],[-70.357722,-15.648721],[-70.358809,-15.649553],[-70.358952,-15.64973],[-70.359048,-15.649933],[-70.35906,-15.650155],[-70.358532,-15.652587],[-70.358466,-15.653262],[-70.35849,-15.653486],[-70.358542,-15.653706],[-70.358716,-15.654124],[-70.35928,-15.655361],[-70.359691,-15.65617],[-70.360081,-15.656728],[-70.360368,-15.657081],[-70.360688,-15.657405],[-70.361209,-15.657848],[-70.362868,-15.659061],[-70.363209,-15.659364],[-70.363526,-15.659691],[-70.363801,-15.660053],[-70.364255,-15.660839],[-70.364401,-15.661266],[-70.364713,-15.662587],[-70.364915,-15.663235],[-70.365102,-15.663648],[-70.365336,-15.664037],[-70.365612,-15.664398],[-70.365769,-15.664562],[-70.368357,-15.66713],[-70.369349,-15.668071],[-70.369899,-15.668477],[-70.37107,-15.669192],[-70.376293,-15.672038],[-70.376503,-15.672128],[-70.377352,-15.672473],[-70.381865,-15.674144],[-70.383377,-15.67468],[-70.385945,-15.675663],[-70.395605,-15.679272],[-70.396475,-15.679559],[-70.397382,-15.679696],[-70.397611,-15.679708],[-70.398299,-15.679676],[-70.406513,-15.67877],[-70.407651,-15.678627],[-70.408795,-15.67853],[-70.410621,-15.678336],[-70.411068,-15.678236],[-70.411711,-15.677992],[-70.41359,-15.677146],[-70.415071,-15.676533],[-70.415289,-15.676462],[-70.415513,-15.676419],[-70.415971,-15.676389],[-70.416429,-15.676411],[-70.416877,-15.676511],[-70.417093,-15.676583],[-70.419803,-15.677815],[-70.420232,-15.677976],[-70.420906,-15.678113],[-70.421594,-15.678153],[-70.421809,-15.678217],[-70.421956,-15.678384],[-70.422589,-15.679326],[-70.4229,-15.679658],[-70.42311,-15.67975],[-70.42378,-15.679903],[-70.425371,-15.680124],[-70.426745,-15.68005],[-70.429034,-15.679872],[-70.430634,-15.679716],[-70.431316,-15.679627],[-70.432219,-15.679458],[-70.434674,-15.678876],[-70.436244,-15.678541],[-70.437568,-15.678166],[-70.438219,-15.677945],[-70.438638,-15.67776],[-70.439246,-15.677441],[-70.457891,-15.666738],[-70.46164,-15.664542],[-70.46621,-15.661936],[-70.468009,-15.660935],[-70.468454,-15.66083],[-70.468682,-15.660829],[-70.46891,-15.660857],[-70.469789,-15.661115],[-70.470867,-15.661505],[-70.471522,-15.661714],[-70.474336,-15.662693],[-70.476042,-15.663362],[-70.476484,-15.663485],[-70.477156,-15.663636],[-70.477587,-15.663789],[-70.477775,-15.663915],[-70.478101,-15.664231],[-70.478289,-15.664643],[-70.478532,-15.665278],[-70.478636,-15.665478],[-70.478784,-15.665651],[-70.478958,-15.665797],[-70.479163,-15.665898],[-70.479387,-15.665947],[-70.481224,-15.665936],[-70.482141,-15.665896],[-70.482828,-15.665932],[-70.483053,-15.665973],[-70.483269,-15.666048],[-70.484094,-15.666443],[-70.484515,-15.66662],[-70.485634,-15.666866],[-70.48606,-15.667035],[-70.48643,-15.667299],[-70.486741,-15.66763],[-70.486961,-15.668026],[-70.487121,-15.668449],[-70.487152,-15.668673],[-70.487156,-15.669124],[-70.487066,-15.669567],[-70.486874,-15.670218],[-70.48685,-15.670443],[-70.486844,-15.670669],[-70.486871,-15.670891],[-70.486955,-15.671099],[-70.487072,-15.671293],[-70.488937,-15.673291],[-70.489221,-15.673646],[-70.491566,-15.677533],[-70.491979,-15.678076],[-70.492481,-15.678539],[-70.492859,-15.678795],[-70.493253,-15.679026],[-70.493884,-15.679299],[-70.496372,-15.680464],[-70.498462,-15.6814],[-70.501577,-15.682846],[-70.51241,-15.687787],[-70.514258,-15.688698],[-70.514467,-15.68879],[-70.515355,-15.689019],[-70.515581,-15.689057],[-70.516953,-15.689174],[-70.528868,-15.689926],[-70.530699,-15.690067],[-70.531845,-15.690132],[-70.532063,-15.690196],[-70.532238,-15.690337],[-70.53234,-15.690538],[-70.532366,-15.690762],[-70.532446,-15.690966],[-70.532604,-15.691115],[-70.532828,-15.691163],[-70.533282,-15.691114],[-70.533951,-15.690954],[-70.53854,-15.689498],[-70.538971,-15.689341],[-70.539198,-15.689349],[-70.539386,-15.689462],[-70.539522,-15.689645],[-70.53956,-15.690095],[-70.539683,-15.690279],[-70.539885,-15.690376],[-70.540792,-15.690512],[-70.54125,-15.690515],[-70.541475,-15.690467],[-70.541892,-15.690284],[-70.543234,-15.689413],[-70.543446,-15.689332],[-70.543891,-15.68922],[-70.545024,-15.689043],[-70.545242,-15.688972],[-70.545659,-15.688786],[-70.545846,-15.688656],[-70.546012,-15.688499],[-70.546153,-15.688322],[-70.546529,-15.687755],[-70.547336,-15.686386],[-70.547417,-15.686175],[-70.547538,-15.685509],[-70.547728,-15.683029],[-70.547791,-15.682581],[-70.547863,-15.682368],[-70.548006,-15.682195],[-70.548926,-15.681521],[-70.549125,-15.681408],[-70.549336,-15.68132],[-70.549555,-15.681255],[-70.550009,-15.681193],[-70.550239,-15.681202],[-70.55069,-15.681283],[-70.552254,-15.681644],[-70.553631,-15.681664],[-70.553855,-15.681616],[-70.554868,-15.681087],[-70.555322,-15.68104],[-70.556011,-15.681039],[-70.556215,-15.681119],[-70.556399,-15.681254],[-70.556614,-15.681323],[-70.55682,-15.681268],[-70.557007,-15.681139],[-70.557419,-15.680942],[-70.557637,-15.680872],[-70.557864,-15.680841],[-70.558093,-15.680858],[-70.558545,-15.680934],[-70.559208,-15.681112],[-70.561988,-15.682182],[-70.562196,-15.682275],[-70.562575,-15.682529],[-70.563363,-15.682993],[-70.564169,-15.683428],[-70.564591,-15.683602],[-70.56526,-15.683764],[-70.565448,-15.683892],[-70.565743,-15.684238],[-70.566085,-15.684538],[-70.566274,-15.684665],[-70.566879,-15.684989],[-70.567064,-15.685117],[-70.567159,-15.685317],[-70.56719,-15.685767],[-70.567717,-15.68677],[-70.567852,-15.686953],[-70.56816,-15.687287],[-70.568676,-15.687736],[-70.56888,-15.687833],[-70.569106,-15.687839],[-70.570689,-15.68757],[-70.571145,-15.687512],[-70.571602,-15.687549],[-70.573648,-15.687832],[-70.573877,-15.68784],[-70.574565,-15.687809],[-70.576162,-15.68764],[-70.576622,-15.68764],[-70.582785,-15.688292],[-70.587146,-15.688369],[-70.589671,-15.688391],[-70.590123,-15.688467],[-70.590343,-15.688533],[-70.590551,-15.688624],[-70.59115,-15.688961],[-70.598018,-15.693068],[-70.600584,-15.69457],[-70.601197,-15.694876],[-70.60142,-15.694929],[-70.601876,-15.694979],[-70.602104,-15.694971],[-70.602311,-15.694875],[-70.602496,-15.694753],[-70.602617,-15.69456],[-70.603502,-15.692231],[-70.603533,-15.692013],[-70.603505,-15.691789],[-70.603449,-15.69157],[-70.602455,-15.689284],[-70.602426,-15.689064],[-70.602516,-15.688863],[-70.602693,-15.68872],[-70.602904,-15.68864],[-70.605186,-15.688882],[-70.605873,-15.688932],[-70.608398,-15.688903],[-70.612723,-15.68835],[-70.6168,-15.687682],[-70.617709,-15.687551],[-70.617936,-15.687549],[-70.618159,-15.687596],[-70.618366,-15.687693],[-70.618554,-15.687821],[-70.619087,-15.68825],[-70.619282,-15.688365],[-70.619719,-15.6885],[-70.629796,-15.689182],[-70.630255,-15.689197],[-70.630709,-15.689138],[-70.631832,-15.688907],[-70.632288,-15.688854],[-70.633665,-15.688875],[-70.635272,-15.688831],[-70.636879,-15.688838],[-70.637106,-15.688805],[-70.637326,-15.688741],[-70.639948,-15.687912],[-70.640402,-15.687845],[-70.641777,-15.687925],[-70.642925,-15.68794],[-70.643147,-15.687885],[-70.643352,-15.687788],[-70.643527,-15.687643],[-70.643677,-15.687475],[-70.646838,-15.682224],[-70.647263,-15.681422],[-70.648125,-15.679327],[-70.648589,-15.678293],[-70.648696,-15.678093],[-70.64883,-15.677912],[-70.649153,-15.677591],[-70.64928,-15.677406],[-70.64937,-15.6772],[-70.649395,-15.676976],[-70.649352,-15.676072],[-70.649111,-15.672916],[-70.64913,-15.672465],[-70.649182,-15.672246],[-70.649287,-15.672045],[-70.649608,-15.671723],[-70.649952,-15.671423],[-70.650353,-15.671207],[-70.651412,-15.670773],[-70.651791,-15.670521],[-70.651959,-15.670366],[-70.65316,-15.668999],[-70.653426,-15.668633],[-70.653478,-15.668413],[-70.653476,-15.66819],[-70.653435,-15.667969],[-70.653032,-15.667157],[-70.652956,-15.666943],[-70.652937,-15.666723],[-70.652992,-15.666507],[-70.653125,-15.666327],[-70.6533,-15.666182],[-70.653688,-15.665942],[-70.654802,-15.665144],[-70.656409,-15.664269],[-70.656851,-15.664152],[-70.657764,-15.66406],[-70.65798,-15.663989],[-70.658186,-15.663892],[-70.65989,-15.662741],[-70.660443,-15.662335],[-70.660842,-15.662114],[-70.661054,-15.662026],[-70.661499,-15.661922],[-70.663102,-15.661816],[-70.663324,-15.66176],[-70.66375,-15.661591],[-70.667427,-15.659732],[-70.66887,-15.659035],[-70.66947,-15.658702],[-70.67199,-15.657128],[-70.674863,-15.655258],[-70.680455,-15.651699],[-70.681408,-15.651068],[-70.681748,-15.650766],[-70.682043,-15.650422],[-70.685682,-15.644662],[-70.687277,-15.642178],[-70.687706,-15.641651],[-70.688107,-15.641431],[-70.688546,-15.641303],[-70.700376,-15.639714],[-70.703109,-15.639374],[-70.70766,-15.638771],[-70.708119,-15.638762],[-70.713384,-15.639153],[-70.714066,-15.639245],[-70.715176,-15.639532],[-70.72022,-15.64107],[-70.722421,-15.641713],[-70.722838,-15.6419],[-70.723035,-15.642016],[-70.72322,-15.64215],[-70.724077,-15.642901],[-70.724268,-15.643025],[-70.724674,-15.643236],[-70.725979,-15.643668],[-70.729272,-15.644663],[-70.729923,-15.644883],[-70.730128,-15.644986],[-70.730315,-15.645113],[-70.730486,-15.645263],[-70.731096,-15.645939],[-70.731219,-15.64613],[-70.731313,-15.646336],[-70.731334,-15.64656],[-70.731326,-15.646783],[-70.731146,-15.647438],[-70.731117,-15.647659],[-70.731144,-15.647883],[-70.731206,-15.6481],[-70.731405,-15.648506],[-70.732629,-15.649855],[-70.733831,-15.651222],[-70.734211,-15.651474],[-70.734418,-15.651573],[-70.734862,-15.651678],[-70.737387,-15.651646],[-70.739452,-15.651721],[-70.741966,-15.651954],[-70.742873,-15.652089],[-70.743092,-15.652158],[-70.743482,-15.652396],[-70.744589,-15.653202],[-70.744914,-15.65352],[-70.745914,-15.655036],[-70.746222,-15.655371],[-70.746395,-15.655518],[-70.748278,-15.656812],[-70.748444,-15.656969],[-70.748594,-15.657138],[-70.748721,-15.657326],[-70.749651,-15.659143],[-70.749917,-15.659509],[-70.75044,-15.659951],[-70.750642,-15.660033],[-70.750865,-15.660019],[-70.751064,-15.659908],[-70.751423,-15.659627],[-70.751615,-15.659507],[-70.751832,-15.659434],[-70.752061,-15.659434],[-70.752278,-15.659501],[-70.752473,-15.659617],[-70.752598,-15.659801],[-70.752688,-15.660008],[-70.752826,-15.660438],[-70.753117,-15.661053],[-70.753281,-15.661209],[-70.753474,-15.661331],[-70.753687,-15.661417],[-70.755667,-15.661996],[-70.755894,-15.662022],[-70.756121,-15.662008],[-70.756561,-15.661878],[-70.757009,-15.661783],[-70.757238,-15.661775],[-70.757461,-15.66183],[-70.757669,-15.661922],[-70.760885,-15.66367],[-70.761528,-15.663909],[-70.761979,-15.663993],[-70.762206,-15.663987],[-70.762661,-15.663925],[-70.77011,-15.662564],[-70.770567,-15.662529],[-70.770793,-15.662554],[-70.771014,-15.662614],[-70.771212,-15.662729],[-70.771391,-15.662868],[-70.772431,-15.663759],[-70.773788,-15.664978],[-70.774162,-15.665239],[-70.774581,-15.665421],[-70.775488,-15.665567],[-70.778448,-15.66594],[-70.780031,-15.666213],[-70.78087,-15.666581],[-70.78331,-15.667839],[-70.783755,-15.667953],[-70.784211,-15.667996],[-70.784441,-15.667988],[-70.786501,-15.667833],[-70.787872,-15.667701],[-70.78833,-15.667726],[-70.78876,-15.667882],[-70.789149,-15.668121],[-70.792171,-15.669749],[-70.792795,-15.670036],[-70.79616,-15.671484],[-70.796383,-15.671541],[-70.796609,-15.671565],[-70.796838,-15.671559],[-70.798414,-15.671248],[-70.798641,-15.671253],[-70.798861,-15.671302],[-70.799049,-15.671427],[-70.799201,-15.671596],[-70.801153,-15.675438],[-70.801535,-15.67626],[-70.801589,-15.676477],[-70.801593,-15.676703],[-70.801567,-15.676927],[-70.801453,-15.677365],[-70.800539,-15.681565],[-70.800419,-15.682233],[-70.800423,-15.682458],[-70.800476,-15.682676],[-70.800563,-15.682884],[-70.800837,-15.683243],[-70.801014,-15.683387],[-70.801214,-15.683496],[-70.801427,-15.683576],[-70.801654,-15.68361],[-70.802112,-15.683621],[-70.803717,-15.683544],[-70.804862,-15.683457],[-70.805089,-15.68349],[-70.805301,-15.683571],[-70.805473,-15.683717],[-70.805589,-15.683912],[-70.806185,-15.685381],[-70.806556,-15.686208],[-70.806799,-15.686591],[-70.806955,-15.686756],[-70.807135,-15.686895],[-70.807331,-15.687011],[-70.807542,-15.687101],[-70.80953,-15.687653],[-70.809738,-15.687745],[-70.810115,-15.688002],[-70.811019,-15.688697],[-70.811217,-15.688813],[-70.812282,-15.689231],[-70.812476,-15.689352],[-70.812614,-15.689528],[-70.812764,-15.689954],[-70.81338,-15.692364],[-70.813511,-15.692797],[-70.813593,-15.693009],[-70.813738,-15.693179],[-70.813908,-15.693328],[-70.814334,-15.693496],[-70.823014,-15.695661],[-70.823663,-15.695886],[-70.824022,-15.696165],[-70.824179,-15.69633],[-70.82539,-15.697978],[-70.825491,-15.698181],[-70.826369,-15.700512],[-70.826419,-15.700732],[-70.826415,-15.700956],[-70.826345,-15.701168],[-70.82622,-15.701356],[-70.826063,-15.701517],[-70.825864,-15.701629],[-70.825645,-15.701691],[-70.825417,-15.701716],[-70.824272,-15.701791],[-70.82405,-15.701848],[-70.823852,-15.701961],[-70.823719,-15.702143],[-70.823653,-15.702359],[-70.823515,-15.704162],[-70.823463,-15.704378],[-70.823336,-15.704566],[-70.823143,-15.704688],[-70.82293,-15.70477],[-70.821193,-15.705358],[-70.820988,-15.705458],[-70.820805,-15.705592],[-70.82066,-15.705766],[-70.82056,-15.705967],[-70.820506,-15.706185],[-70.820491,-15.706411],[-70.820537,-15.706631],[-70.820628,-15.706837],[-70.820762,-15.707019],[-70.820917,-15.707184],[-70.821808,-15.707898],[-70.821982,-15.708045],[-70.822133,-15.708211],[-70.82219,-15.708428],[-70.822164,-15.708651],[-70.822061,-15.708853],[-70.821669,-15.709076],[-70.821107,-15.709468],[-70.819959,-15.710218],[-70.819756,-15.710322],[-70.81954,-15.710396],[-70.819314,-15.710427],[-70.818855,-15.710418],[-70.815874,-15.710269],[-70.815418,-15.710318],[-70.814977,-15.710443],[-70.812955,-15.711514],[-70.812793,-15.711665],[-70.812666,-15.711853],[-70.812576,-15.712059],[-70.812252,-15.713377],[-70.812119,-15.71381],[-70.811901,-15.714207],[-70.809741,-15.71655],[-70.80791,-15.718578],[-70.807831,-15.718789],[-70.807832,-15.719005],[-70.807916,-15.719208],[-70.808095,-15.719349],[-70.808313,-15.719408],[-70.808537,-15.719404],[-70.808751,-15.719326],[-70.809155,-15.719111],[-70.810809,-15.718325],[-70.811027,-15.718254],[-70.81125,-15.718211],[-70.81148,-15.718198],[-70.811935,-15.718247],[-70.812607,-15.718395],[-70.816441,-15.719116],[-70.818691,-15.719563],[-70.81915,-15.719579],[-70.819374,-15.719541],[-70.819594,-15.719479],[-70.819991,-15.719253],[-70.822185,-15.717612],[-70.822563,-15.717355],[-70.822758,-15.717237],[-70.824796,-15.716195],[-70.825007,-15.716111],[-70.825452,-15.716002],[-70.826367,-15.715917],[-70.827284,-15.71588],[-70.827962,-15.71576],[-70.835894,-15.713476],[-70.836123,-15.713492],[-70.836332,-15.713574],[-70.836494,-15.713726],[-70.836578,-15.71393],[-70.836598,-15.714155],[-70.836659,-15.71551],[-70.836898,-15.719346],[-70.836935,-15.72025],[-70.836971,-15.720473],[-70.837128,-15.720896],[-70.837427,-15.721239],[-70.837975,-15.72165],[-70.839915,-15.723241],[-70.845828,-15.727906],[-70.847783,-15.729481],[-70.848878,-15.730305],[-70.85389,-15.734267],[-70.854286,-15.734496],[-70.854711,-15.734666],[-70.857989,-15.735708],[-70.860601,-15.73657],[-70.861008,-15.736776],[-70.861371,-15.737052],[-70.863651,-15.739889],[-70.864521,-15.740941],[-70.864685,-15.741098],[-70.866348,-15.742305],[-70.870844,-15.745442],[-70.871192,-15.745737],[-70.871492,-15.746079],[-70.872043,-15.746802],[-70.874202,-15.749444],[-70.875326,-15.750875],[-70.875625,-15.751218],[-70.875955,-15.751532],[-70.87614,-15.751664],[-70.876536,-15.751893],[-70.876956,-15.752075],[-70.879683,-15.752457],[-70.880343,-15.75264],[-70.880724,-15.752892],[-70.880892,-15.753044],[-70.882543,-15.754926],[-70.882705,-15.755084],[-70.883082,-15.75534],[-70.883691,-15.755657],[-70.884485,-15.756112],[-70.887518,-15.757718],[-70.889758,-15.758867],[-70.896834,-15.762617],[-70.897461,-15.762897],[-70.904134,-15.765337],[-70.906078,-15.766026],[-70.906755,-15.766149],[-70.906984,-15.766155],[-70.913642,-15.766186],[-70.916397,-15.766175],[-70.916623,-15.766146],[-70.918192,-15.765802],[-70.919527,-15.765467],[-70.927578,-15.763627],[-70.928012,-15.763482],[-70.928213,-15.763373],[-70.928561,-15.763079],[-70.928725,-15.762921],[-70.929171,-15.762404],[-70.931634,-15.75972],[-70.931803,-15.759568],[-70.932174,-15.759302],[-70.932578,-15.759088],[-70.933007,-15.758929],[-70.933449,-15.75881],[-70.933906,-15.758764],[-70.934365,-15.758763],[-70.94308,-15.759168],[-70.943539,-15.75916],[-70.944225,-15.759098],[-70.944892,-15.758933],[-70.945325,-15.758782],[-70.945741,-15.758591],[-70.946347,-15.758269],[-70.94672,-15.758006],[-70.947241,-15.757563],[-70.947907,-15.75694],[-70.951834,-15.753463],[-70.956077,-15.749658],[-70.956448,-15.749391],[-70.956846,-15.749166],[-70.957274,-15.749005],[-70.957494,-15.748942],[-70.957946,-15.748864],[-70.958174,-15.748839],[-70.958633,-15.748846],[-70.959312,-15.748949],[-70.959753,-15.749078],[-70.959964,-15.749162],[-70.960373,-15.749369],[-70.960556,-15.749505],[-70.960738,-15.749642],[-70.961231,-15.750116],[-70.961614,-15.750679],[-70.961885,-15.751303],[-70.962449,-15.752785],[-70.96329,-15.75513],[-70.963479,-15.755541],[-70.963875,-15.756094],[-70.965984,-15.758174],[-70.966774,-15.758994],[-70.969534,-15.761712],[-70.970968,-15.763177],[-70.971627,-15.763807],[-70.97235,-15.764364],[-70.972921,-15.764743],[-70.973727,-15.765176],[-70.974572,-15.76553],[-70.975227,-15.765738],[-70.975893,-15.765909],[-70.9768,-15.76605],[-70.977487,-15.766103],[-70.978175,-15.766093],[-70.979091,-15.766028],[-70.980218,-15.765819],[-70.980878,-15.765626],[-70.981309,-15.765469],[-70.989981,-15.761863],[-70.990197,-15.761791],[-70.990424,-15.761774],[-70.990639,-15.761845],[-70.992343,-15.762996],[-70.993528,-15.763687],[-70.994147,-15.763983],[-70.994784,-15.764242],[-71.005076,-15.767436],[-71.021919,-15.772723],[-71.022749,-15.773109],[-71.022945,-15.773227],[-71.023491,-15.77364],[-71.023996,-15.7741],[-71.079446,-15.82724],[-71.081401,-15.829152],[-71.087513,-15.834962],[-71.088635,-15.836095],[-71.089947,-15.837313],[-71.089567,-15.837513],[-71.089293,-15.837875],[-71.088835,-15.838382],[-71.088524,-15.838984],[-71.088264,-15.839356],[-71.087239,-15.840263],[-71.086751,-15.84074],[-71.086646,-15.840937],[-71.086591,-15.841156],[-71.086575,-15.841381],[-71.086603,-15.841604],[-71.086743,-15.842267],[-71.086758,-15.842492],[-71.086706,-15.84271],[-71.082979,-15.84972],[-71.082622,-15.8503],[-71.082483,-15.85048],[-71.081333,-15.85189],[-71.08013,-15.853255],[-71.077304,-15.857648],[-71.077196,-15.857846],[-71.077126,-15.858061],[-71.077055,-15.858507],[-71.077083,-15.858729],[-71.07728,-15.859613],[-71.077359,-15.860286],[-71.07734,-15.860507],[-71.077249,-15.860713],[-71.077017,-15.861103],[-71.076711,-15.86171],[-71.076032,-15.86289],[-71.06977,-15.874207],[-71.068431,-15.876578],[-71.065148,-15.88254],[-71.063911,-15.884709],[-71.06205,-15.888087],[-71.06155,-15.889105],[-71.061076,-15.889879],[-71.057956,-15.895414],[-71.057573,-15.895977],[-71.055434,-15.898635],[-71.05537,-15.89884],[-71.055403,-15.899063],[-71.055562,-15.899723],[-71.055552,-15.899944],[-71.055417,-15.900125],[-71.054587,-15.900906],[-71.052387,-15.902892],[-71.048183,-15.90674],[-71.047486,-15.907329],[-71.046756,-15.907877],[-71.045251,-15.908915],[-71.044906,-15.909213],[-71.041891,-15.912317],[-71.041737,-15.912484],[-71.041514,-15.912877],[-71.041169,-15.913954],[-71.041047,-15.914145],[-71.040968,-15.914588],[-71.0409,-15.915942],[-71.0408,-15.91684],[-71.040667,-15.917504],[-71.040556,-15.918628],[-71.040666,-15.921565],[-71.040464,-15.922211],[-71.040422,-15.92266],[-71.04043,-15.922886],[-71.040541,-15.923555],[-71.040803,-15.924654],[-71.040946,-15.926458],[-71.041206,-15.927789],[-71.041259,-15.928238],[-71.041338,-15.929819],[-71.041416,-15.930263],[-71.041544,-15.930698],[-71.041904,-15.93153],[-71.042213,-15.932134],[-71.042384,-15.932554],[-71.04246,-15.932999],[-71.042483,-15.93345],[-71.042543,-15.933898],[-71.042629,-15.934342],[-71.042758,-15.934776],[-71.042959,-15.935182],[-71.043045,-15.935391],[-71.043104,-15.935609],[-71.043123,-15.935834],[-71.043108,-15.93606],[-71.043016,-15.936501],[-71.04296,-15.937403],[-71.042918,-15.937626],[-71.042735,-15.938279],[-71.042661,-15.938725],[-71.042617,-15.939854],[-71.042487,-15.940977],[-71.042411,-15.941423],[-71.0423,-15.941862],[-71.042001,-15.942715],[-71.041821,-15.943132],[-71.041214,-15.944091],[-71.041126,-15.944297],[-71.041066,-15.944515],[-71.041016,-15.944736],[-71.041011,-15.94496],[-71.041096,-15.946087],[-71.041096,-15.946766],[-71.041051,-15.947669],[-71.04094,-15.948566],[-71.040751,-15.949218],[-71.040105,-15.950911],[-71.039923,-15.951326],[-71.039671,-15.951703],[-71.039458,-15.953037],[-71.039421,-15.953487],[-71.039256,-15.954377],[-71.039063,-15.955027],[-71.038678,-15.955588],[-71.038495,-15.956002],[-71.038451,-15.956223],[-71.038441,-15.956448],[-71.038424,-15.957126],[-71.038442,-15.957804],[-71.038371,-15.95825],[-71.038226,-15.958913],[-71.037949,-15.959534],[-71.037465,-15.960008],[-71.037354,-15.960206],[-71.037298,-15.960424],[-71.037341,-15.961327],[-71.037276,-15.962456],[-71.037015,-15.963323],[-71.036858,-15.963983],[-71.036662,-15.964633],[-71.036195,-15.96591],[-71.034811,-15.969261],[-71.033911,-15.97134],[-71.031989,-15.97594],[-71.031831,-15.976365],[-71.031712,-15.976557],[-71.031578,-15.97674],[-71.031402,-15.976884],[-71.025242,-15.981229],[-71.024139,-15.982041],[-71.023012,-15.982822],[-71.02079,-15.984424],[-71.020603,-15.984554],[-71.020393,-15.984645],[-71.020047,-15.984942],[-71.01989,-15.985105],[-71.019493,-15.985324],[-71.018951,-15.985741],[-71.018749,-15.985845],[-71.018205,-15.986261],[-71.015227,-15.988378],[-71.014841,-15.988623],[-71.013934,-15.989316],[-71.013364,-15.989696],[-71.012249,-15.990492],[-71.011899,-15.990783],[-71.011416,-15.991266],[-71.010689,-15.991818],[-71.010098,-15.992168],[-71.00818,-15.993409],[-71.006887,-15.994349],[-71.006502,-15.994596],[-71.00561,-15.995307],[-71.004691,-15.995985],[-71.003184,-15.997019],[-71.00264,-15.997435],[-71.002462,-15.997577],[-71.002146,-15.997903],[-71.001636,-15.998359],[-70.997464,-16.001903],[-70.995815,-16.003476],[-70.993574,-16.005418],[-70.992669,-16.006112],[-70.991606,-16.006975],[-70.990967,-16.007622],[-70.990422,-16.008036],[-70.990258,-16.008193],[-70.989656,-16.008875],[-70.989246,-16.009418],[-70.989091,-16.009584],[-70.988916,-16.00973],[-70.988784,-16.009913],[-70.988731,-16.010128],[-70.98876,-16.01035],[-70.988847,-16.010559],[-70.988965,-16.010754],[-70.989008,-16.010976],[-70.988975,-16.011424],[-70.988927,-16.011645],[-70.988453,-16.012674],[-70.987182,-16.014822],[-70.987048,-16.015006],[-70.986078,-16.015967],[-70.985502,-16.016671],[-70.984706,-16.017777],[-70.98365,-16.019525],[-70.983581,-16.019741],[-70.983545,-16.019961],[-70.983529,-16.020865],[-70.983362,-16.022212],[-70.982939,-16.023738],[-70.982615,-16.025288],[-70.982249,-16.026829],[-70.981929,-16.02838],[-70.98164,-16.029473],[-70.980968,-16.030657],[-70.98015,-16.032277],[-70.979702,-16.033065],[-70.978849,-16.034131],[-70.978176,-16.034745],[-70.977263,-16.036048],[-70.976963,-16.036388],[-70.976835,-16.036571],[-70.976663,-16.03699],[-70.976455,-16.037393],[-70.976194,-16.037763],[-70.975683,-16.038215],[-70.975477,-16.038315],[-70.975291,-16.038438],[-70.974754,-16.039172],[-70.97402,-16.04004],[-70.973927,-16.040244],[-70.973722,-16.040892],[-70.973635,-16.041099],[-70.973386,-16.041479],[-70.973291,-16.041685],[-70.973214,-16.041897],[-70.973182,-16.042121],[-70.973108,-16.042334],[-70.97292,-16.042747],[-70.972846,-16.04296],[-70.972442,-16.043506],[-70.972353,-16.043712],[-70.972332,-16.044614],[-70.972173,-16.045036],[-70.972083,-16.045478],[-70.971895,-16.045888],[-70.97188,-16.046338],[-70.971822,-16.046557],[-70.971716,-16.047226],[-70.97141,-16.048079],[-70.971209,-16.048485],[-70.970884,-16.049331],[-70.970596,-16.049947],[-70.970328,-16.050812],[-70.969981,-16.051649],[-70.969548,-16.052936],[-70.969147,-16.053995],[-70.969037,-16.054433],[-70.968927,-16.055102],[-70.968766,-16.055525],[-70.968468,-16.056137],[-70.968409,-16.056355],[-70.968382,-16.056579],[-70.968159,-16.059056],[-70.96805,-16.059244],[-70.967607,-16.059245],[-70.967382,-16.059291],[-70.96716,-16.059347],[-70.966748,-16.059539],[-70.966072,-16.059668],[-70.965639,-16.059814],[-70.964953,-16.059841],[-70.964052,-16.059669],[-70.963823,-16.059654],[-70.963365,-16.059683],[-70.961774,-16.059909],[-70.961545,-16.059909],[-70.961321,-16.05986],[-70.961107,-16.059779],[-70.960909,-16.059666],[-70.960412,-16.059198],[-70.96021,-16.0591],[-70.959986,-16.059056],[-70.959757,-16.059041],[-70.959299,-16.059083],[-70.959071,-16.059058],[-70.958633,-16.058931],[-70.958442,-16.058807],[-70.958267,-16.058661],[-70.958053,-16.058586],[-70.957825,-16.058568],[-70.957623,-16.058465],[-70.957455,-16.058311],[-70.956844,-16.058008],[-70.956675,-16.057857],[-70.956236,-16.057334],[-70.956063,-16.057195],[-70.955391,-16.057056],[-70.955162,-16.057045],[-70.955,-16.057192],[-70.954499,-16.057949],[-70.954433,-16.058161],[-70.954601,-16.058578],[-70.954647,-16.058799],[-70.954697,-16.059247],[-70.954849,-16.059909],[-70.954878,-16.060133],[-70.954832,-16.060809],[-70.954756,-16.061016],[-70.954618,-16.061194],[-70.95445,-16.061349],[-70.953834,-16.062019],[-70.953434,-16.062569],[-70.953131,-16.062906],[-70.952938,-16.063027],[-70.952722,-16.063095],[-70.951805,-16.063082],[-70.951578,-16.063117],[-70.950926,-16.063333],[-70.950726,-16.063435],[-70.950559,-16.063591],[-70.950368,-16.063702],[-70.949911,-16.063721],[-70.949458,-16.063794],[-70.948774,-16.063753],[-70.948556,-16.063704],[-70.948395,-16.063543],[-70.948205,-16.063428],[-70.947976,-16.063424],[-70.947754,-16.063476],[-70.947564,-16.063594],[-70.947435,-16.06378],[-70.947333,-16.063978],[-70.94728,-16.064654],[-70.947228,-16.064871],[-70.946826,-16.065421],[-70.946679,-16.065594],[-70.946317,-16.065872],[-70.945982,-16.06618],[-70.945872,-16.066379],[-70.945733,-16.066556],[-70.945164,-16.066937],[-70.944764,-16.067157],[-70.944606,-16.067299],[-70.944723,-16.067484],[-70.944881,-16.06764],[-70.945499,-16.068592],[-70.945663,-16.068743],[-70.945878,-16.068804],[-70.946092,-16.068736],[-70.947005,-16.068682],[-70.947226,-16.068629],[-70.947433,-16.068531],[-70.947868,-16.068403],[-70.948095,-16.068436],[-70.948757,-16.0686],[-70.949436,-16.06849],[-70.949666,-16.068488],[-70.950116,-16.068567],[-70.950339,-16.068524],[-70.950726,-16.068283],[-70.951092,-16.068011],[-70.951484,-16.067776],[-70.951898,-16.067582],[-70.952114,-16.067508],[-70.952338,-16.067463],[-70.952789,-16.067533],[-70.953,-16.067622],[-70.95322,-16.067684],[-70.954129,-16.067596],[-70.954586,-16.06763],[-70.954802,-16.067701],[-70.955343,-16.06812],[-70.955818,-16.068609],[-70.95592,-16.068807],[-70.955941,-16.069031],[-70.955816,-16.069208],[-70.95563,-16.069341],[-70.955019,-16.069651],[-70.954579,-16.06978],[-70.954381,-16.069881],[-70.954365,-16.070095],[-70.954579,-16.070112],[-70.955,-16.069932],[-70.955219,-16.069867],[-70.955447,-16.069837],[-70.955663,-16.069898],[-70.955866,-16.070001],[-70.956081,-16.070079],[-70.956538,-16.07011],[-70.95675,-16.07019],[-70.957368,-16.070488],[-70.957587,-16.070555],[-70.957786,-16.070663],[-70.958029,-16.071046],[-70.958182,-16.07121],[-70.958529,-16.071507],[-70.958905,-16.071765],[-70.959527,-16.072057],[-70.959747,-16.072117],[-70.959973,-16.072149],[-70.960429,-16.072116],[-70.960638,-16.072031],[-70.960798,-16.071873],[-70.960977,-16.071747],[-70.961184,-16.07183],[-70.961171,-16.072041],[-70.960874,-16.072383],[-70.960613,-16.072755],[-70.960467,-16.072928],[-70.96012,-16.073223],[-70.959574,-16.073637],[-70.959376,-16.073751],[-70.959156,-16.073784],[-70.958946,-16.073701],[-70.958695,-16.073329],[-70.958543,-16.073164],[-70.958365,-16.073021],[-70.958224,-16.072845],[-70.958051,-16.07271],[-70.957872,-16.072815],[-70.957948,-16.073016],[-70.958258,-16.073349],[-70.958384,-16.07353],[-70.958481,-16.073971],[-70.958568,-16.074644],[-70.958653,-16.074854],[-70.958768,-16.075048],[-70.958958,-16.075162],[-70.959182,-16.075212],[-70.959405,-16.075215],[-70.959674,-16.074866],[-70.960131,-16.074875],[-70.960578,-16.074779],[-70.960805,-16.074785],[-70.960978,-16.074923],[-70.961048,-16.075133],[-70.96098,-16.07534],[-70.960653,-16.075655],[-70.960561,-16.075857],[-70.960528,-16.076307],[-70.960205,-16.0769],[-70.960133,-16.077115],[-70.960132,-16.077565],[-70.960158,-16.077789],[-70.96029,-16.078222],[-70.960378,-16.07843],[-70.960852,-16.079204],[-70.961266,-16.079747],[-70.961877,-16.080703],[-70.962024,-16.080874],[-70.962195,-16.081025],[-70.962401,-16.08112],[-70.962622,-16.081171],[-70.962851,-16.081158],[-70.963077,-16.081191],[-70.963277,-16.081294],[-70.963279,-16.081496],[-70.963177,-16.081697],[-70.96314,-16.081919],[-70.963272,-16.082099],[-70.963465,-16.08222],[-70.963889,-16.082392],[-70.96411,-16.082452],[-70.965019,-16.082577],[-70.965704,-16.082508],[-70.966163,-16.082501],[-70.966388,-16.082468],[-70.966605,-16.082394],[-70.967012,-16.082188],[-70.967938,-16.081521],[-70.968334,-16.081292],[-70.968984,-16.08107],[-70.96921,-16.081034],[-70.969435,-16.081035],[-70.969592,-16.08117],[-70.969637,-16.081387],[-70.969474,-16.081531],[-70.969049,-16.081703],[-70.968906,-16.081875],[-70.968753,-16.082301],[-70.968646,-16.0825],[-70.96796,-16.083406],[-70.967573,-16.083967],[-70.967498,-16.084179],[-70.967266,-16.085286],[-70.967254,-16.085511],[-70.96734,-16.086411],[-70.96745,-16.08799],[-70.967488,-16.088212],[-70.967665,-16.088329],[-70.967868,-16.088237],[-70.968254,-16.087994],[-70.968465,-16.087909],[-70.968662,-16.087989],[-70.968685,-16.088205],[-70.968656,-16.088429],[-70.968662,-16.088655],[-70.968702,-16.089103],[-70.96864,-16.089317],[-70.96852,-16.089509],[-70.968437,-16.089719],[-70.968429,-16.089943],[-70.968551,-16.090379],[-70.968634,-16.090589],[-70.968741,-16.090789],[-70.96903,-16.09114],[-70.969348,-16.091465],[-70.970089,-16.092329],[-70.970348,-16.092702],[-70.970799,-16.09349],[-70.970864,-16.093701],[-70.970777,-16.094143],[-70.970843,-16.094342],[-70.97105,-16.094305],[-70.971799,-16.093782],[-70.972017,-16.093775],[-70.972142,-16.093949],[-70.972151,-16.094627],[-70.972195,-16.094847],[-70.97228,-16.095052],[-70.972485,-16.095126],[-70.9727,-16.095054],[-70.972896,-16.095126],[-70.972883,-16.095342],[-70.97268,-16.095747],[-70.97244,-16.096383],[-70.972378,-16.0966],[-70.972316,-16.097048],[-70.972058,-16.097913],[-70.972106,-16.098132],[-70.972182,-16.098345],[-70.972668,-16.099369],[-70.972966,-16.099709],[-70.973329,-16.100281],[-70.973487,-16.100445],[-70.973589,-16.100637],[-70.973543,-16.100852],[-70.973382,-16.101275],[-70.973255,-16.101709],[-70.973293,-16.101926],[-70.973661,-16.102195],[-70.973877,-16.102249],[-70.974106,-16.102269],[-70.974333,-16.10225],[-70.974537,-16.102149],[-70.975115,-16.101784],[-70.975331,-16.101708],[-70.975779,-16.101611],[-70.976007,-16.101615],[-70.976657,-16.101834],[-70.977109,-16.101907],[-70.977337,-16.101912],[-70.978022,-16.101843],[-70.978698,-16.101712],[-70.979142,-16.101597],[-70.979772,-16.101325],[-70.980993,-16.100697],[-70.982569,-16.100388],[-70.982783,-16.10031],[-70.982957,-16.100169],[-70.983259,-16.099828],[-70.983428,-16.099677],[-70.983645,-16.099617],[-70.983875,-16.099617],[-70.984101,-16.099654],[-70.98433,-16.099652],[-70.984787,-16.099603],[-70.985014,-16.099617],[-70.985211,-16.099719],[-70.985324,-16.099914],[-70.987882,-16.105721],[-70.988092,-16.106123],[-70.988402,-16.106456],[-70.989405,-16.107386],[-70.98961,-16.10748],[-70.989826,-16.107422],[-70.990021,-16.107304],[-70.990472,-16.107232],[-70.9907,-16.107225],[-70.990927,-16.107259],[-70.991137,-16.107336],[-70.99132,-16.107471],[-70.991481,-16.107632],[-70.993203,-16.109749],[-70.99375,-16.110475],[-70.994077,-16.11079],[-70.994265,-16.11092],[-70.994473,-16.111014],[-70.994691,-16.111078],[-70.994914,-16.111048],[-70.995358,-16.110936],[-70.995586,-16.110957],[-70.996024,-16.11109],[-70.996712,-16.111099],[-70.996926,-16.11115],[-70.997101,-16.111295],[-70.997226,-16.111484],[-70.997741,-16.112493],[-70.997906,-16.112649],[-70.998496,-16.112998],[-70.99964,-16.113753],[-70.999788,-16.113921],[-70.999944,-16.114342],[-71.000115,-16.114484],[-71.00055,-16.114629],[-71.000698,-16.114789],[-71.000727,-16.115239],[-71.000695,-16.115689],[-70.999844,-16.117542],[-70.999245,-16.118763],[-70.99923,-16.118986],[-70.999339,-16.119182],[-70.999881,-16.119911],[-71.0001,-16.1199],[-71.001631,-16.119418],[-71.002075,-16.119304],[-71.002303,-16.119325],[-71.002475,-16.119472],[-71.002587,-16.119666],[-71.004191,-16.12317],[-71.005349,-16.124854],[-71.008874,-16.129876],[-71.009035,-16.130032],[-71.009254,-16.130096],[-71.01109,-16.130047],[-71.011315,-16.130074],[-71.01145,-16.130242],[-71.012531,-16.137627],[-71.012658,-16.137786],[-71.012859,-16.137895],[-71.013042,-16.138031],[-71.013154,-16.138226],[-71.013625,-16.139501],[-71.013837,-16.140146],[-71.013886,-16.140365],[-71.013995,-16.141491],[-71.014069,-16.141698],[-71.014191,-16.14189],[-71.014269,-16.142097],[-71.014514,-16.143661],[-71.014526,-16.143887],[-71.014497,-16.144104],[-71.014386,-16.144302],[-71.014236,-16.144728],[-71.014253,-16.144952],[-71.014343,-16.145152],[-71.015056,-16.145718],[-71.015222,-16.145873],[-71.015658,-16.146397],[-71.015821,-16.146554],[-71.017012,-16.147233],[-71.017578,-16.147618],[-71.017781,-16.147724],[-71.018238,-16.147768],[-71.018696,-16.147774],[-71.018922,-16.147815],[-71.019358,-16.147954],[-71.020487,-16.148159],[-71.020696,-16.148246],[-71.020822,-16.148428],[-71.020827,-16.148648],[-71.020664,-16.148783],[-71.019978,-16.148831],[-71.019763,-16.148886],[-71.019653,-16.149074],[-71.019715,-16.149287],[-71.019888,-16.149422],[-71.020114,-16.149459],[-71.020322,-16.149551],[-71.021394,-16.1504],[-71.022625,-16.15101],[-71.022809,-16.15114],[-71.022921,-16.151335],[-71.022886,-16.151552],[-71.022436,-16.15234],[-71.022175,-16.152712],[-71.022172,-16.152914],[-71.022561,-16.153141],[-71.022718,-16.153301],[-71.023032,-16.153904],[-71.023356,-16.15475],[-71.023418,-16.154967],[-71.023435,-16.155192],[-71.023428,-16.155418],[-71.023372,-16.155866],[-71.023372,-16.156092],[-71.023405,-16.156316],[-71.023726,-16.1574],[-71.023804,-16.157613],[-71.023919,-16.157806],[-71.02412,-16.157904],[-71.024311,-16.157797],[-71.024402,-16.157593],[-71.024444,-16.157371],[-71.024521,-16.157166],[-71.024652,-16.15698],[-71.025108,-16.156471],[-71.025326,-16.15641],[-71.025552,-16.156428],[-71.025727,-16.156574],[-71.026216,-16.15734],[-71.026358,-16.157514],[-71.026706,-16.15781],[-71.026843,-16.157988],[-71.02687,-16.158207],[-71.026754,-16.158397],[-71.025362,-16.160195],[-71.02525,-16.160392],[-71.025171,-16.160603],[-71.025163,-16.161506],[-71.025228,-16.161722],[-71.025367,-16.163978],[-71.025365,-16.164203],[-71.025239,-16.164636],[-71.025067,-16.165056],[-71.024834,-16.165445],[-71.024365,-16.165938],[-71.022851,-16.166962],[-71.022691,-16.167122],[-71.022582,-16.167319],[-71.022514,-16.167532],[-71.022366,-16.168881],[-71.022231,-16.169776],[-71.022052,-16.170663],[-71.022052,-16.170889],[-71.022093,-16.171109],[-71.022301,-16.171755],[-71.022497,-16.172163],[-71.02273,-16.172553],[-71.022997,-16.173417],[-71.023258,-16.174044],[-71.023357,-16.174247],[-71.023519,-16.174403],[-71.023718,-16.174515],[-71.023931,-16.174601],[-71.024121,-16.174725],[-71.024463,-16.175026],[-71.024653,-16.175149],[-71.025701,-16.17561],[-71.02677,-16.176465],[-71.02696,-16.176588],[-71.027171,-16.176679],[-71.027624,-16.176735],[-71.028312,-16.176732],[-71.028537,-16.176777],[-71.028753,-16.176849],[-71.029169,-16.17704],[-71.029388,-16.177108],[-71.029613,-16.17712],[-71.030299,-16.177061],[-71.030528,-16.177072],[-71.030756,-16.177093],[-71.031202,-16.177202],[-71.031413,-16.177291],[-71.031594,-16.177421],[-71.03175,-16.177588],[-71.031876,-16.177774],[-71.032194,-16.178376],[-71.032328,-16.178806],[-71.032389,-16.179254],[-71.032618,-16.180361],[-71.032761,-16.18079],[-71.033024,-16.181416],[-71.033237,-16.182061],[-71.033358,-16.182728],[-71.033576,-16.183607],[-71.033656,-16.18428],[-71.033758,-16.18472],[-71.033904,-16.185149],[-71.034112,-16.185551],[-71.034293,-16.185967],[-71.034338,-16.186188],[-71.034369,-16.186865],[-71.034155,-16.187263],[-71.034009,-16.187435],[-71.033838,-16.187584],[-71.033529,-16.187916],[-71.033499,-16.188132],[-71.033516,-16.188357],[-71.033437,-16.188799],[-71.033547,-16.188995],[-71.034746,-16.190047],[-71.034901,-16.190213],[-71.03501,-16.190411],[-71.034994,-16.190629],[-71.034844,-16.190793],[-71.034499,-16.191091],[-71.034406,-16.191292],[-71.034411,-16.19151],[-71.03461,-16.192159],[-71.03489,-16.193255],[-71.035607,-16.196572],[-71.036607,-16.200754],[-71.038133,-16.207368],[-71.038254,-16.208035],[-71.038952,-16.210426],[-71.039298,-16.212201],[-71.039508,-16.212847],[-71.04049,-16.216333],[-71.040946,-16.21785],[-71.04209,-16.220808],[-71.042669,-16.222039],[-71.043311,-16.223238],[-71.043466,-16.223898],[-71.043819,-16.224974],[-71.044062,-16.225846],[-71.044338,-16.226467],[-71.044642,-16.227076],[-71.044723,-16.227286],[-71.044754,-16.227962],[-71.044893,-16.228626],[-71.04554,-16.23103],[-71.045982,-16.232073],[-71.046584,-16.233293],[-71.047449,-16.234626],[-71.048141,-16.235528],[-71.048255,-16.23572],[-71.048307,-16.23594],[-71.05099,-16.24015],[-71.051469,-16.241178],[-71.052056,-16.242651],[-71.052275,-16.243048],[-71.052397,-16.243481],[-71.052463,-16.243929],[-71.05278,-16.245249],[-71.052809,-16.245472],[-71.052821,-16.245698],[-71.052751,-16.247279],[-71.052822,-16.247723],[-71.053195,-16.248791],[-71.053307,-16.248989],[-71.053736,-16.249519],[-71.053886,-16.249689],[-71.054063,-16.249833],[-71.054282,-16.249896],[-71.055199,-16.249934],[-71.055421,-16.249886],[-71.055566,-16.249731],[-71.055784,-16.249333],[-71.056087,-16.248995],[-71.058227,-16.247288],[-71.058377,-16.247119],[-71.058457,-16.246917],[-71.058485,-16.246468],[-71.058663,-16.246053],[-71.058915,-16.245675],[-71.05898,-16.245461],[-71.059066,-16.245017],[-71.059258,-16.244366],[-71.059535,-16.244006],[-71.059647,-16.243815],[-71.059902,-16.242254],[-71.059905,-16.241581],[-71.060087,-16.241567],[-71.060123,-16.242017],[-71.060228,-16.242687],[-71.060284,-16.242905],[-71.060441,-16.24333],[-71.060756,-16.243933],[-71.060808,-16.244131],[-71.060385,-16.244933],[-71.060315,-16.245146],[-71.060225,-16.245817],[-71.06022,-16.246269],[-71.06017,-16.246718],[-71.060179,-16.247169],[-71.060254,-16.247615],[-71.060553,-16.247953],[-71.060516,-16.248157],[-71.060012,-16.248616],[-71.05986,-16.248785],[-71.059774,-16.248988],[-71.059575,-16.249871],[-71.059495,-16.250542],[-71.059989,-16.252284],[-71.060296,-16.253136],[-71.06039,-16.253341],[-71.060746,-16.253922],[-71.061061,-16.254248],[-71.061988,-16.254914],[-71.06214,-16.255078],[-71.062272,-16.255262],[-71.062439,-16.255412],[-71.063465,-16.255917],[-71.063889,-16.256091],[-71.064079,-16.256213],[-71.064193,-16.256407],[-71.064472,-16.257026],[-71.064842,-16.257294],[-71.067118,-16.258822],[-71.068291,-16.259533],[-71.068494,-16.259639],[-71.068918,-16.259812],[-71.069355,-16.259949],[-71.069566,-16.260038],[-71.07005,-16.260804],[-71.070208,-16.260965],[-71.070563,-16.26125],[-71.071175,-16.26156],[-71.071593,-16.261746],[-71.071778,-16.261877],[-71.071918,-16.262054],[-71.072082,-16.262205],[-71.07229,-16.262299],[-71.074548,-16.262707],[-71.07498,-16.262856],[-71.075175,-16.262974],[-71.075481,-16.263309],[-71.075842,-16.263585],[-71.07598,-16.263766],[-71.076314,-16.264075],[-71.079296,-16.266187],[-71.080951,-16.267406],[-71.081215,-16.267775],[-71.081307,-16.26798],[-71.08197,-16.270145],[-71.083182,-16.274271],[-71.083412,-16.274911],[-71.083625,-16.27625],[-71.083625,-16.27738],[-71.083689,-16.278509],[-71.083813,-16.279404],[-71.085113,-16.283741],[-71.085378,-16.285071],[-71.085444,-16.285286],[-71.08592,-16.286314],[-71.086021,-16.286516],[-71.086189,-16.286667],[-71.086848,-16.286859],[-71.087055,-16.286955],[-71.087222,-16.287105],[-71.087886,-16.288291],[-71.088021,-16.288475],[-71.088181,-16.288634],[-71.08854,-16.288916],[-71.089371,-16.289694],[-71.092442,-16.292746],[-71.094843,-16.295177],[-71.095065,-16.295193],[-71.095516,-16.295112],[-71.095745,-16.295105],[-71.095973,-16.295128],[-71.098446,-16.295632],[-71.098667,-16.295693],[-71.102512,-16.297183],[-71.108304,-16.299359],[-71.111717,-16.300698],[-71.118355,-16.303225],[-71.121552,-16.304487],[-71.122213,-16.304678],[-71.122881,-16.304841],[-71.126277,-16.305404],[-71.128757,-16.305876],[-71.130317,-16.306257],[-71.135403,-16.307655],[-71.139584,-16.30888],[-71.140443,-16.309201],[-71.140654,-16.309289],[-71.141465,-16.309712],[-71.141658,-16.309834],[-71.14533,-16.31255],[-71.147125,-16.313555],[-71.147313,-16.313684],[-71.148224,-16.314372],[-71.149343,-16.315162],[-71.151012,-16.316715],[-71.151052,-16.316931],[-71.151134,-16.317832],[-71.151125,-16.318962],[-71.151164,-16.31941],[-71.151013,-16.320072],[-71.150949,-16.320519],[-71.150717,-16.321627],[-71.150503,-16.322506],[-71.150483,-16.322729],[-71.150551,-16.323857],[-71.150674,-16.325208],[-71.150852,-16.325862],[-71.151492,-16.327557],[-71.151518,-16.327781],[-71.151591,-16.331623],[-71.151565,-16.332301],[-71.151452,-16.332969],[-71.151153,-16.333823],[-71.150948,-16.334227],[-71.150827,-16.334419],[-71.150548,-16.334778],[-71.150091,-16.335285],[-71.149271,-16.335691],[-71.14906,-16.335775],[-71.147234,-16.335966],[-71.147029,-16.336057],[-71.146634,-16.336289],[-71.144981,-16.33751],[-71.144353,-16.338169],[-71.142094,-16.340089],[-71.141348,-16.340948],[-71.140717,-16.341892],[-71.140244,-16.342667],[-71.139733,-16.343926],[-71.139697,-16.344146],[-71.139662,-16.345275],[-71.139803,-16.346397],[-71.139894,-16.3466],[-71.14013,-16.346988],[-71.140278,-16.347154],[-71.140651,-16.347418],[-71.140823,-16.347567],[-71.141426,-16.347891],[-71.141781,-16.348178],[-71.14242,-16.348431],[-71.143333,-16.348522],[-71.14469,-16.348756],[-71.146149,-16.349417],[-71.147361,-16.350061],[-71.149212,-16.350959],[-71.151025,-16.351247],[-71.151708,-16.351333],[-71.151937,-16.351338],[-71.152162,-16.351303],[-71.152601,-16.351168],[-71.153406,-16.350735],[-71.15497,-16.349786],[-71.155708,-16.349248],[-71.157616,-16.347619],[-71.159057,-16.346497],[-71.160335,-16.345538],[-71.16074,-16.345328],[-71.160959,-16.34527],[-71.163238,-16.344993],[-71.164611,-16.344889],[-71.166203,-16.344675],[-71.166662,-16.344692],[-71.166887,-16.344728],[-71.168211,-16.345104],[-71.169338,-16.345312],[-71.17244,-16.346142],[-71.176676,-16.347167],[-71.177555,-16.347431],[-71.17776,-16.347524],[-71.179383,-16.348784],[-71.179908,-16.349223],[-71.180066,-16.349384],[-71.181115,-16.350868],[-71.181267,-16.351035],[-71.181961,-16.351627],[-71.18256,-16.351962],[-71.183856,-16.352417],[-71.184952,-16.352753],[-71.185844,-16.352969],[-71.186928,-16.353341],[-71.188899,-16.35395],[-71.189795,-16.354146],[-71.190252,-16.354115],[-71.190941,-16.354115],[-71.193689,-16.354305],[-71.194607,-16.35434],[-71.19551,-16.354181],[-71.196419,-16.35405],[-71.196648,-16.354048],[-71.197794,-16.354106],[-71.198693,-16.354293],[-71.19892,-16.354318],[-71.200297,-16.35431],[-71.200523,-16.354281],[-71.201633,-16.353996],[-71.202317,-16.353922],[-71.203235,-16.353927],[-71.203922,-16.353977],[-71.205518,-16.354161],[-71.206422,-16.354321],[-71.207795,-16.354426],[-71.208705,-16.354544],[-71.208929,-16.354595],[-71.212679,-16.355657],[-71.213094,-16.355851],[-71.214207,-16.35665],[-71.215285,-16.357493],[-71.216269,-16.358074],[-71.217515,-16.358652],[-71.219849,-16.359603],[-71.221952,-16.360508],[-71.224298,-16.361431],[-71.225163,-16.361733],[-71.225371,-16.361826],[-71.226544,-16.362536],[-71.227395,-16.362876],[-71.229339,-16.363568],[-71.23019,-16.363906],[-71.231408,-16.364539],[-71.232452,-16.365009],[-71.233532,-16.365392],[-71.234596,-16.365815],[-71.235889,-16.366282],[-71.240511,-16.367636],[-71.24162,-16.367926],[-71.242963,-16.368229],[-71.244106,-16.36833],[-71.245022,-16.368382],[-71.245921,-16.368562],[-71.248369,-16.369174],[-71.249504,-16.369345],[-71.2511,-16.369533],[-71.252472,-16.369638],[-71.254466,-16.369103],[-71.254919,-16.369036],[-71.260427,-16.368889],[-71.260871,-16.369005],[-71.261959,-16.369365],[-71.263559,-16.369243],[-71.2647,-16.369126],[-71.265154,-16.369196],[-71.265599,-16.369305],[-71.266056,-16.369307],[-71.266921,-16.369003],[-71.268239,-16.368608],[-71.268694,-16.368641],[-71.269142,-16.368544],[-71.269996,-16.368211],[-71.270656,-16.368022],[-71.271112,-16.367971],[-71.271336,-16.368012],[-71.271532,-16.368125],[-71.271735,-16.368208],[-71.271962,-16.368183],[-71.272606,-16.367941],[-71.273054,-16.367841],[-71.27328,-16.367816],[-71.273739,-16.367825],[-71.274421,-16.367908],[-71.27465,-16.367894],[-71.275077,-16.367735],[-71.275302,-16.3677],[-71.275532,-16.367698],[-71.275959,-16.367855],[-71.276362,-16.368072],[-71.276581,-16.368086],[-71.276727,-16.367923],[-71.27676,-16.367473],[-71.276851,-16.367282],[-71.277177,-16.366964],[-71.277479,-16.366628],[-71.277869,-16.366389],[-71.278083,-16.366336],[-71.278313,-16.366345],[-71.278533,-16.366391],[-71.27874,-16.36647],[-71.278913,-16.366342],[-71.27952,-16.365663],[-71.279694,-16.365526],[-71.280126,-16.365373],[-71.28057,-16.365256],[-71.281245,-16.365124],[-71.281878,-16.364862],[-71.282962,-16.364489],[-71.283646,-16.364435],[-71.283873,-16.364442],[-71.284538,-16.36462],[-71.284762,-16.364656],[-71.28499,-16.364636],[-71.285217,-16.364608],[-71.286504,-16.364127],[-71.288089,-16.363862],[-71.288313,-16.363856],[-71.288533,-16.363921],[-71.288869,-16.364228],[-71.289079,-16.364307],[-71.289536,-16.364281],[-71.290184,-16.364051],[-71.290403,-16.364002],[-71.290856,-16.364061],[-71.291728,-16.364345],[-71.293016,-16.364825],[-71.29318,-16.36498],[-71.293727,-16.365706],[-71.293889,-16.365865],[-71.294245,-16.36615],[-71.294626,-16.366397],[-71.294716,-16.366604],[-71.294701,-16.366827],[-71.294666,-16.36705],[-71.294384,-16.368146],[-71.29435,-16.368368],[-71.29435,-16.368594],[-71.294466,-16.368771],[-71.294794,-16.369086],[-71.295231,-16.36961],[-71.295476,-16.369993],[-71.295621,-16.370143],[-71.296536,-16.370068],[-71.297913,-16.370028],[-71.29837,-16.370063],[-71.298582,-16.370139],[-71.299191,-16.370456],[-71.299612,-16.370637],[-71.301709,-16.372021],[-71.301886,-16.372165],[-71.302035,-16.372335],[-71.302442,-16.372882],[-71.302785,-16.373183],[-71.302979,-16.373292],[-71.303421,-16.373413],[-71.303842,-16.373593],[-71.304006,-16.37375],[-71.304133,-16.373935],[-71.304234,-16.374138],[-71.304282,-16.374359],[-71.304252,-16.374582],[-71.303927,-16.375426],[-71.303851,-16.375871],[-71.30353,-16.37647],[-71.303455,-16.376684],[-71.303401,-16.376902],[-71.303339,-16.37735],[-71.303327,-16.377576],[-71.303364,-16.377789],[-71.303487,-16.37798],[-71.303518,-16.378203],[-71.303592,-16.37841],[-71.304042,-16.378923],[-71.304453,-16.379107],[-71.30516,-16.379683],[-71.306066,-16.380376],[-71.307126,-16.380809],[-71.307575,-16.380872],[-71.307979,-16.381087],[-71.308552,-16.381464],[-71.308771,-16.381511],[-71.309912,-16.381629],[-71.31014,-16.381635],[-71.310825,-16.381577],[-71.311281,-16.381628],[-71.31174,-16.381645],[-71.312142,-16.381854],[-71.312326,-16.381987],[-71.313109,-16.382813],[-71.313257,-16.382985],[-71.313641,-16.383548],[-71.313942,-16.384402],[-71.313981,-16.384622],[-71.313965,-16.385299],[-71.314065,-16.38548],[-71.31417,-16.385342],[-71.314299,-16.384218],[-71.314345,-16.383315],[-71.314283,-16.382868],[-71.314231,-16.382651],[-71.31401,-16.382255],[-71.313556,-16.381216],[-71.313413,-16.381043],[-71.313335,-16.380839],[-71.31345,-16.380698],[-71.313634,-16.380808],[-71.313938,-16.381146],[-71.314667,-16.381695],[-71.314865,-16.381805],[-71.315285,-16.381988],[-71.315666,-16.382238],[-71.315978,-16.382563],[-71.316081,-16.382764],[-71.316186,-16.383203],[-71.316256,-16.383877],[-71.316299,-16.384099],[-71.316309,-16.384322],[-71.316069,-16.386115],[-71.315904,-16.386529],[-71.315965,-16.386732],[-71.316121,-16.386615],[-71.316407,-16.385998],[-71.317456,-16.384514],[-71.318028,-16.383534],[-71.318137,-16.383095],[-71.318175,-16.382645],[-71.318057,-16.382225],[-71.318244,-16.382247],[-71.318372,-16.382435],[-71.318434,-16.382651],[-71.318662,-16.383528],[-71.318701,-16.383749],[-71.318706,-16.383974],[-71.318462,-16.384846],[-71.318383,-16.385057],[-71.317824,-16.386297],[-71.317743,-16.38697],[-71.317358,-16.387789],[-71.317084,-16.388152],[-71.316922,-16.388312],[-71.316869,-16.388523],[-71.317058,-16.389172],[-71.31699,-16.389388],[-71.316954,-16.389607],[-71.31708,-16.389766],[-71.317274,-16.389885],[-71.317406,-16.390066],[-71.317522,-16.390503],[-71.317604,-16.390713],[-71.317704,-16.390916],[-71.318101,-16.391471],[-71.3182,-16.391674],[-71.318383,-16.392089],[-71.318415,-16.392308],[-71.318373,-16.392529],[-71.318452,-16.392694],[-71.318599,-16.392569],[-71.318653,-16.392351],[-71.318679,-16.392126],[-71.318667,-16.391905],[-71.318419,-16.391034],[-71.318342,-16.390588],[-71.318276,-16.390374],[-71.317968,-16.389772],[-71.318268,-16.389437],[-71.318349,-16.389228],[-71.318344,-16.389011],[-71.318229,-16.388815],[-71.318183,-16.388623],[-71.318343,-16.38847],[-71.31876,-16.388279],[-71.318944,-16.388146],[-71.319463,-16.387702],[-71.319738,-16.387348],[-71.319749,-16.387123],[-71.319794,-16.386917],[-71.320062,-16.38655],[-71.320223,-16.386396],[-71.320616,-16.386164],[-71.321114,-16.385697],[-71.321811,-16.384798],[-71.321923,-16.384602],[-71.32231,-16.383783],[-71.322378,-16.383335],[-71.322375,-16.382884],[-71.322307,-16.38267],[-71.321971,-16.382079],[-71.320844,-16.381306],[-71.320526,-16.380979],[-71.320389,-16.380799],[-71.3199,-16.380034],[-71.319594,-16.379182],[-71.319556,-16.378961],[-71.31953,-16.37851],[-71.319541,-16.377833],[-71.319799,-16.376965],[-71.319842,-16.376744],[-71.319361,-16.375974],[-71.318927,-16.375448],[-71.31878,-16.375019],[-71.318594,-16.374606],[-71.318457,-16.374428],[-71.318275,-16.374291],[-71.318142,-16.37412],[-71.318238,-16.373967],[-71.318455,-16.374021],[-71.318848,-16.374255],[-71.319217,-16.374524],[-71.319383,-16.374677],[-71.31953,-16.374851],[-71.319899,-16.375119],[-71.320317,-16.375652],[-71.320713,-16.37588],[-71.320886,-16.376029],[-71.321082,-16.376124],[-71.32109,-16.375937],[-71.320832,-16.375564],[-71.32074,-16.375363],[-71.320269,-16.372232],[-71.320263,-16.372008],[-71.320457,-16.371952],[-71.320629,-16.37209],[-71.321087,-16.372597],[-71.321744,-16.373228],[-71.322193,-16.373743],[-71.322339,-16.373917],[-71.322973,-16.374859],[-71.323151,-16.374983],[-71.323584,-16.375134],[-71.32379,-16.37523],[-71.324369,-16.375596],[-71.324523,-16.375765],[-71.324596,-16.37597],[-71.324629,-16.376194],[-71.324656,-16.376418],[-71.324628,-16.376642],[-71.3247,-16.376836],[-71.325122,-16.377],[-71.325297,-16.377147],[-71.325343,-16.377364],[-71.325327,-16.377586],[-71.325194,-16.378247],[-71.325332,-16.378425],[-71.326291,-16.379045],[-71.326467,-16.379189],[-71.326554,-16.379384],[-71.326463,-16.37958],[-71.326332,-16.379766],[-71.326234,-16.379958],[-71.326325,-16.380157],[-71.326528,-16.380254],[-71.32717,-16.380492],[-71.327338,-16.380644],[-71.32741,-16.380854],[-71.327368,-16.381074],[-71.327416,-16.381293],[-71.327605,-16.381405],[-71.328225,-16.3817],[-71.328601,-16.381959],[-71.32878,-16.3821],[-71.328935,-16.382266],[-71.329206,-16.38263],[-71.329296,-16.382837],[-71.329271,-16.383059],[-71.329189,-16.383268],[-71.32904,-16.383434],[-71.328854,-16.383563],[-71.328642,-16.383645],[-71.328417,-16.383685],[-71.328344,-16.383865],[-71.328448,-16.384063],[-71.328805,-16.384337],[-71.329198,-16.384893],[-71.329395,-16.384975],[-71.329615,-16.38491],[-71.329841,-16.384936],[-71.330496,-16.385147],[-71.331127,-16.385418],[-71.331452,-16.385735],[-71.331537,-16.385941],[-71.331666,-16.386374],[-71.331671,-16.386597],[-71.331514,-16.386762],[-71.331324,-16.386885],[-71.331115,-16.386969],[-71.330657,-16.386989],[-71.330444,-16.387075],[-71.330412,-16.387285],[-71.330528,-16.387452],[-71.33072,-16.387574],[-71.330931,-16.387664],[-71.331381,-16.387747],[-71.331596,-16.387817],[-71.331982,-16.388061],[-71.332198,-16.388117],[-71.333342,-16.388217],[-71.333759,-16.388395],[-71.334268,-16.388852],[-71.33464,-16.389422],[-71.334927,-16.390037],[-71.335124,-16.390122],[-71.335282,-16.389991],[-71.335274,-16.389771],[-71.335004,-16.388674],[-71.334701,-16.388335],[-71.334348,-16.38805],[-71.334282,-16.387851],[-71.334405,-16.38768],[-71.335063,-16.387482],[-71.336044,-16.386895],[-71.336201,-16.386733],[-71.336264,-16.386286],[-71.336321,-16.386084],[-71.336533,-16.386029],[-71.33671,-16.386137],[-71.336893,-16.386549],[-71.336947,-16.386764],[-71.336899,-16.386982],[-71.336293,-16.387936],[-71.336368,-16.388147],[-71.337215,-16.389216],[-71.33743,-16.389278],[-71.337887,-16.389307],[-71.338529,-16.389552],[-71.339527,-16.39011],[-71.33991,-16.390359],[-71.340069,-16.390518],[-71.340607,-16.391251],[-71.340759,-16.391677],[-71.340942,-16.392563],[-71.341021,-16.392771],[-71.341228,-16.39283],[-71.341391,-16.392694],[-71.3417,-16.392088],[-71.341941,-16.391704],[-71.342465,-16.390961],[-71.342539,-16.390751],[-71.342673,-16.390091],[-71.342541,-16.389927],[-71.341889,-16.389717],[-71.341175,-16.389148],[-71.341095,-16.388952],[-71.341536,-16.388448],[-71.341667,-16.388262],[-71.341741,-16.388053],[-71.341701,-16.387848],[-71.341532,-16.387708],[-71.341318,-16.387662],[-71.34088,-16.387795],[-71.3407,-16.387716],[-71.340714,-16.387516],[-71.340852,-16.387339],[-71.341013,-16.38718],[-71.341841,-16.38679],[-71.341998,-16.38664],[-71.342079,-16.386435],[-71.342065,-16.386209],[-71.341878,-16.385801],[-71.341531,-16.385215],[-71.341526,-16.384994],[-71.341594,-16.38479],[-71.341747,-16.384622],[-71.342366,-16.384331],[-71.342753,-16.384088],[-71.342911,-16.383934],[-71.343235,-16.383336],[-71.343305,-16.38312],[-71.34332,-16.382898],[-71.343038,-16.382041],[-71.343124,-16.381849],[-71.343354,-16.38184],[-71.343984,-16.38211],[-71.344179,-16.382226],[-71.344347,-16.382376],[-71.344449,-16.382579],[-71.344389,-16.382794],[-71.344179,-16.383195],[-71.344018,-16.383618],[-71.343396,-16.384568],[-71.343226,-16.38472],[-71.343041,-16.38485],[-71.342834,-16.384948],[-71.342655,-16.38508],[-71.342704,-16.385291],[-71.342841,-16.385472],[-71.342935,-16.385673],[-71.342987,-16.385893],[-71.342962,-16.386341],[-71.342903,-16.386558],[-71.342809,-16.386764],[-71.342808,-16.386962],[-71.343022,-16.387015],[-71.343481,-16.387033],[-71.343708,-16.387069],[-71.343933,-16.387058],[-71.3455,-16.386711],[-71.346413,-16.386807],[-71.346872,-16.386819],[-71.349159,-16.387017],[-71.350532,-16.386913],[-71.35099,-16.386924],[-71.351218,-16.386949],[-71.351438,-16.387012],[-71.351832,-16.387238],[-71.352046,-16.387212],[-71.35213,-16.387006],[-71.352026,-16.386821],[-71.351419,-16.386501],[-71.350529,-16.386281],[-71.350313,-16.386205],[-71.350101,-16.38612],[-71.349549,-16.385717],[-71.349105,-16.385601],[-71.34819,-16.385587],[-71.347506,-16.385506],[-71.347288,-16.385452],[-71.347185,-16.385264],[-71.347334,-16.385119],[-71.347543,-16.385194],[-71.347708,-16.385351],[-71.347929,-16.385393],[-71.348145,-16.385339],[-71.348574,-16.385179],[-71.349011,-16.385049],[-71.349928,-16.385103],[-71.350372,-16.385217],[-71.350759,-16.385455],[-71.350987,-16.385471],[-71.351673,-16.385417],[-71.35259,-16.385462],[-71.354192,-16.385354],[-71.355106,-16.385267],[-71.355332,-16.385269],[-71.355523,-16.38537],[-71.355564,-16.385583],[-71.355316,-16.385946],[-71.355212,-16.386147],[-71.355218,-16.386371],[-71.355272,-16.386587],[-71.355365,-16.386793],[-71.355376,-16.387017],[-71.355245,-16.387199],[-71.354715,-16.387631],[-71.354368,-16.388216],[-71.354206,-16.388373],[-71.353992,-16.388451],[-71.353793,-16.388556],[-71.353612,-16.388966],[-71.353424,-16.389086],[-71.353202,-16.389146],[-71.352745,-16.389156],[-71.35229,-16.389219],[-71.352068,-16.389275],[-71.352008,-16.389459],[-71.352104,-16.389662],[-71.352494,-16.390221],[-71.352563,-16.390434],[-71.352555,-16.390884],[-71.352268,-16.391743],[-71.352264,-16.391958],[-71.352562,-16.392285],[-71.3531,-16.394249],[-71.35289,-16.395123],[-71.352981,-16.395278],[-71.35316,-16.39516],[-71.354086,-16.394156],[-71.355127,-16.39295],[-71.355293,-16.392798],[-71.355504,-16.392718],[-71.355954,-16.392628],[-71.356157,-16.392531],[-71.356711,-16.392133],[-71.356946,-16.391745],[-71.357099,-16.391584],[-71.35729,-16.391459],[-71.357508,-16.39142],[-71.357738,-16.39142],[-71.358395,-16.391605],[-71.359033,-16.392254],[-71.359318,-16.392609],[-71.359498,-16.392736],[-71.361102,-16.39277],[-71.361557,-16.392829],[-71.361999,-16.392947],[-71.362227,-16.392969],[-71.362684,-16.392944],[-71.363803,-16.392694],[-71.364028,-16.392703],[-71.36423,-16.392795],[-71.364404,-16.392942],[-71.364581,-16.393355],[-71.3646,-16.39358],[-71.364536,-16.393796],[-71.364568,-16.394002],[-71.365049,-16.394486],[-71.365183,-16.394663],[-71.365173,-16.394867],[-71.365016,-16.395021],[-71.364809,-16.395121],[-71.36459,-16.395104],[-71.364365,-16.395056],[-71.364151,-16.395092],[-71.364068,-16.395283],[-71.3643,-16.395663],[-71.364356,-16.395877],[-71.364335,-16.396099],[-71.364149,-16.396509],[-71.3642,-16.396716],[-71.364409,-16.396778],[-71.365147,-16.397314],[-71.365728,-16.398014],[-71.365908,-16.398128],[-71.366116,-16.398032],[-71.366797,-16.39798],[-71.367248,-16.397894],[-71.367333,-16.39808],[-71.36745,-16.398514],[-71.367355,-16.398712],[-71.366734,-16.399004],[-71.366511,-16.399059],[-71.366058,-16.399123],[-71.365835,-16.39908],[-71.365632,-16.398974],[-71.365248,-16.398727],[-71.364914,-16.39842],[-71.3647,-16.398435],[-71.364668,-16.398633],[-71.364789,-16.398825],[-71.365002,-16.399468],[-71.365093,-16.399675],[-71.365451,-16.400254],[-71.365598,-16.400426],[-71.365798,-16.400537],[-71.366013,-16.400613],[-71.366239,-16.400655],[-71.367384,-16.400727],[-71.368277,-16.400935],[-71.36868,-16.40115],[-71.368817,-16.401323],[-71.368799,-16.401539],[-71.368624,-16.401669],[-71.368202,-16.401845],[-71.367372,-16.402233],[-71.367176,-16.402345],[-71.367023,-16.402513],[-71.367041,-16.4027],[-71.367265,-16.402698],[-71.367711,-16.402589],[-71.367939,-16.402578],[-71.368167,-16.402605],[-71.368394,-16.402634],[-71.368835,-16.402758],[-71.369239,-16.402972],[-71.369624,-16.403218],[-71.370594,-16.40418],[-71.370951,-16.404462],[-71.372586,-16.405281],[-71.372779,-16.405402],[-71.373297,-16.405849],[-71.374364,-16.40703],[-71.374564,-16.40714],[-71.374785,-16.407199],[-71.375243,-16.407202],[-71.375466,-16.407253],[-71.37568,-16.407331],[-71.376078,-16.407555],[-71.376292,-16.407633],[-71.376738,-16.407734],[-71.376922,-16.407865],[-71.37713,-16.408263],[-71.37728,-16.408418],[-71.377484,-16.408349],[-71.3776,-16.408157],[-71.377616,-16.407932],[-71.377518,-16.407733],[-71.377382,-16.407551],[-71.377367,-16.407343],[-71.377551,-16.407228],[-71.37778,-16.407228],[-71.378223,-16.407335],[-71.378349,-16.407295],[-71.378437,-16.407107],[-71.379773,-16.406781],[-71.37998,-16.406697],[-71.380116,-16.406526],[-71.380333,-16.406454],[-71.383471,-16.405769],[-71.38365,-16.405656],[-71.384102,-16.40569],[-71.384783,-16.405787],[-71.386388,-16.40587],[-71.38683,-16.405988],[-71.387251,-16.406169],[-71.387469,-16.406225],[-71.387926,-16.406215],[-71.388372,-16.406105],[-71.388585,-16.406026],[-71.389188,-16.405698],[-71.389815,-16.405418],[-71.390037,-16.405369],[-71.390446,-16.405165],[-71.390666,-16.405113],[-71.390893,-16.405116],[-71.391119,-16.405155],[-71.391337,-16.405126],[-71.391434,-16.405288],[-71.39163,-16.405272],[-71.392292,-16.405089],[-71.392744,-16.405153],[-71.393174,-16.405312],[-71.394722,-16.405735],[-71.394925,-16.405691],[-71.395064,-16.405588],[-71.395281,-16.405664],[-71.395729,-16.40574],[-71.396335,-16.40606],[-71.396756,-16.406234],[-71.399927,-16.405718],[-71.401039,-16.40544],[-71.401919,-16.405183],[-71.402143,-16.405149],[-71.403279,-16.405305],[-71.403967,-16.405345],[-71.405335,-16.405498],[-71.406021,-16.405552],[-71.406919,-16.405741],[-71.407375,-16.405776],[-71.409194,-16.405527],[-71.409423,-16.40552],[-71.409651,-16.405542],[-71.410329,-16.405659],[-71.410787,-16.405667],[-71.414888,-16.405168],[-71.415117,-16.405161],[-71.415336,-16.405223],[-71.416375,-16.405703],[-71.41658,-16.405804],[-71.416761,-16.405935],[-71.416836,-16.406606],[-71.416728,-16.406785],[-71.416507,-16.406823],[-71.415844,-16.40664],[-71.415672,-16.406735],[-71.415743,-16.406932],[-71.417163,-16.407672],[-71.418608,-16.408788],[-71.418824,-16.408863],[-71.419272,-16.408961],[-71.419498,-16.408999],[-71.419727,-16.409011],[-71.419951,-16.408965],[-71.420583,-16.408706],[-71.420811,-16.408704],[-71.42104,-16.40872],[-71.421708,-16.408877],[-71.422613,-16.409031],[-71.422842,-16.409022],[-71.423046,-16.408929],[-71.423216,-16.408776],[-71.423671,-16.407992],[-71.424822,-16.406583],[-71.425007,-16.406451],[-71.425423,-16.406259],[-71.425599,-16.406126],[-71.425694,-16.405923],[-71.425661,-16.405247],[-71.425601,-16.40504],[-71.425451,-16.404872],[-71.425082,-16.404044],[-71.424966,-16.403849],[-71.424823,-16.403673],[-71.424315,-16.403217],[-71.423405,-16.401913],[-71.423365,-16.401695],[-71.423537,-16.401552],[-71.423757,-16.40153],[-71.423982,-16.401566],[-71.426134,-16.402355],[-71.426352,-16.402352],[-71.426515,-16.402194],[-71.426518,-16.401975],[-71.426302,-16.40133],[-71.42625,-16.40111],[-71.426348,-16.400913],[-71.426556,-16.400865],[-71.426785,-16.40087],[-71.427468,-16.400942],[-71.427665,-16.401053],[-71.428161,-16.401521],[-71.428375,-16.401528],[-71.428523,-16.401363],[-71.428606,-16.400922],[-71.428779,-16.400794],[-71.429003,-16.400814],[-71.42921,-16.40091],[-71.429604,-16.401143],[-71.429813,-16.401206],[-71.430041,-16.401182],[-71.430714,-16.401041],[-71.431379,-16.400861],[-71.432507,-16.400652],[-71.433617,-16.400366],[-71.433844,-16.40033],[-71.434512,-16.400166],[-71.434697,-16.40004],[-71.435138,-16.39952],[-71.435624,-16.398014],[-71.435787,-16.39788],[-71.435986,-16.397956],[-71.436067,-16.39816],[-71.436047,-16.398836],[-71.435998,-16.399056],[-71.435897,-16.399259],[-71.435765,-16.399444],[-71.435668,-16.399648],[-71.435623,-16.399869],[-71.435653,-16.400089],[-71.435795,-16.40026],[-71.436015,-16.400232],[-71.436171,-16.40008],[-71.436637,-16.398331],[-71.436775,-16.3979],[-71.436905,-16.397714],[-71.437067,-16.397554],[-71.437442,-16.397295],[-71.437654,-16.397211],[-71.439192,-16.396755],[-71.440557,-16.396573],[-71.441005,-16.396655],[-71.441229,-16.396618],[-71.442331,-16.3963],[-71.44496,-16.395492],[-71.44629,-16.395136],[-71.447631,-16.394826],[-71.447846,-16.394755],[-71.448026,-16.39462],[-71.44811,-16.394413],[-71.44811,-16.394189],[-71.447976,-16.394011],[-71.447773,-16.393908],[-71.447612,-16.393767],[-71.447423,-16.393117],[-71.447319,-16.392919],[-71.447123,-16.39282],[-71.447068,-16.392628],[-71.447264,-16.392641],[-71.447431,-16.392793],[-71.447832,-16.393342],[-71.448009,-16.393484],[-71.448624,-16.393788],[-71.448843,-16.393856],[-71.449529,-16.39387],[-71.449721,-16.393992],[-71.44994,-16.393996],[-71.450131,-16.393875],[-71.450354,-16.393834],[-71.450583,-16.393836],[-71.450805,-16.393883],[-71.451363,-16.394276],[-71.451786,-16.394452],[-71.452136,-16.394743],[-71.452329,-16.394864],[-71.453147,-16.395272],[-71.453301,-16.395436],[-71.453429,-16.395624],[-71.453597,-16.395775],[-71.454036,-16.395901],[-71.454222,-16.396032],[-71.454403,-16.396172],[-71.455387,-16.39712],[-71.45612,-16.397664],[-71.456472,-16.397954],[-71.456677,-16.398057],[-71.457103,-16.398218],[-71.457282,-16.398358],[-71.457402,-16.398549],[-71.457717,-16.399398],[-71.457828,-16.399595],[-71.457962,-16.399777],[-71.458437,-16.400268],[-71.458584,-16.400442],[-71.458979,-16.400997],[-71.459143,-16.401152],[-71.459359,-16.401226],[-71.460276,-16.401185],[-71.461193,-16.401231],[-71.461629,-16.401366],[-71.462459,-16.401754],[-71.463062,-16.402081],[-71.464011,-16.402716],[-71.464555,-16.403131],[-71.464893,-16.403438],[-71.465841,-16.404074],[-71.466036,-16.404192],[-71.467071,-16.404681],[-71.467493,-16.404847],[-71.468815,-16.405747],[-71.469016,-16.405856],[-71.469236,-16.405915],[-71.471278,-16.406225],[-71.473554,-16.406526],[-71.474456,-16.406695],[-71.483835,-16.407487],[-71.483862,-16.407666],[-71.483802,-16.408115],[-71.483822,-16.408301],[-71.484732,-16.408419],[-71.493588,-16.40972],[-71.495852,-16.410095],[-71.496047,-16.410198],[-71.499219,-16.410709],[-71.49942,-16.410766],[-71.499387,-16.411444],[-71.499405,-16.411644],[-71.502846,-16.411783],[-71.503303,-16.411826],[-71.506057,-16.411917],[-71.506223,-16.411859],[-71.509892,-16.411712],[-71.511954,-16.411576],[-71.512183,-16.411574],[-71.512408,-16.411608],[-71.512618,-16.4117],[-71.512767,-16.411665],[-71.51328,-16.410408],[-71.513396,-16.410273],[-71.513364,-16.410464],[-71.513195,-16.410885],[-71.513349,-16.410939],[-71.514956,-16.410977],[-71.514968,-16.411172],[-71.515065,-16.411278],[-71.516893,-16.411102],[-71.517804,-16.410989],[-71.518262,-16.410961],[-71.520941,-16.411588],[-71.521135,-16.411557],[-71.521253,-16.411392],[-71.521424,-16.411284],[-71.521631,-16.411358],[-71.523657,-16.41174],[-71.524096,-16.411872],[-71.524959,-16.412182],[-71.525845,-16.41242],[-71.52604,-16.412534],[-71.526402,-16.412813],[-71.526492,-16.413008],[-71.527122,-16.413666],[-71.527464,-16.413967],[-71.527654,-16.414092],[-71.529413,-16.415161],[-71.531595,-16.416413],[-71.532207,-16.416723],[-71.533064,-16.417048],[-71.533688,-16.417334],[-71.534129,-16.417437],[-71.53478,-16.417656],[-71.535536,-16.418168],[-71.53584,-16.418505],[-71.536381,-16.418922],[-71.538082,-16.420078],[-71.538474,-16.420311],[-71.538901,-16.420479],[-71.539798,-16.42067],[-71.540241,-16.420789],[-71.540655,-16.420982],[-71.541243,-16.421336],[-71.541456,-16.421419],[-71.542133,-16.421538],[-71.542797,-16.42172],[-71.543644,-16.422068],[-71.544084,-16.422196],[-71.544299,-16.422179],[-71.544428,-16.422021],[-71.545427,-16.421086],[-71.546646,-16.420056],[-71.548704,-16.418251],[-71.548899,-16.418136],[-71.549071,-16.417988],[-71.550412,-16.416752],[-71.550758,-16.416456],[-71.552089,-16.41521],[-71.556476,-16.411224],[-71.55958,-16.408538],[-71.559947,-16.408266],[-71.560734,-16.407803],[-71.566825,-16.404637],[-71.567255,-16.404479],[-71.567697,-16.404359],[-71.567923,-16.40432],[-71.568381,-16.404294],[-71.573421,-16.404616],[-71.578454,-16.405039],[-71.580744,-16.4052],[-71.58509,-16.405573],[-71.588068,-16.405773],[-71.588235,-16.405668],[-71.58846,-16.405695],[-71.588607,-16.405812],[-71.601654,-16.406815],[-71.603023,-16.406965],[-71.605515,-16.407368],[-71.615011,-16.40902],[-71.616146,-16.409191],[-71.619306,-16.409768],[-71.621348,-16.410084],[-71.622022,-16.410221],[-71.628352,-16.411328],[-71.629714,-16.411527],[-71.630842,-16.411738],[-71.632656,-16.412025],[-71.635137,-16.412487],[-71.636252,-16.412758],[-71.637316,-16.41318],[-71.637939,-16.41347],[-71.638899,-16.414089],[-71.64428,-16.418323],[-71.645547,-16.419297],[-71.64642,-16.420031],[-71.64658,-16.420192],[-71.647007,-16.420724],[-71.647132,-16.420912],[-71.647763,-16.422118],[-71.648106,-16.422706],[-71.648424,-16.423308],[-71.64851,-16.423751],[-71.648505,-16.423976],[-71.648377,-16.425553],[-71.648219,-16.426901],[-71.648239,-16.427126],[-71.648368,-16.42731],[-71.648551,-16.42743],[-71.648778,-16.427438],[-71.64983,-16.426987],[-71.650261,-16.426832],[-71.650487,-16.426794],[-71.650711,-16.426844],[-71.651014,-16.427181],[-71.651202,-16.427292],[-71.651429,-16.427314],[-71.651658,-16.4273],[-71.653021,-16.427105],[-71.653227,-16.427007],[-71.65341,-16.426874],[-71.653907,-16.426404],[-71.654105,-16.42629],[-71.654334,-16.426278],[-71.655932,-16.426433],[-71.656156,-16.426397],[-71.656339,-16.426272],[-71.656661,-16.425674],[-71.656832,-16.425534],[-71.657054,-16.425486],[-71.657506,-16.425565],[-71.657951,-16.425675],[-71.658179,-16.425676],[-71.658406,-16.425649],[-71.660854,-16.425039],[-71.661079,-16.425005],[-71.66383,-16.425146],[-71.664746,-16.425215],[-71.665205,-16.425226],[-71.665892,-16.425188],[-71.666342,-16.425101],[-71.666571,-16.425091],[-71.669095,-16.425151],[-71.669781,-16.425216],[-71.669986,-16.425307],[-71.670556,-16.425687],[-71.670921,-16.425962],[-71.671121,-16.426072],[-71.671337,-16.42614],[-71.672253,-16.426103],[-71.674761,-16.425822],[-71.674989,-16.425846],[-71.675648,-16.426045],[-71.675874,-16.426074],[-71.676053,-16.42594],[-71.676807,-16.424808],[-71.676958,-16.424637],[-71.677136,-16.424499],[-71.677353,-16.42443],[-71.67758,-16.4244],[-71.678268,-16.424418],[-71.678497,-16.424404],[-71.678722,-16.42436],[-71.679162,-16.424235],[-71.679999,-16.423861],[-71.680202,-16.423759],[-71.681699,-16.42271],[-71.681864,-16.422554],[-71.68262,-16.421704],[-71.68279,-16.421556],[-71.682993,-16.421455],[-71.683219,-16.421418],[-71.683678,-16.421443],[-71.683904,-16.421426],[-71.68412,-16.421356],[-71.686026,-16.420097],[-71.68616,-16.419914],[-71.686215,-16.419695],[-71.686241,-16.419018],[-71.686309,-16.418803],[-71.686419,-16.418609],[-71.686588,-16.418468],[-71.68725,-16.41828],[-71.689036,-16.417862],[-71.689264,-16.417868],[-71.689484,-16.417919],[-71.689689,-16.418019],[-71.68985,-16.41818],[-71.689965,-16.418366],[-71.690004,-16.418587],[-71.689682,-16.421282],[-71.689675,-16.421508],[-71.6897,-16.42173],[-71.689764,-16.421947],[-71.689992,-16.422339],[-71.69125,-16.423953],[-71.691974,-16.424829],[-71.692198,-16.425222],[-71.692268,-16.425438],[-71.692245,-16.425661],[-71.691664,-16.427134],[-71.691608,-16.427354],[-71.691591,-16.427577],[-71.691602,-16.427803],[-71.69167,-16.428015],[-71.693089,-16.431105],[-71.693448,-16.431938],[-71.693584,-16.432369],[-71.693613,-16.432591],[-71.693613,-16.432817],[-71.693595,-16.433041],[-71.693195,-16.434339],[-71.692937,-16.434967],[-71.692182,-16.437102],[-71.691376,-16.439219],[-71.690545,-16.441568],[-71.689831,-16.443478],[-71.688448,-16.447313],[-71.688378,-16.447526],[-71.688388,-16.447752],[-71.688484,-16.447957],[-71.688659,-16.448092],[-71.688874,-16.448169],[-71.689101,-16.448186],[-71.689327,-16.448151],[-71.689524,-16.448042],[-71.689704,-16.447904],[-71.690039,-16.447596],[-71.690233,-16.447478],[-71.691323,-16.447125],[-71.693085,-16.446615],[-71.693531,-16.446513],[-71.693754,-16.446567],[-71.694364,-16.446881],[-71.694893,-16.447311],[-71.695094,-16.44742],[-71.695307,-16.447498],[-71.696436,-16.447696],[-71.696893,-16.447735],[-71.697353,-16.447735],[-71.697579,-16.447702],[-71.69779,-16.447628],[-71.697982,-16.447505],[-71.698394,-16.447307],[-71.698621,-16.447303],[-71.698808,-16.447405],[-71.698867,-16.447616],[-71.698766,-16.447806],[-71.69856,-16.447902],[-71.697195,-16.448076],[-71.694903,-16.447955],[-71.694444,-16.447959],[-71.694221,-16.448004],[-71.693782,-16.448137],[-71.69271,-16.448541],[-71.69209,-16.448836],[-71.691037,-16.449709],[-71.690892,-16.449881],[-71.690504,-16.450441],[-71.690346,-16.450605],[-71.690002,-16.450904],[-71.689409,-16.451249],[-71.689237,-16.451392],[-71.689105,-16.451576],[-71.689023,-16.451785],[-71.688823,-16.452434],[-71.688675,-16.453093],[-71.688812,-16.453758],[-71.689597,-16.458442],[-71.689753,-16.458867],[-71.689851,-16.459072],[-71.689993,-16.459247],[-71.69091,-16.460259],[-71.693587,-16.463057],[-71.694009,-16.463591],[-71.694121,-16.463784],[-71.69428,-16.464444],[-71.694341,-16.464893],[-71.694478,-16.465324],[-71.695278,-16.466951],[-71.695357,-16.467397],[-71.695324,-16.467847],[-71.695194,-16.468279],[-71.69508,-16.468472],[-71.694666,-16.469015],[-71.694507,-16.469178],[-71.694186,-16.4695],[-71.694009,-16.469642],[-71.693814,-16.469761],[-71.693142,-16.469904],[-71.692916,-16.469904],[-71.692703,-16.469829],[-71.692526,-16.469687],[-71.691867,-16.469056],[-71.691642,-16.469043],[-71.691457,-16.469166],[-71.691402,-16.469367],[-71.691479,-16.469565],[-71.69198,-16.47003],[-71.6925,-16.470475],[-71.6927,-16.470571],[-71.693149,-16.470665],[-71.694065,-16.470734],[-71.694283,-16.470677],[-71.694929,-16.470441],[-71.696416,-16.469842],[-71.696855,-16.469712],[-71.69708,-16.469679],[-71.699374,-16.46977],[-71.699599,-16.469814],[-71.701028,-16.470534],[-71.702834,-16.471523],[-71.703455,-16.471815],[-71.703896,-16.471939],[-71.705026,-16.472136],[-71.705665,-16.472384],[-71.707047,-16.473191],[-71.707471,-16.473365],[-71.709453,-16.47394],[-71.712075,-16.474769],[-71.713479,-16.475539],[-71.713676,-16.475654],[-71.713858,-16.475792],[-71.71401,-16.475961],[-71.714118,-16.47616],[-71.71418,-16.476374],[-71.714363,-16.478174],[-71.714703,-16.480866],[-71.714679,-16.481316],[-71.714515,-16.481974],[-71.714264,-16.482844],[-71.714178,-16.483288],[-71.714108,-16.48419],[-71.713938,-16.485307],[-71.713599,-16.488228],[-71.713584,-16.488452],[-71.713759,-16.490253],[-71.713819,-16.491155],[-71.713968,-16.492048],[-71.714139,-16.492704],[-71.714862,-16.494118],[-71.715632,-16.49576],[-71.716172,-16.496758],[-71.716544,-16.497328],[-71.717185,-16.497975],[-71.718185,-16.498907],[-71.718821,-16.49956],[-71.718948,-16.499747],[-71.719633,-16.500924],[-71.720292,-16.502115],[-71.720542,-16.502494],[-71.721038,-16.502964],[-71.722437,-16.504136],[-71.723881,-16.505254],[-71.7247,-16.505663],[-71.728216,-16.50733],[-71.72885,-16.507597],[-71.729067,-16.507667],[-71.729742,-16.507797],[-71.733414,-16.50787],[-71.740991,-16.507892],[-71.741678,-16.507936],[-71.741905,-16.507967],[-71.742126,-16.508028],[-71.742553,-16.508192],[-71.743112,-16.508586],[-71.743261,-16.508758],[-71.743712,-16.509544],[-71.748978,-16.520847],[-71.749203,-16.521488],[-71.749306,-16.521928],[-71.749622,-16.525305],[-71.749691,-16.525752],[-71.749785,-16.525958],[-71.749911,-16.526146],[-71.750073,-16.526306],[-71.750268,-16.526426],[-71.750701,-16.526572],[-71.751616,-16.52664],[-71.751845,-16.526638],[-71.752075,-16.526625],[-71.752525,-16.526541],[-71.754288,-16.526035],[-71.754514,-16.526008],[-71.754741,-16.526046],[-71.754957,-16.52612],[-71.755158,-16.526228],[-71.755331,-16.526372],[-71.756671,-16.527921],[-71.756825,-16.528088],[-71.757164,-16.528394],[-71.757352,-16.528521],[-71.757766,-16.528715],[-71.757989,-16.528769],[-71.758444,-16.528824],[-71.760051,-16.528814],[-71.767168,-16.528866],[-71.77704,-16.528985],[-71.779566,-16.528995],[-71.780241,-16.528867],[-71.780681,-16.528739],[-71.781107,-16.528571],[-71.781309,-16.528465],[-71.817245,-16.507916],[-71.824605,-16.50374],[-71.834616,-16.497759],[-71.836588,-16.496601],[-71.840306,-16.494354],[-71.840711,-16.494142],[-71.841138,-16.493976],[-71.841577,-16.493843],[-71.842479,-16.493678],[-71.862477,-16.490843],[-71.862936,-16.490839],[-71.863619,-16.490921],[-71.864516,-16.491117],[-71.865195,-16.491231],[-71.865882,-16.491217],[-71.867004,-16.490981],[-71.867461,-16.490965],[-71.867688,-16.490994],[-71.867911,-16.491048],[-71.868122,-16.491133],[-71.868934,-16.491557],[-71.869353,-16.491741],[-71.86979,-16.491876],[-71.870248,-16.49189],[-71.873229,-16.491756],[-71.873458,-16.491765],[-71.874363,-16.491918],[-71.874821,-16.491945],[-71.875271,-16.491862],[-71.875712,-16.491734],[-71.876576,-16.491428],[-71.876981,-16.491219],[-71.877305,-16.490898],[-71.877608,-16.490559],[-71.877782,-16.490412],[-71.878175,-16.490182],[-71.878614,-16.490051],[-71.879289,-16.489914],[-71.87972,-16.489758],[-71.879932,-16.489674],[-71.881782,-16.488767],[-71.882001,-16.488699],[-71.882225,-16.488661],[-71.882684,-16.488646],[-71.884052,-16.488801],[-71.88428,-16.488782],[-71.884492,-16.488696],[-71.88465,-16.488543],[-71.884766,-16.488349],[-71.885301,-16.487099],[-71.885413,-16.486902],[-71.885548,-16.486722],[-71.886076,-16.486288],[-71.887917,-16.485364],[-71.888302,-16.48512],[-71.888441,-16.48494],[-71.888543,-16.484739],[-71.888605,-16.484523],[-71.888736,-16.483401],[-71.888822,-16.482957],[-71.888947,-16.482769],[-71.8891,-16.482604],[-71.889286,-16.482474],[-71.889502,-16.482396],[-71.88973,-16.482382],[-71.889956,-16.482412],[-71.890367,-16.482606],[-71.890687,-16.482928],[-71.891274,-16.483624],[-71.891446,-16.483768],[-71.891649,-16.48387],[-71.891874,-16.483913],[-71.892103,-16.483909],[-71.892327,-16.48386],[-71.892723,-16.483633],[-71.896992,-16.480572],[-71.897189,-16.480459],[-71.897407,-16.480392],[-71.897634,-16.480364],[-71.897861,-16.480388],[-71.898081,-16.480452],[-71.898289,-16.480543],[-71.899612,-16.481442],[-71.900034,-16.481619],[-71.900256,-16.481674],[-71.900712,-16.481721],[-71.902548,-16.481744],[-71.904155,-16.481706],[-71.904382,-16.48168],[-71.905052,-16.481525],[-71.906355,-16.481085],[-71.909585,-16.479908],[-71.909787,-16.479802],[-71.909968,-16.479664],[-71.910292,-16.479344],[-71.911256,-16.478078],[-71.911426,-16.477928],[-71.911806,-16.477674],[-71.9139,-16.476746],[-71.914272,-16.476486],[-71.914571,-16.476143],[-71.914744,-16.475996],[-71.914932,-16.475866],[-71.915527,-16.475526],[-71.916092,-16.475138],[-71.91625,-16.474976],[-71.916365,-16.474785],[-71.916589,-16.474143],[-71.916774,-16.473732],[-71.917921,-16.472319],[-71.918236,-16.471992],[-71.91955,-16.471081],[-71.919954,-16.470868],[-71.920396,-16.470754],[-71.921539,-16.470666],[-71.921986,-16.470561],[-71.92352,-16.470093],[-71.923729,-16.470001],[-71.92412,-16.469766],[-71.924783,-16.469139],[-71.929219,-16.464559],[-71.929572,-16.464272],[-71.92977,-16.464157],[-71.930199,-16.463999],[-71.930423,-16.46395],[-71.93088,-16.463945],[-71.931105,-16.463984],[-71.931322,-16.464057],[-71.932959,-16.464878],[-71.936003,-16.466463],[-71.936827,-16.466862],[-71.937265,-16.466997],[-71.937716,-16.467078],[-71.937944,-16.467098],[-71.939091,-16.467054],[-71.939318,-16.467063],[-71.939524,-16.467156],[-71.939641,-16.467344],[-71.939648,-16.467795],[-71.939732,-16.468004],[-71.939868,-16.468184],[-71.940183,-16.468513],[-71.940552,-16.468779],[-71.940758,-16.468875],[-71.94098,-16.46888],[-71.941434,-16.468811],[-71.941664,-16.468807],[-71.941882,-16.468864],[-71.942022,-16.469038],[-71.942082,-16.469253],[-71.942085,-16.469479],[-71.942138,-16.469698],[-71.942268,-16.469881],[-71.942784,-16.470329],[-71.942996,-16.470411],[-71.943221,-16.470385],[-71.94339,-16.470243],[-71.943462,-16.47003],[-71.943459,-16.46958],[-71.943541,-16.469372],[-71.943717,-16.469233],[-71.94394,-16.469195],[-71.944159,-16.469255],[-71.944331,-16.469399],[-71.944428,-16.469602],[-71.94496,-16.471568],[-71.945066,-16.471769],[-71.945197,-16.471954],[-71.945361,-16.472111],[-71.945542,-16.472249],[-71.945763,-16.472298],[-71.94622,-16.472334],[-71.946396,-16.472474],[-71.94694,-16.473203],[-71.947092,-16.473371],[-71.94747,-16.473626],[-71.947893,-16.473796],[-71.948345,-16.473875],[-71.949258,-16.473975],[-71.949482,-16.473934],[-71.949657,-16.473795],[-71.949792,-16.473615],[-71.952151,-16.469474],[-71.953219,-16.467472],[-71.954127,-16.4659],[-71.954195,-16.465685],[-71.954186,-16.465008],[-71.953466,-16.460542],[-71.953448,-16.460317],[-71.95347,-16.460093],[-71.953557,-16.459884],[-71.95384,-16.459528],[-71.953964,-16.45934],[-71.954033,-16.459126],[-71.954077,-16.458227],[-71.954149,-16.458012],[-71.954439,-16.457397],[-71.954564,-16.456962],[-71.954634,-16.456516],[-71.954628,-16.45629],[-71.954613,-16.456065],[-71.954422,-16.454951],[-71.954421,-16.454726],[-71.954468,-16.454506],[-71.95457,-16.454305],[-71.954717,-16.454133],[-71.954895,-16.453991],[-71.955094,-16.453879],[-71.960354,-16.451617],[-71.962257,-16.450824],[-71.966864,-16.448786],[-71.979936,-16.443237],[-71.980996,-16.442803],[-71.98435,-16.441327],[-71.99424,-16.437076],[-72.013347,-16.428753],[-72.016059,-16.427526],[-72.029501,-16.421681],[-72.069564,-16.404119],[-72.07143,-16.403246],[-72.09238,-16.393995],[-72.115827,-16.383598],[-72.137777,-16.373782],[-72.138395,-16.373482],[-72.138587,-16.373361],[-72.138757,-16.37321],[-72.138883,-16.373023],[-72.138946,-16.372808],[-72.138955,-16.372582],[-72.138921,-16.372359],[-72.138559,-16.371782],[-72.137768,-16.370672],[-72.137422,-16.370377],[-72.137235,-16.370247],[-72.135674,-16.369293],[-72.135299,-16.369032],[-72.133906,-16.367854],[-72.133737,-16.367701],[-72.133268,-16.367204],[-72.132663,-16.366244],[-72.132278,-16.365424],[-72.130382,-16.36106],[-72.130284,-16.360619],[-72.130096,-16.359275],[-72.129993,-16.358835],[-72.129916,-16.358623],[-72.129721,-16.358213],[-72.129066,-16.35702],[-72.128978,-16.356812],[-72.128919,-16.356594],[-72.128868,-16.356146],[-72.128849,-16.355242],[-72.128802,-16.355021],[-72.128183,-16.354071],[-72.127444,-16.352416],[-72.127298,-16.351988],[-72.127244,-16.35154],[-72.127208,-16.350863],[-72.127145,-16.346794],[-72.127164,-16.346116],[-72.1272,-16.345893],[-72.127364,-16.345234],[-72.127921,-16.343511],[-72.12802,-16.343309],[-72.128163,-16.343132],[-72.129342,-16.342433],[-72.12956,-16.342367],[-72.130707,-16.342424],[-72.131161,-16.342482],[-72.132035,-16.342757],[-72.132245,-16.342846],[-72.132436,-16.342971],[-72.132901,-16.343469],[-72.133041,-16.343648],[-72.13325,-16.344049],[-72.133317,-16.344265],[-72.133511,-16.345149],[-72.133598,-16.345354],[-72.133757,-16.345514],[-72.133973,-16.345572],[-72.134196,-16.345526],[-72.136246,-16.344509],[-72.136469,-16.344465],[-72.136693,-16.344497],[-72.136851,-16.344655],[-72.136944,-16.344857],[-72.136943,-16.345081],[-72.136498,-16.346122],[-72.136444,-16.346341],[-72.136451,-16.346565],[-72.136541,-16.346768],[-72.136708,-16.346919],[-72.139056,-16.348339],[-72.139853,-16.348786],[-72.141764,-16.349559],[-72.142443,-16.349674],[-72.142899,-16.34972],[-72.143343,-16.349833],[-72.143756,-16.35003],[-72.144134,-16.350285],[-72.146481,-16.352447],[-72.146953,-16.352941],[-72.147368,-16.353483],[-72.147738,-16.354054],[-72.148523,-16.355435],[-72.148783,-16.355808],[-72.1491,-16.356133],[-72.149463,-16.356409],[-72.14985,-16.356649],[-72.150177,-16.356966],[-72.15046,-16.357322],[-72.150942,-16.358091],[-72.151475,-16.358828],[-72.1521,-16.359489],[-72.152456,-16.359774],[-72.15275,-16.360122],[-72.153831,-16.361584],[-72.154161,-16.361897],[-72.154519,-16.36218],[-72.164072,-16.368031],[-72.169365,-16.371208],[-72.197108,-16.388071],[-72.198466,-16.388919],[-72.214694,-16.398756],[-72.221519,-16.402932],[-72.234235,-16.410624],[-72.239107,-16.413613],[-72.262164,-16.427622],[-72.271758,-16.433408],[-72.272564,-16.43384],[-72.273415,-16.43418],[-72.274066,-16.434401],[-72.274971,-16.434557],[-72.283606,-16.435781],[-72.28634,-16.436118],[-72.286798,-16.436119],[-72.287251,-16.43605],[-72.303481,-16.431102],[-72.304792,-16.430685],[-72.305679,-16.430453],[-72.305906,-16.430424],[-72.306824,-16.430388],[-72.307282,-16.430416],[-72.30773,-16.430511],[-72.308169,-16.430643],[-72.3086,-16.430799],[-72.309007,-16.431008],[-72.309202,-16.431126],[-72.313695,-16.434267],[-72.333098,-16.447971],[-72.415899,-16.506139],[-72.416591,-16.506732],[-72.416991,-16.507283],[-72.417115,-16.507472],[-72.41836,-16.510144],[-72.418706,-16.51073],[-72.41912,-16.511271],[-72.419631,-16.511724],[-72.420195,-16.512112],[-72.421009,-16.51253],[-72.426024,-16.51478],[-72.426886,-16.51509],[-72.427107,-16.515147],[-72.427558,-16.515232],[-72.428014,-16.515289],[-72.443801,-16.516589],[-72.444943,-16.5167],[-72.44607,-16.516913],[-72.447166,-16.517248],[-72.505503,-16.536518],[-72.506397,-16.536722],[-72.518208,-16.538441],[-72.519121,-16.538539],[-72.520038,-16.538519],[-72.522775,-16.538214],[-72.523464,-16.538219],[-72.523921,-16.538265],[-72.531339,-16.539777],[-72.532003,-16.539958],[-72.533728,-16.540579],[-72.5457,-16.545195],[-72.546574,-16.545473],[-72.546797,-16.545523],[-72.54748,-16.545605],[-72.548169,-16.545613],[-72.584639,-16.544035],[-72.586932,-16.54392],[-72.587839,-16.544059],[-72.588279,-16.544188],[-72.59164,-16.545648],[-72.592076,-16.545787],[-72.592751,-16.545924],[-72.595734,-16.545849],[-72.59619,-16.545803],[-72.597092,-16.545638],[-72.59801,-16.545677],[-72.600071,-16.545813],[-72.600516,-16.545919],[-72.600729,-16.546002],[-72.601135,-16.546213],[-72.603716,-16.547689],[-72.604287,-16.548068],[-72.608123,-16.550945],[-72.60869,-16.551329],[-72.610097,-16.552093],[-72.614788,-16.554481],[-72.614981,-16.554603],[-72.615173,-16.554727],[-72.615531,-16.555011],[-72.615853,-16.555333],[-72.616832,-16.556585],[-72.617022,-16.556712],[-72.618322,-16.557159],[-72.618525,-16.557264],[-72.618674,-16.557431],[-72.618885,-16.558075],[-72.618973,-16.558284],[-72.619236,-16.558652],[-72.622698,-16.561956],[-72.623138,-16.562477],[-72.623973,-16.563556],[-72.624307,-16.563866],[-72.625539,-16.564882],[-72.625701,-16.565043],[-72.625813,-16.565235],[-72.625888,-16.565448],[-72.625902,-16.565673],[-72.625812,-16.566345],[-72.62581,-16.56657],[-72.625861,-16.566788],[-72.62598,-16.566981],[-72.626138,-16.567143],[-72.627039,-16.567842],[-72.627155,-16.568035],[-72.627225,-16.568248],[-72.627268,-16.56847],[-72.627288,-16.570053],[-72.627309,-16.570277],[-72.627392,-16.570721],[-72.6275,-16.570921],[-72.627643,-16.571095],[-72.627819,-16.571236],[-72.628025,-16.571336],[-72.628685,-16.571526],[-72.628886,-16.571634],[-72.62905,-16.57179],[-72.629185,-16.571971],[-72.629665,-16.572743],[-72.629778,-16.572938],[-72.629854,-16.573152],[-72.629901,-16.573371],[-72.629897,-16.573595],[-72.629842,-16.573815],[-72.629573,-16.574437],[-72.629535,-16.574659],[-72.629538,-16.574883],[-72.629735,-16.575996],[-72.629832,-16.576197],[-72.629968,-16.576379],[-72.630611,-16.577023],[-72.630711,-16.577226],[-72.630753,-16.577446],[-72.630753,-16.577671],[-72.630725,-16.577895],[-72.630626,-16.578337],[-72.630496,-16.57877],[-72.630285,-16.579172],[-72.629678,-16.580131],[-72.629609,-16.580346],[-72.62959,-16.580795],[-72.629667,-16.581923],[-72.629664,-16.582148],[-72.629614,-16.582368],[-72.629533,-16.582578],[-72.629104,-16.583378],[-72.628975,-16.583562],[-72.628277,-16.584148],[-72.628134,-16.584323],[-72.628051,-16.584531],[-72.627997,-16.58475],[-72.628008,-16.584974],[-72.628388,-16.586975],[-72.628459,-16.587188],[-72.628552,-16.587395],[-72.628689,-16.587576],[-72.628831,-16.587753],[-72.629149,-16.58808],[-72.629277,-16.588264],[-72.631017,-16.591704],[-72.63117,-16.59213],[-72.631206,-16.59235],[-72.631187,-16.592574],[-72.631074,-16.593012],[-72.63108,-16.593234],[-72.631121,-16.593456],[-72.631249,-16.593644],[-72.631419,-16.593796],[-72.631785,-16.594066],[-72.631942,-16.594232],[-72.632142,-16.594635],[-72.632426,-16.595731],[-72.632446,-16.595954],[-72.63244,-16.59618],[-72.632281,-16.597527],[-72.632247,-16.597978],[-72.632516,-16.599538],[-72.632538,-16.599763],[-72.632531,-16.599987],[-72.632494,-16.60021],[-72.632216,-16.600831],[-72.632156,-16.601047],[-72.63215,-16.601499],[-72.632208,-16.601946],[-72.631966,-16.603048],[-72.631883,-16.603258],[-72.630994,-16.604576],[-72.630262,-16.605446],[-72.630159,-16.605648],[-72.630079,-16.605858],[-72.629884,-16.606742],[-72.629646,-16.607378],[-72.629451,-16.607786],[-72.629391,-16.608004],[-72.629388,-16.608454],[-72.629429,-16.608904],[-72.629737,-16.609754],[-72.629795,-16.609972],[-72.629793,-16.610195],[-72.62974,-16.610414],[-72.629581,-16.610838],[-72.629554,-16.611059],[-72.62961,-16.611507],[-72.630107,-16.612772],[-72.630221,-16.612968],[-72.630341,-16.61316],[-72.63049,-16.613331],[-72.630987,-16.613799],[-72.63113,-16.613976],[-72.631373,-16.614609],[-72.631484,-16.615047],[-72.631548,-16.615495],[-72.631546,-16.615947],[-72.631489,-16.616395],[-72.63118,-16.618178],[-72.631169,-16.618629],[-72.631222,-16.619078],[-72.631363,-16.619507],[-72.632694,-16.622137],[-72.632839,-16.622565],[-72.63291,-16.623239],[-72.632847,-16.623686],[-72.632704,-16.624116],[-72.625551,-16.640775],[-72.625463,-16.640984],[-72.625282,-16.641638],[-72.625229,-16.642087],[-72.62521,-16.642539],[-72.625277,-16.643214],[-72.625485,-16.644783],[-72.6257,-16.646123],[-72.625944,-16.648144],[-72.627173,-16.657334],[-72.627278,-16.657773],[-72.627353,-16.657986],[-72.627596,-16.658368],[-72.627765,-16.65852],[-72.628157,-16.658753],[-72.628377,-16.658814],[-72.629064,-16.658798],[-72.631341,-16.658513],[-72.631799,-16.658534],[-72.632229,-16.65869],[-72.633491,-16.659234],[-72.633708,-16.659308],[-72.634155,-16.659405],[-72.634843,-16.659437],[-72.635761,-16.659409],[-72.638727,-16.659091],[-72.639402,-16.658954],[-72.640462,-16.658522],[-72.642559,-16.6576],[-72.643202,-16.657357],[-72.644089,-16.657125],[-72.658068,-16.654479],[-72.664161,-16.653358],[-72.671376,-16.651991],[-72.673843,-16.651458],[-72.687439,-16.64815],[-72.687647,-16.648053],[-72.687959,-16.647727],[-72.688071,-16.647531],[-72.688147,-16.647319],[-72.688192,-16.647097],[-72.688479,-16.645082],[-72.688802,-16.641933],[-72.689048,-16.639231],[-72.689532,-16.635645],[-72.689587,-16.635426],[-72.689739,-16.635],[-72.689966,-16.634608],[-72.690679,-16.633722],[-72.691067,-16.633163],[-72.691278,-16.632762],[-72.691541,-16.632135],[-72.693701,-16.626655],[-72.693837,-16.626223],[-72.693962,-16.625557],[-72.694254,-16.623087],[-72.694418,-16.622429],[-72.694605,-16.622017],[-72.695504,-16.62044],[-72.695602,-16.620236],[-72.697949,-16.615078],[-72.698268,-16.61423],[-72.698712,-16.612709],[-72.698919,-16.611828],[-72.699239,-16.60959],[-72.699358,-16.607559],[-72.699452,-16.607116],[-72.69952,-16.606901],[-72.699697,-16.606484],[-72.700323,-16.605276],[-72.701161,-16.603925],[-72.702081,-16.602361],[-72.702182,-16.602159],[-72.702256,-16.601945],[-72.702433,-16.60129],[-72.702681,-16.600913],[-72.70536,-16.59566],[-72.705653,-16.595046],[-72.705894,-16.594411],[-72.70613,-16.593537],[-72.706897,-16.590232],[-72.707147,-16.589362],[-72.707274,-16.589176],[-72.707592,-16.588851],[-72.709169,-16.587537],[-72.709903,-16.586993],[-72.710492,-16.586644],[-72.710909,-16.586454],[-72.711566,-16.586251],[-72.712018,-16.586176],[-72.712247,-16.586163],[-72.712935,-16.586185],[-72.713391,-16.586235],[-72.714068,-16.586362],[-72.720056,-16.58794],[-72.721406,-16.588207],[-72.721863,-16.58824],[-72.722092,-16.588227],[-72.722315,-16.588174],[-72.722532,-16.588103],[-72.722737,-16.588002],[-72.725035,-16.586505],[-72.725431,-16.586276],[-72.725858,-16.586112],[-72.726538,-16.586007],[-72.729509,-16.585728],[-72.735475,-16.585517],[-72.735932,-16.585551],[-72.736151,-16.585619],[-72.736573,-16.585794],[-72.73676,-16.585925],[-72.737077,-16.586251],[-72.738971,-16.589349],[-72.739105,-16.589533],[-72.740058,-16.590807],[-72.743609,-16.595248],[-72.744628,-16.596472],[-72.745551,-16.597141],[-72.745948,-16.597368],[-72.746913,-16.597981],[-72.748127,-16.598619],[-72.750185,-16.599623],[-72.750835,-16.599843],[-72.756223,-16.600981],[-72.759146,-16.601576],[-72.76005,-16.601735],[-72.760279,-16.601737],[-72.760506,-16.601711],[-72.761163,-16.601514],[-72.761617,-16.601447],[-72.762075,-16.601462],[-72.7623,-16.601502],[-72.762512,-16.601585],[-72.763259,-16.602111],[-72.763662,-16.602326],[-72.766023,-16.603207],[-72.766215,-16.603329],[-72.766371,-16.603492],[-72.767637,-16.605101],[-72.767799,-16.605259],[-72.767986,-16.605389],[-72.768197,-16.605473],[-72.768426,-16.605478],[-72.768648,-16.605425],[-72.768843,-16.605311],[-72.769009,-16.605156],[-72.769447,-16.604632],[-72.769857,-16.604087],[-72.770462,-16.603409],[-72.771298,-16.602635],[-72.771657,-16.602354],[-72.773181,-16.601343],[-72.780287,-16.59676],[-72.781229,-16.596113],[-72.782865,-16.59487],[-72.783214,-16.594577],[-72.783537,-16.594256],[-72.784363,-16.593171],[-72.785092,-16.592298],[-72.785252,-16.592138],[-72.787041,-16.59072],[-72.793887,-16.585393],[-72.794633,-16.584866],[-72.804897,-16.578863],[-72.805478,-16.578498],[-72.806534,-16.577628],[-72.808782,-16.575693],[-72.812789,-16.572307],[-72.813173,-16.57206],[-72.813594,-16.57188],[-72.817446,-16.570406],[-72.818491,-16.569939],[-72.831442,-16.563102],[-72.83283,-16.562305],[-72.851131,-16.549807],[-72.852811,-16.548623],[-72.853153,-16.548322],[-72.85363,-16.547834],[-72.854006,-16.547265],[-72.85499,-16.545223],[-72.85933,-16.536491],[-72.85958,-16.536112],[-72.859736,-16.535948],[-72.859911,-16.535803],[-72.860309,-16.535581],[-72.860529,-16.535515],[-72.86075,-16.535457],[-72.861432,-16.535363],[-72.883154,-16.533422],[-72.883841,-16.533443],[-72.88566,-16.533698],[-72.885888,-16.533692],[-72.886115,-16.533658],[-72.886333,-16.533591],[-72.887364,-16.533095],[-72.887943,-16.532728],[-72.888501,-16.532331],[-72.888702,-16.532221],[-72.888912,-16.532135],[-72.889578,-16.53196],[-72.889793,-16.531884],[-72.88999,-16.531771],[-72.890318,-16.531456],[-72.890683,-16.531183],[-72.890891,-16.53109],[-72.893051,-16.530324],[-72.893467,-16.530133],[-72.901157,-16.525616],[-72.901572,-16.525425],[-72.901788,-16.525349],[-72.902678,-16.525124],[-72.902891,-16.525041],[-72.903097,-16.524943],[-72.903886,-16.524479],[-72.904295,-16.524275],[-72.906233,-16.52357],[-72.906444,-16.523482],[-72.906636,-16.523367],[-72.906752,-16.523176],[-72.906901,-16.522515],[-72.907039,-16.522085],[-72.907139,-16.521882],[-72.907282,-16.521705],[-72.908195,-16.521022],[-72.909707,-16.519996],[-72.910582,-16.519263],[-72.911254,-16.518647],[-72.91203,-16.517814],[-72.912162,-16.517632],[-72.912256,-16.517426],[-72.912878,-16.51525],[-72.91304,-16.514828],[-72.913149,-16.514628],[-72.913305,-16.514463],[-72.913476,-16.514315],[-72.913867,-16.514078],[-72.914282,-16.513888],[-72.914503,-16.513825],[-72.914732,-16.513825],[-72.914958,-16.513855],[-72.91518,-16.513913],[-72.916263,-16.514287],[-72.916647,-16.514532],[-72.91821,-16.515862],[-72.918605,-16.51609],[-72.918829,-16.51614],[-72.919057,-16.516159],[-72.919285,-16.516146],[-72.91951,-16.516102],[-72.920789,-16.5156],[-72.921193,-16.515385],[-72.921382,-16.515257],[-72.925026,-16.512505],[-72.925544,-16.512059],[-72.925645,-16.511856],[-72.92571,-16.51164],[-72.925766,-16.511421],[-72.925794,-16.511197],[-72.925573,-16.509631],[-72.92561,-16.509181],[-72.925922,-16.50786],[-72.926051,-16.507426],[-72.926216,-16.507005],[-72.926438,-16.506609],[-72.926715,-16.506248],[-72.928264,-16.50458],[-72.928558,-16.504232],[-72.928668,-16.504034],[-72.92888,-16.503633],[-72.92966,-16.501997],[-72.929724,-16.50178],[-72.929719,-16.501554],[-72.929637,-16.50111],[-72.929641,-16.500885],[-72.929731,-16.50068],[-72.930027,-16.500334],[-72.932038,-16.498163],[-72.932168,-16.497978],[-72.932254,-16.49777],[-72.932401,-16.497108],[-72.932581,-16.496694],[-72.93286,-16.496336],[-72.935578,-16.49327],[-72.935853,-16.492909],[-72.935943,-16.4927],[-72.93643,-16.491193],[-72.936666,-16.490805],[-72.936945,-16.490447],[-72.939045,-16.488358],[-72.939218,-16.488211],[-72.939409,-16.488087],[-72.941646,-16.486932],[-72.941862,-16.486854],[-72.942084,-16.486803],[-72.942311,-16.486831],[-72.942512,-16.486937],[-72.942683,-16.487086],[-72.943219,-16.48782],[-72.943367,-16.487992],[-72.943538,-16.488143],[-72.943743,-16.488245],[-72.943965,-16.488302],[-72.944193,-16.488312],[-73.00164,-16.481528],[-73.002098,-16.481503],[-73.002552,-16.481561],[-73.002978,-16.481724],[-73.003359,-16.481973],[-73.00352,-16.482134],[-73.003654,-16.482315],[-73.003764,-16.482514],[-73.004489,-16.484174],[-73.004838,-16.484759],[-73.005131,-16.485106],[-73.005476,-16.485405],[-73.005848,-16.485669],[-73.006461,-16.485977],[-73.006677,-16.486054],[-73.007347,-16.486209],[-73.020517,-16.48815],[-73.020745,-16.488168],[-73.0212,-16.488132],[-73.02164,-16.488],[-73.025555,-16.486698],[-73.026217,-16.48651],[-73.040213,-16.483951],[-73.040884,-16.483798],[-73.041311,-16.483634],[-73.041521,-16.483543],[-73.041914,-16.483309],[-73.042096,-16.483173],[-73.043672,-16.481856],[-73.044153,-16.481371],[-73.044293,-16.481192],[-73.044518,-16.480799],[-73.044678,-16.480375],[-73.045352,-16.477512],[-73.045595,-16.476878],[-73.045817,-16.476483],[-73.04608,-16.476112],[-73.046393,-16.475781],[-73.046566,-16.475635],[-73.046942,-16.475375],[-73.047339,-16.475149],[-73.056697,-16.472055],[-73.057361,-16.471874],[-73.05781,-16.471782],[-73.063054,-16.471168],[-73.063741,-16.471125],[-73.063971,-16.47113],[-73.065112,-16.471225],[-73.06534,-16.471198],[-73.065779,-16.471069],[-73.066379,-16.470741],[-73.070243,-16.467197],[-73.070419,-16.467053],[-73.070798,-16.466797],[-73.071207,-16.466594],[-73.071418,-16.466506],[-73.08351,-16.462923],[-73.084601,-16.462572],[-73.085852,-16.462003],[-73.087682,-16.461057],[-73.093615,-16.458083],[-73.094254,-16.45783],[-73.097292,-16.456796],[-73.097917,-16.456513],[-73.098286,-16.456244],[-73.098751,-16.455747],[-73.098875,-16.455557],[-73.100076,-16.453369],[-73.100157,-16.453158],[-73.102521,-16.444653],[-73.102791,-16.443554],[-73.103568,-16.439788],[-73.103686,-16.438891],[-73.103718,-16.437988],[-73.104141,-16.433941],[-73.104126,-16.433489],[-73.103972,-16.43283],[-73.10395,-16.432606],[-73.103967,-16.432382],[-73.104121,-16.43172],[-73.104912,-16.428886],[-73.104989,-16.428442],[-73.10479,-16.425737],[-73.104797,-16.425511],[-73.104915,-16.425075],[-73.105114,-16.42467],[-73.105269,-16.424503],[-73.106659,-16.423322],[-73.106962,-16.422983],[-73.108698,-16.420319],[-73.109004,-16.419984],[-73.109187,-16.419848],[-73.109385,-16.419734],[-73.109812,-16.41957],[-73.110269,-16.41954],[-73.110721,-16.419611],[-73.110938,-16.419681],[-73.111143,-16.419783],[-73.112099,-16.420409],[-73.115864,-16.422997],[-73.116387,-16.423438],[-73.116535,-16.42361],[-73.116652,-16.423803],[-73.116824,-16.424222],[-73.116876,-16.42467],[-73.11686,-16.424895],[-73.11654,-16.42598],[-73.116471,-16.426426],[-73.116479,-16.426878],[-73.116462,-16.427101],[-73.11632,-16.427532],[-73.116336,-16.42775],[-73.116479,-16.428411],[-73.116417,-16.428859],[-73.116419,-16.429081],[-73.116545,-16.429269],[-73.116647,-16.429472],[-73.116691,-16.429692],[-73.116695,-16.430143],[-73.116602,-16.430815],[-73.116637,-16.431492],[-73.116742,-16.43168],[-73.11715,-16.431886],[-73.117302,-16.432052],[-73.11733,-16.432271],[-73.117125,-16.432918],[-73.117191,-16.43313],[-73.117404,-16.43353],[-73.117455,-16.433751],[-73.117449,-16.433977],[-73.11725,-16.434859],[-73.117255,-16.435082],[-73.117363,-16.435279],[-73.117632,-16.435645],[-73.117705,-16.435853],[-73.117685,-16.436074],[-73.117608,-16.436286],[-73.11728,-16.436883],[-73.117189,-16.43709],[-73.117172,-16.437313],[-73.117244,-16.437526],[-73.117389,-16.437699],[-73.117563,-16.437846],[-73.117758,-16.43796],[-73.117979,-16.438015],[-73.118189,-16.438099],[-73.118351,-16.438257],[-73.118873,-16.439261],[-73.118832,-16.439478],[-73.118698,-16.439657],[-73.117962,-16.440197],[-73.117804,-16.44036],[-73.117675,-16.440546],[-73.117228,-16.441336],[-73.116965,-16.442431],[-73.116838,-16.442618],[-73.116397,-16.443139],[-73.116267,-16.443325],[-73.116155,-16.443521],[-73.116068,-16.44373],[-73.116013,-16.443949],[-73.115988,-16.444173],[-73.115988,-16.444399],[-73.11605,-16.444846],[-73.11606,-16.445071],[-73.116035,-16.445294],[-73.115732,-16.446146],[-73.115516,-16.447256],[-73.115507,-16.447482],[-73.115542,-16.447933],[-73.115508,-16.448154],[-73.115003,-16.449655],[-73.114743,-16.450283],[-73.114693,-16.450501],[-73.114783,-16.4507],[-73.114989,-16.450798],[-73.115214,-16.450825],[-73.115431,-16.450767],[-73.115633,-16.450662],[-73.115805,-16.450518],[-73.115856,-16.45031],[-73.115632,-16.449922],[-73.115651,-16.449704],[-73.115828,-16.449571],[-73.116048,-16.449509],[-73.11695,-16.449337],[-73.117165,-16.449258],[-73.117355,-16.449141],[-73.117493,-16.448966],[-73.117567,-16.448752],[-73.117664,-16.448312],[-73.117811,-16.448148],[-73.118035,-16.448109],[-73.119181,-16.448075],[-73.119405,-16.448027],[-73.119603,-16.447914],[-73.119786,-16.447776],[-73.119931,-16.447605],[-73.120044,-16.447409],[-73.120124,-16.447198],[-73.120931,-16.4439],[-73.121057,-16.443466],[-73.121137,-16.443254],[-73.121274,-16.443079],[-73.121455,-16.442941],[-73.121654,-16.442831],[-73.122091,-16.442692],[-73.126074,-16.441608],[-73.1263,-16.441573],[-73.126529,-16.441573],[-73.127195,-16.441736],[-73.127416,-16.441692],[-73.127571,-16.441534],[-73.127756,-16.441122],[-73.127913,-16.440964],[-73.128121,-16.440883],[-73.128349,-16.440879],[-73.129483,-16.441055],[-73.129711,-16.441066],[-73.130398,-16.441019],[-73.130851,-16.440948],[-73.131059,-16.440858],[-73.131255,-16.440742],[-73.132579,-16.439489],[-73.132737,-16.439325],[-73.132871,-16.439142],[-73.132988,-16.438948],[-73.13387,-16.437109],[-73.13387,-16.436889],[-73.133755,-16.436697],[-73.132457,-16.435418],[-73.132402,-16.435205],[-73.132496,-16.435004],[-73.133493,-16.434067],[-73.133631,-16.433889],[-73.133687,-16.433675],[-73.133629,-16.433459],[-73.133312,-16.432857],[-73.133224,-16.432648],[-73.133088,-16.432218],[-73.133071,-16.431992],[-73.133102,-16.431769],[-73.13323,-16.431583],[-73.133441,-16.431501],[-73.133662,-16.431526],[-73.133845,-16.43166],[-73.134098,-16.432034],[-73.134276,-16.432161],[-73.1345,-16.432133],[-73.134926,-16.431965],[-73.136112,-16.431277],[-73.13653,-16.431089],[-73.136964,-16.430943],[-73.138291,-16.430581],[-73.138504,-16.430495],[-73.138675,-16.430349],[-73.138989,-16.430019],[-73.140141,-16.42861],[-73.140305,-16.428453],[-73.140502,-16.428337],[-73.140718,-16.428262],[-73.141404,-16.428209],[-73.141618,-16.428125],[-73.145574,-16.425832],[-73.145944,-16.425566],[-73.145975,-16.425344],[-73.145826,-16.425175],[-73.145281,-16.424762],[-73.145208,-16.424553],[-73.145287,-16.42436],[-73.145504,-16.424294],[-73.146644,-16.424431],[-73.146866,-16.424398],[-73.147013,-16.424238],[-73.146973,-16.424023],[-73.146823,-16.423857],[-73.146484,-16.423553],[-73.146383,-16.423353],[-73.146381,-16.42313],[-73.146514,-16.422959],[-73.146733,-16.422919],[-73.147396,-16.423099],[-73.147603,-16.423196],[-73.148246,-16.423842],[-73.149018,-16.424678],[-73.149306,-16.42503],[-73.14971,-16.425579],[-73.149821,-16.425773],[-73.149847,-16.425994],[-73.14973,-16.426182],[-73.149361,-16.426448],[-73.149286,-16.426654],[-73.149302,-16.426877],[-73.14953,-16.427983],[-73.149667,-16.428157],[-73.149889,-16.428187],[-73.150082,-16.42808],[-73.150585,-16.427617],[-73.150724,-16.42744],[-73.150865,-16.42701],[-73.150985,-16.426823],[-73.151136,-16.426652],[-73.151306,-16.426504],[-73.151889,-16.426145],[-73.151997,-16.425961],[-73.151938,-16.425745],[-73.15184,-16.425541],[-73.151823,-16.425319],[-73.151928,-16.425131],[-73.152143,-16.425077],[-73.15257,-16.425236],[-73.152795,-16.425247],[-73.152984,-16.425128],[-73.153794,-16.424328],[-73.154465,-16.42371],[-73.154787,-16.423388],[-73.155086,-16.423044],[-73.155194,-16.422847],[-73.155846,-16.4214],[-73.156052,-16.420996],[-73.156185,-16.420815],[-73.15681,-16.420152],[-73.156979,-16.419732],[-73.15703,-16.419513],[-73.157058,-16.419289],[-73.157006,-16.41884],[-73.157036,-16.418621],[-73.157231,-16.418505],[-73.158525,-16.418041],[-73.158944,-16.417856],[-73.159374,-16.417701],[-73.161143,-16.417211],[-73.161819,-16.417084],[-73.162735,-16.417079],[-73.162952,-16.417017],[-73.163514,-16.416628],[-73.163712,-16.416514],[-73.163931,-16.416449],[-73.164618,-16.416411],[-73.165296,-16.416297],[-73.167123,-16.416112],[-73.167579,-16.416152],[-73.168028,-16.416235],[-73.168253,-16.416199],[-73.169083,-16.415812],[-73.169534,-16.415745],[-73.169761,-16.415779],[-73.169978,-16.415845],[-73.170952,-16.416442],[-73.17136,-16.416648],[-73.171808,-16.416739],[-73.173874,-16.416708],[-73.175019,-16.416632],[-73.175241,-16.416593],[-73.175446,-16.416494],[-73.175812,-16.416222],[-73.176203,-16.415984],[-73.177423,-16.415356],[-73.177644,-16.415295],[-73.178557,-16.415194],[-73.178785,-16.415191],[-73.179227,-16.415309],[-73.179451,-16.415345],[-73.179646,-16.415248],[-73.18018,-16.414513],[-73.180483,-16.414174],[-73.180993,-16.41372],[-73.181327,-16.41313],[-73.181477,-16.412959],[-73.181969,-16.412485],[-73.182152,-16.412352],[-73.182365,-16.41228],[-73.182593,-16.412272],[-73.183256,-16.412455],[-73.183482,-16.412497],[-73.183696,-16.412431],[-73.183898,-16.412323],[-73.184119,-16.412266],[-73.184345,-16.41229],[-73.184566,-16.412349],[-73.184781,-16.412427],[-73.18496,-16.412563],[-73.185387,-16.413095],[-73.185883,-16.413564],[-73.186106,-16.413591],[-73.186318,-16.413517],[-73.187031,-16.412949],[-73.188695,-16.412185],[-73.188917,-16.412138],[-73.189146,-16.41215],[-73.190279,-16.412332],[-73.190504,-16.41232],[-73.190659,-16.412167],[-73.190699,-16.411494],[-73.190772,-16.411281],[-73.191009,-16.410895],[-73.19128,-16.41053],[-73.191458,-16.41039],[-73.19167,-16.41031],[-73.191898,-16.410299],[-73.192356,-16.410333],[-73.193263,-16.410206],[-73.193492,-16.410213],[-73.193705,-16.410289],[-73.194223,-16.410735],[-73.194408,-16.410863],[-73.19463,-16.410895],[-73.194844,-16.410816],[-73.195209,-16.410543],[-73.195357,-16.410373],[-73.195467,-16.410175],[-73.195868,-16.409361],[-73.195942,-16.409148],[-73.196086,-16.408255],[-73.196191,-16.407816],[-73.196308,-16.407622],[-73.196594,-16.40727],[-73.197016,-16.40647],[-73.197174,-16.406306],[-73.198036,-16.405561],[-73.198232,-16.405448],[-73.198456,-16.4054],[-73.19959,-16.405576],[-73.199816,-16.405582],[-73.199998,-16.40545],[-73.200115,-16.405257],[-73.200371,-16.40463],[-73.20101,-16.403693],[-73.201532,-16.403251],[-73.201809,-16.402892],[-73.202133,-16.402572],[-73.202279,-16.402399],[-73.202376,-16.402198],[-73.202383,-16.40175],[-73.202471,-16.401552],[-73.202684,-16.401484],[-73.202895,-16.401567],[-73.203092,-16.401682],[-73.203303,-16.401761],[-73.203511,-16.40168],[-73.204099,-16.401327],[-73.204736,-16.401072],[-73.20535,-16.400765],[-73.206483,-16.399994],[-73.207026,-16.399577],[-73.207221,-16.399461],[-73.207439,-16.399397],[-73.207667,-16.399378],[-73.209045,-16.39936],[-73.209273,-16.399376],[-73.209942,-16.399537],[-73.210394,-16.399614],[-73.211083,-16.399616],[-73.212228,-16.399552],[-73.213144,-16.399604],[-73.213371,-16.399579],[-73.214887,-16.399058],[-73.215344,-16.399041],[-73.215802,-16.399076],[-73.216028,-16.399113],[-73.216686,-16.399313],[-73.21774,-16.39976],[-73.217937,-16.399875],[-73.218103,-16.400031],[-73.218402,-16.400374],[-73.218746,-16.40067],[-73.219157,-16.400872],[-73.21938,-16.400923],[-73.219605,-16.400962],[-73.225781,-16.401494],[-73.226239,-16.401473],[-73.226467,-16.401439],[-73.22691,-16.401325],[-73.227125,-16.401244],[-73.227527,-16.401028],[-73.227887,-16.400749],[-73.228495,-16.400072],[-73.231385,-16.396558],[-73.231945,-16.395842],[-73.232114,-16.395696],[-73.232336,-16.395668],[-73.232513,-16.395798],[-73.232574,-16.396008],[-73.232225,-16.397085],[-73.232138,-16.397292],[-73.231813,-16.397609],[-73.2317,-16.397798],[-73.231719,-16.39802],[-73.231805,-16.398464],[-73.231728,-16.398672],[-73.231533,-16.398783],[-73.231079,-16.398841],[-73.230906,-16.398975],[-73.230831,-16.399185],[-73.230843,-16.399411],[-73.230882,-16.39963],[-73.231036,-16.399789],[-73.23126,-16.399802],[-73.231483,-16.399747],[-73.235908,-16.398539],[-73.23634,-16.398388],[-73.236547,-16.398291],[-73.236911,-16.398017],[-73.23748,-16.397308],[-73.237793,-16.396978],[-73.238353,-16.396584],[-73.238509,-16.396423],[-73.23876,-16.396044],[-73.238914,-16.395877],[-73.239501,-16.395524],[-73.239683,-16.395391],[-73.240137,-16.394882],[-73.240728,-16.394533],[-73.240917,-16.394406],[-73.241085,-16.394253],[-73.241531,-16.393738],[-73.242189,-16.393107],[-73.242629,-16.392585],[-73.243244,-16.391913],[-73.243915,-16.391297],[-73.245011,-16.390476],[-73.246396,-16.389289],[-73.247502,-16.38848],[-73.247885,-16.388231],[-73.250561,-16.386928],[-73.250775,-16.38685],[-73.251,-16.386817],[-73.251227,-16.38684],[-73.25145,-16.386894],[-73.257138,-16.388678],[-73.257584,-16.388782],[-73.257813,-16.388801],[-73.260563,-16.388962],[-73.26125,-16.38891],[-73.261685,-16.388772],[-73.263128,-16.388076],[-73.263349,-16.388019],[-73.264037,-16.387998],[-73.264257,-16.387942],[-73.264659,-16.387728],[-73.265111,-16.387221],[-73.265498,-16.386978],[-73.26567,-16.386828],[-73.265812,-16.386652],[-73.265912,-16.38645],[-73.266049,-16.386019],[-73.266192,-16.385852],[-73.266559,-16.385584],[-73.266689,-16.385399],[-73.267238,-16.383912],[-73.267282,-16.383692],[-73.267237,-16.383243],[-73.26725,-16.383021],[-73.267375,-16.382833],[-73.267802,-16.382302],[-73.267837,-16.382085],[-73.267619,-16.381446],[-73.26763,-16.38122],[-73.267703,-16.380775],[-73.268276,-16.380072],[-73.268573,-16.37946],[-73.268738,-16.379305],[-73.26896,-16.379281],[-73.269385,-16.379446],[-73.26961,-16.37949],[-73.269839,-16.379496],[-73.271215,-16.379432],[-73.27143,-16.379379],[-73.271559,-16.379202],[-73.271578,-16.378753],[-73.27166,-16.378552],[-73.27187,-16.378467],[-73.272317,-16.378361],[-73.272531,-16.378285],[-73.272681,-16.378124],[-73.272689,-16.377906],[-73.27198,-16.376746],[-73.271959,-16.376527],[-73.272081,-16.376339],[-73.272264,-16.376203],[-73.272468,-16.376113],[-73.272694,-16.376076],[-73.272887,-16.375969],[-73.272975,-16.375764],[-73.273123,-16.375101],[-73.273128,-16.374877],[-73.273009,-16.374687],[-73.272525,-16.374203],[-73.272381,-16.374029],[-73.272308,-16.373816],[-73.272315,-16.372913],[-73.272231,-16.372707],[-73.271593,-16.372059],[-73.271419,-16.371912],[-73.271198,-16.371856],[-73.270741,-16.371813],[-73.270537,-16.371719],[-73.270439,-16.371519],[-73.270462,-16.370617],[-73.270384,-16.370408],[-73.270191,-16.370298],[-73.269737,-16.370233],[-73.269529,-16.370153],[-73.269465,-16.369948],[-73.269536,-16.369735],[-73.270367,-16.368122],[-73.270493,-16.367936],[-73.270667,-16.367794],[-73.272158,-16.367203],[-73.27236,-16.367096],[-73.272517,-16.366948],[-73.272705,-16.366536],[-73.272849,-16.366368],[-73.273062,-16.366289],[-73.273506,-16.366175],[-73.273711,-16.366084],[-73.273879,-16.365932],[-73.273993,-16.365737],[-73.274055,-16.365521],[-73.274074,-16.365297],[-73.273873,-16.36465],[-73.273856,-16.364425],[-73.273872,-16.3642],[-73.273965,-16.363758],[-73.27406,-16.363554],[-73.274308,-16.363175],[-73.274379,-16.362962],[-73.274436,-16.362516],[-73.274562,-16.362332],[-73.274988,-16.362171],[-73.275177,-16.362055],[-73.275272,-16.361856],[-73.275248,-16.361408],[-73.275276,-16.361184],[-73.275357,-16.360974],[-73.275485,-16.360787],[-73.275657,-16.360639],[-73.275849,-16.360516],[-73.276069,-16.360454],[-73.276295,-16.360424],[-73.276523,-16.360445],[-73.276965,-16.360567],[-73.279803,-16.361476],[-73.280469,-16.361652],[-73.280696,-16.361678],[-73.281385,-16.3617],[-73.283451,-16.361672],[-73.28368,-16.361664],[-73.283887,-16.361587],[-73.283979,-16.361385],[-73.283882,-16.361185],[-73.282956,-16.360518],[-73.282745,-16.360439],[-73.281373,-16.360311],[-73.281151,-16.36027],[-73.280974,-16.360132],[-73.28095,-16.359915],[-73.281096,-16.359751],[-73.282715,-16.358897],[-73.282894,-16.35876],[-73.283193,-16.358418],[-73.284441,-16.356797],[-73.284598,-16.356632],[-73.28479,-16.35651],[-73.284992,-16.356404],[-73.28689,-16.355598],[-73.294236,-16.352391],[-73.294437,-16.352284],[-73.294602,-16.352131],[-73.294713,-16.351934],[-73.294761,-16.351715],[-73.294722,-16.351496],[-73.294615,-16.351298],[-73.294464,-16.351128],[-73.293622,-16.35036],[-73.293488,-16.350181],[-73.293454,-16.349962],[-73.29354,-16.349759],[-73.293738,-16.349659],[-73.293962,-16.349674],[-73.294176,-16.349752],[-73.294785,-16.35007],[-73.295225,-16.35019],[-73.298436,-16.350339],[-73.298662,-16.350307],[-73.29886,-16.350197],[-73.299497,-16.349546],[-73.299697,-16.349442],[-73.29992,-16.34941],[-73.300148,-16.349428],[-73.300819,-16.349577],[-73.301048,-16.34957],[-73.301269,-16.349513],[-73.30146,-16.349393],[-73.301625,-16.349237],[-73.301917,-16.348888],[-73.302647,-16.348341],[-73.302995,-16.348047],[-73.30315,-16.34788],[-73.303234,-16.347675],[-73.30323,-16.347452],[-73.303045,-16.346338],[-73.3031,-16.346123],[-73.303254,-16.345961],[-73.30347,-16.345893],[-73.303693,-16.345923],[-73.303886,-16.346042],[-73.30402,-16.346223],[-73.304243,-16.346617],[-73.304414,-16.346764],[-73.304631,-16.346831],[-73.30485,-16.346806],[-73.305061,-16.34672],[-73.307417,-16.345314],[-73.307621,-16.345211],[-73.308054,-16.345063],[-73.308965,-16.344953],[-73.309174,-16.344862],[-73.309331,-16.344699],[-73.309403,-16.344485],[-73.309688,-16.343158],[-73.309805,-16.342721],[-73.309884,-16.342509],[-73.310022,-16.342332],[-73.310397,-16.342072],[-73.310562,-16.341918],[-73.310671,-16.341721],[-73.31084,-16.340833],[-73.310938,-16.34063],[-73.311229,-16.340281],[-73.31287,-16.3387],[-73.313489,-16.338032],[-73.313845,-16.337748],[-73.314671,-16.336963],[-73.314866,-16.336845],[-73.31508,-16.336766],[-73.315303,-16.336718],[-73.316219,-16.336654],[-73.316436,-16.33659],[-73.316636,-16.336483],[-73.317901,-16.335507],[-73.318828,-16.33484],[-73.326122,-16.331012],[-73.32911,-16.329325],[-73.331029,-16.328085],[-73.333002,-16.326928],[-73.336889,-16.324979],[-73.337695,-16.324545],[-73.340019,-16.323089],[-73.340615,-16.322749],[-73.343728,-16.321299],[-73.34536,-16.320469],[-73.345795,-16.320331],[-73.346707,-16.320229],[-73.346931,-16.320187],[-73.347794,-16.319878],[-73.348017,-16.319823],[-73.350266,-16.319371],[-73.352312,-16.319085],[-73.353431,-16.318834],[-73.355028,-16.318664],[-73.355481,-16.318587],[-73.355701,-16.318528],[-73.355908,-16.318432],[-73.35608,-16.318283],[-73.356213,-16.318101],[-73.356317,-16.317901],[-73.35638,-16.317683],[-73.356485,-16.317484],[-73.356649,-16.317335],[-73.356849,-16.317224],[-73.357276,-16.317059],[-73.357501,-16.317021],[-73.358418,-16.317035],[-73.358642,-16.316987],[-73.35921,-16.316604],[-73.359429,-16.316538],[-73.359879,-16.316448],[-73.360078,-16.316344],[-73.36059,-16.315889],[-73.361001,-16.315696],[-73.361446,-16.315584],[-73.361673,-16.315553],[-73.362361,-16.315518],[-73.362587,-16.315484],[-73.362798,-16.315399],[-73.363957,-16.314667],[-73.364479,-16.314226],[-73.364675,-16.314109],[-73.365548,-16.313832],[-73.36576,-16.313746],[-73.366963,-16.313088],[-73.367128,-16.312932],[-73.367258,-16.312749],[-73.367692,-16.311953],[-73.367843,-16.311784],[-73.368194,-16.311492],[-73.368513,-16.311168],[-73.368993,-16.310397],[-73.369132,-16.310219],[-73.370122,-16.309277],[-73.370517,-16.309049],[-73.370952,-16.308904],[-73.371401,-16.308817],[-73.371631,-16.30881],[-73.372087,-16.308851],[-73.372757,-16.309011],[-73.373192,-16.309154],[-73.375689,-16.3103],[-73.37591,-16.310359],[-73.376135,-16.310348],[-73.376337,-16.310246],[-73.376861,-16.309809],[-73.377077,-16.309737],[-73.377302,-16.309739],[-73.377737,-16.309883],[-73.377962,-16.309928],[-73.378645,-16.30985],[-73.37885,-16.309757],[-73.379119,-16.309394],[-73.379275,-16.309229],[-73.37947,-16.309109],[-73.379684,-16.30903],[-73.379911,-16.308997],[-73.380369,-16.308985],[-73.380585,-16.30892],[-73.380994,-16.308715],[-73.38121,-16.308637],[-73.382125,-16.308584],[-73.382566,-16.308468],[-73.383557,-16.307898],[-73.383976,-16.307717],[-73.384201,-16.307672],[-73.384431,-16.307663],[-73.384658,-16.307684],[-73.385105,-16.307784],[-73.385536,-16.307939],[-73.38576,-16.307989],[-73.385986,-16.307958],[-73.386207,-16.307894],[-73.386809,-16.307567],[-73.387021,-16.307479],[-73.388099,-16.307093],[-73.389459,-16.306889],[-73.390337,-16.306626],[-73.390552,-16.306544],[-73.390737,-16.306418],[-73.390869,-16.306235],[-73.39095,-16.306026],[-73.39105,-16.305585],[-73.39118,-16.305402],[-73.392717,-16.304042],[-73.392905,-16.303912],[-73.393114,-16.303819],[-73.393339,-16.303789],[-73.393796,-16.303826],[-73.394025,-16.30382],[-73.394242,-16.303747],[-73.394912,-16.30313],[-73.395275,-16.302855],[-73.395478,-16.30275],[-73.396354,-16.302484],[-73.396564,-16.302391],[-73.397166,-16.302062],[-73.397804,-16.30181],[-73.398194,-16.301572],[-73.398703,-16.301118],[-73.398891,-16.300988],[-73.399107,-16.300914],[-73.400224,-16.300657],[-73.400419,-16.300539],[-73.400571,-16.300372],[-73.400818,-16.299991],[-73.400971,-16.299824],[-73.40179,-16.299419],[-73.402003,-16.299339],[-73.40312,-16.29908],[-73.403327,-16.298985],[-73.404281,-16.298358],[-73.404487,-16.29826],[-73.405131,-16.29802],[-73.405327,-16.297905],[-73.405667,-16.297602],[-73.40585,-16.297467],[-73.406066,-16.297404],[-73.406754,-16.297435],[-73.406984,-16.297423],[-73.407207,-16.297375],[-73.408074,-16.297075],[-73.408972,-16.296905],[-73.409175,-16.2968],[-73.409734,-16.296405],[-73.409937,-16.296301],[-73.410162,-16.296263],[-73.41039,-16.296266],[-73.410611,-16.296324],[-73.411245,-16.296589],[-73.411689,-16.296704],[-73.411913,-16.296658],[-73.412123,-16.296567],[-73.412309,-16.296436],[-73.413577,-16.295126],[-73.413951,-16.294867],[-73.414373,-16.294694],[-73.415936,-16.294324],[-73.416379,-16.294206],[-73.416812,-16.294057],[-73.417225,-16.293859],[-73.418008,-16.293387],[-73.418348,-16.293084],[-73.418533,-16.292953],[-73.418739,-16.292856],[-73.418961,-16.292798],[-73.420319,-16.292571],[-73.420768,-16.292477],[-73.420979,-16.29239],[-73.421352,-16.292128],[-73.421762,-16.291927],[-73.423107,-16.291638],[-73.423294,-16.291518],[-73.423758,-16.291017],[-73.423936,-16.290875],[-73.424144,-16.290781],[-73.424365,-16.29072],[-73.425044,-16.290614],[-73.425732,-16.290638],[-73.425956,-16.290592],[-73.42617,-16.290514],[-73.426365,-16.290395],[-73.426889,-16.289955],[-73.427082,-16.289837],[-73.427518,-16.289698],[-73.428431,-16.289617],[-73.428652,-16.289559],[-73.429063,-16.289359],[-73.430012,-16.288723],[-73.43042,-16.288519],[-73.431542,-16.288281],[-73.432194,-16.288063],[-73.432643,-16.28797],[-73.433786,-16.287866],[-73.434474,-16.287861],[-73.434686,-16.287781],[-73.435303,-16.287481],[-73.436169,-16.287182],[-73.436748,-16.28682],[-73.437839,-16.286474],[-73.438051,-16.286386],[-73.438866,-16.285969],[-73.43908,-16.285889],[-73.441079,-16.285374],[-73.44128,-16.285268],[-73.441785,-16.284808],[-73.442177,-16.284575],[-73.442595,-16.284388],[-73.442822,-16.284372],[-73.443271,-16.284461],[-73.443499,-16.284475],[-73.44371,-16.284389],[-73.444103,-16.284159],[-73.444742,-16.283908],[-73.444921,-16.283768],[-73.445239,-16.283443],[-73.445442,-16.283342],[-73.446116,-16.283209],[-73.446331,-16.283129],[-73.447295,-16.282516],[-73.448086,-16.282057],[-73.449293,-16.281404],[-73.449913,-16.281109],[-73.450789,-16.280842],[-73.451386,-16.280508],[-73.451607,-16.280448],[-73.451835,-16.280441],[-73.452519,-16.280508],[-73.452742,-16.280465],[-73.45358,-16.280097],[-73.453805,-16.280068],[-73.455181,-16.279998],[-73.455408,-16.279967],[-73.455624,-16.279891],[-73.456208,-16.279533],[-73.456425,-16.279464],[-73.456875,-16.279378],[-73.457763,-16.279145],[-73.458192,-16.278988],[-73.458566,-16.278729],[-73.459256,-16.278132],[-73.459445,-16.278004],[-73.459661,-16.277931],[-73.459888,-16.277909],[-73.460115,-16.277934],[-73.461466,-16.278202],[-73.462606,-16.278331],[-73.463521,-16.278397],[-73.463954,-16.278544],[-73.464181,-16.278571],[-73.46441,-16.278559],[-73.468054,-16.278114],[-73.470353,-16.277085],[-73.470796,-16.276973],[-73.471024,-16.27696],[-73.471482,-16.276993],[-73.475302,-16.277778],[-73.475952,-16.278002],[-73.477649,-16.278694],[-73.478053,-16.278908],[-73.478638,-16.279268],[-73.479579,-16.279915],[-73.480415,-16.280686],[-73.481171,-16.2812],[-73.481381,-16.281286],[-73.481607,-16.28132],[-73.481836,-16.28131],[-73.482972,-16.28115],[-73.483153,-16.281021],[-73.483252,-16.280819],[-73.483426,-16.280164],[-73.483502,-16.27995],[-73.483615,-16.279754],[-73.484097,-16.278984],[-73.48425,-16.278816],[-73.484428,-16.278674],[-73.484994,-16.27829],[-73.48521,-16.278215],[-73.48566,-16.278287],[-73.486548,-16.278519],[-73.486775,-16.278533],[-73.486998,-16.278483],[-73.48785,-16.278144],[-73.488053,-16.27804],[-73.488213,-16.27788],[-73.488774,-16.277163],[-73.48893,-16.277001],[-73.489124,-16.276883],[-73.489346,-16.276824],[-73.490247,-16.276655],[-73.49045,-16.276557],[-73.490614,-16.276405],[-73.491047,-16.275608],[-73.491325,-16.275249],[-73.492349,-16.274344],[-73.492534,-16.27421],[-73.492947,-16.274013],[-73.493132,-16.27388],[-73.49326,-16.273694],[-73.493559,-16.273084],[-73.493697,-16.272905],[-73.493882,-16.272772],[-73.494088,-16.272674],[-73.496909,-16.271714],[-73.497129,-16.271654],[-73.499632,-16.271316],[-73.500081,-16.271224],[-73.500951,-16.270935],[-73.501582,-16.270664],[-73.502755,-16.269953],[-73.502938,-16.269818],[-73.503116,-16.269675],[-73.503572,-16.269167],[-73.503906,-16.268861],[-73.50569,-16.267834],[-73.50632,-16.267562],[-73.509167,-16.266682],[-73.509375,-16.266585],[-73.509771,-16.266358],[-73.510696,-16.265689],[-73.511673,-16.265096],[-73.515002,-16.263568],[-73.516045,-16.262681],[-73.516229,-16.262547],[-73.516428,-16.262435],[-73.51664,-16.262348],[-73.518395,-16.261812],[-73.518846,-16.261734],[-73.519762,-16.261676],[-73.522057,-16.261632],[-73.522514,-16.261593],[-73.522956,-16.261473],[-73.524669,-16.26082],[-73.525111,-16.260701],[-73.525339,-16.260681],[-73.526256,-16.260729],[-73.526485,-16.260723],[-73.52671,-16.26068],[-73.526922,-16.260596],[-73.527111,-16.260469],[-73.527274,-16.260311],[-73.527398,-16.260123],[-73.527493,-16.259917],[-73.528088,-16.258206],[-73.52831,-16.257811],[-73.528453,-16.257637],[-73.529159,-16.257059],[-73.531525,-16.255267],[-73.532674,-16.254519],[-73.533292,-16.25422],[-73.53414,-16.253873],[-73.544877,-16.249873],[-73.545722,-16.249519],[-73.559032,-16.242387],[-73.559467,-16.242243],[-73.559916,-16.242152],[-73.560373,-16.242119],[-73.56083,-16.242146],[-73.56128,-16.242237],[-73.567302,-16.243685],[-73.567757,-16.243739],[-73.568216,-16.243736],[-73.568668,-16.243657],[-73.568888,-16.243593],[-73.569322,-16.243447],[-73.586293,-16.236528],[-73.587345,-16.236077],[-73.589479,-16.235241],[-73.589896,-16.235053],[-73.593509,-16.233599],[-73.595411,-16.232804],[-73.604114,-16.229271],[-73.605205,-16.228921],[-73.606338,-16.228748],[-73.608403,-16.228663],[-73.631351,-16.227967],[-73.633186,-16.227886],[-73.63433,-16.227789],[-73.635459,-16.227584],[-73.641025,-16.226203],[-73.641462,-16.226068],[-73.641672,-16.225976],[-73.64188,-16.22588],[-73.642068,-16.225752],[-73.642247,-16.22561],[-73.642576,-16.225296],[-73.643862,-16.223702],[-73.644023,-16.223541],[-73.6442,-16.2234],[-73.644396,-16.223284],[-73.644823,-16.223117],[-73.645045,-16.223066],[-73.645273,-16.223043],[-73.645502,-16.223051],[-73.645728,-16.22309],[-73.645946,-16.223157],[-73.646559,-16.223465],[-73.64714,-16.22383],[-73.647563,-16.223999],[-73.647783,-16.224061],[-73.648011,-16.224094],[-73.651221,-16.223968],[-73.656485,-16.223551],[-73.657842,-16.223322],[-73.661627,-16.222384],[-73.662526,-16.222202],[-73.67277,-16.21967],[-73.674782,-16.219206],[-73.675462,-16.219107],[-73.675919,-16.21914],[-73.67636,-16.219259],[-73.676569,-16.219353],[-73.676952,-16.2196],[-73.677282,-16.219913],[-73.677539,-16.220286],[-73.677722,-16.2207],[-73.677791,-16.220914],[-73.678156,-16.222686],[-73.678249,-16.222893],[-73.678522,-16.223254],[-73.678884,-16.22353],[-73.679087,-16.223632],[-73.679525,-16.223766],[-73.683741,-16.224871],[-73.684398,-16.225072],[-73.68546,-16.225503],[-73.686266,-16.225936],[-73.690043,-16.228507],[-73.690458,-16.228699],[-73.690674,-16.228775],[-73.691116,-16.228896],[-73.691567,-16.228977],[-73.693622,-16.229184],[-73.693851,-16.229191],[-73.694307,-16.229137],[-73.694963,-16.228933],[-73.695167,-16.228831],[-73.69536,-16.228709],[-73.695718,-16.228426],[-73.696031,-16.228096],[-73.696166,-16.227913],[-73.696377,-16.227513],[-73.69652,-16.227084],[-73.696592,-16.226637],[-73.69675,-16.224382],[-73.69681,-16.223934],[-73.696917,-16.223494],[-73.697061,-16.223065],[-73.698763,-16.21911],[-73.69898,-16.218711],[-73.699267,-16.218359],[-73.699599,-16.218046],[-73.70242,-16.21573],[-73.703986,-16.214403],[-73.706659,-16.212264],[-73.707223,-16.211875],[-73.707421,-16.211761],[-73.707826,-16.211549],[-73.708453,-16.211269],[-73.709102,-16.211041],[-73.716951,-16.20849],[-73.717567,-16.208188],[-73.718328,-16.207683],[-73.719623,-16.206746],[-73.720095,-16.206253],[-73.720359,-16.205884],[-73.720831,-16.204854],[-73.721813,-16.202563],[-73.722127,-16.201959],[-73.722465,-16.201368],[-73.726408,-16.195807],[-73.726826,-16.195268],[-73.727352,-16.194527],[-73.727648,-16.194183],[-73.727999,-16.193892],[-73.728191,-16.193768],[-73.728593,-16.19355],[-73.729018,-16.193379],[-73.730787,-16.192895],[-73.735859,-16.191446],[-73.736732,-16.191164],[-73.738202,-16.190527],[-73.739204,-16.189975],[-73.740349,-16.189221],[-73.760362,-16.175584],[-73.76096,-16.175249],[-73.761378,-16.175062],[-73.761808,-16.174904],[-73.762252,-16.174786],[-73.763155,-16.174625],[-73.774544,-16.173206],[-73.775451,-16.173062],[-73.776351,-16.172885],[-73.788664,-16.170123],[-73.789769,-16.169819],[-73.7937,-16.168563],[-73.796531,-16.167632],[-73.806108,-16.163815],[-73.809532,-16.162505],[-73.813033,-16.161411],[-73.81498,-16.16073],[-73.828854,-16.155314],[-73.83054,-16.154597],[-73.830747,-16.1545],[-73.832546,-16.1535],[-73.848249,-16.143688],[-73.84944,-16.143006],[-73.85025,-16.142581],[-73.851089,-16.142213],[-73.86127,-16.138058],[-73.862529,-16.137507],[-73.862929,-16.137285],[-73.863114,-16.137153],[-73.863815,-16.136569],[-73.864284,-16.136072],[-73.883355,-16.112299],[-73.884503,-16.111193],[-73.884685,-16.111055],[-73.891627,-16.106233],[-73.892214,-16.10588],[-73.892828,-16.105573],[-73.893465,-16.105316],[-73.899972,-16.103092],[-73.900396,-16.102918],[-73.901415,-16.102398],[-73.901614,-16.102285],[-73.901989,-16.102025],[-73.90402,-16.100192],[-73.904384,-16.099917],[-73.904776,-16.099682],[-73.90498,-16.099579],[-73.912426,-16.096603],[-73.913044,-16.096305],[-73.913637,-16.09596],[-73.9256,-16.087954],[-73.926507,-16.087262],[-73.929701,-16.084336],[-73.930241,-16.083915],[-73.930434,-16.083794],[-73.93145,-16.083269],[-73.937805,-16.080652],[-73.939456,-16.07986],[-73.943543,-16.0778],[-73.944752,-16.07715],[-73.945709,-16.076526],[-73.94644,-16.075978],[-73.946961,-16.075534],[-73.94793,-16.07457],[-73.950456,-16.071642],[-73.95101,-16.07092],[-73.95272,-16.06824],[-73.953386,-16.06732],[-73.953524,-16.067139],[-73.955225,-16.065301],[-73.955815,-16.064608],[-73.956191,-16.06404],[-73.957458,-16.061631],[-73.957843,-16.06107],[-73.958341,-16.060603],[-73.958722,-16.060353],[-73.964596,-16.057266],[-73.965547,-16.056633],[-73.968158,-16.054787],[-73.970108,-16.053208],[-73.970699,-16.05286],[-73.972309,-16.051988],[-73.9737,-16.051196],[-73.974074,-16.050934],[-73.974421,-16.050638],[-73.974741,-16.050315],[-73.977557,-16.046461],[-73.978212,-16.045532],[-73.978963,-16.044678],[-73.979459,-16.044208],[-73.979995,-16.043782],[-73.980758,-16.043279],[-73.988053,-16.038993],[-73.989052,-16.038436],[-73.989886,-16.038057],[-73.993586,-16.036835],[-73.994231,-16.036596],[-73.995063,-16.036215],[-73.995858,-16.035761],[-73.996811,-16.035131],[-74.006401,-16.028129],[-74.007713,-16.027214],[-74.008599,-16.026496],[-74.012213,-16.023021],[-74.012566,-16.022733],[-74.013681,-16.021937],[-74.019548,-16.018383],[-74.020116,-16.018001],[-74.020645,-16.017567],[-74.021054,-16.017024],[-74.021416,-16.016193],[-74.022194,-16.014065],[-74.022521,-16.013469],[-74.023618,-16.011745],[-74.023938,-16.011145],[-74.024142,-16.010497],[-74.024224,-16.009824],[-74.024472,-16.006668],[-74.024429,-16.006218],[-74.024337,-16.005775],[-74.022357,-15.999516],[-74.021845,-15.997779],[-74.021729,-15.997111],[-74.021758,-15.99666],[-74.021901,-15.995997],[-74.022066,-15.995576],[-74.022262,-15.995167],[-74.022596,-15.994574],[-74.023751,-15.992363],[-74.027174,-15.98596],[-74.027667,-15.985198],[-74.028769,-15.983215],[-74.030663,-15.980382],[-74.030984,-15.979783],[-74.031309,-15.9787],[-74.031394,-15.978491],[-74.031631,-15.978104],[-74.032157,-15.977363],[-74.033129,-15.975829],[-74.03329,-15.975406],[-74.033687,-15.97364],[-74.033756,-15.973426],[-74.034033,-15.972805],[-74.034875,-15.971457],[-74.036133,-15.969843],[-74.038486,-15.967367],[-74.038829,-15.967066],[-74.039026,-15.966954],[-74.039858,-15.966572],[-74.040048,-15.966448],[-74.040188,-15.966272],[-74.040279,-15.966064],[-74.040309,-15.965841],[-74.040286,-15.965617],[-74.040202,-15.965408],[-74.039872,-15.964813],[-74.039782,-15.964607],[-74.039683,-15.964167],[-74.039688,-15.963942],[-74.039794,-15.963503],[-74.040054,-15.963133],[-74.040211,-15.962968],[-74.046962,-15.956837],[-74.047856,-15.956128],[-74.054508,-15.951689],[-74.055279,-15.951197],[-74.062469,-15.947184],[-74.06325,-15.946708],[-74.065304,-15.945261],[-74.065687,-15.945011],[-74.065889,-15.944906],[-74.066313,-15.944735],[-74.068073,-15.944217],[-74.069361,-15.943737],[-74.070015,-15.943523],[-74.070676,-15.943335],[-74.071574,-15.943146],[-74.07201,-15.943009],[-74.072841,-15.942623],[-74.074046,-15.941967],[-74.075514,-15.941322],[-74.078097,-15.940379],[-74.080589,-15.939222],[-74.082858,-15.938131],[-74.084086,-15.937515],[-74.08576,-15.936772],[-74.087995,-15.935613],[-74.093409,-15.933138],[-74.101583,-15.929538],[-74.108063,-15.926637],[-74.117303,-15.922617],[-74.120992,-15.920783],[-74.131685,-15.915553],[-74.13474,-15.913988],[-74.139669,-15.911561],[-74.146686,-15.908194],[-74.151189,-15.905941],[-74.153093,-15.90515],[-74.154874,-15.904119],[-74.157517,-15.902752],[-74.162037,-15.900532],[-74.165064,-15.898916],[-74.165986,-15.898242],[-74.166586,-15.897909],[-74.166728,-15.897741],[-74.166756,-15.897519],[-74.166616,-15.896855],[-74.166546,-15.896642],[-74.165829,-15.895225],[-74.165586,-15.894842],[-74.165446,-15.894664],[-74.16482,-15.894002],[-74.163199,-15.892401],[-74.162939,-15.892031],[-74.162419,-15.890533],[-74.16236,-15.890315],[-74.162355,-15.890092],[-74.162475,-15.88991],[-74.162692,-15.889842],[-74.162919,-15.889858],[-74.164033,-15.890132],[-74.164714,-15.890228],[-74.165173,-15.890239],[-74.166091,-15.890211],[-74.166312,-15.890152],[-74.166512,-15.890049],[-74.166561,-15.889832],[-74.166582,-15.889607],[-74.166617,-15.888477],[-74.166548,-15.888031],[-74.166279,-15.887408],[-74.166266,-15.887188],[-74.166477,-15.887126],[-74.166679,-15.887223],[-74.167066,-15.887467],[-74.167268,-15.887568],[-74.167482,-15.887539],[-74.167622,-15.887364],[-74.167661,-15.887144],[-74.167629,-15.886922],[-74.167557,-15.886707],[-74.167446,-15.886511],[-74.166852,-15.885822],[-74.166349,-15.885367],[-74.166372,-15.885151],[-74.166563,-15.885042],[-74.166792,-15.88506],[-74.167018,-15.88505],[-74.167166,-15.884894],[-74.167211,-15.884672],[-74.16723,-15.884221],[-74.167198,-15.88377],[-74.167116,-15.883325],[-74.166886,-15.88245],[-74.166897,-15.882235],[-74.167102,-15.882181],[-74.167874,-15.882667],[-74.16805,-15.882806],[-74.168151,-15.883005],[-74.168188,-15.883452],[-74.168296,-15.883649],[-74.168484,-15.883773],[-74.16871,-15.883813],[-74.168939,-15.883806],[-74.169151,-15.883725],[-74.169318,-15.883571],[-74.169921,-15.882888],[-74.170041,-15.882696],[-74.170111,-15.882482],[-74.17019,-15.881808],[-74.170194,-15.881583],[-74.170149,-15.881363],[-74.169949,-15.880957],[-74.169894,-15.880739],[-74.169903,-15.880513],[-74.169966,-15.880295],[-74.170561,-15.879072],[-74.17079,-15.878681],[-74.171071,-15.878324],[-74.173035,-15.876112],[-74.173401,-15.875839],[-74.17601,-15.87441],[-74.176986,-15.873815],[-74.188353,-15.865758],[-74.188938,-15.865401],[-74.189143,-15.865298],[-74.189566,-15.865123],[-74.190003,-15.864986],[-74.196673,-15.863295],[-74.197793,-15.863045],[-74.198248,-15.862988],[-74.198477,-15.862972],[-74.201232,-15.862982],[-74.213171,-15.862939],[-74.218911,-15.862949],[-74.219596,-15.863019],[-74.220047,-15.863101],[-74.224665,-15.864466],[-74.224866,-15.864569],[-74.225024,-15.864729],[-74.225672,-15.865662],[-74.22596,-15.866014],[-74.226129,-15.866166],[-74.226307,-15.866309],[-74.226505,-15.866422],[-74.227715,-15.867068],[-74.228805,-15.867897],[-74.228958,-15.868066],[-74.229071,-15.86826],[-74.229129,-15.868478],[-74.229202,-15.868925],[-74.2293,-15.869127],[-74.229481,-15.869254],[-74.232622,-15.869925],[-74.233079,-15.86994],[-74.233305,-15.869898],[-74.238847,-15.867715],[-74.239904,-15.867274],[-74.240559,-15.867066],[-74.241006,-15.866966],[-74.241691,-15.866898],[-74.24215,-15.866887],[-74.242605,-15.866951],[-74.246889,-15.867757],[-74.247117,-15.867784],[-74.247345,-15.867766],[-74.247558,-15.867688],[-74.247722,-15.867534],[-74.247809,-15.867325],[-74.247838,-15.867101],[-74.24781,-15.866878],[-74.247412,-15.864881],[-74.247223,-15.863538],[-74.247212,-15.863087],[-74.247249,-15.862864],[-74.247435,-15.862212],[-74.247461,-15.861988],[-74.247108,-15.860444],[-74.24709,-15.859993],[-74.247201,-15.859556],[-74.248803,-15.855804],[-74.24931,-15.85479],[-74.249775,-15.854011],[-74.250076,-15.853671],[-74.252848,-15.851297],[-74.253978,-15.850521],[-74.255912,-15.849303],[-74.256114,-15.849196],[-74.256527,-15.848999],[-74.257602,-15.848602],[-74.258658,-15.84816],[-74.260113,-15.847488],[-74.262562,-15.846245],[-74.262936,-15.845983],[-74.263285,-15.84569],[-74.264276,-15.844748],[-74.26496,-15.844145],[-74.268678,-15.841491],[-74.269809,-15.840718],[-74.270911,-15.839904],[-74.272037,-15.839123],[-74.272449,-15.838926],[-74.273749,-15.838476],[-74.274522,-15.837987],[-74.275139,-15.837689],[-74.276871,-15.837085],[-74.277962,-15.836734],[-74.280621,-15.836025],[-74.281977,-15.835788],[-74.283095,-15.835533],[-74.283781,-15.835473],[-74.28401,-15.835478],[-74.284695,-15.835552],[-74.285836,-15.835464],[-74.286064,-15.835491],[-74.286735,-15.835639],[-74.286963,-15.835647],[-74.287192,-15.835635],[-74.287642,-15.835547],[-74.28833,-15.835526],[-74.290396,-15.835526],[-74.290619,-15.835476],[-74.291477,-15.835154],[-74.291895,-15.834966],[-74.292089,-15.834845],[-74.292262,-15.834698],[-74.292584,-15.834379],[-74.292803,-15.834332],[-74.292981,-15.834458],[-74.29297,-15.834672],[-74.292816,-15.834835],[-74.292413,-15.835052],[-74.292224,-15.835178],[-74.292066,-15.835337],[-74.29198,-15.835542],[-74.292043,-15.83574],[-74.292252,-15.835822],[-74.292481,-15.835843],[-74.292703,-15.835896],[-74.293349,-15.836131],[-74.293575,-15.836157],[-74.293789,-15.836086],[-74.293959,-15.835934],[-74.29404,-15.835727],[-74.294395,-15.833493],[-74.294431,-15.832816],[-74.294429,-15.832366],[-74.294561,-15.832191],[-74.294774,-15.832216],[-74.29487,-15.832405],[-74.294863,-15.832631],[-74.294915,-15.83285],[-74.295057,-15.83302],[-74.295495,-15.833148],[-74.295645,-15.833301],[-74.295678,-15.83375],[-74.2958,-15.833936],[-74.296005,-15.834024],[-74.29623,-15.834003],[-74.297581,-15.833739],[-74.297787,-15.833643],[-74.297929,-15.833469],[-74.297973,-15.833253],[-74.297896,-15.832808],[-74.297863,-15.832359],[-74.29804,-15.830786],[-74.29812,-15.828074],[-74.298187,-15.827876],[-74.298357,-15.827725],[-74.298506,-15.827553],[-74.298628,-15.827365],[-74.298698,-15.827151],[-74.298722,-15.826926],[-74.298681,-15.826705],[-74.298542,-15.826276],[-74.298499,-15.826053],[-74.29842,-15.824927],[-74.29844,-15.824701],[-74.298546,-15.824264],[-74.29868,-15.82408],[-74.300383,-15.821948],[-74.301988,-15.820332],[-74.305408,-15.816985],[-74.305939,-15.816554],[-74.306128,-15.816425],[-74.306747,-15.816128],[-74.30696,-15.816046],[-74.310235,-15.814998],[-74.31134,-15.814693],[-74.311996,-15.814483],[-74.312223,-15.814466],[-74.312433,-15.81455],[-74.31259,-15.814714],[-74.312836,-15.815096],[-74.31298,-15.815272],[-74.313155,-15.815417],[-74.313964,-15.815841],[-74.314181,-15.815911],[-74.314406,-15.815878],[-74.314616,-15.815788],[-74.314797,-15.815656],[-74.314912,-15.815462],[-74.31511,-15.814813],[-74.315292,-15.814398],[-74.315593,-15.814058],[-74.315773,-15.813919],[-74.316415,-15.813672],[-74.31694,-15.813249],[-74.317147,-15.813295],[-74.317177,-15.813506],[-74.317067,-15.813694],[-74.316563,-15.814155],[-74.316437,-15.814339],[-74.316497,-15.814541],[-74.316702,-15.814603],[-74.31691,-15.814511],[-74.318067,-15.813774],[-74.31827,-15.81367],[-74.318706,-15.813531],[-74.318933,-15.813518],[-74.319152,-15.813576],[-74.319365,-15.813661],[-74.323752,-15.816126],[-74.324131,-15.81638],[-74.325012,-15.817103],[-74.325325,-15.817432],[-74.325446,-15.817623],[-74.325747,-15.818233],[-74.326321,-15.819466],[-74.326433,-15.819663],[-74.326575,-15.819839],[-74.326742,-15.819994],[-74.326942,-15.820091],[-74.327169,-15.820109],[-74.327381,-15.820022],[-74.327603,-15.819963],[-74.327829,-15.819985],[-74.328026,-15.820099],[-74.329025,-15.821033],[-74.329195,-15.821184],[-74.329384,-15.821313],[-74.329605,-15.821375],[-74.329832,-15.821384],[-74.3309,-15.820969],[-74.331269,-15.820705],[-74.331562,-15.820356],[-74.331878,-15.82003],[-74.332065,-15.819902],[-74.332278,-15.819817],[-74.334016,-15.819231],[-74.335358,-15.818928],[-74.335586,-15.818898],[-74.335813,-15.818902],[-74.336033,-15.818963],[-74.336239,-15.819063],[-74.33643,-15.819186],[-74.340611,-15.822361],[-74.34082,-15.822454],[-74.34104,-15.822518],[-74.34149,-15.822604],[-74.342863,-15.822707],[-74.343322,-15.822706],[-74.343535,-15.822631],[-74.343739,-15.822527],[-74.34392,-15.822389],[-74.351515,-15.816178],[-74.352913,-15.815005],[-74.353281,-15.814734],[-74.354473,-15.814055],[-74.354655,-15.813918],[-74.354774,-15.813726],[-74.354822,-15.813506],[-74.354825,-15.812828],[-74.354687,-15.812165],[-74.354675,-15.811939],[-74.354723,-15.81172],[-74.354734,-15.811495],[-74.354673,-15.811278],[-74.354494,-15.810861],[-74.354457,-15.810642],[-74.354452,-15.810416],[-74.354506,-15.809969],[-74.35458,-15.809756],[-74.354703,-15.809568],[-74.354897,-15.809467],[-74.355084,-15.809586],[-74.355425,-15.810422],[-74.356057,-15.811365],[-74.356206,-15.811535],[-74.35656,-15.811817],[-74.356783,-15.811833],[-74.356992,-15.811747],[-74.357182,-15.811621],[-74.35925,-15.810194],[-74.359609,-15.809913],[-74.359721,-15.809717],[-74.35979,-15.809502],[-74.359979,-15.808617],[-74.36013,-15.808191],[-74.360262,-15.808008],[-74.360452,-15.807894],[-74.360675,-15.80789],[-74.360835,-15.808042],[-74.360951,-15.808479],[-74.36103,-15.80869],[-74.361398,-15.809262],[-74.361542,-15.809435],[-74.361736,-15.809553],[-74.361961,-15.80958],[-74.36218,-15.809531],[-74.362389,-15.809438],[-74.364414,-15.808373],[-74.365162,-15.807848],[-74.365521,-15.807567],[-74.36564,-15.807381],[-74.365578,-15.807172],[-74.365129,-15.80666],[-74.365018,-15.806463],[-74.364948,-15.806248],[-74.364916,-15.806025],[-74.364922,-15.8058],[-74.365012,-15.805357],[-74.365022,-15.805133],[-74.364932,-15.804931],[-74.364757,-15.804785],[-74.364607,-15.804616],[-74.364612,-15.804401],[-74.364733,-15.804215],[-74.364934,-15.804109],[-74.365158,-15.804137],[-74.365365,-15.804233],[-74.365543,-15.804374],[-74.365688,-15.804549],[-74.365793,-15.804749],[-74.366035,-15.805381],[-74.36617,-15.805564],[-74.366358,-15.805692],[-74.366568,-15.805783],[-74.366755,-15.805912],[-74.367093,-15.806216],[-74.367929,-15.807294],[-74.368278,-15.807879],[-74.368422,-15.808053],[-74.368795,-15.808315],[-74.369381,-15.808672],[-74.369562,-15.80881],[-74.369663,-15.809006],[-74.369611,-15.809221],[-74.369422,-15.809632],[-74.369412,-15.809854],[-74.369808,-15.810668],[-74.369927,-15.81086],[-74.37022,-15.811208],[-74.370755,-15.811634],[-74.371146,-15.81187],[-74.371762,-15.812175],[-74.372825,-15.812599],[-74.373019,-15.812721],[-74.373184,-15.812876],[-74.373307,-15.813064],[-74.373503,-15.813473],[-74.373643,-15.813903],[-74.373734,-15.81411],[-74.373867,-15.81429],[-74.374067,-15.814401],[-74.377472,-15.815757],[-74.378086,-15.816064],[-74.379017,-15.816724],[-74.379886,-15.817462],[-74.380107,-15.817508],[-74.380327,-15.81745],[-74.38053,-15.817351],[-74.380774,-15.816968],[-74.381409,-15.815764],[-74.381543,-15.815585],[-74.381725,-15.815449],[-74.381935,-15.81536],[-74.383257,-15.814984],[-74.383457,-15.814873],[-74.385325,-15.813201],[-74.385482,-15.813036],[-74.385735,-15.812661],[-74.38583,-15.812455],[-74.386013,-15.811802],[-74.386126,-15.811608],[-74.386333,-15.811558],[-74.386485,-15.811718],[-74.386602,-15.811912],[-74.386744,-15.812087],[-74.386962,-15.812138],[-74.388093,-15.81195],[-74.389645,-15.811538],[-74.390077,-15.811385],[-74.39048,-15.81117],[-74.390857,-15.810913],[-74.395464,-15.80754],[-74.396229,-15.807042],[-74.396449,-15.806975],[-74.396899,-15.806891],[-74.399188,-15.806709],[-74.399407,-15.806641],[-74.399611,-15.806542],[-74.400834,-15.805516],[-74.401174,-15.805212],[-74.401642,-15.804715],[-74.410679,-15.792737],[-74.412091,-15.790955],[-74.412755,-15.790033],[-74.414829,-15.787325],[-74.41495,-15.787134],[-74.415036,-15.786925],[-74.415087,-15.786706],[-74.415116,-15.786029],[-74.415202,-15.785584],[-74.415533,-15.784271],[-74.415548,-15.78382],[-74.415503,-15.783371],[-74.41554,-15.783148],[-74.415713,-15.783025],[-74.41592,-15.783113],[-74.416092,-15.783262],[-74.416226,-15.783443],[-74.416676,-15.784231],[-74.417005,-15.784546],[-74.417213,-15.784641],[-74.417434,-15.784693],[-74.417659,-15.78466],[-74.417848,-15.784537],[-74.418741,-15.783504],[-74.427521,-15.773051],[-74.431151,-15.768673],[-74.431339,-15.768545],[-74.431545,-15.768446],[-74.432432,-15.768215],[-74.432641,-15.768131],[-74.432987,-15.767835],[-74.433591,-15.767155],[-74.434251,-15.766527],[-74.434367,-15.766335],[-74.434617,-15.765465],[-74.434702,-15.765256],[-74.434817,-15.76506],[-74.435462,-15.764125],[-74.437053,-15.76191],[-74.437514,-15.761129],[-74.438225,-15.759462],[-74.442134,-15.7498],[-74.442356,-15.749404],[-74.442486,-15.749218],[-74.443553,-15.747746],[-74.443846,-15.747398],[-74.444046,-15.747288],[-74.444259,-15.747206],[-74.444483,-15.74716],[-74.446977,-15.746768],[-74.447206,-15.746759],[-74.447663,-15.746802],[-74.447889,-15.746802],[-74.448114,-15.746755],[-74.448549,-15.746616],[-74.449236,-15.746573],[-74.449465,-15.746572],[-74.449668,-15.746667],[-74.449803,-15.746842],[-74.449902,-15.747046],[-74.450027,-15.747233],[-74.450237,-15.747276],[-74.450442,-15.747176],[-74.45103,-15.746823],[-74.451199,-15.746671],[-74.451309,-15.746476],[-74.451608,-15.745623],[-74.451794,-15.745498],[-74.452011,-15.745537],[-74.452153,-15.745707],[-74.452209,-15.746154],[-74.452328,-15.746335],[-74.452548,-15.746331],[-74.452689,-15.74617],[-74.453319,-15.744964],[-74.453398,-15.744754],[-74.453415,-15.744531],[-74.453315,-15.744091],[-74.45333,-15.743868],[-74.453497,-15.743736],[-74.453697,-15.743826],[-74.453826,-15.744012],[-74.453902,-15.744224],[-74.453958,-15.744673],[-74.453917,-15.744895],[-74.453907,-15.74512],[-74.454002,-15.745316],[-74.454189,-15.745438],[-74.454402,-15.745515],[-74.454623,-15.745475],[-74.454773,-15.745307],[-74.454998,-15.744912],[-74.455084,-15.744703],[-74.455133,-15.744483],[-74.455138,-15.744259],[-74.455003,-15.743366],[-74.455011,-15.742914],[-74.454925,-15.742241],[-74.454634,-15.740918],[-74.454629,-15.740466],[-74.45468,-15.738884],[-74.454794,-15.737759],[-74.454842,-15.73754],[-74.455011,-15.73712],[-74.45515,-15.736689],[-74.455737,-15.733348],[-74.455853,-15.732911],[-74.457597,-15.728243],[-74.45778,-15.727829],[-74.457918,-15.727648],[-74.458079,-15.727488],[-74.458268,-15.727361],[-74.461138,-15.725936],[-74.461308,-15.725788],[-74.461363,-15.725577],[-74.461179,-15.724691],[-74.461172,-15.724469],[-74.461292,-15.72428],[-74.461909,-15.723984],[-74.463185,-15.723474],[-74.463786,-15.723143],[-74.468908,-15.719705],[-74.471215,-15.718221],[-74.472035,-15.717815],[-74.477652,-15.715233],[-74.48189,-15.713492],[-74.483386,-15.712913],[-74.493532,-15.709294],[-74.49505,-15.708776],[-74.500349,-15.707288],[-74.500782,-15.707137],[-74.500977,-15.707021],[-74.501339,-15.706744],[-74.501727,-15.706185],[-74.502607,-15.704597],[-74.505197,-15.699808],[-74.50546,-15.699438],[-74.505611,-15.699268],[-74.506868,-15.698282],[-74.507053,-15.698148],[-74.507456,-15.697932],[-74.510886,-15.696638],[-74.516727,-15.693994],[-74.517755,-15.693491],[-74.518325,-15.693112],[-74.518494,-15.692959],[-74.518763,-15.692595],[-74.518937,-15.692177],[-74.519068,-15.691743],[-74.522165,-15.679921],[-74.522346,-15.679035],[-74.522378,-15.678132],[-74.522306,-15.677458],[-74.522185,-15.677023],[-74.521753,-15.675976],[-74.521551,-15.675329],[-74.521458,-15.674657],[-74.521348,-15.673532],[-74.521373,-15.67308],[-74.521415,-15.672861],[-74.521528,-15.672666],[-74.521671,-15.67249],[-74.524259,-15.669923],[-74.524766,-15.669464],[-74.524953,-15.669334],[-74.525152,-15.669221],[-74.525375,-15.66917],[-74.525832,-15.669134],[-74.530423,-15.669154],[-74.530652,-15.669169],[-74.530873,-15.669222],[-74.531072,-15.669332],[-74.531571,-15.669798],[-74.532026,-15.670307],[-74.532432,-15.670854],[-74.532585,-15.671023],[-74.533599,-15.67194],[-74.533788,-15.672069],[-74.534001,-15.672149],[-74.534229,-15.672169],[-74.534454,-15.672123],[-74.540702,-15.669858],[-74.544809,-15.66841],[-74.555792,-15.664414],[-74.572154,-15.658443],[-74.575805,-15.657084],[-74.588071,-15.652591],[-74.588943,-15.652309],[-74.591595,-15.651572],[-74.592486,-15.651353],[-74.594697,-15.650744],[-74.59512,-15.65057],[-74.595919,-15.650124],[-74.597834,-15.648877],[-74.599384,-15.647905],[-74.599993,-15.647591],[-74.603221,-15.646408],[-74.624857,-15.638842],[-74.625495,-15.638587],[-74.625884,-15.638349],[-74.626393,-15.637892],[-74.628337,-15.635969],[-74.628801,-15.635468],[-74.629091,-15.635117],[-74.633264,-15.629721],[-74.633556,-15.629372],[-74.633885,-15.629057],[-74.634269,-15.628809],[-74.634684,-15.628618],[-74.635988,-15.62818],[-74.637311,-15.627803],[-74.637746,-15.627658],[-74.638166,-15.627478],[-74.638364,-15.627363],[-74.639319,-15.626735],[-74.639864,-15.626322],[-74.640313,-15.625809],[-74.641564,-15.624189],[-74.641717,-15.624021],[-74.64189,-15.623876],[-74.642491,-15.623545],[-74.644578,-15.622604],[-74.645145,-15.62222],[-74.645453,-15.621885],[-74.645732,-15.621527],[-74.649988,-15.615629],[-74.650287,-15.615286],[-74.650633,-15.61499],[-74.651803,-15.614274],[-74.655377,-15.61223],[-74.660908,-15.609004],[-74.662115,-15.608351],[-74.662889,-15.607864],[-74.663695,-15.607433],[-74.664347,-15.607215],[-74.670948,-15.605276],[-74.673788,-15.604373],[-74.684107,-15.601266],[-74.684752,-15.601028],[-74.684955,-15.600924],[-74.68535,-15.600692],[-74.686108,-15.600183],[-74.686521,-15.599987],[-74.695762,-15.598225],[-74.695984,-15.598171],[-74.696406,-15.597995],[-74.696753,-15.5977],[-74.70904,-15.585499],[-74.710673,-15.58391],[-74.713423,-15.581182],[-74.718314,-15.576407],[-74.723197,-15.571001],[-74.7241,-15.569976],[-74.724234,-15.569794],[-74.724597,-15.569217],[-74.72489,-15.568605],[-74.725714,-15.566016],[-74.725955,-15.565381],[-74.726045,-15.565174],[-74.726279,-15.564785],[-74.726671,-15.564227],[-74.732236,-15.558519],[-74.732579,-15.558219],[-74.732772,-15.558098],[-74.733178,-15.557889],[-74.733606,-15.557724],[-74.754817,-15.551042],[-74.755683,-15.55074],[-74.756319,-15.550479],[-74.756927,-15.550161],[-74.757516,-15.549811],[-74.75882,-15.548885],[-74.762691,-15.546055],[-74.768618,-15.54178],[-74.769369,-15.541259],[-74.770153,-15.540788],[-74.787173,-15.532348],[-74.79088,-15.530548],[-74.793644,-15.529439],[-74.79618,-15.52838],[-74.806173,-15.524371],[-74.811682,-15.522106],[-74.8119,-15.522037],[-74.81324,-15.521721],[-74.814381,-15.521601],[-74.81507,-15.521604],[-74.817592,-15.521729],[-74.81828,-15.52172],[-74.819194,-15.521628],[-74.81942,-15.521588],[-74.820543,-15.521354],[-74.821192,-15.521129],[-74.821617,-15.520958],[-74.829888,-15.517028],[-74.833826,-15.51518],[-74.838965,-15.512663],[-74.839299,-15.512353],[-74.839442,-15.51218],[-74.839949,-15.511166],[-74.840718,-15.509523],[-74.84132,-15.508303],[-74.841772,-15.507516],[-74.842509,-15.50637],[-74.843061,-15.505648],[-74.845928,-15.502115],[-74.847235,-15.500539],[-74.847899,-15.499618],[-74.848262,-15.499041],[-74.849062,-15.497668],[-74.851265,-15.493701],[-74.851614,-15.493117],[-74.853593,-15.490341],[-74.855063,-15.488319],[-74.862137,-15.477476],[-74.862468,-15.476882],[-74.862633,-15.47646],[-74.862839,-15.47558],[-74.863009,-15.473098],[-74.863105,-15.472199],[-74.863644,-15.464984],[-74.863773,-15.464318],[-74.864639,-15.461983],[-74.864978,-15.461142],[-74.866819,-15.456268],[-74.866908,-15.45606],[-74.867853,-15.454251],[-74.868441,-15.453024],[-74.8685,-15.452807],[-74.868532,-15.452583],[-74.868564,-15.452132],[-74.868403,-15.450785],[-74.868384,-15.450333],[-74.868453,-15.449887],[-74.869049,-15.447704],[-74.869346,-15.446848],[-74.871164,-15.442944],[-74.871216,-15.442725],[-74.871434,-15.441385],[-74.87154,-15.440946],[-74.871699,-15.440522],[-74.87191,-15.440121],[-74.872167,-15.439747],[-74.872472,-15.43941],[-74.872636,-15.439251],[-74.873516,-15.438526],[-74.875334,-15.437145],[-74.883267,-15.430986],[-74.883747,-15.4305],[-74.884164,-15.429961],[-74.885073,-15.428389],[-74.88659,-15.425599],[-74.889675,-15.420044],[-74.889988,-15.419441],[-74.890142,-15.419015],[-74.890177,-15.418793],[-74.890194,-15.418341],[-74.89013,-15.417894],[-74.890019,-15.417455],[-74.889277,-15.415078],[-74.889042,-15.414204],[-74.888439,-15.412257],[-74.887965,-15.41051],[-74.887561,-15.409213],[-74.887291,-15.407883],[-74.887103,-15.406312],[-74.887073,-15.405634],[-74.887063,-15.404277],[-74.88718,-15.393878],[-74.887221,-15.39207],[-74.887297,-15.384383],[-74.887288,-15.383253],[-74.887328,-15.382349],[-74.887298,-15.380541],[-74.887364,-15.378507],[-74.887403,-15.375794],[-74.887434,-15.375343],[-74.887664,-15.374006],[-74.889552,-15.365618],[-74.891325,-15.3579],[-74.892148,-15.354143],[-74.892433,-15.353048],[-74.892705,-15.352184],[-74.893112,-15.351127],[-74.897611,-15.340237],[-74.898802,-15.337297],[-74.904103,-15.324532],[-74.906626,-15.318221],[-74.907079,-15.317182],[-74.909419,-15.311529],[-74.91015,-15.30987],[-74.912452,-15.304202],[-74.913867,-15.300864],[-74.914853,-15.29833],[-74.915486,-15.296875],[-74.920499,-15.284727],[-74.922622,-15.279475],[-74.924391,-15.275302],[-74.927408,-15.267968],[-74.928041,-15.266513],[-74.930258,-15.261055],[-74.933142,-15.254156],[-74.934777,-15.24969],[-74.934976,-15.249283],[-74.93657,-15.246535],[-74.937006,-15.245739],[-74.939413,-15.241625],[-74.939604,-15.241214],[-74.939742,-15.240783],[-74.939779,-15.240561],[-74.939794,-15.240109],[-74.939781,-15.239884],[-74.939458,-15.237417],[-74.939096,-15.234273],[-74.939117,-15.233822],[-74.939245,-15.233389],[-74.941186,-15.229292],[-74.941405,-15.228894],[-74.94313,-15.226778],[-74.945888,-15.223451],[-74.946167,-15.223091],[-74.946289,-15.2229],[-74.948915,-15.217371],[-74.949389,-15.216597],[-74.952145,-15.212429],[-74.959967,-15.197832],[-74.960142,-15.197178],[-74.962509,-15.184273],[-74.962625,-15.183836],[-74.973993,-15.157149],[-74.984278,-15.133202],[-74.984565,-15.132586],[-74.984903,-15.131995],[-74.988444,-15.126711],[-74.988558,-15.126516],[-74.991639,-15.118478],[-74.99602,-15.109515],[-74.996564,-15.108519],[-75.007111,-15.090497],[-75.007318,-15.090094],[-75.007483,-15.089672],[-75.007609,-15.089238],[-75.007689,-15.088793],[-75.008972,-15.070977],[-75.008949,-15.070525],[-75.008924,-15.070301],[-75.008672,-15.068967],[-75.008008,-15.066102],[-75.007643,-15.064329],[-75.005166,-15.053059],[-75.005075,-15.052387],[-75.005068,-15.052161],[-75.005073,-15.051936],[-75.005144,-15.051261],[-75.007075,-15.036917],[-75.00733,-15.02652],[-75.007514,-15.021323],[-75.007534,-15.01974],[-75.007525,-15.019515],[-75.007455,-15.019068],[-75.007347,-15.018629],[-75.00703,-15.01778],[-75.001709,-15.004779],[-75.001473,-15.004142],[-74.995968,-14.987599],[-74.99587,-14.987395],[-74.99574,-14.987209],[-74.992569,-14.983939],[-74.992424,-14.983764],[-74.992322,-14.983562],[-74.992269,-14.983342],[-74.992195,-14.982441],[-74.992152,-14.98222],[-74.991979,-14.981802],[-74.99186,-14.981609],[-74.991715,-14.981434],[-74.991555,-14.981273],[-74.991172,-14.981026],[-74.98992,-14.980462],[-74.98951,-14.980259],[-74.98932,-14.980132],[-74.988975,-14.979835],[-74.988705,-14.979471],[-74.988607,-14.979267],[-74.988522,-14.979056],[-74.988465,-14.978838],[-74.988427,-14.978615],[-74.98842,-14.978389],[-74.98844,-14.978165],[-74.988921,-14.975723],[-74.988964,-14.975274],[-74.98895,-14.975049],[-74.988819,-14.974616],[-74.988573,-14.974235],[-74.987386,-14.97317],[-74.987223,-14.973012],[-74.987096,-14.972825],[-74.986933,-14.972403],[-74.985785,-14.968258],[-74.985692,-14.967587],[-74.985636,-14.961031],[-74.98574,-14.960362],[-74.986177,-14.958605],[-74.98632,-14.957712],[-74.986785,-14.954352],[-74.98689,-14.953453],[-74.987394,-14.947596],[-74.987437,-14.946919],[-74.987429,-14.946467],[-74.9872,-14.944901],[-74.987077,-14.944233],[-74.986959,-14.943337],[-74.986979,-14.942433],[-74.987078,-14.940627],[-74.987129,-14.937914],[-74.987223,-14.937242],[-74.98785,-14.933449],[-74.988316,-14.930775],[-74.988323,-14.930323],[-74.986091,-14.915794],[-74.986003,-14.915121],[-74.985768,-14.913784],[-74.985678,-14.912884],[-74.985175,-14.909073],[-74.984998,-14.907956],[-74.983982,-14.902163],[-74.983658,-14.900154],[-74.983645,-14.899928],[-74.983726,-14.899485],[-74.983829,-14.899284],[-74.983962,-14.899101],[-74.987086,-14.895788],[-74.987886,-14.894977],[-74.992765,-14.890515],[-74.993394,-14.889858],[-74.993518,-14.889668],[-74.994592,-14.886208],[-74.995164,-14.884019],[-74.995294,-14.883353],[-74.995251,-14.882904],[-74.995194,-14.882686],[-74.993273,-14.876882],[-74.993184,-14.876674],[-74.99264,-14.875679],[-74.991614,-14.873912],[-74.991476,-14.873732],[-74.991136,-14.873429],[-74.987796,-14.871032],[-74.987254,-14.870613],[-74.980903,-14.865405],[-74.980525,-14.865149],[-74.979129,-14.864365],[-74.97857,-14.863969],[-74.97595,-14.861432],[-74.975071,-14.860707],[-74.972693,-14.85893],[-74.972117,-14.85856],[-74.971914,-14.858454],[-74.968741,-14.857137],[-74.96834,-14.856917],[-74.967973,-14.856645],[-74.966978,-14.855708],[-74.966797,-14.855569],[-74.966206,-14.855224],[-74.961792,-14.853314],[-74.959279,-14.852201],[-74.957363,-14.851439],[-74.956288,-14.851044],[-74.95403,-14.849929],[-74.9536,-14.849775],[-74.952261,-14.849459],[-74.951838,-14.84929],[-74.951466,-14.849026],[-74.950759,-14.848449],[-74.947764,-14.846354],[-74.94371,-14.843387],[-74.943175,-14.84296],[-74.942749,-14.842429],[-74.942531,-14.842032],[-74.942376,-14.841607],[-74.942329,-14.841385],[-74.942261,-14.84094],[-74.942263,-14.840714],[-74.942374,-14.837777],[-74.942499,-14.835746],[-74.943358,-14.831304],[-74.943588,-14.829966],[-74.943551,-14.829746],[-74.943578,-14.829295],[-74.943565,-14.829069],[-74.943499,-14.828628],[-74.943396,-14.828451],[-74.943171,-14.82841],[-74.942943,-14.82842],[-74.942717,-14.82846],[-74.942545,-14.828423],[-74.942508,-14.828223],[-74.942549,-14.828445],[-74.942374,-14.828519],[-74.941694,-14.828625],[-74.941659,-14.828455],[-74.941744,-14.82779],[-74.943326,-14.828069],[-74.943549,-14.828122],[-74.943723,-14.828258],[-74.943937,-14.828231],[-74.94437,-14.828084],[-74.954276,-14.826134],[-74.9545,-14.826124],[-74.954726,-14.826086],[-74.955402,-14.825961],[-74.955624,-14.825902],[-74.956052,-14.825738],[-74.956452,-14.825518],[-74.95681,-14.825236],[-74.957495,-14.824633],[-74.958041,-14.824221],[-74.958242,-14.824112],[-74.958664,-14.823934],[-74.961977,-14.823008],[-74.963286,-14.822586],[-74.983969,-14.815085],[-74.984596,-14.814805],[-74.9852,-14.814478],[-74.985588,-14.814237],[-74.997656,-14.805591],[-74.999496,-14.804238],[-75.001924,-14.80253],[-75.006558,-14.799194],[-75.009539,-14.79708],[-75.012681,-14.7948],[-75.023632,-14.786948],[-75.024359,-14.786396],[-75.025187,-14.785614],[-75.029512,-14.78093],[-75.033045,-14.777065],[-75.034601,-14.775403],[-75.040599,-14.768856],[-75.063281,-14.744244],[-75.064533,-14.742921],[-75.075642,-14.731799],[-75.07743,-14.730042],[-75.091144,-14.71637],[-75.093755,-14.713825],[-75.098593,-14.708997],[-75.101305,-14.706233],[-75.103081,-14.704465],[-75.106282,-14.701222],[-75.117446,-14.690154],[-75.119358,-14.6882],[-75.120665,-14.686931],[-75.120844,-14.686789],[-75.121261,-14.686601],[-75.121713,-14.686535],[-75.122168,-14.68659],[-75.125398,-14.687763],[-75.126461,-14.68819],[-75.127972,-14.688727],[-75.128193,-14.688785],[-75.128421,-14.688801],[-75.128648,-14.688771],[-75.128867,-14.688713],[-75.129263,-14.688486],[-75.133044,-14.684539],[-75.133554,-14.684084],[-75.133922,-14.683814],[-75.136027,-14.682439],[-75.136777,-14.681918],[-75.137168,-14.681681],[-75.137732,-14.681292],[-75.138324,-14.680946],[-75.140452,-14.679606],[-75.142017,-14.678659],[-75.142443,-14.678495],[-75.14289,-14.678398],[-75.144265,-14.678321],[-75.146783,-14.678134],[-75.147242,-14.678125],[-75.147926,-14.678204],[-75.148586,-14.678391],[-75.148816,-14.678399],[-75.149725,-14.67828],[-75.150183,-14.678292],[-75.150861,-14.678173],[-75.151302,-14.678049],[-75.151723,-14.67787],[-75.152117,-14.67764],[-75.152539,-14.677467],[-75.154576,-14.677133],[-75.154765,-14.677014],[-75.15489,-14.676826],[-75.155823,-14.674761],[-75.15606,-14.674375],[-75.156981,-14.673366],[-75.157905,-14.672072],[-75.158207,-14.671732],[-75.158533,-14.671413],[-75.159236,-14.670832],[-75.167371,-14.66385],[-75.167679,-14.663517],[-75.167793,-14.66332],[-75.167857,-14.663105],[-75.168869,-14.658926],[-75.168946,-14.658715],[-75.169064,-14.658522],[-75.169206,-14.658344],[-75.16955,-14.658048],[-75.172831,-14.655966],[-75.17301,-14.655826],[-75.173342,-14.655514],[-75.175964,-14.652667],[-75.176105,-14.652489],[-75.176219,-14.652293],[-75.176286,-14.652079],[-75.176803,-14.649876],[-75.176873,-14.649662],[-75.177191,-14.649061],[-75.178131,-14.647778],[-75.178433,-14.647439],[-75.178784,-14.647148],[-75.179704,-14.646472],[-75.180043,-14.646169],[-75.181462,-14.644392],[-75.18173,-14.644025],[-75.181972,-14.643641],[-75.183242,-14.640733],[-75.18358,-14.640143],[-75.184246,-14.639223],[-75.184493,-14.638842],[-75.184692,-14.638434],[-75.184863,-14.638015],[-75.185525,-14.636087],[-75.193676,-14.613265],[-75.193926,-14.612395],[-75.194258,-14.611079],[-75.19955,-14.589078],[-75.199678,-14.588645],[-75.199891,-14.588245],[-75.20018,-14.587895],[-75.207492,-14.580707],[-75.207627,-14.580524],[-75.207821,-14.580114],[-75.207948,-14.579449],[-75.208187,-14.576746],[-75.20857,-14.572921],[-75.208758,-14.570668],[-75.208987,-14.568418],[-75.209069,-14.567291],[-75.209047,-14.56684],[-75.209001,-14.566619],[-75.208589,-14.565325],[-75.208187,-14.564513],[-75.20807,-14.564319],[-75.207691,-14.563752],[-75.20506,-14.560913],[-75.201924,-14.557611],[-75.201227,-14.557023],[-75.192617,-14.550617],[-75.182324,-14.541945],[-75.182014,-14.541615],[-75.181905,-14.541416],[-75.181846,-14.5412],[-75.181865,-14.540977],[-75.181932,-14.540762],[-75.182047,-14.540567],[-75.182191,-14.540392],[-75.189918,-14.53234],[-75.193737,-14.528429],[-75.193948,-14.528346],[-75.194171,-14.528372],[-75.194932,-14.528874],[-75.195145,-14.528954],[-75.195822,-14.529072],[-75.196038,-14.529146],[-75.196657,-14.52944],[-75.201808,-14.530583],[-75.202035,-14.53059],[-75.202222,-14.530469],[-75.202284,-14.530259],[-75.202262,-14.530034],[-75.202212,-14.529814],[-75.202109,-14.529613],[-75.201517,-14.528923],[-75.201387,-14.528738],[-75.201285,-14.528536],[-75.20123,-14.528317],[-75.201268,-14.528098],[-75.201421,-14.527946],[-75.201644,-14.527907],[-75.201867,-14.527943],[-75.202044,-14.528071],[-75.202205,-14.528493],[-75.20238,-14.528619],[-75.202605,-14.528599],[-75.202781,-14.528457],[-75.20309,-14.528123],[-75.20329,-14.528026],[-75.203512,-14.528061],[-75.20371,-14.528176],[-75.204166,-14.528193],[-75.204381,-14.528261],[-75.204753,-14.528526],[-75.204965,-14.528593],[-75.205195,-14.528593],[-75.205422,-14.528624],[-75.206071,-14.528846],[-75.206296,-14.528851],[-75.206358,-14.528663],[-75.206243,-14.528475],[-75.205411,-14.527697],[-75.204732,-14.526786],[-75.204512,-14.526391],[-75.204316,-14.525741],[-75.204185,-14.525556],[-75.203883,-14.525215],[-75.203382,-14.52475],[-75.20324,-14.524573],[-75.203029,-14.52393],[-75.202934,-14.523726],[-75.202637,-14.523381],[-75.202543,-14.523176],[-75.202492,-14.522955],[-75.202323,-14.521837],[-75.202269,-14.521618],[-75.201928,-14.521034],[-75.201903,-14.520816],[-75.202017,-14.520628],[-75.20222,-14.520535],[-75.202446,-14.520551],[-75.20378,-14.52089],[-75.204007,-14.520923],[-75.204463,-14.520895],[-75.204908,-14.520785],[-75.210194,-14.519251],[-75.21261,-14.518526],[-75.212831,-14.518488],[-75.214397,-14.518841],[-75.214838,-14.518967],[-75.215065,-14.519001],[-75.215523,-14.518989],[-75.217806,-14.518758],[-75.218036,-14.51877],[-75.218713,-14.518893],[-75.220987,-14.519203],[-75.221215,-14.519215],[-75.22142,-14.519134],[-75.221487,-14.518924],[-75.22145,-14.518473],[-75.221461,-14.518254],[-75.221631,-14.518113],[-75.221838,-14.518015],[-75.222019,-14.517884],[-75.223,-14.516357],[-75.223141,-14.516179],[-75.223309,-14.516027],[-75.223511,-14.515923],[-75.223728,-14.51585],[-75.223953,-14.515807],[-75.224179,-14.515818],[-75.224397,-14.515885],[-75.22459,-14.516005],[-75.22476,-14.516157],[-75.225223,-14.516658],[-75.225429,-14.516754],[-75.225652,-14.516808],[-75.226109,-14.516842],[-75.226332,-14.5168],[-75.226739,-14.516595],[-75.230017,-14.514507],[-75.230219,-14.514401],[-75.230646,-14.514237],[-75.232234,-14.513992],[-75.232387,-14.513858],[-75.232301,-14.513684],[-75.232078,-14.513637],[-75.230474,-14.513735],[-75.230254,-14.513715],[-75.230335,-14.513565],[-75.230792,-14.513516],[-75.231244,-14.513435],[-75.231459,-14.513359],[-75.231663,-14.513257],[-75.231877,-14.513191],[-75.233467,-14.513388],[-75.233639,-14.513521],[-75.233747,-14.513713],[-75.233967,-14.513771],[-75.234421,-14.513837],[-75.234863,-14.513959],[-75.23509,-14.513962],[-75.23531,-14.513897],[-75.235732,-14.51372],[-75.236354,-14.513431],[-75.237885,-14.512951],[-75.238949,-14.512529],[-75.246914,-14.50962],[-75.249295,-14.50879],[-75.251662,-14.507922],[-75.252292,-14.50765],[-75.252695,-14.507433],[-75.253251,-14.507032],[-75.25548,-14.505078],[-75.255609,-14.504925],[-75.254853,-14.504075],[-75.254684,-14.503923],[-75.254578,-14.503254],[-75.254673,-14.503197],[-75.255084,-14.503398],[-75.255301,-14.503471],[-75.255746,-14.503581],[-75.255974,-14.5036],[-75.256433,-14.503598],[-75.256657,-14.503557],[-75.257096,-14.503427],[-75.257309,-14.503342],[-75.257517,-14.503246],[-75.257888,-14.50298],[-75.25842,-14.502549],[-75.260672,-14.50062],[-75.261228,-14.50022],[-75.261628,-14.499999],[-75.262043,-14.499806],[-75.273681,-14.494981],[-75.274768,-14.494622],[-75.275219,-14.494538],[-75.275675,-14.494489],[-75.276592,-14.494536],[-75.285029,-14.495507],[-75.285943,-14.495597],[-75.286631,-14.495633],[-75.291221,-14.495509],[-75.292369,-14.495497],[-75.292598,-14.495485],[-75.293051,-14.495416],[-75.293491,-14.495287],[-75.293903,-14.495088],[-75.29988,-14.491717],[-75.300291,-14.491516],[-75.300724,-14.491368],[-75.309126,-14.489052],[-75.338247,-14.481643],[-75.410216,-14.463111],[-75.467729,-14.448232],[-75.470309,-14.447281],[-75.477596,-14.443946],[-75.483653,-14.441222],[-75.560822,-14.406247],[-75.587537,-14.393654],[-75.587965,-14.393492],[-75.59081,-14.392604],[-75.591259,-14.392512],[-75.591717,-14.392506],[-75.591945,-14.39253],[-75.592391,-14.392633],[-75.592815,-14.392806],[-75.594385,-14.393742],[-75.594802,-14.393931],[-75.59523,-14.394094],[-75.595454,-14.394145],[-75.596141,-14.394163],[-75.596368,-14.394131],[-75.597032,-14.393957],[-75.597433,-14.393739],[-75.597796,-14.393461],[-75.598601,-14.392655],[-75.601389,-14.389966],[-75.602571,-14.388894],[-75.603137,-14.388509],[-75.603785,-14.388283],[-75.604232,-14.388182],[-75.607388,-14.38758],[-75.608275,-14.387344],[-75.60871,-14.3872],[-75.609769,-14.386766],[-75.611847,-14.385804],[-75.613082,-14.385203],[-75.613654,-14.384827],[-75.614,-14.384529],[-75.614307,-14.384194],[-75.614742,-14.383668],[-75.621962,-14.37459],[-75.628659,-14.366258],[-75.629074,-14.365717],[-75.629516,-14.365197],[-75.631164,-14.363622],[-75.654751,-14.341458],[-75.655732,-14.340506],[-75.664197,-14.33254],[-75.665449,-14.331215],[-75.667423,-14.329011],[-75.668619,-14.327639],[-75.669191,-14.326931],[-75.669829,-14.325991],[-75.670182,-14.325409],[-75.670613,-14.324611],[-75.670992,-14.323787],[-75.672967,-14.319209],[-75.673534,-14.317973],[-75.675883,-14.313064],[-75.677234,-14.310443],[-75.677416,-14.310028],[-75.677489,-14.309815],[-75.6776,-14.309145],[-75.677747,-14.30757],[-75.677869,-14.305539],[-75.677842,-14.303052],[-75.677912,-14.301924],[-75.677967,-14.301475],[-75.678348,-14.299245],[-75.678818,-14.296114],[-75.67894,-14.294763],[-75.679011,-14.293182],[-75.67901,-14.29273],[-75.678993,-14.292504],[-75.678783,-14.291393],[-75.678759,-14.291169],[-75.678749,-14.290718],[-75.678792,-14.290496],[-75.678853,-14.290278],[-75.679048,-14.289869],[-75.680806,-14.286692],[-75.681048,-14.286058],[-75.68174,-14.282967],[-75.682381,-14.279867],[-75.68344,-14.275933],[-75.683738,-14.27392],[-75.683894,-14.272572],[-75.683913,-14.272347],[-75.683904,-14.271669],[-75.683946,-14.270993],[-75.684007,-14.270775],[-75.684193,-14.270361],[-75.684862,-14.269176],[-75.684957,-14.268971],[-75.685048,-14.268529],[-75.685319,-14.265602],[-75.685437,-14.264934],[-75.685615,-14.264279],[-75.686684,-14.260818],[-75.68745,-14.258448],[-75.688277,-14.255624],[-75.689348,-14.250532],[-75.689543,-14.249883],[-75.6898,-14.249253],[-75.690668,-14.247407],[-75.691664,-14.245121],[-75.69173,-14.244906],[-75.692215,-14.242696],[-75.692539,-14.241612],[-75.692948,-14.240556],[-75.694153,-14.237621],[-75.694428,-14.237],[-75.694687,-14.236626],[-75.694834,-14.236453],[-75.69574,-14.235431],[-75.696982,-14.234099],[-75.699099,-14.232026],[-75.701566,-14.229661],[-75.701722,-14.229495],[-75.701856,-14.229312],[-75.70312,-14.227159],[-75.703784,-14.225971],[-75.706059,-14.221278],[-75.70647,-14.220223],[-75.706576,-14.220023],[-75.706814,-14.219636],[-75.708467,-14.21719],[-75.708706,-14.216803],[-75.709674,-14.214507],[-75.70989,-14.214109],[-75.71015,-14.213736],[-75.712273,-14.211066],[-75.712664,-14.210508],[-75.713006,-14.20992],[-75.713293,-14.209303],[-75.713511,-14.208661],[-75.714697,-14.203826],[-75.715457,-14.200519],[-75.715496,-14.199842],[-75.715389,-14.198263],[-75.715271,-14.197139],[-75.715213,-14.196921],[-75.714657,-14.19568],[-75.714504,-14.195253],[-75.713908,-14.19307],[-75.71383,-14.192626],[-75.713892,-14.192179],[-75.714347,-14.190661],[-75.714416,-14.190215],[-75.714414,-14.189537],[-75.71429,-14.187053],[-75.714311,-14.186602],[-75.714491,-14.184802],[-75.714563,-14.184355],[-75.715461,-14.180383],[-75.715525,-14.179708],[-75.715532,-14.178804],[-75.715563,-14.178353],[-75.7156,-14.178131],[-75.715884,-14.177271],[-75.716002,-14.176835],[-75.716038,-14.176613],[-75.716026,-14.175935],[-75.715822,-14.175054],[-75.715455,-14.173983],[-75.714745,-14.172563],[-75.714307,-14.171768],[-75.714116,-14.171357],[-75.713706,-14.170301],[-75.713516,-14.16965],[-75.713348,-14.16923],[-75.713239,-14.169031],[-75.712985,-14.168655],[-75.71265,-14.168347],[-75.712104,-14.167933],[-75.711939,-14.167779],[-75.711799,-14.1676],[-75.711699,-14.167398],[-75.711633,-14.167182],[-75.711586,-14.166961],[-75.711568,-14.166736],[-75.711624,-14.166061],[-75.71205,-14.16407],[-75.712377,-14.162752],[-75.712516,-14.162088],[-75.713883,-14.154061],[-75.714308,-14.152301],[-75.714524,-14.151191],[-75.715026,-14.148294],[-75.716342,-14.14256],[-75.71718,-14.139504],[-75.717328,-14.138612],[-75.717569,-14.136136],[-75.717565,-14.135684],[-75.717496,-14.13501],[-75.716425,-14.128309],[-75.716304,-14.127413],[-75.716251,-14.126737],[-75.71629,-14.125607],[-75.718096,-14.108971],[-75.718233,-14.107395],[-75.718191,-14.106719],[-75.718063,-14.106052],[-75.717023,-14.102114],[-75.716707,-14.100794],[-75.716576,-14.099899],[-75.71652,-14.098996],[-75.716561,-14.098093],[-75.716655,-14.097421],[-75.717817,-14.091195],[-75.717972,-14.090771],[-75.718108,-14.090591],[-75.718281,-14.090442],[-75.718477,-14.090326],[-75.718692,-14.090255],[-75.718919,-14.090219],[-75.719604,-14.090153],[-75.720053,-14.090057],[-75.720271,-14.089988],[-75.722779,-14.088867],[-75.724043,-14.088328],[-75.727433,-14.086934],[-75.728924,-14.086343],[-75.729338,-14.086148],[-75.72972,-14.085898],[-75.730805,-14.085062],[-75.735062,-14.081617],[-75.735959,-14.080912],[-75.73683,-14.080175],[-75.737321,-14.0797],[-75.737598,-14.07934],[-75.737845,-14.07896],[-75.738041,-14.078551],[-75.738196,-14.078126],[-75.73834,-14.077463],[-75.738378,-14.077013],[-75.738373,-14.075204],[-75.738405,-14.0743],[-75.738405,-14.07317],[-75.738391,-14.072945],[-75.738327,-14.072729],[-75.738138,-14.072318],[-75.738122,-14.072096],[-75.738162,-14.071876],[-75.73828,-14.071682],[-75.73858,-14.071343],[-75.738685,-14.071144],[-75.739015,-14.069827],[-75.73974,-14.06721],[-75.739823,-14.066765],[-75.739812,-14.066543],[-75.739872,-14.066325],[-75.740008,-14.066156],[-75.740086,-14.065944],[-75.741908,-14.059637],[-75.742214,-14.058785],[-75.742402,-14.058372],[-75.744039,-14.055388],[-75.746532,-14.051592],[-75.748699,-14.04761],[-75.74882,-14.047419],[-75.749002,-14.047284],[-75.749136,-14.047106],[-75.749361,-14.046712],[-75.751709,-14.042308],[-75.752011,-14.041699],[-75.760028,-14.026692],[-75.760414,-14.025871],[-75.761381,-14.022853],[-75.76223,-14.020035],[-75.762715,-14.018526],[-75.768248,-14.000569],[-75.771927,-13.988437],[-75.772745,-13.98561],[-75.774484,-13.979987],[-75.774842,-13.979154],[-75.777953,-13.97285],[-75.779275,-13.970215],[-75.783289,-13.962081],[-75.783723,-13.961284],[-75.784192,-13.960507],[-75.784993,-13.959403],[-75.785438,-13.958886],[-75.786388,-13.957904],[-75.787246,-13.957152],[-75.78835,-13.956341],[-75.809322,-13.943314],[-75.814361,-13.940161],[-75.816508,-13.938852],[-75.816921,-13.938655],[-75.817777,-13.938327],[-75.818659,-13.938075],[-75.819336,-13.937957],[-75.819563,-13.937925],[-75.822998,-13.937678],[-75.82781,-13.937379],[-75.859652,-13.935264],[-75.871794,-13.934486],[-75.903176,-13.93238],[-75.90362,-13.932299],[-75.904992,-13.932178],[-75.906139,-13.932131],[-75.906595,-13.93215],[-75.922172,-13.931111],[-75.923319,-13.931061],[-75.92996,-13.93059],[-75.932253,-13.93048],[-75.953138,-13.929904],[-75.963236,-13.929595],[-75.967597,-13.929506],[-75.968285,-13.92947],[-75.968967,-13.929381],[-75.970313,-13.92909],[-76.00185,-13.92095],[-76.003174,-13.920575],[-76.003607,-13.920424],[-76.004029,-13.920248],[-76.004239,-13.920156],[-76.005426,-13.919468],[-76.005802,-13.919209],[-76.006339,-13.918784],[-76.012805,-13.912363],[-76.013787,-13.911412],[-76.014302,-13.910961],[-76.014669,-13.91069],[-76.015455,-13.910222],[-76.016078,-13.909934],[-76.016507,-13.909773],[-76.016947,-13.909646],[-76.034402,-13.905704],[-76.035977,-13.905391],[-76.036435,-13.905355],[-76.040107,-13.905257],[-76.049289,-13.905066],[-76.060536,-13.904794],[-76.061452,-13.904742],[-76.06236,-13.904605],[-76.06303,-13.904451],[-76.063469,-13.904317],[-76.064322,-13.903983],[-76.100563,-13.888534],[-76.102469,-13.887748],[-76.120154,-13.880173],[-76.120766,-13.879862],[-76.121547,-13.879387],[-76.121918,-13.87912],[-76.122273,-13.878834],[-76.122781,-13.878376],[-76.123406,-13.877713],[-76.123548,-13.877536],[-76.123822,-13.877173],[-76.124311,-13.876408],[-76.124641,-13.875812],[-76.124824,-13.875398],[-76.125529,-13.873485],[-76.135196,-13.846156],[-76.137426,-13.839739],[-76.137904,-13.838466],[-76.143371,-13.822864],[-76.14369,-13.822016],[-76.143886,-13.821607],[-76.144445,-13.82062],[-76.144926,-13.81985],[-76.145146,-13.819453],[-76.168624,-13.780067],[-76.168955,-13.779472],[-76.169133,-13.779055],[-76.169438,-13.778203],[-76.169545,-13.777763],[-76.169664,-13.776866],[-76.169683,-13.776414],[-76.169664,-13.775737],[-76.169574,-13.775064],[-76.169198,-13.773526],[-76.167067,-13.765428],[-76.166412,-13.762793],[-76.166191,-13.761226],[-76.166099,-13.760099],[-76.166097,-13.759874],[-76.166195,-13.758521],[-76.166302,-13.757623],[-76.166433,-13.756957],[-76.167041,-13.754311],[-76.167172,-13.753416],[-76.167269,-13.75229],[-76.16728,-13.751386],[-76.167143,-13.749582],[-76.167098,-13.749361],[-76.16679,-13.748039],[-76.165793,-13.744793],[-76.16565,-13.74413],[-76.165499,-13.742327],[-76.165489,-13.741423],[-76.16554,-13.740294],[-76.165735,-13.738951],[-76.166086,-13.737407],[-76.166466,-13.735407],[-76.166684,-13.733839],[-76.166882,-13.731587],[-76.166852,-13.729326],[-76.166737,-13.727975],[-76.166568,-13.726628],[-76.166197,-13.724857],[-76.165237,-13.721132],[-76.165083,-13.72024],[-76.165001,-13.719567],[-76.164952,-13.718664],[-76.165004,-13.715725],[-76.165047,-13.715048],[-76.165145,-13.712111],[-76.165217,-13.708946],[-76.165189,-13.707816],[-76.165233,-13.706913],[-76.165358,-13.701488],[-76.165289,-13.700587],[-76.165124,-13.699468],[-76.164809,-13.698148],[-76.16399,-13.695558],[-76.163884,-13.695118],[-76.16362,-13.693557],[-76.163535,-13.691751],[-76.163493,-13.68542],[-76.163449,-13.684064],[-76.163428,-13.681351],[-76.163492,-13.679996],[-76.163582,-13.679096],[-76.163696,-13.678428],[-76.164058,-13.677119],[-76.164279,-13.676476],[-76.164705,-13.675427],[-76.16549,-13.674047],[-76.167085,-13.671835],[-76.168245,-13.670151],[-76.169727,-13.668138],[-76.171923,-13.66496],[-76.172657,-13.663552],[-76.17293,-13.66293],[-76.173156,-13.662289],[-76.173423,-13.661424],[-76.173586,-13.660765],[-76.17378,-13.659651],[-76.173815,-13.6592],[-76.173834,-13.65807],[-76.173558,-13.650614],[-76.173401,-13.647453],[-76.173369,-13.646096],[-76.173308,-13.644968],[-76.173106,-13.639093],[-76.17304,-13.638191],[-76.172823,-13.632769],[-76.172652,-13.629382],[-76.172592,-13.627574],[-76.172478,-13.626222],[-76.172356,-13.625326],[-76.172154,-13.624213],[-76.171888,-13.623113],[-76.171639,-13.622243],[-76.167766,-13.610645],[-76.167287,-13.609134],[-76.166942,-13.607821],[-76.166605,-13.605813],[-76.166482,-13.60469],[-76.166436,-13.603786],[-76.166351,-13.602886],[-76.166328,-13.602209],[-76.165777,-13.593861],[-76.165768,-13.593183],[-76.165808,-13.591827],[-76.165906,-13.590701],[-76.166054,-13.589808],[-76.166349,-13.588483],[-76.166688,-13.587403],[-76.167099,-13.586348],[-76.167784,-13.584916],[-76.168232,-13.584127],[-76.171101,-13.579761],[-76.172006,-13.578453],[-76.17389,-13.575614],[-76.175623,-13.572949],[-76.176186,-13.571964],[-76.178756,-13.566909],[-76.179144,-13.56609],[-76.179745,-13.564382],[-76.179977,-13.563507],[-76.18016,-13.562621],[-76.180311,-13.5615],[-76.180388,-13.560372],[-76.180432,-13.559017],[-76.180685,-13.553822],[-76.180795,-13.552471],[-76.181315,-13.549576],[-76.182723,-13.542245],[-76.182866,-13.540897],[-76.182912,-13.539768],[-76.182933,-13.531402],[-76.182923,-13.524845],[-76.182956,-13.522133],[-76.183042,-13.521232],[-76.183287,-13.51944],[-76.183399,-13.51877],[-76.18512,-13.50668],[-76.185229,-13.505554],[-76.185261,-13.504424],[-76.184925,-13.495387],[-76.184798,-13.492903],[-76.184752,-13.491095],[-76.18424,-13.478217],[-76.184098,-13.476869],[-76.183831,-13.475538],[-76.183448,-13.474235],[-76.182906,-13.472745],[-76.179618,-13.464059],[-76.179396,-13.463417],[-76.179096,-13.462326],[-76.178896,-13.461213],[-76.178778,-13.459862],[-76.178767,-13.459184],[-76.178862,-13.457604],[-76.179023,-13.455802],[-76.179106,-13.455129],[-76.179153,-13.454453],[-76.179299,-13.453331],[-76.179855,-13.447252],[-76.179956,-13.445899],[-76.18024,-13.442973],[-76.180325,-13.441845],[-76.180677,-13.438472],[-76.180907,-13.437134],[-76.181185,-13.436038],[-76.18186,-13.433877],[-76.182241,-13.432811],[-76.182511,-13.431947],[-76.183389,-13.429375],[-76.184081,-13.427219],[-76.184606,-13.425723],[-76.184806,-13.425074],[-76.185115,-13.424223],[-76.185643,-13.423219],[-76.186372,-13.422069],[-76.188916,-13.418304],[-76.190029,-13.41659],[-76.190143,-13.416394],[-76.190504,-13.415563],[-76.190787,-13.414703],[-76.190902,-13.414265],[-76.192347,-13.407172],[-76.192654,-13.405849],[-76.192842,-13.405197],[-76.193532,-13.403768],[-76.193809,-13.403147],[-76.194019,-13.402745],[-76.197264,-13.396003],[-76.202039,-13.386981],[-76.21089,-13.370362],[-76.216542,-13.361046],[-76.217509,-13.359508],[-76.226727,-13.345724],[-76.22753,-13.344621],[-76.231629,-13.33917],[-76.242321,-13.325024],[-76.242563,-13.324639],[-76.242985,-13.323836],[-76.243151,-13.323416],[-76.243676,-13.32241],[-76.246743,-13.316086],[-76.247768,-13.314063],[-76.248969,-13.311621],[-76.249352,-13.310799],[-76.249668,-13.310196],[-76.250245,-13.30922],[-76.250625,-13.308654],[-76.251058,-13.308127],[-76.251886,-13.307043],[-76.254036,-13.304393],[-76.254412,-13.303826],[-76.255128,-13.302942],[-76.255512,-13.30238],[-76.25717,-13.299407],[-76.257515,-13.298569],[-76.257807,-13.297712],[-76.258058,-13.29708],[-76.25854,-13.296055],[-76.258971,-13.295256],[-76.259715,-13.294115],[-76.260135,-13.293577],[-76.260608,-13.293084],[-76.261052,-13.292566],[-76.261539,-13.292086],[-76.261829,-13.291736],[-76.262337,-13.29128],[-76.262641,-13.290942],[-76.264242,-13.289321],[-76.264838,-13.288634],[-76.265339,-13.288169],[-76.268047,-13.285401],[-76.268657,-13.284725],[-76.268994,-13.284418],[-76.269308,-13.284088],[-76.269732,-13.283554],[-76.27013,-13.283001],[-76.271077,-13.281451],[-76.271875,-13.280077],[-76.27253,-13.278884],[-76.272895,-13.278309],[-76.273573,-13.277128],[-76.273783,-13.276726],[-76.274809,-13.27496],[-76.2758,-13.273174],[-76.276206,-13.272363],[-76.276978,-13.270722],[-76.27734,-13.269891],[-76.277849,-13.26863],[-76.278677,-13.266281],[-76.284692,-13.247287],[-76.285154,-13.245771],[-76.285719,-13.24405],[-76.285814,-13.243844],[-76.286301,-13.24282],[-76.286784,-13.242052],[-76.289516,-13.23814],[-76.290128,-13.237184],[-76.291044,-13.235884],[-76.292122,-13.23442],[-76.292495,-13.233849],[-76.294078,-13.231629],[-76.29563,-13.229387],[-76.296485,-13.228324],[-76.297114,-13.227665],[-76.298222,-13.22686],[-76.299028,-13.226428],[-76.299654,-13.226146],[-76.300305,-13.225926],[-76.301636,-13.225576],[-76.302545,-13.225447],[-76.303691,-13.225407],[-76.305985,-13.225504],[-76.30851,-13.225558],[-76.309427,-13.225598],[-76.311034,-13.22563],[-76.311952,-13.225605],[-76.312868,-13.225535],[-76.313776,-13.225404],[-76.315133,-13.225169],[-76.315794,-13.224985],[-76.316468,-13.224841],[-76.316907,-13.224712],[-76.317338,-13.224557],[-76.319439,-13.223644],[-76.320651,-13.223],[-76.321432,-13.222524],[-76.322923,-13.221468],[-76.3238,-13.220739],[-76.324304,-13.220277],[-76.32495,-13.219633],[-76.325654,-13.219055],[-76.325799,-13.21888],[-76.326304,-13.218125],[-76.338199,-13.204049],[-76.338664,-13.203549],[-76.352015,-13.189843],[-76.352476,-13.18934],[-76.352908,-13.188811],[-76.353577,-13.187893],[-76.354407,-13.186538],[-76.35482,-13.18573],[-76.355189,-13.184902],[-76.355429,-13.184266],[-76.355824,-13.182967],[-76.355979,-13.182306],[-76.356224,-13.180972],[-76.356295,-13.180297],[-76.356354,-13.179395],[-76.356347,-13.17849],[-76.356177,-13.175783],[-76.356194,-13.174879],[-76.356266,-13.174204],[-76.356439,-13.173316],[-76.356708,-13.172451],[-76.356873,-13.17203],[-76.357162,-13.171414],[-76.357485,-13.170815],[-76.357863,-13.170249],[-76.358143,-13.16989],[-76.358906,-13.169046],[-76.359757,-13.168288],[-76.366512,-13.162851],[-76.368307,-13.161441],[-76.36905,-13.16091],[-76.377206,-13.155431],[-76.377922,-13.154865],[-76.378428,-13.154405],[-76.379173,-13.153545],[-76.382306,-13.14936],[-76.38256,-13.148983],[-76.382896,-13.148391],[-76.383277,-13.147569],[-76.383575,-13.146714],[-76.384069,-13.144738],[-76.384287,-13.144095],[-76.384541,-13.143465],[-76.385358,-13.141845],[-76.395333,-13.12249],[-76.395993,-13.121299],[-76.396375,-13.120735],[-76.396653,-13.120375],[-76.397258,-13.119695],[-76.397756,-13.119227],[-76.398288,-13.118796],[-76.399242,-13.118169],[-76.399646,-13.117954],[-76.408981,-13.113595],[-76.410391,-13.112836],[-76.411352,-13.112218],[-76.412091,-13.11168],[-76.412983,-13.110969],[-76.413814,-13.110189],[-76.414444,-13.109532],[-76.415961,-13.107835],[-76.431216,-13.090337],[-76.439261,-13.081051],[-76.44168,-13.078328],[-76.442115,-13.077803],[-76.443362,-13.076181],[-76.444332,-13.074645],[-76.448619,-13.067423],[-76.449134,-13.066675],[-76.449672,-13.065942],[-76.450247,-13.065239],[-76.45152,-13.063934],[-76.451856,-13.063626],[-76.459941,-13.056936],[-76.460807,-13.056194],[-76.461654,-13.05543],[-76.462779,-13.054304],[-76.463383,-13.053624],[-76.464256,-13.052574],[-76.467317,-13.048618],[-76.469103,-13.046263],[-76.469634,-13.045524],[-76.470378,-13.044383],[-76.470909,-13.043381],[-76.471437,-13.042128],[-76.471652,-13.041484],[-76.471835,-13.04083],[-76.472012,-13.039943],[-76.472172,-13.038824],[-76.472188,-13.038599],[-76.472258,-13.036339],[-76.472279,-13.033626],[-76.472365,-13.032272],[-76.472475,-13.031374],[-76.472583,-13.030704],[-76.47281,-13.029596],[-76.473123,-13.028509],[-76.473408,-13.027649],[-76.473994,-13.026176],[-76.476635,-13.019911],[-76.477804,-13.017207],[-76.479888,-13.012184],[-76.481128,-13.009263],[-76.481775,-13.007814],[-76.483058,-13.004667],[-76.485515,-12.998817],[-76.488982,-12.990688],[-76.489561,-12.989211],[-76.492644,-12.981903],[-76.493825,-12.979204],[-76.494489,-12.977518],[-76.497924,-12.969375],[-76.498234,-12.968524],[-76.498469,-12.96765],[-76.498598,-12.966984],[-76.501469,-12.949805],[-76.50153,-12.94913],[-76.501495,-12.948228],[-76.50135,-12.947565],[-76.501212,-12.947134],[-76.500912,-12.946524],[-76.500795,-12.94633],[-76.50039,-12.945781],[-76.500063,-12.945465],[-76.499698,-12.945191],[-76.498544,-12.94445],[-76.497814,-12.943901],[-76.497164,-12.943263],[-76.496777,-12.942704],[-76.496553,-12.942309],[-76.49637,-12.941895],[-76.496127,-12.941023],[-76.496075,-12.940575],[-76.496067,-12.940123],[-76.49611,-12.939446],[-76.49621,-12.939006],[-76.496414,-12.938359],[-76.497692,-12.935703],[-76.498105,-12.934648],[-76.498646,-12.93292],[-76.498917,-12.93159],[-76.49909,-12.930245],[-76.499163,-12.929117],[-76.499176,-12.927534],[-76.499235,-12.926859],[-76.499405,-12.925741],[-76.499617,-12.924862],[-76.501054,-12.920329],[-76.501635,-12.918376],[-76.501721,-12.917933],[-76.501836,-12.917035],[-76.501864,-12.916358],[-76.50184,-12.91568],[-76.501661,-12.914108],[-76.501226,-12.910743],[-76.501174,-12.909841],[-76.501187,-12.909163],[-76.501247,-12.908487],[-76.501421,-12.907599],[-76.501532,-12.907161],[-76.501933,-12.906101],[-76.504482,-12.900044],[-76.509454,-12.888368],[-76.509985,-12.886875],[-76.51018,-12.886224],[-76.510333,-12.885563],[-76.510607,-12.884004],[-76.510745,-12.882427],[-76.511104,-12.870902],[-76.511075,-12.869546],[-76.510646,-12.862777],[-76.510653,-12.862099],[-76.510693,-12.861648],[-76.510916,-12.860081],[-76.511134,-12.858971],[-76.512368,-12.854148],[-76.512705,-12.853067],[-76.513376,-12.851384],[-76.513677,-12.850774],[-76.514458,-12.849391],[-76.514957,-12.848632],[-76.515497,-12.847901],[-76.516074,-12.847197],[-76.518695,-12.84435],[-76.51914,-12.843832],[-76.519843,-12.842938],[-76.520753,-12.841633],[-76.521108,-12.841052],[-76.521546,-12.840257],[-76.522151,-12.839039],[-76.523122,-12.836743],[-76.523504,-12.835921],[-76.524522,-12.83415],[-76.524772,-12.833771],[-76.525316,-12.833042],[-76.526185,-12.83199],[-76.528115,-12.829747],[-76.538586,-12.817742],[-76.539461,-12.816694],[-76.539729,-12.816327],[-76.540199,-12.81555],[-76.5403,-12.815348],[-76.540583,-12.814729],[-76.540813,-12.814091],[-76.540985,-12.813434],[-76.541159,-12.812546],[-76.541517,-12.810084],[-76.541605,-12.809641],[-76.541743,-12.80921],[-76.541914,-12.808791],[-76.542248,-12.808198],[-76.54267,-12.807663],[-76.542825,-12.807497],[-76.543668,-12.806729],[-76.558158,-12.794197],[-76.559071,-12.793511],[-76.559448,-12.793253],[-76.560611,-12.792526],[-76.563818,-12.790763],[-76.581908,-12.780929],[-76.582502,-12.780585],[-76.583274,-12.780096],[-76.583837,-12.779704],[-76.584563,-12.779151],[-76.585253,-12.778555],[-76.585921,-12.777934],[-76.586851,-12.776933],[-76.593579,-12.768916],[-76.598436,-12.76319],[-76.59914,-12.762297],[-76.60266,-12.758122],[-76.604282,-12.755929],[-76.604665,-12.755366],[-76.610093,-12.747792],[-76.610711,-12.74684],[-76.611246,-12.745839],[-76.611633,-12.74502],[-76.611985,-12.744184],[-76.612364,-12.743117],[-76.612793,-12.741592],[-76.6136,-12.738295],[-76.61438,-12.735224],[-76.615937,-12.728849],[-76.616286,-12.727537],[-76.61649,-12.726889],[-76.616878,-12.725825],[-76.617642,-12.724181],[-76.617957,-12.723577],[-76.618546,-12.722607],[-76.619208,-12.721684],[-76.619762,-12.720963],[-76.621004,-12.719631],[-76.622371,-12.718423],[-76.623249,-12.717694],[-76.625565,-12.71584],[-76.627143,-12.714527],[-76.63353,-12.709361],[-76.634376,-12.708597],[-76.635317,-12.707606],[-76.636052,-12.706737],[-76.636712,-12.705813],[-76.63819,-12.703523],[-76.63982,-12.701061],[-76.64092,-12.699338],[-76.645509,-12.692298],[-76.646608,-12.690575],[-76.647243,-12.689372],[-76.647617,-12.688546],[-76.64803,-12.687491],[-76.648384,-12.686416],[-76.648609,-12.68554],[-76.649876,-12.679333],[-76.649985,-12.678664],[-76.650415,-12.676673],[-76.650538,-12.676006],[-76.650704,-12.675348],[-76.651087,-12.674283],[-76.651268,-12.673867],[-76.651592,-12.673269],[-76.651967,-12.6727],[-76.657416,-12.66542],[-76.658384,-12.664157],[-76.660414,-12.661417],[-76.661306,-12.660102],[-76.661873,-12.659118],[-76.662282,-12.658309],[-76.662661,-12.657485],[-76.66306,-12.656425],[-76.667448,-12.643566],[-76.668864,-12.639503],[-76.669557,-12.637348],[-76.669701,-12.636685],[-76.669847,-12.635337],[-76.669844,-12.634659],[-76.669758,-12.633758],[-76.669455,-12.632204],[-76.66931,-12.631311],[-76.669276,-12.63086],[-76.669274,-12.629956],[-76.66935,-12.629283],[-76.669501,-12.628391],[-76.669784,-12.627295],[-76.670288,-12.625556],[-76.670484,-12.624673],[-76.670579,-12.623547],[-76.670556,-12.622869],[-76.670458,-12.62197],[-76.670425,-12.621747],[-76.670269,-12.621086],[-76.669984,-12.620227],[-76.665555,-12.608823],[-76.663227,-12.602923],[-76.662891,-12.601842],[-76.662577,-12.600521],[-76.662328,-12.598958],[-76.662261,-12.598056],[-76.662201,-12.593761],[-76.662263,-12.592859],[-76.662392,-12.591964],[-76.662629,-12.59109],[-76.662922,-12.590233],[-76.663339,-12.589428],[-76.663826,-12.588661],[-76.664241,-12.58812],[-76.664687,-12.587603],[-76.665718,-12.586704],[-76.66664,-12.586032],[-76.668057,-12.585285],[-76.684223,-12.577186],[-76.688326,-12.575156],[-76.691589,-12.573493],[-76.69313,-12.572509],[-76.693863,-12.571965],[-76.706507,-12.561834],[-76.707717,-12.560792],[-76.708039,-12.560469],[-76.708495,-12.559961],[-76.708904,-12.559416],[-76.709275,-12.558844],[-76.709981,-12.557423],[-76.714776,-12.546903],[-76.72026,-12.534706],[-76.721236,-12.53266],[-76.722133,-12.530578],[-76.724175,-12.526029],[-76.724947,-12.524388],[-76.725262,-12.523784],[-76.726239,-12.522253],[-76.727202,-12.520987],[-76.730934,-12.516692],[-76.732059,-12.515263],[-76.733131,-12.513794],[-76.734706,-12.511568],[-76.73546,-12.510432],[-76.73746,-12.507672],[-76.738634,-12.505997],[-76.739574,-12.504714],[-76.740053,-12.503942],[-76.740596,-12.502946],[-76.740997,-12.502133],[-76.741496,-12.500869],[-76.74177,-12.500005],[-76.74247,-12.497381],[-76.743274,-12.494551],[-76.743789,-12.49258],[-76.74526,-12.487351],[-76.746696,-12.481879],[-76.747156,-12.480362],[-76.749198,-12.472943],[-76.749992,-12.469876],[-76.750715,-12.467258],[-76.751228,-12.465287],[-76.751398,-12.464797],[-76.752691,-12.45997],[-76.754589,-12.453142],[-76.756699,-12.445384],[-76.756902,-12.444384],[-76.756936,-12.443993],[-76.75692,-12.443273],[-76.756831,-12.442397],[-76.756722,-12.441881],[-76.754661,-12.43479],[-76.754453,-12.434152],[-76.754304,-12.4338],[-76.754103,-12.433466],[-76.753701,-12.432917],[-76.753461,-12.432536],[-76.753246,-12.432003],[-76.753189,-12.431807],[-76.753161,-12.431521],[-76.753184,-12.430952],[-76.7534,-12.428106],[-76.754131,-12.419899],[-76.756466,-12.409721],[-76.756494,-12.409203],[-76.756602,-12.404774],[-76.756616,-12.399812],[-76.75667,-12.399329],[-76.756864,-12.398668],[-76.756992,-12.398325],[-76.75728,-12.397803],[-76.757596,-12.397365],[-76.758055,-12.396862],[-76.770272,-12.38505],[-76.78359,-12.372258],[-76.787465,-12.368472],[-76.788849,-12.366879],[-76.78929,-12.366423],[-76.790031,-12.365747],[-76.790665,-12.365269],[-76.792634,-12.363521],[-76.802056,-12.354415],[-76.811541,-12.345308],[-76.812021,-12.344838],[-76.812588,-12.344209],[-76.816673,-12.338223],[-76.835161,-12.310493],[-76.836311,-12.30874],[-76.836972,-12.307836],[-76.837559,-12.307092],[-76.837907,-12.306693],[-76.838705,-12.305848],[-76.839203,-12.305369],[-76.84021,-12.304507],[-76.840665,-12.304149],[-76.841812,-12.303379],[-76.842331,-12.303059],[-76.843412,-12.302467],[-76.856912,-12.296422],[-76.85814,-12.295823],[-76.858782,-12.295466],[-76.859845,-12.294819],[-76.876617,-12.284318],[-76.878375,-12.28319],[-76.888957,-12.276566],[-76.890015,-12.275873],[-76.890651,-12.275496],[-76.897959,-12.270907],[-76.899955,-12.269613],[-76.905032,-12.266462],[-76.921261,-12.256242],[-76.921939,-12.255829],[-76.926779,-12.253077],[-76.927847,-12.252362],[-76.928552,-12.251851],[-76.933808,-12.24781],[-76.934385,-12.247404],[-76.934941,-12.247052],[-76.935703,-12.246628],[-76.965116,-12.231381],[-76.96542,-12.231207],[-76.965891,-12.230914],[-76.96655,-12.230445],[-76.967123,-12.229971],[-76.96746,-12.229646],[-76.968434,-12.22865],[-76.970257,-12.226687],[-76.97062,-12.226322],[-76.971373,-12.225667],[-76.975724,-12.221232],[-76.976056,-12.22084],[-76.976286,-12.220505],[-76.976534,-12.22004],[-76.976699,-12.219636],[-76.976834,-12.219146],[-76.976913,-12.218706],[-76.976945,-12.218251],[-76.976916,-12.217679],[-76.972618,-12.1943],[-76.972545,-12.193627],[-76.97252,-12.193087],[-76.972544,-12.192339],[-76.972602,-12.191767],[-76.972729,-12.191077],[-76.972828,-12.190667],[-76.973412,-12.188761],[-76.978617,-12.172379],[-76.97903,-12.171141],[-76.980147,-12.167288],[-76.983313,-12.15657],[-76.983566,-12.155486],[-76.983706,-12.15463],[-76.983767,-12.15369],[-76.983679,-12.153327],[-76.983549,-12.151905],[-76.983363,-12.151005],[-76.983129,-12.150174],[-76.98277,-12.149123],[-76.982621,-12.14891],[-76.982484,-12.148822],[-76.982334,-12.14877],[-76.982182,-12.14876],[-76.982037,-12.148784],[-76.98187,-12.148868],[-76.981768,-12.148956],[-76.981689,-12.149064],[-76.981519,-12.149442],[-76.9815,-12.149564],[-76.981532,-12.149735],[-76.981565,-12.149803],[-76.981697,-12.149915],[-76.981786,-12.14995],[-76.981934,-12.149962],[-76.982465,-12.149871],[-76.982853,-12.149699],[-76.983512,-12.149351],[-76.983877,-12.148995],[-76.983929,-12.14889],[-76.983924,-12.148767],[-76.983861,-12.148668],[-76.983754,-12.148613],[-76.983601,-12.148606],[-76.983426,-12.148635],[-76.983351,-12.148666],[-76.983224,-12.14877],[-76.983166,-12.148893],[-76.983152,-12.149008],[-76.983529,-12.15012],[-76.98357,-12.150313],[-76.983832,-12.152146],[-76.983918,-12.153061],[-76.983916,-12.153954],[-76.983989,-12.15412],[-76.983958,-12.154621],[-76.98385,-12.154813],[-76.983839,-12.154895],[-76.983873,-12.155088],[-76.984041,-12.155521],[-76.983779,-12.1564],[-76.98416,-12.156519]]}}]}