codigo,codigo_antiguo,empresa,distrito_origen,distrito_destino,km_ida,km_vuelta,flota_operativa,flota_reserva,flota_total,intervalo_min,categoria,punto_inicial,punto_final,calles_ida,calles_vuelta,itinerario_ida,itinerario_vuelta,archivo,notas
1001,1117,,Surco,San Isidro,11.29,10.93,42,5,47,2.0,TIPO I ELECTRICAS,AVENIDA CENTRAL / CALLE LOS CONSTRUCTORES,AVENIDA PETIT THOURS / CALLE CORONEL ANDRES REYES,17,17,AVENIDA CENTRAL > OVALO LOS DELFINES > AVENIDA PRIMAVERA > AVENIDA VELASCO ASTETE > AVENIDA ESMERALDA > AVENIDA DE LA FLORESTA > AVENIDA SAN BORJA SUR > AVENIDA DEL PARQUE SUR > AVENIDA JOSE GALVEZ BARRENECHEA > OVALO JOSE QUIÑONES > AVENIDA JOSE GALVEZ BARRENECHEA > AVENIDA JOSE GALVEZ BARRENECHEA (GIRO EN U ALT. CALLE JUAN MEJIA BACA) > AVENIDA JOSE GALVEZ BARRENECHEA > CALLE 21 > AVENIDA ENRIQUE CANAVAL Y MOREYRA > AVENIDA JUAN DE ARONA > AVENIDA PETIT THOUARS,CALLE CORONEL ANDRES REYES > AVENIDA RICARDO RIVERA NAVARRETE > AVENIDA ENRIQUE CANAVAL Y MOREYRA > CALLE CUARENTIUNO > AVENIDA GUARDIA CIVIL > AVENIDA GUARDIA CIVIL (GIRO EN U ALT. PASAJE 25) > AVENIDA GUARDIA CIVIL > OVALO JOSE QUIÑONES > AVENIDA JOSE GALVEZ BARRENECHEA > AVENIDA DEL PARQUE SUR > AVENIDA SAN BORJA SUR > AVENIDA DE LA FLORESTA > AVENIDA ESMERALDA > AVENIDA VELASCO ASTETE > AVENIDA PRIMAVERA > OVALO LOS DELFINES > AVENIDA CENTRAL,RUTA_1117_1001.pdf,
1002,1118,,La Punta,Cercado De Lima,17.64,17.68,43,5,48,3.0,TIPO I ELECTRICAS,AVENIDA ALMIRANTE MIGUEL GRAU / JIRON SAENZ PEÑA,AVENIDA ALMIRANTE MIGUEL GRAU / AVENDA NICOLAS DE AYLLON,12,12,AVENIDA ALMIRANTE MIGUEL GRAU > PLAZA GALVEZ > AVENIDA ALMIRANTE MIGUEL GRAU > AVENIDA REPUBLICA DE PANAMA > AVENIDA SAENZ PEÑA > AVENIDA OSCAR RAIMUNDO BENAVIDES > PLAZA 2 DE MAYO > AVENIDA NICOLAS DE PIEROLA > PLAZA GENERAL JOSE DE SAN MARTIN > AVENIDA NICOLAS DE PIEROLA > PUENTE NICOLAS DE PIEROLA > AVENIDA ALMIRANTE MIGUEL GRAU,AVENIDA ALMIRANTE MIGUEL GRAU > AVENIDA NICOLAS DE PIEROLA > PLAZA GENERAL JOSE DE SAN MARTIN > AVENIDA NICOLAS DE PIEROLA > PLAZA 2 DE MAYO > AVENIDA OSCAR RAIMUNDO BENAVIDES > AVENIDA SAENZ PEÑA > AVENIDA REPUBLICA DE PANAMA > AVENIDA ALMIRANTE MIGUEL GRAU > CALLE VALLE > PLAZA GALVEZ > AVENIDA CORONEL BOLOGNESI,RUTA_1118_1002.pdf,
1003,1209,TRANSPORTE DE SERVICIOS URBANOS S.A.,Puente Piedra,Rimac,22.34,22.71,27,3,30,6.0,OMNIBUS (M3),AVENIDA LAS ACACIAS / CALLE LAS PALMERAS,AVENIDA 9 DE OCTUBRE / ACCESO JIRON MARAÑON,22,20,AVENIDA LAS ACACIAS > CALLE LOS ROSALES > CALLE VIRGEN DEL CARMEN > CALLE LOS ALAMOS > AVENIDA MALECON CHILLON > PUENTE ENSENADA > AVENIDA LA CORDIALIDAD > AVENIDA LOS PROCERES DE HUANDOY > CARRETERA PANAMERICANA NORTE > ACCESO AVENIDA UNIVERSITARIA > AVENIDA UNIVERSITARIA > OVALO JOSE GRANDA > AVENIDA JOSE GRANDA > OVALO HABICH > AVENIDA EDUARDO DE HABICH > AVENIDA TUPAC AMARU > JIRON DIEGO CORDOVA DE SALINAS > JIRON VIRU > JIRON LIBERTAD > JIRON PATAZ > JIRON LORETO > AVENIDA 9 DE OCTUBRE,JIRON MARAÑON > JIRON PAITA > AVENIDA FRANCISCO PIZARRO > AVENIDA TUPAC AMARU > AVENIDA TUPAC AMARU (VUELTA EN U ALT. AVENIDA HONORIO DELGADO) > AVENIDA TUPAC AMARU > AVENIDA EDUARDO DE HABICH > OVALO HABICH > AVENIDA JOSE GRANDA > AVENIDA UNIVERSITARIA > INTERCAMBIO VIAL NORTE > CARRETERA PANAMERICANA NORTE > AVENIDA LOS PROCERES DE HUANDOY > AVENIDA LA CORDIALIDAD > PUENTE ENSENADA > AVENIDA MALECON CHILLON > CALLE LOS ALAMOS > CALLE VIRGEN DEL CARMEN > CALLE LOS ROSALES > AVENIDA LAS ACACIAS,RUTA_1209_1003.pdf,
1004,1212,DOJUSA TRANSPORTES Y SERVICIOS GENERALES S.A,Comas,San Martin De Porres,20.02,19.54,18,2,20,8.0,MINIBUS (M2-M3),AVENIDA REVOLUCION / JIRON INCA ROCA,AVENIDA CAQUETA / CALLE MANUEL QUIMPER,24,23,AVENIDA REVOLUCION > AVENIDA TUPAC AMARU > AVENIDA LOS ALISOS > CALLE LAS MARACUYAS > AVENIDA LAS ALMENDRAS > CALLE NAPO > AVENIDA CARLOS ALBERTO IZAGUIRRE > OVALO IZAGUIRRE > AVENIDA ALFREDO MENDIOLA > CARRETERA PANAMERICANA NORTE > AVENIDA ALFREDO MENDIOLA > OVALO ANGELICA GAMARRA > CARRETERA PANAMERICANA NORTE > OVALO TOMAS VALLE > AVENIDA TOMAS VALLE > AVENIDA MARCO POLO > AVENIDA FRAY BARTOLOME DE LAS CASAS > JIRON ALHELI > AVENIDA HONORIO DELGADO > AVENIDA TUPAC AMARU > AVENIDA CAQUETA > AVENIDA ALMIRANTE MIGUEL GRAU > CALLE JUSTO PASTOR BRAVO > CALLE MANUEL QUIMPER,AVENIDA CAQUETA > AVENIDA TUPAC AMARU > AVENIDA HONORIO DELGADO > JIRON ALHELI > AVENIDA FRAY BARTOLOME DE LAS CASAS > AVENIDA MARCO POLO > AVENIDA TOMAS VALLE > OVALO TOMAS VALLE > CARRETERA PANAMERICANA NORTE > OVALO ANGELICA GAMARRA > AVENIDA ALFREDO MENDIOLA > CARRETERA PANAMERICANA NORTE > AVENIDA ALFREDO MENDIOLA > OVALO IZAGUIRRE > AVENIDA CARLOS ALBERTO IZAGUIRRE > AVENIDA CARLOS ALBERTO IZAGUIRRE (VUELTA “U” ALT. CDRA 1) > AVENIDA CARLOS ALBERTO IZAGUIRRE > CALLE NAPO > AVENIDA LAS ALMENDRAS > CALLE LAS MARACUYAS > AVENIDA LOS ALISOS > AVENIDA TUPAC AMARU > AVENIDA REVOLUCION,RUTA_1212_1004.pdf,
1005,1217,TRANSPORTES Y SERVICIOS SANTA CRUZ S.A.,Carabayllo,Rimac,31.56,31.18,68,7,75,4.0,OMNIBUS (M3),AVENIDA TUPAC AMARU / CARRETERA A CANTA (PUNCHAUCA),JIRON VIRU / JIRON PAITA,42,37,AVENIDA TUPAC AMARU > AVENIDA LOS ROSALES > VIA AUXILIAR AVENIDA UNIVERSITARIA (VUELTA EN U ALTURA AVENIDA PERIURBANA) > AVENIDA UNIVERSITARIA > AVENIDA CAMINO REAL > AVENIDA TUPAC AMARU > AVENIDA ISABEL CHIMPU OCLLO > AVENIDA SAN MARTIN > AVENIDA SAN FELIPE > AVENIDA UNIVERSITARIA > AUXILIAR AVENIDA UNIVERSITARIA > AVENIDA LOS INCAS > AVENIDA EL RETABLO > AVENIDA LOS ANGELES > AVENIDA GERARDO UNGER > AVENIDA 25 DE ENERO > OVALO INFANTAS > CARRETERA PANAMERICANA NORTE > INTERCAMBIO VIAL NORTE > CARRETERA PANAMERICANA NORTE > AVENIDA ALFREDO MENDIOLA > OVALO IZAGUIRRE > AVENIDA ALFREDO MENDIOLA > CARRETERA PANAMERICANA NORTE > AVENIDA ALFREDO MENDIOLA > OVALO ANGELICA GAMARRA > AVENIDA ALFREDO MENDIOLA > OVALO TOMAS VALLE > AVENIDA ALFREDO MENDIOLA > CARRETERA PANAMERICANA NORTE > AVENIDA ALFREDO MENDIOLA > OVALO HABICH > AVENIDA EDUARDO DE HABICH > CALLE DARIO VALDIZAN > JIRON ISIDRO ALCIBAR > AVENIDA ALMIRANTE MIGUEL GRAU > CALLE JUSTO PASTOR BRAVO > CALLE MANUEL QUIMPER > AVENIDA CAQUETA > JIRON PIÑONATE > AVENIDA LOS PROCERES > JIRON VIRU,JIRON PAITA > AVENIDA FRANCISCO PIZARRO > JIRON PIÑONATE > AVENIDA LOS PROCERES > AVENIDA ALMIRANTE MIGUEL GRAU > JIRON ISIDRO ALCIBAR > CALLE DARIO VALDIZAN > AVENIDA EDUARDO DE HABICH > OVALO HABICH > AVENIDA ALFREDO MENDIOLA > CARRETERA PANAMERICANA NORTE > AVENIDA ALFREDO MENDIOLA > OVALO TOMAS VALLE > AVENIDA ALFREDO MENDIOLA > OVALO ANGELICA GAMARRA > AVENIDA ALFREDO MENDIOLA > CARRETERA PANAMERICANA NORTE > AVENIDA ALFREDO MENDIOLA > OVALO IZAGUIRRE > AVENIDA ALFREDO MENDIOLA > CARRETERA PANAMERICANA NORTE > INTERCAMBIO VIAL NORTE > CARRETERA PANAMERICANA NORTE > AVENIDA SAN GENARO > AVENIDA GERARDO UNGER > AVENIDA LOS ANGELES > AVENIDA EL RETABLO > AVENIDA LOS INCAS > AVENIDA UNIVERSITARIA > AVENIDA SAN FELIPE > AVENIDA SAN MARTIN > AVENIDA ISABEL CHIMPU OCLLO > AVENIDA TUPAC AMARU > AVENIDA CAMINO REAL > AVENIDA UNIVERSITARIA > AVENIDA LOS ROSALES > AVENIDA TUPAC AMARU,RUTA_1217_1005.pdf,
1006,1403,IMPULSA PROGRESO S.A.C.,Carabayllo,Ate,40.65,41.12,58,6,64,5.0,MINIBUS (M2-M3),AVENIDA TUPAC AMARU / CALLE J,AVENIDA BENJAMIN FRANKLIN / AVENIDA MICHAEL FARADAY,46,43,AVENIDA TUPAC AMARU > AVENIDA GERARDO UNGER > AVENIDA CARLOS ALBERTO IZAGUIRRE > OVALO IZAGUIRRE > AVENIDA ALFREDO MENDIOLA > CARRETERA PANAMERICANA NORTE > AVENIDA ALFREDO MENDIOLA > OVALO ANGELICA GAMARRA > AVENIDA ALFREDO MENDIOLA > OVALO TOMAS VALLE > AVENIDA TOMAS VALLE > AVENIDA MARCO POLO > AVENIDA FRAY BARTOLOME DE LAS CASAS > JIRON ALHELI > AVENIDA JUAN VICENTE NICOLINI > CALLE ELOY ESPINOZA SALDAÑA > CALLE MANUEL VILLAR > CALLE MICHAEL FORT > AVENIDA EDUARDO DE HABICH > AVENIDA TUPAC AMARU > AVENIDA FRANCISCO PIZARRO > AVENIDA MORRO DE ARICA > AVENIDA SAMUEL ALCAZAR > AVENIDA ALAMEDA DE LOS BOBOS > JIRON TRUJILLO > JIRON YUTAY > JIRON CHICLAYO > JIRON LORETO > PUENTE RICARDO PALMA > AVENIDA ABANCAY > PUENTE ABANCAY > AVENIDA MANCO CAPAC > JIRON ITALIA > JIRON JAVIER LUNA PIZARRO > AVENIDA MEXICO > AVENIDA SAN LUIS > AVENIDA NICOLAS ARRIOLA > ACCESO AVENIDA CIRCUNVALACION > AVENIDA CIRCUNVALACION > AVENIDA MARISCAL DOMINGO NIETO > AVENIDA DE LAS TORRES > AVENIDA LOS QUECHUAS > CALLE TERPSICORE > AVENIDA SEPARADORA INDUSTRIAL > AVENIDA HERMES > AVENIDA BENJAMIN FRANKLIN,AVENIDA BENJAMIN FRANKLIN > AVENIDA SEPARADORA INDUSTRIAL > CALLE TERPSICORE > AVENIDA LOS QUECHUAS > AVENIDA DE LAS TORRES > AVENIDA MARISCAL DOMINGO NIETO > AVENIDA CIRCUNVALACION > INTERCAMBIO VIAL EL PINO > AVENIDA NICOLAS ARRIOLA > AVENIDA SAN LUIS > AVENIDA MEXICO > AVENIDA MANCO CAPAC > PUENTE ABANCAY > AVENIDA ABANCAY > PUENTE RICARDO PALMA > AVENIDA 9 DE OCTUBRE > JIRON MARAÑON > JIRON CASTAÑETA > JIRON CAJAMARCA > JIRON HUASCAR > JIRON MADERA > JIRON ALAMEDA DE LOS DESCALZOS > AVENIDA ALAMEDA DE LOS BOBOS > AVENIDA SAMUEL ALCAZAR > AVENIDA MORRO DE ARICA > AVENIDA FRANCISCO PIZARRO > AVENIDA TUPAC AMARU > AVENIDA HONORIO DELGADO > CALLE ELOY ESPINOZA SALDAÑA > AVENIDA JUAN VICENTE NICOLINI > JIRON ALHELI > AVENIDA FRAY BARTOLOME DE LAS CASAS > AVENIDA MARCO POLO > AVENIDA TOMAS VALLE > OVALO TOMAS VALLE > AVENIDA ALFREDO MENDIOLA > OVALO ANGELICA GAMARRA > AVENIDA ALFREDO MENDIOLA > CARRETERA PANAMERICANA NORTE > AVENIDA ALFREDO MENDIOLA > OVALO IZAGUIRRE > AVENIDA CARLOS ALBERTO IZAGUIRRE > AVENIDA TUPAC AMARU,RUTA_1403_1006.pdf,
1007,1502,EMPRESA DE TRANSP.Y SERVIC.AMANCAES S.A.,Puente Piedra,Cercado De Lima,36.59,37.75,65,7,72,7.0,OMNIBUS (M3),CALLE LOS ALAMOS / CALLE LOS CEREZOS,AVENIDA BOLIVIA / JIRON WASHINGTON,36,43,CALLE LOS ALAMOS > AVENIDA MALECON CHILLON > AVENIDA LA CORDIALIDAD > AVENIDA LOS PROCERES DE HUANDOY > CARRETERA PANAMERICANA NORTE > AVENIDA LAS PALMERAS > AVENIDA ANTUNEZ DE MAYOLO > AVENIDA UNIVERSITARIA > AVENIDA ANGELICA GAMARRA > AVENIDA TOMAS VALLE > OVALO AEROPUERTO > AVENIDA ELMER FAUCETT > PUENTE ELMER FAUCETT > AVENIDA ELMER FAUCETT > AVENIDA LA CHALACA > OVALO TUPAC AMARU > AVENIDA NUEVO AEROPUERTO > CALLE APURIMAC > AVENIDA CIRCUNVALACION > AVENIDA DE LA ALAMEDA > JIRON CHOTA > AVENIDA CORONEL NESTOR GAMBETTA > OVALO CENTENARIO > AVENIDA REPUBLICA DE ARGENTINA > PLAZA FANNING > AVENIDA REPUBLICA DE ARGENTINA > PLAZA GARIBALDI > AVENIDA 2 DE MAYO > CALLE MARCO POLO > AVENIDA ALMIRANTE MIGUEL GRAU > JIRON COLINA > AVENIDA JOSE GALVEZ > OVALO JUAN PABLO II > AVENIDA REPUBLICA DE VENEZUELA > AVENIDA ARICA > AVENIDA BOLIVIA,JIRON WASHINGTON > AVENIDA URUGUAY > AVENIDA REPUBLICA DE VENEZUELA > AVENIDA ARICA > AVENIDA REPUBLICA DE VENEZUELA > OVALO JUAN PABLO II > AVENIDA JOSE GALVEZ > JIRON COLINA > JIRON ALFONSO UGARTE > JIRON LOS HEROS > AVENIDA ALMIRANTE MIGUEL GRAU > JIRON ALBERTO SECADA > CALLE MARCO POLO > AVENIDA 2 DE MAYO > PLAZA GARIBALDI > AVENIDA REPUBLICA DE ARGENTINA > PLAZA FANNING > AVENIDA REPUBLICA DE ARGENTINA > OVALO CENTENARIO > AVENIDA CORONEL NESTOR GAMBETTA > JIRON CHOTA > AVENIDA DE LA ALAMEDA > AVENIDA CIRCUNVALACION > CALLE TUPAC AMARU > OVALO TUPAC AMARU > AVENIDA LA CHALACA > AVENIDA ELMER FAUCETT > PUENTE ELMER FAUCETT > AVENIDA ELMER FAUCETT > OVALO AEROPUERTO > AVENIDA TOMAS VALLE > AVENIDA ANGELICA GAMARRA > AVENIDA UNIVERSITARIA > AVENIDA ANTUNEZ DE MAYOLO > AVENIDA LAS PALMERAS > AVENIDA RIO MARAÑON > AVENIDA UNIVERSITARIA > INTERCAMBIO VIAL NORTE > CARRETERA PANAMERICANA NORTE > AVENIDA LOS PROCERES DE HUANDOY > AVENIDA LA CORDIALIDAD > AVENIDA MALECON CHILLON > CALLE LOS ALAMOS,RUTA_1502_1007.pdf,
1008,1503,REALIDAD EXPRESS S.A.C,Carabayllo,Magdalena Del Mar,37.39,36.73,44,5,49,5.0,OMNIBUS (M3),AVENIDA LOMAS DE CARABAYLLO / AVENIDA COLECTORA PRINCIPAL (OVALO JOHN WINSTON LENNON),JIRON FRANCISCO BOLOGNESI / AVENIDA ANTONIO JOSE DE SUCRE,22,21,AVENIDA LOMAS DE CARABAYLLO > AVENIDA SANTA MARIA > ROTONDA SANTA MARIA > AVENIDA SANTA MARIA > AVENIDA JOSE SACO ROJAS > AVENIDA CAMINO REAL > PUENTE SAN MARTIN DE LA INTEGRACION > AVENIDA CAMINO REAL > AVENIDA UNIVERSITARIA > OVALO UNIVERSIDAD > AVENIDA UNIVERSITARIA > PUENTE BELLA UNION > OVALO BELLA UNION > AVENIDA UNIVERSITARIA > AUXILIAR AVENIDA OSCAR RAIMUNDO BENAVIDES > AVENIDA AURELIO GARCIA Y GARCIA > AVENIDA REPUBLICA DE VENEZUELA > AVENIDA UNIVERSITARIA > AVENIDA LIMA > JIRON GENERALISIMO JOSE DE SAN MARTIN > AVENIDA LIMA > JIRON FRANCISCO BOLOGNESI,AVENIDA ANTONIO JOSE DE SUCRE > JIRON MIGUEL GRAU > JIRON TACNA > JIRON INDEPENDENCIA > JIRON DIEGO QUISPE TITO > AVENIDA UNIVERSITARIA > AVENIDA RAMON HERRERA > AVENIDA UNIVERSITARIA > OVALO BELLA UNION > PUENTE BELLA UNION > AVENIDA UNIVERSITARIA > OVALO UNIVERSIDAD > AVENIDA UNIVERSITARIA > AVENIDA CAMINO REAL > PUENTE SAN MARTIN DE LA INTEGRACION > AVENIDA CAMINO REAL > AVENIDA JOSE SACO ROJAS > AVENIDA SANTA MARIA > ROTONDA SANTA MARIA > AVENIDA SANTA MARIA > AVENIDA LOMAS DE CARABAYLLO,RUTA_1503_1008.pdf,
1009,1504,E.T. COMERCIALIZADORA E IMPORTADORA S.A.,Carabayllo,San Miguel,30.1,30.35,41,5,46,6.0,MINIBUS (M2-M3),VIA AUXILIAR AVENIDA UNIVERSITARIA / AVENIDA EL PACAYAL,AVENIDA UNIVERSITARIA / CALLE 7,14,14,VIA AUXILAR AVENIDA UNIVERSITARIA > CALLE VIRGEN DEL CARMEN > AVENIDA TUPAC AMARU > AVENIDA ISABEL CHIMPU OCLLO > AVENIDA UNIVERSITARIA > OVALO UNIVERSIDAD > AVENIDA UNIVERSITARIA > PUENTE BELLA UNION > OVALO BELLA UNION > AVENIDA UNIVERSITARIA > VIA AUXILIAR AVENIDA OSCAR RAIMUNDO BENAVIDES > AVENIDA AURELIO GARCIA Y GARCIA > AVENIDA REPUBLICA DE VENEZUELA > AVENIDA UNIVERSITARIA,AVENIDA UNIVERSITARIA > AVENIDA RAMON HERRERA > AVENIDA UNIVERSITARIA > OVALO BELLA UNION > PUENTE BELLA UNION > AVENIDA UNIVERSITARIA > OVALO UNIVERSIDAD > AVENIDA UNIVERSITARIA > AVENIDA ISABEL CHIMPU OCLLO > AVENIDA TUPAC AMARU > CALLE VIRGEN DEL CARMEN > VÍA AUXILAR AVENIDA UNIVERSITARIA > AVENIDA UNIVERSITARIA VUELTA EN U AV. UNIVERSITARIA (ALT. AVENIDA PERIURBANA) > AVENIDA UNIVERSITARIA,RUTA_1504_1009.pdf,
1010,1505,EMPRESA DE TRANSPORTES MARISCAL RAMON CASTILLA S.A.,Puente Piedra,Magdalena Del Mar,24.17,25.5,32,4,36,8.0,OMNIBUS (M3),AVENIDA LAS ACACIAS / JIRON LOS CONQUISTADORES,AVENIDA ANTONIO JOSE DE SUCRE / JIRON SALAVERRRY,43,46,AVENIDA LAS ACACIAS > CALLE LOS ROSALES > CALLE LOS SAUCES > CALLE LOS ALAMOS > AVENIDA MALECON CHILLON > PUENTE ENCENADA > AVENIDA CORDIALIDAD > AVENIDA LOS PROCERES DE HUANDOY > CARRETERA PANAMERICANA NORTE > INTERCAMBIO VIAL NORTE > CARRETERA PANAMERICANA NORTE > AVENIDA ALFREDO MENDIOLA > OVALO IZAGUIRRE > AVENIDA ALFREDO MENDIOLA > CARRETERA PANAMERICANA NORTE > AVENIDA ALFREDO MENDIOLA > OVALO ANGELICA GAMARRA > AVENIDA ALFREDO MENDIOLA > OVALO TOMAS VALLE > AVENIDA ALFREDO MENDIOLA > CARRETERA PANAMERICANA NORTE > AVENIDA ALFREDO MENDIOLA > OVALO HABICH > AVENIDA ALFREDO MENDIOLA > CARRETERA PANAMERICANA NORTE > PUENTE TROMPETA > CARRETERA PANAMERICANA NORTE > ACCESO PUENTE DEL EJERCITO > PUENTE DEL EJERCITO > AVENIDA ALFONSO UGARTE > PLAZA RAMON CASTILLA > AVENIDA ALFONSO UGARTE > PLAZA 2 DE MAYO > AVENIDA ALFONSO UGARTE > AVENIDA REPUBLICA DE VENEZUELA > PUENTE TINGO MARIA > AUXILIAR AVENIDA TINGO MARIA > AVENIDA TINGO MARIA > PLAZA DE LA BANDERA > AVENIDA JOSE DE SAN MARTIN > AVENIDA ANTONIO JOSE DE SUCRE > PLAZA INDEPENDENCIA > AVENIDA ANTONIO JOSE DE SUCRE,JIRON SALAVERRY > JIRON MARSICAL RAMON CASTILLA > JIRON FRANCISCO BOLOGNESI > AVENIDA ANTONIO JOSE DE SUCRE > PLAZA INDEPENDENCIA > AVENIDA ANTONIO JOSE DE SUCRE > AVENIDA JOSE SAN MARTIN > PLAZA DE LA BANDERA > AVENIDA TINGO MARIA > AUXILIAR AVENIDA TINGO MARIA > AVENIDA ARICA > AVENIDA BOLIVIA > AVENIDA ALFONSO UGARTE > PLAZA 2 DE MAYO > AVENIDA ALFONSO UGARTE > PLAZA RAMON CASTILLA > AVENIDA ALFONSO UGARTE > PUENTE DEL EJERCITO > INTERCAMBIO VIAL PUENTE CAQUETA > CARRETERA PANAMERICANA NORTE > PUENTE TROMPETA > CARRETERA PANAMERICANA NORTE > AVENIDA ALFREDO MENDIOLA > OVALO HABICH > AVENIDA ALFREDO MENDIOLA > CARRETERA PANAMERICANA NORTE > AVENIDA ALFREDO MENDIOLA > OVALO TOMAS VALLE > AVENIDA ALFREDO MENDIOLA > OVALO ANGELICA GAMARRA > AVENIDA ALFREDO MENDIOLA > CARRETERA PANAMERICANA NORTE > AVENIDA ALFREDO MENDIOLA > OVALO IZAGUIRRE > AVENIDA ALFREDO MENDIOLA > CARRETERA PANAMERICANA NORTE > INTERCAMBIO VIAL NORTE > CARRETERA PANAMERICANA NORTE > AVENIDA LOS PROCERES DE HUANDOY > AVENIDA LA CORDIALIDAD > PUENTE ENCENADA > AVENIDA MALECON CHILLON > CALLE LOS ALAMOS > CALLE LOS SAUCES > AVENIDA LOS ROSALES > AVENIDA LAS ACACIAS,RUTA_1505_1010.pdf,
1011,1506,TRANSLIMA S.A.,Carabayllo,Pueblo Libre,29.01,28.56,34,4,38,6.0,MINIBUS (M2-M3),AVENIDA TUPAC AMARU / AVENIDA LOS ROSALES,AVENIDA UNIVERSITARIA / ALT. CALLE MERCEDES GALLAGHER DE PARKS,12,10,AVENIDA TUPAC AMARU > AVENIDA ISABEL CHIMPU OCLLO > AVENIDA UNIVERSITARIA > OVALO UNIVERSIDAD > AVENIDA UNIVERSITARIA > PUENTE BELLA UNION > OVALO BELLA UNION > AVENIDA UNIVERSITARIA > AUXILIAR AVENIDA OSCAR RAIMUNDO BENAVIDES > AVENIDA AURELIO GARCIA Y GARCIA > AVENIDA REPUBLICA DE VENEZUELA > AVENIDA UNIVERSITARIA,AVENIDA UNIVERSITARIA > AVENIDA RAMON HERRERA > AVENIDA UNIVERSITARIA > OVALO BELLA UNION > PUENTE BELLA UNION > AVENIDA UNIVERSITARIA > OVALO UNIVERSIDAD > AVENIDA UNIVERSITARIA > AVENIDA ISABEL CHIMPU OCLLO > AVENIDA TUPAC AMARU,RUTA_1506_1011.pdf,
1012,1508,EMPRESA DE SERVICIOS DE TRANSPORTE UNION NACIONAL S.A.C. ESTUNSAC,Carabayllo,San Miguel,32.37,30.7,31,4,35,8.0,MINIBUS (M2-M3),AVENIDA MARIANO CONDORCANQUI / AVENIDA SEÑOR DE CAUDIVILLA,JIRON GENERALISIMO JOSE DE SAN MARTIN / AVENIDA LIMA,45,40,"AVENIDA MARIANO CONDORCANQUI > AVENIDA CHIMPU OCLLO > AVENIDA UNIVERSITARIA > AVENIDA SAN FELIPE > AVENIDA SAN FELIPE (VUELTA EN ""U"" ALTURA JIRON AREQUIPA) > AVENIDA SAN FELIPE > AVENIDA TUPAC AMARU > AVENIDA CARLOS IZAGUIRRE > OVALO IZAGUIRRE > AVENIDA ALFREDO MENDIOLA > CARRETERA PANAMERICANA NORTE > AVENIDA ALFREDO MENDIOLA > OVALO ANGELICA GAMARRA > AVENIDA ALFREDO MENDIOLA > OVALO TOMAS VALLE > AVENIDA TOMAS VALLE > AVENIDA MARCO POLO > AVENIDA FRAY BARTOLOME DE LAS CASAS > JIRON ALHELI > JIRON JUAN VICENTE NICOLINI > AVENIDA ELOY ESPINOZA > CALLE ELOY ESPINOZA > CALLE MANUEL VILLAR > JIRON MICHAEL FORD > AVENIDA EDUARDO DE HABICH > OVALO HABICH > AVENIDA JOSE GRANDA > AVENIDA VALPARAISO > AVENIDA PERU > AVENIDA PERU (VUELTA EN ""U"" ALT. CALLE MONTERREY) > AVENIDA PERU > AVENIDA CANADA > PUENTE DUEÑAS > AVENIDA NICOLAS DUEÑAS > AVENIDA REPUBLICA DE ARGENTINA > JIRON RAMON CARCAMO > JIRON ZORRITOS > AVENIDA TINGO MARIA > PLAZA DE LA BANDERA > AVENIDA JOSE DE SAN MARTIN > AVENIDA ANTONIO JOSE DE SUCRE > JIRON GRAU > JIRON LEONCIO PRADO > JIRON SALAVERRY > JIRON GENERALISIMO JOSE DE SAN MARTIN",AVENIDA LIMA > JIRON FRANCISCO BOLOGNESI > AVENIDA ANTONIO JOSE DE SUCRE > PLAZA INDEPENDENCIA > AVENIDA ANTONIO JOSE DE SUCRE > AVENIDA JOSE DE SAN MARTIN > PLAZA DE LA BANDERA > AVENIDA TINGO MARIA > JIRON ZORRITOS > AVENIDA RAMON CARCAMO > AVENIDA REPUBLICA DE ARGENTINA > AVENIDA NICOLAS DUEÑAS > PUENTE DUEÑAS > AVENIDA CANADA > AVENIDA PERU > AVENIDA VALPARAISO > AVENIDA JOSE GRANDA > OVALO HABICH > AVENIDA EDUARDO DE HABICH > JIRON MICHAEL FORD > CALLE MANUEL VILLAR > AVENIDA ELOY ESPINOZA > JIRON JUAN VICENTE NICOLINI > JIRON ALHELI > AVENIDA FRAY BARTOLOME DE LAS CASAS > AVENIDA MARCO POLO > AVENIDA TOMAS VALLE > OVALO TOMAS VALLE > AVENIDA ALFREDO MENDIOLA > OVALO ANGELICA GAMARRA > AVENIDA ALFREDO MENDIOLA > CARRETERA PANAMERICANA NORTE > AVENIDA ALFREDO MENDIOLA > OVALO IZAGUIRRE > AVENIDA CARLOS IZAGUIRRE > AVENIDA TUPAC AMARU > AVENIDA SAN FELIPE > AVENIDA UNIVERSITARIA > AVENIDA CHIMPU OCLLO > AVENIDA MARIANO CONDORCANQUI,RUTA_1508_1012.pdf,
1013,1518,TRANSLIMA S.A.,Carabayllo,Jesus Maria,33.54,32.63,68,7,75,4.0,MINIBUS (M2-M3),AVENIDA TUPAC AMARU / AVENIDA LOS ROSALES (TERMINAL TRANSLIMA) AVENIDA 28 DE JULIO / AVENIDA GENERAL SALAVERRY (PLAZA JORGE,CHAVEZ),15,13,AVENIDA TUPAC AMARU > AVENIDA ISABEL CHIMPU OCLLO > AVENIDA UNIVERSITARIA > OVALO UNIVERSIDAD > AVENIDA UNIVERSITARIA > PUENTE BELLA UNION > OVALO BELLA UNION > AVENIDA UNIVERSITARIA > AVENIDA OSCAR RAIMUNDO BENAVIDES > AVENIDA AURELIO GARCIA Y GARCIA > AVENIDA REPUBLICA DE VENEZUELA > AVENIDA UNIVERSITARIA > AVENIDA SIMON BOLIVAR > AVENIDA BRASIL > AVENIDA 28 DE JULIO,AVENIDA 28 DE JULIO > AVENIDA BRASIL > AVENIDA SIMON BOLIVAR > AVENIDA UNIVERSITARIA > AVENIDA RAMON HERRERA > AVENIDA UNIVERSITARIA > OVALO BELLA UNION > PUENTE BELLA UNION > AVENIDA UNIVERSITARIA > OVALO UNIVERSIDAD > AVENIDA UNIVERSITARIA > AVENIDA ISABEL CHIMPU OCLLO > AVENIDA TUPAC AMARU,RUTA_1518_1013.pdf,
1014,1602,EMPRESA DE TRANSPORTES Y SERVICIOS CATORCE DE DICIEMBRE S.A.C.,Comas,La Victoria,26.91,27.02,22,3,25,8.0,MINIBUS (M2-M3),AVENIDA REVOLUCION / JIRON LIBERTAD,AVENIDA PROLONGACION PARINACOCHAS / AVENIDA MEXICO,36,34,AVENIDA REVOLUCION > AVENIDA TUPAC AMARU > AVENIDA LOS ALISOS > CALLE LAS MARACUYAS > AVENIDA LAS ALMENDRAS > CALLE NAPO > AVENIDA CARLOS IZAGUIRRE > OVALO IZAGUIRRE > AVENIDA ALFREDO MENDIOLA > CARRETERA PANAMERICANA NORTE > AVENIDA ALFREDO MENDIOLA > OVALO ANGELICA GAMARRA > AVENIDA ALFREDO MENDIOLA > OVALO TOMAS VALLE > AVENIDA TOMAS VALLE > AVENIDA MARCO POLO > AVENIDA FRAY BARTOLOME DE LAS CASAS > JIRON ALHELI > AVENIDA HONORIO DELGADO > AVENIDA TUPAC AMARU > AVENIDA FRANCISCO PIZARRO > JIRON DIEGO CORDOVA DE SALINAS > AVENIDA DE LOS PROCERES > JIRON VIRU > JIRON CHICLAYO > JIRON LORETO > AVENIDA 9 DE OCTUBRE > INTERCAMBIO VIAL PUENTE HUANUCO > PUENTE HUANUCO > JIRON AMAZONAS > JIRON HUANTA > PUENTE NICOLAS DE PIEROLA > AVENIDA ALMIRANTE MIGUEL GRAU > JIRON MENDOZA MERINO > AVENIDA JAIME BAUSATE Y MEZA > AVENIDA PROLONGACION PARINACOCHAS,AVENIDA MEXICO > JIRON HUANUCO > AVENIDA 28 DE JULIO > JIRON PROLONGACION CANGALLO > PUENTE CANGALLO > JIRON CANGALLO > JIRON SANTA ROSA > JIRON HUANUCO > PUENTE HUANUCO > INTERCAMBIO VIAL PUENTE HUANUCO > AVENIDA 9 DE OCTUBRE > JIRON MARAÑON > JIRON PAITA > AVENIDA FRANCISCO PIZARRO > AVENIDA TUPAC AMARU > AVENIDA HONORIO DELGADO > JIRON ALHELI > AVENIDA FRAY BARTOLOME DE LAS CASAS > AVENIDA MARCO POLO > AVENIDA TOMAS VALLE > OVALO TOMAS VALLE > AVENIDA ALFREDO MENDIOLA > OVALO ANGELICA GAMARRA > AVENIDA ALFREDO MENDIOLA > CARRETERA PANAMERICANA NORTE > AVENIDA ALFREDO MENDIOLA > OVALO IZAGUIRRE > AVENIDA CARLOS IZAGUIRRE > CALLE NAPO > AVENIDA LAS ALMENDRAS > CALLE MARACUYAS > AVENIDA LOS ALISOS > AVENIDA TUPAC AMARU > AVENIDA REVOLUCION,RUTA_1602_1014.pdf,
1015,1604,EMPRESA DE TRANSPORTE MIGUEL GRAU S. A.,Carabayllo,Lince,37.44,36.11,36,4,40,8.0,MINIBUS (M2-M3),AVENIDA TUPAC AMARU / AVENIDA 3,JIRON JOSE BERNARDO ALCEDO / AVENIDA PETIT THOUARS,22,19,AVENIDA TUPAC AMARU > AVENIDA ISABEL CHIMPU OCLLO > AVENIDA UNIVERSITARIA > OVALO UNIVERSIDAD > AVENIDA UNIVERSITARIA > PUENTE BELLA UNION > OVALO BELLA UNION > AVENIDA UNIVERSITARIA > AUXILIAR AVENIDA OSCAR RAIMUNDO BENAVIDES > AVENIDA AURELIO GARCIA Y GARCIA > AVENIDA REPUBLICA DE VENEZUELA > AVENIDA UNIVERSITARIA > AVENIDA SIMON BOLIVAR > AVENIDA HUSARES DE JUNIN > AVENIDA GENERAL EUGENIO GARZON > AVENIDA JOSE MARIA PLAZA > JIRON HUIRACOCHA > AVENIDA CUBA > PLAZA ANDRES AVELINO CACERES > AVENIDA CUBA > AVENIDA ALVAREZ DE ARENALES > JIRON JOSE BERNARDO ALCEDO,AVENIDA PETIT THOUARS > AVENIDA ALEJANDRO TIRADO > AVENIDA CUBA > PLAZA ANDRES AVELINO CACERES > AVENIDA CUBA > AVENIDA REPUBLICA DOMINICANA > AVENIDA BRASIL > AUXILIAR AVENIDA BRASIL > AVENIDA SIMON BOLIVAR > AVENIDA UNIVERSITARIA > AVENIDA RAMON HERRERA > AVENIDA UNIVERSITARIA > OVALO BELLA UNION > PUENTE BELLA UNION > AVENIDA UNIVERSITARIA > OVALO UNIVERSIDAD > AVENIDA UNIVERSITARIA > AVENIDA ISABEL CHIMPU OCLLO > AVENIDA TUPAC AMARU,RUTA_1604-1015.pdf,
1016,1607,BUENA ESTRELLA S.A.C,Ancon,La Victoria,45.27,45.0,86,9,95,5.0,OMNIBUS (M3),AVENIDA LA FLORIDA / CALLE MIRAMAR,AVENIDA AVIACION / JIRON ALBERTO MONTELLANOS,49,44,AVENIDA LA FLORIDA > CALLE LA FLORIDA > CALLE MIGUEL GRAU > PROLONGACION MIRAMAR > CALLE LAS COLINAS > CALLE LOA > CALLE ANCASH > CALLE BOYACA > CALLE MERIDA E > CALLE GUAQUI > CALLE ANCASH > AVENIDA CENTRAL SANTA ROSA > AVENIDA ALEJANDRO BERTELLO > ACCESO CARRETERA PANAMERICANA NORTE > CARRETERA PANAMERICANA NORTE > PUENTE RIO CHILLON > CARRETERA PANAMERICANA NORTE > INTERCAMBIO VIAL NORTE > CARRETERA PANAMERICANA NORTE > AVENIDA ALFREDO MENDIOLA > OVALO IZAGUIRRE > AVENIDA ALFREDO MENDIOLA > CARRETERA PANAMERICANA NORTE > AVENIDA ALFREDO MENDIOLA > OVALO ANGELICA GAMARRA > AVENIDA ALFREDO MENDIOLA > OVALO TOMAS VALLE > AVENIDA ALFREDO MENDIOLA > CARRETERA PANAMERICANA NORTE > AVENIDA ALFREDO MENDIOLA > OVALO HABICH > AVENIDA ALFREDO MENDIOLA > CARRETERA PANAMERICANA NORTE > PUENTE TROMPETA > CARRETERA PANAMERICANA NORTE > VIA DE EVITAMIENTO > ACCESO JIRON HUANUCO > JIRON HUANUCO > PUENTE HUANUCO > JIRON HUANUCO > JIRON AMAZONAS > JIRON HUANTA > JIRON PUNO > AVENIDA LUCANAS > JIRON PROLONGACION LUCANAS > AVENIDA JAIME BAUSATE Y MEZA > AVENIDA PROLONGACION PARINACOCHAS > AVENIDA MEXICO > AVENIDA AVIACION,AVENIDA AVIACION > AVENIDA MEXICO > JIRON HUANUCO > AVENIDA 28 DE JULIO > JIRON PARINACOCHAS > JIRON TARATA > JIRON HUANUCO > PUENTE HUANUCO > JIRON HUANUCO > INTERCAMBIO VIAL VIA DE EVITAMIENTO > VIA DE EVITAMIENTO > CARRETERA PANAMERICANA NORTE > PUENTE TROMPETA > CARRETERA PANAMERICANA NORTE > AVENIDA ALFREDO MENDIOLA > OVALO HABICH > AVENIDA ALFREDO MENDIOLA > CARRETERA PANAMERICANA NORTE > AVENIDA ALFREDO MENDIOLA > OVALO TOMAS VALLE > AVENIDA ALFREDO MENDIOLA > OVALO ANGELICA GAMARRA > AVENIDA ALFREDO MENDIOLA > CARRETERA PANAMERICANA NORTE > AVENIDA ALFREDO MENDIOLA > OVALO IZAGUIRRE > AVENIDA ALFREDO MENDIOLA > CARRETERA PANAMERICANA NORTE > INTERCAMBIO VIAL NORTE > CARRETERA PANAMERICANA NORTE > PUENTE RIO CHILLON > CARRETERA PANAMERICANA NORTE > AVENIDA ALEJANDRO BERTELLO > AVENIDA CENTRAL SANTA ROSA > CALLE ANCASH > CALLE GUAQUI > CALLE MERIDA E > CALLE EL ROSARIO > CALLE ANCASH > CALLE LOA > CALLE LAS COLINAS > CALLE RIMAC > CALLE LA FLORIDA > AVENIDA LA FLORIDA,RUTA_1607_1016.pdf,
1017,1608,NOVOBUS S.A.C,Ancon,La Victoria,46.88,46.0,61,7,68,8.0,OMNIBUS (M3),AVENIDA LA FLORIDA (REFERENCIA COLEGIO HOGAR INMACULADA),AVENIDA AVIACION / CALLE ALBERTO MONTELLANOS,46,46,AVENIDA LA FLORIDA > CALLE LA FLORIDA > CALLE MIGUEL GRAU > PROLONGACION MIRAMAR > CALLE LAS COLINAS > CALLE LOA > CALLE ANCASH > CALLE BOYACA > CALLE MERIDA E > CALLE GUAQUI > CALLE ANCASH > AVENIDA CENTRAL SANTA ROSA > AVENIDA ALEJANDRO BERTELLO > CARRETERA PANAMERICANA NORTE > PUENTE RIO CHILLON > AVENIDA PANAMERICANA NORTE > INTERCAMBIO VIAL NORTE > CARRETERA PANAMERICANA NORTE > AVENIDA ALFREDO MENDIOLA > OVALO IZAGUIRRE > AVENIDA ALFREDO MENDIOLA > CARRETERA PANAMERICANA NORTE > AVENIDA ALFREDO MENDIOLA > OVALO ANGELICA GAMARRA > AVENIDA ALFREDO MENDIOLA > OVALO TOMAS VALLE > AVENIDA ALFREDO MENDIOLA > CARRETERA PANAMERICANA NORTE > AVENIDA ALFREDO MENDIOLA > OVALO HABICH > AVENIDA EDUARDO DE HABICH > AVENIDA TUPAC AMARU > AVENIDA CAQUETA > INTERCAMBIO VIAL CAQUETA > VÍA DE EVITAMIENTO > ACCESO JIRON HUANUCO > PUENTE HUANUCO > JIRON AMAZONAS > JIRON HUANTA > JIRON PUNO > AVENIDA LUCANAS > JIRON PROLONGACION LUCANAS > AVENIDA JAIME BAUSATE Y MEZA > AVENIDA PROLONGACION PARINACOCHAS > AVENIDA MEXICO > AVENIDA AVIACION,"AVENIDA AVIACION > AVENIDA MEXICO > JIRON HUANUCO > AVENIDA 28 DE JULIO > JIRON PARINACOCHAS > JIRON TARATA > JIRON HUANUCO > PUENTE HUANUCO > JIRON HUANUCO > INTERCAMBIO VIAL JIRON HUANUCO > VIA DE EVITAMIENTO > AVENIDA EL TREBOL > AVENIDA CAQUETA > AVENIDA TUPAC AMARU > AVENIDA TUPAC AMARU (VUELTA EN ""U"" ALT. AVENIDA HONORIO DELGADO) > AVENIDA TUPAC AMARU > AVENIDA EDUARDO DE HABICH > OVALO HABICH > AVENIDA ALFREDO MENDIOLA > CARRETERA PANAMERICANA NORTE > AVENIDA ALFREDO MENDIOLA > OVALO TOMAS VALLE > AVENIDA ALFREDO MENDIOLA > OVALO ANGELICA GAMARRA > AVENIDA ALFREDO MENDIOLA > CARRETERA PANAMERICANA NORTE > AVENIDA ALFREDO MENDIOLA > OVALO IZAGUIRRE > AVENIDA ALFREDO MENDIOLA > CARRETERA PANAMERICANA NORTE > INTERCAMBIO VIAL NORTE > CARRETERA PANAMERICANA NORTE > PUENTE RIO CHILLON > CARRETERA PANAMERICANA NORTE > AVENIDA ALEJANDRO BERTELLO > AVENIDA CENTRAL SANTA ROSA > CALLE ANCASH > CALLE GUAQUI > CALLE MERIDA E > CALLE EL ROSARIO > CALLE ANCASH > CALLE LOA > CALLE LAS COLINAS > CALLE RIMAC > CALLE LA FLORIDA > AVENIDA LA FLORIDA",RUTA_1608_1017.pdf,
1018,1610,E.T. 11 DE NOVIEMBRE S.A.,Carabayllo,San Luis,40.41,39.96,109,11,120,3.0,OMNIBUS (M3),AVENIDA TUPAC AMARU / CARRETERA A CANTA (CP. PUNCHAUCA),AVENIDA MARISCAL AGUSTIN GAMARRA / CALLE MARISCAL OSCAR RAUL BENAVIDES,40,41,AVENIDA TUPAC AMARU > AVENIDA GERARDO UNGER > AVENIDA CARLOS ALBERTO IZAGUIRRE > OVALO IZAGUIRRE > AVENIDA ALFREDO MENDIOLA > CARRTERA PANAMERICANA NORTE > AVENIDA ALFREDO MENDIOLA > OVALO ANGELICA GAMARRA > CARRETERA PANAMERICANA NORTE > OVALO TOMAS VALLE > AVENIDA TOMAS VALLE > AVENIDA MARCO POLO > AVENIDA FRAY BARTOLOME DE LAS CASAS > JIRON ALHELI > AVENIDA HONORIO DELGADO > CALLE ELOY ESPINOZA > CALLE MANUEL VILLAR > CALLE MICHAEL FORT > AVENIDA EDUARDO DE HABICH > AVENIDA TUPAC AMARU > AVENIDA FRANCISCO PIZARRO > AVENIDA MORRO DE ARICA > AVENIDA SAMUEL ALCAZAR > JIRON TRUJILLO > JIRON YUTAY > JIRON CHICLAYO > JIRON LORETO > PUENTE RICARDO PALMA > AVENIDA ABANCAY > PUENTE ABANCAY > AVENIDA MANCO CAPAC > AVENIDA JAIME BAUSATE Y MEZA > AVENIDA PROLONGACION PARINACOCHAS > AVENIDA MEXICO > AVENIDA AVIACION > OVALO DE ARRIOLA > AVENIDA NICOLAS ARRIOLA > AVENIDA NICOLAS DE AYLLON > AVENIDA DE LAS TORRES > AVENIDA MARISCAL AGUSTIN GAMARRA,"CALLE MARISCAL SANTIAGO SALAVERRY > AVENIDA DE LAS TORRES > AVENIDA NICOLAS DE AYLLON > BY PASS NICOLAS AYLLON > AVENIDA NICOLAS ARRIOLA > OVALO DE ARRIOLA > AVENIDA AVIACION > AVENIDA MEXICO > JIRON HUANUCO > AVENIDA 28 DE JULIO > AVENIDA MANCO CAPAC > PUENTE ABANCAY > AVENIDA ABANCAY > PUENTE RICARDO PALMA > AVENIDA 9 DE OCTUBRE > AVENIDA 9 DE OCTUBRE (VUELTA EN ""U"" ALT. JIRON CASTAÑEDA) > JIRON MARAÑON > JIRON CASTAÑEDA > JIRON CAJAMARCA > JIRON HUASCAR > JIRON MADERA > ALAMEDA DE LOS DESCALZOS > ALAMEDA DE LOS BOBOS > AVENIDA SAMUEL ALCAZAR > AVENIDA MORRO DE ARICA > AVENIDA FRANCISCO PIZARRO > AVENIDA TUPAC AMARU > AVENIDA HONORIO DELGADO > JIRON ALHELI > AVENIDA FRAY BARTOLOME DE LAS CASAS > AVENIDA MARCO POLO > AVENIDA TOMAS VALLE > OVALO TOMAS VALLE > CARRETERA PANAMERICANA NORTE > OVALO ANGELICA GAMARRA > AVENIDA ALFREDO MENDIOLA > CARRETERA PANAMERICANA NORTE > AVENIDA ALFREDO MENDIOLA > OVALO IZAGUIRRE > AVENIDA CARLOS IZAGUIRRE > AVENIDA TUPAC AMARU",RUTA_1610_1018.pdf,
1019,1611,EMPRESA DE TRANSPORTES PALMARI S.A.,Puente Piedra,Magdalena Del Mar,36.65,35.84,52,6,58,6.0,OMNIBUS (M3),AVENIDA SAN JUAN DE DIOS / AVENIDA SANTA JOSEFINA,JIRON JUNIN / AVENIDA BRASIL,29,23,AVENIDA SAN JUAN DE DIOS > AVENIDA JOSE SACO ROJAS > AVENIDA CAMINO REAL > PUENTE SAN MARTIN DE LA INTEGRACION > AVENIDA CAMINO REAL > AVENIDA CHILLON TRAPICHE > AVENIDA U > AVENIDA MARIANO CONDORCANQUI > AVENIDA SEÑOR DE CAUDIVILLA > AVENIDA UNIVERSITARIA > OVALO UNIVERSIDAD > AVENIDA UNIVERSITARIA > PUENTE BELLA UNION > OVALO BELLA UNION > AVENIDA UNIVERSITARIA > AUXILIAR AVENIDA OSCAR RAIMUNDO BENAVIDES > AVENIDA AURELIO GARCIA Y GARCIA > AVENIDA REPUBLICA VENEZUELA > AVENIDA UNIVERSITARIA > JIRON PROLONGACION AYACUCHO > JIRON GRAN MARISCAL RAMON CASTILLA > AVENIDA LIMA > JIRON GENERALISIMO JOSE DE SAN MARTIN > AVENIDA LIMA > JIRON FRANCICO BOLOGNESI > AVENIDA ANTONIO JOSE DE SUCRE > PLAZA INDEPENDENCIA > AVENIDA ANTONIO JOSE DE SUCRE > JIRON JUNIN,AVENIDA BRASIL > AUXILIAR AVENIDA BRASIL > JIRON MIGUEL GRAU > JIRON TACNA > JIRON GRAN MARISCAL ANTONIO JOSE DE SUCRE > JIRON PROLONGACION CUZCO > AVENIDA UNIVERSITARIA > AVENIDA RAMON HERRERA > AVENIDA UNIVERSITARIA > OVALO BELLA UNION > PUENTE BELLA UNION > AVENIDA UNIVERSITARIA > OVALO UNIVERSIDAD > AVENIDA UNIVERSITARIA > AVENIDA SEÑOR DE CAUDIVILLA > AVENIDA MARIANO CONDORCANQUI > AVENIDA U > AVENIDA CHILLON TRAPICHE > AVENIDA CAMINO REAL > PUENTE SAN MARTIN DE LA INTEGRACION > AVENIDA CAMINO REAL > AVENIDA JOSE SACO ROJAS > AVENIDA SAN JUAN DE DIOS,RUTA_1611_1019.pdf,
1020,1612,E.T. SANTA LUZMILA S.A.,Puente Piedra,Miraflores,31.26,31.79,36,4,40,8.0,MINIBUS (M2-M3),CALLE LOS SAUCES / CALLE LOS ROSEDAL,AVENIDA DEL EJERCITO / AVENIDA JOSE PARDO (PLAZA CENTRO AMERICA),41,40,CALLE LOS SAUCES > CALLE LOS ALAMOS > AVENIDA MALECON CHILLON > PUENTE ENSENADA > AVENIDA CORDIALIDAD > AVENIDA LOS PROCERES DE HUANDOY > AVENIDA GERARDO UNGER > AVENIDA LOS ANGELES > AVENIDA EL RETABLO > AVENIDA MICAELA BASTIDAS > AVENIDA TUPAC AMARU > AVENIDA GERARDO UNGER > AVENIDA CARLOS IZAGUIRRE > OVALO IZAGUIRRE > AVENIDA ALFREDO MENDIOLA > CARRETERA PANAMERICANA NORTE > AVENIDA ALFREDO MENDIOLA > OVALO ANGELICA GAMARRA > AVENIDA ALFREDO MENDIOLA > OVALO TOMAS VALLE > AVENIDA ALFREDO MENDIOLA > CARRETERA PANAMERICANA NORTE. > AVENIDA ALFREDO MENDIOLA > OVALO HABICH > AVENIDA ALFREDO MENDIOLA > CARRETERA PANAMERICANA NORTE > PUENTE TROMPETA > CARRETERA PANAMERICANA NORTE > ACCESO PUENTE DEL EJERCITO > PUENTE DEL EJERCITO > AVENIDA ALFONSO UGARTE > PLAZA FRANCISCO BOLOGNESI > AVENIDA GUZMAN BLANCO > PLAZA JORGE CHAVEZ > AVENIDA GENERAL SALAVERRY > AVENIDA GENERAL JUAN ANTONIO PEZET > AVENIDA BELEN > AVENIDA GENERAL CORDOVA > AVENIDA FEDERICO VILLAREAL > OVALO FEDERICO VILLAREAL > AVENIDA DEL EJERCITO,AVENIDA JOSE PARDO > PLAZA MORALES BARROS > AVENIDA MARISCAL LA MAR > AVENIDA HIPOLITO UNANUE > AVENIDA BELEN > AVENIDA GENERAL JUAN ANTONIO PEZET > AVENIDA GENERAL SALAVERRY > PLAZA JORGE CHAVEZ > AVENIDA GUZMAN BLANCO > PLAZA FRANCISCO BOLOGNESI > AVENIDA ALFONSO UGARTE > PUENTE DEL EJERCITO > INTERCAMBIO VIAL PUENTE CAQUETA > CARRETERA PANAMERICANA NORTE > PUENTE TROMPETA > CARRETERA PANAMERICANA NORTE > AVENIDA ALFREDO MENDIOLA > OVALO HABICH > AVENIDA ALFREDO MENDIOLA > CARRETERA PANAMERICANA NORTE > AVENIDA ALFREDO MENDIOLA > OVALO TOMAS VALLE > AVENIDA ALFREDO MENDIOLA > OVALO ANGELICA GAMARRA > AVENIDA ALFREDO MENDIOLA > CARRETERA PANAMERICANA NORTE > AVENIDA ALFREDO MENDIOLA > OVALO IZAGUIRRE > AVENIDA CARLOS IZAGUIRRE > AVENIDA TUPAC AMARU > AVENIDA MICAELA BASTIDAS > AVENIDA EL RETABLO > AVENIDA LOS ANGELES > AVENIDA GERARDO UNGER > AVENIDA LOS PROCERES DE HUANDOY > AVENIDA CORDIALIDAD > PUENTE ENSENADA > AVENIDA MALECON CHILLON > CALLE LOS ALAMOS > CALLE LOS SAUCES,RUTA_1612_1020.pdf,
1021,1615,INVERSIONES Y SERVICIOS CKF S.A.C.,Carabayllo,Lince,39.38,38.67,56,6,62,5.0,OMNIBUS (M3),AVENIDA TUPAC AMARU / CALLE J,AVENIDA ALVAREZ DE ARENALES / AVENIDA JULIO CESAR TELLO,24,24,AVENIDA TUPAC AMARU > AVENIDA ISABEL CHIMPU OCLLO > AVENIDA UNIVERSITARIA > OVALO UNIVERSIDAD > AVENIDA UNIVERSITARIA > PUENTE BELLA UNION > OVALO BELLA UNION > AVENIDA UNIVERSITARIA > AUXILIAR AVENIDA OSCAR RAIMUNDO BENAVIDES > AVENIDA AURELIO GARCIA Y GARCIA > AVENIDA REPUBLICA DE VENEZUELA > AVENIDA UNIVERSITARIA > AVENIDA LIMA > JIRON GENERALISIMO JOSE DE SAN MARTIN > AVENIDA LIMA > JIRON FRANCISCO BOLOGNESI > AVENIDA ANTONIO JOSE DE SUCRE > PLAZA INDEPENDENCIA > AVENIDA JOSE ANTONIO DE SUCRE > JIRON JUNIN > AVENIDA JAVIER PRADO OESTE > AVENIDA GENERAL SALAVERRY > AVENIDA GENERAL CESAR CANEVARO > AVENIDA ALVAREZ DE ARENALES,AVENIDA JULIO CESAR TELLO > JIRÓN FRANCISCO DE ZELA > AVENIDA GENERAL CESAR CANEVARO > AVENIDA GENERAL SALAVERRY > AVENIDA JAVIER PRADO OESTE > AUXILIAR AVENIDA BRASIL > JIRON CUZCO > AVENIDA ANTONIO JOSE DE SUCRE > PLAZA INDEPENDENCIA > AVENIDA JOSE ANTONIO DE SUCRE > JIRON MIGUEL GRAU > JIRON TACNA > JIRON INDEPENDECIA > JIRON DIEGO QUISPE TITO > AVENIDA UNIVERSITARIA > AVENIDA RAMON HERRERA > AVENIDA UNIVERSITARIA > OVALO BELLA UNION > PUENTE BELLA UNION > AVENIDA UNIVERSITARIA > OVALO UNIVERSIDAD > AVENIDA UNIVERSITARIA > AVENIDA ISABEL CHIMPU OCLLO > AVENIDA TUPAC AMARU,RUTA_1615_1021.pdf,
1022,1617,TRANS NORCOM CORPORATION S.A.C,Carabayllo,Miraflores,40.32,39.93,54,6,60,5.0,OMNIBUS (M3),AVENIDA TUPAC AMARU / AVENIDA 3,AVENIDA DEL EJERCITO / AVENIDA JOSE PARDO (PLAZA CENTRO AMERICA),24,23,AVENIDA TUPAC AMARU > AVENIDA ISABEL CHIMPU OCLLO > AVENIDA CHILLON TRAPICHE > CARRETERA PANAMERICANA NORTE > ACCESO AVENIDA UNIVERSITARIA > AVENIDA UNIVERSITARIA > PUENTE BELLA UNION > OVALO BELLA UNION > AVENIDA UNIVERSITARIA > AUXILIAR AVENIDA OSCAR RAIMUNDO BENAVIDES > AVENIDA AURELIO GARCIA Y GARCIA > AVENIDA REPUBLICA DE VENEZUELA > AVENIDA UNIVERSITARIA > CALLE CORONEL LEONCIO PRADO > PASAJE SAN LUIS > AVENIDA COSTANERA > AVENIDA JUAN BERTOLOTTO NEGRO > JIRON COMANDANTE ESPINAR > AVENIDA BRASIL > AVENIDA DEL EJERCITO > AVENIDA AUGUSTO PEREZ ARANIBAR > AVENIDA DEL EJERCITO > OVALO FEDERICO VILLARREAL > AVENIDA DEL EJERCITO,PLAZA CENTRO AMERICA > AVENIDA DEL EJERCITO > OVALO FEDERICO VILLARREAL > AVENIDA DEL EJERCITO > AVENIDA AUGUSTO PEREZ ARANIBAR > AVENIDA DEL EJERCITO > JIRON DIEGO FERRE > JIRON TACNA > JIRON SALAVERRY > JIRON FEDERICO GALLESE TARICCHI > JIRON INDEPENDENCIA > JIRON DIEGO QUISPE TITO > AVENIDA UNIVERSITARIA > AVENIDA RAMON HERRERA > AVENIDA UNIVERSITARIA > OVALO BELLA UNION > PUENTE BELLA UNION > AVENIDA UNIVERSITARIA > INTERCAMBIO VIAL NORTE > CARRETERA PANAMERICANA NORTE > AVENIDA CHILLON TRAPICHE > AVENIDA ISABEL CHIMPU OCLLO > AVENIDA TUPAC AMARU,RUTA_1617_1022.pdf,
1023,1618,EMPRESA DE TRANSPORTES Y SERVICIOS NUEVA AMERICA S.A.,Carabayllo,Lince,35.88,36.16,45,5,50,3.0,MINIBUS (M2-M3),AVENIDA TUPAC AMARU / AVENIDA 3,JIRON ALMIRANTE MARTIN GUISSE / JIRON BELISARIO FLORES,21,25,AVENIDA TUPAC AMARU > AVENIDA NARANJAL > OVALO NARANJAL > AVENIDA NARANJAL > AVENIDA LAS PALMERAS > AVENIDA SANTIAGO ANTUNEZ DE MAYOLO > AVENIDA UNIVERSITARIA > PUENTE BELLA UNION > OVALO BELLA UNION > AVENIDA UNIVERSITARIA > AVENIDA OSCAR RAIMUNDO BENAVIDES > AVENIDA NACIONES UNIDAS > AVENIDA REPUBLICA DE VENEZUELA > PUENTE TINGO MARIA > AVENIDA ARICA > PLAZA FRANCISCO BOLOGNESI > AVENIDA GUZMAN BLANCO > OVALO JORGE CHAVEZ > AVENIDA GENERAL SALAVERRY > AVENIDA EDGARDO REBAGLIATI > JIRON ALMIRANTE MARTIN GUISSE,JIRON BELISARIO FLORES > JIRON GENERAL JOSE MARIA CORDOVA > AVENIDA EDGARDO REBAGLIATI > AVENIDA GENERAL SALAVERRY > OVALO JORGE CHAVEZ > AVENIDA GUZMAN BLANCO > PLAZA FRANCISCO BOLOGNESI > AVENIDA ARICA > JIRON AGUARICO > AVENIDA REPUBLICA DE VENEZUELA > AVENIDA ARICA > PUENTE TINGO MARIA > AVENIDA PROLONGACION ARICA > AVENIDA NACIONES UNIDADES > AVENIDA OSCAR RAIMUNDO BENAVIDES > AVENIDA UNIVERSITARIA > OVALO BELLA UNION > PUENTE BELLA UNION > AVENIDA UNIVERSITARIA > AVENIDA SANTIAGO ANTUNEZ DE MAYOLO > AVENIDA LAS PALMERAS > AVENIDA NARANJAL > OVALO NARANJAL > AVENIDA NARANJAL > AVENIDA TUPAC AMARU,RUTA_1618_1023.pdf,
1024,2204,EMPRESA DE TRANSPORTE NOR LIMA S.A.,San Martin De Porres,San Martin De Porres,45.67,45.78,100,10,110,5.0,MINIBUS (M2-M3),AVENIDA VICTOR RAUL HAYA DE LA TORRE / CALLE SARITA COLONIA,AVENIDA VICTOR RAUL HAYA DE LA TORRE / CALLE SARITA COLONIA,67,65,AVENIDA VICTOR RAUL HAYA DE LA TORRE > AVENIDA EL OLIVAR > AVENIDA PACASMAYO > AVENIDA EL SOL DE NARANJAL > OVALO CANTA CALLAO > AVENIDA NARANJAL > AVENIDA LAS PALMERAS > AVENIDA CARLOS ALBERTO IZAGUIRRE > AVENIDA ALFREDO MENDIOLA > CARRETERA PANAMERICANA NORTE > AVENIDA ALFREDO MENDIOLA > OVALO ANGELICA GAMARRA > AVENIDA ALFREDO MENDIOLA > OVALO TOMAS VALLE > AVENIDA ALFREDO MENDIOLA > CARRETERA PANAMERICANA NORTE > AVENIDA ALFREDO MENDIOLA > OVALO HABICH > AVENIDA ALFREDO MENDIOLA > CARRETERA PANAMERICANA NORTE > PUENTE TROMPETA > CARRETERA PANAMERICANA NORTE > ACCESO PUENTE DEL EJERCITO > PUENTE DEL EJERCITO > AVENIDA ALFONSO UGARTE > PLAZA FRANCISCO BOLOGNESI > AVENIDA BRASIL > JIRON DIEGO FERRE > AVENIDA JOSE ANTONIO DE SUCRE > PLAZA INDEPENDENCIA > AVENIDA JOSE ANTONIO DE SUCRE > AVENIDA JOSE DE SAN MARTIN > PLAZA DE LA BANDERA > AVENIDA TINGO MARIA > PUENTE TINGO MARIA > AVENIDA TINGO MARIA > JIRON ZORRITOS > JIRON RAMON CARCAMO > AVENIDA REPUBLICA DE ARGENTINA > PLAZA RAMON CASTILLA > AVENIDA ALFONSO UGARTE > PUENTE DEL EJERCITO > INTERCAMBIO VIAL PUENTE CAQUETA > CARRETERA PANAMERICANA NORTE > PUENTE TROMPETA > CARRETERA PANAMERICANA NORTE > AVENIDA ALFREDO MENDIOLA > OVALO HABICH > AVENIDA ALFREDO MENDIOLA > CARRETERA PANAMERICANA NORTE > OVALO TOMAS VALLE > AVENIDA ALFREDO MENDIOLA > OVALO ANGELICA GAMARRA > AVENIDA ALFREDO MENDIOLA > CARRETERA PANAMERICANA NORTE > AVENIDA ALFREDO MENDIOLA > OVALO IZAGUIRRE > AVENIDA CARLOS ALBERTO IZAGUIRRE > AVENIDA LAS PALMERAS > AVENIDA NARANJAL > OVALO CANTA CALLAO > AVENIDA PROLONGACION NARANJAL > CALLE JIRCAN > AVENIDA TANTAMAYO > AVENIDA PARAMONGA > AVENIDA EL OLIVAR > AVENIDA VICTOR RAUL HAYA DE LA TORRE,AVENIDA VICTOR RAUL HAYA DE LA TORRE > AVENIDA EL OLIVAR > AVENIDA PARAMONGA > AVENIDA TANTAMAYO > AVENIDA CANTA CALLAO > OVALO CANTA CALLAO > AVENIDA NARANJAL > AVENIDA LAS PALMERAS > AVENIDA CARLOS ALBERTO IZAGUIRRE > AVENIDA ALFREDO MENDIOLA > CARRETERA PANAMERICANA NORTE > AVENIDA ALFREDO MENDIOLA > OVALO ANGELICA GAMARRA > AVENIDA ALFREDO MENDIOLA > OVALO TOMAS VALLE > AVENIDA ALFREDO MENDIOLA > CARRETERA PANAMERICANA NORTE > AVENIDA ALFREDO MENDIOLA > OVALO HABICH > AVENIDA ALFREDO MENDIOLA > CARRETERA PANAMERICANA NORTE > PUENTE TROMPETA > CARRETERA PANAMERICANA NORTE > ACCESO PUENTE DEL EJERCITO > PUENTE DEL EJERCITO > AVENIDA ALFONSO UGARTE > PLAZA RAMON CASTILLA > AVENIDA REPUBLICA DE ARGENTINA > JIRON RAMON CARCAMO > JIRON ZORRITOS > AVENIDA TINGO MARIA > PLAZA DE LA BANDERA > AVENIDA JOSE DE SAN MARTIN > AVENIDA JOSE ANTONIO DE SUCRE > PLAZA INDEPENDENCIA > AVENIDA JOSE ANTONIO DE SUCRE > JIRON DIEGO FERRE > AVENIDA BRASIL > PLAZA FRANCISCO BOLOGNESI > AVENIDA ALFONSO UGARTE > PUENTE DEL EJERCITO > INTERCAMBIO VIAL PUENTE CAQUETA > CARRETERA PANAMERICANA NORTE > PUENTE TROMPETA > CARRETERA PANAMERICANA NORTE > AVENIDA ALFREDO MENDIOLA > OVALO HABICH > AVENIDA ALFREDO MENDIOLA > CARRETERA PANAMERICANA NORTE > AVENIDA ALFREDO MENDIOLA > OVALO TOMAS VALLE > AVENIDA ALFREDO MENDIOLA > OVALO ANGELICA GAMARRA > AVENIDA ALFREDO MENDIOLA > CARRETERA PANAMERICANA NORTE > AVENIDA ALFREDO MENDIOLA > OVALO IZAGUIRRE > AVENIDA CARLOS ALBERTO IZAGUIRRE > AVENIDA LAS PALMERAS > AVENIDA NARANJAL > OVALO CANTA CALLAO > AVENIDA EL SOL DE NARANJAL > AVENIDA PACASMAYO > AVENIDA EL OLIVAR > AVENIDA VICTOR RAUL HAYA DE LA TORRE,RUTA_2204_1024.pdf,
1025,2209,E.T. UNIDOS DE PASAJEROS S.A. (ETUPSA 73),San Martin De Porres,Rimac,15.04,15.02,18,2,20,8.0,MINIBUS (M2-M3),AVENIDA PACASMAYO / CALLE FRANCISCO BOLOGNESI,JIRON VIRU / CALLE AYABACA,9,7,AVENIDA PACASMAYO > CALLE 6 > CALLE LA LIBERTAD > AVENIDA CARLOS ALBERTO IZAGUIRRE > OVALO IZAGUIRRE > AVENIDA CARLOS ALBERTO IZAGUIRRE > AVENIDA TUPAC AMARU > JIRON DIEGO CORDOVA DE SALINAS > JIRON VIRU,JIRON AYABACA > AVENIDA FRANCISCO PIZARRO > AVENIDA TUPAC AMARU > AVENIDA CARLOS ALBERTO IZAGUIRRE > OVALO IZAGUIRRE > AVENIDA CARLOS ALBERTO IZAGUIRRE > AVENIDA PACASMAYO,RUTA_2209_1025.pdf,
1026,2212,E.T. ESPECIAL SOLIDARIDAD S.A.,San Martin De Porres,Rimac,17.26,17.36,21,3,24,5.0,MINIBUS (M2-M3),AVENIDA LAS TORRES / AVENIDA LOS SUCES,AVENIDA 9 DE OCTUBRE / JIRON MARAÑON,32,33,AVENIDA LAS TORRES > AVENIDA CENTRAL > AVENIDA TANTAMAYO > AVENIDA CANTA CALLAO > OVALO CANTA CALLAO > AVENIDA NARANJAL > AVENIDA LAS PALMERAS > AVENIDA CARLOS ALBERTO IZAGUIRRE > OVALO IZAGUIRRE > AVENIDA ALFREDO MENDIOLA > CARRETERA PANAMERICANA NORTE > AVENIDA ALFREDO MENDIOLA > OVALO ANGELICA GAMARRA > AVENIDA ALFREDO MENDIOLA > OVALO TOMAS VALLE > AVENIDA ALFREDO MENDIOLA > CARRETERA PANAMERICANA NORTE > AVENIDA ALFREDO MENDIOLA > OVALO HABICH > AVENIDA ALFREDO MENDIOLA > CARRETERA PANAMERICANA NORTE > PUENTE TROMPETA > CARRETERA PANAMERICANA NORTE > INTERCAMBIO VIAL CAQUETA > AVENIDA CAQUETA > CALLE VIRREY AMAT > JIRON DIEGO CORDOVA DE SALINAS > AVENIDA LOS PROCERES > JIRON VIRU > JIRON CHICLAYO > JIRON LORETO > AVENIDA 9 DE OCTUBRE,JIRON MARAÑON > JIRON CASTAÑETA > JIRON CAJAMARCA > AVENIDA FRANCISCO PIZARRO > JIRON PIÑONATE > AVENIDA LOS PROCERES > AVENIDA CAQUETA > ACCESO AVENIDA ZARUMILLA > AVENIDA ZARUMILLA > CARRETERA PANAMERICANA NORTE > PUENTE TROMPETA > CARRETERA PANAMERICANA NORTE > AVENIDA ALFREDO MENDIOLA > OVALO HABICH > AVENIDA ALFREDO MENDIOLA > CARRETERA PANAMERICANA NORTE > AVENIDA ALFREDO MENDIOLA > OVALO TOMAS VALLE > AVENIDA ALFREDO MENDIOLA > OVALO ANGELICA GAMARRA > AVENIDA ALFREDO MENDIOLA > CARRETERA PANAMERICANA NORTE > AVENIDA ALFREDO MENDIOLA > OVALO IZAGUIRRE > AVENIDA CARLOS ALBERTO IZAGUIRRE > AVENIDA LAS PALMERAS > AVENIDA NARANJAL > AVENIDA LOS PROCERES DE HUANDOY > AVENIDA RIO MARAÑON > AVENIDA CANTA CALLAO > AVENIDA TANTAMAYO > AVENIDA CENTRAL > AVENIDA LAS TORRES,RUTA_2212_1026.pdf,
1027,2412,COOP DE TRANSP COMITE CIEN LTDA,El Rimac,Ate,28.95,28.78,50,5,55,5.0,OMNIBUS (M3),CALLE 3 / CALLE EDUARDO DIBOS (REF. MERCADO SAN JUAN DE AMANCAES),AVENIDA 26 DE MAYO / CALLE LOS CIPRECES,45,45,"CALLE 3 > AVENIDA 24 DE JUNIO > CALLE PEDRO ARZOLA > CALLE CARLOS VALDERRAMA > AVENIDA EL SOL > CALLE JOSE SANTOS CHOCANO > AVENIDA CAJATAMBO > AVENIDA AMANCAES > AVENIDA AMANCAES (VUELTA EN ""U"" ALT. ABELARDO GAMARRA) > AVENIDA AMANCAES > AVENIDA SAMUEL ALCAZAR > AVENIDA ALAMEDA DE LOS BOBOS > JIRON TRUJILLO > JIRON YUTAY > JIRON CHICLAYO > JIRON LORETO > PUENTE RICARDO PALMA > AVENIDA ABANCAY > PUENTE ABANCAY > AVENIDA MANCO CAPAC > AVENIDA ISABEL LA CATOLICA > AVENIDA PROLONGACION PARINACOCHAS > AVENIDA MEXICO > AVENIDA AVIACION > OVALO ARRIOLA > AVENIDA SAN JUAN > AVENIDA SAN LUIS > AVENIDA CANADA > AVENIDA CIRCUNVALACION > AUXILIAR AVENIDA CIRCUNVALACION > AVENIDA MARISCAL NIETO > AVENIDA DE LAS TORRES > AVENIDA LOS QUECHUAS > JIRON TERPSICORE > AVENIDA SANTA ROSA > AVENIDA NICOLAS AYLLLON > CARRETERA CENTRAL > AVENIDA LA MOLINA > AVENIDA SEPARADORA INDUSTRIAL > OVALO DE MAYORAZGO > AVENIDA ASTURIAS > AVENIDA DE LA CULTURA > AVENIDA LOS VIRREYES > CALLE MADRE DE DIOS > AVENIDA 26 DE MAYO",AVENIDA 26 DE MAYO > CALLE MADRE DE DIOS > AVENIDA LOS VIRREYES > AVENIDA DE LA CULTURA > AVENIDA ASTURIAS > OVALO DE MAYORAZGO > AVENIDA SEPARADORA INDUSTRIAL > AVENIDA LA MOLINA > CARRETERA CENTRAL > AVENIDA NICOLAS AYLLLON > AVENIDA SANTA ROSA > JIRON TERPSICORE > AVENIDA LOS QUECHUAS > AVENIDA DE LAS TORRES > AVENIDA MARISCAL NIETO > AVENIDA CIRCUNVALACION > AUXILIAR AVENIDA CIRCUNVALACION > AVENIDA CANADA > AVENIDA SAN LUIS > AVENIDA SAN JUAN > OVALO ARRIOLA > AVENIDA AVIACION > AVENIDA MEXICO > AVENIDA MANCO CAPAC > PUENTE ABANCAY > AVENIDA ABANCAY > PUENTE RICARDO PALMA > AVENIDA 9 DE OCTUBRE > JIRON MARAÑON > JIRON CASTAÑETA > JIRON CAJAMARCA > CALLE HUASCAR > JIRON MADERA > ALAMEDA PASEO DE LOS DESCALZOS > AVENIDA ALAMEDA DE LOS BOBOS > AVENIDA SAMUEL ALCAZAR > AVENIDA AMANCAES > CALLE 3 > CALLE ENCALADA LORENZO > CALLE ARMANDO FILOMENO > AVENIDA EL SOL > CALLE CARLOS VALDERRAMA > CALLE PEDRO ARZOLA > AVENIDA 24 DE JUNIO > CALLE 3,RUTA_2412_1027.pdf,
1028,2502,EMPRESA DE TRANSPORTES 30 DE AGOSTO S.A.,San Martin De Porres,Lima (Cercado),11.54,10.18,21,3,24,5.0,MINIBUS (M2-M3),AV. 12 DE OCTUBRE / CALLE BOCANEGRA,AVENIDA REPUBLICA DE ARGENTINA / AVENIDA ALFONSO UGARTE (PLAZA RAMON CASTILLA),17,11,AVENIDA 12 DE OCTUBRE > AVENIDA SANTIAGO ANTUNEZ DE MAYOLO > AVENIDA UNIVERSITARIA > OVALO JOSE GRANDA > AVENIDA UNIVERSITARIA > AVENIDA LIMA > CALLE CAMANA > AVENIDA PERU > BY PASS AVENIDA PERU > AVENIDA PERU > AVENIDA CANADÁ > PUENTE DUEÑAS > AVENIDA MORALES DUAREZ (VUELTA “U” EN ALT. JR. CHAVEZ) > AVENIDA MORALES DUAREZ > AVENIDA PACASMAYO > AVENIDA REPUBLICA DE ARGENTINA > PLAZA RAMON CASTILLA,AVENIDA REPUBLICA DE ARGENTINA > JIRÓN ASCOPE > AVENIDA MORALES DUAREZ > PUENTE DUEÑAS > AVENIDA CANADÁ > AVENIDA PERU > AVENIDA UNIVERSITARIA > OVALO JOSE GRANDA > AVENIDA UNIVERSITARIA > AVENIDA SANTIAGO ANTUNEZ DE MAYOLO > AVENIDA 12 DE OCTUBRE,RUTA_2502_1028.pdf,
1029,2510,E.T. ALIPIO PONCE VASQUEZ S.A.,Independencia,San Miguel,24.84,24.12,18,2,20,5.0,OMNIBUS (M3),CALLE HUANACAURE / CALLE MANCO III,CALLE AGUSTIN GAMARRA / AVENIDA COSTANERA,51,52,CALLE HUANACAURE > CALLE BAÑOS DEL INCA > JIRON QUILLABAMBA > CALLE VILCASHUAMAN > JIRON QUILLABAMBA > CALLE HERMANOS AYAR > JIRON HUAROCONDOR > AVENIDA VALLE SAGRADO DE LOS INCAS > AVENIDA CORICANCHA > JIRON YAURI > AVENIDA CORICANCHA > AVENIDA ANTISUYO > AVENIDA CHINCHAYSUYO > AVENIDA TUPAC AMARU > AVENIDA TUPAC AMARU (VULTA EN U ALTURA AVENIDA NARANJAL) > AVENIDA TUPAC AMARU > AVENIDA GERARDO UNGER > AVENIDA CARLOS ALBERTO IZAGUIRRE > OVALO IZAGUIRRE > AVENIDA ALFREDO MENDIOLA > CARRETERA PANAMERICANA NORTE > AVENIDA ALFREDO MENDIOLA > OVALO ANGELICA GAMARRA > AVENIDA ALFREDO MENDIOLA > OVALO TOMAS VALLE > AVENIDA TOMAS VALLE > AVENIDA MARCO POLO > AVENIDA FRAY BARTOLOME DE LAS CASAS > JIRON ALHELI > AVENIDA HONORIO DELGADO > AVENIDA TUPAC AMARU > AVENIDA CAQUETA > INTERCAMBIO VIAL PUENTE CAQUETA > PUENTE DEL EJERCITO > AVENIDA ALFONSO UGARTE > PLAZA RAMON CASTILLA > AVENIDA REPUBLICA DE ARGENTINA > JIRON RAMON CARCAMO > JIRON ZORRITOS > AVENIDA TINGO MARIA > PLAZA DE LA BANDERA > AVENIDA JOSE DE SAN MARTIN > AVENIDA ANTONIO JOSE DE SUCRE > PLAZA INDEPENDENCIA > AVENIDA ANTONIO JOSE DE SUCRE > JIRON MIGUEL GRAU > JIRON TACNA > JIRON MARISCAL RAMÓN CASTILLA > JIRON FEDERICO GALLESE TARICHI > AVENIDA LA PAZ > CALLE AGUSTIN GAMARRA,CALLE AGUSTIN GAMARRA > AVENIDA LA PAZ > PASAJE SAN LUIS > AVENIDA COSTANERA > AVENIDA JUAN BERTOLOTTO NEGRO > JIRON COMANDANTE ESPINAR > AVENIDA ANTONIO JOSE DE SUCRE > PLAZA INDEPENDENCIA > AVENIDA ANTONIO JOSE DE SUCRE > AVENIDA JOSE DE SAN MARTIN > PLAZA DE LA BANDERA > AVENIDA TINGO MARIA > JIRON ZORRITOS > JIRON RAMON CARCAMO > AVENIDA REPUBLICA DE ARGENTINA > PLAZA RAMON CASTILLA > AVENIDA ALFONSO UGARTE > PUENTE DEL EJERCITO > INTERCAMVIO VIAL PUENTE CAQUETA > AVENIDA CAQUETA > AVENIDA TUPAC AMARU > AVENIDA HONORIO DELGADO > JIRON ALHELI > AVENIDA FRAY BARTOLOME DE LAS CASAS > AVENIDA MARCO POLO > AVENIDA TOMAS VALLE > OVALO TOMAS VALLE > AVENIDA ALFREDO MENDIOLA > OVALO ANGELICA GAMARRA > AVENIDA ALFREDO MENDIOLA > CARRETERA PANAMERICANA NORTE > AVENIDA ALFREDO MENDIOLA > OVALO IZAGUIRRE > AVENIDA CARLOS ALBERTO IZAGUIRRE > AVENIDA TUPAC AMARU > CALLE YAHUAR HUACA > AVENIDA CONTISUYO > AVENIDA CHINCHAYSUYO > CALLE QUIPAYPAMPA > CALLE INCA YUPANQUI > AVENIDA ANTISUYO > AVENIDA CORICANCHA > JIRON YAURI > AVENIDA CORICANCHA > AVENIDA VALLE SAGRADO DE LOS INCAS > JIRON HUAROCONDOR > CALLE HERMANOS AYAR > JIRON QUILLABAMBA > CALLE NAZCA > JIRON QUILLABAMBA > CALLE BAÑOS DEL INCA > CALLE HUANACAURE,RUTA_2510_1029.pdf,
1030,2511,EMPRESA DE TRANSPORTES CORAZON DE JESUS DE SAN DIEGO S.A.,San Martin De Porres,San Martin De Porres,48.36,49.18,67,7,74,6.0,OMNIBUS (M3),AV. SAN DIEGO DE ALCALA / AV. CHUQUITANTA,AV. SAN DIEGO DE ALCALA / AV. CHUQUITANTA,59,62,AVENIDA SAN DIEGO DE ALCALA > AVENIDA VIRGEN DEL CARMEN > CALLE SANTA TERESITA DEL NIÑO JESUS > CALLE SANTA VERONICA > CALLE SANTA MARIA DE LOS ANGELES > AVENIDA SANTISIMA CRUZ > AVENIDA SAN DIEGO DE ALCALA > AVENIDA LA CORDIALIDAD > CALLE HONRADEZ > AVENIDA HONESTIDAD > AVENIDA CONFRATERNIDAD > CARRETERA PANAMERICANA NORTE > INTERCAMBIO VIAL NORTE > CARRETERA PANAMERICANA NORTE > AVENIDA ALFREDO MENDIOLA > OVALO IZAGUIRRE > AVENIDA ALFREDO MENDIOLA > CARRETERA PANAMERICANA NORTE > AVENIDA ALFREDO MENDIOLA > OVALO ANGELICA GAMARRA > AVENIDA ALFREDO MENDIOLA > OVALO TOMAS VALLE > AVENIDA ALFREDO MENDIOLA > CARRETERA PANAMERICANA NORTE > AVENIDA ALFREDO MENDIOLA > OVALO HABICH > AVENIDA ALFREDO MENDIOLA > CARRETERA PANAMERICANA NORTE > PUENTE TROMPETA > CARRETERA PANAMERICANA NORTE > ACCESO PUENTE DEL EJERCITO > PUENTE DEL EJERCITO > AVENIDA ALFONSO UGARTE > PLAZA RAMON CASTILLA > AVENIDA ALFONSO UGARTE > PLAZA 2 DE MAYO > AVENIDA ALFONSO UGARTE > PLAZA FRANCISCO BOLOGNESI > AVENIDA BRASIL > VIA AUXILIAR AVENIDA BRASIL > JIRON MIGUEL GRAU > JIRON TACNA > JIRON GENERAL JOSE DE LA MAR > JIRON FEDERICO GALLESE TARICCHI > AVENIDA LA PAZ > CALLE SANTA ROSA > JIRON LIBERTAD > AVENIDA DE LOS INSURGENTES > AVENIDA REPUBLICA DE VENEZUELA > AVENIDA ELMER FAUCETT > PUENTE ELMER FAUCETT > AVENIDA ELMER FAUCETT > OVALO AEROPUERTO > AVENIDA ELMER FAUCETT > AVENIDA CANTA CALLAO > OVALO CANTA CALLAO > AVENIDA CANTA CALLAO > AVENIDA VIRGEN DEL CARMEN > AVENIDA SAN DIEGO DE ALCALA,AVENIDA SAN DIEGO DE ALCALA > AVENIDA VIRGEN DEL CARMEN > AVENIDA CANTA CALLAO > OVALO CANTA CALLAO > AVENIDA CANTA CALLAO > AVENIDA ELMER FAUCETT > OVALO AEROPUERTO > AVENIDA ELMER FAUCETT > PUENTE ELMER FAUCETT > AVENIDA ELMER FAUCETT > AVENIDA REPUBLICA DE VENEZUELA > AVENIDA DE LOS INSURGENTES > JIRON LIBERTAD > CALLE 28 DE JULIO > AVENIDA LA PAZ > PASAJE SAN LUIS > AVENIDA COSTANERA > JIRON INDEPENDENCIA > AVENIDA LIMA > JIRON GENERALISIMO JOSE DE SAN MARTIN > JIRON FRANCISCO BOLOGNESI > AVENIDA BRASIL > PLAZA FRANCISCO BOLOGNESI > AVENIDA ALFONSO UGARTE > PLAZA 2 DE MAYO > AVENIDA ALFONSO UGARTE > PLAZA RAMON CASTILLA > AVENIDA ALFONSO UGARTE > PUENTE DEL EJERCITO > INTERCAMBIO VIAL PUENTE CAQUETA > CARRETERA PANAMERICANA NORTE > PUENTE TROMPETA > CARRETERA PANAMERICANA NORTE > AVENIDA ALFREDO MENDIOLA > OVALO HABICH > AVENIDA ALFREDO MENDIOLA > CARRETERA PANAMERICANA NORTE > AVENIDA ALFREDO MENDIOLA > OVALO TOMAS VALLE > AVENIDA ALFREDO MENDIOLA > OVALO ANGELICA GAMARRA > AVENIDA ALFREDO MENDIOLA > CARRETERA PANAMERICANA NORTE > AVENIDA ALFREDO MENDIOLA > OVALO IZAGUIRRE > AVENIDA ALFREDO MENDIOLA > CARRETERA PANAMERICANA NORTE > INTERCAMBIO VIAL NORTE > CARRETERA PANAMERICANA NORTE > AVENIDA LOS PROCERES DE HUANDOY > AVENIDA HONESTIDAD > AVENIDA CONFRATERNIDAD > CALLE LA REFLEXION > CALLE HONRADEZ > AVENIDA LA CORDIALIDAD > AVENIDA SAN DIEGO DE ALCALA > AVENIDA SANTISIMA CRUZ > CALLE SANTA MARIA DE LOS ANGELES > CALLE SANTA VERONICA > CALLE SANTA TERESITA DEL NIÑO JESUS > AVENIDA VIRGEN DEL CARMEN > AVENIDA SAN DIEGO DE ALCALA,RUTA_2511_1030.pdf,
1031,2513,TRANSLIMA S.A.,San Martin De Porres,Jesus Maria,21.76,21.64,50,5,55,5.0,MINIBUS (M2-M3),AVENIDA ALEJANDRO BERTELLO / CALLE SN (GRIFO PRIMAX),AVENIDA 28 DE JULIO / AVENIDA GUZMAN BLANCO (PLAZA JORGE CHAVEZ),25,24,AVENIDA ALEJANDRO BERTELLO > AVENIDA CARLOS ALBERTO IZAGUIRRE > OVALO IZAGUIRRE > AVENIDA ALFREDO MENDIOLA > CARRETERA PANAMERICANA NORTE > AVENIDA ALFREDO MENDIOLA > OVALO ANGELICA GAMARRA > AVENIDA ALFREDO MENDIOLA > OVALO TOMAS VALLE > AVENIDA TOMAS VALLE > AVENIDA GERMAN AGUIRRE > AVENIDA UNIVERSITARIA > PUENTE BELLA UNION > OVALO BELLA UNION > AVENIDA UNIVERISTARIA > AUXILIAR AVENIDA OSCAR RAIMUNDO BENAVIDES > AVENIDA OSCAR RAIMUNDO BENAVIDES > AVENIDA AURELIO GARCIA Y GARCIA > AVENIDA REPUBLICA DE VENEZUELA > AUXILIAR AVENIDA REPUBLICA DE VENEZUELA > AVENIDA UNIVERSITARIA > AVENIDA SIMON BOLIVAR > AVENIDA HUSARES DE JUNIN > AVENIDA GENERAL EUGENIO GARZON > AVENIDA 28 DE JULIO,PLAZA JORGE CHAVEZ > AVENIDA 28 DE JULIO > CALLE LOS MOGABUROS > AVENIDA ARNALDO MARQUEZ > AVENIDA REPUBLICA DOMINICANA > VIA AUXILIAR AVENIDA BRASIL > AVENIDA SIMON BOLIVAR > AVENIDA UNIVERSITARIA > AVENIDA RAMON HERRERA > AVENIDA UNIVERSITARIA > OVALO BELLA UNION > PUENTE BELLA UNION > AVENIDA UNIVERISTARIA > AVENIDA GERMAN AGUIRRE > AVENIDA TOMAS VALLE > OVALO TOMAS VALLE > AVENIDA ALFREDO MENDIOLA > OVALO ANGELICA GAMARRA > AVENIDA ALFREDO MENDIOLA > CARRETERA PANAMERICANA NORTE > AVENIDA ALFREDO MENDIOLA > OVALO IZAGUIRRE > AVENIDA CARLOS ALBERTO IZAGUIRRE > AVENIDA ALEJANDRO BERTELLO,RUTA_2513_1031.pdf,
1032,2603,EMPRESA DE TRANSPORTES SAN JUAN DE LA CRUZ S.A.C.,San Martin De Porres,La Victoria,22.67,22.94,22,3,25,8.0,MINIBUS (M2-M3),AVENIDA SAN NICOLAS / AVENIDA EL SOL DE NARANJAL,AVENIDA AVIACION (OVALO DE ARRIOLA),38,37,AVENIDA SAN NICOLAS > AVENIDA TANTAMAYO > CALLE JIRCAN > AVENIDA PROLONGACION NARANJAL > OVALO CANTA CALLAO > AVENIDA NARANJAL > AVENIDA LAS PALMERAS > AVENIDA CARLOS ALBERTO IZAGUIRRE > OVALO IZAGUIRRE > AVENIDA ALFREDO MENDIOLA > CARRETERA PANAMERICANA NORTE > AVENIDA ALFREDO MENDIOLA > OVALO ANGELIZA GAMARRA > AVENIDA ALFREDO MENDIOLA > OVALO TOMAS VALLE > AVENIDA ALFREDO MENDIOLA > CARRETERA PANAMERICANA NORTE > AVENIDA ALFREDO MENDIOLA > OVALO HABICH > AVENIDA ALFREDO MENDIOLA > CARRETERA PANAMERICANA NORTE > PUENTE TROMPETA > CARRETERA PANAMERICANA NORTE > INTERCAMBIO VIAL PUENTE CAQUETA > VIA DE EVITAMIENTO > ACCESO PUENTE HUANUCO > JIRON HUANUCO > PUENTE HUANUCO > JIRON HUANUCO > JIRON AMAZONAS > JIRON HUANTA > PUENTE NICOLAS DE PIEROLA > AVENIDA ALMIRANTE MIGUEL GRAU > JIRON MENDOZA MERINO > AVENIDA JAIME BAUSATE Y MEZA > AVENIDA PROLONGACION PARINACOCHAS > AVENIDA MEXICO > AVENIDA AVIACION,AVENIDA AVIACION > AVENIDA MEXICO > AVENIDA PROLONGACION PARINACOCHAS > AVENIDA 28 DE JULIO > JIRON PROLONGACION CANGALLO > PUENTE CANGALLO > JIRON CANGALLO > JIRON SANTA ROSA > JIRON HUANUCO > PUENTE HUANUCO > JIRON HUANUCO > INTERCAMBIO VIAL PUENTE HUANUCO > VIA DE EVITAMIENTO > INTERCAMBIO VIAL PUENTE CAQUETA > CARRETERA PANAMERICANA NORTE > PUENTE TROMPETA > CARRETERA PANAMERICANA NORTE > AVENIDA ALFREDO MENDIOLA > OVALO HABICH > AVENIDA ALFREDO MENDIOLA > CARRETERA PANAMERICANA NORTE > AVENIDA ALFREDO MENDIOLA > OVALO TOMAS VALLE > AVENIDA ALFREDO MENDIOLA > OVALO ANGELIZA GAMARRA > AVENIDA ALFREDO MENDIOLA > CARRETERA PANAMERICANA NORTE > AVENIDA ALFREDO MENDIOLA > OVALO IZAGUIRRE > AVENIDA CARLOS ALBERTO IZAGUIRRE > AVENIDA LAS PALMERAS > AVENIDA NARANJAL > OVALO CANTA CALLAO > AVENIDA PROLONGACION NARANJAL > CALLE JIRCAN > AVENIDA TANTAMAYO > AVENIDA SAN NICOLAS,RUTA_2603_1032.pdf,
1033,2604,E.T. DE LUXE S.A.C,San Martin De Porres,La Victoria,20.31,20.85,38,4,42,5.0,MINIBUS (M2-M3),AVENIDA LOS ALISOS / AVENIDA VICTOR RAUL HAYA DE LA TORRE,AVENIDA ISABEL LA CATOLICA / JIRON PROLONGACION HUANUCO,33,32,AVENIDA LOS ALISOS > AVENIDA PACASMAYO > AVENIDA EL SOL DE NARANJAL > OVALO CANTA CALLAO > AVENIDA NARANJAL > AVENIDA LAS PALMERAS > AVENIDA CARLOS ALBERTO IZAGUIRRE > OVALO IZAGUIRRE > AVENIDA ALFREDO MENDIOLA > CARRETERA PANAMERICANA NORTE > AVENIDA ALFREDO MENDIOLA > OVALO ANGELICA GAMARRA > AVENIDA ALFREDO MENDIOLA > OVALO TOMAS VALLE > AVENIDA ALFREDO MENDIOLA > CARRETERA PANAMERICANA NORTE > AVENIDA ALFREDO MENDIOLA > OVALO HABICH > AVENIDA ALFREDO MENDIOLA > CARRETERA PANAMERICANA NORTE > PUENTE TROMPETA > CARRETERA PANAMERICANA NORTE > VIA DE EVITAMIENTO > ACCESO PUENTE HUANUCO > PUENTE HUANUCO > JIRON AMAZONAS > JIRON HUANTA > JIRON PUNO > JIRON LUCANAS > JIRON PROLONGACION LUCANAS > AVENIDA JAIME BAUSATE Y MEZA > AVENIDA PROLONGACION PARINACOCHAS > AVENIDA ISABEL LA CATOLICA,JIRON PROLONGACION HUANUCO > AVENIDA 28 DE JULIO > JIRON PROLONGACION CANGALLO > PUENTE CANGALLO > JIRON CANGALLO > JIRON SANTA ROSA > JIRON HUANUCO > PUENTE HUANUCO > INTERCAMBIO VIAL PUENTE HUANUCO > VIA DE EVITAMIENTO > CARRETERA PANAMERICANA NORTE > PUENTE TROMPETA > CARRETERA PANAMERICANA NORTE > AVENIDA ALFREDO MENDIOLA > OVALO HABICH > AVENIDA ALFREDO MENDIOLA > CARRETERA PANAMERICANA NORTE > AVENIDA ALFREDO MENDIOLA > OVALO TOMAS VALLE > AVENIDA ALFREDO MENDIOLA > OVALO ANGELICA GAMARRA > AVENIDA ALFREDO MENDIOLA > CARRETERA PANAMERICANA NORTE > AVENIDA ALFREDO MENDIOLA > OVALO IZAGUIRRE > AVENIDA CARLOS ALBERTO IZAGUIRRE > AVENIDA LAS PALMERAS > AVENIDA NARANJAL > OVALO CANTA CALLAO > AVENIDA EL SOL DE NARANJAL > AVENIDA PACASMAYO > AVENIDA LOS ALISOS,RUTA_2604_1033.pdf,
1034,2607,EMPRESA INDEPENDIENTE DE TRANSPORTES S.A.,Rimac,La Victoria,10.68,8.79,31,4,35,4.0,MINIBUS (M2-M3),AVENIDA AMANCAES / CALLE PUNTA HERMOSA,AVENIDA JAIME BAUSATE Y MEZA / JIRON HUANUCO,26,22,"AVENIDA AMANCAES > AVENIDA 24 DE JUNIO > CALLE VALLE RIESTRA > CALLE BRAULIO SANCHO DAVILA > AVENIDA CARLOS VALDERRAMA > AVENIDA EL SOL > AVENIDA JOSE SANTOS CHOCANO > AVENIDA CAJATAMBO > AVENIDA AMANCAES > AVENIDA AMANCAES (VUELTA EN ""U"" ALT. AVENIDA ABELARDO GAMARRA) > AVENIDA AMANCAES > AVENIDA SAMUEL ALCAZAR > JIRON ALAMEDA DE LOS BOBOS > JIRON TRUJILLO > JIRON YUTAY > JIRON CHICLAYO > JIRON LORETO > AVENIDA 9 DE OCTUBRE > INTERCAMBIO VIAL PUENTE HUANUCO > PUENTE HUANUCO > JIRON AMAZONAS > JIRON HUANTA > PUENTE NICOLAS DE PIEROLA > AVENIDA ALMIRANTE MIGUEL GRAU > JIRON MENDOZA MERINO > AVENIDA JAIME BAUSATE Y MEZA",JIRON HUANUCO > PUENTE HUANUCO > INTERCAMBIO VIAL PUENTE HUANUCO > AVENIDA 9 DE OCTUBRE > JIRON MARAÑON > JIRON CASTAÑETA > JIRON CAJAMARCA > CALLE HUASCAR > JIRON ALMAGRO EL JOVEN > JIRON MADERA > JIRON ALAMEDA DE LOS DESCALZOS > JIRON ALAMEDA DE LOS BOBOS > AVENIDA SAMUEL ALCAZAR > AVENIDA AMANCAES > AVENIDA CAJATAMBO > AVENIDA ARMANDO FILOMENO > AVENIDA EL SOL > AVENIDA CARLOS VALDERRAMA > CALLE BRAULIO SANCHO DAVILA > CALLE 2 > PASAJE BALTA > AVENIDA AMANCAES,RUTA_2607_1034.pdf,
1035,2608,EMPRESA DE TRANSPORTES Y SERVICIOS ESPECIALES LA BALA S.A.,El Rimac,La Victoria,10.97,8.84,24,3,27,5.0,MINIBUS (M2-M3),CALLE LA PLANICIE / CALLE NEWTON (AA.HH. FLOR DE AMANCAES),AVENIDA JAIME BAUSATE Y MEZA / JIRON HUANUCO,28,24,"CALLE LA PLANICIE (AA.HH. HORACIO ZEBALLOS) > CALLE PUNTA HERMOSA > PROLONGACION FLOR DE AMANCAES > AVENIDA FLOR DE AMANCAES > CALLE 24 DE JUNIO > CALLE PEDRO ARZOLA > CALLE CARLOS VALDERRAMA > AVENIDA EL SOL > CALLE JOSE SANTOS CHOCANO > AVENIDA CAJATAMBO > AVENIDA AMANCAES > AVENIDA AMANCAES (VUELTA EN ""U"" ALT. AVENIDA ABELARDO GAMARRA) > AVENIDA AMANCAES > AVENIDA SAMUEL ALCAZAR > AVENIDA ALAMEDA DE LOS BOBOS > JIRON TRUJILLO > JIRON YUTAY > JIRON CHICLAYO > JIRON LORETO > AVENIDA 09 DE OCTUBRE > INTERCAMBIO VIAL PUENTE HUANUCO > PUENTE HUANUCO > JIRON AMAZONAS > JIRON HUANTA > PUENTE NICOLAS DE PIEROLA > AVENIDA ALMIRANTE MIGUEL GRAU > JIRON MENDOZA MERINO > AVENIDA JAIME BAUSATE Y MEZA",JIRON HUANUCO > PUENTE HUANUCO > INTERCAMBIO VIAL PUENTE HUANUCO > AVENIDA 09 DE OCTUBRE > JIRON MARAÑON > JIRON CASTAÑETA > JIRON CAJAMARCA > JIRON HUASCAR > JIRON MADERA > AVENIDA ALAMEDA DE LOS DESCALZOS > AVENIDA ALAMEDA DE LOS BOBOS > AVENIDA SAMUEL ALCAZAR > AVENIDA AMANCAES > CALLE 3 > AVENIDA LORENZO DE ENCALADA > AVENIDA ARMANDO FILOMENO > AVENIDA EL SOL > AVENIDA CARLOS VALDERRAMA > CALLE 2 > PASAJE BALTA > AVENIDA FLOR DE AMANCAES > PROLONGACION FLOR DE AMANCAES > CALLE PUNTA HERMOSA > CALLE LA PLANICIE (AA.HH. HORACIO ZEBALLOS),RUTA_2608_1035.pdf,
1036,2609,EMPRESA DE TRANSPORTE EL BAJOPONTINO S.A.,El Rimac,La Victoria,8.75,7.35,21,3,24,5.0,MINIBUS (M2-M3),AVENIDA 24 DE JUNIO / CALLE LIMA,AVENIDA JAIME BAUSATE Y MEZA / JIRON HUANUCO,25,21,AVENIDA 24 DE JUNIO > CALLE 3 > AVENIDA EDUARDO DIBOS > AVENIDA AMANCAES > AVENIDA EL SOL > AVENIDA JOSE SANTOS CHOCANO > AVENIDA CAJATAMBO > AVENIDA ANTON SANCHEZ > AVENIDA SAMUEL ALCAZAR > ALAMEDA LOS BOBOS > JIRON TRUJILLO > JIRON YUTAY > JIRON CHICLAYO > JIRON LORETO > AVENIDA 9 DE OCTUBRE > INTERCAMBIO VIAL PUENTE HUANUCO > PUENTE HUANUCO > JIRON AMAZONAS > JIRON HUANTA > PUENTE NICOLAS DE PIEROLA > AUIXILIAR AVENIDA ALMIRANTE MIGUEL GRAU > JIRON MENDOZA MERINO > JIRON ANTONIO RAYMONDI > JIRON ABTAO > AVENIDA JAIME BAUSATE Y MEZA,JIRON HUANUCO > PUENTE HUANUCO > INTERCAMBIO VIAL PUENTE HUANUCO > AVENIDA 9 DE OCTUBRE > JIRON MARAÑON > JIRON CASTAÑETA > JIRON CAJAMARCA > CALLE HUASCAR > CALLE ALMAGRO JOVEN > JIRON MADERA > ALAMEDA DE LOS DESCALZOS > ALAMEDA LOS BOBOS > AVENIDA SAMUEL ALCAZAR > AVENIDA ANTON SANCHEZ > AVENIDA CAJATAMBO > AVENIDA ARMANDO FILOMENO > AVENIDA EL SOL > AVENIDA AMANCAES > AVENIDA EDUARDO DIBOS > CALLE 3 > AVENIDA 24 DE JUNIO,RUTA_2609_1036.pdf,
1037,2611,EMP.DE TRANS.Y SERV.LIMA CHORRILLOS S.A.,San Martin De Porres,La Victoria,24.96,23.45,49,5,54,5.0,OMNIBUS (M3),AVENIDA EL SOL DE NARANJAL / AVENIDA JOSEFINA,AVENIDA AVIACION (OVALO DE ARRIOLA),37,29,AVENIDA EL SOL DE NARANJAL > AVENIDA LOS EUCALIPTOS > AVENIDA PARAMONGA > AVENIDA EL OLIVAR > AVENIDA PACASMAYO > AVENIDA EL SOL DE NARANJAL > OVALO CANTA CALLAO > AVENIDA NARANJAL > AVENIDA LAS PALMERAS > AVENIDA CARLOS ALBERTO IZAGUIRRE > OVALO IZAGUIRRE > AVENIDA CARLOS ALBERTO IZAGUIRRE > AVENIDA TUPAC AMARU > AVENIDA FRANCISCO PIZARRO > AVENIDA MORRO DE ARICA > AVENIDA SAMUEL ALCAZAR > ALAMEDA DE LOS BOBOS > JIRON TRUJILLO > JIRON YUTAY > JIRON CHICLAYO > JIRON LORETO > AVENIDA 9 DE OCTUBRE > INTERCAMBIO VIAL PUENTE HUANUCO > JIRON HUANUCO > PUENTE HUANUCO > JIRON HUANUCO > JIRON AMAZONAS > JIRON HUANTA > PUENTE NICOLAS DE PIEROLA > AUXILIAR AVENIDA ALMIRANTE MIGUEL GRAU > JIRON MENDOZA MERINO > AVENIDA JAIME BAUSATE Y MEZA > AVENIDA PROLONGACION LA MAR > JIRON HIPOLITO UNANUE > JIRON PROLONGACION LUCANAS > AVENIDA MEXICO > AVENIDA AVIACION,AVENIDA AVIACION > AVENIDA MEXICO > JIRON HUANUCO > PUENTE HUANUCO > JIRON HUANUCO > INTERCAMBIO VIAL PUENTE HUANUCO > AVENIDA 9 DE OCTUBRE > JIRON MARAÑON > JIRON CASTAÑETA > JIRON HUASCAR > JIRON MADERA > JIRON ATAHUALPA > ALAMEDA DE LOS BOBOS > AVENIDA SAMUEL ALCAZAR > AVENIDA MORRO DE ARICA > AVENIDA FRANCISCO PIZARRO > AVENIDA TUPAC AMARU > AVENIDA CARLOS ALBERTO IZAGUIRRE > OVALO IZAGUIRRE > AVENIDA CARLOS ALBERTO IZAGUIRRE > AVENIDA LAS PALMERAS > AVENIDA NARANJAL > OVALO CANTA CALLAO > AVENIDA EL SOL DE NARANJAL > AVENIDA PACASMAYO > AVENIDA EL OLIVAR > AVENIDA PARAMONGA > AVENIDA LOS EUCALIPTOS > AVENIDA EL SOL DE NARANJAL,RUTA_2611_1037.pdf,
1038,2613,EMPRESA DE TRANSP.Y SERV.EL PORVENIR S.A,San Martin De Porres,Lince,28.69,27.68,48,5,53,4.0,MINIBUS (M2-M3),AVENIA PARAMONGA / AVENIDA CHUQUITANTA,JIRON JOSE BERNARDO ALCEDO / AVENIDA PETIT THOUARS,30,30,AVENIDA PARAMONGA > AVENIDA SANTA TERESITA DEL NIÑO JESUS > CALLE SANTA VERONICA > CALLE SANTA MARIA DE LOS ANGELES > AVENIDA SANTISIMA CRUZ > AVENIDA SAN DIEGO DE ALCALA > AVENIDA LA CORDIALIDAD > CALLE HONRADEZ > CALLE HONESTIDAD > CALLE LA CONFRATERNIDAD > CARRETERA PANAMERICANA NORTE > AVENIDA LAS PALMERAS > AVENIDA SANTIAGO ANTUNEZ DE MAYOLO > AVENIDA UNIVERSITARIA > PUENTE BELLA UNION > AVENIDA UNIVERSITARIA > AVENIDA OSCAR RAIMUNDO BENAVIDES > AVENIDA AURELIO GARCIA Y GARCIA > AVENIDA REPUBLICA DE VENEZUELA > AVENIDA UNIVERSITARIA > AVENIDA SIMON BOLIVAR > AVENIDA HUSARES DE JUNIN > AVENIDA GENERAL EUGENIO GARZON > AVENIDA JOSE MARIA PLAZA > JIRON HUIRACOCHA > AVENIDA CUBA > PLAZA MARISCAL ANDRES AVELINO CACERES > AVENIDA CUBA > AVENIDA ALVAREZ DE ARENALES > JIRON JOSE BERNARDO ALCEDO,AVENIDA PETIT THOUARS > AVENIDA ALEJANDRO TIRADO > AVENIDA CUBA > PLAZA MARISCAL ANDRES AVELINO CACERES > AVENIDA CUBA > AVENIDA REPUBLICA DOMINICANA > AVENIDA BRASIL > VIA AUXILIAR AVENIDA BRASIL > AVENIDA SIMON BOLIVAR > AVENIDA UNIVERSITARIA > AVENIDA RAMON HERRERA > AVENIDA UNIVERSITARIA > PUENTE BELLA UNION > AVENIDA UNIVERSITARIA > OVALO UNIVERSITARIA - TOMAS VALLE > AVENIDA UNIVERSITARIA > AVENIDA SANTIAGO ANTUNEZ DE MAYOLO > AVENIDA LAS PALMERAS > AVENIDA RIO MARAÑON > AVENIDA UNIVERSITARIA > INTERCAMBIO VIAL NORTE > CARRETERA PANAMERICANA NORTE > AVENIDA LOS PROCERES DE HUANDOY > AVENIDA LA CORDIALIDAD > AVENIDA SAN DIEGO DE ALCALA > AVENIDA SANTISIMA CRUZ > CALLE SANTA MARIA DE LOS ANGELES > CALLE SAN VERONICA > CALLE SANTA TERESITA DE NIÑO JESUS > AVENIDA PARAMONGA,RUTA_2613_1038.pdf,
1039,2901,E.T. Y SERV. 117 S.A.,Independencia,Callao,17.0,18.67,18,2,20,4.0,MINIBUS (M2-M3),CALLE LOS ALPISTES / CALLE LOS MEMBRILLOS,AVENIDA LOS ALISOS / CALLE SEÑOR DE LOS MILAGROS,20,31,CALLE LOS ALPISTES > CALLE LAS CASTAÑAS > AVENIDA LOS JAZMINES > AVENIDA LOS PINOS > AVENIDA TUPAC AMARU > AVENIDA TOMAS VALLE > OVALO TOMAS VALLE > AVENIDA TOMAS VALLE > OVALO AEROPUERTO > AVENIDA ELMER FAUCETT > OVALO CANTOLAO > AVENIDA CORONEL NESTOR GAMBETTA > CALLE CALIFORNIA > AVENIDA MANUEL MUJICA GALLO > AVENIDA E > CALLE HARLEN > CALLE HIMALAYA > CALLE HALIPAX > AVENIDA SAN NICOLAS > AVENIDA LOS ALISOS,AVENIDA LOS ALISOS > AVENIDA SAN NICOLAS > CALLE HALIPAX > CALLE HUASCARAN > CALLE HAITI > CALLE HIMALAYA > CALLE HARLEN > AVENIDA E > AVENIDA MANUEL MUJICA GALLO > CALLE CALIFORNIA > VIA AUX. AVENIDA NESTOR GAMBETTA > AVENIDA NESTOR GAMBETTA (VUELTA EN U ALT. AVENIDA LOS ANGELES) > AVENIDA CORONEL NESTOR GAMBETTA > OVALO CANTOLAO > AVENIDA ELMER FAUCETT > OVALO AEROPUERTO > AVENIDA TOMAS VALLE > OVALO TOMAS VALLE > AVENIDA TUPAC AMARU > AVENIDA MARIA PARADO DE BELLIDO > CALLE FAUSTINO SANCHEZ CARRIÓN > AVENIDA TUPAC AMARU > AVENIDA LOS PINOS > AVENIDA LOS ROBLES > CALLE LOS CLAVELES > CALLE LOS GLADIOLAS > AVENIDA LOS PINOS > CALLE LAS CASTAÑAS > CALLE LAS MAGNOLIAS > CALLE LAS LUCUMAS > CALLE LOS MENBRILLOS,RUTA_2901_1039.pdf,
1040,3204,TRANSPORTES SAN IGNACIO S.A.,San Juan De Lurigancho,El Rimac,17.93,18.49,32,4,36,4.0,MINIBUS (M2-M3),JIRON MAR ARAL / JIRON MAR DEL NORTE,AVENIDA FRANCISCO PIZARRO / JIRON AYABACA,22,24,"JIRON MAR ARAL > JIRON MAR DE TIMOR > AVENIDA FERNANDO WIESSE > AVENIDA FERNANDO WIESSE (VUELTA EN ""U"" ALT. CALLE 16) > AVENIDA FERNANDO WIESSE > AVENIDA MAR DEL SUR ESTE > AVENIDA CENTRAL > AVENIDA SANTA ROSA DE LIMA > AVENIDA FERNANDO WIESSE > AVENIDA PROCERES DE LA INDEPENDENCIA > AVENIDA PIRAMIDE DEL SOL > PUENTE PIRAMIDE DEL SOL > AVENIDA JOSE CARLOS MARIATEGUI > AVENIDA INDEPENDENCIA > VIA DE EVITAMIENTO > PUENTE HUASCAR > VIA DE EVITAMIENTO > ACCESO AVENIDA 9 DE OCTUBRE > AVENIDA 9 DE OCTUBRE > JIRON MARAÑON > JIRON PAITA > AVENIDA FRANCISCO PIZARRO",JIRON AYABACA > JIRON VIRU > JIRON CHICLAYO > JIRON LORETO > AVENIDA 9 DE OCTUBRE > INTERCAMBIO VIAL PUENTE HUANUCO > VIA DE EVITAMIENTO > PUENTE HUASCAR > VIA DE EVITAMIENTO > AVENIDA 1 DE MAYO > AVENIDA JOSE CARLOS MARIATEGUI > PUENTE CHINCHAYSUYO > JIRON CHINCHAYSUYO > JIRON SAN AURELIO > AVENIDA PROCERES DE LA INDEPENDENCIA > AVENIDA FERNANDO WIESSE > AVENIDA SANTA ROSA DE LIMA > AVENIDA CENTRAL > AVENIDA MAR DEL SUR ESTE > AVENIDA FERNANDO WIESSE > JIRON MAR DEL CORAL > CALLE MAR CASPIO > JIRON MAR DEL TIMOR > JIRON MAR ARAL,RUTA_3204_1040.pdf,
1041,3404,E.T. SANTA ROSA DE JICAMARCA S.A.,San Juan De Lurigancho,Lurigancho (Chosica),42.83,42.38,38,4,42,7.0,MINIBUS (M2-M3),AVENIDA FERNANDO WIESSE / JIRON MAR DEL NORTE,CALLE ATAHUALPA / AVENIDA UNION,27,29,AVENIDA FERNANDO WIESSE > AVENIDA MAR DEL SUR ESTE > AVENIDA CENTRAL > AVENIDA HEROES DEL CENEPA OESTE > AVENIDA FERNANDO WIESSE > AVENIDA PROCERES DE LA INDEPENDENCIA > AVENIDA PIRAMIDE DEL SOL > PUENTE PIRAMIDE DEL SOL > AVENIDA PIRAMIDE DEL SOL > AVENIDA JOSE CARLOS MARIATEGUI > OVALO DE LA PAZ > AVENIDA JOSE DE LA RIVA AGÜERO > AVENIDA NICOLAS DE AYLLON > CARRETERA CENTRAL > VIA AUXILIAR CARRETERA CENTRAL (BY PASS JAVIER PRADO) > CARRETERA CENTRAL > AVENIDA LAS TORRES > PUENTE HUACHIPA > AVENIDA LAS TORRES > AVENIDA CARAPONGO > CALLE 24 DE SEPTIEMBRE > CALLE PRINCIPAL > CALLE CUSIPATA > AVENIDA BERNARD DE BALAGUER > CALLE ALAMEDA ÑAÑA > PUENTE ÑAÑA > CALLE ATAHUALPA,CALLE ATAHUALPA > PUENTE ÑAÑA > CALLE ALAMEDA ÑAÑA > AVENIDA BERNARD DE BALAGUER > CALLE CUSIPATA > CALLE PRINCIPAL > CALLE 24 DE SETIEMBRE > AVENIDA CARAPONGO > AVENIDA RAMIRO PRIALE > AVENIDA LAS TORRES > PUENTE HUACHIPA > AVENIDA LAS TORRES > CARRETERA CENTRAL > VIA AUXILIAR CARRETERA CENTRAL (BY PASS JAVIER PRADO) > CARRETERA CENTRAL > AVENIDA NICOLAS DE AYLLON > CALLE MIGUEL GRAU > AVENIDA JOSE DE LA RIVA AGÜERO > OVALO DE LA PAZ > AVENIDA JOSE CARLOS MARIATEGUI > PUENTE CHINCHAYSUYO > JIRON CHINCHAYSUYO > JIRON SAN AURELIO > AVENIDA PROCERES DE LA INDEPENDENCIA > AVENIDA FERNANDO WIESSE > AVENIDA HEROES DEL CENEPA OESTE > AVENIDA CENTRAL > AVENIDA MAR DEL SUR ESTE > AVENIDA FERNANDO WIESSE,RUTA_3404_1041.pdf,
1042,3405,E.T. LAS AGUILAS 75 S.A.,San Juan De Lurigancho,Ate,26.98,26.88,50,5,55,5.0,MINIBUS (M2-M3),SEGUNDA,AVENIDA SANTA ROSA / AVENIDA MICHAEL FARADAY,27,25,AVENIDA HEROES DEL CENEPA ESTE > AVENIDA HEROES DEL CENEPA OESTE > AVENIDA JOSE CARLOS MARIATEGUI > AVENIDA CANTO GRANDE > AVENIDA LAS FLORES DE PRIMAVERA > AVENIDA LIMA > AVENIDA PROCERES DE LA INDEPENDENCIA > OVALO ZARATE > AVENIDA 9 DE OCTUBRE > PUENTE RICARDO PALMA > AVENIDA ABANCAY > PUENTE ABANCAY > AVENIDA MANCO CAPAC > JIRON ITALIA > JIRON FRANCISCO LUNA PIZARRO > AVENIDA MEXICO > AVENIDA AVIACION > OVALO DE ARRIOLA > AVENIDA SAN JUAN > AVENIDA AGUSTIN DE LA ROSA TORO > AVENIDA CANADA > AVENIDA CIRCUNVALACION > AVENIDA MARISCAL DOMINGO NIETO > AVENIDA DE LAS TORRES > AVENIDA LOS QUECHUAS > CALLE TERPSICORE > AVENIDA SANTA ROSA,AVENIDA SANTA ROSA > CALLE TERPSICORE > AVENIDA LOS QUECHUAS > AVENIDA DE LAS TORRES > AVENIDA MARISCAL DOMINGO NIETO > AVENIDA CIRCUNVALACION > AVENIDA CANADA > AVENIDA AGUSTIN DE LA ROSA TORO > AVENIDA SAN JUAN > OVALO DE ARRIOLA > AVENIDA AVIACION > AVENIDA MEXICO > AVENIDA MANCO CAPAC > PUENTE ABANCAY > AVENIDA ABANCAY > PUENTE RICARDO PALMA > AVENIDA 9 DE OCTUBRE > OVALO ZARATE > AVENIDA PROCERES DE LA INDEPENDENCIA > AVENIDA LIMA > AVENIDA LAS FLORES DE PRIMAVERA > AVENIDA CANTO GRANDE > AVENIDA JOSE CARLOS MARIATEGUI > AVENIDA HEROES DEL CENEPA OESTE > AVENIDA HEROES DEL CENEPA ESTE,RUTA_3405_1042.pdf,
1043,3408,E.T. CUARENTA INTEGRADA S.A.,San Juan De Lurigancho,La Molina,48.53,48.39,72,8,80,5.0,OMNIBUS (M3),AVENIDA LOS PROCERES / CALLE 16,AVENIDA ALAMEDA DEL CORREGIDOR / ALAMEDA LOS FRESNOS,45,41,AVENIDA LOS PROCERES > AVENIDA MALECON MIGUEL CHECA EGUIGUREN > PUENTE PIRAMIDE DEL SOL > AVENIDA JOSE CARLOS MARIATEGUI > OVALO LA PAZ > AVENIDA CESAR VALLEJO > CALLE MARIA PARADO DE BELLIDO > CALLE ENRIQUE QUINTANA > AVENIDA LOS EUCALIPTOS > AVENIDA LOS RUISEÑORES > CARRETERA CENTRAL > AVENIDA LOS FRUTALES > AVENIDA CIRCUNVALACION DEL GOLF DE LOS INCAS > AVENIDA CLUB GOLF LOS INCAS > JIRON EL POLO > AVENIDA LA ENCALADA > AVENIDA PRIMAVERA > AUXILIAR AVENIDA PRIMAVERA (ALT. DEL PINAR) > AUXILIAR AVENIDA ANGAMOS ESTE > AVENIDA ANGAMOS ESTE (ALT. CALLE EPSILON) > AVENIDA ANGAMOS OESTE > AVENIDA COMANDANTE ESPINAR > AVENIDA JOSE PARDO > OVALO DE MIRAFLORES > AVENIDA DIAGONAL > MALECON 28 DE JULIO > AVENIDA ALFREDO BENAVIDES > OVALO LOS CABITOS > AVENIDA ALFREDO BENAVIDES > PUENTE BENAVIDES > JIRON GREVILLEA > AVENIDA AGUSTIN LA ROSA LOZANO > AVENIDA CRISTOBAL DE PERALTA SUR > ACCESO CARRETERA PANAMERICANA SUR > CARRETERA PANAMERICANA SUR > AVENIDA CRISTOBAL DE PERALTA SUR > AVENIDA PRIMAVERA > AVENIDA LA ENCALADA > JIRON EL POLO > AVENIDA CLUB GOLF LOS INCAS > AVENIDA CIRCUNVALACION DEL GOLF DE LOS INCAS > AVENIDA LA FONTANA > OVALO LA FONTANA > AVENIDA LA UNIVERSIDAD > AVENIDA ALAMEDA DEL CORREGIDOR,AVENIDA LOS FRESNOS > OVALO LOS CONDORES > AVENIDA DE LOS CONDORES > AVENIDA ALAMEDA DEL CORREGIDOR > AVENIDA LA UNIVERSIDAD > OVALO LA FONTANA > AVENIDA LA FONTANA > AVENIDA CIRCUNVALACION DEL GOLF DE LOS INCAS > AVENIDA CLUB GOLF LOS INCAS > JIRON EL POLO > AVENIDA LA ENCALADA > AVENIDA PRIMAVERA > INTERCAMBIO VIAL PUENTE PRIMAVERA > CARRETERA PANAMERICANA SUR > AVENIDA ALFREDO BENAVIDES > OVALO LOS CABITOS > AVENIDA ALFREDO BENAVIDES > AVENIDA JOSE LARCO > OVALO DE MIRAFLORES > AVENIDA JOSE PARDO > AVENIDA COMANDANTE ESPINAR > AVENIDA ANGAMOS OESTE > AVENIDA ANGAMOS ESTE > AUXILIAR AVENIDA ANGAMOS ESTE (ALT. CALLE EPSILON) > AUXILIAR AVENIDA PRIMAVERA > AVENIDA PRIMAVERA (ALT. AVENIDA DEL PINAR) > AVENIDA LA ENCALADA > JIRON EL POLO > AVENIDA CLUB GOLF LOS INCAS > AVENIDA CIRCUNVALACION DEL GOLF DE LOS INCAS > AVENIDA LOS FRUTALES > CARRETERA CENTRAL > AVENIDA LOS RUISEÑORES > AVENIDA LOS EUCALIPTOS > CALLE ANDRES AVELINO CACERES > AVENIDA CESAR VALLEJO > OVALO LA PAZ > AVENIDA JOSE CARLOS MARIATEGUI > PUENTE CHINCHAYSUYO > AVENIDA MALECON MIGUEL CHECA EGUIGUREN > AVENIDA LOS PROCERES,RUTA_3408_1043.pdf,
1044,3509,TRANSPORTES Y SERVICIOS 104 S.A.C.,San Juan De Lurigancho,Jesus Maria,19.78,19.62,43,5,48,5.0,OMNIBUS (M3),AVENIDO EL SOL / AVENIDA SANTA ROSA DE LIMA,AVENIDA GENERAL SALAVERRY / AVENIDA EDGARDO REBAGLIATI,21,22,AVENIDA EL SOL > AVENIDA 13 DE ENERO > AVENIDA LURIGANCHO > AVENIDA LAS LOMAS > AVENIDA EL SANTUARIO > AVENIDA GRAN PAJATEN > AVENIDA MALECON MIGUEL CHECA EGUIGUREN > OVALO DE ZARATE > AVENIDA 9 DE OCTUBRE > PUENTE RICARDO PALMA > AVENIDA ABANCAY > PUENTE ABANCAY > AVENIDA MANCO CAPAC > AVENIDA MEXICO > PUENTE MEXICO > CALLE TEODORO CARDENAS > AVENIDA ALVAREZ DE ARENALES > JIRON CORONEL MANUEL GOMEZ > JIRON CAPAC YUPANQUI > JIRON DOMINGO CUETO > AVENIDA GENERAL SALAVERRY,AVENIDA EDUARDO REBAGLIATI > JIRON DOMINGO CUETO > CALLE MANUEL SEGURA > CALLE MANUEL CASTAÑEDA > PUENTE MEXICO > AVENIDA MEXICO > AVENIDA MEXICO VUELTA EN U (ALT. JIRON LAS ESMERALDAS) > AVENIDA MEXICO > AVENIDA MANCO CAPAC > PUENTE ABANCAY > AVENIDA ABANCAY > PUENTE RICARDO PALMA > AVENIDA 9 DE OCTUBRE > OVALO ZARATE > AVENIDA MALECON MIGUEL CHECA EGUIGUREN > AVENIDA GRAN CHIMU > AVENIDA GRAN PAJATEN > AVENIDA EL SANTUARIO > AVENIDA LAS LOMAS > AVENIDA LURIGANCHO > AVENIDA 13 DE ENERO > AVENIDO EL SOL,RUTA_3509_1044.pdf,
1045,3511,EMPRESA DE TRANSPORTES UNIDOS SOCIEDAD ANÓNIMA – ETUSA,San Juan De Lurigancho,Magdalena Del Mar,23.42,24.95,69,7,76,3.0,OMNIBUS (M3),AVENIDA LOS TULIPANES / AVENIDA INTEGRACION,JIRON MIGUEL GRAU / JIRON LEONCIO PRADO,26,28,AVENIDA LOS TULIPANES > JIRON RIO NILO > CALLE RIO GRANDE > AVENIDA JOSE CARLOS MARIATEGUI > AVENIDA SAN MARTIN DE PORRES > AVENIDA CANTO GRANDE > AVENIDA LAS FLORES DE PRIMAVERA > AVENIDA LIMA > AVENIDA PROCERES DE LA INDEPENDENCIA > OVALO DE ZARATE > AVENIDA 9 DE OCTUBRE > AVENIDA ABANCAY > PUENTE RICARDO PALMA > AVENIDA ABANCAY > PUENTE ABANCAY > AVENIDA MANCO CAPAC > JIRON GARCIA NARANJO > AVENIDA IQUITOS > AVENIDA 28 DE JULIO > PLAZA JORGE CHAVEZ > AVENIDA GENERAL SALAVERRY > AVENIDA AUGUSTO PEREZ ARANIBAR > AVENIDA DEL EJERCITO > JIRON DIEGO FERRE > JIRON TACNA > JIRON MIGUEL GRAU,JIRON MIGUEL GRAU > JIRON GENERALISIMO JOSE DE SAN MARTIN > AVENIDA LIMA > JIRON FRANCISCO BOLOGNESI > AVENIDA BRASIL > AVENIDA DEL EJERCITO > AVENIDA AUGUSTO PEREZ ARANIBAR > AVENIDA GENERAL SALAVERRY > PLAZA JORGE CHAVEZ > AVENIDA 28 DE JULIO > AVENIDA JOSE GALVEZ > AVENIDA JAIME BAUSATE Y MEZA > AVENIDA MANCO CAPAC > PUENTE ABANCAY > AVENIDA ABANCAY > PUENTE RICARDO PALMA > AVENIDA ABANCAY > AVENIDA 9 DE OCTUBRE > OVALO DE ZARATE > AVENIDA PROCERES DE LA INDEPENDENCIA > AVENIDA LIMA > AVENIDA LAS FLORES DE PRIMAVERA > AVENIDA CANTO GRANDE > AVENIDA SAN MARTIN DE PORRES > AVENIDA JOSE CARLOS MARIATEGUI > CALLE RIO GRANDE > JIRON RIO NILO > AVENIDA LOS TULIPANES,RUTA_3511_1045.pdf,
1046,3603,TRANSPORT SABINO BAÑOS S.A.C.,San Juan De Lurigancho,Lince,21.39,21.59,57,6,63,5.0,MINIBUS (M2-M3),AVENIDA HEROES DEL CENEPA OESTE / CALLE LA SEGUNDA,JIRON MANCO SEGUNDO / AVENIDA CORONEL JOSE LEAL,28,29,AVENIDA HEROES DEL CENEPA OESTE > AUXILIAR AVENIDA PROCERES DE LA INDEPENDENCIA > AVENIDA PROCERES DE LA INDEPENDENCIA (ALTURA AVENIDA EL BOSQUE) > AUXILIAR AVENIDA PROCERES DE LA INDEPENDENCIA (ALTURA AVENIDA EL SOL) > AVENIDA PROCERES DE LA INDEPENDENCIA > AVENIDA PIRAMIDE DEL SOL > PUENTE PIRAMIDEL DEL SOL > AVENIDA JOSE CARLOS MARIATEGUI > AVENIDA INDEPENDENCIA > VIA DE EVITAMIENTO > PUENTE HUASCAR > VIA DE EVITAMIENTO > INTERCAMBIO VIAL PUENTE HUANUCO > PUENTE HUANUCO > JIRON AMAZONAS > JIRON HUANTA > PUENTE NICOLAS DE PIEROLA > AVENIDA ALMIRANTE MIGUEL GRAU > JIRON MENDOZA MERINO > AVENIDA 28 DE JULIO > AVENIDA MANCO CAPAC > AVENIDA MEXICO > PUENTE MEXICO > JIRON TEODORO CARDENAS > AVENIDA JOSE GALVEZ > AVENIDA JUAN PARDO DE ZELA > AVENIDA GENERAL CESAR CANEVARO > JIRON MANCO SEGUNDO,"AVENIDA CORONEL JOSE LEAL > JIRON JOSE BERNARDO ALCEDO > AVENIDA MILITAR > AVENIDA MANUEL CASTAÑEDA > PUENTE MEXICO > AVENIDA MEXICO > AVENIDA MEXICO (VUELTA EN ""U"" ALTURA JIRON LAS ESMERALDAS) > AVENIDA MEXICO > AVENIDA MANCO CAPAC > AVENIDA JAIME BAUSATE Y MEZA > JIRON PROLONGACION CANGALLO > PUENTE CANGALLO > JIRON CANGALLO > JIRON SANTA ROSA > JIRON HUANUCO > PUENTE HUANUCO > ACCESO VIA DE EVITAMIENTO > VIA DE EVITAMIENTO > PUENTE HUSCAR > VIA DE EVITAMIENTO > AVENIDA 1 DE MAYO > AVENIDA JOSE CARLOS MARIATEGUI > PUENTE CHINCHAYSUYO > JIRON CHINCHAYSUYO > JIRON SAN AURELIO > AUXILIAR AVENIDA PROCERES DE LA INDEPENDENCIA > AVENIDA PROCERES DE LA INDEPENDENCIA (ALTURA AVENIDA EL SOL) > AUXILIAR AVENIDA PROCERES DE LA INDEPENDENCIA (ALTURA AVENIDA EL BOSQUE) > AVENIDA HEROES DEL CENEPA OESTE",RUTA_3603_1046.pdf,
1047,3604,EMPRESA DE SERVICIO DE TRANSPORTES 25 DE SETIEMBRE S.A.C.,San Juan De Lurigancho,Miraflores,28.5,28.2,28,3,31,7.0,MINIBUS (M2-M3),AVENIDA FERNANDO WIESSE / JIRON MAR DEL NORTE,AVENIDA RICARDO PALMA / AVENIDA PETIT THOUARS,43,41,AVENIDA FERNANDO WIESE > AVENIDA FERNANDO WIESE (VUELTA EN U ALT. CALLE 16) > AVENIDA FERNANDO WIESE > AVENIDA MAR DEL SUR ESTE > AVENIDA CENTRAL > AVENIDA SANTA ROSA DE LIMA > AVENIDA EL BOSQUE > AVENIDA LOS ALAMOS > AVENIDA EL SOL > AVENIDA 13 DE ENERO > AVENIDA JORGE BASADRE ESTE > AVENIDA SANTA ROSA DE LIMA > AVENIDA LOS JARDINES ESTE > AVENIDA PROCERES DE LA INDEPENDENCIA > AVENIDA PIRAMIDE DEL SOL > PUENTE PIRAMIDE DEL SOL > AVENIDA JOSE CARLOS MARIATEGUI > AVENIDA LAS MAGNOLIAS > AVENIDA PLACIDO JIMENEZ > JIRON ANCASH > JIRON HUARI > JIRON LORENZO DE VIDAURRE > AVENIDA ALMIRANTE MIGUEL GRAU > AVENIDA AVIACION > AVENIDA 28 DE JULIO > AVENIDA PROLONGACION PARINACOCHAS > AVENIDA ISABEL LA CATOLICA > JIRON ABTAO > AVENIDA MEXICO > PUENTE MEXICO > CALLE MANUEL CASTAÑEDA > AVENIDA JOSE GALVEZ > AVENIDA JUAN PARDO DE ZELA > AVENIDA IGNACIO MERINO > JIRON SOLEDAD > AVENIDA PROLONGACION IQUITOS > AVENIDA PASEO PARODI > CALLE FEDERICO VILLAREAL > CALLE CHACARILLA > CALLE MANUEL A. FUENTES > AVENIDA ANDRES ARAMBURU > AVENIDA PASEO DE LA REPUBLICA > AVENIDA RICARDO PALMA,"AVENIDA PETIT THOUARS > CALLE CORONEL ANDRES REYES > AVENIDA PASEO PARODI > AVENIDA PROLONGACION IQUITOS > AVENIDA PROLONGACION IQUITOS (VUELTA EN ""U"" ALT. CALLE LAS LILAS) > AVENIDA PROLONGACION IQUITOS > JIRON PEDRO CONDE > AVENIDA MILITAR > JIRON MANUEL CASTAÑEDA > PUENTE MEXICO > AVENIDA MEXICO > JIRON ABTAO > JIRON HIPOLITO UNANUE > AVENIDA PROLONGACION PARINACOCHAS > AVENIDA JAIME BAUSATE Y MEZA > JIRON HUANUCO > AVENIDA GARCIA NARANJO > AVENIDA AVIACION > AVENIDA ALMIRANTE MIGUEL GRAU > JIRON JUNIN > AVENIDA SEBASTIAN LORENTE > JIRON ANCASH > OVALO LA PAZ > AVENIDA JOSE CARLOS MARIATEGUI > PUENTE CHINCHAYSUYO > JIRON CHINCHAYSUYO > JIRON SAN AURELIO > AUXILIAR AVENIDA PROCERES DE LA INDEPENDENCIA > AVENIDA LOS JARDINES ESTE > AVENIDA SANTA ROSA DE LIMA > AVENIDA JORGE BASADRE ESTE > AVENIDA 13 DE ENERO > AVENIDA EL SOL > AVENIDA EL SOL (VUELTA EN ""U"" ALT. CALLE SANTA MARIA) > AVENIDA EL SOL > AVENIDA LOS ALAMOS > AVENIDA EL BOSQUE > AVENIDA SANTA ROSA DE LIMA > AVENIDA CENTRAL > AVENIDA MAR DEL SUR ESTE > AVENIDA FERNANDO WIESSE",RUTA_3604_1047.pdf,
1048,3607,EMPRESA DE TRANSPORTES 12 DE ENERO S.A.,San Juan De Lurigancho,Lince,22.01,22.11,35,4,39,6.0,MINIBUS (M2-M3),PASAJE HONESTIDAD ALT. ETDESA,JIRON MANCO SEGUNDO / AVENIDA CORONEL JOSE LEAL,28,32,PASAJE HONESTIDAD > CALLE ANILLO VIAL > AVENIDA HEROES DEL CENEPA OESTE > AVENIDA FERNANDO WIESSE > AVENIDA PROCERES DE LA INDEPENDENCIA > AVENIDA PIRAMIDE DEL SOL > PUENTE PIRAMIDE DEL SOL > AVENIDA JOSE CARLOS MARIATEGUI > AVENIDA INDEPENDENCIA > VIA DE EVITAMIENTO > PUENTE HUASCAR > VIA DE EVITAMIENTO > INTERCAMBIO VIAL PUENTE HUANUCO > PUENTE HUANUCO > JIRON AMAZONAS > JIRON HUANTA > PUENTE NICOLAS DE PIEROLA > AUXILIAR AVENIDA ALMIRANTE MIGUEL GRAU > JIRON MENDOZA MERINO > AVENIDA 28 DE JULIO > AVENIDA MANCO CAPAC > AVENIDA MEXICO > PUENTE MEXICO > AVENIDA MANUEL CASTAÑEDA > AVENIDA JOSE GALVEZ > AVENIDA JUAN PARDO DE ZELA > AVENIDA GENERAL CESAR CANEVARO > JIRON MANCO SEGUNDO,"AVENIDA CORONEL JOSE LEAL > JIRON JOSE BERNARDO ALCEDO > AVENIDA MILITAR > CALLE MANUEL CASTAÑEDA > AVENIDA MANUEL CASTAÑEDA > PUENTE MEXICO > AVENIDA MEXICO > AVENIDA MEXICO (VUELTA EN ""U"" ALTURA PASAJE LOS JACINTOS) > AVENIDA MEXICO > AVENIDA MANCO CAPAC > AVENIDA JAIME BAUSATE Y MEZA > JIRON PROLONGACIÓN CANGALLO > PUENTE CANGALLO > JIRON CANGALLO > JIRON SANTA ROSA > JIRON HUANUCO > PUENTE HUANUCO > ACCESO VIA DE EVITAMIENTO > VIA DE EVITAMIENTO > PUENTE HUASCAR > VIA DE EVITAMIENTO > AVENIDA 1 DE MAYO > AVENIDA JOSE CARLOS MARIATEGUI > PUENTE CHINCHAYSUYO > JIRON CHINCHAYSUYO > CALLE SAN AURELIO > AVENIDA PROCERES DE LA INDEPENDENCIA > AVENIDA FERNANDO WIESSE > AUXILIAR AVENIDA FERNANDO WIESSE > AVENIDA HEROES DEL CENEPA OESTE > CALLE ANILLO VIAL > PASAJE HONESTIDAD",RUTA_3607_1048.pdf,
1049,3611,E.T. CAMINOS DEL INCA S.A. ETCISA,San Juan De Lurigancho,San Luis,23.19,23.0,41,5,46,6.0,MINIBUS (M2-M3),AVENIDA FERNANDO WIESSE / JIRON MAR DEL NORTE,AVENIDA SAN JUAN / AVENIDA NICOLAS ARRIOLA (OVALO ARRIOLA),23,21,"AVENIDA FERNANDO WIESSE > AVENIDA FERNANDO WIESSE (VUELTA EN ""U"" ALT. CALLE 41) > AVENIDA FERNANDO WIESSE > AVENIDA MAR DEL SUR ESTE > AVENIDA CENTRAL > AVENIDA SANTA ROSA DE LIMA > AVENIDA EL BOSQUE > AVENIDA EL SOL > AVENIDA SANTA ROSA DE LIMA > AVENIDA LOS JARDINES ESTE > AVENIDA 13 DE ENERO > AVENIDO LURIGANCHO > AVENIDA PIRAMIDE DEL SOL > PUENTE PIRAMIDE DEL SOL > AVENIDA JOSE CARLOS MARIATEGUI > OVALO LA PAZ > AVENIDA JOSE DE LA RIVA AGÜERO > AVENIDA NICOLAS DE AYLLON > AVENIDA CIRCUNVALACION > AUXILIAR AVENIDA CIRCUNVALACION > AVENIDA CANADA > AVENIDA AGUSTIN DE LA ROSA TORO > AVENIDA SAN JUAN",AVENIDA SAN JUAN > AVENIDA AGUSTIN DE LA ROSA TORO > AVENIDA CANADA > AVENIDA CIRCUNVALACION > AVENIDA NICOLAS DE AYLLON > AVENIDA GARCILAZO DE LA VEGA > AVENIDA JOSE DE LA RIVA AGUERO > OVALO LA PAZ > AVENIDA JOSE CARLOS MARIATEGUI > PUENTE CHINCHAYSUYO > JIRON CHINCHAYSUYO > JIRON SAN AURELIO > AVENIDA LURIGANCHO > AVENIDA 13 DE ENERO > AVENIDA LOS JARDINES ESTE > AVENIDA SANTA ROSA DE LIMA > AVENIDA EL SOL > AVENIDA SANTA ROSA DE LIMA > AVENIDA CENTRAL > AVENIDA MAR DEL SUR ESTE > AVENIDA FERNANDO WIESSE,RUTA_3611_1049.pdf,
1050,3613,EMPRESA DE TRANSPORTES EL LOBITO S.A.C.,San Juan De Lurigancho,Lince,24.71,24.05,45,5,50,3.0,MINIBUS (M2-M3),PASAJE 16 / CALLE LAS LOMAS,JIRON MANCO SEGUNDO / AVENIDA CORONEL JOSE LEAL,28,28,PASAJE 16 > AVENIDA PAMPA ALTA > AVENIDA AMPLIACION OESTE > AVENIDA FERNANDO WIESSE > AVENIDA PROCERES DE LA INDEPENDENCIA > AVENIDA PIRAMIDE DEL SOL > PUENTE PIRAMIDE DEL SOL > AVENIDA JOSE CARLOS MARIATEGUI > AVENIDA INDEPENDENCIA > VIA DE EVITAMIENTO > PUENTE HUASCAR > VIA DE EVITAMIENTO > INTERCAMBIO VIAL PUENTE HUANUCO > PUENTE HUANUCO > JIRON AMAZONAS > JIRON HUANTA > PUENTE NICOLAS DE PIEROLA > AUXILIAR AVENIDA ALMIRANTE MIGUEL GRAU > JIRON MENDOZA MERINO > AVENIDA JAIME BAUSATE Y MEZA > AVENIDA PROLONGACION PARINACOCHAS > AVENIDA MEXICO > PUENTE MEXICO > AVENIDA MANUEL CASTAÑEDA > AVENIDA JOSE GALVEZ > AVENIDA JUAN PARDO DE ZELA > AVENIDA GENERAL CESAR CANEVARO > JIRON MANCO SEGUNDO,AVENIDA CORONEL JOSE LEAL > JIRON JOSE BERNARDO ALCEDO > AVENIDA MILITAR > AVENIDA MANUEL CASTAÑEDA > PUENTE MEXICO > AVENIDA MEXICO > AVENIDA PROLONGACION PARINACOCHAS > AVENIDA 28 DE JULIO > JIRON PROLONGACION CANGALLO > PUENTE CANGALLO > JIRON CANGALLO > JIRON SANTA ROSA > JIRON HUANUCO > PUENTE HUANUCO > ACCESO VIA DE EVITAMIENTO > VIA DE EVITAMIENTO > PUENTE HUASCAR > VIA DE EVITAMIENTO > AVENIDA 01 DE MAYO > AVENIDA JOSE CARLOS MARIATEGUI > PUENTE CHINCHAYSUYO > JIRON CHINCHAYSUYO > JIRON SAN AURELIO > AVENIDA PROCERES DE LA INDEPENDENCIA > AVENIDA FERNANDO WIESSE > AVENIDA AMPLIACION OESTE > AVENIDA PAMPA ALTA > PASAJE 16,RUTA_3613_1050.pdf,
1051,3614,EMPRESA DE TRANSPORTES UNIDOS SOCIEDAD ANÓNIMA – ETUSA,San Juan De Lurigancho,San Isidro,24.22,24.53,27,3,30,8.0,MINIBUS (M2-M3),AVENIDA LOS TULIPANES / CALLE SN (ALT. AVENIDA INTEGRACION),AVENIDA GENERAL SALAVERRY / AVENIDA AUGUSTO PEREZ ARANIBAR,24,28,CALLE LOS TULIPANES > JIRON RIO NILO > AVENIDA RIO BLANCO > AVENIDA JOSE CARLOS MARIATEGUI > AVENIDA MACHU PICCHU > AVENIDA CANTO GRANDE > AVENIDA EL SOL > AVENIDA 13 DE ENERO > AVENIDA LURIGANCHO > AVENIDA PIRAMIDE DEL SOL > PUENTE PIRAMIDE DEL SOL > AVENIDA JOSE CARLOS MARIATEGUI > AVENIDA LAS MAGNOLIAS > AVENIDA PLACIDO JIMENEZ > JIRON ANCASH > AVENIDA SEBASTIAN LORENTE > AVENIDA ALMIRANTE MIGUEL GRAU > VIA EXPRESA ALMIRANTE MIGUEL GRAU > PLAZA MIGUEL GRAU > AVENIDA 09 DE DICIEMBRE > PLAZA FRANCISCO BOLOGNESI > AVENIDA GUZMAN BLANCO > PLAZA JORGE CHAVEZ > AVENIDA GENERAL SALAVERRY,"AVENIDA GENERAL SALAVERRY > PLAZA JORGE CHAVEZ > AVENIDA GUZMAN BLANCO > PLAZA FRANCISCO BOLOGNESI > AVENIDA 9 DE DICIEMBRE > PLAZA MIGUEL GRAU > VIA EXPRESA ALMIRANTE MIGUEL GRAU > AVENIDA ALMIRANTE MIGUEL GRAU > JIRON JUNIN > AVENIDA SEBASTIAN LORENTE > JIRON ANCASH > AVENIDA PLACIDO JIMENEZ > AVENIDA FERROCARRIL > AVENIDA JOSE CARLOS MARIATEGUI > PUENTE CHINCHAYSUYO > JIRON CHINCHAYSUYO > JIRON SAN AURELIO > AVENIDA LURIGANCHO > AVENIDA 13 DE ENERO > AVENIDA EL SOL > AVENIDA CANTO GRANDE > AVENIDA CANTO GRANDE (VUELTA EN ""U"" ALT. AVENIDA LAS FLORES) > AVENIDA CANTO GRANDE > AVENIDA MACHU PICCHU > AVENIDA JOSE CARLOS MARIATEGUI > CALLE RIO BLANCO > JIRON RIO NILO > CALLE LOS TULIPANES",RUTA_3614_1051.pdf,
1052,3701,EMPRESA DE TRANSPORTES HA DE SERVICIOS MULTIPLES DE PROPIETARIOS UNIDOS HUASCAR S.A.,San Juan De Lurigancho,San Juan De Miraflores,34.3,34.39,50,5,55,7.0,MINIBUS (M2-M3),AVENIDA INTEGRACION / AVENIDA MIGUEL GRAU,AVENIDA MARIANO PASTOR SEVILLA / AVENIDA MATEO PUMACAHUA (OVALO COCHARCAS),32,32,AVENIDA INTEGRACION > AVENIDA LOS TULIPANES > JIRON RIO NILO > CALLE RIO BLANCO > AVENIDA JOSE CARLOS MARIATEGUI > AVENIDA SAN MARTIN DE PORRES > AVENIDA CANTO GRANDE > AVENIDA EL SOL > AVENIDA PROCERES DE LA INDEPENDENCIA > AVENIDA PIRAMIDE DEL SOL > PUENTE PIRAMIDE DEL SOL > AVENIDA JOSE CARLOS MARIATEGUI > AVENIDA LAS MAGNOLIAS > AVENIDA PLACIDO JIMENEZ > JIRON ANCASH > AVENIDA SEBASTIAN LORENTE > AVENIDA ALMIRANTE MIGUEL GRAU > AVENIDA AVIACION > OVALO DE ARRIOLA > AVENIDA AVIACION > AVENIDA ANGAMOS ESTE > AVENIDA CAMINOS DEL INCA > AVENIDA LOS PROCERES > AVENIDA LOS PROCERES (VUELTA EN U ALT. ALAMEDA CORONEL JOSE ANDRES RAZURI) > AVENIDA LOS PROCERES > AVENIDA SANTIAGO DE SURCO > PUENTE ATOCONGO > AVENIDA LOS HEROES > AVENIDA SAN JUAN > AVENIDA RAMON VARGAS MACHUCA > AVENIDA CESAR CANEVARO > AVENIDA MARIANO PASTOR SEVILLA,AVENIDA MARIANO PASTOR SEVILLA > CALLE SANTA MARIA > CALLE SANTA ROSA > AVENIDA CESAR CANEVARO > AVENIDA RAMON VARGAS MACHUCA > AVENIDA SAN JUAN > AVENIDA LOS HEROES > PUENTE ATOCONGO > AVENIDA SANTIAGO DE SURCO > AVENIDA CAMINOS DEL INCA > AVENIDA ANGAMOS ESTE > AVENIDA AVIACION > OVALO DE ARRIOLA > AVENIDA AVIACION > AVENIDA ALMIRANTE MIGUEL GRAU > JIRON JUNIN > AVENIDA SEBASTIAN LORENTE > JIRON ANCASH > OVALO DE LA PAZ > AVENIDA JOSE CARLOS MARIATEGUI > PUENTE CHINCHAYSUYO > JIRON CHINCHAYSUYO > JIRON SAN AURELIO > AVENIDA PROCERES DE LA INDEPENDENCIA > AVENIDA EL SOL > AVENIDA CANTO GRANDE > AVENIDA SAN MARTIN DE PORRES > AVENIDA JOSE CARLOS MARIATEGUI > CALLE RIO BLANCO > JIRON RIO NILO > AVENIDA LOS TULIPANES > AVENIDA INTEGRACION,RUTA_3701_1052.pdf,
1053,3702,E.T. Y SERVICIOS MULTIPLES SUR LIMA S.A.,San Juan De Lurigancho,Chorrillos,30.48,30.89,72,8,80,5.0,MINIBUS (M2-M3),CALLE 14 / AVENIDA LOS PROCERES,AVENIDA PRINCIPAL / CALLE HUANUCO,36,41,CALLE 14 > CALLE 13 > CALLE 8 > AVENIDA PRINCIPAL > AVENIDA MALECON MIGUEL CHECA EGUIGUREN > AVENIDA PIRAMIDE DEL SOL > PUENTE PIRAMIDE DEL SOL > AVENIDA JOSE CARLOS MARIATEGUI > OVALO LA PAZ > AVENIDA JOSE DE LA RIVA AGUERO > AVENIDA NICOLAS DE AYLLON > CALLE JUAN CARBONE > JIRON GENERAL VALDEZ > JIRON SEBASTIAN BARRANCA > AVENIDA SAN PABLO > AVENIDA ISABEL LA CATOLICA > AVENIDA AVIACION > OVALO DE ARRIOLA > AVENIDA AVIACION > AVENIDA GUARDIA CIVIL > OVALO JOSE QUIÑONES > AVENIDA GUARDIA CIVIL > AVENIDA DEL PARQUE SUR > AVENIDA ANDRES ARAMBURU > AVENIDA REPUBLICA DE PANAMA > AVENIDA EL SOL ESTE > AVENIDA GENERAL JOSE DE SAN MARTIN > AVENIDA PEDRO DE OSMA > AVENIDA CHORRILLOS > AVENIDA JOSE OLAYA > AVENIDA DEFENSORES DEL MORRO > OVALO DE LA CURVA > AVENIDA PROLONGACION HUAYLAS > AVENIDA SANTA ANITA > AVENIDA TRIUNFADORES > AVENIDA PRINCIPAL,AVENIDA PRINCIPAL > AVENIDA TRIUNFADORES > AVENIDA SANTA ANITA > AVENIDA PROLONGACION HUAYLAS > OVALO DE LA CURVA > AVENIDA DEFENSORES DEL MORRO > AVENIDA ALEJANDRO IGLESIAS > AVENIDA CHORRILLOS > AVENIDA PEDRO DE OSMA > JIRON 28 DE JULIO > JIRON CORPANCHO > JIRON LIMA > CALLE CATALINO MIRANDA > AVENIDA REPUBLICA DE PANAMA > AVENIDA ANDRES ARAMBURU > AVENIDA DEL PARQUE SUR > AVENIDA GUARDIA CIVIL > OVALO JOSE QUIÑONES > AVENIDA GUARDIA CIVIL > AVENIDA AVIACIÓN > OVALO DE ARRIOLA > AVENIDA AVIACION > AVENIDA ISABEL LA CATOLICA > AVENIDA SAN PABLO > JIRON SEBASTIAN BARRANCA > JIRON VIRREY DE LA SERNA > AVENIDA PARQUE 12 DE OCTUBRE > JIRON GENERAL VALDEZ > AVENIDA MEXICO > AVENIDA NICOLAS DE AYLLON > JIRON MIGUEL GRAU > AVENIDA JOSE DE LA RIVA AGÜERO > OVALO LA PAZ > AVENIDA JOSE CARLOS MARIATEGUI > PUENTE CHINCHAYSUYO > JIRON CHINCHAYSUYO > AVENIDA GRAN CHIMU > AVENIDA PRINCIPAL > CALLE 8 > CALLE 13 > CALLE 14,RUTA_3702_1053.pdf,
1054,3705,EMPRESA DE TRANSPORTES URBANO LINEA 4 S.A.,San Juan De Lurigancho,Chorrillos,39.51,39.35,106,11,117,3.0,OMNIBUS (M3),AVENIDA FERNANDO WIESSE / JIRON MAR DEL NORTE,AVENIDA ALAMEDA LOS HORIZONTES / AVENIDA ALAMEDA SAN MARCOS,25,31,AVENIDA FERNANDO WIESSE > AVENIDA PROCERES DE LA INDEPENDENCIA > AVENIDA PIRAMIDE DEL SOL > PUENTE PIRAMIDE DEL SOL > AVENIDA JOSE CARLOS MARIATEGUI > AVENIDA 1 DE MAYO > VIA DE EVITAMIENTO > PUENTE HUASCAR > VIA DE EVITAMIENTO > PUENTE SANTA ANITA > VIA DE EVITAMIENTO > INTERCAMBIO VIAL SUR > CARRETERA PANAMERICANA SUR > PUENTE PRIMAVERA > CARRETERA PANAMERICANA SUR > AVENIDA LOS ALAMOS > AVENIDA ALIPIO PONCE > OVALO EUCALIPTOS > AVENIDA ALIPIO PONCE > AVENIDA GUARDIA CIVIL SUR > OVALO DE LA CURVA > AVENIDA PROLONGACION HUAYLAS > AVENIDA ALAMEDA SUR > AVENIDA ALAMEDA BALLESTAS > AVENIDA ALAMEDA LOS HORIZONTES,"AVENIDA ALAMEDA LOS HORIZONTES > AVENIDA ALAMEDA BALLESTAS > AVENIDA ALAMEDA SUR > AVENIDA PROLONGACION HUAYLAS > OVALO DE LA CURVA > AVENIDA GUARDIA CIVIL SUR > AVENIDA ALIPIO PONCE > OVALO EUCALIPTOS > AVENIDA ALIPIO PONCE > AVENIDA PEDRO MIOTTA > AVENIDA PEDRO MIOTTA (VUELTA EN ""U"" ALT. JIRON FRANCISCO DE PAULA UGARRIZA) > AVENIDA PEDRO MIOTTA > OVALO HORACIO ZEVALLOS > AVENIDA PEDRO MIOTTA > CARRETERA PANAMERICANA SUR > PUENTE PRIMAVERA > CARRETERA PANAMERICANA SUR > INTERCAMBIO VIAL SUR > VIA DE EVITAMIENTO > PUENTE SANTA ANITA > VIA DE EVITAMIENTO > PUENTE HUASCAR > VIA DE EVITAMIENTO > AVENIDA ANDRES PONCE PALACIOS > AVENIDA JOSE CARLOS MARIATEGUI > PUENTE CHINCHAYSUYO > JIRON CHINCHAYSUYO > CALLE SAN AURELIO > JIRON SAN AURELIO > AVENIDA PROCERES DE LA INDEPENDENCIA > AVENIDA FERNANDO WIESSE",RUTA_3705_1054.pdf,
1055,3707,TRANSPORTES LIMA URBAN COMPANY S.A.,San Juan De Lurigancho,Chorrillos,34.65,34.25,49,5,54,7.0,OMNIBUS (M3),CALLE 15 / CALLE 23,AVENIDA JOSE OLAYA / AVENIDA EL TRIUNFO,51,49,CALLE 15 > AVENIDA LOS PROCERES > AVENIDA PRIMAVERA > AVENIDA MALECON CHECA > AVENIDA MALECON MIGUEL CHECA EGUIGUREN > PUENTE PIRAMIDE DEL SOL > AVENIDA PIRAMIDE DEL SOL > AVENIDA INDEPENDENCIA > VIA DE EVITAMIENTO > INTERCAMBIO VIAL PUENTE HUANUCO > PUENTE HUANUCO > JIRON AMAZONAS > JIRON HUANTA > JIRON PUNO > JIRON LUCANAS > JIRON PROLONGACION LUCANAS > AVENIDA BAUZATE Y MEZA > AVENIDA PROLONGACION PARINACOCHAS > AVENIDA ISABEL LA CATOLICA > JIRON ABTAO > AVENIDA MEXICO > AVENIDA PALERMO > PARQUE UNION PANAMERICANA > AVENIDA PALERMO > AVENIDA CANADA > AVENIDA ESTELA CAMPODONICO > AVENIDA SAN EUGENIO > AVENIDA JOSE GALVEZ BARRENECHEA > PUENTE JOSE QUIÑONEZ > AVENIDA JOSE GALVEZ BARRENECHEA > AVENIDA DEL PARQUE NORTE > AVENIDA PABLO CARRIQUIRY MAURER > AVENIDA ENRIQUE CANAVAL Y MOREYRA > AVENIDA REPUBLICA DE PANAMA > AVENIDA EL SOL ESTE > AVENIDA SAN MARTIN > AVENIDA PROLONGACION GENERAL JOSE DE SAN MARTIN > AVENIDA PEDRO DE OSMA > AVENIDA CHORRILLOS > CALLE EXPLANADA > AVENIDA JOSE OLAYA > AVENIDA DEFENSORES DEL MORRO > OVALO DE LA CURVA > AVENIDA PROLONGACION HUAYLAS > AVENIDA 12 DE OCTUBRE > AVENIDA VOLVAN MISTI > AVENIDA CORDILLERA CENTRAL > JIRON NEVADO COROPUNA > AVENIDA TUPAC AMARU > AVENIDA SAN MARTIN > AVENIDA JOSE OLAYA,AVENIDA JOSE OLAYA > AVENIDA SAN MARTIN > AVENIDA TUPAC AMARU > JIRON NEVADO COROPUNA > AVENIDA CORDILLERA CENTRAL > AVENIDA VOLCAN MISTI > AVENIDA 12 DE OCTUBRE > AVENIDA PROLONGACION HUAYLAS > OVALO DE LA CURVA > AVENIDA DEFENSORES DEL MORRO > AVENIDA ALEJANDRO IGLESIAS > AVENIDA CHORRILLOS > AVENIDA PEDRO DE OSMA > JIRON 28 DE JULIO > AVENIDA ALMIRANTE MIGUEL GRAU > AVENIDA NICOLAS DE PIEROLA > AVENIDA REPUBLICA DE PANAMA > AVENIDA ENRIQUE CANAVAL Y MOREYRA > AVENIDA PABLO CARRIQUIRY MAURER > AVENIDA DEL PARQUE NORTE > AVENIDA JOSE GALVEZ BARRENECHEA > PUENTE JOSE QUIÑONEZ > AVENIDA JOSE GALVEZ BARRENECHEA > AVENIDA SAN EUGENIO > AVENIDA ESTEBAN CAMPODONICO > AVENIDA CANADA > AVENIDA PALERMO > PARQUE UNION PANAMERICANA > AVENIDA PALERMO > AVENIDA MEXICO > JIRON ABTAO > AVENIDA ISABEL LA CATOLICA > AVENIDA PROLONGACION PARINACOCHAS > JIRON PARINACOCHAS > JIRON TARATA > JIRON HUANUCO > PUENTE HUANUCO > ACCESO A VIA EVITAMIENTO > VIA DE EVITAMIENTO > ACCESO A AVENIDA 9 DE OCTUBRE > AVENIDA 9 DE OCTUBRE > OVALO ZARATE > AVENIDA MALECON MIGUEL CHECA EGUIGUREN > AVENIDA GRAN CHIMU > AVENIDA MALECON MIGUEL CHECA EGUIGUREN > AVENIDA MALECON CHECA > AVENIDA PRIMAVERA > AVENIDA LOS PROCERES > CALLE 15,RUTA_3707_1055.pdf,
1056,3805,E.T. Y SERV. ARCO IRIS S.A,San Juan De Lurigancho,Villa El Salvador,47.53,45.14,42,5,47,8.0,MINIBUS (M2-M3),AVENIDA HEROES DEL CENEPA OESTE / JIRON CANTERAS,AVENIDA 17 / CALLE SN (ALT. COOPERATIVA LAS VERTIENTES),51,52,"AVENIDA HEROES DEL CENEPA OESTE > AVENIDA JOSE CARLOS MARIATEGUI > AVENIDA CANTO GRANDE > AVENIDA LAS FLORES DE PRIMAVERA > AVENIDA LIMA > AVENIDA PROCERES DE LA INDEPENDENCIA > OVALO DE ZARATE > AVENIDA 9 DE OCTUBRE > PUENTE RICARDO PALMA > AVENIDA ABANCAY > PUENTE ABANCAY > AVENIDA MANCO CÁPAC > AVENIDA MEXICO > PUENTE MEXICO > AVENIDA MANUEL CASTAÑEDA > AVENIDA JOSE GALVEZ > CALLE MANUEL SEGURA > AVENIDA PROLONGACION IQUITOS > CALLE LOS TULIPANES > AVENIDA RICARDO RIVERA NAVARRETE > AVENIDA ENRIQUE CANAVAL Y MOREYRA > AVENIDA REPUBLICA DE PANAMA > AVENIDA EL SOL > AVENIDA ALMIRANTE MIGUEL GRAU > AVENIDA NICOLAS DE PIEROLA > OVALO BALTA > AVENIDA BALTA > PLAZA BUTTERS > AVENIDA JORGE CHAVEZ > JIRON FERNANDO FAUSTOR > JIRON BATALLA DE AYACUCHO > AVENIDA AYACUCHO > AVENIDA SANTIAGO DE SURCO > PUENTE ATOCONGO > AVENIDA LOS HEROES > AVENIDA PACHACUTEC > OVALO PACHACUTEC > AVENIDA MATEO PUMACAHUA > AVENIDA SEPARADOR INDUSTRIAL > AVENIDA MODELO > AVENIDA MARIANO PASTOR SEVILLA > OVALO COCHARCAS > AVENIDA MATEO PUMACAHUA > AVENIDA PROLONGACION PEDRO MIOTTA > AVENIDA PROLONGACION PEDRO MIOTTA (GIRO EN ""U"" ALT. CLUB METROPOLITANO HUAYNA CAPAC) > AVENIDA PROLONGACION PEDRO MIOTTA > AVENIDA MATEO PUMACAHUA > AVENIDA LAS FORESTALES > AVENIDA PRIMERO DE MAYO > AVENIDA LOS ALGARROBOS > AVENIDA 17","AVENIDA 17 > AVENIDA LOS ALGARROBOS > AVENIDA PRIMERO DE MAYO > AVENIDA LAS FORESTALES > AVENIDA MATEO PUMACAHUA > OVALO COCHARCAS > AVENIDA MARIANO PASTOR SEVILLA > AVENIDA MODELO > AVENIDA SEPARADOR INDUSTRIAL > AVENIDA MATEO PUMACAHUA > OVALO PACHACUTEC > AVENIDA PACHACUTEC > AVENIDA LOS HEROES > PUENTE ATOCONGO > AVENIDA SANTIAGO DE SURCO > AVENIDA SURCO > CALLE DOÑA ROSA > AVENIDA AYACUCHO > CALLE DOÑA DELMIRA > JIRON COMBATE DE IQUIQUE > AVENIDA PASEO LA CASTELLANA > JIRON COMBATE DE ANGAMOS > JIRON SAN PEDRITO > JIRON FRANKLIN ROOSEVELT > AVENIDA JORGE CHAVEZ > PLAZA BUTTERS > AV LIMA > JIRON LUNA PIZARRO > CALLE CATALINO MIRANDA > AVENIDA REPUBLICA DE PANAMA > AVENIDA ENRIQUE CANAVAL Y MOREYRA > CALLE LAS BEGONIAS > CALLE DEAN VALDIVIA > JIRON FRANCISCO MASIAS > CALLE LAS LILAS > AVENIDA PROLONGACION IQUITOS > PUENTE MEXICO > AVENIDA MEXICO > AVENIDA MEXICO (GIRO EN ""U"" ALT. PASAJE LAS ESMERALDAS) > AVENIDA MEXICO > AVENIDA MANCO CAPAC > PUENTE ABANCAY > AVENIDA ABANCAY > PUENTE RICARDO PALMA > AVENIDA 9 DE OCTUBRE > OVALO DE ZARATE > AVENIDA PROCERES DE LA INDEPENDENCIA > AVENIDA LIMA > AVENIDA LAS FLORES DE PRIMAVERA > AVENIDA CANTO GRANDE > AV. JOSÉ CARLOS MARIATEGUI > AVENIDA HEROES DEL CENEPA OESTE",RUTA_3805_1056.pdf,
1057,3806,E.S.T. SANTA CATALINA S.A.,San Juan De Lurigancho,Villa Maria Del Triunfo,41.96,41.88,58,6,64,5.0,MINIBUS (M2-M3),AVENIDA HEROES DEL CENEPA OESTE / AVENIDA FERNANDO WIESSE,JIRON ISIDRO SUAREZ / PROLONGACION JOSE CARLOS MARIATEGUI,40,49,AVENIDA HEROES DEL CENEPA OESTE > AVENIDA JOSE CARLOS MARIATEGUI > AVENIDA CANTO GRANDE > AVENIDA EL SOL > AVENIDA 13 DE ENERO > AVENIDA LURIGANCHO > AVENIDA PIRAMIDE DEL SOL > PUENTE PIRAMIDE DEL SOL > AVENIDA JOSE CARLOS MARIATEGUI > OVALO DE LA PAZ > AVENIDA JOSE DE LA RIVA AGUERO > AVENIDA NICOLAS DE AYLLON > AVENIDA MEXICO > PUENTE MEXICO > CALLE TEODORO CARDENAS > AVENIDA ALVAREZ DE ARENALES > JIRON DOMINGO CUETO > AVENIDA EDGARDO REBAGLIATI > AVENIDA GENERAL SALAVERRY > AVENIDA AUGUSTO PEREZ ARANIBAR > AVENIDA DEL EJERCITO > OVALO FEDERICO VILLARREAL > AVENIDA DEL EJERCITO > PLAZA CENTRO AMERICA > AVENIDA JOSE PARDO > PLAZA MORALES BARROS > AVENIDA JOSE PARDO > OVALO DE MIRAFLORES > AVENIDA DIAGONAL > MALECON 28 DE JULIO > AVENIDA ALFREDO BENAVIDES > OVALOS LOS CABITOS > AVENIDA SANTIAGO DE SURCO > PUENTE ATOCONGO > AVENIDA LOS HEROES > JIRON FRANCISCO BOLOGNESI > AVENIDA DEFENSORES DE LIMA > AVENIDA JOSE CARLOS MARIATEGUI > PASAJE TUPAC AMARU > JIRON ISIDRO SUAREZ,AVENIDA PROLONGACION JOSE CARLOS MARIATEGUI > CALLE ANDRES AVELINO CACERES > AVENIDA SIMON BOLIVAR > AVENIDA MARISCAL JOSE ANTONIO DE SUCRE > AVENIDA PRIMAVERA > JIRON INTI RAYMI > AVENIDA JULIO CESAR TELLO > JIRON MARIANO MELGAR > AVENIDA PANDO EGUSQUIZA > CALLE SANTO TORIBIO > AVENIDA DEFENSORES DE LIMA > JIRON TUPAC AMARU > AVENIDA LOS HEROES > PUENTE ATOCONGO > AVENIDA SANTIAGO DE SURCO > OVALOS LOS CABITOS > AVENIDA ALFREDO BENAVIDES > AVENIDA PASEO DE LA REPUBLICA > AVENIDA RICARDO PALMA > OVALO DE MIRAFLORES > AVENIDA JOSE PARDO > PLAZA MORALES BARROS > AVENIDA JOSE PARDO > PLAZA CENTRO AMERICA > AVENIDA DEL EJERCITO > OVALO FEDERICO VILLARREAL > AVENIDA DEL EJERCITO > AVENIDA AUGUSTO PEREZ ARANIBAR > AVENIDA GENERAL SALAVERRY > AVENIDA EDGARDO REBAGLIATI > JIRON DOMINGO CUETO > CALLE MANUEL SEGURA > AVENIDA MANUEL CASTANEDA > PUENTE MEXICO > AVENIDA MEXICO > AVENIDA NICOLAS DE AYLLON > JIRON MIGUEL GRAU > AVENIDA JOSE DE LA RIVA AGUERO > OVALO DE LA PAZ > AVENIDA JOSE CARLOS MARIATEGUI > PUENTE CHINCHAYSUYO > JIRON CHINCHAYSUYO > JIRON SAN AURELIO > AVENIDA LURIGANCHO > AVENIDA 13 DE ENERO > AVENIDA EL SOL > AVENIDA CANTO GRANDE > AVENIDA JOSE CARLOS MARIATEGUI > AVENIDA HEROES DEL CENEPA OESTE,RUTA_3806_1057.pdf,
1058,3807,TRANSPORTES HUASCAR S.A.,San Juan De Lurigancho,Lurin,53.45,52.76,81,9,90,4.0,OMNIBUS (M3),AVENIDA FERNANDO WIESSE / JIRÓN MAR DEL NORTE,ANTIGUA PANAMERICANA SUR / CALLE 9,23,22,AVENIDA FERNANDO WIESSE > AVENIDA JOSE CARLOS MARIATEGUI > AVENIDA CANTO GRANDE > AVENIDA EL SOL > AVENIDA PROCERES DE LA INDEPENDENCIA > AVENIDA PIRAMIDE DEL SOL > PUENTE PIRAMIDE DEL SOL > AVENIDA JOSE CARLOS MARIATEGUI > AVENIDA 1 DE MAYO > VIA DE EVITAMIENTO > PUENTE SANTA ANITA > VIA DE EVITAMIENTO > INTERCAMBIO VIAL SUR > CARRETERA PANAMERICANA SUR > PUENTE PRIMAVERA > CARRETERA PANAMERICANA SUR > PUENTE ALIPIO PONCE > CARRETERA PANAMERICANA SUR > ACCESO SAN PEDRO > AVENIDA SAN PEDRO > AVENIDA SAN PEDRO (VUELTA EN U ALT. OVALO) > AVENIDA SAN PEDRO > ANTIGUA PANAMERICANA SUR,ANTIGUA PANAMERICANA SUR > AVENIDA SAN PEDRO > ACCESO PANAMERICANA SUR > CARRETERA PANAMERICANA SUR > PUENTE ALIPIO PONCE > CARRETERA PANAMERICANA SUR > PUENTE PRIMAVERA > CARRETERA PANAMERICANA SUR > INTERCAMBIO VIAL SUR > VIA DE EVITAMIENTO > PUENTE SANTA ANITA > VIA DE EVITAMIENTO > AVENIDA ANDRES PONCE PALACIOS > AVENIDA JOSE CARLOS MARIATEGUI > PUENTE CHINCHAYSUYO > JIRON CHINCHAYSUYO > JIRON SAN AURELIO > AVENIDA PROCERES DE LA INDEPENDENCIA > AVENIDA EL SOL > AVENIDA CANTO GRANDE > AVENIDA JOSE CARLOS MARIATEGUI > AVENIDA FERNANDO WIESSE,RUTA_3807_1058.pdf,
1059,3809,E.S.T. SANTA CATALINA S.A.,San Juan De Lurigancho,Villa Maria Del Triunfo,37.74,38.49,69,7,76,6.0,OMNIBUS (M3),AVENIDA CIRCUNVALACION / JIRON LAS VIOLETAS,CALLE ANDRES AVELINO CACERES / CALLE LOS CIPRESES,34,39,AVENIDA CIRCUNVALACION > AVENIDA HEROES DEL CENEPA OESTE > AVENIDA JOSE CARLOS MARIATEGUI > AVENIDA CANTO GRANDE > AVENIDA EL SOL > AVENIDA 13 DE ENERO > AVENIDA LURIGANCHO > AVENIDA PROCERES DE LA INDEPENDENCIA > OVALO DE ZARATE > AVENIDA 9 DE OCTUBRE > PUENTE RICARDO PALMA > AVENIDA ABANCAY > PUENTE ABANCAY > AVENIDA MANCO CAPAC > JIRON ITALIA > JIRON JAVIER LUNA PIZARRO > AVENIDA MEXICO > AVENIDA PALERMO > PARQUE UNION PANAMERICANA > AVENIDA PALERMO > AVENIDA CANADA > AVENIDA ESTEBAN CAMPODONICO > AVENIDA SAN EUGENIO > AVENIDA NICOLAS ARRIOLA > AVENIDA CANADA > AVENIDA SAN LUIS > AVENIDA CAMINOS DEL INCA > AVENIDA ALFREDO BENAVIDES > PUENTE BENAVIDES > AVENIDA GREVILLEA > AVENIDA AGUSTIN ROSA LOZANO > AVENIDA DEFENSORES DE LIMA > AVENIDA JOSE CARLOS MARIATEGUI > CALLE ANDRES AVELINO CACERES,CALLE ANDRES AVELINO CACERES > PASAJE TUPAC AMARU > JIRON ISIDRO SUAREZ > AVENIDA SIMON BOLIVAR > AVENIDA MARISCAL JOSE ANTONIO DE SUCRE > AVENIDA PRIMAVERA > JIRON INTI RAYMI > AVENIDA JULIO CESAR TELLO > AVENIDA DEFENSORES DE LIMA > AVENIDA AGUSTIN ROSA LOZANO > JIRON CERRO LINDO > AVENIDA CIRCUNVALACION > PUENTE BENAVIDES > AVENIDA ALFREDO BENAVIDES > AVENIDA CAMINOS DEL INCA > AVENIDA SAN LUIS > AVENIDA CANADA > AVENIDA NICOLAS ARRIOLA > AVENIDA SAN EUGENIO > AVENIDA ESTEBAN CAMPODONICO > AVENIDA CANADA > AVENIDA PALERMO > PARQUE UNION PANAMERICANA > AVENIDA PALERMO > AVENIDA MEXICO > AVENIDA MANCO CAPAC > PUENTE ABANCAY > AVENIDA ABANCAY > PUENTE RICARDO PALMA > AVENIDA 9 DE OCTUBRE > OVALO DE ZARATE > AVENIDA PROCERES DE LA INDEPENDENCIA > AVENIDA LURIGANCHO > AVENIDA 13 DE ENERO > AVENIDA EL SOL > AVENIDA CANTO GRANDE > AVENIDA JOSE CARLOS MARIATEGUI > AVENIDA HEROES DEL CENEPA OESTE > AVENIDA CIRCUNVALACION,RUTA_3809_1059.pdf,
1060,3810,EMP DE TRANSP Y SERV OCHO SA,San Juan De Lurigancho,Villa Maria Del Triunfo,34.85,35.02,56,6,62,6.0,OMNIBUS (M3),AVENIDA LOS PROCERES / CALLE 24,JIRON CHUQUIBAMBA / CALLE MAJES,25,26,AVENIDA LOS PROCERES > CALLE 14 > CALLE 13 > CALLE 8 > AVENIDA MALECON CHECA > AVENIDA MALECON MIGUEL CHECA EGUIGUREN > OVALO DE ZARATE > AVENIDA 9 DE OCTUBRE > PUENTE RICARDO PALMA > AVENIDA ABANCAY > AVENIDA MANCO CAPAC > AVENIDA ISABEL LA CATOLICA > AVENIDA PROLONGACION PARINACOCHAS > AVENIDA MEXICO > AVENIDA AVIACION > OVALO DE ARRIOLA > AVENIDA AVIACION > OVALO LOS CABITOS > AVENIDA SANTIAGO DE SURCO > INTERCAMBIO VIAL PUENTE ATOCONGO > AVENIDA LOS HEROES > AVENIDA PACHACUTEC > AVENIDA 26 DE NOVIEMBRE > JIRON LIMA > JIRON CHUQUIBAMBA,CALLE MAJES > AVENIDA 26 DE NOVIEMBRE > AVENIDA PACHACUTEC > AVENIDA LOS HEROES > INTERCAMBIO VIAL PUENTE ATOCONGO > AVENIDA SANTIAGO DE SURCO > OVALO LOS CABITOS > AVENIDA AVIACION > OVALO DE ARRIOLA > AVENIDA AVIACION > AVENIDA MEXICO > JIRON HUANUCO > AVENIDA ISABEL LA CATOLICA > AVENIDA MANCO CAPAC > AVENIDA ABANCAY > PUENTE RICARDO PALMA > AVENIDA 9 DE OCTUBRE > OVALO DE ZARATE > AVENIDA MALECON MIGUEL CHECA EGUIGUREN > AVENIDA GRAN CHIMU > AVENIDA MALECON MIGUEL CHECA EGUIGUREN > AVENIDA MALECON CHECA > CALLE 8 > CALLE 13 > CALLE 14 > AVENIDA LOS PROCERES,RUTA_3810-1060.pdf,
1061,3813,EMPRESA DE TRANSPORTES Y SERVICIOS PREFERENCIAL M 1 S.A. - E.T.S.P. M 1 S.A.,San Juan De Lurigancho,Villa El Salvador,45.26,45.03,59,6,65,8.0,MINIBUS (M2-M3),AVENIDA FERNANDO WIESSE / JIRON MAR DE FLORES,AVENIDA 200 MILLAS / CALLE D,34,38,AVENIDA FERNANDO WIESSE > AVENIDA PROCERES DE LA INDEPENDENCIA > AVENIDA JORGE BASADRE ESTE > AVENIDA 13 DE ENERO > AVENIDA LURIGANCHO > AVENIDA PIRAMIDE DEL SOL > PUENTE PIRAMIDE DEL SOL > AVENIDA JOSE CARLOS MARIATEGUI > OVALO DE LA PAZ > AVENIDA JOSE DE LA RIVA AGUERO > AVENIDA NICOLAS DE AYLLON > AVENIDA 28 DE JULIO > AVENIDA AVIACION > OVALO DE ARRIOLA > AVENIDA AVIACION > OVALO DE LOS CABITOS > AVENIDA ALFREDO BENAVIDES > PUENTE BENAVIDES > AVENIDA GREVILLEA > AVENIDA AGUSTIN ROSA LOZANO > AVENIDA DEFENSORES DE LIMA > AVENIDA NICOLAS DE PIEROLA > AVENIDA 26 DE NOVIEMBRE > AVENIDA PACHACUTEC > AVENIDA MATEO PUMACAHUA > AVENIDA SEPARADORA INDUSTRIAL > AVENIDA PRIMERO DE MAYO > AVENIDA CENTRAL > AVENIDA JORGE CHAVEZ > AVENIDA REVOLUCION > AVENIDA TALARA > AVENIDA MARIA ELENA MOYANO > OVALO OASIS > AVENIDA 200 MILLAS,"AVENIDA 200 MILLAS > OVALO OASIS > AVENIDA MARIA ELENA MOYANO > AVENIDA TALARA > AVENIDA REVOLUCION > OVALO DE LA MUJER > AVENIDA REVOLUCION > AVENIDA PRIMERO DE MAYO > AVENIDA SEPARADORA INDUSTRIAL > AVENIDA MATEO PUMACAHUA > AVENIDA PACHACUTEC > AVENIDA 26 DE NOVIEMBRE > AVENIDA NICOLAS DE PIEROLA > AVENIDA DEFENSORES DE LIMA > AVENIDA AGUSTIN ROSA LOZANO > JIRON CERRO LINDO > AVENIDA CIRCUNVALACION > PUENTE BENAVIDES > AVENIDA ALFREDO BENAVIDES > OVALO LOS CABITOS > AVENIDA AVIACION > OVALO DE ARRIOLA > AVENIDA AVIACION > AVENIDA 28 DE JULIO > AVENIDA NICOLAS DE AYLLON > AVENIDA NICOLAS DE AYLLON (VUELTA""""U""""ALT. AVENIDA GARCILASO DE LA VEGA) > AVENIDA NICOLAS DE AYLLON > JIRON MIGUEL GRAU > AVENIDA JOSE DE LA RIVA AGÜERO > OVALO DE LA PAZ > AVENIDA JOSE CARLOS MARIATEGUI > PUENTE CHINCHAYSUYO > JIRON CHINCHAYSUYO > JIRON SAN AURELIO > AVENIDA LURIGANCHO > AVENIDA 13 DE ENERO > AVENIDA EL SOL > AVENIDA FERNANDO WIESSE",RUTA_3813_1061.pdf,
1062,3814,E.T. LOS CUATRO SUYOS S.A.,San Juan De Lurigancho,Villa El Salvador,45.98,44.49,66,7,73,8.0,MINIBUS (M2-M3),AVENIDA FERNANDO WIESSE / JIRON MAR DE FLORES,AVENIDA 200 MILLAS / CALLE D,37,40,AVENIDA FERNANDO WIESSE > AVENIDA PROCERES DE LA INDEPENDENCIA > AVENIDA JORGE BASADRE ESTE > AVENIDA 13 DE ENERO > AVENIDA LURIGANCHO > AVENIDA PIRAMIDE DEL SOL > PUENTE PIRAMIDE DEL SOL > AVENIDA JOSE CARLOS MARIATEGUI > OVALO DE LA PAZ > AVENIDA JOSE DE LA RIVA AGÜERO > AVENIDA NICOLAS DE AYLLON > AVENIDA 28 DE JULIO > AVENIDA AVIACION > OVALO DE ARRIOLA > AVENIDA AVIACION > OVALO LOS CABITOS > AVENIDA ALFREDO BENAVIDES > PUENTE BENAVIDES > AVENIDA LA GREVILLEA > AVENIDA AGUSTIN ROSA LOZANO > AVENIDA DEFENSORES DE LIMA > AVENIDA NICOLAS DE PIEROLA > AVENIDA 26 DE NOVIEMBRE > AVENIDA PACHACUTEC > OVALO PACHACUTEC > AVENIDA MATEO PUMACAHUA > AVENIDA SEPARADORA INDUSTRIAL > AVENIDA PRIMERO DE MAYO > AVENIDA CENTRAL > OVALO CUAVES > AVENIDA CENTRAL > AVENIDA JORGE CHAVEZ > AVENIDA REVOLUCION > AVENIDA TALARA > AVENIDA MARIA ELENA MOYANO > OVALO OASIS > AVENIDA 200 MILLAS,"AVENIDA 200 MILLAS > OVALO OASIS > AVENIDA MARIA ELENA MOYANO > AVENIDA TALARA > AVENIDA REVOLUCION > OVALO DE LA MUJER > AVENIDA REVOLUCION > AVENIDA PRIMERO DE MAYO > AVENIDA SEPARADORA INDUSTRIAL > AVENIDA MATEO PUMACAHUA > OVALO PACHACUTEC > AVENIDA PACHACUTEC > AVENIDA 26 DE NOVIEMBRE > AVENIDA NICOLAS DE PIEROLA > AVENIDA DEFENSORES DE LIMA > AVENIDA AGUSTIN ROSA LOZANO > JIRON CERRO LINDO > AVENIDA CIRCUNVALACION > PUENTE BENAVIDES > AVENIDA ALFREDO BENAVIDES > OVALO LOS CABITOS > AVENIDA AVIACION > OVALO DE ARRIOLA > AVENIDA AVIACION > AVENIDA 28 DE JULIO > AVENIDA NICOLAS DE AYLLON > AVENIDA NICOLAS DE AYLLON (VUELTA EN ""U"" ALTURA GARCILAZO DE LA VEGA) > AVENIDA NICOLAS DE AYLLON > AVENIDA GARCILAZO DE LA VEGA > AVENIDA JOSE DE LA RIVA AGÜERO > OVALO DE LA PAZ > AVENIDA JOSE CARLOS MARIATEGUI > PUENTE CHINCHAYSUYO > JIRON CHINCHAYSUYO > JIRON SAN AURELIO > AVENIDA LURIGANCHO > AVENIDA 13 DE ENERO > AVENIDA EL SOL > AVENIDA PROCERES DE INDEPENDENCIA > AVENIDA FERNANDO WIESSE",RUTA_3814_1062.pdf,
1063,3815,E.T. Y SERV. MU. LOS MAGNIFICOS S.A. ETYSERMULMA S.A.,San Juan De Lurigancho,Pachacamac,37.9,37.76,50,5,55,6.0,MINIBUS (M2-M3),PROLONGACION SAN MARTIN DE PORRES / CALLE 35,AVENIDA LOS CLAVELES ALTO / AVENIDA LOS NARANJOS,35,34,"PROLONGACION SAN MARTIN DE PORRES > AVENIDA SAN MARTIN DE PORRES > AVENIDA SANTA ROSA DE LIMA > AVENIDA EL BOSQUE > AVENIDA LOS ALAMOS > AVENIDA EL SOL > AVENIDA EL SOL (GIRO EN ""U"" ALT. JIRON PIEDRA LUNA) > AVENIDA EL SOL > AVENIDA SANTA ROSA DE LIMA > AVENIDA LOS CONDORES > AVENIDA LURIGANCHO > AVENIDA PIRAMIDE DEL SOL > PUENTE PIRAMIDE DEL SOL > AVENIDA JOSE CARLOS MARIATEGUI > AVENIDA LAS MAGNOLIAS > AVENIDA PLACIDO JIMENEZ > JIRON ANCASH > AVENIDA SEBASTIAN LORENTE > AVENIDA ALMIRANTE MIGUEL GRAU > AVENIDA AVIACION > OVALO DE ARRIOLA > AVENIDA NICOLAS ARRIOLA > BYPASS NICOLAS ARRIOLA > AVENIDA NICOLAS ARRIOLA > AVENIDA NICOLAS DE AYLLON > PUENTE SANTA ANITA > CARRETERA CENTRAL > AVENIDA LOS FRUTALES > AVENIDA SEPARADORA INDUSTRIAL > AVENIDA LA MOLINA > OVALO LA FONTANA > AVENIDA LA MOLINA > CARRETERA CIENEGUILLA > AVENIDA VICTOR MALASQUEZ > AVENIDA LOS CLAVELES ALTO",AVENIDA LOS CLAVELES ALTO > AVENIDA VICTOR MALASQUEZ > CARRETERA CIENEGUILLA > AVENIDA LA MOLINA > OVALO LA FONTANA > AVENIDA LA MOLINA > CARRETERA CENTRAL > PUENTE SANTA ANITA > AVENIDA NICOLAS DE AYLLON > AVENIDA NICOLAS ARRIOLA > BYPASS NICOLAS ARRIOLA > AVENIDA NICOLAS ARRIOLA > OVALO DE ARRIOLA > AVENIDA AVIACION > AVENIDA MEXICO > JIRON HUANUCO > JIRON SANTA ROSA > AVENIDA SEBASTIAN LORENTE > JIRON ANCASH > AVENIDA PLACIDO JIMENEZ > AVENIDA BOSQUE HUANCA > AVENIDA JOSE CARLOS MARIATEGUI > PUENTE CHINCHAYSUYO > JIRON CHINCHAYSUYO > JIRON SAN AURELIO > AVENIDA LURIGANCHO > AVENIDA LOS CONDORES > AVENIDA SANTA ROSA DE LIMA > AVENIDA EL SOL > AVENIDA LOS ALAMOS > AVENIDA EL BOSQUE > AVENIDA SANTA ROSA DE LIMA > AVENIDA SAN MARTIN DE PORRES > PROLONGACION SAN MARTIN DE PORRES,RUTA_3815_1063.pdf,
1064,4304,E.T. SANTA ROSA DE JICAMARCA S.A.,Lurigancho (Chosica),San Juan De Lurigancho,39.63,40.78,65,7,72,5.0,MINIBUS (M2-M3),AVENIDA UNION JICAMARCA / CALLE 11 DE JUNIO,CALLE FLORIN / CALLE UCAYALI (AA.HH. BELEN),36,33,AVENIDA UNION JICAMARCA > AVENIDA TUPAC AMARU > AVENIDA 5 DE AGOSTO > AVENIDA LAS TORRES > PUENTE HUACHIPA > AVENIDA LAS TORRES > CARRETERA CENTRAL > AVENIDA SANTA MARIA > AVENIDA BERNARDINO RIVADAVIA > AVENIDA METROPOLITANA > AVENIDA RIO PERENE > OVALO DE PURUCHUCO > AVENIDA RIO PERENE > CARRETERA CENTRAL > AVENIDA NICOLAS DE AYLLON > AVENIDA MEXICO > JIRON HUANUCO > VIA EXPRESA ALMIRANTE MIGUEL GRAU > AVENIDA ALMIRANTE MIGUEL GRAU > JIRON JUNIN > AVENIDA SEBASTIAN LORENTE > JIRON ANCASH > OVALO LA PAZ > AVENIDA JOSE CARLOS MARIATEGUI > PUENTE CHINCHAYSUYO > JIRON CHINCHAYSUYO > JIRON SAN AURELIO > AVENIDA LURIGANCHO > JIRON LOS LIQUENES > AVENIDA LAS ALCAPARRAS > AVENIDA LAS FLORES DE PRIMAVERA > AVENIDA CANTO GRANDE > AVENIDA SAN MARTIN DE PORRES > PROLONGACION SAN MARTIN DE PORRES > CALLE DE LAS AMERICAS > CALLE FLORIN,CALLE FLORIN > CALLE DE LAS AMERICAS > PROLONGACION SAN MARTIN DE PORRES > AVENIDA SAN MARTIN DE PORRES > AVENIDA CANTO GRANDE > AVENIDA LAS FLORES DE PRIMAVERA > AVENIDA LAS ALCAPARRAS > JIRON LOS LIQUENES > AVENIDA PIRAMIDE DEL SOL > PUENTE PIRAMIDE DEL SOL > AVENIDA JOSE CARLOS MARIATEGUI > OVALO LA PAZ > JIRON ANCASH > AVENIDA SEBASTIAN LORENTE > AVENIDA ALMIRANTE MIGUEL GRAU > AVENIDA AVIACION > AVENIDA 28 DE JULIO > AVENIDA PROLONGACION PARINACOCHAS > AVENIDA MEXICO > AVENIDA NICOLAS DE AYLLON > CARRETERA CENTRAL > AVENIDA RIO PERENE > OVALO DE PURUCHUCO > AVENIDA RIO PERENE > AVENIDA METROPOLITANA > AVENIDA PROLONGACION JAVIER PRADO > CARRETERA CENTRAL > AVENIDA LAS TORRES > PUENTE HUACHIPA > AVENIDA LAS TORRES > AVENIDA 5 DE AGOSTO > AVENIDA TUPAC AMARU > AVENIDA UNION JICAMARCA,RUTA_4304_1064.pdf,
1065,4405,EMPRESA DE TRANSPORTES NUEVO HORIZONTE S.A.,Ate,Ate,39.99,40.04,91,10,101,4.0,OMNIBUS (M3),CALLE LAS ISABELITAS / AVENIDA SAN JUAN,AVENIDA DE LOS PARQUES / AVENIDA MANUEL BONNEMAISON,42,46,CALLE LAS ISABELITAS > AVENIDA 26 DE MAYO > CALLE MADRE DE DIOS > AVENIDA LOS VIRREYES > AVENIDA PROLONGACION JAVIER PRADO ESTE > AVENIDA METROPOLITANA > AVENIDA HUANCARAY > AVENIDA LA ENCALADA > AVENIDA CHANCAS DE ANDAHUAYLAS > AVENIDA LOS RUISEÑORES > AVENIDA CAMINO REAL > AVENIDA CESAR VALLEJO > OVALO DE LA PAZ > AVENIDA JOSE DE LA RIVAGÜERO > AVENIDA INCA RIPAC > JIRON CAJACAY > AVENIDA ALMIRANTE MIGUEL GRAU > VIA EXPRESA ALMIRANTE MIGUEL GRAU > PLAZA MIGUEL GRAU > AVENIDA 9 DE DICIEMBRE > PLAZA FRANCISCO BOLOGNESI > AVENIDA BRASIL > AVENIDA DEL EJERCITO > AVENIDA AUGUSTO PEREZ ARANIBAR > AVENIDA DEL EJERCITO > OVALO DEL EJERCITO > AVENIDA FEDERICO VILLARREAL > CALLE GENERAL MENDIBURU > CALLE 2 DE MAYO > AVENIDA COMANDANTE ESPINAR > AVENIDA ANGAMOS OESTE > AVENIDA ANGAMOS ESTE > AVENIDA AVIACION > OVALO DE ARRIOLA > AVENIDA SAN JUAN > AVENIDA AGUSTIN DE LA ROSA TORO > AVENIDA NICOLAS ARRIOLA > INTERCAMBIO VIAL EL PINO > AVENIDA CIRCUNVALACION > AVENIDA NICOLAS DE AYLLON > AVENIDA LOS ROSALES > AVENIDA LOS PARQUES,AVENIDA LOS PARQUES > AVENIDA LOS ROSALES > AVENIDA NICOLAS DE AYLLON > AVENIDA CIRCUNVALACION > INTERCAMBIO VIAL EL PINO > AVENIDA CIRCUNVALACION > JIRON MANUEL BEINGOLEA > AVENIDA AGUSTIN DE LA ROSA TORO > AVENIDA SAN JUAN > OVALO DE ARRIOLA > AVENIDA AVIACION > AVENIDA ANGAMOS ESTE > AVENIDA ANGAMOS OESTE > AVENIDA COMANDANTE ESPINAR > CALLE TENIENTE ENRIQUE PALACIOS > AVENIDA MARISCAL LA MAR > AVENIDA FEDERICO VILLARREAL > OVALO DEL EJERCITO > AVENIDA DEL EJERCITO > AVENIDA AUGUSTO PEREZ ARANIBAR > AVENIDA DEL EJERCITO > AVENIDA BRASIL > PLAZA FRANCISCO BOLOGNESI > AVENIDA 9 DE DICIEMBRE > PLAZA MIGUEL GRAU > VIA EXPRESA ALMIRANTE MIGUEL GRAU > AVENIDA ALMIRANTE MIGUEL GRAU > JIRON OCROS > AVENIDA TUPAC AMARU > AVENIDA JOSE DE LA RIVA AGÜERO > OVALO DE LA PAZ > AVENIDA CESAR VALLEJO > CALLE CESAR VALLEJO > CALLE MARIA PARADO DE BELLIDO > JIRON CIRO ALEGRIA > AVENIDA LOS EUCALIPTOS > AVENIDA LOS RUISEÑORES > AVENIDA CHANCAS DE ANDAHUAYLAS > AVENIDA LA ENCALADA > AVENIDA HUANCARAY > AVENIDA METROPOLITANA > AVENIDA PROLONGACION JAVIER PRADO ESTE > AVENIDA LOS VIRREYES > CALLE MADRE DE DIOS > AVENIDA 26 DE MAYO > CALLE LAS ISABELITAS,RUTA_4405_1065.pdf,
1066,4502,EMPRESA DE TRANSPORTE Y TURISMO HUAYCAN S.A.,Ate,Cercado De Lima,33.5,34.17,57,6,63,5.0,MINIBUS (M2-M3),"CALLE SN (HUAYCAN ""ZONA T"" UCV 223)",JIRON ASCOPE / AVENIDA MORALES DUAREZ,22,25,CALLE SN (ALT. INICIAL SANTA ROSITA I) > CALLE SN (ALT. LOSA UCV 220) > AVENIDA ANDRES AVELINO CACERES > AVENIDA JOSE CARLOS MARIATEGUI > AVENIDA LOS INCAS > AVENIDA JOSE CARLOS MARIATEGUI > VIA DE ACCESO A HUAYCAN > CARRETERA CENTRAL > AUXILIAR CARRETERA CENTRAL (BY PASS JAVIER PRADO) > CARRETERA CENTRAL > AVENIDA NICOLAS DE AYLLON > AVENIDA ALMIRANTE MIGUEL GRAU > VIA EXPRESA AVENIDA ALMIRANTE MIGUEL GRAU > PLAZA MIGUEL GRAU > AVENIDA 9 DE DICIEMBRE > PLAZA FRANCISCO BOLOGNESI > AVENIDA ALFONSO UGARTE > PLAZA 2 DE MAYO > AVENIDA ALFONSO UGARTE > PLAZA RAMON CASTILLA > AVENIDA REPUBLICA DE ARGENTINA > JIRON ASCOPE,AVENIDA MORALES DUAREZ > AVENIDA PACASMAYO > AVENIDA REPUBLICA DE ARGENTINA > PLAZA RAMON CASTILLA > AVENIDA ALFONSO UGARTE > PLAZA 2 DE MAYO > AVENIDA ALFONSO UGARTE > PLAZA FRANCISCO BOLOGNESI > AVENIDA 9 DE DICIEMBRE > PLAZA MIGUEL GRAU > VIA EXPRESA AVENIDA ALMIRANTE MIGUEL GRAU > AVENIDA ALMIRANTE MIGUEL GRAU > AVENIDA ALTO DE LA ALIANZA > JIRON GARCIA NARANJO > AVENIDA NICOLAS DE AYLLON > CARRETERA CENTRAL > AUXILIAR CARRETERA CENTRAL (BY PASS JAVIER PRADO) > CARRETERA CENTRAL > VIA DE ACCESO A HUAYCAN > AVENIDA JOSE CARLOS MARIATEGUI > AVENIDA LOS INCAS > AVENIDA JOSE CARLOS MARIATEGUI > AVENIDA ANDRES AVELINO CACERES > CALLE SN (ALT. LOSA UCV 220) > CALLE SN (ALT. INICIAL SANTA ROSITA I),RUTA_4502_1066.pdf,
1067,4503,EMPRESA DE TRANSPORTES Y SERVICIOS PERALITOS S.A.,Santa Anita,Cercado De Lima,20.38,20.81,28,3,31,6.0,MINIBUS (M2-M3),PASAJE LOBITOS / CALLE MARSELLA,AVENIDA MORALES DUAREZ / JIRON ASCOPE,37,36,PASAJE LOBITOS > AVENIDA LOS NOGALES > CALLE LAS NIEVES > AVENIDA LOS NOGALES > AVENIDA 1 DE MAYO > AVENIDA CESAR VALLEJO > OVALO DE LA PAZ > AVENIDA JOSE DE LA RIVA AGÜERO > AVENIDA NICOLAS DE AYLLON > AVENIDA 28 DE JULIO > AVENIDA AVIACION > AVENIDA MEXICO > AVENIDA PROLONGACION PARINACOCHAS > AVENIDA ISABEL LA CATOLICA > PUENTE ISABEL LA CATOLICA > AVENIDA PASEO DE LA REPUBLICA > AVENIDA JOSE GALVEZ > AVENIDA ALEJANDRO TIRADO > AVENIDA CUBA > PLAZA ANDRES AVELINO CACERES > AVENIDA CUBA > AVENIDA REPUBLICA DOMINICANA > AVENIDA ARNALDO MARQUEZ > AVENIDA AFRANIO DE MELLO FRANCO > CALLE CORACEROS > JIRON JUAN PABLO FERNANDINI > AVENIDA SIMON BOLIVAR > AVENIDA JOSE DE SAN MARTIN > PLAZA DE LA BANDERA > AVENIDA TINGO MARIA > AUXILIAR AVENIDA TINGO MARIA > AVENIDA TINGO MARIA > JIRON ZORRITOS > JIRON MOLINO DEL GATO > JIRON JORGE CHAVEZ > AVENIDA PACASMAYO > AVENIDA MORALES DUAREZ,AVENIDA MORALES DUAREZ > AVENIDA PACASMAYO > JIRON JORGE CHAVEZ > JIRON ZORRITOS > AVENIDA TINGO MARIA > AUXILIAR AVENIDA TINGO MARIA > AVENIDA TINGO MARIA > PLAZA DE LA BANDERA > AVENIDA JOSE DE SAN MARTIN > AVENIDA SIMON BOLIVAR > AVENIDA HUSARES DE JUNIN > AVENIDA GENERAL EUGENIO GARZON > AVENIDA JOSE MARIA PLAZA > JIRON HUIRACOCHA > AVENIDA CUBA > PLAZA ANDRES AVELINO CACERES > AVENIDA CUBA > AVENIDA ALEJANDRO TIRADO > AVENIDA PASEO DE LA REPUBLICA > AVENIDA ISABEL LA CATOLICA > AVENIDA PROLONGACION PARINACOCHAS > AVENIDA MEXICO > AVENIDA AVIACION > AVENIDA 28 DE JULIO > AVENIDA NICOLAS DE AYLLON > AVENIDA NICOLAS DE AYLLON (VUELTA EN U ALTURA JIRON MARGARITA VARGAS) > AVENIDA NICOLAS DE AYLLON > AVENIDA INCA GARCILASO DE LA VEGA > AVENIDA JOSE DE LA RIVA AGÜERO > OVALO DE LA PAZ > AVENIDA CESAR VALLEJO > JIRON RIO CHEPEN > AUXILIAR AVENIDA CESAR VALLEJO > AVENIDA 1 DE MAYO > AVENIDA LOS NOGALES > PASAJE LOBITOS,RUTA_4503_1067.pdf,
1068,4504,EMPRESA DE SERVICIOS MULTIPLES NUEVO PERU S.A.,Ate,Cercado De Lima,35.1,33.58,69,7,76,5.0,MINIBUS (M2-M3),CALLE CAMINO AL CIELO / CALLE SN (OVALO CAMINO AL CIELO - HUAYCAN ZONA R UCV 206 C),JIRON ASCOPE / AVENIDA MORALES DUAREZ,24,23,CALLE CAMINO AL CIELO > CALLE PADRE ISRAEL > AVENIDA 15 DE JULIO > AVENIDA JOSE CARLOS MARIATEGUI > OVALO ALFONSO BARRANTES > AVENIDA ANDRES AVELINO CACERES > AVENIDA LOS INCAS > AVENIDA JOSE CARLOS MARIATEGUI > CARRETERA CENTRAL > VIA AUXILIAR CARRETERA CENTRAL (BY PASS J AVIER PRADO) > CARRETERA CENTRAL > AVENIDA NICOLAS DE AYLLON > AVENIDA ALMIRANTE MIGUEL GRAU > VIA EXPRESA ALMIRANTE MIGUEL GRAU > PLAZA ALMIRANTE MIGUEL GRAU > AVENIDA 9 DE DICIEMBRE > JIRON WASHINGTON > JIRON ZEPITA > AVENIDA ALFONSO UGARTE > PLAZA 2 DE MAYO > AVENIDA ALFONSO UGARTE > PLAZA RAMON CASTILLA > AVENIDA REPUBLICA DE ARGENTINA > JIRON ASCOPE,AVENIDA MORALES DUAREZ > AVENIDA PACASMAYO > AVENIDA REPUBLICA DE ARGENTINA > PLAZA RAMON CASTILLA > AVENIDA ALFONSO UGARTE > PLAZA 2 DE MAYO > AVENIDA ALFONSO UGARTE > PLAZA FRANCISCO BOLOGNESI > AVENIDA 9 DE DICIEMBRE > PLAZA ALMIRANTE MIGUEL GRAU > VIA EXPRESA ALMIRANTE MIGUEL GRAU > AVENIDA ALMIRANTE MIGUEL GRAU > AVENIDA ALTO DE LA ALIANZA > AVENIDA GARCIA NARANJO > AVENIDA NICOLAS DE AYLLON > CARRETERA CENTRAL > VIA AUXILIAR CARRETERA CENTRAL (BY PASS J AVIER PRADO) > CARRETERA CENTRAL > AVENIDA JOSE CARLOS MARIATEGUI > CALLE 8 > AVENIDA 15 DE JULIO > AVENIDA NUEVA JERUSALEN > CALLE CAMINO AL CIELO,RUTA_4504_1068.pdf,
1069,4507,EMPRESA DE TRANSPORTES Y SERVICIOS NUEVA ERA SEÑOR DE MURUHUAY SOCIEDAD ANONIMA - ETSNESM S.A.,Lurigancho (Chosica),Cercado De Lima,47.7,47.68,106,11,117,4.0,MINIBUS (M2-M3),AVENIDA LIMA NORTE / AVENIDA SAN MARTIN,JIRON ASCOPE / AVENIDA OSCAR RAIMUNDO BENAVIDES,20,18,CARRETERA CENTRAL > AVENIDA LIMA NORTE > CALLE SALAVERRY > JIRON TRUJILLO NORTE > JIRON TRUJILLO SUR > JIRON TACNA > AVENIDA LIMA SUR > CARRETERA CENTRAL > AUXILIAR CARRETERA CENTRAL (BY PASS JAVIER PRADO) > CARRETERA CENTRAL > PUENTE SANTA ANITA > AVENIDA NICOLAS DE AYLLON > AVENIDA ALMIRANTE MIGUEL GRAU > VIA EXPRESA ALMIRANTE MIGUEL GRAU > PLAZA MIGUEL GRAU > AVENIDA 9 DE DICIEMBRE > PLAZA CORONEL FRANCISCO BOLOGNESI > AVENIDA ALFONSO UGARTE > JIRON SANCHEZ PINILLOS > JIRON ASCOPE,AVENIDA OSCAR RAIMUNDO BENAVIDES > PLAZA 2 DE MAYO > AVENIDA ALFONSO UGARTE > PLAZA CORONEL FRANCISCO BOLOGNESI > AVENIDA 9 DE DICIEMBRE > PLAZA MIGUEL GRAU > VIA EXPRESA ALMIRANTE MIGUEL GRAU > AVENIDA ALMIRANTE MIGUEL GRAU > AVENIDA ALTO DE LA ALIANZA > JIRON GARICA NARANJO > AVENIDA NICOLAS DE AYLLON > PUENTE SANTA ANITA > CARRETERA CENTRAL > AUXILIAR CARRETERA CENTRAL (BY PASS JAVIER PRADO) > CARRETERA CENTRAL > AVENIDA LIMA SUR > AVENIDA LIMA NORTE > CARRETERA CENTRAL,RUTA_4507_1069.pdf,
1070,4510,EMPRESA DE TRANSPORTE BRONCO S.A. ETBRONSA,Ate,Jesus Maria,17.21,17.34,27,3,30,4.0,MINIBUS (M2-M3),CALLE SAN IGNACIO / CALLE SAN FRANCISCO,AVENIDA GENERAL SALAVERRY / AVENIDA SAN FELIPE,23,22,CALLE SAN IGNACIO > CALLE SAN LUIS > CALLE SAN CARLOS > CALLE EL ROSAL DE SANTA ANITA > AVENIDA LAS GAVIOTAS > CALLE PRIMERO DE MAYO > AVENIDA FERROCARRIL > AVENIDA LA ENCALADA > AVENIDA LOS CHANCAS DE ANDAHUAYLAS > AVENIDA LOS RUISEÑORES > CARRETERA CENTRAL > AVENIDA NICOLAS DE AYLLON > BY PASS NICOLAS AYLLON > AVENIDA NICOLAS ARRIOLA > OVALO DE ARRIOLA > AVENIDA AVIACION > AVENIDA MEXICO > PUENTE MEXICO > CALLE TEODORO CARDENAS > AVENIDA ALVAREZ DE ARENALES > JIRON DOMINGO CUETO > AVENIDA EDGARDO REBAGLIATI > AVENIDA GENERAL SALAVERRY,AVENIDA GENERAL SALAVERRY > AVENIDA EDGARDO REBAGLIATI > JIRON DOMINGO CUETO > CALLE MANUEL SEGURA > AVENIDA MANUEL CASTAÑEDA > PUENTE MEXICO > AVENIDA MEXICO > AVENIDA AVIACION > OVALO DE ARRIOLA > AVENIDA NICOLAS ARRIOLA > AVENIDA NICOLAS DE AYLLON > CARRETERA CENTRAL > AVENIDA LOS RUISEÑORES > AVENIDA LOS CHANCAS DE ANDAHUAYLAS > AVENIDA LA ENCALADA > AVENIDA FERROCARRIL > CALLE PRIMERO DE MAYO > AVENIDA LAS GAVIOTAS > CALLE EL ROSAL DE SANTA ANITA > CALLE SAN CARLOS > CALLE SAN LUIS > CALLE SAN IGNACIO,RUTA_4510_1070.pdf,
1071,4511,MULTISERVICIOS E INVERSIONES VIRGEN DE COPACABANA S. A.C,Ate,Jesus Maria,37.35,34.36,45,5,50,5.0,MINIBUS (M2-M3),AVENIDA NICOLAS DE PIEROLA / CARRETERA CENTRAL AVENIDA GENERAL SALAVERRRY / AVENIDA 28 DE JULIO (OVALO JORGE,CHAVEZ),22,23,AVENIDA NICOLAS DE PIEROLA > AVENIDA SAN MARTIN DE PORRES > AVENIDA LA ESTRELLA > CARRETERA CENTRAL > AVENIDA NICOLAS DE AYLLON > INTERCAMBIO VIAL PUENTE SANTA ANITA > VIA DE EVITAMIENTO > INTERCAMBIO VIAL SUR > CARRETERA PANAMERICANA SUR > ACCESO AVENIDA ALFREDO BENAVIDES > AVENIDA ALFREDO BENAVIDES > OVALO LOS CABITOS > AVENIDA ALFREDO BENAVIDES > AVENIDA JOSE LARCO > OVALO MIRAFLORES > AVENIDA JOSE PARDO > PLAZA MORALES BARROS > AVENIDA JOSE PARDO > PLAZA CENTRO AMERICA > AVENIDA DEL EJERCITO > AVENIDA AUGUSTO PEREZ ARANIBAR > AVENIDA GENERAL SALAVERRY,AVENIDA GENERAL SALAVERRY > AVENIDA AUGUSTO PEREZ ARANIBAR > AVENIDA DEL EJERCITO > PLAZA CENTRO AMERICA > AVENIDA JOSE PARDO > PLAZA MORALES BARROS > AVENIDA JOSE PARDO > OVALO MIRAFLORES > AVENIDA DIAGONAL > MALECON 28 DE JULIO > AVENIDA ALFREDO BENAVIDES > OVALO LOS CABITOS > AVENIDA ALFREDO BENAVIDES > PUENTE BENAVIDES > AVENIDA LA GREVILLEA > AVENIDA AGUSTIN LA ROSA LOZANO > AVENIDA CRISTOBAL PERALTA SUR > ACCESO CARRETERA PANAMERICANA SUR > CARRETERA PANAMERICANA SUR > INTERCAMBIO VIAL SUR > VIA DE EVITAMIENTO > ACCESO CARRETERA CENTRAL > CARRETERA CENTRAL,RUTA_4511_1071.pdf,
1072,4607,E.T. UNIDOS SAN MARTIN DE PORRES S.A.,Ate,La Victoria,17.2,17.65,31,4,35,6.0,MINIBUS (M2-M3),AVENIDA SAN JUAN BAUTISTA / CALLE SAN PEDRO,AVENIDA AVIACION / JIRON HIPOLITO UNANUE,12,12,AVENIDA SAN JUAN BAUTISTA > AVENIDA LOS LIRIOS > AVENIDA ESPERANZA > AVENIDA JOSE CARLOS MARIATEGUI > CARRETERA CENTRAL > AUXILIAR CARRETERA CENTRAL (BY PASS JAVIER PRADO) > CARRETERA CENTRAL > AVENIDA NICOLAS DE AYLLON > BY PASS NICOLAS AYLLON > AVENIDA NICOLAS ARRIOLA > OVALO NICOLAS ARRIOLA > AVENIDA AVIACION,AVENIDA AVIACION > OVALO NICOLAS ARRIOLA > AVENIDA NICOLAS ARRIOLA > AVENIDA NICOLAS DE AYLLON > CARRETERA CENTRAL > AUXILIAR CARRETERA CENTRAL (BY PASS JAVIER PRADO) > CARRETERA CENTRAL > JIRON EL TRIUNFO > AVENIDA JOSE CARLOS MARIATEGUI > AVENIDA ESPERANZA > AVENIDA LOS LIRIOS > AVENIDA SAN JUAN BAUTISTA,RUTA_4607_1072.pdf,
1073,4609,EMPRESA DE TRANSPORTES NUESTRA SEÑORA DEL SAGRADO CORAZON S.A. E.T.NASSAC S.A.,Ate,San Isidro,25.63,25.73,47,5,52,6.0,MINIBUS (M2-M3),AVENIDA SAN JUAN BAUTISTA / CALLE SAN PEDRO,AVENIDAD GENERAL JACINTO LARA / AVENIDA GENERAL CORDOVA,25,25,AVENIDA SAN JUAN BAUTISTA > AVENIDA LOS LIRIOS > AVENIDA ESPERANZA > AVENIDA JOSE CARLOS MARIATEGUI > CALLE EL TRABAJO > CARRTERA CENTRAL > AUXILIAR CARRETERA CENTRAL (BYPASS JAVIER PRADO) > CARRTERA CENTRAL > AVENIDA ASTURIAS > OVALO MAYORAZGO > AVENIDA SEPRARADORA INDUSTRIAL > AVENIDA LA MOLINA > OVALO LA FONTANA > AVENIDA LA FONTANA > AVENIDA CIRCUNVALACION DEL GOLF DE LOS INCAS > AVENIDA EL GOLF LOS INCAS > JIRON EL POLO > AVENIDA LA ENCALADA > AVENIDA PRIMAVERA > VIA AUXILIAR PRIMAVERA > VIA AUXILIAR ANGAMOS ESTE > AVENIDA ANGAMOS ESTE > AVENIDA ANGAMOS OESTE > CALLE CONTRALMIRANTE DE MORA > AVENIDA GENERAL JACINTO LARA,AVENIDA GENERAL CORDOVA > CALLE CONTRALMIRANTE DE MORA > AVENIDA ANGAMOS OESTE > AVENIDA ANGAMOS ESTE > VIA AUXILIAR ANGAMOS ESTE > VIA AUXILIAR PRIMAVERA > AVENIDA PRIMAVERA > AVENIDA LA ENCALADA > JIRON EL POLO > AVENIDA EL GOLF LOS INCAS > AVENIDA CIRCUNVALACION DEL GOLF DE LOS INCAS > AVENIDA LA FONTANA > OVALO LA FONTANA > AVENIDA LA MOLINA > AVENIDA SEPRARADORA INDUSTRIAL > OVALO MAYORAZGO > AVENIDA ASTURIAS > CARRTERA CENTRAL > AUXILIAR CARRETERA CENTRAL (BYPASS JAVIER PRADO) > CARRTERA CENTRAL > CALLE EL TRIUNFO > AVENIDA JOSE CARLOS MARIATEGUI > AVENIDA ESPERANZA > AVENIDA LOS LIRIOS > AVENIDA SAN JUAN BAUTISTA,RUTA_4609_1073.pdf,
1074,4610,EMPRESA DE TRANSPORTES MIRAFLORES MONTERRICO S.A.,Ate,San Isidro,22.42,22.35,50,5,55,6.0,OMNIBUS (M3),CALLE LANCASTER / CALLE CANADA,AVENIDA GENERAL CORDOVA / AVENIDA ANGAMOS OESTE,22,19,CALLE LANCASTER > CALLE BERLIN > AVENIDA MARCO PUENTE LLANOS > CARRETERA CENTRAL > AUXILIAR CARRETERA CENTRAL (BY PASS JAVIER PRADO) > CARRETERA CENTRAL > AVENIDA SEPARADORA INDUSTRIAL > AVENIDA LA MOLINA > OVALO LA FONTANA > AVENIDA LA FONTANA > AVENIDA CIRCUNVALACION DEL GOLF DE LOS INCAS > AVENIDA EL GOLF DE LOS INCAS > JIRON EL POLO > AVENIDA LA ENCALADA > AVENIDA PRIMAVERA > AUXILIAR AVENIDA PRIMAVERA > AUXILIAR AVENIDA ANGAMOS ESTE > AVENIDA ANGAMOS ESTE > AVENIDA ANGAMOS OESTE > CALLE CONTRALMIRANTE DE MORA > AVENIDA GENERAL JACINTO LARA > AVENIDA GENERAL CORDOVA,AVENIDA ANGAMOS OESTE > AVENIDA ANGAMOS ESTE > AUXILIAR AVENIDA ANGAMOS ESTE > AUXILIAR AVENIDA PRIMAVERA > AVENIDA PRIMAVERA > AVENIDA LA ENCALADA > JIRON EL POLO > AVENIDA GOLF DE LOS INCAS > AVENIDA CIRCUNVALACION DEL GOLF DE LOS INCAS > AVENIDA LA FONTANA > OVALO LA FONTANA > AVENIDA LA MOLINA > AVENIDA SEPARADORA INDUSTRIAL > CARRETERA CENTRAL > AUXILIAR CARRETERA CENTRAL (BY PASS JAVIER PRADO) > CARRETERA CENTRAL > AVENIDA MARCO PUENTE LLANOS > CALLE BERLIN > CALLE LANCASTER,RUTA_4610_1074.pdf,
1075,4611,EMPRESA DE TRANSPORTES Y SERVICIOS SAN JUAN BAUTISTA S.A.,Lurigancho (Chosica),La Victoria,27.53,28.87,51,6,57,6.0,MINIBUS (M2-M3),AVENIDA SAN ANTONIO / CALLE PARAISO,AVENIDA AVIACION / JIRON ITALIA,33,37,AVENIDA SAN ANTONIO > AVENIDA SANTA CRUZ > AVENIDA LA UNION > CALLE PARAISO > AVENIDA SAN ANTONIO > AVENIDA D > AVENIDA LA FLORIDA > CALLE 16 > PROLONGACION QUINTA AVENIDA > PUENTE PETRAMAS > AVENIDA CHOSICA > AVENIDA CAJAMARQUILLA > AVENIDA LAS TORRES > PUENTE HUACHIPA > AVENIDA LAS TORRES > CARRETERA CENTRAL > AVENIDA SANTA MARIA > AVENIDA BERNANDINO RIVADAVIA > AVENIDA METROPOLITANA > AVENIDA SEPARADORA INDUSTRIAL > AVENIDA LOS VIRREYES > AVENIDA LOS CHANCAS DE ANDAHUAYLAS > AVENIDA LOS RUISEÑORES > CALLE VILLA RICA > CALLE PALPA > AVENIDA SANTIAGO DE CHUCO > AVENIDA CAMINO REAL > AVENIDA CESAR VALLEJO > OVALO DE LA PAZ > AVENIDA JOSE DE LA RIVA AGÜERO > AVENIDA NICOLAS DE AYLLON > AVENIDA 28 DE JULIO > AVENIDA AVIACION,"AVENIDA AVIACION > AVENIDA 28 DE JULIO > AVENIDA NICOLAS DE AYLLON > AVENIDA NICOLAS DE AYLLON (VUELTA EN ""U"" ALTURA AVENIDA INCA GARCILAZO DE LA VEGA) > JIRON MIGUEL GRAU > AVENIDA JOSE DE LA RIVA AGÜERO > OVALO DE LA PAZ > AVENIDA CESAR VALLEJO > CALLE CESAR VALLEJO > AVENIDA TUPAC AMARU > AVENIDA CAMINO REAL > AVENIDA SANTIAGO DE CHUCO > CALLE PALPA > CALLE VILLA RICA > AVENIDA LOS RUISEÑORES > AVENIDA LOS CHANCAS DE ANDAHUAYLAS > AVENIDA LOS VIRREYES > AVENIDA SEPARADORA INDUSTRIAL > AVENIDA METROPOLITANA > AVENIDA PROLONGACION JAVIER PRADO ESTE > AUXILIAR CARRETERA CENTRAL > CARRETERA CENTRAL > AVENIDA LAS TORRES > PUENTE HUACHIPA > AVENIDA LAS TORRES > AVENIDA CAJAMARQUILLA > AVENIDA CHOSICA > PUENTE PETRAMAS > PROLONGACION QUINTA AVENIDA > CALLE 16 > AVENIDA LA FLORIDA > AVENIDA D > AVENIDA SAN ANTONIO > CALLE PARAISO > AVENIDA LA UNION > AVENIDA SANTA CRUZ > AVENIDA SAN ANTONIO",RUTA_4611_1075.pdf,
1076,4612,E.T.SERV.MULT. Y COMERCIALIZACION 14 DE MAYO S.A.C.,Ate,La Victoria,29.56,27.92,50,5,55,5.0,MINIBUS (M2-M3),AVENIDA 15 DE JULIO / CALLE 6,AVENIDA AVIACION / JIRON SAN CRISTOBAL,16,14,AVENIDA 15 DE JULIO > AVENIDA JOSE CARLOS MARIATEGUI > AVENIDA ANDRES AVELINO CACERES > CALLE ROSARIO > AVENIDA JOSE CARLOS MARIATEGUI > AVENIDA LOS INCAS > AVENIDA JOSE CARLOS MARIATEGUI > VIA DE ACCESO A HUAYCAN > CARRETERA CENTRAL > AUXILIAR CARRETERA CENTRAL (BY PASS JAVIER PRADO) > CARRETERA CENTRAL > AVENIDA NICOLAS DE AYLLON > BY PASS NICOLAS AYLLON > AVENIDA NICOLAS ARRIOLA > OVALO DE ARRIOLA > AVENIDA AVIACION,AVENIDA AVIACION > OVALO DE ARRIOLA > AVENIDA NICOLAS ARRIOLA > AVENIDA NICOLAS DE AYLLON > CARRETERA CENTRAL > AUXILIAR CARRETERA CENTRAL (BY PASS JAVIER PRADO) > CARRETERA CENTRAL > VIA DE ACCESO A HUAYCAN > AVENIDA JOSE CARLOS MARIATEGUI > AVENIDA LOS INCAS > AVENIDA JOSE CARLOS MARIATEGUI > CALLE 8 > JIRON PARAISO > AVENIDA 15 DE JULIO,RUTA_4612_1076.pdf,
1077,4613,TRANSPORTES Y SERVICIOS MULTIPLES PERLA DE LOS ANDES S.A.C.,Ate,La Victoria,27.61,27.89,42,5,47,5.0,MINIBUS (M2-M3),"AVENIDA JOSE CARLOS MARIATEGUI / CALLE D (UCV-233B, ZONA Z -HUAYCAN)",AVENIDA AVIACION / JIRON SAN CRISTOBAL,11,11,AVENIDA JOSE CARLOS MARIATEGUI > OVALO ALFONSO BARRANTES > AVENIDA JOSE CARLOS MARIATEGUI > CARRETERA CENTRAL > VIA AUXILIAR CARRETERA CENTRAL (BY PASS JAVIER PRADO) > CARRETERA CENTRAL > AVENIDA NICOLAS DE AYLLON > BY PASS NICOLAS DE AYLLON > AVENIDA NICOLAS DE ARRIOLA > OVALO DE ARRIOLA > AVENIDA AVIACION,AVENIDA AVIACION > OVALO DE ARRIOLA > AVENIDA NICOLAS DE ARRIOLA > BY PASS NICOLAS DE AYLLON > AVENIDA NICOLAS DE AYLLON > CARRETERA CENTRAL > VIA AUXILIAR CARRETERA CENTRAL (BY PASS JAVIER PRADO) > CARRETERA CENTRAL > AVENIDA JOSE CARLOS MARIATEGUI > OVALO ALFONSO BARRANTES > AVENIDA JOSE CARLOS MARIATEGUI,RUTA_4613_1077.pdf,
1078,4614,EMPRESA DE TRANSPORTES SESENTITRES S.A.,Ate,La Victoria,17.74,17.79,36,4,40,6.0,OMNIBUS (M3),AVENIDA SAN JUAN BAUTISTA / CALLE SAN ESTEBAN,AVENIDA AVIACION / JIRON HUMBOLDT,23,25,AVENIDA SAN JUAN BAUTISTA > AVENIDA LOS CLAVELES > AVENIDA ESPERANZA > AVENIDA JOSE CARLOS MARIATEGUI > CALLE TRABAJO > CARRETERA CENTRAL > AVENIDA SANTA MARIA > AVENIDA BERNARDINO RIVADAVIA > AVENIDA METROPOLITANA > AVENIDA HUANCARAY > AVENIDA LA ENCALADA > AVENIDA LOS CHANCAS DE ANDAHUAYLAS > AVENIDA LOS RUISEÑORES > AVENIDA LOS EUCALIPTOS > CALLE JOSE CARLOS MARIATEGUI > AVENIDA TUPAC AMARU > AVENIDA CAMINO REAL > AVENIDA CESAR VALLEJO > OVALO DE LA PAZ > AVENIDA JOSE DE LA RIVA AGÜERO > AVENIDA NICOLAS DE AYLLON > AVENIDA 28 DE JULIO > AVENIDA AVIACION,"AVENIDA AVIACION > AVENIDA 28 DE JULIO > AVENIDA NICOLAS DE AYLLON > AVENIDA NICOLAS DE AYLLON (VUELTA EN ""U"" ALT. AVENIDA INCA GARCILAZO DE LA VEGA) > AVENIDA NICOLAS DE AYLLON > AVENIDA MIGUEL GRAU > AVENIDA JOSE DE LA RIVA AGÜERO > OVALO DE LA PAZ > AVENIDA CESAR VALLEJO > CALLE CESAR VALLEJO > CALLE MARIA PARADO DE BELLIDO > JIRON CIRO ALEGRIA > AVENIDA LOS EUCALIPTOS > AVENIDA LOS RUISEÑORES > AVENIDA LOS CHANCAS DE ANDAHUAYLAS > AVENIDA LA ENCALADA > AVENIDA HUANCARAY > AVENIDA METROPOLITANA > AVENIDA BERNARDINO RIVADAVIA > CALLE MAR DE LAS MARIANAS > CARRETERA CENTRAL > AVENIDA JOSE CARLOS MARIATEGUI > AVENIDA ESPERANZA > AVENIDA LOS CLAVELES > AVENIDA SAN JUAN BAUTISTA",RUTA_4614_1078.pdf,
1079,4618,E.T. UNIDOS SAN MARTIN DE PORRES S.A.,Ate,La Victoria,18.94,19.4,26,3,29,7.0,MINIBUS (M2-M3),AVENIDA NICOLAS DE PIEROLA / PASAJE 3,AVENIDA AVIACION / CALLE SEBASTIAN BARRANCA,12,12,AVENIDA NICOLAS DE PIEROLA > CALLE COOPERATIVA RAMIRO PRIALE > AVENIDA NICOLAS DE PIEROLA > AVENIDA JOSE CARLOS MARIATEGUI > CARRETERA CENTRAL > AUXILIAR CARRETERA CENTRAL (BY PASS JAVIER PRADO) > CARRETERA CENTRAL > AVENIDA NICOLAS DE AYLLON > BY PASS NICOLAS AYLLON > AVENIDA NICOLAS ARRIOLA > OVALO DE ARRIOLA > AVENIDA AVIACION,AVENIDA AVIACION > OVALO DE ARRIOLA > AVENIDA NICOLAS ARRIOLA > AVENIDA NICOLAS DE AYLLON > CARRETERA CENTRAL > AUXILIAR CARRETERA CENTRAL (BY PASS JAVIER PRADO) > CARRETERA CENTRAL > JIRON EL TRIUNFO > AVENIDA JOSE CARLOS MARIATEGUI > AVENIDA NICOLAS DE PIEROLA > CALLE COOPERATIVA RAMIRO PRIALE > AVENIDA NICOLAS DE PIEROLA,RUTA_4618_1079.pdf,
1080,4619,EMPRESA DE TRANSPORTE Y TURISMO HUAYCAN S.A.,Ate,La Victoria,27.69,27.57,68,7,75,3.0,MINIBUS (M2-M3),"CALLE SN (HUAYCAN ""ZONA T"" UCV 223)",AVENIDA AVIACION / JIRON SAN CRISTOBAL,13,11,CALLE S/N (ALT. INICIAL SANTA ROSITA I) > CALLE S/N (ALT. LOSA UCV 220) > AVENIDA ANDRES AVELINO CACERES > OVALO ALFONSO BARRANTES > AVENIDA LOS INCAS > AVENIDA JOSE CARLOS MARIATEGUI > CARRETERA CENTRAL > VIA AUXILIAR CARRETERA CENTRAL (BY PASS JAVIER PRADO) > AVENIDA NICOLAS DE AYLLON > BY PASS NICOLAS DE AYLLON > AVENIDA NICOLAS ARRIOLA > OVALO ARRIOLA > AVENIDA AVIACION,AVENIDA AVIACION > OVALO ARRIOLA > AVENIDA NICOLAS ARRIOLA > BY PASS NICOLAS DE AYLLON > AVENIDA NICOLAS DE AYLLON > VIA AUXILIAR CARRETERA CENTRAL (BY PASS JAVIER PRADO) > CARRETERA CENTRAL > AVENIDA JOSE CARLOS MARIATEGUI > AVENIDA ANDRES AVELINO CACERES > CALLE S/N (ALT. LOSA UCV 220) > CALLE S/N (ALT. INICIAL SANTA ROSITA I),RUTA_4619_1080.pdf,
1081,4620,EMPRESA DE TRANSPORTE URBANO HUAYCAN S.A.C.,Ate,La Victoria,29.76,28.13,59,6,65,4.0,MINIBUS (M2-M3),PASAJE JESUS / AVENIDA NUEVA JERUSALEN,AVENIDA AVIACION / CALLE SEBASTIAN BARRANCA,17,14,PASAJE JESUS > AVENIDA PADRE ISRAEL > AVENIDA PROLONGACION 15 DE JULIO > AVENIDA 15 DE JULIO > AVENIDA JOSE CARLOS MARIATEGUI > AVENIDA ANDRES AVELINO CACERES > CALLE ROSARIO > AVENIDA JOSE CARLOS MARIATEGUI > VIA DE ACCESO A HUAYCAN > CARRETERA CENTRAL > AUXILIAR CARRETERA CENTRAL (BY PASS JAVIER PRADO) > CARRETERA CENTRAL > AVENIDA NICOLAS DE AYLLON > BY PASS NICOLAS DE AYLLON > AVENIDA NICOLAS ARRIOLA > OVALO DE ARRIOLA > AVENIDA AVIACION,AVENIDA AVIACION > OVALO ARRIOLA > AVENIDA NICOLAS ARRIOLA > AVENIDA NICOLAS DE AYLLON > CARRETERA CENTRAL > AUXILIAR CARRETERA CENTRAL (BY PASS JAVIER PRADO) > CARRETERA CENTRAL > VIA DE ACCESO A HUAYCAN > AVENIDA JOSE CARLOS MARIATEGUI > CALLE 8 > JIRON PARAISO > AVENIDA 15 DE JULIO > AVENIDA PROLONGACION 15 DE JULIO > AVENIDA NUEVA JERUSALEN,RUTA_4620_1081.pdf,
1082,4622,EMPRESA DE TRANSPORTE ANGAMOS S.A.,Santa Anita,Miraflores,20.74,20.76,36,4,40,6.0,MINIBUS (M2-M3),AVENIDA 22 DE JULIO / AVENIDA FERROCARRIL,AVENIDA MARISCAL LA MAR / AVENIDA HIPOLITO UNANUE,23,20,AVENIDA 22 DE JULIO > AVENIDA LOS VIRREYES > AVENIDA DE LA CULTURA > AVENIDA ASTURIAS > OVALO MAYORAZGO > AVENIDA SEPARADORA INDUSTRIAL > AVENIDA LA MOLINA > OVALO LA FONTANA > AVENIDA LA FONTANA > AVENIDA CIRCUNVALACION DEL GOLF DE LOS INCAS > AVENIDA EL GOLF LOS INCAS > AVENIDA EL POLO > AVENIDA LA ENCALADA > AVENIDA PRIMAVERA > AUXILIAR AVENIDA PRIMAVERA > AUXILIAR AVENIDA ANGAMOS ESTE > AVENIDA ANGAMOS ESTE > AVENIDA ANGAMOS OESTE > CALLE CONTRALMIRANTE DE MORA > AVENIDA GENERAL JACINTO LARA > AVENIDA GENERAL CORDOVA > CALLE MATEO PUMACAHUA > AVENIDA MARISCAL LA MAR,AVENIDA HIPOLITO UNANUE > AVENIDA GENERAL CORDOVA > AVENIDA ANGAMOS OESTE > AVENIDA ANGAMOS ESTE > AUXILIAR AVENIDA ANGAMOS ESTE > AUXILIAR AVENIDA PRIMAVERA > AVENIDA PRIMAVERA > AVENIDA LA ENCALADA > AVENIDA EL POLO > AVENIDA EL GOLF LOS INCAS > AVENIDA CIRCUNVALACION DEL GOLF DE LOS INCAS > AVENIDA LA FONTANA > OVALO LA FONTANA > AVENIDA LA MOLINA > AVENIDA SEPARADORA INDUSTRIAL > OVALO MAYORAZGO > AVENIDA ASTURIAS > AVENIDA DE LA CULTURA > AVENIDA LOS VIRREYES > AVENIDA 22 DE JULIO,RUTA_4622_1082.pdf,
1083,4623,TRANSPORTES MULTISERVICIOS E INVERSIONES SIN FRONTERAS S.A.C.,Ate,La Victoria,32.59,30.54,43,5,48,3.0,MINIBUS (M2-M3),AVENIDA ANDRES AVELINO CACERES / CALLE 5,AVENIDA ISABEL LA CATOLICA / JIRON HUANUCO,33,22,AVENIDA ANDRES AVELINO CACERES > AVENIDA JOSE CARLOS MARIATEGUI > CARRETERA CENTRAL > AVENIDA PEDRO RUIZ GALLO > AVENIDA ROSA VERA RAMIREZ > AVENIDA LAS TORRES > PUENTE HUACHIPA > AVENIDA LAS TORRES > AVENIDA CIRCUNVALACION > AVENIDA EL POLO > CALLE LOS HALCONES > AVENIDA LOS CANARIOS > CALLE LAS GAVIOTAS > AVENIDA LOS CISNES > PUENTE HUAYCOLORO > AVENIDA FRANCISCO BOLOGNESI > AVENIDA MALECON MIGUEL CHECA EGUIGUREN > OVALO DE ZARATE > AVENIDA 9 DE OCTUBRE > JIRON MARAÑON > JIRON PATAZ > JIRON LORETO > AVENIDA 9 DE OCTUBRE > PUENTE HUANUCO > JIRON HUANUCO > JIRON AMAZONAS > JIRON HUANTA > JIRON PUNO > JIRON LUCANAS > JIRON PROLONGACION LUCANAS > AVENIDA JAIME BAUSATE MEZA > AVENIDA PARINACOCHAS > AVENIDA ISABEL LA CATOLICA,JIRON HUANUCO > JIRON PROLONGACION HUANUCO > PUENTE HUANUCO > AVENIDA 9 DE OCTUBRE > OVALO DE ZARATE > AVENIDA MALECON MIGUEL CHECA EGUIGUREN > AVENIDA GRAN CHIMU > AVENIDA MALECON MIGUEL CHECA EGUIGUREN > AVENIDA FRANCISCO BOLOGNESI > PUENTE HUAYCOLORO > AVENIDA LOS CISNES > CALLE LAS GAVIOTAS > AVENIDA LOS CANARIOS > CALLE LOS HALCONES > AVENIDA EL POLO > AVENIDA CIRCUNVALACION > AVENIDA LAS TORRES > PUENTE HUACHIPA > AVENIDA LAS TORRES > CARRETERA CENTRAL > AVENIDA JOSE CARLOS MARIATEGUI > AVENIDA ANDRES AVELINO CACERES,RUTA_4623_1083.pdf,
1084,4703,EMPRESA CONSORCIO DE TRANSPORTES SANTO CRISTO S.A. - E.C.T. SANTO CRISTO S.A.,Ate,Chorrillos,38.55,38.19,69,7,76,4.0,OMNIBUS (M3),AVENIDA METROPOLITANA / AVENIDA PROLONGACION JAVIER PRADO ESTE,AVENIDA GUARDIA PERUANA / CALLE ONTARIO,34,34,AVENIDA METROPOLITANA > AVENIDA HUANCARAY > AVENIDA LOS RUISEÑORES > AVENIDA LOS EUCALIPTOS > AVENIDA JOSE CARLOS MARIATEGUI > AVENIDA TUPAC AMARU > AVENIDA CAMINO REAL > AVENIDA CESAR VALLEJO > OVALO LA PAZ > JIRON ANCASH > AVENIDA SEBASTIAN LORENTE > AVENIDA ALMIRANTE MIGUEL GRAU > VIA EXPRESA ALMIRANTE MIGUEL GRAU > PLAZA MIGUEL GRAU > AVENIDA 9 DE DICIEMBRE > PLAZA CORONEL FRANCISCO BOLOGNESI > AVENIDA BRASIL > AVENIDA DEL EJERCITO > AVENIDA AUGUSTO PEREZ ARANIBAR > OVALO FEDERICO VILLAREAL > CALLE 8 DE OCTUBRE > AVENIDA GENERAL MENDIBURU > CALLE 2 DE MAYO > AVENIDA COMANDANTE ESPINAR > AVENIDA ANGAMOS OESTE > AVENIDA ANGAMOS ESTE > AVENIDA AVIACION > OVALO LOS CABITOS > AVENIDA SANTIAGO DE SURCO > AVENIDA LOS PROCERES > JIRON GUARDIA CIVIL NORTE > JIRON VISTA ALEGRE > AVENIDA GUARDIA CIVIL SUR > AVENIDA GUARDIA PERUANA,AVENIDA GUARDIA PERUANA > AVENIDA GUARDIA CIVIL SUR > AVENIDA LOS PROCERES > AVENIDA SANTIAGO DE SURCO > OVALO LOS CABITOS > AVENIDA AVIACION > AVENIDA ANGAMOS ESTE > AVENIDA ANGAMOS OESTE > AVENIDA COMANDANTE ESPINAR > CALLE TENIENTE ENRIQUE PALACIOS > AVENIDA MARISCAL LA MAR > AVENIDA FEDERICO VILLARREAL > OVALO FEDERICO VILLAREAL > AVENIDA DEL EJERCITO > AVENIDA AUGUSTO PEREZ ARANIBAR > AVENIDA DEL EJERCITO > AVENIDA BRASIL > PLAZA CORONEL FRANCISCO BOLOGNESI > AVENIDA 9 DE DICIEMBRE > PLAZA MIGUEL GRAU > VIA EXPRESA ALMIRANTE MIGUEL GRAU > AVENIDA ALMIRANTE MIGUEL GRAU > JIRON JUNIN > AVENIDA SEBASTIAN LORENTE > JIRON ANCASH > OVALO LA PAZ > AVENIDA CESAR VALLEJO > CALLE CESAR VALLEJO > CALLE MARIA PARADO DE BELLIDO > JIRON CIRO ALEGRIA > AVENIDA LOS EUCALIPTOS > AVENIDA RUISEÑORES > AVENIDA HUANCARAY > AVENIDA METROPOLITANA,RUTA_4703_1084.pdf,
1085,5401,EMPRESA DE TRANSPORTES CARRETERA CENTRAL S.A.C.,Lurigancho (Chosica),Cercado De Lima,47.22,46.91,72,8,80,6.0,MINIBUS (M2-M3),CARRETERA CENTRAL / CALLE BRUJAS,AVENIDA OSCAR RAIMUNDO BENAVIDES / JIRON HUAROCHIRI,19,14,CARRETERA CENTRAL > CALLE SALAVERRY > JIRON TRUJILLO NORTE > JIRON TRUJILLO SUR > JIRON TACNA > CARRETERA CENTRAL > AUXILIAR CARRETERA CENTRAL (BY PASS JAVIER PRADO) > CARRETERA CENTRAL > PUENTE SANTA ANITA > AVENIDA NICOLAS DE AYLLON > AVENIDA ALMIRANTE MIGUEL GRAU > VIA EXPRESA ALMIRANTE MIGUEL GRAU > PLAZA ALMIRANTE MIGUEL GRAU > AVENIDA 9 DE DICIEMBRE > PLAZA CORONEL FRANCISCO BOLOGNESI > AVENIDA ALFONSO UGARTE > JIRON SANCHEZ PINILLOS > JIRON ASCOPE > AVENIDA OSCAR RAIMUNDO BENAVIDES,AVENIDA OSCAR RAIMUNDO BENAVIDES > PLAZA 2 DE MAYO > AVENIDA ALFONSO UGARTE > PLAZA CORONEL FRANCISCO BOLOGNESI > AVENIDA 9 DE DICIEMBRE > PLAZA ALMIRANTE MIGUEL GRAU > VÍA EXPRESA ALMIRANTE MIGUEL GRAU > AVENIDA ALMIRANTE MIGUEL GRAU > PROLONGACIÓN AVENIDA SAN PABLO > AVENIDA NICOLAS DE AYLLON > PUENTE SANTA ANITA > CARRETERA CENTRAL > AUXILIAR CARRETERA CENTRAL (BY PASS JAVIER PRADO) > CARRETERA CENTRAL,RUTA_5401_1085.pdf,
1086,6901,E.T.MAGDALENA-SAN MIGUEL S.A.,San Borja,Callao,17.12,17.27,15,2,17,5.0,MINIBUS (M2-M3),AVENIDA CIRCUNVALACION / INTERCAMBIO VIAL SUR (TREBOL),AVENIDA DE LA MARINA / AV. SANTA ROSA,17,16,AVENIDA CIRCUNVALACION > AVENIDA CANADA > PUENTE CANADA > AVENIDA JUAN PARDO DE ZELA > AVENIDA GENERAL CESAR CANEVARO > CALLE DANIEL OLAECHEA > JIRON HUIRACOCHA > AVENIDA SAN FELIPE > OVALO BRASIL > AVENIDA GENERAL MANUEL L. VIVANCO > AVENIDA ANTONIO JOSE DE SUCRE > AVENIDA MANUEL CIPRIANO DULANTO > PROLONGACION AVENIDA MARISCAL JOSE DE LA MAR > AVENIDA PARQUE DE LAS LEYENDAS > AVENIDA DE LOS PRECURSORES > AVENIDA DE LOS INSURGENTES > AVENIDA DE LA MARINA,AVENIDA DE LA MARINA > AVENIDA DE LOS INSURGENTES > AVENIDA DE LOS PRECURSORES > AVENIDA PARQUE DE LAS LEYENDAS > PROLONGACION AVENIDA MARISCAL JOSE DE LA MAR > AVENIDA MANUEL CIPRIANO DULANTO > CALLE MARISCAL AGUSTIN GAMARRA > AVENIDA GENERAL MANUEL L. VIVANCO > OVALO BRASIL > AVENIDA SAN FELIPE > JIRON PACHACUTEC > AVENIDA GENERAL CESAR CANEVARO > AVENIDA JUAN PARDO DE ZELA > PUENTE CANADA > AVENIDA CANADA > AVENIDA CIRCUNVALACION,RUTA_6901_1086.pdf,
1087,7501,EMPRESA DE TRANSPORTES UNIDOS SOCIEDAD ANÓNIMA – ETUSA,Chorrillos,Jesus Maria,22.92,22.13,63,7,70,4.0,OMNIBUS (M3),AVENIDA ANDRES AVELINO CACERES / CALLE SN,AVENIDA GENERAL SALAVERRY / AVENIDA 28 DE JULIO (OVALO JORGE CHAVEZ),31,31,CALLE ANDRES AVELINO CACERES > AVENIDA ALAMEDA SUR > AVENIDA ALAMEDA (VUELTA EN U ALT.JIRON SAN CRISTOBAL) > AVENIDA ALAMEDA SUR > AVENIDA ALAMEDA SAN MARCOS > AVENIDA SANTA ANITA > AVENIDA PROLONGACION HUAYLAS > OVALO DE LA CURVA > AVENIDA DEFENSORES DEL MORRO > AVENIDA ALEJANDRO IGLESIAS > AVENIDA CHORRILLOS > AVENIDA PEDRO DE OSMA > JIRON 28 DE JULIO > AVENIDA ALMIRANTE MIGUEL GRAU > PUENTE REDUCTO > AVENIDA REDUCTO > AVENIDA 28 DE JULIO > MALECON 28 DE JULIO > MALECON LUIS B CISNEROS > PUENTE EDUARDO VILLENA REY > CALLE BOLOGNESI > CALLE BERLIN > AVENIDA ALFREDO LEON > PLAZA MORALES BARROS > AVENIDA JOSE PARDO > PLAZA CENTRO AMERICA > AVENIDA DEL EJERCITO > OVALO FEDERICO VILLARREAL > AVENIDA DEL EJERCITO > AVENIDA AUGUSTO PEREZ ARANIBAR > AVENIDA GENERAL SALAVERRY,AVENIDA GENERAL SALAVERRY > AVENIDA AUGUSTO PEREZ ARANIBAR > AVENIDA DEL EJERCITO > OVALO FEDERICO VILLARREAL > AVENIDA DEL EJERCITO > PLAZA CENTRO AMERICA > AVENIDA JOSE PARDO > PLAZA MORALES BARROS > AVENIDA JOSE PARDO > AVENIDA JORGE CHAVEZ > CALLE JOSE GALVEZ > MALECON JOSE BALTA > MALECON 28 DE JULIO > AVENIDA ALFREDO BENAVIDES > AVENIDA PASEO DE LA REPUBLICA > AVENIDA REDUCTO > PUENTE REDUCTO > AVENIDA ALMIRANTE MIGUEL GRAU > AVENIDA EL SOL OESTE > AVENIDA JOSE DE SAN MARTIN > AVENIDA PROLONGACION JOSE DE SAN MARTIN > AVENIDA PEDRO DE OSMA > AVENIDA CHORRILLOS > AVENIDA JOSE OLAYA > AVENIDA DEFENSORES DEL MORRO > OVALO DE LA CURVA > AVENIDA PROLONGACION HUAYLAS > AVENIDA SANTA ANITA > AVENIDA ALAMEDA SAN MARCOS > AVENIDA ALAMEDA SUR > CALLE ANDRES AVELINO CACERES,RUTA_7501_1087.pdf,
1088,7505,SERVICIOS GENERALES Y TRANSPORTES RENACIMIENTO S.A.- SGT RENACIMIENTO S.A.,Chorrillos,Cercado De Lima,31.93,32.15,40,4,44,4.0,MINIBUS (M2-M3),AVENIDA EL TRIUNFO / CALLE INGENIERIA,AVENIDA REPUBLICA DE ARGENTINA / AVENIDA ALFONSO UGARTE,40,39,AVENIDA EL TRIUNFO > AVENIDA JOSE OLAYA > AVENIDA VISTA ALEGRE > AVENIDA CORDILLERA LA VIUDA > AVENIDA VOLCAN COROPUNA > AVENIDA CORDILLERA CENTRAL > JIRON NEVADO SARA SARA > AVENIDA 12 DE OCTUBRE > PROLONGACION HUAYLAS > OVALO DE LA CURVA > AVENIDA GUARDIA CIVIL SUR > AVENIDA LOS PROCERES > AVENIDA SANTIAGO DE SURCO > OVALO LOS CABITOS > AVENIDA TOMAS MARSANO > AVENIDA ANGAMOS ESTE > AVENIDA ANGAMOS OESTE > AVENIDA COMANDANTE ESPINAR > AVENIDA JOSE PARDO > PLAZA MANUEL BARROS > AVENIDA JOSE PARDO > PLAZA CENTRO AMERICA > AVENIDA DEL EJERCITO > AVENIDA AUGUSTO PEREZ ARANIBAR > AVENIDA DEL EJERCITO > AVENIDA ANTONIO JOSE DE SUCRE > OVALO INDEPENDENCIA > AVENIDA ANTONIO JOSE DE SUCRE > PLAZA INDEPENDENCIA > AVENIDA ANTONIO JOSE DE SUCRE > AVENIDA JOSE DE SAN MARTIN > PLAZA DE LA BANDERA > AVENIDA TINGO MARIA > AUXILIAR AVENIDA TINGO MARIA > AVENIDA TINGO MARIA > JIRON ZORRITOS > JIRON MOLINO DEL GATO > JIRON CORNELIO BORDA > CALLE ASCOPE > AVENIDA REPUBLICA DE ARGENTINA,AVENIDA REPUBLICA DE ARGENTINA > AVENIDA REPUBLICA DE ARGENTINA (GIRO EN U ALT. JIRON RAMON CARCAMO) > AVENIDA REPUBLICA DE ARGENTINA > AVENIDA PACASMAYO > CALLE JORGE CHAVEZ > JIRON ZORRITOS > AVENIDA TINGO MARIA > AUXILIAR AVENIDA TINGO MARIA > AVENIDA TINGO MARIA > PLAZA DE LA BANDERA > AVENIDA JOSE DE SAN MARTIN > AVENIDA ANTONIO JOSE DE SUCRE > OVALO INDEPENDENCIA > AVENIDA ANTONIO JOSE DE SUCRE > AVENIDA DEL EJERCITO > PLAZA CENTRO AMERICA > AVENIDA JOSE PARDO > PLAZA MORALES BARROS > AVENIDA JOSE PARDO > AVENIDA COMANDANTE ESPINAR > AVENIDA ANGAMOS OESTE > AVENIDA ANGAMOS ESTE > AVENIDA TOMAS MARSANO > OVALO LOS CABITOS > AVENIDA SANTIAGO DE SURCO > AVENIDA LOS PROCERES > AVENIDA GUARDIA CIVIL NORTE > JIRON VISTA ALEGRE > AVENIDA GUARDIA CIVILSUR > OVALO DE LA CURVA > PROLONGACION HUAYLAS > AVENIDA 12 DE OCTUBRE > JIRON NEVADO SARA SARA > AVENIDA CORDILLERA CENTRAL > AVENIDA VOLCAN COROPUNA > AVENIDA CORDILLERA LA VIUDA > AVENIDA VISTA ALEGRE > AVENIDA JOSE OLAYA > AVENIDA EL TRIUNFO,RUTA_7505_1088.pdf,
1089,7601,AGRUP. DE TRANS. EN CAMIONETAS S.A.(A.T.C.R. S.A.),Chorrillos,Lince,22.5,22.45,31,4,35,7.0,MINIBUS (M2-M3),AVENIDA JOSE OLAYA / AVENIDA EL TRIUNFO,JIRON MANUEL CANDAMO / AVENIDA ALVAREZ DE ARENALES,23,21,AVENIDA JOSE OLAYA > AVENIDA VISTA ALEGRE > CALLE 22 > AVENIDA SAN JUAN > AVENIDA LOS ALAMOS > AVENIDA EL SOL > JIRON ANDROMEDA > CALLE EL UNIVERSO > CALLE LAS PLEYADES > CALLE LOS ASTEROIDES > JIRON LAS GAVIOTAS > JIRON VISTA ALEGRE > AVENIDA GUARDIA CIVIL SUR > AVENIDA LOS PROCERES > AVENIDA CAMINOS DEL INCA > AVENIDA ALFREDO BENAVIDES > OVALO LOS CABITOS > AVENIDA AVIACION > AVENIDA CANADA > PUENTE CANADA > AVENIDA JUAN PARDO DE ZELA > AVENIDA PETIT THOUARS > JIRON MANUEL CANDAMO,AVENIDA ALVAREZ DE ARENALES > AVENIDA JUAN PARDO DE ZELA > PUENTE CANADA > AVENIDA CANADA > AVENIDA AVIACION > OVALO LOS CABITOS > AVENIDA ALFREDO BENAVIDES > AVENIDA CAMINOS DEL INCA > AVENIDA LOS PROCERES > JIRON GUARDIA CIVIL NORTE > JIRON SAGITARIO > JIRON LAS GAVIOTAS > CALLE LOS ASTEROIDES > CALLE LOS PLEYADES > CALLE EL UNIVERSO > JIRON ANDROMEDA > AVENIDA DEL SOL > AVENIDA LOS ALAMOS > AVENIDA SAN JUAN > AVENIDA VISTA ALEGRE > AVENIDA JOSE OLAYA,RUTA_7601_1089.pdf,
1090,7606,EMPRESA DE TRANSPORTES UNIDOS CHAMA SA,Chorrillos,Miraflores,15.91,15.85,69,7,76,3.0,MINIBUS (M2-M3),AVENIDA ALAMEDA LOS HORIZONTES / AVENIDA ALAMEDA SAN MARCOS,AVENIDA COMANDANTE ESPINAR / AVENIDA SANTA CRUZ (OVALO GUTIERREZ),20,19,AVENIDA ALAMEDA LOS HORIZONTES > AVENIDA ALAMEDA BALLESTAS > AVENIDA ALAMEDA SUR > AVENIDA PROLONGACION HUAYLAS > OVALO LA CURVA > AVENIDA DEFENSORES DEL MORRO > AVENIDA ALEJANDRO IGLESIAS > AVENIDA CHORRILLOS > AVENIDA PEDRO DE OSMA > JIRON 28 DE JULIO > AVENIDA ALMIRANTE MIGUEL GRAU > AVENIDA REDUCTO > AVENIDA 28 DE JULIO > AVENIDA PASEO DE LA REPUBLICA > AVENIDA RICARDO PALMA > PUENTE RICARDO PALMA > AVENIDA RICARDO PALMA > OVALO MIRAFLORES > AVENIDA JOSE PARDO > AVENIDA COMANDANTE ESPINAR,AVENIDA COMANDANTE ESPINAR > AVENIDA JOSE PARDO > OVALO MIRAFLORES > AVENIDA DIAGONAL > MALECON 28 DE JULIO > AVENIDA ALFREDO BENAVIDES > AVENIDA REDUCTO > AVENIDA ALMIRANTE MIGUEL GRAU > AVENIDA EL SOL > AVENIDA JOSE DE SAN MARTIN > AVENIDA PEDRO DE OSMA > AVENIDA CHORRILLOS > AVENIDA JOSE OLAYA > AVENIDA DEFENSORES DEL MORRO > OVALO LA CURVA > AVENIDA PROLONGACION HUAYLAS > AVENIDA ALAMEDA SUR > AVENIDA ALAMEDA BALLESTAS > AVENIDA ALAMEDA LOS HORIZONTES,RUTA_7606_1090.pdf,
1091,7607,EMPRESA DE TRANSPORTES Y SERVICIOS MULTIPLES 160 S.A.C,San Juan De Miraflores,San Isidro,19.36,21.18,36,4,40,7.0,MINIBUS (M2-M3),AVENIDA ALMIRANTE MIGUEL GRAU / CALLE LOS LIRIOS,CALLE CORONEL ANDRES REYES / CALLE LAS CAMELIAS,25,30,AVENIDA ALMIRANTE MIGUEL GRAU > CALLE JOSE MARIA ARGUEDAS > AVENIDA EL TRIUNFO > AVENIDA LA UNION > AVENIDA CORONEL INCLAN > AVENIDA MATEO PUMACAHUA > AVENIDA TUPAC AMARU > AVENIDA SAN JUAN > AVENIDA SAN MARTIN > AVENIDA LOS ALAMOS > AVENIDA EL SOL > AVENIDA GUARDIA CIVIL SUR > OVALO DE LA CURVA > AVENIDA PROLONGACION PASEO DE LA REPUBLICA > AVENIDA EMILIO SANDOVAL > AVENIDA CARLOS ALCORTA > AVENIDA CHORRILLOS > AVENIDA PEDRO DE OSMA > JIRON 28 DE JULIO > AVENIDA ALMIRANTE MIGUEL GRAU > AVENIDA NICOLAS DE PIEROLA > AVENIDA REPUBLICA DE PANAMA > AVENIDA ENRIQUE CANAVAL Y MOREYRA > AVENIDA JUAN DE ARONA > CALLE LAS CAMELIAS,"CALLE CORONEL ANDRES REYES > AVENIDA PASEO DE LA REPUBLICA > AVENIDA ENRIQUE CANAVAL Y MOREYRA > AVENIDA REPUBLICA DE PANAMA > AVENIDA EL SOL ESTE > AVENIDA EL SOL OESTE > AVENIDA PROLONGACION GENERAL JOSE DE SAN MARTIN > AVENIDA PEDRO DE OSMA > AVENIDA CHORRILLOS > AVENIDA JOSE OLAYA > AVENIDA DEFENSORES DEL MORRO > AVENIDA FERNANDO TERAN > AVENIDA FERNANDO TERAN (VUELTA EN ""U"" ALT. JIRON JUSTO PASTOR DAVILA) > AVENIDA PROLONGACION PASEO DE LA REPUBLICA > OVALO DE LA CURVA > AVENIDA PROLONGACION HUAYLAS > AVENIDA PROLONGACION HUAYLAS (VUELTA EN ""U"" ALT. CALLE 10 DE NOVIEMBRE) > AVENIDA PROLONGACION HUAYLAS > AVENIDA GUARDIA CIVIL SUR > AVENIDA EL SOL > AVENIDA LOS ALAMOS > AVENIDA SAN MARTIN > AVENIDA SAN JUAN > AVENIDA TUPAC AMARU > AVENIDA MATEO PUMACAHUA > AVENIDA CORONEL INCLAN > AVENIDA LA UNION > CALLE LOS GIRASOLES > AVENIDA CESAR VALLEJO > AVENIDA ALMIRANTE MIGUEL GRAU",RUTA_7607_1091.pdf,
1092,7610,EMPRESA DE TRANSPORTES Y SERVICIOS MULTIPLES SAN GENARO S.A.,Chorrillos,La Victoria,19.8,19.63,51,6,57,5.0,OMNIBUS (M3),AVENIDA NUEVA CALEDONIA / CALLE SN (AAHH PACIFICO DE VILLA),AVENIDA AVIACION / AVENIDA ISABEL LA CATOLICA,23,21,AVENIDA NUEVA CALEDONIA > AVENIDA PRINCIPAL > AVENIDA TRIUNFADORES > AVENIDA SANTA ANITA > AVENIDA PROLONGACION HUAYLAS > OVALO DE LA CURVA > AVENIDA DEFENSORES DEL MORRO > AVENIDA ALEJANDRO IGLESIAS > AVENIDA CHORRILLOS > AVENIDA PEDRO DE OSMA > JIRON 28 DE JULIO > JIRON CORPANCHO > JIRON LIMA > CALLE CATALINO MIRANDA > AVENIDA REPUBLICA DE PANAMA > AVENIDA ANDRES ARAMBURU > AVENIDA DEL PARQUE SUR > AVENIDA GUARDIA CIVIL > OVALO JOSE QUIÑONES > AVENIDA GUARDIA CIVIL > AVENIDA AVIACION > OVALO DE ARRIOLA > AVENIDA AVIACION,AVENIDA AVIACION > OVALO DE ARRIOLA > AVENIDA AVIACION > AVENIDA GUARDIA CIVIL > OVALO JOSE QUIÑONES > AVENIDA GUARDIA CIVIL > AVENIDA DEL PARQUE SUR > AVENIDA ANDRES ARAMBURU > AVENIDA REPUBLICA DE PANAMA > AVENIDA EL SOL ESTE > AVENIDA GENERAL JOSE DE SAN MARTIN > AVENIDA PEDRO DE OSMA > AVENIDA CHORRILLOS > AVENIDO JOSE OLAYA > AVENIDA DEFENSORES DEL MORRO > OVALO DE LA CURVA > AVENIDA PROLONGACION HUAYLAS > AVENIDA SANTA ANITA > AVENIDA TRIUNFADORES > AVENIDA PRINCIPAL > AVENIDA NUEVA CALEDONIA,RUTA_7610_1092.pdf,
1093,7612,E.T. Y SERVICIOS MULTIPLES SUR PRIMERO DE JUNIO S.A.C.,San Juan De Miraflores,Surquillo,13.27,13.25,23,3,26,6.0,MINIBUS (M2-M3),AVENIDA MANUEL SCORZA / CALLE 10,CALLE SANTA ROSA / JIRON DOMINGO ELIAS,11,12,AVENIDA MANUEL SCORZA > CALLE 20 > AVENIDA REPUBLICA DE ALEMANIA > AVENIDA MIGUEL IGLESIAS > AVENIDA LOS HEROES > INTERCAMBIO VIAL PUENTE ATOCONGO > AVENIDA SANTIAGO DE SURCO > OVALO LOS CABITOS > AVENIDA DE TOMAS MARSANO > AVENIDA ANGAMOS ESTE > CALLE SANTA ROSA,JIRON DOMINGO ELIAS > JIRON DANTE > AVENIDA ANGAMOS ESTE > AVENIDA DE TOMAS MARSANO > OVALO LOS CABITOS > AVENIDA SANTIAGO DE SURCO > INTERCAMBIO VIAL PUENTE ATOCONGO > AVENIDA LOS HEROES > AVENIDA MIGUEL IGLESIAS > AVENIDA REPUBLICA DE ALEMANIA > CALLE 20 > AVENIDA MANUEL SCORZA,RUTA_7612-1093.pdf,
1094,7613,EMPRESA DE TRANSPORTES UNIDOS DOCE DE NOVIEMBRE S.A. - ETU S.A.,San Juan De Miraflores,Miraflores,15.23,15.29,22,3,25,8.0,MINIBUS (M2-M3),PASAJE 11 / PASAJE 16,AVENIDA GENERAL JACINTO LARA / AVENIDA GENERAL CORDOVA,18,18,PASAJE 11 > CALLE LAS TUNAS > AVENIDA ALAMEDA > AVENIDA 3 > AVENIDA EDILBERTO RAMOS > CALLE ALMIRANTE MIGUEL GRAU > AVENIDA CENTRAL > AVENIDA DEFENSORES DE LIMA > AVENIDA SAN JUAN > AVENIDA DE LOS HEROES > INTERCAMBIO VIAL PUENTE ATOCONGO > AVENIDA SANTIAGO DE SURCO > OVALO LOS CABITOS > AVENIDA TOMAS MARSANO > AVENIDA ANGAMOS ESTE > AVENIDA ANGAMOS OESTE > CALLE CONTRALMIRANTE MORA > AVENIDA GENERAL JACINTO LARA,AVENIDA GENERAL CORDOVA > AVENIDA ANGAMOS OESTE > AVENIDA ANGAMOS ESTE > AVENIDA DE TOMAS MARSANO > AUXILIAR AVENIDA TOMAS MARSANO > OVALO LOS CABITOS > AVENIDA SANTIAGO DE SURCO > INTERCAMBIO VIAL PUENTE ATOCONGO > AVENIDA DE LOS HEROES > AVENIDA SAN JUAN > AVENIDA DEFENSORES DE LIMA > AVENIDA CENTRAL > CALLE PRINCIPAL > AVENIDA EDILBERTO RAMOS > AVENIDA 3 > AVENIDA ALAMEDA > CALLE LAS TUNAS > PASAJE 11,RUTA_7613-1094.pdf,
1095,7614,"EMPRESA DE TRANSPORTE,SERVICIOS TURISMO E INVERSIONES NORTEAMERICA S.A.C",Chorrillos,Miraflores,20.54,20.28,39,4,43,6.0,OMNIBUS (M3),CALLE SAN MIGUEL ARCANGEL / CALLE SAN ISIDRO,AVENIDA GENERAL JACINTO LARA / AVENIDA GENERAL CORDOVA,17,14,CALLE SAN MIGUEL ARCANGEL > CALLE VIRGEN DE GUADALUPE > PASAJE G > CALLE ANDRES AVELINO CACERES > AVENIDA ALAMEDA SUR > AVENIDA ALAMEDA SUR (VUELTA EN “U” ALT. JIRON SAN CRISTOBAL) > AVENIDA ALAMEDA SUR > AVENIDA PROLONGACION HUAYLAS > OVALO DE LA CURVA > AVENIDA GUARDIA CIVIL SUR > AVENIDA LOS PROCERES > AVENIDA CAMINOS DEL INCA > AUXILIAR AVENIDA ANGAMOS ESTE > AVENIDA ANGAMOS ESTE > AVENIDA ANGAMOS OESTE > CALLE CONTRALMIRANTE MORA > AVENIDA GENERAL JACINTO LARA,AVENIDA GENERAL CORDOVA > AVENIDA ANGAMOS OESTE > AVENIDA ANGAMOS ESTE > AUXILIAR AVENIDA ANGAMOS ESTE > AVENIDA CAMINOS DEL INCA > AVENIDA LOS PROCERES > JIRON GUARDIA CIVIL NORTE > JIRON VISTA ALEGRE > AVENIDA GUARDIA CIVIL SUR > OVALO DE LA CURVA > AVENIDA PROLONGACION HUAYLAS > AVENIDA ALAMEDA SUR > CALLE ANDRES AVELINO CACERES > CALLE SAN MIGUEL ARCANGEL,RUTA_7614_1095.pdf,
1096,8302,E.T. LUIS BANCHERO ROSSI S.A.,Villa El Salvador,San Juan De Lurigancho,43.25,44.01,70,7,77,8.0,MINIBUS (M2-M3),AVENIDA 200 MILLAS / CALLE D,AVENIDA FERNANDO WIESSE / JIRON MAR DEL NORTE,37,36,AVENIDA 200 MILLAS > OVALO OASIS > AVENIDA MARIA ELENA MOYANO > AVENIDA JUAN VELASCO ALVARADO > AVENIDA MICAELA BASTIDAS > AVENIDA PRIMERO DE MAYO > AVENIDA SEPARADORA INDUSTRIAL > AVENIDA MATEO PUMACAHUA > OVALO PACHACUTEC > AVENIDA PACHACUTEC > AVENIDA 26 DE NOVIEMBRE > AVENIDA NICOLAS DE PIEROLA > AVENIDA DEFENSORES DE LIMA > AVENIDA AGUSTIN LA ROSA LOZANO > JIRON CRISTOBAL DE PERALTA SUR > CARRETERA PANAMERICANA SUR > PUENTE PRIMAVERA > CARRETERA PANAMERICANA SUR > AVENIDA CIRCUNVALACION > INTERCAMBIO VIAL SUR > AVENIDA CIRCUNVALACION > INTERCAMBIO VIAL EL PINO > AVENIDA CIRCUNVALACION > AVENIDA NICOLAS DE AYLLON > CALLE MIGUEL GRAU > AVENIDA JOSE DE LA RIVA AGUERO > OVALO DE LA PAZ > AVENIDA JOSE CARLOS MARIATEGUI > PUENTE CHINCHAYSUYO > JIRON CHINCHAYSUYO > JIRON SAN AURELIO > AVENIDA LURIGANCHO > AVENIDA 13 DE ENERO > AVENIDA EL SOL > AVENIDA CANTO GRANDE > AVENIDA JOSE CARLOS MARIATEGUI > AVENIDA FERNANDO WIESSE,AVENIDA FERNANDO WIESSE > AVENIDA JOSE CARLOS MARIATEGUI > AVENIDA CANTO GRANDE > AVENIDA EL SOL > AVENIDA 13 DE ENERO > AVENIDA LURIGANCHO > AVENIDA PIRAMIDE DEL SOL > PUENTE PIRAMIDE DEL SOL > AVENIDA JOSE CARLOS MARIATEGUI > OVALO DE LA PAZ > AVENIDA JOSE DE LA RIVA AGUERO > AVENIDA NICOLAS DE AYLLON > AVENIDA CIRCUNVALACION > INTERCAMBIO VIAL EL PINO > AVENIDA CIRCUNVALACION > INTERCAMBIO VIAL SUR > AVENIDA CIRCUNVALACION > CARRETERA PANAMERICANA SUR > PUENTE PRIMAVERA > CARRETERA PANAMERICANA SUR > PUENTE BENAVIDES > AVENIDA LA GRAVILLEA > AVENIDA AGUSTIN LA ROSA LOZANO > AVENIDA DEFENSORES DE LIMA > AVENIDA NICOLAS DE PIEROLA > AVENIDA 26 DE NOVIEMBRE > AVENIDA PACHACUTEC > OVALO PACHACUTEC > AVENIDA MATEO PUMACAHUA > AVENIDA SEPARADORA INDUSTRIAL > AVENIDA PRIMERO DE MAYO > AVENIDA MICAELA BASTIDAS > AVENIDA JUAN VELASCO ALVARADO > AVENIDA MARIA ELENA MOYANO > OVALO OASIS > AVENIDA 200 MILLAS,RUTA_8302_1096.pdf,
1097,8306,E.T. SANTO CRISTO DE PACHACAMILLA S.A.,Villa El Salvador,San Juan De Lurigancho,49.48,50.7,117,12,129,4.0,OMNIBUS (M3),CALLE D / CALLE F,AVENIDA SANTA ROSA DE LIMA / AVENIDA SAN MARTIN DE PORRES,51,56,CALLE D > AVENIDA 12 > AVENIDA LIMA > OVALO MARIA REICHE > AVENIDA MARIA REICHE > AVENIDA SEPARADORA INDUSTRIAL > AVENIDA JOSE CARLOS MARIATEGUI > AVENIDA REVOLUCION > OVALO DE LA MUJER > AVENIDA JUAN VELASCO ALVARADO > AVENIDA MICAELA BASTIDAS > AVENIDA MIGUEL IGLESIAS > AVENIDA LOS HEROES > PUENTE ATOCONGO > AVENIDA SANTIAGO DE SURCO > OVALO LOS CABITOS > AVENIDA ALFREDO BENAVIDES > AVENIDA JOSE LARCO > OVALO DE MIRAFLORES > AVENIDA JOSE PARDO > PLAZA MORALES BARROS > AVENIDA JOSE PARDO > PLAZA CENTRO AMERICA > AVENIDA DEL EJERCITO > OVALO FEDERICO VILLARREAL > AVENIDA DEL EJERCITO > AVENIDA AUGUSTO PEREZ ARANIBAR > AVENIDA DEL EJERCITO > AVENIDA BRASIL > PLAZA CORONEL FRANCISCO BOLOGNESI > AVENIDA ALFONSO UGARTE > PUENTE DEL EJERCITO > AVENIDA CAQUETA > PUENTE CAQUETA > AVENIDA CAQUETA > JIRON ARRIETA > AVENIDA LOS PROCERES > JIRON VIRU > JIRON CHICLAYO > JIRON LORETO > AVENIDA 9 DE OCTUBRE > OVALO ZARATE > AVENIDA PROCERES DE LA INDEPENDENCIA > AVENIDA LURIGANCHO > AVENIDA 13 DE ENERO > AVENIDA LOS TUSILAGOS ESTE > AVENIDA SANTA ROSA DE LIMA > AVENIDA EL SOL > AVENIDA LOS ALAMOS > AVENIDA LOS BAMBUES > AVENIDA SANTA ROSA DE LIMA,AVENIDA SANTA ROSA DE LIMA > AVENIDA LOS BAMBUES > AVENIDA LOS ALAMOS > AVENIDA EL SOL > AVENIDA EL SOL (GIRO EN U ALT. JIRON PIEDRA LUNA) > AVENIDA EL SOL > AVENIDA SANTA ROSA DE LIMA > AVENIDA LOS TUSILAGOS ESTE > AVENIDA 13 DE ENERO > AVENIDA LURIGANCHO > AVENIDA PROCERES DE LA INDEPENDENCIA > OVALO ZARATE > AVENIDA 9 DE OCTUBRE > JIRON MARAÑON > JIRON PAITA > AVENIDA FRANCISCO PIZARRO > JIRON PIÑONATE > AVENIDA LOS PROCERES > AVENIDA CAQUETA > PUENTE CAQUETA > AVENIDA CAQUETA > PUENTE DEL EJERCITO > AVENIDA ALFONSO UGARTE > PLAZA CORONEL FRANCISCO BOLOGNESI > AVENIDA BRASIL > AVENIDA DEL EJERCITO > AVENIDA AUGUSTO PEREZ ARANIBAR > AVENIDA DEL EJERCITO > OVALO FEDERICO VILLARREAL > AVENIDA DEL EJERCITO > PLAZA CENTRO AMERICA > AVENIDA JOSE PARDO > PLAZA MORALES BARROS > AVENIDA JOSE PARDO > OVALO DE MIRAFLORES > AVENIDA DIAGONAL > MALECON 28 DE JULIO > AVENIDA ALFREDO BENAVIDES > OVALO LOS CABITOS > AVENIDA SANTIAGO DE SURCO > PUENTE ATOCONGO > AVENIDA DE LOS HEROES > AVENIDA MIGUEL IGLESIAS > AVENIDA MICAELA BASTIDAS > AVENIDA JUAN VELASCO ALVARADO > AVENIDA REVOLUCION > OVALO LAS PALOMAS > AVENIDA 200 MILLAS > AVENIDA SEPARADORA INDUSTRIAL > AVENIDA MARIA REICHE > OVALO MARIA REICHE > AVENIDA LIMA > AVENIDA LIMA (GIRO EN U ALT. CALLE JUSTO ARTEAGA) > AVENIDA LIMA > CALLE 12 > CALLE D,RUTA_8306_1097.pdf,
1098,8308,EMPRESA DE TRANSPORTES URBANO LINEA 4 S.A.,Lurin,San Juan De Lurigancho,62.69,63.25,81,9,90,8.0,OMNIBUS (M3),VIA AUXILIAR PANAMERICANA SUR / AVENIDA SUMAC PACHA,AVENIDA FERNANDO WIESSE / JIRON MAR DEL NORTE,42,43,VIA AUXILIAR CARRETERA PANAMERICANA SUR > AVENIDA SEPARADORA INDUSTRIAL > AVENIDA INDUSTRIAL > ACCESO ANTIGUA PANAMERICANA SUR > ANTIGUA PANAMERICANA SUR > AVENIDA SAN PEDRO > ACCESO CARRETERA PANAMERICANA SUR > CARRETERA PANAMERICANA SUR > INTERCAMBIO VIAL PUENTE HUAYLAS > AVENIDA PROLONGACION HUAYLAS > OVALO LA CURVA > AVENIDA DEFENSORES DEL MORRO > AVENIDA ALEJANDRO IGLESIAS > AVENIDA CHORRILLOS > AVENIDA PEDRO DE OSMA > JIRON 28 DE JULIO > AVENIDA ALMIRANTE MIGUEL GRAU > AVENIDA REDUCTO > AVENIDA 28 DE JULIO > AVENIDA REPUBLICA DE PANAMA > AVENIDA ENRIQUE CANAVAL Y MOREYRA > CALLE LAS BEGONIAS > CALLE DEAN VALDIVIA > JIRON FRANCISCO MASIAS > AVENIDA LAS LILAS > AVENIDA PROLONGACION IQUITOS > PUENTE MEXICO > AVENIDA MEXICO > AVENIDA MEXICO (VUELTA U ALT. CALLE ESMERALDAS) > AVENIDA MEXICO > AVENIDA MANCO CAPAC > PUENTE ABANCAY > AVENIDA ABANCAY > PUENTE RICARDO PALMA > AVENIDA 9 DE OCTUBRE > OVALO ZARATE > AVENIDA PROCERES DE LA INDEPENDENCIA > AVENIDA LIMA > AVENIDA LAS FLORES DE PRIMAVERA > AVENIDA CANTO GRANDE > AVENIDA JOSE CARLOS MARIATEGUI > AVENIDA FERNANDO WIESSE,AVENIDA FERNANDO WIESSE > AVENIDA JOSE CARLOS MARIATEGUI > AVENIDA CANTO GRANDE > AVENIDA LAS FLORES DE PRIMAVERA > AVENIDA LIMA > AVENIDA PROCERES DE LA INDEPENDENCIA > OVALO ZARATE > AVENIDA 9 DE OCTUBRE > PUENTE RICARDO PALMA > AVENIDA ABANCAY > PUENTE ABANCAY > AVENIDA MANCO CAPAC > AVENIDA MEXICO > PUENTE MEXICO > AVENIDA PROLONGACION IQUITOS > AVENIDA PASEO PARODI > CALLE CORONEL ANDRES REYES > AVENIDA RICARDO RIVERA NAVARRETE > AVENIDA ENRIQUE CANAVAL Y MOREYRA > AVENIDA REPUBLICA DE PANAMA > AVENIDA 28 DE JULIO > AVENIDA REDUCTO > AVENIDA ALMIRANTE MIGUEL GRAU > AVENIDA EL SOL OESTE > AVENIDA PROLONGACION JOSE DE SAN MARTIN > AVENIDA PEDRO DE OSMA > AVENIDA CHORRILLOS > AVENIDA JOSE OLAYA > AVENIDA DEFENSORES DEL MORRO > OVALO LA CURVA > AVENIDA PROLONGACION HUAYLAS > ACCESO CARRETERA PANAMERICANA SUR > CARRETERA PANAMERICANA SUR > ACCESO SAN PEDRO > AVENIDA SAN PEDRO > AVENIDA SAN PEDRO (VUELTA EN U ALT. OVALO) > AVENIDA SAN PEDRO > ANTIGUA PANAMERICANA SUR > CALLE LAS GARDENIAS > AVENIDA LOS GALLOS > AVENIDA INDUSTRIAL > AVENIDA SEPARADORA INDUSTRIAL > VIA AUXILIAR CARRETERA PANAMERICANA SUR,RUTA_8308_1098.pdf,
1099,8403,E.T. LUIS BANCHERO ROSSI S.A.,Villa Maria Del Triunfo,Jesus Maria,21.11,19.52,59,6,65,8.0,OMNIBUS (M3),AVENIDA JOSE CARLOS MARIATEGUI / JIRON DIEGO FERRE,AVENIDA 28 DE JULIO / AVENIDA GUZMAN BLANCO (PLAZA JORGE CHAVEZ),36,21,AVENIDA JOSE CARLOS MARIATEGUI > AVENIDA PROLONGACION JOSE CARLOS MARIATEGUI > JIRON ISIDRO SUAREZ > AVENIDA SIMON BOLIVAR > AVENIDA MARISCAL JOSE ANTONIO DE SUCRE > AVENIDA PRIMAVERA > JIRON INTI RAYMI > AVENIDA JULIO CESAR TELLO > JIRON MARIANO MELGAR > AVENIDA PANDO ESGUSQUIZA > CALLE SANTO TORIBIO > JIRON TUPAC AMARU > AVENIDA LOS HEROES > INTERCAMBIO VIAL PUENTE ATOCONGO > AVENIDA SANTIAGO DE SURCO > OVALO LOS CABITOS > AVENIDA TOMAS MARSANO > AVENIDA REPUBLICA DE PANAMA > AVENIDA ENRIQUE CANAVAL Y MOREYRA > AVENIDA JUAN DE ARONA > CALLE MANUEL A. FUENTES > AVENIDA PASEO PARODI > AVENIDA PROLONGACION IQUITOS > AVENIDA PROLONGACION IQUITOS (VUELTA EN “U” ALT. CALLE LAS LILAS) > AVENIDA PROLONGACION IQUITOS > JIRON PEDRO CONDE > AVENIDA MILITAR > AVENIDA MANUEL CASTAÑEDA > AVENIDA MEXICO > AVENIDA MEXICO (VUELTA EN U ALT. PASAJE LOS JACINTOS) > AVENIDA MEXICO > AVENIDA PASEO DE LA REPUBLICA > AVENIDA IQUITOS > JIRON ITALIA > AVENIDA PASEO DE LA REPUBLICA > AVENIDA 28 DE JULIO,AVENIDA 28 DE JULIO > AVENIDA PETIT THOUARS > AVENIDA 28 DE JULIO > AVENIDA PASEO DE LA REPUBLICA > AVENIDA JOSE GALVEZ > AVENIDA PROLONGACION IQUITOS > AVENIDA PASEO PARODI > CALLE CORONEL ANDRES REYES > AVENIDA RICARDO RIVERA NAVARRETE > AVENIDA ENRIQUE CANAVAL Y MOREYRA > AVENIDA REPUBLICA DE PANAMA > AVENIDA TOMAS MARSANO > OVALO LOS CABITOS > AVENIDA SANTIAGO DE SURCO > INTERCAMBIO VIAL PUENTE ATOCONGO > AVENIDA LOS HEROES > JIRON FRANCISCO BOLOGNESI > AVENIDA SALVADOR ALLENDE > AVENIDA JOSE CARLOS MARIATEGUI > CALLE JOSE DE LA MAR > AVENIDA JOSE CARLOS MARIATEGUI,RUTA_8403_1099.pdf,
1100,8404,EMPRESA DE TRANSPORTES URBANO LINEA 4 S.A.,Pachacamac,Ate,51.35,52.75,100,10,110,4.0,OMNIBUS (M3),AVENIDA SÁENZ PEÑA / AVENIDA BAMBEN,AVENIDA ANDRES AVELINO CACERES / AVENIDA JOSE CARLOS MARIATEGUI,24,26,AVENIDA SÁENZ PEÑA > AVENIDA ZARUMILLA > AVENIDA LIMA > AVENIDA ATOCONGO > AVENIDA 26 DE NOVIEMBRE > AVENIDA PACHACUTEC > AVENIDA LOS HEROES > ACCESO PANAMERICANA SUR > CARRETERA PANAMERICANA SUR > PUENTE PRIMAVERA > CARRETERA PANAMERICANA SUR > INTERCAMBIO VIAL SUR > VIA DE EVITAMIENTO > PUENTE SANTA ANITA > VIA DE EVITAMIENTO > PUENTE HUASCAR > VIA DE EVITAMIENTO > ACCESO RAMIRO PRIALE > AVENIDA RAMIRO PRIALE > AVENIDA LAS TORRES > PUENTE HUACHIPA > AVENIDA LAS TORRES > CARRETERA CENTRAL > AVENIDA ANDRES AVELINO CACERES,AVENIDA ANDRES AVELINO CACERES > CARRETERA CENTRAL > AVENIDA PEDRO RUIZ GALLO > AVENIDA ROSA VERA > AVENIDA LAS TORRES > PUENTE HUACHIPA > AVENIDA LAS TORRES > AVENIDA RAMIRO PRIALE > INTERCAMBIO VIAL PUENTE RAMIRO PRIALE > VIA DE EVITAMIENTO > PUENTE HUASCAR > VIA DE EVITAMIENTO > PUENTE SANTA ANITA > VIA DE EVITAMIENTO > INTERCAMBIO VIAL SUR > CARRETERA PANAMERICANA SUR > PUENTE PRIMAVERA > CARRETERA PANAMERICANA SUR > INTERCAMBIO VIAL PUENTE ATOCONGO > AVENIDA LOS HEROES > AVENIDA PACHACUTEC > AVENIDA 26 DE NOVIEMBRE > AVENIDA ATOCONGO > AVENIDA LIMA > AVENIDA ZARUMILLA > AVENIDA SÁENZ PEÑA,RUTA_8404_1100.pdf,
1107,8513,EMPRESA DE TRANSPORTES MONTENEGRO S.A.C.,Villa El Salvador,Cercado De Lima,30.82,31.94,43,5,48,5.0,MINIBUS (M2-M3),CALLE 20 / CALLE FORESTALES,VIA AUXILIAR ALM. MIGUEL GRAU / AVENIDA CARLOS ZAVALA,25,28,CALLE 20 > AVENIDA MARIA REICHE > AVENIDA PROLONGACION MARIANO PASTOR SEVILLA > AVENIDA UNIVERSITARIA > AVENIDA C > OVALO OASIS > AVENIDA MARIA ELENA MOYANO > AVENIDA JOSE CARLOS MARIATEGUI > AVENIDA MARIANO PASTOR SEVILLA > OVALO COCHARCAS > AVENIDA MATEO PUMACAHUA > ACCESO CARRETERA PANAMERICANA SUR > CARRETERA PANAMERICANA SUR > PUENTE ALIPIO PONCE > CARRETERA PANAMERICANA SUR > PUENTE PRIMAVERA > CARRETERA PANAMERICANA SUR > INTERCAMBIO VIAL SUR > AVENIDA CIRCUNVALACION > INTERCAMBIO VIAL EL PINO > AVENIDA NICOLAS DE AYLLON > AVENIDA MEXICO > JIRON HUANUCO > AVENIDA ALMIRANTE MIGUEL GRAU > VIA AUXILIAR ALM. MIGUEL GRAU,AVENIDA IQUITOS > AVENIDA JAIME BAUZATE Y MEZA > AVENIDA PROLONGACION PARINACOCHAS > AVENIDA MEXICO > AVENIDA NICOLAS DE AYLLON > AVENIDA CIRCUNVALACION > INTERCAMBIO VIAL EL PINO > AVENIDA CIRCUNVALACION > INTERCAMBIO VIAL SUR > CARRETERA PANAMERICANA SUR > PUENTE PRIMAVERA > CARRETERA PANAMERICANA SUR > PUENTE ALIPIO PONCE > INTERCAMBIO VIAL ALIPIO PONCE > AVENIDA VARGAS MACHUCA > AVENIDA PEDRO MIOTTA > AVENIDA MATEO PUMACAHUA > OVALO COCHARCAS > AVENIDA MARIANO PASTOR SEVILLA > AVENIDA JOSE CARLOS MARIATEGUI > AVENIDA MARIA ELENA MOYANO > OVALO OASIS > AVENIDA C > AVENIDA UNIVERSITARIA > AVENIDA UNIVERSITARIA (GIRO EN U ALT. CALLE H) > AVENIDA MARIANO PASTOR SEVILLA > AVENIDA MARIA REICHE > CALLE 20,RUTA_8513_1107.pdf,
1108,8520,E.S.T. SANTA CATALINA S.A.,Villa El Salvador,Cercado De Lima,27.0,28.54,43,5,48,6.0,OMNIBUS (M3),AVENIDA CIRCUNVALACION / CALLE S/N (ALT. GRASS SINTETICO SOL DE VILLA),JIRON MONTEVIDEO / AVENIDA ABANCAY,20,19,AVENIDA CIRCUNVALACION > CALLE 1 > AVENIDA CESAR VALLEJO > AVENIDA MICAELA BASTIDAS > AVENIDA MIGUEL IGLESIAS > AVENIDA LOS HEROES > PUENTE ATOCONGO > AVENIDA SANTIAGO DE SURCO > OVALO LOS CABITOS > AVENIDA AVIACION > AVENIDA CANADA > AVENIDA PALERMO > PARQUE UNION PANAMERICANA > AVENIDA PALERMO > AVENIDA MEXICO > AVENIDA MANCO CAPAC > AVENIDA 28 DE JULIO > AVENIDA IQUITOS > AVENIDA CARLOS ZAVALA > JIRON MONTEVIDEO,AVENIDA ABANCAY > AVENIDA MANCO CAPAC > JIRON ITALIA > JIRON JAVIER LUNA PIZARRO > AVENIDA MEXICO > AVENIDA PALERMO > PARQUE UNION PANAMERICANA > AVENIDA PALERMO > AVENIDA CANADA > AVENIDA AVIACION > OVALO LOS CABITOS > AVENIDA SANTIAGO DE SURCO > PUENTE ATOCONGO > AVENIDA LOS HEROES > AVENIDA MIGUEL IGLESIAS > AVENIDA MICAELA BASTIDAS > AVENIDA CESAR VALLEJO > CALLE 1 > AVENIDA CIRCUNVALACION,RUTA_8520_1108.pdf,
1109,8523,E.T. ESFUERZOS UNIDOS S.A.,Villa Maria Del Triunfo,Miraflores,19.33,18.96,41,5,46,6.0,MINIBUS (M2-M3),AVENIDA SIMON BOLIVAR / JIRON ISIDRO SUAREZ,AVENIDA JOSE PARDO / AVENIDA DEL EJERCITO (PLAZA CENTRO AMERICA),26,26,AVENIDA SIMON BOLIVAR > AVENIDA MARISCAL JOSE ANTONIO DE SUCRE > AVENIDA PRIMAVERA > AVENIDA TINGO MARIA > CALLE LOS LAURELES > JIRON AREQUIPA > JIRON JOSE MARIA ARGUEDAS > AVENIDA LATINOAMERICA > AVENIDA PRIMAVERA > JIRON INTI RAYMI > AVENIDA JULIO CESAR TELLO > JIRON MARIANO MELGAR > AVENIDA PANDO EGUSQUIZA > CALLE SANTO TORIBIO > AVENIDA SALVADOR ALLENDE > JIRON TUPAC AMARU > AVENIDA LOS HEROES > INTERCAMBIO VIAL PUENTE ATOCONGO > AVENIDA SANTIAGO DE SURCO > AVENIDA CAMINOS DEL INCA > AVENIDA ANGAMOS ESTE > AVENIDA ANGAMOS OESTE > AVENIDA COMANDANTE ESPINAR > AVENIDA JOSE PARDO > PLAZA MORALES BARROS > AVENIDA JOSE PARDO,AVENIDA JOSE PARDO > PLAZA MORALES BARROS > AVENIDA JOSE PARDO > AVENIDA COMANDANTE ESPINAR > AVENIDA ANGAMOS OESTE > AVENIDA ANGAMOS ESTE > AVENIDA CAMINOS DEL INCA > AVENIDA LOS PROCERES > AVENIDA LOS PROCERES VUELTA EN U ALTURA ALAMEDA CORONEL JOSE ANDRES RAZURI > AVENIDA LOS PROCERES > AVENIDA SANTIAGO DE SURCO > INTERCAMBIO VIAL PUENTE ATOCONGO > AVENIDA LOS HEROES > JIRON FRANCISCO BOLOGNESI > AVENIDA SALVADOR ALLENDE > AVENIDA JOSE CARLOS MARIATEGUI > AVENIDA LATINOAMERICANA > JIRON JOSE MARIA ARGUEDAS > JIRON AREQUIPA > JIRON LAS MAGNOLIAS > AVENIDA PROGRESO > AVENIDA LEONCIO PRADO > AVENIDA JOSE CARLOS MARIATEGUI > CALLE JOSE DE LA MAR > AVENIDA JOSE CARLOS MARIATEGUI > JIRON ISIDRO SUAREZ,RUTA_8523_1109.pdf,
1110,8524,EMPRESA DE TRANSPORTES UNIDOS CHAMA SA,Villa Maria Del Triunfo,Jesus Maria,31.09,31.36,36,4,40,7.0,MINIBUS (M2-M3),AVENIDA ZARUMILLA / JIRON LOS SAUCES AVENIDA GENERAL SALAVERRY / AVENIDA 28 DE JULIO (PLAZA,JORGE CHAVEZ),20,22,AVENIDA ZARUMILLA > AVENIDA LIMA > OVALO JOSE GALVEZ > AVENIDA PACHACUTEC > AVENIDA LOS HEROES > PUENTE ATOCONGO > AVENIDA SANTIAGO DE SURCO > OVALOS LOS CABITOS > AVENIDA ALFREDO BENAVIDES > AVENIDA JOSE LARCO > OVALO DE MIRAFLORES > AVENIDA JOSE PARDO > PLAZA MORALES BARROS > AVENIDA JOSE PARDO > PLAZA CENTRO AMERICA > AVENIDA DEL EJERCITO > OVALO FEDERICO VILLARREAL > AVENIDA DEL EJERCITO > AVENIDA AUGUSTO PEREZ ARANIBAR > AVENIDA GENERAL SALAVERRY,AVENIDA GENERAL SALAVERRY > AVENIDA AUGUSTO PEREZ ARANIBAR > AVENIDA DEL EJERCITO > OVALO FEDERICO VILLARREAL > AVENIDA DEL EJERCITO > PLAZA CENTRO AMERICA > AVENIDA JOSE PARDO > PLAZA MORALES BARROS > AVENIDA JOSE PARDO > OVALO DE MIRAFLORES > AVENIDA DIAGONAL > MALECON 28 DE JULIO > AVENIDA ALFREDO BENAVIDES > OVALOS LOS CABITOS > AVENIDA SANTIAGO DE SURCO > PUENTE ATOCONGO > AVENIDA LOS HEROES > AVENIDA PACHACUTEC > OVALO JOSE GALVEZ > AVENIDA LIMA > JIRON SANDIA > AVENIDA ZARUMILLA,RUTA_8524_1110.pdf,
1111,8525,E.T. UNIDOS DE PASAJEROS S.A. (ETUPSA 73),Villa Maria Del Triunfo,Cercado De Lima,28.39,27.8,57,6,63,4.0,OMNIBUS (M3),AVENIDA LATINOAMERICANA / AVENIDA JOSE CARLOS MARIATEGUI,AVENIDA JOSE DE SAN MARTIN / AVENIDA MARIANO CORNEJO (PLAZA DE LA BANDERA),47,41,AVENIDA LATINOAMERICANA > AVENIDA PRIMAVERA > JIRON INTI RAYMI > AVENIDA JULIO CESAR TELLO > JIRON MARIANO MELGAR > AVENIDA CESAR PANDO EGUSQUIZA > CALLE SANTO TORIBIO > CALLE TUPAC AMARU > AVENIDA MIGUEL IGLESIAS > AVENIDA GUILLERMO BILLINGHURST > AVENIDA SAN JUAN > AVENIDA RAMON VARGAS MACHUCA > INTERCAMBIO VIAL PUENTE ALIPIO > AVENIDA ALIPIO PONCE > OVALO EUCALIPTOS > AVENIDA ALIPIO PONCE > CALLE CONSTELACION AUSTRAL > AVENIDA ALIPIO PONCE > AVENIDA GUARDIA CIVIL SUR > OVALO DE LA CURVA > AVENIDA DEFENSORES DEL MORRO > AVENIDA ALEJANDRO IGLESIAS > AVENIDA CHORRILLOS > AVENIDA PEDRO DE OSMA > JIRON 28 DE JULIO > AVENIDA ALMIRANTE MIGUEL GRAU > PUENTE REDUCTO > AVENIDA REDUCTO > AVENIDA 28 DE JULIO > MALECON 28 DE JULIO > MALECON LUIS B CISNEROS > PUENTE EDUARDO VILLENA REY > CALLE BOLOGNESI > OVALO BOLOGNESI > CALLE BOLOGNESI > AVENIDA JOSE PARDO > PLAZA MORALES BARROS > AVENIDA JOSE PARDO > PLAZA CENTRO AMERICA > AVENIDA DEL EJERCITO > AVENIDA AUGUSTO PEREZ ARANIBAR > AVENIDA DEL EJERCITO > JIRON DIEGO FERRE > AVENIDA ANTONIO JOSE DE SUCRE > PLAZA INDEPENDENCIA > AVENIDA ANTONIO JOSE DE SUCRE > AVENIDA JOSE DE SAN MARTIN,AVENIDA JOSE DE SAN MARTIN > AVENIDA ANTONIO JOSE DE SUCRE > PLAZA INDEPENDENCIA > AVENIDA ANTONIO JOSE DE SUCRE > JIRON DIEGO FERRE > AVENIDA DEL EJERCITO > AVENIDA AUGUSTO PEREZ ARANIBAR > AVENIDA DEL EJERCITO > PLAZA CENTRO AMERICA > AVENIDA JOSE PARDO > PLAZA MORALES BARROS > AVENIDA JOSE PARDO > AVENIDA JORGE CHAVEZ > CALLE JOSE GALVEZ > MALECON JOSE BALTA > MALECON 28 DE JULIO > AVENIDA ALFREDO BENAVIDES > AVENIDA PASEO DE LA REPUBLICA > AVENIDA REDUCTO > PUENTE REDUCTO > AVENIDA ALMIRANTE MIGUEL GRAU > AVENIDA EL SOL OESTE > AVENIDA JOSE DE SAN MARTIN > AVENIDA PROLONGACION JOSE DE SAN MARTIN > AVENIDA PEDRO DE OSMA > AVENIDA CHORRILLOS > AVENIDA JOSE OLAYA > AVENIDA DEFENSORES DEL MORRO > OVALO DE LA CURVA > AVENIDA GUARDIA CIVIL SUR > AVENIDA ALIPIO PONCE > OVALO EUCALIPTOS > AVENIDA ALIPIO PONCE > INTERCAMBIO VIAL PUENTE ALIPIO > AVENIDA RAMON VARGAS MACHUCA > AVENIDA SAN JUAN > AVENIDA GUILLERMO BILLINGHURST > AVENIDA MIGUEL IGLESIAS > CALLE FRANCISCO BOLOGNESI > AVENIDA DEFENSORES DE LIMA > AVENIDA JOSE CARLOS MARIATEGUI,RUTA_8525_1111.pdf,
1112,8602,RED LIMA MOVIL S.A.,Pachacamac,La Victoria,28.95,29.36,45,5,50,4.0,MINIBUS (M2-M3),AVENIDA LA UNION / AVENIDA PRIMAVERA (OVALO RETAMAL),AVENIDA AVIACION / JIRON SAN CRISTOBAL,24,23,AVENIDA LA UNION > AVENIDA VICTOR MALASQUEZ > AVENIDA ALMIRANTE MIGUEL GRAU > AVENIDA MANCHAY > CALLE LOS EUCALIPTOS > AVENIDA VICTOR MALASQUEZ > ACCESO LOS HUERTOS DE MANCHAY > AVENIDA LA MOLINA > OVALO CAMPO VERDE > AVENIDA FLORA TRISTAN > OVALO MARISCAL CACERES > AVENIDA FLORA TRISTAN > AVENIDA LOS CONSTRUCTORES > AVENIDA LOS INGENIEROS > AVENIDA URUBAMBA > AVENIDA LA MOLINA > CARRETERA CENTRAL > AVENIDA NICOLAS DE AYLLON > BY PASS NIOLAS AYLLON > AVENIDA NICOLAS ARRIOLA > INTERCAMBIO VIAL CIRCUNVALACION > AVENIDA NICOLAS ARRIOLA > OVALO DE ARRIOLA > AVENIDA AVIACION,AVENIDA AVIACION > OVALO DE ARRIOLA > AVENIDA NICOLAS ARRIOLA > INTERCAMBIO VIAL CIRCUNVALACION > AVENIDA NICOLAS ARRIOLA > AVENIDA NICOLAS DE AYLLON > CARRETER CENTRAL > AVENIDA LA MOLINA > AVENIDA URUBAMBA > AVENIDA LOS INGENIEROS > AVENIDA LOS CONSTRUCTORES > AVENIDA FLORA TRISTAN > OVALO MARISCAL CACERES > AVENIDA FLORA TRISTAN > OVALO CAMPO VERDE > AVENIDA LA MOLINA > ACCESO LOS HUERTOS DE MANCHAY > AVENIDA VICTOR MALASQUEZ > AVENIDA UNION > AVENIDA MANCHAY > AVENIDA ALMIRANTE MIGUEL GRAU > AVENIDA VICTOR MALASQUEZ > AVENIDA LA UNION,RUTA_8602_1112.pdf,
1113,8604,TRANSLIMA S.A.,Villa Maria Del Triunfo,Miraflores,19.43,18.78,54,6,60,5.0,MINIBUS (M2-M3),AVENIDA VILLA MARIA / JIRON ALFONSO UGARTE,AVENIDA JOSE PARDO / AVENIDA SANTA CRUZ (PLAZA CENTRO AMERICA),27,22,AVENIDA VILLA MARIA > AVENIDA DEFENSORES DE LIMA > AVENIDA AGUSTIN LA ROSA LOZANO > JIRON CERRO LINDO > AVENIDA CIRCUNVALACION > PUENTE BENAVIDES > AVENIDA ALFREDO BENAVIDES > AVENIDA AYACUCHO > CALLE DOÑA DELMIRA > JIRON ALMIRANTE MIGUEL GRAU > JIRON MARISCAL ANDRES AVELINO CACERES > JIRON CORONEL FRANCISCO BOLOGNESI > AVENIDA JORGE CHAVEZ > JIRON LIMA > CALLE PEDRO HERAUD > AVENIDA PROLONGACION EL SOL > AVENIDA EL SOL ESTE > AVENIDA ALMIRANTE MIGUEL GRAU > AVENIDA REDUCTO > AVENIDA 28 DE JULIO > MALECON 28 DE JULIO > CALLE BOLOGNESI > PLAZA BOLOGNESI > CALLE BOLOGNESI > AVENIDA JOSE PARDO > PLAZA MORALES BARROS > AVENIDA JOSE PARDO,AVENIDA JOSE PARDO > PLAZA MORALES BARROS > AVENIDA JOSE PARDO > OVALO DE MIRAFLORES > AVENIDA DIAGONAL > MALECON 28 DE JULIO > AVENIDA ALFREDO BENAVIDES > AVENIDA REDUCTO > AVENIDA ALMIRANTE MIGUEL GRAU > AVENIDA NICOLAS DE PIEROLA > AVENIDA BALTA > PLAZA BUTTERS > AVENIDA JORGE CHAVEZ > JIRON FERNANDO FAUSTOR > JIRON BATALLA DE AYACUCHO > AVENIDA AYACUCHO > AVENIDA ALFREDO BENAVIDES > PUENTE BENAVIDES > AVENIDA LA GREVILLEA > AVENIDA DEFENSORES DE LIMA > AVENIDA EL TRIUNFO > JIRON ALFONSO UGARTE,RUTA_8604_1113.pdf,
1114,8605,EMPRESA DE TRANSPORTES Y SERVICIOS LOS ANGELES DEL PERU S.A.C. - ETRAPERSAC,Villa El Salvador,San Isidro,20.41,20.41,41,5,46,4.0,MINIBUS (M2-M3),AVENIDA LOS ALGARROBOS / AVENIDA 17 AVENIDA LOS CONQUISTADORES / AVENIDA PAZ SOLDAN (OVALO PAZ,SOLDAN),25,22,AVENIDA ALGARROBOS > AVENIDA PRIMERO DE MAYO > AVENIDA LOS FORESTALES > AVENIDA MATEO PUMACAHUA > OVALO COCHARCAS > CALLE LAS DALIAS > AVENIDA LOS GERANIOS > AVENIDA C > CALLE 11 > CALLE SANTA TERESA > CALLE SANTA ROSA > AVENIDA CESAR CANEVARO > AVENIDA RAMON VARGAS MACHUCA > AVENIDA SAN JUAN > AVENIDA LOS HEROES > INTERCAMBIO VIAL PUENTE ATOCONGO > AVENIDA SANTIAGO DE SURCO > OVALO CABITOS > AVENIDA AVIACION > AVENIDA ANGAMOS ESTE > PUENTE ANGAMOS > AVENIDA ANGAMOS OESTE > AVENIDA COMANDANTE ESPINAR > OVALO GUTIERREZ > AVENIDA LOS CONQUISTADORES,AVENIDA CAMINO REAL > AVENIDA EMILIO CAVENECIA > OVALO GUTIERREZ > AVENIDA COMANDANTE ESPINAR > AVENIDA ANGAMOS OESTE > PUENTE ANGAMOS > AVENIDA ANGAMOS ESTE > AVENIDA AVIACION > OVALO CABITOS > AVENIDA SANTIAGO DE SURCO > INTERCAMBIO VIAL PUENTE ATOCONGO > AVENIDA LOS HEROES > AVENIDA SAN JUAN > AVENIDA RAMON VARGAS MACHUCA > AVENIDA CESAR CANEVARO > AVENIDA MARIANO PASTOR SEVILLA > OVALO COCHARCAS > AVENIDA MARIANO PASTOR SEVILLA > CALLE 14 > AVENIDA LOS FLORESTALES > AVENIDA PRIMERO DE MAYO > AVENIDA ALGARROBOS,RUTA_8605_1114.pdf,
1115,8611,EMPRESA DE TRANSP. EXPRESS PACHACAMAC SA,Lurin,Miraflores,35.18,34.7,43,5,48,4.0,MINIBUS (M2-M3),ANTIGUA PANAMERICANA SUR / AVENIDA MARTIN OLAYA,CALLE MATEO PUMACAHUA / CALLE GENERAL MENDIBURU,26,25,ANTIGUA CARRETERA PANAMERICANA SUR > PUENTE LURIN > ANTIGUA CARRETERA PANAMERICANA SUR > AVENIDA LIMA > OVALO MARIA REICHE > AVENIDA MARIA REICHE > AVENIDA REVOLUCION > OVALO LAS PALOMAS > AVENIDA 200 MILLAS > AVENIDA MARIANO PASTOR SEVILLA > OVALO COCHARCAS > AVENIDA MATEO PUMACAHUA > ACCESO VIAL CARRETERA PANAMERICANA SUR > CARRETERA PANAMERICANA SUR > PUENTE ALIPIO PONCE > CARRETERA PANAMERICANA SUR > INTERCAMBIO VIAL PUENTE ATOCONGO > AVENIDA SANTIAGO DE SURCO > OVALO CABITOS > AVENIDA DE TOMAS MARSANO > AVENIDA ANGAMOS ESTE > AVENIDA ANGAMOS OESTE > AVENIDA COMANDANTE ESPINAR > CALLE TENIENTE ENRIQUE PALACIOS > AVENIDA MARISCAL LA MAR > CALLE MATEO PUMACAHUA,CALLE GENERAL MENDIBURU > CALLE 02 DE MAYO > AVENIDA COMANDANTE ESPINAR > AVENIDA ANGAMOS OESTE > AVENIDA ANGAMOS ESTE > AVENIDA DE TOMAS MARSANO > OVALO CABITOS > AVENIDA SANTIAGO DE SURCO > ACCESO CARRETERA PANAMERICANA SUR > CARRETERA PANAMERICANA SUR > PUENTE ALIPIO PONCE > CARRETERA PANAMERICANA SUR > ACCESO VIAL VILLA EL SALVADOR > AVENIDA MATEO PUMACAHUA > OVALO COCHARCAS > AVENIDA MARIANO PASTOR SEVILLA > AVENIDA 200 MILLAS > OVALO LAS PALOMAS > AVENIDA REVOLUCION > AVENIDA MARIA REICHE > OVALO MARIA REICHE > AVENIDA LIMA > ANTIGUA CARRETERA PANAMERICANA SUR > PUENTE LURIN > ANTIGUA CARRETERA PANAMERICANA SUR,RUTA_8611_1115.pdf,
1116,8612,E.T. EDILBERTO RAMOS S.A.C.,Pachacamac,Miraflores,28.1,28.22,30,3,33,4.0,MINIBUS (M2-M3),AVENIDA LAS PALMAS / AVENIDA LOS EUCALIPTOS,AVENIDA JOSE PARDO / AVENIDA DEL EJERCITO (PLAZA CENTRO AMERICA),31,31,AVENIDA LAS PALMAS > AVENIDA ZARUMILLA > AVENIDA LEONCIO PRADO > AVENIDA LIMA > OVALO JOSE GALVEZ > AVENIDA LIMA > OVALO MARIA REICHE > AVENIDA MARIA REICHE > AVENIDA REVOLUCION > OVALO LAS PALOMAS > AVENIDA REVOLUCION > OVALO DE LA MUJER > AVENIDA REVOLUCION > AVENIDA PRIMERO DE MAYO > AVENIDA MARIANO PASTOR SEVILLA > OVALO COCHARCAS > AVENIDA MATEO PUMACAHUA > ACCESO CARRETERA PANAMERICANA SUR > CARRETERA PANAMERICANA SUR > PUENTE ALIPIO PONCE > CARRETERA PANAMERICANA SUR > INTERCAMBIO VIAL PUENTE ATOCONGO > AVENIDA SANTIAGO DE SURCO > OVALO LOS CABITOS > AVENIDA TOMAS MARSANO > AVENIDA ANGAMOS ESTE > AVENIDA ANGAMOS OESTE > AVENIDA COMANDANTE ESPINAR > AVENIDA JOSE PARDO > PLAZA MORALES BARROS > AVENIDA JOSE PARDO,AVENIDA JOSE PARDO > PLAZA MORALES BARROS > AVENIDA JOSE PARDO > AVENIDA COMANDANTE ESPINAR > AVENIDA ANGAMOS OESTE > AVENIDA ANGAMOS ESTE > AVENIDA TOMAS MARSANO > OVALO LOS CABITOS > AVENIDA SANTIAGO DE SURCO > ACCESO CARRETERA PANAMERICANA SUR > CARRETERA PANAMERICANA SUR > PUENTE ALIPIO PONCE > CARRETERA PANAMERICANA SUR > ACCESO VILLA EL SALVADOR > AVENIDA MATEO PUMACAHUA > OVALO COCHARCAS > AVENIDA MARIANO PASTOR SEVILLA > AVENIDA PRIMERO DE MAYO > AVENIDA CENTRAL > OVALO 200 MILLAS > AVENIDA 200 MILLAS > OVALO LAS PALOMAS > AVENIDA REVOLUCION > AVENIDA MARIA REICHE > OVALO MARIA REICHE > AVENIDA LIMA > OVALO JOSE GALVEZ > AVENIDA LIMA > AVENIDA LEONCIO PRADO > AVENIDA ZARUMILLA > AVENIDA LAS PALMAS,RUTA_8612_1116.pdf,
1117,8614,E.T. TABLADA 2000 S.A. (ETTADOSA),Villa El Salvador,Miraflores,23.43,23.28,13,2,15,7.0,MINIBUS (M2-M3),AUXILIAR AVENIDA PACHACUTEC / CALLE LOS PULIDORES,AVENIDA GENERAL DE CORDOVA / AVENIDA ANGAMOS OESTE,27,24,AUXILIAR AVENIDA PACHACUTEC > ACCESO A AVENIDA PACHACUTEC > AVENIDA PACHACUTEC > AVENIDA PACHACUTEC (GIRO EN U ALT. CALLE 7) > AVENIDA PACHACUTEC > AVENIDA EL ROSEDAL > CALLE LOS NOGALES > AVENIDA LOS CEDROS > AVENIDA UNION > AVENIDA SANTA ROSA > AVENIDA UNION > AVENIDA LA MARISCALA > JIRON LIMA > AVENIDA FLORA TRISTAN > AVENIDA LOS INCAS > AVENIDA 27 DE DICIEMBRE > AVENIDA PACHACUTEC > AVENIDA LOS HEROES > PUENTE ATOCONGO > AVENIDA SANTIAGO DE SURCO > OVALO LOS CABITOS > AVENIDA TOMAS MARSANO > AVENIDA ANGAMOS ESTE > AVENIDA ANGAMOS OESTE > CALLE CONTRALMIRANTE MORA > AVENIDA GENERAL JACINTO LARA > AVENIDA GENERAL DE CORDOVA,AVENIDA ANGAMOS OESTE > AVENIDA ANGAMOS ESTE > AVENIDA TOMAS MARSANO > OVALO LOS CABITOS > AVENIDA SANTIAGO DE SURCO > PUENTE ATOCONGO > AVENIDA LOS HEROES > AVENIDA PACHACUTEC > AVENIDA 27 DE DICIEMBRE > AVENIDA LOS INCAS > AVENIDA FLORA TRISTAN > JIRON LIMA > AVENIDA FLORA TRISTAN > AVENIDA UNION > AVENIDA SANTA ROSA > AVENIDA UNION > AVENIDA LOS CEDROS > CALLE LOS NOGALES > AVENIDA EL ROSEDAL > AUXILIAR AVENIDA PACHACUTEC > ACCESO A AVENIDA PACHACUTEC > AVENIDA PACHACUTEC > AVENIDA PACHACUTEC (GIRO EN U ALT. AVENIDA JUAN VELASCO ALVARADO) > AUXILIAR AVENIDA PACHACUTEC,RUTA_8614_1117.pdf,
1118,8616,COMUN. INTEG.TURIS. Y SERV. URANO TOURS S.A.,Villa Maria Del Triunfo,Miraflores,16.33,16.68,31,4,35,5.0,MINIBUS (M2-M3),AVENIDA VILLA MARIA / JIRON INDEPENDENCIA AVENIDA DEL EJERCITO / AVENIDA FEDERICO VILLARREAL (OVALO,FEDERICO VILLARREAL),16,16,AVENIDA VILLA MARIA > AVENIDA DEFENSORES DE LIMA > AVENIDA AGUSTIN LA ROSA LOZANO > JIRON CERRO LINDO > AVENIDA CIRCUNVALACION > PUENTE BENAVIDES > AVENIDA ALFREDO BENAVIDES > OVALO LOS CABITOS > AVENIDA ALFREDO BENAVIDES > AVENIDA JOSE LARCO > OVALO DE MIRAFLORES > AVENIDA JOSE PARDO > PLAZA MORALES BARROS > AVENIDA JOSE PARDO > PLAZA CENTRO AMERICA > AVENIDA DEL EJERCITO,AVENIDA DEL EJERCITO > PLAZA CENTRO AMERICA > AVENIDA JOSE PARDO > PLAZA MORALES BARROS > AVENIDA JOSE PARDO > OVALO DE MIRAFLORES > AVENIDA DIAGONAL > MALECON 28 DE JULIO > AVENIDA ALFREDO BENAVIDES > OVALO LOS CABITOS > AVENIDA ALFREDO BENAVIDES > PUENTE BENAVIDES > AVENIDA LA GREVILLEA > AVENIDA DEFENSORES DE LIMA > AVENIDA EL TRIUNFO > JIRON INDEPENDENCIA,RUTA_8616_1118.pdf,
1119,8617,AGRUP. DE TRANS. EN CAMIONETAS S.A.(A.T.C.R. S.A.),Villa El Salvador,Miraflores,18.13,20.01,47,5,52,5.0,MINIBUS (M2-M3),AVENIDA PRIMERO DE MAYO / CALLE 18,AVENIDA JOSE PARDO / AVENIDA SANTA CRUZ (PLAZA CENTRO AMERICA),25,22,AVENIDA PRIMERO DE MAYO > AVENIDA FORESTALES > AVENIDA MATEO PUMACAHUA > OVALO COCHARCAS > CALLE LAS DALIAS > AVENIDA LOS GERANIOS > CALLE C > CALLE 11 > CALLE SANTA TERESA > CALLE SANTA ROSA > AVENIDA CESAR CANEVARO > AVENIDA RAMON VARGAS MACHUCA > AVENIDA SAN JUAN > AVENIDA LOS HEROES > INTERCAMBIO VIAL PUENTE ATOCONGO > AVENIDA SANTIAGO DE SURCO > OVALO LOS CABITOS > AVENIDA AVIACION > AVENIDA ANGAMOS ESTE > PUENTE ANGAMOS > AVENIDA ANGAMOS OESTE > AVENIDA COMANDANTE ESPINAR > AVENIDA JOSE PARDO > PLAZA MORALES BARROS > AVENIDA JOSE PARDO,AVENIDA JOSE PARDO > PLAZA MORALES BARROS > AVENIDA JOSE PARDO > AVENIDA COMANDANTE ESPINAR > AVENIDA ANGAMOS OESTE > PUENTE ANGAMOS > AVENIDA ANGAMOS ESTE > AVENIDA AVIACION > OVALO LOS CABITOS > AVENIDA SANTIAGO DE SURCO > INTERCAMBIO VIAL PUENTE ATOCONGO > AVENIDA LOS HEROES > AVENIDA SAN JUAN > AVENIDA RAMON VARGAS MACHUCA > AVENIDA GENERAL CESAR CANEVARO > AVENIDA MARIANO PASTOR SEVILLA > OVALO COCHARCAS > AVENIDA MATEO PUMACAHUA > AVENIDA PROLONGACION PEDRO MIOTA > AVENIDA MATEO PUMACAHUA > AVENIDA LOS FORESTALES > AVENIDA PRIMERO DE MAYO,RUTA_8617_1119.pdf,
1120,8618,REAL STAR DEL PERU S.A.C.,Pachacamac,La Victoria,55.37,55.09,48,5,53,7.0,MINIBUS (M2-M3),AVENIDA LOS MANZANOS / CALLE JORGE CHAVEZ,AVENIDA ANTONIO RAIMONDI / JIRON ABTAO,28,27,"AVENIDA LOS MANZANOS > AVENIDA CASA HACIENDA > AVENIDA SANTA ANITA > AVENIDA FERNANDO REUSCHE > JIRON SUSPIROS > JIRON COMERCIO > AVENIDA MANUEL VALLE > ANTIGUA CARRETERA PANAMERICA SUR > ANTIGUA CARRETERA PANAMERICA SUR (GIRO EN ""U"" ALT. PUENTE ARICA) > ANTIGUA CARRETERA PANAMERICA SUR > PUENTE LURIN > ANTIGUA CARRETERA PANAMERICA SUR > ACCESO CARRETERA PANAMERICANA SUR > CARRETERA PANAMERICANA SUR > PUENTE ALIPIO PONCE > CARRETERA PANAMERICANA SUR > PUENTE PRIMAVERA > CARRETERA PANAMERICANA SUR > INTERCAMBIO VIAL SUR > AVENIDA CIRCUNVALACION > AVENIDA NICOLAS DE AYLLON > AVENIDA MEXICO > AVENIDA MANCO CAPAC > AVENIDA JAIME BAUZATE Y MEZA > JIRON PROLONGACION ANDAHUAYLAS > AVENIDA ALMIRANTE MIGUEL GRAU > JIRON OBREROS > JIRON ANTONIO RAYMONDI","JIRON ABTAO > AVENIDA MEXICO > AVENIDA NICOLAS DE AYLLON > AVENIDA CIRCUNVALACION > INTERCAMBIO VIAL SUR > CARRETERA PANAMERICANA SUR > PUENTE PRIMAVERA > CARRETERA PANAMERICANA SUR > PUENTE ALIPIO PONCE > CARRETERA PANAMERICANA SUR > INTERCAMBIO VIAL ANTIGUA CARRETERA > PANAMERICANA SUR (PUENTE CONCHAN) > ANTIGUA CARRETERA PANAMERICANA SUR > PUENTE LURIN > ANTIGUA CARRETERA PANAMERICANA SUR > ANTIGUA CARRETERA PANAMERICA SUR (GIRO EN ""U"" ALT. PUENTE ARICA) > ANTIGUA CARRETERA PANAMERICANA SUR > AVENIDA MANUEL VALLE > JIRON LIMA > AVENIDA SAN MIGUEL > AVENIDA EL DESCANSO > JIRON PARAISO > AVENIDA COLONIAL > AVENIDA FERNANDO REUSCHE > AVENIDA SANTA ANITA > AVENIDA CASA HACIENDA > AVENIDA LOS MANZANOS",RUTA_8618_1120.pdf,
1121,8619,CONSORCIO LINEA 3 S.A.C.,Villa El Salvador,La Victoria,19.5,19.48,31,4,35,6.0,MINIBUS (M2-M3),AVENIDA MARIANO PASTOR SEVILLA / AVENIDA VILLA DEL MAR,AVENIDA MEXICO / AVENIDA MANCO CAPAC,22,21,"AVENIDA MARIANO PASTOR SEVILLA > OVALO COCHARCAS > AVENIDA MARIANO PASTOR SEVILLA > CALLE SANTA RITA > CALLE SANTA ROSA > AVENIDA CESAR CANEVARO > AVENIDA RAMON VARGAS MACHUCA > AVENIDA SAN JUAN > AVENIDA LOS HEROES > INTERCAMBIO VIAL PUENTE ATOCONGO > AVENIDA SANTIAGO DE SURCO > OVALO LOS CABITOS > AVENIDA TOMAS MARSANO > AVENIDA REPUBLICA DE PANAMA > AVENIDA ENRIQUE CANAVAL Y MOREYRA > AVENIDA JUAN DE ARONA > CALLE MANUEL FUENTES > AVENIDA PASEO PARODI > AVENIDA PROLONGACION IQUITOS > AVENIDA MEXICO > AVENIDA MEXICO (VUELTA EN ""U"" ALTURA CALLE ESMERALDAS) > AVENIDA MEXICO",AVENIDA MEXICO > PUENTE MEXICO > AVENIDA MANUEL CASTAÑEDA > AVENIDA JOSE GALVEZ > CALLE MANUEL ASCENCIO SEGURA > AVENIDA PROLONGACION IQUITOS > AVENIDA PASEO PARODI > CALLE CORONEL ANDRES REYES > AVENIDA MIGUEL SEMINARIO > AVENIDA REPUBLICA DE PANAMA > AVENIDA TOMAS MARSANO > OVALO LOS CABITOS > AVENIDA SANTIAGO DE SURCO > INTERCAMBIO VIAL PUENTE ATOCONGO > AVENIDA LOS HEROES > AVENIDA SAN JUAN > AVENIDA RAMON VARGAS MACHUCA > AVENIDA CESAR CANEVARO > AVENIDA MARIANO PASTOR SEVILLA > OVALO COCHARCAS > AVENIDA MARIANO PASTOR SEVILLA,RUTA_8619_1121.pdf,
1122,8621,LAPSO S.A.,Villa Maria Del Triunfo,Jesus Maria,24.69,24.34,22,3,25,8.0,MINIBUS (M2-M3),AVENIDA JUAN VELASCO ALVARADO / AVENIDA PACHACUTEC AVENIDA GENERAL SALAVERRY / AVENIDA 28 DE JULIO (OVALO JORGE,CHAVEZ),19,20,AVENIDA JUAN VELASCO ALVARADO > AVENIDA MICAELA BASTIDAS > AVENIDA MIGUEL IGLESIAS > AVENIDA DE LOS HEROES > INTERCAMBIO VIAL PUENTE ATOCONGO > AVENIDA SANTIAGO DE SURCO > OVALO LOS CABITOS > AVENIDA TOMAS MARSANO > AVENIDA REPUBLICA DE PANAMA > AVENIDA ENRIQUE CANAVAL Y MOREYRA > AVENIDA JUAN DE ARONA > CALLE MANUEL A. FUENTES > AVENIDA PASEO PARODI > AVENIDA PROLONGACION IQUITOS > JIRON RISO > AVENIDA JULIO CESAR TELLO > AVENIDA FRANCISCO DE ZELA > AVENIDA EDGARDO REBAGLIATI > AVENIDA GENERAL SALAVERRY,AVENIDA GENERAL SALAVERRY > AVENIDA EDGARDO REBAGLIATI > JIRON DOMINGO CUETO > AVENIDA MANUEL ASCENCIO SEGURA > AVENIDA IGNACIO MERINO > JIRON SOLEDAD > AVENIDA PROLONGACION IQUITOS > AVENIDA PASEO PARODI > CALLE CORONEL ANDRES REYES > AVENIDA RICARDO RIVERA NAVARRETE > AVENIDA ENRIQUE CANAVAL Y MOREYRA > AVENIDA REPUBLICA DE PANAMA > AVENIDA TOMAS MARSANO > OVALO LOS CABITOS > AVENIDA SANTIAGO DE SURCO > INTERCAMBIO VIAL PUENTE ATOCONGO > AVENIDA LOS HEROES > AVENIDA MIGUEL IGLESIAS > AVENIDA MICAELA BASTIDAS > AVENIDA JUAN VELASCO ALVARADO,RUTA_8621_1122.pdf,
1123,8626,EMPRESA DE TRANSPORTES UNIDOS CHAMA SA,Pachacamac,Miraflores,27.22,27.22,57,6,63,6.0,OMNIBUS (M3),AVENIDA LAS PALMAS / CALLE SN (SECTOR LAS PALMAS - PACAHACAMAC),AVENIDA RICARDO PALMA / AVENIDA JOSE LARCO (OVALO MIRAFLORES),29,25,AVENIDA LAS PALMAS > AVENIDA ZARUMILLA > AVENIDA LIMA > AVENIDA ATOCONGO > AVENIDA 26 DE NOVIEMBRE > OVALO CURVA NUEVA ESPERANZA > AVENIDA PACHACUTEC > AVENIDA LOS HEROES > PUENTE ATOCONGO > AVENIDA SANTIAGO DE SURCO > AVENIDA SURCO > CALLE DONA ROSA > AVENIDA AYACUCHO > CALLE DONA DELMIRA > JIRON COMANDANTE DE IQUIQUE > AVENIDA PASEO LA CASTELLANA > JIRON COMBATE DE ANGAMOS > JIRON SAN PEDRITO > JIRON FRANKLIN ROOSEVELT > AVENIDA JORGE CHAVEZ > PLAZA BUTTERS > JIRON LIMA > CALLE CATALINO MIRANDA > AVENIDA REPUBLICA DE PANAMA > AVENIDA 28 DE JULIO > VIA AUXILIAR AVENIDA PASEO DE LA REPUBLICA > PUENTE RICARDO PALMA > AVENDIA RICARDO PALMA > OVALO MIRAFLORES,OVALO MIRAFLORES > AVENIDA OSCAR R. BENAVIDES (DIAGONAL) > MALECON 28 DE JULIO > AVENIDA 28 DE JULIO > AVENIDA JOSE LARCO > MALECON DE LA RESERVA > AVENIDA ARMENDARIZ > PUENTE AVENIDA REDUCTO > AVENIDA ALMIRANTE MIGUEL GRAU > AVENIDA NICOLAS DE PIEROLA > AVENIDA BALTA > PLAZA BUTTERS > AVENIDA JORGE CHAVEZ > JIRON FERNANDO FAUSTOR > JIRON BATALLA DE AYACUCHO > AVENIDA AYACUCHO > AVENIDA SANTIAGO DE SURCO > PUENTE ATOCONGO > AVENIDA LOS HEROES > AVENIDA PACHACUTEC > AVENIDA 26 DE NOVIEMBRE > AVENIDA ATOCONGO > AVENIDA LIMA > AVENIDA ZARUMILLA > AVENIDA LAS PALMAS,RUTA_8626_1123.pdf,
1124,8703,EMPRESA DE TRANSPORTES EXPRESO TABLADA Y ASOCIADOS S.A.C. - ET EXPRESO TABLADA,Villa Maria Del Triunfo,Surquillo,19.18,18.69,31,4,35,7.0,OMNIBUS (M3),JIRON LIMA / AVENIDA SANTA ROSA,AVENIDA DOMINGO ORUE / JIRON DANTE,20,19,JIRON LIMA > AVENIDA GENERAL VIDAL > AVENIDA UNION > AVENIDA SANTA ROSA > AVENIDA UNION > AVENIDA LA MARISCALA > JIRON CUSCO > JIRON ELIAS AGUIRRE > AVENIDA 27 DE DICIEMBRE > AVENIDA PACHACUTEC > OVALO PACHACUTEC > AVENIDA PACHACUTEC > AVENIDA LOS HEROES > PUENTE ATOCONGO > AVENIDA SANTIAGO DE SURCO > OVALO LOS CABITOS > AVENIDA TOMAS MARSANO > AVENIDA ANGAMOS ESTE > AVENIDA PASEO DE LA REPUBLICA > AVENIDA DOMINGO ORUE,JIRON DANTE > AVENIDA ANGAMOS ESTE > AVENIDA TOMAS MARSANO > OVALO LOS CABITOS > AVENIDA SANTIAGO DE SURCO > PUENTE ATOCONGO > AVENIDA LOS HEROES > AVENIDA PACHACUTEC > OVALO PACHACUTEC > AVENIDA PACHACUTEC > AVENIDA 27 DE DICIEMBRE > JIRON ELIAS AGUIRRE > JIRON CUSCO > AVENIDA LA MARISCALA > AVENIDA UNION > AVENIDA SANTA ROSA > AVENIDA UNION > AVENIDA GENERAL VIDAL > JIRON LIMA,RUTA_8703_1124.pdf,
1125,8704,EMPRESA DE TRANSPORTES PURCA GRABIEL CORACORA SOCIEDAD ANONIMA - ETPG CORACORA S.A.,Villa Maria Del Triunfo,Surquillo,19.57,18.7,27,3,30,7.0,OMNIBUS (M3),AVENIDA SANTA ROSA / JIRON ARICA,JIRON DANTE / JIRON SALAVERRY,21,19,AVENIDA SANTA ROSA > JIRON LIMA > AVENIDA GENERAL VIDAL > AVENIDA UNION > AVENIDA SANTA ROSA > AVENIDA UNION > AVENIDA LA MARISCALA > JIRON CUSCO > JIRON ELIAS AGUIRRE > AVENIDA 27 DE DICIEMBRE > AVENIDA PACHACUTEC > OVALO PACHACUTEC > AVENIDA PACHACUTEC > AVENIDA LOS HEROES > PUENTE ATOCONGO > AVENIDA SANTIAGO DE SURCO > AVENIDA DE TOMAS MARSANO > AVENIDA ANGAMOS ESTE > AVENIDA PASEO DE LA REPUBLICA > AVENIDA DOMINGO ORUE > JIRON DANTE,JIRON DANTE > AVENIDA ANGAMOS ESTE > AVENIDA DE TOMAS MARSANO > AVENIDA SANTIAGO DE SURCO > INTERCAMBIO VIAL PUENTE ATOCONGO > AVENIDA LOS HEROES > AVENIDA PACHACUTEC > OVALO PACHACUTEC > AVENIDA PACHACUTEC > AVENIDA 27 DE DICIEMBRE > JIRON ELIAS AGUIRRE > JIRON CUSCO > AVENIDA LA MARISCALA > AVENIDA UNION > AVENIDA SANTA ROSA > AVENIDA UNION > AVENIDA GENERAL VIDAL > JIRON LIMA > AVENIDA SANTA ROSA,RUTA_8704_1125.pdf,
1126,8711,E.T.S.M. VILLA ALEJANDRO S.A.,Lurin,Surquillo,31.66,31.39,36,4,40,7.0,MINIBUS (M2-M3),ANTIGUA PANAMERICANA SUR / CALLE 6,JIRON DOMINGO ELIAS / CALLE SANTA ROSA,19,19,ANTIGUA PANAMERICANA SUR > ROTONDA MANUEL VALLE > ANTIGUA PANAMERICANA SUR > AVENIDA LIMA > OVALO MARIA REICHE > AVENIDA LIMA > OVALO JOSE GALVEZ > AVENIDA LIMA > AVENIDA ATOCONGO > AVENIDA 26 DE NOVIEMBRE > AVENIDA PACHACUTEC > AVENIDA LOS HEROES > INTERCAMBIO VIAL PUENTE ATOCONGO > AVENIDA SANTIAGO DE SURCO > OVALO LOS CABITOS > AVENIDA TOMAS MARSANO > AVENIDA ANGAMOS ESTE > AVENIDA GENERAL RECAVARREN > JIRON DOMINGO ELIAS,JIRON DOMINGO ELIAS > JIRON DANTE > AVENIDA ANGAMOS ESTE > AVENIDA TOMAS MARSANO > OVALO LOS CABITOS > AVENIDA SANTIAGO DE SURCO > INTERCAMBIO VIAL PUENTE ATOCONGO > AVENIDA LOS HEROES > AVENIDA PACHACUTEC > AVENIDA 26 DE NOVIEMBRE > AVENIDA ATOCONGO > AVENIDA LIMA > OVALO JOSE GALVEZ > AVENIDA LIMA > OVALO MARIA REICHE > AVENIDA LIMA > ANTIGUA PANAMERICANA SUR > ROTONDA MANUEL VALLE > ANTIGUA PANAMERICANA SUR,RUTA_8711_1126.pdf,
1127,8714,E.T. Y SERV. MULTIPLES E. ZEVALLOS S.A.,Lurin,Surquillo,35.43,34.94,31,4,35,6.0,MINIBUS (M2-M3),AVENIDA MARTIN OLAYA / AVENIDA OLIVO (EX FUNDO HURANGAL),JIRON DOMINGO ELIAS / JIRON DANTE,22,21,AVENIDA MARTIN OLAYA > ANTIGUA PANAMERICANA SUR > ROTONDA MANUEL VALLE > ANTIGUA PANAMERICANA SUR > PUENTE LURIN > ANTIGUA PANAMERICANA SUR > AVENIDA LIMA > OVALO MARIA REICHE > AVENIDA LIMA > OVALO JOSE GALVEZ > AVENIDA LIMA > AVENIDA ATOCONGO > AVENIDA 26 DE NOVIEMBRE > AVENIDA PACHACUTEC > AVENIDA LOS HEROES > PUENTE ATOCONGO > AVENIDA SANTIAGO DE SURCO > OVALO LOS CABITOS > AVENIDA TOMAS MARSANO > AVENIDA ANGAMOS ESTE > AVENIDA GENERAL RECAVARREN > JIRON DOMINGO ELIAS,JIRON DANTE > AVENIDA ANGAMOS ESTE > AVENIDA TOMAS MARSANO > OVALO LOS CABITOS > AVENIDA SANTIAGO DE SURCO > PUENTE ATOCONGO > AVENIDA LOS HEROES > AVENIDA PACHACUTEC > AVENIDA 26 DE NOVIEMBRE > AVENIDA ATOCONGO > AVENIDA LIMA > OVALO JOSE GALVEZ > AVENIDA LIMA > OVALO MARIA REICHE > AVENIDA LIMA > ANTIGUA PANAMERICANA SUR > PUENTE LURIN > ANTIGUA PANAMERICANA SUR > ROTONDA MANUEL VALLE > ANTIGUA PANAMERICANA SUR > AVENIDA MARTIN OLAYA,RUTA_8714_1127.pdf,
1128,8729,CARROCERIAS RIVERA S.A.C.,Pachacamac,Santiago De Surco,28.29,27.28,51,6,57,6.0,OMNIBUS (M3),AVENIDA LAS PALMAS / CALLE 01,AVENIDA AVIACION / JIRON MANUEL SCORZA,30,23,"AVENIDA LAS PALMAS > AVENIDA ZARUMILLA > AVENIDA LEONCIO PRADO > AVENIDA LIMA > OVALO JOSE GALVEZ > AVENIDA PACHACUTEC > OVALO PACHACUTEC > AVENIDA PACHACUTEC > AVENIDA LOS HEROES > PUENTE ATOCONGO > AVENIDA SANTIAGO DE SURCO > AVENIDA AYACUCHO > AVENIDA AYACUCHO (VUELTA EN ""U"" ALT. JIRON JUAN ANTONIO PEZET) > AVENIDA AYACUCHO > CALLE DOÑA DELMIRA > JIRON ALMIRANTE MIGUEL GRAU > JIRON MARISCAL ANDRES AVELINO CACERES > JIRON CORONEL FRANCISCO BOLOGNESI > AVENIDA JORGE CHAVEZ > JIRON LIMA > JIRON PEDRO HEROUARD > AVENIDA PROLONGACION EL SOL > AVENIDA EL SOL ESTE > AVENIDA ALMIRANTE MIGUEL GRAU > AVENIDA REDUCTO > AVENIDA 28 DE JULIO > AVENIDA REPUBLICA DE PANAMA > AVENIDA ALFREDO BENAVIDES > OVALO LOS CABITOS > AVENIDA AVIACION",AVENIDA AVIACION > OVALO LOS CABITOS > AVENIDA ALFREDO BENAVIDES > AVENIDA REDUCTO > AVENIDA ALMIRANTE MIGUEL GRAU > AVENIDA NICOLAS DE PIEROLA > AVENIDA BALTA > PLAZA BUTTERS > AVENIDA JORGE CHAVEZ > JIRON FERNANDO FAUSTOR > JIRON BATALLA DE AYACUCHO > AVENIDA AYACUCHO > AVENIDA SANTIAGO DE SURCO > PUENTE ATOCONGO > AVENIDA LOS HEROES > AVENIDA PACHACUTEC > OVALO PACHACUTEC > AVENIDA PACHACUTEC > OVALO JOSE GALVEZ > AVENIDA LIMA > AVENIDA LEONCIO PRADO > AVENIDA ZARUMILLA > AVENIDA LAS PALMAS,RUTA_8729_1128.pdf,
1129,8803,EMPRESA DE TRANSPORTES Y SERVICIOS SAN JUAN DE DIOS S.A.,Pachacamac,La Victoria,31.35,32.67,36,4,40,4.0,MINIBUS (M2-M3),AVENIDA CAMINO REAL / PROLONGACION JIRON FERROCARRIL,AVENIDA GARCIA NARANJO / JIRON ABTAO,20,22,AVENIDA CAMINO REAL > AVENIDA PAUL JUAN POBLET > AVENIDA LAS PALMAS > AVENIDA ZARUMILLA > AVENIDA LIMA > AVENIDA ATOCONGO > AVENIDA 26 DE NOVIEMBRE > AVENIDA PACHACUTEC > AVENIDA LOS HEROES > PUENTE ATOCONGO > AVENIDA SANTIAGO DE SURCO (EX. AVENIDA TOMAS MARZANO) > AVENIDA CAMINOS DEL INCA > AVENIDA SAN LUIS > AVENIDA SAN JUAN > OVALO NICOLAS ARRIOLA > AVENDIA AVIACION > AVENIDA MEXICO > AVENIDA PROLONGACION PARINACOCHAS > AVENIDA GARCIA NARANJO > JIRON ABTAO,"JIRON ABTAO > AVENIDA BAUSATE Y MEZA > AVENIDA PROLONGACION PARINACOCHAS > AVENIDA MEXICO > AVENIDA AVIACION > OVALO ARRIOLA > AVENIDA SAN JUAN > AVENIDA SAN LUIS > AVENIDA CAMINOS DEL INCA > AVENIDA LOS PROCERES (VUELTA EN ""U"" ALT. DE ALAMEDA DOMINGO TRISTAN Y MOSCOSO) > AVENIDA LOS PROCERES > AVENIDA SANTIAGO DE SURCO (EX. AVENIDA TOMAS MARZANO) > PUENTE ATOCONGO > AVENIDA LOS HEROES > AVENIDA PACHACUTEC > AVENIDA 26 DE NOVIEMBRE > AVENIDA ATOCONGO > AVENIDA LIMA > AVENIDA ZARUMILLA > AVENIDA LAS PALMAS > AVENIDA PAUL JUAN POBLET > AVENIDA CAMINO REAL",RUTA_8803_1129.pdf,
1130,9503,E.T. 11 DE NOVIEMBRE S.A.,Callao,Cercado De Lima,12.41,11.61,15,2,17,6.0,OMNIBUS (M3),AVENIDA CORONEL NESTOR GAMBETTA / AVENIDA A,AVENIDA REPUBLICA DE ARGENTINA / AVENIDA ALFONSO UGARTE (PLAZA RAMON CASTILLA),3,3,AVENIDA CORONEL NESTOR GAMBETTA > OVALO CENTENARIO > AVENIDA REPUBLICA DE ARGENTINA,AVENIDA REPUBLICA DE ARGENTINA > OVALO CENTENARIO > AVENIDA CORONEL NESTOR GAMBETTA,RUTA_9503_1130.pdf,
1131,9601,EMPRESA DE TRANSPORTES Y SERVICIOS VIRGEN DE LA PUERTA S.A.,Ventanilla,La Victoria,36.28,36.07,63,7,70,4.0,MINIBUS (M2-M3),AVENIDA PACHACUTEC / AVENIDA BOLIVIA AVENIDA ISABEL LA CATOLICA / AVENIDA PROLONGACION,PARINACOCHAS,39,38,AVENIDA PACHACUTEC > CALLE LOS CEREZOS > CALLE LAS MAGNOLIAS > CALLE VILLA DE LOS REYES > AVENIDA PACHACUTEC > CARRETERA PANAMERICANA NORTE > AVENIDA PUENTE PIEDRA > CARRETERA PANAMERICANA NORTE > PUENTE CHILLON > CARRETERA PANAMERICANA NORTE > INTERCAMBIO VIAL NORTE > CARRETERA PANAMERICANA NORTE > AVENIDA ALFREDO MENDIOLA > OVALO IZAGUIRRE > AVENIDA ALFREDO MENDIOLA > CARRETERA PANAMERICANA NORTE > AVENIDA ALFREDO MENDIOLA > OVALO ANGELICA GAMARRA > AVENIDA ALFREDO MENDIOLA > OVALO TOMAS VALLE > AVENIDA ALFREDO MENDIOLA > CARRETERA PANAMERICANA NORTE > AVENIDA ALFREDO MENDIOLA > OVALO HABICH > AVENIDA ALFREDO MENDIOLA > CARRETERA PANAMERICANA NORTE > PUENTE TROMPETA > CARRETERA PANAMERICANA NORTE > ACCESO PUENTE DEL EJERCITO > PUENTE DEL EJERCITO > AVENIDA ALFONSO UGARTE > PLAZA CORONEL FRANCISCO BOLOGNESI > AVENIDA GUZMAN BLANCO > OVALO JORGE CHAVEZ > AVENIDA 28 DE JULIO > AVENIDA JOSE GALVEZ > AVENIDA JAIME BAUSATE Y MEZA > JIRON HUANUCO > AVENIDA ISABEL LA CATOLICA,AVENIDA PROLOGACION PARINACOCHAS > AVENIDA 28 DE JULIO > OVALO JORGE CHAVEZ > AVENIDA GUZMAN BLANCO > PLAZA CORONEL FRANCISCO BOLOGNESI > AVENIDA ALFONSO UGARTE > PUENTE DEL EJERCITO > INTERCAMBIO VIAL PUENTE CAQUETA > VIA DE EVITAMIENTO > CARRETERA PANAMERICANA NORTE > PUENTE TROMPETA > CARRETERA PANAMERICANA NORTE > AVENIDA ALFREDO MENDIOLA > OVALO HABICH > AVENIDA ALFREDO MENDIOLA > CARRETERA PANAMERICANA NORTE > AVENIDA ALFREDO MENDIOLA > OVALO TOMAS VALLE > AVENIDA ALFREDO MENDIOLA > OVALO ANGELICA GAMARRA > AVENIDA ALFREDO MENDIOLA > CARRETERA PANAMERICANA NORTE > AVENIDA ALFREDO MENDIOLA > OVALO IZAGUIRRE > AVENIDA ALFREDO MENDIOLA > CARRETERA PANAMERICANA NORTE > INTERCAMBIO VIAL NORTE > CARRETERA PANAMERICANA NORTE > PUENTE CHILLON > CARRETERA PANAMERICANA NORTE > AVENIDA PUENTE PIEDRA > CARRETERA PANAMERICANA NORTE > AUXILIAR CARRETERA PANAMERICANA NORTE > AVENIDA PACHACUTEC > CALLE VILLA DE LOS REYES > CALLE LAS MAGNOLIAS > CALLE LOS CEREZOS > AVENIDA PACHACUTEC,RUTA_9601_1131.pdf,
1132,9605,E.T. Y SERVICIOS MULTIPLES SATELITE S.A,Callao (Cercado),La Victoria,9.96,10.07,27,3,30,5.0,OMNIBUS (M3),AVENIDA OMICRON / CALLE LAMBDA,AVENIDA AVIACION / JIRON HUMBOLDT,12,12,AVENIDA OMICRON > AVENIDA ENRIQUE MEIGGS > AVENIDA OSCAR RAIMUNDO BENAVIDES > AUXILIAR AVENIDA OSCAR RAIMUNDO BENAVIDES (ALT. AVENIDA UNIVERSITARIA) > AVENIDA OSCAR RAIMUNDO BENAVIDES > PLAZA 2 DE MAYO > AVENIDA NICOLAS DE PIEROLA > PLAZA GENERAL JOSE DE SAN MARTIN > AVENIDA NICOLAS DE PIEROLA > PUENTE NICOLAS DE PIEROLA > AUXILIAR AVENIDA ALMIRANTE MIGUEL GRAU > AVENIDA AVIACION,AVENIDA AVIACION > AUXILIAR AVENIDA ALMIRANTE MIGUEL GRAU > PUENTE NICOLAS DE PIEROLA > AVENIDA NICOLAS DE PIEROLA > PLAZA GENERAL JOSE DE SAN MARTIN > AVENIDA NICOLAS DE PIEROLA > PLAZA 2 DE MAYO > AVENIDA OSCAR RAIMUNDO BENAVIDES > AUXILIAR AVENIDA OSCAR RAIMUNDO BENAVIDES (ALT. AVENIDA UNIVERSITARIA) > AVENIDA OSCAR RAIMUNDO BENAVIDES > AVENIDA ENRIQUE MEIGGS > AVENIDA OMICRON,RUTA_9605_1132.pdf,
1133,CR04,EMPRESA DE TRANSPORTES SEÑOR DEL MAR S.A.,La Punta,Cercado De Lima,15.29,15.33,59,6,65,3.0,MINIBUS (M2-M3),JIRON MEDINA / AVENIDA CORONEL FRANCISCO BOLOGNESI,JIRON MOQUEGUA / JIRON CHANCAY,15,12,JIRON MEDINA > AVENIDA ALMIRANTE MIGUEL GRAU > CALLE VALLE > AVENIDA AGUSTIN GAMARRA > CALLE DANIEL NIETO > JIRON PAZ SOLDAN > CALLE ALBERTO SECADA > CALLE MARCO POLO > AVENIDA ALMIRANTE MIGUEL GRAU > OVALO PACIFICO > AVENIDA REPUBLICA DE PANAMA > AVENIDA SAENZ PEÑA > AVENIDA OSCAR RAIMUNDO BENAVIDES > PLAZA 2 DE MAYO > JIRON MOQUEGUA,JIRON CHANCAY > AVENIDA NICOLAS DE PIEROLA > PLAZA 2 DE MAYO > AVENIDA OSCAR RAIMUNDO BENAVIDES > AVENIDA SAENZ PEÑA > AVENIDA REPUBLICA DE PANAMA > OVALO PACIFICO > AVENIDA ALMIRANTE MIGUEL GRAU > JIRON PAZ SOLDAN > CALLE ADOLFO KING > AVENIDA AGUSTIN GAMARRA > AVENIDA CORONEL FRANCISCO BOLOGNESI,RUTA_CR04_1133.pdf,
1134,CR07,EMPRESA DE TRANSPORTES Y SERVICIOS ESTRELLA S.A.C.,Callao,La Perla,25.37,26.52,89,9,98,3.0,MINIBUS (M2-M3),AVENIDA ALEJANDRO BERTELLO / AVENIDA FEDERICO VILLAREAL,AVENIDA COSTANERA / CALLE ESPAÑA,24,26,AVENIDA ALEJANDRO BERTELLO > AVENIDA CARLOS IZAGUIRRE > AVENIDA CANTA CALLAO > AVENIDA LOS DOMINICOS > AVENIDA JOSE GRANDA > OVALO JOSE GRANDA > AVENIDA JOSE GRANDA > OVALO HABICH > AVENIDA EDUARDO DE HABICH > AVENIDA TUPAC AMARU > AVENIDA CAQUETA > PUENTE CAQUETA > AVENIDA CAQUETA > PUENTE DEL EJERCITO > AVENIDA ALFONSO UGARTE > PLAZA RAMON CASTILLA > AVENIDA REPUBLICA DE ARGENTINA > AVENIDA SANTA ROSA > AVENIDA JUAN PABLO II > OVALO JUAN PABLO II > AVENIDA SANTA ROSA > AVENIDA LA PAZ > JIRON LIMA > AVENIDA COSTANERA,CALLE ESPAÑA > AVENIDA LA PAZ > AVENIDA SANTA ROSA > OVALO JUAN PABLO II > AVENIDA JUAN PABLO II > AVENIDA SANTA ROSA > AVENIDA REPUBLICA DE ARGENTINA > PLAZA RAMON CASTILLA > AVENIDA ALFONSO UGARTE > PUENTE DEL EJERCITO > AVENIDA CAQUETA > PUENTE CAQUETA > AVENIDA CAQUETA > AVENIDA TUPAC AMARU > AVENIDA TUPAC AMARU VUELTA EN U ALT. > AVENIDA HONORIO DELGADO > AVENIDA TUPAC AMARU > AVENIDA EDUARDO DE HABICH > OVALO HABICH > AVENIDA JOSE GRANDA > OVALO JOSE GRANDA > AVENIDA JOSE GRANDA > AVENIDA LOS DOMINICOS > AVENIDA CANTA CALLAO > AVENIDA CARLOS ALBERTO IZAGUIRRE > AVENIDA ALEJANDRO BERTELLO,RUTA_CR07_1134.pdf,
1135,CR09,EMPRESA DE TRANSPORTES MARISCAL RAMON CASTILLA S.A.,Callao,Cercado De Lima,17.57,18.07,54,6,60,3.0,MINIBUS (M2-M3),AVENIDA PROLONGACION CENTENARIO / CALLE FERTIZA,JIRON CHANCAY / AVENIDA NICOLAS DE PIEROLA,29,31,AVENIDA PROLONGACION CENTENARIO > JIRON INMACULADA CONCEPCION (AA.HH. ACAPULCO) > CALLE MANUEL SEOANE > CALLE RAMIRO PRIALE > AVENIDA VICTOR RAUL HAYA DE LA TORRE > CALLE VICTOR ANDRES BELAUNDE > CALLE LUIS FELIPE DE LAS CASAS > CALLE MARTIRES DE CHAN CHAN > AVENIDA MIGUEL GRAU > AVENIDA CORONEL NESTOR GAMBETTA > PUENTE CORONEL NESTOR GAMBETTA > AVENIDA CORONEL NESTOR GAMBETTA > AVENIDA MORALES DUAREZ > JIRON CHOTA > AVENIDA DE LA ALAMEDA > AVENIDA CIRCUNVALACION > JIRON EL SOL > AVENIDA REPUBLICA DE ARGENTINA > AVENIDA DE LOS INSURGENTES > AUXILIAR AVENIDA OSCAR RAIMUNDO BENAVIDES > AVENIDA OSCAR RAIMUNDO BENAVIDES > INTERCAMBIO VIAL ELMER FAUCETT - OSCAR RAIMUNDO BENAVIDES > AVENIDA ELMER FAUCETT > AVENIDA REPUBLICA DE ARGENTINA > PLAZA RAMON CASTILLA > AVENIDA ALFONSO UGARTE > PLAZA 2 DE MAYO > JIRON MOQUEGUA > JIRON CHANCAY,AVENIDA NICOLAS DE PIEROLA > PLAZA 2 DE MAYO > JIRON ZAMORA > JIRON HUAROCHIRI > AVENIDA REPUBLICA DE ARGENTINA > PLAZA RAMON CASTILLA > AVENIDA REPUBLICA DE ARGENTINA > AVENIDA ENRIQUE MEIGGS > AVENIDA OSCAR RAIMUNDO BENAVIDES > AUXILIAR AVENIDA OSCAR RAIMUNDO BENAVIDES > AVENIDA DE LOS INSURGENTES > AVENIDA REPUBLICA DE ARGENTINA > JIRON EL SOL > CALLE TUPAC AMARU > AVENIDA NUEVO AEROPUERTO > CALLE APURIMAC > AVENIDA CIRCUNVALACION > AVENIDA DE LA ALAMEDA > JIRON CHOTA > AVENIDA CORONEL NESTOR GAMBETTA > PUENTE CORONEL NESTOR GAMBETTA > AVENIDA CORONEL NESTOR GAMBETTA > AVENIDA MIGUEL GRAU > CALLE MARTIRES DE CHAN CHAN > CALLE LUIS FELIPE DE LAS CASAS > CALLE VICTOR ANDRES BELAUNDE > AVENIDA VICTOR RAUL HAYA DE LA TORRE > CALLE RAMIRO PRIALE > CALLE MANUEL SEOANE > JIRON INMACULADA CONCEPCION (AA.HH. ACAPULCO) > AVENIDA PROLONGACION CENTENARIO,RUTA_CR09_1135.pdf,
1136,CR10,CONSORCIO NUEVA UNION,Callao,Cercado De Lima,15.16,15.09,69,7,76,3.0,MINIBUS (M2-M3),CALLE JOSE OLAYA / CALLE SN,JIRON CHANCAY / AVENIDA EMANCIPACION,24,24,CALLE JOSE OLAYA > CALLE FRANCISCO BOLOGNESI > PROLONGACION CENTENARIO > JIRON INMACULADA CONCEPCION > CALLE MANUEL SEOANE > CALLE RAMIRO PRIALE > AVENIDA EL EMISOR > AVENIDA A > AVENIDA CORONEL NESTOR GAMBETTA > PUENTE NESTOR GAMBETTA > AVENIDA MORALES DUAREZ > JIRON CHOTA > AVENIDA DE LA ALAMEDA > AVENIDA CIRCUNVALACION > CALLE TUPAC AMARU > AVENIDA LA CHALACA > AVENIDA ELMER FAUCETT > INTERCAMBIO VIAL ELMER FAUCETT - OSCAR R. BENAVIDES > AVENIDA ELMER FAUCETT > AVENIDA REPUBLICA DE ARGENTINA > PLAZA RAMON CASTILLA > JIRON OROYA > JIRON HUANCAVELICA > JIRON CHANCAY,AVENIDA EMANCIPACION > PLAZA RAMON CASTILLA > AVENIDA REPUBLICA DE ARGENTINA > AVENIDA ELMER FAUCETT > AVENIDA 28 DE JULIO > CALLE LAS MAGNOLIAS > CALLE ICA > AVENIDA LA CHALACA > AVENIDA NUEVO AEROPUERTO > CALLE APURIMAC > AVENIDA CIRCUNVALACION > AVENIDA DE LA ALAMEDA > PASAJE CASTILLA > AVENIDA CORONEL NESTOR GAMBETTA > PUENTE NESTOR GAMBETTA > AVENIDA CORONEL NESTOR GAMBETTA > AVENIDA A > AVENIDA EL EMISOR > CALLE RAMON PRIALE > CALLE MANUEL SEOANE > JIRON INMACULADA CONCEPCION > PROLONGACION CENTENARIO > CALLE FRANCISCO BOLOGNESI > CALLE JOSE OLAYA,RUTA_CR10_1136.pdf,
1137,CR12,EMPRESA DE TRANSPORTES Y SERVICIOS SAN ANTONIO S.A.,Carabayllo,La Victoria,31.8,32.8,109,11,120,3.0,MINIBUS (M2-M3),AVENIDA TUPAC AMARU (KM 24.5) / CALLE A,AVENIDA ISABEL LA CATOLICA / AVENIDA PROLONGACION PARINACOCHA,25,29,AVENIDA TUPAC AMARU > AVENIDA HONORIO DELGADO SALDAÑA > JIRON TIZIANO MUÑOZ > JIRON MANUEL VILLAR > CALLE DARIO VALDIZAN > JIRON ISIDRO ALCIBAR > AVENIDA ALMIRANTE MIGUEL GRAU > CALLE JUSTO PASTOR BRAVO > JIRON MANUEL QUIMPER > AVENIDA CAQUETA > JIRON PIÑONATE > AVENIDA LOS PROCERES > JIRON VIRU > JIRON LA LIBERTAD > JIRON CHICLAYO > JIRON LORETO > AVENIDA 9 DE OCTUBRE > PUENTE HUANUCO > JIRON AMAZONAS > JIRON HUANTA > PUENTE NICOLAS DE PIEROLA > AVENIDA ALMIRANTE MIGUEL GRAU > JIRON MENDOZA MERINO > AVENIDA JAIME BAUZATE Y MEZA > AVENIDA PROLONGACION PARINACOCHAS,AVENIDA ISABEL LA CATOLICA > JIRON HUANUCO > AVENIDA 28 DE JULIO > JIRON PROLONGACION CANGALLO > PUENTE CANGALLO > JIRON CANGALLO > JIRON SANTA ROSA > JIRON HUANUCO > PUENTE HUANUCO > INTERCAMBIO VIAL PUENTE HUANUCO > AVENIDA 9 DE OCTUBRE > JIRON MARAÑON > JIRON CASTAÑETA > JIRON CAJAMARCA > AVENIDA FRANCISCO PIZARRO > JIRON PIÑONATE > AVENIDA LOS PROCERES > AVENIDA ALMIRANTE MIGUEL GRAU > JIRON ISIDRO ALCIBAR > CALLE DARIO VALDIZAN > JIRON MANUEL VILLAR > JIRON RAMON VARGAS MACHUCA > AVENIDA HONORIO DELGADO SALDAÑA > AVENIDA ALFREDO MENDIOLA > CARRETERA PANAMERICANA NORTE > AVENIDA ALFREDO MENDIOLA > OVALO TOMAS VALLE > AVENIDA TOMAS VALLE > AVENIDA TUPAC AMARU,RUTA_CR12_1137.pdf,
1138,CR17,MULTISERVICIOS E INVERSIONES CHIM PUM CALLAO S.A.,Carabayllo,San Miguel,22.77,22.62,90,9,99,4.0,MINIBUS (M2-M3),AVENIDA TUPAC AMARU / AV. TRES,AVENIDA UNIVERSITARIA / CALLE 7,26,24,"AVENIDA TUPAC AMARU > AVENIDA LOS ALISOS > AVENIDA LAS MARACUYAS > AVENIDA LAS ALMENDRAS > CALLE NAPO > AVENIDA CARLOS ALBERTO IZAGUIRRE > AVENIDA CARLOS ALBERTO IZAGUIRRE (VUELTA EN ""U"" ALT. CDRA 2) > AVENIDA CARLOS ALBERTO IZAGUIRRE > AVENIDA INDUSTRIAL > AVENIDA FRANCISCO BOLOGNESI > OVALO ANGELICA GAMARRA > AVENIDA ANGELICA GAMARRA > AVENIDA UNIVERSITARIA > PUENTE BELLA UNION > OVALO BELLA UNION > AVENIDA UNIVERSITARIA > AUXILIAR AVENIDA OSCAR RAIMUNDO BENAVIDES > AVENIDA OSCAR RAIMUNDO BENAVIDES > AVENIDA TINGO MARIA > AUXILIAR AVENIDA TINGO MARIA > AVENIDA TINGO MARIA > PLAZA DE LA BANDERA > AVENIDA JOSE DE SAN MARTIN > AVENIDA ANTONIO JOSE DE SUCRE > AVENIDA MANUEL CIPRIANO DULANTO > AVENIDA UNIVERSITARIA",AVENIDA UNIVERSITARIA > AVENIDA MANUEL CIPRIANO DULANTO > AVENIDA ANTONIO JOSE DE SUCRE > AVENIDA JOSE DE SAN MARTIN > PLAZA DE LA BANDERA > AVENIDA TINGO MARIA > AUXILIAR AVENIDA TINGO MARIA > AVENIDA TINGO MARIA > AVENIDA OSCAR RAIMUNDO BENAVIDES > AUXILIAR AVENIDA OSCAR RAIMUNDO BENAVIDES > AVENIDA UNIVERSITARIA > OVALO BELLA UNION > PUENTE BELLA UNION > AVENIDA UNIVERSITARIA > AVENIDA ANGELICA GAMARRA > OVALO ANGELICA GAMARRA > AVENIDA FRANCISCO BOLOGNESI > AVENIDA INDUSTRIAL > AVENIDA CARLOS ALBERTO IZAGUIRRE > CALLE NAPO > AVENIDA LAS ALMENDRAS > AVENIDA LAS MARACUYAS > AVENIDA LOS ALISOS > AVENIDA TUPAC AMARU,RUTA_CR17_1138.pdf,
1139,CR27,CONSORCIO GRUPO UVITA,Comas,San Miguel,26.87,26.54,89,9,98,3.0,MINIBUS (M2-M3),AVENIDA REVOLUCION / JIRON JULIO CESAR TELLO,AVENIDA ELMER FAUCETT / AVENIDA LA MARINA,15,14,AVENIDA REVOLUCION > AVENIDA TUPAC AMARU > AVENIDA GERARDO UNGER > AVENIDA CARLOS ALBERTO IZAGUIRRE > OVALO IZAGUIRRE > AVENIDA ALFREDO MENDIOLA > CARRETERA PANAMERICANA NORTE > AVENIDA ALFREDO MENDIOLA > OVALO ANGELICA GAMARRA > AVENIDA ANGELICA GAMARRA > AVENIDA TOMAS VALLE > OVALO AEROPUERTO > AVENIDA ELMER FAUCETT > PUENTE ELMERT FAUCETT > AVENIDA ELMER FAUCETT,AVENIDA ELMER FAUCETT > PUENTE ELMERT FAUCETT > AVENIDA ELMER FAUCETT > OVALO AEROPUERTO > AVENIDA TOMAS VALLE > AVENIDA ANGELICA GAMARRA > OVALO ANGELICA GAMARRA > AVENIDA ALFREDO MENDIOLA > CARRETERA PANAMERICANA NORTE > AVENIDA ALFREDO MENDIOLA > OVALO IZAGUIRRE > AVENIDA CARLOS ALBERTO IZAGUIRRE > AVENIDA TUPAC AMARU > AVENIDA REVOLUCIÓN,RUTA_CR27_1139.pdf,
1140,CR30,E.T. S.G. MILAGROSO INMACULADO SEÑOR CAUTIVO DE AYABACA S.A.,Callao,Cercado De Lima,15.76,15.59,36,4,40,3.0,MINIBUS (M2-M3),CALLE CARLOS CONCHA / CALLE ZELA,JIRON WHASHINGTON / AVENIDA URUGUAY,17,18,CALLE CARLOS CONCHA > AVENIDA CONTRALMIRANTE MORA > PLAZA FANNING > AVENIDA REPUBLICA DE ARGENTINA > PLAZA GARIBALDI > AVENIDA 2 DE MAYO > AVENIDA MARCO POLO > AVENIDA ALMIRANTE MIGUEL GRAU > JIRON ARICA > PLAZA GUARDIA CHALACA > AVENIDA JOSE GALVEZ > OVALO LA PERLA > AVENIDA REPUBLICA DE VENEZUELA > PUENTE TINGO MARIA > AVENIDA ARICA > AVENIDA BOLIVIA > JIRON WASHINGTON,AVENIDA URUGUAY > AVENIDA REPUBLICA DE VENEZUELA > PUENTE TINGO MARIA > AVENIDA REPUBLICA DE VENEZUELA > OVALO LA PERLA > AVENIDA JOSE GALVEZ > PLAZA GUARDIA CHALACA > JIRON VIGIL > JIRON APURIMAC > JIRON GUISSE > JIRON ALBERTO SECADA > AVENIDA MARCO POLO > AVENIDA 2 DE MAYO > PLAZA GARIBALDI > AVENIDA REPUBLICA DE ARGENTINA > PLAZA FANNING > AVENIDA CONTRALMIRANTE MORA > CALLE CARLOS CONCHA,RUTA_CR30_1140.pdf,
1141,CR31,EMPRESA DE TRANSPORTE DEL FONDO COLECTIVO DE AYUDA MUTUA S.A. - ETFOCAM S.A.,Callao,Santiago De Surco,26.32,26.78,50,5,55,3.0,MINIBUS (M2-M3),CALLE LA CONSTITUCION / CALLE TARAPACA,AVENIDA MANUEL OLGUIN / JIRON CRUZ DEL SUR,34,33,CALLE LA CONSTITUCION > CALLE MONTEAGUDO > AVENIDA 2 DE MAYO > AVENIDA MARCO POLO > AVENIDA ALMIRANTE MIGUEL GRAU > JIRON COLINA > AVENIDA JOSE GALVEZ > OVALO JUAN PABLO II > AVENIDA SANTA ROSA > JIRON ATAHUALPA > JIRON LIMA > AVENIDA LA PAZ > PASAJE SAN LUIS > AVENIDA COSTANERA > AVENIDA JUAN BERTOLOTTO > JIRON COMANDANTE ESPINAR > AVENIDA ANTONIO JOSE DE SUCRE > JIRON DIEGO FERRE > AVENIDA DEL EJERCITO > AVENIDA AUGUSTO PEREZ ARANIBAR > AVENIDA DEL EJERCITO > OVALO FEDERICO VILLARREAL > CALLE 8 DE OCTUBRE > CALLE GENERAL MENDIBURU > CALLE 2 DE MAYO > AVENIDA COMANDANTE ESPINAR > AVENIDA ANGAMOS OESTE > AVENIDA ANGAMOS ESTE > AUXILIAR ANGAMOS ESTE > AUXILIAR PRIMAVERA > AVENIDA PRIMAVERA > AVENIDA LA ENCALADA > AVENIDA EL DERBY > AVENIDA MANUEL OLGUIN,AVENIDA MANUEL OLGUIN > AVENIDA EL DERBY > AVENIDA LA ENCALADA > AVENIDA PRIMAVERA > AUXILIAR PRIMAVERA > AUXILIAR ANGAMOS ESTE > AVENIDA ANGAMOS ESTE > AVENIDA ANGAMOS OESTE > AVENIDA COMANDANTE ESPINAR > CALLE TENIENTE ENRIQUE PALACIOS > AVENIDA MARISCAL LA MAR > AVENIDA FEDERICO VILLARREAL > OVALO FEDERICO VILLARREAL > AVENIDA DEL EJERCITO > AVENIDA AUGUSTO PEREZ ARANIBAR > AVENIDA DEL EJERCITO > JIRON DIEGO FERRE > JIRON TACNA > JIRON SALAVERRY > JIRON FEDERICO GALLESE TARICCHI > AVENIDA LA PAZ > AVENIDA SANTA ROSA > OVALO JUAN PABLO II > JIRON COLINA > JIRON ALFONSO UGARTE > JIRON LOS HEROS > OVALO PACIFICO > AVENIDA ALMIRANTE MIGUEL GRAU > CALLE ALBERTO SECADA > AVENIDA MARCO POLO > AVENIDA 2 DE MAYO > CALLE MONTEAGUDO > CALLE LA CONSTITUCION,RUTA_CR31_1141.pdf,
1142,CR32,EMPRESA DE TRANSPORTE Y SERVICIOS PROYECTO SIETE S.A.,Ventanilla,Cercado De Lima,36.91,37.16,69,7,76,4.0,MINIBUS (M2-M3),AVENIDA PRINCIPAL / CALLE 17 (LOZA DEPORTIVA LOMAS DE VENTANILLA ALTA),AVENIDA GUZMAN BLANCO / AVENIDA 9 DE DICIEMBRE (OVALO FRANCISCO BOLOGNESI),27,23,AVENIDA PRINCIPAL > AVENIDA C > AVENIDA PRINCIPAL B > AVENIDA B > AVENIDA A > AVENIDA PEDRO BELTRAN > AVENIDA CORONEL NESTOR GAMBETTA > AVENIDA AUGUSTO AVELINO CACERES > AVENIDA CORONEL NESTOR GAMBETTA > OVALO CANTOLAO > AVENIDA ELMER FAUCETT > OVALO AEROPUERTO > AVENIDA ELMER FAUCETT > PUENTE ELMER FAUCETT > AVENIDA ELMER FAUCETT > AVENIDA DE LOS PRECURSORES > AVENIDA PARQUE DE LAS LEYENDAS > AVENIDA MARISCAL JOSE LA MAR > AVENIDA MANUEL CIPRIANO DE DULANTO > CALLE FIGARI > AVENIDA MANUEL CIPRIANO DE DULANTO > JIRON AGUSTIN GAMARRA > AVENIDA GENERAL MANUEL L. VIVANCO > AVENIDA SAN FELIPE > AVENIDA GENERAL SALAVERRY > PLAZA JORGE CHAVEZ > AVENIDA GUZMAN BLANCO,AVENIDA GUZMAN BLANCO > PLAZA JORGE CHAVEZ > AVENIDA GENERAL SALAVERRY > AVENIDA SAN FELIPE > AVENIDA GENERAL MANUEL L. VIVANCO > AVENIDA ANTONIO JOSE DE SUCRE > AVENIDA MANUEL CIPRIANO DE DULANTO > AVENIDA MARISCAL JOSE LA MAR > AVENIDA PARQUE DE LAS LEYENDAS > AVENIDA DE LOS PRECURSORES > AVENIDA ELMER FAUCETT > PUENTE ELMER FAUCETT > AVENIDA ELMER FAUCETT > OVALO AEROPUERTO > AVENIDA ELMER FAUCETT > OVALO CANTOLAO > AVENIDA CORONEL NESTOR GAMBETTA > AVENIDA PEDRO BELTRAN > AVENIDA A > AVENIDA B > AVENIDA PRINCIPAL B > AVENIDA C > AVENIDA PRINCIPAL,RUTA_CR32_1142.pdf,
1143,CR38,TRANSPORTES CHANQUILINO SOCIEDAD ANONIMA CERRADA - TRANSPORTES CHANQUILINO SAC,Callao,Santiago De Surco,26.02,26.28,40,4,44,6.0,MINIBUS (M2-M3),AVENIDA 2 DE MAYO / CALLE MONTEAGUDO,AVENIDA MANUEL OLGUIN / CALLE CENTAURO,31,32,AVENIDA 2 DE MAYO > AVENIDA MARCO POLO > AVENIDA ALMIRANTE MIGUEL GRAU > JIRON COLINA > AVENIDA JOSE GALVEZ > OVALO LA PERLA > AVENIDA SANTA ROSA > AVENIDA LA PAZ > PASAJE SAN LUIS > AVENIDA COSTANERA > AVENIDA JUAN BERTOLOTO NEGRO > JIRON COMANDANTE ESPINAR > AVENIDA ANTONIO JOSE SUCRE > AVENIDA DEL EJERCITO > AVENIDA AUGUSTO PEREZ ARANIBAR > AVENIDA DEL EJERCITO > OVALO FEDERICO VILLARREAL > CALLE 8 DE OCTUBRE > CALLE GENERAL MENDIBURU > CALLE 2 DE MAYO > AVENIDA COMANDANTE ESPINAR > AVENIDA ANGAMOS OESTE > AVENIDA ANGAMOS ESTE > PUENTE ANGAMOS > AVENIDA ANGAMOS ESTE > AUXILIAR AVENIDA ANGAMOS ESTE > AUXILIAR AVENIDA PRIMAVERA > AVENIDA PRIMAVERA > AVENIDA LA ENCALADA > AVENIDA EL DERBY > AVENIDA MANUEL OLGUIN,AVENIDA MANUEL OLGUIN > AVENIDA EL DERBY > AVENIDA LA ENCALADA > AVENIDA PRIMAVERA > AUXILIAR AVENIDA PRIMAVERA > AUXILIAR AVENIDA ANGAMOS ESTE > AVENIDA ANGAMOS ESTE > PUENTE ANGAMOS > AVENIDA ANGAMOS ESTE > AVENIDA ANGAMOS OESTE > AVENIDA COMANDANTE ESPINAR > AVENIDA TENIENTE ENRIQUE PALACIOS > AVENIDA MARISCAL LA MAR > AVENIDA FEDERICO VILLARREAL > OVALO FEDERICO VILLARREAL > AVENIDA DEL EJERCITO > AVENIDA AUGUSTO PEREZ ARANIBAR > AVENIDA DEL EJERCITO > JIRON DIEGO FERRE > JIRON TACNA > JIRON SALAVERRY > JIRON FEDERICO GALLESE TARICCHI > AVENIDA LA PAZ > AVENIDA SANTA ROSA > OVALO LA PERLA > JIRON COLINA > JIRON ALFONSO UGARTE > JIRON LOS HEROS > AVENIDA ALMIRANTE MIGUEL GRAU > JIRON ALBERTO SECADA > AVENIDA MARCO POLO > AVENIDA 2 DE MAYO,RUTA_CR38_1143.pdf,
1144,CR40,CONSORCIO NG,Callao,Lima,13.32,13.25,52,6,58,3.0,MINIBUS (M2-M3),JIRON ALBERTO SECADA / JIRON PAZ SOLDAN,JIRON HUANCAVELICA / JIRON CHANCAY,12,13,JIRON ALBERTO SECADA > AVENIDA MARCO POLO > AVENIDA 2 DE MAYO > PLAZA GARIBALDI > AVENIDA REPUBLICA DE ARGENTINA > PLAZA FANNING > AVENIDA REPUBLICA DE ARGENTINA > OVALO CENTENARIO > AVENIDA REPUBLICA DE ARGENTINA > PLAZA RAMON CASTILLA > JIRON OROYA > JIRON HUANCAVELICA,JIRON CHANCAY > AVENIDA EMANCIPACION > PLAZA RAMON CASTILLA > AVENIDA REPUBLICA DE ARGENTINA > OVALO CENTENARIO > AVENIDA REPUBLICA DE ARGENTINA > PLAZA FANNING > AVENIDA REPUBLICA DE ARGENTINA > PLAZA GARIBALDI > AVENIDA 2 DE MAYO > AVENIDA MARCO POLO > AVENIDA ALMIRANTE MIGUEL GRAU > JIRON PAZ SOLDAN,RUTA_CR40_1144.pdf,
1145,CR43,EMPRESA DE TRANSPORTES Y SERVICIOS CALLAO S.A.,Carabayllo,La Victoria,32.13,30.57,112,12,124,3.0,MINIBUS (M2-M3),AVENIDA TUPAC AMARU (KM 23) / CALLE SAN ANTONIO,JIRON HUANUCO / AVENIDA MEXICO,38,30,AVENIDA TUPAC AMARU > AVENIDA CARLOS ALBERTO IZAGUIRRE > OVALO IZAGUIRRE > AVENIDA ALFREDO MENDIOLA > CARRETERA PANAMERICANA NORTE > AVENIDA ALFREDO MENDIOLA > OVALO ANGELICA GAMARRA > AVENIDA ALFREDO MENDIOLA > OVALO TOMAS VALLE > AVENIDA TOMAS VALLE > AVENIDA MARCO POLO > AVENIDA FRAY BARTOLOME DE LAS CASAS > JIRON ALHELI > AVENIDA JUAN VICENTE NICOLINI > AVENIDA ELOY ESPINOZA > CALLE MANUEL VILLAR > CALLE DARIO VALDIZAN > JIRON ISIDRO ALCIBAR > AVENIDA ALMIRANTE MIGUEL GRAU > CALLE JUSTO PASTOR BRAVO > CALLE MANUEL QUIMPER > AVENIDA CAQUETA > JIRON PIÑONATE > AVENIDA LOS PROCERES > JIRON VIRU > JIRON CHICLAYO > JIRON LORETO > AVENIDA 9 DE OCTUBRE > INTERCAMBIO VIAL PUENTE HUANUCO > PUENTE HUANUCO > JIRON AMAZONAS > JIRON HUANTA > PUENTE NICOAS DE PIEROLA > AVENIDA ALMIRANTE MIGUEL GRAU > JIRON MENDOZA MERINO > AVENIDA JAIME BAUZATE Y MEZA > AVENIDA PROLONGACION PARINACOCHAS > AVENIDA MEXICO,JIRON HUANUCO > PUENTE HUANUCO > INTERCAMBIO VIAL PUENTE HUANUCO > AVENIDA 9 DE OCTUBRE > JIRON MARAÑON > JIRON PAITA > AVENIDA FRANCISCO PIZARRO > JIRON PIÑONATE > AVENIDA LOS PROCERES > AVENIDA ALMIRANTE MIGUEL GRAU > JIRON ISIDRO ALCIBAR > CALLE DARIO VALDIZAN > AVENIDA EDUARDO DE HABICH > CALLE MICHAEL FORT > CALLE MANUEL VILLAR > AVENIDA ELOY ESPINOZA > AVENIDA JUAN VICENTE NICOLINI > JIRON ALHELI > AVENIDA FRAY BARTOLOME DE LAS CASAS > AVENIDA MARCO POLO > AVENIDA TOMAS VALLE > OVALO TOMAS VALLE > AVENIDA ALFREDO MENDIOLA > OVALO ANGELICA GAMARRA > AVENIDA ALFREDO MENDIOLA > CARRETERA PANAMERICANA NORTE > AVENIDA ALFREDO MENDIOLA > OVALO IZAGUIRRE > AVENIDA CARLOS ALBERTO IZAGUIRRE > AVENIDA TUPAC AMARU,RUTA_CR43_1145.pdf,
1146,CR45,EMPRESA DE TRANSPORTES SAN BENITO DE PALERMO SOCIEDAD ANONIMA CERRADA - ETSABEPSAC,Callao,Cercado De Lima,17.24,16.79,54,6,60,4.0,MINIBUS (M2-M3),JIRON TITICACA / AVENIDA ALMIRANTE MIGUEL GRAU,JIRON CHANCAY /AVENIDA NICOLAS DE PIEROLA,20,17,JIRON TITICACA > AVENIDA AGUSTIN GAMARRA > AVENIDA CORONEL BOLOGENSI > JIRON MEDINA > AVENIDA ALMIRANTE MIGUEL GRAU > CALLE VALLE > AVENIDA AGUSTIN GAMARRA > AVENIDA JORGE CHAVEZ > CALLE DANIEL NIETO > JIRON PAZ SOLDAN > JIRON ALBERTO SECADA > AVENIDA MARCO POLO > AVENIDA ALMIRANTE MIGUEL GRAU > OVALO PACIFICO > AVENIDA PACIFICO > AVENIDA SAENZ PEÑA > AVENIDA OSCAR RAIMUNDO BENAVIDES > PLAZA 2 DE MAYO > JIRON MOQUEGUA > JIRON CHANCAY,AVENIDA NICOLAS DE PIEROLA > PLAZA 2 DE MAYO > AVENIDA OSCAR RAIMUNDO BENAVIDES > AVENIDA SAENZ PEÑA > AVENIDA PACIFICO > OVALO PACIFICO > AVENIDA ALMIRANTE MIGUEL GRAU > JIRON PAZ SOLDAN > CALLE ADOLFO KING > AVENIDA JORGE CHAVEZ > AVENIDA AGUSTIN GAMARRA > AVENIDA CORONEL BOLOGENSI > JIRON MEDINA > AVENIDA ALMIRANTE MIGUEL GRAU > CALLE VALLE > AVENIDA AGUSTIN GAMARRA > JIRON TITICACA,RUTA_CR45_1146.pdf,
1147,CR46,EMPRESA DE TRANSPORTES Y SERVICIOS GENERALES COLONIAL S.A.,La Punta,Cercado De Lima,15.38,14.97,87,9,96,4.0,MINIBUS (M2-M3),AVENIDA ALMIRANTE MIGUEL GRAU / JIRON MEDINA,JIRON CHANCAY / AVENIDA NICOLAS DE PIEROLA,14,11,AVENIDA ALMIRANTE MIGUEL GRAU > CALLE VALLE > AVENIDA AGUSTIN GAMARRA > CALLE DANIEL NIETO > JIRON PAZ SOLDAN > JIRON ALBERTO SECADA > CALLE MARCO POLO > AVENIDA ALMIRANTE MIGUEL GRAU > AVENIDA REPUBLICA DE PANAMA > AVENIDA SAENZ PEÑA > AVENIDA OSCAR RAIMUNDO BENAVIDES > PLAZA 2 DE MAYO > JIRON MOQUEGUA > JIRON CHANCAY,AVENIDA NICOLAS DE PIEROLA > PLAZA 2 DE MAYO > AVENIDA OSCAR RAIMUNDO BENAVIDES > AVENIDA SAENZ PEÑA > AVENIDA REPUBLICA DE PANAMA > AVENIDA ALMIRANTE MIGUEL GRAU > JIRON PAZ SOLDAN > CALLE ADOLFO KING > AVENIDA AGUSTIN GAMARRA > AVENIDA CORONEL BOLOGNESI > JIRON MEDINA,RUTA_CR46_1147.pdf,
1148,CR47,MULTISERVICIOS DE BUSES DE WAYLLUY S.A,Callao,Cercado De Lima,15.03,14.64,45,5,50,4.0,MINIBUS (M2-M3),AVENIDA CONTRALMIRANTE MORA / CALLE ALMIRANTE MIGUEL GRAU,AVENIDA URUGUAY / JIRON CHOTA,16,14,AVENIDA CONTRALMIRANTE MORA > PLAZA FANNING > AVENIDA REPUBLICA DE ARGENTINA > PLAZA GARIBALDI > AVENIDA DOS DE MAYO > CALLE MARCO POLO > AVENIA ALMIRANTE MIGUEL GRAU > JIRON ARICA > PLAZA GUARDIA CHALACA > AVENIDA JOSE GALVEZ > OVALO JUAN PABLO II > AVENIDA REPUBLICA DE VENEZUELA > AVENIDA ARICA > AVENIDA BOLIVIA > JIRON WASHINGTON > AVENIDA URUGUAY,AVENIDA URUGUAY > AVENIDA REPUBLICA DE VENEZUELA > OVALO JUAN PABLO II > AVENIDA JOSE GALVEZ > PLAZA GUARDIA CHALACA > JIRON VIGIL > AVENIDA ALMIRANTE MIGUEL GRAU > CALLE ALBERTO SECADA > CALLE MARCO POLO > AVENIDA DOS DE MAYO > PLAZA GARIBALDI > AVENIDA REPUBLICA DE ARGENTINA > PLAZA FANNING > AVENIDA CONTRALMIRANTE MORA,RUTA_CR47_1148.pdf,
1149,CR48,MULTISERVICIOS DE BUSES DE WAYLLUY S.A,Callao,Cercado De Lima,15.03,14.64,54,6,60,4.0,MINIBUS (M2-M3),AVENIDA CONTRALMIRANTE MORA / CALLE ALMIRANTE MIGUEL GRAU,AVENIDA URUGUAY / JIRON CHOTA,16,14,AVENIDA COLTRALMIRANTE MORA > PLAZA FANNING > AVENIDA REPUBLICA DE ARGENTINA > PLAZA GARIBALDI > AVENIDA DOS DE MAYO > CALLE MARCO POLO > AVENIDA ALMIRANTE MIGUEL GRAU > JIRON ARICA > PLAZA GUARDIA CHALACA > AVENIDA JOSE GALVEZ > OVALO JUAN PABLO II > AVENIDA REPUBLICA DE VENEZUELA > AVENIRA ARICA > AVENIDA BOLIVIA > JIRON WASHINGTON > AVENIDA URUGUAY,AVENIDA URUGUAY > AVENIDA REPUBLICA DE VENEZUELA > OVALO JUAN PABLO II > AVENIDA JOSE GALVEZ > PLAZA GUARDIA CHALACA > JIRON VIGIL > AVENIDA ALMIRANTE MIGUEL GRAU > CALLE ALBERTO SECADA > CALLE MARCO POLO > AVENIDA DOS DE MAYO > PLAZA GARIBALDI > AVENIDA REPUBLICA DE ARGENTINA > PLAZA FANNING > AVENIDA COLTRALMIRANTE MORA,RUTA_CR48_1149.pdf,
1150,CR52,EMPRESA DE TRANSPORTES 102 S.A.,Callao,Lima,14.45,14.2,41,5,46,4.0,MINIBUS (M2-M3),AVENIDA CONTRALMIRANTE MORA / CALLE SEXTA,JIRON WASHINGTON / AVENIDA URUGUAY,16,16,AVENIDA CONTRALMIRANTE MORA > PLAZA FANNING > AVENIDA REPUBLICA DE ARGENTINA > PLAZA GARIBALDI > AVENIDA 2 DE MAYO > CALLE MARCO POLO > AVENIDA ALMIRANTE MIGUEL GRAU > JIRON ARICA > PLAZA GUARDIA CHALACA > AVENIDA JOSE GALVEZ > OVALO JUAN PABLO II > AVENIDA REPUBLICA DE VENEZUELA > PUENTE TINGO MARIA > AVENIDA ARICA > AVENIDA BOLIVIA > JIRON WASHINGTON,AVENIDA URUGUAY > AVENIDA REPUBLICA DE VENEZUELA > PUENTE TINGO MARIA > AVENIDA REPUBLICA DE VENEZUELA > OVALO JUAN PABLO II > AVENIDA JOSE GALVEZ > PLAZA GUARDIA CHALACA > JIRON VIGIL > AVENIDA ALMIRANTE MIGUEL GRAU > CALLE ALBERTO SECADA > CALLE MARCO POLO > AVENIDA 2 DE MAYO > PLAZA GARIBALDI > AVENIDA REPUBLICA DE ARGENTINA > PLAZA FANNING > AVENIDA CONTRALMIRANTE MORA.,RUTA_CR52_1150.pdf,
1151,CR56,EMPRESA DE TRANSPORTES MI PERU VENTANILLA S.A.,Ventanilla,Cercado De Lima,32.72,31.3,86,9,95,3.0,MINIBUS (M2-M3),AVENIDA C / CALLE 4 (AA.HH. LAS LOMAS DE VENTANILLA ALTA) AVENIDA OSCAR R. BENAVIDES / AVENIDA ALFONSO UGARTE (PLAZA 2 DE,MAYO),17,16,AVENIDA C > AVENIDA PRINCIPAL B > AVENIDA B > AVENIDA A > AVENIDA PEDRO BELTRAN > AVENIDA CORONEL NESTOR GAMBETA > OVALO CANTOLAO > AVENIDA ELMER FAUCETT > OVALO AEROPUERTO > AVENIDA ELMER FAUCETT > PUENTE ELMER FAUCETT > AVENIDA ELMER FAUCETT > INTERCAMBIO VIAL ELMER FAUCETT - OSCAR R. BENAVIDES > AVENIDA ELMER FAUCETT > AVENIDA REPUBLICA DE ARGENTINA > AVENIDA RAMON CARCAMO > AVENIDA OSCAR RAIMUNDO BENAVIDES,JIRON CORONEL MIGUEL BAQUERO > JIRON ZORRITOS > JIRON RAMON CARCAMO > AVENIDA REPUBLICA DE ARGENTINA > AVENIDA ELMER FAUCETT > PUENTE ELMER FAUCETT > AVENIDA ELMER FAUCETT > OVALO AEROPUERTO > AVENIDA ELMER FAUCETT > OVALO CANTOLAO > AVENIDA CORONEL NESTOR GAMBETTA > AVENIDA PEDRO BELTRAN > AVENIDA A > AVENIDA B > AVENIDA PRINCIPAL B > AVENIDA C,RUTA_CR56_1151.pdf,
1152,CR61,CONSORCIO DE TRANSPORTE Y SERVICIO LIVENTUR,Ventanilla,Cercado De Lima,32.96,31.54,45,5,50,3.0,MINIBUS (M2-M3),AVENIDA PRINCIPAL / CALLE 4,JIRON SANCHEZ PINILLOS / JIRON CORONEL MIGUEL BAQUERO,23,18,AVENIDA PRINCIPAL > AVENIDA C > AVENIDA PRINCIPAL B > AVENIDA B > AVENIDA A > AVENIDA PEDRO BELTRAN > AVENIDA CORONEL NESTOR GAMBETTA > OVALO CANTOLAO > AVENIDA ELMER FAUCETT > OVALO AEROPUERTO > AVENIDA ELMER FAUCETT > PUENTE ELMER FAUCETT > AVENIDA ELMER FAUCETT > INTERCAMBIO VIAL ELMER FAUCETT - OSCAR R. BENAVIDES > AVENIDA ELMER FAUCETT > AVENIDA REPUBLICA DE ARGENTINA > JIRON RAMON CARCAMO > AVENIDA OSCAR RAIMUNDO BENAVIDES > PLAZA DOS DE MAYO > JIRON MOQUEGUA > JIRON CHANCAY > JIRON ZEPITA > JIRON SANCHEZ PINILLOS,JIRON SANCHEZ PINILLOS > JIRON ASCOPE > AVENIDA OSCAR RAIMUNDO BENAVIDES > JIRON RAMON CARCAMO > AVENIDA REPUBLICA DE ARGENTINA > AVENIDA ELMER FAUCETT > PUENTE ELMER FAUCETT > AVENIDA ELMER FAUCETT > OVALO AEROPUERTO > AVENIDA ELMER FAUCETT > OVALO CANTOLAO > AVENIDA CORONEL NESTOR GAMBETTA > AVENIDA PEDRO BELTRAN > AVENIDA A > AVENIDA B > AVENIDA PRINCIPAL B > AVENIDA C > AVENIDA PRINCIPAL,RUTA_CR61_1152.pdf,
1153,CR62,EMPRESA DE TRANSPORTES SAN IGNACIO DE LOYOLA S.A.,Carabayllo,Callao,29.28,29.02,45,5,50,3.0,MINIBUS (M2-M3),GIRASOLES AVENIDA ELMER FAUCETT / AVENIDA OSCAR RAIMUNDO,BENAVIDES,15,15,AVENDA TUPAC AMARU > AVENIDA NARANJAL > OVALO NARANJAL > AVENIDA NARANJAL > AVENIDA LAS PALMERAS > AVENIDA SANTIAGO ANTUNEZ DE MAYOLO > AVENIDA UNIVERSITARIA > AVENIDA ANGELICA GAMARRA > AVENIDA TOMAS VALLE > OVALO AEROPUERTO > AVENIDA ELMER FAUCETT > PUENTE ELMER FAUCETT > AVENIDA ELMER FAUCETT > INTERCAMBIO VIAL OSCAR BENAVIDES > AVENIDA OSCAR RAIMUNDO BENAVIDES,AVENIDA OSCAR RAIMUNDO BENAVIDES > INTERCAMBIO VIAL OSCAR BENAVIDES > AVENIDA ELMER FAUCETT > PUENTE ELMER FAUCETT > AVENIDA ELMER FAUCETT > OVALO AEROPUERTO > AVENIDA TOMAS VALLE > AVENIDA ANGELICA GAMARRA > AVENIDA UNIVERSITARIA > AVENIDA SANTIAGO ANTUNEZ DE MAYOLO > AVENIDA LAS PALMERAS > AVENIDA NARANJAL > OVALO NARANJAL > AVENIDA NARANJAL > AVENDA TUPAC AMARU,RUTA_CR62_1153.pdf,
1154,CR69,CONSORCIO BRIZA,Carabayllo,San Miguel,31.79,31.34,83,9,92,4.0,MINIBUS (M2-M3),AVENIDA TUPAC AMARU (KM 23) / CALLE LOS GIRASOLES,AVENIDA ELMER FAUCETT / AVENIDA DE LA MARINA,13,13,AVENIDA TUPAC AMARU > AVENIDA GERARDO UNGER > AVENIDA CARLOS ALBERTO IZAGUIRRE > OVALO IZAGUIRRE > AVENIDA ALFREDO MENDIOLA > CARRETERA PANAMERICANA NORTE > OVALO ANGELICA GAMARRA > AVENIDA ANGELICA GAMARRA > AVENIDA TOMAS VALLE > OVALO AEROPUERTO > AVENIDA ELMER FAUCETT > PUENTE ELMER FAUCETT > AVENIDA ELMER FAUCETT,AVENIDA ELMER FAUCETT > PUENTE ELMER FAUCETT > AVENIDA ELMER FAUCETT > OVALO AEROPUERTO > AVENIDA TOMAS VALLE > AVENIDA ANGELICA GAMARRA > OVALO ANGELICA GAMARRA > AVENIDA ALFREDO MENDIOLA > CARRETERA PANAMERICANA NORTE > AVENIDA ALFREDO MENDIOLA > OVALO IZAGUIRRE > AVENIDA CARLOS ALBERTO IZAGUIRRE > AVENIDA TUPAC AMARU,RUTA_CR69_1154.pdf,
1155,CR78,HOLDING REAL EXPRESS,Callao,Cercado De Lima,15.76,15.56,50,5,55,3.0,MINIBUS (M2-M3),CALLE CARLOS CONCHA / CALLE IGNACIO MARIATEGUI,JIRON WASHINGTON / AVENIDA URUGUAY,19,19,CALLE CARLOS CONCHA > AVENIDA CONTRALMIRANTE MORA > PLAZA FANNING > AVENIDA REPUBLICA ARGENTINA > PLAZA GARIBALDI > AVENIDA 2 DE MAYO > AVENIDA MARCO POLO > AVENIDA ALMIRANTE MIGUEL GRAU > JIRON ARICA > PLAZA GUARDIA CHALACA > AVENIDA JOSE GALVEZ > OVALO JUAN PABLO II > AVENIDA REPUBLICA DE VENEZUELA > BY PASS VENEZUELA > AVENIDA REPUBLICA DE VENEZUELA > PUENTE TINGO MARIA > AVENIDA ARICA > AVENIDA BOLIVIA > JIRON WASHINGTON,AVENIDA URUGUAY > AVENIDA REPUBLICA DE VENEZUELA > PUENTE TINGO MARIA > AVENIDA REPUBLICA DE VENEZUELA > BY PASS VENEZUELA > AVENIDA REPUBLICA DE VENEZUELA > OVALO JUAN PABLO II > AVENIDA JOSE GALVEZ > PLAZA GUARDIA CHALACA > JIRON VIGIL > AVENIDA ALMIRANTE MIGUEL GRAU > JIRON ALBERTO SECADA > AVENIDA MARCO POLO > AVENIDA 2 DE MAYO > PLAZA GARIBALDI > AVENIDA REPUBLICA DE ARGENTINA > PLAZA FANNING > AVENIDA CONTRALMIRANTE MORA > CALLE CARLOS CONCHA,RUTA_CR78_1155.pdf,
1156,ICR02B,EMPRESA DE TRANSPORTES Y SERVICIOS NUEVO REYNOSO S.A.-E.T.Y.S.N. REYNOSO S.A.,Callao,Cercado De Lima,13.18,13.04,39,4,43,3.0,MINIBUS (M2-M3),JIRON ALBERTO SECADA / JIRON PAZ SOLDAN,JIRON CHANCAY / AVENIDA EMANCIPACION,13,12,JIRON ALBERTO SECADA > AVENIDA MARCO POLO > AVENIDA DOS DE MAYO > PLAZA GARIBALDI > AVENIDA REPUBLICA DE ARGENTINA > PLAZA FANNING > AVENIDA REPUBLICA DE ARGENTINA > OVALO CENTENARIO > AVENIDA REPUBLICA DE ARGENTINA > PLAZA MARISCAL RAMON CASTILLA > CALLE OROYA > JIRON HUANCAVELICA > JIRON CHANCAY,AVENIDA EMANCIPACION > PLAZA MARISCAL RAMON CASTILLA > AVENIDA REPUBLICA DE ARGENTINA > OVALO CENTENARIO > AVENIDA REPUBLICA DE ARGENTINA > PLAZA FANNING > AVENIDA REPUBLICA DE ARGENTINA > PLAZA GARIBALDI > AVENIDA DOS DE MAYO > AVENIDA MARCO POLO > AVENIDA MIGUEL GRAU > JIRON PAZ SOLDAN,RUTA_ICR02B_1156.pdf,
1157,IM19,COOP DE SERV ESP.TRANSP.SOL Y MAR LTDA,Cercado De Lima,Ventanilla,29.93,29.58,45,5,50,4.0,MINIBUS (M2-M3),JIRON CORONEL MIGUEL BAQUERO / JIRON CORNELIO BORDA,AVENIDA PRINCIPAL / CALLE 17 ( AA.HH.LAS LOMAS DE VENTANILLA ALTA),20,20,JIRON CORONEL MIGUEL BAQUERO > JIRON SANCHEZ PINILLOS > JIRON ASCOPE > AVENIDA OSCAR RAIMUNDO BENAVIDES > JIRON RAMON CARCAMO > AVENIDA REPUBLICA DE ARGENTINA > AVENIDA ELMER FAUCETT > PUENTE ELMER FAUCETT > AVENIDA ELMER FAUCETT > OVALO AEROPUERTO > AVENIDA ELMER FAUCETT > OVALO CANTOLAO > AVENIDA CORONEL NESTOR GAMBETTA > CARRETERA VENTANILLA > AVENIDA PEDRO BELTRAN > AVENIDA A > AVENIDA B > AVENIDA PRINCIPAL B > AVENIDA C > AVENIDA PRINCIPAL,"AVENIDA PRINCIPAL > AVENIDA C > AVENIDA PRINCIPAL B > AVENIDA B > AVENIDA A > AVENIDA PEDRO BELTRAN > AVENIDA CORONEL NESTOR GAMBETTA > OVALO CANTOLAO > AVENIDA ELMER FAUCETT > OVALO AEROPUERTO > AVENIDA ELMER FAUCETT > PUENTE ELMER FAUCETT > AVENIDA ELMER FAUCETT > AVENIDA ELMER FAUCETT (VUELTA EN ""U"" ALT. CALLE HIPOLITO UNANUE) > AVENIDA ELMER FAUCETT > AVENIDA REPUBLICA ARGENTINA > PLAZA RAMON CASTILLA > AVENIDA ALFONSO UGARTE > PLAZA 2 DE MAYO > JIRON CORONEL MIGUEL BAQUERO",RUTA_IM19_1157.pdf,
1158,IM20,SERVICIO INTERCONECTADO DE TRANSPORTE S.A.C.,Ventanilla,Lima,31.38,30.43,42,5,47,4.0,MINIBUS (M2-M3),AVENIDA VICTOR RAUL HAYA DE LA TORRE / AVENIDA TUMBES,JIRON CORONEL MIGUEL BAQUERO / JIRON CORNELIO BORDA,18,19,AVENIDA VICTOR RAUL HAYA DE LA TORRE > JIRON TRUJILLO > AVENIDA CUZCO > AVENIDA REVOLUCION > CALLE PAVAYACU > AVENIDA CORONEL NESTOR GAMBETTA > PUENTE CHILLON > AVENIDA CORONEL NESTOR GAMBETTA > OVALO CANTOLAO > AVENIDA ELMER FAUCETT > OVALO AEROPUERTO > AVENIDA ELMER FAUCETT > PUENTE ELMER FAUCETT > AVENIDA ELMER FAUCETT > INTERCAMBIO VIAL AVENIDA OSCAR RAIMUNDO BENAVIDES > AVENIDA OSCAR RAIMUNDO BENAVIDES > PLAZA 2 DE MAYO > JIRON CORONEL MIGUEL BAQUERO,JIRON CORONEL MIGUEL BAQUERO > JIRON SANCHEZ PINILLO > JIRON ASCOPE > AVENIDA OSCAR RAIMUNDO BENAVIDES > CALLE GARCILAZO DE LA VEGA > CALLE VIRREY CONDE DE LEMOS > AVENIDA ELMER FAUCETT > PUENTE ELMER FAUCETT > AVENIDA ELMER FAUCETT > OVALO AEROPUERTO > AVENIDA ELMER FAUCETT > OVALO CANTOLAO > AVENIDA CORONEL NESTOR GAMBETTA > PUENTE CHILLON > AVENIDA CORONEL NESTOR GAMBETTA > AVENIDA VICTOR RAUL HAYA DE LA TORRE > AVENIDA TACNA > AVENIDA AYACUCHO > AVENIDA TUMBES,RUTA_IM20_1158.pdf,
1159,IM21,TRANSLIMA S.A.,Callao,Jesus Maria,22.77,22.59,45,5,50,5.0,MINIBUS (M2-M3),AVENIDA ALEJANDRO BERTELLO / AVENIDA SAN NICOLAS,AVENIDA 28 DE JULIO / AVENIDA SALAVERRY (PLAZA JORGE CHAVEZ),22,22,AVENIDA ALEJANDRO BERTELLO > AVENIDA CARLOS ALBERTO IZAGUIRRE > OVALO IZAGUIRRE > AVENIDA ALFREDO MENDIOLA > CARRETERA PANAMERICANA NORTE > OVALO ANGELICA GAMARRA > CARRETERA PANAMERICANA NORTE > AVENIDA TOMAS VALLE > AVENIDA GERMAN AGUIRRE > AVENIDA UNIVERSITARIA > OVALO JOSE GRANDA > AVENIDA UNIVERSITARIA > PUENTE BELLA UNION > AVENIDA UNIVERSITARIA > VIA AUXILIAR AVENIDA OSCAR RAIMUNDO BENAVIDES > AVENIDA AURELIO GARCIA Y GARCIA > AVENIDA REPUBLICA DE VENEZUELA > AVENIDA UNIVERSITARIA > AVENIDA SIMON BOLIVAR > AVENIDA HUSARES DE JUNIN > AVENIDA GENERAL EUGENIO GARZON > AVENIDA 28 DE JULIO,AVENIDA 28 DE JULIO > CA. LOS MOGABUROS > AVENIDA ARNALDO MARQUEZ > AVENIDA REPUBLICA DOMINICANA > AUXILIAR AVENIDA BRASIL > AVENIDA SIMON BOLIVAR > AVENIDA UNIVERSITARIA > AVENIDA RAMON HERRERA > AVENIDA UNIVERSITARIA > PUENTE BELLA UNION > AVENIDA UNIVERSITARIA > OVALO JOSE GRANDA > AVENIDA UNIVERSITARIA > AVENIDA GERMAN AGUIRRE > AVENIDA TOMAS VALLE > OVALO TOMAS VALLE > CARRETERA PANAMERICANA NORTE > OVALO ANGELICA GAMARRA > AVENIDA ALFREDO MENDIOLA > OVALO IZAGUIRRE > AVENIDA CARLOS ALBERTO IZAGUIRRE > AVENIDA ALEJANDRO BERTELLO,RUTA_IM21_1159.pdf,
1160,IM34B,MULTISERVICIOS E INVERSIONES CHIM PUM CALLAO S.A.,Ventanilla,Ate,52.93,53.9,54,6,60,3.0,OMNIBUS (M3),AVENIDA LA FLORIDA / AV. MIRAMAR,AVENIDA SANTA ROSA / AVENIDA BENJAMIN FRANKLIN,58,52,AVENIDA LA FLORIDA > AVENIDA JULIO CESAR TELLO > CALLE ABTAO > CALLE PACHITEA > AVENIDA JOSE PAREDES RONCAL > AVENIDA GONZALES PRADA > PASAJE MIRAMAR > CALLE LAS BRISAS > AVENIDA LAS COLINAS > AVENIDA JOSE CARLOS MARIATEGUI > JIRON ANCASH > CALLE BOYACA > CALLE MERIDA > CALLE GUAQUI > CALLE LINARES > AVENIDA JUAN VELASCO ALVARADO > AVENIDA SANTA ROSA DE LIMA > AVENIDA ALEJANDRO BERTELLO > CARRETERA PANAMERICANA NORTE > PUENTE CHILLON > AVENIDA PUENTE PIEDRA > CARRETERA PANAMERICANA NORTE > OVALO NARANJAL > AVENIDA ALFREDO MENDIOLA > OVALO IZAGUIRRE > AVENIDA ALFREDO MENDIOLA > OVALO GAMARRA > AVENIDA ALFREDO MENDIOLA > OVALO TOMAS VALLE > CARRETERA PANAMERICANA NORTE > AVENIDA ALFREDO MENDIOLA > OVALO HABICH > CARRETERA PANAMERICANA NORTE > VIA EVITAMIENTO > INTERCAMBIO VIAL JIRON HUANUCO > JIRON HUANUCO > AVENIDA 9 DE OCTUBRE > PUENTE RICARDO PALMA > AVENIDA ABANCAY > PUENTE ABANCAY > AVENIDA MANCO CAPAC > AVENIDA JAIME BAUSATE Y MEZA > JIRON HUANUCO > AVENIDA PARINACOCHAS > AVENIDA MEXICO > AVENIDA AVIACION > AVENIDA AVIACION > OVALO ARRIOLA > AVENIDA SAN JUAN > AVENIDA AGUSTIN DE LA ROSA TORO > JIRON EDGAR ZUÑIGA MEDINA > CALLE AGUSTIN DURAND > CALLE HORACIO PATIÑO > AUXILIAR AVENIDA CIRCUNVALACION > AVENIDA MARISCAL DOMINGO NIETO > AVENIDA DE LAS TORRES > AVENIDA SEPARADORA INDUSTRIAL > AVENIDA SANTA ROSA,AVENIDA BENJAMIN FRANKLIN > AVENIDA SEPARADORA INDUSTRIAL > AVENIDA DE LAS TORRES > AVENIDA MARISCAL DOMINGO NIETO > AVENIDA CIRCUNVALACION > JIRON MANUEL BEINGOLEA > AVENIDA AGUSTIN DE LA ROSA TORO > AVENIDA SAN JUAN > OVALO ARRIOLA > AVENIDA AVIACION > AVENIDA MEXICO > JIRON HUANUCO > AVENIDA 28 DE JULIO > AVENIDA MANCO CAPAC > PUENTE ABANCAY > AVENIDA ABANCAY > PUENTE RICARDO PALMA > AVENIDA 9 DE OCTUBRE > INTERCAMBIO VIAL JIRON HUANUCO > VIA EVITAMIENTO > CARRETERA PANAMERICANA NORTE > OVALO HABICH > AVENIDA ALFREDO MENDIOLA > CARRETERA PANAMERICANA NORTE > OVALO TOMAS VALLE > AVENIDA ALFREDO MENDIOLA > OVALO GAMARRA > AVENIDA ALFREDO MENDIOLA > OVALO IZAGUIRRE > AVENIDA ALFREDO MENDIOLA > CARRETERA PANAMERICANA NORTE > OVALO NARANJAL > CARRETERA PANAMERICANA NORTE > PUENTE CHILLON > CARRETERA PANAMERICANA NORTE > AVENIDA ALEJANDRO BERTELLO > AVENIDA SANTA ROSA DE LIMA > AVENIDA JUAN VELASCO ALVARADO > CALLE GUAQUI > CALLE MERIDA > CALLE BOYACA > JIRON ANCASH > AVENIDA JOSE CARLOS MARIATEGUI > AVENIDA LAS COLINAS > CALLE LAS BRISAS > PASAJE MIRAMAR > AVENIDA GONZALES PRADA > AVENIDA JOSE PAREDES RONCAL > CALLE PACHITEA > CALLE ABTAO > AVENIDA JULIO CESAR TELLO > AVENIDA LA FLORIDA,RUTA_IM34B_1160.pdf,
1161,IM40,EMPRESA DE TRANSPORTES VICTOR RAUL HAYA DE LA TORRE S.A.,Callao,El Agustino,28.09,26.72,60,6,66,6.0,MINIBUS (M2-M3),AVENIDA ALEJANDRO BERTELLO / AVENIDA SAN NICOLAS,JIRON LOS LIRIOS / AVENIDA LOS LIBERTADORES,36,31,AVENIDA ALEJANDRO BERTELLO > AVENIDA BERTELLO > AVENIDA PASEO JAPON > PROLONGACION AVENIDA PERU > AVENIDA PERU > AVENIDA UNIVERSITARIA > PUENTE BELLA UNION > OVALO BELLA UNION > AVENIDA UNIVERSITARIA > AVENIDA OSCAR RAIMUNDO BENAVIDES > AVENIDA AURELIO GARCIA Y GARCIA > AVENIDA REPUBLICA DE VENEZUELA > AVENIDA UNIVERSITARIA > AVENIDA SIMON BOLIVAR > AVENIDA HUSARES DE JUNIN > AVENIDA GENERAL EUGENIO GARZON > AVENIDA JOSE MARIA PLAZA > JIRON HUIRACOCHA > AVENIDA CUBA > AVENIDA ALEJANDRO TIRADO > AVENIDA PASEO DE LA REPUBLICA > AVENIDA ISABEL LA CATOLICA > JIRON AMERICA > JIRON ITALIA > AVENIDA PROLONGACION PARINACOCHAS > AVENIDA MEXICO > AVENIDA NICOLAS DE AYLLON > AVENIDA LAS TORRES > AVENIDA LAS TORRES (GIRO EN U ALTURA CALLE MARTIN JOSE OLAYA) > AVENIDA LAS TORRES > AVENIDA NICOLAS AYLLON > JIRON SICAYA > AVENIDA MARISCAL ANDRES AVELINO CACERES > AVENIDA LOS ROSALES > AVENIDA DE LOS PARQUES > JIRON LOS LIRIOS,JIRON LOS LIRIOS > AVENIDA DE LOS PARQUES > AVENIDA LOS ROSALES > AVENIDA NICOLAS AYLLON > AVENIDA MEXICO > JIRON HUANUCO > AVENIDA ISABEL LA CATOLICA > AVENIDA PASEO DE LA REPUBLICA > AVENIDA JOSE GALVEZ > AVENIDA ALEJANDRO TIRADO > AVENIDA CUBA > AVENIDA REPUBLICA DOMINICANA > JIRON HUAMACHUCO > AVENIDA AFRANIO DE MELLO FRANCO > CALLE CORACEROS > JIRON JUAN PABLO FERNANDINI > AVENIDA SIMON BOLIVAR > AVENIDA UNIVERSITARIA > AVENIDA RAMON HERRERA > AVENIDA UNIVERSITARIA > OVALO BELLA UNION > PUENTE BELLA UNION > AVENIDA UNIVERSITARIA > AVENIDA PERU > AVENIDA PERU (GIRO EN U ALTURA DE CALLE VILLA RICA) > BY PASS AVENIDA PERU > AVENIDA PERU > PROLONGACION AVENIDA PERU > AVENIDA PASEO JAPON > AVENIDA BERTELLO > AVENIDA ALEJANDRO BERTELLO,RUTA_IM40_1161.pdf,
1162,IM47,CONSORCIO BRIZA,Carabayllo,Pueblo Libre,35.25,34.98,50,5,55,3.0,MINIBUS (M2-M3),AVENIDA TUPAC AMARU (KM23) / CALLE LOS GIRASOLES,AVENIDA MANUEL CIPRIANO DULANTO / AVENIDA ANTONIO DE SUCRE,19,18,AVENIDA TUPAC AMARU > AVENIDA NARANJAL > AVENIDA TUPAC AMARU > AVENIDA CARLOS ALBERTO IZAGUIRRE > OVALO IZAGUIRRE > AVENIDA ALFREDO MENDIOLA > CARRETERA PANAMERICANA NORTE > AVENIDA ALFREDO MENDIOLA > OVALO ANGELICA GAMARRA > AVENIDA ALFREDO MENDIOLA > AVENIDA TOMAS VALLE > OVALO AEROPUERTO > AVENIDA ELMER FAUCETT > PUENTE ELMER FAUCETT > AVENIDA ELMER FAUCETT > AVENIDA DE LOS PRECURSORES > AVENIDA PARQUE DE LAS LEYENDAS > AVENIDA MARISCAL JOSE LA MAR > AVENIDA MANUEL CIPRIANO DULANTO,AVENIDA MANUEL CIPRIANO DULANTO > AVENIDA MARISCAL JOSE LA MAR > AVENIDA PARQUE DE LAS LEYENDAS > AVENIDA DE LOS PRECURSORES > AVENIDA ELMER FAUCETT > PUENTE ELMER FAUCETT > AVENIDA ELMER FAUCETT > OVALO AEROPUERTO > AVENIDA TOMAS VALLE > OVALO TOMAS VALLE > AVENIDA ALFREDO MENDIOLA > OVALO ANGELICA GAMARRA > AVENIDA ALFREDO MENDIOLA > CARRETERA PANAMERICANA NORTE > AVENIDA ALFREDO MENDIOLA > OVALO IZAGUIRRE > AVENIDA CARLOS ALBERTO IZAGUIRRE > AVENIDA TUPAC AMARU,RUTA_IM47_1162.pdf,
1163,IO14,CORPORACION ALELUYA S.A.C.,Ventanilla,Santiago De Surco,52.23,51.21,45,5,50,6.0,OMNIBUS (M3),CALLE LOS CEREZOS / CALLE LOS ALISOS,AVENIDA EL DERBY / AVENIDA MANUEL OLGUIN,56,51,"CALLE LOS CEREZOS > CALLE LAS MAGNOLIAS > CALLE VILLA DE LOS REYES > CALLE FRANCISCO BOLOGNESI > CALLE 21 > AVENIDA LAS AMERICAS > AVENIDA ALFONSO UGARTE > CALLE GRAU > AVENIDA PERU > AVENIDA BOLIVIA > AVENIDA 200 > AVENIDA 200 (VUELTA EN ""U"" ALT. CALLE LOS OLIVOS) > AVENIDA 200 > AVENIDA LOS QUIMICOS > CALLE S/N > AVENIDA CORONEL NESTOR GAMBETTA > AVENIDA CORONEL NESTOR GAMBETTA (VUELTA EN ""U"" ALT. CALLE LOS EUCALIPTOS ) > AVENIDA CORONEL NESTOR GAMBETTA > AVENIDA VICTOR RAUL HAYA DE LA TORRE > AVENIDA CUZCO > AVENIDA REVOLUCION > CALLE PAVAYACU > AVENIDA CORONEL NESTOR GAMBETTA > OVALO CANTOLAO > AVENIDA ELMER FAUCETT > OVALO AEROPUERTO > AVENIDA ELMER FAUCETT > PUENTE ELMERT FAUCETT > AVENIDA ELMER FAUCETT > AVENIDA DE LOS PRECURSORES > AVENIDA DE LOS INSURGENTES > JIRON LIBERTAD > CALLE 28 DE JULIO > AVENIDA LA PAZ > PASAJE SAN LUIS > AVENIDA COSTANERA > AVENIDA JUAN BERTOLOTTO NEGRO > JIRON COMANDANTE ESPINAR > AVENIDA ANTONIO JOSE DE SUCRE > JIRON DIEGO FERRE > AVENIDA DEL EJERCITO > AVENIDA AUGUSTO PEREZ ARANIBAR > AVENIDA DEL EJERCITO > PLAZA CENTRO AMERICA > AVENIDA JOSE PARDO > PLAZA MORALES BARROS > AVENIDA JOSE PARDO > OVALO MIRAFLORES > AVENIDA RICARDO PALMA > AVENIDA PASEO DE LA REPUBLICA > AVENIDA ANGAMOS ESTE > VIA AUXILIAR AVENIDA ANGAMOS ESTE > VIA AUXILIAR AVENIDA PRIMAVERA > AVENIDA PRIMAVERA > AVENIDA LA ENCALADA > AVENIDA EL DERBY",AVENIDA EL DERBY > AVENIDA LA ENCALADA > AVENIDA PRIMAVERA > AVENIDA ANGAMOS ESTE > VIA AUXILIAR AVENIDA PRIMAVERA > VIA AUXILIAR AVENIDA ANGAMOS ESTE > AVENIDA ANGAMOS ESTE > AVENIDA PASEO DE LA REPUBLICA > AVENIDA RICARDO PALMA > OVALO MIRAFLORES > AVENIDA JOSE PARDO > PLAZA MORALES BARROS > AVENIDA JOSE PARDO > PLAZA CENTRO AMERICA > AVENIDA DEL EJERCITO > AVENIDA AUGUSTO PEREZ ARANIBAR > AVENIDA DEL EJERCITO > JIRON DIEGO FERRE > JIRON TACNA > JIRON SALAVERRY > JIRON FEDERICO GALLESE TARICCHI > AVENIDA LA PAZ > CALLE JOSE RUFINO ECHENIQUE > JIRON LIBERTAD > AVENIDA DE LOS INSURGENTES > AVENIDA DE LOS PRECURSORES > AVENIDA ELMER FAUCETT > PUENTE ELMERT FAUCETT > AVENIDA ELMER FAUCETT > OVALO AEROPUERTO > AVENIDA ELMER FAUCETT > OVALO CANTOLAO > AVENIDA CORONEL NESTOR GAMBETTA > AVENIDA VICTOR RAUL HAYA DE LA TORRE > AVENIDA TACNA > AVENIDA AYACUCHO > AVENIDA TUMBES > AVENIDA CORONEL NESTOR GAMBETTA > CALLE S/N > AVENIDA LOS QUIMICOS > AVENIDA 200 > AVENIDA BOLIVIA > AVENIDA PERU > CALLE GRAU > AVENIDA ALFONSO UGARTE > CALLE 11 DE OCTUBRE > CALLE 22 > CALLE FRANCISCO BOLOGNESI > CALLE VILLA DE LOS REYES > CALLE LAS MAGNOLIAS > CALLE LOS CEREZOS,RUTA_IO14_1163.pdf,
1164,IO19,COOPERATIVA DE TRANSPORTES CORAZON DE JESUS LTDA.,Independencia,Callao,28.23,28.25,45,5,50,4.0,MINIBUS (M2-M3),CALLE BAÑOS DEL INCA / AVENIDA OLLANTAYTAMBO,AVENIDA ALMIRANTE MIGUEL GRAU / CALLE WASHINGTON,44,49,"CALLE BAÑOS DEL INCA > JIRON QUILLABAMBA > CALLE HERMANOS AYAR > AVENIDA CORICANCHA > AVENIDA ANTISUYO > AVENIDA CHINCHAYSUYO > AVENIDA TUPAC AMARU > AVENIDA TUPAC AMARU (VUELTA EN ""U"" ALT. AVENIDA NARANJAL) > AVENIDA TUPAC AMARU > AVENIDA GERARDO UNGER > AVENIDA CARLOS ALBERTO IZAGUIRRE > OVALO IZAGUIRRE > AVENIDA ALFREDO MENDIOLA > CARRETERA PANAMERICANA NORTE > OVALO ANGELICA GAMARRA > AVENIDA ALFREDO MENDIOLA > OVALO TOMAS VALLE > CARRETERA PANAMERICANA NORTE > AVENIDA ALFREDO MENDIOLA > OVALO HABICH > AVENIDA ALFREDO MENDIOLA > CARRETERA PANAMERICANA NORTE > ACCESO PUENTE DEL EJERCITO > PUENTE EJERCITO > AVENIDA ALFONSO UGARTE > PLAZA RAMON CASTILLA > AVENIDA ALFONSO UGARTE > PLAZA 2 DE MAYO > AVENIDA ALFONSO UGARTE > PLAZA FRANCISCO BOLOGNESI > AVENIDA BRASIL > VIA AUXILIAR AVENIDA BRASIL > AVENIDA SIMON BOLIVAR > AVENIDA ANTONIO JOSE DE SUCRE > AVENIDA MANUEL CIPRIANO DULANTO > PROLONGACION AVENIDA MARISCAL JOSE DE LA MAR > AVENIDA PARQUE DE LAS LEYENDAS > AVENIDA DE LOS PRECURSORES > AVENIDA DE LOS INSURGENTES > AVENIDA DE LA MARINA > OVALO JUAN PABLO II > AVENIDA GUARDIA CHALACA > AVENIDA BUENOS AIRES > AVENIDA ALMIRANTE MIGUEL GRAU",CALLE WASHINGTON > CALLE ALBERTO SECADA > CALLE MARCO POLO > AVENIDA ALMIRANTE MIGUEL GRAU > AVENIDA BUENOS AIRES > AVENIDA GUARDIA CHALACA > OVALO JUAN PABLO II > AVENIDA DE LA MARINA > VIA AUXILIAR AVENIDA DE LA MARINA > AVENIDA DE LOS INSURGENTES > AVENIDA DE LOS PRECURSORES > AVENIDA PARQUE DE LAS LEYENDAS > PROLONGACION AVENIDA MARISCAL JOSE DE LA MAR > AVENIDA MANUEL CIPRIANO DULANTO > AVENIDA ANTONIO JOSE DE SUCRE > AVENIDA SIMON BOLIVAR > AVENIDA BRASIL > PLAZA FRANCISCO BOLOGNESI > AVENIDA ALFONSO UGARTE > PLAZA 2 DE MAYO > AVENIDA ALFONSO UGARTE > PLAZA RAMON CASTILLA > AVENIDA ALFONSO UGARTE > PUENTE EJERCITO > INTERCAMBIO VIAL PUENTE CAQUETA > CARRETERA PANAMERICANA NORTE > AVENIDA ALFREDO MENDIOLA > OVALO HABICH > AVENIDA ALFREDO MENDIOLA > CARRETERA PANAMERICANA NORTE > OVALO TOMAS VALLE > AVENIDA ALFREDO MENDIOLA > OVALO ANGELICA GAMARRA > AVENIDA ALFREDO MENDIOLA > CARRETERA PANAMERICANA NORTE > AVENIDA ALFREDO MENDIOLA > OVALO IZAGUIRRE > AVENIDA CARLOS ALBERTO IZAGUIRRE > AVENIDA TUPAC AMARU > CALLE YAHUAR HUACA > AVENIDA CONTISUYO > AVENIDA CHINCHAYSUYO > AVENIDA ANTISUYO > AVENIDA CORICANCHA > AVENIDA VALLE SAGRADO DE LOS INCAS > JIRON HUAROCONDOR > CALLE HERMANOS AYAR > JIRON QUILLABAMBA > CALLE BAÑOS DEL INCA,RUTA_IO19_1164.pdf,
1165,IO38,CONSORCIO BRIZA,Los Olivos,San Miguel,32.33,32.05,55,6,61,3.0,MINIBUS (M2-M3),AVENIDA CHILLON TRAPICHE / CARRETERA PANAMERICANA NORTE,AVENIDA ELMER FAUCETT / AVENIDA DE LA MARINA,20,17,"AVENIDA CHILLON TRAPICHE > AVENIDA ISABEL CHIMPU OCLLO > AVENIDA UNIVERSITARIA > AVENIDA SAN FELIPE > AVENIDA SAN FELIPE (VUELTA EN ""U"" ALT. JIRON AREQUIPA) > AVENIDA SAN FELIPE > AVENIDA TUPAC AMARU > AVENIDA GERARDO UNGER > AVENIDA CARLOS ALBERTO IZAGUIRRE > OVALO IZAGUIRRE > AVENIDA ALFREDO MENDIOLA > CARRETERA PANAMERICANA NORTE > AVENIDA ALFREDO MENDIOLA > OVALO ANGELICA GAMARRA > AVENIDA ANGELICA GAMARRA > AVENIDA TOMAS VALLE > OVALO AEROPUERTO > AVENIDA ELMER FAUCETT > PUENTE ELMER FAUCETT > AVENIDA ELMER FAUCETT",AVENIDA ELMER FAUCETT > PUENTE ELMER FAUCETT > AVENIDA ELMER FAUCETT > OVALO AEROPUERTO > AVENIDA TOMAS VALLE > AVENIDA ANGELICA GAMARRA > OVALO ANGELICA GAMARRA > AVENIDA ALFREDO MENDIOLA > CARRETERA PANAMERICANA NORTE > AVENIDA ALFREDO MENDIOLA > OVALO IZAGUIRRE > AVENIDA CARLOS IZAGUIRRE > AVENIDA TUPAC AMARU > AVENIDA SAN FELIPE > AVENIDA UNIVERSITARIA > AVENIDA CHIMPU OCLLO > AVENIDA CHILLON TRAPICHE,RUTA_IO38_1165.pdf,
1166,IO44,VIA BUS S.A.C.,Carabayllo,San Miguel,24.31,24.03,54,6,60,5.0,MINIBUS (M2-M3),AVENIDA ISABEL CHIMPU OCLLO / CALLE MATEO CONDORI,AVENIDA UNIVERSITARIA / AVENIDA DE LA MARINA,12,13,AVENIDA ISABEL CHIMPU OCLLO > AVENIDA CHILLON TRAPICHE > CARRETERA PANAMERICANA NORTE > ACCESO AVENIDA UNIVERSITARIA > AVENIDA UNIVERSITARIA > PUENTE BELLA UNION > OVALO BELLA UNION > AVENIDA UNIVERSITARIA > AVENIDA OSCAR RAIMUNDO BENAVIDES > AVENIDA AURELIO GARCIA Y GARCIA > AVENIDA REPUBLICA DE VENEZUELA > AVENIDA UNIVERSITARIA,AVENIDA UNIVERSITARIA > AVENIDA AMEZAGA > AVENIDA RAMON HERRERA > AVENIDA UNIVERSITARIA > OVALO BELLA UNION > PUENTE BELLA UNION > AVENIDA UNIVERSITARIA > INTERCAMBIO VIAL PANAMERICANA NORTE > PUENTE UNIVERSITARIA > CARRETERA PANAMERICANA NORTE > ACCESO AVENIDA CHILLON TRAPICHE > AVENIDA CHILLON TRAPICHE > AVENIDA ISABEL CHIMPU OCLLO,RUTA_IO44_1166.pdf,
1167,IO45,CONSORCIO BRIZA,Carabayllo,Callao,29.33,28.17,68,7,75,3.0,MINIBUS (M2-M3),AVENIDA TUPAC AMARU KM22 / AVENIDA UNIVERSITARIA,AVENIDA ELMER FAUCETT / AVENIDA OSCAR RAIMUNDO BENAVIDES,14,17,AVENIDA TUPAC AMARU > AVENIDA CARLOS IZAGUIRRE > OVALO CARLOS IZAGUIRRE > AVENIDA ALFREDO MENDIOLA > CALLE MANUEL ASCENCIO SEGURA > JIRON MANUEL GONZALES PRADA > AVENIDA VENUS > AVENIDA EL TREBOL > AVENIDA ANGELICA GAMARRA > AVENIDA TOMAS VALLE > OVALO AEROPUERTO > AVENIDA ELMER FAUCETT > PUENTE ELMER FAUCETT > AVENIDA ELMER FAUCETT,AVENIDA ELMER FAUCETT > PUENTE ELMER FAUCETT > AVENIDA ELMER FAUCETT > OVALO AEROPUERTO > AVENIDA TOMAS VALLE > AVENIDA ANGELICA GAMARRA > OVALO ANGELICA GAMARRA > AVENIDA ANGELICA GAMARRA > AVENIDA EL TREBOL > AVENIDA VENUS > JIRON MANUEL GONZALES PRADA > CALLE MANUEL ASCENCIO SEGURA > JIRON JOSE SANTOS CHOCANO > AVENIDA CARLOS IZAGUIRRE > OVALO CARLOS IZAGUIRRE > AVENIDA CARLOS IZAGUIRRE > AVENIDA TUPAC AMARU,RUTA_IO45_1167.pdf,
1168,IO47,GRUPO AUTOMOTOR UNO S.A.C.,Ancon,Lince,26.85,27.07,130,13,143,3.0,MINIBUS (M2-M3),AVENIDA FLORIDA / JIRON MIRAMAR,AVENIDA ALVAREZ ARENALES / JIRON CORONEL MANUEL GOMEZ,46,46,AVENIDA LA FLORIDA > AVENIDA PROLONGACION MIRAMAR > CALLE PESCADORES > AVENIDA LAS COLINAS > AVENIDA JOSE CARLOS MARIATEGUI > CALLE ANCASH > CALLE BOYACA > CALLE MERIDA E > CALLE GUAQUI > CALLE ANCASH > AVENIDA CENTRAL SANTA ROSA > AVENIDA ALEJANDRO BERTELLO > CARRETERA PANAMERICANA NORTE > PUENTE RIO CHILLON > CARRETERA PANAMERICANA NORTE > INTERCAMBIO VIAL NORTE > CARRETERA PANAMERICANA NORTE > AVENIDA ALFREDO MENDIOLA > OVALO IZAGUIRRE > AVENIDA ALFREDO MENDIOLA > CARRETERA PANAMERICANA NORTE > AVENIDA ALFREDO MENDIOLA > OVALO ANGELICA GAMARRA > AVENIDA ALFREDO MENDIOLA > CARRETERA PANAMERICANA NORTE > AVENIDA ALFREDO MENDIOLA > OVALO TOMAS VALLE > AVENIDA ALFREDO MENDIOLA > CARRETERA PANAMERICANA NORTE > AVENIDA ALFREDO MENDIOLA > OVALO HABICH > AVENIDA ALFREDO MENDIOLA > CARRETERA PANAMERICANA NORTE > PUENTE TROMPETA > CARRETERA PANAMERICANA NORTE > AVENIDA ZARUMILLA > AVENIDA CAQUETA > PUENTE DEL EJERCITO > AVENIDA ALFONSO UGARTE > PLAZA FRANCISCO BOLOGNESI > AVENIDA GUZMAN BLANCO > PLAZA JORGE CHAVEZ > AVENIDA GENERAL SALAVERRY > AVENIDA EDGARDO REBAGLIATI > JIRON DOMINGO CUETO > AVENIDA ALVAREZ DE ARENALES,JIRON CORONEL MANUEL GOMEZ > JIRON CAPAC YUPANQUI > JIRON DOMINGO CUETO > AVENIDA GENERAL SALAVERRY > PLAZA JORGE CHAVEZ > AVENIDA GUZMAN BLANCO > PLAZA FRANCISCO BOLOGNESI > AVENIDA ALFONSO UGARTE > PUENTE DEL EJERCITO > AVENIDA CAQUETA > INTERCAMBIO VIAL CAQUETA > CARRETERA PANAMERICANA NORTE > PUENTE TROMPETA > CARRETERA PANAMERICANA NORTE > AVENIDA ALFREDO MENDIOLA > OVALO HABICH > AVENIDA ALFREDO MENDIOLA > CARRETERA PANAMERICANA NORTE > AVENIDA ALFREDO MENDIOLA > OVALO TOMAS VALLE > AVENIDA ALFREDO MENDIOLA > CARRETERA PANAMERICANA NORTE > AVENIDA ALFREDO MENDIOLA > OVALO ANGELICA GAMARRA > AVENIDA ALFREDO MENDIOLA > CARRETERA PANAMERICANA NORTE > AVENIDA ALFREDO MENDIOLA > OVALO CARLOS IZAGUIRRE > AVENIDA ALFREDO MENDIOLA > CARRETERA PANAMERICANA NORTE > INTERCAMBIO VIAL NORTE > CARRETERA PANAMERICANA NORTE > PUENTE RIO CHILLON > CARRETERA PANAMERICANA NORTE > VIA AUXILIAR PANAMERICANA NORTE > AVENIDA ALEJANDRO BERTELLO > AVENIDA CENTRAL SANTA ROSA > CALLE ANCASH > CALLE GUAQUI > CALLE MERIDA E > CALLE CARTAGENA > AVENIDA JOSE CARLOS MARIATEGUI > CALLE LAS COLINAS > CALLE PESCADORES > AVENIDA PROLONGACION MIRAMAR > AVENIDA LA FLORIDA,RUTA_IO47_1168.pdf,
1169,IO75B,TRANSPORTES Y SERVICIOS CIELO MAR Y TIERRA S.A.,Ventanilla,Cercado De Lima,32.55,31.69,43,5,48,5.0,MINIBUS (M2-M3),AVENIDA REVOLUCION / CALLE PABLO BONER,AVENIDA OSCAR RAIMUNDO BENAVIDES / AVENIDA ALFONSO UGARTE (PLAZA DOS DE MAYO),16,17,AVENIDA REVOLUCION > AVENIDA AYACUCHO > JIRON TUMBES > AVENIDA VICTOR RAUL HAYA DE LA TORRE > AVENIDA CUZCO > AVENIDA REVOLUCION > CALLE PAVAYACU > AVENIDA CORONEL NESTOR GAMBETTA > OVALO CANTOLAO > AVENIDA ELMER FAUCETT > OVALO AEROPUERTO > AVENIDA ELMER FAUCETT > PUENTE ELMER FAUCETT > AVENIDA ELMER FAUCETT > INTERCAMBIO VIAL FAUCETT - COLONIAL > AVENIDA OSCAR RAIMUNDO BENAVIDES,AVENIDA OSCAR RAIMUNDO BENAVIDES > CALLE GARCILAZO DE LA VEGA > CALLE VIRREY CONDE DE LEMOS > AVENIDA ELMER FAUCETT > PUENTE ELMER FAUCETT > AVENIDA ELMER FAUCETT > OVALO AEROPUERTO > AVENIDA ELMER FAUCETT > OVALO CANTOLAO > AVENIDA CORONEL NESTOR GAMBETTA > AVENIDA VICTOR RAUL HAYA DE LA TORRE > JIRON TACNA > AVENIDA AYACUCHO > JRIRON TRUJILLO > AVENIDA CAJAMARCA > AVENIDA CUZCO > AVENIDA REVOLUCION,RUTA_IO75B_1169.pdf,
1170,OM09,PERLA ARGENTINA S.A.,Callao,Cercado De Lima,13.92,13.6,54,6,60,3.0,MINIBUS (M2-M3),AVENIDA MIGUEL GRAU / CALLE MAGDALENA,JIRON CHANCAY / AVENIDA EMANCIPACION,15,11,AVENIDA ALMIRANTE MIGUEL GRAU > JIRON PAZ SOLDAN > JIRON ALBERTO SECADA > AVENIDA MARCO POLO > AVENIDA 2 DE MAYO > PLAZA GARIBALDI > AVENIDA REPUBLICA DE ARGENTINA > PLAZA FANNING > AVENIDA REPUBLICA DE ARGENTINA > OVALO CENTENARIO > AVENIDA REPUBLICA DE ARGENTINA > PLAZA RAMON CASTILLA > JIRON OROYA > JIRON HUANCAVELICA > JIRON CHANCAY,AVENIDA EMANCIPACION > PLAZA RAMON CASTILLA > AVENIDA REPUBLICA DE ARGENTINA > OVALO CENTENARIO > AVENIDA REPUBLICA DE ARGENTINA > PLAZA FANNING > AVENIDA REPUBLICA DE ARGENTINA > PLAZA GARIBALDI > AVENIDA 2 DE MAYO > AVENIDA MARCO POLO > AVENIDA ALMIRANTE MIGUEL GRAU,RUTA_OM09_1170.pdf,
1171,OM16,CONSORCIO SANTA BARBARA S.A.,Ventanilla,La Victoria,36.9,35.2,71,8,79,4.0,MINIBUS (M2-M3),CALLE LOS CEREZOS / CALLE LOS SAUCES,AVENIDA ISABEL LA CATOLICA / JIRON HUANUCO,37,31,CALLE LOS CEREZOS > CALLE LAS MAGNOLIAS > CALLE SANTA MARGARITA > CARRETERA PANAMERICANA NORTE > AVENIDA PUENTE PIEDRA > CARRETERA PANAMERICANA NORTE > PUENTE CHILLON > CARRETERA PANAMERICANA NORTE > INTERCAMBIO VIAL NORTE > CARRETERA PANAMERICANA NORTE > AVENIDA ALFREDO MENDIOLA > OVALO IZAGUIRRE > AVENIDA ALFREDO MENDIOLA > CARRETERA PANAMERICANA NORTE > AVENIDA ALFREDO MENDIOLA > OVALO ANGELICA GAMARRA > AVENIDA ALFREDO MENDIOLA > OVALO TOMAS VALLE > AVENIDA ALFREDO MENDIOLA > CARRETERA PANAMERICANA NORTE > AVENIDA ALFREDO MENDIOLA > OVALO HABICH > AVENIDA ALFREDO MENDIOLA > CARRETERA PANAMERICANA NORTE > PUENTE TROMPETA > CARRETERA PANAMERICANA NORTE > VIA DE EVITAMIENTO > INTERCAMBIO VIAL PUENTE HUANUCO > PUENTE HUANUCO > JIRON AMAZONAS > JIRON HUANTA > PUENTE NICOLAS DE PIEROLA > AUXILIAR AVENIDA ALMIRANTE MIGUEL GRAU > JIRON MENDOZA MERINO > AVENIDA JAIME BAUSATE Y MEZA > AVENIDA PROLONGACION PARINACOCHAS > AVENIDA ISABEL LA CATOLICA,JIRON HUANUCO > PUENTE HUANUCO > INTERCAMBIO VIAL PUENTE HUANUCO > VIA DE EVITAMIENTO > CARRETERA PANAMERICANA NORTE > PUENTE TROMPETA > CARRETERA PANAMERICANA NORTE > AVENIDA ALFREDO MENDIOLA > OVALO HABICH > AVENIDA ALFREDO MENDIOLA > CARRETERA PANAMERICANA NORTE > AVENIDA ALFREDO MENDIOLA > OVALO TOMAS VALLE > AVENIDA ALFREDO MENDIOLA > OVALO ANGELICA GAMARRA > AVENIDA ALFREDO MENDIOLA > CARRETERA PANAMERICANA NORTE > AVENIDA ALFREDO MENDIOLA > OVALO IZAGUIRRE > AVENIDA ALFREDO MENDIOLA > CARRETERA PANAMERICANA NORTE > INTERCAMBIO VIAL NORTE > CARRETERA PANAMERICANA NORTE > PUENTE CHILLON > CARRETERA PANAMERICANA NORTE > AVENIDA PUENTE PIEDRA > CARRETERA PANAMERICANA NORTE > AVENIDA PACHACUTEC > CALLE VILLA DE LOS REYES > CALLE LAS MAGNOLIAS > CALLE LOS CEREZOS,RUTA_OM16_1171.pdf,
1172,OM23,CORPORACION ETUNIJESA S.A.C.,San Martin De Porres,Ventanilla,,21.74,45,5,50,6.0,MINIBUS (M2-M3),AVENIDA PACASMAYO / AVENIDA EL OLIVAR,,9,9,AVENIDA PACASMAYO > AVENIDA EL SOL DE NARANJAL > OVALO CANTA CALLAO > AVENIDA CANTA CALLAO > AVENIDA ELMER FAUCETT > OVALO CANTOLAO > AVENIDA CORONEL NESTOR GAMBETTA > PUENTE CHILLON > AVENIDA CORONEL NESTOR GAMBETTA,AVENIDA CORONEL NESTOR GAMBETTA > PUENTE CHILLON > AVENIDA CORONEL NESTOR GAMBETTA > OVALO CANTOLAO > AVENIDA ELMER FAUCETT > AVENIDA CANTA CALLAO > OVALO CANTA CALLAO > AVENIDA EL SOL DE NARANJAL > AVENIDA PACASMAYO,RUTA_OM23_1172.pdf,
1173,OM32,CONSORCIO MOVIL EXPRESS S.A.C.,San Martin De Porres,Santiago De Surco,45.59,45.63,63,7,70,5.0,OMNIBUS (M3),AVENIDA PACASMAYO / CALLE 4,AVENIDA PRIMAVERA / AVENIDA NICOLAS RODRIGO,40,42,AVENIDA PACASMAYO > AVENIDA TANTAMAYO > AVENIDA CENTRAL > AVENIDA CANTA CALLAO > AVENIDA 2 DE OCTUBRE > AVENIDA LOS PROCERES DE HUANDOY > CARRETERA PANAMERICANA NORTE > ACCESO AVENIDA UNIVERSITARIA > AVENIDA UNIVERSITARIA > AVENIDA ANGELICA GAMARRA > AVENIDA TOMAS VALLE > OVALO AEROPUERTO > AVENIDA ELMER FAUCETT > PUENTE ELMER FAUCETT > AVENIDA ELMER FAUCETT > AVENIDA DE LOS PRECURSORES > AVENIDA DE LOS INSURGENTES > JIRON LA LIBERTAD > CALLE 28 DE JULIO > AVENIDA LA PAZ > PASAJE SAN LUIS > AVENIDA COSTANERA > AVENIDA JUAN BERTOLOTTO NEGRO > JIRON COMANDANTE ESPINAR > AVENIDA ANTONIO JOSE DE SUCRE > OVALO INDEPENDENCIA > AVENIDA ANTONIO JOSE DE SUCRE > AVENIDA JAVIER PRADO OESTE > AVENIDA GENERAL SALAVERRY > AVENIDA GENERAL PEZET > AVENIDA BELEN > AVENIDA GENERAL CORDOVA > PARQUE CONTRA ALMIRANTE MORA > AVENIDA ANGAMOS OESTE > AVENIDA ANGAMOS ESTE > AVENIDA PRIMAVERA > PUENTE PRIMAVERA > AVENIDA PRIMAVERA > OVALO LOS DELFINES > AVENIDA PRIMAVERA,AVENIDA PRIMAVERA > OVALO LOS DELFINES > AVENIDA PRIMAVERA > PUENTE PRIMAVERA > AVENIDA PRIMAVERA > AVENIDA ANGAMOS ESTE > AVENIDA ANGAMOS OESTE > PARQUE CONTRA ALMIRANTE MORA > AVENIDA GENERAL JACINTO LARA > AVENIDA GENERAL CORDOVA > AVENIDA BELEN > AVENIDA GENERAL PEZET > AVENIDA GENERAL SALAVERRY > AVENIDA JAVIER PRADO OESTE > AUXILIAR AVENIDA BRASIL > JIRON CUSCO > AVENIDA ANTONIO JOSE DE SUCRE > OVALO INDEPENDENCIA > AVENIDA ANTONIO JOSE DE SUCRE > JIRON SALAVERRY > JIRON FEDERICO GALLESE TARICCHI > AVENIDA LA PAZ > CALLE GENERAL RUFINO ECHENIQUE > JIRON LIBERTAD > AVENIDA DE LOS INSURGENTES > AVENIDA DE LOS PRECURSORES > AVENIDA ELMER FAUCETT > PUENTE ELMER FAUCETT > AVENIDA ELMER FAUCETT > OVALO AEROPUERTO > AVENIDA TOMAS VALLE > OVALO TOMAS VALLE > AVENIDA ANGELICA GAMARRA > AVENIDA UNIVERSITARIA > INTERCAMBIO VIAL NORTE > CARRETERA PANAMERICANA NORTE > AVENIDA LOS PROCERES DE HUANDOY > AVENIDA 2 DE OCTUBRE > AVENIDA CANTA CALLAO > AVENIDA CENTRAL > AVENIDA TANTAMAYO > AVENIDA PACASMAYO,RUTA_OM32_1173.pdf,
1174,OM33,CORPORACION INVERSIONES LOS ANGELES DEL PERU SA. - CILAP S.A.,San Martin De Porres,San Martin De Porres,10.86,10.81,54,6,60,3.0,MINIBUS (M2-M3),CALLE LA REGLA / CALLE ALEGRIA (REF. CALLE ALGERIA),AVENIDA EDUARDO DE HABICH / AVENIDA TUPAC AMARU,13,13,CALLE LA REGLA > AVENIDA CARLOS ALBERTO IZAGUIRRE > AVENIDA BERTELLO > AVENIDA CANTA CALLAO > AVENIDA PACASMAYO > AVENIDA TOMAS VALLE > AVENIDA LOS DOMINICOS > OVALO PREVI - SMP > AVENIDA JOSE GRANDA > OVALO JOSE GRANDA > AVENIDA JOSE GRANDA > OVALO HABICH > AVENIDA EDUARDO DE HABICH,AVENIDA EDUARDO DE HABICH > OVALO HABICH > AVENIDA JOSE GRANDA > OVALO JOSE GRANDA > AVENIDA JOSE GRANDA > OVALO PREVI - SMP > AVENIDA LOS DOMINICOS > AVENIDA TOMAS VALLE > AVENIDA PACASMAYO > AVENIDA CANTA CALLAO > AVENIDA BERTELLO > AVENIDA CARLOS ALBERTO IZAGUIRRE > CALLE LA REGLA,RUTA_OM33_1174.pdf,
1175,1308,EMP. DE TRANSPORTES PEGASSO EXPRESS S.A.,Ventanilla,San Juan De Miraflores,50.68,49.52,48,5,53,4.0,OMNIBUS (M3),AVENIDA CORONEL NESTOR GAMBETTA / AVENIDA 200,AVENIDA RAMON VARGAS MACHUCA / AVENIDA PEDRO MIOTTA,38,36,AVENIDA CORONEL NESTOR GAMBETTA > ACCESO CARRETERA PANAMERICANA NORTE > CARRETERA PANAMERICANA NORTE > PUENTE CHILLON > CARRETERA PANAMERICANA NORTE > INTERCAMBIO VIAL NORTE > CARRETERA PANAMERICANA NORTE > AVENIDA ALFREDO MENDIOLA > OVALO IZAGUIRRE > AVENIDA ALFREDO MENDIOLA > CARRETERA PANAMERICANA NORTE > AVENIDA ALFREDO MENDIOLA > OVALO ANGELICA GAMARRA > AVENIDA ALFREDO MENDIOLA > OVALO TOMAS VALLE > AVENIDA ALFREDO MENDIOLA > CARRETERA PANAMERICANA NORTE > AVENIDA ALFREDO MENDIOLA > OVALO HABICH > AVENIDA ALFREDO MENDIOLA > CARRETERA PANAMERICANA NORTE > PUENTE TROMPETA > CARRETERA PANAMERICANA NORTE > VIA DE EVITAMIENTO > PUENTE HUASCAR > VIA DE EVITAMIENTO > PUENTE NUEVO > VIA DE EVITAMIENTO > PUENTE SANTA ANITA > VIA DE EVITAMIENTO > INTERCAMBIO VIAL SUR > CARRETERA PANAMERICANA SUR > PUENTE PRIMAVERA > CARRETERA PANAMERICA SUR > INTERCAMBIO VIAL PUENTE ATOCONGO > AVENIDA LOS HEROES > AVENIDA SAN JUAN > AVENIDA RAMON VARGAS MACHUCA,AVENIDA PEDRO MIOTTA > ACCESO CARRETERA PANAMERICANA SUR > CARRETERA PANAMERICANA SUR > PUENTE PRIMAVERA > CARRETERA PANAMERICANA SUR > INTERCAMBIO VIAL SUR > VIA DE EVITAMIENTO > PUENTE SANTA ANITA > VIA DE EVITAMIENTO > PUENTE NUEVO > VIA DE EVITAMIENTO > PUENTE HUASCAR > VIA DE EVITAMIENTO > CARRETERA PANAMERICANA NORTE > PUENTE TROMPETA > CARRETERA PANAMERICANA NORTE > AVENIDA ALFREDO MENDIOLA > OVALO HABICH > AVENIDA ALFREDO MENDIOLA > CARRETERA PANAMERICANA NORTE > AVENIDA ALFREDO MENDIOLA > OVALO TOMAS VALLE > AVENIDA ALFREDO MENDIOLA > OVALO ANGELICA GAMARRA > AVENIDA ALFREDO MENDIOLA > CARRETERA PANAMERICANA NORTE > AVENIDA ALFREDO MENDIOLA > OVALO IZAGUIRRE > AVENIDA ALFREDO MENDIOLA > CARRETERA PANAMERICANA NORTE > INTERCAMBIO VIAL NORTE > CARRETERA PANAMERICANA NORTE > PUENTE CHILLON > CARRETERA PANAMERICANA NORTE > INTERCAMBIO VIAL NESTOR GAMBETTA > AVENIDA CORONEL NESTOR GAMBETTA,RUTA_1308_1175.pdf,
1176,1404,E.T. VIRGEN DE LA PUERTA S.A.,Comas,Ate,33.41,34.15,51,6,57,6.0,OMNIBUS (M3),AVENIDA JULIO CESAR TELLO / JIRON. PACHACUTEC AVENIDA TOMAS ALVA EDISON / AVENIDA MICHAEL,FARADAY,41,40,AVENIDA JULIO CESAR TELLO > AVENIDA REVOLUCION > AVENIDA TUPAC AMARU > AVENIDA CARLOS IZAGUIRRE > OVALO CARLOS IZAGUIRRE > AVENIDA ALFREDO MENDIOLA > AVENIDA PANAMERICANA NORTE > AVENIDA ALFREDO MENDIOLA > OVALO ANGELICA GAMARRA > AVENIDA ALFREDO MENDIOLA > OVALO TOMAS VALLE > AVENIDA ALFREDO MENDIOLA > CARRETERA PANAMERICANA NORTE > AVENIDA ALFREDO MENDIOLA > OVALO EDUARDO DE HABICH > CARRETERA PANAMERICANA NORTE > PUENTE TROMPETA > CARRETERA PANAMERICANA NORTE > ACCESO PUENTE DEL EJERCITO > PUENTE DEL EJÉRCITO > AVENIDA ALFONSO UGARTE > PLAZA MARISCAL RAMÓN CASTILLA > AVENIDA ALFONSO UGARTE > PLAZA 2 DE MAYO > AVENIDA ALFONSO UGARTE > PLAZA FRANCISCO BOLOGNESI > AVENIDA GUZMAN BLANCO > PLAZA JORGE CHAVEZ > AVENIDA GENERAL SALAVERRY > JIRÓN PACHACUTEC > AVENIDA GENERAL CESAR CANEVARO > AVENIDA JUAN PARDO DE ZELA > AVENIDA CANADA > AVENIDA CIRCUNVALACIÓN > AVENIDA MARISCAL DOMINGO NIETO > AVENIDA PROLONGACIÓN MARISCAL DOMINGO NIETO > AVENIDA SANTA ANA > AVENIDA SANTA LUCIA > AVENIDA SANTA ROSA > AVENIDA LUIS GALVANI > AVENIDA TOMAS ALVA EDISON,AVENIDA MICHAEL FARADAY > AVENIDA SEPARADORA INDUSTRIAL > AVENIDA DE LAS TORRES > AVENIDA MARISCAL DOMINGO NIETO > AVENIDA CIRCUNVALACION > AVENIDA CANADA > AVENIDA JUAN PARDO DE ZELA > AVENIDA GENERAL CESAR CANEVARO > JIRON MANCO SEGUNDO > AVENIDA GENERAL SALAVERRY > PLAZA JORGE CHAVEZ > AVENIDA GUZMAN BLANCO > PLAZA FRANCISCO BOLOGNESI > AVENIDA ALFONSO UGARTE > PLAZA 2 DE MAYO > AVENIDA ALFONSO UGARTE > PLAZA MARISCAL RAMON CASTILLA > AVENIDA ALFONSO UGARTE > PUENTE DEL EJERCITO > AVENIDA CAQUETA > INTERCAMBIO VIAL PUENTE CAQUETA > CARRETERA PANAMERICANA NORTE > PUENTE TROMPETA > CARRETERA PANAMERICANA NORTE > AVENIDA ALFREDO MENDIOLA > OVALO EDUARDO DE HABICH > AVENIDA ALFREDO MENDIOLA > CARRETERA PANAMERICANA NORTE > AVENIDA ALFREDO MENDIOLA > OVALO TOMÁS VALLE > AVENIDA ALFREDO MENDIOLA > OVALO ANGELICA GAMARRA > AVENIDA ALFREDO MENDIOLA > CARRETERA PANAMERICANA NORTE > AVENIDA ALFREDO MENDIOLA > OVALO CARLOS IZAGUIRRE > AVENIDA CARLOS IZAGUIRRE > AVENIDA TUPAC AMARU > AVENIDA REVOLUCION > AVENIDA JULIO CESAR TELLO,RUTA_1404_1176.pdf,
1177,1411,TRANSPORTES CRUZ DEL CENTRO S.A.,Carabayllo,Ate,45.8,45.39,81,9,90,4.0,OMNIBUS (M3),AVENIDA TRES / AVENIDA PALERMO,AVENIDA METROPOLITANA / AVENIDA PROLONGACION JAVIER PRADO ESTE,33,33,AVENIDA TRES > AVENIDA TUPAC AMARU > AVENIDA ISABEL CHIMPU OCLLO > AVENIDA CHILLON TRAPICHE > CARRETERA PANAMERICANA NORTE > INTERCAMBIO VIAL NORTE > CARRETERA PANAMERICANA NORTE > AVENIDA ALFREDO MENDIOLA > OVALO IZAGUIRRE > AVENIDA ALFREDO MENDIOLA > CARRETERA PANAMERICANA NORTE > AVENIDA ALFREDO MENDIOLA > OVALO ANGELICA GAMARRA > AVENIDA ALFREDO MENDIOLA > OVALO TOMAS VALLE > AVENIDA ALFREDO MENDIOLA > CARRETERA PANAMERICANA NORTE > AVENIDA ALFREDO MENDIOLA > OVALO HABICH > AVENIDA ALFREDO MENDIOLA > CARRETERA PANAMERICANA NORTE > PUENTE TROMPETA > CARRETERA PANAMERICANA NORTE > VIA DE EVITAMIENTO > PUENTE HUASCAR > VIA DE EVITAMIENTO > PUENTE NUEVO > VIA DE EVITAMIENTO > INTERCAMBIO VIAL PUENTE SANTA ANITA > CARRETERA CENTRAL > AVENIDA LOS RUISEÑORES > AVENIDA HUANCARAY > AVENIDA METROPOLITANA,AVENIDA METROPOLITANA > AVENIDA HUANCARAY > AVENIDA LOS RUISEÑORES > CARRETERA CENTRAL > ACCESO VIA DE EVITAMIENTO > VIA DE EVITAMIENTO > PUENTE NUEVO > VIA DE EVITAMIENTO > PUENTE HUASCAR > VIA DE EVITAMIENTO > CARRETERA PANAMERICANA NORTE > PUENTE TROMPETA > CARRETERA PANAMERICANA NORTE > AVENIDA ALFREDO MENDIOLA > OVALO HABICH > AVENIDA ALFREDO MENDIOLA > CARRETERA PANAMERICANA NORTE > AVENIDA ALFREDO MENDIOLA > OVALO TOMAS VALLE > AVENIDA ALFREDO MENDIOLA > OVALO ANGELICA GAMARRA > AVENIDA ALFREDO MENDIOLA > CARRETERA PANAMERICANA NORTE > AVENIDA ALFREDO MENDIOLA > OVALO IZAGUIRRE > AVENIDA ALFREDO MENDIOLA > CARRETERA PANAMERICANA NORTE > INTERCAMBIO VIAL NORTE > CARRETERA PANAMERICANA NORTE > AVENIDA CHILLON TRAPICHE > AVENIDA ISABEL CHIMPU OCLLO > AVENIDA TUPAC AMARU > AVENIDA TRES,RUTA_1411_1177.pdf,
1178,1412,EMP. DE TRANSPORTES LA ENCANTADA S.A.,Carabayllo,Ate,46.65,46.24,54,6,60,4.0,OMNIBUS (M3),AVENIDA TUPAC AMARU / CARRETERA A CANTA (PUNCHAUCA),CALLE BERLIN / AVENIDA HUSARES DE JUNIN,39,38,AVENIDA TUPAC AMARU > AVENIDA MANUEL PRADO > AVENIDA SANTO DOMINGO > AVENIDA CAMINO REAL > AVENIDA CHILLON TRAPICHE > AVENIDA U > AVENIDA MARIANO CONDORCANQUI > AVENIDA ISABEL CHIMPU OCLLO > AVENIDA CHILLON TRAPICHE > CARRETERA PANAMERICANA NORTE > INTERCAMBIO VIAL NORTE > CARRETERA PANAMERICANA NORTE > AVENIDA ALFREDO MENDIOLA > OVALO IZAGUIRRE > AVENIDA ALFREDO MENDIOLA > CARRETERA PANAMERICANA NORTE > AVENIDA ALFREDO MENDIOLA > OVALO ANGELICA GAMARRA > AVENIDA ALFREDO MENDIOLA > OVALO TOMAS VALLE > AVENIDA ALFREDO MENDIOLA > CARRETERA PANAMERICANA NORTE > AVENIDA ALFREDO MENDIOLA > OVALO HABICH > AVENIDA ALFREDO MENDIOLA > CARRETERA PANAMERICANA NORTE > PUENTE TROMPETA > CARRETERA PANAMERICANA NORTE > VIA DE EVITAMIENTO > PUENTE HUASCAR > VIA DE EVITAMIENTO > PUENTE NUEVO > VIA DE EVITAMIENTO > ACCESO AVENIDA NICOLAS DE AYLLON > AVENIDA NICOLAS DE AYLLON > CARRETERA CENTRAL > AUXILIAR CARRETERA CENTRAL (BY PASS JAVIER PRADO) > AVENIDA MARCO PUENTE LLANOS > CALLE BERLIN,CALLE BERLIN > AVENIDA MARCO PUENTE LLANOS > AUXILIAR CARRETERA CENTRAL (BY PASS JAVIER PRADO) > CARRETERA CENTRAL > ACCESO VIA EVITAMIENTO > VIA DE EVITAMIENTO > PUENTE NUEVO > VIA DE EVITAMIENTO > PUENTE HUASCAR > VIA DE EVITAMIENTO > CARRETERA PANAMERICANA NORTE > PUENTE TROMPETA > CARRETERA PANAMERICANA NORTE > AVENIDA ALFREDO MENDIOLA > OVALO HABICH > AVENIDA ALFREDO MENDIOLA > CARRETERA PANAMERICANA NORTE > AVENIDA ALFREDO MENDIOLA > OVALO TOMAS VALLE > AVENIDA ALFREDO MENDIOLA > OVALO ANGELICA GAMARRA > AVENIDA ALFREDO MENDIOLA > CARRETERA PANAMERICANA NORTE > AVENIDA ALFREDO MENDIOLA > OVALO IZAGUIRRE > AVENIDA ALFREDO MENDIOLA > CARRETERA PANAMERICANA NORTE > INTERCAMBIO VIAL NORTE > CARRETERA PANAMERICANA NORTE > AVENIDA CHILLON TRAPICHE > AVENIDA ISABEL CHIMPU OCLLO > AVENIDA MARIANO CONDORCANQUI > AVENIDA U > AVENIDA CHILLON TRAPICHE > AVENIDA CAMINO REAL > AVENIDA SANTO DOMINGO > AVENIDA MANUEL PRADO > AVENIDA TUPAC AMARU,RUTA_1412_1178.pdf,
1179,1701,EMPRESA DE TRANSPORTE TURISMO E INVERSIONES SEÑOR DE LA SOLEDAD S.A.C,Ancon,Santiago De Surco,56.54,56.98,60,6,66,7.0,OMNIBUS (M3),AVENIDA JULIO CESAR TELLO / CALLE 23,AVENIDA PRIMAVERA / AVENIDA NICOLAS RODRIGO,62,60,AVENIDA JULIO C. TELLO > JIRON ABTAO > JIRON PACHITEA > AVENIDA JOSE PAREDES RONCAL > CALLE LA FLORIDA (MIRAMAR) > JIRON LIZARDO MONTERO > CALLE LAS COLINAS > AVENIDA JOSE CARLOS MARIATEGUI > CALLE ANCASH > CALLE BOYACA > CALLE MERIDA > CALLE GUAQUI > AVENIDA SANTA ROSA > CARRETERA PANAMERICANA NORTE > INTERCAMBIO VIAL NESTOR GAMBETA > CARRETERA PANAMERICANA NORTE > AVENIDA PUENTE PIEDRA > CARRETERA PANAMERICANA NORTE > PUENTE RIO CHILLON > CARRETERA PANAMERICANA NORTE > INTERCAMBIO VIAL NORTE > CARRETERA PANAMERICANA NORTE > AVENIDA ALFREDO MENDIOLA > OVALO IZAGUIRRE > AVENIDA ALFREDO MENDIOLA > CARRETERA PANAMERICANA NORTE > AVENIDA ALFREDO MENDIOLA > OVALO ANGELICA GAMARRA > AVENIDA ALFREDO MENDIOLA > OVALO TOMAS VALLE > AVENIDA ALFREDO MENDIOLA > CARRETERA PANAMERICANA NORTE > AVENIDA ALFREDO MENDIOLA > OVALO HABICH > AVENIDA ALFREDO MENDIOLA > CARRETERA PANAMERICANA NORTE > PUENTE TROMPETA > CARRETERA PANAMERICANA NORTE > ACCESO AVENIDA CAQUETA > AVENIDA CAQUETA > PUENTE DEL EJERCITO > AVENIDA ALFONSO UGARTE > PLAZA FRANCISCO BOLOGNESI > AVENIDA GUZMAN BLANCO > PLAZA JORGE CHAVEZ > AVENIDA GENERAL SALAVERRY > AVENIDA AUGUSTO PEREZ ARANIBAR > AVENIDA DEL EJERCITO > OVALO FEDERICO VILLARREAL > AVENIDA DEL EJERCITO > PLAZA CENTRO AMERICA > AVENIDA JOSE PARDO > PLAZA MORALES BARROS > AVENIDA JOSE PARDO > AVENIDA COMANDANTE ESPINAR > AVENIDA ANGAMOS OESTE > AVENIDA ANGAMOS ESTE > AUXILIAR AVENIDA ANGAMOES ESTE > AUXILIAR AVENIDA PRIMAVERA > AVENIDA PRIMAVERA > OVALO LOS DELFINES > AVENIDA PRIMAVERA,AVENIDA PRIMAVERA > OVALO LOS DELFINES > AVENIDA PRIMAVERA > AUXILIAR AVENIDA PRIMAVERA > AUXILIAR AVENIDA ANGAMOS ESTE > AVENIDA ANGAMOS ESTE > AVENIDA ANGAMOS OESTE > AVENIDA COMANDANTE ESPINAR > AVENIDA JOSE PARDO > PLAZA MORALES BARROS > AVENIDA JOSE PARDO > PLAZA CENTRO AMERICA > AVENIDA DEL EJERCITO > OVALO FEDERICO VILLARREAL > AVENIDA DEL EJERCITO > AVENIDA AUGUSTO PEREZ ARANIBAR > AVENIDA GENERAL SALAVERRY > PLAZA JORGE CHAVEZ > AVENIDA GUZMAN BLANCO > PLAZA FRANCISCO BOLOGNESI > AVENIDA ALFONSO UGARTE > PUENTE DEL EJERCITO > AVENIDA CAQUETA > INTERCAMBIO VIAL CAQUETA > VIA DE EVITAMIENTO > CARRETERA PANAMERICANA NORTE > PUENTE TROMPETA > CARRETERA PANAMERICANA NORTE > AVENIDA ALFREDO MENDIOLA > OVALO HABICH > AVENIDA ALFREDO MENDIOLA > CARRETERA PANAMERICANA NORTE > AVENIDA ALFREDO MENDIOLA > OVALO TOMAS VALLE > AVENIDA ALFREDO MENDIOLA > OVALO ANGELICA GAMARRA > AVENIDA ALFREDO MENDIOLA > CARRETERA PANAMERICANA NORTE > AVENIDA ALFREDO MENDIOLA > OVALO IZAGUIRRE > AVENIDA ALFREDO MENDIOLA > CARRETERA PANAMERICANA NORTE > INTERCAMBIO VIAL NORTE > CARRETERA PANAMERICANA NORTE > PUENTE RIO CHILLON > CARRETERA PANAMERICANA NORTE > AVENIDA PUENTE PIEDRA > CARRETERA PANAMERICANA NORTE > INTERCAMBIO VIAL NESTOR GAMBETA > CARRETERA PANAMERICANA NORTE > AVENIDA SANTA ROSA > CALLE GUAQUI > CALLE MERIDA > CALLE EL ROSARIO > CALLE ANCASH > AVENIDA JOSE CARLOS MARIATEGUI > CALLE LAS COLINAS > CALLE RIMAC > CALLE LA FLORIDA (MIRAMAR) > AVENIDA JULIO C. TELLO,RUTA_1701_1179.pdf,
1180,1702,EMPRESA DE TRANSPORTES Y SERVICIOS NUEVA AMERICA S.A.,Carabayllo,San Juan De Miraflores,50.65,51.16,81,9,90,6.0,OMNIBUS (M3),AVENIDA TUPAC AMARU / AVENIDA TRES,AVENIDA CAMINO REAL / AVENIDA INTEGRACION,43,46,AVENIDA TUPAC AMARU > AVENIDA CARLOS ALBERTO IZAGUIRRE > OVALO IZAGUIRRE > AVENIDA ALFREDO MENDIOLA > CARRETERA PANAMERICANA NORTE > AVENIDA ALFREDO MENDIOLA > OVALO ANGELICA GAMARRA > AVENIDA ALFREDO MENDIOLA > OVALO TOMAS VALLE > AVENIDA ALFREDO MENDIOLA > CARRETERA PANAMERICANA NORTE > AVENIDA ALFREDO MENDIOLA > OVALO HABICH > AVENIDA ALFREDO MENDIOLA > CARRETERA PANAMERICANA NORTE > PUENTE TROMPETA > CARRETERA PANAMERICANA NORTE > ACCESO PUENTE DEL EJERCITO > PUENTE DEL EJERCITO > AVENIDA ALFONSO UGARTE > PLAZA FRANCISCO BOLOGNESI > AVENIDA BRASIL > AVENIDA DEL EJERCITO > AVENIDA AUGUSTO PEREZ ARANIBAR > AVENIDA DEL EJERCITO > OVALO FEDERICO VILLARREAL > AVENIDA DEL EJERCITO > PLAZA CENTRO AMERICA > AVENIDA JOSE PARDO > PLAZA MORALES BARROS > AVENIDA JOSE PARDO > OVALO MIRAFLORES > AVENIDA RICARDO PALMA > AVENIDA PASEO DE LA REPUBLICA > AVENIDA ALFREDO BENAVIDES > OVALO LOS CABITOS > AVENIDA ALFREDO BENAVIDES > PUENTE BENAVIDES > AVENIDA LA GREVILLEA > AVENIDA DEFENSORES DE LIMA > AVENIDA SAN JUAN > AVENIDA MARCELINO CASTRO GAMBOA > AVENIDA CAMINO REAL,AVENIDA CAMINO REAL > AVENIDA MARCELINO GAMBOA > AVENIDA SAN JUAN > AVENIDA DEFENSORES DE LIMA > AVENIDA AGUSTIN LA ROSA LOZANO > JIRON CERRO LINDO > AVENIDA CIRCUNVALACION > PUENTE BENAVIDES > AVENIDA ALFREDO BENAVIDES > OVALO LOS CABITOS > AVENIDA ALFREDO BENAVIDES > AVENIDA PASEO DE LA REPUBLICA > AVENIDA RICARDO PALMA > OVALO MIRAFLORES > AVENIDA JOSE PARDO > PLAZA MORALES BARROS > AVENIDA JOSE PARDO > PLAZA CENTRO AMERICA > AVENIDA DEL EJERCITO > OVALO FEDERICO VILLARREAL > AVENIDA DEL EJERCITO > AVENIDA AUGUSTO PEREZ ARANIBAR > AVENIDA DEL EJERCITO > AVENIDA BRASIL > PLAZA FRANCISCO BOLOGNESI > AVENIDA ALFONSO UGARTE > PUENTE DEL EJERCITO > INTERCAMBIO VIAL PUENTE CAQUETA > VIA DE EVITAMIENTO > CARRETERA PANAMERICANA NORTE > PUENTE TROMPETA > CARRETERA PANAMERICANA NORTE > AVENIDA ALFREDO MENDIOLA > OVALO HABICH > AVENIDA ALFREDO MENDIOLA > CARRETERA PANAMERICANA NORTE > AVENIDA ALFREDO MENDIOLA > OVALO TOMAS VALLE > AVENIDA ALFREDO MENDIOLA > OVALO ANGELICA GAMARRA > AVENIDA ALFREDO MENDIOLA > CARRETERA PANAMERICANA NORTE > AVENIDA ALFREDO MENDIOLA > OVALO IZAGUIRRE > AVENIDA CARLOS ALBERTO IZAGUIRRE > AVENIDA TUPAC AMARU,RUTA_1702_1180.pdf,
1181,1703,EMPRESA DE TRANSPORTES PERU S.A.,Puente Piedra,Chorrillos,46.17,47.31,64,7,71,6.0,OMNIBUS (M3),AVENIDA LAS ACACIAS / CALLE LAS PALMERAS,AVENIDA TUPAC AMARU / AVENIDA MATEO PUMACACHUA,47,36,AVENIDA LAS ACACIAS > CALLE EL ROSEDAL > CALLE LOS SAUCES > CALLE LOS ALAMOS > AVENIDA MALECON CHILLON > PUENTE CHILLON > AVENIDA LA CORDIALIDAD > AVENIDA LOS PROCERES DE HUANDOY > CARRETERA PANAMERICANA NORTE > ACCESO TREBOL UNIVERSITARIA > AVENIDA UNIVERSITARIA > AVENIDA ANGELICA GAMARRA > AVENIDA TOMAS VALLE > AVENIDA PERU > INTERCAMBIO VIAL AVENIDA UNIVERSITARIA > AVENIDA PERU > JIRON RIOBAMBA > AVENIDA AUGUSTO B. LEGUIA > JIRON PEDREGAL > AVENIDA ZARUMILLA > CARRETERA PANAMERICANA NORTE > VIA DE EVITAMIENTO > INTERCAMBIO VIAL PUENTE HUANUCO > PUENTE HUANUCO > JIRON AMAZONAS > JIRON HUANTA > JIRON PUNO > JIRON LUCANAS > JIRON PROLONGACION LUCANAS > AVENIDA JAIME BAUSATE Y MEZA > AVENIDA PROLONGACION PARINACOCHAS > AVENIDA CANADA > AVENIDA AVIACION > AVENIDA ANGAMOS ESTE > AUXILIAR AVENIDA ANGAMOS ESTE > AVENIDA CAMINOS DEL INCA > AVENIDA LOS PROCERES > JIRON GUARDIA CIVIL NORTE > JIRON VISTA ALEGRE > AVENIDA DE LA GUARDIA CIVIL SUR > AVENIDA EL SOL > AVENIDA SAN MARTIN > AVENIDA 4 > AVENIDA 12 > AVENIDA JUAN VELASCO ALVARADO > AVENIDA SAN JUAN > AVENIDA TUPAC AMARU,AVENIDA TUPAC AMARU > AVENIDA SAN JUAN > AVENIDA SAN MARTIN > AVENIDA EL SOL > AVENIDA DE LA GUARDIA CIVIL SUR > AVENIDA LOS PROCERES > AVENIDA CAMINOS DEL INCA > AUXILIAR AVENIDA ANGAMOS ESTE > AVENIDA ANGAMOS ESTE > AVENIDA AVIACION > AVENIDA CANADA > AVENIDA PROLONGACION PARINACOCHAS > JIRON TARATA > JIRON HUANUCO > PUENTE HUANUCO > INTERCAMBIO VIAL PUENTE HUANUCO > VIA DE EVITAMIENTO > AVENIDA ZARUMILLA > JIRON RIOBAMBA > AVENIDA PERU > AVENIDA TOMAS VALLE > AVENIDA ANGELICA GAMARRA > AVENIDA UNIVERSITARIA > INTERCAMBIO VIAL AVENIDA PANAMERICANA NORTE > CARRETERA PANAMERICANA NORTE > AVENIDA LOS PROCERES DE HUANDOY > AVENIDA LA CORDIALIDAD > PUENTE CHILLON > AVENIDA MALECON CHILLON > CALLE LOS ALAMOS > CALLE LOS SAUCES > CALLE EL ROSEDAL > AVENIDA LAS ACACIAS > JIRON LOS CONQUISTADORES > AVENIDA 23 DE AGOSTO > CALLE LAS PALMERAS,RUTA_1703_1181.pdf,
1182,1704,CORDOVA & PAUCAR INVERSIONISTAS S.A.C.,Carabayllo,San Juan De Miraflores,51.53,50.71,51,6,57,5.0,OMNIBUS (M3),AVENIDA TUPAC AMARU / AVENIDA 6,AVENIDA EDILBERTO RAMOS / AVENIDA RINCONADA,43,43,AVENIDA TUPAC AMARU > AVENIDA ISABEL CHIMPU OCLLO > AVENIDA UNIVERSITARIA > OVALO UNIVERSIDAD > AVENIDA UNIVERSITARIA > PUENTE BELLA UNION > OVALO BELLA UNION > AVENIDA UNIVERSITARIA > AUXILIAR AVENIDA OSCAR RAIMUNDO BENAVIDES > AVENIDA AURELIO GARCIA Y GARCIA > AVENIDA REPUBLICA DE VENEZUELA > AVENIDA UNIVERSITARIA > AVENIDA LIMA > JIRON GENERALISIMO JOSE DE SAN MARTIN > AVENIDA LIMA > JIRON FRANCISCO BOLOGNESI > AVENIDA ANTONIO JOSÉ DE SUCRE > PLAZA INDEPENDENCIA > AVENIDA ANTONIO JOSE DE SUCRE > JIRON JUNIN > AVENIDA JAVIER PRADO OESTE > AVENIDA GENERAL SALAVERRY > AVENIDA AUGUSTO PEREZ ARANIBAR > AVENIDA DEL EJERCITO > OVALO FEDERICO VILLARREAL > AVENIDA DEL EJERCITO > PLAZA CENTRO AMERICA > AVENIDA JOSE PARDO > PLAZA MORALES BARROS > AVENIDA JOSE PARDO > OVALO DE MIRAFLORES > AVENIDA RICARDO PALMA > AVENIDA PASEO DE LA REPUBLICA > AVENIDA ALFREDO BENAVIDES > OVALO LOS CABITOS > AVENIDA ALFREDO BENAVIDES > PUENTE BENAVIDES > AVENIDA LA GREVILLEA > AVENIDA AGUSTIN LA ROSA LOZANO > AVENIDA DEFENSORES DE LIMA > AVENIDA CENTRAL > JIRON LA LIBERTAD > AVENIDA EDILBERTO RAMOS,AVENIDA EDILBERTO RAMOS > CALLE PRINCIPAL > AVENIDA ALFONSO UGARTE > AVENIDA DEFENSORES DE LIMA > AVENIDA AGUSTIN LA ROSA LOZANO > JIRON CERRO LINDO > AVENIDA CIRCUNVALACION > PUENTE BENAVIDES > AVENIDA ALFREDO BENAVIDES > OVALO LOS CABITOS > AVENIDA ALFREDO BENAVIDES > AVENIDA PASEO DE LA REPUBLICA > AVENIDA RICARDO PALMA > OVALO DE MIRAFLORES > AVENIDA JOSE PARDO > PLAZA MORALES BARROS > AVENIDA JOSE PARDO > PLAZA CENTRO AMERICA > AVENIDA DEL EJERCITO > OVALO FEDERICO VILLARREAL > AVENIDA DEL EJERCITO > AVENIDA AUGUSTO PEREZ ARANIBAR > AVENIDA GENERAL SALAVERRY > AVENIDA JAVIER PRADO OESTE > AUXILIAR AVENIDA BRASIL > JIRON CUZCO > AVENIDA ANTONIO JOSE DE SUCRE > PLAZA INDEPENDENCIA > AVENIDA ANTONIO JOSE DE SUCRE > JIRON MIGUEL GRAU > JIRON TACNA > JIRON INDEPENDENCIA > JIRON DIEGO QUISPE TITO > AVENIDA UNIVERSITARIA > AVENIDA RAMON HERRERA > AVENIDA UNIVERSITARIA > OVALO BELLA UNION > PUENTE BELLA UNION > AVENIDA UNIVERSITARIA > OVALO UNIVERSIDAD > AVENIDA UNIVERSITARIA > AVENIDA ISABEL CHIMPU OCLLO > AVENIDA TUPAC AMARU,RUTA_1704_1182.pdf,
1183,1706,COMUN. INTEG.TURIS. Y SERV. URANO TOURS S.A.,Carabayllo,Santiago De Surco,46.07,46.32,63,7,70,6.0,MINIBUS (M2-M3),AVENIDA TUPAC AMARU / CALLE U,AVENIDA LOS PROCERES / JIRON JOSE MARIA CORBACHO,43,44,AVENIDA TUPAC AMARU > AVENIDA CARLOS ALBERTO IZAGUIRRE > OVALO IZAGUIRRE > AVENIDA ALFREDO MENDIOLA > CARRETERA PANAMERICANA NORTE > AVENIDA ALFREDO MENDIOLA > OVALO ANGELICA GAMARRA > AVENIDA ALFREDO MENDIOLA > OVALO TOMAS VALLE > AVENIDA ALFREDO MENDIOLA > CARRETERA PANAMERICANA NORTE > AVENIDA ALFREDO MENDIOLA > OVALO HABICH > AVENIDA ALFREDO MENDIOLA > CARRETERA PANAMERICANA NORTE > PUENTE TROMPETA > CARRETERA PANAMERICANA NORTE > ACCESO PUENTE DEL EJERCITO > PUENTE DEL EJERCITO > AVENIDA ALFONSO UGARTE > PLAZA RAMON CASTILLA > AVENIDA ALFONSO UGARTE > PLAZA 2 DE MAYO > AVENIDA ALFONSO UGARTE > PLAZA FRANCISCO BOLOGNESI > AVENIDA BRASIL > AVENIDA DEL EJERCITO > AVENIDA AUGUSTO PEREZ ARANIBAR > AVENIDA DEL EJERCITO > OVALO FEDERICO VILLARREAL > AVENIDA DEL EJERCITO > PLAZA CENTRO AMERICA > AVENIDA JOSE PARDO > PLAZA MORALES BARROS > AVENIDA JOSE PARDO > OVALO DE MIRAFLORES > AVENIDA RICARDO PALMA > AVENIDA PASEO DE LA REPUBLICA > AVENIDA ALFREDO BENAVIDES > OVALO LOS CABITOS > AVENIDA ALFREDO BENAVIDES > AVENIDA CAMINOS DEL INCA > AVENIDA LOS PROCERES,AVENIDA LOS PROCERES > AVENIDA CAMINOS DEL INCA > AVENIDA ALFREDO BENAVIDES > OVALO LOS CABITOS > AVENIDA ALFREDO BENAVIDES > AVENIDA PASEO DE LA REPUBLICA > AVENIDA RICARDO PALMA > OVALO DE MIRAFLORES > AVENIDA JOSE PARDO > PLAZA MORALES BARROS > AVENIDA JOSE PARDO > PLAZA CENTRO AMERICA > AVENIDA DEL EJERCITO > OVALO FEDERICO VILLARREAL > AVENIDA DEL EJERCITO > AVENIDA AUGUSTO PEREZ ARANIBAR > AVENIDA DEL EJERCITO > AVENIDA BRASIL > PLAZA FRANCISCO BOLOGNESI > AVENIDA ALFONSO UGARTE > PLAZA 2 DE MAYO > AVENIDA ALFONSO UGARTE > PLAZA RAMON CASTILLA > AVENIDA ALFONSO UGARTE > PUENTE DEL EJERCITO > INTERCAMBIO VIAL PUENTE CAQUETA > VIA DE EVITAMIENTO > CARRETERA PANAMERICANA NORTE > PUENTE TROMPETA > CARRETERA PANAMERICANA NORTE > AVENIDA ALFREDO MENDIOLA > OVALO HABICH > AVENIDA ALFREDO MENDIOLA > CARRETERA PANAMERICANA NORTE > AVENIDA ALFREDO MENDIOLA > OVALO TOMAS VALLE > AVENIDA ALFREDO MENDIOLA > OVALO ANGELICA GAMARRA > AVENIDA ALFREDO MENDIOLA > CARRETERA PANAMERICANA NORTE > AVENIDA ALFREDO MENDIOLA > OVALO IZAGUIRRE > AVENIDA CARLOS ALBERTO IZAGUIRRE > AVENIDA TUPAC AMARU,RUTA_1706_1183.pdf,
1184,1801,E.T. EDILBERTO RAMOS S.A.C.,Santa Rosa,Lurin,77.23,77.07,95,10,105,4.0,OMNIBUS (M3),AVENIDA HUAYNA CAPAC / AVENIDA PLAYA HONDEABLE,AVENIDA QUEBRADA VERDE / CALLE 1-B,50,50,AVENIDA HUAYNA CAPAC > AVENIDA 225 > AVENIDA LOS ARQUITECTOS > AVENIDA A > CARRETERA PANAMERICANA NORTE > INTERCAMBIO VIAL NORTE > CARRETERA PANAMERICANA NORTE > AVENIDA ZARUMILLA > CARRETERA PANAMERICANA NORTE > OVALO NARANJAL > CARRETERA PANAMERICANA NORTE > AVENIDA ALFREDO MENDIOLA > OVALO IZAGUIRRE > AVENIDA ALFREDO MENDIOLA > CARRETERA PANAMERICANA NORTE > AVENIDA ALFREDO MENDIOLA > OVALO ANGELICA GAMARRA > AVENIDA ALFREDO MENDIOLA > OVALO TOMAS VALLE > CARRETERA PANAMERICANA NORTE > AVENIDA ALFREDO MENDIOLA > OVALO HABICH > CARRETERA PANAMERICANA NORTE > VIA DE EVITAMIENTO > INTERCAMBIO VIAL PUENTE NUEVO > VIA DE EVITAMIENTO > PUENTE HUASCAR > VIA DE EVITAMIENTO > INTERCAMBIO VIAL PUENTE SANTA ANITA > VIA DE EVITAMIENTO > CARRETERA PANAMERICANA SUR > INTERCAMBIO VIAL PUENTE PRIMAVERA > CARRETERA PANAMERICANA SUR > INTERCAMBIO VIAL PUENTE ALIPIO PONCE > CARRETERA PANAMERICANA SUR > INTERCAMBIO VIAL MATEO PUMACAHUA > AVENIDA MATEO PUMACAHUA > OVALO COCHARCAS > AVENIDA MARIANO PASTOR SEVILLA > AVENIDA 200 MILLAS > PROLONGACION MARIANO PASTOR SEVILLA > AVENIDA UNIVERSITARIA > AVENIDA MARIANO PASTOR SEVILLA > AVENIDA MARIA REICHE > OVALO MARIA REICHE > AVENIDA LIMA > CALLE LEONCIO PRADO > AVENIDA ZARUMILLA > AVENIDA LAS PALMAS > AVENIDA QUEBRADA VERDE,AVENIDA QUEBRADA VERDE > AVENIDA LAS PALMAS > AVENIDA ZARUMILLA > AVENIDA LEONCIO PRADO > AVENIDA LIMA > OVALO MARIA REICHE > AVENIDA MARIA REICHE > AVENIDA MARIANO PASTOR SEVILLA > AVENIDA UNIVERSITARIA > PROLONGACION MARIANO PASTOR SEVILLA > AVENIDA 200 MILLAS > AVENIDA MARIANO PASTOR SEVILLA > OVALO COCHARCAS > AVENIDA MATEO PUMACAHUA > INTERCAMBIO VIAL MATEO PUMACAHUA > CARRETERA PANAMERICANA SUR > INTERCAMBIO VIAL PUENTE ALIPIO PONCE > CARRETERA PANAMERICANA SUR > INTERCAMBIO VIAL PUENTE PRIMAVERA > CARRETERA PANAMERICANA SUR > VIA DE EVITAMIENTO > INTERCAMBIO VIAL PUENTE SANTA ANITA > VIA DE EVITAMIENTO > PUENTE HUASCAR > VIA DE EVITAMIENTO > INTERCAMBIO VIAL PUENTE NUEVO > VIA DE EVITAMIENTO > CARRETERA PANAMERICANA NORTE > OVALO HABICH > AVENIDA ALFREDO MENDIOLA > CARRETERA PANAMERICANA NORTE > OVALO TOMAS VALLE > AVENIDA ALFREDO MENDIOLA > OVALO ANGELICA GAMARRA > AVENIDA ALFREDO MENDIOLA > CARRETERA PANAMERICANA NORTE > AVENIDA ALFREDO MENDIOLA > OVALO IZAGUIRRE > AVENIDA ALFREDO MENDIOLA > CARRETERA PANAMERICANA NORTE > OVALO NARANJAL > CARRETERA PANAMERICANA NORTE > AVENIDA ZARUMILLA > CARRETERA PANAMERICANA NORTE > INTERCAMBIO VIAL NORTE > CARRETERA PANAMERICANA NORTE > AVENIDA A > AVENIDA LOS ARQUITECTOS > AVENIDA 225 > AVENIDA HUAYNA CAPAC,RUTA_1801_1184.pdf,
1185,1802,EMPRESA DE TRANSPORTES URBANOS LOS CHINOS S.A.,Puente Piedra,Villa El Salvador,51.21,51.28,136,14,150,3.0,OMNIBUS (M3),CALLE LAS PALMERAS / AVENIDA LAS ACACIAS,AVENIDA LIMA / AVENIDA D,54,54,CALLE LAS PALMERAS > AVENIDA LAS ACACIAS > CALLE LOS ROSALES > CALLE VIRGEN DEL CARMEN > CALLE LOS ALAMOS > AVENIDA MALECON CHILLON > AVENIDA LA CORDIALIDAD > AVENIDA LOS PROCERES DE HUANDOY > CARRETERA PANAMERICANA NORTE > OVALO NARANJAL > CARRETERA PANAMERICANA NORTE > AVENIDA ALFREDO MENDIOLA > OVALO IZAGUIRRE > AVENIDA ALFREDO MENDIOLA > CARRETERA PANAMERICANA NORTE > AVENIDA ALFREDO MENDIOLA > OVALO ANGELICA GAMARRA > AVENIDA ALFREDO MENDIOLA > OVALO TOMAS VALLE > AVENIDA ALFREDO MENDIOLA > CARRETERA PANAMERICANA NORTE > AVENIDA ALFREDO MENDIOLA > OVALO HABICH > AVENIDA ALFREDO MENDIOLA > CARRETERA PANAMERICANA NORTE > PUENTE TROMPETA > CARRETERA PANAMERICANA NORTE > VIA DE EVITAMIENTO > PUENTE NUEVO > VIA DE EVITAMIENTO > PUENTE HUASCAR > VIA DE EVITAMIENTO > PUENTE SANTA ANITA > VIA DE EVITAMIENTO > AVENIDA PANAMERICANA SUR > PUENTE PRIMAVERA > AVENIDA PANAMERICANA SUR > INTERCAMBIO VIAL PUENTE ATOCONGO > AVENIDA LOS HEROES > AVENIDA PACHACUTEC > OVALO PACHACUTEC > AVENIDA MATEO PUMACAHUA > AVENIDA SEPARADORA INDUSTRIAL > AVENIDA PRIMERO DE MAYO > AVENIDA CENTRAL > OVALO CUAVES > AVENIDA CENTRAL > AVENIDA JOSÉ CARLOS MARIATEGUI > AVENIDA SEPARADORA INDUSTRIAL > OVALO CHAMA > AVENIDA SEPARADORA INDUSTRIAL > AVENIDA MARIA REICHE > OVALO MARIA REICHE > AVENIDA LIMA,AVENIDA LIMA > OVALO MARIA REICHE > AVENIDA MARIA REICHE > AVENIDA SEPARADORA INDUSTRIAL > OVALO CHAMA > AVENIDA SEPARADORA INDUSTRIAL > AVENIDA JOSÉ CARLOS MARIATEGUI > AVENIDA REVOLUCION > OVALO DE LA MUJER > AVENIDA PRIMERO DE MAYO > AVENIDA SEPARADORA INDUSTRIAL > AVENIDA MATEO PUMACAHUA > OVALO PACHACUTEC > AVENIDA PACHACUTEC > AVENIDA LOS HEROES > INTERCAMBIO VIAL PUENTE ATOCONGO > CARRETERA PANAMERICANA SUR > PUENTE PRIMAVERA > CARRETERA PANAMERICANA SUR > VIA DE EVITAMIENTO > PUENTE SANTA ANITA > VIA DE EVITAMIENTO > PUENTE HUASCAR > VIA DE EVITAMIENTO > PUENTE NUEVO > VIA DE EVITAMIENTO > CARRETERA PANAMERICANA NORTE > PUENTE TROMPETA > CARRETERA PANAMERICANA NORTE > AVENIDA ALFREDO MENDIOLA > OVALO HABICH > AVENIDA ALFREDO MENDIOLA > CARRETERA PANAMERICANA NORTE > AVENIDA ALFREDO MENDIOLA > OVALO TOMAS VALLE > AVENIDA ALFREDO MENDIOLA > OVALO ANGELICA GAMARRA > AVENIDA ALFREDO MENDIOLA > CARRETERA PANAMERICANA NORTE > AVENIDA ALFREDO MENDIOLA > OVALO IZAGUIRRE > AVENIDA ALFREDO MENDIOLA > CARRETERA PANAMERICANA NORTE > INTERCAMBIO VIAL NORTE > CARRETERA PANAMERICANA NORTE > AVENIDA LOS PROCERES DE HUANDOY > AVENIDA LA CORDIALIDAD > AVENIDA MALECÓN CHILLON > CALLE LOS ALAMOS > CALLE LAS GRANADAS > CALLE VIRGEN DEL CARMEN > CALLE LOS ROSALES > AVENIDA LAS ACACIAS > CALLE LAS PALMERAS,RUTA_1802_1185.pdf,
1187,2303,EMPRESA DE TRANSPORTES Y SERVICIOS SEÑOR DE NAZARENO S.A.C. - E.T.S. SEÑOR DE NAZARENO S.A.C.,San Juan De Lurigancho,Cercado De Lima,26.13,27.19,29,3,32,8.0,MINIBUS (M2-M3),AVENIDA SAN MARTIN DE PORRES / CALLE ANGAMOS,AVENIDA MATERIALES / AVENIDA UNIVERSITARIA,42,43,AVENIDA SAN MARTIN DE PORRES > AVENIDA SANTA ROSA DE LIMA > AVENIDA EL BOSQUE > AVENIDA EL SOL > AVENIDA CANTO GRANDE > AVENIDA LAS FLORES DE PRIMAVERA > JIRON ALCAPARRAS > JIRON LOS LIQUENES > AVENIDA LURIGANCHO > AVENIDA PIRAMIDE DEL SOL > PUENTE PIRAMIDE DEL SOL > AVENIDA JOSE CARLOS MARIATEGUI > AVENIDA LAS MAGNOLIAS > AVENIDA PLACIDO JIMENEZ > AVENIDA ANCASH > JIRON SEBASTIAN LORENTE > AVENIDA ALMIRANTE MIGUEL GRAU > AVENIDA AVIACION > AVENIDA 28 DE JULIO > PUENTE 28 DE JULIO > AVENIDA 28 DE JULIO > PLAZA JORGE CHAVEZ > AVENIDA 28 DE JULIO > AUXILIAR AVENIDA BRASIL > JIRON RESTAURACION > JIRON GENERAL VARELA > PARQUE GENERAL PEDRO SILVA > JIRON GENERAL VARELA > AVENIDA ARICA > JIRON AGUARICO > AVENIDA REPUBLICA DE VENEZUELA > PUENTE TINGO MARIA > AVENIDA ARICA > AVENIDA LUIS BRAILLE > AVENIDA REYNALDO SAAVEDRA PIÑON > AVENIDA VICTOR SARRIA ARZUBIAGA > AVENIDA OSCAR RAIMUNDO BENAVIDES > AUXILIAR AVENIDA OSCAR RAIMUNDO BENAVIDES > AVENIDA UNIVERSITARIA > AVENIDA MAQUINARIAS > AV. INDUSTRIAL > AVENIDA MATERIALES,AVENIDA UNIVERSITARIA > AUXILIAR AVENIDA OSCAR RAIMUNDO BENAVIDES > AVENIDA OSCAR RAIMUNDO BENAVIDES > AVENIDA VICTOR SARRIA ARZUBIAGA > AVENIDA REYNALDO SAAVEDRA PIÑON > AVENIDA LUIS BRAILLE > AVENIDA ARICA > AVENIDA NACIONES UNIDAS > AVENIDA REPUBLICA DE VENEZUELA > PUENTE TINGO MARIA > AVENIDA ARICA > JIRON JORGE CHAVEZ > JIRON CASTROVIRREYNA > JIRON GENERAL JOSE DE CANTERAC > AVENIDA GENERAL EUGENIO GARZON > AVENIDA 28 DE JULIO > PLAZA JORGE CHAVEZ > AVENIDA 28 DE JULIO > PUENTE 28 DE JULIO > AVENIDA 28 DE JULIO > AVENIDA JOSE GALVEZ > AVENIDA JAIME BAUSATE Y MEZA > JIRON HUANUCO > AVENIDA ALMIRANTE MIGUEL GRAU > JIRON JUNIN > JIRON SEBASTIAN LORENTE > AVENIDA ANCASH > AVENIDA PLACIDO JIMENEZ > AVENIDA LAS MAGNOLIAS > CALLE CANTUTA > AVENIDA BOSQUE HUANCA > AVENIDA JOSE CARLOS MARIATEGUI > PUENTE CHINCHAYSUYO > AVENIDA CHINCHAYSUYO > JIRON SAN AURELIO > AVENIDA LURIGANCHO > JIRON LOS LIQUENES > JIRON ALCAPARRAS > AVENIDA LAS FLORES DE PRIMAVERA > AVENIDA CANTO GRANDE > AVENIDA EL SOL > AVENIDA SANTA ROSA DE LIMA > AVENIDA SAN MARTIN DE PORRES,RUTA_2303_1187.pdf,
1189,2404,EMPRESA DE TRANSPORTE Y SERVICIOS EL INTI S.A.,San Martin De Porres,La Molina,37.62,35.35,41,5,46,8.0,OMNIBUS (M3),AVENIDA ALEJANDRO BERTELLO / CALLE 8,AVENIDA ALAMEDA DEL CORREGIDOR / AVENIDA LOS FRESNOS,53,35,"AVENIDA ALEJANDRO BERTELLO > AVENIDA CARLOS ALBERTO IZAGUIRRE > AUXILIAR AVENIDA CANTA CALLAO > AVENIDA LOS DOMINICOS > AUXILIAR AVENIDA LOS DOMINICOS > AVENIDA LOS DOMINICOS > OVALO PREVI > AVENIDA JOSE GRANDA > OVALO JOSE GRANDA > AVENIDA JOSE GRANDA > OVALO HABICH > AVENIDA ALFREDO MENDIOLA > CARRETERA PANAMERICANA NORTE > PUENTE TROMPETA > CARRETERA PANAMERICANA NORTE > VIA DE EVITAMIENTO > INTERCAMBIO VIAL HUANUCO > AVENIDA 9 DE OCTUBRE > AVENIDA ABANCAY > PUENTE RICARDO PALMA > AVENIDA ABANCAY > PUENTE ABANCAY > AVENIDA MANCO CAPAC > AVENIDA JAIME BAUSATE Y MEZA > JIRON HUANUCO > AVENIDA ALMIRANTE MIGUEL GRAU > AVENIDA ALTO DE LA ALIANZA > AVENIDA GARCIA NARANJO > AVENIDA NICOLAS DE AYLLON > AV. NICOLAS DE AYLLON (VUELTA EN ""U"" ALT. AVENIDA INCA GARCILAZO DE LA VEGA) > AVENIDA NICOLAS DE AYLLON > AVENIDA MIGUEL GRAU > AVENIDA JOSE DE LA RIVA AGÜERO > OVALO DE LA PAZ > AVENIDA CESAR VALLEJO > JIRON RIO CHEPEN > AUXILIAR AVENIDA CESAR VALLEJO > AVENIDA 1 DE MAYO > AVENIDA NICOLAS DE AYLLON > AVENIDA SANTA ROSA > CALLE ALEXANDER FLEMING > AVENIDA THOMAS EDISON > AVENIDA NICOLAS DE AYLLON > CARRETERA CENTRAL > AVENIDA LOS FRUTALES > AVENIDA SEPARADORA INDUSTRIAL > AVENIDA LA MOLINA > OVALO LA FONTANA > AVENIDA UNIVERSIDAD > AVENIDA ALAMEDA DEL CORREGIDOR > AVENIDA DE LOS CONDORES > OVALO LOS CONDORES > AVENIDA LOS FRESNOS",AVENIDA ALAMEDA DEL CORREGIDOR > AVENIDA UNIVERSIDAD > OVALO LA FONTANA > AVENIDA LA MOLINA > CARRETERA CENTRAL > AVENIDA NICOLAS DE AYLLON > AVENIDA 1 DE MAYO > AVENIDA CESAR VALLEJO > OVALO DE LA PAZ > AVENIDA JOSE DE LA RIVA AGÜERO > AVENIDA NICOLAS DE AYLLON > AVENIDA 28 DE JULIO > AVENIDA MANCO CAPAC > PUENTE ABANCAY > AVENIDA ABANCAY > JIRON AMAZONAS > JIRON HUANUCO > PUENTE HUANUCO > INTERCAMBIO VIAL PUENTE HUANUCO > VIA DE EVITAMIENTO > CARRETERA PANAMERICANA NORTE > PUENTE TROMPETA > CARRETERA PANAMERICANA NORTE > AVENIDA ALFREDO MENDIOLA > OVALO HABICH > AVENIDA JOSE GRANDA > OVALO JOSE GRANDA > AVENIDA JOSE GRANDA > OVALO PREVI > AVENIDA LOS DOMINICOS > AUXILIAR AVENIDA LOS DOMINICOS > AVENIDA LOS DOMINICOS > AUXILIAR AVENIDA CANTA CALLAO > AVENIDA CARLOS ALBERTO IZAGUIRRE > AVENIDA ALEJANDRO BERTELLO,RUTA_2404_1189.pdf,
1190,2405,EMPRESA DE SERVICIOS Y TRANSPORTES INVERSIONES EL RAPIDO S.A,San Martin De Porres,Santa Anita,30.38,29.27,18,2,20,7.0,MINIBUS (M2-M3),AVENIDA SAN DIEGO DE ALCALA / AVENIDA CHUQUITANTA,AVENIDA LOS RUISEÑORES / AVENIDA LOS CHANCAS DE ANDAHUAYLAS,34,33,AVENIDA SAN DIEGO DE ALCALA > AVENIDA LA CORDIALIDAD > AVENIDA LOS PROCERES DE HUANDOY > CARRETERA PANAMERICANA NORTE > OVALO INFANTAS > CARRETERA PANAMERICANA NORTE > INTERCAMBIO VIAL NORTE > CARRETERA PANAMERICANA NORTE > AVENIDA ALFREDO MENDIOLA > OVALO IZAGUIRRE > AVENIDA ALFREDO MENDIOLA > CARRETERA PANAMERICANA NORTE > AVENIDA ALFREDO MENDIOLA > OVALO ANGELICA GAMARRA > CARRETERA PANAMERICANA NORTE > OVALO TOMAS VALLE > AVENIDA ALFREDO MENDIOLA > CARRETERA PANAMERICANA NORTE > AVENIDA ALFREDO MENDIOLA > OVALO HABICH > AVENIDA EDUARDO DE HABICH > AVENIDA TUPAC AMARU > AVENIDA CAQUETA > PUENTE CAQUETA > INTERCAMBIO VIAL CAQUETA > VIA DE EVITAMIENTO > PUENTE HUASCAR > VIA DE EVITAMIENTO > AVENIDA PRIMERO DE MAYO > VIA DE EVITAMIENTO > ACCESO NICOLAS AYLLON > AVENIDA NICOLAS AYLLON > CARRETERA CENTRAL > AVENIDA LOS RUISEÑORES,AVENIDA LOS RUISEÑORES > CARRETERA CENTRAL > ACCESO VIA DE EVITAMIENTO > VIA EVITAMIENTO > AVENIDA INDEPENDENCIA > VIA EVITAMIENTO > PUENTE HUASCAR > VIA DE EVITAMIENTO > CALLE ESTEBAN SALMON > AVENIDA CAQUETA > AVENIDA TUPAC AMARU VUELTA U AVENIDA TUPAC AMARU (ALT. AVENIDA HONORIO DELGADO > AVENIDA TUPAC AMARU > AVENIDA EDUARDO DE HABICH > OVALO HABICH > AVENIDA ALFREDO MENDIOLA > CARRETERA PANAMERICANA NORTE > AVENIDA ALFREDO MENDIOLA > OVALO TOMAS VALLE > AVENIDA ALFREDO MENDIOLA > OVALO ANGELICA GAMARRA > AVENIDA ALFREDO MENDIOLA > CARRETERA PANAMERICANA NORTE > AVENIDA ALFREDO MENDIOLA > OVALO IZAGUIRRE > AVENIDA ALFREDO MENDIOLA > CARRETERA PANAMERICANA NORTE > INTERCAMBIO VIAL NORTE > CARRETERA PANAMERICANA NORTE > OVALO INFANTAS > CARRETERA PANAMERICANA NORTE > AVENIDA LOS PROCERES DE HUANDOY > AVENIDA LA CORDIALIDAD > AVENIDA SAN DIEGO DE ALCALA,RUTA_2405_1190.pdf,
1191,2406,EMPRESA DE TRANSPORTES Y SERVICIOS MULTIPLE LOS EXCELENTES UNIDOS SOCIEDAD ANONIMA,San Martin De Porres,Ate,33.86,33.71,27,3,30,8.0,OMNIBUS (M3),AVENIDA CARLOS ALBERTO IZAGUIRRE / AVENIDA ALEJANDRO BERTELLO,AVENIDA LOS INGENIEROS / CALLE COBRE,39,35,AVENIDA CARLOS ALBERTO IZAGUIRRE > AVENIDA DANIEL ALCIDES CARRION > AVENIDA 12 DE OCTUBRE > AVENIDA JOSE GRANDA > OVALO JOSE GRANDA > AVENIDA JOSE GRANDA > OVALO HABICH > AVENIDA EDUARDO DE HABICH > AVENIDA TUPAC AMARU > AVENIDA CAQUETA > PUENTE CAQUETA > PUENTE DEL EJERCITO > AVENIDA ALFONSO UGARTE > PLAZA FRANCISCO BOLOGNESI > AVENIDA 9 DE DICIEMBRE > PLAZA MIGUEL GRAU > VIA EXPRESA ALMIRANTE MIGUEL GRAU > AVENIDA ALMIRANTE MIGUEL GRAU > CALLE CABANA > JIRON OCROS > AVENIDA TUPAC AMARU > AVENIDA JOSE DE LA RIVA AGUERO > OVALO DE LA PAZ > AVENIDA CESAR VALLEJO > AVENIDA 1 DE MAYO > AVENIDA NICOLAS DE AYLLON > AVENIDA SANTA ROSA > AVENIDA ALEXANDER FLEMING > AVENIDA THOMAS EDISON > AVENIDA NICOLAS AYLLON > CARRETERA CENTRAL > AVENIDA LA MOLINA > AVENIDA LOS CONSTRUCTORES > AVENIDA FLORA TRISTAN > AVENIDA JAVIER PRADO ESTE > OVALO MELGAREJO > AVENIDA HUAROCHIRI > AVENIDA SEPARADORA INDUSTRIAL > AVENIDA LOS INGENIEROS,AVENIDA LOS INGENIEROS > AVENIDA SEPARADORA INDUSTRIAL > AVENIDA HUAROCHIRI > OVALO MELGAREJO > AVENIDA JAVIER PRADO ESTE > AVENIDA FLORA TRISTAN > AVENIDA LOS CONSTRUCTORES > AVENIDA LA MOLINA > CARRETERA CENTRAL > AVENIDA NICOLAS DE AYLLON > AVENIDA 1 DE MAYO > AVENIDA CESAR VALLEJO > OVALO DE LA PAZ > AVENIDA JOSE DE LA RIVA AGUERO > AVENIDA INCA RIPAC > JIRON CAJACAY > AVENIDA ALMIRANTE MIGUEL GRAU > VIA EXPRESA ALMIRANTE MIGUEL GRAU > PLAZA MIGUEL GRAU > AVENIDA 9 DE DICIEMBRE > PLAZA FRANCISCO BOLOGNESI > AVENIDA ALFONSO UGARTE > PUENTE DEL EJERCITO > PUENTE CAQUETA > AVENIDA CAQUETA > AVENIDA TUPAC AMARU > AVENIDA TUPAC AMARU (GIRO EN U ALT. AVENIDA HONORIO DELGADO) > AVENIDA TUPAC AMARU > AVENIDA EDUARDO DE HABICH > OVALO HABICH > AVENIDA JOSE GRANDA > OVALO JOSE GRANDA > AVENIDA JOSE GRANDA > AVENIDA 12 DE OCTUBRE > AVENIDA CARLOS ALBERTO IZAGUIRRE,RUTA_2406_1191.pdf,
1192,2407,EMPRESA DE TRANSPORTES Y SERVICIOS EL SOL DE SANTA CLARA S.A.,Ate,Independencia,38.37,38.43,52,6,58,7.0,MINIBUS (M2-M3),AVENIDA MIGUEL GRAU / AVENIDA SAN ALFONSO AVENIDA VALLE SAGRADO DE LOS INCAS / JIRON,HUANACAURE,38,42,AVENIDA MIGUEL GRAU > AVENIDA MARIANO MELGAR > AVENIDA SANTA ROSA > AVENIDA SAN MARTIN DE PORRES > AVENIDA NICOLAS DE PIEROLA > AVENIDA ALFONSO UGARTE > JIRON EL TRIUNFO > CARRETERA CENTRAL > VIA AUXILIAR CARRETERA CENTRAL (ALTURA BY PASS JAVIER PRADO) > CARRETERA CENTRAL > AVENIDA NICOLAS DE AYLLON > AVENIDA MEXICO > AVENIDA MANCO CAPAC > PUENTE ABANCAY > AVENIDA ABANCAY > JIRON AMAZONAS > JIRON HUANUCO > PUENTE HUANUCO > INTERCAMBIO VIAL PUENTE HUANUCO > VIA DE EVITAMIENTO > CARRETERA PANAMERICANA NORTE > PUENTE TROMPETA > CARRETERA PANAMERICANA NORTE > AVENIDA ALFREDO MENDIOLA > OVALO HABICH > AVENIDA ALFREDO MENDIOLA > CARRETERA PANAMERICANA NORTE > AVENIDA ALFREDO MENDIOLA > AVENIDA TOMAS VALLE > AVENIDA TUPAC AMARU > JIRON LLOQUE YUPANQUI > AVENIDA ANTISUYO > AVENIDA CHINCHAYSUYO > CALLE QUIPAYPAMPA > CALLE INCA YUPANQUI > AVENIDA ANTISUYO > AVENIDA CORICANCHA > CALLE VALLE SAGRADO DE LOS INCAS,AVENIDA VALLE SAGRADO DE LOS INCAS > AVENIDA CORICANCHA > AVENIDA ANTISUYO > CALLE ATAHUALPA > CALLE INCA YUPANQUI > AVENIDA HURIN CUSCO > JIRON INCA ROCA > CALLE QUIPAN > CALLE YAHUAR HUACA > AVENIDA TUPAC AMARU > AVENIDA TOMAS VALLE > OVALO TOMAS VALLE > AVENIDA ALFREDO MENDIOLA > CARRETERA PANAMERICANA NORTE > AVENIDA ALFREDO MENDIOLA > OVALO HABICH > AVENIDA ALFREDO MENDIOLA > CARRETERA PANAMERICANA NORTE > PUENTE TROMPETA > CARRETERA PANAMERICANA NORTE > VIA DE EVITAMIENTO > INTERCAMBIO VIAL PUENTE HUANUCO > AVENIDA 9 DE OCTUBRE > PUENTE RICARDO PALMA > AVENIDA ABANCAY > PUENTE ABANCAY > AVENIDA MANCO CAPAC > JIRON ITALIA > JIRON JAVIER LUNA PIZARRO > AVENIDA MEXICO > AVENIDA NICOLAS DE AYLLON > CARRETERA CENTRAL > VIA AUXILIAR CARRETERA CENTRAL (ALTURA BY PASS JAVIER PRADO) > CARRETERA CENTRAL > AVENIDA JOSE CARLOS MARIATEGUI > JIRON EL TRIUNFO > AVENIDA ALFONSO UGARTE > AVENIDA NICOLAS DE PIEROLA > AVENIDA SAN MARTIN DE PORRES > AVENIDA SANTA ROSA > CALLE MARIANO MELGAR > AVENIDA ALMIRANTE MIGUEL GRAU,RUTA_2407_1192.pdf,
1193,2408,E.T. VIRGEN DE LA CONCEPCION S.A. ETVIRCO,La Victoria,Ate,16.59,15.3,36,4,40,3.0,MINIBUS (M2-M3),AVENIDA AVIACION / JIRON HUMBOLDT,CALLE SAN ANDRES / AVENIDA FERROCARRIL,23,16,"AVENIDA AVIACION > AVENIDA 28 DE JULIO > AVENIDA NICOLAS DE AYLLON > AVENIDA NICOLAS DE AYLLON (VUELTA ""U"" ALT. JIRON MARGARITA VARGAS) > AVENIDA NICOLAS DE AYLLON > AVENIDA GARCILASO DE LA VEGA > AVENIDA JOSE DE LA RIVA AGÜERO > OVALO DE LA PAZ > AVENIDA CESAR VALLEJO > AVENIDA 1 DE MAYO > AVENIDA NICOLAS DE AYLLON > AVENIDA SANTA ROSA > CALLE ALEXANDER FLEMING > CALLE TOMAS ALVA EDISON > AVENIDA NICOLAS DE AYLLON > CARRETERA CENTRAL > AVENIDA DE LA CULTURA > AVENIDA CAMINO REAL > CALLE 10 > AVENIDA LAS GAVIOTAS > CALLE EL ROSAL DE SANTA ANITA > CALLE SAN CARLOS > CALLE SAN ANDRES",CALLE SAN ANDRES > CALLE SAN CARLOS > CALLE EL ROSAL DE SANTA ANITA > AVENIDA LAS GAVIOTAS > CALLE 10 > AVENIDA CAMINO REAL > AVENIDA DE LA CULTURA > CARRETERA CENTRAL > AVENIDA NICOLAS DE AYLLON > AVENIDA 1 DE MAYO > AVENIDA CESAR VALLEJO > OVALO DE LA PAZ > AVENIDA JOSE DE LA RIVA AGUERO > AVENIDA NICOLAS DE AYLLON > AVENIDA 28 DE JULIO > AVENIDA AVIACION,RUTA_2408_1193.pdf,
1194,2409,EMPRESA VIRGEN DE FATIMA S.A.,San Martin De Porres,Ate,34.06,33.84,59,6,65,7.0,OMNIBUS (M3),AVENIDA PARAMONGA / AVENIDA RICARDO PALMA,CALLE JUNIN / AVENIDA PEDRO RUIZ GALLO,34,31,AVENIDA PARAMONGA > AVENIDA LAS TORRES > AVENIDA CENTRAL > AVENIDA LOS PROCERES DE HUANDOY > AVENIDA NARANJAL > AVENIDA LAS PALMERAS > AVENIDA CARLOS ALBERTO IZAGUIRRE > OVALO IZAGUIRRE > AVENIDA CARLOS ALBERTO IZAGUIRRE > AVENIDA TUPAC AMARU > JIRON DIEGO CORDOVA DE SALINAS > JIRON VIRU > JIRON CHICLAYO > JIRON LORETO > PUENTE RICARDO PALMA > AVENIDA ABANCAY > PUENTE ABANCAY > AVENIDA MANCO CAPAC > JIRON ITALIA > JIRON JAVIER LUNA PIZARRO > AVENIDA MEXICO > AVENIDA NICOLAS DE AYLLON > CARRETERA CENTRAL > AVENIDA LOS CIPRESES > AVENIDA MANUEL DE LA TORRE UGARTE > AVENIDA FRANCISCO BOLOGNESI > AVENIDA LOS EUCALIPTOS > AVENIDA LOS RUISEÑORES > AVENIDA HUANCARAY > AVENIDA DE LA CULTURA > AVENIDA LOS VIRREYES > AVENIDA 22 DE JULIO > AVENIDA 26 DE MAYO > CALLE JUNIN,CALLE JUNIN > AVENIDA 26 DE MAYO > AVENIDA 22 DE JULIO > AVENIDA LOS VIRREYES > AVENIDA DE LA CULTURA > AVENIDA HUANCARAY > AVENIDA LOS RUISEÑORES > AVENIDA LOS EUCALIPTOS > AVENIDA FRANCISCO BOLOGNESI > CARRETERA CENTRAL > AVENIDA NICOLAS DE AYLLON > AVENIDA MEXICO > AVENIDA MANCO CAPAC > PUENTE ABANCAY > AVENIDA ABANCAY > PUENTE RICARDO PALMA > AVENIDA 9 DE OCTUBRE > JRON LORETO > JIRON MAÑANON > JIRON PAITA > AVENIDA FRANCISCO PIZARRO > AVENIDA TUPAC AMARU > AVENIDA CARLOS ALBERTO IZAGUIRRE > OVALO IZAGUIRRE > AVENIDA CARLOS ALBERTO IZAGUIRRE > AVENIDA LAS PALMERAS > AVENIDA NARANJAL > AVENIDA LOS PROCERES DE HUANDOY > AVENIDA CENTRAL > AVENIDA LAS TORRES > AVENIDA PARAMONGA,RUTA_2409_1194.pdf,
1195,2411,EMPRESA DE TRANSP Y SERVIC EL RAPIDO S.A,San Martin De Porres,Lurigancho,36.16,36.07,68,7,75,5.0,OMNIBUS (M3),AVENIDA CHUQUITANTA / PASAJE 1,CALLE LAS AGUILAS / CALLE LOS CISNES,43,40,AVENIDA CHUQUITANTA > AVENIDA LAS TORRES > AVENIDA CENTRAL > AVENIDA TANTAMAYO > AVENIDA CANTA CALLAO > OVALO CANTA CALLAO > AVENIDA CANTA CALLAO > AVENIDA RIO MARAÑON > AVENIDA LOS PROCERES DE HUANDOY > AVENIDA NARANJAL > AVENIDA UNIVERSITARIA > OVALO JOSE GRANDA > AVENIDA JOSE GRANDA > AVENIDA ALFREDO MENDIOLA > CARRETERA PANAMERICANA NORTE > PUENTE TROMPETA > CARRETERA PANAMERICANA NORTE > ACCESO AVENIDA CAQUETA > AVENIDA CAQUETA > PUENTE DEL EJERCITO > AVENIDA ALFONSO UGARTE > PLAZA FRANCISCO BOLOGNESI > AVENIDA 9 DE DICIEMBRE > PLAZA MIGUEL GRAU > VIA EXPRESA ALMIRANTE MIGUEL GRAU > AVENIDA ALMIRANTE MIGUEL GRAU > JIRON OCROS > AVENIDA TUPAC AMARU > AVENIDA JOSE DE LA RIVA AGUERO > OVALO DE LA PAZ > AVENIDA JOSE CARLOS MARIATEGUI > PUENTE CHINCHAYSUYO > AVENIDA MALECON MIGUEL CHECA EGUIGUREN > AVENIDA PRINCIPAL > PUENTE HUAYCOLORO > AVENIDA LOS CISNES > CALLE LAS GAVIOTAS > AVENIDA LOS CANARIOS > CALLE LOS HALCONES > AVENIDA EL POLO > AVENIDA LOS LAURELES > CALLE TOKIO > CALLE LAS AGUILAS,CALLE LAS AGUILAS > CALLE TOKIO > AVENIDA LOS LAURELES > AVENIDA EL POLO > CALLE LOS HALCONES > AVENIDA LOS CANARIOS > AVENIDA LAS GAVIOTAS > AVENIDA LOS CISNES > PUENTE HUAYCOLORO > AVENIDA PRINCIPAL > AVENIDA MALECON MIGUEL CHECA EGUIGUREN > PUENTE PIRAMIDE DEL SOL > AVENIDA JOSE CARLOS MARIATEGUI > OVALO DE LA PAZ > AVENIDA JOSE DE LA RIVA AGUERO > AVENIDA NICOLAS DE AYLLON > AVENIDA ALMIRANTE MIGUEL GRAU > VIA EXPRESA ALMIRANTE MIGUEL GRAU > PLAZA MIGUEL GRAU > AVENIDA 9 DE DICIEMBRE > PLAZA FRANCISCO BOLOGNESI > AVENIDA ALFONSO UGARTE > PUENTE DEL EJERCITO > AVENIDA CAQUETA > INTERCAMBIO VIAL PUENTE CAQUETA > CARRETERA PANAMERICANA NORTE > PUENTE TROMPETA > CARRETERA PANAMERICANA NORTE > AVENIDA ALFREDO MENDIOLA > OVALO HABICH > AVENIDA JOSE GRANDA > AVENIDA UNIVERSITARIA > AVENIDA NARANJAL > AVENIDA LOS PROCERES DE HUANDOY > AVENIDA RIO MARAÑON > AVENIDA CANTA CALLAO > AVENIDA TANTAMAYO > AVENIDA CENTRAL > AVENIDA LAS TORRES > AVENIDA CHUQUITANTA,RUTA_2411_1195.pdf,
1196,2414,TRANSPORTES CRUZ DEL CENTRO S.A.,Los Olivos,Santa Anita,29.57,29.25,39,4,43,3.0,OMNIBUS (M3),AVENIDA CENTRAL / AVENIDA CANTA CALLAO,AVENIDA LA ENCALADA / AVENIDA FERROCARRIL,32,31,AVENIDA CENTRAL > AVENIDA LOS PROCERES DE HUANDOY > AVENIDA LOS ALISOS > AVENIDA UNIVERSITARIA > AVENIDA SANTIAGO ANTUNEZ DE MAYOLO > AVENIDA CARLOS ALBERTO IZAGUIRRE > OVALO IZAGUIRRE > AVENIDA ALFREDO MENDIOLA > CARRETERA PANAMERICANA NORTE > AVENIDA ALFREDO MENDIOLA > OVALO ANGELICA GAMARRA > AVENIDA ALFREDO MENDIOLA > OVALO TOMAS VALLE > AVENIDA ALFREDO MENDIOLA > CARRETERA PANAMERICANA NORTE > AVENIDA ALFREDO MENDIOLA > OVALO HABICH > AVENIDA ALFREDO MENDIOLA > CARRETERA PANAMERICANA NORTE > PUENTE TROMPETA > CARRETERA PANAMERICANA NORTE > VIA DE EVITAMIENTO > PUENTE HUASCAR > VIA DE EVITAMIENTO > PUENTE NUEVO > VIA DE EVITAMIENTO > ACCESO NICOLAS DE AYLLON > AVENIDA NICOLAS DE AYLLON > CARRETERA CENTRAL > AVENIDA LOS RUISEÑORES > AVENIDA LOS CHANCAS DE ANDAHUAYLAS > AVENIDA LA ENCALADA,AVENIDA LA ENCALADA > AVENIDA LOS CHANCAS DE ANDAHUAYLAS > AVENIDA LOS RUISEÑORES > CARRETERA CENTRAL > ACCESO VIA DE EVITAMIENTO > VIA DE EVITAMIENTO > PUENTE NUEVO > VIA DE EVITAMIENTO > PUENTE HUASCAR > VIA DE EVITAMIENTO > CARRETERA PANAMERICANA NORTE > PUENTE TROMPETA > CARRETERA PANAMERICANA NORTE > AVENIDA ALFREDO MENDIOLA > OVALO HABICH > AVENIDA ALFREDO MENDIOLA > CARRETERA PANAMERICANA NORTE > AVENIDA ALFREDO MENDIOLA > OVALO TOMAS VALLE > AVENIDA ALFREDO MENDIOLA > OVALO ANGELICA GAMARRA > AVENIDA ALFREDO MENDIOLA > CARRETERA PANAMERICANA NORTE > AVENIDA ALFREDO MENDIOLA > OVALO IZAGUIRRE > AVENIDA CARLOS ALBERTO IZAGUIRRE > AVENIDA SANTIAGO ANTUNEZ DE MAYOLO > AVENIDA UNIVERSITARIA > AVENIDA LOS ALISOS > AVENIDA LOS PROCERES DE HUANDOY > AVENIDA CENTRAL,RUTA_2414_1196.pdf,
1197,2701,EMP.DE TRANSP DIECISIETE DE JUNIO S.A,San Martin De Porres,Santiago De Surco,35.84,35.58,47,5,52,7.0,OMNIBUS (M3),AVENIDA CHUQUITANTA / CALLE SN (ALTURA CALLE LAS PALMERAS),AVENIDA AVIACION / AVENIDA TOMAS MARSANO (OVALO LOS CABITOS),36,33,AVENIDA CHUQUITANTA > AVENIDA PARAMONGA > CALLE SANTA TERESITA DE NIÑO JESUS > AVENIDA VIRGEN DEL CARMEN > AVENIDA CANTA CALLAO > AVENIDA 2 DE OCTUBRE > AVENIDA LOS PROCERES DE HUANDOY > AVENIDA NARANJAL > OVALO CANTA CALLAO > AVENIDA CANTA CALLAO > AVENIDA LOS DOMINICOS > AVENIDA JOSE GRANDA > AVENIDA PAZ SOLDAN > AVENIDA LIMA > JIRON CAMANA > AVENIDA PERU > BY PASS AVENIDA PERU > AVENIDA PERU > JIRON RIOBAMBA > JIRON AUGUSTO LEGUIA > JIRON PEDREGAL > AVENIDA ZARUMILLA > CARRETERA PANAMERICANA NORTE > VIA DE EVITAMIENTO > INTERCAMBIO VIAL PUENTE HUANUCO > AVENIDA 9 DE OCTUBRE > PUENTE RICARDO PALMA > AVENIDA ABANCAY > PUENTE ABANCAY > AVENIDA MANCO CAPAC > AVENIDA BAUZATE Y MEZA > AVENIDA PROLONGACION PARINACOCHAS > AVENIDA MEXICO > AVENIDA AVIACION > OVALO DE ARRIOLA > AVENIDA AVIACION,AVENIDA AVIACION > OVALO DE ARRIOLA > AVENIDA AVIACION > AVENIDA MEXICO > JIRON HUANUCO > AVENIDA 28 DE JULIO > AVENIDA MANCO CAPAC > PUENTE ABANCAY > AVENIDA ABANCAY > PUENTE RICARDO PALMA > AVENIDA 9 DE OCTUBRE > INTERCAMBIO VIAL PUENTE HUANUCO > VIA DE EVITAMIENTO > CARRETERA PANAMERICANA NORTE > AVENIDA ZARUMILLA > AVENIDA SAN MARTIN > CALLE SAO PAULO > JIRON RIOBAMBA > AVENIDA PERU > AVENIDA UNIVERSITARIA > OVALO JOSE GRANDA > AVENIDA JOSE GRANDA > AVENIDA LOS DOMINICOS > AVENIDA CANTA CALLAO > OVALO CANTA CALLAO > AVENIDA NARANJAL > AVENIDA PROCERES DE HUANDOY > AVENIDA 2 DE OCTUBRE > AVENIDA CANTA CALLAO > AVENIDA VIRGEN DEL CARMEN > CALLE SANTA TERESITA DE NIÑO JESUS > AVENIDA PARAMONGA > AVENIDA CHUQUITANTA,RUTA_2701_1197.pdf,
1199,2703,E.T. 36 SAN MARTIN DE PORRES S.A.,San Martin De Porres,Chorrillos,45.25,46.54,70,7,77,7.0,OMNIBUS (M3),AVENIDA CARLOS IZAGUIRRE / CALLE LAS AZUCENAS,AVENIDA ALAMEDA DEL REMERO / CALLE DON VIRGILIO,65,67,AVENIDA CARLOS ALBERTO IZAGUIRRE > AVENIDA 12 DE OCTUBRE > AVENIDA TOMAS VALLE > OVALO TOMAS VALLE > AVENIDA TOMAS VALLE > AVENIDA TUPAC AMARU > AVENIDA FRAY BARTOLOME DE LAS CASAS > JIRON ALHELI > AVENIDA JUAN VICENTE NICOLINI > CALLE ELOY ESPINOZA > CALLE MANUEL VILLAR > CALLE MICHAEL FORT > CALLE ISIDRO ALCIBAR > AVENIDA ALMIRANTE MIGUEL GRAU > CALLE JUSTO PASTOR BRAVO > CALLE MANUEL QUIMPER > AVENIDA CAQUETA > JIRON PIÑONATE > AVENIDA LOS PROCERES > CALLE VIRREY AMAT > AVENIDA FRANCISCO PIZARRO > AVENIDA MORRO DE ARICA > AVENIDA VILLACAMPA > AVENIDA FELIPE ARANCIBIA > AVENIDA SAMUEL ALCAZAR > AVENIDA ALAMEDA DE LOS BOBOS > JIRON TRUJILLO > JIRON YUTAY > JIRON CHICLAYO > JIRON LORETO > PUENTE RICARDO PALMA > AVENIDA ABANCAY > PUENTE ABANCAY > AVENIDA MANCO CAPAC > AVENIDA 28 DE JULIO > PLAZA JORGE CHAVEZ > AVENIDA GENERAL SALAVERRY > JIRON PACHACUTEC > JIRON MANCO SEGUNDO > AVENIDA CORONEL JOSE LEAL > JIRON JOSE BERNARDO ALCEDO > AVENIDA PROLONGACION IQUITOS > AVENIDA PASEO PARODI > CALLE CORONEL ANDRES REYES > AVENIDA RICARDO RIVERA NAVARRETE > AVENIDA ENRIQUE CANAVAL Y MOREYRA > AVENIDA PASEO DE LA REPUBLICA > AVENIDA ANGAMOS ESTE > AVENIDA AVIACION > OVALO LOS CABITOS > AVENIDA SANTIAGO DE SURCO > AVENIDA LOS PROCERES > JIRON GUARDIA CIVIL NORTE > JIRON VISTA ALEGRE > JIRON LAS GAVIOTAS > CALLE LOS ASTEROIDES > CALLE LAS PLEYADES > AVENIDA LOS FAISANES > AVENIDA EL SOL > AVENIDA ARIOSTO MATELLINI > AVENIDA DEFENSORES DEL MORRO > OVALO DE LA CURVA > AVENIDA PROLONGACION HUAYLAS > AVENIDA ALAMEDA LOS HORIZONTES > AVENIDA ALAMEDA DEL REMERO,AVENIDA ALAMEDA DEL REMERO > AVENIDA ALAMEDA HORIZONTES > AVENIDA PROLONGACION HUAYLAS > OVALO DE LA CURVA > AVENIDA DEFENSORES DEL MORRO > AVENIDA ARIOSTO MATELLINI > AVENIDA EL SOL > AVENIDA LOS FAISANES > CALLE LAS PLEYADES > CALLE LOS ASTEROIDES > JIRON LAS GAVIOTAS > AVENIDA VISTA ALEGRE > AVENIDA GUARDIA CIVIL SUR > AVENIDA LOS PROCERES > AVENIDA SANTIAGO DE SURCO > OVALO LOS CABITOS > AVENIDA AVIACION > AVENIDA ANGAMOS ESTE > AVENIDA PASEO DE LA REPUBLICA > AVENIDA ENRIQUE CANAVAL MOREYRA > AVENIDA JUAN ARONA > AVENIDA MANUEL ATANACIO FUENTES > AVENIDA PASEO PARODI > AVENIDA PROLONGACION IQUITOS > AVENIDA JUAN PARDO DE ZELA > AVENIDA GENERAL CESAR CANEVARO > JIRON MANCO SEGUNDO > AVENIDA GENERAL SALAVERRY > PLAZA JORGE CHAVEZ > AVENIDA 28 DE JULIO > AVENIDA JOSE GALVEZ > AVENIDA JAIME BAUSATE Y MEZA > AVENIDA MANCO CAPAC > PUENTE ABANCAY > AVENIDA ABANCAY > PUENTE RICARDO PALMA > AVENIDA 9 DE OCTUBRE > JIRON MARAÑON > JIRON CASTAÑETA > CALLE HUASCAR > JIRON CAJAMARCA > CALLE ALMAGRO EL JOVEN > JIRON MADERA > ALAMEDA DE LOS DESCALZOS > AVENIDA ALAMEDA DE LOS BOBOS > AVENIDA SAMUEL ALCAZAR > AVENIDA FELIPE ARANCIBIA > AVENIDA VILLACAMPA > AVENIDA MORRO DE ARICA > JIRON PIÑONATE > AVENIDA LOS PROCERES > AVENIDA ALMIRANTE MIGUEL GRAU > JIRON ISIDRO ALCIBAR > AVENIDA ALFREDO MENDIOLA > OVALO HABICH > AVENIDA ALFREDO MENDIOLA > AVENIDA HONORIO DELGADO > AVENIDA JUAN VICENTE NICOLINI > JIRON ALHELI > AVENIDA FRAY BARTOLOME DE LAS CASAS > AVENIDA MARCO POLO > AVENIDA TOMAS VALLE > OVALO TOMAS VALLE > AVENIDA TOMAS VALLE > AVENIDA 12 DE OCTUBRE > AVENIDA DANIEL ALCIDES CARRION > AVENIDA CARLOS ALBERTO IZAGUIRRE,RUTA_2703_1199.pdf,
1200,2803,TRANSPORTES INGARUCA S.A.C.,Villa Maria Del Triunfo,Lince,17.05,16.11,36,4,40,6.0,OMNIBUS (M3),PASAJE TUPAC AMARU / JIRON AGUSTIN GAMARRA,AVENIDA PROLONGACION IQUITOS / CALLE LAS LILAS,20,17,PASAJE TUPAC AMARU > CALLE ANDRES AVELINO CACERES > AVENIDA SIMON BOLIVAR > AVENIDA MARISCAL JOSE ANTONIO DE SUCRE > AVENIDA PRIMAVERA > JIRON INTI RAYMI > AVENIDA JULIO CESAR TELLO > AVENIDA DEFENSORES DE LIMA > JIRON TUPAC AMARU > AVENIDA LOS HEROES > INTERCAMBIO VIAL PUENTE ATOCONGO > AVENIDA SANTIAGO DE SURCO > OVALO LOS CABITOS > AVENIDA TOMAS MARSANO > AVENIDA REPUBLICA DE PANAMA > AVENIDA ENRIQUE CANAVAL Y MOREYRA > AVENIDA JUAN DE ARONA > CALLE MANUEL A. FUENTES > AVENIDA PASEO PARODI > AVENIDA PROLONGACION IQUITOS,AVENIDA PROLONGACION IQUITOS > AVENIDA PASEO PARODI > CALLE CORONEL ANDRES REYES > AVENIDA RICARDO RIVERA NAVARRETE > AVENIDA ENRIQUE CANAVAL Y MOREYRA > AVENIDA REPUBLICA DE PANAMA > AVENIDA TOMAS MARSANO > OVALO LOS CABITOS > AVENIDA SANTIAGO DE SURCO > INTERCAMBIO VIAL PUENTE ATOCONGO > AVENIDA LOS HEROES > JIRON FRANCISCO BOLOGNESI > AVENIDA DEFENSORES DE LIMA > AVENIDA JOSE CARLOS MARIATEGUI > CALLE JOSE LA MAR > AVENIDA JOSE CARLOS MARIATEGUI > PASAJE TUPAC AMARU,RUTA_2803_1200.pdf,
1203,3203,TRANSPORTES E INVERSIONES SAN GERMAN S.A.,San Juan De Lurigancho,San Martin De Porres,40.84,41.58,71,8,79,6.0,OMNIBUS (M3),AVENIDA FERNANDO WIESSE / JIRON MAR DEL NORTE,AVENIDA TUPAC AMARU / AVENIDA MIGUEL ANGEL,34,38,AVENIDA FERNANDO WIESSE > AVENIDA PROCERES DE LA INDEPENDENCIA > AVENIDA PIRAMIDE DEL SOL > PUENTE NUEVO > AVENIDA JOSE CARLOS MARIATEGUI > OVALO DE LA PAZ > AVENIDA JOSE DE LA RIVA AGUERO > AVENIDA NICOLAS DE AYLLON > AVENIDA MEXICO > CALLE TEODORO CARDENAS > AVENIDA ALVAREZ DE ARENALES > JIRON DOMINGO CUETO > AVENIDA EDGARDO REBAGLIATI > AVENIDA GENERAL SALAVERRY > AVENIDA SAN FELIPE > AVENIDA GENERAL MANUEL L. VIVANCO > AVENIDA ANTONIO JOSE DE SUCRE > AVENIDA MANUEL CIPRIANO DULANTO > PROLONGACION AVENIDA MARISCAL JOSE DE LA MAR > AVENIDA PARQUE DE LAS LEYENDAS > AVENIDA DE LOS PRECURSORES > AVENIDA ELMER FAUCETT > PUENTE ELMER FAUCETT > AVENIDA ELMER FAUCETT > AVENIDA PASEO QUILCA > AVENIDA PERU > CALLE HUANCAYO > CALLE JOSE GALVEZ > AVENIDA 12 DE OCTUBRE > AVENIDA GERMAN AGUIRRE > AVENIDA TOMAS VALLE > OVALO TOMAS VALLE > AVENIDA TOMAS VALLE > AVENIDA TUPAC AMARU,"AVENIDA MIGUEL ANGEL > AVENIDA MARCO POLO > AVENIDA TOMAS VALLE > OVALO TOMAS VALLE > AVENIDA TOMAS VALLE > AVENIDA GERMAN AGUIRRE > AVENIDA 12 DE OCTUBRE > AVENIDA 12 DE OCTUBRE (VUELTA EN ""U"" ALT. AVENIDA PEDRO DELGADO) > AVENIDA 12 DE OCTUBRE > AVENIDA PERU > AVENIDA PASEO QUILCA > AVENIDA ELMER FAUCETT > AVENIDA ELMER FAUCETT (GIRO EN U OVALO AEROPUERTO) > AVENIDA ELMER FAUCETT > PUENTE ELMER FAUCETT > AVENIDA ELMER FAUCETT > AVENIDA DE LOS PRECURSORES > AVENIDA PARQUE DE LAS LEYENDAS > PROLONGACION AVENIDA MARISCAL JOSE DE LA MAR > AVENIDA MANUEL CIPRIANO DULANTO > CALLE MARISCAL AGUSTIN GAMARRA > AVENIDA GENERAL MANUEL VIVANCO > AVENIDA SAN FELIPE > AVENIDA GENERAL SALAVERRY > AVENIDA EDGARDO REBAGLIATI > JIRON DOMINGO CUETO > CALLE MANUEL SEGURA > AVENIDA MANUEL CASTAÑEDA > AVENIDA MEXICO > AVENIDA NICOLAS DE AYLLON > AVENIDA JOSE DE LA RIVA AGÜERO > OVALO DE LA PAZ > AVENIDA JOSE CARLOS MARIATEGUI > PUENTE CHINCHAYSUYO > JIRON CHINCHAYSUYO > CALLE SAN AURELIO > AVENIDA PROCERES DE LA INDEPENDENCIA > AVENIDA FERNANDO WIESSE",RUTA_3203_1203.pdf,
1204,3205,E.T. Y SERV. HUANCAYO CITY S.A.,San Juan De Lurigancho,San Martin De Porres,26.26,27.54,44,5,49,6.0,MINIBUS (M2-M3),AVENIDA LOS PROCERES / CALLE 24,AVENIDA UNIVERSITARIA / AV. JOSE GRANDA (OVALO JOSE GRANDA),33,40,AVENIDA LOS PROCERES > AVENIDA PRIMAVERA > AVENIDA PRINCIPAL > AVENIDA MALECON MIGUEL CHECA EGUIGUREN AVENIDA UNIVERSITARIA > PUENTE PIRAMIDE DEL SOL > AVENIDA JOSE CARLOS MARIATEGUI > OVALO LA PAZ > AVENIDA JOSE DE LA RIVA AGÜERO > AVENIDA NICOLAS DE AYLLON > JIRON JUAN CARBONE > JIRON GENERAL VALDEZ > PARQUE 12 DE OCTUBRE > CALLE VIRREY DE LA SERNA > CALLE SEBASTIAN BARRANCA > AVENIDA SAN PABLO > AVENIDA ISABEL LA CATOLICA > AVENIDA AVIACION > AVENIDA MEXICO > JIRON HUANUCO > AVENIDA ISABEL LA CATOLICA > AVENIDA PASEO DE LA REPUBLICA > AVENIDA JOSE GALVEZ > AVENIDA ALEJANDRO TIRADO > AVENIDA CUBA > AVENIDA REPUBLICA DOMINICANA > AUXILIAR AVENIDA BRASIL > AVENIDA SIMON BOLIVAR > AVENIDA UNIVERSITARIA > AVENIDA RAMON HERRERA > AVENIDA UNIVERSITARIA > OVALO BELLA UNION > PUENTE BELLA UNION > AVENIDA UNIVERSITARIA,AVENIDA UNIVERSITARIA > PUENTE BELLA UNION > OVALO BELLA UNION > AUXILIAR AVENIDA OSCAR RAIMUNDO BENAVIDES > AVENIDA AURELIO GARCIA Y GARCIA > AVENIDA REPUBLICA DE VENEZUELA > AVENIDA UNIVERSITARIA > AVENIDA SIMON BOLIVAR > AVENIDA HUSARES DE JUNIN > AVENIDA GENERAL EUGENIO GARZON > AVENIDA JOSE MARIA PLAZA > JIRON HUIRACOCHA > AVENIDA CUBA > AVENIDA ALEJANDRO TIRADO > AVENIDA PASEO DE LA REPUBLICA > AVENIDA ISABEL LA CATOLICA > JIRON AMERICA > JIRON ITALIA > AVENIDA PROLONGACION PARINACOCHAS > AVENIDA MEXICO > AVENIDA AVIACION > AVENIDA ISABEL LA CATOLICA > AVENIDA SAN PABLO > CALLE SEBASTIAN BARRANCA > CALLE VIRREY DE LA SERNA > PARQUE 12 DE OCTUBRE > JIRON GENERAL VALDEZ > AVENIDA MEXICO > AVENIDA NICOLAS DE AYLLON > AVENIDA INCA GARCILASO DE LA VEGA > AVENIDA JOSE DE LA RIVA AGÜERO > OVALO LA PAZ > AVENIDA JOSE CARLOS MARIATEGUI > PUENTE CHINCHAYSUYO > JIRON CHINCHAYSUYO > AVENIDA GRAN CHIMU > AVENIDA MALECON MIGUEL CHECA EGUIGUREN > AVENIDA PRINCIPAL > AVENIDA PRIMAVERA > AVENIDA LOS PROCERES,RUTA_3205_1204.pdf,
1205,3502,VARGASANT S.A.C.,El Agustino,San Miguel,25.75,25.19,54,6,60,5.0,MINIBUS (M2-M3),AVENIDA LAS PRADERAS / CALLE LA COSTANERA,AVENIDA LA PAZ / CALLE 29,38,39,AVENIDA LAS PRADERAS > CALLE ALAMEDA > AVENIDA EL FERROCARRIL > AVENIDA LA ENCALADA > AVENIDA LOS CHANCAS DE ANDAHUAYLAS > AVENIDA LOS RUISEÑORES > CALLE LAS AGUILAS > AVENIDA 7 DE JUNIO > AVENIDA FRANCISCO BOLOGNESI > AVENIDA LOS EUCALIPTOS > JIRON ENRIQUE ANAYA QUINTANA > AVENIDA TUPAC AMARU > AVENIDA CAMINO REAL > AVENIDA CESAR VALLEJO > OVALO DE LA PAZ > AVENIDA JOSE DE LA RIVA AGUERO > JIRON JUNIN > AVENIDA ALMIRANTE MIGUEL GRAU > VIA EXPRESA ALMIRANTE MIGUEL GRAU > PLAZA MIGUEL GRAU > AVENIDA 9 DE DICIEMBRE > PLAZA FRANCISCO BOLOGNESI > AVENIDA ARICA > JIRON AGUARICO > AVENIDA REPUBLICA DE VENEZUELA > PUENTE TINGO MARIA > AUXILIAR AVENIDA TINGO MARIA > AVENIDA TINGO MARIA > PLAZA DE LA BANDERA > AVENIDA JOSE DE SAN MARTIN > AVENIDA ANTONIO JOSE DE SUCRE > PLAZA INDEPENDENCIA > AVENIDA ANTONIO JOSE DE SUCRE > JIRON MIGUEL GRAU > JIRON TACNA > AVENIDA GENERAL JOSE DE LA MAR > JIRON FEDERICO GALLESE TARICCHI > AVENIDA LA PAZ,AVENIDA LA PAZ > PASAJE SAN LUIS > AVENIDA COSTANERA > JIRON INDEPENDENCIA > AVENIDA LIMA > JIRON GENERALISIMO JOSE DE SAN MARTIN > AVENIDA LIMA > JIRON FRANCISCO BOLOGNESI > AVENIDA ANTONIO JOSE DE SUCRE > PLAZA INDEPENDENCIA > AVENIDA ANTONIO JOSE DE SUCRE > AVENIDA JOSE DE SAN MARTIN > PLAZA DE LA BANDERA > AVENIDA TINGO MARIA > AUXILIAR AVENIDA TINGO MARIA > AVENIDA ARICA > PLAZA FRANCISCO BOLOGNESI > AVENIDA 9 DE DICIEMBRE > PLAZA MIGUEL GRAU > VIA EXPRESA ALMIRANTE MIGUEL GRAU > AVENIDA ALMIRANTE MIGUEL GRAU > JIRON JUNIN > AVENIDA JOSE DE LA RIVA AGUERO > OVALO DE LA PAZ > AVENIDA CESAR VALLEJO > CALLE CESAR VALLEJO > CALLE MARIA PARADO DE BELLIDO > JIRON CIRO ALEGRIA > AVENIDA LOS EUCALIPTOS > AVENIDA FRANCISCO BOLOGNESI > AVENIDA 7 DE JUNIO > AVENIDA MANUEL DE LA TORRE UGARTE > AVENIDA LOS EUCALIPTOS > AVENIDA LOS RUISEÑORES > AVENIDA LOS CHANCAS DE ANDAHUAYLAS > AVENIDA LA ENCALADA > AVENIDA EL FERROCARRIL > CALLE ALAMEDA > AVENIDA LAS PRADERAS,RUTA_3502_1205.pdf,
1207,3507,EMP. DE TRANSP. Y SERV. LA HUAYRONA S.A.,San Juan De Lurigancho,La Perla,33.32,33.66,41,5,46,7.0,MINIBUS (M2-M3),AVENIDA ANILLO VIAL / CALLE SN (AA.HH. SANTA MARIA AMPLIACION PARCELA 2),AVENIDA LA PAZ / CALLE PRADO,43,49,AVENIDA ANILLO VIAL > AVENIDA HEROES DEL CENEPA OESTE > AVENIDA CIRCUNVALACION > JIRON LAS MARGARITAS > AVENIDA CIRCUNVALACION > AVENIDA SANTA ROSA DE LIMA > AVENIDA EL BOSQUE > AVENIDA EL SOL > AVENIDA SANTA ROSA DE LIMA > AVENIDA LOS JARDINES ESTE > AVENIDA PROCERES DE LA INDEPENDENCIA > AVENIDA PIRAMIDE DEL SOL > PUENTE PIRAMIDE DEL SOL > AVENIDA JOSE CARLOS MARIATEGUI > AVENIDA LAS MAGNOLIAS > AVENIDA PLACIDO JIMENEZ > JIRON ANCASH > AVENIDA SEBASTIAN LORENTE > AVENIDA ALMIRANTE MIGUEL GRAU > AVENIDA AVIACION > AVENIDA 28 DE JULIO > AVENIDA PROLONGACION PARINACOCHAS > AVENIDA DE LAS AMERICAS > PARQUE UNION PANAMERICANA > AVENIDA PALERMO > AVENIDA CANADA > AVENIDA JUAN PARDO DE ZELA > AVENIDA IGNACIO MERINO > JIRON RISSO > AVENIDA JULIO CESAR TELLO > JIRON SINCHI ROCA > AVENIDA CESAR VALLEJO > AVENIDA CADIZ > AVENIDA GENERAL SALAVERRY > AVENIDA AUGUSTO PEREZ ARANIBAR > AVENIDA DEL EJERCITO > JIRON DIEGO FERRE > AVENIDA ANTONIO JOSE DE SUCRE > JIRON MIGUEL GRAU > JIRON TACNA > JIRON GRAN MARISCAL RAMON CASTILLA > JIRON FEDERICO GALLESE TARICCHI > AVENIDA LA PAZ,AVENIDA LA PAZ > PASAJE SAN LUIS > AVENIDA COSTANERA > JIRON INDEPENDENCIA > AVENIDA LIMA > JIRON GENERALISIMO JOSE DE SAN MARTIN > AVENIDA LIMA > JIRON FRANCISCO BOLOGNESI > AVENIDA ANTONIO JOSE DE SUCRE > JIRON DIEGO FERRE > AVENIDA DEL EJERCITO > AVENIDA AUGUSTO PEREZ ARANIBAR > AVENIDA GENERAL SALAVERRY > AVENIDA CADIZ > AVENIDA CESAR VALLEJO > JIRON ALBERTO ALEXANDER > AVENIDA CORONEL JOSE LEAL > JIRON JOSE BERNARDO ALCEDO > AVENIDA PROLONGACION IQUITOS > AVENIDA JUAN PARDO DE ZELA > AVENIDA CANADA > AVENIDA PALERMO > PARQUE UNION PANAMERICANA > AVENIDA DE LAS AMERICAS > AVENIDA PROLONGACION PARINACOCHAS > AVENIDA MEXICO > JIRON HUANUCO > AVENIDA ALMIRANTE MIGUEL GRAU > JIRON JUNIN > AVENIDA SEBASTIAN LORENTE > JIRON ANCASH > AVENIDA PLACIDO JIMENEZ > AVENIDA LAS MAGNOLIAS > CALLE AZUCENA > AVENIDA 3 DE DICIEMBRE > AVENIDA JOSE CARLOS MARIATEGUI > PUENTE CHINCHAYSUYO > JIRON CHINCHAYSUYO > JIRON SAN AURELIO > AUXILIAR AVENIDA PROCERES DE LA INDEPENDENCIA > AVENIDA LOS JARDINES ESTE > AVENIDA SANTA ROSA DE LIMA > AVENIDA EL SOL > AVENIDA SANTA ROSA DE LIMA > AVENIDA CIRCUNVALACION > JIRON LAS MARGARITAS > AVENIDA CIRCUNVALACION > AVENIDA HEROES DEL CENEPA OESTE > AVENIDA ANILLO VIAL,RUTA_3507_1207.pdf,
1210,4102,SAN FELIPE EXPRES´S S.A.,Santa Anita,Carabayllo,48.79,49.87,50,5,55,8.0,MINIBUS (M2-M3),AVENIDA LOS VIRREYES / AVENIDA SEPARADORA INDUSTRIAL,AVENIDA TUPAC AMARU / JIRON MIGUEL GRAU OESTE,33,34,AVENIDA LOS VIRREYES > AVENIDA LOS CHANCAS DE ANDAHUAYLAS > AVENIDA LOS RUISEÑORES > CARRETERA CENTRAL > AVENIDA NICOLAS DE AYLLON > AVENIDA SANTA ROSA > AVENIDA LOS QUECHUAS > AVENIDA DE LAS TORRES > AVENIDA MARISCAL DOMINGO NIETO > AVENIDA CIRCUNVALACION > AUXILIAR AVENIDA CIRCUNVALACION > AVENIDA CANADA > PUENTE CANADA > AVENIDA JUAN PARDO DE ZELA > AVENIDA PETIT THOUARS > AVENIDA ALEJANDRO TIRADO > AVENIDA CUBA > PLAZA ANDRES AVELINO CACERES > AVENIDA CUBA > AVENIDA REPUBLICA DOMINICANA > AVENIDA BRASIL > VIA AUXILIAR AVENIDA BRASIL > AVENIDA SIMON BOLIVAR > AVENIDA UNIVERSITARIA > AVENIDA RAMON HERRERA > AVENIDA UNIVERSITARIA > OVALO BELLA UNION > PUENTE BELLA UNION > AVENIDA UNIVERSITARIA > OVALO UNIVERSIDAD > AVENIDA UNIVERSITARIA > AVENIDA ISABEL CHIMPU OCLLO > AVENIDA TUPAC AMARU,AVENIDA TUPAC AMARU > AVENIDA ISABEL CHIMPU OCLLO > AVENIDA UNIVERSITARIA > OVALO UNIVERSIDAD > AVENIDA UNIVERSITARIA > PUENTE BELLA UNION > OVALO BELLA UNION > AVENIDA UNIVERSITARIA > AVENIDA OSCAR RAIMUNDO BENAVIDES > AVENIDA AURELIO GARCIA Y GARCIA > AVENIDA REPUBLICA DE VENEZUELA > AVENIDA UNIVERSITARIA > AVENIDA SIMON BOLIVAR > AVENIDA HUSARES DE JUNIN > AVENIDA GENERAL EUGENIO GARZON > AVENIDA JOSE MARIA PLAZA > JIRON HUIRACOCHA > AVENIDA CUBA > PLAZA ANDRES AVELINO CACERES > AVENIDA CUBA > AVENIDA ALVAREZ DE ARENALES > AVENIDA JUAN PARDO DE ZELA > PUENTE CANADA > AVENIDA CANADA > AVENIDA CIRCUNVALACION > AVENIDA MARISCAL DOMINGO NIETO > AVENIDA DE LAS TORRES > AVENIDA LOS QUECHUAS > AVENIDA SANTA ROSA > AVENIDA NICOLAS DE AYLLON > CARRETERA CENTRAL > AVENIDA LOS RUISEÑORES > AVENIDA LOS CHANCAS DE ANDAHUAYLAS > AVENIDA LOS VIRREYES,RUTA_4102_1210.pdf,
1214,4210,EMPRESA DE TRANSPORTES VIRGEN DE LA ASUNCION S.A.,San Martin De Porres,Ate,43.02,43.81,72,8,80,5.0,MINIBUS (M2-M3),AVENIDA A / AVENIDA CANTA CALLAO,AVENIDA LAS GAVIOTAS / CALLE EL ROSAL DE SANTA ANITA,59,63,AVENIDA A > AVENIDA PROCERES DE HUANDOY > AVENIDA NARANJAL > OVALO CANTA CALLAO > AVENIDA CANTA CALLAO > VIA AUXILIAR AVENIDA CANTA CALLAO > AVENIDA PACASMAYO > AVENIDA TOMAS VALLE > AVENIDA LOS DOMINICOS > OVALO PREVI > AVENIDA JOSE GRANDA > AVENIDA 12 DE OCTUBRE > AVENIDA PERU > AVENIDA UNIVERSITARIA > PUENTE BELLA UNION > OVALO BELLA UNION > AVENIDA UNIVERSITARIA > AVENIDA OSCAR RAIMUNDO BENAVIDES > AVENIDA AURELIO GARCIA Y GARCIA > AVENIDA REPUBLICA DE VENEZUELA > AVENIDA ARICA > JIRON HUARAZ > JIRON CASTROVIRREYNA > JIRON GENERAL JOSE CANTERAC > AVENIDA ARNALDO MARQUEZ > AVENIDA JOSE MARIA PLAZA > AVENIDA 6 DE AGOSTO > AVENIDA GENERAL SALAVERRY > AVENIDA CUBA > AVENIDA ALVAREZ DE ARENALES > AVENIDA JUAN PARDO DE ZELA > PUENTE CANADA > AVENIDA CANADA > AVENIDA CIRCUNVALACION > VIA AUXILIAR AVENIDA CIRCUNVALACION > AVENIDA MARISCAL DOMINGO NIETO > AVENIDA DE LAS TORRES > AVENIDA LOS QUECHUAS > AVENIDA EUTERPE > AVENIDA SEPARADORA INDUSTRIAL > AVENIDA HERMES > AVENIDA BENJAMIN FRANKLIN > AVENIDA SANTA ROSA > AVENIDA NICOLAS DE AYLLON > CARRETERA CENTRAL > ACCESO VIA DE EVITAMIENTO > AVENIDA LOS CIPRESES > AVENIDA 7 DE JUNIO > AVENIDA FRANCISCO BOLOGNESI > AVENIDA LOS EUCALIPTOS > AVENIDA LOS RUISEÑORES > AVENIDA LOS CHANCAS DE ANDAHUAYLAS > AVENIDA LA ENCALADA > AVENIDA HUANCARAY > AVENIDA DE LA CULTURA > AVENIDA CAMINO REAL > CALLE SEBASTIAN SALAZAR BONDY (CALLE 10) > CALLE PRIMERO DE MAYO > AVENIDA LAS GAVIOTAS,"AVENIDA LAS GAVIOTAS > CALLE PRIMERO DE MAYO > CALLE SEBASTIAN SALAZAR BONDY (CALLE 10) > AVENIDA CAMINO REAL > AVENIDA DE LA CULTURA > AVENIDA HUANCARAY > AVENIDA LA ENCALADA > AVENIDA LOS CHANCAS DE ANDAHUAYLAS > AVENIDA LOS RUISEÑORES > AVENIDA LOS EUCALIPTOS > AVENIDA FRANCISCO BOLOGNESI > CARRETERA CENTRAL > AVENIDA NICOLAS DE AYLLON > AVENIDA SANTA ROSA > AVENIDA BENJAMIN FRANKLIN > AVENIDA SEPARADORA INDUSTRIAL > AVENIDA TERSIPCORE ( SANTA ROSA) > AVENIDA LOS QUECHUAS > AVENIDA DE LAS TORRES > AVENIDA MARISCAL DOMINGO NIETO > AVENIDA CIRCUNVALACION > VIA AUXILIAR AVENIDA CIRCUNVALACION > AVENIDA CANADA > PUENTE CANADA > AVENIDA JUAN PARDO DE ZELA > AVENIDA PETIT THOUARS > AVENIDA ALEJANDRO TIRADO > AVENIDA CUBA > PARQUE ANDRES AVELINO CACERES > AVENIDA CUBA > AVENIDA REPUBLICA DOMINICANA > AVENIDA GENERAL EUGENIO GARZON > JIRON TALARA > JIRON GENERAL ORBEGOSO > JIRON GENERAL VARELA > PARQUE GENERAL PEDRO SILVA > JIRON GENERAL VARELA > AVENIDA ARICA > JIRON AGUARICO > AVENIDA REPUBLICA DE VENEZUELA > AVENIDA UNIVERSITARIA > AVENIDA RAMON HERRERA > AVENIDA UNIVERSITARIA > OVALO BELLA UNION > PUENTE BELLA UNION > AVENIDA UNIVERSITARIA > AVENIDA PERU > AVENIDA PERU (VUELTA EN ""U"" ALT. CALLLE VILLA RICA) > AVENIDA PERU > JIRON HUANCAYO > CALLE JOSE GALVEZ > AVENIDA 12 DE OCTUBRE > AVENIDA JOSE GRANDA > OVALO PREVI > AVENIDA LOS DOMINICOS > AVENIDA TOMAS VALLE > AVENIDA PACASMAYO > VIA AUXILIAR AVENIDA CANTA CALLAO > AVENIDA CANTA CALLAO > OVALO CANTA CALLAO > AVENIDA NARANJAL > AVENIDA PROCERES DE HUANDOY > AVENIDA A",RUTA_4210_1214.pdf,
1218,4506,EMPRESA DE TRANSPORTES Y SERV. LIMA CHOSICA S.A.,Lurigancho (Chosica),San Miguel,53.38,52.97,100,10,110,5.0,MINIBUS (M2-M3),CARRETERA CENTRAL / CALLE NUEVA LOS ALAMOS,AVENIDA DE LOS INSURGENTES / AVENIDA PIO XII,19,15,CARRETERA CENTRAL > CALLE SALAVERRY > JIRON TRUJILLO NORTE > JIRON TRUJILLO SUR > JIRON TACNA > CARRETERA CENTRAL > AUXILIAR CARRETERA CENTRAL (BY PASS JAVIER PRADO) > CARRETERA CENTRAL > INTERCAMBIO VIAL PUENTE SANTA ANITA > AVENIDA NICOLAS DE AYLLON > AVENIDA ALMIRANTE MIGUEL GRAU > VIA EXPRESA MIGUEL GRAU > PLAZA MIGUEL GRAU > AVENIDA 9 DE DICIEMBRE > PLAZA FRANCISCO BOLOGNESI > AVENIDA ARICA > JIRON AGUARICO > AVENIDA REPUBLICA DE VENEZUELA > AVENIDA DE LOS INSURGENTES,AVENIDA DE LOS INSURGENTES > AVENIDA REPUBLICA DE VENEZUELA > AVENIDA ARICA > PLAZA FRANCISCO BOLOGNESI > AVENIDA 9 DE DICIEMBRE > PLAZA MIGUEL GRAU > VIA EXPRESA MIGUEL GRAU > AVENIDA ALMIRANTE MIGUEL GRAU > JIRON ALTO DE LA ALIANZA > JIRON GARCIA NARANJO > AVENIDA NICOLAS AYLLON > INTERCAMBIO VIAL PUENTE SANTA ANITA > CARRETERA CENTRAL > AUXILIAR CARRETERA CENTRAL (BY PASS JAVIER PRADO) > CARRETERA CENTRAL,RUTA_4506_1218.pdf,
1219,4512,VARGASANT S.A.C.,Lurigancho (Chosica),San Miguel,33.38,33.27,47,5,52,7.0,OMNIBUS (M3),AVENIDA LAS TORRES / AVENIDA QUINTA,AVENIDA LA PAZ / CALLE 29,32,38,AVENIDA LAS TORRES > PUENTE HUACHIPA > AVENIDA LAS TORRES > CARRETERA CENTRAL > AUXILIAR CARRETERA CENTRAL (BY PASS JAVIER PRADO) > AVENIDA PROLONGACION JAVIER PRADO ESTE > AVENIDA METROPOLITANA > AVENIDA SEPARADORA INDUSTRIAL > AVENIDA LOS VIRREYES > AVENIDA LOS CHANCAS DE ANDAHUAYLAS > AVENIDA LOS RUISEÑORES > CALLE LAS AGUILAS > AVENIDA 7 DE JUNIO > AVENIDA FRANCISCO BOLOGNESI > AVENIDA LOS EUCALIPTOS > CALLE ENRIQUE QUINTANA > AVENIDA TUPAC AMARU > AVENIDA CAMINO REAL > AVENIDA CESAR VALLEJO > OVALO DE LA PAZ > AVENIDA JOSE DE LA RIVA AGÜERO > AVENIDA INCA RIPAC > JIRON CAJACAY > AVENIDA ALMIRANTE MIGUEL GRAU > VIA EXPRESA ALMIRANTE MIGUEL GRAU > PLAZA MIGUEL GRAU > AVENIDA 9 DE DICIEMBRE > PLAZA FRANCISCO BOLOGNESI > AVENIDA BRASIL > JIRON SALAVERRY > JIRON FEDERICO GALLESE TARICCHI > AVENIDA LA PAZ,AVENIDA LA PAZ > PASAJE SAN LUIS > AVENIDA COSTANERA > JIRON INDEPENDENCIA > AVENIDA LIMA > JIRON GENERALISIMO JOSE DE SAN MARTIN > AVENIDA LIMA > JIRON FRANCISCO BOLOGNESI > AVENIDA BRASIL > PLAZA FRANCISCO BOLOGNESI > AVENIDA 9 DE DICIEMBRE > PLAZA ALMIRANTE MIGUEL GRAU > VIA EXPRESA ALMIRANTE MIGUEL GRAU > AVENIDA ALMIRANTE MIGUEL GRAU > JIRON OCROS > AVENIDA TUPAC AMARU > AVENIDA JOSE DE LA RIVA AGÜERO > OVALO DE LA PAZ > AVENIDA CESAR VALLEJO > CALLE CESAR VALLEJO > CALLE MARIA PARADO DE BELLIDO > JIRON CIRO ALEGRIA > AVENIDA LOS EUCALIPTOS > AVENIDA FRANCISCO BOLOGNESI > AVENIDA 7 DE JUNIO > CALLE MANUEL DE LA TORRE > AVENIDA LOS EUCALIPTOS > AVENIDA LOS RUISEÑORES > AVENIDA LOS CHANCAS DE ANDAHUAYLAS > AVENIDA LOS VIRREYES > AVENIDA SEPARADORA INDUSTRIAL > AVENIDA METROPOLITANA > AVENIDA PROLONGACION JAVIER PRADO ESTE > AUXILIAR CARRETERA CENTRAL (BY PASS JAVIER PRADO) > CARRETERA CENTRAL > AVENIDA LAS TORRES > PUENTE HUACHIPA > AVENIDA LAS TORRES,RUTA_4512_1219.pdf,
1220,4513,EMPRESA DE TRANSPORTES Y SERVICIOS PERALITOS S.A.,Lurigancho,Jesus Maria,18.12,19.12,31,4,35,3.0,MINIBUS (M2-M3),HUACHIPA,AVENIDA CUBA / AVENIDA GENERAL SALAVERRY,24,28,VIA FUTURO PERIFERICO VIAL NORTE > AVENIDA LOS PROCERES > AVENIDA PRIMAVERA > AVENIDA MALECON CHECA > PUENTE PIRAMIDE DEL SOL > AVENIDA JOSE CARLOS MARIATEGUI > OVALO LA PAZ > AVENIDA JOSE DE LA RIVA AGUERO > AVENIDA NICOLAS DE AYLLON > CALLE JUAN CARBONE > JIRON GENERAL VALDEZ > PARQUE 12 DE OCTUBRE > CALLE VIRREY DE LA SERNA > CALLE SEBASTIAN BARRANCA > AVENIDA SAN PABLO > AVENIDA ISABEL LA CATOLICA > AVENIDA AVIACION > AVENIDA MEXICO > JIRON HUANUCO > AVENIDA ISABEL LA CATOLICA > AVENIDA PASEO DE LA REPUBLICA > JIRON JOSE GALVEZ > AVENIDA ALEJANDRO TIRADO > AVENIDA CUBA,AVENIDA CUBA > AVENIDA ALEJANDRO TIRADO > AVENIDA PASEO DE LA REPUBLICA > AVENIDA ISABEL LA CATOLICA > JIRON AMERICA > JIRON ITALIA > AVENIDA PROLONGACION PARINACOCHAS > AVENIDA MEXICO > AVENIDA AVIACION > AVENIDA ISABEL LA CATOLICA > AVENIDA SAN PABLO > CALLE SEBASTIAN BARRANCA > CALLE VIRREY DE LA SERNA > PARQUE 12 DE OCTUBRE > JIRON GENERAL VALDEZ > AVENIDA MEXICO > AVENIDA NICOLAS DE AYLLON > AVENIDA INCA GARCILASO DE LA VEGA > AVENIDA JOSE DE LA RIVA AGUERO > OVALO LA PAZ > AVENIDA JOSE CARLOS MARIATEGUI > PUENTE CHINCHAYSUYO > JIRON CHINCHAYSUYO > AVENIDA GRAN CHIMU > AVENIDA MALECON CHECA > AVENIDA PRIMAVERA > AVENIDA LOS PROCERES > VIA FUTURO PERIFERICO VIAL NORTE,RUTA_4513_1220.pdf,
1221,4516,EMPRESA DE TRANSPORTES Y SERVICIOS LOS EXPERTOS Y SOMOS MAS S.A,Ate,Lince,21.8,21.94,22,3,25,8.0,MINIBUS (M2-M3),CALLE A / CALLE B,AVENIDA ALVAREZ DE ARENALES / CALLE MANUEL SEGURA,21,19,CALLE A > PROLONGACION NICOLAS DE PIEROLA > AVENIDA NUEVA AMERICA > AVENIDA NICOLAS DE PIEROLA > AVENIDA JOSE CARLOS MARIATEGUI > CARRETERA CENTRAL > AVENIDA SANTA MARIA > AVENIDA BERNARDINO RIVADAVIA > AVENIDA METROPOLITANA > AVENIDA HUANCARAY > AVENIDA LOS RUISENORES > AVENIDA LOS EUCALIPTOS > AVENIDA FRANCISCO BOLOGNESI > AVENIDA MANUEL DE LA TORRE UGARTE > AVENIDA MINERIA > CARRETERA CENTRAL > AVENIDA NICOLAS DE AYLLON > AVENIDA MEXICO > PUENTE MEXICO > CALLE TEODORO CARDENAS > AVENIDA ALVARES DE ARENALES,CALLE MANUEL SEGURA > AVENIDA MANUEL CASTAÑEDA > PUENTE MEXICO > AVENIDA MEXICO > AVENIDA NICOLAS DE AYLLON > CARRETERA CENTRAL > AVENIDA LOS CIPRESES > AVENIDA LOS EUCALIPTOS > AVENIDA LOS RUISENORES > AVENIDA HUANCARAY > AVENIDA METROPOLITANA > AVENIDA BERNARDINO RIVADAVIA > CALLE 4 (CALLE LAS MARIANAS) > CARRETERA CENTRAL > AVENIDA JOSE CARLOS MARIATEGUI > AVENIDA NICOLAS DE PIEROLA > AVENIDA NUEVA AMERICA > PROLONGACION NICOLAS DE PIEROLA > CALLE A,RUTA_4516_1221.pdf,
1222,4901,EMPRESA DE TRANSPORTE Y SERVICIOS SAN CRISTOBAL PALCAMAYO S.A.,Luringancho (Chosica),Jesus Maria,27.93,28.31,65,7,72,4.0,MINIBUS (M2-M3),CALLE LAS QUENAS / CALLE CHAVIN AVENIDA 28 DE JULIO / AVENIDA GENERAL SALAVERRY (PLAZA JORGE,CHAVEZ),27,29,CALLE LAS QUENAS > CALLE NAZCA > AVENIDA MEDIA LUNA > CALLE S/N (ASOC. VALLE SAGRADO) > CALLE LAS FLORES > CALLE LOS HALCONES > AVENIDA COLECTORA PRINCIPAL > CALLE LOS GIRASOLES > CALLE NIEVERIA > AVENIDA LA CAPITANA > AVENIDA LAS TORRES > PUENTE HUACHIPA > AVENIDA LAS TORRES > AVENIDA PEDRO RUIZ GALLO > CALLE LAS PRADERAS > CARRETERA CENTRAL > VIA AUXILIAR CARRETERA CENTRAL > PROLONGACION JAVIER PRADO ESTE > AVENIDA METROPOLITANA > AVENIDA LAS NUECES > AVENIDA LOS VIRREYES > AVENIDA DE LA CULTURA > CARRETERA CENTRAL > AVENIDA NICOLAS AYLLON > AVENIDA MEXICO > AVENIDA MANCO CAPAC > AVENIDA 28 DE JULIO,AVENIDA 28 DE JULIO > AVENIDA JOSE GALVEZ > AVENIDA JAIME BAUSATE Y MEZA > AVENIDA MANCO CAPAC > JIRON ITALIA > JIRON JAVIER LUNA PIZARRO > AVENIDA MEXICO > AVENIDA NICOLAS DE AYLLON > CARRETERA CENTRAL > AVENIDA DE LA CULTURA > AVENIDA LOS VIRREYES > AVENIDA LAS NUECES > AVENIDA METROPOLITANA > PROLONGACION JAVIER PRADO ESTE > VIA AUXILIAR CARRETERA CENTRAL > CARRETERA CENTRAL > AVENIDA LAS TORRES > PUENTE HUACHIPA > AVENIDA LAS TORRES > AVENIDA LA CAPITANA > CALLE NIEVERIA > CALLE LOS GIRASOLES > AVENIDA COLECTORA PRINCIPAL > CALLE LOS HALCONES > CALLE LAS FLORES > CALLE S/N (ASOC. VALLE SAGRADO) > AVENIDA MEDIA LUNA > CALLE NAZCA > CALLE LAS QUENAS,RUTA_4901_1222.pdf,
1223,4902,TRANSPORTES PESQUEROS S.A.,Ate,Callao,34.92,32.45,64,7,71,6.0,OMNIBUS (M3),AVENIDA METROPOLITANA / PROLONGACION JAVIER PRADO ESTE,AVENIDA VICTOR RAUL HAYA DE LA TORRE / AVENIDA EL EMISOR,45,36,"AVENIDA METROPOLITANA > AVENIDA LAS NUECES > AVENIDA LOS VIRREYES > AVENIDA LOS CHANCAS DE ANDAHUAYLAS > AVENIDA LOS RUISEÑORES > AVENIDA EUCALIPTOS > AVENIDA JUAN VELASCO ALVARADO > AVENIDA CESAR VALLEJO > OVALO LA PAZ > AVENIDA JOSE DE LA RIVA AGÜERO > AVENIDA NICOLAS AYLLON > AVENIDO MEXICO > PUENTE MEXICO > CALLE TEODORO CARDENAS > AVENIDA ALVAREZ DE ARENALES > JIRON DOMINGO CUETO > AVENIDA EDGARDO REBAGLIATI > AVENIDA GENERAL SALAVERRY > AVENIDA CUBA > PLAZA ANDRES AVELINO CACERES > AVENIDA CUBA > AVENIDA REPUBLICA DOMINICANA > AVENIDA BRASIL > AUXILIAR AVENIDA BRASIL > AVENIDA SIMON BOLIVAR > AVENIDA UNIVERSITARIA > AVENIDA REPUBLICA DE VENEZUELA > AVENIDA REPUBLICA DE VENEZUELA (VUELTA EN""U"" ALT. AVENIDA AURELIO GRACIA Y GARCIA) > BY PASS VENEZUELA > AVENIDA REPUBLICA DE VENEZUELA > AVENIDA JUAN VELASCO ALVARADO > AVENIDA DE LOS INSURGENTES > AVENIDA REPUBLICA DE ARGENTINA > JIRON EL SOL > CALLE TUPAC AMARU > AVENIDA NUEVO AEROPUERTO > CALLE APURIMAC > AVENIDA CIRCUNVALACION > AVENIDA DE LA ALAMEDA > JIRON CHOTA > AVENIDA CORONEL NESTOR GAMBETTA > PUENTE GAMBETTA > AVENIDA CORONEL NESTOR GAMBETTA > AVENIDA A > AVENIDA VICTOR RAUL HAYA DE LA TORRE",AVENIDA VICTOR RAUL HAYA DE LA TORRE > AVENIDA A > AVENIDA CORONEL NESTOR GAMBETTA > PUENTE GAMBETTA > AVENIDA CORONEL NESTOR GAMBETTA > AVENIDA MORALES DUAREZ > JIRON CHOTA > AVENIDA DE LA ALAMEDA > AVENIDA CIRCUNVALACION > JIRON EL SOL > AVENIDA REPUBLICA DE ARGENTINA > AVENIDA DE LOS INSURGENTES > AVENIDA JUAN VELASCO ALVARADO > AVENIDA REPUBLICA DE VENEZUELA > AVENIDA UNIVERSITARIA > AVENIDA SIMON BOLIVAR > AVENIDA HUSARES DE JUNIN > AVENIDA EDGARDO REBAGLIATI > JIRON DOMINGO CUETO > CALLE MANUEL SEGURA > CALLE MANUEL CASTAÑEDA > PUENTE MEXICO > AVENIDO MEXICO > AVENIDA NICOLAS AYLLON > AVENIDA INCA GARCILAZO DE LA VEGA > AVENIDA JOSE DE LA RIVA AGÜERO > OVALO LA PAZ > AVENIDA CESAR VALLEJO > CALLE MARIA PARADO DE BELLIDO > JIRON CIRO ALEGRIA > AVENIDA EUCALIPTOS > AVENIDA LOS RUISEÑORES > AVENIDA LOS CHANCAS DE ANDAHUAYLAS > AVENIDA LOS VIRREYES > AVENIDA LAS NUECES > AVENIDA METROPOLITANA,RUTA_4902_1223.pdf,
1224,4904,EMPRESA DE TRANSPORTES GOCARIVE 19 S.A.,Ate,Jesus Maria,25.02,24.67,46,5,51,6.0,MINIBUS (M2-M3),AVENIDA LA RONCADORA / CALLE LAS FLORES,AVENIDA 28 DE JULIO / AVENIDA GENERAL SALAVERRY (PLAZA JORGE CHAVEZ),23,29,AVENIDA LA RONCADORA > CALLE 5 > AVENIDA ROGER SCHULER > AVENIDA JOSE ABELARDO QUIÑONES > CALLE 5 > AVENIDA JOSE QUIÑONES > AVENIDA ACAPULCO > AVENIDA NICOLAS DE PIEROLA > AVENIDA ALFONSO UGARTE > JIRON EL TRIUNFO > AVENIDA JOSE CARLOS MARIATEGUI > CARRETERA CENTRAL > AVENIDA SANTA MARIA > AVENIDA BERNARDINO RIVADAVIA > AVENIDA METROPOLITANA > AVENIDA LAS NUECES > AVENIDA LOS VIRREYES > AVENIDA DE LA CULTURA > CARRETERA CENTRAL > AVENIDA NICOLAS DE AYLLON > AVENIDA MEXICO > AVENIDA MANCO CAPAC > AVENIDA 28 DE JULIO,AVENIDA 28 DE JULIO > AVENIDA JOSE GALVEZ > AVENIDA JAIME BAUSATE Y MEZA > AVENIDA MANCO CAPAC > JIRON ITALIA > JIRON JAVIER LUNA PIZARRO > AVENIDA MEXICO > AVENIDA NICOLAS DE AYLLON > CARRETERA CENTRAL > AVENIDA DE LA CULTURA > AVENIDA LOS VIRREYES > AVENIDA LAS NUECES > AVENIDA METROPOLITANA > AVENIDA BERNARDINO RIVADAVIA > CALLE 4 > CARRETERA CENTRAL > AVENIDA JOSE CARLOS MARIATEGUI > JIRON EL TRIUNFO > AVENIDA ALFONSO UGARTE > AVENIDA NICOLAS DE PIEROLA > CALLE 20 > CALLE 2 > CALLE 27 > AVENIDA JOSE QUIÑONES > CALLE 5 > AVENIDA JOSE ABELARDO QUIÑONES > AVENIDA ROGER SCHULER > CALLE 5 > AVENIDA LA RONCADORA,RUTA_4904_1224.pdf,
1225,4905,E.T.ALAMO EXPRESS S.A.,Ate,Callao,34.29,34.96,31,4,35,3.0,OMNIBUS (M3),CALLE GRANJA AZUL / CALLE 2 DE MAYO,AVENIDA PACASMAYO / AVENIDA CANTA CALLAO,22,23,CALLE GRANJA AZUL > AVENIDA JOSE QUIÑONES > AVENIDA ALMIRANTE MIGUEL GRAU > AVENIDA SAN ALFONSO > AVENIDA SAN MARTIN DE PORRES > AVENIDA LA ESTRELLA > CARRETERA CENTRAL > AUXILIAR CARRETERA CENTRAL (BY PASS JAVIER PRADO) > CARRETERA CENTRAL > ACCESO VIA DE EVITAMIENTO > VIA DE EVITAMIENTO > PUENTE HUASCAR > VIA DE EVITAMIENTO > PUENTE NUEVO > VIA DE EVITAMIENTO > CARRETERA PANAMERICANA NORTE > AVENIDA ZARUMILLA > CALLE SAO PAULO > JIRON RIOBAMBA > AVENIDA PERU > AVENIDA TOMAS VALLE > AVENIDA PACASMAYO,AVENIDA PACASMAYO > AVENIDA TOMAS VALLE > AVENIDA PERU > JIRON RIOBAMBA > AVENIDA AUGUSTO B. LEGUIA > JIRON PEDREGAL > CARRETERA PANAMERICANA NORTE > VIA DE EVITAMIENTO > PUENTE NUEVO > VIA DE EVITAMIENTO > PUENTE HUASCAR > VIA DE EVITAMIENTO > ACCESO NICOLAS DE AYLLON > AVENIDA NICOLAS DE AYLLON > CARRETERA CENTRAL > AUXILIAR CARRETERA CENTRAL (BY PASS JAVIER PRADO) > CARRETERA CENTRAL > AVENIDA LA ESTRELLA > AVENIDA SAN MARTIN DE PORRES > AVENIDA SAN ALFONSO > AVENIDA ALMIRANTE MIGUEL GRAU > AVENIDA JOSE QUIÑONES > CALLE GRANJA AZUL,RUTA_4905_1225.pdf,
1226,4908,EMPRESA DE TRANSPORTES EL CARMEN DE LA PUNTA S.A.,Santa Anita,Callao,39.49,38.56,56,6,62,4.0,OMNIBUS (M3),AVENIDA CAMINO REAL / AVENIDA FERROCARRIL,AVENIDA ALMIRANTE MIGUEL GRAU / AVENIDA ESTADOS UNIDOS,45,43,AVENIDA CAMINO REAL > AVENIDA DE LA CULTURA > AVENIDA LOS VIRREYES > PROLONGACION JAVIER PRADO ESTE > AVENIDA METROPOLITANA > AVENIDA HUANCARAY > AVENIDA LA ENCALADA > AVENIDA LOS CHANCAS DE ANDAHUAYLAS > AVENIDA LOS RUISENORES > AVENIDA LOS EUCALIPTOS > AVENIDA JOSE CARLOS MARIATEGUI > AVENIDA TUPAC AMARU > AVENIDA CAMINO REAL > AVENIDA CESAR VALLEJO > OVALO LA PAZ > AVENIDA JOSE DE LA RIVA AGUERO > AVENIDA INCA RIPAC > JIRON CAJACAY > AVENIDA ALMIRANTE MIGUEL GRAU > VIA AUXILIAR ALMIRANTE MIGUEL GRAU > AVENIDA ABANCAY > JIRON AMAZONAS > JIRON HUANUCO > PUENTE HUANUCO > INTERCAMBIO VIAL PUENTE HUANUCO > VIA DE EVITAMIENTO > CARRETERA PANAMERICANA NORTE > AVENIDA ZARUMILLA > AVENIDA SAN MARTIN > CALLE SAO PAULO > JIRON RIOBAMBA > AVENIDA PERU > BY PASS AVENIDA PERU > AVENIDA PERU > AVENIDA 27 DE NOVIEMBRE > AVENIDA LIMA > AVENIDA UNIVERSITARIA > PUENTE BELLA UNION > OVALO BELLA UNION > AVENIDA UNIVERSITARIA > AVENIDA OSCAR RAIMUNDO BENAVIDES > AVENIDA SAENZ PEÑA > AVENIDA PACIFICO > OVALO PACIFICO > AVENIDA ALMIRANTE MIGUEL GRAU,AVENIDA ALMIRANTE MIGUEL GRAU > AVENIDA PACIFICO > OVALO PACIFICO > AVENIDA SAENZ PEÑA > AVENIDA OSCAR RAIMUNDO BENAVIDES > AVENIDA UNIVERSITARIA > OVALO BELLA UNION > PUENTE BELLA UNION > AVENIDA UNIVERSITARIA > AVENIDA PERU > JIRON RIOBAMBA > AVENIDA AUGUSTO B. LEGUIA > JIRON PEDREGAL > AVENIDA ZARUMILLA > AVENIDA PANAMERICANA NORTE > VIA DE EVITAMIENTO > INTERCAMBIO VIAL PUENTE HUANUCO > AVENIDA 9 DE OCTUBRE > PUENTE RICARDO PALMA > AVENIDA ABANCAY > PUENTE ABANCAY > AVENIDA MANCO CAPAC > AVENIDA GARCIA NARANJO > AVENIDA IQUITOS > VIA AUXILIAR ALMIRANTE MIGUEL GRAU > AVENIDA ALMIRANTE MIGUEL GRAU > JIRON OCROS > AVENIDA JOSE DE LA RIVA AGUERRO > OVALO LA PAZ > AVENIDA CESAR VALLEJO > CALLE CESAR VALLEJO > CALLE MARIA PARADO DE BELLIDO > JIRON CIRO ALEGRIA > AVENIDA LOS EUCALIPTOS > AVENIDA LOS RUISENORES > AVENIDA LOS CHANCAS DE ANDAHUAYLAS > AVENIDA LA ENCALADA > AVENIDA HUANCARAY > AVENIDA METROPOLITANA > PROLONGACIONJAVIER PRADO ESTE > AVENIDA LOS VIRREYES > AVENIDA DE LA CULTURA > AVENIDA CAMINO REAL,RUTA_4908_1226.pdf,
1227,4911,E.T. Y SERV. ALMIRANTE MIGUEL GRAU S.A.,Ate,Callao,46.17,46.09,81,9,90,3.0,OMNIBUS (M3),AVENIDA MARCO PUENTE LLANOS / CALLE BERLIN,JIRON INMACULADA CONCEPCION / JIRON PROLONGACION CENTENARIO,53,54,AVENIDA MARCO PUENTE LLANOS > CARRETERA CENTRAL > AUXILIAR CARRETERA CENTRAL > PROLONGACION JAVIER PRADO ESTE > AVENIDA METROPOLITANA > AVENIDA HUANCARAY > AVENIDA COLECTORA INDUSTRIAL > CARRETERA CENTRAL > AVENIDA NICOLAS DE AYLLON > AVENIDA CIRCUNVALACION > JIRON MANUEL BEINGOLA > AVENIDA AGUSTIN DE LA ROSA TORO > AVENIDA SAN JUAN > OVALO DE ARRIOLA > AVENIDA AVIACION > AVENIDA ANGAMOS ESTE > CALLE GENERAL SUAREZ > AVENIDA RICARDO PALMA > OVALO DE MIRAFLORES > AVENIDA JOSE PARDO > PLAZA MORALES BARRO > AVENIDA JOSE PARDO > PLAZA CENTRO AMERICA > AVENIDA DEL EJERCITO > AVENIDA AUGUSTO PEREZ ARANIBAR > AVENIDA DEL EJERCITO > JIRON DIEGO FERRE > JIRON TACNA > JIRON SALAVERRY > JIRON FEDERICO GALLES TARICCHI > AVENIDA LA PAZ > AVENIDA SANTA ROSA > OVALO JUAN PABLO II > JIRON COLINA > JIRON ALFONSO UGARTE > JIRON LOS HEROS > AVENIDA ALMIRANTE MIGUEL GRAU > CALLE ALBERTO SECADA > CALLE MARCO POLO > AVENIDA 2 DE MAYO > PLAZA GARIBALDI > AVENIDA REPUBLICA DE ARGENTINA > PLAZA FLANNING > AVENIDA REPUBLICA DE ARGENTINA > OVALO CENTENARIO > AVENIDA CORONEL NESTOR GAMBETTA > PUENTE NESTOR GAMBETTA > AVENIDA CORONEL NESTOR GAMBETTA > AVENIDA A > AVENIDA EL EMISOR > CALLE RAMIRO PRIALE > CALLE MANUEL SEOANE > JIRON INMACULADA CONCEPCION,JIRON INMACULADA CONCEPCION > CALLE MANUEL SEOANE > CALLE RAMIRO PRIALE > AVENIDA EL EMISOR > AVENIDA A > AVENIDA CORONEL NESTOR GAMBETTA > PUENTE CORONEL NESTOR GAMBETTA > AVENIDA CORONEL NESTOR GAMBETTA > OVALO CENTENARIO > AVENIDA REPUBLICA DE ARGENTINA > PLAZA FLANNING > AVENIDA REPUBLICA DE ARGENTINA > PLAZA GARIBALDI > AVENIDA 2 DE MAYO > CALLE MARCO POLO > AVENIDA ALMIRANTE MIGUEL GRAU > JIRON COLINA > OVALO JUAN PABLO II > AVENIDA SANTA ROSA > AVENIDA LA PAZ > PASAJE SAN LUIS > AVENIDA COSTANERA > AVENIDA JUAN BERTOLOTTO NEGRO > JIRON COMANDANTE ESPINAR > AVENIDA BRASIL > AVENIDA DEL EJERCITO > AVENIDA AUGUSTO PEREZ ARANIBAR > AVENIDA DEL EJERCITO > PLAZA CENTRO AMERICA > AVENIDA JOSE PARDO > PLAZA MORALES BARRO > AVENIDA JOSE PARDO > OVALO MIRAFLORES > AVENIDA RICARDO PALMA > AVENIDA PETTIT THOUARS > AVENIDA ANGAMOS ESTE > AVENIDA AVIACION > OVALO ARRIOLA > AVENIDA SAN JUAN > AVENIDA AGUSTIN DE LA ROSA TORO > JIRON EDGAR ZUÑIGA MEDINA > CALLE AUGUSTO DURAND > CALLE HORACIO PATIÑO > AUXILIAR AVENIDA CIRCUNVALACION > AVENIDA CIRCUNVALACION > AVENIDA NICOLAS DE AYLLON > CARRETERA CENTRAL > AVENIDA COLECTORA INDUSTRIAL > AVENIDA HUANCARAY > AVENIDA METROPOLITANA > PROLONGACION JAVIER PRADO ESTE > AUXILIAR CARRETERA CENTRAL > CARRETERA CENTRAL > AVENIDA MARCO PUENTE LLANOS,RUTA_4911_1227.pdf,
1228,4913,EMPRESA DE TRANSPORTES Y SERVICIOS SANTA ROSA DE LIMA S.A.,Ate,La Perla,41.25,41.83,72,8,80,3.0,OMNIBUS (M3),AVENIDA JOSE CARLOS MARIATEGUI / CALLE LOS SAUCES,AVENIDA REPUBLICA DE VENEZUELA / AVENIDA JUAN PABLO II (OVALO JUAN PABLO II),42,43,"AVENIDA JOSE CARLOS MARIATEGUI > OVALO ALFONSO BARRANTES > AVENIDA ANDRES AVELINO CACERES > CARRETERA CENTRAL > AVENIDA PEDRO RUIZ GALLO > AVENIDA ROSA VERA > AVENIDA LAS TORRES > PUENTE HUACHIPA > AVENIDA LAS TORRES > AVENIDA RAMIRO PRIALE > ACCESO VIA EVITAMIENTO > VIA EVITAMIENTO > PUENTE NUEVO > VIA EVITAMIENTO > PUENTE HUASCAR > VIA EVITAMIENTO > ACCESO AVENIDA 9 DE OCTUBRE > AVENIDA 9 DE OCTUBRE > PUENTE RICARDO PALMA > AVENIDA ABANCAY > PUENTE ABANCAY > AVENIDA MANCO CAPAC > AVENIDA 28 DE JULIO > PLAZA JORGE CHAVEZ > AVENIDA GENERAL SALAVERRY > AVENIDA CUBA > PARQUE MARISCAL ANDRES AVELINO CACERES > AVENIDA CUBA > AVENIDA REPUBLICA DOMINICANA > JIRON HUAMACHUCO > AVENIDA ALFRANIO DE MELLO FRANCO > CALLE CORACEROS > JIRON JUAN PABLO FERNANDINI > AVENIDA SIMON BOLIVAR > AVENIDA UNIVERSITARIA > AVENIDA UNIVERSITARIA (VUELTA EN ""U"" ALTURA CALLE SANTA SOFIA) > AVENIDA UNIVERSITARIA > PROLONGACION AVENIDA MARISCAL JOSE DE LA MAR > AVENIDA PARQUE DE LAS LEYENDAS > AVENIDA DE LOS PRECURSORES > AVENIDA LOS INSURGENTES > AVENIDA REPUBLICA DE VENEZUELA",OVALO JUAN PABLO II > AVENIDA REPUBLICA DE VENEZUELA > AVENIDA DE LOS INSURGENTES > AVENIDA DE LOS PRECURSORES > AVENIDA PARQUE DE LAS LEYENDAS > PROLONGACION AVENIDA MARISCAL JOSE DE LA MAR > AVENIDA UNIVERSITARIA > AVENIDA MARIANO CORNEJO > PLAZA DE LA BANDERA > AVENIDA JOSE DE SAN MARTIN > AVENIDA SIMON BOLIVAR > AVENIDA HUSARES DE JUNIN > AVENIDA GENERAL EUGENIO GARZON > AVENIDA JOSE MARIA PLAZA > JIRON HUIRACOCHA > AVENIDA CUBA > PARQUE MARISCAL ANDRES AVELINO CACERES > AVENIDA CUBA > AVENIDA GENERAL SALAVERRY > PLAZA JORGE CHAVEZ > AVENIDA 28 DE JULIO > AVENIDA JOSE GALVEZ > AVENIDA JAIME BAUSATE Y MEZA > AVENIDA MANCO CAPAC > PUENTE ABANCAY > AVENIDA ABANCAY > PUENTE RICARDO PALMA > AVENIDA 9 DE OCTUBRE > INTERCAMBIO VIAL PUENTE HUANUCO > VIA EVITAMIENTO > PUENTE HUASCAR > VIA EVITAMIENTO > PUENTE NUEVO > VIA EVITAMIENTO > INTERCAMBIO VIAL PUENTE RAMIRO PRIALE > AVENIDA RAMIRO PRIALE > AVENIDA LAS TORRES > PUENTE HUACHIPA > AVENIDA LAS TORRES > CARRETERA CENTRAL > AVENIDA ANDRES AVELINO CACERES > OVALO ALFONSO BARRANTES > AVENIDA JOSE CARLOS MARIATEGUI,RUTA_4913_1228.pdf,
1229,5303,E.T. PROCERES S.A.,San Miguel,El Agustino,17.23,15.75,27,3,30,3.0,OMNIBUS (M3),AVENIDA LA PAZ / CALLE GENERAL JOSE RUFINO ECHENIQUE,JIRON ANCASH / AVENIDA JOSE DE LA RIVA AGUERO (OVALO LA PAZ),21,13,AVENIDA LA PAZ > PASAJE SAN LUIS > AVENIDA COSTANERA > JIRON INDEPENDENCIA > AVENIDA LIMA > JIRON GENERALISIMO JOSE DE SAN MARTIN > AVENIDA LIMA > JIRON FRANCISCO BOLOGNESI > AVENIDA ANTONIO JOSE DE SUCRE > JIRON COMANDANTE ESPINAR > AVENIDA BRASIL > AVENIDA 28 DE JULIO > OVALO JORGE CHAVEZ > AVENIDA 28 DE JULIO > AVENIDA PASEO DE LA REPUBLICA > AVENIDA JAIME BAUSATE Y MEZA > JIRON HUANUCO > AVENIDA ALMIRANTE MIGUEL GRAU > JIRON JUNIN > AVENIDA SEBASTIAN LORENTE > JIRON ANCASH,JIRON ANCASH > AVENIDA SEBASTIAN LORENTE > AVENIDA ALMIRANTE MIGUEL GRAU > AVENIDA AVIACION > AVENIDA 28 DE JULIO > OVALO JORGE CHAVEZ > AVENIDA 28 DE JULIO > AVENIDA BRASIL > JIRON MIGUEL GRAU > JIRON TACNA > JIRÓN GRAN MARISCAL RAMON CASTILLA > JIRÓN FEDERICO GALLESE TARICCHI > AVENIDA LA PAZ,RUTA_5303_1229.pdf,
1230,7101,EMPRESA DE SERVICIOS MULTIPLES FENIX 2000 S.A.,Chorrillos,Carabayllo,57.95,58.86,75,8,83,4.0,OMNIBUS (M3),AVENIDA ALAMEDA LOS HORIZONTES / AVENIDA ALAMEDA DEL REMERO,AVENIDA TUPAC AMARU / CARRETERA A CANTA (ALT. PUESTO DE SALUD PUNCHAUCA),38,32,"AVENIDA ALAMEDA LOS HORIZONTES > AVENIDA PROLONGACION HUAYLAS > AVENIDA JOSE ANTONIO LAVALLE > AVENIDA ALAMEDA SAN MARCOS > AVENIDA SANTA ANITA > AVENIDA PROLONGACION HUAYLAS > OVALO DE LA CURVA > AVENIDA GUARDIA CIVIL SUR > AVENIDA ALIPIO PONCE > OVALO LOS EUCALIPTOS > AVENIDA ALIPIO PONCE > AVENIDA PEDRO MIOTTA > AVENIDA PEDRO MIOTTA (VUELTA EN ""U"" ALTURA CALLE UGARRIZA) > AVENIDA PEDRO MIOTTA > OVALO HORACIO ZEVALLOS > AVENIDA PEDRO MIOTTA > ACCESO CARRETERA PANAMERICANA SUR > CARRETERA PANAMERICANA SUR > PUENTE PRIMAVERA > CARRETERA PANAMERICANA SUR > INTERCAMBIO VIAL SUR > VIA DE EVITAMIENTO > PUENTE SANTA ANITA > VIA DE EVITAMIENTO > PUENTE NUEVO > VIA DE EVITAMIENTO > PUENTE HUASCAR > VIA DE EVITAMIENTO > CARRETERA PANAMERICANA NORTE > PUENTE TROMPETA > CARRETERA PANAMERICANA NORTE > AVENIDA ALFREDO MENDIOLA > OVALO HABICH > AVENIDA ALFREDO MENDIOLA > CARRETERA PANAMERICANA NORTE > AVENIDA ALFREDO MENDIOLA > AVENIDA TOMAS VALLE > AVENIDA TUPAC AMARU",AVENIDA TUPAC AMARU > AVENIDA TOMAS VALLE > OVALO TOMAS VALLE > AVENIDA ALFREDO MENDIOLA > CARRETERA PANAMERICANA NORTE > AVENIDA ALFREDO MENDIOLA > OVALO HABICH > AVENIDA ALFREDO MENDIOLA > CARRETERA PANAMERICANA NORTE > PUENTE TROMPETA > CARRETERA PANAMERICANA NORTE > VIA DE EVITAMIENTO > PUENTE HUASCAR > VIA DE EVITAMIENTO > PUENTE NUEVO > VIA DE EVITAMIENTO > PUENTE SANTA ANITA > VIA DE EVITAMIENTO > INTERCAMBIO VIAL SUR > CARRETERA PANAMERICANA SUR > AVENIDA LOS ALAMOS > AVENIDA ALIPIO PONCE > OVALO LOS EUCALIPTOS > AVENIDA ALIPIO PONCE > AVENIDA GUARDIA CIVIL SUR > OVALO DE LA CURVA > AVENIDA PROLONGACION HUAYLAS > AVENIDA SANTA ANITA > AVENIDA ALAMEDA SAN MARCOS > AVENIDA JOSE ANTONIO LAVALLE > AVENIDA PROLONGACION HUAYLAS > AVENIDA ALAMEDA LOS HORIZONTES,RUTA_7101_1230.pdf,
1231,7103,"EMPRESA DE TRANSPORTES,SERVICIOS,COMERCIALIZADORA,IMPORTADORA Y EXPORTADORA MACHU PICHU S.A.",Chorrillos,Carabayllo,55.43,56.82,91,10,101,6.0,OMNIBUS (M3),AVENIDA ALAMEDA SAN MARCOS / AVENIDA ALAMEDA DON ALFONSO,CALLE PALO ROSA / PASAJE SANTOS,48,50,AVENIDA ALAMEDA DON ALFONSO > AVENIDA ALAMEDA SAN MARCOS > AVENIDA ALAMEDA LOS HORIZONTES > AVENIDA ALAMEDA LOS CEDROS > AVENIDA ALAMEDA SUR > PROLONGACION HUAYLAS > OVALO LA CURVA > AVENIDA DEFENSORES DEL MORRO > AVENIDA ALEJANDRO IGLESIAS > AVENIDA CHORRILLOS > AVENIDA PEDRO DE OSMA > JIRON 28 DE JULIO > AVENIDA ALMIRANTE MIGUEL GRAU > AVENIDA NICOLAS DE PIEROLA > AVENIDA BALTA > PLAZA BUTTERS > AVENIDA JORGE CHAVEZ > JIRON FERNANDO FAUSTOR > JIRON BATALLA DE AYACUCHO > AVENIDA AYACUCHO > AVENIDA ALFREDO BENAVIDES > OVALO LOS CABITOS > AVENIDA AVIACION > AVENIDA CANADA > PUENTE CANADA > AVENIDA JUAN PARDO DE ZELA > AVENIDA GENERAL CESAR CANEVARO > CALLE LUIS SANCHEZ CERRO > AVENIDA SAN FELIPE > AVENIDA GENERAL MANUEL VIVANCO > AVENIDA ANTONIO JOSE DE SUCRE > AVENIDA MANUEL CIPRIANO DULANTO > AVENIDA UNIVERSITARIA > AVENIDA RAMON HERRERA > AVENIDA UNIVERSITARIA > OVALO BELLA UNION > PUENTE BELLA UNION > AVENIDA UNIVERSITARIA > AVENIDA SANTIAGO ANTUNEZ DE MAYOLO > AVENIDA LAS PALMERAS > AVENIDA RIO MARAÑON > AVENIDA UNIVERSITARIA > INTERCAMBIO VIAL NORTE > CARRETERA PANAMERICANA NORTE > AVENIDA CHILLON TRAPICHE > AVENIDA CHILLON TRAPICHE (GIRO EN U ALT. CALLE LOS AMAUTAS) > AVENIDA CHILLON TRAPICHE > CALLE PALO ROSA,CALLE PALO ROSA > AVENIDA CHILLON TRAPICHE > CARRETERA PANAMERICANA NORTE > INTERCAMBIO VIAL NORTE > CARRETERA PANAMERICANA NORTE > AVENIDA LAS PALMERAS > AVENIDA SANTIAGO ANTUNEZ DE MAYOLO > AVENIDA UNIVERSITARIA > PUENTE BELLA UNION > OVALO BELLA UNION > AVENIDA UNIVERSITARIA > AUXILIAR AVENIDA OSCAR RAIMUNDO BENAVIDES > AVENIDA AURELIO GARCIA Y GARCIA > AVENIDA REPUBLICA DE VENEZUELA > AVENIDA UNIVERSITARIA > AVENIDA MANUEL CIPRIANO DULANTO > JIRON MARISCAL AGUSTIN GAMARRA > AVENIDA GENERAL MANUEL VIVANCO > AVENIDA SAN FELIPE > JIRON PACHACUTEC > AVENIDA GENERAL CESAR CANEVARO > AVENIDA JUAN PARDO DE ZELA > PUENTE CANADA > AVENIDA CANADA > AVENIDA AVIACION > OVALO LOS CABITOS > AVENIDA ALFREDO BENAVIDES > AVENIDA AYACUCHO > CALLE DOÑA DELMIRA > JIRON COMBATE DE IQUIQUE > AVENIDA PASEO LA CASTELLANA > JIRON COMBATE DE ANGAMOS > JIRON SAN PEDRITO > JIRON FRANKLIN ROOSEVELT > AVENIDA JORGE CHAVEZ > JIRON LIMA > JIRON PEDRO HERAUD > AVENIDA EL SOL > AVENIDA JOSE DE SAN MARTIN > AVENIDA PEDRO DE OSMA > AVENIDA CHORRILLOS > AVENIDA JOSE OLAYA > AVENIDA DEFENSORES DEL MORRO > OVALO LA CURVA > PROLONGACION HUAYLAS > AVENIDA ALAMEDA SUR > AVENIDA ALAMEDA LOS CEDROS > AVENIDA ALAMEDA LOS HORIZONTES > AVENIDA ALAMEDA SAN MARCOS > AVENIDA ALAMEDA DON ALFONSO,RUTA_7103_1231.pdf,
1232,7202,EMPRESA DE TRANSPORTES SAN JUAN DE LA CRUZ S.A.C.,San Juan De Miraflores,San Martin De Porres,39.73,38.58,36,4,40,4.0,OMNIBUS (M3),AVENIDA ALAMEDA / CALLE LAS TUNAS,AVENIDA SOL DE NARANJAL / CALLE 1,36,32,AVENIDA ALAMEDA > CALLE CANTA > AVENIDA PIURA > AVENIDA RINCONADA > AVENIDA EDILBERTO RAMOS > CALLE PRINCIPAL > AVENIDA MARCELINO CASTRO GAMBOA > CALLE 3 DE JULIO > AVENIDA CENTRAL > AVENIDA DEFENSORES DE LIMA > AVENIDA CRISTOBAL DE PERALTA SUR > CARRETERA PANAMERICANA SUR > PUENTE PRIMAVERA > CARRETERA PANAMERICANA SUR > VIA DE EVITAMIENTO > PUENTE SANTA ANITA > VIA DE EVITAMIENTO > PUENTE HUASCAR > VIA DE EVITAMIENTO > PUENTE NUEVO > VIA DE EVITAMIENTO > CARRETERA PANAMERICANA NORTE > PUENTE TROMPETA > AVENIDA ALFREDO MENDIOLA > OVALO HABICH > AVENIDA JOSE GRANDA > OVALO JOSE GRANDA > AVENIDA UNIVERSITARIA > AVENIDA SANTIAGO ANTUNEZ DE MAYOLO > AVENIDA 12 DE OCTUBRE > AVENIDA CARLOS ALBERTO IZAGUIRRE > AVENIDA SANTA ROSA > AVENIDA LOS OLIVOS > AVENIDA LOS ALISOS > AVENIDA SAN JOSE > AVENIDA SOL DE NARANJAL,AVENIDA SOL DE NARANJAL > AVENIDA SAN JOSE > AVENIDA LOS ALISOS > AVENIDA LOS OLIVOS > AVENIDA SANTA ROSA > AVENIDA DANIEL ALCIDES CARRION > AVENIDA SANTIAGO ANTUNEZ DE MAYOLO > AVENIDA UNIVERSITARIA > OVALO JOSE GRANDA > AVENIDA JOSE GRANDA > OVALO DE HABICH > AVENIDA ALFREDO MENDIOLA > PUENTE TROMPETA > CARRETERA PANAMERICANA NORTE > VIA DE EVITAMIENTO > PUENTE NUEVO > VIA DE EVITAMIENTO > PUENTE HUASCAR > VIA DE EVITAMIENTO > PUENTE SANTA ANITA > VIA DE EVITAMIENTO > CARRETERA PANAMERICANA SUR > PUENTE PRIMAVERA > CARRETERA PANAMERICANA SUR > TUNEL BENAVIDES > AVENIDA DEFENSORES DE LIMA > AVENIDA CENTRAL > CALLE 3 DE JULIO > AVENIDA MARCELINO CASTTRO GAMBOA > CALLE PRINCIPAL > AVENIDA EDILBERTO RAMOS > CALLE LAS TUNAS,RUTA_7202_1232.pdf,
1233,7204,EMPRESA DE TRANSPORTES Y SERVICIOS SAN PEDRO DE PAMPLONA S.A.,San Juan De Miraflores,San Martin De Porres,34.4,34.21,40,4,44,7.0,MINIBUS (M2-M3),AVENIDA CAMINO REAL / CALLE SN (MERCADO DIVINO NIÑO),AVENIDA CARLOS ALBERTO IZAGUIRRE / AVENIDA CANTA CALLAO,37,39,CALLE CAMINO REAL > AVENIDA MARCELINO CASTRO GAMBOA > AVENIDA SAN JUAN > CALLE 3 DE JULIO > AVENIDA CENTRAL > AVENIDA DEFENSORES DE LIMA > AVENIDA AGUSTIN LA ROSA LOZANO > JIRON CRISTOBAL DE PERALTA SUR > CARRETERA PANAMERICANA SUR > PUENTE PRIMAVERA > CARRETERA PANAMERICANA SUR > INTERCAMBIO VIAL SUR > AVENIDA CIRCUNVALACION > INTERCAMBIO VIAL EL PINO > AVENIDA CIRCUNVALACION > AVENIDA NICOLAS DE AYLLON > AVENIDA MEXICO > AVENIDA PROLONGACION PARINACOCHAS > AVENIDA 28 DE JULIO > PLAZA JORGE CHAVEZ > AVENIDA GUZMAN BLANCO > PLAZA FRANCISCO BOLOGNESI > AVENIDA ARICA > JIRON AGUARICO > AVENIDA REPUBLICA DE VENEZUELA > PUENTE TINGO MARIA > AVENIDA PROLONGACION ARICA > AVENIDA NACIONES UNIDAS > AVENIDA OSCAR RAIMUNDO BENAVIDES > AVENIDA NICOLAS DUEÑAS > PUENTE DUEÑAS > AVENIDA CANADA > AVENIDA PERU > BY PASS AVENIDA PERU > AVENIDA PERU > AVENIDA 12 DE OCTUBRE > AVENIDA CARLOS ALBERTO IZAGUIRRE,AVENIDA CARLOS ALBERTO IZAGUIRRE > VIA AUXILIAR AVENIDA CARLOS IZAGUIRRE > AVENIDA DANIEL ALCIDES CARRION > AVENIDA 12 DE OCTUBRE > AVENIDA PERU > BY PASS AVENIDA PERU > AVENIDA PERU > AVENIDA CANADA > PUENTE DUEÑAS > AVENIDA NICOLAS DUEÑAS > AVENIDA OSCAR RAIMUNDO BENAVIDES > AVENIDA NACIONES UNIDAS > AVENIDA REPUBLICA DE VENEZUELA > PUENTE TINGO MARIA > AVENIDA ARICA > PLAZA FRANCISCO BOLOGNESI > AVENIDA GUZMAN BLANCO > PLAZA JORGE CHAVEZ > AVENIDA 28 DE JULIO > AVENIDA JOSE GALVEZ > AVENIDA JAIME BAUZATE Y MEZA > AVENIDA PROLONGACION PARINACOCHAS > AVENIDA MEXICO > AVENIDA NICOLAS DE AYLLON > AVENIDA CIRCUNVALACION > INTERCAMBIO VIAL EL PINO > AVENIDA CIRCUNVALACION > INTERCAMBIO VIAL SUR > CARRETERA PANAMERICANA SUR > PUENTE PRIMAVERA > CARRETERA PANAMERICANA SUR > TUNEL BENAVIDES > AVENIDA AGUSTIN LA ROSA LOZANO > AVENIDA DEFENSORES DE LIMA > AVENIDA CENTRAL > CALLE 3 DE JULIO > AVENIDA SAN JUAN > AVENIDA MARCELINO CASTRO GAMBOA > CALLE CAMINO REAL,RUTA_7204_1233.pdf,
1234,7504,EMPRESA DE TRANSPORTES LA UNIDAD DE VILLA S.A.,San Juan De Miraflores,La Perla,20.38,20.24,59,6,65,7.0,MINIBUS (M2-M3),AVENIDA MANUEL SCORZA / CALLE 6,AVENIDA REPUBLICA DE VENEZUELA / AVENIDA JUAN PABLO II (OVALO JUAN PABLO II),37,34,"AVENIDA MANUEL SCORZA > CALLE 20 > AVENIDA HEROES DEL PACIFICO > CALLE MIGUEL GRAU > CALLE JUAN VELASCO ALVARADO > AVENIDA MIGUEL IGLESIAS > AVENIDA JUAN VELASCO ALVARADO > AVENIDA CESAR CANEVARO > AVENIDA RAMON VARGAS MACHUCA > AVENIDA SAN JUAN > AVENIDA LOS HEROES > INTERCAMBIO VIAL PUENTE ATOCONGO > AVENIDA SANTIAGO DE SURCO > VIA AUXILIAR AVENIDA SANTIAGO DE SURCO > AVENIDA CAMINOS DEL INCA > AVENIDA SAN LUIS > AVENIDA SAN JUAN > OVALO DE ARRIOLA > AVENIDA AVIACION > AVENIDA MEXICO > JIRON HUANUCO > AVENIDA ISABEL LA CATOLICA > AVENIDA PROLONGACION PARINACOCHAS > AVENIDA 28 DE JULIO > PLAZA JORGE CHAVEZ > AVENIDA 28 DE JULIO > JIRON LOS MOGABUROS > AVENIDA ARNALDO MARQUEZ > AVENIDA REPUBLICA DOMINICANA > AVENIDA BRASIL > AUXILIAR AVENIDA BRASIL > AVENIDA SIMON BOLIVAR > AVENIDA UNIVERSITARIA > AVENIDA REPUBLICA DE VENEZUELA > AVENIDA REPUBLICA DE VENEZUELA (VUELTA EN ""U"" ALT. AVENIDA SANTA BERNARDITA) > BY PASS VENEZUELA > AVENIDA REPUBLICA DE VENEZUELA","AVENIDA REPUBLICA DE VENEZUELA > AVENIDA UNIVERSITARIA > AVENIDA SIMON BOLIVAR > AVENIDA HUSARES DE JUNIN > AVENIDA GENERAL EUGENIO GARZON > AVENIDA 28 DE JULIO > PLAZA JORGE CHAVEZ > AVENIDA 28 DE JULIO > AVENIDA JOSE GALVEZ > AVENIDA JAIME BAUSATE Y MEZA > AVENIDA PROLONGACION PARINACOCHAS > AVENIDA MEXICO > AVENIDA AVIACION > OVALO DE ARRIOLA > AVENIDA SAN JUAN > AVENIDA SAN LUIS > AVENIDA CAMINOS DEL INCA > AVENIDA LOS PROCERES > AVENIDA LOS PROCERES (VUELTA EN ""U"" ALT. > ALAMEDA CORONEL JOSE ANDRES RAZURI > AVENIDA LOS PROCERES > AVENIDA SANTIAGO DE SURCO > INTERCAMBIO VIAL PUENTE ATOCONGO > AVENIDA LOS HEROES > AVENIDA SAN JUAN > AVENIDA RAMON VARGAS MACHUCA > AVENIDA CESAR CANEVARO > AVENIDA JUAN VELASCO ALVARADO > AVENIDA MIGUEL IGLESIAS > CALLE JUAN VELASCO ALVARADO > CALLE MIGUEL GRAU > AVENIDA HEROES DEL PACIFICO > CALLE 20 > AVENIDA MANUEL SCORZA",RUTA_7504_1234.pdf,
1235,8102,E. T. SALAMANCA-PARRAL S.A.,Carabayllo,Pachacamac,54.16,53.45,108,11,119,4.0,OMNIBUS (M3),AVENIDA SANTO DOMINGO / AVENIDA LOS ANGELES,AVENIDA VICTOR MALASQUEZ / AVENIDA TEODORO MEZA UGARTE,41,41,AVENIDA SANTO DOMINGO > AVENIDA CAMINO REAL > AVENIDA SANTO DOMINGO > AVENIDA SAN JUAN BOSCO > AVENIDA MARIANO CONDORCANQUI > AVENIDA ISABEL CHIMPU OCLLO > AVENIDA UNIVERSITARIA > OVALO UNIVERSIDAD > AVENIDA UNIVERSITARIA > INTERCAMBIO VIAL NORTE > CARRETERA PANAMERICANA NORTE > AVENIDA ALFREDO MENDIOLA > OVALO IZAGUIRRE > AVENIDA ALFREDO MENDIOLA > CARRETERA PANAMERICANA NORTE > AVENIDA ALFREDO MENDIOLA > OVALO ANGELICA GAMARRA > AVENIDA ALFREDO MENDIOLA > OVALO TOMAS VALLE > CARRETERA PANAMERICANA NORTE > AVENIDA ALFREDO MENDIOLA > OVALO HABICH > AVENIDA ALFREDO MENDIOLA > CARRETERA PANAMERICANA NORTE > PUENTE TROMPETA > CARRETERA PANAMERICANA NORTE > VIA DE EVITAMIENTO > PUENTE NUEVO > VIA DE EVITAMIENTO > PUENTE HUASCAR > VIA DE EVITAMIENTO > ACCESO NICOLAS AYLLON > AVENIDA NICOLAS AYLLON > CARRETERA CENTRAL > AVENIDA LA MOLINA > AVENIDA LOS CONSTRUCTORES > AVENIDA FLORA TRISTAN > OVALO MARISCAL CACERES > AVENIDA FLORA TRISTAN > AVENIDA LA MOLINA > AVENIDA VICTOR MALASQUEZ,AVENIDA VICTOR MALASQUEZ > AVENIDA LA MOLINA > AVENIDA FLORA TRISTAN > OVALO MARISCAL CACERES > AVENIDA FLORA TRISTAN > AVENIDA LOS CONSTRUCTORES > AVENIDA LA MOLINA > CARRETERA CENTRAL > ACCESO VIA DE EVITAMIENTO > VIA DE EVITAMIENTO > PUENTE HUASCAR > VIA DE EVITAMIENTO > PUENTE NUEVO > VIA DE EVITAMIENTO > CARRETERA PANAMERICANA NORTE > PUENTE TROMPETA > CARRETERA PANAMERICANA NORTE > AVENIDA ALFREDO MENDIOLA > OVALO HABICH > AVENIDA ALFREDO MENDIOLA > CARRETERA PANAMERICANA NORTE > AVENIDA ALFREDO MENDIOLA > OVALO TOMAS VALLE > AVENIDA ALFREDO MENDIOLA > OVALO ANGELICA GAMARRA > AVENIDA ALFREDO MENDIOLA > CARRETERA PANAMERICANA NORTE > AVENIDA ALFREDO MENDIOLA > OVALO IZAGUIRRE > AVENIDA ALFREDO MENDIOLA > CARRETERA PANAMERICANA NORTE > ACCESO AVENIDA UNIVERSITARIA > AVENIDA UNIVERSITARIA > OVALO UNIVERSIDAD > AVENIDA UNIVERSITARIA > AVENIDA ISABEL CHIMPU OCLLO > AVENIDA MARIANO CONDORCANQUI > AVENIDA SAN JUAN BOSCO > AVENIDA SANTO DOMINGO > AVENIDA CAMINO REAL > AVENIDA SANTO DOMINGO,RUTA_8102_1235.pdf,
1236,8104,EMP.DE TRANSPORTES Y MULTISERVICIOS IMPORTADORA Y EXPORTADORA SAN FRANCISCO DE ASIS DE LOS OLIVOS SA,Villa El Salvador,Carabayllo,61.43,59.97,74,8,82,7.0,OMNIBUS (M3),AVENIDA PACHACUTEC / AVENIDA PRIMERO DE MAYO,AVENIDA SANTA MARIA / AVENIDA LOMAS DE CARABAYLLO,43,39,AVENIDA PACHACUTEC > AVENIDA 26 DE NOVIEMBRE > AVENIDA NICOLAS DE PIEROLA > AVENIDA DEFENSORES DE LIMA > AVENIDA AGUSTIN ROSA LOZANO > JIRON CERRO LINDO > AVENIDA CIRCUNVALACION > PUENTE BENAVIDES > AVENIDA ALFREDO BENAVIDES > AVENIDA CAMINOS DEL INCA > AVENIDA SAN LUIS > AVENIDA CANADA > PUENTE CANADA > AVENIDA JUAN PARDO DE ZELA > AVENIDA GENERAL CESAR CANEVARO > AVENIDA GENERAL SALAVERRY > JIRON HUIRACOCHA > AVENIDA AFRANIO DE MELLO FRANCO > AVENIDA BRASIL > AUXILIAR AVENIDA BRASIL > AVENIDA SIMON BOLIVAR > AVENIDA UNIVERSITARIA > AVENIDA RAMON HERRERA > AVENIDA UNIVERSITARIA > OVALO BELLA UNION > PUENTE BELLA UNION > AVENIDA UNIVERSITARIA > AVENIDA SANTIAGO ANTUNEZ DE MAYOLO > AVENIDA LAS PALMERAS > AVENIDA RIO MARANON > AVENIDA UNIVERSITARIA > INTERCAMBIO VIAL NORTE > CARRETERA PANAMERICANA NORTE > AVENIDA CHILLON TRAPICHE > AVENIDA ISABEL CHIMPU OCLLO > AVENIDA MARIANO CONDORCANQUI > AVENIDA SAN JUAN BOSCO > AVENIDA SANTO DOMINGO > AVENIDA CAMINO REAL > PUENTE SAN MARTIN > AVENIDA PROLONGACION CAMINO REAL > AVENIDA JOSE SACO ROJAS > AVENIDA SANTA MARIA,AVENIDA SANTA MARIA > AVENIDA JOSE SACO ROJAS > AVENIDA PROLONGACION CAMINO REAL > PUENTE SAN MARTIN > AVENIDA CAMINO REAL > AVENIDA SANTO DOMINGO > AVENIDA SAN JUAN BOSCO > AVENIDA MARIANO CONDORCANQUI > AVENIDA ISABEL CHIMPU OCLLO > AVENIDA CHILLON TRAPICHE > CARRETERA PANAMERICANA NORTE > AVENIDA LAS PALMERAS > AVENIDA SANTIAGO ANTUNEZ DE MAYOLO > AVENIDA UNIVERSITARIA > PUENTE BELLA UNION > OVALO BELLA UNION > AVENIDA UNIVERSITARIA > AVENIDA OSCAR R. BENAVIDES > AVENIDA AURELIO GARCIA Y GARCIA > AVENIDA REPUBLICA DE VENEZUELA > AVENIDA UNIVERSITARIA > AVENIDA SIMON BOLIVAR > AVENIDA HUSARES DE JUNIN > AVENIDA EDGARDO REBAGLIATI > JIRON DOMINGO CUETO > AVENIDA ALVAREZ DE ARENALES > AVENIDA JUAN PARDO DE ZELA > PUENTE CANADA > AVENIDA CANADA > AVENIDA SAN LUIS > AVENIDA CAMINOS DEL INCA > AVENIDA ALFREDO BENAVIDES > PUENTE BENAVIDES > AVENIDA GREVILLEA > AVENIDA AGUSTIN ROSA LOZANO > AVENIDA DEFENSORES DE LIMA > AVENIDA NICOLAS DE PIEROLA > AVENIDA 26 DE NOVIEMBRE > AVENIDA PACHACUTEC,RUTA_8104_1236.pdf,
1237,8105,EMPRESA DE TRANSP Y SERVIC EL RAPIDO S.A,Villa El Salvador,Carabayllo,56.06,56.61,107,11,118,4.0,OMNIBUS (M3),A VENIDA JUAN VE LASCO AL VARADO / AVENIDA MAGISTERIO,AVENIDA CAMINO REAL / AVENIDA PRINCIPAL,52,52,AVENIDA JUAN VELASCO ALVARADO > AUXILIAR AVENIDA PACHACUTEC > AVENIDA GENERAL VIDAL > JIRON CUSCO > AVENIDA SANTA ROSA > JIRON AYACUCHO > AVENIDA FLORA TRISTAN > AVENIDA LOS INCAS > AVENIDA 27 DE DICIEMBRE > AVENIDA PACHACUTEC > CALLE 28 DE JULIO > AVENIDA NICOLAS DE PIEROLA > AVENIDA DEFENSORES DE LIMA > AVENIDA AGUSTIN LA ROSA LOZANO > JIRON CRISTOBAL DE PERALTA SUR > CARRETERA PANAMERICA SUR > PUENTE PRIMAVERA > CARRETERA PANAMERICA SUR > INTERCAMBIO VIAL SUR > VIA DE EVITAMIENTO > PUENTE SANTA ANITA > VIA DE EVITAMIENTO > PUENTE NUEVO > VIA DE EVITAMIENTO > PUENTE HUASCAR > VIA DE EVITAMIENTO > CARRETERA PANAMERICANA NORTE > PUENTE TROMPETA > CARRETERA PANAMERICANA NORTE > AVENIDA ALFREDO MENDIOLA > OVALO HABICH > AVENIDA ALFREDO MENDIOLA > CARRETERA PANAMERICANA NORTE > AVENIDA ALFREDO MENDIOLA > OVALO TOMAS VALLE > AVENIDA ALFREDO MENDIOLA > OVALO ANGELICA GAMARRA > AVENIDA ALFREDO MENDIOLA > CARRETERA PANAMERICANA NORTE > AVENIDA ALFREDO MENDIOLA > OVALO IZAGUIRRE > AVENIDA ALFREDO MENDIOLA > CARRETERA PANAMERICANA NORTE > ACCESO AVENIDA UNIVERSITARIA > AVENIDA UNIVERSITARIA > OVALO UNIVERSIDAD > AVENIDA UNIVERSITARIA > AVENIDA ISABEL CHIMPU OCLLO > AVENIDA MARIANO CONDORCANQUI > AVENIDA U > AVENIDA CHILLON TRAPICHE > AVENIDA CAMINO REAL,AVENIDA CAMINO REAL > AVENIDA CHILLON TRAPICHE > AVENIDA U > AVENIDA MARIANO CONDORCANQUI > AVENIDA ISABEL CHIMPU OCLLO > AVENIDA UNIVERSITARIA > OVALO UNIVERSIDAD > AVENIDA UNIVERSITARIA > INTERCAMBIO VIAL NORTE > CARRETERA PANAMERICANA NORTE > AVENIDA ALFREDO MENDIOLA > OVALO IZAGUIRRE > AVENIDA ALFREDO MENDIOLA > CARRETERA PANAMERICANA NORTE > AVENIDA ALFREDO MENDIOLA > OVALO ANGELICA GAMARRA > AVENIDA ALFREDO MENDIOLA > OVALO TOMAS VALLE > AVENIDA ALFREDO MENDIOLA > CARRETERA PANAMERICANA NORTE > AVENIDA ALFREDO MENDIOLA > OVALO HABICH > AVENIDA ALFREDO MENDIOLA > CARRETERA PANAMERICANA NORTE > PUENTE TROMPETA > CARRETERA PANAMERICANA NORTE > VIA DE EVITAMIENTO > PUENTE HUASCAR > VIA DE EVITAMIENTO > PUENTE NUEVO > VIA DE EVITAMIENTO > PUENTE SANTA ANITA > VIA DE EVITAMIENTO > INTERCAMBIO VIAL SUR > CARRETERA PANAMERICA SUR > PUENTE PRIMAVERA > CARRETERA PANAMERICA SUR > TUNEL BENAVIDES > AVENIDA AGUSTIN LA ROSA LOZANO > AVENIDA DEFENSORES DE LIMA > AVENIDA NICOLAS DE PIEROLA > AVENIDA MARIA PARADO DE BELLIDO > AVENIDA PACHACUTEC > AVENIDA 27 DE DICIEMBRE > AVENIDA LOS INCAS > JIRON INDEPENDENCIA > JIRON AYACUCHO > AVENIDA SANTA ROSA > JIRON CUSCO > AVENIDA GENERAL VIDAL > AUXILIAR AVENIDA PACHACUTEC > AVENIDA JUAN VELASCO ALVARADO,RUTA_8105_1237.pdf,
1238,8107,SAN FELIPE EXPRES´S S.A.,Villa El Salvador,Carabayllo,68.31,68.91,92,10,102,4.0,OMNIBUS (M3),AVENIDA JUAN VELASCO ALVARADO / AVENIDA SEPARADORA AGROINDUSTRIAL,AVENIDA PRINCIPAL / AVENIDA LAS TORRES,56,55,AVENIDA JUAN VELASCO ALVARADO > AVENIDA MARIA ELENA MOYANO > OVALO OASIS > AVENIDA 200 MILLAS > AVENIDA MARIANO PASTOR SEVILLA > OVALO COCHARCAS > AVENIDA MATEO PUMACAHUA > BY PASS VILLA EL SALVADOR > CARRETERA PANAMERICANA SUR > PUENTE ALIPIO PONCE > CARRETERA PANAMERICANA SUR > INTERCAMBIO VIAL PUENTE ATOCONGO > CARRETERA PANAMERICANA SUR > PUENTE PRIMAVERA > CARRETERA PANAMERICANA SUR > INTERCAMBIO VIAL SUR > VIA DE EVITAMIENTO > PUENTE SANTA ANITA > VIA DE EVITAMIENTO > PUENTE HUASCAR > VIA DE EVITAMIENTO > PUENTE NUEVO > VIA DE EVITAMIENTO > INTERCAMBIO VIAL CAQUETA > CARRETERA PANAMERICANA NORTE > PUENTE TROMPETA > CARRETERA PANAMERICANA NORTE > AVENIDA ALFREDO MENDIOLA > OVALO HABICH > AVENIDA ALFREDO MENDIOLA > CARRETERA PANAMERICANA NORTE > AVENIDA ALFREDO MENDIOLA > OVALO TOMAS VALLE > AVENIDA ALFREDO MENDIOLA > CARRETERA PANAMERICANA NORTE > AVENIDA ALFREDO MENDIOLA > OVALO ANGELICA GAMARRA > AVENIDA ALFREDO MENDIOLA > CARRETERA PANAMERICANA NORTE > AVENIDA ALFREDO MENDIOLA > OVALO IZAGUIRRE > AVENIDA ALFREDO MENDIOLA > CARRETERA PANAMERICANA NORTE > OVALO NARANJAL > CARRETERA PANAMERICANA NORTE > PUENTE UNIVERSITARIA > CARRETERA PANAMERICANA NORTE > PUENTE RIO CHILLON > CARRETERA PANAMERICANA NORTE > CALLE LEONCIO PRADO > AVENIDA JUANA DE ARCO > AVENIDA SAN MIGUEL > AVENIDA LAS LOMAS DE CARABAYLLO > AVENIDA PRINCIPAL CARABAYLLO > AVENIDA PRINCIPAL > AVENIDA LAS TORRES,"AVENIDA LAS TORRES > AVENIDA PRINCIPAL > AVENIDA PRINCIPAL CARABAYLLO > AVENIDA LAS LOMAS DE CARABAYLLO > AVENIDA SAN MIGUEL > AVENIDA JUANA DE ARCO > CALLE LEONCIO PRADO > CARRETERA PANAMERICANA NORTE (VUELTA EN ""U"" ALT. CALLE GLORIA BAMBA) > AVENIDA BUENOS AIRES > ACCESO CARRETERA PANAMERICANA NORTE > CARRETERA PANAMERICANA NORTE > PUENTE RIO CHILLON > CARRETERA PANAMERICANA NORTE > OVALO NARANJAL > CARRETERA PANAMERICANA NORTE > AVENIDA ALFREDO MENDIOLA > OVALO IZAGUIRRE > AVENIDA ALFREDO MENDIOLA > CARRETERA PANAMERICANA NORTE > AVENIDA ALFREDO MENDIOLA > OVALO ANGELIZA GAMARRA > AVENIDA ALFREDO MENDIOLA > CARRETERA PANAMERICANA NORTE > AVENIDA ALFREDO MENDIOLA > OVALO TOMAS VALLE > AVENIDA ALFREDO MENDIOLA > CARRETERA PANAMERICANA NORTE > AVENIDA ALFREDO MENDIOLA > OVALO HABICH > AVENIDA ALFREDO MENDIOLA > CARRETERA PANAMERICANA NORTE > PUENTE TROMPETA > CARRETERA PANAMERICANA NORTE > INTERCAMBIO VIAL PUENTE CAQUETA > VIA DE EVITAMIENTO > PUENTE NUEVO > VIA DE EVITAMIENTO > PUENTE HUASCAR > VIA DE EVITAMIENTO > PUENTE SANTA ANITA > VIA DE EVITAMIENTO > INTERCAMBIO VIAL SUR > CARRETERA PANAMERICANA SUR > PUENTE PRIMAVERA > CARRETERA PANAMERICANA SUR > PUENTE ALIPIO PONCE > CARRETERA PANAMERICANA SUR > BY PASS VILLA EL SALVADOR > AVENIDA MATEO PUMACAHUA > OVALO COCHARCAS > AVENIDA MARIANO PASTOR SEVILLA > AVENIDA 200 MILLAS > OVALO OASIS > AVENIDA MARIA ELENA MOYANO > AVENIDA JUAN VELASCO ALVARADO",RUTA_8107_1238.pdf,
1239,8108,EMPRESA DE SERV. MULTIPLES EL CONDOR S.A.,Villa El Salvador,Puente Piedra,66.08,65.29,109,11,120,4.0,OMNIBUS (M3),AVENIDA LIMA / CALLE H,CALLE LOS ALAMOS / CALLE ALISOS,56,55,AVENIDA LIMA > OVALO MARIA REICHE > AVENIDA MARIA REICHE > AVENIDA PROLONGACION MARIANO PASTOR SEVILLA > AVENIDA MARIANO PASTOR SEVILLA > OVALO COCHARCAS > AVENIDA MATEO PUMACAHUA > INTERCAMBIO VIAL VILLA EL SALVADOR > CARRETERA PANAMERICANA SUR > PUENTE ALIPIO PONCE > CARRETERA PANAMERICANA SUR > INTERCAMBIO VIA PUENTE ATOCONGO > CARRETERA PANAMERICANA SUR > PUENTE PRIMAVERA > CARRETERA PANAMERICANA SUR > INTERCAMBIO VIAL SUR > VIA DE EVITAMIENTO > PUENTE SANTA ANITA > VIA DE EVITAMIENTO > PUENTE HUASCAR > VIA DE EVITAMIENTO > PUENTE NUEVO > VIA DE EVITAMIENTO > INTERCAMBIO VIAL PUENTE CAQUETA > CARRETERA PANAMERICANA NORTE > PUENTE TROMPETA > AVENIDA ALFREDO MENDIOLA > OVALO HABICH > AVENIDA ALFREDO MENDIOLA > CARRETERA PANAMERICANA NORTE > AVENIDA ALFREDO MENDIOLA > OVALO TOMAS VALLE > AVENIDA ALFREDO MENDIOLA > OVALO ANGELICA GAMARRA > AVENIDA ALFREDO MENDIOLA > CARRETERA PANAMERICANA NORTE > AVENIDA ALFREDO MENDIOLA > OVALO IZAGUIRRE > AVENIDA ALFREDO MENDIOLA > CARRETERA PANAMERICANA NORTE > AVENIDA ALFREDO MENDIOLA > OVALO NARANJAL > AVENIDA ALFREDO MENDIOLA > CARRETERA PANAMERICANA NORTE > PUENTE RIO CHILLON > CARRETERA PANAMERICANA NORTE > AVENIDA PUENTE PIEDRA > CARRETERA PANAMERICANA NORTE > AUXILIAR CARRETERA PANAMERICANA NORTE > JIRON GALILEA > AVENIDA ANCON > CALLE LAS MAGNOLIAS > CALLE 9 > CALLE VALLE HERMOSO > CALLE LOS ALISOS > CALLE LOS ALAMOS,CALLE LOS ALAMOS > CALLE LOS ALISOS > CALLE VALLE HERMOSO > CALLE 9 > CALLE LAS MAGNOLIAS > AVENIDA ANCON > AVENIDA PROCERES > CARRETERA PANAMERICANA NORTE > AVENIDA PUENTE PIEDRA > CARRETERA PANAMERICANA NORTE > PUENTE RIO CHILLON > CARRETERA PANAMERICANA NORTE > INTERCAMBIO VIA NORTE > CARRETERA PANAMERICANA NORTE > AVENIDA ALFREDO MENDIOLA > OVALO IZAGUIRRE > AVENIDA ALFREDO MENDIOLA > CARRETERA PANAMERICANA NORTE > AVENIDA ALFREDO MENDIOLA > OVALO ANGELICA GAMARRA > AVENIDA ALFREDO MENDIOLA > OVALO TOMAS VALLE > AVENIDA ALFREDO MENDIOLA > CARRETERA PANAMERICANA NORTE > AVENIDA ALFREDO MENDIOLA > OVALO HABICH > AVENIDA ALFREDO MENDIOLA > CARRETERA PANAMERICANA NORTE > PUENTE RTROMPETA > CARRETERA PANAMERICANA NORTE > VIA DE EVITAMIENTO > INTERCAMBIO VIAL PUENTE CAQUETA > VIA DE EVITAMIENTO > PUENTE NUEVO > VIA DE EVITAMIENTO > PUENTE HUASCAR > VIA DE EVITAMIENTO > PUENTE SANTA ANITA > VIA DE EVITAMIENTO > INTERCAMBIO VIAL SUR > CARRETERA PANAMERICANA SUR > PUENTE PRIMAVERA > CARRETERA PANAMERICANA SUR > INTERCAMBIO VIAL PUENTE ATOCONGO > CARRETERA PANAMERICANA SUR > PUENTE ALIPIO PONCE > CARRETERA PANAMERICANA SUR > INTERCAMBIO VIAL VILLA EL SALVADOR > AVENIDA MATEO PUMACAHUA > OVALO COCHARCAS > AVENIDA MARIANO PASTOR SEVILLA > AVENIDA PROLONGACIÓN MARIANO PASTOR SEVILLA > AVENIDA MARIA REICHE > OVALO MARIA REICHE > AVENIDA LIMA,RUTA_8108_1239.pdf,
1240,8109,EMPRESA DE TRANSPORTES Y SERVICIOS VIRGEN DE LA PUERTA S.A.,Pachacamac,Ancon,76.63,76.69,122,13,135,4.0,OMNIBUS (M3),AVENIDA LAS PALMAS / LOS EUCALIPTOS,AVENIDA LOS RADARES / CALLE LOS VENTILADORES,67,65,AVENIDA LAS PALMAS > AVENIDA ZARUMILLA > AVENIDA LEONCIO PRADO > AVENIDA LIMA > OVALO JOSE GALVEZ > AVENIDA LIMA > OVALO MARIA REICHE > AVENIDA MARIA REICHE > AVENIDA SEPARADORA INDUSTRIAL > OVALO CHAMA > AVENIDA SEPARADORA INDUSTRIAL > AVENIDA JOSE CARLOS MARIATEGUI > AVENIDA REVOLUCION > OVALO DE LA MUJER > AVENIDA REVOLUCION > AVENIDA PRIMERO DE MAYO > AVENIDA MARIANO PASTOR SEVILLA > OVALO COCHARCAS > AVENIDA MATEO PUMACAHUA > CARRETERA PANAMERICANA SUR > AVENIDA PANAMERICANA SUR > PUENTE ALIPIO PONCE > CARRETERA PANAMERICANA SUR > PUENTE PRIMAVERA > CARRETERA PANAMERICANA SUR > INTERCAMBIO VIAL SUR > CARRETERA PANAMERICANA SUR > PUENTE SANTA ANITA > VIA EVITAMIENTO > PUENTE HUASCAR > VIA EVITAMIENTO > PUENTE NUEVO > VIA EVITAMIENTO > CARRETERA PANAMERICANA NORTE > PUENTE TROMPETA > CARRETERA PANAMERICANA NORTE > AVENIDA ALFREDO MENDIOLA > OVALO HABICH > AVENIDA ALFREDO MENDIOLA > CARRETERA PANAMERICANA NORTE > AVENIDA ALFREDO MENDIOLA > OVALO TOMAS VALLE > AVENIDA ALFREDO MENDIOLA > OVALO ANGELICA GAMARRA > AVENIDA ALFREDO MENDIOLA > CARRETERA PANAMERICANA NORTE > AVENIDA ALFREDO MENDIOLA > OVALO IZAGUIRRE > AVENIDA ALFREDO MENDIOLA > CARRETERA PANAMERICANA NORTE > INTERCAMBIO VIAL NORTE > CARRETERA PANAMERICANA NORTE > PUENTE RIO CHILLON > CARRETERA PANAMERICANA NORTE > AVENIDA PUENTE PIEDRA > OVALO PUENTE PIEDRA > AVENIDA PUENTE PIEDRA > CARRETERA PANAMERICANA NORTE > INTERCAMBIO VIAL NESTOR GAMBETA > CARRETERA PANAMERICADA NORTE > PUENTE VARIANTE > AVENIDA JULIO CESAR TELLO > OVALO DE ANCON > CARRETERA SERPENTIN DE PASAMAYO > AVENIDA INDUSTRIAL UNIDAS > CALLE LOS AMPERIOS > AVENIDAS RADARES,AVENIDA LOS RADARES > CALLE LOS VENTILADORES > CALLE LOS DISEÑOS > AVENIDA INDUSTRIAS UNIDAS > CARRETERA SERPENTIN DE PASAMAYO > OVALO DE ANCON > AVENIDA JULIO CESAR TELLO > PUENTE VARIANTE > CARRETERA PANAMERICANA NORTE > INTERCAMBIO VIAL NESTOR GAMBETA > CARRETERA PANAMERICANA NORTE > AVENIDA PUENTE PIEDRA > OVALO PUENTE PIEDRA > AVENIDA PUENTE PIEDRA > CARRETERA PANAMERICANA NORTE > PUENTE RIO CHILLON > CARRETERA PANAMERICANA NORTE > INTERCAMBIO VIAL NORTE > CARRETERA PANAMERICANA NORTE > AVENIDA ALFREDO MENDIOLA > OVALO IZAGUIRRE > AVENIDA ALFREDO MENDIOLA > CARRETERA PANAMERICANA NORTE > AVENIDA ALFREDO MENDIOLA > OVALO ANGELICA GAMARRA > AVENIDA ALFREDO MENDIOLA > OVALO TOMAS VALLE > AVENIDA ALFREDO MENDIOLA > CARRETERA PANAMERICANA NORTE > AVENIDA ALFREDO MENDIOLA > OVALO HABICH > AVENIDA ALFREDO MENDIOLA > CARRETERA PANAMERICANA NORTE > PUENTE TROMPETA > CARRETERA PANAMERICANA NORTE > VIA EVITAMIENTO > PUENTE NUEVO > VIA EVITAMIENTO > PUENTE HUASCAR > VIA EVITAMIENTO > PUENTE SANTA ANITA > CARRETERA PANAMERICANA SUR > PUENTE PRIMAVERA > CARRETERA PANAMERICANA SUR > PUENTE ALIPIO PONCE > CARRETERA PANAMERICANA SUR > AVENIDA MATEO PUMACAHUA > OVALO COCHARCAS > AVENIDA MARIANO PASTOR SEVILLA > AVENIDA PRIMERO DE MAYO > AVENIDA CENTRAL > OVALES CUAVES > AVENIDA CENTRAL > AVENIDA JOSE CARLOS MARIATEGUI > AVENIDA SEPARADORA INDUSTRIAL > OVALO CHAMA > AVENIDA SEPARADORA INDUSTRIAL > AVENIDA MARIA REICHE > OVALO MARIA REICHE > AVENIDA LIMA > OVALO JOSE GALVEZ > AVENIDA LIMA > AVENIDA LEONCIO PRADO > AVENIDA ZARUMILLA > AVENIDA LAS PALMAS,RUTA_8109_1240.pdf,
1241,8110,EMPRESA DE TRANSPORTES ROLUESA S.A.C.,Lurin,Carabayllo,73.78,74.47,99,10,109,4.0,OMNIBUS (M3),JIRON RAMON CASTILLA / CALLE 9,AVENIDA LAS LOMAS DE CARABAYLLO / CALLE S/N (REFERENCIA ALTURA EIP SCHOOL KING),51,52,JIRON RAMON CASTILLA > JIRON LAS PALMERAS > AVENIDA ANCASH > AVENIDA MARTIR OLAYA > ANTIGUA CARRETERA PANAMERICANA SUR > PUENTE LURIN > ANTIGUA CARRETERA PANAMERICANA SUR > AVENIDA LIMA > OVALO MARIA REICHE > AVENIDA LIMA > OVALO JOSE GALVEZ > AVENIDA PACHACUTEC > AVENIDA LOS HEROES > INTERCAMBIO VIAL PUENTE ATOCONGO > AVENIDA PANAMERICANA SUR > PUENTE PRIMAVERA > AVENIDA PANAMERICANA SUR > VIA DE EVITAMIENTO > PUENTE SANTA ANITA > VIA DE EVITAMIENTO > PUENTE HUASCAR > VIA DE EVITAMIENTO > PUENTE NUEVO > VIA DE EVITAMIENTO > CARRETERA PANAMERICANA NORTE > PUENTE TROMPETA > CARRETERA PANAMERICANA NORTE > AVENIDA ALFREDO MENDIOLA > OVALO HABICH > AVENIDA ALFREDO MENDIOLA > CARRETERA PANAMERICANA NORTE > AVENIDA ALFREDO MENDIOLA > OVALO TOMAS VALLE > AVENIDA ALFREDO MENDIOLA > OVALO ANGELICA GAMARRA > AVENIDA ALFREDO MENDIOLA > CARRETERA PANAMERICANA NORTE > AVENIDA ALFREDO MENDIOLA > OVALO IZAGUIRRE > AVENIDA ALFREDO MENDIOLA > CARRETERA PANAMERICANA NORTE > INTERCAMBIO VIAL NORTE > CARRETERA PANAMERICANA NORTE > PUENTE RIO CHILLON > CARRETERA PANAMERICANA NORTE > AVENIDA PUENTE PIEDRA > CARRETERA PANAMERICANA NORTE > CALLE LEONCIO PRADO > AVENIDA JUANA DE ARCO > AVENIDA SAN MIGUEL > AVENIDA LAS LOMAS DE CARABAYLLO,AVENIDA LAS LOMAS DE CARABAYLLO > AVENIDA SAN MIGUEL > AVENIDA JUANA DE ARCO > CALLE LEONCIO PRADO > CARRETERA PANAMERICANA NORTE > AVENIDA PUENTE PIEDRA > CARRETERA PANAMERICANA NORTE > PUENTE RIO CHILLON > CARRETERA PANAMERICANA NORTE > INTERCAMBIO VIAL NORTE > CARRETERA PANAMERICANA NORTE > AVENIDA ALFREDO MENDIOLA > OVALO IZAGUIRRE > AVENIDA ALFREDO MENDIOLA > CARRETERA PANAMERICANA NORTE > AVENIDA ALFREDO MENDIOLA > OVALO ANGELICA GAMARRA > AVENIDA ALFREDO MENDIOLA > OVALO TOMAS VALLE > AVENIDA ALFREDO MENDIOLA > CARRETERA PANAMERICANA NORTE > AVENIDA ALFREDO MENDIOLA > OVALO HABICH > AVENIDA ALFREDO MENDIOLA > CARRETERA PANAMERICANA NORTE > PUENTE TROMPETA > CARRETERA PANAMERICANA NORTE > VIA DE EVITAMIENTO > PUENTE NUEVO > VIA DE EVITAMIENTO > PUENTE HUASCAR > VIA DE EVITAMIENTO > PUENTE SANTA ANITA > CARRETERA PANAMERICANA SUR > INTERCAMBIO VIAL JAVIER PRADO > CARRETERA PANAMERICANA SUR > PUENTE PRIMAVERA > CARRETERA PANAMERICANA SUR > INTERCAMBIO VIAL PUENTE ATOCONGO > AVENIDA LOS HEROES > AVENIDA PACHACUTEC > OVALO JOSE GALVEZ > AVENIDA LIMA > OVALO MARIA REICHE > AVENIDA LIMA > ANTIGUA CARRETERA PANAMERICANA SUR > PUENTE LURIN > ANTIGUA CARRETERA PANAMERICANA SUR > AVENIDA MARTIR OLAYA > AVENIDA ANCASH > JIRON LAS PALMERAS > JIRON RAMON CASTILLA,RUTA_8110_1241.pdf,
1242,8111,EMPRESA DE SERVICIOS MULTIPLES NUEVO PERU S.A.,Pachacamac,Ancon,71.7306,70.47,118,12,130,4.0,OMNIBUS (M3),AVENIDA PACHACUTEC / CALLE S/N (SANTUARIO MARIA DE LA CONSAGRACION),CARRETERA PANAMERICANA NORTE (ALT. KM 40 CRUCE CA. CACERES),55,57,AVENIDA PACHACUTEC > AVENIDA LAS PALMAS > AVENIDA ZARUMILLA > AVENIDA LIMA > OVALO JOSE GALVEZ > AVENIDA LIMA > OVALO MARIA REICHE > AVENIDA MARIA REICHE > AVENIDA REVOLUCION > OVALO LAS PALOMAS > AVENIDA 200 MILLAS > AVENIDA MARIANO PASTOR SEVILLA > OVALO COCHARCAS > AVENIDA MATEO PUMACAHUA > CARRETERA PANAMERICANA SUR > PUENTE ALIPIO PONCE > CARRETERA PANAMERICANA SUR > PUENTE PRIMAVERA > CARRETERA PANAMERICANA NORTE > INTERCAMBIO VIAL SUR > CARRETERA PANAMERICANA SUR > PUENTE SANTA ANITA > VIA DE EVITAMIENTO > PUENTE HUASCAR > VIA DE EVITAMIENTO > PUENTE NUEVO > VIA DE EVITAMIENTO > CARRETERA PANAMERICANA NORTE > PUENTE TROMPETA > CARRETERA PANAMERICANA NORTE > AVENIDA ALFREDO MENDIOLA > OVALO HABICH > AVENIDA ALFREDO MENDIOLA > CARRETERA PANAMERICANA NORTE > AVENIDA ALFREDO MENDIOLA > OVALO TOMAS VALLE > AVENIDA ALFREDO MENDIOLA > OVALO ANGELICA GAMARRA > AVENIDA ALFREDO MENDIOLA > CARRETERA PANAMERICANA NORTE > AVENIDA ALFREDO MENDIOLA > OVALO IZAGUIRRE > AVENIDA ALFREDO MENDIOLA > CARRETERA PANAMERICANA NORTE > INTERCAMBIO VIAL NORTE > CARRETERA PANAMERICANA NORTE > PUENTE RIO CHILLON > CARRETERA PANAMERICANA NORTE > AVENIDA PUENTE PIEDRA > OVALO PUENTE PIEDRA > AVENIDA PUENTE PIEDRA > CARRETERA PANAMERICANA NORTE > INTERCAMBIO VIAL NESTOR GAMBETA > CARRETERA PANAMERICANA NORTE > CARRETERA PANAMERICANA NORTE (ALT. KM40 CRUCE CA. CACERES),CARRETERA PANAMERICANA NORTE (ALT. KM40 CRUCE CA. CACERES) > CARRETERA PANAMERICANA NORTE > INTERCAMBIO VIAL NESTOR GAMBETA > CARRETERA PANAMERICANA NORTE > AVENIDA PUENTE PIEDRA > OVALO PUENTE PIEDRA > AVENIDA PUENTE PIEDRA > CARRETERA PANAMERICANA NORTE > PUENTE RIO CHILLON > CARRETERA PANAMERICANA NORTE > INTERCAMBIO VIAL NORTE > CARRETERA PANAMERICANA NORTE > AVENIDA ALFREDO MENDIOLA > OVALO IZAGUIRRE > AVENIDA ALFREDO MENDIOLA > CARRETERA PANAMERICANA NORTE > AVENIDA ALFREDO MENDIOLA > OVALO ANGELICA GAMARRA > AVENIDA ALFREDO MENDIOLA > OVALO TOMAS VALLE > AVENIDA ALFREDO MENDIOLA > CARRETERA PANAMERICANA NORTE > AVENIDA ALFREDO MENDIOLA > OVALO HABICH > AVENIDA ALFREDO MENDIOLA > CARRETERA PANAMERICANA NORTE > PUENTE TROMPETA > CARRETERA PANAMERICANA NORTE > VIA DE EVITAMIENTO > PUENTE NUEVO > VIA DE EVITAMIENTO > PUENTE HUASCAR > VIA DE EVITAMIENTO > PUENTE SANTA ANITA > CARRETERA PANAMERICANA NORTE > INTERCAMBIO VIAL SUR > CARRETERA PANAMERICANA SUR > PUENTE PRIMAVERA > CARRETERA PANAMERICANA SUR > PUENTE ALIPIO PONCE > AVENIDA PANAMERICANA SUR > CARRETERA PANAMERICANA SUR > AVENIDA MATEO PUMACAHUA > OVALO COCHARCAS > AVENIDA MARIANO PASTOR SEVILLA > AVENIDA 200 MILLAS > OVALO LAS PALOMAS > AVENIDA REVOLUCION > AVENIDA MARIA REICHE > OVALO MARIA REICHE > AVENIDA LIMA > OVALO JOSE GALVEZ > AVENIDA LIMA > AVENIDA SAENZ PEÑA > AVENIDA ZARUMILLA > AVENIDA LAS PALMAS > AVENIDA PACHACUTEC,RUTA_8111_1242.pdf,
1243,8112,TRANS NORCOM CORPORATION S.A.C,Villa El Salvador,Carabayllo,55.65,55.86,58,6,64,4.0,OMNIBUS (M3),AVENIDA SEPARADORA AGROINDUSTRIAL / AVENIDA 3 DE OCTUBRE,AVENIDA CAMINO REAL / AVENIDA UNIVERSITARIA,42,42,AVENIDA SEPARADORA AGROINDUSTRIAL > AVENIDA EL SOL > AVENIDA MARIANO PASTOR SEVILLA > OVALO COCHARCAS > AVENIDA MATEO PUMACAHUA > BY PASS VILLA EL SALVADOR > CARRETERA PANAMERICANA SUR > PUENTE ALIPIO PONCE > CARRETERA PANAMERICANA SUR > PUENTE PRIMAVERA > CARRETERA PANAMERICANA SUR > INTERCAMBIO VIAL SUR > VIA DE EVITAMIENTO > PUENTE SANTA ANITA > VIA DE EVITAMIENTO > AVENIDA INDEPENDENCIA > VIA EVITAMIENTO > PUENTE HUASCAR > VIA EVITAMIENTO > CARRETERA PANAMERICANA NORTE > PUENTE TROMPETA > CARRETERA PANAMERICANA NORTE > AVENIDA ALFREDO MENDIOLA > OVALO HABICH > AVENIDA ALFREDO MENDIOLA > CARRETERA PANAMERICANA NORTE > AVENIDA ALFREDO MENDIOLA > OVALO TOMAS VALLE > AVENIDA ALFREDO MENDIOLA > OVALO ANGELICA GAMARRA > AVENIDA ALFREDO MENDIOLA > CARRETERA PANAMERICANA NORTE > AVENIDA ALFREDO MENDIOLA > OVALO IZAGUIRRE > AVENIDA ALFREDO MENDIOLA > CARRETERA PANAMERICANA NORTE > OVALO NARANJAL > AVENIDA NARANJAL > AVENIDA TUPAC AMARU > AVENIDA MANUEL PRADO > AVENIDA SANTO DOMINGO > AVENIDA CAMINO REAL,AVENIDA CAMINO REAL > AVENIDA SANTO DOMINGO > AVENIDA MANUEL PRADO > AVENIDA TUPAC AMARU > AVENIDA NARANJAL > OVALO NARANJAL > CARRETERA PANAMERICANA NORTE > AVENIDA ALFREDO MENDIOLA > OVALO IZAGUIRRE > AVENIDA ALFREDO MENDIOLA > CARRETERA PANAMERICANA NORTE > AVENIDA ALFREDO MENDIOLA > OVALO ANGELICA GAMARRA > AVENIDA ALFREDO MENDIOLA > OVALO TOMAS VALLE > AVENIDA ALFREDO MENDIOLA > CARRETERA PANAMERICANA NORTE > AVENIDA ALFREDO MENDIOLA > OVALO HABICH > AVENIDA ALFREDO MENDIOLA > CARRETERA PANAMERICANA NORTE > PUENTE TROMPETA > CARRETERA PANAMERICANA NORTE > VIA DE EVITAMIENTO > PUENTE HUASCAR > VIA DE EVITAMIENTO > AVENIDA 1RO DE MAYO > VIA DE EVITAMIENTO > PUENTE SANTA ANITA > VIA DE EVITAMIENTO > INTERCAMBIO VIAL SUR > CARRETERA PANAMERICANA SUR > PUENTE PRIMAVERA > CARRETERA PANAMERICANA SUR > PUENTE ALIPIO PONCE > CARRETERA PANAMERICANA SUR > BY PASS VILLA EL SALVADOR > AVENIDA MATEO PUMACAHUA > OVALO COCHARCAS > AVENIDA MARIANO PASTOR SEVILLA > AVENIDA EL SOL > AVENIDA SEPARADORA AGROINDUSTRIAL,RUTA_8112_1243.pdf,
1244,8201,E.T. UNIDOS DE PASAJEROS S.A. (ETUPSA 73),Pachacamac,San Martin De Porres,54.66,53.93,89,9,98,5.0,OMNIBUS (M3),AVENIDA LAS PALMAS / CALLE SN (ALT. CENTRO COMERCIAL VILLA LAS PALMAS),AVENIDA EL SAUCE / AVENIDA LOS EUCALIPTOS,57,57,AVENIDA LAS PALMAS > AVENIDA ZARUMILLA > AVENIDA LEONCIO PRADO > AVENIDA LIMA > OVALO JOSE GALVEZ > AVENIDA LIMA > OVALO MARIA REICHE > AVENIDA MARIA REICHE > AVENIDA REVOLUCION > OVALO LAS PALOMAS > AVENIDA 200 MILLAS > AVENIDA MICAELA BASTIDAS > AVENIDA MIGUEL IGLESIAS > AVENIDA VICTOR CASTRO IGLESIAS > AVENIDA CESAR CANEVARO > AVENIDA RAMON VARGAS MACHUCA > AVENIDA SAN JUAN > AVENIDA BELISARIO SUAREZ > OVALO HORACIO ZEBALLOS > AVENIDA PEDRO MIOTTA > CARRETERA PANAMERICANA SUR > INTERCAMBIO VIAL PUENTE ATOCONGO > AVENIDA SANTIAGO DE SURCO > OVALO LOS CABITOS > AVENIDA TOMAS MARSANO > AVENIDA REPUBLICA DE PANAMA > AVENIDA ENRIQUE CANAVAL Y MOREYRA > AVENIDA JUAN DE ARONA > AVENIDA PETIT THOUARS > AVENIDA JUAN PARDO DE ZELA > AVENIDA GENERAL CESAR CANEVARO > JIRON GENERAL JOSE MARIA CORDOVA > AVENIDA EDGARDO REBAGLIATI > AVENIDA GENERAL SALAVERRY > PLAZA JORGE CHAVEZ > AVENIDA GUZMAN BLANCO > PLAZA FRANCISCO BOLOGNESI > AVENIDA ALFONSO UGARTE > PLAZA 2 DE MAYO > AVENIDA OSCAR RAIMUNDO BENAVIDES > CALLE PEDRO PASCUAL FARFAN > AVENIDA NICOLAS DUEÑAS > PUENTE DUEÑAS > AVENIDA CANADA > AVENIDA PERU > BY PASS AVENIDA PERU > AVENIDA PERU > AVENIDA 12 DE OCTUBRE > AVENIDA CARLOS ALBERTO IZAGUIRRE > AVENIDA CANTA CALLAO > OVALO NARANJAL - CANTA CALLAO > AVENIDA CANTA CALLAO > AVENIDA CANTA CALLAO (VUELTA EN U ALT. AVENIDA RIO MARAÑON) > AVENIDA CANTA CALLAO > AVENIDA TANTAMAYO > AVENIDA PARAMONGA > AVENIDA EL SAUCE,AVENIDA EL SAUCE > AVENIDA PARAMONGA > AVENIDA TANTAMAYO > AVENIDA CANTA CALLAO > OVALO NARANJAL - CANTA CALLAO > AVENIDA CANTA CALLAO > AVENIDA CARLOS ALBERTO IZAGUIRRE > AVENIDA 12 DE OCTUBRE > AVENIDA PERU > BY PASS AVENIDA PERU > AVENIDA PERU > AVENIDA CANADA > PUENTE DUEÑAS > AVENIDA NICOLAS DUEÑAS > AVENIDA OSCAR RAIMUNDO BENAVIDES > PLAZA 2 DE MAYO > AVENIDA ALFONSO UGARTE > PLAZA FRANCISCO BOLOGNESI > AVENIDA GUZMAN BLANCO > PLAZA JORGE CHAVEZ > AVENIDA GENERAL SALAVERRY > AVENIDA EDGARDO REBAGLIATI > JIRON DOMINGO CUETO > AVENIDA ALVAREZ DE ARENALES > JIRON BARTOLOME HERRERA > AVENIDA IGNACIO MERINO > JIRON SOLEDAD > AVENIDA PROLONGACION IQUITOS > AVENIDA PASEO PARODI > CALLE CORONEL ANDRES REYES > AVENIDA MIGUEL SEMINARIO > AVENIDA REPUBLICA DE PANAMA > AVENIDA TOMAS MARSANO > AVENIDA SANTIAGO DE SURCO > PUENTE ATOCONGO > AVENIDA DE LOS HEROES > AVENIDA LOS LIRIOS > AVENIDA PEDRO MIOTTA > OVALO HORACIO ZEBALLOS > AVENIDA BELISARIO SUAREZ > AVENIDA SAN JUAN > AVENIDA RAMON VARGAS MACHUCA > AVENIDA CESAR CANEVARO > AVENIDA VICTOR CASTRO IGLESIAS > AVENIDA MIGUEL IGLESIAS > AVENIDA MICAELA BASTIDAS > AVENIDA 200 MILLAS > OVALO LAS PALOMAS > AVENIDA REVOLUCION > AVENIDA MARIA REICHE > OVALO MARIA REICHE > AVENIDA LIMA > OVALO JOSE GALVEZ > AVENIDA LIMA > AVENIDA LEONCIO PRADO > AVENIDA ZARUMILLA > AVENIDA LAS PALMAS,RUTA_8201_1244.pdf,
1245,8205,E.S.E.T. SAN JUDAS TADEO S.A.,Villa Maria Del Triunfo,San Martin De Porres,29.96,29.69,29,3,32,7.0,MINIBUS (M2-M3),JIRON PEDRO VALLE MEDINA / AVENIDA EL TRIUNFO,AVENIDA EDUARDO DE HABICH / CALLE MICHAEL FORT,22,21,"JIRON PEDRO VALLE MEDINA > AVENIDA VILLA MARIA > AVENIDA PACHACUTEC > AVENIDA LOS HEROES > ACCESO CARRETERA PANAMERICANA SUR > CARRETERA PANAMERICANA SUR > PUENTE PRIMAVERA > CARRETERA PANAMERICANA SUR > INTERCAMBIO VIAL SUR > VIA DE EVITAMIENTO > PUENTE SANTA ANITA > VIA DE EVITAMIENTO > PUENTE NUEVO > VIA DE EVITAMIENTO > PUENTE HUASCAR > VIA DE EVITAMIENTO > ACCESO AVENIDA CAQUETA > AVENIDA CAQUETA > AVENIDA TUPAC AMARU > AVENIDA TUPAC AMARU (VUELTA EN ""U"" ALT. AVENIDA HONORIO DELGADO) > AVENIDA TUPAC AMARU > AVENIDA EDUARDO DE HABICH",AVENIDA EDUARDO DE HABICH > AVENIDA TUPAC AMARU > AVENIDA CAQUETA > INTERCAMBIO VIAL CAQUETA > VIA DE EVITAMIENTO > PUENTE HUASCAR > VIA DE EVITAMIENTO > PUENTE NUEVO > VIA DE EVITAMIENTO > PUENTE SANTA ANITA > VIA DE EVITAMIENTO > INTERCAMBIO VIAL SUR > CARRETERA PANAMERICANA SUR > PUENTE PRIMAVERA > CARRETERA PANAMERICANA SUR > INTERCAMBIO VIAL PUENTE ATOCONGO > AVENIDA LOS HEROES > JIRON FRANCISCO BOLOGNESI > AVENIDA DEFENSORES DE LIMA > AVENIDA NICOLAS DE PIEROLA > AVENIDA EL TRIUNFO,RUTA_8205_1245.pdf,
1246,8209,E.T. SIMON BOLIVAR S.A.,Villa Maria Del Triunfo,San Martin De Porres,46.81,45.92,46,5,51,7.0,OMNIBUS (M3),AVENIDA PROLONGACION JOSE CARLOS MARIATEGUI / CALLE 10,CALLE SANTA MARTHA / CALLE SAN VICENTE,58,48,AVENIDA PROLONGACION JOSE CARLOS MARIATEGUI > CALLE ANDRES AVELINO CACERES > AVENIDA SIMON BOLIVAR > CALLE JOSE MARIA CORDOVA > AVENIDA SIMON BOLIVAR > AVENIDA ANTONIO DE SUCRE > AVENIDA PRIMAVERA > JIRON INTI RAYMI > AVENIDA JULIO CESAR TELLO > AVENIDA SALVADOR ALLENDE > JIRON TUPAC AMARU > AVENIDA LOS HEROES > ACCESO CARRETERA PANAMERICANA SUR > CARRETERA PANAMERICANA SUR > INTERCAMBIO VIAL PUENTE PRIMAVERA > CARRETERA PANAMERICANA SUR > INTERCAMBIO VIAL SUR > VIA DE EVITAMIENTO > INTERCAMBIO VIAL PUENTE SANTA ANITA > VIA DE EVITAMIENTO > PUENTE HUASCAR > VIA DE EVITAMIENTO > INTERCAMBIO VIAL PUENTE NUEVO > VIA DE EVITAMIENTO > JIRON ESTEBAN SALMON > AVENIDA CAQUETA > AVENIDA TUPAC AMARU > AVENIDA TUPAC AMARU (VUELTA EN U ALT. AVENIDA HONORIO DELGADO) > AVENIDA TUPAC AMARU > AVENIDA EDUARDO DE HABICH > OVALO HABICH > AVENIDA ALFREDO MENDIOLA > ACCESO CARRETERA PANAMERICANA NORTE (ALT 12.5KM) > CARRETERA PANAMERICANA NORTE > ACCESO AVENIDA ALFREDO MENDIOLA (ALT. AV. ENRIQUE FERMI) > OVALO TOMAS VALLE > AVENIDA ALFREDO MENDIOLA > OVALO ANGELICA GAMARRA > AVENIDA ALFREDO MENDIOLA > ACCESO CARRETERA PANAMERICANA NORTE (ALT 15KM) > CARRETERA PANAMERICANA NORTE > ACCESO AVENIDA ALFREDO MENDIOLA (ALT. PABLO DE OLAVIDE) > AVENIDA ALFREDO MENDIOLA > OVALO IZAGUIRRE > AVENIDA ALFREDO MENDIOLA > ACCESO CARRETERA PANAMERICANA NORTE (ALT CA. PERAS) > CARRETERA PANAMERICANA NORTE > OVALO NARANJAL > CARRETERA PANAMERICANA NORTE > INTERCAMBIO VIAL NORTE > CARRETERA PANAMERICANA NORTE > ACCESO AVENIDA ALFREDO MENDIOLA (CA. PRIMAVERA) > AVENIDA ALFREDO MENDIOLA > AVENIDA LOS PROCERES DE HUANDOY > AVENIDA LA CORDIALIDAD > AVENIDA SAN DIEGO DE ALCALA > AVENIDA SANTA MARIA > CALLE SANTA MARTHA,CALLE SANTA MARTHA > AVENIDA SANTA MARIA > AVENIDA SAN DIEGO DE ALCALA > AVENIDA LA CORDIALIDAD > AVENIDA LOS PROCERES DE HUANDOY > CARRETERA PANAMERICANA NORTE > INTERCAMBIO VIAL NORTE > CARRETERA PANAMERICANA NORTE > OVALO NARANJAL > CARRETERA PANAMERICANA NORTE > ACC. AV. ALFREDO MENDIOLA (ALT. 16.5 KM) > AV. ALFREDO MENDIOLA > OV. CARLOS A. IZAGUIRRE > AV. ALFREDO MENDIOLA > ACC. CARRETERA PANAMERICANA NORTE (ALT. JR. BUEN PASTOR) > CARRETERA PANAMERICANA NORTE > OVALO ANGELICA GAMARRA > AVENIDA ALFREDO MENDIOLA > OVALO TOMAS VALLE > CARRETERA PANAMERICANA NORTE > ACCESO AVENIDA ALFREDO MENDIOLA (ALT. AVENIDA JAVIER LUNA PIZARRO) > AVENIDA ALFREDO MENDIOLA > OVALO TOMAS VALLE > CARRETERA PANAMERICANA NORTE > ACC. AV. ALFREDO MENDIOLA (ALT. AV. JAVIER LUNA PIZARRO) > AVENIDA ALFREDO MENDIOLA > OVALO HABICH > AVENIDA EDUARDO DE HABICH > AVENIDA TUPAC AMARU > AVENIDA CAQUETA > INTERCAMBIO VIAL PUENTE CAQUETA > VIA DE EVITAMIENTO > INTERCAMBIO VIAL PUENTE NUEVO > VIA DE EVITAMIENTO > PUENTE HUASCAR > VIA DE EVITAMIENTO > INTERCAMBIO VIAL PUENTE SANTA ANITA > VIA DE EVITAMIENTO > INTERCAMBIO VIAL SUR > CARRETERA PANAMERICANA SUR > INTERCAMBIO VIAL PUENTE PRIMAVERA > CARRETERA PANAMERICANA SUR > INTERCAMBIO VIAL PUENTE ATOCONGO > AVENIDA LOS HEROES > JIRON FRANCISCO BOLOGNESI > AVENIDA SALVADOR ALLENDE > AVENIDA JOSE CARLOS MARIATEGUI > AVENIDA PROLONGACION JOSE CARLOS MARIATEGUI,RUTA_8209_1246.pdf,
1247,8211,E.T. SUR EXPRESS S.A.,Pachacamac,San Martin De Porres,56.49,57.01,90,9,99,4.0,OMNIBUS (M3),AVENIDA FERROCARRIL / JIRON JOSE OLAYA,AVENIDA LOS EUCALIPTOS / AVENIDA PARAMONGA,46,46,AVENIDA FERROCARRIL > AVENIDA LIMA > OVALO JOSE GALVEZ > AVENIDA PACHACUTEC > OVALO PACHACUTEC > AVENIDA PACHACUTEC > AVENIDA LOS HEROES > ACCESO CARRETERA PANAMERICANA SUR > CARRETERA PANAMERICANA SUR > PUENTE PRIMAVERA > CARRETERA PANAMERICANA SUR > INTERCAMBIO VIAL SUR > VIA DE EVITAMIENTO > PUENTE SANTA ANITA > VIA DE EVITAMIENTO > PUENTE NUEVO > VIA DE EVITAMIENTO > PUENTE HUASCAR > VIA DE EVITAMIENTO > CARRETERA PANAMERICANA NORTE > PUENTE TROMPETA > CARRETERA PANAMERICANA NORTE > AVENIDA ALFREDO MENDIOLA > OVALO HABICH > AVENIDA ALFREDO MENDIOLA > CARRETERA PANAMERICANA NORTE > AVENIDA ALFREDO MENDIOLA > OVALO TOMAS VALLE > AVENIDA ALFREDO MENDIOLA > OVALO ANGELICA GAMARRA > AVENIDA ALFREDO MENDIOLA > CARRETERA PANAMERICANA NORTE > AVENIDA ALFREDO MENDIOLA > OVALO IZAGUIRRE > AVENIDA ALFREDO MENDIOLA > CARRETERA PANAMERICANA NORTE > INTERCAMBIO VIAL NORTE > CARRETERA PANAMERICANA NORTE > AVENIDA LOS PROCERES DE HUANDOY > AVENIDA LA CORDIALIDAD > AVENIDA SAN DIEGO DE ALCALA > AVENIDA SANTA MARIA > AVENIDA TANTAMAYO > AVENIDA SAN NICOLAS > AVENIDA LOS SAUCES > AVENIDA LOS EUCALIPTOS,AVENIDA LOS EUCALIPTOS > AVENIDA LOS SAUCES > AVENIDA SAN NICOLAS > AVENIDA TANTAMAYO > AVENIDA SANTA MARIA > AVENIDA SAN DIEGO DE ALCALA > AVENIDA LA CORDIALIDAD > AVENIDA LOS PROCERES DE HUANDOY > CARRETERA PANAMERICANA NORTE > INTERCAMBIO VIAL NORTE > CARRETERA PANAMERICANA NORTE > AVENIDA ALFREDO MENDIOLA > OVALO IZAGUIRRE > AVENIDA ALFREDO MENDIOLA > CARRETERA PANAMERICANA NORTE > AVENIDA ALFREDO MENDIOLA > OVALO ANGELICA GAMARRA > AVENIDA ALFREDO MENDIOLA > OVALO TOMAS VALLE > AVENIDA ALFREDO MENDIOLA > CARRETERA PANAMERICANA NORTE > AVENIDA ALFREDO MENDIOLA > OVALO HABICH > AVENIDA ALFREDO MENDIOLA > CARRETERA PANAMERICANA NORTE > PUENTE TROMPETA > CARRETERA PANAMERICANA NORTE > VIA DE EVITAMIENTO > PUENTE HUASCAR > VIA DE EVITAMIENTO > PUENTE NUEVO > VIA DE EVITAMIENTO > PUENTE SANTA ANITA > VIA DE EVITAMIENTO > INTERCAMBIO VIAL SUR > CARRETERA PANAMERICANA SUR > PUENTE PRIMAVERA > CARRETERA PANAMERICANA SUR > INTERCAMBIO VIAL PUENTE ATOCONGO > AVENIDA LOS HEROES > AVENIDA PACHACUTEC > OVALO PACHACUTEC > AVENIDA PACHACUTEC > OVALO JOSE GALVEZ > AVENIDA LIMA > AVENIDA FERROCARRIL,RUTA_8211_1247.pdf,
1248,8212,REAL STAR DEL PERU S.A.C.,Pachacamac,San Martin De Porres,52.42,53.29,92,10,102,4.0,OMNIBUS (M3),AVENIDA QUEBRADA VERDE / CALLE PALMA ROEBELLINI,CALLE HUASCAR / CALLE YURUMAYO,52,56,AVENIDA QUEBRADA VERDE > CALLE 01 > AVENIDA LAS PALMAS > AVENIDA ZARUMILLA > AVENIDA LEONCIO PRADO > AVENIDA LIMA > OVALO JOSE GALVEZ > AVENIDA LIMA > OVALO MARIA REICHE > AVENIDA MARIA REICHE > AVENIDA REVOLUCION > AVENIDA PRIMERO DE MAYO > AVENIDA MARIANO PASTOR SEVILLA > OVALO COCHARCAS > AVENIDA MATEO PUMACAHUA > ACCESO CARRETERA PANAMERICANA SUR > CARRETERA PANAMERICANA SUR > PUENTE ALIPIO PONCE > CARRETERA PANAMERICANA SUR > PUENTE ATOCONGO > CARRETERA PANAMERICANA SUR > PUENTE PRIMAVERA > CARRETERA PANAMERICANA SUR > INTERCAMBIO VIAL SUR > VIA DE EVITAMIENTO > PUENTE SANTA ANITA > VIA DE EVITAMIENTO > PUENTE HUASCAR > VIA DE EVITAMIENTO > PUENTE NUEVO > VIA DE EVITAMIENTO > PUENTE CAQUETA > CARRETERA PANAMERICANA NORTE > PUENTE TROMPETA > CARRETERA PANAMERICANA NORTE > AVENIDA ALFREDO MENDIOLA > OVALO HABICH > AVENIDA ALFREDO MENDIOLA > CARRETERA PANAMERICANA NORTE > AVENIDA ALFREDO MENDIOLA > OVALO TOMAS VALLE > AVENIDA ALFREDO MENDIOLA > OVALO ANGELICA GAMARRA > AVENIDA ALFREDO MENDIOLA > CARRETERA PANAMERICANA NORTE > AVENIDA ALFREDO MENDIOLA > OVALO IZAGUIRRE > AVENIDA CARLOS IZAGUIRRE > AVENIDA LAS PALMERAS > AVENIDA RIO MARAÑON > AVENIDA CANTA CALLAO > CALLE HUASCAR,CALLE HUASCAR > AVENIDA CANTA CALLAO > AVENIDA RIO MARAÑON > AVENIDA LAS PALMERAS > AVENIDA CARLOS IZAGUIRRE > OVALO IZAGUIRRE > AVENIDA ALFREDO MENDIOLA > CARRETERA PANAMERICANA NORTE > AVENIDA ALFREDO MENDIOLA > OVALO ANGELICA GAMARRA > AVENIDA ALFREDO MENDIOLA > OVALO TOMAS VALLE > AVENIDA ALFREDO MENDIOLA > CARRETERA PANAMERICANA NORTE > AVENIDA ALFREDO MENDIOLA > OVALO HABICH > AVENIDA ALFREDO MENDIOLA > CARRETERA PANAMERICANA NORTE > PUENTE TROMPETA > CARRETERA PANAMERICANA NORTE > PUENTE CAQUETA > VIA DE EVITAMIENTO > PUENTE NUEVO > VIA DE EVITAMIENTO > PUENTE HUASCAR > VIA DE EVITAMIENTO > PUENTE SANTA ANITA > VIA DE EVITAMIENTO > INTERCAMBIO VIAL SUR > CARRETERA PANAMERICANA SUR > PUENTE PRIMAVERA > CARRETERA PANAMERICANA SUR > PUENTE ATOCONGO > CARRETERA PANAMERICANA SUR > PUENTE ALIPIO PONCE > CARRETERA PANAMERICANA SUR > ACCESO VILLA EL SALVADOR > AVENIDA MATEO PUMACAHUA > OVALO COCHARCAS > AVENIDA MARIANO PASTOR SEVILLA > AVENIDA PRIMERO DE MAYO > AVENIDA CENTRAL > OVALO 200 MILLAS > AVENIDA 200 MILLAS > OVALO LAS PALOMAS > AVENIDA REVOLUCION > AVENIDA MARIA REICHE > OVALO MARIA REICHE > AVENIDA LIMA > OVALO JOSE GALVEZ > AVENIDA LIMA > JIRON SANDIA > AVENIDA ZARUMILLA > AVENIDA LAS PALMAS > CALLE 01 > AVENIDA QUEBRADA VERDE,RUTA_8212_1248.pdf,
1249,8214,EMPRESA DE TRANSPORTES Y SERVICIOS SALVADOR S.A.C.,Villa Maria Del Triunfo,San Martin De Porres,52.35,51.97,111,12,123,4.0,OMNIBUS (M3),AVENIDA LIMA / AVENIDA PACHACUTEC,AVENIDA SAN NICOLAS / JIRON 4,42,43,AVENIDA LIMA > AVENIDA MARIA REICHE > AVENIDA SEPARADORA INDUSTRIAL > AVENIDA JOSE CARLOS MARIATEGUI > AVENIDA MARIANO PASTOR SEVILLA > ÓVALO COCHARCAS > AVENIDA MATEO PUMACAHUA > BY PASS VILLA EL SALVADOR > CARRETERA PANAMERICANA SUR > PUENTE ALIPIO PONCE > CARRETERA PANAMERICANA SUR > PUENTE PRIMAVERA > CARRETERA PANAMERICANA SUR > AVENIDA CIRCUNVALACION > INTERCAMBIO VIAL SUR > AVENIDA CIRCUNVALACION > INTERCAMBIO VIAL EL PINO > AVENIDA CIRCUNVALACION > AVENIDA NICOLAS DE AYLLON > AVENIDA ALMIRANTE MIGUEL GRAU > VÍA EXPRESA ALMIRANTE MIGUEL GRAU > PLAZA ALMIRANTE MIGUEL GRAU > AVENIDA 9 DE DICIEMBRE > PLAZA FRANCISCO BOLOGNESI > AVENIDA ALFONSO UGARTE > PLAZA 2 DE MAYO > AVENIDA OSCAR RAIMUNDO BENAVIDES > AVENIDA NICOLAS DUEÑAS > PUENTE DUEÑAS > AVENIDA CANADÁ > AVENIDA PERÚ > BY PASS AVENIDA PERÚ > AVENIDA PERÚ > AVENIDA 12 DE OCTUBRE > AVENIDA SANTIAGO ANTÚNEZ DE MAYOLO > AVENIDA UNIVERSITARIA > AVENIDA NARANJAL > AVENIDA PROCERES DE HUANDOY > AVENIDA RÍO MARAÑÓN > AVENIDA CANTA CALLAO > AVENIDA TANTAMAYO > AVENIDA SAN NICOLÁS,AVENIDA SAN NICOLAS > AVENIDA TANTAMAYO > AVENIDA CANTA CALLAO > OVALO CANTA CALLAO > AVENIDA NARANJAL > AVENIDA UNIVERSITARIA > AVENIDA SANTIAGO ANTUNEZ DE MAYOLO > AVENIDA 12 DE OCTUBRE > AVENIDA PERU > BY PASS AVENIDA PERÚ > AVENIDA PERU > AVENIDA CANADA > PUENTE DUENAS > AVENIDA NICOLAS DUENAS > AVENIDA OSCAR RAIMUNDO BENAVIDES > PLAZA 2 DE MAYO > AVENIDA ALFONSO UGARTE > PLAZA FRANCISCO BOLOGNESI > AVENIDA 9 DE DICIEMBRE > PLAZA ALMIRANTE MIGUEL GRAU > VÍA EXPRESA ALMIRANTE MIGUEL GRAU > AVENIDA ALMIRANTE MIGUEL GRAU > AVENIDA ALTO DE LA ALIANZA > AVENIDA NICOLAS DE AYLLON > AVENIDA CIRCUNVALACION > INTERCAMBIO VIAL EL PINO > AVENIDA CIRCUNVALACION > INTERCAMBIO VIAL SUR > AVENIDA CIRCUNVALACION > CARRETERA PANAMERICANA SUR > PUENTE PRIMAVERA > CARRETERA PANAMERICANA SUR > PUENTE ALIPIO PONCE > CARRETERA PANAMERICANA SUR > BY PASS VILLA EL SALVADOR > AVENIDA MATEO PUMACAHUA > OVALO COCHARCAS > AVENIDA MARIANO PASTOR SEVILLA > AVENIDA JOSE CARLOS MARIATEGUI > AVENIDA SEPARADORA INDUSTRIAL > AVENIDA MARIA REICHE > OVALO MARIA REICHE > AVENIDA LIMA,RUTA_8214_1249.pdf,
1250,8501,TRANSPORTES RAPIDO UNIVERSAL S.A.C,Villa El Salvador,San Miguel,26.85,28.05,38,4,42,6.0,MINIBUS (M2-M3),AVENIDA LOS ALGARROBOS / AVENIDA PRIMERO DE MAYO,AVENIDA COSTANERA / JIRON INDEPENDENCIA,37,35,AVENIDA LOS ALGARROBOS > AVENIDA MATEO PUMACAHUA > OVALO COCHARCAS > AVENIDA MARIANO PASTOR SEVILLA > AVENIDA MODELO > AVENIDA SEPARADORA INDUSTRIAL > AVENIDA MATEO PUMACAHUA > AVENIDA PACHACUTEC > CALLE 28 DE JULIO > AVENIDA NICOLAS DE PIEROLA > AVENIDA DEFENSORES DE LIMA > AVENIDA AGUSTIN LA ROSA LOZANO > JIRON CERRO LINDO > AVENIDA CIRCUNVALACION > PUENTE BENAVIDES > AVENIDA ALFREDO BENAVIDES > AVENIDA CAMINOS DEL INCA > AUXILIAR AVENIDA ANGAMOS ESTE > AVENIDA ANGAMOS ESTE > AVENIDA ANGAMOS OESTE > AVENIDA COMANDANTE ESPINAR > AVENIDA JOSE PARDO > PLAZA MANUEL BARROS > AVENIDA JOSE PARDO > PLAZA CENTRO AMERICA > AVENIDA DEL EJERCITO > AVENIDA AUGUSTO PEREZ ARANIBAR > AVENIDA DEL EJERCITO > OVALO FEDERICO VILLAREAL > AVENIDA DEL EJERCITO > JIRON DIEGO FERRE > JIRON TACNA > JIRON SALAVERRY > AVENIDA FEDERICO GALLESE TARICCHI > AVENIDA LA PAZ > PASAJE SAN LUIS > AVENIDA COSTANERA,AVENIDA JUAN BERTOLOTTO NEGRO > JIRON COMANDANTE ESPINAR > AVENIDA BRASIL > AVENIDA DEL EJERCITO > AVENIDA AUGUSTO PEREZ ARANIBAR > AVENIDA DEL EJERCITO > OVALO FEDERICO VILLAREAL > AVENIDA DEL EJERCITO > PZA. CENTRO AMERICA > AVENIDA JOSE PARDO > PLAZA MORALES BARROS > AVENIDA JOSE PARDO > AVENIDA COMANDANTE ESPINAR > AVENIDA ANGAMOS OESTE > AVENIDA ANGAMOS ESTE > AUXILIAR AVENIDA ANGAMOS ESTE > AVENIDA CAMINOS DEL INCA > AVENIDA ALFREDO BENAVIDES > PUENTE BENAVIDES > AVENIDA AGUSTIN LA ROSA LOZANO > AVENIDA DEFENSORES DE LIMA > AVENIDA NICOLAS DE PIEROLA > AVENIDA MARIA PARADO DE BELLIDO > AVENIDA PACHACUTEC > AVENIDA MATEO PUMACAHUA > AVENIDA SEPARADORA INDUSTRIAL > AVENIDA MODELO > AVENIDA MARIANO PASTOR SEVILLA > OVALO COCHARCAS > AVENIDA MATEO PUMACAHUA > AVENIDA PEDRO JOSE MIOTA > AVENIDA PEDRO JOSE MIOTA (GIRO EN U ALT. PUERTA DEL PARQUE HUAYNA CAPAC) > AVENIDA PEDRO JOSE MIOTA > AVENIDA MATEO PUMACAHUA > AVENIDA LOS ALGARROBOS,RUTA_8501_1250.pdf,
1251,8504,E.T. Y SERV. SAN JOSE S.A.,San Barloto,San Miguel,64.1,64.44,90,9,99,4.0,OMNIBUS (M3),ANTIGUA PANAMERICANA SUR / CALLE SANTA MARIA,AVENIDA REPUBLICA DE VENEZUELA / AVENIDA ELMER FAUCETT,38,36,ANTIGUA PANAMERICANA SUR > AVENIDA SAN JOSE > AVENIDA MAR PACIFICO SUR > AVENIDA SAN BARTOLO > CARRETERA ANTIGUA PANAMERICANA SUR > AVENIDA PUNTA HERMOSA > AVENIDA GARCIA RADA > CARRETERA ANTIGUA PANAMERICANA SUR > PUENTE ARICA > CARRETERA ANTIGUA PANAMERICANA SUR > AVENIDA SAN PEDRO > INTERCAMBIO VIAL PUENTE LURIN > CARRETERA PANAMERICANA SUR > INTERCAMBIO VIAL CONCHAN > CARRETERA PANAMERICANA SUR > INTERCAMBIO VIAL DE CHORRILLOS > CARRETERA PANAMERICANA SUR > BY PASS VILLA EL SALVADOR > CARRETERA PANAMERICANA SUR > INTERCAMBIO VIAL PUENTE ALIPIO PONCE > CARRETERA PANAMERICANA SUR > INTERCAMBIO VIAL PUENTE ATOCONGO > CARRETERA PANAMERICANA SUR > INTERCAMBIO VIAL PUENTE BENAVIDES > CARRETERA PANAMERICANA SUR > INTERCAMBIO VIAL PUENTE PRIMAVERA > CARRETERA PANAMERICANA SUR > INTERCAMBIO VIAL SUR > AVENIDA CIRCUNVALACION > AVENIDA NICOLAS DE AYLLON > AVENIDA ALMIRANTE MIGUEL GRAU > VIA EXPRESA ALMIRANTE MIGUEL GRAU > PLAZA MIGUEL GRAU > AVENIDA 9 DE DICIEMBRE > PLAZA FRANCISCO BOLOGNESI > AVENIDA ARICA > JIRON AGUARICO > AVENIDA REPUBLICA DE VENEZUELA,AVENIDA REPUBLICA DE VENEZUELA > AVENIDA ARICA > PLAZA FRANCISCO BOLOGNESI > AVENIDA 9 DE DICIEMBRE > PLAZA MIGUEL GRAU > VIA EXPRESA ALMIRANTE MIGUEL GRAU > AVENIDA ALMIRANTE MIGUEL GRAU > JIRON ALTO DE LA ALIANZA > AVENIDA NICOLAS DE AYLLON > AVENIDA CIRCUNVALACION > INTERCAMBIO VIAL SUR > CARRETERA PANAMERICANA SUR > INTERCAMBIO VIAL PUENTE PRIMAVERA > CARRETERA PANAMERICANA SUR > INTERCAMBIO VIAL PUENTE ATOCONGO > CARRETERA PANAMERICANA SUR > INTERCAMBIO VIAL PUENTE ALIPIO PONCE > CARRETERA PANAMERICANA SUR > BY PASS VILLA EL SALVADOR > CARRETERA PANAMERICANA SUR > INTERCAMBIO VIAL DE CHORRILLOS > CARRETERA PANAMERICANA SUR > INTERCAMBIO VIAL CONCHAN > CARRETERA PANAMERICANA SUR > INTERCAMBIO VIAL PUENTE LURIN > AVENIDA SAN PEDRO > CARRETERA ANTIGUA PANAMERICANA SUR > PUENTE ARICA > CARRETERA ANTIGUA PANAMERICANA SUR > AVENIDA GARCIA RADA > AVENIDA PUNTA HERMOSA > CARRETERA ANTIGUA PANAMERICANA SUR > AVENIDA SAN BARTOLO > AVENIDA MAR PACIFICO SUR > AVENIDA SAN JOSE > CARRETERA ANTIGUA PANAMERICANA SUR,RUTA_8504_1251.pdf,
1252,8507,E.S.E.T. SAN JUDAS TADEO S.A.,Villa Maria Del Triunfo,San Miguel,36.78,37.39,31,4,35,8.0,MINIBUS (M2-M3),AVENIDA GENERAL VIDAL / JIRON LIMA,AVENIDA LA PAZ / CALLE 20,31,35,AVENIDA GENERAL VIDAL > AVENIDA UNION > AVENIDA SANTA ROSA > AVENIDA UNION > AVENIDA FLORA TRISTAN > AVENIDA LOS INCAS > AVENIDA 27 DE DICIEMBRE > AVENIDA PACHACUTEC > AVENIDA LOS HEROES > INTERCAMBIO VIAL PUENTE ATOCONGO > CARRETERA PANAMERICANA SUR > PUENTE PRIMAVERA > CARRETERA PANAMERICANA SUR > AVENIDA CIRCUNVALACION > INTERCAMBIO VIAL SUR > AVENIDA CIRCUNVALACION > INTERCAMBIO VIAL EL PINO > AVENIDA CIRCUNVALACION > AVENIDA NICOLAS DE AYLLON > AVENIDA MEXICO > JIRON HUANUCO > AVENIDA 28 DE JULIO > PLAZA JORGE CHAVEZ > AVENIDA 28 DE JULIO > AVENIDA BRASIL > VIA AUXILIAR AVENIDA BRASIL > JIRON MIGUEL GRAU > JIRON TACNA > JIRON GENERAL JOSE DE LA MAR > JIRON FEDERICO GALLESE TARICHI > AVENIDA LA PAZ,AVENIDA LA PAZ > CALLE CORONEL JOSE JOAQUIN INCLAN > AVENIDA PROLONGACION LIMA > AVENIDA LIMA > JIRON GENERALISIMO JOSE DE SAN MARTIN > AVENIDA LIMA > JIRON FRANSICO BOLOGNESI > AVENIDA BRASIL > AVENIDA 28 DE JULIO > PLAZA JORGE CHAVEZ > AVENIDA 28 DE JULIO > AVENIDA JOSE GALVEZ > AVENIDA JAIME BAUSATE Y MEZA > AVENIDA PROLONGACION PARINACOCHAS > AVENIDA MEXICO > AVENIDA NICOLAS DE AYLLON > AVENIDA CIRCUNVALACION > INTERCAMBIO VIAL EL PINO > AVENIDA CIRCUNVALACION > INTERCAMBIO VIAL SUR > AVENIDA CIRCUNVALACION > CARRETERA PANAMERICANA SUR > PUENTE PRIMAVERA > CARRETERA PANAMERICANA SUR > INTERCAMBIO VIAL PUENTE ATOCONGO > PUENTE ATOCONGO > AVENIDA LOS HEROES > AVENIDA PACHACUTEC > AVENIDA 27 DE DICIEMBRE > AVENIDA LOS INCAS > AVENIDA FLORA TRISTAN > AVENIDA UNION > AVENIDA SANTA ROSA > AVENIDA UNION > AVENIDA GENERAL VIDAL,RUTA_8507_1252.pdf,
1253,8510,EMPRESA DE TRANSPORTES Y SERVICIOS GUADULFO SILVA CARBAJAL S.A,San Bartolo,San Miguel,63.23,63.97,91,10,101,4.0,OMNIBUS (M3),AVENIDA SAN JOSE / ANTIGUA PANAMERICANA SUR,AVENIDA DE LOS PRECURSORES / AVENIDA RAFAEL ESCARDO,31,35,"AVENIDA SAN JOSE > AVENIDA MAR DEL PACIFICO SUR > AVENIDA SAN BARTOLO > ANTIGUA PANAMERICANA SUR > PUENTE ARICA > ANTIGUA PANAMERICANA SUR > ROTONDA MANUEL VALLE > ANTIGUA PANAMERICANA SUR > PUENTE LURIN > ANTIGUA PANAMERICANA SUR > ACCESO CARRETERA PANAMERICANA SUR > CARRETERA PANAMERICANA SUR > PUENTE ALIPIO PONCE > CARRETERA PANAMERICANA SUR > PUENTE PRIMAVERA > CARRETERA PANAMERICANA SUR > AVENIDA CIRCUNVALACION > AVENIDA NICOLAS DE AYLLON > AVENIDA ALMIRANTE MIGUEL GRAU > VIA EXPRESA ALMIRANTE MIGUEL GRAU > PLAZA MIGUEL GRAU > AVENIDA 9 DE DICIEMBRE > PLAZA FRANCISCO BOLOGNESI > AVENIDA BRASIL > AVENIDA SIMON BOLIVAR > AVENIDA UNIVERSITARIA > AVENIDA UNIVERSITARIA (VUELTA ""U"" ALT. AVENIDA MARIANO CORNEJO) > AVENIDA UNIVERSITARIA > PROLONGACION AVENIDA MARISCAL JOSE DE LA MAR > AVENIDA PARQUE DE LAS LEYENDAS > AVENIDA DE LOS PRECURSORES",AVENIDA DE LOS PRECURSORES > AVENIDA PARQUE DE LAS LEYENDAS > PROLONGACION AVENIDA MARISCAL JOSE DE LA MAR > AVENIDA UNIVERSITARIA > AVENIDA SIMON BOLIVAR > AVENIDA HUSARES DE JUNIN > AVENIDA GENERAL EUGENIO GARZON > AVENIDA 28 DE JULIO > PLAZA JORGE CHAVEZ > AVENIDA GUZMAN BLANCO > PLAZA FRANCISCO BOLOGNESI > AVENIDA 9 DE DICIEMBRE > PLAZA MIGUEL GRAU > VIA EXPRESA ALMIRANTE MIGUEL GRAU > AVENIDA ALMIRANTE MIGUEL GRAU > PROLONGACION AVENIDA SAN PABLO > AVENIDA NICOLAS DE AYLLON > AVENIDA CIRCUNVALACIÓN > CARRETERA PANAMERICANA SUR > PUENTE PRIMAVERA > CARRETERA PANAMERICANA SUR > PUENTE ALIPIO PONCE > CARRETERA PANAMERICANA SUR > ACCESO ANTIGUA PANAMERICANA SUR > PUENTE CONCHAN > ANTIGUA PANAMERICANA SUR > PUENTE LURIN > ANTIGUA PANAMERICANA SUR > ROTONDA MANUEL VALLE > ANTIGUA PANAMERICANA SUR > PUENTE ARICA > ANTIGUA PANAMERICANA SUR > AVENIDA SAN BARTOLO > AVENIDA MAR DEL PACIFICO SUR > AVENIDA SAN JOSE,RUTA_8510_1253.pdf,
1254,8511,EMPRESA DE TRANSPORTES Y SERVICIOS GUADULFO SILVA CARBAJAL S.A,Pucusana,San Miguel,74.5,75.27,90,9,99,4.0,OMNIBUS (M3),AVENIDA MANUEL ASCORZA / CALLE ACACIAS,AVENIDA DE LOS PRECURSORES / AVENIDA ELMER FAUCETT,31,32,CALLE MANUEL ASCORZA > CALLE 14 > INTERCAMBIO VIAL PUENTE PUCUSANA > CARRETERA PANAMERICANA SUR > PROLONGACION AVENIDA LOS ANGELES > ANTIGUA PANAMERICANA SUR > PUENTE ARICA > ANTIGUA PANAMERICANA SUR > AVENIDA SAN PEDRO > ACCESO A CARRETERA PANAMERICANA SUR > CARRETERA PANAMERICANA SUR > PUENTE ALIPIO PONCE > CARRETERA PANAMERICANA SUR > PUENTE PRIMAVERA > CARRETERA PANAMERICANA SUR > AVENIDA CIRCUNVALACION > AVENIDA NICOLAS DE AYLLON > AVENIDA ALMIRANTE MIGUEL GRAU > VIA EXPRESA ALMIRANTE MIGUEL GRAU > PLAZA MIGUEL GRAU > AVENIDA 9 DE DICIEMBRE > PLAZA FRANCISCO BOLOGNESI > AVENIDA ARICA > JIRON AGUARICO > AVENIDA REPUBLICA DE VENEZUELA > PUENTE TINGO MARIA > AVENIDA REPUBLICA DE VENEZUELA > AVENIDA UNIVERSITARIA > PROLONGACION AVENIDA MARISCAL JOSE DE LA MAR > AVENIDA PARQUE DE LAS LEYENDAS > AVENIDA DE LOS PRECURSORES,AVENIDA DE LOS PRECURSORES > AVENIDA PARQUE DE LAS LEYENDAS > PROLONGACION AVENIDA MARISCAL JOSE DE LA MAR > AVENIDA UNIVERSITARIA > AVENIDA REPUBLICA DE VENEZUELA > PUENTE TINGO MARIA > AVENIDA ARICA > PLAZA FRANCISCO BOLOGNESI > AVENIDA 9 DE DICIEMBRE > PLAZA MIGUEL GRAU > VIA EXPRESA ALMIRANTE MIGUEL GRAU > AVENIDA ALMIRANTE MIGUEL GRAU > PROLONGACION AVENIDA SAN PABLO > AVENIDA NICOLAS DE AYLLON > AVENIDA CIRCUNVALACION > CARRETERA PANAMERICANA SUR > PUENTE PRIMAVERA > CARRETERA PANAMERICANA SUR > PUENTE ALIPIO PONCE > CARRETERA PANAMERICANA SUR > ACCESO AVENIDA SAN PEDRO > AVENIDA SAN PEDRO > ANTIGUA PANAMERICANA SUR > PUENTE ARICA > ANTIGUA PANAMERICANA SUR > AVENIDA SAN BARTOLO > AVENIDA MAR DEL PACIFICO SUR > AVENIDA SAN JOSE > ANTIGUA PANAMERICANA SUR > CARRETERA PANAMERICANA SUR > AUXILIAR CARRETERA PANAMERICANA SUR > CALLE MANUEL ASCORZA,RUTA_8511_1254.pdf,
1255,8515,EMPRESA DE TRANSPORTES CAPITALES PERUANOS S.A,Villa Maria Del Triunfo,Cercado De Lima,30.93,30.96,22,3,25,8.0,MINIBUS (M2-M3),AVENIDA PACHACUTEC / AVENIDA PUMACAHUA,AVENIDA MARIANO CORNEJO / AVENIDA UNIVERSITARIA,37,37,AVENIDA PACHACUTEC > AVENIDA LOS HEROES > PUENTE ATOCONGO > AVENIDA SANTIAGO DE SURCO > AVENIDA CAMINOS DEL INCA > AVENIDA HIGUERETA > AVENIDA PEDRO VENTURO > AVENIDA MANUEL VILLARAN > AVENIDA GENERAL ERNESTO MONTAGNE > AVENIDA ROCA Y BOLOÑA > AVENIDA RICARDO PALMA > AVENIDA PETIT THOUARS > JIRON GONZALES PRADA > CALLE TENIENTE ENRIQUE PALACIOS > AVENIDA COMANDANTE ESPINAR > AVENIDA JOSE PARDO > PLAZA MORALES BARROS > AVENIDA JOSE PARDO > PLAZA CENTRO AMERICA > AVENIDA DEL EJERCITO > OVALO FEDERICO VILLAREAL > AVENIDA DEL EJERCITO > AVENIDA AUGUSTO PEREZ ARANIBAR > AVENIDA GENERAL SALAVERRY > PLAZA JORGE CHAVEZ > AVENIDA GUZMAN BLANCO > OVALO FRANCISCO BOLOGNESI > AVENIDA ARICA > JIRN AGUARICO > JIRON RECUAY > JIRON FULGENCIO VALDEZ > JIRON NAPO > JIRON GENERAL ORBEGOSO > AVENIDA TINGO MARIA > AVENIDA ALEJANDRO BERTELLO > AVENIDA LA ALBORADA > AVENIDA MARIANO CORNEJO,"AVENIDA MARIANO CORNEJO > AVENIDA LA ALBORADA > AVENIDA ALEJANDRO BERTELLO > AVENIDA TINGO MARIA > JIRON CHAMAYA > AVENIDA ARICA > OVALO FRANCISCO BOLOGNESI > AVENIDA GUZMAN BLANCO > PLAZA JORGE CHAVEZ > AVENIDA GENERAL SALAVERRY > AVENIDA AUGUSTO PEREZ ARANIBAR > OVALO FEDERICO VILLAREAL > AVENIDA DEL EJERCITO > PLAZA CENTRO AMERICA > AVENIDA JOSE PARDO > PLAZA MORALES BARROS > CALLE MARQUES DE TORRE TAGLE > CALLE 2 DE MAYO > CALLE GENERAL PERSHING > CALLE GENERAL SUAREZ > CALLE LEONCIO PRADO > AVENIDA PASEO DE LA REPUBLICA > PUENTE RICARDO PALMA > AVENIDA RICARDO PALMA > AVENIDA ROCA Y BOLOÑA > AVENIDA GENERAL ERNESTO MONTAGNE > AVENIDA MANUEL VILLARAN > AVENIDA PEDRO VENTURO > AVENIDA HIGUERETA > AVENIDA CAMINOS DEL INCA > AVENIDA LOS PROCERES > AVENIDA LOS PROCERES (VUELTA EN ""U"" ALT. ALAMEDA CORONEL JOSE ANDRES RAZURI) > AVENIDA LOS PROCERES > AVENIDA SANTIAGO DE SURCO > PUENTE ATOCONGO > AVENIDA LOS HEROES > AVENIDA PACHACUTEC",RUTA_8515_1255.pdf,
1256,9303,EMPRESA BUSINESS CORPORATION MILENIUM S.A.C.,San Juan De Lurigancho,Carmen De La Legua Reynoso,29.4,28.85,33,4,37,8.0,MINIBUS (M2-M3),AVENIDA SANTA ROSA DE LIMA / AVENIDA SAN MARTIN DE PORRES,AVENIDA ENRIQUE MEIGGS / JIRON DANIEL ALCIDES CARRION,47,49,"AVENIDA SANTA ROSA DE LIMA > AVENIDA LOS BAMBUES > AVENIDA LOS ALAMOS > AVENIDA EL SOL > AVENIDA EL SOL (VUELTA EN ""U"" ALT. JIRON PIEDRA LUNA) > AVENIDA EL SOL > AVENIDA SANTA ROSA DE LIMA > AVENIDA LOS TUSILAGOS ESTE > AVENIDA 13 DE ENERO > AVENIDA LURIGANCHO > AVENIDA LAS LOMAS > AVENIDA EL SANTUARIO > AVENIDA GRAN PAJATEN > JIRON CAJAMARQUILLA > AVENIDA PIRAMIDE DEL SOL > PUENTE PIRAMIDE DEL SOL > AVENIDA JOSE CARLOS MARIATEGUI > AVENIDA LAS MAGNOLIAS > AVENIDA PLACIDO JIMENEZ > JIRON ANCASH > AVENIDA SEBASTIAN LORENTE > AVENIDA ALMIRANTE MIGUEL GRAU > AVENIDA AVIACION > AVENIDA 28 DE JULIO > PUENTE 28 DE JULIO > AVENIDA 28 DE JULIO > PLAZA JORGE CHAVEZ > AVENIDA 28 DE JULIO > AUXILIAR AVENIDA BRASIL > JIRON RESTAURACION > AVENIDA GENERAL VARELA > PARQUE GENERAL PEDRO SILVA > AVENIDA GENERAL VARELA > AVENIDA ARICA > JIRON AGUARICO > AVENIDA REPUBLICA DE VENEZUELA > PUENTE TINGO MARIA > AVENIDA ARICA > AVENIDA LUIS BRAILLE > AVENIDA REYNALDO SAAVEDRA PINON > AVENIDA VICTOR SARRIA ARZUBIAGA > AVENIDA OSCAR RAIMUNDO BENAVIDES > AUXILIAR AVENIDA OSCAR RAIMUNDO BENAVIDES > AVENIDA UNIVERSITARIA > AVENIDA MATERIALES > JIRON PACIFICO > AVENIDA ENRIQUE MEIGGS",AVENIDA ENRIQUE MEIGGS > JIRON PACIFICO > AVENIDA MATERIALES > AVENIDA UNIVERSITARIA > AUXILIAR AVENIDA OSCAR RAIMUNDO BENAVIDES > AVENIDA OSCAR RAIMUNDO BENAVIDES > AVENIDA VICTOR SARRIA ARZUBIAGA > AVENIDA REYNALDO SAAVEDRA PIÑON > AVENIDA LUIS BRAILLE > AVENIDA ARICA > AVENIDA NACIONES UNIDAS > AVENIDA REPUBLICA DE VENEZUELA > PUENTE TINGO MARIA > AVENIDA ARICA > JIRON JORGE CHAVEZ > JIRON CASTROVIRREYNA > JIRON GENERAL JOSE CANTERAC > AVENIDA GENERAL EUGENIO GARZON > AVENIDA 28 DE JULIO > PLAZA JORGE CHAVEZ > AVENIDA 28 DE JULIO > PUENTE 28 DE JULIO > AVENIDA 28 DE JULIO > AVENIDA JOSE GALVEZ > AVENIDA JAIME BAUSATE Y MEZA > JIRON HUANUCO > AVENIDA ALMIRANTE MIGUEL GRAU > JIRON JUNIN > AVENIDA SEBASTIAN LORENTE > JIRON ANCASH > AVENIDA PLACIDO JIMENEZ > AVENIDA LAS MAGNOLIAS > CALLE LA CANTUTA > AVENIDA BOSQUE HUANCA > AVENIDA JOSE CARLOS MARIATEGUI > PUENTE CHINCHAYSUYO > JIRON CHINCHAYSUYO > AVENIDA GRAN CHIMU > AVENIDA GRAN PAJATEN > AVENIDA EL SANTUARIO > AVENIDA LAS LOMAS > AVENIDA LURIGANCHO > AVENIDA 13 DE ENERO > AVENIDA LOS TUSILAGOS ESTE > AVENIDA SANTA ROSA DE LIMA > AVENIDA EL SOL > AVENIDA LOS ALAMOS > AVENIDA LOS BAMBUES > AVENIDA SANTA ROSA DE LIMA,RUTA_9303_1256.pdf,
1257,9305,EMPRESA DE TRANSPORTES DE SERVICIO URBANO 26 DE MAYO S.A.,Ventanilla,El Agustino,27.52,27.92,27,3,30,8.0,MINIBUS (M2-M3),CALLE CENTRAL / CALLE ICA,AVENIDA MALECON DE LA AMISTAD / AVENIDA ANDRES PONCE PALACIOS,22,25,CALLE CENTRAL > AVENIDA DEL BIERZO > AVENIDA CORONEL NESTOR GAMBETTA > OVALO CANTOLAO > AVENIDA ELMER FAUCETT > OVALO AEROPUERTO > AVENIDA TOMAS VALLE > PROLONGACION AVENIDA PERU > AVENIDA PERU > BY PASS AVENIDA PERU > AVENIDA PERU > JIRON RIOBAMBA > AVENIDA AUGUSTO B. LEGUIA > JIRON PEDREGAL > AVENIDA ZARUMILLA > CARRETERA PANAMERICANA NORTE > VIA DE EVITAMIENTO > PUENTE HUASCAR > VIA DE EVITAMIENTO > AVENIDA 1 DE MAYO > AVENIDA JOSE CARLOS MARIATEGUI > AVENIDA MALECON DE LA AMISTAD,AVENIDA MALECON DE LA AMISTAD > PUENTE CHINCHAYSUYO > AVENIDA MALECON MIGUEL CHECA EGUIGUREN > PUENTE PIRAMIDE DEL SOL > AVENIDA JOSE CARLOS MARIATEGUI > JIRON INDEPENDENCIA > VIA DE EVITAMIENTO > PUENTE HUASCAR > VIA DE EVITAMIENTO > CARRETERA PANAMERICANA NORTE > AVENIDA ZARUMILLA > AVENIDA SAN MARTIN > CALLE SAN PAULO > JIRON RIOBAMBA > AVENIDA PERU > BY PASS AVENIDA PERU > AVENIDA PERU > AVENIDA PASEO QUILCA > AVENIDA ELMER FAUCETT > OVALO AEROPUERTO > AVENIDA ELMER FAUCETT > OVALO CANTOLAO > AVENIDA CORONEL NESTOR GAMBETTA > AVENIDA DEL BIERZO > CALLE CENTRAL,RUTA_9305_1257.pdf,
1258,9306,E.T. LAS FLORES S.A.,Callao,San Juan De Lurigancho,33.06,33.33,88,9,97,3.0,OMNIBUS (M3),SANTA ROSA,AVENIDA FERNANDO WIESSE / JIRON MAR DEL NORTE,37,37,AVENIDA REPUBLICA DE ARGENTINA > AVENIDA DE LOS INSURGENTES > AVENIDA JUAN VELASCO ALVARADO > AVENIDA DE LOS INSURGENTES > AVENIDA DE LOS PRECURSORES > AVENIDA PARQUE DE LAS LEYENDAS > PROLONGACION AVENIDA MARISCAL JOSE DE LA MAR > AVENIDA MANUEL CIPRIANO DULANTO > AVENIDA ANTONIO DE SUCRE > AVENIDA JOSE DE SAN MARTIN > PLAZA DE LA BANDERA > AVENIDA TINGO MARIA > AUXILIAR AVENIDA TINGO MARIA > AVENIDA ARICA > AVENIDA BOLIVIA > AVENIDA ALFONSO UGARTE > PLAZA DOS DE MAYO > AVENIDA ALFONSO UGARTE > PLAZA RAMON CASTILLA > AVENIDA ALFONSO UGARTE > PUENTE DEL EJERCITO > AVENIDA CAQUETA > PUENTE CAQUETA > AVENIDA CAQUETA > JIRON ARRIETA > AVENIDA LOS PROCERES > JIRON VIRU > JIRON CHICLAYO > JIRON LORETO > AVENIDA 9 DE OCTUBRE > OVALO ZARATE > AVENIDA PROCERES DE LA INDEPENDENCIA > AVENIDA LIMA > AVENIDA LAS FLORES DE PRIMAVERA > AVENIDA CANTO GRANDE > AVENIDA JOSE CARLOS MARIATEGUI > AVENIDA FERNANDO WIESSE,AVENIDA FERNANDO WIESSE > AVENIDA JOSE CARLOS MARIATEGUI > AVENIDA CANTO GRANDE > AVENIDA LAS FLORES DE PRIMAVERA > AVENIDA LIMA > AVENIDA PROCERES DE LA INDEPENDENCIA > OVALO ZARATE > AVENIDA 9 DE OCTUBRE > JIRON MARAÑON > JIRON PAITA > AVENIDA FRANCISCO PIZARRO > JIRON PIÑONATE > AVENIDA LOS PROCERES > AVENIDA CAQUETA > PUENTE CAQUETA > AVENIDA CAQUETA > PUENTE DEL EJERCITO > AVENIDA ALFONSO UGARTE > PLAZA RAMON CASTILLA > AVENIDA ALFONSO UGARTE > PLAZA DOS DE MAYO > AVENIDA ALFONSO UGARTE > AVENIDA REPUBLICA DE VENEZUELA > PUENTE TINGO MARIA > AUXILIAR AVENIDA TINGO MARIA > AVENIDA TINGO MARIA > PLAZA DE LA BANDERA > AVENIDA JOSE DE SAN MARTIN > AVENIDA ANTONIO DE SUCRE > AVENIDA MANUEL CIPRIANO DULANTO > PROLONGACION AVENIDA MARISCAL JOSE DE LA MAR > AVENIDA PARQUE DE LAS LEYENDAS > AVENIDA LOS PRECURSORES > AVENIDA DE LOS INSURGENTES > AVENIDA JUAN VELASCO ALVARADO > AVENIDA DE LOS INSURGENTES > AVENIDA REPUBLICA DE ARGENTINA,RUTA_9306_1258.pdf,
1259,9307,GRUPO AUTOMOTOR UNO S.A.C.,Ventanilla,San Juan De Lurigancho,55.82,56.59,47,5,52,6.0,MINIBUS (M2-M3),AVENIDA SANTA ROSA / AVENIDA 150 IZQUIERDA,AVENIDA FERNANDO WIESSE / JIRON MAR DEL NORTE,46,45,AVENIDA SANTA ROSA > AVENIDA 150 IZQUIERDA > AVENIDA CAMINOS DEL INCA IZQUIERDA > AVENIDA CAMINOS DEL INCA DERECHA > AVENIDA LOS CONSTRUCTORES > AVENIDA LOS TOPOGRAFOS > OVALO LABARTHE > AVENIDA LOS TOPOGRAFOS > AVENIDA 200 > AVENIDA CORONEL NESTOR GAMBETTA > CARRETERA PANAMERICANA NORTE > PUENTE CHILLON > CARRETERA PANAMERICANA NORTE > INTERCAMBIO VIAL NORTE > CARRETERA PANAMERICANA NORTE > AVENIDA ALFREDO MENDIOLA > OVALO IZAGUIRRE > AVENIDA ALFREDO MENDIOLA > CARRETERA PANAMERICANA NORTE > AVENIDA ALFREDO MENDIOLA > OVALO ANGELICA GAMARRA > AVENIDA ALFREDO MENDIOLA > OVALO TOMAS VALLE > AVENIDA ALFREDO MENDIOLA > CARRETERA PANAMERICANA NORTE > AVENIDA ALFREDO MENDIOLA > OVALO HABICH > AVENIDA EDUARDO DE HABICH > AVENIDA TUPAC AMARU > AVENIDA CAQUETA > PUENTE CAQUETA > INTERCAMBIO VIAL CAQUETA > VIA EVITAMIENTO > INTERCAMBIO VIAL HUANUCO > VIA EVITAMIENTO > AVENIDA 1 DE MAYO > PUENTE CHINCHAYSUYO > JIRON CHINCHAYSUYO > JIRON SAN AURELIO > AVENIDA LURIGANCHO > JIRON LOS LIQUENES > AVENIDA LAS ALCAPARRAS > AVENIDA LAS FLORES DE PRIMAVERA > AVENIDA CANTO GRANDE > AVENIDA JOSE CARLOS MARIATEGUI > AVENIDA FERNANDO WIESSE,"AVENIDA FERNANDO WIESSE > AVENIDA JOSE CARLOS MARIATEGUI > AVENIDA CANTO GRANDE > AVENIDA LAS FLORES DE PRIMAVERA > AVENIDA LAS ALCAPARRAS > JIRON LOS LIQUENES > AVENIDA LURIGANCHO > AVENIDA PIRAMIDE DEL SOL > PUENTE PIRAMIDE DEL SOL > AVENIDA INDEPENDENCIA > VIA EVITAMIENTO > INTERCAMBIO VIAL HUANUCO > VIA EVITAMIENTO > ACCESO A AVENIDA CAQUETA > AVENIDA CAQUETA > AVENIDA TUPAC AMARU > AVENIDA TUPAC AMARU (GIRO EN ""U"" ALTURA DE LA AVENIDA HONORIO DELGADO) > AVENIDA GERARDO UNGER > AVENIDA EDUARDO DE HABICH > OVALO HABICH > AVENIDA ALFREDO MENDIOLA > CARRETERA PANAMERICANA NORTE > AVENIDA ALFREDO MENDIOLA > OVALO TOMAS VALLE > AVENIDA ALFREDO MENDIOLA > OVALO ANGELICA GAMARRA > AVENIDA ALFREDO MENDIOLA > CARRETERA PANAMERICANA NORTE > AVENIDA ALFREDO MENDIOLA > OVALO IZAGUIRRE > AVENIDA ALFREDO MENDIOLA > CARRETERA PANAMERICANA NORTE > INTERCAMBIO VIAL NORTE > CARRETERA PANAMERICANA NORTE > PUENTE CHILLON > CARRETERA PANAMERICANA NORTE > INTERCAMBIO VIAL NESTOR GAMBETTA > AVENIDA CORONEL NESTOR GAMBETTA > AVENIDA 200 > AVENIDA LOS TOPOGRAFOS > AVENIDA LOS CONSTRUCTORES > AVENIDA CAMINOS DEL INCA DERECHA > AVENIDA CAMINOS DEL INCA IZQUIERDA > AVENIDA 150 IZQUIERDA > AVENIDA SANTA ROSA",RUTA_9307_1259.pdf,
1260,9401,INVERSIONES Y REPRESENTACIONES POLO S.A.C.,Ventanilla,Ate,61.07,61.51,100,10,110,3.0,OMNIBUS (M3),AVENIDA 150 IZQUIERDA / AVENIDA SANTA ROSA,AVENIDA JOSE CARLOS MARIATEGUI / CALLE LOS SAUCES,43,45,AVENIDA 150 IZQUIERDA > AVENIDA CAMINO DEL INCA IZQUIERDA > AVENIDA CAMINO DEL INCA DERECHA > AVENIDA LOS CONSTRUCTORES > AVENIDA LOS TOPOGRAFOS > AVENIDA 200 > AVENIDA NESTOR GAMBETTA > ACCESO CARRETERA PANAMERICANA NORTE > CARRETERA PANAMERICANA NORTE > AVENIDA PUENTE PIEDRA > CARRETERA PANAMERICANA NORTE > PUENTE RIO CHILLON > CARRETERA PANAMERICANA NORTE > INTERCAMBIO VIAL NORTE > CARRETERA PANAMERICANA NORTE > AVENIDA ALFREDO MENDIOLA > OVALO IZAGUIRRE > AVENIDA ALFREDO MENDIOLA > CARRETERA PANAMERICANA NORTE > AVENIDA ALFREDO MENDIOLA > OVALO ANGELICA GAMARRA > AVENIDA ALFREDO MENDIOLA > OVALO TOMAS VALLE > AVENIDA ALFREDO MENDIOLA > CARRETERA PANAMERICANA NORTE > AVENIDA ALFREDO MENDIOLA > OVALO HABICH > AVENIDA ALFREDO MENDIOLA > CARRETERA PANAMERICANA NORTE > PUENTE TROMPETA > CARRETERA PANAMERICANA NORTE > VIA DE EVITAMIENTO > PUENTE HUASCAR > VIA DE EVITAMIENTO > PUENTE NUEVO > VIA DE EVITAMIENTO > INTERCAMBIO VIAL PUENTE RAMIRO PRIALE > AVENIDA RAMIRO PRIALE > AVENIDA LAS TORRES > PUENTE HUACHIPA > AVENIDA LAS TORRES > CARRETERA CENTRAL > AVENIDA JOSE CARLOS MARIATEGUI,AVENIDA JOSE CARLOS MARIATEGUI > CARRETERA CENTRAL > AVENIDA PEDRO RUIZ GALLO > AVENIDA ROSA VERA > AVENIDA LAS TORRES > PUENTE HUACHIPA > AVENIDA LAS TORRES > AVENIDA RAMIRO PRIALE > ACCESO VIA DE EVITAMIENTO > VIA DE EVITAMIENTO > PUENTE NUEVO > VIA DE EVITAMIENTO > PUENTE HUASCAR > VIA DE EVITAMIENTO > CARRETERA PANAMERICANA NORTE > PUENTE TROMPETA > CARRETERA PANAMERICANA NORTE > AVENIDA ALFREDO MENDIOLA > OVALO HABICH > AVENIDA ALFREDO MENDIOLA > CARRETERA PANAMERICANA NORTE > AVENIDA ALFREDO MENDIOLA > OVALO TOMAS VALLE > AVENIDA ALFREDO MENDIOLA > OVALO ANGELICA GAMARRA > AVENIDA ALFREDO MENDIOLA > CARRETERA PANAMERICANA NORTE > AVENIDA ALFREDO MENDIOLA > OVALO IZAGUIRRE > AVENIDA ALFREDO MENDIOLA > CARRETERA PANAMERICANA NORTE > INTERCAMBIO VIAL NORTE > CARRETERA PANAMERICANA NORTE > PUENTE RIO CHILLON > CARRETERA PANAMERICANA NORTE > AVENIDA PUENTE PIEDRA > CARRETERA PANAMERICANA NORTE > INTERCAMBIO VIAL AVENIDA NESTOR GAMBETTA > AVENIDA NESTOR GAMBETTA > AVENIDA 200 > AVENIDA LOS TOPOGRAFOS > AVENIDA LOS CONSTRUCTORES > AVENIDA CAMINO DEL INCA DERECHA > AVENIDA CAMINO DEL INCA IZQUIERDA > AVENIDA 150 IZQUIERDA,RUTA_9401_1260.pdf,
1261,9405,EMPRESA DE TRANSPORTES FEDERICO VILLAREAL S.A. - E.T.F.V.S.A.,Callao,Ate,47.53,47.7,66,7,73,6.0,OMNIBUS (M3),PROLONGACION AVENIDA ALEJANDRO BERTELLO / CALLE SAN SEBASTIAN (PROGRAMA DE VIVIENDA SANTA PETRONILA),AVENIDA SAN ALFONSO / AVENIDA ALMIRANTE MIGUEL GRAU,62,58,PROLONGACION AVENIDA ALEJANDRO BERTELLO > AVENIDA ALEJANDRO BERTELLO > AVENIDA CARLOS ALBERTO IZAGUIRRE > AVENIDA DANIEL ALCIDES CARRION > AVENIDA SANTIAGO ANTUNEZ DE MAYOLO > AVENIDA CARLOS ALBERTO IZAGUIRRE > OVALO IZAGUIRRE > AVENIDA ALFREDO MENDIOLA > CARRETERA PANAMERICANA NORTE > AVENIDA ALFREDO MENDIOLA > OVALO ANGELICA GAMARRA > AVENIDA ALFREDO MENDIOLA > OVALO TOMAS VALLE > AVENIDA ALFREDO MENDIOLA > CARRETERA PANAMERICANA NORTE > AVENIDA ALFREDO MENDIOLA > OVALO HABICH > AVENIDA ALFREDO MENDIOLA > PUENTE TROMPETA > CARRETERA PANAMERICANA NORTE > ACCESO PUENTE DEL EJERCITO > PUENTE DEL EJERCITO > AVENIDA ALFONSO UGARTE > PLAZA FRANCISCO BOLOGNESI > AVENIDA GUZMAN BLANCO > OVALO JORGE CHAVEZ > AVENIDA GENERAL SALAVERRY > JIRON PACHACUTEC > JIRON MANCO SEGUNDO > AVENIDA JOSE LEAL > AVENIDA ALVEREZ ARENALES > AVENIDA CESAR VALLEJO > JIRON JOSE DE LA TORRE UGARTE > AVENIDA IGANCIO MERINO > JIRON SOLEDAD > AVENIDA PORLONGACION IQUITOS > AVENIDA PASEO PARODI > CALLE CORONEL ANDRES REYES > VIA AUXILIAR AVENIDA PASEO DE LA REPUBLICA > AVENIDA ENRIQUE CANAVAL Y MOREYRA > AVENIDA REPUBLICA DE PANAMA > AVENIDA ANGAMOS ESTE > VIA AUXILIAR ANGAMOS ESTE > VIA AUXILIAR AVENIDA PRIMAVERA > AVENIDA PRIMAVERA > AVENIDA LA ENCALADA > AVENIDA EL POLO > AVENIDA EL GOLF LOS INCAS > AVENIDA CIRCUNVALACION DEL GOLF DE LOS INCAS > AVENIDA LA FONTANA > OVALO LA FONTANA > AVENIDA LA MOLINA > AVENIDA SEPARADORA INDUSTRIAL > OVALO MAYORAZGO > AVENIDA SEPARADORA INDUSTRIAL > CARRETERA CENTRAL > AUXILIAR CARRETERA CENTRAL (BY PASS JAVIER PRADO) > CARRETERA CENTRAL > AVENIDA JOSE CARLOS MARIATEGUI > AVENIDA NICOLAS DE PIEROLA > AVENIDA SAN MARTIN DE PORRES > AVENIDA SAN ALFONSO,AVENIDA SAN ALFONSO > AVENIDA SAN MARTIN DE PORRES > AVENIDA NICOLAS DE PIEROLA > AVENIDA JOSE CARLOS MARIATEGUI > CARRETERA CENTRAL > AUXILIAR CARRETERA CENTRAL ( BY PASS JAVIER PRADO) > CARRETERA CENTRAL > AVENIDA SEPARADORA INDUSTRIAL > OVALO MAYORAZGO > AVENIDA SEPARADORA INDUSTRIAL > AVENIDA LA MOLINA > OVALO LA FONTANA > AVENIDA LA FONTANA > AVENIDA CIRCUNVALACION DEL GOLF DE LOS INCAS > AVENIDA EL GOLF LOS INCAS > AVENIDA EL POLO > AVENIDA LA ENCALADA > AVENIDA PRIMAVERA > VIA AUXILIAR AVENIDA PRIMAVERA > VIA AUXILIAR AVENIDA ANGAMOS ESTE > AVENIDA ANGAMOS ESTE > AVENIDA REPUBLICA DE PANAMA > AVENIDA ENRIQUE CANAVAL Y MOREYRA > AVENIDA JUAN DE ARONA > AVENIDA PETIT THOUARS > AVENIDA JUAN PARDO DE ZELA > AVENIDA GENERAL CESAR CANEVARO > JIRON MANCO SEGUNDO > AVENIDA GENERAL SALAVERRY > OVALO JORGE CHAVEZ > AVENIDA GUZMAN BLANCO > PLAZA FRANCISCO BOLOGNESI > AVENIDA ALFONSO UGARTE > PUENTE DEL EJERCITO > INTERCAMBIO VIAL PUENTE CAQUETA > VIA EVITAMIENTO > CARRETERA PANAMERICANA NORTE > AVENIDA ZARUMILLA > CARRETERA PANAMERICANA NORTE > PUENTE TROMPETA > AVENIDA ALFREDO MENDIOLA > OVALO HABICH > AVENIDA ALFREDO MENDIOLA > CARRETERA PANAMERICANA NORTE > AVENIDA ALFREDO MENDIOLA > OVALO TOMAS VALLE > CARRETERA PANAMERICANA NORTE > OVALO ANGELICA GAMARRA > AVENIDA ALFREDO MENDIOLA > CARRETERA PANAMERICANA NORTE > AVENIDA ALFREDO MENDIOLA > OVALO IZAGUIRRE > AVENIDA CARLOS ALBERTO IZAGUIRRE > AVENIDA SANTIAGO ANTUNEZ DE MAYOLO > AVENIDA DANIEL ALCIDES CARRION > AVENIDA CARLOS ALBERTO IZAGUIRRE > AVENIDA ALEJANDRO BERTELLO > PROLONGACION AVENIDA ALEJANDRO BERTELLO,RUTA_9405_1261.pdf,
1262,9801,EMPRESA DE TRANSPORTES 41 S.A.,Ventanilla,Villa El Salvador,66.82,67.51,85,9,94,3.0,OMNIBUS (M3),AVENIDA 150 IZQUIERA / AVENIDA SANTA ROSA,AVENIDA PROLONGACION MARIANO PASTOR SEVILLA / AVENIDA. UNIVERSITARIA,61,59,AVENIDA 150 IZQUIERDA > AVENIDA HUAYNA CAPAC > AVENIDA 225 > AVENIDA LOS TOPOGRAFOS > AVENIDA LOS ALISOS > AVENIDA BOLIVIA > AVENIDA 200 > AVENIDA CORONEL NESTOR GAMBETTA > ACC. CARRETERA PANAMERICANA NORTE > CARRETERA PANAMERICANA NORTE > PUENTE CHILLON > CARRETERA PANAMERICANA NORTE > OVALO NARANJAL > CARRETERA PANAMERICANA NORTE > AVENIDA ALFREDO MENDIOLA > OVALO IZAGUIRRE > AVENIDA ALFREDO MENDIOLA > CARRETERA PANAMERICANA NORTE > AVENIDA ALFREDO MENDIOLA > OVALO ANGELICA GAMARRA > CARRETERA PANAMERICANA NORTE > OVALO TOMAS VALLE > CARRETERA PANAMERICANA NORTE > AVENIDA ALFREDO MENDIOLA > OVALO HABICH > AVENIDA ALFREDO MENDIOLA > CARRETERA PANAMERICANA NORTE > PUENTE TROMPETA > AVENIDA ZARUMILLA > ACC. PTE DEL EJERCITO > PUENTE DEL EJERCITO > AVENIDA ALFONSO UGARTE > BY PASS ALFONSO UGARTE > AVENIDA ALFONSO UGARTE > PLAZA FRANCISCO BOLOGNESI > AVENIDA GUZMAN BLANCO > PLAZA JORGE CHAVEZ > AVENIDA GENERAL SALAVERRY > AVENIDA EDGARDO REBAGLIATI > JIRON DOMINGO CUETO > AVENIDA ALVAREZ DE ARENALES > JIRON BARTOLOME HERRERA > AVENIDA IGNACIO MERINO > JIROON SOLEDAD > AVENIDA PROLONGACION IQUITOS > AVENIDA PASEO PARODI > CALLE CORONEL ANDRES REYES > AVENIDA MIGUEL SEMINARIO > AVENIDA REPUBLICA DE PANAMA > AVENIDA DE TOMAS MARSANO > OVALO LOS CABITOS > AVENIDA SANTIAGO DE SURCO > INTERCAMBIO VIAL PUENTE ATOCONGO > AVENIDA LOS HEROES > AVENIDA MIGUEL IGLESIAS > AVENIDA MICAELA BASTIDAS > AVENIDA 200 MILLAS > OVALO LAS PALOMAS > AVENIDA REVOLUCION > AVENIDA MARIA REICHE > AVENIDA PROLONGACION MARIANO PASTOR SEVILLA,AVENIDA PROLONGACION MARIANO PASTOR SEVILLA > AVENIDA MARIA REICHE > AVENIDA REVOLUCION > OVALO LAS PALOMAS > AVENIDA 200 MILLAS > AVENIDA MICAELA BASTIDAS > AVENIDA MIGUEL IGLESIAS > AVENIDA LOS HEROES > INTERCAMBIO VIAL PUENTE ATOCONGO > AVENIDA SANTIAGO DE SURCO > OVALO LOS CABITOS > AVENIDA DE TOMAS MARSANO > AVENIDA REPUBLICA DE PANAMA > AVENIDA CANAVAL MOREYRA > AVENIDA JUAN DE ARONA > AVENIDA PETIT THOUARS > AVENIDA JUAN PARDO DE ZELA > AVENIDA CESAR CANEVARO > JIRON GENERAL JOSE MARIA CORDOVA > AVENIDA EDGARDO REBAGLIATI > AVENIDA GENERAL SALAVERRY > PLAZA JORGE CHAVEZ > AVENIDA GUZMAN BLANCO > PLAZA FRANCISCO BOLOGNESI > AVENIDA ALFONSO UGARTE > BY PASS ALFONSO UGARTE > AVENIDA ALFONSO UGARTE > PUENTE DEL EJERCITO > AVENIDA CAQUETA > INTERCAMBIO VIAL CAQUETA > CARRETERA PANAMERICANA NORTE > AVENIDA ALFREDO MENDIOLA > OVALO HABICH > AVENIDA ALFREDO MENDIOLA > CARRETERA PANAMERICANA NORTE > OVALO TOMAS VALLE > CARRETERA PANAMERICANA NORTE > OVALO ANGELICA GAMARRA > AVENIDA ALFREDO MENDIOLA > AVENIDA PANAMERICANA NORTE > AVENIDA ALFREDO MENDIOLA > OVALO IZAGUIRRE > AVENIDA ALFREDO MENDIOLA > AVENIDA PANAMERICANA NORTE > OVALO NARANJAL > CARRETERA PANAMERICANA NORTE > OVALO INFANTAS > CARRETERA PANAMERICANA NORTE > PUENTE CHILLON > CARRETERA PANAMERICANA NORTE > INTERCAMBIO VIAL NESTOR GAMBETTA > AVENIDA CORONEL NESTOR GAMBETTA > AVENIDA 200 > AVENIDA BOLIVIA > AVENIDA LOS ALISOS > AVENIDA LOS TOPOGRAFOS > AVENIDA 225 > AVENIDA HUAYNA CAPAC > AVENIDA SANTA ROSA,RUTA_9801_1262.pdf,
1263,9802,E.T. LOS MILAGROS DEL SEÑOR DE PACHACAMILLA S.A.,Callao,Villa Maria Del Triunfo,32.13,32.23,61,7,68,6.0,MINIBUS (M2-M3),AVENIDA NUEVO AEROPUERTO / CALLE APURIMAC,AVENIDA EL PARAISO / CALLE SAN JOSE,34,36,AVENIDA NUEVO AEROPUERTO > AVENIDA MORALES DUAREZ > AVENIDA NICOLAS DUEÑAS > AVENIDA ENRIQUE MEIGGS > JIRON REPUBLICA DE ECUADOR > AVENIDA REPUBLICA DE ARGENTINA > PLAZA MARISCAL RAMON CASTILLA > AVENIDA ALFONSO UGARTE > PLAZA 2 DE MAYO > AVENIDA ALFONSO UGARTE > PLAZA FRANCISCO BOLOGNESI > AVENIDA 9 DE DICIEMBRE > PLAZA ALMIRANTE MIGUEL GRAU > VIA EXPRESA ALMIRANTE MIGUEL GRAU > AVENIDA ALMIRANTE MIGUEL GRAU > AVENIDA ALTO DE LA ALIANZA > AVENIDA NICOLAS DE AYLLON > AVENIDA CIRCUNVALACION > INTERCAMBIO VIAL EL PINO > AVENIDA CIRCUNVALACION > CARRETERA PANAMERICANA SUR > PUENTE PRIMAVERA > CARRETERA PANAMERICANA SUR > TUNEL BENAVIDES > AVENIDA DEFENSORES DE LIMA > AVENIDA JOSE CARLOS MARIATEGUI > AVENIDA LATINOAMERICA > JIRON JOSE MARIA ARGUEDAS > JIRON AREQUIPA > CALLE MAGNOLIAS > AVENIDA JOSE OLAYA > AVENIDA INCA OLLANTAY > JIRON LOS PROCERES > AVENIDA EL PARAISO,AVENIDA PARAISO > JIRON LOS PROCERES > AVENIDA INCA OLLANTAY > AVENIDA PROGRESO > JIRON AREQUIPA > JIRON JOSE MARIA ARGUEDAS > AVENIDA LATINOAMERICA > AVENIDA PRIMAVERA > JIRON INTI RAYMI > AVENIDA JULIO CESAR TELLO > AVENIDA DEFENSORES DE LIMA > AVENIDA AGUSTIN LA ROSA LOZANO > AVENIDA CRISTOBAL DE PERALTA > ACCESO CARRETERA PANAMERICANA SUR > CARRETERA PANAMERICANA SUR > PUENTE PRIMAVERA > CARRETERA PANAMERICANA SUR > AVENIDA CIRCUNVALACION > INTERCAMBIO VIAL EL PINO > AVENIDA CIRCUNVALACION > AVENIDA NICOLAS DE AYLLON > AVENIDA ALMIRANTE MIGUEL GRAU > VIA EXPRESA ALMIRANTE MIGUEL GRAU > PLAZA ALMIRANTE MIGUEL GRAU > AVENIDA 9 DE DICIEMBRE > PLAZA FRANCISCO BOLOGNESI > AVENIDA ALFONSO UGARTE > PLAZA 2 DE MAYO > AVENIDA ALFONSO UGARTE > PLAZA RAMON CASTILLA > AVENIDA REPUBLICA DE ARGENTINA > JIRON REPUBLICA DE ECUADOR > AVENIDA ENRIQUE MEIGGS > AVENIDA NICOLAS DUEÑAS > AVENIDA MORALES DUAREZ > AVENIDA NUEVO AEROPUERTO,RUTA_9802_1263.pdf,
1264,CR02,EMPRESA DE TRANSPORTES MIRAFLORES MONTERRICO S.A.,Callao,Santiago De Surco,25.52,25.27,40,4,44,7.0,MINIBUS (M2-M3),AVENIDA 2 DE MAYO / AVENIDA GUARDIA CHALACA (PLAZA GARIBALDI),AVENIDA PRIMAVERA / AVENIDA NICOLAS RODRIGO,27,26,AVENIDA 2 DE MAYO > AVENIDA MARCO POLO > AVENIDA ALMIRANTE MIGUEL GRAU > JIRON COLINA > AVENIDA JOSE GALVEZ > OVALO JUAN PABLO II > AVENIDA SANTA ROSA > JIRON ATAHUALPA > JIRON LIMA > AVENIDA LA PAZ > PASAJE SAN LUIS > AVENIDA COSTANERA > AVENIDA JUAN BERTOLOTTO NEGRO > JIRON COMANDANTE ESPINAR > AVENIDA ANTONIO JOSE DE SUCRE > JIRON DIEGO FERRE > AVENIDA DEL EJERCITO (EX. PEREZ ARANIBAR) > OVALO FEDERICO VILLAREAL > CALLE 8 DE OCTUBRE > CALLE GENERAL MENDIBURU > CALLE 2 DE MAYO > AVENIDA COMANDANTE ESPINAR > AVENIDA ANGAMOS OESTE > AVENIDA ANGAMOS ESTE > AVENIDA PRIMAVERA > OVALO LOS DELFINES > AVENIDA PRIMAVERA,AVENIDA PRIMAVERA > OVALO LOS DELFINES > AVENIDA PRIMAVERA > AVENIDA ANGAMOS ESTE > AVENIDA ANGAMOS OESTE > AVENIDA COMANDANTE ESPINAR > CALLE TENIENTE ENRIQUE PALACIOS > AVENIDA MARISCAL LA MAR > AVENIDA FEDERICO VILLARREAL > OVALO FEDERICO VILLAREAL > AVENIDA DEL EJERCITO (EX. PEREZ ARANIBAR) > JIRON DIEGO FERRE > JIRON TACNA > JIRON SALAVERRY > AVENIDA SAN MIGUEL (EX. FEDERICO GALLESI) > AVENIDA LA PAZ > AVENIDA SANTA ROSA > OVALO JUAN PABLO II > AVENIDA JOSE GALVEZ > JIRON COLINA > JIRON ALFONSO UGARTE > JIRON LOS HEROS > AVENIDA ALMIRANTE MIGUEL GRAU > JIRON ALBERTO SECADA > CALLE MARCO POLO > AVENIDA 2 DE MAYO,RUTA_CR02_1264.pdf,
1265,CR14,TRANSPORTES HOGAR TOURS S.A.,Callao,Santiago De Surco,31.72,31.65,54,6,60,8.0,MINIBUS (M2-M3),AVENIDA PACASMAYO / AVENIDA CANTA CALLAO,AVENIDA PRIMAVERA / AVENIDA NICOLAS RODRIGO,42,36,AVENIDA PACASMAYO > AVENIDA TOMAS VALLE > OVALO AEROPUERTO > AVENIDA ELMER FAUCETT > PUENTE ELMER FAUCETT > AVENIDA ELMER FAUCETT > AVENIDA DE LOS PRECURSORES > AVENIDA PARQUE DE LAS LEYENDAS > PROLONGACION AVENIDA MARISCAL JOSE LA MAR > AVENIDA JOSE DE LA RIVAGUERO > AVENIDA LIMA > CALLE CORONEL LEONCIO PRADO > PASAJE SAN LUIS > AVENIDA COSTANERA > AVENIDA JUAN BERTOLOTTO NEGRO > JIRON JUAN COMANDANTE ESPINAR > AVENIDA ANTONIO JOSE DE SUCRE > AVENIDA DEL EJERCITO > AVENIDA AUGUSTO PEREZ ARANIBAR > AVENIDA DEL EJERCITO > OVALO VILLARREAL > CALLE 8 DE OCTUBRE > AVENIDA GENERAL MENDIBURU > CALLE 2 DE MAYO > AVENIDA GENERAL PERSHING > CALLE GENERAL SUAREZ > CALLE LEONCIO PRADO > AVENIDA PASEO DE LA REPUBLICA > AVENIDA RICARDO PALMA > AVENIDA ANDRES AVELINO CACERES > AVENIDA REPUBLICA DE PANAMA > AVENIDA ALFREDO BENAVIDES > OVALO LOS CABITOS > AVENIDA ALFREDO BENAVIDES > PUENTE BENAVIDES > AVENIDA AGUSTIN LA ROSA LOZANO > AVENIDA CRISTOBAL PERALTA SUR > CARRETERA PANAMERICANA SUR > AVENIDA CRISTOBAL PERALTA SUR > AVENIDA PRIMAVERA > OVALO LOS DELFINES > AVENIDA PRIMAVERA,AVENIDA PRIMAVERA > OVALO LOS DELFINES > AVENIDA PRIMAVERA > INTERCAMBIO VIAL PRIMAVERA > ACCESO A PANAMERICANA SUR > CARRETERA PANAMERICANA SUR > AVENIDA ALFREDO BENAVIDES > OVALO LOS CABITOS > AVENIDA ALFREDO BENAVIDES > AVENIDA REPUBLICA DE PANAMA > AVENIDA ANDRES AVELINO CACERES > AVENIDA RICARDO PALMA > AVENIDA PETIT THOUARS > JIRON GONZALES PRADA > CALLE TENIENTE ENRIQUE PALACIOS > AVENIDA MARISCAL LA MAR > CALLE FEDERICO VILLARREAL > OVALO VILLARREAL > AVENIDA DEL EJERCITO > AVENIDA AUGUSTO PEREZ ARANIBAR > AVENIDA DEL EJERCITO > AVENIDA ANTONIO JOSE DE SUCRE > JIRON SALAVERRY > JIRON FEDERICO GALESSE TARICCHI > JIRON INDEPENDENCIA > AVENIDA LIMA > AVENIDA JOSE DE LA RIVAGUERO > PROLONGACION AVENIDA MARISCAL JOSE LA MAR > AVENIDA PARQUE DE LAS LEYENDAS > AVENIDA DE LOS PRECURSORES > AVENIDA ELMER FAUCETT > PUENTE ELMER FAUCETT > AVENIDA ELMER FAUCETT > OVALO AEROPUERTO > AVENIDA TOMAS VALLE > AVENIDA PACASMAYO,RUTA_CR14_1265.pdf,
1266,CR19,GRUPO LIMA EXPRESS,Mi Peru,Santiago De Surco,43.23,42.91,54,6,60,7.0,MINIBUS (M2-M3),AVENIDA AYACUCHO / AVENIDA HUAURA,AVENIDA AVIACION / AVENIDA DE TOMAS MARSANO (OVALO LOS CABITOS),28,27,AVENIDA AYACUCHO > AVENIDA TUMBES > AVENIDA VICTOR RAUL HAYA DE LA TORRE > AVENIDA CUZCO > AVENIDA REVOLUCION > CALLE PAVAYACU > AVENIDA CORONEL NESTOR GAMBETTA > OVALO CANTOLAO > AVENIDA ELMERT FAUCETT > OVALO AEROPUERTO > AVENIDA ELMERT FAUCETT > PUENTE ELMERT FAUCETT > AVENIDA ELMERT FAUCETT > AVENIDA DE LOS PRECURSORES > AVENIDA PARQUE DE LAS LEYENDAS > AVENIDA MARISCAL JOSE DE LA MAR > AVENIDA MANUEL CIPRIANO DULANTO > CALLE FIGARI > AVENIDA MANUEL CIPRIANO DULANTO > CALLE MARISCAL AGUSTIN GAMARRA > AVENIDA GENERAL MANUEL L. VIVANCO > AVENIDA SAN FELIPE > JIRON PACHACUTEC > AVENIDA GENERAL CESAR CANEVARO > AVENIDA JUAN PARDO DE ZELA > PUENTE CANADA > AVENIDA CANADA > AVENIDA AVIACION,AVENIDA AVIACION > AVENIDA CANADA > PUENTE CANADA > AVENIDA JUAN PARDO DE ZELA > AVENIDA GENERAL CESAR CANEVARO > CALLE DANIEL OLAECHEA > JIRON HUIRACOCHA > AVENIDA SAN FELIPE > AVENIDA GENERAL MANUEL L. VIVANCO > AVENIDA ANTONIO JOSE DE SUCRE > AVENIDA MANUEL CIPRIANO DULANTO > AVENIDA MARISCAL JOSE DE LA MAR > AVENIDA PARQUE DE LAS LEYENDAS > AVENIDA DE LOS PRECURSORES > AVENIDA ELMERT FAUCETT > PUENTE ELMERT FAUCETT > AVENIDA ELMERT FAUCETT > OVALO AEROPUERTO > AVENIDA ELMERT FAUCETT > OVALO CANTOLAO > AVENIDA CORONEL NESTOR GAMBETTA > AVENIDA VICTOR RAUL HAYA DE LA TORRE > AVENIDA TACNA > AVENIDA AYACUCHO > AVENIDA TUMBES > AVENIDA VICTOR RAUL HAYA DE LA TORRE > AVENIDA HUAURA,RUTA_CR19_1266.pdf,
1267,CR24,EMPRESA DE TRANSPORTES SERVICIO Y COMERCIALIZACION EXPRESO SANTA ANITA S.A.,Ventanilla,Ate,56.69,55.98,109,11,120,3.0,MINIBUS (M2-M3),AVENIDA SANTA ROSA / CALLE LOS QUIPUS,AVENIDA NICOLAS DE PIEROLA / AVENIDA ACAPULCO,33,35,AVENIDA SANTA ROSA > AVENIDA E > AVENIDA 200 MILLAS > CALLE LOS QUIMICOS > CALLE 1 > AVENIDA CORONEL NESTOR GAMBETTA > OVALO CANTOLAO > AVENIDA ELMER FAUCETT > AVENIDA CANTA CALLAO > AVENIDA PACASMAYO > AVENIDA TOMAS VALLE > PROLONGACION AVENIDA PERU > AVENIDA PERU > BY PASS AVENIDA PERU > AVENIDA PERU > JIRON RIOBAMBA > AVENIDA AUGUSTO B. LEGUIA > JIRON PEDREGAL > AVENIDA ZARUMILLA > CARRETERA PANAMERICANA NORTE > VIA DE EVITAMIENTO > AVENIDA 1 DE MAYO > VIA DE EVITAMIENTO > PUENTE HUASCAR > VIA DE EVITAMIENTO > ACCESO NICOLAS DE AYLLON > AVENIDA NICOLAS DE AYLLON > CARRETERA CENTRAL > AUXILIAR CARRETERA CENTRAL (BY PASS JAVIER PRADO) > CARRETERA CENTRAL > JIRON EL TRIUNFO > AVENIDA JOSE CARLOS MARIATEGUI > AVENIDA NICOLAS DE PIEROLA,AVENIDA NICOLAS DE PIEROLA > AVENIDA JOSE CARLOS MARIATEGUI > CALLE EL TRABAJO > CARRETERA CENTRAL > AUXILIAR CARRETERA CENTRAL (BY PASS JAVIER PRADO) > CARRETERA CENTRAL > ACCESO VIA DE EVITAMIENTO > VIA DE EVITAMIENTO > PUENTE HUASCAR > VA DE EVITAMIENTO > AVENIDA INDEPENDENCIA > VIA DE EVITAMIENTO > CARRETERA PANAMERICANA NORTE > AVENIDA ZARUMILLA > AVENIDA SAN MARTIN > CALLE SAO PAULO > JIRON RIOBAMBA > AVENIDA PERU > BY PASS AVENIDA PERU > AVENIDA PERU > PROLONGACION AVENIDA PERU > AVENIDA TOMAS VALLE > AVENIDA PACASMAYO > AVENIDA CANTA CALLAO > AVENIDA ELMER FAUCETT > OVALO CANTOLAO > AVENIDA CORONEL NESTOR GAMBETTA > AVENIDA VICTOR RAUL HAYA DE LA TORRE > AVENIDA TUMBES > AVENIDA CORONEL NESTOR GAMBETTA > CALLE 1 > CALLE LOS QUIMICOS > AVENIDA 200 MILLAS > AVENIDA E > AVENIDA SANTA ROSA,RUTA_CR24_1267.pdf,
1268,CR25,EMPRESA DE TRANSPORTES Y SERV. EL ALAMO DE SANTA ROSA S.A.,Callao,Ate,33.66,34.2,136,14,150,3.0,MINIBUS (M2-M3),CALLE LAS BEGONIAS / CALLE NARANJOS,AVENIDA LA ESTRELLA /AVENIDA 28 DE JULIO,32,32,CALLE LAS BEGONIAS > AVENIDA ALEJANDRO BERTELLO BOLLATI > AVENIDA ALEJANDRO BERTELLO BOLLATI (VUELTA EN U ALT. CALLE LOS CIPRESES) > AVENIDA ALEJANDRO BERTELLO BOLLATI > AVENIDA CANTA CALLAO > AVENIDA PACASMAYO > AVENIDA TOMAS VALLE > PROLONGACION AVENIDA PERU > AVENIDA PERU > PUENTE LA PERU > AVENIDA PERU > JIRON RIOBAMBA > AVENIDA AUGUSTO BERNARDINO LEGUIA > JIRON PEDREGAL > AVENIDA ZARUMILLA > CARRETERA PANAMERICANA NORTE > VIA DE EVITAMIENTO > PUENTE HUASCAR > VIA DE EVITAMIENTO > AVENIDA 1 DE MAYO > VIA DE EVITAMIENTO > ACCESO AVENIDA NICOLAS AYLLON > AVENIDA NICOLAS DE AYLLON > CARRETERA CENTRAL > AUXILIAR CARRETERA CEBTRAL (BY PASS JAVIER PRADO) > CARRETERA CENTRAL > JIRON EL TRIUNFO > AVENIDA JOSE CARLOS MARIATEGUI > AVENIDA ALMIRANTE MIGUEL GRAU > AVENIDA SAN ALFONSO > AVENIDA SAN MARTIN DE PORRES > AVENIDA LA ESTRELLA,AVENIDA LA ESTRELLA > AVENIDA SAN MARTIN DE PORRES > AVENIDA SAN ALFONSO > AVENIDA MIGUEL GRAU > AVENIDA JOSE QUIÑONES > AVENIDA ACAPULCO > AVENIDA NICOLAS DE PIEROLA > AVENIDA JOSE CARLOS MARIATEGUI > CALLE TRABAJO > CARRETERA CENTRAL > AUXILIAR CARRETERA CEBTRAL (BY PASS JAVIER PRADO) > CARRETERA CENTRAL > ACCESO VIA EVITAMIENTO > VIA DE EVITAMIENTO > AVENIDA INDEPENDECIA > VIA DE EVITAMIENTO > PUENTE HUASCAR > VIA DE EVITAMIENTO > CARRETERA PANAMERICANA NORTE > AVENIDA ZARUMILLA > JIRON SAN MARTIN > JIRON SAO PAULO > JIRON RIOBAMBA > AVENIDA PERU > PUENTE LA PERU > AVENIDA PERU > PROLONGACION AVENIDA PERU > AVENIDA TOMAS VALLE > AVENIDA PACASMAYO > AVENIDA CANTA CALLAO > AVENIDA ALEJANDRO BERTELLO > CALLE LAS BEGONIAS,RUTA_CR25_1268.pdf,
1269,CR37,EMPRESA DE TRANSPORTES Y SERVICIOS MULTIPLE LOS EXCELENTES UNIDOS SOCIEDAD ANONIMA,Callao,Ate,37.3,37.33,72,8,80,4.0,OMNIBUS (M3),AVENIDA CANTA CALLAO / AVENIDA PACASMAYO,AVENIDA LAS GAVIOTAS / AVENIDA EL ROSAL DE SANTA ANITA,41,44,AVENIDA CANTA CALLAO > AVENIDA ELMER FAUCETT > OVALO AEROPUERTO > AVENIDA ELMER FAUCETT > PUENTE ELMER FAUCETT > AVENIDA REPUBLICA DE ARGENTINA > AVENIDA SANTA ROSA > AVENIDA JUAN PABLO II > OVALO JUAN PABLO II > AVENIDA SANTA ROSA > CALLE MARISCAL CASTILLA > AVENIDA CALLAO > AVENIDA EL PACIFICO > AVENIDA VICTOR RAUL HAYA DE LA TORRE > AVENIDA LA PAZ > PASAJE SAN LUIS > AVENIDA COSTANERA > AVENIDA JUAN BERTOLOTTO NEGRO > JIRON COMANDANTE ESPINAR > AVENIDA ANTONIO JOSE DE SUCRE > JIRON FRANCISCO BOLOGNESI > AVENIDA BRASIL > OVALO FRANCISCO BOLOGNESI > AVENIDA 9 DE DICIEMBRE > PLAZA MIGUEL GRAU > VIA EXPRESA ALMIRANTE MIGUEL GRAU > AVENIDA ALMIRANTE MIGUEL GRAU > JIRON OCROS > JIRON TUPAC AMARU > AVENIDA JOSE DE LA RIVA AGÜERO > OVALO DE LA PAZ > AVENIDA CESAR VALLEJO > CALLE MARIA PARADO DE BELLIDO > JIRON CIRO ALEGRIA > AVENIDA LOS EUCALIPTOS > AVENIDA LOS RUISEÑORES > AVENIDA LOS CHANCAS DE ANDAHUAYLAS > AVENIDA LA ENCALADA > AVENIDA FERROCARRIL > CALLE 1 DE MAYO > AVENIDA LAS GAVIOTAS,AVENIDA LAS GAVIOTAS > CALLE 1 DE MAYO > AVENIDA FERROCARRIL > AVENIDA LA ENCALADA > AVENIDA LOS CHANKAS DE ANDAHUAYLAS > AVENIDA LOS RUISEÑORES > AVENIDA LOS EUCALIPTOS > AVENIDA JOSE CARLOS MARIATEGUI > AVENIDA TUPAC AMARU > AVENIDA CAMIONO REAL > AVENIDA CESAR VALLEJO > OVALO DE LA PAZ > AVENIDA JOSE DE LA RIVA AGÜERO > AVENIDA INCA RIPAC > JIRON CAJACAY > AVENIDA ALMIRANTE MIGUEL GRAU > VIA EXPRESA ALMIRANTE MIGUEL GRAU > PLAZA MIGUEL GRAU > AVENIDA 9 DE DICIEMBRE > OVALO FRANCISCO BOLOGNESI > AVENIDA BRASIL > JIRON MIGUEL GRAU > JIRON JOSE RUFINO ECHENIQUE BENAVENTE > JIRON SALAVERRY > JIRON FEDERICO GALLESE TARRICHI > AVENIDA LA PAZ > AVENIDA VICTOR RAUL HAYA DE LA TORRE > AVENIDA EL PACIFICO > AVENIDA CALLAO > CALLE MARISCAL RAMON CASTILLA > AVENIDA SANTA ROSA > OVALO JUAN PABLO II > AVENIDA JUAN PABLO II > AVENIDA SANTA ROSA > AVENIDA DE LA ALAMEDA > AVENIDA CIRCUNVALACION > CALLE TUPAC AMARU > AVENIDA LA CHALACA > AVENIDA ELMER FAUCETT > PUENTE ELMER FAUCETT > AVENIDA ELMER FAUCETT > OVALO AEROPUESTO > AVENIDA ELMER FAUCETT > AVENIDA CANTA CALLAO,RUTA_CR37_1269.pdf,
1270,CR39,EMPRESA DE TRANSPORTES ANGAMOS S.A.,Callao,Santiago De Surco,25.58,26.09,45,5,50,3.0,MINIBUS (M2-M3),AVENIDA REPUBLICA DE ARGENTINA / AVENIDA REPUBLICA DE PANAMA (PLAZA FANNING),AVENIDA PRIMAVERA / AVENIDA NICOLAS RODRIGO,34,34,PLAZA FANNING > AVENIDA REPUBLICA DE ARGENTINA > PLAZA GARIBALDI > AVENIDA 2 DE MAYO > AVENIDA MARCO POLO > AVENIDA ALMIRANTE MIGUEL GRAU > JIRON COLINA > AVENIDA JOSE GALVEZ > OVALO JUAN PABLO II > AVENIDA SANTA ROSA > JIRON ATAHUALPA > JIRON LIMA > AVENIDA LA PAZ > PASAJE SAN LUIS > AVENIDA COSTANERA > AVENIDA JUAN BERTOLOTTO > JIRON COMANDANTE ESPINAR > AVENIDA ANTONIO JOSE DE SUCRE > JIRON DIEGO FERRE > AVENIDA DEL EJERCITO > AVENIDA AUGUSTO PEREZ ARANIBAR > AVENIDA DEL EJERCITO > OVALO FEDERICO VILLAREAL > CALLE 8 DE OCTUBRE > CALLE GENERAL MENDIBURU > CALLE 2 DE MAYO > AVENIDA COMANDANTE ESPINAR > AVENIDA ANGAMOS OESTE > AVENIDA ANGAMOS ESTE > AUXILIAR AVENIDA ANGAMOS ESTE > AUXILIAR AVENIDA PRIMAVERA > AVENIDA PRIMAVERA > OVALO LOS DELFINES > AVENIDA PRIMAVERA,AVENIDA PRIMAVERA > OVALO LOS DELFINES > AVENIDA PRIMAVERA > AUXILIAR AVENIDA PRIMAVERA > AUXILIAR AVENIDA ANGAMOS ESTE > AVENIDA ANGAMOS ESTE > AVENIDA ANGAMOS OESTE > AVENIDA COMANDANTE ESPINAR > CALLE TENIENTE ENRIQUE PALACIOS > AVENIDA MARISCAL LA MAR > AVENIDA FEDERICO VILLAREAL > OVALO FEDERICO VILLAREAL > AVENIDA DEL EJERCITO > AVENIDA AUGUSTO PEREZ ARANIBAR > AVENIDA DEL EJERCITO > JIRON DIEGO FERRE > JIRON TACNA > JIRON SALAVERRY > JIRON FEDERICO GALLESE TARICCHI > AVENIDA LA PAZ > AVENIDA SANTA ROSA > OVALO JUAN PABLO II > AVENIDA JOSE GALVEZ > JIRON COLINA > JIRON ALFONSO UGARTE > JIRON LOS HEROS > OVALO PACIFICO > AVENIDA ALMIRANTE MIGUEL GRAU > JIRON ALBERTO SECADA > AVENIDA MARCO POLO > AVENIDA 2 DE MAYO > PLAZA GIRIBALDI > AVENIDA REPUBLICA DE ARGENTINA > PLAZA FANNING,RUTA_CR39_1270.pdf,
1271,CR44,EMPRESA DE TRANSPORTES CALIFORNIA 2000 S.A.,Callao,Ate,35.27,34.72,47,5,52,3.0,MINIBUS (M2-M3),AVENIDA ELMER FAUCETT / CALLE CUZCO,AVENIDA ALFONSO UGARTE / CALLE ALFONSO UGARTE,32,28,AVENIDA ELMER FAUCETT > AVENIDA CANTA CALLAO > AVENIDA PACASMAYO > AVENIDA TOMAS VALLE > PROLONGACION AVENIDA PERU > AVENIDA PERU > BY PASS AVENIDA PERU > AVENIDA PERU > JIRON RIOBAMBA > AVENIDA AUGUSTO B. LEGUIA > JIRON PEDREGAL > AVENIDA ZARUMILLA > CARRETERA PANAMERICANA NORTE > VIA DE EVITAMIENTO > PUENTE HUASCAR > VIA DE EVITAMIENTO > CALLE LAS RETAMAS > AVENIDA 1 DE MAYO > VIA DE EVITAMIENTO > ACCESO AVENIDA NICOLAS DE AYLLON > AVENIDA NICOLAS DE AYLLON > CARRETERA CENTRAL > AUXILIAR CARRETERA CENTRAL (BY PASS JAVIER PRADO) > CARRETERA CENTRAL > AVENIDA LA ESTRELLA > JIRON CAHUIDE > CALLE PARQUE CIVICO > AVENIDA SAN MARTIN DE PORRES > AVENIDA SAN ALFONSO > AVENIDA ALMIRANTE MIGUEL GRAU > AVENIDA JOSE QUIÑONES > AVENIDA ALFONSO UGARTE,AVENIDA ALFONSO UGARTE > AVENIDA JOSE QUIÑONES > AVENIDA ALMIRANTE MIGUEL GRAU > AVENIDA SAN ALFONSO > AVENIDA SAN MARTIN DE PORRES > AVENIDA LA ESTRELLA > CARRETERA CENTRAL > AUXILIAR CARRETERA CENTRAL (BY PASS JAVIER PRADO) > CARRETERA CENTRAL > ACCESO VIA DE EVITAMIENTO > VIA DE EVITAMIENTO > AVENIDA INDEPENDENCIA > VIA DE EVITAMIENTO > PUENTE HUASCAR > VIA DE EVITAMIENTO > CARRETERA PANAMERICANA NORTE > AVENIDA ZARUMILLA > JIRON SAN MARTIN > CALLE SAO PAULO > JIRON RIOBAMBA > AVENIDA PERU > BY PASS AVENIDA PERU > AVENIDA PERU > PROLONGACION AVENIDA PERU > AVENIDA TOMAS VALLE > AVENIDA PACASMAYO > AVENIDA CANTA CALLAO > AVENIDA ELMER FAUCETT,RUTA_CR44_1271.pdf,
1272,CR54,EMPRESA DE TRANSPORTES VEINTIDOS S.R.L.,Callao,Santa Anita,34.83,34.29,59,6,65,5.0,MINIBUS (M2-M3),MINKA),AVENIDA FERROCARRIL / AVENIDA HUAROCHIRI,34,31,AVENIDA REPUBLICA DE ARGENTINA > AVENIDA SANTA ROSA > AVENIDA JUAN PABLO II > OVALO JUAN PABLO II > AVENIDA SANTA ROSA > AVENIDA LA PAZ > PASAJE SAN LUIS > AVENIDA COSTANERA > JIRON INDEPENDENCIA > AVENIDA LIMA > JIRON GENERALISIMO JOSE DE SAN MARTIN > JIRON FRANCISCO BOLOGNESI > JIRON LIBERTAD > JIRON JUNIN > AVENIDA JAVIER PRADO OESTE > AVENIDA GENERAL SALAVERRY > AVENIDA GENERAL CESAR CANEVARO > AVENIDA JUAN PARDO DE ZELA > PUENTE CANADA > AVENIDA CANADA > AVENIDA CIRCUNVALACION > CARRETERA PANAMERICANA SUR > INTERCAMBIO VIAL EL DERBY > AVENIDA EL DERBY > AVENIDA LA ENCALADA > JIRON EL POLO > AVENIDA EL GOLF LOS INCAS > AVENIDA CIRCUNVALACION DEL GOLF DE LOS INCAS > AVENIDA LOS FRUTALES > CARRETERA CENTRAL > AVENIDA LOS RUISEÑORES > AVENIDA LOS CHANCAS DE ANDAHUAYLAS > AVENIDA LA ENCALADA > AVENIDA FERROCARRIL,AVENIDA FERROCARRIL > AVENIDA LA ENCALADA > AVENIDA LOS CHANCAS DE ANDAHUAYLAS > AVENIDA LOS RUISEÑORES > CARRETERA CENTRAL > AVENIDA LOS FRUTALES > AVENIDA CIRCUNVALACION DEL GOLF DE LOS INCAS > AVENIDA EL GOLF LOS INCAS > JIRON EL POLO > AVENIDA LA ENCALADA > AVENIDA EL DERBY > INTERCAMBIO VIAL EL DERBY > CARRETERA PANAMERICANA SUR > AVENIDA CIRCUNVALACION > AVENIDA CANADA > PUENTE CANADA > AVENIDA JUAN PARDO DE ZELA > AVENIDA GENERAL CESAR CANEVARO > AVENIDA GENERAL SALAVERRY > AVENIDA JAVIER PRADO OESTE > AVENIDA BRASIL > JIRON MIGUEL GRAU > JIRON TACNA > JIRON GENERAL JOSE DE LA MAR > JIRON FEDERICO GALLESE TARICCHI > AVENIDA LA PAZ > AVENIDA SANTA ROSA > OVALO JUAN PABLO II > AVENIDA JUAN PABLO II > AVENIDA SANTA ROSA > AVENIDA REPUBLICA DE ARGENTINA,RUTA_CR54_1272.pdf,
1273,CR57,EMPRESA DE TRANSPORTES IJECORPJYL S.A.,Ventanilla,El Agustino,28.04,26.37,51,6,57,3.0,MINIBUS (M2-M3),AVENIDA DEL BIERZO / AVENIDA CENTRAL,AVENIDA 1 DE MAYO / AVENIDA JOSE CARLOS MARIATEGUI,27,21,"AVENIDA DEL BIERZO > AVENIDA CORONEL NESTOR GAMBETTA > OVALO CANTOLAO > AVENIDA ELMER FAUCETT > OVALO AEROPUERTO > AVENIDA ELMER FAUCETT > PUENTE ELMER FAUCETT > AVENIDA MORALES DUAREZ > AVENIDA MORALES DUAREZ (GIRO EN ""U"" ALT. AVENIDA NUEVO AEROPUERTO) > AVENIDA MORALES DUAREZ > AVENIDA ELMER FAUCETT > ACCESO AVENIDA PASEO QUILCA > AVENIDA PASEO QUILCA > AVENIDA PERU > BYPASS PERU > AVENIDA PERU > JIRON RIOBAMBA > JIRON AUGUSTO B. LEGUIA > JIRON PEDREGAL > AVENIDA ZARUMILLA > CARRETERA PANAMERICANA NORTE > PUENTE CAQUETA > VIA DE EVITAMIENTO > INTERCAMBIO VIAL HUANUCO > VIA DE EVITAMIENTO > CALLE LAS RETAMAS > AVENIDA 1 DE MAYO",AVENIDA INDEPENDENCIA > VIA DE EVITAMIENTO > INTECAMBIO VIAL HUANUCO > VIA DE EVITAMIENTO > PUENTE CAQUETA > CARRETERA PANAMERICANA NORTE > AVENIDA ZARUMOILLA > AVENIDA SAN MARTIN > CALLE SAO PAULO > JIRON RIOBAMBA > AVENIDA PERU > BYPASS PERU > AVENIDA PERU > AVENIDA PASEO QUILCA > ACCESO AVENIDA ELMER FAUCETT > AVENIDA ELMER FAUCETT > OVALO AEROPUERTO > AVENIDA ELMER FAUCETT > OVALO CANTOLAO > AVENIDA CORONEL NESTOR GAMBETTA > AVENIDA DEL BIERZO,RUTA_CR57_1273.pdf,
1274,CR58,EMPRESA DE TRANSPORTES TORO S.R.L.,Ventanilla,Ate,51.57,47.71,54,6,60,4.0,MINIBUS (M2-M3),AVENIDA DEL BIERZO / CALLE CENTRAL,CARRETERA CENTRAL / AVENIDA JOSE CARLOS MARIATEGUI,24,19,"AVENIDA DEL BIERZO > AVENIDA CORONEL NESTOR GAMBETTA > OVALO CANTOLAO > AVENIDA ELMER FAUCETT > OVALO AEROPUERTO > AVENIDA ELMER FAUCETT > AVENIDA MORALES DUAREZ > AVENIDA MORALES DUAREZ (VUELTA EN ""U"" ALT. AVENIDA NUEVO AEROPUERTO) > AVENIDA MORALES DUAREZ > AVENIDA ELMER FAUCETT > AVENIDA PASEO QUILCA > AVENIDA PERU > JIRON RIOBAMBA > AVENIDA AUGUSTO B. LEGUIA > JIRON PEDREGAL > AVENIDA ZARUMILLA > CARRETERA PANAMERICANA NORTE > VIA DE EVITAMIENTO > AVENIDA 1 DE MAYO > VIA DE EVITAMIENTO > AVENIDA NICOLAS DE AYLLON > CARRETERA CENTRAL > AUXILIAR CARRETERA CENTRAL (BY PASS JAVIER PRADO) > CARRETERA CENTRAL",CARRETERA CENTRAL > AUXILIAR CARRETERA CENTRAL (BY PASS JAVIER PRADO) > CARRETERA CENTRAL > VIA DE EVITAMIENTO > CALLE INDEPENDENCIA > VIA DE EVITAMIENTO > CARRETERA PANAMERICANA NORTE > AVENIDA ZARUMILLA > AVENIDA SAN MARTIN > CALLE SAO PAULO > JIRON RIOBAMBA > AVENIDA PERU > AVENIDA PASEO QUILCA > AVENIDA ELMER FAUCETT > OVALO AEROPUERTO > AVENIDA ELMER FAUCETT > OVALO CANTOLAO > AVENIDA CORONEL NESTOR GAMBETTA > AVENIDA DEL BIERZO,RUTA_CR58_1274.pdf,
1275,CR71,EMPRESA DE TRANSPORTES Y SERV. MULT. GRUPO DIEZ S.A.C.,San Martin De Porres,Santiago De Surco,39.54,39.45,60,6,66,5.0,OMNIBUS (M3),AVENIDA PACASMAYO / AVENIDA LOS ALISOS,AVENIDA PRIMAVERA / AVENIDA NICOLAS RODRIGO,42,40,AVENIDA PACASMAYO > AVENIDA CARLOS ALBERTO IZAGUIRRE > OVALO IZAGUIRRE > AVENIDA ALFREDO MENDIOLA > CARRETERA PANAMERICANA NORTE > AVENIDA ALFREDO MENDIOLA > OVALO ANGELICA GAMARRA > AVENIDA ALFREDO MENDIOLA > OVALO TOMAS VALLE > AVENIDA TOMAS VALLE > OVALO AEROPUERTO > AVENIDA ELMER FAUCETT > PUENTE ELMER FAUCETT > AVENIDA ELMER FAUCETT > AVENIDA DE LOS PRECURSORES > AVENIDA DE LOS INSURGENTES > JIRON LA LIBERTAD > CALLE 28 DE JULIO > AVENIDA LA PAZ > PASAJE SAN LUIS > AVENIDA COSTANERA > AVENIDA JUAN BERTOLOTTO NEGRO > JIRON COMANDANTE ESPINAR > JIRON TACNA > JIRON DIEGO FERRE > AVENIDA DEL EJERCITO > AVENIDA AUGUSTO PEREZ ARANIBAR > AVENIDA DEL EJERCITO > OVALO FEDERICO VILLARREAL > AVENIDA DEL EJERCITO > PLAZA CENTRO AMERICA > AVENIDA JOSE PARDO > OVALO MORALES BARROS > AVENIDA JOSE PARDO > AVENIDA COMANDANTE ESPINAR > AVENIDA ANGAMOS OESTE > AVENIDA ANGAMOS ESTE > AVENIDA PRIMAVERA > PUENTE PRIMAVERA > AVENIDA PRIMAVERA > OVALO LOS DELFINES > AVENIDA PRIMAVERA,AVENIDA PRIMAVERA > OVALO LOS DELFINES > AVENIDA PRIMAVERA > PUENTE PRIMAVERA > AVENIDA PRIMAVERA > AVENIDA ANGAMOS ESTE > AVENIDA ANGAMOS OESTE > AVENIDA COMANDANTE ESPINAR > AVENIDA JOSE PARDO > OVALO MORALES BARROS > AVENIDA JOSE PARDO > PLAZA CENTRO AMERICA > AVENIDA DEL EJERCITO > OVALO FEDERICO VILLARREAL > AVENIDA DEL EJERCITO > AVENIDA AUGUSTO PEREZ ARANIBAR > AVENIDA DEL EJERCITO > JIRON DIEGO FERRE > JIRON TACNA > JIRON SALAVERRY > JIRON FEDERICO GALLESE TARICCHI > AVENIDA LA PAZ > CALLE GENERAL RUFINO ECHENIQUE > JIRON LIBERTAD > AVENIDA DE LOS INSURGENTES > AVENIDA DE LOS PRECURSORES > AVENIDA ELMER FAUCETT > PUENTE ELMER FAUCETT > AVENIDA ELMER FAUCETT > OVALO AEROPUERTO > AVENIDA TOMAS VALLE > OVALO TOMAS VALLE > AVENIDA ALFREDO MENDIOLA > OVALO ANGELICA GAMARRA > AVENIDA ALFREDO MENDIOLA > CARRETERA PANAMERICANA NORTE > AVENIDA ALFREDO MENDIOLA > OVALO IZAGUIRRE > AVENIDA CARLOS ALBERTO IZAGUIRRE > AVENIDA PACASMAYO,RUTA_CR71_1275.pdf,
1276,CR75,EMPRESA DE TRANSPORTES Y TURISMO STAR TOURS S.A.C.,Callao,Santiago De Surco,30.73,30.53,45,5,50,8.0,MINIBUS (M2-M3),AVENIDA PACASMAYO / AVENIDA COLECTORA,AVENIDA PRIMAVERA / AVENIDA NICOLAS RODRIGO,45,39,AVENIDA PACASMAYO > AVENIDA TOMAS VALLE > OVALO AEROPUERTO > AVENIDA ELMER FAUCETT > PUENTE ELMER FAUCETT > AVENIDA ELMER FAUCETT > AVENIDA DE LOS PRECURSORES > AVENIDA PARQUE DE LAS LEYENDAS > PROLONGACION AVENIDA MARISCAL JOSE DE LA MAR > AVENIDA JOSE DE LA RIVAGUERO > AVENIDA LIMA > AVENIDA UNIVERSITARIA > CALLE CORONEL LEONCIO PRADO > PASAJE SAN LUIS > AVENIDA COSTANERA > AVENIDA JUAN BERTOLOTTO NEGRO > JIRON COMANDANTE ESPINAR > AVENIDA ANTONIO JOSE DE SUCRE > JIRON DIEGO FERRE > AVENIDA DEL EJERCITO > AVENIDA AUGUSTO PEREZ ARANIBAR > AVENIDA DEL EJERCITO > OVALO FEDERICO VILLARREAL > CALLE 8 DE OCTUBRE > CALLE GENERAL MENDIBURU > CALLE 2 DE MAYO > CALLE GENERAL PERSHING > JIRON GONZALES PRADA > CALLE GENERAL SUAREZ > CALLE LEONCIO PRADO > AVENIDA PASEO DE LA REPUBLICA > AVENIDA RICARDO PALMA > AVENIDA MARISCAL ANDRES AVELINO CACERES > AVENIDA REPUBLICA DE PANAMA > AVENIDA ALFREDO BENAVIDES > OVALO LOS CABITOS > AVENIDA ALFREDO BENAVIDES > PUENTE BENAVIDES > AVENIDA LA GREVILLEA > JIRON CRISTOBAL DE PERALTA SUR > CARRETERA PANAMERICANA SUR > JIRON CRISTOBAL DE PERALTA SUR > AVENIDA PRIMAVERA > OVALO LOS DELFINES > AVENIDA PRIMAVERA,AVENIDA PRIMAVERA > OVALO LOS DELFINES > AVENIDA PRIMAVERA > INTERCAMBIO VIAL PUENTE PRIMAVERA > PUENTE PRIMAVERA > CARRETERA PANAMERICANA SUR > AVENIDA ALFREDO BENAVIDES > OVALO LOS CABITOS > AVENIDA ALFREDO BENAVIDES > AVENIDA REPUBLICA DE PANAMA > AVENIDA MARISCAL ANDRES AVELINO CACERES > AVENIDA RICARDO PALMA > AVENIDA PETIT THOUARS > JIRON GONZALES PRADA > CALLE TENIENTE ENRIQUE PALACIOS > AVENIDA COMANDANTE ESPINAR > CALLE ENRIQUE PALACIOS > AVENIDA MARISCAL LA MAR > AVENIDA FEDERICO VILLAREAL > OVALO FEDERICO VILLARREAL > AVENIDA DEL EJERCITO > AVENIDA AUGUSTO PEREZ ARANIBAR > AVENIDA DEL EJERCITO > JIRON DIEGO FERRE > AVENIDA ANTONIO JOSE DE SUCRE > JIRON SALAVERRY > JIRON FEDERICO GALLESE TARICCHI > JIRON INDEPENDENCIA > JIRON LIBERTAD > AVENIDA JOSE DE LA RIVAGUERO > PROLONGACION AVENIDA MARISCAL JOSE DE LA MAR > AVENIDA PARQUE DE LAS LEYENDAS > AVENIDA DE LOS PRECURSORES > AVENIDA ELMER FAUCETT > PUENTE ELMER FAUCETT > AVENIDA ELMER FAUCETT > OVALO AEROPUERTO > AVENIDA TOMAS VALLE > AVENIDA PACASMAYO,RUTA_CR75_1276.pdf,
1277,ICR10,EMPRESA DE TRANSPORTES Y SERVICIOS MULTIPLES CALIFORNIA S.A.C.,Ate,San Martin De Porres,37.42,37.76,53,6,59,4.0,MINIBUS (M2-M3),AVENIDA 15 DE JULIO / CALLE 5,AVENIDA PERU / AVENIDA PASEO QUILCA,18,21,AVENIDA 15 DE JULIO > AVENIDA ANDRES AVELINO CACERES > CALLE ROSARIO > AVENIDA JOSE CARLOS MARIATEGUI > CARRETERA CENTRAL > AUXILIAR CARRETERA CENTRAL (BY PASS JAVIER PRADO) > CARRETERA CENTRAL > VIA DE EVITAMIENTO > AVENIDA INDEPENDENCIA > VIA DE EVITAMIENTO > PUENTE HUASCAR > VIA DE EVITAMIENTO > CARRETERA PANAMERICANA NORTE > AVENIDA ZARUMILA > AVENIDA SAN MARTIN > CALLE SAO PAULO > JIRON RIOBAMBA > AVENIDA PERU,AVENIDA PERU > JIRON RIOBAMBA > AVENIDA AUGUSTO B. LEGUIA > JIRON PEDREGAL > AVENIDA ZARUMILLA > CARRETERA PANAMERICANA NORTE > VIA DE EVITAMIENTO > PUENTE HUASCAR > VIA DE EVITAMIENTO > AVENIDA 1 DE MAYO > VIA DE EVITAMIENTO > AVENIDA NICOLAS DE AYLLON > CARRETERA CENTRAL > AUXILIAR CARRETERA CENTRAL (BY PASS JAVIER PRADO) > CARRETERA CENTRAL > AVENIDA JOSE CARLOS MARIATEGUI > AVENIDA ANDRES AVELINO CACERES > AVENIDA SAN MARCOS > CALLE 8 > JIRON PARAISO > AVENIDA 15 DE JULIO,RUTA_ICR10_1277.pdf,
1278,ICR14,EMPRESA DE TRANSPORTES Y SERVICIOS MULTIPLES REY 505 S.A. E. T. REY 505 S.A.,Callao,Santa Anita,33.2,31.88,43,5,48,8.0,MINIBUS (M2-M3),AVENIDA PACASMAYO / AVENIDA CANTA CALLAO,AVENIDA LA ENCALADA / AVENIDA FERROCARRIL,40,34,AVENIDA PACASMAYO > AVENIDA TOMAS VALLE > AVENIDA LOS DOMINICOS > AVENIDA JOSE GRANDA > OVALO JOSE GRANDA > AVENIDA UNIVERSITARIA > PUENTE BELLA UNION > OVALO BELLA UNION > AVENIDA UNIVERSITARIA > AVENIDA OSCAR RAIMUNDO BENAVIDES > AVENIDA AURELIO GARCIA Y GARCIA > AVENIDA REPUBLICA DE VENEZUELA > AVENIDA UNIVERSITARIA > AVENIDA UNIVERSITARIA (VUELTA EN U ALT. CALLE 7) > AVENIDA UNIVERSITARIA > AVENIDA MANUEL CIPRIANO DULANTO > CALLE FIGARI > AVENIDA MANUEL CIPRIANO DULANTO > CALLE MARISCAL AGUSTIN GAMARRA > AVENIDA GENERAL MANUEL L. VIVANCO > AVENIDA SAN FELIPE > JIRON PACHACUTEC > AVENIDA GENERAL CESAR CANEVARO > AVENIDA JUAN PARDO DE ZELA > AVENIDA CANADA > AVENIDA CIRCUNVALACION > AUXILIAR AVENIDA CIRCUNVALACION > AVENIDA MARISCAL DOMINGO NIETO > AVENIDA DE LAS TORRES > AVENIDA LOS QUECHUAS > AVENIDA EUTERPE > AVENIDA SEPARADORA INDUSTRIAL > AVENIDA HERMES > AVENIDA BENJAMIN FRANKLIN > AVENIDA SANTA ROSA > AVENIDA NICOLAS DE AYLLON > CARRETERA CENTRAL > AVENIDA LOS RUISENORES > AVENIDA LOS CHANCAS DE ANDAHUAYLAS > AVENIDA LA ENCALADA,AVENIDA LA ENCALADA > AVENIDA LOS CHANCAS DE ANDAHUAYLAS > AVENIDA LOS RUISENORES > CARRETERA CENTRAL > AVENIDA NICOLAS DE AYLLON > AVENIDA SANTA ROSA > AVENIDA BENJAMIN FRANKLIN > AVENIDA SEPARADORA INDUSTRIAL > CALLE TEPSICORE > AVENIDA LOS QUECHUAS > AVENIDA DE LAS TORRES > AVENIDA MARISCAL DOMINGO NIETO > AVENIDA CIRCUNVALACION > AUXILIAR AVENIDA CIRCUNVALACION > AVENIDA CANADA > AVENIDA JUAN PARDO DE ZELA > AVENIDA GENERAL CESAR CANEVARO > JIRON MANCO SEGUNDO > AVENIDA GENERAL SALAVERRY > AVENIDA SAN FELIPE > AVENIDA GENERAL MANUEL L. VIVANCO > AVENIDA ANTONIO JOSE DE SUCRE > AVENIDA MANUEL CIPRIANO DULANTO > AVENIDA UNIVERSITARIA > AVENIDA RAMON HERRERA > AVENIDA UNIVERSITARIA > OVALO BELLA UNION > PUENTE BELLA UNION > AVENIDA UNIVERSITARIA > OVALO JOSE GRANDA > AVENIDA JOSE GRANDA > AVENIDA LOS DOMINICOS > AVENIDA TOMAS VALLE > AVENIDA PACASMAYO,RUTA_ICR14_1278.pdf,
1279,IM04,TRANSPORTES Y SERVICE CANADA S.A.,Ate,Callao,40.47,41.27,80,8,88,8.0,MINIBUS (M2-M3),AVENIDA JOSE CARLOS MARIATEGUI / AVENIDA NICOLAS DE PIEROLA,AVENIDA PASEO JAPON / CALLE 4,44,47,"AVENIDA JOSE CARLOS MARIATEGUI > JIRON EL TRABAJO > CARRETERA CENTRAL > AUXILIAR CARRETERA CENTRAL > PROLONGACION AVENIDA JAVIER PRADO ESTE > AVENIDA METROPOLITANA > AVENIDA LAS NUECES > AVENIDA LOS VIRREYES > AVENIDA LOS CHANCAS DE ANDAHUAYLAS > AVENIDA LOS RUISEÑORES > CARRETERA CENTRAL > INTERCAMBIO VIAL PUENTE SANTA ANITA > AVENIDA NICOLAS DE AYLLON > AVENIDA SANTA ROSA > AVENIDA BENJAMIN FRANKLIN > AVENIDA SEPARADORA INDUSTRIAL > AVENIDA SEPARADORA INDUSTRIAL (GIRO EN ""U"" ALTURA AV. SANTA ROSA) > AVENIDA SEPARADORA INDUSTRIAL > AVENIDA EUTERPE > AVENIDA LOS QUECHUAS > AVENIDA DE LAS TORRES > AVENIDA MARISCAL DOMINGO NIETO > AVENIDA CIRCUNVALACION > AVENIDA CANADA > AVENIDA JUAN PARDO DE ZELA > AVENIDA GENERAL CESAR CANEVARO > JIRON MANCO SEGUNDO > AVENIDA GENERAL SALAVERRY > AVENIDA SAN FELIPE > AVENIDA GENERAL MANUEL L. VIVANCO > AVENIDA ANTONIO JOSE DE SUCRE > AVENIDA MANUEL CIPRIANO DULANTO > AVENIDA UNIVERSITARIA > AVENIDA RAMON HERRERA > AVENIDA UNIVERSITARIA > PUENTE BELLA UNION > AVENIDA UNIVERSITARIA > OVALO JOSE GRANDA > AVENIDA JOSE GRANDA > AVENIDA LOS DOMINICOS > AVENIDA TOMAS VALLE > AVENIDA PACASMAYO > AVENIDA BOCANEGRA > AVENIDA PASEO JAPON","AVENIDA PASEO JAPON > AVENIDA BERTELLO > AVENIDA PACASMAYO > AVENIDA TOMAS VALLE > AVENIDA LOS DOMINICOS > AVENIDA JOSE GRANDA > OVALO JOSE GRANDA > AVENIDA UNIVERSITARIA > PUENTE BELLA UNION > AVENIDA UNIVERSITARIA > AVENIDA OSCAR RAIMUNDO BENAVIDES > AVENIDA AURELIO GARCIA Y GARCIA > AVENIDA REPUBLICA DE VENEZUELA > AVENIDA UNIVERSITARIA > AVENIDA UNIVERSITARIA (VUELTA EN ""U"" ALTURA CALLE 7) > AVENIDA UNIVERSITARIA > AVENIDA MANUEL CIPRIANO DULANTO > CALLE SAN MARTIN > JIRON JORGE CHAVEZ > JIRON MARISCAL AGUSTIN GAMARRA > AVENIDA GENERAL MANUEL L. VIVANCO > AVENIDA SAN FELIPE > JIRON PACHACUTEC > AVENIDA GENERAL CESAR CANEVARO > AVENIDA JUAN PARDO DE ZELA > AVENIDA CANADA > AVENIDA CIRCUNVALACION > AVENIDA MARISCAL DOMINGO NIETO > AVENIDA DE LAS TORRES > AVENIDA LOS QUECHUHAS > AVENIDA EUTERPE > AVENIDA SEPARADORA INDUSTRIAL > AVENIDA HERMES > AVENIDA BENJAMIN FRANKLIN > AVENIDA SANTA ROSA > AVENIDA NICOLAS DE AYLLON > INTERCAMBIO VIAL PUENTE SANTA ANITA > CARRETERA CENTRAL > AVENIDA LOS RUISEÑORES > AVENIDA LOS CHANCAS DE ANDAHUAYLAS > AVENIDA LOS VIRREYES > AVENIDA LAS NUECES > AVENIDA METROPOLITANA > PROLONGACION JAVIER PRADO ESTE > AUXILIAR CARRETERA CENTRAL > CARRETERA CENTRAL > AVENIDA JOSE CARLOS MARIATEGUI",RUTA_IM04_1279.pdf,
1280,IM06,EMPRESA E INVERSIONES GENESIS S.A.C.,Santa Rosa,Villa Maria Del Triunfo,70.03,68.24,127,13,140,4.0,OMNIBUS (M3),AVENIDA PLAYA HONDEABLE / AVENIDA AMAZONAS,AVENIDA SAN MARTIN / JIRON LIMA,54,52,AVENIDA PLAYA HONDEABLE > AVENIDA HUAYNA CAPAC > PROLONGACION AVENIDA 225 > CALLE 44 > AVENIDA 200 MILLAS > AVENIDA CAMINOS DEL INCA IZQUIERDA > AVENIDA 190 > AVENIDA HUAYNA CAPAC > AVENIDA 150 IZQUIERDA > AVENIDA CAMINOS DEL INCA IZQUIERDA > AVENIDA ACCESO A > AVENIDA PLAYA LOS DELFINES > OVALO LA CURVA > AVENIDA ACCESO A LA CUIDAD DE PACHACUTEC > AVENIDA CORONEL NESTOR GAMBETTA > OVALO CANTOLAO > AVENIDA ELMER FAUCETT > OVALO AEROPUERTO > AVENIDA TOMAS VALLE > AVENIDA PERU > BY PASS AVENIDA PERU > AVENIDA PERU > AVENIDA CANADA > PUENTE DUEÑAS > AVENIDA NICOLAS DUEÑAS > AVENIDA OSCAR RAIMUNDO BENAVIDES > AVENIDA NACIONES UNIDAS > AVENIDA REPUBLICA DE VENEZUELA > AVENIDA ARICA > PLAZA CORONEL FRANCISCO BOLOGNESI > AVENIDA 9 DE DICIEMBRE > PLAZA MIGUEL GRAU > VIA EXPRESA ALMIRANTE MIGUEL GRAU > AVENIDA ALMIRANTE MIGUEL GRAU > AVENIDA ALTO DE LA ALIANZA > JIRON ANTONIO RAIMONDI > AVENIDA NICOLAS DE AYLLON > AVENIDA CIRCUNVALACION > CARRETERA PANAMERICANA SUR > PUENTE PRIMAVERA > CARRETERA PANAMERICANA SUR > INTERCAMBIO VIAL PUENTE ATOCONGO > PUENTE ATOCONGO > AVENIDA LOS HEROES > AVENIDA PACHACUTEC > AVENIDA 27 DE DICIEMBRE > AVENIDA LOS INCAS > AVENIDA FLORA TRISTAN > AVENIDA UNION > AVENIDA SANTA ROSA > AVENIDA UNION > AVENIDA GENERAL VIDAL > JIRON CUSCO > AVENIDA SAN MARTIN,JIRON LIMA > AVENIDA GENERAL VIDAL > AVENIDA UNION > AVENIDA SANTA ROSA > AVENIDA UNION > AVENIDA FLORA TRISTAN > AVENIDA LOS INCAS > AVENIDA 27 DE DICIEMBRE > AVENIDA PACHACUTEC > AVENIDA LOS HEROES > INTERCAMBIO VIAL PUENTE ATOCONGO > CARRETERA PANAMERICANA SUR > PUENTE PRIMAVERA > CARRETERA PANAMERICANA SUR > INTERCAMBIO VIAL SUR > AVENIDA CIRCUNVALACION > AVENIDA NICOLAS DE AYLLON > AVENIDA ALMIRANTE MIGUEL GRAU > VIA EXPRESA ALMIRANTE MIGUEL GRAU > AVENIDA 9 DE DICIEMBRE > PLAZA CORONEL FRANCISCO BOLOGNESI > AVENIDA ARICA > JIRON AGUARICO > AVENIDA REPUBLICA DE VENEZUELA > AVENIDA PROLONGACION ARICA > AVENIDA NACIONES UNIDAS > AVENIDA OSCAR RAIMUNDO BENAVIDES > AVENIDA NICOLAS DUEÑAS > PUENTE DUEÑAS > AVENIDA CANADA > AVENIDA PERU > BY PASS AVENIDA PERU > AVENIDA PERU > AVENIDA TOMAS VALLE > OVALO AEROPUERTO > AVENIDA ELMER FAUCETT > OVALO CANTOLAO > AVENIDA CORONEL NESTOR GAMBETTA > AVENIDA ACCESO A LA CUIDAD DE PACHACUTEC > OVALO LA CURVA > AVENIDA PLAYA LOS DELFINES > AVENIDA ACCESO A > AVENIDA CAMINOS DEL INCA IZQUIERDA > AVENIDA 150 IZQUIERDA > CALLE 42 > AVENIDA 190 > AVENIDA CAMINOS DEL INCA IZQUIERDA > AVENIDA 200 MILLAS > CALLE 44 > PROLONGACION AVENIDA 225 > AVENIDA HUAYNA CAPAC > AVENIDA PLAYA HONDEABLE,RUTA_IM06_1280.pdf,
1281,IM11,TRANSPORTES Y SERVICE CANADA S.A.,Ate,Callao,38.68,39.58,95,10,105,4.0,OMNIBUS (M3),AV. SAN MARTIN DE PORRES / AVENIDA LA ESTRELLA,AV. REPUBLICA DE ARGENTINA ALTURA DE LA PUERTA N° 1 DEL CC. MINKA,40,35,AVENIDA SAN MARTIND DE PORRES > AVENIDA NICOLAS DE PIEROLA > AVENIDA JOSE CARLOS MARIATEGUI > CALLE EL TRABAJO > CARRETERA CENTRAL > AVENIDA SEPARADORA INDRUSTRIAL > AVENIDA HUAROCHIRI > AVENIDA LOS CONSTRUCTORES > AVENIDA LA MOLINA > CARRETERA CENTRAL > INTERCAMBIO VIAL PUENTE SANTA ANITA > AVENIDAD NICOLAS AYLLON > AVENIDA SANTA ROSA > AVENIDA BENJAMIN FRANKLIN > AVENIDA SEPARADORA INDUSTRIAL > AVENIDA SANTA ROSA > AVENIDA LOS QUECHUAS > CALLE PAZ SOLDAN > CALLE LOS UROS > JIRON LOS CAPULIES > CALLE LAS RETAMAS > CALLE LAS TUNAS > AVENIDA CIRCUNVALACION > AVENIDA CANADA > AVENIDA JUAN PARDO DE ZELA > AVENIDA GENERAL CESAR CANEVARO > JIRON MANCO SEGUNDO > AVENIDA GENERAL SALAVERRY > AVENIDA SAN FELIPE > JIRON HUIRACOCHA > AVENIDA AFRANIO DE MELLO FRANCO > CALLE CORACEROS > JIRON JUAN PABLO FERNANDINI > AVENIDA SIMON BOLIVAR > AVENIDA UNIVERSITARIA > AVENIDA RAMON HERRERA > AVENIDA OSCAR RAIMUNDO BENAVIDES > AVENIDA JUAN PABLO II > AVENIDA SANTA ROSA > AVENIDA REPUBLICA DE ARGENTINA,AVENIDA REPUBLICA DE ARGENTINA > AVENIDA SANTA ROSA > AVENIDA JUAN PABLO II (VUELTA EN U ALT. CALLE MANUEL UGARTE) > AVENIDA OSCAR RAIMUNDO BENAVIDES > AVENIDA AURELIO GARCIA Y GARCIA > AVENIDA REPUBLICA DE VENEZUELA > AVENIDA UNIVERSITARIA > AVENIDA SIMON BOLIVAR > AVENIDA HUSARES DE JUNIN > AVENIDA GENERAL SALAVERRY > JIRON PACHACUTEC > AVENIDA GENERAL CESAR CANEVARO > AVENIDA JUAN PARDO DE ZELA > AVENIDA CANADA > AVENIDA CIRCUNVALACION > AVENIDA MARISCAL DOMINGO NIETO > AVENIDA LAS TORRES > AVENIDA LOS QUECHUAS > AVENIDA EUTERPE > AVENIDA SEPARADORA INDUSTRIAL > AVENIDA HERMES > AVENIDA BENJAMIN FRANKLIN > AVENIDA SANTA ROSA > AVENIDA NICOLAS DE AYLLON > INTERCAMBIO VIAL PUENTE SANTA ANITA > CARRETERA CENTRAL > AVENIDA LA MOLINA > AVENIDA LOS CONSTRUCTORES > AVENIDA HUAROCHIRI > AVENIDA SEPARADORA INDUSTRIAL > CARRETERA CENTRAL > JIRON EL TRIUNFO > AVENIDA JOSE CARLOS MARIATEGUI > AVENIDA NICOLAS DE PIEROLA > AVENIDA SAN MARTIN DE PORRES,RUTA_IM11_1281.pdf,
1282,IM12,EMPRESA DE TRANSPORTES Y SERVICIOS PACIFIC INTERNATIONAL S. A. - ETRASERPI S.A.,Callao,Lurigancho,28.71,27.97,54,6,60,3.0,MINIBUS (M2-M3),AVENIDA MORALES DUARES / AVENIDA ELMER FAUCETT,AVENIDA CIRCUNVALACION / AVENIDA LAS TORRES,37,37,AVENIDA MORALES DUAREZ > OVALO BELLA UNION > AVENIDA MORALES DUAREZ > AVENIDA NICOLAS DUEÑAS > AVENIDA ENRIQUE MEIGGS > JIRON REPUBLICA DE ECUADOR > AVENIDA REPUBLICA DE ARGENTINA > PLAZA RAMON CASTILLA > AVENIDA ALFONSO UGARTE > PUENTE DEL EJERCITO > AVENIDA CAQUETA > PUENTE CAQUETA > AVENIDA CAQUETA > JIRON PIÑONATE > AVENIDA DE LOS PROCERES > CALLE VIRREY AMAT > AVENIDA FRANCISCO PIZARRO > AVENIDA MORRO DE ARICA > AVENIDA SAMUEL ALCAZAR > ALAMEDA DE LOS BOBOS > JIRON TRUJILLO > JIRON YUTAY > JIRON CHICLAYO > JIRON LORETO > AVENIDA 9 DE OCTUBRE > OVALO ZARATE > AVENIDA MALECON CHECA > AVENIDA GRAN CHIMU > AVENIDA MALECON CHECA > AVENIDA FRANCISCO BOLOGNESI > PUENTE HUAYCOLORO > AVENIDA LOS CISNES > CALLE LAS GAVIOTAS > AVENIDA LOS CANARIOS > CALLE LOS HALCONES > AVENIDA EL POLO > AVENIDA CIRCUNVALACION,AVENIDA CIRCUNVALACION > AVENIDA EL POLO > CALLE LOS HALCONES > AVENIDA LOS CANARIOS > CALLE LAS GAVIOTAS > AVENIDA LOS CISNES > PUENTE HUAYCOLORO > AVENIDA FRANCISCO BOLOGNESI > AVENIDA MALECON CHECA > OVALO ZARATE > AVENIDA 9 DE OCTUBRE > JIRON MARAÑON > JIRON CASTAÑETA > JIRON CAJAMARCA > CALLE HUASCAR > JIRON ALMAGRO EL JOVEN > JIRON MADERA > ALAMEDA DE LOS DESCALZOS > ALAMEDA DE LOS BOBOS > AVENIDA SAMUEL ALCAZAR > AVENIDA FELIPE ARANCIBIA > AVENIDA FRANCISCO PIZARRO > JIRON PIÑONATE > AVENIDA LOS PROCERES > AVENIDA CAQUETA > PUENTE CAQUETA > AVENIDA CAQUETA > PUENTE DEL EJERCITO > AVENIDA ALFONSO UGARTE > PLAZA RAMON CASTILLA > AVENIDA REPUBLICA DE ARGENTINA > JIRON REPUBLICA DE ECUADOR > AVENIDA ENRIQUE MEIGGS > AVENIDA NICOLAS DUEÑAS > AVENIDA MORALES DUAREZ > OVALO BELLA UNION > AVENIDA MORALES DUAREZ,RUTA_IM12_1282.pdf,
1283,IM18,CONSORCIO DE TRANSPORTE PROYECTO LAS FLORES,San Martin De Porres,Santiago De Surco,31.28,30.6,44,5,49,8.0,OMNIBUS (M3),AVENIDA 12 DE OCTUBRE / AVENIDA PRECURSORES,AVENIDA PRIMAVERA / AVENIDA NICOLÁS RODRIGO,44,38,AVENIDA 12 DE OCTUBRE > AVENIDA ANGELICA GAMARRA > AVENIDA TOMAS VALLE > OVALO AEROPUERTO > AVENIDA ELMER FAUCETT > PUENTE ELMER FAUCETT > AVENIDA ELMER FAUCETT > AVENIDA DE LOS PRECURSORES > AVENIDA RAFAEL ESCARDO > CALLE AGUSTIN GAMARRA > AVENIDA LA PAZ > PASAJE SAN LUIS > AVENIDA COSTANERA > JIRON INDEPENDENCIA > AVENIDA LIMA > JIRON GENERALISIMO JOSE DE SAN MARTIN > JIRON FRANCISCO BOLOGNESI > AVENIDA ANTONIO JOSE DE SUCRE > JIRON DIEGO FERRE > AVENIDA DEL EJERCITO > AVENIDA AUGUSTO PEREZ ARANIBAR > AVENIDA DEL EJERCITO > OVALO FEDERICO VILLARREAL > AVENIDA DEL EJERCITO > PLAZA CENTRO AMERICA > AVENIDA JOSE PARDO > PLAZA MORALES BARROS > AVENIDA JOSE PARDO > OVALO DE MIRAFLORES > AVENIDA OSCAR R. BENAVIDES > MALECON 28 DE JULIO > AVENIDA ALFREDO BENAVIDES > OVALO LOS CABITOS > AVENIDA ALFREDO BENAVIDES > PUENTE BENAVIDES > AVENIDA LA GREVILLEA > AVENIDA AGUSTIN LA ROSA LOZANO > AVENIDA CRISTOBAL PERALTA SUR > ACCESO CARRETERA PANAMERICANA SUR > CARRETERA PANAMERICANA SUR CRISTOBAL PERALTA SUR > AUXILIAR AVENIDA PRIMAVERA > AVENIDA PRIMAVERA > OVALO LOS DELFINES > AVENIDA PRIMAVERA,AVENIDA PRIMAVERA > OVALO LOS DELFINES > AVENIDA PRIMAVERA > AUXILIAR AVENIDA PRIMAVERA > INTERCAMBIO VIAL PUENTE PRIMAVERA > CARRETERA PANAMERICANA SUR > ACCESO AVENIDA ALFREDO BENAVIDES > AVENIDA ALFREDO BENAVIDES > OVALO LOS CABITOS > AVENIDA ALFREDO BENAVIDES > AVENIDA JOSE LARCO > OVALO DE MIRAFLORES > AVENIDA JOSE PARDO > PLAZA MORALES BARROS > AVENIDA JOSE PARDO > PLAZA CENTRO AMERICA > AVENIDA DEL EJERCITO > OVALO FEDERICO VILLARREAL > AVENIDA DEL EJERCITO > AVENIDA AUGUSTO PEREZ ARANIBAR > AVENIDA DEL EJERCITO > JIRON DIEGO FERRE > AVENIDA ANTONIO JOSE DE SUCRE > JIRON MIGUEL GRAU > JIRON TACNA > JIRON GENERAL JOSE DE LA MAR > JIRON FEDERICO GALLESE TARICACHI > AVENIDA LA PAZ > CALLE AGUSTIN GAMARRA > AVENIDA RAFAEL ESCARDO > AVENIDA DE LOS PRECURSORES > AVENIDA ELMER FAUCETT > PUENTE ELMER FAUCETT > AVENIDA ELMER FAUCETT > OVALO AEROPUERTO > AVENIDA TOMAS VALLE > AVENIDA ANGELICA GAMARRA > AVENIDA 12 DE OCTUBRE,RUTA_IM18_1283.pdf,
1284,IM22,EMPRESA DE TRANSPORTES TREINTITRES S.A.,San Martin De Porres,Villa El Salvador,42.31,41.97,70,7,77,6.0,OMNIBUS (M3),AVENIDA CANTA CALLAO / AVENIDA CARLOS ALBERTO IZAGUIRRE,AVENIDA JOSE CARLOS MARIATEGUI / AVENIDA SEPARADORA AGROINDUSTRIAL,41,39,"AVENIDA CANTA CALLAO > AVENIDA PASEO JAPON > AVENIDA BERTELLO > AVENIDA PACASMAYO > AVENIDA EL OLIVAR > AVENIDA LOS DOMINICOS > OVALO PREVI > AVENIDA JOSE GRANDA > OVALO JOSE GRANDA > AVENIDA JOSE GRANDA > JIRON VALPARAISO > AVENIDA PERU > AVENIDA PERU (VUELTA EN ""U"" ALT. CALLE MONTERREY) > AVENIDA PERU > AVENIDA CANADA > PUENTE DUEÑAS > AVENIDA NICOLAS DUEÑAS > AVENIDA REPUBLICA DE ARGENTINA > PLAZA RAMON CASTILLA > AVENIDA ALFONSO UGARTE > PLAZA DOS DE MAYO > AVENIDA ALFONSO UGARTE > PLAZA CORONEL FRANCISCO BOLOGNESI > AVENIDA 9 DE DICIEMBRE > PLAZA ALMIRANTE MIGUEL GRAU > AVENIDA PASEO DE LA REPUBLICA > AVENIDA JAIME BAUSATE Y MEZA > AVENIDA PROLONGACION PARINACOCHA > AVENIDA MEXICO > AVENIDA AVIACION > OVALO ARRIOLA > AVENIDA AVIACION > OVALO LOS CABITOS > AVENIDA SANTIAGO DE SURCO > PUENTE ATOCONGO > AVENIDA LOS HEROES > AVENIDA MIGUEL IGLESIAS > AVENIDA MICAELA BASTIDAS > AVENIDA JUAN VELASCO ALVARADO > AVENIDA MARIA ELENA MOYANO > AVENIDA JOSE CARLOS MARIATEGUI",AVENIDA JOSE CARLOS MARIATEGUI > AVENIDA MARIA ELENA MOYANO > AVENIDA JUAN VELASCO ALVARADO > AVENIDA MICAELA BASTIDAS > AVENIDA MIGUEL IGLESIAS > AVENIDA LOS HEROES > PUENTE ATOCONGO > AVENIDA SANTIAGO DE SURCO > OVALO LOS CABITOS > AVENIDA AVIACION > OVALO ARRIOLA > AVENIDA AVIACION > AVENIDA MEXICO > JIRON HUANUCO > AVENIDA 28 DE JULIO > AVENIDA PASEO DE LA REPUBLICA > PLAZA ALMIRANTE MIGUEL GRAU > AVENIDA 9 DE DICIEMBRE > PLAZA CORONEL FRANCISO BOLOGNESI > AVENIDA ALFONSO UGARTE > PLAZA DOS DE MAYO > AVENIDA ALFONSO UGARTE > PLAZA RAMON CASTILLA > AVENIDA REPUBLICA DE ARGENTINA > AVENIDA NICOLAS DUEÑAS > PUENTE DUEÑAS > AVENIDA CANADA > AVENIDA PERU > JIRON VALPARAISO > AVENIDA JOSE GRANDA > OVALO JOSE GRANDA > AVENIDA JOSE GRANDA > OVALO PREVI > AVENIDA LOS DOMINICOS > AVENIDA EL OLIVAR > AVENIDA PACASMAYO > AVENIDA BERTELLO > AVENIDA PASEO JAPON > AVENIDA CANTA CALLAO,RUTA_IM22_1284.pdf,
1285,IM24,TRANSPORTES PESQUEROS S.A.,Ate,Callao,36.1,34.93,49,5,54,6.0,MINIBUS (M2-M3),AVENIDA METROPOLITANA / PROLONGACION JAVIER PRADO ESTE,AVENIDA MANUEL MUJICA GALLO / CALLE 8,34,31,AVENIDA METROPOLITANA > AVENIDA HUANCARAY > AVENIDA LOS EUCALIPTOS > AVENIDA TUPAC AMARU > AVENIDA TUPAC AMARU (GIRO EN U Alt. CA. ENRIQUE ANAYA) > AVENIDA TUPAC AMARU > CALLE JOSE OLAYA > AVENIDA CESAR VALLEJO > OVALO LA PAZ > AVENIDA JOSE DE LA RIVA AGUERO > AVENIDA NICOLAS AYLLON > AVENIDA MEXICO > PUENTE MEXICO > CALLE TEODORO CARDENAS > AVENIDA ALVAREZ DE ARENALES > JIRON DOMINGO CUETO > AVENIDA EDGARDO REBAGLIATI MARTINS > AVENIDA GENERAL FELIPE SALAVERRY > AVENIDA FRANCISCO MARIATEGUI > AVENIDA AFRAN MELLO FRANCO > AUXILIAR AVENIDA BRASIL > AVENIDA SIMON BOLIVAR > AVENIDA UNIVERSITARIA > AVENIDA CARLOS GERMAN AMEZAGA > AVENIDA RAMON HERRERA > AVENIDA UNIVERSITARIA > PUENTE BELLA UNION > AVENIDA UNIVERSITARIA > AVENIDA PERU > AVENIDA PERU (GIRO EN U ALTURA JIRON VILLA RICA) > AVENIDA PERU > AVENIDA ALEJANDRO BERTELLO > CALLE TORRE TABLE > AVENIDA MANUEL MUJICA GALLO,AVENIDA MANUEL MUJICA GALLO > CALLE TORRE TABLE > AVENIDA ALEJANDRO BERTELLO > AVENIDA PERU > AVENIDA UNIVERSITARIA > PUENTE BELLA UNION > AVENIDA UNIVERSITARIA > AUXILIAR AVENIDA OSCAR R. BENAVIDES > AVENIDA AURELIO GARCIA Y GARCIA > AVENIDA REPUBLICA DE VENEZUELA > AVENIDA UNIVERSITARIA > AVENIDA SIMON BOLIVAR > AVENIDA HUSARES DE JUNIN > AVENIDA EDGARDO REBAGLIATI > CALLE DOMINGO CUELLO > CALLE MANUEL SEGURA > AVENIDA MANUEL CASTANEDA > PUENTE MEXICO > AVENIDA MEXICO > AVENIDA NICOLAS DE AYLLON > CALLE MIGUEL GRAU > AVENIDA JOSE DE LA RIVA AGUERO > OVALO LA PAZ > AVENIDA CESAR VALLEJO > CALLE CESAR VALLEJO > CALLE MARIA PARADO DE BELLIDO > JIRON CIRO ALEGRIA > AVENIDA LOS EUCALIPTOS > AVENIDA LOS RUISENORES > AVENIDA HUANCARAY > AVENIDA METROPOLITANA,RUTA_IM24_1285.pdf,
1286,IM26,TRANSPORTES HUASCAR S.A.,San Martin De Porres,San Juan De Lurigancho,52.51,50.94,115,12,127,4.0,OMNIBUS (M3),CALLE SANTA TERESITA DE NIÑO JESUS / AVENIDA PARAMONGA,CALLE LAS LOMAS / PASAJE 13 (AA. JOSE CARLOS MARIATEGUI),57,54,CALLE SANTA TERESITA DE NIÑO JESUS > AVENIDA VIRGEN DEL CARMEN > AVENIDA SAN DIEGO DE ALCALA > AVENIDA SANTISIMA CRUZ > AVENIDA CANTA CALLAO > AVENIDA ROMULO BETANCOURT > AVENIDA 2 DE OCTUBRE > AVENIDA LOS PROCERES DE HUANDOY > AVENIDA NARANJAL > OVALO CANTA CALLAO > AVENIDA CANTA CALLAO > AVENIDA ELMER FAUCETT > OVALO AEROPUERTO > AVENIDA ELMER FAUCETT > PUENTE ELMER FAUCETT > AVENIDA ELMER FAUCETT > AVENIDA REPUBLICA DE VENEZUELA > AVENIDA DE LOS INSURGENTES > AVENIDA LOS PATRIOTAS > AVENIDA RAFAEL ESCARDO > AVENIDA DE LOS PRECURSORES > AVENIDA PARQUE DE LAS LEYENDAS > AVENIDA MARISCAL JOSE DE LA MAR > AVENIDA MANUEL CIPRIANO DULANTO > AVENIDA ANTONIO JOSE DE SUCRE > AVENIDA JOSE DE SAN MARTIN > PLAZA DE LA BANDERA > AVENIDA TINGO MARIA > AVENIDA ARICA > PLAZA FRANCISCO BOLOGNESI > AVENIDA GUZMAN BLANCO > PLAZA JORGE CHAVEZ > AVENIDA 28 DE JULIO > AVENIDA JOSE GALVEZ > AVENIDA JAIME BAUSATE Y MEZA > JIRON HUANUCO > AVENIDA ALMIRANTE MIGUEL GRAU > JIRON JUNIN > AVENIDA SEBASTIAN LORENTE > JIRON ANCASH > OVALO LA PAZ > AVENIDA JOSE CARLOS MARIATEGUI > JIRON CHINCHAYSUYO > CALLE SAN AURELIO > AVENIDA LURIGANCHO > AVENIDA 13 DE ENERO > AVENIDA EL SOL > AVENIDA EL SOL (VUELTA EN U ALT. CDRA. 8) > AVENIDA EL SOL > AVENIDA LOS ALAMOS > AVENIDA EL BOSQUE > AVENIDA SANTA ROSA DE LIMA > AVENIDA CENTRAL > AVENIDA AMPLIACION ESTE > AVENIDA AMPLIACION OESTE > AVENIDA PAMPA ALTA > CALLE LAS LOMAS,CALLE LAS LOMAS > AVENIDA PAMPA ALTA > AVENIDA AMPLIACION OESTE > AVENIDA AMPLIACION ESTE > AVENIDA CENTRAL > AVENIDA SANTA ROSA DE LIMA > AVENIDA EL BOSQUE > AVENIDA LOS ALAMOS > AVENIDA EL SOL > AVENIDA 13 DE ENERO > AVENIDA LURIGANCHO > AVENIDA PIRAMIDE DEL SOL > AVENIDA JOSE CARLOS MARIATEGUI > OVALO LA PAZ > JIRON ANCASH > AVENIDA SEBASTIAN LORENTE > AVENIDA ALMIRANTE MIGUEL GRAU > AVENIDA AVIACION > AVENIDA 28 DE JULIO > PLAZA JORGE CHAVEZ > AVENIDA GUZMAN BLANCO > PLAZA FRANCISCO BOLOGNESI > AVENIDA ARICA > JIRON AGUARICO > AVENIDA REPUBLICA DE VENEZUELA > PUENTE TINGO MARIA > AVENIDA TINGO MARIA > PLAZA DE LA BANDERA > AVENIDA JOSE DE SAN MARTIN > AVENIDA ANTONIO JOSE DE SUCRE > AVENIDA MANUEL CIPRIANO DULANTO > AVENIDA MARISCAL JOSE DE LA MAR > AVENIDA PARQUE DE LAS LEYENDAS > AVENIDA DE LOS PRECURSORES > AVENIDA RAFAEL ESCARDO > AVENIDA LOS PATRIOTAS > AVENIDA DE LOS INSURGENTES > AVENIDA REPUBLICA DE VENEZUELA > AVENIDA ELMER FAUCETT > PUENTE ELMER FAUCETT > AVENIDA ELMER FAUCETT > VIA EXPRESA ELMER FAUCETT > OVALO ELMER FAUCETT (OVALO AEROPUERTO) > AVENIDA ELMER FAUCETT > AVENIDA CANTA CALLAO > OVALO CANTA CALLAO > AVENIDA NARANJAL > AVENIDA LOS PROCERES DE HUANDOY > AVENIDA 2 DE OCTUBRE > AVENIDA ROMULO BETANCOURT > AVENIDA CANTA CALLAO > AVENIDA SANTISIMA CRUZ > AVENIDA SAN DIEGO DE ALCALA > CALLE SANTA TERESITA DE NIÑO JESUS,RUTA_IM26_1286.pdf,
1287,IM43,TRANSPORTE GROUP TIGRILLO S.A.C.,Santa Rosa,San Juan De Lurigancho,54.58,55.95,109,11,120,4.0,OMNIBUS (M3),AVENIDA PLAYA HONDEABLE / CALLE 25,AVENIDA FERNANDO WIESSE / AVENIDA MAR DEL NORTE,37,42,AVENIDA PLAYA HONDEABLE > AVENIDA HUAYNA CAPAC > PROLONGACION AVENIDA 225 > JIRON CABO BLANCO > AVENIDA MIGUEL GRAU > CALLE LAS ESMERALDAS > AVENIDA LOS ARQUITECTOS > AUXILIAR CARRETERA PANAMERICANA NORTE > CARRETERA PANAMERICANA NORTE > PUENTE CHILLON > CARRETERA PANAMERICANA NORTE > INTERCAMBIO VIAL NORTE > CARRETERA PANAMERICANA NORTE > AVENIDA ALFREDO MENDIOLA > OVALO IZAGUIRRE > AVENIDA ALFREDO MENDIOLA > CARRETERA PANAMERICANA NORTE > AVENIDA ALFREDO MENDIOLA > OVALO ANGELICA GAMARRA > AVENIDA ALFREDO MENDIOLA > OVALO TOMAS VALLE > AVENIDA ALFREDO MENDIOLA > CARRETERA PANAMERICANA NORTE > AVENIDA ALFREDO MENDIOLA > OVALO HABICH > AVENIDA ALFREDO MENDIOLA > CARRETERA PANAMERICANA NORTE > PUENTE TROMPETA > CARRETERA PANAMERICANA NORTE > VIA DE EVITAMIENTO > AVENIDA 1 DE MAYO > AVENIDA JOSE CARLOS MARIATEGUI > PUENTE CHINCHAYSUYO > JIRON CHINCHAYSUYO > JIRON SAN AURELIO > AVENIDA PROCERES DE INDEPENDENCIA > AVENIDA FERNANDO WIESSE,AVENIDA FERNANDO WIESSE > AVENIDA SANTA ROSA DE LIMA > AVENIDA EL BOSQUE > AVENIDA LOS ALAMOS > AVENIDA EL SOL > AVENIDA PROCERES DE INDEPENDENCIA > AVENIDA PIRAMIDE DEL SOL > PUENTE PIRAMIDE DEL SOL > AVENIDA JOSE CARLOS MARIATEGUI AACESO AVENIDA INDEPENDENCIA > AVENIDA INDEPENDENCIA > VIA DE EVITAMIENTO > CARRETERA PANAMERICANA NORTE > PUENTE TROMPETA > CARRETERA PANAMERICANA NORTE > AVENIDA ALFREDO MENDIOLA > OVALO HABICH > AVENIDA ALFREDO MENDIOLA > CARRETERA PANAMERICANA NORTE > AVENIDA ALFREDO MENDIOLA > OVALO TOMAS VALLE > AVENIDA ALFREDO MENDIOLA > OVALO ANGELICA GAMARRA > AVENIDA ALFREDO MENDIOLA > CARRETERA PANAMERICANA NORTE > AVENIDA ALFREDO MENDIOLA > OVALO IZAGUIRRE > AVENIDA ALFREDO MENDIOLA > CARRETERA PANAMERICANA NORTE > INTERCAMBIO VIAL NORTE > CARRETERA PANAMERICANA NORTE > PUENTE CHILLON > CARRETERA PANAMERICANA NORTE > AUXILIAR CARRETERA PANAMERICANA NORTE > AUXILIARCARRETERA PANAMERICANA NORTE (GIRO EN U OVALO ZAPALLAL) > AUXILIAR CARRETERA PANAMERICANA NORTE > AVENIDA LOS ARQUITECTOS > CALLE LAS ESMERALDAS > AV. MIGUEL GRAU > JIRON CABO BLANCO > PROLONGACION AVENIDA 225 > AVENIDA HUAYNA CAPAC > AVENIDA PLAYA HONDEABLE,RUTA_IM43_1287.pdf,
1288,IM55,EMPRESA DE TRANSPORTES UNIDOS VITARTE S.A.,San Miguel,Ate,32.28,31.97,58,6,64,7.0,MINIBUS (M2-M3),AV DE LOS PRECURSORES / AVENIDA RAFAEL ESCARDO,CALLE 5 (LM-718) / AVENIDA LA RONCADORA DE SANTA CLARA (ALT. CAMPO SANTO SANTA CLARA),40,32,AVENIDA DE LOS PRECURSORES > AVENIDA PARQUE DE LAS LEYENDAS > AVENIDA MARISCAL JOSE DE LA MAR > AVENIDA UNIVERSITARIA > AVENIDA UNIVERSITARIA (VUELTA EN U ALT. CALLE A) > AVENIDA UNIVERSITARIA > AVENIDA REPUBLICA DE VENEZUELA > JIRON ROBERTO THORNDIKE GALUP > AVENIDA REYNALDO SAAVEDRA PINON > AVENIDA LUIS BRAILLE > AVENIDA PROLONGACION ARICA > AVENIDA NACIONES UNIDAS > AVENIDA REPUBLICA DE VENEZUELA > AVENIDA ARICA > PLAZA FRANCISCO BOLOGNESI > AVENIDA GUZMAN BLANCO > PLAZA JORGE CHAVEZ > AVENIDA 28 DE JULIO > AVENIDA JOSE GALVEZ > AVENIDA JAIME BAUZATE Y MEZA > AVENIDA MANCO CAPAC > JIRON ITALIA > AVENIDA IQUITOS > AVENIDA ISABEL LA CATOLICA > JIRON JAVIER LUNA PIZARRO > AVENIDA MEXICO > AVENIDA NICOLAS DE AYLLON > CARRETERA CENTRAL > AVENIDA DE LA CULTURA > AVENIDA CERES ( LOS VIRREYES) > AVENIDA LAS NUECES > AVENIDA METROPOLITANA > AVENIDA BERNARDINO RIVADAVIA > CALLE MAR DE LAS MARIANAS > CARRETERA CENTRAL > AVENIDA JOSE CARLOS MARIATEGUI > JIRON EL TRIUNFO > AVENIDA ALFONSO UGARTE > AVENIDA JOSE QUIÑONES > CALLE 5 (LM-718),CALLE 5 (LM-718) > AVENIDA JOSE QUIÑONES > AVENIDA ALFONSO UGARTE > JIRON EL TRIUNFO > AVENIDA JOSE CARLOS MARIATEGUI > AVENIDA NICOLAS DE AYLLON > AVENIDA SANTA MARIA > AVENIDA BERNARDINO RIVADAVIA > AVENIDA METROPOLITANA > AVENIDA LAS NUECES > AVENIDA CERES ( LOS VIRREYES) > AVENIDA DE LA CULTURA > CARRETERA CENTRAL > AVENIDA NICOLAS DE AYLLON > AVENIDA MEXICO > AVENIDA MANCO CAPAC > AVENIDA 28 DE JULIO > PLAZA JORGE CHAVEZ > AVENIDA GUZMAN BLANCO > PLAZA FRANCISCO BOLOGNESI > AVENIDA ARICA > JIRON AGUARICO > AVENIDA REPUBLICA DE VENEZUELA > AVENIDA PROLONGACION ARICA > AVENIDA LUIS BRAILLE > AVENIDA REYNALDO SAAVEDRA PINON > JIRON ROBERTO THORNDIKE GALUP > AVENIDA REPUBLICA DE VENEZUELA > AVENIDA UNIVERSITARIA > AVENIDA MARISCAL JOSE DE LA MAR > AVENIDA PARQUE DE LAS LEYENDAS > AVENIDA DE LOS PRECURSORES,RUTA_IM55_128.pdf,Archivo mal nombrado: RUTA_IM55_128.pdf
1289,IM56,STARLET CONSORCIO S.A.,San Juan De Lurigancho,Jesus Maria,14.76,15.96,21,3,24,8.0,MINIBUS (M2-M3),AVENIDA EL SOL / AVENIDA LOS MANGOS AVENIDA 28 DE JULIO / AVENIDA GENERAL SALAVERRY (PLAZA JORGE,CHAVEZ),18,25,AVENIDA EL SOL > AVENIDA CANTO GRANDE > AVENIDA LAS FLORES DE PRIMAVERA > AVENIDA LAS ALCAPARRAS > JIRON LOS LIQUENES > AVENIDA LURIGANCHO > AVENIDA PIRAMIDE DEL SOL > PUENTE PIRAMIDE DEL SOL > AVENIDA JOSE CARLOS MARIATEGUI > AVENIDA LAS MAGNOLIAS > AVENIDA PLACIDO JIMENEZ > JIRON ANCASH > JIRON SEBASTIAN LORENTE > AVENIDA MIGUEL GRAU > AVENIDA AVIACION > AVENIDA 28 DE JULIO > PUENTE 28 DE JULIO > AVENIDA 28 DE JULIO,AVENIDA 28 DE JULIO > PUENTE 28 DE JULIO > AVENIDA 28 DE JULIO > AVENIDA JOSE GALVEZ > AVENIDA JAIME BAUSATE Y MEZA > JIRON HUANUCO > AVENIDA MIGUEL GRAU > JIRON JUNIN > AVENIDA SEBASTIAN LORENTE > JIRON ANCASH > AVENIDA PLACIDO JIMENEZ > AVENIDA LAS MAGNOLIAS > CALLE CANTUTA > AVENIDA BOSQUE HUANCA > AVENIDA JOSE CARLOS MARIATEGUI > PUENTE CHINCHAYSUYO > JIRON CHINCHAYSUYO > JIRON SAN AURELIO > AVENIDA LURIGANCHO > JIRON LOS LIQUENES > AVENIDA ALCAPARRAS > AVENIDA LAS FLORES DE PRIMAVERA > AVENIDA CANTO GRANDE > CALLE LOS NARANJOS > AVENIDA LOS MANGOS,RUTA_IM56_1289.pdf,
1290,IM57,EMPRESA DE TRANSPORTES VIRGEN DE LA ASUNCION S.A.,San Martin De Porres,Ate,39.64,39.93,56,6,62,7.0,MINIBUS (M2-M3),CALLE HUASCAR / CALLE YURAMAYO,AVENIDA LAS GAVIOTAS / CALLE EL ROSAL DE SANTA ANITA,46,53,CALLE HUASCAR > VIA AUXILIAR AVENIDA CANTA CALLAO > AVENIDA A > AVENIDA LOS PROCERES DE HUANDOY > AVENIDA NARANJAL > OVALO CANTA CALLAO > AVENIDA CANTA CALLAO > VIA AUXILIAR AVENIDA CANTA CALLAO > AVENIDA LOS DOMINICOS > AUXILIAR AVENIDA DOMINICOS > AVENIDA DOMINICOS > OVALO PREVI > AVENIDA JOSE GRANDA > AVENIDA 12 DE OCTUBRE > AVENIDA PERU > AVENIDA UNIVERSITARIA > PUENTE BELLA UNION > OVALO BELLA UNION > AVENIDA UNIVERSITARIA > AVENIDA OSCAR RAIMUNDO BENAVIDES > AVENIDA AURELIO GARCIA Y GARCIA > AVENIDA REPUBICA DE VENEZUELA > AVENIDA UNIVERSITARIA > AVENIDA SIMON BOLIVAR > AVENIDA HUSARES DE JUNIN > AVENIDA EDGARDO REBAGLIATI > JIRON DOMINGO CUETO > AVENIDA ALVAREZ DE ARENALES > AVENIDA JUAN PARDO DE ZELA > PUENTE CANADA > AVENIDA CANADA > AVENIDA CIRCUNVALACION > VIA AUXILIAR AVENIDA CIRCUNVALACION > AVENIDA MARISCAL DOMINGO NIETO > AVENIDA DE LAS TORRES > AVENIDA SEPARADORA INDUSTRIAL > AVENIDA HERMES > AVENIDA BENJAMIN FRANKLIN > AVENIDA SANTA ROSA > AVENIDA NICOLAS DE AYLLON > CARRETERA CENTRAL > AVENIDA LA CULTURA > AVENIDA CAMINO REAL > CALLE SEBASTIAN SALAZAR BONDY (CALLE 10) > CALLE PRIMERO DE MAYO > AVENIDA LAS GAVIOTAS,"AVENIDA LAS GAVIOTAS > CALLE PRIMERO DE MAYO > CALLE SEBASTIAN SALAZAR BONDY (CALLE 10) > AVENIDA CAMINO REAL > AVENIDA LA CULTURA > CARRETERA CENTRAL > AVENIDA NICOLAS DE AYLLON > AVENIDA SANTA ROSA > AVENIDA BENJAMIN FRANKLIN > AVENIDA SEPARADORA INDUSTRIAL > AVENIDA DE LAS TORRES > AVENIDA MARISCAL DOMINGO NIETO > AVENIDA CIRCUNVALACION > VIA AUXILIAR AVENIDA CIRCUNVALACION > AVENIDA CANADA > PUENTE CANADA > AVENIDA JUAN PARDO DE ZELA > JIRON GENERAL CESAR CANEVARO > JIRON GENERAL JOSE MARIA CORDOVA > AVENIDA EDGARDO REBAGLIATI > AVENIDA GENERAL SALAVERRY > JIRON CORONEL CIPRIANO ZEGARRA > JIRON CAPAC YUPANQUI > AVENIDA FRANCISCO JAVIER MARIATEGUI > AVENIDA AFRANIO DE MELLO FRANCO > CALLE CORACEROS > JIRON JUAN PABLO FERNANDINI > AVENIDA SIMON BOLIVAR > AVENIDA UNIVERSITARIA > AVENIDA RAMON HERRERA > AVENIDA UNIVERSITARIA > OVALO BELLA UNION > PUENTE BELLA UNION > AVENIDA UNIVERSITARIA > AVENIDA PERU > AVENIDA PERU VUELTA EN ""U"" (ALT. CALLLE VILLA RICA) > AVENIDA PERU > JIRON HUANCAYO > CALLE JOSE GALVEZ > AVENIDA 12 DE OCTUBRE > AVENIDA JOSE GRANDA > OVALO PREVI > AVENIDA LOS DOMINICOS > AUXILIAR AVENIDA DOMINICOS > AVENIDA DOMINICOS > VIA AUXILIAR AVENIDA CANTA CALLAO > AVENIDA CANTA CALLAO > OVALO CANTA CALLAO > AVENIDA NARANJAL > AVENIDA LOS PROCERES DE HUANDOY > AVENIDA A > VIA AUXILIAR AVENIDA CANTA CALLAO > CALLE HUASCAR",RUTA_IM57_1290.pdf,
1291,IO03,HOLDING REAL EXPRESS,Mi Peru,Chorrillos,54.01,56.16,83,9,92,6.0,OMNIBUS (M3),AVENIDA CUZCO / VICTOR RAUL HAYA DE LA TORRE,AVENIDA JOSE OLAYA / AVENIDA EL TRIUNFO,42,44,AVENIDA CUZCO > AVENIDA REVOLUCION > CALLE PAVAYACU > AVENIDA NESTOR GAMBETTA > OVALO CANTOLAO > AVENIDA ELMER FAUCETT > OVALO AEROPUERTO > AVENIDA ELMER FAUCETT > PUENTE ELMER FAUCETT > AVENIDA ELMER FAUCETT > AVENIDA DE LOS PRECURSORES > AVENIDA PARQUE DE LAS LEYENDAS > PROLONGACION AVENIDA MARISCAL JOSE DE LA MAR > AVENIDA MANUEL CIPRIANO DULANTO > AVENIDA ANTONIO JOSE DE SUCRE > JIRON JUNIN > AVENIDA JAVIER PRADO OESTE > AVENIDA GENERAL SALAVERRY > AVENIDA AUGUSTO PEREZ ARANIBAR > AVENIDA DEL EJERCITO > OVALO FEDERICO VILLARREAL > AVENIDA DEL EJERCITO > PLAZA CENTRO AMERICA > AVENIDA JOSE PARDO > PLAZA MORALES BARROS > AVENIDA JOSE PRADO > OVALO MIRAFLORES > AVENIDA DIAGONAL > MALECON 28 DE JULIO > AVENIDA ALFREDO BENAVIDES > OVALO LOS CABITOS > AVENIDA ALFREDO BENAVIDES > AVENIDA CAMINO DEL INCA > AVENIDA LOS PROCERES > JIRON GUARDIA CIVIL NORTE > JIRON VISTA ALEGRE > AVENIDA LAS GAVIOTAS > AVENIDA EL SOL > AVENIDA LOS ALAMOS > AVENIDA SAN JUAN > AVENIDA VITA ALEGRE > AVENIDA JOSE OLAYA,AVENIDA JOSE OLAYA > AVENIDA VISTA ALEGRE > AVENIDA SAN JUAN > AVENIDA LOS ALAMOS > AVENIDA EL SOL > JIRON LAS GAVIOTAS > JIRON VISTA ALEGRE > AVENIDA GUARDIA CIVIL SUR > AVENIDA PROCERES > AVENIDA CAMINO DE INCA > AVENIDA ALFREDO BENAVIDES > OVALO LOS CABITOS > AVENIDA ALFREDO BENAVIDES > AVENIDA JOSE LARCO > OVALO MIRAFLORES > AVENIDA JOSE PARDO > PLAZA MORALES BARROS > AVENIDA JOSE PARDO > PLAZA CENTRO AMERICA > AVENIDA DEL EJERCITO > OVALO FEDERICO VILLARREAL > AVENIDA DEL EJERCITO > AVENIDA AUGUSTO PEREZ ARANIBAR > AVENIDA GENERAL SALAVERRY > AVENIDA JAVIER PRADO OESTE > VIA AUXILIAR AVENIDA BRASIL > JIRON CUZCO > AVENIDA ANTONIO JOSE DE SUCRE > AVENIDA MANUEL CIPRIANO DULANTO > PROLONGACION AVENIDA MARISCAL JOSE DE LA MAR > AVENIDA PARQUE DE LAS LEYENDAS > AVENIDA DE LOS PRECURSORES > AVENIDA ELMER FAUCETT > PUENTE ELMER FAUCETT > AVENIDA ELMER FAUCETT > OVALO AEROPUERTO > AVENIDA ELMER FAUCETT > OVALO CANTOLAO > AVENIDA NESTOR GAMBETTA > AVENIDA VICTOR RAUL HAYA DE LA TORRE > AVENIDA CUZCO > AVENIDA AYACUCHO > AVENIDA TUMBES > AVENIDA VICTOR RAUL HAYA DE LA TORRE,RUTA_IO03_1291.pdf,
1292,IO04,EMPRESA DE TRANSPORTES Y TURISMO CALIFORNIA SIGLO XXI S.A.C.,Ventanilla,Ate,52.45,50.85,68,7,75,4.0,MINIBUS (M2-M3),AVENIDA CORONEL NESTOR GAMBETTA KM 14 1/2 / AVENIDA DEL BIERZO (ASOCIACION DE VIVIENDA MARQUEZ),AVENIDA ANDRES AVELINO CACERES / CALLE YENURI CHIGUALA CRUZ (HUAYCAN ZONA T),32,28,"AVENIDA CORONEL NESTOR GAMBETTA > OVALO CANTOLAO > AVENIDA ELMER FAUCETT > OVALO AEROPUERTO > AVENIDA ELMER FAUCETT > PUENTE ELMER FAUCETT > AVENIDA MORALES DUAREZ > AVENIDA MORALES DUAREZ (VUELTA EN ""U"" ALT. AVENIDA NUEVO AEROPUERTO) > AVENIDA MORALES DUAREZ > VIA EXPRESA ELMER FAUCETT > AVENIDA PASEO QUILCA > AVENIDA PERU > BY PASS AVENIDA PERU > AVENIDA PERU > JIRON RIOBAMBA > AVENIDA AUGUSTO B. LEGUIA > JIRON PEDREGAL > AVENIDA ZARUMILLA > CARRETERA PANAMERICANA NORTE > VIA DE EVITAMIENTO > PUENTE HUASCAR > VIA DE EVITAMIENTO > AVENIDA 1 DE MAYO > VIA DE EVITAMIENTO > ACCESO NICOLAS DE AYLLON > AVENIDA NICOLAS DE AYLLON > CARRETERA CENTRAL > AUXILIAR CARRETERA CENTRAL (BY PASS JAVIER PRADO) > CARRETERA CENTRAL > VIA DE ACCESO A HUAYCAN > AVENIDA JOSE CARLOS MARIATEGUI > AVENIDA ANDRES AVELINO CACERES",AVENIDA ANDRES AVELINO CACERES > CALLE ROSARIO > AVENIDA JOSE CARLOS MARIATEGUI > VIA DE ACCESO A HUAYCAN > CARRETERA CENTRAL > AUXILIAR CARRETERA CENTRAL (BY PASS JAVIER PRADO) > CARRETERA CENTRAL > AVENIDA NICOLAS DE AYLLON > ACCESO VIA DE EVITAMIENTO > VIA DE EVITAMIENTO > AVENIDA INDEPENDENCIA > VIA DE EVITAMIENTO > PUENTE HUASCAR > VIA EVITAMIENTO > CARRETERA PANAMERICANA NORTE > AVENIDA ZARUMILLA > AVENIDA SAN MARTIN > CALLE SAO PAULO > JIRON RIOBAMBA > AVENIDA PERU > BY PASS AVENIDA PERU > AVENIDA PERU > AVENIDA PASEO QUILCA > AVENIDA ELMER FAUCETT > OVALO AEROPUERTO > AVENIDA ELMER FAUCETT > OVALO CANTOLAO > AVENIDA CORONEL NESTOR GAMBETTA,RUTA_IO04_1292.pdf,
1293,IO06,HOLDING REAL EXPRESS,Mi Peru,Villa Maria Del Tirunfo,66.42,67.21,72,8,80,7.0,OMNIBUS (M3),AVENIDA AYACUCHO / AVENIDA HUAURA,JIRON JOSE OLAYA / AVENIDA FERROCARRIL,46,46,AVENIDA AYACUCHO > AVENIDA TUMBES > AVENIDA VICTOR RAUL HAYA DE LA TORRE > AVENIDA CUZCO > AVENIDA REVOLUCION > CALLE PAVAYACU > AVENIDA NESTOR GAMBETTA > OVALO CANTOLAO > AVENIDA ELMER FAUCETT > OVALO AEROPUERTO > AVENIDA ELMER FAUCETT > PUENTE ELMER FAUCETT > AVENIDA ELMER FAUCETT > AVENIDA DE LOS PRECURSORES > AVENIDA PARQUE DE LAS LEYENDAS > PROLONGACION AVENIDA MARISCAL JOSE DE LA MAR > AVENIDA JOSE DE LA RIVA AGUERO > AVENIDA LIMA > JIRON GENERALISIMO JOSE DE SAN MARTIN > JIRON FRANCISCO BOLOGNESI > AVENIDA BRASIL > VIA AUXILIAR AVENIDA BRASIL > AVENIDA JAVIER PRADO OESTE > AVENIDA GENERAL SALAVERRY > AVENIDA GENERAL CESAR CANEVARO > AVENIDA JOSE PARDO DE ZELA > AVENIDA CANADA > AVENIDA AVIACION > OVALO LOS CABITOS > AVENIDA SANTIAGO DE SURCO > PUENTE ATOCONGO > AVENIDA LOS HEROES > AVENIDA SAN JUAN > AVENIDA RAMON VARGAS MACHUCA > AVENIDA CESAR CANEVARO > AVENIDA MARIANO PASTOR SEVILLA > OVALO COCHARCAS > AVENIDA MARIANO PASTOR SEVILLA > AVENIDA JOSE CARLOS MARIATEGUI > AVENIDA SEPARADORA INDUSTRIAL > AVENIDA MARIA REICHE > OVALO MARIA REICHE > AVENIDA LIMA > OVALO JOSE GALVEZ > AVENIDA LIMA > JIRON JOSE OLAYA,JIRON JOSE OLAYA > AVENIDA LIMA > OVALO JOSE GALVEZ > AVENIDA LIMA > OVALO MARIA REICHE > AVENIDA MARIA REICHE > AVENIDA SEPARADORA INDUSTRIAL > AVENIDA JOSE CARLOS MARIATEGUI > AVENIDA MARIANO PASTOR SEVILLA > OVALO COCHARCAS > AVENIDA MARIANO PASTOR SEVILLA > AVENIDA CESAR CANEVARO > AVENIDA RAMON VARGAS MACHUCA > AVENIDA SAN JUAN > AVENIDA LOS HEROES > PUENTE ATOCONGO > AVENIDA SANTIAGO DE SURCO > OVALO LOS CABITOS > AVENIDA AVIACION > AVENIDA CANADA > AVENIDA JOSE PARDO DE ZELA > AVENIDA GENERAL CESAR CANEVARO > AVENIDA GENERAL SALAVERRY > AVENIDA JAVIER PRADO OESTE > AVENIDA BRASIL > VIA AUXILIAR AVENIDA BRASIL > JIRON MIGUEL GRAU > JIRON TACNA > PROLONGACION JIERON CUZCO > AVENIDA JOSE LA RIVA AGUERO > PROLONGACION AVENIDA MARISCAL JOSE DE LA MAR > AVENIDA PARQUE DE LAS LEYENDAS > AVENIDA DE LOS PRECURSORES > AVENIDA ELMER FAUCETT > PUENTE ELMER FAUCETT > AVENIDA ELMER FAUCETT > OVALO AEROPUERTO > AVENIDA ELMER FAUCETT > OVALO CANTOLAO > AVENIDA NESTOR GAMBETTA > AVENIDA VICTOR RAUL HAYA DE LA TORRE > AVENIDA TACNA > AVENIDA AYACUCHO > AVENIDA TUMBES > AVENIDA VICTOR RAUL HAYA DE LA TORRE > AVENIDA HUAURA,RUTA_IO06_1293.pdf,
1294,IO07,HOLDING REAL EXPRESS,Callao,Chorrillos,36.11,36.19,32,4,36,6.0,MINIBUS (M2-M3),AVENIDA PACASMAYO / AVENIDA CANTA CALLAO,AVENIDA LOS FAISANES / AVENIDA GUARDIA PERUANA,40,37,AVENIDA PACASMAYO > AVENIDA TOMAS VALLE > OVALO AEROPUERTO > AVENIDA ELMER FAUCETT > PUENTE ELMER FAUCETT > AVENIDA ELMER FAUCETT > AVENIDA DE LOS PRECURSORES > AVENIDA PARQUE DE LAS LEYENDAS > PROLONGACIÓN AVENIDA MARSICAL JOSE DE LA MAR > AVENIDA MANUEL CIPRIANO DULANTO > CALLE FIGARI > AVENIDA MANUEL CIPRIANO DULANTO > CALLE MARISCAL AGUSTIN GAMARRA > AVENIDA GENERAL MANUEL L. VIVANCO > AVENIDA SAN FELIPE > AVENIDA GENERAL SALAVERRY > AVENIDA DEL EJERCITO > OVALO FEDERICO VILLAREAL > CALLE 8 DE OCTUBRE > CALLE GENERAL FEDERICO MENDIBURÚ > CALLE 2 DE MAYO > AVENIDA GENERAL PERSHING > CALLE GENERAL SUAREZ > CALLE LEONCIO PRADO > AVENIDA PASEO DE LA REPUBLICA > AVENIDA RICARDO PALMA > AVENIDA ANDRES AVELINO CACERES > AVENIDA REPUBLICA DE PANAMA > AVENIDA ALFREDO BENAVIDES > INTERCAMBIO VIAL LOS CABITOS > AVENIDA ALFREDO BENAVIDES > AVENIDA CAMINOS DEL INCA > AVENIDA LOS PROCERES > AVENIDA POLICIA DE INVESTIGACIONES > JIRON GUARDIA CIVIL NORTE > JIRON VISTA ALEGRE > JIRON LAS GAVIOTAS > CALLE LOS ASTEROIDES > CALLE LAS PLEYADES > AVENIDA LOS FAISANES.,AVENIDA LOS FAISANES > CALLE LAS PLEYADES > CALLE LOS ASTEROIDES > JIRON LAS GAVIOTAS > JIRON VISTA ALEGRE > AVENIDA GUARDIA CIVIL SUR > AVENIDA LOS PROCERES > AVENIDA CAMINOS DEL INCA > AVENIDA ALFREDO BENAVIDES > INTERCAMBIO VIAL LOS CABITOS > AVENIDA ALFREDO BENAVIDES > AVENIDA REPUBLICA DE PANAMA > AVENIDA ANDRES AVELINO CACERES > AVENIDA RICARDO PALMA > AVENIDA PETIT THOUARS > JIRON GONZALES PRADA > CALLE TENIENTE ENRIQUE PALACIOS > AVENIDA COMANDANTE ESPINAR > CALLE TENIENTE ENRIQUE PALACIOS > AVENIDA MARISCAL LA MAR > AVENIDA FEDERICO VILLAREAL > OVALO FEDERICO VILLAREAL > AVENIDA DEL EJERCITO > AVENIDA GENERAL SALAVERRY > AVENIDA SAN FELIPE > AVENIDA GENERAL MANUEL L. VIVANCO > AVENIDA ANTONIO JOSE DE SUCRE > AVENIDA MANUEL CIPRIANO DULANTO > PROLONGACION AVENIDA MARISCAL JOSE DE LA MAR > AVENIDA PARQUE DE LAS LEYENDAS > AVENIDA DE LOS PRECURSORES > AVENIDA ELMER FAUCETT > PUENTE ELMER FAUCETT > AVENIDA ELMER FAUCETT > OVALO AEROPUERTO > AVENIDA TOMAS VALLE > AVENIDA PACASMAYO,RUTA IO07_1294_VF.pdf,
1295,IO12,EMPRESA DE TRANSPORTES SERVICIOS Y TURISMO EUREKS S.A.C.,Santa Anita,Callao,29.07,29.4,38,4,42,5.0,MINIBUS (M2-M3),AVENIDA CHANCAS DE ANDAHUAYLAS / AVENIDA HUAROCHIRI,AVENIDA 2 DE MAYO / AVENIDA GUARDIA CHALACA (OVALO GARIBALDI),31,31,AVENIDA CHANCAS DE ANDAHUAYLAS > AVENIDA LOS RUISEÑORES > CARRETERA CENTRAL > AVENIDA NICOLAS DE AYLLON > AVENIDA SANTA ROSA > AVENIDA SEPARADORA INDUSTRIAL > AVENIDA DE LAS TORRES > AVENIDA MARISCAL DOMINGO NIETO > AVENIDA CIRCUNVALACION > VIA AUXILIAR AVENIDA CIRCUNVALACION > AVENIDA CANADA > PUENTE CANADA > AVENIDA JUAN PARDO DE ZELA > AVENIDA GENERAL CESAR CANEVARO > AVENIDA GENERAL SALAVERRY > JIRON HUIRACOCHA > AVENIDA SAN FELIPE > AVENIDA GENERAL MANUEL L. VIVANCO > AVENIDA ANTONIO JOSE DE SUCRE > AVENIDA MANUEL CIPRIANO DULANTO > AVENIDA MARISCAL JOSE DE LA MAR > AVENIDA PARQUE DE LAS LEYENDAS > AVENIDA DE LOS PRECURSORES > AVENIDA DE LOS INSURGENTES > AVENIDA DE LA MARINA > OVALO JUAN PABLO II > AVENIDA GUARDIA CHALACA > AVENIDA ALMIRANTE MIGUEL GRAU > CALLE ALBERTO SECADA > CALLE MARCO POLO > AVENIDA 2 DE MAYO,"AVENIDA 2 DE MAYO > CALLE MARCO POLO > AVENIDA ALMIRANTE MIGUEL GRAU > AVENIDA GUARDIA CHALACA > OVALO JUAN PABLO II > AVENIDA DE LA MARINA > AVENIDA DE LOS INSURGENTES > AVENIDA DE LOS INSURGENTES (VUELTA EN ""U"" ALT. CALLE MANCO SEGUNDO) > AVENIDA DE LOS INSURGENTES > AVENIDA LOS PRECURSORES > AVENIDA PARQUE DE LAS LEYENDAS > AVENIDA MARISCAL JOSE DE LA MAR > AVENIDA MANUEL CIPRIANO DULANTO > CALLE MARISCAL AGUSTIN GAMARRA > AVENIDA GENERAL MANUEL L. VIVANCO > AVENIDA SAN FELIPE > JIRON PACHACUTEC > AVENIDA GENERAL CESAR CANEVARO > AVENIDA JUAN PARDO DE ZELA > PUENTE CANADA > AVENIDA CANADA > AVENIDA CIRCUNVALACION > VIA AUXILIAR AVENIDA CIRCUNVALACION > AVENIDA MARISCAL DOMINGO NIETO > AVENIDA DE LAS TORRES > AVENIDA SEPARADORA INDUSTRIAL > AVENIDA SANTA ROSA > AVENIDA NICOLAS DE AYLLON > CARRETERA CENTRAL > AVENIDA LOS RUISEÑORES > AVENIDA CHANCAS DE ANDAHUAYLAS",RUTA_IO12_1295.pdf,
1296,IO27,HOLDING REAL EXPRESS,San Martin De Porres,Ate,36.03,37.11,63,7,70,6.0,MINIBUS (M2-M3),PROLONGACION AVENIDA PACASMAYO / AVENIDA BERTELLO,CARRETERA CENTRAL / AVENIDA MARCOS PUENTE LLANOS,39,41,AVENIDA PROLONGACION PACASMAYO > AUXILIAR AVENIDA CANTA CALLAO > AVENIDA LOS DOMINICOS > AUXILIAR AVENIDA LOS DOMINICOS > AVENIDA LOS DOMINICOS > AVENIDA JOSE GRANDA > OVALO JOSE GRANDA > AVENIDA JOSE GRANDA > OVALO HABICH > AVENIDA EDUARDO DE HABICH > AVENIDA TUPAC AMARU > AVENIDA CAQUETA > PUENTE CAQUETA > AVENIDA CAQUETA > PUENTE DEL EJERCITO > AVENIDA ALFONSO UGARTE > PLAZA FRANCISCO BOLOGNESI > AVENIDA GUZMAN BLANCO > OVALO JORGE CHAVEZ > AVENIDA GENERAL SALAVERRY > JIRON PACHACUTEC > AVENIDA GENERAL CESAR CANEVARO > AVENIDA JUAN PARDO DE ZELA > PUENTE CANADA > AVENIDA CANADA > AVENIDA CIRCUNVALACION > AVENIDA MARISCAL DOMINGO NIETO > AVENIDA DE LAS TORRES > AVENIDA SEPARADORA INDUSTRIAL > AVENIDA SANTA ROSA > AVENIDA NICOLAS AYLLON > CARRETERA CENTRAL > AVENIDA LA MOLINA > AVENIDA SEPARADORA INDUSTRIAL > OVALO MAYORAZGO > AVENIDA SEPARADORA INDUSTRIAL > CARRETERA CENTRAL > AUXILIAR CARRETERA CENTRAL (BY PASS JAVIER PRADO) > CARRETERA CENTRAL,"CARRETERA CENTRAL > AUXILIAR CARRETERA CENTRAL (BY PASS JAVIER PRADO) > CARRETERA CENTRAL > AVENIDA SEPARADORA INDUSTRIAL > OVALO MAYORAZGO > AVENIDA SEPARADORA INDUSTRIAL > AVENIDA LA MOLINA > CARRETERA CENTRAL > AVENIDA NICOLAS AYLLON > AVENIDA SANTA ROSA > AVENIDA SEPARADORA INDUSTRIAL > AVENIDA LAS TORRES > AVENIDA MARISCAL DOMINGO NIETO > AVENIDA CIRCUNVALACION > AVENIDA CANADA > PUENTE CANADA > AVENIDA JUAN PARDO DE ZELA > AVENIDA GENERAL CESAR CANEVARO > JIRON MANCO SEGUNDO > AVENIDA GENERAL SALAVERRY > OVALO JORGE CHAVEZ > AVENIDA GUZMAN BLANCO > PLAZA FRANCISCO BOLOGNESI > AVENIDA ALFONSO UGARTE > PUENTE DEL EJERCITO > AVENIDA CAQUETA > PUENTE CAQUETA > AVENIDA CAQUETA > AVENIDA TUPAC AMARU > AVENIDA TUPAC AMARU (VUELTA ""U"" ALT. HONORIO DELGADO) > AVENIDA TUPAC AMARU > AVENIDA EDUARDO DE HABICH > OVALO HABICH > AVENIDA JOSE GRANDA > OVALO JOSE GRANDA > AVENIDA JOSE GRANDA > AVENIDA DOMINICOS > AUXILIAR AVENIDA DOMINICOS > AVENIDA DOMINICOS > AVENIDA CANTA CALLAO > PROLONGACION AVENIDA PACASMAYO",RUTA_IO27_1296.pdf,
1297,IO28B,HOLDING REAL EXPRESS,Ventanilla,Villa Maria Del Triunfo,46.82,46.07,54,6,60,4.0,MINIBUS (M2-M3),MILLAS),AVENIDA FERROCARRIL / CALLE B,39,38,AVENIDA ELMER FAUCETT > OVALO AEROPUERTO > AVENIDA TOMAS VALLE > PROLONGACION AVENIDA PERU > AVENIDA PERU > INTERCAMBIO VIAL PERU-UNIVERSITARIA > AVENIDA PERU > AVENIDA CANADA > PUENTE DUEÑAS > AVENIDA NICOLAS DUEÑAS > CALLE PEDRO PASCUAL FARFAN > AVENIDA OSCAR RAIMUNDO BENAVIDES > AVENIDA NACIONES UNIDAS > AVENIDA REPUBLICA DE VENEZUELA > AVENIDA ARICA > PLAZA FRANCISCO BOLOGNESI > AVENIDA GUZMAN BLANCO > PLAZA JORGE CHAVEZ > AVENIDA GENERAL SALAVERRY > AVENIDA CADIZ > AVENIDA CESAR VALLEJO (HIPOLITO UNANUE) > AVENIDA ALVAREZ DE ARENALES > AVENIDA JAVIER PRADO ESTE > AVENIDA PASEO PARODI > AVENIDA ANDRES REYES > AVENIDA RIVERA NAVARRETE > AVENIDA JUAN DE ARONA > AVENIDA PASEO DE LA REPUBLICA > AVENIDA ANGAMOS ESTE > AVENIDA AVIACION > OVALO LOS CABITOS > AVENIDA SANTIAGO DE SURCO > PUENTE ATOCONGO > AVENIDA LOS HEROES > AVENIDA PACHACUTEC > OVALO JOSE GALVEZ > AVENIDA LIMA > CALLE JOSE OLAYA > AVENIDA FERROCARRIL,AVENIDA FERROCARRIL > CALLE JOSE OLAYA > AVENIDA LIMA > OVALO JOSE GALVEZ > AVENIDA PACHACUTEC > OVALO PACHACUTEC > AVENIDA PACHACUTEC > AVENIDA LOS HEROES > PUENTE ATOCONGO > AVENIDA SANTIAGO DE SURCO > OVALO LOS CABITOS > AVENIDA AVIACION > AVENIDA ANGAMOS ESTE > AVENIDA PETIT THOUARS > JIRON PEDRO CONDE > AVENIDA CESAR VALLEJO > AVENIDA CADIZ > AVENIDA GENERAL SALAVERRY > PLAZA JORGE CHAVEZ > AVENIDA GUZMAN BLANCO > PLAZA FRACNISCO BOLOGNESI > AVENIDA ARICA > JIRON AGUARICO > AVENIDA REPUBLICA VENEZUELA > AVENIDA ARICA > AVENIDA PROLONGACION > AVENIDA NACIONES UNIDAS > AVENIDA OSCAR R. BENAVIDES > AVENIDA NICOLAS DUEÑAS > PUENTE DUEÑAS > AVENIDA CANADA > AVENIDA PERU > INTERCAMBIO VIAL PERU-UNIVERSITARIA > AVENIDA PERU > PROLONGACION PERU > AVENIDA TOMAS VALLE > OVALO AEROPUERTO > AVENIDA ELMER FAUCETT,RUTA_IO28B_1297.pdf,
1298,IO30B,HOLDING REAL EXPRESS,Callao,Villa Maria Del Triunfo,37.44,37.2,118,12,130,3.0,MINIBUS (M2-M3),AVENIDA PACASMAYO / AVENIDA CANTA CALLAO,JIRON INDEPENDENCIA / AVENIDA VILLA MARIA,39,40,AVENIDA PACASMAYO > AVENIDA TOMAS VALLE > PROLONGACION AVENIDA PERU > AVENIDA PERU > BY PASS AVENIDA PERU > AVENIDA PERU > AVENIDA CANADA > PUENTE DUEÑAS > AVENIDA NICOLAS DUEÑAS > AVENIDA OSCAR RAIMUNDO BENAVIDES > AVENIDA NACIONES UNIDAS > AVENIDA REPUBLICA DE VENEZUELA > PUENTE TINGO MARIA > AVENIDA ARICA > PLAZA FRANCISCO BOLOGNESI > AVENIDA GUZMAN BLANCO > OVALO JORGE CHAVEZ > AVENIDA GENERAL SALAVERRY > AVENIDA AUGUSTO PEREZ ARANIBAR > AVENIDA EL EJERCITO > OVALO FEDERICO VILLARREAL > AVENIDA EL EJERCITO > PLAZA CENTRO AMERICA > AVENIDA JOSE PARDO > PLAZA MORALES BARROS > AVENIDA JOSE PARDO > OVALO MIRAFLORES > AVENIDA DIAGONAL > MALECON 28 DE JULIO > AVENIDA ALFREDO BENAVIDES > OVALO LOS CABITOS > AVENIDA ALFREDO BENAVIDES > PUENTE BENAVIDES > AVENIDA LA GREVILLEA > AVENIDA AGUSTIN LA ROSA LOZANO > AVENIDA DEFENSORES LIMA > AVENIDA NICOLAS DE PIEROLA > AVENIDA EL TRIUNFO > JIRON INDEPENDENCIA,AVENIDA VILLA MARIA > AVENIDA NICOLAS DE PIEROLA > AVENIDA DEFENSORES DE LIMA > AVENIDA AGUSTIN LA ROSA LOZANO > JIRON CERRO LINDO > AVENIDA CIRCUNVALACION > PUENTE BENAVIDES > AVENIDA ALFREDO BENAVIDES > OVALO LOS CABITOS > AVENIDA ALFREDO BENAVIDES > AVENIDA JOSE LARCO > OVALO MIRAFLORES > AVENIDA JOSE PARDO > PLAZA MORALES BARROS > AVENIDA JOSE PARDO > PLAZA CENTRO AMERICA > AVENIDA DEL EJERCITO > OVALO FEDERICO VILLARREAL > AVENIDA DEL EJERCITO > AVENIDA AUGUSTO PEREZ ARANÍBAR > AVENIDA GENERAL SALAVERRY > OVALO JORGE CHAVEZ > AVENIDA GUZMAN BLANCO > PLAZA FRANCISCO BOLOGNESI > AVENIDA ARICA > JIRON AGUARICO > AVENIDA REPUBLICA VENEZUELA > PUENTE TINGO MARIA > AVENIDA PROLONGACION ARICA > AVENIDA NACIONES UNIDAS > AVENIDA OSCAR RAIMUNDO BENAVIDES > AVENIDA NICOLAS DUEÑAS > PUENTE DUEÑAS > AVENIDA CANADA > AVENIDA PERU > BY PASS AVENIDA PERU > AVENIDA PERU > PROLONGACION AVENIDA PERU > AVENIDA TOMAS VALLE > AVENIDA PACASMAYO,RUTA_IO30B_1298.pdf,
1299,IO32B,"EMP.D TRNSP.,SV.Y COM.GALILEA EXPRESS SA",Ventanilla,San Juan De Lurigancho,37.2,35.2,63,7,70,4.0,OMNIBUS (M3),CALLE CENTRAL / CALLE HUANCAVELICA,AVENIDA FERNANDO WIESSE / AVENIDA JOSE CARLOS MARIATEGUI,21,20,CALLE CENTRAL > AVENIDA DEL BIERZO > AVENIDA CORONEL NESTOR GAMBETTA > OVALO 200 MILLAS > AVENIDA ELMER FAUCETT > OVALO AEROPUERTO > AVENIDA TOMAS VALLE > PROLONGACIÓN AVENIDA PERU > AVENIDA PERU > JIRON RIOBAMBA > AVENIDA AUGUSTO B. LEGUIA > JIRON PEDREGAL > VIA DE EVITAMIENTO > AVENIDA PRIMERO DE MAYO > AVENIDA JOSE CARLOS MARIATEGUI > JIRON CHINCHAYSUYO > CALLE SAN AURELIO > AVENIDA LURIGANCHO > AVENIDA 13 DE ENERO > AVENIDA JORGE BASADRE ESTE > AVENIDA FERNANDO WIESSE,AVENIDA FERNANDO WIESSE > AVENIDA PROCERES DE LA INDEPENDENCIA > AVENIDA JORGE BASADRE ESTE > AVENIDA 13 DE ENERO > AVENIDA LURIGANCHO > AVENIDA PIRAMIDE DEL SOL > JIRON INDEPENDENCIA > VIA DE EVITAMIENTO > AVENIDA PANAMERICANA NORTE > CALLE SAN PAULO > JIRON RIOBAMBA > AVENIDA PERU > PROLONGACIÓN AVENIDA PERU > AVENIDA TOMAS VALLE > OVALO AEROPUERTO > AVENIDA ELMER FAUCETT > OVALO 200 MILLAS > AVENIDA CORONEL NESTOR GAMBETTA > AVENIDA DEL BIERZO > CALLE CENTRAL,RUTA_IO32B_1299.pdf,
1300,IO37B,CONSORCIO ROMA,Ventanilla,San Juan De Lurigancho,62.17,61.9,129,13,142,4.0,OMNIBUS (M3),AVENIDA SANTA ROSA / CALLE LOS QUIPUS,CALLE LAS LOMAS / CALLE SN (ALT. PARADERO DE LA ROMA),47,44,AVENIDA SANTA ROSA > AVENIDA 150 IZQUIERDA > AVENIDA 190 > CALLE 42 > AVENIDA 150 IZQUIERDA > AVENIDA CAMINOS DEL INCA IZQUIERDA > AVENIDA ACCESO A > AVENIDA PLAYA LOS DELFINES > AVENIDA LA PLAYA > AVENIDA CORONEL NESTOR GAMBETTA > OVALO CANTOLAO > AVENIDA ELMER FAUCETT > OVALO AEROPUERTO > AVENIDA ELMER FAUCETT > PUENTE ELMER FACUCETT > AVENIDA ELMER FAUCETT > AVENIDA DE LOS PRECURSORES > AVENIDA PARQUE DE LAS LEYENDAS > AVENIDA MARISCAL JOSE DE LA MAR > AVENIDA MANUEL CIPRIANO DULANTO > AVENIDA ANTONIO JOSE DE SUCRE > AVENIDA SIMON BOLIVAR > AVENIDA BRASIL > AVENIDA 28 DE JULIO > PLAZA JORGE CHAVEZ > AVENIDA 28 DE JULIO > AVENIDA JOSE GALVEZ > AVENIDA JAIME BAUZATE Y MEZA > JIRON HUANUCO > AVENIDA ALMIRANTE MIGUEL GRAU > JIRON JUNIN > AVENIDA SEBASTIAN LORENTE > JIRON ANCASH > OVALO LA PAZ > AVENIDA JOSE CARLOS MARIATEGUI > PUENTE CHINCHAYSUYO > JIRON CHINCHAYSUYO > JIRON SAN AURELIO > AVENIDA LURIGANCHO > AVENIDA 13 DE ENERO > AVENIDA JORGE BASADRE ESTE > AVENIDA PROCERES DE INDEPENDENCIA > AVENIDA FERNANDO WIESSE > AVENIDA AMPLIACION OESTE > AVENIDA PAMPA ALTA > PASAJE 16 > CALLE LAS LOMAS,CALLE LAS LOMAS > PASAJE 16 > AVENIDA PAMPA ALTA > AVENIDA AMPLIACIONES OESTE > AVENIDA FERNANDO WIESSE > AVENIDA PROCERES DE LA INDEPENDENCIA > AVENIDA JORGE BASADRE ESTE > AVENIDA 13 DE ENERO > AVENIDA LURIGANCHO > AVENIDA PIRAMIDE DEL SOL > PUENTE PIRAMIDE DEL SOL > AVENIDA JOSE CARLOS MARIATEGUI > OVALO LA PAZ > JIRON ANCASH > AVENIDA SEBASTIAN LORENTE > AVENIDA ALMIRANTE MIGUEL GRAU > AVENIDA AVIACION > AVENIDA 28 DE JULIO > PLAZA JORGE CHAVEZ > AVENIDA 28 DE JULIO > AVENIDA BRASIL > AUXILIAR AVENIDA BRASIL > AVENIDA SIMON BOLIVAR > AVENIDA ANTONIO JOSE DE SUCRE > AVENIDA MANUEL CIPRIANO DULANTO > AVENIDA MARISCAL JOSE LA MAR > AVENIDA PARQUE DE LAS LEYENDAS > AVENIDA DE LOS PRECURSORES > AVENIDA ELMER FAUCETT > PUENTE ELMER FAUCETT > AVENIDA ELMER FAUCETT > OVALO AEROPUERTO > AVENIDA ELMER FAUCETT > OVALO CANTOLAO > AVENIDA CORONEL NESTOR GAMBETTA > AVENIDA LA PLAYA > AVENIDA PLAYA LOS DELFINES > AVENIDA ACCESO A > AVENIDA CAMINOS DEL INCA IZQUIERDA > AVENIDA 150 IZQUIERDA > CALLE 42 > AVENIDA 190 > AVENIDA 150 IZQUIERDA > AVENIDA SANTA ROSA,RUTA_IO37B_1300.pdf,
1301,IO50,EMPRESA DE TRANSPORTE PUBLICO EL MIRADOR S.A.C.,San Juan De Miraflores,Callao,38.73,38.46,72,8,80,8.0,MINIBUS (M2-M3),AVENIDA MARIANO PASTOR SEVILLA / AVENIDA LOS GERANIOS,CALLEJON VILLEGAS / PASAJE 3,55,50,"AVENIDA MARIANO PASTOR SEVILLA > AVENIDA CESAR CANEVARO > AVENIDA RAMON VARGAS MACHUCA > AVENIDA SAN JUAN > AVENIDA DEFENSORES DE LIMA > AVENIDA AGUSTIN LA ROSA LOZANO > JIRON CERRO LINDO > AVENIDA CIRCUNVALACION > PUENTE BENAVIDES > AVENIDA ALFREDO BENAVIDES > AVENIDA CAMINOS DEL INCA > AVENIDA HIGUERETA > AVENIDA PEDRO VENTURO > AVENIDA MANUEL VILLARAN > AVENIDA GENERAL ERNESTO MONTAGNE > AVENIDA ROCA Y BOLOÑA > AVENIDA RICARDO PALMA > PUENTE RICARDO PALMA > AVENIDA RICARDO PALMA > OVALO DE MIRAFLORES > AVENIDA JOSE PARDO > PLAZA MORALES BARROS > AVENIDA MARISCAL LA MAR > AVENIDA HIPOLITO UNANUE > AVENIDA GENERAL CORDOVA > AVENIDA BELEN > AVENIDA GENERAL JUAN ANTONIO PEZET > AVENIDA GENERAL SALAVERRY > AVENIDA FAUSTINO SANCHEZ CARRION > AVENIDA GREGORIO ESCOBEDO > JIRON HUIRACOCHA > AVENIDA SAN FELIPE > AVENIDA GENERAL SALAVERRY > PLAZA JORGE CHAVEZ > AVENIDA GUZMAN BLANCO > PLAZA FRANCISCO BOLOGNESI > AVENIDA ARICA > JIRON AGUARICO > JIRON RECUAY > JIRON FULGENCIO VALDEZ > JIRON NAPO > JIRON GENERAL ORBEGOZO > AVENIDA TINGO MARIA > AVENIDA ALEJANDRO BERTELLO > AVENIDA LA ALBORADA > AVENIDA MARIANO CORNEJO > AVENIDA UNIVERSITARIA > ACCESO AVENIDA REPUBLICA DE VENEZUELA > AVENIDA REPUBLICA DE VENEZUELA > AVENIDA REPUBLICA DE VENEZUELA (VUELTA EN ""U"" ALT. AVENIDA SANTA BERNARDITA) > AVENIDA REPUBLICA DE VENEZUELA > OVALO JUAN PABLO II > AVENIDA JUAN PABLO II > AVENIDA COMANDANTE PEREZ SALMON > CALLEJON VILLEGAS","CALLEJON VILLEGAS > AVENIDA COMANDANTE PEREZ SALMON > AVENIDA JUAN PABLO II > OVALO JUAN PABLO II > AVENIDA REPUBLICA DE VENEZUELA > AVENIDA UNIVERSITARIA > AVENIDA MARIANO CORNEJO > AVENIDA LA ALBORADA > AVENIDA ALEJANDRO BERTELLO > AVENIDA TINGO MARIA > JIRON CHAMAYA > AVENIDA ARICA > PLAZA FRANCISCO BOLOGNESI > AVENIDA GUZMAN BLANCO > PLAZA JORGE CHAVEZ > AVENIDA GENERAL SALAVERRY > AVENIDA SAN FELIPE > JIRON HUASCAR > AVENIDA GIUSEPPE GARIBALDI > AVENIDA GREGORIO ESCOBEDO > AVENIDA JUAN DE ALIAGA > AVENIDA JUAN DE ALIAGA (VUELTA EN ""U"" ALT. JIRON TOMAS RAMSEY) > AVENIDA JUAN DE ALIAGA > AVENIDA FAUSTINO SANCHEZ CARRION > AVENIDA GENERAL SALAVERRY > AVENIDA GENERAL JUAN ANTONIO PEZET > AVENIDA BELEN > AVENIDA GENERAL CORDOVA > PARQUE CONTRALMIRANTE DE MORA > AVENIDA ANGAMOS OESTE > AVENIDA COMANDANTE ESPINAR > AVENIDA JOSE PARDO > OVALO DE MIRAFLORES > AVENIDA RICARDO PALMA > PUENTE RICARDO PALMA > AVENIDA RICARDO PALMA > AVENIDA ROCA Y BOLOÑA > AVENIDA GENERAL ERNESTO MONTAGNE > AVENIDA MANUEL VILLARAN > AVENIDA PEDRO VENTURO > AVENIDA HIGUERETA > AVENIDA CAMINOS DEL INCA > AVENIDA ALFREDO BENAVIDES > PUENTE BENAVIDES > AVENIDA LA GREVILLEA > AVENIDA DEFENSORES DE LIMA > AVENIDA SAN JUAN > AVENIDA RAMON VARGAS MACHUCA > AVENIDA CESAR CANEVARO > AVENIDA MARIANO PASTOR SEVILLA",RUTA_IO50_1301.pdf,
1302,IO52,TRANSPORTES HUASCAR S.A.,San Juan De Lurigancho,Callao,35.62,35.84,108,11,119,3.0,OMNIBUS (M3),CALLE ALAMEDA DE LA AMISTAD / AVENIDA CANTORAL,AVENIDA REPUBLICA DE ARGENTINA / JIRON EL SOL,41,43,CALLE ALAMEDA DE LA AMISTAD > AVENIDA EL MURO OESTE > AVENIDA FERNANDO WIESSE > AVENIDA JOSE CARLOS MARIATEGUI > AVENIDA CANTO GRANDE > AVENIDA LAS FLORES DE PRIMAVERA > AVENIDA LIMA > AVENIDA PROCERES DE LA INDEPENDENCIA > OVALO DE ZARATE > AVENIDA 09 DE OCTUBRE > JIRON CAJAMARCA > AVENIDA FRANCISCO PIZARRO > JIRON PIÑONATE > AVENIDA LOS PROCERES > AVENIDA CAQUETA > PUENTE CAQUETA > AVENIDA ALFONSO UGARTE > PUENTE DEL EJERCITO > AVENIDA ALFONSO UGARTE > PLAZA RAMON CASTILLA > AVENIDA ALFONSO UGARTE > PLAZA 2 DE MAYO > AVENIDA ALFONSO UGARTE > AVENIDA REPUBLICA DE VENEZUELA > PUENTE TINGO MARIA > AUXILIAR AVENIDA TINGO MARIA > AVENIDA TINGO MARIA > PLAZA DE LA BANDERA > AVENIDA JOSE DE SAN MARTIN > AVENIDA ANTONIO JOSE DE SUCRE > OVALO INDEPENDENCIA > AVENIDA ANTONIO JOSE DE SUCRE > JIRON SALAVERRY > JIRON FEDERICO GALLESE TARICCHI > AVENIDA LA PAZ > AVENIDA VICTOR RAUL HAYA DE LA TORRE > AVENIDA DEL PESCADOR > CALLE 2A > AVENIDA JUAN VELASCO ALVARADO > AVENIDA DE LOS INSURGENTES > AVENIDA REPUBLICA DE ARGENTINA,AVENIDA REPUBLICA DE ARGENTINA > AVENIDA DE LOS INSURGENTES > AVENIDA JUAN VELASCO ALVARADO > CALLE 2A > AVENIDA DEL PESCADOR > AVENIDA VICTOR RAUL HAYA DE LA TORRE > AVENIDA LA PAZ > PASAJE SAN LUIS > AVENIDA COSTANERA > AVENIDA JUAN BERTOLOTTO NEGRO > JIRON COMANDANTE ESPINAR > AVENIDA ANTONIO JOSE DE SUCRE > OVALO INDEPENDENCIA > AVENIDA ANTONIO JOSE DE SUCRE > AVENIDA JOSE DE SAN MARTIN > PLAZA DE LA BANDERA > AVENIDA TINGO MARIA > AUXILIAR AVENIDA TINGO MARIA > AVENIDA ARICA > AVENIDA BOLIVIA > AVENIDA ALFONSO UGARTE > PLAZA 2 DE MAYO > AVENIDA ALFONSO UGARTE > PLAZA RAMON CASTILLA > AVENIDA ALFONSO UGARTE > PUENTE DEL EJERCITO > AVENIDA CAQUETA > PUENTE CAQUETA > JIRON CARLOS ARRIETA > AVENIDA DE LOS PROCERES > JIRON VIRU > JIRON CHICLAYO > JIRON LORETO > AVENIDA 09 DE OCTUBRE > OVALO DE ZARATE > AVENIDA PROCERES DE LA INDEPENDENCIA > AVENIDA LIMA > AVENIDA LAS FLORES DE PRIMAVERA > AVENIDA CANTO GRANDE > AVENIDA JOSE CARLOS MARIATEGUI > AVENIDA FERNANDO WIESSE > AVENIDA EL MURO OESTE > CALLE ALAMEDA DE LA AMISTAD,RUTA_IO52_1302.pdf,
1303,IO55,EXPRESO NUEVA LIMA S.A.C,Ventanilla,Ate,57.24,57.36,72,8,80,4.0,OMNIBUS (M3),PROLONGACION AVENIDA 225 / CALLE HUAYNA CAPAC,ACCESO AVENIDA LAS TORRES / AVENIDA PEDRO RUIZ GALLO,40,39,PROLONGACION AVENIDA 225 > CALLE 44 > AVENIDA 200 MILLAS > AVENIDA INCA GARCILAZO > CALLE SACSAYHUAMAN > AVENIDA LOS CONSTRUCTORES > AVENIDA CAMINOS DEL INCA DERECHA > AVENIDA ACCESO A > AVENIDA PLAYA LOS DELFINES > AVENIDA LA PLAYA > OVALO VENTANILLA > AVENIDA CORONEL NESTOR GAMBETTA > OVALO CANTOLAO > AVENIDA ELMER FAUCETT > OVALO AEROPUERTO > AVENIDA TOMAS VALLE > PROLONGACION AVENIDA PERU > AVENIDA PERU > BY PASS AVENIDA PERU > AVENIDA PERU > AVENIDA CANADA > PUENTE DUEÑAS > AVENIDA NICOLAS DUEÑAS > AVENIDA REPUBLICA DE ARGENTINA > JIRON RAMON CARCAMO > AVENIDA OSCAR RAIMUNDO BENAVIDES > PLAZA 2 DE MAYO > AVENIDA ALFONSO UGARTE > PLAZA FRANCISCO BOLOGNESI > AVENIDA 9 DE DICIEMBRE > PLAZA MIGUEL GRAU > VIA EXPRESA ALMIRANTE MIGUEL GRAU > AVENIDA ALMIRANTE MIGUEL GRAU > AVENIDA ALTO DE LA ALIANZA > JIRON ANTONIO RAIMONDI > AVENIDA NICOLAS DE AYLLON > CARRETERA CENTRAL > AUXILIAR CARRETERA CENTRAL (BY PASS JAVIER PRADO) > CARRETERA CENTRAL > ACCESO AVENIDA LAS TORRES,AVENIDA PEDRO RUIZ GALLO > AVENIDA LAS TORRES > CARRETERA CENTRAL > AUXILIAR CARRETERA CENTRAL (BY PASS JAVIER PRADO) > CARRETERA CENTRAL > AVENIDA NICOLAS AYLLON > AVENIDA ALMIRANTE MIGUEL GRAU > VIA EXPRESA ALMIRANTE MIGUEL GRAU > PLAZA MIGUEL GRAU > AVENIDA 9 DE DICIEMBRE > PLAZA FRANCISCO BOLOGNESI > AVENIDA ALFONSO UGARTE > PLAZA 2 DE MAYO > AVENIDA OSCAR RAIMUNDO BENAVIDES > JIRON RAMON CARCAMO > AVENIDA REPUBLICA DE ARGENTINA > AVENIDA NICOLAS DUEÑAS > PUENTE DUEÑAS > AVENIDA CANADA > AVENIDA PERU > BY PASS AVENIDA PERU > AVENIDA PERU > PROLONGACION AVENIDA PERU > AVENIDA TOMAS VALLE > OVALO AEROPUERTO > AVENIDA ELMER FAUCETT > OVALO CANTOLAO > AVENIDA CORONEL NESTOR GAMBETTA > OVALO VENTANILLA > AVENIDA LA PLAYA > AVENIDA PLAYA LOS DELFINES > AVENIDA ACCESO A > AVENIDA CAMINOS DEL INCA DERECHA > AVENIDA LOS CONSTRUCTORES > CALLE SACSAYHUAMAN > AVENIDA INCA GARCILAZO > AVENIDA 200 MILLAS > CALLE 44 > PROLONGACION AVENIDA 225,RUTA_IO55_1303.pdf,
1304,IO57B,C.T.I. CORPORACION SAC.,Pachacamac,La Punta,43.93,43.83,80,8,88,3.0,MINIBUS (M2-M3),AVENIDA VICTOR MALASQUEZ / CALLE LAS RETAMAS,JIRON MEDINA / AVENIDA ALMIRANTE MIGUEL GRAU,35,32,AVENIDA VICTOR MALASQUEZ > ACCESO A LOS HUERTOS DE MANCHAY > AVENIDA LA MOLINA > AVENIDA LA UNIVERSIDAD > AVENIDA LA MOLINA > OVALO LA FONTANA > AVENIDA LA MOLINA > CARRETERA CENTRAL > PUENTE SANTA ANITA > AVENIDA NICOLAS AYLLON > AVENIDA LAS TORRES > AVENIDA MARISCAL DOMINGO NIETO > AVENIDA CIRCUNVALACION > AUXILIAR AVENIDA CIRCUNVALACION > AVENIDA CANADA > PUENTE CANADA > AVENIDA JOSE PARDO DE ZELA > AVENIDA CESAR CANEVARO > JIRON MANCO SEGUNDO > AVENIDA GENERAL SALAVERRY > AVENIDA SAN FELIPE > AVENIDA MANUEL L. VIVANCO > AVENIDA JOSE ANTONIO DE SUCRE > AVENIDA MANUEL CIPRIANO DULANTO > AVENIDA PROLONGACION JOSE DE LA MAR > AVENIDA LAS LEYENDAS > AVENIDA DE LOS PRECURSORES > AVENIDA LOS INSURGENTES > AVENIDA LA MARINA > OVALO JUAN PABLO II > AVENIDA GUARDIA CHALACA > AVENIDA ALMIRANTE MIGUEL GRAU > JIRON GENERAL VALLE > AVENIDA CORONEL BOLOGNESI > JIRON MEDINA,AVENIDA ALMIRANTE MIGUEL GRAU > PLAZA JOSE GALVEZ > AVENIDA ALMIRANTE MIGUEL GRAU > AVENIDA GUARDIA CHALACA > OVALO JUAN PABLO II > AVENIDA LA MARINA > AVENIDA ELMER FAUCETT > AVENIDA DE LOS PRECURSORES > AVENIDA LAS LEYENDAS > AVENIDA PROLONGACION JOSE DE LA MAR > AVENIDA MANUEL CIPRIANO DULANTO > JIRON AGUSTIN GAMARA > AVENIDA MANUEL L. VIVANCO > AVENIDA SAN FELIPE > JIRON PACHACUTEC > AVENIDA CESAR CANEVARO > AVENIDA JOSE PARDO DE ZELA > PUENTE CANADA > AVENIDA CANADA > AVENIDA CIRCUNVALACION > AUXILIAR AVENIDA CIRCUNVALACION > AVENIDA MARISCAL DOMINGO NIETO > AVENIDA LAS TORRES > AVENIDA NICOLAS AYLLON > CARRETERA CENTRAL > AVENIDA LA MOLINA > OVALO LA FONTANA > AVENIDA LA MOLINA > AVENIDA LA UNIVERSIDAD > AVENIDA LA MOLINA > ACCESO A LOS HUERTOS DE MANCHAY > AVENIDA VICTOR MALASQUEZ,RUTA_IO57B_IM44.pdf,Archivo mal nombrado: RUTA_IO57B_IM44.pdf
1305,IO63,EMPRESA DE TRANSPORTES EL CARMEN DE LA PUNTA S.A.,Ate,La Punta,30.51,30.11,61,7,68,4.0,OMNIBUS (M3),AVENIDA LAS GAVIOTAS / CALLE EL ROSAL DE SANTA ANITA,JIRON MEDINA / AVENIDA ALMIRANTE MIGUEL GRAU,35,32,AVENIDA LAS GAVIOTAS > CALLE PRIMERO DE MAYO > CALLE 10 > CALLE CAMINO REAL > AVENIDA FERROCARRIL > AVENIDA LA ENCALADA > AVENIDA LOS CHANCAS DE ANDAHUAYLAS > AVENIDA LOS RUISEÑORES > AVENIDA LOS EUCALIPTOS > AVENIDA JOSE CARLOS MARIATEGUI > AVENIDA TUPAC AMARU > AVENIDA CAMINO REAL > AVENIDA CESAR VALLEJO > OVALO LA PAZ > AVENIDA JOSE DE LA RIVA AGÜERO > AVENIDA INCA RIPAC > JIRON CAJACAY > AVENIDA ALMIRANTE MIGUEL GRAU > VIA EXPRESA ALMIRANTE MIGUEL GRAU > PLAZA MIGUEL GRAU > AV. 9 DE DICIEMBRE > PLAZA FRANCISCO BOLOGNESI > AVENIDA ARICA > JIRON AGUARICO > AVENIDA REPUBLICA DE VENEZUELA > AVENIDA UNIVERSITARIA > AVENIDA RAMON HERRERA > AV. OSCAR RAIMUNDO BENAVIDES > AVENIDA SAENZ PEÑA > JIRON PAZ SOLDAN > AVENIDA ALMIRANTE MIGUEL GRAU > AVENIDA ESTADOS UNIDOS > AVENIDA AGUSTIN GAMARRA > AVENIDA CRONEL BOLOGNESI > JIRON MEDINA,AVENIDA ALMIRANTE MIGUEL GRAU > CALLE VALLE > AVENIDA AGUSTIN GAMARRA > AVENIDA ESTADOS UNIDOS > AVENIDA ALMIRANTE MIGUEL GRAU > AVENIDA REPUBLICA DE PANAMA > AVENIDA SAENZ PEÑA > AV. OSCAR RAIMUNDO BENAVIDES > AVENIDA AURELIO GARCIA Y GARCIA > AVENIDA REPUBLICA DE VENEZUELA > AVENIDA ARICA > PLAZA FRANCISCO BOLOGNESI > AV. 9 DE DICIEMBRE > PLAZA MIGUEL GRAU > VIA EXPRESA ALMIRANTE MIGUEL GRAU > AVENIDA ALMIRANTE MIGUEL GRAU > JIRON OCROS > AVENIDA TUPAC AMARU > AVENIDA JOSE DE LA RIVA AGÜERO > OVALO LA PAZ > AVENIDA CESAR VALLEJO > CALLE MARIA PADARO DE BELLIDO > JIRON CIRO ALEGRIA > AVENIDA LOS EUCALIPTOS > AVENIDA LOS RUISEÑORES > AVENIDA LOS CHANCAS DE ANDAHUAYLAS > AVENIDA LA ENCALADA > AVENIDA FERROCARRIL > CALLE CAMINO REAL > CALLE 10 > CALLE PRIMERO DE MAYO > AVENIDA LAS GAVIOTAS,RUTA_IO63_1305.pdf,
1307,IO68,EMPRESA DE TRANSPORTES Y TURISMO CALIFORNIA SIGLO XXI S.A.C.,Callao,Ate,38.61,38.38,54,6,60,4.0,MINIBUS (M2-M3),AVENIDA TOMAS VALLE / AVENIDA PACASMAYO,AVENIDA JOSE CARLOS MARIATEGUI / CALLE SN (MERCADO 24 DE JUNIO - HUAYCAN ZONA Q),22,24,AVENIDA TOMAS VALLE > PROLONGACION AVENIDA PERU > AVENIDA PERU > PUENTE AVENIDA PERU > AVENIDA PERU > JIRON RIOBAMBA > AVENIDA AUGUSTO B. LEGUIA > JIRON PEDREGAL > AVENIDA ZARUMILLA > CARRETERA PANAMERICANA NORTE > VIA DE EVITAMIENTO > PUENTE HUASCAR > VIA DE EVITAMIENTO > AVENIDA 1 DE MAYO > VA DE EVITAMIENTO > ACCESO NICOLAS DE AYLLON > AVENIDA NICOLAS DE AYLLON > CARRETERA CENTRAL > AUXILIAR CARRETERA CENTRAL (BY PASS JAVIER PRADO) > CARRETERA CENTRAL > VIA DE ACCESO A HUAYCAN > AVENIDA JOSE CARLOS MARIATEGUI,AVENIDA JOSE CARLOS MARIATEGUI > AVENIDA ANDRES AVELINO CACERES > CALLE ROSARIO > AVENIDA JOSE CARLOS MARIATEGUI > VIA DE ACCESO A HUAYCAN > CARRETERA CENTRAL > AUXILIAR CARRETERA CENTRAL (BY PASS JAVIER PRADO) > CARRETERA CENTRAL > ACCESO VIA DE EVITAMIENTO > VIA DE EVITAMIENTO > AVENIDA INDEPENDENCIA > VIA DE EVITAMIENTO > PUENTE HUASCAR > VIA DE EVITAMIENTO > CARRETERA PANAMERICANA NORTE > AVENIDA ZARUMILLA > AVENIDA SAN MARTIN > CALLE SAO PAULO > JIRON RIOBAMBA > AVENIDA PERU > PUENTE AVENIDA PERU > AVENIDA PERU > PROLONGACION AVENIDA PERU > AVENIDA TOMAS VALLE,RUTA_IO68_1307.pdf,
1309,OM18,HOLDING REAL EXPRESS,Callao,Santiago De Surco,29.36,29.08,45,5,50,7.0,MINIBUS (M2-M3),AVENIDA PACASMAYO / AVENIDA CANTA CALLAO,AVENIDA CAMINOS DEL INCA / CALLE LOMA UMBROSA,35,31,AVENIDA PACASMAYO > AVENIDA TOMAS VALLE > OVALO AEROPUERTO > AVENIDA ELMER FAUCETT > PUENTE ELMER FACUETT > AVENIDA ELMER FAUCETT > AVENIDA DE LOS PRECURSORES > AVENIDA DE LOS INSURGENTES > AVENIDA LA LIBERTAD > CALLE 28 DE JULIO > AVENIDA LA PAZ > PASAJE SAN LUIS > AVENIDA COSTANERA > AVENIDA JUAN BERTOLOTTO NEGRO > JIRON COMANDANTE ESPINAR > AVENIDA ANTONIO JOSE DE SUCRE > JIRON DIEGO FERRE > AVENIDA DEL EJERCITO > OVALO FEDERICO VILLAREAL > CALLE 8 DE OCTUBRE > CALLE GENERAL FEDERICO MENDIBURÚ > CALLE 2 DE MAYO > CALLE GENERAL PERSHING > CALLE GENERAL SUAREZ > CALLE LEONCIO PRADO > AVENIDA PASEO DE LA REPUBLICA > AVENIDA RICARDO PALMA > AVENIDA ANDRES AVELINO CACERES > AVENIDA REPUBLICA DE PANAMA > AVENIDA ALFREDO BENAVIDES > OVALO CABITOS > AVENIDA ALFREDO BENAVIDES > JIRON MORRO SOLAR > AVENIDA LAS NAZARENAS > AVENIDA CAMINOS DEL INCA,AVENIDA CAMINOS DEL INCA > AVENIDA ALFREDO BENAVIDES > OVALO LOS CABITOS > AVENIDA ALFREDO BENAVIDES > AVENIDA REPUBLICA DE PANAMA > AVENIDA ANDRES AVELINO CACERES > AVENIDA RICARDO PALMA > AVENIDA PETIT THOUARS > JIRON GONZALES PRADA > CALLE TENIENTE ENRIQUE PALACIOS > AVENIDA COMANDANTE ESPINAR > CALLE TENIENTE ENRIQUE PALACIOS > AVENIDA MARISCAL LA MAR > AVENIDA FEDERICO VILLAREAL > OVALO FEDERICO VILLAREAL > AVENIDA DEL EJERCITO > JIRON DIEGO FERRE > AVENIDA DEL EJERCITO ANTONIO JOSE DE SUCRE > JIRON SALAVERRY > JIRON FEDERICO GALLESE TARICCHI > AVENIDA LA PAZ > CALLE GENERAL JOSE RUFINO ECHENIQUE BENAVENTE > JIRON LIBERTAD > AVENIDA DE LOS INSURGENTES > AVENIDA DE LOS PRECURSORES > AVENIDA ELMER FAUCETT > PUENTE ELMER FAUCETT > AVENIDA ELMER FAUCETT > OVALO AEROPUERTO > AVENIDA TOMAS VALLE > AVENIDA PACASMAYO,RUTA OM18_1309_VF.pdf,
1310,OM19,HOLDING REAL EXPRESS,Callao,Villa El Salvador,40.02,38.98,63,7,70,3.0,MINIBUS (M2-M3),AVENIDA REPUBLICA DE ARGENTINA / AVENIDA RIMAC,AVENIDA REVOLUCION / AVENIDA UNIVERSITARIA,48,42,AVENIDA REPUBLICA DE ARGENTINA > PLAZA FANNING > AVENIDA REPUBLICA DE ARGENTINA > PLAZA GARIBALDI > AVENIDA GUARDIA CHALACA > OVALO JUAN PABLO II > AVENIDA DE LA MARINA > AVENIDA VICTOR RAUL HAYA DE LA TORRE > AVENIDA LA PAZ > PASAJE SAN LUIS > AVENIDA COSTANERA > AVENIDA JUAN BERTOLOTTO NEGRO > JIRON COMANDANTE ESPINAR > AVENIDA ANTONIO JOSE DE SUCRE > JIRON DIEGO FERRE > AVENIDA DEL EJERCITO > AVENIDA AUGUSTO PEREZ ARANIBAR > AVENIDA DEL EJERCITO > OVALO VILLARREAL > AVENIDA DEL EJERCITO > PLAZA CENTRO AMERICA > AVENIDA JOSE PARDO > PLAZA MORALES BARROS > AVENIDA JOSE PARDO > OVALO DE MIRAFLORES > AVENIDA OSCAR R. BENAVIDES > MALECON 28 DE JULIO > AVENIDA ALFREDO BENAVIDES > OVALO LOS CABITOS > AVENIDA ALFREDO BENAVIDES > AVENIDA CAMINOS DEL INCA > AVENIDA LOS PROCERES > AVENIDA LOS PROCERES (VUELTA EN U ALT. ALMIRANTE CORONEL ANDRES RAZURI) > AVENIDA LOS PROCERES > AVENIDA SANTIAGO DE SURCO > PUENTE ATOCONGO > AVENIDA LOS HEROES > CALLE ANTONIO BUCKINGHAM > CALLE JOAQUIN BERNAL > AVENIDA SAN JUAN > AVENIDA RAMON VARGAS MACHUCA > AVENIDA CESAR CANEVARO > AVENIDA BELISARIO SUAREZ > AVENIDA MIGUEL IGLESIAS > AVENIDA MICAELA BASTIDAS > AVENIDA 200 MILLAS > OVALO LAS PALOMAS > AVENIDA REVOLUCION,AVENIDA REVOLUCION > OVALO LAS PALOMAS > AVENIDA 200 MILLAS > AVENIDA MICAELA BASTIDAS > AVENIDA MIGUEL IGLESIAS > AVENIDA BELISARIO SUAREZ > AVENIDA CESAR CANEVARO > AVENIDA RAMON VARGAS MACHUCA > AVENIDA SAN JUAN > AVENIDA LOS HEROES > PUENTE ATOCONGO > AVENIDA SANTIAGO DE SURCO > AVENIDA CAMINOS DEL INCA > AVENIDA ALFREDO BENAVIDES > OVALO LOS CABITOS > AVENIDA ALFREDO BENAVIDES > AVENIDA JOSE LARCO > OVALO DE MIRAFLORES > AVENIDA JOSE PARDO > PLAZA MORALES BARROS > AVENIDA JOSE PARDO > PLAZA CENTRO AMERICA > AVENIDA DEL EJERCITO > OVALO VILLARREAL > AVENIDA DEL EJERCITO > AVENIDA AUGUSTO PEREZ ARANIBAR > AVENIDA DEL EJERCITO > JIRON DIEGO FERRE > JIRON TACNA > JIRON SALAVERRY > JIRON FEDERICO GALLESE TARICCHI > AVENIDA LA PAZ > AVENIDA VICTOR RAUL HAYA DE LA TORRE > AVENIDA DE LA MARINA > OVALO JUAN PABLO II > AVENIDA GUARDIA CHALACA > PLAZA GARIBALDI > AVENIDA REPUBLICA DE ARGENTINA > PLAZA FANNING > AVENIDA REPUBLICA DE ARGENTINA > OVALO CENTENARIO > AVENIDA REPUBLICA DE ARGENTINA,RUTA_OM19_1310.pdf,
1311,OM21,HOLDING REAL EXPRESS,Los Olivos,Villa El Salvador,54.5,53.37,72,8,80,3.0,MINIBUS (M2-M3),AVENIDA LOS PROCERES DE HUANDOY /AVENIDA CENTRAL,AVENIDA MARIA REICHE/ AVENIDA LIMA (OVALO MARIA REICHE),51,48,AVENIDA LOS PROCERES DE HUANDOY > AVENIDA NARANJAL > OVALO DE CANTA CALLAO > AVENIDA CANTA CALLAO > AVENIDA PACASMAYO > AVENIDA TOMAS VALLE > PROLONGACION AVENIDA PERU > AVENIDA PERU > INTERCAMBIO VIAL PERU-UNIVERSITARIA > AVENIDA PERU > AVENIDA CANADA > PUENTE DUEÑAS > AVENIDA NICOLAS DUEÑAS > AVENIDA OSCAR RAIMUNDO BENAVIDES > AVENIDA NACIONES UNIDAS > AVENIDA REPUBLICA DE VENEZUELA > AVENIDA ARICA > PLAZA FRANCISCO BOLOGNESI > AVENIDA GUZMAN BLANCO > PLAZA JORGE CHAVEZ > AVENIDA GENERAL SALAVERRY > AVENIDA DEL EJERCITO > OVALO CENTRO AMERICA > AVENIDA JOSE PARDO > PLAZA MORALES BARROS > AVENIDA JOSE PARDO > OVALO MIRAFLORES > AVENIDA DIAGONAL > MALECON 28 DE JULIO > AVENIDA ALFREDO BENAVIDES > OVALO LOS CABITOS > AVENIDA ALFREDO BENAVIDES > AVENIDA CAMINOS DEL INCA > AVENIDA PROCERES (VUELTA EN U ALT. AVENIDA CORONEL JOSE ANDRES RAZURI) > AVENIDA PROCERES > AVENIDA SANTIAGO DE SURCO > PUENTE ATOCONGO > AVENIDA LOS HEROES > CALLE ANTONIO BUCKINGHAM > CALLE JOAQUIN BERNAL > AVENIDA SAN JUAN > AVENIDA RAMON VARGAS MACHUCA > AVENIDA CESAR CANEVARO > AVENIDA BELIZARIO SUAREZ > AVENIDA MIGUEL IGLESIAS > PROLONGACION MIGUEL IGLESIAS > AVENIDA MICAELA BASTIDAS > AVENIDA 200 MILLAS > OVALO LAS PALOMAS > AVENIDA REVOLUCION > AVENIDA MARIA REICHE,AVENIDA MARIA REICHE > AVENIDA REVOLUCION > OVALO LAS PALOMAS > AVENIDA 200 MILLAS > AVENIDA MICAELA BASTIDAS > PROLONGACION MIGUEL IGLESIAS > AVENIDA MIGUEL IGLESIAS > AVENIDA BELIZARIO SUAREZ > AVENIDA CESAR CANEVARO > AVENIDA RAMON VARGAS MACHUCA > AVENIDA SAN JUAN > AVENIDA LOS HEROES > PUENTE ATOCONGO > AVENIDA SANTIAGO DE SURCO > AVENIDA CAMINOS DEL INCA > AVENIDA ALFREDO BENAVIDES > OVALO LOS CABITOS > AVENIDA ALFREDO BENAVIDES > AVENIDA JOSE LARCO > OVALO MIRAFLORES > AVENIDA JOSE PARDO > PLAZA MORALES BARROS > AVENIDA JOSE PARDO > OVALO CENTRO AMERICA > AVENIDA DEL EJERCITO > AVENIDA GENERAL SALAVERRY > PLAZA JORGE CHAVEZ > AVENIDA GUZMAN BLANCO > PLAZA FRANCISCO BOLOGNESI > AVENIDA ARICA > JIRON AGUARICO > AVENIDA REPUBLICA DE VENEZUELA > AVENIDA ARICA > AVENIDA NACIONES UNIDAS > AVENIDA OSCAR RAIMUNDO BENAVIDES > AVENIDA DUEÑAS > PUENTE DUEÑAS > AVENIDA CANADA > AVENIDA PERU > INTERCAMBIO VIAL PERU-UNIVERSITARIA > AVENIDA PERU > PROLONGACION AVENIDA PERU > AVENIDA TOMAS VALLE > AVENIDA PACASMAYO > AVENIDA CANTA CALLAO > OVALO DE CANTA CALLAO > AVENIDA NARANJAL > AVENIDA LOS PROCERES DE HUANDOY,RUTA_OM21_1311.pdf,
1312,OM22,EMPRESA DE TRANSPORTES Y SERVICIOS LA MAR S.A.C.,Ventanilla,Ate,60.95,60.76,54,6,60,5.0,MINIBUS (M2-M3),AVENIDA SANTA ROSA - CALLE S/N (REF. ALT DE LA CALLE PUMACOCHA) - CIUDAD PACHACUTEC GRUPO 5,CARRETERA CENTRAL - AVENIDA LA MOLINA,47,51,AVENIDA SANTA ROSA > AVENIDA 150 IZQUIERDA > AVENIDA HUAYNA CAPAC > AVENIDA 225 > PROLONGACION AVENIDA 225 > OVALO LABARTHE > AVENIDA LOS TOPOGRAFOS > AVENIDA LOS ALISOS > CALLE EL SALVADOR > AVENIDA BOLIVIA > AVENIDA PACHACUTEC > AVENIDA CORONEL NESTOR GAMBETA > AUXILIAR CARRETERA PANAMERICANA NORTE > CARRETERA PANAMERICANA NORTE > PUENTE CHILLON > CARRETERA PANAMERICANA NORTE > OVALO INFANTAS > AVENIDA 2 DE OCTUBRE > AVENIDA CANTA CALLAO > OVALO CANTA CALLAO > AVENIDA CANTA CALLAO > AVENIDA ELMERT FAUCETT > OVALO AEROPUERTO > AVENIDA ELMERT FAUCETT > AVENIDA DE LOS PRECURSORES > AVENIDA PARQUE DE LAS LEYENDAS > PROLONGACION AVENIDA MARISCAL JOSE DE LA MAR > AVENIDA MANUEL CIPRIANO DULANTO > CALLE FIGARI > AVENIDA MANUEL CIPRIANO DULANTO > CALLE AGUSTIN GAMARRA > AVENIDA GENERAL MANUEL L. VIVANCO > AVENIDA SAN FELIPE > AVENIDA GENERAL SALAVERRY > AVENIDA GENERAL CESAR CANEVARO > AVENIDA JUAN PARDO DE ZELA > AVENIDA CANADA > AVENIDA CIRCUNVALACION > AVENIDA MARISCAL DOMINGO NIETO > AVENIDA DE LAS TORRES > AVENIDA LOS QUECHUAS > AVENIDA EUTERPE > AVENIDA SEPARADORA INDUSTRIAL > AVENIDA BENJAMIN FRANKLIN > AVENIDA SANTA ROSA > AVENIDA NICOLAS AYLLON > CARRETERA CENTRAL,CARRETERA CENTRAL > AVENIDA NICOLAS DE AYLLON > AVENIDA SANTA ROSA > AVENIDA BENJAMIN FRANKLIN > AVENIDA SEPARADORA INDUSTRIAL > AVENIDA TERSICORE > AVENIDA LOS QUECHUAS > CALLE LAS PUQUINAS > CALLE PAZ SOLDAN > CALLE LOS UROS > CALLE LOS CAPULIES > CALLE LAS RETAMAS > CALLE LAS TUNAS > VIA AUX. AVENIDA CIRCUNVALACION > ACC. A AV. CIRCUNVALACION (ALT. CA. LAS SAVILAS) > AVENIDA CIRCUNVALACION > AVENIDA CANADA > AVENIDA JUAN PARDO DE ZELA > AVENIDA GENERAL CESAR CANEVARO > AVENIDA GENERAL SALAVERRY > AVENIDA SAN FELIPE > AVENIDA GENERAL MANUEL L. VIVANCO > AVENIDA ANTONIO JOSE DE SUCRE > AVENIDA MANUEL CIPRIANO DULANTO > PROLONGACION AVENIDA MARISCAL JOSE DE LA MAR > AVENIDA PARQUE DE LAS LEYENDAS > AVENIDA DE LOS PRECURSORES > AVENIDA ELMER FAUCETT > OVALO AEROPUERTO > AVENIDA ELMER FAUCETT > AVENIDA CANTA CALLAO > OVALO CANTA CALLAO > AVENIDA CANTA CALLAO > AVENIDA 02 DE OCTUBRE > OVALO INFANTAS > CARRETERA PANAMERICANA NORTE > PUENTE CHILLON > CARRETERA PANAMERICANA NORTE > INTERCAMBIO VIAL CARRETERA > PANAMERICANA NORTE > AVENIDA CORONEL NESTOR GAMBETA > AVENIDA PACHACUTEC > AVENIDA BOLIVIA > CALLE EL SALVADOR > AVENIDA LOS TOPOGRAFOS > OVALO LABARTHE > PROLONGACION AVENIDA 225 > AVENIDA 225 > AVENIDA HUAYNA CAPAC > AVENIDA 150 IZQUIERDA > AVENIDA SANTA ROSA,RUTA OM22_1312.pdf,
1313,OM28,EMPRESA DE TRANSPORTES SEÑOR DEL MAR S.A.,La Punta,Santa Anita,30.16,31.33,84,9,93,5.0,MINIBUS (M2-M3),JIRON MEDINA / AVENIDA CORONEL FRANCISCO BOLOGNESI,AVENIDA LOS RUISEÑORES / AVENIDA HUANCARAY,28,34,JIRON MEDINA > AVENIDA ALMIRANTE MIGUEL GRAU > OVALO PACIFICO > AVENIDA ALMIRANTE MIGUEL GRAU > AVENIDA GUARDIA CHALACA > OVALO JUAN PABLO II > AVENIDA DE LA MARINA > AVENIDA ELMER FAUCETT > AVENIDA DE LOS PRECURSORES > AVENIDA PARQUE DE LAS LEYENDAS > AVENIDA MARISCAL JOSE DE LA MAR > AVENIDA MANUEL CIPRIANO DULANTO > AVENIDA ANTONIO JOSE DE SUCRE > JIRON JUNIN > AVENIDA JAVIER PRADO OESTE > AVENIDA GENERAL SALAVERRY > AVENIDA CESAR CANEVARO > AVENIDA JUAN PARDO DE ZELA > PUENTE CANADA > AVENIDA CANADA > AVENIDA CIRCUNVALACION > AVENIDA MARISCAL DOMINGO NIETO > AVENIDA LAS TORRES > AVENIDA SEPARADORA INDUSTRIAL > AVENIDA SANTA ROSA > AVENIDA NICOLAS AYLLON > CARRETERA CENTRAL > AVENIDA LOS RUISEÑORES,AVENIDA LOS RUISEÑORES > CARRETERA CENTRAL > AVENIDA NICOLAS DE AYLLON > AVENIDA SANTA ROSA > AVENIDA SEPARADORA INDUSTRIAL > AVENIDA LAS TORRES > AVENIDA MARISCAL DOMINGO NIETO > AVENIDA CIRCUNVALACION > AVENIDA CANADA > PUENTE CANADA > AVENIDA JUAN PARDO DE ZELA > AVENIDA CESAR CANEVARO > AVENIDA GENERAL FELIPE SALAVERRY > AVENIDA JAVIER PRADO OESTE > AVENIDA BRASIL > JIRON CUZCO > AVENIDA JOSE ANTONIO DE SUCRE > AVENIDA MANUEL CIPRIANO DULANTO > AVENIDA MARISCAL AGUSTIN GAMARRA > AVENIDA GENERAL MANUEL L. VIVANCO > AVENIDA JOSE ANTONIO DE SUCRE > AVENIDA MANUEL CIPRIANO DULANTO > AVENIDA MARISCAL JOSE DE LA MAR > AVENIDA PARQUE DE LAS LEYENDAS > AVENIDA DE LOS PRECURSORES > AVENIDA ELMER FAUCETT > AVENIDA DE LA MARINA > OVALO JUAN PABLO II > AVENIDA GUARDIA CHALACA > AVENIDA ALMIRANTE MIGUEL GRAU > OVALO PACIFICO > AVENIDA ALMIRANTE MIGUEL GRAU > CALLE VALLE > AVENIDA CORONEL FRANCISCO BOLOGNESI,RUTA_OM28_1313.pdf,
1314,OM36,CONSORCIO DE TRANSPORTE TRANSCASTEL,Callao,Villa El Salvador,23.95,22.9,29,3,32,8.0,MINIBUS (M2-M3),AVENIDA REPUBLICA DE ARGENTINA / AVENIDA REPUBLICA DE PANAMA (PLAZA FANNING),AVENIDA EL SOL / AVENIDA 17,48,39,"AVENIDA REPUBLICA DE ARGENTINA > PLAZA GARIBALDI > AVENIDA GUARDIA CHALACA > OVALO JUAN PABLO II > AVENIDA DE LA MARINA > AVENIDA VICTOR RAUL HAYA DE LA TORRE > AVENIDA LA PAZ > PASAJE SAN LUIS > AVENIDA COSTANERA > JIRON INDEPENDENCIA > AVENIDA LIMA > JIRON GENERALISIMO JOSE DE SAN MARTIN > AVENIDA LIMA > JIRON FRANCISCO BOLOGNESI > JIRON LIBERTAD > JIRON JUNIN > AVENIDA JAVIER PRADO OESTE > AVENIDA GENERAL SALAVERRY > AVENIDA AUGUSTO PEREZ ARANIBAR > AVENIDA DEL EJERCITO > OVALO FEDERICO VILLAREAL > AVENIDA DEL EJERCITO > PLAZA CENTRO AMERICA > AVENIDA JOSE PARDO > PLAZA MORALES BARROS > AVENIDA JOSE PARDO > OVALO MIRAFLORES > AVENIDA DIAGONAL > MALECON 28 DE JULIO > AVENIDA ALFREDO BENAVIDES > OVALO LOS CABITOS > AVENIDA ALFREDO BENAVIDES > AVENIDA CAMINOS DEL INCA > AVENIDA LOS PROCERES > AVENIDA LOS PROCERES (VUELTA EN ""U"" ALT. ALAMEDA CORONEL JOSE ANDRES RAZURI) > AVENIDA LOS PROCERES > AVENIDA SANTIAGO DE SURCO > PUENTE ATOCONGO > AVENIDA LOS HEROES > CALLE ANTONIO BUCKINGHAM > CALLE JOAQUIN BERNAL > AVENIDA SAN JUAN > AVENIDA RAMON VARGAS MACHUCA > AVENIDA CESAR CANEVARO > AVENIDA BELISARIO SUAREZ > AVENIDA MIGUEL IGLESIAS > AVENIDA MICAELA BASTIDAS > AVENIDA EL SOL",AVENIDA EL SOL > AVENIDA MICAELA BASTIDAS > AVENIDA MIGUEL IGLESIAS > AVENIDA BELISARIO SUAREZ > AVENIDA CESAR CANEVARO > AVENIDA RAMON VARGAS MACHUCA > AVENIDA SAN JUAN > AVENIDA LOS HEROES > PUENTE ATOCONGO > AVENIDA SANTIAGO DE SURCO > AVENIDA CAMINOS DEL INCA > AVENIDA ALFREDO BENAVIDES > OVALO LOS CABITOS > AVENIDA ALFREDO BENAVIDES > AVENIDA JOSE LARCO > OVALO MIRAFLORES > AVENIDA JOSE PARDO > PLAZA MORALES BARROS > AVENIDA JOSE PARDO > PLAZA CENTRO AMERICA > AVENIDA DEL EJERCITO > OVALO FEDERICO VILLAREAL > AVENIDA DEL EJERCITO > AVENIDA AUGUSTO PEREZ ARANIBAR > AVENIDA GENERAL SALAVERRY > AVENIDA JAVIER PRADO OESTE > VIA AUXILIAR AVENIDA BRASIL > JIRON MIGUEL GRAU > JIRON GENERALISIMO JOSE DE SAN MARTIN > JIRON TACNA > JIRON GENERAL JOSE DE LA MAR > JIRON FEDERICO GALLESE TARICCHI > AVENIDA LA PAZ > AVENIDA VICTOR RAUL HAYA DE LA TORRE > AVENIDA LA MARINA > OVALO JUAN PABLO II > AVENIDA GUARDIA CHALACA > PLAZA GARIBALDI > AVENIDA REPUBLICA DE ARGENTINA,RUTA_OM36_1314.pdf,
1315,OM37,HOLDING REAL EXPRESS,Callao,San Juan De Miraflores,22.09,21.69,59,6,65,6.0,OMNIBUS (M3),AVENIDA RIMAC / CALLE PUCALLPA,AVENIDA MIGUEL IGLESIAS / AVENIDA JOSE MARIA ARGUEDAS,49,45,"AVENIDA RIMAC > AVENIDA ARGENTINA > PLAZA FANNING > AVENIDA ARGENTINA > PLAZA GARIBALDI > AVENIDA GUARDIA CHALACA > OVALO JUAN PABLO II > AVENIDA DE LA MARINA > AVENIDA DE LOS INSURGENTES > JIRON LIBERTAD > CALLE 28 DE JULIO > AVENIDA LA PAZ > PASAJE SAN LUIS > AVENIDA LA COSTANERA > JIRON INDEPENDENCIA > AVENIDA LIMA > JIRON GENERALISIMO JOSE DE SAN MARTIN > AVENIDA LIMA > JIRON FRANCISCO BOLOGNESI > JIRON MARISCAL RAMON CASTILLA > JIRON JUNIN > AVENIDA JAVIER PRADO OESTE > AVENIDA GENERAL SALAVERRY > AVENIDA AGUSTO PEREZ ARANIBAR > AVENIDA DEL EJERCITO > OVALO FEDERICO VILLARREAL > AVENIDA DEL EJERCITO > OVALO CENTRO AMERICA > AVENIDA JOSE PARDO > OVALO MIRAFLORES > AVENIDA DIAGONAL > MALECON 28 DE JULIO > AVENIDA ALFREDO BENAVIDES > OVALO LOS CABITOS > AVENIDA ALFREDO BENAVIDES > AVENIDA CAMINOS DEL INCA > AVENIDA LOS PROCERES > AVENIDA LOS PROCERES (VUELTA EN ""U"" ALT. ALAMEDA CORONEL JOSE ANDRES RAZURI) > AVENIDA LOS PROCERES > AVENIDA SANTIAGO DE SURCO > PUENTE ATOCONGO > AVENIDA LOS HEROES > AVENIDA BUCKINGHAM > JIRON JOAQUIN BERNAL > AVENIDA SAN JUAN > AVENIDA VARGAS MACHUCA > AVENIDA CESAR CANEVARO > AVENIDA BELISARIO SUAREZ > AVENIDA MIGUEL IGLESIAS",AVENIDA MIGUEL IGLESIAS > AVENIDA BELISARIO SUAREZ > AVENIDA CESAR CANEVARO > AVENIDA VARGAS MACHUCA > AVENIDA SAN JUAN > AVENIDA LOS HEROES > PUENTE ATOCONGO > AVENIDA SANTIAGO DE SURCO > AVENIDA CAMINOS DEL INCA > AVENIDA ALFREDO BENAVIDES > OVALO LOS CABITOS > AVENIDA ALFREDO BENAVIDES > AVENIDA JOSE LARCO > OVALO MIRAFLORES > AVENIDA JOSE PARDO > PLAZA MORALES BARROS > AVENIDA JOSE PARDO > OVALO CENTRO AMERICA > AVENIDA DEL EJERCITO > OVALO FEDERICO VILLARREAL > AVENIDA DEL EJERCITO > AVENIDA AGUSTO PEREZ ARANIBAR > AVENIDA GENERAL SALAVERRY > AVENIDA JAVIER PRADO OESTE > VIA AUXILIAR AVENIDA BRASIL > JIRON CUZCO > JIRON LEONCIO PRADO > JIRON MIGUEL GRAU > JIRON TACNA > JIRON GENERAL JOSE DE LA MAR > JIRON FEDERICO GALLESE TARICCCHI > AVENIDA LA PAZ > CALLE SANTA ROSA > JIRON LIBERTAD > AVENIDA DE LOS INSURGENTES > AVENIDA DE LA MARINA > OVALO JUAN PABLO II > AVENIDA GUARDIA CHALACA > PLAZA GARIBALDI > AVENIDA ARGENTINA > PLAZA FANNING > AVENIDA ARGENTINA > OVALO CENTENARIO > AVENIDA ARGENTINA > AVENIDA RIMAC,RUTA_OM37_1315.pdf,
1316,OM42,CONSORCIO ROMA,Ventanilla,San Juan De Lurigancho,64.07,63.46,100,10,110,5.0,OMNIBUS (M3),AVENIDA 150 IZQUIERDA / AVENIDA SANTA ROSA,AVENIDA AMPLIACION OESTE / AVENIDA PAMPA ALTA,56,54,"AVENIDA 150 IZQUIERDA > AVENIDA HUAYNA CAPAC > PROLONGACION AVENIDA 225 > OVALO LABARTHE > AVENIDA LOS TOPOGRAFOS > AVENIDA 200 MILLAS > AVENIDA LOS QUIMICOS > AVENIDA 1 > AVENIDA CORONEL NESTOR GAMBETTA > AVENIDA CORONEL NESTOR GAMBETTA (VUELTA EN ""U"" ALT. CALLE LOS EUCALIPTOS) > AVENIDA CORONEL NESTOR GAMBETTA > AVENIDA VICTOR RAUL HAYA DE LA TORRE > AVENIDA CUZCO > AVENIDA REVOLUCION > CALLE PAVAYACU > AVENIDA CORONEL NESTOR GAMBETTA > OVALO CANTOLAO > AVENIDA ELMER FAUCETT > OVALO AEROPUERTO > AVENIDA ELMER FAUCETT > PUENTE ELMER FAUCETT > AVENIDA ELMER FAUCETT > AVENIDA DE LOS PRECURSORES > AVENIDA PARQUE DE LAS LEYENDAS > PROLONGACION AVENIDA MARISCAL JOSE DE LA MAR > AVENIDA MANUEL CIPRIANO DULANTO > AVENIDA ANTONIO JOSE DE SUCRE > AVENIDA JOSE DE SAN MARTN > PLAZA DE LA BANDERA > AVENIDA TINGO MARIA > AVENIDA ARICA > PLAZA FRANCISCO BOLOGNESI > AVENIDA GUZMAN BLANCO > PLAZA JORGE CHAVEZ > AVENIDA 28 DE JULIO > AVENIDA JOSE GALVEZ > AVENIDA JAIME BAUSATE Y MEZA > JIRON HUANUCO > AVENIDA ALMIRANTE MIGUEL GRAU > JIRON JUNIN > AVENIDA SEBASTIAN LORENTE > JIRON ANCASH > OVALO LA PAZ > AVENIDA JOSE CARLOS MARIATEGUI > PUENTE CHINCHAYSUYO > JIRON CHINCHAYSUYO > CALLE SAN AURELIO > AVENIDA LURIGANCHO > AVENIDA 13 DE ENERO > AVENIDA LOS TUSILAGOS ESTE > AVENIDA SANTA ROSA DE LIMA > AVENIDA EL SOL > AVENIDA SANTA ROSA DE LIMA > AVENIDA CENTRAL > AVENIDA AMPLIACION ESTE > AVENIDA AMPLIACION OESTE",AVENIDA AMPLIACION OESTE > AVENIDA AMPLIACION ESTE > AVENIDA CENTRAL > AVENIDA SANTA ROSA DE LIMA > AVENIDA EL BOSQUE > AVENIDA EL SOL > AVENIDA SANTA ROSA DE LIMA > AVENIDA LOS TUSILAGOS ESTE > AVENIDA 13 DE ENERO > AVENIDA LURIGANCHO > AVENIDA PIRAMIDE DEL SOL > PUENTE PIRAMIDE DEL SOL > AVENIDA JOSE CARLOS MARIATEGUI > OVALO LA PAZ > JIRON ANCASH > AVENIDA SEBASTIAN LORENTE > AVENIDA ALMIRANTE MIGUEL GRAU > AVENIDA AVIACION > AVENIDA 28 DE JULIO > PLAZA JORGE CHAVEZ > AVENIDA GUZMAN BLANCO > PLAZA FRANSCISCO BOLOGNESI > AVENIDA ARICA > JIRON AGUARICO > AVENIDA REPUBLICA DE VENEZUELA > PUENTE TINGO MARIA > AVENIDA TINGO MARIA > PLAZA DE LA BANDERA > AVENIDA JOSE DE SAN MARTIN > AVENIDA ANTONIO JOSE DE SUCRE > AVENIDA MANUEL CIPRIANO DULANTO > PROLONGACION AVENIDA MARISCAL JOSE DE LA MAR > AVENIDA PARQUE DE LAS LEYENDAS > AVENIDA DE LOS PRECURSORES > AVENIDA ELMER FAUCETT > PUENTE ELMER FAUCETT > AVENIDA ELMER FAUCETT > OVALO AEROPUERTO > AVENIDA ELMER FAUCETT > OVALO CANTOLAO > AVENIDA CORONEL NESTOR GAMBETTA > AVENIDA VICTOR RAUL HAYA DE LA TORRE > AVENIDA TACNA > AVENIDA AYACUCHO > AVENIDA TUMBES > AVENIDA CORONEL NESTOR GAMBETTA > AVENIDA 1 > AVENIDA LOS QUIMICOS > AVENIDA 200 MILLAS > AVENIDA LOS TOPOGRAFOS > OVALO LABARTHE > PROLONGACION AVENIDA 225 > AVENIDA HUAYNA CAPAC > AVENIDA 150 IZQUIERDA,RUTA_OM42_1316.pdf,
1317,OM57,C.T.I. CORPORACION SAC.,Pachacamac,La Punta,43.31,43.22,80,8,88,5.0,OMNIBUS (M3),AVENIDA VICTOR MALASQUEZ / CALLE 83,AVENIDA CORONEL BOLOGNESI / JIRON MEDINA,34,33,AVENIDA VICTOR MALASQUEZ > ACCESO A LOS HUERTOS DE MANCHAY > AVENIDA LA MOLINA > AVENIDA LA UNIVERSIDAD > AVENIDA LA MOLINA > OVALO LA FONTANA > AVENIDA LA MOLINA > CARRETERA CENTRAL > PUENTE SANTA ANITA > AVENIDA NICOLAS AYLLON > AVENIDA LAS TORRES > AVENIDA MARISCAL DOMINGO NIETO > AVENIDA CIRCUNVALACION > AUXILIAR AVENIDA CIRCUNVALACION > AVENIDA CANADA > PUENTE CANADA > AVENIDA JOSE PARDO DE ZELA > AVENIDA CESAR CANEVARO > JIRON MANCO SEGUNDO > AVENIDA GENERAL SALAVERRY > AVENIDA SAN FELIPE > AVENIDA MANUEL L. VIVANCO > AVENIDA JOSE ANTONIO DE SUCRE > AVENIDA MANUEL CIPRIANO DULANTO > AVENIDA PROLONGACION JOSE DE LA MAR > AVENIDA LAS LEYENDAS > AVENIDA DE LOS PRECURSORES > AVENIDA ELMER FAUCETT > AVENIDA LA MARINA > OVALO JUAN PABLO II > AVENIDA GUARDIA CHALACA > AVENIDA ALMIRANTE MIGUEL GRAU > JIRON GENERAL VALLE > AVENIDA CORONEL BOLOGNESI,JIRON MEDINA > AVENIDA ALMIRANTE MIGUEL GRAU > PLAZA JOSE GALVEZ > AVENIDA ALMIRANTE MIGUEL GRAU > AVENIDA GUARDIA CHALACA > OVALO JUAN PABLO II > AVENIDA LA MARINA > AVENIDA ELMER FAUCETT > AVENIDA DE LOS PRECURSORES > AVENIDA LAS LEYENDAS > AVENIDA PROLONGACION JOSE DE LA MAR > AVENIDA MANUEL CIPRIANO DULANTO > JIRON AGUSTIN GAMARA > AVENIDA MANUEL L. VIVANCO > AVENIDA SAN FELIPE > JIRON PACHACUTEC > AVENIDA CESAR CANEVARO > AVENIDA JOSE PARDO DE ZELA > PUENTE CANADA > AVENIDA CANADA > AVENIDA CIRCUNVALACION > AUXILIAR AVENIDA CIRCUNVALACION > AVENIDA MARISCAL DOMINGO NIETO > AVENIDA LAS TORRES > AVENIDA NICOLAS AYLLON > CARRETERA CENTRAL > AVENIDA LA MOLINA > OVALO LA FONTANA > AVENIDA LA MOLINA > AVENIDA LA UNIVERSIDAD > AVENIDA LA MOLINA > ACCESO A LOS HUERTOS DE MANCHAY > AVENIDA VICTOR MALASQUEZ,RUTA_OM57_1317.pdf,
1318,OM62,CONSORCIO SALAMANCA S.A.C.,Ate,La Punta,30.14,31.18,36,4,40,5.0,MINIBUS (M2-M3),AVENIDA LA MOLINA / AVENIDA URUBAMBA,JIRON CORONEL BOLOGNESI / JIRON MEDINA,37,36,AVENIDA DE LA MOLINA > CARRETERA CENTRAL > AVENIDA NICOLAS DE AYLLON > AVENIDA SANTA ROSA > AVENIDA BENJAMIN FRANKLIN > AVENIDA SEPARADORA INDUSTRIAL > AVENIDA SANTA ROSA > AVENIDA LOS QUECHUAS > CALLE PAZ SOLDAN > CALLE LOS UROS > JIRON CAPULIES > JIRON LAS RETAMAS > CALLE LAS TUNAS > AVENIDA CIRCUNVALACION > AVENIDA CANADA > PUENTE CANADA > AVENIDA JUAN PARDO DE ZELA > AVENIDA GENERAL CESAR CANEVARO > JIRON MANCO SEGUNDO > AVENIDA GENERAL SALAVERRY > AVENIDA SAN FELIPE > AVENIDA GENERAL MANUEL L VIVANCO > AVENIDA JOSE ANTONIO DE SUCRE > AVENIDA MANUEL CIPRIANO DULANTO > PROLONGACION AVENIDA MARISCAL JOSE DE LA MAR > AVENIDA PARQUE DE LAS LEYENDAS > AVENIDA DE LOS PRECURSORES > AVENIDA DE LOS INSURGENTES > AVENIDA DE LA MARINA > OVALO JUAN PABLO II > AVENIDA GUARDIA CHALACA > AVENIDA BUENOS AIRES > AVENIDA ALMIRANTE MIGUEL GRAU > JIRON PAZ SOLDAN > CALLE ADOLFO KING > AVENIDA AGUSTIN GAMARRA > AVENIDA CORONEL BOLOGNESI,JIRON MEDINA > JIRON ALMIRANTE MIGUEL GRAU > CALLE VALLE > AVENIDA AGUSTIN GAMARRA > CALLE DANIEL NIETO > JIRON PAZ SOLDAN > AVENIDA ALMIRANTE MIGUEL GRAU > AVENIDA BUENOS AIRES > AVENIDA GUARDIA CHALACA > OVALO JUAN PABLO II > AVENIDA DE LA MARINA > AVENIDA ELMER FAUCETT > AVENIDA DE LOS PRECURSORES > AVENIDA PARQUE DE LAS LEYENDAS > PROLONGACION AVENIDA MARISCAL JOSE DE LA MAR > AVENIDA MANUEL CIPRIANO DULANTO > JIRON MARICAL AGUSTIN GAMARRA > AVENIDA GENERAL MANUEL L VIVANCO > AVENIDA SAN FELIPE > JIRON PACHACUTEC > AVENIDA GENERAL CESAR CANEVARO > AVENIDA JUAN PARDO DE ZELA > PUENTE CANADA > AVENIDA CANADA > AVENIDA CIRCUNVALACION > AVENIDA MARISCAL DOMINGO NIETO > AVENIDA DE LAS TORRES > AVENIDA LOS QUECHUAS > AVENIDA EUTERPE > AVENIDA SEPARADORA INDUSTRIAL > AVENIDA HERMES > AVENIDA BENJAMIN FRANKLIN > AVENIDA SANTA ROSA > AVENIDA NICOLAS DE AYLLON > CARRETERA CENTRAL > AVENIDA DE LA MOLINA,RUTA_OM62_1318.pdf,
1319,OM75,EMPRESA DE TRANSPORTES PACHACUTEC INTERNACIONAL S.A.,Lurigancho (Chosica),La Perla,55.09,54.76,90,9,99,4.0,MINIBUS (M2-M3),AVENIDA LIMA NORTE / CALLE S/N (ALT. RIO SANTA EULALIA),AVENIDA REPUBLICA VENEZUELA / AVENIDA JUAN PABLO II (OVALO JUAN PABLO II),17,16,AVENIDA LIMA NORTE > AVENIDA LIMA SUR > AVENIDA LAS FLORES > CARRETERA CENTRAL > AUXILIAR CARRETERA CENTRAL (BY PASS JAVIER PRASO) > CARRETERA CENTRAL > AVENIDA NICOLAS DE AYLLON > AVENIDA ALMIRANTE MIGUEL GRAU > VIA EXPRESA ALMIRANTE MIGUEL GRAU > PLAZA ALM. MIGUEL GRAU > AVENIDA 9 DE DICIEMBRE > PLAZA FRANCISCO BOLOGNESI > AVENIDA ARICA > JIRON AGUARICO > AVENIDA REPUBLICA DE VENEZUELA > AVENIDA ARICA > AVENIDA REPUBLICA DE VENEZUELA,AVENIDA REPUBLICA DE VENEZUELA > AVENIDA ARICA > PLAZA FRANCISCO BOLOGNESI > AVENIDA 9 DE DICIEMBRE > PLAZA ALM. MIGUEL GRAU > VIA EXPRESA ALMIRANTE MIGUEL GRAU > AVENIDA ALMIRANTE MIGUEL GRAU > PROLONGACION AVENIDA SAN PABLO > JIRON ANTONIO RAIMONDI > AVENIDA NICOLAS DE AYLLON > CARRETERA CENTRAL > AUXILIAR CARRETERA CENTRAL (BY PASS JAVIER PRASO) > CARRETERA CENTRAL > AVENIDA LAS FLORES > AVENIDA LIMA SUR > AVENIDA LIMA NORTE,RUTA_OM75_1319.pdf,
1320,1104,E.T.S. 22 DE OCTUBRE DE LADERAS DE CHILLON S.A.,Puente Piedra,Comas,21.64,21.52,31,4,35,5.0,MICROBUS (M2),AVENIDA 15 DE JUNIO / CALLE 18,AVENIDA TUPAC AMARU / AVENIDA ANDRES BELAUNDE ESTE,20,21,"AVENIDA 15 DE JUNIO > AVENIDA PAUCARTAMBO > ACCESO PANAMERICANA NORTE > CARRETERA PANAMERICANA NORTE > PUENTE RIO CHILLON > CARRETERA PANAMERICANA NORTE > AVENIDA LA CONFRATERNIDAD > AVENIDA ALFREDO MENDIOLA > AVENIDA LOS PROCERES DE HUANDOY > AVENIDA 2 DE OCTUBRE > OVALO INFANTAS > CARRETERA PANAMERICANA NORTE > AVENIDA CHILLON TRAPICHE > AVENIDA ISABEL CHIMPU OCLLO > AVENIDA UNIVERSITARIA > AUXILIAR DE LA AVENIDA UNIVERSITARIA > AVENIDA SAN FELIPE > AVENIDA SAN FELIPE (VUELTA EN ""U"" ALT. JIRON AREQUIPA) > AVENIDA SAN FELIPE > AVENIDA TUPAC AMARU","AVENIDA TUPAC AMARU > AVENIDA SAN FELIPE > AVENIDA UNIVERSITARIA > AVENIDA ISABEL CHIMPU OCLLO > AVENIDA CHILLON TRAPICHE > CARRETERA PANAMERICANA NORTE > OVALO INFANTAS > AVENIDA 25 DE ENERO > AVENIDA GERARDO UNGER > AVENIDA LOS PROCERES DE HUANDOY > AVENIDA ALFREDO MENDIOLA > ACCESO CARRETERA PANAMERICANA NORTE (ALT. CALLE LAS EXPORTACIONES) > CARRETERA PANAMERICANA NORTE > PUENTE RIO CHILLON > ACCESO TUNNER LANER SANGRILA > AVENIDA MALECON CHILLON > CALLE 3 > AVENIDA PAUCARTAMBO > AVENIDA PAUCARTAMBO (VUELTA EN ""U"" ALT. CALLE 7) > AVENIDA PAUCARTAMBO > AVENIDA 15 DE JUNIO",RUTA_1104_1320.pdf,
1321,1105,E.T.SANTA ROSITA DE QUIVES S.A.,Puente Piedra,Carabayllo,27.64,27.66,36,4,40,4.0,MICROBUS (M2),AVENIDA SAN JUAN DE DIOS / AVENIDA LECAROS,AVENIDA TUPAC AMARU / CA. S/N (AA.HH. TRAPICHE BAJO),8,6,AVENIDA SAN JUAN DE DIOS > AVENIDA JOSE SACO ROJAS > AVENIDA PROLONGACION CAMINO REAL > PUENTE SAN MARTIN > AVENIDA CAMINO REAL > JIRON LOS SAUCES > CALLE MIRAFLORES > AVENIDA TUPAC AMARU,AVENIDA TUPAC AMARU > AVENIDA CAMINO REAL > PUENTE SAN MARTIN > AVENIDA PROLONGACION CAMINO REAL > AVENIDA JOSE SACO ROJAS > AVENIDA SAN JUAN DE DIOS,RUTA_1105_1321.pdf,
1322,1106,,Ancon,Carabayllo,40.54,40.65,36,4,40,6.0,MINIBUS (M2-M3),AVENIDA MARAÑON / AVENIDA CAJAMARCA,AVENIDA MANUEL PRADO / JIRON JOSE MARIA ARGUEDAS,28,28,AVENIDA MARAÑON > CALLE TRUJILLO > AVENIDA 11 DE ENERO > AVENIDA INDUSTRIAS UNIDAS > CARRRETERA SERPENTIN PASAMAYO > OVALO DE ANCON > AVENIDA JULIO CESAR TELLO > CALLE ANCASH > CALLE BOYACA > CALLE MERIDA E > CALLE GUAQUI > CALLE ANCASH > AVENIDA CENTRAL SANTA ROSA > AVENIDA ALEJANDRO BERTELLO > CARRETERA PANAMERICANA NORTE > AVENIDA PUENTE PIEDRA > CARRETERA PANAMERICANA NORTE > PUENTE CHILLON > CARRETERA PANAMERICANA NORTE > AVENIDA CHILLON TRAPICHE > AVENIDA ISABEL CHIMPU OCLLO > AVENIDA MARIANO CONDORCANQUI > AVENIDA SAN JUAN BOSCO > AVENIDA SANTO DOMINGO > AVENIDA CAMINO REAL > AVENIDA SANTO DOMINGO > AVENIDA MANUEL PRADO > AVENIDA MANUEL PRADO ESTE,AVENIDA MANUEL PRADO ESTE > AVENIDA MANUEL PRADO > AVENIDA SANTO DOMINGO > AVENIDA CAMINO REAL > AVENIDA SANTO DOMINGO > AVENIDA SAN JUAN BOSCO > AVENIDA MARIANO CONDORCANQUI > AVENIDA ISABEL CHIMPU OCLLO > AVENIDA CHILLON TRAPICHE > CARRETERA PANAMERICANA NORTE > PUENTE CHILLON > CARRETERA PANAMERICANA NORTE > AVENIDA PUENTE PIEDRA > CARRETERA PANAMERICANA NORTE > AVENIDA ALEJANDRO BERTELLO > AVENIDA CENTRAL SANTA ROSA > CALLE ANCASH > CALLE GUAQUI > CALLE MERIDA E > CALLE BOYACA > CALLE ANCASH > AVENIDA JULIO CESAR TELLO > OVALO DE ANCON > CARRRETERA SERPENTIN PASAMAYO > AVENIDA INDUSTRIAS UNIDAS > AVENIDA 11 DE ENERO > CALLE TRUJILLO > AVENIDA MARAÑON,RUTA_1106_1322.pdf,
1323,1186,E.T. TRANSMILENIO PUENTE PIEDRA S.A.,Puente Piedra,Carabayllo,7.86,7.72,22,3,25,4.0,MICROBUS (M2),CALLE SAN MARTIN / CALLE TARAPACA,AVENIDA SANTA MARIA / AVENIDA LOMAS DE CARABAYLLO,11,9,CALLE SAN MARTIN > AVENIDA SAN JUAN > AVENIDA BUENOS AIRES > AVENIDA JUAN LECAROS > AVENIDA PUENTE PIEDRA > AVENIDA SAN JUAN DE DIOS > AVENIDA SAN LORENZO > AVENIDA PERIMETRICA > AVENIDA SAN LORENZO > AVENIDA VISTA ALEGRE > AVENIDA SANTA MARIA,AVENIDA SANTA MARIA > AVENIDA VISTA ALEGRE > AVENIDA SAN LORENZO > AVENIDA PERIMETRICA > AVENIDA SAN LORENZO > AVENIDA JUAN LECAROS > AVENIDA BUENOS AIRES > AVENIDA SAN JUAN > CALLE SAN MARTIN,RUTA_1186_1323.pdf,
1324,1188,EMPRESA DE TRANSPORTE TODO LO PUEDO EN CRISTO S.A.C.,Puente Piedra,Carabayllo,16.05,15.74,31,4,35,6.0,MICROBUS (M2),CALLE 17 / CALLE SN (ENTRADA A LOMAS DE ZAPALLAL ALTO),AV JOSE SACO ROJAS / AVENIDA HUARANGAL,21,21,CALLE 17 > CALLE MILTON JIMENEZ > AVENIDA MARCOS ESPINOZA > AVENIDA CONTUMAZA > CALLE SAN MARTIN > CALLE 3 > CALLE SAN MARTIN DE PORRES > CALLE AMAZONAS > AVENIDA CENTRAL > AVENIDA PANAMERICANA NORTE AUXILIAR > AVENIDA JOSE OLAYA > CALLE JUAN PABLO II > AVENIDA ZAPALLAL > AVENIDA JUANA DE ARCO > CALLE 10 > AVENIDA LA ALAMEDA > AVENIDA COPACABANA > AVENIDA SAN LORENZO > AUXILIAR AVENIDA PANAMERICANA NORTE > AVENIDA SAN JUAN DE DIOS > AVENIDA JOSE SACO ROJAS,AVENIDA JOSE SACO ROJAS > AVENIDA SAN JUAN DE DIOS > CALLE LOS LUCHADORES DEL OVALO > AVENIDA SAN LORENZO > AVENIDA COPACABANA > AVENIDA LA ALAMEDA > CALLE 10 > AVENIDA JUANA DE ARCO > AVENIDA ZAPALLAL > CALLE JUAN PABLO II > AVENIDA JOSE OLAYA > AVENIDA PANAMERICANA NORTE AUXILIAR > AVENIDA CENTRAL > CALLE LAS AMAZONAS > AVENIDA SAN JUDAS TADEO > CALLE 3 > CALLE SAN MARTIN > AVENIDA CONTUMAZA > AVENIDA MARCOS ESPINOZA > CALLE HUANCAYO > CALLE 17,RUTA_1188_1324.pdf,
1325,1198,EMPRESA DE TRANSPORTES Y SERVICIOS MULTIPLES LOMAS DE ZAPALLAL S.A.,Carabayllo,Puente Piedra,8.42,8.42,27,3,30,4.0,MINIBUS (M2-M3),AVENIDA 14 DE MAYO / CALLE SN (ALT. CP. SAN DIEGO),AVENIDA SAN JUAN DE DIOS / AVENIDA LECAROS,5,5,AVENIDA 14 DE MAYO > CALLE SAN DIEGO > AVENIDA HUARANGAL > AVENIDA JOSE SACO ROJAS > AVENIDA SAN JUAN DE DIOS,AVENIDA SAN JUAN DE DIOS > AVENIDA JOSE SACO ROJAS > AVENIDA HUARANGAL > CALLE SAN DIEGO > AVENIDA 14 DE MAYO,RUTA_1198_1325.pdf,
1326,1201,RAPIDO INVERSIONES S.A.,Carabayllo,San Martin De Porres,25.2,25.06,40,4,44,7.0,OMNIBUS (M3),AVENIDA JOSE SACO ROJAS / CALLE LOS CIRUELOS,AVENIDA TOMAS VALLE / AVENIDA 12 DE OCTUBRE,18,21,AVENIDA JOSE SACO ROJAS > AVENIDA PROLONGACION CAMINO REAL > AVENIDA CAMINO REAL > PUENTE SAN MARTIN > AVENIDA CAMINO REAL > AVENIDA SANTO DOMINGO > AVENIDA SAN JUAN BOSCO > AVENIDA MARIANO CONDORCANQUI > AVENIDA ISABEL CHIMPU OCLLO > AVENIDA TUPAC AMARU > AVENIDA CARLOS ALBERTO IZAGUIRRE > OVALO IZAGUIRRE > AVENIDA ALFREDO MENDIOLA > CARRETERA PANAMERICANA NORTE > OVALO ANGELICA GAMARRA > AVENIDA ALFREDO MENDIOLA > OVALO TOMAS VALLE > AVENIDA TOMAS VALLE,AVENIDA 12 DE OCTUBRE > AVENIDA 12 DE OCTUBRE (GIRO EN U ALTURA AVENIDA EL OLIVAR) > AUXILIAR AVENIDA TOMAS VALLE > AVENIDA TOMAS VALLE > OVALO TOMAS VALLE > AVENIDA ALFREDO MENDIOLA > OVALO ANGELICA GAMARRA > AVENIDA ALFREDO MENDIOLA > CARRETERA PANAMERICANA NORTE > AVENIDA ALFREDO MENDIOLA > OVALO IZAGUIRRE > AVENIDA CARLOS ALBERTO IZAGUIRRE > AVENIDA TUPAC AMARU > AVENIDA ISABEL CHIMPU OCLLO > AVENIDA MARIANO CONDORCANQUI > AVENIDA SAN JUAN BOSCO > AVENIDA SANTO DOMINGO > AVENIDA CAMINO REAL > PUENTE SAN MARTIN > AVENIDA PROLONGACION CAMINO REAL > AVENIDA JOSE SACO ROJAS,RUTA_1201_1326.pdf,
1327,1202,E.T. Y SERV. EL RETABLO S.A.C.,Puente Piedra,San Martin De Porres,21.89,22.35,29,3,32,8.0,MICROBUS (M2),AVENIDA VIA DE INTEGRACION / CALLE ZEGARRA,AVENIDA EL OLIVAR / AVENIDA VICTOR RAUL HAYA DE LA TORRE,24,26,AVENIDA VIA DE INTEGRACION > CALLE TENIENTE CORONEL JOSE VILLANUEVA > AVENIDA 25 DE SEPTIEMBRE > CALLE 7 DE AGOSTO > AVENIDA GUARDIA REPUBLICANA > AVENIDA LOS PINOS > AVENIDA 25 DE SEPTIEMBRE > AVENIDA MALECON CHILLON > AVENIDA LA CORDIALIDAD > AVENIDA LOS PROCERES DE HUANDOY > AVENIDA GERARDO UNGER > AVENIDA GUILLERMO DE LA FUENTE > AVENIDA UNIVERSITARIA > AVENIDA MICAELA BASTIDAS > AVENIDA TUPAC AMARU > AVENIDA CARLOS ALBERTO IZAGUIRRE > OVALO IZAGUIRRE > AVENIDA CARLOS ALBERTO IZAGUIRRE > AVENIDA LAS PALMERAS > AVENIDA NARANJAL > OVALO CANTA CALLAO > AVENIDA EL SOL DE NARANJAL > AVENIDA PACASMAYO > AVENIDA EL OLIVAR,AVENIDA EL OLIVAR > AVENIDA PACASMAYO > AVENIDA EL SOL DE NARANJAL > OVALO CANTA CALLAO > AVENIDA NARANJAL > AVENIDA LAS PALMERAS > AVENIDA CARLOS ALBERTO IZAGUIRRE > OVALO IZAGUIRRE > AVENIDA CARLOS ALBERTO IZAGUIRRE > AVENIDA TUPAC AMARU > AVENIDA MICAELA BASTIDAS > AVENIDA EL RETABLO > AVENIDA ANDRES BELAUNDE OESTE > AVENIDA UNIVERSITARIA > AVENIDA GUILLERMO DE LA FUENTE > AVENIDA GERARDO UNGER > AVENIDA LOS PROCERES DE HUANDOY > AVENIDA LA CORDIALIDAD > AVENIDA MALECON CHILLON > AVENIDA 25 DE SEPTIEMBRE > AVENIDA LOS PINOS > AVENIDA GUARDIA REPUBLICANA > CALLE 7 DE AGOSTO > AVENIDA 25 DE SEPTIEMBRE > CALLE TENIENTE CORONEL JOSE VILLANUEVA > AVENIDA VIA DE INTEGRACION,RUTA_1202_1327.pdf,
1328,1206,EMPRESA DE TRANSPORTES ENSENADA CHILLON S.A. ETECHSA,Puente Piedra,Independencia,16.75,16.42,32,4,36,5.0,MICROBUS (M2),CALLE LOS ALAMOS / CALLE VIRGEN DEL CARMEN,AVENIDA TOMAS VALLE / AVENIDA MARCO POLO,24,23,CALLE LOS ALAMOS > AVENIDA LAS ACACIAS > CALLE LAS PALMERAS > CALLE VIRGEN DEL CARMEN > CALLE LOS ALAMOS > AVENIDA MALECON CHILLON > PUENTE ENSENADA SAN MARTIN DE PORRES > AVENIDA LA CORDIALIDAD > AVENIDA LOS PROCERES DE HUANDOY > AVENIDA GERARDO UNGER > AVENIDA GUILLERMO DE LA FUENTE > AVENIDA UNIVERSITARIA > AVENIDA VICTOR ANDRES BELAUNDE OESTE > AVENIDA TUPAC AMARU > AVENIDA GERARDO UNGER > AVENIDA CARLOS IZAGUIRRE > OVALO IZAGUIRRE > AVENIDA ALFREDO MENDIOLA > CARRETERA PARAMERICANA NORTE > AVENIDA ALFREDO MENDIOLA > OVALO ANGELICA GAMARRA > CARRETERA PARAMERICANA NORTE > OVALO TOMAS VALLE > AVENIDA TOMAS VALLE,AVENIDA TOMAS VALLE > OVALO TOMAS VALLE > CARRETERA PANAMERICANA NORTE > OVALO ANGELICA GAMARRA > AVENIDA ALFREDO MENDIOLA > CARRETERA PANAMERICANA NORTE > AVENIDA ALFREDO MENDIOLA > OVALO IZAGUIRRRE > AVENIDA IZAGUIRRE > AVENIDA TUPAC AMARU > AVENIDA VICTOR ANDRES BELAUNDE OESTE > AVENIDA UNIVERSITARIA > AVENIDA GUILLERMOS DE LA FUENTE > AVENIDA GERARDO UDGER > AVENIDA LOS PROCERES DE HUANDOY > AVENIDA LA CORDIALIDAD > PUENTE ENSENADA SAN MARTIN DE PORRES > AVENIDA MALECON CHILLON > CALLE LOS ALAMOS > CALLE VIRGEN DEL CARMEN > CALLE LAS PALMERAS > AVENIDA LAS ACACIAS > CALLE LOS ALAMOS,RUTA_1206_1328.pdf,
1329,1208,EMPRESA DE TRANSPORTE 26 JILGUEROS DE LOS ANDES S.A.C.,Puente Piedra,San Martin De Porres,18.85,19.84,29,3,32,7.0,MICROBUS (M2),AVENIDA LAS ACACIAS / CA. LOS ALAMOS,AVENIDA ANGELICA GAMARRA / AV. LOS LIBERTADORES,19,19,CALLE LOS ALAMOS > AVENIDA LAS ACACIAS > CALLE LOS ROSALES > CALLE VIRGEN DEL CARMEN > CALLE LOS ALAMOS > AVENIDA MALECON CHILLON > PUENTE ENSENADA > AVENIDA LA CORDIALIDAD > AVENIDA LOS PROCERES DE HUANDOY > AVENIDA GERARDO UNGER > AVENIDA GUILLERMO DE LA FUENTE > AVENIDA UNIVERSITARIA > AVENIDA VICTOR ANDRES BELAUNDE OESTE > AVENIDA TUPAC AMARU > AVENIDA NARANJAL > AVENIDA TUPAC AMARU > AVENIDA FRANCISCO BOLOGNESI > OVALO GAMARRA > AVENIDA ANGELICA GAMARRA,AVENIDA ANGELICA GAMARRA > OVALO GAMARRA > CARRETERA PANAMERICANA NORTE > OVALO TOMAS VALLE > AVENIDA TOMAS VALLE > AVENIDA TUPAC AMARU > AVENIDA VICTOR ANDRES BELAUNDE OESTE > AVENIDA UNIVERSITARIA > AVENIDA GUILLERMO DE LA FUENTE > AVENIDA GERARDO UNGER > AVENIDA PROCERES DE HUANDOY > AVENIDA LA CORDIALIDAD > PUENTE ENSENADA > AVENIDA MALECON CHILLON > CALLE LOS ALAMOS > CALLE VIRGEN DEL CARMEN > CALLE LOS ROSALES > AVENIDA LAS ACACIAS > CALLE LOS ALAMOS,RUTA_1208_1329.pdf,
1330,1211,CONSORCIO GOMEZ S.A.,Carabayllo,Los Olivos,16.61,16.44,11,2,13,6.0,MINIBUS (M2-M3),AVENIDA PARQUE ZONAL / AVENIDA UNIVERSITARIA AVENIDA TOMAS VALLE / AVENIDA PANAMERICANA NORTE,(OVALO TOMAS VALLE),14,12,"AVENIDA PARQUE ZONAL > AVENIDA TUPAC AMARU > AVENIDA LOS ALISOS > CALLE LAS MARACUYAS > AVENIDA LAS ALMENDRAS > CALLE NAPO > AVENIDA CARLOS ALBERTO IZAGUIRRE > AVENIDA CARLOS ALBERTO IZAGUIRRE (GIRO EN “U"" ALT. CDRA 2) > AVENIDA CARLOS ALBERTO IZAGUIRRE > AVENIDA INDUSTRIAL > AVENIDA FRANCISCO BOLOGNESI > OVALO GAMARRA > AVENIDA ALFREDO MENDIOLA > OVALO TOMAS VALLE",OVALO TOMAS VALLE > AVENIDA ALFREDO MENDIOLA > OVALO GAMARRA > AVENIDA FRANCISCO BOLOGNESI > AVENIDA INDUSTRIAL > AVENIDA CARLOS ALBERTO IZAGUIRRE > CALLE NAPO > AVENIDA LAS ALMENDRAS > CALLE MARACUYAS > AVENIDA LOS ALISOS > AVENIDA TUPAC AMARU > AVENIDA PARQUE ZONAL,RUTA_1211_1330.pdf,
1331,1349,,Lurigancho (Chosica),Lurigancho (Chosica),7.45,7.43,40,4,44,2.0,MICROBUS (M2),AVENIDA PRINCIPAL / CALLE SN (ASOC. DE VIVIENDA LAS TERRAZAS DEL VALLE),CALLE ATAHUALPA / AVENIDA HUASCAR,5,5,AVENIDA PRINCIPAL > AVENIDA BERNARD DE BALAGUER > CALLE ALAMEDA ÑAÑA > PUENTE ÑAÑA > CALLE ATAHUALPA,CALLE ATAHUALPA > PUENTE ÑAÑA > CALLE ALAMEDA ÑAÑA > AVENIDA BERNARD DE BALAGUER > AVENIDA PRINCIPAL,RUTA_1349_1331.pdf,
1332,1383,,Ventanilla,Ancon,21.21,21.18,28,3,31,4.0,MICROBUS (M2),AVENIDA ACCESO A LA CIUDAD DE PACHACUTEC / CALLE 12,AVENIDA 11 DE ENERO / CALLE TRUJILLO,12,8,AVENIDA ACCESO A LA CIUDAD DE PACHACUTEC > AVENIDA ACCESO A LA CIUDAD DE PACHACUTEC (GIRO EN U ALT. CALLE 12) > AVENIDA ACCESO A LA CIUDAD DE PACHACUTEC > AVENIDA CORONEL NESTOR GAMBETA > OVALO NESTOR GAMBETA > CARRETERA PANAMERICANA NORTE > PUENTE VARIANTE > AVENIDA JULIO CESAR TELLO > OVALO DE ANCON > CARRETERA SERPENTIN DE PASAMAYO > AVENIDA INDUSTRIAS UNIDAS > AVENIDA 11 DE ENERO,AVENIDA 11 DE ENERO > AVENIDA INDUSTRIAS UNIDAS > CARRETERA SERPENTIN DE PASAMAYO > OVALO DE ANCON > AVENIDA JULIO CESAR TELLO > CARRETERA PANAMERICANA NORTE > AVENIDA CORONEL NESTOR GAMBETA > AVENIDA ACCESO A LA CIUDAD DE PACHACUTEC,RUTA_1383_1332.pdf,
1333,1397,,Santa Rosa,Puente Piedra,11.52,11.72,12,2,14,5.0,MICROBUS (M2),AVENIDA PRINCIPAL / JIRON FERNANDO BELAUNDE TERRY,AVENIDA NESTOR GAMBETTA / AVENIDA PLAYA HERMOSA,4,6,AVENIDA PRINCIPAL > AVENIDA ALEJANDRO BERTELLO > CARRETERA PANAMERICANA NORTE > AVENIDA NESTOR GAMBETTA,AVENIDA NESTOR GAMBETTA > AVENIDA NESTOR GAMBETTA (GIRO U ALT. AVENIDA PLAYA HERMOSA) > AVENIDA NESTOR GAMBETTA > CARRETERA PANAMERICANA NORTE > AVENIDA ALEJANDRO BERTELLO > AVENIDA PRINCIPAL,RUTA_1397_1333.pdf,
1334,1408,,Cieneguilla,La Molina,5.93,5.92,4,1,5,8.0,MICROBUS (M2),AVENIDA SN / CALLE SN (ASOC. ALTOS DE CIENEGUILLA),AVENIDA LA MOLINA / CALLE LOS GIRASOLES,8,8,AVENIDA SN > CALLE SN > CALLE SN > CALLE SN > CALLE SN (ESTACION ELECTRICA) > ACCESO A CARRETERA CIENGUILLA > CARRETERA CIENEGUILLA > AVENIDA LA MOLINA,AVENIDA LA MOLINA > CARRETERA CIENEGUILLA > ACCESO A CARRETERA CIENGUILLA > CALLE SN (ESTACION ELECTRICA) > CALLE SN > CALLE SN > CALLE SN > AVENIDA SN,RUTA_1408_1334.pdf,
1335,1501,EMPRESA DE TRANSPORTES Y SERVICIOS SAN FELIPE S.A.,Puente Piedra,San Miguel,34.62,34.21,36,4,40,3.0,MICROBUS (M2),CA. LOS ALAMOS / CA. LOS SAUCES,AV. ELMER FAUCETT / AV. PÍO XII,23,23,CALLE LOS ALAMOS > AVENIDA MALECON CHILLON > AVENIDA LA CORDIALIDAD > AVENIDA LOS PROCERES DE HUANDOY > AVENIDA GERARDO UNGER > AVENIDA CHILLON TRAPICHE > AVENIDA ISABEL CHIMPU OCLLO > AVENIDA UNIVERSITARIA > AVENIDA SAN FELIPE > AVENIDA TUPAC AMARU > AVENIDA CARLOS ALBERTO IZAGUIRRE > OVALO IZAGUIRRE > AVENIDA ALFREDO MENDIOLA > CARRETERA PANAMERICANA NORTE > AVENIDA ALFREDO MENDIOLA > OVALO ANGELICA GAMARRA > AVENIDA ALFREDO MENDIOLA > OVALO TOMAS VALLE > AVENIDA TOMAS VALLE > OVALO AEROPUERTO > AVENIDA ELMER FAUCETT > PUENTE ELMER FAUCETT > AVENIDA ELMER FAUCETT,AVENIDA ELMER FAUCETT > PUENTE ELMER FAUCETT > AVENIDA ELMER FAUCETT > OVALO AEROPUERTO > AVENIDA TOMAS VALLE > OVALO TOMAS VALLE > AVENIDA ALFREDO MENDIOLA > OVALO ANGELICA GAMARRA > AVENIDA ALFREDO MENDIOLA > CARRETERA PANAMERICANA NORTE > AVENIDA ALFREDO MENDIOLA > OVALO IZAGUIRRE > AVENIDA CARLOS ALBERTO IZAGUIRRE > AVENIDA TUPAC AMARU > AVENIDA SAN FELIPE > AVENIDA UNIVERSITARIA > AVENIDA ISABEL CHIMPU OCLLO > AVENIDA CHILLON TRAPICHE > CARRETERA PANAMERICANA NORTE > AVENIDA PROCERES DE HUANDOY > AVENIDA LA CORDIALIDAD > AVENIDA MALECON CHILLON > CALLE LOS ALAMOS,RUTA_1501_1335.pdf,
1336,1513,EMPRESA DE TRANSPORTE NOR LIMA S.A.,Carabayllo,San Miguel,31.58,30.64,38,4,42,8.0,OMNIBUS (M3),AVENIDA TUPAC AMARU / AVENIDA 3,AVENIDA UNIVERSITARIA / CALLE 7,12,10,AVENIDA TUPAC AMARU > AVENIDA ISABEL CHIMPU OCLLO > AVENIDA UNIVERSITARIA > OVALO UNIVERSIDAD > AVENIDA UNIVERSITARIA > PUENTE BELLA UNION > OVALO BELLA UNION > AVENIDA UNIVERSITARIA > AUXILIAR AVENIDA OSCAR RAIMUNDO BENAVIDES > AVENIDA AURELIO GARCIA Y GARCIA > AVENIDA REPUBLICA DE VENEZUELA > AVENIDA UNIVERSITARIA,AVENIDA UNIVERSITARIA > AVENIDA RAMON HERRERA > AVENIDA UNIVERSITARIA > OVALO BELLA UNION > PUENTE BELLA UNION > AVENIDA UNIVERSITARIA > OVALO UNIVERSIDAD > AVENIDA UNIVERSITARIA > AVENIDA ISABEL CHIMPU OCLLO > AVENIDA TUPAC AMARU,RUTA_1513_1336.pdf,
1337,1514,J.C. BUS S.A.C.,Carabayllo,San Miguel,35.24,34.8,49,5,54,5.0,OMNIBUS (M3),AVENIDA PERIURBANA / CALLE LOS COLIBRIES (OVALO GEORGE HARRISON),AVENIDA UNIVERSITARIA / CALLE 7,24,22,AVENIDA PERIURBANA > OVALO JOHN WINSTON LENNON > AVENIDA LOMAS DE CARABAYLLO > AVENIDA SANTA MARIA > ROTONDA SANTA MARIA > AVENIDA SANTA MARIA > AVENIDA JOSE SACO ROJAS > AVENIDA CAMINO REAL > PUENTE SAN MARTIN DE LA INTEGRACION > AVENIDA CAMINO REAL > AVENIDA CHILLON TRAPICHE > AVENIDA U > AVENIDA MARIANO CONDORCANQUI > AVENIDA ISABEL CHIMPU OCLLO > AVENIDA UNIVERSITARIA > OVALO UNIVERSIDAD > AVENIDA UNIVERSITARIA > PUENTE BELLA UNION > OVALO BELLA UNION > AVENIDA UNIVERSITARIA > AUXILIAR AVENIDA OSCAR RAIMUNDO BENAVIDES > AVENIDA AURELIO GARCIA Y GARCIA > AVENIDA REPUBLICA DE VENEZUELA > AVENIDA UNIVERSITARIA,AVENIDA UNIVERSITARIA > AVENIDA RAMON HERRERA > AVENIDA UNIVERSITARIA > OVALO BELLA UNION > PUENTE BELLA UNION > AVENIDA UNIVERSITARIA > OVALO UNIVERSIDAD > AVENIDA UNIVERSITARIA > AVENIDA ISABEL CHIMPU OCLLO > AVENIDA MARIANO CONDORCANQUI > AVENIDA U > AVENIDA CHILLON TRAPICHE > AVENIDA CAMINO REAL > PUENTE SAN MARTIN DE LA INTEGRACION > AVENIDA CAMINO REAL > AVENIDA JOSE SACO ROJAS > AVENIDA SANTA MARIA > ROTONDA SANTA MARIA > AVENIDA SANTA MARIA > AVENIDA LOMAS DE CARABAYLLO > OVALO JOHN WINSTON LENNON > AVENIDA PERIURBANA,RUTA_1514_1337.pdf,
1338,1901,CONSORCIO VIA S.A.C.,Puente Piedra,La Perla,41.32,39.93,55,6,61,5.0,OMNIBUS (M3),AVENIDA ANCON / JIRON 1,AVENIDA LA PAZ / AVENIDA SANTA ROSA,23,24,"AVENIDA ANCON > AUXILIAR CARRETERA PANAMERICANA NORTE > AUXILIAR CARRETERA PANAMERICANA NORTE (VUELTA EN ""U"" ALT. AVENIDA PACHACUTEC) > CARRETERA PANAMERICANA NORTE > AVENIDA PUENTE PIEDRA > CARRETERA PANAMERICANA NORTE > PUENTE RIO CHILLON > CARRETERA PANAMERICANA NORTE > ACCESO AVENIDA UNIVERSITARIA > AVENIDA UNIVERSITARIA > AVENIDA RIO MARAÑON > AVENIDA LAS PALMERAS > AVENIDA SANTIAGO ANTUNEZ DE MAYOLO > AVENIDA UNIVERSITARIA > PUENTE BELLA UNION > OVALO BELLA UNION > AVENIDA UNIVERSITARIA > AUXILIAR AVENIDA OSCAR RAIMUNDO BENAVIDES > AVENIDA AURELIO GARCIA Y GARCIA > AVENIDA VENEZUELA > AVENIDA UNIVERSITARIA > CALLE CORONEL LEONCIO PRADO > AVENIDA LA PAZ",AVENIDA LA PAZ > PASAJE SAN LUIS > AVENIDA COSTANERA > JIRON INDEPENDENCIA > JIRON DIEGO QUISPE TITO > AVENIDA UNIVERSITARIA > AVENIDA RAMON HERRERA > AVENIDA UNIVERSITARIA > OVALO BELLA UNION > PUENTE BELLA UNION > AVENIDA UNIVERSITARIA > AVENIDA SANTIAGO ANTUNEZ DE MAYOLO > AVENIDA LAS PALMERAS > AVENIDA RIO MARAÑON > AVENIDA UNIVERSITARIA > INTERCAMBIO VIAL NORTE > CARRETERA PANAMERICANA NORTE > PUENTE RIO CHILLON > CARRETERA PANAMERICANA NORTE > AVENIDA PUENTE PIEDRA > CARRETERA PANAMERICANA NORTE > AUXILIAR CARRETERA PANAMERICANA NORTE > JIRON GALILEA > AVENIDA ANCON,RUTA_1901_1338.pdf,
1339,2203,E.T. BELAUNDE OESTE S.A.,San Martin De Porres,San Martin De Porres,21.93,21.77,44,5,49,5.0,MICROBUS (M2),AVENIDA SANTA MARIA / AVENIDA LAS TORRES,AVENIDA 12 DE OCTUBRE / CALLE BERNARDO ALCEDO,18,19,AVENIDA SANTA MARIA > CALLE B > AVENIDA TANTAMAYO > AVENIDA CENTRAL > AVENIDA ROMULO BETANCOURT > AVENIDA 2 DE OCTUBRE > OVALO INFANTAS > CARRETERA PANAMERICANA NORTE > AVENIDA LOS PROCERES DE HUANDOY > AVENIDA GERARDO UNGER > AVENIDA GUILLERMO DE LA FUENTE > AVENIDA UNIVERSITARIA > AVENIDA ANDRES BELAUNDE OESTE > AVENIDA TUPAC AMARU > AVENIDA TOMAS VALLE > OVALO TOMAS VALLE > AVENIDA TOMAS VALLE > AVENIDA 12 DE OCTUBRE,AVENIDA 12 DE OCTUBRE > AVENIDA TOMAS VALLE > OVALO TOMAS VALLE > AVENIDA TOMAS VALLE > AVENIDA TUPAC AMARU > AVENIDA ANDRES BELAUNDE OESTE > AVENIDA UNIVERSITARIA > AVENIDA GUILLERMO DE LA FUENTE > AVENIDA GERARDO UNGER > AVENIDA LOS PROCERES DE HUANDOY > CARRETERA PANAMERICANA NORTE > OVALO INFANTAS > AVENIDA 2 DE OCTUBRE > AVENIDA ROMULO BETANCOURT > AVENIDA CENTRAL > AVENIDA TANTAMAYO > CALLE CASUARINAS > PASAJE SANTA MARIA > AVENIDA SANTA MARIA,RUTA_2203_1339.pdf,
1340,2208,E.T. Y SERVICIOS UNIDOS PARA TRIUNFAR S.A.,San Martin De Porres,San Martin De Porres,22.49,23.67,36,4,40,8.0,MICROBUS (M2),AUXILIAR AVENIDA CANTA CALLAO / AVENIDA BERTELLO,AVENIDA TANTAMAYO / AVENIDA CHUQUITANTA,16,18,AUXILIAR AVENIDA CANTA CALLAO > OVALO CANTA CALLAO > AVENIDA NARANJAL > OVALO NARANJAL > AVENIDA NARANJAL > AVENIDA TUPAC AMARU > AVENIDA ANDRES BELAUNDE OESTE > AVENIDA UNIVERSITARIA > AVENIDA GUILLERMO DE LA FUENTE > AVENIDA GERARDO UNGER > AVENIDA LOS PROCERES DE HUANDOY > AVENIDA 2 DE OCTUBRE > AVENIDA ROMULO BETANCOURT > AVENIDA CENTRAL > AVENIDA CANTA CALLAO > AVENIDA TANTAMAYO,"AVENIDA TANTAMAYO > AVENIDA CANTA CALLAO > OVALO CANTA CALLAO (VUELTA EN ""U"") > AVENIDA CANTA CALLAO > AVENIDA CENTRAL > AVENIDA ROMULO BETANCOURT > AVENIDA 2 DE OCTUBRE > AVENIDA LOS PROCERES DE HUANDOY > AVENIDA GERARDO UNGER > AVENIDA GUILLERMO DE LA FUENTE > AVENIDA UNIVERSITARIA > AVENIDA ANDRES BELAUNDE OESTE > AVENIDA TUPAC AMARU > AVENIDA NARANJAL > OVALO NARANJAL > AVENIDA NARANJAL > OVALO CANTA CALLAO > AUXILIAR AVENIDA CANTA CALLAO",RUTA_2208_1340.pdf,
1341,3403,E.T. SANTA ROSA DE JICAMARCA S.A.,San Juan De Lurigancho,Lurigancho (Chosica),41.33,40.57,65,7,72,7.0,MINIBUS (M2-M3),AVENIDA FERNANDO WIESSE / JIRON MAR DEL NORTE,AVENIDA BERNARD DE BALAGUER / CALLE 8,28,33,AVENIDA FERNANDO WIESSE > AVENIDA JOSE CARLOS MARIATEGUI > AVENIDA CANTO GRANDE > AVENIDA LAS FLORES DE PRIMAVERA > AVENIDA LAS ALCAPARRAS > JIRON LOS LIQUENES > AVENIDA LURIGANCHO > AVENIDA PIRAMIDE DEL SOL > PUENTE PIRAMIDE DEL SOL > AVENIDA JOSE CARLOS MARIATEGUI > OVALO DE LA PAZ > AVENIDA CESAR VALLEJO > CALLE MARIA PARADO DE BELLIDO > JIRON CIRO ALEGRIA > AVENIDA LOS EUCALIPTOS > AVENIDA LOS RUISEÑORES > AVENIDA HUANCARAY > AVENIDA METROPOLITANA > PROLONGACION JAVIER PRADO ESTE > CARRETERA CENTRAL > AVENIDA LAS TORRES > PUENTE HUACHIPA > CALLE CORA CORA > AVENIDA CARAPONGO > CALLE 24 DE SETIEMBRE > CALLE PRINCIPAL > CALLE CUSIPATA > AVENIDA BERNARD DE BALAGUER,AVENIDA BERNARD DE BALAGUER > CALLE CUSIPATA > CALLE PRINCIPAL > CALLE 24 DE SETIEMBRE > AVENIDA CARAPONGO > CALLE CORA CORA > AVENIDA RAMIRO PRIALE > AVENIDA LAS TORRES > PUENTE HUACHIPA > AVENIDA LAS TORRES > CARRETERA CENTRAL > CALLE SANTA MARIA > AVENIDA BERNARDINO RIVADAVIA > AVENIDA METROPOLITANA > AVENIDA HUANCARAY > AVENIDA LOS RUISEÑORES > AVENIDA LOS EUCALIPTOS > AVENIDA JOSE CARLOS MARIATEGUI > AVENIDA TUPAC AMARU > AVENIDA CAMINO REAL > AVENIDA CESAR VALLEJO > OVALO DE LA PAZ > AVENIDA JOSE CARLOS MARIATEGUI > PUENTE CHINCHAYSUYO > JIRON CHINCHAYSUYO > JIRON SAN AURELIO > AVENIDA LURIGANCHO > JIRON LOS LIQUENES > AVENIDA LAS ALCAPARRAS > AVENIDA LAS FLORES DE PRIMAVERA > AVENIDA CANTO GRANDE > AVENIDA JOSE CARLOS MARIATEGUI > AVENIDA FERNANDO WIESSE,RUTA_3403_1341.pdf,
1342,3610,TRANSPORTES VARA S.A.,San Juan De Lurigancho,El Agustino,15.96,15.92,28,3,31,3.0,MICROBUS (M2),AVENIDA SAUL CANTORAL / ALT. I.E. 1183 SAUL CANTORAL HUAMANI,AVENIDA JOSE CARLOS MARIATEGUI / AV. ANCASH (OVALO LA PAZ),12,12,AVENIDA SAUL CANTORAL > ALAMEDA DE LA AMISTAD > AVENIDA EL MURO OESTE > AVENIDA FERNANDO WIESSE > AVENIDA JOSE CARLOS MARIATEGUI > AVENIDA SAN MARTIN DE PORRES > AVENIDA FERNANDO WIESSE > AVENIDA PROCERES DE LA INDEPENDENCIA > AVENIDA PIRAMIDE DEL SOL > PUENTE PIRAMIDE DEL SOL > AVENIDA PIRAMIDE DEL SOL > AVENIDA JOSE CARLOS MARIATEGUI,AVENIDA JOSE CARLOS MARIATEGUI > PUENTE CHINCHAYSUYO > JIRON CHINCHAYSUYO > JIRON SAN AURELIO > AVENIDA PROCERES DE LA INDEPENDENCIA > AVENIDA FERNANDO WIESSE > AVENIDA SAN MARTIN DE PORRES > AVENIDA JOSE CARLOS MARIATEGUI > AVENIDA FERNANDO WIESSE > AVENIDA EL MURO OESTE > ALAMEDA DE LA AMISTAD > AVENIDA SAUL CANTORAL,RUTA_3610_1342.pdf,
1343,3802,TRANSPORTES NEGOCIACIONES SANTA ANITA S.A.,San Juan De Lurigancho,Pachacamac,38.39,38.13,69,7,76,6.0,MINIBUS (M2-M3),AVENIDA FERNANDO WIESSE / JIRON MAR DE FLORES,AVENIDA VICTOR MALASQUEZ / CALLE SN (ASOCIACION DE VIVIENDA LOS FICUS DE PACHACAMAC),22,23,AVENIDA FERNANDO WIESSE > AVENIDA JOSE CARLOS MARIATEGUI > AVENIDA SAN MARTIN DE PORRES > AVENIDA CANTO GRANDE > AVENIDA EL SOL > AVENIDA PROCERES DE LA INDEPENDENCIA > AVENIDA PIRAMIDE DEL SOL > PUENTE PIRAMIDE DEL SOL > AVENIDA JOSE CARLOS MARIATEGUI > OVALO DE LA PAZ > AVENIDA CESAR VALLEJO > CALLE CESAR VALLEJO > CALLE MARIA PARADO DE BELLIDO > CALLE CIRO ALEGRIA > AVENIDA LOS EUCALIPTOS > AVENIDA LOS RUISEÑORES > AVENIDA LA MOLINA > OVALO LA FONTANA > AVENIDA LA UNIVERSIDAD > AVENIDA LA MOLINA > ACCESO MANCHAY > AVENIDA VICTOR MALASQUEZ,AVENIDA VICTOR MALASQUEZ > ACCESO MANCHAY > AVENIDA LA MOLINA > AVENIDA LA UNIVERSIDAD > OVALO LA FONTANA > AVENIDA LA MOLINA > AVENIDA LOS RUISEÑORES > AVENIDA LOS EUCALIPTOS > AVENIDA JOSE CARLOS MARIATEGUI > AVENIDA TUPAC AMARU > AVENIDA CAMINO REAL > AVENIDA CESAR VALLEJO > OVALO DE LA PAZ > AVENIDA JOSE CARLOS MARIATEGUI > PUENTE CHINCHAYSUYO > JIRON CHINCHAYSUYO > JIRON SAN AURELIO > AVENIDA PROCERES DE LA INDEPENDENCIA > AVENIDA EL SOL > AVENIDA CANTO GRANDE > AVENIDA SAN MARTIN DE PORRES > AVENIDA JOSE CARLOS MARIATEGUI > AVENIDA FERNANDO WIESSE,RUTA_3802_1343.pdf,
1344,3803,TRANSPORTES NEGOCIACIONES SANTA ANITA S.A.,San Juan De Lurigancho,Pachacamac,42.2,41.93,69,7,76,6.0,MINIBUS (M2-M3),AVENIDA FERNANDO WIESSE / JIRON MAR DEL NORTE,AVENIDA LA UNION / CALLE SINAI,24,25,AVENIDA FERNANDO WIESSE > AVENIDA PROCERES DE LA INDEPENDENCIA > AVENIDA PIRAMIDE DEL SOL > PUENTE PIRAMIDE DEL SOL > AVENIDA JOSE CARLOS MARIATEGUI > OVALO DE LA PAZ > AVENIDA CESAR VALLEJO > CALLE CESAR VALLEJO > CALLE MARIA PARADO DE BELLIDO > JIRÓN CIRO ALEGRIA > AVENIDA LOS EUCALIPTOS > AVENIDA LOS RUISEÑORES > AVENIDA LA MOLINA > OVALO LA FONTANA > AVENIDA LA UNIVERSIDAD > AVENIDA LA MOLINA > ACCESO MANCHAY > AVENIDA VICTOR MALASQUEZ > AVENIDA LOS CLAVELES ALTO > AVENIDA LOS NARANJOS > AVENIDA VICTOR MALASQUEZ > AVENIDA LA UNION > OVALO RETAMAL > AVENIDA LA UNION,AVENIDA LA UNION > OVALO RETAMAL > AVENIDA LA UNION > AVENIDA VICTOR MALASQUEZ > AVENIDA LOS NARANJOS > AVENIDA LOS CLAVELES ALTO > AVENIDA VICTOR MALASQUEZ > ACCESO MANCHAY > AVENIDA LA MOLINA > AVENIDA LA UNIVERSIDAD > OVALO LA FONTANA > AVENIDA LA MOLINA > AVENIDA LOS RUISEÑORES > AVENIDA LOS EUCALIPTOS > AVENIDA JOSE CARLOS MARIATEGUI > AVENIDA TUPAC AMARU > AVENIDA CAMINO REAL > AVENIDA CESAR VALLEJO > OVALO DE LA PAZ > AVENIDA JOSE CARLOS MARIATEGUI > PUENTE CHINCHAYSUYO > JIRON CHINCHAYSUYO > JIRON SAN AURELIO > AVENIDA PROCERES DE LA INDEPENDENCIA > AVENIDA FERNANDO WIESSE,RUTA_3803_1344.pdf,
1345,3804,E.T. Y TURISMO CINCO ESTRELLAS S.A.,San Juan De Lurigancho,Pachacamac,43.44,42.65,65,7,72,6.0,MINIBUS (M2-M3),AVENIDA FERNANDO WISSE / JIRON MAR DEL NORTE,AVENIDA VICTOR MALASQUEZ / AVENIDA PAUL POBLET (OVALO MANCHAY BAJO),24,25,AVENIDA FERNANDO WIESSE > AVENIDA PROCERES DE LA INDEPENDENCIA > AVENIDA JORGE BASADRE ESTE > AVENIDA 13 DE ENERO > AVENIDA LURIGANCHO > AVENIDA PIRAMIDE DEL SOL > PUENTE PIRAMIDE DEL SOL > AVENIDA JOSE CARLOS MARIATEGUI > OVALO LA PAZ > AVENIDA CESAR VALLEJO > CALLE CESAR VALLEJO > CALLE MARIA PARADO DE BELLIDO > JIRON CIRO ALEGRIA > AVENIDA LOS EUCALIPTOS > AVENIDA LOS RUISEÑORES > AVENIDA LA MOLINA > OVALO LA FONTANA > AVENIDA LA UNIVERSIDAD > AVENIDA LA MOLINA > ACCESO MANCHAY > AVENIDA VICTOR MALASQUEZ > AVENIDA LOS CLAVELES ALTO > AVENIDA LOS NARANJOS > AVENIDA VICTOR MALASQUEZ,AVENIDA VICTOR MALASQUEZ > AVENIDA LOS NARANJOS > AVENIDA LOS CLAVELES ALTO > AVENIDA VICTOR MALASQUEZ > ACCESO MANCHAY > AVENIDA LA MOLINA > AVENIDA LA UNIVERSIDAD > OVALO LA FONTANA > AVENIDA LA MOLINA > AVENIDA LOS RUISEÑORES > AVENIDA LOS EUCALIPTOS > AVENIDA JOSE CARLOS MARIATEGUI > AVENIDA TUPAC AMARU > AVENIDA CAMINO REAL > AVENIDA CESAR VALLEJO > OVALO DE LA PAZ > AVENIDA JOSE CARLOS MARIATEGUI > PUENTE CHINCHAYSUYO > JIRON CHINCHAYSUYO > JIRON SAN AURELIO > AVENIDA LURIGANCHO > AVENIDA 13 DE ENERO > AVENIDA EL SOL > AVENIDA PROCERES DE LA INDEPENDENCIA > AVENIDA FERNANDO WIESSE,RUTA_3804_1345.pdf,
1346,3907,EMPRESA DE TRANSPORTE NUEVO SAN JUAN S.A,San Juan De Lurigancho,Callao,26.62,27.7,41,5,46,6.0,MINIBUS (M2-M3),AVENIDA LURIGANCHO / AVENIDA EL SANTUARIO,AVENIDA SANTA ROSA / AVENIDA ARGENTINA,34,39,AVENIDA LURIGANCHO > CALLE LOS REGADORES > AVENIDA SANTA ROSA > AVENIDA LAS LOMAS > AVENIDA EL SANTUARIO > AVENIDA GRAN PAJATEN > JIRON CAJAMARQUILLA > AVENIDA PIRAMIDE DEL SOL > PUENTE PIRAMIDE DEL SOL > AVENIDA JOSE CARLOS MARIATEGUI > AVENIDA LAS MAGNOLIAS > AVENIDA PLACIDO JIMENEZ > JIRON ANCASH > AVENIDA SEBASTIAN LORENTE > AVENIDA ALMIRANTE MIGUEL GRAU > AVENIDA AVIACION > AVENIDA 28 DE JULIO > PLAZA JORGE CHAVEZ > AVENIDA 28 DE JULIO > VIA AUXILIAR AVENIDA BRASIL > JIRON RESTAURACION > JIRON GENERAL VARELA > PARQUE GENERAL PEDRO SILVA > JIRON GENERAL VARELA > AVENIDA ARICA > JIRON AGUARICO > AVENIDA REPUBLICA DE VENEZUELA > PUENTE TINGO MARIA > AVENIDA PROLONGACION ARICA > AVENIDA LUIS BRAILLE > AVENIDA REYNALDO SAAVEDRA PINON > AVENIDA VICTOR SARRIA ARZUBIAGA > AVENIDA OSCAR R. BENAVIDES > AVENIDA SANTA ROSA,"AVENIDA SANTA ROSA > AVENIDA JUAN PABLO II > AVENIDA JUAN PABLO II (VUELTA EN ""U"" ALT. CALLE MANUEL UGARTE) > AVENIDA JUAN PABLO II > AVENIDA OSCAR R. BENAVIDES > AVENIDA VICTOR SARRIA ARZUBIAGA > AVENIDA REYNALDO SAAVEDRA PINON > AVENIDA LUIS BRAILLE > AVENIDA PROLONGACION ARICA > AVENIDA NACIONES UNIDAS > AVENIDA REPUBLICA DE VENEZUELA > PUENTE TINGO MARIA > AVENIDA ARICA > JIRON JORGE CHAVEZ > JIRON CASTROVIRREYNA > JIRON GENERAL JOSE CANTERAC > AVENIDA GENERAL EUGENIO GARZON > AVENIDA 28 DE JULIO > PLAZA JORGE CHAVEZ > AVENIDA 28 DE JULIO > AVENIDA JOSE GALVEZ > AVENIDA JAIME BAUSATE Y MEZA > JIRON HUANUCO > AVENIDA ALMIRANTE MIGUEL GRAU > JIRON JUNIN > AVENIDA SEBASTIAN LORENTE > JIRON ANCASH > AVENIDA PLACIDO JIMENEZ > CALLE 3 DE DICIEMBRE > AVENIDA JOSE CARLOS MARIATEGUI > PUENTE CHINCHAYSUYO > JIRON CHINCHAYSUYO > AVENIDA GRAN CHIMU > AVENIDA GRAN PAJATEN > AVENIDA EL SANTUARIO > AVENIDA LAS LOMAS > AVENIDA SANTA ROSA > CALLE LOS REGADORES > AVENIDA LURIGANCHO",RUTA_3907_1346.pdf,
1347,4211,EMPRESA DE TRANSPORTES 102 S.A.,Lurigancho (Chosica),San Juan De Lurigancho,20.41,20.71,29,3,32,3.0,MICROBUS (M2),CALLE LOS CIPRESES / AVENIDA REAL,AVENIDA MALECON CHECA / AVENIDA GRAN CHIMU,18,19,CALLE LOS CIPRESES > AVENIDA LA UNION > AVENIDA SANTA CRUZ > AVENIDA CAJAMARQUILLA > AVENIDA B > AVENIDA SN > AVENIDA CHOSICA > AVENIDA CAJAMARQUILLA > AVENIDA LAS TORRES > AVENIDA CIRCUNVALACION > AVENIDA EL POLO > CALLE LOS HALCONES > AVENIDA LOS CANARIOS > CALLE LAS GAVIOTAS > AVENIDA LOS CISNES > PUENTE HUAYCOLORO > AVENIDA FRANCISCO BOLOGNESI > AVENIDA MALECON CHECA EGUIGUREN,AVENIDA GRAN CHIMU > AVENIDA MALECON CHECA EGUIGUREN > AVENIDA FRANCISCO BOLOGNESI > PUENTE HUAYCOLORO > AVENIDA LOS CISNES > CALLE LAS GAVIOTAS > AVENIDA LOS CANARIOS > CALLE LOS HALCONES > AVENIDA EL POLO > AVENIDA CIRCUNVALACION > AVENIDA LAS TORRES > AVENIDA CAJAMARQUILLA > AVENIDA CHOSICA > AVENIDA SN > AVENIDA B > AVENIDA CAJAMARQUILLA > AVENIDA SANTA CRUZ > AVENIDA LA UNION > CALLE LOS CIPRESES,RUTA_4211_1347.pdf,
1348,4302,JERRBUS S.A.C.,Ate,San Juan De Lurigancho,20.11,19.51,35,4,39,3.0,MICROBUS (M2),AVENIDA VISTA ALEGRE / AVENIDA PROLONGACION JAVIER PRADO ESTE,AVENIDA MALECON MIGUEL CHECA EGUIGUREN / AVENIDA GRAN CHIMU,19,19,AVENIDA VISTA ALEGRE > CARRETERA CENTRAL > AUXILIAR CARRETERA CENTRAL (BY PASS JAVIER PRADO) > CARRETERA CENTRAL > AVENIDA JOSE CARLOS MARIATEGUI > AVENIDA HUANCHIHUAYLAS > CARRETERA CENTRAL > AVENIDA LAS TORRES > PUENTE HUACHIPA > AVENIDA LAS TORRES > AVENIDA CIRCUNVALACION > AVENIDA EL POLO > CALLE LOS HALCONES > AVENIDA LOS CANARIOS > CALLE LAS GAVIOTAS > AVENIDA LOS CISNES > PUENTE HUAYCOLORO > AVENIDA FRANCISCO BOLOGNESI > AVENIDA MALECON MIGUEL CHECA EGUIGUREN,AVENIDA GRAN CHIMU > AVENIDA MALECON MIGUEL CHECA EGUIGUREN > AVENIDA FRANCISCO BOLOGNESI > PUENTE HUAYCOLORO > AVENIDA LOS CISNES > CALLE LAS GAVIOTAS > AVENIDA LOS CANARIOS > CALLE LOS HALCONES > AVENIDA EL POLO > AVENIDA CIRCUNVALACION > AVENIDA LAS TORRES > PUENTE HUACHIPA > AVENIDA LAS TORRES > AVENIDA PEDRO RUIZ GALLO > CALLE LAS PRADERAS > CARRETERA CENTRAL > AUXILIAR CARRETERA CENTRAL (BY PASS JAVIER PRADO) > CARRETERA CENTRAL > AVENIDA VISTA ALEGRE,RUTA_4302_1348.pdf,
1349,4303,EMPRESA BECAMI S.A.C.,Ate,San Juan De Lurigancho,14.52,14.91,33,4,37,4.0,MICROBUS (M2),AVENIDA PEDRO RUIZ GALLO / CALLE SN (ALT. CALLE UNION),AVENIDA MALECON CHECA EGUIGUREN / AVENIDA GRAN CHIMU,13,16,AVENIDA PEDRO RUIZ GALLO > AVENIDA LAS TORRES > PUENTE HUACHIPA > AVENIDA LAS TORRES > AVENIDA CIRCUNVALACION > AVENIDA EL POLO > CALLE LOS HALCONES > AVENIDA LOS CANARIOS > CALLE LAS GAVIOTAS > AVENIDA LOS CISNES > PUENTE HUAYCOLORO > AVENIDA PRINCIPAL > AVENIDA MALECON MIGUEL CHECA EGUIGUREN,AVENIDA GRAN CHIMU > AVENIDA MALECON MIGUEL CHECA EGUIGUREN > AVENIDA PRINCIPAL > PUENTE HUAYCOLORO > AVENIDA LOS CISNES > CALLE LAS GAVIOTAS > AVENIDA LOS CANARIOS > CALLE LOS HALCONES > AVENIDA EL POLO > AVENIDA CIRCUNVALACION > AVENIDA LAS TORRES > PUENTE HUACHIPA > AVENIDA LAS TORRES > CARRETERA CENTRAL > ACCESO AVENIDA LAS TORRES > AVENIDA PEDRO RUIZ GALLO,RUTA_4303_1349.pdf,
1350,4306,COMUN. INTEG.TURIS. Y SERV. URANO TOURS S.A.,Ate,San Juan De Lurigancho,14.57,14.97,40,4,44,3.0,MICROBUS (M2),AVENIDA PEDRO RUIZ GALLO / CALLE SN (SANTA CLARA),AVENIDA GRAN CHIMU / PASAJE EL TUMI,17,18,AVENIDA PEDRO RUIZ GALLO > AVENIDA LAS TORRES > PUENTE HUACHIPA > AVENIDA LAS TORRES > AVENIDA CAJAMARQUILLA > AVENIDA CIRCUNVALACION > AVENIDA QUINTA > AVENIDA LOS LAURELES > AVENIDA POLO > AVENIDA LOS HALCONES > AVENIDA LOS CANARIOS > CALLE LAS GAVIOTAS > AVENIDA LOS CISNES > PUENTE HUAYCOLORO > AVENIDA FRANCISCO BOLOGNESI > AVENIDA MALECON CHECA > AVENIDA GRAN CHIMU,AVENIDA GRAN CHIMU > AVENIDA MALECON CHECA > AVENIDA FRANCISCO BOLOGNESI > PUENTE HUAYCOLORO > AVENIDA LOS CISNES > CALLE LAS GAVIOTAS > AVENIDA LOS CANARIOS > AVENIDA LOS HALCONES > AVENIDA POLO > AVENIDA LOS LAURELES > AVENIDA QUINTA > AVENIDA CIRCUNVALACION > AVENIDA CAJAMARQUILLA > AVENIDA LAS TORRES > PUENTE HUACHIPA > AVENIDA LAS TORRES > CARRETERA CENTRAL > AVENIDA PEDRO RUIZ GALLO,RUTA_4306_1350.pdf,
1351,4308,VARANT S.A.C. - VARANT,Ate,San Juan De Lurigancho,25.76,24.52,50,5,55,3.0,MICROBUS (M2),CALLE EL PARQUE DE LAS AGUAS / AVENIDA LAS GAVIOTAS,AVENIDA MALECON CHECA / AVENIDA GRAN CHIMU,24,25,"CALLE EL PARQUE DE LAS AGUAS > CALLE LAS CALANDRIAS > AVENIDA FERROCARRIL > AVENIDA FERROCARRIL (VUELTA EN ""U"" ALT. AVENIDA DE LA CULTURA) > AVENIDA FERROCARRIL > AVENIDA HUAROCHIRI > AVENIDA HUANCARAY > AVENIDA METROPOLITANA > AVENIDA EL SOL > AUXILIAR CARRETERA CENTRAL > CARRETERA CENTRAL > AUXILIAR CARRETERA CENTRAL (BY PASS JAVIER PRADO > AVENIDA LAS TORRES > PUENTE HUACHIPA > AVENIDA LAS TORRES > AVENIDA CIRCUNVALACION > AVENIDA EL POLO > CALLE LOS HALCONES > AVENIDA LOS CANARIOS > CALLE LAS GAVIOTAS > AVENIDA LOS CISNES > PUENTE HUAYCOLORO > AVENIDA FRANCISCO BOLOGNESI > AVENIDA MALECON CHECA","AVENIDA GRAN CHIMU > AVENIDA MALECON CHECA > AVENIDA FRANCISCO BOLOGNESI > PUENTE HUAYCOLORO > AVENIDA LOS CISNES > CALLE LAS GAVIOTAS > AVENIDA LOS CANARIOS > CALLE LOS HALCONES > AVENIDA EL POLO > AVENIDA CIRCUNVALACION > AVENIDA LAS TORRES > PUENTE HUACHIPA > AVENIDA LAS TORRES > AUXILIAR CARRETERA CENTRAL (BY PASS JAVIER PRADO > CARRETERA CENTRAL > AUXILIAR CARRETERA CENTRAL > AVENIDA EL SOL > AVENIDA METROPOLITANA > AVENIDA HUANCARAY > AVENIDA HUAROCHIRI > AVENIDA FERROCARRIL > AVENIDA FERROCARRIL (VUELTA EN ""U"" ALT. AVENIDA DE LA CULTURA) > AVENIDA FERROCARRIL > CALLE LAS CALANDRIAS > CALLE EL PARQUE DE LAS AGUAS",RUTA_4308_1351.pdf,
1352,4401,E. T. T. NUEVO AMANECER S.A.C.,Lurigancho,Santa Anita,16.32,16.62,45,5,50,4.0,MICROBUS (M2),CA. SN (AA.HH. VIOLETA CORREA DE BELAUNDE) / CALLE LOS JAZMINES,AVENIDA DE LA CULTURA / AVENIDA METROPOLITANA,25,21,CALLE SN (AA.HH. VIOLETA CORREA DE BELAUNDE) > CALLE LAS PONCIONAS > CALLE LOS CIPRECES > CALLE UNION > CALLE SANTA CRUZ > AVENIDA CAJAMARQUILLA > AVENIDA SAN ANTONIO > AVENIDA C > CALLE 8 > AVENIDA B > CALLE 5 > QUEBRADA HUAYCOLORO > CALLE 6 > CALLE 1 > AVENIDA CHOSICA > AVENIDA CAJAMARQUILLA > AVENIDA LAS TORRES > PUENTE HUACHIPA > AVENIDA LAS TORRES > AVENIDA PEDRO RUIZ GALLO > AVENIDA MONTEMAYOR > CARRETERA CENTRAL > AUXILIAR CARRETERA CENTRAL (BY PASS JAVIER PRADO) > CARRETERA CENTRAL > AVENIDA DE LA CULTURA,AVENIDA DE LA CULTURA > CARRETERA CENTRAL > AUXILIAR CARRETERA CENTRAL (BY PASS JAVIER PRADO) > CARRETERA CENTRAL > AVENIDA LAS TORRES > PUENTE HUACHIPA > AVENIDA LAS TORRES > AVENIDA CAJAMARQUILLA > AVENIDA CHOSICA > CALLE 1 > CALLE 6 > QUEBRADA HUAYCOLORO > CALLE 5 > AVENIDA B > AVENIDA SAN ANTONIO > AVENIDA CAJAMARQUILLA > CALLE SANTA CRUZ > CALLE UNION > CALLE LOS CIPRECES > CALLE LAS PONCIANAS > CALLE SN (AA.HH. VIOLETA CORREA DE BELAUNDE),RUTA_4401_1352.pdf,
1353,4402,EMPRESA DE TRANSPORTE IMPORTACIONES Y SERVICIOS H2 S.A.C.,Lurigancho,Ate,22.51,22.31,35,4,39,6.0,MICROBUS (M2),CALLE 11 / CALLE 12 (C.P. VIRGEN DEL CARMEN LA ERA),AVENIDA LA MAR / CALLE OLLANTAYTAMBO,28,24,CALLE 11 > CALLE E > CALLE VIRGEN DEL CARMEN > CALLE O > CALLE EL CARMEN > AVENIDA A > AVENIDA VIRGEN DEL CARMEN > CALLE LOS OLIVOS > AVENIDA BERNARD DE BALAGUER > CALLE CUSIPATA > CALLE PRINCIPAL > CALLE 24 DE SETIEMBRE > AVENIDA CARAPONGO > AVENIDA LAS TORRES > PUENTE HUACHIPA > AVENIDA LAS TORRES > CARRETERA CENTRAL > VIA AUXILIAR CARRETERA CENTRAL (BY PASS JAVIER PRADO) > CARRETERA CENTRAL > AVENIDA SOL > OVALO DE PURUCHUCO > AVENIDA EL SOL > AVENIDA METROPOLITANA > AVENIDA HUANCARAY > AVENIDA LOS RUISEÑORES > AVENIDA LA MOLINA > AVENIDA URUBAMBA > AVENIDA LA MAR,AVENIDA LA MAR > AVENIDA URUBAMBA > AVENIDA LA MOLINA > AVENIDA LOS RUISEÑORES > AVENIDA HUANCARAY > AVENIDA METROPOLITANA > PROLONGACION JAVIER PRADO ESTE > VIA AUXILIAR CARRETERA CENTRAL (BY PASS JAVIER PRADO) > CARRETERA CENTRAL > AVENIDA LAS TORRES > PUENTE HUACHIPA > AVENIDA CARAPONGO > CALLE 24 DE SETIEMBRE > CALLE PRINCIPAL > CALLE CUSIPATA > AVENIDA BERNARD DE BALAGUER > CALLE LOS OLIVOS > AVENIDA VIRGEN DEL CARMEN > AVENIDA A > CALLE EL CARMEN > CALLE O > CALLE VIRGEN DEL CARMEN > CALLE E > CALLE 11,RUTA_4402_1353.pdf,
1354,4406,E.T. Y SERV. EL TRIUNFO 119 S.A.,Lurigancho (Chosica),Ate,27.97,31.05,41,5,46,4.0,MINIBUS (M2-M3),CALLE RICARDO PALMA / AVENIDA BOLIVIA,AVENIDA ANDRES AVELINO CACERES / CALLE 2,23,30,CALLE RICARDO PALMA > CALLE LOS GERANIOS > CALLE LAS GUYANAS > CALLE BOLIVIA > AVENIDA ENRIQUE GUZMAN Y VALLE > JIRON BRASIL > CALLE EL ECUADOR > JIRON COLOMBIA > JIRON ARGENTINA > PUENTE PAPELERA > CALLE 28 DE JULIO > JIRON LIBERTAD > JIRON TRUJILLO SUR > JIRON TACNA > AVENIDA LIMA SUR > AVENIDA LAS FLORES > CARRETERA CENTRAL > PUENTE LOS ANGELES > CARRETERA CENTRAL > AVENIDA JOSE CARLOS MARIATEGUI > AVENIDA LOS INCAS > AVENIDA JOSE CARLOS MARIATEGUI > AVENIDA ANDRES AVELINO CACERES,AVENIDA ANDRES AVELINO CACERES > AVENIDA SAN MARCOS > AVENIDA 15 DE JULIO > AVENIDA JOSE CARLOS MARIATEGUI > AVENIDA ANDRES AVELINO CACERES > CALLE ROSARIO > AVENIDA JOSE CARLOS MARIATEGUI > AVENIDA LOS INCAS > AVENIDA JOSE CARLOS MARIATEGUI > CARRETERA CENTRAL > PUENTE LOS ANGELES > CARRETERA CENTRAL > AVENIDA LAS FLORES > AVENIDA LIMA SUR > JIRON TACNA > CALLE 28 DE JULIO > JIRON LIBERTAD > JIRON TRUJILLO SUR > JIRON CALLAO > CALLE CUSCO > JIRON TACNA > CALLE 28 DE JULIO > PUENTE PAPELERA > JIRON ARGENTINA > JIRON BRASIL > AVENIDA ENRIQUE GUZMAN Y VALLE > CALLE BOLIVIA > CALLE LAS GUYANAS > CALLE LOS GERANIOS > CALLE RICARDO PALMA,RUTA_4406_1354.pdf,
1355,4407,CRUZ DE NAZARENO S.A. - C. NAZARENO S.A.,Santa Anita,La Molina,18.74,18.56,41,5,46,3.0,MINIBUS (M2-M3),AVENIDA TUPAC AMARU / AVENIDA JUAN VELASCO ALVARADO,AVENIDA RICARDO ELIAS APARICIO / JIRON EL LINDERO,22,20,AVENIDA TUPAC AMARU > CALLE CESAR VALLEJO > CALLE MARIA PARADO DE BELLIDO > JIRON CIRO ALEGRIA > AVENIDA LOS EUCALIPTOS > AVENIDA LOS RUISEÑORES > AVENIDA LA MOLINA > OVALO LA FONTANA > AVENIDA LA UNIVERSIDAD > AVENIDA ALAMEDA DEL CORREGIDOR > AVENIDA LOS FRESNOS > OVALO LOS CONDORES > AVENIDA LAS LOMAS DE LA MOLINA VIEJA > OVALO LAS LOMAS > CALLE EL ESTABLO > CALLE LOS GIRASOLES > AVENIDA LOS OLIVOS > CALLE VIÑA ALTA > AVENIDA LOS FRESNOS > AVENIDA RAUL FERRERO > AVENIDA 7 > AVENIDA RICARDO ELIAS APARICIO,"AVENIDA RICARDO ELIAS APARICIO > AVENIDA 7 > AVENIDA RAUL FERRERO > AVENIDA RAUL FERRERO (VUELTA EN ""U"" ALT. AVENIDA ALAMEDA MOLINA VIEJA) > AVENIDA RAUL FERRERO > AVENIDA LOS FRESNOS > CALLE VIÑA ALTA > AVENIDA LOS OLIVOS > CALLE LOS GIRASOLES > CALLE EL ESTABLO > OVALO LAS LOMAS > AVENIDA LAS LOMAS DE LA MOLINA VIEJA > OVALO LOS CONDORES > AVENIDA LOS FRESNOS > AVENIDA ALAMEDA DEL CORREGIDOR > AVENIDA LA UNIVERSIDAD > OVALO LA FONTANA > AVENIDA LA MOLINA > AVENIDA LOS RUISEÑORES > AVENIDA LOS EUCALIPTOS",RUTA_4407_1355.pdf,
1356,4408,TRANSPORTES PREMIER EL NAZARENO S.A.,La Molina,Lurigancho (Chosica),33.77,31.25,46,5,51,7.0,MINIBUS (M2-M3),AVENIDA PROLONGACION LOS FRESNOS / CALLE RIO MAPOCHO,AVENIDA BERNARD DE BALAGUER / AVENIDA ALAMEDA ÑAÑA,35,27,AVENIDA PROLONGACION LOS FRESNOS > AVENIDA LOS FRESNOS > OVALO LOS CONDORES > AVENIDA DE LOS CONDORES > AVENIDA ALAMEDA DEL CORREGIDOR > AVENIDA LA UNIVERSIDAD > OVALO LA FONTANA > AVENIDA LA MOLINA > AVENIDA LOS RUISEÑORES > AVENIDA CHANCAS DE ANDAHUAYLAS > AVENIDA LA ENCALADA > AVENIDA FERROCARRIL > AVENIDA CAMINO REAL > AVENIDA LA CULTURA > AVENIDA LOS VIRREYES > AVENIDA LAS NUECES > AVENIDA METROPOLITANA > AVENIDA BERNARDINO RIVADAVIA > CALLE MAR DE LAS MARIANAS > CARRETERA CENTRAL > AVENIDA LAS TORRES > PUENTE HUACHIPA > AVENIDA CARAPONGO > AVENIDA 24 DE SETIEMBRE > VIA CARRETERA CARAPONGO > AVENIDA CUSIPATA > AVENIDA BERNARD DE BALAGUER > AVENIDA ALAMEDA ÑAÑA > PUENTE ÑAÑA > AVENIDA ATAHUALPA > AVENIDA ATAHUALPA (VUELTA EN U ALTURA AVENIDA UNION) > AVENIDA ATAHUALPA > PUENTE ÑAÑA > AVENIDA ALAMEDA ÑAÑA > AVENIDA BERNARD DE BALAGUER,AVENIDA BERNARD DE BALAGUER > AVENIDA CUSIPATA > VIA CARRETERA CARAPONGO > AVENIDA 24 DE SETIEMBRE > AVENIDA CARAPONGO > PUENTE HUACHIPA > AVENIDA LAS TORRES > CARRETERA CENTRAL > CALLE SANTA MARIA > AVENIDA BERNARDINO RIVADAVIA > AVENIDA METROPOLITANA > AVENIDA LAS NUECES > AVENIDA LOS VIRREYES > AVENIDA LA CULTURA > AVENIDA CAMINO REAL > AVENIDA FERROCARRIL > AVENIDA LA ENCALADA > AVENIDA CHANCAS DE ANDAHUAYLAS > AVENIDA LOS RUISEÑORES > AVENIDA LA MOLINA > OVALO LA FONTANA > AVENIDA LA UNIVERSIDAD > AVENIDA ALAMEDA DEL CORREGIDOR > AVENIDA DE LOS CONDORES > OVALO LOS CONDORES > AVENIDA LOS FRESNOS > AVENIDA PROLONGACION LOS FRESNOS,RUTA_4408_1356.pdf,
1357,4409,EMP. DE TRANSP. TUR. Y SERV. CONSTRUCTORES S.A. ETRANSCO,La Molina,Lurigancho (Chosica),25.75,25.05,42,5,47,4.0,MICROBUS (M2),PROLONGACION LOS FRESNOS / CALLE RIO MAPOCHO,AVENIDA LAS TORRES / CALLE MEDIA LUNA,19,19,PROLONGACION LOS FRESNOS > AVENIDA LOS FRESNOS > OVALO DE LOS CONDORES > AVENIDA DE LOS CONDORES > ALAMEDA DEL CORREGIDOR > AVENIDA LA MOLINA > OVALO LA FONTANA > AVENIDA LA MOLINA > AVENIDA LOS RUISEÑORES > AVENIDA LOS CHANCAS DE ANDAHUAYLAS > AVENIDA LA ENCALADA > AVENIDA HUANCARAY > AVENIDA METROPOLITANA > PROLONGACION JAVIER PRADO ESTE > VIA AUXILIAR DE CARRETERA CENTRAL (BYBASS JAVIER PRADO) > CARRETERA CENTRAL > AVENIDA LAS TORRES > PUENTE HUACHIPA > AVENIDA LAS TORRES,AVENIDA LAS TORRES > PUENTE HUACHIPA > AVENIDA LAS TORRES > CARRETERA CENTRAL > AVENIDA SANTA MARIA > AVENIDA BERNARDINO RIVADAVIA > AVENIDA METROPOLITANA > AVENIDA HUANCARAY > AVENIDA LA ENCALADA > AVENIDA LOS CHANCAS DE ANDAHUAYLAS > AVENIDA LOS RUISEÑORES > AVENIDA LA MOLINA > OVALO LA FONTANA > AVENIDA LA MOLINA > ALAMEDA DEL CORREGIDOR > AVENIDA DE LOS CONDORES > OVALO DE LOS CONDORES > AVENIDA LOS FRESNOS > PROLONGACION LOS FRESNOS,RUTA_4409_1357.pdf,
1358,4413,EMPRESA DE TRANSPORTE URBANO EL MOLINERO EXPRESS S.A.,Cieneguilla,Ate,38.04,38.13,51,6,57,5.0,MINIBUS (M2-M3),AVENIDA ANTONIO RAYMONDI / CALLE S/N (ASOCIACION LOS PORTALES DE RIO SECO),CALLE EL ROSAL DE SANTA ANITA / AVENIDA FERROCARRIL,23,21,AVENIDA ANTONIO RAYMONDI > AVENIDA A > AVENIDA NUEVA TOLEDO > PUENTE PANQUILMA > AVENIDA NUEVA TOLEDO > OVALO DE CIENEGUILLA > AVENIDA SAN MARTIN > AVENIDA CIENEGUILLA > AVENIDA LA MOLINA > AVENIDA 7 > AVENIDA MANUEL PRADO UGARTECHE > AVENIDA UNIVERSIDAD > OVALO LA FONTANA > AVENIDA LA MOLINA > AVENIDA LOS RUISEÑORES > AVENIDA LOS CHANCAS DE ANDAHUAYLAS > AVENIDA LA ENCALADA > AVENIDA FERROCARRIL > AVENIDA CAMINO REAL > AVENIDA AGUSTIN SALAZAR BONDI > CALLE PRIMERO DE MAYO > AVENIDA LAS GAVIOTAS > CALLE EL ROSAL DE SANTA ANITA,CALLE EL ROSAL DE SANTA ANITA > AVENIDA LAS GAVIOTAS > CALLE PRIMERO DE MAYO > AVENIDA FERROCARRIL > AVENIDA LA ENCALADA > AVENIDA LOS CHANCAS DE ANDAHUAYLAS > AVENIDA LOS RUISEÑORES > AVENIDA LA MOLINA > OVALO LA FONTANA > AVENIDA UNIVERSIDAD > AVENIDA MANUEL PRADO UGARTECHE > AVENIDA 7 > AVENIDA LA MOLINA > AVENIDA CIENEGUILLA > AVENIDA SAN MARTIN > OVALO DE CIENEGUILLA > AVENIDA NUEVA TOLEDO > PUENTE PANQUILMA > AVENIDA NUEVA TOLEDO > AVENIDA A > AVENIDA ANTONIO RAYMONDI,RUTA_4413_1358.pdf,
1359,4415,AGRUP. DE TRANS. EN CAMIONETAS S.A.(A.T.C.R. S.A.),Ate,Ate,15.29,14.47,21,3,24,7.0,MINIBUS (M2-M3),AVENIDA AMAUTA / CALLE GARCILASO DE LA VEGA,AVENIDA MICHAEL FARADAY / AVENIDA BENJAMIN FRANKLIN,16,15,AVENIDA AMAUTA > AVENIDA ESPERANZA > AVENIDA JOSE CARLOS MARIATEGUI > CALLE EL TRABAJO > CARRETERA CENTRAL > AUXILIAR CARRETERA CENTRAL > AVENIDA PROLONGACION JAVIER PRADO ESTE > AVENIDA METROPOLITANA > AVENIDA LAS NUECES > AVENIDA LOS VIRREYES > AVENIDA LOS CHANCAS DE ANDAHUAYLAS > AVENIDA LOS RUISEÑORES > CARRETERA CENTRAL > AVENIDA NICOLAS DE AYLLON > AVENIDA SANTA ROSA > AVENIDA MICHAEL FARADAY,AVENIDA BENJAMIN FRANKLIN > AVENIDA SANTA ROSA > AVENIDA NICOLAS AYLLON > CARRETERA CENTRAL > AVENIDA LOS RUISEÑORES > AVENIDA LOS CHANCAS DE ANDAHUAYLAS > AVENIDA LOS VIRREYES > AVENIDA NUECES > AVENIDA METROPOLITANA > AVENIDA PROLONGACION JAVIER PRADO ESTE > AUXILIAR CARRETERA CENTRAL > CARRETERA CENTRAL > AVENIDA JOSE CARLOS MARIATEGUI > AVENIDA ESPERANZA > AVENIDA AMAUTA,RUTA_4415_1359.pdf,
1360,4416,EMPRESA DE TRANSPORTE RAPIDO MUSA S.A,Ate,Cieneguilla,45.12,45.03,59,6,65,5.0,MINIBUS (M2-M3),CALLE 22 / AVENIDA DANIEL ALCIDES CARRION,AVENIDA ANTONIO RAYMONDI / CALLE 13 (RIO SECO),28,28,CALLE 22 > AVENIDA DANIEL ALCIDES CARRION > CALLE MARIANO MELGAR > AVENIDA SAN MARTIN DE PORRES > AVENIDA NICOLAS DE PIEROLA > AVENIDA JOSE CARLOS MARIATEGUI > CALLE EL TRABAJO > CARRETERA CENTRAL > VIA AUXILIAR CARRETERA CENTRAL (BYPASS JAVIER PRADO) > CARRETERA CENTRAL > AVENIDA EL SOL > AVENIDA METROPOLITANA > AVENIDA HUANCARAY > AVENIDA LOS RUISEÑORES > AVENIDA LA MOLINA > OVALO LA FONTANA > AVENIDA LA MOLINA > AVENIDA MANUEL PRADO UGARTECHE > AVENIDA 7 > AVENIDA LA MOLINA > AVENIDA CIENEGUILLA > AVENIDA JOSE DE SAN MARTIN > PLAZA CIENEGUILLA > AVENIDA NUEVA TOLEDO > PUENTE PANQUILMA > AVENIDA NUEVA TOLEDO > AVENIDA A > AVENIDA ANTONIO RAYMONDI,AVENIDA ANTONIO RAYMONDI > AVENIDA A > AVENIDA NUEVA TOLEDO > PUENTE PANQUILMA > AVENIDA NUEVA TOLEDO > PLAZA CIENEGUILLA > AVENIDA JOSE DE SAN MARTIN > AVENIDA CIENEGUILLA > AVENIDA LA MOLINA > AVENIDA 7 > AVENIDA MANUEL PRADO UGARTECHE > AVENIDA LA MOLINA > OVALO LA FONTANA > AVENIDA LA MOLINA > AVENIDA LOS RUISEÑORES > AVENIDA HUANCARAY > AVENIDA METROPOLITANA > AVENIDA EL SOL > CARRETERA CENTRAL > VIA AUXILIAR CARRETERA CENTRAL (BYPASS JAVIER PRADO) > CARRETERA CENTRAL > JIRON EL TRIUNFO > AVENIDA JOSE CARLOS MARIATEGUI > AVENIDA NICOLAS DE PIEROLA > AVENIDA SAN MARTIN DE PORRES > CALLE MARIANO MELGAR > AVENIDA DANIEL ALCIDES CARRION > CALLE 22,RUTA_4416_1360.pdf,
1361,4417,INVERSIONES EMPRESARIALES NUEVO AMANECER S.A.C. - IE NUEVO AMANECER S.A.C.,Lurigancho (Chosica),Ate,20.53,20.97,36,4,40,3.0,MICROBUS (M2),CALLE LOS CIPRESES / CALLE S/N (ALT. PARQUE DE CASA HUERTA LA CAMPIÑA SECTOR A),AVENIDA SANTA ROSA / AVENIDA ALEXANDER FLEMING,26,23,CALLE LOS CIPRESES (AA.HH. CASA HUERTA LA CAMPIÑA) > AVENIDA LA UNION > CALLE SANTA CRUZ > AVENIDA CAJAMARQUILLA > AVENIDA B (ASOCIACION EL AYLLU) > CALLE S/N (ALTURA CAPILLA SANTA ROSA DE LIMA) > AVENIDA CHOSICA > AVENIDA CAJAMARQUILLA > AVENIDA LAS TORRES > PUENTE HUACHIPA > AVENIDA LAS TORRES > CARRETERA CENTRAL > AUXILIAR CARRETERA CENTRAL (BY PASS JAVIER PRADO) > CARRETERA CENTRAL > AUXILIAR CARRETERA CENTRAL > AVENIDA RIO PERENE > OVALO DE PURUCHUCO > AVENIDA RIO PERENE > AVENIDA METROPOLITANA > AVENIDA HUANCARAY > CALLE CHAVIN > AVENIDA GRAN CHIMU > AVENIDA LOS RUISEÑORES > CARRETERA CENTRAL > AVENIDA NICOLAS DE AYLLON > AVENIDA SANTA ROSA,AVENIDA SANTA ROSA > AVENIDA NICOLAS DE AYLLON > CARRETERA CENTRAL > AVENIDA LOS RUISEÑORES > AVENIDA HUANCARAY > AVENIDA METROPOLITANA > AVENIDA RIO PERENE > OVALO DE PURUCHUCO > AVENIDA RIO PERENE > CARRETERA CENTRAL > AUXILIAR CARRETERA CENTRAL (BY PASS JAVIER PRADO) > CARRETERA CENTRAL > AVENIDA LAS TORRES > PUENTE HUACHIPA > AVENIDA LAS TORRES > AVENIDA CAJAMARQUILLA > AVENIDA CHOSICA > CALLE S/N (ALTURA CAPILLA SANTA ROSA DE LIMA) > AVENIDA B (ASOCIACION EL AYLLU) > AVENIDA CAJAMARQUILLA > CALLE SANTA CRUZ > AVENIDA LA UNION > CALLE LOS CIPRESES (AA.HH. CASA HUERTA LA CAMPIÑA),RUTA_4417_1361.pdf,
1362,4418,INVERSIONES RIMARZ S.A.C.,Lurigancho (Chosica),Ate,18.69,19.15,41,5,46,6.0,MICROBUS (M2),AVENIDA UNION JICAMARCA / CALLE BOLOGNESI,AVENIDA SANTA ROSA / AVENIDA MARIE CURIE,12,12,AVENIDA UNION JICAMARCA > AVENIDA TUPAC AMARU > AVENIDA 5 DE AGOSTO > AVENIDA LAS TORRES > PUENTE HUACHIPA > AVENIDA LAS TORRES > CARRETERA CENTRAL > AUXILIAR CARRETERA CENTRAL (BY PASS JAVIER PRADO) > CARRETERA CENTRAL > PUENTE SANTA ANITA > AVENIDA NICOLAS DE AYLLON > AVENIDA SANTA ROSA,AVENIDA SANTA ROSA > AVENIDA NICOLAS DE AYLLON > PUENTE SANTA ANITA > CARRETERA CENTRAL > AUXILIAR CARRETERA CENTRAL (BY PASS JAVIER PRADO) > CARRETERA CENTRAL > AVENIDA LAS TORRES > PUENTE HUACHIPA > AVENIDA LAS TORRES > AVENIDA 5 DE AGOSTO > AVENIDA TUPAC AMARU > AVENIDA UNION JICAMARCA,RUTA_4418_1362.pdf,
1363,4419,EMPRESA DE TRANSPORTES MULTIPLES SAN PABLO S.A.C.,Lurigancho (Chosica),Ate,17.79,18.25,41,5,46,6.0,MICROBUS (M2),AVENIDA UNION JICAMARCA / CALLE JOSE OLAYA,AVENIDA SANTA ROSA /AVENIDA MARIE CURIE,12,12,AVENIDA UNION JICAMARCA > AVENIDA TUPAC AMARU > AVENIDA 5 DE AGOSTO > AVENIDA LAS TORRES > PUENTE HUACHIPA > AVENIDA LAS TORRES > CARRETERA CENTRAL > AUXILIAR CARRETERA CENTRAL (BYPASS JAVIER PRADO) > CARRETERA CENTRAL > PUENTE SANTA ANITA > AVENIDA NICOLAS DE AYLLON > AVENIDA SANTA ROSA,AVENIDA SANTA ROSA > AVENIDA NICOLAS DE AYLLON > PUENTE SANTA ANITA > CARRETERA CENTRAL > AUXILIAR CARRETERA CENTRAL (BYPASS JAVIER PRADO) > CARRETERA CENTRAL > AVENIDA LAS TORRES > PUENTE HUACHIPA > AVENIDA LAS TORRES > AVENIDA 5 DE AGOSTO > AVENIDA TUPAC AMARU > AVENIDA UNION JICAMARCA,RUTA_4419_1363.pdf,
1364,4420,TRANSPORTE UNIVERSAL Y MULTIPLES INVERSIONES S.A.,Lurigancho (Chosica),Ate,16.33,18.25,27,3,30,7.0,OMNIBUS (M3),CALLE 24 DE SETIEMBRE / CALLE EL PORTILLO,CARRETERA CENTRAL / AVENIDA LOS CIPRESES,14,17,CALLE 24 DE SETIEMBRE > AVENIDA CARAPONGO > AVENIDA LA TORRES > PUENTE HUACHIPA > AVENIDA LA TORRES > CARRETERA CENTRAL > VIA AUXILIAR CARRETERA CENTRAL (BYPASS JAVIER PRADO) > PROLONGACION JAVIER PRADO ESTE > AVENIDA METROPOLITANA > AVENIDA 22 DE JULIO > AVENIDA LOS VIRREYES > AVENIDA LOS CHANCAS DE ANDAHUAYLAS > AVENIDA LOS RUISEÑORES > CARRETERA CENTRAL,AVENIDA LOS CIPRESES > AVENIDA MANUEL DE LA TORRE UGARTE > AVENIDA FRANCISCO BOLOGNESI > CARRETERA CENTRAL > AVENIDA LOS RUISEÑORES > AVENIDA LOS CHANCAS DE ANDAHUAYLAS > AVENIDA LOS VIRREYES > AVENIDA 22 DE JULIO > AVENIDA METROPILITANA > PROLONGACION JAVIER PRADO ESTE > VIA AUXILIAR CARRETERA CENTRAL (BYPASS JAVIER PRADO) > CARRETERA CENTRAL > AVENIDA LA TORRES > PUENTE HUACHIPA > AVENIDA LA TORRES > AVENIDA CARAPONGO > CALLE 24 DE SETIEMBRE,RUTA_4420_1364.pdf,
1365,4481,EMPRESA DE TRANSPORTES ÑAÑA S.A.,Lurigancho (Chosica),Chaclacayo,5.09,5.09,18,2,20,,MICROBUS (M2),,,16,16,CALLE LAS TUNAS > CALLE LOS PACAES > AVENIDA PRINCIPAL > CALLE 12 > CALLE 11 > AVENIDA E > AVENIDA VIRGEN DEL CARMEN > AVENIDA D > CALLE EL CARMEN > AVENIDA A > AVENIDA VIRGEN DEL CARMEN > AVENIDA LOS OLIVOS > AVENIDA BERNARD DE BALAGUER > AVENIDA ALAMEDA ÑAÑA > PUENTE ÑAÑA > CALLE ATAHUALPA,CALLE ATAHUALPA > PUENTE ÑAÑA > AVENIDA ALAMEDA ÑAÑA > AVENIDA BERNARD DE BALAGUER > AVENIDA LOS OLIVOS > AVENIDA VIRGEN DEL CARMEN > AVENIDA A > CALLE EL CARMEN > AVENIDA D > AVENIDA VIRGEN DEL CARMEN > AVENIDA E > CALLE 11 > CALLE 12 > AVENIDA PRINCIPAL > CALLE LOS PACAES > CALLE LAS TUNAS,RUTA_4481_1365.pdf,
1366,4482,SERVICIO MULTIPLES E INVERSIONES NIEVERIA S.A.C,Ate,Ate,10.07,10.07,15,2,17,7.0,MICROBUS (M2),CALLE 1 / CALLE 2 DE MAYO,AVENIDA JAIME ZUBIETA CALDERON / CALLE SN (HUACA HORACIO ZEBALLOS),9,9,CALLE 1 > AVENIDA JOSE ABELARDO QUIÑONES > CALLE 5 > AVENIDA NICOLAS DE PIEROLA > AVENIDA SAN MARTIN DE PORRES > AVENIDA LA ESTRELLA > CARRETERA CENTRAL > AVENIDA HORACIO ZEBALLOS > AVENIDA JAIME ZUBIETA CALDERON,AVENIDA JAIME ZUBIETA CALDERON > AVENIDA HORACIO ZEBALLOS > CARRETERA CENTRAL > AVENIDA LA ESTRELLA > AVENIDA SAN MARTIN DE PORRES > AVENIDA NICOLAS DE PIEROLA > CALLE 5 > AVENIDA JOSE ABELARDO QUIÑONES > CALLE 1,RUTA_4482_1366.pdf,
1367,4483,COMUN. INTEG.TURIS. Y SERV. URANO TOURS S.A.,Lurigancho (Chosica),Ate,13.8,13.97,20,2,22,5.0,MICROBUS (M2),AVENIDA HUAROCHIRI / CALLE 13 DE SETIEMBRE,CARRETERA CENTRAL / PROLONGACION JAVIER PRADO,12,15,AVENIDA HUAROCHIRI > CALLE JOSE CARLOS MARIATEGUI > CALLE SAN JUAN > CALLE MEDIA LUNA > AVENIDA COLECTORA PRINCIPAL > CALLE LOS HALCONES > CALLE NIEVERIA > AVENIDA 1 > AVENIDA LAS TORRES > PUENTE HUACHIPA > AVENIDA LAS TORRES > CARRETERA CENTRAL,"CARRETERA CENTRAL > AVENIDA LAS TORRES > PUENTE HUACHIPA > AVENIDA LAS TORRES > AVENIDA 1 > CALLE NIEVERIA > CALLE LOS HALCONES > AVENIDA COLECTORA PRINCIPAL > CALLE MEDIA LUNA > CALLE SAN JUAN > AVENIDA 13 DE JUNIO > AVENIDA 13 DE JUNIO (GIRO EN ""U"" ALT. CALLE LAS FLORES) > AVENIDA 13 DE JUNIO > CALLE JOSE CARLOS MARIATEGUI > AVENIDA HUAROCHIRI",RUTA_4483_1367.pdf,
1368,4601,EMPRESA DE TRANSPORTES E INVERSIONES MULTIPLES CHACARILLA TOUR S.A.C.,Lurigancho (Chosica),Ate,19.63,19.69,45,5,50,3.0,MICROBUS (M2),CALLE SN (AA.HH. VIOLETA CORREA DE BELAUNDE) / CALLE LOS CEDROS,AVENIDA NICOLAS ARRIOLA / AVENIDA CIRCUNVALACION (INTERCAMBIO VIAL EL PINO),19,18,CALLE SN (AA.HH. VIOLETA CORREA DE BELAUNDE) > CALLE LAS PONCIANAS > CALLE LOS CIPRESES (AA.HH. CASA HUERTA LA CAMPIÑA) > AVENIDA LA UNION > CALLE SANTA CRUZ > AVENIDA CAJAMARQUILLA > AVENIDA B > CALLE SN (ALTURA CAPILLA SANTA ROSA DE LIMA) > AVENIDA CHOSICA > AVENIDA CAJAMARQUILLA > AVENIDA LAS TORRES > PUENTE HUACHIPA > AVENIDA LAS TORRES > CARRETERA CENTRAL > AUXILIAR CARRETERA CENTRAL (BY PASS JAVIER PRADO) > CARRETERA CENTRAL > AVENIDA NICOLAS DE AYLLON > BY PASS NICOLAS AYLLON > AVENIDA NICOLAS ARRIOLA,AVENIDA NICOLAS ARRIOLA > AVENIDA NICOLAS DE AYLLON > CARRETERA CENTRAL > AUXILIAR CARRETERA CENTRAL (BY PASS JAVIER PRADO) > CARRETERA CENTRAL > AVENIDA LAS TORRES > PUENTE HUACHIPA > AVENIDA LAS TORRES > AVENIDA CAJAMARQUILLA > AVENIDA CHOSICA > CALLE SN (ALTURA CAPILLA SANTA ROSA DE LIMA) > AVENIDA B > AVENIDA CAJAMARQUILLA > CALLE SANTA CRUZ > AVENIDA LA UNION > CALLE LOS CIPRESES (AA.HH. CASA HUERTA LA CAMPIÑA) > CALLE LAS PONCIANAS > CALLE SN (AA.HH. VIOLETA CORREA DE BELAUNDE),RUTA_4601_1368.pdf,
1369,4602,EMPRESA DE TRANSPORTES TUMI S.A.,Lurigancho (Chosica),La Victoria,23.2,23.91,49,5,54,4.0,MINIBUS (M2-M3),CALLE LOS CIPRESES / CALLE C (PARQUE LA CAMPIÑA SECTOR A),AVENIDA AVIACION / CALLE SAN CRISTOBAL,19,19,CALLE LOS CIPRESES > CALLE UNION > AVENIDA LA UNION > CALLE SANTA CRUZ > AVENIDA CAJAMARQUILLA > AVENIDA B > CALLE S/N (ALT. CAPILLA SANTA ROSA DE LIMA) > AVENIDA CHOSICA > AVENIDA CAJAMARQUILLA > AVENIDA LAS TORRES > PUENTE HUACHIPA > AVENIDA LAS TORRES > CARRETERA CENTRAL > VIA AUXILIAR CARRETERA CENTRAL (BY PASS JAVIER PRADO) > CARRETERA CENTRAL > AVENIDA NICOLAS DE AYLLON > AVENIDA NICOLAS ARRIOLA > OVALO ARRIOLA > AVENIDA AVIACION,AVENIDA AVIACION > OVALO ARRIOLA > AVENIDA NICOLAS DE ARRIOLA > AVENIDA NICOLAS DE AYLLON > CARRETERA CENTRAL > VIA AUXILIAR CARRETERA CENTRAL (BY PASS JAVIER PRADO) > CARRETERA CENTRAL > AVENIDA LAS TORRES > PUENTE HUACHIPA > AVENIDA LAS TORRES > AVENIDA CAJAMARQUILLA > AVENIDA CHOSICA > CALLE S/N (ALT. CAPILLA SANTA ROSA DE LIMA) > AVENIDA B > AVENIDA CAJAMARQUILLA > CALLE SANTA CRUZ > AVENIDA LA UNION > CALLE UNION > CALLE LOS CIPRESES,RUTA_4602_1369.pdf,
1370,4604,E.T. Y TURISMO SANTA ANITA S.R.L.,Ate,La Victoria,27.73,27.96,40,4,44,5.0,MINIBUS (M2-M3),AVENIDA PROLONGACION 15 DE JULIO / CALLE 9 ( HUAYCAN ZONA R UCV 205 C),AVENIDA AVIACION / JR. SAN CRISTOBAL,11,13,AVENIDA PROLONGACION 15 DE JULIO > AVENIDA 15 DE JULIO > AVENIDA JOSE CARLOS MARIATEGUI > CARRETERA CENTRAL > VIA AUXILIAR CARRETERA CENTRAL (ALT. BY PASS JAVIER PRADO) > CARRETERA CENTRAL > AVENIDA NICOLAS DE AYLLON > BY PASS NICOLAS AYLLON > AVENIDA NICOLAS ARRIOLA > OVALO NICOLAS ARRIOLA > AVENIDA AVIACION,AVENIDA AVIACION > OVALO NICOLAS ARRIOLA > AVENIDA NICOLAS ARRIOLA > BY PASS NICOLAS AYLLON > AVENIDA NICOLAS DE AYLLON > CARRETERA CENTRAL > VIA AUXILIAR CARRETERA CENTRAL (ALT. BY PASS JAVIER PRADO) > CARRETERA CENTRAL > AVENIDA JOSE CARLOS MARIATEGUI > CALLE 8 > JIRON PARAISO > AVENIDA 15 DE JULIO > AVENIDA PROLONGACION 15 DE JULIO,RUTA_4604_1370.pdf,
1371,4608,E.T. SERV. COMER. SOL DE AMAUTA S.A.,Ate,La Victoria,17.15,17.16,21,3,24,4.0,MINIBUS (M2-M3),PASAJE SANTA MARIA / PASAJE SAN MATEO (AA.HH. EL AMAUTA ZONA A),AVENIDA AVIACION / AVENIDA ISABEL LA CATOLICA,14,13,PASAJE SANTA MARIA > AVENIDA SAN JUAN BAUTISTA > AVENIDA LOS LIRIOS > AVENIDA ESPERANZA > AVENIDA JOSE CARLOS MARIATEGUI > JIRON EL TRIUNFO > CARRETERA CENTRAL > VIA AUXILIAR CARRETERA CENTRAL ( ALT. BY PASS JAVIER PRADO) > CARRETERA CENTRAL > AVENIDA NICOLAS DE AYLLON > BY PASS NICOLAS AYLLON > AVENIDA NICOLAS ARRIOLA > OVALO NICOLAS ARRIOLA > AVENIDA AVIACION,AVENIDA AVIACION > OVALO NICOLAS ARRIOLA > AVENIDA NICOLAS ARRIOLA > AVENIDA NICOLAS DE AYLLON > CARRETERA CENTRAL > VIA AUXILIAR CARRETERA CENTRAL ( ALT. BY PASS JAVIER PRADO) > CARRETERA CENTRAL > AVENIDA JOSE CARLOS MARIATEGUI > AVENIDA ESPERANZA > AVENIDA LOS LIRIOS > AVENIDA SAN JUAN BAUTISTA > PASAJE SAN PEDRO > PASAJE SAN MATEO,RUTA_4608_1371.pdf,
1372,4616,EMPRESA DE TRANSPORTES TUMI SIGLO XXI S.A.,Ate,San Luis,16.48,16.33,36,4,40,4.0,MICROBUS (M2),AVENIDA ANDRES AVELINO CACERES / CALLE CONCEPCION,AVENIDA CIRCUNVALACION / AVENIDA NICOLAS ARRIOLA,13,13,AVENIDA ANDRES AVELINO CACERES > AVENIDA NICOLAS DE PIEROLA > CALLE COOP. RAMIRO PRIALE > AVENIDA NICOLAS DE PIEROLA > AVENIDA JOSE CARLOS MARIATEGUI > JIRON EL TRABAJO > CARRETERA CENTRAL > AUXILIAR CARRETERA CENTRAL (BY PASS JAVIER PRADO) > CARRETERA CENTRAL > INTERCAMBIO VIAL PUENTE SANTA ANITA > AVENIDA NICOLAS DE AYLLON > AVENIDA NICOLAS ARRIOLA > INTERCAMBIO VIAL AVENIDA CIRCUNVALACION,INTERCAMBIO VIAL AVENIDA NICOLAS ARRIOLA > AVENIDA NICOLAS ARRIOLA > AVENIDA NICOLAS DE AYLLON > INTERCAMBIO VIAL PUENTE SANTA ANITA > CARRETERA CENTRAL > AUXILIAR CARRETERA CENTRAL (BY PASS JAVIER PRADO) > CARRETERA CENTRAL > JIRON EL TRIUNFO > AVENIDA JOSE CARLOS MARIATEGUI > AVENIDA NICOLAS DE PIEROLA > CALLE COOP. RAMIRO PRIALE > AVENIDA NICOLAS DE PIEROLA > AVENIDA ANDRES AVELINO CACERES,RUTA_4616_1372.pdf,
1373,4617,ROMYJOIV S.A.,Ate,La Victoria,19.19,19.41,48,5,53,4.0,MINIBUS (M2-M3),AVENIDA ANDRES AVELINO CACERES / PASAJE BOLIVAR,AVENIDA AVIACION / JR. SAN CRISTOBAL,16,15,AVENIDA ANDRES AVELINO CACERES > AVENIDA NICOLAS DE PIEROLA > CALLE COOPERATIVA RAMIRO PRIALE > AVENIDA NICOLAS DE PIEROLA > AVENIDA JOSE CARLOS MARIATEGUI > CALLE EL TRABAJO > CARRETERA CENTRAL > AUXILIAR CARRETERA CENTRAL (BY PASS JAVIER PRADO) > CARRETERA CENTRAL > AVENIDA NICOLAS DE AYLLON > BY PASS NICOLAS AYLLON > AVENIDA NICOLAS ARRIOLA > INTERCAMBIO VIAL CIRCUNVALACION > AVENIDA NICOLAS ARRIOLA > OVALO ARRIOLA > AVENIDA AVIACION,AVENIDA AVIACION > OVALO ARRIOLA > AVENIDA NICOLAS ARRIOLA > INTERCAMBIO VIAL CIRCUNVALACION > AVENIDA NICOLAS ARRIOLA > AVENIDA NICOLAS DE AYLLON > CARRETERA CENTRAL > AUXILIAR CARRETERA CENTRAL (BY PASS JAVIER PRADO) > CARRETERA CENTRAL > JIRON EL TRIUNFO > AVENIDA JOSE CARLOS MARIATEGUI > AVENIDA NICOLAS DE PIEROLA > CALLE COOPERATIVA RAMIRO PRIALE > AVENIDA NICOLAS DE PIEROLA > AVENIDA ANDRES AVELINO CACERES,RUTA_4617_1373.pdf,
1374,4624,LEVARO S.A.C.,Lurigancho (Chosica),,24.39,24.72,72,8,80,4.0,MINIBUS (M2-M3),AVENIDA UNION JICAMARCA / CALLE LA AZUCENAS,AVENIDA NICOLAS ARRIOLA / AVENIDA AVIACION (OVALO ARRIOLA),17,15,AVENIDA UNION JICAMARCA > AVENIDA TUPAC AMARU > AVENIDA 5 DE AGOSTO > AVENIDA LAS TORRES > PUENTE HUACHIPA > AVENIDA LAS TORRES > AVENIDA PEDRO RUIZ GALLO > CARRETERA CENTRAL > AUXILIAR CARRETERA CENTRAL (BY PASS JAVIER PRADO) > PROLONGACION JAVIER PRADO ESTE > AVENIDA METROPOLITANA > AVENIDA HUANCARAY > AVENIDA LOS RUISENORES > CARRETERA CENTRAL > AVENIDA NICOLAS AYLLON > BY PASS NICOLAS AYLLON > AVENIDA NICOLAS ARRIOLA,AVENIDA NICOLAS ARRIOLA > AVENIDA NICOLAS DE AYLLON > CARRETERA CENTRAL > AVENIDA LOS RUISENORES > AVENIDA HUANCARAY > AVENIDA METROPOLITANA > PROLONGACION JAVIER PRADO ESTE > AUXILIAR CARRETERA CENTRAL (BY PASS JAVIER PRADO) > CARRETERA CENTRAL > AVENIDA LAS TORRES > PUENTE HUACHIPA > AVENIDA LAS TORRES > AVENIDA 5 DE AGOSTO > AVENIDA TUPAC AMARU > AVENIDA UNION JICAMARCA,RUTA_4624_1374.pdf,
1375,4884,EMPRESA DE TRANSPORTES Y SERVICIOS GALINDO HNOS S.A.C.,Pachacamac,Pachacamac,7.15,7.78,12,2,14,6.0,MICROBUS (M2),CALLE LOS JARDINES / CALLE 120,AVENIDA LA MOLINA / CALLE LOS GIRASOLES,7,7,CALLE LOS JARDINES > AVENIDA ALMIRANTE MIGUEL GRAU > AVENIDA MANCHAY > AVENIDA LOS CONDORES > AVENIDA LA UNION > AVENIDA VICTOR MALASQUEZ > AVENIDA LA MOLINA,AVENIDA LA MOLINA > AVENIDA VICTOR MALASQUEZ > AVENIDA LA UNION > AVENIDA LOS CONDORES > AVENIDA MANCHAY > AVENIDA ALMIRANTE MIGUEL GRAU > CALLE LOS JARDINES,RUTA_4884_1375.pdf,
1376,7403,EMPRESA DE SERVICIO DE TRANSPORTISTAS JOSE OLAYA S.A.,Chorrillos,Cieneguilla,35.3,35.37,25,3,28,5.0,MINIBUS (M2-M3),AVENIDA ALAMEDA SUR / CALLE CABO BLANCO,AVENIDA SAN JUAN / CALLE CHIMU,37,40,AVENIDA ALAMEDA SUR > AVENIDA PROLONGACION HUAYLAS > OVALO DE LA CURVA > AVENIDA DEFENSORES DEL MORRO > AVENIDA ARIOSTO MATELLINI > AVENIDA EL SOL > JIRON ANDROMEDA > CALLE EL UNIVERSO > CALLE LAS PLEYADES > CALLE LOS ASTEROIDES > AVENIDA LAS GAVIOTAS > JIRON VISTA ALEGRE > AVENIDA GUARDIA CIVIL SUR > AVENIDA LOS PROCERES > AVENIDA SANTIAGO DE SURCO (EX. AV. TOMAS MARZANO) > PUENTE ATOCONGO > AVENIDA LOS HEROES > AVENIDA PACHACUTEC > AVENIDA 26 DE NOVIEMBRE > JIRON SAN PEDRO > CALLE PARURO > JIRON ACOMAYO > AVENIDA LA UNION > AVENIDA SAN CARLOS > AVENIDA LA UNION > OVALO RETAMAL > AVENIDA LA UNION > AVENIDA VICTOR MALASQUEZ > AVENIDA LOS NARANJOS > AVENIDA LOS CLAVELES ALTO > AVENIDA VICTOR MALASQUEZ > AVENIDA LOS CLAVELES > AVENIDA LOS JAZMINES > AVENIDA 1 > CALLE LOS CONSTRUCTORES > OVALO SAN JUAN BAUTISTA > AVENIDA SAN JUAN,AVENIDA SAN JUAN > OVALO SAN JUAN BAUTISTA > CALLE LOS CONSTRUCTORES > AVENIDA 1 > AVENIDA LOS JAZMINES > AVENIDA LOS CLAVELES > AVENIDA VICTOR MALASQUEZ > AVENIDA LOS CLAVELES ALTO > AVENIDA LOS NARANJOS > AVENIDA VICTOR MALASQUEZ > AVENIDA LA UNION > OVALO RETAMAL > AVENIDA LA UNION > AVENIDA SAN CARLOS > AVENIDA LA UNION > JIRON ACOMAYO > CALLE PARURO > JIRON SAN PEDRO > AVENIDA 26 DE NOVIEMBRE > AVENIDA PACHACUTEC > AVENIDA LOS HEROES > PUENTE ATOCONGO > AVENIDA SANTIAGO DE SURCO > AVENIDA CAMINOS DEL INCA > AVENIDA CAMINOS DEL INCA (VUELTA EN U ALT. DEL JIRON LOMAS DE LAS GARDENIAS) > AVENIDA CAMINOS DEL INCA > AVENIDA LOS PROCERES > JIRON GUARDIA CIVIL NORTE > JIRON VISTA ALEGRE > AVENIDA LAS GAVIOTAS > CALLE LOS ASTEROIDES > CALLE LAS PLEYADES > CALLE UNIVERSO > CALLE ANDROMEDA > AVENIDA EL SOL > AVENIDA ARIOSTO MATELLINI > AVENIDA DEFENSORES DEL MORRO > OVALO DE LA CURVA > AVENIDA PROLONGACION HUAYLAS > AVENIDA ALAMEDA SUR,RUTA_7403_1376.pdf,
1377,7701,TRANSLIMA S.A.,Chorrillos,Chorrillos,9.19,9.12,43,5,48,3.0,MICROBUS (M2),AVENIDA EL TRIUNFO / AVENIDA 24 DE JUNIO,AVENIDA CHORRILLOS / AVENIDA JOSE OLAYA,12,11,AVENIDA EL TRIUNFO > AVENIDA JOSE OLAYA > AVENIDA SAN MARTIN > AVENIDA VOLCAN COROPUNA > AVENIDA CORDILLERA CENTRAL > JIRON NEVADO SARA SARA > AVENIDA 12 DE OCTUBRE > PROLONGACION HUAYLAS > OVALO DE LA CURVA > AVENIDA DEFENSORES DEL MORRO > AVENIDA ALEJANDRO IGLESIAS > AVENIDA CHORRILLOS,AVENIDA JOSE OLAYA > AVENIDA DEFENSORES DEL MORRO > OVALO DE LA CURVA > PROLONGACION HUAYLAS > AVENIDA 12 DE OCTUBRE > JIRÓN NEVADO SARA SARA > AVENIDA CORDILLERA CENTRAL > AVENIDA VOLCAN COROPUNA > AVENIDA SAN MARTIN > AVENIDA JOSE OLAYA > AVENIDA EL TRIUNFO,RUTA_7701_1377.pdf,
1378,7702,E.T.TURISMO SAN JUANITO S.A,Chorrillos,San Juan De Miraflores,14.25,14.37,32,4,36,4.0,MICROBUS (M2),CALLE SM ARCANGEL / CALLE E,JIRON FILADELFIA / AVENIDA CAMINO REAL,20,22,"CALLE S. M. ARCANGEL > CALLE VIRGEN DE GUADALUPE > PASAJE G > CALLE ANDRES AVELINO CACERES > AVENIDA ALAMEDA SUR > AVENIDA ALAMEDA SUR (VUELTA EN ""U"" ALT. JIRON SAN CRISTOBAL) > AVENIDA ALAMEDA SUR > AVENIDA PROLONGACION HUAYLAS > OVALO DE LA CURVA > AVENIDA GUARDIA CIVIL SUR > AVENIDA ALIPIO PONCE > OVALO EUCALIPTOS > AVENIDA ALIPIO PONCE > INTERCAMBIO VIAL PUENTE ALIPIO > AVENIDA RAMON VARGAS MACHUCA > AVENIDA SAN JUAN > PROLONGACION AVENIDA SAN JUAN > PROLONGACION AVENIDA MARCELINO CASTRO GAMBOA > AVENIDA NAZARETH > JIRON FILADELFIA",AVENIDA CAMINO REAL > JIRON GALILEA > CALLE CARTAGO > AVENIDA NAZARETH > PROLONGACION AVENIDA MARCELINO CASTRO GAMBOA > PROLONGACION AVENIDA SAN JUAN > AVENIDA SAN JUAN > AVENIDA RAMON VARGAS MACHUCA > INTERCAMBIO VIAL PUENTE ALIPIO > AVENIDA ALIPIO PONCE > OVALO EUCALIPTOS > AVENIDA ALIPIO PONCE > CALLE CONSTELACION AUSTRAL > AVENIDA ALIPIO PONCE > AVENIDA GUARDIA CIVIL SUR > OVALO DE LA CURVA > AVENIDA PROLONGACION HUAYLAS > AVENIDA ALAMEDA SUR > CALLE ANDRES AVELINO CACERES > PASAJE G > CALLE VIRGEN DE GUADALUPE > CALLE S. M. ARCANGEL,RUTA_7702_1378.pdf,
1379,7703,PREFERENCIAL SAN JUANITO S.A.C.,Chorrillos,San Juan De Miraflores,14.25,13.68,32,4,36,5.0,MICROBUS (M2),CALLE S.M. ARCANGEL / CALLE E,JIRON FILADELFIA / AVENIDA CAMINO REAL,20,22,"CALLE S. M. ARCANGEL > CALLE VIRGEN DE GUADALUPE > PASAJE G > CALLE ANDRES AVELINO CACERES > AVENIDA ALAMEDA SUR > AVENIDA ALAMEDA SUR (GIRO EN ""U"" ALT. JIRON SAN CRISTOBAL) > AVENIDA ALAMEDA SUR > PROLONGACION AVENIDA HUAYLAS > OVALO DE LA CURVA > AVENIDA GUARDIA CIVIL SUR > AVENIDA ALIPIO PONCE > OVALO EUCALIPTOS > AVENIDA ALIPIO PONCE > INTERCAMBIO VIAL PUENTE ALIPIO > AVENIDA RAMON VARGAS MACHUCA > AVENIDA SAN JUAN > PROLONGACION AVENIDA SAN JUAN > PROLONGACION AVENIDA MARCELINO CASTRO GAMBOA > AVENIDA NAZARETH > JIRON FILADELFIA",AVENIDA CAMINO REAL > JIRON GALILEA > CALLE CARTAGO > AVENIDA NAZARETH > PROLONGACION AVENIDA MARCELINO CASTRO GAMBOA > PROLONGACION AVENIDA SAN JUAN > AVENIDA SAN JUAN > AVENIDA RAMON VARGAS MACHUCA > INTERCAMBIO VIAL PUENTE ALIPIO > AVENIDA GENERAL ALIPIO PONCE > OVALO EUCALIPTOS > AVENIDA ALIPIO PONCE > CALLE CONSTELACION AUSTRAL > AVENIDA ALIPIO PONCE > AVENIDA GUARDIA CIVIL SUR > OVALO DE LA CURVA > PROLONGACION AVENIDA HUAYLAS > AVENIDA ALAMEDA SUR > CALLE ANDRES AVELINO CACERES > PASAJE G > CALLE VIRGEN DE GUADALUPE > CALLE S. M. ARCANGEL,RUTA_7703_1379.pdf,
1380,7705,E.T. TABLADA S.A.,San Juan De Lurigancho,Chorrillos,12.93,12.5,31,4,35,4.0,MICROBUS (M2),CALLE LOS PROCERES / CALLE MIGUEL GRAU (B),AVENIDA CORDILLERA VILCANOTA / JIRON PICO TUTUPACA,34,35,CALLE LOS PROCERES > CALLE CENTRAL > CALE JUNIN > CALLE HUANUCO > CALLE PUQUIO > CALLE AREQUIPA > CALLE CALLAO > CALLE TACNA > CALLE PUQUIO > AV.12 DE NOVIEMBRE > AVENIDA PASEO DE LA SOLIDARIDAD > AVENIDA DEFENSORES DE LIMA > AVENIDA DEFENSORES DE LIMA (GIRO EN U ALT. CALLE JUAN NEYRA) > AVENIDA DEFENSORES DE LIMA > AVENIDA SAN JUAN > AVENIDA RAMON VARGAS MACHUCA > INTERCAMBIO VIAL PUENTE ALIPIO PONCE > AVENIDA ALIPIO PONCE > AVENIDA EL TRIUNFO > AVENIDA LA UNION > AVENIDA CORONEL INCLAN > AVENIDA MATEO PUMACAHUA > AVENIDA SANTA ROSA > AVENIDA TUPAC AMARU > AVENIDA 28 DE JULIO > CALLE ANDRES BELAUNDE TERRY > AVENIDA SAN MARTIN > AVENIDA JOSE OLAYA > AVENIDA LOS PINOS > AVENIDA SANTA ISABEL > AVENIDA VISTA ALEGRE > AVENIDA CORDILLERA BLANCA > JIRON NEVADO ANTACCASCA > AVENIDA CORDILLERA VILCANOTA,AVENIDA CORDILLERA VILCANOTA > JIRON NEVADO ANTACCASCA > AVENIDA CORDILLERA BLANCA > PASAJE VIRGEN DE CHAPI > AVENIDA MIRAMAR > AVENIDA SANTA ISABEL > AVENIDA LOS PINOS > AVENIDA JOSE OLAYA > AVENIDA SAN MARTIN > CALLE VICTOR ANDRES BELAUNDE TERRY > AVENIDA 28 DE JULIO > AVENIDA TUPAC AMARU > AVENIDA SANTA ROSA > AVENIDA MATEO PUMACAHUA > AVENIDA CORONEL INCLAN > AVENIDA LA UNION > AVENIDA EL TRIUNFO > AVENIDA ALIPIO PONCE > INTERCAMBIO VIAL PUENTE ALIPIO PONCE > AVENIDA RAMON VARGAS MACHUCA > AVENIDA SAN JUAN > AVENIDA NEPOMUCENO VARGAS > JIRON GABRIEL TORRES > AVENIDA DEFENSORES DE LIMA > AVENIDA PASEO DE LA SOLIDARIDAD > AVENIDA 12 DE NOVIEMBRE > CALLE PUQUIO > CALLE TACNA > CALLE CALLAO > CALLE AREQUIPA > CALLE PUQUIO > CALLE HANUCO > CALLE JUNIN > CALLE CENTRAL > CALLE LOS PROCERES,RUTA_7705_1380.pdf,
1381,7706,EMPRESA DE TRANSPORTES UNIDOS DOCE DE NOVIEMBRE S.A. - ETU S.A.,San Juan De Miraflores,Chorrillos,16.0,14.68,48,5,53,4.0,MICROBUS (M2),AVENIDA LA CADENA / CALLE LOS CIPRESS,AVENIDA PROLONGACION HUAYLAS / AVENIDA GUARDIA CIVIL SUR (OVALO DE LA CURVA),26,25,AVENIDA LA CADENA > AVENIDA EDILBERTO RAMOS > CALLE PRINCIPAL > AVENIDA SOLIDARIDAD ABANCAY > JIRON LIBERTAD > AVENIDA EDILBERTO RAMOS > CALLE A3 > AVENIDA SOLIDARIDAD ABANCAY > AVENIDA PASEO DE LA SOLIDARIDAD > AVENIDA DEFENSORES DE LIMA > AVENIDA SAN JUAN > AVENIDA RAMON VARGAS MACHUCA > INTERCAMBIO VIAL PUENTE ALIPIO PONCE > AVENIDA ALIPIO PONCE > OVALO LOS EUCALIPTOS > AVENIDA ALIPIO PONCE > AUXILIAR CARRETERA PANAMERICANA SUR > AVENIDA LA UNION > AVENIDA CORONEL INCLAN > AVENIDA MATEO PUMACAHUA > AVENIDA TUPAC AMARU > AVENIDA VOLCAN COROPUNA > AVENIDA CORDILLERA CENTRAL > JIRON NEVADO SARA SARA > AVENIDA 12 DE OCTUBRE > AVENIDA PROLONGACION HUAYLAS,AVENIDA PROLONGACION HUAYLAS > AVENIDA 12 DE OCTUBRE > JIRON NEVADO SARA SARA > AVENIDA CORDILLERA CENTRAL > AVENIDA VOLCAN COROPUNA > AVENIDA TUPAC AMARU > AVENIDA MATEO PUMACAHUA > AVENIDA CORONEL INCLAN > AVENIDA LA UNION > AVENIDA EL TRIUNFO > CALLE LOS GIRASOLES > AVENIDA ALIPIO PONCE > INTERCAMBIO VIAL PUENTE ALIPIO PONCE > AVENIDA RAMON VARGAS MACHUCA > AVENIDA SAN JUAN > AVENIDA DEFENORES DE LIMA > AVENIDA PASEO DE LA SOLIDARIDAD > AVENIDA SOLIDARIDAD ABANCAY > CALLE A3 > AVENIDA EDILBERTO RAMOS > JIRON LIBERTAD > AVENIDA SOLIDARIDAD ABANCAY > CALLE PRINCIPAL > AVENIDA EDILBERTO RAMOS > AVENIDA LA CADENA,RUTA_7706_1381.pdf,
1382,7707,E.T.COMER.E IMPOR.MARTIR OLAYA S.A.,Chorrillos,San Juan De Miraflores,20.46,20.74,43,5,48,6.0,OMNIBUS (M3),CALLE E / CALLE MONTE CARMELO (AA.HH. PACIFICO DE VILLA),AVENIDA VENCEDORES / CALLE SN (AA.HH. LADERA DE SANTA CRUZ),29,32,CALLE E > CALLE CAPRICORNIO > CALLE LA CHIRA > AVENIDA PRINCIPAL > AVENIDA VIA CENTRAL > AVENIDA RICARDO PALMA > CALLE RICARDO PALMA > JIRON JULIO CESAR TELLO > AVENIDA JULIO CALERO > AVENIDA IGNACIO SEMINARIO > AVENIDA MARISCAL RAMON CASTILLA > AVENIDA ALEJANDRO IGLESIAS > AVENIDA DEFENSORES DEL MORRO > AVENIDA FERNANDO TERAN > AVENIDA PROLONGACION PASEO DE LA REPUBLICA > AVENIDA ARIOSTO MATELLINI > AVENIDA EL SOL > JIRON LAS GAVIOTAS > JIRON VISTA ALEGRE > AVENIDA GUARDIA CIVIL SUR > AVENIDA LOS PROCERES > AVENIDA SANTIAGO DE SURCO > INTERCAMBIO VIAL PUENTE ATOCONGO > AVENIDA LOS HEROES > AVENIDA SAN JUAN > AVENIDA MARCELINO CASTRO GAMBOA > CALLE CAMINO REAL > AVENIDA CENTRAL > AVENIDA VENCEDORES,"AVENIDA VENCEDORES > AVENIDA CENTRAL > CALLE CAMINO REAL > AVENIDA MARCELINO CASTRO GAMBOA > AVENIDA SAN JUAN > AVENIDA LOS HEROES > INTERCAMBIO VIAL PUENTE ATOCONGO > AVENIDA SANTIAGO DE SURCO > AVENIDA CAMINOS DEL INCA > AVENIDA CAMINOS DEL INCA (VUELTA EN ""U"" ALT. DEL JIRON LOMAS DE LAS GARDENIAS) > AVENIDA CAMINOS DEL INCA > AVENIDA LOS PROCERES > JIRON GUARDIA CIVIL NORTE > JIRON VISTA ALEGRE > JIRON LAS GAVIOTAS > AVENIDA EL SOL > AVENIDA ARIOSTO MATELLINI > AVENIDA PROLONGACION PASEO DE LA REPUBLICA > AVENIDA FERNANDO TERAN > AVENIDA DEFENSORES DEL MORRO > AVENIDA JOSE OLAYA > AVENIDA MARISCAL RAMON CASTILLA > AVENIDA IGNACIO SEMINARIO > AVENIDA JULIO CALERO > JIRON JULIO CESAR TELLO > CALLE RICARDO PALMA > AVENIDA RICARDO PALMA > AVENIDA VIA CENTRAL > AVENIDA PRINCIPAL > CALLE LA CHIRA > CALLE CAPRICORNIO > CALLE E",RUTA_7707_1382.pdf,
1383,7708,EMPRESA DE TRANSPORTES Y SERVICIOS MULTIPLES SAN GENARO S.A.,Chorrillos,San Juan De Miraflores,18.83,19.42,70,7,77,4.0,MICROBUS (M2),AVENIDA NUEVA CALEDONIA / CALLE SN (PACIFICO DE VILLA),PASAJE 11 / PASAJE VIRGEN DEL CARMEN (ALT. CEMENTERIO),31,30,AVENIDA NUEVA CALEDONIA > CALLE 1 > AVENIDA PRINCIPAL > AVENIDA CENTRAL > CALLE F > AVENIDA SANTA ROSA > PROLONGANCION AVENIDA ARIOSTO MATELLINI > AVENIDA EL SOL > AVENIDA LOS ALAMOS > AVENIDA SAN MARTIN > AVENIDA SAN JUAN > AVENIDA SANTA ROSA > AVENIDA MATEO PUMACAHUA > CALLE CORONEL INCLAN > CALLE LA UNION > AVENIDA EL TRIUNFO > AVENIDA ALIPIO PONCE > INTERCAMBIO VIAL PUENTE ALIPIO PONCE > AVENIDA RAMON VARGAS MACHUCA > AVENIDA SAN JUAN > AVENIDA DEFENSORES DE LIMA > AVENIDA PASE DE LA SOLIDARIDAD > AVENIDA SOLIDARIDAD ABANCAY > CALLE PRINCIPAL > AVENIDA EDILBERTO RAMOS > AVENIDA RINCONADA > AVENIDA PIURA > CALLE CANTA > AVENIDA ALAMEDA > CALLE LAS TUNAS > PASAJE 11,"CALLE SN (AA.HH. LOS GIRASOLES DE PAMPLONA ALTA) > CALLE LAS TUNAS > AVENIDA LA ALAMEDA > CALLE CANTA > AVENIDA PIURA > AVENIDA RINCONADA > AVENIDA EDILBERTO RAMOS > CALLE PRINCIPAL > AVENIDA ALFONSO UGARTE > AVENIDA DEFENSORES DE LIMA > AVENIDA SAN JUAN > AVENIDA RAMON VARGAS MACHUCA > AVENIDA ALIPIO PONCE > OVALO EUCALIPTOS (GIRO EN ""U"") > AVENIDA ALIPIO PONCE > AVENIDA EL TRIUNFO > AVENIDA LA UNION > CALLE LA UNION > AVENIDA MATEO PUMACAHUA > AVENIDA TUPAC AMARU > AVENIDA SAN JUAN > AVENIDA LOS ALAMOS > AVENIDA EL SOL > AVENIDA ARIOSTO MATELLINI > AVENIDA EL SOL > CALLE 1 > CALLE A > AVENIDA HEROES DEL PACIFICO > AVENIDA PRINCIPAL > AVENIDA CALEDONIA",RUTA_7708_1383.pdf,
1384,7709,EMPRESA DE TRANSPORTES LA UNIDAD DE VILLA S.A.,Chorrillos,Villa Maria Del Triunfo,16.74,16.99,41,5,46,5.0,MICROBUS (M2),AVENIDA NUEVA CALEDONIA / CALLE SN (ALT. HUACA DE CHIRA VILLA) - AAHH PACIFICO DE VILLA,AVENIDA 26 DE NOVIEMBRE / ALT. CALLE 24 DE JUNIO.,18,20,AVENIDA NUEVA CALEDONIA > CALLE 1 > AVENIDA PRINCIPAL > AVENIDA TRIUNFADORES > AVENIDA SANTA ANITA > AVENIDA PROLONGACION HUAYLAS > OVALO DE LA CURVA > AVENIDA GUARDIA CIVIL SUR > AVENIDA ALIPIO PONCE > OVALOS EUCALIPTOS > AVENIDA ALIPIO PONCE > INTERCAMBIO VIAL PUENTE ALIPIO > AVENIDA RAMON VARGAS MACHUCA > AVENIDA SAN JUAN > AVENIDA LOS HEROES > AVENIDA PACHACUTEC > OVALO CURVA DE NUEVA ESPERANZA > AVENIDA 26 DE NOVIEMBRE,AVENIDA 26 DE NOVIEMBRE > OVALO CURVA DE NUEVA ESPERANZA > AVENIDA PACHACUTEC > AVENIDA LOS HEROES > AVENIDA SAN JUAN > AVENIDA RAMON VARGAS MACHUCA > INTERCAMBIO VIAL PUENTE ALIPIO > AVENIDA ALIPIO PONCE > OVALOS EUCALIPTOS > AVENIDA ALIPIO PONCE > AVENIDA CONSTELACION AUSTRAL > AVENIDA ALIPIO PONCE > AVENIDA GUARDIA CIVIL SUR > OVALO DE LA CURVA > AVENIDA PROLONGACION HUAYLAS > AVENIDA SANTA ANITA > AVENIDA TRIUNFADORES > AVENIDA PRINCIPAL > CALLE 1 > AVENIDA NUEVA CALCEDONIA,RUTA_7709_1384.pdf,
1385,7711,TRANSPORTES Y SERVICE CANADA S.A.,San Juan De Miraflores,Chorrillos,13.3,13.72,21,3,24,4.0,MINIBUS (M2-M3),AVENIDA CAMINO REAL / CALLE FILADELFIA,AVENIDA CHORRILLOS / AVENIDA JOSE OLAYA,12,14,AVENIDA CAMINO REAL > AVENIDA MARCELINO CASTRO GAMBOA > AVENIDA SAN JUAN > AVENIDA RAMON VARGAS MACHUCA > AVENIDA ALIPIO PONCE > INTERCAMBIO VIAL PUENTE ALIPIO > AVENIDA ALIPIO PONCE > AVENIDA GUARDIA CIVIL SUR > OVALO DE LA CURVA > AVENIDA DEFENSORES DEL MORRO > AVENIDA ALEJANDRO IGLESIAS > CALLE BAJADA TENDERINI,"AVENIDA JOSE OLAYA > AVENIDA DEFENSORES DEL MORRO > OVALO DE LA CURVA > AVENIDA PROLONGACION HUAYLAS > AVENIDA PROLONGACION HUAYLAS (VUELTA EN ""U"" ALT. CALLE 10 DE NOVIEMBRE) > AVENIDA PROLONGACION HUAYLAS > AVENIDA GUARDIA CIVIL SUR > AVENIDA ALIPIO PONCE > INTERCAMBIO VIAL PUENTE ALIPIO > AVENIDA ALIPIO PONCE > AVENIDA RAMON VARGAS MACHUCA > AVENIDA SAN JUAN > AVENIDA MARCELINO CASTRO GAMBOA > AVENIDA CAMINO REAL",RUTA_7711_1385.pdf,
1386,7799,EMPRESA DE TRANSPORTES Y SERVICIOS MULTIPLES SAN GENARO S.A.,Chorrillos,Chorrillos,6.29,5.67,13,2,15,5.0,MICROBUS (M2),AVENIDA EL SOL / AVENIDA SANTA TERESA,JIRON NEVADO CHACHANI / AVENIDA CORDILLERA NEGRA,20,17,AVENIDA EL SOL > AVENIDA PROLONGACION ARIOSTO MATELLINI > AVENIDA ARIOSTO MATELLINI > AVENIDA GUARDIA PERUANA > AVENIDA GUARDIA CIVIL SUR > AVENIDA GUARDIA CIVIL SUR (VUELTA EN U ALT. PASAJE CALAGNO) > AVENIDA GUARDIA CIVIL SUR > JIRON TOLOMEO > CALLE CIRO ALEGRIA > AVENIDA LAS PALMERAS > CALLE JORGE CHAVEZ > PASAJE PERU > CALLE ANDRES AVELINO CACERES > JIRON PEDRO RUIZ GALLO > CALLE M. MELGAR > JIRON SANCHEZ CARRION > AVENIDA CORDILLERA ORIENTAL > JIRON CARHUARAZO > AVENIDA CORDILLERA VILCANOTA > JIRON NEVADO CHACHANI,JIRON NEVADO CHACHANI > AVENIDA CORDILLERA VILCANOTA > JIRON CARHUARAZO > AVENIDA CORDILLERA ORIENTAL > JIRON SANCHEZ CARRION > CALLE M. MELGAR > JIRON PEDRO RUIZ GALLO > CALLE ANDRES AVELINO CACERES > PASAJE PERU > CALLE JORGE CHAVEZ > AVENIDA LAS PALMERAS > CALLE CIRO ALEGRIA > JIRON TOLOMEO > AVENIDA GUARDIA PERUANA > AVENIDA ARIOSTO MATELLINI > AVENIDA PROLONGACION ARIOSTO MATELLINI > AVENIDA EL SOL,RUTA_7799_1386.pdf,
1387,7801,E.S.T. SAN JUAN S.A.,San Juan De Miraflores,Villa Maria Del Triunfo,16.24,14.9,35,4,39,5.0,MICROBUS (M2),AVENIDA CENTRAL / AVENIDA VENCEDORES (AA.HH. VILLA JARDIN),AVENIDA PACHACUTEC / AVENIDA EL ROSEDAL (AA.HH. SANTA ROSA DE LAS CONCHITAS),15,14,"AVENIDA CENTRAL (AA.HH. VILLA JARDIN) > AVENIDA CAMINO REAL > AVENIDA MARCELINO CASTRO GAMBOA > AVENIDA SAN JUAN > AVENIDA LOS HEROES > AUXILIAR AVENIDA LOS HEROES > AVENIDA MIGUEL IGLESIAS > AVENIDA MICAELA BASTIDAS > AVENIDA EL SOL > JIRON SOLIDARIDAD (CALLE 7) > CALLE LOS DISEÑADORES (CALLE 5) > AUXILIAR AVENIDA PACHACUTEC > AVENIDA PACHACUTEC > AVENIDA PACHACUTEC (VUELTA EN ""U"" ALT. CALLE 7) > AVENIDA PACHACUTEC (AA.HH. SANTA ROSA DE LAS CONCHITAS)","AVENIDA PACHACUTEC (AA.HH. SANTA ROSA DE LAS CONCHITAS) > AVENIDA JUAN VELASCO ALVARADO > JIRON UNION > AVENIDA EL SOL > AVENIDA EL SOL (VUELTA EN ""U"" ALT. JIRON SOLIDARIDAD) > AVENIDA EL SOL > AVENIDA MICAELA BASTIDAS > AVENIDA MIGUEL IGLESIAS > AVENIDA LOS HEROES > AUXILIAR AVENIDA LOS HEROES > AVENIDA SAN JUAN > AVENIDA MARCELINO CASTRO GAMBOA > AVENIDA CAMINO REAL > AVENIDA CENTRAL (AA.HH. VILLA JARDIN)",RUTA_7801_1387.pdf,
1388,7802,EMPRESA DE TRANSPORTES Y SERVICIOS SAN PEDRO DE PAMPLONA S.A.,San Juan De Miraflores,Villa Maria Del Triunfo,15.44,16.02,34,4,38,3.0,MICROBUS (M2),AVENIDA CENTRAL / AVENIDA VENCEDORES,AVENIDA GENERAL VIDAL / JIRON CUSCO,11,14,AVENIDA CENTRAL > CALLE CAMINO REAL > AVENIDA MARCELINO CASTRO GAMBOA > AVENIDA SAN JUAN > AVENIDA LOS HEROES > AVENIDA MIGUEL IGLESIAS > AVENIDA MICAELA BASTIDAS > AVENIDA JUAN VELASCO ALVARADO > AVENIDA PACHACUTEC > AUXILIAR AVENIDA PACHACUTEC > AVENIDA GENERAL VIDAL,JIRON CUSCO > AVENIDA SAN MARTIN > AVENIDA UNION > AVENIDA PASEO ATAHUALPA > AVENIDA GENERAL CÓRDOVA > AVENIDA PACHACUTEC > AVENIDA JUAN VELASCO ALVARADO > AVENIDA MICAELA BASTIDAS > AVENIDA MIGUEL IGLESIAS > AVENIDA LOS HEROES > AVENIDA SAN JUAN > AVENIDA MARCELINO CASTRO GAMBOA > CALLE CAMINO REAL > AVENIDA CENTRAL,RUTA_7802_1388.pdf,
1389,7803,E.S.T. SAN JUAN S.A.,San Juan De Miraflores,Villa Maria Del Triunfo,18.29,18.32,41,5,46,5.0,MICROBUS (M2),AVENIDA ALTO PROGRESO / PASAJE A,AVENIDA LOS INCAS / JIRON SACSAYHUAMAN,19,19,AVENIDA ALTO PROGRESO > CALLE S/N > AVENIDA PRINCIPAL > AVENIDA CAMINO REAL > AVENIDA MARCELINO CASTRO GAMBOA > AVENIDA SAN JUAN > AVENIDA LOS HEROES > AVENIDA MIGUEL IGLESIAS > AVENIDA MICAELA BASTIDAS > AVENIDA JUAN VELASCO ALVARADO > AUXILIAR AVENIDA PACHACUTEC > AVENIDA GENERAL CORDOVA > AVENIDA UNION > AVENIDA GENERAL VIDAL > JIRON CUSCO > AVENIDA SANTA ROSA > JIRON AYACUCHO > AVENIDA FLORA TRISTAN > AVENIDA LOS INCAS,AVENIDA LOS INCAS > JIRON INDEPENDENCIA > JIRON AYACUCHO > AVENIDA FLORA TRISTAN > AVENIDA UNION > AVENIDA SANTA ROSA > AVENIDA UNION > AVENIDA GENERAL CORDOVA > AVENIDA PACHACUTEC > AVENIDA JUAN VELASCO ALVARADO > AVENIDA MICAELA BASTIDAS > AVENIDA MIGUEL IGLESIAS > AVENIDA LOS HEROES > AVENIDA SAN JUAN > AVENIDA MARCELINO CASTRO GAMBOA > AVENIDA CAMINO REAL > AVENIDA PRINCIPAL > CALLE S/N > AVENIDA ALTO PROGRESO,RUTA_7803_1389.pdf,
1390,7804,EMPRESA DE TRANSPORTES VIRTUAL EXPRESS S.A.,San Juan De Miraflores,Villa Maria Del Triunfo,15.81,16.12,31,4,35,7.0,MICROBUS (M2),AVENIDA LAS TUNAS / PASAJE 11 (AA.HH. LOS GIRASOLES DE LA RINCONADA),AVENIDA 26 DE NOVIEMBRE / AVENIDA RAMIRO MERINO,36,36,AVENIDA LAS TUNAS > AVENIDA ALAMEDA > CALLE CANTA > CALLE PIURA > AVENIDA RINCONADA > AVENIDA EDILBERTO RAMOS > AVENIDA PRINCIPAL > AVENIDA SOLIDARIDAD ABANCAY > AVENIDA PASEO DE LA SOLIDARIDAD > JIRON PIURA > AVENIDA EDILBERTO RAMOS > AVENIDA DEFENSORES DE LIMA > AVENIDA SAN JUAN > AVENIDA RAMON VARGAS MACHUCA > AVENIDA CESAR CANEVARO > AVENIDA BELISARIO SUAREZ > AVENIDA MIGUEL IGLESIAS > AVENIDA REPUBLICA DE ALEMANIA > CALLE 20 > AVENIDA MANUEL SCORZA > CALLE LAS TORRES > PASAJE LOS ROSALES > JIRON 4 DE DICIEMBRE > CALLE EL EJERCITO > AVENIDA FRANCISCO MACHUCA > JIRON SAN JUAN BAUTISTA > CALLE MARIA SATOS ZAMUDIO > AVENIDA DEL EJERCITO > JIRON RAMON CASTILLA > CALLE MERCEDES CABELLO > AVENIDA WIRACOCHA > AVENIDA LA UNION > ACCESO AUXILIAR AVENIDA PACHACUTEC > AUXILIAR DE AVENIDA PACHACUTEC > AVENIDA PACHACUTEC > AVENIDA 26 DE NOVIEMBRE,AVENIDA 26 DE NOVIEMBRE > AVENIDA PACHACUTEC > AVENIDA JOSE PARDO > JIRON MARIA PARADO DE BELLIDO > JIRON HUAYNA CAPAC > AVENIDA LA UNION > AVENIDA UNION (GIRO EN U) > AVENIDA LA UNION > AVENIDA WIRACOCHA > CALLE MERCEDES CABELLO > JIRON RAMON CASTILLA > AVENIDA DEL EJERCITO > CALLE MARIA SATOS ZAMUDIO > JIRON SAN JUAN BAUTISTA > AVENIDA FRANCISCO MACHUCA > CALLE EL EJERCITO > JIRON 4 DE DICIEMBRE > PASAJE LOS ROSALES > CALLE LAS TORRES > AVENIDA MANUEL SCORZA > CALLE 20 > AVENIDA REPUBLICA DE ALEMANIA > AVENIDA MIGUEL IGLESIAS > AVENIDA BELISARIO SUAREZ > AVENIDA CESAR CANEVARO > AVENIDA RAMON VARGAS MACHUCA > AVENIDA SAN JUAN > AVENIDA DEFENSORES DE LIMA > AVENIDA PASEO DE LA SOLIDARIDAD > AVENIDA SOLIDARIDAD ABANCAY > AVENIDA PRINCIPAL > AVENIDA EDILBERTO RAMOS > CALLE PIURA > CALLE CANTA > AVENIDA ALAMEDA > AVENIDA LAS TUNAS,RUTA_7804_1390.pdf,
1391,7805,E.T.TURISMO SAN JUANITO S.A,Chorrillos,Villa Maria Del Triunfo,17.42,16.69,39,4,43,4.0,MICROBUS (M2),CALLE D / CALLE 3,PROLONGACION AVENIDA JOSE CARLOS MARIATEGUI / CALLE C,22,26,CALLE D > CALLE CAPRICORNIO > AVENIDA LOS INCAS > AVENIDA SAN PEDRO DE LUCANAS > AVENIDA ALAMEDA SUR > AVENIDA ALAMEDA BALLESTAS > AVENIDA ALAMEDA LOS HORIZONTES > AVENIDA ALAMEDA LOS CEDROS > AVENIDA ALAMEDA SUR > PROLONGACION AVENIDA HUAYLAS > OVALO LA CURVA > AVENIDA GUARDIA CIVIL SUR > AVENIDA ALIPIO PONCE > OVALO EUCALIPTOS > AVENIDA ALIPIO PONCE > AVENIDA RAMON VARGAS MACHUCA > AVENIDA SAN JUAN > AVENIDA LOS HEROES > JIRON FRANCISCO BOLOGNESI > AVENIDA DEFENSORES DE LIMA > AVENIDA JOSE CARLOS MARIATEGUI > PROLONGACION AVENIDA JOSE CARLOS MARIATEGUI,CALLE C > CALLE JOSE DE SAN MARTIN > JIRON ISIDORO SUAREZ > AVENIDA SIMON BOLIVAR > AVENIDA MARISCAL JOSE ANTONIO DE SUCRE > AVENIDA PRIMAVERA > JIRON INTI RAYMI > AVENIDA JULIO CESAR TELLO > JIRON MARIANO MELGAR > AVENIDA PANDO EGUSQUIZA > CALLE SAN TORIBIO > JIRON TUPAC AMARU > AVENIDA LOS HEROES > AVENIDA SAN JUAN > AVENIDA RAMON VARGAS MACHUCA > AVENIDA ALIPIO PONCE > OVALO EUCALIPTOS > AVENIDA ALIPIO PONCE > AVENIDA GUARDIA CIVIL SUR > OVALO LA CURVA > PROLONGACION AVENIDA HUAYLAS > AVENIDA ALAMEDA SUR > AVENIDA SAN PEDRO DE LUCANAS > AVENIDA LOS INCAS > CALLE CAPRICORNIO > AVENIDA D,RUTA_7805_1391.pdf,
1392,7807,"EMPRESA DE TRANSPORTE IMAGEN DE JESUS S.A. ""E.T.IMAJESA""",San Juan De Miraflores,Villa El Salvador,17.1,17.33,31,4,35,6.0,MICROBUS (M2),AVENIDA CENTRAL / AVENIDA VENCEDORES,AVENIDA CESAR VALLEJO / AVENIDA LOS ALAMOS,18,23,AVENIDA CENTRAL > AVENIDA CAMINO REAL > AVENIDA MARCELINO CASTRO GAMBOA > AVENIDA SAN JUAN > AVENIDA LOS HEROES > AVENIDA MIGUEL IGLESIAS > AVENIDA MICAELA BASTIDAS > AVENIDA EL SOL > JIRON SOLIDARIDAD > CALLE LOS DISENADORES > CALLE LOS ARTESANOS > CALLE PULIDORES > AVENIDA 6 DE AGOSTO > CALLE 3 > CALLE K > OVALO RESIDENCIAL DE PACHACAMAC > AVENIDA SEPARADORA INDUSTRIAL > AVENIDA CESAR VALLEJO,"AVENIDA CESAR VALLEJO > AVENIDA SEPARADORA INDUSTRIAL > OVALO RESIDENCIAL DE PACHACAMAC > CALLE K > CALLE 3 > AVENIDA 6 DE AGOSTO > CALLE PULIDORES > CALLE LOS ARTESANOS > CALLE LOS DISENADORES > JIRON SOLIDARIDAD > AVENIDA JUAN VELASCO ALVARADO > JIRON UNION > AVENIDA EL SOL > AVENIDA EL SOL (VUELTA EN ""U"" ALT. JIRON SOLIDARIDAD) > AVENIDA EL SOL > AVENIDA MICAELA BASTIDAS > AVENIDA MIGUEL IGLESIAS > AVENIDA LOS HEROES > AUXILIAR AVENIDA LOS HEROES > AVENIDA SAN JUAN > AVENIDA MARCELINO CASTRO GAMBOA > AVENIDA CAMINO REAL > AVENIDA CENTRAL",RUTA_7807_1392.pdf,
1393,7811,LIDER PAMPLONA ALTA S.A.,San Juan De Miraflores,Villa El Salvador,13.21,13.21,27,3,30,5.0,MICROBUS (M2),AVENIDA EDILBERTO RAMOS / CALLE SN (AA.HH. EL TREBOL),AVENIDA MICAELA BASTIDAS / AVENIDA JUAN VELASCO ALVARADO,10,10,AVENIDA EDILBERTO RAMOS > CALLE PRINCIPAL > AVENIDA MARCELINO CASTRO GAMBOA > PROLONGACION AVENIDA SAN JUAN > AVENIDA SAN JUAN > AVENIDA RAMON VARGAS MACHUCA > AVENIDA CESAR CANEVARO > AVENIDA BELISARIO SUAREZ > AVENIDA MIGUEL IGLESIAS > AVENIDA MICAELA BASTIDAS,AVENIDA MICAELA BASTIDAS > AVENIDA MIGUEL IGLESIAS > AVENIDA BELISARIO SUAREZ > AVENIDA CESAR CANEVARO > AVENIDA RAMON VARGAS MACHUCA > AVENIDA SAN JUAN > PROLONGACION AVENIDA SAN JUAN > AVENIDA MARCELINO CASTRO GAMBOA > CALLE PRINCIPAL > AVENIDA EDILBERTO RAMOS,RUTA_7811_1393.pdf,
1394,8401,EMPRESA DE TRANSPORTES Y SERVICIOS 18 DE ENERO S.A.,Lurin,Cieneguilla,27.06,27.03,40,4,44,4.0,MICROBUS (M2),ANTIGUA PANAMERICANA SUR / CALLE 7,AVENIDA SAN MARTIN / CALLE LOS GRILLOS,12,12,ANTIGUA CARRETERA PANAMERICANA SUR > OVALO MANUEL VALLE > AVENIDA MANUEL VALLE > AVENIDA PAUL POBLET > PUENTE QUEBRADA VERDE > AVENIDA PAUL POBLET > OVALO MANCHAY - BAJO PACHACAMAC > AVENIDA PAUL POBLET > AVENIDA LUIS FELIPE DE LAS CASAS GRIEVE > AVENIDA INCA MOYA > OVALO DE CIENEGUILLA > AVENIDA SAN MARTIN,AVENIDA SAN MARTIN > OVALO DE CIENEGUILLA > AVENIDA INCA MOYA > AVENIDA LUIS FELIPE DE LAS CASAS GRIEVE > AVENIDA PAUL POBLET > OVALO MANCHAY - PACHACAMAC > AVENIDA PAUL POBLET > PUENTE QUEBRADA VERDE > AVENIDA PAUL POBLET > AVENIDA MANUEL VALLE > OVALO MANUEL VALLE > ANTIGUA CARRETERA PANAMERICANA SUR,RUTA_8401_1394.pdf,
1395,8402,EMPRESA DE SERVICIOS MULTIPLES LOS LAURELES DE MANCHAY S.A.,Pachacamac,Ate,34.59,34.87,37,4,41,4.0,MINIBUS (M2-M3),AVENIDA VICTOR MALASQUEZ / CALLE SANTA ROSITA,AVENIDA 1 / CALLE 2,22,23,CARRETERA CIENEGUILLA > AVENIDA VICTOR MALASQUEZ > AVENIDA LA MOLINA > OVALO LA FONTANA > AVENIDA LA MOLINA > AVENIDA LOS RUISENORES > AVENIDA HUANCARAY > AVENIDA METROPOLITANA > PROLONGACION JAVIER PRADO ESTE > AUXILIAR CARRETERA CENTRAL (BYPASS JAVIER PRADO) > CARRRETERA CENTRAL > AVENIDA JOSE CARLOS MARIATEGUI > JIRON TRIUNFO > AVENIDA ALFONSO UGARTE > AVENIDA JOSE QUINONES > AVENIDA ALMIRANTE MIGUEL GRAU > AVENIDA SAN ALFONSO > AVENIDA SAN MARTIN DE PORRES > AVENIDA SANTA ROSA > CALLE MERINO MELGAR > AVENIDA DANIEL ALCIDES CARRION > AVENIDA 1,AVENIDA 1 > AVENIDA DANIEL ALCIDES CARRION > CALLE MERINO MELGAR > AVENIDA SANTA ROSA > AVENIDA SAN MARTIN DE PORRES > AVENIDA SAN ALFONSO > AVENIDA ALMIRANTE MIGUEL GRAU > AVENIDA JOSE QUINONES > AVENIDA ALFONSO UGARTE > CALLE D > CALLE B > CALLE TRABAJO > CARRRETERA CENTRAL > AUXILIAR CARRETERA CENTRAL (BYPASS JAVIER PRADO) > PROLONGACION JAVIER PRADO ESTE > AVENIDA METROPOLITANA > AVENIDA HUANCARAY > AVENIDA LOS RUISENORES > AVENIDA LA MOLINA > OVALO LA FONTANA > AVENIDA LA MOLINA > AVENIDA VICTOR MALASQUEZ > CARRETERA CIENEGUILLA,RUTA_8402_1395.pdf,
1396,8613,EMPRESA DE TRANSPORTES TURISMO EL MARQUEZ S.A.,Punta Negra,Chorrillos,46.79,46.62,54,6,60,4.0,MINIBUS (M2-M3),ANTIGUA PANAMERICANA SUR / CALLE ANCHOVETA,AVENIDA PRINCIPAL / CALLE PAMPAS,43,41,ANTIGUA PANAMERICANA SUR > PUENTE ARICA > ANTIGUA PANAMERICANA SUR > ROTONDA MANUEL VALLE - LURIN > ANTIGUA PANAMERICANA SUR > OVALO SANTA ROSA LURIN > ANTIGUA PANAMERICANA SUR > PUENTE LURIN > ANTIGUA PANAMERICANA SUR > AVENIDA LIMA > OVALO MARIA REICHE > AVENIDA MARIA REICHE > AVENIDA REVOLUCION > OVALO LAS PALOMAS > AVENIDA 200 MILLAS > AVENIDA MICAELA BASTIDAS > AVENIDA PRIMERO DE MAYO > AVENIDA MARIANO PASTOR SEVILLA > OVALO COCHARCAS > AVENIDA MATEO PUMACAHUA > AVENIDA PROLONGACION PEDRO MIOTTA > AVENIDA PEDRO MIOTTA > AVENIDA PEDRO MIOTTA (GIRO EN U ALT. AVENIDA LIZARDO MONTERO) > AVENIDA PEDRO MIOTTA > AVENIDA VARGAS MACHUCA > AVENIDA ALIPIO PONCE > OVALO EUCALIPTOS > AVENIDA ALIPIO PONCE > AVENIDA GUARDIA CIVIL SUR > OVALO LA CURVA > AVENIDA LAS GAVIOTAS > AVENDA PASEO DE LA REPUBLICA > AVENIDA FERNANDO TERAN > AVENIDA DEFENSORES DEL MORRO > AVENIDA JOSE OLAYA > AVENIDA MARISCAL RAMON CASTILLA > AVENIDA IGNACIO SEMINARIO > AVENIDA JULIO CALERO > CALLE JULIO CESAR TELLO > CALLE RICARDO PALMA > CALLE F > AVENIDA VIA CENTRAL > AVENIDA PRINCIPAL,AVENIDA PRINCIPAL > AVENIDA VIA CENTRAL > CALLE F > CALLE RICARDO PALMA > CALLE JULIO CESAR TELLO > AVENIDA JULIO CALERO > AVENIDA IGNACIO SEMINARIO > AVENIDA MARISCAL RAMON CASTILLA > AVENIDA ALEJANDRO IGLESIAS > AVENIDA DEFENSORES DEL MORRO > AVENIDA FERNANDO TERAN > AVENIDA PASEO DE LA REPUBLICA > AVENIDA LAS GAVIOTAS > OVALO LA CURVA > AVENIDA GUARDIA CIVIL SUR > AVENIDA ALIPIO PONCE > OVALO EUCALIPTOS > AVENIDA ALIPIO PONCE > AVENIDA VARGAS MACHUCA > AVENIDA PEDRO MIOTTA > AVENIDA PROLONGACION PEDRO MIOTTA > AVENIDA MATEO PUMACAHUA > OVALO COCHARCAS > AVENIDA MARIANO PASTOR SEVILLA > AVENIDA PRIMERO DE MAYO > AVENIDA MICAELA BASTIDAS > AVENIDA 200 MILLAS > OVALO LAS PALOMAS > AVENIDA REVOLUCION > AVENIDA MARIA REICHE > OVALO MARIA REICHE > AVENIDA LIMA > ANTIGUA PANAMERICANA SUR > PUENTE LURIN > ANTIGUA PANAMERICANA SUR > OVALO SANTA ROSA LURIN > ANTIGUA PANAMERICANA SUR > ROTONDA MANUEL VALLE - LURIN > ANTIGUA PANAMERICANA SUR > PUENTE ARICA > ANTIGUA PANAMERICANA SUR,RUTA_8613_1396.pdf,
1397,8701,TRANSPORTES E INVERSIONES ROSHEDI S.A.C.,Lurin,San Juan De Miraflores,46.38,46.51,69,7,76,6.0,MICROBUS (M2),CALLE SN / AV. LAS TARAS (ALTURA CAMPO DEPORTIVO EL ENCUENTRO),AVENIDA LOS ALAMOS / CALLE LAS AZUCENAS,42,38,"CALLE SN > AVENIDA SANTO DOMINGO DE LOS OLLEROS > CALLE QUIÑONES > CALLE HUASCAR > AVENIDA SANTA ANITA > AVENIDA LOS MANZANOS > AVENIDA SANTA ANITA > AVENIDA CASA HACIENDA > AVENIDA FERNANDO REUSCHE > JIRON SUSPIROS > JIRON COMERCIO > AVENIDA MANUEL VALLE > ROTONTA MANUEL VALLE > CARRETERA ANTIGUA PANAMERICANA SUR > CARRETERA ANTIGUA PANAMERICANA SUR (VUELTA EN ""U"" ALT. AVENIDA INDUSTRIAL) > CARRETERA ANTIGUA PANAMERICANA SUR > ROTONTA MANUEL VALLE > CARRETERA ANTIGUA PANAMERICANA SUR > PUENTE LURIN > CARRETERA ANTIGUA PANAMERICANA SUR > AVENIDA LIMA > OVALO MARIA REICHE > AVENIDA LIMA > OVALO JOSE GALVEZ > AVENIDA LIMA > AVENIDA ATOCONGO > AVENIDA 26 DE NOVIEMBRE > AVENIDA PACHACUTEC > AVENIDA LOS HEROES > INTERCAMBIO VIAL PUENTE ATOCONGO > AVENIDA SANTIAGO DE SURCO > AUXILIAR AVENIDA SANTIAGO DE SURCO > AVENIDA CAMINOS DEL INCA > AVENIDA CAMINOS DEL INCA (VUELTA EN ""U"" ALT. JR. LOMAS DE LAS GARDENIAS) > AVENIDA CAMINOS DEL INCA > AVENIDA LOS PROCERES > AVENIDA LOS PROCERES (VUELTA EN U ALT. CALLE S/N) > AVENIDA LOS PROCERES > AVENIDA PASEO DE LA REPUBLICA > JIRON JOSE GABRIEL AGUILAR SEGURA > CALLE LOS GIRASOLES > AVENIDA LOS ALAMOS","AVENIDA LOS ALAMOS > CALLE LOS GIRASOLES > JIRON JOSE GABRIEL AGUILAR SEGURA > AVENIDA PASEO DE LA REPUBLICA > AVENIDA LOS PROCERES > AVENIDA SANTIAGO DE SURCO > INTERCAMBIO VIAL PUENTE ATOCONGO > AVENIDA LOS HEROES > AVENIDA PACHACUTEC > AVENIDA 26 DE NOVIEMBRE > AVENIDA ATOCONGO > AVENIDA LIMA > OVALO JOSE GALVEZ > AVENIDA LIMA > OVALO MARIA REICHE > AVENIDA LIMA > CARRETERA ANTIGUA PANAMERICANA SUR > PUENTE LURIN > ANTIGUA PANAMERICANA SUR > ROTONTA MANUEL VALLE > CARRETERA ANTIGUA PANAMERICANA SUR > CARRETERA ANTIGUA PANAMERICANA SUR (VUELTA EN ""U"" ALT. AVENIDA INDUSTRIAL) > CARRETERA ANTIGUA PANAMERICANA SUR > ROTONTA MANUEL VALLE > AVENIDA MANUEL VALLE > JIRON LIMA > JIRON PROGRESO > AVENIDA EL DESCANSO > JIRON PARAISO > AVENIDA COLONIAL > AVENIDA FERNANDO REUSCHE > AVENIDA CASA HACIENDA > AVENIDA LOS MANZANOS > AVENIDA SANTA ANITA > CALLE HUASCAR > CALLE QUINONES > AVENIDA SANTO DOMINGO DE LOS OLLEROS > CALLE SN",RUTA_8701_1397.pdf,
1398,8702,EMPRESA DE TRANSPORTES Y SERVICIOS VIRGENCITA DE PACHACAMAC S.A.,Punta Hermosa,San Juan De Miraflores,38.53,38.2,40,4,44,6.0,MICROBUS (M2),AVENIDA PAMPAPACTA / CALLE SN (LAS LOMAS DE PUNTA HERMOSA),AVENIDA LOS ALAMOS / CALLE ALFONSO UGARTE,29,26,"AVENIDA PAMPAPACTA > AVENIDA JOSE ABELARDO QUIÑONES > AVENIDA GARCIA RADA > ANTIGUA PANAMERICANA SUR > PUENTE ARICA > ANTIGUA PANAMERICANA SUR > PUENTE LURIN > ANTIGUA PANAMERICANA SUR > AVENIDA LIMA > OVALO MARIA REICHE > AVENIDA LIMA > OVALO JOSE GALVEZ > AVENIDA LIMA > AVENIDA ATOCONGO > AVENIDA 26 DE NOVIEMBRE > AVENIDA PACHACUTEC > AVENIDA LOS HEROES > PUENTE ATOCONGO > AVENIDA SANTIAGO DE SURCO > AVENIDA CAMINOS DEL INCA > AVENIDA CAMINOS DEL INCA (GIRO EN ""U"" ALT. JIRON LOMA DE LAS GARDEMIAS) > AVENIDA CAMINOS DEL INCA > AVENIDA LOS PROCERES > AVENIDA PASEO DE LA REPUBLICA > JIRON JOSE GABRIEL AGUILAR SEGURA > JIRON ALCIDES VIGO HURTADO > JIRON LOS HERRERILLOS > JIRON LOS ROSALES > AVENIDA LOS ALAMOS",CALLE LOS ALAMOS > JIRON LOS ROSALES > JIRON LOS HERRERILLOS > JIRON ALCIDES VIGO HURTADO > JIRON JOSE GABRIEL AGUILAR SEGURA > AVENIDA PASEO DE LA REPUBLICA > AVENIDA LOS PROCERES > AVENIDA SANTIAGO DE SURCO > PUENTE ATOCONGO > AVENIDA LOS HEROES > AVENIDA PACHACUTEC > AVENIDA 26 DE NOVIEMBRE > AVENIDA ATOCONGO > AVENIDA LIMA > OVALO JOSE GALVEZ > AVENIDA LIMA > OVALO MARIA REICHE > AVENIDA LIMA > ANTIGUA PANAMERICANA SUR > PUENTE LURIN > ANTIGUA PANAMERICANA SUR > PUENTE ARICA > ANTIGUA PANAMERICANA SUR > AVENIDA GARCIA RADA > AVENIDA JOSE ABELARDO QUIÑONES > AVENIDA PAMPAPACTA,RUTA_8702_1398.pdf,
1399,8706,E.T.TURISMO SAN JUANITO S.A,Villa Maria Del Triunfo,Chorrillos,17.13,16.42,21,3,24,8.0,MINIBUS (M2-M3),CALLE A7 / CALLE 14,AVENIDA PRINCIPAL / CALLE HUANUCO,31,26,"CALLE A7 > AVENIDA JOSE DE SAN MARTIN > CALLE HUSARES DE JUNIN > AVENIDA SIMON BOLIVAR > AVENIDA MARISCAL JOSE ANTONIO DE SUCRE > AVENIDA PRIMAVERA > JIRON INTI RAYMI > JIRON JULIO CESAR TELLO > AVENIDA SALVADOR ALLENDE > JIRON TUPAC AMARU > AVENIDA LOS HEROES > PUENTE ATOCONGO > AVENIDA SANTIAGO DE SURCO > AVENIDA CAMINOS DEL INCA > AVENIDA CAMINOS DEL INCA (VUELTA EN ""U"" ALT. JIRON LOMA DE LAS GARDEMIAS) > AVENIDA CAMINOS DEL INCA > AVENIDA LOS PROCERES > JIRON GUARDIA CIVIL NORTE > JIRON VISTA ALEGRE > JIRON LAS GAVIOTAS > CALLE LOS ASTEROIDES > CALLE EL UNIVERSO > JIRON ANDROMEDA > AVENIDA EL SOL > AVENIDA ARIOSTO MATELLINI > AVENIDA PROLONGACION ARIOSTO MATELLINI > AVENIDA SANTA ROSA > AVENIDA VIA CENTRAL > AVENIDA SAN GENARO > AVENIDA TRIUNFADORES > AVENIDA PRINCIPAL",AVENIDA PRINCIPAL > AVENIDA TRIUNFADORES > AVENIDA SAN GENARO > AVENIDA VIA CENTRAL > AVENIDA SANTA ROSA > AVENIDA PROLONGACION ARIOSTO MATELLINI > AVENIDA ARIOSTO MATELLINI > AVENIDA EL SOL > JIRON ANDROMEDA > CALLE EL UNIVERSO > CALLE LOS ASTEROIDES > JIRON LAS GAVIOTAS > JIRON VISTA ALEGRE > JIRON GUARDIA CIVIL SUR > AVENIDA LOS PROCERES > AVENIDA SANTIAGO DE SURCO > PUENTE ATOCONGO > AVENIDA LOS HEROES > JIRON FRANCISCO BOLOGNESI > AVENIDA SALVADOR ALLENDE > AVENIDA JOSE CARLOS MARIATEGUI > PROLONGACION AVENIDA JOSE CARLOS MARIATEGUI > CALLE ANDRES AVELINO CACERES > AVENIDA JOSE DE SAN MARTIN > CALLE A6 > CALLE 14,RUTA_8706_1399.pdf,
1400,8707,PREFERENCIAL SAN JUANITO S.A.C.,Villa Maria Del Triunfo,Chorrillos,16.25,16.96,21,3,24,8.0,MINIBUS (M2-M3),CALLE A7 / CALLE 14,AVENIDA PRINCIPAL/ JIRON HUANUCO,33,27,CALLE A7 > AVENIDA JOSE DE SAN MARTIN > AVENIDA ANDREZ AVELINO CACERES > AVENIDA SIMON BOLIVAR > AVENIDA JOSE MARIA CORDOVA > AVENIDA SIMON BOLIVAR > AVENIDA MARISCAL JOSE ANTONIO DE SUCRE > AVENIDA PRIMAVERA > JIRON INTI RAYMI > JIRON JULIO CESAR TELLO > AVENIDA SALVADOR ALLENDE > JIRON TUPAC AMARU > AVENIDA LOS HEROES > INTERCAMBIO VIAL PUENTE ATOCONGO > AVENIDA SANTIAGO DE SURCO > AVENIDA CAMINOS DEL INCA > AVENIDA CAMINOS DEL INCA (VUELTA U ALT. JIRON LOMA DE LAS GARDEMIAS) > AVENIDA CAMINOS DEL INCA > AVENIDA LOS PROCERES > JIRON GUARDIA CIVIL NORTE > JIRON VISTA ALEGRE > AVENIDA LAS GAVIOTAS > CALLE LOS ASTEROIDES > CALLE EL UNIVERSO > JIRON ANDROMEDA > AVENIDA EL SOL > AVENIDA ARIOSTO MATELLINI > AVENIDA PROLONGACION ARIOSTO MATELLINI > AVENIDA SANTA ROSA > AVENIDA VIA CENTRAL > AVENIDA SAN GENARO > AVENIDA TRIUNFADORES > AVENIDA PRINCIPAL,AVENIDA PRINCIPAL > AVENIDA LOS TRIUNFADORES > AVENIDA SAN GENARO > AVENIDA VIA CENTRAL > AVENIDA SANTA ROSA > AVENIDA PROL. ARIOSTO MATELLINI > AVENIDA ARIOSTO MATELLINI > AVENIDA EL SOL > JIRON ANDROMEDA > CALLE EL UNIVERSO > CALLE LOS ASTEROIDES > AVENIDA LAS GAVIOTAS > JIRON VISTA ALEGRE > AVENIDA GUARDIA CIVIL SUR > AVENIDA LOS PROCERES > AVENIDA SANTIAGO DE SURCO > INTERCAMBIO VIAL PUENTE ATOCONGO > AVENIDA LOS HEROES > JIRON FRANCISCO BOLOGNESI > AVENIDA SALVADOR ALLENDE > AVENIDA JOSE CARLOS MARIATEGUI > CALLE JOSE DE LA MAR > AVENIDA JOSE CARLOS MARIATEGUI > CALLE ANDRES AVELINO CACERES > CALLE JOSE DE SAN MARTIN > CALLE A6 > CALLE 14,RUTA_8707_1400.pdf,
1401,8708,EMPRESA DE TRANSPORTE UNION SAN JUANITO S.A.,Villa Maria Del Triunfo,Chorrillos,18.38,17.21,45,5,50,4.0,MICROBUS (M2),CALLE 11 / PASAJE TUPAC AMARU,CALLE S/N (ALT. ASOCIACIÓN DE VIVIENDA RTP),35,33,CALLE 11 > CALLE 10 > AVENIDA PROLONGACION JOSE CARLOS MARIATEGUI > JIRON ISIDRO SUAREZ > AVENIDA SIMON BOLIVAR > AVENIDA MARISCAL JOSE ANTONIO DE SUCRE > AVENIDA PRIMAVERA > JIRON INTI RAYMI > AVENIDA JULIO CESAR TELLO > AVENIDA DEFENSORES DE LIMA > JIRON TUPAC AMARU > AVENIDA LOS HEROES > AVENIDA SAN JUAN > AVENIDA RAMON VARGAS MACHUCA > AVENIDA ALIPIO PONCE > PUENTE ALIPIO PONDE > AVENIDA ALIPIO PONCE > AVENIDA GUARDIA CIVIL SUR > OVALO DE LA CURVA > AVENIDA DEFENSORES DEL MORRO > AVENIDA SANTA ANITA > AVENIDA TRIUNFADORES > AVENIDA PRINCIPAL > CALLE LA CHIRA > CALLE CAPRICORNIO > CALLE MARQUEZ DE CORPAC > CALLE 10 > CALLE F > CALLE ANDRES AVELINO CACERES > CALLE 7 > CALLE PORTAL > CALLE 12 > CALLE 21 > CALLE ALONSO MERINO > CALLE S/N (ALT. ASOCIACION DE VIVIENDA RTP),CALLE S/N (ALT. ASOCIACION DE VIVIENDA RTP) > CALLE ALONSO MERINO > CALLE 21 > CALLE 12 > CALLE ANDRES AVELINO CACERES > CALLE F > CALLE 10 > CALLE MARQUEZ DE CORPAC > CALLE CAPRICORNIO > CALLE LA CHIRA > AVENIDA PRINCIPAL > AVENIDA TRIUNFADORES > AVENIDA SANTA ANITA > AVENIDA DEFENSORES DEL MORRO > OVALO DE LA CURVA > AVENIDA GUARDIA CIVIL SUR > AVENIDA ALIPIO PONCE > PUENTE ALIPIO PONDE > AVENIDA ALIPIO PONCE > AVENIDA RAMON VARGAS MACHUCA > AVENIDA SAN JUAN > AVENIDA LOS HEROES > JIRON FRANCISCO BOLOGNESI > AVENIDA NICOLAS DE PIEROLA > AVENIDA JOSE CARLOS MARIATEGUI > CALLE JOSE DE LA MAR > AVENIDA JOSE CARLOS MARIATEGUI > PASAJE TUPAC AMARU > JIRON ISIDRO SUAREZ > AVENIDA PROLONGACION JOSE CARLOS MARIATEGUI > CALLE S/N > CALLE 10 > CALLE 11,RUTA_8708_1401.pdf,
1405,8716,EMPRESA DE TRANSPORTES JOSE GALVEZ S.A.,Villa Maria Del Triunfo,Chorrillos,24.63,24.55,56,6,62,4.0,MINIBUS (M2-M3),JIRON TALARA / JIRON ATAHUALPA,AVENIDA MARISCAL RAMON CASTILLA / AVENIDA ALEJANDRO IGLESIAS,17,23,JIRON TALARA > AVENIDA TUPAC AMARU > JIRON ARICA > AVENIDA LIMA > OVALO JOSE GALVEZ > AVENIDA PACHACUTEC > AVENIDA LOS HEROES > AVENIDA SAN JUAN > AVENIDA RAMON VARGAS MACHUCA > AVENIDA ALIPIO PONCE > AVENIDA GUARDIA CIVIL SUR > OVALO DE LA CURVA > AVENIDA DEFENSORES DEL MORRO > AVENIDA ALEJANDRO IGLESIAS > JIRON JOSE M. BARRIO NUEVO > AVENIDA JOSE OLAYA > AVENIDA MARISCAL RAMON CASTILLA,"AVENIDA ALEJANDRO IGLESIAS > AVENIDA DEFENSORES DEL MORRO > OVALO DE LA CURVA > AVENIDA PROLONGACION HAUYLAS > AVENIDA PROLONGACION HAUYLAS (VUELTA EN ""U"" ALT. CALLE 10 DE NOVIEMBRE) > AVENIDA PROLONGACION HAUYLAS > AVENIDA GUARDIA CIVIL SUR > AVENIDA ALIPIO PONCE > OVALO EUCALIPTOS > AVENIDA ALIPIO PONCE > PUENTE ALIPIO > AVENIDA ALIPIO PONCE > AVENIDA RAMON VARGAS MACHUCA > AVENIDA SAN JUAN > AVENIDA LOS HEROES > AVENIDA PACHACUTEC > OVALO PACHACUTEC > AVENIDA PACHACUTEC > OVALO JOSE GALVEZ > AVENIDA LIMA > JIRON ARICA > AVENIDA TUPAC AMARU > JIRON TALARA",RUTA_8716_1405.pdf,
1406,8717,EMPRESA DE TRANSPORTE KID GALAHAD S.A.,Pachacamac,Chorrillos,32.18,33.42,58,6,64,5.0,MICROBUS (M2),AVENIDA CAMINO REAL / CALLE LAS VIÑAS,AVENIDA MARISCAL RAMON CASTILLA / AVENIDA ALEJANDRO IGLESIAS,31,35,AVENIDA CAMINO REAL > JIRON LIMA > AVENIDA SAN MIGUEL > AVENIDA EL DESCANSO > JIRON PARAISO > AVENIDA COLONIAL > JIRON SUSPIROS > JIRON COMERCIO > AVENIDA PAUL POBLET > PUENTE QUEBRADA VERDE > AVENIDA PACHACUTEC > AVENIDA LAS PALMAS > AVENIDA ZARUMILLA > AVENIDA LIMA > OVALO JOSE GALVEZ > AVENIDA PACHACUTEC > OVALO PACHACUTEC > AVENIDA PACHACUTEC > AVENIDA LOS HEROES > AVENIDA SAN JUAN > AVENIDA RAMON VARGAS MACHUCA > AVENIDA ALIPIO PONCE > PUENTE ALIPIO > AVENIDA ALIPIO PONCE > AVENIDA GUARDIA CIVIL SUR > OVALO LA CURVA > AVENIDA PROLONGACION HUAYLAS > AVENIDA ALEJANDRO IGLESIAS > JIRON JOSE BARRIO NUEVO > AVENIDA JOSE OLAYA > AVENIDA MARISCAL RAMON CASTILLA,"AVENIDA ALEJANDRO IGLESIAS > AVENIDA DEFENSORES DEL MORRO > OVALO LA CURVA > AVENIDA PROLONGACION HUAYLAS > AVENIDA PROLONGACION HUAYLAS (GIRO EN ""U"" ALT. CALLE 10 DE NOVIEMBRE) > AVENIDA PROLONGACION HUAYLAS > OVALO LA CURVA > AVENIDA GUARDIA CIVIL SUR > AVENIDA ALIPIO PONCE > PUENTE ALIPIO > AVENIDA ALIPIO PONCE > AVENIDA RAMON VARGAS MACHUCA > AVENIDA SAN JUAN > AVENIDA LOS HEROES > AVENIDA PACHACUTEC > OVALO PACHACUTEC > AVENIDA PACHACUTEC > OVALO JOSE GALVEZ > AVENIDA LIMA > JIRON AREQUIPA > JIRON AYACUCHO > JIRON ICA > AVENIDA LIMA > AVENIDA ZARUMILLA > AVENIDA LAS PALMAS > AVENIDA PACHACUTEC > AVENIDA BOLOGNESI > AVENIDA MIGUEL GRAU > AVENIDA JOSE QUIÑONES > AVENIDA PACHACUTEC > PUENTE QUEBRADA VERDE > AVENIDA PAUL POBLET > AVENIDA MANUEL VALLE > JIRON LIMA > AVENIDA CAMINO REAL",RUTA_8717_1406.pdf,
1407,8718,INVERSIONES Y SERVICIOS NOVOA S.A.C.,Pachacamac,San Juan De Miraflores,34.19,34.84,51,6,57,5.0,MICROBUS (M2),AVENIDA SAN MARCOS / CALLE S/N (EL MANZANO),CALLE LOS ROSALES / CALLE LOS FICUS,43,38,"AVENIDA SAN MARCOS > AVENIDA LOS MANZANOS > AVENIDA CASA HACIENDA > AVENIDA SANTA ANITA > AVENIDA FERNANDO REUSCHE > JIRON SUSPIROS > JIRON COMERCIO > AVENIDA MANUEL VALLE > CALLE LAS ORQUIDEAS > AVENIDA LOS ROSALES > JIRON LOS JAZMINES > AVENIDA MANUEL VALLE > ROTONDA MANUEL VALLE > ANTIGUA CARRETERA PANAMERICANA SUR > PUENTE LURIN > ANTIGUA CARRETERA PANAMERICANA SUR > AVENIDA MARIA REICHE > AVENIDA PROLONGACION MARIANO PASTOR SEVILLA > AVENIDA TAHUANTINSUYO > CALLE F > AVENIDA UNIVERSITARIA > AVENIDA UNIVERSITARIA (VUELTA EN ""U"" ALT. AVENIDA A) > AVENIDA UNIVERSITARIA > CALLE D > AVENIDA 200 MILLAS > AVENIDA 200 MILLAS (VUELTA EN ""U"" ALT. AVENIDA A) > AVENIDA 200 MILLAS > OVALO OASIS > AVENIDA MARIA ELENA MOYANO > AVENIDA TALARA > AVENIDA MICAELA BASTIDAS > AVENIDA PRIMERO DE MAYO > AVENIDA SEPARADORA INDUSTRIAL > AVENIDA MATEO PUMACAHUA > OVALO PACHACUTEC > AVENIDA PACHACUTEC > AVENIDA LOS HEROES > AVENIDA SAN JUAN > AVENIDA DEFENSORES DE LIMA > AVENIDA ALFONSO UGARTE > AVENIDA SAN LUIS > CALLE IRIS > CALLE LOS ROSALES","CALLE LOS ROSALES > CALLE IRIS > AVENIDA SAN LUIS > AVENIDA ALFONSO UGARTE > AVENIDA DEFENSORES DE LIMA > AVENIDA SAN JUAN > AVENIDA LOS HEROES > AVENIDA PACHACUTEC > OVALO PACHACUTEC > AVENIDA MATEO PUMACAHUA > AVENIDA SEPARADORA INDUSTRIAL > AVENIDA PRIMERO DE MAYO > AVENIDA MICAELA BASTIDAS > AVENIDA TALARA > AVENIDA MARIA ELENA MOYANO > OVALO OASIS > AVENIDA 200 MILLAS > CALLE D > AVENIDA UNIVERSITARIA > AVENIDA UNIVERSITARIA (VUELTA EN ""U"" ALT. AVENIDA CIRCUNVALACION) > AVENIDA UNIVERSITARIA > CALLE F > AVENIDA TAHUANTINSUYO > AVENIDA PROLONGACION MARIANO PASTOR SEVILLA > AVENIDA MARIA REICHE > ANTIGUA CARRETERA PANAMERICANA SUR > ROTONDA MANUEL VALLE > AVENIDA MANUEL VALLE > JIRON LIMA > JIRON PROGRESO > AVENIDA EL DESCANSO > JIRON PARAISO > AVENIDA COLONIAL > AVENIDA FERNANDO RAUSCHE > AVENIDA SANTA ANITA > AVENIDA CASA HACIENDA > AVENIDA LOS MANZANOS > AVENIDA SAN MARCOS",RUTA_8718_1407.pdf,
1408,8720,E.T.Y SERV.MULTIPLES TALIA S.A.C,Lurin,San Juan De Miraflores,29.13,29.77,49,5,54,4.0,MICROBUS (M2),AVENIDA SEPARADORA INDUSTRIAL (ALTURA ASOCIACION AGRUPACION AGROPECUARIA SUMAC PACHA),CALLE LOS ROSALES / CALLE LOS CEDROS,26,27,AVENIDA SEPARADORA INDUSTRIAL > AVENIDA 1 > AVENIDA INDUSTRIAL > ANTIGUA CARRETERA PANAMERICANA SUR > PUENTE LURIN > ANTIGUA CARRETERA PANAMERICANA SUR > AVENIDA LIMA > OVALO MARIA REICHE > AVENIDA MARIA REICHE > AVENIDA SEPARADORA INDUSTRIAL > AVENIDA JORGE CHAVEZ > AVENIDA REVOLUCION > OVALO DE LA MUJER > AVENIDA REVOLUCION > AVENIDA PRIMERO DE MAYO > AVENIDA SEPARADORA INDUSTRIAL > AVENIDA MATEO PUMACAHUA > OVALO PACHACUTEC > AVENIDA PACHACUTEC > AVENIDA LOS HEROES > AVENIDA SAN JUAN > AVENIDA DEFENSORES DE LIMA > AVENIDA ALFONSO UGARTE > AVENIDA SAN LUIS > CALLE IRIS > CALLE LOS ROSALES,CALLE LOS ROSALES > CALLE IRIS > AVENIDA SAN LUIS > AVENIDA ALFONSO UGARTE > AVENIDA DEFENSORES DE LIMA > AVENIDA SAN JUAN > AVENIDA LOS HEROES > AVENIDA PACHACUTEC > OVALO PACHACUTEC > AVENIDA MATEO PUMACAHUA > AVENIDA SEPARADORA INDUSTRIAL > AVENIDA PRIMERO DE MAYO > AVENIDA LOS ALAMOS > AVENIDA VILLA DEL MAR > AVENIDA REVOLUCION > OVALO DE LA MUJER > AVENIDA JUAN VELASCO ALVARADO > AVENIDA SEPARADORA INDUSTRIAL > AVENIDA MARIA REICHE > OVALO MARIA REICHE > AVENIDA LIMA > ANTIGUA CARRETERA PANAMERICANA SUR > PUENTE LURIN > ANTIGUA CARRETERA PANAMERICANA SUR > AVENIDA INDUSTRIAL > AVENIDA 1 > AVENIDA SEPARADORA INDUSTRIAL,RUTA_8720_1408.pdf,
1409,8722,EMPRESA DE TRANSPORTES JOSE GALVEZ S.A.,Villa El Salvador,Chorrillos,19.95,19.33,34,4,38,4.0,MICROBUS (M2),AVENIDA LIMA / AVENIDA MARIA REICHE,AVENIDA LOS PINOS / AVENIDA LOS GERANIOS,22,21,AVENIDA LIMA > OVALO JOSE GALVEZ > AVENIDA PACHACUTEC > OVALO PACHACUTEC > AVENIDA PACHACUTEC > AVENIDA LOS HEROES > AVENIDA SAN JUAN > AVENIDA RAMON VARGAS MACHUCA > AVENIDA ALIPIO PONCE > INTERCAMBIO VIAL PUENTE ALIPIO PONCE > AVENIDA ALIPIO PONCE > AVENIDA EL TRIUNFO > AVENIDA LA UNION > CALLE CORONEL INCLAN > AVENIDA MATEO PUMACAHUA > AVENIDA SANTA ROSA > AVENIDA TUPAC AMARU > AVENIDA 28 DE JULIO > JIRON PICO TUTUPACA > AVENIDA SAN MARTIN > AVENIDA JOSE OLAYA > AVENIDA LOS PINOS,AVENIDA LOS PINOS > AVENIDA JOSE OLAYA > AVENIDA SAN MARTIN > JIRON PICO TUTUPACA > AVENIDA 28 DE JULIO > AVENIDA TUPAC AMARU > AVENIDA SANTA ROSA > AVENIDA MATEO PUMACAHUA > CALLE CORONEL INCLAN > AVENIDA LA UNION > AVENIDA EL TRIUNFO > AVENIDA ALIPIO PONCE > INTERCAMBIO VIAL PUENTE ALIPIO PONCE > AVENIDA RAMON VARGAS MACHUCA > AVENIDA SAN JUAN > AVENIDA LOS HEROES > AVENIDA PACHACUTEC > OVALO PACHACUTEC > AVENIDA PACHACUTEC > OVALO JOSE GALVEZ > AVENIDA LIMA,RUTA_8722_1409.pdf,
1410,8723,EMPRESA DE TRANSPORTES TRABAJADORES CORAJE SOCIEDAD ANONIMA,Villa El Salvador,San Juan De Miraflores,22.77,22.92,41,5,46,4.0,MICROBUS (M2),AVENIDA MARIA REICHE / AVENIDA LIMA,CALLE SN / CALLE LAS AZUCENAS (LA NUEVA RINCONADA),34,37,"AVENIDA MARIA REICHE > AVENIDA MARIANO PASTOR SEVILLA > AVENIDA UNIVERSITARIA > CALLE D > AVENIDA 200 MILLAS > AVENIDA 200 MILLAS (GIRO EN ""U"" ALT. AVENIDA A) > AVENIDA 200 MILLAS > OVALO OASIS > AVENIDA MARIA ELENA MOYANO > AVENIDA JOSE CARLOS MARIATEGUI > AVENIDA MARIANO PASTOR SEVILLA > AVENIDA MARIANO PASTOR SEVILLA (GIRO EN ""U"" ALT. AVENIDA MODELO) > AVENIDA MARIANO PASTOR SEVILLA > CALLE 14 > AVENIDA LOS FORESTALES > AVENIDA PRIMERO DE MAYO > ANTIGUA CARRETERA PANAMERICANA SUR > AVENIDA PROLONGACION PEDRO MIOTTA > AVENIDA PEDRO MIOTTA > AVENIDA RAMON VARGAS MACHUCA > AVENIDA SAN JUAN > AVENIDA NEPOMUCENO VARGAS > JIRON JOSE RUFINO ECHENIQUE > JIRON CESAR RODRIGUEZ > JIRON MANUEL ZELAYA > AVENIDA LA ROSA > AVENIDA DEFENSORES DE LIMA > AVENIDA SOLIDARIDAD > AVENIDA SOLIDARIDAD DE ABANCAY > CALLE PRINCIPAL > AVENIDA MARCELINO CASTRO GAMBOA > AVENIDA CAMINO REAL > AVENIDA CENTRAL > CALLE SN","AVENIDA VENCEDORES > AVENIDA CENTRAL > AVENIDA CAMINO REAL > AVENIDA MARCELINO CASTRO GAMBOA > CALLE PRINCIPAL > AVENIDA SOLIDARIDAD DE ABANCAY > AVENIDA SOLIDARIDAD > AVENIDA DEFENSORES DE LIMA > AVENIDA DEFENSORES DE LIMA (GIRO EN U ALT. JIRON LOS GERANIOS) > AVENIDA DEFENSORES DE LIMA > CALLE DANIEL GARCES > AVENIDA LA ROSA > JIRON MANUEL ZELAYA > JIRON CESAR RODRIGUEZ > JIRON JOSE RUFINO ECHENIQUE > AVENIDA NEPOMUCENO VARGAS > AVENIDA SAN JUAN > AVENIDA RAMON VARGAS MACHUCA > AVENIDA PEDRO MIOTTA > AVENIDA PEDRO MIOTTA (GIRO EN ""U"" ALT. AVENIDA LIZARDO MONTERO) > AVENIDA PEDRO MIOTTA > AVENIDA PROLONGACION PEDRO MIOTTA > ANTIGUA CARRETERA PANAMERICANA SUR > AVENIDA PRIMERO DE MAYO > AVENIDA LOS FORESTALES > CALLE 14 > AVENIDA MARIANO PASTOR SEVILLA > AVENIDA JOSE CARLOS MARIATEGUI > AVENIDA MARIA ELENA MOYANO > OVALO OASIS > AVENIDA 200 MILLAS > CALLE D > AVENIDA UNIVERSITARIA > AVENIDA UNIVERSITARIA (GIRO EN ""U"" ALT. AVENIDA CIRCUNVALACION) > AVENIDA UNIVERSITARIA > AVENIDA MARIANO PASTOR SEVILLA > AVENIDA MARIA REICHE",RUTA_8723_1410.pdf,
1413,8727,EMPRESA DE TRANSPORTES CORAZON VALIENTE S.A. - ETRACOVASA,Villa Maria Del Triunfo,Chorrillos,16.77,16.23,34,4,38,6.0,MINIBUS (M2-M3),CALLE 11 / PASAJE TUPAC AMARU,AVENIDA ALEJANDRO IGLESIAS / JIRON JOSE M. BARRIO NUEVO,31,21,"CALLE 11 > CALLE 10 > PROLONGACION AVENIDA JOSE CARLOS MARIATEGUI > CALLE ANDRES AVELINO CACERES > AVENIDA SIMON BOLIVAR > AVENIDA MARISCAL JOSE ANTONIO DE SUCRE > AVENIDA PRIMAVERA > JIRON INTI RAYMI > AVENIDA JULIO CESAR TELLO > JIRON MARIANO MELGAR > AVENIDA PANDO EGUSQUIZA > CALLE SANTO TORIBIO > AVENIDA DEFENSORES DE LIMA > JIRON TUPAC AMARU > AVENIDA LOS HEROES > PUENTE ATOCONGO > AVENIDA SANTIAGO DE SURCO > AVENIDA CAMINOS DEL INCA > AVENIDA CAMINOS DEL INCA (VUELTA EN ""U"" ALT. JIRON LOMAS DE LAS GARDENIAS) > AVENIDA CAMINOS DEL INCA > AVENIDA LOS PROCERES > JIRON GUARDIA CIVIL NORTE > JIRON VISTA ALEGRE > JIRON LAS GAVIOTAS > CALLE LOS ASTEROIDES > CALLE EL UNIVERSO > JIRON ANDROMEDA > AVENIDA EL SOL > AVENIDA ARIOSTO MATELLINI > AVENIDA DEFENSORES DEL MORRO > AVENIDA ALEJANDRO IGLESIAS",JIRON JOSE M. BARRIO NUEVO > AVENIDA JOSE OLAYA > AVENIDA DEFENSORES DEL MORRO > AVENIDA ARIOSTO MATELLINI > AVENIDA EL SOL > JIRON ANDROMEDA > CALLE EL UNIVERSO > CALLE LOS ASTEROIDES > JIRON LAS GAVIOTAS > JIRON VISTA ALEGRE > AVENIDA GUARDIA CIVIL SUR > AVENIDA LOS PROCERES > AVENIDA SANTIAGO DE SURCO > PUENTE ATOCONGO > AVENIDA LOS HEROES > JIRON FRANCISCO BOLOGNESI > AVENIDA DEFENSORES DE LIMA > AVENIDA JOSE CARLOS MARIATEGUI > AVENIDA PROLONGACION JOSE CARLOS MARIATEGUI > CALLE 10 > CALLE 11,RUTA_8727_1413.pdf,
1414,8728,TRAGEPSA S.A.,Villa Maria Del Triunfo,Chorrillos,26.31,26.24,47,5,52,6.0,MINIBUS (M2-M3),AVENIDA LIMA / JIRON CAJAMARCA,CALLE RICARDO PALMA / AVENIDA VIA CENTRAL,22,20,AVENIDA LIMA > OVALO JOSE GALVEZ > AVENIDA PACHACUTEC > OVALO PACHACUTEC > AVENIDA PACHACUTEC > AVENIDA LOS HEROES > AVENIDA SAN JUAN > AVENIDA RAMON VARGAS MACHUCA > AVENIDA ALIPIO PONCE > OVALO EUCALIPTO > AVENIDA ALIPIO PONCE > AVENIDA GUARDIA CIVIL SUR > OVALO DE LA CURVA > AVENIDA DEFENSORES DEL MORRO > AVENIDA ALEJANDRO IGLESIAS > JIRON JOSE M. BARRIO NUEVO > AVENIDA JOSE OLAYA > AVENIDA MARISCAL RAMON CASTILLA > AVENIDA IGLESIAS SEMINARIO > AVENIDA JULIO CALERO > JIRON JULIO CESAR TELLO > CALLE RICARDO PALMA,CALLE RICARDO PALMA > JIRON JULIO CESAR TELLO > AVENIDA JULIO CALERO > AVENIDA IGNACIO SEMINARIO > AVENIDA MARISCAL RAMON CASTILLA > AVENIDA ALEJANDRO IGLESIAS > AVENIDA DEFENSORES DEL MORRO > OVALO DE LA CURVA > AVENIDA GUARDIA CIVIL SUR > AVENIDA ALIPIO PONCE > OVALO EUCALIPTO > AVENIDA ALIPIO PONCE > AVENIDA RAMON VARGAS MACHUCA > AVENIDA SAN JUAN > AVENIDA LOS HEROES > AVENIDA PACHACUTEC > OVALO PACHACUTEC > AVENIDA PACHACUTEC > OVALO JOSE GALVEZ > AVENIDA LIMA,RUTA_8728_1414.pdf,
1415,8801,EMPRESA DE TRANSPORTES SAN PEDRO DE LURIN S.A. - EMTRANSAPEL S.A.,Lurin,San Bartolo,25.59,23.42,35,4,39,4.0,MICROBUS (M2),AVENIDA 22 DE DICIEMBRE / JIRON LOS SAUCES,"CALLE 1 / ANTIGUA PANAMERICANA SUR, DE LA 3RA Y 2DA ETAPA DEL AA.HH.SAN JOSE DE SAN BARTOLO (ALT.MZ. L LT.15)",16,18,AVENIDA 22 DE DICIEMBRE > JIRON LOS FICUS > JIRON JACARANDA > AVENIDA JORGE DIAZ > JIRON LOS NOGALES > ANTIGUA PANAMERICANA SUR > PUENTE LURIN > ANTIGUA PANAMERICANA SUR > PUENTE ARICA > ANTIGUA PANAMERICANA SUR > AVENIDA GASTON GARCIA RADA > AVENIDA PUNTA HERMOSA > ANTIGUA PANAMERICANA SUR > CALLE S/N (AA.HH. SAN JOSE 3RA ETAPA) > CALLE PANAMERICANA SUR > CALLE 1,ANTIGUA PANAMERICANA SUR > AVENIDA PUNTA HERMOSA > AVENIDA GASTON GARCIA RADA > ANTIGUA PANAMERICANA SUR > PUENTE ARICA > ANTIGUA PANAMERICANA SUR > PUENTE LURIN > ANTIGUA PANAMERICANA SUR > JIRON LOS OLIVOS > AVENIDA JULIO CESAR TELLO > JIRON LOS SAUCES > AVENIDA JORGE DIAZ > JIRON JACARANDA > AVENIDA LOS CEDROS > JIRON LOS PINOS > CALLE LOS FICUS > JIRON JACARANDA > AVENIDA 22 DE DICIEMBRE,RUTA_8801_1415.pdf,
1416,8802,E.T. Y SERV. SANTA CRUZ DE PUNTA HERMOSA S.A.,Villa El Salvador,San Bartolo,34.6,34.58,51,6,57,4.0,MICROBUS (M2),AVENIDA ARRIBA PERU / AVENIDA MAGISTERIO,ANTIGUA PANAMERICANA SUR ALT. KM 49 / AVENIDA SANTA MARIA,21,18,AVENIDA MAGISTERIO > AVENIDA JUAN VELASCO ALVARADO > AVENIDA MARIA ELENA MOYANO > AVENIDA CESAR VALLEJO > AVENIDA CENTRAL > AVENIDA JUAN VELASCO ALVARADO > AVENIDA SEPARADORA INDUSTRIAL > AVENIDA CESAR VALLEJO > AVENIDA CENTRAL > OVALO 200 MILLAS > AVENIDA 200 MILLAS > OVALO LAS PALOMAS > AVENIDA REVOLUCION > AVENIDA MARIA REICHE > OVALO MARIA REICHE > AVENIDA LIMA > ANTIGUA PANAMERICANA SUR > PUENTE LURIN > ANTIGUA PANAMERICANA SUR > PUENTE ARICA > ANTIGUA PANAMERICANA SUR,ANTIGUA PANAMERICANA SUR > PUENTE ARICA > ANTIGUA PANAMERICANA SUR > PUENTE LURIN > ANTIGUA PANAMERICANA SUR > AVENIDA LIMA > OVALO MARIA REICHE > AVENIDA MARIA REICHE > AVENIDA REVOLUCION > OVALO LAS PALOMAS > AVENIDA 200 MILLAS > OVALO 200 MILLAS > AVENIDA CENTRAL > AVENIDA JUAN VELASCO ALVARADO > AUXILIAR AVENIDA SEPARADORA INDUSTRIAL > AVENIDA CESAR VALLEJO > AVENIDA MARIA ELENA MOYANO > AVENIDA ARRIBA PERU,RUTA_8802_1416.pdf,
1417,8804,TRANSPORTE INVERSIONES MULTIPLICANDO ESPERANZAS SAC,Pachacamac,Villa Maria Del Triunfo,20.34,20.26,41,5,46,5.0,MICROBUS (M2),AVENIDA LA UNION /AVENIDA VICTOR MALASQUEZ,AVENIDA LA CUMBRE / JIRON LOS ALAMOS,21,22,AVENIDA LA UNION > OVALO RETAMAL > AVENIDA LA UNION > AVENIDA LA UNION (AA.HH. RAFAEL CHACON) > AVENIDA LA UNION (AA.HH. HEROES DEL CENEPA) > AVENIDA LA UNION (AA.HH. VIRGEN DE LOURDES) > AVENIDA LA UNION (AA.HH. SANTA MARIA) > AVENIDA LA UNION > CALLE ACOMAYO > JIRON SAN PEDRO > AVENIDA 26 DE NOVIEMBRE > AVENIDA PACHACUTEC > AVENIDA LOS HEROES > AVENIDA SAN JUAN > AVENIDA MARCELINO CASTRO GAMBOA > AVENIDA CAMINO REAL > AVENIDA QUEBRADA VERDE > AVENIDA MINAS 2000 > AVENIDA PRINCIPAL > AVENIDA INTEGRACION > AVENIDA LA CUMBRE,AVENIDA LA CUMBRE > AVENIDA INTEGRACION > AVENIDA PRINCIPAL > AVENIDA MINAS 2000 > AVENIDA QUEBRADA VERDE > AVENIDA CAMINO REAL > AVENIDA MARCELINO CASTRO GAMBOA > AVENIDA SAN JUAN > AVENIDA LOS HEROES > AVENIDA PACHACUTEC > AVENIDA 26 DE NOVIEMBRE > JIRON SAN PEDRO > CALLE PARURO > CALLE ACOMAYO > AVENIDA LA UNION > AVENIDA LA UNION (AA.HH. SANTA MARIA) > AVENIDA LA UNION (AA.HH. VIRGEN DE LOURDES) > AVENIDA LA UNION (AA.HH. HEROES DEL CENEPA) > AVENIDA LA UNION (AA.HH. RAFAEL CHACON) > AVENIDA LA UNION > OVALO RETAMAL > AVENIDA LA UNION,RUTA_8804_1417.pdf,
1418,8890,TRANSPORTES & INVERSIONES LAS NUEVAS ESPERANZAS S.A.,Pachacamac,Villa Maria Del Triunfo,12.21,11.91,22,3,25,5.0,MICROBUS (M2),AVENIDA VICTOR MALASQUEZ / AV. MANCHAY (ALT. COLEGIO SANTO DOMINGO EL CAMINANTE),AVENIDA PACHACUTEC / AVENIDA JOSE PARDO,10,9,AVENIDA VICTOR MALASQUEZ > AVENIDA LA UNION > AVENIDA EL RETAMAL > AVENIDA LA UNION > CALLE ACOMAYO > CALLE PARURO > JIRON SAN PEDRO > CALLE VIRGEN DE LOURDES > AVENIDA 26 DE NOVIEMBRE > AVENIDA PACHACUTEC,AVENIDA PACHACUTEC > AVENIDA 26 DE NOVIEMBRE > JIRON SAN PEDRO > CALLE ACOMAYO > AVENIDA LA UNION > AVENIDA CAMELIAS > QUEBRADA RETAMAL > AVENIDA LA UNION > AVENIDA VICTOR MALASQUEZ,RUTA_8890_1418.pdf,
1419,8892,E.T. TABLADA S.A.,Villa Maria Del Triunfo,Villa El Salvador,13.2,13.82,31,4,35,2.0,MICROBUS (M2),AVENIDA PRINCIPAL / CALLE VICTOR RAUL HAYA DE LA TORRE,AVENIDA 200 MILLAS / AVENIDA REVOLUCION,24,27,AVENIDA PRINCIPAL > CALLE LOS SAUCES > AVENIDA LOS INCAS > JIRON INDEPENDENCIA > AVENIDA AYACUCHO > CALLE SAN MARTIN > JIRON CUSCO > AVENIDA GENERAL VIDAL LAOS > AVENIDA UNION > AVENIDA GENERAL CORDOVA > AUXILIAR AVENIDA PACHACUTEC > AVENIDA JUAN VELASCO ALVARADO > OVALO DE LA MUJER > AVENIDA REVOLUCION > AVENIDA CESAR VALLEJO > AVENIDA CENTRAL > AVENIDA 3 DE OCTUBRE > AVENIDA MARIANO PASTOR SEVILLA > AVENIDA JOSE CARLOS MARIATEGUI > AVENIDA SEPARADORA AGROINDUSTRIAL > AVENIDA 200 MILLAS > OVALO OASIS > AVENIDA 200 MILLAS > OVALO LAS PALOMAS,OVALO LAS PALOMAS > AVENIDA 200 MILLAS > OVALO OASIS > AVENIDA 200 MILLAS > AVENIDA SEPARADORA AGROINDUSTRIAL > AVENIDA JOSE CARLOS MARIATEGUI > AVENIDA MARIANO PASTOR SEVILLA > AVENIDA 3 DE OCTUBRE > AVENIDA CENTRAL > AVENIDA CESAR VALLEJO > AVENIDA REVOLUCION > OVALO DE LA MUJER > AVENIDA JUAN VELASCO ALVARADO > AVENIDA PACHACUTEC > AVENIDA PACHACUTEC (GIRO EN “U” ALT. DE AVENIDA LOS CEDROS) > AVENIDA PACHACUTEC > AUXILIAR AVENIDA PACHACUTEC > AVENIDA GENERAL CORDOVA > AVENIDA UNION > AVENIDA GENERAL VIDAL LAOS > JIRON CUSCO > CALLE SAN MARTIN > AVENIDA AYACUCHO > JIRON INDEPENDENCIA > AVENIDA LOS INCAS > CALLE LOS SAUCES > AVENIDA PRINCIPAL,RUTA_8892_1419.pdf,
1420,CR05,EMPRESA DE TRANSPORTES MULTISERVICIOS OVNI S.A.,Bellavista,San Martin De Porres,13.11,13.7,47,5,52,3.0,MICROBUS (M2),AVENIDA JUAN PABLO II / AVENIDA GUARDIA CHALACA (OVALO SALOOM),AVENIDA TOMAS VALLE / AVENIDA TUPAC AMARU,11,13,AVENIDA JUAN PABLO II > AVENIDA SANTA ROSA > AVENIDA REPUBLICA DE ARGENTINA > JIRON EL SOL > CALLE PIURA > AVENIDA LA CHALACA > AVENIDA ELMER FAUCETT > OVALO AEROPUERTO > AVENIDA TOMAS VALLE > OVALO TOMAS VALLE > AVENIDA TOMAS VALLE,AVENIDA TOMAS VALLE > OVALO TOMAS VALLE > AVENIDA TOMAS VALLE > OVALO AEROPUERTO > AVENIDA ELMER FAUCETT > AVENIDA LA CHALACA > AVENIDA NUEVO AEROPUERTO > JIRON APURIMAC > AVENIDA CIRCUNVALACION > JIRON EL SOL > AVENIDA REPUBLICA DE ARGENTINA > AVENIDA SANTA ROSA > AVENIDA JUAN PABLO II,RUTA_CR05_1420.pdf,
1421,CR13,EMPRESA MODELO DE TRANSPORTES LATINOAMERICA S.A.,San Martin De Porres,San Miguel,11.33,11.34,40,4,44,4.0,MICROBUS (M2),AVENIDA CENTRAL / AVENIDA TANTAMAYO,AVENIDA ELMER FAUCETT / AVENIDA DE LA MARINA,10,11,AVENIDA CENTRAL > AVENIDA LOS PROCERES DE HUANDOY > AVENIDA NARANJAL > OVALO CANTA CALLAO > AVENIDA CANTA CALLAO > AVENIDA ELMER FAUCETT > OVALO AEROPUERTO > AVENIDA ELMER FAUCETT > PUENTE ELMER FAUCETT > AVENIDA ELMER FAUCETT,AVENIDA ELMER FAUCETT > PUENTE ELMER FAUCETT > AVENIDA ELMER FAUCETT > OVALO AEROPUERTO > AVENIDA TOMAS VALLE > AVENDIA PACASMAYO > AVENIDA CANTA CALLAO > OVALO CANTA CALLAO > AVENIDA NARANJAL > AVENIDA LOS PROCERES DE HUANDOY > AVENIDA CENTRAL,RUTA_CR13_1421.pdf,
1422,CR15,EMPRESA DE TRANSPORTES Y SERVICIOS SAN ANTONIO S.A.,Carabayllo,San Miguel,34.44,33.57,50,5,55,5.0,MINIBUS (M2-M3),AVENIDA TUPAC AMARU (KM 24.5) / CALLE A,AVENIDA ELMER FAUCETT / AVENIDA DE LA MARINA,13,13,AVENIDA TUPAC AMARU > AVENIDA CARLOS IZAGUIRRE > OVALO IZAGUIIRE > AVENIDA ALFREDO MENDIOLA > CARRETERA PANAMERICANA NORTE > AVENIDA ALFREDO MENDIOLA > OVALO ANGELICA GAMARRA > AVENIDA ANGELICA GAMARRA > AVENIDA TOMAS VALLE > OVALO AEROPUERTO > AVENIDA ELMER FAUCETT > PUENTE ELMER FAUCETT > AVENIDA ELMER FAUCETT,AVENIDA ELMER FAUCETT > PUENTE ELMER FAUCETT > AVENIDA ELMER FAUCETT > OVALO AEROPUERTO > AVENIDA TOMAS VALLE > AVENIDA ANGELICA GAMARRA > OVALO ANGELICA GAMARRA > AVENIDA ALFREDO MENDIOLA > CARRETERA PANAMERICANA NORTE > AVENIDA ALFREDO MENDIOLA > OVALO IZAGUIIRE > AVENIDA CARLOS IZAGUIRRE > AVENIDA TUPAC AMARU,RUTA_CR15_1422.pdf,
1423,CR16,EMPRESA DE TRANSPORTES SAN JOSE S.A.,Ventanilla,San Miguel,33.12,33.15,40,4,44,4.0,MINIBUS (M2-M3),AVENIDA E / AVENIDA SANTA ROSA,AVENIDA ELMER FAUCETT / AVENIDA LA MARINA,16,16,AVENIDA E > AVENIDA G > AVENIDA 200 MILLAS > AVENIDA CAMINOS DEL INCA IZQUIERDA > AVENIDA ACCESO A > AVENIDA PLAYA LOS DELFINES > AVENIDA LA PLAYA > AVENIDA CORONEL NESTOR GAMBETTA > PUENTE CHILLON > AVENIDA CORONEL NESTOR GAMBETTA > OVALO CANTOLAO > AVENIDA ELMER FAUCETT > OVALO AEROPUERTO > AVENIDA ELMER FAUCETT > PUENTE ELMER FAUCETT > AVENIDA ELMER FAUCETT,AVENIDA ELMER FAUCETT > PUENTE ELMER FAUCETT > AVENIDA ELMER FAUCETT > OVALO AEROPUERTO > AVENIDA ELMER FAUCETT > OVALO CANTOLAO > AVENIDA CORONEL NESTOR GAMBETTA > PUENTE CHILLON > AVENIDA CORONEL NESTOR GAMBETTA > AVENIDA LA PLAYA > AVENIDA PLAYA LOS DELFINES > AVENIDA ACCESO A > AVENIDA CAMINOS DEL INCA IZQUIERDA > AVENIDA 200 MILLAS > AVENIDA G > AVENIDA E,RUTA_CR16_1423.pdf,
1424,CR28,EMPRESA DE TRANSPORTES ROSARIO DE SANTA MARIA S.A.C.,Callao,Callao,25.42,25.28,43,5,48,6.0,MICROBUS (M2),AVENIDA SAN NICOLAS / CALLE SAN JOSE,AVENIDO LOS ALISOS / CALLE LOS ROBLES,30,30,AVENIDA SAN NICOLAS > AVENIDA ALEJANDRO BERTELLO > CALLE HUARAZ > CALLE HALIFAX > CALLE HUASCARAN > CALLE HAITI > CALLE HIMALAYA > CALLE HARLEN > CALLE HUANDOY > AVENIDA E > CALLE CALIFORNIA > AUXILIAR AVENIDA CORONEL NESTOR GAMBETTA (VUELTA EN U ALTURA DE AVENIDA LOS ANGELES) > AVENIDA CORONEL NESTOR GAMBETTA > OVALO CANTOLAO > AVENIDA ELMER FAUCETT > OVALO AEROPUERTO > AVENIDA TOMAS VALLE > AVENIDA ANGELICA GAMARRA > OVALO ANGELICA GAMARRA > AVENIDA ALFREDO MENDIOLA > OVALO TOMAS VALLE > AVENIDA TOMAS VALLE > AVENIDA TUPAC AMARU > AVENIDA CARLOS ALBERTO IZAGUIRRE > OVALO IZAGUIRRE > AVENIDA CARLOS ALBERTO IZAGUIRRE > AVENIDA SANTIAGO ANTUNEZ DE MAYOLO > AVENIDA UNIVERSITARIA > AVENIDA LOS OLIVOS > AVENIDA LOS ALISOS,AVENIDA LOS ALISOS > AVENIDA LOS OLIVOS > AVENIDA UNIVERSITARIA > AVENIDA SANTIAGO ANTUNEZ DE MAYOLO > AVENIDA CARLOS ALBERTO IZAGUIRRE > OVALO IZAGUIRRE > AVENIDA CARLOS ALBERTO IZAGUIRRE > AVENIDA TUPAC AMARU > AVENIDA TOMAS VALLE > OVALO TOMAS VALLE > AVENIDA ALFREDO MENDIOLA > OVALO ANGELICA GAMARRA > AVENIDA ANGELICA GAMARRA > AVENIDA TOMAS VALLE > OVALO AEROPUERTO > AVENIDA ELMER FAUCETT > OVALO CANTOLAO > AVENIDA CORONEL NESTOR GAMBETTA > AUXILIAR AVENIDA CORONEL NESTOR GAMBETTA > CALLE CALIFORNIA > AVENIDA E > CALLE HUANDOY > CALLE HARLEN > CALLE HIMALAYA > CALLE HAITI > CALLE HUASCARAN > CALLE HALIFAX > CALLE HUARAZ > AVENIDA ALEJANDRO BERTELLO > AVENIDA SAN NICOLAS,RUTA_CR28_1424.pdf,
1425,CR34,EMPRESA DE SERVICIOS DE TRANSPORTES COMAS EXPRESS S.A.,Ventanilla,San Miguel,53.15,53.15,54,6,60,8.0,MICROBUS (M2),AVENIDA EL MIRADOR / PASAJE 1,AVENIDA ELMER FAUCETT / AVENIDA DE LA MARINA,37,39,"AVENIDA EL MIRADOR > AVENIDA CAMINOS DEL INCA IZQUIERDA > AVENIDA ACCESO A > CALLE PACHACUTEC DERECHA > CALLE 150 DERECHA > AVENIDA INCA GARCILAZO > AVENIDA 200 MILLAS > CALLE LOS TOPOGRAFOS > OVALO LABARTHE > CALLE LOS TOPOGRAFOS > AVENIDA LOS ECOLOGICOS > AVENIDA LOS QUIMICOS > CALLE 1 > AVENIDA CORONEL NESTOR GAMBETTA > AVENIDA CORONEL NESTOR GAMBETTA (VUELTA EN ""U"" ALT. CALLE LOS EUCALIPTOS) > AVENIDA CORONEL NESTOR GAMBETTA > ACCESO CARRETERA PANAMERICANA NORTE > CARRETERA PANAMERICANA NORTE > AVENIDA PUENTE PIEDRA > CARRETERA PANAMERICANA NORTE > PUENTE RIO CHILLON > CARRETERA PANAMERICANA NORTE > AVENIDA CHILLON TRAPICHE > AVENIDA SAN FELIPE > AVENIDA TUPAC AMARU > AVENIDA CARLOS ALBERTO IZAGUIRRE > OVALO IZAGUIRRE > AVENIDA ALFREDO MENDIOLA > CARRETERA PANAMERICANA NORTE > AVENIDA ALFREDO MENDIOLA > OVALO ANGELICA GAMARRA > AVENIDA ANGELICA GAMARRA > AVENIDA TOMAS VALLE > OVALO AEROPUERTO > AVENIDA ELMER FAUCETT > PUENTE ELMER FAUCETT > AVENIDA ELMER FAUCETT",AVENIDA ELMER FAUCETT > PUENTE ELMER FAUCETT > AVENIDA ELMER FAUCETT > OVALO AEROPUERTO > AVENIDA TOMAS VALLE > AVENIDA ANGELICA GAMARRA > OVALO ANGELICA GAMARRA > AVENIDA ALFREDO MENDIOLA > CARRETERA PANAMERICANA NORTE > AVENIDA ALFREDO MENDIOLA > OVALO IZAGUIRRE > AVENIDA CARLOS ALBERTO IZAGUIRRE > AVENIDA TUPAC AMARU > AVENIDA REVOLUCION > JIRON TACNA > AVENIDA SANTA CRUZ > AVENIDA FEDERICO VILLARREAL > AVENIDA SAN FELIPE > AVENIDA CHILLON TRAPICHE > CARRETERA PANAMERICANA NORTE > PUENTE RIO CHILLON > CARRETERA PANAMERICANA NORTE > AVENIDA PUENTE PIEDRA > CARRETERA PANAMERICANA NORTE > INTERCAMBIO VIAL CORONEL NESTOR GAMBETTA > AVENIDA CORONEL NESTOR GAMBETTA > CALLE 1 > AVENIDA LOS QUIMICOS > AVENIDA LOS ECOLOGICOS > CALLE LOS TOPOGRAFOS > OVALO LABARTHE > CALLE LOS TOPOGRAFOS > AVENIDA 200 MILLAS > AVENIDA INCA GARCILAZO > CALLE 150 DERECHA > CALLE PACHACUTEC DERECHA > AVENIDA ACCESO A > AVENIDA CAMINOS DEL INCA IZQUIERDA > AVENIDA EL MIRADOR,RUTA_CR34_1425.pdf,
1426,CR35,CONSORCIO DE TRANSPORTE Y SERVICIO LIVENTUR,Ventanilla,San Miguel,32.19,31.69,63,7,70,5.0,MINIBUS (M2),PROLONGACION AVENIDA 225/ AVENIDA 21,AVENIDA ELMER FAUCETT/ AVENIDA DE LA MARINA,19,17,PROLONGACION AVENIDA 225 > OVALO LABARTHE > AVENIDA LOS TOPOGRAFOS > AVENIDA 200 > CALLE LOS QUIMICOS > AVENIDA CORONEL NESTOR GAMBETTA > AVENIDA CORONEL NESTOR GAMBETTA (VUELTA EN U ALT. JR. TRUJILLO) > AVENIDA CORONEL NESTOR GAMBETTA > AVENIDA VICTOR RAUL HAYA DE LA TORRE > AVENIDA CUZCO > AVENIDA REVOLUCION > CALLE PAVAYACU > AVENIDA CORONEL NESTOR GAMBETTA > OVALO CANTOLAO > AVENIDA ELMER FAUCETT > OVALO AEROPUERTO > AVENIDA ELMER FAUCETT > PUENTE ELMER FAUCETT > AVENIDA ELMER FAUCETT,AVENIDA ELMER FAUCETT > PUENTE ELMER FAUCETT > AVENIDA ELMER FAUCETT > OVALO AEROPUERTO > AVENIDA ELMER FAUCETT > OVALO CANTOLAO > AVENIDA CORONEL NESTOR GAMBETTA > AVENIDA VICTOR RAUL HAYA DE LA TORRE > AVENIDA TACNA > AVENIDA AYACUCHO > AVENIDA TUMBES > AVENIDA CORONEL NESTOR GAMBETTA > CALLE LOS QUIMICOS > AVENIDA 200 > AVENIDA LOS TOPOGRAFOS > OVALO LABARTHE > PROLONGACION AVENIDA 225,RUTA_CR35_1426.pdf,
1427,CR41,CONSORCIO DE TRANSPORTE Y SERVICIO LIVENTUR,Ventanilla,Cercado De Lima,32.78,30.86,45,5,50,5.0,MINIBUS (M2-M3),AVENIDA AYACUCHO / AVENIDA CUZCO,JIRON SANCHEZ PINILLO / JIRON CORONEL MIGUEL BAQUERO,25,17,AVENIDA AYACUCHO > AVENIDA TRUJILLO > CALLE IQUITOS > AVENIDA TUMBES > AVENIDA VICTOR RAUL HAYA DE LA TORRE > AVENIDA CUZCO > AVENIDA REVOLUCION > CALLE PAVAYACU > AVENIDA NESTOR GAMBETTA > OVALO CANTOLAO > AVENIDA ELMER FAUCETT > OVALO AEROPUERTO > AVENIDA ELMER FAUCETT > PUENTE ELMER FAUCETT > AVENIDA ELMER FAUCETT > INTECAMBIO VIAL COLONIAL-FAUCETT > AVENIDA ELMER FAUCETT > AVENIDA REPUBLICA DE ARGENTINA > JIRON RAMON CARCAMO > AVENIDA OSCAR RAYMUNDO BENAVIDES > PLAZA 2 DE MAYO > JIRON MOQUEGUA > JIRON CHANCAY > JIRON ZEPITA > JIRON SANCHEZ PINILLO,JIRON SANCHEZ PINILLO > JIRON ASCOPE > AVENIDA OSCAR RAYMUNDO BENAVIDES > JIRON RAMON CARCAMO > AVENIDA REPUBLICA DE ARGENTINA > AVENIDA ELMER FAUCETT > PUENTE ELMER FAUCETT > AVENIDA ELMER FAUCETT > OVALO AEROPUERTO > AVENIDA ELMER FAUCETT > OVALO CANTOLAO > AVENIDA NESTOR GAMBETTA > AVENIDA VICTOR RAUL HAYA DE LA TORRE > AVENIDA TUMBES > CALLE IQUITOS > AVENIDA TRUJILLO > AVENIDA AYACUCHO,RUTA_CR41_1427.pdf,
1428,CR42,EMPRESA DE TRANSPORTES RAPIDO CORRE CAMINOS S.A.,Independencia,Callao,22.29,21.35,81,9,90,3.0,MICROBUS (M2),CALLE 4 DE NOVIEMBRE / CALLE SAN LORENZO,AVENIDA FEDERICO FERNANDINI / CALLE TALARA,19,20,CALLE 4 DE NOVIEMBRE > JIRON ALCA > AVENIDA JOSE GABRIEL CONDORCANQUI > AVENIDA ANTISUYO > AVENIDA CHINCHAYSUYO > AVENIDA TUPAC AMARU > AVENIDA TUPAC AMARU (VUELTA EN U ALTURA DE LA AVENIDA NARANJAL) > AVENIDA TUPAC AMARU > AVENIDA TOMAS VALLE > OVALO TOMAS VALLE > AVENIDA TOMAS VALLE > OVALO AEROPUERTO > AVENIDA ELMER FAUCETT > PUENTE ELMER FAUCETT > AVENIDA ELMER FAUCETT > AVENIDA REPUBLICA DE VENEZUELA > OVALO JUAN PABLO II > AVENIDA GUARDIA CHALACA > AVENIDA FEDERICO FERNANDINI,AVENIDA FEDERICO FERNANDINI > AVENIDA GUARDIA CHALACA > OVALO JUAN PABLO II > AVENIDA REPUBLICA DE VENEZUELA > AVENIDA ELMER FAUCETT > PUENTE ELMER FAUCETT > AVENIDA ELMER FAUCETT > OVALO AEROPUERTO > AVENIDA TOMAS VALLE > OVALO TOMAS VALLE > AVENIDA TOMAS VALLE > AVENIDA TUPAC AMARU > JIRON LLOQUE YUPANQUI > AVENIDA CONTISUYO > AVENIDA CHINCHAYSUYO > AVENIDA ANTISUYO > AVENIDA JOSE GABRIEL CONDORCANQUI > JIRON ALCA > CALLE 20 DE DICIEMBRE > CALLE SAN LORENZO,RUTA_CR42_1428.pdf,
1429,CR49,EMPRESA DE TRANSPORTES MULTISERVICIOS OVNI S.A.,San Martin De Porres,Callao,21.21,20.98,59,6,65,3.0,MICROBUS (M2),AVENIDA PARAMONGA / AVENIDA CHUQUITANTA,AVENIDA JOSE GALVEZ / JIRON ARICA (PLAZA GUARDIA CHALACA),17,15,AVENIDA PARAMONGA > CALLE SANTA TERESITA > AVENIDA VIRGEN DEL CARMEN > AVENIDA CANTA CALLAO > AVENIDA CENTRAL > AVENIDA PROCERES DE HUANDOY > AVENIDA NARANJAL > OVALO CANTA CALLAO > AVENIDA CANTA CALLAO > AVENIDA ELMER FAUCETT > OVALO AEROPUERTO > AVENIDA ELMER FAUCETT > PUENTE ELMER FAUCETT > AVENIDA ELMER FAUCETT > AVENIDA REPUBLICA DE VENEZUELA > OVALO JUAN PABLO II > AVENIDA JOSE GALVEZ,AVENIDA JOSE GALVEZ > OVALO JUAN PABLO II > AVENIDA REPUBLICA DE VENEZUELA > AVENIDA ELMER FAUCETT > PUENTE ELMER FAUCETT > AVENIDA ELMER FAUCETT > OVALO AEROPUERTO > AVENIDA ELMER FAUCETT > AVENIDA CANTA CALLAO > OVALO CANTA CALLAO > AVENIDA PROCERES DE HUANDOY > AVENIDA CENTRAL > AVENIDA VIRGEN DEL CARMEN > CALLE SANTA TERESITA > AVENIDA PARAMONGA,RUTA_CR49_1429.pdf,
1430,CR51,EMPRESA DE TRANSPORTES Y SERVICIOS SAN FELIPE S.A.,Comas,San Miguel,31.92,31.83,39,4,43,3.0,MICROBUS (M2),AVENIDA CHILLON TRAPICHE / AVENIDA INDUSTRIAL,AVENIDA ELMER FAUCETT / AVENIDA DE LA MARINA,20,19,AVENIDA CHILLON TRAPICHE > AVENIDA ISABEL CHIMPU OCLLO > AVENIDA UNIVERSITARIA > AVENIDA SAN FELIPE > AVENIDA TUPAC AMARU > AVENIDA GERARDO UNGER > AVENIDA CARLOS ABERTO IZAGUIRRE > OVALO IZAGUIRRE > AVENIDA ALFREDO MENDIOLA > CARRETERA PANAMERICANA NORTE > AVENIDA ALFREDO MENDIOLA > OVALO GAMARRA > AVENIDA ANGELICA GAMARRA > AVENIDA TOMAS VALLE > OVALO DOMINICOS > AVENIDA TOMAS VALLE > OVALO AEROPUERTO > AVENIDA ELMER FAUCETT > PUENTE ELMER FAUCETT > AVENIDA ELMER FAUCETT,AVENIDA ELMER FAUCETT > PUENTE ELMER FAUCETT > AVENIDA ELMER FAUCETT > OVALO AEROPUERTO > AVENIDA TOMAS VALLE > OVALO DOMINICOS > AVENIDA TOMAS VALLE > AVENIDA ANGELICA GAMARRA > OVALO GAMARRA > AVENIDA ALFREDO MENDIOLA > CARRETERA PANAMERICANA NORTE > AVENIDA ALFREDO MENDIOLA > OVALO IZAGUIRRE > AVENIDA CARLOS ABERTO IZAGUIRRE > AVENIDA TUPAC AMARU > AVENIDA SAN FELIPE > AVENIDA UNIVERSITARIA > AVENIDA ISABEL CHIMPU OCLLO > AVENIDA CHILLON TRAPICHE,RUTA_CR51_1430.pdf,
1431,CR53,CONSORCIO 4S,La Perla,Independencia,21.65,22.78,77,8,85,3.0,MICROBUS (M2),AVENIDA COSTANERA / CALLE TACNA,JIRON HUAYTAPAMPA / PASAJE HUAYTAPAMPA,17,19,AVENIDA COSTANERA > AVENIDA SANTA ROSA > OVALO JUAN PABLO II > AVENIDA LA MARINA > AVENIDA ELMER FAUCETT > PUENTE ELMER FAUCETT > AVENIDA ELMER FAUCETT > OVALO AEROPUERTO > AVENIDA TOMAS VALLE > OVALO TOMAS VALLE > AVENIDA TOMAS VALLE > AVENIDA TUPAC AMARU > AVENIDA CHINCHAYSUYO > AVENIDA ANTISUYO > AVENIDA JOSE GABRIEL CONDORCANQUI > JIRON ALCA > JIRON HUAYTAPAMPA,"JIRON HUAYTAPAMPA > JIRON ALCA > AVENIDA JOSE GABRIEL CONDORCANQUI > AVENIDA ANTISUYO > AVENIDA CHINCHAYSUYO > AVENIDA TUPAC AMARU > AVENIDA TUPAC AMARU (GIRO EN ""U"" ALT. AVENIDA NARANJAL) > AVENIDA TUPAC AMARU > AVENIDA TOMAS VALLE > OVALO TOMAS VALLE > AVENIDA TOMAS VALLE > OVALO AEROPUERTO > AVENIDA ELMER FAUCETT > PUENTE ELMER FAUCETT > AVENIDA ELMER FAUCETT > AVENIDA LA MARINA > OVALO JUAN PABLO II > AVENIDA SANTA ROSA > AVENIDA COSTANERA",RUTA_CR53_1431.pdf,
1432,CR65,EMPRESA DE TRANSPORTES LIDER SOCIEDAD COMERCIAL DE RESPONSABILIDAD LIMITADA,Comas,San Miguel,26.74,26.53,52,6,58,5.0,MICROBUS (M2),AVENIDA REVOLUCIÓN / JIRON JULIO CESAR TELLO (COLLIQUE 6TA ZONA),AVENIDA PARQUE DE LAS LEYENDAS / CALLE FIDEL OLIVOS ESCUDERO,14,14,AVENIDA REVOLUCION > AVENIDA TUPAC AMARU > AVENIDA CARLOS IZAGUIRRE > OVALO IZAGUIRRE > AVENIDA ALFREDO MENDIOLA > CARRETERA PANAMERICANA NORTE > AVENIDA ALFREDO MENDIOLA > OVALO ANGELICA GAMARRA > AVENIDA ANGELICA GAMARRA > AVENIDA TOMAS VALLE > OVALO AEROPUERTO > AVENIDA ELMER FAUCETT > PUENTE ELMER FAUCETT > AVENIDA ELMER FAUCETT,AVENIDA ELMER FAUCETT > PUENTE ELMER FAUCETT > AVENIDA ELMER FAUCETT > OVALO AEROPUERTO > AVENIDA TOMAS VALLE > AVENIDA ANGELICA GAMARRA > OVALO ANGELICA GAMARRA > AVENIDA ALFREDO MENDIOLA > CARRETERA PANAMERICANA NORTE > AVENIDA ALFREDO MENDIOLA > OVALO IZAGUIRRE > AVENIDA CARLOS IZAGUIRRE > AVENIDA TUPAC AMARU > AVENIDA REVOLUCION,RUTA_CR65_1432.pdf,
1433,CR66,EMPRESA DE TRANSPORTES Y SERVICIOS RAPIDO MARCOS S.A.,Ventanilla,Callao,35.46,32.34,62,7,69,5.0,MICROBUS (M2),AVENIDA 150 IZQUIERDA / AVENIDA SANTA ROSA,AVENIDA 2 DE MAYO / AVENIDA GUARDIA CHALACA (PLAZA GARIBALDI),26,21,"AVENIDA 150 IZQUIERDA > AVENIDA 190 > AVENIDA HUAYNA CAPAC > AVENIDA PROLONGACION 225 > OVALO LABARTHE > AVENIDA LOS TOPOGRAFOS > AVENIDA 200 > AVENIDA LOS QUIMICOS > AVENIDA CORONEL NESTOR GAMBETTA > AVENIDA CORONEL NESTOR GAMBETTA (VUELTA EN ""U"" ALT. CA.LOS EUCALIPTOS) > AVENIDA CORONEL NESTOR GAMBETTA > AVENIDA VICTOR RAUL HAYA DE LA TORRE > AVENIDA CUZCO > AVENIDA REVOLUCION > CALLE PAVAYACU > AVENIDA CORONEL NESTOR GAMBETTA > OVALO 200 MILLAS (CANTOLAO) > AVENIDA CORONEL NESTOR GAMBETTA > OVALO CENTENARIO > AVENIDA REPUBLICA DE ARGENTINA > PLAZA FANNING > AVENIDA REPUBLICA DE PANAMA > AVENIDA ALMIRANTE MIGUEL GRAU > CALLE ALBERTO ZECADA > CALLE MARCO POLO > AVENIDA 2 DE MAYO",AVENIDA REPUBLICA DE ARGENTINA > PLAZA FANNING > AVENIDA REPUBLICA DE ARGENTINA > OVALO CENTENARIO > AVENIDA CORONEL NESTOR GAMBETTA > OVALO 200 MILLAS > AVENIDA CORONEL NESTOR GAMBETTA > AVENIDA VICTOR RAUL HAYA DE LA TORRE > AVENIDA TACNA > AVENIDA AYACUCHO > AVENIDA TUMBES > AVENIDA CORONEL NESTOR GAMBETTA > INTERCAMBIO VIAL NESTOR GAMBETTA > AVENIDA LOS QUIMICOS > AVENIDA 200 > CALLE LOS TOPOGRAFOS > OVALO LABARTHE > AVENIDA PROLONGACION 225 > AVENIDA HUAYNACAPAC > AVENIDA 190 > AVENIDA 150 IZQUIERDA,RUTA_CR66_1433.pdf,
1434,CR84,LEVI EXPRESS DE TRANSPORTES S.A.,Callao,Carabayllo,37.55,37.57,31,4,35,8.0,MICROBUS (M2),AVENIDA GUARDIA CHALACA / AVENIDA 2 DE MAYO (PLAZA GARIBALDI),AVENIDA TUPAC / CALLE B,16,16,AVENIDA GUARDIA CHALACA > OVALO JUAN PABLO II > AVENIDA DE LA MARINA > AVENIDA ELMER FAUCETT > PUENTE ELMER FAUCETT > AVENIDA ELMER FAUCETT > OVALO AEROPUERTO > AVENIDA TOMAS VALLE > AVENIDA ANGELICA GAMARRA > OVALO ANGELICA GAMARRA > AVENIDA ALFREDO MENDIOLA > CARRETERA PANAMERICANA NORTE > AVENIDA ALFREDO MENDIOLA > OVALO IZAGUIRRE > AVENIDA CARLOS IZAGUIRRE > AVENIDA TUPAC AMARU,AVENIDA TUPAC AMARU > AVENIDA CARLOS IZAGUIRRE > OVALO IZAGUIRRE > AVENIDA ALFREDO MENDIOLA > CARRETERA PANAMERICANA NORTE > AVENIDA ALFREDO MENDIOLA > OVALO ANGELICA GAMARRA > AVENIDA ANGELICA GAMARRA > AVENIDA TOMAS VALLE > OVALO AEROPUERTO > AVENIDA ELMER FAUCETT > PUENTE ELMER FAUCETT > AVENIDA ELMER FAUCETT > AVENIDA DE LA MARINA > OVALO JUAN PABLO II > AVENIDA GUARDIA CHALACA,RUTA_CR84_1434.pdf,
1435,ICR05,EMPRESA DE TRANSPORTES Y SERVICIOS NUEVA AMERICA S.A.,Carabayllo,Callao,37.7,37.91,63,7,70,4.0,MINIBUS (M2-M3),AVENIDA TUPAC AMARU / AVENIDA TRES,CALLE ABANCAY / PASAJE LIBERTAD,17,17,AVENIDA TUPAC AMARU > AVENIDA NARANJAL > OVALO NARANJAL > AVENIDA NARANJAL > OVALO CANTA CALLAO > AUXILIAR AVENIDA CANTA CALLAO > AVENIDA CANTA CALLAO > AVENIDA ELMER FAUCETT > OVALO AEROPUERTO > AVENIDA ELMER FAUCETT > PUENTE ELMER FAUCETT > AVENIDA ELMER FAUCETT > AVENIDA DE LA MARINA > OVALO JUAN PABLO II > AVENIDA JUAN PABLO II > AVENIDA SANTA ROSA > CALLE ABANCAY,AVENIDA REPUBLICA DE ARGENTINA > AVENIDA SANTA ROSA > AVENIDA JUAN PABLO II > OVALO JUAN PABLO II > AVENIDA DE LA MARINA > AVENIDA ELMER FAUCETT > PUENTE ELMER FAUCETT > AVENIDA ELMER FAUCETT > OVALO AEROPUERTO > AVENIDA ELMER FAUCETT > AVENIDA CANTA CALLAO > AUXILIAR AVENIDA CANTA CALLAO > OVALO CANTA CALLAO > AVENIDA NARANJAL > OVALO NARANJAL > AVENIDA NARANJAL > AVENIDA TUPAC AMARU,RUTA_ICR05_1435.pdf,
1436,ICR15,EMPRESA DE TRANSPORTES Y SERVICIOS SAGRADO CORAZON DE COLLIQUE S.A.C.,Comas,Ventanilla,46.67,47.59,63,7,70,4.0,OMNIBUS (M3),AVENIDA REVOLUCION / JIRON JULIO CESAR TELLO,AVENIDA 200 / CALLE LOS OLIVOS,29,36,AVENIDA REVOLUCION > AVENIDA TUPAC AMARU > AVENIDA SAN FELIPE > AVENIDA UNIVERSITARIA > AVENIDA ISABEL CHIMPU OCLLO > AVENIDA CHILLON TRAPICHE > CARRETERA PANAMERICANA NORTE > OVALO INFANTAS > AVENIDA 2 DE OCTUBRE > AVENIDA CANTA CALLAO > AVENIDA CENTRAL > AVENIDA LOS PROCERES DE HUANDOY > AVENIDA NARANJAL > OVALO CANTA CALLAO > AVENIDA CANTA CALLAO > AVENIDA ELMER FAUCETT > OVALO CANTOLAO > AVENIDA CORONEL NESTOR GAMBETTA > AVENIDA VICTOR RAUL HAYA DE LA TORRE > AVENIDA TACNA > AVENIDA AYACUCHO > AVENIDA TUMBES > AVENIDA CORONEL NESTOR GAMBETTA > CALLE 1 > AVENIDA LOS QUIMICOS > AVENIDA 200 > AVENIDA SIENA > AVENIDA BOLIVIA > AVENIDA 200,AVENIDA 200 > CALLE LOS ALISOS > AVENIDA SIENA > AVENIDA 200 > AVENIDA 200 (VUELTA EN U ALT. CALLE LOS OLIVOS) > AVENIDA 200 > AVENIDA LOS QUIMICOS > CALLE 1 > AVENIDA CORONEL NESTOR GAMBETTA > AVENIDA CORONEL NESTOR GAMBETTA (VUELTA EN U ALT. CALLE LOS EUCALIPTOS) > AVENIDA CORONEL NESTOR GAMBETTA > AVENIDA VICTOR RAUL HAYA DE LA TORRE > AVENIDA CUZCO > AVENIDA REVOLUCION > CALLE PAVAYACU > AVENIDA CORONEL NESTOR GAMBETTA > OVALO CANTOLAO > AVENIDA ELMER FAUCETT > AVENIDA CANTA CALLAO > OVALO CANTA CALLAO > AVENIDA NARANJAL > AVENIDA LOS PROCERES DE HUANDOY > AVENIDA CENTRAL > AVENIDA CANTA CALLAO > AVENIDA 2 DE OCTUBRE > OVALO INFANTAS > CARRETERA PANAMERICANA NORTE > AVENIDA CHILLON TRAPICHE > AVENIDA ISABEL CHIMPU OCLLO > AVENIDA UNIVERSITARIA > VIA AUXILIAR DE LA AVENIDA UNIVERSITARIA > AVENIDA SAN FELIPE > AV. SAN FELIPE (VUELTA EN “U” ALT. JIRON AREQUIPA) > AVENIDA SAN FELIPE > AVENIDA TUPAC AMARU > AVENIDA REVOLUCION,RUTA_ICR15_1436.pdf,
1437,IM08,CONSORCIO HAYDEE ALFARO MONTUFAR S.A.C,Callao,Independencia,27.09,26.65,64,7,71,4.0,MINIBUS (M2-M3),AVENIDA ESTADOS UNIDOS / AVENIDA ALMIRANTE MIGUEL GRAU,AVEIDA VALLE SAGRADO DE LOS INCAS / CALLE HUAYTA,33,33,AVENIDA ESTADOS UNIDOS > AVENIDA AGUSTIN GAMARRA > AVENIDA CORONEL BOLOGNESI > JIRON MEDINA > AVENIDA ALMIRANTE MIGUEL GRAU > CALLE VALLE > AVENIDA AGUSTIN GAMARRA > CALLE DANIEL NIETO > JIRON PAZ SOLDAN > AVENIDA ALMIRANTE MIGUEL GRAU > AVENIDA PACIFICO > AVENIDA SAENZ PEÑA > AVENIDA OSCAR RAIMUNDO BENAVIDES > INTERCAMBIO VIAL AVENIDA ELMER FAUCETT Y > AVENIDA OSCAR R. BENAVIDES > AVENIDA ELMER FAUCETT > PUENTE ELMER FAUCETT > AVENIDA ELMER FAUCETT > OVALO AEROPUERTO > AVENIDA TOMAS VALLE > OVALO TOMAS VALLE > AVENIDA TOMAS VALLE > AVENIDA TUPAC AMARU > AVENIDA CHINCHAYSUYO > AVENIDA ANTISUYO > AVENIDA CORICANCHA > CALLE YAURI > AVENIDA CORICANCHA > AVENIDA VALLE SAGRADO DE LOS INCAS > JIRON HUAROCONDOR > CALLE HERMANOS AYAR > JIRON QUIQUIS > AVENIDA VALLE SAGRADO DE LOS INCAS,AVENIDA VALLE SAGRADO DE LOS INCAS > JIRON QUISQUIS > CALLE HERMANOS AYAR > JIRON HUAROCONDOR > AVENIDA VALLE SAGRADO DE LOS INCAS > AVENIDA CORICANCHA > CALLE YAURI > AVENIDA CORICANCHA > AVENIDA ANTISUYO > AVENIDA CHINCHAYSUYO > AVENIDA INDOAMERICA > CALLE LOS ARAVICUS > AVENIDA TUPAC AMARU > AVENIDA TOMAS VALLE > OVALO TOMAS VALLE > AVENIDA TOMAS VALLE > OVALO AEROPUERTO > AVENIDA ELMER FAUCETT > PUENTE ELMER FAUCETT > AVENIDA ELMER FAUCETT > AVENIDA OSCAR RAIMUNDO BENAVIDES > AVENIDA SAENZ PEÑA > AVENIDA PACIFICO > AVENIDA ALMIRANTE MIGUEL GRAU > JIRON PAZ SOLDAN > CALLE ADOLFO KING > AVENIDA AGUSTIN GAMARRA > AVENIDA CORONEL BOLOGNESI > JIRON MEDINA > AVENIDA ALMIRANTE MIGUEL GRAU > CALLE VALLE > AVENIDA AGUSTIN GAMARRA > AVENIDA ESTADOS UNIDOS,RUTA_IM08_1437.pdf,
1438,IM31,COOP DE SERV ESP.TRANSP.SOL Y MAR LTDA,Ventanilla,San Miguel,33.52,32.93,109,11,120,5.0,OMNIBUS (M3),AVENIDA G/AVENIDA SANTA ROSA,AVENIDA ELMER FAUCETT / AVENIDA DE LA MARINA,19,18,AVENIDA G > AVENIDA 200 MILLAS > AVENIDA LOS QUIMICOS > AVENIDA CORONEL NESTOR GAMBETTA > AVENIDA CORONEL NESTOR GAMBETTA (VUELTA EN U ALT. CA. EUCALIPTOS) > AVENIDA CORONEL NESTOR GAMBETTA > AVENIDA VICTOR RAUL HAYA DE LA TORRE > AVENIDA CUZCO > AVENIDA REVOLUCION > AVENIDA PAVAYACU > AVENIDA CORONEL NESTOR GAMBETTA > CARRETERA VENTANILLA > AVENIDA CORONEL NESTOR GAMBETTA > OVALO CANTOLAO > AVENIDA ELMER FAUCETT > OVALO AEROPUERTO > AVENIDA ELMER FAUCETT > PUENTE FAUCETT > AVENIDA ELMER FAUCETT,AVENIDA ELMER FAUCETT > PUENTE FAUCETT > AVENIDA ELMER FAUCETT > OVALO AEROPUERTO > AVENIDA ELMER FAUCETT > OVALO 200 MILLAS > AVENIDA CORONEL NESTOR GAMBETTA > CARRETERA VENTANILLA > AVENIDA CORONEL NESTOR GAMBETTA > AVENIDA VICTOR RAUL HAYA DE LA TORRE > AVENIDA TACNA > AVENIDA AYACUCHO > AVENIDA TUMBES > AVENIDA CORONEL NESTOR GAMBETTA > AVENIDA LOS QUIMICOS > AVENIDA 200 MILLAS > AVENIDA G > AVENIDA ELMER FAUCETT,RUTA_IM31_1438.pdf,
1439,IO09,EMPRESA DE TRANSPORTES RAPIDO RAMON CASTILLA S.A.,Callao,San Martin De Porres,43.35,43.16,90,9,99,3.0,MICROBUS (M2),AVENIDA REPUBLICA DE ARGENTINA / AVENIDA DE LOS INSURGENTES,CALLE SAN IGNACIO / CALLE SAN JOSE,32,34,AVENIDA REPUBLICA DE ARGENTINA > AVENIDA SANTA ROSA > AVENIDA JUAN PABLO II > OVALO JUAN PABLO II > AVENIDA DE LA MARINA > AVENIDA ELMER FAUCETT > PUENTE ELMER FAUCETT > AVENIDA ELMER FAUCETT > OVALO AEROPUERTO > AVENIDA TOMAS VALLE > AVENIDA ANGELICA GAMARRA > OVALO ANGELICA GAMARRA > AVENIDA ALFREDO MENDIOLA > CARRETERA PANAMERICANA NORTE > AVENIDA ALFREDO MENDIOLA > OVALO IZAGUIRRE > AVENIDA CARLOS IZAGUIRRE > AVENIDA TUPAC AMARU > AVENIDA SAN FELIPE > JIRON PIMENTEL > AVENIDA FELIPE MENDIZABAL > AVENIDA MARIANO CONDORCANQUI > AVENIDA ISABEL CHIMPU OCLLO > AVENIDA CHILLON TRAPICHE > CARRETERA PANAMERICANA NORTE > OVALO INFANTES > AVENIDA 2 DE OCTUBRE > AVENIDA CANTA CALLAO > AVENIDA VIRGEN DEL CARMEN > AVENIDA SAN DIEGO DE ALCALA > AVENIDA SANTA MARIA > CALLE SAN IGNACIO,"CALLE SAN IGNACIO > AVENIDA SANTA MARIA > AVENIDA SAN DIEGO DE ALCALA > AVENIDA VIRGEN DEL CARMEN > AVENIDA CANTA CALLAO > AVENIDA 2 DE OCTUBRE > OVALO INFANTES > CARRETERA PANAMERICANA NORTE > AVENIDA CHILLON TRAPICHE > AVENIDA ISABEL CHIMPU OCLLO > AVENIDA MARIANO CONDORCANQUI > JIRON FELIPE MENDIZABAL > AVENIDA UNIVERSITARIA > AVENIDA SAN FELIPE > AVENIDA SAN FELIPE (GIRO EN ""U"" ALT. JIRON AREQUIPA) > AVENIDA SAN FELIPE > AVENIDA TUPAC AMARU > AVENIDA CARLOS IZAGUIRRE > OVALO IZAGUIRRE > AVENIDA ALFREDO MENDIOLA > CARRETERA PANAMERICANA NORTE > AVENIDA ALFREDO MENDIOLA > OVALO ANGELICA GAMARRA > AVENIDA ANGELICA GAMARRA > AVENIDA TOMAS VALLE > OVALO AEROPUERTO > AVENIDA ELMER FAUCETT > PUENTE ELMER FAUCETT > AVENIDA ELMER FAUCETT > AVENIDA DE LA MARINA > OVALO JUAN PABLO II > AVENIDA JUAN PABLO II > AVENIDA SANTA ROSA > AVENIDA REPUBLICA DE ARGENTINA",RUTA_IO09_1439.pdf,
1440,IO35B,CONSORCIO BRIZA,Carabayllo,Callao,29.36,29.07,45,5,50,5.0,MINIBUS (M2-M3),AVENIDA ISABEL CHIMPU OCLLO / AVENIDA MARIANO CONDORCANQUI,AVENIDA REPUBLICA DE ARGENTINA / AVENIDA 2 DE MAYO (PLAZA GARIBALDI),24,21,AVENIDA ISABEL CHIMPU OCLLO > AVENIDA UNIVERSITARIA > AVENIDA SAN FELIPE > AVENIDA SAN FELIPE (VUELTA EN U ALT. JIRON AREQUIPA) > AVENIDA SAN FELIPE > AVENIDA TUPAC AMARU > AVENIDA TOMAS VALLE > OVALO TOMAS VALLE > AVENIDA TOMAS VALLE > OVALO AEROPUERTO > AVENIDA ELMER FAUCETT > PUENTE ELMER FAUCET > AVENIDA ELMER FAUCETT > AVENIDA LA CHALACA > AVENIDA NUEVO AEROPUERTO > CALLE APURIMAC > AVENIDA CIRCUNVALACION > AVENIDA DE LA ALAMEDA > JIRON CHOTA > AVENIDA NESTOR GAMBETTA > OVALO CENTENARIO > AVENIDA REPUBLICA DE ARGENTINA > PLAZA FANNING > AVENIDA REPUBLICA DE ARGENTINA,AVENIDA REPUBLICA DE ARGENTINA > PLAZA FANNING > AVENIDA REPUBLICA DE ARGENTINA > OVALO CENTENARIO > AVENIDA NESTOR GAMBETTA > JIRON CHOTA > AVENIDA DE LA ALAMEDA > AVENIDA CIRCUNVALACION > CALLE PIURA > AVENIDA LA CHALACA > AVENIDA ELMER FAUCETT > PUENTE ELMER FAUCET > AVENIDA ELMER FAUCETT > OVALO AEROPUERTO > AVENIDA TOMAS VALLE > OVALO TOMAS VALLE > AVENIDA TOMAS VALLE > AVENIDA TUPAC AMARU > AVENIDA SAN FELIPE > AVENIDA UNIVERSITARIA > AVENIDA ISABEL CHIMPU OCLLO,RUTA_IO35B_1440.pdf,
1441,IO40,CONSORCIO BRIZA,Los Olivos,San Miguel,34.42,34.04,68,7,75,3.0,MINIBUS (M2-M3),AVENIDA 02 DE OCTUBRE / AVENIDA SANTA ELVIRA,AVENIDA ELMER FAUCETT / AVENIDA LA MARINA,23,20,"AVENIDA 2 DE OCTUBRE > OVALO INFANTAS > CARRETERA PANAMERICANA NORTE > AVENIDA CHILLON TRAPICHE > AVENIDA ISABEL CHIMPU OCLLO > AVENIDA UNIVERSITARIA > AVENIDA SAN FELIPE > AVENIDA SAN FELIPE (VUELTA EN ""U"" ALT. DE JIRON AREQUIPA) > AVENIDA SAN FELIPE > AVENIDA TUPAC AMARU > AVENIDA GERARDO UNGER > AVENIDA CARLOS ALBERTO IZAGUIRRE > OVALO CARLOS IZAGUIRRE > AVENIDA ALFREDO MENDIOLA > CARRETERA PANAMERICANA NORTE > AVENIDA ALFREDO MENDIOLA > OVALO ANGELICA GAMARRA > AVENIDA ANGELICA GAMARRA > AVENIDA TOMAS VALLE > OVALO AEROPUERTO > AVENIDA ELMER FAUCETT > PUENTE ELMER FAUCETT > AVENIDA ELMER FAUCETT",AVENIDA ELMER FAUCETT > PUENTE ELMER FAUCETT > AVENIDA ELMER FAUCETT > OVALO AEROPUERTO > AVENIDA TOMAS VALLE > AVENIDA ANGELICA GAMARRA > OVALO ANGELICA GAMARRA > AVENIDA ALFREDO MENDIOLA > CARRETERA PANAMERICANA NORTE > AVENIDA ALFREDO MENDIOLA > OVALO CARLOS IZAGUIRRE > AVENIDA CARLOS IZAGUIRRE > AVENIDA TUPAC AMARU > AVENIDA SAN FELIPE > AVENIDA UNIVERSITARIA > AVENIDA ISABEL CHIMPU OCLLO > AVENIDA CHILLON TRAPICHE > CARRETERA PANAMERICANA NORTE > OVALO INFANTAS > AVENIDA 2 DE OCTUBRE,RUTA_IO40_1441.pdf,
1442,IO71,CORPORACION AVAGON S.A.C.,Ventanilla,San Miguel,33.6,32.98,41,5,46,5.0,OMNIBUS (M3),AVENIDA E / AVENIDA SANTA ROSA,AVENIDA ELMER FAUCETT / AVENIDA DE LA MARINA Z IN O IC N I A A L D E ESTACIONAMIENTO : -,18,16,AVENIDA E > AVENIDA 200 MILLAS > AVENIDA LOS QUIMICOS > CALLE 1 > AVENIDA CORONEL NESTOR GAMBETTA > AVENIDA CORONEL NESTOR GAMBETTA (VUELTA EN U ALT. CALLE LOS EUCALIPTOS) > AVENIDA CORONEL NESTOR GAMBETTA > AVENIDA VICTOR RAUL HAYA DE LA TORRE > AVENIDA CUZCO > AVENIDA REVOLUCION > CALLE PAVAYACU > AVENIDA CORONEL NESTOR GAMBETTA > OVALO CANTOLAO > AVENIDA ELMER FAUCETT > OVALO AEROPUERTO > AVENIDA ELMER FAUCETT > PUENTE ELMER FAUCETT > AVENIDA ELMER FAUCETT,AVENIDA ELMER FAUCETT > PUENTE ELMER FAUCETT > AVENIDA ELMER FAUCETT > OVALO AEROPUERTO > AVENIDA ELMER FAUCETT > OVALO CANTOLAO > AVENIDA CORONEL NESTOR GAMBETTA > AVENIDA VICTOR RAUL HAYA DE LA TORRE > AVENIDA TACNA > AVENIDA AYACUCHO > AVENIDA TUMBES > AVENIDA CORONEL NESTOR GAMBETTA > CALLE 1 > AVENIDA LOS QUIMICOS > AVENIDA 200 MILLAS > AVENIDA E,RUTA_IO71_1442.pdf,
1443,IO74,EMPRESA DE TRANSPORTES Y SERVICIOS MULTIPLES CALIFORNIA S.A.C.,Ate,La Victoria,26.57,26.79,43,5,48,5.0,MINIBUS (M2-M3),AVENIDA 15 DE JULIO / CALLE S/N (HUAYCAN ZONA U ),AVENIDA AVIACION / JIRON SAN CRISTOBAL,10,11,AVENIDA 15 DE JULIO > AVENIDA JOSE CARLOS MARIATEGUI > CARRETERA CENTRAL > AUXILIAR CARRETERA CENTRAL (BY PASS JAVIER PRADO) > CARRETERA CENTRAL > AVENIDA NICOLAS AYLLON > BY PASS NICOLAS AYLLON > AVENIDA NICOLAS ARRIOLA > OVALO ARRIOLA > AVENIDA AVIACION,AVENIDA AVIACION > OVALO ARRIOLA > AVENIDA NICOLAS ARRIOLA > AVENIDA NICOLAS DE AYLLON > CARRETERA CENTRAL > AUXILIAR CARRETERA CENTRAL (BY PASS JAVIER PRADO) > CARRETERA CENTRAL > AVENIDA JOSE CARLOS MARIATEGUI > CALLE 8 > JIRON PARAISO > AVENIDA 15 DE JULIO,RUTA_IO74_1443.pdf,
1444,IPC06,CONSORCIO GRUPO UVITA,Comas,San Miguel,17.55,17.38,67,7,74,3.0,MICROBUS (M2),AVENIDA REVOLUCION / JIRON JULIO CESAR TELLO,AVENIDA ELMER FAUCETT / AVENIDA DE LA MARINA,15,14,AVENIDA REVOLUCION > AVENIDA TUPAC AMARU > AVENIDA GERARDO UNGER > AVENIDA CARLOS ALBERTO IZAGUIRRE > OVALO IZAGUIRRE > AVENIDA ALFREDO MENDIOLA > CARRETERA PANAMERICANA NORTE > AVENIDA ALFREDO MENDIOLA > OVALO ANGELICA GAMARRA > AVENIDA ANGELICA GAMARRA > AVENIDA TOMAS VALLE > OVALO AEROPUERTO > AVENIDA ELMER FAUCETT > PUENTE ELMER FAUCETT > AVENIDA ELMER FAUCETT,AVENIDA ELMER FAUCETT > PUENTE ELMER FAUCETT > AVENIDA ELMER FAUCETT > OVALO AEROPUERTO > AVENIDA TOMAS VALLE > AVENIDA ANGELICA GAMARRA > OVALO ANGELICA GAMARRA > AVENIDA ALFREDO MENDIOLA > CARRETERA PANAMERICANA NORTE > AVENIDA ALFREDO MENDIOLA > OVALO IZAGUIRRE > AVENIDA CARLOS ALBERTO IZAGUIRRE > AVENIDA TUPAC AMARU > AVENIDA REVOLUCION,RUTA_IPC06_1444.pdf,
1445,OM10,CORPORACION AVAGON S.A.C.,Mi Peru,San Miguel,32.73,30.44,40,4,44,5.0,OMNIBUS (M3),JIRON CUZCO / JIRON CAJAMARCA,AVENIDA OSCAR RAIMUNDO BENAVIDES / AVENIDA ALFONSO UGARTE (PLAZA DOS DE MAYO),16,16,AVENIDA CUZCO > AVENIDA AYACUCHO > AVENIDA TUMBES > AVENIDA VICTOR RAUL HAYA DE LA TORRE > AVENIDA CUZCO > AVENIDA DE LA REVOLUCION > CALLE PAVAYACU > AVENIDA CORONEL NESTOR GAMBETTA > PUENTE CHILLON > AVENIDA CORONEL NESTOR GAMBETTA > OVALO CANTOLAO > AVENIDA ELMER FAUCETT > OVALO AEROPUERTO > AVENIDA ELMER FAUCETT > INTERCAMBIO VIAL FAUCETT - COLONIAL > AVENIDA OSCAR RAIMUNDO BENAVIDES,AVENIDA OSCAR RAIMUNDO BENAVIDES > CALLE GARCILAZO DE LA VEGA > CALLE VIRREY CONDE DE LEMOS > AVENIDA ELMER FAUCETT > PUENTE ELMER FAUCETT > AVENIDA ELMER FAUCETT > OVALO AEROPUERTO > AVENIDA ELMER FAUCETT > OVALO CANTOLAO > AVENIDA CORONEL NESTOR GAMBETTA > PUENTE CHILLON > AVENIDA CORONEL NESTOR GAMBETTA > AVENIDA VICTOR RAUL HAYA DE LA TORRE > AVENIDA CUZCO > AVENIDA AYACUCHO > JIRON TRUJILLO,RUTA_OM10_1445.pdf,
1446,OM25,EMPRESA DE TRANSPORTES CRUZ DE MOTUPE S.A.C.,Puente Piedra,Bellavista,37.29,38.24,45,5,50,3.0,MINIBUS (M2-M3),CALLE ANDRES AVELINO CACERES / CALLE ANCON,AVENIDA JOSE GALVEZ / JIRON ARICA (OVALO JUAN PABLO II),35,41,CALLE ANDRES AVELINO CACERES > CALLE 1 DE MAYO > CALLE SAN LUCAS > AVENIDA SAN JUAN > CARRETERA PANAMERICANA NORTE > PUENTE CHILLON > CARRETERA PANAMERICANA NORTE > INTERCAMBIO VIAL NORTE > CARRETERA PANAMERICANA NORTE > AVENIDA LAS PALMERAS > AVENIDA SANTIAGO ANTUNEZ DE MAYOLO > AVENIDA UNIVERSITARIA > AVENIDA ANGELICA GAMARRA > AVENIDA TOMAS VALLE > OVALO AEROPUERTO > AVENIDA ELMER FAUCETT > PUENTE ELMER FAUCETT > AVENIDA ELMER FAUCETT > AVENIDA LA CHALACA > AVENIDA NUEVO AEROPUERTO > CALLE APURIMAC > CALLE CIRCUNVALACION > AVENIDA DE LA ALAMEDA > JIRON CHOTA > AVENIDA CORONEL NESTOR GAMBETTA > OVALO CENTENARIO > AVENIDA REPUBLICA DE ARGENTINA > PLAZA FANNING > AVENIDA REPUBLICA DE ARGENTINA > PLAZA GARIBALDI > AVENIDA 2 DE MAYO > CALLE MARCO POLO > AVENIDA ALMIRANTE MIGUEL GRAU > JIRON COLINA > AVENIDA JOSE GALVEZ,AVENIDA JOSE GALVEZ > JIRON COLINA > JIRON ALFONSO UGARTE > JIRON LOS HEROS > OVALO PACIFICO > AVENIDA ALMIRANTE MIGUEL GRAU > CALLE ALBERTO SECADA > CALLE MARCO POLO > AVENIDA 2 DE MAYO > PLAZA GARIBALDI > AVENIDA REPUBLICA DE ARGENTINA > PLAZA FANNING > AVENIDA REPUBLICA DE ARGENTINA > OVALO CENTENARIO > AVENIDA CORONEL NESTOR GAMBETTA > JIRON CHOTA > AVENIDA DE LA ALAMEDA > AVENIDA CIRCUNVALACION > CALLE PIURA > AVENIDA LA CHALACA > AVENIDA ELMER FAUCETT > PUENTE ELMER FAUCETT > AVENIDA ELMER FAUCETT > OVALO AEROPUERTO > AVENIDA TOMAS VALLE > AVENIDA ANGELICA GAMARRA > AVENIDA UNIVERSITARIA > AVENIDA SANTIAGO ANTUNEZ DE MAYOLO > AVENIDA LAS PALMERAS > AVENIDA RIO MARAÑON > AVENIDA LOS PROCERES DE HUANDOY > AVENIDA 2 DE OCTUBRE > OVALO INFANTAS > AUXILIAR CARRETERA PANAMERICANA NORTE > CARRETERA PANAMERICANA NORTE > PUENTE CHILLON > CARRETERA PANAMERICANA NORTE > AVENIDA SAN JUAN > CALLE SAN LUCAS > CALLE 1 DE MAYO > CALLE ANDRES AVELINO CACERES,RUTA_OM25_1446.pdf,
1447,OM39,EMPRESA DE TRANSPORTES SAN BENITO DE PALERMO SOCIEDAD ANONIMA CERRADA - ETSABEPSAC,Callao,Independencia,26.89,27.53,25,3,28,5.0,MINIBUS (M2-M3),JIRON TITICACA / CALLE UCAYALI,JIRON SAN LORENZO / AVENIDA 4 DE NOVIEMBRE,27,28,JIRON TITICACA > AVENIDA AGUSTIN GAMARRA > AVENIDA CORONEL BOLOGNESI > JIRON MEDINA > AVENIDA ALMIRANTE MIGUEL GRAU > CALLE VALLE > AVENIDA AGUSTIN GAMARRA > CALLE DANIEL NIETO > JIRON PAZ SOLDAN > AVENIDA ALMIRANTE MIGUEL GRAU > AVENIDA PACIFICO > AVENIDA SAENZ PENA > AVENIDA OSCAR RAIMUNDO BENAVIDES > INTERCAMBIO VIAL ELMER FAUCETT - OSCAR RAIMUNDO BENAVIDES > AVENIDA ELMER FAUCETT > PUENTE ELMER FAUCETT > AVENIDA ELMER FAUCETT > OVALO AEROPUERTO > AVENIDA TOMAS VALLE > OVALO TOMAS VALLE > AVENIDA TOMAS VALLE > AVENIDA TUPAC AMARU > AVENIDA CHINCHAYSUYO > AVENIDA ANTISUYO > AVENIDA CONDORCANQUI > JIRON ALCA > AVENIDA 20 DE DICIEMBRE SAN LORENZO,"AVENIDA 4 DE NOVIEMBRE > JIRON ALCA > AVENIDA CONDORCANQUI > AVENIDA ANTISUYO > AVENIDA CHINCHAYSUYO > AVENIDA TUPAC AMARU > AVENIDA TUPAC AMARU (VUELTA EN ""U"" ALT. AVENIDA NARANJAL) > AVENIDA TUPAC AMARU > AVENIDA TOMAS VALLE > OVALO TOMAS VALLE > AVENIDA TOMAS VALLE > OVALO AEROPUERTO > AVENIDA ELMER FAUCETT > PUENTE ELMER FAUCETT > AVENIDA ELMER FAUCETT > AVENIDA OSCAR RAIMUNDO BENAVIDES > AVENIDA SAENZ PENA > AVENIDA PACIFICO > AVENIDA ALMIRANTE MIGUEL GRAU > JIRON PAZ SOLDAN > CALLE ADOLFO KING > AVENIDA AGUSTIN GAMARRA > AVENIDA CORONEL BOLOGENSI > JIRON MEDINA > AVENIDA ALMIRANTE MIGUEL GRAU > CALLE VALLE > AVENIDA AGUSTIN GAMARRA > JIRON TITICACA",RUTA_OM39_1447.pdf,
1448,OM47,CONSORCIO DE TRANSPORTE KILMER,Santa Rosa,San Miguel,54.01,55.32,71,8,79,5.0,OMNIBUS (M3),AVENIDA SANTA ROSA / AVENIDA PROCERES,AVENIDA REPUBLICA DE VENEZUELA / AVENIDA UNIVERSITARIA,47,49,AVENIDA SANTA ROSA > AVENIDA 150 IZQUIERDA > CALLE HUAYNA CAPAC > PROLONGACION AVENIDA 225 > OVALO LABARTHE > CALLE LOS TOPOGRAFOS > CALLE HAITI > AVENIDA EL SALVADOR > AVENIDA BOLIVIA > AVENIDA 200 > AVENIDA CORONEL NESTOR GAMBETTA > ACCESO CARRETERA PANAMERICANA NORTE > AVENIDA PUENTE PIEDRA > CARRETERA PANAMERICANA NORTE > PUENTE RIO CHILLON > CARRETERA PANAMERICANA NORTE > INTERCAMBIO VIAL NORTE > CARRETERA PANAMERICANA NORTE > AVENIDA LAS PALMERAS > AVENIDA SANTIAGO ANTUNEZ DE MAYOLO > AVENIDA UNIVERSITARIA > AVENIDA ANGELICA GAMARRA > AVENIDA TOMAS VALLE > OVALO AEROPUERTO > AVENIDA ELMER FAUCETT > PUENTE FAUCETT > AVENIDA ELMER FAUCETT > AVENIDA LA CHALACA > OVALO TUPAC AMARU > AVENIDA NUEVO AEROPUERTO > CALLE APURIMAC > AVENIDA CIRCUNVALACION > AVENIDA DE LA ALAMEDA > JIRON CHOTA > AVENIDA CORONEL NESTOR GAMBETTA > OVALO CENTENARIO > AVENIDA REPUBLICA DE ARGENTINA > PLAZA FANNING > AVENIDA REPUBLICA DE ARGENTINA > PLAZA GARIBALDI > AVENIDA 2 DE MAYO > CALLE MARCO POLO > AVENIDA ALMIRANTE MIGUEL GRAU > JIRON COLINA > AVENIDA JOSE GALVEZ > OVALO JUAN PABLO II > AVENIDA REPUBLICA DE VENEZUELA,AVENIDA REPUBLICA DE VENEZUELA > OVALO JUAN PABLO II > AVENIDA JOSE GALVEZ > JIRON COLINA > JIRON ALFONSO UGARTE > JIRON LOS HEROS > AVENIDA ALMIRANTE MIGUEL GRAU > CALLE ALBERTO SECADA > CALLE MARCO POLO > AVENIDA 2 DE MAYO > PLAZA GARIBALDI > AVENIDA REPUBLICA DE ARGENTINA > PLAZA FANNING > AVENIDA REPUBLICA DE ARGENTINA > OVALO CENTENARIO > AVENIDA CORONEL NESTOR GAMBETTA > JIRON CHOTA > AVENIDA DE LA ALAMEDA > AVENIDA CIRCUNVALACION > CALLE TUPAC AMARU > OVALO TUPAC AMARU > AVENIDA LA CHALACA > AVENIDA ELMER FAUCETT > PUENTE FAUCETT > AVENIDA ELMER FAUCETT > OVALO AEROPUERTO > AVENIDA TOMAS VALLE > AVENIDA ANGELICA GAMARRA > AVENIDA UNIVERSITARIA > AVENIDA SANTIAGO ANTUNEZ DE MAYOLO > AVENIDA LAS PALMERAS > AVENIDA RIO MARAÑON > AVENIDA UNIVERSITARIA > INTERCAMBIO VIAL UNIVERSITARIA > CARRETERA PANAMERICANA NORTE > AVENIDA PUENTE PIEDRA > CARRETERA PANAMERICANA NORTE > OVALO NESTOR GAMBETTA > AVENIDA CORONEL NESTOR GAMBETTA > AVENIDA 200 > AVENIDA BOLIVIA > AVENIDA EL SALVADOR > CALLE HAITI > CALLE LOS TOPOGRAFOS > OVALO LABARTHE > PROLONGACION AVENIDA 225 > CALLE HUAYNA CAPAC > AVENIDA 150 IZQUIERDA > AVENIDA SANTA ROSA,RUTA_OM47_1448.pdf,
1449,UCL01,EMPRESA DE TRANSPORTES SERVICIO RAPIDO SANTA MARINA S.A.C.,Ventanilla,La Punta,31.36,30.68,41,5,46,4.0,MICROBUS (M2),AVENIDA DEL BIERZO / CALLE CENTRAL,JIRON MEDINA / AVENIDA CORONEL BOLOGNESI,27,28,AVENIDA DEL BIERZO > AVENIDA CORONEL NESTOR GAMBETTA > OVALO CANTOLAO > AVENIDA ELMER FAUCETT > AVENIDA CANTA CALLAO > AVENIDA LOS DOMINICOS > OVALO PREVI > AVENIDA PASEO QUILCA > AVENIDA ELMER FAUCETT > OVALO AEROPUERTO > AVENIDA ELMER FAUCETT > AVENIDA REPUBLICA DE ARGENTINA > AVENIDA SANTA ROSA > AVERNIDA COMANDANTE PEREZ SALMON > AVENIDA ALFREDO PALACIOS > AVENIDA SUPE > AVENIDA FEDERICO FERNANDINI > AVENIDA GUARDIA CHALACA > OVALO JUAN PABLO II > AVENIDA GUARDIA CHALACA > AVENIDA SAENZ PEÑA > AVENIDA PACIFICO > AVENIDA ALMIRANTE MIGUEL GRAU > JIRON PAZ SOLDAN > CALLE ADOLFO KING > AVENIDA AGUSTIN GAMARRA > AVENIDA CORONEL BOLOGNESI,"JIRON MEDINA > AVENIDA ALMIRANTE MIGUEL GRAU > CALLE VALLE > AVENIDA AGUSTIN GAMARRA > CALLE DANIEL NIETO > JIRON PAZ SOLDAN > AVENIDA ALMIRANTE MIGUEL GRAU > AVENIDA GUARDIA CHALACA > AVENIDA FEDERICO FERNANDINI > JIRON CHACHAPOYAS > AVENIDA SANTA FE > AVENIDA ALFREDO PALACIOS > AVENIDA ALFREDO PALACIOS (GIRO EN ""U"" ALT. CALLE SARITA COLONIA) > AVERNIDA COMANDANTE PEREZ SALMON > AVENIDA SANTA ROSA > AVENIDA REPUBLICA DE ARGENTINA > AVENIDA ELMER FAUCETT > INTERCAMBIO VIAL ELMER FAUCETT - OSCAR R. BENAVIDES > AVENIDA ELMER FAUCETT > AVENIDA PASEO QUILCA > OVALO PREVI > AVENIDA LOS DOMINICOS > AVENIDA CANTA CALLAO > AVENIDA CANADA > AVENIDA ELMER FAUCETT > OVALO CANTOLAO > AVENIDA CORONEL NESTOR GAMBETTA > AVENIDA DEL BIERZO",RUTA_UCL01_1449.pdf,
1450,UCL02,EMPRESA DE TRANSPORTES SERVICIO RAPIDO SANTA MARINA S.A.C.,Callao,La Punta,22.59,22.58,35,4,39,5.0,MICROBUS (M2),AVENIDA LOS ALISOS/AVENIDA NESTOR GAMBETA,JIRON MEDINA / AVENIDA ALMIRANTE MIGUEL GRAU,30,29,AVENIDA LOS ALISOS > AVENIDA PROLONGACION ALEJANDRO BERTELLO > AVENIDA BERTELLO > AVENIDA COLECTORA > AVENIDA PACASMAYO > AVENIDA TOMAS VALLE > OVALO AEROPUERTO > AVENIDA ELMER FAUCETT > PUENTE ELMER FAUCETT > AVENIDA ELMER FAUCETT > AVENIDA LA CHALACA > AVENIDA NUEVO AEROPUERTO > CALLE APURIMAC > AVENIDA CIRCUNVALACION > AVENIDA DE LA ALAMEDA > JIRON CHOTA > AVENIDA CORONEL NESTOR GAMBETTA > OVALO CENTENARIO > AVENIDA ALFREDO PALACIOS > AVENIDA SUPE > AVENIDA FEDERICO FERNANDINI > AVENIDA GUARDIA CHALACA > AVENIDA SAENZ PEÑA > AVENIDA PACIFICO > AVENIDA ALMIRANTE MIGUEL GRAU > JIRON PAZ SOLDAN > CALLE ADOLFO KING > AVENIDA AGUSTIN GAMARRA > AVENIDA CORONEL BOLOGNESI > JIRON MEDINA,"AVENIDA ALMIRANTE MIGUEL GRAU > JIRON GENERAL VALLE > AVENIDA AGUSTIN GAMARRA > CALLE DANIEL NIETO > JIRON PAZ SOLDAN > AVENIDA ALMIRANTE MIGUEL GRAU > AVENIDA GUARDIA CHALACA > AVENIDA FEDERICO FERNANDINI > JIRON CHACHAPOYAS > AVENIDA SANTA FE > AVENIDA ALFREDO PALACIOS > AVENIDA ALFREDO PALACIOS (VUELTA EN ""U"" ALT. GRIFO VAL) > AVENIDA ALFREDO PALACIOS > OVALO CENTENARIO > AVENIDA CORONEL NESTOR GAMBETTA > JIRON CHOTA > AVENIDA DE LA ALAMEDA > AVENIDA CIRCUNVALACION > CALLE PIURA > AVENIDA LA CHALACA > AVENIDA ELMER FAUCETT > PUENTE ELMER FAUCETT > AVENIDA ELMER FAUCETT > OVALO AEROPUERTO > AVENIDA TOMAS VALLE > AVENIDA PACASMAYO > AVENIDA OLECTORA > AVENIDA BERTELLO > AVENIDA PROLONGACION ALEJANDRO BERTELLO",RUTA_UCL02_1450.pdf,
1451,UCL03,LA ESPERANZA TRANSPORTES Y SERVICIOS S.A.,San Martin De Porres,La Punta,18.49,19.68,32,4,36,5.0,MICROBUS (M2),AVENIDA ALEJANDRO BERTELLO BOLLATI / JIRON SOL Y MAR,JIRON MEDINA / AVENIDA CORONEL BOLOGNESI,28,39,AVENIDA ALEJANDRO BERTELLO BOLLATI > AVENIDA COLECTORA > AVENIDA PACASMAYO > AVENIDA BOCANEGRA > AVENIDA LOS DOMINICOS > AVENIDA EL OLIVAR > AVENIDA PROLOGACION AVENIDA PERU > AVENIDA PASEO QUILCA > BY PASS ELMER FAUCETT > AVENIDA MORALES DUAREZ > AVENIDA NUEVO AEROPUERTO > CALLE APURIMAC > AVENIDA CIRCUNVALACION > AVENIDA DE LA ALAMEDA > JIRON CHOTA > AVENIDA CORONEL NESTRO GAMBETTA > OVALO CENTENARIO > AVENIDA ALFREDO PALACIOS > AVENIDA SUPE > AVENIDA FEDERICO FERNANDINI > AVENIDA GUARDIA CHALACA > AVENIDA SAENZ PEÑA > AVENIDA PACIFICO > AVENIDA ALMIRANTE MIGUEL GRAU > JIRON PAZ SOLDAN > CALLE ADOLFO KING > AVENIDA AGUSTIN GAMARRA > AVENIDA CORONEL BOLOGNESI,"JIRON MEDINA > AVENIDA ALMIRANTE MIGUEL GRAU > CALLE VALLE > AVENIDA AGUSTIN GAMARRA > CALLE DANIEL NIETO > JIRON PAZ SOLDAN > CALLE ALBERTO SECADA > CALLE MARCO POLO > AVENIDA 2 DE MAYO > PAZA GARIBALDI > AVENIDA GUARDIA CHALACA > JIRON TRUJILLO > CALLE CHANCAY > JIRON CHACHAPOYAS > CALLE FEDERICO FERNANDINI > JIRON CHACHAPOYAS > AVENIDA SANTA FE > AVENIDA ALFREDO PALACIOS > AVENIDA ALFREDO PALACIOS (VUELTA EN ""U"" ALTURA CALLE CHOTA) > AVENIDA ALFREDO PALACIOS > OVALO CENTENARIO > AVENIDA CORONEL NESTOR GAMBETTA > JIRON CHOTA > AVENIDA DE LA ALAMEDA > AVENIDA CIRCUNVALACION > CALLE PIURA > AVENIDA LA CHALACA > AVENIDA ELMER FAUCETT > PUENTE ELMER FAUCETT > AVENIDA ELMER FAUCETT > AVENIDA PASEO QUILCA > PROLOGACION AVENIDA PERU > AVENIDA EL OLIVAR > AVENIDA LOS DOMINICOS > AUXILIAR AVENIDA LOS DOMINICOS > AVENIDA BOCANEGRA > AVENIDA PACASMAYO > AVENIDA COLECTORA > AVENIDA ALEJANDRO BERTELLO BOLLATI",RUTA_UCL03_1451.pdf,
1452,UCL04,LA ESPERANZA TRANSPORTES Y SERVICIOS S.A.,Callao,La Punta,18.07,18.62,32,4,36,5.0,MICROBUS (M2),AVENIDA CANTA CALLAO / AVENIDA PASEO JAPON,JIRON MEDINA / AVENIDA ALMIRANTE MIGUEL GRAU,28,33,AVENIDA CANTA CALLAO > AVENIDA PACASMAYO > AVENIDA TOMAS VALLE > OVALO AEROPUERTO > AVENIDA ELMER FAUCETT > PUENTE ELMER FAUCETT > AVENIDA ELMER FAUCETT > AVENIDA LA CHALACA > AVENIDA NUEVO AEROPUERTO > CALLE APURIMAC > AVENIDA CIRCUNVALACION > AVENIDA DE LA ALAMEDA > JIRON CHOTA > AVENIDA CORONEL NESTOR GAMBETTA > OVALO CENTENARIO > AVENIDA ALFREDO PALACIOS > AVENIDA SUPE > AVENIDA FEDERICO FERNANDINI > AVENIDA GUARDIA CHALACA > AVENIDA SAENZ PEÑA > AVENIDA PACÍFICO > AVENIDA ALMIRANTE MIGUEL GRAU > JIRON PAZ SOLDAN > CALLE ADOLFO KING > AVENIDA JORGE CHAVEZ > AVENIDA AGUSTIN GAMARRA > AVENIDA CORONEL BOLOGNESI > JIRON MEDINA,"AVENIDA ALMIRANTE MIGUEL GRAU > CALLE VALLE > AVENIDA AGUSTIN GAMARRA > AVENIDA JORGE CHAVEZ > CALLE DANIEL NIETO > JIRON PAZ SOLDAN > CALLE ALBERTO SECADA > CALLE MARCO POLO > AVENIDA 2 DE MAYO > PLAZA GARIBALDI > AVENIDA GUARDIA CHALACA > AVENIDA GUARDIA CHALACA (VUELTA EN ""U"" ALTURA AVENIDA SAENZ PEÑA) > AVENIDA GUARDIA CHALACA > AVENIDA FEDERICO FERNANDINI > JIRON CHACHAPOYAS > AVENIDA SANTA FE > AVENIDA ALFREDO PALACIOS > AVENIDA ALFREDO PALACIOS VUELTA EN ""U"" > AVENIDA ALFREDO PALACIOS > OVALO CENTENARIO > AVENIDA CORONEL NESTOR GAMBETTA > JIRON CHOTA > AVENIDA DE LA ALAMEDA > AVENIDA CIRCUNVALACION > CALLE PIURA > AVENIDA LA CHALACA > AVENIDA ELMER FAUCETT > PUENTE ELMER FAUCETT > AVENIDA ELMER FAUCETT > OVALO AEROPUERTO > AVENIDA TOMAS VALLE > AVENIDA PACASMAYO > AVENIDA CANTA CALLAO",RUTA_UCL04_1452.pdf,
1453,UCL06,EMPRESA LA PERLA S.A.,Callao,Bellavista,7.62,7.64,31,4,35,7.0,MICROBUS (M2),DANIEL ALCIDES CARRION) AVENIDA JOSE GALVEZ / AVENIDA GUARDIA CHALACA (OVALO,JUAN PABLO II),19,19,PROLONGACION CENTENARIO > AVENIDA CENTENARIO > JIRON INMACULADA CONCEPCION > CALLE MANUEL SEOANE > CALLE RAMIRO PRIALE > AVENIDA EL EMISOR > AVENIDA A > AVENIDA CORONEL NESTOR GAMBETTA > OVALO CENTENARIO > AVENIDA REPUBLICA DE ARGENTINA > PLAZA FANNING > AVENIDA REPUBLICA DE ARGENTINA > PLAZA GARIBALDI > AVENIDA 2 DE MAYO > CALLE MARCO POLO > AVENIDA ALMIRANTE MIGUEL GRAU > JIRON ARICA > PLAZA GUARDIA CHALACA > AVENIDA JOSE GALVEZ,AVENIDA JOSE GALVEZ > PLAZA GUARDIA CHALACA > JIRON VIGIL > AVENIDA ALMIRANTE MIGUEL GRAU > CALLE ALBERTO SECADA > CALLE MARCO POLO > AVENIDA 2 DE MAYO > PLAZA GARIBALDI > AVENIDA REPUBLICA DE ARGENTINA > PLAZA FANNING > AVENIDA REPUBLICA DE ARGENTINA > OVALO CENTENARIO > AVENIDA CORONEL NESTOR GAMBETTA > AVENIDA A > AVENIDA EL EMISOR > CALLE RAMIRO PRIALE > CALLE MANUEL SEOANE > JIRON INMACULADA CONCEPCION > PROLONGACION CENTENARIO,RUTA_UCL06_1453.pdf,
1454,UCL09,EMPRESA DE TRANSPORTE RAPIDO VENTANILLA CALLAO S.A.,Ventanilla,Callao,33.14,31.64,36,4,40,4.0,MICROBUS (M2),AVENIDA MEXICO / CALLE LOS PINOS,AVENIDA SECADA / CALLE MARCO POLO,36,31,"AVENIDA MEXICO > CALLE LAS AGUAS > AVENIDA BOLIVIA > AVENIDA BOLIVIA (GIRO EN ""U"" ALTURA AVENIDA CANADA) > AVENIDA BOLIVIA > AVENIDA PACHACUTEC > CALLE LOS CEREZOS > CALLE LAS MAGNOLIAS > CALLE VILLA DE LOS REYES > CALLE BOLOGNESI > CALLE 21 > AVENIDA 3 > CALLE GRAU > AVENIDA PERU > AVENIDA BOLIVIA > AVENIDA 200 > AVENIDA 200 (GIRO EN U ALTURA CALLE LOS OLIVOS) > AVENIDA 200 > AVENIDA LOS QUIMICOS > PROLONGACION AVENIDA LOS QUIMICOS > AVENIDA CORONEL NESTOR GAMBETTA > AVENIDA CORONEL NESTOR GAMBETTA (GIRO EN ""U"" ALTURA CALLE LOS EUCALIPTOS) > AVENIDA CORONEL NESTOR GAMBETTA > AVENIDA VICTOR RAUL HAYA DE LA TORRE > AVENIDA CUZCO > AVENIDA REVOLUCION > CALLE PAVAYACU > AVENIDA CORONEL NESTOR GAMBETTA > OVALO CANTOLAO > AVENIDA CORONEL NESTOR GAMBETTA > OVALO CENTENARIO > AVENIDA REPUBLICA DE ARGENTINA > OVALO FANNING > AVENIDA REPUBLICA DE PANAMA > AVENIDA ALMIRANTE MIGUEL GRAU > JIRON SECADA",CALLE MARCO POLO > AVENIDA 2 DE MAYO > OVALO GIRIBALDI > AVENIDA REPUBLICA DE ARGENTINA > OVALO FANNING > AVENIDA REPUBLICA DE ARGENTINA > OVALO CENTENARIO > AVENIDA CORONEL NESTOR GAMBETTA > OVALO CANTOLAO > AVENIDA CORONEL NESTOR GAMBETTA > AVENIDA VICTOR RAUL HAYA DE LA TORRE > AVENIDA AREQUIPA > AVENIDA AYACUCHO > AVENIDA TUMBES > AVENIDA CORONEL NESTOR GAMBETTA > AVENIDA LOS QUIMICOS > AVENIDA 200 > AVENIDA BOLIVIA > AVENIDA PERU > CALLE GRAU > AVENIDA 3 > CALLE 11 DE OCTUBRE > CALLE 22 > CALLE BOLOGNESI > CALLE VILLA DE LOS REYES > CALLE LAS MAGNOLIAS > CALLE LOS CEREZOS > AVENIDA PACHACUTEC > AVENIDA BOLIVIA > CALLE LAS AGUILAS > AVENIDA MEXICO,RUTA_UCL09_1454.pdf,
1455,UCL10,CONSORCIO SATELITE TRANSPORT GROUP,Ventanilla,Bellavista,31.92,32.1,56,6,62,4.0,MICROBUS (M2),AVENIDA PRINCIPAL / CALLE 7,CALLE 26 / AVENIDA DEL PESCADOR,27,28,AV. PRINCIPAL > AVENIDA C > AVENIDA PRINCIPAL B > AVENIDA B > AVENIDA A > AVENIDA PEDRO BELTRÁN > AVENIDA CORONEL NESTOR GAMBETTA > OVALO CANTOLAO > AVENIDA CORONEL NESTOR GAMBETTA > PUENTE NESTOR GAMBETTA > AVENIDA CORONEL NESTOR GAMBETTA > OVALO CENTENARIO > AVENIDA REPUBLICA DE ARGENTINA > PLAZA FANNING > AVENIDA REPUBLICA DE ARGENTINA > PLAZA GARIBALDI > AVENIDA 2 DE MAYO > CALLE MARCO POLO > AVENIDA ALMIRANTE MIGUEL GRAU > AVENIDA BUENOS AIRES > AVENIDA GUARDIA CHALACA > OVALO JUAN PABLO II > AVENIDA JUAN PABLO II > CALLE 30 > CALLE 30A > CALLE 7 > CALLE 26,CALLE 26 > CALLE 7 > CALLE 30A > CALLE 30 > AVENIDA JUAN PABLO II > OVALO JUAN PABLO II > AVENIDA GUARDIA CHALACA > AVENIDA BUENOS AIRES > AVENIDA ALMIRANTE MIGUEL GRAU > CALLE ALBERTO SECADA > CALLE MARCO POLO > AVENIDA 2 DE MAYO > PLAZA GARIBALDI > AVENIDA REPUBLICA DE ARGENTINA > PLAZA FANNING > AVENIDA REPUBLICA DE ARGENTINA > OVALO CENTENARIO > AVENIDA CORONEL NESTOR GAMBETTA > PUENTE NESTOR GAMBETTA > AVENIDA CORONEL NESTOR GAMBETTA > OVALO CANTOLAO > AVENIDA CORONEL NESTOR GAMBETTA > AVENIDA PEDRO BELTRÁN > AVENIDA A > AVENIDA B > AVENIDA PRINCIPAL B > AVENIDA C > AVENIDA PRINCIPAL,RUTA_UCL10_1455.pdf,
1456,UCL11,EMPRESA DE TRANSPORTE RAPIDO VENTANILLA CALLAO S.A.,La Perla,Ventanilla,35.97,35.82,44,5,49,6.0,MICROBUS (M2),AVENIDA VICTOR RAUL HAYA DE LA TORRE / AVENIDA LA PAZ,AVENIDA PRINCIPAL / CALLE 16,33,30,"AVENIDA VICTOR RAUL HAYA DE LA TORRE > AVENIDA EL PACIFICO > CALLE ANDALUCIA > CALLE JOSE GALVEZ > AVENIDA DE LOS INSURGENTES > AVENIDA DE LOS INSURGENTES (VUELTA EN ""U"" ALTURA DE CALLE MANCO SEGUNDO) > AVENIDA DE LOS INSURGENTES > AVENIDA JUAN VELASCO ALVARADO > CALLE 2A > JIRON LA CONCORDIA > CALLE 7 > CALLE 30 > AVENIDA JUAN PABLO II > OVALO JUAN PABLO II > AVENIDA GUARDIA CHALACA > AVENIDA ALMIRANTE MIGUEL GRAU > CALLE ALBERTO SECADA > CALLE MARCO POLO > AVENIDA 2 DE MAYO > PLAZA GARIBALDI > AVENIDA REPUBLICA DE ARGENTINA > PLAZA FANNING > AVENIDA REPUBLICA DE ARGENTINA > OVALO CENTENARIO > AVENIDA CORONEL NESTOR GAMBETTA > OVALO CANTOLAO > AVENIDA CORONEL NESTOR GAMBETTA > AVENIDA PEDRO BELTRAN > AVENIDA A > AVENIDA B > AVENIDA PRINCIPAL B > AVENIDA C > AVENIDA PRINCIPAL",AVENIDA PRINCIPAL > AVENIDA C > AVENIDA PRINCIPAL B > AVENIDA B > AVENIDA A > AVENIDA PEDRO BELTRAN > AVENIDA CORONEL NESTOR GAMBETTA > OVALO CANTOLAO > AVENIDA CORONEL NESTOR GAMBETTA > OVALO CENTENARIO > AVENIDA REPUBLICA DE ARGENTINA > PLAZA FANNING > AVENIDA REPUBLICA DE ARGENTINA > PLAZA GARIBALDI > AVENIDA 2 DE MAYO > CALLE MARCO POLO > AVENIDA ALMIRANTE MIGUEL GRAU > AVENIDA GUARDIA CHALACA > OVALO JUAN PABLO II > AVENIDA JUAN PABLO II > CALLE 30 > CALLE 7 > JIRON LA CONCORDIA > CALLE 2A > AVENIDA JUAN VELASCO ALVARADO > AVENIDA DE LOS INSURGENTES > CALLE JOSE GALVEZ > CALLE ANDALUCIA > AVENIDA EL PACIFICO > AVENIDA VICTOR RAUL HAYA DE LA TORRE,RUTA_UCL11_1456.pdf,
1457,UCL12,CONSORCIO DE TRANSPORTES ARIES S.A.,Ventanilla,La Perla,35.92,36.08,46,5,51,4.0,MICROBUS (M2),AVENIDA PRINCIPAL / CALLE 4,AVENIDA LA PAZ / CALLE ASCOPE,32,37,AVENIDA PRINCIPAL > AVENIDA C > AVENIDA PRINCIPAL B > AVENIDA B > AVENIDA A > AVENIDA PEDRO BELTRAN > AVENIDA CORONEL NESTOR GAMBETTA > PUENTE NESTOR GAMBETTA > AVENIDA CORONEL NESTOR GAMBETTA > OVALO CENTENARIO > AVENIDA REPUBLICA DE ARGENTINA > PLAZA FANNING > AVENIDA REPUBLICA DE ARGENTINA > PLAZA GARIBALDI > AVENIDA 2 DE MAYO > CALLE MARCO POLO > AVENIDA ALMIRANTE MIGUEL GRAU > AVENIDA GUARDIA CHALACA > OVALO JUAN PABLO II > AVENIDA JUAN PABLO II > CALLE 30 > CALLE 30A > CALLE 7 > JIRON LA CONCORDIA > CALLE 2A > AVENIDA JUAN VELASCO ALVARADO > AVENIDA DE LOS INSURGENTES > CALLE JOSE GALVEZ > CALLE ANDALUCIA > AVENIDA EL PACIFICO > AVENIDA VICTOR RAUL HAYA DE LA TORRES > AVENIDA LA PAZ,"AVENIDA LA PAZ > AVENIDA VICTOR RAUL HAYA DE LA TORRE > AVENIDA EL PACIFICO > CALLE ANDALUCIA > CALLE JOSE GALVEZ > AVENIDA DE LOS INSURGENTES > AVENIDA DE LOS INSURGENTES (VUELTA ""U"" ALT. CALLE MANCO II) > AVENIDA DE LOS INSURGENTES > AVENIDA JUAN VELASCO ALVARADO > CALLE 2A > JIRON LA CONCORDIA > CALLE 7 > CALLE 30A > CALLE 30 > AVENIDA JUAN PABLO II > OVALO JUAN PABLO II > AVENIDA GUARDIA CHALACA > AVENIDA ALMIRANTE MIGUEL GRAU > CALLE ALBERTO SECADA > CALLE MARCO POLO > AVENIDA 2 DE MAYO > PLAZA GARIBALDI > AVENIDA REPUBLICA DE ARGENTINA > PLAZA FANNING > AVENIDA REPUBLICA DE ARGENTINA > OVALO CENTENARIO > AVENIDA CORONEL NESTOR GAMBETTA > OVALO CANTOLAO > AVENIDA CORONEL NESTOR GAMBETTA > PUENTE NESTOR GAMBETTA > AVENIDA CORONEL NESTOR GAMBETTA > AVENIDA PEDRO BELTRAN > AVENIDA A > AVENIDA B > AVENIDA PRINCIPAL B > AVENIDA C > AVENIDA PRINCIPAL",RUTA_UCL12_1457.pdf,
1458,UCL13,EMPRESA DE TRANSPORTES ACOR S.A.C.,Ventanilla,Callao,34.29,33.74,49,5,54,5.0,MICROBUS (M2),AVENIDA 150 IZQUIERDA / AVENIDA SANTA ROSA,CALLE ALBERTO SECADA / CALLE MARCO POLO,26,27,"AVENIDA 150 IZQUIERDA > CALLE HUAYNA CAPAC > AVENIDA PROLONGACION 225 > AVENIDA 225 > OVALO LABARTHE > AVENIDA LOS TOPOGRAFOS > AVENIDA 200 > AVENIDA LOS QUIMICOS > CALLE 1 > AVENIDA CORONEL NESTOR GAMBETTA > AVENIDA CORONEL NESTOR GAMBETTA (VUELTA EN ""U"" ALT. CALLE LOS EUCALIPTOS) > AVENIDA CORONEL NESTOR GAMBETTA > AVENIDA VICTOR RAUL HAYA DE LA TORRE > AVENIDA CUZCO > AVENIDA REVOLUCION > CALLE PAVAYACU > AVENIDA CORONEL NESTOR GAMBETTA > PUENTE CORONEL NESTOR GAMBETTA > AVENIDA CORONEL NESTOR GAMBETTA > OVALO CENTENARIO > AVENIDA REPUBLICA DE ARGENTINA > PLAZA FANNING > AVENIDA REPUBLICA DE PANAMA > AVENIDA PACIFICO > AVENIDA ALMIRANTE MIGUEL GRAU > CALLE ALBERTO SECADA","CALLE MARCO POLO > AVENIDA 2 DE MAYO > PLAZA GARIBALDI > AVENIDA REPUBLICA DE ARGENTINA > PLAZA FANNING > AVENIDA REPUBLICA DE ARGENTINA > OVALO CENTENARIO > AVENIDA CORONEL NESTOR GAMBETTA > PUENTE CORONEL NESTOR GAMBETTA > AVENIDA CORONEL NESTOR GAMBETTA > OVALO CANTOLAO > AVENIDA CORONEL NESTOR GAMBETTA > AVENIDA VICTOR RAUL HAYA DE LA TORRE > AVENIDA CUZCO > AVENIDA AYACUCHO > AVENIDA TUMBES > AVENIDA CORONEL NESTOR GAMBETTA > CALLE 1 > AVENIDA LOS QUIMICOS > AVENIDA 200 > AVENIDA 200 (VUELTA EN ""U"" ALT. PASAJE EMAUS) > AVENIDA 200 > AVENIDA LOS TOPOGRAFOS > AVENIDA 225 > AVENIDA PROLONGACION 225 > CALLE HUAYNA CAPAC > AVENIDA 150 IZQUIERDA",RUTA_UCL13_1458.pdf,
1459,UCL14,MULTISERVICIOS E INVERSIONES MI DIVINO SAN SALVADOR S.A.C.,Ventanilla,Callao,34.11,33.73,52,6,58,4.0,MICROBUS (M2),AVENIDA 150 IZQUIERDA / AVENIDA SANTA ROSA,CALLE MARCO POLO / JIRON COLON,24,21,AVENIDA 150 IZQUIERDA > CALLE HUAYNA CAPAC > PROLONGACION AVENIDA 225 > OVALO LABARTE > AVENIDA LOS TOPOGRAFOS > AVENIDA 200 > AVENIDA LOS QUIMICOS > CALLE 1 > AVENIDA CORONEL NESTOR GAMBETTA > AVENIDA CORONEL NESTOR GAMBETTA (GIRO EN U ALTURA DE LA AVENIDA LOS AUCALIPTOS) > AVENIDA CORONEL NESTOR GAMBETTA > AVENIDA TUMBES > AVENIDA VICTOR RAUL HAYA DE LA TORRE > AVENIDA CUZCO > AVENIDA REVOLUCION > CALLE PAVAYACU > AVENIDA CORONEL NESTOR GAMBETTA > OVALO CENTENARIO > AVENIDA REPUBLICA DEARGENTINA > PLAZA FANNING > AVENIDA REPUBLICA DE PANAMA > AVENIDA ALMIRANTE MIGUEL GRAU > CALLE ALBERTO SECADA > CALLE MARCO POLO,CALLE MARCO POLO > AVENIDA 2 DE MAYO > PLAZA GARIBALDI > AVENIDA REPUBICA DE ARGENTINA > PLAZA FANNING > AVENIDA REPUBICA DE ARGENTINA > OVALO CENTENARIO > AVENIDA CORONEL NESTOR GAMBETTA > AVENIDA VICTOR RAUL HAYA DE LA TORRE > AVENIDA TACNA > AVENIDA AYACUCHO > AVENIDA TUMBES > AVENIDA CORONEL NESTOR GAMBETTA > CALLE 1 > AVENIDA LOS QUIMICOS > AVENIDA 200 > AVENIDA LOS TOPOGRAFOS > OVALO LABARTE > PROLONGACION AVENIDA 225 > CALLE HUAYNA CAPAC > AVENIDA 150 IZQUIERDA,RUTA_UCL14_1459.pdf,
1460,UCL16,MULTISERVICIOS E INVERSIONES MI DIVINO SAN SALVADOR S.A.C.,Ventanilla,Callao,32.49,32.45,45,5,50,4.0,MICROBUS (M2),AVENIDA 150 IZQUIERDA / AVENIDA 190,AVENIDA REPUBLICA DE ARGENTINA / JIRON EL SOL,24,25,AVENIDA 150 IZQUIERDA > CALLE HUAYNA CAPAC > AVENIDA 190 > AVENIDA CAMINOS DEL INCA IZQUIERDA > AVENIDA ACCESO A > AVENIDA PLAYA LOS DELFINES > AVENIDA PLAYA > OVALO VENTANILLA > AVENIDA CORONEL NESTOR GAMBETTA > PUENTE CHILLON > AVENIDA CORONEL NESTOR GAMBETTA > OVALO CANTOLAO > AVENIDA CORONEL NESTOR GAMBETTA > OVALO CANTOLAO > AVENIDA CORONEL NESTOR GAMBETTA > PUENTE NESTOR GAMBETTA > OVALO CENTENARIO > AVENIDA REPUBLICA DE ARGENTINA > PLAZA FANNING > AVENIDA REPUBLICA DE PANAMA > AVENIDA ALMIRANTE MIGUEL GRAU > AVENIDA BUENOS AIRES > AVENIDA GUARDIA CHALACA > OVALO LA PERLA,OVALO LA PERLA > AVENIDA GUARDIA CHALACA > AVENIDA BUENOS AIRES > AVENIDA ALMIRANTE MIGUEL GRAU > AVENIDA REPUBLICA DE PANAMA > PLAZA FANNING > AVENIDA REPUBLICA DE ARGENTINA > OVALO CENTENARIO > AVENIDA CORONEL NESTOR GAMBETTA > PUENTE NESTOR GAMBETTA > AVENIDA CORONEL NESTOR GAMBETTA > OVALO CANTOLAO > AVENIDA CORONEL NESTOR GAMBETTA > OVALO CANTOLAO > AVENIDA CORONEL NESTOR GAMBETTA > PUENTE CHILLON > AVENIDA CORONEL NESTOR GAMBETTA > OVALO VENTANILLA > AVENIDA PLAYA > AVENIDA PLAYA LOS DELFINES > AVENIDA ACCESO A > AVENIDA CAMINOS DEL INCA IZQUIERDA > AVENIDA 150 IZQUIERDA > CALLE 49 > AVENIDA 190,RUTA_UCL16_1460.pdf,
1461,1102,E.T. Y SERV. JUAN PABLO S.A. EMJUPASA,Carabayllo,Carabayllo,20.06,19.54,31,4,35,4.0,MICROBUS (M2),AVENIDA PERIURBANA / CALLE LOS COLIBRIES (OVALO GEORGE HARRISON),AVENIDA PERIURBANA / CALLE LOS COLIBRIES (OVALO GEORGE HARRISON),23,19,"AVENIDA PERIURBANA > OVALO JHON WINSTON LENNON > AVENIDA LOMAS DE CARABAYLLO > AVENIDA SAN MIGUEL > AVENIDA JUANA DE ARCO > JIRON ZAPALLAL > AVENIDA JUANA DE ARCO > CALLE LEONCIO PRADO > CARRETERA PANAMERICANA NORTE (VUELTA EN ""U"" ALT. CALLE GLORIA BAMBA) > AVENIDA BUENOS AIRES > CARRETERA PANAMERICANA NORTE > AVENIDA PUENTE PIEDRA > AVENIDA SAN JUAN DE DIOS > CALLE LUCHADORES DEL OVALO > AVENIDA JUAN LECAROS > AVENIDA SAN LORENZO LECA RIOS > AVENIDA PERIMETRICA > AVENIDA SAN LORENZO > AVENIDA VISTA ALEGRE > AVENIDA SANTA MARIA > AVENIDA LOMAS DE CARABAYLLO > OVALO JHON WINSTON LENNON > AVENIDA PERIURBANA",AVENIDA PERIURBANA > OVALO JHON WINSTON LENNON > AVENIDA LOMAS DE CARABAYLLO > AVENIDA SANTA MARIA > AVENIDA VISTA ALEGRE > AVENIDA SAN LORENZO > AVENIDA PERIMETRICA > AVENIDA SAN LORENZO LECA RIOS > AVENIDA LECAROS > AVENIDA PUENTE PIEDRA > CARRETERA PANAMERICANA NORTE > CALLE LEONCIO PRADO > AVENIDA JUANA DE ARCO > JIRON ZAPALLAL > AVENIDA JUANA DE ARCO > AVENIDA SAN MIGUEL > AVENIDA LOMAS DE CARABAYLLO > OVALO JHON WINSTON LENNON > AVENIDA PERIURBANA,RUTA_1102_1461.pdf,
1462,1103,EMPRESA HUANDOY S.A.,Carabayllo,Carabayllo,72.92,72.49,98,10,108,5.0,MINIBUS (M2-M3),AVENIDA TUPAC AMARU (KM 23.9) / AVENIDA UNIVERSITARIA,AVENIDA TUPAC AMARU (KM 23.9) / AVENIDA UNIVERSITARIA,57,55,AVENIDA TUPAC AMARU > AVENIDA ISABEL CHIMPU OCLLO > AVENIDA CHILLON TRAPICHE > CARRETERA PANAMERICANA NORTE > AVENIDA UNIVERSITARIA > PUENTE BELLA UNION > OVALO BELLA UNION > AVENIDA UNIVERSITARIA > VIA AUXILIAR AVENIDA OSCAR RAIMUNDO BENAVIDES > AVENIDA OSCAR RAIMUNDO BENAVIDES > AVENIDA AURELIO GARCIA Y GARCIA > AVENIDA REPUBLICA DE VENEZUELA > AVENIDA UNIVERSITARIA > AVENIDA LIMA > JIRON SAN MARTIN > AVENIDA LIMA > JIRON BOLOGNESI > AVENIDA ANTONIO JOSE DE SUCRE > JIRON DIEGO FERRE > AVENIDA DEL EJERCITO > AVENIDA GENERAL SALAVERRY > AVENIDA 28 DE JULIO > AVENIDA JOSE GALVEZ > AVENIDA JAIME BAUZATE Y MEZA > AVENIDA MANCO CAPAC > PUENTE ABANCAY > AVENIDA ABANCAY > PUENTE RICARDO PALMA > AVENIDA ABANCAY > AVENIDA 9 DE OCTUBRE > JIRON MARAÑON > JIRON CASTAÑETA > CALLE HUASCAR > CALLE ALMAGRO EL JOVEN > JIRON MADERA > ALAMEDA DE LOS DESCALZOS > ALAMEDA DE LOS BOBOS > AVENIDA SAMUEL ALCAZAR > AVENIDA MORRO DE ARICA > AVENIDA FRANCISCO PIZARRO > AVENIDA TUPAC AMARU > AVENIDA HONORIO DELGADO > CALLE ELOY ESPINOZA S. > AVENIDA JUAN VICENTE NICOLINI > JIRON ALHELI > AVENIDA FRAY BARTOLOME DE LAS CASAS > AVENIDA MARCO POLO > AVENIDA TOMAS VALLE > OVALO TOMAS VALLE > AVENIDA ALFREDO MENDIOLA > OVALO ANGELICA GAMARRA > AVENIDA ALFREDO MENDIOLA > AVENIDA PANAMERICANA NORTE > AVENIDA ALFREDO MENDIOLA > OVALO IZAGUIRRE > AVENIDA CARLOS ALBERTO IZAGUIRRE > AVENIDA TUPAC AMARU,AVENIDA TUPAC AMARU > AVENIDA CARLOS ALBERTO IZAGUIRRE > OVALO IZAGUIRRE > AVENIDA ALFREDO MENDIOLA > CARRETERA PANAMERICANA NORTE > AVENIDA ALFREDO MENDIOLA > OVALO ANGELICA GAMARRA > AVENIDA ALFREDO MENDIOLA > OVALO TOMAS VALLE > AVENIDA TOMAS VALLE > AVENIDA MARCO POLO > AVENIDA FRAY BARTOLOME DE LAS CASAS > JIRON ALHELI > AVENIDA JUAN VICENTE NICOLINI > CALLE ELOY ESPINOZA S. > CALLE MANUEL VILLAR > CALLE MICHAEL FORT > AVENIDA EDUARDO DE HABICH > AVENIDA TUPAC AMARU > AVENIDA FRANCISCO PIZARRO > AVENIDA MORRO DE ARICA > AVENIDA SAMUEL ALCAZAR > ALAMEDA DE LOS BOBOS > JIRON TRUJILLO > JIRON YUTAY > JIRON CHICLAYO > JIRON LORETO > AVENIDA 9 DE OCTUBRE > AVENIDA ABANCAY > PUENTE RICARDO PALMA > AVENIDA ABANCAY > PUENTE ABANCAY > AVENIDA MANCO CAPAC > AVENIDA 28 DE JULIO > PLAZA JORGE CHAVEZ > AVENIDA GENERAL SALAVERRY > AVENIDA DEL EJERCITO > JIRON DIEGO FERRE > AVENIDA ANTONIO JOSE DE SUCRE > JIRON GRAU > JIRON TACNA > JIRON INDEPENDENCIA > CALLE DIEGO QUISPE TITO > AVENIDA UNIVERSITARIA > AVENIDA CARLOS GERMAN AMEZAGA > AVENIDA RAMON HERRERA > AVENIDA UNIVERSITARIA > OVALO BELLA UNION > PUENTE BELLA UNION > AVENIDA UNIVERSITARIA > INTERCAMBIO VIAL NORTE > CARRETERA PANAMERICANA NORTE > AVENIDA CHILLON TRAPICHE > AVENIDA ISABEL CHIMPU OCLLO > AVENIDA TUPAC AMARU,RUTA_1103_1462.pdf,
1463,8502,E.T.S. SAN JUAN NUMERO CIENTO OCHO S.A.,Villa Maria Del Triunfo,Cercado De Lima,23.06,22.94,37,4,41,6.0,MINIBUS (M2-M3),PROLONGACION AVENIDA JOSE CARLOS MARIATEGUI / PASAJE S/N (CERRO VERDE),AVENIDA 9 DE DICIEMBRE / AVENIDA GUZMAN BLANCO (PLAZA FRANCISCO BOLOGNESI),32,29,PROLONGACION AVENIDA JOSE CARLOS MARIATEGUI (CERRO VERDE) > CALLE 11 > CALLE 10 > PROLONGACION AVENIDA JOSE CARLOS MARIATEGUI > CALLE ANDRES AVELINO CACERES > AVENIDA SIMON BOLIVAR > CALLE JOSE ANTONIO DE SUCRE > CALLE LEONCIO PRADO > AVENIDA PROGRESO > CALLE LOS PINOS > CALLE AMAZONAS > JIRON LOS LAURELES > CALLE AREQUIPA > CALLE JOSE MARIA ARGUEDAS > AVENIDA LATINOAMERICA > AVENIDA PRIMAVERA > CALLE INTI RAYMI > CALLE JULIO CESAR TELLO > AVENIDA DEFENSORES DE LIMA > AVENIDA AGUSTIN ROSA LOZANO > CALLE CRISTOBAL DE PERALTA SUR > CARRETERA PANAMERICANA SUR > PUENTE PRIMAVERA > CARRETERA PANAMERICANA SUR > INTERCAMBIO VIAL SUR > AVENIDA CIRCUNVALACION > INTERCAMBIO VIAL EL PINO > AVENIDA NICOLAS DE AYLLON > AVENIDA ALM. MIGUEL GRAU > VIA EXPRESA ALM. MIGUEL GRAU > PLAZA ALMIRANTE MIGUEL GRAU > AVENIDA 9 DE DICIEMBRE,AVENIDA 9 DE DICIEMBRE > PLAZA ALMIRANTE MIGUEL GRAU > VIA EXPRESA ALM. MIGUEL GRAU > AVENIDA ALMIRANTE MIGUEL GRAU > JIRON ALTO DE LA ALIANZA > JIRON GARCIA NARANJO > AVENIDA NICOLAS DE AYLLON > AVENIDA CIRCUNVALACION > INTERCAMBIO VIAL EL PINO > AVENIDA CIRCUNVALACION > INTERCAMBIO VIAL SUR > CARRETERA PANAMERICANA SUR > PUENTE PRIMAVERA > CARRETERA PANAMERICANA SUR > TUNEL BENAVIDES > AVENIDA AGUSTIN ROSA LOZANO > AVENIDA DEFENSORES DE LIMA > AVENIDA JOSE CARLOS MARIATEGUI > AVENIDA LATINOAMERICA > JIRON JOSE MARIA ARGUEDAS > JIRON AREQUIPA > CALLE LAS MAGNOLIAS > AVENIDA PROGRESO > AVENIDA LEONCIO PRADO > AVENIDA JOSE CARLOS MARIATEGUI > PROLONGACION AVENIDA JOSE CARLOS MAREATEGUI > CALLE 8 > CALLE 11 > PROLONGACION AVENIDA JOSE CARLOS MARIATEGUI (CERRO VERDE),RUTA_8502_1463.pdf,
1464,8503,RED LIMA MOVIL S.A.,Villa Maria Del Triunfo,Cercado De Lima,40.02,40.01,70,7,77,4.0,MINIBUS (M2-M3),AVENIDA FERROCARRIL / JIRON AREQUIPA,AVENIDA REPUBLICA DE ARGENTINA /AVENIDA NICOLAS DUEÑAS,38,40,AVENIDA FERROCARRIL > AVENIDA LIMA > OVALO JOSE GALVEZ > AVENIDA LIMA > OVALO MARIA REICHE > AVENIDA MARIA REICHE > AVENIDA SEPARADORA INDUSTRIAL > OVALO CHAMA > AVENIDA JOSE CARLOS MARIATEGUI > AVENIDA MARIANO PASTOR SEVILLA > OVALO COCHARCAS > AVENIDA MATEO PUMACAHUA > ACCESO PANAMERICANA SUR > CARRETERA PANAMERICANA SUR > PUENTE ALIPIO PONCE > CARRETERA PANAMERICANA SUR > INTERCAMBIO VIAL ATOCONGO > CARRETERA PANAMERICANA SUR > INTERCAMBIO VIAL BENAVIDES > CARRETERA PANAMERICANA SUR > PUENTE PRIMAVERA > CARRETERA PANAMERICANA SUR > AVENIDA CIRCUNVALACION > INTERCAMBIO VIAL SUR > AVENIDA CIRCUNVALACION > INTERCAMBIO VIAL NICOLAS AYLLON > AVENIDA CIRCUNVALACION > AVENIDA NICOLAS DE AYLLON > AVENIDA ALMIRANTE MIGUEL GRAU > VIA EXPRESA ALMIRANTE MIGUEL GRAU > PLAZA MIGUEL GRAU > AVENIDA 9 DE DICIEMBRE > OVALO FRANCISCO BOLOGNESI > AVENIDA ALFONSO UGARTE > PLAZA 2 DE MAYO > AVENIDA ALFONSO UGARTE > PLAZA RAMON CASTILLA > AVENIDA REPUBLICA DE ARGENTINA,AVENIDA REPUBLICA DE ARGENTINA > PLAZA RAMON CASTILLA > AVENIDA ALFONSO UGARTE > PLAZA 2 DE MAYO > AVENIDA ALFONSO UGARTE > OVALO FRANCISCO BOLOGNESI > AVENIDA 9 DE DICIEMBRE > PLAZA MIGUEL GRAU > VIA EXPRESA ALMIRANTE MIGUEL GRAU > AVENIDA ALMIRANTE MIGUEL GRAU > JIRON ALTO DE LA ALIANZA > AVENIDA NICOLAS DE AYLLON > AVENIDA CIRCUNVALACION > INTERCAMBIO VIAL NICOLAS AYLLON > AVENIDA CIRCUNVALACION > INTERCAMBIO VIAL SUR > AVENIDA CIRCUNVALACION > CARRETERA PANAMERICANA SUR > PUENTE PRIMAVERA > CARRETERA PANAMERICANA SUR > INTERCAMBIO VIAL BENAVIDES > CARRETERA PANAMERICANA SUR > INTERCAMBIO VIAL ATOCONGO > CARRETERA PANAMERICANA SUR > PUENTE ALIPIO PONCE > CARRETERA PANAMERICANA SUR > ACCESO AVENIDA MATEO PUMACAHUA > AVENIDA MATEO PUMACAHUA > OVALO COCHARCAS > AVENIDA MARIANO PASTOR SEVILLA > AVENIDA JOSE CARLOS MARIATEGUI > AVENIDA SEPARADORA INDUSTRIAL > OVALO CHAMA > AVENIDA SEPARADORA INDUSTRIAL > AVENIDA MARIA REICHE > OVALO MARIA REICHE > AVENIDA LIMA > OVALO JOSE GALVEZ > AVENIDA LIMA > AVENIDA FERROCARRIL,RUTA_8503_1464.pdf,
1465,8505,EMPRESA DE TRANSPORTES Y SERVICIOS GUADULFO SILVA CARBAJAL S.A,Pachacamac,Breña,42.95,43.25,37,4,41,7.0,MINIBUS (M2-M3),AVENIDA SAN MIGUEL / JIRON LIMA,JIRON JORGE CHAVEZ / AVENIDA ARICA,36,39,AVENIDA SAN MIGUEL > AVENIDA EL DESCANSO > CALLE ESTADIO > CALLE COLONIAL > JIRON PARAISO > AVENIDA COLONIAL > JIRON SUSPIROS > JIRON COMERCIO > AVENIDA MANUEL VALLE > ROTONDA MANUEL VALLE - LURIN > ANTIGUA PANAMERICANA SUR > PUENTE LURIN > ANTIGUA PANAMERICANA SUR > ACCESO A CARRETERA PANAMERICANA SUR > CARRETERA PANAMERICANA SUR > INTERCAMBIO VIAL PUENTE ALIPIO PONCE > CARRETERA PANAMERICANA SUR > PUENTE PRIMAVERA > CARRETERA PANAMERICANA SUR > AVENIDA CIRCUNVALACION > INTERCAMBIO VIAL SUR > AVENIDA CIRCUNVALACION > INTERCAMBIO VIAL NICOLAS ARRIOLA > AVENIDA CIRCUNVALACION > AVENIDA NICOLAS DE AYLLON > AVENIDA NICOLAS DE AYLLON (VUELTA EN U ALT AV. JOSE DE LA RIVA AGÜERO > AVENIDA NICOLAS DE AYLLON > AVENIDA 28 DE JULIO > PUENTE 28 DE JULIO > AVENIDA 28 DE JULIO > PLAZA JORGE CHAVEZ > AVENIDA GUZMAN BLANCO > OVALO FRANCISCO BOLOGNESI > AVENIDA ARICA > AVENIDA BOLIVIA > JIRON JORGE CHAVEZ,AVENIDA ARICA > OVALO FRANCISCO BOLOGNESI > AVENIDA GUZMAN BLANCO > PLAZA JORGE CHAVEZ > AVENIDA 28 DE JULIO > PUENTE 28 DE JULIO > AVENIDA 28 DE JULIO > AVENIDA JOSE GALVEZ > AVENIDA JAIME BAUSATE Y MEZA > JIRON PARANICOCHAS > AVENIDA ALMIRANTE MIGUEL GRAU > JIRON ALTO ALIANZA > AVENIDA GARCIA NARANJO > AVENIDA NICOLAS DE AYLLON > AVENIDA CIRCUNVALACION > INTERCAMBIO VIAL NICOLAS ARRIOLA > AVENIDA CIRCUNVALACION > INTERCAMBIO VIAL SUR > AVENIDA CIRCUNVALACION > CARRETERA PANAMERICANA SUR > PUENTE PRIMAVERA > CARRETERA PANAMERICANA SUR > INTERCAMBIO VIAL PUENTE ALIPIO PONCE > CARRETERA PANAMERICANA SUR > INTERCAMBIO VIAL ANTIGUA PANAMERICANA SUR > PUENTE CONCHAN > ANTIGUA PANAMERICANA SUR > PUENTE LURIN > ANTIGUA PANAMERICANA SUR > ROTONDA MANUEL VALLE - LURIN > AVENIDA MANUEL VALLE > JIRON MIGUEL GRAU > JIRON SUSPIROS > AVENIDA COLONIAL > JIRON PARAISO > CALLE COLONIAL > CALLE ESTADIO > AVENIDA EL DESCANSO > AVENIDA SAN MIGUEL,RUTA_8505_1465.pdf,
1466,8506,E.S.E.T. SAN JUDAS TADEO S.A.,Pachacamac,Cercado De Lima,32.55,33.08,45,5,50,6.0,MINIBUS (M2-M3),AVENIDA LAS PALMAS / AVENIDA PABLO PAULET,AVENIDA 9 DE DICIEMBRE / AVENIDA ALFONSO UGARTE (PLAZA FRANCISCO BOLOGNESI),21,22,AVENIDA LAS PALMAS > AVENIDA ZARUMILLA > AVENIDA LIMA > AVENIDA ATOCONGO > AVENIDA 26 DE NOVIEMBRE > AVENIDA PACHACUTEC > AVENIDA LOS HEROES > ACCESO PANAMERICANA SUR > CARRETERA PANAMERICANA SUR > PUENTE PRIMAVERA > CARRETERA PANAMERICANA SUR > AVENIDA CIRCUNVALACION > INTERCAMBIO VIAL SUR > AVENIDA CIRCUNVALACION > INTERCAMBIO VIAL EL PINO > AVENIDA CIRCUNVALACION > AVENIDA NICOLAS DE AYLLON > AVENIDA ALMIRANTE MIGUEL GRAU > VIA EXPRESA ALMIRANTE MIGUEL GRAU > PLAZA MIGUEL GRAU > AVENIDA 9 DE DICIEMBRE,AVENIDA 9 DE DICIEMBRE > PLAZA MIGUEL GRAU > VIA EXPRESA ALMIRANTE MIGUEL GRAU > AVENIDA ALMIRANTE MIGUEL GRAU > AVENIDA ALTO DEL ALIANZA > AVENIDA NICOLAS DE AYLLON > AVENIDA CIRCUNVALACION > INTERCAMBIO VIAL EL PINO > AVENIDA CIRCUNVALACION > INTERCAMBIO VIAL SUR > AVENIDA CIRCUNVALACION > CARRETERA PANAMERICANA SUR > PUENTE PRIMAVERA > CARRETERA PANAMERICANA SUR > INTERCAMBIO VIAL PUENTE ATONCONGO > AVENIDA LOS HEROES > AVENIDA PACHACUTEC > AVENIDA 26 DE NOVIEMBRE > AVENIDA ATOCONGO > AVENIDA LIMA > AVENIDA ZARUMILLA > AVENIDA LAS PALMAS,RUTA_8506_1466.pdf,
1467,8508,ROYAL EXPRESS S.A.,Pucusana,Cercado De Lima,76.81,76.58,59,6,65,7.0,MINIBUS (M2-M3),AVENIDA LIMA / CALLE MIGUEL GRAU,JIRON ASCOPE / PASAJE GOULD,34,39,AVENIDA LIMA > INTERCAMBIO VIAL PUENTE PUCUSANA > CARRETERA PANAMERICANA SUR > ACCESO ANTIGUA PANAMERICANA SUR > ANTIGUA PANAMERICANA SUR > ROTONDA MANUEL VALLE > ANTIGUA PANAMERICANA SUR > PUENTE LURIN > ANTIGUA PANAMERICANA SUR > ACCESO CARRETERA PANAMERICANA SUR > CARRETERA PANAMERICANA SUR > PUENTE ALIPO PONCE > CARRETERA PANAMERICANA SUR > PUENTE PRIMAVERA > CARRETERA PANAMERICANA SUR > AVENIDA CIRCUNVALACION > INTERCAMBIO VIAL EL PINO > AVENIDA CIRCUNVALACION > AVENIDA NICOLAS DE AYLLON > AVENIDA MEXICO > JIRON PROLONGACION ANDAHUAYLAS > AVENIDA 28 DE JULIO > PLAZA JORGE CHAVEZ > AVENIDA GUZMAN BLANCO > PLAZA FRANCISCO BOLOGNESI > AVENIDA ARICA > JIRON AGUARICO > AVENIDA REPUBLICA DE VENEZUELA > AVENIDA PROLONGACION ARICA > AVENIDA TINGO MARIA > JIRON ZORRITOS > JIRON MOLINO DEL GATO > JIRON CORNELIO BORDA > JIRON ASCOPE,JIRON ASCOPE > JIRON CORONEL MIGUEL BAQUERO > JIRON ZORRITOS > AVENIDA TINGO MARIA > PUENTE TINGO MARIA > AVENIDA ARICA > PLAZA FRANCISCO BOLOGNESI > AVENIDA GUZMAN BLANCO > PLAZA JORGE CHAVEZ > AVENIDA 28 DE JULIO > AVENIDA JOSE GALVEZ > AVENIDA JAIME BAUSATE Y MEZA > JIRON JAVIER LUNA PIZARRO > AVENIDA MEXICO > AVENIDA NICOLAS DE AYLLON > AVENIDA CIRCUNVALACION > INTERCAMBIO VIAL EL PINO > AVENIDA CIRCUNVALACION > CARRETERA PANAMERICANA SUR > PUENTE PRIMAVERA > CARRETERA PANAMERICANA SUR > PUENTE ALIPO PONCE > CARRETERA PANAMERICANA SUR > ACCESO PUENTE CONCHAN > PUENTE CONCHAN > ANTIGUA PANAMERICANA SUR > PUENTE LURIN > ANTIGUA PANAMERICANA SUR > ROTONDA MANUEL VALLE > ANTIGUA PANAMERICANA SUR > PUENTE ARICA > ACCESO CARRETERA PANAMERICANA SUR > CARRETERA PANAMERICANA SUR > ACCESO AVENIDA LIMA > AVENIDA LIMA > CALLE MANCO CAPAC > CALLE ALFONSO UGARTE > CALLE MANCO CAPAC > CALLE MIGUEL GRAU,RUTA_8508_1467.pdf,
1468,1804,EMPRESA DE TRANSPORTES Y SERVICIOS VIRGEN DE LA PUERTA S.A.,Ancon,San Juan De Miraflores,59.52,59.78,80,8,88,6.0,OMNIBUS (M3),AV. LA FLORIDA / CALLE LAS PALMERAS,AV. LOS HEROES / AV. MIGUEL IGLESIAS,53,51,AVENIDA LA FLORIDA > CALLE LA FLORIDA > CALLE MIGUEL GRAU > CALLE PROLONGACION MIRAMAR > CALLE LAS COLINAS > CALLE LOA > CALLE ANCASH > CALLE BOYACA > CALLE MERIDA E > CALLE GUAQUI > CALLE ANCASH > AVENIDA CENTRAL SANTA ROSA > AVENIDA ALEJANDRO BERTELLO > CARRETERA PANAMERICANA NORTE > AVENIDA PUENTE PIEDRA > CARRETERA PANAMERICANA NORTE > PUENTE RIO CHILLON > CARRETERA PANAMERICANA NORTE > INTERCAMBIO VIAL NORTE > CARRETERA PANAMERICANA NORTE > AVENIDA ALFREDO MENDIOLA > OVALO IZAGUIRRE > AVENIDA ALFREDO MENDIOLA > CARRETERA PANAMERICANA NORTE > AVENIDA ALFREDO MENDIOLA > OVALO ANGELICA GAMARRA > AVENIDA ALFREDO MENDIOLA > OVALO TOMAS VALLE > AVENIDA ALFREDO MENDIOLA > CARRETERA PANAMERICANA NORTE > AVENIDA ALFREDO MENDIOLA > OVALO HABICH > AVENIDA ALFREDO MENDIOLA > CARRETERA PANAMERICANA NORTE > PUENTE TROMPETA > CARRETERA PANAMERICANA NORTE > VIA DE EVITAMIENTO > INTERCAMBIO VIAL PUENTE HUANUCO > AVENIDA 9 DE OCTUBRE > PUENTE RICARDO PALMA > AVENIDA ABANCAY > PUENTE ABANCAY > AVENIDA MANCO CAPAC > JIRON ITALIA > JIRON JAVIER LUNA PIZARRO > AVENIDA MEXICO > AVENIDA AVIACION > OVALO DE ARRIOLA > AVENIDA AVIACION > OVALO LOS CABITOS > AVENIDA SANTIAGO DE SURCO > PUENTE ATOCONGO > AVENIDA LOS HEROES,AVENIDA LOS HEROES > PUENTE ATOCONGO > AVENIDA SANTIAGO DE SURCO > OVALO LOS CABITOS > AVENIDA AVIACION > OVALO DE ARRIOLA > AVENIDA AVIACION > AVENIDA MEXICO > AVENIDA MANCO CAPAC > PUENTE ABANCAY > AVENIDA ABANCAY > JIRON AMAZONAS > JIRON HUANUCO > PUENTE HUANUCO > INTERCAMBIO VIAL PUENTE HUANUCO > VIA DE EVITAMIENTO > CARRETERA PANAMERICANA NORTE > PUENTE TROMPETA > CARRETERA PANAMERICANA NORTE > AVENIDA ALFREDO MENDIOLA > OVALO HABICH > AVENIDA ALFREDO MENDIOLA > CARRETERA PANAMERICANA NORTE > AVENIDA ALFREDO MENDIOLA > OVALO TOMAS VALLE > AVENIDA ALFREDO MENDIOLA > OVALO ANGELICA GAMARRA > AVENIDA ALFREDO MENDIOLA > CARRETERA PANAMERICANA NORTE > AVENIDA ALFREDO MENDIOLA > OVALO IZAGUIRRE > AVENIDA ALFREDO MENDIOLA > CARRETERA PANAMERICANA NORTE > INTERCAMBIO VIAL NORTE > CARRETERA PANAMERICANA NORTE > PUENTE RIO CHILLON > CARRETERA PANAMERICANA NORTE > AVENIDA PUENTE PIEDRA > CARRETERA PANAMERICANA NORTE > AVENIDA ALEJANDRO BERTELLO > AVENIDA CENTRAL SANTA ROSA > CALLE ANCASH > CALLE GUAQUI > CALLE MERIDA E > CALLE EL ROSARIO > CALLE ANCASH > CALLE LOA > CALLE LAS COLINAS > CALLE RIMAC > CALLE LA FLORIDA > AVENIDA LA FLORIDA,RUTA_1804_1468.pdf,
1469,2305,EMPRESA VIRGEN DE FATIMA S.A.,San Martin De Porres,San Juan De Lurigancho,27.23,27.03,54,6,60,5.0,OMNIBUS (M3),AVENIDA JOSEFINA / AVENIDA LAS TORRES (CHUQUITANTA),AVENIDA LOS JARDINES ESTE / AVENIDA 12 DE FEBRERO,29,25,AVENIDA JOSEFINA > AVENIDA SANTA MARIA > AVENIDA SAN DIEGO DE ALCALA > AVENIDA VIRGEN DEL CARMEN > AVENIDA CANTA CALLAO > AVENIDA 2 DE OCTUBRE > AVENIDA LOS PROCERES DE HUANDOY > AVENIDA NARANJAL > AVENIDA LAS PALMERAS > AVENIDA CARLOS ALBERTO IZAGUIRRE > OVALO IZAGUIRRE > AVENIDA CARLOS ALBERTO IZAGUIRRE > AVENIDA TUPAC AMARU > AVENIDA FRANCISCO PIZARRO > JIRON DIEGO CORDOVA DE SALINAS > JIRON VIRU > JIRON CHICLAYO > JIRON LORETO > AVENIDA 9 DE OCTUBRE > OVALO DE ZARATE > AVENIDA MALECON MIGUEL CHECA EGUIGUREN > AVENIDA GRAN CHIMU > JIRON CHINCHAYSUYO > CALLE SAN AURELIO > AVENIDA LURIGANCHO > AVENIDA 13 DE ENERO > AVENIDA LOS TUSILAGOS ESTE > AVENIDA SANTA ROSA DE LIMA > AVENIDA LOS JARDINES ESTE,AVENIDA LOS JARDINES ESTE > AVENIDA SANTA ROSA DE LIMA > AVENIDA LOS TUSILAGOS ESTE > AVENIDA 13 DE ENERO > AVENIDA LURIGANCHO > AVENIDA PIRAMIDE DEL SOL > AVENIDA MALECON MIGUEL CHECA EGUIGUREN > OVALO DE ZARATE > AVENIDA 9 DE OCTUBRE > JIRON MARAÑON > JIRON PAITA > AVENIDA FRANCISCO PIZARRO > AVENIDA TUPAC AMARU > AVENIDA CARLOS ALBERTO IZAGUIRRE > OVALO IZAGUIRRE > AVENIDA CARLOS ALBERTO IZAGUIRRE > AVENIDA LAS PALMERAS > AVENIDA NARANJAL > AVENIDO LOS PROCERES DE HUANDOY > AVENIDA 2 DE OCTUBRE > AVENIDA CANTA CALLAO > AVENIDA VIRGEN DEL CARMEN > AVENIDA SAN DIEGO DE ALCALA > AVENIDA SANTA MARIA > AVENIDA JOSEFINA,RUTA_2305_1188.pdf,"La ficha dice «RUTA 1188»; en la sección 14, 2305 es la 1469 | Archivo mal nombrado: RUTA_2305_1188.pdf"
1470,2702,EMPRESA DE TRANSPORTE Y SERVICIO MULTIPLE RUMI SOCIEDAD ANONIMA-ETSM RUMI S.A.,Chorrillos,San Martin De Porres,40.04,40.19,39,4,43,7.0,MINIBUS (M2-M3),CALLE CAPRICORNIO / CALLE D,AVENIDA SANTA ROSA / AVENIDA LOS DOMINICOS,51,51,CALLE CAPRICORNIO > CALLE LA CHIRA > CALLE HUANUCO > AVENIDA PRINCIPAL > AVENIDA VIA CENTRAL > AVENIDA EL SOL > AVENIDA PROLONGACION ARIOSTO MATELLINI > AVENIDA ARIOSTO MATELLINI > AVENIDA EL SOL > JIRON ANDROMEDA > CALLE EL UNIVERSO > CALLE LOS ASTEROIDES > JIRON LAS GAVIOTAS > JIRON VISTA ALEGRE > AVENIDA GUARDIA CIVIL SUR > AVENIDA LOS PROCERES > AVENIDA CAMINOS DEL INCA > AVENIDA SAN LUIS > AVENIDA SAN JUAN > OVALO DE ARRIOLA > AVENIDA AVIACION > AVENIDA MEXICO > AVENIDA PROLONGACION PARINACOCHAS > JIRON PARINACOCHAS > AVENIDA GARCIA NARANJO > JIRON PROLONGACION CANGALLO > PUENTE CANGALLO > JIRON CANGALLO > JIRON SANTA ROSA > JIRON HUANUCO > PUENTE HUANUCO > INTERCAMBIO VIAL PUENTE HUANUCO > AVENIDA 9 DE OCTUBRE > JIRON MARAÑON > JIRON CASTAÑETA > JIRON CAJAMARCA > AVENIDA FRANCISCO PIZARRO > AVENIDA TUPAC AMARU > AVENIDA TUPAC AMARU (VUELTA EN U ALT. AVENIDA HONORIO DELGADO) > AVENIDA TUPAC AMARU > AVENIDA EDUARDO DE HABICH > OVALO HABICH > AVENIDA ALFREDO MENDIOLA > CARRETERA PANAMERICANA NORTE > OVALO TOMAS VALLE > AVENIDA ALFREDO MENDIOLA > OVALO GAMARRA > AVENIDA ANGELICA GAMARRA > AVENIDA 12 DE OCTUBRE > AVENIDA CARLOS IZAGUIRRE > AVENIDA SANTA ROSA,AVENIDA SANTA ROSA > AVENIDA CARLOS ALBERTO IZAGUIRRE > AVENIDA 12 DE OCTUBRE > AVENIDA ANGELICA GAMARRA > OVALO GAMARRA > AVENIDA ALFREDO MENDIOLA > OVALO TOMAS VALLE > CARRETERA PANAMERICANA NORTE > AVENIDA ALFREDO MENDIOLA > OVALO DE HABICH > AVENIDA EDUARDO DE HABICH > AVENIDA TUPAC AMARU > AVENIDA FRANCISCO PIZARRO > JIRON DIEGO CORDOVA DE SALINAS > AVENIDA LOS PROCERES > JIRON VIRU > JIRON LIBERTAD > JIRON PATAZ > JIRON LORETO > AVENIDA 9 DE OCTUBRE > INTERCAMBIO VIAL PUENTE HUANUCO > PUENTE HUANUCO > JIRON AMAZONAS > JIRON HUANTA > PUENTE NICOLAS DE PIEROLA > AUXILIAR AVENIDA ALMIRANTE MIGUEL GRAU > JIRON MENDOZA MERINO > AVENIDA JAIME BAUSATE Y MEZA > AVENIDA PROLONGACION PARINACOCHAS > AVENIDA MEXICO > AVENIDA AVIACION > OVALO DE ARRIOLA > AVENIDA SAN JUAN > AVENIDA SAN LUIS > AVENIDA CAMINOS DEL INCA > AVENIDA LOS PROCERES > JIRON GUARDIA CIVIL NORTE > JIRON VISTA ALEGRE > JIRON LAS GAVIOTAS > CALLE LOS ASTEROIDES > CALLE EL UNIVERSO > JIRON ANDROMEDA > AVENIDA EL SOL > AVENIDA ARIOSTO MATELLINI > AVENIDA PROLONGACION ARIOSTO MATELLINI > AVENIDA EL SOL > AVENIDA VIA CENTRAL > AVENIDA PRINCIPAL > CALLE HUANUCO > CALLE LA CHIRA > CALLE CAPRICORNIO,RUTA_2702_1470.pdf,
1471,2804,LINEA PERUANA DE TRANSPORTES S.A. LIPETSA.,San Martin De Porres,Villa El Salvador,50.25,49.8,81,9,90,4.0,OMNIBUS (M3),AVENIDA LOS ALISOS / AVENIDA VICTOR RAUL HAYA DE LA TORRE,AVENIDA JUAN VELASCO ALVARADO / CALLE 4,32,32,AVENIDA LOS ALISOS > AVENIDA CANTA CALLAO > AVENIDA LOS OLIVOS > AVENIDA UNIVERSITARIA > OVALO JOSE GRANDA > AVENIDA JOSE GRANDA > OVALO HABICH > AVENIDA ALFREDO MENDIOLA > CARRETERA PANAMERICANA NORTE > INTERCAMBIO VIAL CAQUETA > VIA DE EVITAMIENTO > PUENTE NUEVO > VIA DE EVITAMIENTO > PUENTE HUASCAR > VIA DE EVITAMIENTO > PUENTE SANTA ANITA > VIA DE EVITAMIENTO > INTERCAMBIO VIAL SUR > CARRETERA PANAMERICANA SUR > PUENTE PRIMAVERA > CARRETERA PANAMERICANA SUR > INTERCAMBIO VIAL PUENTE ATOCONGO > AVENIDA LOS HEROES > AVENIDA MIGUEL IGLESIAS > AVENIDA MICAELA BASTIDAS > AVENIDA PRIMERO DE MAYO > AVENIDA ANTIGUA PANAMERICANA SUR > OVALO MENSAJERA DE LA PAZ > AVENIDA ANTIGUA PANAMERICANA SUR > AVENIDA EL SOL > AVENIDA MARIA ELENA MOYANO > AVENIDA JUAN VELASCO ALVARADO,AVENIDA JUAN VELASCO ALVARADO > AVENIDA MARIA ELENA MOYANO > AVENIDA EL SOL > AVENIDA ANTIGUA PANAMERICANA SUR > OVALO MENSAJERA DE LA PAZ > AVENIDA ANTIGUA PANAMERICANA SUR > AVENIDA PRIMERO DE MAYO > AVENIDA MICAELA BASTIDAS > AVENIDA MIGUEL IGLESIAS > AVENIDA LOS HEROES > INTERCAMBIO VIAL PUENTE ATOCONGO > CARRETERA PANAMERICANA SUR > PUENTE PRIMAVERA > CARRETERA PANAMERICANA SUR > INTERCAMBIO VIAL SUR > VIA DE EVITAMIENTO > PUENTE SANTA ANITA > VIA DE EVITAMIENTO > PUENTE HUASCAR > VIA DE EVITAMIENTO > PUENTE NUEVO > VIA DE EVITAMIENTO > INTERCAMBIO VIAL CAQUETA > CARRETERA PANAMERICANA NORTE > AVENIDA ALFREDO MENDIOLA > OVALO HABICH > AVENIDA JOSE GRANDA > OVALO JOSE GRANDA > AVENIDA UNIVERSITARIA > AVENIDA LOS OLIVOS > AVENIDA CANTA CALLAO > AVENIDA LOS ALISOS,RUTA_2804_1471.pdf,
1472,2805,EMPRESA DE TRANSPORTES SOL DE ORO S.A.C.,San Martin De Porres,Villa El Salvador,50.16,50.45,100,10,110,4.0,OMNIBUS (M3),AVENIDA PARAMONGA / AVENIDA EUCALIPTOS,AVENIDA LAS LOMAS / AVENIDA PROLONGACION MARIANO PASTOR SEVILLA,48,46,AVENIDA PARAMONGA > AVENIDA TANTAMAYO > AVENIDA CANTA CALLAO > OVALO CANTA CALLAO > AVENIDA NARANJAL > OVALO NARANJAL > ACCESO CARRETERA PANAMERICANA NORTE > CARRETERA PANAMERICANA NORTE > AVENIDA ALFREDO MENDIOLA > OVALO IZAGUIRRE > AVENIDA ALFREDO MENDIOLA > CARRETERA PANAMERICANA NORTE > AVENIDA ALFREDO MENDIOLA > OVALO ANGELICA GAMARRA > AVENIDA ALFREDO MENDIOLA > OVALO TOMAS VALLE > AVENIDA ALFREDO MENDIOLA > CARRETERA PANAMERICANA NORTE > AVENIDA ALFREDO MENDIOLA > OVALO HABICH > AVENIDA ALFREDO MENDIOLA > CARRETERA PANAMERICANA NORTE > PUENTE TROMPETA > CARRETERA PANAMERICANA NORTE > VIA DE EVITAMIENTO > PUENTE HUASCAR > VIA DE EVITAMIENTO > PUENTE NUEVO > VIA DE EVITAMIENTO > PUENTE SANTA ANITA > VIA DE EVITAMIENTO > INTERCAMBIO VIAL SUR > CARRETERA PANAMERICANA SUR > PUENTE PRIMAVERA > CARRETERA PANAMERICANA SUR > INTERCAMBIO VIAL PUENTE ATOCONGO > AVENIDA LOS HEROES > AVENIDA PACHACUTEC > AVENIDA MATEO PUMACAHUA > AVENIDA SEPARADORA INDUSTRIAL > AVENIDA PRIMERO DE MAYO > AVENIDA CENTRAL > OVALO CUAVES > AVENIDA CENTRAL > AVENIDA 200 MILLAS > OVALO LAS PALOMAS > AVENIDA REVOLUCION > AVENIDA LAS LOMAS,AVENIDA LAS LOMAS > AVENIDA REVOLUCION > OVALO LAS PALOMAS > AVENIDA REVOLUCION > OVALO DE LA MUJER > AVENIDA REVOLUCION > AVENIDA PRIMERO DE MAYO > AVENIDA SEPARADORA INDUSTRIAL > AVENIDA MATEO PUMACAHUA > AVENIDA PACHACUTEC > AVENIDA LOS HEROES > ACCESO CARRETERA PANAMERICANA SUR > CARRETERA PANAMERICANA SUR > INTERCAMBIO VIAL SUR > VIA DE EVITAMIENTO > PUENTE SANTA ANITA > VIA DE EVITAMIENTO > PUENTE NUEVO > VIA DE EVITAMIENTO > PUENTE HUASCAR > VIA DE EVITAMIENTO > CARRETERA PANAMERICANA NORTE > PUENTE TROMPETA > CARRETERA PANAMERICANA NORTE > AVENIDA ALFREDO MENDIOLA > OVALO HABICH > AVENIDA ALFREDO MENDIOLA > CARRETERA PANAMERICANA NORTE > AVENIDA ALFREDO MENDIOLA > OVALO TOMAS VALLE > AVENIDA ALFREDO MENDIOLA > OVALO ANGELICA GAMARRA > AVENIDA ALFREDO MENDIOLA > CARRETERA PANAMERICANA NORTE > AVENIDA ALFREDO MENDIOLA > OVALO IZAGUIRRE > AVENIDA ALFREDO MENDIOLA > CARRETERA PANAMERICANA NORTE > OVALO NARANJAL > AVENIDA NARANJAL > OVALO CANTA CALLAO > AVENIDA CANTA CALLAO > AVENIDA CANTA CALLAO (VUELTA EN U ALT. MARAÑON) > AVENIDA CANTA CALLAO > AVENIDA TANTAMAYO > AVENIDA PARAMONGA,RUTA_2805_1472.pdf,
1473,3505,EMPRESA DE TRANSPORTES EL CARMEN S.A.,San Juan De Lurigancho,San Miguel,30.69,30.75,52,6,58,6.0,MINIBUS (M2-M3),PORRAS),AVENIDA LA PAZ / CALLE JOSE OLAYA BALANDRA,43,44,CALLE JAVIER PEREZ DE CUELLAR > AVENIDA CIRCUNVALACION > JIRON MARGARITA > AVENIDA CIRCUNVALACION > AVENIDA SANTA ROSA DE LIMA > AVENIDA EL BOSQUE > AVENIDA LOS ALAMOS > AVENIDA EL SOL > AVENIDA 13 DE ENERO > AVENIDA LOS JARDINES ESTE > AVENIDA PROCERES DE LA INDEPENDENCIA > OVALO ZARATE > AVENIDA 9 DE OCTUBRE > JIRON MARAÑON > JIRON PAITA > AVENIDA FRANCISCO PIZARRO > JIRON PIÑONATE > AVENIDA LOS PROCERES > AVENIDA CAQUETA > PUENTE CAQUETA > AVENIDA CAQUETA > PUENTE DEL EJERCITO > AVENIDA ALFONSO UGARTE > PLAZA RAMON CASTILLA > AVENIDA ALFONSO UGARTE > PLAZA 2 DE MAYO > AVENIDA ALFONSO UGARTE > OVALO BOLOGNESI > AVENIDA GUZMAN BLANCO > PLAZA JORGE CHAVEZ > AVENIDA GENERAL SALAVERRY > AVENIDA SAN FELIPE > JIRON HUASCAR > AVENIDA GIUSEPPE GARIBALDI > AVENIDA GREGORIO ESCOBEDO > AVENIDA JUAN DE ALIAGA > AVENIDA JAVIER PRADO OESTE > AUXILIAR AVENIDA BRASIL > JIRON MIGUEL GRAU > JIRON TACNA > JIRON MARISCAL JOSE DE LA MAR > JIRON FEDERICO GALLESE TARICCHI > AVENIDA LA PAZ,AVENIDA LA PAZ > PASAJE SAN LUIS > AVENIDA COSTANERA > JIRON INDEPENDENCIA > AVENIDA LIMA > JIRON JOSE DE SAN MARTIN > JIRON FRANCISCO BOLOGNESI > AVENIDA BRASIL > AUXILIAR AVENIDA BRASIL > AVENIDA JAVIER PRADO OESTE > AVENIDA JUAN DE ALIAGA > AVENIDA GREGORIO ESCOBEDO > JIRON HUIRACOCHA > AVENIDA SAN FELIPE > AVENIDA GENERAL SALAVERRY > PLAZA JORGE CHAVEZ > AVENIDA GUZMAN BLANCO > OVALO BOLOGNESI > AVENIDA ALFONSO UGARTE > PLAZA 2 DE MAYO > AVENIDA ALFONSO UGARTE > PLAZA RAMON CASTILLA > AVENIDA ALFONSO UGARTE > PUENTE DEL EJERCITO > AVENIDA CAQUETA > PUENTE CAQUETA > AVENIDA CAQUETA > JIRON ARRIETA > AVENIDA LOS PROCERES > JIRON VIRU > JIRON CHICLAYO > JIRON LORETO > AVENIDA 9 DE OCTUBRE > OVALO ZARATE > AVENIDA PROCERES DE LA INDEPENDENCIA > AUXILIAR AVENIDA PROCERES DE LA INDEPENDENCIA > AVENIDA LOS JARDINES ESTE > AVENIDA 13 DE ENERO > AVENIDA EL SOL > AVENIDA SANTA ROSA DE LIMA > AVENIDA CIRCUNVALACION > JIRON LAS MARGARITAS > AVENIDA CIRCUNVALACION > AVENIDA JAVIER PEREZ DE CUELLAR,RUTA_3505_1473.pdf,
1474,3517,EMPRESA DE TRANSPORTES CHABAQUITO S.A.C.,San Juan De Lurigancho,Pueblo Libre,23.14,21.68,41,5,46,6.0,OMNIBUS (M3),AVENIDA LOS PROCERES / CALLE 14,AVENIDA UNIVERSITARIA / AVENIDA SIMON BOLIVAR,31,26,AVENIDA LOS PROCERES > AVENIDA PRINCIPAL > AVENIDA MALECON MIGUEL CHECA EGUIGUREN > AVENIDA GRAN PAJATEN > AVENIDA EL SANTUARIO > JIRON MAMACONA > AVENIDA LAS LOMAS > AVENIDA MALECON MIGUEL CHECA EGUIGUREN > OVALO DE ZARATE > AVENIDA 9 DE OCTUBRE > AVENIDA ABANCAY > PUENTE RICARDO PALMA > AVENIDA ABANCAY > PUENTE ABANCAY > AVENIDA MANCO CAPAC > AVENIDA MEXICO > PUENTE MEXICO > CALLE TEODORO CARDENAS > JIRON COMANDANTE TORRES PAZ > AVENIDA NICOLAS DE ARANIBAR > AVENIDA ALEJANDRO TIRADO > AVENIDA CUBA > AVENIDA GENERAL SALAVERRY > AVENIDA FRANCISCO JAVIER MARIATEGUI > AVENIDA AFRANIO DE MELLO FRANCO > AVENIDA BRASIL > AUXILIAR AVENIDA BRASIL > AVENIDA SIMON BOLIVAR > AVENIDA ABRAHAM LINCOLN > AVENIDA MANUEL CIPRIANO DULANTO > AVENIDA UNIVERSITARIA,"AVENIDA SIMON BOLIVAR > AVENIDA HUSARES DE JUNIN > AVENIDA EDGARDO REBAGLIATI > JIRON DOMINGO CUETO > CALLE MANUEL SEGURA > AVENIDA MANUEL CASTAÑEDA > PUENTE MEXICO > AVENIDA MEXICO > AVENIDA MEXICO (VUELTA EN ""U"" ALT. JIRON LAS ESMERALDAS) > AVENIDA MEXICO > AVENIDA MANCO CAPAC > PUENTE ABANCAY > AVENIDA ABANCAY > PUENTE RICARDO PALMA > AVENIDA ABANCAY > AVENIDA 9 DE OCTUBRE > OVALO DE ZARATE > AVENIDA MALECON MIGUEL CHECA EGUIGUREN > AVENIDA GRAN CHIMU > AVENIDA LAS LOMAS > JIRON MAMACONA > AVENIDA EL SANTUARIO > AVENIDA GRAN PAJATEN > AVENIDA GRAN CHIMU > AVENIDA PRINCIPAL > AVENIDA LOS PROCERES",RUTA_3517_1474.pdf,
1475,3906,EMPRESA DE TRANSPORTES COLONIAL S.A.,San Juan De Lurigancho,La Perla,27.29,27.52,52,6,58,5.0,OMNIBUS (M3),AVENIDA LOS PROCERES / CALLE 16,AVENIDA COSTANERA / CALLE TACNA,31,36,AVENIDA LOS PROCERES > AVENIDA PRIMAVERA > AVENIDA PRINCIPAL > AVENIDA MALECON MIGUEL CHECA EGUIGUREN > OVALO DE ZARATE > AVENIDA 9 DE OCTUBRE > JIRON CAJAMARCA > AVENIDA FRANCISCO PIZARRO > JIRON PIÑONATE > AVENIDA LOS PROCERES > AVENIDA CAQUETA > PUENTE CAQUETA > AVENIDA CAQUETA > PUENTE DEL EJERCITO > AVENIDA ALFONSO UGARTE > AVENIDA REPUBLICA DE VENEZUELA > PUENTE TINGO MARIA > AUXILIAR AVENIDA TINGO MARIA > AVENIDA TINGO MARIA > PLAZA DE LA BANDERA > AVENIDA JOSE DE SAN MARTIN > AVENIDA ANTONIO JOSE DE SUCRE > PLAZA INDEPENDENCIA > AVENIDA ANTONIO JOSE DE SUCRE > JIRON MIGUEL GRAU > JIRON LEONCIO PRADO > JIRON SALAVERRY > JIRON FEDERICO GALLESE TARICCHI > AVENIDA LA PAZ > AVENIDA SANTA ROSA > AVENIDA COSTANERA,AVENIDA COSTANERA > CALLE PRADO > AVENIDA LA PAZ > PASAJE SAN LUIS > AVENIDA COSTANERA > JIRON INDEPENDENCIA > AVENIDA LIMA > JIRON GENERALISIMO JOSE DE SAN MARTIN > AVENIDA LIMA > JIRON FRANCISCO BOLOGNESI > AVENIDA ANTONIO JOSE DE SUCRE > PLAZA INDEPENDENCIA > AVENIDA ANTONIO JOSE DE SUCRE > AVENIDA JOSE DE SAN MARTIN > PLAZA DE LA BANDERA > AVENIDA TINGO MARIA > AUXILIAR AVENIDA TINGO MARIA > AVENIDA ARICA > AVENIDA BOLIVIA > AVENIDA ALFONSO UGARTE > PUENTE DEL EJERCITO > AVENIDA CAQUETA > PUENTE CAQUETA > AVENIDA CAQUETA > JIRON ARRIETA > AVENIDA LOS PROCERES > JIRON VIRU > JIRON CHICLAYO > JIRON LORETO > AVENIDA 9 DE OCTUBRE > OVALO DE ZARATE > AVENIDA MALECON MIGUEL CHECA EGUIGUREN > AVENIDA GRAN CHIMU > AVENIDA PRINCIPAL > AVENIDA PRIMAVERA > AVENIDA LOS PROCERES,RUTA_3906_1475.pdf,
1476,4204,EMPRESA DE TRANSPORTES SOL DE ORO S.A.C.,Ate,San Martin De Porres,43.93,43.9,95,10,105,5.0,MINIBUS (M2-M3),AVENIDA LA ESPERANZA / AVENIDA AMAUTA,AVENIDA PARAMONGA / AVENIDA RICARDO PALMA,59,59,AVENIDA LA ESPERANZA > AVENIDA JOSE CARLOS MARIATEGUI > CARRETERA CENTRAL > AUXILIAR CARRETERA CENTRAL > PROLONGACION AVENIDA JAVIER PRADO ESTE > AVENIDA METROPOLITANA > AVENIDA HUANCARAY > AVENIDA LA ENCALADA > AVENIDA LOS CHANCAS DE ANDAHUAYLAS > AVENIDA LOS RUISEÑORES > AVENIDA LOS EUCALIPTOS > AVENIDA FRANCISCO BOLOGNESI > CARRETERA CENTRAL > AVENIDA NICOLAS DE AYLLON > AVENIDA SANTA ROSA > AVENIDA LOS QUECHUAS > AVENIDA DE LAS TORRES > AVENIDA MARISCAL DOMINGO NIETO > AVENIDA CIRCUNVALACION > VIA AUXILIAR AVENIDA CIRCUNVALACION > AVENIDA CANADA > AVENIDA PROLONGACION PARINACOCHAS > AVENIDA ISABEL LA CATOLICA > AVENIDA PASEO DE LA REPUBLICA > AVENIDA 28 DE JULIO > PLAZA JORGE CHAVEZ > AVENIDA GUZMAN BLANCO > PLAZA FRANCISCO BOLOGNESI > AVENIDA ALFONSO UGARTE > PUENTE DEL EJERCITO > INTERCAMBIO VIAL CAQUETA > CARRETERA PANAMERICANA NORTE > PUENTE TROMPETA > CARRETERA PANAMERICANA NORTE > AVENIDA ALFREDO MENDIOLA > OVALO HABICH > AVENIDA ALFREDO MENDIOLA > CARRETERA PANAMERICANA NORTE > AVENIDA ALFREDO MENDIOLA > OVALO TOMAS VALLE > AVENIDA ALFREDO MENDIOLA > OVALO ANGELICA GAMARRA > AVENIDA ALFREDO MENDIOLA > CARRETERA PANAMERICANA NORTE > AVENIDA ALFREDO MENDIOLA > OVALO IZAGUIRRE > AVENIDA CARLOS ALBERTO IZAGUIRRE > AVENIDA LAS PALMERAS > AVENIDA RIO MARAÑON > AVENIDA UNIVERSITARIA > AVENIDA SANTA ELVIRA > AVENIDA CENTRAL > AVENIDA LOS PROCERES DE HUANDOY > AVENIDA 2 DE OCTUBRE > AVENIDA CANTA CALLAO > AUXILIAR AVENIDA CANTA CALLAO > AVENIDA CENTRAL > AVENIDA LAS TORRES > AVENIDA PARAMONGA,AVENIDA PARAMONGA > AVENIDA LAS TORRES > AVENIDA CENTRAL > AVENIDA CANTA CALLAO > AVENIDA 2 DE OCTUBRE > AVENIDA LOS PROCERES DE HUANDOY > AVENIDA CENTRAL > AVENIDA SANTA ELVIRA > AVENIDA UNIVERSITARIA > AVENIDA RIO MARAÑON > AVENIDA LAS PALMERAS > AVENIDA CARLOS A IZAGUIRRE > OVALO IZAGUIRRE > AVENIDA ALFREDO MENDIOLA > CARRETERA PANAMERICANA NORTE > AVENIDA ALFREDO MENDIOLA > OVALO ANGELICA GAMARRA > AVENIDA ALFREDO MENDIOLA > OVALO TOMAS VALLE > AVENIDA ALFREDO MENDIOLA > CARRETERA PANAMERICANA NORTE > AVENIDA ALFREDO MENDIOLA > OVALO HABICH > AVENIDA ALFREDO MENDIOLA > CARRETERA PANAMERICANA NORTE > ACCESO PUENTE DEL EJERCITO > PUENTE DEL EJERCITO > AVENIDA ALFONSO UGARTE > PLAZA FRANCISCO BOLOGNESI > AVENIDA GUZMAN BLANCO > PLAZA JORGE CHAVEZ > AVENIDA 28 DE JULIO > AVENIDA PASEO DE LA REPUBLICA > AVENIDA ISABEL LA CATOLICA > AVENIDA PROLONGACION PARINACOCHAS > AVENIDA CANADA > AVENIDA CIRCUNVALACION > VIA AUXILIAR AVENIDA CIRCUNVALACION > AVENIDA MARISCAL DOMINGO NIETO > AVENIDA DE LAS TORRES > AVENIDA LOS QUECHUAS > AVENIDA SANTA ROSA > AVENIDA NICOLAS DE AYLLON > CARRETERA CENTRAL > AVENIDA LOS CIPRESES > AVENIDA 7 DE JUNIO > AVENIDA FRANCISCO BOLOGNESI > AVENIDA LOS EUCALIPTOS > AVENIDA LOS RUISEÑORES > AVENIDA LOS CHANCAS DE ANDAHUAYLAS > AVENIDA LA ENCALADA > AVENIDA HUANCARAY > AVENIDA METROPOLITANA > PROLONGACION AVENIDA JAVIER PRADO ESTE > AUXILIAR CARRETERA CENTRAL > CARRETERA CENTRAL > JIRON EL TRIUNFO > AVENIDA JOSE CARLOS MAREATEGUI > AVENIDA LA ESPERANZA,RUTA_4204_1476.pdf,
1477,4205,VISHENZO INVESTMENT COMPANY 505 S.A.C.,Ate,San Martin De Porres,31.99,33.35,30,3,33,8.0,OMNIBUS (M3),AVENIDA BERNARDINO RIVADAVIA / AVENIDA SANTA MARIA,AVENIDA JOSE GRANDA / AVENIDA PEDRO DELGADO,33,37,AVENIDA BERNARDINO RIVADAVIA > AVENIDA METROPOLITANA > AVENIDA LAS NUECES > AVENIDA LOS VIRREYES > AVENIDA LOS CHANCAS DE ANDAHUAYLAS > AVENIDA LOS RUISEÑORES > CARRETERA CENTRAL > AVENIDA NICOLAS DE AYLLON > AVENIDA SANTA ROSA > AVENIDA BENJAMIN FRANKLIN > AVENIDA SEPARADORA INDUSTRIAL > AVENIDA SANTA ROSA > AVENIDA LOS QUECHUAS > AVENIDA DE LAS TORRES > AVENIDA MARISCAL DOMINGO NIETO > AVENIDA CIRCUNVALACION > AVENIDA CANADA > AVENIDA JUAN PARDO DE ZELA > AVENIDA GENERAL CESAR CANEVARO > JIRON MANCO SEGUNDO > AVENIDA GENERAL SALAVERRY > AVENIDA SAN FELIPE > AVENIDA GENERAL MANUEL L. VIVANCO > AVENIDA ANTONIO JOSE DE SUCRE > AVENIDA MANUEL CIPRIANO DULANTO > AVENIDA UNIVERSITARIA > AVENIDA RAMON HERRERA > AVENIDA UNIVERSITARIA > OVALO BELLA UNION > PUENTE BELLA UNION > AVENIDA UNIVERSITARIA > OVALO JOSE GRANDA > AVENIDA JOSE GRANDA,"AVENIDA JOSE GRANDA > OVALO JOSE GRANDA > AVENIDA UNIVERSITARIA > PUENTE BELLA UNION > OVALO BELLA UNION > AVENIDA UNIVERSITARIA > AUXILIAR AVENIDA OSCAR RAIMUNDO BENAVIDES > AVENIDA AURELIO GARCIA Y GARCIA > AVENIDA REPUBLICA DE VENEZUELA > AVENIDA UNIVERSITARIA > AVENIDA UNIVERSITARIA (VUELTA EN ""U"" ALTURA CALLE 7) > AVENIDA UNIVERSITARIA > AVENIDA MANUEL CIPRIANO DULANTO > CALLE MARISCAL AGUSTIN GAMARRA > AVENIDA GENERAL MANUEL L. VIVANCO > AVENIDA SAN FELIPE > JIRON PACHACUTEC > AVENIDA GENERAL CESAR CANEVARO > AVENIDA JUAN PARDO DE ZELA > AVENIDA CANADA > AVENIDA CIRCUNVALACION > AVENIDA MARISCAL DOMINGO NIETO > AVENIDA DE LAS TORRES > AVENIDA LOS QUECHUAS > AVENIDA EUTERPE > AVENIDA SEPARADORA INDUSTRIAL > AVENIDA HERMES > AVENIDA BENJAMIN FRANKLIN > AVENIDA SANTA ROSA > AVENIDA NICOLAS DE AYLLON > CARRETERA CENTRAL > AVENIDA LOS RUISEÑORES > AVENIDA LOS CHANCAS DE ANDAHUAYLAS > AVENIDA LOS VIRREYES > AVENIDA LAS NUECES > AVENIDA METROPOLITANA > AVENIDA BERNARDINO RIVADAVIA",RUTA_4205_1477.pdf,
1478,4206,EXPRESSO DOCE S.A.C.,Ate,San Martin De Porres,30.59,31.95,30,3,33,8.0,MINIBUS (M2-M3),AVENIDA METROPOLITANA / AVENIDA LAS NUECES,AVENIDA JOSE GRANDA / AVENIDA 12 DE OCTUBRE,34,37,AVENIDA METROPOLITANA > AVENIDA HUANCARAY > AVENIDA LA ENCALADA > AVENIDA LOS CHANCAS DE ANDAHUAYLAS > AVENIDA LOS RUISEÑORES > CARRETERA CENTRAL > AVENIDA NICOLAS DE AYLLON > AVENIDA SANTA ROSA > AVENIDA BENJAMIN FRANKLIN > AVENIDA SEPARADORA INDUSTRIAL > AVENIDA SANTA ROSA > AVENIDA LOS QUECHUAS > AVENIDA DE LAS TORRES > AVENIDA MARISCAL DOMINGO NIETO > AVENIDA CIRCUNVALACION > AUXILIAR AVENIDA CIRCUNVALACION > AVENIDA CANADA > PUENTE CANADA > AVENIDA JUAN PARDO DE ZELA > AVENIDA GENERAL CESAR CANEVARO > JIRON MANCO SEGUNDO > AVENIDA GENERAL SALAVERRY > AVENIDA SAN FELIPE > AVENIDA GENERAL MANUEL L. VIVANCO > AVENIDA ANTONIO JOSE DE SUCRE > AVENIDA MANUEL CIPRIANO DULANTO > AVENIDA UNIVERSITARIA > AVENIDA RAMON HERRERA > AVENIDA UNIVERSITARIA > OVALO BELLA UNION > PUENTE BELLA UNION > AVENIDA UNIVERSITARIA > OVALO JOSE GRANDA > AVENIDA JOSE GRANDA,"AVENIDA JOSE GRANDA > OVALO JOSE GRANDA > AVENIDA UNIVERSITARIA > PUENTE BELLA UNION > OVALO BELLA UNION > AVENIDA UNIVERSITARIA > AVENIDA OSCAR RAIMUNDO BENAVIDES > AVENIDA AURELIO GARCIA Y GARCIA > AVENIDA REPUBLICA DE VENEZUELA > AVENIDA UNIVERSITARIA > AVENIDA UNIVERSITARIA (VUELTA EN ""U"" ALT. CALLE 7) > AVENIDA UNIVERSITARIA > AVENIDA MANUEL CIPRIANO DULANTO > CALLE MARISCAL AGUSTIN GAMARRA > AVENIDA GENERAL MANUEL L. VIVANCO > AVENIDA SAN FELIPE > JIRON PACHACUTEC > AVENIDA GENERAL CESAR CANEVARO > AVENIDA JUAN PARDO DE ZELA > PUENTE CANADA > AVENIDA CANADA > AVENIDA CIRCUNVALACION > AVENIDA MARISCAL DOMINGO NIETO > AVENIDA DE LAS TORRES > AVENIDA LOS QUECHUAS > AVENIDA EUTERPE > AVENIDA SEPARADORA INDUSTRIAL > AVENIDA HERMES > AVENIDA BENJAMIN FRANKLIN > AVENIDA SANTA ROSA > AVENIDA NICOLAS DE AYLLON > CARRETERA CENTRAL > AVENIDA LOS RUISEÑORES > AVENIDA LOS CHANCAS DE ANDAHUAYLAS > AVENIDA LA ENCALADA > AVENIDA HUANCARAY > AVENIDA METROPOLITANA",RUTA_4206_1478.pdf,
1479,4501,EMPRESA DE TRANSPORTES 78 S.A.,Lurigancho (Chosica),San Miguel,52.69,52.28,96,10,106,7.0,MINIBUS (M2-M3),AVENIDA LIMA NORTE / PASAJE LAS CASUARINAS,AVENIDA REPUBLICA DE VENEZUELA / AVENIDA DE LOS INSURGENTES,19,14,AVENIDA LIMA NORTE > CALLE SALAVERRY > JIRON TRUJILLO NORTE > JIRON TRUJILLO SUR > JIRON TACNA > AVENIDA LIMA SUR > CARRETERA CENTRAL > AUXILIAR CARRETERA CENTRAL (BY PASS JAVIER PRADO) > CARRETERA CENTRAL > PUENTE SANTA ANITA > AVENIDA NICOLAS AYLLON > AVENIDA ALMIRANTE MIGUEL GRAU > VIA EXPRESA ALMIRANTE MIGUEL GRAU > PLAZA MIGUEL GRAU > AVENIDA 9 DE DICIEMBRE > PLAZA CORONEL FRANCISCO BOLOGNESI > AVENIDA ARICA > JIRON AGUARICO > AVENIDA REPUBLICA DE VENEZUELA,AVENIDA REPUBLICA DE VENEZUELA > AVENIDA ARICA > PLAZA CORONEL FRANCISCO BOLOGNESI > AVENIDA 9 DE DICIEMBRE > PLAZA MIGUEL GRAU > VIA EXPRESA ALMIRANTE MIGUEL GRAU > AVENIDA ALMIRANTE MIGUEL GRAU > PROLONGACION AVENIDA SAN PABLO > JIRON GARCIA NARANJO > AVENIDA NICOLAS DE AYLLON > CARRETERA CENTRAL > AUXILIAR CARRETERA CENTRAL (BY PASS JAVIER PRADO) > CARRETERA CENTRAL > AVENIDA LIMA SUR AVENIDA LIMA NORTE,RUTA_4501_1479.pdf,
1480,4505,EMPRESA DE TRANSPORTES Y REPRESENTACIONES SARITA COLONIA Y VILLA SOL S.A.,Lurigancho,San Miguel,53.33,52.92,106,11,117,4.0,MINIBUS (M2-M3),CARRETERA CENTRAL / CALLE NUEVA LOS ALAMOS,AVENIDA REPUBLICA DE VENEZUELA / AVENIDA DE LOS INSURGENTES,18,15,CARRETERA CENTRAL > CALLE SALAVERRY > JIRON TRUJILLO NORTE > JIRON TRUJILLO SUR > JIRON TACNA > CARRETERA CENTRAL > AUXILIAR CARRETERA CENTRAL (BY PASS JAVIER PRADO) > CARRETERA CENTRAL > PUENTE SANTA ANITA > AVENIDA NICOLAS AYLLON > AVENIDA ALMIRANTE MIGUEL GRAU > VIA EXPRESA ALMIRANTE MIGUEL GRAU > PLAZA MIGUEL GRAU > AVENIDA 9 DE DICIEMBRE > PLAZA FRANCISCO BOLOGNESI > AVENIDA ARICA > JIRON AGUARICO > AVENIDA REPUBLICA DE VENEZUELA,AVENIDA REPUBLICA DE VENEZUELA > AVENIDA ARICA > PLAZA FRANCISCO BOLOGNESI > AVENIDA 9 DE DICIEMBRE > PLAZA MIGUEL GRAU > VIA EXPRESA ALMIRANTE MIGUEL GRAU > AVENIDA ALMIRANTE MIGUEL GRAU > AVENIDA ALTO DE LA ALIANZA > AVENIDA GARCIA NARANJO > AVENIDA NICOLAS AYLLON > PUENTE SANTA ANITA > CARRETERA CENTRAL > AUXILIAR CARRETERA CENTRAL (BY PASS JAVIER PRADO) > CARRETERA CENTRAL > AVENIDA REPUBLICA DE VENEZUELA,RUTA_4505_1480.pdf,
1481,IO66,EMPRESA DE TRANSPORTES PATRON SAN SEBASTIAN S.A.C.,San Juan De Lurigancho,Callao,35.38,36.17,80,8,88,4.0,OMNIBUS (M3),AVENIDA MAR DEL NORTE / JIRON MAR ARAL,AVENIDA REPUBLICA DE ARGENTINA / JIRON EL SOL,42,39,JIRON MAR DEL NORTE > AVENIDA FERNANDO WIESSE > AVENIDA MAR SUR ESTE > AVENIDA CENTRAL > AVENIDA SANTA ROSA DE LIMA > AVENIDA EL BOSQUE > AVENIDA SANTA ROSA DE LIMA > AVENIDA EL SOL > AVENIDA SANTA ROSA DE LIMA > AVENIDA LOS TUSILAGOS ESTE > AVENIDA 13 DE ENERO > AVENIDA LURIGANCHO > AVENIDA PIRAMIDE DEL SOL > PUENTE PIRAMIDE DEL SOL > AVENIDA JOSE CARLOS MARIATEGUI > OVALO LA PAZ > JIRON ANCASH > AVENIDA SEBASTIAN LORENTE > AVENIDA ALMIRANTE MIGUEL GRAU > VIA EXPRESA ALMIRANTE MIGUEL GRAU > PLAZA MIGUEL GRAU > AVENIDA 9 DE DICIEMBRE > JIRON WASHINGTON > AVENIDA URUGUAY > AVENIDA REPUBLICA DE VENEZUELA > PUENTE TINGO MARIA > AVENIDA REPUBLICA DE VENEZUELA > BY PASS VENEZUELA > AVENIDA REPUBLICA DE VENEZUELA > OVALO JUAN PABLO II > AVENIDA JOSE GALVEZ > JIRON COLINA > JIRON ALFONSO UGARTE > JIRON LOS HEROS > OVALO PACIFICO > AVENIDA PACIFICO > AVENIDA SAENZ PEÑA > AVENIDA OSCAR RAIMUNDO BENAVIDES > AVENIDA ALFREDO PALACIOS > AVENIDA COMANDANTE PEREZ SALMON > AVENIDA SANTA ROSA > AVENIDA REPUBLICA DE ARGENTINA,AVENIDA REPUBLICA DE ARGENTINA > OVALO CENTENARIO > AVENIDA ALFREDO PALACIOS > AVENIDA OSCAR RAIMUNDO BENAVIDES > AVENIDA SAENZ PEÑA > AVENIDA PACIFICO > OVALO PACIFICO > CALLE FRANCISCO PIZARRO > JIRON COLINA > AVENIDA JOSE GALVEZ > OVALO JUAN PABLO II > AVENIDA REPUBLICA DE VENEZUELA > PUENTE TINGO MARIA > AVENIDA ARICA > AVENIDA BOLIVIA > AVENIDA ALFONSO UGARTE > PLAZA FRANCISCO BOLOGNESI > AVENIDA 9 DE DICIEMBRE > PLAZA MIGUEL GRAU > VIA EXPRESA ALMIRANTE MIGUEL GRAU > AVENIDA ALMIRANTE MIGUEL GRAU > JIRON JUNIN > AVENIDA SEBASTIAN LORENTE > JIRON ANCASH > OVALO LA PAZ > AVENIDA JOSE CARLOS MARIATEGUI > PUENTE CHINCHAYSUYO > JIRON CHINCHAYSUYO > JIRON SAN AURELIO > AVENIDA LURIGANCHO > AVENIDA 13 DE ENERO > AVENIDA LOS TUSILAGOS ESTE > AVENIDA SANTA ROSA DE LIMA > AVENIDA EL SOL > AVENIDA SANTA ROSA DE LIMA > AVENIDA CENTRAL > AVENIDA MAR SUR ESTE > AVENIDA FERNANDO WIESSE > JIRON MAR DEL NORTE,RUTA_IO66_1481.pdf,
1482,IO89,EMPRESA DE TRANSPORTE Y SERVICIOS MULTIPLES AQUARIUS EXPRESS S.A.C.,San Martin De Porres,Chorrillos,44.66,44.67,106,11,117,4.0,OMNIBUS (M3),AVENIDA PARAMONGA / AVENIDA CHUQUITANTA,AVENIDA GUARDIA PERUANA / CALLE ONTARIO,43,45,AVENIDA PARAMONGA > AVENIDA SANTA TERESITA DEL NIÑO JESUS > AVENIDA VIRGEN DEL CARMEN > AVENIDA CANTA CALLAO > OVALO CANTA CALLAO > AVENIDA CANTA CALLAO > AVENIDA PACASMAYO > AVENIDA TOMAS VALLE > OVALO AEROPUERTO > AVENIDA ELMER FAUCETT > PUENTE ELMER FAUCETT > AVENIDA ELMER FAUCETT > AVENIDA DE LOS PRECURSORES > AVENIDA PARQUE DE LAS LEYENDAS > PROLONGACION AVENIDA MARISCAL JOSE DE LA MAR > AVENIDA MANUEL CIPRIANO DULANTO > AVENIDA JOSE ANTONIO DE SUCRE > PLAZA INDEPENDENCIA > AVENIDA JOSE ANTONIO DE SUCRE > AVENIDA DEL EJERCITO > AVENIDA AUGUSTO PEREZ ARANIBAR > AVENIDA DEL EJERCITO > PLAZA CENTRO AMERICA > AVENIDA JOSE PARDO > OVALO DE MIRAFLORES > AVENIDA RICARDO PALMA > AVENIDA PASEO DE LA REPUBLICA > AVENIDA ALFREDO BENAVIDES > OVALO LOS CABITOS > AVENIDA ALFREDO BENAVIDES > AVENIDA CAMINOS DEL INCA > AVENIDA LOS PROCERES > JIRON GUARDIA CIVIL NORTE > JIRON VISTA ALEGRE > JIRON LAS GAVIOTAS > CALLE LOS ASTEROIDES > CALLE LAS PLEYADES > AVENIDA LOS FAISANES > AVENIDA GUARDIA PERUANA > AVENIDA EL SOL > AVENIDA LOS ALAMOS > AVENIDA SAN MARTIN > AVENIDA SAN JUAN,AVENIDA SAN JUAN > AVENIDA SAN MARTIN > AVENIDA LOS ALAMOS > AVENIDA EL SOL > AVENIDA GUARDIA PERUANA > AVENIDA LOS FAISANES > CALLE LAS PLEYADES > CALLE LOS ASTEROIDES > JIRON LAS GAVIOTAS > JIRON VISTA ALEGRE > AVENIDA GUARDIA CIVIL SUR > AVENIDA LOS PROCERES > AVENIDA CAMINOS DEL INCA > AVENIDA ALFREDO BENAVIDES > OVALO LOS CABITOS > AVENIDA ALFREDO BENAVIDES > AVENIDA PASEO DE LA REPUBLICA > AVENIDA RICARDO PALMA > OVALO DE MIRAFLORES > AVENIDA JOSE PARDO > PLAZA MORALES BARROS > AVENIDA JOSE PARDO > PLAZA CENTRO AMERICA > AVENIDA DEL EJERCITO > AVENIDA AUGUSTO PEREZ ARANIBAR > AVENIDA DEL EJERCITO > AVENIDA JOSE ANTONIO DE SUCRE > PLAZA INDEPENDENCIA > AVENIDA JOSE ANTONIO DE SUCRE > AVENIDA MANUEL CIPRIANO DULANTO > PROLONGACION AVENIDA MARISCAL JOSE DE LA MAR > AVENIDA PARQUE DE LAS LEYENDAS > AVENIDA DE LOS PRECURSORES > AVENIDA ELMER FAUCETT > PUENTE FAUCETT > AVENIDA ELMER FAUCETT > OVALO AEROPUERTO > AVENIDA TOMAS VALLE > AVENIDA PACASMAYO > AVENIDA CANTA CALLAO > OVALO CANTA CALLAO > AVENIDA CANTA CALLAO > AVENIDA VIRGEN DEL CARMEN > AVENIDA SANTA TERESITA DEL NIÑO JESUS > AVENIDA PARAMONGA,RUTA_IO89_1482.pdf,
1483,8712,EMPRESA DE TRANSPORTES LA UNIDAD DE VILLA S.A.,Villa Maria Del Triunfo,Chorrillos,18.11,17.04,58,6,64,3.0,MICROBUS (M2),AVENIDA EL PARAISO / CALLE SN (ALTURA PARADERO QUEBRADA PARAISO AA.HH. EL EDEN DEL MANATIAL),AVENIDA SANTA ROSA / CALLE 17,37,26,"AVENIDA EL PARAISO > JIRON LOS PROCERES > AVENIDA INCA OLLANTAY > AVENIDA PROGRESO > CALLE LOS LAURELES > JIRON AREQUIPA > JIRON JOSE MARIA ARGUEDAS > AVENIDA PROLONGACION LUIS PARDO > CALLE LIBERTAD > AVENIDA LATINOAMERICA > AVENIDA PRIMAVERA > JIRON INTI RAYMI > AVENIDA JULIO CESAR TELLO > JIRON MARIANO MELGAR > AVENIDA PANDO EGUSQUIZA > CALLE SANTO TORIBIO > AVENIDA DEFENSORES DE LIMA > AVENIDA DEFENSORES DE LIMA (VUELTA EN ""U"" ALT. DE JIRON TUPAC AMARU) > AVENIDA DEFENSORES DE LIMA > JIRON TUPAC AMARU > AVENIDA LOS HEROES > AVENIDA SAN JUAN > AVENIDA RAMON VARGAS MACHUCA > INTERCAMBIO VIAL PUENTE ALIPIO PONCE > AVENIDA ALIPIO PONCE > OVALO EUCALIPTOS > AVENIDA ALIPIO PONCE > CALLE CONSTELACION AUSTRAL > AVENIDA ALIPIO PONCE > AVENIDA GUARDIA CIVIL SUR > OVALO LA CURVA DE VILLA > AVENIDA PROLONGACION HUAYLAS > AVENIDA SANTA ANITA > AVENIDA LOS TRIUNFADORES > AVENIDA PRINCIPAL > PROLONGACION PAMPAS > AVENIDA SANTA ROSA",AVENIDA SANTA ROSA > PROLONGACION PAMPAS > AVENIDA PRINCIPAL > AVENIDA LOS TRIUNFADORES > AVENIDA SANTA ANITA > AVENIDA PROLONGACION HUAYLAS > OVALO LA CURVA DE VILLA > AVENIDA GUARDIA CIVIL SUR > AVENIDA ALIPIO PONCE > OVALO EUCALIPTOS > AVENIDA ALIPIO PONCE > INTERCAMBIO VIAL PUENTE ALIPIO PONCE > AVENIDA RAMON VARGAS MACHUCA > AVENIDA SAN JUAN > AVENIDA LOS HEROES > JIRON FRANCISCO BOLOGNESI > AVENIDA DEFENSORES DE LIMA > AVENIDA JOSE CARLOS MARIATEGUI > AVENIDA LATINOAMERICA > JIRON JOSE MARIA ARGUEDAS > JIRON AREQUIPA > CALLE LAS MAGNOLIAS > AVENIDA JOSE OLAYA > AVENIDA INCA OLLANTAY > JIRON LOS PROCERES > AVENIDA EL PARAISO,RUTA_8712_1483.pdf,
1484,8715,E.T. MILAGROSA VIRGEN DEL CARMEN DE LURIN S.A.,Lurin,Surquillo,34.27,33.78,54,6,60,4.0,MINIBUS (M2-M3),ANTIGUA PANAMERICANA SUR / AVENIDA MARTIN OLAYA,JIRON DOMINGO ELIAS / JIRON DANTE,21,20,ANTIGUA PANAMERICANA SUR > ROTONDA MANUEL VALLE > ANTIGUA PANAMERICANA SUR > PUENTE LURIN > ANTIGUA PANAMERICANA SUR > AVENIDA LIMA > OVALO MARIA REICHE > AVENIDA LIMA > OVALO JOSE GALVEZ > AVENIDA LIMA > AVENIDA ATOCONGO > AVENIDA 26 DE NOVIEMBRE > AVENIDA PACHACUTEC > AVENIDA DE LOS HEROES > PUENTE ATOCONGO > AVENIDA SANTIAGO DE SURCO > OVALO LOS CABITOS > AVENIDA TOMAS MARSANO > AVENIDA ANGAMOS ESTE > AVENIDA GENERAL RECAVARREN > JIRON DOMINGO ELIAS,JIRON DANTE > AVENIDA ANGAMOS ESTE > AVENIDA TOMAS MARSANO > OVALO LOS CABITOS > AVENIDA SANTIAGO DE SURCO > PUENTE ATOCONGO > AVENIDA DE LOS HEROES > AVENIDA PACHACUTEC > AVENIDA 26 DE NOVIEMBRE > AVENIDA ATOCONGO > AVENIDA LIMA > OVALO JOSE GALVEZ > AVENIDA LIMA > OVALO MARIA REICHE > AVENIDA LIMA > ANTIGUA PANAMERICANA SUR > PUENTE LURIN > ANTIGUA PANAMERICANA SUR > ROTONDA MANUEL VALLE > ANTIGUA PANAMERICANA SUR,RUTA_8715_1484.pdf,
1485,8724,EMPRESA DE TRANSPORTES LA UNIDAD DE VILLA S.A.,Lurin,Chorrillos,31.3,30.74,47,5,52,4.0,MICROBUS (M2),CALLE PALMA ROEBELLINI / CA SN (ALT. CASA CLUB EL PALMAR),CALLE D / CALLE SN (ALT. PARQUE PACIFICO DE VILLA),36,37,CALLE PALMA ROEBELLINI > AVENIDA QUEBRADA VERDE > CALLE 01 > AVENIDA LAS PALMAS > AVENIDA ZARUMILLA > AVENIDA LIMA > OVALO JOSE GALVEZ > AVENIDA PACHACUTEC > OVALO PACHACUTEC > AVENIDA PACHACUTEC > AVENIDA LOS HEROES > AVENIDA SAN JUAN > AVENIDA RAMON VARGAS MACHUCA > AVENIDA ALIPIO PONCE > OVALO EUCALIPTOS > AVENIDA ALIPIO PONCE > AVENIDA EL TRIUNFO > AVENIDA LA UNION > CALLE LA UNION > AVENIDA MATEO PUMACAHUA > AVENIDA TUPAC AMARU > AVENIDA CORDILLERA DE LA VIUDA > AVENIDA REPUBLICA FEDERAL ALEMANA > CALLE INCA GARCILASO DE LA VEGA > AVENIDA VISTA ALEGRE > JIRON MIGUEL GRAU > CALLE LOS NARANJOS > AVENIDA LOS ALAMOS > AVENIDA EL SOL > AVENIDA ARIOSTO MATELLINI > AVENIDA EL SOL > AVENIDA VIA CENTRAL > AVENIDA PRINCIPAL > CALLE LA CHIRA > CALLE 3 > CALLE D,CALLE D > CALLE 3 > CALLE LA CHIRA > AVENIDA PRINCIPAL > AVENIDA HEROES DEL PACIFICO > CALLE A > AVENIDA EL SOL > AVENIDA ARIOSTO MATELLINI > AVENIDA EL SOL > AVENIDA LOS ALAMOS > CALLE LOS NARANJOS > JIRON MIGUEL GRAU > AVENIDA VISTA ALEGRE > CALLE INCA GARCILASO DE LA VEGA > AVENIDA REPUBLICA FEDERAL ALEMANA > AVENIDA CORDILLERA DE LA VIUDA > AVENIDA TUPAC AMARU > AVENIDA MATEO PUMACAHUA > CALLE LA UNION > AVENIDA LA UNION > CALLE LOS GIRASOLES > AVENIDA LOS CEDROS > AVENIDA ALIPIO PONCE > AVENIDA RAMON VARGAS MACHUCA > AVENIDA SAN JUAN > AVENIDA LOS HEROES > AVENIDA PACHACUTEC > OVALO PACHACUTEC > AVENIDA PACHACUTEC > OVALO JOSE GALVEZ > AVENIDA LIMA > JIRON SANDIA > AVENIDA ZARUMILLA > AVENIDA LAS PALMAS > CALLE 01 > AVENIDA QUEBRADA VERDE > CALLE PALMA ROEBELLINI,RUTA_8724_1485.pdf,
1486,8726,EMPRESA DE TRANSPORTE URBANO MARIATEGUI S.A. - ETUMSA,Villa Maria Del Triunfo,Chorrillos,15.59,14.94,22,3,25,8.0,MINIBUS (M2-M3),AVENIDA CERRO VERDE / PASAJE ANTILLAS AVENIDA DEFENSORES DEL MORRO / AVENIDA PASEO DE LA REPUBLICA,(OVALO DE LA CURVA),35,28,"AVENIDA CERRO VERDE > CALLE SN > CALLE 11 > CALLE 10 > AVENIDA PROLONGACION JOSE CARLOS MARIATEGUI > JIRON ISIDRO SUAREZ > AVENIDA SIMON BOLIVAR > JIRON JOSE MARIA CORDOVA > AVENIDA SIMON BOLIVAR > AVENIDA MARISCAL JOSE ANTONIO DE SUCRE > AVENIDA PRIMAVERA > JIRON INTIRAYMI > JIRON JULIO CESAR TELLO > JIRON MARIANO MELGAR > AVENIDA PANDO EGUSQUIZA > CALLE SANTO TORIBIO > AVENIDA DEFENSORES DE LIMA > JIRON TUPAC AMARU > AVENIDA LOS HEROES > PUENTE ATOCONGO > AVENIDA SANTIAGO DE SURCO > AUXILIAR AVENIDA SANTIAGO DE SURCO > AVENIDA CAMINOS DEL INCA > AVENIDA CAMINOS DEL INCA (VUELTA EN ""U"" ALT. DE JIRON LOMA DE LAS GARDENIAS > AVENIDA CAMINOS DEL INCA > AVENIDA LOS PROCERES > AVENIDA GUARDIA CIVIL NORTE > JIRON VISTA ALEGRE > JIRON LAS GAVIOTAS > CALLE LOS ASTEROIDES > CALLE EL UNIVERSO > JIRON ANDROMEDA > AVENIDA EL SOL > AVENIDA ARIOSTO MATELLINI > AVENIDA DEFENSORES DEL MORRO",AVENIDA DEFENSORES DEL MORRO > AVENIDA ARIOSTO MATELLINI > AVENIDA EL SOL > JIRON ANDROMEDA > CALLE EL UNIVERSO > CALLE LOS ASTEROIDES > JIRON LAS GAVIOTAS > JIRON SAGITARIO > JIRON APOLO > JIRON VISTA ALEGRE > AVENIDA GUARDIA CIVIL SUR > AVENIDA LOS PROCERES > AVENIDA SANTIAGO DE SURCO > PUENTE ATOCONGO > AVENIDA LOS HEROES > JIRON FRANCISCO BOLOGNESI > AVENIDA DEFENSORES DE LIMA > AVENIDA JOSE CARLOS MARIATEGUI > JIRON JOSE LA MAR > AVENIDA JOSE CARLOS MARIATEGUI > PASAJE TUPAC AMARU > JIRON ISIDRO SUAREZ > AVENIDA PROLONGACION JOSE CARLOS MARIATEGUI > CALLE 8 > CALLE 11 > CALLE SN > AVENIDA CERRO VERDE > AVENIDA DEFENSORES DEL MORRO,RUTA_8726_1486.pdf,
1487,8709,E.T. ESFUERZOS UNIDOS S.A.,Villa Maria Del Triunfo,San Juan De Miraflores,12.56,11.27,31,4,35,4.0,MICROBUS (M2),AVENIDA CERRO VERDE / AVENIDA TEXAS (OVALO LA CANDELARIA),JIRON LOS HERRERILLOS / CALLE LOS FICUS,27,16,"AVENIDA CERRO VERDE > PROLONGACION AVENIDA JOSE CARLOS MARIATEGUI (CERRO VERDE) > CALLE 11 > CALLE 10 > PROLONGACION AVENIDA JOSE CARLOS MARIATEGUI > AVENIDA JOSE CARLOS MARIATEGUI > JIRON ISIDRO SUAREZ > AVENIDA SIMON BOLIVAR > AVENIDA MARISCAL JOSE ANTONIO DE SUCRE > AVENIDA PRIMAVERA > JIRON INTI RAYMI > AVENIDA JULIO CESAR TELLO > AVENIDA DEFENSORES DE LIMA > JIRON TUPAC AMARU > AVENIDA LOS HEROES > PUENTE ATOCONGO > AVENIDA SANTIAGO DE SURCO > AVENIDA CAMINOS DEL INCA > AVENIDA CAMINOS DEL INCA (GIRO EN ""U"" ALT. JIRON LOMA DE LAS GARDENIAS) > AVENIDA CAMINOS DEL INCA > AVENIDA LOS PROCERES > AVENIDA LOS PROCERES (GIRO EN ""U"" ALT. CUADRA 07) > AVENIDA LOS PROCERES > AVENIDA PASEO DE LA REPUBLICA > JIRON JOSE GABRIEL AGUILAR SEGURA > JIRON ALCIDES VIGO HURTADO > JIRON LOS HERRERILLOS",JIRON LOS HERRERILLOS > JIRON ALCIDES VIGO HURTADO > JIRON JOSE GABRIEL AGUILAR SEGURA > AVENIDA PASEO DE LA REPUBLICA > AVENIDA LOS PROCERES > AVENIDA SANTIAGO DE SURCO > PUENTE ATOCONGO > AVENIDA LOS HEROES > JIRON FRANCISCO BOLOGNESI > AVENIDA DEFENSORES DE LIMA > AVENIDA JOSE CARLOS MARIATEGUI > PROLONGACION AVENIDA JOSE CARLOS MARIATEGUI > CALLE 10 > CALLE 11 > PROLONGACION AVENIDA JOSE CARLOS MARIATEGUI (CERRO VERDE) > AVENIDA CERRO VERDE,RUTA_8709_1487.pdf,
1488,8406,TRANSPORTES INVERSIONES NUEVA GALAXIA,Lurin,Lurigancho (Chosica),62.95,63.53,86,9,95,4.0,OMNIBUS (M3),AUXILIAR CARRETERA PANAMERICANA SUR / AVENIDA SUMAC PACHA,CALLE PRINCIPAL / CALLE LOS ALAMOS,20,22,AUXILIAR CARRETERA PANAMERICANA SUR > AVENIDA SEPARADORA INDUSTRIAL > AVENIDA INDUSTRIAL > ANTIGUA PANAMERICANA SUR > ACCESO CARRETERA PANAMERICANA SUR > CARRETERA PANAMERICANA SUR > PUENTE ALIPIO PONCE > CARRETERA PANAMERICANA SUR > PUENTE PRIMAVERA > CARRETERA PANAMERICANA SUR > INTERCAMBIO VIAL SUR > VIA DE EVITAMIENTO > ACCESO CARRETERA CENTRAL > CARRETERA CENTRAL > CALLE ATAHUALPA > PUENTE ÑAÑA > CALLE ALAMEDA ÑAÑA > AVENIDA RAMIRO PRIALE > CALLE CUSIPATA > CALLE PRINCIPAL,CALLE PRINCIPAL > CALLE CUSIPATA > AVENIDA RAMIRO PRIALE > CALLE ALAMEDA ÑAÑA > PUENTE ÑAÑA > CALLE ATAHUALPA > CARRETERA CENTRAL > AVENIDA NICOLAS DE AYLLON > INTERCAMBIO VIAL PUENTE SANTA ANITA > VIA DE EVITAMIENTO > INTERCAMBIO VIAL SUR > CARRETERA PANAMERICANA SUR > PUENTE PRIMAVERA > CARRETERA PANAMERICANA SUR > PUENTE ALIPIO PONCE > CARRETERA PANAMERICANA SUR > ACCESO PUENTE ARICA > PUENTE ARICA > ANTIGUA PANAMERICANA SUR > AVENIDA INDUSTRIAL > AVENIDA SEPARADORA INDUSTRIAL > AUXILIAR CARRETERA PANAMERICANA SUR,RUTA_8406_1488.pdf,
1489,4212,EMPRESA DE TRANSPORTES Y SERVICIOS LOS ALIZOS S.A. - LOS ALIZOS S.A.,Ate,San Martin De Porres,32.98,33.08,45,5,50,4.0,OMNIBUS (M3),AVENIDA PEDRO RUIZ GALLO / PASAJE CONDOMINIO LAS FLORES,AVENIDA PROLONGACION NARANJAL / AVENIDA SAN NICOLAS,32,32,AVENIDA PEDRO RUIZ GALLO > AVENIDA LAS TORRES > CARRETERA CENTRAL > AUXILIAR CARRETERA CENTRAL (BY PASS JAVIER PRADO) > CARRETERA CENTRAL > ACCESO VIA DE EVITAMIENTO > VIA DE EVITAMIENTO > PUENTE NUEVO > VIA DE EVITAMIENTO > PUENTE HUASCAR > VIA DE EVITAMIENTO > CARRETERA PANAMERICANA NORTE > PUENTE TROMPETA > CARRETERA PANAMERICANA NORTE > AVENIDA ALFREDO MENDIOLA > OVALO HABICH > AVENIDA ALFREDO MENDIOLA > CARRETERA PANAMERICANA NORTE > AVENIDA ALFREDO MENDIOLA > OVALO TOMAS VALLE > AVENIDA ALFREDO MENDIOLA > OVALO ANGELICA GAMARRA > AVENIDA ALFREDO MENDIOLA > CARRETERA PANAMERICANA NORTE > AVENIDA ALFREDO MENDIOLA > OVALO IZAGUIRRE > AVENIDA ALFREDO MENDIOLA > CARRETERA PANAMERICANA NORTE > OVALO NARANJAL > AVENIDA NARANJAL > OVALO CANTA CALLAO > AVENIDA PROLONGACION NARANJAL,AVENIDA PROLONGACION NARANJAL > OVALO CANTA CALLAO > AVENIDA NARANJAL > OVALO NARANJAL > CARRETERA PANAMERICANA NORTE > AVENIDA ALFREDO MENDIOLA > OVALO IZAGUIRRE > AVENIDA ALFREDO MENDIOLA > CARRETERA PANAMERICANA NORTE > AVENIDA ALFREDO MENDIOLA > OVALO ANGELICA GAMARRA > AVENIDA ALFREDO MENDIOLA > OVALO TOMAS VALLE > AVENIDA ALFREDO MENDIOLA > CARRETERA PANAMERICANA NORTE > AVENIDA ALFREDO MENDIOLA > OVALO HABICH > AVENIDA ALFREDO MENDIOLA > CARRETERA PANAMERICANA NORTE > PUENTE TROMPETA > CARRETERA PANAMERICANA NORTE > VIA DE EVITAMIENTO > PUENTE HUASCAR > VIA DE EVITAMIENTO > PUENTE NUEVO > VIA DE EVITAMIENTO > ACCESO AVENIDA NICOLAS DE AYLLON > AVENIDA NICOLAS DE AYLLON > CARRETERA CENTRAL > AUXILIAR CARRETERA CENTRAL (BY PASS JAVIER PRADO) > CARRETERA CENTRAL > AVENIDA PEDRO RUIZ GALLO,RUTA_4212_1489.pdf,
1490,3816,EMPRESA DE TRANSPORTES ESPECIAL SOLIDARIDAD S.A.,San Juan De Lurigancho,Villa Maria Del Triunfo,46.59,47.1,69,7,76,4.0,MINIBUS (M2-M3),AVENIDA MAR DEL NORTE / CALLE MAR DE ARAL,CALLE TUPAC AMARU / CALLE ISIDRO SUAREZ,44,49,AVENIDA MAR DEL NORTE ESTE > AVENIDA FERNANDO WIESSE > AVENIDA MAR DEL SUR ESTE > AVENIDA CENTRAL > AVENIDA HEROES DEL CENEPA > AVENIDA JOSE CARLOS MARIATEGUI > AVENIDA CANTO GRANDE > AVENIDA EL SOL > AVENIDA PROCERES DE LA INDEPENDENCIA > AVENIDA PIRAMIDE DEL SOL > PUENTE NUEVO > AVENIDA JOSE CARLOS MARIATEGUI > OVALO LA PAZ > JIRON ANCASH > JIRON SEBASTIAN LORENTE > AVENIDA ALMIRANTE MIGUEL GRAU > AUXILIAR AVENIDA ALMIRANTE MIGUEL GRAU > JIRON PARINACOCHAS > CALLE TARATA > JIRON LUCANAS > PROLONGACION JIRON LUCANAS > AVENIDA 28 DE JULIO > PLAZA JORGE CHAVEZ > AVENIDA SALAVERRY > AVENIDA DEL EJERCITO > OVALO FEDERICO VILLARREAL > AVENIDA DEL EJERCITO > PLAZA CENTRO AMERICA > AVENIDA JOSE PARDO > PLAZA MORALES BARROS > AVENIDA JOSE PARDO > OVALO MIRAFLORES > AVENIDA JOSE OSCAR BENAVIDES > MALECON 28 DE JULIO > AVENIDA ALFREDO BENAVIDES > OVALO LOS CABITOS > AVENIDA ALFREDO BENAVIDES > AVENIDA LA GREVILLEA > AVENIDA AGUSTIN ROSA LOZANO > AVENIDA DEFENSORES DE LIMA > AVENIDA JOSE CARLOS MARIATEGUI > CALLE JOSE LA MAR > AVENIDA JOSE CARLOS MARIATEGUI > CALLE TUPAC AMARU,CALLE ISIDRO SUAREZ > AVENIDA SIMON BOLIVAR > JIRON JOSE MARIA CORDOVA > AVENIDA SIMON BOLIVAR > AVENIDA LUIS PARDO > AVENIDA PRIMAVERA > CALLE INTI RAYMI > AVENIDA JULIO CESAR TELLO > AVENIDA DEFENSORES DE LIMA > AVENIDA AGUSTIN ROSA LOZANO > AVENIDA CRISTOBAL PERALTA > JIRON CERRO LINDO > AVENIDA CIRCUNVALACION > AVENIDA ALFREDO BENAVIDES > OVALO LOS CABITOS > AVENIDA ALFREDO BENAVIDES > AVENIDA JOSE LARCO > OVALO MIRAFLORES > AVENIDA JOSE PARDO > PLAZA MORALES BARROS > AVENIDA JOSE PARDO > PLAZA CENTRO AMERICA > AVENIDA DEL EJERCITO > OVALO FEDERICO VILLARREAL > AVENIDA DEL EJERCITO > AVENIDA SALAVERRY > PLAZA JORGE CHAVEZ > AVENIDA 28 DE JULIO > AVENIDA JOSE GALVEZ > AVENIDA JAIME BAUZATE Y MEZA > JIRON HUANUCO > AVENIDA ALMIRANTE MIGUEL GRAU > JIRON JUNIN > JIRON SEBASTIAN LORENTE > JIRON ANCASH > OVALO LA PAZ > AVENIDA JOSE CARLOS MARIATEGUI > PUENTE NUEVO > AVENIDA CHINCHAYSUYO > CALLE SAN AURELIO > AVENIDA PROCERES DE LA INDEPENDENCIA > AVENIDA EL SOL > AVENIDA CANTO GRANDE > AVENIDA JOSE CARLOS MARIATEGUI > AVENIDA HEROES DEL CENEPA > AVENIDA CENTRAL > AVENIDA MAR DEL SUR ESTE > AVENIDA FERNANDO WIESSE > AVENIDA MAR DEL NORTE ESTE,RUTA_3816_1490.pdf,
1491,CR20,CONSORCIO GRUPO SALAMANCA S.A.,Callao,Villa Maria Del Triunfo,35.44,35.06,64,7,71,5.0,MINIBUS (M2-M3),AVENIDA ELMER FAUCETT / AVENIDA NESTOR GAMBETTA (OVALO 200 MILLAS),AVENIDA JOSE CARLOS MARIATEGUI / AVENIDA LATINOAMERICANA,38,43,AVENIDA ELMER FAUCETT > AVENIDA CANTA CALLAO > AVENIDA PACASMAYO > AVENIDA TOMAS VALLE > OVALO AEROPUERTO > AVENIDA ELMER FAUCETT > PUENTE ELMER FAUCETT > AVENIDA ELMER FAUCETT > AVENIDA DE LOS PRECURSORES > AVENIDA LAS LEYENDAS > AVENIDA MARISCAL JOSE LA MAR > AVENIDA JOSE DE LA RIVA AGÜERO > AVENIDA LIMA > CALLE LEONCIO PRADO > PASAJE SAN LUIS > AVENIDA CONSTANERA > AVENIDA JUAN BERTOLOTTO > AVENIDA ESPINAR > AVENIDA ANTONIO JOSE DE SUCRE > JIRON DIEGO FERRE > AVENIDA DEL EJERCITO > OVALO FEDERICO VILLAREAL > AVENIDA DEL EJERCITO > PLAZA CENTRO AMERICA > AVENIDA JOSE PARDO > PLAZA MORALES BARROS > AVENIDA JOSE PARDO > OVALO MIRAFLORES > AVENIDA MARISCAL ÓSCAR R. BENAVIDES > BAJADA BALTA > AVENIDA ALFREDO BENAVIDES > OVALO LOS CABITOS > AVENIDA ALFREDO BENAVIDES > PUENTE BENAVIDES > AVENIDA LA GREVILLEA > AVENIDA AGUSTÍN LA ROSA LOZANO > AVENIDA SALVADOR ALLENDE > AVENIDA JOSÉ CARLOS MARIATEGUI,AVENIDA LATINOAMÉRICA > AVENIDA PRIMAVERA > JIRON INTI RAYMI > AVENIDA JULIO C. TELLO > JIRON MARIANO MELGAR > AVENIDA SAN PANDO EGUSQUIZA > CALLE SANTO TORIBIO > AVENIDA SALVADOR ALLENDE > AVENIDA AGUSTIN LA ROSA LOZANO > JIRON CERRO LINDO > AVENIDA CIRCUNVALACIÓN > PUENTE BENAVIDES > AVENIDA ALFREDO BENAVIDES > OVALO LOS CABITOS > AVENIDA ALFREDO BENAVIDES > AVENIDA LARCO > OVALO MIRAFLORES > AVENIDA JOSE PARDO > PLAZA MORALES BARROS > AVENIDA JOSE PARDO > PLAZA CENTRO AMÉRICA > AVENIDA DEL EJÉRCITO > OVALO FEDERICO VILLAREAL > AVENIDA DEL EJERCITO > CALLE DIEGO FERRE > AVENIDA ANTONIO JOSE DE SUCRE > JIRON SALAVERRY > JIRON FEDERICO GALLESI > AVENIDA INDEPENDENCIA > AVENIDA LA LIBERTAD > CALLE MANUEL VILLAVICENCIO > AVENIDA JOSE DE LA RIVA AGUERO > AVENIDA MARISCAL JOSE LA MAR > AVENIDA LAS LEYENDAS > AVENIDA DE LOS PRECURSORES > AVENIDA ELMER FAUCETT > PUENTEELMERFAUCETT > AVENIDA ELMER FAUCETT > OVALO AEROPUERTO > AVENIDA TOMAS VALLE > AVENIDA PACASMAYO > AVENIDA CANTA CALLAO > AVENIDA ELMERT FAUCETT,RUTA_CR20_1491.pdf,
1492,8509,EMPRESA DE TRANSPORTES Y SERVICIOS SALVADOR S.A.C.,Villa El Salvador,Los Olivos,47.22,48.21,65,7,72,5.0,OMNIBUS (M3),AVENIDA MARIA REICHE / AVENIDA SEPARADORA INDUSTRIAL,AVENIDA NARANJAL / AVENIDA LOS PROCERES DE HUANDOY,32,36,AVENIDA MARIA REICHE > AVENIDA REVOLUCION > AVENIDA 1 DE MAYO > ANTIGUA PANAMERICANA SUR > AVENIDA PEDRO JOSE MIOTA > CARRETERA PANAMERICANA SUR > INTERCAMBIO VIAL PUENTE ATOCONGO > AVENIDA SANTIAGO DE SURCO > VIA AUXILIAR AVENIDA SANTIAGO DE SURCO > AVENIDA CAMINOS DEL INCA > AVENIDA SAN LUIS > AVENIDA MEXICO > JIRON PARINACOCHAS > AVENIDA 28 DE JULIO > PLAZA JORGE CHAVEZ > AVENIDA GUZMAN BLANCO > PLAZA FRANCISCO BOLOGNESI > AVENIDA ARICA > AVENIDA AGUARICO > AVENIDA VENEZUELA > PUENTE ARICA > AVENIDA ARICA > AVENIDA LUIS BRAILLE > AVENIDA REYNALDO SAAVEDRA PIÑON > AVENIDA VICTOR SARRIA ARZUBIAGA > VIA AUXILIAR AVENIDA OSCAR R. BENAVIDES > AVENIDA UNIVERSITARIA > PUENTE BELLA UNION > AVENIDA UNIVERSITARIA > AVENIDA ANTUNEZ DE MAYOLO > AVENIDA LAS PALMERAS > AVENIDA NARANJAL,AVENIDA NARANJAL > AVENIDA LAS PALMERAS > AVENIDA ANTUNEZ DE MAYOLO > AVENIDA UNIVERSITARIA > PUENTE BELLA UNION > AVENIDA UNIVERSITARIA > VIA AUXILIAR AVENIDA OSCAR. BENAVIDES > AVENIDA VICTOR SARRIA ARZUBIAGA > AVENIDA REYNALDO SAAVEDRA PIÑON > AVENIDA LUIS BRAILLE > AVENIDA ARICA > AVENIDA NACIONES UNIDAS > AVENIDA VENEZUELA > PUENTE ARICA > AVENIDA ARICA > PLAZA FRANCISCO BOLOGNESI > AVENIDA GUZMAN BLANCO > PLAZA JORGE CHAVEZ > AVENIDA 28 DE JULIO > AVENIDA PASEO DE LA REPUBLICA > AVENIDA JAIME BAUZATE Y MEZA > JIRON PARINACOCHAS > AVENIDA MEXICO > AVENIDA SAN LUIS > AVENIDA CAMINOS DEL INCA > AVENIDA LOS PROCERES > AVENIDA LOS PROCERES (VUELTA EN U ALT. ALAMEDA DOMINGO TRISTAN Y MOSCOSO) > AVENIDA LOS PROCERES > AVENIDA SANTIAGO DE SURCO > INTERCAMBIO VIAL PUENTE ATOCONGO > AVENIDA LOS LIRIOS > AVENIDA PEDRO JOSE MIOTA > ANTIGUA PANAMERICANA SUR > AVENIDA 1 DE MAYO > AVENIDA REVOLUCION > AVENIDA MARIA REICHE,RUTA_8509_1492.pdf,
