{"type":"FeatureCollection","features":[{"type":"Feature","properties":{"fuente":"OpenStreetMap 2026-10-02 (recorrido.py)","pasos":[{"accion":"inicio","via":"","m":11},{"accion":"derecha","via":"Avenida 28 de Julio","m":98},{"accion":"izquierda","via":"Avenida Paseo de la República","m":1368},{"accion":"sigue","via":"Avenida Prolongación Iquitos","m":834},{"accion":"izquierda","via":"Avenida Juan Pardo de Zela","m":157},{"accion":"sigue","via":"Avenida Canadá","m":4407},{"accion":"derecha","via":"Avenida Circunvalación","m":1540},{"accion":"sigue","via":"Carretera Panamericana Sur","m":315},{"accion":"sigue","via":"Avenida Panamericana Sur","m":82},{"accion":"sigue","via":"Carretera Panamericana Sur","m":5381},{"accion":"sigue","via":"Avenida Panamericana Sur","m":1640},{"accion":"izquierda","via":"Avenida Los Álamos","m":104},{"accion":"derecha","via":"Avenida Paseo de la República","m":57},{"accion":"sigue","via":"Avenida Los Álamos","m":90},{"accion":"sigue","via":"Avenida Panamericana Sur","m":3575},{"accion":"sigue","via":"Carretera Panamericana Sur","m":42184}],"sin_calle":1,"fuera":[0,955199]},"geometry":{"type":"LineString","coordinates":[[-77.033277,-12.063528],[-77.033247,-12.063623],[-77.034138,-12.063738],[-77.03357,-12.065238],[-77.03247,-12.068308],[-77.030916,-12.072795],[-77.030602,-12.073419],[-77.030032,-12.074988],[-77.029617,-12.075876],[-77.029561,-12.07605],[-77.029481,-12.076482],[-77.029411,-12.076732],[-77.028942,-12.077804],[-77.028809,-12.078617],[-77.028613,-12.08049],[-77.028289,-12.082693],[-77.026807,-12.082514],[-77.025597,-12.082309],[-77.02238,-12.081649],[-77.020916,-12.081371],[-77.020522,-12.081314],[-77.019863,-12.081298],[-77.019398,-12.081323],[-77.019121,-12.081369],[-77.018423,-12.081544],[-77.017265,-12.08201],[-77.011663,-12.084512],[-77.010849,-12.084897],[-77.010423,-12.084998],[-77.010186,-12.085018],[-77.009945,-12.085004],[-77.007408,-12.084621],[-76.999355,-12.083499],[-76.998777,-12.083348],[-76.998253,-12.083122],[-76.997631,-12.082763],[-76.997326,-12.082559],[-76.996215,-12.081892],[-76.995822,-12.081694],[-76.995305,-12.081531],[-76.994136,-12.081285],[-76.993625,-12.081116],[-76.993423,-12.081021],[-76.992928,-12.080711],[-76.990117,-12.078563],[-76.989056,-12.077784],[-76.988444,-12.078527],[-76.987522,-12.079748],[-76.984359,-12.083789],[-76.984253,-12.084034],[-76.984192,-12.084281],[-76.983859,-12.086151],[-76.983799,-12.08633],[-76.983721,-12.086465],[-76.983459,-12.08673],[-76.982339,-12.087568],[-76.982135,-12.087756],[-76.981718,-12.088272],[-76.981605,-12.08845],[-76.981413,-12.088835],[-76.981327,-12.08907],[-76.980786,-12.092621],[-76.980543,-12.094544],[-76.980283,-12.096258],[-76.979059,-12.105066],[-76.97843,-12.109425],[-76.977381,-12.117227],[-76.977316,-12.118011],[-76.977032,-12.127029],[-76.977081,-12.127675],[-76.977213,-12.128236],[-76.977341,-12.128667],[-76.979939,-12.135346],[-76.980204,-12.136084],[-76.980506,-12.137121],[-76.980694,-12.138001],[-76.981922,-12.144976],[-76.982214,-12.146424],[-76.982541,-12.147585],[-76.983433,-12.150239],[-76.983698,-12.151245],[-76.983832,-12.152146],[-76.983918,-12.153061],[-76.983916,-12.153954],[-76.983839,-12.154895],[-76.983873,-12.155088],[-76.984041,-12.155521],[-76.983971,-12.155794],[-76.984141,-12.155934],[-76.984412,-12.156068],[-76.984304,-12.156187],[-76.984109,-12.156837],[-76.983929,-12.156928],[-76.983634,-12.156858],[-76.983392,-12.15764],[-76.983252,-12.157769],[-76.98304,-12.158032],[-76.979801,-12.168993],[-76.979216,-12.171063],[-76.978414,-12.173531],[-76.977107,-12.1777],[-76.975232,-12.183497],[-76.974162,-12.186896],[-76.973691,-12.18847],[-76.973085,-12.190286],[-76.972878,-12.191093],[-76.972926,-12.19127],[-76.972865,-12.191617],[-76.972753,-12.191781],[-76.972697,-12.192349],[-76.972672,-12.192878],[-76.972697,-12.193623],[-76.972765,-12.19427],[-76.977084,-12.21777],[-76.977101,-12.218161],[-76.977074,-12.218673],[-76.976992,-12.219189],[-76.976868,-12.219619],[-76.976687,-12.220073],[-76.976492,-12.220453],[-76.976309,-12.220741],[-76.97597,-12.221192],[-76.974945,-12.222271],[-76.971728,-12.225569],[-76.969105,-12.22808],[-76.968565,-12.228748],[-76.967602,-12.229763],[-76.966929,-12.230366],[-76.966374,-12.230803],[-76.965993,-12.231058],[-76.965136,-12.231557],[-76.963044,-12.232637],[-76.963016,-12.232708],[-76.962889,-12.232717],[-76.960833,-12.233764],[-76.94618,-12.241367],[-76.939631,-12.244789],[-76.935771,-12.246766],[-76.934993,-12.247203],[-76.934469,-12.24753],[-76.933916,-12.247919],[-76.927934,-12.252488],[-76.926877,-12.253195],[-76.921524,-12.25625],[-76.915658,-12.259949],[-76.912447,-12.262002],[-76.911632,-12.262484],[-76.905096,-12.266602],[-76.900043,-12.269746],[-76.894338,-12.273369],[-76.881535,-12.281361],[-76.861751,-12.293788],[-76.859696,-12.295103],[-76.858216,-12.295956],[-76.856967,-12.29657],[-76.8466,-12.301169],[-76.843482,-12.302579],[-76.842946,-12.302856],[-76.84187,-12.303494],[-76.840727,-12.304254],[-76.840299,-12.3046],[-76.839284,-12.305471],[-76.838799,-12.305946],[-76.838005,-12.306777],[-76.837094,-12.3079],[-76.836389,-12.308874],[-76.813266,-12.343539],[-76.812596,-12.344428],[-76.81215,-12.344897],[-76.793414,-12.362912],[-76.792555,-12.363712],[-76.789513,-12.366632],[-76.788346,-12.367795],[-76.784678,-12.37136],[-76.771046,-12.384553],[-76.763507,-12.391764],[-76.758079,-12.397024],[-76.757708,-12.39743],[-76.757364,-12.397899],[-76.757115,-12.398386],[-76.756896,-12.399008],[-76.756789,-12.399492],[-76.756746,-12.399831],[-76.756686,-12.408235],[-76.756626,-12.409459],[-76.756532,-12.410079],[-76.754901,-12.417171],[-76.75436,-12.419585],[-76.754249,-12.42018],[-76.754163,-12.420817],[-76.753517,-12.428315],[-76.753482,-12.429301],[-76.753517,-12.429923],[-76.753618,-12.430693],[-76.75373,-12.431216],[-76.754818,-12.434859],[-76.75684,-12.441843],[-76.756962,-12.442383],[-76.75703,-12.442864],[-76.75707,-12.443625],[-76.757063,-12.443999],[-76.756959,-12.444841],[-76.756832,-12.445426],[-76.756058,-12.44828],[-76.753246,-12.458501],[-76.752243,-12.462473],[-76.752033,-12.462416],[-76.751722,-12.463538],[-76.751398,-12.464797],[-76.751527,-12.465093],[-76.742092,-12.499586],[-76.74182,-12.50045],[-76.741586,-12.501088],[-76.741062,-12.502342],[-76.740327,-12.503749],[-76.739731,-12.504715],[-76.73183,-12.515828],[-76.730997,-12.516908],[-76.727425,-12.521039],[-76.726458,-12.522303],[-76.726075,-12.522867],[-76.725493,-12.523842],[-76.725181,-12.524446],[-76.722876,-12.529375],[-76.722228,-12.530823],[-76.721371,-12.532921],[-76.719337,-12.537225],[-76.710462,-12.556846],[-76.709699,-12.558491],[-76.709485,-12.558891],[-76.708989,-12.559652],[-76.708571,-12.560191],[-76.708268,-12.56053],[-76.707437,-12.56131],[-76.705323,-12.56305],[-76.694097,-12.572032],[-76.693372,-12.572587],[-76.692806,-12.572973],[-76.69183,-12.573568],[-76.691027,-12.574007],[-76.667697,-12.585691],[-76.666892,-12.586125],[-76.666127,-12.586625],[-76.665592,-12.587052],[-76.664615,-12.588008],[-76.664167,-12.588522],[-76.663908,-12.588895],[-76.663554,-12.589477],[-76.663243,-12.590082],[-76.662847,-12.591143],[-76.662611,-12.592016],[-76.6625,-12.592685],[-76.66243,-12.59336],[-76.66242,-12.596073],[-76.66245,-12.598107],[-76.662534,-12.599008],[-76.662622,-12.599681],[-76.662842,-12.60079],[-76.663119,-12.601887],[-76.663397,-12.602749],[-76.664191,-12.60487],[-76.67036,-12.620701],[-76.670635,-12.621799],[-76.670709,-12.622245],[-76.670777,-12.623373],[-76.670704,-12.624501],[-76.670671,-12.624724],[-76.670555,-12.625393],[-76.669739,-12.62822],[-76.669563,-12.629107],[-76.669473,-12.630006],[-76.669461,-12.630684],[-76.6695,-12.631361],[-76.669638,-12.632256],[-76.669941,-12.633579],[-76.670045,-12.634477],[-76.670069,-12.635154],[-76.670055,-12.635606],[-76.669958,-12.636505],[-76.669779,-12.637392],[-76.663382,-12.656026],[-76.662848,-12.657519],[-76.662281,-12.658755],[-76.661963,-12.659356],[-76.661387,-12.660334],[-76.660348,-12.661826],[-76.652176,-12.672747],[-76.651804,-12.673317],[-76.65129,-12.674327],[-76.650974,-12.675176],[-76.650791,-12.67583],[-76.648799,-12.685582],[-76.648584,-12.686462],[-76.648154,-12.68775],[-76.647818,-12.688592],[-76.647141,-12.690027],[-76.646695,-12.690817],[-76.645975,-12.691974],[-76.641634,-12.698633],[-76.640995,-12.699572],[-76.63704,-12.705669],[-76.636245,-12.706777],[-76.635219,-12.707995],[-76.634261,-12.708969],[-76.633227,-12.709866],[-76.621716,-12.719218],[-76.621382,-12.719529],[-76.620427,-12.720507],[-76.619984,-12.721025],[-76.619273,-12.721913],[-76.618624,-12.722845],[-76.618144,-12.723616],[-76.617724,-12.724421],[-76.617148,-12.725652],[-76.616673,-12.726926],[-76.616353,-12.728011],[-76.614252,-12.736582],[-76.6128,-12.742284],[-76.612474,-12.743368],[-76.612258,-12.744012],[-76.611737,-12.745267],[-76.611128,-12.746484],[-76.610294,-12.747837],[-76.605518,-12.754479],[-76.603832,-12.756905],[-76.602745,-12.758362],[-76.593666,-12.769159],[-76.58735,-12.776631],[-76.586441,-12.77765],[-76.585636,-12.778456],[-76.585123,-12.778909],[-76.584416,-12.779486],[-76.583689,-12.780038],[-76.582539,-12.780785],[-76.581947,-12.781131],[-76.571316,-12.786962],[-76.565082,-12.790344],[-76.560647,-12.792724],[-76.559865,-12.793197],[-76.559113,-12.793717],[-76.558378,-12.794259],[-76.557852,-12.794698],[-76.554783,-12.797423],[-76.550444,-12.801123],[-76.543377,-12.807246],[-76.542883,-12.807719],[-76.542444,-12.808241],[-76.542322,-12.808432],[-76.542088,-12.808821],[-76.541916,-12.80924],[-76.54178,-12.809671],[-76.541684,-12.810113],[-76.541337,-12.812576],[-76.541226,-12.813246],[-76.541117,-12.813685],[-76.540843,-12.814548],[-76.540581,-12.815175],[-76.540042,-12.816172],[-76.539665,-12.81674],[-76.53925,-12.817281],[-76.53747,-12.819352],[-76.53476,-12.822424],[-76.526986,-12.831347],[-76.525522,-12.833089],[-76.524981,-12.833819],[-76.524368,-12.834775],[-76.523697,-12.835959],[-76.523049,-12.837407],[-76.522546,-12.83867],[-76.522267,-12.83929],[-76.52175,-12.8403],[-76.521302,-12.841089],[-76.520703,-12.842053],[-76.520058,-12.842988],[-76.519348,-12.843877],[-76.51876,-12.844571],[-76.516453,-12.847089],[-76.515585,-12.848142],[-76.514919,-12.849063],[-76.514215,-12.850229],[-76.513793,-12.851032],[-76.513313,-12.852059],[-76.512843,-12.853334],[-76.512465,-12.854638],[-76.511595,-12.857919],[-76.511215,-12.859457],[-76.511033,-12.860573],[-76.510956,-12.861247],[-76.51089,-12.862828],[-76.510903,-12.863507],[-76.51125,-12.869375],[-76.511286,-12.870957],[-76.510909,-12.882934],[-76.510817,-12.883834],[-76.510657,-12.884953],[-76.51052,-12.885618],[-76.510185,-12.886934],[-76.509814,-12.888004],[-76.502252,-12.90572],[-76.501828,-12.90677],[-76.501619,-12.907416],[-76.501437,-12.908303],[-76.501342,-12.909202],[-76.501324,-12.90988],[-76.501342,-12.910332],[-76.501471,-12.911455],[-76.501852,-12.91437],[-76.502004,-12.915718],[-76.502018,-12.916396],[-76.501991,-12.917074],[-76.501937,-12.917523],[-76.501776,-12.918413],[-76.501536,-12.919286],[-76.499841,-12.924686],[-76.499569,-12.925784],[-76.499444,-12.926679],[-76.499379,-12.927808],[-76.499361,-12.929164],[-76.499188,-12.930965],[-76.499003,-12.932081],[-76.498743,-12.933182],[-76.498274,-12.934695],[-76.497763,-12.935955],[-76.496789,-12.938002],[-76.496463,-12.938847],[-76.496308,-12.939507],[-76.496267,-12.939957],[-76.49626,-12.940409],[-76.496296,-12.940859],[-76.496377,-12.941304],[-76.496516,-12.941735],[-76.496694,-12.942151],[-76.497027,-12.942745],[-76.497296,-12.943111],[-76.4976,-12.94345],[-76.497932,-12.943762],[-76.4983,-12.944033],[-76.499826,-12.945038],[-76.500356,-12.945471],[-76.500672,-12.945799],[-76.500942,-12.946164],[-76.501264,-12.946763],[-76.50135,-12.946972],[-76.501507,-12.947397],[-76.501632,-12.947832],[-76.501741,-12.948501],[-76.501744,-12.949179],[-76.501622,-12.950075],[-76.498746,-12.967252],[-76.498422,-12.96857],[-76.498117,-12.969423],[-76.494627,-12.977788],[-76.49012,-12.988431],[-76.486964,-12.995953],[-76.485714,-12.99887],[-76.481958,-13.007861],[-76.47938,-13.013906],[-76.476842,-13.019968],[-76.475733,-13.022451],[-76.473728,-13.027261],[-76.473205,-13.028758],[-76.473018,-13.029411],[-76.472862,-13.030071],[-76.472603,-13.031633],[-76.472527,-13.032307],[-76.472454,-13.033662],[-76.472392,-13.037731],[-76.472342,-13.03886],[-76.472296,-13.03931],[-76.472135,-13.0402],[-76.471805,-13.041516],[-76.471337,-13.042792],[-76.470867,-13.043823],[-76.470417,-13.044611],[-76.469916,-13.045369],[-76.468853,-13.046845],[-76.464412,-13.052608],[-76.463242,-13.054002],[-76.462467,-13.054836],[-76.460977,-13.056245],[-76.456948,-13.059607],[-76.452197,-13.063528],[-76.451195,-13.064458],[-76.450425,-13.065297],[-76.449849,-13.066001],[-76.449177,-13.066917],[-76.448678,-13.067676],[-76.444025,-13.075473],[-76.443254,-13.076597],[-76.442827,-13.077129],[-76.442294,-13.077865],[-76.441705,-13.078559],[-76.439435,-13.081109],[-76.43395,-13.087497],[-76.427356,-13.095033],[-76.42588,-13.096765],[-76.416139,-13.107898],[-76.414917,-13.109249],[-76.413812,-13.110398],[-76.412811,-13.11133],[-76.41173,-13.112171],[-76.410779,-13.112804],[-76.40999,-13.113266],[-76.408771,-13.113898],[-76.399843,-13.118049],[-76.399235,-13.118365],[-76.398848,-13.118609],[-76.398107,-13.119143],[-76.397432,-13.119756],[-76.396813,-13.120423],[-76.396533,-13.120781],[-76.39615,-13.121345],[-76.395807,-13.121932],[-76.389897,-13.133431],[-76.387993,-13.137043],[-76.386661,-13.139673],[-76.384776,-13.143295],[-76.384415,-13.144126],[-76.384208,-13.144773],[-76.383719,-13.14675],[-76.38342,-13.147604],[-76.383152,-13.148228],[-76.382834,-13.148829],[-76.382719,-13.149025],[-76.381933,-13.150139],[-76.379119,-13.153992],[-76.378819,-13.154334],[-76.378484,-13.154642],[-76.37775,-13.155185],[-76.377577,-13.155333],[-76.377433,-13.155508],[-76.377255,-13.155649],[-76.375357,-13.156921],[-76.374105,-13.15791],[-76.373526,-13.158277],[-76.372898,-13.158552],[-76.372538,-13.158833],[-76.371792,-13.159358],[-76.370837,-13.159983],[-76.370297,-13.160403],[-76.369325,-13.161004],[-76.368389,-13.161659],[-76.366053,-13.163488],[-76.360725,-13.167787],[-76.35947,-13.168775],[-76.359133,-13.169082],[-76.358375,-13.169931],[-76.357852,-13.170674],[-76.356933,-13.172495],[-76.356706,-13.173135],[-76.356587,-13.173572],[-76.356544,-13.173793],[-76.356424,-13.174918],[-76.356411,-13.175822],[-76.356455,-13.176725],[-76.356551,-13.177396],[-76.356649,-13.178749],[-76.356546,-13.180328],[-76.356446,-13.180999],[-76.356224,-13.182108],[-76.355967,-13.18321],[-76.355466,-13.184713],[-76.355343,-13.185149],[-76.355158,-13.185563],[-76.354644,-13.186574],[-76.354194,-13.187361],[-76.353389,-13.188461],[-76.353023,-13.189035],[-76.352555,-13.189533],[-76.351831,-13.190409],[-76.350366,-13.191844],[-76.348981,-13.193354],[-76.348021,-13.194328],[-76.347511,-13.194782],[-76.346702,-13.195583],[-76.346123,-13.196283],[-76.344525,-13.197906],[-76.343867,-13.198537],[-76.343075,-13.199355],[-76.342462,-13.200028],[-76.341007,-13.201473],[-76.340397,-13.202149],[-76.339884,-13.202601],[-76.339252,-13.203257],[-76.338919,-13.203567],[-76.338772,-13.203741],[-76.338513,-13.204113],[-76.337586,-13.205115],[-76.337146,-13.205636],[-76.336888,-13.20601],[-76.335983,-13.207032],[-76.335411,-13.207739],[-76.334936,-13.20823],[-76.333596,-13.209779],[-76.332918,-13.21069],[-76.332342,-13.211395],[-76.330826,-13.213091],[-76.330561,-13.21346],[-76.32995,-13.214135],[-76.329394,-13.214855],[-76.328065,-13.216412],[-76.327794,-13.216777],[-76.327213,-13.217477],[-76.326451,-13.218322],[-76.3259,-13.219046],[-76.325741,-13.219209],[-76.325383,-13.219488],[-76.32506,-13.21981],[-76.324461,-13.220495],[-76.323945,-13.220945],[-76.322306,-13.222183],[-76.321161,-13.222937],[-76.320569,-13.223283],[-76.31976,-13.223711],[-76.318933,-13.224105],[-76.318299,-13.224371],[-76.316781,-13.224889],[-76.316123,-13.225089],[-76.315231,-13.225305],[-76.313879,-13.225565],[-76.313197,-13.225653],[-76.311594,-13.225772],[-76.308609,-13.22578],[-76.305629,-13.22562],[-76.303104,-13.225612],[-76.301961,-13.225711],[-76.300183,-13.22616],[-76.299332,-13.226498],[-76.298716,-13.226802],[-76.298132,-13.22716],[-76.297385,-13.227686],[-76.296449,-13.228681],[-76.295766,-13.229589],[-76.294484,-13.231465],[-76.292128,-13.234809],[-76.291718,-13.235354],[-76.291072,-13.236288],[-76.290404,-13.237207],[-76.289924,-13.237978],[-76.289648,-13.238339],[-76.286689,-13.242645],[-76.286461,-13.243038],[-76.286157,-13.243646],[-76.285681,-13.244919],[-76.278867,-13.266509],[-76.278389,-13.267781],[-76.277557,-13.269888],[-76.276623,-13.271954],[-76.275913,-13.273373],[-76.274934,-13.275165],[-76.273568,-13.277521],[-76.273017,-13.278513],[-76.272656,-13.27909],[-76.27064,-13.282642],[-76.270399,-13.283027],[-76.269875,-13.283769],[-76.269425,-13.284282],[-76.26909,-13.284592],[-76.268317,-13.285427],[-76.261327,-13.29261],[-76.26025,-13.293784],[-76.259836,-13.294326],[-76.259337,-13.295085],[-76.258707,-13.296291],[-76.258147,-13.29753],[-76.257823,-13.298376],[-76.257298,-13.29963],[-76.256543,-13.301027],[-76.256246,-13.301638],[-76.25602,-13.302032],[-76.255246,-13.303154],[-76.25496,-13.303507],[-76.254502,-13.304013],[-76.253976,-13.304753],[-76.252118,-13.307053],[-76.251027,-13.308509],[-76.250271,-13.309642],[-76.249277,-13.311426],[-76.248557,-13.312841],[-76.247902,-13.314286],[-76.247472,-13.315085],[-76.244917,-13.320146],[-76.242964,-13.324237],[-76.242358,-13.325197],[-76.227299,-13.345162],[-76.226387,-13.346465],[-76.217076,-13.360459],[-76.211173,-13.370155],[-76.210838,-13.370748],[-76.197123,-13.396598],[-76.194471,-13.402116],[-76.194054,-13.402921],[-76.193036,-13.405197],[-76.192882,-13.405624],[-76.19266,-13.406501],[-76.19177,-13.410937],[-76.191059,-13.414255],[-76.19068,-13.415559],[-76.19021,-13.41659],[-76.188978,-13.418497],[-76.18643,-13.422259],[-76.185825,-13.42322],[-76.185295,-13.424222],[-76.185043,-13.424853],[-76.183561,-13.429371],[-76.183253,-13.430223],[-76.183124,-13.430657],[-76.182678,-13.43194],[-76.182268,-13.433235],[-76.182021,-13.433868],[-76.181836,-13.434522],[-76.181541,-13.435378],[-76.18101,-13.437344],[-76.180775,-13.438909],[-76.18045,-13.442285],[-76.180405,-13.442962],[-76.180111,-13.445887],[-76.180071,-13.446564],[-76.179429,-13.453544],[-76.179339,-13.454217],[-76.179028,-13.457594],[-76.178938,-13.459174],[-76.178946,-13.459852],[-76.179072,-13.461203],[-76.179266,-13.462317],[-76.179566,-13.463408],[-76.18035,-13.465533],[-76.181885,-13.469554],[-76.18242,-13.471046],[-76.183616,-13.474226],[-76.183936,-13.475312],[-76.1841,-13.47597],[-76.184321,-13.477309],[-76.18439,-13.477984],[-76.184966,-13.492896],[-76.185084,-13.49538],[-76.185388,-13.503288],[-76.18542,-13.504644],[-76.185383,-13.505547],[-76.185255,-13.506898],[-76.183451,-13.519434],[-76.183208,-13.521227],[-76.18314,-13.521902],[-76.1831,-13.522805],[-76.18307,-13.539988],[-76.18297,-13.541567],[-76.18288,-13.542239],[-76.180992,-13.552242],[-76.180923,-13.552689],[-76.180838,-13.553816],[-76.180502,-13.561043],[-76.180384,-13.562168],[-76.18019,-13.563282],[-76.179903,-13.564376],[-76.179631,-13.56524],[-76.179316,-13.566089],[-76.178532,-13.567725],[-76.176371,-13.571969],[-76.175809,-13.572955],[-76.174074,-13.575619],[-76.168413,-13.58413],[-76.167959,-13.584916],[-76.16746,-13.585934],[-76.166858,-13.587401],[-76.16665,-13.588047],[-76.166355,-13.58914],[-76.166051,-13.590923],[-76.165949,-13.592049],[-76.165943,-13.592953],[-76.166529,-13.602205],[-76.166555,-13.602883],[-76.166704,-13.604912],[-76.166802,-13.605811],[-76.166904,-13.606482],[-76.167144,-13.607817],[-76.167494,-13.609129],[-76.167973,-13.61064],[-76.171004,-13.619654],[-76.171975,-13.622672],[-76.172446,-13.624653],[-76.172675,-13.626219],[-76.172781,-13.627571],[-76.172845,-13.629379],[-76.172995,-13.632088],[-76.173068,-13.634348],[-76.173293,-13.638864],[-76.173577,-13.646319],[-76.173591,-13.647224],[-76.173871,-13.653322],[-76.173916,-13.65513],[-76.17404,-13.658293],[-76.173993,-13.659423],[-76.173747,-13.660986],[-76.173692,-13.661205],[-76.173573,-13.661642],[-76.173217,-13.662716],[-76.172881,-13.663558],[-76.172377,-13.664574],[-76.171902,-13.665347],[-76.171383,-13.666093],[-76.170701,-13.667002],[-76.170202,-13.667761],[-76.169805,-13.668315],[-76.169245,-13.669032],[-76.167665,-13.671254],[-76.167157,-13.672008],[-76.165807,-13.673837],[-76.165559,-13.674217],[-76.164896,-13.675406],[-76.164398,-13.67667],[-76.163996,-13.677968],[-76.163757,-13.679073],[-76.163654,-13.679972],[-76.1636,-13.681327],[-76.163609,-13.682684],[-76.163651,-13.68404],[-76.16374,-13.692857],[-76.163787,-13.693533],[-76.164052,-13.695094],[-76.164233,-13.695749],[-76.164979,-13.698125],[-76.165205,-13.699001],[-76.165453,-13.700564],[-76.165521,-13.701466],[-76.165527,-13.702371],[-76.16539,-13.707795],[-76.165386,-13.708926],[-76.165342,-13.710055],[-76.165321,-13.712316],[-76.165273,-13.713219],[-76.16525,-13.714349],[-76.165121,-13.717738],[-76.165139,-13.719321],[-76.165202,-13.719996],[-76.165357,-13.720887],[-76.166437,-13.725048],[-76.166647,-13.72616],[-76.166857,-13.727501],[-76.166989,-13.728623],[-76.167089,-13.730203],[-76.167043,-13.732237],[-76.166933,-13.733589],[-76.16666,-13.735378],[-76.165925,-13.738922],[-76.16574,-13.740038],[-76.165708,-13.740262],[-76.16566,-13.741391],[-76.165696,-13.74252],[-76.165834,-13.74387],[-76.165938,-13.74454],[-76.166169,-13.745415],[-76.166859,-13.747572],[-76.167196,-13.748887],[-76.167416,-13.750454],[-76.167455,-13.750905],[-76.167446,-13.75226],[-76.167366,-13.753161],[-76.16721,-13.75428],[-76.167024,-13.755166],[-76.166655,-13.756706],[-76.166433,-13.757815],[-76.166302,-13.759165],[-76.166278,-13.760521],[-76.166361,-13.761422],[-76.166489,-13.762317],[-76.166722,-13.763424],[-76.169114,-13.77239],[-76.169563,-13.774143],[-76.169754,-13.775028],[-76.169828,-13.775474],[-76.169866,-13.776604],[-76.169861,-13.777056],[-76.169742,-13.777723],[-76.169629,-13.778162],[-76.16934,-13.77902],[-76.168848,-13.78004],[-76.165619,-13.785515],[-76.163524,-13.789023],[-76.1628,-13.790177],[-76.15969,-13.795457],[-76.145394,-13.81944],[-76.144563,-13.820794],[-76.144011,-13.821785],[-76.143823,-13.822198],[-76.143489,-13.82304],[-76.141934,-13.827534],[-76.141522,-13.82859],[-76.141065,-13.829869],[-76.140507,-13.831592],[-76.139954,-13.833078],[-76.138782,-13.836507],[-76.13861,-13.836926],[-76.138188,-13.838217],[-76.137863,-13.839063],[-76.137587,-13.839926],[-76.13678,-13.842282],[-76.133295,-13.8521],[-76.131983,-13.85572],[-76.127236,-13.869414],[-76.126312,-13.87197],[-76.125261,-13.874961],[-76.125008,-13.875592],[-76.124472,-13.876592],[-76.123971,-13.877349],[-76.123405,-13.878061],[-76.122935,-13.878556],[-76.12242,-13.879006],[-76.121695,-13.879562],[-76.120922,-13.880047],[-76.119045,-13.880899],[-76.115026,-13.882569],[-76.105994,-13.886494],[-76.102402,-13.887998],[-76.098626,-13.889652],[-76.094186,-13.891503],[-76.086408,-13.894868],[-76.076701,-13.898965],[-76.073551,-13.900335],[-76.072094,-13.901003],[-76.068085,-13.902695],[-76.063847,-13.904436],[-76.063415,-13.904591],[-76.062304,-13.904871],[-76.061397,-13.905011],[-76.06048,-13.905059],[-76.057726,-13.905132],[-76.051069,-13.905257],[-76.048543,-13.905283],[-76.038444,-13.905518],[-76.036608,-13.905581],[-76.036151,-13.905618],[-76.03502,-13.905811],[-76.03345,-13.906151],[-76.024282,-13.908253],[-76.020243,-13.909115],[-76.017784,-13.909683],[-76.01668,-13.909991],[-76.016039,-13.910239],[-76.015426,-13.910547],[-76.014845,-13.910911],[-76.014478,-13.911182],[-76.013785,-13.911775],[-76.00715,-13.918351],[-76.006139,-13.919272],[-76.005582,-13.919672],[-76.004999,-13.920031],[-76.004389,-13.920348],[-76.003761,-13.920626],[-76.002447,-13.92103],[-75.986013,-13.925274],[-75.981341,-13.926449],[-75.978904,-13.927102],[-75.969791,-13.929424],[-75.968894,-13.929618],[-75.967982,-13.929719],[-75.953524,-13.930128],[-75.929195,-13.930766],[-75.928049,-13.930823],[-75.924385,-13.931094],[-75.922093,-13.931214],[-75.9182,-13.931494],[-75.915683,-13.931699],[-75.910644,-13.932042],[-75.908351,-13.932152],[-75.906515,-13.932209],[-75.901939,-13.932588],[-75.899658,-13.932843],[-75.893702,-13.933234],[-75.887061,-13.933702],[-75.883852,-13.933885],[-75.874461,-13.934526],[-75.857049,-13.935656],[-75.854073,-13.935869],[-75.845136,-13.936426],[-75.83002,-13.937473],[-75.819938,-13.938094],[-75.819253,-13.938168],[-75.818358,-13.938366],[-75.817486,-13.938649],[-75.816649,-13.939022],[-75.816247,-13.939239],[-75.814512,-13.940346],[-75.809456,-13.94347],[-75.8085,-13.944096],[-75.800134,-13.949257],[-75.792577,-13.953988],[-75.78926,-13.956013],[-75.788495,-13.956514],[-75.787381,-13.957312],[-75.78653,-13.95807],[-75.786042,-13.958549],[-75.785133,-13.959568],[-75.784207,-13.96086],[-75.783753,-13.961647],[-75.782715,-13.963663],[-75.780624,-13.967942],[-75.77813,-13.97278],[-75.777907,-13.973175],[-75.775969,-13.977024],[-75.775384,-13.978252],[-75.774863,-13.979259],[-75.774294,-13.980739],[-75.77393,-13.982047],[-75.772606,-13.986377],[-75.772163,-13.987898],[-75.771788,-13.988966],[-75.766037,-14.007803],[-75.764749,-14.011907],[-75.7625,-14.019269],[-75.762283,-14.019912],[-75.760552,-14.025538],[-75.760118,-14.026584],[-75.749336,-14.046801],[-75.749038,-14.047412],[-75.74858,-14.048196],[-75.7475,-14.050191],[-75.747049,-14.05123],[-75.746943,-14.05143],[-75.744331,-14.055414],[-75.743268,-14.057418],[-75.742601,-14.058605],[-75.742241,-14.059437],[-75.740462,-14.06552],[-75.740306,-14.06618],[-75.740313,-14.066405],[-75.740273,-14.066627],[-75.74015,-14.066812],[-75.739936,-14.066862],[-75.739768,-14.06672],[-75.739653,-14.06653],[-75.739453,-14.066426],[-75.737459,-14.065892],[-75.733711,-14.064821],[-75.733513,-14.064746],[-75.733777,-14.063879],[-75.733607,-14.063774],[-75.733458,-14.06385],[-75.733373,-14.06406],[-75.733212,-14.064012],[-75.733278,-14.063795],[-75.733184,-14.06402],[-75.732979,-14.063993],[-75.732291,-14.064011],[-75.732227,-14.064169],[-75.732254,-14.064382],[-75.734473,-14.064963],[-75.73756,-14.065845],[-75.739556,-14.066371],[-75.73977,-14.066323],[-75.739945,-14.06618],[-75.74016,-14.066134],[-75.740305,-14.06629],[-75.74029,-14.066515],[-75.740216,-14.066727],[-75.740083,-14.066911],[-75.739978,-14.067111],[-75.739483,-14.068851],[-75.73873,-14.071225],[-75.738695,-14.071447],[-75.73872,-14.07167],[-75.738795,-14.071883],[-75.738809,-14.072107],[-75.738557,-14.072737],[-75.738532,-14.072958],[-75.738598,-14.075897],[-75.738569,-14.077253],[-75.738546,-14.077478],[-75.738405,-14.07814],[-75.738252,-14.078567],[-75.738059,-14.078976],[-75.737704,-14.079556],[-75.737272,-14.080084],[-75.737104,-14.080238],[-75.736052,-14.081113],[-75.73018,-14.085829],[-75.729624,-14.086229],[-75.729424,-14.086337],[-75.728373,-14.086793],[-75.724761,-14.088248],[-75.720978,-14.089886],[-75.720323,-14.090095],[-75.719647,-14.090223],[-75.718963,-14.090299],[-75.718528,-14.090438],[-75.718337,-14.090562],[-75.718169,-14.090715],[-75.717869,-14.091053],[-75.717747,-14.091487],[-75.717088,-14.095045],[-75.716584,-14.097942],[-75.716556,-14.098166],[-75.716523,-14.09907],[-75.716559,-14.099747],[-75.716723,-14.100866],[-75.717042,-14.102185],[-75.718128,-14.106346],[-75.7182,-14.106792],[-75.718229,-14.107469],[-75.718197,-14.10792],[-75.71628,-14.125681],[-75.716254,-14.126585],[-75.716286,-14.127262],[-75.716508,-14.12883],[-75.717534,-14.135308],[-75.71757,-14.135759],[-75.717562,-14.136211],[-75.717418,-14.137787],[-75.717251,-14.139133],[-75.71716,-14.139576],[-75.716327,-14.142634],[-75.715057,-14.148146],[-75.714395,-14.151704],[-75.713851,-14.154132],[-75.713343,-14.157258],[-75.712545,-14.16194],[-75.712361,-14.162826],[-75.712027,-14.164142],[-75.711616,-14.166136],[-75.711568,-14.166586],[-75.711571,-14.166811],[-75.71165,-14.167255],[-75.71173,-14.167467],[-75.711846,-14.16766],[-75.711983,-14.167841],[-75.712712,-14.168391],[-75.712879,-14.168546],[-75.713159,-14.168902],[-75.713385,-14.169295],[-75.713542,-14.169719],[-75.713736,-14.17037],[-75.714146,-14.171425],[-75.714776,-14.172631],[-75.715484,-14.174051],[-75.715844,-14.175124],[-75.715996,-14.175786],[-75.716049,-14.176234],[-75.71603,-14.176686],[-75.715931,-14.177127],[-75.715573,-14.178201],[-75.715537,-14.178652],[-75.71553,-14.179556],[-75.715486,-14.180233],[-75.715254,-14.181339],[-75.714741,-14.183543],[-75.714482,-14.184875],[-75.714349,-14.186225],[-75.71429,-14.187128],[-75.714416,-14.189838],[-75.714403,-14.19029],[-75.714326,-14.190735],[-75.71387,-14.192252],[-75.713836,-14.192702],[-75.713871,-14.192925],[-75.714526,-14.195327],[-75.714687,-14.19575],[-75.715157,-14.196781],[-75.715231,-14.196995],[-75.715315,-14.197438],[-75.715498,-14.199919],[-75.715477,-14.20037],[-75.715441,-14.200594],[-75.714734,-14.203681],[-75.714859,-14.203863],[-75.715168,-14.204196],[-75.715383,-14.204586],[-75.715033,-14.205899],[-75.714933,-14.20604],[-75.714285,-14.205813],[-75.714182,-14.205944],[-75.713475,-14.2088],[-75.713147,-14.209644],[-75.71294,-14.210047],[-75.712709,-14.210438],[-75.712323,-14.211],[-75.710196,-14.213667],[-75.709817,-14.214232],[-75.709616,-14.214639],[-75.708748,-14.216732],[-75.706502,-14.220147],[-75.706095,-14.221204],[-75.703817,-14.225895],[-75.701909,-14.229248],[-75.701626,-14.229603],[-75.697041,-14.23404],[-75.695644,-14.235539],[-75.694742,-14.236564],[-75.69448,-14.236935],[-75.694368,-14.237132],[-75.694178,-14.237544],[-75.692492,-14.241749],[-75.692232,-14.242616],[-75.691693,-14.245046],[-75.690509,-14.247744],[-75.689833,-14.24918],[-75.689499,-14.250022],[-75.689361,-14.250453],[-75.688296,-14.255546],[-75.687404,-14.258587],[-75.686712,-14.260743],[-75.685464,-14.264859],[-75.685333,-14.265524],[-75.685055,-14.26845],[-75.684974,-14.268894],[-75.684899,-14.269107],[-75.684227,-14.270291],[-75.68404,-14.270704],[-75.683968,-14.270918],[-75.68391,-14.271365],[-75.683898,-14.272495],[-75.683532,-14.275412],[-75.683412,-14.27608],[-75.682396,-14.279791],[-75.681065,-14.285983],[-75.680834,-14.286621],[-75.680731,-14.286822],[-75.679077,-14.289797],[-75.678884,-14.290207],[-75.67876,-14.290641],[-75.67874,-14.290865],[-75.678765,-14.291317],[-75.678985,-14.292426],[-75.679004,-14.292651],[-75.679004,-14.293329],[-75.678934,-14.29491],[-75.67883,-14.296036],[-75.678364,-14.299168],[-75.677979,-14.301397],[-75.677894,-14.30207],[-75.677842,-14.302973],[-75.677867,-14.305233],[-75.677814,-14.306589],[-75.677604,-14.309067],[-75.677508,-14.309739],[-75.677442,-14.309955],[-75.677268,-14.310373],[-75.675819,-14.313199],[-75.673474,-14.318109],[-75.672999,-14.319138],[-75.670932,-14.323923],[-75.670644,-14.324539],[-75.670217,-14.32534],[-75.6695,-14.326498],[-75.669234,-14.326867],[-75.668667,-14.327578],[-75.665801,-14.330817],[-75.664253,-14.332487],[-75.65579,-14.340455],[-75.65481,-14.341409],[-75.642341,-14.353103],[-75.629571,-14.365143],[-75.622012,-14.374532],[-75.614353,-14.384133],[-75.614052,-14.384474],[-75.613713,-14.384778],[-75.613151,-14.385169],[-75.609838,-14.386732],[-75.608784,-14.387178],[-75.60835,-14.387328],[-75.607462,-14.387556],[-75.604307,-14.388162],[-75.603636,-14.388315],[-75.603419,-14.38839],[-75.603004,-14.388582],[-75.602633,-14.388847],[-75.602283,-14.389139],[-75.601449,-14.389916],[-75.597848,-14.393404],[-75.5973,-14.393813],[-75.596888,-14.394008],[-75.596444,-14.39412],[-75.596217,-14.394156],[-75.595759,-14.39417],[-75.595304,-14.394113],[-75.594872,-14.393963],[-75.594253,-14.393667],[-75.592887,-14.392834],[-75.592245,-14.392592],[-75.591794,-14.392509],[-75.591335,-14.392506],[-75.590885,-14.392586],[-75.58782,-14.39354],[-75.587397,-14.393715],[-75.560681,-14.406307],[-75.483513,-14.441284],[-75.477665,-14.443912],[-75.470378,-14.447249],[-75.467798,-14.4482],[-75.46758,-14.448271],[-75.410066,-14.463146],[-75.338318,-14.481619],[-75.308978,-14.489096],[-75.300577,-14.491411],[-75.300361,-14.491489],[-75.299943,-14.491675],[-75.293967,-14.495048],[-75.29356,-14.495256],[-75.293125,-14.4954],[-75.292901,-14.495446],[-75.292444,-14.495491],[-75.286477,-14.495622],[-75.28579,-14.495576],[-75.276666,-14.494545],[-75.275749,-14.494496],[-75.275521,-14.494502],[-75.274841,-14.49461],[-75.273749,-14.494957],[-75.272263,-14.495559],[-75.261899,-14.499869],[-75.261289,-14.500182],[-75.260727,-14.500573],[-75.257944,-14.502935],[-75.257578,-14.503207],[-75.257169,-14.50341],[-75.256514,-14.503619],[-75.256055,-14.503638],[-75.255829,-14.503607],[-75.255378,-14.503522],[-75.25475,-14.503247],[-75.254551,-14.503136],[-75.253308,-14.502134],[-75.248107,-14.497687],[-75.246152,-14.495465],[-75.245688,-14.494964],[-75.245329,-14.494684],[-75.244569,-14.494178],[-75.238745,-14.491498],[-75.237682,-14.49107],[-75.23678,-14.490904],[-75.235862,-14.490878],[-75.234949,-14.490795],[-75.23449,-14.490785],[-75.232887,-14.490895],[-75.232202,-14.49082],[-75.231541,-14.490631],[-75.231329,-14.490543],[-75.231125,-14.490443],[-75.230555,-14.490064],[-75.230225,-14.48975],[-75.229128,-14.488299],[-75.228611,-14.487553],[-75.228123,-14.487074],[-75.225886,-14.485129],[-75.225579,-14.484794],[-75.22545,-14.484607],[-75.225184,-14.483984],[-75.225107,-14.483539],[-75.225076,-14.48128],[-75.224982,-14.480837],[-75.224917,-14.480621],[-75.224573,-14.479783],[-75.224456,-14.47959],[-75.224287,-14.479438],[-75.224087,-14.479329],[-75.223864,-14.47928],[-75.223636,-14.479287],[-75.223419,-14.479356],[-75.223244,-14.4795],[-75.22311,-14.479679],[-75.223035,-14.479892],[-75.223022,-14.480117],[-75.22307,-14.480336],[-75.223513,-14.481127],[-75.223678,-14.481548],[-75.223711,-14.48177],[-75.223753,-14.484257],[-75.223832,-14.484702],[-75.22412,-14.485561],[-75.224167,-14.485779],[-75.224104,-14.485989],[-75.223958,-14.486162],[-75.223746,-14.486227],[-75.223522,-14.486185],[-75.223355,-14.486038],[-75.223264,-14.485833],[-75.223086,-14.484716],[-75.22303,-14.484498],[-75.222924,-14.484298],[-75.22278,-14.484122],[-75.2226,-14.483981],[-75.222393,-14.483886],[-75.222173,-14.483825],[-75.221944,-14.483814],[-75.221485,-14.483811],[-75.219879,-14.483868],[-75.219649,-14.483867],[-75.219422,-14.483839],[-75.219198,-14.483792],[-75.218984,-14.483711],[-75.218151,-14.483332],[-75.217932,-14.483263],[-75.217703,-14.483249],[-75.217478,-14.483291],[-75.217261,-14.483365],[-75.217061,-14.483476],[-75.216888,-14.483622],[-75.216752,-14.483804],[-75.216654,-14.484008],[-75.216601,-14.484226],[-75.21659,-14.48445],[-75.216631,-14.484673],[-75.216714,-14.484883],[-75.21684,-14.485071],[-75.217005,-14.485227],[-75.217195,-14.485352],[-75.217402,-14.485448],[-75.217628,-14.485485],[-75.217857,-14.485484],[-75.21875,-14.485275],[-75.218979,-14.485264],[-75.219202,-14.485315],[-75.219405,-14.485416],[-75.219583,-14.485558],[-75.219713,-14.485744],[-75.219769,-14.485961],[-75.219781,-14.486185],[-75.219715,-14.486401],[-75.219598,-14.486595],[-75.219437,-14.48675],[-75.219239,-14.486864],[-75.214525,-14.489208],[-75.214172,-14.489496],[-75.214026,-14.489669],[-75.213837,-14.49008],[-75.213527,-14.490931],[-75.213442,-14.491375],[-75.21344,-14.491599],[-75.213531,-14.492041],[-75.213893,-14.492872],[-75.214029,-14.493303],[-75.214029,-14.493529],[-75.213979,-14.493748],[-75.213891,-14.493955],[-75.21376,-14.494141],[-75.21359,-14.49429],[-75.2134,-14.494415],[-75.213186,-14.494495],[-75.212964,-14.494548],[-75.212734,-14.49456],[-75.211359,-14.494555],[-75.211141,-14.494624],[-75.210937,-14.494725],[-75.210604,-14.495035],[-75.210484,-14.495227],[-75.21039,-14.49543],[-75.210343,-14.495651],[-75.210335,-14.495877],[-75.210393,-14.496324],[-75.213711,-14.50572],[-75.214315,-14.507901],[-75.214713,-14.508716],[-75.215258,-14.509962],[-75.215623,-14.511033],[-75.215665,-14.511254],[-75.215722,-14.51193],[-75.21572,-14.512156],[-75.215502,-14.515767],[-75.215476,-14.515991],[-75.215363,-14.516428],[-75.215186,-14.516845],[-75.215074,-14.517042],[-75.214948,-14.517231],[-75.2148,-14.517402],[-75.214299,-14.517867],[-75.213899,-14.518088],[-75.213484,-14.518282],[-75.2049,-14.52079],[-75.204454,-14.520897],[-75.203998,-14.520919],[-75.203771,-14.520885],[-75.202435,-14.520553],[-75.202208,-14.520541],[-75.202004,-14.520631],[-75.201902,-14.520826],[-75.20193,-14.521045],[-75.202171,-14.521426],[-75.202271,-14.521627],[-75.202329,-14.521846],[-75.202542,-14.523185],[-75.202643,-14.523387],[-75.202941,-14.523731],[-75.203244,-14.524582],[-75.203384,-14.52476],[-75.203894,-14.525216],[-75.204191,-14.52556],[-75.204317,-14.525749],[-75.204515,-14.526397],[-75.204863,-14.526981],[-75.205416,-14.527702],[-75.206248,-14.52848],[-75.206358,-14.52867],[-75.206287,-14.528852],[-75.206062,-14.528844],[-75.205413,-14.528621],[-75.205185,-14.528592],[-75.204956,-14.52859],[-75.204739,-14.528526],[-75.204374,-14.528254],[-75.204155,-14.528195],[-75.203926,-14.528196],[-75.203703,-14.528166],[-75.203505,-14.52805],[-75.203282,-14.528023],[-75.203083,-14.528128],[-75.202775,-14.528463],[-75.202595,-14.528602],[-75.202372,-14.528621],[-75.2022,-14.528484],[-75.20204,-14.52806],[-75.201858,-14.527934],[-75.201631,-14.52791],[-75.201409,-14.52795],[-75.201256,-14.528106],[-75.201227,-14.528327],[-75.201289,-14.528544],[-75.201393,-14.528745],[-75.201523,-14.52893],[-75.20211,-14.529626],[-75.20221,-14.529827],[-75.202285,-14.53027],[-75.202203,-14.530476],[-75.202022,-14.530593],[-75.201794,-14.530579],[-75.199547,-14.530114],[-75.196862,-14.529504],[-75.196644,-14.529438],[-75.19603,-14.529131],[-75.195811,-14.52907],[-75.195133,-14.528954],[-75.194913,-14.528894],[-75.194715,-14.528785],[-75.194163,-14.528379],[-75.193945,-14.528332],[-75.193742,-14.528407],[-75.190871,-14.531335],[-75.189475,-14.532835],[-75.187713,-14.534617],[-75.182233,-14.540404],[-75.182077,-14.54057],[-75.181947,-14.540756],[-75.181901,-14.540977],[-75.18189,-14.541202],[-75.181916,-14.541422],[-75.182029,-14.541618],[-75.182181,-14.541787],[-75.192631,-14.550626],[-75.200877,-14.556756],[-75.201416,-14.557179],[-75.201934,-14.557625],[-75.202886,-14.558606],[-75.207701,-14.563767],[-75.208192,-14.56453],[-75.208594,-14.565342],[-75.208949,-14.566417],[-75.209044,-14.566859],[-75.209069,-14.567084],[-75.209068,-14.567309],[-75.208483,-14.57384],[-75.207947,-14.579468],[-75.207872,-14.579914],[-75.207814,-14.580132],[-75.207728,-14.580341],[-75.207616,-14.580538],[-75.20748,-14.58072],[-75.20017,-14.587911],[-75.19988,-14.588261],[-75.199672,-14.588662],[-75.199543,-14.589096],[-75.194257,-14.611098],[-75.193924,-14.612414],[-75.193671,-14.613283],[-75.184932,-14.637819],[-75.184687,-14.638453],[-75.184486,-14.638859],[-75.184237,-14.639239],[-75.183694,-14.639968],[-75.183448,-14.64035],[-75.183231,-14.640748],[-75.182062,-14.643453],[-75.181966,-14.643658],[-75.181718,-14.644038],[-75.181452,-14.644406],[-75.180033,-14.646184],[-75.179867,-14.646338],[-75.178963,-14.647035],[-75.178589,-14.647296],[-75.17842,-14.647449],[-75.178266,-14.647616],[-75.177183,-14.649076],[-75.176956,-14.649469],[-75.176864,-14.649676],[-75.176284,-14.652095],[-75.176213,-14.652309],[-75.176098,-14.652503],[-75.173328,-14.655523],[-75.172997,-14.655835],[-75.172816,-14.655974],[-75.169536,-14.658057],[-75.169189,-14.658351],[-75.169052,-14.658532],[-75.168942,-14.65873],[-75.168868,-14.658942],[-75.167918,-14.662903],[-75.16778,-14.663333],[-75.167667,-14.66353],[-75.167194,-14.66402],[-75.16545,-14.66549],[-75.159396,-14.670694],[-75.15852,-14.671425],[-75.158196,-14.671745],[-75.157893,-14.672085],[-75.156966,-14.673377],[-75.156049,-14.674388],[-75.155816,-14.674777],[-75.154882,-14.676842],[-75.15475,-14.677024],[-75.154558,-14.677139],[-75.152521,-14.677473],[-75.152102,-14.677652],[-75.151706,-14.67788],[-75.151284,-14.678058],[-75.150842,-14.678177],[-75.150391,-14.678263],[-75.150164,-14.678288],[-75.149705,-14.67828],[-75.148796,-14.678399],[-75.148567,-14.678391],[-75.147907,-14.678202],[-75.147223,-14.678123],[-75.146764,-14.678133],[-75.143099,-14.678379],[-75.142644,-14.678438],[-75.142205,-14.678569],[-75.142,-14.678667],[-75.137718,-14.681305],[-75.133537,-14.684095],[-75.133032,-14.684555],[-75.129414,-14.688343],[-75.129243,-14.688494],[-75.129053,-14.688621],[-75.128848,-14.68872],[-75.128628,-14.688784],[-75.1284,-14.688808],[-75.128173,-14.68878],[-75.127954,-14.688715],[-75.126442,-14.688179],[-75.125376,-14.687759],[-75.122366,-14.686649],[-75.122147,-14.686584],[-75.121921,-14.686544],[-75.121693,-14.686536],[-75.121242,-14.686611],[-75.120826,-14.686801],[-75.120648,-14.686943],[-75.119344,-14.688216],[-75.117431,-14.690169],[-75.106265,-14.701235],[-75.098739,-14.708851],[-75.09374,-14.71384],[-75.091289,-14.716222],[-75.077414,-14.730056],[-75.075627,-14.731814],[-75.064517,-14.742935],[-75.063265,-14.744258],[-75.025174,-14.78563],[-75.024684,-14.786106],[-75.024162,-14.786549],[-75.006544,-14.799211],[-74.999479,-14.804252],[-74.997635,-14.805599],[-74.98557,-14.814249],[-74.984982,-14.814601],[-74.984577,-14.814816],[-74.983947,-14.815089],[-74.963267,-14.822597],[-74.961956,-14.823013],[-74.958644,-14.823943],[-74.958022,-14.824233],[-74.957835,-14.824364],[-74.956616,-14.825395],[-74.956235,-14.825647],[-74.955821,-14.82584],[-74.955379,-14.825964],[-74.954482,-14.826145],[-74.954269,-14.826213],[-74.944588,-14.828115],[-74.944371,-14.828189],[-74.944179,-14.828309],[-74.943871,-14.828644],[-74.943671,-14.828735],[-74.943474,-14.828642],[-74.943326,-14.828479],[-74.943105,-14.828442],[-74.942877,-14.828445],[-74.94265,-14.828479],[-74.942491,-14.828405],[-74.942516,-14.828181],[-74.942592,-14.827968],[-74.942796,-14.827973],[-74.943696,-14.828153],[-74.943836,-14.828323],[-74.943919,-14.828526],[-74.943788,-14.828959],[-74.943742,-14.82918],[-74.943641,-14.82985],[-74.943143,-14.832518],[-74.942558,-14.8354],[-74.942447,-14.836297],[-74.942274,-14.839911],[-74.942248,-14.840588],[-74.942254,-14.84104],[-74.942319,-14.841487],[-74.942549,-14.842126],[-74.942787,-14.842511],[-74.943074,-14.842865],[-74.943231,-14.843028],[-74.946357,-14.845329],[-74.947836,-14.846401],[-74.950829,-14.848498],[-74.951529,-14.849084],[-74.951911,-14.849334],[-74.952344,-14.849481],[-74.953241,-14.849676],[-74.9539,-14.849869],[-74.956155,-14.85099],[-74.957229,-14.851385],[-74.959356,-14.852238],[-74.966283,-14.85526],[-74.966868,-14.855617],[-74.968041,-14.856698],[-74.968412,-14.856964],[-74.96882,-14.857168],[-74.971992,-14.858489],[-74.972384,-14.858724],[-74.972757,-14.858988],[-74.975313,-14.860907],[-74.97601,-14.861495],[-74.978637,-14.864022],[-74.979207,-14.864404],[-74.980598,-14.865195],[-74.980969,-14.865462],[-74.987321,-14.870668],[-74.989528,-14.872293],[-74.991205,-14.873482],[-74.991527,-14.873802],[-74.991655,-14.873989],[-74.993015,-14.876349],[-74.993225,-14.876751],[-74.994706,-14.881269],[-74.995222,-14.882768],[-74.99529,-14.883214],[-74.995274,-14.883439],[-74.995141,-14.884104],[-74.994563,-14.886292],[-74.993564,-14.889538],[-74.993472,-14.889744],[-74.993341,-14.88993],[-74.993025,-14.890258],[-74.990184,-14.892893],[-74.987987,-14.894883],[-74.987021,-14.89585],[-74.983902,-14.899168],[-74.983784,-14.899362],[-74.983699,-14.89957],[-74.983653,-14.899791],[-74.983643,-14.900016],[-74.98407,-14.902697],[-74.98519,-14.90916],[-74.985657,-14.912748],[-74.986091,-14.912834],[-74.986279,-14.91295],[-74.986385,-14.913146],[-74.98657,-14.914717],[-74.986571,-14.914942],[-74.986433,-14.91511],[-74.986013,-14.915231],[-74.988318,-14.930208],[-74.988325,-14.930434],[-74.988327,-14.93066],[-74.9872,-14.937352],[-74.987127,-14.938026],[-74.987052,-14.94119],[-74.98696,-14.943222],[-74.98699,-14.943673],[-74.987392,-14.946129],[-74.987433,-14.946579],[-74.98743,-14.94703],[-74.986897,-14.953339],[-74.986775,-14.954463],[-74.986265,-14.958045],[-74.986099,-14.958935],[-74.98571,-14.96047],[-74.985644,-14.960918],[-74.9857,-14.967699],[-74.985759,-14.968148],[-74.986897,-14.972295],[-74.987043,-14.972723],[-74.987149,-14.972923],[-74.987299,-14.973094],[-74.988496,-14.974149],[-74.988644,-14.974322],[-74.988764,-14.974514],[-74.988856,-14.974721],[-74.988922,-14.974938],[-74.98896,-14.97516],[-74.98894,-14.975611],[-74.988496,-14.977829],[-74.988428,-14.978276],[-74.988444,-14.978727],[-74.98849,-14.978948],[-74.988563,-14.979162],[-74.988656,-14.979368],[-74.988902,-14.97975],[-74.989226,-14.980068],[-74.989612,-14.980311],[-74.991074,-14.980968],[-74.991464,-14.981205],[-74.991638,-14.981352],[-74.991789,-14.981522],[-74.991927,-14.981702],[-74.992119,-14.982112],[-74.992203,-14.982555],[-74.99229,-14.983455],[-74.992365,-14.983667],[-74.992497,-14.983852],[-74.992653,-14.984018],[-74.995661,-14.987129],[-74.995807,-14.987303],[-74.995923,-14.987498],[-74.996015,-14.987705],[-74.996567,-14.98943],[-74.997801,-14.993076],[-74.9985,-14.99523],[-75.001513,-15.00425],[-75.001754,-15.004886],[-75.007233,-15.018312],[-75.007373,-15.018742],[-75.007476,-15.019182],[-75.007531,-15.019631],[-75.007537,-15.020083],[-75.007478,-15.022343],[-75.007331,-15.02641],[-75.007063,-15.037033],[-75.00513,-15.051377],[-75.005071,-15.052053],[-75.005084,-15.052504],[-75.005141,-15.052953],[-75.007616,-15.064223],[-75.008035,-15.066216],[-75.0085,-15.068198],[-75.008874,-15.069969],[-75.008941,-15.070416],[-75.008963,-15.071094],[-75.008882,-15.072448],[-75.00771,-15.088686],[-75.007628,-15.089131],[-75.007516,-15.089569],[-75.007356,-15.089993],[-75.007161,-15.090401],[-75.006371,-15.09178],[-74.996618,-15.108426],[-74.996064,-15.109416],[-74.991585,-15.118584],[-74.988603,-15.126417],[-74.988498,-15.126618],[-74.985337,-15.131336],[-74.984616,-15.132491],[-74.984227,-15.13331],[-74.974037,-15.157051],[-74.962746,-15.183525],[-74.962589,-15.18395],[-74.962439,-15.184611],[-74.960117,-15.197294],[-74.960067,-15.197514],[-74.959916,-15.19794],[-74.952085,-15.212533],[-74.948966,-15.217277],[-74.948663,-15.217886],[-74.946445,-15.222605],[-74.946227,-15.223003],[-74.944366,-15.2253],[-74.94147,-15.228809],[-74.941234,-15.229196],[-74.939291,-15.233293],[-74.939135,-15.233717],[-74.939103,-15.233941],[-74.939107,-15.234392],[-74.939471,-15.237537],[-74.93979,-15.240004],[-74.939765,-15.240681],[-74.939713,-15.240901],[-74.939562,-15.241328],[-74.939352,-15.24173],[-74.936945,-15.245844],[-74.935029,-15.249192],[-74.934723,-15.2498],[-74.933175,-15.254057],[-74.930209,-15.261168],[-74.928075,-15.266415],[-74.927359,-15.26808],[-74.923909,-15.276461],[-74.92258,-15.27959],[-74.919939,-15.286099],[-74.91579,-15.296153],[-74.914809,-15.298444],[-74.913819,-15.300976],[-74.912494,-15.304107],[-74.910187,-15.309773],[-74.909455,-15.311432],[-74.907033,-15.317296],[-74.906579,-15.318334],[-74.906261,-15.319182],[-74.905904,-15.320015],[-74.90414,-15.324434],[-74.8985,-15.33804],[-74.892736,-15.352085],[-74.892395,-15.353164],[-74.892124,-15.354262],[-74.891346,-15.357798],[-74.889525,-15.365737],[-74.887552,-15.374569],[-74.887399,-15.375689],[-74.88736,-15.378628],[-74.887304,-15.380436],[-74.887329,-15.382245],[-74.887291,-15.383374],[-74.887297,-15.384505],[-74.887062,-15.404173],[-74.887069,-15.40553],[-74.887095,-15.406208],[-74.887313,-15.408003],[-74.887589,-15.409331],[-74.887934,-15.41041],[-74.888406,-15.412158],[-74.889013,-15.414102],[-74.88931,-15.415194],[-74.889985,-15.417355],[-74.890103,-15.417792],[-74.890182,-15.418237],[-74.890183,-15.418689],[-74.890164,-15.418914],[-74.890022,-15.419343],[-74.889931,-15.419549],[-74.887749,-15.423528],[-74.88664,-15.425507],[-74.885123,-15.428298],[-74.884098,-15.430065],[-74.883813,-15.43042],[-74.883345,-15.430915],[-74.875234,-15.437218],[-74.873595,-15.438458],[-74.872711,-15.439178],[-74.87238,-15.439491],[-74.872232,-15.439663],[-74.872088,-15.43984],[-74.871851,-15.440227],[-74.871654,-15.440635],[-74.87151,-15.441064],[-74.871414,-15.441506],[-74.871193,-15.442845],[-74.871123,-15.44306],[-74.869468,-15.446541],[-74.869015,-15.447821],[-74.868418,-15.450004],[-74.868393,-15.450228],[-74.868395,-15.45068],[-74.868547,-15.452028],[-74.868552,-15.452253],[-74.86852,-15.452704],[-74.868474,-15.452925],[-74.86839,-15.453134],[-74.867593,-15.454764],[-74.866855,-15.45617],[-74.863796,-15.464215],[-74.863652,-15.464878],[-74.863135,-15.471869],[-74.863002,-15.473219],[-74.862841,-15.475474],[-74.862815,-15.475698],[-74.86272,-15.476141],[-74.862511,-15.476787],[-74.86207,-15.477578],[-74.854997,-15.488421],[-74.853517,-15.490437],[-74.85155,-15.49322],[-74.849874,-15.496183],[-74.849003,-15.497775],[-74.848202,-15.499147],[-74.847832,-15.499719],[-74.847299,-15.500456],[-74.842985,-15.505743],[-74.842571,-15.506286],[-74.842185,-15.506847],[-74.841707,-15.50762],[-74.841261,-15.50841],[-74.83949,-15.512087],[-74.839377,-15.512281],[-74.83904,-15.512588],[-74.838854,-15.512717],[-74.834124,-15.51503],[-74.821711,-15.520913],[-74.821076,-15.521174],[-74.820419,-15.521375],[-74.819296,-15.52161],[-74.818384,-15.521712],[-74.818155,-15.521732],[-74.817696,-15.52173],[-74.814944,-15.5216],[-74.814256,-15.52161],[-74.813118,-15.521751],[-74.811778,-15.522065],[-74.803722,-15.525363],[-74.796277,-15.528341],[-74.790977,-15.530512],[-74.787061,-15.532404],[-74.770242,-15.540734],[-74.769454,-15.5412],[-74.768514,-15.541849],[-74.762588,-15.546125],[-74.758721,-15.548961],[-74.757602,-15.549752],[-74.75702,-15.550115],[-74.756412,-15.550433],[-74.755781,-15.550705],[-74.754919,-15.551015],[-74.75382,-15.551343],[-74.733488,-15.557765],[-74.733063,-15.557937],[-74.732666,-15.558163],[-74.732308,-15.558445],[-74.726739,-15.56415],[-74.726337,-15.5647],[-74.72599,-15.565284],[-74.725742,-15.565917],[-74.724929,-15.568509],[-74.724752,-15.568926],[-74.724419,-15.569519],[-74.724161,-15.569893],[-74.722961,-15.571262],[-74.719594,-15.57497],[-74.718387,-15.576333],[-74.713332,-15.581267],[-74.709114,-15.585427],[-74.696669,-15.597791],[-74.69649,-15.597932],[-74.696295,-15.59805],[-74.695864,-15.598202],[-74.686621,-15.599957],[-74.686197,-15.600124],[-74.685438,-15.600633],[-74.684847,-15.600981],[-74.68464,-15.601077],[-74.68399,-15.601303],[-74.673889,-15.604338],[-74.671048,-15.605241],[-74.664451,-15.607189],[-74.663581,-15.607477],[-74.662782,-15.607922],[-74.662006,-15.608406],[-74.660799,-15.609059],[-74.650721,-15.614929],[-74.650539,-15.615065],[-74.650365,-15.615214],[-74.650049,-15.615541],[-74.645514,-15.621798],[-74.64522,-15.622145],[-74.644864,-15.622428],[-74.644469,-15.622658],[-74.64238,-15.623596],[-74.64179,-15.623942],[-74.641494,-15.624287],[-74.640241,-15.625905],[-74.639946,-15.626252],[-74.63941,-15.626677],[-74.638649,-15.627183],[-74.638056,-15.627526],[-74.636772,-15.628016],[-74.634367,-15.628775],[-74.634163,-15.628875],[-74.633793,-15.629141],[-74.633479,-15.629469],[-74.628719,-15.635561],[-74.626308,-15.637982],[-74.625963,-15.638281],[-74.625585,-15.638535],[-74.624954,-15.638805],[-74.60332,-15.646376],[-74.600091,-15.647556],[-74.599473,-15.647853],[-74.599278,-15.647972],[-74.595809,-15.650183],[-74.595211,-15.650521],[-74.594577,-15.650782],[-74.593916,-15.650973],[-74.589702,-15.652085],[-74.588821,-15.65234],[-74.588169,-15.652557],[-74.572251,-15.658405],[-74.544691,-15.668454],[-74.540582,-15.669897],[-74.534553,-15.672093],[-74.534331,-15.67215],[-74.534104,-15.672164],[-74.533883,-15.672111],[-74.533687,-15.671997],[-74.532659,-15.671095],[-74.532354,-15.670758],[-74.531804,-15.670034],[-74.531155,-15.669394],[-74.530969,-15.669262],[-74.530754,-15.669184],[-74.530527,-15.66915],[-74.525706,-15.669131],[-74.525477,-15.669148],[-74.525253,-15.669198],[-74.524842,-15.669393],[-74.524502,-15.669696],[-74.521746,-15.672418],[-74.521588,-15.672582],[-74.521454,-15.672765],[-74.521378,-15.672976],[-74.521361,-15.673653],[-74.521442,-15.674554],[-74.521573,-15.675449],[-74.521713,-15.675879],[-74.522231,-15.677136],[-74.522326,-15.677578],[-74.52238,-15.678027],[-74.52238,-15.678253],[-74.52232,-15.679155],[-74.522193,-15.679821],[-74.519034,-15.69186],[-74.518899,-15.692293],[-74.518702,-15.692701],[-74.51856,-15.692878],[-74.518226,-15.693187],[-74.517847,-15.693442],[-74.516612,-15.694043],[-74.51098,-15.696595],[-74.50755,-15.697886],[-74.506948,-15.698213],[-74.505694,-15.699204],[-74.505532,-15.699362],[-74.505247,-15.699716],[-74.503633,-15.702712],[-74.501661,-15.706288],[-74.501405,-15.706664],[-74.501244,-15.706822],[-74.500873,-15.707088],[-74.500449,-15.707259],[-74.499791,-15.70746],[-74.494932,-15.708816],[-74.493412,-15.70933],[-74.483269,-15.712957],[-74.478803,-15.714747],[-74.477538,-15.715284],[-74.47192,-15.717865],[-74.471308,-15.718175],[-74.468803,-15.719772],[-74.463676,-15.723204],[-74.463067,-15.723518],[-74.461791,-15.724029],[-74.461377,-15.724224],[-74.461211,-15.724375],[-74.461161,-15.724592],[-74.46135,-15.725476],[-74.461354,-15.7257],[-74.46122,-15.725881],[-74.458358,-15.727317],[-74.458162,-15.727433],[-74.457983,-15.727574],[-74.45784,-15.727749],[-74.457633,-15.728151],[-74.457647,-15.728363],[-74.457707,-15.728572],[-74.457531,-15.72899],[-74.457425,-15.729184],[-74.457236,-15.729312],[-74.457124,-15.7295],[-74.455857,-15.732895],[-74.455737,-15.733331],[-74.455154,-15.736673],[-74.454848,-15.737525],[-74.454794,-15.737743],[-74.454714,-15.738416],[-74.454667,-15.739093],[-74.454625,-15.740449],[-74.454636,-15.740901],[-74.454919,-15.742226],[-74.455009,-15.742899],[-74.455,-15.743351],[-74.455053,-15.743799],[-74.455136,-15.744244],[-74.455135,-15.744468],[-74.455091,-15.744689],[-74.455005,-15.744898],[-74.454778,-15.745291],[-74.454639,-15.74547],[-74.454417,-15.745516],[-74.4542,-15.745451],[-74.454008,-15.745328],[-74.453913,-15.74513],[-74.453918,-15.744905],[-74.453956,-15.744682],[-74.453904,-15.744235],[-74.45383,-15.744021],[-74.453699,-15.743835],[-74.453508,-15.743732],[-74.453336,-15.743858],[-74.453318,-15.744081],[-74.453411,-15.744522],[-74.453398,-15.744746],[-74.453325,-15.744958],[-74.452703,-15.746168],[-74.452553,-15.746327],[-74.452334,-15.74634],[-74.452208,-15.746163],[-74.452158,-15.745715],[-74.452022,-15.745542],[-74.451805,-15.745492],[-74.451616,-15.745614],[-74.451528,-15.74582],[-74.451311,-15.746464],[-74.451206,-15.746663],[-74.451039,-15.746817],[-74.450246,-15.747269],[-74.450032,-15.747241],[-74.449809,-15.746848],[-74.449667,-15.746674],[-74.44947,-15.746569],[-74.449241,-15.746568],[-74.448783,-15.74659],[-74.448556,-15.746624],[-74.447894,-15.746806],[-74.447666,-15.746806],[-74.44721,-15.746761],[-74.44698,-15.746772],[-74.444485,-15.747156],[-74.444261,-15.747203],[-74.444048,-15.747286],[-74.443848,-15.747396],[-74.44261,-15.749023],[-74.442355,-15.749399],[-74.442142,-15.749799],[-74.438229,-15.759459],[-74.437516,-15.761126],[-74.437059,-15.761909],[-74.435464,-15.764121],[-74.43482,-15.765057],[-74.434615,-15.765461],[-74.434366,-15.76633],[-74.434247,-15.766521],[-74.433593,-15.767155],[-74.432986,-15.767834],[-74.432642,-15.768131],[-74.432435,-15.768222],[-74.431546,-15.768446],[-74.431341,-15.768545],[-74.431154,-15.768676],[-74.427519,-15.773049],[-74.418742,-15.783504],[-74.41785,-15.784538],[-74.417659,-15.784658],[-74.417433,-15.78469],[-74.417211,-15.784642],[-74.417005,-15.784543],[-74.416829,-15.784399],[-74.416679,-15.784228],[-74.416225,-15.783442],[-74.416091,-15.783261],[-74.415919,-15.783111],[-74.415712,-15.783025],[-74.41554,-15.78315],[-74.415503,-15.783373],[-74.415548,-15.783822],[-74.415533,-15.784273],[-74.415156,-15.785809],[-74.415119,-15.786031],[-74.415085,-15.786709],[-74.415043,-15.78693],[-74.414947,-15.787135],[-74.414824,-15.787325],[-74.412749,-15.790032],[-74.412088,-15.790956],[-74.410679,-15.792741],[-74.401635,-15.804714],[-74.40133,-15.805052],[-74.401004,-15.80537],[-74.399783,-15.806399],[-74.399604,-15.80654],[-74.399402,-15.806642],[-74.399183,-15.806712],[-74.396895,-15.80689],[-74.396444,-15.806973],[-74.396226,-15.807043],[-74.395463,-15.807545],[-74.390856,-15.810917],[-74.390477,-15.811172],[-74.390071,-15.811382],[-74.389642,-15.811542],[-74.38809,-15.811955],[-74.386958,-15.812136],[-74.386741,-15.812084],[-74.3866,-15.811908],[-74.386487,-15.811712],[-74.386326,-15.81156],[-74.386118,-15.811612],[-74.386006,-15.811806],[-74.385827,-15.81246],[-74.385733,-15.812666],[-74.38548,-15.813042],[-74.385323,-15.813207],[-74.383449,-15.814873],[-74.383249,-15.814984],[-74.383034,-15.81506],[-74.381927,-15.81536],[-74.381719,-15.815453],[-74.381537,-15.815589],[-74.381403,-15.815769],[-74.380653,-15.817168],[-74.380524,-15.817355],[-74.38032,-15.817453],[-74.380098,-15.817506],[-74.379878,-15.817458],[-74.378829,-15.816578],[-74.378076,-15.816063],[-74.377463,-15.815753],[-74.374058,-15.814397],[-74.37386,-15.814284],[-74.373731,-15.814099],[-74.373495,-15.813463],[-74.373303,-15.813052],[-74.373177,-15.812867],[-74.37301,-15.812713],[-74.372816,-15.812593],[-74.371753,-15.812167],[-74.371135,-15.811867],[-74.370747,-15.811626],[-74.370213,-15.811198],[-74.369918,-15.810853],[-74.369492,-15.810052],[-74.369413,-15.809841],[-74.369427,-15.809618],[-74.369621,-15.809209],[-74.36966,-15.80899],[-74.369553,-15.808794],[-74.368592,-15.808178],[-74.36841,-15.808041],[-74.368269,-15.807865],[-74.367921,-15.807279],[-74.36708,-15.806206],[-74.366741,-15.805903],[-74.366552,-15.805778],[-74.366342,-15.805685],[-74.366156,-15.805554],[-74.366024,-15.805369],[-74.365784,-15.804736],[-74.365679,-15.804536],[-74.365533,-15.804363],[-74.365351,-15.804225],[-74.365144,-15.804131],[-74.364919,-15.80411],[-74.364724,-15.804223],[-74.364608,-15.80441],[-74.364613,-15.804625],[-74.364939,-15.804942],[-74.365024,-15.805146],[-74.365012,-15.80537],[-74.364919,-15.805812],[-74.364916,-15.806037],[-74.364948,-15.80626],[-74.36502,-15.806474],[-74.365136,-15.806669],[-74.365596,-15.807171],[-74.365703,-15.807368],[-74.365618,-15.807566],[-74.365081,-15.807992],[-74.364111,-15.808593],[-74.362468,-15.809402],[-74.362047,-15.80958],[-74.361817,-15.809571],[-74.36161,-15.809486],[-74.361064,-15.808759],[-74.360965,-15.808556],[-74.360865,-15.808116],[-74.360737,-15.807938],[-74.360524,-15.807871],[-74.360312,-15.807951],[-74.360164,-15.808123],[-74.360065,-15.808327],[-74.359805,-15.809427],[-74.359745,-15.809645],[-74.35965,-15.809849],[-74.359497,-15.810014],[-74.359315,-15.810152],[-74.357056,-15.811705],[-74.356858,-15.81182],[-74.356634,-15.811844],[-74.356436,-15.811735],[-74.356101,-15.811428],[-74.355353,-15.810291],[-74.355122,-15.809653],[-74.354971,-15.809491],[-74.354757,-15.809513],[-74.354611,-15.809686],[-74.354528,-15.809896],[-74.354474,-15.810115],[-74.35445,-15.81034],[-74.354465,-15.810791],[-74.354642,-15.811208],[-74.354711,-15.811423],[-74.354733,-15.811645],[-74.354687,-15.811866],[-74.354678,-15.81209],[-74.35481,-15.812755],[-74.354829,-15.813432],[-74.354795,-15.813655],[-74.354697,-15.813857],[-74.354532,-15.814011],[-74.353342,-15.814694],[-74.353157,-15.814827],[-74.35226,-15.815533],[-74.351575,-15.816135],[-74.343802,-15.822489],[-74.343605,-15.822603],[-74.343393,-15.822691],[-74.342936,-15.822715],[-74.341563,-15.822615],[-74.340888,-15.822483],[-74.340679,-15.82239],[-74.340486,-15.822271],[-74.336306,-15.819092],[-74.336103,-15.818988],[-74.335886,-15.818919],[-74.335659,-15.818896],[-74.335204,-15.818954],[-74.334087,-15.819215],[-74.332133,-15.819874],[-74.331936,-15.819987],[-74.331761,-15.820133],[-74.33132,-15.820653],[-74.330965,-15.820936],[-74.329903,-15.821364],[-74.329679,-15.821382],[-74.329456,-15.82133],[-74.329256,-15.821226],[-74.329078,-15.821084],[-74.328077,-15.820152],[-74.327892,-15.820021],[-74.327674,-15.819966],[-74.327449,-15.819999],[-74.327236,-15.820081],[-74.327012,-15.82011],[-74.326796,-15.820039],[-74.326622,-15.819891],[-74.32647,-15.819722],[-74.326358,-15.819525],[-74.325583,-15.817886],[-74.325368,-15.817486],[-74.325069,-15.817144],[-74.32419,-15.816418],[-74.323815,-15.816157],[-74.319424,-15.813697],[-74.319004,-15.81352],[-74.318775,-15.813515],[-74.318335,-15.813642],[-74.318127,-15.813738],[-74.316967,-15.81447],[-74.316766,-15.814575],[-74.316541,-15.81459],[-74.31643,-15.814402],[-74.316515,-15.814197],[-74.317015,-15.813732],[-74.317163,-15.813566],[-74.317181,-15.813347],[-74.317002,-15.813233],[-74.316808,-15.813331],[-74.316649,-15.813493],[-74.316469,-15.813634],[-74.315836,-15.813895],[-74.31564,-15.81401],[-74.315332,-15.814344],[-74.31522,-15.814539],[-74.315134,-15.814749],[-74.314943,-15.8154],[-74.31484,-15.815602],[-74.314676,-15.815755],[-74.31447,-15.815853],[-74.314248,-15.815904],[-74.314024,-15.815872],[-74.31321,-15.815453],[-74.313024,-15.81532],[-74.312874,-15.81515],[-74.312626,-15.81477],[-74.312484,-15.814594],[-74.31229,-15.814479],[-74.312065,-15.814469],[-74.310303,-15.814978],[-74.307026,-15.816021],[-74.306809,-15.816094],[-74.306393,-15.816284],[-74.305997,-15.816514],[-74.305461,-15.816937],[-74.303826,-15.818525],[-74.300428,-15.821893],[-74.298588,-15.824207],[-74.298502,-15.82441],[-74.298454,-15.824631],[-74.298415,-15.825081],[-74.298492,-15.825982],[-74.298575,-15.826425],[-74.298663,-15.826634],[-74.298709,-15.826855],[-74.298702,-15.827079],[-74.298651,-15.827298],[-74.29855,-15.827498],[-74.298241,-15.827831],[-74.298118,-15.828001],[-74.298044,-15.830713],[-74.297867,-15.832511],[-74.297887,-15.832736],[-74.29797,-15.833181],[-74.297959,-15.833404],[-74.297837,-15.833593],[-74.297649,-15.833715],[-74.297429,-15.833776],[-74.296076,-15.834028],[-74.295856,-15.833977],[-74.295699,-15.833818],[-74.295661,-15.83337],[-74.295557,-15.833177],[-74.29512,-15.833048],[-74.294944,-15.83291],[-74.294869,-15.832699],[-74.294866,-15.832473],[-74.294826,-15.83226],[-74.294625,-15.832176],[-74.29445,-15.832304],[-74.294412,-15.832524],[-74.294424,-15.832975],[-74.294401,-15.833427],[-74.294054,-15.835662],[-74.293992,-15.835878],[-74.293841,-15.836044],[-74.293642,-15.836152],[-74.293414,-15.836149],[-74.293195,-15.836084],[-74.292769,-15.835914],[-74.292548,-15.835852],[-74.29232,-15.835832],[-74.292102,-15.835777],[-74.291982,-15.835609],[-74.292026,-15.835391],[-74.292169,-15.835219],[-74.292355,-15.835087],[-74.292757,-15.83487],[-74.292933,-15.834727],[-74.293007,-15.834517],[-74.292864,-15.834354],[-74.292646,-15.834353],[-74.292455,-15.834476],[-74.292315,-15.834654],[-74.291952,-15.83493],[-74.29154,-15.835128],[-74.290902,-15.835382],[-74.290463,-15.835512],[-74.290236,-15.83554],[-74.288399,-15.83553],[-74.287711,-15.835549],[-74.287258,-15.835619],[-74.286801,-15.835647],[-74.286574,-15.835616],[-74.28613,-15.835502],[-74.285903,-15.835469],[-74.285216,-15.835495],[-74.284992,-15.835543],[-74.284763,-15.83556],[-74.28408,-15.835479],[-74.283851,-15.83547],[-74.283164,-15.835511],[-74.281821,-15.835813],[-74.28069,-15.836006],[-74.27803,-15.836716],[-74.276938,-15.837062],[-74.275205,-15.837662],[-74.274583,-15.837951],[-74.273811,-15.838441],[-74.273602,-15.838529],[-74.272514,-15.838892],[-74.272303,-15.838979],[-74.271908,-15.839209],[-74.264837,-15.844241],[-74.263166,-15.845791],[-74.26262,-15.846203],[-74.260176,-15.847456],[-74.258723,-15.848131],[-74.256382,-15.849063],[-74.256176,-15.849162],[-74.254982,-15.849839],[-74.253092,-15.851122],[-74.250132,-15.853627],[-74.249819,-15.853957],[-74.249061,-15.855352],[-74.247956,-15.857837],[-74.247181,-15.859722],[-74.247137,-15.859943],[-74.247133,-15.860168],[-74.247471,-15.861945],[-74.247481,-15.86217],[-74.24723,-15.86304],[-74.247215,-15.863264],[-74.247236,-15.863488],[-74.247419,-15.864833],[-74.247859,-15.867052],[-74.247847,-15.867277],[-74.247778,-15.867489],[-74.24765,-15.867669],[-74.247452,-15.867775],[-74.247228,-15.867812],[-74.246999,-15.867791],[-74.242034,-15.866877],[-74.241119,-15.86694],[-74.240232,-15.86717],[-74.239587,-15.867407],[-74.233423,-15.869886],[-74.232968,-15.86994],[-74.232738,-15.869937],[-74.232284,-15.869868],[-74.229583,-15.869333],[-74.229388,-15.869218],[-74.22925,-15.869042],[-74.229182,-15.868827],[-74.229113,-15.868381],[-74.229035,-15.868169],[-74.228894,-15.867991],[-74.228731,-15.867833],[-74.227632,-15.867015],[-74.227235,-15.866787],[-74.226418,-15.866374],[-74.226053,-15.866102],[-74.225892,-15.865942],[-74.225614,-15.865583],[-74.224962,-15.864652],[-74.224787,-15.864509],[-74.219951,-15.863079],[-74.219498,-15.863006],[-74.218812,-15.86295],[-74.213302,-15.86294],[-74.201134,-15.86298],[-74.198379,-15.86297],[-74.197698,-15.86307],[-74.196801,-15.863265],[-74.189688,-15.865075],[-74.189057,-15.865346],[-74.188462,-15.865687],[-74.177093,-15.87374],[-74.175926,-15.87446],[-74.173514,-15.875772],[-74.173133,-15.876022],[-74.172962,-15.876173],[-74.171156,-15.878221],[-74.17087,-15.878575],[-74.170615,-15.87895],[-74.170025,-15.880176],[-74.16994,-15.880386],[-74.169896,-15.880606],[-74.169911,-15.880828],[-74.170103,-15.881238],[-74.170177,-15.881451],[-74.1702,-15.881676],[-74.17013,-15.882351],[-74.170086,-15.882572],[-74.169988,-15.882774],[-74.169853,-15.882956],[-74.169249,-15.883637],[-74.169064,-15.883766],[-74.168843,-15.883815],[-74.168616,-15.883796],[-74.168402,-15.883723],[-74.168241,-15.88357],[-74.16816,-15.883361],[-74.16816,-15.883135],[-74.168124,-15.882914],[-74.167989,-15.882733],[-74.167594,-15.882502],[-74.16722,-15.88224],[-74.167012,-15.882167],[-74.166867,-15.882321],[-74.167177,-15.883639],[-74.167208,-15.883863],[-74.167229,-15.884314],[-74.167196,-15.884764],[-74.167122,-15.884972],[-74.166926,-15.88507],[-74.166697,-15.885052],[-74.166476,-15.885072],[-74.16633,-15.885229],[-74.166406,-15.885429],[-74.166912,-15.885887],[-74.167219,-15.886223],[-74.167494,-15.886585],[-74.16759,-15.886789],[-74.167654,-15.887006],[-74.16766,-15.887231],[-74.167579,-15.88744],[-74.167405,-15.887574],[-74.167182,-15.887542],[-74.166602,-15.887176],[-74.166387,-15.887125],[-74.16625,-15.887273],[-74.166309,-15.887487],[-74.166501,-15.887897],[-74.166603,-15.888336],[-74.166618,-15.888562],[-74.166582,-15.889691],[-74.166553,-15.889915],[-74.166444,-15.890102],[-74.166231,-15.890176],[-74.166006,-15.890213],[-74.165088,-15.890239],[-74.164629,-15.890222],[-74.164174,-15.890161],[-74.163061,-15.889888],[-74.162835,-15.889848],[-74.16261,-15.889859],[-74.162418,-15.889967],[-74.162344,-15.890174],[-74.162376,-15.890397],[-74.162975,-15.892104],[-74.163259,-15.892458],[-74.16488,-15.89406],[-74.165504,-15.894723],[-74.165862,-15.895301],[-74.166587,-15.896714],[-74.166726,-15.897378],[-74.166753,-15.8976],[-74.166687,-15.897812],[-74.166514,-15.897953],[-74.165919,-15.898294],[-74.164988,-15.898953],[-74.162164,-15.900466],[-74.157442,-15.902794],[-74.154797,-15.904156],[-74.153016,-15.905186],[-74.151113,-15.905978],[-74.146199,-15.908434],[-74.139592,-15.911598],[-74.134666,-15.91403],[-74.131815,-15.915492],[-74.122356,-15.920116],[-74.117433,-15.922554],[-74.108193,-15.926577],[-74.101504,-15.929569],[-74.093539,-15.933074],[-74.088128,-15.935557],[-74.08568,-15.936802],[-74.08401,-15.937555],[-74.08051,-15.939256],[-74.078228,-15.940321],[-74.075435,-15.941356],[-74.074174,-15.941902],[-74.072763,-15.942659],[-74.071931,-15.943041],[-74.07149,-15.943167],[-74.070815,-15.943301],[-74.070151,-15.943479],[-74.069497,-15.943694],[-74.06799,-15.944242],[-74.066231,-15.944762],[-74.065811,-15.944944],[-74.063369,-15.946632],[-74.062591,-15.947112],[-74.0554,-15.951126],[-74.054438,-15.951742],[-74.047972,-15.956049],[-74.047066,-15.956743],[-74.040154,-15.963035],[-74.039999,-15.963201],[-74.039867,-15.963386],[-74.039759,-15.963584],[-74.039681,-15.964029],[-74.03969,-15.964255],[-74.039802,-15.964693],[-74.040246,-15.965485],[-74.040302,-15.965702],[-74.040302,-15.965928],[-74.040244,-15.966144],[-74.04014,-15.966344],[-74.039984,-15.966509],[-74.039784,-15.966618],[-74.038948,-15.966991],[-74.038763,-15.967121],[-74.03842,-15.967422],[-74.036075,-15.969905],[-74.03496,-15.971342],[-74.034109,-15.972684],[-74.033992,-15.972878],[-74.033722,-15.973502],[-74.033323,-15.975268],[-74.033181,-15.975697],[-74.033083,-15.9759],[-74.032111,-15.977435],[-74.031583,-15.978174],[-74.031349,-15.978563],[-74.031104,-15.979434],[-74.030949,-15.979859],[-74.030616,-15.980452],[-74.028721,-15.983284],[-74.027628,-15.985272],[-74.027135,-15.986034],[-74.022124,-15.995446],[-74.022031,-15.995652],[-74.021944,-15.995861],[-74.021822,-15.996297],[-74.021749,-15.996743],[-74.021738,-15.997194],[-74.021815,-15.997639],[-74.021864,-15.99786],[-74.022515,-16.000028],[-74.024292,-16.00564],[-74.024409,-16.006077],[-74.024465,-16.006752],[-74.024242,-16.009683],[-74.024116,-16.010577],[-74.023982,-16.01101],[-74.023907,-16.011223],[-74.023576,-16.011818],[-74.022592,-16.013345],[-74.022256,-16.013937],[-74.021386,-16.01627],[-74.021016,-16.017097],[-74.020731,-16.017452],[-74.020581,-16.017622],[-74.020228,-16.01791],[-74.019669,-16.018307],[-74.013612,-16.021987],[-74.012494,-16.02278],[-74.01232,-16.022926],[-74.008704,-16.0264],[-74.007828,-16.027129],[-74.006334,-16.028181],[-73.996927,-16.035047],[-73.995784,-16.035803],[-73.994986,-16.03625],[-73.994149,-16.036623],[-73.993504,-16.036862],[-73.990023,-16.038016],[-73.98918,-16.038373],[-73.988175,-16.038919],[-73.980682,-16.043321],[-73.980111,-16.043699],[-73.97939,-16.044259],[-73.978903,-16.044738],[-73.978303,-16.045423],[-73.974971,-16.050024],[-73.974684,-16.050377],[-73.974188,-16.050847],[-73.973629,-16.051242],[-73.970626,-16.052902],[-73.970038,-16.053254],[-73.968091,-16.054838],[-73.964917,-16.057075],[-73.964324,-16.05742],[-73.958647,-16.06039],[-73.958275,-16.060654],[-73.957783,-16.061127],[-73.957415,-16.0617],[-73.956254,-16.063909],[-73.955898,-16.064489],[-73.955167,-16.065359],[-73.95362,-16.06703],[-73.953328,-16.067378],[-73.952803,-16.06812],[-73.951087,-16.070797],[-73.950404,-16.071705],[-73.948031,-16.074467],[-73.947066,-16.075434],[-73.946373,-16.076028],[-73.945825,-16.076439],[-73.944678,-16.077189],[-73.943056,-16.078037],[-73.938558,-16.080301],[-73.937099,-16.080963],[-73.931373,-16.083302],[-73.930362,-16.083838],[-73.929809,-16.084241],[-73.929638,-16.084391],[-73.926445,-16.087319],[-73.925535,-16.088007],[-73.91376,-16.095884],[-73.912968,-16.096341],[-73.912558,-16.096546],[-73.905113,-16.099523],[-73.904698,-16.099716],[-73.904313,-16.099961],[-73.903956,-16.100245],[-73.902097,-16.10193],[-73.901919,-16.102071],[-73.901542,-16.10233],[-73.900735,-16.102761],[-73.899892,-16.103118],[-73.893387,-16.105348],[-73.892752,-16.10561],[-73.89214,-16.10592],[-73.891555,-16.106277],[-73.886669,-16.109655],[-73.884616,-16.111103],[-73.883613,-16.112031],[-73.883305,-16.112366],[-73.864233,-16.136138],[-73.863753,-16.136623],[-73.863047,-16.137202],[-73.862654,-16.137435],[-73.861193,-16.138092],[-73.850379,-16.142516],[-73.849565,-16.142934],[-73.84818,-16.143736],[-73.832472,-16.153539],[-73.830674,-16.154542],[-73.828989,-16.155262],[-73.814902,-16.16076],[-73.813171,-16.161366],[-73.809669,-16.162457],[-73.808163,-16.16301],[-73.796665,-16.167578],[-73.793619,-16.168586],[-73.789905,-16.16977],[-73.788804,-16.17009],[-73.775368,-16.17308],[-73.774233,-16.173251],[-73.762843,-16.174665],[-73.761948,-16.174864],[-73.761302,-16.175095],[-73.760886,-16.175288],[-73.760293,-16.175633],[-73.739713,-16.189654],[-73.738729,-16.190236],[-73.738125,-16.190562],[-73.736863,-16.191106],[-73.736215,-16.191334],[-73.730706,-16.192921],[-73.729157,-16.193344],[-73.728516,-16.193589],[-73.728115,-16.193808],[-73.727754,-16.194087],[-73.727441,-16.194415],[-73.726361,-16.195878],[-73.722546,-16.201252],[-73.722196,-16.201836],[-73.721771,-16.202637],[-73.720615,-16.205347],[-73.720317,-16.205958],[-73.720044,-16.206321],[-73.719551,-16.206793],[-73.718257,-16.207732],[-73.71749,-16.20823],[-73.717081,-16.208435],[-73.715346,-16.209026],[-73.709235,-16.210992],[-73.708373,-16.211304],[-73.707746,-16.211583],[-73.707345,-16.211804],[-73.706769,-16.212175],[-73.703921,-16.21446],[-73.702528,-16.215639],[-73.699708,-16.217958],[-73.699209,-16.218424],[-73.698937,-16.218787],[-73.69873,-16.21919],[-73.697114,-16.222936],[-73.696957,-16.223361],[-73.696844,-16.223798],[-73.696769,-16.224244],[-73.696605,-16.226499],[-73.696496,-16.227168],[-73.696431,-16.227385],[-73.696236,-16.227794],[-73.69597,-16.228161],[-73.69565,-16.228485],[-73.695473,-16.228629],[-73.695088,-16.228873],[-73.694878,-16.228963],[-73.69444,-16.229099],[-73.69399,-16.229182],[-73.693761,-16.229198],[-73.691477,-16.228964],[-73.691027,-16.228879],[-73.690586,-16.228751],[-73.690166,-16.228569],[-73.689971,-16.228452],[-73.686381,-16.226012],[-73.68558,-16.225569],[-73.685167,-16.225372],[-73.684528,-16.225121],[-73.683872,-16.224914],[-73.679659,-16.223801],[-73.679002,-16.223599],[-73.678624,-16.223344],[-73.678461,-16.223187],[-73.678316,-16.223012],[-73.678213,-16.222811],[-73.678135,-16.222599],[-73.677771,-16.220826],[-73.677603,-16.220406],[-73.67737,-16.220017],[-73.677059,-16.219686],[-73.676693,-16.219414],[-73.676488,-16.219313],[-73.676279,-16.21922],[-73.67583,-16.219129],[-73.675372,-16.219103],[-73.674694,-16.219226],[-73.672682,-16.219689],[-73.662661,-16.222163],[-73.66154,-16.222407],[-73.657753,-16.223339],[-73.656622,-16.223528],[-73.651359,-16.223955],[-73.648148,-16.224097],[-73.647693,-16.224044],[-73.64726,-16.223894],[-73.646479,-16.223421],[-73.646074,-16.223208],[-73.64586,-16.223127],[-73.645637,-16.223072],[-73.64541,-16.223046],[-73.645181,-16.223043],[-73.644954,-16.223076],[-73.644522,-16.223227],[-73.644122,-16.223447],[-73.643807,-16.223774],[-73.642515,-16.225361],[-73.642178,-16.225669],[-73.641992,-16.225801],[-73.64159,-16.226016],[-73.641157,-16.226165],[-73.635593,-16.227552],[-73.634466,-16.227766],[-73.633324,-16.227879],[-73.631259,-16.227964],[-73.615195,-16.228457],[-73.609227,-16.22858],[-73.607622,-16.228661],[-73.606249,-16.228763],[-73.605341,-16.228897],[-73.604896,-16.229008],[-73.604028,-16.229302],[-73.588116,-16.235784],[-73.58726,-16.23611],[-73.58642,-16.236477],[-73.569238,-16.243483],[-73.5688,-16.243619],[-73.568124,-16.243742],[-73.567895,-16.243749],[-73.567212,-16.243665],[-73.561191,-16.242212],[-73.56074,-16.242132],[-73.560281,-16.242124],[-73.559824,-16.242164],[-73.559158,-16.242332],[-73.558339,-16.24274],[-73.545638,-16.249556],[-73.545007,-16.249827],[-73.534055,-16.253907],[-73.533208,-16.254256],[-73.532797,-16.254457],[-73.531453,-16.255323],[-73.529088,-16.257116],[-73.528389,-16.257701],[-73.528259,-16.257886],[-73.528055,-16.25829],[-73.527459,-16.260001],[-73.527355,-16.260202],[-73.527211,-16.260376],[-73.527038,-16.260525],[-73.526839,-16.260634],[-73.526621,-16.260702],[-73.526394,-16.260726],[-73.525477,-16.260684],[-73.525247,-16.260687],[-73.525021,-16.260719],[-73.524583,-16.260854],[-73.522869,-16.261503],[-73.522422,-16.261604],[-73.521964,-16.261632],[-73.51921,-16.261705],[-73.518525,-16.261775],[-73.516555,-16.262384],[-73.516349,-16.262482],[-73.515969,-16.262735],[-73.515101,-16.263475],[-73.514915,-16.263605],[-73.511592,-16.265146],[-73.510803,-16.265609],[-73.50988,-16.26628],[-73.509493,-16.266523],[-73.509074,-16.266706],[-73.506229,-16.267595],[-73.505607,-16.267882],[-73.503822,-16.268909],[-73.503505,-16.269235],[-73.503208,-16.26958],[-73.502867,-16.269881],[-73.501497,-16.270706],[-73.501075,-16.270883],[-73.49999,-16.271251],[-73.497035,-16.271665],[-73.494,-16.272706],[-73.4938,-16.272816],[-73.493633,-16.272969],[-73.493507,-16.273158],[-73.49321,-16.273769],[-73.493063,-16.273938],[-73.492462,-16.274266],[-73.492278,-16.274401],[-73.491417,-16.275148],[-73.491125,-16.275496],[-73.491,-16.275685],[-73.490561,-16.276477],[-73.490377,-16.27661],[-73.490158,-16.276675],[-73.489256,-16.276847],[-73.489044,-16.276927],[-73.488856,-16.277055],[-73.4883,-16.277775],[-73.48815,-16.277946],[-73.487971,-16.278082],[-73.48691,-16.278508],[-73.486683,-16.278536],[-73.486456,-16.278501],[-73.485571,-16.27826],[-73.485344,-16.278227],[-73.48512,-16.278238],[-73.484913,-16.278333],[-73.484535,-16.27859],[-73.484189,-16.278886],[-73.484044,-16.279061],[-73.483567,-16.279833],[-73.483402,-16.280253],[-73.48322,-16.280906],[-73.483092,-16.28109],[-73.482879,-16.281164],[-73.481743,-16.28132],[-73.481514,-16.281311],[-73.481291,-16.281261],[-73.48109,-16.281152],[-73.48034,-16.28063],[-73.479682,-16.28],[-73.4795,-16.279863],[-73.478558,-16.279217],[-73.477562,-16.278656],[-73.476076,-16.278055],[-73.47521,-16.277754],[-73.471386,-16.276988],[-73.470929,-16.27695],[-73.470701,-16.27698],[-73.470479,-16.277039],[-73.468182,-16.278069],[-73.467963,-16.278134],[-73.464315,-16.278562],[-73.464086,-16.278564],[-73.463427,-16.278378],[-73.462739,-16.278343],[-73.461598,-16.278221],[-73.460021,-16.277916],[-73.459792,-16.27791],[-73.459567,-16.277951],[-73.459363,-16.278051],[-73.458493,-16.278788],[-73.458105,-16.279027],[-73.457891,-16.27911],[-73.457004,-16.279344],[-73.456331,-16.279486],[-73.456119,-16.279572],[-73.455736,-16.27982],[-73.455532,-16.279923],[-73.455312,-16.279982],[-73.455084,-16.280003],[-73.453708,-16.280073],[-73.453274,-16.280214],[-73.452866,-16.280419],[-73.452649,-16.280492],[-73.45242,-16.280509],[-73.451736,-16.28044],[-73.451509,-16.280468],[-73.451294,-16.280544],[-73.450908,-16.280789],[-73.450698,-16.280876],[-73.450036,-16.281062],[-73.449614,-16.281239],[-73.448001,-16.282105],[-73.44721,-16.282563],[-73.446444,-16.283062],[-73.44624,-16.283166],[-73.446022,-16.283234],[-73.445569,-16.283303],[-73.44535,-16.28337],[-73.445167,-16.283505],[-73.444848,-16.283829],[-73.444656,-16.283948],[-73.444014,-16.284195],[-73.443624,-16.28443],[-73.443401,-16.28447],[-73.442951,-16.284387],[-73.442723,-16.284374],[-73.442502,-16.284424],[-73.442085,-16.284613],[-73.441889,-16.284732],[-73.441379,-16.285185],[-73.441194,-16.285316],[-73.44098,-16.285393],[-73.439202,-16.285847],[-73.438984,-16.285919],[-73.438166,-16.286325],[-73.437746,-16.286507],[-73.436868,-16.286771],[-73.436658,-16.286862],[-73.436284,-16.287125],[-73.436078,-16.287223],[-73.435213,-16.287524],[-73.434597,-16.287826],[-73.434374,-16.287874],[-73.433687,-16.287863],[-73.432545,-16.287985],[-73.432101,-16.288095],[-73.431445,-16.288302],[-73.430547,-16.288493],[-73.43033,-16.288561],[-73.430121,-16.288655],[-73.429171,-16.289289],[-73.428769,-16.289507],[-73.428555,-16.289587],[-73.42833,-16.289631],[-73.427643,-16.289678],[-73.427418,-16.28972],[-73.426991,-16.289881],[-73.426279,-16.290451],[-73.42608,-16.29056],[-73.425858,-16.290615],[-73.42563,-16.290637],[-73.424942,-16.290617],[-73.424267,-16.290747],[-73.42405,-16.290817],[-73.423858,-16.290939],[-73.423527,-16.291251],[-73.423226,-16.291593],[-73.42301,-16.291666],[-73.421888,-16.291901],[-73.421669,-16.291966],[-73.421462,-16.292063],[-73.420886,-16.292431],[-73.420667,-16.292494],[-73.419086,-16.292776],[-73.418642,-16.292886],[-73.418442,-16.292998],[-73.418108,-16.293306],[-73.417925,-16.293441],[-73.41734,-16.293799],[-73.41672,-16.294093],[-73.416281,-16.294224],[-73.414499,-16.294663],[-73.414065,-16.294808],[-73.413865,-16.294919],[-73.413678,-16.295049],[-73.413509,-16.295201],[-73.412398,-16.296345],[-73.41223,-16.296497],[-73.412033,-16.296611],[-73.411814,-16.296676],[-73.411589,-16.29668],[-73.411366,-16.296626],[-73.410514,-16.296292],[-73.41029,-16.296253],[-73.410061,-16.296276],[-73.409845,-16.296343],[-73.409084,-16.296848],[-73.408877,-16.296942],[-73.408423,-16.297008],[-73.407976,-16.297107],[-73.407329,-16.29734],[-73.407108,-16.297399],[-73.40688,-16.297425],[-73.405964,-16.297417],[-73.405761,-16.297517],[-73.405426,-16.297825],[-73.405245,-16.297964],[-73.404395,-16.298299],[-73.404191,-16.298404],[-73.40344,-16.298923],[-73.403238,-16.29903],[-73.403023,-16.299109],[-73.402126,-16.299301],[-73.401906,-16.299368],[-73.401076,-16.299754],[-73.400901,-16.299895],[-73.400503,-16.300446],[-73.40033,-16.300591],[-73.400124,-16.300684],[-73.399227,-16.300879],[-73.399009,-16.300948],[-73.398806,-16.30105],[-73.398619,-16.301181],[-73.398289,-16.301495],[-73.39811,-16.301636],[-73.39791,-16.301747],[-73.397706,-16.301849],[-73.397279,-16.302015],[-73.396673,-16.302336],[-73.396257,-16.302527],[-73.395596,-16.302717],[-73.395383,-16.302799],[-73.395183,-16.302909],[-73.395002,-16.303048],[-73.394331,-16.303665],[-73.394139,-16.303782],[-73.393917,-16.303826],[-73.39323,-16.303797],[-73.393012,-16.303859],[-73.392814,-16.30397],[-73.391271,-16.305323],[-73.391112,-16.305484],[-73.391019,-16.305687],[-73.390932,-16.306131],[-73.390819,-16.306327],[-73.390662,-16.30649],[-73.390454,-16.306581],[-73.389358,-16.306914],[-73.38822,-16.307063],[-73.388,-16.307127],[-73.387349,-16.307347],[-73.386924,-16.307518],[-73.386317,-16.307838],[-73.386105,-16.307922],[-73.385882,-16.307974],[-73.385656,-16.307966],[-73.385434,-16.307912],[-73.385003,-16.307758],[-73.384554,-16.307666],[-73.384098,-16.307691],[-73.383876,-16.307746],[-73.383664,-16.307833],[-73.382673,-16.308403],[-73.382467,-16.308499],[-73.382245,-16.308558],[-73.382019,-16.308588],[-73.381331,-16.308626],[-73.381108,-16.308671],[-73.380491,-16.30897],[-73.380263,-16.308998],[-73.379805,-16.309011],[-73.379583,-16.309061],[-73.379379,-16.309161],[-73.379201,-16.309303],[-73.378932,-16.309668],[-73.378758,-16.309811],[-73.378539,-16.309871],[-73.378083,-16.309922],[-73.377855,-16.309906],[-73.377419,-16.309769],[-73.377197,-16.309725],[-73.376973,-16.309764],[-73.376773,-16.309871],[-73.376429,-16.31017],[-73.376241,-16.310299],[-73.376025,-16.310363],[-73.3758,-16.310334],[-73.375587,-16.310253],[-73.373303,-16.309191],[-73.372649,-16.30898],[-73.372204,-16.308872],[-73.371749,-16.308814],[-73.371291,-16.308833],[-73.370845,-16.308937],[-73.370416,-16.309095],[-73.370038,-16.30935],[-73.369054,-16.310299],[-73.368575,-16.311071],[-73.368435,-16.311248],[-73.368277,-16.311412],[-73.36776,-16.311857],[-73.367628,-16.312042],[-73.367203,-16.312844],[-73.367051,-16.313014],[-73.366867,-16.313144],[-73.365868,-16.313701],[-73.365441,-16.313867],[-73.364783,-16.314067],[-73.364576,-16.314162],[-73.363858,-16.314723],[-73.362699,-16.315455],[-73.362476,-16.315509],[-73.361788,-16.315538],[-73.361561,-16.315567],[-73.361114,-16.315671],[-73.360897,-16.315743],[-73.360686,-16.315831],[-73.359984,-16.31641],[-73.359319,-16.316568],[-73.359112,-16.316662],[-73.358733,-16.316918],[-73.35853,-16.317013],[-73.358303,-16.317036],[-73.357615,-16.317012],[-73.357387,-16.317033],[-73.356954,-16.317178],[-73.356551,-16.317393],[-73.356425,-16.317581],[-73.356269,-16.318003],[-73.356154,-16.318199],[-73.355994,-16.318358],[-73.355805,-16.318482],[-73.355593,-16.318567],[-73.355141,-16.31865],[-73.353317,-16.318855],[-73.352198,-16.319106],[-73.350378,-16.319346],[-73.347906,-16.319854],[-73.34682,-16.320215],[-73.345681,-16.320348],[-73.345254,-16.320515],[-73.343831,-16.32125],[-73.343006,-16.321648],[-73.340513,-16.322802],[-73.340114,-16.323024],[-73.337596,-16.324603],[-73.33679,-16.325035],[-73.332904,-16.326987],[-73.331129,-16.328029],[-73.32921,-16.32927],[-73.326219,-16.330951],[-73.318929,-16.334787],[-73.318732,-16.334902],[-73.317992,-16.335438],[-73.31654,-16.336543],[-73.316329,-16.336633],[-73.315188,-16.33673],[-73.314969,-16.336798],[-73.314765,-16.3369],[-73.313931,-16.337674],[-73.313412,-16.338116],[-73.312788,-16.338779],[-73.311312,-16.340203],[-73.310997,-16.340532],[-73.310883,-16.340728],[-73.310812,-16.340941],[-73.310694,-16.341609],[-73.310625,-16.341823],[-73.310486,-16.342001],[-73.310115,-16.342265],[-73.309944,-16.342415],[-73.309837,-16.342613],[-73.309665,-16.343269],[-73.309429,-16.344376],[-73.309368,-16.344593],[-73.309256,-16.344788],[-73.309071,-16.344914],[-73.308848,-16.344964],[-73.308164,-16.345043],[-73.307941,-16.345094],[-73.307513,-16.345254],[-73.305156,-16.346659],[-73.304954,-16.346764],[-73.304738,-16.346843],[-73.304515,-16.346805],[-73.304315,-16.3467],[-73.304176,-16.346522],[-73.303963,-16.346123],[-73.303791,-16.345975],[-73.30358,-16.34589],[-73.303355,-16.345919],[-73.303166,-16.346039],[-73.303057,-16.346234],[-73.303046,-16.346458],[-73.303222,-16.347345],[-73.303246,-16.34757],[-73.303209,-16.347791],[-73.303071,-16.347966],[-73.302733,-16.348272],[-73.301997,-16.348812],[-73.301545,-16.349322],[-73.301368,-16.349466],[-73.301156,-16.349551],[-73.30093,-16.34958],[-73.300703,-16.349558],[-73.30003,-16.349411],[-73.299802,-16.349403],[-73.299586,-16.349478],[-73.299415,-16.349628],[-73.298939,-16.350118],[-73.298762,-16.35026],[-73.298547,-16.350333],[-73.295337,-16.350196],[-73.29511,-16.350167],[-73.294888,-16.35011],[-73.294069,-16.349704],[-73.293848,-16.349642],[-73.293627,-16.349694],[-73.293481,-16.349857],[-73.29345,-16.350078],[-73.293537,-16.350284],[-73.294384,-16.351047],[-73.294546,-16.351206],[-73.294677,-16.35139],[-73.294752,-16.351601],[-73.294743,-16.351826],[-73.294665,-16.352037],[-73.294534,-16.352221],[-73.294341,-16.352343],[-73.284888,-16.356448],[-73.284689,-16.356561],[-73.28452,-16.35671],[-73.284369,-16.35688],[-73.283128,-16.358507],[-73.282819,-16.358841],[-73.282624,-16.35896],[-73.281202,-16.359697],[-73.281011,-16.359816],[-73.280935,-16.360019],[-73.281042,-16.360211],[-73.281251,-16.360295],[-73.282622,-16.360431],[-73.282847,-16.360467],[-73.283048,-16.360575],[-73.283788,-16.36111],[-73.283945,-16.361269],[-73.283952,-16.361487],[-73.283796,-16.361634],[-73.283571,-16.361671],[-73.281505,-16.361699],[-73.280588,-16.361669],[-73.279919,-16.361511],[-73.277081,-16.360602],[-73.276417,-16.360428],[-73.276187,-16.36042],[-73.275966,-16.36048],[-73.27576,-16.360573],[-73.27557,-16.3607],[-73.275417,-16.360867],[-73.275313,-16.361067],[-73.275263,-16.361286],[-73.275284,-16.361736],[-73.275248,-16.361957],[-73.275108,-16.362131],[-73.274674,-16.362278],[-73.274488,-16.362402],[-73.274409,-16.36261],[-73.274399,-16.362836],[-73.274362,-16.363058],[-73.274259,-16.36326],[-73.274005,-16.363636],[-73.273884,-16.364072],[-73.273858,-16.364296],[-73.27386,-16.364521],[-73.273899,-16.364742],[-73.274052,-16.365169],[-73.274075,-16.365391],[-73.274044,-16.365615],[-73.273954,-16.365822],[-73.273814,-16.365999],[-73.273636,-16.366141],[-73.272968,-16.366308],[-73.272773,-16.366421],[-73.272662,-16.366617],[-73.272478,-16.367031],[-73.27207,-16.367238],[-73.270588,-16.367842],[-73.270428,-16.368004],[-73.269497,-16.369821],[-73.26946,-16.370042],[-73.269604,-16.370202],[-73.270275,-16.370324],[-73.270431,-16.370484],[-73.270456,-16.370707],[-73.270433,-16.371384],[-73.270459,-16.371607],[-73.27061,-16.371774],[-73.27083,-16.371826],[-73.271287,-16.371868],[-73.271491,-16.371962],[-73.272145,-16.372596],[-73.27228,-16.372777],[-73.27233,-16.372995],[-73.272313,-16.373674],[-73.272333,-16.373897],[-73.272422,-16.374102],[-73.273064,-16.374749],[-73.273127,-16.37496],[-73.273101,-16.375184],[-73.272955,-16.375847],[-73.272821,-16.376025],[-73.272607,-16.376092],[-73.27238,-16.376127],[-73.272192,-16.376252],[-73.272026,-16.376404],[-73.271943,-16.376609],[-73.272017,-16.376819],[-73.272624,-16.377778],[-73.272706,-16.377987],[-73.27264,-16.378197],[-73.272457,-16.378326],[-73.271788,-16.378486],[-73.271612,-16.37862],[-73.27158,-16.378837],[-73.27158,-16.379063],[-73.271529,-16.379279],[-73.271357,-16.37942],[-73.269753,-16.3795],[-73.269525,-16.379474],[-73.268873,-16.379273],[-73.268664,-16.379357],[-73.268532,-16.379539],[-73.268222,-16.380143],[-73.267781,-16.380663],[-73.267676,-16.38086],[-73.26762,-16.381309],[-73.26764,-16.381531],[-73.267801,-16.381954],[-73.267839,-16.382175],[-73.267756,-16.382383],[-73.267317,-16.382905],[-73.267221,-16.383108],[-73.267283,-16.383555],[-73.26728,-16.38378],[-73.266746,-16.385273],[-73.266645,-16.385474],[-73.2665,-16.385649],[-73.26612,-16.385901],[-73.266022,-16.3861],[-73.265876,-16.386528],[-73.265762,-16.386723],[-73.265606,-16.386888],[-73.265046,-16.387276],[-73.264759,-16.387627],[-73.264591,-16.387779],[-73.264176,-16.387973],[-73.26395,-16.38801],[-73.263263,-16.388039],[-73.26305,-16.388118],[-73.261604,-16.388809],[-73.261385,-16.388877],[-73.261161,-16.388918],[-73.260474,-16.388954],[-73.257723,-16.388795],[-73.257496,-16.388767],[-73.257275,-16.388706],[-73.251363,-16.38687],[-73.251139,-16.386822],[-73.250909,-16.38682],[-73.250687,-16.386873],[-73.248008,-16.388168],[-73.247612,-16.388396],[-73.246324,-16.389344],[-73.245118,-16.390389],[-73.244016,-16.391203],[-73.24318,-16.391977],[-73.242277,-16.393001],[-73.241463,-16.393798],[-73.241027,-16.394322],[-73.240848,-16.394464],[-73.240254,-16.394808],[-73.240074,-16.394944],[-73.239622,-16.395454],[-73.239028,-16.395797],[-73.238851,-16.395939],[-73.238456,-16.396492],[-73.237726,-16.397036],[-73.237421,-16.397374],[-73.236997,-16.397908],[-73.236845,-16.398076],[-73.236665,-16.398216],[-73.236262,-16.398429],[-73.231619,-16.399712],[-73.231173,-16.399817],[-73.230966,-16.399738],[-73.230849,-16.399549],[-73.230849,-16.3991],[-73.230958,-16.398906],[-73.231163,-16.398817],[-73.231615,-16.398755],[-73.231767,-16.398599],[-73.231793,-16.398381],[-73.231705,-16.397937],[-73.231725,-16.397717],[-73.23204,-16.397395],[-73.232178,-16.397217],[-73.232543,-16.396146],[-73.23257,-16.395924],[-73.232466,-16.395728],[-73.232251,-16.395664],[-73.232039,-16.395732],[-73.231891,-16.395904],[-73.231474,-16.396445],[-73.228441,-16.400136],[-73.227988,-16.400646],[-73.227644,-16.400944],[-73.227253,-16.401181],[-73.227044,-16.401274],[-73.226607,-16.401409],[-73.226153,-16.40147],[-73.225695,-16.401482],[-73.21952,-16.400953],[-73.219079,-16.400833],[-73.218871,-16.400737],[-73.218679,-16.400617],[-73.2185,-16.400476],[-73.218045,-16.399966],[-73.217865,-16.399828],[-73.217666,-16.399714],[-73.216603,-16.399288],[-73.216168,-16.399145],[-73.215717,-16.399067],[-73.215258,-16.399041],[-73.215029,-16.399047],[-73.214804,-16.399082],[-73.214583,-16.399143],[-73.213941,-16.39939],[-73.213285,-16.399592],[-73.212826,-16.399591],[-73.212369,-16.39955],[-73.21214,-16.39955],[-73.211224,-16.399616],[-73.210536,-16.39962],[-73.210081,-16.399568],[-73.209186,-16.399366],[-73.20758,-16.399379],[-73.207353,-16.399407],[-73.207144,-16.399498],[-73.2066,-16.399914],[-73.205475,-16.400696],[-73.204659,-16.40111],[-73.204228,-16.401266],[-73.204023,-16.401368],[-73.203438,-16.401726],[-73.203218,-16.401746],[-73.202818,-16.401525],[-73.202598,-16.401489],[-73.202417,-16.401617],[-73.202382,-16.401834],[-73.202396,-16.402059],[-73.202362,-16.402281],[-73.202235,-16.402469],[-73.201912,-16.40279],[-73.201629,-16.403143],[-73.200951,-16.40375],[-73.200327,-16.404697],[-73.200172,-16.405123],[-73.20007,-16.405324],[-73.199938,-16.405508],[-73.199735,-16.40559],[-73.1986,-16.405422],[-73.198374,-16.405417],[-73.198155,-16.405479],[-73.197971,-16.405612],[-73.197635,-16.40592],[-73.197279,-16.406205],[-73.197112,-16.406359],[-73.196965,-16.406533],[-73.196667,-16.407144],[-73.196262,-16.407692],[-73.196163,-16.407894],[-73.195919,-16.409228],[-73.195835,-16.409437],[-73.195313,-16.410444],[-73.195147,-16.410599],[-73.194767,-16.41085],[-73.194545,-16.410898],[-73.194329,-16.41083],[-73.193817,-16.410377],[-73.193629,-16.41025],[-73.193408,-16.4102],[-73.193178,-16.4102],[-73.1925,-16.410317],[-73.192272,-16.410322],[-73.191814,-16.41029],[-73.191589,-16.410332],[-73.191388,-16.410437],[-73.191228,-16.410595],[-73.191086,-16.410773],[-73.190733,-16.411355],[-73.19068,-16.411574],[-73.19068,-16.412026],[-73.190617,-16.412236],[-73.190424,-16.412339],[-73.190195,-16.412324],[-73.189062,-16.412147],[-73.188833,-16.41215],[-73.188619,-16.412224],[-73.187158,-16.412885],[-73.186963,-16.413002],[-73.186245,-16.413563],[-73.186024,-16.4136],[-73.185817,-16.413512],[-73.185649,-16.413359],[-73.185336,-16.413029],[-73.185059,-16.412668],[-73.184903,-16.412503],[-73.184707,-16.412389],[-73.184264,-16.412273],[-73.184036,-16.412286],[-73.183823,-16.412362],[-73.183619,-16.412466],[-73.183396,-16.412483],[-73.182506,-16.41227],[-73.182278,-16.412289],[-73.182074,-16.412393],[-73.181416,-16.413022],[-73.181275,-16.4132],[-73.181076,-16.413607],[-73.180941,-16.413789],[-73.180426,-16.414237],[-73.179987,-16.41476],[-73.179588,-16.415311],[-73.179362,-16.41534],[-73.178923,-16.41521],[-73.178697,-16.415182],[-73.177557,-16.415311],[-73.177346,-16.415397],[-73.176322,-16.415909],[-73.175738,-16.416268],[-73.17537,-16.416538],[-73.17516,-16.416627],[-73.173787,-16.416712],[-73.171722,-16.416729],[-73.17128,-16.41661],[-73.171076,-16.416508],[-73.170104,-16.415907],[-73.169897,-16.415808],[-73.169446,-16.41575],[-73.169219,-16.415785],[-73.169003,-16.415854],[-73.16838,-16.416144],[-73.168165,-16.41622],[-73.167938,-16.416231],[-73.167489,-16.416141],[-73.16726,-16.416116],[-73.167031,-16.416119],[-73.165433,-16.416282],[-73.164755,-16.416401],[-73.163841,-16.416466],[-73.16363,-16.416553],[-73.163073,-16.416951],[-73.16287,-16.417053],[-73.162644,-16.417083],[-73.161956,-16.417071],[-73.161728,-16.417093],[-73.161055,-16.417234],[-73.159288,-16.417728],[-73.158441,-16.418075],[-73.157149,-16.418544],[-73.157004,-16.418706],[-73.157055,-16.419376],[-73.157012,-16.419598],[-73.156875,-16.420029],[-73.156751,-16.420218],[-73.156121,-16.420876],[-73.155904,-16.421273],[-73.155159,-16.422926],[-73.15503,-16.423112],[-73.154885,-16.423287],[-73.154406,-16.423774],[-73.153732,-16.424388],[-73.152921,-16.425189],[-73.152709,-16.42526],[-73.152487,-16.425209],[-73.152274,-16.425125],[-73.152054,-16.425086],[-73.151857,-16.425182],[-73.151816,-16.425402],[-73.151872,-16.425618],[-73.15197,-16.425822],[-73.151978,-16.426038],[-73.151817,-16.426194],[-73.151615,-16.426301],[-73.151234,-16.426554],[-73.151078,-16.426718],[-73.150927,-16.426889],[-73.150676,-16.427513],[-73.150014,-16.428138],[-73.149799,-16.428192],[-73.149601,-16.428097],[-73.149495,-16.427901],[-73.149385,-16.427232],[-73.149283,-16.426791],[-73.14929,-16.426566],[-73.149434,-16.426397],[-73.149623,-16.426268],[-73.14979,-16.426115],[-73.149853,-16.425906],[-73.149786,-16.425691],[-73.149252,-16.424956],[-73.148807,-16.424438],[-73.1477,-16.423291],[-73.147522,-16.423153],[-73.147308,-16.423074],[-73.146866,-16.422952],[-73.146641,-16.42292],[-73.146439,-16.423009],[-73.146366,-16.423218],[-73.146412,-16.423435],[-73.14655,-16.423613],[-73.14689,-16.423917],[-73.147011,-16.424104],[-73.146972,-16.424314],[-73.146784,-16.42443],[-73.145644,-16.424309],[-73.145417,-16.424307],[-73.145232,-16.424421],[-73.14521,-16.42464],[-73.145349,-16.424815],[-73.14589,-16.425234],[-73.145978,-16.425434],[-73.145877,-16.425625],[-73.145493,-16.425873],[-73.141738,-16.428059],[-73.141532,-16.428157],[-73.141314,-16.42822],[-73.140856,-16.428254],[-73.140632,-16.428292],[-73.140421,-16.428379],[-73.140235,-16.42851],[-73.140082,-16.428677],[-73.13893,-16.430086],[-73.138616,-16.430415],[-73.138422,-16.430534],[-73.136877,-16.430965],[-73.136446,-16.43112],[-73.136037,-16.431326],[-73.135049,-16.4319],[-73.134632,-16.432089],[-73.134414,-16.43216],[-73.134195,-16.432126],[-73.134044,-16.431964],[-73.133925,-16.43177],[-73.133775,-16.431602],[-73.133579,-16.431491],[-73.133355,-16.431523],[-73.133177,-16.431655],[-73.133086,-16.431857],[-73.133079,-16.432082],[-73.133108,-16.432305],[-73.133168,-16.432523],[-73.133255,-16.432732],[-73.133569,-16.433335],[-73.133655,-16.433544],[-73.133677,-16.433764],[-73.133581,-16.433963],[-73.132596,-16.43491],[-73.132445,-16.435078],[-73.132403,-16.43529],[-73.132521,-16.435479],[-73.133662,-16.436594],[-73.133804,-16.43677],[-73.133881,-16.436977],[-73.133841,-16.437196],[-73.133045,-16.438826],[-73.132821,-16.43922],[-73.132349,-16.439711],[-73.13135,-16.440645],[-73.131176,-16.44079],[-73.130975,-16.4409],[-73.130533,-16.441012],[-73.129616,-16.441069],[-73.128254,-16.440872],[-73.128028,-16.440897],[-73.127831,-16.441014],[-73.127708,-16.441202],[-73.127627,-16.441414],[-73.127518,-16.441611],[-73.127331,-16.441731],[-73.127105,-16.441721],[-73.126662,-16.441602],[-73.126435,-16.441572],[-73.126206,-16.44158],[-73.125537,-16.441738],[-73.122001,-16.44272],[-73.121567,-16.442865],[-73.121374,-16.442988],[-73.121208,-16.443142],[-73.121099,-16.443338],[-73.12096,-16.443769],[-73.120157,-16.447067],[-73.120008,-16.447493],[-73.11988,-16.447681],[-73.119714,-16.447833],[-73.119523,-16.447958],[-73.119314,-16.448046],[-73.119089,-16.44809],[-73.117941,-16.44811],[-73.117739,-16.448201],[-73.117632,-16.448395],[-73.117535,-16.448836],[-73.117454,-16.449045],[-73.117289,-16.449202],[-73.116858,-16.44935],[-73.115959,-16.449534],[-73.115744,-16.449605],[-73.115624,-16.449787],[-73.11566,-16.45],[-73.115799,-16.45018],[-73.115863,-16.45039],[-73.115754,-16.450582],[-73.115563,-16.450705],[-73.115354,-16.450798],[-73.115129,-16.450827],[-73.11491,-16.450771],[-73.114739,-16.450632],[-73.114698,-16.450419],[-73.115028,-16.449577],[-73.115528,-16.448073],[-73.115538,-16.44785],[-73.115514,-16.447399],[-73.115534,-16.447175],[-73.115751,-16.446065],[-73.116002,-16.445433],[-73.116052,-16.445213],[-73.116054,-16.444988],[-73.115995,-16.44454],[-73.11599,-16.444314],[-73.11599,-16.444088],[-73.116029,-16.443866],[-73.116185,-16.443442],[-73.11645,-16.443074],[-73.116891,-16.442553],[-73.117002,-16.442356],[-73.117119,-16.441688],[-73.117177,-16.441469],[-73.117374,-16.441062],[-73.117719,-16.440475],[-73.117857,-16.440295],[-73.118027,-16.440145],[-73.118763,-16.439605],[-73.118861,-16.439402],[-73.118841,-16.439182],[-73.118424,-16.438377],[-73.118297,-16.43819],[-73.118114,-16.438057],[-73.117676,-16.43793],[-73.117327,-16.43764],[-73.117201,-16.437452],[-73.117174,-16.437229],[-73.11722,-16.437011],[-73.117641,-16.436208],[-73.117715,-16.435994],[-73.117694,-16.435771],[-73.117588,-16.435573],[-73.117315,-16.435209],[-73.11724,-16.435],[-73.117259,-16.434776],[-73.117423,-16.434117],[-73.117455,-16.433894],[-73.117435,-16.433671],[-73.117363,-16.433458],[-73.117153,-16.433056],[-73.117142,-16.432837],[-73.117338,-16.432189],[-73.117256,-16.431985],[-73.117077,-16.431848],[-73.116686,-16.431622],[-73.116626,-16.431409],[-73.116603,-16.430958],[-73.116614,-16.430733],[-73.116702,-16.43006],[-73.116709,-16.429834],[-73.116677,-16.429611],[-73.116608,-16.429397],[-73.116404,-16.428998],[-73.11647,-16.428552],[-73.116473,-16.428326],[-73.116312,-16.427668],[-73.116352,-16.427451],[-73.11648,-16.427019],[-73.116479,-16.426341],[-73.116509,-16.426117],[-73.116828,-16.425032],[-73.116871,-16.424811],[-73.116854,-16.42436],[-73.1168,-16.424142],[-73.116619,-16.423727],[-73.116484,-16.423544],[-73.116156,-16.423229],[-73.114672,-16.422163],[-73.111262,-16.419866],[-73.11086,-16.419651],[-73.110414,-16.419546],[-73.109956,-16.419553],[-73.109731,-16.419594],[-73.109515,-16.41967],[-73.10912,-16.419898],[-73.108937,-16.420034],[-73.108789,-16.420206],[-73.10865,-16.420386],[-73.106913,-16.423049],[-73.106597,-16.423376],[-73.105369,-16.424397],[-73.105068,-16.424736],[-73.104887,-16.425151],[-73.104797,-16.425592],[-73.10479,-16.425818],[-73.104974,-16.428072],[-73.104986,-16.428524],[-73.104952,-16.428747],[-73.103989,-16.432238],[-73.10395,-16.432461],[-73.10395,-16.432687],[-73.10398,-16.432911],[-73.104104,-16.433346],[-73.104131,-16.43357],[-73.104121,-16.434248],[-73.103727,-16.437844],[-73.1037,-16.438748],[-73.103657,-16.439198],[-73.103193,-16.441642],[-73.102771,-16.443634],[-73.102554,-16.444513],[-73.100122,-16.453234],[-73.100038,-16.453443],[-73.098828,-16.455626],[-73.098698,-16.45581],[-73.098395,-16.45615],[-73.097842,-16.456551],[-73.097212,-16.456823],[-73.094172,-16.457852],[-73.093538,-16.458116],[-73.085979,-16.461935],[-73.08452,-16.462595],[-73.083648,-16.462878],[-73.071339,-16.466534],[-73.070923,-16.466726],[-73.070349,-16.467101],[-73.066314,-16.470794],[-73.065911,-16.471012],[-73.065699,-16.471096],[-73.065481,-16.471167],[-73.065028,-16.471228],[-73.064116,-16.471128],[-73.063657,-16.471123],[-73.063199,-16.471156],[-73.057955,-16.471766],[-73.057279,-16.471894],[-73.056619,-16.472086],[-73.04747,-16.475087],[-73.046873,-16.475421],[-73.046502,-16.475687],[-73.04603,-16.47618],[-73.045665,-16.476754],[-73.045392,-16.477376],[-73.045332,-16.477593],[-73.044654,-16.480455],[-73.044476,-16.480872],[-73.04424,-16.481258],[-73.044095,-16.481434],[-73.043602,-16.481907],[-73.04203,-16.483228],[-73.041446,-16.483583],[-73.040798,-16.483811],[-73.039675,-16.484045],[-73.026357,-16.486482],[-73.025473,-16.486726],[-73.021557,-16.488025],[-73.021116,-16.488151],[-73.020657,-16.48817],[-73.00726,-16.486198],[-73.006592,-16.486032],[-73.006173,-16.485849],[-73.005779,-16.485617],[-73.005411,-16.485347],[-73.005076,-16.485039],[-73.004927,-16.484867],[-73.004445,-16.484098],[-73.003828,-16.482637],[-73.003608,-16.482241],[-73.003454,-16.482074],[-73.00329,-16.481917],[-73.002897,-16.481685],[-73.002687,-16.481595],[-73.002238,-16.481508],[-73.001551,-16.481538],[-72.944333,-16.488294],[-72.944104,-16.48831],[-72.943878,-16.488281],[-72.943663,-16.488206],[-72.943471,-16.488086],[-72.943305,-16.48793],[-72.943162,-16.487754],[-72.942773,-16.487194],[-72.942623,-16.487023],[-72.942444,-16.486883],[-72.942226,-16.486817],[-72.941999,-16.486814],[-72.941781,-16.486882],[-72.94157,-16.486971],[-72.939334,-16.488128],[-72.939149,-16.488261],[-72.936885,-16.490507],[-72.936748,-16.490688],[-72.936615,-16.490872],[-72.936399,-16.49127],[-72.936179,-16.491913],[-72.935987,-16.492564],[-72.935911,-16.492777],[-72.935803,-16.492975],[-72.935522,-16.493333],[-72.932801,-16.496396],[-72.932665,-16.496578],[-72.932535,-16.496763],[-72.932455,-16.496975],[-72.932228,-16.49785],[-72.932125,-16.498051],[-72.931987,-16.498232],[-72.929967,-16.500395],[-72.929686,-16.500751],[-72.929631,-16.500968],[-72.92972,-16.501639],[-72.929697,-16.501862],[-72.929635,-16.502079],[-72.928628,-16.504111],[-72.928504,-16.5043],[-72.928208,-16.504646],[-72.926806,-16.50614],[-72.926519,-16.506493],[-72.926281,-16.506878],[-72.926104,-16.507295],[-72.925963,-16.507725],[-72.925591,-16.509264],[-72.925572,-16.509715],[-72.925784,-16.511056],[-72.925794,-16.511281],[-72.925756,-16.511503],[-72.925609,-16.511931],[-72.925488,-16.512119],[-72.925316,-16.512269],[-72.921681,-16.515032],[-72.921122,-16.515428],[-72.920715,-16.515635],[-72.919429,-16.51612],[-72.919203,-16.516156],[-72.918974,-16.516153],[-72.918747,-16.51612],[-72.91853,-16.516053],[-72.918328,-16.515945],[-72.917967,-16.515667],[-72.916582,-16.514479],[-72.916388,-16.514358],[-72.916182,-16.514262],[-72.915099,-16.513887],[-72.914876,-16.513834],[-72.914648,-16.51382],[-72.914422,-16.513843],[-72.914202,-16.513909],[-72.913997,-16.514011],[-72.913409,-16.514361],[-72.913248,-16.514522],[-72.913109,-16.5147],[-72.913006,-16.514902],[-72.912855,-16.515328],[-72.912234,-16.517505],[-72.912125,-16.517703],[-72.911193,-16.5187],[-72.91018,-16.519621],[-72.909641,-16.520041],[-72.907571,-16.521466],[-72.907391,-16.521607],[-72.907231,-16.521767],[-72.907101,-16.521951],[-72.907007,-16.522158],[-72.906936,-16.522373],[-72.9068,-16.523038],[-72.906726,-16.523252],[-72.906581,-16.523423],[-72.904221,-16.524306],[-72.904014,-16.524404],[-72.903026,-16.52498],[-72.902815,-16.525069],[-72.902599,-16.525143],[-72.901931,-16.525307],[-72.901495,-16.525448],[-72.90109,-16.525663],[-72.893602,-16.53007],[-72.893184,-16.530257],[-72.890814,-16.531117],[-72.890615,-16.531226],[-72.890432,-16.531361],[-72.889926,-16.53182],[-72.889718,-16.531911],[-72.888833,-16.532154],[-72.888434,-16.532374],[-72.887876,-16.532772],[-72.887295,-16.533137],[-72.88668,-16.533441],[-72.886259,-16.533622],[-72.885807,-16.533694],[-72.885579,-16.533684],[-72.88376,-16.533434],[-72.883301,-16.533413],[-72.883072,-16.533425],[-72.876443,-16.534037],[-72.861123,-16.535398],[-72.860669,-16.535467],[-72.860235,-16.535611],[-72.859843,-16.535846],[-72.859675,-16.536],[-72.859401,-16.536361],[-72.859291,-16.536559],[-72.855059,-16.545091],[-72.854077,-16.547135],[-72.853579,-16.547893],[-72.853264,-16.548223],[-72.85275,-16.548674],[-72.849555,-16.550881],[-72.832764,-16.562348],[-72.831371,-16.563137],[-72.818421,-16.569974],[-72.817161,-16.570521],[-72.813312,-16.572003],[-72.812915,-16.572227],[-72.812727,-16.572356],[-72.805599,-16.578411],[-72.805411,-16.57854],[-72.800488,-16.581446],[-72.794762,-16.584791],[-72.794567,-16.584911],[-72.793465,-16.585724],[-72.785192,-16.59219],[-72.784597,-16.592879],[-72.783629,-16.594141],[-72.783326,-16.594481],[-72.783152,-16.594627],[-72.780975,-16.59629],[-72.779263,-16.597428],[-72.771782,-16.602274],[-72.771411,-16.60254],[-72.770729,-16.603145],[-72.770404,-16.603464],[-72.768953,-16.605216],[-72.768777,-16.60536],[-72.768569,-16.605453],[-72.768342,-16.60548],[-72.768116,-16.605453],[-72.767913,-16.605348],[-72.767733,-16.605208],[-72.767582,-16.605039],[-72.766469,-16.603599],[-72.766321,-16.603427],[-72.766147,-16.603281],[-72.765945,-16.603178],[-72.763586,-16.602293],[-72.763189,-16.602068],[-72.762436,-16.601553],[-72.76222,-16.601478],[-72.761992,-16.601454],[-72.761533,-16.601458],[-72.761082,-16.601537],[-72.760647,-16.601681],[-72.760423,-16.601729],[-72.760195,-16.60174],[-72.759967,-16.601722],[-72.757265,-16.601188],[-72.750752,-16.599827],[-72.750317,-16.599682],[-72.7499,-16.599495],[-72.749714,-16.599465],[-72.749599,-16.59966],[-72.74944,-16.599709],[-72.747818,-16.598861],[-72.746114,-16.59771],[-72.745856,-16.597341],[-72.744735,-16.596561],[-72.744572,-16.596405],[-72.743555,-16.595179],[-72.739452,-16.590016],[-72.738926,-16.589275],[-72.73716,-16.586363],[-72.73702,-16.586185],[-72.736865,-16.586018],[-72.736691,-16.585873],[-72.736497,-16.585752],[-72.736068,-16.585593],[-72.735845,-16.585542],[-72.735388,-16.585515],[-72.729423,-16.585732],[-72.726681,-16.585995],[-72.725998,-16.586083],[-72.725561,-16.586217],[-72.725154,-16.586424],[-72.722675,-16.588061],[-72.72247,-16.58816],[-72.72203,-16.58828],[-72.721573,-16.588243],[-72.720667,-16.588099],[-72.717335,-16.587239],[-72.714677,-16.586526],[-72.713337,-16.586215],[-72.711961,-16.586173],[-72.71151,-16.586257],[-72.710643,-16.586555],[-72.710437,-16.586652],[-72.709859,-16.587021],[-72.709671,-16.58715],[-72.707558,-16.588891],[-72.707391,-16.589046],[-72.707258,-16.589227],[-72.707161,-16.589432],[-72.707028,-16.589865],[-72.705972,-16.594265],[-72.705544,-16.595314],[-72.702568,-16.601179],[-72.702407,-16.601601],[-72.702359,-16.601822],[-72.702343,-16.602047],[-72.702347,-16.602498],[-72.702377,-16.602722],[-72.702595,-16.603365],[-72.703195,-16.604833],[-72.7041,-16.607155],[-72.708378,-16.617888],[-72.709073,-16.619562],[-72.710221,-16.622519],[-72.710037,-16.622616],[-72.709611,-16.622784],[-72.709515,-16.622913],[-72.710636,-16.625879],[-72.711948,-16.629499],[-72.712126,-16.629916],[-72.712159,-16.630136],[-72.712138,-16.630361],[-72.711001,-16.640473],[-72.710887,-16.640912],[-72.710719,-16.641332],[-72.710495,-16.641726],[-72.710211,-16.642082],[-72.709892,-16.642404],[-72.709316,-16.642776],[-72.708896,-16.642956],[-72.687725,-16.648124],[-72.687273,-16.648193],[-72.678355,-16.65035],[-72.678309,-16.650505],[-72.678316,-16.65069],[-72.676304,-16.651151],[-72.674077,-16.651704],[-72.673886,-16.651714],[-72.673864,-16.651489],[-72.673675,-16.65149],[-72.671208,-16.652021],[-72.643922,-16.657161],[-72.643043,-16.65742],[-72.641977,-16.65784],[-72.640307,-16.658593],[-72.639454,-16.658929],[-72.63901,-16.659042],[-72.638329,-16.659143],[-72.635817,-16.659402],[-72.63513,-16.65944],[-72.63467,-16.65944],[-72.634213,-16.659406],[-72.633761,-16.659327],[-72.63333,-16.659173],[-72.632069,-16.658626],[-72.631852,-16.658554],[-72.631626,-16.658518],[-72.631398,-16.658505],[-72.631169,-16.65852],[-72.62912,-16.658787],[-72.628663,-16.658816],[-72.628433,-16.658818],[-72.627765,-16.658658],[-72.627084,-16.658585],[-72.626937,-16.658425],[-72.626945,-16.658207],[-72.627055,-16.658012],[-72.627135,-16.657801],[-72.627173,-16.657578],[-72.627173,-16.657354],[-72.62601,-16.648611],[-72.625702,-16.646143],[-72.62549,-16.644802],[-72.625249,-16.643009],[-72.625213,-16.642558],[-72.625229,-16.642107],[-72.625277,-16.641657],[-72.625451,-16.641001],[-72.625537,-16.640792],[-72.632699,-16.624136],[-72.632844,-16.623707],[-72.632909,-16.62326],[-72.632877,-16.622809],[-72.632837,-16.622587],[-72.632705,-16.622155],[-72.631369,-16.619527],[-72.631223,-16.619099],[-72.631168,-16.618652],[-72.631175,-16.6182],[-72.631543,-16.615969],[-72.63155,-16.615518],[-72.631495,-16.615069],[-72.63138,-16.614631],[-72.631142,-16.613995],[-72.631003,-16.613816],[-72.630665,-16.613512],[-72.630352,-16.613182],[-72.630232,-16.612989],[-72.630114,-16.612795],[-72.629621,-16.611529],[-72.629572,-16.611308],[-72.62955,-16.611084],[-72.629569,-16.610862],[-72.629731,-16.610439],[-72.62979,-16.610222],[-72.629801,-16.609998],[-72.629751,-16.609777],[-72.629426,-16.608933],[-72.629377,-16.608257],[-72.629383,-16.608032],[-72.629444,-16.607814],[-72.62972,-16.607195],[-72.629879,-16.606771],[-72.630073,-16.605887],[-72.630144,-16.605674],[-72.630248,-16.605473],[-72.630386,-16.605294],[-72.630976,-16.604601],[-72.631865,-16.603282],[-72.631956,-16.603076],[-72.632017,-16.602858],[-72.632209,-16.601974],[-72.63215,-16.601527],[-72.632152,-16.601075],[-72.632197,-16.600854],[-72.632478,-16.600235],[-72.632527,-16.600015],[-72.63254,-16.599791],[-72.632251,-16.598006],[-72.63228,-16.597555],[-72.632438,-16.596207],[-72.632431,-16.595757],[-72.632151,-16.594661],[-72.631962,-16.594251],[-72.631805,-16.594087],[-72.631266,-16.593665],[-72.631139,-16.593478],[-72.631082,-16.593261],[-72.631065,-16.59304],[-72.631177,-16.592601],[-72.631205,-16.592378],[-72.631185,-16.592156],[-72.631032,-16.59173],[-72.629291,-16.58829],[-72.629171,-16.5881],[-72.628853,-16.587774],[-72.628566,-16.587421],[-72.628467,-16.587218],[-72.628388,-16.587007],[-72.628015,-16.585006],[-72.627994,-16.584781],[-72.628113,-16.584348],[-72.628248,-16.584165],[-72.628953,-16.583587],[-72.62909,-16.583409],[-72.629518,-16.582609],[-72.629601,-16.582399],[-72.629661,-16.582182],[-72.629667,-16.581956],[-72.629586,-16.580828],[-72.629593,-16.580378],[-72.629663,-16.580163],[-72.630264,-16.5792],[-72.630487,-16.578805],[-72.630621,-16.578373],[-72.630716,-16.57793],[-72.630759,-16.577483],[-72.630721,-16.577261],[-72.630623,-16.577056],[-72.630322,-16.576717],[-72.629992,-16.576403],[-72.629853,-16.576224],[-72.629744,-16.576027],[-72.629543,-16.574914],[-72.62953,-16.574691],[-72.629556,-16.574467],[-72.629831,-16.573846],[-72.629889,-16.573627],[-72.629905,-16.573404],[-72.629869,-16.573183],[-72.629792,-16.57297],[-72.6292,-16.572003],[-72.629071,-16.571817],[-72.628917,-16.571649],[-72.628716,-16.57154],[-72.628057,-16.57135],[-72.627849,-16.571256],[-72.627669,-16.571119],[-72.627518,-16.57095],[-72.627411,-16.57075],[-72.627348,-16.570534],[-72.627289,-16.570086],[-72.627271,-16.568504],[-72.62717,-16.568066],[-72.627056,-16.567869],[-72.626889,-16.567714],[-72.626162,-16.567163],[-72.625996,-16.567009],[-72.62587,-16.566819],[-72.625814,-16.566601],[-72.625809,-16.566377],[-72.625892,-16.565703],[-72.625886,-16.565478],[-72.625819,-16.565264],[-72.625716,-16.565065],[-72.625559,-16.5649],[-72.62399,-16.563577],[-72.6237,-16.563227],[-72.623154,-16.562499],[-72.622716,-16.561976],[-72.619254,-16.558671],[-72.618986,-16.558307],[-72.618897,-16.558099],[-72.618691,-16.557452],[-72.618547,-16.557279],[-72.618347,-16.557169],[-72.617046,-16.556725],[-72.616855,-16.556601],[-72.616557,-16.556259],[-72.615873,-16.555352],[-72.615554,-16.555027],[-72.615198,-16.554741],[-72.615006,-16.554617],[-72.614608,-16.554392],[-72.60931,-16.551685],[-72.608716,-16.551341],[-72.608148,-16.550958],[-72.604498,-16.548214],[-72.603739,-16.547706],[-72.600958,-16.546119],[-72.600542,-16.545929],[-72.600323,-16.545861],[-72.600098,-16.545817],[-72.599183,-16.545743],[-72.597119,-16.545644],[-72.596891,-16.545661],[-72.59599,-16.545826],[-72.594843,-16.54588],[-72.592777,-16.54592],[-72.592325,-16.545845],[-72.591664,-16.545656],[-72.588727,-16.544369],[-72.588084,-16.544129],[-72.587638,-16.544022],[-72.586957,-16.543921],[-72.548194,-16.545608],[-72.547505,-16.545602],[-72.546821,-16.545528],[-72.546597,-16.545484],[-72.545723,-16.545206],[-72.533109,-16.540344],[-72.532028,-16.539964],[-72.531363,-16.539786],[-72.523945,-16.53827],[-72.523488,-16.538221],[-72.5228,-16.53821],[-72.519834,-16.538531],[-72.519145,-16.538538],[-72.518459,-16.538475],[-72.506421,-16.536726],[-72.506195,-16.536689],[-72.505528,-16.53652],[-72.447188,-16.517259],[-72.446095,-16.516915],[-72.444968,-16.516701],[-72.443825,-16.516592],[-72.427582,-16.515234],[-72.426909,-16.515096],[-72.426047,-16.514785],[-72.420827,-16.512434],[-72.420215,-16.512124],[-72.41965,-16.511737],[-72.419138,-16.511284],[-72.418715,-16.510751],[-72.418266,-16.509962],[-72.417125,-16.507493],[-72.417003,-16.507302],[-72.416606,-16.506749],[-72.415918,-16.506151],[-72.333116,-16.447985],[-72.313711,-16.434283],[-72.309029,-16.431016],[-72.308622,-16.430807],[-72.308193,-16.430645],[-72.307304,-16.430419],[-72.306846,-16.43039],[-72.305701,-16.430447],[-72.304812,-16.430675],[-72.287271,-16.436039],[-72.28682,-16.436118],[-72.286362,-16.436124],[-72.283629,-16.435781],[-72.274993,-16.43456],[-72.274088,-16.434406],[-72.273437,-16.434187],[-72.272586,-16.433848],[-72.271779,-16.433417],[-72.263357,-16.428344],[-72.233273,-16.410051],[-72.221541,-16.40294],[-72.214716,-16.398763],[-72.210015,-16.395932],[-72.198483,-16.388934],[-72.19713,-16.38808],[-72.169188,-16.371104],[-72.164091,-16.368043],[-72.160577,-16.365901],[-72.160359,-16.36586],[-72.159902,-16.365837],[-72.159717,-16.365882],[-72.159532,-16.36581],[-72.158355,-16.365105],[-72.157556,-16.36466],[-72.156806,-16.364139],[-72.155836,-16.363535],[-72.155724,-16.363355],[-72.155792,-16.363144],[-72.155781,-16.362967],[-72.154425,-16.362117],[-72.153917,-16.361659],[-72.152818,-16.360213],[-72.152528,-16.359862],[-72.15202,-16.359407],[-72.151545,-16.358916],[-72.151004,-16.358186],[-72.150393,-16.357229],[-72.150104,-16.356878],[-72.149754,-16.356586],[-72.149181,-16.356212],[-72.148849,-16.355899],[-72.14847,-16.355333],[-72.147675,-16.353958],[-72.147431,-16.353575],[-72.147021,-16.353031],[-72.146395,-16.352369],[-72.144216,-16.350361],[-72.143853,-16.350084],[-72.143446,-16.349877],[-72.143009,-16.349741],[-72.142326,-16.349659],[-72.141655,-16.349512],[-72.139746,-16.348734],[-72.13661,-16.346852],[-72.136477,-16.34667],[-72.136433,-16.346451],[-72.136466,-16.346228],[-72.136907,-16.345186],[-72.136957,-16.344967],[-72.136915,-16.344748],[-72.136778,-16.344568],[-72.136581,-16.344468],[-72.136354,-16.344475],[-72.136138,-16.344551],[-72.134304,-16.345488],[-72.134085,-16.345554],[-72.133858,-16.345553],[-72.133664,-16.345443],[-72.133542,-16.345253],[-72.133424,-16.344816],[-72.133287,-16.344152],[-72.133209,-16.34394],[-72.133097,-16.343742],[-72.132823,-16.34338],[-72.132513,-16.343047],[-72.132335,-16.342907],[-72.132138,-16.342793],[-72.131266,-16.342509],[-72.131042,-16.342462],[-72.130816,-16.342427],[-72.129669,-16.342375],[-72.129443,-16.342398],[-72.128251,-16.343073],[-72.128085,-16.343224],[-72.127959,-16.343411],[-72.127877,-16.343622],[-72.12727,-16.345567],[-72.127149,-16.346234],[-72.127143,-16.346912],[-72.127208,-16.350755],[-72.127273,-16.351883],[-72.127399,-16.352317],[-72.127483,-16.352528],[-72.12813,-16.353976],[-72.128363,-16.354365],[-72.128754,-16.354924],[-72.128831,-16.355132],[-72.128853,-16.355357],[-72.128869,-16.356261],[-72.128936,-16.356707],[-72.129013,-16.35692],[-72.129771,-16.358316],[-72.129959,-16.358728],[-72.130076,-16.359165],[-72.1303,-16.360732],[-72.130413,-16.36117],[-72.132614,-16.366144],[-72.133205,-16.367113],[-72.13382,-16.367782],[-72.135211,-16.368964],[-72.135771,-16.369358],[-72.137333,-16.370309],[-72.137688,-16.370596],[-72.137837,-16.370766],[-72.138627,-16.371878],[-72.13886,-16.372267],[-72.138939,-16.372475],[-72.13896,-16.3727],[-72.138922,-16.372922],[-72.138823,-16.373125],[-72.138675,-16.373295],[-72.138493,-16.373433],[-72.137247,-16.374011],[-72.115929,-16.383557],[-72.08536,-16.397101],[-72.071528,-16.403196],[-72.069453,-16.404164],[-72.055814,-16.410129],[-72.051626,-16.411984],[-72.034006,-16.419706],[-72.015951,-16.427576],[-72.013029,-16.428896],[-71.994549,-16.436937],[-71.980886,-16.442849],[-71.966967,-16.448748],[-71.962356,-16.45078],[-71.960875,-16.451394],[-71.9554,-16.453737],[-71.954988,-16.453935],[-71.954799,-16.454063],[-71.954632,-16.454218],[-71.954499,-16.454402],[-71.954435,-16.454618],[-71.954413,-16.454843],[-71.954435,-16.455067],[-71.954621,-16.456182],[-71.954616,-16.456633],[-71.95458,-16.456857],[-71.954467,-16.457294],[-71.954388,-16.457506],[-71.954188,-16.457913],[-71.954051,-16.458341],[-71.954058,-16.459019],[-71.95401,-16.45924],[-71.953911,-16.459443],[-71.953625,-16.459797],[-71.953508,-16.459988],[-71.953448,-16.460204],[-71.953465,-16.460428],[-71.954164,-16.464897],[-71.954204,-16.465347],[-71.954202,-16.465573],[-71.95416,-16.465794],[-71.954073,-16.466001],[-71.953273,-16.467374],[-71.952088,-16.469571],[-71.949734,-16.473714],[-71.949574,-16.473876],[-71.94937,-16.473967],[-71.949142,-16.473965],[-71.94823,-16.473857],[-71.947783,-16.47376],[-71.947366,-16.473572],[-71.947014,-16.473284],[-71.946464,-16.47256],[-71.946313,-16.472393],[-71.946103,-16.472309],[-71.945647,-16.472277],[-71.945442,-16.472183],[-71.94527,-16.472034],[-71.945125,-16.47186],[-71.94501,-16.471665],[-71.944927,-16.471455],[-71.944383,-16.469494],[-71.944245,-16.469315],[-71.944045,-16.469214],[-71.94382,-16.469198],[-71.943617,-16.469295],[-71.943483,-16.469474],[-71.943443,-16.469695],[-71.943462,-16.46992],[-71.943435,-16.470141],[-71.943312,-16.470328],[-71.943104,-16.470408],[-71.942882,-16.470377],[-71.94269,-16.470257],[-71.942346,-16.469957],[-71.942192,-16.469791],[-71.942102,-16.469586],[-71.942061,-16.469139],[-71.941959,-16.46894],[-71.941772,-16.468822],[-71.941544,-16.46881],[-71.940862,-16.468895],[-71.940645,-16.468833],[-71.940259,-16.468589],[-71.939787,-16.468096],[-71.93968,-16.467897],[-71.939653,-16.467675],[-71.93966,-16.467449],[-71.939587,-16.467238],[-71.939419,-16.46709],[-71.939195,-16.467052],[-71.938048,-16.467094],[-71.937819,-16.467093],[-71.937591,-16.467064],[-71.937366,-16.467021],[-71.936926,-16.46689],[-71.936712,-16.466809],[-71.936097,-16.466514],[-71.935736,-16.467092],[-71.935597,-16.467193],[-71.93503,-16.466807],[-71.934256,-16.466321],[-71.932841,-16.465572],[-71.932487,-16.465285],[-71.932338,-16.465113],[-71.931929,-16.464568],[-71.931855,-16.464354],[-71.931678,-16.464229],[-71.931265,-16.464031],[-71.931044,-16.46397],[-71.930818,-16.463937],[-71.930589,-16.463937],[-71.930361,-16.463964],[-71.93014,-16.464021],[-71.929715,-16.46419],[-71.929336,-16.464443],[-71.924897,-16.469021],[-71.924068,-16.469803],[-71.923673,-16.470032],[-71.92346,-16.470116],[-71.921924,-16.470581],[-71.921475,-16.470677],[-71.921019,-16.470726],[-71.920331,-16.470759],[-71.920108,-16.470812],[-71.91969,-16.470995],[-71.918183,-16.472027],[-71.918026,-16.472192],[-71.916736,-16.473781],[-71.916344,-16.474843],[-71.916207,-16.475022],[-71.916037,-16.475172],[-71.915474,-16.475563],[-71.914875,-16.475897],[-71.914693,-16.476035],[-71.91453,-16.476192],[-71.914224,-16.476528],[-71.914038,-16.476661],[-71.913838,-16.476769],[-71.911955,-16.477607],[-71.91175,-16.477708],[-71.911374,-16.477967],[-71.911215,-16.47813],[-71.910244,-16.479391],[-71.91009,-16.479558],[-71.909728,-16.479833],[-71.909522,-16.479932],[-71.906508,-16.481031],[-71.904768,-16.481612],[-71.904316,-16.481692],[-71.902711,-16.48175],[-71.900416,-16.481697],[-71.900189,-16.481664],[-71.899969,-16.4816],[-71.899559,-16.481399],[-71.898424,-16.48063],[-71.898229,-16.48051],[-71.898019,-16.480421],[-71.897796,-16.48037],[-71.897567,-16.480362],[-71.89734,-16.480398],[-71.897127,-16.480483],[-71.896939,-16.480612],[-71.892669,-16.483671],[-71.892472,-16.483786],[-71.892263,-16.483874],[-71.892037,-16.48391],[-71.891808,-16.483903],[-71.891585,-16.483851],[-71.891387,-16.483737],[-71.891229,-16.483577],[-71.890647,-16.482877],[-71.890486,-16.482716],[-71.890308,-16.482577],[-71.890109,-16.482464],[-71.889892,-16.482397],[-71.889664,-16.482385],[-71.88944,-16.48242],[-71.889229,-16.482506],[-71.88905,-16.482647],[-71.88891,-16.482824],[-71.888804,-16.483021],[-71.888756,-16.483242],[-71.888595,-16.484589],[-71.888518,-16.484801],[-71.888402,-16.484994],[-71.888252,-16.485161],[-71.88806,-16.485285],[-71.886218,-16.486207],[-71.886023,-16.486325],[-71.885667,-16.48661],[-71.885503,-16.486768],[-71.885269,-16.487155],[-71.884744,-16.488409],[-71.884611,-16.488593],[-71.884427,-16.488715],[-71.884211,-16.488787],[-71.883983,-16.488807],[-71.882616,-16.488642],[-71.882158,-16.488667],[-71.881718,-16.488791],[-71.879873,-16.489706],[-71.879222,-16.489928],[-71.878547,-16.490063],[-71.878116,-16.490213],[-71.877912,-16.490318],[-71.877729,-16.490454],[-71.877561,-16.490606],[-71.877261,-16.490949],[-71.876925,-16.491255],[-71.876725,-16.491365],[-71.876513,-16.49145],[-71.87565,-16.49176],[-71.875209,-16.491886],[-71.874755,-16.491948],[-71.874526,-16.491936],[-71.873393,-16.49176],[-71.872934,-16.491762],[-71.870182,-16.491898],[-71.869953,-16.491886],[-71.869726,-16.491862],[-71.869293,-16.491711],[-71.868875,-16.491526],[-71.868063,-16.491103],[-71.867623,-16.490982],[-71.867395,-16.490955],[-71.866938,-16.49099],[-71.866044,-16.491195],[-71.865588,-16.491239],[-71.865358,-16.491235],[-71.865129,-16.491225],[-71.864677,-16.491146],[-71.863327,-16.490876],[-71.862871,-16.49083],[-71.862412,-16.490845],[-71.859229,-16.491289],[-71.859049,-16.491409],[-71.858883,-16.491564],[-71.858687,-16.491668],[-71.85846,-16.4917],[-71.858237,-16.491672],[-71.858039,-16.491557],[-71.857832,-16.491491],[-71.849425,-16.492691],[-71.84929,-16.492802],[-71.849174,-16.492976],[-71.848538,-16.493235],[-71.848338,-16.493345],[-71.846883,-16.494004],[-71.846356,-16.493568],[-71.84608,-16.493209],[-71.845867,-16.493205],[-71.84564,-16.493234],[-71.84563,-16.493412],[-71.845663,-16.493633],[-71.845401,-16.494499],[-71.84538,-16.494721],[-71.845267,-16.494879],[-71.844659,-16.495199],[-71.842699,-16.495839],[-71.842494,-16.495825],[-71.842124,-16.495558],[-71.841963,-16.4954],[-71.841828,-16.495217],[-71.841681,-16.495092],[-71.83814,-16.49719],[-71.835622,-16.498768],[-71.83544,-16.498839],[-71.834689,-16.497717],[-71.824676,-16.503695],[-71.817318,-16.507875],[-71.78118,-16.528534],[-71.78076,-16.528716],[-71.780322,-16.52885],[-71.779648,-16.528988],[-71.758297,-16.528809],[-71.757845,-16.528736],[-71.757629,-16.528663],[-71.757225,-16.528449],[-71.756881,-16.52815],[-71.756724,-16.527985],[-71.755229,-16.526271],[-71.755036,-16.526149],[-71.754822,-16.526068],[-71.754597,-16.526022],[-71.754371,-16.526017],[-71.754147,-16.526064],[-71.752385,-16.526573],[-71.75193,-16.526629],[-71.751701,-16.526639],[-71.750784,-16.526583],[-71.75056,-16.526536],[-71.750345,-16.52646],[-71.750145,-16.526351],[-71.749973,-16.526203],[-71.749832,-16.526026],[-71.749724,-16.525827],[-71.749668,-16.525609],[-71.749319,-16.522009],[-71.749229,-16.521566],[-71.749005,-16.520925],[-71.743652,-16.509413],[-71.7433,-16.50883],[-71.743165,-16.508649],[-71.742623,-16.508232],[-71.742207,-16.508045],[-71.741763,-16.507936],[-71.740846,-16.50789],[-71.733269,-16.507869],[-71.729826,-16.507794],[-71.729598,-16.507777],[-71.728927,-16.507626],[-71.728293,-16.507361],[-71.724774,-16.5057],[-71.723956,-16.505288],[-71.723764,-16.505166],[-71.722499,-16.50419],[-71.721102,-16.503016],[-71.720602,-16.502549],[-71.720334,-16.502184],[-71.718876,-16.49962],[-71.718082,-16.498804],[-71.716594,-16.497392],[-71.71646,-16.497209],[-71.71621,-16.49683],[-71.715668,-16.495834],[-71.714899,-16.494191],[-71.714179,-16.492777],[-71.713986,-16.492127],[-71.713828,-16.491237],[-71.713593,-16.488534],[-71.71359,-16.488309],[-71.713924,-16.485389],[-71.714117,-16.484046],[-71.714199,-16.483145],[-71.714238,-16.482923],[-71.714655,-16.481395],[-71.714692,-16.481173],[-71.714698,-16.480947],[-71.714372,-16.478253],[-71.714156,-16.476232],[-71.714054,-16.476029],[-71.713914,-16.475851],[-71.713743,-16.475703],[-71.71355,-16.475581],[-71.712147,-16.47481],[-71.711939,-16.474715],[-71.709531,-16.473966],[-71.707548,-16.473395],[-71.706918,-16.473122],[-71.705534,-16.472319],[-71.705104,-16.472161],[-71.703977,-16.471953],[-71.703532,-16.471846],[-71.702706,-16.471452],[-71.700088,-16.47004],[-71.699675,-16.469842],[-71.699455,-16.469779],[-71.697162,-16.469686],[-71.696934,-16.469694],[-71.696491,-16.46981],[-71.695003,-16.470409],[-71.694145,-16.470731],[-71.693231,-16.470669],[-71.693005,-16.470634],[-71.692562,-16.470525],[-71.692039,-16.470083],[-71.691537,-16.469619],[-71.691406,-16.469447],[-71.691402,-16.469226],[-71.691562,-16.469069],[-71.691784,-16.469042],[-71.69197,-16.469155],[-71.69263,-16.469783],[-71.692831,-16.469885],[-71.693057,-16.469913],[-71.693284,-16.469884],[-71.693732,-16.469784],[-71.693936,-16.469685],[-71.694127,-16.469562],[-71.694606,-16.469075],[-71.695169,-16.468361],[-71.69531,-16.46793],[-71.695355,-16.467481],[-71.695333,-16.467257],[-71.695296,-16.467034],[-71.695222,-16.466823],[-71.694515,-16.465401],[-71.694432,-16.465191],[-71.694364,-16.464975],[-71.694251,-16.464308],[-71.694145,-16.463867],[-71.694065,-16.46366],[-71.693651,-16.463119],[-71.690975,-16.46032],[-71.6899,-16.459144],[-71.689705,-16.458737],[-71.689573,-16.458306],[-71.689401,-16.457188],[-71.688695,-16.453178],[-71.688695,-16.452958],[-71.688803,-16.452518],[-71.689061,-16.45165],[-71.689186,-16.451462],[-71.689334,-16.451294],[-71.689927,-16.450949],[-71.690288,-16.450671],[-71.690582,-16.450326],[-71.690968,-16.449764],[-71.69201,-16.448877],[-71.692628,-16.448579],[-71.693692,-16.448157],[-71.694352,-16.447962],[-71.694811,-16.44795],[-71.697103,-16.448072],[-71.697332,-16.448069],[-71.69847,-16.447917],[-71.698686,-16.447853],[-71.698841,-16.447708],[-71.69885,-16.447487],[-71.698716,-16.447315],[-71.698489,-16.447295],[-71.698276,-16.447359],[-71.697676,-16.447682],[-71.697452,-16.447731],[-71.696764,-16.44773],[-71.696081,-16.447644],[-71.695181,-16.44747],[-71.694789,-16.447239],[-71.694445,-16.446939],[-71.693847,-16.446605],[-71.69363,-16.446536],[-71.693407,-16.446538],[-71.691421,-16.4471],[-71.690328,-16.447445],[-71.690116,-16.447533],[-71.689606,-16.447983],[-71.689416,-16.44811],[-71.689198,-16.448169],[-71.688969,-16.44818],[-71.688747,-16.44813],[-71.688544,-16.448025],[-71.688427,-16.44784],[-71.688384,-16.447622],[-71.688419,-16.447402],[-71.691343,-16.439308],[-71.692143,-16.437188],[-71.692905,-16.435056],[-71.693161,-16.434426],[-71.693564,-16.433129],[-71.69361,-16.43291],[-71.693605,-16.432458],[-71.693488,-16.432022],[-71.691616,-16.427893],[-71.691582,-16.427443],[-71.691702,-16.427007],[-71.692223,-16.425751],[-71.692261,-16.42553],[-71.692224,-16.425311],[-71.69214,-16.425102],[-71.69189,-16.424724],[-71.690742,-16.423312],[-71.690046,-16.422413],[-71.689801,-16.42203],[-71.689723,-16.42182],[-71.68967,-16.421601],[-71.68967,-16.421375],[-71.689994,-16.418681],[-71.689987,-16.418458],[-71.689917,-16.418247],[-71.689756,-16.418086],[-71.689568,-16.417961],[-71.689358,-16.417878],[-71.689129,-16.417864],[-71.688903,-16.417896],[-71.687116,-16.418313],[-71.686677,-16.418444],[-71.686478,-16.41854],[-71.68634,-16.418719],[-71.686262,-16.418931],[-71.686222,-16.419605],[-71.686186,-16.419828],[-71.686081,-16.420025],[-71.685917,-16.420178],[-71.684198,-16.421306],[-71.683996,-16.421407],[-71.683771,-16.421448],[-71.683313,-16.421424],[-71.683085,-16.421441],[-71.68287,-16.42151],[-71.68268,-16.421634],[-71.681774,-16.422655],[-71.680279,-16.423706],[-71.680084,-16.423824],[-71.679248,-16.424197],[-71.678813,-16.424339],[-71.678362,-16.424415],[-71.677674,-16.4244],[-71.677446,-16.424415],[-71.677221,-16.42446],[-71.677019,-16.424564],[-71.676733,-16.424915],[-71.676621,-16.425113],[-71.676111,-16.425864],[-71.675962,-16.426033],[-71.675741,-16.426062],[-71.675084,-16.425862],[-71.674859,-16.425817],[-71.674631,-16.425815],[-71.671894,-16.426124],[-71.671436,-16.426148],[-71.671209,-16.426119],[-71.671004,-16.426017],[-71.67064,-16.425743],[-71.669878,-16.425239],[-71.669443,-16.425096],[-71.666689,-16.425023],[-71.66579,-16.425201],[-71.665333,-16.425237],[-71.660979,-16.425008],[-71.658308,-16.425672],[-71.658079,-16.425685],[-71.657854,-16.425654],[-71.657182,-16.425504],[-71.656957,-16.425499],[-71.656744,-16.425579],[-71.656611,-16.425755],[-71.65641,-16.426161],[-71.656275,-16.426339],[-71.656066,-16.426424],[-71.655837,-16.426436],[-71.655154,-16.426349],[-71.654239,-16.426285],[-71.654024,-16.42634],[-71.653841,-16.426474],[-71.653341,-16.426941],[-71.653138,-16.427045],[-71.652922,-16.427114],[-71.65156,-16.427316],[-71.651331,-16.427313],[-71.651109,-16.427262],[-71.650801,-16.426935],[-71.650612,-16.426823],[-71.650389,-16.426809],[-71.650167,-16.426867],[-71.649738,-16.427027],[-71.648896,-16.427388],[-71.648679,-16.427444],[-71.648462,-16.427399],[-71.648306,-16.427234],[-71.64823,-16.427031],[-71.648231,-16.426806],[-71.648386,-16.425458],[-71.648514,-16.42388],[-71.64845,-16.423435],[-71.648373,-16.423224],[-71.647084,-16.420827],[-71.646515,-16.420117],[-71.645645,-16.41938],[-71.64438,-16.418404],[-71.643673,-16.417827],[-71.639003,-16.414165],[-71.637849,-16.413426],[-71.637227,-16.413135],[-71.636155,-16.412734],[-71.635264,-16.412511],[-71.632557,-16.412008],[-71.630743,-16.411723],[-71.629842,-16.411549],[-71.628254,-16.411309],[-71.620116,-16.409883],[-71.619208,-16.409748],[-71.616046,-16.409177],[-71.610163,-16.408183],[-71.605416,-16.407349],[-71.60315,-16.406985],[-71.601554,-16.406801],[-71.588736,-16.405815],[-71.588546,-16.405904],[-71.588321,-16.405922],[-71.588146,-16.405793],[-71.587935,-16.405754],[-71.582901,-16.405352],[-71.578092,-16.405002],[-71.573287,-16.40461],[-71.568706,-16.404301],[-71.568247,-16.404297],[-71.567791,-16.404344],[-71.567344,-16.404443],[-71.566703,-16.40469],[-71.563666,-16.40629],[-71.560408,-16.40796],[-71.559826,-16.408323],[-71.559466,-16.408603],[-71.558945,-16.409047],[-71.558113,-16.409826],[-71.55638,-16.411308],[-71.552198,-16.41518],[-71.55017,-16.417017],[-71.549,-16.418102],[-71.548525,-16.418592],[-71.544647,-16.422121],[-71.544486,-16.422278],[-71.544379,-16.42245],[-71.544174,-16.422524],[-71.543806,-16.422793],[-71.543837,-16.422989],[-71.544018,-16.423374],[-71.544156,-16.423194],[-71.544287,-16.423174],[-71.544404,-16.423359]]}}]}