{"type":"FeatureCollection","features":[{"type":"Feature","properties":{"fuente":"OpenStreetMap 2026-10-02 (recorrido.py)","pasos":[{"accion":"inicio","via":"Avenida Paseo de la República","m":105},{"accion":"izquierda","via":"Avenida 28 de Julio","m":44},{"accion":"izquierda","via":"Avenida Paseo de la República","m":207},{"accion":"sigue","via":"","m":217},{"accion":"sigue","via":"Vía Expresa Luis Fernán Bedoya Reyes","m":348},{"accion":"sigue","via":"","m":272},{"accion":"sigue","via":"Avenida Paseo de la República","m":98},{"accion":"derecha","via":"Avenida Alejandro Tirado","m":31},{"accion":"izquierda","via":"Avenida Paseo de la República","m":169},{"accion":"sigue","via":"","m":175},{"accion":"sigue","via":"Vía Expresa Luis Fernán Bedoya Reyes","m":1810},{"accion":"sigue","via":"","m":501},{"accion":"sigue","via":"Avenida Javier Prado Este","m":833},{"accion":"sigue","via":"","m":255},{"accion":"sigue","via":"Avenida Javier Prado Este","m":2563},{"accion":"sigue","via":"","m":700},{"accion":"sigue","via":"Avenida Circunvalación","m":161},{"accion":"sigue","via":"Carretera Panamericana Sur","m":315},{"accion":"sigue","via":"Avenida Panamericana Sur","m":82},{"accion":"sigue","via":"Carretera Panamericana Sur","m":5381},{"accion":"sigue","via":"Avenida Panamericana Sur","m":1640},{"accion":"izquierda","via":"Avenida Los Álamos","m":104},{"accion":"derecha","via":"Avenida Paseo de la República","m":57},{"accion":"sigue","via":"Avenida Los Álamos","m":90},{"accion":"sigue","via":"Avenida Panamericana Sur","m":3575},{"accion":"sigue","via":"Carretera Panamericana Sur","m":42184}],"sin_calle":1,"fuera":[0,1093600]},"geometry":{"type":"LineString","coordinates":[[-77.033404,-12.064582],[-77.033735,-12.063686],[-77.034138,-12.063738],[-77.033478,-12.065495],[-77.033285,-12.065868],[-77.03294,-12.066868],[-77.032802,-12.067196],[-77.032713,-12.067294],[-77.032098,-12.068984],[-77.031648,-12.070264],[-77.031633,-12.070477],[-77.031033,-12.072258],[-77.030975,-12.07262],[-77.030916,-12.072795],[-77.030602,-12.073419],[-77.030531,-12.073421],[-77.030486,-12.073399],[-77.030553,-12.073552],[-77.030032,-12.074988],[-77.029901,-12.075086],[-77.029436,-12.076094],[-77.029247,-12.076347],[-77.028703,-12.077538],[-77.028008,-12.079181],[-77.026303,-12.083442],[-77.026079,-12.084047],[-77.025554,-12.085235],[-77.024434,-12.088081],[-77.024021,-12.088837],[-77.023281,-12.089875],[-77.023131,-12.090162],[-77.022999,-12.090587],[-77.022936,-12.090926],[-77.022921,-12.091393],[-77.023041,-12.091799],[-77.023121,-12.091937],[-77.023238,-12.092013],[-77.023416,-12.092001],[-77.023517,-12.09194],[-77.023575,-12.091859],[-77.023656,-12.0913],[-77.023599,-12.09115],[-77.023421,-12.091019],[-77.021361,-12.090746],[-77.020966,-12.090612],[-77.019722,-12.090459],[-77.013393,-12.089537],[-77.012914,-12.089526],[-77.012151,-12.089431],[-77.011392,-12.089315],[-77.011086,-12.089206],[-77.001072,-12.087816],[-77.000106,-12.0877],[-76.998774,-12.087487],[-76.998508,-12.08743],[-76.998057,-12.087278],[-76.997335,-12.086873],[-76.99702,-12.086785],[-76.996331,-12.08671],[-76.99592,-12.086715],[-76.995161,-12.086863],[-76.994711,-12.08688],[-76.993534,-12.086728],[-76.992757,-12.086673],[-76.987906,-12.086001],[-76.986588,-12.085904],[-76.985799,-12.085878],[-76.985293,-12.085905],[-76.985098,-12.085935],[-76.984645,-12.08607],[-76.984189,-12.086313],[-76.98241,-12.087628],[-76.982072,-12.087827],[-76.981718,-12.088272],[-76.981605,-12.08845],[-76.981413,-12.088835],[-76.981327,-12.08907],[-76.980786,-12.092621],[-76.980543,-12.094544],[-76.980283,-12.096258],[-76.979059,-12.105066],[-76.97843,-12.109425],[-76.977381,-12.117227],[-76.977316,-12.118011],[-76.977032,-12.127029],[-76.977081,-12.127675],[-76.977213,-12.128236],[-76.977341,-12.128667],[-76.979939,-12.135346],[-76.980204,-12.136084],[-76.980506,-12.137121],[-76.980694,-12.138001],[-76.981922,-12.144976],[-76.982214,-12.146424],[-76.982541,-12.147585],[-76.983433,-12.150239],[-76.983698,-12.151245],[-76.983832,-12.152146],[-76.983918,-12.153061],[-76.983916,-12.153954],[-76.983839,-12.154895],[-76.983873,-12.155088],[-76.984041,-12.155521],[-76.983971,-12.155794],[-76.984141,-12.155934],[-76.984412,-12.156068],[-76.984278,-12.156167],[-76.984214,-12.156384],[-76.984067,-12.156478],[-76.983782,-12.15639],[-76.983392,-12.15764],[-76.983252,-12.157769],[-76.98304,-12.158032],[-76.979801,-12.168993],[-76.979216,-12.171063],[-76.978414,-12.173531],[-76.977107,-12.1777],[-76.975232,-12.183497],[-76.974162,-12.186896],[-76.973691,-12.18847],[-76.973085,-12.190286],[-76.972878,-12.191093],[-76.972926,-12.19127],[-76.972865,-12.191617],[-76.972753,-12.191781],[-76.972697,-12.192349],[-76.972672,-12.192878],[-76.972697,-12.193623],[-76.972765,-12.19427],[-76.977084,-12.21777],[-76.977101,-12.218161],[-76.977074,-12.218673],[-76.976992,-12.219189],[-76.976868,-12.219619],[-76.976687,-12.220073],[-76.976492,-12.220453],[-76.976309,-12.220741],[-76.97597,-12.221192],[-76.974945,-12.222271],[-76.971728,-12.225569],[-76.969105,-12.22808],[-76.968565,-12.228748],[-76.967602,-12.229763],[-76.966929,-12.230366],[-76.966374,-12.230803],[-76.965993,-12.231058],[-76.965136,-12.231557],[-76.963044,-12.232637],[-76.963016,-12.232708],[-76.962889,-12.232717],[-76.960833,-12.233764],[-76.94618,-12.241367],[-76.939631,-12.244789],[-76.935771,-12.246766],[-76.934993,-12.247203],[-76.934469,-12.24753],[-76.933916,-12.247919],[-76.927934,-12.252488],[-76.926877,-12.253195],[-76.921524,-12.25625],[-76.915658,-12.259949],[-76.912447,-12.262002],[-76.911632,-12.262484],[-76.905096,-12.266602],[-76.900043,-12.269746],[-76.894338,-12.273369],[-76.881535,-12.281361],[-76.861751,-12.293788],[-76.859696,-12.295103],[-76.858216,-12.295956],[-76.856967,-12.29657],[-76.8466,-12.301169],[-76.843482,-12.302579],[-76.842946,-12.302856],[-76.84187,-12.303494],[-76.840727,-12.304254],[-76.840299,-12.3046],[-76.839284,-12.305471],[-76.838799,-12.305946],[-76.838005,-12.306777],[-76.837094,-12.3079],[-76.836389,-12.308874],[-76.813266,-12.343539],[-76.812596,-12.344428],[-76.81215,-12.344897],[-76.793414,-12.362912],[-76.792555,-12.363712],[-76.789513,-12.366632],[-76.788346,-12.367795],[-76.784678,-12.37136],[-76.771046,-12.384553],[-76.763507,-12.391764],[-76.758079,-12.397024],[-76.757708,-12.39743],[-76.757364,-12.397899],[-76.757115,-12.398386],[-76.756896,-12.399008],[-76.756789,-12.399492],[-76.756746,-12.399831],[-76.756686,-12.408235],[-76.756626,-12.409459],[-76.756532,-12.410079],[-76.754901,-12.417171],[-76.75436,-12.419585],[-76.754249,-12.42018],[-76.754163,-12.420817],[-76.753517,-12.428315],[-76.753482,-12.429301],[-76.753517,-12.429923],[-76.753618,-12.430693],[-76.75373,-12.431216],[-76.754818,-12.434859],[-76.75684,-12.441843],[-76.756962,-12.442383],[-76.75703,-12.442864],[-76.75707,-12.443625],[-76.757063,-12.443999],[-76.756959,-12.444841],[-76.756832,-12.445426],[-76.756058,-12.44828],[-76.753246,-12.458501],[-76.75225,-12.462463],[-76.752036,-12.462406],[-76.751722,-12.463538],[-76.751398,-12.464797],[-76.751458,-12.465297],[-76.749441,-12.472723],[-76.742016,-12.499789],[-76.741587,-12.501077],[-76.741246,-12.501917],[-76.740759,-12.50294],[-76.740432,-12.503537],[-76.739853,-12.504513],[-76.734066,-12.512667],[-76.731547,-12.516175],[-76.730985,-12.516889],[-76.727429,-12.521034],[-76.726461,-12.522298],[-76.726079,-12.522862],[-76.725496,-12.523836],[-76.725184,-12.52444],[-76.722783,-12.529575],[-76.722231,-12.530817],[-76.721191,-12.53333],[-76.71934,-12.537219],[-76.710185,-12.55746],[-76.709702,-12.558485],[-76.709488,-12.558885],[-76.708993,-12.559647],[-76.708576,-12.560186],[-76.708272,-12.560525],[-76.707442,-12.561306],[-76.705328,-12.563045],[-76.698188,-12.568734],[-76.694102,-12.572028],[-76.693192,-12.572716],[-76.692618,-12.573091],[-76.691836,-12.573564],[-76.691033,-12.574004],[-76.667505,-12.585802],[-76.666707,-12.58625],[-76.666141,-12.586636],[-76.665597,-12.587052],[-76.665261,-12.58736],[-76.664466,-12.588175],[-76.66379,-12.589088],[-76.663158,-12.590293],[-76.662777,-12.591359],[-76.662611,-12.592018],[-76.6625,-12.592687],[-76.66243,-12.593361],[-76.66242,-12.5963],[-76.66245,-12.598109],[-76.662534,-12.599009],[-76.662622,-12.599682],[-76.662842,-12.600791],[-76.663119,-12.601888],[-76.663397,-12.60275],[-76.664192,-12.604871],[-76.670132,-12.620063],[-76.670361,-12.620702],[-76.670635,-12.6218],[-76.670709,-12.622246],[-76.670777,-12.623374],[-76.670704,-12.624502],[-76.670671,-12.624726],[-76.670555,-12.625394],[-76.669739,-12.628221],[-76.669563,-12.629108],[-76.66947,-12.630007],[-76.669461,-12.630686],[-76.6695,-12.631363],[-76.669638,-12.632257],[-76.669941,-12.63358],[-76.670046,-12.634478],[-76.670069,-12.635156],[-76.670055,-12.635608],[-76.669958,-12.636506],[-76.669779,-12.637393],[-76.663236,-12.656456],[-76.662848,-12.65752],[-76.662484,-12.65835],[-76.661962,-12.659357],[-76.661387,-12.660335],[-76.66062,-12.661462],[-76.652177,-12.672747],[-76.651804,-12.673318],[-76.651289,-12.674327],[-76.650908,-12.675393],[-76.650736,-12.67605],[-76.649536,-12.682039],[-76.648799,-12.685583],[-76.648584,-12.686462],[-76.648153,-12.687751],[-76.647818,-12.688592],[-76.647141,-12.690027],[-76.646693,-12.690817],[-76.637039,-12.70567],[-76.636244,-12.706778],[-76.635219,-12.707996],[-76.63426,-12.70897],[-76.633227,-12.709867],[-76.622578,-12.718473],[-76.621706,-12.719208],[-76.621046,-12.719837],[-76.620119,-12.72084],[-76.619542,-12.721544],[-76.619133,-12.722089],[-76.618497,-12.72303],[-76.617928,-12.724012],[-76.61742,-12.725025],[-76.617149,-12.725649],[-76.616743,-12.726706],[-76.61641,-12.727788],[-76.614253,-12.736578],[-76.612801,-12.74228],[-76.612476,-12.743364],[-76.612259,-12.744008],[-76.611738,-12.745263],[-76.61113,-12.74648],[-76.610296,-12.747833],[-76.603413,-12.757439],[-76.602724,-12.758343],[-76.596585,-12.765667],[-76.587351,-12.77663],[-76.586752,-12.777315],[-76.585801,-12.778297],[-76.585127,-12.778911],[-76.58369,-12.780037],[-76.58254,-12.780784],[-76.581948,-12.78113],[-76.560648,-12.792723],[-76.559866,-12.793197],[-76.558379,-12.794259],[-76.557853,-12.794697],[-76.555457,-12.796807],[-76.554956,-12.797273],[-76.550445,-12.801122],[-76.543377,-12.807246],[-76.542883,-12.807718],[-76.542445,-12.80824],[-76.542088,-12.80882],[-76.541841,-12.809452],[-76.541677,-12.810111],[-76.541269,-12.813022],[-76.541118,-12.813683],[-76.540843,-12.814547],[-76.540582,-12.815173],[-76.540156,-12.815975],[-76.539794,-12.816551],[-76.539239,-12.817272],[-76.53865,-12.817966],[-76.525947,-12.832554],[-76.52538,-12.833265],[-76.52498,-12.833818],[-76.524247,-12.834966],[-76.523697,-12.835959],[-76.523227,-12.83699],[-76.522547,-12.83867],[-76.522267,-12.83929],[-76.521751,-12.840299],[-76.521302,-12.841088],[-76.520703,-12.842053],[-76.520058,-12.842988],[-76.519349,-12.843876],[-76.518761,-12.844571],[-76.516454,-12.847089],[-76.515585,-12.848142],[-76.51492,-12.849063],[-76.514802,-12.849257],[-76.513998,-12.850627],[-76.513494,-12.851643],[-76.513147,-12.85248],[-76.512772,-12.853548],[-76.511595,-12.857919],[-76.511216,-12.859457],[-76.511033,-12.860573],[-76.510956,-12.861247],[-76.5109,-12.862376],[-76.510903,-12.863506],[-76.51107,-12.866667],[-76.51125,-12.869374],[-76.511286,-12.870956],[-76.510909,-12.882934],[-76.510817,-12.883833],[-76.510657,-12.884953],[-76.510521,-12.885618],[-76.510185,-12.886933],[-76.509815,-12.888003],[-76.509385,-12.889051],[-76.501986,-12.906345],[-76.501619,-12.907415],[-76.501437,-12.908302],[-76.501342,-12.909201],[-76.501324,-12.909879],[-76.501342,-12.910331],[-76.501495,-12.911679],[-76.501851,-12.914369],[-76.502004,-12.915717],[-76.502018,-12.916395],[-76.501991,-12.917073],[-76.50187,-12.917969],[-76.501664,-12.91885],[-76.499842,-12.924685],[-76.499569,-12.925783],[-76.499444,-12.926678],[-76.499379,-12.927807],[-76.499361,-12.929163],[-76.499188,-12.930963],[-76.499003,-12.932079],[-76.498744,-12.93318],[-76.498275,-12.934694],[-76.497943,-12.935537],[-76.496788,-12.938],[-76.49652,-12.938625],[-76.496339,-12.939278],[-76.496269,-12.939725],[-76.496245,-12.940176],[-76.496271,-12.940628],[-76.496376,-12.941297],[-76.496514,-12.941728],[-76.496691,-12.942145],[-76.497024,-12.942739],[-76.497439,-12.943279],[-76.497926,-12.943758],[-76.498294,-12.944028],[-76.499253,-12.944649],[-76.500001,-12.945173],[-76.50035,-12.945468],[-76.500811,-12.94597],[-76.500938,-12.946158],[-76.501156,-12.946556],[-76.501432,-12.947177],[-76.501629,-12.947826],[-76.501741,-12.948494],[-76.501741,-12.949172],[-76.501623,-12.950069],[-76.498747,-12.967246],[-76.498656,-12.967689],[-76.498424,-12.968564],[-76.49812,-12.969417],[-76.495425,-12.975904],[-76.491989,-12.984046],[-76.489847,-12.989046],[-76.486966,-12.995947],[-76.485717,-12.998863],[-76.482314,-13.007019],[-76.479383,-13.013899],[-76.476845,-13.019961],[-76.475823,-13.022235],[-76.47373,-13.027255],[-76.473282,-13.028537],[-76.473033,-13.029408],[-76.472825,-13.030289],[-76.472667,-13.031179],[-76.472528,-13.032301],[-76.472468,-13.033204],[-76.472393,-13.037725],[-76.472343,-13.038854],[-76.472297,-13.039304],[-76.472136,-13.040194],[-76.47181,-13.041512],[-76.471341,-13.042787],[-76.47087,-13.043818],[-76.47042,-13.044606],[-76.46992,-13.045364],[-76.468997,-13.04666],[-76.464416,-13.052603],[-76.463247,-13.053997],[-76.462471,-13.054831],[-76.460982,-13.056241],[-76.459767,-13.057277],[-76.452202,-13.063524],[-76.451199,-13.064453],[-76.45028,-13.065463],[-76.449853,-13.065996],[-76.44918,-13.066912],[-76.448681,-13.067671],[-76.445555,-13.072942],[-76.444028,-13.075467],[-76.443258,-13.076592],[-76.442831,-13.077124],[-76.442298,-13.07786],[-76.44171,-13.078554],[-76.43929,-13.081276],[-76.433954,-13.087492],[-76.42736,-13.095029],[-76.425884,-13.09676],[-76.42362,-13.099316],[-76.416143,-13.107894],[-76.414921,-13.109244],[-76.413976,-13.110231],[-76.412816,-13.111326],[-76.411735,-13.112167],[-76.410785,-13.112801],[-76.409995,-13.113263],[-76.408776,-13.113895],[-76.400257,-13.117837],[-76.39924,-13.118362],[-76.398853,-13.118605],[-76.398112,-13.11914],[-76.397275,-13.119912],[-76.396671,-13.120593],[-76.396277,-13.121149],[-76.395809,-13.121926],[-76.394656,-13.124139],[-76.389795,-13.133626],[-76.387996,-13.137037],[-76.386664,-13.139668],[-76.384779,-13.143289],[-76.384417,-13.14412],[-76.384275,-13.14455],[-76.384032,-13.145422],[-76.38372,-13.146743],[-76.383508,-13.147388],[-76.383155,-13.148222],[-76.382837,-13.148824],[-76.382723,-13.149019],[-76.382075,-13.149953],[-76.38099,-13.151413],[-76.380605,-13.151975],[-76.38005,-13.152695],[-76.379671,-13.153262],[-76.379129,-13.153991],[-76.378822,-13.154328],[-76.378489,-13.154638],[-76.377756,-13.155181],[-76.377582,-13.155328],[-76.377437,-13.155503],[-76.377261,-13.155645],[-76.375363,-13.156917],[-76.374111,-13.157906],[-76.373533,-13.158274],[-76.372904,-13.158548],[-76.372359,-13.158963],[-76.370842,-13.159979],[-76.370302,-13.160399],[-76.368776,-13.161405],[-76.367668,-13.162211],[-76.365709,-13.163781],[-76.364485,-13.164806],[-76.364118,-13.165078],[-76.360572,-13.16795],[-76.359316,-13.168938],[-76.358826,-13.169414],[-76.358377,-13.169928],[-76.357977,-13.17048],[-76.357743,-13.170868],[-76.356935,-13.172492],[-76.356707,-13.173132],[-76.356588,-13.173569],[-76.356545,-13.17379],[-76.356425,-13.174915],[-76.356411,-13.175819],[-76.356435,-13.176496],[-76.35655,-13.177393],[-76.356645,-13.178746],[-76.356567,-13.1801],[-76.356447,-13.180996],[-76.356224,-13.182105],[-76.355968,-13.183207],[-76.355467,-13.18471],[-76.355344,-13.185146],[-76.35516,-13.18556],[-76.354646,-13.186571],[-76.354195,-13.187358],[-76.35339,-13.188459],[-76.353023,-13.189031],[-76.352557,-13.18953],[-76.351832,-13.190407],[-76.350368,-13.191842],[-76.348983,-13.193352],[-76.348023,-13.194326],[-76.347513,-13.19478],[-76.346703,-13.19558],[-76.346125,-13.196281],[-76.344526,-13.197903],[-76.343869,-13.198535],[-76.343077,-13.199353],[-76.342463,-13.200026],[-76.341009,-13.201471],[-76.340399,-13.202147],[-76.339886,-13.202599],[-76.339254,-13.203255],[-76.338921,-13.203565],[-76.338513,-13.204111],[-76.337586,-13.205112],[-76.337147,-13.205635],[-76.336889,-13.206009],[-76.335984,-13.20703],[-76.335412,-13.207738],[-76.334938,-13.208229],[-76.333596,-13.209777],[-76.332919,-13.210689],[-76.332343,-13.211393],[-76.330827,-13.21309],[-76.330562,-13.213459],[-76.329951,-13.214134],[-76.32925,-13.215029],[-76.32821,-13.216235],[-76.327365,-13.217306],[-76.326451,-13.218321],[-76.325901,-13.219045],[-76.325742,-13.219208],[-76.325383,-13.219487],[-76.325061,-13.219809],[-76.324462,-13.220494],[-76.323946,-13.220943],[-76.323402,-13.22136],[-76.321723,-13.222544],[-76.320766,-13.223168],[-76.320173,-13.223513],[-76.319554,-13.223811],[-76.318074,-13.224428],[-76.317242,-13.224809],[-76.317025,-13.224883],[-76.316364,-13.225071],[-76.315914,-13.225162],[-76.315248,-13.225337],[-76.314569,-13.225447],[-76.313897,-13.225597],[-76.312987,-13.225714],[-76.311842,-13.225802],[-76.310925,-13.225825],[-76.308401,-13.225739],[-76.305876,-13.225691],[-76.303812,-13.225601],[-76.303123,-13.22561],[-76.30198,-13.225709],[-76.30042,-13.226087],[-76.299984,-13.226228],[-76.299141,-13.226585],[-76.298531,-13.226901],[-76.297399,-13.227674],[-76.296462,-13.228667],[-76.296322,-13.228846],[-76.295777,-13.229574],[-76.294494,-13.231449],[-76.293049,-13.233489],[-76.292539,-13.234241],[-76.291729,-13.235338],[-76.291084,-13.236273],[-76.290414,-13.237191],[-76.289934,-13.237962],[-76.28966,-13.238324],[-76.28695,-13.24225],[-76.28647,-13.243021],[-76.286165,-13.243629],[-76.285686,-13.2449],[-76.278873,-13.266491],[-76.278315,-13.267975],[-76.277565,-13.269871],[-76.276437,-13.272346],[-76.275814,-13.273556],[-76.274943,-13.275149],[-76.273025,-13.278496],[-76.272665,-13.279073],[-76.270649,-13.282625],[-76.270283,-13.2832],[-76.269886,-13.283754],[-76.269436,-13.284268],[-76.269103,-13.284578],[-76.268329,-13.285413],[-76.265624,-13.288183],[-76.264951,-13.288799],[-76.264359,-13.289489],[-76.26291,-13.29094],[-76.262612,-13.291283],[-76.262084,-13.291718],[-76.261664,-13.292255],[-76.261026,-13.292905],[-76.2601,-13.29391],[-76.259959,-13.294088],[-76.259004,-13.295633],[-76.258684,-13.296233],[-76.258407,-13.296853],[-76.25784,-13.298334],[-76.25732,-13.29959],[-76.256044,-13.301994],[-76.2558,-13.302376],[-76.255272,-13.303117],[-76.254988,-13.303472],[-76.254529,-13.303977],[-76.254005,-13.304718],[-76.252145,-13.307017],[-76.25092,-13.308656],[-76.250293,-13.309603],[-76.249298,-13.311386],[-76.248576,-13.3128],[-76.248023,-13.314042],[-76.247493,-13.315044],[-76.244937,-13.320106],[-76.242987,-13.324198],[-76.24226,-13.32535],[-76.227325,-13.345125],[-76.226412,-13.346427],[-76.217099,-13.36042],[-76.211661,-13.369336],[-76.210752,-13.370908],[-76.197142,-13.396557],[-76.194491,-13.402075],[-76.194072,-13.40288],[-76.193056,-13.405157],[-76.192779,-13.406018],[-76.192336,-13.408006],[-76.191779,-13.410893],[-76.191068,-13.414212],[-76.190697,-13.415517],[-76.190229,-13.416549],[-76.190111,-13.416743],[-76.189003,-13.41846],[-76.186454,-13.422221],[-76.185734,-13.423378],[-76.185315,-13.424182],[-76.184984,-13.425025],[-76.184716,-13.42589],[-76.183846,-13.428464],[-76.183576,-13.429329],[-76.182906,-13.431253],[-76.182282,-13.433193],[-76.182033,-13.433825],[-76.181849,-13.434479],[-76.181625,-13.43512],[-76.181361,-13.435986],[-76.181021,-13.4373],[-76.18078,-13.438865],[-76.180454,-13.442241],[-76.180409,-13.442918],[-76.180116,-13.445843],[-76.179955,-13.447871],[-76.179433,-13.4535],[-76.179323,-13.454398],[-76.179032,-13.45755],[-76.17894,-13.45913],[-76.178945,-13.459808],[-76.179068,-13.461159],[-76.179254,-13.462274],[-76.179553,-13.463365],[-76.181869,-13.469512],[-76.182404,-13.471005],[-76.1836,-13.474185],[-76.183924,-13.475269],[-76.18409,-13.475927],[-76.184314,-13.477266],[-76.184397,-13.478166],[-76.184729,-13.486977],[-76.185386,-13.503243],[-76.185419,-13.504599],[-76.185368,-13.505729],[-76.185232,-13.507078],[-76.183457,-13.51939],[-76.183186,-13.521407],[-76.183128,-13.522083],[-76.18309,-13.523439],[-76.183069,-13.54017],[-76.182974,-13.541523],[-76.182888,-13.542196],[-76.181485,-13.549528],[-76.180931,-13.552646],[-76.180841,-13.553772],[-76.180504,-13.561],[-76.180358,-13.562348],[-76.180098,-13.56368],[-76.179646,-13.565199],[-76.179332,-13.566048],[-76.178552,-13.567686],[-76.176284,-13.57213],[-76.175831,-13.572917],[-76.174598,-13.574824],[-76.168312,-13.584284],[-76.16798,-13.584878],[-76.16738,-13.586099],[-76.166874,-13.58736],[-76.166727,-13.587789],[-76.166312,-13.589317],[-76.166058,-13.59088],[-76.16595,-13.592005],[-76.165941,-13.592909],[-76.166526,-13.602161],[-76.166566,-13.603065],[-76.166614,-13.603514],[-76.1667,-13.604868],[-76.166796,-13.605768],[-76.167135,-13.607775],[-76.167481,-13.609087],[-76.167818,-13.610168],[-76.170991,-13.619613],[-76.172028,-13.622846],[-76.172436,-13.62461],[-76.172669,-13.626176],[-76.17278,-13.627528],[-76.172843,-13.629335],[-76.173023,-13.632722],[-76.173077,-13.63453],[-76.173291,-13.63882],[-76.173574,-13.646276],[-76.17359,-13.64718],[-76.173879,-13.653504],[-76.173914,-13.655086],[-76.174038,-13.658249],[-76.173973,-13.659603],[-76.173704,-13.661163],[-76.173585,-13.6616],[-76.173234,-13.662676],[-76.172897,-13.663517],[-76.172294,-13.664736],[-76.171541,-13.665872],[-76.170727,-13.666967],[-76.170096,-13.667911],[-76.169271,-13.668996],[-76.16769,-13.671219],[-76.167182,-13.671972],[-76.165833,-13.673801],[-76.165583,-13.67418],[-76.164913,-13.675365],[-76.164339,-13.676843],[-76.163957,-13.678146],[-76.163764,-13.67903],[-76.163659,-13.679928],[-76.163602,-13.681283],[-76.163613,-13.682866],[-76.16365,-13.683996],[-76.16374,-13.692813],[-76.16378,-13.69349],[-76.163918,-13.694384],[-76.164097,-13.695271],[-76.164966,-13.698082],[-76.165194,-13.698958],[-76.16545,-13.70052],[-76.16552,-13.701422],[-76.165529,-13.702326],[-76.165391,-13.707751],[-76.165387,-13.708881],[-76.165343,-13.710011],[-76.165321,-13.712272],[-76.16512,-13.717694],[-76.165152,-13.719502],[-76.165228,-13.720176],[-76.165346,-13.720844],[-76.165735,-13.72238],[-76.166211,-13.724126],[-76.166427,-13.725006],[-76.166639,-13.726116],[-76.16685,-13.727457],[-76.166984,-13.72858],[-76.16709,-13.730159],[-76.167034,-13.732419],[-76.166939,-13.733545],[-76.166667,-13.735334],[-76.165932,-13.738879],[-76.16571,-13.740217],[-76.165661,-13.741347],[-76.165692,-13.742476],[-76.165854,-13.744051],[-76.16593,-13.744497],[-76.166157,-13.745373],[-76.166909,-13.747746],[-76.167186,-13.748844],[-76.16741,-13.75041],[-76.167452,-13.75086],[-76.16745,-13.752216],[-76.167371,-13.753117],[-76.16722,-13.754237],[-76.166983,-13.755343],[-76.166664,-13.756663],[-76.166442,-13.757772],[-76.166306,-13.759121],[-76.166274,-13.760477],[-76.166382,-13.761602],[-76.166483,-13.762273],[-76.166713,-13.763381],[-76.168444,-13.769946],[-76.16916,-13.772566],[-76.169552,-13.7741],[-76.169745,-13.774985],[-76.169821,-13.77543],[-76.169835,-13.775656],[-76.169868,-13.776786],[-76.169834,-13.777235],[-76.169752,-13.77768],[-76.16964,-13.778119],[-76.169354,-13.778978],[-76.16887,-13.780002],[-76.166342,-13.784308],[-76.163547,-13.788984],[-76.162823,-13.790139],[-76.160063,-13.794835],[-76.146913,-13.816858],[-76.145417,-13.819402],[-76.144586,-13.820756],[-76.14403,-13.821745],[-76.143752,-13.822366],[-76.143504,-13.822998],[-76.141948,-13.827492],[-76.141537,-13.828548],[-76.14108,-13.829827],[-76.140522,-13.831551],[-76.139968,-13.833036],[-76.138796,-13.836465],[-76.138552,-13.837098],[-76.138201,-13.838175],[-76.137879,-13.839021],[-76.136795,-13.84224],[-76.13331,-13.852058],[-76.132295,-13.854822],[-76.128794,-13.864874],[-76.12725,-13.869372],[-76.125276,-13.874919],[-76.125024,-13.87555],[-76.124923,-13.875753],[-76.124378,-13.876747],[-76.123998,-13.877313],[-76.123433,-13.878026],[-76.122969,-13.878527],[-76.122456,-13.878979],[-76.121547,-13.87967],[-76.120963,-13.880028],[-76.119086,-13.88088],[-76.114857,-13.882641],[-76.106035,-13.886476],[-76.102444,-13.887981],[-76.098457,-13.889725],[-76.094017,-13.891575],[-76.087925,-13.894222],[-76.083915,-13.895913],[-76.082235,-13.896644],[-76.076743,-13.898947],[-76.073382,-13.900408],[-76.072136,-13.900987],[-76.070873,-13.901527],[-76.063888,-13.904419],[-76.063458,-13.904576],[-76.062349,-13.904864],[-76.061442,-13.905005],[-76.060984,-13.90504],[-76.057771,-13.905131],[-76.050884,-13.905261],[-76.048589,-13.905282],[-76.038489,-13.905517],[-76.036654,-13.905579],[-76.036196,-13.905615],[-76.035064,-13.905801],[-76.033494,-13.906142],[-76.024326,-13.908243],[-76.020288,-13.909108],[-76.017606,-13.909729],[-76.016504,-13.910045],[-76.015874,-13.910319],[-76.015269,-13.910641],[-76.014883,-13.910887],[-76.014333,-13.911294],[-76.013817,-13.911743],[-76.007019,-13.918478],[-76.006172,-13.919242],[-76.00562,-13.919646],[-76.005039,-13.920011],[-76.004225,-13.920429],[-76.003803,-13.920608],[-76.002491,-13.921018],[-75.986057,-13.925263],[-75.981164,-13.926497],[-75.978948,-13.927091],[-75.969836,-13.929414],[-75.968939,-13.929609],[-75.967798,-13.929725],[-75.955635,-13.930072],[-75.929241,-13.930765],[-75.928094,-13.93082],[-75.924431,-13.931089],[-75.922138,-13.93121],[-75.918245,-13.931491],[-75.916645,-13.931631],[-75.909314,-13.932118],[-75.906561,-13.932205],[-75.901985,-13.932586],[-75.899703,-13.932839],[-75.893747,-13.933231],[-75.887106,-13.933699],[-75.883897,-13.933882],[-75.874506,-13.934523],[-75.857095,-13.935653],[-75.854118,-13.935866],[-75.845182,-13.936426],[-75.830065,-13.937468],[-75.819983,-13.938091],[-75.819298,-13.938163],[-75.818402,-13.938356],[-75.817529,-13.938634],[-75.81669,-13.939003],[-75.81609,-13.939334],[-75.814551,-13.940322],[-75.809494,-13.943445],[-75.808344,-13.944192],[-75.800172,-13.949233],[-75.792616,-13.953964],[-75.789298,-13.955989],[-75.788533,-13.956488],[-75.787418,-13.957286],[-75.786564,-13.95804],[-75.786074,-13.958517],[-75.785607,-13.959015],[-75.785163,-13.959534],[-75.784229,-13.960821],[-75.783775,-13.961607],[-75.782734,-13.963623],[-75.780644,-13.967901],[-75.778151,-13.97274],[-75.777927,-13.973135],[-75.775887,-13.977186],[-75.775404,-13.978211],[-75.774881,-13.979218],[-75.77446,-13.980269],[-75.774239,-13.980911],[-75.773943,-13.982004],[-75.773067,-13.984813],[-75.772178,-13.987855],[-75.771801,-13.988923],[-75.768248,-14.00062],[-75.765923,-14.008194],[-75.764696,-14.012081],[-75.763651,-14.015549],[-75.762514,-14.019226],[-75.762228,-14.020085],[-75.760569,-14.025496],[-75.760135,-14.026543],[-75.752018,-14.041753],[-75.751182,-14.043363],[-75.749358,-14.046761],[-75.748951,-14.047572],[-75.748492,-14.048355],[-75.747415,-14.050352],[-75.747067,-14.051188],[-75.746963,-14.051389],[-75.746853,-14.051584],[-75.746712,-14.051762],[-75.744707,-14.054793],[-75.744103,-14.055755],[-75.742589,-14.058547],[-75.742397,-14.058958],[-75.74209,-14.05981],[-75.740641,-14.06481],[-75.740407,-14.065685],[-75.740318,-14.066129],[-75.740314,-14.066349],[-75.740273,-14.066567],[-75.74016,-14.06676],[-75.739979,-14.067174],[-75.739343,-14.069346],[-75.738908,-14.070633],[-75.738729,-14.071288],[-75.738711,-14.071513],[-75.738733,-14.071738],[-75.738796,-14.071955],[-75.738779,-14.072178],[-75.7387,-14.07239],[-75.738584,-14.072582],[-75.738526,-14.0728],[-75.73858,-14.075286],[-75.738574,-14.077094],[-75.738493,-14.077767],[-75.738379,-14.078205],[-75.738134,-14.078838],[-75.737797,-14.07943],[-75.737355,-14.079948],[-75.737037,-14.080275],[-75.735276,-14.081724],[-75.734194,-14.082565],[-75.73243,-14.084012],[-75.730115,-14.085868],[-75.729548,-14.086252],[-75.729147,-14.086471],[-75.724259,-14.088438],[-75.721121,-14.089835],[-75.720248,-14.090114],[-75.719797,-14.090203],[-75.718886,-14.090311],[-75.718668,-14.090382],[-75.718461,-14.090478],[-75.718278,-14.090612],[-75.718117,-14.090773],[-75.717841,-14.091124],[-75.717778,-14.091341],[-75.71667,-14.097347],[-75.716569,-14.098018],[-75.716527,-14.099147],[-75.716569,-14.099824],[-75.716693,-14.10072],[-75.717005,-14.102041],[-75.717362,-14.103351],[-75.718145,-14.106421],[-75.71821,-14.106868],[-75.718222,-14.107546],[-75.718074,-14.109122],[-75.716295,-14.125533],[-75.716252,-14.126663],[-75.716293,-14.12734],[-75.716412,-14.128236],[-75.717514,-14.135161],[-75.71757,-14.135836],[-75.717555,-14.136287],[-75.717409,-14.137864],[-75.717236,-14.139209],[-75.71714,-14.139651],[-75.71631,-14.142709],[-75.71504,-14.148221],[-75.714323,-14.152229],[-75.713894,-14.153987],[-75.712533,-14.162016],[-75.712396,-14.162681],[-75.712012,-14.164217],[-75.711643,-14.165989],[-75.71156,-14.166662],[-75.711618,-14.167109],[-75.711672,-14.167329],[-75.71176,-14.167537],[-75.712042,-14.167891],[-75.712592,-14.168299],[-75.712936,-14.168598],[-75.713203,-14.168965],[-75.713418,-14.169364],[-75.713566,-14.169792],[-75.713684,-14.170229],[-75.714086,-14.171287],[-75.714276,-14.171699],[-75.715128,-14.173301],[-75.715427,-14.173912],[-75.715864,-14.175198],[-75.715968,-14.175638],[-75.716036,-14.176085],[-75.716046,-14.17631],[-75.716014,-14.176761],[-75.715907,-14.1772],[-75.715565,-14.178277],[-75.715532,-14.178728],[-75.715528,-14.179632],[-75.715474,-14.180308],[-75.714584,-14.184282],[-75.714502,-14.184727],[-75.71432,-14.186527],[-75.714296,-14.186978],[-75.714404,-14.189463],[-75.714397,-14.190365],[-75.714306,-14.190809],[-75.713913,-14.192109],[-75.713862,-14.192328],[-75.71384,-14.192553],[-75.713852,-14.192777],[-75.713945,-14.193219],[-75.714484,-14.195184],[-75.714627,-14.195613],[-75.715186,-14.196853],[-75.715297,-14.19729],[-75.715492,-14.19977],[-75.715485,-14.200221],[-75.715424,-14.200669],[-75.714717,-14.203756],[-75.713472,-14.20881],[-75.713232,-14.209445],[-75.713042,-14.209857],[-75.712703,-14.210447],[-75.712316,-14.211008],[-75.710189,-14.213675],[-75.709812,-14.214242],[-75.709612,-14.214649],[-75.708744,-14.216742],[-75.70838,-14.217318],[-75.706851,-14.219574],[-75.706498,-14.220156],[-75.706089,-14.221213],[-75.703601,-14.226306],[-75.702364,-14.228474],[-75.701771,-14.229442],[-75.701619,-14.229611],[-75.698986,-14.232133],[-75.697033,-14.234047],[-75.695943,-14.23521],[-75.694735,-14.236572],[-75.694473,-14.236943],[-75.694174,-14.237553],[-75.692808,-14.240911],[-75.692489,-14.241759],[-75.69223,-14.242626],[-75.69169,-14.245056],[-75.690695,-14.247341],[-75.689828,-14.249188],[-75.689496,-14.250031],[-75.689359,-14.250463],[-75.688294,-14.255556],[-75.687467,-14.25838],[-75.686709,-14.260752],[-75.685573,-14.264429],[-75.685457,-14.264867],[-75.685332,-14.265533],[-75.685054,-14.26846],[-75.684971,-14.268904],[-75.684894,-14.269115],[-75.684223,-14.2703],[-75.684035,-14.270712],[-75.683966,-14.270927],[-75.68391,-14.271375],[-75.683909,-14.272279],[-75.683853,-14.272954],[-75.683563,-14.275197],[-75.68341,-14.276089],[-75.682394,-14.2798],[-75.681417,-14.284449],[-75.681065,-14.285993],[-75.68083,-14.28663],[-75.680726,-14.286831],[-75.679072,-14.289806],[-75.67888,-14.290216],[-75.678758,-14.290651],[-75.678744,-14.290875],[-75.678767,-14.291326],[-75.678987,-14.292436],[-75.679005,-14.292661],[-75.679004,-14.293339],[-75.678933,-14.29492],[-75.678829,-14.296046],[-75.678362,-14.299178],[-75.677916,-14.301855],[-75.677841,-14.302983],[-75.677867,-14.305243],[-75.67783,-14.306373],[-75.677603,-14.309077],[-75.677505,-14.309748],[-75.677438,-14.309964],[-75.677263,-14.310382],[-75.675914,-14.313004],[-75.67347,-14.318118],[-75.672995,-14.319147],[-75.670928,-14.323932],[-75.67064,-14.324548],[-75.670213,-14.325349],[-75.669494,-14.326506],[-75.669228,-14.326875],[-75.668661,-14.327586],[-75.665795,-14.330825],[-75.664246,-14.332493],[-75.655783,-14.340462],[-75.654803,-14.341415],[-75.642334,-14.35311],[-75.629564,-14.365149],[-75.628976,-14.365843],[-75.614347,-14.384141],[-75.614046,-14.384481],[-75.613706,-14.384785],[-75.613143,-14.385174],[-75.612115,-14.385677],[-75.609829,-14.386735],[-75.608775,-14.387182],[-75.608341,-14.38733],[-75.607452,-14.387559],[-75.60385,-14.388263],[-75.60341,-14.388393],[-75.602996,-14.388588],[-75.602626,-14.388853],[-75.602275,-14.389146],[-75.601442,-14.389923],[-75.597841,-14.393411],[-75.597292,-14.393818],[-75.596879,-14.394011],[-75.596434,-14.394122],[-75.596208,-14.394156],[-75.59552,-14.394152],[-75.595295,-14.394111],[-75.594863,-14.393959],[-75.594245,-14.393662],[-75.592878,-14.39283],[-75.592669,-14.392736],[-75.592235,-14.39259],[-75.591784,-14.392507],[-75.591326,-14.392513],[-75.591099,-14.392539],[-75.590654,-14.39265],[-75.587811,-14.393546],[-75.587387,-14.39372],[-75.560672,-14.406312],[-75.483712,-14.441193],[-75.477655,-14.443917],[-75.470369,-14.447253],[-75.467788,-14.448203],[-75.410056,-14.463149],[-75.338309,-14.481623],[-75.309189,-14.489037],[-75.300788,-14.491353],[-75.300351,-14.491491],[-75.299934,-14.49168],[-75.293958,-14.495053],[-75.29355,-14.49526],[-75.293116,-14.495403],[-75.292891,-14.495448],[-75.292434,-14.495492],[-75.286467,-14.495621],[-75.286008,-14.4956],[-75.276656,-14.494544],[-75.275739,-14.494495],[-75.275511,-14.494503],[-75.274832,-14.494612],[-75.27374,-14.49496],[-75.272253,-14.495562],[-75.26189,-14.499873],[-75.261281,-14.500188],[-75.260719,-14.500579],[-75.257936,-14.502941],[-75.25757,-14.503213],[-75.257156,-14.503406],[-75.256495,-14.503591],[-75.256266,-14.503605],[-75.255808,-14.50359],[-75.255141,-14.50342],[-75.254727,-14.503225],[-75.254342,-14.502981],[-75.248275,-14.497792],[-75.247951,-14.497472],[-75.246141,-14.495427],[-75.245827,-14.495097],[-75.245486,-14.494795],[-75.245125,-14.494515],[-75.244542,-14.494155],[-75.238529,-14.491339],[-75.237894,-14.491079],[-75.237229,-14.490903],[-75.23655,-14.490789],[-75.236323,-14.490758],[-75.235176,-14.490699],[-75.234488,-14.490708],[-75.233117,-14.490838],[-75.232888,-14.490845],[-75.232431,-14.490812],[-75.232205,-14.490772],[-75.231763,-14.490651],[-75.231339,-14.490478],[-75.230943,-14.49025],[-75.230758,-14.490115],[-75.23058,-14.489973],[-75.230255,-14.489654],[-75.229952,-14.489315],[-75.229007,-14.488034],[-75.228422,-14.487339],[-75.227917,-14.486878],[-75.226012,-14.485245],[-75.225704,-14.484911],[-75.225576,-14.484724],[-75.22536,-14.484325],[-75.225274,-14.484116],[-75.225164,-14.483677],[-75.225133,-14.483453],[-75.22511,-14.481419],[-75.225033,-14.480974],[-75.224966,-14.480758],[-75.224535,-14.479711],[-75.224396,-14.479534],[-75.224214,-14.479397],[-75.224004,-14.479314],[-75.223777,-14.479296],[-75.223554,-14.479345],[-75.223356,-14.479449],[-75.223189,-14.479603],[-75.223069,-14.479795],[-75.223023,-14.480016],[-75.223041,-14.480241],[-75.223104,-14.480456],[-75.223564,-14.481237],[-75.223645,-14.481448],[-75.223689,-14.48167],[-75.223711,-14.481895],[-75.223762,-14.484155],[-75.223788,-14.484379],[-75.223827,-14.484602],[-75.224194,-14.485673],[-75.224196,-14.485896],[-75.224085,-14.486087],[-75.223907,-14.486225],[-75.22368,-14.486251],[-75.223468,-14.486177],[-75.223321,-14.48601],[-75.223213,-14.485572],[-75.223101,-14.484675],[-75.22303,-14.48446],[-75.22291,-14.484267],[-75.222758,-14.484099],[-75.222568,-14.483975],[-75.222128,-14.483847],[-75.2219,-14.483824],[-75.219835,-14.483875],[-75.219606,-14.483875],[-75.219378,-14.483845],[-75.219156,-14.483789],[-75.21811,-14.483325],[-75.217885,-14.483281],[-75.217656,-14.48328],[-75.217431,-14.483325],[-75.217216,-14.483403],[-75.217022,-14.483522],[-75.216866,-14.483686],[-75.216739,-14.483873],[-75.216648,-14.484079],[-75.216603,-14.4843],[-75.2166,-14.484524],[-75.216647,-14.484745],[-75.21674,-14.484952],[-75.216884,-14.485127],[-75.217053,-14.485279],[-75.217248,-14.485393],[-75.217462,-14.485474],[-75.217687,-14.485519],[-75.218141,-14.485455],[-75.218811,-14.485299],[-75.219038,-14.48529],[-75.21926,-14.485344],[-75.219459,-14.485454],[-75.219623,-14.485611],[-75.219732,-14.485808],[-75.21979,-14.486025],[-75.219778,-14.48625],[-75.219713,-14.486464],[-75.219584,-14.48665],[-75.219411,-14.486795],[-75.21449,-14.489235],[-75.214142,-14.489528],[-75.214003,-14.489708],[-75.21389,-14.489904],[-75.213809,-14.490115],[-75.213513,-14.490971],[-75.21345,-14.491189],[-75.213427,-14.491414],[-75.21345,-14.491864],[-75.213883,-14.49291],[-75.213996,-14.493346],[-75.213987,-14.493572],[-75.213941,-14.493791],[-75.213857,-14.494001],[-75.213718,-14.494179],[-75.213539,-14.494319],[-75.213337,-14.494424],[-75.21312,-14.494497],[-75.212894,-14.494535],[-75.212665,-14.49454],[-75.211977,-14.494502],[-75.211749,-14.494517],[-75.211296,-14.494592],[-75.211082,-14.494673],[-75.210884,-14.494787],[-75.210704,-14.494925],[-75.210561,-14.4951],[-75.210443,-14.495294],[-75.210366,-14.495505],[-75.210321,-14.495727],[-75.210317,-14.495952],[-75.210344,-14.496176],[-75.2104,-14.496394],[-75.213588,-14.505356],[-75.21434,-14.507966],[-75.215184,-14.509823],[-75.215486,-14.510677],[-75.215599,-14.511115],[-75.215713,-14.511783],[-75.215722,-14.512234],[-75.215506,-14.515619],[-75.215453,-14.516068],[-75.215339,-14.516506],[-75.215149,-14.516917],[-75.215032,-14.517111],[-75.214744,-14.517462],[-75.214407,-14.517767],[-75.214032,-14.518029],[-75.213613,-14.518213],[-75.210103,-14.519278],[-75.204818,-14.520814],[-75.20437,-14.520911],[-75.204141,-14.520926],[-75.203913,-14.520907],[-75.202351,-14.520539],[-75.202125,-14.520553],[-75.201952,-14.520697],[-75.201892,-14.520909],[-75.201958,-14.521124],[-75.202215,-14.521499],[-75.202292,-14.521709],[-75.202512,-14.523047],[-75.202577,-14.523263],[-75.202976,-14.523808],[-75.203186,-14.524454],[-75.203291,-14.524652],[-75.203442,-14.524822],[-75.203951,-14.525278],[-75.204241,-14.525629],[-75.204345,-14.525828],[-75.204467,-14.526264],[-75.20455,-14.526474],[-75.204914,-14.527049],[-75.205319,-14.527597],[-75.206306,-14.528543],[-75.206367,-14.528753],[-75.206203,-14.528868],[-75.205981,-14.528818],[-75.205551,-14.528659],[-75.205328,-14.528609],[-75.204871,-14.528579],[-75.20467,-14.528478],[-75.204493,-14.528333],[-75.204297,-14.528221],[-75.20407,-14.528192],[-75.203841,-14.528199],[-75.203426,-14.528026],[-75.203201,-14.52805],[-75.203025,-14.52819],[-75.202716,-14.528524],[-75.202515,-14.528628],[-75.202295,-14.528589],[-75.202167,-14.528407],[-75.202089,-14.528194],[-75.201985,-14.527997],[-75.201775,-14.527912],[-75.201545,-14.52791],[-75.201337,-14.527994],[-75.201237,-14.528189],[-75.201246,-14.52841],[-75.201324,-14.528622],[-75.201437,-14.528818],[-75.201576,-14.528998],[-75.20203,-14.529508],[-75.202159,-14.529694],[-75.202237,-14.529906],[-75.202273,-14.530354],[-75.202156,-14.530545],[-75.201937,-14.530597],[-75.196784,-14.529469],[-75.196565,-14.529407],[-75.195949,-14.529104],[-75.195727,-14.529049],[-75.195273,-14.528984],[-75.195052,-14.528923],[-75.194845,-14.528827],[-75.194285,-14.528432],[-75.194076,-14.528344],[-75.193854,-14.528372],[-75.193667,-14.528497],[-75.193339,-14.528814],[-75.190007,-14.532245],[-75.18212,-14.540459],[-75.181991,-14.540646],[-75.181898,-14.540852],[-75.18185,-14.541072],[-75.181864,-14.541296],[-75.181944,-14.541506],[-75.182068,-14.541696],[-75.182399,-14.542008],[-75.192516,-14.550536],[-75.201306,-14.557082],[-75.202,-14.557674],[-75.20513,-14.560982],[-75.207604,-14.563656],[-75.207745,-14.563833],[-75.208121,-14.564402],[-75.208542,-14.565205],[-75.208973,-14.566493],[-75.209078,-14.567163],[-75.208976,-14.568515],[-75.207939,-14.579547],[-75.20785,-14.57999],[-75.207786,-14.580206],[-75.207689,-14.580411],[-75.207568,-14.580602],[-75.207423,-14.580777],[-75.200115,-14.587969],[-75.199841,-14.58833],[-75.199729,-14.588528],[-75.199646,-14.588738],[-75.199577,-14.588953],[-75.194238,-14.611175],[-75.193905,-14.612491],[-75.193713,-14.613143],[-75.185572,-14.635967],[-75.184904,-14.637893],[-75.184653,-14.638524],[-75.184441,-14.638925],[-75.18419,-14.639304],[-75.183651,-14.640036],[-75.183301,-14.640619],[-75.182031,-14.643526],[-75.181672,-14.644103],[-75.181401,-14.644469],[-75.179983,-14.646246],[-75.17908,-14.646945],[-75.178706,-14.647206],[-75.17836,-14.647503],[-75.178069,-14.647852],[-75.177138,-14.649142],[-75.176923,-14.649541],[-75.176835,-14.64975],[-75.176266,-14.652173],[-75.176175,-14.652378],[-75.176048,-14.652566],[-75.173274,-14.655582],[-75.172936,-14.655888],[-75.16947,-14.658103],[-75.169291,-14.658245],[-75.169136,-14.658411],[-75.168905,-14.6588],[-75.1679,-14.66298],[-75.167835,-14.663197],[-75.16774,-14.663402],[-75.16762,-14.663593],[-75.167135,-14.664074],[-75.165562,-14.665394],[-75.161055,-14.669249],[-75.158461,-14.671479],[-75.1583,-14.67164],[-75.157846,-14.672149],[-75.157061,-14.673263],[-75.156006,-14.674455],[-75.155884,-14.674647],[-75.155679,-14.675051],[-75.154952,-14.676712],[-75.154842,-14.67691],[-75.15469,-14.677076],[-75.154482,-14.677163],[-75.154027,-14.677221],[-75.152445,-14.677495],[-75.152234,-14.677583],[-75.151838,-14.677812],[-75.151424,-14.678006],[-75.150988,-14.678145],[-75.150312,-14.678274],[-75.149625,-14.678286],[-75.148716,-14.678396],[-75.148488,-14.678377],[-75.147827,-14.678192],[-75.147143,-14.678121],[-75.146913,-14.678127],[-75.143019,-14.678385],[-75.142565,-14.678452],[-75.142129,-14.678594],[-75.137651,-14.681349],[-75.134031,-14.683745],[-75.133474,-14.684144],[-75.132973,-14.684609],[-75.129518,-14.688238],[-75.129177,-14.688539],[-75.128984,-14.688661],[-75.128774,-14.688751],[-75.128549,-14.688794],[-75.12832,-14.688802],[-75.128094,-14.688764],[-75.126366,-14.688152],[-75.125301,-14.687731],[-75.12229,-14.686621],[-75.122068,-14.686566],[-75.121841,-14.686538],[-75.121385,-14.686573],[-75.121165,-14.686637],[-75.120957,-14.686731],[-75.120764,-14.686851],[-75.120586,-14.686994],[-75.119288,-14.688274],[-75.117374,-14.690225],[-75.106208,-14.701292],[-75.098682,-14.708908],[-75.093845,-14.713736],[-75.091232,-14.716279],[-75.077357,-14.730113],[-75.07557,-14.73187],[-75.064462,-14.742993],[-75.063365,-14.744149],[-75.02512,-14.785689],[-75.024453,-14.786311],[-75.024099,-14.786599],[-75.00964,-14.797004],[-74.999414,-14.804299],[-74.997755,-14.805513],[-74.98569,-14.814162],[-74.984913,-14.814643],[-74.984505,-14.814851],[-74.983872,-14.815117],[-74.963407,-14.822547],[-74.962099,-14.822973],[-74.958568,-14.823971],[-74.958151,-14.824158],[-74.957772,-14.824412],[-74.956553,-14.825443],[-74.956167,-14.825686],[-74.955744,-14.825861],[-74.955301,-14.825979],[-74.954624,-14.826107],[-74.954416,-14.826185],[-74.946988,-14.827656],[-74.944734,-14.828085],[-74.944298,-14.828219],[-74.94395,-14.828508],[-74.943841,-14.82869],[-74.943664,-14.829807],[-74.943578,-14.830012],[-74.943354,-14.831351],[-74.942565,-14.835345],[-74.942456,-14.836243],[-74.942324,-14.838953],[-74.942262,-14.840987],[-74.94239,-14.841651],[-74.94255,-14.842074],[-74.942776,-14.842467],[-74.943208,-14.842994],[-74.943745,-14.843417],[-74.947616,-14.846249],[-74.950797,-14.848476],[-74.951499,-14.849059],[-74.951878,-14.849313],[-74.952089,-14.8494],[-74.952527,-14.849534],[-74.953202,-14.849667],[-74.953863,-14.849856],[-74.95633,-14.851062],[-74.957406,-14.851455],[-74.95932,-14.852222],[-74.966248,-14.855244],[-74.966835,-14.855596],[-74.96801,-14.856675],[-74.968377,-14.856946],[-74.968784,-14.857153],[-74.971958,-14.858469],[-74.972352,-14.858702],[-74.972729,-14.858959],[-74.975105,-14.860739],[-74.975981,-14.861468],[-74.978605,-14.864],[-74.979171,-14.864385],[-74.980564,-14.865175],[-74.980939,-14.865436],[-74.98729,-14.870644],[-74.989681,-14.872403],[-74.991173,-14.873458],[-74.991503,-14.873772],[-74.991636,-14.873956],[-74.99311,-14.876512],[-74.993209,-14.876716],[-74.994694,-14.881232],[-74.99521,-14.882731],[-74.995284,-14.883176],[-74.995282,-14.883401],[-74.995094,-14.884286],[-74.994574,-14.886255],[-74.993575,-14.889501],[-74.993492,-14.889711],[-74.993365,-14.889899],[-74.993054,-14.890231],[-74.990213,-14.892866],[-74.987849,-14.895011],[-74.987048,-14.895821],[-74.985006,-14.897965],[-74.983929,-14.89914],[-74.983804,-14.899328],[-74.983709,-14.899533],[-74.983658,-14.899753],[-74.983644,-14.899978],[-74.983663,-14.900203],[-74.984063,-14.902658],[-74.985183,-14.909122],[-74.985682,-14.912934],[-74.98578,-14.913833],[-74.985975,-14.914946],[-74.988309,-14.930148],[-74.98832,-14.930373],[-74.988307,-14.930824],[-74.98721,-14.937291],[-74.987129,-14.937965],[-74.987072,-14.940677],[-74.986979,-14.942483],[-74.986962,-14.943388],[-74.987017,-14.943836],[-74.987412,-14.946293],[-74.987434,-14.94697],[-74.987392,-14.947647],[-74.986882,-14.953503],[-74.986783,-14.954403],[-74.986204,-14.958432],[-74.986113,-14.958875],[-74.985725,-14.960411],[-74.985653,-14.960857],[-74.985696,-14.967639],[-74.985803,-14.968308],[-74.986881,-14.972236],[-74.987023,-14.972666],[-74.987118,-14.972871],[-74.987254,-14.973052],[-74.98845,-14.974109],[-74.988605,-14.974275],[-74.988831,-14.974666],[-74.988901,-14.974881],[-74.988954,-14.9751],[-74.988942,-14.975552],[-74.988432,-14.978217],[-74.988435,-14.978668],[-74.988541,-14.979107],[-74.988628,-14.979316],[-74.988737,-14.979514],[-74.989015,-14.979872],[-74.989179,-14.98003],[-74.989365,-14.980163],[-74.98976,-14.98039],[-74.991018,-14.980944],[-74.991219,-14.981051],[-74.991416,-14.981168],[-74.991596,-14.981309],[-74.991749,-14.981477],[-74.991889,-14.981656],[-74.9921,-14.982055],[-74.992161,-14.982273],[-74.992196,-14.982496],[-74.992278,-14.983396],[-74.99234,-14.983613],[-74.992461,-14.983804],[-74.992923,-14.984306],[-74.995618,-14.987086],[-74.99577,-14.987256],[-74.995895,-14.987444],[-74.996065,-14.987863],[-74.996548,-14.989373],[-74.997854,-14.993234],[-74.998481,-14.995173],[-75.001492,-15.004194],[-75.00173,-15.00483],[-75.007211,-15.018256],[-75.007295,-15.018466],[-75.007467,-15.019123],[-75.007539,-15.019797],[-75.007513,-15.021153],[-75.007327,-15.026576],[-75.00707,-15.036973],[-75.006994,-15.037648],[-75.005138,-15.051318],[-75.00507,-15.051993],[-75.00507,-15.052219],[-75.005134,-15.052893],[-75.005176,-15.053115],[-75.007651,-15.064386],[-75.008022,-15.066157],[-75.00868,-15.069024],[-75.008934,-15.070357],[-75.00895,-15.070583],[-75.008966,-15.071034],[-75.00887,-15.072614],[-75.007715,-15.088626],[-75.00768,-15.088849],[-75.007532,-15.089511],[-75.007377,-15.089937],[-75.00719,-15.090349],[-75.006401,-15.091728],[-74.996534,-15.10857],[-74.996093,-15.109363],[-74.99161,-15.11853],[-74.988531,-15.126568],[-74.984994,-15.131854],[-74.984642,-15.132437],[-74.984251,-15.133255],[-74.973971,-15.157204],[-74.962608,-15.183893],[-74.962406,-15.184774],[-74.960127,-15.197235],[-74.960022,-15.197674],[-74.959841,-15.198089],[-74.952116,-15.212481],[-74.951505,-15.213438],[-74.949356,-15.216647],[-74.948994,-15.217224],[-74.948785,-15.217626],[-74.946258,-15.222951],[-74.945992,-15.223319],[-74.941788,-15.228403],[-74.941375,-15.228945],[-74.941161,-15.229345],[-74.939226,-15.233445],[-74.939148,-15.233658],[-74.939111,-15.233881],[-74.9391,-15.234332],[-74.939464,-15.237477],[-74.939785,-15.239944],[-74.939773,-15.240621],[-74.939728,-15.240843],[-74.939586,-15.241273],[-74.939383,-15.241678],[-74.936976,-15.245792],[-74.935061,-15.24914],[-74.934748,-15.249744],[-74.933197,-15.254],[-74.93101,-15.259226],[-74.928012,-15.266568],[-74.927382,-15.268024],[-74.923845,-15.276615],[-74.922603,-15.279534],[-74.919962,-15.286042],[-74.915813,-15.296096],[-74.914831,-15.298388],[-74.913843,-15.30092],[-74.912431,-15.30426],[-74.91021,-15.309717],[-74.90948,-15.311376],[-74.907057,-15.31724],[-74.906603,-15.318278],[-74.906283,-15.319126],[-74.905842,-15.32017],[-74.904163,-15.324378],[-74.898523,-15.337984],[-74.897589,-15.340295],[-74.893089,-15.351185],[-74.89268,-15.352241],[-74.892409,-15.353105],[-74.892137,-15.354203],[-74.891359,-15.357739],[-74.891194,-15.358397],[-74.890308,-15.362372],[-74.889139,-15.367443],[-74.887566,-15.37451],[-74.887403,-15.375629],[-74.887361,-15.378568],[-74.887301,-15.380602],[-74.887326,-15.38241],[-74.88729,-15.383314],[-74.887298,-15.384444],[-74.88722,-15.392131],[-74.887179,-15.393939],[-74.88706,-15.404339],[-74.887074,-15.405695],[-74.887104,-15.406373],[-74.887301,-15.407943],[-74.887571,-15.409274],[-74.887915,-15.410352],[-74.888453,-15.412316],[-74.889061,-15.414261],[-74.889291,-15.415137],[-74.890033,-15.417514],[-74.890138,-15.417954],[-74.89019,-15.418402],[-74.890169,-15.418853],[-74.89012,-15.419072],[-74.889961,-15.419496],[-74.889644,-15.420099],[-74.886669,-15.425454],[-74.885041,-15.428443],[-74.884131,-15.430014],[-74.883706,-15.430546],[-74.883393,-15.430878],[-74.875283,-15.43718],[-74.873464,-15.43856],[-74.872758,-15.439139],[-74.872424,-15.439449],[-74.872127,-15.439792],[-74.871879,-15.440173],[-74.871676,-15.440578],[-74.871524,-15.441005],[-74.871424,-15.441446],[-74.871202,-15.442785],[-74.871143,-15.443002],[-74.869494,-15.446486],[-74.869104,-15.447548],[-74.868843,-15.448415],[-74.868743,-15.448856],[-74.868433,-15.449945],[-74.8684,-15.450168],[-74.868382,-15.450393],[-74.868405,-15.450844],[-74.868556,-15.452192],[-74.868525,-15.452643],[-74.868487,-15.452866],[-74.868416,-15.453079],[-74.867619,-15.454709],[-74.866879,-15.456113],[-74.865035,-15.460986],[-74.864615,-15.462038],[-74.863817,-15.464158],[-74.863759,-15.464376],[-74.863665,-15.464819],[-74.863639,-15.465043],[-74.863139,-15.471808],[-74.863007,-15.473158],[-74.862828,-15.475639],[-74.862676,-15.4763],[-74.862531,-15.476729],[-74.862437,-15.476934],[-74.862103,-15.477527],[-74.855029,-15.48837],[-74.852228,-15.492234],[-74.85158,-15.493167],[-74.849905,-15.49613],[-74.849034,-15.497723],[-74.848232,-15.499094],[-74.847868,-15.49967],[-74.847336,-15.500407],[-74.843023,-15.505695],[-74.842608,-15.506237],[-74.842219,-15.506797],[-74.841738,-15.507567],[-74.841288,-15.508355],[-74.839724,-15.511628],[-74.839414,-15.512234],[-74.838909,-15.51269],[-74.833767,-15.515201],[-74.821561,-15.520985],[-74.821134,-15.521151],[-74.82048,-15.521364],[-74.819357,-15.521598],[-74.818217,-15.521727],[-74.817528,-15.521729],[-74.815006,-15.5216],[-74.814318,-15.521604],[-74.813178,-15.521737],[-74.811838,-15.522049],[-74.803779,-15.52534],[-74.796334,-15.528318],[-74.791034,-15.530487],[-74.787117,-15.532377],[-74.770097,-15.540817],[-74.769316,-15.541292],[-74.768565,-15.541812],[-74.762638,-15.546088],[-74.758773,-15.548926],[-74.757653,-15.549716],[-74.757074,-15.550083],[-74.756467,-15.550404],[-74.755839,-15.550681],[-74.754978,-15.550995],[-74.753661,-15.551393],[-74.733547,-15.557745],[-74.733121,-15.557914],[-74.73272,-15.558132],[-74.732354,-15.558403],[-74.732191,-15.558562],[-74.726782,-15.564105],[-74.726635,-15.564278],[-74.726246,-15.564837],[-74.726013,-15.565227],[-74.725761,-15.565858],[-74.724953,-15.568452],[-74.724776,-15.568869],[-74.724568,-15.569272],[-74.724197,-15.569842],[-74.723157,-15.571048],[-74.719636,-15.574924],[-74.718276,-15.576456],[-74.713377,-15.581223],[-74.709158,-15.585383],[-74.696714,-15.597748],[-74.69654,-15.597895],[-74.696352,-15.598023],[-74.695926,-15.598191],[-74.686683,-15.599945],[-74.686463,-15.600007],[-74.686252,-15.600096],[-74.686055,-15.600212],[-74.685298,-15.600723],[-74.684904,-15.600953],[-74.684699,-15.601056],[-74.684268,-15.601213],[-74.67373,-15.604386],[-74.670889,-15.605289],[-74.664292,-15.607239],[-74.663637,-15.607448],[-74.662836,-15.60789],[-74.662062,-15.608377],[-74.660854,-15.609028],[-74.655324,-15.612257],[-74.651754,-15.614307],[-74.650586,-15.615025],[-74.650247,-15.615328],[-74.649953,-15.615674],[-74.645551,-15.621747],[-74.645414,-15.621929],[-74.645097,-15.622254],[-74.644917,-15.622394],[-74.644526,-15.622631],[-74.642438,-15.62357],[-74.641839,-15.623904],[-74.641532,-15.624238],[-74.63999,-15.626207],[-74.639646,-15.626506],[-74.638312,-15.627388],[-74.638114,-15.627502],[-74.637471,-15.627746],[-74.635931,-15.628196],[-74.634626,-15.628631],[-74.634218,-15.628837],[-74.633842,-15.629095],[-74.633521,-15.629416],[-74.628767,-15.635513],[-74.626356,-15.637935],[-74.625837,-15.63838],[-74.625441,-15.638608],[-74.624802,-15.638859],[-74.603167,-15.646428],[-74.599941,-15.647615],[-74.599335,-15.647936],[-74.597786,-15.648908],[-74.595868,-15.650151],[-74.595066,-15.65059],[-74.594641,-15.650763],[-74.593982,-15.650957],[-74.589767,-15.652066],[-74.588886,-15.65232],[-74.588017,-15.652612],[-74.572314,-15.658382],[-74.544755,-15.668432],[-74.540646,-15.669875],[-74.534616,-15.67207],[-74.534397,-15.672137],[-74.534172,-15.672168],[-74.533947,-15.672132],[-74.533742,-15.672036],[-74.533558,-15.671901],[-74.532547,-15.67098],[-74.532393,-15.670812],[-74.531991,-15.670262],[-74.531532,-15.669757],[-74.531203,-15.669441],[-74.531025,-15.6693],[-74.53082,-15.669201],[-74.530595,-15.669159],[-74.530366,-15.669149],[-74.525774,-15.66913],[-74.525319,-15.669182],[-74.525103,-15.669251],[-74.524902,-15.669361],[-74.524551,-15.66965],[-74.521631,-15.672529],[-74.521493,-15.67271],[-74.521392,-15.672911],[-74.521355,-15.673586],[-74.52146,-15.674712],[-74.521556,-15.675384],[-74.521773,-15.676027],[-74.522206,-15.677074],[-74.522316,-15.677512],[-74.522375,-15.67796],[-74.52238,-15.678186],[-74.522331,-15.679088],[-74.52221,-15.679756],[-74.519497,-15.690041],[-74.519051,-15.691796],[-74.518919,-15.692229],[-74.518736,-15.692643],[-74.51845,-15.692994],[-74.51828,-15.693146],[-74.517904,-15.693405],[-74.516881,-15.693916],[-74.511043,-15.696567],[-74.507611,-15.697856],[-74.507,-15.69817],[-74.505748,-15.699161],[-74.505575,-15.699309],[-74.505425,-15.69948],[-74.505169,-15.699855],[-74.503666,-15.702652],[-74.501696,-15.70623],[-74.501443,-15.706607],[-74.501298,-15.706779],[-74.50093,-15.707049],[-74.500515,-15.707238],[-74.499857,-15.707439],[-74.494997,-15.708795],[-74.493261,-15.709384],[-74.488939,-15.710913],[-74.483333,-15.712932],[-74.478867,-15.714721],[-74.477601,-15.715255],[-74.471983,-15.717836],[-74.471167,-15.718251],[-74.468861,-15.719735],[-74.463736,-15.723169],[-74.46313,-15.723492],[-74.461854,-15.724002],[-74.46144,-15.724198],[-74.46125,-15.72432],[-74.461163,-15.724524],[-74.461193,-15.724746],[-74.461339,-15.725409],[-74.46136,-15.725633],[-74.461268,-15.725832],[-74.461085,-15.725962],[-74.458217,-15.72739],[-74.458037,-15.727532],[-74.457881,-15.727694],[-74.457755,-15.727882],[-74.457576,-15.728298],[-74.455904,-15.732752],[-74.455765,-15.733183],[-74.455186,-15.736526],[-74.455065,-15.736961],[-74.45482,-15.737595],[-74.454708,-15.738491],[-74.454665,-15.739168],[-74.454623,-15.740524],[-74.45464,-15.740976],[-74.454899,-15.742077],[-74.455009,-15.742974],[-74.455012,-15.743425],[-74.455036,-15.74365],[-74.455145,-15.744318],[-74.455124,-15.744542],[-74.455063,-15.744759],[-74.454968,-15.744964],[-74.454737,-15.745355],[-74.454565,-15.745489],[-74.454341,-15.745501],[-74.454129,-15.745419],[-74.45396,-15.745268],[-74.45391,-15.745054],[-74.453954,-15.744606],[-74.453931,-15.744381],[-74.453879,-15.744162],[-74.453787,-15.743957],[-74.453651,-15.743777],[-74.453432,-15.743748],[-74.453319,-15.743933],[-74.453333,-15.744156],[-74.453393,-15.744374],[-74.453418,-15.744598],[-74.453385,-15.744821],[-74.452662,-15.746233],[-74.452482,-15.746355],[-74.452269,-15.746299],[-74.452204,-15.746088],[-74.45219,-15.745862],[-74.452127,-15.745648],[-74.451956,-15.745503],[-74.451734,-15.745522],[-74.451581,-15.745679],[-74.451368,-15.746323],[-74.45128,-15.746532],[-74.451151,-15.746714],[-74.450973,-15.746855],[-74.450384,-15.747205],[-74.450174,-15.747288],[-74.449982,-15.747185],[-74.449776,-15.746781],[-74.449611,-15.746625],[-74.449396,-15.746561],[-74.449166,-15.746566],[-74.448482,-15.746635],[-74.447819,-15.746816],[-74.447364,-15.746769],[-74.446906,-15.746783],[-74.444411,-15.747168],[-74.444189,-15.747225],[-74.443983,-15.747321],[-74.443798,-15.74745],[-74.443514,-15.747805],[-74.442441,-15.749273],[-74.442109,-15.749866],[-74.438201,-15.759528],[-74.437487,-15.761194],[-74.437146,-15.761783],[-74.43542,-15.764182],[-74.434778,-15.765118],[-74.434671,-15.765318],[-74.434592,-15.76553],[-74.434335,-15.766397],[-74.434198,-15.766577],[-74.433699,-15.767044],[-74.433089,-15.767719],[-74.432767,-15.768042],[-74.432581,-15.768174],[-74.431475,-15.768469],[-74.431276,-15.768583],[-74.431099,-15.768725],[-74.427471,-15.773105],[-74.418988,-15.783213],[-74.417795,-15.784587],[-74.417587,-15.784674],[-74.41736,-15.784682],[-74.417141,-15.784613],[-74.416944,-15.784499],[-74.416781,-15.784341],[-74.416641,-15.784163],[-74.416187,-15.783377],[-74.416038,-15.783208],[-74.415856,-15.78307],[-74.415639,-15.783037],[-74.41552,-15.783222],[-74.415505,-15.783446],[-74.41555,-15.783896],[-74.415525,-15.784347],[-74.415231,-15.785438],[-74.415144,-15.785882],[-74.415109,-15.786105],[-74.415082,-15.786783],[-74.415013,-15.786997],[-74.414913,-15.787201],[-74.412704,-15.790091],[-74.412183,-15.790835],[-74.410771,-15.792618],[-74.401727,-15.804591],[-74.401281,-15.805107],[-74.400949,-15.805419],[-74.399726,-15.806446],[-74.399542,-15.806582],[-74.39933,-15.806665],[-74.399108,-15.806716],[-74.39682,-15.8069],[-74.396593,-15.806934],[-74.396373,-15.806995],[-74.396163,-15.807083],[-74.395587,-15.807454],[-74.390796,-15.810961],[-74.390411,-15.811207],[-74.390001,-15.811408],[-74.38957,-15.811563],[-74.388017,-15.811969],[-74.386883,-15.81214],[-74.386686,-15.812034],[-74.386449,-15.811648],[-74.386254,-15.81155],[-74.38607,-15.811667],[-74.385798,-15.812528],[-74.385571,-15.81292],[-74.385428,-15.813096],[-74.38357,-15.814779],[-74.383384,-15.81491],[-74.383181,-15.815014],[-74.381857,-15.815385],[-74.381656,-15.815492],[-74.381483,-15.815639],[-74.380618,-15.817233],[-74.380463,-15.817395],[-74.38025,-15.817477],[-74.380025,-15.817505],[-74.379821,-15.81741],[-74.378951,-15.816673],[-74.378587,-15.816398],[-74.37801,-15.816029],[-74.377394,-15.815726],[-74.373991,-15.814363],[-74.373811,-15.81423],[-74.373699,-15.814033],[-74.373465,-15.813396],[-74.373272,-15.812986],[-74.373125,-15.812815],[-74.372951,-15.812668],[-74.372538,-15.812472],[-74.371686,-15.812135],[-74.371072,-15.811829],[-74.370689,-15.81158],[-74.37016,-15.811146],[-74.369877,-15.810791],[-74.369458,-15.809987],[-74.369401,-15.809768],[-74.369453,-15.80955],[-74.369646,-15.80914],[-74.369636,-15.808921],[-74.369495,-15.808748],[-74.36872,-15.808264],[-74.368358,-15.807988],[-74.367875,-15.807222],[-74.367181,-15.806322],[-74.367029,-15.806152],[-74.366683,-15.805856],[-74.36628,-15.805645],[-74.366113,-15.805494],[-74.365986,-15.805307],[-74.365844,-15.804877],[-74.365753,-15.80467],[-74.365636,-15.804476],[-74.365477,-15.804314],[-74.365286,-15.80419],[-74.365072,-15.804111],[-74.364849,-15.804134],[-74.36467,-15.804274],[-74.364584,-15.80448],[-74.36466,-15.804683],[-74.364979,-15.805003],[-74.365028,-15.805219],[-74.364912,-15.805885],[-74.364919,-15.806111],[-74.364964,-15.806332],[-74.365051,-15.806541],[-74.365178,-15.806729],[-74.365484,-15.807066],[-74.365619,-15.807248],[-74.36561,-15.80746],[-74.365449,-15.807619],[-74.365092,-15.807903],[-74.364335,-15.808415],[-74.36231,-15.80948],[-74.362096,-15.809562],[-74.36187,-15.809573],[-74.361653,-15.809514],[-74.361476,-15.809373],[-74.361095,-15.808808],[-74.360985,-15.80861],[-74.360884,-15.80817],[-74.360784,-15.807971],[-74.360582,-15.807878],[-74.360363,-15.807925],[-74.360199,-15.808077],[-74.360088,-15.808274],[-74.359964,-15.808708],[-74.359763,-15.80959],[-74.35968,-15.8098],[-74.359542,-15.809977],[-74.359363,-15.810119],[-74.357104,-15.811672],[-74.35691,-15.811791],[-74.356691,-15.811846],[-74.35648,-15.811773],[-74.356135,-15.811474],[-74.355374,-15.810345],[-74.355147,-15.809705],[-74.35502,-15.80952],[-74.354804,-15.809486],[-74.354641,-15.809638],[-74.354544,-15.809842],[-74.35448,-15.810059],[-74.354455,-15.810284],[-74.354459,-15.810736],[-74.354695,-15.811369],[-74.354736,-15.811589],[-74.354671,-15.812035],[-74.354699,-15.812259],[-74.354797,-15.812701],[-74.354822,-15.812924],[-74.354828,-15.813376],[-74.354807,-15.8136],[-74.354731,-15.813812],[-74.354577,-15.813976],[-74.353201,-15.814792],[-74.352127,-15.815641],[-74.351619,-15.816099],[-74.343846,-15.822453],[-74.343657,-15.822581],[-74.343446,-15.82267],[-74.343223,-15.822709],[-74.342994,-15.82272],[-74.34162,-15.822621],[-74.341167,-15.822552],[-74.340944,-15.822496],[-74.340731,-15.822413],[-74.340531,-15.822305],[-74.336353,-15.819125],[-74.336156,-15.81901],[-74.335941,-15.818932],[-74.335716,-15.818892],[-74.335261,-15.818945],[-74.333921,-15.81926],[-74.332186,-15.819851],[-74.331981,-15.819952],[-74.331803,-15.820095],[-74.331355,-15.820609],[-74.331014,-15.820909],[-74.330598,-15.821097],[-74.329955,-15.821342],[-74.329735,-15.821385],[-74.32951,-15.821345],[-74.329302,-15.821257],[-74.329119,-15.821122],[-74.328118,-15.82019],[-74.327941,-15.820047],[-74.32773,-15.819971],[-74.327504,-15.819986],[-74.327069,-15.82011],[-74.326847,-15.820061],[-74.326663,-15.81993],[-74.326505,-15.819766],[-74.326279,-15.819374],[-74.325607,-15.817937],[-74.325398,-15.817534],[-74.32511,-15.817182],[-74.324236,-15.81645],[-74.323664,-15.816073],[-74.319474,-15.813725],[-74.319057,-15.813538],[-74.318831,-15.813511],[-74.318605,-15.813549],[-74.318178,-15.813713],[-74.316819,-15.814557],[-74.316597,-15.814594],[-74.316439,-15.814456],[-74.316483,-15.814241],[-74.317139,-15.813615],[-74.317192,-15.8134],[-74.317055,-15.813245],[-74.316843,-15.81329],[-74.316689,-15.813457],[-74.316512,-15.813601],[-74.316314,-15.813711],[-74.315886,-15.813875],[-74.315683,-15.813978],[-74.315519,-15.814133],[-74.315368,-15.814304],[-74.315244,-15.814492],[-74.315153,-15.814699],[-74.314957,-15.815349],[-74.314867,-15.815556],[-74.314723,-15.815729],[-74.314521,-15.815834],[-74.314302,-15.815898],[-74.314075,-15.815887],[-74.313257,-15.815479],[-74.313068,-15.815352],[-74.312909,-15.815191],[-74.312522,-15.814632],[-74.312339,-15.814502],[-74.312119,-15.814467],[-74.311897,-15.814517],[-74.310136,-15.81503],[-74.306859,-15.816074],[-74.306238,-15.816367],[-74.305855,-15.816614],[-74.305499,-15.8169],[-74.302889,-15.819445],[-74.300466,-15.821855],[-74.300311,-15.822022],[-74.298621,-15.824164],[-74.298513,-15.824358],[-74.298465,-15.824579],[-74.298412,-15.825028],[-74.298437,-15.825479],[-74.298518,-15.826152],[-74.298557,-15.826375],[-74.298642,-15.826585],[-74.298699,-15.826803],[-74.298708,-15.827026],[-74.298671,-15.827248],[-74.298585,-15.827457],[-74.298283,-15.827797],[-74.29812,-15.827947],[-74.298036,-15.830885],[-74.297862,-15.832458],[-74.297962,-15.833128],[-74.29797,-15.833354],[-74.297875,-15.833555],[-74.297698,-15.833693],[-74.297482,-15.833766],[-74.296129,-15.834017],[-74.295903,-15.834002],[-74.295729,-15.833862],[-74.295668,-15.833649],[-74.295662,-15.833423],[-74.295595,-15.833215],[-74.295395,-15.833115],[-74.295171,-15.833066],[-74.294976,-15.832954],[-74.294881,-15.832751],[-74.294855,-15.832305],[-74.294678,-15.832178],[-74.294476,-15.832257],[-74.294413,-15.832471],[-74.294426,-15.832922],[-74.294404,-15.833374],[-74.294062,-15.835609],[-74.294011,-15.835828],[-74.293884,-15.836012],[-74.293692,-15.836134],[-74.293467,-15.83615],[-74.293244,-15.836102],[-74.292599,-15.835866],[-74.292149,-15.835801],[-74.29199,-15.835661],[-74.292007,-15.835439],[-74.292129,-15.83525],[-74.292312,-15.835114],[-74.292711,-15.834891],[-74.292898,-15.834762],[-74.292997,-15.834565],[-74.292907,-15.83438],[-74.292693,-15.834337],[-74.292494,-15.834445],[-74.292179,-15.834771],[-74.291795,-15.835015],[-74.290948,-15.835363],[-74.290512,-15.835502],[-74.290286,-15.83554],[-74.287761,-15.835546],[-74.286851,-15.835651],[-74.286398,-15.835581],[-74.285953,-15.835476],[-74.285725,-15.835467],[-74.285266,-15.835489],[-74.284813,-15.835556],[-74.283901,-15.83547],[-74.283213,-15.835507],[-74.28187,-15.835806],[-74.280738,-15.835995],[-74.278079,-15.836703],[-74.276768,-15.837119],[-74.275038,-15.837726],[-74.274627,-15.837928],[-74.273853,-15.838414],[-74.273649,-15.838514],[-74.272348,-15.838959],[-74.271949,-15.83918],[-74.264874,-15.844207],[-74.263204,-15.845759],[-74.262852,-15.846049],[-74.262662,-15.846176],[-74.260016,-15.847535],[-74.258561,-15.848206],[-74.257499,-15.848636],[-74.25664,-15.848955],[-74.256019,-15.849248],[-74.255621,-15.849473],[-74.253507,-15.850834],[-74.252767,-15.851369],[-74.250158,-15.853582],[-74.24971,-15.854096],[-74.249047,-15.855285],[-74.247163,-15.859655],[-74.247092,-15.8601],[-74.247098,-15.860326],[-74.247433,-15.861872],[-74.247448,-15.862095],[-74.247409,-15.862317],[-74.247227,-15.86297],[-74.247212,-15.86342],[-74.247435,-15.864987],[-74.247833,-15.866984],[-74.24783,-15.867209],[-74.247774,-15.867426],[-74.247652,-15.867614],[-74.24746,-15.867733],[-74.247238,-15.867784],[-74.246783,-15.867734],[-74.242498,-15.866931],[-74.242041,-15.86689],[-74.241812,-15.86689],[-74.241126,-15.866951],[-74.240675,-15.867034],[-74.240016,-15.86723],[-74.238745,-15.867754],[-74.233418,-15.869859],[-74.233197,-15.869914],[-74.232969,-15.86994],[-74.23274,-15.869937],[-74.232513,-15.869906],[-74.229596,-15.869283],[-74.22938,-15.869209],[-74.229246,-15.869032],[-74.229184,-15.868816],[-74.22911,-15.86837],[-74.229028,-15.86816],[-74.228886,-15.867983],[-74.228721,-15.867826],[-74.227622,-15.867009],[-74.227225,-15.866782],[-74.226407,-15.866371],[-74.226219,-15.866242],[-74.225886,-15.865933],[-74.225608,-15.865574],[-74.224956,-15.864643],[-74.224778,-15.864503],[-74.21994,-15.863077],[-74.219487,-15.863005],[-74.218801,-15.862952],[-74.213291,-15.86294],[-74.201122,-15.86298],[-74.198367,-15.862972],[-74.197686,-15.863072],[-74.19679,-15.863267],[-74.189677,-15.865078],[-74.189047,-15.865351],[-74.188452,-15.865693],[-74.177084,-15.873746],[-74.175916,-15.874466],[-74.173504,-15.875778],[-74.173123,-15.876028],[-74.172955,-15.876181],[-74.171148,-15.87823],[-74.170863,-15.878584],[-74.170611,-15.87896],[-74.17002,-15.880186],[-74.169937,-15.880396],[-74.169896,-15.880617],[-74.169915,-15.880839],[-74.170108,-15.881248],[-74.17018,-15.881462],[-74.170199,-15.881687],[-74.170129,-15.882362],[-74.170082,-15.882582],[-74.169982,-15.882783],[-74.169846,-15.882965],[-74.169241,-15.883644],[-74.169053,-15.88377],[-74.168832,-15.883815],[-74.168605,-15.883794],[-74.168391,-15.883718],[-74.168235,-15.883561],[-74.16816,-15.88335],[-74.16816,-15.883124],[-74.168121,-15.882903],[-74.167979,-15.882728],[-74.167585,-15.882496],[-74.16721,-15.882235],[-74.167,-15.882168],[-74.166863,-15.882331],[-74.16718,-15.883649],[-74.167228,-15.884325],[-74.167194,-15.884775],[-74.167114,-15.88498],[-74.166916,-15.88507],[-74.166687,-15.885052],[-74.166467,-15.885077],[-74.166331,-15.88524],[-74.166413,-15.885437],[-74.166919,-15.885895],[-74.167075,-15.886061],[-74.167372,-15.886406],[-74.1675,-15.886593],[-74.167594,-15.886799],[-74.167656,-15.887016],[-74.167657,-15.887241],[-74.167572,-15.887448],[-74.167394,-15.887575],[-74.167173,-15.887535],[-74.166592,-15.88717],[-74.166375,-15.88713],[-74.16625,-15.887286],[-74.166314,-15.887498],[-74.166506,-15.887909],[-74.166605,-15.888349],[-74.166618,-15.888574],[-74.166581,-15.889704],[-74.166543,-15.889926],[-74.166434,-15.890111],[-74.166218,-15.89018],[-74.165992,-15.890213],[-74.165074,-15.890238],[-74.164616,-15.890221],[-74.164161,-15.890159],[-74.162821,-15.889846],[-74.162597,-15.889861],[-74.16241,-15.889978],[-74.162343,-15.890188],[-74.162378,-15.89041],[-74.162894,-15.891909],[-74.162983,-15.892115],[-74.163269,-15.892468],[-74.164889,-15.894069],[-74.165514,-15.894733],[-74.165868,-15.895313],[-74.166591,-15.896726],[-74.166729,-15.897391],[-74.166752,-15.897613],[-74.166681,-15.897824],[-74.166503,-15.89796],[-74.165908,-15.898302],[-74.164976,-15.89896],[-74.162153,-15.900474],[-74.15743,-15.9028],[-74.154785,-15.904162],[-74.153004,-15.905192],[-74.151101,-15.905984],[-74.146187,-15.90844],[-74.13958,-15.911604],[-74.134654,-15.914034],[-74.131804,-15.915499],[-74.120905,-15.920827],[-74.117421,-15.92256],[-74.108181,-15.926582],[-74.101492,-15.929574],[-74.093527,-15.93308],[-74.088116,-15.935562],[-74.085668,-15.936808],[-74.083998,-15.937561],[-74.080498,-15.939262],[-74.078216,-15.940326],[-74.075423,-15.941362],[-74.074162,-15.941908],[-74.072751,-15.942664],[-74.071919,-15.943047],[-74.071477,-15.94317],[-74.070802,-15.943304],[-74.070138,-15.943482],[-74.069485,-15.943698],[-74.067978,-15.944247],[-74.066218,-15.944766],[-74.065798,-15.944948],[-74.065222,-15.945318],[-74.063358,-15.946639],[-74.06258,-15.947119],[-74.055389,-15.951132],[-74.054427,-15.951749],[-74.047962,-15.956057],[-74.047057,-15.956751],[-74.040145,-15.963044],[-74.039859,-15.963396],[-74.039757,-15.963596],[-74.039714,-15.963818],[-74.039682,-15.964041],[-74.039692,-15.964267],[-74.039808,-15.964704],[-74.040251,-15.965496],[-74.040302,-15.965715],[-74.0403,-15.96594],[-74.040239,-15.966155],[-74.040132,-15.966354],[-74.039974,-15.966517],[-74.039566,-15.966721],[-74.038936,-15.966997],[-74.038753,-15.96713],[-74.038411,-15.967431],[-74.036067,-15.969916],[-74.034951,-15.971352],[-74.034102,-15.972696],[-74.033987,-15.972891],[-74.033717,-15.973515],[-74.03332,-15.97528],[-74.033177,-15.975709],[-74.033076,-15.975911],[-74.032104,-15.977446],[-74.031576,-15.978186],[-74.031345,-15.978576],[-74.03103,-15.979662],[-74.030943,-15.97987],[-74.030723,-15.980268],[-74.029229,-15.982546],[-74.028715,-15.983296],[-74.027621,-15.985283],[-74.027128,-15.986046],[-74.023706,-15.992448],[-74.023085,-15.993659],[-74.022118,-15.995457],[-74.022026,-15.995664],[-74.021939,-15.995873],[-74.021819,-15.996309],[-74.021748,-15.996756],[-74.02174,-15.997206],[-74.021818,-15.997652],[-74.021868,-15.997872],[-74.022519,-16.00004],[-74.024296,-16.005652],[-74.024412,-16.00609],[-74.024464,-16.006765],[-74.024241,-16.009696],[-74.024157,-16.010369],[-74.024112,-16.01059],[-74.023979,-16.011022],[-74.023901,-16.011234],[-74.023569,-16.011829],[-74.022585,-16.013356],[-74.02225,-16.013948],[-74.021381,-16.016282],[-74.021008,-16.017107],[-74.020723,-16.017462],[-74.020571,-16.01763],[-74.020218,-16.017919],[-74.019658,-16.018314],[-74.013793,-16.02187],[-74.012484,-16.022787],[-74.008695,-16.026408],[-74.007818,-16.027137],[-74.006509,-16.028054],[-73.996917,-16.035055],[-73.995965,-16.035686],[-73.994974,-16.036256],[-73.994137,-16.036627],[-73.993492,-16.036866],[-73.990011,-16.03802],[-73.989168,-16.038378],[-73.988164,-16.038925],[-73.980671,-16.043327],[-73.9801,-16.043706],[-73.979381,-16.044268],[-73.978893,-16.044747],[-73.978295,-16.045433],[-73.974963,-16.050034],[-73.974675,-16.050386],[-73.974178,-16.050855],[-73.973618,-16.051248],[-73.970615,-16.052908],[-73.970027,-16.053261],[-73.968081,-16.054845],[-73.964713,-16.057203],[-73.958636,-16.060395],[-73.958266,-16.060662],[-73.957776,-16.061137],[-73.957409,-16.061711],[-73.956248,-16.06392],[-73.955892,-16.0645],[-73.95531,-16.065198],[-73.953612,-16.067039],[-73.95332,-16.067388],[-73.952797,-16.068131],[-73.95108,-16.070807],[-73.950397,-16.071715],[-73.948023,-16.074476],[-73.947057,-16.075443],[-73.946363,-16.076035],[-73.945815,-16.076446],[-73.944865,-16.077081],[-73.943657,-16.077732],[-73.938547,-16.080306],[-73.937087,-16.080968],[-73.931362,-16.083307],[-73.930351,-16.083843],[-73.929799,-16.084248],[-73.929629,-16.0844],[-73.926436,-16.087326],[-73.925525,-16.088014],[-73.913749,-16.09589],[-73.912957,-16.096347],[-73.912547,-16.096551],[-73.905102,-16.099527],[-73.904687,-16.099721],[-73.904303,-16.099968],[-73.903946,-16.100253],[-73.902088,-16.101938],[-73.901908,-16.102078],[-73.901334,-16.10245],[-73.900518,-16.102866],[-73.899881,-16.103121],[-73.893376,-16.105352],[-73.892949,-16.105519],[-73.892129,-16.105925],[-73.891545,-16.106283],[-73.886659,-16.109661],[-73.884606,-16.11111],[-73.88393,-16.11172],[-73.883297,-16.112375],[-73.864224,-16.136147],[-73.863743,-16.136631],[-73.863037,-16.13721],[-73.862644,-16.137441],[-73.861181,-16.138097],[-73.850368,-16.14252],[-73.849554,-16.14294],[-73.848364,-16.143622],[-73.832461,-16.153546],[-73.830663,-16.154547],[-73.828978,-16.155267],[-73.815104,-16.160682],[-73.81316,-16.16137],[-73.809657,-16.162461],[-73.808151,-16.163014],[-73.796654,-16.167583],[-73.793607,-16.16859],[-73.789893,-16.169774],[-73.788792,-16.170093],[-73.776255,-16.172901],[-73.775356,-16.173082],[-73.774221,-16.173252],[-73.762831,-16.174666],[-73.761936,-16.174867],[-73.76129,-16.1751],[-73.760875,-16.175294],[-73.760283,-16.175639],[-73.739703,-16.189661],[-73.739119,-16.190021],[-73.738114,-16.190567],[-73.737276,-16.190936],[-73.736421,-16.191266],[-73.735985,-16.191409],[-73.731356,-16.192737],[-73.729364,-16.193277],[-73.728712,-16.193496],[-73.728105,-16.193815],[-73.727745,-16.194094],[-73.727428,-16.19442],[-73.726355,-16.195888],[-73.722539,-16.201261],[-73.722078,-16.202043],[-73.721767,-16.202648],[-73.720611,-16.205358],[-73.72031,-16.205967],[-73.720037,-16.206331],[-73.719541,-16.2068],[-73.718247,-16.207739],[-73.71748,-16.208235],[-73.71707,-16.20844],[-73.715552,-16.208959],[-73.709224,-16.210996],[-73.708362,-16.211309],[-73.707735,-16.211588],[-73.707334,-16.21181],[-73.706759,-16.212182],[-73.706216,-16.212599],[-73.703912,-16.214467],[-73.702519,-16.215647],[-73.699699,-16.217965],[-73.699201,-16.218433],[-73.698931,-16.218797],[-73.698725,-16.219201],[-73.697109,-16.222946],[-73.696954,-16.223372],[-73.696841,-16.22381],[-73.696767,-16.224256],[-73.696605,-16.226511],[-73.696537,-16.226958],[-73.696427,-16.227396],[-73.69623,-16.227804],[-73.695961,-16.228168],[-73.695807,-16.228336],[-73.695464,-16.228635],[-73.695078,-16.228878],[-73.694867,-16.228967],[-73.694429,-16.229102],[-73.693749,-16.229197],[-73.691466,-16.228963],[-73.691015,-16.228877],[-73.690575,-16.228748],[-73.690155,-16.228565],[-73.689961,-16.228446],[-73.686371,-16.226005],[-73.68557,-16.225564],[-73.685157,-16.225368],[-73.684517,-16.225117],[-73.683861,-16.224911],[-73.679647,-16.223798],[-73.678992,-16.223593],[-73.678615,-16.223337],[-73.678454,-16.223178],[-73.678309,-16.223002],[-73.678209,-16.2228],[-73.678133,-16.222588],[-73.677768,-16.220815],[-73.677598,-16.220395],[-73.677363,-16.220007],[-73.677049,-16.219679],[-73.676683,-16.219407],[-73.676477,-16.219308],[-73.676267,-16.219217],[-73.675817,-16.219128],[-73.67536,-16.219105],[-73.674683,-16.219228],[-73.672671,-16.219692],[-73.662649,-16.222166],[-73.661528,-16.22241],[-73.657742,-16.223342],[-73.65661,-16.22353],[-73.651347,-16.223956],[-73.648136,-16.224097],[-73.647682,-16.22404],[-73.647249,-16.22389],[-73.646468,-16.223415],[-73.646063,-16.223202],[-73.645848,-16.223123],[-73.645626,-16.223069],[-73.645398,-16.223046],[-73.645169,-16.223045],[-73.644942,-16.223078],[-73.644511,-16.223232],[-73.644112,-16.223453],[-73.643799,-16.223783],[-73.642506,-16.22537],[-73.642168,-16.225676],[-73.641982,-16.225808],[-73.641579,-16.226022],[-73.641145,-16.226168],[-73.635581,-16.227555],[-73.634454,-16.227768],[-73.633312,-16.22788],[-73.631477,-16.227956],[-73.615642,-16.228436],[-73.606464,-16.228745],[-73.605326,-16.228895],[-73.604229,-16.229225],[-73.604015,-16.229307],[-73.592561,-16.23398],[-73.59107,-16.23457],[-73.588103,-16.235789],[-73.587247,-16.236116],[-73.586408,-16.236482],[-73.569225,-16.243488],[-73.568787,-16.243623],[-73.568338,-16.243716],[-73.567881,-16.243749],[-73.567198,-16.243663],[-73.561178,-16.242209],[-73.560726,-16.24213],[-73.560267,-16.242125],[-73.559811,-16.242166],[-73.559145,-16.242336],[-73.558327,-16.242747],[-73.545626,-16.249561],[-73.544995,-16.249832],[-73.534043,-16.253912],[-73.533196,-16.254262],[-73.532785,-16.254463],[-73.531442,-16.255332],[-73.529077,-16.257124],[-73.528379,-16.257711],[-73.528143,-16.258097],[-73.528051,-16.258303],[-73.527532,-16.259801],[-73.527348,-16.260214],[-73.527201,-16.260386],[-73.527027,-16.260533],[-73.526826,-16.26064],[-73.526607,-16.260705],[-73.52638,-16.260727],[-73.525463,-16.260683],[-73.525234,-16.260687],[-73.525007,-16.260722],[-73.524571,-16.260859],[-73.522856,-16.261508],[-73.522408,-16.261605],[-73.519196,-16.261706],[-73.518512,-16.261777],[-73.516542,-16.262389],[-73.516338,-16.262492],[-73.515958,-16.262744],[-73.51509,-16.263484],[-73.514902,-16.26361],[-73.51158,-16.265153],[-73.510791,-16.265616],[-73.509869,-16.266289],[-73.509481,-16.266529],[-73.509061,-16.26671],[-73.506217,-16.2676],[-73.505795,-16.267781],[-73.505595,-16.267889],[-73.503812,-16.268918],[-73.503495,-16.269245],[-73.503199,-16.269591],[-73.502857,-16.26989],[-73.501484,-16.270712],[-73.501062,-16.270888],[-73.499976,-16.271254],[-73.497022,-16.271669],[-73.493988,-16.272712],[-73.49379,-16.272825],[-73.493625,-16.27298],[-73.493501,-16.27317],[-73.493203,-16.273781],[-73.493052,-16.273946],[-73.492451,-16.274273],[-73.492267,-16.274409],[-73.491406,-16.275157],[-73.491116,-16.275507],[-73.490992,-16.275697],[-73.490873,-16.27589],[-73.490675,-16.276298],[-73.490551,-16.276486],[-73.490365,-16.276617],[-73.490145,-16.276679],[-73.489243,-16.27685],[-73.489032,-16.276934],[-73.488849,-16.277067],[-73.48814,-16.277956],[-73.487959,-16.278089],[-73.487112,-16.278439],[-73.486896,-16.278511],[-73.486669,-16.278534],[-73.486219,-16.278448],[-73.485557,-16.278258],[-73.48533,-16.278225],[-73.485106,-16.278241],[-73.4849,-16.27834],[-73.484524,-16.278599],[-73.484179,-16.278896],[-73.484036,-16.279072],[-73.483559,-16.279845],[-73.483398,-16.280267],[-73.483289,-16.280706],[-73.483214,-16.280918],[-73.48308,-16.281096],[-73.482865,-16.281166],[-73.481728,-16.28132],[-73.4815,-16.281308],[-73.481279,-16.281254],[-73.481079,-16.281144],[-73.48033,-16.280621],[-73.479672,-16.27999],[-73.479488,-16.279855],[-73.478546,-16.27921],[-73.477755,-16.27875],[-73.477549,-16.278651],[-73.476063,-16.278049],[-73.475196,-16.277751],[-73.471372,-16.276985],[-73.470914,-16.276952],[-73.470687,-16.276983],[-73.470466,-16.277043],[-73.468379,-16.277983],[-73.468169,-16.278074],[-73.467949,-16.278136],[-73.464301,-16.278563],[-73.464072,-16.278562],[-73.463412,-16.278378],[-73.462724,-16.278343],[-73.461583,-16.278219],[-73.460007,-16.277913],[-73.459778,-16.27791],[-73.459554,-16.277957],[-73.459351,-16.278059],[-73.458482,-16.278798],[-73.458091,-16.279033],[-73.457877,-16.279113],[-73.45699,-16.279348],[-73.456316,-16.279489],[-73.456105,-16.279578],[-73.455721,-16.279825],[-73.455518,-16.279929],[-73.455297,-16.279984],[-73.455069,-16.280004],[-73.453694,-16.280074],[-73.453261,-16.280221],[-73.452852,-16.280425],[-73.452634,-16.280493],[-73.452405,-16.280507],[-73.451721,-16.28044],[-73.451494,-16.280471],[-73.45128,-16.28055],[-73.450896,-16.280797],[-73.450684,-16.280881],[-73.450021,-16.281066],[-73.449395,-16.281348],[-73.447988,-16.282113],[-73.447197,-16.282572],[-73.446431,-16.28307],[-73.446226,-16.283172],[-73.446008,-16.283238],[-73.445554,-16.283305],[-73.445338,-16.283378],[-73.445157,-16.283516],[-73.444837,-16.283839],[-73.444642,-16.283954],[-73.444,-16.2842],[-73.44361,-16.284435],[-73.443386,-16.28447],[-73.442936,-16.284386],[-73.442707,-16.284375],[-73.442487,-16.28443],[-73.442071,-16.284621],[-73.441876,-16.28474],[-73.441368,-16.285196],[-73.441181,-16.285323],[-73.440965,-16.285396],[-73.43963,-16.285732],[-73.43897,-16.285926],[-73.437942,-16.286424],[-73.437513,-16.286586],[-73.436853,-16.286777],[-73.436644,-16.286871],[-73.43627,-16.287132],[-73.436063,-16.287229],[-73.435199,-16.287531],[-73.434582,-16.287832],[-73.434358,-16.287876],[-73.43367,-16.287864],[-73.432529,-16.287987],[-73.432085,-16.2881],[-73.431429,-16.288305],[-73.430531,-16.288496],[-73.430106,-16.288662],[-73.429157,-16.289298],[-73.428754,-16.289513],[-73.428539,-16.289591],[-73.428314,-16.289632],[-73.427626,-16.289679],[-73.427402,-16.289723],[-73.426977,-16.289891],[-73.426265,-16.290459],[-73.426064,-16.290565],[-73.425841,-16.290618],[-73.425614,-16.290636],[-73.424926,-16.290621],[-73.424251,-16.290751],[-73.424035,-16.290824],[-73.423845,-16.29095],[-73.423516,-16.291264],[-73.423213,-16.291602],[-73.422994,-16.29167],[-73.421871,-16.291905],[-73.421654,-16.291972],[-73.421448,-16.292072],[-73.42107,-16.292328],[-73.420871,-16.292438],[-73.420651,-16.292497],[-73.419069,-16.292779],[-73.418627,-16.292894],[-73.418428,-16.293006],[-73.418096,-16.293317],[-73.417911,-16.293449],[-73.417326,-16.293808],[-73.416915,-16.29401],[-73.416704,-16.294096],[-73.416045,-16.294293],[-73.414483,-16.294668],[-73.414051,-16.294816],[-73.413851,-16.294927],[-73.413664,-16.295059],[-73.413497,-16.295213],[-73.412387,-16.296357],[-73.412216,-16.296506],[-73.412018,-16.296617],[-73.411798,-16.296679],[-73.411573,-16.296677],[-73.41135,-16.296622],[-73.410498,-16.296288],[-73.410273,-16.296255],[-73.410045,-16.29628],[-73.40983,-16.296351],[-73.409069,-16.296855],[-73.40886,-16.296944],[-73.408181,-16.297055],[-73.40796,-16.297112],[-73.407313,-16.297345],[-73.407089,-16.297396],[-73.406863,-16.297425],[-73.406174,-16.297405],[-73.405947,-16.297421],[-73.405747,-16.297526],[-73.405414,-16.297837],[-73.405231,-16.297974],[-73.40459,-16.298218],[-73.404176,-16.298413],[-73.403425,-16.298933],[-73.403222,-16.299038],[-73.403006,-16.299115],[-73.402109,-16.299306],[-73.40189,-16.299375],[-73.40106,-16.299762],[-73.400889,-16.299908],[-73.400492,-16.300459],[-73.400316,-16.300601],[-73.400107,-16.300689],[-73.39921,-16.300883],[-73.398992,-16.300954],[-73.398792,-16.30106],[-73.398607,-16.301193],[-73.398276,-16.301505],[-73.398095,-16.301644],[-73.397895,-16.301756],[-73.397263,-16.302022],[-73.396658,-16.302345],[-73.39624,-16.302533],[-73.395579,-16.302722],[-73.395367,-16.302806],[-73.395169,-16.302919],[-73.394989,-16.30306],[-73.394318,-16.303677],[-73.394123,-16.303788],[-73.3939,-16.303826],[-73.393442,-16.303793],[-73.393213,-16.303798],[-73.392996,-16.303865],[-73.392799,-16.30398],[-73.391258,-16.305334],[-73.391102,-16.305498],[-73.391022,-16.305705],[-73.390926,-16.306147],[-73.39081,-16.306342],[-73.390649,-16.306502],[-73.390221,-16.306664],[-73.38934,-16.306917],[-73.388202,-16.307066],[-73.387332,-16.307353],[-73.386907,-16.307525],[-73.386301,-16.307846],[-73.386088,-16.307927],[-73.385865,-16.307976],[-73.385639,-16.307963],[-73.384986,-16.307753],[-73.384537,-16.307663],[-73.38408,-16.307694],[-73.38386,-16.307753],[-73.383649,-16.307842],[-73.382658,-16.308412],[-73.38245,-16.308504],[-73.382228,-16.308562],[-73.382001,-16.308589],[-73.381313,-16.308627],[-73.38109,-16.308676],[-73.380473,-16.308972],[-73.380245,-16.309],[-73.380016,-16.308992],[-73.379788,-16.309013],[-73.379567,-16.309068],[-73.379364,-16.309171],[-73.379189,-16.309316],[-73.37892,-16.30968],[-73.378742,-16.309819],[-73.378521,-16.309874],[-73.378065,-16.309923],[-73.377838,-16.309903],[-73.3774,-16.30977],[-73.377179,-16.309726],[-73.376957,-16.309771],[-73.37676,-16.309883],[-73.376415,-16.310182],[-73.376226,-16.310308],[-73.376007,-16.310366],[-73.375782,-16.31033],[-73.37557,-16.310246],[-73.373287,-16.309183],[-73.37241,-16.308916],[-73.371959,-16.308833],[-73.371501,-16.308816],[-73.371048,-16.308878],[-73.370611,-16.309018],[-73.3704,-16.309105],[-73.370025,-16.309362],[-73.369045,-16.310314],[-73.368566,-16.311086],[-73.368422,-16.311261],[-73.368264,-16.311424],[-73.367749,-16.311872],[-73.36762,-16.312058],[-73.367192,-16.312859],[-73.367039,-16.313027],[-73.366851,-16.313153],[-73.365851,-16.313708],[-73.365424,-16.313872],[-73.364766,-16.314072],[-73.364559,-16.31417],[-73.363843,-16.314733],[-73.363076,-16.315231],[-73.362682,-16.315462],[-73.362458,-16.31551],[-73.36177,-16.315539],[-73.361542,-16.315569],[-73.361096,-16.315675],[-73.36088,-16.31575],[-73.360669,-16.315838],[-73.359969,-16.316421],[-73.359302,-16.316574],[-73.359096,-16.316671],[-73.358718,-16.316928],[-73.358512,-16.317017],[-73.358285,-16.317036],[-73.357597,-16.317011],[-73.357369,-16.317035],[-73.356937,-16.317186],[-73.356537,-16.317405],[-73.356415,-16.317596],[-73.35626,-16.318019],[-73.356145,-16.318215],[-73.35598,-16.31837],[-73.355788,-16.31849],[-73.355575,-16.31857],[-73.355123,-16.318654],[-73.353526,-16.318825],[-73.35218,-16.319109],[-73.35036,-16.319349],[-73.347888,-16.319858],[-73.346802,-16.320217],[-73.345663,-16.320354],[-73.345237,-16.320522],[-73.343814,-16.321258],[-73.340497,-16.32281],[-73.340098,-16.323034],[-73.33758,-16.324611],[-73.336773,-16.325043],[-73.332888,-16.326996],[-73.331114,-16.328039],[-73.329194,-16.329279],[-73.326203,-16.33096],[-73.318913,-16.334795],[-73.318717,-16.334913],[-73.317978,-16.335449],[-73.316523,-16.33655],[-73.316312,-16.336641],[-73.315171,-16.336735],[-73.314952,-16.336803],[-73.314749,-16.336909],[-73.313918,-16.337686],[-73.313561,-16.33797],[-73.312775,-16.338792],[-73.311299,-16.340216],[-73.310986,-16.340547],[-73.31088,-16.340747],[-73.310809,-16.340959],[-73.310691,-16.341627],[-73.310618,-16.34184],[-73.310474,-16.342015],[-73.309932,-16.34243],[-73.309832,-16.342631],[-73.309661,-16.343288],[-73.309425,-16.344394],[-73.309361,-16.344611],[-73.309245,-16.344804],[-73.309053,-16.344921],[-73.308829,-16.344966],[-73.308145,-16.345045],[-73.307923,-16.345099],[-73.307496,-16.345264],[-73.305139,-16.346669],[-73.30472,-16.34685],[-73.304497,-16.3468],[-73.3043,-16.346689],[-73.304167,-16.346505],[-73.303949,-16.346109],[-73.303775,-16.345964],[-73.303561,-16.345891],[-73.303337,-16.345926],[-73.303153,-16.346053],[-73.30305,-16.346251],[-73.303049,-16.346476],[-73.303224,-16.347364],[-73.303248,-16.347589],[-73.303205,-16.34781],[-73.303057,-16.34798],[-73.302719,-16.348285],[-73.301983,-16.348824],[-73.30153,-16.349334],[-73.301353,-16.349478],[-73.301138,-16.349554],[-73.30091,-16.34958],[-73.300684,-16.349554],[-73.300011,-16.349408],[-73.299784,-16.349409],[-73.29957,-16.349488],[-73.298926,-16.350132],[-73.298746,-16.35027],[-73.298528,-16.350334],[-73.295318,-16.350195],[-73.29487,-16.350105],[-73.29405,-16.349699],[-73.293829,-16.349642],[-73.29361,-16.349702],[-73.293475,-16.349875],[-73.29345,-16.350097],[-73.293549,-16.350298],[-73.294398,-16.35106],[-73.294558,-16.351221],[-73.294685,-16.351407],[-73.294753,-16.35162],[-73.294739,-16.351844],[-73.294657,-16.352054],[-73.294518,-16.352231],[-73.294323,-16.35235],[-73.284871,-16.356458],[-73.284672,-16.35657],[-73.284358,-16.356895],[-73.283116,-16.358522],[-73.282804,-16.358853],[-73.281185,-16.359705],[-73.280998,-16.359831],[-73.280939,-16.360037],[-73.281057,-16.360223],[-73.281271,-16.360297],[-73.282641,-16.360433],[-73.282864,-16.360476],[-73.283063,-16.360586],[-73.283803,-16.361122],[-73.283951,-16.361287],[-73.283947,-16.361505],[-73.283778,-16.361639],[-73.283552,-16.361671],[-73.281486,-16.3617],[-73.280569,-16.361667],[-73.279901,-16.361505],[-73.276622,-16.360469],[-73.276168,-16.360423],[-73.275947,-16.360485],[-73.275743,-16.360584],[-73.275556,-16.360714],[-73.275407,-16.360884],[-73.275307,-16.361086],[-73.275261,-16.361306],[-73.275286,-16.361756],[-73.275243,-16.361976],[-73.275089,-16.362137],[-73.274655,-16.362285],[-73.274474,-16.362416],[-73.274408,-16.362629],[-73.274396,-16.362855],[-73.274353,-16.363076],[-73.274248,-16.363276],[-73.273999,-16.363654],[-73.27388,-16.364091],[-73.273856,-16.364315],[-73.273862,-16.364541],[-73.273906,-16.364761],[-73.274058,-16.365187],[-73.274073,-16.36541],[-73.274037,-16.365633],[-73.273943,-16.365838],[-73.273799,-16.366012],[-73.273617,-16.366146],[-73.272949,-16.366313],[-73.272763,-16.366437],[-73.272461,-16.36704],[-73.272052,-16.367245],[-73.270775,-16.367754],[-73.270574,-16.367856],[-73.270419,-16.368022],[-73.269492,-16.36984],[-73.26946,-16.370061],[-73.269622,-16.370211],[-73.270075,-16.370278],[-73.270292,-16.370335],[-73.270436,-16.370503],[-73.270456,-16.370726],[-73.270433,-16.371404],[-73.27047,-16.371624],[-73.270626,-16.371787],[-73.271306,-16.371874],[-73.271506,-16.371974],[-73.272159,-16.37261],[-73.27229,-16.372794],[-73.272329,-16.373015],[-73.272313,-16.373693],[-73.272338,-16.373916],[-73.272436,-16.374116],[-73.273072,-16.374766],[-73.273126,-16.37498],[-73.273097,-16.375203],[-73.272951,-16.375866],[-73.272805,-16.376035],[-73.272361,-16.37613],[-73.272176,-16.376264],[-73.272015,-16.37642],[-73.27194,-16.376629],[-73.272028,-16.376835],[-73.272635,-16.377795],[-73.272709,-16.378006],[-73.272628,-16.378213],[-73.272439,-16.378333],[-73.271769,-16.378491],[-73.271602,-16.378636],[-73.27158,-16.379082],[-73.271519,-16.379296],[-73.271337,-16.379423],[-73.269733,-16.379499],[-73.269506,-16.37947],[-73.269074,-16.37932],[-73.268853,-16.379276],[-73.26865,-16.379371],[-73.268523,-16.379556],[-73.26821,-16.380159],[-73.267769,-16.380679],[-73.267674,-16.380879],[-73.26762,-16.381328],[-73.267647,-16.381549],[-73.267808,-16.381973],[-73.267835,-16.382194],[-73.267746,-16.3824],[-73.267306,-16.382921],[-73.267221,-16.383127],[-73.26728,-16.383574],[-73.267274,-16.3838],[-73.266739,-16.385292],[-73.266634,-16.385491],[-73.266486,-16.385663],[-73.266107,-16.385916],[-73.265868,-16.386546],[-73.265751,-16.38674],[-73.265592,-16.386902],[-73.26503,-16.38729],[-73.264744,-16.387641],[-73.264572,-16.387788],[-73.264156,-16.387976],[-73.263929,-16.388011],[-73.26347,-16.388018],[-73.263243,-16.388044],[-73.263031,-16.388126],[-73.261585,-16.388818],[-73.261365,-16.388882],[-73.26114,-16.388919],[-73.260453,-16.388953],[-73.257703,-16.388794],[-73.257475,-16.388764],[-73.257255,-16.388699],[-73.251343,-16.386866],[-73.251118,-16.38682],[-73.250889,-16.386823],[-73.250667,-16.386878],[-73.247989,-16.388177],[-73.247595,-16.388408],[-73.246309,-16.389357],[-73.245103,-16.390403],[-73.244001,-16.391217],[-73.243166,-16.391992],[-73.242263,-16.393017],[-73.241448,-16.393812],[-73.241011,-16.394335],[-73.240831,-16.394475],[-73.240237,-16.394818],[-73.240061,-16.394959],[-73.239604,-16.395464],[-73.239203,-16.395685],[-73.239011,-16.395808],[-73.238836,-16.395954],[-73.238444,-16.396509],[-73.237713,-16.397051],[-73.237409,-16.39739],[-73.236984,-16.397924],[-73.236829,-16.398089],[-73.236648,-16.398228],[-73.236242,-16.398435],[-73.2316,-16.399717],[-73.231153,-16.399818],[-73.230951,-16.399725],[-73.230848,-16.399529],[-73.230837,-16.399303],[-73.230855,-16.399081],[-73.230971,-16.398891],[-73.231183,-16.398815],[-73.231633,-16.398747],[-73.231773,-16.39858],[-73.231789,-16.398361],[-73.231701,-16.397917],[-73.231733,-16.397699],[-73.232055,-16.397382],[-73.232184,-16.397198],[-73.232548,-16.396126],[-73.232567,-16.395904],[-73.232451,-16.395716],[-73.232231,-16.395662],[-73.232026,-16.395748],[-73.231877,-16.39592],[-73.231461,-16.39646],[-73.228428,-16.400151],[-73.227975,-16.400661],[-73.227625,-16.400952],[-73.227235,-16.401191],[-73.227025,-16.401282],[-73.226587,-16.401414],[-73.226133,-16.401475],[-73.225674,-16.401481],[-73.219499,-16.400949],[-73.219275,-16.400901],[-73.21906,-16.400824],[-73.218852,-16.400728],[-73.218662,-16.400604],[-73.218483,-16.400463],[-73.21803,-16.399952],[-73.217847,-16.399817],[-73.217647,-16.399707],[-73.216583,-16.399282],[-73.216148,-16.399139],[-73.215696,-16.399066],[-73.215237,-16.399041],[-73.215008,-16.399048],[-73.214783,-16.399088],[-73.214562,-16.399148],[-73.213922,-16.399397],[-73.213264,-16.399593],[-73.212805,-16.39959],[-73.212119,-16.39955],[-73.211203,-16.399617],[-73.210515,-16.39962],[-73.21006,-16.399563],[-73.209392,-16.3994],[-73.209165,-16.399364],[-73.207559,-16.39938],[-73.207332,-16.399414],[-73.207124,-16.399508],[-73.206583,-16.399926],[-73.205456,-16.400707],[-73.20464,-16.40112],[-73.204209,-16.401276],[-73.204005,-16.401379],[-73.20342,-16.401738],[-73.203196,-16.401741],[-73.202799,-16.401516],[-73.202577,-16.401496],[-73.202403,-16.401634],[-73.202381,-16.401855],[-73.202398,-16.40208],[-73.202353,-16.4023],[-73.202223,-16.402486],[-73.201897,-16.402805],[-73.201614,-16.403159],[-73.20094,-16.403769],[-73.20032,-16.404717],[-73.200165,-16.405143],[-73.200059,-16.405343],[-73.199924,-16.405524],[-73.199713,-16.40559],[-73.198579,-16.405418],[-73.198353,-16.405421],[-73.198136,-16.40549],[-73.197263,-16.40622],[-73.197096,-16.406375],[-73.196954,-16.406552],[-73.196656,-16.407163],[-73.196249,-16.407709],[-73.196157,-16.407915],[-73.195913,-16.409249],[-73.195417,-16.410267],[-73.195299,-16.41046],[-73.195129,-16.410612],[-73.194746,-16.410858],[-73.194523,-16.4109],[-73.194313,-16.410816],[-73.193801,-16.410363],[-73.19361,-16.41024],[-73.193386,-16.4102],[-73.193157,-16.410203],[-73.192479,-16.410319],[-73.191792,-16.410292],[-73.191569,-16.410339],[-73.191369,-16.410449],[-73.191214,-16.410612],[-73.191073,-16.410791],[-73.190723,-16.411374],[-73.19068,-16.411595],[-73.19068,-16.412047],[-73.190603,-16.412252],[-73.190402,-16.412338],[-73.190174,-16.412321],[-73.189268,-16.412171],[-73.18904,-16.412146],[-73.188812,-16.412153],[-73.187139,-16.412894],[-73.186763,-16.413151],[-73.186227,-16.413574],[-73.186003,-16.413596],[-73.185799,-16.4135],[-73.185473,-16.413183],[-73.185046,-16.412651],[-73.184888,-16.412488],[-73.184688,-16.412379],[-73.184242,-16.41227],[-73.184015,-16.41229],[-73.183599,-16.412473],[-73.183375,-16.41248],[-73.182709,-16.412308],[-73.182485,-16.412276],[-73.182257,-16.412297],[-73.182055,-16.412404],[-73.181401,-16.413038],[-73.181262,-16.413217],[-73.181065,-16.413626],[-73.180924,-16.413803],[-73.180571,-16.414092],[-73.180411,-16.414254],[-73.179976,-16.414779],[-73.179717,-16.415152],[-73.179566,-16.415316],[-73.179339,-16.41534],[-73.178901,-16.415203],[-73.178674,-16.415181],[-73.177761,-16.415275],[-73.177536,-16.415319],[-73.176302,-16.415919],[-73.17572,-16.416282],[-73.17535,-16.416549],[-73.175138,-16.41663],[-73.174909,-16.41663],[-73.173994,-16.416706],[-73.171928,-16.416738],[-73.1717,-16.416724],[-73.17126,-16.4166],[-73.171056,-16.416498],[-73.170083,-16.415897],[-73.169877,-16.415799],[-73.16965,-16.415763],[-73.169423,-16.415753],[-73.169197,-16.415788],[-73.168982,-16.415864],[-73.168359,-16.416153],[-73.168143,-16.416226],[-73.167916,-16.416227],[-73.167238,-16.416113],[-73.167009,-16.416121],[-73.165411,-16.416285],[-73.164733,-16.416405],[-73.164046,-16.416438],[-73.163819,-16.416472],[-73.163611,-16.416564],[-73.163055,-16.416964],[-73.162849,-16.417062],[-73.162622,-16.417085],[-73.161933,-16.417071],[-73.16148,-16.417134],[-73.161033,-16.417239],[-73.159925,-16.417536],[-73.159267,-16.417735],[-73.15842,-16.418083],[-73.157128,-16.418551],[-73.157001,-16.418729],[-73.157054,-16.419174],[-73.157051,-16.419399],[-73.157008,-16.419621],[-73.156864,-16.42005],[-73.156732,-16.420232],[-73.156106,-16.420894],[-73.155894,-16.421295],[-73.155149,-16.422948],[-73.155015,-16.42313],[-73.15487,-16.423306],[-73.154389,-16.423791],[-73.153715,-16.424404],[-73.152903,-16.425203],[-73.152685,-16.42526],[-73.152252,-16.425116],[-73.15203,-16.425088],[-73.15185,-16.425205],[-73.151818,-16.425425],[-73.151883,-16.425639],[-73.151974,-16.425845],[-73.151963,-16.426057],[-73.151796,-16.426205],[-73.151594,-16.426312],[-73.151214,-16.426567],[-73.150911,-16.426906],[-73.150764,-16.427332],[-73.150664,-16.427534],[-73.149996,-16.428154],[-73.149776,-16.428188],[-73.149583,-16.428081],[-73.149488,-16.427879],[-73.149423,-16.427431],[-73.149281,-16.426768],[-73.1493,-16.426545],[-73.149454,-16.426383],[-73.149643,-16.426255],[-73.149803,-16.426095],[-73.149847,-16.425883],[-73.149772,-16.425672],[-73.149238,-16.424937],[-73.148946,-16.424587],[-73.147684,-16.423274],[-73.147501,-16.423142],[-73.147285,-16.423067],[-73.146843,-16.422946],[-73.146617,-16.42292],[-73.146427,-16.423029],[-73.146362,-16.423242],[-73.146424,-16.423455],[-73.146567,-16.423629],[-73.146908,-16.423932],[-73.147015,-16.424127],[-73.146958,-16.424333],[-73.14676,-16.42443],[-73.14562,-16.424306],[-73.145394,-16.424312],[-73.145222,-16.424442],[-73.145222,-16.42466],[-73.145368,-16.42483],[-73.145905,-16.425253],[-73.14598,-16.425457],[-73.145854,-16.425634],[-73.14567,-16.42577],[-73.141717,-16.428071],[-73.14151,-16.428166],[-73.141289,-16.428223],[-73.140832,-16.428255],[-73.140609,-16.4283],[-73.1404,-16.428391],[-73.140218,-16.428526],[-73.140067,-16.428696],[-73.138915,-16.430104],[-73.138597,-16.43043],[-73.138401,-16.430545],[-73.136854,-16.430973],[-73.136424,-16.431131],[-73.136016,-16.431338],[-73.135028,-16.431912],[-73.134609,-16.432097],[-73.13439,-16.432162],[-73.134173,-16.432115],[-73.133914,-16.431748],[-73.133757,-16.431586],[-73.133554,-16.431492],[-73.133333,-16.431534],[-73.133163,-16.431675],[-73.133082,-16.431881],[-73.13308,-16.432106],[-73.133114,-16.432328],[-73.133264,-16.432755],[-73.13358,-16.433357],[-73.133664,-16.433567],[-73.133674,-16.433788],[-73.133568,-16.433984],[-73.132578,-16.434927],[-73.132431,-16.435098],[-73.132413,-16.435312],[-73.132538,-16.435496],[-73.13368,-16.436611],[-73.133818,-16.43679],[-73.133885,-16.437001],[-73.133831,-16.437218],[-73.133034,-16.438848],[-73.132808,-16.439241],[-73.132331,-16.439729],[-73.131332,-16.440662],[-73.131154,-16.440802],[-73.130953,-16.440912],[-73.130508,-16.441013],[-73.129592,-16.441069],[-73.128457,-16.440897],[-73.12823,-16.440874],[-73.128006,-16.44091],[-73.127813,-16.44103],[-73.127504,-16.441631],[-73.127306,-16.441732],[-73.127081,-16.441714],[-73.126638,-16.441597],[-73.126411,-16.441573],[-73.126182,-16.441584],[-73.125734,-16.441685],[-73.121977,-16.442727],[-73.121546,-16.442878],[-73.121354,-16.443001],[-73.12119,-16.44316],[-73.121089,-16.443361],[-73.120952,-16.443792],[-73.120151,-16.447091],[-73.119994,-16.447513],[-73.119866,-16.447701],[-73.119694,-16.447848],[-73.119501,-16.447969],[-73.11929,-16.448051],[-73.119065,-16.448091],[-73.117917,-16.448114],[-73.117722,-16.448218],[-73.117624,-16.448418],[-73.117527,-16.448859],[-73.117436,-16.449062],[-73.117271,-16.449219],[-73.116834,-16.449355],[-73.115936,-16.449541],[-73.115725,-16.449621],[-73.115618,-16.449811],[-73.115673,-16.450022],[-73.115814,-16.4502],[-73.115858,-16.450414],[-73.115738,-16.450601],[-73.115541,-16.450717],[-73.115331,-16.450807],[-73.115104,-16.450829],[-73.114887,-16.450762],[-73.114726,-16.450611],[-73.1147,-16.450395],[-73.115036,-16.449554],[-73.115534,-16.448049],[-73.115515,-16.447375],[-73.115539,-16.447151],[-73.115757,-16.446041],[-73.116007,-16.445409],[-73.116058,-16.445189],[-73.116053,-16.444963],[-73.115991,-16.444516],[-73.115991,-16.444064],[-73.116034,-16.443842],[-73.116197,-16.443421],[-73.116466,-16.443055],[-73.116907,-16.442534],[-73.117007,-16.442332],[-73.117124,-16.441664],[-73.117183,-16.441445],[-73.117386,-16.441041],[-73.117732,-16.440454],[-73.117873,-16.440276],[-73.118047,-16.44013],[-73.118774,-16.439583],[-73.118862,-16.439378],[-73.118831,-16.43916],[-73.118413,-16.438355],[-73.118278,-16.438174],[-73.118092,-16.438047],[-73.117653,-16.437921],[-73.11731,-16.437622],[-73.117196,-16.437428],[-73.117175,-16.437205],[-73.117229,-16.436988],[-73.117649,-16.436185],[-73.117719,-16.435971],[-73.117691,-16.435746],[-73.117574,-16.435552],[-73.1173,-16.43519],[-73.11724,-16.434976],[-73.117263,-16.434751],[-73.117429,-16.434093],[-73.117456,-16.43387],[-73.117429,-16.433647],[-73.117351,-16.433436],[-73.117142,-16.433034],[-73.117154,-16.432815],[-73.117296,-16.432385],[-73.11734,-16.432165],[-73.11724,-16.431965],[-73.117054,-16.431836],[-73.11685,-16.431732],[-73.116672,-16.431601],[-73.116623,-16.431384],[-73.116602,-16.430933],[-73.116703,-16.430036],[-73.11671,-16.42981],[-73.116673,-16.429586],[-73.116598,-16.429375],[-73.116401,-16.428974],[-73.116471,-16.428527],[-73.116468,-16.428302],[-73.116311,-16.427642],[-73.116479,-16.426993],[-73.116472,-16.426541],[-73.116512,-16.426092],[-73.116836,-16.425008],[-73.116873,-16.424786],[-73.116853,-16.424335],[-73.116708,-16.423907],[-73.116606,-16.423705],[-73.116467,-16.423525],[-73.116136,-16.423212],[-73.114651,-16.422148],[-73.111242,-16.41985],[-73.110835,-16.419643],[-73.110388,-16.419541],[-73.10993,-16.419556],[-73.109707,-16.419603],[-73.109491,-16.419679],[-73.1091,-16.419913],[-73.10892,-16.420053],[-73.108772,-16.420226],[-73.106895,-16.423067],[-73.106576,-16.423392],[-73.105349,-16.424414],[-73.105057,-16.42476],[-73.104881,-16.425176],[-73.104824,-16.425395],[-73.104792,-16.425844],[-73.104976,-16.428098],[-73.104982,-16.428549],[-73.104947,-16.428772],[-73.104041,-16.432045],[-73.10395,-16.432487],[-73.10395,-16.432713],[-73.103987,-16.432935],[-73.104107,-16.433371],[-73.104132,-16.433596],[-73.104132,-16.434048],[-73.103726,-16.43787],[-73.103698,-16.438773],[-73.103654,-16.439224],[-73.103545,-16.439893],[-73.102813,-16.443438],[-73.102548,-16.444538],[-73.100116,-16.453259],[-73.100026,-16.453465],[-73.098816,-16.455648],[-73.098681,-16.45583],[-73.098378,-16.456169],[-73.097819,-16.456561],[-73.097187,-16.456831],[-73.094148,-16.45786],[-73.093515,-16.458128],[-73.085956,-16.461945],[-73.08471,-16.462523],[-73.083623,-16.462885],[-73.071315,-16.466545],[-73.070899,-16.466737],[-73.070331,-16.467118],[-73.066467,-16.470663],[-73.066291,-16.470806],[-73.065889,-16.471024],[-73.065675,-16.471104],[-73.065457,-16.471175],[-73.065003,-16.471226],[-73.064091,-16.471128],[-73.063632,-16.471125],[-73.063174,-16.471158],[-73.060667,-16.471464],[-73.05793,-16.471769],[-73.057254,-16.471899],[-73.056594,-16.472094],[-73.047446,-16.475095],[-73.047045,-16.475314],[-73.046481,-16.475702],[-73.046015,-16.4762],[-73.045653,-16.476776],[-73.045383,-16.477399],[-73.044644,-16.480479],[-73.044464,-16.480894],[-73.044225,-16.481279],[-73.044077,-16.481451],[-73.043583,-16.481923],[-73.042011,-16.483244],[-73.041422,-16.483592],[-73.040773,-16.483819],[-73.040101,-16.483965],[-73.026332,-16.486487],[-73.025667,-16.486663],[-73.021532,-16.488033],[-73.021091,-16.488152],[-73.020861,-16.488161],[-73.020632,-16.488166],[-73.007462,-16.486228],[-73.007235,-16.486192],[-73.006569,-16.486023],[-73.006151,-16.485836],[-73.005759,-16.485602],[-73.005221,-16.485179],[-73.00491,-16.484848],[-73.004434,-16.484076],[-73.003819,-16.482614],[-73.003595,-16.482219],[-73.003269,-16.481903],[-73.003077,-16.481779],[-73.002663,-16.481584],[-73.002213,-16.481504],[-73.001526,-16.481541],[-72.944307,-16.488297],[-72.944079,-16.48831],[-72.943853,-16.488275],[-72.94364,-16.488195],[-72.943452,-16.48807],[-72.943146,-16.487734],[-72.942755,-16.487176],[-72.942605,-16.487005],[-72.942421,-16.486873],[-72.942201,-16.486813],[-72.941973,-16.486817],[-72.941547,-16.486983],[-72.939513,-16.488032],[-72.939129,-16.488277],[-72.938008,-16.489411],[-72.937029,-16.490365],[-72.936869,-16.490527],[-72.936732,-16.490709],[-72.936602,-16.490895],[-72.936391,-16.491295],[-72.936171,-16.491938],[-72.93598,-16.492589],[-72.9359,-16.492801],[-72.935787,-16.492996],[-72.935505,-16.493352],[-72.932784,-16.496415],[-72.932526,-16.496788],[-72.93238,-16.497216],[-72.932221,-16.497875],[-72.93211,-16.498073],[-72.931818,-16.498421],[-72.92995,-16.500415],[-72.929674,-16.500774],[-72.929633,-16.500994],[-72.92972,-16.501665],[-72.929691,-16.501887],[-72.929624,-16.502103],[-72.928616,-16.504134],[-72.928487,-16.50432],[-72.928191,-16.504665],[-72.926789,-16.506159],[-72.926503,-16.506513],[-72.926269,-16.506901],[-72.926095,-16.507319],[-72.925955,-16.50775],[-72.925678,-16.508847],[-72.925588,-16.50929],[-72.925577,-16.509741],[-72.925786,-16.511081],[-72.925789,-16.511306],[-72.925748,-16.511528],[-72.925598,-16.511954],[-72.925469,-16.512137],[-72.925295,-16.512284],[-72.92148,-16.515187],[-72.9211,-16.515441],[-72.920898,-16.515548],[-72.919622,-16.516059],[-72.919404,-16.516124],[-72.919177,-16.51616],[-72.918948,-16.516152],[-72.918722,-16.516115],[-72.918508,-16.516041],[-72.918306,-16.515933],[-72.917947,-16.515651],[-72.916563,-16.514462],[-72.916366,-16.514345],[-72.916157,-16.514254],[-72.915074,-16.513881],[-72.914851,-16.513827],[-72.914622,-16.51382],[-72.914397,-16.513851],[-72.914179,-16.51392],[-72.913974,-16.514023],[-72.91339,-16.51438],[-72.913229,-16.514541],[-72.913096,-16.514723],[-72.912913,-16.515136],[-72.912225,-16.517529],[-72.912112,-16.517726],[-72.911337,-16.518559],[-72.910161,-16.519637],[-72.909619,-16.520056],[-72.907735,-16.521348],[-72.907371,-16.521623],[-72.907215,-16.521787],[-72.90709,-16.521975],[-72.906929,-16.522397],[-72.906792,-16.523062],[-72.906716,-16.523275],[-72.906557,-16.523433],[-72.904197,-16.524317],[-72.903991,-16.524415],[-72.903004,-16.524993],[-72.902791,-16.525079],[-72.901906,-16.525314],[-72.901472,-16.52546],[-72.900673,-16.525907],[-72.893578,-16.530082],[-72.893375,-16.530187],[-72.89079,-16.531126],[-72.890593,-16.53124],[-72.890411,-16.531378],[-72.890085,-16.531695],[-72.889906,-16.531836],[-72.889693,-16.531921],[-72.888808,-16.532161],[-72.888413,-16.53239],[-72.887854,-16.532786],[-72.887272,-16.533149],[-72.886656,-16.533452],[-72.886235,-16.533631],[-72.885781,-16.533696],[-72.885096,-16.533631],[-72.883734,-16.533431],[-72.883275,-16.533412],[-72.883046,-16.533427],[-72.876417,-16.534039],[-72.861325,-16.535373],[-72.860644,-16.535474],[-72.860213,-16.535624],[-72.859824,-16.535864],[-72.859656,-16.536018],[-72.859386,-16.536382],[-72.85928,-16.536582],[-72.855047,-16.545114],[-72.854066,-16.547158],[-72.853561,-16.547912],[-72.853247,-16.548242],[-72.852729,-16.548688],[-72.849534,-16.550896],[-72.832938,-16.562244],[-72.832742,-16.56236],[-72.831348,-16.563149],[-72.818398,-16.569986],[-72.817349,-16.570446],[-72.813288,-16.572012],[-72.812893,-16.572241],[-72.812708,-16.572373],[-72.80558,-16.578428],[-72.804807,-16.578916],[-72.79474,-16.584804],[-72.793806,-16.585461],[-72.787496,-16.59036],[-72.785174,-16.592207],[-72.784582,-16.592898],[-72.783613,-16.59416],[-72.78331,-16.594499],[-72.781145,-16.596176],[-72.780198,-16.596816],[-72.773093,-16.601402],[-72.771761,-16.602287],[-72.771391,-16.602555],[-72.77071,-16.603162],[-72.770387,-16.603482],[-72.76994,-16.603998],[-72.769524,-16.604538],[-72.769085,-16.605061],[-72.768935,-16.605232],[-72.768757,-16.605375],[-72.768545,-16.605458],[-72.768317,-16.60548],[-72.768094,-16.605442],[-72.767893,-16.605333],[-72.767715,-16.605191],[-72.767567,-16.605019],[-72.766453,-16.603581],[-72.766305,-16.603409],[-72.766128,-16.603266],[-72.765922,-16.603169],[-72.763564,-16.602282],[-72.763359,-16.60218],[-72.762412,-16.601545],[-72.762195,-16.601475],[-72.761967,-16.601452],[-72.761508,-16.601461],[-72.76128,-16.601488],[-72.760623,-16.601686],[-72.760399,-16.601734],[-72.759942,-16.601719],[-72.759039,-16.601557],[-72.750729,-16.59982],[-72.750294,-16.599675],[-72.750086,-16.599579],[-72.748034,-16.598566],[-72.746822,-16.597921],[-72.74546,-16.597081],[-72.744718,-16.596549],[-72.744557,-16.59639],[-72.744117,-16.595868],[-72.739439,-16.589999],[-72.738915,-16.589257],[-72.737149,-16.586345],[-72.736848,-16.586004],[-72.736673,-16.58586],[-72.736477,-16.585744],[-72.736266,-16.585655],[-72.735824,-16.58554],[-72.735366,-16.585516],[-72.72963,-16.585723],[-72.726659,-16.585997],[-72.725976,-16.586086],[-72.725541,-16.586224],[-72.725137,-16.586439],[-72.722645,-16.588054],[-72.722433,-16.58814],[-72.721986,-16.588239],[-72.721527,-16.588222],[-72.720175,-16.587969],[-72.714186,-16.586391],[-72.713286,-16.586217],[-72.713058,-16.586189],[-72.71237,-16.586162],[-72.711912,-16.586185],[-72.711462,-16.586275],[-72.711026,-16.586416],[-72.710396,-16.586688],[-72.710003,-16.586922],[-72.709267,-16.587463],[-72.707686,-16.588773],[-72.70735,-16.589081],[-72.707207,-16.589257],[-72.70711,-16.589461],[-72.706928,-16.590115],[-72.705865,-16.594513],[-72.705698,-16.594935],[-72.705308,-16.595753],[-72.702738,-16.600807],[-72.702633,-16.601009],[-72.702496,-16.60119],[-72.702401,-16.601393],[-72.702221,-16.602047],[-72.702143,-16.602259],[-72.701218,-16.603822],[-72.700269,-16.60537],[-72.699652,-16.606583],[-72.699478,-16.607001],[-72.699354,-16.607667],[-72.699252,-16.609473],[-72.698934,-16.611712],[-72.698685,-16.612815],[-72.698231,-16.614333],[-72.697904,-16.615178],[-72.695551,-16.620333],[-72.694551,-16.622113],[-72.694461,-16.622321],[-72.694321,-16.622751],[-72.694241,-16.623196],[-72.693978,-16.625442],[-72.693867,-16.626111],[-72.693737,-16.626545],[-72.691586,-16.632029],[-72.691232,-16.632863],[-72.691007,-16.633257],[-72.690884,-16.633448],[-72.689906,-16.634702],[-72.689788,-16.634897],[-72.689613,-16.635313],[-72.689517,-16.635755],[-72.689063,-16.639117],[-72.688793,-16.642044],[-72.688494,-16.644969],[-72.68817,-16.647207],[-72.688116,-16.647426],[-72.688017,-16.64763],[-72.68789,-16.647817],[-72.687734,-16.647983],[-72.687541,-16.648099],[-72.687328,-16.64818],[-72.673059,-16.651635],[-72.671487,-16.651965],[-72.664273,-16.653334],[-72.65209,-16.655603],[-72.643975,-16.657147],[-72.643093,-16.657399],[-72.642451,-16.657643],[-72.640358,-16.658572],[-72.639505,-16.658909],[-72.639064,-16.65903],[-72.638384,-16.659136],[-72.635872,-16.659398],[-72.635185,-16.65944],[-72.634726,-16.65944],[-72.634268,-16.65941],[-72.633814,-16.659343],[-72.63338,-16.659196],[-72.632122,-16.658644],[-72.631681,-16.658524],[-72.631453,-16.658502],[-72.631224,-16.658517],[-72.628947,-16.658809],[-72.628488,-16.658819],[-72.628263,-16.658785],[-72.627819,-16.65867],[-72.627139,-16.658596],[-72.626955,-16.658475],[-72.62693,-16.658259],[-72.627121,-16.657853],[-72.62718,-16.657408],[-72.625955,-16.648217],[-72.625708,-16.646197],[-72.625497,-16.644856],[-72.625256,-16.643063],[-72.625216,-16.642387],[-72.625271,-16.641711],[-72.625437,-16.641054],[-72.625515,-16.640842],[-72.632677,-16.624186],[-72.632827,-16.623759],[-72.632905,-16.623314],[-72.632887,-16.622863],[-72.632796,-16.622421],[-72.632723,-16.622206],[-72.631394,-16.619575],[-72.631302,-16.619369],[-72.631239,-16.619152],[-72.631173,-16.618706],[-72.631173,-16.618255],[-72.631191,-16.61803],[-72.631536,-16.616024],[-72.63155,-16.615572],[-72.631504,-16.615123],[-72.631398,-16.614683],[-72.631163,-16.614046],[-72.631037,-16.613859],[-72.630882,-16.613694],[-72.630385,-16.613226],[-72.630141,-16.612843],[-72.629641,-16.61158],[-72.62955,-16.611139],[-72.62955,-16.610913],[-72.629784,-16.610276],[-72.629809,-16.610051],[-72.629766,-16.60983],[-72.629436,-16.608986],[-72.629389,-16.608537],[-72.62937,-16.608085],[-72.629504,-16.607654],[-72.629701,-16.607246],[-72.629859,-16.606822],[-72.630119,-16.605723],[-72.630223,-16.605521],[-72.630351,-16.605335],[-72.630942,-16.604643],[-72.631834,-16.603327],[-72.631937,-16.603127],[-72.632005,-16.602911],[-72.6322,-16.602028],[-72.63215,-16.601581],[-72.63215,-16.601129],[-72.632179,-16.600906],[-72.632455,-16.600285],[-72.632517,-16.600068],[-72.632546,-16.599846],[-72.632258,-16.59806],[-72.632274,-16.597609],[-72.632432,-16.596261],[-72.632445,-16.595811],[-72.632164,-16.594714],[-72.632091,-16.594501],[-72.631989,-16.594299],[-72.631843,-16.594127],[-72.631309,-16.593701],[-72.631169,-16.593524],[-72.631093,-16.593315],[-72.631052,-16.593093],[-72.631203,-16.592433],[-72.631202,-16.592208],[-72.630961,-16.591573],[-72.629209,-16.588139],[-72.628891,-16.587813],[-72.6286,-16.587464],[-72.628398,-16.587061],[-72.627993,-16.584835],[-72.628086,-16.584395],[-72.628212,-16.584206],[-72.628914,-16.583626],[-72.629063,-16.583457],[-72.629585,-16.582451],[-72.629652,-16.582235],[-72.62967,-16.58201],[-72.62959,-16.580882],[-72.62958,-16.58043],[-72.629646,-16.580214],[-72.629749,-16.580014],[-72.63046,-16.578853],[-72.630606,-16.578425],[-72.630704,-16.577984],[-72.630767,-16.577537],[-72.630735,-16.577313],[-72.630646,-16.577105],[-72.630362,-16.576754],[-72.630028,-16.576444],[-72.629882,-16.57627],[-72.629761,-16.576078],[-72.629713,-16.575858],[-72.629524,-16.574745],[-72.629546,-16.57452],[-72.629807,-16.573894],[-72.629875,-16.57368],[-72.629907,-16.573458],[-72.629887,-16.573234],[-72.62981,-16.573021],[-72.629712,-16.572818],[-72.629107,-16.571857],[-72.628955,-16.571688],[-72.628764,-16.571566],[-72.628553,-16.571482],[-72.628109,-16.571367],[-72.627896,-16.571282],[-72.627707,-16.571157],[-72.627546,-16.570996],[-72.627437,-16.570798],[-72.62736,-16.570586],[-72.62729,-16.57014],[-72.627271,-16.568558],[-72.627193,-16.568114],[-72.627083,-16.567916],[-72.62693,-16.567751],[-72.626203,-16.567199],[-72.626032,-16.567049],[-72.6259,-16.566865],[-72.625819,-16.566656],[-72.625802,-16.56643],[-72.625886,-16.565757],[-72.625891,-16.565532],[-72.62584,-16.565314],[-72.625752,-16.565105],[-72.625428,-16.564787],[-72.624028,-16.563615],[-72.623733,-16.56327],[-72.623048,-16.562363],[-72.622752,-16.562017],[-72.619294,-16.558709],[-72.619142,-16.558541],[-72.619011,-16.558355],[-72.618841,-16.557936],[-72.618707,-16.557504],[-72.618589,-16.557313],[-72.618396,-16.557193],[-72.617097,-16.556743],[-72.6169,-16.556631],[-72.616734,-16.556478],[-72.61659,-16.556302],[-72.615911,-16.555391],[-72.615593,-16.555064],[-72.615241,-16.554775],[-72.615052,-16.554647],[-72.614454,-16.554311],[-72.609358,-16.55171],[-72.608761,-16.551371],[-72.608191,-16.550991],[-72.604542,-16.548246],[-72.603784,-16.547736],[-72.601006,-16.546143],[-72.600593,-16.545948],[-72.600153,-16.545823],[-72.599008,-16.545733],[-72.597174,-16.545647],[-72.596946,-16.545656],[-72.59627,-16.545789],[-72.595815,-16.545843],[-72.592832,-16.545918],[-72.592604,-16.545893],[-72.592155,-16.545804],[-72.591501,-16.545592],[-72.588353,-16.544218],[-72.587692,-16.54403],[-72.587011,-16.543929],[-72.548248,-16.545605],[-72.54733,-16.545592],[-72.546649,-16.5455],[-72.545774,-16.545226],[-72.533804,-16.540603],[-72.532079,-16.539981],[-72.531192,-16.53975],[-72.523999,-16.538276],[-72.523314,-16.53821],[-72.522855,-16.53821],[-72.519888,-16.53853],[-72.519199,-16.53854],[-72.518513,-16.53848],[-72.506248,-16.536701],[-72.505581,-16.536533],[-72.446805,-16.517132],[-72.446147,-16.51693],[-72.445022,-16.516706],[-72.443879,-16.516598],[-72.428093,-16.515294],[-72.427637,-16.515241],[-72.426961,-16.515113],[-72.426096,-16.514809],[-72.425254,-16.514448],[-72.420875,-16.512462],[-72.420264,-16.512148],[-72.419694,-16.511769],[-72.419511,-16.511633],[-72.419178,-16.511322],[-72.419023,-16.511156],[-72.418747,-16.510795],[-72.41829,-16.510011],[-72.417447,-16.508154],[-72.417035,-16.507347],[-72.416643,-16.506789],[-72.415963,-16.506183],[-72.333161,-16.448017],[-72.313756,-16.434315],[-72.3136,-16.434156],[-72.313368,-16.433766],[-72.313164,-16.433361],[-72.313091,-16.433148],[-72.312999,-16.432706],[-72.312991,-16.432254],[-72.313025,-16.432031],[-72.313127,-16.431592],[-72.313315,-16.431181],[-72.31357,-16.430806],[-72.313871,-16.430467],[-72.314243,-16.430202],[-72.314652,-16.429998],[-72.315308,-16.429796],[-72.315533,-16.429759],[-72.334817,-16.429459],[-72.350197,-16.429182],[-72.351344,-16.429224],[-72.375848,-16.430947],[-72.376075,-16.430982],[-72.376291,-16.431049],[-72.376494,-16.431154],[-72.376681,-16.431285],[-72.377555,-16.43233],[-72.37775,-16.43245],[-72.378595,-16.432803],[-72.37952,-16.43347],[-72.379723,-16.433576],[-72.380171,-16.433663],[-72.380398,-16.433644],[-72.380617,-16.433579],[-72.380806,-16.433454],[-72.383683,-16.431205],[-72.38387,-16.431078],[-72.38409,-16.431012],[-72.384313,-16.430973],[-72.384542,-16.430979],[-72.384761,-16.431045],[-72.384962,-16.431148],[-72.385518,-16.431549],[-72.385914,-16.431775],[-72.386784,-16.432062],[-72.387237,-16.432133],[-72.387466,-16.432134],[-72.387693,-16.432103],[-72.387912,-16.432039],[-72.391722,-16.430462],[-72.396356,-16.428483],[-72.39742,-16.428058],[-72.41217,-16.421776],[-72.421503,-16.415193],[-72.421671,-16.415042],[-72.426047,-16.409231],[-72.436267,-16.395304],[-72.436413,-16.395134],[-72.475416,-16.376403],[-72.475816,-16.376182],[-72.475979,-16.376029],[-72.476102,-16.37584],[-72.476172,-16.375626],[-72.476187,-16.3754],[-72.476146,-16.375179],[-72.476062,-16.374972],[-72.475932,-16.374787],[-72.475745,-16.374657],[-72.475554,-16.374532],[-72.475343,-16.374442],[-72.474697,-16.37421],[-72.474241,-16.374157],[-72.473553,-16.374132],[-72.473341,-16.374053],[-72.473181,-16.373899],[-72.473083,-16.373697],[-72.473014,-16.373252],[-72.472928,-16.373044],[-72.472774,-16.372877],[-72.472109,-16.372254],[-72.471981,-16.372066],[-72.471669,-16.371217],[-72.471549,-16.371026],[-72.471113,-16.370501],[-72.470955,-16.370338],[-72.470776,-16.370196],[-72.47,-16.369715],[-72.46982,-16.369576],[-72.46879,-16.368675],[-72.468489,-16.368334],[-72.467929,-16.367617],[-72.467487,-16.367098],[-72.466848,-16.36645],[-72.466721,-16.366263],[-72.466172,-16.36527],[-72.465224,-16.363462],[-72.464767,-16.362426],[-72.46463,-16.362246],[-72.464274,-16.361961],[-72.464134,-16.361786],[-72.464076,-16.361571],[-72.464156,-16.361366],[-72.464326,-16.361217],[-72.464516,-16.361092],[-72.465318,-16.360651],[-72.46545,-16.360467],[-72.465462,-16.360243],[-72.465358,-16.360047],[-72.465161,-16.35993],[-72.464932,-16.359948],[-72.464512,-16.36011],[-72.464285,-16.360096],[-72.464073,-16.360009],[-72.463916,-16.359848],[-72.46385,-16.359634],[-72.463893,-16.358957],[-72.463932,-16.358735],[-72.464024,-16.358533],[-72.464166,-16.358355],[-72.464502,-16.358047],[-72.464655,-16.357878],[-72.464729,-16.357669],[-72.464696,-16.357448],[-72.464606,-16.35724],[-72.463803,-16.355869],[-72.463163,-16.354418],[-72.462812,-16.353342],[-72.462399,-16.352287],[-72.46238,-16.352065],[-72.462405,-16.35184],[-72.462563,-16.351181],[-72.462562,-16.350956],[-72.461633,-16.348165],[-72.461129,-16.347149],[-72.460965,-16.346727],[-72.460915,-16.346507],[-72.460909,-16.346286],[-72.461005,-16.346085],[-72.461162,-16.345923],[-72.461567,-16.34571],[-72.461952,-16.345465],[-72.462063,-16.345268],[-72.462114,-16.345052],[-72.462177,-16.344377],[-72.462092,-16.343935],[-72.462012,-16.343723],[-72.461783,-16.343331],[-72.461104,-16.34242],[-72.460983,-16.342228],[-72.460877,-16.34203],[-72.460824,-16.34181],[-72.460803,-16.341586],[-72.460814,-16.34136],[-72.46094,-16.340693],[-72.460903,-16.340017],[-72.460916,-16.339792],[-72.461087,-16.338903],[-72.461104,-16.338678],[-72.461076,-16.338457],[-72.461,-16.338246],[-72.460868,-16.338061],[-72.460136,-16.337518],[-72.459317,-16.336726],[-72.459194,-16.336537],[-72.459127,-16.336322],[-72.459118,-16.335419],[-72.459159,-16.334968],[-72.459287,-16.334074],[-72.459263,-16.333849],[-72.459203,-16.333631],[-72.459013,-16.333221],[-72.458746,-16.332856],[-72.457311,-16.331392],[-72.457014,-16.331047],[-72.456615,-16.330494],[-72.456442,-16.330351],[-72.45623,-16.330266],[-72.456009,-16.330209],[-72.45442,-16.329968],[-72.453998,-16.329796],[-72.45363,-16.329527],[-72.451032,-16.327301],[-72.450796,-16.326916],[-72.450718,-16.326704],[-72.450484,-16.324911],[-72.450426,-16.324692],[-72.450331,-16.324488],[-72.4502,-16.324305],[-72.450033,-16.324151],[-72.449613,-16.323971],[-72.448966,-16.32374],[-72.447954,-16.323208],[-72.447775,-16.323067],[-72.44762,-16.322903],[-72.447115,-16.322148],[-72.447014,-16.321946],[-72.44694,-16.321733],[-72.446927,-16.321509],[-72.447004,-16.320836],[-72.446982,-16.320386],[-72.446814,-16.319965],[-72.445994,-16.318605],[-72.445899,-16.3184],[-72.445796,-16.317961],[-72.445722,-16.317287],[-72.445733,-16.317062],[-72.445798,-16.316845],[-72.445907,-16.316649],[-72.446323,-16.316109],[-72.446418,-16.315906],[-72.446462,-16.315686],[-72.446505,-16.315236],[-72.446594,-16.315031],[-72.447151,-16.314043],[-72.44794,-16.31241],[-72.448127,-16.311759],[-72.448217,-16.311316],[-72.448256,-16.310866],[-72.448171,-16.310424],[-72.447441,-16.308281],[-72.44734,-16.308081],[-72.44676,-16.30738],[-72.446634,-16.307193],[-72.446542,-16.306987],[-72.446348,-16.306336],[-72.446103,-16.305955],[-72.445552,-16.305232],[-72.445481,-16.305019],[-72.445549,-16.304119],[-72.445482,-16.303909],[-72.445339,-16.303736],[-72.444769,-16.303362],[-72.444646,-16.303181],[-72.444645,-16.302958],[-72.444719,-16.302744],[-72.445218,-16.301985],[-72.445448,-16.301593],[-72.44549,-16.301371],[-72.445442,-16.30115],[-72.445175,-16.300784],[-72.443682,-16.299067],[-72.44351,-16.298918],[-72.443302,-16.298833],[-72.442859,-16.298927],[-72.442632,-16.298923],[-72.442452,-16.298792],[-72.442391,-16.298575],[-72.442588,-16.29793],[-72.442546,-16.297713],[-72.442387,-16.297559],[-72.442173,-16.297484],[-72.441505,-16.29732],[-72.441275,-16.29732],[-72.440601,-16.297455],[-72.439694,-16.297593],[-72.439467,-16.297578],[-72.439243,-16.297531],[-72.438579,-16.297348],[-72.438379,-16.297239],[-72.438215,-16.297088],[-72.438092,-16.296898],[-72.437917,-16.29648],[-72.437851,-16.296264],[-72.437816,-16.296042],[-72.437814,-16.295817],[-72.437892,-16.295605],[-72.438025,-16.295422],[-72.438184,-16.295259],[-72.438358,-16.295112],[-72.438936,-16.294743],[-72.439116,-16.294604],[-72.439274,-16.294441],[-72.439417,-16.294264],[-72.44031,-16.292948],[-72.440426,-16.292754],[-72.440487,-16.292539],[-72.440423,-16.292324],[-72.440049,-16.291754],[-72.439956,-16.291549],[-72.439914,-16.291329],[-72.439865,-16.290427],[-72.439773,-16.29022],[-72.439601,-16.290082],[-72.439379,-16.290043],[-72.438691,-16.290028],[-72.43847,-16.289988],[-72.43829,-16.289855],[-72.43819,-16.28966],[-72.438187,-16.289437],[-72.438304,-16.289257],[-72.439765,-16.288159],[-72.439914,-16.287989],[-72.440025,-16.287793],[-72.440106,-16.287582],[-72.440631,-16.285614],[-72.440895,-16.284514],[-72.440987,-16.283842],[-72.441334,-16.28024],[-72.441372,-16.28002],[-72.441463,-16.279812],[-72.44158,-16.279618],[-72.442091,-16.278867],[-72.442186,-16.278662],[-72.442912,-16.276758],[-72.443032,-16.276568],[-72.443206,-16.276421],[-72.444154,-16.275786],[-72.44432,-16.275632],[-72.444525,-16.275228],[-72.444922,-16.274168],[-72.444984,-16.273951],[-72.445,-16.273726],[-72.444941,-16.273051],[-72.444959,-16.272826],[-72.445106,-16.272398],[-72.44521,-16.271959],[-72.445196,-16.271735],[-72.445108,-16.271527],[-72.444992,-16.271333],[-72.444921,-16.271118],[-72.444945,-16.270894],[-72.445006,-16.270676],[-72.445177,-16.270258],[-72.445532,-16.269677],[-72.445803,-16.269313],[-72.446118,-16.268985],[-72.446802,-16.268384],[-72.447055,-16.268007],[-72.447207,-16.267837],[-72.447741,-16.26741],[-72.44813,-16.267171],[-72.448336,-16.267076],[-72.449439,-16.26676],[-72.450524,-16.266393],[-72.450713,-16.266272],[-72.450857,-16.266096],[-72.45106,-16.265691],[-72.451257,-16.265617],[-72.451451,-16.265718],[-72.451517,-16.265925],[-72.451511,-16.266151],[-72.451442,-16.266363],[-72.451301,-16.266541],[-72.451117,-16.266673],[-72.450915,-16.266778],[-72.450485,-16.266938],[-72.450283,-16.267045],[-72.450115,-16.267193],[-72.449986,-16.267378],[-72.449728,-16.268006],[-72.449499,-16.268646],[-72.449426,-16.269319],[-72.44949,-16.27022],[-72.449783,-16.271076],[-72.450133,-16.271659],[-72.451731,-16.273869],[-72.452506,-16.274991],[-72.452673,-16.275143],[-72.452872,-16.27525],[-72.453321,-16.275157],[-72.454195,-16.274879],[-72.454414,-16.274847],[-72.45508,-16.27502],[-72.455532,-16.275102],[-72.456219,-16.275129],[-72.456659,-16.275003],[-72.457276,-16.274702],[-72.457839,-16.274312],[-72.458057,-16.274254],[-72.458968,-16.274149],[-72.46025,-16.273653],[-72.460911,-16.273468],[-72.461505,-16.273124],[-72.461871,-16.272853],[-72.462299,-16.272323],[-72.462608,-16.271717],[-72.462955,-16.271131],[-72.463362,-16.269837],[-72.463914,-16.269114],[-72.464702,-16.268294],[-72.466938,-16.267138],[-72.467077,-16.266975],[-72.467506,-16.265927],[-72.468002,-16.264907],[-72.468261,-16.26404],[-72.469303,-16.254145],[-72.469608,-16.24986],[-72.470204,-16.243102],[-72.470174,-16.24288],[-72.469928,-16.241776],[-72.469901,-16.241327],[-72.470506,-16.237759],[-72.470878,-16.232345],[-72.470772,-16.227599],[-72.470649,-16.224888],[-72.470631,-16.222854],[-72.470763,-16.222738],[-72.471215,-16.222661],[-72.471391,-16.222589],[-72.47114,-16.221487],[-72.47059,-16.219761],[-72.470228,-16.218219],[-72.470084,-16.217791],[-72.469807,-16.217169],[-72.469699,-16.216972],[-72.468473,-16.215334],[-72.468359,-16.215139],[-72.467705,-16.213693],[-72.467638,-16.213477],[-72.467627,-16.213029],[-72.467696,-16.212813],[-72.467982,-16.212196],[-72.468213,-16.211806],[-72.468426,-16.211162],[-72.468412,-16.210711],[-72.468336,-16.210502],[-72.468221,-16.210308],[-72.467294,-16.209304],[-72.467155,-16.209127],[-72.467058,-16.208922],[-72.467001,-16.208705],[-72.46694,-16.208257],[-72.466949,-16.207805],[-72.46674,-16.206008],[-72.465854,-16.202265],[-72.465828,-16.202043],[-72.466087,-16.19957],[-72.465981,-16.197991],[-72.465933,-16.197773],[-72.46537,-16.196788],[-72.464992,-16.196221],[-72.464914,-16.196012],[-72.464702,-16.195132],[-72.464668,-16.19491],[-72.464619,-16.193102],[-72.464522,-16.190843],[-72.464503,-16.189713],[-72.464556,-16.187905],[-72.464585,-16.187682],[-72.464757,-16.187026],[-72.464865,-16.18683],[-72.465022,-16.186667],[-72.465408,-16.186423],[-72.466123,-16.185857],[-72.466427,-16.18552],[-72.466538,-16.185324],[-72.466608,-16.185109],[-72.466647,-16.18466],[-72.466527,-16.182855],[-72.466634,-16.18243],[-72.466643,-16.182204],[-72.466851,-16.181802],[-72.466932,-16.181591],[-72.466956,-16.181366],[-72.467081,-16.181187],[-72.46729,-16.1811],[-72.467516,-16.181082],[-72.468198,-16.18117],[-72.468657,-16.181167],[-72.469331,-16.181027],[-72.469554,-16.180975],[-72.470207,-16.180761],[-72.471,-16.180308],[-72.471186,-16.180175],[-72.471348,-16.180019],[-72.471583,-16.179632],[-72.471607,-16.178955],[-72.471571,-16.177826],[-72.471706,-16.177654],[-72.472081,-16.177393],[-72.472409,-16.177078],[-72.472585,-16.176937],[-72.473429,-16.176584],[-72.474123,-16.175993],[-72.474329,-16.175898],[-72.474553,-16.175853],[-72.475925,-16.175729],[-72.477283,-16.175501],[-72.477491,-16.175421],[-72.477674,-16.175285],[-72.47781,-16.175104],[-72.478132,-16.174784],[-72.478398,-16.174418],[-72.478559,-16.174258],[-72.481352,-16.172276],[-72.482745,-16.171097],[-72.483629,-16.170057],[-72.483842,-16.169417],[-72.484439,-16.168196],[-72.484805,-16.167124],[-72.485004,-16.166012],[-72.485128,-16.165577],[-72.485148,-16.165352],[-72.485231,-16.165142],[-72.485364,-16.164959],[-72.48567,-16.164622],[-72.485937,-16.164254],[-72.486154,-16.163857],[-72.486421,-16.163232],[-72.486626,-16.162829],[-72.48706,-16.162302],[-72.487154,-16.162096],[-72.487316,-16.161438],[-72.487558,-16.160804],[-72.488342,-16.159689],[-72.488761,-16.159151],[-72.488869,-16.158953],[-72.489237,-16.158126],[-72.489382,-16.157954],[-72.489759,-16.157696],[-72.48991,-16.157532],[-72.490023,-16.157337],[-72.490055,-16.157113],[-72.490137,-16.15576],[-72.490171,-16.155537],[-72.490309,-16.155105],[-72.490783,-16.154334],[-72.491076,-16.153995],[-72.491565,-16.152972],[-72.491691,-16.152538],[-72.491787,-16.151185],[-72.492171,-16.147587],[-72.492204,-16.147136],[-72.49214,-16.146691],[-72.492073,-16.146475],[-72.49197,-16.146274],[-72.4902,-16.143633],[-72.488361,-16.140501],[-72.488262,-16.140298],[-72.488117,-16.13987],[-72.488085,-16.139648],[-72.48804,-16.138292],[-72.488054,-16.135354],[-72.488138,-16.135147],[-72.488278,-16.134969],[-72.489035,-16.134119],[-72.489732,-16.13353],[-72.489887,-16.133365],[-72.490093,-16.13327],[-72.490528,-16.133127],[-72.490712,-16.133006],[-72.49085,-16.132826],[-72.491087,-16.13244],[-72.491652,-16.131728],[-72.492173,-16.131288],[-72.492385,-16.130888],[-72.492541,-16.130726],[-72.492924,-16.13048],[-72.493059,-16.1303],[-72.493149,-16.129864],[-72.493337,-16.129212],[-72.493822,-16.127703],[-72.49387,-16.127254],[-72.493819,-16.126806],[-72.493764,-16.126586],[-72.493677,-16.126379],[-72.49301,-16.125192],[-72.492369,-16.123991],[-72.49209,-16.123372],[-72.49169,-16.121839],[-72.491151,-16.12011],[-72.490158,-16.116627],[-72.490057,-16.115956],[-72.488897,-16.110652],[-72.488778,-16.109984],[-72.488782,-16.109761],[-72.489021,-16.108888],[-72.49139,-16.099451],[-72.491702,-16.098846],[-72.491999,-16.098503],[-72.492133,-16.09832],[-72.492241,-16.098121],[-72.492303,-16.097908],[-72.492327,-16.097683],[-72.492382,-16.097466],[-72.492568,-16.097052],[-72.492825,-16.09668],[-72.493017,-16.09627],[-72.493077,-16.096054],[-72.493205,-16.095866],[-72.493301,-16.095666],[-72.493334,-16.095442],[-72.493315,-16.095218],[-72.49321,-16.094778],[-72.492248,-16.092726],[-72.492073,-16.092308],[-72.492026,-16.092089],[-72.49187,-16.090514],[-72.491806,-16.089159],[-72.49175,-16.088483],[-72.491757,-16.088259],[-72.491876,-16.087823],[-72.491974,-16.08762],[-72.493546,-16.085391],[-72.493639,-16.085188],[-72.493917,-16.084092],[-72.494109,-16.082748],[-72.494169,-16.082534],[-72.49462,-16.081748],[-72.494656,-16.081528],[-72.494613,-16.080625],[-72.494575,-16.080402],[-72.494504,-16.080189],[-72.494403,-16.079986],[-72.494137,-16.07962],[-72.494053,-16.079413],[-72.493952,-16.078742],[-72.493847,-16.078302],[-72.493777,-16.077627],[-72.493692,-16.077183],[-72.493611,-16.075829],[-72.493659,-16.07538],[-72.493772,-16.073575],[-72.493798,-16.072445],[-72.49378,-16.07222],[-72.493493,-16.069977],[-72.4931,-16.068677],[-72.493061,-16.068455],[-72.492836,-16.066659],[-72.492812,-16.066208],[-72.492769,-16.065988],[-72.492703,-16.065772],[-72.4926,-16.065571],[-72.492485,-16.06514],[-72.492401,-16.064929],[-72.492132,-16.063831],[-72.4921,-16.063607],[-72.492198,-16.062944],[-72.492091,-16.062505],[-72.492066,-16.06228],[-72.492059,-16.062055],[-72.492138,-16.061381],[-72.49209,-16.061161],[-72.492008,-16.060953],[-72.491774,-16.060564],[-72.491453,-16.060243],[-72.491063,-16.060004],[-72.490634,-16.059845],[-72.490253,-16.059594],[-72.489721,-16.059163],[-72.489506,-16.0591],[-72.487471,-16.058747],[-72.487377,-16.058563],[-72.487255,-16.056985],[-72.48725,-16.055629],[-72.487304,-16.055411],[-72.488741,-16.051118],[-72.489522,-16.045746],[-72.489715,-16.04304],[-72.489929,-16.03807],[-72.490038,-16.037172],[-72.490197,-16.036748],[-72.4902,-16.036297],[-72.490265,-16.036084],[-72.490619,-16.03525],[-72.490823,-16.034369],[-72.490941,-16.0337],[-72.491156,-16.03331],[-72.491185,-16.033086],[-72.491185,-16.032862],[-72.491022,-16.031743],[-72.490926,-16.031538],[-72.490459,-16.031053],[-72.490375,-16.030848],[-72.490296,-16.029948],[-72.489821,-16.027506],[-72.489632,-16.02639],[-72.48956,-16.025716],[-72.489123,-16.024194],[-72.489033,-16.023757],[-72.488676,-16.022924],[-72.488252,-16.022122],[-72.487853,-16.021307],[-72.487608,-16.020677],[-72.487595,-16.020228],[-72.487484,-16.020039],[-72.487295,-16.019911],[-72.486727,-16.019202],[-72.486523,-16.018799],[-72.486075,-16.018286],[-72.485684,-16.017728],[-72.485652,-16.017509],[-72.485695,-16.017289],[-72.485688,-16.017066],[-72.485627,-16.016618],[-72.485566,-16.016403],[-72.485478,-16.016197],[-72.485493,-16.015975],[-72.485942,-16.015188],[-72.485976,-16.014964],[-72.486048,-16.01475],[-72.48619,-16.01459],[-72.486363,-16.014696],[-72.486326,-16.014914],[-72.48608,-16.015548],[-72.485956,-16.015983],[-72.48594,-16.016207],[-72.485957,-16.016431],[-72.486009,-16.016649],[-72.486178,-16.016796],[-72.486397,-16.016801],[-72.486581,-16.016666],[-72.486724,-16.016497],[-72.48721,-16.015473],[-72.487337,-16.01504],[-72.487644,-16.014187],[-72.488249,-16.012721],[-72.488549,-16.012111],[-72.489406,-16.010773],[-72.490146,-16.009368],[-72.491344,-16.006925],[-72.492941,-16.00392],[-72.493638,-16.00275],[-72.495337,-16.000063],[-72.496652,-15.998209],[-72.496983,-15.997615],[-72.497606,-15.996405],[-72.49817,-15.99542],[-72.50184,-15.988381],[-72.502527,-15.986951],[-72.503923,-15.983604],[-72.504378,-15.982324],[-72.505642,-15.978928],[-72.506878,-15.974338],[-72.507381,-15.972835],[-72.507774,-15.970379],[-72.507811,-15.969702],[-72.507841,-15.969483],[-72.508412,-15.968775],[-72.508634,-15.968381],[-72.508703,-15.967936],[-72.508643,-15.96749],[-72.508472,-15.966836],[-72.508492,-15.966612],[-72.508952,-15.965095],[-72.509184,-15.964457],[-72.509308,-15.964022],[-72.509302,-15.963798],[-72.509238,-15.963586],[-72.50913,-15.963387],[-72.50913,-15.962934],[-72.509153,-15.962713],[-72.509263,-15.96252],[-72.509442,-15.962387],[-72.509665,-15.962331],[-72.510165,-15.961575],[-72.510277,-15.96114],[-72.51023,-15.960693],[-72.510148,-15.960482],[-72.510183,-15.95981],[-72.510428,-15.959427],[-72.510507,-15.95922],[-72.510597,-15.958781],[-72.510978,-15.958218],[-72.511051,-15.958004],[-72.51104,-15.957796],[-72.510828,-15.957395],[-72.510784,-15.957175],[-72.510743,-15.956728],[-72.510838,-15.956287],[-72.510831,-15.956061],[-72.510532,-15.955209],[-72.510554,-15.954984],[-72.510604,-15.954769],[-72.513101,-15.950974],[-72.514375,-15.948827],[-72.516046,-15.946391],[-72.519729,-15.94066],[-72.520048,-15.940335],[-72.520232,-15.940202],[-72.52063,-15.93998],[-72.521703,-15.939577],[-72.525069,-15.938859],[-72.525295,-15.938876],[-72.52548,-15.938983],[-72.526036,-15.939702],[-72.526232,-15.939774],[-72.526437,-15.939674],[-72.526613,-15.939538],[-72.526881,-15.939171],[-72.526987,-15.938975],[-72.5274,-15.937213],[-72.527694,-15.936356],[-72.527826,-15.936174],[-72.528388,-15.935786],[-72.529228,-15.935421],[-72.532222,-15.933745],[-72.532435,-15.93367],[-72.532887,-15.933589],[-72.53331,-15.933416],[-72.533868,-15.933021],[-72.534015,-15.932848],[-72.533964,-15.932653],[-72.533777,-15.932531],[-72.533324,-15.932456],[-72.532556,-15.931966],[-72.53242,-15.931796],[-72.53239,-15.931587],[-72.532549,-15.931461],[-72.532771,-15.931415],[-72.533196,-15.931579],[-72.533424,-15.931607],[-72.533612,-15.93153],[-72.533726,-15.931345],[-72.533971,-15.928869],[-72.534067,-15.928674],[-72.534262,-15.928578],[-72.535601,-15.928266],[-72.536015,-15.92807],[-72.536139,-15.927902],[-72.5362,-15.927685],[-72.536181,-15.927007],[-72.53653,-15.925697],[-72.536637,-15.925503],[-72.537091,-15.924993],[-72.537214,-15.924811],[-72.537244,-15.924361],[-72.537095,-15.922785],[-72.537097,-15.922562],[-72.53715,-15.922342],[-72.537107,-15.922124],[-72.536934,-15.921999],[-72.536284,-15.921775],[-72.536097,-15.921669],[-72.536066,-15.921468],[-72.536237,-15.921356],[-72.536696,-15.921334],[-72.53692,-15.92129],[-72.537106,-15.921164],[-72.538536,-15.920027],[-72.53868,-15.919853],[-72.53869,-15.91963],[-72.538804,-15.919457],[-72.539001,-15.919349],[-72.53922,-15.919282],[-72.539642,-15.919426],[-72.540098,-15.91947],[-72.540323,-15.919447],[-72.540543,-15.919389],[-72.540997,-15.919337],[-72.541198,-15.919229],[-72.541411,-15.919172],[-72.54187,-15.919178],[-72.542326,-15.919222],[-72.542688,-15.91946],[-72.542906,-15.919395],[-72.54313,-15.919363],[-72.544506,-15.919415],[-72.545194,-15.919411],[-72.545416,-15.919363],[-72.545853,-15.919224],[-72.546077,-15.919182],[-72.546306,-15.919166],[-72.546765,-15.919177],[-72.546948,-15.919072],[-72.547109,-15.918911],[-72.547324,-15.918851],[-72.547554,-15.91885],[-72.54777,-15.918803],[-72.548519,-15.918279],[-72.548719,-15.918176],[-72.54894,-15.918114],[-72.549165,-15.918073],[-72.549388,-15.918084],[-72.549576,-15.918211],[-72.549776,-15.918191],[-72.550061,-15.917842],[-72.550468,-15.917634],[-72.550564,-15.917444],[-72.550578,-15.917219],[-72.550557,-15.916542],[-72.550474,-15.916331],[-72.550492,-15.916118],[-72.55061,-15.915925],[-72.550634,-15.915714],[-72.550449,-15.91561],[-72.550261,-15.915721],[-72.550105,-15.915887],[-72.549951,-15.916055],[-72.549696,-15.916428],[-72.549525,-15.916358],[-72.549796,-15.915746],[-72.549924,-15.915558],[-72.550067,-15.915384],[-72.550422,-15.915097],[-72.550493,-15.914929],[-72.550304,-15.914898],[-72.549766,-15.915318],[-72.549184,-15.916011],[-72.549099,-15.915884],[-72.549344,-15.915502],[-72.54991,-15.91479],[-72.550946,-15.913897],[-72.551133,-15.91377],[-72.551772,-15.913517],[-72.552209,-15.91338],[-72.552374,-15.913231],[-72.552224,-15.913112],[-72.552001,-15.913159],[-72.550925,-15.913552],[-72.550307,-15.913853],[-72.549725,-15.914214],[-72.549001,-15.914769],[-72.548832,-15.914921],[-72.548547,-15.915274],[-72.548373,-15.915416],[-72.548156,-15.915488],[-72.547943,-15.915444],[-72.547827,-15.915258],[-72.54791,-15.914591],[-72.547815,-15.914389],[-72.547679,-15.914207],[-72.547371,-15.913872],[-72.547324,-15.913653],[-72.547357,-15.913432],[-72.547649,-15.913084],[-72.548033,-15.912521],[-72.548179,-15.912359],[-72.548394,-15.91228],[-72.548847,-15.912209],[-72.549061,-15.912134],[-72.550456,-15.911349],[-72.550832,-15.91109],[-72.551033,-15.911001],[-72.551492,-15.911009],[-72.552101,-15.9107],[-72.552227,-15.910515],[-72.552298,-15.9103],[-72.552397,-15.910097],[-72.55256,-15.909943],[-72.552763,-15.909842],[-72.553439,-15.909727],[-72.555213,-15.909263],[-72.556233,-15.908744],[-72.556814,-15.908382],[-72.557415,-15.908051],[-72.557569,-15.907892],[-72.558138,-15.90691],[-72.558275,-15.906733],[-72.559466,-15.90567],[-72.560478,-15.905143],[-72.560642,-15.904986],[-72.561165,-15.904244],[-72.562936,-15.901878],[-72.563039,-15.901676],[-72.563094,-15.90146],[-72.563053,-15.901245],[-72.562724,-15.900931],[-72.56267,-15.900721],[-72.56275,-15.900514],[-72.563299,-15.899789],[-72.564294,-15.898547],[-72.564635,-15.898245],[-72.564826,-15.898124],[-72.565877,-15.897669],[-72.566732,-15.897338],[-72.566938,-15.897242],[-72.567315,-15.896984],[-72.568549,-15.895644],[-72.570377,-15.893041],[-72.57054,-15.892884],[-72.570724,-15.892751],[-72.571328,-15.892425],[-72.571538,-15.892338],[-72.571986,-15.892242],[-72.573129,-15.892136],[-72.573355,-15.892097],[-72.57448,-15.89187],[-72.574888,-15.891666],[-72.577453,-15.889077],[-72.577849,-15.888262],[-72.577863,-15.887815],[-72.577931,-15.887368],[-72.577989,-15.887151],[-72.578257,-15.886526],[-72.578382,-15.886351],[-72.5786,-15.886305],[-72.579053,-15.886269],[-72.579504,-15.886328],[-72.579947,-15.886206],[-72.581246,-15.885755],[-72.581917,-15.885604],[-72.583047,-15.885406],[-72.58371,-15.885231],[-72.584096,-15.884985],[-72.584271,-15.884843],[-72.584422,-15.884672],[-72.584532,-15.884475],[-72.584448,-15.88428],[-72.584284,-15.884121],[-72.584153,-15.88394],[-72.584166,-15.883724],[-72.584321,-15.883558],[-72.584494,-15.883432],[-72.584723,-15.883442],[-72.584949,-15.88348],[-72.585176,-15.883482],[-72.585386,-15.883407],[-72.585716,-15.883096],[-72.586099,-15.882848],[-72.586945,-15.882497],[-72.587355,-15.882293],[-72.587745,-15.882055],[-72.58793,-15.881925],[-72.588235,-15.88159],[-72.588919,-15.881548],[-72.58914,-15.881507],[-72.589316,-15.881371],[-72.589431,-15.881176],[-72.589907,-15.880148],[-72.590116,-15.879502],[-72.590322,-15.879098],[-72.59046,-15.878926],[-72.59067,-15.878948],[-72.590756,-15.879142],[-72.590536,-15.879784],[-72.590249,-15.880879],[-72.590169,-15.881089],[-72.590065,-15.881291],[-72.589792,-15.881654],[-72.589845,-15.88184],[-72.590015,-15.881717],[-72.590379,-15.881143],[-72.590905,-15.880138],[-72.591048,-15.879965],[-72.591381,-15.879654],[-72.593214,-15.878292],[-72.593775,-15.877899],[-72.593979,-15.877811],[-72.594207,-15.87779],[-72.595585,-15.877799],[-72.595813,-15.877781],[-72.596029,-15.877714],[-72.596225,-15.877597],[-72.597842,-15.87633],[-72.598155,-15.876001],[-72.598502,-15.875712],[-72.598944,-15.875591],[-72.599121,-15.875458],[-72.599313,-15.875047],[-72.599442,-15.874861],[-72.599624,-15.87473],[-72.600225,-15.874399],[-72.600439,-15.874318],[-72.600896,-15.87428],[-72.600985,-15.87408],[-72.600811,-15.873958],[-72.600591,-15.87389],[-72.600362,-15.873882],[-72.599676,-15.873938],[-72.599448,-15.87392],[-72.598787,-15.873741],[-72.598572,-15.873663],[-72.598462,-15.873477],[-72.598534,-15.873274],[-72.598718,-15.873147],[-72.599397,-15.873042],[-72.60027,-15.87276],[-72.600495,-15.872725],[-72.601181,-15.872679],[-72.601409,-15.872709],[-72.601622,-15.872785],[-72.602036,-15.872976],[-72.602227,-15.872913],[-72.602167,-15.872721],[-72.601953,-15.872641],[-72.60085,-15.87233],[-72.600404,-15.872225],[-72.600202,-15.872123],[-72.600098,-15.871936],[-72.600119,-15.871717],[-72.60023,-15.871524],[-72.600786,-15.870804],[-72.600941,-15.870641],[-72.601142,-15.870533],[-72.601575,-15.870382],[-72.602236,-15.870194],[-72.602462,-15.870186],[-72.602673,-15.870267],[-72.603039,-15.870539],[-72.603261,-15.870585],[-72.603489,-15.870579],[-72.60371,-15.870631],[-72.60389,-15.870764],[-72.604048,-15.870928],[-72.60422,-15.870809],[-72.604161,-15.870605],[-72.603955,-15.870201],[-72.603813,-15.870024],[-72.603209,-15.8697],[-72.602782,-15.869534],[-72.602555,-15.869501],[-72.602511,-15.869299],[-72.602717,-15.869272],[-72.60315,-15.869422],[-72.604268,-15.86966],[-72.604643,-15.869922],[-72.604849,-15.870003],[-72.605065,-15.869956],[-72.605149,-15.869758],[-72.605016,-15.869584],[-72.604812,-15.869485],[-72.603946,-15.869188],[-72.60375,-15.86907],[-72.603661,-15.868876],[-72.603716,-15.868666],[-72.60388,-15.868508],[-72.604068,-15.868379],[-72.604275,-15.86829],[-72.604502,-15.868276],[-72.60542,-15.868313],[-72.605644,-15.868344],[-72.605849,-15.868444],[-72.606379,-15.868877],[-72.606753,-15.869134],[-72.606948,-15.869074],[-72.606876,-15.868895],[-72.606692,-15.86876],[-72.606554,-15.86859],[-72.606173,-15.867767],[-72.606199,-15.867544],[-72.606344,-15.867369],[-72.606743,-15.867149],[-72.606961,-15.86708],[-72.607186,-15.86706],[-72.607644,-15.867096],[-72.607863,-15.86716],[-72.608089,-15.867188],[-72.608316,-15.867163],[-72.608746,-15.867013],[-72.608973,-15.866999],[-72.60943,-15.867047],[-72.609652,-15.867002],[-72.610012,-15.866724],[-72.610205,-15.866618],[-72.610433,-15.866611],[-72.610653,-15.86666],[-72.610836,-15.86679],[-72.61094,-15.866986],[-72.610949,-15.867438],[-72.610985,-15.867659],[-72.611398,-15.868465],[-72.611594,-15.868542],[-72.61173,-15.868377],[-72.611763,-15.867931],[-72.611877,-15.867735],[-72.611935,-15.867522],[-72.611909,-15.867297],[-72.611922,-15.86708],[-72.612093,-15.866944],[-72.612779,-15.866988],[-72.613456,-15.867102],[-72.613629,-15.867225],[-72.613753,-15.867892],[-72.613879,-15.86803],[-72.613959,-15.867845],[-72.613836,-15.867412],[-72.614039,-15.867017],[-72.613944,-15.866817],[-72.613734,-15.866752],[-72.613282,-15.86674],[-72.613115,-15.866585],[-72.612913,-15.866186],[-72.613227,-15.865863],[-72.61341,-15.865728],[-72.613615,-15.865632],[-72.614057,-15.86551],[-72.614499,-15.865461],[-72.614662,-15.865329],[-72.61511,-15.865234],[-72.615271,-15.865083],[-72.61526,-15.864868],[-72.614941,-15.86455],[-72.614863,-15.864346],[-72.61489,-15.863894],[-72.615086,-15.863825],[-72.615187,-15.864018],[-72.615206,-15.864242],[-72.615368,-15.864384],[-72.616265,-15.864573],[-72.616458,-15.864487],[-72.61642,-15.864296],[-72.615807,-15.863993],[-72.615701,-15.863811],[-72.615837,-15.863653],[-72.616277,-15.863529],[-72.616727,-15.863435],[-72.616953,-15.863444],[-72.617628,-15.863576],[-72.617854,-15.863568],[-72.618492,-15.863315],[-72.618715,-15.86327],[-72.619402,-15.863237],[-72.619625,-15.863199],[-72.619829,-15.863097],[-72.619996,-15.862949],[-72.619918,-15.862781],[-72.619244,-15.86269],[-72.619086,-15.862554],[-72.61912,-15.86234],[-72.619315,-15.862248],[-72.619999,-15.862315],[-72.620672,-15.862458],[-72.6209,-15.862483],[-72.62103,-15.862635],[-72.621181,-15.863062],[-72.621296,-15.863253],[-72.621492,-15.863368],[-72.621664,-15.863512],[-72.621736,-15.863723],[-72.62191,-15.864609],[-72.621892,-15.864831],[-72.621458,-15.866354],[-72.621416,-15.866577],[-72.621441,-15.866785],[-72.621662,-15.866781],[-72.621773,-15.866591],[-72.621809,-15.866367],[-72.621968,-15.866212],[-72.622174,-15.866112],[-72.622363,-15.865985],[-72.622465,-15.865789],[-72.62249,-15.865564],[-72.622621,-15.865383],[-72.623023,-15.865165],[-72.624672,-15.864371],[-72.626367,-15.863208],[-72.626715,-15.862913],[-72.626873,-15.862749],[-72.627146,-15.862385],[-72.627328,-15.862249],[-72.627556,-15.862231],[-72.628008,-15.86231],[-72.628927,-15.862312],[-72.629155,-15.862332],[-72.629364,-15.862411],[-72.629752,-15.862653],[-72.629926,-15.862796],[-72.630077,-15.862966],[-72.630159,-15.863177],[-72.630469,-15.863782],[-72.630612,-15.863955],[-72.63083,-15.863991],[-72.631275,-15.86389],[-72.631504,-15.863872],[-72.632174,-15.863718],[-72.6326,-15.863552],[-72.633906,-15.862283],[-72.634203,-15.861939],[-72.634451,-15.861558],[-72.634571,-15.861122],[-72.634656,-15.860914],[-72.634769,-15.86072],[-72.634693,-15.860514],[-72.634524,-15.860363],[-72.634417,-15.860165],[-72.633974,-15.858881],[-72.633795,-15.858465],[-72.633788,-15.858243],[-72.633868,-15.858035],[-72.634199,-15.857441],[-72.634262,-15.857224],[-72.63428,-15.856999],[-72.634348,-15.85679],[-72.634547,-15.856701],[-72.635006,-15.856708],[-72.635221,-15.856641],[-72.635416,-15.856522],[-72.635635,-15.856453],[-72.63586,-15.856436],[-72.636086,-15.856469],[-72.636532,-15.856578],[-72.636759,-15.856605],[-72.636988,-15.856624],[-72.637445,-15.856594],[-72.637893,-15.856495],[-72.638333,-15.856366],[-72.638382,-15.856168],[-72.638305,-15.855955],[-72.638149,-15.854607],[-72.638005,-15.853944],[-72.637927,-15.853734],[-72.636472,-15.851985],[-72.636297,-15.851845],[-72.635853,-15.851735],[-72.635017,-15.851361],[-72.63482,-15.85125],[-72.634675,-15.851079],[-72.634601,-15.850865],[-72.634563,-15.850644],[-72.634581,-15.850419],[-72.634651,-15.850206],[-72.63475,-15.850002],[-72.635181,-15.849476],[-72.63529,-15.849289],[-72.635162,-15.849117],[-72.634957,-15.849017],[-72.634272,-15.848952],[-72.634109,-15.848816],[-72.634247,-15.848681],[-72.635163,-15.848749],[-72.635614,-15.848826],[-72.635778,-15.848972],[-72.635866,-15.84918],[-72.635927,-15.849398],[-72.635955,-15.849621],[-72.635947,-15.849846],[-72.635901,-15.850067],[-72.635765,-15.850498],[-72.635817,-15.8507],[-72.636036,-15.850733],[-72.636167,-15.85057],[-72.63633,-15.849681],[-72.63636,-15.84923],[-72.636329,-15.849006],[-72.636249,-15.848794],[-72.636037,-15.848396],[-72.63602,-15.848173],[-72.636211,-15.848108],[-72.636317,-15.848291],[-72.636379,-15.848509],[-72.636685,-15.849115],[-72.636765,-15.849327],[-72.63677,-15.849548],[-72.636714,-15.849766],[-72.636851,-15.84991],[-72.637016,-15.849796],[-72.63707,-15.849576],[-72.637061,-15.84935],[-72.636995,-15.848904],[-72.63707,-15.848704],[-72.637238,-15.848553],[-72.638692,-15.847447],[-72.638807,-15.847251],[-72.638946,-15.84708],[-72.63913,-15.847157],[-72.639146,-15.847377],[-72.639011,-15.847559],[-72.638372,-15.848208],[-72.637869,-15.848963],[-72.637795,-15.84917],[-72.637772,-15.849621],[-72.637871,-15.849806],[-72.638055,-15.849728],[-72.638069,-15.849277],[-72.638163,-15.849078],[-72.638308,-15.848905],[-72.638637,-15.848589],[-72.63882,-15.848457],[-72.639234,-15.848261],[-72.639424,-15.848139],[-72.639586,-15.84798],[-72.639713,-15.847793],[-72.639912,-15.847386],[-72.640041,-15.847199],[-72.640179,-15.847019],[-72.640647,-15.846521],[-72.640933,-15.846168],[-72.641132,-15.846085],[-72.641226,-15.846246],[-72.641091,-15.846427],[-72.640482,-15.847103],[-72.640356,-15.847292],[-72.640238,-15.847485],[-72.639932,-15.848338],[-72.639998,-15.848543],[-72.640215,-15.848588],[-72.640374,-15.848452],[-72.640571,-15.847571],[-72.640644,-15.847357],[-72.640755,-15.847161],[-72.6409,-15.846987],[-72.641231,-15.846675],[-72.64183,-15.84599],[-72.642204,-15.845728],[-72.643167,-15.845112],[-72.643369,-15.84501],[-72.644239,-15.844718],[-72.645118,-15.844458],[-72.645527,-15.844252],[-72.645752,-15.844231],[-72.64688,-15.844438],[-72.647108,-15.844461],[-72.64731,-15.844377],[-72.647522,-15.843978],[-72.647718,-15.843328],[-72.647727,-15.842877],[-72.647761,-15.842653],[-72.647818,-15.842435],[-72.648081,-15.84181],[-72.64814,-15.841362],[-72.647982,-15.840946],[-72.647869,-15.840751],[-72.647731,-15.840571],[-72.64763,-15.840371],[-72.647637,-15.840146],[-72.647774,-15.839715],[-72.647885,-15.83952],[-72.649603,-15.83839],[-72.649797,-15.838269],[-72.650009,-15.838183],[-72.650187,-15.838284],[-72.650147,-15.838492],[-72.649249,-15.839189],[-72.648836,-15.839382],[-72.648736,-15.839575],[-72.648873,-15.839744],[-72.649423,-15.840151],[-72.649851,-15.8403],[-72.650269,-15.840477],[-72.651172,-15.840643],[-72.651388,-15.840701],[-72.651983,-15.84139],[-72.652157,-15.841512],[-72.652361,-15.841473],[-72.652604,-15.841091],[-72.652881,-15.84073],[-72.653225,-15.840431],[-72.653196,-15.840279],[-72.653027,-15.840127],[-72.652928,-15.839972],[-72.653034,-15.839864],[-72.652921,-15.840022],[-72.653268,-15.840317],[-72.653642,-15.840147],[-72.653856,-15.840217],[-72.654816,-15.840831],[-72.654878,-15.841274],[-72.654981,-15.841462],[-72.655653,-15.8416],[-72.655867,-15.841681],[-72.655997,-15.841853],[-72.656014,-15.842077],[-72.655939,-15.842751],[-72.655958,-15.842973],[-72.656046,-15.843182],[-72.65606,-15.8434],[-72.655905,-15.84356],[-72.65578,-15.843746],[-72.655653,-15.84441],[-72.655759,-15.844849],[-72.655934,-15.845266],[-72.656045,-15.845464],[-72.656073,-15.845681],[-72.655916,-15.845836],[-72.655718,-15.84595],[-72.655593,-15.846138],[-72.655404,-15.84655],[-72.65534,-15.846764],[-72.655463,-15.846935],[-72.655658,-15.846866],[-72.655698,-15.846426],[-72.655856,-15.846265],[-72.656387,-15.845833],[-72.656497,-15.845653],[-72.65623,-15.845295],[-72.656174,-15.845079],[-72.656158,-15.844854],[-72.656171,-15.844402],[-72.656228,-15.844184],[-72.656638,-15.843379],[-72.656644,-15.843154],[-72.656583,-15.842706],[-72.656587,-15.842481],[-72.656792,-15.841834],[-72.656737,-15.841619],[-72.656626,-15.841421],[-72.656564,-15.841207],[-72.656635,-15.841001],[-72.656822,-15.840869],[-72.657164,-15.840571],[-72.6574,-15.840183],[-72.657548,-15.840014],[-72.657926,-15.83976],[-72.658279,-15.839471],[-72.65887,-15.83878],[-72.659065,-15.838662],[-72.659167,-15.838474],[-72.659135,-15.838023],[-72.65902,-15.837355],[-72.658853,-15.836936],[-72.658669,-15.83681],[-72.658249,-15.836628],[-72.658087,-15.836473],[-72.657938,-15.836046],[-72.65779,-15.835879],[-72.657615,-15.835733],[-72.657548,-15.835525],[-72.657663,-15.83534],[-72.658563,-15.834639],[-72.65873,-15.834486],[-72.658749,-15.834271],[-72.658484,-15.833645],[-72.657924,-15.832932],[-72.657962,-15.832725],[-72.65817,-15.832652],[-72.658328,-15.832792],[-72.658371,-15.833014],[-72.658461,-15.833217],[-72.658972,-15.833667],[-72.659191,-15.833662],[-72.659367,-15.833519],[-72.659666,-15.833176],[-72.660305,-15.832526],[-72.660755,-15.832013],[-72.6608,-15.831795],[-72.660462,-15.831205],[-72.660394,-15.830991],[-72.660398,-15.830765],[-72.660429,-15.830542],[-72.660678,-15.83017],[-72.660644,-15.829955],[-72.660104,-15.828961],[-72.660129,-15.828746],[-72.660298,-15.828597],[-72.660522,-15.828564],[-72.660981,-15.828544],[-72.661165,-15.828646],[-72.661146,-15.828859],[-72.661053,-15.829065],[-72.661005,-15.829278],[-72.661155,-15.829442],[-72.661497,-15.829742],[-72.661604,-15.829935],[-72.661593,-15.83016],[-72.661698,-15.830343],[-72.661922,-15.830377],[-72.662151,-15.830375],[-72.662374,-15.830421],[-72.662591,-15.830493],[-72.662795,-15.830595],[-72.662876,-15.83079],[-72.662823,-15.831009],[-72.662709,-15.831199],[-72.662325,-15.831442],[-72.662152,-15.831582],[-72.662145,-15.8318],[-72.662304,-15.831956],[-72.6625,-15.832074],[-72.662669,-15.832223],[-72.662951,-15.83258],[-72.663199,-15.832959],[-72.663475,-15.833579],[-72.663638,-15.833736],[-72.664223,-15.834092],[-72.664678,-15.834106],[-72.664892,-15.83418],[-72.66496,-15.834385],[-72.664913,-15.834605],[-72.664894,-15.834825],[-72.665075,-15.834933],[-72.665226,-15.834791],[-72.665436,-15.834145],[-72.665691,-15.833516],[-72.665835,-15.83334],[-72.666498,-15.832714],[-72.66714,-15.832068],[-72.66729,-15.831897],[-72.667395,-15.831699],[-72.667391,-15.831474],[-72.667313,-15.831267],[-72.667146,-15.831119],[-72.666493,-15.830904],[-72.666332,-15.830753],[-72.666334,-15.830531],[-72.666569,-15.829894],[-72.666568,-15.829671],[-72.666266,-15.829339],[-72.666239,-15.82912],[-72.666302,-15.828904],[-72.666319,-15.828679],[-72.666175,-15.828251],[-72.666069,-15.828052],[-72.665921,-15.827879],[-72.665832,-15.827688],[-72.665912,-15.827486],[-72.666055,-15.82731],[-72.666095,-15.827088],[-72.666094,-15.826863],[-72.666019,-15.826654],[-72.665539,-15.825883],[-72.66505,-15.825408],[-72.664351,-15.824821],[-72.66419,-15.824661],[-72.664158,-15.824451],[-72.664445,-15.824098],[-72.664568,-15.823911],[-72.664633,-15.823697],[-72.664694,-15.823021],[-72.664735,-15.822799],[-72.664827,-15.822593],[-72.664949,-15.822403],[-72.665237,-15.822051],[-72.666244,-15.821127],[-72.666622,-15.82087],[-72.667249,-15.820593],[-72.667653,-15.820379],[-72.668404,-15.819859],[-72.668914,-15.819404],[-72.669383,-15.818908],[-72.669615,-15.818519],[-72.669688,-15.818307],[-72.66979,-15.817866],[-72.669795,-15.817645],[-72.669665,-15.817212],[-72.669633,-15.81699],[-72.669739,-15.816801],[-72.670153,-15.816613],[-72.670607,-15.816112],[-72.670549,-15.815933],[-72.670354,-15.815815],[-72.670229,-15.815634],[-72.670162,-15.815418],[-72.669987,-15.815],[-72.669711,-15.81464],[-72.669363,-15.814346],[-72.668588,-15.813862],[-72.668386,-15.813755],[-72.668169,-15.813683],[-72.667714,-15.813626],[-72.666584,-15.813423],[-72.666368,-15.813357],[-72.666198,-15.813216],[-72.666023,-15.812799],[-72.666036,-15.812582],[-72.666455,-15.812044],[-72.666685,-15.81166],[-72.666661,-15.811209],[-72.666529,-15.810544],[-72.66621,-15.809697],[-72.665889,-15.809104],[-72.665861,-15.80888],[-72.665862,-15.808654],[-72.665878,-15.808429],[-72.66595,-15.808215],[-72.666078,-15.808031],[-72.666462,-15.807782],[-72.666606,-15.807626],[-72.666528,-15.807424],[-72.666416,-15.807227],[-72.666367,-15.806783],[-72.66632,-15.806566],[-72.666017,-15.806226],[-72.665949,-15.806029],[-72.666267,-15.804943],[-72.666436,-15.804524],[-72.666553,-15.804087],[-72.666669,-15.803419],[-72.666871,-15.802538],[-72.666897,-15.802087],[-72.666942,-15.801866],[-72.667058,-15.801429],[-72.667293,-15.800793],[-72.667332,-15.80057],[-72.667327,-15.800348],[-72.667235,-15.799905],[-72.666996,-15.799272],[-72.666226,-15.798147],[-72.66631,-15.797965],[-72.666522,-15.797933],[-72.666673,-15.798076],[-72.666712,-15.798298],[-72.666865,-15.798466],[-72.667221,-15.798748],[-72.667379,-15.798912],[-72.667725,-15.799748],[-72.667946,-15.800391],[-72.667949,-15.80061],[-72.66768,-15.80194],[-72.667833,-15.803515],[-72.667813,-15.803736],[-72.66732,-15.805479],[-72.667266,-15.805698],[-72.667247,-15.805923],[-72.66766,-15.80646],[-72.668159,-15.807219],[-72.668474,-15.808537],[-72.668601,-15.808972],[-72.669034,-15.810018],[-72.669352,-15.810344],[-72.669887,-15.810766],[-72.670185,-15.811108],[-72.670305,-15.811301],[-72.670513,-15.81137],[-72.670571,-15.811183],[-72.67012,-15.810673],[-72.670085,-15.810456],[-72.66998,-15.809103],[-72.6695,-15.805061],[-72.669523,-15.804836],[-72.669587,-15.804623],[-72.669686,-15.804418],[-72.669837,-15.804249],[-72.670033,-15.804135],[-72.670245,-15.804058],[-72.672076,-15.803935],[-72.672283,-15.804017],[-72.673396,-15.804813],[-72.673612,-15.804778],[-72.673599,-15.80457],[-72.673251,-15.804276],[-72.673176,-15.804071],[-72.673129,-15.80385],[-72.673004,-15.803672],[-72.672511,-15.803198],[-72.672074,-15.802674],[-72.671962,-15.80248],[-72.671812,-15.802053],[-72.671715,-15.801849],[-72.670914,-15.800476],[-72.670143,-15.799353],[-72.669741,-15.798294],[-72.66963,-15.797625],[-72.66964,-15.797174],[-72.669594,-15.796952],[-72.66936,-15.796563],[-72.669281,-15.796352],[-72.669232,-15.796133],[-72.669218,-15.795907],[-72.669294,-15.795234],[-72.6693,-15.794782],[-72.669398,-15.79434],[-72.669379,-15.794121],[-72.669257,-15.79393],[-72.669122,-15.7935],[-72.668997,-15.792835],[-72.66899,-15.792618],[-72.66842,-15.791909],[-72.667754,-15.791288],[-72.667708,-15.791084],[-72.667877,-15.790967],[-72.668074,-15.791051],[-72.668182,-15.79125],[-72.668322,-15.791418],[-72.668721,-15.791642],[-72.669071,-15.791931],[-72.669224,-15.792098],[-72.670354,-15.793524],[-72.670518,-15.793682],[-72.670734,-15.793686],[-72.67076,-15.793491],[-72.670484,-15.793136],[-72.670487,-15.79291],[-72.670432,-15.792695],[-72.670301,-15.792514],[-72.669843,-15.792007],[-72.669769,-15.791806],[-72.669927,-15.791666],[-72.670142,-15.791718],[-72.67054,-15.792263],[-72.670838,-15.792607],[-72.671089,-15.792982],[-72.671148,-15.793431],[-72.671134,-15.793883],[-72.670866,-15.794747],[-72.670586,-15.795366],[-72.670614,-15.795585],[-72.67072,-15.796024],[-72.670814,-15.79623],[-72.670971,-15.796391],[-72.670937,-15.796605],[-72.670764,-15.796751],[-72.670813,-15.796924],[-72.671277,-15.797425],[-72.671655,-15.797679],[-72.672378,-15.798237],[-72.672637,-15.798608],[-72.672797,-15.798771],[-72.672975,-15.798909],[-72.673054,-15.798744],[-72.672553,-15.798281],[-72.671976,-15.797578],[-72.671309,-15.796957],[-72.671215,-15.796774],[-72.671299,-15.796565],[-72.671339,-15.796349],[-72.671193,-15.795926],[-72.671215,-15.795474],[-72.671251,-15.795251],[-72.671329,-15.795054],[-72.671519,-15.794927],[-72.671791,-15.794565],[-72.672298,-15.794106],[-72.672448,-15.793941],[-72.672507,-15.793723],[-72.672525,-15.7935],[-72.67252,-15.793048],[-72.672472,-15.792827],[-72.672252,-15.792184],[-72.672162,-15.791977],[-72.671723,-15.791186],[-72.671749,-15.790961],[-72.671726,-15.790742],[-72.671549,-15.790606],[-72.671337,-15.79052],[-72.671164,-15.790373],[-72.670531,-15.789717],[-72.669831,-15.789133],[-72.669733,-15.788933],[-72.66967,-15.788486],[-72.669597,-15.788273],[-72.669032,-15.787561],[-72.669002,-15.787353],[-72.669172,-15.787215],[-72.66939,-15.787269],[-72.669708,-15.787592],[-72.669915,-15.78768],[-72.670142,-15.787665],[-72.670585,-15.787546],[-72.671457,-15.787266],[-72.673955,-15.786119],[-72.674345,-15.785884],[-72.676149,-15.784486],[-72.679966,-15.781584],[-72.680157,-15.781462],[-72.682092,-15.78075],[-72.682512,-15.780567],[-72.683118,-15.780248],[-72.683343,-15.780211],[-72.683572,-15.780211],[-72.685172,-15.780357],[-72.685401,-15.780352],[-72.686294,-15.780143],[-72.686503,-15.780054],[-72.687432,-15.77939],[-72.68776,-15.779075],[-72.6882,-15.778553],[-72.688373,-15.778407],[-72.688581,-15.77832],[-72.689266,-15.778268],[-72.689486,-15.778213],[-72.689644,-15.778057],[-72.689648,-15.777837],[-72.689397,-15.77746],[-72.689298,-15.777261],[-72.689349,-15.777042],[-72.689569,-15.776646],[-72.691031,-15.775209],[-72.691917,-15.77449],[-72.692605,-15.77389],[-72.692763,-15.773727],[-72.693263,-15.772969],[-72.693598,-15.772377],[-72.693728,-15.772191],[-72.693886,-15.772027],[-72.694285,-15.771806],[-72.694906,-15.771511],[-72.695117,-15.771424],[-72.695991,-15.771148],[-72.696411,-15.770966],[-72.69702,-15.770649],[-72.697386,-15.770377],[-72.698066,-15.769769],[-72.698247,-15.769632],[-72.699427,-15.768933],[-72.701085,-15.768153],[-72.70225,-15.767429],[-72.704807,-15.765159],[-72.705415,-15.764842],[-72.705689,-15.764483],[-72.705873,-15.764346],[-72.706271,-15.764124],[-72.707563,-15.763654],[-72.707764,-15.763548],[-72.707932,-15.763396],[-72.708236,-15.763057],[-72.708378,-15.76288],[-72.708622,-15.762497],[-72.708784,-15.76234],[-72.709321,-15.761917],[-72.710115,-15.761463],[-72.710308,-15.76134],[-72.71048,-15.761193],[-72.710615,-15.761013],[-72.71081,-15.760604],[-72.711415,-15.759644],[-72.711567,-15.759476],[-72.711921,-15.759189],[-72.712288,-15.758618],[-72.712935,-15.757977],[-72.71312,-15.757846],[-72.713521,-15.757629],[-72.715686,-15.75595],[-72.717601,-15.754707],[-72.720096,-15.752369],[-72.720271,-15.752228],[-72.720495,-15.752177],[-72.720686,-15.752266],[-72.720836,-15.752427],[-72.721132,-15.753518],[-72.721236,-15.753714],[-72.721403,-15.753868],[-72.721964,-15.75426],[-72.722156,-15.754197],[-72.72214,-15.753972],[-72.721947,-15.753321],[-72.721954,-15.753096],[-72.722091,-15.752432],[-72.722224,-15.752],[-72.722326,-15.751799],[-72.722986,-15.751171],[-72.723138,-15.751001],[-72.723362,-15.75061],[-72.723516,-15.750445],[-72.7237,-15.75031],[-72.724371,-15.749692],[-72.724761,-15.749135],[-72.724935,-15.748719],[-72.72511,-15.747605],[-72.725294,-15.747192],[-72.725432,-15.747013],[-72.725625,-15.746901],[-72.725847,-15.746926],[-72.726266,-15.747109],[-72.726232,-15.747308],[-72.726018,-15.747707],[-72.725936,-15.747917],[-72.725146,-15.750516],[-72.725108,-15.750738],[-72.725038,-15.751866],[-72.725286,-15.753199],[-72.725647,-15.75403],[-72.725761,-15.754468],[-72.725747,-15.755145],[-72.725795,-15.755593],[-72.726202,-15.756404],[-72.726357,-15.756566],[-72.726872,-15.757016],[-72.727059,-15.757137],[-72.72818,-15.757378],[-72.728385,-15.757478],[-72.728566,-15.757617],[-72.728775,-15.757684],[-72.73015,-15.757765],[-72.73171,-15.757387],[-72.731904,-15.757273],[-72.732032,-15.757097],[-72.732101,-15.756882],[-72.732153,-15.756432],[-72.732395,-15.756054],[-72.73268,-15.755699],[-72.733021,-15.755397],[-72.733243,-15.755341],[-72.733455,-15.755258],[-72.73467,-15.754619],[-72.734852,-15.754483],[-72.734978,-15.754301],[-72.735035,-15.754085],[-72.735069,-15.751373],[-72.734847,-15.750497],[-72.734663,-15.749611],[-72.734595,-15.748258],[-72.734539,-15.748042],[-72.734404,-15.747861],[-72.733741,-15.747235],[-72.733586,-15.747068],[-72.733467,-15.746885],[-72.733437,-15.746661],[-72.733435,-15.746439],[-72.733573,-15.746009],[-72.734198,-15.7448],[-72.735077,-15.743477],[-72.735497,-15.742426],[-72.736501,-15.740392],[-72.73727,-15.739267],[-72.73795,-15.738357],[-72.738301,-15.737775],[-72.738683,-15.736472],[-72.738787,-15.736278],[-72.739551,-15.735436],[-72.740255,-15.734854],[-72.740978,-15.734298],[-72.741133,-15.734132],[-72.741497,-15.733557],[-72.741634,-15.733376],[-72.74178,-15.733201],[-72.741956,-15.733057],[-72.742149,-15.732936],[-72.74236,-15.73285],[-72.743039,-15.732741],[-72.743259,-15.732684],[-72.743468,-15.732591],[-72.743863,-15.732361],[-72.744435,-15.731986],[-72.745098,-15.73136],[-72.745281,-15.731225],[-72.745677,-15.730996],[-72.745888,-15.730912],[-72.746802,-15.730825],[-72.747251,-15.730737],[-72.747469,-15.730666],[-72.748089,-15.730371],[-72.748476,-15.730129],[-72.748935,-15.729626],[-72.749457,-15.729184],[-72.74984,-15.728935],[-72.750668,-15.728547],[-72.751031,-15.728274],[-72.751161,-15.72809],[-72.751622,-15.727308],[-72.753916,-15.723131],[-72.754041,-15.722944],[-72.754623,-15.722244],[-72.755869,-15.720915],[-72.757455,-15.71928],[-72.758229,-15.718445],[-72.75872,-15.717969],[-72.758884,-15.717811],[-72.759453,-15.717431],[-72.763774,-15.715323],[-72.764372,-15.714988],[-72.764521,-15.71482],[-72.764582,-15.714607],[-72.764564,-15.714382],[-72.764434,-15.714197],[-72.763703,-15.713649],[-72.763624,-15.713456],[-72.763761,-15.713298],[-72.764676,-15.713312],[-72.765133,-15.713273],[-72.765583,-15.713186],[-72.765798,-15.713106],[-72.766571,-15.712618],[-72.766774,-15.712517],[-72.767435,-15.71233],[-72.768083,-15.7121],[-72.76848,-15.711877],[-72.768633,-15.711709],[-72.768752,-15.711517],[-72.76917,-15.710712],[-72.769333,-15.710289],[-72.769373,-15.710067],[-72.769565,-15.708724],[-72.769584,-15.708046],[-72.769493,-15.707374],[-72.769317,-15.706719],[-72.768449,-15.704386],[-72.768446,-15.704161],[-72.768634,-15.703276],[-72.768725,-15.702604],[-72.768747,-15.702153],[-72.768636,-15.700802],[-72.768454,-15.700148],[-72.768302,-15.699721],[-72.76826,-15.699499],[-72.768286,-15.699049],[-72.768432,-15.698156],[-72.76845,-15.697931],[-72.768554,-15.697491],[-72.768631,-15.697279],[-72.768958,-15.696681],[-72.769088,-15.696496],[-72.769628,-15.695764],[-72.77067,-15.69456],[-72.770808,-15.694379],[-72.770904,-15.694175],[-72.771058,-15.693283],[-72.771069,-15.693058],[-72.771036,-15.692155],[-72.770983,-15.691936],[-72.770677,-15.691328],[-72.769628,-15.689844],[-72.769332,-15.689499],[-72.767689,-15.68792],[-72.767424,-15.687553],[-72.767348,-15.68734],[-72.767306,-15.687119],[-72.767322,-15.686668],[-72.767645,-15.684891],[-72.767583,-15.684676],[-72.767438,-15.684503],[-72.766716,-15.683944],[-72.766553,-15.683785],[-72.765727,-15.682701],[-72.765072,-15.682067],[-72.764893,-15.681926],[-72.763673,-15.681297],[-72.763458,-15.681226],[-72.762562,-15.681032],[-72.762349,-15.680948],[-72.761744,-15.680625],[-72.761313,-15.68047],[-72.760872,-15.680348],[-72.760691,-15.680213],[-72.760407,-15.679858],[-72.760026,-15.679293],[-72.75986,-15.679141],[-72.759405,-15.67913],[-72.759235,-15.678996],[-72.759114,-15.678804],[-72.759059,-15.67859],[-72.759097,-15.678367],[-72.759103,-15.678145],[-72.759073,-15.677921],[-72.758988,-15.677711],[-72.756443,-15.674224],[-72.756265,-15.674083],[-72.756062,-15.67398],[-72.753905,-15.673209],[-72.753725,-15.673068],[-72.752918,-15.672265],[-72.752622,-15.671922],[-72.752535,-15.671713],[-72.752177,-15.670404],[-72.751956,-15.670008],[-72.751865,-15.669802],[-72.751727,-15.669371],[-72.751631,-15.668929],[-72.751609,-15.668478],[-72.751621,-15.668026],[-72.751649,-15.667804],[-72.751883,-15.667166],[-72.751929,-15.666947],[-72.751948,-15.666721],[-72.752049,-15.666526],[-72.752264,-15.666475],[-72.752407,-15.666631],[-72.752545,-15.667296],[-72.752713,-15.667716],[-72.752844,-15.668609],[-72.752904,-15.668827],[-72.753263,-15.669403],[-72.753412,-15.669575],[-72.75359,-15.669715],[-72.75379,-15.669824],[-72.754214,-15.669998],[-72.754432,-15.670066],[-72.754658,-15.670103],[-72.754886,-15.670102],[-72.755098,-15.670019],[-72.755294,-15.669903],[-72.75548,-15.66977],[-72.75564,-15.66961],[-72.755768,-15.669424],[-72.755983,-15.668781],[-72.755972,-15.668559],[-72.755794,-15.667442],[-72.755728,-15.667227],[-72.755542,-15.667107],[-72.755315,-15.667074],[-72.755098,-15.667],[-72.754939,-15.666851],[-72.754945,-15.666632],[-72.755105,-15.666483],[-72.755331,-15.666452],[-72.755544,-15.666377],[-72.755933,-15.666138],[-72.757212,-15.665636],[-72.758011,-15.665191],[-72.758504,-15.664719],[-72.75849,-15.664517],[-72.757856,-15.663862],[-72.757745,-15.66367],[-72.75777,-15.663448],[-72.757837,-15.663232],[-72.757985,-15.662112],[-72.758052,-15.661896],[-72.758243,-15.661486],[-72.758292,-15.661268],[-72.758215,-15.660822],[-72.758148,-15.660606],[-72.757802,-15.659768],[-72.75769,-15.65933],[-72.75762,-15.658883],[-72.756963,-15.656955],[-72.756931,-15.656732],[-72.756845,-15.655378],[-72.756849,-15.655153],[-72.75693,-15.654944],[-72.757345,-15.654403],[-72.757645,-15.654061],[-72.757765,-15.653872],[-72.757857,-15.6532],[-72.757864,-15.652975],[-72.75781,-15.651846],[-72.757829,-15.651622],[-72.757923,-15.651418],[-72.758111,-15.651314],[-72.759489,-15.651295],[-72.759717,-15.651272],[-72.75991,-15.651173],[-72.760003,-15.650969],[-72.759869,-15.649847],[-72.759865,-15.649623],[-72.759939,-15.649412],[-72.760213,-15.64905],[-72.760316,-15.64885],[-72.760448,-15.648417],[-72.76051,-15.647971],[-72.760616,-15.647772],[-72.761119,-15.64731],[-72.761313,-15.647191],[-72.762972,-15.646415],[-72.763124,-15.646256],[-72.763187,-15.646041],[-72.763149,-15.645591],[-72.762847,-15.643122],[-72.762829,-15.64267],[-72.762792,-15.642447],[-72.762747,-15.642226],[-72.762651,-15.642022],[-72.762533,-15.641828],[-72.762382,-15.641659],[-72.761003,-15.640464],[-72.760603,-15.640245],[-72.759337,-15.639712],[-72.757779,-15.639326],[-72.756472,-15.6389],[-72.754417,-15.637892],[-72.753813,-15.637566],[-72.753626,-15.637436],[-72.752746,-15.63671],[-72.751811,-15.635424],[-72.751507,-15.635086],[-72.751396,-15.63489],[-72.751325,-15.634676],[-72.750906,-15.633871],[-72.750631,-15.63325],[-72.750373,-15.632876],[-72.74954,-15.631796],[-72.748696,-15.63103],[-72.748576,-15.630844],[-72.748598,-15.630619],[-72.748725,-15.630439],[-72.748949,-15.630448],[-72.749837,-15.630678],[-72.750288,-15.630757],[-72.751549,-15.631301],[-72.752194,-15.63154],[-72.752603,-15.631745],[-72.753332,-15.632293],[-72.753672,-15.632596],[-72.754048,-15.632853],[-72.754256,-15.632945],[-72.756217,-15.633588],[-72.756442,-15.63361],[-72.757357,-15.633526],[-72.758029,-15.633383],[-72.758246,-15.633309],[-72.758448,-15.633203],[-72.758633,-15.633069],[-72.758967,-15.63276],[-72.759105,-15.632579],[-72.759307,-15.632175],[-72.759384,-15.631729],[-72.759513,-15.630606],[-72.759495,-15.630382],[-72.759457,-15.630159],[-72.759077,-15.628855],[-72.758788,-15.627761],[-72.75867,-15.62641],[-72.758618,-15.625961],[-72.758529,-15.625518],[-72.7581,-15.624229],[-72.757896,-15.623824],[-72.757558,-15.623233],[-72.757049,-15.62248],[-72.753742,-15.619026],[-72.752818,-15.61802],[-72.752719,-15.61782],[-72.752664,-15.616918],[-72.752596,-15.616702],[-72.752579,-15.616483],[-72.752709,-15.616301],[-72.75291,-15.616198],[-72.753139,-15.616193],[-72.753814,-15.616326],[-72.754253,-15.616456],[-72.754476,-15.616496],[-72.754685,-15.616427],[-72.754814,-15.616246],[-72.75504,-15.615605],[-72.755105,-15.615159],[-72.755096,-15.614934],[-72.755051,-15.614713],[-72.754958,-15.614508],[-72.754783,-15.614369],[-72.754557,-15.61434],[-72.754098,-15.614359],[-72.753643,-15.614417],[-72.753185,-15.614443],[-72.752746,-15.61457],[-72.752519,-15.614597],[-72.752297,-15.614551],[-72.752123,-15.614407],[-72.751838,-15.614053],[-72.751511,-15.61374],[-72.751147,-15.613464],[-72.750566,-15.613102],[-72.750461,-15.612909],[-72.750591,-15.612475],[-72.750689,-15.612274],[-72.750821,-15.612089],[-72.750853,-15.611866],[-72.750853,-15.61164],[-72.750741,-15.611203],[-72.750481,-15.610834],[-72.750298,-15.610698],[-72.750096,-15.610592],[-72.749938,-15.61043],[-72.749661,-15.61007],[-72.749168,-15.609596],[-72.749016,-15.609427],[-72.748926,-15.609225],[-72.748907,-15.609001],[-72.748929,-15.608323],[-72.748875,-15.607875],[-72.748872,-15.607651],[-72.748938,-15.607436],[-72.749188,-15.607057],[-72.749164,-15.606849],[-72.748966,-15.60674],[-72.747682,-15.606251],[-72.747475,-15.606152],[-72.746725,-15.605632],[-72.746501,-15.60559],[-72.745814,-15.605565],[-72.745594,-15.605501],[-72.744978,-15.605198],[-72.744612,-15.604927],[-72.744185,-15.604766],[-72.743734,-15.604685],[-72.74282,-15.604595],[-72.742133,-15.604606],[-72.741923,-15.604523],[-72.741419,-15.604063],[-72.739175,-15.60249],[-72.738321,-15.602157],[-72.738115,-15.602059],[-72.737523,-15.601712],[-72.736884,-15.601459],[-72.736715,-15.601325],[-72.73637,-15.600738],[-72.736228,-15.600561],[-72.736064,-15.600407],[-72.735673,-15.600176],[-72.735445,-15.600149],[-72.73476,-15.600159],[-72.73319,-15.59982],[-72.733021,-15.599687],[-72.733059,-15.599489],[-72.73325,-15.599368],[-72.733379,-15.599194],[-72.733277,-15.599017],[-72.731832,-15.597899],[-72.731641,-15.597778],[-72.731212,-15.597618],[-72.730547,-15.597447],[-72.729628,-15.597433],[-72.729403,-15.597449],[-72.728976,-15.597617],[-72.728352,-15.597333],[-72.72813,-15.597329],[-72.727906,-15.597374],[-72.727692,-15.597457],[-72.727467,-15.59747],[-72.727008,-15.597455],[-72.726824,-15.597344],[-72.726502,-15.597023],[-72.726324,-15.596881],[-72.725749,-15.596507],[-72.725584,-15.596353],[-72.725444,-15.596176],[-72.725256,-15.595765],[-72.72487,-15.595203],[-72.724784,-15.594999],[-72.724811,-15.594774],[-72.725092,-15.594156],[-72.725651,-15.59376],[-72.725822,-15.593611],[-72.726128,-15.593274],[-72.726706,-15.592572],[-72.726885,-15.592433],[-72.727105,-15.592396],[-72.727334,-15.592414],[-72.727559,-15.592391],[-72.72761,-15.592208],[-72.727358,-15.591577],[-72.727219,-15.591146],[-72.727153,-15.590699],[-72.726774,-15.589396],[-72.726762,-15.589173],[-72.726856,-15.588969],[-72.727127,-15.588608],[-72.727126,-15.588389],[-72.726998,-15.588219],[-72.726779,-15.588228],[-72.726142,-15.588485],[-72.725488,-15.588695],[-72.725041,-15.588797],[-72.724829,-15.588776],[-72.724699,-15.588612],[-72.724632,-15.588167],[-72.724724,-15.587267],[-72.724762,-15.587046],[-72.724873,-15.586851],[-72.725031,-15.586687],[-72.725157,-15.5865],[-72.725205,-15.586282],[-72.725202,-15.586059],[-72.725143,-15.585841],[-72.724947,-15.585432],[-72.724775,-15.5853],[-72.724569,-15.585199],[-72.724125,-15.585095],[-72.723952,-15.584962],[-72.723631,-15.584361],[-72.723039,-15.583136],[-72.72291,-15.582954],[-72.722724,-15.582827],[-72.722516,-15.582731],[-72.722085,-15.582592],[-72.722008,-15.582412],[-72.722278,-15.58207],[-72.722466,-15.581418],[-72.722611,-15.581255],[-72.723943,-15.580372],[-72.724113,-15.580221],[-72.724401,-15.57987],[-72.72454,-15.579443],[-72.724634,-15.579238],[-72.724699,-15.579024],[-72.724738,-15.578802],[-72.725135,-15.577742],[-72.72551,-15.577173],[-72.725835,-15.576854],[-72.726036,-15.576748],[-72.726201,-15.576599],[-72.726483,-15.576242],[-72.726643,-15.576082],[-72.726833,-15.575959],[-72.727252,-15.575773],[-72.728193,-15.575126],[-72.728733,-15.574706],[-72.729157,-15.574174],[-72.729512,-15.573887],[-72.729707,-15.573768],[-72.729864,-15.573608],[-72.72991,-15.573387],[-72.729737,-15.572734],[-72.729566,-15.571845],[-72.729276,-15.570752],[-72.729153,-15.570085],[-72.72885,-15.568994],[-72.728758,-15.568787],[-72.728584,-15.568665],[-72.728359,-15.568622],[-72.728167,-15.568518],[-72.727898,-15.568152],[-72.72752,-15.567897],[-72.727359,-15.56774],[-72.726739,-15.56653],[-72.726612,-15.566096],[-72.726569,-15.565874],[-72.726559,-15.56565],[-72.726605,-15.565428],[-72.726734,-15.565242],[-72.726838,-15.565043],[-72.727005,-15.564624],[-72.727194,-15.564503],[-72.727411,-15.564431],[-72.727634,-15.564387],[-72.728093,-15.564359],[-72.728551,-15.564384],[-72.729235,-15.56432],[-72.730152,-15.564285],[-72.73038,-15.564263],[-72.730599,-15.564196],[-72.730823,-15.564159],[-72.731281,-15.56413],[-72.731959,-15.564013],[-72.732645,-15.563983],[-72.733327,-15.56408],[-72.733547,-15.564137],[-72.733964,-15.564323],[-72.734351,-15.564566],[-72.734767,-15.564758],[-72.735205,-15.564893],[-72.735429,-15.56493],[-72.73565,-15.564909],[-72.735843,-15.564786],[-72.736018,-15.56464],[-72.736133,-15.564447],[-72.736149,-15.563996],[-72.736135,-15.56377],[-72.736258,-15.563337],[-72.736298,-15.563115],[-72.736506,-15.562716],[-72.736799,-15.562374],[-72.737235,-15.562239],[-72.737463,-15.562208],[-72.737667,-15.562109],[-72.738355,-15.562127],[-72.739037,-15.562043],[-72.739955,-15.562063],[-72.740873,-15.562047],[-72.741329,-15.562097],[-72.742247,-15.562077],[-72.742927,-15.561975],[-72.743542,-15.561672],[-72.745469,-15.560443],[-72.746864,-15.559656],[-72.747072,-15.559565],[-72.747293,-15.559508],[-72.749586,-15.559598],[-72.750039,-15.559523],[-72.750703,-15.559343],[-72.751151,-15.559246],[-72.751339,-15.559129],[-72.751731,-15.558311],[-72.752019,-15.557962],[-72.752448,-15.557807],[-72.752891,-15.557694],[-72.753075,-15.557573],[-72.753079,-15.557357],[-72.75296,-15.55692],[-72.752947,-15.556696],[-72.753035,-15.556502],[-72.753656,-15.555839],[-72.754794,-15.555695],[-72.756808,-15.555238],[-72.756989,-15.555146],[-72.757031,-15.554925],[-72.756986,-15.554475],[-72.755747,-15.548494],[-72.755481,-15.547396],[-72.755512,-15.546492],[-72.755306,-15.544695],[-72.755256,-15.544478],[-72.754686,-15.543498],[-72.753842,-15.541396],[-72.753773,-15.54118],[-72.753654,-15.540744],[-72.753616,-15.540522],[-72.753599,-15.54007],[-72.753625,-15.539848],[-72.753689,-15.539631],[-72.753723,-15.539411],[-72.753601,-15.538516],[-72.753428,-15.538097],[-72.753142,-15.537744],[-72.753029,-15.537553],[-72.752906,-15.537118],[-72.752613,-15.536504],[-72.752343,-15.536144],[-72.752259,-15.535933],[-72.752301,-15.535485],[-72.752293,-15.535034],[-72.752329,-15.534811],[-72.752587,-15.534444],[-72.753041,-15.533934],[-72.753143,-15.533735],[-72.753479,-15.532893],[-72.753579,-15.532692],[-72.754041,-15.532189],[-72.754089,-15.531972],[-72.754068,-15.531752],[-72.754006,-15.531535],[-72.753938,-15.530861],[-72.753878,-15.530644],[-72.75302,-15.529306],[-72.752884,-15.528879],[-72.752899,-15.528653],[-72.753229,-15.528347],[-72.754107,-15.527621],[-72.755586,-15.527001],[-72.756591,-15.526458],[-72.757228,-15.526201],[-72.757388,-15.526057],[-72.757585,-15.525649],[-72.757531,-15.525441],[-72.757374,-15.525328],[-72.756915,-15.525307],[-72.756687,-15.52532],[-72.755778,-15.525445],[-72.754884,-15.525646],[-72.753971,-15.525542],[-72.75284,-15.525727],[-72.751923,-15.525708],[-72.751267,-15.525907],[-72.751044,-15.525951],[-72.750356,-15.525969],[-72.749003,-15.526223],[-72.748779,-15.526269],[-72.748126,-15.526484],[-72.747449,-15.526607],[-72.746304,-15.526693],[-72.745387,-15.526713],[-72.744939,-15.526616],[-72.744739,-15.526511],[-72.744578,-15.526357],[-72.744511,-15.526153],[-72.744542,-15.525929],[-72.74471,-15.525806],[-72.744919,-15.525713],[-72.745585,-15.525543],[-72.746013,-15.525381],[-72.746221,-15.525287],[-72.746605,-15.52504],[-72.746781,-15.524898],[-72.747362,-15.524199],[-72.74805,-15.523024],[-72.748401,-15.522733],[-72.748841,-15.522604],[-72.749049,-15.522514],[-72.749644,-15.522172],[-72.750512,-15.521432],[-72.750646,-15.521252],[-72.750996,-15.520668],[-72.751245,-15.520036],[-72.751452,-15.519633],[-72.752915,-15.518982],[-72.754342,-15.518254],[-72.754552,-15.518166],[-72.756089,-15.517704],[-72.756294,-15.517606],[-72.756464,-15.517459],[-72.756463,-15.517255],[-72.756264,-15.517174],[-72.75582,-15.517061],[-72.754903,-15.517],[-72.754244,-15.516804],[-72.754036,-15.516714],[-72.753653,-15.516465],[-72.752587,-15.516047],[-72.752495,-15.515868],[-72.752405,-15.515427],[-72.752012,-15.51487],[-72.751861,-15.514703],[-72.751065,-15.514252],[-72.75068,-15.514006],[-72.750509,-15.513862],[-72.750419,-15.513661],[-72.750417,-15.513442],[-72.750316,-15.513239],[-72.750379,-15.513039],[-72.750704,-15.512441],[-72.750833,-15.512265],[-72.751478,-15.512027],[-72.752135,-15.511824],[-72.752328,-15.511719],[-72.752474,-15.511544],[-72.752582,-15.511349],[-72.752653,-15.511134],[-72.752594,-15.510931],[-72.752478,-15.510738],[-72.751938,-15.510318],[-72.751579,-15.509739],[-72.751591,-15.509547],[-72.751775,-15.509447],[-72.752229,-15.509379],[-72.752448,-15.509325],[-72.752652,-15.509221],[-72.752757,-15.509023],[-72.75289,-15.508843],[-72.753091,-15.508747],[-72.753311,-15.508683],[-72.753759,-15.507928],[-72.754196,-15.507406],[-72.754429,-15.50702],[-72.755227,-15.506207],[-72.756677,-15.504455],[-72.75801,-15.502899],[-72.758436,-15.502366],[-72.758568,-15.502183],[-72.758848,-15.501563],[-72.758926,-15.501352],[-72.759112,-15.500466],[-72.759119,-15.500243],[-72.759086,-15.50002],[-72.759014,-15.499805],[-72.758897,-15.499624],[-72.758709,-15.499493],[-72.758031,-15.49941],[-72.757838,-15.499287],[-72.757402,-15.499158],[-72.756619,-15.499624],[-72.75578,-15.499991],[-72.755568,-15.500025],[-72.755591,-15.499832],[-72.755783,-15.49971],[-72.756304,-15.499265],[-72.756949,-15.498622],[-72.757324,-15.498363],[-72.757624,-15.498024],[-72.757828,-15.497935],[-72.758482,-15.497731],[-72.758849,-15.49746],[-72.758979,-15.49729],[-72.759135,-15.496629],[-72.759043,-15.493467],[-72.759002,-15.493246],[-72.756788,-15.485404],[-72.756688,-15.485202],[-72.755853,-15.48385],[-72.755153,-15.483269],[-72.754544,-15.48231],[-72.754448,-15.482108],[-72.754389,-15.48189],[-72.754522,-15.480995],[-72.754499,-15.480781],[-72.754172,-15.480184],[-72.753861,-15.479851],[-72.753681,-15.479718],[-72.753263,-15.479531],[-72.752607,-15.479709],[-72.752062,-15.479294],[-72.751501,-15.478579],[-72.751398,-15.47838],[-72.750614,-15.476255],[-72.750562,-15.476041],[-72.751011,-15.474287],[-72.748463,-15.458891],[-72.748352,-15.457767],[-72.747663,-15.456592],[-72.746888,-15.454954],[-72.746628,-15.454582],[-72.745847,-15.453754],[-72.745716,-15.453569],[-72.745626,-15.453365],[-72.745616,-15.45314],[-72.745525,-15.452698],[-72.745554,-15.452476],[-72.745657,-15.452281],[-72.745875,-15.452232],[-72.746101,-15.452252],[-72.746191,-15.452089],[-72.746085,-15.451649],[-72.745985,-15.451449],[-72.745795,-15.451324],[-72.745354,-15.451198],[-72.745163,-15.451087],[-72.745216,-15.450685],[-72.745009,-15.450762],[-72.744823,-15.450888],[-72.744769,-15.4511],[-72.744874,-15.451297],[-72.745263,-15.451533],[-72.745384,-15.451705],[-72.74522,-15.451838],[-72.745016,-15.451937],[-72.744885,-15.452119],[-72.744433,-15.45214],[-72.743552,-15.452393],[-72.743326,-15.452386],[-72.743215,-15.452198],[-72.743169,-15.451522],[-72.7432,-15.451298],[-72.743341,-15.450868],[-72.743363,-15.450645],[-72.743324,-15.450423],[-72.743265,-15.450204],[-72.743105,-15.449781],[-72.742403,-15.448357],[-72.742331,-15.448143],[-72.742174,-15.447252],[-72.742123,-15.446349],[-72.742129,-15.445671],[-72.742093,-15.44522],[-72.742122,-15.444543],[-72.742215,-15.443643],[-72.742263,-15.443422],[-72.742484,-15.442782],[-72.74257,-15.442338],[-72.742627,-15.441889],[-72.74262,-15.441438],[-72.742394,-15.439188],[-72.742244,-15.436705],[-72.742089,-15.43513],[-72.742089,-15.434678],[-72.742172,-15.434006],[-72.742349,-15.431298],[-72.742319,-15.429264],[-72.742283,-15.428813],[-72.741841,-15.425907],[-72.741643,-15.425258],[-72.741419,-15.424864],[-72.741245,-15.424448],[-72.741113,-15.423782],[-72.74107,-15.423332],[-72.741026,-15.422203],[-72.740949,-15.421075],[-72.740886,-15.420628],[-72.740771,-15.420434],[-72.740152,-15.419767],[-72.739574,-15.419065],[-72.739445,-15.41888],[-72.739262,-15.418465],[-72.7392,-15.41825],[-72.739125,-15.417804],[-72.739378,-15.416937],[-72.739338,-15.415582],[-72.739267,-15.415367],[-72.739138,-15.41518],[-72.738957,-15.415044],[-72.738806,-15.414881],[-72.738687,-15.414688],[-72.738835,-15.414556],[-72.739035,-15.41445],[-72.739258,-15.414403],[-72.739476,-15.414472],[-72.739931,-15.414508],[-72.740386,-15.414446],[-72.741029,-15.414202],[-72.741945,-15.414271],[-72.742172,-15.414264],[-72.744428,-15.413844],[-72.745571,-15.413735],[-72.745996,-15.413567],[-72.746659,-15.412944],[-72.747023,-15.412667],[-72.747216,-15.412548],[-72.747846,-15.412275],[-72.748523,-15.412151],[-72.748732,-15.412059],[-72.749374,-15.411126],[-72.749526,-15.410958],[-72.750665,-15.410197],[-72.750793,-15.410015],[-72.750784,-15.409794],[-72.750666,-15.40961],[-72.749295,-15.408087],[-72.748825,-15.407311],[-72.748745,-15.407099],[-72.748734,-15.406873],[-72.748853,-15.406206],[-72.748902,-15.405303],[-72.748908,-15.403495],[-72.748931,-15.40327],[-72.749049,-15.402602],[-72.749225,-15.401947],[-72.749347,-15.400824],[-72.749679,-15.399981],[-72.749813,-15.399799],[-72.750006,-15.399681],[-72.750225,-15.399625],[-72.756353,-15.398706],[-72.762906,-15.39597],[-72.768642,-15.393654],[-72.77262,-15.390974],[-72.774225,-15.390095],[-72.774413,-15.389966],[-72.774576,-15.389808],[-72.77544,-15.388752],[-72.775569,-15.388566],[-72.775869,-15.387956],[-72.776757,-15.386637],[-72.777099,-15.386049],[-72.777296,-15.38564],[-72.777794,-15.384881],[-72.778005,-15.38448],[-72.779101,-15.383326],[-72.779231,-15.38314],[-72.779654,-15.382337],[-72.779759,-15.381213],[-72.779815,-15.380994],[-72.780269,-15.380209],[-72.780664,-15.379982],[-72.781131,-15.379491],[-72.78225,-15.378699],[-72.782578,-15.378383],[-72.783146,-15.378],[-72.783648,-15.377537],[-72.784379,-15.376666],[-72.784706,-15.376069],[-72.785062,-15.375236],[-72.785796,-15.374087],[-72.786105,-15.373482],[-72.786779,-15.372567],[-72.787127,-15.371982],[-72.787462,-15.37114],[-72.788582,-15.368911],[-72.788711,-15.368729],[-72.789566,-15.367974],[-72.790711,-15.366864],[-72.791755,-15.365981],[-72.792464,-15.365092],[-72.792975,-15.364637],[-72.793413,-15.364114],[-72.794665,-15.362791],[-72.795984,-15.361534],[-72.7964,-15.360994],[-72.796875,-15.359965],[-72.796924,-15.359748],[-72.796888,-15.359071],[-72.796981,-15.358889],[-72.797155,-15.358741],[-72.799441,-15.357686],[-72.799877,-15.357546],[-72.800102,-15.357502],[-72.800556,-15.357544],[-72.801006,-15.357466],[-72.801692,-15.357415],[-72.803069,-15.357384],[-72.803297,-15.357401],[-72.803521,-15.35745],[-72.80434,-15.357857],[-72.804555,-15.357928],[-72.804781,-15.35797],[-72.807065,-15.358195],[-72.807509,-15.358302],[-72.808839,-15.35919],[-72.809242,-15.359407],[-72.809453,-15.35949],[-72.809679,-15.359527],[-72.809905,-15.359517],[-72.810127,-15.359464],[-72.810339,-15.359375],[-72.81056,-15.359343],[-72.810789,-15.359357],[-72.816425,-15.360426],[-72.818181,-15.360957],[-72.81999,-15.361266],[-72.820207,-15.361265],[-72.820154,-15.361082],[-72.819753,-15.360862],[-72.819597,-15.360701],[-72.819503,-15.360498],[-72.819466,-15.360275],[-72.819514,-15.360057],[-72.819622,-15.359866],[-72.820945,-15.35861],[-72.824489,-15.355067],[-72.827915,-15.351726],[-72.82854,-15.351064],[-72.829478,-15.349778],[-72.82956,-15.349575],[-72.829561,-15.349352],[-72.829506,-15.349133],[-72.829545,-15.348914],[-72.829716,-15.348766],[-72.830104,-15.348525],[-72.830445,-15.348222],[-72.830832,-15.347984],[-72.830993,-15.347822],[-72.831128,-15.347641],[-72.83149,-15.347064],[-72.831798,-15.346457],[-72.832137,-15.345617],[-72.832665,-15.344613],[-72.833404,-15.343468],[-72.834369,-15.342203],[-72.834969,-15.341518],[-72.835316,-15.341223],[-72.836076,-15.340715],[-72.837047,-15.340113],[-72.837249,-15.340008],[-72.838564,-15.339605],[-72.838771,-15.339512],[-72.83953,-15.339003],[-72.840319,-15.33854],[-72.842411,-15.337609],[-72.843832,-15.336871],[-72.843987,-15.336704],[-72.844198,-15.336305],[-72.844815,-15.335351],[-72.844954,-15.335173],[-72.845118,-15.335014],[-72.845306,-15.334891],[-72.845516,-15.334799],[-72.845683,-15.334649],[-72.84581,-15.334471],[-72.845818,-15.33425],[-72.845661,-15.334085],[-72.845558,-15.333893],[-72.845537,-15.33367],[-72.845568,-15.333446],[-72.845629,-15.33323],[-72.845798,-15.332811],[-72.845936,-15.332147],[-72.845869,-15.331936],[-72.845339,-15.331503],[-72.845206,-15.331322],[-72.84513,-15.331111],[-72.845102,-15.330888],[-72.84509,-15.33021],[-72.84516,-15.329536],[-72.845544,-15.328],[-72.845597,-15.327097],[-72.845585,-15.326423],[-72.845679,-15.326217],[-72.845815,-15.326039],[-72.846309,-15.325568],[-72.846893,-15.325209],[-72.847067,-15.325069],[-72.848843,-15.322163],[-72.848851,-15.320581],[-72.848873,-15.320357],[-72.848931,-15.32014],[-72.849566,-15.319487],[-72.84978,-15.319411],[-72.850003,-15.319376],[-72.850921,-15.319399],[-72.851608,-15.319448],[-72.852065,-15.319407],[-72.852289,-15.319362],[-72.852507,-15.319293],[-72.852925,-15.319105],[-72.853532,-15.318786],[-72.853718,-15.318657],[-72.853876,-15.318493],[-72.853999,-15.318304],[-72.854072,-15.318094],[-72.854234,-15.316067],[-72.854317,-15.315856],[-72.855033,-15.315293],[-72.855608,-15.31492],[-72.856203,-15.314587],[-72.856437,-15.314198],[-72.857693,-15.311531],[-72.858369,-15.309371],[-72.858803,-15.308325],[-72.858909,-15.308126],[-72.859665,-15.306992],[-72.859772,-15.306795],[-72.859812,-15.306575],[-72.859769,-15.306125],[-72.85978,-15.305902],[-72.859872,-15.305459],[-72.860157,-15.30511],[-72.860366,-15.305033],[-72.860811,-15.304919],[-72.861235,-15.304751],[-72.861397,-15.304601],[-72.862055,-15.303675],[-72.861973,-15.30349],[-72.861531,-15.303613],[-72.861317,-15.303578],[-72.860243,-15.302401],[-72.859977,-15.302033],[-72.859378,-15.301348],[-72.859202,-15.301214],[-72.858766,-15.301071],[-72.858087,-15.300975],[-72.857988,-15.300804],[-72.858161,-15.300751],[-72.858379,-15.300811],[-72.858608,-15.300817],[-72.859487,-15.300555],[-72.859706,-15.300546],[-72.860074,-15.30081],[-72.860273,-15.300918],[-72.861113,-15.301285],[-72.861332,-15.301344],[-72.861555,-15.301344],[-72.862174,-15.301048],[-72.862962,-15.300584],[-72.863582,-15.300289],[-72.863773,-15.300166],[-72.865053,-15.299209],[-72.865445,-15.298973],[-72.866338,-15.298263],[-72.867111,-15.297776],[-72.867321,-15.297688],[-72.86754,-15.297631],[-72.867769,-15.297649],[-72.867993,-15.297634],[-72.867848,-15.29751],[-72.86716,-15.297523],[-72.865851,-15.297945],[-72.865643,-15.298035],[-72.865252,-15.298271],[-72.864588,-15.298452],[-72.863514,-15.298845],[-72.863059,-15.298881],[-72.862849,-15.298809],[-72.862674,-15.298664],[-72.862512,-15.298244],[-72.862467,-15.298023],[-72.862453,-15.297798],[-72.86248,-15.297347],[-72.862381,-15.296908],[-72.862355,-15.296683],[-72.862135,-15.296042],[-72.862002,-15.295862],[-72.861782,-15.295807],[-72.86156,-15.295853],[-72.860057,-15.296413],[-72.859829,-15.296406],[-72.859613,-15.296356],[-72.859466,-15.296191],[-72.859308,-15.295768],[-72.85885,-15.293323],[-72.858763,-15.293116],[-72.858568,-15.293002],[-72.858345,-15.292985],[-72.858127,-15.293047],[-72.857272,-15.293375],[-72.856833,-15.293507],[-72.856607,-15.293485],[-72.856407,-15.293375],[-72.856281,-15.293188],[-72.855767,-15.291929],[-72.855657,-15.291733],[-72.855521,-15.291551],[-72.854836,-15.290948],[-72.854623,-15.290307],[-72.85444,-15.289421],[-72.854434,-15.289196],[-72.854555,-15.286939],[-72.854661,-15.286503],[-72.854893,-15.286113],[-72.854929,-15.285892],[-72.854884,-15.28567],[-72.854618,-15.285047],[-72.85464,-15.284595],[-72.855557,-15.281093],[-72.855531,-15.280877],[-72.855458,-15.280663],[-72.855326,-15.28048],[-72.853635,-15.278338],[-72.853525,-15.278144],[-72.853256,-15.277279],[-72.853151,-15.277081],[-72.851985,-15.2754],[-72.851877,-15.275203],[-72.851878,-15.274987],[-72.852021,-15.274819],[-72.852236,-15.274801],[-72.85374,-15.275354],[-72.853968,-15.275371],[-72.854144,-15.275228],[-72.855072,-15.273936],[-72.855982,-15.272109],[-72.856246,-15.271739],[-72.856409,-15.271607],[-72.857552,-15.271497],[-72.858672,-15.27125],[-72.85885,-15.271128],[-72.858996,-15.270953],[-72.859058,-15.270757],[-72.85898,-15.270311],[-72.858916,-15.270095],[-72.858477,-15.269053],[-72.858105,-15.268482],[-72.857236,-15.267429],[-72.857007,-15.267039],[-72.85694,-15.266831],[-72.85701,-15.266157],[-72.857092,-15.265963],[-72.857445,-15.265673],[-72.858962,-15.26515],[-72.859095,-15.264987],[-72.859184,-15.264779],[-72.859249,-15.264104],[-72.859251,-15.263879],[-72.859194,-15.26343],[-72.859204,-15.263214],[-72.859361,-15.26308],[-72.859815,-15.263014],[-72.860027,-15.262935],[-72.860227,-15.262824],[-72.860969,-15.262292],[-72.861134,-15.262137],[-72.861587,-15.261626],[-72.86199,-15.261076],[-72.862097,-15.26088],[-72.862341,-15.259778],[-72.862614,-15.259414],[-72.862733,-15.259222],[-72.862791,-15.259007],[-72.862832,-15.258556],[-72.862785,-15.257881],[-72.862909,-15.257718],[-72.86312,-15.257629],[-72.863344,-15.257644],[-72.86448,-15.25781],[-72.864701,-15.25779],[-72.864877,-15.257657],[-72.864924,-15.257436],[-72.864999,-15.256535],[-72.86595,-15.255262],[-72.866124,-15.255118],[-72.86706,-15.254465],[-72.867662,-15.254139],[-72.868117,-15.2541],[-72.870145,-15.254493],[-72.870373,-15.254505],[-72.87059,-15.254467],[-72.870742,-15.2543],[-72.871282,-15.253569],[-72.871445,-15.253411],[-72.871639,-15.253291],[-72.875561,-15.252009],[-72.875764,-15.251907],[-72.876712,-15.251274],[-72.87677,-15.251059],[-72.876712,-15.250855],[-72.876581,-15.25067],[-72.876157,-15.250499],[-72.875756,-15.250278],[-72.875566,-15.250155],[-72.875478,-15.249958],[-72.875559,-15.249753],[-72.875775,-15.249354],[-72.875859,-15.248686],[-72.876101,-15.248301],[-72.87626,-15.248143],[-72.876621,-15.247865],[-72.876727,-15.247669],[-72.876817,-15.247226],[-72.876835,-15.247001],[-72.876754,-15.24682],[-72.876301,-15.246751],[-72.875647,-15.246934],[-72.875421,-15.246957],[-72.874274,-15.24691],[-72.873133,-15.247023],[-72.872904,-15.247018],[-72.871379,-15.246525],[-72.870461,-15.24649],[-72.870238,-15.24645],[-72.870054,-15.246322],[-72.86806,-15.244449],[-72.867458,-15.244122],[-72.867244,-15.244048],[-72.867021,-15.244033],[-72.866387,-15.244298],[-72.865991,-15.244526],[-72.865568,-15.244677],[-72.86542,-15.24485],[-72.865156,-15.245474],[-72.864974,-15.245605],[-72.864762,-15.245692],[-72.864579,-15.245805],[-72.864374,-15.246451],[-72.864132,-15.246833],[-72.863827,-15.247159],[-72.863711,-15.247596],[-72.863274,-15.248391],[-72.862959,-15.248717],[-72.862356,-15.249043],[-72.862133,-15.249067],[-72.861911,-15.249022],[-72.861696,-15.248942],[-72.861473,-15.248903],[-72.860794,-15.249014],[-72.860566,-15.249011],[-72.860344,-15.248966],[-72.859713,-15.248694],[-72.859496,-15.248637],[-72.859037,-15.24863],[-72.858814,-15.248603],[-72.858018,-15.248152],[-72.857372,-15.247923],[-72.85646,-15.248019],[-72.855542,-15.248044],[-72.854633,-15.248169],[-72.854405,-15.24818],[-72.854197,-15.248092],[-72.853933,-15.247723],[-72.853766,-15.247569],[-72.853552,-15.247523],[-72.8531,-15.247586],[-72.852872,-15.247562],[-72.851747,-15.247339],[-72.851573,-15.247204],[-72.851508,-15.246996],[-72.851508,-15.246773],[-72.851585,-15.246327],[-72.851683,-15.246126],[-72.851871,-15.246006],[-72.852097,-15.246046],[-72.852637,-15.24646],[-72.852841,-15.24656],[-72.853526,-15.246594],[-72.854418,-15.246796],[-72.854867,-15.246713],[-72.856814,-15.24603],[-72.857037,-15.245978],[-72.858174,-15.245823],[-72.858403,-15.245825],[-72.858836,-15.245975],[-72.859064,-15.246001],[-72.859293,-15.245987],[-72.859707,-15.245798],[-72.860036,-15.245485],[-72.860148,-15.245289],[-72.860964,-15.243176],[-72.861343,-15.242352],[-72.861821,-15.241581],[-72.861963,-15.241404],[-72.862297,-15.2411],[-72.862188,-15.240943],[-72.862015,-15.241069],[-72.86152,-15.241541],[-72.860669,-15.241875],[-72.860447,-15.241925],[-72.860241,-15.241845],[-72.860061,-15.24171],[-72.859767,-15.241362],[-72.859636,-15.241177],[-72.85953,-15.24098],[-72.859627,-15.240789],[-72.859837,-15.240814],[-72.860133,-15.241155],[-72.86033,-15.241263],[-72.860556,-15.241284],[-72.86076,-15.241195],[-72.860929,-15.241045],[-72.861181,-15.240668],[-72.861502,-15.240345],[-72.862977,-15.239719],[-72.863805,-15.239328],[-72.864025,-15.239264],[-72.864251,-15.239258],[-72.864479,-15.239281],[-72.864698,-15.239339],[-72.86525,-15.239741],[-72.865446,-15.239858],[-72.866064,-15.240157],[-72.866275,-15.240241],[-72.8665,-15.240287],[-72.866728,-15.24026],[-72.866806,-15.240098],[-72.866598,-15.240062],[-72.866371,-15.24008],[-72.866156,-15.240022],[-72.865955,-15.239913],[-72.865771,-15.239781],[-72.865722,-15.239575],[-72.865869,-15.239438],[-72.866086,-15.239506],[-72.866292,-15.239606],[-72.867437,-15.239633],[-72.867663,-15.239665],[-72.867883,-15.239728],[-72.86829,-15.239937],[-72.869389,-15.241091],[-72.869992,-15.241417],[-72.870099,-15.241258],[-72.869917,-15.241128],[-72.869715,-15.241022],[-72.869579,-15.240841],[-72.869084,-15.239821],[-72.869037,-15.239607],[-72.869159,-15.23945],[-72.869325,-15.23959],[-72.869591,-15.239959],[-72.869748,-15.240117],[-72.870548,-15.240561],[-72.870763,-15.240583],[-72.870817,-15.240399],[-72.870463,-15.239817],[-72.87039,-15.239605],[-72.870372,-15.239384],[-72.870443,-15.238937],[-72.870531,-15.238736],[-72.870732,-15.238678],[-72.870912,-15.238797],[-72.870956,-15.239013],[-72.870933,-15.239465],[-72.870968,-15.239686],[-72.871178,-15.240087],[-72.871581,-15.240636],[-72.871753,-15.241293],[-72.871871,-15.24148],[-72.87204,-15.24163],[-72.872235,-15.241747],[-72.872678,-15.241851],[-72.872906,-15.241827],[-72.873513,-15.241507],[-72.873733,-15.241474],[-72.873958,-15.241508],[-72.874403,-15.241621],[-72.874628,-15.241582],[-72.874815,-15.241455],[-72.87511,-15.241111],[-72.875284,-15.240964],[-72.875897,-15.240655],[-72.876114,-15.240586],[-72.876341,-15.240551],[-72.877484,-15.240448],[-72.877521,-15.240271],[-72.877314,-15.24024],[-72.876873,-15.240362],[-72.876185,-15.240348],[-72.875497,-15.24038],[-72.875273,-15.240419],[-72.875054,-15.240488],[-72.874778,-15.240848],[-72.874593,-15.240962],[-72.874376,-15.240901],[-72.874172,-15.240798],[-72.873956,-15.240742],[-72.873506,-15.240831],[-72.873098,-15.241033],[-72.872892,-15.241049],[-72.872803,-15.240858],[-72.872962,-15.240717],[-72.87385,-15.240494],[-72.874537,-15.240481],[-72.874726,-15.240363],[-72.874976,-15.239985],[-72.875137,-15.239826],[-72.875341,-15.239726],[-72.87556,-15.239693],[-72.876016,-15.239748],[-72.876469,-15.23969],[-72.876688,-15.239622],[-72.877085,-15.239395],[-72.877311,-15.239415],[-72.877916,-15.239719],[-72.879498,-15.239441],[-72.880182,-15.239503],[-72.88064,-15.239477],[-72.881307,-15.239645],[-72.88199,-15.239718],[-72.882213,-15.239674],[-72.882388,-15.239541],[-72.882522,-15.239357],[-72.882836,-15.239028],[-72.882965,-15.238849],[-72.883032,-15.238632],[-72.883033,-15.238184],[-72.883124,-15.237976],[-72.883241,-15.237784],[-72.883927,-15.236877],[-72.884077,-15.236707],[-72.884243,-15.236553],[-72.884441,-15.236438],[-72.884479,-15.236253],[-72.884284,-15.236205],[-72.884122,-15.236352],[-72.883718,-15.236901],[-72.883563,-15.237067],[-72.882879,-15.23767],[-72.882751,-15.237856],[-72.882566,-15.238269],[-72.88242,-15.238444],[-72.88224,-15.238584],[-72.881824,-15.238767],[-72.881602,-15.238805],[-72.881147,-15.238776],[-72.880489,-15.238577],[-72.87912,-15.238426],[-72.878662,-15.238421],[-72.878213,-15.238514],[-72.877987,-15.23849],[-72.876469,-15.23797],[-72.875797,-15.237824],[-72.875584,-15.23775],[-72.875398,-15.237619],[-72.875035,-15.237043],[-72.87486,-15.236905],[-72.874063,-15.236457],[-72.872754,-15.235188],[-72.872563,-15.235079],[-72.87234,-15.235062],[-72.872118,-15.23512],[-72.871916,-15.235114],[-72.871854,-15.234914],[-72.87205,-15.234831],[-72.872279,-15.234816],[-72.872728,-15.234725],[-72.873982,-15.234164],[-72.87418,-15.234053],[-72.874729,-15.233643],[-72.874939,-15.233567],[-72.875165,-15.233544],[-72.875385,-15.233603],[-72.875577,-15.23372],[-72.876237,-15.234349],[-72.876451,-15.234745],[-72.876594,-15.234893],[-72.876664,-15.23472],[-72.876164,-15.233703],[-72.876013,-15.233537],[-72.875818,-15.233421],[-72.874985,-15.233046],[-72.874534,-15.232997],[-72.873901,-15.233264],[-72.873012,-15.233486],[-72.872808,-15.233579],[-72.87262,-15.23371],[-72.872432,-15.233764],[-72.872322,-15.233595],[-72.872455,-15.233448],[-72.87326,-15.233017],[-72.873576,-15.232691],[-72.873703,-15.232503],[-72.873853,-15.232336],[-72.87405,-15.232225],[-72.874269,-15.232167],[-72.874728,-15.232172],[-72.874806,-15.232017],[-72.874592,-15.231953],[-72.873915,-15.232072],[-72.873063,-15.23241],[-72.872675,-15.232651],[-72.872125,-15.233057],[-72.871925,-15.233168],[-72.871073,-15.233505],[-72.87087,-15.233606],[-72.870687,-15.233743],[-72.870372,-15.234072],[-72.870175,-15.23414],[-72.870034,-15.233997],[-72.870133,-15.233808],[-72.870715,-15.233446],[-72.871063,-15.233152],[-72.871216,-15.232984],[-72.871319,-15.232785],[-72.871675,-15.231711],[-72.871764,-15.231504],[-72.871932,-15.23136],[-72.872128,-15.231242],[-72.872326,-15.231129],[-72.872541,-15.23105],[-72.872582,-15.23088],[-72.872375,-15.23091],[-72.871985,-15.231149],[-72.870906,-15.23153],[-72.870733,-15.231669],[-72.870509,-15.232063],[-72.87037,-15.23224],[-72.870034,-15.232547],[-72.86989,-15.232724],[-72.8697,-15.232848],[-72.869503,-15.23276],[-72.869381,-15.232571],[-72.868948,-15.231773],[-72.868537,-15.23123],[-72.868384,-15.231062],[-72.868201,-15.230934],[-72.868023,-15.231033],[-72.868074,-15.231238],[-72.868217,-15.231414],[-72.868324,-15.231607],[-72.868345,-15.231829],[-72.868272,-15.23204],[-72.868091,-15.232171],[-72.867884,-15.232268],[-72.867205,-15.232383],[-72.867015,-15.232495],[-72.866884,-15.232681],[-72.866679,-15.232651],[-72.866608,-15.232446],[-72.866743,-15.232276],[-72.866914,-15.232124],[-72.867296,-15.231875],[-72.8674,-15.231681],[-72.867454,-15.231233],[-72.867588,-15.230801],[-72.867595,-15.230576],[-72.867517,-15.230374],[-72.867362,-15.230409],[-72.867404,-15.230631],[-72.867396,-15.230856],[-72.867303,-15.231052],[-72.866717,-15.231748],[-72.866521,-15.231846],[-72.865833,-15.23186],[-72.865624,-15.231776],[-72.864894,-15.231227],[-72.864702,-15.231116],[-72.8646,-15.23124],[-72.864715,-15.231435],[-72.864791,-15.231648],[-72.864824,-15.23187],[-72.864759,-15.232084],[-72.864642,-15.232278],[-72.864461,-15.232408],[-72.864059,-15.232628],[-72.863847,-15.232703],[-72.863619,-15.232719],[-72.863391,-15.232695],[-72.863166,-15.23271],[-72.862947,-15.232776],[-72.862738,-15.23274],[-72.861931,-15.232314],[-72.861476,-15.232255],[-72.861284,-15.232168],[-72.861157,-15.23198],[-72.861068,-15.231774],[-72.860944,-15.231339],[-72.860923,-15.231118],[-72.861032,-15.230921],[-72.861079,-15.230704],[-72.861049,-15.23048],[-72.861079,-15.230261],[-72.861175,-15.230056],[-72.861422,-15.229677],[-72.861614,-15.229266],[-72.861773,-15.228608],[-72.861856,-15.228398],[-72.862021,-15.227741],[-72.862194,-15.227322],[-72.862337,-15.227216],[-72.86236,-15.227407],[-72.862168,-15.227812],[-72.862162,-15.228491],[-72.862135,-15.228715],[-72.862142,-15.228938],[-72.862188,-15.229159],[-72.862039,-15.229585],[-72.861991,-15.229806],[-72.862059,-15.23025],[-72.862155,-15.230102],[-72.862152,-15.229876],[-72.862206,-15.229658],[-72.862397,-15.229247],[-72.862741,-15.22866],[-72.862788,-15.22844],[-72.862959,-15.228378],[-72.86314,-15.22879],[-72.863187,-15.229008],[-72.863192,-15.229234],[-72.863339,-15.229251],[-72.863537,-15.228843],[-72.863613,-15.228632],[-72.863748,-15.227969],[-72.863851,-15.227767],[-72.864023,-15.227674],[-72.86421,-15.227743],[-72.864481,-15.228604],[-72.864624,-15.228779],[-72.864834,-15.228851],[-72.86529,-15.228907],[-72.865945,-15.229109],[-72.866382,-15.228969],[-72.866837,-15.228983],[-72.867056,-15.228935],[-72.8677,-15.228694],[-72.86861,-15.22858],[-72.87017,-15.2282],[-72.870625,-15.228142],[-72.870704,-15.227971],[-72.870513,-15.227931],[-72.870316,-15.228046],[-72.869877,-15.228173],[-72.86965,-15.228206],[-72.869428,-15.228194],[-72.869,-15.228033],[-72.868543,-15.227982],[-72.868337,-15.227896],[-72.86833,-15.227686],[-72.868553,-15.227649],[-72.869001,-15.227726],[-72.869225,-15.227677],[-72.871157,-15.226954],[-72.871336,-15.226818],[-72.871612,-15.22646],[-72.87197,-15.226177],[-72.872198,-15.226157],[-72.872647,-15.226065],[-72.872827,-15.225927],[-72.87294,-15.22573],[-72.87308,-15.225559],[-72.873298,-15.22552],[-72.873738,-15.225648],[-72.874577,-15.226014],[-72.874797,-15.226063],[-72.875484,-15.226111],[-72.875678,-15.225991],[-72.876195,-15.225546],[-72.876408,-15.225468],[-72.876636,-15.225439],[-72.876845,-15.22538],[-72.877107,-15.225012],[-72.877644,-15.224587],[-72.877779,-15.224419],[-72.877615,-15.224323],[-72.877342,-15.224679],[-72.876811,-15.22511],[-72.876607,-15.225213],[-72.876163,-15.225321],[-72.875478,-15.225383],[-72.874566,-15.225299],[-72.873732,-15.224919],[-72.873538,-15.224804],[-72.873384,-15.22464],[-72.87333,-15.223968],[-72.873421,-15.22376],[-72.873582,-15.223599],[-72.875057,-15.222522],[-72.87526,-15.222437],[-72.875489,-15.222424],[-72.875683,-15.222346],[-72.875775,-15.221919],[-72.875977,-15.221839],[-72.876161,-15.221951],[-72.87627,-15.222146],[-72.876321,-15.222363],[-72.876332,-15.222589],[-72.876312,-15.222812],[-72.87597,-15.223395],[-72.875916,-15.223608],[-72.876102,-15.223685],[-72.876324,-15.22365],[-72.877625,-15.223204],[-72.877833,-15.223108],[-72.878186,-15.222821],[-72.878381,-15.222712],[-72.878824,-15.222595],[-72.879501,-15.222469],[-72.879727,-15.222445],[-72.879955,-15.222463],[-72.880603,-15.222694],[-72.880825,-15.222724],[-72.881008,-15.222609],[-72.882011,-15.221374],[-72.882514,-15.220912],[-72.882714,-15.220811],[-72.882942,-15.220783],[-72.883625,-15.220868],[-72.883848,-15.220849],[-72.885154,-15.220417],[-72.885378,-15.220368],[-72.885604,-15.220357],[-72.88583,-15.220392],[-72.88603,-15.220374],[-72.885979,-15.220205],[-72.885759,-15.220144],[-72.884864,-15.220345],[-72.884406,-15.220373],[-72.883501,-15.220519],[-72.883273,-15.220511],[-72.882818,-15.220453],[-72.882363,-15.220512],[-72.882276,-15.220328],[-72.882396,-15.220184],[-72.882624,-15.220187],[-72.883309,-15.220254],[-72.88353,-15.220212],[-72.883917,-15.219982],[-72.884137,-15.219919],[-72.884587,-15.219841],[-72.884791,-15.219738],[-72.885155,-15.219464],[-72.885771,-15.219161],[-72.886355,-15.218801],[-72.886572,-15.218734],[-72.887014,-15.218642],[-72.886999,-15.218483],[-72.886793,-15.218472],[-72.886585,-15.218564],[-72.885987,-15.218901],[-72.885767,-15.218955],[-72.885541,-15.21898],[-72.885318,-15.218923],[-72.885162,-15.218776],[-72.88492,-15.218393],[-72.884439,-15.217366],[-72.884448,-15.217143],[-72.884674,-15.216757],[-72.884464,-15.216115],[-72.8843,-15.21596],[-72.884105,-15.215842],[-72.88326,-15.215498],[-72.883166,-15.215298],[-72.883208,-15.215076],[-72.883687,-15.213096],[-72.883767,-15.212889],[-72.883978,-15.212871],[-72.885255,-15.213377],[-72.885695,-15.213506],[-72.88592,-15.213543],[-72.886135,-15.21348],[-72.886533,-15.21326],[-72.886987,-15.213194],[-72.888519,-15.212717],[-72.88895,-15.212562],[-72.88961,-15.21237],[-72.89118,-15.212032],[-72.891392,-15.212051],[-72.891607,-15.212123],[-72.891835,-15.21214],[-72.892043,-15.21205],[-72.892836,-15.211595],[-72.892983,-15.211422],[-72.893151,-15.211271],[-72.895087,-15.210055],[-72.8952,-15.209865],[-72.895245,-15.209644],[-72.894991,-15.209282],[-72.894643,-15.2087],[-72.894461,-15.208564],[-72.894695,-15.208357]]}}]}