{"type":"FeatureCollection","features":[{"type":"Feature","properties":{"fuente":"OpenStreetMap 2026-10-02 (recorrido.py)","pasos":[{"accion":"inicio","via":"Jirón Humboldt","m":4},{"accion":"derecha","via":"Avenida José Gálvez","m":154},{"accion":"izquierda","via":"Avenida Jaime Bausate y Meza","m":129},{"accion":"derecha","via":"Avenida Paseo de la República","m":156},{"accion":"izquierda","via":"Avenida 28 de Julio","m":592},{"accion":"sigue","via":"Avenida Guzmán Blanco","m":481},{"accion":"rotonda","salida":2,"via":"Avenida Alfonso Ugarte","m":137},{"accion":"sigue","via":"Avenida Alfonso Ugarte","m":1445},{"accion":"rotonda","salida":3,"via":"Avenida Alfonso Ugarte","m":96},{"accion":"sigue","via":"Avenida Alfonso Ugarte","m":32},{"accion":"sigue","via":"","m":178},{"accion":"sigue","via":"Avenida Alfonso Ugarte","m":639},{"accion":"sigue","via":"Avenida Caquetá","m":257},{"accion":"sigue","via":"","m":514},{"accion":"sigue","via":"Vía de Evitamiento","m":1348},{"accion":"sigue","via":"Carretera Panamericana Norte","m":2207},{"accion":"sigue","via":"","m":361},{"accion":"sigue","via":"Avenida Tomás Valle","m":526},{"accion":"izquierda","via":"","m":341},{"accion":"sigue","via":"Avenida Túpac Amaru","m":294},{"accion":"derecha","via":"Avenida Tomás Valle","m":773},{"accion":"sigue","via":"Avenida Alfredo Mendiola","m":415},{"accion":"rotonda","salida":2,"via":"Avenida Alfredo Mendiola","m":61},{"accion":"sigue","via":"Avenida Alfredo Mendiola","m":279},{"accion":"sigue","via":"","m":139},{"accion":"sigue","via":"Carretera Panamericana Norte","m":2085},{"accion":"sigue","via":"Avenida Panamericana Norte","m":11416},{"accion":"sigue","via":"Carretera Panamericana Norte","m":42043}],"sin_calle":5,"fuera":[0,895836]},"geometry":{"type":"LineString","coordinates":[[-77.031745,-12.066265],[-77.031856,-12.066279],[-77.032,-12.065111],[-77.032073,-12.064906],[-77.03227,-12.064891],[-77.033253,-12.065012],[-77.033735,-12.063686],[-77.036072,-12.063996],[-77.036548,-12.06412],[-77.038863,-12.064392],[-77.039116,-12.064438],[-77.039175,-12.064424],[-77.039273,-12.064365],[-77.039351,-12.064275],[-77.041214,-12.060793],[-77.041225,-12.060678],[-77.041112,-12.060571],[-77.041034,-12.060436],[-77.040996,-12.060202],[-77.041031,-12.060045],[-77.041107,-12.059911],[-77.041218,-12.059803],[-77.041421,-12.05971],[-77.041501,-12.059463],[-77.041761,-12.056363],[-77.042328,-12.050153],[-77.042316,-12.049801],[-77.042557,-12.046933],[-77.042537,-12.046779],[-77.042378,-12.046571],[-77.042334,-12.046367],[-77.042397,-12.04617],[-77.042464,-12.046089],[-77.042597,-12.046005],[-77.042678,-12.04581],[-77.042811,-12.044554],[-77.042898,-12.044136],[-77.043018,-12.042737],[-77.043029,-12.042336],[-77.043098,-12.041491],[-77.043161,-12.040816],[-77.043229,-12.040448],[-77.043417,-12.038382],[-77.043441,-12.038064],[-77.043425,-12.037441],[-77.043547,-12.036062],[-77.043479,-12.035909],[-77.043356,-12.03579],[-77.04318,-12.035719],[-77.043052,-12.035715],[-77.042928,-12.035744],[-77.042385,-12.036051],[-77.042279,-12.03615],[-77.042239,-12.036236],[-77.042227,-12.036331],[-77.042245,-12.036428],[-77.042293,-12.036515],[-77.042411,-12.036608],[-77.042508,-12.036635],[-77.042601,-12.036632],[-77.042838,-12.036585],[-77.043641,-12.036342],[-77.044537,-12.036104],[-77.044941,-12.03608],[-77.046905,-12.035732],[-77.047674,-12.035504],[-77.048686,-12.035235],[-77.049658,-12.034882],[-77.053097,-12.033492],[-77.053716,-12.033174],[-77.054618,-12.03262],[-77.055103,-12.032261],[-77.055517,-12.031901],[-77.055999,-12.031429],[-77.056337,-12.031039],[-77.057417,-12.029518],[-77.057634,-12.029108],[-77.05798,-12.028237],[-77.058208,-12.027427],[-77.058411,-12.025908],[-77.058864,-12.023185],[-77.059238,-12.02063],[-77.059306,-12.020297],[-77.06007,-12.015287],[-77.060386,-12.013342],[-77.060523,-12.012073],[-77.060486,-12.011837],[-77.060483,-12.011514],[-77.06073,-12.009951],[-77.060799,-12.009588],[-77.060907,-12.009201],[-77.060962,-12.008854],[-77.060904,-12.008793],[-77.060384,-12.008447],[-77.060095,-12.008349],[-77.056323,-12.007819],[-77.056557,-12.006378],[-77.056758,-12.00477],[-77.056728,-12.005015],[-77.056543,-12.004992],[-77.056388,-12.005136],[-77.056398,-12.005149],[-77.056159,-12.005119],[-77.056098,-12.005076],[-77.055976,-12.005164],[-77.05593,-12.005103],[-77.055701,-12.005086],[-77.05561,-12.005008],[-77.055547,-12.005053],[-77.055433,-12.004895],[-77.055206,-12.004857],[-77.055235,-12.004979],[-77.055143,-12.005044],[-77.05498,-12.004819],[-77.054754,-12.004781],[-77.054593,-12.004807],[-77.054472,-12.004877],[-77.054437,-12.004946],[-77.053959,-12.007345],[-77.060291,-12.008237],[-77.060992,-12.008203],[-77.061062,-12.008163],[-77.061179,-12.007991],[-77.061291,-12.007729],[-77.061611,-12.005567],[-77.061678,-12.004955],[-77.061661,-12.004582],[-77.061592,-12.004441],[-77.061586,-12.004316],[-77.061626,-12.004196],[-77.061715,-12.004088],[-77.061807,-12.003321],[-77.062099,-12.001596],[-77.062275,-12.000654],[-77.062406,-12.000387],[-77.062857,-11.997671],[-77.063495,-11.99352],[-77.063594,-11.992997],[-77.06385,-11.991964],[-77.063963,-11.991328],[-77.064434,-11.987461],[-77.067465,-11.96802],[-77.067765,-11.966127],[-77.068128,-11.964051],[-77.068745,-11.959754],[-77.070016,-11.951774],[-77.070377,-11.949272],[-77.070564,-11.948202],[-77.070808,-11.946387],[-77.070973,-11.94497],[-77.072154,-11.9326],[-77.073245,-11.921461],[-77.073524,-11.91827],[-77.073683,-11.916824],[-77.073851,-11.91495],[-77.073856,-11.914501],[-77.073823,-11.91416],[-77.073757,-11.913801],[-77.073591,-11.9133],[-77.073448,-11.912997],[-77.072816,-11.911965],[-77.071113,-11.909599],[-77.070773,-11.909094],[-77.070227,-11.908373],[-77.069863,-11.907829],[-77.069453,-11.907006],[-77.067802,-11.903371],[-77.067717,-11.903103],[-77.067619,-11.902392],[-77.067615,-11.901773],[-77.06919,-11.87384],[-77.069246,-11.873104],[-77.069373,-11.872564],[-77.069514,-11.872191],[-77.069742,-11.87176],[-77.072537,-11.867498],[-77.073921,-11.865427],[-77.074318,-11.864928],[-77.07485,-11.864404],[-77.08434,-11.8568],[-77.085809,-11.855661],[-77.087819,-11.854029],[-77.09017,-11.852191],[-77.098743,-11.845275],[-77.099969,-11.844335],[-77.100875,-11.843572],[-77.101875,-11.842796],[-77.103487,-11.84147],[-77.108333,-11.837646],[-77.112258,-11.834464],[-77.119038,-11.829053],[-77.11944,-11.828706],[-77.120051,-11.828046],[-77.124935,-11.822498],[-77.125292,-11.822],[-77.125509,-11.821568],[-77.127922,-11.815687],[-77.12829,-11.814882],[-77.1286,-11.814306],[-77.128999,-11.813681],[-77.132198,-11.809023],[-77.132675,-11.808296],[-77.136426,-11.802841],[-77.136729,-11.802454],[-77.137147,-11.801967],[-77.13771,-11.801375],[-77.142042,-11.797175],[-77.154487,-11.784835],[-77.157511,-11.781869],[-77.157917,-11.781394],[-77.158064,-11.781265],[-77.158472,-11.780729],[-77.15879,-11.780183],[-77.159056,-11.779633],[-77.159182,-11.779315],[-77.159311,-11.77887],[-77.159534,-11.777954],[-77.15962,-11.777198],[-77.159603,-11.77624],[-77.159509,-11.775064],[-77.159045,-11.770829],[-77.158493,-11.7662],[-77.158217,-11.765145],[-77.158018,-11.764592],[-77.157834,-11.764136],[-77.157628,-11.763704],[-77.157349,-11.763214],[-77.157069,-11.762779],[-77.156728,-11.762317],[-77.15639,-11.761923],[-77.143739,-11.747563],[-77.1383,-11.741452],[-77.13115,-11.733351],[-77.130669,-11.73267],[-77.130412,-11.732174],[-77.130266,-11.731561],[-77.130197,-11.731065],[-77.130232,-11.730477],[-77.130318,-11.730023],[-77.130489,-11.729477],[-77.130686,-11.729056],[-77.131038,-11.728594],[-77.131725,-11.727972],[-77.132137,-11.72772],[-77.132746,-11.72746],[-77.133313,-11.727334],[-77.13363,-11.727292],[-77.133991,-11.727283],[-77.134515,-11.727342],[-77.135931,-11.727594],[-77.137004,-11.727594],[-77.137802,-11.727434],[-77.140454,-11.726569],[-77.141647,-11.726325],[-77.142634,-11.726241],[-77.143055,-11.726241],[-77.14393,-11.726292],[-77.144445,-11.726375],[-77.145046,-11.72651],[-77.146076,-11.726812],[-77.146797,-11.727107],[-77.151234,-11.729275],[-77.152762,-11.729947],[-77.154316,-11.730527],[-77.155929,-11.731056],[-77.157174,-11.7313],[-77.158041,-11.731342],[-77.158976,-11.731283],[-77.159783,-11.731124],[-77.160393,-11.730956],[-77.164639,-11.729087],[-77.165043,-11.72886],[-77.165412,-11.728608],[-77.165764,-11.728264],[-77.166116,-11.727852],[-77.167952,-11.725036],[-77.168381,-11.724524],[-77.168905,-11.724053],[-77.169849,-11.723313],[-77.170321,-11.72286],[-77.170708,-11.722364],[-77.172484,-11.719448],[-77.17281,-11.71897],[-77.173778,-11.717367],[-77.173986,-11.716955],[-77.174078,-11.716723],[-77.174133,-11.716461],[-77.174182,-11.716028],[-77.174227,-11.714852],[-77.174306,-11.714401],[-77.174445,-11.714012],[-77.174621,-11.713613],[-77.174892,-11.713171],[-77.175198,-11.712786],[-77.175867,-11.71206],[-77.176348,-11.711402],[-77.176529,-11.711106],[-77.176808,-11.710446],[-77.176883,-11.710063],[-77.176996,-11.709648],[-77.177063,-11.709123],[-77.177113,-11.707324],[-77.1771,-11.706882],[-77.177174,-11.706203],[-77.177403,-11.705364],[-77.177574,-11.704904],[-77.17838,-11.703446],[-77.17874,-11.702567],[-77.17887,-11.702121],[-77.179057,-11.701161],[-77.179503,-11.696244],[-77.179683,-11.695139],[-77.179896,-11.694199],[-77.180184,-11.693312],[-77.180492,-11.692509],[-77.180807,-11.69184],[-77.18223,-11.68919],[-77.182601,-11.688395],[-77.182851,-11.687739],[-77.183061,-11.68692],[-77.183208,-11.686129],[-77.183688,-11.676972],[-77.184068,-11.670448],[-77.184152,-11.669711],[-77.184224,-11.669311],[-77.184382,-11.668703],[-77.184538,-11.668258],[-77.184842,-11.667582],[-77.185258,-11.666881],[-77.18572,-11.666268],[-77.186164,-11.665779],[-77.186753,-11.665244],[-77.191661,-11.661274],[-77.192099,-11.660966],[-77.192573,-11.66068],[-77.193385,-11.660294],[-77.196568,-11.659219],[-77.196892,-11.659086],[-77.1972,-11.65892],[-77.197615,-11.658623],[-77.197956,-11.658294],[-77.198215,-11.657968],[-77.198378,-11.657707],[-77.198516,-11.657432],[-77.198942,-11.656243],[-77.199161,-11.65576],[-77.199416,-11.65532],[-77.20003,-11.654438],[-77.200397,-11.653857],[-77.200739,-11.653203],[-77.20094,-11.652742],[-77.201203,-11.652011],[-77.201384,-11.651348],[-77.201518,-11.650623],[-77.201699,-11.649151],[-77.201771,-11.648817],[-77.201901,-11.648392],[-77.20207,-11.648008],[-77.202619,-11.647042],[-77.20285,-11.646543],[-77.202979,-11.646183],[-77.203383,-11.644824],[-77.203729,-11.643955],[-77.205423,-11.640471],[-77.206115,-11.63863],[-77.206287,-11.637937],[-77.206336,-11.637534],[-77.206355,-11.636885],[-77.206313,-11.636269],[-77.206209,-11.635447],[-77.206185,-11.634996],[-77.206262,-11.633852],[-77.206355,-11.633325],[-77.20727,-11.629628],[-77.207373,-11.628949],[-77.207419,-11.628341],[-77.207425,-11.627865],[-77.207246,-11.622533],[-77.207244,-11.621664],[-77.207365,-11.620533],[-77.207436,-11.619632],[-77.20744,-11.619103],[-77.207396,-11.618689],[-77.207066,-11.616639],[-77.207008,-11.615653],[-77.207097,-11.613689],[-77.207065,-11.613302],[-77.20698,-11.612948],[-77.20688,-11.612687],[-77.206736,-11.612407],[-77.206414,-11.611965],[-77.206028,-11.611624],[-77.205603,-11.611362],[-77.205348,-11.611246],[-77.205017,-11.611143],[-77.203202,-11.610857],[-77.202612,-11.610703],[-77.202222,-11.61057],[-77.199423,-11.609401],[-77.197124,-11.608392],[-77.196714,-11.608166],[-77.196289,-11.607853],[-77.196024,-11.6076],[-77.195798,-11.607341],[-77.195441,-11.606813],[-77.195302,-11.606537],[-77.195195,-11.606263],[-77.195086,-11.605861],[-77.195024,-11.605499],[-77.194999,-11.605148],[-77.195005,-11.604809],[-77.19502,-11.604641],[-77.195135,-11.604114],[-77.195192,-11.603895],[-77.195349,-11.60347],[-77.195654,-11.602863],[-77.195895,-11.602478],[-77.196045,-11.602307],[-77.196218,-11.602158],[-77.19659,-11.601894],[-77.19679,-11.601784],[-77.197003,-11.601703],[-77.197654,-11.601481],[-77.198099,-11.601374],[-77.198555,-11.601325],[-77.199014,-11.601332],[-77.19947,-11.601386],[-77.199694,-11.601435],[-77.20013,-11.601574],[-77.204632,-11.603274],[-77.20741,-11.604349],[-77.228402,-11.612325],[-77.229251,-11.61267],[-77.230329,-11.613059],[-77.230769,-11.613187],[-77.231225,-11.613229],[-77.231455,-11.613223],[-77.23191,-11.613169],[-77.232573,-11.612989],[-77.232986,-11.612792],[-77.233573,-11.612438],[-77.23452,-11.611799],[-77.236729,-11.610177],[-77.237267,-11.609754],[-77.237952,-11.609152],[-77.241439,-11.605872],[-77.241783,-11.605574],[-77.248888,-11.599843],[-77.249819,-11.599182],[-77.254017,-11.596416],[-77.254733,-11.595851],[-77.255059,-11.595533],[-77.25551,-11.595021],[-77.255778,-11.594653],[-77.256143,-11.594079],[-77.256442,-11.593468],[-77.257441,-11.590939],[-77.26028,-11.583537],[-77.261309,-11.580778],[-77.2616,-11.57992],[-77.262253,-11.577285],[-77.262397,-11.576866],[-77.266409,-11.559215],[-77.26657,-11.558792],[-77.266784,-11.558392],[-77.266828,-11.558173],[-77.26715,-11.557332],[-77.26727,-11.55714],[-77.267414,-11.556966],[-77.26759,-11.556822],[-77.267792,-11.556716],[-77.268006,-11.556637],[-77.268667,-11.556447],[-77.270077,-11.555689],[-77.273036,-11.553955],[-77.273769,-11.553411],[-77.274272,-11.552948],[-77.274738,-11.552449],[-77.275153,-11.551908],[-77.277419,-11.548778],[-77.277755,-11.548186],[-77.279204,-11.545361],[-77.281401,-11.540632],[-77.281824,-11.53983],[-77.283156,-11.537454],[-77.283688,-11.536453],[-77.288513,-11.526696],[-77.289031,-11.525687],[-77.28964,-11.524729],[-77.295693,-11.51566],[-77.296038,-11.515074],[-77.296307,-11.51445],[-77.303496,-11.494411],[-77.303648,-11.493749],[-77.304261,-11.490412],[-77.30447,-11.489532],[-77.30619,-11.484615],[-77.307649,-11.480567],[-77.30884,-11.477145],[-77.309049,-11.476265],[-77.30915,-11.475366],[-77.309128,-11.474236],[-77.309001,-11.472205],[-77.309019,-11.471301],[-77.309063,-11.470851],[-77.309108,-11.47063],[-77.309223,-11.470192],[-77.311668,-11.46337],[-77.31193,-11.462743],[-77.312039,-11.462544],[-77.312434,-11.461989],[-77.312735,-11.461648],[-77.313065,-11.461334],[-77.313617,-11.460928],[-77.314222,-11.460608],[-77.341287,-11.44876],[-77.344457,-11.447435],[-77.349276,-11.445308],[-77.350284,-11.444769],[-77.351055,-11.444278],[-77.352536,-11.443207],[-77.353068,-11.442777],[-77.354079,-11.441857],[-77.355193,-11.440716],[-77.358645,-11.437085],[-77.36086,-11.434791],[-77.361312,-11.434279],[-77.361584,-11.433915],[-77.362203,-11.432963],[-77.363248,-11.431207],[-77.364119,-11.429877],[-77.365503,-11.427532],[-77.366455,-11.425985],[-77.367195,-11.424841],[-77.371207,-11.418246],[-77.371605,-11.417432],[-77.371909,-11.416579],[-77.372086,-11.415923],[-77.372113,-11.415699],[-77.372286,-11.415282],[-77.372401,-11.415086],[-77.372703,-11.414747],[-77.373698,-11.41381],[-77.374152,-11.4133],[-77.374668,-11.412553],[-77.376106,-11.410239],[-77.376524,-11.409701],[-77.376845,-11.409378],[-77.377202,-11.409095],[-77.37759,-11.408854],[-77.377793,-11.408749],[-77.378221,-11.408586],[-77.378668,-11.408487],[-77.379352,-11.408411],[-77.379581,-11.408419],[-77.380035,-11.408489],[-77.380698,-11.408668],[-77.381111,-11.408864],[-77.383474,-11.41026],[-77.384094,-11.410554],[-77.384966,-11.410837],[-77.385417,-11.410924],[-77.385873,-11.410969],[-77.386332,-11.410955],[-77.387018,-11.410894],[-77.387692,-11.410757],[-77.388342,-11.410536],[-77.38896,-11.410237],[-77.389699,-11.409701],[-77.390581,-11.408978],[-77.391221,-11.40833],[-77.391491,-11.407965],[-77.391925,-11.407169],[-77.392081,-11.406744],[-77.392197,-11.406077],[-77.392218,-11.405399],[-77.392173,-11.404723],[-77.391754,-11.402041],[-77.391705,-11.401592],[-77.391663,-11.400689],[-77.391696,-11.399333],[-77.391875,-11.397533],[-77.391946,-11.397086],[-77.392117,-11.39643],[-77.392411,-11.395573],[-77.392595,-11.395159],[-77.393018,-11.394357],[-77.393257,-11.39397],[-77.393519,-11.393599],[-77.395448,-11.391068],[-77.395748,-11.390726],[-77.396078,-11.390411],[-77.39645,-11.390147],[-77.397062,-11.389838],[-77.397492,-11.38968],[-77.397939,-11.389579],[-77.398398,-11.389553],[-77.398853,-11.389601],[-77.399522,-11.389762],[-77.400148,-11.390042],[-77.400715,-11.390427],[-77.401057,-11.390727],[-77.405251,-11.394911],[-77.405773,-11.395353],[-77.406325,-11.395758],[-77.406711,-11.396002],[-77.407315,-11.396329],[-77.407729,-11.396523],[-77.40859,-11.396836],[-77.40903,-11.396964],[-77.409703,-11.397112],[-77.416079,-11.39792],[-77.416996,-11.397951],[-77.417682,-11.397897],[-77.418365,-11.397811],[-77.419487,-11.397575],[-77.420141,-11.397362],[-77.420989,-11.397015],[-77.421603,-11.396708],[-77.422193,-11.396359],[-77.423121,-11.395693],[-77.42347,-11.3954],[-77.42411,-11.39475],[-77.424558,-11.394236],[-77.425247,-11.393332],[-77.431378,-11.384863],[-77.442739,-11.369238],[-77.44391,-11.367561],[-77.451261,-11.35745],[-77.473101,-11.327245],[-77.481375,-11.315839],[-77.487603,-11.307161],[-77.5493,-11.221915],[-77.554655,-11.214568],[-77.556508,-11.211982],[-77.574105,-11.187684],[-77.574882,-11.186564],[-77.592326,-11.158907],[-77.593857,-11.156384],[-77.594393,-11.155384],[-77.59498,-11.154157],[-77.595592,-11.152694],[-77.596122,-11.1512],[-77.596378,-11.150332],[-77.596796,-11.14857],[-77.59707,-11.147011],[-77.597337,-11.144311],[-77.597339,-11.14318],[-77.597278,-11.141825],[-77.597183,-11.140472],[-77.596653,-11.135753],[-77.596458,-11.13487],[-77.593971,-11.126635],[-77.593822,-11.125973],[-77.593748,-11.125527],[-77.593659,-11.1244],[-77.593686,-11.12327],[-77.593978,-11.120118],[-77.593935,-11.118989],[-77.593769,-11.117871],[-77.593465,-11.116781],[-77.592678,-11.113712],[-77.590361,-11.104961],[-77.589531,-11.102612],[-77.589451,-11.1024],[-77.588762,-11.10097],[-77.585721,-11.095138],[-77.584795,-11.093319],[-77.584315,-11.092292],[-77.58406,-11.091662],[-77.583565,-11.090157],[-77.583395,-11.0895],[-77.583012,-11.0875],[-77.582354,-11.08234],[-77.582268,-11.08144],[-77.582229,-11.080763],[-77.582249,-11.079633],[-77.5824,-11.078285],[-77.582576,-11.077398],[-77.582813,-11.076524],[-77.583194,-11.075458],[-77.583774,-11.073982],[-77.584135,-11.07315],[-77.584506,-11.072081],[-77.586519,-11.067273],[-77.588248,-11.062841],[-77.588662,-11.061547],[-77.589008,-11.060235],[-77.589173,-11.059345],[-77.589284,-11.058447],[-77.589359,-11.057319],[-77.589369,-11.056641],[-77.589331,-11.055285],[-77.588824,-11.048975],[-77.588764,-11.046941],[-77.588862,-11.045361],[-77.588955,-11.044462],[-77.589091,-11.043567],[-77.58922,-11.042901],[-77.589625,-11.041137],[-77.591362,-11.034573],[-77.592369,-11.03086],[-77.592636,-11.029995],[-77.59288,-11.029361],[-77.593249,-11.028533],[-77.593687,-11.027738],[-77.596235,-11.023707],[-77.597957,-11.021034],[-77.598593,-11.020093],[-77.599273,-11.019183],[-77.600903,-11.017283],[-77.6022,-11.016003],[-77.604735,-11.013707],[-77.606443,-11.012196],[-77.609095,-11.009693],[-77.610959,-11.008015],[-77.61178,-11.007226],[-77.614471,-11.004763],[-77.614993,-11.004321],[-77.615547,-11.003919],[-77.621834,-10.999754],[-77.636357,-10.990229],[-77.641687,-10.986689],[-77.642057,-10.986422],[-77.64259,-10.985993],[-77.64309,-10.985527],[-77.643544,-10.985017],[-77.644089,-10.984289],[-77.644448,-10.98371],[-77.644663,-10.983311],[-77.64503,-10.982482],[-77.64518,-10.982055],[-77.645371,-10.981403],[-77.645514,-10.98074],[-77.645612,-10.979841],[-77.646181,-10.964703],[-77.646949,-10.945501],[-77.64701,-10.945053],[-77.647375,-10.943511],[-77.648381,-10.939798],[-77.649043,-10.937164],[-77.649348,-10.936074],[-77.651706,-10.9271],[-77.652085,-10.925796],[-77.652329,-10.925162],[-77.652837,-10.924149],[-77.653072,-10.92376],[-77.65333,-10.923386],[-77.653905,-10.922682],[-77.65422,-10.922353],[-77.654888,-10.921732],[-77.656426,-10.920373],[-77.657421,-10.919435],[-77.660499,-10.916391],[-77.660946,-10.915876],[-77.661479,-10.915139],[-77.682651,-10.881246],[-77.683343,-10.880074],[-77.684053,-10.878654],[-77.684234,-10.878238],[-77.684644,-10.877182],[-77.684984,-10.876103],[-77.687337,-10.86783],[-77.688168,-10.865007],[-77.688797,-10.863069],[-77.689811,-10.860065],[-77.700057,-10.828635],[-77.700405,-10.827323],[-77.700647,-10.825988],[-77.700746,-10.825088],[-77.700812,-10.82396],[-77.700819,-10.823508],[-77.700758,-10.821926],[-77.700431,-10.817416],[-77.700342,-10.815383],[-77.700379,-10.813575],[-77.700445,-10.812673],[-77.700668,-10.810878],[-77.700825,-10.809987],[-77.701061,-10.80888],[-77.701404,-10.807567],[-77.701888,-10.806058],[-77.702543,-10.804368],[-77.705925,-10.796941],[-77.706503,-10.795709],[-77.707008,-10.794694],[-77.707572,-10.79371],[-77.70807,-10.79295],[-77.708888,-10.791859],[-77.712562,-10.787516],[-77.713562,-10.786277],[-77.71492,-10.784454],[-77.718704,-10.77906],[-77.719528,-10.777972],[-77.72013,-10.777289],[-77.720609,-10.776802],[-77.725185,-10.772685],[-77.725508,-10.772362],[-77.726221,-10.771477],[-77.726711,-10.770712],[-77.727122,-10.769904],[-77.729036,-10.765301],[-77.729319,-10.764683],[-77.729864,-10.763688],[-77.730604,-10.762544],[-77.746207,-10.741289],[-77.747314,-10.739846],[-77.748312,-10.738606],[-77.758697,-10.726233],[-77.759403,-10.725341],[-77.765081,-10.717947],[-77.771426,-10.709633],[-77.772271,-10.708561],[-77.773001,-10.707689],[-77.773754,-10.706836],[-77.774529,-10.706002],[-77.780473,-10.700026],[-77.781743,-10.698719],[-77.782355,-10.698045],[-77.782787,-10.697517],[-77.783466,-10.696605],[-77.784088,-10.695655],[-77.784432,-10.695068],[-77.785157,-10.693655],[-77.790478,-10.682628],[-77.791009,-10.681376],[-77.791765,-10.679241],[-77.791892,-10.678807],[-77.792758,-10.674137],[-77.792863,-10.673697],[-77.792948,-10.673488],[-77.793061,-10.673291],[-77.793329,-10.672925],[-77.793421,-10.672719],[-77.79345,-10.672495],[-77.793367,-10.672062],[-77.793416,-10.671848],[-77.793545,-10.671663],[-77.793634,-10.67122],[-77.794364,-10.669076],[-77.79446,-10.668871],[-77.794586,-10.668682],[-77.794738,-10.668513],[-77.794911,-10.668365],[-77.795108,-10.668252],[-77.795742,-10.667987],[-77.806035,-10.66411],[-77.806695,-10.663918],[-77.807606,-10.663812],[-77.80782,-10.663733],[-77.808008,-10.663605],[-77.808165,-10.663446],[-77.808272,-10.663254],[-77.808455,-10.66312],[-77.808676,-10.66307],[-77.808903,-10.663082],[-77.809128,-10.663039],[-77.809734,-10.662722],[-77.809946,-10.662635],[-77.813598,-10.661279],[-77.814483,-10.661037],[-77.837157,-10.656251],[-77.838051,-10.656046],[-77.838484,-10.655896],[-77.83951,-10.65539],[-77.842356,-10.653918],[-77.843145,-10.653456],[-77.843336,-10.65333],[-77.848765,-10.649157],[-77.85152,-10.647526],[-77.85391,-10.646178],[-77.854296,-10.645932],[-77.854468,-10.645783],[-77.854624,-10.645619],[-77.854752,-10.645431],[-77.854859,-10.645232],[-77.854983,-10.644798],[-77.855166,-10.643226],[-77.85517,-10.642774],[-77.855123,-10.642325],[-77.855078,-10.642103],[-77.854659,-10.640576],[-77.854537,-10.639909],[-77.854537,-10.639458],[-77.854572,-10.639234],[-77.854702,-10.638801],[-77.854901,-10.638395],[-77.855286,-10.637833],[-77.858309,-10.633848],[-77.860391,-10.631147],[-77.860656,-10.630777],[-77.860879,-10.630383],[-77.869706,-10.609512],[-77.870476,-10.607624],[-77.870785,-10.606535],[-77.870904,-10.605868],[-77.870978,-10.605193],[-77.871095,-10.603162],[-77.871154,-10.598868],[-77.871245,-10.59593],[-77.871226,-10.595252],[-77.871122,-10.594583],[-77.871,-10.594147],[-77.8706,-10.593088],[-77.870316,-10.592228],[-77.868966,-10.588382],[-77.868789,-10.587726],[-77.86873,-10.587279],[-77.86864,-10.58208],[-77.868662,-10.581628],[-77.868769,-10.580958],[-77.868897,-10.580524],[-77.869271,-10.579456],[-77.871957,-10.571281],[-77.87269,-10.569139],[-77.874604,-10.563333],[-77.874855,-10.562701],[-77.875084,-10.562309],[-77.875336,-10.561931],[-77.875803,-10.561435],[-77.87798,-10.559773],[-77.879084,-10.558961],[-77.879983,-10.558258],[-77.881282,-10.557326],[-77.88196,-10.556717],[-77.882256,-10.556372],[-77.882502,-10.555991],[-77.882804,-10.555382],[-77.883783,-10.552606],[-77.884429,-10.550673],[-77.88511,-10.548752],[-77.886412,-10.544889],[-77.894425,-10.521543],[-77.894601,-10.521125],[-77.894813,-10.520724],[-77.895186,-10.520155],[-77.911103,-10.49691],[-77.911435,-10.496316],[-77.911627,-10.495905],[-77.913194,-10.492139],[-77.913654,-10.491104],[-77.91395,-10.490248],[-77.914161,-10.489137],[-77.914301,-10.487107],[-77.914594,-10.483728],[-77.914709,-10.48215],[-77.914716,-10.481472],[-77.914603,-10.480347],[-77.914567,-10.479669],[-77.914578,-10.479218],[-77.91492,-10.475843],[-77.915015,-10.475172],[-77.915654,-10.472533],[-77.915684,-10.471856],[-77.915539,-10.470507],[-77.91556,-10.469378],[-77.915614,-10.46893],[-77.915666,-10.468027],[-77.915931,-10.464645],[-77.916032,-10.463975],[-77.916166,-10.463543],[-77.917156,-10.461758],[-77.917524,-10.461185],[-77.917829,-10.460579],[-77.918199,-10.460007],[-77.92116,-10.454902],[-77.923231,-10.451381],[-77.92356,-10.450785],[-77.923804,-10.450402],[-77.924347,-10.449673],[-77.927891,-10.446129],[-77.928676,-10.445304],[-77.928931,-10.444928],[-77.929551,-10.443717],[-77.929708,-10.443292],[-77.929766,-10.443074],[-77.930035,-10.441285],[-77.930281,-10.439951],[-77.930545,-10.43816],[-77.930579,-10.43771],[-77.930506,-10.437264],[-77.930449,-10.437047],[-77.927765,-10.4308],[-77.927558,-10.430397],[-77.9273,-10.430023],[-77.925656,-10.428135],[-77.925377,-10.427776],[-77.925145,-10.427387],[-77.924986,-10.426963],[-77.924485,-10.425223],[-77.924392,-10.424782],[-77.924404,-10.424556],[-77.924481,-10.424111],[-77.92456,-10.423899],[-77.924807,-10.42352],[-77.925385,-10.422817],[-77.925708,-10.422497],[-77.925889,-10.422359],[-77.926091,-10.422251],[-77.926306,-10.422173],[-77.926529,-10.422124],[-77.927906,-10.4221],[-77.944665,-10.42225],[-77.945124,-10.422222],[-77.945804,-10.422116],[-77.946688,-10.421873],[-77.963532,-10.415249],[-77.963939,-10.415042],[-77.964305,-10.414769],[-77.96464,-10.41446],[-77.964928,-10.414109],[-77.965151,-10.413714],[-77.96524,-10.413506],[-77.96536,-10.41307],[-77.965598,-10.411964],[-77.965801,-10.410851],[-77.966239,-10.408864],[-77.966563,-10.408266],[-77.966818,-10.40789],[-77.96729,-10.407397],[-77.967838,-10.406988],[-77.973456,-10.40391],[-77.974649,-10.403233],[-77.975661,-10.402699],[-77.977659,-10.401585],[-77.979884,-10.400409],[-77.980272,-10.400166],[-77.981086,-10.39975],[-77.982061,-10.399153],[-77.982438,-10.398895],[-77.982796,-10.398612],[-77.984336,-10.397255],[-77.985319,-10.396305],[-77.986009,-10.395709],[-77.986494,-10.395227],[-77.988838,-10.393062],[-77.991158,-10.390871],[-77.991672,-10.39042],[-77.996174,-10.386224],[-77.997937,-10.384443],[-78.000418,-10.382091],[-78.001881,-10.380654],[-78.002407,-10.380216],[-78.004218,-10.378482],[-78.005601,-10.377293],[-78.00774,-10.375583],[-78.008962,-10.374555],[-78.010057,-10.373732],[-78.010229,-10.373583],[-78.010554,-10.373264],[-78.010836,-10.372908],[-78.011048,-10.372509],[-78.011442,-10.371447],[-78.011857,-10.370907],[-78.013736,-10.369245],[-78.015361,-10.367648],[-78.015732,-10.367385],[-78.016033,-10.367045],[-78.01722,-10.365979],[-78.017751,-10.365547],[-78.018312,-10.365153],[-78.02008,-10.364101],[-78.020448,-10.363831],[-78.020793,-10.363533],[-78.021209,-10.362995],[-78.02159,-10.362172],[-78.021759,-10.361516],[-78.021827,-10.360841],[-78.02173,-10.360171],[-78.021623,-10.359731],[-78.021171,-10.35845],[-78.02092,-10.357819],[-78.02049,-10.35653],[-78.020384,-10.35609],[-78.020362,-10.355866],[-78.020351,-10.35564],[-78.0204,-10.355191],[-78.020443,-10.354969],[-78.020592,-10.354542],[-78.020907,-10.35394],[-78.021033,-10.353751],[-78.021336,-10.353413],[-78.022055,-10.352851],[-78.022252,-10.352736],[-78.02268,-10.352576],[-78.023131,-10.352491],[-78.023588,-10.352441],[-78.024276,-10.352447],[-78.025883,-10.35242],[-78.026112,-10.3524],[-78.026561,-10.352309],[-78.026997,-10.352169],[-78.027414,-10.351981],[-78.027609,-10.351863],[-78.027963,-10.351576],[-78.02829,-10.351259],[-78.028568,-10.3509],[-78.028905,-10.35031],[-78.029456,-10.349067],[-78.029694,-10.348681],[-78.029973,-10.348322],[-78.030283,-10.347989],[-78.030791,-10.347531],[-78.031172,-10.347279],[-78.03179,-10.34698],[-78.032439,-10.346756],[-78.034458,-10.346324],[-78.035124,-10.346152],[-78.036474,-10.345879],[-78.039835,-10.345142],[-78.04028,-10.34503],[-78.040706,-10.344862],[-78.04091,-10.344759],[-78.041299,-10.344519],[-78.041665,-10.344247],[-78.042151,-10.343768],[-78.042587,-10.343242],[-78.043187,-10.342279],[-78.043569,-10.341715],[-78.044279,-10.340553],[-78.044487,-10.34015],[-78.045456,-10.337853],[-78.046316,-10.336003],[-78.046468,-10.335577],[-78.046755,-10.334961],[-78.04729,-10.333711],[-78.047689,-10.332897],[-78.048096,-10.33184],[-78.0483,-10.330958],[-78.04844,-10.330065],[-78.048492,-10.329615],[-78.048623,-10.327585],[-78.048742,-10.326461],[-78.048936,-10.325811],[-78.049111,-10.325393],[-78.049227,-10.325198],[-78.050191,-10.32366],[-78.050595,-10.323111],[-78.051308,-10.321951],[-78.051492,-10.321537],[-78.05165,-10.321112],[-78.051699,-10.320893],[-78.05172,-10.320668],[-78.05172,-10.320216],[-78.051683,-10.319765],[-78.05162,-10.319548],[-78.051466,-10.319123],[-78.05125,-10.318725],[-78.05099,-10.318353],[-78.050695,-10.318007],[-78.050208,-10.317528],[-78.049857,-10.317236],[-78.04948,-10.316978],[-78.049085,-10.31675],[-78.048238,-10.3164],[-78.043677,-10.31486],[-78.043255,-10.314685],[-78.04287,-10.31444],[-78.042529,-10.314139],[-78.042268,-10.313769],[-78.042059,-10.313366],[-78.04199,-10.313151],[-78.041936,-10.312932],[-78.041902,-10.312481],[-78.041977,-10.312037],[-78.042109,-10.311605],[-78.042216,-10.311405],[-78.042486,-10.311041],[-78.042823,-10.310735],[-78.044152,-10.309845],[-78.045236,-10.309008],[-78.046956,-10.307512],[-78.048205,-10.306186],[-78.049477,-10.304582],[-78.049861,-10.304019],[-78.049971,-10.303821],[-78.050076,-10.30362],[-78.050225,-10.303193],[-78.050317,-10.30275],[-78.050338,-10.302526],[-78.050288,-10.30185],[-78.050163,-10.301416],[-78.049985,-10.301],[-78.049737,-10.30062],[-78.049595,-10.300443],[-78.049265,-10.30013],[-78.047983,-10.299176],[-78.047458,-10.298737],[-78.047165,-10.298389],[-78.047038,-10.298201],[-78.046724,-10.297598],[-78.045884,-10.295253],[-78.043929,-10.28946],[-78.042661,-10.285825],[-78.039591,-10.276823],[-78.039248,-10.275744],[-78.038487,-10.273852],[-78.037724,-10.27172],[-78.037318,-10.270424],[-78.03708,-10.269551],[-78.036151,-10.266757],[-78.035703,-10.265475],[-78.035585,-10.265038],[-78.035498,-10.264594],[-78.035446,-10.263466],[-78.035502,-10.26279],[-78.035603,-10.260757],[-78.035746,-10.259408],[-78.035931,-10.258293],[-78.035949,-10.258068],[-78.036206,-10.254006],[-78.036537,-10.249496],[-78.036679,-10.246787],[-78.036767,-10.245887],[-78.037066,-10.240922],[-78.03733,-10.237314],[-78.03756,-10.235519],[-78.038214,-10.231501],[-78.038613,-10.228816],[-78.038906,-10.227031],[-78.039205,-10.225476],[-78.03953,-10.22463],[-78.039729,-10.224222],[-78.039984,-10.223847],[-78.042361,-10.220798],[-78.0436,-10.21917],[-78.044035,-10.218644],[-78.046799,-10.215034],[-78.047228,-10.214502],[-78.047884,-10.213576],[-78.048225,-10.212986],[-78.048581,-10.211913],[-78.048753,-10.211025],[-78.04926,-10.207899],[-78.049573,-10.206117],[-78.049959,-10.203659],[-78.05018,-10.202782],[-78.050334,-10.202356],[-78.050623,-10.20174],[-78.050872,-10.201361],[-78.05268,-10.199023],[-78.053078,-10.198469],[-78.054207,-10.197043],[-78.054677,-10.196548],[-78.055712,-10.195652],[-78.059245,-10.192764],[-78.060849,-10.191481],[-78.061694,-10.190716],[-78.062171,-10.190227],[-78.063227,-10.189034],[-78.063553,-10.188716],[-78.064152,-10.188031],[-78.065391,-10.186696],[-78.065824,-10.186168],[-78.066899,-10.184992],[-78.067705,-10.184187],[-78.068702,-10.183252],[-78.077554,-10.174703],[-78.078228,-10.174088],[-78.079192,-10.173119],[-78.086254,-10.166326],[-78.08673,-10.165837],[-78.087903,-10.164755],[-78.088873,-10.163791],[-78.095107,-10.15778],[-78.096435,-10.15653],[-78.098055,-10.154928],[-78.100034,-10.153042],[-78.100814,-10.152212],[-78.101317,-10.151749],[-78.101855,-10.151325],[-78.102046,-10.1512],[-78.102826,-10.150725],[-78.103836,-10.150186],[-78.104627,-10.149727],[-78.105762,-10.148959],[-78.106858,-10.148138],[-78.114079,-10.142549],[-78.1146,-10.142106],[-78.115256,-10.141473],[-78.115555,-10.141131],[-78.116114,-10.140414],[-78.132235,-10.114875],[-78.132735,-10.114116],[-78.133689,-10.112571],[-78.135646,-10.10951],[-78.136532,-10.107925],[-78.138133,-10.104669],[-78.139118,-10.102627],[-78.139588,-10.101596],[-78.139996,-10.100786],[-78.140228,-10.100397],[-78.14064,-10.099854],[-78.140743,-10.099652],[-78.142047,-10.097008],[-78.142517,-10.095977],[-78.144342,-10.092326],[-78.144917,-10.091093],[-78.145601,-10.089414],[-78.146411,-10.087299],[-78.147351,-10.084991],[-78.147944,-10.083766],[-78.148272,-10.08317],[-78.14863,-10.082591],[-78.150499,-10.079742],[-78.154818,-10.073338],[-78.155553,-10.072192],[-78.155738,-10.071778],[-78.155866,-10.071344],[-78.1561,-10.070237],[-78.156439,-10.068459],[-78.156548,-10.068021],[-78.156774,-10.066682],[-78.156942,-10.065336],[-78.157126,-10.063537],[-78.157564,-10.059718],[-78.157619,-10.058815],[-78.15769,-10.058369],[-78.157691,-10.058143],[-78.157786,-10.057244],[-78.158321,-10.052753],[-78.158475,-10.051177],[-78.158907,-10.047357],[-78.159152,-10.046254],[-78.159277,-10.045819],[-78.16019,-10.043021],[-78.160301,-10.042583],[-78.160687,-10.041518],[-78.160839,-10.040857],[-78.160918,-10.040645],[-78.161606,-10.039469],[-78.168261,-10.028902],[-78.168801,-10.027904],[-78.169516,-10.026239],[-78.169992,-10.024727],[-78.17038,-10.023191],[-78.171052,-10.020328],[-78.171755,-10.017471],[-78.172162,-10.016176],[-78.172448,-10.015559],[-78.173001,-10.014569],[-78.173126,-10.01438],[-78.17339,-10.01401],[-78.173981,-10.013318],[-78.174456,-10.012826],[-78.175114,-10.012196],[-78.17654,-10.010723],[-78.177192,-10.010087],[-78.17766,-10.009589],[-78.179911,-10.007329],[-78.18037,-10.006824],[-78.181076,-10.005933],[-78.181577,-10.005175],[-78.182154,-10.004197],[-78.185707,-9.997865],[-78.186292,-9.996893],[-78.187493,-9.994705],[-78.188169,-9.993523],[-78.188647,-9.99275],[-78.189027,-9.992185],[-78.190124,-9.990734],[-78.199088,-9.979845],[-78.199498,-9.9793],[-78.199872,-9.978732],[-78.200099,-9.978338],[-78.200397,-9.977727],[-78.200643,-9.977094],[-78.200838,-9.976443],[-78.200987,-9.975781],[-78.201661,-9.971537],[-78.202006,-9.970224],[-78.202374,-9.969153],[-78.202739,-9.968323],[-78.203392,-9.96713],[-78.207986,-9.960093],[-78.208693,-9.958929],[-78.208879,-9.958516],[-78.20903,-9.958089],[-78.209154,-9.957654],[-78.209619,-9.95521],[-78.209829,-9.954566],[-78.210189,-9.953988],[-78.210749,-9.953272],[-78.21101,-9.9529],[-78.21122,-9.952498],[-78.211303,-9.952287],[-78.21136,-9.952069],[-78.211418,-9.951621],[-78.211506,-9.950042],[-78.211544,-9.949818],[-78.211615,-9.949604],[-78.21179,-9.949188],[-78.212022,-9.948797],[-78.212306,-9.948442],[-78.215767,-9.944514],[-78.216189,-9.943979],[-78.216414,-9.943586],[-78.216496,-9.943375],[-78.216825,-9.942292],[-78.217683,-9.939007],[-78.218099,-9.937246],[-78.219443,-9.932217],[-78.219761,-9.930897],[-78.219869,-9.930227],[-78.219953,-9.929327],[-78.219979,-9.92797],[-78.21992,-9.923901],[-78.219969,-9.920962],[-78.21996,-9.917797],[-78.219949,-9.917572],[-78.219881,-9.917125],[-78.219833,-9.916904],[-78.219683,-9.916476],[-78.219476,-9.916073],[-78.216161,-9.910127],[-78.215702,-9.909344],[-78.212177,-9.904323],[-78.207425,-9.897663],[-78.207195,-9.897273],[-78.207015,-9.896858],[-78.206882,-9.896425],[-78.206809,-9.895979],[-78.206807,-9.895528],[-78.206868,-9.89508],[-78.20707,-9.894432],[-78.207168,-9.894228],[-78.212506,-9.884734],[-78.212703,-9.884325],[-78.212997,-9.883469],[-78.213065,-9.883022],[-78.213121,-9.882346],[-78.21316,-9.879181],[-78.213125,-9.87873],[-78.21306,-9.878283],[-78.21277,-9.877425],[-78.211094,-9.873705],[-78.209108,-9.869378],[-78.20875,-9.868799],[-78.208615,-9.868617],[-78.20847,-9.868442],[-78.208141,-9.868127],[-78.207959,-9.867989],[-78.207759,-9.86788],[-78.199753,-9.863931],[-78.197509,-9.86279],[-78.195661,-9.861879],[-78.183438,-9.855145],[-78.182859,-9.85478],[-78.182513,-9.854482],[-78.182215,-9.85414],[-78.182086,-9.853952],[-78.181868,-9.853555],[-78.181679,-9.852903],[-78.18164,-9.85268],[-78.181612,-9.85223],[-78.18162,-9.851777],[-78.182135,-9.841842],[-78.182227,-9.840716],[-78.18235,-9.839819],[-78.184549,-9.828955],[-78.184647,-9.828283],[-78.184652,-9.827606],[-78.184582,-9.82716],[-78.184249,-9.826319],[-78.182312,-9.823245],[-78.181995,-9.822643],[-78.181828,-9.822223],[-78.181699,-9.821789],[-78.181623,-9.821344],[-78.181537,-9.820444],[-78.181414,-9.817733],[-78.181454,-9.817057],[-78.181763,-9.814133],[-78.181734,-9.813457],[-78.181703,-9.813233],[-78.181594,-9.812795],[-78.181282,-9.81219],[-78.179845,-9.810146],[-78.179621,-9.809752],[-78.179454,-9.809331],[-78.179356,-9.80889],[-78.179318,-9.80844],[-78.179264,-9.806406],[-78.179305,-9.80573],[-78.179388,-9.805286],[-78.179451,-9.805068],[-78.179712,-9.804441],[-78.183383,-9.798437],[-78.183662,-9.798078],[-78.183993,-9.797765],[-78.184363,-9.797499],[-78.184774,-9.797297],[-78.186965,-9.796625],[-78.187641,-9.796494],[-78.188328,-9.79646],[-78.189922,-9.796659],[-78.197631,-9.797865],[-78.198543,-9.797972],[-78.19923,-9.798019],[-78.199459,-9.798016],[-78.201296,-9.797982],[-78.202212,-9.797915],[-78.203115,-9.797753],[-78.203327,-9.797666],[-78.209015,-9.795239],[-78.210042,-9.794736],[-78.210418,-9.794477],[-78.210773,-9.79419],[-78.211272,-9.793723],[-78.215755,-9.788875],[-78.216501,-9.788017],[-78.216775,-9.787654],[-78.216887,-9.787457],[-78.217084,-9.787049],[-78.217213,-9.786615],[-78.219439,-9.777609],[-78.219704,-9.776984],[-78.219938,-9.776596],[-78.22008,-9.776418],[-78.2204,-9.776095],[-78.220759,-9.775814],[-78.220954,-9.775694],[-78.221164,-9.775604],[-78.2216,-9.775463],[-78.22205,-9.775374],[-78.222738,-9.775377],[-78.223884,-9.775436],[-78.22434,-9.775487],[-78.224791,-9.775576],[-78.225222,-9.775729],[-78.225628,-9.775938],[-78.227115,-9.776999],[-78.227501,-9.777243],[-78.227916,-9.777434],[-78.228363,-9.777536],[-78.228592,-9.777558],[-78.22905,-9.777554],[-78.229277,-9.777522],[-78.229502,-9.777479],[-78.229924,-9.777305],[-78.230122,-9.77719],[-78.230494,-9.776926],[-78.230977,-9.776442],[-78.231587,-9.775766],[-78.231844,-9.775392],[-78.232041,-9.774984],[-78.232474,-9.773937],[-78.232667,-9.773527],[-78.232932,-9.773158],[-78.235018,-9.77075],[-78.239696,-9.765467],[-78.240243,-9.764742],[-78.240717,-9.763967],[-78.241101,-9.763146],[-78.253347,-9.734861],[-78.253588,-9.734477],[-78.253871,-9.734121],[-78.254034,-9.733962],[-78.254202,-9.733809],[-78.25459,-9.733567],[-78.255011,-9.733389],[-78.256966,-9.73273],[-78.257395,-9.732569],[-78.257808,-9.732373],[-78.258206,-9.732146],[-78.26011,-9.730883],[-78.260712,-9.730555],[-78.261148,-9.730416],[-78.261375,-9.730385],[-78.263896,-9.730247],[-78.264343,-9.730146],[-78.264553,-9.730059],[-78.264941,-9.729818],[-78.265121,-9.729679],[-78.265282,-9.729518],[-78.266042,-9.72867],[-78.266456,-9.728129],[-78.266686,-9.727738],[-78.266977,-9.727123],[-78.281695,-9.693979],[-78.282098,-9.692921],[-78.282159,-9.692703],[-78.282205,-9.692026],[-78.282162,-9.69135],[-78.281992,-9.690004],[-78.281879,-9.689567],[-78.281789,-9.689358],[-78.281581,-9.688956],[-78.277778,-9.683301],[-78.277421,-9.682721],[-78.274479,-9.677347],[-78.273416,-9.675344],[-78.27315,-9.674718],[-78.268082,-9.660896],[-78.267635,-9.659855],[-78.267415,-9.659458],[-78.267167,-9.659078],[-78.26655,-9.65841],[-78.263402,-9.655772],[-78.262893,-9.655316],[-78.262426,-9.654819],[-78.26215,-9.654457],[-78.261907,-9.654073],[-78.261602,-9.653466],[-78.261436,-9.653045],[-78.259821,-9.647857],[-78.259642,-9.647202],[-78.259465,-9.646315],[-78.258157,-9.637135],[-78.257975,-9.635336],[-78.257867,-9.632398],[-78.257491,-9.618612],[-78.25745,-9.61522],[-78.25745,-9.613412],[-78.25731,-9.608666],[-78.257241,-9.605049],[-78.257279,-9.604598],[-78.25817,-9.597417],[-78.258191,-9.59674],[-78.25813,-9.596292],[-78.257897,-9.595655],[-78.257674,-9.59526],[-78.256038,-9.592802],[-78.255822,-9.592404],[-78.255678,-9.591976],[-78.255589,-9.591532],[-78.254461,-9.584154],[-78.254393,-9.583479],[-78.254383,-9.582802],[-78.254704,-9.579653],[-78.254807,-9.578982],[-78.256247,-9.572349],[-78.256515,-9.57125],[-78.25672,-9.570603],[-78.256963,-9.569968],[-78.260881,-9.561539],[-78.261303,-9.560737],[-78.261777,-9.559962],[-78.264111,-9.556604],[-78.264518,-9.556056],[-78.264822,-9.555718],[-78.265152,-9.555403],[-78.266527,-9.554204],[-78.26701,-9.553721],[-78.267296,-9.553368],[-78.268982,-9.550942],[-78.269209,-9.550549],[-78.269507,-9.549938],[-78.27095,-9.546612],[-78.272502,-9.54284],[-78.275602,-9.535539],[-78.2759,-9.534927],[-78.276122,-9.534532],[-78.2765,-9.533965],[-78.279935,-9.529157],[-78.283795,-9.523815],[-78.286286,-9.520568],[-78.286647,-9.52029],[-78.287025,-9.519723],[-78.287367,-9.519135],[-78.287552,-9.518722],[-78.287669,-9.518285],[-78.287732,-9.517837],[-78.28775,-9.517386],[-78.287713,-9.516935],[-78.28767,-9.516713],[-78.287616,-9.516494],[-78.287456,-9.51607],[-78.286862,-9.514846],[-78.284364,-9.510009],[-78.282245,-9.505998],[-78.277854,-9.497544],[-78.277081,-9.496156],[-78.275107,-9.493106],[-78.27467,-9.49231],[-78.272982,-9.488845],[-78.272627,-9.488011],[-78.272562,-9.487794],[-78.27253,-9.487571],[-78.272543,-9.48712],[-78.27258,-9.486898],[-78.272637,-9.486679],[-78.272721,-9.486469],[-78.272999,-9.485849],[-78.273402,-9.485037],[-78.273553,-9.484866],[-78.273727,-9.484722],[-78.274151,-9.484564],[-78.275067,-9.484562],[-78.275512,-9.484673],[-78.276791,-9.485172],[-78.277245,-9.485228],[-78.27747,-9.485188],[-78.277918,-9.485088],[-78.281448,-9.484085],[-78.286759,-9.48264],[-78.292048,-9.481119],[-78.29226,-9.481035],[-78.292449,-9.480909],[-78.2926,-9.480741],[-78.292726,-9.480553],[-78.29359,-9.478956],[-78.294044,-9.47817],[-78.294806,-9.476777],[-78.294882,-9.476566],[-78.295764,-9.47498],[-78.295853,-9.474771],[-78.295949,-9.474337],[-78.296162,-9.474302],[-78.299809,-9.474734],[-78.303425,-9.475373],[-78.305694,-9.475721],[-78.305838,-9.475642],[-78.306004,-9.474752],[-78.306135,-9.47432],[-78.306236,-9.474118],[-78.306369,-9.473934],[-78.306536,-9.473779],[-78.306722,-9.473648],[-78.307533,-9.473224],[-78.310612,-9.471704],[-78.311007,-9.471474],[-78.311569,-9.471083],[-78.313859,-9.469197],[-78.314423,-9.468808],[-78.31501,-9.468454],[-78.334028,-9.457483],[-78.334635,-9.457164],[-78.33841,-9.45501],[-78.339973,-9.45406],[-78.345926,-9.450649],[-78.346865,-9.45],[-78.347398,-9.44957],[-78.347593,-9.449452],[-78.347767,-9.449307],[-78.348385,-9.448639],[-78.349096,-9.447751],[-78.349575,-9.446979],[-78.350976,-9.44491],[-78.351583,-9.443951],[-78.355223,-9.438461],[-78.356079,-9.437121],[-78.357353,-9.43524],[-78.361103,-9.429551],[-78.362711,-9.427074],[-78.36411,-9.425004],[-78.36458,-9.424227],[-78.365229,-9.423295],[-78.365575,-9.422709],[-78.366597,-9.420684],[-78.369917,-9.413477],[-78.371486,-9.410207],[-78.385081,-9.381026],[-78.385475,-9.379965],[-78.385592,-9.379528],[-78.38577,-9.37864],[-78.387789,-9.366824],[-78.38788,-9.365924],[-78.387977,-9.365719],[-78.388039,-9.365504],[-78.38838,-9.363268],[-78.388588,-9.362389],[-78.388802,-9.36082],[-78.388912,-9.360381],[-78.389474,-9.35866],[-78.390153,-9.357226],[-78.390485,-9.356632],[-78.391203,-9.355474],[-78.39152,-9.354873],[-78.391777,-9.354499],[-78.391882,-9.354298],[-78.391917,-9.354076],[-78.3919,-9.353851],[-78.391852,-9.353632],[-78.391898,-9.353413],[-78.392033,-9.353234],[-78.39245,-9.35306],[-78.392638,-9.352932],[-78.393063,-9.352399],[-78.39442,-9.350038],[-78.395053,-9.349095],[-78.39527,-9.348697],[-78.395462,-9.348286],[-78.395777,-9.347436],[-78.395837,-9.347219],[-78.395948,-9.34678],[-78.396129,-9.345893],[-78.396162,-9.34567],[-78.396203,-9.344767],[-78.396244,-9.344545],[-78.396374,-9.344111],[-78.396551,-9.343695],[-78.396928,-9.342627],[-78.397375,-9.341585],[-78.397493,-9.341394],[-78.397791,-9.341051],[-78.398437,-9.34041],[-78.398541,-9.34021],[-78.398602,-9.339992],[-78.39863,-9.339769],[-78.398617,-9.339544],[-78.39857,-9.339323],[-78.398494,-9.33911],[-78.398309,-9.338696],[-78.398151,-9.338272],[-78.398037,-9.337835],[-78.397968,-9.336933],[-78.397967,-9.336481],[-78.397983,-9.336256],[-78.398091,-9.335817],[-78.398169,-9.335604],[-78.398355,-9.335191],[-78.399546,-9.333529],[-78.399779,-9.333139],[-78.399973,-9.33273],[-78.400117,-9.3323],[-78.400453,-9.330986],[-78.400631,-9.330569],[-78.400878,-9.330189],[-78.401177,-9.329846],[-78.401522,-9.329549],[-78.405386,-9.32671],[-78.405554,-9.326556],[-78.40584,-9.326203],[-78.405959,-9.32601],[-78.406148,-9.325599],[-78.406315,-9.324942],[-78.40636,-9.324492],[-78.406342,-9.324041],[-78.40565,-9.3198],[-78.405352,-9.318244],[-78.405139,-9.317365],[-78.40368,-9.312368],[-78.403603,-9.311922],[-78.403564,-9.311472],[-78.403587,-9.310568],[-78.403655,-9.310121],[-78.403877,-9.309244],[-78.40403,-9.308818],[-78.404339,-9.308212],[-78.404822,-9.307443],[-78.405091,-9.307076],[-78.405831,-9.306212],[-78.409929,-9.301632],[-78.410359,-9.301102],[-78.410745,-9.300542],[-78.411161,-9.299736],[-78.413137,-9.295158],[-78.413471,-9.294566],[-78.41426,-9.293454],[-78.414379,-9.293261],[-78.414579,-9.292854],[-78.414664,-9.292644],[-78.414777,-9.292206],[-78.415174,-9.290209],[-78.415281,-9.289769],[-78.415799,-9.288034],[-78.41594,-9.287372],[-78.415959,-9.287147],[-78.415941,-9.286469],[-78.41566,-9.283543],[-78.415672,-9.282865],[-78.415763,-9.282194],[-78.415876,-9.281756],[-78.418164,-9.274643],[-78.418574,-9.273588],[-78.418924,-9.273005],[-78.41935,-9.272472],[-78.433435,-9.257277],[-78.433706,-9.256912],[-78.434127,-9.25611],[-78.434546,-9.255573],[-78.434631,-9.255364],[-78.434676,-9.255146],[-78.434782,-9.254948],[-78.434971,-9.254824],[-78.435427,-9.2548],[-78.435652,-9.254762],[-78.435852,-9.254653],[-78.436015,-9.254496],[-78.440972,-9.249155],[-78.441397,-9.248622],[-78.441714,-9.248296],[-78.441838,-9.248107],[-78.441898,-9.24789],[-78.441917,-9.247665],[-78.441986,-9.247453],[-78.442148,-9.247297],[-78.442582,-9.247162],[-78.442788,-9.247064],[-78.442972,-9.246929],[-78.443136,-9.246772],[-78.443417,-9.246414],[-78.447791,-9.239508],[-78.44799,-9.239101],[-78.448135,-9.238672],[-78.448302,-9.237326],[-78.448607,-9.233721],[-78.44898,-9.229668],[-78.449134,-9.227639],[-78.449235,-9.22674],[-78.449415,-9.224713],[-78.44994,-9.218404],[-78.45029,-9.214803],[-78.45037,-9.214358],[-78.4505,-9.213925],[-78.450665,-9.213503],[-78.45102,-9.212923],[-78.457124,-9.204436],[-78.457801,-9.203523],[-78.458309,-9.202769],[-78.460552,-9.199085],[-78.461765,-9.197166],[-78.462034,-9.196799],[-78.465415,-9.192804],[-78.465547,-9.192621],[-78.466339,-9.191244],[-78.467069,-9.189585],[-78.467259,-9.188934],[-78.467301,-9.188483],[-78.467356,-9.188266],[-78.467607,-9.187636],[-78.467602,-9.18741],[-78.467565,-9.187187],[-78.467395,-9.186769],[-78.4674,-9.186547],[-78.467506,-9.186363],[-78.467674,-9.186209],[-78.467897,-9.186182],[-78.46812,-9.186224],[-78.468272,-9.186373],[-78.468384,-9.18657],[-78.468571,-9.1867],[-78.468779,-9.186779],[-78.469235,-9.186821],[-78.469462,-9.186787],[-78.469656,-9.186684],[-78.469826,-9.186533],[-78.469993,-9.186378],[-78.470717,-9.185502],[-78.47106,-9.185205],[-78.471878,-9.184113],[-78.472393,-9.183364],[-78.473871,-9.181348],[-78.474319,-9.180833],[-78.474808,-9.180356],[-78.479669,-9.175874],[-78.481537,-9.174202],[-78.481859,-9.17388],[-78.485042,-9.170942],[-78.487575,-9.168644],[-78.502175,-9.155219],[-78.504344,-9.153201],[-78.507707,-9.150121],[-78.508222,-9.149671],[-78.508712,-9.149195],[-78.532031,-9.12774],[-78.532811,-9.126911],[-78.533978,-9.125823],[-78.534676,-9.125236],[-78.535037,-9.124958],[-78.553465,-9.107952],[-78.555453,-9.106073],[-78.555586,-9.105895],[-78.556239,-9.10526],[-78.557091,-9.104502],[-78.558084,-9.103562],[-78.558515,-9.103033],[-78.559153,-9.102383],[-78.559274,-9.102192],[-78.559341,-9.101977],[-78.559372,-9.101755],[-78.559537,-9.101604],[-78.559749,-9.101534],[-78.559885,-9.101713],[-78.559928,-9.101931],[-78.55984,-9.10213],[-78.559584,-9.102504],[-78.559425,-9.102928],[-78.559405,-9.10315],[-78.559452,-9.104506],[-78.559444,-9.104732],[-78.559392,-9.105635],[-78.559263,-9.10581],[-78.55904,-9.105834],[-78.557753,-9.105351],[-78.557802,-9.105155],[-78.55795,-9.105086],[-78.558166,-9.105164],[-78.558297,-9.105046],[-78.55839,-9.104839],[-78.558536,-9.10441],[-78.558708,-9.104393],[-78.558926,-9.104465],[-78.55915,-9.104477],[-78.559318,-9.104343],[-78.559301,-9.104118],[-78.559209,-9.103913],[-78.558665,-9.103502],[-78.558517,-9.103333],[-78.55849,-9.103111],[-78.5586,-9.102919],[-78.559079,-9.102432],[-78.559221,-9.102256],[-78.559356,-9.101826],[-78.559485,-9.101643],[-78.559681,-9.101526],[-78.560309,-9.101248],[-78.560503,-9.101128],[-78.561947,-9.100011],[-78.562469,-9.099569],[-78.563007,-9.099152],[-78.564874,-9.097477],[-78.566378,-9.096083],[-78.567031,-9.095447],[-78.568702,-9.093897],[-78.56939,-9.093297],[-78.569711,-9.092975],[-78.570719,-9.09205],[-78.571817,-9.090895],[-78.574648,-9.087627],[-78.575426,-9.086796],[-78.577529,-9.084402],[-78.580496,-9.080951],[-78.58081,-9.080621],[-78.580989,-9.08048],[-78.581392,-9.080264],[-78.586223,-9.078812],[-78.588428,-9.078182],[-78.5904,-9.077577],[-78.590489,-9.077442],[-78.587733,-9.068342],[-78.587681,-9.068123],[-78.587683,-9.067898],[-78.587707,-9.067673],[-78.587761,-9.067454],[-78.58824,-9.065708],[-78.588627,-9.064172],[-78.588655,-9.063951],[-78.588758,-9.06351],[-78.588761,-9.063288],[-78.588871,-9.063098],[-78.588991,-9.062661],[-78.58908,-9.062458],[-78.589233,-9.061797],[-78.590378,-9.057418],[-78.590516,-9.056986],[-78.590758,-9.056351],[-78.591049,-9.055737],[-78.594879,-9.0493],[-78.595153,-9.048938],[-78.595454,-9.048596],[-78.595778,-9.048277],[-78.596134,-9.047991],[-78.596721,-9.047637],[-78.597549,-9.047246],[-78.609922,-9.041816],[-78.610523,-9.041487],[-78.610882,-9.041204],[-78.611201,-9.04088],[-78.611601,-9.040328],[-78.611892,-9.039714],[-78.615807,-9.029569],[-78.616114,-9.028717],[-78.616193,-9.028272],[-78.616204,-9.027594],[-78.61608,-9.026243],[-78.615721,-9.02287],[-78.615624,-9.021744],[-78.615623,-9.021293],[-78.615692,-9.020847],[-78.615836,-9.020419],[-78.616065,-9.020028],[-78.6162,-9.019844],[-78.616978,-9.019014],[-78.617263,-9.018659],[-78.618922,-9.016216],[-78.619027,-9.016016],[-78.619095,-9.015802],[-78.619129,-9.015579],[-78.617929,-8.997756],[-78.61784,-8.996176],[-78.617717,-8.994598],[-78.617617,-8.992792],[-78.617507,-8.99144],[-78.616762,-8.980386],[-78.61676,-8.979934],[-78.616801,-8.979484],[-78.616905,-8.979044],[-78.617043,-8.978613],[-78.620567,-8.968809],[-78.620838,-8.968186],[-78.620946,-8.967986],[-78.622314,-8.965631],[-78.62258,-8.965263],[-78.622742,-8.965104],[-78.623918,-8.964399],[-78.624493,-8.964026],[-78.625426,-8.963368],[-78.626329,-8.96267],[-78.628954,-8.960475],[-78.629277,-8.960154],[-78.629403,-8.959967],[-78.629474,-8.959752],[-78.629518,-8.959531],[-78.62955,-8.958854],[-78.629669,-8.943254],[-78.62972,-8.942805],[-78.629848,-8.942372],[-78.631019,-8.939916],[-78.631427,-8.939106],[-78.633102,-8.936405],[-78.63331,-8.936002],[-78.634586,-8.932132],[-78.635255,-8.929969],[-78.635733,-8.92799],[-78.635781,-8.927769],[-78.63582,-8.927319],[-78.638513,-8.913784],[-78.640453,-8.904252],[-78.640683,-8.902915],[-78.656544,-8.823034],[-78.656668,-8.822138],[-78.656699,-8.821687],[-78.656659,-8.82101],[-78.6566,-8.820562],[-78.656324,-8.819466],[-78.656144,-8.819049],[-78.641297,-8.790213],[-78.64072,-8.788981],[-78.640392,-8.788136],[-78.640177,-8.787492],[-78.639926,-8.786622],[-78.633429,-8.759559],[-78.633287,-8.758666],[-78.633213,-8.757538],[-78.633224,-8.757312],[-78.635539,-8.728462],[-78.635633,-8.727563],[-78.635962,-8.723053],[-78.636946,-8.710882],[-78.637019,-8.710436],[-78.637175,-8.710012],[-78.637279,-8.70981],[-78.637531,-8.709432],[-78.637835,-8.709095],[-78.638187,-8.708806],[-78.639371,-8.708112],[-78.639732,-8.707835],[-78.639873,-8.707657],[-78.63998,-8.707458],[-78.640043,-8.707242],[-78.640068,-8.707019],[-78.64006,-8.706793],[-78.639799,-8.705692],[-78.639733,-8.705245],[-78.639306,-8.70097],[-78.638995,-8.699649],[-78.638407,-8.698177],[-78.638009,-8.697362],[-78.637665,-8.696524],[-78.637521,-8.696094],[-78.636792,-8.693478],[-78.636575,-8.692835],[-78.636237,-8.692244],[-78.63575,-8.691477],[-78.63553,-8.691081],[-78.635407,-8.690645],[-78.635125,-8.689318],[-78.634963,-8.688895],[-78.634746,-8.688498],[-78.633409,-8.68666],[-78.633299,-8.686462],[-78.633196,-8.68626],[-78.633053,-8.685831],[-78.632802,-8.684729],[-78.63272,-8.684517],[-78.632602,-8.684326],[-78.632457,-8.684151],[-78.630742,-8.682649],[-78.630425,-8.682322],[-78.629836,-8.681628],[-78.629484,-8.681046],[-78.621917,-8.665062],[-78.62137,-8.663817],[-78.620966,-8.662759],[-78.620623,-8.66168],[-78.620251,-8.660374],[-78.620095,-8.659714],[-78.619971,-8.659046],[-78.619774,-8.657704],[-78.619649,-8.656126],[-78.619622,-8.654996],[-78.619641,-8.654092],[-78.619757,-8.652514],[-78.619904,-8.651393],[-78.620137,-8.650286],[-78.620212,-8.649613],[-78.620336,-8.649178],[-78.620358,-8.648953],[-78.620327,-8.64873],[-78.620233,-8.648527],[-78.62021,-8.648303],[-78.620308,-8.648102],[-78.620821,-8.647659],[-78.620931,-8.647464],[-78.621515,-8.645989],[-78.621991,-8.64496],[-78.622199,-8.644557],[-78.622978,-8.643173],[-78.623986,-8.641662],[-78.62497,-8.64041],[-78.625567,-8.639723],[-78.627014,-8.638272],[-78.627699,-8.637669],[-78.628954,-8.63668],[-78.663874,-8.610559],[-78.664222,-8.610264],[-78.664864,-8.609617],[-78.665441,-8.608914],[-78.665936,-8.608153],[-78.666453,-8.607144],[-78.666692,-8.606508],[-78.666826,-8.606076],[-78.667032,-8.605195],[-78.667149,-8.604298],[-78.668523,-8.585355],[-78.668738,-8.58265],[-78.668905,-8.580849],[-78.669177,-8.577242],[-78.669288,-8.576803],[-78.669548,-8.576176],[-78.671758,-8.572213],[-78.672262,-8.571457],[-78.672424,-8.571308],[-78.673188,-8.569916],[-78.673366,-8.5695],[-78.673491,-8.569064],[-78.673584,-8.568622],[-78.673627,-8.568172],[-78.673839,-8.564107],[-78.674205,-8.557787],[-78.674386,-8.55508],[-78.67444,-8.553724],[-78.675001,-8.544244],[-78.675167,-8.543127],[-78.675261,-8.542684],[-78.67551,-8.541814],[-78.675946,-8.540769],[-78.676513,-8.539785],[-78.676905,-8.539229],[-78.677652,-8.538371],[-78.678501,-8.53761],[-78.679914,-8.536454],[-78.680947,-8.535558],[-78.681095,-8.535385],[-78.681352,-8.535011],[-78.681539,-8.534599],[-78.681648,-8.53416],[-78.681712,-8.533713],[-78.682179,-8.528533],[-78.682278,-8.527862],[-78.683189,-8.523892],[-78.683233,-8.522991],[-78.683829,-8.520576],[-78.68702,-8.510425],[-78.693534,-8.489926],[-78.693867,-8.489084],[-78.69416,-8.48847],[-78.694761,-8.487508],[-78.695317,-8.486789],[-78.695628,-8.486456],[-78.702232,-8.480171],[-78.721004,-8.462536],[-78.723684,-8.460062],[-78.725507,-8.45834],[-78.727792,-8.456114],[-78.727958,-8.45596],[-78.728359,-8.45574],[-78.729041,-8.455139],[-78.734178,-8.450287],[-78.735686,-8.448896],[-78.736037,-8.448605],[-78.736799,-8.4481],[-78.737599,-8.447656],[-78.753134,-8.440882],[-78.754193,-8.440444],[-78.763637,-8.43632],[-78.765954,-8.43533],[-78.769726,-8.433666],[-78.771205,-8.433048],[-78.775382,-8.431171],[-78.776152,-8.430678],[-78.776691,-8.430256],[-78.777198,-8.429797],[-78.777817,-8.42913],[-78.780854,-8.425442],[-78.782267,-8.42366],[-78.782356,-8.423459],[-78.782691,-8.422866],[-78.783238,-8.422139],[-78.783419,-8.422011],[-78.783627,-8.421917],[-78.783803,-8.421781],[-78.785385,-8.419842],[-78.786944,-8.417885],[-78.787677,-8.417016],[-78.788319,-8.41637],[-78.788831,-8.415916],[-78.789967,-8.415149],[-78.790364,-8.414923],[-78.791206,-8.414563],[-78.791856,-8.41434],[-78.792963,-8.41404],[-78.826795,-8.405609],[-78.829016,-8.405035],[-78.829465,-8.404944],[-78.830578,-8.404666],[-78.83079,-8.40458],[-78.831455,-8.404405],[-78.832353,-8.404214],[-78.836575,-8.403139],[-78.836795,-8.403074],[-78.837644,-8.402729],[-78.838263,-8.402433],[-78.838658,-8.402203],[-78.839041,-8.401952],[-78.839777,-8.401412],[-78.840613,-8.400638],[-78.841071,-8.400132],[-78.850445,-8.389284],[-78.852246,-8.38723],[-78.852832,-8.386534],[-78.852932,-8.386332],[-78.853356,-8.3858],[-78.854269,-8.384784],[-78.855136,-8.38373],[-78.859173,-8.379098],[-78.859549,-8.378529],[-78.860272,-8.377651],[-78.860921,-8.377013],[-78.861845,-8.376008],[-78.862889,-8.374804],[-78.864497,-8.372886],[-78.865333,-8.371808],[-78.865464,-8.371623],[-78.865546,-8.371412],[-78.865565,-8.371187],[-78.865556,-8.370742],[-78.865665,-8.370548],[-78.86585,-8.37042],[-78.866074,-8.370375],[-78.866291,-8.370301],[-78.866486,-8.370183],[-78.86677,-8.369829],[-78.869558,-8.365955],[-78.869931,-8.365384],[-78.873418,-8.360337],[-78.884204,-8.344867],[-78.884577,-8.344297],[-78.886395,-8.341687],[-78.886893,-8.340927],[-78.887603,-8.339765],[-78.890634,-8.334965],[-78.89374,-8.329945],[-78.894717,-8.328414],[-78.897814,-8.323388],[-78.900034,-8.319956],[-78.901074,-8.318197],[-78.901279,-8.317793],[-78.901443,-8.317371],[-78.901573,-8.316937],[-78.903398,-8.309696],[-78.904186,-8.307333],[-78.904579,-8.306271],[-78.906722,-8.300064],[-78.907781,-8.297075],[-78.908116,-8.296233],[-78.908334,-8.295836],[-78.908593,-8.295463],[-78.911058,-8.292483],[-78.912168,-8.291042],[-78.912898,-8.29017],[-78.913892,-8.288926],[-78.914489,-8.288239],[-78.914912,-8.287704],[-78.915513,-8.28702],[-78.916667,-8.285613],[-78.917119,-8.285101],[-78.918869,-8.283007],[-78.919398,-8.282268],[-78.920278,-8.280943],[-78.921197,-8.279645],[-78.923365,-8.276449],[-78.923762,-8.275895],[-78.924213,-8.275108],[-78.924297,-8.274898],[-78.927656,-8.264562],[-78.92793,-8.26394],[-78.928167,-8.263553],[-78.928593,-8.263021],[-78.933452,-8.257595],[-78.933981,-8.256857],[-78.934481,-8.25584],[-78.940387,-8.242837],[-78.940642,-8.242207],[-78.941043,-8.24091],[-78.944541,-8.228961],[-78.94477,-8.228322],[-78.945581,-8.2267],[-78.947144,-8.223678],[-78.947684,-8.22268],[-78.948166,-8.221655],[-78.952436,-8.213394],[-78.954179,-8.209954],[-78.955333,-8.207743],[-78.955808,-8.206968],[-78.95594,-8.206784],[-78.956094,-8.206617],[-78.956431,-8.20631],[-78.961016,-8.20291],[-78.961763,-8.202384],[-78.962663,-8.201683],[-78.965056,-8.199925],[-78.965774,-8.199362],[-78.966156,-8.199112],[-78.96762,-8.19802],[-78.97549,-8.191085],[-78.976505,-8.190168],[-78.977891,-8.18898],[-78.97843,-8.188559],[-78.978622,-8.188435],[-78.979813,-8.187755],[-78.981362,-8.186784],[-78.982288,-8.186115],[-78.982495,-8.186025],[-78.982688,-8.185903],[-78.996474,-8.175371],[-78.996809,-8.175066],[-78.998428,-8.173803],[-79.000623,-8.172163],[-79.007327,-8.167025],[-79.008336,-8.166101],[-79.009113,-8.16527],[-79.009727,-8.164316],[-79.011648,-8.16097],[-79.01193,-8.160351],[-79.012039,-8.159912],[-79.012075,-8.15969],[-79.012111,-8.159012],[-79.012153,-8.15743],[-79.012279,-8.154267],[-79.012264,-8.154042],[-79.01215,-8.153605],[-79.011342,-8.151249],[-79.011289,-8.15103],[-79.011264,-8.150806],[-79.011277,-8.150581],[-79.012558,-8.144839],[-79.013013,-8.142623],[-79.013226,-8.141744],[-79.0134,-8.141326],[-79.013512,-8.141129],[-79.015557,-8.138124],[-79.020242,-8.13226],[-79.020513,-8.131895],[-79.020716,-8.13149],[-79.020749,-8.131268],[-79.020742,-8.131042],[-79.020666,-8.130834],[-79.020647,-8.130611],[-79.020735,-8.130405],[-79.020928,-8.130286],[-79.021153,-8.130259],[-79.021353,-8.130358],[-79.021612,-8.130728],[-79.021779,-8.130882],[-79.022143,-8.131156],[-79.02308,-8.13215],[-79.025192,-8.134537],[-79.026416,-8.135885],[-79.027158,-8.136747],[-79.027291,-8.136932],[-79.027398,-8.13713],[-79.027503,-8.137569],[-79.027526,-8.137794],[-79.027472,-8.142542],[-79.027485,-8.142993],[-79.027567,-8.143437],[-79.027755,-8.143849],[-79.027893,-8.144029],[-79.035002,-8.152023],[-79.035326,-8.152343],[-79.035699,-8.152606],[-79.035902,-8.152711],[-79.036113,-8.152801],[-79.036553,-8.152928],[-79.037008,-8.15298],[-79.037237,-8.152979],[-79.037912,-8.152849],[-79.038129,-8.152775],[-79.03853,-8.152557],[-79.039079,-8.152148],[-79.043052,-8.148722],[-79.051041,-8.14192],[-79.051714,-8.141304],[-79.052587,-8.140571],[-79.05872,-8.136587],[-79.060938,-8.135398],[-79.063981,-8.13381],[-79.069024,-8.131112],[-79.069812,-8.130646],[-79.071543,-8.129535],[-79.073029,-8.128473],[-79.083231,-8.120767],[-79.086532,-8.118318],[-79.087425,-8.117608],[-79.092341,-8.11389],[-79.093382,-8.113002],[-79.093883,-8.112536],[-79.095083,-8.111166],[-79.095898,-8.110074],[-79.096627,-8.108922],[-79.096746,-8.108729],[-79.097373,-8.107521],[-79.097828,-8.106484],[-79.098139,-8.105633],[-79.098635,-8.103892],[-79.098817,-8.103005],[-79.098958,-8.102112],[-79.099076,-8.100761],[-79.099098,-8.099405],[-79.09901,-8.098051],[-79.098896,-8.097154],[-79.098736,-8.096263],[-79.09854,-8.09538],[-79.096698,-8.088376],[-79.096516,-8.087962],[-79.096374,-8.087786],[-79.096055,-8.087469],[-79.09598,-8.087261],[-79.096012,-8.087039],[-79.096131,-8.086604],[-79.096133,-8.086378],[-79.096091,-8.086156],[-79.093125,-8.074768],[-79.09102,-8.066897],[-79.089301,-8.060329],[-79.085001,-8.044143],[-79.084629,-8.042837],[-79.084056,-8.041119],[-79.083211,-8.039016],[-79.08219,-8.036742],[-79.07347,-8.017796],[-79.071451,-8.013237],[-79.070918,-8.012236],[-79.070262,-8.010791],[-79.070138,-8.010603],[-79.069983,-8.010438],[-79.069781,-8.010337],[-79.069604,-8.0102],[-79.069526,-8.00999],[-79.069548,-8.00977],[-79.069656,-8.009575],[-79.069791,-8.009404],[-79.069864,-8.008959],[-79.069889,-8.008508],[-79.06984,-8.008058],[-79.069866,-8.007837],[-79.070106,-8.006964],[-79.070581,-8.005453],[-79.071486,-8.00289],[-79.072948,-7.99813],[-79.074473,-7.993388],[-79.078431,-7.980867],[-79.078752,-7.98002],[-79.079892,-7.977304],[-79.080811,-7.974987],[-79.081095,-7.974369],[-79.081479,-7.973305],[-79.082023,-7.972058],[-79.083134,-7.96933],[-79.084033,-7.967498],[-79.084802,-7.965856],[-79.087452,-7.960337],[-79.088888,-7.957255],[-79.091253,-7.952353],[-79.092559,-7.949461],[-79.096514,-7.941049],[-79.097509,-7.939012],[-79.097875,-7.938182],[-79.098102,-7.93779],[-79.098558,-7.936752],[-79.099241,-7.93532],[-79.099453,-7.934919],[-79.099692,-7.934533],[-79.099959,-7.934165],[-79.100267,-7.93383],[-79.100596,-7.933515],[-79.101151,-7.933115],[-79.101648,-7.932646],[-79.102269,-7.931981],[-79.106128,-7.928432],[-79.106616,-7.927953],[-79.106911,-7.927607],[-79.107273,-7.927031],[-79.107691,-7.926226],[-79.11661,-7.907871],[-79.117772,-7.90492],[-79.118131,-7.904087],[-79.122525,-7.89513],[-79.123309,-7.893494],[-79.123928,-7.892282],[-79.130132,-7.879666],[-79.131057,-7.877846],[-79.131702,-7.876648],[-79.132946,-7.874227],[-79.135059,-7.869959],[-79.137339,-7.865269],[-79.137554,-7.86487],[-79.139037,-7.862585],[-79.139181,-7.862409],[-79.139351,-7.862257],[-79.139899,-7.861847],[-79.140062,-7.861688],[-79.140178,-7.861495],[-79.140355,-7.861081],[-79.140543,-7.860958],[-79.140767,-7.860942],[-79.141175,-7.861123],[-79.1414,-7.861167],[-79.141628,-7.861155],[-79.142277,-7.860931],[-79.142651,-7.860671],[-79.142981,-7.860357],[-79.143894,-7.859055],[-79.147932,-7.853011],[-79.149041,-7.851294],[-79.149329,-7.850679],[-79.149595,-7.849814],[-79.151351,-7.843255],[-79.151394,-7.843033],[-79.151431,-7.842583],[-79.151439,-7.841905],[-79.15142,-7.84168],[-79.151335,-7.841473],[-79.151187,-7.841303],[-79.150985,-7.841207],[-79.150802,-7.841075],[-79.150736,-7.840866],[-79.150777,-7.840645],[-79.150929,-7.840486],[-79.151141,-7.840407],[-79.151908,-7.839912],[-79.152593,-7.839309],[-79.156733,-7.835394],[-79.162333,-7.830039],[-79.16648,-7.826131],[-79.167625,-7.82502],[-79.168634,-7.824097],[-79.169946,-7.822831],[-79.170457,-7.822376],[-79.171593,-7.821257],[-79.174895,-7.818114],[-79.176408,-7.816729],[-79.178064,-7.815162],[-79.178587,-7.814721],[-79.193429,-7.804854],[-79.19401,-7.804489],[-79.196476,-7.802834],[-79.203909,-7.797917],[-79.208656,-7.79474],[-79.210583,-7.79351],[-79.211579,-7.792578],[-79.212156,-7.792207],[-79.212327,-7.792057],[-79.212475,-7.791885],[-79.212673,-7.791482],[-79.212846,-7.791338],[-79.213045,-7.791236],[-79.213219,-7.791088],[-79.213494,-7.790728],[-79.215131,-7.787746],[-79.215413,-7.787389],[-79.215734,-7.787066],[-79.216084,-7.786773],[-79.216272,-7.786646],[-79.216471,-7.786533],[-79.217101,-7.786258],[-79.217539,-7.786124],[-79.22023,-7.785545],[-79.221361,-7.785354],[-79.222048,-7.785312],[-79.222736,-7.785331],[-79.22594,-7.785593],[-79.226166,-7.78563],[-79.226828,-7.785817],[-79.227455,-7.786096],[-79.228036,-7.78646],[-79.230325,-7.788346],[-79.230516,-7.788471],[-79.230723,-7.788565],[-79.231179,-7.788599],[-79.231405,-7.788574],[-79.231626,-7.788625],[-79.231808,-7.788757],[-79.23224,-7.788909],[-79.232696,-7.788948],[-79.233135,-7.788818],[-79.241465,-7.785585],[-79.242082,-7.785284],[-79.243241,-7.784551],[-79.243422,-7.784412],[-79.244259,-7.78364],[-79.252798,-7.775102],[-79.254643,-7.773404],[-79.254952,-7.77307],[-79.256415,-7.771634],[-79.263469,-7.764512],[-79.264728,-7.763195],[-79.266689,-7.761289],[-79.268286,-7.759666],[-79.269445,-7.758569],[-79.27017,-7.758015],[-79.270373,-7.757915],[-79.271517,-7.757159],[-79.279259,-7.752295],[-79.280407,-7.751546],[-79.281139,-7.751],[-79.281934,-7.750185],[-79.291215,-7.739857],[-79.291696,-7.739371],[-79.292039,-7.739071],[-79.292769,-7.738523],[-79.293151,-7.738272],[-79.296912,-7.736096],[-79.301245,-7.73354],[-79.302609,-7.732703],[-79.302987,-7.732446],[-79.303691,-7.731866],[-79.303859,-7.731712],[-79.304135,-7.731351],[-79.304503,-7.730778],[-79.30537,-7.729184],[-79.305716,-7.728598],[-79.306352,-7.727395],[-79.306631,-7.726775],[-79.30735,-7.724867],[-79.309449,-7.719123],[-79.310332,-7.716793],[-79.312191,-7.711685],[-79.313252,-7.708938],[-79.313787,-7.707446],[-79.32072,-7.688757],[-79.32714,-7.671329],[-79.327777,-7.669876],[-79.328722,-7.668066],[-79.329306,-7.667093],[-79.330593,-7.665222],[-79.331591,-7.663982],[-79.332493,-7.662956],[-79.333289,-7.662142],[-79.333947,-7.661511],[-79.335511,-7.660181],[-79.341502,-7.655614],[-79.342215,-7.655047],[-79.342873,-7.654416],[-79.343662,-7.653595],[-79.344542,-7.652551],[-79.345337,-7.651444],[-79.345508,-7.651034],[-79.345883,-7.650465],[-79.345971,-7.650263],[-79.350836,-7.643406],[-79.350944,-7.643207],[-79.350988,-7.642986],[-79.350987,-7.642761],[-79.351063,-7.642552],[-79.351234,-7.64241],[-79.351445,-7.642322],[-79.351636,-7.642198],[-79.351801,-7.642043],[-79.351944,-7.641866],[-79.354321,-7.638537],[-79.355825,-7.636539],[-79.356598,-7.635417],[-79.357465,-7.634084],[-79.357937,-7.633308],[-79.358834,-7.63173],[-79.359631,-7.6301],[-79.360165,-7.6291],[-79.360419,-7.62847],[-79.361926,-7.625171],[-79.363387,-7.622099],[-79.364411,-7.619826],[-79.367828,-7.612915],[-79.368553,-7.611502],[-79.369223,-7.610064],[-79.370351,-7.607838],[-79.370792,-7.606553],[-79.371096,-7.605231],[-79.371749,-7.600299],[-79.37177,-7.600074],[-79.371765,-7.59917],[-79.371719,-7.59872],[-79.370856,-7.593361],[-79.37059,-7.59203],[-79.369413,-7.584889],[-79.369153,-7.583556],[-79.36868,-7.580426],[-79.368671,-7.57907],[-79.368836,-7.577951],[-79.368878,-7.577729],[-79.369205,-7.576646],[-79.369445,-7.57601],[-79.369732,-7.575393],[-79.370838,-7.573412],[-79.371418,-7.572437],[-79.371697,-7.571817],[-79.373675,-7.568244],[-79.375845,-7.564259],[-79.376309,-7.563479],[-79.376914,-7.56226],[-79.377711,-7.560886],[-79.380301,-7.556097],[-79.381074,-7.554709],[-79.381384,-7.554104],[-79.384995,-7.547544],[-79.385836,-7.545936],[-79.388332,-7.540847],[-79.39067,-7.536438],[-79.391116,-7.535647],[-79.39411,-7.530045],[-79.396595,-7.525457],[-79.397107,-7.524445],[-79.403543,-7.512451],[-79.405819,-7.508265],[-79.408159,-7.503858],[-79.408761,-7.502637],[-79.409292,-7.501635],[-79.412514,-7.495133],[-79.414089,-7.491865],[-79.416499,-7.486735],[-79.417731,-7.484057],[-79.418424,-7.48263],[-79.42049,-7.478091],[-79.42083,-7.477251],[-79.42129,-7.476216],[-79.42175,-7.475433],[-79.422181,-7.474905],[-79.422491,-7.474572],[-79.422997,-7.474112],[-79.423551,-7.47371],[-79.423948,-7.473483],[-79.444119,-7.463666],[-79.446991,-7.462245],[-79.454626,-7.458577],[-79.455902,-7.458068],[-79.456786,-7.457821],[-79.457692,-7.457683],[-79.463183,-7.457233],[-79.465474,-7.457082],[-79.466163,-7.457067],[-79.470979,-7.456845],[-79.472586,-7.45681],[-79.47419,-7.456723],[-79.475333,-7.456614],[-79.476885,-7.456207],[-79.477783,-7.456016],[-79.479339,-7.45562],[-79.481136,-7.455247],[-79.481576,-7.45512],[-79.48336,-7.454692],[-79.484481,-7.454446],[-79.485589,-7.45415],[-79.486264,-7.454017],[-79.487375,-7.453732],[-79.491397,-7.452798],[-79.492507,-7.45251],[-79.49363,-7.452273],[-79.494292,-7.452089],[-79.494715,-7.451915],[-79.494913,-7.451801],[-79.495085,-7.451653],[-79.495338,-7.451277],[-79.495367,-7.451055],[-79.495438,-7.450841],[-79.495614,-7.450713],[-79.495835,-7.450666],[-79.496055,-7.450716],[-79.496197,-7.450891],[-79.496269,-7.451104],[-79.496398,-7.45129],[-79.496551,-7.451458],[-79.496743,-7.451563],[-79.496968,-7.451608],[-79.49719,-7.451556],[-79.497605,-7.451367],[-79.498177,-7.45099],[-79.50071,-7.449041],[-79.500875,-7.448884],[-79.501018,-7.448707],[-79.501138,-7.448515],[-79.50123,-7.448308],[-79.501298,-7.448093],[-79.501337,-7.447871],[-79.50143,-7.446744],[-79.50144,-7.446292],[-79.50136,-7.445619],[-79.501136,-7.44451],[-79.501116,-7.444285],[-79.501129,-7.444061],[-79.50119,-7.443613],[-79.501316,-7.443178],[-79.502253,-7.440627],[-79.502854,-7.438918],[-79.502814,-7.438016],[-79.502726,-7.437572],[-79.502582,-7.437144],[-79.502206,-7.436319],[-79.501355,-7.434219],[-79.499797,-7.430695],[-79.499351,-7.429905],[-79.49863,-7.428749],[-79.498434,-7.428342],[-79.498376,-7.428123],[-79.498337,-7.427901],[-79.498127,-7.423158],[-79.498045,-7.421804],[-79.497964,-7.421359],[-79.497723,-7.420486],[-79.497687,-7.420263],[-79.497696,-7.420038],[-79.497769,-7.419825],[-79.497893,-7.419635],[-79.498057,-7.419481],[-79.498263,-7.419383],[-79.498485,-7.419329],[-79.499387,-7.419158],[-79.503235,-7.418518],[-79.504149,-7.418425],[-79.504607,-7.418415],[-79.507357,-7.418576],[-79.507581,-7.418625],[-79.508232,-7.418844],[-79.508457,-7.418875],[-79.508686,-7.41886],[-79.509963,-7.418352],[-79.51079,-7.417959],[-79.512825,-7.416912],[-79.513256,-7.41676],[-79.51348,-7.41671],[-79.515303,-7.416492],[-79.520554,-7.415942],[-79.520783,-7.415934],[-79.521013,-7.415939],[-79.521237,-7.415983],[-79.52145,-7.416066],[-79.521642,-7.416189],[-79.521998,-7.416475],[-79.523357,-7.417691],[-79.523544,-7.417822],[-79.52375,-7.417921],[-79.523968,-7.41799],[-79.524878,-7.418109],[-79.542477,-7.419761],[-79.542936,-7.419777],[-79.543391,-7.419722],[-79.543613,-7.419666],[-79.544044,-7.41951],[-79.544246,-7.419403],[-79.544798,-7.418998],[-79.545333,-7.41857],[-79.546332,-7.417637],[-79.55302,-7.411774],[-79.55647,-7.40879],[-79.556755,-7.408437],[-79.556931,-7.408021],[-79.556957,-7.407798],[-79.556928,-7.40712],[-79.55683,-7.405994],[-79.556857,-7.405545],[-79.55694,-7.405336],[-79.557088,-7.405163],[-79.557745,-7.404532],[-79.558039,-7.404186],[-79.55814,-7.403984],[-79.558267,-7.40355],[-79.558449,-7.402663],[-79.558542,-7.401992],[-79.558539,-7.401541],[-79.558438,-7.400415],[-79.558389,-7.399511],[-79.558255,-7.398617],[-79.557826,-7.397092],[-79.556848,-7.39384],[-79.556556,-7.392985],[-79.556426,-7.3928],[-79.556254,-7.39265],[-79.55527,-7.392071],[-79.555102,-7.391919],[-79.554981,-7.39173],[-79.554911,-7.391516],[-79.554719,-7.390632],[-79.554646,-7.390417],[-79.554538,-7.390218],[-79.554208,-7.389906],[-79.55401,-7.389793],[-79.553798,-7.389708],[-79.550496,-7.388745],[-79.550285,-7.388657],[-79.549907,-7.388403],[-79.548138,-7.386962],[-79.547808,-7.386648],[-79.537396,-7.373427],[-79.535829,-7.371476],[-79.535218,-7.370802],[-79.534049,-7.369715],[-79.51474,-7.352652],[-79.51424,-7.352185],[-79.514087,-7.352018],[-79.513958,-7.351831],[-79.513843,-7.351636],[-79.513655,-7.351223],[-79.513576,-7.351011],[-79.513465,-7.350343],[-79.513248,-7.349464],[-79.513167,-7.349253],[-79.512855,-7.348649],[-79.509114,-7.342686],[-79.50868,-7.34216],[-79.508323,-7.341878],[-79.508128,-7.341759],[-79.507715,-7.341562],[-79.498505,-7.338059],[-79.48738,-7.333795],[-79.485447,-7.333076],[-79.481813,-7.331672],[-79.481397,-7.331483],[-79.48121,-7.331353],[-79.481036,-7.331205],[-79.480735,-7.330865],[-79.480612,-7.330674],[-79.480428,-7.330261],[-79.480329,-7.329821],[-79.480326,-7.329369],[-79.481065,-7.323764],[-79.4811,-7.323313],[-79.481092,-7.323088],[-79.480975,-7.32242],[-79.480267,-7.319332],[-79.480207,-7.318884],[-79.4802,-7.318659],[-79.480225,-7.318208],[-79.480958,-7.312146],[-79.480951,-7.311694],[-79.480443,-7.308112],[-79.480357,-7.307668],[-79.480228,-7.307234],[-79.479179,-7.305224],[-79.47904,-7.305048],[-79.478356,-7.304445],[-79.478171,-7.304311],[-79.477773,-7.304088],[-79.477126,-7.303856],[-79.476677,-7.303767],[-79.476219,-7.303743],[-79.46865,-7.304094],[-79.459249,-7.304568],[-79.454662,-7.304771],[-79.439069,-7.305534],[-79.437921,-7.30555],[-79.437008,-7.30546],[-79.436555,-7.305382],[-79.435885,-7.305225],[-79.435227,-7.305026],[-79.432613,-7.304169],[-79.424965,-7.301741],[-79.419736,-7.300028],[-79.418423,-7.299617],[-79.417753,-7.299464],[-79.4173,-7.299389],[-79.416614,-7.29933],[-79.415696,-7.299315],[-79.41501,-7.299377],[-79.414107,-7.299544],[-79.413663,-7.299658],[-79.413007,-7.299863],[-79.412361,-7.300099],[-79.404173,-7.303669],[-79.397022,-7.306751],[-79.393458,-7.308318],[-79.385677,-7.311675],[-79.383801,-7.312527],[-79.382785,-7.313052],[-79.381798,-7.31363],[-79.379693,-7.315005],[-79.374221,-7.318741],[-79.373626,-7.319081],[-79.373007,-7.319377],[-79.372147,-7.319694],[-79.371259,-7.319923],[-79.364289,-7.321344],[-79.363836,-7.321411],[-79.363377,-7.321403],[-79.362924,-7.321332],[-79.362479,-7.32122],[-79.362262,-7.321148],[-79.360567,-7.320453],[-79.359755,-7.320029],[-79.349481,-7.314041],[-79.343569,-7.310561],[-79.34165,-7.309319],[-79.334097,-7.304175],[-79.333324,-7.303687],[-79.330364,-7.301953],[-79.32947,-7.301244],[-79.328822,-7.300604],[-79.322114,-7.293166],[-79.321643,-7.292671],[-79.316305,-7.286756],[-79.310633,-7.280529],[-79.310124,-7.280071],[-79.309747,-7.279815],[-79.309342,-7.279603],[-79.309133,-7.279508],[-79.30848,-7.279293],[-79.297624,-7.276387],[-79.296549,-7.275993],[-79.291873,-7.274112],[-79.291217,-7.273905],[-79.29077,-7.273802],[-79.290318,-7.273722],[-79.289405,-7.273635],[-79.288946,-7.273621],[-79.287799,-7.273673],[-79.285284,-7.273899],[-79.284146,-7.274043],[-79.280719,-7.274386],[-79.280495,-7.274432],[-79.280283,-7.274516],[-79.280089,-7.274637],[-79.277113,-7.276758],[-79.276916,-7.276875],[-79.276488,-7.277031],[-79.27626,-7.277057],[-79.276032,-7.277038],[-79.275811,-7.276982],[-79.275602,-7.276892],[-79.273935,-7.275691],[-79.27373,-7.275591],[-79.273511,-7.275523],[-79.273284,-7.27549],[-79.273055,-7.275504],[-79.272836,-7.275569],[-79.272628,-7.275665],[-79.272443,-7.275797],[-79.272283,-7.27596],[-79.272155,-7.276148],[-79.271529,-7.277355],[-79.271221,-7.277689],[-79.271036,-7.277821],[-79.270827,-7.277911],[-79.270603,-7.277961],[-79.270374,-7.27796],[-79.270159,-7.277886],[-79.269971,-7.277758],[-79.26981,-7.2776],[-79.26967,-7.27742],[-79.268695,-7.275888],[-79.268293,-7.275338],[-79.267859,-7.274811],[-79.267516,-7.27451],[-79.266955,-7.274118],[-79.266753,-7.274012],[-79.266316,-7.273874],[-79.265866,-7.273786],[-79.264261,-7.273715],[-79.264037,-7.273667],[-79.263829,-7.273573],[-79.263653,-7.273429],[-79.262931,-7.272551],[-79.262761,-7.2724],[-79.261303,-7.2713],[-79.261142,-7.27114],[-79.26102,-7.27095],[-79.260951,-7.270736],[-79.26093,-7.270513],[-79.261043,-7.270077],[-79.261324,-7.269458],[-79.261418,-7.269016],[-79.261424,-7.268565],[-79.261351,-7.268119],[-79.261226,-7.267684],[-79.261045,-7.267269],[-79.26093,-7.267074],[-79.260649,-7.266718],[-79.25731,-7.263293],[-79.255379,-7.261357],[-79.253631,-7.259562],[-79.252981,-7.258924],[-79.252447,-7.258495],[-79.252044,-7.258282],[-79.251616,-7.258119],[-79.246591,-7.256519],[-79.245924,-7.256351],[-79.245471,-7.256279],[-79.244783,-7.256287],[-79.24433,-7.256355],[-79.243889,-7.256482],[-79.243462,-7.256648],[-79.240958,-7.257779],[-79.240524,-7.257922],[-79.240298,-7.257961],[-79.23984,-7.257986],[-79.239385,-7.257936],[-79.239165,-7.257871],[-79.238747,-7.257685],[-79.238553,-7.257564],[-79.238216,-7.257258],[-79.238067,-7.257086],[-79.236699,-7.255271],[-79.236462,-7.254884],[-79.234652,-7.250728],[-79.234421,-7.250339],[-79.234274,-7.250166],[-79.234092,-7.250028],[-79.233886,-7.249929],[-79.233667,-7.249862],[-79.233442,-7.249818],[-79.233213,-7.24981],[-79.231613,-7.249953],[-79.231155,-7.249958],[-79.2307,-7.249893],[-79.229347,-7.24964],[-79.228901,-7.249534],[-79.228022,-7.249274],[-79.227795,-7.24924],[-79.227336,-7.249259],[-79.227108,-7.249233],[-79.226891,-7.249162],[-79.224578,-7.248162],[-79.224193,-7.247918],[-79.22402,-7.24777],[-79.223745,-7.247409],[-79.223546,-7.247002],[-79.222588,-7.244218],[-79.222469,-7.243782],[-79.22219,-7.239949],[-79.222274,-7.239276],[-79.222553,-7.237718],[-79.222569,-7.237041],[-79.222529,-7.236819],[-79.222373,-7.236396],[-79.222254,-7.236202],[-79.221801,-7.235693],[-79.221475,-7.235374],[-79.221086,-7.235136],[-79.220877,-7.235044],[-79.220656,-7.234989],[-79.220427,-7.23498],[-79.219971,-7.235033],[-79.219743,-7.235021],[-79.21952,-7.23497],[-79.219331,-7.234845],[-79.218983,-7.23455],[-79.218796,-7.234419],[-79.218575,-7.234361],[-79.218347,-7.234357],[-79.218132,-7.234429],[-79.217949,-7.234565],[-79.217535,-7.235104],[-79.217355,-7.235244],[-79.217142,-7.235324],[-79.216229,-7.235398],[-79.216024,-7.235498],[-79.215659,-7.235771],[-79.215462,-7.235886],[-79.215243,-7.235944],[-79.215015,-7.235948],[-79.214794,-7.235887],[-79.214597,-7.235777],[-79.214453,-7.235602],[-79.21435,-7.235401],[-79.214096,-7.234772],[-79.213966,-7.234586],[-79.213796,-7.234434],[-79.213597,-7.234322],[-79.212736,-7.234013],[-79.21254,-7.233897],[-79.212379,-7.233737],[-79.212272,-7.233538],[-79.212212,-7.233321],[-79.212228,-7.233097],[-79.212303,-7.232884],[-79.212422,-7.232691],[-79.213001,-7.23199],[-79.213117,-7.231796],[-79.21318,-7.231579],[-79.213189,-7.231353],[-79.213142,-7.231132],[-79.213053,-7.230926],[-79.212705,-7.23034],[-79.212648,-7.230123],[-79.212644,-7.229899],[-79.212694,-7.229679],[-79.21296,-7.229054],[-79.212998,-7.228832],[-79.213,-7.228607],[-79.212934,-7.228392],[-79.212819,-7.228198],[-79.212662,-7.228033],[-79.212281,-7.227783],[-79.211439,-7.227423],[-79.210337,-7.227107],[-79.210127,-7.227019],[-79.209939,-7.226889],[-79.209791,-7.226718],[-79.209406,-7.226156],[-79.209253,-7.225988],[-79.209074,-7.225848],[-79.208874,-7.225738],[-79.208449,-7.225568],[-79.20825,-7.225456],[-79.208086,-7.2253],[-79.207974,-7.225104],[-79.207898,-7.224891],[-79.207838,-7.224443],[-79.207834,-7.223766],[-79.207762,-7.22332],[-79.207673,-7.223113],[-79.20754,-7.222929],[-79.207379,-7.222768],[-79.207183,-7.222653],[-79.206968,-7.222573],[-79.206741,-7.222545],[-79.206513,-7.222564],[-79.206291,-7.222616],[-79.206093,-7.22273],[-79.205921,-7.222879],[-79.205784,-7.22306],[-79.205421,-7.223635],[-79.205252,-7.223787],[-79.205041,-7.223871],[-79.204814,-7.223887],[-79.20459,-7.22384],[-79.204399,-7.223717],[-79.204271,-7.223532],[-79.203902,-7.222704],[-79.20377,-7.22252],[-79.20361,-7.222359],[-79.203421,-7.222232],[-79.20321,-7.222144],[-79.202985,-7.222097],[-79.202527,-7.222073],[-79.201381,-7.222103],[-79.200925,-7.222047],[-79.200477,-7.221945],[-79.199377,-7.221624],[-79.198922,-7.22157],[-79.198696,-7.221601],[-79.198475,-7.221663],[-79.198276,-7.221774],[-79.197925,-7.222063],[-79.197598,-7.222381],[-79.197409,-7.222508],[-79.197197,-7.222594],[-79.196976,-7.222645],[-79.196747,-7.22266],[-79.196519,-7.222635],[-79.195405,-7.222361],[-79.194275,-7.222165],[-79.194058,-7.222093],[-79.193856,-7.221987],[-79.193678,-7.221848],[-79.193517,-7.221686],[-79.193396,-7.221495],[-79.192862,-7.220245],[-79.192548,-7.219641],[-79.192196,-7.219059],[-79.191263,-7.21777],[-79.190926,-7.217179],[-79.19073,-7.21677],[-79.190653,-7.216558],[-79.190576,-7.216112],[-79.190577,-7.215887],[-79.19076,-7.215003],[-79.19076,-7.214777],[-79.19071,-7.214558],[-79.190602,-7.21436],[-79.190449,-7.214192],[-79.190262,-7.214063],[-79.190046,-7.213988],[-79.189821,-7.213951],[-79.189595,-7.213984],[-79.189381,-7.214066],[-79.189195,-7.214195],[-79.18904,-7.21436],[-79.188938,-7.214563],[-79.188878,-7.21478],[-79.188859,-7.215231],[-79.188994,-7.216581],[-79.189015,-7.217032],[-79.188986,-7.217483],[-79.188832,-7.217906],[-79.18831,-7.218649],[-79.188174,-7.219078],[-79.188165,-7.219303],[-79.188191,-7.219528],[-79.188309,-7.220196],[-79.188252,-7.220643],[-79.188022,-7.221031],[-79.187857,-7.221187],[-79.187663,-7.221307],[-79.187447,-7.221382],[-79.186992,-7.221438],[-79.186535,-7.221407],[-79.185624,-7.221287],[-79.185395,-7.221286],[-79.184942,-7.221352],[-79.184713,-7.221347],[-79.183802,-7.221233],[-79.183578,-7.221186],[-79.183362,-7.221111],[-79.182351,-7.220573],[-79.182142,-7.220482],[-79.181691,-7.220404],[-79.181236,-7.220457],[-79.181017,-7.220523],[-79.179967,-7.220979],[-79.179311,-7.221184],[-79.178857,-7.221253],[-79.178628,-7.221266],[-79.178169,-7.22128],[-79.177941,-7.221258],[-79.177718,-7.221207],[-79.177297,-7.221027],[-79.176891,-7.220816],[-79.176466,-7.220645],[-79.176242,-7.220598],[-79.176013,-7.22059],[-79.175562,-7.22067],[-79.174269,-7.221137],[-79.172842,-7.221862],[-79.171744,-7.222189],[-79.171519,-7.222232],[-79.171061,-7.22225],[-79.170832,-7.222231],[-79.170609,-7.22218],[-79.169535,-7.221782],[-79.169091,-7.221667],[-79.168863,-7.221638],[-79.167717,-7.221596],[-79.167264,-7.22167],[-79.166834,-7.221826],[-79.165844,-7.222398],[-79.165632,-7.222485],[-79.165187,-7.222593],[-79.164959,-7.222607],[-79.164272,-7.222568],[-79.16359,-7.222474],[-79.163144,-7.222366],[-79.162934,-7.222276],[-79.162357,-7.221907],[-79.16155,-7.221105],[-79.161357,-7.220984],[-79.161138,-7.220918],[-79.160911,-7.220912],[-79.160684,-7.220949],[-79.160478,-7.221048],[-79.160116,-7.221324],[-79.159808,-7.22166],[-79.15853,-7.223258],[-79.158066,-7.223759],[-79.157551,-7.224209],[-79.157183,-7.22448],[-79.156796,-7.224723],[-79.156392,-7.224938],[-79.155543,-7.225283],[-79.153336,-7.225904],[-79.152903,-7.226055],[-79.152061,-7.226414],[-79.151467,-7.226756],[-79.15091,-7.227156],[-79.15039,-7.2276],[-79.149907,-7.228083],[-79.148908,-7.229322],[-79.148746,-7.229481],[-79.14839,-7.229766],[-79.148199,-7.229891],[-79.147784,-7.230083],[-79.147351,-7.230232],[-79.146685,-7.230408],[-79.14626,-7.230576],[-79.14606,-7.230687],[-79.14588,-7.230826],[-79.145558,-7.231148],[-79.145327,-7.231538],[-79.145242,-7.231747],[-79.14516,-7.232191],[-79.145169,-7.232642],[-79.14527,-7.233541],[-79.145263,-7.233767],[-79.145179,-7.23421],[-79.145095,-7.23442],[-79.144978,-7.234614],[-79.144711,-7.234982],[-79.143908,-7.235789],[-79.143556,-7.236079],[-79.143163,-7.236313],[-79.142948,-7.23639],[-79.1425,-7.236484],[-79.141582,-7.236517],[-79.141126,-7.23656],[-79.140906,-7.236625],[-79.140702,-7.236727],[-79.140527,-7.236873],[-79.140381,-7.237044],[-79.140255,-7.237233],[-79.140172,-7.237443],[-79.140141,-7.237667],[-79.140156,-7.238117],[-79.140294,-7.238782],[-79.14032,-7.239006],[-79.140301,-7.239231],[-79.140254,-7.239452],[-79.140179,-7.239665],[-79.139659,-7.240672],[-79.13957,-7.241115],[-79.139556,-7.242244],[-79.139505,-7.242464],[-79.139409,-7.242668],[-79.139274,-7.24285],[-79.138648,-7.243511],[-79.138423,-7.243904],[-79.138212,-7.24455],[-79.138126,-7.244759],[-79.137996,-7.244945],[-79.137832,-7.245102],[-79.137649,-7.245238],[-79.137054,-7.245579],[-79.136876,-7.245721],[-79.136718,-7.245884],[-79.136588,-7.24607],[-79.136492,-7.246275],[-79.136436,-7.246494],[-79.136422,-7.246719],[-79.136439,-7.247623],[-79.136407,-7.247847],[-79.136266,-7.248276],[-79.136042,-7.248669],[-79.135907,-7.248852],[-79.135577,-7.249165],[-79.134844,-7.249709],[-79.134149,-7.2503],[-79.133653,-7.250767],[-79.133442,-7.250854],[-79.133216,-7.250849],[-79.133015,-7.250745],[-79.132243,-7.249911],[-79.13204,-7.24981],[-79.13181,-7.24981],[-79.131615,-7.24992],[-79.131329,-7.250271],[-79.131155,-7.250414],[-79.130943,-7.250499],[-79.130715,-7.250514],[-79.130268,-7.250414],[-79.130041,-7.250397],[-79.129828,-7.250465],[-79.129471,-7.250749],[-79.129278,-7.250872],[-79.128425,-7.251205],[-79.128009,-7.251397],[-79.127661,-7.25169],[-79.127343,-7.252016],[-79.126979,-7.252291],[-79.126778,-7.252399],[-79.126348,-7.252557],[-79.126123,-7.252596],[-79.125895,-7.252602],[-79.125208,-7.252546],[-79.12475,-7.25255],[-79.124294,-7.252495],[-79.123846,-7.252399],[-79.123389,-7.25236],[-79.122932,-7.2524],[-79.120866,-7.252445],[-79.117435,-7.252736],[-79.11698,-7.252792],[-79.116754,-7.252832],[-79.116088,-7.253004],[-79.115002,-7.253369],[-79.11478,-7.253429],[-79.114328,-7.253505],[-79.113869,-7.2535],[-79.111829,-7.253178],[-79.111608,-7.253119],[-79.110766,-7.252759],[-79.110577,-7.252632],[-79.109875,-7.252049],[-79.109687,-7.251919],[-79.10885,-7.25155],[-79.108629,-7.251489],[-79.108404,-7.251509],[-79.10799,-7.251701],[-79.107534,-7.251692],[-79.107077,-7.251725],[-79.106858,-7.251784],[-79.106663,-7.251902],[-79.10574,-7.252575],[-79.10553,-7.252662],[-79.104392,-7.252809],[-79.103956,-7.252948],[-79.102679,-7.253454],[-79.102279,-7.253675],[-79.102095,-7.253811],[-79.100882,-7.254849],[-79.100156,-7.255402],[-79.099532,-7.255688],[-79.099312,-7.255751],[-79.099086,-7.255788],[-79.098628,-7.255791],[-79.098175,-7.255723],[-79.097286,-7.255492],[-79.09706,-7.255463],[-79.095912,-7.255488],[-79.095004,-7.255361],[-79.094776,-7.255384],[-79.093196,-7.25567],[-79.092752,-7.255787],[-79.090582,-7.256525],[-79.089959,-7.25681],[-79.089575,-7.257058],[-79.0894,-7.257203],[-79.088213,-7.258271],[-79.087685,-7.258705],[-79.087492,-7.258826],[-79.087283,-7.258921],[-79.086847,-7.259058],[-79.086619,-7.25909],[-79.086391,-7.259078],[-79.085257,-7.258901],[-79.084812,-7.258791],[-79.084408,-7.258578],[-79.08422,-7.258449],[-79.084052,-7.258295],[-79.083624,-7.257764],[-79.083461,-7.257605],[-79.08308,-7.257353],[-79.082906,-7.257209],[-79.082779,-7.257022],[-79.082687,-7.256816],[-79.082522,-7.256159],[-79.082447,-7.255945],[-79.082343,-7.255745],[-79.082195,-7.255572],[-79.08203,-7.255415],[-79.080938,-7.254589],[-79.080008,-7.253926],[-79.079806,-7.253821],[-79.079587,-7.25377],[-79.079359,-7.253784],[-79.079147,-7.253868],[-79.078753,-7.254099],[-79.07854,-7.254183],[-79.078316,-7.254229],[-79.078086,-7.254239],[-79.077859,-7.254208],[-79.076305,-7.253808],[-79.076094,-7.25372],[-79.075695,-7.253498],[-79.074596,-7.252681],[-79.074401,-7.252561],[-79.074188,-7.25248],[-79.073732,-7.252437],[-79.072585,-7.252398],[-79.072364,-7.252337],[-79.072161,-7.252235],[-79.071982,-7.252095],[-79.071823,-7.251932],[-79.06971,-7.249547],[-79.069607,-7.249347],[-79.069456,-7.248456],[-79.069368,-7.248248],[-79.069217,-7.24808],[-79.067919,-7.247148],[-79.067739,-7.247009],[-79.067578,-7.246848],[-79.067478,-7.246646],[-79.067406,-7.246431],[-79.067096,-7.245109],[-79.067018,-7.244897],[-79.066897,-7.244708],[-79.066711,-7.244577],[-79.066503,-7.244483],[-79.064792,-7.243825],[-79.064571,-7.243765],[-79.064113,-7.243731],[-79.063212,-7.243898],[-79.062526,-7.243968],[-79.062068,-7.243948],[-79.061631,-7.243816],[-79.061426,-7.243713],[-79.060346,-7.242872],[-79.060181,-7.242716],[-79.05974,-7.242194],[-79.059578,-7.242035],[-79.059021,-7.24164],[-79.058427,-7.240951],[-79.058049,-7.240384],[-79.057895,-7.240218],[-79.057517,-7.239962],[-79.057344,-7.239819],[-79.057266,-7.239608],[-79.057259,-7.239157],[-79.057632,-7.235105],[-79.057712,-7.234894],[-79.057875,-7.234739],[-79.058447,-7.234363],[-79.058567,-7.234175],[-79.058587,-7.233952],[-79.058525,-7.233276],[-79.058478,-7.233058],[-79.058358,-7.232868],[-79.05817,-7.23274],[-79.05612,-7.231723],[-79.05501,-7.23092],[-79.054848,-7.230761],[-79.054722,-7.230573],[-79.054513,-7.229928],[-79.054401,-7.229731],[-79.054068,-7.229422],[-79.053927,-7.229245],[-79.053876,-7.229031],[-79.053915,-7.228581],[-79.053885,-7.228359],[-79.053755,-7.227927],[-79.053636,-7.227032],[-79.053728,-7.226591],[-79.053681,-7.226371],[-79.053494,-7.225958],[-79.05346,-7.225737],[-79.053532,-7.22529],[-79.05386,-7.223973],[-79.053904,-7.223752],[-79.053918,-7.223526],[-79.053808,-7.223089],[-79.053278,-7.221594],[-79.053181,-7.221153],[-79.05318,-7.216857],[-79.053159,-7.215953],[-79.053052,-7.215516],[-79.052936,-7.215323],[-79.052336,-7.214638],[-79.0509,-7.212592],[-79.050674,-7.2122],[-79.050609,-7.211983],[-79.050574,-7.21176],[-79.050521,-7.210405],[-79.050566,-7.210184],[-79.050656,-7.20998],[-79.050903,-7.209599],[-79.05094,-7.209379],[-79.050912,-7.209157],[-79.050789,-7.208969],[-79.05044,-7.208676],[-79.050287,-7.208509],[-79.049713,-7.207531],[-79.049562,-7.207362],[-79.049387,-7.207216],[-79.049194,-7.207093],[-79.046779,-7.205788],[-79.045667,-7.204987],[-79.045502,-7.20483],[-79.045361,-7.204653],[-79.045259,-7.204451],[-79.045208,-7.204232],[-79.045028,-7.202887],[-79.045037,-7.202662],[-79.045082,-7.202442],[-79.045383,-7.201588],[-79.045375,-7.201365],[-79.045274,-7.201163],[-79.044839,-7.200637],[-79.044679,-7.200478],[-79.044484,-7.200361],[-79.044057,-7.200197],[-79.043853,-7.200094],[-79.043703,-7.199925],[-79.042113,-7.197175],[-79.041994,-7.196982],[-79.041708,-7.196629],[-79.041339,-7.196362],[-79.041137,-7.196254],[-79.038615,-7.195162],[-79.038411,-7.195058],[-79.038023,-7.194818],[-79.03767,-7.19453],[-79.037511,-7.194367],[-79.036946,-7.193654],[-79.036157,-7.192542],[-79.034009,-7.189607],[-79.033702,-7.189272],[-79.033312,-7.189034],[-79.029998,-7.187475],[-79.029594,-7.18726],[-79.029232,-7.186984],[-79.027869,-7.185771],[-79.02751,-7.185492],[-79.027301,-7.185398],[-79.027078,-7.185345],[-79.02457,-7.185058],[-79.024119,-7.184973],[-79.02391,-7.184883],[-79.022336,-7.183951],[-79.021564,-7.183461],[-79.020777,-7.182996],[-79.020451,-7.18268],[-79.020188,-7.182311],[-79.019828,-7.182031],[-79.019681,-7.18186],[-79.019326,-7.18128],[-79.019167,-7.181117],[-79.017626,-7.179762],[-79.017443,-7.179626],[-79.017243,-7.179519],[-79.016098,-7.179471],[-79.015639,-7.17949],[-79.015184,-7.179545],[-79.014283,-7.179719],[-79.013597,-7.179756],[-79.013047,-7.180156],[-79.01283,-7.180227],[-79.012603,-7.180243],[-79.012376,-7.180218],[-79.011942,-7.180071],[-79.011717,-7.180026],[-79.011274,-7.180131],[-79.011045,-7.18014],[-79.010819,-7.180106],[-79.01036,-7.180092],[-79.009673,-7.180138],[-79.009454,-7.180199],[-79.00872,-7.18074],[-79.008315,-7.180953],[-79.007679,-7.181211],[-79.007111,-7.181593],[-79.005812,-7.182043],[-79.005139,-7.182186],[-79.004948,-7.182306],[-79.00461,-7.182612],[-79.00424,-7.182879],[-79.004069,-7.18303],[-79.002898,-7.184421],[-79.002578,-7.184745],[-79.002027,-7.185152],[-79.001457,-7.185532],[-79.00126,-7.185648],[-79.00064,-7.185942],[-79.000454,-7.186073],[-79.00012,-7.186383],[-78.999935,-7.186517],[-78.999735,-7.186627],[-78.999522,-7.186712],[-78.9993,-7.186764],[-78.998618,-7.186857],[-78.998184,-7.187003],[-78.997764,-7.187185],[-78.996381,-7.18799],[-78.994861,-7.189003],[-78.994638,-7.18905],[-78.99395,-7.189025],[-78.993492,-7.189048],[-78.992577,-7.188972],[-78.991895,-7.189061],[-78.991449,-7.189163],[-78.990818,-7.189435],[-78.99017,-7.189665],[-78.989968,-7.189768],[-78.989799,-7.189921],[-78.989342,-7.190428],[-78.989161,-7.190566],[-78.988572,-7.190916],[-78.987666,-7.19161],[-78.98665,-7.192135],[-78.986269,-7.192386],[-78.985752,-7.192833],[-78.985146,-7.193512],[-78.984986,-7.193674],[-78.984804,-7.193811],[-78.984603,-7.193918],[-78.983741,-7.194226],[-78.982918,-7.194624],[-78.982036,-7.194875],[-78.981811,-7.19492],[-78.981581,-7.19492],[-78.980209,-7.194804],[-78.979769,-7.19468],[-78.97813,-7.193865],[-78.977487,-7.193623],[-78.977264,-7.193569],[-78.973872,-7.192986],[-78.972733,-7.192847],[-78.972045,-7.192837],[-78.971821,-7.192884],[-78.971616,-7.192984],[-78.970851,-7.193483],[-78.970429,-7.19366],[-78.967987,-7.194292],[-78.967764,-7.194345],[-78.967309,-7.19441],[-78.966622,-7.194381],[-78.966395,-7.194345],[-78.965728,-7.194178],[-78.965054,-7.194038],[-78.964215,-7.193675],[-78.963337,-7.193407],[-78.962913,-7.193234],[-78.961496,-7.192489],[-78.961069,-7.192325],[-78.959951,-7.192067],[-78.959725,-7.19204],[-78.959495,-7.192041],[-78.959276,-7.192108],[-78.958871,-7.192319],[-78.957714,-7.193055],[-78.957536,-7.193197],[-78.95739,-7.193371],[-78.95727,-7.193563],[-78.957066,-7.193967],[-78.956951,-7.194404],[-78.956829,-7.195072],[-78.95669,-7.195502],[-78.956519,-7.195922],[-78.956294,-7.196316],[-78.956159,-7.196498],[-78.955828,-7.196811],[-78.955096,-7.197357],[-78.954899,-7.197472],[-78.954685,-7.197554],[-78.953094,-7.197778],[-78.95287,-7.197824],[-78.952661,-7.197915],[-78.952488,-7.198062],[-78.952384,-7.198263],[-78.952294,-7.19847],[-78.952174,-7.198906],[-78.95199,-7.19932],[-78.95123,-7.200166],[-78.950688,-7.200895],[-78.950527,-7.201056],[-78.950341,-7.201188],[-78.949935,-7.201398],[-78.94972,-7.201476],[-78.948395,-7.201849],[-78.94749,-7.201997],[-78.947079,-7.202196],[-78.946883,-7.202313],[-78.946704,-7.202454],[-78.946388,-7.202781],[-78.946135,-7.203157],[-78.946046,-7.203366],[-78.945927,-7.203802],[-78.945573,-7.204636],[-78.945469,-7.204838],[-78.944518,-7.206111],[-78.944347,-7.206262],[-78.944155,-7.206387],[-78.943945,-7.206477],[-78.943723,-7.206531],[-78.943495,-7.206546],[-78.943268,-7.206517],[-78.943047,-7.206457],[-78.941129,-7.2057],[-78.940015,-7.205433],[-78.939789,-7.205393],[-78.93956,-7.205384],[-78.939107,-7.205449],[-78.938677,-7.205604],[-78.938476,-7.205712],[-78.937135,-7.206585],[-78.936731,-7.206798],[-78.936511,-7.206859],[-78.936055,-7.206884],[-78.93583,-7.206846],[-78.935618,-7.206763],[-78.935422,-7.206645],[-78.93334,-7.205237],[-78.933137,-7.205133],[-78.932916,-7.205079],[-78.932688,-7.205087],[-78.932481,-7.205178],[-78.932136,-7.205476],[-78.931052,-7.206644],[-78.930921,-7.206829],[-78.930832,-7.207036],[-78.930774,-7.207254],[-78.930575,-7.208596],[-78.930566,-7.208821],[-78.930679,-7.209489],[-78.930663,-7.209714],[-78.930601,-7.20993],[-78.930221,-7.210754],[-78.929993,-7.211145],[-78.929546,-7.211661],[-78.929216,-7.211975],[-78.929035,-7.212114],[-78.927329,-7.213263],[-78.926591,-7.213801],[-78.925649,-7.214446],[-78.925244,-7.214658],[-78.924816,-7.214819],[-78.924369,-7.214924],[-78.923916,-7.214997],[-78.922773,-7.2151],[-78.920707,-7.21513],[-78.919791,-7.215194],[-78.919569,-7.215244],[-78.91936,-7.215337],[-78.918925,-7.215481],[-78.917804,-7.215725],[-78.917139,-7.215901],[-78.916924,-7.215981],[-78.916517,-7.216188],[-78.916078,-7.216314],[-78.915873,-7.216407],[-78.915773,-7.216602],[-78.9159,-7.217266],[-78.91586,-7.217487],[-78.915753,-7.217686],[-78.915599,-7.217852],[-78.915425,-7.217998],[-78.914098,-7.218891],[-78.913668,-7.219045],[-78.912985,-7.21913],[-78.912764,-7.219184],[-78.912574,-7.219308],[-78.912419,-7.219475],[-78.912006,-7.220017],[-78.911672,-7.220326],[-78.91131,-7.220604],[-78.910117,-7.221281],[-78.90905,-7.221696],[-78.907644,-7.222464],[-78.907064,-7.222829],[-78.90596,-7.22364],[-78.905791,-7.223793],[-78.905646,-7.223968],[-78.905143,-7.224983],[-78.904913,-7.225374],[-78.904646,-7.225742],[-78.904111,-7.226165],[-78.903694,-7.226349],[-78.900884,-7.228678],[-78.900307,-7.229047],[-78.9001,-7.229143],[-78.899667,-7.229292],[-78.898988,-7.229397],[-78.896007,-7.229562],[-78.893025,-7.22968],[-78.892579,-7.229577],[-78.891492,-7.229216],[-78.891039,-7.229145],[-78.890581,-7.229122],[-78.890355,-7.229081],[-78.89014,-7.229004],[-78.889731,-7.228801],[-78.888953,-7.228322],[-78.888308,-7.228083],[-78.887332,-7.227489],[-78.886483,-7.227148],[-78.885894,-7.226797],[-78.885684,-7.226708],[-78.884543,-7.226592],[-78.884084,-7.226574],[-78.883856,-7.226592],[-78.883636,-7.226655],[-78.883241,-7.226883],[-78.883024,-7.226954],[-78.882796,-7.226979],[-78.882337,-7.226978],[-78.881689,-7.2272],[-78.881462,-7.227238],[-78.881236,-7.227226],[-78.880566,-7.227069],[-78.879466,-7.226745],[-78.879241,-7.226767],[-78.879038,-7.226873],[-78.878824,-7.226947],[-78.878624,-7.226857],[-78.87835,-7.226496],[-78.877713,-7.226245],[-78.877145,-7.225862],[-78.876925,-7.22581],[-78.876254,-7.225947],[-78.876031,-7.2259],[-78.875469,-7.225514],[-78.87525,-7.22545],[-78.875023,-7.225441],[-78.874566,-7.225479],[-78.87434,-7.22544],[-78.873063,-7.224932],[-78.872862,-7.224826],[-78.872678,-7.224691],[-78.872345,-7.22438],[-78.87215,-7.224269],[-78.871922,-7.224257],[-78.871466,-7.224307],[-78.871253,-7.224387],[-78.870877,-7.224645],[-78.870674,-7.224748],[-78.87045,-7.22479],[-78.870224,-7.224763],[-78.870004,-7.224701],[-78.869245,-7.224195],[-78.869031,-7.224114],[-78.868806,-7.224076],[-78.868118,-7.224081],[-78.8679,-7.224011],[-78.867485,-7.223818],[-78.867263,-7.223763],[-78.866346,-7.223731],[-78.865658,-7.223762],[-78.863829,-7.223933],[-78.863605,-7.223979],[-78.862739,-7.224277],[-78.862515,-7.224327],[-78.861608,-7.224467],[-78.860922,-7.22453],[-78.860695,-7.224502],[-78.860475,-7.224436],[-78.859655,-7.224034],[-78.859432,-7.223984],[-78.859204,-7.223994],[-78.858987,-7.224064],[-78.8588,-7.224193],[-78.85823,-7.2249],[-78.858058,-7.225049],[-78.857858,-7.225158],[-78.857636,-7.225211],[-78.85741,-7.22523],[-78.857184,-7.225192],[-78.856527,-7.22499],[-78.856299,-7.224973],[-78.854954,-7.225263],[-78.854727,-7.225292],[-78.85427,-7.225262],[-78.853138,-7.225076],[-78.852909,-7.225062],[-78.85268,-7.225076],[-78.851317,-7.225269],[-78.85086,-7.225309],[-78.850634,-7.225271],[-78.85042,-7.225189],[-78.850223,-7.225073],[-78.849341,-7.224351],[-78.849148,-7.224229],[-78.848941,-7.224132],[-78.848268,-7.223992],[-78.847394,-7.223719],[-78.846708,-7.223667],[-78.845572,-7.223514],[-78.844893,-7.223624],[-78.844665,-7.22364],[-78.844436,-7.223625],[-78.84399,-7.223525],[-78.843139,-7.223187],[-78.842914,-7.22315],[-78.842686,-7.223169],[-78.84201,-7.22329],[-78.841784,-7.223259],[-78.841566,-7.223189],[-78.841366,-7.223079],[-78.841187,-7.22294],[-78.841036,-7.222771],[-78.840808,-7.222378],[-78.840659,-7.222209],[-78.840488,-7.222058],[-78.840293,-7.221941],[-78.84008,-7.221858],[-78.839199,-7.221617],[-78.838976,-7.22163],[-78.838537,-7.221765],[-78.838733,-7.222396],[-78.838744,-7.222618],[-78.838712,-7.223069],[-78.838546,-7.223149],[-78.838089,-7.223191],[-78.837411,-7.223312],[-78.836968,-7.223428],[-78.836756,-7.223515],[-78.836382,-7.223774],[-78.836214,-7.223928],[-78.835544,-7.224846],[-78.835252,-7.225195],[-78.834937,-7.225523],[-78.834773,-7.225682],[-78.834036,-7.22622],[-78.832273,-7.227282],[-78.83187,-7.227499],[-78.831018,-7.227835],[-78.830798,-7.227899],[-78.830571,-7.22792],[-78.830344,-7.227898],[-78.829911,-7.22775],[-78.829299,-7.22744],[-78.828519,-7.226965],[-78.828099,-7.226782],[-78.827879,-7.22672],[-78.827649,-7.22671],[-78.82628,-7.226853],[-78.825824,-7.226814],[-78.825604,-7.226752],[-78.824964,-7.226502],[-78.824189,-7.226022],[-78.823966,-7.22597],[-78.823737,-7.225975],[-78.823511,-7.226014],[-78.821502,-7.226491],[-78.821275,-7.226522],[-78.820816,-7.226527],[-78.819901,-7.226451],[-78.81968,-7.226393],[-78.81947,-7.226302],[-78.818067,-7.225529],[-78.817219,-7.225185],[-78.816272,-7.224549],[-78.816063,-7.224459],[-78.815836,-7.22443],[-78.815378,-7.224414],[-78.815152,-7.224376],[-78.814261,-7.224155],[-78.814041,-7.22409],[-78.813833,-7.223996],[-78.81323,-7.223672],[-78.813008,-7.223617],[-78.812779,-7.223613],[-78.812099,-7.223711],[-78.811904,-7.223824],[-78.811746,-7.223985],[-78.811471,-7.224347],[-78.811313,-7.22451],[-78.810948,-7.224784],[-78.810746,-7.224891],[-78.81053,-7.224963],[-78.810305,-7.22501],[-78.810078,-7.225026],[-78.809848,-7.225016],[-78.808482,-7.224846],[-78.808023,-7.224817],[-78.806187,-7.22485],[-78.805958,-7.224834],[-78.805734,-7.224788],[-78.805524,-7.224696],[-78.803768,-7.223624],[-78.803553,-7.223547],[-78.803325,-7.223555],[-78.803106,-7.223615],[-78.802478,-7.223893],[-78.802257,-7.223951],[-78.802028,-7.223954],[-78.801578,-7.223873],[-78.800924,-7.223661],[-78.800479,-7.223549],[-78.799566,-7.223448],[-78.797774,-7.223053],[-78.797343,-7.222902],[-78.795885,-7.222235],[-78.79546,-7.222066],[-78.795235,-7.222022],[-78.794548,-7.221975],[-78.7941,-7.221881],[-78.793015,-7.221514],[-78.792609,-7.221306],[-78.792423,-7.221172],[-78.792249,-7.221026],[-78.792097,-7.220857],[-78.791542,-7.220138],[-78.791366,-7.219994],[-78.789971,-7.219208],[-78.789358,-7.218899],[-78.789166,-7.218777],[-78.788994,-7.218629],[-78.788857,-7.218449],[-78.788569,-7.217834],[-78.788441,-7.217646],[-78.788283,-7.217483],[-78.788099,-7.217347],[-78.787889,-7.217267],[-78.787445,-7.217154],[-78.787253,-7.217038],[-78.787101,-7.216868],[-78.786982,-7.216678],[-78.786922,-7.216463],[-78.787126,-7.216059],[-78.78737,-7.215681],[-78.78737,-7.215458],[-78.787291,-7.215248],[-78.786818,-7.214758],[-78.786621,-7.214645],[-78.785953,-7.214485],[-78.785498,-7.214433],[-78.784121,-7.214469],[-78.783893,-7.214445],[-78.783438,-7.214384],[-78.780734,-7.213865],[-78.780083,-7.213644],[-78.779858,-7.213599],[-78.778712,-7.21355],[-78.778256,-7.213603],[-78.777148,-7.213897],[-78.776727,-7.214073],[-78.775596,-7.214252],[-78.775384,-7.21434],[-78.77518,-7.214444],[-78.774473,-7.215019],[-78.774317,-7.215184],[-78.773979,-7.215774],[-78.773816,-7.21593],[-78.773415,-7.21615],[-78.7732,-7.216224],[-78.772973,-7.216231],[-78.772754,-7.216165],[-78.771541,-7.215522],[-78.771329,-7.215437],[-78.771104,-7.215397],[-78.76904,-7.215488],[-78.768593,-7.215588],[-78.767942,-7.215802],[-78.767714,-7.21582],[-78.767488,-7.215784],[-78.767282,-7.215686],[-78.766709,-7.215309],[-78.766506,-7.215206],[-78.766284,-7.21515],[-78.765596,-7.215168],[-78.765367,-7.215156],[-78.765166,-7.215053],[-78.763861,-7.213781],[-78.763668,-7.213663],[-78.76345,-7.21359],[-78.761852,-7.213423],[-78.761165,-7.213408],[-78.76048,-7.213484],[-78.758665,-7.213762],[-78.758447,-7.213827],[-78.758251,-7.213943],[-78.757726,-7.214383],[-78.757539,-7.214513],[-78.756906,-7.214778],[-78.756706,-7.214887],[-78.756529,-7.215031],[-78.756046,-7.215514],[-78.755704,-7.215816],[-78.755332,-7.216079],[-78.755125,-7.216176],[-78.754911,-7.216258],[-78.754251,-7.216451],[-78.753793,-7.216439],[-78.753109,-7.216365],[-78.75265,-7.216376],[-78.752423,-7.216404],[-78.751974,-7.216498],[-78.751322,-7.216715],[-78.750897,-7.216887],[-78.750692,-7.216989],[-78.750506,-7.217119],[-78.749108,-7.218292],[-78.748731,-7.218549],[-78.748511,-7.218608],[-78.748282,-7.218613],[-78.7476,-7.218521],[-78.747371,-7.21851],[-78.746233,-7.218655],[-78.746011,-7.218709],[-78.745833,-7.218843],[-78.74572,-7.219039],[-78.745344,-7.219864],[-78.745008,-7.220705],[-78.744891,-7.220898],[-78.744709,-7.221033],[-78.744491,-7.221097],[-78.744263,-7.221104],[-78.740901,-7.22037],[-78.740445,-7.220321],[-78.739987,-7.220355],[-78.738877,-7.220637],[-78.727401,-7.22388],[-78.726505,-7.224076],[-78.726277,-7.224087],[-78.72513,-7.224031],[-78.724904,-7.224067],[-78.724693,-7.224156],[-78.722995,-7.225315],[-78.722645,-7.225606],[-78.719694,-7.22877],[-78.719533,-7.228931],[-78.719349,-7.229064],[-78.719145,-7.229167],[-78.718926,-7.229231],[-78.718699,-7.229266],[-78.71847,-7.229262],[-78.71756,-7.229145],[-78.717102,-7.22916],[-78.716652,-7.229246],[-78.715091,-7.229625],[-78.713994,-7.229957],[-78.713352,-7.2302],[-78.712967,-7.230446],[-78.71279,-7.230589],[-78.712466,-7.230909],[-78.712277,-7.231036],[-78.712061,-7.23111],[-78.711833,-7.231129],[-78.711374,-7.23112],[-78.710922,-7.23119],[-78.710706,-7.231266],[-78.710501,-7.231367],[-78.71011,-7.231604],[-78.709929,-7.231742],[-78.70898,-7.232725],[-78.708836,-7.232901],[-78.708658,-7.233317],[-78.708364,-7.234172],[-78.708245,-7.234366],[-78.708095,-7.234537],[-78.707836,-7.23491],[-78.707761,-7.235122],[-78.70767,-7.235565],[-78.707599,-7.235779],[-78.707477,-7.235967],[-78.707317,-7.236128],[-78.704037,-7.238603],[-78.703648,-7.238842],[-78.703435,-7.238923],[-78.702991,-7.239038],[-78.702764,-7.239074],[-78.700497,-7.239428],[-78.700041,-7.239461],[-78.699821,-7.239398],[-78.698307,-7.238376],[-78.698105,-7.238268],[-78.697664,-7.238147],[-78.69698,-7.23808],[-78.696294,-7.238121],[-78.695187,-7.238417],[-78.6945,-7.23847],[-78.694276,-7.238508],[-78.694065,-7.238596],[-78.693461,-7.238922],[-78.693078,-7.23917],[-78.690694,-7.240938],[-78.690284,-7.24114],[-78.689636,-7.241367],[-78.689429,-7.241466],[-78.688333,-7.242287],[-78.687982,-7.242578],[-78.687839,-7.242754],[-78.687594,-7.243135],[-78.687296,-7.243747],[-78.687177,-7.24394],[-78.687028,-7.244112],[-78.686835,-7.244232],[-78.686612,-7.24426],[-78.686392,-7.244196],[-78.685762,-7.243924],[-78.685307,-7.243882],[-78.685082,-7.243919],[-78.684865,-7.243993],[-78.684664,-7.244099],[-78.682747,-7.245343],[-78.682534,-7.245419],[-78.682336,-7.245316],[-78.682301,-7.245104],[-78.682421,-7.244914],[-78.682574,-7.244746],[-78.682908,-7.244438],[-78.683098,-7.244311],[-78.683511,-7.244116],[-78.683672,-7.243966],[-78.683639,-7.243751],[-78.683443,-7.243653],[-78.683217,-7.243686],[-78.682121,-7.244023],[-78.681697,-7.244193],[-78.681515,-7.244328],[-78.68091,-7.245009],[-78.680743,-7.245161],[-78.680527,-7.245226],[-78.680305,-7.245186],[-78.679515,-7.244725],[-78.679299,-7.244742],[-78.67917,-7.244919],[-78.679057,-7.245586],[-78.678956,-7.245787],[-78.678794,-7.245944],[-78.677555,-7.246532],[-78.677069,-7.247011],[-78.676883,-7.247142],[-78.67667,-7.247224],[-78.676006,-7.247402],[-78.675803,-7.247507],[-78.675473,-7.247819],[-78.675268,-7.247921],[-78.675046,-7.247969],[-78.673669,-7.247952],[-78.672524,-7.24787],[-78.672295,-7.247887],[-78.672076,-7.247948],[-78.67187,-7.248047],[-78.6705,-7.248875],[-78.670292,-7.248969],[-78.669857,-7.249114],[-78.66941,-7.249212],[-78.669181,-7.249218],[-78.668494,-7.249162],[-78.668036,-7.249161],[-78.666697,-7.249479],[-78.666242,-7.249527],[-78.666013,-7.249521],[-78.665788,-7.249479],[-78.665569,-7.249414],[-78.664503,-7.248993],[-78.664281,-7.248939],[-78.663146,-7.248764],[-78.662702,-7.248649],[-78.661613,-7.248293],[-78.66139,-7.248246],[-78.661162,-7.248258],[-78.660952,-7.248345],[-78.66077,-7.24848],[-78.660621,-7.248652],[-78.660363,-7.249025],[-78.660212,-7.249195],[-78.660038,-7.249342],[-78.659436,-7.249671],[-78.659011,-7.24984],[-78.658181,-7.250226],[-78.65743,-7.250745],[-78.65684,-7.251094],[-78.656668,-7.251242],[-78.656533,-7.251425],[-78.656456,-7.251638],[-78.656333,-7.252303],[-78.656211,-7.252492],[-78.656053,-7.252656],[-78.655859,-7.252774],[-78.655637,-7.25282],[-78.655179,-7.252787],[-78.654951,-7.252797],[-78.654544,-7.253],[-78.65433,-7.25308],[-78.653647,-7.253162],[-78.653419,-7.253151],[-78.652778,-7.252913],[-78.652554,-7.252914],[-78.652387,-7.253061],[-78.652025,-7.253638],[-78.651878,-7.253809],[-78.651679,-7.25391],[-78.650302,-7.253924],[-78.649871,-7.254073],[-78.649082,-7.254534],[-78.648927,-7.254699],[-78.648579,-7.255284],[-78.648431,-7.255456],[-78.647429,-7.256387],[-78.647236,-7.256509],[-78.646822,-7.256705],[-78.646653,-7.256857],[-78.646324,-7.257452],[-78.646256,-7.257667],[-78.646171,-7.258111],[-78.646084,-7.25832],[-78.645743,-7.258908],[-78.645314,-7.260197],[-78.645215,-7.260401],[-78.645078,-7.260582],[-78.644737,-7.260884],[-78.64455,-7.261013],[-78.643743,-7.261443],[-78.642802,-7.26209],[-78.641815,-7.262667],[-78.641254,-7.26306],[-78.640741,-7.263513],[-78.639999,-7.264046],[-78.63933,-7.264662],[-78.639205,-7.264852],[-78.638996,-7.265253],[-78.638851,-7.265427],[-78.638488,-7.265702],[-78.638245,-7.266084],[-78.638101,-7.266259],[-78.637929,-7.266407],[-78.637727,-7.266513],[-78.63707,-7.266716],[-78.636649,-7.266893],[-78.636095,-7.267293],[-78.635875,-7.26733],[-78.635648,-7.267305],[-78.635425,-7.26725],[-78.635208,-7.267313],[-78.634847,-7.267588],[-78.634648,-7.2677],[-78.634426,-7.26775],[-78.63397,-7.267796],[-78.633752,-7.267864],[-78.632693,-7.268301],[-78.632492,-7.268406],[-78.63234,-7.268572],[-78.632217,-7.268762],[-78.632069,-7.26893],[-78.631862,-7.26902],[-78.631638,-7.268982],[-78.631254,-7.268735],[-78.63104,-7.26867],[-78.630829,-7.268751],[-78.630522,-7.269087],[-78.630345,-7.269231],[-78.628784,-7.270183],[-78.628421,-7.270459],[-78.628094,-7.270776],[-78.627913,-7.270914],[-78.62753,-7.271164],[-78.627318,-7.27124],[-78.627093,-7.2712],[-78.626699,-7.270972],[-78.626489,-7.270885],[-78.626264,-7.270897],[-78.626067,-7.271011],[-78.625734,-7.271317],[-78.625508,-7.271327],[-78.625303,-7.271232],[-78.624924,-7.270978],[-78.6247,-7.27094],[-78.624022,-7.271053],[-78.623105,-7.271078],[-78.622876,-7.271063],[-78.622672,-7.270963],[-78.622503,-7.270813],[-78.621988,-7.270065],[-78.621837,-7.269895],[-78.621643,-7.269777],[-78.620329,-7.269371],[-78.619879,-7.269287],[-78.619421,-7.26925],[-78.619193,-7.269265],[-78.618971,-7.269324],[-78.617541,-7.270043],[-78.617369,-7.270193],[-78.616929,-7.270714],[-78.616756,-7.270862],[-78.616555,-7.270964],[-78.616329,-7.27099],[-78.615872,-7.270946],[-78.615644,-7.27095],[-78.61542,-7.271],[-78.614996,-7.27117],[-78.614769,-7.271164],[-78.614339,-7.271005],[-78.614118,-7.270952],[-78.613909,-7.271027],[-78.613779,-7.271209],[-78.613525,-7.272078],[-78.613388,-7.272257],[-78.613194,-7.272374],[-78.612525,-7.272536],[-78.612318,-7.272633],[-78.611334,-7.273214],[-78.611151,-7.27335],[-78.610993,-7.273514],[-78.610726,-7.273881],[-78.610575,-7.274048],[-78.610374,-7.274158],[-78.610151,-7.274206],[-78.608775,-7.274258],[-78.608552,-7.274304],[-78.608372,-7.274437],[-78.607962,-7.275245],[-78.607927,-7.275464],[-78.608002,-7.275675],[-78.60811,-7.275875],[-78.608156,-7.276092],[-78.608085,-7.276304],[-78.60781,-7.276666],[-78.607703,-7.276864],[-78.607435,-7.277489],[-78.607319,-7.277681],[-78.606956,-7.277957],[-78.606747,-7.278043],[-78.606518,-7.278065],[-78.606292,-7.278037],[-78.606088,-7.277938],[-78.605539,-7.27753],[-78.604945,-7.277188],[-78.604232,-7.276619],[-78.603631,-7.276288],[-78.603422,-7.276206],[-78.603204,-7.276248],[-78.6031,-7.276438],[-78.603103,-7.276663],[-78.603182,-7.276872],[-78.603793,-7.278088],[-78.60401,-7.278731],[-78.604062,-7.278951],[-78.604047,-7.279174],[-78.603927,-7.279362],[-78.603721,-7.279455],[-78.603497,-7.279422],[-78.603284,-7.279339],[-78.602239,-7.278872],[-78.601849,-7.278634],[-78.601641,-7.278542],[-78.600745,-7.278349],[-78.600537,-7.278253],[-78.600374,-7.278094],[-78.599601,-7.276972],[-78.599436,-7.276815],[-78.599242,-7.276695],[-78.599028,-7.276617],[-78.598804,-7.276573],[-78.598575,-7.27658],[-78.597234,-7.27689],[-78.595708,-7.277385],[-78.595286,-7.277561],[-78.594522,-7.278059],[-78.594301,-7.278121],[-78.593392,-7.27825],[-78.591813,-7.278542],[-78.591358,-7.278603],[-78.591154,-7.278698],[-78.590802,-7.278985],[-78.590368,-7.27913],[-78.590169,-7.279241],[-78.588845,-7.280139],[-78.588645,-7.280247],[-78.588431,-7.280328],[-78.588204,-7.280343],[-78.586866,-7.280027],[-78.586637,-7.280035],[-78.586424,-7.280113],[-78.586063,-7.280392],[-78.585579,-7.280871],[-78.584661,-7.282437],[-78.584532,-7.282623],[-78.584356,-7.282767],[-78.583975,-7.283019],[-78.583155,-7.283423],[-78.582523,-7.283694],[-78.5823,-7.283727],[-78.582091,-7.28364],[-78.581929,-7.283479],[-78.581488,-7.282959],[-78.581315,-7.282812],[-78.581097,-7.282789],[-78.58096,-7.282951],[-78.581068,-7.283388],[-78.581039,-7.283612],[-78.580912,-7.283794],[-78.580116,-7.284245],[-78.579898,-7.284298],[-78.579669,-7.284284],[-78.578993,-7.28416],[-78.578763,-7.28416],[-78.578555,-7.284255],[-78.57823,-7.284573],[-78.578017,-7.284647],[-78.577329,-7.284675],[-78.577105,-7.284715],[-78.576914,-7.284832],[-78.576614,-7.285174],[-78.57644,-7.285321],[-78.575875,-7.285709],[-78.575727,-7.28588],[-78.575589,-7.286311],[-78.575471,-7.286498],[-78.575255,-7.286562],[-78.57343,-7.286764],[-78.572292,-7.286913],[-78.571375,-7.286966],[-78.571146,-7.28696],[-78.570926,-7.286902],[-78.570498,-7.28674],[-78.570273,-7.286701],[-78.569586,-7.286652],[-78.569363,-7.286699],[-78.569155,-7.286792],[-78.568551,-7.287117],[-78.56837,-7.287255],[-78.568096,-7.287616],[-78.567935,-7.287774],[-78.567746,-7.2879],[-78.565885,-7.288783],[-78.565441,-7.288893],[-78.56476,-7.288993],[-78.56455,-7.28908],[-78.563997,-7.289482],[-78.563364,-7.289748],[-78.563141,-7.289802],[-78.562459,-7.289896],[-78.562237,-7.28995],[-78.561603,-7.290214],[-78.561378,-7.290259],[-78.56115,-7.290255],[-78.560697,-7.290181],[-78.560469,-7.290176],[-78.560016,-7.290245],[-78.559791,-7.290224],[-78.559576,-7.290146],[-78.55877,-7.289713],[-78.558559,-7.289626],[-78.558333,-7.28959],[-78.558104,-7.289597],[-78.557878,-7.289629],[-78.556991,-7.289863],[-78.556775,-7.289937],[-78.556571,-7.29004],[-78.556186,-7.290286],[-78.555977,-7.29038],[-78.555755,-7.290427],[-78.555526,-7.290424],[-78.554861,-7.290248],[-78.553771,-7.289895],[-78.553349,-7.289719],[-78.553159,-7.289593],[-78.552618,-7.289174],[-78.552484,-7.288991],[-78.552386,-7.288787],[-78.551972,-7.287733],[-78.551868,-7.287532],[-78.551682,-7.287413],[-78.551242,-7.287291],[-78.550749,-7.286821],[-78.550556,-7.286699],[-78.548843,-7.286049],[-78.548634,-7.285955],[-78.548442,-7.285834],[-78.547392,-7.284636],[-78.546976,-7.284096],[-78.546809,-7.283942],[-78.54645,-7.28366],[-78.546254,-7.283547],[-78.545815,-7.283433],[-78.545668,-7.283266],[-78.545445,-7.282625],[-78.545349,-7.282419],[-78.544887,-7.281918],[-78.544756,-7.281733],[-78.54441,-7.281147],[-78.544303,-7.280947],[-78.544224,-7.280738],[-78.544275,-7.280521],[-78.544434,-7.280099],[-78.544468,-7.279876],[-78.544443,-7.279425],[-78.544328,-7.279238],[-78.544115,-7.279205],[-78.543995,-7.279385],[-78.543852,-7.279815],[-78.543738,-7.280011],[-78.543086,-7.280941],[-78.542897,-7.281066],[-78.542674,-7.281116],[-78.54107,-7.281212],[-78.540612,-7.281203],[-78.540386,-7.281164],[-78.539346,-7.280687],[-78.538016,-7.280334],[-78.537371,-7.280096],[-78.537151,-7.280035],[-78.536922,-7.280025],[-78.536694,-7.280046],[-78.534886,-7.280367],[-78.534657,-7.280366],[-78.534432,-7.280325],[-78.533819,-7.280019],[-78.533598,-7.279965],[-78.53268,-7.27994],[-78.532234,-7.279845],[-78.531161,-7.279444],[-78.530353,-7.279015],[-78.530135,-7.278945],[-78.529908,-7.278915],[-78.529734,-7.278776],[-78.529492,-7.278141],[-78.52938,-7.277703],[-78.529348,-7.277481],[-78.529335,-7.27703],[-78.52923,-7.276829],[-78.529022,-7.276747],[-78.528794,-7.276727],[-78.528565,-7.276728],[-78.528339,-7.276758],[-78.528156,-7.27688],[-78.528055,-7.27708],[-78.527918,-7.277511],[-78.527755,-7.27817],[-78.527731,-7.278393],[-78.527845,-7.278587],[-78.527984,-7.278767],[-78.528197,-7.279166],[-78.52826,-7.279382],[-78.52818,-7.279585],[-78.527987,-7.279698],[-78.52753,-7.279695],[-78.527302,-7.279719],[-78.526854,-7.279816],[-78.526631,-7.279868],[-78.526434,-7.279982],[-78.52571,-7.280537],[-78.525248,-7.28104],[-78.525073,-7.281185],[-78.524891,-7.281323],[-78.524268,-7.281607],[-78.524076,-7.281729],[-78.52335,-7.282283],[-78.523184,-7.282439],[-78.52275,-7.282965],[-78.522547,-7.283045],[-78.522354,-7.282935],[-78.522409,-7.28273],[-78.522559,-7.282561],[-78.523976,-7.281411],[-78.524378,-7.281193],[-78.524563,-7.281059],[-78.524724,-7.2809],[-78.525295,-7.280191],[-78.525473,-7.280052],[-78.525868,-7.279823],[-78.526027,-7.279661],[-78.526824,-7.278556],[-78.526919,-7.27835],[-78.526987,-7.278135],[-78.527006,-7.277911],[-78.526952,-7.277235],[-78.527001,-7.276787],[-78.527049,-7.276567],[-78.526956,-7.276371],[-78.526147,-7.275956],[-78.525964,-7.276048],[-78.526001,-7.276261],[-78.526403,-7.276475],[-78.526528,-7.276656],[-78.526503,-7.277332],[-78.526452,-7.277552],[-78.526361,-7.277758],[-78.525215,-7.279171],[-78.525047,-7.279324],[-78.523957,-7.280154],[-78.523615,-7.280454],[-78.523217,-7.28068],[-78.52256,-7.280882],[-78.522144,-7.281072],[-78.521777,-7.281342],[-78.521254,-7.281784],[-78.520642,-7.282092],[-78.520458,-7.282226],[-78.519856,-7.283188],[-78.519454,-7.284001],[-78.519385,-7.284214],[-78.519426,-7.285114],[-78.51936,-7.28533],[-78.519204,-7.285491],[-78.518996,-7.285587],[-78.518545,-7.285672],[-78.518327,-7.28574],[-78.517508,-7.286149],[-78.517296,-7.286232],[-78.515505,-7.286632],[-78.514432,-7.287032],[-78.514231,-7.287139],[-78.5141,-7.287321],[-78.514134,-7.287542],[-78.514206,-7.287757],[-78.514197,-7.287974],[-78.514045,-7.288136],[-78.512617,-7.288862],[-78.512397,-7.288922],[-78.51217,-7.288948],[-78.511947,-7.288894],[-78.511308,-7.288643],[-78.511081,-7.28863],[-78.510856,-7.288659],[-78.510633,-7.288716],[-78.510416,-7.288736],[-78.510274,-7.288588],[-78.510391,-7.288424],[-78.511765,-7.288338],[-78.511993,-7.288313],[-78.5122,-7.288233],[-78.512343,-7.288062],[-78.512543,-7.287655],[-78.512683,-7.28748],[-78.512887,-7.287386],[-78.51333,-7.287269],[-78.513531,-7.287165],[-78.513654,-7.286987],[-78.513677,-7.286762],[-78.513748,-7.286553],[-78.513957,-7.286464],[-78.514612,-7.286258],[-78.51479,-7.286123],[-78.514888,-7.285923],[-78.514908,-7.285473],[-78.514955,-7.285254],[-78.515367,-7.284449],[-78.515254,-7.284277],[-78.515041,-7.284303],[-78.514944,-7.284506],[-78.51481,-7.284938],[-78.51459,-7.285816],[-78.51449,-7.286017],[-78.514308,-7.286146],[-78.513639,-7.28629],[-78.513498,-7.286465],[-78.513381,-7.286659],[-78.513205,-7.286801],[-78.512999,-7.286899],[-78.512544,-7.286953],[-78.512326,-7.287011],[-78.512165,-7.28717],[-78.511886,-7.287527],[-78.511686,-7.287637],[-78.511461,-7.28768],[-78.511001,-7.28768],[-78.510774,-7.287659],[-78.510109,-7.287485],[-78.509882,-7.287468],[-78.509689,-7.287582],[-78.509371,-7.287908],[-78.50917,-7.28801],[-78.508943,-7.288028],[-78.508726,-7.287958],[-78.50835,-7.287701],[-78.508149,-7.287594],[-78.507934,-7.287516],[-78.50726,-7.287377],[-78.507033,-7.287365],[-78.506842,-7.287481],[-78.506493,-7.288064],[-78.50634,-7.288231],[-78.506164,-7.288376],[-78.505754,-7.288579],[-78.505561,-7.288699],[-78.505422,-7.288877],[-78.505373,-7.289096],[-78.505243,-7.290674],[-78.505183,-7.290891],[-78.504634,-7.292135],[-78.504493,-7.292306],[-78.504293,-7.292416],[-78.50407,-7.29243],[-78.503625,-7.292317],[-78.503399,-7.292309],[-78.503198,-7.292416],[-78.50224,-7.293038],[-78.50204,-7.293146],[-78.501824,-7.29322],[-78.501596,-7.293242],[-78.500219,-7.293226],[-78.499334,-7.292987],[-78.499105,-7.29297],[-78.497728,-7.29296],[-78.497505,-7.292917],[-78.497317,-7.292791],[-78.497165,-7.292622],[-78.497036,-7.292437],[-78.496951,-7.292227],[-78.496663,-7.291369],[-78.49648,-7.290715],[-78.496486,-7.29049],[-78.496553,-7.290276],[-78.496697,-7.290101],[-78.497333,-7.289449],[-78.497511,-7.289309],[-78.497713,-7.289202],[-78.497926,-7.28912],[-78.499059,-7.288944],[-78.499505,-7.288842],[-78.500314,-7.288414],[-78.500506,-7.288289],[-78.500661,-7.288124],[-78.501014,-7.287543],[-78.501154,-7.287365],[-78.501327,-7.287222],[-78.501533,-7.287125],[-78.502207,-7.286985],[-78.502635,-7.286827],[-78.502795,-7.286668],[-78.502898,-7.286466],[-78.503064,-7.28581],[-78.503156,-7.285603],[-78.503614,-7.285096],[-78.503734,-7.28491],[-78.503698,-7.284691],[-78.503511,-7.284569],[-78.503299,-7.284627],[-78.500891,-7.286363],[-78.500714,-7.286506],[-78.499903,-7.287305],[-78.49972,-7.287437],[-78.499496,-7.287489],[-78.496523,-7.287734],[-78.496341,-7.287622],[-78.496347,-7.287417],[-78.496552,-7.287343],[-78.49724,-7.287379],[-78.49747,-7.28738],[-78.497695,-7.287352],[-78.498566,-7.287065],[-78.498777,-7.286977],[-78.498981,-7.286873],[-78.499165,-7.28674],[-78.499327,-7.28658],[-78.499457,-7.286394],[-78.499649,-7.285744],[-78.49983,-7.284171],[-78.499885,-7.283952],[-78.499975,-7.283745],[-78.500152,-7.283608],[-78.500993,-7.283247],[-78.501217,-7.283208],[-78.502365,-7.283181],[-78.502593,-7.283204],[-78.503045,-7.28328],[-78.503712,-7.28345],[-78.503925,-7.28353],[-78.50514,-7.284168],[-78.50535,-7.28426],[-78.505575,-7.284291],[-78.5058,-7.284273],[-78.506009,-7.284181],[-78.506195,-7.284049],[-78.50706,-7.283307],[-78.508591,-7.281941],[-78.511381,-7.280371],[-78.511588,-7.280274],[-78.511804,-7.280199],[-78.512033,-7.280198],[-78.512927,-7.280402],[-78.513155,-7.280429],[-78.513372,-7.28036],[-78.514423,-7.279912],[-78.516215,-7.279514],[-78.516436,-7.279455],[-78.516639,-7.279351],[-78.516767,-7.279165],[-78.516793,-7.278945],[-78.516722,-7.278732],[-78.516128,-7.277508],[-78.516046,-7.277298],[-78.516002,-7.277078],[-78.516107,-7.276408],[-78.516167,-7.276191],[-78.516258,-7.275983],[-78.516365,-7.275784],[-78.516504,-7.275604],[-78.516651,-7.275431],[-78.516983,-7.275119],[-78.517288,-7.274781],[-78.518572,-7.273488],[-78.518724,-7.273319],[-78.518835,-7.273124],[-78.518847,-7.272902],[-78.518743,-7.272708],[-78.518337,-7.272501],[-78.51815,-7.272373],[-78.518005,-7.2722],[-78.517854,-7.271774],[-78.517815,-7.271552],[-78.517834,-7.27133],[-78.517951,-7.271136],[-78.518552,-7.270453],[-78.518689,-7.270272],[-78.518745,-7.270059],[-78.518691,-7.269844],[-78.518511,-7.269711],[-78.518292,-7.269647],[-78.515193,-7.268813],[-78.513966,-7.268196],[-78.512885,-7.267357],[-78.512685,-7.267246],[-78.511638,-7.266782],[-78.511449,-7.266657],[-78.511148,-7.266316],[-78.51101,-7.266135],[-78.510934,-7.265924],[-78.510907,-7.265702],[-78.510993,-7.265257],[-78.511162,-7.2646],[-78.511239,-7.264154],[-78.511244,-7.26393],[-78.511171,-7.263717],[-78.510977,-7.263307],[-78.51092,-7.263091],[-78.510969,-7.262873],[-78.511214,-7.262491],[-78.511267,-7.262273],[-78.511211,-7.262058],[-78.511042,-7.261912],[-78.509496,-7.26148],[-78.509321,-7.26134],[-78.509248,-7.261129],[-78.50917,-7.260684],[-78.509235,-7.260475],[-78.509411,-7.260331],[-78.51037,-7.259711],[-78.510514,-7.259538],[-78.51056,-7.259319],[-78.510498,-7.25911],[-78.510352,-7.258936],[-78.51001,-7.258635],[-78.5098,-7.258549],[-78.509348,-7.258473],[-78.508661,-7.25842],[-78.50798,-7.258325],[-78.507293,-7.258284],[-78.506183,-7.257998],[-78.505956,-7.25797],[-78.505512,-7.258075],[-78.503617,-7.258885],[-78.503393,-7.258907],[-78.503172,-7.258848],[-78.502967,-7.258748],[-78.502381,-7.258393],[-78.502174,-7.258299],[-78.501944,-7.258292],[-78.501044,-7.258457],[-78.500832,-7.258383],[-78.500721,-7.258195],[-78.500615,-7.257755],[-78.500522,-7.257549],[-78.500367,-7.257386],[-78.500157,-7.257307],[-78.499484,-7.257164],[-78.498579,-7.257012],[-78.498357,-7.256957],[-78.497728,-7.256685],[-78.497282,-7.256577],[-78.497055,-7.256546],[-78.496827,-7.256557],[-78.496409,-7.256739],[-78.495811,-7.257076],[-78.495596,-7.257132],[-78.495432,-7.256985],[-78.495296,-7.256802],[-78.495131,-7.256648],[-78.494926,-7.256551],[-78.494698,-7.25653],[-78.494028,-7.256683],[-78.493571,-7.256675],[-78.492036,-7.256208],[-78.491591,-7.256095],[-78.491363,-7.256073],[-78.490217,-7.25613],[-78.489553,-7.255951],[-78.489325,-7.255949],[-78.488642,-7.256035],[-78.488185,-7.256002],[-78.486809,-7.25606],[-78.486609,-7.255964],[-78.48653,-7.255759],[-78.4866,-7.25555],[-78.488057,-7.25445],[-78.488257,-7.254342],[-78.488695,-7.254203],[-78.488878,-7.254082],[-78.488853,-7.253876],[-78.488637,-7.253823],[-78.48774,-7.254012],[-78.487534,-7.25411],[-78.485347,-7.255355],[-78.484787,-7.255749],[-78.484278,-7.256203],[-78.484094,-7.256339],[-78.483896,-7.256422],[-78.483712,-7.2563],[-78.48374,-7.256094],[-78.484092,-7.255804],[-78.485371,-7.254847],[-78.485548,-7.254703],[-78.485699,-7.254537],[-78.485701,-7.254319],[-78.485561,-7.254151],[-78.485338,-7.254133],[-78.483995,-7.254434],[-78.483096,-7.254616],[-78.482869,-7.254636],[-78.482181,-7.254611],[-78.481041,-7.254489],[-78.480938,-7.254663],[-78.481057,-7.254831],[-78.481744,-7.254849],[-78.481972,-7.254874],[-78.482186,-7.254938],[-78.482362,-7.255082],[-78.482518,-7.255247],[-78.482591,-7.25546],[-78.48261,-7.25591],[-78.482559,-7.256587],[-78.482495,-7.256793],[-78.482287,-7.256785],[-78.482261,-7.256567],[-78.482318,-7.256118],[-78.482312,-7.255893],[-78.482194,-7.255708],[-78.48071,-7.255104],[-78.480507,-7.254999],[-78.479948,-7.254604],[-78.479729,-7.254599],[-78.479613,-7.254768],[-78.47973,-7.254953],[-78.480903,-7.255664],[-78.481254,-7.255955],[-78.481401,-7.256126],[-78.481504,-7.256326],[-78.481549,-7.256546],[-78.481494,-7.256995],[-78.481421,-7.257199],[-78.481207,-7.25725],[-78.481094,-7.257076],[-78.481131,-7.256626],[-78.481093,-7.256411],[-78.480932,-7.256256],[-78.479355,-7.255952],[-78.479136,-7.255889],[-78.478946,-7.255765],[-78.478488,-7.255259],[-78.478311,-7.255115],[-78.478111,-7.255006],[-78.477269,-7.254644],[-78.477046,-7.254643],[-78.476915,-7.254813],[-78.476982,-7.255017],[-78.477194,-7.255096],[-78.477864,-7.255245],[-78.478054,-7.255372],[-78.478204,-7.255539],[-78.478612,-7.256085],[-78.478774,-7.256245],[-78.479514,-7.256779],[-78.479681,-7.256934],[-78.479817,-7.257116],[-78.480014,-7.257765],[-78.48004,-7.257988],[-78.479864,-7.258088],[-78.47972,-7.25793],[-78.479688,-7.257479],[-78.479644,-7.257258],[-78.47954,-7.257061],[-78.479385,-7.256895],[-78.479202,-7.256758],[-78.478008,-7.256084],[-78.477794,-7.256002],[-78.474273,-7.254969],[-78.47405,-7.254919],[-78.473821,-7.25491],[-78.473593,-7.254933],[-78.472931,-7.255116],[-78.472707,-7.255137],[-78.472546,-7.254993],[-78.472531,-7.254772],[-78.47261,-7.253645],[-78.47261,-7.253192],[-78.472567,-7.252972],[-78.47241,-7.252817],[-78.471529,-7.252566],[-78.471332,-7.252451],[-78.471184,-7.252279],[-78.470514,-7.251361],[-78.470364,-7.251192],[-78.470149,-7.251168],[-78.470053,-7.251357],[-78.470185,-7.251539],[-78.471392,-7.252903],[-78.471526,-7.253085],[-78.471595,-7.253297],[-78.471559,-7.253516],[-78.47128,-7.254134],[-78.471252,-7.254358],[-78.471296,-7.25458],[-78.47129,-7.254801],[-78.471125,-7.25494],[-78.470931,-7.254847],[-78.470925,-7.254624],[-78.47126,-7.253543],[-78.471273,-7.253321],[-78.471176,-7.253119],[-78.471021,-7.252953],[-78.470845,-7.252809],[-78.47047,-7.252549],[-78.468667,-7.251554],[-78.467477,-7.25087],[-78.467304,-7.250726],[-78.467214,-7.250523],[-78.467223,-7.250299],[-78.467565,-7.24946],[-78.467692,-7.249276],[-78.467894,-7.249187],[-78.468123,-7.249184],[-78.469038,-7.249258],[-78.469266,-7.249234],[-78.469482,-7.249163],[-78.470303,-7.248758],[-78.470525,-7.248703],[-78.471435,-7.248584],[-78.471662,-7.248604],[-78.47188,-7.24867],[-78.472302,-7.248848],[-78.472519,-7.24891],[-78.472707,-7.248803],[-78.472685,-7.248592],[-78.472501,-7.248468],[-78.471385,-7.248201],[-78.470934,-7.248118],[-78.470705,-7.248098],[-78.469789,-7.248042],[-78.469565,-7.248088],[-78.469139,-7.248255],[-78.468918,-7.248312],[-78.46869,-7.248306],[-78.468026,-7.248131],[-78.467174,-7.247793],[-78.46701,-7.247653],[-78.467115,-7.247473],[-78.467337,-7.247495],[-78.46818,-7.247852],[-78.468401,-7.24791],[-78.468628,-7.247883],[-78.468832,-7.24778],[-78.468978,-7.24761],[-78.469143,-7.247189],[-78.469343,-7.24654],[-78.46945,-7.2461],[-78.469483,-7.245877],[-78.469376,-7.244981],[-78.469381,-7.244756],[-78.469486,-7.244317],[-78.469697,-7.243917],[-78.470288,-7.243226],[-78.47079,-7.242469],[-78.471069,-7.242111],[-78.471704,-7.241457],[-78.471787,-7.241254],[-78.471694,-7.241059],[-78.47149,-7.24097],[-78.471262,-7.240988],[-78.469674,-7.241233],[-78.469445,-7.24125],[-78.468757,-7.241253],[-78.468302,-7.241211],[-78.468101,-7.241107],[-78.467978,-7.240918],[-78.467746,-7.24028],[-78.467711,-7.240057],[-78.467739,-7.239833],[-78.467825,-7.239624],[-78.467968,-7.23945],[-78.468157,-7.239325],[-78.468373,-7.239252],[-78.469057,-7.23918],[-78.46927,-7.2391],[-78.46946,-7.238973],[-78.46999,-7.238541],[-78.470746,-7.238028],[-78.470971,-7.237995],[-78.471199,-7.238],[-78.471656,-7.238052],[-78.471885,-7.238054],[-78.472339,-7.237998],[-78.472552,-7.237916],[-78.472708,-7.237755],[-78.472992,-7.2374],[-78.473165,-7.237254],[-78.473385,-7.237201],[-78.474301,-7.237127],[-78.474526,-7.237089],[-78.475187,-7.236899],[-78.475414,-7.236872],[-78.47564,-7.236903],[-78.475851,-7.236991],[-78.477064,-7.238029],[-78.477256,-7.23815],[-78.477479,-7.238183],[-78.477688,-7.238096],[-78.47969,-7.23658],[-78.480741,-7.235703],[-78.4809,-7.23554],[-78.481324,-7.235006],[-78.481507,-7.234872],[-78.481732,-7.234843],[-78.481956,-7.234885],[-78.483233,-7.235391],[-78.483457,-7.235425],[-78.483674,-7.235358],[-78.484444,-7.234866],[-78.484578,-7.234687],[-78.484631,-7.234468],[-78.484656,-7.234019],[-78.485293,-7.23308],[-78.485452,-7.232918],[-78.485642,-7.232797],[-78.486547,-7.232657],[-78.48675,-7.232552],[-78.487328,-7.232184],[-78.487482,-7.232017],[-78.487576,-7.231814],[-78.487599,-7.231589],[-78.487563,-7.230233],[-78.487596,-7.23001],[-78.487683,-7.229802],[-78.487816,-7.229619],[-78.487985,-7.229467],[-78.488188,-7.229362],[-78.489505,-7.228969],[-78.489694,-7.228842],[-78.490099,-7.228295],[-78.490214,-7.2281],[-78.490568,-7.227265],[-78.490717,-7.227097],[-78.490939,-7.22706],[-78.49161,-7.227214],[-78.491836,-7.227233],[-78.492064,-7.227201],[-78.492496,-7.22705],[-78.492719,-7.22701],[-78.492915,-7.227123],[-78.493096,-7.227263],[-78.493303,-7.227342],[-78.493513,-7.227279],[-78.49381,-7.226935],[-78.493987,-7.226794],[-78.494203,-7.226724],[-78.494658,-7.22666],[-78.494879,-7.226606],[-78.495058,-7.22647],[-78.495309,-7.226092],[-78.495458,-7.225922],[-78.495657,-7.225812],[-78.496308,-7.225596],[-78.496482,-7.225451],[-78.496565,-7.225243],[-78.496679,-7.224118],[-78.496728,-7.223899],[-78.496868,-7.223722],[-78.497464,-7.223386],[-78.49764,-7.22324],[-78.497888,-7.22286],[-78.498055,-7.222707],[-78.498263,-7.222615],[-78.498715,-7.222531],[-78.498934,-7.222468],[-78.499091,-7.222316],[-78.499095,-7.222095],[-78.499016,-7.22165],[-78.499032,-7.221426],[-78.499146,-7.221231],[-78.499446,-7.220889],[-78.499612,-7.220734],[-78.500379,-7.220237],[-78.500548,-7.220084],[-78.500696,-7.219914],[-78.500795,-7.219712],[-78.50085,-7.219493],[-78.50085,-7.218815],[-78.50088,-7.218592],[-78.50099,-7.218396],[-78.501477,-7.217917],[-78.501657,-7.217777],[-78.501865,-7.217693],[-78.502093,-7.217691],[-78.503237,-7.217783],[-78.503458,-7.217748],[-78.503617,-7.21759],[-78.503665,-7.217371],[-78.503644,-7.21692],[-78.50368,-7.216699],[-78.503834,-7.21654],[-78.504056,-7.2165],[-78.504275,-7.216563],[-78.505113,-7.216933],[-78.505335,-7.216923],[-78.505504,-7.216779],[-78.505549,-7.21656],[-78.505466,-7.216353],[-78.504544,-7.215346],[-78.504372,-7.215197],[-78.504196,-7.215052],[-78.503999,-7.214936],[-78.503787,-7.214849],[-78.502906,-7.214597],[-78.502693,-7.214511],[-78.502326,-7.214242],[-78.501314,-7.213322],[-78.501185,-7.213136],[-78.501106,-7.212925],[-78.50109,-7.2127],[-78.50111,-7.212477],[-78.501196,-7.212267],[-78.501307,-7.21207],[-78.501924,-7.211117],[-78.502202,-7.210758],[-78.502377,-7.210612],[-78.502579,-7.210507],[-78.502801,-7.210452],[-78.503255,-7.210389],[-78.503469,-7.210313],[-78.503622,-7.210146],[-78.503841,-7.209751],[-78.50399,-7.20958],[-78.504178,-7.209453],[-78.504394,-7.209389],[-78.504621,-7.20936],[-78.50508,-7.209351],[-78.505283,-7.209267],[-78.505352,-7.209064],[-78.505284,-7.208852],[-78.504987,-7.208242],[-78.504961,-7.208018],[-78.504996,-7.20734],[-78.505029,-7.207117],[-78.505203,-7.206461],[-78.505449,-7.205828],[-78.506314,-7.204234],[-78.50647,-7.204069],[-78.506656,-7.203938],[-78.50687,-7.203861],[-78.508643,-7.203391],[-78.508848,-7.203292],[-78.508952,-7.203097],[-78.508925,-7.202876],[-78.507828,-7.199662],[-78.507782,-7.199441],[-78.507802,-7.199216],[-78.507917,-7.199024],[-78.508106,-7.198903],[-78.508331,-7.198872],[-78.510116,-7.199295],[-78.510341,-7.199284],[-78.510474,-7.199117],[-78.51043,-7.1989],[-78.510285,-7.198725],[-78.508617,-7.196858],[-78.507724,-7.195825],[-78.507614,-7.195627],[-78.507552,-7.19541],[-78.507551,-7.195186],[-78.507604,-7.194966],[-78.508156,-7.193241],[-78.508254,-7.193036],[-78.508368,-7.192841],[-78.508515,-7.192667],[-78.508816,-7.192327],[-78.508995,-7.192185],[-78.509182,-7.192055],[-78.509394,-7.191967],[-78.509841,-7.191891],[-78.509983,-7.191722],[-78.509999,-7.1915],[-78.509849,-7.190609],[-78.509852,-7.190383],[-78.509908,-7.190165],[-78.510022,-7.189969],[-78.510163,-7.189791],[-78.51116,-7.188855],[-78.511477,-7.188528],[-78.511452,-7.188379],[-78.510518,-7.187723],[-78.508141,-7.18635],[-78.504919,-7.184182],[-78.504332,-7.183827],[-78.503131,-7.183163],[-78.502745,-7.182917],[-78.502186,-7.182522],[-78.501104,-7.181683],[-78.499397,-7.180536],[-78.498474,-7.179864],[-78.497533,-7.179216],[-78.495687,-7.177872],[-78.493811,-7.176569],[-78.492516,-7.175632],[-78.491652,-7.174888],[-78.491494,-7.174726],[-78.494966,-7.172136],[-78.497003,-7.170667],[-78.498645,-7.169431],[-78.501233,-7.167554],[-78.501578,-7.167257],[-78.501714,-7.167075],[-78.501946,-7.166686],[-78.502012,-7.166495],[-78.50116,-7.165739],[-78.500974,-7.165647],[-78.496613,-7.165544],[-78.495028,-7.165453],[-78.49457,-7.16548],[-78.492504,-7.16545],[-78.492046,-7.165418],[-78.469323,-7.164855],[-78.468871,-7.164865],[-78.468191,-7.164791],[-78.466356,-7.164705],[-78.466128,-7.16468],[-78.465697,-7.164547],[-78.46526,-7.165592],[-78.465111,-7.165717],[-78.462604,-7.164597],[-78.462413,-7.164478],[-78.462353,-7.164263],[-78.462215,-7.163141],[-78.462103,-7.162978],[-78.460639,-7.162327],[-78.460245,-7.162095],[-78.460081,-7.161937],[-78.459927,-7.16177],[-78.459713,-7.16137],[-78.458265,-7.158293],[-78.45813,-7.158112],[-78.457101,-7.157211],[-78.457011,-7.157003],[-78.456553,-7.155486],[-78.456477,-7.155274],[-78.456351,-7.155085],[-78.456078,-7.154721],[-78.455772,-7.154385],[-78.455442,-7.154071],[-78.454749,-7.15348],[-78.454537,-7.1534],[-78.454077,-7.1534],[-78.453877,-7.153307],[-78.453628,-7.152929],[-78.453224,-7.152722],[-78.453122,-7.152523],[-78.45299,-7.151859],[-78.453049,-7.151651],[-78.453264,-7.151606],[-78.453914,-7.151829],[-78.454138,-7.151867],[-78.454366,-7.151855],[-78.455245,-7.151593],[-78.455456,-7.151505],[-78.455652,-7.151388],[-78.455825,-7.15124],[-78.455954,-7.151055],[-78.456515,-7.150069],[-78.456504,-7.149857],[-78.456304,-7.149796],[-78.456159,-7.149961],[-78.455954,-7.150365],[-78.455832,-7.150555],[-78.455648,-7.150686],[-78.45544,-7.15078],[-78.455214,-7.150819],[-78.454985,-7.15083],[-78.454759,-7.150802],[-78.454337,-7.15063],[-78.453047,-7.149687],[-78.452086,-7.149068],[-78.451918,-7.148915],[-78.451401,-7.14817],[-78.451241,-7.148009],[-78.451034,-7.147916],[-78.450595,-7.147782],[-78.450371,-7.147746],[-78.449922,-7.147838],[-78.447729,-7.148507],[-78.44705,-7.148618],[-78.446363,-7.148665],[-78.445686,-7.148787],[-78.444793,-7.148997],[-78.444572,-7.149057],[-78.443952,-7.14935],[-78.443731,-7.14941],[-78.443502,-7.149408],[-78.443047,-7.149351],[-78.442875,-7.149489],[-78.442889,-7.149704],[-78.443072,-7.149826],[-78.44375,-7.149946],[-78.444207,-7.149972],[-78.444869,-7.14979],[-78.445097,-7.149778],[-78.445766,-7.149936],[-78.445948,-7.150058],[-78.445962,-7.150275],[-78.445825,-7.150449],[-78.444306,-7.150955],[-78.443854,-7.151032],[-78.443169,-7.151101],[-78.442947,-7.151156],[-78.442746,-7.151262],[-78.442569,-7.151406],[-78.442122,-7.151921],[-78.441961,-7.15208],[-78.441746,-7.152161],[-78.440618,-7.152366],[-78.440391,-7.152364],[-78.440181,-7.152279],[-78.439993,-7.152148],[-78.43979,-7.152047],[-78.43964,-7.152193],[-78.439723,-7.152392],[-78.440147,-7.152563],[-78.440762,-7.152865],[-78.440989,-7.152887],[-78.441218,-7.152872],[-78.441397,-7.152985],[-78.441347,-7.153191],[-78.44113,-7.153231],[-78.440445,-7.153155],[-78.439298,-7.15314],[-78.439072,-7.153171],[-78.438873,-7.153281],[-78.438764,-7.153476],[-78.438387,-7.154543],[-78.438326,-7.15499],[-78.438329,-7.155668],[-78.438263,-7.156113],[-78.438102,-7.156537],[-78.437994,-7.156734],[-78.437797,-7.156845],[-78.437116,-7.15694],[-78.436888,-7.156917],[-78.436666,-7.156863],[-78.435813,-7.156528],[-78.435588,-7.156488],[-78.4349,-7.156477],[-78.434681,-7.156543],[-78.434493,-7.156671],[-78.434062,-7.157197],[-78.433898,-7.157351],[-78.433705,-7.157472],[-78.433478,-7.1575],[-78.4321,-7.1575],[-78.431189,-7.1574],[-78.43096,-7.1574],[-78.429608,-7.15766],[-78.429387,-7.157618],[-78.429276,-7.157434],[-78.429346,-7.157229],[-78.430393,-7.156028],[-78.430524,-7.155845],[-78.430504,-7.155628],[-78.429992,-7.155175],[-78.429804,-7.155046],[-78.429589,-7.154992],[-78.42913,-7.15501],[-78.428676,-7.155076],[-78.42759,-7.155442],[-78.427147,-7.155556],[-78.426689,-7.155588],[-78.42623,-7.15559],[-78.425316,-7.155531],[-78.425089,-7.155566],[-78.42488,-7.155654],[-78.424706,-7.1558],[-78.424583,-7.155989],[-78.424495,-7.156197],[-78.424289,-7.156845],[-78.424099,-7.157728],[-78.423939,-7.157876],[-78.423731,-7.157818],[-78.423662,-7.157613],[-78.423674,-7.157387],[-78.423655,-7.157164],[-78.423573,-7.156953],[-78.423443,-7.15677],[-78.423234,-7.156686],[-78.423006,-7.156663],[-78.422804,-7.156573],[-78.422486,-7.156246],[-78.422287,-7.15614],[-78.422064,-7.156088],[-78.421381,-7.156013],[-78.420922,-7.156029],[-78.420239,-7.156113],[-78.42001,-7.156114],[-78.419787,-7.15606],[-78.419573,-7.155979],[-78.419375,-7.155868],[-78.4185,-7.155137],[-78.418298,-7.155032],[-78.417409,-7.15481],[-78.41656,-7.154467],[-78.416339,-7.154405],[-78.416112,-7.15438],[-78.415193,-7.15438],[-78.414965,-7.154356],[-78.414742,-7.154305],[-78.41454,-7.154202],[-78.414378,-7.154043],[-78.414294,-7.153835],[-78.414301,-7.153612],[-78.41441,-7.153175],[-78.414384,-7.152951],[-78.414263,-7.152763],[-78.414078,-7.152634],[-78.413439,-7.152383],[-78.413247,-7.15226],[-78.412917,-7.151948],[-78.412788,-7.151761],[-78.412685,-7.15156],[-78.412481,-7.150221],[-78.412399,-7.149776],[-78.412335,-7.14956],[-78.412206,-7.149374],[-78.412014,-7.149263],[-78.411561,-7.14919],[-78.41137,-7.149067],[-78.410864,-7.148314],[-78.410549,-7.147467],[-78.40962,-7.146467],[-78.409485,-7.146284],[-78.409402,-7.146075],[-78.40941,-7.14585],[-78.409478,-7.145635],[-78.409601,-7.145445],[-78.410396,-7.144631],[-78.410509,-7.144435],[-78.410551,-7.144215],[-78.41055,-7.14399],[-78.410437,-7.143797],[-78.41025,-7.143671],[-78.410026,-7.143632],[-78.409569,-7.143677],[-78.409111,-7.143674],[-78.40843,-7.143578],[-78.407305,-7.143355],[-78.406621,-7.143281],[-78.406167,-7.143348],[-78.405047,-7.143594],[-78.402997,-7.14335],[-78.402768,-7.143357],[-78.40232,-7.143447],[-78.401904,-7.143638],[-78.401712,-7.143761],[-78.40001,-7.144915],[-78.399836,-7.14506],[-78.399545,-7.145409],[-78.399434,-7.145606],[-78.399336,-7.14581],[-78.399099,-7.146447],[-78.398975,-7.146635],[-78.398791,-7.146768],[-78.398571,-7.146832],[-78.397901,-7.146987],[-78.397446,-7.147028],[-78.397219,-7.147],[-78.396779,-7.146869],[-78.396347,-7.146717],[-78.39615,-7.146603],[-78.394932,-7.14557],[-78.387376,-7.138967],[-78.387006,-7.138701],[-78.386581,-7.138533],[-78.386356,-7.138492],[-78.385897,-7.13849],[-78.385669,-7.138517],[-78.376786,-7.139624],[-78.369494,-7.140507],[-78.359703,-7.141758],[-78.359016,-7.141795],[-78.357413,-7.141698],[-78.357186,-7.141726],[-78.356517,-7.141891],[-78.356063,-7.141937],[-78.354947,-7.141675],[-78.35473,-7.1416],[-78.354529,-7.141493],[-78.353013,-7.140111],[-78.352826,-7.13998],[-78.352404,-7.139803],[-78.351519,-7.139565],[-78.35129,-7.139564],[-78.350404,-7.139799],[-78.350176,-7.13982],[-78.349956,-7.139765],[-78.349764,-7.139644],[-78.349631,-7.139462],[-78.349336,-7.138606],[-78.349282,-7.138387],[-78.349254,-7.138163],[-78.349316,-7.137948],[-78.349479,-7.137792],[-78.349864,-7.137545],[-78.350214,-7.137255],[-78.351424,-7.135605],[-78.351581,-7.135441],[-78.352148,-7.135058],[-78.352306,-7.134898],[-78.352374,-7.134685],[-78.352343,-7.134464],[-78.351934,-7.133655],[-78.351885,-7.133438],[-78.351913,-7.133214],[-78.352034,-7.133024],[-78.352363,-7.132711],[-78.352494,-7.132528],[-78.35256,-7.132317],[-78.352555,-7.132091],[-78.352449,-7.131193],[-78.352366,-7.130748],[-78.352281,-7.130538],[-78.352037,-7.130157],[-78.350317,-7.128037],[-78.350156,-7.127876],[-78.34997,-7.127745],[-78.349764,-7.127646],[-78.349541,-7.127596],[-78.349312,-7.12758],[-78.346787,-7.127619],[-78.346099,-7.127649],[-78.345871,-7.127623],[-78.345655,-7.127549],[-78.345451,-7.127446],[-78.344924,-7.127013],[-78.342083,-7.124056],[-78.341423,-7.123428],[-78.334056,-7.117301],[-78.333662,-7.117072],[-78.333447,-7.116994],[-78.331027,-7.116281],[-78.330825,-7.116177],[-78.330678,-7.116006],[-78.327884,-7.110557],[-78.327755,-7.110125],[-78.32773,-7.1099],[-78.327768,-7.109677],[-78.327863,-7.109472],[-78.328215,-7.108889],[-78.328488,-7.108526],[-78.328641,-7.108358],[-78.329281,-7.107709],[-78.329455,-7.107562],[-78.331174,-7.106433],[-78.33138,-7.106336],[-78.331599,-7.106269],[-78.338709,-7.104449],[-78.339132,-7.104274],[-78.339536,-7.10406],[-78.34008,-7.103644],[-78.340389,-7.103311],[-78.340767,-7.102745],[-78.341774,-7.100968],[-78.34407,-7.096793],[-78.344347,-7.096173],[-78.344638,-7.095315],[-78.344776,-7.094193],[-78.3452,-7.088783],[-78.345169,-7.088334],[-78.345093,-7.088122],[-78.344864,-7.08773],[-78.344448,-7.086924],[-78.344313,-7.086741],[-78.344002,-7.086409],[-78.343658,-7.08611],[-78.343348,-7.085779],[-78.342823,-7.08534],[-78.342505,-7.085015],[-78.342862,-7.084441],[-78.342949,-7.084235],[-78.342919,-7.084012],[-78.342815,-7.083818],[-78.342292,-7.083377],[-78.341806,-7.082897],[-78.341663,-7.082721],[-78.34129,-7.082155],[-78.340919,-7.081892],[-78.340757,-7.081734],[-78.340383,-7.081164],[-78.340231,-7.080996],[-78.339852,-7.080744],[-78.339641,-7.080654],[-78.33924,-7.080436],[-78.338485,-7.079921],[-78.338314,-7.079771],[-78.338197,-7.07958],[-78.338155,-7.079358],[-78.338218,-7.078684],[-78.338142,-7.078239],[-78.338112,-7.077788],[-78.337983,-7.077356],[-78.337642,-7.076517],[-78.337666,-7.076066],[-78.337584,-7.075394],[-78.337612,-7.074039],[-78.337562,-7.07382],[-78.337439,-7.073632],[-78.337259,-7.073495],[-78.337038,-7.07345],[-78.336826,-7.073524],[-78.336672,-7.07369],[-78.336422,-7.074069],[-78.336125,-7.074681],[-78.335753,-7.075251],[-78.335572,-7.075666],[-78.33534,-7.076305],[-78.335207,-7.076737],[-78.335168,-7.07696],[-78.335087,-7.07786],[-78.33503,-7.078074],[-78.334875,-7.078234],[-78.334495,-7.078485],[-78.334385,-7.078675],[-78.334416,-7.078895],[-78.33468,-7.079262],[-78.334771,-7.079467],[-78.334794,-7.079918],[-78.335064,-7.080279],[-78.335145,-7.08049],[-78.335113,-7.081618],[-78.335239,-7.081796],[-78.335462,-7.081822],[-78.335915,-7.081766],[-78.336132,-7.081827],[-78.33631,-7.081967],[-78.33642,-7.082163],[-78.336613,-7.082814],[-78.33664,-7.083038],[-78.33664,-7.084394],[-78.336675,-7.084616],[-78.336816,-7.085043],[-78.336803,-7.085266],[-78.336735,-7.085481],[-78.336721,-7.085703],[-78.336852,-7.085884],[-78.337205,-7.086171],[-78.337585,-7.086734],[-78.338164,-7.087436],[-78.338481,-7.087762],[-78.33867,-7.087887],[-78.338886,-7.087964],[-78.33979,-7.088118],[-78.339994,-7.088214],[-78.339999,-7.088424],[-78.339797,-7.08849],[-78.33938,-7.088308],[-78.338699,-7.08821],[-78.338513,-7.08808],[-78.337879,-7.087428],[-78.337151,-7.086881],[-78.336856,-7.086534],[-78.336685,-7.086387],[-78.336077,-7.086069],[-78.335943,-7.085892],[-78.335938,-7.085668],[-78.336042,-7.084998],[-78.33605,-7.084094],[-78.335925,-7.083198],[-78.33584,-7.08299],[-78.335656,-7.082871],[-78.335427,-7.082889],[-78.334766,-7.083077],[-78.334545,-7.083035],[-78.334226,-7.082712],[-78.333946,-7.082355],[-78.333839,-7.082155],[-78.333635,-7.08151],[-78.333493,-7.081333],[-78.333306,-7.081208],[-78.332658,-7.080989],[-78.332459,-7.080875],[-78.3321,-7.080595],[-78.331701,-7.080375],[-78.331481,-7.08031],[-78.331254,-7.080278],[-78.330795,-7.080257],[-78.330578,-7.080197],[-78.33045,-7.080022],[-78.330505,-7.079805],[-78.330791,-7.079188],[-78.33086,-7.078973],[-78.330897,-7.07875],[-78.330949,-7.078074],[-78.330915,-7.077851],[-78.330784,-7.077421],[-78.330876,-7.07722],[-78.331082,-7.07714],[-78.331539,-7.077113],[-78.331756,-7.077039],[-78.331958,-7.076934],[-78.332127,-7.076783],[-78.332267,-7.076605],[-78.332403,-7.076174],[-78.332525,-7.075987],[-78.33272,-7.075872],[-78.332931,-7.075782],[-78.33308,-7.075622],[-78.333083,-7.0754],[-78.333051,-7.075176],[-78.333097,-7.074957],[-78.333381,-7.074603],[-78.333499,-7.074411],[-78.33354,-7.07419],[-78.333511,-7.073967],[-78.333426,-7.073524],[-78.333337,-7.073316],[-78.333054,-7.072962],[-78.332689,-7.072688],[-78.332606,-7.072483],[-78.332679,-7.072039],[-78.332666,-7.071137],[-78.332759,-7.070941],[-78.332962,-7.070845],[-78.333411,-7.070754],[-78.333621,-7.070666],[-78.334192,-7.070286],[-78.334397,-7.070187],[-78.334841,-7.070078],[-78.335022,-7.069955],[-78.335018,-7.069739],[-78.334779,-7.069354],[-78.333711,-7.067882],[-78.333552,-7.06772],[-78.333361,-7.067595],[-78.333153,-7.067504],[-78.332931,-7.06745],[-78.332703,-7.067433],[-78.332015,-7.067481],[-78.331787,-7.067479],[-78.331593,-7.067367],[-78.331515,-7.067158],[-78.331479,-7.066935],[-78.331386,-7.06673],[-78.331243,-7.066555],[-78.331129,-7.066362],[-78.331103,-7.066139],[-78.331238,-7.065475],[-78.33128,-7.064801],[-78.331418,-7.064633],[-78.331838,-7.064456],[-78.332411,-7.064079],[-78.332583,-7.063931],[-78.332743,-7.063769],[-78.333155,-7.063226],[-78.333514,-7.062647],[-78.33366,-7.062473],[-78.333824,-7.062316],[-78.334013,-7.062189],[-78.334419,-7.061979],[-78.334599,-7.061841],[-78.334687,-7.061634],[-78.334661,-7.061413],[-78.334545,-7.06122],[-78.333917,-7.060562],[-78.333568,-7.060268],[-78.333499,-7.060064],[-78.333623,-7.059884],[-78.3338,-7.05974],[-78.333945,-7.059567],[-78.334594,-7.057876],[-78.334641,-7.057655],[-78.334611,-7.057436],[-78.334472,-7.057262],[-78.333851,-7.056983],[-78.333695,-7.056818],[-78.333619,-7.056607],[-78.333541,-7.055934],[-78.333436,-7.055736],[-78.333249,-7.05561],[-78.332837,-7.055412],[-78.332468,-7.055144],[-78.332069,-7.054924],[-78.330946,-7.054697],[-78.330114,-7.05432],[-78.329443,-7.054169],[-78.329231,-7.054086],[-78.328531,-7.053506],[-78.328315,-7.05346],[-78.328092,-7.053513],[-78.327865,-7.053536],[-78.327217,-7.053318],[-78.326988,-7.053317],[-78.326764,-7.053355],[-78.32656,-7.053457],[-78.326191,-7.053727],[-78.325988,-7.053827],[-78.325766,-7.053887],[-78.325539,-7.053909],[-78.324393,-7.053852],[-78.323246,-7.05387],[-78.323017,-7.053847],[-78.322799,-7.053778],[-78.322391,-7.053574],[-78.321949,-7.053457],[-78.321261,-7.053459],[-78.321034,-7.05343],[-78.320812,-7.053374],[-78.319767,-7.052909],[-78.31955,-7.052836],[-78.319092,-7.052812],[-78.318648,-7.05271],[-78.31842,-7.052697],[-78.317737,-7.052776],[-78.317278,-7.052783],[-78.317052,-7.052823],[-78.316394,-7.053019],[-78.315946,-7.05312],[-78.315731,-7.053196],[-78.315147,-7.053554],[-78.314735,-7.053753],[-78.314305,-7.05391],[-78.314099,-7.05401],[-78.313717,-7.05426],[-78.313305,-7.054459],[-78.313092,-7.054541],[-78.312642,-7.054625],[-78.312426,-7.054702],[-78.311394,-7.055195],[-78.310735,-7.055383],[-78.310381,-7.055669],[-78.310171,-7.055751],[-78.309254,-7.055792],[-78.308572,-7.055879],[-78.30837,-7.055985],[-78.308008,-7.056264],[-78.307802,-7.056362],[-78.307159,-7.056603],[-78.306959,-7.056714],[-78.306394,-7.0571],[-78.306237,-7.057264],[-78.305976,-7.057634],[-78.305797,-7.057771],[-78.305577,-7.057835],[-78.305371,-7.057931],[-78.305202,-7.058081],[-78.305078,-7.058269],[-78.304985,-7.058476],[-78.304833,-7.058642],[-78.304423,-7.058845],[-78.303862,-7.059238],[-78.302862,-7.059793],[-78.302477,-7.060039],[-78.302161,-7.060366],[-78.302056,-7.060566],[-78.30202,-7.060788],[-78.302094,-7.061232],[-78.302074,-7.061456],[-78.301969,-7.061654],[-78.301814,-7.061818],[-78.301594,-7.061851],[-78.301433,-7.061696],[-78.301388,-7.061475],[-78.301361,-7.061024],[-78.301275,-7.060819],[-78.301075,-7.06073],[-78.30086,-7.060776],[-78.300733,-7.060959],[-78.300647,-7.061168],[-78.300498,-7.061331],[-78.300045,-7.061384],[-78.299901,-7.061554],[-78.29978,-7.061742],[-78.299571,-7.061816],[-78.299143,-7.061655],[-78.298919,-7.061613],[-78.298232,-7.061644],[-78.298009,-7.061699],[-78.297799,-7.061785],[-78.297622,-7.061928],[-78.297479,-7.062103],[-78.297125,-7.062936],[-78.296998,-7.063125],[-78.296858,-7.063302],[-78.296658,-7.063397],[-78.296432,-7.063387],[-78.296004,-7.063226],[-78.295777,-7.063206],[-78.295324,-7.063277],[-78.295097,-7.063258],[-78.294654,-7.063147],[-78.294429,-7.06317],[-78.294221,-7.06326],[-78.293855,-7.063531],[-78.293652,-7.063631],[-78.293426,-7.063666],[-78.293199,-7.063639],[-78.292368,-7.063259],[-78.291934,-7.063115],[-78.29176,-7.062973],[-78.291469,-7.062624],[-78.290578,-7.061913],[-78.290471,-7.06172],[-78.290572,-7.061528],[-78.29079,-7.061505],[-78.291206,-7.061694],[-78.291425,-7.061761],[-78.291649,-7.061811],[-78.292107,-7.061808],[-78.292325,-7.061742],[-78.292486,-7.061586],[-78.292536,-7.061369],[-78.292471,-7.061155],[-78.292301,-7.061007],[-78.292081,-7.060946],[-78.291399,-7.060853],[-78.29095,-7.060759],[-78.289639,-7.060343],[-78.289227,-7.060147],[-78.289073,-7.059981],[-78.288974,-7.059778],[-78.288924,-7.059559],[-78.288936,-7.059107],[-78.288866,-7.058895],[-78.288708,-7.058733],[-78.288501,-7.058639],[-78.288281,-7.058573],[-78.288052,-7.058556],[-78.287824,-7.058569],[-78.286928,-7.058766],[-78.286708,-7.058827],[-78.285863,-7.059177],[-78.285724,-7.059348],[-78.285632,-7.060018],[-78.285368,-7.060883],[-78.285293,-7.06133],[-78.285167,-7.061512],[-78.284967,-7.061613],[-78.284739,-7.061639],[-78.284281,-7.061618],[-78.284059,-7.06156],[-78.283633,-7.061393],[-78.283434,-7.061282],[-78.283262,-7.061132],[-78.282951,-7.060801],[-78.282609,-7.060502],[-78.282203,-7.059955],[-78.281833,-7.059689],[-78.280998,-7.058913],[-78.280854,-7.058739],[-78.280239,-7.057279],[-78.28013,-7.05708],[-78.279995,-7.056897],[-78.279839,-7.056733],[-78.279419,-7.056564],[-78.279231,-7.056436],[-78.278389,-7.055668],[-78.278287,-7.05547],[-78.278216,-7.055255],[-78.2781,-7.055062],[-78.277929,-7.054912],[-78.277738,-7.054786],[-78.277175,-7.054075],[-78.276998,-7.053934],[-78.276792,-7.053835],[-78.276607,-7.053707],[-78.27653,-7.0535],[-78.276548,-7.053048],[-78.276581,-7.052824],[-78.276709,-7.052392],[-78.276906,-7.051985],[-78.27693,-7.051764],[-78.276767,-7.051618],[-78.276551,-7.051664],[-78.276202,-7.051956],[-78.275388,-7.052373],[-78.275168,-7.052429],[-78.274995,-7.052301],[-78.274914,-7.052089],[-78.274787,-7.051907],[-78.274587,-7.051803],[-78.27414,-7.051714],[-78.273715,-7.051543],[-78.273508,-7.051443],[-78.273318,-7.051318],[-78.27318,-7.05114],[-78.273097,-7.05093],[-78.272943,-7.05027],[-78.272676,-7.049645],[-78.272487,-7.048993],[-78.27245,-7.048771],[-78.272567,-7.047877],[-78.272717,-7.04745],[-78.272787,-7.047005],[-78.272846,-7.046786],[-78.272806,-7.046573],[-78.272604,-7.046497],[-78.272435,-7.046637],[-78.272299,-7.047068],[-78.272061,-7.047453],[-78.271798,-7.047824],[-78.271641,-7.047989],[-78.271287,-7.048276],[-78.270973,-7.048606],[-78.270796,-7.048747],[-78.270574,-7.048766],[-78.270394,-7.048637],[-78.2702,-7.048229],[-78.270053,-7.048056],[-78.269716,-7.047752],[-78.269597,-7.04756],[-78.269423,-7.046906],[-78.269238,-7.046494],[-78.269165,-7.04628],[-78.269065,-7.045839],[-78.269065,-7.045614],[-78.269127,-7.045398],[-78.26965,-7.044393],[-78.27002,-7.043088],[-78.269997,-7.042864],[-78.269909,-7.042657],[-78.269789,-7.042464],[-78.269646,-7.042288],[-78.269442,-7.042202],[-78.269226,-7.042275],[-78.269029,-7.04239],[-78.268861,-7.042544],[-78.268607,-7.042919],[-78.268322,-7.043272],[-78.268135,-7.043396],[-78.267915,-7.043459],[-78.267737,-7.043592],[-78.267653,-7.043798],[-78.267587,-7.044245],[-78.267493,-7.04445],[-78.267352,-7.044628],[-78.266725,-7.045288],[-78.266585,-7.045467],[-78.266497,-7.045674],[-78.26641,-7.046118],[-78.266322,-7.046326],[-78.266141,-7.046464],[-78.26598,-7.046624],[-78.265714,-7.046992],[-78.265424,-7.04734],[-78.265307,-7.047535],[-78.26512,-7.047652],[-78.264897,-7.047619],[-78.26408,-7.047207],[-78.263683,-7.046981],[-78.263497,-7.04685],[-78.263331,-7.046693],[-78.262858,-7.046203],[-78.262743,-7.046008],[-78.262603,-7.045578],[-78.262602,-7.045356],[-78.262684,-7.045146],[-78.262683,-7.044928],[-78.262389,-7.044583],[-78.262346,-7.044367],[-78.262382,-7.044144],[-78.262361,-7.043926],[-78.262183,-7.043797],[-78.261742,-7.043674],[-78.261529,-7.04359],[-78.261172,-7.043308],[-78.260851,-7.042986],[-78.260647,-7.042892],[-78.260193,-7.04293],[-78.259965,-7.042905],[-78.259757,-7.042816],[-78.259257,-7.042353],[-78.258499,-7.041843],[-78.257822,-7.041232],[-78.257501,-7.040908],[-78.256015,-7.039186],[-78.255527,-7.038707],[-78.255349,-7.038564],[-78.255154,-7.038448],[-78.254932,-7.038391],[-78.253571,-7.038179],[-78.253123,-7.038082],[-78.252909,-7.038004],[-78.252709,-7.037895],[-78.251952,-7.037382],[-78.251362,-7.037033],[-78.25115,-7.036946],[-78.250924,-7.036913],[-78.250695,-7.036927],[-78.250467,-7.036948],[-78.250246,-7.037008],[-78.250069,-7.037146],[-78.24998,-7.037351],[-78.249988,-7.037576],[-78.250124,-7.038698],[-78.250179,-7.040053],[-78.250099,-7.040257],[-78.24989,-7.040305],[-78.249734,-7.040149],[-78.249355,-7.039083],[-78.248887,-7.038307],[-78.248639,-7.037203],[-78.248583,-7.036755],[-78.248607,-7.036304],[-78.248527,-7.0361],[-78.24831,-7.03606],[-78.248168,-7.036223],[-78.248173,-7.036448],[-78.24833,-7.037567],[-78.24833,-7.037793],[-78.24826,-7.038239],[-78.248178,-7.038448],[-78.247987,-7.038549],[-78.247787,-7.038449],[-78.247132,-7.037816],[-78.24629,-7.037047],[-78.246139,-7.036878],[-78.246039,-7.036676],[-78.246021,-7.036226],[-78.246074,-7.036006],[-78.246332,-7.035379],[-78.246305,-7.035158],[-78.246203,-7.034959],[-78.246064,-7.034778],[-78.245901,-7.03462],[-78.245715,-7.034488],[-78.245509,-7.034389],[-78.244398,-7.034107],[-78.244174,-7.034137],[-78.243794,-7.034379],[-78.243587,-7.034315],[-78.243489,-7.034114],[-78.243427,-7.033896],[-78.243328,-7.033694],[-78.243178,-7.033523],[-78.242839,-7.033218],[-78.242552,-7.032865],[-78.242361,-7.032745],[-78.24168,-7.032658],[-78.241458,-7.0326],[-78.240828,-7.032329],[-78.2396,-7.031715],[-78.238504,-7.031379],[-78.237828,-7.031256],[-78.23737,-7.031225],[-78.237143,-7.031249],[-78.236932,-7.031331],[-78.236746,-7.031462],[-78.2364,-7.031759],[-78.23624,-7.031919],[-78.23615,-7.032123],[-78.236158,-7.032347],[-78.236273,-7.033016],[-78.236379,-7.033213],[-78.236864,-7.033691],[-78.236925,-7.033903],[-78.236891,-7.034127],[-78.236764,-7.034559],[-78.236808,-7.034776],[-78.236913,-7.034977],[-78.237328,-7.035518],[-78.237435,-7.035718],[-78.237453,-7.03594],[-78.237371,-7.036148],[-78.237185,-7.036277],[-78.236961,-7.036303],[-78.236757,-7.036205],[-78.23579,-7.03524],[-78.23544,-7.034947],[-78.235239,-7.034841],[-78.234576,-7.034659],[-78.234363,-7.034576],[-78.234209,-7.034413],[-78.234115,-7.03421],[-78.234081,-7.033534],[-78.233976,-7.033334],[-78.233798,-7.033195],[-78.232927,-7.032908],[-78.232719,-7.032816],[-78.232149,-7.032438],[-78.231931,-7.032374],[-78.231702,-7.032367],[-78.230787,-7.032424],[-78.23058,-7.03251],[-78.230467,-7.032701],[-78.230454,-7.032926],[-78.23049,-7.033603],[-78.230472,-7.033828],[-78.230355,-7.034018],[-78.230147,-7.03411],[-78.229929,-7.034057],[-78.229768,-7.033902],[-78.22951,-7.03353],[-78.229323,-7.033399],[-78.2287,-7.033111],[-78.22827,-7.032959],[-78.228041,-7.03294],[-78.227813,-7.032965],[-78.226904,-7.033088],[-78.226689,-7.033165],[-78.226555,-7.033343],[-78.226537,-7.033561],[-78.226648,-7.033752],[-78.226984,-7.034058],[-78.227071,-7.034263],[-78.227028,-7.034478],[-78.226891,-7.034658],[-78.226389,-7.03512],[-78.226169,-7.035168],[-78.22595,-7.035115],[-78.225591,-7.034834],[-78.225383,-7.034749],[-78.225168,-7.034803],[-78.225007,-7.034962],[-78.224741,-7.03533],[-78.224448,-7.035678],[-78.224292,-7.035844],[-78.224104,-7.035968],[-78.22388,-7.035966],[-78.223688,-7.035846],[-78.223336,-7.035556],[-78.22289,-7.035041],[-78.222724,-7.034884],[-78.222531,-7.034763],[-78.221912,-7.034468],[-78.221738,-7.034322],[-78.221443,-7.033978],[-78.221218,-7.033955],[-78.220988,-7.033968],[-78.220763,-7.033931],[-78.220547,-7.033856],[-78.220324,-7.033884],[-78.219951,-7.034146],[-78.219741,-7.034228],[-78.219514,-7.034238],[-78.218157,-7.034005],[-78.21793,-7.033977],[-78.217701,-7.033979],[-78.217482,-7.034047],[-78.217284,-7.034158],[-78.216599,-7.03476],[-78.216415,-7.034893],[-78.216205,-7.03498],[-78.215976,-7.03498],[-78.215755,-7.034921],[-78.215576,-7.034782],[-78.21519,-7.034221],[-78.215037,-7.034056],[-78.214842,-7.033939],[-78.214208,-7.033676],[-78.21401,-7.033562],[-78.213677,-7.033252],[-78.213205,-7.032758],[-78.213062,-7.032582],[-78.213037,-7.032361],[-78.213288,-7.031733],[-78.213289,-7.031511],[-78.213172,-7.031322],[-78.212867,-7.030988],[-78.21281,-7.030773],[-78.212877,-7.030326],[-78.212947,-7.030115],[-78.213101,-7.029953],[-78.213514,-7.029757],[-78.213707,-7.029635],[-78.213862,-7.029469],[-78.213941,-7.029259],[-78.214148,-7.028378],[-78.21435,-7.027731],[-78.214262,-7.027532],[-78.214058,-7.027454],[-78.21292,-7.0276],[-78.212711,-7.027528],[-78.212625,-7.027325],[-78.212677,-7.026196],[-78.212645,-7.025974],[-78.212481,-7.025826],[-78.212256,-7.025837],[-78.212087,-7.02598],[-78.211793,-7.026325],[-78.211583,-7.026409],[-78.211355,-7.026408],[-78.21116,-7.02629],[-78.211021,-7.026111],[-78.210094,-7.024549],[-78.209983,-7.024351],[-78.209915,-7.024137],[-78.209916,-7.023914],[-78.210005,-7.023706],[-78.21056,-7.022716],[-78.210653,-7.022511],[-78.210714,-7.022294],[-78.210778,-7.021618],[-78.210857,-7.02141],[-78.211345,-7.020932],[-78.211454,-7.020734],[-78.21157,-7.020297],[-78.211561,-7.020073],[-78.211455,-7.019874],[-78.211155,-7.019533],[-78.211046,-7.019336],[-78.211034,-7.019112],[-78.21112,-7.018439],[-78.211229,-7.018002],[-78.211375,-7.017829],[-78.211707,-7.01752],[-78.211729,-7.017301],[-78.211574,-7.017143],[-78.211119,-7.017096],[-78.210948,-7.016965],[-78.210908,-7.016748],[-78.211133,-7.016108],[-78.211149,-7.015885],[-78.211015,-7.014993],[-78.211058,-7.014773],[-78.211254,-7.014367],[-78.211454,-7.014266],[-78.211912,-7.014264],[-78.212122,-7.014183],[-78.212425,-7.013847],[-78.212647,-7.013816],[-78.212875,-7.013817],[-78.213011,-7.013653],[-78.213021,-7.013201],[-78.213079,-7.012983],[-78.21365,-7.012277],[-78.213617,-7.012069],[-78.213417,-7.01201],[-78.213271,-7.012176],[-78.213146,-7.012366],[-78.212968,-7.012505],[-78.21275,-7.01257],[-78.212569,-7.012695],[-78.21252,-7.012909],[-78.21252,-7.013135],[-78.212408,-7.013325],[-78.212197,-7.01341],[-78.211754,-7.013526],[-78.211526,-7.013541],[-78.211089,-7.013414],[-78.210867,-7.013458],[-78.210689,-7.01359],[-78.210593,-7.013794],[-78.210356,-7.014664],[-78.210227,-7.01485],[-78.209848,-7.015103],[-78.209678,-7.01525],[-78.209609,-7.015463],[-78.20961,-7.01614],[-78.209516,-7.016341],[-78.209182,-7.016649],[-78.209132,-7.016863],[-78.209265,-7.017525],[-78.209176,-7.017726],[-78.208853,-7.018048],[-78.20878,-7.018252],[-78.208865,-7.018457],[-78.208982,-7.018649],[-78.208927,-7.018859],[-78.208734,-7.018976],[-78.207898,-7.019349],[-78.207727,-7.019495],[-78.207597,-7.01968],[-78.207151,-7.020471],[-78.206961,-7.021121],[-78.206519,-7.022163],[-78.206361,-7.022588],[-78.206088,-7.023686],[-78.206042,-7.024135],[-78.205991,-7.024353],[-78.205811,-7.024482],[-78.205595,-7.024432],[-78.205465,-7.024251],[-78.205383,-7.024039],[-78.20533,-7.02382],[-78.20532,-7.023142],[-78.205241,-7.022934],[-78.20506,-7.022804],[-78.204834,-7.022786],[-78.20415,-7.022864],[-78.203461,-7.02287],[-78.203251,-7.02279],[-78.203173,-7.022586],[-78.203275,-7.02239],[-78.203808,-7.021961],[-78.204926,-7.020824],[-78.205046,-7.020631],[-78.205118,-7.020418],[-78.205213,-7.019747],[-78.205279,-7.019532],[-78.205403,-7.019341],[-78.205489,-7.019134],[-78.205491,-7.01891],[-78.20537,-7.018242],[-78.205416,-7.018023],[-78.205616,-7.01762],[-78.205629,-7.017398],[-78.205498,-7.017214],[-78.204916,-7.016515],[-78.204856,-7.016301],[-78.204872,-7.016078],[-78.20492,-7.015857],[-78.204876,-7.01564],[-78.20473,-7.015471],[-78.204509,-7.015422],[-78.204283,-7.015463],[-78.20362,-7.015644],[-78.203392,-7.01566],[-78.203204,-7.015543],[-78.202994,-7.014902],[-78.20287,-7.014715],[-78.202429,-7.014194],[-78.20232,-7.014],[-78.202335,-7.013782],[-78.202752,-7.013244],[-78.202814,-7.013029],[-78.202802,-7.012804],[-78.202708,-7.012602],[-78.202407,-7.012261],[-78.202287,-7.012074],[-78.202298,-7.01185],[-78.202568,-7.011228],[-78.202608,-7.011006],[-78.20259,-7.010784],[-78.202492,-7.010581],[-78.202336,-7.010418],[-78.202144,-7.010299],[-78.201465,-7.010211],[-78.201317,-7.010049],[-78.201327,-7.009837],[-78.201499,-7.009692],[-78.202085,-7.009337],[-78.202217,-7.009155],[-78.20228,-7.008942],[-78.202208,-7.008497],[-78.201947,-7.007397],[-78.201804,-7.007224],[-78.201593,-7.007141],[-78.201365,-7.007148],[-78.201175,-7.007268],[-78.200775,-7.007819],[-78.200594,-7.007952],[-78.200375,-7.008013],[-78.200146,-7.008003],[-78.199946,-7.007897],[-78.199764,-7.007761],[-78.198753,-7.006839],[-78.198626,-7.006655],[-78.198579,-7.006436],[-78.198533,-7.005986],[-78.198443,-7.00578],[-78.198312,-7.005595],[-78.197854,-7.005088],[-78.197756,-7.00489],[-78.197721,-7.004667],[-78.197736,-7.004215],[-78.197771,-7.003994],[-78.197905,-7.003816],[-78.198321,-7.003628],[-78.198911,-7.003279],[-78.199026,-7.003089],[-78.198973,-7.002873],[-78.198886,-7.002664],[-78.198768,-7.002471],[-78.198598,-7.002323],[-78.197844,-7.001806],[-78.197727,-7.001626],[-78.197772,-7.001411],[-78.198334,-7.000697],[-78.198458,-7.000508],[-78.198543,-7.0003],[-78.198512,-7.000079],[-78.198415,-6.999878],[-78.197982,-6.999351],[-78.197873,-6.999153],[-78.197275,-6.997931],[-78.19702,-6.997301],[-78.19698,-6.997078],[-78.197019,-6.996859],[-78.197288,-6.996235],[-78.197393,-6.995564],[-78.197472,-6.995358],[-78.197674,-6.995274],[-78.198133,-6.9953],[-78.198343,-6.995231],[-78.198484,-6.995055],[-78.198963,-6.994283],[-78.199121,-6.99412],[-78.199341,-6.994074],[-78.199997,-6.994277],[-78.200226,-6.994287],[-78.201142,-6.994223],[-78.201601,-6.994236],[-78.201824,-6.994199],[-78.201953,-6.994029],[-78.201942,-6.993804],[-78.201834,-6.992906],[-78.201693,-6.992243],[-78.201713,-6.992021],[-78.201834,-6.991831],[-78.202138,-6.991492],[-78.202168,-6.991272],[-78.202082,-6.991067],[-78.201097,-6.989816],[-78.200942,-6.989654],[-78.200726,-6.989592],[-78.200269,-6.98961],[-78.200088,-6.989482],[-78.200025,-6.989266],[-78.199856,-6.988377],[-78.19971,-6.987949],[-78.199209,-6.986932],[-78.198845,-6.986102],[-78.198375,-6.985326],[-78.198015,-6.984495],[-78.197757,-6.984122],[-78.19761,-6.98395],[-78.19744,-6.983799],[-78.196853,-6.983444],[-78.196639,-6.983373],[-78.196423,-6.983438],[-78.195987,-6.983962],[-78.195804,-6.984098],[-78.195606,-6.984211],[-78.194979,-6.984489],[-78.194753,-6.984486],[-78.194561,-6.984366],[-78.194065,-6.983897],[-78.194004,-6.983687],[-78.194055,-6.98347],[-78.194446,-6.982912],[-78.194674,-6.982519],[-78.194748,-6.982306],[-78.19496,-6.981426],[-78.194985,-6.981201],[-78.19493,-6.980986],[-78.194772,-6.980826],[-78.194168,-6.9805],[-78.194021,-6.980331],[-78.193952,-6.980117],[-78.193881,-6.97967],[-78.19378,-6.979229],[-78.193421,-6.978155],[-78.193333,-6.977947],[-78.193002,-6.977352],[-78.192922,-6.977141],[-78.192654,-6.97581],[-78.192547,-6.975617],[-78.192356,-6.9755],[-78.191678,-6.97539],[-78.19122,-6.975426],[-78.190768,-6.975499],[-78.190544,-6.975453],[-78.190357,-6.975325],[-78.190057,-6.974984],[-78.189927,-6.974798],[-78.189605,-6.974199],[-78.18943,-6.973781],[-78.189055,-6.972713],[-78.188793,-6.972086],[-78.18863,-6.971929],[-78.188028,-6.971599],[-78.187845,-6.971464],[-78.187696,-6.971292],[-78.187515,-6.970879],[-78.187481,-6.970656],[-78.18749,-6.970203],[-78.18741,-6.969996],[-78.187225,-6.969868],[-78.18679,-6.969723],[-78.186583,-6.969626],[-78.186407,-6.969482],[-78.186278,-6.969295],[-78.186217,-6.969078],[-78.18626,-6.968403],[-78.186238,-6.968178],[-78.186118,-6.967988],[-78.185265,-6.967234],[-78.185074,-6.96711],[-78.184857,-6.967042],[-78.183481,-6.96697],[-78.183264,-6.966904],[-78.183101,-6.966752],[-78.183053,-6.966532],[-78.183101,-6.966314],[-78.183188,-6.966105],[-78.183228,-6.965883],[-78.183153,-6.965677],[-78.182801,-6.965387],[-78.182606,-6.965269],[-78.181943,-6.965087],[-78.181734,-6.964996],[-78.181549,-6.964862],[-78.180884,-6.964238],[-78.179989,-6.963207],[-78.179856,-6.963026],[-78.179787,-6.962811],[-78.179728,-6.962363],[-78.179726,-6.962137],[-78.1798,-6.961929],[-78.179954,-6.961763],[-78.180348,-6.961532],[-78.180504,-6.96137],[-78.18059,-6.961161],[-78.180717,-6.960726],[-78.180884,-6.960586],[-78.182831,-6.959389],[-78.183532,-6.958221],[-78.183578,-6.958005],[-78.183624,-6.957329],[-78.183799,-6.956918],[-78.184193,-6.95669],[-78.184423,-6.956694],[-78.184642,-6.956748],[-78.185063,-6.956929],[-78.185252,-6.956843],[-78.185348,-6.956641],[-78.185393,-6.95642],[-78.185365,-6.956205],[-78.185084,-6.955586],[-78.185025,-6.955139],[-78.185042,-6.954914],[-78.185127,-6.954704],[-78.185283,-6.954585],[-78.185511,-6.954561],[-78.185703,-6.954661],[-78.186062,-6.954942],[-78.186262,-6.954931],[-78.186891,-6.954656],[-78.187108,-6.954606],[-78.18756,-6.954675],[-78.187989,-6.95483],[-78.188895,-6.955853],[-78.18907,-6.955971],[-78.1893,-6.955971],[-78.189412,-6.955816],[-78.189739,-6.954732],[-78.189646,-6.954061],[-78.189545,-6.953868],[-78.189395,-6.953697],[-78.189192,-6.953639],[-78.188503,-6.953639],[-78.188278,-6.953608],[-78.187611,-6.953438],[-78.187414,-6.953339],[-78.187255,-6.953176],[-78.187158,-6.952985],[-78.187123,-6.952534],[-78.187476,-6.951224],[-78.187566,-6.951021],[-78.188032,-6.950522],[-78.188535,-6.949506],[-78.188918,-6.948943],[-78.188901,-6.948739],[-78.188665,-6.948102],[-78.188609,-6.947896],[-78.188967,-6.947613],[-78.189104,-6.94744],[-78.189275,-6.947021],[-78.189231,-6.94683],[-78.188808,-6.946295],[-78.188698,-6.946097],[-78.188709,-6.945901],[-78.188828,-6.945708],[-78.189037,-6.945682],[-78.189724,-6.945721],[-78.189933,-6.945651],[-78.190129,-6.945534],[-78.190377,-6.944437],[-78.190312,-6.944225],[-78.190047,-6.943599],[-78.190633,-6.942914],[-78.191506,-6.942181],[-78.191662,-6.942017],[-78.191797,-6.941834],[-78.191753,-6.941639],[-78.191589,-6.94153],[-78.19136,-6.94153],[-78.191142,-6.941575],[-78.18975,-6.942365],[-78.189577,-6.942512],[-78.189398,-6.942628],[-78.188725,-6.942483],[-78.188514,-6.94241],[-78.188021,-6.941937],[-78.187838,-6.941814],[-78.187609,-6.941798],[-78.18692,-6.941817],[-78.18647,-6.94173],[-78.186348,-6.941556],[-78.186157,-6.941146],[-78.186726,-6.940436],[-78.186975,-6.940056],[-78.18707,-6.939861],[-78.186864,-6.939215],[-78.186689,-6.938796],[-78.186512,-6.938663],[-78.186313,-6.938553],[-78.18541,-6.938389],[-78.185239,-6.937273],[-78.185099,-6.936854],[-78.184508,-6.935628],[-78.184463,-6.935411],[-78.184451,-6.935185],[-78.184555,-6.934515],[-78.184462,-6.933389],[-78.184472,-6.932712],[-78.184551,-6.932267],[-78.184686,-6.931835],[-78.184773,-6.931626],[-78.184884,-6.931428],[-78.185035,-6.93126],[-78.18524,-6.931169],[-78.185465,-6.931127],[-78.186607,-6.931011],[-78.188146,-6.930562],[-78.188822,-6.930434],[-78.18905,-6.930422],[-78.189274,-6.930474],[-78.189958,-6.930525],[-78.190152,-6.930432],[-78.190246,-6.930228],[-78.190259,-6.929779],[-78.190219,-6.929569],[-78.189986,-6.928936],[-78.189783,-6.928531],[-78.189703,-6.92832],[-78.18969,-6.928095],[-78.189759,-6.927648],[-78.189931,-6.926993],[-78.190053,-6.926802],[-78.190215,-6.926645],[-78.190796,-6.926282],[-78.191205,-6.926076],[-78.191395,-6.925948],[-78.191581,-6.925816],[-78.191746,-6.92566],[-78.19189,-6.925485],[-78.191993,-6.925285],[-78.192114,-6.92485],[-78.192423,-6.923998],[-78.192787,-6.923168],[-78.192887,-6.922983],[-78.193098,-6.923073],[-78.192871,-6.922976],[-78.193685,-6.921106],[-78.19376,-6.920893],[-78.19381,-6.920672],[-78.193794,-6.920449],[-78.193734,-6.920232],[-78.193364,-6.919662],[-78.19232,-6.918458],[-78.192057,-6.918088],[-78.191704,-6.917507],[-78.191436,-6.917139],[-78.191072,-6.916866],[-78.190874,-6.916752],[-78.190651,-6.916712],[-78.190423,-6.916705],[-78.188676,-6.917264],[-78.188456,-6.917327],[-78.188229,-6.917341],[-78.188003,-6.917307],[-78.187787,-6.917228],[-78.187427,-6.916948],[-78.187279,-6.916777],[-78.18711,-6.916358],[-78.186863,-6.915254],[-78.186742,-6.914818],[-78.186593,-6.91439],[-78.186478,-6.914195],[-78.186313,-6.91404],[-78.18609,-6.914001],[-78.184713,-6.91403],[-78.183336,-6.913981],[-78.18288,-6.913932],[-78.182658,-6.913879],[-78.182443,-6.913801],[-78.182247,-6.913683],[-78.181712,-6.913258],[-78.181117,-6.912568],[-78.180843,-6.912206],[-78.179963,-6.910882],[-78.179289,-6.909967],[-78.178991,-6.909624],[-78.178641,-6.909331],[-78.178425,-6.90927],[-78.178203,-6.90932],[-78.178,-6.909423],[-78.177421,-6.909791],[-78.176877,-6.910206],[-78.176586,-6.910555],[-78.176462,-6.910742],[-78.176269,-6.910852],[-78.175593,-6.910977],[-78.175393,-6.911077],[-78.175108,-6.911693],[-78.17495,-6.911848],[-78.174724,-6.911855],[-78.174277,-6.911754],[-78.173952,-6.91145],[-78.173768,-6.911347],[-78.173538,-6.91134],[-78.173311,-6.911372],[-78.173099,-6.911452],[-78.172918,-6.91159],[-78.172744,-6.911738],[-78.172444,-6.912079],[-78.172085,-6.912361],[-78.171703,-6.912609],[-78.171279,-6.91278],[-78.170607,-6.912928],[-78.16992,-6.912894],[-78.169694,-6.91286],[-78.169481,-6.912776],[-78.169277,-6.912672],[-78.168892,-6.912427],[-78.168398,-6.911956],[-78.168247,-6.911786],[-78.167982,-6.911417],[-78.167739,-6.911034],[-78.16766,-6.91083],[-78.16766,-6.909925],[-78.167766,-6.909027],[-78.167814,-6.908807],[-78.168077,-6.907941],[-78.16848,-6.906883],[-78.168684,-6.906478],[-78.168806,-6.906286],[-78.168946,-6.906108],[-78.169258,-6.905777],[-78.169601,-6.905477],[-78.169789,-6.905349],[-78.170416,-6.905068],[-78.170614,-6.904955],[-78.170749,-6.904774],[-78.170839,-6.904566],[-78.17091,-6.904352],[-78.170929,-6.90413],[-78.170825,-6.903936],[-78.17061,-6.903918],[-78.170102,-6.90437],[-78.169382,-6.904933],[-78.169189,-6.905053],[-78.168968,-6.905103],[-78.168749,-6.905053],[-78.168587,-6.904898],[-78.168551,-6.904681],[-78.168655,-6.904481],[-78.169506,-6.903414],[-78.170021,-6.902666],[-78.170211,-6.902548],[-78.170421,-6.90246],[-78.172028,-6.90243],[-78.172466,-6.902302],[-78.172561,-6.902124],[-78.172335,-6.901015],[-78.172074,-6.900149],[-78.172043,-6.899925],[-78.172104,-6.899479],[-78.172329,-6.898838],[-78.172503,-6.89842],[-78.172613,-6.897981],[-78.172639,-6.897757],[-78.17264,-6.897531],[-78.172507,-6.8971],[-78.172358,-6.896941],[-78.172141,-6.896876],[-78.171686,-6.896816],[-78.171227,-6.896801],[-78.171025,-6.896889],[-78.170716,-6.897222],[-78.170544,-6.897372],[-78.169742,-6.897804],[-78.168877,-6.898108],[-78.168001,-6.898375],[-78.167777,-6.898422],[-78.167321,-6.898472],[-78.166445,-6.898743],[-78.166246,-6.898855],[-78.165957,-6.899204],[-78.165721,-6.899592],[-78.165461,-6.900217],[-78.165341,-6.900409],[-78.165198,-6.900584],[-78.165012,-6.900711],[-78.164799,-6.900796],[-78.164573,-6.90083],[-78.163906,-6.901749],[-78.163761,-6.901908],[-78.163532,-6.901894],[-78.163314,-6.901832],[-78.163109,-6.901736],[-78.162649,-6.901232],[-78.162452,-6.901122],[-78.162231,-6.901108],[-78.162038,-6.901231],[-78.161525,-6.901684],[-78.161328,-6.901791],[-78.161104,-6.901834],[-78.160881,-6.901795],[-78.160164,-6.901241],[-78.159971,-6.901119],[-78.159767,-6.901016],[-78.15909,-6.900912],[-78.158872,-6.900841],[-78.158667,-6.900739],[-78.158498,-6.900587],[-78.158296,-6.900482],[-78.158077,-6.900523],[-78.15787,-6.900619],[-78.157683,-6.900751],[-78.15736,-6.90107],[-78.15699,-6.901334],[-78.156662,-6.901648],[-78.156581,-6.901855],[-78.156534,-6.902074],[-78.156588,-6.902523],[-78.156452,-6.903186],[-78.156461,-6.903409],[-78.15652,-6.903627],[-78.156508,-6.903847],[-78.156436,-6.904056],[-78.156274,-6.904212],[-78.156046,-6.904236],[-78.155823,-6.90419],[-78.155166,-6.903988],[-78.154741,-6.903819],[-78.154291,-6.90374],[-78.154076,-6.90366],[-78.153932,-6.90349],[-78.153831,-6.903288],[-78.153553,-6.902927],[-78.153254,-6.902318],[-78.152767,-6.901551],[-78.152623,-6.901124],[-78.152571,-6.900905],[-78.152586,-6.900454],[-78.152642,-6.900243],[-78.152896,-6.899866],[-78.153075,-6.899452],[-78.153127,-6.899235],[-78.153112,-6.899013],[-78.152752,-6.898734],[-78.152444,-6.898411],[-78.152265,-6.89827],[-78.15092,-6.897039],[-78.150542,-6.896781],[-78.150133,-6.896577],[-78.14974,-6.896344],[-78.149376,-6.896074],[-78.149327,-6.895853],[-78.1493,-6.895403],[-78.149339,-6.894952],[-78.14948,-6.894059],[-78.149651,-6.892258],[-78.149943,-6.891653],[-78.150474,-6.890916],[-78.150564,-6.890712],[-78.15046,-6.89054],[-78.150067,-6.89031],[-78.149913,-6.890144],[-78.149804,-6.889947],[-78.149574,-6.889308],[-78.149533,-6.889086],[-78.149449,-6.888413],[-78.149435,-6.887735],[-78.149354,-6.887292],[-78.149174,-6.886879],[-78.148944,-6.886489],[-78.148879,-6.886273],[-78.148813,-6.885826],[-78.148726,-6.885644],[-78.148101,-6.88536],[-78.147232,-6.885068],[-78.144862,-6.884209],[-78.144656,-6.884114],[-78.144481,-6.883968],[-78.144356,-6.88378],[-78.144286,-6.883567],[-78.144306,-6.883119],[-78.144162,-6.882957],[-78.143977,-6.882825],[-78.14387,-6.882625],[-78.143427,-6.881582],[-78.143273,-6.881422],[-78.142833,-6.881297],[-78.141482,-6.881032],[-78.141266,-6.880961],[-78.141093,-6.880818],[-78.14101,-6.88061],[-78.141008,-6.880387],[-78.141098,-6.880183],[-78.141464,-6.879608],[-78.141606,-6.879433],[-78.141983,-6.87918],[-78.14214,-6.879016],[-78.14227,-6.87883],[-78.142304,-6.87838],[-78.142238,-6.878168],[-78.142085,-6.878001],[-78.142007,-6.877796],[-78.141868,-6.876902],[-78.141815,-6.876684],[-78.141709,-6.876486],[-78.140916,-6.87607],[-78.140853,-6.875625],[-78.140961,-6.875188],[-78.14108,-6.874995],[-78.141219,-6.874821],[-78.141411,-6.874697],[-78.141627,-6.87465],[-78.142086,-6.874642],[-78.142308,-6.874601],[-78.14249,-6.874479],[-78.143037,-6.87159],[-78.143196,-6.871491],[-78.143879,-6.871406],[-78.144567,-6.871364],[-78.144627,-6.871207],[-78.144562,-6.870452]]}}]}