{"type":"FeatureCollection","features":[{"type":"Feature","properties":{"fuente":"OpenStreetMap 2026-10-02 (recorrido.py)","pasos":[{"accion":"inicio","via":"Carretera Panamericana Norte","m":34939},{"accion":"sigue","via":"Avenida Buenos Aires","m":205},{"accion":"sigue","via":"Carretera Panamericana Norte","m":3204},{"accion":"izquierda","via":"Avenida Puente Piedra","m":1188},{"accion":"sigue","via":"","m":347},{"accion":"derecha","via":"Carretera Panamericana Norte","m":1075},{"accion":"sigue","via":"Avenida Panamericana Norte","m":3769},{"accion":"sigue","via":"","m":202},{"accion":"sigue","via":"Avenida Panamericana Norte","m":7438},{"accion":"sigue","via":"Carretera Panamericana Norte","m":486},{"accion":"sigue","via":"","m":188},{"accion":"sigue","via":"Avenida Alfredo Mendiola","m":169},{"accion":"rotonda","salida":2,"via":"Avenida Alfredo Mendiola","m":64},{"accion":"sigue","via":"Avenida Alfredo Mendiola","m":376},{"accion":"sigue","via":"","m":152},{"accion":"sigue","via":"Avenida Alfredo Mendiola","m":268},{"accion":"sigue","via":"Carretera Panamericana Norte","m":413},{"accion":"sigue","via":"","m":174},{"accion":"sigue","via":"Avenida Panamericana Norte","m":182},{"accion":"rotonda","salida":2,"via":"Avenida Alfredo Mendiola","m":70},{"accion":"sigue","via":"Avenida Alfredo Mendiola","m":407},{"accion":"rotonda","salida":2,"via":"","m":79},{"accion":"sigue","via":"","m":333},{"accion":"sigue","via":"Carretera Panamericana Norte","m":2224},{"accion":"sigue","via":"Vía de Evitamiento","m":1139},{"accion":"sigue","via":"","m":453},{"accion":"derecha","via":"Avenida Caquetá","m":50},{"accion":"sigue","via":"Avenida Alfonso Ugarte","m":639},{"accion":"sigue","via":"","m":173},{"accion":"sigue","via":"Avenida Alfonso Ugarte","m":43},{"accion":"rotonda","salida":4,"via":"Avenida Nicolás de Piérola","m":146},{"accion":"sigue","via":"Avenida Nicolás de Piérola","m":430},{"accion":"derecha","via":"Avenida Garcilaso de la Vega","m":1261},{"accion":"sigue","via":"Avenida Almirante Miguel Grau","m":866},{"accion":"derecha","via":"Jirón Javier Luna Pizarro","m":151}],"sin_calle":3,"fuera":[508732,0]},"geometry":{"type":"LineString","coordinates":[[-77.291877,-8.991023],[-77.29187,-8.990802],[-77.291753,-8.990365],[-77.291675,-8.98992],[-77.291793,-8.989252],[-77.291922,-8.988818],[-77.291939,-8.988594],[-77.292118,-8.988548],[-77.29234,-8.988604],[-77.292471,-8.988517],[-77.292305,-8.988361],[-77.292205,-8.98816],[-77.292149,-8.987711],[-77.291906,-8.987332],[-77.291779,-8.986898],[-77.291807,-8.986682],[-77.291901,-8.986477],[-77.291877,-8.985806],[-77.291924,-8.985585],[-77.292034,-8.985387],[-77.29218,-8.985215],[-77.292886,-8.984652],[-77.293088,-8.984247],[-77.293215,-8.983813],[-77.293309,-8.983607],[-77.293606,-8.983262],[-77.29374,-8.982836],[-77.293939,-8.982429],[-77.294003,-8.982213],[-77.294011,-8.981989],[-77.293969,-8.981538],[-77.293958,-8.981086],[-77.293993,-8.980863],[-77.294147,-8.98071],[-77.295471,-8.980334],[-77.295676,-8.980242],[-77.29604,-8.979967],[-77.29625,-8.979886],[-77.296479,-8.979886],[-77.296691,-8.979801],[-77.296863,-8.979651],[-77.29705,-8.979525],[-77.297266,-8.97957],[-77.297687,-8.979749],[-77.298132,-8.979857],[-77.298335,-8.979773],[-77.299209,-8.979506],[-77.299421,-8.979567],[-77.299629,-8.97966],[-77.299802,-8.979553],[-77.299962,-8.979145],[-77.300131,-8.978991],[-77.3004,-8.978628],[-77.300589,-8.978216],[-77.300664,-8.978003],[-77.300761,-8.977561],[-77.300848,-8.977353],[-77.301028,-8.977221],[-77.301483,-8.977165],[-77.301697,-8.97709],[-77.301919,-8.977115],[-77.302124,-8.977216],[-77.302334,-8.977255],[-77.302556,-8.977198],[-77.302758,-8.977265],[-77.302912,-8.977419],[-77.303132,-8.977396],[-77.303286,-8.97723],[-77.303471,-8.977097],[-77.303673,-8.976997],[-77.304093,-8.977138],[-77.304316,-8.977182],[-77.304543,-8.977172],[-77.304757,-8.977096],[-77.305146,-8.976859],[-77.305819,-8.976936],[-77.305999,-8.977043],[-77.306134,-8.977197],[-77.30634,-8.977114],[-77.306427,-8.976932],[-77.306454,-8.976709],[-77.306622,-8.976564],[-77.308227,-8.976521],[-77.30845,-8.976474],[-77.308838,-8.976285],[-77.308877,-8.975848],[-77.309041,-8.975713],[-77.309446,-8.975522],[-77.309901,-8.975463],[-77.310103,-8.975382],[-77.310209,-8.975183],[-77.310334,-8.974749],[-77.310406,-8.974302],[-77.310396,-8.974078],[-77.310284,-8.973881],[-77.310123,-8.973721],[-77.3093,-8.972933],[-77.308829,-8.972439],[-77.308299,-8.972005],[-77.308146,-8.971845],[-77.308109,-8.971625],[-77.308191,-8.971425],[-77.30837,-8.971289],[-77.308346,-8.971079],[-77.30798,-8.970842],[-77.308026,-8.970627],[-77.308338,-8.970023],[-77.308453,-8.969828],[-77.308595,-8.96965],[-77.308759,-8.969493],[-77.308929,-8.968841],[-77.309067,-8.96841],[-77.309319,-8.96804],[-77.309526,-8.967636],[-77.309586,-8.967425],[-77.309539,-8.966521],[-77.309596,-8.966307],[-77.309681,-8.966097],[-77.309831,-8.965944],[-77.310851,-8.965426],[-77.311116,-8.965059],[-77.311346,-8.965059],[-77.311776,-8.965581],[-77.312704,-8.966583],[-77.313117,-8.967126],[-77.313614,-8.96759],[-77.313798,-8.967998],[-77.313922,-8.968188],[-77.314215,-8.968536],[-77.314398,-8.96867],[-77.314603,-8.968772],[-77.315036,-8.968913],[-77.315255,-8.968951],[-77.315467,-8.968868],[-77.315688,-8.968855],[-77.316077,-8.969084],[-77.316286,-8.969178],[-77.316443,-8.969322],[-77.316429,-8.969546],[-77.316475,-8.970223],[-77.316422,-8.97044],[-77.316418,-8.970651],[-77.317029,-8.970963],[-77.317218,-8.97109],[-77.317376,-8.971254],[-77.317722,-8.971551],[-77.318121,-8.971775],[-77.318333,-8.971861],[-77.318774,-8.971969],[-77.319147,-8.97223],[-77.319271,-8.972411],[-77.319097,-8.97239],[-77.318898,-8.972279],[-77.318451,-8.97218],[-77.318233,-8.972189],[-77.318283,-8.97237],[-77.319168,-8.972588],[-77.319379,-8.972678],[-77.319529,-8.97258],[-77.319674,-8.972408],[-77.320189,-8.971957],[-77.320378,-8.971835],[-77.320591,-8.97175],[-77.320807,-8.97177],[-77.320977,-8.971921],[-77.321356,-8.972177],[-77.32156,-8.972262],[-77.321789,-8.972274],[-77.321999,-8.972345],[-77.32205,-8.972542],[-77.321971,-8.972754],[-77.321928,-8.97297],[-77.321988,-8.973186],[-77.322101,-8.973378],[-77.32262,-8.973818],[-77.322812,-8.973943],[-77.323019,-8.974015],[-77.323707,-8.974],[-77.32393,-8.973968],[-77.324339,-8.973763],[-77.324552,-8.973688],[-77.325006,-8.973631],[-77.325233,-8.973645],[-77.325444,-8.973734],[-77.325847,-8.973951],[-77.326059,-8.974033],[-77.326285,-8.974056],[-77.326512,-8.974034],[-77.326733,-8.973972],[-77.327185,-8.973896],[-77.327403,-8.973836],[-77.327592,-8.973712],[-77.327708,-8.973526],[-77.327803,-8.972855],[-77.327885,-8.972645],[-77.328013,-8.972465],[-77.328576,-8.972083],[-77.328786,-8.971992],[-77.328975,-8.971863],[-77.329185,-8.971796],[-77.32932,-8.971643],[-77.329436,-8.971452],[-77.329635,-8.971346],[-77.329853,-8.971399],[-77.330166,-8.971725],[-77.330546,-8.971974],[-77.330735,-8.972384],[-77.330871,-8.972561],[-77.331214,-8.97286],[-77.331291,-8.973065],[-77.331216,-8.973273],[-77.330945,-8.973637],[-77.33074,-8.974282],[-77.330634,-8.97448],[-77.330237,-8.975035],[-77.330056,-8.97545],[-77.330006,-8.97567],[-77.329996,-8.975895],[-77.330073,-8.976106],[-77.330208,-8.976287],[-77.330596,-8.976527],[-77.330696,-8.976716],[-77.330759,-8.976934],[-77.330874,-8.977119],[-77.331293,-8.977293],[-77.331946,-8.977486],[-77.33217,-8.977535],[-77.332397,-8.977498],[-77.332836,-8.977591],[-77.332989,-8.977732],[-77.332979,-8.977951],[-77.332872,-8.978151],[-77.332732,-8.978328],[-77.332348,-8.97857],[-77.332231,-8.979002],[-77.332007,-8.979394],[-77.331924,-8.979602],[-77.331976,-8.98004],[-77.331888,-8.980249],[-77.331795,-8.980455],[-77.331662,-8.980618],[-77.331461,-8.980725],[-77.331357,-8.980913],[-77.33132,-8.981136],[-77.331254,-8.981353],[-77.331028,-8.981991],[-77.331094,-8.982194],[-77.331075,-8.982418],[-77.331107,-8.982641],[-77.331284,-8.9826],[-77.331648,-8.982334],[-77.331844,-8.982409],[-77.33197,-8.982598],[-77.332104,-8.982731],[-77.332308,-8.98263],[-77.333076,-8.982135],[-77.333486,-8.981935],[-77.334076,-8.981585],[-77.335107,-8.981092],[-77.335402,-8.980746],[-77.336212,-8.979947],[-77.336493,-8.97959],[-77.336652,-8.979435],[-77.33685,-8.979321],[-77.337592,-8.978788],[-77.338267,-8.978178],[-77.338557,-8.977839],[-77.338785,-8.977826],[-77.339218,-8.977705],[-77.339435,-8.977767],[-77.339873,-8.977658],[-77.34004,-8.977746],[-77.340187,-8.977746],[-77.340328,-8.977582],[-77.340552,-8.977582],[-77.340748,-8.977676],[-77.340974,-8.977703],[-77.341063,-8.977892],[-77.341101,-8.97808],[-77.34154,-8.977968],[-77.341972,-8.978084],[-77.342054,-8.978279],[-77.341995,-8.978497],[-77.34197,-8.978711],[-77.342071,-8.978913],[-77.342358,-8.979233],[-77.342547,-8.979255],[-77.342768,-8.979193],[-77.342988,-8.979164],[-77.343418,-8.97932],[-77.343617,-8.979432],[-77.343446,-8.980083],[-77.343379,-8.980529],[-77.343641,-8.981392],[-77.343801,-8.98154],[-77.343932,-8.98172],[-77.34397,-8.981943],[-77.344243,-8.982286],[-77.34444,-8.98238],[-77.344774,-8.98266],[-77.345172,-8.982874],[-77.345394,-8.982889],[-77.346288,-8.982684],[-77.346517,-8.982676],[-77.346945,-8.982817],[-77.347015,-8.98298],[-77.346848,-8.983401],[-77.34654,-8.984008],[-77.346457,-8.984218],[-77.346433,-8.984441],[-77.346499,-8.984651],[-77.346601,-8.984851],[-77.346626,-8.985073],[-77.34656,-8.985284],[-77.346154,-8.985831],[-77.346088,-8.986044],[-77.346052,-8.986268],[-77.346072,-8.986487],[-77.346146,-8.9867],[-77.346256,-8.986899],[-77.346237,-8.987113],[-77.346178,-8.987331],[-77.346147,-8.987555],[-77.346016,-8.987983],[-77.345838,-8.988124],[-77.345635,-8.988228],[-77.345492,-8.988386],[-77.345441,-8.988833],[-77.345508,-8.989045],[-77.345542,-8.989264],[-77.345513,-8.989487],[-77.345462,-8.989707],[-77.345221,-8.990088],[-77.345316,-8.990263],[-77.346101,-8.990733],[-77.346265,-8.99087],[-77.346223,-8.991088],[-77.345919,-8.99169],[-77.345565,-8.991978],[-77.34543,-8.99216],[-77.345041,-8.99298],[-77.344883,-8.993118],[-77.344433,-8.993206],[-77.344225,-8.993296],[-77.343895,-8.993609],[-77.343693,-8.993658],[-77.343469,-8.993652],[-77.343036,-8.99372],[-77.342917,-8.993906],[-77.342878,-8.994127],[-77.342731,-8.994298],[-77.342652,-8.9945],[-77.34263,-8.994724],[-77.34258,-8.994944],[-77.342572,-8.99517],[-77.342839,-8.995788],[-77.342873,-8.996011],[-77.342889,-8.996463],[-77.342861,-8.996683],[-77.342773,-8.996891],[-77.342668,-8.997093],[-77.342527,-8.997269],[-77.342346,-8.997407],[-77.342209,-8.997587],[-77.342117,-8.997792],[-77.3421,-8.99823],[-77.341638,-8.998729],[-77.34078,-8.99948],[-77.340318,-8.999982],[-77.340059,-9.000354],[-77.340002,-9.000568],[-77.339958,-9.001018],[-77.339861,-9.001218],[-77.339498,-9.001494],[-77.339525,-9.001686],[-77.339723,-9.001799],[-77.339946,-9.001819],[-77.340134,-9.001924],[-77.340293,-9.002088],[-77.340433,-9.002266],[-77.340531,-9.002468],[-77.340541,-9.002691],[-77.340612,-9.002871],[-77.34084,-9.002896],[-77.341053,-9.002978],[-77.341218,-9.003127],[-77.341445,-9.003519],[-77.341622,-9.003658],[-77.341825,-9.003757],[-77.34228,-9.003696],[-77.342705,-9.003526],[-77.342926,-9.00351],[-77.343149,-9.003558],[-77.343364,-9.003634],[-77.343494,-9.003814],[-77.343657,-9.003968],[-77.343721,-9.004181],[-77.343798,-9.004624],[-77.343885,-9.004834],[-77.343923,-9.005055],[-77.343918,-9.00528],[-77.343795,-9.005715],[-77.343798,-9.005938],[-77.343747,-9.006153],[-77.343641,-9.006354],[-77.343592,-9.006566],[-77.343599,-9.007018],[-77.34373,-9.007446],[-77.343824,-9.007649],[-77.344003,-9.00777],[-77.344447,-9.007881],[-77.344672,-9.007859],[-77.344885,-9.007782],[-77.345402,-9.007336],[-77.345589,-9.007206],[-77.345788,-9.007096],[-77.346006,-9.007032],[-77.34623,-9.007066],[-77.346445,-9.007145],[-77.346642,-9.007257],[-77.347186,-9.007672],[-77.347393,-9.007663],[-77.348033,-9.007016],[-77.348567,-9.006284],[-77.348643,-9.006076],[-77.348639,-9.00585],[-77.348552,-9.005406],[-77.34848,-9.005192],[-77.348348,-9.005007],[-77.348191,-9.004842],[-77.348089,-9.004651],[-77.348213,-9.004523],[-77.348406,-9.004639],[-77.348842,-9.004751],[-77.349164,-9.005073],[-77.349539,-9.005641],[-77.349635,-9.005841],[-77.3497,-9.006516],[-77.349464,-9.007386],[-77.349438,-9.007836],[-77.349447,-9.008062],[-77.349486,-9.00828],[-77.349599,-9.008477],[-77.349745,-9.008651],[-77.349938,-9.008752],[-77.350165,-9.008752],[-77.350305,-9.008902],[-77.350488,-9.009316],[-77.350548,-9.009534],[-77.350523,-9.009756],[-77.350047,-9.010529],[-77.349956,-9.010736],[-77.349834,-9.011171],[-77.349793,-9.012299],[-77.349979,-9.013183],[-77.34993,-9.013395],[-77.34955,-9.01362],[-77.34934,-9.014022],[-77.348917,-9.014551],[-77.348311,-9.014871],[-77.347974,-9.015178],[-77.347615,-9.015755],[-77.347343,-9.016119],[-77.347236,-9.016317],[-77.347155,-9.016528],[-77.347037,-9.01671],[-77.346645,-9.016945],[-77.346479,-9.017094],[-77.34643,-9.017312],[-77.346495,-9.017521],[-77.346665,-9.01765],[-77.346894,-9.017645],[-77.34712,-9.017686],[-77.347254,-9.017808],[-77.347149,-9.018007],[-77.346973,-9.018068],[-77.34701,-9.017859],[-77.346832,-9.017817],[-77.346392,-9.017948],[-77.3462,-9.018058],[-77.345869,-9.018361],[-77.345653,-9.01835],[-77.345491,-9.018381],[-77.345468,-9.018598],[-77.345498,-9.018817],[-77.345389,-9.019001],[-77.345194,-9.019112],[-77.344768,-9.019273],[-77.344608,-9.019434],[-77.344556,-9.019647],[-77.344555,-9.020098],[-77.344255,-9.020709],[-77.3442,-9.020927],[-77.344191,-9.021153],[-77.344405,-9.021796],[-77.344461,-9.022015],[-77.344483,-9.022233],[-77.344134,-9.02307],[-77.344078,-9.023287],[-77.34407,-9.023511],[-77.344109,-9.024188],[-77.344082,-9.024412],[-77.343965,-9.024605],[-77.343808,-9.02477],[-77.343438,-9.025037],[-77.343102,-9.025341],[-77.343059,-9.025789],[-77.342998,-9.026007],[-77.342998,-9.026229],[-77.343191,-9.02621],[-77.343383,-9.026086],[-77.343589,-9.026001],[-77.343806,-9.026035],[-77.343951,-9.026204],[-77.344139,-9.026319],[-77.344361,-9.026339],[-77.34458,-9.026292],[-77.345102,-9.025856],[-77.345517,-9.025663],[-77.345733,-9.02559],[-77.346636,-9.02543],[-77.346843,-9.025464],[-77.347033,-9.025579],[-77.347257,-9.025627],[-77.347472,-9.025704],[-77.348287,-9.026121],[-77.348511,-9.026165],[-77.348738,-9.026146],[-77.349182,-9.026049],[-77.349333,-9.026212],[-77.349577,-9.026594],[-77.349862,-9.026949],[-77.349986,-9.027138],[-77.350092,-9.027337],[-77.350201,-9.027776],[-77.350299,-9.02798],[-77.350159,-9.028404],[-77.350136,-9.028629],[-77.350279,-9.029054],[-77.350297,-9.029277],[-77.349909,-9.029829],[-77.349826,-9.03004],[-77.349707,-9.030707],[-77.349686,-9.030931],[-77.349693,-9.031157],[-77.349626,-9.031596],[-77.349726,-9.0318],[-77.34988,-9.031954],[-77.35008,-9.031907],[-77.35047,-9.031667],[-77.350597,-9.03148],[-77.350752,-9.031316],[-77.35111,-9.031034],[-77.351311,-9.030928],[-77.35153,-9.030865],[-77.351726,-9.030932],[-77.351748,-9.031144],[-77.351641,-9.031583],[-77.351627,-9.031808],[-77.351714,-9.032016],[-77.351851,-9.032198],[-77.352022,-9.032616],[-77.352132,-9.032805],[-77.352355,-9.032792],[-77.352564,-9.03282],[-77.35267,-9.033021],[-77.35294,-9.033383],[-77.353328,-9.03361],[-77.353679,-9.033879],[-77.353796,-9.035003],[-77.353757,-9.035451],[-77.353464,-9.036541],[-77.35335,-9.036736],[-77.353203,-9.036909],[-77.35287,-9.03722],[-77.352744,-9.037404],[-77.352656,-9.037613],[-77.352624,-9.038061],[-77.352585,-9.038283],[-77.352452,-9.038715],[-77.352363,-9.039386],[-77.352296,-9.039601],[-77.352167,-9.039779],[-77.351993,-9.039923],[-77.351858,-9.040105],[-77.351667,-9.040757],[-77.351625,-9.040977],[-77.351605,-9.041655],[-77.351771,-9.041799],[-77.351866,-9.041982],[-77.351863,-9.042207],[-77.35182,-9.042428],[-77.351607,-9.042825],[-77.351539,-9.043041],[-77.351406,-9.043701],[-77.351169,-9.044088],[-77.351033,-9.04427],[-77.350858,-9.044394],[-77.350401,-9.044435],[-77.350198,-9.04453],[-77.350009,-9.044656],[-77.349661,-9.045238],[-77.349651,-9.045464],[-77.349719,-9.046592],[-77.349712,-9.046817],[-77.349685,-9.047041],[-77.349575,-9.04748],[-77.349558,-9.047705],[-77.349411,-9.048129],[-77.349356,-9.048578],[-77.349213,-9.049241],[-77.349188,-9.049465],[-77.349214,-9.049687],[-77.349378,-9.049826],[-77.350015,-9.050731],[-77.350163,-9.050902],[-77.350666,-9.051356],[-77.35079,-9.051546],[-77.350955,-9.051652],[-77.351138,-9.051627],[-77.351125,-9.051849],[-77.351144,-9.052073],[-77.35125,-9.052511],[-77.351196,-9.05296],[-77.351179,-9.053411],[-77.351099,-9.054082],[-77.351265,-9.054162],[-77.351478,-9.054077],[-77.351682,-9.054111],[-77.35173,-9.054323],[-77.351712,-9.054548],[-77.351672,-9.05477],[-77.351605,-9.054984],[-77.351642,-9.05566],[-77.351632,-9.056112],[-77.351729,-9.056307],[-77.351877,-9.05648],[-77.35207,-9.056596],[-77.352284,-9.056515],[-77.352494,-9.056554],[-77.352645,-9.056715],[-77.352651,-9.056941],[-77.352597,-9.057158],[-77.352505,-9.05736],[-77.352627,-9.057506],[-77.352815,-9.057625],[-77.352961,-9.057799],[-77.353164,-9.057891],[-77.35328,-9.058085],[-77.353438,-9.058507],[-77.354008,-9.059488],[-77.354027,-9.059709],[-77.353942,-9.059914],[-77.353657,-9.060268],[-77.353541,-9.060456],[-77.353544,-9.060678],[-77.353718,-9.061096],[-77.353757,-9.061317],[-77.353707,-9.061764],[-77.353937,-9.062147],[-77.353991,-9.062366],[-77.354182,-9.064165],[-77.354186,-9.064389],[-77.35413,-9.064608],[-77.353945,-9.065723],[-77.35383,-9.066161],[-77.353669,-9.066584],[-77.353571,-9.067255],[-77.353519,-9.067472],[-77.353365,-9.067635],[-77.35316,-9.067728],[-77.352939,-9.067792],[-77.352803,-9.067956],[-77.352732,-9.068171],[-77.352691,-9.06839],[-77.352679,-9.068841],[-77.352618,-9.069055],[-77.352293,-9.069653],[-77.351877,-9.070193],[-77.351716,-9.070353],[-77.351508,-9.070437],[-77.35082,-9.070408],[-77.350615,-9.070488],[-77.350432,-9.070624],[-77.348844,-9.071925],[-77.347823,-9.072836],[-77.346531,-9.073777],[-77.345953,-9.074146],[-77.345778,-9.074291],[-77.34534,-9.074813],[-77.345141,-9.075221],[-77.344966,-9.07536],[-77.344758,-9.075455],[-77.344536,-9.075491],[-77.344081,-9.075448],[-77.343853,-9.075467],[-77.342722,-9.075647],[-77.342515,-9.075741],[-77.342237,-9.076097],[-77.342048,-9.076221],[-77.34184,-9.07631],[-77.341165,-9.076446],[-77.340789,-9.076702],[-77.340584,-9.076801],[-77.340222,-9.077079],[-77.340025,-9.077188],[-77.339588,-9.077326],[-77.338256,-9.077673],[-77.337607,-9.077898],[-77.336725,-9.078151],[-77.335861,-9.078455],[-77.335447,-9.078651],[-77.334845,-9.078981],[-77.33448,-9.079254],[-77.334276,-9.079351],[-77.333839,-9.07949],[-77.333617,-9.079536],[-77.332698,-9.079545],[-77.332241,-9.079517],[-77.332022,-9.079454],[-77.331804,-9.079479],[-77.331437,-9.079748],[-77.331241,-9.07986],[-77.331018,-9.079885],[-77.33081,-9.079792],[-77.330663,-9.079624],[-77.330449,-9.07956],[-77.330236,-9.079632],[-77.329813,-9.079801],[-77.329729,-9.080004],[-77.329594,-9.080186],[-77.329435,-9.080349],[-77.329273,-9.080509],[-77.328907,-9.080782],[-77.328392,-9.081232],[-77.326845,-9.081611],[-77.326652,-9.081722],[-77.326598,-9.081928],[-77.326702,-9.082126],[-77.326958,-9.082498],[-77.327013,-9.082714],[-77.327,-9.082937],[-77.326945,-9.083156],[-77.326861,-9.083364],[-77.326723,-9.083539],[-77.326518,-9.083634],[-77.326292,-9.083635],[-77.325857,-9.083496],[-77.325634,-9.083476],[-77.325422,-9.083555],[-77.324811,-9.084225],[-77.324455,-9.084511],[-77.324299,-9.084672],[-77.324171,-9.084859],[-77.324077,-9.085062],[-77.323901,-9.085718],[-77.323818,-9.085924],[-77.323669,-9.086096],[-77.323295,-9.086352],[-77.323145,-9.086522],[-77.322752,-9.087079],[-77.32264,-9.087275],[-77.322451,-9.087686],[-77.322216,-9.088561],[-77.322235,-9.088779],[-77.322369,-9.088947],[-77.322582,-9.088894],[-77.322715,-9.088717],[-77.323405,-9.087542],[-77.323563,-9.087381],[-77.323776,-9.08732],[-77.324005,-9.08734],[-77.324444,-9.087472],[-77.324648,-9.087571],[-77.324862,-9.087613],[-77.325079,-9.087548],[-77.325259,-9.087412],[-77.326259,-9.086481],[-77.326464,-9.086387],[-77.326686,-9.086392],[-77.328067,-9.087202],[-77.329066,-9.087756],[-77.329232,-9.087913],[-77.329457,-9.087941],[-77.329674,-9.087886],[-77.329856,-9.087753],[-77.330001,-9.087581],[-77.330613,-9.087275],[-77.331211,-9.086938],[-77.331437,-9.086903],[-77.331878,-9.087014],[-77.332329,-9.087096],[-77.332757,-9.086938],[-77.333172,-9.086745],[-77.333395,-9.08672],[-77.333824,-9.08688],[-77.334239,-9.087074],[-77.33437,-9.087179],[-77.334172,-9.087288],[-77.333734,-9.087424],[-77.333539,-9.087537],[-77.333378,-9.087698],[-77.333,-9.087947],[-77.33292,-9.088146],[-77.33281,-9.088279],[-77.332612,-9.088345],[-77.332474,-9.088524],[-77.332365,-9.088724],[-77.332123,-9.08907],[-77.332103,-9.089295],[-77.331913,-9.090409],[-77.331548,-9.091716],[-77.331654,-9.092148],[-77.331632,-9.092373],[-77.331529,-9.092566],[-77.331376,-9.09273],[-77.331274,-9.092933],[-77.331185,-9.093141],[-77.331076,-9.09358],[-77.330911,-9.093619],[-77.329574,-9.093291],[-77.329479,-9.0934],[-77.32947,-9.094078],[-77.328966,-9.094006],[-77.329418,-9.094085],[-77.329568,-9.094031],[-77.330239,-9.094179],[-77.330902,-9.094364],[-77.331579,-9.094484],[-77.33172,-9.094391],[-77.331764,-9.093945],[-77.331848,-9.093734],[-77.331984,-9.093728],[-77.332179,-9.09383],[-77.332404,-9.09382],[-77.332616,-9.09374],[-77.333649,-9.093248],[-77.333865,-9.093172],[-77.335011,-9.093225],[-77.335233,-9.093194],[-77.335403,-9.093051],[-77.335525,-9.092625],[-77.335629,-9.092426],[-77.336362,-9.091278],[-77.3368,-9.090755],[-77.337169,-9.09049],[-77.337332,-9.090337],[-77.337462,-9.090151],[-77.337559,-9.089948],[-77.337707,-9.08952],[-77.337927,-9.089468],[-77.339065,-9.08932],[-77.339282,-9.089253],[-77.339402,-9.089081],[-77.339514,-9.088642],[-77.33962,-9.088456],[-77.339836,-9.088383],[-77.341205,-9.088245],[-77.341408,-9.088147],[-77.34154,-9.087969],[-77.341624,-9.087758],[-77.341736,-9.087321],[-77.341746,-9.087097],[-77.341702,-9.086421],[-77.341633,-9.085974],[-77.341659,-9.085524],[-77.341757,-9.085323],[-77.341941,-9.085189],[-77.342837,-9.084993],[-77.343065,-9.084975],[-77.343288,-9.084998],[-77.343505,-9.085074],[-77.343907,-9.085288],[-77.344053,-9.085452],[-77.344269,-9.085528],[-77.34449,-9.085576],[-77.344716,-9.085559],[-77.344909,-9.085443],[-77.345077,-9.085289],[-77.345273,-9.085172],[-77.345496,-9.085152],[-77.345721,-9.085178],[-77.345932,-9.085265],[-77.346153,-9.085236],[-77.346361,-9.084849],[-77.346529,-9.084707],[-77.346716,-9.084837],[-77.346885,-9.084991],[-77.347103,-9.085008],[-77.34722,-9.084828],[-77.347295,-9.084615],[-77.347393,-9.084174],[-77.347445,-9.083725],[-77.347447,-9.083499],[-77.3474,-9.083051],[-77.347476,-9.082851],[-77.347701,-9.082844],[-77.347924,-9.082896],[-77.348379,-9.082953],[-77.348837,-9.082958],[-77.349064,-9.082982],[-77.349214,-9.083153],[-77.34991,-9.084324],[-77.350082,-9.084743],[-77.3502,-9.084933],[-77.350501,-9.085275],[-77.350563,-9.085483],[-77.350484,-9.085927],[-77.35052,-9.086374],[-77.350569,-9.086589],[-77.35079,-9.086985],[-77.350875,-9.087429],[-77.351125,-9.088057],[-77.351237,-9.088496],[-77.351391,-9.088921],[-77.351426,-9.08914],[-77.351379,-9.08936],[-77.351296,-9.08957],[-77.351182,-9.089765],[-77.351068,-9.090194],[-77.350982,-9.090404],[-77.350712,-9.090766],[-77.350615,-9.090972],[-77.350575,-9.091192],[-77.350709,-9.092299],[-77.350554,-9.09246],[-77.350458,-9.092649],[-77.350486,-9.092872],[-77.350482,-9.093097],[-77.350414,-9.093306],[-77.350164,-9.093686],[-77.350165,-9.093909],[-77.35025,-9.094112],[-77.350381,-9.094297],[-77.350587,-9.094696],[-77.350626,-9.095373],[-77.350669,-9.095595],[-77.350779,-9.095793],[-77.350911,-9.095977],[-77.351062,-9.09614],[-77.351286,-9.096187],[-77.351516,-9.096187],[-77.351737,-9.096134],[-77.352122,-9.095891],[-77.352793,-9.095739],[-77.353004,-9.095649],[-77.353201,-9.095535],[-77.353419,-9.095484],[-77.353647,-9.095502],[-77.353859,-9.095581],[-77.354096,-9.095956],[-77.354249,-9.096123],[-77.354446,-9.096222],[-77.354642,-9.096133],[-77.354777,-9.095951],[-77.354862,-9.095741],[-77.354979,-9.095551],[-77.355183,-9.095471],[-77.355409,-9.09543],[-77.355802,-9.095214],[-77.356028,-9.095196],[-77.356245,-9.095257],[-77.356316,-9.095466],[-77.356353,-9.095916],[-77.356326,-9.096138],[-77.356228,-9.096339],[-77.3561,-9.096527],[-77.35563,-9.097018],[-77.355528,-9.09722],[-77.355481,-9.09744],[-77.355504,-9.097659],[-77.355626,-9.097848],[-77.355955,-9.098155],[-77.356074,-9.098585],[-77.355996,-9.09903],[-77.356024,-9.099478],[-77.35597,-9.099698],[-77.355963,-9.099921],[-77.355996,-9.100143],[-77.356203,-9.10079],[-77.356223,-9.101012],[-77.356206,-9.101237],[-77.356164,-9.10146],[-77.356081,-9.101669],[-77.355787,-9.102282],[-77.355672,-9.102478],[-77.355617,-9.102689],[-77.355726,-9.102877],[-77.355907,-9.103012],[-77.35598,-9.103219],[-77.356016,-9.103669],[-77.356083,-9.103881],[-77.356298,-9.10428],[-77.356329,-9.104499],[-77.356333,-9.104725],[-77.356113,-9.105603],[-77.356084,-9.105826],[-77.356084,-9.106051],[-77.356105,-9.106277],[-77.356532,-9.107072],[-77.35666,-9.10726],[-77.356818,-9.10742],[-77.357014,-9.107529],[-77.357444,-9.107685],[-77.357657,-9.107618],[-77.35785,-9.107496],[-77.358058,-9.10745],[-77.358511,-9.107516],[-77.358643,-9.107346],[-77.358716,-9.107132],[-77.35891,-9.10702],[-77.359135,-9.106976],[-77.359363,-9.106969],[-77.359561,-9.10707],[-77.359902,-9.107372],[-77.360121,-9.107428],[-77.360284,-9.107294],[-77.360268,-9.107076],[-77.360154,-9.106639],[-77.360086,-9.106193],[-77.359969,-9.106005],[-77.359579,-9.105771],[-77.359146,-9.10562],[-77.358753,-9.105388],[-77.358584,-9.105237],[-77.358503,-9.105043],[-77.358532,-9.104823],[-77.358626,-9.104617],[-77.358779,-9.103959],[-77.358882,-9.103764],[-77.359616,-9.103222],[-77.359814,-9.103115],[-77.360039,-9.103075],[-77.360268,-9.103084],[-77.36046,-9.103184],[-77.360763,-9.103524],[-77.361005,-9.103906],[-77.361406,-9.104457],[-77.36156,-9.104622],[-77.361742,-9.104759],[-77.361755,-9.104972],[-77.361492,-9.105599],[-77.361479,-9.105815],[-77.36179,-9.106418],[-77.362417,-9.107364],[-77.362686,-9.107728],[-77.362729,-9.107947],[-77.362458,-9.108806],[-77.36258,-9.109241],[-77.362559,-9.109692],[-77.362645,-9.109899],[-77.362776,-9.110085],[-77.362862,-9.110288],[-77.362908,-9.110733],[-77.363028,-9.110921],[-77.36318,-9.111089],[-77.363404,-9.111482],[-77.363813,-9.111685],[-77.363957,-9.111859],[-77.364063,-9.11206],[-77.364262,-9.112147],[-77.364925,-9.112331],[-77.365151,-9.112316],[-77.36516,-9.112111],[-77.365072,-9.11191],[-77.365027,-9.111699],[-77.365238,-9.111655],[-77.365441,-9.111753],[-77.36553,-9.111957],[-77.365754,-9.112833],[-77.36583,-9.113046],[-77.365998,-9.113187],[-77.366217,-9.113169],[-77.366381,-9.113239],[-77.366617,-9.113622],[-77.366832,-9.113676],[-77.367053,-9.113622],[-77.367486,-9.113471],[-77.367713,-9.113442],[-77.367869,-9.113591],[-77.368065,-9.113685],[-77.368282,-9.113728],[-77.368637,-9.114011],[-77.368754,-9.114184],[-77.368751,-9.114407],[-77.368886,-9.11458],[-77.369244,-9.114863],[-77.36932,-9.115049],[-77.369305,-9.115275],[-77.369328,-9.115722],[-77.368837,-9.11618],[-77.368758,-9.116392],[-77.368727,-9.11661],[-77.368794,-9.116823],[-77.368929,-9.117],[-77.369413,-9.117482],[-77.369522,-9.117676],[-77.369532,-9.117902],[-77.369371,-9.118301],[-77.369371,-9.118527],[-77.369407,-9.118748],[-77.369555,-9.119175],[-77.369684,-9.119362],[-77.369849,-9.119519],[-77.369944,-9.11972],[-77.369951,-9.119943],[-77.369558,-9.120759],[-77.369312,-9.12114],[-77.369209,-9.121342],[-77.369124,-9.121551],[-77.369016,-9.12199],[-77.36891,-9.123115],[-77.36891,-9.124472],[-77.368955,-9.124922],[-77.369003,-9.125143],[-77.369123,-9.125335],[-77.369267,-9.12551],[-77.369451,-9.125644],[-77.369666,-9.125715],[-77.369893,-9.125748],[-77.37053,-9.126002],[-77.37075,-9.126063],[-77.370934,-9.126185],[-77.371182,-9.126562],[-77.371384,-9.126968],[-77.371451,-9.127182],[-77.371484,-9.127405],[-77.371484,-9.127631],[-77.371441,-9.12785],[-77.371304,-9.128281],[-77.371281,-9.128505],[-77.371288,-9.128957],[-77.371346,-9.129404],[-77.371409,-9.129621],[-77.371575,-9.130043],[-77.371491,-9.130242],[-77.371152,-9.130546],[-77.371006,-9.130715],[-77.370897,-9.130914],[-77.370817,-9.131121],[-77.370809,-9.131347],[-77.370755,-9.131567],[-77.370476,-9.132183],[-77.370534,-9.132627],[-77.37051,-9.132852],[-77.370412,-9.133052],[-77.370011,-9.133255],[-77.369855,-9.133411],[-77.369781,-9.133624],[-77.369742,-9.133846],[-77.369612,-9.134273],[-77.369623,-9.134495],[-77.369683,-9.134712],[-77.369889,-9.135114],[-77.369913,-9.135337],[-77.369752,-9.135761],[-77.369623,-9.136194],[-77.369585,-9.136416],[-77.369615,-9.136866],[-77.369573,-9.137088],[-77.369561,-9.13731],[-77.369721,-9.137215],[-77.369798,-9.13677],[-77.369869,-9.136555],[-77.370042,-9.136454],[-77.370264,-9.136511],[-77.370487,-9.136494],[-77.370667,-9.136356],[-77.370867,-9.136361],[-77.370817,-9.136555],[-77.370645,-9.136702],[-77.370448,-9.136817],[-77.370299,-9.136979],[-77.370294,-9.137204],[-77.370318,-9.137428],[-77.370414,-9.137612],[-77.37063,-9.137592],[-77.370751,-9.137406],[-77.370808,-9.137191],[-77.370979,-9.137163],[-77.370979,-9.137379],[-77.37083,-9.137805],[-77.370886,-9.138016],[-77.371365,-9.138503],[-77.371941,-9.138874],[-77.372348,-9.139082],[-77.37254,-9.139205],[-77.372655,-9.139392],[-77.372737,-9.139604],[-77.372872,-9.139784],[-77.372981,-9.139976],[-77.373076,-9.140417],[-77.373209,-9.140598],[-77.373527,-9.140924],[-77.3744,-9.141973],[-77.374706,-9.142579],[-77.374845,-9.142758],[-77.375026,-9.142895],[-77.375606,-9.14326],[-77.375677,-9.143472],[-77.375672,-9.143698],[-77.375758,-9.144138],[-77.375785,-9.144589],[-77.375823,-9.144812],[-77.375877,-9.145031],[-77.376032,-9.145456],[-77.376116,-9.145666],[-77.376238,-9.145857],[-77.377121,-9.146896],[-77.377697,-9.147269],[-77.378433,-9.147809],[-77.378918,-9.14829],[-77.37946,-9.149017],[-77.379807,-9.149313],[-77.379989,-9.14945],[-77.380394,-9.14966],[-77.380616,-9.149709],[-77.380843,-9.149703],[-77.38105,-9.149793],[-77.381104,-9.150003],[-77.381168,-9.150451],[-77.381273,-9.150649],[-77.382004,-9.15152],[-77.382652,-9.152162],[-77.38299,-9.152467],[-77.38376,-9.152959],[-77.384188,-9.153123],[-77.384389,-9.153227],[-77.384509,-9.153402],[-77.384328,-9.15347],[-77.384106,-9.153415],[-77.383663,-9.153297],[-77.383015,-9.153066],[-77.38282,-9.152953],[-77.382656,-9.152796],[-77.382496,-9.152813],[-77.382782,-9.15316],[-77.382971,-9.153281],[-77.383383,-9.15348],[-77.38382,-9.153615],[-77.384021,-9.153724],[-77.384396,-9.153983],[-77.384636,-9.154366],[-77.384786,-9.154537],[-77.385,-9.154612],[-77.385452,-9.154648],[-77.385816,-9.154922],[-77.385968,-9.155082],[-77.385921,-9.155295],[-77.385711,-9.155336],[-77.385032,-9.155221],[-77.384574,-9.155201],[-77.384151,-9.155037],[-77.383959,-9.155114],[-77.383813,-9.155288],[-77.383643,-9.155437],[-77.383434,-9.155473],[-77.38299,-9.15536],[-77.382786,-9.155258],[-77.382207,-9.154892],[-77.381995,-9.154809],[-77.381769,-9.154788],[-77.381543,-9.154822],[-77.38113,-9.155018],[-77.380905,-9.155062],[-77.380677,-9.155068],[-77.380235,-9.154946],[-77.38003,-9.154851],[-77.379258,-9.154361],[-77.3789,-9.15408],[-77.378697,-9.153975],[-77.378264,-9.153826],[-77.377813,-9.153746],[-77.377599,-9.15378],[-77.377579,-9.153984],[-77.377797,-9.154042],[-77.378025,-9.154069],[-77.378239,-9.15415],[-77.378599,-9.154428],[-77.378749,-9.154596],[-77.378946,-9.155004],[-77.379028,-9.155214],[-77.379021,-9.155435],[-77.378829,-9.155539],[-77.378602,-9.155512],[-77.378158,-9.155399],[-77.377936,-9.15544],[-77.376642,-9.155904],[-77.375976,-9.156077],[-77.375525,-9.156161],[-77.375297,-9.156177],[-77.374389,-9.156047],[-77.374198,-9.155942],[-77.373992,-9.155542],[-77.373846,-9.155368],[-77.373033,-9.154571],[-77.372733,-9.15423],[-77.372519,-9.15418],[-77.37229,-9.154185],[-77.371854,-9.154047],[-77.371707,-9.15416],[-77.371928,-9.154546],[-77.371936,-9.155221],[-77.372153,-9.15562],[-77.372205,-9.155835],[-77.372171,-9.156284],[-77.371975,-9.157167],[-77.371937,-9.157617],[-77.371958,-9.158069],[-77.371917,-9.158276],[-77.371721,-9.158295],[-77.371641,-9.158095],[-77.37163,-9.157869],[-77.371586,-9.157649],[-77.371398,-9.156998],[-77.371363,-9.156547],[-77.37132,-9.156326],[-77.371195,-9.156144],[-77.370999,-9.156026],[-77.370775,-9.155982],[-77.370564,-9.155894],[-77.37042,-9.155721],[-77.37015,-9.156019],[-77.36998,-9.15617],[-77.369788,-9.156292],[-77.369642,-9.156445],[-77.369654,-9.156663],[-77.36979,-9.156842],[-77.370161,-9.157108],[-77.370303,-9.157281],[-77.370365,-9.157496],[-77.370403,-9.157947],[-77.370376,-9.158168],[-77.370311,-9.158385],[-77.370211,-9.158586],[-77.370029,-9.158712],[-77.3698,-9.158708],[-77.369345,-9.158658],[-77.369193,-9.158497],[-77.368914,-9.157877],[-77.368803,-9.157679],[-77.368651,-9.157512],[-77.36853,-9.157324],[-77.368389,-9.15643],[-77.368342,-9.155981],[-77.368383,-9.155759],[-77.368423,-9.155308],[-77.368415,-9.154631],[-77.368346,-9.154423],[-77.36815,-9.154333],[-77.367923,-9.154303],[-77.367704,-9.154327],[-77.367731,-9.154535],[-77.36801,-9.154892],[-77.368014,-9.155113],[-77.36776,-9.155743],[-77.367549,-9.156387],[-77.367316,-9.156775],[-77.366965,-9.157068],[-77.366671,-9.157412],[-77.366507,-9.157568],[-77.366311,-9.157678],[-77.366085,-9.157706],[-77.365886,-9.157794],[-77.365816,-9.158009],[-77.365533,-9.159104],[-77.365346,-9.159989],[-77.365316,-9.160892],[-77.365342,-9.16157],[-77.365448,-9.161698],[-77.367054,-9.161696],[-77.367719,-9.161864],[-77.367941,-9.161861],[-77.368366,-9.16169],[-77.368771,-9.161479],[-77.369197,-9.161313],[-77.369419,-9.161254],[-77.370331,-9.161159],[-77.371884,-9.16075],[-77.3721,-9.160774],[-77.372273,-9.160912],[-77.372421,-9.161338],[-77.372598,-9.161341],[-77.373032,-9.161192],[-77.373255,-9.161168],[-77.37392,-9.161342],[-77.37457,-9.161562],[-77.375195,-9.161846],[-77.375585,-9.162081],[-77.376236,-9.162303],[-77.376458,-9.162357],[-77.376686,-9.162375],[-77.377144,-9.162355],[-77.377365,-9.162298],[-77.377569,-9.1622],[-77.377741,-9.162053],[-77.378049,-9.161717],[-77.378183,-9.161535],[-77.378279,-9.161333],[-77.378388,-9.160436],[-77.378598,-9.15979],[-77.378707,-9.159596],[-77.378914,-9.159508],[-77.379144,-9.159498],[-77.380289,-9.159567],[-77.381659,-9.159708],[-77.381879,-9.159652],[-77.382078,-9.15954],[-77.382614,-9.159115],[-77.382924,-9.158782],[-77.383114,-9.15867],[-77.383783,-9.158815],[-77.384184,-9.159032],[-77.384603,-9.159215],[-77.38477,-9.159364],[-77.384772,-9.159578],[-77.384421,-9.160161],[-77.384361,-9.160376],[-77.384498,-9.160806],[-77.384534,-9.161026],[-77.384531,-9.16125],[-77.384626,-9.16144],[-77.384855,-9.16144],[-77.385076,-9.161471],[-77.385206,-9.161657],[-77.385376,-9.161796],[-77.385829,-9.161858],[-77.386057,-9.161855],[-77.386469,-9.161669],[-77.386689,-9.161606],[-77.387365,-9.161482],[-77.387594,-9.161482],[-77.38804,-9.161588],[-77.388258,-9.161657],[-77.388416,-9.161813],[-77.388517,-9.162013],[-77.388624,-9.162451],[-77.388811,-9.162864],[-77.388876,-9.163309],[-77.389182,-9.163645],[-77.389336,-9.164068],[-77.389564,-9.16446],[-77.389652,-9.164669],[-77.389922,-9.165531],[-77.390049,-9.165706],[-77.390269,-9.165761],[-77.390498,-9.165751],[-77.390717,-9.16578],[-77.390876,-9.165937],[-77.391012,-9.166119],[-77.391113,-9.166322],[-77.391275,-9.166474],[-77.39149,-9.16642],[-77.391848,-9.166138],[-77.392045,-9.166027],[-77.392269,-9.166029],[-77.392702,-9.166178],[-77.393309,-9.166497],[-77.393677,-9.166765],[-77.394153,-9.167254],[-77.394416,-9.167622],[-77.394604,-9.167751],[-77.394822,-9.167822],[-77.395495,-9.167954],[-77.395703,-9.168046],[-77.396199,-9.168513],[-77.396752,-9.168917],[-77.3971,-9.16921],[-77.397721,-9.1695],[-77.39811,-9.169739],[-77.398721,-9.17041],[-77.399116,-9.170639],[-77.399534,-9.170824],[-77.399723,-9.170952],[-77.400062,-9.171256],[-77.400251,-9.171381],[-77.401256,-9.171928],[-77.401634,-9.172183],[-77.401789,-9.172348],[-77.402159,-9.172918],[-77.402308,-9.17309],[-77.402474,-9.173246],[-77.403043,-9.173628],[-77.403208,-9.173782],[-77.403288,-9.173985],[-77.403285,-9.174435],[-77.403337,-9.174652],[-77.403432,-9.174857],[-77.403499,-9.175073],[-77.403664,-9.175209],[-77.40412,-9.175254],[-77.404566,-9.175359],[-77.404794,-9.175356],[-77.405013,-9.175288],[-77.40524,-9.175258],[-77.405448,-9.175334],[-77.405588,-9.175512],[-77.405823,-9.1759],[-77.406253,-9.176699],[-77.406395,-9.176876],[-77.40656,-9.177033],[-77.408058,-9.178077],[-77.409644,-9.178989],[-77.410064,-9.179173],[-77.410283,-9.179237],[-77.410964,-9.179335],[-77.411631,-9.179498],[-77.411859,-9.179525],[-77.41277,-9.179415],[-77.412999,-9.179403],[-77.413223,-9.179432],[-77.413849,-9.179715],[-77.414067,-9.179778],[-77.414295,-9.1798],[-77.415902,-9.179854],[-77.416817,-9.179929],[-77.417505,-9.179927],[-77.418419,-9.179841],[-77.418868,-9.179747],[-77.419095,-9.179721],[-77.419325,-9.179725],[-77.419552,-9.179758],[-77.419771,-9.179824],[-77.420404,-9.180092],[-77.421271,-9.180391],[-77.422168,-9.180572],[-77.422609,-9.180698],[-77.42282,-9.180786],[-77.423258,-9.180919],[-77.424402,-9.180993],[-77.425077,-9.18112],[-77.425302,-9.181116],[-77.425397,-9.180934],[-77.425262,-9.180514],[-77.425353,-9.180323],[-77.42556,-9.180244],[-77.426476,-9.180194],[-77.426698,-9.180143],[-77.426893,-9.180026],[-77.427555,-9.179401],[-77.427766,-9.179317],[-77.427989,-9.179265],[-77.428191,-9.179169],[-77.428364,-9.179175],[-77.428556,-9.179297],[-77.428997,-9.179424],[-77.429418,-9.179603],[-77.430066,-9.17983],[-77.430273,-9.179922],[-77.430942,-9.18054],[-77.431124,-9.180671],[-77.431343,-9.180702],[-77.431568,-9.180659],[-77.43174,-9.180513],[-77.431748,-9.18029],[-77.431603,-9.180115],[-77.431196,-9.179907],[-77.430074,-9.179121],[-77.429945,-9.178939],[-77.429983,-9.178766],[-77.430196,-9.178832],[-77.430562,-9.179102],[-77.431366,-9.179537],[-77.431804,-9.179667],[-77.432029,-9.179711],[-77.432481,-9.179629],[-77.432683,-9.179661],[-77.432847,-9.179817],[-77.433044,-9.179928],[-77.433272,-9.179944],[-77.433722,-9.17987],[-77.433923,-9.179761],[-77.434131,-9.179681],[-77.434356,-9.17972],[-77.434797,-9.179847],[-77.435025,-9.179868],[-77.435178,-9.179745],[-77.435029,-9.179603],[-77.434581,-9.179511],[-77.434409,-9.179385],[-77.434506,-9.179206],[-77.434727,-9.179254],[-77.434934,-9.179351],[-77.435151,-9.179419],[-77.435375,-9.179414],[-77.435583,-9.179332],[-77.436479,-9.178625],[-77.436868,-9.178385],[-77.437084,-9.178309],[-77.437287,-9.178375],[-77.437357,-9.178568],[-77.437279,-9.178778],[-77.436933,-9.179072],[-77.436869,-9.179248],[-77.437078,-9.179224],[-77.437402,-9.178906],[-77.437617,-9.178509],[-77.437901,-9.178154],[-77.438155,-9.177777],[-77.438311,-9.177612],[-77.438674,-9.177337],[-77.438806,-9.177155],[-77.438994,-9.176744],[-77.439139,-9.176569],[-77.439783,-9.175926],[-77.439995,-9.175845],[-77.44044,-9.175745],[-77.440843,-9.175528],[-77.441053,-9.175127],[-77.44118,-9.17494],[-77.441346,-9.174787],[-77.441542,-9.174669],[-77.441966,-9.174497],[-77.442161,-9.174378],[-77.442337,-9.174233],[-77.442484,-9.174064],[-77.442595,-9.173867],[-77.442733,-9.173687],[-77.443032,-9.173344],[-77.443354,-9.173022],[-77.443464,-9.172826],[-77.443647,-9.172412],[-77.443796,-9.172241],[-77.444154,-9.171961],[-77.444368,-9.171881],[-77.445049,-9.17179],[-77.445265,-9.171719],[-77.44564,-9.171457],[-77.446175,-9.171033],[-77.446289,-9.170837],[-77.446833,-9.169591],[-77.446955,-9.169401],[-77.447123,-9.169251],[-77.447848,-9.168696],[-77.44862,-9.168206],[-77.449324,-9.167626],[-77.449881,-9.167227],[-77.450086,-9.167126],[-77.450531,-9.167017],[-77.450745,-9.166937],[-77.450944,-9.166824],[-77.451318,-9.166562],[-77.452323,-9.166017],[-77.453625,-9.165576],[-77.454043,-9.165391],[-77.454474,-9.165235],[-77.454922,-9.165141],[-77.45514,-9.165069],[-77.455537,-9.164844],[-77.45637,-9.164464],[-77.456797,-9.164301],[-77.457415,-9.164008],[-77.457639,-9.163959],[-77.457846,-9.163866],[-77.458021,-9.16372],[-77.458213,-9.163601],[-77.459281,-9.163184],[-77.459719,-9.163051],[-77.459946,-9.163017],[-77.460174,-9.163027],[-77.460614,-9.163155],[-77.461066,-9.163223],[-77.461271,-9.163311],[-77.461446,-9.163456],[-77.461665,-9.163509],[-77.4621,-9.163373],[-77.462308,-9.16328],[-77.462694,-9.163034],[-77.463326,-9.162768],[-77.463543,-9.162707],[-77.463771,-9.162689],[-77.464223,-9.162607],[-77.464424,-9.162687],[-77.464589,-9.162845],[-77.464796,-9.162931],[-77.465023,-9.162968],[-77.465481,-9.162989],[-77.466166,-9.162927],[-77.466389,-9.162953],[-77.466798,-9.163155],[-77.467699,-9.163326],[-77.468117,-9.163509],[-77.468335,-9.163449],[-77.468529,-9.163329],[-77.469148,-9.163032],[-77.469331,-9.162898],[-77.469477,-9.162723],[-77.469657,-9.1626],[-77.470115,-9.16264],[-77.471029,-9.162559],[-77.471252,-9.162508],[-77.472121,-9.162216],[-77.472345,-9.16217],[-77.473025,-9.162271],[-77.473712,-9.162285],[-77.473877,-9.162144],[-77.474028,-9.161718],[-77.474254,-9.161325],[-77.474302,-9.16111],[-77.474171,-9.160935],[-77.473809,-9.160657],[-77.473604,-9.160565],[-77.473376,-9.160536],[-77.473165,-9.160461],[-77.473117,-9.160254],[-77.473196,-9.160043],[-77.473226,-9.159592],[-77.473381,-9.159167],[-77.473493,-9.158971],[-77.474033,-9.15824],[-77.474365,-9.15765],[-77.474702,-9.157351],[-77.474973,-9.156991],[-77.475187,-9.156911],[-77.47536,-9.156766],[-77.475514,-9.156598],[-77.47564,-9.15641],[-77.475849,-9.156007],[-77.476137,-9.155657],[-77.477017,-9.154071],[-77.47717,-9.153906],[-77.477384,-9.153828],[-77.477578,-9.153707],[-77.477702,-9.153517],[-77.477947,-9.153135],[-77.478167,-9.152494],[-77.47834,-9.152364],[-77.478557,-9.152436],[-77.478776,-9.15243],[-77.478868,-9.152232],[-77.478848,-9.151781],[-77.478993,-9.151626],[-77.479198,-9.151525],[-77.479222,-9.151314],[-77.479144,-9.151101],[-77.479166,-9.150883],[-77.479538,-9.150313],[-77.479822,-9.149695],[-77.479946,-9.149508],[-77.480113,-9.149356],[-77.480226,-9.14916],[-77.4805,-9.148538],[-77.480722,-9.147896],[-77.480834,-9.1477],[-77.480971,-9.147519],[-77.48105,-9.147309],[-77.481139,-9.14641],[-77.481212,-9.146197],[-77.481559,-9.145612],[-77.481768,-9.144968],[-77.482141,-9.144398],[-77.482545,-9.143849],[-77.482645,-9.143646],[-77.482883,-9.143259],[-77.483157,-9.142897],[-77.483535,-9.14233],[-77.483721,-9.141919],[-77.483855,-9.141737],[-77.484022,-9.141792],[-77.483963,-9.142004],[-77.483495,-9.142781],[-77.483092,-9.143592],[-77.482815,-9.144213],[-77.482807,-9.144433],[-77.482997,-9.144494],[-77.483063,-9.144279],[-77.483142,-9.143835],[-77.483242,-9.143634],[-77.483729,-9.143154],[-77.484374,-9.14222],[-77.484472,-9.14178],[-77.484604,-9.141597],[-77.484702,-9.141397],[-77.484924,-9.140522],[-77.485069,-9.140354],[-77.485263,-9.140237],[-77.48534,-9.140031],[-77.48537,-9.139806],[-77.486004,-9.139169],[-77.486196,-9.13876],[-77.48635,-9.138594],[-77.486531,-9.138455],[-77.486624,-9.138258],[-77.486661,-9.138035],[-77.486742,-9.137824],[-77.486886,-9.137654],[-77.487215,-9.13734],[-77.48747,-9.136965],[-77.487617,-9.136795],[-77.487823,-9.136808],[-77.488027,-9.13685],[-77.488161,-9.136671],[-77.48853,-9.136406],[-77.488686,-9.136242],[-77.488803,-9.136048],[-77.488859,-9.13583],[-77.488933,-9.135156],[-77.489091,-9.13505],[-77.489176,-9.135238],[-77.489138,-9.135461],[-77.489154,-9.135912],[-77.489319,-9.136007],[-77.48946,-9.135836],[-77.489579,-9.135642],[-77.489766,-9.135595],[-77.489777,-9.135791],[-77.488977,-9.136601],[-77.48903,-9.136795],[-77.489239,-9.136722],[-77.489435,-9.136605],[-77.489883,-9.136515],[-77.490094,-9.136441],[-77.490411,-9.136116],[-77.490669,-9.135744],[-77.490816,-9.13557],[-77.490922,-9.135376],[-77.490896,-9.135157],[-77.490306,-9.134188],[-77.490028,-9.133568],[-77.489991,-9.133358],[-77.490171,-9.133427],[-77.490341,-9.133847],[-77.490592,-9.134225],[-77.490913,-9.134548],[-77.491275,-9.134826],[-77.491442,-9.134982],[-77.491836,-9.135537],[-77.491991,-9.135704],[-77.492161,-9.135849],[-77.492243,-9.135711],[-77.491952,-9.135362],[-77.491604,-9.134777],[-77.49115,-9.134274],[-77.491291,-9.134198],[-77.491606,-9.134526],[-77.491874,-9.134893],[-77.492353,-9.13538],[-77.49271,-9.135663],[-77.493832,-9.136448],[-77.494213,-9.13701],[-77.494402,-9.137136],[-77.494807,-9.13735],[-77.494966,-9.137511],[-77.495986,-9.138732],[-77.496174,-9.138711],[-77.496073,-9.138517],[-77.495758,-9.138189],[-77.495471,-9.137574],[-77.495251,-9.137178],[-77.495098,-9.137009],[-77.494743,-9.136723],[-77.49458,-9.136566],[-77.494304,-9.135944],[-77.494081,-9.135549],[-77.493185,-9.134843],[-77.493038,-9.13467],[-77.492939,-9.134467],[-77.492801,-9.134035],[-77.492703,-9.133831],[-77.492686,-9.133637],[-77.492867,-9.133734],[-77.493136,-9.134357],[-77.493277,-9.134533],[-77.493651,-9.134795],[-77.493852,-9.134903],[-77.494274,-9.13508],[-77.494474,-9.135192],[-77.494608,-9.135371],[-77.494843,-9.135759],[-77.495122,-9.136114],[-77.495534,-9.13631],[-77.495724,-9.136436],[-77.496062,-9.136741],[-77.496347,-9.137095],[-77.496508,-9.137251],[-77.496713,-9.137354],[-77.496895,-9.137487],[-77.497208,-9.137815],[-77.497417,-9.137904],[-77.498304,-9.138126],[-77.498283,-9.137981],[-77.497845,-9.137846],[-77.497433,-9.137649],[-77.497012,-9.137118],[-77.496835,-9.136974],[-77.496685,-9.136806],[-77.496583,-9.136603],[-77.496314,-9.136238],[-77.496162,-9.136068],[-77.495661,-9.135605],[-77.495528,-9.135421],[-77.49543,-9.135218],[-77.495402,-9.135013],[-77.49557,-9.135105],[-77.495638,-9.135317],[-77.495781,-9.135492],[-77.496696,-9.136172],[-77.497038,-9.136474],[-77.4974,-9.13675],[-77.497736,-9.137059],[-77.497943,-9.137148],[-77.4984,-9.137179],[-77.49862,-9.137231],[-77.498829,-9.137324],[-77.499613,-9.137794],[-77.500155,-9.138211],[-77.500302,-9.138375],[-77.500435,-9.138802],[-77.500842,-9.139005],[-77.501594,-9.139514],[-77.501598,-9.139736],[-77.501495,-9.140176],[-77.501468,-9.1404],[-77.501487,-9.140619],[-77.501658,-9.140595],[-77.50171,-9.140376],[-77.501792,-9.140165],[-77.50191,-9.139971],[-77.502075,-9.13955],[-77.502141,-9.139334],[-77.502114,-9.139115],[-77.501968,-9.138959],[-77.501551,-9.138773],[-77.501356,-9.138654],[-77.500947,-9.138455],[-77.50104,-9.138331],[-77.501685,-9.138569],[-77.501909,-9.138608],[-77.502139,-9.138608],[-77.502351,-9.138685],[-77.502499,-9.138856],[-77.502838,-9.139156],[-77.502918,-9.139353],[-77.502892,-9.139578],[-77.50294,-9.139797],[-77.502955,-9.140247],[-77.503114,-9.140313],[-77.503147,-9.140092],[-77.50314,-9.139866],[-77.503183,-9.139646],[-77.503298,-9.13945],[-77.503329,-9.13923],[-77.503246,-9.138785],[-77.503164,-9.138575],[-77.503055,-9.138377],[-77.502869,-9.138245],[-77.502667,-9.138137],[-77.502586,-9.137984],[-77.502807,-9.138004],[-77.503008,-9.138114],[-77.503394,-9.138359],[-77.503546,-9.138524],[-77.50384,-9.139138],[-77.504054,-9.139781],[-77.504053,-9.139993],[-77.503933,-9.140185],[-77.503955,-9.140387],[-77.504132,-9.140359],[-77.50421,-9.140147],[-77.504363,-9.139991],[-77.50518,-9.139579],[-77.505375,-9.139461],[-77.505975,-9.138779],[-77.506179,-9.138679],[-77.506627,-9.138586],[-77.506837,-9.138515],[-77.506957,-9.138327],[-77.507049,-9.13812],[-77.507221,-9.137994],[-77.50742,-9.13807],[-77.507473,-9.138278],[-77.507122,-9.139353],[-77.50712,-9.139573],[-77.507289,-9.139703],[-77.507508,-9.139658],[-77.508201,-9.138759],[-77.508564,-9.138183],[-77.51076,-9.136956],[-77.511501,-9.136423],[-77.511997,-9.135662],[-77.512964,-9.132881],[-77.513068,-9.132681],[-77.514709,-9.129959],[-77.515206,-9.129198],[-77.515792,-9.128227],[-77.516104,-9.127897],[-77.516298,-9.127776],[-77.516507,-9.127687],[-77.517401,-9.127479],[-77.517611,-9.127388],[-77.517805,-9.12727],[-77.517951,-9.1271],[-77.518326,-9.126531],[-77.518527,-9.126461],[-77.518681,-9.126619],[-77.518939,-9.126992],[-77.519125,-9.12712],[-77.519335,-9.127212],[-77.520908,-9.127529],[-77.521122,-9.127611],[-77.521481,-9.127891],[-77.521642,-9.127815],[-77.52157,-9.127611],[-77.521369,-9.12751],[-77.520724,-9.127274],[-77.520105,-9.126977],[-77.519256,-9.126643],[-77.51929,-9.126455],[-77.519508,-9.126487],[-77.519908,-9.126707],[-77.520129,-9.126763],[-77.520358,-9.126742],[-77.520584,-9.126773],[-77.521023,-9.126907],[-77.521478,-9.126965],[-77.52169,-9.127049],[-77.52208,-9.127285],[-77.522729,-9.127923],[-77.522908,-9.128333],[-77.523075,-9.128323],[-77.523033,-9.128105],[-77.522833,-9.127699],[-77.52271,-9.127509],[-77.522077,-9.126855],[-77.521742,-9.126546],[-77.521562,-9.126406],[-77.521164,-9.126181],[-77.520957,-9.126084],[-77.520303,-9.125876],[-77.519908,-9.125649],[-77.519685,-9.125596],[-77.519522,-9.125471],[-77.519691,-9.125369],[-77.519906,-9.125439],[-77.520322,-9.125624],[-77.521223,-9.125801],[-77.521654,-9.125957],[-77.522062,-9.126164],[-77.522254,-9.126285],[-77.52239,-9.12646],[-77.522486,-9.126664],[-77.52262,-9.126822],[-77.522705,-9.126642],[-77.522591,-9.126447],[-77.522449,-9.12627],[-77.521933,-9.125822],[-77.520789,-9.12507],[-77.519923,-9.12433],[-77.518767,-9.123596],[-77.518361,-9.123384],[-77.518142,-9.123336],[-77.517704,-9.123473],[-77.5175,-9.123449],[-77.517498,-9.12324],[-77.517703,-9.123164],[-77.518148,-9.123062],[-77.518367,-9.123129],[-77.518822,-9.123116],[-77.519196,-9.123367],[-77.519652,-9.123414],[-77.520328,-9.123541],[-77.520546,-9.123606],[-77.520697,-9.123774],[-77.521048,-9.12406],[-77.521382,-9.124371],[-77.521571,-9.124495],[-77.522003,-9.124643],[-77.522319,-9.124964],[-77.522877,-9.125361],[-77.523168,-9.125704],[-77.523618,-9.125749],[-77.524133,-9.126186],[-77.524706,-9.126562],[-77.524867,-9.126717],[-77.525287,-9.127251],[-77.5255,-9.127307],[-77.525727,-9.127316],[-77.52583,-9.127502],[-77.525708,-9.127935],[-77.525696,-9.128161],[-77.525647,-9.128378],[-77.525517,-9.128563],[-77.525584,-9.128694],[-77.525878,-9.128347],[-77.525985,-9.128148],[-77.526041,-9.127701],[-77.526107,-9.127485],[-77.526118,-9.127266],[-77.526044,-9.127053],[-77.526179,-9.126928],[-77.526269,-9.127122],[-77.526269,-9.127348],[-77.526189,-9.127792],[-77.526196,-9.128469],[-77.526147,-9.128689],[-77.526032,-9.128882],[-77.52588,-9.129051],[-77.525819,-9.129261],[-77.525866,-9.129481],[-77.525797,-9.129925],[-77.526095,-9.130243],[-77.526201,-9.130911],[-77.526289,-9.131116],[-77.526608,-9.131437],[-77.526719,-9.131634],[-77.526807,-9.131841],[-77.526838,-9.132063],[-77.526838,-9.13229],[-77.526965,-9.132415],[-77.527053,-9.132222],[-77.527034,-9.131997],[-77.526988,-9.131776],[-77.526914,-9.131563],[-77.52681,-9.131361],[-77.526684,-9.131173],[-77.526519,-9.131018],[-77.526496,-9.130796],[-77.526494,-9.13012],[-77.526356,-9.129948],[-77.526297,-9.129742],[-77.526378,-9.12953],[-77.526614,-9.129144],[-77.526695,-9.128936],[-77.526819,-9.128747],[-77.527086,-9.128122],[-77.527137,-9.127904],[-77.527128,-9.127452],[-77.527224,-9.126781],[-77.527235,-9.126555],[-77.527144,-9.126352],[-77.527141,-9.126145],[-77.527307,-9.126227],[-77.527351,-9.126448],[-77.527338,-9.126673],[-77.527374,-9.127123],[-77.527377,-9.127574],[-77.52745,-9.128019],[-77.527434,-9.128245],[-77.527404,-9.128468],[-77.527267,-9.1289],[-77.527058,-9.1293],[-77.526978,-9.129512],[-77.526967,-9.12973],[-77.527098,-9.129916],[-77.527345,-9.130545],[-77.527738,-9.131101],[-77.527856,-9.131294],[-77.527949,-9.1315],[-77.528012,-9.132173],[-77.528166,-9.132143],[-77.528188,-9.131921],[-77.528132,-9.131472],[-77.528076,-9.131254],[-77.527996,-9.131042],[-77.527775,-9.130647],[-77.527699,-9.130446],[-77.527872,-9.130398],[-77.528124,-9.130775],[-77.528323,-9.131182],[-77.528491,-9.131603],[-77.528556,-9.13182],[-77.528587,-9.132042],[-77.528559,-9.132266],[-77.528634,-9.132431],[-77.528756,-9.132271],[-77.528797,-9.132049],[-77.528808,-9.131824],[-77.528787,-9.131599],[-77.528707,-9.131154],[-77.528571,-9.130722],[-77.528344,-9.130332],[-77.528351,-9.130133],[-77.528515,-9.130261],[-77.528985,-9.131291],[-77.52916,-9.131947],[-77.529164,-9.132171],[-77.529108,-9.132388],[-77.52902,-9.132597],[-77.528982,-9.132816],[-77.529146,-9.132742],[-77.529276,-9.132308],[-77.529314,-9.132086],[-77.52931,-9.131635],[-77.529067,-9.130532],[-77.528992,-9.130318],[-77.528869,-9.130128],[-77.528796,-9.12993],[-77.528972,-9.129902],[-77.529272,-9.130512],[-77.529669,-9.131573],[-77.529731,-9.131789],[-77.529746,-9.132014],[-77.529718,-9.13269],[-77.52985,-9.132795],[-77.529892,-9.132586],[-77.529886,-9.13236],[-77.529928,-9.13191],[-77.529928,-9.131684],[-77.52988,-9.131234],[-77.5297,-9.130349],[-77.529557,-9.12992],[-77.529439,-9.129726],[-77.529371,-9.129523],[-77.529544,-9.129461],[-77.529652,-9.129659],[-77.529795,-9.130089],[-77.529996,-9.130494],[-77.53024,-9.131128],[-77.530304,-9.131345],[-77.530422,-9.132012],[-77.530459,-9.132689],[-77.530589,-9.132826],[-77.53066,-9.132624],[-77.530593,-9.132177],[-77.530584,-9.1315],[-77.530496,-9.130827],[-77.530455,-9.130605],[-77.530057,-9.129306],[-77.529762,-9.128962],[-77.529757,-9.128759],[-77.529929,-9.128822],[-77.530032,-9.129024],[-77.530184,-9.129188],[-77.530285,-9.129385],[-77.530529,-9.130019],[-77.53082,-9.130634],[-77.530944,-9.131069],[-77.531176,-9.131707],[-77.531325,-9.132367],[-77.531447,-9.132557],[-77.531489,-9.132778],[-77.531513,-9.13323],[-77.531497,-9.133681],[-77.531586,-9.133866],[-77.531806,-9.133928],[-77.531972,-9.134076],[-77.532062,-9.134284],[-77.53211,-9.134503],[-77.532085,-9.134726],[-77.532106,-9.134914],[-77.532246,-9.134766],[-77.532256,-9.134543],[-77.532238,-9.134318],[-77.532176,-9.134101],[-77.532083,-9.133895],[-77.531907,-9.133752],[-77.531766,-9.133581],[-77.531764,-9.133359],[-77.531842,-9.132685],[-77.531848,-9.132459],[-77.531752,-9.132018],[-77.531733,-9.13134],[-77.531714,-9.131115],[-77.531613,-9.130674],[-77.531626,-9.130448],[-77.531607,-9.130226],[-77.531334,-9.129604],[-77.531278,-9.12893],[-77.531205,-9.128717],[-77.531078,-9.128532],[-77.530898,-9.128391],[-77.530804,-9.128204],[-77.530952,-9.128084],[-77.531104,-9.128246],[-77.531238,-9.128429],[-77.531462,-9.128823],[-77.531634,-9.129478],[-77.531719,-9.129686],[-77.531949,-9.130077],[-77.532043,-9.130284],[-77.532268,-9.130924],[-77.532345,-9.131369],[-77.532481,-9.131801],[-77.532612,-9.132467],[-77.532675,-9.132684],[-77.532728,-9.133133],[-77.532842,-9.133325],[-77.533006,-9.133481],[-77.533119,-9.133675],[-77.533382,-9.134541],[-77.533379,-9.134761],[-77.533226,-9.135187],[-77.533264,-9.135368],[-77.533403,-9.135221],[-77.533447,-9.135],[-77.533631,-9.134585],[-77.5336,-9.134365],[-77.533479,-9.133929],[-77.533425,-9.133481],[-77.533248,-9.133071],[-77.533212,-9.132848],[-77.533149,-9.132401],[-77.533172,-9.131498],[-77.533037,-9.131067],[-77.532967,-9.130165],[-77.532926,-9.129943],[-77.53282,-9.129503],[-77.532673,-9.129077],[-77.532603,-9.12863],[-77.532461,-9.127966],[-77.532261,-9.127318],[-77.532108,-9.126657],[-77.532,-9.126459],[-77.531837,-9.126309],[-77.531422,-9.126114],[-77.531238,-9.125982],[-77.531197,-9.125764],[-77.531229,-9.125313],[-77.531273,-9.125092],[-77.531371,-9.124888],[-77.531777,-9.124685],[-77.532281,-9.123932],[-77.532464,-9.123518],[-77.532605,-9.123346],[-77.53281,-9.123257],[-77.533036,-9.12327],[-77.533235,-9.123379],[-77.533392,-9.123542],[-77.533426,-9.123757],[-77.533371,-9.123977],[-77.53335,-9.124201],[-77.533426,-9.124874],[-77.533405,-9.125098],[-77.533282,-9.125765],[-77.53324,-9.126214],[-77.533348,-9.126883],[-77.533562,-9.127527],[-77.533626,-9.128197],[-77.533821,-9.128186],[-77.533968,-9.1273],[-77.534166,-9.126652],[-77.534144,-9.126205],[-77.534306,-9.126145],[-77.534457,-9.126314],[-77.534568,-9.126512],[-77.534827,-9.126885],[-77.534915,-9.127092],[-77.534962,-9.127312],[-77.534978,-9.127537],[-77.534886,-9.128663],[-77.534809,-9.129109],[-77.534792,-9.129334],[-77.534922,-9.130229],[-77.534925,-9.13068],[-77.534955,-9.130903],[-77.535027,-9.131118],[-77.535128,-9.131319],[-77.535443,-9.131647],[-77.535765,-9.132241],[-77.535962,-9.132278],[-77.53603,-9.132075],[-77.535879,-9.131414],[-77.535888,-9.13119],[-77.535957,-9.130976],[-77.536128,-9.130833],[-77.536352,-9.130789],[-77.536809,-9.130744],[-77.537038,-9.130759],[-77.537182,-9.130916],[-77.537254,-9.131362],[-77.537367,-9.131557],[-77.537653,-9.13191],[-77.537775,-9.132101],[-77.538525,-9.133752],[-77.538752,-9.134144],[-77.539151,-9.134696],[-77.539254,-9.134895],[-77.539579,-9.135214],[-77.540342,-9.136059],[-77.541342,-9.137298],[-77.541658,-9.137625],[-77.542026,-9.137893],[-77.542357,-9.138207],[-77.542918,-9.138596],[-77.543256,-9.138898],[-77.543849,-9.139241],[-77.544066,-9.13931],[-77.544293,-9.139332],[-77.544522,-9.139322],[-77.544743,-9.139381],[-77.545129,-9.139624],[-77.546019,-9.140337],[-77.546408,-9.140577],[-77.546839,-9.140733],[-77.547517,-9.140829],[-77.548126,-9.141146],[-77.548956,-9.141532],[-77.549522,-9.141916],[-77.549732,-9.142005],[-77.550165,-9.142141],[-77.550892,-9.142692],[-77.551105,-9.142775],[-77.551547,-9.142894],[-77.55196,-9.143092],[-77.552633,-9.143221],[-77.553045,-9.14342],[-77.553623,-9.143787],[-77.554115,-9.14426],[-77.554571,-9.144768],[-77.554747,-9.14491],[-77.554944,-9.145016],[-77.555168,-9.145045],[-77.555327,-9.145204],[-77.555424,-9.145397],[-77.555587,-9.145555],[-77.555782,-9.145673],[-77.558226,-9.146926],[-77.559662,-9.147635],[-77.563255,-9.150072],[-77.564409,-9.151171],[-77.564605,-9.151821],[-77.564716,-9.152014],[-77.565017,-9.152355],[-77.565337,-9.152676],[-77.565522,-9.152793],[-77.565738,-9.152864],[-77.566319,-9.153229],[-77.566875,-9.153629],[-77.567478,-9.153957],[-77.567665,-9.154086],[-77.569079,-9.15524],[-77.569765,-9.155841],[-77.570665,-9.156543],[-77.571042,-9.156801],[-77.571183,-9.157221],[-77.571994,-9.158317],[-77.572107,-9.158514],[-77.572208,-9.158951],[-77.572319,-9.159141],[-77.572757,-9.159665],[-77.573236,-9.160151],[-77.573604,-9.160421],[-77.573757,-9.160585],[-77.574133,-9.161153],[-77.574235,-9.161349],[-77.574387,-9.161514],[-77.574577,-9.161641],[-77.575003,-9.161806],[-77.575458,-9.161866],[-77.575527,-9.162043],[-77.575312,-9.162096],[-77.574853,-9.162104],[-77.574712,-9.162219],[-77.574899,-9.162328],[-77.575545,-9.16256],[-77.575998,-9.162636],[-77.576216,-9.162702],[-77.576398,-9.162837],[-77.576597,-9.16295],[-77.577017,-9.163131],[-77.577923,-9.163273],[-77.578152,-9.163285],[-77.578602,-9.16323],[-77.578588,-9.163403],[-77.577524,-9.163822],[-77.577304,-9.163876],[-77.576845,-9.163886],[-77.57683,-9.164059],[-77.577036,-9.164142],[-77.57726,-9.164192],[-77.577689,-9.164341],[-77.578147,-9.16435],[-77.578373,-9.164374],[-77.579421,-9.164836],[-77.579849,-9.164995],[-77.580218,-9.165264],[-77.580514,-9.165607],[-77.580682,-9.165761],[-77.581422,-9.166295],[-77.581578,-9.166459],[-77.581681,-9.166661],[-77.581921,-9.167296],[-77.582202,-9.16791],[-77.582353,-9.168081],[-77.58269,-9.168387],[-77.582962,-9.168748],[-77.583336,-9.169813],[-77.583655,-9.170414],[-77.583839,-9.170827],[-77.5838,-9.171046],[-77.583592,-9.171449],[-77.583246,-9.172035],[-77.582831,-9.172575],[-77.582805,-9.172796],[-77.582865,-9.173014],[-77.582955,-9.17322],[-77.583092,-9.173393],[-77.583542,-9.173469],[-77.58374,-9.173581],[-77.583918,-9.173721],[-77.584048,-9.173906],[-77.584271,-9.174781],[-77.584298,-9.175004],[-77.584162,-9.175183],[-77.583992,-9.175333],[-77.583874,-9.175514],[-77.583885,-9.175738],[-77.583987,-9.176175],[-77.583975,-9.176401],[-77.583995,-9.176624],[-77.584187,-9.177509],[-77.584223,-9.177955],[-77.584303,-9.178166],[-77.584678,-9.178427],[-77.584845,-9.178582],[-77.584981,-9.178763],[-77.585079,-9.178967],[-77.585212,-9.179148],[-77.585518,-9.179485],[-77.585541,-9.179703],[-77.585535,-9.179928],[-77.585578,-9.180148],[-77.58572,-9.180579],[-77.586433,-9.181459],[-77.586797,-9.182034],[-77.58788,-9.182871],[-77.588045,-9.183024],[-77.588126,-9.183463],[-77.588262,-9.183633],[-77.589689,-9.184359],[-77.589859,-9.184495],[-77.589916,-9.184707],[-77.589958,-9.185155],[-77.590018,-9.185373],[-77.590279,-9.185737],[-77.590441,-9.18616],[-77.590807,-9.186428],[-77.591003,-9.186542],[-77.59144,-9.186681],[-77.591609,-9.186811],[-77.591749,-9.187218],[-77.591886,-9.187399],[-77.592097,-9.187798],[-77.592465,-9.188042],[-77.592608,-9.188218],[-77.592785,-9.188362],[-77.592916,-9.188539],[-77.592998,-9.18875],[-77.5933,-9.189082],[-77.59343,-9.189516],[-77.593756,-9.190109],[-77.593839,-9.19055],[-77.594494,-9.191995],[-77.594597,-9.192197],[-77.594891,-9.192541],[-77.595076,-9.192952],[-77.595099,-9.193174],[-77.595047,-9.193624],[-77.595066,-9.193842],[-77.595346,-9.194461],[-77.595675,-9.19472],[-77.59572,-9.195169],[-77.595737,-9.195621],[-77.596073,-9.196206],[-77.596479,-9.196749],[-77.596537,-9.196967],[-77.596625,-9.19717],[-77.596936,-9.1975],[-77.597048,-9.197697],[-77.597229,-9.197818],[-77.597448,-9.197883],[-77.597644,-9.198001],[-77.597797,-9.19817],[-77.598011,-9.198569],[-77.598155,-9.198741],[-77.598683,-9.199174],[-77.59966,-9.200127],[-77.599856,-9.200536],[-77.600038,-9.200619],[-77.60014,-9.200461],[-77.599837,-9.199854],[-77.599689,-9.199683],[-77.599194,-9.199211],[-77.59904,-9.199044],[-77.598909,-9.198858],[-77.598836,-9.19865],[-77.599015,-9.198595],[-77.599428,-9.199129],[-77.600172,-9.199659],[-77.600879,-9.200235],[-77.601294,-9.200427],[-77.601456,-9.200588],[-77.601646,-9.200654],[-77.601672,-9.200472],[-77.601189,-9.199988],[-77.600911,-9.19963],[-77.60075,-9.199474],[-77.600382,-9.199223],[-77.600292,-9.199015],[-77.600277,-9.198792],[-77.600365,-9.198596],[-77.600566,-9.198487],[-77.60073,-9.198613],[-77.600948,-9.199011],[-77.601108,-9.199162],[-77.601702,-9.199505],[-77.602042,-9.199807],[-77.6022,-9.19997],[-77.602337,-9.200151],[-77.602239,-9.200592],[-77.602029,-9.200992],[-77.601828,-9.2011],[-77.601658,-9.201247],[-77.601692,-9.201441],[-77.601902,-9.201528],[-77.602126,-9.20158],[-77.602339,-9.201664],[-77.602524,-9.201783],[-77.602619,-9.201985],[-77.602611,-9.202886],[-77.602654,-9.203335],[-77.60285,-9.203984],[-77.603255,-9.204792],[-77.603255,-9.20523],[-77.60341,-9.205375],[-77.603824,-9.205564],[-77.603978,-9.205727],[-77.60409,-9.205924],[-77.604284,-9.206575],[-77.604481,-9.206982],[-77.604695,-9.20786],[-77.605048,-9.208694],[-77.605232,-9.209348],[-77.605358,-9.209533],[-77.605575,-9.209602],[-77.605801,-9.209641],[-77.606,-9.209725],[-77.606139,-9.209904],[-77.60675,-9.210861],[-77.607831,-9.212032],[-77.607979,-9.212205],[-77.60809,-9.212399],[-77.60805,-9.212608],[-77.607856,-9.212725],[-77.607641,-9.212802],[-77.607473,-9.212947],[-77.607331,-9.213375],[-77.60715,-9.213511],[-77.606951,-9.213624],[-77.606886,-9.213806],[-77.607207,-9.214406],[-77.60757,-9.214678],[-77.607703,-9.214861],[-77.607785,-9.21507],[-77.607812,-9.215744],[-77.607965,-9.21617],[-77.608002,-9.21639],[-77.607936,-9.216599],[-77.607781,-9.216766],[-77.607666,-9.216952],[-77.6078,-9.217087],[-77.60825,-9.217059],[-77.608866,-9.217361],[-77.609033,-9.217265],[-77.609114,-9.217053],[-77.609248,-9.216875],[-77.609456,-9.216782],[-77.609896,-9.21665],[-77.610104,-9.216653],[-77.610322,-9.216607],[-77.610371,-9.21676],[-77.610278,-9.216959],[-77.610373,-9.217157],[-77.610507,-9.21734],[-77.61084,-9.21793],[-77.611208,-9.218196],[-77.611607,-9.218367],[-77.611906,-9.21871],[-77.611982,-9.21891],[-77.612108,-9.219091],[-77.612294,-9.218993],[-77.612517,-9.218948],[-77.613434,-9.218924],[-77.613878,-9.218816],[-77.61405,-9.218865],[-77.614211,-9.21899],[-77.614391,-9.218864],[-77.614591,-9.218849],[-77.614796,-9.218774],[-77.615024,-9.218787],[-77.615228,-9.21872],[-77.615385,-9.218557],[-77.615598,-9.218541],[-77.61581,-9.218628],[-77.615982,-9.218773],[-77.616323,-9.219607],[-77.616458,-9.219781],[-77.616587,-9.220174],[-77.616363,-9.2202],[-77.616174,-9.220316],[-77.616174,-9.220525],[-77.616467,-9.220871],[-77.616545,-9.221083],[-77.61676,-9.221962],[-77.616848,-9.222169],[-77.617239,-9.222723],[-77.617322,-9.222933],[-77.617624,-9.223786],[-77.617775,-9.225134],[-77.617823,-9.225355],[-77.617898,-9.225566],[-77.618248,-9.22615],[-77.618402,-9.226215],[-77.618607,-9.226119],[-77.618825,-9.226098],[-77.61901,-9.22599],[-77.619213,-9.226053],[-77.619344,-9.226239],[-77.619499,-9.226405],[-77.619937,-9.226473],[-77.620137,-9.226583],[-77.620321,-9.226984],[-77.620601,-9.22784],[-77.620809,-9.227915],[-77.621037,-9.227937],[-77.621143,-9.228125],[-77.621084,-9.228342],[-77.621204,-9.228517],[-77.62166,-9.228553],[-77.621838,-9.228684],[-77.621958,-9.228877],[-77.622114,-9.229257],[-77.622573,-9.229266],[-77.622799,-9.229306],[-77.622905,-9.229429],[-77.62293,-9.229643],[-77.623122,-9.230053],[-77.62382,-9.231223],[-77.62447,-9.232418],[-77.625056,-9.233391],[-77.625564,-9.234144],[-77.62598,-9.234684],[-77.626597,-9.235353],[-77.626959,-9.235929],[-77.627222,-9.2363],[-77.627373,-9.23647],[-77.627556,-9.236599],[-77.628006,-9.236673],[-77.628225,-9.236741],[-77.628423,-9.23685],[-77.628742,-9.237174],[-77.628862,-9.237366],[-77.629133,-9.237989],[-77.629292,-9.238149],[-77.629695,-9.238363],[-77.631045,-9.239221],[-77.631312,-9.239585],[-77.631509,-9.239659],[-77.631725,-9.239583],[-77.631946,-9.239535],[-77.63216,-9.239604],[-77.632337,-9.239747],[-77.632488,-9.239916],[-77.632612,-9.240106],[-77.632779,-9.240256],[-77.633,-9.240294],[-77.63323,-9.240281],[-77.633456,-9.240303],[-77.633654,-9.240411],[-77.633832,-9.240554],[-77.634308,-9.241043],[-77.634501,-9.241161],[-77.635351,-9.241505],[-77.635551,-9.241612],[-77.636064,-9.242064],[-77.636284,-9.242114],[-77.636513,-9.242114],[-77.637423,-9.242],[-77.638061,-9.241746],[-77.638248,-9.241614],[-77.638391,-9.24144],[-77.638565,-9.241303],[-77.638791,-9.24129],[-77.639003,-9.241375],[-77.639397,-9.241602],[-77.640255,-9.241922],[-77.640445,-9.242049],[-77.640662,-9.242067],[-77.640849,-9.241939],[-77.641052,-9.241839],[-77.641279,-9.241825],[-77.641502,-9.241876],[-77.641959,-9.24187],[-77.642167,-9.241958],[-77.642538,-9.242223],[-77.642741,-9.242329],[-77.64318,-9.242459],[-77.643597,-9.242646],[-77.644032,-9.242785],[-77.644218,-9.242914],[-77.644687,-9.243411],[-77.644905,-9.243808],[-77.645666,-9.244655],[-77.646696,-9.245555],[-77.646843,-9.245727],[-77.646958,-9.245922],[-77.647028,-9.246136],[-77.647111,-9.24658],[-77.647228,-9.246774],[-77.647901,-9.247689],[-77.648023,-9.24788],[-77.64822,-9.248288],[-77.64854,-9.248607],[-77.648684,-9.248782],[-77.648803,-9.248975],[-77.649086,-9.249593],[-77.649131,-9.249813],[-77.649092,-9.250031],[-77.648939,-9.250458],[-77.648798,-9.250634],[-77.648686,-9.250831],[-77.648751,-9.251019],[-77.648966,-9.251097],[-77.649422,-9.251134],[-77.649619,-9.251245],[-77.649919,-9.251585],[-77.65029,-9.251851],[-77.650456,-9.252002],[-77.650488,-9.252223],[-77.650452,-9.252442],[-77.65012,-9.253035],[-77.650098,-9.253254],[-77.650209,-9.253452],[-77.65023,-9.253672],[-77.649973,-9.254301],[-77.649858,-9.254496],[-77.649912,-9.254692],[-77.650362,-9.25466],[-77.651046,-9.254737],[-77.651226,-9.254875],[-77.651478,-9.255252],[-77.65163,-9.255421],[-77.651759,-9.255606],[-77.65183,-9.255821],[-77.651869,-9.256041],[-77.652047,-9.256163],[-77.652466,-9.256343],[-77.652652,-9.256472],[-77.652798,-9.256645],[-77.652909,-9.256842],[-77.653001,-9.257049],[-77.653109,-9.257487],[-77.653192,-9.257694],[-77.653494,-9.258033],[-77.653627,-9.258217],[-77.653927,-9.258826],[-77.654756,-9.259607],[-77.654886,-9.259791],[-77.654948,-9.260006],[-77.65497,-9.260231],[-77.655022,-9.260448],[-77.655348,-9.26076],[-77.655422,-9.260969],[-77.655469,-9.26119],[-77.655589,-9.261383],[-77.656116,-9.261802],[-77.656335,-9.261841],[-77.656792,-9.261791],[-77.65702,-9.261806],[-77.657462,-9.261927],[-77.657896,-9.262075],[-77.658095,-9.262185],[-77.658257,-9.26234],[-77.658381,-9.262524],[-77.658542,-9.262681],[-77.658517,-9.26289],[-77.658066,-9.263401],[-77.657818,-9.264033],[-77.657715,-9.264235],[-77.657772,-9.264415],[-77.65794,-9.264293],[-77.658145,-9.263645],[-77.65825,-9.263447],[-77.658429,-9.263306],[-77.659425,-9.262746],[-77.659633,-9.262657],[-77.659822,-9.262705],[-77.659701,-9.262878],[-77.65909,-9.263183],[-77.658904,-9.263316],[-77.658571,-9.263625],[-77.658465,-9.263825],[-77.658351,-9.26472],[-77.658286,-9.264937],[-77.658189,-9.265142],[-77.658053,-9.265323],[-77.657711,-9.265624],[-77.657525,-9.265757],[-77.657364,-9.265918],[-77.657104,-9.266289],[-77.656392,-9.267176],[-77.656087,-9.267513],[-77.655053,-9.26841],[-77.654721,-9.268722],[-77.654419,-9.269063],[-77.653982,-9.269168],[-77.653834,-9.269318],[-77.653826,-9.269544],[-77.653722,-9.269741],[-77.652868,-9.270492],[-77.652741,-9.27068],[-77.652557,-9.2708],[-77.652327,-9.271188],[-77.651979,-9.271482],[-77.651603,-9.27174],[-77.651403,-9.271852],[-77.650779,-9.272137],[-77.650563,-9.272214],[-77.650343,-9.272279],[-77.650131,-9.27223],[-77.650047,-9.272022],[-77.649867,-9.271962],[-77.649533,-9.272266],[-77.649325,-9.272236],[-77.648693,-9.271294],[-77.648523,-9.271146],[-77.648305,-9.271085],[-77.648092,-9.271147],[-77.647999,-9.271351],[-77.648034,-9.271573],[-77.648342,-9.272662],[-77.648431,-9.273103],[-77.648524,-9.273309],[-77.64889,-9.273884],[-77.649042,-9.274052],[-77.649237,-9.274169],[-77.649358,-9.274348],[-77.649315,-9.274568],[-77.649236,-9.27478],[-77.649013,-9.275173],[-77.648715,-9.276028],[-77.648381,-9.27662],[-77.647986,-9.276844],[-77.647458,-9.277279],[-77.647298,-9.277439],[-77.64663,-9.278357],[-77.64517,-9.279797],[-77.645174,-9.279957],[-77.645814,-9.280606],[-77.646891,-9.28178],[-77.648411,-9.283158],[-77.648354,-9.283302],[-77.64763,-9.283858],[-77.646129,-9.284901],[-77.644127,-9.286007],[-77.64275,-9.286823],[-77.642133,-9.287123],[-77.640384,-9.287674],[-77.639747,-9.28793],[-77.638391,-9.28878],[-77.635944,-9.290462],[-77.63479,-9.291202],[-77.634245,-9.291617],[-77.633213,-9.292515],[-77.630713,-9.294505],[-77.629426,-9.295453],[-77.627644,-9.296878],[-77.627448,-9.296992],[-77.627012,-9.297129],[-77.626325,-9.297175],[-77.626101,-9.297218],[-77.625886,-9.297291],[-77.625703,-9.297428],[-77.625451,-9.297805],[-77.625163,-9.298421],[-77.624926,-9.298806],[-77.624795,-9.298992],[-77.62448,-9.29932],[-77.623589,-9.300033],[-77.620852,-9.302091],[-77.620139,-9.302661],[-77.619572,-9.303046],[-77.618542,-9.303543],[-77.61518,-9.305002],[-77.612851,-9.305962],[-77.611603,-9.306536],[-77.611053,-9.306944],[-77.61008,-9.307544],[-77.609716,-9.307819],[-77.609268,-9.30833],[-77.608868,-9.308882],[-77.608668,-9.309289],[-77.608504,-9.309711],[-77.608359,-9.310374],[-77.608283,-9.310587],[-77.608234,-9.310808],[-77.608162,-9.311254],[-77.608058,-9.313965],[-77.60801,-9.316452],[-77.607917,-9.318937],[-77.607905,-9.320293],[-77.607842,-9.32074],[-77.607766,-9.320953],[-77.607666,-9.321156],[-77.607374,-9.321503],[-77.607187,-9.321633],[-77.606581,-9.321955],[-77.605552,-9.322454],[-77.605206,-9.322748],[-77.6045,-9.323639],[-77.603785,-9.324797],[-77.603515,-9.325163],[-77.601671,-9.327473],[-77.601512,-9.327894],[-77.601443,-9.328339],[-77.601436,-9.328565],[-77.601468,-9.328789],[-77.601964,-9.330293],[-77.602177,-9.330693],[-77.60231,-9.330877],[-77.602462,-9.331047],[-77.603298,-9.331821],[-77.603442,-9.331996],[-77.603544,-9.332199],[-77.603612,-9.332415],[-77.60365,-9.332637],[-77.603652,-9.332863],[-77.603546,-9.333988],[-77.603499,-9.336022],[-77.603437,-9.336697],[-77.60334,-9.337369],[-77.603221,-9.337805],[-77.602985,-9.338441],[-77.602463,-9.339448],[-77.60228,-9.339863],[-77.602161,-9.340299],[-77.602091,-9.340745],[-77.602028,-9.341647],[-77.601948,-9.342092],[-77.601707,-9.342727],[-77.601197,-9.34374],[-77.601055,-9.344168],[-77.600927,-9.344835],[-77.600666,-9.346853],[-77.600554,-9.347292],[-77.600397,-9.347716],[-77.600119,-9.348336],[-77.598191,-9.352189],[-77.597774,-9.353243],[-77.597648,-9.353677],[-77.596924,-9.355823],[-77.594725,-9.362726],[-77.594078,-9.364895],[-77.594039,-9.365118],[-77.593274,-9.367488],[-77.592906,-9.368795],[-77.591736,-9.372224],[-77.589988,-9.376891],[-77.58964,-9.377728],[-77.58878,-9.380066],[-77.587734,-9.382819],[-77.586656,-9.385801],[-77.585323,-9.389171],[-77.585106,-9.38957],[-77.584249,-9.391421],[-77.583835,-9.392228],[-77.582893,-9.393779],[-77.582715,-9.394196],[-77.581993,-9.395351],[-77.581471,-9.396095],[-77.580894,-9.397072],[-77.580504,-9.397631],[-77.580075,-9.398162],[-77.579736,-9.398465],[-77.579354,-9.398716],[-77.578927,-9.398879],[-77.57848,-9.398976],[-77.577794,-9.399028],[-77.576419,-9.398945],[-77.575275,-9.39885],[-77.574357,-9.398828],[-77.5739,-9.398847],[-77.57368,-9.398913],[-77.573482,-9.399026],[-77.573289,-9.399147],[-77.573124,-9.399304],[-77.572347,-9.400422],[-77.570727,-9.40233],[-77.569969,-9.403179],[-77.569258,-9.404067],[-77.568957,-9.404406],[-77.568568,-9.404966],[-77.567189,-9.407315],[-77.566863,-9.407912],[-77.56602,-9.410015],[-77.565328,-9.412406],[-77.565164,-9.412829],[-77.564671,-9.413849],[-77.564512,-9.414273],[-77.564486,-9.414498],[-77.564497,-9.414722],[-77.564568,-9.414936],[-77.564677,-9.415134],[-77.565074,-9.415688],[-77.565155,-9.415899],[-77.565194,-9.416121],[-77.565177,-9.416345],[-77.565103,-9.416558],[-77.564972,-9.416742],[-77.564807,-9.416898],[-77.564611,-9.417013],[-77.5644,-9.4171],[-77.563078,-9.417481],[-77.561964,-9.417754],[-77.560835,-9.417961],[-77.559475,-9.418178],[-77.559252,-9.418226],[-77.559041,-9.418313],[-77.55867,-9.418578],[-77.55759,-9.419749],[-77.55724,-9.42004],[-77.55683,-9.420241],[-77.556166,-9.420417],[-77.555736,-9.420571],[-77.555539,-9.420686],[-77.555173,-9.420959],[-77.554035,-9.422076],[-77.553745,-9.422427],[-77.553519,-9.42282],[-77.553324,-9.423229],[-77.552653,-9.424913],[-77.552442,-9.425314],[-77.551236,-9.427238],[-77.550185,-9.42899],[-77.549695,-9.430012],[-77.549083,-9.431476],[-77.548933,-9.431903],[-77.548812,-9.432339],[-77.548773,-9.433015],[-77.548777,-9.433919],[-77.548749,-9.435049],[-77.548655,-9.436176],[-77.548607,-9.436396],[-77.548245,-9.437468],[-77.5482,-9.43769],[-77.548199,-9.437916],[-77.548299,-9.438587],[-77.548467,-9.439244],[-77.548557,-9.439451],[-77.549622,-9.441195],[-77.549892,-9.44156],[-77.549976,-9.441769],[-77.550018,-9.44199],[-77.550025,-9.442215],[-77.549959,-9.44289],[-77.550037,-9.443335],[-77.55021,-9.44399],[-77.550178,-9.44444],[-77.5501,-9.444652],[-77.549921,-9.445068],[-77.549813,-9.445267],[-77.549666,-9.445438],[-77.549317,-9.445731],[-77.548739,-9.446098],[-77.548567,-9.446247],[-77.548418,-9.446419],[-77.548307,-9.446616],[-77.54822,-9.446825],[-77.548,-9.447467],[-77.547887,-9.447664],[-77.547611,-9.448024],[-77.546794,-9.448818],[-77.54626,-9.449246],[-77.545058,-9.449907],[-77.544228,-9.450295],[-77.543413,-9.450711],[-77.543234,-9.450852],[-77.543078,-9.451016],[-77.542847,-9.451405],[-77.542414,-9.452693],[-77.542278,-9.452873],[-77.542118,-9.453036],[-77.541058,-9.453902],[-77.540568,-9.454378],[-77.540345,-9.45477],[-77.540276,-9.454986],[-77.539894,-9.457672],[-77.539748,-9.457842],[-77.539755,-9.458061],[-77.539824,-9.458277],[-77.539851,-9.4585],[-77.539834,-9.459178],[-77.539803,-9.459401],[-77.53968,-9.459836],[-77.539524,-9.460261],[-77.539206,-9.460862],[-77.539022,-9.461276],[-77.538948,-9.461489],[-77.53887,-9.461934],[-77.538886,-9.46329],[-77.538694,-9.464172],[-77.538685,-9.464398],[-77.538692,-9.464624],[-77.538814,-9.465291],[-77.538833,-9.465516],[-77.538864,-9.467777],[-77.538686,-9.469121],[-77.538541,-9.469784],[-77.538306,-9.470658],[-77.537799,-9.472863],[-77.537632,-9.473752],[-77.537516,-9.47419],[-77.537249,-9.47552],[-77.537134,-9.475958],[-77.537064,-9.476173],[-77.536883,-9.476587],[-77.536629,-9.476964],[-77.536216,-9.477507],[-77.535726,-9.478271],[-77.535571,-9.478695],[-77.535534,-9.478918],[-77.535526,-9.479368],[-77.535603,-9.480042],[-77.535659,-9.480261],[-77.535763,-9.480463],[-77.535894,-9.480645],[-77.536424,-9.481078],[-77.536585,-9.481239],[-77.536725,-9.481418],[-77.536904,-9.481833],[-77.537066,-9.482493],[-77.537083,-9.482718],[-77.536976,-9.483615],[-77.53684,-9.48428],[-77.536816,-9.484503],[-77.536822,-9.485181],[-77.536945,-9.486759],[-77.536923,-9.486983],[-77.536803,-9.487651],[-77.536633,-9.488997],[-77.536467,-9.489886],[-77.536297,-9.491459],[-77.536057,-9.492795],[-77.535557,-9.496379],[-77.535327,-9.497716],[-77.535222,-9.498615],[-77.534908,-9.500854],[-77.534575,-9.502862],[-77.534359,-9.503505],[-77.534153,-9.503909],[-77.532497,-9.506354],[-77.532315,-9.506768],[-77.532179,-9.5072],[-77.532155,-9.507423],[-77.53214,-9.508101],[-77.532245,-9.510586],[-77.532245,-9.511264],[-77.532202,-9.511941],[-77.532213,-9.512157],[-77.532082,-9.512589],[-77.532098,-9.512793],[-77.533036,-9.514348],[-77.533077,-9.51457],[-77.533125,-9.5157],[-77.533146,-9.517734],[-77.533083,-9.522256],[-77.53297,-9.524511],[-77.53298,-9.525867],[-77.53289,-9.526767],[-77.532739,-9.527658],[-77.532588,-9.529006],[-77.532455,-9.530583],[-77.53233,-9.531479],[-77.53228,-9.531699],[-77.532199,-9.531908],[-77.532044,-9.532073],[-77.531961,-9.532257],[-77.532008,-9.533386],[-77.531952,-9.53542],[-77.531874,-9.535438],[-77.531949,-9.535591],[-77.531925,-9.537625],[-77.531892,-9.538529],[-77.531857,-9.538752],[-77.531806,-9.539881],[-77.531805,-9.541012],[-77.53178,-9.541236],[-77.531793,-9.541461],[-77.531842,-9.541681],[-77.531958,-9.541872],[-77.532324,-9.542143],[-77.533117,-9.542599],[-77.5335,-9.542848],[-77.533682,-9.542985],[-77.533842,-9.543146],[-77.533964,-9.543337],[-77.534741,-9.545221],[-77.536807,-9.549259],[-77.537027,-9.549901],[-77.537052,-9.550126],[-77.536966,-9.551706],[-77.536971,-9.553288],[-77.537019,-9.553509],[-77.537104,-9.553718],[-77.537441,-9.55431],[-77.537533,-9.554515],[-77.537618,-9.555187],[-77.537671,-9.555405],[-77.538682,-9.557179],[-77.53878,-9.557382],[-77.53885,-9.557597],[-77.539257,-9.559361],[-77.539276,-9.559811],[-77.539164,-9.56139],[-77.539124,-9.563876],[-77.53908,-9.564326],[-77.539005,-9.564539],[-77.538909,-9.564743],[-77.538783,-9.564932],[-77.5378,-9.566184],[-77.536429,-9.567706],[-77.535641,-9.568528],[-77.535496,-9.568703],[-77.535261,-9.569091],[-77.534004,-9.570982],[-77.533826,-9.571121],[-77.533619,-9.571217],[-77.532762,-9.57154],[-77.532567,-9.571659],[-77.532398,-9.571808],[-77.532127,-9.572173],[-77.531182,-9.573724],[-77.530455,-9.574598],[-77.530193,-9.574968],[-77.530015,-9.575382],[-77.529965,-9.575831],[-77.529982,-9.576055],[-77.530037,-9.576275],[-77.530127,-9.576483],[-77.530242,-9.576678],[-77.530384,-9.576855],[-77.531013,-9.577513],[-77.531124,-9.577708],[-77.53117,-9.577929],[-77.531165,-9.578155],[-77.5311,-9.578368],[-77.530993,-9.578567],[-77.530841,-9.578734],[-77.530644,-9.578846],[-77.530428,-9.578925],[-77.530201,-9.578921],[-77.529976,-9.578876],[-77.529311,-9.578701],[-77.529084,-9.578666],[-77.528855,-9.578666],[-77.528427,-9.578827],[-77.527179,-9.579401],[-77.526972,-9.579499],[-77.526786,-9.579631],[-77.526636,-9.5798],[-77.526378,-9.580174],[-77.525702,-9.58161],[-77.525594,-9.581809],[-77.525437,-9.581972],[-77.525258,-9.582112],[-77.525059,-9.582223],[-77.523986,-9.582626],[-77.523605,-9.582875],[-77.523456,-9.583043],[-77.523344,-9.58324],[-77.523293,-9.583459],[-77.523247,-9.584135],[-77.523156,-9.584342],[-77.522629,-9.584771],[-77.52249,-9.58495],[-77.521826,-9.586635],[-77.521714,-9.586831],[-77.521557,-9.586995],[-77.521034,-9.587437],[-77.520704,-9.587751],[-77.520556,-9.587922],[-77.520432,-9.588113],[-77.520325,-9.588312],[-77.519839,-9.589581],[-77.519745,-9.589788],[-77.519605,-9.589965],[-77.519441,-9.590122],[-77.519258,-9.590257],[-77.518059,-9.590924],[-77.517356,-9.591505],[-77.516623,-9.59205],[-77.516457,-9.592205],[-77.516036,-9.592742],[-77.514795,-9.594075],[-77.513617,-9.595463],[-77.513364,-9.595839],[-77.512716,-9.597036],[-77.512577,-9.597215],[-77.511661,-9.597894],[-77.511518,-9.59807],[-77.5114,-9.598263],[-77.51132,-9.598474],[-77.511249,-9.598919],[-77.511378,-9.599814],[-77.51138,-9.600264],[-77.511345,-9.600488],[-77.510959,-9.601789],[-77.510841,-9.603368],[-77.510793,-9.603589],[-77.510728,-9.603805],[-77.510632,-9.604009],[-77.510094,-9.604742],[-77.509877,-9.60514],[-77.509714,-9.605562],[-77.509515,-9.606444],[-77.509438,-9.606657],[-77.509334,-9.606857],[-77.508717,-9.60781],[-77.508611,-9.60801],[-77.508539,-9.608224],[-77.508491,-9.608445],[-77.508068,-9.612493],[-77.506004,-9.618249],[-77.505526,-9.619021],[-77.504527,-9.62026],[-77.503931,-9.621483],[-77.503814,-9.621677],[-77.50363,-9.621809],[-77.503421,-9.6219],[-77.502765,-9.622105],[-77.502601,-9.622248],[-77.502001,-9.623211],[-77.501618,-9.623775],[-77.49941,-9.626377],[-77.499275,-9.62656],[-77.499047,-9.626952],[-77.49875,-9.627564],[-77.497691,-9.62957],[-77.497503,-9.629982],[-77.497339,-9.630404],[-77.497209,-9.630838],[-77.496881,-9.632386],[-77.496707,-9.632804],[-77.496593,-9.632999],[-77.496452,-9.633178],[-77.495175,-9.634477],[-77.494255,-9.635152],[-77.493746,-9.635609],[-77.492813,-9.636606],[-77.491477,-9.638158],[-77.491208,-9.638524],[-77.49091,-9.639134],[-77.49061,-9.640225],[-77.490536,-9.640439],[-77.490416,-9.640631],[-77.490257,-9.640794],[-77.489209,-9.641674],[-77.488896,-9.642004],[-77.488609,-9.642357],[-77.488346,-9.642727],[-77.488232,-9.642923],[-77.487954,-9.643543],[-77.487891,-9.64376],[-77.487758,-9.644426],[-77.487658,-9.645097],[-77.487602,-9.645315],[-77.487321,-9.646176],[-77.486994,-9.647021],[-77.486788,-9.647668],[-77.486579,-9.648778],[-77.486332,-9.649412],[-77.486233,-9.649614],[-77.486109,-9.649804],[-77.486037,-9.650017],[-77.4859,-9.650682],[-77.485833,-9.650897],[-77.485571,-9.651524],[-77.484962,-9.653704],[-77.484684,-9.654799],[-77.484674,-9.65593],[-77.484708,-9.656153],[-77.485018,-9.657004],[-77.485212,-9.658345],[-77.485211,-9.658797],[-77.485082,-9.659692],[-77.485053,-9.66037],[-77.485021,-9.660593],[-77.484959,-9.66081],[-77.484867,-9.661017],[-77.48474,-9.661204],[-77.483851,-9.662239],[-77.483589,-9.662611],[-77.482971,-9.663823],[-77.482531,-9.665108],[-77.482517,-9.665332],[-77.48256,-9.665781],[-77.482513,-9.665998],[-77.482375,-9.666177],[-77.482184,-9.666293],[-77.481963,-9.666357],[-77.481757,-9.66645],[-77.480878,-9.667176],[-77.480742,-9.667357],[-77.480431,-9.667961],[-77.480213,-9.668604],[-77.480107,-9.669502],[-77.480063,-9.669724],[-77.479932,-9.670148],[-77.479932,-9.670374],[-77.480001,-9.670588],[-77.48052,-9.671596],[-77.480895,-9.672422],[-77.481009,-9.672617],[-77.48101,-9.672834],[-77.480802,-9.673236],[-77.480445,-9.67352],[-77.479495,-9.67415],[-77.479358,-9.67433],[-77.479279,-9.674771],[-77.479189,-9.676125],[-77.479106,-9.676569],[-77.479035,-9.676784],[-77.478503,-9.678036],[-77.477948,-9.679277],[-77.477877,-9.679722],[-77.477852,-9.680174],[-77.477801,-9.680393],[-77.477698,-9.680593],[-77.477202,-9.681062],[-77.47614,-9.681926],[-77.475452,-9.682525],[-77.474714,-9.683062],[-77.474523,-9.683186],[-77.474315,-9.683281],[-77.472812,-9.683839],[-77.472626,-9.683972],[-77.472456,-9.684119],[-77.472333,-9.68431],[-77.472017,-9.684912],[-77.471896,-9.685103],[-77.471584,-9.685433],[-77.471046,-9.685855],[-77.470419,-9.686134],[-77.469765,-9.686347],[-77.469554,-9.686436],[-77.469348,-9.686534],[-77.468975,-9.686798],[-77.468805,-9.68695],[-77.468528,-9.687308],[-77.468276,-9.687686],[-77.468183,-9.687889],[-77.468115,-9.688105],[-77.467853,-9.688475],[-77.467696,-9.688636],[-77.467511,-9.68877],[-77.466824,-9.68937],[-77.466463,-9.68965],[-77.466265,-9.689761],[-77.46605,-9.689841],[-77.465593,-9.689863],[-77.465135,-9.689826],[-77.46491,-9.689861],[-77.464726,-9.689989],[-77.464624,-9.69019],[-77.46456,-9.690405],[-77.464634,-9.691079],[-77.464634,-9.691305],[-77.464597,-9.691527],[-77.464516,-9.691736],[-77.464365,-9.691905],[-77.46396,-9.692118],[-77.46377,-9.692242],[-77.463615,-9.692408],[-77.463509,-9.692607],[-77.463453,-9.692824],[-77.463387,-9.693499],[-77.46334,-9.693719],[-77.463238,-9.693921],[-77.463097,-9.694097],[-77.460828,-9.696006],[-77.460694,-9.696187],[-77.460604,-9.696393],[-77.460396,-9.697962],[-77.459996,-9.699958],[-77.459926,-9.702218],[-77.459932,-9.702443],[-77.460264,-9.705592],[-77.460581,-9.708286],[-77.460582,-9.708735],[-77.460614,-9.709185],[-77.460835,-9.709827],[-77.460874,-9.710049],[-77.460865,-9.710273],[-77.460814,-9.710494],[-77.460438,-9.711562],[-77.460392,-9.711783],[-77.460403,-9.712007],[-77.460449,-9.712228],[-77.460907,-9.713012],[-77.461009,-9.713214],[-77.461067,-9.713432],[-77.4611,-9.713882],[-77.46107,-9.715012],[-77.461043,-9.715236],[-77.460905,-9.715666],[-77.460663,-9.71605],[-77.460087,-9.716754],[-77.459162,-9.717758],[-77.45889,-9.718121],[-77.458807,-9.718329],[-77.458789,-9.718554],[-77.458835,-9.719003],[-77.45893,-9.719443],[-77.458865,-9.719659],[-77.458711,-9.719823],[-77.458534,-9.719965],[-77.458159,-9.720219],[-77.458014,-9.720392],[-77.457944,-9.720606],[-77.457939,-9.72083],[-77.458145,-9.721942],[-77.458169,-9.722166],[-77.458155,-9.722391],[-77.458089,-9.722606],[-77.457966,-9.722792],[-77.457195,-9.723629],[-77.457029,-9.723785],[-77.45685,-9.723926],[-77.456269,-9.724289],[-77.456117,-9.724455],[-77.456068,-9.724675],[-77.456095,-9.725123],[-77.456013,-9.725331],[-77.455099,-9.726345],[-77.455016,-9.726553],[-77.455017,-9.726778],[-77.455068,-9.726996],[-77.455178,-9.727192],[-77.45561,-9.72772],[-77.455661,-9.727939],[-77.455598,-9.728151],[-77.455454,-9.728325],[-77.454931,-9.728765],[-77.454792,-9.728944],[-77.454438,-9.729777],[-77.454279,-9.730202],[-77.454013,-9.731067],[-77.453718,-9.731923],[-77.45364,-9.732368],[-77.453596,-9.732817],[-77.453404,-9.733701],[-77.453217,-9.734113],[-77.452871,-9.734699],[-77.452443,-9.735499],[-77.452339,-9.73594],[-77.452311,-9.736164],[-77.452231,-9.736374],[-77.452115,-9.736568],[-77.451963,-9.736738],[-77.449428,-9.739032],[-77.449289,-9.739211],[-77.449095,-9.73962],[-77.449039,-9.740067],[-77.449102,-9.740515],[-77.449202,-9.740956],[-77.44924,-9.741405],[-77.449191,-9.74276],[-77.449171,-9.742985],[-77.449086,-9.743429],[-77.448684,-9.744727],[-77.448315,-9.745797],[-77.44696,-9.748915],[-77.446706,-9.749545],[-77.445864,-9.752128],[-77.445743,-9.752564],[-77.445489,-9.753194],[-77.444253,-9.755363],[-77.443997,-9.755737],[-77.443782,-9.756136],[-77.443702,-9.756348],[-77.443618,-9.756791],[-77.443433,-9.758817],[-77.443393,-9.759039],[-77.442811,-9.760754],[-77.44257,-9.761388],[-77.441651,-9.764185],[-77.440936,-9.76657],[-77.440849,-9.767013],[-77.440805,-9.769274],[-77.440687,-9.771079],[-77.440619,-9.77266],[-77.44055,-9.773562],[-77.440529,-9.773787],[-77.440404,-9.774454],[-77.440269,-9.775348],[-77.440158,-9.776473],[-77.440131,-9.77715],[-77.439873,-9.778483],[-77.439808,-9.77893],[-77.439727,-9.77983],[-77.439655,-9.780044],[-77.439358,-9.780656],[-77.438784,-9.781634],[-77.438257,-9.782375],[-77.437884,-9.782945],[-77.43784,-9.783166],[-77.437834,-9.783392],[-77.437864,-9.783615],[-77.438015,-9.784276],[-77.438123,-9.784946],[-77.438153,-9.78517],[-77.438153,-9.785396],[-77.437891,-9.787186],[-77.437843,-9.788767],[-77.437852,-9.789446],[-77.437812,-9.790349],[-77.437715,-9.791248],[-77.437541,-9.792365],[-77.437452,-9.792809],[-77.437274,-9.793464],[-77.43587,-9.79777],[-77.435781,-9.798213],[-77.43569,-9.798885],[-77.435598,-9.799328],[-77.435157,-9.800612],[-77.434797,-9.802155],[-77.434461,-9.803235],[-77.433636,-9.805101],[-77.433531,-9.805301],[-77.433381,-9.805469],[-77.43316,-9.805523],[-77.432013,-9.805527],[-77.431786,-9.805557],[-77.431568,-9.805627],[-77.431382,-9.805756],[-77.431234,-9.805929],[-77.430178,-9.807408],[-77.429891,-9.80776],[-77.429695,-9.807877],[-77.429481,-9.807955],[-77.429031,-9.808044],[-77.428577,-9.808105],[-77.428148,-9.808264],[-77.427946,-9.80837],[-77.427764,-9.808508],[-77.427434,-9.808822],[-77.427149,-9.809177],[-77.427031,-9.809369],[-77.426933,-9.809573],[-77.426628,-9.810426],[-77.426522,-9.810626],[-77.42613,-9.811183],[-77.424195,-9.813711],[-77.421718,-9.817247],[-77.421084,-9.81819],[-77.419857,-9.8201],[-77.419163,-9.821272],[-77.417999,-9.823479],[-77.415937,-9.827265],[-77.415292,-9.828714],[-77.415182,-9.828912],[-77.415055,-9.8291],[-77.414728,-9.829417],[-77.413643,-9.83025],[-77.413481,-9.830411],[-77.413346,-9.830593],[-77.413242,-9.830793],[-77.413166,-9.831006],[-77.412754,-9.832768],[-77.412718,-9.832991],[-77.412677,-9.834121],[-77.412611,-9.834796],[-77.412268,-9.836802],[-77.412146,-9.837238],[-77.412055,-9.837443],[-77.41146,-9.83841],[-77.411387,-9.838622],[-77.411166,-9.8395],[-77.410956,-9.840146],[-77.410073,-9.841732],[-77.408909,-9.844191],[-77.406024,-9.848813],[-77.405909,-9.849009],[-77.405543,-9.849838],[-77.405434,-9.850035],[-77.405268,-9.850186],[-77.40469,-9.850554],[-77.404528,-9.850713],[-77.404401,-9.8509],[-77.404153,-9.851532],[-77.404019,-9.851714],[-77.403685,-9.852023],[-77.403565,-9.852213],[-77.40357,-9.852434],[-77.403682,-9.852622],[-77.403891,-9.852708],[-77.404116,-9.852686],[-77.404768,-9.852469],[-77.405365,-9.852131],[-77.405573,-9.852036],[-77.405798,-9.85199],[-77.406027,-9.852],[-77.406246,-9.852066],[-77.406429,-9.852199],[-77.406577,-9.852372],[-77.406684,-9.852572],[-77.407412,-9.854232],[-77.407643,-9.85487],[-77.407696,-9.85509],[-77.407712,-9.855316],[-77.407631,-9.855758],[-77.407563,-9.855974],[-77.407469,-9.85618],[-77.406326,-9.858398],[-77.405835,-9.859419],[-77.404703,-9.861643],[-77.404325,-9.862467],[-77.403235,-9.865202],[-77.403165,-9.865417],[-77.403067,-9.865859],[-77.403039,-9.866082],[-77.403027,-9.866534],[-77.403072,-9.866984],[-77.404571,-9.871732],[-77.40472,-9.872395],[-77.404754,-9.873071],[-77.404618,-9.877139],[-77.404485,-9.879169],[-77.404441,-9.880525],[-77.40416,-9.885943],[-77.404095,-9.886391],[-77.402705,-9.893265],[-77.40259,-9.893702],[-77.402429,-9.894125],[-77.402202,-9.894517],[-77.401768,-9.895043],[-77.401605,-9.895202],[-77.399993,-9.896475],[-77.399439,-9.896878],[-77.399032,-9.897085],[-77.398595,-9.897219],[-77.397919,-9.89735],[-77.397463,-9.897402],[-77.397017,-9.897511],[-77.395887,-9.897709],[-77.395668,-9.897773],[-77.395043,-9.898056],[-77.394478,-9.898443],[-77.394151,-9.898759],[-77.393865,-9.899112],[-77.392342,-9.901371],[-77.392168,-9.901788],[-77.392107,-9.902006],[-77.391096,-9.905952],[-77.391075,-9.906177],[-77.3911,-9.906628],[-77.391714,-9.909504],[-77.391854,-9.909934],[-77.392114,-9.910304],[-77.392264,-9.910474],[-77.393151,-9.911191],[-77.393519,-9.911459],[-77.39368,-9.91162],[-77.393951,-9.911985],[-77.394058,-9.912184],[-77.394133,-9.912396],[-77.394192,-9.912844],[-77.394169,-9.913295],[-77.394107,-9.913511],[-77.394018,-9.913719],[-77.393768,-9.914097],[-77.390951,-9.916757],[-77.390712,-9.917142],[-77.390524,-9.917554],[-77.390121,-9.919085],[-77.389939,-9.9195],[-77.389684,-9.919876],[-77.38953,-9.920043],[-77.388512,-9.920957],[-77.387845,-9.921578],[-77.387691,-9.921745],[-77.387554,-9.921927],[-77.387451,-9.922127],[-77.387283,-9.922548],[-77.387256,-9.922772],[-77.387277,-9.923223],[-77.387397,-9.923657],[-77.387489,-9.923864],[-77.38775,-9.924235],[-77.387907,-9.924399],[-77.388092,-9.924533],[-77.388508,-9.924722],[-77.388949,-9.924848],[-77.392292,-9.925663],[-77.39251,-9.925733],[-77.392714,-9.925836],[-77.393072,-9.926117],[-77.393215,-9.926294],[-77.393445,-9.926685],[-77.393561,-9.927121],[-77.39359,-9.927344],[-77.39362,-9.928474],[-77.393589,-9.928697],[-77.393528,-9.928915],[-77.393436,-9.929122],[-77.392363,-9.931121],[-77.392229,-9.931304],[-77.387687,-9.936098],[-77.387522,-9.936255],[-77.38714,-9.936503],[-77.386934,-9.936604],[-77.386075,-9.936922],[-77.385679,-9.93715],[-77.385318,-9.937429],[-77.384489,-9.938211],[-77.384134,-9.938498],[-77.38376,-9.938759],[-77.382774,-9.939338],[-77.3826,-9.939484],[-77.382306,-9.939829],[-77.382194,-9.940027],[-77.382117,-9.940239],[-77.382078,-9.940461],[-77.38182,-9.942935],[-77.381791,-9.943838],[-77.381875,-9.94587],[-77.381834,-9.946093],[-77.381757,-9.946306],[-77.381643,-9.946502],[-77.380599,-9.948258],[-77.380463,-9.948439],[-77.380304,-9.948603],[-77.37922,-9.949439],[-77.378932,-9.949788],[-77.378823,-9.949987],[-77.378749,-9.950201],[-77.378652,-9.951099],[-77.378456,-9.951748],[-77.378225,-9.952137],[-77.377951,-9.952499],[-77.376068,-9.954156],[-77.368481,-9.960725],[-77.367806,-9.961337],[-77.367483,-9.96166],[-77.367328,-9.961826],[-77.366919,-9.962371],[-77.364429,-9.966437],[-77.364156,-9.966799],[-77.363825,-9.967112],[-77.362751,-9.96796],[-77.362361,-9.9682],[-77.361121,-9.968788],[-77.35881,-9.969792],[-77.35751,-9.97024],[-77.353948,-9.971118],[-77.353312,-9.971377],[-77.353118,-9.971498],[-77.352937,-9.971636],[-77.352436,-9.9721],[-77.351192,-9.97343],[-77.3508,-9.973987],[-77.350542,-9.974616],[-77.349971,-9.976334],[-77.349684,-9.976686],[-77.349506,-9.976827],[-77.348147,-9.977669],[-77.34728,-9.978409],[-77.346911,-9.978679],[-77.346715,-9.978797],[-77.345858,-9.97912],[-77.345469,-9.979356],[-77.345301,-9.97951],[-77.345038,-9.979878],[-77.344717,-9.980726],[-77.343805,-9.982295],[-77.343602,-9.9827],[-77.343434,-9.98312],[-77.343355,-9.983565],[-77.343185,-9.985366],[-77.343096,-9.985573],[-77.341837,-9.987186],[-77.341774,-9.987402],[-77.341796,-9.987625],[-77.341941,-9.987799],[-77.342464,-9.988234],[-77.342531,-9.988449],[-77.34251,-9.988668],[-77.342274,-9.989542],[-77.342023,-9.990173],[-77.341703,-9.990773],[-77.34008,-9.992965],[-77.339017,-9.99444],[-77.336299,-9.998085],[-77.33578,-9.998831],[-77.334836,-10.000112],[-77.334358,-10.000884],[-77.333868,-10.001906],[-77.333549,-10.002754],[-77.333306,-10.003625],[-77.332741,-10.005346],[-77.33209,-10.007515],[-77.33204,-10.007963],[-77.332047,-10.009545],[-77.331937,-10.009982],[-77.331183,-10.011377],[-77.330727,-10.012657],[-77.3304,-10.013501],[-77.329623,-10.014886],[-77.32933,-10.015499],[-77.328409,-10.017064],[-77.328104,-10.017672],[-77.328042,-10.01789],[-77.327935,-10.018329],[-77.327907,-10.019006],[-77.328007,-10.020811],[-77.327993,-10.021036],[-77.327809,-10.02238],[-77.327704,-10.022818],[-77.327073,-10.024274],[-77.326672,-10.025333],[-77.326527,-10.025995],[-77.326504,-10.026446],[-77.326627,-10.029382],[-77.32662,-10.029608],[-77.326585,-10.029831],[-77.326539,-10.030052],[-77.326384,-10.030477],[-77.325767,-10.03169],[-77.325635,-10.032121],[-77.325619,-10.032345],[-77.325643,-10.03257],[-77.325699,-10.032788],[-77.325786,-10.032997],[-77.325992,-10.033401],[-77.326334,-10.033989],[-77.326414,-10.034201],[-77.326448,-10.034423],[-77.326484,-10.035553],[-77.326591,-10.035992],[-77.32669,-10.036195],[-77.32681,-10.036387],[-77.327123,-10.036717],[-77.328284,-10.037446],[-77.329043,-10.037955],[-77.329688,-10.0386],[-77.329819,-10.038782],[-77.329868,-10.039003],[-77.329865,-10.039227],[-77.32979,-10.039437],[-77.329664,-10.039626],[-77.329485,-10.039762],[-77.328629,-10.040089],[-77.328432,-10.040202],[-77.328279,-10.040366],[-77.32819,-10.040571],[-77.328162,-10.040794],[-77.328193,-10.042377],[-77.328176,-10.042828],[-77.328215,-10.043505],[-77.328236,-10.046896],[-77.328204,-10.047574],[-77.328082,-10.048008],[-77.327394,-10.049685],[-77.327242,-10.050111],[-77.327142,-10.050782],[-77.327068,-10.051684],[-77.327046,-10.053266],[-77.326993,-10.053941],[-77.326911,-10.054152],[-77.326804,-10.05435],[-77.326659,-10.054524],[-77.325703,-10.05515],[-77.325346,-10.055433],[-77.324854,-10.055908],[-77.32391,-10.056896],[-77.323367,-10.057625],[-77.323044,-10.058224],[-77.322559,-10.059248],[-77.320799,-10.064389],[-77.32055,-10.065259],[-77.320181,-10.0668],[-77.319953,-10.067908],[-77.31915,-10.071206],[-77.318759,-10.072973],[-77.318238,-10.075175],[-77.31816,-10.075386],[-77.318038,-10.075577],[-77.317874,-10.075734],[-77.317679,-10.07585],[-77.317465,-10.075931],[-77.31637,-10.076272],[-77.315261,-10.076561],[-77.310628,-10.077877],[-77.309961,-10.078048],[-77.309315,-10.078281],[-77.308707,-10.0786],[-77.308118,-10.078951],[-77.306318,-10.079951],[-77.306133,-10.080083],[-77.305983,-10.080253],[-77.305607,-10.08082],[-77.30545,-10.080985],[-77.305261,-10.081111],[-77.305053,-10.081207],[-77.303958,-10.081545],[-77.302219,-10.082127],[-77.301559,-10.08232],[-77.300916,-10.082562],[-77.300513,-10.082779],[-77.300129,-10.083027],[-77.29934,-10.083847],[-77.29922,-10.084039],[-77.297342,-10.087664],[-77.296967,-10.088489],[-77.295366,-10.093916],[-77.2952,-10.094338],[-77.293387,-10.097995],[-77.29321,-10.098412],[-77.293061,-10.09884],[-77.292696,-10.09967],[-77.291598,-10.101909],[-77.291318,-10.102529],[-77.290591,-10.10394],[-77.289381,-10.105861],[-77.288988,-10.106677],[-77.287968,-10.109197],[-77.287734,-10.109835],[-77.287485,-10.110705],[-77.287339,-10.111368],[-77.287133,-10.112015],[-77.286078,-10.11452],[-77.285969,-10.114958],[-77.285855,-10.116083],[-77.285841,-10.116308],[-77.285879,-10.11653],[-77.285959,-10.116743],[-77.286082,-10.116932],[-77.286241,-10.117095],[-77.286429,-10.117222],[-77.286642,-10.1173],[-77.286868,-10.117336],[-77.287098,-10.117335],[-77.287322,-10.117286],[-77.287979,-10.117086],[-77.288204,-10.11704],[-77.288433,-10.117022],[-77.28935,-10.117032],[-77.290037,-10.117084],[-77.290265,-10.117109],[-77.290707,-10.117229],[-77.29091,-10.117334],[-77.291287,-10.117592],[-77.292866,-10.118904],[-77.293017,-10.119074],[-77.293153,-10.119256],[-77.293252,-10.119459],[-77.293339,-10.119668],[-77.293393,-10.119887],[-77.293459,-10.120334],[-77.293492,-10.121011],[-77.29348,-10.121463],[-77.293439,-10.121684],[-77.29279,-10.123852],[-77.292625,-10.124273],[-77.292311,-10.124876],[-77.292252,-10.125093],[-77.292281,-10.125315],[-77.292378,-10.125519],[-77.29254,-10.125673],[-77.292752,-10.125753],[-77.293199,-10.125858],[-77.293624,-10.126026],[-77.294604,-10.126615],[-77.294789,-10.126749],[-77.294955,-10.126905],[-77.295099,-10.127079],[-77.29532,-10.127475],[-77.295403,-10.127686],[-77.295613,-10.128087],[-77.295745,-10.128272],[-77.295925,-10.12841],[-77.296135,-10.128501],[-77.29636,-10.128532],[-77.296589,-10.128523],[-77.297028,-10.128396],[-77.297253,-10.128355],[-77.297482,-10.128361],[-77.297694,-10.12844],[-77.297868,-10.128585],[-77.298014,-10.12876],[-77.298648,-10.131166],[-77.298763,-10.131835],[-77.298775,-10.132511],[-77.298854,-10.132717],[-77.299242,-10.132957],[-77.301309,-10.133941],[-77.301502,-10.134062],[-77.301676,-10.134207],[-77.301804,-10.134394],[-77.301868,-10.134611],[-77.301879,-10.134836],[-77.301863,-10.136418],[-77.301793,-10.136864],[-77.301481,-10.138186],[-77.301479,-10.138637],[-77.301512,-10.138861],[-77.301647,-10.139292],[-77.301968,-10.139891],[-77.302706,-10.141036],[-77.303419,-10.142197],[-77.303925,-10.142952],[-77.304072,-10.143122],[-77.30425,-10.143265],[-77.304454,-10.143366],[-77.306027,-10.143673],[-77.306467,-10.143801],[-77.30709,-10.144091],[-77.30747,-10.144341],[-77.307936,-10.144839],[-77.308107,-10.144989],[-77.309293,-10.145676],[-77.30948,-10.145808],[-77.30999,-10.146264],[-77.310267,-10.146622],[-77.31037,-10.146824],[-77.310463,-10.14703],[-77.311007,-10.148519],[-77.311276,-10.149144],[-77.311621,-10.14973],[-77.312047,-10.15053],[-77.31224,-10.15118],[-77.312407,-10.152297],[-77.312483,-10.152505],[-77.312676,-10.152628],[-77.313111,-10.152767],[-77.313964,-10.1531],[-77.315182,-10.153733],[-77.316383,-10.154398],[-77.31655,-10.154551],[-77.316663,-10.154746],[-77.316779,-10.155413],[-77.317036,-10.156042],[-77.317102,-10.156258],[-77.317142,-10.15648],[-77.31715,-10.156706],[-77.317195,-10.156922],[-77.317395,-10.157004],[-77.317586,-10.156902],[-77.317608,-10.156683],[-77.317427,-10.156267],[-77.317338,-10.155826],[-77.317316,-10.155148],[-77.317329,-10.154922],[-77.317413,-10.154478],[-77.317426,-10.154254],[-77.317349,-10.154048],[-77.317204,-10.153875],[-77.317014,-10.15375],[-77.316595,-10.153565],[-77.316403,-10.153443],[-77.316229,-10.153295],[-77.316111,-10.153101],[-77.31581,-10.152494],[-77.315662,-10.152322],[-77.315271,-10.152087],[-77.315088,-10.151952],[-77.314989,-10.151757],[-77.315086,-10.151561],[-77.315293,-10.151496],[-77.315472,-10.151626],[-77.316447,-10.152583],[-77.316811,-10.152857],[-77.317025,-10.15294],[-77.318578,-10.153348],[-77.319693,-10.153614],[-77.319883,-10.153738],[-77.319967,-10.153933],[-77.319879,-10.154135],[-77.319479,-10.154356],[-77.319433,-10.154573],[-77.319544,-10.154764],[-77.319745,-10.154862],[-77.320421,-10.154983],[-77.320877,-10.155031],[-77.321106,-10.155045],[-77.321791,-10.155006],[-77.322008,-10.155076],[-77.322207,-10.155187],[-77.322581,-10.155448],[-77.322791,-10.155519],[-77.322941,-10.155361],[-77.322885,-10.155156],[-77.322698,-10.15503],[-77.322053,-10.154793],[-77.321833,-10.154731],[-77.321381,-10.154653],[-77.32123,-10.154493],[-77.321257,-10.154284],[-77.321466,-10.154232],[-77.321688,-10.154287],[-77.322119,-10.154439],[-77.323245,-10.154652],[-77.324106,-10.154968],[-77.324309,-10.155074],[-77.324484,-10.155217],[-77.324615,-10.155402],[-77.324684,-10.155614],[-77.32472,-10.155837],[-77.324756,-10.156967],[-77.324802,-10.157416],[-77.324872,-10.157629],[-77.325153,-10.157985],[-77.325317,-10.158138],[-77.325531,-10.158145],[-77.32565,-10.157967],[-77.325591,-10.157754],[-77.32538,-10.157354],[-77.32534,-10.157133],[-77.325426,-10.15669],[-77.325415,-10.156013],[-77.325367,-10.155563],[-77.325291,-10.155117],[-77.325133,-10.154695],[-77.325082,-10.154482],[-77.325193,-10.154294],[-77.32541,-10.154314],[-77.325506,-10.154516],[-77.325533,-10.154967],[-77.325625,-10.15541],[-77.325758,-10.155842],[-77.32616,-10.156902],[-77.326254,-10.157107],[-77.326393,-10.157284],[-77.326772,-10.15754],[-77.32694,-10.157688],[-77.327066,-10.157877],[-77.327166,-10.15808],[-77.327541,-10.159147],[-77.32768,-10.159325],[-77.327849,-10.159478],[-77.328056,-10.15957],[-77.328283,-10.159596],[-77.328739,-10.15959],[-77.328945,-10.159688],[-77.329316,-10.159955],[-77.329708,-10.160188],[-77.330139,-10.160342],[-77.330343,-10.160446],[-77.330894,-10.160852],[-77.331089,-10.160971],[-77.332127,-10.161454],[-77.332343,-10.161529],[-77.333243,-10.1617],[-77.333452,-10.161789],[-77.333804,-10.162079],[-77.334461,-10.162711],[-77.334659,-10.162668],[-77.334649,-10.162459],[-77.334465,-10.162331],[-77.334254,-10.162243],[-77.334077,-10.162103],[-77.333714,-10.161528],[-77.333527,-10.161401],[-77.332475,-10.16095],[-77.332281,-10.160829],[-77.332101,-10.160691],[-77.330033,-10.158572],[-77.329644,-10.158333],[-77.329229,-10.158141],[-77.329054,-10.157995],[-77.328899,-10.157831],[-77.328774,-10.157642],[-77.328445,-10.157046],[-77.328416,-10.156832],[-77.32861,-10.156758],[-77.328744,-10.156921],[-77.328821,-10.157364],[-77.328944,-10.157554],[-77.329266,-10.157874],[-77.331582,-10.158864],[-77.331994,-10.159064],[-77.33299,-10.159625],[-77.333202,-10.159709],[-77.333659,-10.159716],[-77.334115,-10.159661],[-77.334342,-10.159696],[-77.335626,-10.160181],[-77.335795,-10.160331],[-77.335867,-10.160544],[-77.335913,-10.160766],[-77.336023,-10.160963],[-77.3362,-10.161103],[-77.336625,-10.161269],[-77.337024,-10.16149],[-77.337341,-10.161816],[-77.337466,-10.162005],[-77.33755,-10.162214],[-77.337586,-10.162437],[-77.337568,-10.162661],[-77.337399,-10.16355],[-77.337427,-10.16377],[-77.337513,-10.163975],[-77.337654,-10.164154],[-77.338117,-10.164655],[-77.33824,-10.164846],[-77.3387,-10.16588],[-77.338807,-10.166078],[-77.33897,-10.16623],[-77.33962,-10.166433],[-77.339714,-10.166627],[-77.339639,-10.166832],[-77.339486,-10.167],[-77.338823,-10.167625],[-77.338473,-10.168209],[-77.338062,-10.169017],[-77.337511,-10.170009],[-77.337343,-10.170429],[-77.337098,-10.1713],[-77.337062,-10.172203],[-77.336973,-10.172401],[-77.33676,-10.17245],[-77.336082,-10.172343],[-77.335857,-10.172369],[-77.335713,-10.172528],[-77.335654,-10.17343],[-77.335608,-10.17365],[-77.335527,-10.173861],[-77.334867,-10.174785],[-77.334563,-10.175123],[-77.334046,-10.175571],[-77.333957,-10.175766],[-77.334042,-10.175965],[-77.334244,-10.176053],[-77.33444,-10.175953],[-77.335166,-10.175078],[-77.335331,-10.174922],[-77.335695,-10.174648],[-77.336279,-10.174288],[-77.33646,-10.174153],[-77.336559,-10.173953],[-77.336596,-10.173731],[-77.336714,-10.173545],[-77.336924,-10.173538],[-77.337056,-10.173716],[-77.337002,-10.173931],[-77.336757,-10.174309],[-77.336419,-10.174615],[-77.336292,-10.174798],[-77.335797,-10.175268],[-77.33562,-10.175685],[-77.335554,-10.175898],[-77.335621,-10.176102],[-77.335836,-10.176145],[-77.336504,-10.17598],[-77.336716,-10.175897],[-77.338939,-10.174295],[-77.339649,-10.173722],[-77.340322,-10.173106],[-77.340619,-10.172762],[-77.340741,-10.172571],[-77.341135,-10.171754],[-77.341354,-10.171357],[-77.341626,-10.170994],[-77.342126,-10.170528],[-77.342656,-10.170095],[-77.343049,-10.169862],[-77.343681,-10.169593],[-77.344969,-10.169112],[-77.34513,-10.168957],[-77.345249,-10.168766],[-77.345332,-10.168556],[-77.345892,-10.166833],[-77.34646,-10.165598],[-77.346627,-10.165177],[-77.346733,-10.164507],[-77.346788,-10.164288],[-77.346887,-10.164086],[-77.347191,-10.163749],[-77.347284,-10.163548],[-77.347191,-10.163366],[-77.346967,-10.163355],[-77.346818,-10.16352],[-77.346688,-10.163707],[-77.346453,-10.164095],[-77.346247,-10.164499],[-77.346001,-10.165132],[-77.345832,-10.165272],[-77.345626,-10.165182],[-77.345616,-10.164965],[-77.345864,-10.164589],[-77.345919,-10.164371],[-77.345909,-10.164146],[-77.345792,-10.163249],[-77.345796,-10.163023],[-77.345831,-10.162573],[-77.345934,-10.161902],[-77.346024,-10.161695],[-77.34626,-10.161309],[-77.346854,-10.160619],[-77.347119,-10.160251],[-77.347777,-10.158807],[-77.347932,-10.158643],[-77.348883,-10.15801],[-77.349681,-10.157563],[-77.350038,-10.157278],[-77.350193,-10.157113],[-77.350707,-10.156366],[-77.350907,-10.156274],[-77.351123,-10.156337],[-77.351647,-10.156776],[-77.351841,-10.156897],[-77.352056,-10.15695],[-77.352409,-10.156673],[-77.35262,-10.156593],[-77.353309,-10.156582],[-77.353536,-10.156552],[-77.353743,-10.156454],[-77.353927,-10.15632],[-77.354093,-10.156163],[-77.354921,-10.15508],[-77.355439,-10.154633],[-77.355824,-10.154387],[-77.356925,-10.153571],[-77.357549,-10.153287],[-77.357719,-10.153135],[-77.357848,-10.15295],[-77.35814,-10.152602],[-77.358513,-10.152032],[-77.358913,-10.15148],[-77.359088,-10.151338],[-77.359297,-10.151249],[-77.359748,-10.151161],[-77.360431,-10.151072],[-77.360889,-10.151078],[-77.361096,-10.150983],[-77.361283,-10.150853],[-77.361447,-10.150696],[-77.361736,-10.150344],[-77.361895,-10.150184],[-77.362077,-10.150047],[-77.362292,-10.149966],[-77.362742,-10.149889],[-77.363427,-10.149948],[-77.363656,-10.149933],[-77.364086,-10.149779],[-77.364309,-10.149733],[-77.364765,-10.149772],[-77.365895,-10.14997],[-77.366351,-10.15001],[-77.36725,-10.14983],[-77.367681,-10.14968],[-77.368086,-10.149466],[-77.368267,-10.149335],[-77.368641,-10.148766],[-77.368793,-10.148602],[-77.369004,-10.148525],[-77.370351,-10.148239],[-77.370571,-10.148174],[-77.371188,-10.147873],[-77.3714,-10.147792],[-77.371628,-10.147779],[-77.371856,-10.147803],[-77.373218,-10.147998],[-77.373678,-10.147989],[-77.373903,-10.148023],[-77.374713,-10.148448],[-77.374934,-10.148499],[-77.376076,-10.148617],[-77.376304,-10.148606],[-77.376739,-10.148465],[-77.376965,-10.148463],[-77.377398,-10.148615],[-77.377622,-10.148643],[-77.377801,-10.148513],[-77.378084,-10.148158],[-77.378282,-10.148051],[-77.378508,-10.148021],[-77.379426,-10.148026],[-77.379877,-10.147941],[-77.380095,-10.147872],[-77.380301,-10.147774],[-77.380888,-10.14742],[-77.381067,-10.14728],[-77.381721,-10.146645],[-77.381997,-10.146285],[-77.382155,-10.146121],[-77.382352,-10.14601],[-77.383185,-10.145629],[-77.383819,-10.145366],[-77.384254,-10.144845],[-77.384718,-10.144345],[-77.385149,-10.143817],[-77.385513,-10.142988],[-77.385658,-10.142815],[-77.38586,-10.142709],[-77.38743,-10.142386],[-77.387657,-10.142354],[-77.388345,-10.142328],[-77.388567,-10.14228],[-77.388743,-10.142142],[-77.388803,-10.141928],[-77.388825,-10.141703],[-77.388896,-10.141491],[-77.389056,-10.141332],[-77.389244,-10.141205],[-77.389657,-10.141007],[-77.390246,-10.14066],[-77.390782,-10.140234],[-77.391122,-10.13993],[-77.391271,-10.13976],[-77.391462,-10.13935],[-77.391615,-10.139192],[-77.391834,-10.139158],[-77.392274,-10.139285],[-77.3925,-10.139319],[-77.392677,-10.139188],[-77.392688,-10.138967],[-77.392555,-10.138537],[-77.392545,-10.138312],[-77.392623,-10.138103],[-77.392772,-10.137933],[-77.393114,-10.137095],[-77.393288,-10.136439],[-77.393333,-10.136217],[-77.39336,-10.135766],[-77.393297,-10.135091],[-77.393476,-10.134949],[-77.393891,-10.134756],[-77.394083,-10.134635],[-77.394233,-10.134464],[-77.394317,-10.134255],[-77.394368,-10.134035],[-77.39457,-10.133939],[-77.394788,-10.133959],[-77.394942,-10.13412],[-77.395135,-10.134529],[-77.395273,-10.134709],[-77.395452,-10.134847],[-77.395651,-10.134959],[-77.396078,-10.135126],[-77.397881,-10.135462],[-77.398478,-10.135796],[-77.398696,-10.135854],[-77.399383,-10.13581],[-77.399809,-10.135651],[-77.400213,-10.135437],[-77.400389,-10.135295],[-77.400514,-10.135107],[-77.400697,-10.134693],[-77.400831,-10.13451],[-77.401016,-10.134385],[-77.40124,-10.134377],[-77.401444,-10.134477],[-77.401631,-10.134607],[-77.402162,-10.13504],[-77.402353,-10.135164],[-77.403342,-10.135736],[-77.404407,-10.136157],[-77.404793,-10.136401],[-77.405332,-10.136822],[-77.405504,-10.136971],[-77.405977,-10.137464],[-77.406581,-10.138145],[-77.406758,-10.138286],[-77.407344,-10.138642],[-77.40752,-10.138782],[-77.407609,-10.138988],[-77.40762,-10.139438],[-77.407663,-10.139657],[-77.407851,-10.139766],[-77.408767,-10.139832],[-77.408988,-10.13978],[-77.409403,-10.139586],[-77.409626,-10.139533],[-77.410083,-10.139547],[-77.410299,-10.1396],[-77.410469,-10.139749],[-77.410566,-10.139953],[-77.410626,-10.140171],[-77.41079,-10.140593],[-77.410911,-10.140783],[-77.411065,-10.14095],[-77.411416,-10.141241],[-77.411605,-10.14137],[-77.41202,-10.141561],[-77.412201,-10.141695],[-77.412349,-10.141867],[-77.412449,-10.142068],[-77.412459,-10.142519],[-77.412383,-10.143647],[-77.412411,-10.143867],[-77.412607,-10.144275],[-77.412681,-10.144488],[-77.412742,-10.144935],[-77.412748,-10.145613],[-77.412803,-10.146061],[-77.412908,-10.146256],[-77.413109,-10.146346],[-77.413325,-10.146288],[-77.413495,-10.146142],[-77.413722,-10.145752],[-77.414104,-10.145505],[-77.414272,-10.145362],[-77.414533,-10.14499],[-77.414828,-10.144644],[-77.414893,-10.144435],[-77.41487,-10.144211],[-77.414902,-10.143994],[-77.415255,-10.143706],[-77.415447,-10.143582],[-77.41566,-10.143502],[-77.415888,-10.143504],[-77.416096,-10.143595],[-77.416273,-10.143738],[-77.416424,-10.143905],[-77.416545,-10.144097],[-77.417117,-10.144804],[-77.417515,-10.145028],[-77.417731,-10.145101],[-77.41796,-10.145088],[-77.418179,-10.145022],[-77.418602,-10.14485],[-77.419501,-10.144673],[-77.419729,-10.144694],[-77.419951,-10.144744],[-77.420164,-10.14483],[-77.420763,-10.145163],[-77.421131,-10.145433],[-77.421341,-10.14552],[-77.421551,-10.145451],[-77.421868,-10.145124],[-77.422057,-10.145004],[-77.422274,-10.144939],[-77.422504,-10.144933],[-77.422732,-10.144947],[-77.425005,-10.145263],[-77.42523,-10.14531],[-77.426294,-10.14573],[-77.426522,-10.145728],[-77.427751,-10.14512],[-77.427969,-10.145054],[-77.428189,-10.145103],[-77.42839,-10.14521],[-77.429305,-10.14589],[-77.430311,-10.146435],[-77.430738,-10.146601],[-77.431404,-10.146771],[-77.431581,-10.146905],[-77.431663,-10.147109],[-77.431631,-10.147328],[-77.431226,-10.148137],[-77.431155,-10.148352],[-77.431054,-10.149021],[-77.430896,-10.149445],[-77.430563,-10.150038],[-77.43049,-10.150252],[-77.430464,-10.150476],[-77.430554,-10.150679],[-77.430734,-10.150814],[-77.431362,-10.151093],[-77.431579,-10.151164],[-77.431806,-10.151185],[-77.432495,-10.151185],[-77.432721,-10.151218],[-77.433388,-10.151385],[-77.435223,-10.151402],[-77.435447,-10.151445],[-77.436108,-10.151636],[-77.436336,-10.151631],[-77.436549,-10.151547],[-77.437773,-10.150925],[-77.438,-10.150902],[-77.438222,-10.15094],[-77.438418,-10.151054],[-77.438528,-10.151249],[-77.438598,-10.151464],[-77.438622,-10.151687],[-77.438578,-10.152364],[-77.438545,-10.152587],[-77.438465,-10.152799],[-77.438339,-10.152984],[-77.437868,-10.153477],[-77.437719,-10.153649],[-77.437595,-10.153839],[-77.437142,-10.154877],[-77.437133,-10.155099],[-77.437213,-10.155304],[-77.437399,-10.155426],[-77.437624,-10.155453],[-77.437843,-10.155401],[-77.437988,-10.15523],[-77.438569,-10.153754],[-77.438763,-10.153345],[-77.439185,-10.152295],[-77.43924,-10.152075],[-77.439366,-10.151179],[-77.439364,-10.150954],[-77.439263,-10.150753],[-77.439101,-10.150597],[-77.438541,-10.150203],[-77.438348,-10.15008],[-77.438133,-10.150004],[-77.437907,-10.15],[-77.437276,-10.150269],[-77.436607,-10.150428],[-77.43638,-10.150452],[-77.436154,-10.150411],[-77.435949,-10.150311],[-77.434949,-10.149754],[-77.434338,-10.149445],[-77.43411,-10.149426],[-77.433885,-10.149468],[-77.433479,-10.149679],[-77.433263,-10.149724],[-77.433113,-10.149568],[-77.433175,-10.149379],[-77.43339,-10.149304],[-77.433835,-10.149194],[-77.43406,-10.149152],[-77.434518,-10.149125],[-77.434744,-10.149153],[-77.434962,-10.149224],[-77.436014,-10.149674],[-77.43623,-10.149742],[-77.436459,-10.149755],[-77.436679,-10.149691],[-77.437684,-10.149145],[-77.438096,-10.148945],[-77.438318,-10.1489],[-77.438541,-10.148946],[-77.439139,-10.149279],[-77.439582,-10.149393],[-77.43981,-10.14938],[-77.440935,-10.149151],[-77.441392,-10.149121],[-77.441615,-10.149144],[-77.441808,-10.149262],[-77.442159,-10.149842],[-77.44235,-10.149956],[-77.442578,-10.149973],[-77.443714,-10.149823],[-77.443943,-10.149829],[-77.444149,-10.149921],[-77.444378,-10.150311],[-77.444563,-10.150724],[-77.444588,-10.150947],[-77.444488,-10.151618],[-77.444387,-10.152059],[-77.444335,-10.152508],[-77.444374,-10.152729],[-77.444487,-10.152921],[-77.444839,-10.153211],[-77.445228,-10.153765],[-77.445438,-10.153835],[-77.445658,-10.153772],[-77.445885,-10.153749],[-77.446344,-10.153769],[-77.446571,-10.153801],[-77.446787,-10.153874],[-77.447185,-10.1541],[-77.447392,-10.154194],[-77.447616,-10.154204],[-77.448273,-10.154006],[-77.448499,-10.153967],[-77.448721,-10.153994],[-77.448905,-10.154123],[-77.449646,-10.154985],[-77.449834,-10.155112],[-77.450047,-10.155195],[-77.450269,-10.155246],[-77.450727,-10.155281],[-77.450952,-10.155323],[-77.451366,-10.155515],[-77.451747,-10.155767],[-77.452153,-10.155979],[-77.452344,-10.156102],[-77.452482,-10.156279],[-77.452515,-10.156499],[-77.452438,-10.156712],[-77.452281,-10.156872],[-77.451655,-10.157153],[-77.451009,-10.157388],[-77.450867,-10.157546],[-77.451015,-10.157675],[-77.451418,-10.157466],[-77.452043,-10.157183],[-77.452706,-10.157017],[-77.452854,-10.156846],[-77.452941,-10.156637],[-77.453052,-10.156199],[-77.453059,-10.155974],[-77.452946,-10.155781],[-77.452196,-10.155263],[-77.451668,-10.154828],[-77.451291,-10.154571],[-77.450671,-10.154276],[-77.450495,-10.154133],[-77.449945,-10.153409],[-77.449584,-10.15313],[-77.449437,-10.15297],[-77.449538,-10.152805],[-77.449713,-10.152938],[-77.450018,-10.153275],[-77.450511,-10.153747],[-77.450903,-10.153982],[-77.452131,-10.154597],[-77.452557,-10.154765],[-77.45278,-10.154808],[-77.453696,-10.154805],[-77.453903,-10.154894],[-77.454035,-10.155074],[-77.454097,-10.155288],[-77.454162,-10.155963],[-77.454244,-10.156174],[-77.454382,-10.156352],[-77.454574,-10.156471],[-77.454798,-10.156516],[-77.455255,-10.156563],[-77.455464,-10.156654],[-77.455641,-10.156793],[-77.455964,-10.157115],[-77.456226,-10.157486],[-77.456411,-10.157899],[-77.456442,-10.158119],[-77.456349,-10.158321],[-77.456142,-10.15841],[-77.455455,-10.158425],[-77.455021,-10.158566],[-77.454386,-10.158829],[-77.454205,-10.158957],[-77.454212,-10.159166],[-77.454405,-10.159274],[-77.45485,-10.159385],[-77.455077,-10.159375],[-77.455506,-10.159215],[-77.455728,-10.15917],[-77.455933,-10.159262],[-77.456296,-10.159538],[-77.456498,-10.159643],[-77.456721,-10.159689],[-77.457866,-10.159747],[-77.463098,-10.159041],[-77.463326,-10.159031],[-77.463543,-10.159102],[-77.463727,-10.159233],[-77.463876,-10.159405],[-77.46405,-10.159548],[-77.46427,-10.159551],[-77.464397,-10.159371],[-77.464367,-10.159152],[-77.463933,-10.158355],[-77.463802,-10.158171],[-77.463273,-10.157738],[-77.46286,-10.157544],[-77.461525,-10.157213],[-77.461092,-10.157065],[-77.46101,-10.156865],[-77.461094,-10.156662],[-77.461304,-10.156595],[-77.462222,-10.156577],[-77.462674,-10.156499],[-77.46334,-10.156332],[-77.463755,-10.156144],[-77.464115,-10.155864],[-77.464329,-10.155787],[-77.465017,-10.15576],[-77.465237,-10.155716],[-77.466009,-10.15523],[-77.466236,-10.1552],[-77.466464,-10.155218],[-77.467593,-10.155426],[-77.468051,-10.155445],[-77.468739,-10.155409],[-77.468967,-10.155417],[-77.469184,-10.15549],[-77.469384,-10.1556],[-77.469569,-10.155733],[-77.46972,-10.155902],[-77.469698,-10.15611],[-77.469541,-10.156531],[-77.469627,-10.156716],[-77.469847,-10.156757],[-77.470074,-10.156728],[-77.470509,-10.156587],[-77.47071,-10.156478],[-77.471056,-10.156182],[-77.471243,-10.156052],[-77.471464,-10.156005],[-77.471685,-10.156061],[-77.472006,-10.15638],[-77.472417,-10.156925],[-77.472708,-10.157274],[-77.472871,-10.157432],[-77.473626,-10.157947],[-77.4738,-10.158092],[-77.474068,-10.158458],[-77.474236,-10.158608],[-77.474455,-10.158585],[-77.474586,-10.158415],[-77.474397,-10.157531],[-77.474196,-10.156883],[-77.474089,-10.156685],[-77.473713,-10.156116],[-77.473627,-10.155909],[-77.473612,-10.155684],[-77.473693,-10.155476],[-77.474012,-10.15516],[-77.474209,-10.155053],[-77.474638,-10.154894],[-77.475046,-10.154685],[-77.475232,-10.154554],[-77.475547,-10.154225],[-77.475904,-10.153943],[-77.476839,-10.152949],[-77.477028,-10.152823],[-77.477691,-10.152653],[-77.477807,-10.152463],[-77.477817,-10.152237],[-77.477792,-10.15156],[-77.477842,-10.151346],[-77.478037,-10.151243],[-77.478234,-10.151349],[-77.478859,-10.152011],[-77.479044,-10.152144],[-77.479233,-10.152272],[-77.480824,-10.153176],[-77.481446,-10.153467],[-77.482333,-10.153694],[-77.482754,-10.153869],[-77.483211,-10.153843],[-77.483893,-10.153905],[-77.484322,-10.153753],[-77.48454,-10.153701],[-77.484768,-10.153728],[-77.484988,-10.153787],[-77.485416,-10.153942],[-77.486066,-10.153724],[-77.486292,-10.1537],[-77.486978,-10.153711],[-77.487192,-10.153631],[-77.487756,-10.153245],[-77.487964,-10.15317],[-77.488187,-10.153222],[-77.488415,-10.153234],[-77.489071,-10.153029],[-77.490438,-10.152877],[-77.490662,-10.152829],[-77.490865,-10.152725],[-77.491238,-10.15246],[-77.492452,-10.15182],[-77.492875,-10.151647],[-77.493317,-10.151523],[-77.493747,-10.151365],[-77.494337,-10.151018],[-77.494518,-10.150878],[-77.495714,-10.149507],[-77.495951,-10.14912],[-77.496155,-10.148473],[-77.496231,-10.148028],[-77.496277,-10.146898],[-77.496258,-10.146447],[-77.496198,-10.146232],[-77.496021,-10.146088],[-77.495879,-10.145915],[-77.495889,-10.145696],[-77.496015,-10.145507],[-77.496589,-10.144801],[-77.49697,-10.144237],[-77.497129,-10.144079],[-77.497342,-10.144008],[-77.497553,-10.144087],[-77.497755,-10.144194],[-77.498347,-10.144541],[-77.498563,-10.144588],[-77.498727,-10.14444],[-77.499073,-10.143855],[-77.499267,-10.143761],[-77.499466,-10.143867],[-77.50003,-10.144257],[-77.500238,-10.144346],[-77.500461,-10.144308],[-77.50068,-10.144239],[-77.500888,-10.144268],[-77.500865,-10.144474],[-77.500674,-10.144595],[-77.500462,-10.144682],[-77.50028,-10.144805],[-77.500246,-10.145009],[-77.500421,-10.145138],[-77.500646,-10.145108],[-77.500851,-10.145013],[-77.50102,-10.144863],[-77.501292,-10.144499],[-77.501452,-10.144339],[-77.501671,-10.144305],[-77.502357,-10.144369],[-77.503045,-10.144388],[-77.503271,-10.144358],[-77.503878,-10.144039],[-77.504094,-10.144006],[-77.504861,-10.144502],[-77.505066,-10.144601],[-77.505289,-10.144629],[-77.505516,-10.144595],[-77.50573,-10.144513],[-77.50595,-10.144515],[-77.506147,-10.144631],[-77.506366,-10.144638],[-77.506802,-10.144495],[-77.507022,-10.144536],[-77.507215,-10.144656],[-77.507627,-10.144849],[-77.508198,-10.145226],[-77.508633,-10.145367],[-77.509084,-10.14545],[-77.509997,-10.14554],[-77.510224,-10.145517],[-77.510438,-10.145436],[-77.510783,-10.145142],[-77.510991,-10.145056],[-77.511218,-10.145028],[-77.511674,-10.145055],[-77.511863,-10.145177],[-77.512037,-10.145323],[-77.512252,-10.145381],[-77.512707,-10.145398],[-77.5133,-10.145732],[-77.513527,-10.145767],[-77.513756,-10.145761],[-77.514207,-10.145676],[-77.515081,-10.1454],[-77.515305,-10.145352],[-77.515762,-10.145318],[-77.515987,-10.145359],[-77.516832,-10.145711],[-77.517207,-10.145972],[-77.517417,-10.146054],[-77.51787,-10.146122],[-77.517967,-10.146293],[-77.517775,-10.146386],[-77.517557,-10.146328],[-77.516712,-10.145975],[-77.516263,-10.145882],[-77.516034,-10.145866],[-77.515348,-10.145923],[-77.515126,-10.14598],[-77.514932,-10.146084],[-77.514978,-10.146281],[-77.51519,-10.146253],[-77.515393,-10.146148],[-77.515607,-10.146075],[-77.515834,-10.146048],[-77.516061,-10.146083],[-77.51628,-10.146149],[-77.516485,-10.14625],[-77.517201,-10.146817],[-77.517358,-10.146981],[-77.517493,-10.147163],[-77.517612,-10.147357],[-77.517683,-10.147565],[-77.517696,-10.14779],[-77.517649,-10.148012],[-77.517645,-10.148236],[-77.517726,-10.148444],[-77.518024,-10.148786],[-77.518427,-10.149001],[-77.518596,-10.149145],[-77.518673,-10.149349],[-77.518396,-10.15021],[-77.518299,-10.15041],[-77.517914,-10.150649],[-77.517781,-10.150834],[-77.517669,-10.151031],[-77.517616,-10.151246],[-77.51769,-10.151455],[-77.517844,-10.15162],[-77.518195,-10.151912],[-77.519859,-10.153118],[-77.520576,-10.153684],[-77.521357,-10.154511],[-77.522719,-10.155722],[-77.523009,-10.156073],[-77.523243,-10.156462],[-77.52364,-10.157015],[-77.524795,-10.158421],[-77.524971,-10.158566],[-77.525926,-10.159193],[-77.526084,-10.159355],[-77.526208,-10.159543],[-77.52641,-10.159949],[-77.52654,-10.160135],[-77.526695,-10.160301],[-77.527724,-10.161201],[-77.527879,-10.161368],[-77.528015,-10.161549],[-77.528126,-10.161747],[-77.528278,-10.161916],[-77.52865,-10.162181],[-77.52895,-10.162791],[-77.529427,-10.163276],[-77.52999,-10.163991],[-77.530174,-10.164124],[-77.530795,-10.164413],[-77.530986,-10.164537],[-77.531451,-10.165036],[-77.532623,-10.16612],[-77.532777,-10.166285],[-77.532878,-10.166488],[-77.532937,-10.166704],[-77.532986,-10.167153],[-77.53274,-10.168485],[-77.532623,-10.168678],[-77.531954,-10.169294],[-77.53186,-10.169492],[-77.532126,-10.170115],[-77.532459,-10.170709],[-77.532659,-10.171116],[-77.532913,-10.17149],[-77.533311,-10.171712],[-77.534964,-10.172501],[-77.535754,-10.172961],[-77.535961,-10.173058],[-77.53618,-10.173113],[-77.536867,-10.173167],[-77.537093,-10.173133],[-77.538849,-10.1726],[-77.539736,-10.172369],[-77.540414,-10.172251],[-77.540641,-10.172233],[-77.540865,-10.172276],[-77.541713,-10.172624],[-77.544014,-10.173649],[-77.544418,-10.173863],[-77.5446,-10.174001],[-77.546914,-10.176512],[-77.547174,-10.176883],[-77.548425,-10.17955],[-77.548937,-10.180562],[-77.549,-10.180777],[-77.549034,-10.181],[-77.549074,-10.182128],[-77.549146,-10.182343],[-77.54925,-10.182544],[-77.54986,-10.183501],[-77.550173,-10.183831],[-77.550353,-10.183971],[-77.550554,-10.18408],[-77.55186,-10.184509],[-77.552501,-10.184756],[-77.552697,-10.184873],[-77.553209,-10.185326],[-77.553687,-10.185814],[-77.553964,-10.186174],[-77.55454,-10.187152],[-77.554719,-10.187568],[-77.554756,-10.187789],[-77.554814,-10.188691],[-77.554693,-10.189815],[-77.55447,-10.191382],[-77.554375,-10.192507],[-77.554389,-10.192733],[-77.554516,-10.193166],[-77.554608,-10.193374],[-77.55502,-10.193915],[-77.555107,-10.194124],[-77.555133,-10.194346],[-77.554825,-10.195433],[-77.554768,-10.196109],[-77.554658,-10.196546],[-77.554665,-10.196772],[-77.554711,-10.196991],[-77.554935,-10.19763],[-77.554948,-10.197856],[-77.554767,-10.198509],[-77.554736,-10.198733],[-77.554743,-10.198956],[-77.554782,-10.199179],[-77.555233,-10.20046],[-77.555557,-10.201545],[-77.555938,-10.202611],[-77.556056,-10.203048],[-77.556353,-10.203903],[-77.556461,-10.204102],[-77.556619,-10.204265],[-77.556805,-10.204396],[-77.55762,-10.204813],[-77.558003,-10.20506],[-77.558151,-10.205231],[-77.55827,-10.205423],[-77.558353,-10.205634],[-77.558406,-10.205854],[-77.558418,-10.206078],[-77.558389,-10.206301],[-77.558197,-10.207186],[-77.558082,-10.207854],[-77.557914,-10.208512],[-77.557686,-10.20962],[-77.557132,-10.211344],[-77.557128,-10.211569],[-77.557176,-10.21179],[-77.557524,-10.212867],[-77.557613,-10.213074],[-77.557953,-10.213663],[-77.558006,-10.213882],[-77.558036,-10.214332],[-77.558096,-10.21455],[-77.558198,-10.214752],[-77.559319,-10.216461],[-77.559461,-10.21689],[-77.5596,-10.217554],[-77.559668,-10.21777],[-77.559972,-10.218377],[-77.560058,-10.218587],[-77.560117,-10.218805],[-77.56016,-10.219027],[-77.560301,-10.220376],[-77.560292,-10.220602],[-77.560209,-10.221047],[-77.560192,-10.22127],[-77.560216,-10.221495],[-77.560359,-10.221924],[-77.560669,-10.223013],[-77.560705,-10.223234],[-77.560661,-10.223683],[-77.560645,-10.224135],[-77.560663,-10.22436],[-77.560819,-10.22502],[-77.560833,-10.225244],[-77.560764,-10.226826],[-77.560779,-10.227956],[-77.560829,-10.228632],[-77.560984,-10.22998],[-77.561071,-10.230188],[-77.5615,-10.230986],[-77.561662,-10.23141],[-77.561777,-10.231846],[-77.561835,-10.232294],[-77.561899,-10.23251],[-77.561999,-10.232713],[-77.562647,-10.233351],[-77.563666,-10.234264],[-77.563851,-10.234396],[-77.564054,-10.2345],[-77.564721,-10.234662],[-77.565137,-10.234851],[-77.56533,-10.234974],[-77.565829,-10.235441],[-77.56601,-10.235578],[-77.566609,-10.235913],[-77.567852,-10.236495],[-77.568044,-10.236621],[-77.568217,-10.236768],[-77.56836,-10.236944],[-77.568456,-10.23715],[-77.568489,-10.237373],[-77.568623,-10.239177],[-77.568963,-10.240491],[-77.569056,-10.240696],[-77.569181,-10.240884],[-77.569332,-10.241055],[-77.56957,-10.24144],[-77.570091,-10.242696],[-77.570295,-10.243101],[-77.570451,-10.243264],[-77.571195,-10.243791],[-77.571466,-10.244154],[-77.571564,-10.244357],[-77.571707,-10.244787],[-77.572008,-10.245125],[-77.572357,-10.245418],[-77.572671,-10.245748],[-77.572854,-10.245882],[-77.573069,-10.245964],[-77.573267,-10.246073],[-77.573592,-10.24639],[-77.573722,-10.246576],[-77.573977,-10.246952],[-77.574196,-10.247349],[-77.575065,-10.249684],[-77.575451,-10.251911],[-77.575506,-10.252128],[-77.575634,-10.252314],[-77.575812,-10.252453],[-77.57645,-10.252707],[-77.57685,-10.252928],[-77.577223,-10.253191],[-77.577355,-10.253374],[-77.577451,-10.253578],[-77.577484,-10.253799],[-77.577461,-10.255155],[-77.577823,-10.256928],[-77.578268,-10.258915],[-77.578387,-10.259352],[-77.579322,-10.260908],[-77.579701,-10.261474],[-77.580649,-10.263023],[-77.581104,-10.263809],[-77.581286,-10.264224],[-77.581533,-10.265094],[-77.582113,-10.267514],[-77.582276,-10.268404],[-77.582331,-10.268853],[-77.582335,-10.269077],[-77.582235,-10.269518],[-77.582213,-10.269742],[-77.582266,-10.269962],[-77.582492,-10.270354],[-77.58258,-10.270561],[-77.582637,-10.27078],[-77.582726,-10.271223],[-77.582931,-10.272564],[-77.583028,-10.273006],[-77.583111,-10.273215],[-77.584434,-10.27585],[-77.585036,-10.277559],[-77.585706,-10.279721],[-77.586171,-10.280753],[-77.58676,-10.281446],[-77.5877,-10.282436],[-77.588096,-10.282666],[-77.589728,-10.283495],[-77.590159,-10.283644],[-77.590338,-10.283783],[-77.591458,-10.285215],[-77.592725,-10.287101],[-77.592864,-10.28728],[-77.593169,-10.287618],[-77.593987,-10.28841],[-77.594516,-10.288845],[-77.595292,-10.289327],[-77.595649,-10.289611],[-77.596629,-10.290565],[-77.596806,-10.290706],[-77.598428,-10.291552],[-77.598619,-10.291676],[-77.598774,-10.291842],[-77.598889,-10.292036],[-77.598951,-10.292253],[-77.599058,-10.293151],[-77.599136,-10.293596],[-77.599454,-10.294444],[-77.600274,-10.296062],[-77.600509,-10.296699],[-77.601026,-10.297708],[-77.601903,-10.29955],[-77.601983,-10.299761],[-77.602174,-10.300413],[-77.60236,-10.301298],[-77.602724,-10.302607],[-77.602808,-10.302815],[-77.603027,-10.303213],[-77.603173,-10.303385],[-77.60413,-10.304361],[-77.604267,-10.304539],[-77.604473,-10.304943],[-77.604695,-10.30582],[-77.604788,-10.306023],[-77.605314,-10.306763],[-77.605889,-10.307136],[-77.606091,-10.307244],[-77.606847,-10.307756],[-77.607529,-10.308361],[-77.608074,-10.308775],[-77.608416,-10.309077],[-77.60873,-10.309406],[-77.609088,-10.309687],[-77.610822,-10.310282],[-77.611718,-10.310477],[-77.612629,-10.310586],[-77.614463,-10.310679],[-77.614686,-10.310726],[-77.614892,-10.310824],[-77.615067,-10.310969],[-77.615824,-10.311819],[-77.616625,-10.312629],[-77.616926,-10.312969],[-77.617264,-10.313272],[-77.617478,-10.31334],[-77.617706,-10.313362],[-77.618621,-10.313324],[-77.618845,-10.313367],[-77.619062,-10.313443],[-77.619263,-10.31355],[-77.619447,-10.313682],[-77.619608,-10.313843],[-77.619747,-10.314021],[-77.619856,-10.31422],[-77.619939,-10.31443],[-77.620417,-10.315941],[-77.620861,-10.316983],[-77.621541,-10.318163],[-77.621672,-10.318348],[-77.621817,-10.318522],[-77.621993,-10.318667],[-77.622742,-10.31919],[-77.622909,-10.319344],[-77.623347,-10.319866],[-77.624,-10.320796],[-77.624154,-10.320963],[-77.626434,-10.322857],[-77.626474,-10.323071],[-77.626412,-10.323287],[-77.626214,-10.323394],[-77.62599,-10.323412],[-77.625532,-10.323383],[-77.625077,-10.323434],[-77.624854,-10.323484],[-77.624792,-10.323694],[-77.624934,-10.323856],[-77.625619,-10.323905],[-77.625835,-10.323973],[-77.626042,-10.324072],[-77.626209,-10.324225],[-77.626476,-10.324593],[-77.627184,-10.325168],[-77.627317,-10.32535],[-77.627344,-10.325572],[-77.627286,-10.325788],[-77.627084,-10.326193],[-77.627036,-10.326414],[-77.626763,-10.328431],[-77.626713,-10.328651],[-77.626243,-10.329683],[-77.626166,-10.329895],[-77.626147,-10.33012],[-77.626161,-10.330572],[-77.626145,-10.330795],[-77.625722,-10.331845],[-77.625652,-10.33206],[-77.625629,-10.332283],[-77.625716,-10.332727],[-77.626162,-10.33448],[-77.626172,-10.334706],[-77.626139,-10.334928],[-77.625889,-10.33556],[-77.625861,-10.335783],[-77.625874,-10.33646],[-77.62592,-10.33668],[-77.626032,-10.336877],[-77.626175,-10.337052],[-77.626654,-10.33754],[-77.626791,-10.337721],[-77.626896,-10.337921],[-77.627108,-10.338566],[-77.627218,-10.338763],[-77.62737,-10.338932],[-77.629963,-10.341163],[-77.632077,-10.342523],[-77.632445,-10.342793],[-77.632608,-10.342952],[-77.632888,-10.34331],[-77.63337,-10.344079],[-77.633509,-10.344259],[-77.633655,-10.344433],[-77.634778,-10.345565],[-77.635036,-10.345938],[-77.635744,-10.347102],[-77.636026,-10.347459],[-77.636187,-10.34762],[-77.63636,-10.347768],[-77.639336,-10.349888],[-77.639882,-10.350301],[-77.644051,-10.353849],[-77.644236,-10.353983],[-77.644642,-10.354194],[-77.646563,-10.354938],[-77.647017,-10.355003],[-77.648391,-10.355109],[-77.648614,-10.355159],[-77.648826,-10.355244],[-77.649021,-10.355363],[-77.64919,-10.355515],[-77.649319,-10.355701],[-77.649396,-10.355913],[-77.649451,-10.356132],[-77.649602,-10.357024],[-77.649746,-10.357453],[-77.65112,-10.359805],[-77.651382,-10.360431],[-77.651599,-10.361074],[-77.651713,-10.361269],[-77.651864,-10.361437],[-77.652633,-10.361928],[-77.652972,-10.362231],[-77.653114,-10.362408],[-77.653239,-10.362598],[-77.654465,-10.365276],[-77.654732,-10.365644],[-77.654905,-10.365792],[-77.655282,-10.366048],[-77.65571,-10.366208],[-77.655934,-10.366255],[-77.656393,-10.36625],[-77.65662,-10.366222],[-77.659244,-10.365394],[-77.659467,-10.365341],[-77.659695,-10.365324],[-77.660149,-10.365387],[-77.660365,-10.36546],[-77.660566,-10.365568],[-77.660914,-10.365862],[-77.6612,-10.366213],[-77.661295,-10.366419],[-77.661631,-10.3675],[-77.661715,-10.367708],[-77.661855,-10.367887],[-77.662191,-10.368192],[-77.665042,-10.370094],[-77.665201,-10.370255],[-77.665466,-10.370624],[-77.666028,-10.37161],[-77.666284,-10.371985],[-77.666589,-10.372322],[-77.667735,-10.373431],[-77.668088,-10.37372],[-77.66828,-10.373843],[-77.66936,-10.374228],[-77.669567,-10.374322],[-77.669738,-10.374469],[-77.670074,-10.375059],[-77.670396,-10.375381],[-77.670579,-10.375518],[-77.671346,-10.376014],[-77.671995,-10.376236],[-77.672188,-10.376352],[-77.672495,-10.376688],[-77.672838,-10.376987],[-77.673488,-10.377207],[-77.673882,-10.377436],[-77.674732,-10.378195],[-77.6756,-10.379248],[-77.676087,-10.379727],[-77.678907,-10.382045],[-77.680033,-10.383173],[-77.680212,-10.383312],[-77.680596,-10.383561],[-77.68221,-10.384423],[-77.682628,-10.38461],[-77.683495,-10.384909],[-77.683718,-10.384959],[-77.683947,-10.384976],[-77.684176,-10.384964],[-77.685311,-10.384799],[-77.68577,-10.384806],[-77.688033,-10.385184],[-77.688467,-10.385329],[-77.690573,-10.386231],[-77.690975,-10.386448],[-77.691157,-10.386586],[-77.691304,-10.386758],[-77.691524,-10.387154],[-77.692961,-10.390483],[-77.693265,-10.391337],[-77.693391,-10.391771],[-77.693552,-10.392661],[-77.693604,-10.393564],[-77.693768,-10.395138],[-77.69392,-10.395563],[-77.694189,-10.395929],[-77.694857,-10.396549],[-77.695312,-10.397058],[-77.696598,-10.39893],[-77.697922,-10.400492],[-77.699864,-10.402724],[-77.700211,-10.40302],[-77.702622,-10.404751],[-77.702903,-10.405107],[-77.703018,-10.405303],[-77.703656,-10.406997],[-77.703935,-10.407357],[-77.7041,-10.407512],[-77.706888,-10.409503],[-77.707838,-10.410137],[-77.708243,-10.41035],[-77.711979,-10.412089],[-77.71238,-10.412308],[-77.712734,-10.412595],[-77.712881,-10.412767],[-77.713104,-10.413162],[-77.713166,-10.41338],[-77.713219,-10.413828],[-77.713219,-10.417898],[-77.713335,-10.418335],[-77.713786,-10.419616],[-77.714305,-10.420625],[-77.714676,-10.421194],[-77.71502,-10.421492],[-77.715746,-10.422047],[-77.716373,-10.422706],[-77.716565,-10.422826],[-77.717594,-10.423328],[-77.717779,-10.42346],[-77.719172,-10.424639],[-77.720133,-10.425255],[-77.720767,-10.425518],[-77.721438,-10.425667],[-77.721666,-10.425693],[-77.723043,-10.425666],[-77.723271,-10.425694],[-77.723495,-10.42574],[-77.723932,-10.425879],[-77.724348,-10.426069],[-77.724713,-10.42634],[-77.724869,-10.426506],[-77.725749,-10.427549],[-77.725889,-10.427728],[-77.726005,-10.427923],[-77.726091,-10.428132],[-77.726473,-10.431047],[-77.726605,-10.431479],[-77.726849,-10.432111],[-77.726865,-10.432336],[-77.726834,-10.43256],[-77.726776,-10.432778],[-77.726452,-10.433862],[-77.726358,-10.434533],[-77.726399,-10.435436],[-77.726467,-10.436111],[-77.726601,-10.436775],[-77.727167,-10.438256],[-77.727534,-10.439085],[-77.727727,-10.439968],[-77.727868,-10.440397],[-77.7292,-10.443278],[-77.729508,-10.443885],[-77.729638,-10.44407],[-77.730053,-10.444612],[-77.730826,-10.445447],[-77.731055,-10.445839],[-77.731257,-10.446245],[-77.731328,-10.44646],[-77.731616,-10.447786],[-77.731687,-10.448001],[-77.732546,-10.450098],[-77.732692,-10.450526],[-77.732733,-10.450747],[-77.732758,-10.451198],[-77.732778,-10.454137],[-77.732591,-10.456844],[-77.732599,-10.457522],[-77.732638,-10.457745],[-77.733339,-10.460134],[-77.733667,-10.461683],[-77.734266,-10.465023],[-77.734327,-10.465239],[-77.734425,-10.465443],[-77.73457,-10.465616],[-77.734747,-10.465761],[-77.735329,-10.466123],[-77.735508,-10.46626],[-77.735641,-10.466443],[-77.735718,-10.466655],[-77.735802,-10.467328],[-77.735888,-10.467773],[-77.735951,-10.467989],[-77.736149,-10.468397],[-77.737415,-10.470549],[-77.7377,-10.470903],[-77.738488,-10.471724],[-77.738602,-10.47192],[-77.738703,-10.472123],[-77.738986,-10.472983],[-77.739249,-10.47361],[-77.740285,-10.47537],[-77.740388,-10.475572],[-77.740731,-10.476411],[-77.741899,-10.478615],[-77.742013,-10.479052],[-77.742041,-10.479504],[-77.742097,-10.479952],[-77.742514,-10.481713],[-77.74268,-10.482134],[-77.744046,-10.484998],[-77.744306,-10.485371],[-77.744599,-10.485719],[-77.746207,-10.487333],[-77.746562,-10.487618],[-77.746966,-10.487831],[-77.747184,-10.487898],[-77.747407,-10.487954],[-77.748087,-10.488059],[-77.748751,-10.488238],[-77.748964,-10.488321],[-77.749165,-10.48843],[-77.749535,-10.488697],[-77.749713,-10.48884],[-77.750305,-10.489531],[-77.751288,-10.490783],[-77.751545,-10.491157],[-77.751653,-10.491357],[-77.751745,-10.491562],[-77.751806,-10.49178],[-77.751882,-10.492226],[-77.752029,-10.493802],[-77.752181,-10.494463],[-77.752354,-10.49488],[-77.753104,-10.496279],[-77.753287,-10.496933],[-77.754058,-10.500931],[-77.754219,-10.502506],[-77.75444,-10.506795],[-77.755064,-10.51059],[-77.755201,-10.51102],[-77.755309,-10.511219],[-77.755441,-10.511403],[-77.756073,-10.512058],[-77.756415,-10.512645],[-77.756499,-10.51309],[-77.756521,-10.513314],[-77.756511,-10.513539],[-77.756416,-10.513981],[-77.756159,-10.514848],[-77.756133,-10.515072],[-77.756136,-10.515298],[-77.756212,-10.515971],[-77.756531,-10.517522],[-77.756744,-10.518402],[-77.757195,-10.519683],[-77.757387,-10.520092],[-77.757763,-10.520661],[-77.757857,-10.520866],[-77.757899,-10.521088],[-77.757911,-10.521313],[-77.757807,-10.522665],[-77.757816,-10.52289],[-77.757861,-10.523111],[-77.757938,-10.523323],[-77.758166,-10.523715],[-77.758768,-10.524397],[-77.758883,-10.524592],[-77.758962,-10.524804],[-77.75901,-10.525023],[-77.759016,-10.525249],[-77.758938,-10.525692],[-77.758731,-10.526095],[-77.758149,-10.52707],[-77.758062,-10.527278],[-77.758025,-10.527501],[-77.758006,-10.527725],[-77.758031,-10.528177],[-77.758451,-10.530858],[-77.758441,-10.531083],[-77.758404,-10.531306],[-77.757902,-10.533513],[-77.757785,-10.534181],[-77.757766,-10.534405],[-77.757774,-10.534857],[-77.757941,-10.537112],[-77.757973,-10.537336],[-77.758843,-10.540383],[-77.75892,-10.540827],[-77.758909,-10.541052],[-77.758812,-10.541494],[-77.758735,-10.541706],[-77.758433,-10.542315],[-77.758374,-10.542532],[-77.758362,-10.542757],[-77.758397,-10.54298],[-77.758476,-10.543192],[-77.758763,-10.543808],[-77.758839,-10.544022],[-77.758938,-10.544462],[-77.758904,-10.548983],[-77.758925,-10.549208],[-77.758982,-10.549426],[-77.75915,-10.549846],[-77.759692,-10.551093],[-77.759908,-10.551491],[-77.76006,-10.551659],[-77.760235,-10.551805],[-77.760818,-10.552165],[-77.761143,-10.552484],[-77.761269,-10.552673],[-77.761447,-10.553088],[-77.761551,-10.553758],[-77.761534,-10.55421],[-77.761431,-10.55488],[-77.760874,-10.556839],[-77.760773,-10.55728],[-77.760622,-10.5584],[-77.760443,-10.560427],[-77.760407,-10.56065],[-77.760312,-10.560855],[-77.760156,-10.561017],[-77.759976,-10.561157],[-77.759583,-10.561391],[-77.75941,-10.561539],[-77.759281,-10.561724],[-77.759199,-10.561934],[-77.759152,-10.562154],[-77.759169,-10.562379],[-77.759363,-10.563262],[-77.759392,-10.563486],[-77.759418,-10.56439],[-77.75938,-10.56484],[-77.75934,-10.565062],[-77.75919,-10.565488],[-77.75873,-10.566524],[-77.757643,-10.568769],[-77.757201,-10.56981],[-77.757142,-10.570259],[-77.757139,-10.570484],[-77.757166,-10.570708],[-77.757231,-10.570924],[-77.757315,-10.571134],[-77.757442,-10.571321],[-77.758007,-10.572034],[-77.759319,-10.573606],[-77.759446,-10.573794],[-77.759651,-10.574195],[-77.759919,-10.575295],[-77.760122,-10.575698],[-77.760258,-10.575879],[-77.760424,-10.576036],[-77.761776,-10.577259],[-77.761915,-10.577438],[-77.762027,-10.577635],[-77.762112,-10.577844],[-77.766599,-10.593511],[-77.767633,-10.59838],[-77.767839,-10.599027],[-77.768219,-10.59985],[-77.772973,-10.608627],[-77.774351,-10.611235],[-77.775338,-10.613022],[-77.775587,-10.613401],[-77.776437,-10.614469],[-77.779187,-10.617804],[-77.783192,-10.622756],[-77.783634,-10.623276],[-77.784136,-10.623739],[-77.786378,-10.625315],[-77.786556,-10.625459],[-77.789344,-10.627814],[-77.793844,-10.631675],[-77.794484,-10.632324],[-77.794628,-10.6325],[-77.798731,-10.637664],[-77.799802,-10.639133],[-77.80175,-10.6422],[-77.803765,-10.645492],[-77.806301,-10.64953],[-77.806607,-10.650137],[-77.806739,-10.650569],[-77.806821,-10.651013],[-77.807917,-10.659765],[-77.80804,-10.660889],[-77.80815,-10.661558],[-77.808437,-10.662883],[-77.80859,-10.663046],[-77.80881,-10.663082],[-77.809008,-10.663191],[-77.809134,-10.663378],[-77.809167,-10.663599],[-77.809103,-10.663813],[-77.808955,-10.663983],[-77.808745,-10.664056],[-77.808517,-10.664038],[-77.808308,-10.663953],[-77.808083,-10.663916],[-77.807854,-10.663925],[-77.807404,-10.664013],[-77.806718,-10.664074],[-77.806276,-10.664195],[-77.79534,-10.668315],[-77.795131,-10.668405],[-77.794944,-10.668538],[-77.794778,-10.668694],[-77.794641,-10.668874],[-77.794441,-10.66928],[-77.794384,-10.669499],[-77.794286,-10.670169],[-77.79422,-10.670384],[-77.79402,-10.670791],[-77.793972,-10.671011],[-77.793973,-10.671237],[-77.794149,-10.671651],[-77.794291,-10.671821],[-77.794358,-10.672037],[-77.794328,-10.672254],[-77.794188,-10.672432],[-77.793832,-10.672717],[-77.7935,-10.673029],[-77.793228,-10.673392],[-77.793027,-10.673799],[-77.79295,-10.674011],[-77.792092,-10.678683],[-77.791902,-10.679335],[-77.791069,-10.681683],[-77.79062,-10.682723],[-77.784889,-10.69456],[-77.784224,-10.695747],[-77.783598,-10.696695],[-77.782639,-10.697965],[-77.78203,-10.698642],[-77.779801,-10.700922],[-77.779668,-10.701106],[-77.779558,-10.701302],[-77.779528,-10.701525],[-77.779573,-10.701744],[-77.779732,-10.701905],[-77.779939,-10.701997],[-77.780164,-10.701993],[-77.780362,-10.701884],[-77.780506,-10.70171],[-77.780543,-10.701489],[-77.780538,-10.701037],[-77.780482,-10.700362],[-77.780069,-10.696995],[-77.780096,-10.696545],[-77.780314,-10.695435],[-77.780379,-10.695219],[-77.780492,-10.695024],[-77.780956,-10.694524],[-77.781124,-10.694487],[-77.78167,-10.694901],[-77.781747,-10.695086],[-77.781657,-10.69644],[-77.781675,-10.697117],[-77.781568,-10.697257],[-77.780231,-10.697584],[-77.780163,-10.697744],[-77.780465,-10.700213],[-77.780546,-10.701114],[-77.780773,-10.702909],[-77.780785,-10.703134],[-77.78074,-10.704037],[-77.780681,-10.704252],[-77.780336,-10.70509],[-77.777205,-10.712378],[-77.77717,-10.71256],[-77.777392,-10.71262],[-77.777472,-10.712758],[-77.777453,-10.712826],[-77.77746,-10.712638],[-77.777238,-10.712579],[-77.777085,-10.712657],[-77.774391,-10.7189],[-77.773261,-10.721621],[-77.773113,-10.722048],[-77.773026,-10.722492],[-77.773011,-10.722717],[-77.773026,-10.723168],[-77.773108,-10.723613],[-77.773257,-10.72404],[-77.773361,-10.724241],[-77.773471,-10.72444],[-77.773735,-10.724808],[-77.774056,-10.725131],[-77.774425,-10.7254],[-77.776387,-10.726574],[-77.776574,-10.726706],[-77.776912,-10.727011],[-77.777349,-10.727533],[-77.777551,-10.727939],[-77.7777,-10.728366],[-77.777789,-10.728809],[-77.777817,-10.72926],[-77.777769,-10.729709],[-77.777721,-10.72993],[-77.777493,-10.73057],[-77.777392,-10.730773],[-77.777017,-10.731341],[-77.771438,-10.737947],[-77.770118,-10.739797],[-77.769626,-10.740561],[-77.769231,-10.741116],[-77.766444,-10.74442],[-77.766135,-10.744746],[-77.764958,-10.746418],[-77.762825,-10.748785],[-77.762118,-10.749675],[-77.761235,-10.750716],[-77.760862,-10.751285],[-77.760314,-10.752011],[-77.759862,-10.752522],[-77.75929,-10.75323],[-77.75839,-10.754257],[-77.758111,-10.754615],[-77.757203,-10.755636],[-77.756321,-10.756677],[-77.755772,-10.757402],[-77.754032,-10.759506],[-77.752927,-10.760951],[-77.751732,-10.76288],[-77.751452,-10.7635],[-77.750171,-10.766648],[-77.749798,-10.767475],[-77.748192,-10.770728],[-77.747042,-10.772685],[-77.746385,-10.773877],[-77.745123,-10.77654],[-77.744816,-10.777148],[-77.744636,-10.777563],[-77.743252,-10.78042],[-77.742679,-10.781654],[-77.742528,-10.782081],[-77.742467,-10.782298],[-77.742323,-10.78342],[-77.742,-10.786569],[-77.741213,-10.793762],[-77.741143,-10.794664],[-77.741136,-10.79602],[-77.741111,-10.796244],[-77.741011,-10.796445],[-77.740842,-10.79659],[-77.740626,-10.796653],[-77.7404,-10.796622],[-77.739972,-10.796458],[-77.737038,-10.795166],[-77.736401,-10.794908],[-77.732226,-10.793666],[-77.731771,-10.793603],[-77.729251,-10.79345],[-77.728797,-10.793511],[-77.722517,-10.794867],[-77.714468,-10.796718],[-77.713568,-10.796896],[-77.712232,-10.797225],[-77.711107,-10.797453],[-77.710666,-10.797578],[-77.710327,-10.797878],[-77.710173,-10.798044],[-77.710044,-10.798231],[-77.70995,-10.798437],[-77.708172,-10.803811],[-77.704604,-10.814794],[-77.702975,-10.81974],[-77.701798,-10.823405],[-77.70175,-10.823626],[-77.70175,-10.823852],[-77.701792,-10.824074],[-77.701872,-10.824286],[-77.70217,-10.824896],[-77.702232,-10.825112],[-77.702249,-10.825337],[-77.702208,-10.825558],[-77.701941,-10.826183],[-77.702041,-10.826373],[-77.702027,-10.826592],[-77.70188,-10.826754],[-77.701655,-10.826772],[-77.70146,-10.826872],[-77.700482,-10.828401],[-77.700146,-10.828993],[-77.70007,-10.829206],[-77.691413,-10.855676],[-77.689636,-10.861051],[-77.689243,-10.862351],[-77.688345,-10.865154],[-77.68757,-10.867758],[-77.68548,-10.875164],[-77.684955,-10.876897],[-77.684573,-10.877964],[-77.68432,-10.878594],[-77.683616,-10.880016],[-77.682808,-10.881385],[-77.661641,-10.91528],[-77.661097,-10.916008],[-77.660638,-10.916514],[-77.657544,-10.919542],[-77.656547,-10.920478],[-77.654669,-10.922141],[-77.65388,-10.922962],[-77.653454,-10.923494],[-77.652955,-10.924254],[-77.652549,-10.925065],[-77.652371,-10.925481],[-77.652165,-10.926129],[-77.651614,-10.92809],[-77.647285,-10.944502],[-77.647094,-10.945616],[-77.645754,-10.980183],[-77.64557,-10.981298],[-77.645326,-10.98217],[-77.644988,-10.98301],[-77.644791,-10.983418],[-77.644464,-10.984015],[-77.644084,-10.984581],[-77.64381,-10.984944],[-77.64337,-10.985465],[-77.643052,-10.985792],[-77.642547,-10.986252],[-77.642002,-10.986667],[-77.629429,-10.994996],[-77.615478,-11.004144],[-77.614431,-11.005025],[-77.613434,-11.005961],[-77.611908,-11.007333],[-77.611092,-11.008127],[-77.607388,-11.011509],[-77.605893,-11.012914],[-77.604518,-11.014113],[-77.602492,-11.015952],[-77.601496,-11.016889],[-77.600868,-11.017548],[-77.599385,-11.019275],[-77.598976,-11.01982],[-77.598331,-11.020755],[-77.593929,-11.027644],[-77.593592,-11.028236],[-77.593285,-11.028843],[-77.592848,-11.029888],[-77.592567,-11.030749],[-77.5915,-11.03468],[-77.589768,-11.041245],[-77.589315,-11.04323],[-77.589135,-11.044347],[-77.589002,-11.045697],[-77.588926,-11.046825],[-77.588937,-11.047955],[-77.589003,-11.04931],[-77.58951,-11.055621],[-77.589526,-11.056977],[-77.589483,-11.058107],[-77.589385,-11.059006],[-77.589154,-11.060343],[-77.588903,-11.061446],[-77.588557,-11.062524],[-77.58683,-11.066957],[-77.584567,-11.072396],[-77.584369,-11.073046],[-77.58391,-11.074081],[-77.583323,-11.075554],[-77.583019,-11.076408],[-77.582674,-11.077721],[-77.582508,-11.07861],[-77.582371,-11.080186],[-77.582391,-11.081543],[-77.582584,-11.083341],[-77.58337,-11.088712],[-77.583582,-11.089592],[-77.584038,-11.091109],[-77.584441,-11.092168],[-77.585,-11.093407],[-77.585302,-11.094017],[-77.586266,-11.095817],[-77.58898,-11.101053],[-77.58958,-11.102274],[-77.589923,-11.103113],[-77.590399,-11.104624],[-77.590957,-11.106817],[-77.59115,-11.107468],[-77.591836,-11.110096],[-77.592871,-11.113802],[-77.593499,-11.116211],[-77.593923,-11.117737],[-77.594067,-11.1184],[-77.59414,-11.119075],[-77.594168,-11.119979],[-77.59416,-11.120204],[-77.593943,-11.122],[-77.593834,-11.123125],[-77.593809,-11.123803],[-77.593865,-11.124932],[-77.594022,-11.126051],[-77.594232,-11.126932],[-77.596672,-11.134944],[-77.596888,-11.136054],[-77.59742,-11.141],[-77.597509,-11.14258],[-77.597482,-11.144389],[-77.597414,-11.145517],[-77.597261,-11.146865],[-77.597007,-11.148428],[-77.596817,-11.149313],[-77.596542,-11.15041],[-77.596075,-11.151924],[-77.595761,-11.152774],[-77.595065,-11.154448],[-77.594244,-11.156066],[-77.59369,-11.157056],[-77.588626,-11.165137],[-77.584714,-11.171261],[-77.576607,-11.184135],[-77.574638,-11.187189],[-77.57373,-11.188494],[-77.571694,-11.19123],[-77.571444,-11.191608],[-77.56999,-11.193642],[-77.52641,-11.253844],[-77.513238,-11.272086],[-77.475648,-11.323998],[-77.444767,-11.366737],[-77.441282,-11.37151],[-77.425426,-11.39342],[-77.424603,-11.394508],[-77.423829,-11.395343],[-77.423329,-11.395808],[-77.422785,-11.396225],[-77.422409,-11.396484],[-77.421621,-11.396947],[-77.421209,-11.397147],[-77.42015,-11.397582],[-77.419496,-11.397794],[-77.418597,-11.397978],[-77.417687,-11.398099],[-77.417229,-11.398131],[-77.416311,-11.398119],[-77.415168,-11.398016],[-77.402417,-11.396393],[-77.397177,-11.395748],[-77.395806,-11.395612],[-77.395348,-11.395611],[-77.394894,-11.395676],[-77.394244,-11.395898],[-77.394039,-11.395998],[-77.393661,-11.396254],[-77.393315,-11.39655],[-77.393013,-11.396891],[-77.392877,-11.397073],[-77.392664,-11.397473],[-77.392571,-11.39768],[-77.392448,-11.398114],[-77.392406,-11.398337],[-77.392387,-11.39924],[-77.392641,-11.406245],[-77.392596,-11.406921],[-77.392535,-11.407369],[-77.392428,-11.407809],[-77.392195,-11.408447],[-77.391883,-11.40905],[-77.391503,-11.409616],[-77.391039,-11.410116],[-77.390529,-11.410572],[-77.390164,-11.410846],[-77.389559,-11.41117],[-77.388922,-11.411426],[-77.38826,-11.411613],[-77.387808,-11.411684],[-77.387121,-11.411727],[-77.386434,-11.411681],[-77.385981,-11.411611],[-77.385535,-11.411503],[-77.384891,-11.411264],[-77.38408,-11.41084],[-77.381523,-11.409324],[-77.380703,-11.408916],[-77.380488,-11.408838],[-77.380268,-11.408772],[-77.379817,-11.408691],[-77.379359,-11.408659],[-77.378902,-11.408699],[-77.378676,-11.408742],[-77.378452,-11.408788],[-77.378015,-11.408927],[-77.377403,-11.409237],[-77.377033,-11.409505],[-77.37669,-11.409805],[-77.376267,-11.41034],[-77.374624,-11.41306],[-77.374523,-11.413263],[-77.374178,-11.414101],[-77.373816,-11.415408],[-77.373634,-11.415822],[-77.373512,-11.416013],[-77.373364,-11.416186],[-77.373021,-11.416485],[-77.372815,-11.416572],[-77.372589,-11.416609],[-77.372373,-11.416545],[-77.372218,-11.416384],[-77.372139,-11.416173],[-77.37211,-11.415949],[-77.372121,-11.415505],[-77.372079,-11.415282],[-77.371917,-11.414861],[-77.371793,-11.414672],[-77.371618,-11.414527],[-77.366896,-11.410931],[-77.364915,-11.409388],[-77.361447,-11.406782],[-77.356453,-11.403165],[-77.356052,-11.402947],[-77.355624,-11.402783],[-77.355402,-11.402729],[-77.338115,-11.399081],[-77.335642,-11.39858],[-77.335203,-11.398448],[-77.335,-11.398345],[-77.334815,-11.398211],[-77.334647,-11.398058],[-77.334516,-11.397872],[-77.333131,-11.395016],[-77.332823,-11.39441],[-77.332711,-11.394213],[-77.332573,-11.394033],[-77.332401,-11.393886],[-77.332201,-11.393776],[-77.330134,-11.392793],[-77.329939,-11.392674],[-77.329584,-11.392389],[-77.329301,-11.392033],[-77.325742,-11.387034],[-77.325375,-11.386461],[-77.325272,-11.38626],[-77.32496,-11.38541],[-77.324289,-11.383012],[-77.324133,-11.382351],[-77.322865,-11.374768],[-77.322738,-11.374338],[-77.322471,-11.373714],[-77.322336,-11.373562],[-77.322109,-11.373532],[-77.321892,-11.373598],[-77.319208,-11.375339],[-77.316265,-11.377101],[-77.314876,-11.377896],[-77.312322,-11.379418],[-77.311962,-11.379695],[-77.311833,-11.379882],[-77.311734,-11.380085],[-77.31157,-11.380507],[-77.310527,-11.382772],[-77.309897,-11.384228],[-77.309601,-11.38484],[-77.305825,-11.391825],[-77.305152,-11.393009],[-77.304524,-11.394216],[-77.303629,-11.395795],[-77.302995,-11.397],[-77.299939,-11.40257],[-77.298872,-11.404572],[-77.29809,-11.405954],[-77.297571,-11.406962],[-77.297121,-11.407751],[-77.293336,-11.414731],[-77.29249,-11.416337],[-77.292362,-11.416523],[-77.288595,-11.421084],[-77.287595,-11.422323],[-77.285383,-11.424922],[-77.284552,-11.425702],[-77.27776,-11.432442],[-77.277576,-11.432576],[-77.277175,-11.432797],[-77.276596,-11.433164],[-77.276187,-11.43337],[-77.273996,-11.434041],[-77.273324,-11.434186],[-77.27196,-11.434376],[-77.271307,-11.434586],[-77.271098,-11.434681],[-77.270505,-11.435026],[-77.269086,-11.435768],[-77.268887,-11.435879],[-77.268705,-11.436018],[-77.267709,-11.436955],[-77.258089,-11.445692],[-77.25793,-11.445854],[-77.257373,-11.446574],[-77.257218,-11.446739],[-77.256527,-11.447336],[-77.251263,-11.452052],[-77.249752,-11.453441],[-77.240932,-11.461364],[-77.240059,-11.462097],[-77.238921,-11.462862],[-77.237385,-11.463853],[-77.235638,-11.46494],[-77.229675,-11.468767],[-77.22914,-11.469193],[-77.228849,-11.469541],[-77.224934,-11.473675],[-77.223855,-11.474847],[-77.223259,-11.475535],[-77.221687,-11.477481],[-77.220209,-11.479211],[-77.218178,-11.481664],[-77.216848,-11.483221],[-77.213894,-11.486974],[-77.213787,-11.487172],[-77.213705,-11.487383],[-77.213025,-11.489542],[-77.212721,-11.490151],[-77.212362,-11.490421],[-77.21224,-11.49061],[-77.211669,-11.491318],[-77.211552,-11.491513],[-77.210497,-11.494502],[-77.210167,-11.495346],[-77.210097,-11.495561],[-77.21007,-11.495754],[-77.210023,-11.495796],[-77.209965,-11.496015],[-77.209996,-11.496228],[-77.21016,-11.496386],[-77.210279,-11.496563],[-77.210101,-11.496638],[-77.209671,-11.496486],[-77.209517,-11.496545],[-77.209219,-11.497156],[-77.208601,-11.498108],[-77.208211,-11.498667],[-77.207229,-11.500196],[-77.206946,-11.500814],[-77.206841,-11.501015],[-77.206713,-11.5012],[-77.206619,-11.501401],[-77.206271,-11.502479],[-77.206119,-11.50314],[-77.206054,-11.503587],[-77.205539,-11.513522],[-77.205022,-11.524589],[-77.204907,-11.526394],[-77.204083,-11.543332],[-77.203733,-11.54988],[-77.203687,-11.551462],[-77.203532,-11.553944],[-77.203238,-11.560494],[-77.201331,-11.597299],[-77.201299,-11.597523],[-77.201098,-11.598405],[-77.201035,-11.598622],[-77.200785,-11.599254],[-77.200104,-11.600432],[-77.199814,-11.600783],[-77.19951,-11.601121],[-77.199185,-11.601441],[-77.198467,-11.602005],[-77.198078,-11.602245],[-77.196825,-11.602806],[-77.196417,-11.603013],[-77.196232,-11.603145],[-77.195885,-11.603441],[-77.195734,-11.603611],[-77.195485,-11.60399],[-77.195305,-11.604405],[-77.19502,-11.604641],[-77.195005,-11.604809],[-77.195007,-11.605317],[-77.195051,-11.605681],[-77.195195,-11.606263],[-77.195369,-11.606676],[-77.195607,-11.607081],[-77.195901,-11.607465],[-77.196289,-11.607853],[-77.196567,-11.608068],[-77.197124,-11.608392],[-77.19819,-11.608872],[-77.202222,-11.61057],[-77.202612,-11.610703],[-77.203202,-11.610857],[-77.205017,-11.611143],[-77.205453,-11.611291],[-77.20575,-11.611441],[-77.206028,-11.611624],[-77.206414,-11.611965],[-77.206736,-11.612407],[-77.20688,-11.612687],[-77.20698,-11.612948],[-77.207065,-11.613302],[-77.207097,-11.613689],[-77.207008,-11.615653],[-77.207066,-11.616639],[-77.207396,-11.618689],[-77.20744,-11.619103],[-77.207436,-11.619632],[-77.207365,-11.620533],[-77.207244,-11.621664],[-77.207246,-11.622533],[-77.207425,-11.627865],[-77.207419,-11.628341],[-77.207373,-11.628949],[-77.20727,-11.629628],[-77.206355,-11.633325],[-77.206262,-11.633852],[-77.206206,-11.634492],[-77.206188,-11.63514],[-77.206333,-11.636471],[-77.20635,-11.63731],[-77.206287,-11.637937],[-77.206115,-11.63863],[-77.205536,-11.640188],[-77.205355,-11.640626],[-77.203628,-11.644185],[-77.203383,-11.644824],[-77.202979,-11.646183],[-77.202775,-11.64672],[-77.202619,-11.647042],[-77.20207,-11.648008],[-77.201901,-11.648392],[-77.201771,-11.648817],[-77.201699,-11.649151],[-77.201518,-11.650623],[-77.201384,-11.651348],[-77.201203,-11.652011],[-77.20094,-11.652742],[-77.200739,-11.653203],[-77.200397,-11.653857],[-77.20003,-11.654438],[-77.199416,-11.65532],[-77.199161,-11.65576],[-77.198942,-11.656243],[-77.198516,-11.657432],[-77.198378,-11.657707],[-77.198133,-11.65808],[-77.197861,-11.658395],[-77.197615,-11.658623],[-77.1972,-11.65892],[-77.196892,-11.659086],[-77.196568,-11.659219],[-77.193385,-11.660294],[-77.192573,-11.66068],[-77.192099,-11.660966],[-77.191661,-11.661274],[-77.186753,-11.665244],[-77.186363,-11.665587],[-77.185863,-11.666101],[-77.185398,-11.666681],[-77.184932,-11.667414],[-77.184637,-11.668019],[-77.184448,-11.668501],[-77.184269,-11.669113],[-77.184152,-11.669711],[-77.184068,-11.670448],[-77.183688,-11.676972],[-77.183208,-11.686129],[-77.183061,-11.68692],[-77.182851,-11.687739],[-77.182601,-11.688395],[-77.18223,-11.68919],[-77.180807,-11.69184],[-77.180492,-11.692509],[-77.180184,-11.693312],[-77.179896,-11.694199],[-77.179683,-11.695139],[-77.179503,-11.696244],[-77.179057,-11.701161],[-77.17887,-11.702121],[-77.17874,-11.702567],[-77.17838,-11.703446],[-77.177574,-11.704904],[-77.177403,-11.705364],[-77.177174,-11.706203],[-77.1771,-11.706882],[-77.177113,-11.707324],[-77.177063,-11.709123],[-77.176996,-11.709648],[-77.176883,-11.710063],[-77.176808,-11.710446],[-77.176529,-11.711106],[-77.176153,-11.711689],[-77.175867,-11.71206],[-77.175198,-11.712786],[-77.174892,-11.713171],[-77.174621,-11.713613],[-77.174445,-11.714012],[-77.174306,-11.714401],[-77.174227,-11.714852],[-77.174182,-11.716028],[-77.174133,-11.716461],[-77.174078,-11.716723],[-77.173986,-11.716955],[-77.173778,-11.717367],[-77.17281,-11.71897],[-77.172484,-11.719448],[-77.170708,-11.722364],[-77.170321,-11.72286],[-77.169849,-11.723313],[-77.168905,-11.724053],[-77.168381,-11.724524],[-77.167952,-11.725036],[-77.166116,-11.727852],[-77.165764,-11.728264],[-77.165412,-11.728608],[-77.165043,-11.72886],[-77.164639,-11.729087],[-77.160393,-11.730956],[-77.159783,-11.731124],[-77.158976,-11.731283],[-77.158041,-11.731342],[-77.157174,-11.7313],[-77.155929,-11.731056],[-77.154316,-11.730527],[-77.152762,-11.729947],[-77.152173,-11.729688],[-77.152042,-11.729976],[-77.151829,-11.729894],[-77.15182,-11.729918],[-77.151447,-11.729784],[-77.146495,-11.727684],[-77.145302,-11.727263],[-77.144203,-11.727062],[-77.143371,-11.727028],[-77.142358,-11.727104],[-77.141688,-11.72723],[-77.140899,-11.727474],[-77.139663,-11.728095],[-77.139139,-11.72844],[-77.138452,-11.728969],[-77.137955,-11.729474],[-77.137319,-11.730297],[-77.136804,-11.731222],[-77.136495,-11.731969],[-77.136255,-11.732827],[-77.136161,-11.733449],[-77.136091,-11.734543],[-77.136075,-11.735608],[-77.136113,-11.736227],[-77.136272,-11.737197],[-77.136375,-11.737684],[-77.136581,-11.738348],[-77.137088,-11.739499],[-77.137946,-11.740827],[-77.138916,-11.74197],[-77.153277,-11.758176],[-77.156477,-11.761818],[-77.156955,-11.762397],[-77.157369,-11.76299],[-77.157668,-11.7635],[-77.157934,-11.764051],[-77.158271,-11.764885],[-77.158449,-11.76546],[-77.158574,-11.76598],[-77.158656,-11.766467],[-77.158793,-11.767524],[-77.159109,-11.770353],[-77.159326,-11.772531],[-77.159685,-11.775482],[-77.159764,-11.776741],[-77.159721,-11.777531],[-77.159653,-11.778018],[-77.159412,-11.779018],[-77.159161,-11.779643],[-77.158703,-11.780539],[-77.158193,-11.781337],[-77.15757,-11.782004],[-77.151102,-11.788326],[-77.143955,-11.795385],[-77.137783,-11.801426],[-77.137124,-11.8021],[-77.136779,-11.802502],[-77.1365,-11.802876],[-77.13437,-11.805965],[-77.129069,-11.813734],[-77.1287,-11.814322],[-77.128433,-11.814831],[-77.128013,-11.815756],[-77.125598,-11.821603],[-77.125375,-11.822048],[-77.125018,-11.822553],[-77.120116,-11.828102],[-77.119495,-11.828771],[-77.118121,-11.829925],[-77.117755,-11.830191],[-77.106934,-11.838846],[-77.105343,-11.840143],[-77.103504,-11.841581],[-77.102764,-11.842192],[-77.102223,-11.842887],[-77.101461,-11.843512],[-77.101097,-11.843794],[-77.100833,-11.843935],[-77.10055,-11.843969],[-77.098697,-11.845439],[-77.085909,-11.855692],[-77.079106,-11.861116],[-77.078523,-11.861588],[-77.078478,-11.861774],[-77.076089,-11.863656],[-77.074996,-11.864556],[-77.074843,-11.86469],[-77.074445,-11.865131],[-77.073983,-11.86571],[-77.073027,-11.86712],[-77.07145,-11.869581],[-77.070678,-11.870717],[-77.069918,-11.871922],[-77.069788,-11.871984],[-77.069835,-11.871781],[-77.069607,-11.872245],[-77.069482,-11.872579],[-77.069336,-11.873208],[-77.069243,-11.874293],[-77.068275,-11.891473],[-77.067999,-11.897095],[-77.067712,-11.901523],[-77.067694,-11.90205],[-77.067719,-11.902496],[-77.067796,-11.903081],[-77.067874,-11.903341],[-77.06953,-11.906898],[-77.069971,-11.90763],[-77.070897,-11.908932],[-77.071048,-11.909135],[-77.071884,-11.910105],[-77.072442,-11.910959],[-77.072746,-11.911464],[-77.072958,-11.911827],[-77.073176,-11.912279],[-77.073602,-11.913017],[-77.073796,-11.913485],[-77.073932,-11.913942],[-77.074061,-11.914503],[-77.074066,-11.915257],[-77.073901,-11.915577],[-77.073611,-11.918279],[-77.073429,-11.920474],[-77.0727,-11.92805],[-77.072513,-11.930308],[-77.07225,-11.932748],[-77.071109,-11.945127],[-77.070953,-11.946421],[-77.070297,-11.950692],[-77.070061,-11.952054],[-77.069011,-11.958736],[-77.068811,-11.960114],[-77.068732,-11.960952],[-77.068441,-11.963007],[-77.068285,-11.963986],[-77.067821,-11.96653],[-77.067468,-11.968729],[-77.064678,-11.986626],[-77.064671,-11.987277],[-77.064763,-11.98781],[-77.064789,-11.988312],[-77.064602,-11.989515],[-77.064634,-11.989827],[-77.064698,-11.98995],[-77.064716,-11.990096],[-77.064677,-11.990237],[-77.064455,-11.990546],[-77.064401,-11.990701],[-77.063976,-11.993674],[-77.06379,-11.994046],[-77.063723,-11.994284],[-77.063691,-11.994621],[-77.063766,-11.994989],[-77.063471,-11.996903],[-77.063393,-11.997092],[-77.063229,-11.997322],[-77.063117,-11.997399],[-77.063074,-11.997453],[-77.062949,-11.997678],[-77.062426,-12.00091],[-77.062448,-12.001328],[-77.062279,-12.002375],[-77.062283,-12.002474],[-77.062169,-12.003292],[-77.062175,-12.003965],[-77.0622,-12.004107],[-77.062297,-12.004266],[-77.06231,-12.004383],[-77.062265,-12.004534],[-77.062147,-12.004659],[-77.062107,-12.005281],[-77.061706,-12.007715],[-77.061588,-12.008294],[-77.061661,-12.00847],[-77.061661,-12.00861],[-77.061588,-12.008783],[-77.061439,-12.008909],[-77.061181,-12.009439],[-77.061137,-12.009596],[-77.060795,-12.011544],[-77.060666,-12.011796],[-77.060575,-12.012819],[-77.059763,-12.017909],[-77.059285,-12.021241],[-77.058516,-12.025949],[-77.058304,-12.027472],[-77.058077,-12.028262],[-77.057726,-12.029149],[-77.057541,-12.029515],[-77.05702,-12.030292],[-77.056517,-12.03099],[-77.056075,-12.03151],[-77.055555,-12.03201],[-77.054853,-12.03258],[-77.054207,-12.033008],[-77.053323,-12.033503],[-77.052551,-12.033839],[-77.049093,-12.035214],[-77.048508,-12.035403],[-77.047107,-12.035778],[-77.04628,-12.036211],[-77.044032,-12.037632],[-77.043784,-12.037766],[-77.043594,-12.037946],[-77.04339,-12.040167],[-77.043362,-12.04086],[-77.043059,-12.043937],[-77.043043,-12.044149],[-77.043066,-12.044308],[-77.042969,-12.045535],[-77.042976,-12.045907],[-77.04304,-12.046083],[-77.043155,-12.046254],[-77.043178,-12.046398],[-77.043164,-12.046492],[-77.043129,-12.04658],[-77.043037,-12.046696],[-77.042888,-12.046779],[-77.042809,-12.046797],[-77.042647,-12.046786],[-77.042571,-12.046758],[-77.042454,-12.046676],[-77.042327,-12.046716],[-77.039136,-12.048781],[-77.038887,-12.05061],[-77.038557,-12.053308],[-77.038501,-12.053304],[-77.038277,-12.055898],[-77.038326,-12.055967],[-77.03799,-12.060052],[-77.037779,-12.060056],[-77.037551,-12.060028],[-77.037826,-12.060041],[-77.036867,-12.059956],[-77.03664,-12.059985],[-77.036227,-12.060178],[-77.036081,-12.06015],[-77.036072,-12.060196],[-77.035892,-12.060283],[-77.035669,-12.060296],[-77.035527,-12.060253],[-77.035216,-12.059993],[-77.035086,-12.059921],[-77.034973,-12.05989],[-77.028385,-12.059048],[-77.028135,-12.060858]]}}]}