{"type":"FeatureCollection","features":[{"type":"Feature","properties":{"fuente":"OpenStreetMap 2026-10-02 (recorrido.py)","pasos":[{"accion":"inicio","via":"","m":68},{"accion":"sigue","via":"Carretera Vencedores de Sángrar","m":12969},{"accion":"sigue","via":"Avenida Túpac Amaru","m":17863},{"accion":"sigue","via":"Jirón Miguel Grau Oeste","m":1443},{"accion":"sigue","via":"Avenida Túpac Amaru","m":12435},{"accion":"sigue","via":"Avenida Naranjal","m":633},{"accion":"rotonda","salida":3,"via":"","m":311},{"accion":"sigue","via":"","m":414},{"accion":"sigue","via":"Avenida Panamericana Norte","m":66},{"accion":"sigue","via":"Carretera Panamericana Norte","m":956},{"accion":"sigue","via":"Avenida Panamericana Norte","m":86},{"accion":"sigue","via":"Carretera Panamericana Norte","m":1044},{"accion":"sigue","via":"","m":174},{"accion":"sigue","via":"Avenida Panamericana Norte","m":182},{"accion":"rotonda","salida":2,"via":"Avenida Alfredo Mendiola","m":70},{"accion":"sigue","via":"Avenida Alfredo Mendiola","m":342},{"accion":"sigue","via":"","m":120},{"accion":"sigue","via":"Avenida Tomás Valle","m":1107},{"accion":"sigue","via":"","m":344},{"accion":"sigue","via":"Carretera Panamericana Norte","m":2224},{"accion":"sigue","via":"Vía de Evitamiento","m":1139},{"accion":"sigue","via":"","m":453},{"accion":"derecha","via":"Avenida Caquetá","m":50},{"accion":"sigue","via":"Avenida Alfonso Ugarte","m":2372},{"accion":"rotonda","salida":3,"via":"Avenida Guzmán Blanco","m":173},{"accion":"sigue","via":"Avenida Guzmán Blanco","m":470},{"accion":"rotonda","salida":5,"via":"Avenida 28 de Julio","m":92},{"accion":"sigue","via":"Avenida 28 de Julio","m":569},{"accion":"derecha","via":"Avenida Paseo de la República","m":1357},{"accion":"sigue","via":"Avenida Prolongación Iquitos","m":588},{"accion":"izquierda","via":"Jirón Bartolomé Herrera","m":97},{"accion":"derecha","via":"Avenida Paseo de la República","m":256},{"accion":"izquierda","via":"Avenida Canadá","m":1462},{"accion":"izquierda","via":"Avenida Nicolás Arriola","m":178}],"sin_calle":0,"fuera":[299370,0]},"geometry":{"type":"LineString","coordinates":[[-76.243764,-9.932699],[-76.243022,-9.933231],[-76.243009,-9.933397],[-76.2435,-9.934161],[-76.244272,-9.935285],[-76.245624,-9.937364],[-76.245937,-9.937695],[-76.246108,-9.937842],[-76.246687,-9.938208],[-76.247979,-9.93915],[-76.249008,-9.940052],[-76.250128,-9.941187],[-76.250416,-9.941539],[-76.251194,-9.942369],[-76.252349,-9.943109],[-76.252524,-9.943255],[-76.252633,-9.943452],[-76.252668,-9.943675],[-76.252698,-9.944578],[-76.252617,-9.945023],[-76.252301,-9.945872],[-76.250523,-9.950285],[-76.246842,-9.959306],[-76.246436,-9.960363],[-76.245667,-9.962252],[-76.244948,-9.96416],[-76.243768,-9.967586],[-76.243652,-9.968023],[-76.24355,-9.968693],[-76.243104,-9.975461],[-76.243098,-9.975913],[-76.243139,-9.976135],[-76.243212,-9.976349],[-76.243449,-9.976735],[-76.243857,-9.97728],[-76.244316,-9.978063],[-76.244398,-9.978274],[-76.244455,-9.978492],[-76.244711,-9.980055],[-76.24484,-9.980488],[-76.245536,-9.982403],[-76.24561,-9.982849],[-76.245603,-9.983526],[-76.245503,-9.983966],[-76.244254,-9.987846],[-76.244027,-9.988486],[-76.23907,-10.00354],[-76.234559,-10.017311],[-76.233882,-10.018992],[-76.23334,-10.020239],[-76.233218,-10.020675],[-76.23318,-10.021124],[-76.233246,-10.021799],[-76.233547,-10.024041],[-76.233727,-10.024927],[-76.23403,-10.027168],[-76.234092,-10.027384],[-76.234202,-10.027583],[-76.234342,-10.027761],[-76.234827,-10.028242],[-76.234959,-10.028426],[-76.235064,-10.028627],[-76.235408,-10.029705],[-76.235458,-10.030154],[-76.23544,-10.030606],[-76.235351,-10.031049],[-76.234983,-10.032356],[-76.234752,-10.032994],[-76.234628,-10.033184],[-76.231432,-10.037879],[-76.231162,-10.038244],[-76.230927,-10.038633],[-76.229899,-10.040131],[-76.22622,-10.04476],[-76.226091,-10.044946],[-76.225997,-10.045152],[-76.225551,-10.046906],[-76.225079,-10.049118],[-76.224694,-10.051805],[-76.224695,-10.052029],[-76.224668,-10.052246],[-76.22431,-10.053079],[-76.223652,-10.054767],[-76.223186,-10.0558],[-76.222472,-10.05771],[-76.219749,-10.064672],[-76.218758,-10.067683],[-76.217646,-10.070893],[-76.217585,-10.071111],[-76.21757,-10.071336],[-76.217649,-10.072237],[-76.217874,-10.073344],[-76.217978,-10.074243],[-76.218086,-10.074681],[-76.218616,-10.075933],[-76.218685,-10.076147],[-76.218711,-10.076372],[-76.21871,-10.076597],[-76.218588,-10.077948],[-76.218586,-10.078174],[-76.218678,-10.078846],[-76.21868,-10.079072],[-76.2186,-10.079745],[-76.218509,-10.080188],[-76.217827,-10.082346],[-76.217717,-10.082544],[-76.217275,-10.083064],[-76.217148,-10.08325],[-76.216981,-10.08367],[-76.216941,-10.083892],[-76.21693,-10.084117],[-76.21701,-10.08479],[-76.217006,-10.085016],[-76.216971,-10.08524],[-76.216724,-10.08611],[-76.21669,-10.086333],[-76.216691,-10.086559],[-76.216769,-10.087004],[-76.216848,-10.087216],[-76.217148,-10.087826],[-76.217231,-10.088036],[-76.21728,-10.088257],[-76.21733,-10.089159],[-76.217321,-10.089385],[-76.217156,-10.090275],[-76.217091,-10.090491],[-76.216988,-10.090692],[-76.216841,-10.090864],[-76.216114,-10.091415],[-76.215768,-10.091712],[-76.215459,-10.092046],[-76.214931,-10.092786],[-76.213389,-10.095034],[-76.212562,-10.096391],[-76.212168,-10.096946],[-76.211351,-10.098309],[-76.210936,-10.099116],[-76.210863,-10.099329],[-76.210801,-10.099547],[-76.210742,-10.099995],[-76.210796,-10.101802],[-76.21083,-10.102253],[-76.2108,-10.102474],[-76.210494,-10.103077],[-76.210424,-10.103976],[-76.210316,-10.104414],[-76.209975,-10.105004],[-76.209674,-10.105613],[-76.209611,-10.10583],[-76.209585,-10.106054],[-76.209686,-10.107406],[-76.209719,-10.110345],[-76.209646,-10.110557],[-76.209422,-10.110952],[-76.208788,-10.111892],[-76.208679,-10.112091],[-76.208518,-10.112513],[-76.208403,-10.11318],[-76.208001,-10.11632],[-76.207865,-10.116984],[-76.207803,-10.117202],[-76.207514,-10.117818],[-76.207075,-10.118862],[-76.206778,-10.119474],[-76.206709,-10.119689],[-76.206314,-10.120989],[-76.205958,-10.122299],[-76.205767,-10.123414],[-76.205605,-10.124073],[-76.205346,-10.124702],[-76.205235,-10.124898],[-76.204813,-10.125432],[-76.204441,-10.126002],[-76.204347,-10.126208],[-76.204297,-10.126426],[-76.204274,-10.127103],[-76.204184,-10.127311],[-76.203962,-10.127707],[-76.203536,-10.128237],[-76.203118,-10.129042],[-76.202676,-10.130084],[-76.20243,-10.130465],[-76.202113,-10.13079],[-76.201565,-10.1312],[-76.201363,-10.131301],[-76.201142,-10.131362],[-76.200003,-10.131496],[-76.199784,-10.131562],[-76.198769,-10.132088],[-76.198596,-10.132236],[-76.198453,-10.132412],[-76.198355,-10.132616],[-76.198284,-10.132831],[-76.197544,-10.135678],[-76.19734,-10.13656],[-76.196998,-10.139023],[-76.196802,-10.139674],[-76.196492,-10.140525],[-76.195306,-10.143467],[-76.195213,-10.143673],[-76.194725,-10.144438],[-76.193583,-10.145855],[-76.193032,-10.146578],[-76.192654,-10.147145],[-76.192497,-10.147568],[-76.192396,-10.148009],[-76.192291,-10.148209],[-76.191622,-10.149127],[-76.190607,-10.151155],[-76.190519,-10.151364],[-76.189817,-10.153516],[-76.189576,-10.15462],[-76.189536,-10.15507],[-76.189354,-10.156415],[-76.189283,-10.157317],[-76.189261,-10.16003],[-76.189221,-10.16048],[-76.188743,-10.162225],[-76.188559,-10.162633],[-76.18853,-10.162858],[-76.188543,-10.163309],[-76.18865,-10.164662],[-76.188746,-10.165104],[-76.189001,-10.165732],[-76.189057,-10.165951],[-76.189302,-10.167515],[-76.189498,-10.168165],[-76.19011,-10.16938],[-76.190187,-10.169592],[-76.190235,-10.169813],[-76.19024,-10.170716],[-76.19014,-10.172747],[-76.190107,-10.172971],[-76.190054,-10.173191],[-76.189486,-10.174911],[-76.189389,-10.175115],[-76.189264,-10.175304],[-76.189096,-10.175458],[-76.188897,-10.175569],[-76.186992,-10.176358],[-76.186793,-10.176469],[-76.186441,-10.176757],[-76.186295,-10.176932],[-76.186129,-10.177087],[-76.185764,-10.17736],[-76.184597,-10.178081],[-76.184223,-10.178341],[-76.184018,-10.178441],[-76.183588,-10.178601],[-76.183181,-10.178809],[-76.182798,-10.179057],[-76.182444,-10.179345],[-76.181831,-10.180017],[-76.181662,-10.18017],[-76.181476,-10.180302],[-76.179642,-10.181239],[-76.179451,-10.181363],[-76.179268,-10.181499],[-76.178753,-10.18195],[-76.178192,-10.182343],[-76.178029,-10.182501],[-76.177904,-10.182689],[-76.17769,-10.183088],[-76.177415,-10.183448],[-76.177238,-10.183591],[-76.177039,-10.183703],[-76.176599,-10.183824],[-76.17637,-10.183828],[-76.176146,-10.183779],[-76.175713,-10.18363],[-76.175508,-10.183528],[-76.17369,-10.182564],[-76.173471,-10.182495],[-76.173016,-10.18244],[-76.171641,-10.18236],[-76.170953,-10.18237],[-76.17073,-10.182422],[-76.169693,-10.182906],[-76.169038,-10.183112],[-76.16883,-10.183202],[-76.16865,-10.18334],[-76.168501,-10.183511],[-76.168402,-10.183714],[-76.168387,-10.183938],[-76.168451,-10.184611],[-76.168352,-10.184814],[-76.168203,-10.184985],[-76.168027,-10.185128],[-76.167185,-10.185487],[-76.166788,-10.185714],[-76.166615,-10.185862],[-76.166479,-10.186039],[-76.165649,-10.187653],[-76.16556,-10.187861],[-76.165488,-10.188075],[-76.165255,-10.189182],[-76.16519,-10.19212],[-76.165295,-10.193473],[-76.165255,-10.194375],[-76.165174,-10.19482],[-76.165001,-10.196166],[-76.164631,-10.198168],[-76.164546,-10.198377],[-76.164105,-10.198897],[-76.163996,-10.199094],[-76.163896,-10.199534],[-76.163842,-10.20021],[-76.163748,-10.200652],[-76.163448,-10.201506],[-76.163187,-10.202373],[-76.162826,-10.203204],[-76.161669,-10.204889],[-76.161137,-10.205891],[-76.160949,-10.206303],[-76.160786,-10.206962],[-76.160594,-10.207612],[-76.160441,-10.208733],[-76.160406,-10.20941],[-76.160416,-10.209862],[-76.16037,-10.210309],[-76.160035,-10.21115],[-76.159734,-10.21176],[-76.159599,-10.21194],[-76.159417,-10.212077],[-76.159206,-10.212163],[-76.158981,-10.212201],[-76.158292,-10.212208],[-76.158087,-10.212301],[-76.157897,-10.212425],[-76.157751,-10.2126],[-76.157638,-10.212796],[-76.157585,-10.213015],[-76.157578,-10.21324],[-76.157609,-10.213463],[-76.157727,-10.213899],[-76.157747,-10.214124],[-76.157815,-10.215704],[-76.157802,-10.215929],[-76.157761,-10.216151],[-76.157608,-10.216577],[-76.157483,-10.217012],[-76.157372,-10.217207],[-76.157218,-10.217374],[-76.156949,-10.21774],[-76.156656,-10.218087],[-76.156134,-10.218529],[-76.155976,-10.218691],[-76.155847,-10.218877],[-76.155773,-10.21909],[-76.155282,-10.220112],[-76.155205,-10.220325],[-76.155207,-10.220549],[-76.155258,-10.22077],[-76.155345,-10.220979],[-76.155557,-10.22138],[-76.155693,-10.221558],[-76.15601,-10.221884],[-76.156124,-10.222079],[-76.15615,-10.222756],[-76.156217,-10.223203],[-76.156211,-10.223429],[-76.156042,-10.223848],[-76.155978,-10.224065],[-76.155944,-10.224288],[-76.155987,-10.224507],[-76.1561,-10.224702],[-76.156255,-10.224868],[-76.156984,-10.225416],[-76.157333,-10.225704],[-76.157311,-10.226371],[-76.157247,-10.226816],[-76.157307,-10.227034],[-76.157422,-10.227228],[-76.157479,-10.227428],[-76.157399,-10.227873],[-76.157312,-10.228081],[-76.157084,-10.228474],[-76.15699,-10.228678],[-76.156965,-10.2289],[-76.156998,-10.229123],[-76.15709,-10.229327],[-76.157227,-10.229508],[-76.157568,-10.229809],[-76.157936,-10.230077],[-76.158247,-10.23041],[-76.158682,-10.230937],[-76.158823,-10.231114],[-76.159064,-10.231499],[-76.159161,-10.231703],[-76.159231,-10.231918],[-76.159264,-10.232141],[-76.15926,-10.232367],[-76.159137,-10.233263],[-76.158979,-10.233923],[-76.158686,-10.234779],[-76.158651,-10.235001],[-76.15864,-10.235227],[-76.158662,-10.235451],[-76.158713,-10.235671],[-76.158764,-10.236119],[-76.158705,-10.236334],[-76.158352,-10.236915],[-76.158174,-10.237331],[-76.158042,-10.237763],[-76.157925,-10.237957],[-76.157647,-10.238317],[-76.156975,-10.2395],[-76.156828,-10.239672],[-76.156241,-10.240023],[-76.156036,-10.240123],[-76.155814,-10.240168],[-76.155126,-10.240168],[-76.1549,-10.240191],[-76.154696,-10.240293],[-76.154513,-10.240428],[-76.154111,-10.240978],[-76.153961,-10.241146],[-76.153454,-10.241604],[-76.153169,-10.241959],[-76.152797,-10.242529],[-76.152508,-10.242878],[-76.152398,-10.243075],[-76.152336,-10.243292],[-76.152156,-10.244178],[-76.152073,-10.244389],[-76.151713,-10.244966],[-76.151614,-10.24517],[-76.151549,-10.245385],[-76.151567,-10.245835],[-76.15152,-10.246034],[-76.151437,-10.246241],[-76.151365,-10.246915],[-76.151377,-10.24714],[-76.151611,-10.248012],[-76.151629,-10.24869],[-76.15168,-10.249138],[-76.151661,-10.249362],[-76.151552,-10.24956],[-76.15129,-10.250188],[-76.151165,-10.250622],[-76.150919,-10.251256],[-76.15087,-10.251475],[-76.150915,-10.252604],[-76.150859,-10.253052],[-76.150515,-10.25413],[-76.15032,-10.254537],[-76.150055,-10.254905],[-76.14958,-10.255395],[-76.149459,-10.255586],[-76.149226,-10.256223],[-76.149105,-10.256416],[-76.148964,-10.256594],[-76.148166,-10.257406],[-76.148031,-10.257589],[-76.147926,-10.257789],[-76.147855,-10.258004],[-76.147846,-10.258229],[-76.147895,-10.258902],[-76.147523,-10.260673],[-76.1475,-10.260897],[-76.14752,-10.26112],[-76.148233,-10.262537],[-76.148751,-10.263282],[-76.149048,-10.263627],[-76.149219,-10.263777],[-76.150005,-10.264244],[-76.150213,-10.264339],[-76.150427,-10.264421],[-76.1511,-10.264562],[-76.152214,-10.264836],[-76.152426,-10.264919],[-76.152617,-10.265044],[-76.15278,-10.265202],[-76.152916,-10.265384],[-76.153021,-10.265585],[-76.153536,-10.266843],[-76.153628,-10.26705],[-76.153747,-10.267243],[-76.153896,-10.267413],[-76.155055,-10.268509],[-76.155209,-10.268676],[-76.155333,-10.268866],[-76.15551,-10.269283],[-76.155787,-10.270145],[-76.1559,-10.27034],[-76.156197,-10.270685],[-76.156322,-10.270875],[-76.156562,-10.27151],[-76.15667,-10.271709],[-76.158137,-10.274005],[-76.158722,-10.275478],[-76.15877,-10.275926],[-76.158756,-10.276151],[-76.15852,-10.2784],[-76.158547,-10.278851],[-76.158743,-10.279965],[-76.158733,-10.281095],[-76.158757,-10.281319],[-76.158904,-10.281747],[-76.159329,-10.282547],[-76.159416,-10.282991],[-76.159472,-10.283439],[-76.15948,-10.284569],[-76.159357,-10.285918],[-76.159281,-10.288178],[-76.159303,-10.288402],[-76.159369,-10.288618],[-76.159672,-10.289227],[-76.159726,-10.289674],[-76.159688,-10.290351],[-76.159464,-10.292602],[-76.159471,-10.293053],[-76.15965,-10.293707],[-76.159729,-10.294153],[-76.159578,-10.295273],[-76.15957,-10.295498],[-76.159629,-10.295945],[-76.159802,-10.296601],[-76.15997,-10.29749],[-76.159974,-10.29862],[-76.160002,-10.298844],[-76.160141,-10.299273],[-76.160256,-10.299467],[-76.160401,-10.29964],[-76.16219,-10.301057],[-76.162929,-10.301593],[-76.164199,-10.302117],[-76.164607,-10.302322],[-76.166343,-10.303426],[-76.167757,-10.304178],[-76.167974,-10.304249],[-76.1682,-10.30429],[-76.169117,-10.304329],[-76.169782,-10.304461],[-76.169978,-10.304579],[-76.171089,-10.305381],[-76.171477,-10.305621],[-76.171649,-10.30577],[-76.171759,-10.305966],[-76.171876,-10.306403],[-76.172781,-10.308231],[-76.172857,-10.308445],[-76.172988,-10.309109],[-76.173159,-10.309527],[-76.173397,-10.309911],[-76.173954,-10.310631],[-76.17418,-10.311023],[-76.174483,-10.311632],[-76.174618,-10.311814],[-76.174794,-10.311957],[-76.174999,-10.312059],[-76.175222,-10.312112],[-76.176598,-10.312119],[-76.176826,-10.312092],[-76.177045,-10.312025],[-76.177886,-10.311662],[-76.178106,-10.311598],[-76.178333,-10.311572],[-76.178561,-10.31159],[-76.178781,-10.311655],[-76.178988,-10.311753],[-76.17917,-10.311888],[-76.179334,-10.312047],[-76.179473,-10.312226],[-76.179714,-10.31261],[-76.179781,-10.312826],[-76.179797,-10.313051],[-76.179759,-10.313273],[-76.178793,-10.317694],[-76.178718,-10.317907],[-76.177845,-10.319751],[-76.177492,-10.320333],[-76.176592,-10.321643],[-76.176401,-10.322053],[-76.176313,-10.322496],[-76.176344,-10.323625],[-76.176334,-10.323851],[-76.176223,-10.324749],[-76.17621,-10.325426],[-76.176293,-10.325871],[-76.176559,-10.32697],[-76.177081,-10.329633],[-76.177144,-10.32985],[-76.177242,-10.330054],[-76.177377,-10.330236],[-76.177988,-10.330911],[-76.178128,-10.33109],[-76.178615,-10.331856],[-76.179195,-10.332554],[-76.179463,-10.333178],[-76.179683,-10.333575],[-76.180059,-10.334143],[-76.180717,-10.335069],[-76.180952,-10.335458],[-76.181052,-10.33566],[-76.181197,-10.336089],[-76.181268,-10.336535],[-76.181289,-10.337213],[-76.181397,-10.337651],[-76.181488,-10.337858],[-76.181607,-10.338051],[-76.181758,-10.338221],[-76.182698,-10.339212],[-76.182807,-10.33941],[-76.182865,-10.339628],[-76.183021,-10.341203],[-76.183015,-10.341654],[-76.182981,-10.341877],[-76.182698,-10.342737],[-76.18266,-10.342958],[-76.18266,-10.343184],[-76.182539,-10.344307],[-76.18247,-10.345208],[-76.182204,-10.346539],[-76.182088,-10.346976],[-76.181891,-10.347384],[-76.180927,-10.348924],[-76.180823,-10.349125],[-76.180747,-10.349338],[-76.180448,-10.35043],[-76.180361,-10.350873],[-76.18035,-10.351099],[-76.18036,-10.351324],[-76.180397,-10.351547],[-76.180696,-10.352402],[-76.180899,-10.353283],[-76.180986,-10.353492],[-76.181297,-10.354096],[-76.181379,-10.354307],[-76.181629,-10.355177],[-76.181991,-10.356007],[-76.182027,-10.356231],[-76.18198,-10.356906],[-76.181999,-10.357131],[-76.182068,-10.357346],[-76.182184,-10.35754],[-76.183036,-10.358606],[-76.183204,-10.358759],[-76.18397,-10.359258],[-76.184143,-10.359405],[-76.184452,-10.35974],[-76.184628,-10.359885],[-76.184833,-10.359984],[-76.185052,-10.360052],[-76.1866,-10.360475],[-76.186793,-10.360596],[-76.186946,-10.360763],[-76.187506,-10.36148],[-76.187678,-10.361627],[-76.18788,-10.361733],[-76.188989,-10.362024],[-76.189198,-10.362116],[-76.189362,-10.362272],[-76.189494,-10.362457],[-76.19041,-10.364281],[-76.190899,-10.365046],[-76.191055,-10.36521],[-76.191242,-10.365342],[-76.191447,-10.365443],[-76.191663,-10.365519],[-76.191887,-10.365566],[-76.192345,-10.365589],[-76.192798,-10.365518],[-76.193027,-10.365514],[-76.19325,-10.365563],[-76.193451,-10.365669],[-76.193621,-10.365819],[-76.193746,-10.366009],[-76.194045,-10.366618],[-76.19418,-10.3668],[-76.194351,-10.366951],[-76.194548,-10.367066],[-76.194766,-10.367135],[-76.19544,-10.367274],[-76.195659,-10.36734],[-76.195866,-10.367437],[-76.196232,-10.367709],[-76.196912,-10.368316],[-76.197068,-10.368481],[-76.197187,-10.368674],[-76.197328,-10.369104],[-76.197476,-10.369766],[-76.197606,-10.370199],[-76.197702,-10.370404],[-76.197965,-10.370773],[-76.198305,-10.371076],[-76.199433,-10.371854],[-76.200999,-10.373181],[-76.201145,-10.373355],[-76.201263,-10.373548],[-76.201497,-10.374186],[-76.201597,-10.374389],[-76.201861,-10.374758],[-76.202314,-10.375269],[-76.202423,-10.375467],[-76.202509,-10.375677],[-76.202732,-10.376785],[-76.20284,-10.377224],[-76.203072,-10.377862],[-76.203275,-10.378267],[-76.203416,-10.378445],[-76.203587,-10.378595],[-76.203775,-10.378724],[-76.204588,-10.379143],[-76.204758,-10.379294],[-76.204894,-10.379474],[-76.20531,-10.38028],[-76.205567,-10.380909],[-76.205632,-10.381126],[-76.20592,-10.381739],[-76.206183,-10.382109],[-76.207656,-10.383844],[-76.207786,-10.38403],[-76.207892,-10.38423],[-76.208012,-10.384665],[-76.208025,-10.38489],[-76.208005,-10.385116],[-76.207912,-10.385787],[-76.207916,-10.386239],[-76.20809,-10.388039],[-76.208129,-10.388261],[-76.208193,-10.388478],[-76.208285,-10.388685],[-76.209523,-10.390853],[-76.209621,-10.391056],[-76.209834,-10.3917],[-76.20983,-10.391923],[-76.209723,-10.392821],[-76.209665,-10.393039],[-76.209498,-10.39346],[-76.209435,-10.393678],[-76.209414,-10.393893],[-76.20963,-10.394536],[-76.20964,-10.394762],[-76.209614,-10.394985],[-76.209305,-10.395836],[-76.209213,-10.396043],[-76.208293,-10.397052],[-76.208178,-10.397246],[-76.208002,-10.397662],[-76.207824,-10.398317],[-76.20724,-10.399544],[-76.20716,-10.399756],[-76.207016,-10.400185],[-76.206875,-10.400847],[-76.206533,-10.401686],[-76.20624,-10.402543],[-76.205938,-10.403152],[-76.205639,-10.403494],[-76.205241,-10.404047],[-76.205112,-10.404232],[-76.205028,-10.404442],[-76.205022,-10.404662],[-76.205078,-10.404881],[-76.205307,-10.40552],[-76.205346,-10.405742],[-76.205343,-10.405965],[-76.205035,-10.407287],[-76.204976,-10.407735],[-76.20488,-10.407937],[-76.204641,-10.408321],[-76.204472,-10.408738],[-76.204425,-10.409186],[-76.204473,-10.409628],[-76.20443,-10.409849],[-76.204356,-10.410062],[-76.203818,-10.410794],[-76.203703,-10.41099],[-76.203593,-10.411188],[-76.203436,-10.411612],[-76.203081,-10.412447],[-76.202563,-10.413455],[-76.20183,-10.414604],[-76.201481,-10.415188],[-76.198389,-10.419403],[-76.198277,-10.4196],[-76.198216,-10.419818],[-76.198152,-10.420492],[-76.198062,-10.420698],[-76.197935,-10.420886],[-76.197778,-10.421051],[-76.197275,-10.421515],[-76.197103,-10.421664],[-76.196545,-10.422062],[-76.19622,-10.422379],[-76.196096,-10.422569],[-76.195947,-10.422987],[-76.195723,-10.42338],[-76.195305,-10.424433],[-76.195079,-10.425074],[-76.194899,-10.425959],[-76.194886,-10.426184],[-76.194917,-10.426634],[-76.19501,-10.427077],[-76.195243,-10.427951],[-76.195333,-10.429757],[-76.195297,-10.429972],[-76.194694,-10.430933],[-76.194603,-10.43114],[-76.194515,-10.431349],[-76.19436,-10.43201],[-76.194284,-10.432221],[-76.194166,-10.432413],[-76.193651,-10.432863],[-76.193509,-10.433041],[-76.19342,-10.433246],[-76.193177,-10.434117],[-76.192971,-10.434519],[-76.192173,-10.435623],[-76.192067,-10.435824],[-76.191901,-10.436245],[-76.191778,-10.436436],[-76.19164,-10.436617],[-76.191322,-10.436941],[-76.191182,-10.437119],[-76.191103,-10.437328],[-76.191066,-10.43755],[-76.191033,-10.438228],[-76.190973,-10.438675],[-76.190777,-10.439082],[-76.190439,-10.439388],[-76.188974,-10.440476],[-76.188657,-10.440799],[-76.188346,-10.441402],[-76.18806,-10.442497],[-76.187973,-10.442704],[-76.187758,-10.443103],[-76.187229,-10.443843],[-76.186942,-10.444195],[-76.186566,-10.444452],[-76.186156,-10.444657],[-76.185688,-10.44515],[-76.185108,-10.445849],[-76.184199,-10.446539],[-76.184038,-10.446696],[-76.183673,-10.44727],[-76.183451,-10.447912],[-76.183317,-10.448577],[-76.183239,-10.448786],[-76.183095,-10.44896],[-76.182915,-10.449098],[-76.181921,-10.449664],[-76.18156,-10.449941],[-76.181402,-10.450105],[-76.181274,-10.45029],[-76.18117,-10.450492],[-76.181107,-10.450707],[-76.180962,-10.45137],[-76.180722,-10.452006],[-76.180612,-10.452202],[-76.18047,-10.452379],[-76.179656,-10.453176],[-76.179406,-10.453555],[-76.179302,-10.453756],[-76.179168,-10.454187],[-76.179076,-10.455314],[-76.179015,-10.45553],[-76.1789,-10.455725],[-76.178473,-10.456257],[-76.178374,-10.456459],[-76.178351,-10.456683],[-76.178399,-10.456903],[-76.178515,-10.457095],[-76.178845,-10.457409],[-76.17955,-10.457988],[-76.179712,-10.458148],[-76.179834,-10.458338],[-76.17991,-10.458551],[-76.180267,-10.460326],[-76.180291,-10.460773],[-76.180356,-10.46122],[-76.180468,-10.461655],[-76.180781,-10.461983],[-76.181325,-10.462398],[-76.181478,-10.462566],[-76.181599,-10.462758],[-76.181894,-10.463371],[-76.183045,-10.46506],[-76.183145,-10.465263],[-76.183295,-10.46569],[-76.18336,-10.466137],[-76.183399,-10.467267],[-76.18338,-10.467492],[-76.183357,-10.467717],[-76.183268,-10.46816],[-76.183141,-10.468594],[-76.183053,-10.468802],[-76.182046,-10.470578],[-76.181445,-10.472045],[-76.181307,-10.472221],[-76.180781,-10.472658],[-76.180646,-10.472838],[-76.180074,-10.473817],[-76.179818,-10.474446],[-76.179704,-10.474884],[-76.179721,-10.475106],[-76.179803,-10.47555],[-76.180146,-10.476629],[-76.180408,-10.476997],[-76.180968,-10.477391],[-76.181055,-10.477597],[-76.18111,-10.477816],[-76.18113,-10.47872],[-76.181168,-10.478942],[-76.181244,-10.479155],[-76.181515,-10.479778],[-76.181745,-10.48017],[-76.182618,-10.481217],[-76.182745,-10.481405],[-76.182828,-10.481615],[-76.182879,-10.481835],[-76.183026,-10.482728],[-76.183097,-10.482942],[-76.183241,-10.483105],[-76.18346,-10.483119],[-76.183655,-10.483235],[-76.184526,-10.48352],[-76.184749,-10.483572],[-76.184975,-10.483586],[-76.185108,-10.483709],[-76.18534,-10.484098],[-76.185984,-10.48474],[-76.186132,-10.484912],[-76.186255,-10.485103],[-76.186346,-10.48531],[-76.186615,-10.486174],[-76.186639,-10.486398],[-76.186584,-10.487073],[-76.186626,-10.487294],[-76.187016,-10.488595],[-76.187022,-10.488816],[-76.186996,-10.48904],[-76.186892,-10.48948],[-76.186657,-10.490117],[-76.186497,-10.490269],[-76.186307,-10.490396],[-76.185696,-10.490707],[-76.185531,-10.490863],[-76.185375,-10.491029],[-76.184549,-10.492114],[-76.184209,-10.492703],[-76.184126,-10.492914],[-76.184082,-10.493135],[-76.184011,-10.493808],[-76.183921,-10.494014],[-76.18343,-10.494778],[-76.183333,-10.494982],[-76.183301,-10.495205],[-76.183309,-10.495431],[-76.183273,-10.49588],[-76.182874,-10.496692],[-76.182673,-10.497574],[-76.182595,-10.497786],[-76.182498,-10.49799],[-76.1819,-10.498955],[-76.181792,-10.499154],[-76.181711,-10.499365],[-76.18158,-10.499799],[-76.18155,-10.500019],[-76.181545,-10.501376],[-76.1815,-10.501595],[-76.181408,-10.501802],[-76.181286,-10.501994],[-76.180968,-10.50232],[-76.18083,-10.502499],[-76.18065,-10.502914],[-76.18065,-10.503365],[-76.180898,-10.50584],[-76.180956,-10.506289],[-76.181105,-10.50695],[-76.181163,-10.507398],[-76.18118,-10.508529],[-76.18116,-10.509206],[-76.181189,-10.509658],[-76.181163,-10.509882],[-76.181062,-10.510323],[-76.180851,-10.510968],[-76.180635,-10.511367],[-76.180556,-10.511579],[-76.180526,-10.512028],[-76.180559,-10.512706],[-76.180485,-10.51315],[-76.18035,-10.51333],[-76.179632,-10.513893],[-76.179476,-10.514056],[-76.179424,-10.514275],[-76.179442,-10.514496],[-76.179508,-10.514713],[-76.179721,-10.515112],[-76.180546,-10.516978],[-76.180709,-10.5174],[-76.180796,-10.517843],[-76.18081,-10.518069],[-76.18078,-10.519425],[-76.180727,-10.519874],[-76.180356,-10.521645],[-76.178873,-10.525443],[-76.178741,-10.525875],[-76.178721,-10.5261],[-76.178762,-10.526322],[-76.17884,-10.526533],[-76.178962,-10.526724],[-76.179117,-10.526889],[-76.180027,-10.527578],[-76.180192,-10.527735],[-76.180336,-10.527911],[-76.180947,-10.528868],[-76.181248,-10.529208],[-76.181418,-10.52936],[-76.181808,-10.529595],[-76.183272,-10.530249],[-76.183679,-10.530458],[-76.183871,-10.530581],[-76.184022,-10.53075],[-76.184245,-10.531145],[-76.184732,-10.532168],[-76.184894,-10.53259],[-76.184965,-10.533037],[-76.184993,-10.533714],[-76.185031,-10.533937],[-76.18513,-10.534378],[-76.185323,-10.534787],[-76.185993,-10.535972],[-76.187794,-10.538863],[-76.187935,-10.539292],[-76.188112,-10.540178],[-76.188206,-10.540384],[-76.188337,-10.540567],[-76.189256,-10.541242],[-76.189423,-10.541397],[-76.189551,-10.541584],[-76.189643,-10.54179],[-76.189779,-10.542222],[-76.189948,-10.54288],[-76.189982,-10.543102],[-76.190038,-10.544684],[-76.190085,-10.545134],[-76.19013,-10.545355],[-76.190449,-10.546441],[-76.19075,-10.547765],[-76.190817,-10.547981],[-76.191641,-10.550091],[-76.191771,-10.550524],[-76.19183,-10.550972],[-76.191837,-10.552102],[-76.191867,-10.552325],[-76.19213,-10.553191],[-76.192159,-10.553415],[-76.19217,-10.55545],[-76.192235,-10.555897],[-76.192644,-10.557192],[-76.192732,-10.557401],[-76.193658,-10.558961],[-76.193862,-10.559366],[-76.193925,-10.559583],[-76.193949,-10.559807],[-76.193934,-10.560032],[-76.193395,-10.562229],[-76.193197,-10.562636],[-76.1928,-10.56319],[-76.19257,-10.56358],[-76.192394,-10.564236],[-76.19211,-10.564853],[-76.191861,-10.565485],[-76.191429,-10.566773],[-76.191322,-10.567213],[-76.191242,-10.567886],[-76.191254,-10.568112],[-76.19131,-10.56856],[-76.191512,-10.569442],[-76.19152,-10.569668],[-76.191493,-10.569892],[-76.191377,-10.570329],[-76.191043,-10.57117],[-76.190933,-10.571839],[-76.190786,-10.572502],[-76.19077,-10.572727],[-76.190812,-10.572949],[-76.191008,-10.573599],[-76.191063,-10.574047],[-76.191068,-10.574273],[-76.191006,-10.574948],[-76.190966,-10.57517],[-76.190885,-10.575381],[-76.19076,-10.57557],[-76.190206,-10.57629],[-76.189904,-10.576899],[-76.189643,-10.57727],[-76.18933,-10.5776],[-76.188737,-10.577942],[-76.188565,-10.578091],[-76.187925,-10.57874],[-76.18779,-10.578922],[-76.187687,-10.579123],[-76.187425,-10.57975],[-76.187143,-10.581077],[-76.18678,-10.582385],[-76.185067,-10.586823],[-76.18501,-10.587042],[-76.184955,-10.58749],[-76.184955,-10.587716],[-76.185021,-10.588845],[-76.185021,-10.589296],[-76.184951,-10.589742],[-76.184889,-10.58996],[-76.184805,-10.59017],[-76.184582,-10.590565],[-76.183259,-10.592412],[-76.183074,-10.592824],[-76.182986,-10.593267],[-76.182635,-10.596413],[-76.182545,-10.596856],[-76.182419,-10.597291],[-76.182266,-10.597717],[-76.181536,-10.599376],[-76.181478,-10.599594],[-76.18145,-10.599818],[-76.181455,-10.600044],[-76.181488,-10.600268],[-76.181956,-10.602017],[-76.182051,-10.602459],[-76.182082,-10.602909],[-76.182055,-10.603133],[-76.181997,-10.603351],[-76.181343,-10.604796],[-76.181269,-10.60501],[-76.181207,-10.605227],[-76.180878,-10.606776],[-76.180721,-10.6072],[-76.180127,-10.608424],[-76.180048,-10.608636],[-76.179602,-10.610391],[-76.179314,-10.611717],[-76.179287,-10.611941],[-76.179213,-10.613522],[-76.179048,-10.61555],[-76.178959,-10.616223],[-76.178742,-10.617101],[-76.17844,-10.617955],[-76.177655,-10.619335],[-76.177465,-10.619746],[-76.177337,-10.62018],[-76.177151,-10.621065],[-76.176947,-10.621469],[-76.176817,-10.621655],[-76.176484,-10.621964],[-76.174943,-10.622948],[-76.174765,-10.623091],[-76.17462,-10.623265],[-76.174499,-10.623456],[-76.174402,-10.623661],[-76.174339,-10.623877],[-76.174313,-10.624101],[-76.174317,-10.624327],[-76.174358,-10.624549],[-76.17443,-10.624763],[-76.174528,-10.624967],[-76.174663,-10.625149],[-76.174819,-10.625314],[-76.174998,-10.625455],[-76.175199,-10.625562],[-76.176459,-10.62611],[-76.176657,-10.626223],[-76.176823,-10.626378],[-76.176955,-10.626562],[-76.177038,-10.626772],[-76.177079,-10.626994],[-76.177063,-10.627219],[-76.177,-10.627435],[-76.176661,-10.628276],[-76.176539,-10.628466],[-76.176375,-10.628622],[-76.175665,-10.629195],[-76.175535,-10.62938],[-76.175453,-10.62959],[-76.17544,-10.629816],[-76.175456,-10.630041],[-76.175752,-10.631596],[-76.17576,-10.631822],[-76.175719,-10.632044],[-76.175635,-10.632253],[-76.17551,-10.632441],[-76.175349,-10.632602],[-76.174561,-10.633063],[-76.174397,-10.633221],[-76.174281,-10.633413],[-76.174211,-10.633628],[-76.174121,-10.635434],[-76.173998,-10.635868],[-76.173804,-10.636277],[-76.173681,-10.636468],[-76.173548,-10.636652],[-76.173232,-10.636979],[-76.171448,-10.638402],[-76.170967,-10.638888],[-76.1707,-10.639256],[-76.170463,-10.639643],[-76.170181,-10.640261],[-76.16984,-10.64134],[-76.169673,-10.641998],[-76.169092,-10.645111],[-76.169017,-10.645324],[-76.16891,-10.645524],[-76.168771,-10.645702],[-76.168602,-10.645854],[-76.168414,-10.645984],[-76.167642,-10.646473],[-76.167444,-10.646587],[-76.167231,-10.646672],[-76.165862,-10.64681],[-76.165642,-10.64687],[-76.165437,-10.646971],[-76.165263,-10.647118],[-76.164496,-10.647958],[-76.164115,-10.648208],[-76.163465,-10.64843],[-76.160586,-10.649208],[-76.160154,-10.649358],[-76.159959,-10.649473],[-76.159849,-10.649668],[-76.159854,-10.649893],[-76.160023,-10.650311],[-76.160144,-10.650503],[-76.16034,-10.650613],[-76.160566,-10.650621],[-76.160765,-10.650515],[-76.161117,-10.650224],[-76.161499,-10.649975],[-76.162133,-10.649711],[-76.162354,-10.649653],[-76.162581,-10.64963],[-76.163264,-10.649708],[-76.163492,-10.64969],[-76.163714,-10.649634],[-76.163934,-10.649568],[-76.164338,-10.649355],[-76.164517,-10.649214],[-76.165009,-10.64874],[-76.165204,-10.648621],[-76.165643,-10.648492],[-76.165868,-10.648508],[-76.166062,-10.648624],[-76.166168,-10.648821],[-76.166581,-10.650115],[-76.166796,-10.650513],[-76.167041,-10.650895],[-76.167186,-10.65107],[-76.167361,-10.651214],[-76.167579,-10.651284],[-76.16803,-10.651363],[-76.168245,-10.651441],[-76.168447,-10.651548],[-76.168609,-10.651709],[-76.168857,-10.652088],[-76.169013,-10.652252],[-76.169564,-10.652658],[-76.169916,-10.652946],[-76.170512,-10.653282],[-76.170934,-10.653814],[-76.171132,-10.653921],[-76.171359,-10.65394],[-76.172037,-10.653822],[-76.172262,-10.653861],[-76.172432,-10.654008],[-76.172538,-10.654208],[-76.172893,-10.655041],[-76.173153,-10.655414],[-76.173464,-10.655745],[-76.174002,-10.656167],[-76.174153,-10.656337],[-76.174257,-10.656536],[-76.174452,-10.657419],[-76.174563,-10.658088],[-76.174584,-10.658313],[-76.174583,-10.658765],[-76.17462,-10.658986],[-76.174858,-10.659622],[-76.174896,-10.659844],[-76.17493,-10.660295],[-76.174919,-10.660746],[-76.174651,-10.661367],[-76.174735,-10.661569],[-76.175361,-10.661843],[-76.175559,-10.661958],[-76.176121,-10.66235],[-76.176281,-10.662508],[-76.176349,-10.662721],[-76.176341,-10.662947],[-76.176409,-10.663847],[-76.176472,-10.664065],[-76.176572,-10.664268],[-76.176717,-10.664438],[-76.176937,-10.664397],[-76.17795,-10.663479],[-76.178152,-10.663374],[-76.178582,-10.663215],[-76.17924,-10.663018],[-76.179467,-10.66303],[-76.179665,-10.663137],[-76.179788,-10.663326],[-76.179893,-10.664222],[-76.179939,-10.664443],[-76.180198,-10.665068],[-76.180179,-10.66529],[-76.180087,-10.665496],[-76.179745,-10.666084],[-76.179229,-10.667093],[-76.179194,-10.667314],[-76.179258,-10.667528],[-76.179425,-10.667681],[-76.179842,-10.667868],[-76.180036,-10.667987],[-76.180209,-10.668134],[-76.180356,-10.668306],[-76.180559,-10.66871],[-76.181041,-10.669981],[-76.181146,-10.670182],[-76.181277,-10.670367],[-76.181437,-10.670527],[-76.182205,-10.671021],[-76.18239,-10.671153],[-76.182548,-10.671316],[-76.182635,-10.671524],[-76.182726,-10.671966],[-76.182865,-10.672145],[-76.183208,-10.672445],[-76.183363,-10.67261],[-76.183755,-10.673426],[-76.183815,-10.673643],[-76.183818,-10.674095],[-76.18374,-10.674768],[-76.183753,-10.674993],[-76.183815,-10.67521],[-76.183917,-10.675412],[-76.184207,-10.675761],[-76.184316,-10.675959],[-76.184693,-10.677497],[-76.184851,-10.677922],[-76.185052,-10.678328],[-76.185281,-10.67872],[-76.185825,-10.679448],[-76.186437,-10.680122],[-76.186572,-10.680305],[-76.186713,-10.680734],[-76.18693,-10.684571],[-76.186905,-10.685248],[-76.18676,-10.686824],[-76.18675,-10.687276],[-76.18677,-10.687727],[-76.186882,-10.688165],[-76.187159,-10.688786],[-76.187233,-10.689],[-76.1874,-10.689888],[-76.187466,-10.690105],[-76.188077,-10.691568],[-76.188294,-10.692212],[-76.18835,-10.692431],[-76.188627,-10.694447],[-76.188925,-10.696232],[-76.189047,-10.696667],[-76.189362,-10.697517],[-76.189424,-10.697734],[-76.189457,-10.697957],[-76.18957,-10.699536],[-76.189626,-10.700891],[-76.18969,-10.701339],[-76.18984,-10.702001],[-76.18987,-10.702224],[-76.18985,-10.702448],[-76.189779,-10.702662],[-76.189065,-10.70408],[-76.189022,-10.704301],[-76.189073,-10.704517],[-76.189236,-10.704667],[-76.189456,-10.704718],[-76.189674,-10.704658],[-76.189821,-10.704491],[-76.189893,-10.704278],[-76.189992,-10.703836],[-76.190093,-10.703635],[-76.190258,-10.703479],[-76.190621,-10.703205],[-76.190742,-10.703016],[-76.19075,-10.702343],[-76.190825,-10.70213],[-76.190961,-10.70195],[-76.19115,-10.701824],[-76.191369,-10.701764],[-76.192046,-10.701642],[-76.192261,-10.701563],[-76.192453,-10.701442],[-76.192614,-10.701283],[-76.192742,-10.701096],[-76.192941,-10.700689],[-76.193075,-10.700506],[-76.193253,-10.700367],[-76.193468,-10.700289],[-76.193693,-10.700242],[-76.194603,-10.700125],[-76.194806,-10.700027],[-76.194963,-10.699863],[-76.19506,-10.69966],[-76.195058,-10.699435],[-76.194972,-10.699231],[-76.194813,-10.699069],[-76.194599,-10.698996],[-76.194371,-10.698968],[-76.192766,-10.698929],[-76.192545,-10.69899],[-76.192344,-10.699096],[-76.192165,-10.699236],[-76.192004,-10.699397],[-76.191864,-10.699576],[-76.191635,-10.699967],[-76.191461,-10.700109],[-76.191245,-10.700082],[-76.191116,-10.699906],[-76.191116,-10.699004],[-76.191068,-10.698327],[-76.190971,-10.695616],[-76.191013,-10.695166],[-76.191158,-10.694503],[-76.191179,-10.694278],[-76.191149,-10.692244],[-76.191224,-10.692036],[-76.191412,-10.691919],[-76.191635,-10.691934],[-76.191822,-10.692062],[-76.192788,-10.693028],[-76.192934,-10.693201],[-76.193118,-10.693614],[-76.193235,-10.693808],[-76.193409,-10.693953],[-76.193623,-10.694029],[-76.193851,-10.69405],[-76.195226,-10.694133],[-76.195455,-10.694127],[-76.195677,-10.694074],[-76.195876,-10.693963],[-76.1962,-10.693644],[-76.196377,-10.693502],[-76.19658,-10.693398],[-76.196804,-10.693358],[-76.197032,-10.693369],[-76.198397,-10.693552],[-76.200208,-10.693851],[-76.202501,-10.69395],[-76.203641,-10.694087],[-76.203867,-10.694122],[-76.204505,-10.694372],[-76.204731,-10.69441],[-76.204958,-10.694398],[-76.205179,-10.694339],[-76.205813,-10.694076],[-76.206034,-10.694017],[-76.208094,-10.693869],[-76.208547,-10.693797],[-76.20922,-10.693654],[-76.210091,-10.693368],[-76.213103,-10.692261],[-76.213325,-10.69221],[-76.213783,-10.69218],[-76.214238,-10.692235],[-76.21513,-10.692446],[-76.217288,-10.693216],[-76.217498,-10.693305],[-76.218292,-10.69376],[-76.219128,-10.694131],[-76.219574,-10.694233],[-76.220943,-10.694382],[-76.221401,-10.694391],[-76.221627,-10.694352],[-76.221821,-10.694232],[-76.221973,-10.694066],[-76.22206,-10.693864],[-76.222075,-10.69364],[-76.222024,-10.693422],[-76.221917,-10.693224],[-76.221525,-10.692668],[-76.221428,-10.692463],[-76.221371,-10.692244],[-76.221346,-10.69202],[-76.221305,-10.691117],[-76.221271,-10.690893],[-76.221048,-10.690252],[-76.221016,-10.690029],[-76.221048,-10.689808],[-76.221143,-10.689603],[-76.221295,-10.689437],[-76.222821,-10.688429],[-76.223,-10.688288],[-76.223144,-10.688112],[-76.223247,-10.68791],[-76.22348,-10.687037],[-76.223585,-10.686839],[-76.223754,-10.686693],[-76.223968,-10.686618],[-76.224196,-10.68661],[-76.22441,-10.68668],[-76.224588,-10.686818],[-76.224693,-10.687014],[-76.224727,-10.687236],[-76.224693,-10.687457],[-76.224589,-10.687656],[-76.222372,-10.689623],[-76.222236,-10.689805],[-76.222141,-10.69001],[-76.222113,-10.690232],[-76.222144,-10.690454],[-76.222218,-10.690667],[-76.222433,-10.691067],[-76.22252,-10.691275],[-76.222632,-10.691943],[-76.222729,-10.692148],[-76.222879,-10.692318],[-76.223068,-10.692446],[-76.223496,-10.692607],[-76.225897,-10.693379],[-76.226119,-10.693435],[-76.226344,-10.693476],[-76.226573,-10.693486],[-76.226801,-10.693457],[-76.227869,-10.693044],[-76.228092,-10.693],[-76.228319,-10.693025],[-76.22853,-10.69311],[-76.228697,-10.693264],[-76.229073,-10.693829],[-76.229252,-10.693968],[-76.22947,-10.694037],[-76.229698,-10.694035],[-76.230567,-10.69375],[-76.230794,-10.693766],[-76.231004,-10.693854],[-76.231165,-10.694012],[-76.231284,-10.694204],[-76.231559,-10.694825],[-76.231596,-10.695046],[-76.231556,-10.695268],[-76.231445,-10.695465],[-76.231178,-10.69583],[-76.231113,-10.696044],[-76.23113,-10.696267],[-76.231222,-10.696473],[-76.231389,-10.696626],[-76.231598,-10.696714],[-76.231826,-10.69672],[-76.232038,-10.696635],[-76.233172,-10.695866],[-76.233372,-10.695757],[-76.234023,-10.695538],[-76.234207,-10.695403],[-76.234345,-10.695223],[-76.234525,-10.69509],[-76.234748,-10.695096],[-76.235078,-10.695405],[-76.235284,-10.695501],[-76.235504,-10.695565],[-76.23614,-10.695825],[-76.236914,-10.69631],[-76.237092,-10.696452],[-76.237246,-10.696619],[-76.237354,-10.696818],[-76.237419,-10.697034],[-76.23743,-10.69726],[-76.237403,-10.697484],[-76.236883,-10.698982],[-76.236775,-10.69918],[-76.236626,-10.699351],[-76.236439,-10.699479],[-76.235801,-10.699734],[-76.235599,-10.699841],[-76.235424,-10.699987],[-76.235268,-10.700153],[-76.235153,-10.700348],[-76.235073,-10.70056],[-76.235018,-10.700779],[-76.234778,-10.703482],[-76.234672,-10.70438],[-76.23452,-10.705272],[-76.234111,-10.707035],[-76.233919,-10.707686],[-76.233585,-10.708528],[-76.233524,-10.708746],[-76.23348,-10.709196],[-76.233488,-10.709421],[-76.233518,-10.709645],[-76.233646,-10.710078],[-76.234081,-10.710875],[-76.234705,-10.711823],[-76.235442,-10.712689],[-76.23685,-10.714179],[-76.237359,-10.714635],[-76.237737,-10.71489],[-76.237941,-10.714995],[-76.238363,-10.715173],[-76.238797,-10.71532],[-76.244552,-10.716881],[-76.245203,-10.717101],[-76.245627,-10.717274],[-76.245997,-10.71754],[-76.246155,-10.717703],[-76.247807,-10.72015],[-76.2481,-10.720497],[-76.248263,-10.720655],[-76.248621,-10.720937],[-76.250356,-10.722042],[-76.2507,-10.722341],[-76.250999,-10.722683],[-76.251508,-10.723435],[-76.251718,-10.723837],[-76.251868,-10.724265],[-76.251961,-10.724707],[-76.251973,-10.724933],[-76.251965,-10.725384],[-76.251882,-10.725829],[-76.25124,-10.727999],[-76.251189,-10.72822],[-76.251104,-10.728893],[-76.25109,-10.729344],[-76.251131,-10.729794],[-76.251221,-10.730237],[-76.25143,-10.730882],[-76.251747,-10.731484],[-76.252,-10.731861],[-76.254306,-10.734677],[-76.256615,-10.737193],[-76.257585,-10.738156],[-76.258049,-10.738658],[-76.258318,-10.739024],[-76.259657,-10.741394],[-76.259953,-10.742006],[-76.260995,-10.745],[-76.26114,-10.745662],[-76.261166,-10.746112],[-76.261167,-10.746338],[-76.260671,-10.749694],[-76.260531,-10.750358],[-76.260378,-10.750784],[-76.260064,-10.751388],[-76.258066,-10.75495],[-76.257107,-10.756752],[-76.255835,-10.759659],[-76.248123,-10.777558],[-76.24724,-10.779398],[-76.238895,-10.793711],[-76.238757,-10.794374],[-76.238733,-10.794599],[-76.238579,-10.797534],[-76.238541,-10.803638],[-76.238741,-10.813358],[-76.238777,-10.816749],[-76.238722,-10.819688],[-76.238681,-10.820591],[-76.238346,-10.824194],[-76.23834,-10.824418],[-76.238481,-10.825081],[-76.238547,-10.825298],[-76.238639,-10.825505],[-76.239619,-10.827296],[-76.241845,-10.831251],[-76.242211,-10.831825],[-76.243197,-10.833075],[-76.245893,-10.836159],[-76.246696,-10.836967],[-76.250102,-10.839999],[-76.250276,-10.840147],[-76.250658,-10.840397],[-76.251058,-10.840618],[-76.251268,-10.84071],[-76.251922,-10.840919],[-76.256836,-10.842072],[-76.257513,-10.842194],[-76.258657,-10.842278],[-76.260723,-10.842242],[-76.263476,-10.842132],[-76.265539,-10.842025],[-76.265998,-10.842027],[-76.266223,-10.842052],[-76.266435,-10.84214],[-76.26681,-10.842398],[-76.266967,-10.842562],[-76.268698,-10.844957],[-76.26881,-10.845153],[-76.268903,-10.845359],[-76.268963,-10.845577],[-76.269212,-10.847368],[-76.26928,-10.847584],[-76.269489,-10.847985],[-76.273185,-10.853439],[-76.274432,-10.855337],[-76.2747,-10.855704],[-76.274858,-10.855867],[-76.275042,-10.856],[-76.275252,-10.85609],[-76.275477,-10.85612],[-76.275706,-10.856123],[-76.277069,-10.85593],[-76.27752,-10.856009],[-76.278179,-10.856203],[-76.280683,-10.856532],[-76.280904,-10.856589],[-76.281319,-10.856781],[-76.28151,-10.856906],[-76.281839,-10.857219],[-76.283601,-10.859866],[-76.287555,-10.865964],[-76.293157,-10.874513],[-76.29442,-10.876401],[-76.297363,-10.880988],[-76.297566,-10.881394],[-76.297635,-10.881605],[-76.298238,-10.886316],[-76.298292,-10.886534],[-76.299166,-10.889107],[-76.299447,-10.890894],[-76.299597,-10.892015],[-76.299933,-10.894023],[-76.300061,-10.895146],[-76.300075,-10.895597],[-76.300058,-10.895822],[-76.299983,-10.896034],[-76.299715,-10.896401],[-76.299419,-10.897011],[-76.29917,-10.897644],[-76.298911,-10.898511],[-76.298761,-10.899173],[-76.298826,-10.899845],[-76.298914,-10.900052],[-76.299059,-10.900227],[-76.299224,-10.900384],[-76.299603,-10.900639],[-76.30003,-10.900796],[-76.300477,-10.900897],[-76.300671,-10.900992],[-76.300705,-10.901212],[-76.300561,-10.902104],[-76.300585,-10.902782],[-76.300635,-10.903232],[-76.300858,-10.904108],[-76.301494,-10.90628],[-76.302045,-10.908708],[-76.303428,-10.915352],[-76.304072,-10.918222],[-76.304501,-10.920443],[-76.304799,-10.922457],[-76.305092,-10.924242],[-76.305203,-10.925367],[-76.305294,-10.926039],[-76.305469,-10.926927],[-76.305541,-10.927142],[-76.306446,-10.929219],[-76.30664,-10.92987],[-76.307329,-10.931546],[-76.307836,-10.933048],[-76.308429,-10.934998],[-76.309135,-10.937149],[-76.309777,-10.938843],[-76.310346,-10.940563],[-76.310892,-10.942051],[-76.311112,-10.942929],[-76.311312,-10.943578],[-76.311752,-10.944863],[-76.311753,-10.945537],[-76.311857,-10.945977],[-76.311935,-10.946189],[-76.312256,-10.946788],[-76.312346,-10.946996],[-76.313021,-10.948919],[-76.313601,-10.950395],[-76.314818,-10.953808],[-76.315886,-10.957032],[-76.316378,-10.958299],[-76.316486,-10.958497],[-76.316633,-10.958671],[-76.317139,-10.959131],[-76.317316,-10.959274],[-76.317882,-10.959661],[-76.318491,-10.959975],[-76.31868,-10.960102],[-76.319018,-10.960409],[-76.31917,-10.960577],[-76.319295,-10.960766],[-76.319493,-10.961174],[-76.319926,-10.962698],[-76.320004,-10.962909],[-76.320305,-10.963519],[-76.320434,-10.963705],[-76.322299,-10.965999],[-76.323789,-10.969057],[-76.326236,-10.972612],[-76.326393,-10.972774],[-76.327633,-10.973779],[-76.331874,-10.975513],[-76.332078,-10.975615],[-76.334016,-10.976827],[-76.334177,-10.976983],[-76.334448,-10.977348],[-76.334326,-10.977782],[-76.334234,-10.978454],[-76.334263,-10.978672],[-76.334436,-10.979088],[-76.334743,-10.979424],[-76.334923,-10.979553],[-76.336865,-10.980248],[-76.339107,-10.981393],[-76.343124,-10.984408],[-76.344317,-10.985468],[-76.34468,-10.985744],[-76.345728,-10.986204],[-76.346135,-10.986413],[-76.347175,-10.987302],[-76.347558,-10.98755],[-76.347765,-10.987642],[-76.348431,-10.987817],[-76.348646,-10.987895],[-76.349269,-10.988184],[-76.349449,-10.988319],[-76.350904,-10.989764],[-76.351088,-10.989897],[-76.351283,-10.990016],[-76.351946,-10.990199],[-76.352559,-10.990509],[-76.35273,-10.990655],[-76.353527,-10.991466],[-76.35372,-10.991588],[-76.354339,-10.991886],[-76.354912,-10.992261],[-76.35508,-10.992409],[-76.355214,-10.992593],[-76.355315,-10.992794],[-76.355384,-10.993009],[-76.355543,-10.994583],[-76.355631,-10.994786],[-76.355818,-10.99491],[-76.35689,-10.995315],[-76.357295,-10.995526],[-76.357677,-10.995778],[-76.357984,-10.996111],[-76.358614,-10.997057],[-76.359452,-10.998407],[-76.360134,-10.999316],[-76.360728,-10.999646],[-76.361772,-11.000531],[-76.362094,-11.000853],[-76.362394,-11.001194],[-76.362566,-11.001343],[-76.362751,-11.001473],[-76.364033,-11.001969],[-76.364665,-11.00205],[-76.364883,-11.002104],[-76.365261,-11.002357],[-76.366503,-11.002943],[-76.366645,-11.003076],[-76.366642,-11.0033],[-76.366689,-11.00352],[-76.366641,-11.004423],[-76.366652,-11.004649],[-76.366696,-11.00484],[-76.367384,-11.00484],[-76.367604,-11.004892],[-76.367795,-11.005014],[-76.367967,-11.005163],[-76.368175,-11.00524],[-76.369091,-11.005285],[-76.369546,-11.005226],[-76.369775,-11.005227],[-76.369992,-11.005293],[-76.370119,-11.005471],[-76.37041,-11.006564],[-76.370509,-11.006765],[-76.370685,-11.00691],[-76.371177,-11.007384],[-76.37132,-11.007559],[-76.371367,-11.007776],[-76.37135,-11.008906],[-76.37138,-11.009584],[-76.371413,-11.009807],[-76.371513,-11.01001],[-76.371761,-11.010391],[-76.371852,-11.010597],[-76.371899,-11.010817],[-76.371917,-11.011043],[-76.371996,-11.011251],[-76.372291,-11.011597],[-76.372517,-11.01199],[-76.372608,-11.012197],[-76.372843,-11.012585],[-76.372976,-11.012766],[-76.373698,-11.013325],[-76.373967,-11.013689],[-76.37412,-11.013855],[-76.374469,-11.014149],[-76.375424,-11.014776],[-76.375574,-11.014943],[-76.37575,-11.01536],[-76.375901,-11.015528],[-76.376247,-11.015825],[-76.376449,-11.01592],[-76.376865,-11.015757],[-76.377089,-11.015773],[-76.377296,-11.015869],[-76.377522,-11.0159],[-76.377981,-11.015918],[-76.378205,-11.015961],[-76.378646,-11.016087],[-76.378846,-11.016189],[-76.378918,-11.016397],[-76.378916,-11.016622],[-76.378825,-11.017294],[-76.378768,-11.017513],[-76.378783,-11.017956],[-76.378705,-11.018167],[-76.378712,-11.018385],[-76.378875,-11.018808],[-76.379237,-11.019381],[-76.379496,-11.020008],[-76.379714,-11.020651],[-76.379815,-11.020854],[-76.379974,-11.021013],[-76.380333,-11.021279],[-76.38037,-11.0215],[-76.380516,-11.021665],[-76.380611,-11.021859],[-76.380651,-11.022081],[-76.380804,-11.022249],[-76.380888,-11.022459],[-76.380918,-11.022682],[-76.38099,-11.022888],[-76.3811,-11.023081],[-76.381154,-11.023298],[-76.381337,-11.023391],[-76.38156,-11.023342],[-76.381788,-11.02337],[-76.382008,-11.023435],[-76.382186,-11.023555],[-76.382153,-11.02377],[-76.381992,-11.023929],[-76.381776,-11.023993],[-76.381609,-11.024124],[-76.381498,-11.02456],[-76.381385,-11.024747],[-76.380947,-11.024876],[-76.380724,-11.024838],[-76.380536,-11.024718],[-76.380204,-11.024407],[-76.379992,-11.024323],[-76.379767,-11.024339],[-76.379334,-11.024489],[-76.379285,-11.024702],[-76.379438,-11.024852],[-76.379867,-11.025013],[-76.380052,-11.025127],[-76.38005,-11.025345],[-76.379972,-11.025558],[-76.379975,-11.025774],[-76.380336,-11.026032],[-76.380425,-11.02624],[-76.380958,-11.02724],[-76.381017,-11.027458],[-76.38116,-11.027632],[-76.38138,-11.02769],[-76.381566,-11.027807],[-76.381615,-11.028255],[-76.381711,-11.028445],[-76.38187,-11.028605],[-76.381935,-11.028816],[-76.381921,-11.029039],[-76.381999,-11.029244],[-76.382205,-11.02931],[-76.382855,-11.029096],[-76.38308,-11.029105],[-76.383253,-11.029243],[-76.383575,-11.029565],[-76.383756,-11.029699],[-76.383981,-11.029697],[-76.384433,-11.029621],[-76.384535,-11.029805],[-76.38456,-11.030029],[-76.384655,-11.030229],[-76.384827,-11.03037],[-76.385461,-11.030627],[-76.385638,-11.03077],[-76.385776,-11.030946],[-76.385956,-11.031361],[-76.386066,-11.031559],[-76.3862,-11.031743],[-76.387176,-11.032699],[-76.387363,-11.032823],[-76.387567,-11.032925],[-76.38765,-11.033118],[-76.387593,-11.03356],[-76.387725,-11.033726],[-76.387944,-11.033792],[-76.388139,-11.033906],[-76.388249,-11.034105],[-76.388437,-11.034171],[-76.38866,-11.034115],[-76.388882,-11.034161],[-76.389094,-11.034248],[-76.389323,-11.034269],[-76.389416,-11.034459],[-76.389419,-11.034683],[-76.389554,-11.034849],[-76.389993,-11.034954],[-76.390089,-11.035158],[-76.390408,-11.035479],[-76.390619,-11.035559],[-76.391292,-11.035707],[-76.391491,-11.035797],[-76.391585,-11.035998],[-76.391716,-11.036182],[-76.391778,-11.036396],[-76.39214,-11.036645],[-76.392278,-11.036821],[-76.392391,-11.037017],[-76.392465,-11.037463],[-76.392516,-11.03814],[-76.392656,-11.038568],[-76.392703,-11.038789],[-76.392739,-11.039692],[-76.39285,-11.039883],[-76.393199,-11.040172],[-76.39331,-11.04036],[-76.393255,-11.040575],[-76.393311,-11.040772],[-76.393473,-11.040929],[-76.393549,-11.041143],[-76.393666,-11.041336],[-76.393829,-11.041486],[-76.394056,-11.041491],[-76.394956,-11.041313],[-76.39633,-11.041234],[-76.397243,-11.041132],[-76.39746,-11.041068],[-76.397666,-11.040969],[-76.397884,-11.040916],[-76.398113,-11.04092],[-76.398566,-11.040993],[-76.398787,-11.041051],[-76.398995,-11.041139],[-76.399134,-11.041319],[-76.3994,-11.041944],[-76.399385,-11.042163],[-76.399215,-11.042304],[-76.399061,-11.042468],[-76.399121,-11.042681],[-76.399395,-11.043044],[-76.399444,-11.043252],[-76.399302,-11.043422],[-76.39885,-11.04344],[-76.398626,-11.043489],[-76.398422,-11.043593],[-76.397932,-11.044068],[-76.39773,-11.044139],[-76.39751,-11.044184],[-76.397111,-11.044408],[-76.396927,-11.044544],[-76.396777,-11.044704],[-76.396831,-11.044898],[-76.397053,-11.044928],[-76.397223,-11.045052],[-76.397216,-11.045269],[-76.397168,-11.04549],[-76.397052,-11.045654],[-76.396827,-11.045649],[-76.396616,-11.045711],[-76.396596,-11.045914],[-76.396679,-11.046125],[-76.3968,-11.046317],[-76.396965,-11.046468],[-76.397779,-11.046877],[-76.39784,-11.047088],[-76.397779,-11.047302],[-76.397657,-11.047484],[-76.397456,-11.047586],[-76.397011,-11.047694],[-76.396557,-11.04776],[-76.396349,-11.047845],[-76.396182,-11.047998],[-76.395724,-11.048505],[-76.395648,-11.048717],[-76.395613,-11.049168],[-76.395373,-11.049802],[-76.39536,-11.050024],[-76.395424,-11.050241],[-76.395322,-11.050909],[-76.395126,-11.051315],[-76.394968,-11.051479],[-76.394797,-11.051629],[-76.394586,-11.051696],[-76.394358,-11.051721],[-76.39427,-11.051907],[-76.394403,-11.052078],[-76.394575,-11.052227],[-76.394682,-11.052423],[-76.394646,-11.052638],[-76.394303,-11.053227],[-76.394176,-11.053414],[-76.393975,-11.053504],[-76.39329,-11.053471],[-76.392605,-11.053548],[-76.392424,-11.053675],[-76.392411,-11.053898],[-76.392445,-11.054121],[-76.392351,-11.054313],[-76.392177,-11.054459],[-76.391983,-11.054573],[-76.391762,-11.054626],[-76.391534,-11.054596],[-76.391325,-11.054645],[-76.391135,-11.055052],[-76.390881,-11.055429],[-76.390811,-11.055644],[-76.390663,-11.056305],[-76.390755,-11.0565],[-76.391105,-11.056784],[-76.39123,-11.056974],[-76.391428,-11.057622],[-76.391517,-11.058066],[-76.391596,-11.058267],[-76.391797,-11.058374],[-76.39222,-11.058546],[-76.393586,-11.05841],[-76.394033,-11.058312],[-76.394252,-11.058363],[-76.394423,-11.058512],[-76.394536,-11.058702],[-76.39457,-11.058924],[-76.394156,-11.059459],[-76.392874,-11.060404],[-76.392667,-11.060484],[-76.392216,-11.060571],[-76.391343,-11.060851],[-76.39115,-11.06096],[-76.390827,-11.061283],[-76.390618,-11.061919],[-76.390386,-11.062308],[-76.390345,-11.062529],[-76.390403,-11.062747],[-76.390564,-11.06317],[-76.390844,-11.063789],[-76.390865,-11.06401],[-76.390788,-11.06422],[-76.390561,-11.064613],[-76.390413,-11.064784],[-76.390219,-11.0649],[-76.389767,-11.064981],[-76.389551,-11.065058],[-76.389354,-11.065171],[-76.389185,-11.065323],[-76.388371,-11.06612],[-76.388271,-11.066317],[-76.3882,-11.066532],[-76.388162,-11.066755],[-76.388159,-11.066978],[-76.388208,-11.067199],[-76.388332,-11.06738],[-76.38879,-11.067401],[-76.388975,-11.067515],[-76.389014,-11.067734],[-76.38898,-11.068185],[-76.389074,-11.068377],[-76.389462,-11.068618],[-76.390378,-11.069299],[-76.390575,-11.069416],[-76.3908,-11.069438],[-76.39125,-11.069352],[-76.391475,-11.069383],[-76.391677,-11.06948],[-76.391809,-11.069662],[-76.391843,-11.069879],[-76.391649,-11.070527],[-76.391793,-11.070672],[-76.391983,-11.070799],[-76.392129,-11.070962],[-76.392316,-11.071374],[-76.392599,-11.071728],[-76.393134,-11.072155],[-76.393708,-11.072528],[-76.393871,-11.072687],[-76.39401,-11.072865],[-76.394723,-11.074026],[-76.394862,-11.074204],[-76.395078,-11.074259],[-76.395307,-11.074246],[-76.39553,-11.07428],[-76.396099,-11.074654],[-76.396516,-11.074841],[-76.396668,-11.075004],[-76.39673,-11.075219],[-76.396709,-11.075441],[-76.396596,-11.075637],[-76.396447,-11.075808],[-76.396099,-11.076102],[-76.395899,-11.07621],[-76.395472,-11.076375],[-76.395094,-11.076631],[-76.394041,-11.077506],[-76.393889,-11.077674],[-76.393786,-11.077874],[-76.393763,-11.078099],[-76.393771,-11.078324],[-76.394096,-11.079169],[-76.394138,-11.079391],[-76.394099,-11.079612],[-76.393945,-11.080037],[-76.393834,-11.080476],[-76.39382,-11.080701],[-76.393848,-11.080926],[-76.393926,-11.081136],[-76.394452,-11.08214],[-76.394706,-11.082771],[-76.39476,-11.08299],[-76.394746,-11.083215],[-76.394677,-11.083429],[-76.394539,-11.083607],[-76.394192,-11.083901],[-76.393788,-11.084113],[-76.39357,-11.084181],[-76.392657,-11.084269],[-76.391968,-11.084254],[-76.391511,-11.084214],[-76.391293,-11.084261],[-76.391118,-11.084406],[-76.390971,-11.084581],[-76.390601,-11.085152],[-76.390283,-11.085754],[-76.390133,-11.085923],[-76.389957,-11.086069],[-76.389762,-11.086188],[-76.389554,-11.086282],[-76.38911,-11.08639],[-76.388655,-11.08644],[-76.388458,-11.086551],[-76.388294,-11.086708],[-76.388167,-11.086895],[-76.38808,-11.087104],[-76.388113,-11.087319],[-76.388252,-11.087499],[-76.388423,-11.087649],[-76.388813,-11.087885],[-76.389264,-11.087965],[-76.389458,-11.088038],[-76.389696,-11.088674],[-76.38975,-11.088893],[-76.389794,-11.089343],[-76.389748,-11.090019],[-76.389674,-11.090464],[-76.389365,-11.09107],[-76.38788,-11.093619],[-76.387705,-11.094037],[-76.38745,-11.094905],[-76.387359,-11.095113],[-76.387125,-11.095501],[-76.386465,-11.096425],[-76.385934,-11.097422],[-76.385262,-11.098039],[-76.384972,-11.098894],[-76.384614,-11.099174],[-76.383723,-11.099387],[-76.383046,-11.099998],[-76.382306,-11.10053],[-76.382152,-11.100956],[-76.382103,-11.101175],[-76.382072,-11.101626],[-76.381942,-11.101808],[-76.381795,-11.10198],[-76.38084,-11.102608],[-76.380682,-11.102764],[-76.380349,-11.103357],[-76.380092,-11.103986],[-76.379973,-11.104176],[-76.379063,-11.105194],[-76.377673,-11.106993],[-76.377418,-11.107861],[-76.376733,-11.10929],[-76.376479,-11.109667],[-76.376336,-11.109841],[-76.375792,-11.110256],[-76.375743,-11.110466],[-76.375679,-11.111141],[-76.375157,-11.111584],[-76.37508,-11.111795],[-76.375035,-11.112013],[-76.375079,-11.11246],[-76.375271,-11.112871],[-76.375406,-11.113284],[-76.375589,-11.11336],[-76.375806,-11.113297],[-76.375976,-11.113146],[-76.376107,-11.112964],[-76.376331,-11.112572],[-76.376501,-11.112421],[-76.376701,-11.112373],[-76.376926,-11.112416],[-76.377077,-11.112538],[-76.377136,-11.112757],[-76.376943,-11.11387],[-76.37693,-11.114321],[-76.377019,-11.114529],[-76.377214,-11.114576],[-76.377443,-11.114569],[-76.377882,-11.114437],[-76.378461,-11.114073],[-76.378673,-11.114029],[-76.379131,-11.11406],[-76.379583,-11.114142],[-76.38069,-11.114439],[-76.381586,-11.114641],[-76.38204,-11.114708],[-76.382497,-11.114745],[-76.382956,-11.11475],[-76.383642,-11.11469],[-76.383871,-11.114694],[-76.384327,-11.11475],[-76.384996,-11.114909],[-76.385913,-11.114897],[-76.386138,-11.114856],[-76.387016,-11.114591],[-76.387241,-11.114556],[-76.38793,-11.114534],[-76.388156,-11.114556],[-76.388825,-11.114717],[-76.38905,-11.114719],[-76.389446,-11.114496],[-76.389648,-11.114526],[-76.389559,-11.114699],[-76.389144,-11.114892],[-76.388712,-11.115041],[-76.38855,-11.115192],[-76.388491,-11.11541],[-76.388402,-11.115618],[-76.38816,-11.116001],[-76.388106,-11.116209],[-76.388283,-11.116156],[-76.388413,-11.115969],[-76.388594,-11.115836],[-76.389034,-11.115715],[-76.389492,-11.115682],[-76.389716,-11.115714],[-76.39056,-11.116071],[-76.391205,-11.116306],[-76.392255,-11.116764],[-76.392864,-11.117081],[-76.39309,-11.117099],[-76.393312,-11.117046],[-76.394402,-11.116696],[-76.394626,-11.116729],[-76.394734,-11.116919],[-76.39469,-11.117135],[-76.394421,-11.117759],[-76.394384,-11.11798],[-76.394443,-11.118429],[-76.39445,-11.118654],[-76.394404,-11.118874],[-76.39439,-11.119096],[-76.394535,-11.119249],[-76.394743,-11.119215],[-76.395318,-11.118841],[-76.395533,-11.118788],[-76.395754,-11.118846],[-76.396611,-11.119169],[-76.396802,-11.119287],[-76.397118,-11.119613],[-76.397307,-11.11974],[-76.398317,-11.120277],[-76.399504,-11.120966],[-76.399648,-11.121142],[-76.399734,-11.12135],[-76.399854,-11.121786],[-76.399955,-11.121986],[-76.40012,-11.122142],[-76.400531,-11.122343],[-76.400746,-11.122419],[-76.400972,-11.122424],[-76.401187,-11.122348],[-76.401575,-11.122107],[-76.401942,-11.121843],[-76.402161,-11.121781],[-76.402391,-11.12179],[-76.402617,-11.121827],[-76.402811,-11.121934],[-76.402873,-11.122142],[-76.402816,-11.122358],[-76.402495,-11.122955],[-76.40243,-11.123171],[-76.402403,-11.123396],[-76.402247,-11.12382],[-76.402154,-11.124027],[-76.401895,-11.124399],[-76.40158,-11.124708],[-76.401293,-11.125324],[-76.401242,-11.125542],[-76.401334,-11.125737],[-76.401703,-11.126005],[-76.401866,-11.126156],[-76.401936,-11.126364],[-76.401948,-11.12659],[-76.40204,-11.12679],[-76.402254,-11.126814],[-76.402671,-11.12663],[-76.402898,-11.126648],[-76.403556,-11.126849],[-76.403784,-11.126863],[-76.404003,-11.126803],[-76.40421,-11.126707],[-76.405219,-11.126168],[-76.405429,-11.126078],[-76.40565,-11.12609],[-76.405849,-11.126201],[-76.406028,-11.126343],[-76.406529,-11.126807],[-76.406659,-11.126991],[-76.407092,-11.127789],[-76.407765,-11.128704],[-76.407826,-11.12892],[-76.407838,-11.129145],[-76.407798,-11.130273],[-76.407586,-11.131384],[-76.407517,-11.131597],[-76.40739,-11.131784],[-76.407239,-11.131952],[-76.407051,-11.132082],[-76.40683,-11.13214],[-76.406143,-11.132121],[-76.405463,-11.132225],[-76.405251,-11.132311],[-76.405069,-11.132448],[-76.404261,-11.133249],[-76.403413,-11.134318],[-76.403105,-11.134653],[-76.402976,-11.13484],[-76.402992,-11.135063],[-76.403101,-11.13525],[-76.403294,-11.135367],[-76.403507,-11.135452],[-76.403947,-11.135579],[-76.404149,-11.135682],[-76.404535,-11.135928],[-76.404968,-11.136074],[-76.405192,-11.13612],[-76.405418,-11.136098],[-76.405858,-11.135971],[-76.406082,-11.135971],[-76.40629,-11.136063],[-76.406655,-11.136335],[-76.406874,-11.136392],[-76.407333,-11.136406],[-76.40756,-11.136386],[-76.40841,-11.136047],[-76.408847,-11.135909],[-76.409296,-11.135813],[-76.409981,-11.135745],[-76.410203,-11.13579],[-76.410633,-11.135945],[-76.411079,-11.136053],[-76.411305,-11.136069],[-76.411531,-11.136037],[-76.41196,-11.135877],[-76.412148,-11.135752],[-76.412493,-11.135454],[-76.41311,-11.135153],[-76.413326,-11.135086],[-76.413554,-11.135061],[-76.414241,-11.135108],[-76.414467,-11.135094],[-76.414916,-11.135001],[-76.415143,-11.134986],[-76.415364,-11.135039],[-76.415592,-11.135011],[-76.415801,-11.134917],[-76.416181,-11.134665],[-76.416393,-11.134612],[-76.41645,-11.134807],[-76.416416,-11.135258],[-76.416384,-11.135481],[-76.416308,-11.135691],[-76.416177,-11.135873],[-76.415973,-11.135971],[-76.415749,-11.136016],[-76.415544,-11.136118],[-76.415444,-11.136321],[-76.415423,-11.136545],[-76.415466,-11.136991],[-76.415376,-11.13719],[-76.415209,-11.137345],[-76.414948,-11.137715],[-76.414568,-11.138781],[-76.414552,-11.139002],[-76.414728,-11.13909],[-76.414879,-11.138922],[-76.414996,-11.138727],[-76.415137,-11.138552],[-76.415335,-11.138475],[-76.415561,-11.138455],[-76.415992,-11.1383],[-76.416678,-11.138366],[-76.417047,-11.138625],[-76.417194,-11.138794],[-76.417439,-11.139175],[-76.41784,-11.139727],[-76.418242,-11.139944],[-76.418457,-11.140002],[-76.418915,-11.140023],[-76.419136,-11.139998],[-76.419468,-11.13969],[-76.419646,-11.139781],[-76.419747,-11.14022],[-76.419879,-11.140405],[-76.420036,-11.140567],[-76.420748,-11.141138],[-76.420909,-11.141299],[-76.421131,-11.141358],[-76.421331,-11.141458],[-76.422737,-11.142618],[-76.422958,-11.142679],[-76.423414,-11.142707],[-76.423624,-11.14275],[-76.423743,-11.142941],[-76.423894,-11.143104],[-76.424089,-11.143222],[-76.424227,-11.143385],[-76.424334,-11.143584],[-76.424479,-11.143747],[-76.424925,-11.143852],[-76.425326,-11.144066],[-76.425514,-11.144195],[-76.42597,-11.144701],[-76.426155,-11.144834],[-76.426353,-11.144933],[-76.426578,-11.144914],[-76.426776,-11.144806],[-76.426869,-11.144608],[-76.426864,-11.144382],[-76.426915,-11.144162],[-76.426994,-11.14395],[-76.427331,-11.143652],[-76.427553,-11.143258],[-76.427698,-11.143098],[-76.427882,-11.143181],[-76.427942,-11.143398],[-76.427962,-11.143623],[-76.427944,-11.143844],[-76.427841,-11.144043],[-76.427786,-11.14449],[-76.427916,-11.14515],[-76.427984,-11.145361],[-76.428155,-11.145495],[-76.428572,-11.145684],[-76.429228,-11.145887],[-76.429657,-11.14605],[-76.430055,-11.146273],[-76.430223,-11.146426],[-76.430418,-11.146543],[-76.430826,-11.146749],[-76.431044,-11.146722],[-76.431453,-11.146519],[-76.431676,-11.146472],[-76.431828,-11.146592],[-76.43186,-11.146815],[-76.431733,-11.146981],[-76.431571,-11.147112],[-76.43159,-11.147329],[-76.4317,-11.147768],[-76.432213,-11.148517],[-76.432416,-11.148923],[-76.432503,-11.149131],[-76.432559,-11.149349],[-76.432551,-11.149575],[-76.432405,-11.150003],[-76.432227,-11.150419],[-76.432084,-11.151082],[-76.432119,-11.151759],[-76.43211,-11.151978],[-76.431954,-11.15214],[-76.431382,-11.152517],[-76.431231,-11.152676],[-76.430889,-11.153515],[-76.430838,-11.153735],[-76.430995,-11.154153],[-76.431116,-11.154345],[-76.431498,-11.155409],[-76.43159,-11.155615],[-76.431904,-11.156219],[-76.432043,-11.156398],[-76.432133,-11.156596],[-76.432019,-11.157262],[-76.431911,-11.157458],[-76.431836,-11.157667],[-76.432101,-11.158291],[-76.431978,-11.158456],[-76.431783,-11.158575],[-76.431622,-11.158731],[-76.431495,-11.158918],[-76.431407,-11.159126],[-76.431372,-11.15935],[-76.43141,-11.159572],[-76.431345,-11.159784],[-76.431086,-11.160158],[-76.430776,-11.160489],[-76.430671,-11.160683],[-76.430688,-11.160901],[-76.430761,-11.161115],[-76.430927,-11.161266],[-76.431335,-11.161468],[-76.431559,-11.16152],[-76.432476,-11.161559],[-76.432665,-11.161677],[-76.43289,-11.16207],[-76.433212,-11.162392],[-76.433966,-11.162907],[-76.434105,-11.163086],[-76.434156,-11.163296],[-76.434151,-11.163522],[-76.434261,-11.16372],[-76.434425,-11.163869],[-76.434618,-11.163991],[-76.434768,-11.164157],[-76.434798,-11.164381],[-76.434789,-11.164832],[-76.434847,-11.16505],[-76.434787,-11.165263],[-76.434672,-11.165459],[-76.434589,-11.165665],[-76.434598,-11.16589],[-76.434718,-11.16608],[-76.435158,-11.1666],[-76.435235,-11.16681],[-76.435281,-11.167032],[-76.435377,-11.167232],[-76.435556,-11.167369],[-76.435946,-11.167606],[-76.436553,-11.167927],[-76.436886,-11.16823],[-76.437085,-11.168341],[-76.437453,-11.168609],[-76.438278,-11.169006],[-76.439054,-11.169488],[-76.439399,-11.169786],[-76.439769,-11.17005],[-76.440064,-11.170397],[-76.440231,-11.170552],[-76.440736,-11.171008],[-76.441096,-11.171283],[-76.441228,-11.171468],[-76.441733,-11.17193],[-76.442429,-11.172519],[-76.442812,-11.172769],[-76.443016,-11.172865],[-76.443239,-11.172921],[-76.443691,-11.172986],[-76.443888,-11.173099],[-76.444054,-11.173254],[-76.444197,-11.173429],[-76.444317,-11.173622],[-76.4446,-11.174238],[-76.44483,-11.174629],[-76.444973,-11.175057],[-76.444987,-11.175273],[-76.444791,-11.17525],[-76.443783,-11.174712],[-76.443568,-11.174658],[-76.443129,-11.174787],[-76.442906,-11.174749],[-76.442699,-11.174651],[-76.442514,-11.174521],[-76.442049,-11.17402],[-76.441919,-11.174112],[-76.442186,-11.174477],[-76.442487,-11.175331],[-76.44266,-11.175473],[-76.44286,-11.175578],[-76.443079,-11.175647],[-76.444059,-11.176235],[-76.444234,-11.176377],[-76.44431,-11.176589],[-76.444365,-11.176809],[-76.444359,-11.17702],[-76.443898,-11.177802],[-76.443642,-11.178166],[-76.443785,-11.178585],[-76.443832,-11.179032],[-76.443708,-11.179217],[-76.443681,-11.179433],[-76.443851,-11.179527],[-76.444068,-11.179556],[-76.444407,-11.179861],[-76.444691,-11.180214],[-76.444873,-11.180351],[-76.445031,-11.18051],[-76.445095,-11.180725],[-76.445061,-11.180947],[-76.44499,-11.181162],[-76.445068,-11.181369],[-76.445186,-11.181562],[-76.445312,-11.181997],[-76.445427,-11.182184],[-76.445637,-11.182129],[-76.446026,-11.181889],[-76.446235,-11.181804],[-76.44646,-11.181805],[-76.446885,-11.181975],[-76.44707,-11.182104],[-76.447218,-11.182276],[-76.447355,-11.182458],[-76.447592,-11.183092],[-76.448011,-11.183895],[-76.44807,-11.184114],[-76.448082,-11.184564],[-76.448157,-11.185011],[-76.448221,-11.185228],[-76.448234,-11.185451],[-76.448186,-11.185668],[-76.448071,-11.185862],[-76.447797,-11.186224],[-76.447685,-11.186421],[-76.447611,-11.186635],[-76.44744,-11.187292],[-76.447298,-11.188185],[-76.44726,-11.188634],[-76.44719,-11.188849],[-76.44703,-11.189008],[-76.446604,-11.189178],[-76.446417,-11.189305],[-76.446314,-11.189506],[-76.446253,-11.189724],[-76.446238,-11.189948],[-76.446236,-11.190626],[-76.44632,-11.191299],[-76.446263,-11.191974],[-76.44581,-11.193254],[-76.445259,-11.195681],[-76.445183,-11.195892],[-76.444863,-11.196492],[-76.44468,-11.196907],[-76.44461,-11.197121],[-76.444565,-11.197343],[-76.444562,-11.197564],[-76.44472,-11.198224],[-76.444909,-11.198876],[-76.444957,-11.199552],[-76.445127,-11.20067],[-76.445143,-11.200896],[-76.445128,-11.201347],[-76.445077,-11.201563],[-76.444974,-11.201764],[-76.444689,-11.20211],[-76.444608,-11.202321],[-76.444554,-11.202539],[-76.444523,-11.202763],[-76.444527,-11.203214],[-76.444497,-11.203665],[-76.444377,-11.204333],[-76.443953,-11.206093],[-76.443817,-11.206524],[-76.443726,-11.206731],[-76.443586,-11.207394],[-76.443514,-11.207607],[-76.443322,-11.208017],[-76.442431,-11.209334],[-76.441998,-11.20986],[-76.441639,-11.210439],[-76.441076,-11.211152],[-76.440716,-11.21173],[-76.440434,-11.212087],[-76.440079,-11.212667],[-76.43997,-11.212866],[-76.439504,-11.213899],[-76.43894,-11.215381],[-76.438757,-11.216034],[-76.43867,-11.218971],[-76.438679,-11.219649],[-76.438614,-11.221004],[-76.438583,-11.221228],[-76.438192,-11.22229],[-76.438131,-11.222508],[-76.438108,-11.222733],[-76.43813,-11.222955],[-76.438195,-11.223171],[-76.438288,-11.223377],[-76.439155,-11.224118],[-76.439433,-11.224477],[-76.439532,-11.22468],[-76.439613,-11.22489],[-76.439733,-11.22624],[-76.439803,-11.226456],[-76.439912,-11.226651],[-76.440171,-11.227024],[-76.441023,-11.228366],[-76.441975,-11.229639],[-76.442079,-11.229841],[-76.442145,-11.230054],[-76.442173,-11.230278],[-76.442167,-11.230501],[-76.44184,-11.231818],[-76.441817,-11.232042],[-76.441811,-11.232268],[-76.441915,-11.232707],[-76.442167,-11.233081],[-76.442323,-11.233244],[-76.442694,-11.233509],[-76.444839,-11.234822],[-76.445199,-11.235101],[-76.44543,-11.235491],[-76.445529,-11.235933],[-76.445516,-11.236156],[-76.445445,-11.236602],[-76.44488,-11.238323],[-76.44486,-11.238546],[-76.444884,-11.238767],[-76.444972,-11.238976],[-76.445097,-11.239159],[-76.445268,-11.23931],[-76.445456,-11.239427],[-76.445681,-11.23947],[-76.445911,-11.23947],[-76.44613,-11.239414],[-76.446341,-11.239327],[-76.44873,-11.237976],[-76.449541,-11.237552],[-76.450908,-11.236719],[-76.451313,-11.236506],[-76.451742,-11.236349],[-76.452197,-11.236358],[-76.452416,-11.236425],[-76.452619,-11.23652],[-76.452793,-11.236668],[-76.453049,-11.237041],[-76.453087,-11.237259],[-76.453095,-11.237485],[-76.453072,-11.237707],[-76.452396,-11.240337],[-76.451745,-11.242505],[-76.451736,-11.242727],[-76.451763,-11.242952],[-76.451905,-11.243111],[-76.452636,-11.243659],[-76.45273,-11.243839],[-76.452768,-11.244061],[-76.452955,-11.244713],[-76.453156,-11.245118],[-76.45378,-11.245775],[-76.454223,-11.245892],[-76.454643,-11.246073],[-76.454798,-11.24624],[-76.454915,-11.246425],[-76.454958,-11.246647],[-76.454937,-11.247097],[-76.454878,-11.247313],[-76.454466,-11.248368],[-76.454346,-11.248557],[-76.453451,-11.249589],[-76.453237,-11.249989],[-76.453194,-11.250208],[-76.453144,-11.250883],[-76.453216,-11.252691],[-76.453203,-11.253595],[-76.453191,-11.25382],[-76.45309,-11.254491],[-76.452988,-11.25539],[-76.452919,-11.256286],[-76.453039,-11.25672],[-76.453276,-11.257107],[-76.453372,-11.257312],[-76.453413,-11.257533],[-76.453411,-11.257756],[-76.453328,-11.257961],[-76.453168,-11.258115],[-76.452946,-11.258163],[-76.452717,-11.258169],[-76.451817,-11.257991],[-76.451372,-11.257879],[-76.450956,-11.257694],[-76.450773,-11.257559],[-76.450083,-11.256963],[-76.449515,-11.256583],[-76.449074,-11.25646],[-76.448844,-11.25646],[-76.448627,-11.256514],[-76.448417,-11.256607],[-76.44786,-11.257004],[-76.44735,-11.25746],[-76.446638,-11.258031],[-76.445946,-11.258625],[-76.445467,-11.259112],[-76.445319,-11.259284],[-76.444922,-11.259838],[-76.44236,-11.263031],[-76.441968,-11.263589],[-76.441781,-11.264001],[-76.441715,-11.264213],[-76.441738,-11.264438],[-76.441805,-11.264648],[-76.442052,-11.265028],[-76.442822,-11.26552],[-76.443834,-11.266053],[-76.444207,-11.266314],[-76.444337,-11.266499],[-76.444405,-11.26671],[-76.44448,-11.267156],[-76.444529,-11.268286],[-76.444687,-11.269633],[-76.444785,-11.271212],[-76.444771,-11.271664],[-76.444641,-11.27233],[-76.44445,-11.272741],[-76.444335,-11.272935],[-76.443894,-11.273456],[-76.443098,-11.27427],[-76.442803,-11.274616],[-76.442637,-11.275037],[-76.442666,-11.275255],[-76.442826,-11.275414],[-76.443011,-11.275541],[-76.446427,-11.27687],[-76.446883,-11.27689],[-76.447798,-11.276827],[-76.448023,-11.276858],[-76.448244,-11.276918],[-76.448615,-11.277179],[-76.448878,-11.277547],[-76.449207,-11.278144],[-76.449293,-11.278353],[-76.449321,-11.278801],[-76.449147,-11.279219],[-76.449003,-11.279393],[-76.447269,-11.281201],[-76.446449,-11.281992],[-76.446262,-11.282123],[-76.445871,-11.282356],[-76.445225,-11.28259],[-76.444999,-11.282621],[-76.443625,-11.282707],[-76.443403,-11.282761],[-76.443188,-11.282836],[-76.443001,-11.282967],[-76.442823,-11.283107],[-76.4427,-11.283298],[-76.442579,-11.28373],[-76.442445,-11.284625],[-76.442496,-11.284842],[-76.442578,-11.28505],[-76.442903,-11.285364],[-76.44353,-11.285644],[-76.444829,-11.286092],[-76.445212,-11.286342],[-76.445521,-11.286675],[-76.44562,-11.286873],[-76.445685,-11.28709],[-76.445717,-11.287992],[-76.445692,-11.288212],[-76.445495,-11.288616],[-76.444723,-11.289106],[-76.443312,-11.289862],[-76.443176,-11.290036],[-76.442262,-11.291599],[-76.442259,-11.291821],[-76.442356,-11.292016],[-76.442531,-11.292162],[-76.442785,-11.292532],[-76.442814,-11.292757],[-76.442824,-11.292981],[-76.442684,-11.295238],[-76.442573,-11.295907],[-76.44184,-11.298756],[-76.441795,-11.298977],[-76.441779,-11.299203],[-76.441803,-11.299423],[-76.441877,-11.299637],[-76.441979,-11.299837],[-76.442259,-11.300194],[-76.442443,-11.300329],[-76.44255,-11.300519],[-76.442696,-11.300947],[-76.44271,-11.301399],[-76.442451,-11.302027],[-76.441923,-11.303031],[-76.441854,-11.303242],[-76.441832,-11.303693],[-76.441867,-11.305049],[-76.441856,-11.305274],[-76.441785,-11.305721],[-76.441495,-11.306335],[-76.440789,-11.3075],[-76.440117,-11.308415],[-76.438787,-11.31053],[-76.438444,-11.311118],[-76.437993,-11.311629],[-76.437817,-11.31177],[-76.437415,-11.311985],[-76.43698,-11.31213],[-76.436775,-11.312225],[-76.436428,-11.312519],[-76.436192,-11.312907],[-76.436114,-11.313808],[-76.435966,-11.314234],[-76.435847,-11.314423],[-76.43429,-11.316085],[-76.434121,-11.316236],[-76.433929,-11.316361],[-76.433514,-11.316552],[-76.433071,-11.316672],[-76.432619,-11.316753],[-76.43219,-11.316911],[-76.43179,-11.317131],[-76.431627,-11.317288],[-76.431336,-11.317637],[-76.431084,-11.318015],[-76.430656,-11.318815],[-76.430373,-11.319171],[-76.43022,-11.319337],[-76.429119,-11.320152],[-76.428801,-11.320478],[-76.428683,-11.320669],[-76.428287,-11.321485],[-76.428061,-11.322124],[-76.428087,-11.322575],[-76.428269,-11.323228],[-76.42862,-11.324304],[-76.429,-11.325608],[-76.429487,-11.327116],[-76.429523,-11.327339],[-76.429519,-11.327564],[-76.429477,-11.328241],[-76.429444,-11.328464],[-76.429136,-11.329316],[-76.428761,-11.329883],[-76.42858,-11.330299],[-76.428263,-11.330901],[-76.428182,-11.331112],[-76.428089,-11.331552],[-76.427845,-11.331933],[-76.427358,-11.332411],[-76.427234,-11.332843],[-76.427112,-11.333031],[-76.426661,-11.333543],[-76.426561,-11.333745],[-76.426488,-11.33396],[-76.426444,-11.33418],[-76.426388,-11.335083],[-76.426296,-11.335982],[-76.426302,-11.336886],[-76.42636,-11.337104],[-76.426992,-11.338046],[-76.427314,-11.338367],[-76.427435,-11.338799],[-76.427538,-11.338998],[-76.427829,-11.339348],[-76.428001,-11.339496],[-76.428202,-11.339605],[-76.428613,-11.339807],[-76.429469,-11.340135],[-76.429669,-11.340244],[-76.429895,-11.340259],[-76.430066,-11.340126],[-76.430206,-11.339948],[-76.430403,-11.339834],[-76.430624,-11.339817],[-76.43105,-11.339986],[-76.431191,-11.340156],[-76.431301,-11.340354],[-76.431473,-11.340502],[-76.431691,-11.340525],[-76.431883,-11.340404],[-76.432092,-11.340316],[-76.433432,-11.340005],[-76.433658,-11.339963],[-76.433886,-11.339981],[-76.434331,-11.340089],[-76.434756,-11.340258],[-76.435127,-11.340517],[-76.435326,-11.34063],[-76.435665,-11.340934],[-76.43585,-11.341057],[-76.435965,-11.341252],[-76.436132,-11.341674],[-76.436491,-11.342251],[-76.436671,-11.342387],[-76.436874,-11.342491],[-76.437047,-11.342634],[-76.437125,-11.342843],[-76.437132,-11.343068],[-76.437101,-11.343291],[-76.436818,-11.343906],[-76.436863,-11.344121],[-76.437165,-11.344458],[-76.437263,-11.344661],[-76.437275,-11.344884],[-76.437167,-11.345323],[-76.436937,-11.345962],[-76.436878,-11.346181],[-76.436732,-11.346609],[-76.436622,-11.346806],[-76.43643,-11.346918],[-76.436219,-11.347008],[-76.435575,-11.347247],[-76.435199,-11.347503],[-76.434916,-11.347853],[-76.434853,-11.3483],[-76.434803,-11.349203],[-76.434853,-11.349651],[-76.434945,-11.349848],[-76.435149,-11.349928],[-76.435321,-11.349792],[-76.435386,-11.349575],[-76.435434,-11.349126],[-76.435448,-11.348675],[-76.435503,-11.348458],[-76.435639,-11.348308],[-76.435861,-11.348252],[-76.436293,-11.3484],[-76.437762,-11.349043],[-76.43794,-11.349183],[-76.438089,-11.349354],[-76.438191,-11.349551],[-76.438238,-11.349772],[-76.438324,-11.350672],[-76.438411,-11.350877],[-76.438556,-11.351049],[-76.438722,-11.351205],[-76.43899,-11.351571],[-76.439025,-11.352021],[-76.439063,-11.352244],[-76.439112,-11.352465],[-76.439206,-11.352667],[-76.439353,-11.352831],[-76.440204,-11.35317],[-76.440594,-11.353404],[-76.440755,-11.353565],[-76.440965,-11.354208],[-76.441007,-11.354429],[-76.440864,-11.354859],[-76.440757,-11.355298],[-76.440763,-11.355523],[-76.440817,-11.355972],[-76.441065,-11.356842],[-76.441118,-11.357061],[-76.441144,-11.357284],[-76.441127,-11.357509],[-76.441004,-11.358176],[-76.441004,-11.3584],[-76.441055,-11.35885],[-76.441469,-11.360843],[-76.44139,-11.361055],[-76.441279,-11.361246],[-76.440944,-11.361556],[-76.440408,-11.361981],[-76.440196,-11.36207],[-76.439975,-11.362117],[-76.439746,-11.362129],[-76.43866,-11.361767],[-76.43844,-11.361706],[-76.438213,-11.361671],[-76.437984,-11.361679],[-76.437544,-11.361804],[-76.437168,-11.362062],[-76.436226,-11.363051],[-76.436077,-11.363222],[-76.435963,-11.363419],[-76.435899,-11.363635],[-76.435929,-11.363856],[-76.436323,-11.364411],[-76.436405,-11.364622],[-76.436446,-11.364843],[-76.436358,-11.365287],[-76.43623,-11.36572],[-76.436203,-11.366395],[-76.436307,-11.366836],[-76.436368,-11.367511],[-76.43651,-11.368404],[-76.436532,-11.368629],[-76.436549,-11.369533],[-76.436405,-11.370193],[-76.436355,-11.37087],[-76.436283,-11.371081],[-76.436257,-11.371302],[-76.436233,-11.372205],[-76.435943,-11.372818],[-76.43585,-11.373259],[-76.435846,-11.373485],[-76.435814,-11.373709],[-76.435748,-11.373925],[-76.435712,-11.374145],[-76.435718,-11.374597],[-76.435746,-11.37482],[-76.435914,-11.375478],[-76.436022,-11.375675],[-76.436219,-11.375757],[-76.436908,-11.375771],[-76.437595,-11.375819],[-76.43805,-11.375817],[-76.43826,-11.375908],[-76.438436,-11.37605],[-76.438574,-11.376228],[-76.438817,-11.376608],[-76.439007,-11.376735],[-76.439218,-11.376818],[-76.439444,-11.376829],[-76.43967,-11.376794],[-76.43989,-11.376731],[-76.440068,-11.376595],[-76.441759,-11.375065],[-76.441957,-11.374963],[-76.442182,-11.374927],[-76.442409,-11.374929],[-76.442617,-11.375027],[-76.442832,-11.375061],[-76.443047,-11.37499],[-76.443455,-11.374783],[-76.443876,-11.374602],[-76.444333,-11.374573],[-76.445022,-11.374588],[-76.445248,-11.374554],[-76.445464,-11.374484],[-76.445663,-11.374372],[-76.445844,-11.374234],[-76.446883,-11.373344],[-76.447039,-11.37318],[-76.447243,-11.372776],[-76.447371,-11.372588],[-76.447528,-11.372425],[-76.447728,-11.372324],[-76.447949,-11.372263],[-76.449087,-11.372119],[-76.449304,-11.372171],[-76.44948,-11.372311],[-76.449609,-11.372745],[-76.449749,-11.372923],[-76.449928,-11.373062],[-76.450137,-11.373145],[-76.450362,-11.37319],[-76.451739,-11.37322],[-76.451952,-11.373303],[-76.45215,-11.373416],[-76.452476,-11.373731],[-76.452773,-11.374343],[-76.453028,-11.374717],[-76.453201,-11.374864],[-76.453393,-11.374985],[-76.453809,-11.375176],[-76.454035,-11.375213],[-76.454263,-11.375197],[-76.454486,-11.37515],[-76.456216,-11.374541],[-76.456437,-11.37448],[-76.456648,-11.374526],[-76.45682,-11.374671],[-76.456865,-11.374891],[-76.456759,-11.375091],[-76.456614,-11.375259],[-76.45464,-11.376413],[-76.454064,-11.376785],[-76.45389,-11.376932],[-76.453757,-11.377108],[-76.453711,-11.377323],[-76.453754,-11.377545],[-76.453897,-11.377721],[-76.454112,-11.377766],[-76.454338,-11.377763],[-76.454763,-11.377594],[-76.455584,-11.377188],[-76.455797,-11.377107],[-76.45602,-11.377054],[-76.456246,-11.377026],[-76.458541,-11.376956],[-76.458997,-11.376909],[-76.459207,-11.376823],[-76.459393,-11.376693],[-76.459544,-11.376526],[-76.459626,-11.376319],[-76.459722,-11.375877],[-76.459963,-11.374312],[-76.46015,-11.373427],[-76.460247,-11.372301],[-76.460353,-11.371861],[-76.460442,-11.371189],[-76.460571,-11.370523],[-76.460645,-11.370314],[-76.460775,-11.370128],[-76.460977,-11.370022],[-76.461204,-11.37001],[-76.461423,-11.370073],[-76.461602,-11.370214],[-76.461674,-11.370427],[-76.461706,-11.370649],[-76.461724,-11.371101],[-76.461692,-11.371319],[-76.461593,-11.371523],[-76.461561,-11.37197],[-76.461714,-11.372397],[-76.462083,-11.373225],[-76.462156,-11.373438],[-76.462195,-11.37366],[-76.462188,-11.373878],[-76.462037,-11.374304],[-76.461938,-11.374745],[-76.461871,-11.375192],[-76.461581,-11.376286],[-76.461018,-11.378942],[-76.460855,-11.379601],[-76.460828,-11.379824],[-76.460836,-11.380049],[-76.460887,-11.380267],[-76.461115,-11.380659],[-76.461299,-11.380766],[-76.46151,-11.3808],[-76.461627,-11.380982],[-76.462067,-11.381107],[-76.462296,-11.38112],[-76.462742,-11.381038],[-76.462913,-11.381147],[-76.46307,-11.38157],[-76.463832,-11.382403],[-76.463879,-11.382603],[-76.463767,-11.382783],[-76.463431,-11.383079],[-76.463204,-11.383095],[-76.462975,-11.383082],[-76.462774,-11.383014],[-76.462631,-11.382844],[-76.46245,-11.382705],[-76.462221,-11.38232],[-76.462164,-11.38213],[-76.462034,-11.382241],[-76.462196,-11.382655],[-76.462291,-11.383097],[-76.462361,-11.383312],[-76.462568,-11.383713],[-76.46271,-11.383887],[-76.462913,-11.383991],[-76.463132,-11.38406],[-76.463359,-11.384025],[-76.463588,-11.38402],[-76.464042,-11.384079],[-76.464262,-11.384143],[-76.464677,-11.384329],[-76.464903,-11.384353],[-76.465353,-11.384263],[-76.46558,-11.384245],[-76.465797,-11.384303],[-76.466397,-11.384634],[-76.466622,-11.384679],[-76.466831,-11.384589],[-76.467294,-11.384089],[-76.467517,-11.384047],[-76.46771,-11.384156],[-76.468011,-11.384496],[-76.46834,-11.384811],[-76.468335,-11.385032],[-76.468155,-11.385447],[-76.468196,-11.385665],[-76.46844,-11.386048],[-76.468646,-11.38612],[-76.468876,-11.38612],[-76.469101,-11.386162],[-76.469294,-11.386279],[-76.4695,-11.386312],[-76.469722,-11.386255],[-76.471228,-11.385703],[-76.471673,-11.385593],[-76.471901,-11.385585],[-76.472129,-11.385607],[-76.472351,-11.385665],[-76.472558,-11.385761],[-76.472944,-11.386004],[-76.47312,-11.38615],[-76.473588,-11.386646],[-76.473768,-11.386787],[-76.474166,-11.38701],[-76.474583,-11.3872],[-76.475026,-11.387314],[-76.475714,-11.387309],[-76.476397,-11.387217],[-76.476625,-11.387228],[-76.476852,-11.387255],[-76.47706,-11.38735],[-76.477245,-11.387478],[-76.477403,-11.387641],[-76.477751,-11.387937],[-76.478393,-11.388171],[-76.478588,-11.388286],[-76.478752,-11.388443],[-76.479161,-11.388982],[-76.479501,-11.389286],[-76.479858,-11.38957],[-76.48006,-11.389678],[-76.480272,-11.389759],[-76.481625,-11.390013],[-76.483638,-11.390472],[-76.48499,-11.390726],[-76.485648,-11.390927],[-76.486076,-11.391087],[-76.486304,-11.391119],[-76.486525,-11.391062],[-76.48714,-11.390766],[-76.487367,-11.390759],[-76.487575,-11.390849],[-76.487935,-11.391124],[-76.488154,-11.391192],[-76.4893,-11.391183],[-76.489757,-11.391223],[-76.490427,-11.391377],[-76.49088,-11.39145],[-76.491107,-11.391434],[-76.491555,-11.39134],[-76.491991,-11.391199],[-76.492163,-11.391058],[-76.492472,-11.390724],[-76.492663,-11.390612],[-76.492886,-11.390569],[-76.493345,-11.390561],[-76.493544,-11.39047],[-76.494283,-11.389932],[-76.494716,-11.389784],[-76.494941,-11.389772],[-76.49517,-11.389789],[-76.496693,-11.390294],[-76.497334,-11.39054],[-76.497538,-11.390642],[-76.497728,-11.390769],[-76.498012,-11.391124],[-76.498205,-11.391238],[-76.498412,-11.391336],[-76.499297,-11.391579],[-76.499511,-11.391658],[-76.499919,-11.391864],[-76.500109,-11.391992],[-76.500427,-11.392316],[-76.500951,-11.392754],[-76.50116,-11.392849],[-76.501377,-11.392915],[-76.501831,-11.392979],[-76.504123,-11.393097],[-76.504581,-11.393064],[-76.504803,-11.393016],[-76.505391,-11.392664],[-76.505608,-11.392598],[-76.506985,-11.392562],[-76.507659,-11.392696],[-76.508047,-11.392937],[-76.5082,-11.393105],[-76.508327,-11.393292],[-76.508387,-11.393502],[-76.508381,-11.393728],[-76.508449,-11.394174],[-76.50868,-11.394813],[-76.508728,-11.395033],[-76.508696,-11.395482],[-76.508757,-11.3957],[-76.508905,-11.395872],[-76.509256,-11.396156],[-76.509364,-11.396353],[-76.509482,-11.39679],[-76.509416,-11.396994],[-76.508978,-11.397023],[-76.50893,-11.397231],[-76.509053,-11.397418],[-76.509142,-11.397606],[-76.508966,-11.397732],[-76.50876,-11.39783],[-76.5086,-11.397991],[-76.508384,-11.398631],[-76.50835,-11.398855],[-76.508383,-11.399304],[-76.508509,-11.399738],[-76.508621,-11.399934],[-76.508688,-11.400142],[-76.508644,-11.400363],[-76.508666,-11.400584],[-76.50878,-11.400778],[-76.509455,-11.401692],[-76.509692,-11.402079],[-76.50985,-11.402241],[-76.510245,-11.40247],[-76.510425,-11.402609],[-76.51057,-11.402784],[-76.510735,-11.402938],[-76.511285,-11.403347],[-76.51191,-11.40363],[-76.512088,-11.403768],[-76.512395,-11.404105],[-76.512571,-11.40425],[-76.513001,-11.404409],[-76.513677,-11.404537],[-76.513893,-11.404609],[-76.51412,-11.404636],[-76.514348,-11.404655],[-76.514806,-11.404626],[-76.51549,-11.404546],[-76.515713,-11.4045],[-76.516361,-11.40427],[-76.51659,-11.404277],[-76.51727,-11.404168],[-76.517491,-11.404113],[-76.518124,-11.403844],[-76.519009,-11.403609],[-76.519233,-11.403569],[-76.519462,-11.403574],[-76.520594,-11.403759],[-76.520822,-11.403738],[-76.521485,-11.403561],[-76.522387,-11.403387],[-76.524847,-11.402825],[-76.525069,-11.40279],[-76.525506,-11.402927],[-76.525704,-11.40304],[-76.52616,-11.403031],[-76.52638,-11.402968],[-76.526603,-11.40294],[-76.52706,-11.402987],[-76.527283,-11.402963],[-76.527507,-11.402916],[-76.529101,-11.402715],[-76.5307,-11.40255],[-76.530923,-11.402504],[-76.53138,-11.402514],[-76.531828,-11.402605],[-76.532035,-11.402702],[-76.532218,-11.402834],[-76.532382,-11.402992],[-76.532537,-11.403416],[-76.532637,-11.403856],[-76.532736,-11.40406],[-76.532978,-11.40444],[-76.532941,-11.404663],[-76.5328,-11.40484],[-76.532479,-11.405159],[-76.532401,-11.405372],[-76.53238,-11.405595],[-76.53238,-11.406047],[-76.532499,-11.406482],[-76.532764,-11.406851],[-76.533135,-11.407115],[-76.533732,-11.40745],[-76.533896,-11.407608],[-76.534797,-11.408917],[-76.534955,-11.409077],[-76.535141,-11.409209],[-76.535575,-11.409344],[-76.536032,-11.409341],[-76.536244,-11.409254],[-76.536445,-11.40915],[-76.536786,-11.408847],[-76.53698,-11.408732],[-76.537196,-11.408664],[-76.537882,-11.408607],[-76.53833,-11.40851],[-76.539569,-11.407918],[-76.540624,-11.407473],[-76.540821,-11.407363],[-76.540946,-11.407173],[-76.541098,-11.40701],[-76.541296,-11.406896],[-76.541716,-11.406714],[-76.541939,-11.406668],[-76.542166,-11.406638],[-76.542389,-11.406675],[-76.5426,-11.406757],[-76.543149,-11.407166],[-76.543835,-11.407767],[-76.544025,-11.40789],[-76.544239,-11.407969],[-76.54469,-11.40805],[-76.545379,-11.408066],[-76.545606,-11.408053],[-76.545821,-11.407979],[-76.546459,-11.407329],[-76.546541,-11.407139],[-76.546455,-11.406932],[-76.546316,-11.406752],[-76.546075,-11.406368],[-76.546015,-11.406153],[-76.545942,-11.405706],[-76.545923,-11.405482],[-76.545947,-11.405259],[-76.546032,-11.40505],[-76.546192,-11.40489],[-76.546379,-11.404766],[-76.546596,-11.404697],[-76.546825,-11.404682],[-76.547258,-11.404824],[-76.547463,-11.404926],[-76.548396,-11.40558],[-76.548553,-11.405743],[-76.548688,-11.405926],[-76.549422,-11.407331],[-76.549695,-11.407694],[-76.550417,-11.408247],[-76.55109,-11.408862],[-76.551453,-11.409138],[-76.551976,-11.40958],[-76.552357,-11.409827],[-76.552576,-11.409894],[-76.55303,-11.409948],[-76.553259,-11.409931],[-76.553706,-11.409833],[-76.554581,-11.40956],[-76.55481,-11.40956],[-76.556637,-11.409745],[-76.558467,-11.409899],[-76.560292,-11.410101],[-76.560745,-11.410172],[-76.560968,-11.410226],[-76.56161,-11.41047],[-76.562216,-11.410792],[-76.563194,-11.411384],[-76.565207,-11.412471],[-76.565423,-11.412542],[-76.56657,-11.41253],[-76.567256,-11.41247],[-76.567944,-11.412464],[-76.568168,-11.412511],[-76.568797,-11.412786],[-76.569393,-11.413125],[-76.569845,-11.413174],[-76.5703,-11.41311],[-76.570735,-11.41297],[-76.571186,-11.412884],[-76.571413,-11.412847],[-76.571638,-11.412854],[-76.571848,-11.412938],[-76.572733,-11.413657],[-76.572917,-11.413792],[-76.573115,-11.413903],[-76.573542,-11.41407],[-76.576155,-11.414929],[-76.576823,-11.415087],[-76.577052,-11.415095],[-76.5775,-11.414999],[-76.578128,-11.414721],[-76.578771,-11.414479],[-76.579182,-11.414279],[-76.581919,-11.41399],[-76.582149,-11.41399],[-76.582594,-11.414093],[-76.583616,-11.414608],[-76.584258,-11.414853],[-76.584477,-11.414915],[-76.585161,-11.414996],[-76.585845,-11.414973],[-76.586072,-11.415007],[-76.586509,-11.415138],[-76.586734,-11.415161],[-76.586953,-11.415113],[-76.587129,-11.414968],[-76.587287,-11.414809],[-76.587395,-11.41461],[-76.587545,-11.414454],[-76.587761,-11.41444],[-76.587975,-11.414519],[-76.588139,-11.414665],[-76.588356,-11.41577],[-76.588406,-11.416219],[-76.588375,-11.417123],[-76.588401,-11.417343],[-76.588514,-11.417536],[-76.588828,-11.417863],[-76.589205,-11.41812],[-76.590039,-11.418484],[-76.590158,-11.418674],[-76.59012,-11.418886],[-76.590035,-11.419095],[-76.589457,-11.420071],[-76.588187,-11.423222],[-76.58805,-11.423653],[-76.58801,-11.423873],[-76.588027,-11.424098],[-76.588118,-11.424305],[-76.588274,-11.424468],[-76.588642,-11.424737],[-76.589425,-11.42521],[-76.590221,-11.425655],[-76.590449,-11.425667],[-76.591131,-11.42557],[-76.591358,-11.425586],[-76.591563,-11.425677],[-76.591751,-11.425807],[-76.591888,-11.425987],[-76.591951,-11.426204],[-76.592016,-11.426652],[-76.592161,-11.427315],[-76.59237,-11.427961],[-76.592538,-11.428381],[-76.592813,-11.428742],[-76.593238,-11.428904],[-76.593696,-11.428943],[-76.595072,-11.428986],[-76.5953,-11.429015],[-76.595512,-11.429097],[-76.595696,-11.429226],[-76.595836,-11.429404],[-76.595926,-11.429609],[-76.596011,-11.430277],[-76.596094,-11.430488],[-76.596375,-11.430843],[-76.596546,-11.430991],[-76.596745,-11.431102],[-76.597793,-11.431562],[-76.597984,-11.431685],[-76.598692,-11.432261],[-76.598897,-11.43236],[-76.599127,-11.43236],[-76.599576,-11.43227],[-76.600451,-11.432],[-76.600679,-11.432],[-76.60088,-11.432109],[-76.600986,-11.432306],[-76.601042,-11.432522],[-76.601133,-11.433421],[-76.601254,-11.433858],[-76.601449,-11.434265],[-76.601574,-11.434454],[-76.601731,-11.434619],[-76.602472,-11.435149],[-76.602628,-11.43531],[-76.602729,-11.43551],[-76.602767,-11.435733],[-76.602759,-11.435956],[-76.602705,-11.436175],[-76.602593,-11.436367],[-76.601792,-11.437177],[-76.60155,-11.437559],[-76.601455,-11.437764],[-76.601409,-11.437985],[-76.601405,-11.438211],[-76.601435,-11.438435],[-76.601569,-11.438866],[-76.601835,-11.439234],[-76.602125,-11.439583],[-76.602248,-11.439774],[-76.602428,-11.440189],[-76.602494,-11.440405],[-76.602566,-11.441985],[-76.602522,-11.442433],[-76.60238,-11.442863],[-76.602285,-11.443069],[-76.60215,-11.44325],[-76.601827,-11.443573],[-76.601485,-11.443874],[-76.600923,-11.444266],[-76.600727,-11.444382],[-76.600518,-11.444471],[-76.600295,-11.444522],[-76.599836,-11.444537],[-76.599612,-11.444577],[-76.599408,-11.444666],[-76.599255,-11.444834],[-76.59916,-11.445038],[-76.59912,-11.445258],[-76.59909,-11.445709],[-76.598968,-11.446606],[-76.5989,-11.447279],[-76.598789,-11.447476],[-76.598604,-11.447606],[-76.59796,-11.447845],[-76.597521,-11.447978],[-76.597317,-11.448076],[-76.597202,-11.448265],[-76.59719,-11.44849],[-76.597277,-11.448699],[-76.597433,-11.448859],[-76.597649,-11.448928],[-76.597878,-11.448931],[-76.598097,-11.448967],[-76.598288,-11.449089],[-76.598988,-11.449985],[-76.599649,-11.450909],[-76.60035,-11.451803],[-76.600389,-11.45202],[-76.600355,-11.452244],[-76.599514,-11.453315],[-76.599396,-11.453508],[-76.599386,-11.453726],[-76.59956,-11.453842],[-76.599782,-11.453802],[-76.600423,-11.453553],[-76.601032,-11.45324],[-76.602075,-11.45277],[-76.602477,-11.45255],[-76.602695,-11.452494],[-76.602887,-11.4526],[-76.602917,-11.452809],[-76.602826,-11.453015],[-76.601516,-11.455402],[-76.601168,-11.455987],[-76.600957,-11.456388],[-76.600892,-11.456601],[-76.60093,-11.457051],[-76.60122,-11.458376],[-76.601286,-11.458591],[-76.601413,-11.458777],[-76.6016,-11.458904],[-76.602262,-11.459089],[-76.602469,-11.459185],[-76.602813,-11.459483],[-76.602964,-11.459653],[-76.603085,-11.459845],[-76.603251,-11.460266],[-76.603299,-11.460487],[-76.603352,-11.460936],[-76.603368,-11.461386],[-76.603424,-11.461605],[-76.603523,-11.461808],[-76.603676,-11.461976],[-76.603858,-11.462106],[-76.604282,-11.46228],[-76.604449,-11.462429],[-76.604562,-11.462625],[-76.604777,-11.46327],[-76.604883,-11.46347],[-76.605,-11.463663],[-76.605171,-11.463813],[-76.605552,-11.46406],[-76.605673,-11.464252],[-76.605905,-11.464888],[-76.606036,-11.465073],[-76.606205,-11.465223],[-76.606412,-11.465308],[-76.606637,-11.465329],[-76.606862,-11.465287],[-76.607297,-11.465145],[-76.608748,-11.464466],[-76.608975,-11.46445],[-76.609163,-11.46457],[-76.609271,-11.464765],[-76.609337,-11.465667],[-76.609375,-11.465889],[-76.609512,-11.466066],[-76.609902,-11.466304],[-76.610753,-11.466644],[-76.611371,-11.466942],[-76.611966,-11.467282],[-76.612144,-11.467424],[-76.612783,-11.468073],[-76.613553,-11.468912],[-76.613927,-11.469172],[-76.614326,-11.469397],[-76.616267,-11.470604],[-76.61647,-11.470709],[-76.616689,-11.470771],[-76.617369,-11.470867],[-76.61758,-11.470951],[-76.617767,-11.471079],[-76.617924,-11.471244],[-76.618885,-11.473044],[-76.619002,-11.473238],[-76.619146,-11.47341],[-76.619335,-11.473537],[-76.61954,-11.473637],[-76.61997,-11.473796],[-76.620349,-11.474046],[-76.621661,-11.475312],[-76.621913,-11.47569],[-76.622019,-11.47589],[-76.622567,-11.477135],[-76.62263,-11.477352],[-76.622616,-11.477578],[-76.62257,-11.477798],[-76.622491,-11.478008],[-76.622021,-11.478786],[-76.621734,-11.479401],[-76.621691,-11.479623],[-76.621676,-11.479848],[-76.621673,-11.480074],[-76.621721,-11.480295],[-76.622153,-11.481583],[-76.62225,-11.482025],[-76.62226,-11.48225],[-76.622308,-11.482471],[-76.622469,-11.4826],[-76.622672,-11.482514],[-76.622694,-11.482306],[-76.622414,-11.481688],[-76.622292,-11.481254],[-76.62226,-11.481031],[-76.62226,-11.480579],[-76.622269,-11.480127],[-76.622304,-11.479903],[-76.622379,-11.47969],[-76.62249,-11.479494],[-76.623003,-11.478744],[-76.62399,-11.477219],[-76.624091,-11.477018],[-76.624149,-11.4768],[-76.62415,-11.476575],[-76.624061,-11.476367],[-76.623535,-11.475627],[-76.623432,-11.475424],[-76.623175,-11.474558],[-76.622719,-11.47352],[-76.622691,-11.473297],[-76.622788,-11.471944],[-76.622754,-11.471721],[-76.622673,-11.471511],[-76.622561,-11.471315],[-76.622414,-11.471143],[-76.621902,-11.470691],[-76.621786,-11.470497],[-76.621719,-11.470281],[-76.621713,-11.46983],[-76.621808,-11.468704],[-76.62177,-11.468482],[-76.620971,-11.466607],[-76.620923,-11.466388],[-76.620992,-11.466175],[-76.621166,-11.46604],[-76.621389,-11.466043],[-76.62156,-11.466186],[-76.621757,-11.466261],[-76.621934,-11.466404],[-76.622579,-11.467049],[-76.623453,-11.467781],[-76.624354,-11.468806],[-76.624284,-11.468965],[-76.624114,-11.469118],[-76.624231,-11.469275],[-76.62542,-11.47034],[-76.625775,-11.470626],[-76.626046,-11.470989],[-76.62609,-11.471206],[-76.626023,-11.471419],[-76.625882,-11.471593],[-76.625045,-11.471966],[-76.624875,-11.47211],[-76.624726,-11.472282],[-76.624602,-11.47247],[-76.62454,-11.472686],[-76.624514,-11.472909],[-76.624535,-11.473135],[-76.624627,-11.473577],[-76.624703,-11.47379],[-76.624815,-11.473987],[-76.624958,-11.47416],[-76.625127,-11.474314],[-76.625318,-11.474433],[-76.625957,-11.474685],[-76.627475,-11.475199],[-76.627655,-11.47534],[-76.627793,-11.475515],[-76.62789,-11.475716],[-76.627877,-11.476167],[-76.627829,-11.476385],[-76.627719,-11.476583],[-76.62758,-11.47676],[-76.626883,-11.477348],[-76.626751,-11.477529],[-76.626689,-11.477746],[-76.626688,-11.477971],[-76.626745,-11.47819],[-76.626867,-11.478376],[-76.627045,-11.478512],[-76.627256,-11.478596],[-76.627481,-11.478639],[-76.62839,-11.478764],[-76.62861,-11.478713],[-76.628789,-11.478583],[-76.628834,-11.478365],[-76.628795,-11.478145],[-76.628713,-11.477933],[-76.628658,-11.477714],[-76.628633,-11.477491],[-76.628645,-11.477266],[-76.628893,-11.476162],[-76.629119,-11.475285],[-76.629335,-11.474888],[-76.629625,-11.474537],[-76.629751,-11.474348],[-76.629829,-11.474139],[-76.629836,-11.473916],[-76.629798,-11.473696],[-76.629595,-11.47329],[-76.629518,-11.473077],[-76.629473,-11.472857],[-76.629463,-11.472632],[-76.629509,-11.472182],[-76.629517,-11.47173],[-76.629589,-11.470828],[-76.629897,-11.469977],[-76.630437,-11.46873],[-76.631211,-11.467342],[-76.631475,-11.466716],[-76.63184,-11.465176],[-76.631872,-11.464952],[-76.631854,-11.464729],[-76.631742,-11.464533],[-76.631366,-11.464274],[-76.631199,-11.464119],[-76.631084,-11.463929],[-76.631157,-11.463727],[-76.631359,-11.463643],[-76.631555,-11.463751],[-76.631927,-11.464016],[-76.632095,-11.464169],[-76.632216,-11.464354],[-76.632289,-11.464568],[-76.632749,-11.466319],[-76.632882,-11.466985],[-76.632963,-11.468338],[-76.63305,-11.469011],[-76.633053,-11.469236],[-76.633017,-11.469459],[-76.63282,-11.470108],[-76.632776,-11.470329],[-76.632797,-11.47055],[-76.632909,-11.470747],[-76.63344,-11.471485],[-76.633743,-11.472093],[-76.634162,-11.474316],[-76.634175,-11.47454],[-76.634137,-11.474762],[-76.633957,-11.475416],[-76.633937,-11.475639],[-76.633986,-11.475859],[-76.634077,-11.476066],[-76.634554,-11.476838],[-76.634701,-11.477011],[-76.63486,-11.477173],[-76.63576,-11.477875],[-76.636102,-11.478177],[-76.636238,-11.478357],[-76.636319,-11.478569],[-76.636465,-11.479231],[-76.636834,-11.480058],[-76.636973,-11.480238],[-76.63716,-11.480367],[-76.637367,-11.480464],[-76.637583,-11.48053],[-76.638039,-11.480585],[-76.638263,-11.480634],[-76.638687,-11.480804],[-76.639839,-11.481547],[-76.640394,-11.481947],[-76.640561,-11.482101],[-76.64205,-11.483821],[-76.642646,-11.484787],[-76.643047,-11.485601],[-76.643301,-11.486231],[-76.643471,-11.486382],[-76.643664,-11.486491],[-76.643888,-11.486543],[-76.644049,-11.486696],[-76.644171,-11.486887],[-76.644253,-11.487089],[-76.644223,-11.487313],[-76.644291,-11.48751],[-76.644457,-11.48766],[-76.644664,-11.487751],[-76.644893,-11.487759],[-76.645329,-11.487624],[-76.645539,-11.487531],[-76.645757,-11.487513],[-76.645979,-11.487568],[-76.646187,-11.48766],[-76.646368,-11.487799],[-76.646991,-11.488464],[-76.647138,-11.488637],[-76.64726,-11.488828],[-76.648097,-11.490687],[-76.648456,-11.491266],[-76.648763,-11.491873],[-76.648881,-11.492065],[-76.649067,-11.492172],[-76.649295,-11.492158],[-76.649915,-11.491863],[-76.650351,-11.491728],[-76.650804,-11.491655],[-76.651489,-11.491582],[-76.651718,-11.491595],[-76.651939,-11.491653],[-76.652339,-11.491873],[-76.652712,-11.492132],[-76.65286,-11.492303],[-76.652932,-11.492513],[-76.652901,-11.492734],[-76.652685,-11.493133],[-76.652542,-11.493308],[-76.652348,-11.493429],[-76.652125,-11.493474],[-76.65191,-11.493551],[-76.651752,-11.493706],[-76.651751,-11.493918],[-76.651899,-11.494084],[-76.652102,-11.49419],[-76.65228,-11.494328],[-76.652411,-11.494513],[-76.652457,-11.494734],[-76.652403,-11.494953],[-76.652185,-11.49535],[-76.652058,-11.495538],[-76.651742,-11.495867],[-76.650885,-11.496618],[-76.650556,-11.496934],[-76.650419,-11.497115],[-76.65031,-11.497313],[-76.650166,-11.497741],[-76.650133,-11.497964],[-76.650162,-11.498187],[-76.650231,-11.498403],[-76.650427,-11.498811],[-76.650491,-11.499027],[-76.650517,-11.499252],[-76.650516,-11.499703],[-76.650557,-11.499926],[-76.650673,-11.50012],[-76.650826,-11.500284],[-76.651013,-11.500414],[-76.651413,-11.500634],[-76.651793,-11.500889],[-76.651995,-11.500989],[-76.65222,-11.50102],[-76.652447,-11.500996],[-76.652895,-11.500898],[-76.653124,-11.500881],[-76.653778,-11.501092],[-76.654002,-11.501141],[-76.654224,-11.501102],[-76.654559,-11.500798],[-76.654746,-11.500667],[-76.654961,-11.50059],[-76.655189,-11.500598],[-76.655415,-11.500635],[-76.656754,-11.500953],[-76.656973,-11.50102],[-76.657392,-11.501202],[-76.657611,-11.50126],[-76.657828,-11.501206],[-76.657985,-11.501042],[-76.658234,-11.500663],[-76.6584,-11.500242],[-76.658504,-11.500041],[-76.658652,-11.499869],[-76.658843,-11.499747],[-76.659067,-11.499702],[-76.659522,-11.499754],[-76.659739,-11.499821],[-76.659895,-11.499969],[-76.659914,-11.500192],[-76.659727,-11.500842],[-76.659648,-11.501287],[-76.65964,-11.501512],[-76.659703,-11.501727],[-76.659854,-11.501885],[-76.66006,-11.50198],[-76.660505,-11.502089],[-76.660964,-11.502085],[-76.661191,-11.502051],[-76.661393,-11.501946],[-76.661613,-11.50191],[-76.662275,-11.502084],[-76.662729,-11.502151],[-76.663415,-11.50211],[-76.664563,-11.50212],[-76.665021,-11.502086],[-76.665463,-11.501969],[-76.666084,-11.501676],[-76.666513,-11.501518],[-76.66697,-11.501484],[-76.667886,-11.501543],[-76.669263,-11.501585],[-76.669489,-11.501617],[-76.669709,-11.501681],[-76.669918,-11.501773],[-76.670092,-11.501919],[-76.670686,-11.502609],[-76.671019,-11.502919],[-76.67164,-11.503586],[-76.671786,-11.50376],[-76.671885,-11.503962],[-76.671918,-11.504184],[-76.671906,-11.50441],[-76.671693,-11.506206],[-76.671623,-11.50642],[-76.671393,-11.50681],[-76.671298,-11.507015],[-76.671248,-11.507234],[-76.671263,-11.507456],[-76.671348,-11.507665],[-76.671489,-11.507844],[-76.671683,-11.50796],[-76.671899,-11.508032],[-76.672565,-11.508202],[-76.672755,-11.508326],[-76.673092,-11.508632],[-76.673498,-11.50918],[-76.674012,-11.509929],[-76.674179,-11.510081],[-76.674381,-11.510185],[-76.674605,-11.51023],[-76.674829,-11.510193],[-76.675475,-11.509959],[-76.675703,-11.509944],[-76.675924,-11.509997],[-76.676127,-11.510103],[-76.67629,-11.51026],[-76.676854,-11.511496],[-76.677078,-11.511891],[-76.677451,-11.512461],[-76.677601,-11.512631],[-76.677939,-11.512937],[-76.678134,-11.513054],[-76.679174,-11.513531],[-76.679572,-11.513754],[-76.680223,-11.514392],[-76.680415,-11.514512],[-76.681045,-11.514785],[-76.681238,-11.514905],[-76.681984,-11.515761],[-76.683539,-11.517424],[-76.684118,-11.518127],[-76.684454,-11.518719],[-76.684577,-11.51891],[-76.684725,-11.519082],[-76.685054,-11.519397],[-76.685773,-11.519957],[-76.686373,-11.520641],[-76.686709,-11.520949],[-76.687076,-11.52122],[-76.687239,-11.521379],[-76.687386,-11.521553],[-76.687736,-11.522135],[-76.687895,-11.522296],[-76.688078,-11.522432],[-76.688493,-11.522622],[-76.68869,-11.522738],[-76.688847,-11.522901],[-76.688946,-11.523102],[-76.688986,-11.523324],[-76.68902,-11.523775],[-76.689173,-11.5242],[-76.689377,-11.524605],[-76.689481,-11.525045],[-76.689506,-11.525722],[-76.689391,-11.5273],[-76.689426,-11.527749],[-76.689506,-11.52796],[-76.689947,-11.528753],[-76.690229,-11.529109],[-76.69039,-11.52927],[-76.691254,-11.530014],[-76.691622,-11.530282],[-76.69211,-11.530761],[-76.692401,-11.53111],[-76.692528,-11.531298],[-76.692598,-11.531499],[-76.692424,-11.532616],[-76.692445,-11.532824],[-76.692594,-11.532997],[-76.692761,-11.53315],[-76.693135,-11.533412],[-76.694188,-11.533862],[-76.695278,-11.534216],[-76.69549,-11.534303],[-76.695894,-11.534515],[-76.696108,-11.534588],[-76.696337,-11.534587],[-76.696788,-11.53451],[-76.697017,-11.534514],[-76.69724,-11.534568],[-76.697649,-11.534772],[-76.698144,-11.535529],[-76.698696,-11.535928],[-76.698859,-11.536087],[-76.699412,-11.536807],[-76.699577,-11.536963],[-76.70017,-11.537308],[-76.700534,-11.537583],[-76.700704,-11.537735],[-76.701122,-11.538274],[-76.701464,-11.538861],[-76.701899,-11.540384],[-76.701991,-11.54059],[-76.7021,-11.540789],[-76.702365,-11.541158],[-76.70252,-11.541325],[-76.702698,-11.541463],[-76.702906,-11.541556],[-76.703127,-11.541614],[-76.703353,-11.541656],[-76.70381,-11.541686],[-76.704264,-11.54175],[-76.705384,-11.542],[-76.706072,-11.54201],[-76.707896,-11.5418],[-76.708126,-11.541808],[-76.708574,-11.541898],[-76.709218,-11.542133],[-76.709399,-11.542269],[-76.709551,-11.542439],[-76.709666,-11.542631],[-76.70998,-11.543717],[-76.710222,-11.544352],[-76.710349,-11.54454],[-76.710681,-11.544848],[-76.710864,-11.544985],[-76.711278,-11.545177],[-76.711466,-11.545304],[-76.71163,-11.545462],[-76.711742,-11.545656],[-76.711825,-11.545866],[-76.712008,-11.546752],[-76.7121,-11.546954],[-76.71266,-11.54767],[-76.712912,-11.548047],[-76.713027,-11.548484],[-76.713102,-11.54893],[-76.713254,-11.549592],[-76.713309,-11.55004],[-76.713203,-11.55071],[-76.713167,-11.551161],[-76.71319,-11.551611],[-76.71323,-11.551834],[-76.713329,-11.552025],[-76.713673,-11.552324],[-76.713786,-11.552521],[-76.713868,-11.552731],[-76.713931,-11.552948],[-76.714007,-11.553849],[-76.714141,-11.554279],[-76.71427,-11.554466],[-76.714454,-11.5546],[-76.715208,-11.555115],[-76.716172,-11.555728],[-76.716329,-11.555891],[-76.716406,-11.5561],[-76.71642,-11.556323],[-76.716369,-11.556543],[-76.716248,-11.556728],[-76.716076,-11.556877],[-76.715492,-11.557235],[-76.715129,-11.557511],[-76.714969,-11.557672],[-76.714876,-11.557879],[-76.714821,-11.558095],[-76.71483,-11.558318],[-76.714884,-11.558538],[-76.7153,-11.559344],[-76.715445,-11.559514],[-76.715615,-11.559667],[-76.716622,-11.560208],[-76.719527,-11.561562],[-76.719952,-11.561733],[-76.720128,-11.561876],[-76.720427,-11.562218],[-76.721492,-11.563692],[-76.721788,-11.564037],[-76.722131,-11.564338],[-76.722702,-11.564718],[-76.723067,-11.564992],[-76.723366,-11.565334],[-76.724173,-11.566958],[-76.72431,-11.567139],[-76.724467,-11.567304],[-76.725198,-11.567849],[-76.726555,-11.569067],[-76.726687,-11.569252],[-76.726792,-11.569453],[-76.726869,-11.569665],[-76.727108,-11.570537],[-76.727198,-11.570743],[-76.727323,-11.570933],[-76.7274,-11.571144],[-76.727444,-11.571365],[-76.727457,-11.57159],[-76.727416,-11.571811],[-76.72734,-11.572022],[-76.72723,-11.572221],[-76.726486,-11.573081],[-76.726185,-11.57369],[-76.726186,-11.573914],[-76.726259,-11.574359],[-76.726338,-11.574567],[-76.727182,-11.575637],[-76.727698,-11.576085],[-76.728254,-11.576486],[-76.728854,-11.576815],[-76.72907,-11.576894],[-76.729518,-11.576986],[-76.731346,-11.577161],[-76.73201,-11.577341],[-76.732439,-11.5775],[-76.732849,-11.577703],[-76.733918,-11.578115],[-76.734125,-11.578212],[-76.734509,-11.578459],[-76.735122,-11.578767],[-76.735335,-11.578853],[-76.735557,-11.578905],[-76.735782,-11.578912],[-76.736226,-11.578795],[-76.736878,-11.578577],[-76.737328,-11.578488],[-76.737555,-11.578486],[-76.737782,-11.578514],[-76.738436,-11.578724],[-76.738646,-11.578815],[-76.738838,-11.578938],[-76.738998,-11.579095],[-76.739134,-11.579277],[-76.739311,-11.579413],[-76.740154,-11.579769],[-76.74035,-11.579885],[-76.740524,-11.58003],[-76.740617,-11.580237],[-76.740692,-11.58068],[-76.740761,-11.580893],[-76.740884,-11.581078],[-76.741759,-11.581809],[-76.74192,-11.58197],[-76.742169,-11.582348],[-76.742301,-11.58278],[-76.742411,-11.582978],[-76.742587,-11.583114],[-76.742806,-11.583136],[-76.745092,-11.582925],[-76.745308,-11.582985],[-76.745516,-11.58308],[-76.745716,-11.583191],[-76.745895,-11.583332],[-76.746066,-11.583482],[-76.746343,-11.583837],[-76.746403,-11.584055],[-76.746385,-11.584958],[-76.746418,-11.585181],[-76.746781,-11.586723],[-76.746978,-11.587372],[-76.747199,-11.587767],[-76.748723,-11.58975],[-76.748798,-11.589963],[-76.748916,-11.590157],[-76.749074,-11.590321],[-76.749432,-11.590604],[-76.74957,-11.590784],[-76.749657,-11.590992],[-76.749684,-11.591212],[-76.749661,-11.591664],[-76.749674,-11.591889],[-76.749711,-11.592112],[-76.749795,-11.592321],[-76.749964,-11.592473],[-76.75145,-11.593536],[-76.752293,-11.593891],[-76.752706,-11.594088],[-76.753849,-11.594846],[-76.754049,-11.594956],[-76.7544,-11.595244],[-76.754679,-11.595602],[-76.754907,-11.595995],[-76.755138,-11.596633],[-76.75551,-11.597939],[-76.755679,-11.598358],[-76.755791,-11.598556],[-76.756789,-11.600074],[-76.756943,-11.600242],[-76.757125,-11.600379],[-76.758727,-11.601263],[-76.759099,-11.601527],[-76.759265,-11.601682],[-76.75942,-11.601849],[-76.759543,-11.602039],[-76.760693,-11.603995],[-76.761148,-11.604505],[-76.761284,-11.604687],[-76.761374,-11.604892],[-76.761413,-11.605112],[-76.761449,-11.606015],[-76.761524,-11.606228],[-76.761641,-11.606421],[-76.761984,-11.60672],[-76.762178,-11.606834],[-76.762398,-11.6069],[-76.763316,-11.606874],[-76.763543,-11.606888],[-76.763763,-11.606951],[-76.764164,-11.607169],[-76.76511,-11.607807],[-76.766379,-11.608333],[-76.766791,-11.608532],[-76.767179,-11.608771],[-76.767387,-11.608867],[-76.76847,-11.609238],[-76.768657,-11.609367],[-76.768817,-11.609528],[-76.769445,-11.610473],[-76.770037,-11.611944],[-76.77061,-11.613177],[-76.770846,-11.613565],[-76.771019,-11.613713],[-76.771212,-11.613834],[-76.771424,-11.613916],[-76.772085,-11.614104],[-76.772269,-11.614236],[-76.772403,-11.61442],[-76.772999,-11.615889],[-76.773066,-11.616105],[-76.773089,-11.616329],[-76.772964,-11.616994],[-76.772794,-11.617414],[-76.772682,-11.617852],[-76.772683,-11.61853],[-76.772745,-11.619205],[-76.772802,-11.619423],[-76.773058,-11.620053],[-76.773164,-11.620251],[-76.773981,-11.621343],[-76.774062,-11.621555],[-76.774124,-11.621771],[-76.774231,-11.622441],[-76.774402,-11.624242],[-76.774439,-11.624465],[-76.774494,-11.624684],[-76.774833,-11.625524],[-76.774962,-11.625958],[-76.775001,-11.62618],[-76.775022,-11.626857],[-76.774995,-11.62708],[-76.774794,-11.627963],[-76.774735,-11.628637],[-76.774865,-11.62976],[-76.774982,-11.630196],[-76.775178,-11.630605],[-76.775233,-11.630824],[-76.775255,-11.631047],[-76.775242,-11.631273],[-76.775101,-11.631936],[-76.774898,-11.632584],[-76.774849,-11.632804],[-76.774813,-11.633028],[-76.7748,-11.633479],[-76.774898,-11.63392],[-76.775179,-11.63478],[-76.775232,-11.634999],[-76.775285,-11.635449],[-76.77521,-11.636803],[-76.775115,-11.637929],[-76.775218,-11.639507],[-76.775299,-11.639952],[-76.775414,-11.640389],[-76.775576,-11.640812],[-76.775679,-11.641014],[-76.775902,-11.641409],[-76.776178,-11.64177],[-76.777904,-11.643586],[-76.7782,-11.643931],[-76.77831,-11.644128],[-76.778368,-11.644345],[-76.778389,-11.64457],[-76.778381,-11.645022],[-76.778436,-11.64547],[-76.778534,-11.645672],[-76.779107,-11.646378],[-76.779365,-11.646752],[-76.779623,-11.64738],[-76.779744,-11.647815],[-76.779828,-11.648026],[-76.781188,-11.650385],[-76.781587,-11.651199],[-76.781709,-11.651387],[-76.782035,-11.651705],[-76.782954,-11.652382],[-76.783907,-11.653012],[-76.784443,-11.653437],[-76.784768,-11.653755],[-76.785062,-11.654103],[-76.785622,-11.65482],[-76.785934,-11.65515],[-76.78621,-11.655511],[-76.786331,-11.655703],[-76.786431,-11.655904],[-76.786554,-11.65634],[-76.786749,-11.657223],[-76.787075,-11.658069],[-76.787445,-11.659138],[-76.787745,-11.659748],[-76.788129,-11.66031],[-76.788237,-11.660509],[-76.788314,-11.660722],[-76.788364,-11.660942],[-76.788402,-11.661845],[-76.788531,-11.662511],[-76.788665,-11.662943],[-76.789253,-11.664416],[-76.789304,-11.664636],[-76.789339,-11.664859],[-76.78933,-11.665537],[-76.789294,-11.66576],[-76.789247,-11.666436],[-76.789258,-11.66666],[-76.789299,-11.666882],[-76.789389,-11.66709],[-76.789526,-11.667269],[-76.789708,-11.667401],[-76.790141,-11.66755],[-76.790583,-11.667669],[-76.790789,-11.667766],[-76.790963,-11.667914],[-76.791079,-11.668109],[-76.791159,-11.668321],[-76.791273,-11.668757],[-76.791364,-11.668964],[-76.791909,-11.669959],[-76.793168,-11.671849],[-76.793315,-11.672023],[-76.793481,-11.672177],[-76.793667,-11.67231],[-76.79427,-11.672629],[-76.794948,-11.672748],[-76.795161,-11.672827],[-76.795756,-11.673167],[-76.796167,-11.673369],[-76.79634,-11.673512],[-76.796425,-11.673713],[-76.796476,-11.673933],[-76.796574,-11.674137],[-76.796782,-11.674167],[-76.797242,-11.674161],[-76.797466,-11.674199],[-76.797626,-11.674351],[-76.797751,-11.674539],[-76.79814,-11.675358],[-76.798468,-11.676441],[-76.798736,-11.67754],[-76.798956,-11.678182],[-76.799179,-11.678575],[-76.799589,-11.67912],[-76.800192,-11.679801],[-76.800536,-11.680101],[-76.801658,-11.680889],[-76.802002,-11.681187],[-76.802428,-11.681718],[-76.803065,-11.682658],[-76.8036,-11.683393],[-76.803916,-11.683719],[-76.80431,-11.683948],[-76.804519,-11.68404],[-76.806002,-11.684649],[-76.807077,-11.685048],[-76.807263,-11.685178],[-76.807428,-11.685332],[-76.807571,-11.685509],[-76.807723,-11.685935],[-76.807784,-11.686609],[-76.80784,-11.686826],[-76.807937,-11.687028],[-76.808094,-11.687193],[-76.808662,-11.687573],[-76.80882,-11.687737],[-76.808958,-11.687916],[-76.809324,-11.688488],[-76.809947,-11.689153],[-76.810226,-11.689512],[-76.810354,-11.689698],[-76.810589,-11.690336],[-76.810908,-11.690935],[-76.811824,-11.691616],[-76.812823,-11.692171],[-76.813047,-11.692217],[-76.813268,-11.692204],[-76.813485,-11.692128],[-76.813892,-11.691921],[-76.814685,-11.691463],[-76.814903,-11.691395],[-76.815361,-11.691396],[-76.815585,-11.69144],[-76.81624,-11.691649],[-76.816658,-11.691834],[-76.817137,-11.692316],[-76.817254,-11.69251],[-76.817322,-11.692726],[-76.81743,-11.693165],[-76.817391,-11.694295],[-76.817426,-11.694745],[-76.817488,-11.694962],[-76.817591,-11.695164],[-76.817747,-11.695325],[-76.818101,-11.695613],[-76.818657,-11.696013],[-76.819632,-11.69661],[-76.82001,-11.696864],[-76.820217,-11.696962],[-76.820441,-11.69701],[-76.820661,-11.69697],[-76.821078,-11.696785],[-76.821304,-11.696773],[-76.82152,-11.696833],[-76.822109,-11.697185],[-76.822721,-11.697495],[-76.82314,-11.69768],[-76.823376,-11.697988],[-76.823852,-11.697939],[-76.824003,-11.69786],[-76.824046,-11.6977],[-76.824278,-11.697759],[-76.826114,-11.697692],[-76.826572,-11.69766],[-76.827023,-11.697581],[-76.827456,-11.697433],[-76.827869,-11.697236],[-76.828546,-11.696629],[-76.828757,-11.69655],[-76.828983,-11.696512],[-76.829209,-11.696526],[-76.829872,-11.696707],[-76.830324,-11.696784],[-76.830774,-11.696709],[-76.83164,-11.696407],[-76.834632,-11.695251],[-76.835066,-11.695102],[-76.835513,-11.695007],[-76.8362,-11.694993],[-76.839353,-11.695466],[-76.839399,-11.695166],[-76.839857,-11.69519],[-76.840775,-11.695162],[-76.841001,-11.695125],[-76.84144,-11.694994],[-76.842341,-11.694824],[-76.843404,-11.694399],[-76.844082,-11.694283],[-76.844311,-11.694279],[-76.844535,-11.694314],[-76.844748,-11.694399],[-76.845565,-11.694812],[-76.845986,-11.694991],[-76.84621,-11.695035],[-76.846666,-11.695006],[-76.846895,-11.695026],[-76.847121,-11.695067],[-76.847338,-11.695139],[-76.847922,-11.695495],[-76.848274,-11.695784],[-76.849062,-11.696894],[-76.849166,-11.697095],[-76.849324,-11.697754],[-76.84943,-11.697925],[-76.849641,-11.698008],[-76.849868,-11.698021],[-76.850093,-11.697977],[-76.850552,-11.697958],[-76.851462,-11.69784],[-76.852379,-11.69788],[-76.853286,-11.698022],[-76.853733,-11.698121],[-76.854414,-11.698219],[-76.854618,-11.698323],[-76.854985,-11.698593],[-76.855181,-11.698707],[-76.855402,-11.698715],[-76.855617,-11.698638],[-76.856031,-11.698443],[-76.857145,-11.697647],[-76.857348,-11.697543],[-76.857566,-11.697474],[-76.857793,-11.69746],[-76.858019,-11.697495],[-76.858459,-11.697625],[-76.858909,-11.697713],[-76.860275,-11.697886],[-76.861876,-11.698007],[-76.862543,-11.698168],[-76.862768,-11.698137],[-76.863423,-11.697925],[-76.863648,-11.69788],[-76.863875,-11.697887],[-76.864528,-11.698098],[-76.864756,-11.6981],[-76.865411,-11.697896],[-76.865681,-11.698028],[-76.865658,-11.697779],[-76.865845,-11.697747],[-76.866484,-11.697498],[-76.86663,-11.69733],[-76.866791,-11.696908],[-76.867076,-11.696291],[-76.867812,-11.695145],[-76.867977,-11.694995],[-76.868191,-11.694914],[-76.868634,-11.694797],[-76.869063,-11.694634],[-76.870086,-11.694123],[-76.870298,-11.694039],[-76.87073,-11.693884],[-76.872043,-11.693475],[-76.872246,-11.693369],[-76.872442,-11.693255],[-76.872719,-11.692639],[-76.873029,-11.692697],[-76.873207,-11.69231],[-76.873305,-11.692173],[-76.87349,-11.691958],[-76.873651,-11.691813],[-76.873916,-11.691649],[-76.874664,-11.691346],[-76.876042,-11.690857],[-76.8763,-11.69079],[-76.876549,-11.690767],[-76.876851,-11.690774],[-76.877913,-11.690927],[-76.87821,-11.690934],[-76.878443,-11.690915],[-76.878834,-11.690838],[-76.879558,-11.690575],[-76.880175,-11.690294],[-76.880774,-11.690061],[-76.882496,-11.689461],[-76.882989,-11.689222],[-76.883365,-11.688984],[-76.884516,-11.688512],[-76.885103,-11.688128],[-76.885249,-11.687971],[-76.885818,-11.686974],[-76.885893,-11.686857],[-76.886003,-11.686745],[-76.886161,-11.686638],[-76.887186,-11.686202],[-76.887475,-11.686036],[-76.888865,-11.684934],[-76.889882,-11.684039],[-76.890031,-11.683936],[-76.890317,-11.683829],[-76.890543,-11.683796],[-76.891244,-11.683829],[-76.891481,-11.683813],[-76.891848,-11.68369],[-76.892002,-11.683587],[-76.892161,-11.683446],[-76.892624,-11.682736],[-76.892775,-11.68257],[-76.893228,-11.682261],[-76.893857,-11.681888],[-76.89571,-11.681113],[-76.896592,-11.680889],[-76.896928,-11.680851],[-76.897457,-11.680713],[-76.898737,-11.680195],[-76.899376,-11.680019],[-76.900406,-11.679798],[-76.900875,-11.679798],[-76.901542,-11.679881],[-76.902025,-11.679911],[-76.902667,-11.679875],[-76.903026,-11.679824],[-76.903648,-11.679688],[-76.903984,-11.679659],[-76.905252,-11.679627],[-76.906652,-11.679758],[-76.906942,-11.679761],[-76.909705,-11.679576],[-76.909891,-11.679598],[-76.912076,-11.680096],[-76.914904,-11.680954],[-76.915761,-11.681255],[-76.916511,-11.681565],[-76.917286,-11.681907],[-76.91799,-11.682288],[-76.919344,-11.683054],[-76.920099,-11.683453],[-76.920853,-11.683916],[-76.921826,-11.684691],[-76.922534,-11.685315],[-76.922703,-11.685511],[-76.923862,-11.687119],[-76.924335,-11.687667],[-76.924595,-11.687949],[-76.925518,-11.688726],[-76.925666,-11.688921],[-76.925976,-11.689406],[-76.926321,-11.690202],[-76.926432,-11.690381],[-76.926738,-11.690648],[-76.928049,-11.691609],[-76.928656,-11.692204],[-76.929344,-11.692944],[-76.929611,-11.693187],[-76.930212,-11.69363],[-76.931504,-11.694402],[-76.932562,-11.695086],[-76.934173,-11.696045],[-76.934898,-11.696562],[-76.935979,-11.697581],[-76.936168,-11.697696],[-76.936997,-11.698063],[-76.937123,-11.698183],[-76.937201,-11.698312],[-76.937235,-11.698492],[-76.937186,-11.699193],[-76.937232,-11.699493],[-76.939461,-11.702756],[-76.940038,-11.703528],[-76.941229,-11.705437],[-76.941526,-11.706037],[-76.941882,-11.706849],[-76.943004,-11.708859],[-76.943119,-11.709165],[-76.943163,-11.709416],[-76.943157,-11.709902],[-76.943084,-11.710362],[-76.943079,-11.710597],[-76.943107,-11.710851],[-76.943174,-11.711119],[-76.943231,-11.711247],[-76.943368,-11.711413],[-76.943944,-11.711994],[-76.947379,-11.715395],[-76.950013,-11.717836],[-76.951307,-11.718861],[-76.95161,-11.719069],[-76.953914,-11.720464],[-76.954172,-11.720705],[-76.954376,-11.721098],[-76.954633,-11.721665],[-76.954807,-11.721916],[-76.955119,-11.722212],[-76.956503,-11.72305],[-76.957642,-11.724057],[-76.95822,-11.724473],[-76.958928,-11.724905],[-76.95983,-11.725397],[-76.960348,-11.725553],[-76.961215,-11.725758],[-76.961677,-11.725906],[-76.961937,-11.725931],[-76.962499,-11.725901],[-76.963549,-11.725752],[-76.96395,-11.725728],[-76.964156,-11.725748],[-76.96436,-11.725804],[-76.964824,-11.725982],[-76.965443,-11.726145],[-76.966025,-11.726218],[-76.966274,-11.72627],[-76.966508,-11.726358],[-76.966658,-11.726459],[-76.966845,-11.726636],[-76.967117,-11.726994],[-76.967957,-11.728221],[-76.968118,-11.728642],[-76.968299,-11.730063],[-76.968344,-11.730266],[-76.968435,-11.73049],[-76.96858,-11.73072],[-76.969133,-11.731363],[-76.969263,-11.731602],[-76.970387,-11.733826],[-76.970456,-11.734329],[-76.970301,-11.734929],[-76.970059,-11.735408],[-76.970003,-11.735921],[-76.969937,-11.736186],[-76.969772,-11.736422],[-76.969634,-11.736687],[-76.969362,-11.737114],[-76.969312,-11.737461],[-76.969234,-11.73758],[-76.968858,-11.737978],[-76.968376,-11.738841],[-76.968041,-11.739563],[-76.967661,-11.740861],[-76.967254,-11.742151],[-76.967149,-11.742391],[-76.96674,-11.742822],[-76.966635,-11.743011],[-76.966233,-11.743511],[-76.966118,-11.74372],[-76.966112,-11.743926],[-76.966183,-11.744178],[-76.966381,-11.744457],[-76.966646,-11.744903],[-76.966747,-11.745125],[-76.966951,-11.745779],[-76.967156,-11.746936],[-76.967322,-11.747655],[-76.967613,-11.749898],[-76.967619,-11.750511],[-76.967669,-11.750923],[-76.967737,-11.751152],[-76.968634,-11.752406],[-76.968838,-11.752657],[-76.968983,-11.752884],[-76.969041,-11.753086],[-76.969001,-11.75351],[-76.969033,-11.753716],[-76.969142,-11.753892],[-76.969386,-11.75417],[-76.96947,-11.754224],[-76.969563,-11.754248],[-76.970306,-11.754338],[-76.970877,-11.75458],[-76.971627,-11.754836],[-76.972751,-11.755709],[-76.972861,-11.755825],[-76.972919,-11.755987],[-76.972966,-11.756464],[-76.973277,-11.757681],[-76.973318,-11.758259],[-76.973377,-11.758579],[-76.973458,-11.758819],[-76.973534,-11.758972],[-76.973665,-11.759141],[-76.974171,-11.759666],[-76.974429,-11.760086],[-76.974718,-11.760789],[-76.974828,-11.761095],[-76.974923,-11.761457],[-76.974942,-11.761569],[-76.974924,-11.761767],[-76.974818,-11.7619],[-76.974441,-11.762174],[-76.974367,-11.762283],[-76.974324,-11.762413],[-76.974331,-11.762712],[-76.974469,-11.763214],[-76.974587,-11.763402],[-76.975637,-11.763832],[-76.976143,-11.764065],[-76.976351,-11.764277],[-76.976977,-11.765994],[-76.97712,-11.766448],[-76.977162,-11.766668],[-76.977257,-11.767761],[-76.977475,-11.769042],[-76.977546,-11.769332],[-76.97786,-11.770346],[-76.978197,-11.771184],[-76.978943,-11.772308],[-76.981205,-11.775416],[-76.981813,-11.776142],[-76.9822,-11.776669],[-76.982963,-11.778],[-76.98316,-11.778431],[-76.983238,-11.778755],[-76.983274,-11.779045],[-76.983324,-11.781227],[-76.983293,-11.782631],[-76.983054,-11.786957],[-76.982866,-11.789525],[-76.982861,-11.789801],[-76.982936,-11.790395],[-76.983127,-11.791201],[-76.983092,-11.792248],[-76.983108,-11.792449],[-76.983154,-11.792645],[-76.983362,-11.79326],[-76.983367,-11.793508],[-76.98325,-11.793744],[-76.983119,-11.793873],[-76.982365,-11.794451],[-76.982101,-11.794747],[-76.981883,-11.795077],[-76.981769,-11.795319],[-76.981657,-11.79585],[-76.981715,-11.796429],[-76.981821,-11.796751],[-76.981871,-11.796841],[-76.982371,-11.79744],[-76.982588,-11.797781],[-76.982943,-11.798726],[-76.983221,-11.799223],[-76.983872,-11.800105],[-76.984142,-11.800384],[-76.984308,-11.800522],[-76.984881,-11.800887],[-76.985197,-11.801116],[-76.985354,-11.801275],[-76.985449,-11.801407],[-76.985504,-11.801564],[-76.98553,-11.801743],[-76.985504,-11.802191],[-76.985551,-11.802487],[-76.985657,-11.802626],[-76.986804,-11.803674],[-76.987009,-11.803884],[-76.987164,-11.804135],[-76.987264,-11.804357],[-76.987349,-11.804616],[-76.988096,-11.808377],[-76.988341,-11.809639],[-76.988403,-11.810422],[-76.988446,-11.810595],[-76.988525,-11.810753],[-76.989053,-11.811262],[-76.989292,-11.811528],[-76.989458,-11.811757],[-76.990295,-11.813281],[-76.990612,-11.813769],[-76.991216,-11.814587],[-76.99153,-11.81507],[-76.991644,-11.815389],[-76.991714,-11.816397],[-76.991746,-11.816611],[-76.991819,-11.816833],[-76.992011,-11.817101],[-76.992153,-11.817222],[-76.992815,-11.817618],[-76.993152,-11.817948],[-76.993415,-11.818353],[-76.993608,-11.818874],[-76.993794,-11.819633],[-76.993801,-11.81986],[-76.993755,-11.820061],[-76.993588,-11.820329],[-76.993251,-11.820552],[-76.992794,-11.820753],[-76.992688,-11.820837],[-76.992615,-11.820937],[-76.992575,-11.821046],[-76.992563,-11.821173],[-76.992717,-11.821969],[-76.992831,-11.822477],[-76.992904,-11.822701],[-76.993003,-11.822852],[-76.993105,-11.822945],[-76.993235,-11.823008],[-76.993798,-11.82309],[-76.993925,-11.823132],[-76.994134,-11.823275],[-76.994219,-11.82339],[-76.994323,-11.823622],[-76.994522,-11.824247],[-76.994624,-11.824454],[-76.994846,-11.824805],[-76.996195,-11.826743],[-76.996309,-11.826941],[-76.996391,-11.827134],[-76.996467,-11.827463],[-76.996462,-11.827768],[-76.996421,-11.828181],[-76.99646,-11.828479],[-76.996525,-11.828651],[-76.996745,-11.82896],[-76.997562,-11.829793],[-76.997816,-11.83014],[-76.997931,-11.830427],[-76.99797,-11.830606],[-76.998103,-11.831725],[-76.998159,-11.831959],[-76.99824,-11.832133],[-76.998718,-11.832787],[-76.999398,-11.83357],[-76.999528,-11.833795],[-76.999631,-11.834049],[-76.999708,-11.834424],[-76.999681,-11.834797],[-76.999633,-11.835004],[-76.999079,-11.836696],[-76.998862,-11.838026],[-76.998853,-11.838202],[-76.998881,-11.838504],[-76.999167,-11.839466],[-76.999236,-11.839783],[-76.999249,-11.839948],[-76.999219,-11.840276],[-76.998978,-11.841009],[-76.99895,-11.841146],[-76.998944,-11.841507],[-76.999026,-11.841786],[-76.999334,-11.842314],[-76.999628,-11.842884],[-77.000699,-11.84505],[-77.001733,-11.847647],[-77.002007,-11.848253],[-77.002201,-11.848747],[-77.002329,-11.849251],[-77.002385,-11.849621],[-77.002372,-11.85071],[-77.00242,-11.851032],[-77.002535,-11.85137],[-77.003297,-11.853301],[-77.003427,-11.853748],[-77.003868,-11.855881],[-77.003861,-11.856068],[-77.003963,-11.856614],[-77.0042,-11.857791],[-77.00428,-11.858093],[-77.004407,-11.858365],[-77.004596,-11.858633],[-77.006061,-11.860137],[-77.006314,-11.860441],[-77.006481,-11.860781],[-77.006875,-11.861841],[-77.00697,-11.86203],[-77.007312,-11.862588],[-77.007941,-11.863384],[-77.008539,-11.864018],[-77.009165,-11.864603],[-77.009448,-11.864778],[-77.010155,-11.865061],[-77.010341,-11.865161],[-77.01067,-11.865398],[-77.011003,-11.865682],[-77.011105,-11.865795],[-77.011225,-11.866032],[-77.011337,-11.866618],[-77.011421,-11.866862],[-77.01148,-11.866963],[-77.011621,-11.867167],[-77.012055,-11.86742],[-77.012161,-11.867515],[-77.013051,-11.868795],[-77.013429,-11.86925],[-77.013743,-11.869719],[-77.014305,-11.87076],[-77.015833,-11.873456],[-77.016395,-11.874513],[-77.016928,-11.875571],[-77.017393,-11.87666],[-77.017757,-11.877426],[-77.017948,-11.877691],[-77.018356,-11.878138],[-77.018259,-11.878194],[-77.019482,-11.879513],[-77.019897,-11.879869],[-77.020248,-11.8801],[-77.020652,-11.880328],[-77.022197,-11.881016],[-77.022651,-11.881241],[-77.022887,-11.881399],[-77.02312,-11.881604],[-77.023438,-11.882008],[-77.023612,-11.882346],[-77.023713,-11.882643],[-77.023772,-11.882936],[-77.023792,-11.883198],[-77.023769,-11.883528],[-77.023343,-11.885915],[-77.023351,-11.886318],[-77.023432,-11.886724],[-77.02352,-11.886964],[-77.023659,-11.887236],[-77.023731,-11.88735],[-77.023952,-11.887604],[-77.024932,-11.888442],[-77.025662,-11.889034],[-77.026022,-11.889362],[-77.026315,-11.889671],[-77.026989,-11.890453],[-77.02761,-11.891354],[-77.028309,-11.892447],[-77.028646,-11.893094],[-77.028874,-11.893632],[-77.029125,-11.894372],[-77.030311,-11.898818],[-77.030445,-11.899424],[-77.030575,-11.900418],[-77.030608,-11.900987],[-77.030595,-11.902745],[-77.030621,-11.90312],[-77.030703,-11.903597],[-77.03091,-11.904254],[-77.032084,-11.906758],[-77.032294,-11.907113],[-77.032486,-11.907351],[-77.032826,-11.907669],[-77.033123,-11.907871],[-77.03333,-11.90798],[-77.035106,-11.908743],[-77.036535,-11.909232],[-77.036788,-11.909336],[-77.037081,-11.909509],[-77.037481,-11.909842],[-77.037676,-11.910071],[-77.037783,-11.910239],[-77.038452,-11.91142],[-77.04062,-11.915366],[-77.040772,-11.915678],[-77.041137,-11.916626],[-77.041357,-11.917355],[-77.041441,-11.917724],[-77.042264,-11.922416],[-77.042623,-11.925006],[-77.042831,-11.926736],[-77.042921,-11.927222],[-77.043144,-11.928029],[-77.043353,-11.928548],[-77.043852,-11.929593],[-77.044409,-11.93073],[-77.04463,-11.931116],[-77.045765,-11.932504],[-77.046805,-11.933725],[-77.048928,-11.936768],[-77.049424,-11.937494],[-77.049684,-11.937931],[-77.049957,-11.938527],[-77.050185,-11.939209],[-77.050241,-11.93943],[-77.050313,-11.939953],[-77.050374,-11.940942],[-77.050392,-11.941857],[-77.050423,-11.942247],[-77.050554,-11.943087],[-77.050587,-11.943474],[-77.050583,-11.944184],[-77.050537,-11.944627],[-77.050353,-11.945391],[-77.049369,-11.949228],[-77.049342,-11.949453],[-77.049356,-11.949682],[-77.049398,-11.949879],[-77.049494,-11.950093],[-77.049597,-11.950255],[-77.049727,-11.950401],[-77.0508,-11.951365],[-77.051018,-11.95165],[-77.051166,-11.951949],[-77.051476,-11.952888],[-77.052064,-11.954529],[-77.055831,-11.965786],[-77.056,-11.966151],[-77.057393,-11.968431],[-77.057494,-11.968656],[-77.057566,-11.968895],[-77.057603,-11.969149],[-77.057524,-11.971617],[-77.057551,-11.972072],[-77.057642,-11.972661],[-77.057721,-11.972995],[-77.057928,-11.97363],[-77.058089,-11.97397],[-77.058491,-11.97468],[-77.059232,-11.975875],[-77.059491,-11.976346],[-77.059621,-11.976484],[-77.060088,-11.976549],[-77.060251,-11.976617],[-77.062634,-11.976946],[-77.064816,-11.977305],[-77.06495,-11.977311],[-77.065089,-11.977296],[-77.065206,-11.977241],[-77.065529,-11.97691],[-77.065659,-11.976829],[-77.065838,-11.976765],[-77.065989,-11.976743],[-77.066142,-11.97675],[-77.066291,-11.976785],[-77.066431,-11.976846],[-77.066608,-11.976979],[-77.066755,-11.977177],[-77.066837,-11.977436],[-77.066828,-11.977694],[-77.066735,-11.977936],[-77.066608,-11.9781],[-77.066316,-11.978405],[-77.066189,-11.978589],[-77.066125,-11.978737],[-77.065841,-11.980441],[-77.065552,-11.981412],[-77.065446,-11.981693],[-77.064555,-11.987441],[-77.064127,-11.991242],[-77.063993,-11.991991],[-77.063685,-11.993185],[-77.063519,-11.994046],[-77.062426,-12.00091],[-77.062448,-12.001328],[-77.062279,-12.002375],[-77.062283,-12.002474],[-77.062169,-12.003292],[-77.062175,-12.003965],[-77.0622,-12.004107],[-77.062297,-12.004266],[-77.06231,-12.004383],[-77.062265,-12.004534],[-77.062147,-12.004659],[-77.062107,-12.005281],[-77.061706,-12.007715],[-77.061774,-12.008038],[-77.061881,-12.008248],[-77.06208,-12.008438],[-77.062304,-12.008547],[-77.064281,-12.008867],[-77.064852,-12.009012],[-77.065717,-12.00927],[-77.066737,-12.009615],[-77.066654,-12.009854],[-77.065178,-12.009356],[-77.064687,-12.009211],[-77.064536,-12.00908],[-77.064167,-12.008995],[-77.063692,-12.008918],[-77.062665,-12.008772],[-77.062183,-12.008733],[-77.062011,-12.008746],[-77.061523,-12.008852],[-77.061439,-12.008909],[-77.061202,-12.009385],[-77.061137,-12.009596],[-77.060795,-12.011544],[-77.060666,-12.011796],[-77.060575,-12.012819],[-77.059763,-12.017909],[-77.059285,-12.021241],[-77.058516,-12.025949],[-77.058304,-12.027472],[-77.058077,-12.028262],[-77.057726,-12.029149],[-77.057541,-12.029515],[-77.05702,-12.030292],[-77.056331,-12.031224],[-77.056075,-12.03151],[-77.055674,-12.031902],[-77.055092,-12.032401],[-77.054207,-12.033008],[-77.053323,-12.033503],[-77.052551,-12.033839],[-77.049093,-12.035214],[-77.048508,-12.035403],[-77.047107,-12.035778],[-77.04628,-12.036211],[-77.044032,-12.037632],[-77.043784,-12.037766],[-77.043594,-12.037946],[-77.04339,-12.040167],[-77.043362,-12.04086],[-77.043043,-12.044149],[-77.043016,-12.044262],[-77.042822,-12.047096],[-77.04281,-12.047201],[-77.042731,-12.047459],[-77.042568,-12.049462],[-77.042541,-12.049944],[-77.042569,-12.050165],[-77.042504,-12.050693],[-77.042203,-12.054504],[-77.041766,-12.059488],[-77.041768,-12.05962],[-77.041808,-12.059757],[-77.04195,-12.059861],[-77.042078,-12.060068],[-77.042102,-12.060293],[-77.042063,-12.060445],[-77.041981,-12.06058],[-77.041848,-12.060696],[-77.041606,-12.060778],[-77.041427,-12.060767],[-77.041281,-12.06088],[-77.039469,-12.064305],[-77.03935,-12.064466],[-77.039395,-12.064506],[-77.039451,-12.06461],[-77.039451,-12.064728],[-77.039395,-12.064833],[-77.039296,-12.064901],[-77.039176,-12.064915],[-77.039023,-12.064841],[-77.038637,-12.064773],[-77.036385,-12.064472],[-77.036349,-12.064456],[-77.036317,-12.064401],[-77.036324,-12.064312],[-77.036298,-12.064208],[-77.036246,-12.064152],[-77.036166,-12.064115],[-77.034101,-12.063831],[-77.03357,-12.065238],[-77.032061,-12.069459],[-77.030916,-12.072795],[-77.030602,-12.073419],[-77.030032,-12.074988],[-77.029617,-12.075876],[-77.029561,-12.07605],[-77.029481,-12.076482],[-77.029411,-12.076732],[-77.028964,-12.077735],[-77.028906,-12.077956],[-77.028809,-12.078617],[-77.028613,-12.08049],[-77.027728,-12.080369],[-77.02686,-12.08252],[-77.025597,-12.082309],[-77.02238,-12.081649],[-77.020916,-12.081371],[-77.020522,-12.081314],[-77.019863,-12.081298],[-77.019398,-12.081323],[-77.019121,-12.081369],[-77.018423,-12.081544],[-77.017265,-12.08201],[-77.013994,-12.083481],[-77.013312,-12.082021],[-77.013233,-12.082054]]}}]}