{"type":"FeatureCollection","features":[{"type":"Feature","properties":{"fuente":"OpenStreetMap 2026-10-02 (recorrido.py)","pasos":[{"accion":"inicio","via":"Carretera Panamericana Norte","m":40882},{"accion":"sigue","via":"Avenida Panamericana Norte","m":6864},{"accion":"sigue","via":"","m":396},{"accion":"rotonda","salida":3,"via":"Avenida 25 de Enero","m":183},{"accion":"sigue","via":"Avenida 25 de Enero","m":374},{"accion":"rotonda","salida":3,"via":"","m":181},{"accion":"sigue","via":"","m":389},{"accion":"sigue","via":"Avenida Panamericana Norte","m":3691},{"accion":"sigue","via":"Carretera Panamericana Norte","m":486},{"accion":"sigue","via":"","m":188},{"accion":"sigue","via":"Avenida Alfredo Mendiola","m":169},{"accion":"rotonda","salida":2,"via":"Avenida Alfredo Mendiola","m":64},{"accion":"sigue","via":"Avenida Alfredo Mendiola","m":376},{"accion":"sigue","via":"","m":152},{"accion":"sigue","via":"Avenida Alfredo Mendiola","m":268},{"accion":"sigue","via":"Carretera Panamericana Norte","m":413},{"accion":"sigue","via":"","m":174},{"accion":"sigue","via":"Avenida Panamericana Norte","m":182},{"accion":"rotonda","salida":2,"via":"Avenida Alfredo Mendiola","m":70},{"accion":"sigue","via":"Avenida Alfredo Mendiola","m":407},{"accion":"rotonda","salida":2,"via":"","m":79},{"accion":"sigue","via":"","m":333},{"accion":"sigue","via":"Carretera Panamericana Norte","m":1375},{"accion":"sigue","via":"Avenida Alfredo Mendiola","m":483},{"accion":"rotonda","salida":2,"via":"Avenida Alfredo Mendiola","m":91},{"accion":"sigue","via":"Avenida Alfredo Mendiola","m":82},{"accion":"sigue","via":"","m":229},{"accion":"sigue","via":"Vía de Evitamiento","m":1139},{"accion":"sigue","via":"","m":453},{"accion":"derecha","via":"Avenida Caquetá","m":50},{"accion":"sigue","via":"Avenida Alfonso Ugarte","m":2372},{"accion":"rotonda","salida":4,"via":"Avenida 9 de Diciembre","m":240},{"accion":"sigue","via":"Avenida 9 de Diciembre","m":340},{"accion":"sigue","via":"Avenida Paseo de la República","m":29},{"accion":"izquierda","via":"Avenida Almirante Miguel Grau","m":530},{"accion":"izquierda","via":"Avenida Iquitos","m":34},{"accion":"sigue","via":"Avenida Carlos Zavala","m":251},{"accion":"izquierda","via":"Jirón Leticia","m":14}],"sin_calle":2,"fuera":[248751,0]},"geometry":{"type":"LineString","coordinates":[[-76.516697,-10.49113],[-76.517356,-10.491327],[-76.517496,-10.490933],[-76.51818,-10.491009],[-76.518639,-10.491017],[-76.518866,-10.491],[-76.519075,-10.490911],[-76.519255,-10.490772],[-76.519452,-10.490656],[-76.520276,-10.49026],[-76.520426,-10.490107],[-76.520352,-10.489896],[-76.520559,-10.489812],[-76.520782,-10.489778],[-76.521198,-10.489599],[-76.521657,-10.48958],[-76.521883,-10.489538],[-76.522094,-10.489456],[-76.52245,-10.489173],[-76.522735,-10.488818],[-76.522919,-10.488702],[-76.524021,-10.488388],[-76.524453,-10.488234],[-76.525118,-10.488059],[-76.525961,-10.487702],[-76.527271,-10.486787],[-76.530109,-10.485302],[-76.530555,-10.485201],[-76.530781,-10.485172],[-76.531238,-10.48516],[-76.531427,-10.485048],[-76.531752,-10.484731],[-76.533047,-10.483793],[-76.534299,-10.482801],[-76.534487,-10.482678],[-76.534932,-10.482567],[-76.535157,-10.482562],[-76.535609,-10.482634],[-76.536754,-10.4827],[-76.537202,-10.482803],[-76.537884,-10.482889],[-76.538802,-10.482905],[-76.539011,-10.482979],[-76.539165,-10.483137],[-76.539289,-10.483327],[-76.539987,-10.484223],[-76.540169,-10.484361],[-76.540381,-10.484438],[-76.540827,-10.484543],[-76.54103,-10.484643],[-76.541213,-10.484778],[-76.541367,-10.484945],[-76.541643,-10.485303],[-76.542126,-10.485786],[-76.542804,-10.486395],[-76.543261,-10.486902],[-76.54442,-10.488585],[-76.544577,-10.488749],[-76.546187,-10.490025],[-76.546515,-10.490339],[-76.546825,-10.490944],[-76.546913,-10.491387],[-76.546989,-10.4916],[-76.547139,-10.491769],[-76.548041,-10.492465],[-76.548163,-10.492652],[-76.5483,-10.493084],[-76.548371,-10.493529],[-76.548439,-10.493743],[-76.548679,-10.494127],[-76.548756,-10.494334],[-76.548597,-10.494731],[-76.548689,-10.494933],[-76.548846,-10.495095],[-76.549027,-10.495233],[-76.549456,-10.495391],[-76.550571,-10.495654],[-76.5508,-10.49568],[-76.551258,-10.495676],[-76.551486,-10.495657],[-76.551932,-10.495551],[-76.55216,-10.495556],[-76.552389,-10.495576],[-76.552821,-10.495723],[-76.553218,-10.495949],[-76.553635,-10.496124],[-76.553796,-10.496284],[-76.55399,-10.4964],[-76.554138,-10.496566],[-76.554236,-10.496769],[-76.554612,-10.497332],[-76.556019,-10.498097],[-76.556236,-10.498166],[-76.55669,-10.498222],[-76.558068,-10.498248],[-76.559443,-10.498315],[-76.559664,-10.498274],[-76.560486,-10.497871],[-76.561088,-10.497543],[-76.561256,-10.497389],[-76.561446,-10.497266],[-76.562311,-10.496967],[-76.562936,-10.496681],[-76.563472,-10.496258],[-76.563877,-10.496044],[-76.564368,-10.495575],[-76.564572,-10.49547],[-76.565019,-10.495431],[-76.565201,-10.495313],[-76.565286,-10.495105],[-76.565419,-10.494925],[-76.565613,-10.494804],[-76.565974,-10.494525],[-76.5662,-10.494491],[-76.566423,-10.494537],[-76.566625,-10.494645],[-76.566999,-10.494905],[-76.567148,-10.495071],[-76.567263,-10.495258],[-76.567355,-10.495464],[-76.567628,-10.495828],[-76.567819,-10.495953],[-76.568031,-10.49604],[-76.568469,-10.496172],[-76.568924,-10.496217],[-76.569146,-10.496273],[-76.569828,-10.496284],[-76.570407,-10.496642],[-76.570615,-10.496738],[-76.571486,-10.497026],[-76.572543,-10.497466],[-76.572742,-10.497574],[-76.573652,-10.498263],[-76.574182,-10.498696],[-76.574755,-10.499072],[-76.574933,-10.499211],[-76.575083,-10.499382],[-76.576024,-10.500026],[-76.576319,-10.500372],[-76.576636,-10.500972],[-76.576794,-10.501134],[-76.577222,-10.501297],[-76.577827,-10.501619],[-76.57866,-10.502],[-76.579331,-10.502618],[-76.579698,-10.502889],[-76.580318,-10.503183],[-76.580674,-10.503464],[-76.581072,-10.503687],[-76.581795,-10.504244],[-76.581986,-10.504366],[-76.582636,-10.50459],[-76.582847,-10.504677],[-76.583251,-10.504889],[-76.583569,-10.505215],[-76.584306,-10.506081],[-76.584929,-10.506746],[-76.585116,-10.506848],[-76.585805,-10.506831],[-76.585952,-10.506981],[-76.586618,-10.508421],[-76.586725,-10.508602],[-76.587181,-10.508646],[-76.587396,-10.508713],[-76.587542,-10.508883],[-76.587748,-10.509287],[-76.587745,-10.509508],[-76.587585,-10.509929],[-76.587585,-10.510153],[-76.58775,-10.510811],[-76.587713,-10.511012],[-76.58758,-10.511196],[-76.587529,-10.51141],[-76.587555,-10.511634],[-76.587484,-10.511844],[-76.587321,-10.511996],[-76.586921,-10.512216],[-76.586067,-10.512972],[-76.585876,-10.513097],[-76.585677,-10.513208],[-76.585026,-10.513428],[-76.584826,-10.513531],[-76.584591,-10.513917],[-76.583943,-10.514849],[-76.582808,-10.516815],[-76.582625,-10.517227],[-76.582504,-10.51835],[-76.582528,-10.518575],[-76.5826,-10.518789],[-76.582847,-10.51917],[-76.583148,-10.519512],[-76.583502,-10.519796],[-76.583916,-10.519985],[-76.584141,-10.520009],[-76.584322,-10.520148],[-76.584736,-10.520335],[-76.585175,-10.520468],[-76.585625,-10.520556],[-76.586277,-10.520772],[-76.586503,-10.520812],[-76.58696,-10.520844],[-76.587407,-10.520943],[-76.588039,-10.521212],[-76.588839,-10.52165],[-76.589289,-10.52174],[-76.590427,-10.52189],[-76.590867,-10.522008],[-76.591555,-10.521989],[-76.591777,-10.522035],[-76.592169,-10.522269],[-76.592336,-10.522421],[-76.592543,-10.522824],[-76.592696,-10.523248],[-76.592816,-10.523438],[-76.593351,-10.523863],[-76.593922,-10.52424],[-76.594256,-10.524551],[-76.594685,-10.525079],[-76.595026,-10.52538],[-76.595209,-10.525513],[-76.595432,-10.52554],[-76.59566,-10.525518],[-76.595888,-10.525532],[-76.596797,-10.525651],[-76.597001,-10.525744],[-76.597138,-10.525921],[-76.597185,-10.526368],[-76.597171,-10.526819],[-76.597105,-10.527034],[-76.597137,-10.528164],[-76.597269,-10.528828],[-76.59737,-10.529499],[-76.597489,-10.529935],[-76.597687,-10.530818],[-76.597761,-10.531264],[-76.597849,-10.531472],[-76.597984,-10.531653],[-76.598172,-10.531782],[-76.599031,-10.532099],[-76.599192,-10.532257],[-76.599425,-10.532647],[-76.599829,-10.533194],[-76.599893,-10.533408],[-76.599886,-10.533633],[-76.599838,-10.533853],[-76.599139,-10.535525],[-76.599091,-10.535745],[-76.599092,-10.535971],[-76.599157,-10.536186],[-76.599388,-10.536577],[-76.599469,-10.536784],[-76.599513,-10.537005],[-76.599668,-10.537166],[-76.600042,-10.537428],[-76.600201,-10.53759],[-76.600393,-10.537695],[-76.601049,-10.537876],[-76.601226,-10.538016],[-76.601507,-10.538372],[-76.601675,-10.538526],[-76.601878,-10.53861],[-76.602332,-10.538588],[-76.602544,-10.538523],[-76.602772,-10.538539],[-76.603435,-10.538723],[-76.603834,-10.538946],[-76.604012,-10.539089],[-76.604225,-10.539123],[-76.60491,-10.539051],[-76.605077,-10.539191],[-76.605149,-10.539402],[-76.605032,-10.539594],[-76.604836,-10.539698],[-76.604618,-10.539636],[-76.60337,-10.539069],[-76.603151,-10.539096],[-76.603,-10.539256],[-76.602871,-10.53944],[-76.602665,-10.53952],[-76.602214,-10.539561],[-76.602007,-10.539473],[-76.60163,-10.539214],[-76.600942,-10.538615],[-76.600759,-10.538483],[-76.600542,-10.538411],[-76.600127,-10.538218],[-76.599434,-10.537629],[-76.598636,-10.537181],[-76.598416,-10.537129],[-76.598217,-10.53702],[-76.598051,-10.536864],[-76.597945,-10.536664],[-76.597816,-10.53623],[-76.597654,-10.536079],[-76.597214,-10.535963],[-76.597091,-10.535776],[-76.597051,-10.535555],[-76.597001,-10.534878],[-76.596902,-10.534679],[-76.596738,-10.534521],[-76.596549,-10.534394],[-76.595766,-10.533922],[-76.595672,-10.53373],[-76.595682,-10.533505],[-76.595768,-10.533296],[-76.595913,-10.533122],[-76.596085,-10.532972],[-76.596143,-10.532767],[-76.595944,-10.532119],[-76.595921,-10.531895],[-76.59597,-10.531446],[-76.595923,-10.531227],[-76.595777,-10.530799],[-76.595572,-10.530396],[-76.595211,-10.529821],[-76.594881,-10.529507],[-76.594512,-10.529238],[-76.594174,-10.528933],[-76.593897,-10.528573],[-76.593275,-10.527909],[-76.593098,-10.527767],[-76.592883,-10.527702],[-76.592663,-10.52775],[-76.592508,-10.527912],[-76.592226,-10.528267],[-76.592129,-10.52847],[-76.592063,-10.528687],[-76.592034,-10.52891],[-76.592068,-10.529132],[-76.592308,-10.529768],[-76.592367,-10.529983],[-76.592383,-10.530209],[-76.592355,-10.53043],[-76.592121,-10.530817],[-76.591912,-10.532376],[-76.591678,-10.532762],[-76.591495,-10.532892],[-76.590599,-10.533083],[-76.59037,-10.533096],[-76.589917,-10.533042],[-76.589688,-10.533036],[-76.589263,-10.533199],[-76.58904,-10.533251],[-76.588813,-10.533275],[-76.588598,-10.533232],[-76.588171,-10.532441],[-76.587962,-10.532359],[-76.587733,-10.532342],[-76.58751,-10.532392],[-76.5873,-10.532481],[-76.587158,-10.532656],[-76.587044,-10.532852],[-76.587013,-10.533071],[-76.587132,-10.533257],[-76.587341,-10.533332],[-76.587799,-10.533363],[-76.588025,-10.5334],[-76.588243,-10.533468],[-76.588878,-10.533731],[-76.589461,-10.534091],[-76.589662,-10.534192],[-76.590118,-10.534228],[-76.591216,-10.534555],[-76.591443,-10.534585],[-76.592111,-10.53475],[-76.59234,-10.534771],[-76.592562,-10.534737],[-76.592748,-10.534609],[-76.592851,-10.534409],[-76.593012,-10.534261],[-76.593235,-10.534234],[-76.593383,-10.534402],[-76.593412,-10.534622],[-76.59338,-10.535073],[-76.593399,-10.535751],[-76.593353,-10.53597],[-76.593012,-10.53656],[-76.592932,-10.536769],[-76.592918,-10.536992],[-76.593008,-10.537197],[-76.593147,-10.537376],[-76.593362,-10.537449],[-76.593587,-10.537495],[-76.593816,-10.5375],[-76.594258,-10.537431],[-76.594449,-10.537548],[-76.59506,-10.538219],[-76.595021,-10.538433],[-76.594846,-10.538374],[-76.594735,-10.538177],[-76.5946,-10.537997],[-76.594441,-10.537834],[-76.594257,-10.537709],[-76.593802,-10.537717],[-76.593127,-10.537848],[-76.592686,-10.537968],[-76.592461,-10.537943],[-76.592258,-10.537838],[-76.592155,-10.537647],[-76.592455,-10.536801],[-76.592489,-10.536577],[-76.592492,-10.536352],[-76.59235,-10.536206],[-76.592129,-10.536217],[-76.591322,-10.536649],[-76.590647,-10.536749],[-76.588873,-10.537219],[-76.588658,-10.537293],[-76.588478,-10.537426],[-76.588337,-10.537604],[-76.587971,-10.538179],[-76.587891,-10.538388],[-76.587792,-10.538829],[-76.587712,-10.539037],[-76.587575,-10.539218],[-76.587395,-10.539353],[-76.58719,-10.539454],[-76.586972,-10.539518],[-76.586299,-10.539639],[-76.585637,-10.539824],[-76.585445,-10.539939],[-76.585116,-10.540253],[-76.585027,-10.54046],[-76.58505,-10.540683],[-76.58523,-10.541095],[-76.585295,-10.541312],[-76.585385,-10.54152],[-76.585624,-10.541903],[-76.585688,-10.542117],[-76.58569,-10.542342],[-76.585654,-10.542563],[-76.585102,-10.543273],[-76.584935,-10.543427],[-76.584743,-10.543549],[-76.584568,-10.543692],[-76.584507,-10.543902],[-76.584587,-10.544107],[-76.584717,-10.544293],[-76.5848,-10.544501],[-76.584757,-10.544718],[-76.584442,-10.545319],[-76.584356,-10.545527],[-76.584119,-10.545915],[-76.584026,-10.546121],[-76.58398,-10.546338],[-76.584149,-10.546452],[-76.584365,-10.5464],[-76.584438,-10.546193],[-76.584431,-10.545967],[-76.584474,-10.545746],[-76.584563,-10.545539],[-76.585072,-10.544788],[-76.585465,-10.543972],[-76.585638,-10.543829],[-76.586241,-10.543506],[-76.586422,-10.543368],[-76.586554,-10.543185],[-76.586882,-10.542589],[-76.58695,-10.542375],[-76.587,-10.542155],[-76.58701,-10.541251],[-76.587164,-10.54111],[-76.587374,-10.541177],[-76.587466,-10.541367],[-76.587439,-10.541591],[-76.587329,-10.542027],[-76.587261,-10.542474],[-76.587103,-10.543134],[-76.587039,-10.54358],[-76.586716,-10.544179],[-76.586224,-10.544941],[-76.585933,-10.545553],[-76.585902,-10.545777],[-76.585936,-10.546228],[-76.585867,-10.546672],[-76.585787,-10.546884],[-76.585662,-10.547072],[-76.585473,-10.547482],[-76.585065,-10.548026],[-76.58412,-10.549576],[-76.583969,-10.549744],[-76.583895,-10.549956],[-76.583757,-10.550134],[-76.583668,-10.550343],[-76.583195,-10.551117],[-76.582779,-10.551657],[-76.582396,-10.551904],[-76.58222,-10.552046],[-76.582133,-10.552248],[-76.582151,-10.552473],[-76.58224,-10.552672],[-76.582358,-10.552865],[-76.582465,-10.553533],[-76.582525,-10.55375],[-76.582527,-10.553974],[-76.582445,-10.554178],[-76.582323,-10.55437],[-76.582063,-10.554998],[-76.581776,-10.555344],[-76.581331,-10.556135],[-76.581247,-10.556344],[-76.581205,-10.556562],[-76.581222,-10.556788],[-76.581266,-10.557007],[-76.581205,-10.557217],[-76.580558,-10.558147],[-76.580389,-10.5583],[-76.580245,-10.558473],[-76.580142,-10.558671],[-76.580198,-10.559119],[-76.580313,-10.559556],[-76.580322,-10.55978],[-76.580197,-10.559957],[-76.580011,-10.560089],[-76.57985,-10.56025],[-76.579789,-10.560463],[-76.57973,-10.560911],[-76.579724,-10.56136],[-76.579682,-10.561581],[-76.579697,-10.561806],[-76.579757,-10.562024],[-76.579784,-10.562248],[-76.579777,-10.562473],[-76.579737,-10.562923],[-76.57956,-10.563811],[-76.579552,-10.564037],[-76.579592,-10.564258],[-76.579619,-10.564709],[-76.579758,-10.565138],[-76.579835,-10.565812],[-76.580116,-10.566671],[-76.580163,-10.566891],[-76.58021,-10.567341],[-76.580267,-10.567558],[-76.580583,-10.56816],[-76.580733,-10.56833],[-76.580858,-10.568518],[-76.58108,-10.568914],[-76.581418,-10.569754],[-76.581532,-10.56995],[-76.581619,-10.570157],[-76.581777,-10.570581],[-76.581848,-10.570795],[-76.581855,-10.571018],[-76.581778,-10.571226],[-76.580192,-10.573714],[-76.580105,-10.573924],[-76.580066,-10.574145],[-76.580117,-10.574362],[-76.580269,-10.57453],[-76.580398,-10.574717],[-76.58056,-10.574876],[-76.580686,-10.575065],[-76.581044,-10.575897],[-76.581241,-10.576546],[-76.581875,-10.577749],[-76.582317,-10.579033],[-76.582747,-10.580558],[-76.582853,-10.580755],[-76.583037,-10.580878],[-76.583875,-10.581245],[-76.584067,-10.581368],[-76.584198,-10.581551],[-76.584237,-10.581772],[-76.584223,-10.581998],[-76.584003,-10.582874],[-76.583971,-10.583324],[-76.583784,-10.584666],[-76.583829,-10.584885],[-76.584089,-10.585513],[-76.584432,-10.5861],[-76.584818,-10.586921],[-76.584892,-10.587134],[-76.585117,-10.588011],[-76.585305,-10.589125],[-76.585388,-10.589335],[-76.585436,-10.589556],[-76.585459,-10.590233],[-76.585501,-10.590452],[-76.585888,-10.591516],[-76.585985,-10.591721],[-76.586052,-10.591936],[-76.586089,-10.592159],[-76.586079,-10.592607],[-76.58595,-10.592792],[-76.585214,-10.593331],[-76.585009,-10.593381],[-76.584805,-10.593286],[-76.584052,-10.592769],[-76.58383,-10.592726],[-76.583154,-10.592844],[-76.582713,-10.592967],[-76.582502,-10.593051],[-76.582375,-10.593238],[-76.582247,-10.593672],[-76.582232,-10.593891],[-76.582454,-10.594532],[-76.582549,-10.594737],[-76.582542,-10.594956],[-76.582426,-10.595394],[-76.582361,-10.595841],[-76.582396,-10.596056],[-76.582583,-10.596172],[-76.583254,-10.596321],[-76.583417,-10.596472],[-76.583502,-10.59668],[-76.5836,-10.597121],[-76.583559,-10.59757],[-76.583487,-10.597784],[-76.583279,-10.598665],[-76.583261,-10.59889],[-76.58331,-10.59911],[-76.583295,-10.599329],[-76.58323,-10.599534],[-76.583281,-10.599752],[-76.584197,-10.601575],[-76.584538,-10.602654],[-76.584614,-10.603552],[-76.584737,-10.60373],[-76.584884,-10.603894],[-76.58492,-10.604115],[-76.584623,-10.605204],[-76.584582,-10.605426],[-76.584592,-10.605649],[-76.58467,-10.605861],[-76.584707,-10.606083],[-76.584664,-10.606533],[-76.584835,-10.606948],[-76.584896,-10.607164],[-76.58491,-10.607842],[-76.58501,-10.608282],[-76.585074,-10.608499],[-76.585329,-10.609129],[-76.585462,-10.609562],[-76.585912,-10.610075],[-76.586026,-10.610269],[-76.586148,-10.610702],[-76.586127,-10.611154],[-76.586151,-10.611373],[-76.586253,-10.611575],[-76.58637,-10.611767],[-76.586741,-10.61203],[-76.587264,-10.612738],[-76.587436,-10.612886],[-76.587583,-10.61306],[-76.587686,-10.613255],[-76.58771,-10.613477],[-76.587585,-10.613642],[-76.587356,-10.613641],[-76.587235,-10.613468],[-76.58718,-10.613249],[-76.587025,-10.612824],[-76.586758,-10.612455],[-76.586577,-10.612319],[-76.586356,-10.61226],[-76.586127,-10.612256],[-76.58595,-10.612151],[-76.585849,-10.611948],[-76.585701,-10.611776],[-76.585512,-10.611367],[-76.585214,-10.611026],[-76.585111,-10.610831],[-76.585048,-10.610615],[-76.584889,-10.610462],[-76.584683,-10.610364],[-76.584464,-10.610303],[-76.584311,-10.610447],[-76.58421,-10.61157],[-76.58421,-10.612022],[-76.58418,-10.612473],[-76.58419,-10.612925],[-76.584014,-10.613574],[-76.584069,-10.613783],[-76.584208,-10.613963],[-76.584366,-10.614123],[-76.584566,-10.614225],[-76.584765,-10.61413],[-76.584889,-10.613944],[-76.584922,-10.613722],[-76.585017,-10.613532],[-76.585227,-10.613544],[-76.585418,-10.613669],[-76.585577,-10.613827],[-76.585947,-10.614396],[-76.586402,-10.615914],[-76.586487,-10.616123],[-76.586607,-10.616316],[-76.587239,-10.616579],[-76.587673,-10.616711],[-76.587872,-10.616821],[-76.588037,-10.616979],[-76.588441,-10.617524],[-76.588459,-10.617749],[-76.588409,-10.618199],[-76.588443,-10.618418],[-76.588605,-10.618573],[-76.589575,-10.619176],[-76.589686,-10.619372],[-76.589742,-10.619591],[-76.589839,-10.619785],[-76.590041,-10.619869],[-76.590268,-10.619858],[-76.590493,-10.619815],[-76.590715,-10.619757],[-76.5911,-10.619517],[-76.591322,-10.619477],[-76.591547,-10.619522],[-76.592167,-10.619814],[-76.592355,-10.61994],[-76.592504,-10.620113],[-76.592903,-10.620334],[-76.593561,-10.62048],[-76.593764,-10.620387],[-76.594156,-10.620151],[-76.59428,-10.619501],[-76.594683,-10.619285],[-76.594898,-10.619206],[-76.595027,-10.619035],[-76.595013,-10.61881],[-76.595071,-10.6186],[-76.595261,-10.618484],[-76.595672,-10.618283],[-76.595852,-10.618143],[-76.596178,-10.617826],[-76.596371,-10.617704],[-76.596773,-10.617487],[-76.596986,-10.617402],[-76.597213,-10.617431],[-76.597615,-10.617638],[-76.597833,-10.617708],[-76.598292,-10.617694],[-76.598519,-10.617712],[-76.598739,-10.617768],[-76.598926,-10.617896],[-76.599068,-10.618071],[-76.599177,-10.61827],[-76.599317,-10.618447],[-76.599541,-10.618445],[-76.599689,-10.618292],[-76.599683,-10.617845],[-76.599738,-10.617642],[-76.599942,-10.61757],[-76.600148,-10.617656],[-76.600313,-10.617811],[-76.600586,-10.61843],[-76.600697,-10.618628],[-76.601032,-10.618932],[-76.601235,-10.619023],[-76.601463,-10.619011],[-76.601612,-10.61885],[-76.601945,-10.618008],[-76.602007,-10.61779],[-76.601946,-10.617343],[-76.601891,-10.616668],[-76.60191,-10.616445],[-76.602126,-10.615802],[-76.602173,-10.615581],[-76.602192,-10.615356],[-76.602163,-10.615138],[-76.601835,-10.614544],[-76.601782,-10.614328],[-76.601789,-10.614102],[-76.601761,-10.613651],[-76.601768,-10.613425],[-76.601868,-10.613237],[-76.602038,-10.613088],[-76.602639,-10.612759],[-76.602867,-10.61273],[-76.603096,-10.612737],[-76.603319,-10.612778],[-76.603737,-10.612964],[-76.603917,-10.613101],[-76.604023,-10.61329],[-76.604046,-10.61374],[-76.604139,-10.613938],[-76.604508,-10.614207],[-76.604677,-10.61436],[-76.604785,-10.614556],[-76.604833,-10.614775],[-76.604937,-10.614952],[-76.605138,-10.615058],[-76.60559,-10.615124],[-76.605809,-10.615089],[-76.60596,-10.614919],[-76.606085,-10.614729],[-76.606242,-10.614568],[-76.606452,-10.614499],[-76.606674,-10.614536],[-76.60688,-10.614635],[-76.607051,-10.614786],[-76.607186,-10.614966],[-76.607398,-10.615366],[-76.607567,-10.615495],[-76.607793,-10.61553],[-76.608021,-10.615555],[-76.60825,-10.615552],[-76.608453,-10.615458],[-76.609012,-10.615061],[-76.609213,-10.614954],[-76.609433,-10.614916],[-76.610083,-10.615129],[-76.610308,-10.61516],[-76.610538,-10.61516],[-76.610988,-10.615076],[-76.611203,-10.614997],[-76.611399,-10.614885],[-76.611576,-10.614741],[-76.611785,-10.614649],[-76.612014,-10.614627],[-76.61222,-10.614539],[-76.612592,-10.613712],[-76.613062,-10.612937],[-76.613301,-10.612303],[-76.613441,-10.612124],[-76.613634,-10.612004],[-76.613861,-10.612006],[-76.614081,-10.612071],[-76.61431,-10.612091],[-76.614767,-10.612066],[-76.615196,-10.611912],[-76.615368,-10.611762],[-76.615455,-10.611558],[-76.615493,-10.611107],[-76.615541,-10.610886],[-76.615627,-10.610683],[-76.615923,-10.610338],[-76.616108,-10.610204],[-76.616311,-10.610109],[-76.616536,-10.610074],[-76.616764,-10.610096],[-76.616948,-10.610223],[-76.617167,-10.61025],[-76.617626,-10.610256],[-76.617805,-10.610347],[-76.617908,-10.610548],[-76.61826,-10.610825],[-76.618362,-10.61102],[-76.618565,-10.611118],[-76.618789,-10.611118],[-76.619218,-10.610955],[-76.61944,-10.610927],[-76.619649,-10.611014],[-76.620113,-10.611513],[-76.620292,-10.611652],[-76.620684,-10.611888],[-76.621101,-10.612073],[-76.621288,-10.612203],[-76.621523,-10.612591],[-76.621979,-10.613099],[-76.622432,-10.613169],[-76.622879,-10.613272],[-76.623099,-10.613335],[-76.623284,-10.613463],[-76.623459,-10.613609],[-76.623613,-10.613776],[-76.624471,-10.614837],[-76.624868,-10.615053],[-76.62531,-10.615573],[-76.625472,-10.615732],[-76.625651,-10.61587],[-76.625865,-10.61595],[-76.626095,-10.61595],[-76.627198,-10.615644],[-76.628115,-10.61565],[-76.628308,-10.615529],[-76.628479,-10.615381],[-76.629235,-10.61453],[-76.629437,-10.614443],[-76.629658,-10.614477],[-76.630098,-10.614606],[-76.630292,-10.614716],[-76.630415,-10.614902],[-76.630578,-10.615325],[-76.630682,-10.615526],[-76.630801,-10.615719],[-76.631098,-10.616064],[-76.63135,-10.61644],[-76.631701,-10.616731],[-76.632094,-10.616965],[-76.632298,-10.617068],[-76.632514,-10.617144],[-76.632741,-10.617156],[-76.632941,-10.617052],[-76.633089,-10.61688],[-76.633349,-10.616254],[-76.633407,-10.615581],[-76.633494,-10.615374],[-76.633885,-10.614555],[-76.634105,-10.614159],[-76.634256,-10.613991],[-76.634467,-10.613925],[-76.63467,-10.614006],[-76.634779,-10.6142],[-76.63492,-10.614629],[-76.635121,-10.614728],[-76.635201,-10.614934],[-76.635275,-10.61538],[-76.635289,-10.615606],[-76.635515,-10.615996],[-76.63563,-10.616432],[-76.635666,-10.616656],[-76.635541,-10.617087],[-76.635564,-10.617304],[-76.63574,-10.617392],[-76.635894,-10.616983],[-76.63612,-10.61659],[-76.636189,-10.616146],[-76.636149,-10.615924],[-76.636142,-10.615698],[-76.636298,-10.615043],[-76.636394,-10.614145],[-76.63648,-10.613935],[-76.636687,-10.613865],[-76.637832,-10.613876],[-76.638049,-10.613805],[-76.638213,-10.613647],[-76.638687,-10.612875],[-76.639074,-10.612315],[-76.639285,-10.611671],[-76.639553,-10.611046],[-76.639871,-10.610444],[-76.640268,-10.610231],[-76.640479,-10.610144],[-76.640701,-10.610085],[-76.640925,-10.610039],[-76.642065,-10.609902],[-76.642523,-10.609884],[-76.64275,-10.609905],[-76.642968,-10.609962],[-76.643347,-10.610529],[-76.643929,-10.611503],[-76.644074,-10.611664],[-76.644718,-10.611905],[-76.645151,-10.611765],[-76.645372,-10.611734],[-76.646051,-10.611845],[-76.646949,-10.612035],[-76.647862,-10.612114],[-76.650146,-10.611879],[-76.65129,-10.611788],[-76.651976,-10.611834],[-76.652886,-10.611955],[-76.653314,-10.612117],[-76.654135,-10.612523],[-76.655955,-10.613486],[-76.656143,-10.613615],[-76.656298,-10.61378],[-76.657317,-10.615004],[-76.657476,-10.615163],[-76.657684,-10.615248],[-76.657913,-10.615231],[-76.659661,-10.614678],[-76.659852,-10.614561],[-76.659979,-10.614377],[-76.660238,-10.61375],[-76.660636,-10.613196],[-76.661602,-10.612232],[-76.661692,-10.612029],[-76.661696,-10.611803],[-76.661653,-10.611353],[-76.661667,-10.611128],[-76.661726,-10.610915],[-76.661845,-10.610721],[-76.662149,-10.610384],[-76.662721,-10.610007],[-76.662922,-10.609897],[-76.663823,-10.609767],[-76.664,-10.609631],[-76.664128,-10.609443],[-76.664307,-10.609316],[-76.66453,-10.609351],[-76.664732,-10.609458],[-76.664948,-10.609536],[-76.665344,-10.609762],[-76.666238,-10.609963],[-76.666397,-10.610116],[-76.666491,-10.610321],[-76.666602,-10.610759],[-76.66678,-10.611173],[-76.666962,-10.611299],[-76.667187,-10.611328],[-76.66764,-10.611284],[-76.668315,-10.611419],[-76.66853,-10.611368],[-76.668905,-10.611107],[-76.669041,-10.610927],[-76.669248,-10.610524],[-76.669307,-10.610077],[-76.66929,-10.609856],[-76.669199,-10.609652],[-76.669064,-10.609469],[-76.669071,-10.609248],[-76.669179,-10.609049],[-76.669549,-10.608786],[-76.669721,-10.608636],[-76.670034,-10.608306],[-76.670215,-10.608167],[-76.67099,-10.607682],[-76.671394,-10.607466],[-76.671607,-10.607386],[-76.672266,-10.60719],[-76.672709,-10.607088],[-76.672903,-10.606967],[-76.67305,-10.606797],[-76.673256,-10.606393],[-76.673413,-10.606231],[-76.673621,-10.606157],[-76.673847,-10.606122],[-76.674062,-10.606183],[-76.674357,-10.60652],[-76.674734,-10.606779],[-76.674936,-10.606878],[-76.675654,-10.607759],[-76.675762,-10.607957],[-76.675837,-10.608171],[-76.67627,-10.608698],[-76.676453,-10.608824],[-76.676678,-10.60885],[-76.677101,-10.609017],[-76.677321,-10.60908],[-76.677742,-10.609261],[-76.678729,-10.609837],[-76.679144,-10.610024],[-76.679269,-10.610202],[-76.679493,-10.610595],[-76.679531,-10.610817],[-76.679516,-10.611264],[-76.679422,-10.61147],[-76.679185,-10.611852],[-76.679211,-10.612074],[-76.679293,-10.612283],[-76.679343,-10.612959],[-76.679403,-10.613176],[-76.679509,-10.613375],[-76.679674,-10.613416],[-76.679642,-10.613206],[-76.679535,-10.613005],[-76.679517,-10.612789],[-76.679566,-10.612339],[-76.679538,-10.611898],[-76.679665,-10.611962],[-76.679699,-10.612413],[-76.679769,-10.612859],[-76.679866,-10.613055],[-76.680008,-10.612975],[-76.67991,-10.61277],[-76.679866,-10.612552],[-76.679891,-10.612327],[-76.679873,-10.612104],[-76.679897,-10.611885],[-76.68006,-10.611975],[-76.680096,-10.612197],[-76.680089,-10.612422],[-76.680126,-10.612635],[-76.680264,-10.612813],[-76.68045,-10.612941],[-76.680672,-10.61299],[-76.681132,-10.61299],[-76.681573,-10.612878],[-76.681802,-10.612861],[-76.682027,-10.612901],[-76.682235,-10.612993],[-76.682408,-10.613139],[-76.682559,-10.61331],[-76.682803,-10.61369],[-76.683112,-10.614024],[-76.683282,-10.614176],[-76.683562,-10.614532],[-76.683482,-10.614959],[-76.683531,-10.615177],[-76.683703,-10.615223],[-76.683739,-10.615006],[-76.683733,-10.614554],[-76.683706,-10.614334],[-76.683598,-10.614134],[-76.683019,-10.613434],[-76.682538,-10.612665],[-76.682396,-10.612487],[-76.682202,-10.612368],[-76.681762,-10.612243],[-76.681565,-10.61213],[-76.681497,-10.611924],[-76.68149,-10.611698],[-76.681622,-10.611542],[-76.681678,-10.611959],[-76.681845,-10.612057],[-76.681849,-10.611644],[-76.682017,-10.611495],[-76.682232,-10.611421],[-76.68269,-10.61144],[-76.683125,-10.611313],[-76.68325,-10.61113],[-76.683234,-10.610905],[-76.683337,-10.610722],[-76.683443,-10.610904],[-76.683451,-10.611354],[-76.683614,-10.611774],[-76.68374,-10.611957],[-76.683926,-10.612087],[-76.684324,-10.612311],[-76.68454,-10.612385],[-76.684765,-10.612378],[-76.685174,-10.612178],[-76.685391,-10.612104],[-76.685804,-10.611908],[-76.68598,-10.611766],[-76.686282,-10.611426],[-76.686487,-10.611024],[-76.68652,-10.610801],[-76.686466,-10.610587],[-76.686383,-10.610377],[-76.686367,-10.610157],[-76.686426,-10.609941],[-76.686692,-10.609574],[-76.687141,-10.609063],[-76.687491,-10.608228],[-76.687648,-10.608064],[-76.688371,-10.60751],[-76.688814,-10.606992],[-76.688929,-10.606801],[-76.68899,-10.606585],[-76.68892,-10.605004],[-76.68893,-10.604326],[-76.689042,-10.604144],[-76.689268,-10.604104],[-76.689723,-10.604159],[-76.689847,-10.604346],[-76.689919,-10.604792],[-76.689902,-10.605469],[-76.689927,-10.607051],[-76.689911,-10.607955],[-76.689861,-10.608858],[-76.689896,-10.609762],[-76.689882,-10.610439],[-76.689906,-10.610664],[-76.689958,-10.610883],[-76.690047,-10.611091],[-76.690436,-10.611649],[-76.690546,-10.611847],[-76.690592,-10.612064],[-76.69055,-10.612281],[-76.690459,-10.612488],[-76.689881,-10.613464],[-76.689396,-10.614231],[-76.689282,-10.614899],[-76.689307,-10.615124],[-76.689384,-10.615336],[-76.689382,-10.615561],[-76.689285,-10.616001],[-76.689261,-10.616678],[-76.689306,-10.616898],[-76.689449,-10.617057],[-76.689655,-10.617118],[-76.690111,-10.617061],[-76.690255,-10.616891],[-76.690318,-10.616444],[-76.690735,-10.615915],[-76.690916,-10.6158],[-76.691099,-10.615896],[-76.691219,-10.616088],[-76.691625,-10.616899],[-76.69179,-10.617318],[-76.691905,-10.617514],[-76.692025,-10.617944],[-76.692225,-10.618023],[-76.692452,-10.618058],[-76.692679,-10.618068],[-76.693133,-10.618018],[-76.693357,-10.618063],[-76.693789,-10.618215],[-76.694419,-10.618489],[-76.694627,-10.618585],[-76.694794,-10.618722],[-76.69485,-10.618938],[-76.694851,-10.619164],[-76.694908,-10.619383],[-76.695072,-10.619803],[-76.695053,-10.620022],[-76.694855,-10.620429],[-76.694835,-10.620653],[-76.694855,-10.620878],[-76.694778,-10.62155],[-76.694772,-10.622002],[-76.694866,-10.622444],[-76.694858,-10.622663],[-76.694783,-10.622874],[-76.694655,-10.623061],[-76.694476,-10.623476],[-76.694262,-10.624355],[-76.69414,-10.625023],[-76.694121,-10.625701],[-76.694074,-10.626377],[-76.69407,-10.62683],[-76.694143,-10.627038],[-76.694385,-10.627422],[-76.694481,-10.627627],[-76.694522,-10.627842],[-76.694505,-10.628068],[-76.694412,-10.628269],[-76.694153,-10.628639],[-76.693981,-10.628788],[-76.693779,-10.628888],[-76.693562,-10.628962],[-76.693338,-10.629009],[-76.692659,-10.629119],[-76.692201,-10.629127],[-76.691993,-10.629203],[-76.691813,-10.629342],[-76.691599,-10.629741],[-76.691514,-10.629951],[-76.691466,-10.630171],[-76.691482,-10.630392],[-76.691593,-10.63083],[-76.691651,-10.631504],[-76.691667,-10.631955],[-76.691766,-10.632625],[-76.691753,-10.63285],[-76.691539,-10.633491],[-76.691545,-10.633715],[-76.691619,-10.633926],[-76.691732,-10.634123],[-76.692033,-10.634462],[-76.692088,-10.634673],[-76.692183,-10.634873],[-76.692336,-10.635039],[-76.692328,-10.635252],[-76.692169,-10.635676],[-76.692122,-10.635897],[-76.692042,-10.636108],[-76.691926,-10.636301],[-76.691605,-10.636622],[-76.691418,-10.636698],[-76.69125,-10.636555],[-76.691029,-10.636504],[-76.690886,-10.636622],[-76.691001,-10.636812],[-76.691286,-10.637153],[-76.69111,-10.637198],[-76.690728,-10.636954],[-76.69051,-10.636886],[-76.690317,-10.636972],[-76.690284,-10.637174],[-76.690442,-10.637329],[-76.690851,-10.637504],[-76.690751,-10.637622],[-76.690532,-10.637558],[-76.690324,-10.637586],[-76.690399,-10.637762],[-76.690598,-10.637874],[-76.690727,-10.638047],[-76.690648,-10.638492],[-76.690627,-10.639167],[-76.69064,-10.639393],[-76.690578,-10.640295],[-76.690478,-10.640497],[-76.690162,-10.640823],[-76.690026,-10.641002],[-76.69001,-10.641453],[-76.689973,-10.641674],[-76.689866,-10.64187],[-76.68966,-10.641961],[-76.689474,-10.642089],[-76.689318,-10.642255],[-76.688913,-10.642802],[-76.688624,-10.643417],[-76.688502,-10.643608],[-76.688291,-10.643696],[-76.687379,-10.643795],[-76.68715,-10.643788],[-76.686924,-10.643751],[-76.686485,-10.643623],[-76.686258,-10.643612],[-76.686033,-10.643649],[-76.68583,-10.643755],[-76.685725,-10.643943],[-76.685819,-10.644136],[-76.686034,-10.6442],[-76.686719,-10.644154],[-76.686947,-10.644179],[-76.68717,-10.644233],[-76.687373,-10.644323],[-76.68745,-10.644527],[-76.687442,-10.644753],[-76.687393,-10.644972],[-76.687299,-10.645177],[-76.68717,-10.645362],[-76.687011,-10.645526],[-76.686877,-10.645705],[-76.686733,-10.646134],[-76.68673,-10.646354],[-76.686831,-10.646555],[-76.6873,-10.647049],[-76.687691,-10.647608],[-76.687731,-10.64782],[-76.687673,-10.648037],[-76.687717,-10.648258],[-76.687839,-10.648449],[-76.68856,-10.649004],[-76.688767,-10.649102],[-76.68921,-10.64921],[-76.689862,-10.64943],[-76.690084,-10.649484],[-76.690542,-10.649518],[-76.690721,-10.649396],[-76.690852,-10.64921],[-76.690963,-10.649014],[-76.691025,-10.648797],[-76.691178,-10.648675],[-76.691304,-10.648829],[-76.691268,-10.649047],[-76.691104,-10.64947],[-76.690996,-10.649669],[-76.690833,-10.649821],[-76.69062,-10.649903],[-76.690165,-10.649936],[-76.689964,-10.650037],[-76.68986,-10.650231],[-76.690015,-10.650657],[-76.69015,-10.650838],[-76.690338,-10.650959],[-76.690789,-10.650903],[-76.691004,-10.650977],[-76.691183,-10.651113],[-76.691318,-10.651295],[-76.691451,-10.651724],[-76.69156,-10.651912],[-76.691712,-10.651797],[-76.691681,-10.651577],[-76.691614,-10.651361],[-76.691441,-10.650944],[-76.691649,-10.650306],[-76.691768,-10.650132],[-76.692157,-10.649894],[-76.69258,-10.649719],[-76.692981,-10.649499],[-76.693854,-10.64922],[-76.694284,-10.649061],[-76.694501,-10.649033],[-76.694618,-10.649203],[-76.694534,-10.649404],[-76.694193,-10.649706],[-76.694005,-10.649833],[-76.693796,-10.649779],[-76.693619,-10.649635],[-76.693403,-10.649617],[-76.69281,-10.649958],[-76.692665,-10.650129],[-76.692463,-10.650535],[-76.692492,-10.650737],[-76.692865,-10.651],[-76.693079,-10.65108],[-76.693287,-10.650992],[-76.693808,-10.65055],[-76.694005,-10.650453],[-76.694177,-10.650567],[-76.694116,-10.650773],[-76.693996,-10.650965],[-76.693431,-10.651676],[-76.693406,-10.651888],[-76.693581,-10.652019],[-76.693788,-10.652111],[-76.69436,-10.652484],[-76.694502,-10.652661],[-76.694728,-10.653055],[-76.694871,-10.653231],[-76.695058,-10.65335],[-76.695282,-10.653349],[-76.696733,-10.652668],[-76.696943,-10.652576],[-76.697163,-10.652518],[-76.697392,-10.652517],[-76.697619,-10.652545],[-76.69939,-10.65302],[-76.699586,-10.653132],[-76.699687,-10.653332],[-76.699726,-10.653554],[-76.699684,-10.654003],[-76.69977,-10.654204],[-76.700287,-10.65495],[-76.700366,-10.655162],[-76.700475,-10.655601],[-76.700581,-10.655798],[-76.700779,-10.655908],[-76.701002,-10.655943],[-76.701232,-10.655948],[-76.701447,-10.656011],[-76.701641,-10.656128],[-76.701802,-10.656288],[-76.701926,-10.656478],[-76.701991,-10.656694],[-76.702025,-10.657143],[-76.702193,-10.657072],[-76.702239,-10.656854],[-76.702131,-10.656414],[-76.702044,-10.656207],[-76.701894,-10.656039],[-76.701694,-10.65593],[-76.701278,-10.655739],[-76.700851,-10.655588],[-76.700748,-10.655395],[-76.700707,-10.655173],[-76.70073,-10.654723],[-76.700613,-10.654292],[-76.700619,-10.654066],[-76.70059,-10.653842],[-76.700519,-10.653627],[-76.70052,-10.65343],[-76.700693,-10.653489],[-76.700724,-10.653711],[-76.700928,-10.654592],[-76.700975,-10.655042],[-76.701105,-10.655214],[-76.701539,-10.65535],[-76.701937,-10.655569],[-76.702383,-10.655665],[-76.702573,-10.655788],[-76.702745,-10.655937],[-76.702847,-10.656127],[-76.702747,-10.656797],[-76.702701,-10.657018],[-76.702625,-10.65723],[-76.702492,-10.657414],[-76.702384,-10.657614],[-76.702321,-10.658059],[-76.70232,-10.658284],[-76.702258,-10.658499],[-76.701913,-10.658791],[-76.70161,-10.659127],[-76.701422,-10.659253],[-76.701213,-10.659345],[-76.700882,-10.659658],[-76.700748,-10.659839],[-76.700663,-10.660049],[-76.700612,-10.660268],[-76.70059,-10.660719],[-76.700679,-10.661391],[-76.70091,-10.662029],[-76.701136,-10.662421],[-76.701419,-10.662777],[-76.702022,-10.663459],[-76.702406,-10.664021],[-76.702743,-10.664613],[-76.703357,-10.665284],[-76.703516,-10.665446],[-76.704376,-10.666195],[-76.704684,-10.666526],[-76.705214,-10.666957],[-76.705414,-10.667066],[-76.705589,-10.667212],[-76.705911,-10.667533],[-76.706102,-10.667654],[-76.706975,-10.667936],[-76.707611,-10.668194],[-76.708066,-10.66824],[-76.708293,-10.668215],[-76.709154,-10.667906],[-76.709354,-10.667795],[-76.709538,-10.66766],[-76.709689,-10.667494],[-76.709779,-10.667287],[-76.709972,-10.666637],[-76.710136,-10.66651],[-76.710335,-10.666596],[-76.710376,-10.666813],[-76.710349,-10.667036],[-76.710069,-10.667897],[-76.709979,-10.668101],[-76.709696,-10.668457],[-76.70938,-10.668783],[-76.709355,-10.668989],[-76.709526,-10.669129],[-76.709741,-10.669202],[-76.709967,-10.669225],[-76.710196,-10.669214],[-76.71041,-10.66929],[-76.710449,-10.669506],[-76.710207,-10.670377],[-76.710114,-10.670819],[-76.709969,-10.67098],[-76.709765,-10.671083],[-76.709381,-10.671329],[-76.70916,-10.671341],[-76.708937,-10.671293],[-76.708722,-10.67136],[-76.707419,-10.672283],[-76.707268,-10.672449],[-76.707168,-10.672652],[-76.706675,-10.673414],[-76.706587,-10.673622],[-76.706534,-10.673842],[-76.706547,-10.674067],[-76.706578,-10.67429],[-76.706694,-10.674728],[-76.706801,-10.674928],[-76.706931,-10.675111],[-76.707092,-10.675272],[-76.707181,-10.675477],[-76.707199,-10.675702],[-76.707102,-10.675898],[-76.706941,-10.676053],[-76.706972,-10.676259],[-76.70717,-10.676239],[-76.707412,-10.675855],[-76.707456,-10.675637],[-76.707408,-10.675418],[-76.707218,-10.675009],[-76.707159,-10.674792],[-76.707134,-10.674567],[-76.707077,-10.674349],[-76.70699,-10.674141],[-76.707063,-10.673944],[-76.707238,-10.674006],[-76.70739,-10.674666],[-76.707461,-10.67488],[-76.707841,-10.675444],[-76.707905,-10.675657],[-76.70783,-10.67633],[-76.707784,-10.676549],[-76.70766,-10.676737],[-76.707504,-10.676899],[-76.707479,-10.677113],[-76.707672,-10.67719],[-76.707803,-10.677013],[-76.707961,-10.676588],[-76.708146,-10.675935],[-76.708179,-10.675712],[-76.708032,-10.67505],[-76.708004,-10.674827],[-76.708047,-10.673698],[-76.708104,-10.673482],[-76.708259,-10.673321],[-76.708483,-10.673288],[-76.708699,-10.673359],[-76.709268,-10.673738],[-76.709404,-10.673913],[-76.709425,-10.674135],[-76.709335,-10.675035],[-76.70934,-10.675261],[-76.709539,-10.675667],[-76.70961,-10.675882],[-76.70953,-10.676326],[-76.709525,-10.676551],[-76.709576,-10.676772],[-76.709658,-10.676983],[-76.709792,-10.677162],[-76.70997,-10.677301],[-76.71162,-10.678091],[-76.711808,-10.678221],[-76.712091,-10.67857],[-76.712256,-10.678728],[-76.712437,-10.678866],[-76.713054,-10.679164],[-76.713212,-10.679328],[-76.713346,-10.679507],[-76.713445,-10.679708],[-76.713604,-10.679867],[-76.714197,-10.680212],[-76.714521,-10.680531],[-76.7147,-10.680673],[-76.714912,-10.680759],[-76.715355,-10.680874],[-76.715811,-10.680922],[-76.716256,-10.681033],[-76.716707,-10.681112],[-76.717122,-10.681302],[-76.717507,-10.681547],[-76.717713,-10.681647],[-76.71836,-10.681877],[-76.718531,-10.682012],[-76.71843,-10.682168],[-76.71821,-10.682166],[-76.717406,-10.681731],[-76.717221,-10.681599],[-76.717067,-10.681435],[-76.716854,-10.681354],[-76.71663,-10.681306],[-76.71572,-10.681183],[-76.715261,-10.68118],[-76.714808,-10.681113],[-76.714608,-10.68101],[-76.714441,-10.680856],[-76.714056,-10.68061],[-76.713855,-10.680501],[-76.713426,-10.680342],[-76.713247,-10.680207],[-76.713119,-10.680019],[-76.712942,-10.679883],[-76.712722,-10.67988],[-76.712739,-10.68007],[-76.712942,-10.680175],[-76.713305,-10.68045],[-76.713904,-10.680783],[-76.714087,-10.680918],[-76.714401,-10.681249],[-76.714781,-10.6815],[-76.715607,-10.681886],[-76.716278,-10.682035],[-76.716903,-10.68232],[-76.717542,-10.682571],[-76.717738,-10.682685],[-76.718576,-10.683458],[-76.71873,-10.683625],[-76.718848,-10.683817],[-76.718923,-10.684029],[-76.71894,-10.684253],[-76.718883,-10.684471],[-76.718697,-10.684882],[-76.718744,-10.685097],[-76.718942,-10.68518],[-76.719121,-10.685062],[-76.719283,-10.684644],[-76.719432,-10.684478],[-76.719613,-10.68434],[-76.719826,-10.684281],[-76.720034,-10.684362],[-76.720663,-10.685016],[-76.720779,-10.685208],[-76.72086,-10.685419],[-76.720851,-10.685645],[-76.720748,-10.685842],[-76.720391,-10.686124],[-76.720341,-10.686327],[-76.72048,-10.686493],[-76.720681,-10.686601],[-76.720894,-10.686635],[-76.721093,-10.686529],[-76.722174,-10.68569],[-76.722388,-10.685616],[-76.722581,-10.685702],[-76.722522,-10.685908],[-76.722181,-10.686209],[-76.722028,-10.686376],[-76.721961,-10.686586],[-76.722119,-10.68673],[-76.72233,-10.68666],[-76.72251,-10.686519],[-76.722709,-10.68642],[-76.723167,-10.686434],[-76.723851,-10.686513],[-76.72406,-10.686598],[-76.724758,-10.687184],[-76.724959,-10.687294],[-76.725182,-10.687347],[-76.725638,-10.687392],[-76.726097,-10.687408],[-76.726785,-10.687381],[-76.727014,-10.687398],[-76.727466,-10.687471],[-76.728573,-10.687771],[-76.729716,-10.68787],[-76.729945,-10.687868],[-76.73017,-10.687831],[-76.730609,-10.6877],[-76.731517,-10.687577],[-76.731733,-10.6875],[-76.731936,-10.687397],[-76.732251,-10.687069],[-76.73244,-10.686944],[-76.732662,-10.686914],[-76.733114,-10.686994],[-76.734002,-10.687224],[-76.734218,-10.687297],[-76.734632,-10.687493],[-76.734847,-10.68757],[-76.735507,-10.687763],[-76.735956,-10.687857],[-76.736385,-10.688],[-76.736614,-10.688019],[-76.736927,-10.688329],[-76.737149,-10.688316],[-76.737344,-10.688205],[-76.737629,-10.687855],[-76.737803,-10.687709],[-76.738238,-10.687592],[-76.738415,-10.687454],[-76.738531,-10.687259],[-76.738676,-10.687086],[-76.738873,-10.686972],[-76.7393,-10.686806],[-76.739742,-10.686685],[-76.739971,-10.686688],[-76.740189,-10.686648],[-76.740655,-10.686154],[-76.740898,-10.685772],[-76.741202,-10.685434],[-76.741299,-10.685232],[-76.741452,-10.684805],[-76.741551,-10.684604],[-76.741701,-10.684434],[-76.742048,-10.68414],[-76.742835,-10.683675],[-76.743057,-10.683661],[-76.743254,-10.683772],[-76.743433,-10.683913],[-76.743644,-10.683988],[-76.743835,-10.683897],[-76.743924,-10.68369],[-76.744141,-10.682812],[-76.744237,-10.682607],[-76.744633,-10.682054],[-76.744865,-10.681665],[-76.745017,-10.681498],[-76.745204,-10.681367],[-76.745405,-10.681258],[-76.745631,-10.68127],[-76.746078,-10.681368],[-76.746305,-10.681383],[-76.746516,-10.681298],[-76.746704,-10.681169],[-76.746858,-10.681003],[-76.747103,-10.680626],[-76.747294,-10.680503],[-76.747734,-10.680379],[-76.748634,-10.680201],[-76.74885,-10.680126],[-76.749025,-10.679984],[-76.749125,-10.679782],[-76.749184,-10.679563],[-76.749309,-10.679375],[-76.749489,-10.679235],[-76.749685,-10.679118],[-76.749904,-10.67908],[-76.750126,-10.679105],[-76.75048,-10.679388],[-76.750695,-10.67937],[-76.750848,-10.679207],[-76.75123,-10.678643],[-76.751508,-10.678283],[-76.751679,-10.678141],[-76.751899,-10.678104],[-76.752127,-10.678115],[-76.752783,-10.678323],[-76.753227,-10.678437],[-76.753417,-10.678347],[-76.753413,-10.678138],[-76.753324,-10.677696],[-76.75334,-10.677471],[-76.753401,-10.677256],[-76.753496,-10.677051],[-76.753761,-10.676682],[-76.754056,-10.676335],[-76.754239,-10.67625],[-76.754346,-10.676429],[-76.754306,-10.67665],[-76.754125,-10.677065],[-76.7541,-10.677289],[-76.754138,-10.677509],[-76.754297,-10.677658],[-76.754522,-10.677703],[-76.754727,-10.677645],[-76.755289,-10.677253],[-76.755489,-10.677147],[-76.75566,-10.677],[-76.755802,-10.676823],[-76.75603,-10.676431],[-76.756377,-10.675595],[-76.756523,-10.675166],[-76.75669,-10.674509],[-76.756801,-10.674315],[-76.757069,-10.673948],[-76.757377,-10.673613],[-76.757807,-10.673457],[-76.758013,-10.67336],[-76.758196,-10.673225],[-76.758361,-10.673068],[-76.758764,-10.67252],[-76.759109,-10.672223],[-76.759656,-10.671811],[-76.760082,-10.671278],[-76.76089,-10.67018],[-76.761605,-10.669296],[-76.761806,-10.6692],[-76.762245,-10.669318],[-76.762664,-10.669504],[-76.763067,-10.66972],[-76.763828,-10.670223],[-76.764052,-10.670191],[-76.764262,-10.670101],[-76.765195,-10.669442],[-76.765394,-10.669329],[-76.765615,-10.669271],[-76.7663,-10.6692],[-76.76653,-10.6692],[-76.766756,-10.669228],[-76.767408,-10.669434],[-76.767636,-10.669434],[-76.768321,-10.669363],[-76.768765,-10.66925],[-76.76897,-10.669159],[-76.769095,-10.668975],[-76.769364,-10.668352],[-76.769511,-10.668181],[-76.76972,-10.6681],[-76.769793,-10.668269],[-76.769845,-10.668718],[-76.769761,-10.668874],[-76.76986,-10.668884],[-76.770024,-10.669305],[-76.769992,-10.669461],[-76.769383,-10.669778],[-76.769321,-10.669947],[-76.769553,-10.670586],[-76.769728,-10.670684],[-76.769923,-10.671091],[-76.769954,-10.671264],[-76.769729,-10.671296],[-76.769508,-10.671245],[-76.768644,-10.670945],[-76.768189,-10.670898],[-76.767974,-10.670819],[-76.767089,-10.67059],[-76.76686,-10.670594],[-76.766636,-10.670643],[-76.766469,-10.670792],[-76.765888,-10.672021],[-76.765478,-10.67283],[-76.765308,-10.673249],[-76.765217,-10.673692],[-76.765202,-10.673915],[-76.765336,-10.67406],[-76.765486,-10.673894],[-76.765578,-10.673691],[-76.765667,-10.673247],[-76.765764,-10.673046],[-76.765944,-10.672907],[-76.766156,-10.672826],[-76.766382,-10.672836],[-76.766593,-10.672919],[-76.769754,-10.67476],[-76.769981,-10.674768],[-76.770633,-10.674555],[-76.77132,-10.674578],[-76.772922,-10.674456],[-76.773799,-10.674187],[-76.774021,-10.674137],[-76.774479,-10.674156],[-76.774706,-10.674134],[-76.774909,-10.674031],[-76.775062,-10.673862],[-76.77519,-10.673675],[-76.775354,-10.67352],[-76.7763,-10.672878],[-76.776477,-10.672737],[-76.776942,-10.672238],[-76.777714,-10.671748],[-76.777919,-10.671646],[-76.778137,-10.671582],[-76.778365,-10.671572],[-76.779051,-10.671623],[-76.779276,-10.671587],[-76.779469,-10.671472],[-76.779605,-10.671294],[-76.779683,-10.671082],[-76.7797,-10.670859],[-76.77966,-10.670409],[-76.779694,-10.670187],[-76.779783,-10.66998],[-76.780623,-10.668372],[-76.781105,-10.667602],[-76.781249,-10.667428],[-76.781619,-10.667161],[-76.781787,-10.667013],[-76.781873,-10.666804],[-76.781955,-10.666359],[-76.78203,-10.666146],[-76.782141,-10.665951],[-76.782349,-10.665866],[-76.782578,-10.665845],[-76.78279,-10.66577],[-76.782918,-10.665586],[-76.783019,-10.665145],[-76.783036,-10.664923],[-76.782961,-10.664477],[-76.783061,-10.664286],[-76.783258,-10.664308],[-76.783388,-10.664492],[-76.783627,-10.665126],[-76.783644,-10.66535],[-76.783577,-10.665563],[-76.783155,-10.666097],[-76.783052,-10.666296],[-76.782982,-10.666512],[-76.782947,-10.666733],[-76.782904,-10.667862],[-76.782836,-10.668076],[-76.782557,-10.668434],[-76.782353,-10.668839],[-76.782273,-10.66905],[-76.782165,-10.66949],[-76.782021,-10.669919],[-76.7819,-10.670109],[-76.781583,-10.670435],[-76.781322,-10.670807],[-76.781215,-10.671006],[-76.78114,-10.671218],[-76.781103,-10.671441],[-76.781114,-10.672117],[-76.781078,-10.672568],[-76.78107,-10.67302],[-76.781079,-10.673246],[-76.78113,-10.673463],[-76.781265,-10.673644],[-76.781454,-10.673772],[-76.782052,-10.674109],[-76.78224,-10.674236],[-76.782392,-10.674403],[-76.78251,-10.674596],[-76.782598,-10.674805],[-76.782714,-10.675241],[-76.782705,-10.675463],[-76.782651,-10.675683],[-76.782627,-10.675905],[-76.782697,-10.676119],[-76.7831,-10.676667],[-76.783252,-10.676837],[-76.783362,-10.677033],[-76.783359,-10.677254],[-76.783302,-10.677472],[-76.783407,-10.677911],[-76.783393,-10.678363],[-76.783417,-10.678811],[-76.783397,-10.679036],[-76.783418,-10.679259],[-76.783638,-10.679654],[-76.78371,-10.679869],[-76.783761,-10.680318],[-76.783745,-10.680542],[-76.783589,-10.680965],[-76.782466,-10.682937],[-76.782184,-10.683554],[-76.781723,-10.684336],[-76.781652,-10.684549],[-76.781602,-10.68477],[-76.781585,-10.684994],[-76.78166,-10.685894],[-76.781612,-10.686343],[-76.781606,-10.686794],[-76.781638,-10.687018],[-76.781716,-10.68723],[-76.781853,-10.687407],[-76.782269,-10.687594],[-76.782491,-10.687649],[-76.783407,-10.687699],[-76.783866,-10.687684],[-76.78499,-10.687458],[-76.785907,-10.687451],[-76.786122,-10.687377],[-76.786318,-10.687261],[-76.787171,-10.686507],[-76.787364,-10.686389],[-76.787584,-10.686335],[-76.788724,-10.686199],[-76.792342,-10.685573],[-76.795045,-10.685052],[-76.795716,-10.685198],[-76.796173,-10.685152],[-76.796394,-10.685204],[-76.796749,-10.685489],[-76.796858,-10.68568],[-76.796864,-10.685904],[-76.796985,-10.686086],[-76.797198,-10.68616],[-76.797427,-10.686162],[-76.798015,-10.685816],[-76.798215,-10.685866],[-76.798242,-10.68608],[-76.798093,-10.686249],[-76.797886,-10.686343],[-76.797442,-10.686449],[-76.797344,-10.686629],[-76.797528,-10.686693],[-76.797736,-10.686599],[-76.797954,-10.686554],[-76.798172,-10.686625],[-76.798393,-10.686618],[-76.798595,-10.68651],[-76.799028,-10.686366],[-76.799366,-10.686064],[-76.799502,-10.685882],[-76.799572,-10.685667],[-76.799693,-10.685483],[-76.799891,-10.685533],[-76.799889,-10.685755],[-76.799813,-10.685962],[-76.7995,-10.686291],[-76.799241,-10.686663],[-76.799052,-10.686791],[-76.798975,-10.686983],[-76.799139,-10.687119],[-76.799327,-10.687023],[-76.79967,-10.686724],[-76.799804,-10.686541],[-76.799903,-10.686337],[-76.800229,-10.686019],[-76.800359,-10.685838],[-76.800446,-10.685629],[-76.800597,-10.68546],[-76.800805,-10.685369],[-76.801031,-10.685382],[-76.801922,-10.685592],[-76.802152,-10.685601],[-76.802355,-10.685695],[-76.802499,-10.68587],[-76.802675,-10.686012],[-76.802877,-10.686119],[-76.80356,-10.686209],[-76.803788,-10.686225],[-76.804016,-10.686204],[-76.804228,-10.686119],[-76.804624,-10.685893],[-76.80508,-10.685842],[-76.805538,-10.685868],[-76.805763,-10.68591],[-76.805972,-10.686001],[-76.806366,-10.68623],[-76.806807,-10.686352],[-76.807182,-10.686606],[-76.807389,-10.686702],[-76.808696,-10.687131],[-76.808895,-10.687237],[-76.809068,-10.687384],[-76.809154,-10.687586],[-76.809189,-10.687809],[-76.809256,-10.688025],[-76.809505,-10.688403],[-76.809637,-10.688588],[-76.809791,-10.688755],[-76.809962,-10.688904],[-76.810158,-10.689019],[-76.810587,-10.689179],[-76.810811,-10.689219],[-76.811269,-10.689191],[-76.811498,-10.689197],[-76.812178,-10.689299],[-76.812397,-10.689362],[-76.812996,-10.689694],[-76.813848,-10.690032],[-76.814037,-10.690157],[-76.814373,-10.690464],[-76.814942,-10.690844],[-76.815254,-10.691175],[-76.815527,-10.691539],[-76.815723,-10.691946],[-76.816281,-10.692662],[-76.816702,-10.693465],[-76.816823,-10.693656],[-76.817447,-10.694318],[-76.817739,-10.694666],[-76.818147,-10.694872],[-76.818792,-10.695111],[-76.819013,-10.695169],[-76.820595,-10.695444],[-76.821044,-10.695542],[-76.82126,-10.695616],[-76.822312,-10.696067],[-76.822925,-10.696377],[-76.8235,-10.69675],[-76.823709,-10.69684],[-76.823937,-10.696826],[-76.824159,-10.69677],[-76.824387,-10.696742],[-76.824613,-10.696772],[-76.825044,-10.696929],[-76.825253,-10.697018],[-76.825636,-10.697268],[-76.826279,-10.697501],[-76.826442,-10.697648],[-76.826624,-10.698058],[-76.826822,-10.698157],[-76.827278,-10.698208],[-76.8275,-10.698259],[-76.827714,-10.69834],[-76.827899,-10.698473],[-76.828064,-10.69863],[-76.828206,-10.698806],[-76.828718,-10.699557],[-76.829098,-10.70038],[-76.82921,-10.700577],[-76.829367,-10.700739],[-76.829739,-10.701002],[-76.829875,-10.701181],[-76.830064,-10.701831],[-76.83017,-10.702029],[-76.83035,-10.702169],[-76.830549,-10.702282],[-76.830696,-10.702441],[-76.830737,-10.702889],[-76.830782,-10.70311],[-76.830835,-10.70333],[-76.830987,-10.703757],[-76.831095,-10.703955],[-76.831404,-10.704289],[-76.831536,-10.704473],[-76.831774,-10.70486],[-76.831952,-10.705276],[-76.832176,-10.705917],[-76.832433,-10.706545],[-76.832458,-10.70677],[-76.83221,-10.707132],[-76.832236,-10.707355],[-76.832327,-10.707551],[-76.832527,-10.707654],[-76.833206,-10.70774],[-76.833417,-10.707829],[-76.833572,-10.707996],[-76.833748,-10.708137],[-76.834137,-10.708378],[-76.834301,-10.708531],[-76.834443,-10.708709],[-76.83449,-10.708927],[-76.83443,-10.709107],[-76.834239,-10.709227],[-76.834223,-10.709453],[-76.834316,-10.709653],[-76.834571,-10.710027],[-76.83457,-10.710239],[-76.834518,-10.710458],[-76.834574,-10.71067],[-76.834698,-10.710855],[-76.834863,-10.711013],[-76.834962,-10.711216],[-76.835094,-10.711392],[-76.836026,-10.712052],[-76.83653,-10.712514],[-76.837485,-10.713786],[-76.837957,-10.714279],[-76.838663,-10.714857],[-76.838849,-10.714987],[-76.839057,-10.715082],[-76.839243,-10.715211],[-76.839564,-10.715533],[-76.839962,-10.715755],[-76.840075,-10.715944],[-76.840167,-10.716387],[-76.840351,-10.7168],[-76.8405,-10.716967],[-76.840676,-10.717108],[-76.84078,-10.717305],[-76.84081,-10.717528],[-76.840774,-10.717745],[-76.840484,-10.71809],[-76.840393,-10.718297],[-76.840257,-10.718729],[-76.8402,-10.718947],[-76.840184,-10.719172],[-76.840215,-10.719394],[-76.840361,-10.719822],[-76.840658,-10.720434],[-76.840797,-10.720612],[-76.841898,-10.721764],[-76.84204,-10.72194],[-76.842269,-10.722332],[-76.842348,-10.722543],[-76.842394,-10.722764],[-76.842556,-10.724111],[-76.842614,-10.724327],[-76.842808,-10.724737],[-76.843927,-10.726711],[-76.844023,-10.726916],[-76.844151,-10.72735],[-76.844266,-10.727544],[-76.844543,-10.727901],[-76.84478,-10.728538],[-76.84482,-10.728759],[-76.844845,-10.72921],[-76.845057,-10.73055],[-76.845365,-10.731401],[-76.845513,-10.732292],[-76.845702,-10.732943],[-76.84573,-10.733167],[-76.845724,-10.733392],[-76.845657,-10.73384],[-76.84563,-10.73429],[-76.845693,-10.734735],[-76.845781,-10.734944],[-76.846139,-10.735523],[-76.846415,-10.735883],[-76.846583,-10.736038],[-76.846723,-10.736215],[-76.84679,-10.736428],[-76.846839,-10.737104],[-76.846915,-10.737313],[-76.847067,-10.73748],[-76.847424,-10.737763],[-76.847738,-10.738093],[-76.847884,-10.738266],[-76.848102,-10.738665],[-76.848244,-10.738841],[-76.84881,-10.739227],[-76.84897,-10.739387],[-76.849247,-10.739745],[-76.849635,-10.739984],[-76.850295,-10.740177],[-76.852038,-10.740747],[-76.852486,-10.740844],[-76.85317,-10.740883],[-76.853598,-10.741043],[-76.853805,-10.741142],[-76.853996,-10.741263],[-76.854155,-10.741425],[-76.854328,-10.741553],[-76.854461,-10.741412],[-76.8544,-10.741201],[-76.854255,-10.741027],[-76.854043,-10.740947],[-76.853819,-10.740908],[-76.85374,-10.740707],[-76.853925,-10.740611],[-76.854153,-10.740635],[-76.854373,-10.740696],[-76.854573,-10.740797],[-76.854737,-10.740955],[-76.854877,-10.741134],[-76.855019,-10.741562],[-76.855142,-10.741744],[-76.855341,-10.741743],[-76.855385,-10.741544],[-76.85527,-10.741353],[-76.855273,-10.741144],[-76.85547,-10.7411],[-76.855574,-10.741292],[-76.855622,-10.741513],[-76.855761,-10.741687],[-76.856102,-10.741984],[-76.856772,-10.742111],[-76.856881,-10.742303],[-76.856935,-10.742751],[-76.8571,-10.74317],[-76.857593,-10.743638],[-76.857917,-10.744236],[-76.858306,-10.744793],[-76.858368,-10.745009],[-76.858504,-10.745183],[-76.858899,-10.745411],[-76.859075,-10.745556],[-76.859224,-10.745728],[-76.859325,-10.745931],[-76.859627,-10.746267],[-76.859859,-10.746657],[-76.860028,-10.746803],[-76.860422,-10.74703],[-76.860644,-10.747085],[-76.860872,-10.747114],[-76.861329,-10.747134],[-76.861773,-10.74702],[-76.861999,-10.747009],[-76.862445,-10.747116],[-76.862903,-10.747147],[-76.863109,-10.747232],[-76.863214,-10.747428],[-76.863287,-10.747643],[-76.863493,-10.747733],[-76.863716,-10.747787],[-76.863799,-10.747982],[-76.86365,-10.74814],[-76.863425,-10.74817],[-76.8632,-10.748141],[-76.863034,-10.747995],[-76.862922,-10.747798],[-76.862725,-10.747739],[-76.862615,-10.747918],[-76.862699,-10.748126],[-76.862841,-10.748301],[-76.863029,-10.74843],[-76.863235,-10.74853],[-76.863455,-10.748592],[-76.863683,-10.748618],[-76.863862,-10.748739],[-76.863819,-10.748933],[-76.863611,-10.748976],[-76.8634,-10.748895],[-76.863219,-10.748756],[-76.862831,-10.748524],[-76.862663,-10.748657],[-76.862749,-10.748838],[-76.863105,-10.749123],[-76.863574,-10.749618],[-76.863649,-10.749829],[-76.863627,-10.750505],[-76.863591,-10.750727],[-76.863491,-10.750929],[-76.863328,-10.751084],[-76.862969,-10.751366],[-76.862821,-10.751535],[-76.862781,-10.751755],[-76.86279,-10.752433],[-76.862852,-10.753108],[-76.862919,-10.753555],[-76.862977,-10.754458],[-76.863081,-10.754897],[-76.863126,-10.755573],[-76.863177,-10.755791],[-76.863332,-10.756216],[-76.863356,-10.75644],[-76.863332,-10.756663],[-76.863234,-10.757105],[-76.862925,-10.757956],[-76.862463,-10.758738],[-76.862342,-10.759172],[-76.862321,-10.759397],[-76.862398,-10.759842],[-76.862408,-10.760066],[-76.862381,-10.760291],[-76.862073,-10.761379],[-76.862028,-10.762056],[-76.861921,-10.762953],[-76.861919,-10.763404],[-76.861693,-10.764513],[-76.861268,-10.765803],[-76.861066,-10.766209],[-76.860772,-10.766552],[-76.860559,-10.767197],[-76.860391,-10.767615],[-76.86036,-10.767839],[-76.860405,-10.768055],[-76.860486,-10.768266],[-76.860589,-10.768467],[-76.860971,-10.769031],[-76.86104,-10.76924],[-76.861039,-10.769692],[-76.861014,-10.769917],[-76.860867,-10.770577],[-76.860827,-10.771026],[-76.860872,-10.771248],[-76.861027,-10.771672],[-76.861001,-10.771896],[-76.860902,-10.772091],[-76.860629,-10.772454],[-76.86053,-10.772658],[-76.860475,-10.772873],[-76.860479,-10.773098],[-76.860526,-10.773316],[-76.86064,-10.773511],[-76.86105,-10.774056],[-76.861236,-10.774469],[-76.86127,-10.774691],[-76.861285,-10.775595],[-76.861332,-10.775815],[-76.861418,-10.776025],[-76.861538,-10.776217],[-76.861684,-10.776392],[-76.862206,-10.776833],[-76.86236,-10.777],[-76.862476,-10.777195],[-76.862614,-10.777372],[-76.863381,-10.777868],[-76.863723,-10.778168],[-76.863974,-10.778545],[-76.864118,-10.778721],[-76.864556,-10.779242],[-76.864733,-10.779383],[-76.865359,-10.779662],[-76.865743,-10.77991],[-76.865953,-10.77999],[-76.866411,-10.780006],[-76.86663,-10.78007],[-76.867058,-10.780234],[-76.867249,-10.780355],[-76.867393,-10.780529],[-76.868115,-10.781684],[-76.868231,-10.782118],[-76.868311,-10.78233],[-76.868656,-10.782916],[-76.868796,-10.783095],[-76.86897,-10.783243],[-76.869175,-10.783341],[-76.8694,-10.783383],[-76.869629,-10.783396],[-76.869827,-10.783491],[-76.869921,-10.783692],[-76.869984,-10.783909],[-76.870092,-10.784108],[-76.870504,-10.784651],[-76.870999,-10.785412],[-76.87103,-10.785633],[-76.87097,-10.786307],[-76.871025,-10.786526],[-76.871119,-10.786731],[-76.871254,-10.786912],[-76.871866,-10.787586],[-76.872365,-10.788052],[-76.872513,-10.788224],[-76.872648,-10.788407],[-76.872825,-10.788824],[-76.872945,-10.789016],[-76.873414,-10.789513],[-76.874029,-10.789809],[-76.874185,-10.789974],[-76.874305,-10.790167],[-76.874666,-10.790998],[-76.874878,-10.791398],[-76.874971,-10.791605],[-76.875113,-10.792035],[-76.875473,-10.792866],[-76.87561,-10.793297],[-76.875914,-10.793903],[-76.87597,-10.794121],[-76.875975,-10.794795],[-76.876149,-10.795211],[-76.876242,-10.795881],[-76.876466,-10.796521],[-76.877196,-10.79793],[-76.877249,-10.798149],[-76.877284,-10.798825],[-76.877438,-10.799248],[-76.877638,-10.799655],[-76.878118,-10.801401],[-76.878216,-10.801842],[-76.878187,-10.802065],[-76.87812,-10.802281],[-76.878012,-10.80248],[-76.877484,-10.80322],[-76.877367,-10.803414],[-76.877188,-10.803829],[-76.876913,-10.804927],[-76.876923,-10.805147],[-76.876858,-10.805364],[-76.876376,-10.806635],[-76.876318,-10.806853],[-76.876309,-10.807304],[-76.876283,-10.807528],[-76.875968,-10.808377],[-76.875909,-10.808595],[-76.875822,-10.810176],[-76.875629,-10.811059],[-76.875601,-10.81151],[-76.875655,-10.812413],[-76.875745,-10.813313],[-76.875738,-10.813764],[-76.875803,-10.813976],[-76.876049,-10.814358],[-76.876122,-10.814554],[-76.876916,-10.815008],[-76.877127,-10.815096],[-76.87781,-10.815149],[-76.878403,-10.815489],[-76.878554,-10.815653],[-76.878645,-10.815858],[-76.878784,-10.816289],[-76.878994,-10.817169],[-76.87937,-10.818474],[-76.879476,-10.818914],[-76.879551,-10.819126],[-76.879846,-10.819739],[-76.880704,-10.821337],[-76.880856,-10.821503],[-76.881207,-10.821795],[-76.882363,-10.822894],[-76.882958,-10.823583],[-76.883675,-10.824147],[-76.885421,-10.825612],[-76.885691,-10.825978],[-76.886162,-10.826472],[-76.886407,-10.826853],[-76.886501,-10.827059],[-76.886528,-10.827282],[-76.886531,-10.827732],[-76.886587,-10.827951],[-76.886661,-10.828162],[-76.886793,-10.828347],[-76.886887,-10.828553],[-76.887003,-10.828987],[-76.887111,-10.829184],[-76.887479,-10.82945],[-76.887827,-10.829746],[-76.887979,-10.829914],[-76.888117,-10.830094],[-76.888196,-10.830303],[-76.888106,-10.830742],[-76.888125,-10.831418],[-76.887982,-10.831846],[-76.887918,-10.832746],[-76.887969,-10.832965],[-76.888273,-10.833817],[-76.888418,-10.83448],[-76.888597,-10.834895],[-76.888721,-10.835083],[-76.888878,-10.835248],[-76.88941,-10.835679],[-76.889626,-10.835746],[-76.890077,-10.83583],[-76.890724,-10.836059],[-76.891167,-10.836177],[-76.891307,-10.836349],[-76.891454,-10.836777],[-76.891522,-10.836993],[-76.891566,-10.837443],[-76.891569,-10.837895],[-76.891345,-10.839917],[-76.891332,-10.840143],[-76.891411,-10.840587],[-76.891429,-10.840812],[-76.891376,-10.84126],[-76.891402,-10.841484],[-76.891664,-10.842108],[-76.892056,-10.84317],[-76.892123,-10.843387],[-76.892138,-10.843612],[-76.89232,-10.843712],[-76.892544,-10.843749],[-76.89323,-10.843804],[-76.89367,-10.843929],[-76.894488,-10.844337],[-76.894687,-10.844446],[-76.894872,-10.84458],[-76.895092,-10.844643],[-76.895509,-10.844829],[-76.895701,-10.844951],[-76.895982,-10.845305],[-76.896821,-10.845651],[-76.897216,-10.845882],[-76.897439,-10.845934],[-76.897897,-10.84595],[-76.898806,-10.845819],[-76.899247,-10.845701],[-76.899701,-10.845647],[-76.899924,-10.845691],[-76.90036,-10.845832],[-76.900584,-10.845838],[-76.901245,-10.845654],[-76.901473,-10.845633],[-76.90193,-10.845673],[-76.902113,-10.845796],[-76.902243,-10.845978],[-76.902303,-10.846195],[-76.902351,-10.84687],[-76.902433,-10.847081],[-76.902431,-10.847306],[-76.902599,-10.848195],[-76.902683,-10.848868],[-76.902772,-10.849311],[-76.902794,-10.849534],[-76.90275,-10.849981],[-76.902825,-10.850192],[-76.902951,-10.85038],[-76.903152,-10.85049],[-76.90333,-10.850622],[-76.903412,-10.850828],[-76.903443,-10.851052],[-76.903567,-10.851235],[-76.903943,-10.851494],[-76.904342,-10.851714],[-76.904644,-10.852055],[-76.904813,-10.852206],[-76.905004,-10.85233],[-76.905216,-10.852413],[-76.905444,-10.852435],[-76.905634,-10.852549],[-76.905786,-10.852715],[-76.906224,-10.852834],[-76.906996,-10.853323],[-76.908025,-10.853824],[-76.90861,-10.85418],[-76.90897,-10.854461],[-76.909121,-10.85463],[-76.909533,-10.855173],[-76.909868,-10.855765],[-76.91003,-10.855915],[-76.91086,-10.8563],[-76.911061,-10.856409],[-76.911245,-10.856541],[-76.9116,-10.857117],[-76.911766,-10.857273],[-76.912845,-10.858115],[-76.912981,-10.858295],[-76.913085,-10.85873],[-76.913187,-10.85893],[-76.913327,-10.859107],[-76.913504,-10.859251],[-76.914294,-10.859711],[-76.914502,-10.859804],[-76.914721,-10.85987],[-76.915175,-10.859924],[-76.915404,-10.859909],[-76.915851,-10.859805],[-76.916309,-10.859801],[-76.916518,-10.859729],[-76.917223,-10.859151],[-76.917612,-10.858913],[-76.917965,-10.858624],[-76.91876,-10.858174],[-76.919097,-10.857869],[-76.919862,-10.857029],[-76.920033,-10.856878],[-76.920407,-10.856618],[-76.920575,-10.856465],[-76.921261,-10.85529],[-76.921409,-10.85512],[-76.922422,-10.8542],[-76.922793,-10.853937],[-76.92359,-10.853132],[-76.923774,-10.852998],[-76.923983,-10.852905],[-76.924204,-10.85285],[-76.924419,-10.852893],[-76.924789,-10.853162],[-76.925594,-10.853967],[-76.925802,-10.854058],[-76.926474,-10.854203],[-76.926687,-10.854285],[-76.927074,-10.854528],[-76.927485,-10.854727],[-76.927932,-10.854831],[-76.928159,-10.854816],[-76.928581,-10.854648],[-76.928805,-10.8546],[-76.929031,-10.854603],[-76.92925,-10.854664],[-76.929662,-10.854863],[-76.929879,-10.854933],[-76.930103,-10.854975],[-76.930327,-10.854927],[-76.930941,-10.854647],[-76.931165,-10.854687],[-76.931345,-10.854819],[-76.931563,-10.855215],[-76.931693,-10.8554],[-76.932932,-10.856407],[-76.933122,-10.856529],[-76.933333,-10.856619],[-76.93356,-10.856617],[-76.934011,-10.85654],[-76.934238,-10.856576],[-76.934456,-10.856645],[-76.934874,-10.856832],[-76.93547,-10.857169],[-76.935919,-10.857211],[-76.936297,-10.857463],[-76.936827,-10.857895],[-76.937029,-10.858],[-76.937255,-10.858027],[-76.937667,-10.858217],[-76.937893,-10.858205],[-76.938111,-10.858148],[-76.938333,-10.858203],[-76.938559,-10.858218],[-76.938989,-10.85807],[-76.939217,-10.858068],[-76.939438,-10.858129],[-76.939666,-10.858158],[-76.939823,-10.858307],[-76.94021,-10.858547],[-76.940652,-10.858659],[-76.940845,-10.858773],[-76.941189,-10.859069],[-76.941394,-10.85917],[-76.941621,-10.859161],[-76.941807,-10.859282],[-76.941932,-10.859469],[-76.942245,-10.860073],[-76.942393,-10.86024],[-76.942575,-10.860375],[-76.942792,-10.86045],[-76.94325,-10.860448],[-76.943476,-10.860411],[-76.943704,-10.860419],[-76.943927,-10.86046],[-76.944129,-10.860568],[-76.944553,-10.8611],[-76.944729,-10.861241],[-76.944934,-10.861338],[-76.945153,-10.861405],[-76.9456,-10.86151],[-76.945823,-10.861517],[-76.946491,-10.86135],[-76.946717,-10.861361],[-76.94739,-10.861508],[-76.948077,-10.861523],[-76.948294,-10.861597],[-76.94852,-10.861636],[-76.948747,-10.861658],[-76.948977,-10.861651],[-76.950303,-10.86201],[-76.950761,-10.862026],[-76.953045,-10.862259],[-76.954422,-10.862259],[-76.955109,-10.862211],[-76.955797,-10.862216],[-76.956244,-10.862118],[-76.957123,-10.861855],[-76.95757,-10.861766],[-76.957797,-10.861798],[-76.958898,-10.862113],[-76.959126,-10.862103],[-76.959336,-10.862024],[-76.959723,-10.861783],[-76.960361,-10.861526],[-76.960583,-10.86149],[-76.960811,-10.861506],[-76.962166,-10.861752],[-76.962378,-10.861839],[-76.963299,-10.862509],[-76.963916,-10.863176],[-76.96456,-10.863416],[-76.965,-10.86354],[-76.965228,-10.863569],[-76.965451,-10.863522],[-76.965649,-10.863618],[-76.965821,-10.863768],[-76.966017,-10.863883],[-76.966234,-10.863953],[-76.966919,-10.864018],[-76.967143,-10.864064],[-76.967357,-10.86414],[-76.967559,-10.864247],[-76.968101,-10.864666],[-76.968521,-10.865202],[-76.968631,-10.865399],[-76.968774,-10.865576],[-76.969406,-10.866518],[-76.969562,-10.866684],[-76.969675,-10.866881],[-76.969833,-10.867305],[-76.969937,-10.867507],[-76.970246,-10.867839],[-76.970483,-10.868226],[-76.970519,-10.868445],[-76.970522,-10.86867],[-76.970432,-10.869114],[-76.970198,-10.869987],[-76.970205,-10.870211],[-76.970494,-10.871303],[-76.970522,-10.871527],[-76.970653,-10.871959],[-76.97079,-10.872851],[-76.970882,-10.873057],[-76.971143,-10.873428],[-76.97124,-10.873631],[-76.971435,-10.87428],[-76.971606,-10.874699],[-76.971903,-10.87504],[-76.972034,-10.875224],[-76.972458,-10.876026],[-76.972525,-10.876243],[-76.972593,-10.876689],[-76.972691,-10.877131],[-76.972864,-10.877549],[-76.972982,-10.877742],[-76.973156,-10.877889],[-76.973763,-10.878205],[-76.973935,-10.878354],[-76.974212,-10.878712],[-76.974414,-10.879114],[-76.974603,-10.879237],[-76.975286,-10.8793],[-76.975486,-10.879398],[-76.975601,-10.879593],[-76.975634,-10.879816],[-76.975654,-10.880494],[-76.975506,-10.881385],[-76.975435,-10.8816],[-76.975333,-10.881803],[-76.974963,-10.882374],[-76.974857,-10.882574],[-76.974771,-10.882783],[-76.974658,-10.883221],[-76.974657,-10.883446],[-76.974725,-10.883893],[-76.974785,-10.884111],[-76.974874,-10.884318],[-76.975027,-10.884485],[-76.975575,-10.884896],[-76.976232,-10.885525],[-76.976783,-10.885932],[-76.976985,-10.886036],[-76.977208,-10.88609],[-76.977666,-10.88606],[-76.977892,-10.886084],[-76.978108,-10.886157],[-76.978729,-10.886451],[-76.978949,-10.886515],[-76.979175,-10.886549],[-76.979403,-10.886523],[-76.9803,-10.88634],[-76.980515,-10.886412],[-76.980664,-10.88658],[-76.980786,-10.887015],[-76.980909,-10.887683],[-76.980938,-10.887907],[-76.980917,-10.888131],[-76.980678,-10.888765],[-76.980402,-10.889387],[-76.979831,-10.890366],[-76.979751,-10.890577],[-76.97971,-10.890797],[-76.979731,-10.891022],[-76.979888,-10.891445],[-76.980338,-10.892234],[-76.980592,-10.89261],[-76.981234,-10.893255],[-76.981963,-10.893804],[-76.982167,-10.893905],[-76.982386,-10.893974],[-76.982834,-10.894071],[-76.983044,-10.894161],[-76.983215,-10.89431],[-76.983674,-10.894816],[-76.983798,-10.895002],[-76.983852,-10.89522],[-76.983918,-10.896575],[-76.983972,-10.896794],[-76.984272,-10.897403],[-76.984346,-10.897617],[-76.984472,-10.898966],[-76.984566,-10.899407],[-76.984686,-10.899599],[-76.985045,-10.899879],[-76.985209,-10.900036],[-76.985337,-10.900223],[-76.985676,-10.900813],[-76.985824,-10.900984],[-76.986012,-10.901111],[-76.986234,-10.901168],[-76.986689,-10.901217],[-76.987135,-10.901327],[-76.987816,-10.90141],[-76.988022,-10.901504],[-76.988181,-10.901666],[-76.988315,-10.901849],[-76.989092,-10.903234],[-76.989293,-10.90364],[-76.989725,-10.905164],[-76.989844,-10.905832],[-76.989931,-10.90604],[-76.990067,-10.906221],[-76.990535,-10.906718],[-76.990677,-10.906896],[-76.991053,-10.907465],[-76.991281,-10.907857],[-76.991801,-10.908864],[-76.992007,-10.909511],[-76.992124,-10.909706],[-76.992271,-10.909877],[-76.992435,-10.910035],[-76.992993,-10.910433],[-76.993195,-10.910539],[-76.993411,-10.91061],[-76.993869,-10.910583],[-76.994319,-10.910496],[-76.994745,-10.910329],[-76.995146,-10.91011],[-76.995366,-10.91007],[-76.995574,-10.910144],[-76.995718,-10.910317],[-76.995918,-10.910725],[-76.996052,-10.910906],[-76.99663,-10.911269],[-76.996975,-10.911567],[-76.998251,-10.91253],[-76.998442,-10.912653],[-76.998649,-10.91275],[-76.998877,-10.912778],[-76.999566,-10.912775],[-77.000018,-10.912845],[-77.000685,-10.913015],[-77.000912,-10.913013],[-77.00112,-10.91292],[-77.001501,-10.912669],[-77.001722,-10.912615],[-77.00195,-10.912596],[-77.002171,-10.912653],[-77.002374,-10.912754],[-77.003012,-10.913401],[-77.003186,-10.913549],[-77.003368,-10.913686],[-77.003984,-10.913987],[-77.004437,-10.914057],[-77.004895,-10.91406],[-77.005568,-10.9142],[-77.005796,-10.914201],[-77.006239,-10.914086],[-77.006467,-10.91407],[-77.007596,-10.914272],[-77.008472,-10.91454],[-77.009159,-10.914571],[-77.009385,-10.914607],[-77.009604,-10.914675],[-77.009808,-10.914778],[-77.012126,-10.916628],[-77.012472,-10.916925],[-77.012615,-10.917101],[-77.012927,-10.917704],[-77.013052,-10.917894],[-77.014109,-10.919085],[-77.014243,-10.919269],[-77.014352,-10.919466],[-77.014426,-10.91968],[-77.014525,-10.92035],[-77.014663,-10.92078],[-77.015059,-10.921596],[-77.015811,-10.922994],[-77.015876,-10.92321],[-77.015931,-10.924112],[-77.015991,-10.92456],[-77.016055,-10.924777],[-77.016192,-10.924956],[-77.016743,-10.925362],[-77.017736,-10.92593],[-77.018302,-10.926315],[-77.018898,-10.926654],[-77.019717,-10.927064],[-77.020114,-10.927291],[-77.020285,-10.927438],[-77.020399,-10.927632],[-77.02053,-10.928065],[-77.020635,-10.928264],[-77.020801,-10.928418],[-77.021366,-10.928805],[-77.021561,-10.928924],[-77.022638,-10.929314],[-77.023045,-10.929522],[-77.023232,-10.929652],[-77.023562,-10.929966],[-77.024302,-10.9305],[-77.024732,-10.930656],[-77.024931,-10.930767],[-77.026072,-10.931527],[-77.026247,-10.931674],[-77.026384,-10.931852],[-77.026472,-10.932061],[-77.026658,-10.932714],[-77.026738,-10.932924],[-77.026854,-10.933119],[-77.027385,-10.933855],[-77.027465,-10.934066],[-77.027554,-10.934509],[-77.027881,-10.936747],[-77.028503,-10.939389],[-77.028599,-10.939594],[-77.029393,-10.940969],[-77.029473,-10.941181],[-77.029601,-10.941846],[-77.029797,-10.942254],[-77.029934,-10.942434],[-77.030459,-10.942873],[-77.030564,-10.943069],[-77.030583,-10.943293],[-77.030491,-10.943736],[-77.03048,-10.943962],[-77.030519,-10.944183],[-77.030827,-10.944788],[-77.030963,-10.94497],[-77.031323,-10.945249],[-77.031515,-10.945372],[-77.03195,-10.945517],[-77.032159,-10.945611],[-77.033109,-10.946245],[-77.033889,-10.94672],[-77.03407,-10.946859],[-77.034565,-10.94733],[-77.035144,-10.947697],[-77.03532,-10.947841],[-77.035734,-10.948382],[-77.036053,-10.948706],[-77.037398,-10.949571],[-77.038244,-10.950335],[-77.038397,-10.950504],[-77.038779,-10.951066],[-77.0388,-10.951289],[-77.038638,-10.951946],[-77.03861,-10.952171],[-77.038647,-10.953526],[-77.038871,-10.954166],[-77.038914,-10.954388],[-77.038973,-10.955063],[-77.039017,-10.955285],[-77.039115,-10.955489],[-77.039255,-10.955667],[-77.039583,-10.955983],[-77.039976,-10.956213],[-77.040865,-10.956439],[-77.04129,-10.956608],[-77.042266,-10.957202],[-77.042453,-10.957333],[-77.042775,-10.957654],[-77.043152,-10.958221],[-77.043324,-10.958371],[-77.043755,-10.958524],[-77.044645,-10.958746],[-77.044854,-10.958838],[-77.04521,-10.95912],[-77.045669,-10.959626],[-77.045954,-10.95998],[-77.046199,-10.960362],[-77.046919,-10.960919],[-77.047215,-10.961263],[-77.047523,-10.961869],[-77.047583,-10.962087],[-77.047576,-10.96231],[-77.047495,-10.96252],[-77.047348,-10.962692],[-77.046992,-10.962978],[-77.046848,-10.963153],[-77.046735,-10.963349],[-77.046673,-10.963566],[-77.046657,-10.96379],[-77.046685,-10.964014],[-77.046947,-10.96488],[-77.046964,-10.965104],[-77.046946,-10.965329],[-77.046857,-10.965773],[-77.046835,-10.965997],[-77.046845,-10.966222],[-77.046917,-10.966436],[-77.047198,-10.967056],[-77.047254,-10.967275],[-77.047263,-10.967499],[-77.047172,-10.968398],[-77.047194,-10.968849],[-77.047324,-10.969514],[-77.047524,-10.970163],[-77.047749,-10.970556],[-77.047886,-10.970737],[-77.048365,-10.971221],[-77.048568,-10.971325],[-77.049007,-10.971458],[-77.049197,-10.971581],[-77.049322,-10.971768],[-77.049401,-10.97198],[-77.049607,-10.973092],[-77.049666,-10.97331],[-77.049849,-10.973723],[-77.050083,-10.974112],[-77.050403,-10.974713],[-77.050594,-10.975124],[-77.051012,-10.976652],[-77.051115,-10.976853],[-77.051757,-10.977498],[-77.051903,-10.977671],[-77.052274,-10.978243],[-77.052423,-10.978413],[-77.052596,-10.978561],[-77.053356,-10.979068],[-77.05375,-10.9793],[-77.054585,-10.979675],[-77.055662,-10.980066],[-77.055827,-10.980217],[-77.055912,-10.980425],[-77.056075,-10.981999],[-77.056144,-10.982213],[-77.056935,-10.983589],[-77.05703,-10.983795],[-77.05736,-10.984877],[-77.057465,-10.985077],[-77.057617,-10.985247],[-77.058143,-10.985684],[-77.058301,-10.985848],[-77.058431,-10.986032],[-77.05912,-10.987207],[-77.059392,-10.987571],[-77.05971,-10.987896],[-77.060237,-10.988331],[-77.060378,-10.988507],[-77.060889,-10.989518],[-77.06134,-10.99003],[-77.061427,-10.990237],[-77.061516,-10.990681],[-77.0616,-10.99089],[-77.062007,-10.991435],[-77.062304,-10.992044],[-77.06277,-10.992542],[-77.062867,-10.992745],[-77.06406,-10.996167],[-77.064173,-10.996358],[-77.064724,-10.996761],[-77.065393,-10.997379],[-77.065671,-10.997739],[-77.065918,-10.99812],[-77.066226,-10.998454],[-77.066772,-10.998865],[-77.067378,-10.999186],[-77.068152,-10.999672],[-77.068574,-10.999847],[-77.069893,-11.000239],[-77.070118,-11.000282],[-77.070805,-11.000302],[-77.071257,-11.000382],[-77.073228,-11.000994],[-77.07342,-11.001116],[-77.073587,-11.001269],[-77.073873,-11.001623],[-77.074036,-11.001782],[-77.074223,-11.001911],[-77.074634,-11.002113],[-77.074822,-11.002243],[-77.074949,-11.002429],[-77.075,-11.002649],[-77.075133,-11.003771],[-77.075431,-11.004861],[-77.075597,-11.005283],[-77.076145,-11.006275],[-77.076225,-11.006486],[-77.076249,-11.00671],[-77.076219,-11.008066],[-77.076093,-11.009416],[-77.076131,-11.009637],[-77.076211,-11.009848],[-77.076412,-11.010254],[-77.076461,-11.010474],[-77.076479,-11.011378],[-77.076662,-11.012493],[-77.07682,-11.012917],[-77.077011,-11.013328],[-77.077118,-11.013528],[-77.077255,-11.013706],[-77.077432,-11.013849],[-77.078025,-11.014194],[-77.078349,-11.014514],[-77.078925,-11.015217],[-77.079887,-11.016758],[-77.080033,-11.016931],[-77.080395,-11.017209],[-77.080592,-11.017324],[-77.08081,-11.017377],[-77.081035,-11.017338],[-77.081227,-11.017217],[-77.081579,-11.016933],[-77.0818,-11.016882],[-77.082485,-11.016823],[-77.082893,-11.016619],[-77.083109,-11.016545],[-77.083783,-11.016404],[-77.084,-11.01646],[-77.084161,-11.016618],[-77.084401,-11.017001],[-77.084571,-11.017153],[-77.084957,-11.017398],[-77.085129,-11.017545],[-77.085275,-11.01772],[-77.085389,-11.017916],[-77.085468,-11.018127],[-77.085576,-11.019025],[-77.085629,-11.019243],[-77.085807,-11.01966],[-77.085951,-11.020089],[-77.086236,-11.021415],[-77.086413,-11.021832],[-77.086719,-11.022439],[-77.087093,-11.023265],[-77.087227,-11.023448],[-77.087401,-11.023594],[-77.089155,-11.024669],[-77.089336,-11.024806],[-77.089483,-11.024979],[-77.092098,-11.028696],[-77.092247,-11.028867],[-77.092429,-11.029004],[-77.092627,-11.029116],[-77.094493,-11.029989],[-77.094717,-11.030037],[-77.097241,-11.030112],[-77.097461,-11.030166],[-77.097655,-11.030285],[-77.097805,-11.030455],[-77.097908,-11.030656],[-77.097952,-11.030878],[-77.098087,-11.032455],[-77.098064,-11.032679],[-77.097971,-11.033122],[-77.097952,-11.034022],[-77.097898,-11.034242],[-77.09774,-11.034666],[-77.097538,-11.035314],[-77.097205,-11.035908],[-77.096912,-11.036763],[-77.096809,-11.036965],[-77.09621,-11.037648],[-77.095945,-11.038015],[-77.095865,-11.038226],[-77.095831,-11.03845],[-77.095855,-11.038674],[-77.095911,-11.038893],[-77.096423,-11.04063],[-77.096723,-11.041239],[-77.097107,-11.041802],[-77.097576,-11.042298],[-77.098279,-11.042879],[-77.09867,-11.043114],[-77.099101,-11.043269],[-77.09976,-11.043463],[-77.100216,-11.043508],[-77.100674,-11.043475],[-77.101806,-11.04329],[-77.103133,-11.042928],[-77.10584,-11.042422],[-77.106286,-11.042316],[-77.106503,-11.042242],[-77.106714,-11.042154],[-77.107113,-11.041931],[-77.109295,-11.040276],[-77.109911,-11.039973],[-77.11034,-11.039812],[-77.111016,-11.039689],[-77.111474,-11.039663],[-77.111703,-11.039673],[-77.112359,-11.039879],[-77.113036,-11.039996],[-77.113224,-11.040118],[-77.113353,-11.040302],[-77.113902,-11.041295],[-77.114164,-11.041664],[-77.114819,-11.041865],[-77.115,-11.041997],[-77.115762,-11.042842],[-77.116454,-11.043436],[-77.117086,-11.044093],[-77.117261,-11.044236],[-77.117648,-11.044479],[-77.118659,-11.045014],[-77.119508,-11.04536],[-77.119703,-11.045477],[-77.119876,-11.045626],[-77.120016,-11.045804],[-77.120462,-11.046595],[-77.120557,-11.047036],[-77.120713,-11.047461],[-77.121057,-11.048049],[-77.121564,-11.048803],[-77.121665,-11.049003],[-77.121812,-11.049432],[-77.121977,-11.049587],[-77.124243,-11.050684],[-77.124463,-11.050747],[-77.124919,-11.050788],[-77.127903,-11.050723],[-77.128588,-11.050775],[-77.129235,-11.051006],[-77.129442,-11.051103],[-77.130661,-11.051734],[-77.131035,-11.051995],[-77.131679,-11.052639],[-77.131962,-11.052994],[-77.132178,-11.053393],[-77.132448,-11.054017],[-77.132855,-11.054827],[-77.13343,-11.055806],[-77.134034,-11.056767],[-77.13431,-11.057128],[-77.134841,-11.05756],[-77.13513,-11.057909],[-77.137802,-11.062654],[-77.138075,-11.063016],[-77.138408,-11.063326],[-77.138592,-11.063461],[-77.139408,-11.063876],[-77.140042,-11.064142],[-77.140691,-11.064365],[-77.14092,-11.06438],[-77.143645,-11.063984],[-77.145685,-11.06366],[-77.146373,-11.06366],[-77.147058,-11.063734],[-77.148174,-11.063995],[-77.151945,-11.064984],[-77.152353,-11.06519],[-77.153319,-11.065799],[-77.153748,-11.065959],[-77.154149,-11.066178],[-77.154452,-11.066516],[-77.155012,-11.067232],[-77.155523,-11.067685],[-77.155757,-11.068074],[-77.156182,-11.068608],[-77.156529,-11.069193],[-77.157069,-11.069925],[-77.157275,-11.070328],[-77.157392,-11.070765],[-77.15749,-11.070968],[-77.157864,-11.071537],[-77.158184,-11.072135],[-77.158503,-11.072461],[-77.158679,-11.072603],[-77.159061,-11.072851],[-77.159254,-11.07326],[-77.159385,-11.073442],[-77.159689,-11.07378],[-77.16342,-11.080011],[-77.163492,-11.080226],[-77.163515,-11.08045],[-77.163504,-11.080675],[-77.163194,-11.083598],[-77.16314,-11.084275],[-77.163194,-11.08495],[-77.163553,-11.087412],[-77.163714,-11.087834],[-77.166187,-11.092428],[-77.169743,-11.096864],[-77.17116,-11.098345],[-77.171903,-11.099206],[-77.175621,-11.104091],[-77.177844,-11.106971],[-77.1781,-11.107346],[-77.179619,-11.109876],[-77.185077,-11.11878],[-77.185532,-11.119565],[-77.18609,-11.120283],[-77.186393,-11.120623],[-77.187121,-11.121171],[-77.188541,-11.12265],[-77.18871,-11.122802],[-77.190148,-11.123927],[-77.190815,-11.124548],[-77.193757,-11.128019],[-77.194437,-11.12893],[-77.194927,-11.129695],[-77.195358,-11.130493],[-77.195601,-11.130877],[-77.196429,-11.131961],[-77.19747,-11.133167],[-77.1983,-11.134249],[-77.198152,-11.134388],[-77.197965,-11.134519],[-77.197814,-11.134397],[-77.198021,-11.134436],[-77.198204,-11.134299],[-77.198368,-11.134316],[-77.199076,-11.135205],[-77.199695,-11.135874],[-77.200846,-11.136978],[-77.201477,-11.137635],[-77.20182,-11.137935],[-77.2022,-11.138189],[-77.202404,-11.138291],[-77.202841,-11.138428],[-77.203294,-11.138493],[-77.203753,-11.138488],[-77.20421,-11.138444],[-77.205344,-11.138269],[-77.206486,-11.13816],[-77.207175,-11.138165],[-77.207628,-11.13823],[-77.208067,-11.138362],[-77.208699,-11.13863],[-77.211523,-11.140142],[-77.211953,-11.140295],[-77.212404,-11.140378],[-77.212631,-11.140396],[-77.215368,-11.140084],[-77.216055,-11.140038],[-77.216973,-11.14001],[-77.225006,-11.14023],[-77.233039,-11.140418],[-77.234187,-11.140398],[-77.236022,-11.14031],[-77.240372,-11.139998],[-77.242195,-11.139779],[-77.243779,-11.139506],[-77.243946,-11.139553],[-77.243995,-11.139774],[-77.244027,-11.139997],[-77.244139,-11.141803],[-77.244267,-11.142698],[-77.244491,-11.145175],[-77.244611,-11.145328],[-77.244689,-11.145514],[-77.246931,-11.146],[-77.248298,-11.146165],[-77.25421,-11.146982],[-77.254889,-11.147092],[-77.255348,-11.147106],[-77.263135,-11.146568],[-77.271382,-11.146038],[-77.27413,-11.145844],[-77.274815,-11.14577],[-77.288825,-11.14329],[-77.289264,-11.143158],[-77.289886,-11.142869],[-77.29158,-11.141704],[-77.291781,-11.141596],[-77.291988,-11.141498],[-77.292649,-11.141306],[-77.292853,-11.141204],[-77.293041,-11.141077],[-77.293651,-11.140401],[-77.294206,-11.140002],[-77.294804,-11.139665],[-77.295189,-11.13942],[-77.295405,-11.139351],[-77.29563,-11.139353],[-77.29584,-11.139438],[-77.295994,-11.139602],[-77.296096,-11.139802],[-77.296115,-11.140022],[-77.296075,-11.140245],[-77.295778,-11.141101],[-77.295738,-11.141323],[-77.295751,-11.141774],[-77.29584,-11.142446],[-77.295841,-11.14335],[-77.295868,-11.143575],[-77.295923,-11.143792],[-77.296099,-11.144209],[-77.297087,-11.145996],[-77.299415,-11.151162],[-77.300039,-11.152621],[-77.300611,-11.153855],[-77.30188,-11.156762],[-77.301957,-11.157208],[-77.301915,-11.157657],[-77.301157,-11.161427],[-77.300647,-11.164094],[-77.300561,-11.164766],[-77.300622,-11.1668],[-77.300646,-11.167025],[-77.300683,-11.167247],[-77.30108,-11.168781],[-77.301121,-11.169003],[-77.30125,-11.170807],[-77.301249,-11.171033],[-77.300903,-11.173039],[-77.300872,-11.173489],[-77.300909,-11.173939],[-77.301369,-11.176154],[-77.301514,-11.177047],[-77.301519,-11.177498],[-77.301322,-11.178611],[-77.301323,-11.179062],[-77.301356,-11.179286],[-77.301418,-11.179502],[-77.301915,-11.180767],[-77.302045,-11.181201],[-77.302382,-11.182516],[-77.302664,-11.183377],[-77.302776,-11.183815],[-77.303031,-11.185834],[-77.303073,-11.186511],[-77.303188,-11.190127],[-77.303252,-11.190802],[-77.303345,-11.191244],[-77.305045,-11.197584],[-77.30763,-11.207434],[-77.309323,-11.213776],[-77.309699,-11.21508],[-77.310382,-11.217709],[-77.311337,-11.221202],[-77.314068,-11.228884],[-77.315291,-11.232054],[-77.317194,-11.237386],[-77.319783,-11.244398],[-77.32053,-11.246536],[-77.320619,-11.246744],[-77.32115,-11.247746],[-77.321967,-11.249109],[-77.322981,-11.250882],[-77.32356,-11.251581],[-77.324255,-11.252173],[-77.325856,-11.253459],[-77.329442,-11.255904],[-77.330965,-11.256916],[-77.33115,-11.257048],[-77.331484,-11.257358],[-77.332375,-11.258394],[-77.333664,-11.259984],[-77.334617,-11.261258],[-77.334829,-11.261656],[-77.335145,-11.262743],[-77.335237,-11.263185],[-77.335235,-11.263637],[-77.335182,-11.263853],[-77.335094,-11.264062],[-77.334832,-11.264433],[-77.333969,-11.26549],[-77.333571,-11.266043],[-77.33325,-11.266365],[-77.33307,-11.266503],[-77.332267,-11.266942],[-77.331684,-11.267302],[-77.330962,-11.267861],[-77.33058,-11.268112],[-77.330356,-11.26812],[-77.33014,-11.268044],[-77.329766,-11.267783],[-77.329566,-11.267676],[-77.329339,-11.267662],[-77.329128,-11.267736],[-77.327567,-11.269069],[-77.32626,-11.27034],[-77.326106,-11.270508],[-77.326022,-11.27071],[-77.326109,-11.274099],[-77.326072,-11.276359],[-77.326079,-11.277038],[-77.325778,-11.279279],[-77.325313,-11.281953],[-77.325246,-11.282628],[-77.325208,-11.283757],[-77.32513,-11.284431],[-77.324969,-11.28509],[-77.323086,-11.291849],[-77.322962,-11.292745],[-77.322969,-11.293423],[-77.32305,-11.295004],[-77.323043,-11.295229],[-77.32293,-11.295897],[-77.322871,-11.296116],[-77.322709,-11.296539],[-77.321973,-11.297945],[-77.321802,-11.298365],[-77.321618,-11.29925],[-77.321609,-11.299928],[-77.321871,-11.302174],[-77.322163,-11.303266],[-77.322262,-11.304619],[-77.322514,-11.308907],[-77.322858,-11.310683],[-77.322941,-11.311357],[-77.323258,-11.314733],[-77.323364,-11.315404],[-77.324224,-11.318687],[-77.324432,-11.319334],[-77.32471,-11.319954],[-77.3259,-11.322148],[-77.327571,-11.325113],[-77.327755,-11.325528],[-77.327959,-11.326175],[-77.32805,-11.326618],[-77.328036,-11.327069],[-77.327935,-11.32774],[-77.327892,-11.32819],[-77.327941,-11.328639],[-77.327993,-11.328859],[-77.328062,-11.329074],[-77.328276,-11.329473],[-77.328555,-11.329832],[-77.329447,-11.330866],[-77.329692,-11.331246],[-77.329816,-11.33168],[-77.329888,-11.332127],[-77.329989,-11.332567],[-77.330058,-11.332783],[-77.330488,-11.333831],[-77.330615,-11.334265],[-77.330691,-11.334711],[-77.330934,-11.336959],[-77.33102,-11.337403],[-77.331085,-11.337619],[-77.332179,-11.340109],[-77.332585,-11.34092],[-77.333051,-11.341699],[-77.333136,-11.341909],[-77.33324,-11.342349],[-77.333323,-11.343021],[-77.333311,-11.343472],[-77.333223,-11.343916],[-77.333079,-11.344345],[-77.332621,-11.345381],[-77.332554,-11.345597],[-77.332514,-11.34582],[-77.332492,-11.346271],[-77.332572,-11.348078],[-77.332628,-11.351468],[-77.332582,-11.351917],[-77.332455,-11.352351],[-77.332365,-11.352558],[-77.331395,-11.354094],[-77.331125,-11.354459],[-77.330965,-11.354621],[-77.330456,-11.355078],[-77.325253,-11.359522],[-77.324575,-11.360132],[-77.324267,-11.360467],[-77.323867,-11.361019],[-77.32185,-11.364042],[-77.321592,-11.36467],[-77.321128,-11.366185],[-77.321112,-11.36641],[-77.32114,-11.366634],[-77.321196,-11.366852],[-77.321495,-11.367707],[-77.321551,-11.367926],[-77.32158,-11.368149],[-77.321571,-11.371314],[-77.321629,-11.371762],[-77.321688,-11.371981],[-77.321869,-11.372392],[-77.321998,-11.372574],[-77.322333,-11.373167],[-77.322621,-11.373783],[-77.322766,-11.374212],[-77.322877,-11.37465],[-77.322885,-11.374871],[-77.324112,-11.382234],[-77.324263,-11.382896],[-77.324869,-11.385076],[-77.325139,-11.38594],[-77.325315,-11.386358],[-77.325548,-11.386747],[-77.329508,-11.392296],[-77.329666,-11.39246],[-77.330029,-11.392735],[-77.332297,-11.393828],[-77.33249,-11.39395],[-77.332648,-11.394113],[-77.332768,-11.394306],[-77.33446,-11.397769],[-77.334578,-11.397963],[-77.334728,-11.398133],[-77.334902,-11.39828],[-77.335096,-11.398399],[-77.335308,-11.398485],[-77.335752,-11.3986],[-77.355065,-11.402646],[-77.355732,-11.402815],[-77.355945,-11.4029],[-77.356351,-11.403109],[-77.356541,-11.403236],[-77.361355,-11.406711],[-77.365004,-11.409457],[-77.366985,-11.410999],[-77.371709,-11.414593],[-77.37191,-11.414698],[-77.372127,-11.414768],[-77.372355,-11.414784],[-77.372582,-11.414756],[-77.372787,-11.414665],[-77.372952,-11.414508],[-77.373173,-11.414457],[-77.373401,-11.414468],[-77.373623,-11.414517],[-77.373789,-11.414669],[-77.373875,-11.414878],[-77.373903,-11.4151],[-77.373764,-11.41553],[-77.373566,-11.415937],[-77.373265,-11.416276],[-77.372925,-11.416573],[-77.372794,-11.416756],[-77.372127,-11.417377],[-77.371836,-11.417727],[-77.37143,-11.418274],[-77.367737,-11.424265],[-77.367407,-11.424861],[-77.366544,-11.426196],[-77.365592,-11.427743],[-77.364209,-11.430089],[-77.361799,-11.433938],[-77.361539,-11.434311],[-77.360324,-11.435667],[-77.359363,-11.436638],[-77.354002,-11.442227],[-77.352789,-11.443265],[-77.351509,-11.444221],[-77.350546,-11.444836],[-77.349541,-11.445383],[-77.343263,-11.448173],[-77.341143,-11.449041],[-77.314081,-11.460894],[-77.313484,-11.461231],[-77.313295,-11.461358],[-77.312945,-11.461652],[-77.312624,-11.461975],[-77.312197,-11.462506],[-77.311871,-11.463103],[-77.311696,-11.46352],[-77.310012,-11.46821],[-77.309415,-11.46992],[-77.309219,-11.47057],[-77.30917,-11.470791],[-77.3091,-11.471466],[-77.309092,-11.471918],[-77.30911,-11.472596],[-77.309229,-11.474401],[-77.309212,-11.475531],[-77.309107,-11.476429],[-77.308946,-11.477088],[-77.307685,-11.480725],[-77.306606,-11.483707],[-77.306327,-11.484568],[-77.305931,-11.485629],[-77.304586,-11.489477],[-77.304366,-11.490355],[-77.30373,-11.493918],[-77.303619,-11.494356],[-77.296499,-11.514179],[-77.296154,-11.515017],[-77.295704,-11.515804],[-77.289164,-11.525639],[-77.288638,-11.526644],[-77.283602,-11.536803],[-77.281627,-11.540378],[-77.281318,-11.540984],[-77.279127,-11.545715],[-77.278095,-11.547735],[-77.277664,-11.548533],[-77.277306,-11.549113],[-77.276653,-11.550043],[-77.275824,-11.551126],[-77.275022,-11.552229],[-77.27443,-11.55292],[-77.274106,-11.553241],[-77.273391,-11.553807],[-77.272823,-11.55419],[-77.269256,-11.556245],[-77.268872,-11.556493],[-77.268698,-11.556639],[-77.268229,-11.557136],[-77.268113,-11.557329],[-77.267953,-11.557491],[-77.267179,-11.557974],[-77.267017,-11.558135],[-77.266736,-11.558483],[-77.266626,-11.558681],[-77.266527,-11.558885],[-77.266382,-11.559313],[-77.262375,-11.576965],[-77.262377,-11.577181],[-77.261734,-11.579819],[-77.261211,-11.581316],[-77.259622,-11.585559],[-77.258059,-11.589569],[-77.257512,-11.591057],[-77.256507,-11.593583],[-77.256301,-11.593988],[-77.255961,-11.594577],[-77.255832,-11.594764],[-77.25526,-11.59547],[-77.254942,-11.595797],[-77.254595,-11.596093],[-77.253678,-11.596772],[-77.249659,-11.599395],[-77.249101,-11.599793],[-77.245183,-11.602932],[-77.243421,-11.604381],[-77.241995,-11.605522],[-77.237826,-11.609406],[-77.237307,-11.609852],[-77.234733,-11.611747],[-77.233234,-11.612792],[-77.232624,-11.613106],[-77.232408,-11.613182],[-77.231739,-11.613341],[-77.231282,-11.613373],[-77.231055,-11.613346],[-77.23038,-11.613209],[-77.230165,-11.613131],[-77.227588,-11.612171],[-77.217747,-11.608396],[-77.214529,-11.607189],[-77.19997,-11.601638],[-77.19975,-11.601574],[-77.199299,-11.601487],[-77.198841,-11.601456],[-77.198155,-11.601494],[-77.197489,-11.601663],[-77.197274,-11.601743],[-77.196867,-11.601952],[-77.196676,-11.602077],[-77.196154,-11.602519],[-77.195854,-11.602861],[-77.195595,-11.603234],[-77.195312,-11.60385],[-77.195182,-11.604284],[-77.19502,-11.604641],[-77.194999,-11.605148],[-77.195051,-11.605681],[-77.195195,-11.606263],[-77.195302,-11.606537],[-77.195441,-11.606813],[-77.195798,-11.607341],[-77.196024,-11.6076],[-77.196289,-11.607853],[-77.196714,-11.608166],[-77.197124,-11.608392],[-77.199423,-11.609401],[-77.202222,-11.61057],[-77.202612,-11.610703],[-77.203202,-11.610857],[-77.205017,-11.611143],[-77.205348,-11.611246],[-77.205603,-11.611362],[-77.206028,-11.611624],[-77.206414,-11.611965],[-77.206736,-11.612407],[-77.20688,-11.612687],[-77.20698,-11.612948],[-77.207065,-11.613302],[-77.207097,-11.613689],[-77.207008,-11.615653],[-77.207066,-11.616639],[-77.207396,-11.618689],[-77.20744,-11.619103],[-77.207436,-11.619632],[-77.207365,-11.620533],[-77.207244,-11.621664],[-77.207246,-11.622533],[-77.207425,-11.627865],[-77.207419,-11.628341],[-77.207373,-11.628949],[-77.20727,-11.629628],[-77.206355,-11.633325],[-77.206262,-11.633852],[-77.206185,-11.634996],[-77.206209,-11.635447],[-77.206313,-11.636269],[-77.206355,-11.636885],[-77.206336,-11.637534],[-77.206287,-11.637937],[-77.206115,-11.63863],[-77.205423,-11.640471],[-77.203729,-11.643955],[-77.203383,-11.644824],[-77.202979,-11.646183],[-77.20285,-11.646543],[-77.202619,-11.647042],[-77.20207,-11.648008],[-77.201901,-11.648392],[-77.201771,-11.648817],[-77.201699,-11.649151],[-77.201518,-11.650623],[-77.201384,-11.651348],[-77.201203,-11.652011],[-77.20094,-11.652742],[-77.200739,-11.653203],[-77.200397,-11.653857],[-77.20003,-11.654438],[-77.199416,-11.65532],[-77.199161,-11.65576],[-77.198942,-11.656243],[-77.198516,-11.657432],[-77.198378,-11.657707],[-77.198215,-11.657968],[-77.197956,-11.658294],[-77.197615,-11.658623],[-77.1972,-11.65892],[-77.196892,-11.659086],[-77.196568,-11.659219],[-77.193385,-11.660294],[-77.192573,-11.66068],[-77.192099,-11.660966],[-77.191661,-11.661274],[-77.186753,-11.665244],[-77.186164,-11.665779],[-77.18572,-11.666268],[-77.185258,-11.666881],[-77.184842,-11.667582],[-77.184538,-11.668258],[-77.184382,-11.668703],[-77.184224,-11.669311],[-77.184152,-11.669711],[-77.184068,-11.670448],[-77.183688,-11.676972],[-77.183208,-11.686129],[-77.183061,-11.68692],[-77.182851,-11.687739],[-77.182601,-11.688395],[-77.18223,-11.68919],[-77.180807,-11.69184],[-77.180492,-11.692509],[-77.180184,-11.693312],[-77.179896,-11.694199],[-77.179683,-11.695139],[-77.179503,-11.696244],[-77.179057,-11.701161],[-77.17887,-11.702121],[-77.17874,-11.702567],[-77.17838,-11.703446],[-77.177574,-11.704904],[-77.177403,-11.705364],[-77.177174,-11.706203],[-77.1771,-11.706882],[-77.177113,-11.707324],[-77.177063,-11.709123],[-77.176996,-11.709648],[-77.176883,-11.710063],[-77.176808,-11.710446],[-77.176529,-11.711106],[-77.176348,-11.711402],[-77.175867,-11.71206],[-77.175198,-11.712786],[-77.174892,-11.713171],[-77.174621,-11.713613],[-77.174445,-11.714012],[-77.174306,-11.714401],[-77.174227,-11.714852],[-77.174182,-11.716028],[-77.174133,-11.716461],[-77.174078,-11.716723],[-77.173986,-11.716955],[-77.173778,-11.717367],[-77.17281,-11.71897],[-77.172484,-11.719448],[-77.170708,-11.722364],[-77.170321,-11.72286],[-77.169849,-11.723313],[-77.168905,-11.724053],[-77.168381,-11.724524],[-77.167952,-11.725036],[-77.166116,-11.727852],[-77.165764,-11.728264],[-77.165412,-11.728608],[-77.165043,-11.72886],[-77.164639,-11.729087],[-77.160393,-11.730956],[-77.159783,-11.731124],[-77.158976,-11.731283],[-77.158041,-11.731342],[-77.157174,-11.7313],[-77.155929,-11.731056],[-77.154316,-11.730527],[-77.152762,-11.729947],[-77.152286,-11.729738],[-77.152157,-11.730021],[-77.151944,-11.729938],[-77.151936,-11.729959],[-77.151447,-11.729784],[-77.146495,-11.727684],[-77.145302,-11.727263],[-77.144203,-11.727062],[-77.143371,-11.727028],[-77.142358,-11.727104],[-77.141688,-11.72723],[-77.140899,-11.727474],[-77.139663,-11.728095],[-77.139139,-11.72844],[-77.138452,-11.728969],[-77.137955,-11.729474],[-77.137319,-11.730297],[-77.136804,-11.731222],[-77.136495,-11.731969],[-77.136255,-11.732827],[-77.136161,-11.733449],[-77.136091,-11.734543],[-77.136075,-11.735608],[-77.136113,-11.736227],[-77.136272,-11.737197],[-77.136375,-11.737684],[-77.136581,-11.738348],[-77.137088,-11.739499],[-77.137946,-11.740827],[-77.138916,-11.74197],[-77.153277,-11.758176],[-77.156477,-11.761818],[-77.156955,-11.762397],[-77.157139,-11.76265],[-77.157369,-11.76299],[-77.157668,-11.7635],[-77.157934,-11.764051],[-77.158271,-11.764885],[-77.158449,-11.76546],[-77.158574,-11.76598],[-77.158793,-11.767524],[-77.159109,-11.770353],[-77.159326,-11.772531],[-77.159685,-11.775482],[-77.159764,-11.776741],[-77.159721,-11.777531],[-77.159653,-11.778018],[-77.159412,-11.779018],[-77.159161,-11.779643],[-77.158703,-11.780539],[-77.158193,-11.781337],[-77.15757,-11.782004],[-77.151102,-11.788326],[-77.143955,-11.795385],[-77.137783,-11.801426],[-77.137124,-11.8021],[-77.136779,-11.802502],[-77.1365,-11.802876],[-77.13437,-11.805965],[-77.129069,-11.813734],[-77.1287,-11.814322],[-77.128433,-11.814831],[-77.128013,-11.815756],[-77.125598,-11.821603],[-77.125375,-11.822048],[-77.125018,-11.822553],[-77.120116,-11.828102],[-77.119495,-11.828771],[-77.118121,-11.829925],[-77.117755,-11.830191],[-77.106934,-11.838846],[-77.105343,-11.840143],[-77.103504,-11.841581],[-77.100321,-11.844158],[-77.079106,-11.861116],[-77.074856,-11.864557],[-77.074407,-11.865009],[-77.073928,-11.865622],[-77.069943,-11.871595],[-77.069718,-11.871994],[-77.06954,-11.872411],[-77.069482,-11.872579],[-77.069336,-11.873208],[-77.069243,-11.874293],[-77.068275,-11.891473],[-77.067999,-11.897095],[-77.067712,-11.901523],[-77.067694,-11.90205],[-77.067719,-11.902496],[-77.067796,-11.903081],[-77.067874,-11.903341],[-77.06953,-11.906898],[-77.069971,-11.90763],[-77.071128,-11.90923],[-77.07135,-11.909688],[-77.072286,-11.911077],[-77.073176,-11.912279],[-77.073602,-11.913017],[-77.073796,-11.913485],[-77.073933,-11.914119],[-77.073953,-11.914417],[-77.073941,-11.915068],[-77.073611,-11.918279],[-77.073429,-11.920474],[-77.0727,-11.92805],[-77.072513,-11.930308],[-77.07225,-11.932748],[-77.071437,-11.941684],[-77.071474,-11.942014],[-77.071481,-11.94264],[-77.07138,-11.944876],[-77.071391,-11.944993],[-77.071573,-11.945385],[-77.071595,-11.94555],[-77.071557,-11.945713],[-77.071415,-11.945896],[-77.071251,-11.945981],[-77.071067,-11.946],[-77.070975,-11.945982],[-77.07081,-11.945899],[-77.07069,-11.945761],[-77.070648,-11.945667],[-77.07051,-11.945519],[-77.070429,-11.945473],[-77.070349,-11.945446],[-77.069776,-11.945409],[-77.069077,-11.945311],[-77.069108,-11.945177],[-77.069986,-11.945311],[-77.070526,-11.945358],[-77.070601,-11.945342],[-77.070846,-11.945132],[-77.070926,-11.94509],[-77.071013,-11.945064],[-77.071194,-11.945061],[-77.071363,-11.945123],[-77.071497,-11.945242],[-77.071573,-11.945385],[-77.071595,-11.94555],[-77.071557,-11.945713],[-77.071415,-11.945896],[-77.071276,-11.94618],[-77.071122,-11.946766],[-77.07096,-11.947684],[-77.070671,-11.948813],[-77.070513,-11.949293],[-77.069608,-11.954915],[-77.068811,-11.960114],[-77.068732,-11.960952],[-77.068441,-11.963007],[-77.068285,-11.963986],[-77.067821,-11.96653],[-77.067468,-11.968729],[-77.064678,-11.986626],[-77.064671,-11.987277],[-77.064763,-11.98781],[-77.064789,-11.988312],[-77.064602,-11.989515],[-77.064634,-11.989827],[-77.064698,-11.98995],[-77.064716,-11.990096],[-77.064677,-11.990237],[-77.064455,-11.990546],[-77.064401,-11.990701],[-77.063976,-11.993674],[-77.06379,-11.994046],[-77.063723,-11.994284],[-77.063691,-11.994621],[-77.063766,-11.994989],[-77.063471,-11.996903],[-77.063393,-11.997092],[-77.063229,-11.997322],[-77.063117,-11.997399],[-77.063074,-11.997453],[-77.062949,-11.997678],[-77.062426,-12.00091],[-77.062448,-12.001328],[-77.062279,-12.002375],[-77.062283,-12.002474],[-77.062169,-12.003292],[-77.062175,-12.003965],[-77.0622,-12.004107],[-77.062297,-12.004266],[-77.062305,-12.004423],[-77.062244,-12.004568],[-77.062147,-12.004659],[-77.062107,-12.005281],[-77.061706,-12.007715],[-77.061588,-12.008294],[-77.061661,-12.00847],[-77.061661,-12.00861],[-77.061588,-12.008783],[-77.061439,-12.008909],[-77.061181,-12.009439],[-77.061137,-12.009596],[-77.060795,-12.011544],[-77.060666,-12.011796],[-77.060575,-12.012819],[-77.059763,-12.017909],[-77.059285,-12.021241],[-77.058824,-12.024091],[-77.058869,-12.024749],[-77.058922,-12.025061],[-77.058603,-12.026867],[-77.058513,-12.027053],[-77.058408,-12.027628],[-77.058411,-12.0284],[-77.058447,-12.028538],[-77.058447,-12.028685],[-77.058396,-12.028831],[-77.0583,-12.028954],[-77.058207,-12.029024],[-77.058105,-12.029066],[-77.057876,-12.029266],[-77.057767,-12.029392],[-77.056646,-12.031018],[-77.056528,-12.031119],[-77.056331,-12.031224],[-77.056075,-12.03151],[-77.055674,-12.031902],[-77.055092,-12.032401],[-77.054207,-12.033008],[-77.053323,-12.033503],[-77.052551,-12.033839],[-77.049267,-12.035146],[-77.048508,-12.035403],[-77.047107,-12.035778],[-77.04628,-12.036211],[-77.044032,-12.037632],[-77.043784,-12.037766],[-77.043594,-12.037946],[-77.04339,-12.040167],[-77.043362,-12.04086],[-77.043043,-12.044149],[-77.043016,-12.044262],[-77.042822,-12.047096],[-77.04281,-12.047201],[-77.042731,-12.047459],[-77.042568,-12.049462],[-77.042541,-12.049944],[-77.042569,-12.050165],[-77.042504,-12.050693],[-77.042203,-12.054504],[-77.041766,-12.059488],[-77.041768,-12.05962],[-77.041808,-12.059757],[-77.04195,-12.059861],[-77.042006,-12.059928],[-77.042096,-12.060136],[-77.042089,-12.06037],[-77.041981,-12.06058],[-77.04178,-12.060732],[-77.041606,-12.060778],[-77.041516,-12.060779],[-77.04135,-12.060742],[-77.041225,-12.060678],[-77.041068,-12.060506],[-77.04101,-12.060362],[-77.040905,-12.060288],[-77.038031,-12.06006],[-77.037662,-12.059973],[-77.036976,-12.059918],[-77.036748,-12.059923],[-77.036526,-12.059979],[-77.036314,-12.060063],[-77.036124,-12.059937],[-77.036072,-12.060196],[-77.035892,-12.060283],[-77.035669,-12.060296],[-77.035527,-12.060253],[-77.035216,-12.059993],[-77.035086,-12.059921],[-77.034973,-12.05989],[-77.031383,-12.059432],[-77.031684,-12.056871],[-77.031808,-12.056886],[-77.031777,-12.057135]]}}]}