{"type":"FeatureCollection","features":[{"type":"Feature","properties":{"fuente":"OpenStreetMap 2026-10-02 (recorrido.py)","pasos":[{"accion":"inicio","via":"Jirón Javier Luna Pizarro","m":1519},{"accion":"izquierda","via":"Avenida México","m":255},{"accion":"derecha","via":"Avenida Palermo","m":193},{"accion":"rotonda","salida":2,"via":"Avenida Palermo","m":263},{"accion":"sigue","via":"Avenida Palermo","m":402},{"accion":"izquierda","via":"Avenida Canadá","m":1041},{"accion":"izquierda","via":"Avenida Nicolás Arriola","m":623},{"accion":"sigue","via":"Avenida Aviación","m":686},{"accion":"izquierda","via":"Avenida del Aire","m":1728},{"accion":"sigue","via":"Avenida Circunvalación","m":1937},{"accion":"sigue","via":"Carretera Panamericana Sur","m":315},{"accion":"sigue","via":"Avenida Panamericana Sur","m":82},{"accion":"sigue","via":"Carretera Panamericana Sur","m":5381},{"accion":"sigue","via":"Avenida Panamericana Sur","m":1645},{"accion":"izquierda","via":"Avenida Los Álamos","m":104},{"accion":"derecha","via":"Avenida Paseo de la República","m":57},{"accion":"sigue","via":"Avenida Los Álamos","m":90},{"accion":"sigue","via":"Avenida Panamericana Sur","m":3575},{"accion":"sigue","via":"Carretera Panamericana Sur","m":42181}],"sin_calle":1,"fuera":[0,1041096]},"geometry":{"type":"LineString","coordinates":[[-77.027966,-12.062116],[-77.026417,-12.073486],[-77.026006,-12.074543],[-77.025583,-12.075719],[-77.023394,-12.074905],[-77.022751,-12.076534],[-77.022962,-12.076669],[-77.023133,-12.076851],[-77.023253,-12.077068],[-77.023312,-12.077286],[-77.023314,-12.077561],[-77.023286,-12.077696],[-77.023202,-12.077902],[-77.023118,-12.07803],[-77.022976,-12.078181],[-77.022783,-12.078312],[-77.022615,-12.078387],[-77.02331,-12.081563],[-77.023322,-12.081658],[-77.023303,-12.081686],[-77.023064,-12.08179],[-77.020916,-12.081371],[-77.020522,-12.081314],[-77.019665,-12.081304],[-77.019121,-12.081369],[-77.018423,-12.081544],[-77.017265,-12.08201],[-77.013994,-12.083481],[-77.012683,-12.080689],[-77.012344,-12.080039],[-77.011988,-12.079423],[-77.011745,-12.079158],[-77.01156,-12.079029],[-77.01124,-12.078882],[-77.011052,-12.078876],[-77.010658,-12.078921],[-77.010422,-12.079024],[-77.009912,-12.079429],[-77.009728,-12.079475],[-77.009443,-12.079707],[-77.009019,-12.079949],[-77.008592,-12.080122],[-77.006856,-12.080637],[-77.006248,-12.080859],[-77.005952,-12.081012],[-77.005616,-12.081254],[-77.005419,-12.081432],[-77.003722,-12.080765],[-77.000973,-12.079643],[-77.000584,-12.079405],[-77.000006,-12.078987],[-76.999018,-12.078391],[-76.997378,-12.077483],[-76.995494,-12.076404],[-76.992461,-12.074892],[-76.991883,-12.074728],[-76.991799,-12.074712],[-76.991627,-12.074725],[-76.991475,-12.074794],[-76.991287,-12.074947],[-76.989264,-12.077528],[-76.988444,-12.078527],[-76.987522,-12.079748],[-76.984405,-12.083716],[-76.984323,-12.083861],[-76.984227,-12.084131],[-76.983859,-12.086151],[-76.983763,-12.086399],[-76.983538,-12.086665],[-76.982339,-12.087568],[-76.982135,-12.087756],[-76.981833,-12.088117],[-76.981605,-12.08845],[-76.981473,-12.088693],[-76.981327,-12.08907],[-76.980786,-12.092621],[-76.980543,-12.094544],[-76.980283,-12.096258],[-76.979059,-12.105066],[-76.97843,-12.109425],[-76.977381,-12.117227],[-76.977316,-12.118011],[-76.977032,-12.127029],[-76.977081,-12.127675],[-76.977213,-12.128236],[-76.977341,-12.128667],[-76.979939,-12.135346],[-76.980204,-12.136084],[-76.980506,-12.137121],[-76.980694,-12.138001],[-76.981922,-12.144976],[-76.982214,-12.146424],[-76.982541,-12.147585],[-76.983433,-12.150239],[-76.983698,-12.151245],[-76.983832,-12.152146],[-76.983918,-12.153061],[-76.983916,-12.153954],[-76.983989,-12.15412],[-76.983958,-12.154621],[-76.98385,-12.154813],[-76.983839,-12.154895],[-76.983873,-12.155088],[-76.984041,-12.155521],[-76.983971,-12.155794],[-76.984141,-12.155934],[-76.984412,-12.156068],[-76.984297,-12.156232],[-76.9841,-12.156881],[-76.983891,-12.156912],[-76.983634,-12.156858],[-76.983392,-12.15764],[-76.983252,-12.157769],[-76.98304,-12.158032],[-76.979801,-12.168993],[-76.979216,-12.171063],[-76.978414,-12.173531],[-76.977107,-12.1777],[-76.975232,-12.183497],[-76.974162,-12.186896],[-76.973691,-12.18847],[-76.973085,-12.190286],[-76.972878,-12.191093],[-76.972926,-12.19127],[-76.972865,-12.191617],[-76.972753,-12.191781],[-76.972697,-12.192349],[-76.972672,-12.192878],[-76.972697,-12.193623],[-76.972765,-12.19427],[-76.977084,-12.21777],[-76.977101,-12.218161],[-76.977074,-12.218673],[-76.976992,-12.219189],[-76.976868,-12.219619],[-76.976687,-12.220073],[-76.976492,-12.220453],[-76.976309,-12.220741],[-76.97597,-12.221192],[-76.974945,-12.222271],[-76.971728,-12.225569],[-76.969105,-12.22808],[-76.968565,-12.228748],[-76.967602,-12.229763],[-76.966929,-12.230366],[-76.966374,-12.230803],[-76.965993,-12.231058],[-76.965136,-12.231557],[-76.960833,-12.233764],[-76.94618,-12.241367],[-76.939631,-12.244789],[-76.935771,-12.246766],[-76.934993,-12.247203],[-76.934469,-12.24753],[-76.933916,-12.247919],[-76.927934,-12.252488],[-76.926877,-12.253195],[-76.921524,-12.25625],[-76.915658,-12.259949],[-76.912447,-12.262002],[-76.911632,-12.262484],[-76.905096,-12.266602],[-76.900043,-12.269746],[-76.894338,-12.273369],[-76.881535,-12.281361],[-76.861751,-12.293788],[-76.859696,-12.295103],[-76.858216,-12.295956],[-76.856967,-12.29657],[-76.8466,-12.301169],[-76.843482,-12.302579],[-76.842946,-12.302856],[-76.84187,-12.303494],[-76.840727,-12.304254],[-76.840299,-12.3046],[-76.839284,-12.305471],[-76.838799,-12.305946],[-76.838005,-12.306777],[-76.837094,-12.3079],[-76.836389,-12.308874],[-76.813266,-12.343539],[-76.812596,-12.344428],[-76.81215,-12.344897],[-76.793414,-12.362912],[-76.792555,-12.363712],[-76.789513,-12.366632],[-76.788346,-12.367795],[-76.784678,-12.37136],[-76.771046,-12.384553],[-76.763507,-12.391764],[-76.758079,-12.397024],[-76.757708,-12.39743],[-76.757364,-12.397899],[-76.757115,-12.398386],[-76.756896,-12.399008],[-76.756789,-12.399492],[-76.756746,-12.399831],[-76.756686,-12.408235],[-76.756626,-12.409459],[-76.756532,-12.410079],[-76.754901,-12.417171],[-76.75436,-12.419585],[-76.754249,-12.42018],[-76.754163,-12.420817],[-76.753517,-12.428315],[-76.753482,-12.429301],[-76.753517,-12.429923],[-76.753618,-12.430693],[-76.75373,-12.431216],[-76.754818,-12.434859],[-76.75684,-12.441843],[-76.756962,-12.442383],[-76.75703,-12.442864],[-76.75707,-12.443625],[-76.757063,-12.443999],[-76.756959,-12.444841],[-76.756832,-12.445426],[-76.756058,-12.44828],[-76.753246,-12.458501],[-76.752239,-12.46249],[-76.752028,-12.462434],[-76.751722,-12.463538],[-76.751398,-12.464797],[-76.751522,-12.46511],[-76.742148,-12.499385],[-76.741814,-12.500467],[-76.74158,-12.501105],[-76.741055,-12.502359],[-76.740318,-12.503765],[-76.739722,-12.504731],[-76.731819,-12.515842],[-76.730985,-12.516922],[-76.727413,-12.521053],[-76.726448,-12.522318],[-76.726065,-12.522883],[-76.725485,-12.523858],[-76.725173,-12.524463],[-76.722868,-12.529391],[-76.722221,-12.53084],[-76.721364,-12.532937],[-76.719329,-12.537242],[-76.710454,-12.556862],[-76.70969,-12.558507],[-76.709477,-12.558907],[-76.70911,-12.559481],[-76.708559,-12.560204],[-76.708256,-12.560544],[-76.707423,-12.561322],[-76.705309,-12.563061],[-76.694083,-12.572044],[-76.693358,-12.572598],[-76.692791,-12.572983],[-76.691814,-12.573577],[-76.691011,-12.574015],[-76.667681,-12.585699],[-76.666876,-12.586134],[-76.666112,-12.586636],[-76.665578,-12.587064],[-76.664757,-12.587854],[-76.6643,-12.588361],[-76.664024,-12.588722],[-76.663658,-12.589296],[-76.663332,-12.589894],[-76.663237,-12.590099],[-76.662773,-12.591376],[-76.662607,-12.592034],[-76.662497,-12.592703],[-76.66243,-12.593378],[-76.66242,-12.596091],[-76.66245,-12.598126],[-76.662624,-12.599699],[-76.662845,-12.600808],[-76.663123,-12.601904],[-76.663402,-12.602766],[-76.664198,-12.604887],[-76.670365,-12.620719],[-76.670638,-12.621817],[-76.670711,-12.622263],[-76.670777,-12.623391],[-76.670702,-12.624519],[-76.670668,-12.624742],[-76.67055,-12.62541],[-76.669736,-12.628237],[-76.669561,-12.629125],[-76.669472,-12.630025],[-76.669461,-12.630703],[-76.669503,-12.631379],[-76.669641,-12.632274],[-76.669945,-12.633597],[-76.670047,-12.634495],[-76.670069,-12.635173],[-76.670055,-12.635625],[-76.669956,-12.636523],[-76.669773,-12.637409],[-76.663377,-12.656044],[-76.66284,-12.657535],[-76.662272,-12.658771],[-76.661953,-12.659372],[-76.661377,-12.660349],[-76.660206,-12.662026],[-76.652165,-12.672761],[-76.651795,-12.673333],[-76.651282,-12.674344],[-76.650968,-12.675194],[-76.650788,-12.675848],[-76.648841,-12.685379],[-76.64858,-12.686479],[-76.648148,-12.687767],[-76.647811,-12.688609],[-76.647133,-12.690043],[-76.646685,-12.690833],[-76.645965,-12.691989],[-76.641624,-12.698648],[-76.640985,-12.699588],[-76.63703,-12.705685],[-76.636233,-12.706791],[-76.635208,-12.708009],[-76.634248,-12.708982],[-76.633214,-12.709878],[-76.621702,-12.71923],[-76.621369,-12.719542],[-76.620572,-12.720355],[-76.619972,-12.721039],[-76.619263,-12.721928],[-76.618614,-12.722861],[-76.618136,-12.723633],[-76.617717,-12.724437],[-76.617141,-12.725669],[-76.616668,-12.726943],[-76.616403,-12.727809],[-76.614247,-12.7366],[-76.612795,-12.742302],[-76.612469,-12.743386],[-76.612252,-12.744029],[-76.61173,-12.745284],[-76.61112,-12.7465],[-76.610285,-12.747853],[-76.605507,-12.754494],[-76.603821,-12.756919],[-76.602733,-12.758376],[-76.593655,-12.769173],[-76.587338,-12.776645],[-76.586428,-12.777663],[-76.585788,-12.778311],[-76.585109,-12.77892],[-76.584402,-12.779498],[-76.583674,-12.780049],[-76.582524,-12.780795],[-76.581931,-12.78114],[-76.571501,-12.786862],[-76.565066,-12.790353],[-76.560631,-12.792733],[-76.559849,-12.793208],[-76.559098,-12.793728],[-76.558363,-12.79427],[-76.557838,-12.794709],[-76.554769,-12.797435],[-76.55043,-12.801135],[-76.543363,-12.807258],[-76.54287,-12.807731],[-76.542432,-12.808255],[-76.542078,-12.808837],[-76.541909,-12.809257],[-76.541776,-12.809689],[-76.541682,-12.810131],[-76.541334,-12.812594],[-76.541223,-12.813264],[-76.541112,-12.813702],[-76.540837,-12.814565],[-76.540572,-12.815191],[-76.540147,-12.815992],[-76.539782,-12.816566],[-76.539238,-12.817295],[-76.537458,-12.819365],[-76.534748,-12.822438],[-76.526974,-12.831361],[-76.525647,-12.832921],[-76.524846,-12.834024],[-76.524238,-12.834982],[-76.523688,-12.835975],[-76.523042,-12.837424],[-76.522539,-12.838687],[-76.522259,-12.839307],[-76.521741,-12.840315],[-76.521293,-12.841105],[-76.520693,-12.842069],[-76.520046,-12.843002],[-76.519337,-12.843891],[-76.518748,-12.844585],[-76.516441,-12.847103],[-76.515573,-12.848156],[-76.514909,-12.849078],[-76.514207,-12.850245],[-76.513785,-12.851048],[-76.513307,-12.852076],[-76.512836,-12.853351],[-76.51246,-12.854656],[-76.51159,-12.857937],[-76.511212,-12.859475],[-76.511031,-12.860591],[-76.510954,-12.861265],[-76.510891,-12.862847],[-76.510904,-12.863525],[-76.51125,-12.869393],[-76.511285,-12.870975],[-76.510907,-12.882952],[-76.510815,-12.883852],[-76.510653,-12.884971],[-76.510516,-12.885636],[-76.51024,-12.886733],[-76.509807,-12.88802],[-76.502245,-12.905737],[-76.501821,-12.906787],[-76.501615,-12.907434],[-76.501435,-12.908321],[-76.50134,-12.90922],[-76.501325,-12.909898],[-76.501345,-12.91035],[-76.501473,-12.911473],[-76.501854,-12.914388],[-76.502006,-12.915736],[-76.502017,-12.916414],[-76.50199,-12.917092],[-76.501934,-12.917541],[-76.501771,-12.91843],[-76.50153,-12.919303],[-76.499836,-12.924704],[-76.499564,-12.925802],[-76.499443,-12.926698],[-76.499386,-12.9276],[-76.499359,-12.929182],[-76.499185,-12.930983],[-76.499,-12.932099],[-76.498739,-12.933199],[-76.498267,-12.934712],[-76.497842,-12.935762],[-76.496876,-12.937813],[-76.496528,-12.938649],[-76.496393,-12.939081],[-76.496305,-12.939525],[-76.496266,-12.939975],[-76.496261,-12.940427],[-76.496299,-12.940877],[-76.496381,-12.941322],[-76.496608,-12.941962],[-76.497037,-12.94276],[-76.49746,-12.943294],[-76.497946,-12.943774],[-76.498315,-12.944043],[-76.499841,-12.94505],[-76.50037,-12.945483],[-76.500684,-12.945813],[-76.500951,-12.94618],[-76.501272,-12.946779],[-76.501357,-12.946989],[-76.501512,-12.947415],[-76.501637,-12.94785],[-76.501741,-12.948519],[-76.501743,-12.949197],[-76.501655,-12.94987],[-76.498743,-12.96727],[-76.498416,-12.968588],[-76.49811,-12.96944],[-76.49462,-12.977805],[-76.490201,-12.988239],[-76.486957,-12.99597],[-76.485707,-12.998887],[-76.481951,-13.007877],[-76.479461,-13.013714],[-76.476835,-13.019984],[-76.475814,-13.022259],[-76.473722,-13.027279],[-76.473199,-13.028775],[-76.473013,-13.029428],[-76.472857,-13.030089],[-76.472601,-13.031651],[-76.472525,-13.032325],[-76.472453,-13.03368],[-76.472392,-13.037749],[-76.472342,-13.038878],[-76.472293,-13.039328],[-76.472131,-13.040218],[-76.471865,-13.041318],[-76.471331,-13.042809],[-76.470859,-13.04384],[-76.470407,-13.044627],[-76.469905,-13.045384],[-76.468842,-13.046859],[-76.464401,-13.052622],[-76.463231,-13.054017],[-76.462454,-13.054849],[-76.460962,-13.056256],[-76.456934,-13.059618],[-76.452183,-13.06354],[-76.451182,-13.064472],[-76.450412,-13.06531],[-76.449839,-13.066016],[-76.449166,-13.066931],[-76.448668,-13.067691],[-76.444015,-13.075488],[-76.443377,-13.076428],[-76.442815,-13.077143],[-76.442282,-13.077879],[-76.441844,-13.078402],[-76.439423,-13.081123],[-76.434087,-13.087339],[-76.427344,-13.095047],[-76.425868,-13.096779],[-76.416127,-13.107912],[-76.414904,-13.109262],[-76.413957,-13.110247],[-76.412797,-13.111341],[-76.411716,-13.112182],[-76.410568,-13.112932],[-76.409973,-13.113274],[-76.408754,-13.113905],[-76.399827,-13.118056],[-76.399419,-13.118265],[-76.398833,-13.11862],[-76.398092,-13.119154],[-76.397418,-13.119768],[-76.3968,-13.120437],[-76.396521,-13.120796],[-76.39614,-13.12136],[-76.395798,-13.121949],[-76.389888,-13.133447],[-76.387985,-13.137059],[-76.386653,-13.13969],[-76.384767,-13.143311],[-76.384409,-13.144143],[-76.384202,-13.14479],[-76.383715,-13.146767],[-76.3835,-13.147411],[-76.383145,-13.148245],[-76.382825,-13.148845],[-76.382708,-13.14904],[-76.381923,-13.150154],[-76.380975,-13.151433],[-76.380591,-13.151995],[-76.380036,-13.152716],[-76.379656,-13.153281],[-76.379108,-13.154007],[-76.378807,-13.154348],[-76.37847,-13.154654],[-76.377735,-13.155196],[-76.377564,-13.155346],[-76.377421,-13.155523],[-76.37724,-13.155659],[-76.375342,-13.15693],[-76.374089,-13.15792],[-76.37351,-13.158286],[-76.372883,-13.158563],[-76.372524,-13.158844],[-76.371955,-13.159227],[-76.371777,-13.159369],[-76.371007,-13.15986],[-76.370281,-13.160413],[-76.369309,-13.161014],[-76.368374,-13.16167],[-76.366038,-13.163499],[-76.360711,-13.167799],[-76.359456,-13.168787],[-76.359121,-13.169096],[-76.358365,-13.169946],[-76.357842,-13.170689],[-76.356925,-13.172512],[-76.356701,-13.173152],[-76.356583,-13.17359],[-76.356542,-13.173812],[-76.356423,-13.174936],[-76.356418,-13.175162],[-76.356411,-13.17584],[-76.356456,-13.176743],[-76.356552,-13.177415],[-76.35665,-13.178767],[-76.356544,-13.180346],[-76.356482,-13.180794],[-76.35622,-13.182126],[-76.35602,-13.183009],[-76.35546,-13.184731],[-76.355337,-13.185166],[-76.35515,-13.185579],[-76.354636,-13.18659],[-76.354308,-13.187186],[-76.353378,-13.188476],[-76.353011,-13.189049],[-76.352543,-13.189546],[-76.351818,-13.190422],[-76.350353,-13.191858],[-76.348968,-13.193368],[-76.348008,-13.194341],[-76.347498,-13.194795],[-76.346689,-13.195596],[-76.34611,-13.196297],[-76.34451,-13.197918],[-76.343854,-13.19855],[-76.343063,-13.199369],[-76.342608,-13.199878],[-76.340994,-13.201486],[-76.340385,-13.202163],[-76.33987,-13.202613],[-76.339239,-13.20327],[-76.338906,-13.203581],[-76.33876,-13.203755],[-76.338502,-13.204128],[-76.337574,-13.205129],[-76.337136,-13.205651],[-76.336875,-13.206023],[-76.335971,-13.207046],[-76.335399,-13.207754],[-76.334924,-13.208244],[-76.333583,-13.209792],[-76.333046,-13.210525],[-76.332331,-13.211409],[-76.330963,-13.212934],[-76.330548,-13.213474],[-76.329937,-13.214149],[-76.329382,-13.214869],[-76.328199,-13.216252],[-76.327347,-13.217317],[-76.326439,-13.218337],[-76.325889,-13.219061],[-76.325728,-13.219222],[-76.325369,-13.219501],[-76.325047,-13.219823],[-76.324448,-13.220508],[-76.32393,-13.220955],[-76.322291,-13.222194],[-76.321145,-13.222947],[-76.320552,-13.223292],[-76.319743,-13.22372],[-76.318916,-13.224112],[-76.318282,-13.224378],[-76.316764,-13.224897],[-76.316105,-13.225093],[-76.315213,-13.22531],[-76.313861,-13.225568],[-76.313178,-13.225655],[-76.311575,-13.225773],[-76.308591,-13.22578],[-76.305611,-13.22562],[-76.303085,-13.225613],[-76.302398,-13.225659],[-76.301942,-13.225713],[-76.300165,-13.226166],[-76.299315,-13.226505],[-76.298699,-13.226809],[-76.298116,-13.22717],[-76.297372,-13.227699],[-76.296437,-13.228695],[-76.295755,-13.229604],[-76.294473,-13.23148],[-76.292117,-13.234824],[-76.291707,-13.235368],[-76.290395,-13.237223],[-76.289914,-13.237993],[-76.289636,-13.238353],[-76.286679,-13.242661],[-76.286453,-13.243054],[-76.286149,-13.243663],[-76.285744,-13.24472],[-76.27886,-13.266526],[-76.278383,-13.267798],[-76.277551,-13.269905],[-76.276615,-13.27197],[-76.275905,-13.27339],[-76.274926,-13.275181],[-76.273559,-13.277537],[-76.273007,-13.278529],[-76.272647,-13.279106],[-76.270631,-13.282658],[-76.27039,-13.283043],[-76.269864,-13.283784],[-76.269413,-13.284297],[-76.269077,-13.284605],[-76.268304,-13.28544],[-76.261315,-13.292623],[-76.260238,-13.293798],[-76.259826,-13.294341],[-76.259329,-13.295101],[-76.2587,-13.296307],[-76.25814,-13.297547],[-76.257816,-13.298393],[-76.25729,-13.299646],[-76.256534,-13.301043],[-76.256237,-13.301654],[-76.25601,-13.302047],[-76.255235,-13.303168],[-76.254491,-13.304028],[-76.254106,-13.30459],[-76.252107,-13.307068],[-76.251016,-13.308523],[-76.250262,-13.309658],[-76.249269,-13.311442],[-76.24865,-13.312654],[-76.247893,-13.314302],[-76.247464,-13.315101],[-76.244909,-13.320163],[-76.243058,-13.324051],[-76.242841,-13.324449],[-76.242349,-13.325213],[-76.227289,-13.345177],[-76.226377,-13.34648],[-76.217066,-13.360475],[-76.211164,-13.370171],[-76.210829,-13.370764],[-76.197114,-13.396614],[-76.194463,-13.402132],[-76.194046,-13.402938],[-76.193029,-13.405214],[-76.192877,-13.405641],[-76.192704,-13.406297],[-76.191766,-13.410954],[-76.191056,-13.414273],[-76.190673,-13.415575],[-76.1902,-13.416605],[-76.188968,-13.418512],[-76.18642,-13.422274],[-76.185815,-13.423235],[-76.185288,-13.424239],[-76.185036,-13.42487],[-76.184697,-13.42595],[-76.183826,-13.428524],[-76.183555,-13.429388],[-76.182671,-13.431957],[-76.182262,-13.433252],[-76.182016,-13.433886],[-76.181832,-13.434539],[-76.181535,-13.435395],[-76.181005,-13.437361],[-76.180774,-13.438927],[-76.180448,-13.442303],[-76.180403,-13.44298],[-76.18011,-13.445905],[-76.18007,-13.446582],[-76.179427,-13.453562],[-76.179338,-13.454235],[-76.179026,-13.457612],[-76.178937,-13.459192],[-76.178947,-13.45987],[-76.179074,-13.461221],[-76.17927,-13.462334],[-76.179573,-13.463424],[-76.180356,-13.46555],[-76.181891,-13.469571],[-76.182426,-13.471063],[-76.183622,-13.474243],[-76.183941,-13.475329],[-76.184104,-13.475988],[-76.184323,-13.477327],[-76.184391,-13.478002],[-76.184967,-13.492914],[-76.185085,-13.495398],[-76.185389,-13.503305],[-76.18542,-13.504662],[-76.185382,-13.505565],[-76.185253,-13.506916],[-76.183448,-13.519452],[-76.183206,-13.521244],[-76.183138,-13.521919],[-76.1831,-13.522823],[-76.18307,-13.540006],[-76.182988,-13.54136],[-76.182919,-13.542035],[-76.180989,-13.55226],[-76.18092,-13.552707],[-76.180837,-13.553834],[-76.180501,-13.561061],[-76.180383,-13.562186],[-76.180187,-13.563299],[-76.179898,-13.564393],[-76.179625,-13.565256],[-76.179308,-13.566105],[-76.178524,-13.567741],[-76.176363,-13.571985],[-76.1758,-13.57297],[-76.174188,-13.575444],[-76.168403,-13.584145],[-76.16795,-13.584932],[-76.167453,-13.585951],[-76.166851,-13.587418],[-76.166708,-13.587847],[-76.16635,-13.589157],[-76.166048,-13.590941],[-76.165963,-13.591841],[-76.165944,-13.592971],[-76.166572,-13.603126],[-76.16662,-13.603576],[-76.166706,-13.604929],[-76.166777,-13.605604],[-76.166906,-13.606499],[-76.167149,-13.607835],[-76.1675,-13.609146],[-76.167979,-13.610657],[-76.17101,-13.619671],[-76.171981,-13.622689],[-76.17245,-13.62467],[-76.172678,-13.626237],[-76.172782,-13.627589],[-76.172846,-13.629397],[-76.172996,-13.632106],[-76.173069,-13.634366],[-76.173294,-13.638882],[-76.173578,-13.646337],[-76.173592,-13.647242],[-76.173761,-13.650629],[-76.173881,-13.653566],[-76.173909,-13.654922],[-76.174039,-13.658311],[-76.173992,-13.65944],[-76.173744,-13.661004],[-76.173688,-13.661223],[-76.173568,-13.661659],[-76.173211,-13.662733],[-76.172873,-13.663574],[-76.172369,-13.66459],[-76.171892,-13.665362],[-76.171506,-13.665923],[-76.17069,-13.667016],[-76.170192,-13.667776],[-76.169794,-13.66833],[-76.169234,-13.669046],[-76.167655,-13.671269],[-76.167278,-13.671837],[-76.165797,-13.673851],[-76.165549,-13.674232],[-76.164889,-13.675422],[-76.164391,-13.676687],[-76.163992,-13.677985],[-76.163755,-13.679091],[-76.163652,-13.67999],[-76.163608,-13.681119],[-76.163609,-13.682702],[-76.163651,-13.684058],[-76.163738,-13.692649],[-76.16379,-13.693551],[-76.164055,-13.695112],[-76.164238,-13.695766],[-76.164985,-13.698142],[-76.16521,-13.699019],[-76.165455,-13.700582],[-76.165521,-13.701484],[-76.165527,-13.702389],[-76.16539,-13.707813],[-76.165385,-13.708944],[-76.165341,-13.710073],[-76.165321,-13.712334],[-76.165272,-13.713237],[-76.165249,-13.714367],[-76.165121,-13.717756],[-76.165139,-13.719339],[-76.165204,-13.720014],[-76.165361,-13.720904],[-76.166388,-13.724846],[-76.16665,-13.726178],[-76.16686,-13.727518],[-76.166991,-13.728641],[-76.167089,-13.730221],[-76.167042,-13.732255],[-76.16693,-13.733607],[-76.166657,-13.735396],[-76.165922,-13.73894],[-76.165737,-13.740056],[-76.165707,-13.74028],[-76.165661,-13.741409],[-76.165698,-13.742538],[-76.165836,-13.743888],[-76.165941,-13.744558],[-76.166174,-13.745432],[-76.166864,-13.747589],[-76.167201,-13.748904],[-76.167419,-13.750472],[-76.167457,-13.750922],[-76.167445,-13.752278],[-76.167391,-13.752954],[-76.167207,-13.754298],[-76.16702,-13.755183],[-76.166651,-13.756724],[-76.166429,-13.757833],[-76.166301,-13.759183],[-76.16628,-13.760539],[-76.166363,-13.76144],[-76.166492,-13.762335],[-76.166726,-13.763442],[-76.169119,-13.772407],[-76.169567,-13.774161],[-76.169758,-13.775045],[-76.16983,-13.775492],[-76.169867,-13.776622],[-76.16986,-13.777074],[-76.169737,-13.777741],[-76.169624,-13.778179],[-76.169334,-13.779037],[-76.16895,-13.779858],[-76.168838,-13.780056],[-76.16561,-13.78553],[-76.163515,-13.789038],[-76.162791,-13.790192],[-76.159681,-13.795473],[-76.145384,-13.819455],[-76.144553,-13.82081],[-76.144004,-13.821802],[-76.143815,-13.822214],[-76.143483,-13.823057],[-76.141928,-13.827551],[-76.141516,-13.828607],[-76.141059,-13.829886],[-76.1405,-13.831609],[-76.139948,-13.833095],[-76.138776,-13.836524],[-76.138603,-13.836943],[-76.138182,-13.838234],[-76.137857,-13.83908],[-76.137581,-13.839943],[-76.136774,-13.842299],[-76.133289,-13.852117],[-76.131978,-13.855737],[-76.12723,-13.869431],[-76.126381,-13.871773],[-76.125255,-13.874978],[-76.125001,-13.875608],[-76.124464,-13.876608],[-76.123959,-13.877362],[-76.123394,-13.878075],[-76.122921,-13.878568],[-76.122405,-13.879017],[-76.121681,-13.879573],[-76.120905,-13.880055],[-76.119028,-13.880906],[-76.115009,-13.882575],[-76.105977,-13.886501],[-76.102385,-13.888006],[-76.098609,-13.88966],[-76.094169,-13.89151],[-76.086391,-13.894875],[-76.076685,-13.898973],[-76.073534,-13.900342],[-76.072078,-13.901011],[-76.068068,-13.902703],[-76.06383,-13.904443],[-76.063398,-13.904597],[-76.062511,-13.904832],[-76.062286,-13.904874],[-76.061378,-13.905012],[-76.060461,-13.905059],[-76.057707,-13.905133],[-76.05105,-13.905258],[-76.048525,-13.905283],[-76.038425,-13.905518],[-76.03659,-13.905582],[-76.036132,-13.90562],[-76.035002,-13.905815],[-76.033432,-13.906155],[-76.024264,-13.908257],[-76.020225,-13.909121],[-76.017766,-13.909687],[-76.016662,-13.909996],[-76.016023,-13.910246],[-76.015409,-13.910555],[-76.01483,-13.910921],[-76.014463,-13.911193],[-76.013772,-13.911788],[-76.007137,-13.918364],[-76.006125,-13.919284],[-76.005566,-13.91968],[-76.004982,-13.92004],[-76.004373,-13.920356],[-76.003745,-13.920633],[-76.002429,-13.921034],[-75.985995,-13.925279],[-75.981324,-13.926456],[-75.978887,-13.927106],[-75.969773,-13.929428],[-75.968876,-13.929622],[-75.967964,-13.92972],[-75.953505,-13.930128],[-75.929177,-13.930767],[-75.92803,-13.930824],[-75.924367,-13.931093],[-75.922074,-13.931215],[-75.918182,-13.931496],[-75.915665,-13.9317],[-75.910626,-13.932043],[-75.908562,-13.932144],[-75.906497,-13.932211],[-75.901921,-13.932589],[-75.89964,-13.932843],[-75.893683,-13.933235],[-75.887042,-13.933703],[-75.883833,-13.933887],[-75.874442,-13.934528],[-75.857031,-13.935657],[-75.854283,-13.935856],[-75.845118,-13.936428],[-75.830002,-13.937472],[-75.819919,-13.938095],[-75.819235,-13.93817],[-75.81834,-13.938371],[-75.817468,-13.938655],[-75.816632,-13.939029],[-75.81623,-13.939248],[-75.814497,-13.940355],[-75.80944,-13.943479],[-75.808485,-13.944106],[-75.800118,-13.949267],[-75.792562,-13.953997],[-75.789244,-13.956022],[-75.78848,-13.956524],[-75.787367,-13.957323],[-75.786517,-13.958083],[-75.78603,-13.958562],[-75.785121,-13.959582],[-75.784198,-13.960876],[-75.783744,-13.961662],[-75.782707,-13.96368],[-75.780617,-13.967958],[-75.778226,-13.972595],[-75.777899,-13.973191],[-75.775961,-13.97704],[-75.775375,-13.978268],[-75.774856,-13.979276],[-75.774437,-13.980328],[-75.774223,-13.980972],[-75.773926,-13.982064],[-75.772601,-13.986394],[-75.772224,-13.987699],[-75.771782,-13.988983],[-75.766031,-14.00782],[-75.764744,-14.011924],[-75.762495,-14.019286],[-75.762278,-14.019929],[-75.76062,-14.025341],[-75.760109,-14.0266],[-75.749328,-14.046817],[-75.74903,-14.047429],[-75.748571,-14.048212],[-75.747492,-14.050207],[-75.747043,-14.051247],[-75.746938,-14.051447],[-75.74505,-14.054278],[-75.74407,-14.055808],[-75.74256,-14.058602],[-75.742376,-14.059016],[-75.742073,-14.05987],[-75.740685,-14.064652],[-75.740352,-14.065968],[-75.740386,-14.066145],[-75.740313,-14.066284],[-75.740291,-14.066509],[-75.740219,-14.066722],[-75.740087,-14.066906],[-75.73998,-14.067105],[-75.739485,-14.068845],[-75.738732,-14.071219],[-75.738695,-14.071441],[-75.738718,-14.071664],[-75.738794,-14.071877],[-75.73881,-14.0721],[-75.73856,-14.072732],[-75.738532,-14.072952],[-75.738598,-14.076569],[-75.738548,-14.077471],[-75.738407,-14.078134],[-75.738254,-14.078561],[-75.738062,-14.078971],[-75.737708,-14.079551],[-75.737276,-14.08008],[-75.737109,-14.080234],[-75.736057,-14.08111],[-75.730186,-14.085826],[-75.72963,-14.086225],[-75.729429,-14.086335],[-75.728379,-14.086791],[-75.724766,-14.088246],[-75.720984,-14.089884],[-75.720329,-14.090094],[-75.719653,-14.090223],[-75.718969,-14.090298],[-75.718534,-14.090436],[-75.718341,-14.090558],[-75.718173,-14.090711],[-75.717874,-14.09105],[-75.717748,-14.091481],[-75.71709,-14.095039],[-75.716585,-14.097936],[-75.716557,-14.09816],[-75.716523,-14.099064],[-75.716559,-14.099741],[-75.716722,-14.10086],[-75.717041,-14.102179],[-75.718127,-14.10634],[-75.718199,-14.106786],[-75.71823,-14.107463],[-75.718198,-14.107914],[-75.71628,-14.125675],[-75.716254,-14.126579],[-75.716286,-14.127256],[-75.716507,-14.128824],[-75.717534,-14.135302],[-75.71757,-14.135753],[-75.717562,-14.136204],[-75.717419,-14.137781],[-75.717253,-14.139127],[-75.717162,-14.139571],[-75.716328,-14.142628],[-75.715058,-14.14814],[-75.714396,-14.151698],[-75.713852,-14.154126],[-75.713344,-14.157252],[-75.712546,-14.161934],[-75.712362,-14.16282],[-75.712029,-14.164136],[-75.711617,-14.16613],[-75.711569,-14.16658],[-75.71157,-14.166805],[-75.711649,-14.167249],[-75.711728,-14.167461],[-75.711842,-14.167655],[-75.711979,-14.167836],[-75.712707,-14.168387],[-75.712875,-14.168542],[-75.713026,-14.16871],[-75.713156,-14.168896],[-75.713382,-14.16929],[-75.71354,-14.169713],[-75.713733,-14.170364],[-75.714143,-14.17142],[-75.714774,-14.172625],[-75.715482,-14.174045],[-75.715843,-14.175118],[-75.715995,-14.17578],[-75.716026,-14.176003],[-75.71605,-14.176228],[-75.71603,-14.17668],[-75.715933,-14.177121],[-75.715575,-14.178195],[-75.715538,-14.178646],[-75.71553,-14.17955],[-75.715487,-14.180226],[-75.715256,-14.181333],[-75.714742,-14.183537],[-75.714483,-14.184869],[-75.714349,-14.186219],[-75.71429,-14.187122],[-75.714415,-14.189832],[-75.714404,-14.190284],[-75.714328,-14.190729],[-75.713871,-14.192246],[-75.713835,-14.192696],[-75.71387,-14.192919],[-75.714524,-14.195321],[-75.714684,-14.195744],[-75.715154,-14.196776],[-75.715283,-14.197208],[-75.715499,-14.199912],[-75.715478,-14.200364],[-75.715442,-14.200587],[-75.714736,-14.203675],[-75.713492,-14.208729],[-75.713265,-14.209369],[-75.712977,-14.209985],[-75.712746,-14.210375],[-75.712365,-14.21094],[-75.710243,-14.213611],[-75.709851,-14.214168],[-75.709644,-14.214572],[-75.708776,-14.216664],[-75.708673,-14.216866],[-75.70654,-14.220084],[-75.706125,-14.221137],[-75.703849,-14.22583],[-75.701946,-14.229185],[-75.701823,-14.229376],[-75.701516,-14.229711],[-75.696934,-14.234152],[-75.695693,-14.235485],[-75.694649,-14.236688],[-75.694398,-14.237066],[-75.694206,-14.237476],[-75.692514,-14.24168],[-75.69225,-14.242546],[-75.691712,-14.244976],[-75.690539,-14.247677],[-75.68977,-14.24932],[-75.689522,-14.249953],[-75.689379,-14.250382],[-75.688315,-14.255476],[-75.687425,-14.258517],[-75.686733,-14.260673],[-75.685424,-14.265007],[-75.685313,-14.265676],[-75.685041,-14.268603],[-75.684929,-14.269041],[-75.684259,-14.270226],[-75.683986,-14.270847],[-75.683938,-14.271068],[-75.683902,-14.271519],[-75.683907,-14.272423],[-75.683544,-14.27534],[-75.683425,-14.276008],[-75.682414,-14.27972],[-75.681028,-14.286132],[-75.680766,-14.286759],[-75.679113,-14.289733],[-75.678829,-14.290351],[-75.678772,-14.290569],[-75.67874,-14.290793],[-75.678757,-14.291244],[-75.678971,-14.292355],[-75.67901,-14.292804],[-75.678941,-14.294838],[-75.678808,-14.296188],[-75.67834,-14.299319],[-75.677992,-14.301325],[-75.677898,-14.301997],[-75.677842,-14.303126],[-75.67787,-14.30516],[-75.67782,-14.306516],[-75.67761,-14.308994],[-75.677519,-14.309667],[-75.677467,-14.309886],[-75.677198,-14.31051],[-75.67585,-14.313133],[-75.673504,-14.318043],[-75.672937,-14.319279],[-75.670867,-14.324063],[-75.670574,-14.324676],[-75.670141,-14.325474],[-75.66954,-14.326437],[-75.66914,-14.326988],[-75.668714,-14.327522],[-75.665699,-14.330933],[-75.664303,-14.332433],[-75.655843,-14.340405],[-75.654698,-14.341514],[-75.642229,-14.353209],[-75.629625,-14.365092],[-75.629467,-14.365256],[-75.622058,-14.374475],[-75.614257,-14.384254],[-75.613945,-14.384585],[-75.613591,-14.384873],[-75.613214,-14.38513],[-75.609697,-14.386796],[-75.608852,-14.38715],[-75.60842,-14.387304],[-75.60731,-14.387591],[-75.604154,-14.388191],[-75.603489,-14.388366],[-75.603069,-14.388547],[-75.60269,-14.3888],[-75.602169,-14.389244],[-75.601337,-14.390022],[-75.5979,-14.393353],[-75.597365,-14.393778],[-75.59696,-14.393988],[-75.596516,-14.394106],[-75.596062,-14.394168],[-75.595604,-14.394159],[-75.595155,-14.394073],[-75.594316,-14.393706],[-75.592951,-14.392871],[-75.592745,-14.392771],[-75.592316,-14.392611],[-75.592094,-14.392556],[-75.591868,-14.392515],[-75.591639,-14.392505],[-75.591409,-14.3925],[-75.590955,-14.392565],[-75.58789,-14.393518],[-75.587464,-14.393684],[-75.560749,-14.406277],[-75.48358,-14.441254],[-75.477732,-14.443882],[-75.470445,-14.447218],[-75.467652,-14.448254],[-75.410137,-14.463128],[-75.33839,-14.481601],[-75.309049,-14.489075],[-75.300648,-14.491392],[-75.300217,-14.491546],[-75.299808,-14.491751],[-75.293832,-14.495124],[-75.293416,-14.495315],[-75.292975,-14.495436],[-75.292289,-14.495495],[-75.286551,-14.495626],[-75.285864,-14.495585],[-75.276512,-14.494529],[-75.275594,-14.494493],[-75.275139,-14.494548],[-75.274691,-14.494649],[-75.273818,-14.494929],[-75.272119,-14.495616],[-75.261967,-14.499838],[-75.261554,-14.500035],[-75.261157,-14.500262],[-75.260607,-14.50067],[-75.257827,-14.503035],[-75.257443,-14.503281],[-75.257236,-14.503378],[-75.256585,-14.503599],[-75.25613,-14.503635],[-75.255902,-14.503621],[-75.255451,-14.503536],[-75.255234,-14.503467],[-75.254609,-14.503182],[-75.253364,-14.502181],[-75.248163,-14.497735],[-75.245739,-14.495018],[-75.245391,-14.494724],[-75.244635,-14.49421],[-75.24381,-14.493815],[-75.238812,-14.491529],[-75.237751,-14.491098],[-75.237531,-14.491037],[-75.236854,-14.490913],[-75.235707,-14.490872],[-75.235023,-14.490797],[-75.234564,-14.49078],[-75.232961,-14.490891],[-75.232276,-14.490831],[-75.231612,-14.490655],[-75.231188,-14.490482],[-75.230609,-14.490115],[-75.230277,-14.489803],[-75.230132,-14.489628],[-75.229036,-14.488177],[-75.228654,-14.487613],[-75.228505,-14.487442],[-75.22818,-14.487123],[-75.22645,-14.485636],[-75.225773,-14.485025],[-75.225492,-14.484668],[-75.225378,-14.484474],[-75.225213,-14.484052],[-75.225119,-14.483612],[-75.225095,-14.483387],[-75.225084,-14.481353],[-75.224945,-14.480689],[-75.224504,-14.479647],[-75.224345,-14.479484],[-75.224155,-14.479361],[-75.223937,-14.479294],[-75.223709,-14.479271],[-75.223487,-14.479326],[-75.223299,-14.47945],[-75.223143,-14.479613],[-75.223054,-14.479821],[-75.223021,-14.480043],[-75.223048,-14.480265],[-75.223138,-14.480472],[-75.223577,-14.481265],[-75.223657,-14.481477],[-75.223706,-14.481697],[-75.223752,-14.484183],[-75.223775,-14.484408],[-75.22388,-14.484846],[-75.224167,-14.485705],[-75.224145,-14.485927],[-75.224014,-14.486112],[-75.223819,-14.486224],[-75.223593,-14.486205],[-75.223398,-14.486098],[-75.223284,-14.485904],[-75.223052,-14.484568],[-75.22296,-14.484362],[-75.222827,-14.484179],[-75.22266,-14.484026],[-75.222463,-14.483912],[-75.222246,-14.483838],[-75.222018,-14.483817],[-75.221559,-14.483811],[-75.219724,-14.483872],[-75.219495,-14.483852],[-75.219269,-14.483812],[-75.218839,-14.483655],[-75.21822,-14.483357],[-75.218003,-14.483285],[-75.217777,-14.483253],[-75.21755,-14.483276],[-75.217331,-14.483339],[-75.217125,-14.483439],[-75.216938,-14.483569],[-75.216793,-14.483743],[-75.216682,-14.48394],[-75.216609,-14.484153],[-75.216585,-14.484378],[-75.216616,-14.484601],[-75.216682,-14.484817],[-75.216794,-14.485014],[-75.216946,-14.485181],[-75.217132,-14.485313],[-75.217334,-14.485421],[-75.217553,-14.485483],[-75.217783,-14.485486],[-75.218009,-14.485451],[-75.218678,-14.485292],[-75.218905,-14.48526],[-75.21913,-14.485295],[-75.219343,-14.485375],[-75.219524,-14.485514],[-75.219675,-14.485681],[-75.21976,-14.485888],[-75.219787,-14.486113],[-75.219741,-14.486332],[-75.219637,-14.486533],[-75.219497,-14.486708],[-75.219306,-14.486832],[-75.214592,-14.489175],[-75.214222,-14.489441],[-75.214072,-14.489612],[-75.213953,-14.489803],[-75.213862,-14.490011],[-75.213549,-14.490861],[-75.213489,-14.491079],[-75.213432,-14.491526],[-75.213507,-14.491972],[-75.213866,-14.492803],[-75.214011,-14.493232],[-75.214034,-14.493456],[-75.214002,-14.493678],[-75.213928,-14.493892],[-75.213808,-14.494084],[-75.213649,-14.494245],[-75.213466,-14.494382],[-75.213258,-14.494475],[-75.213037,-14.494536],[-75.212809,-14.494559],[-75.211432,-14.494541],[-75.211001,-14.494688],[-75.210817,-14.494821],[-75.210657,-14.494982],[-75.210405,-14.495358],[-75.210338,-14.495804],[-75.210342,-14.496029],[-75.21044,-14.49647],[-75.213687,-14.505651],[-75.214295,-14.507831],[-75.214774,-14.508856],[-75.215317,-14.510103],[-75.215658,-14.511181],[-75.215725,-14.512082],[-75.215493,-14.515919],[-75.21539,-14.51636],[-75.215115,-14.516981],[-75.214852,-14.517349],[-75.214356,-14.51782],[-75.213963,-14.518052],[-75.213553,-14.518254],[-75.204751,-14.520834],[-75.204301,-14.520916],[-75.204072,-14.520929],[-75.203621,-14.520847],[-75.202508,-14.520567],[-75.202282,-14.520532],[-75.202066,-14.520591],[-75.201914,-14.520754],[-75.201906,-14.520975],[-75.201998,-14.52118],[-75.202252,-14.521556],[-75.202352,-14.521997],[-75.202526,-14.523114],[-75.202605,-14.523325],[-75.202893,-14.523675],[-75.203005,-14.52387],[-75.203207,-14.524519],[-75.203334,-14.524706],[-75.203838,-14.525167],[-75.203996,-14.525331],[-75.204279,-14.525686],[-75.204368,-14.525893],[-75.20449,-14.526328],[-75.204586,-14.526532],[-75.204822,-14.52692],[-75.205362,-14.527652],[-75.206195,-14.528429],[-75.206343,-14.528598],[-75.20635,-14.528816],[-75.206134,-14.528859],[-75.205485,-14.528637],[-75.204804,-14.528562],[-75.204439,-14.528289],[-75.204229,-14.528202],[-75.203772,-14.528191],[-75.203569,-14.528089],[-75.203355,-14.528024],[-75.20314,-14.528083],[-75.202658,-14.528563],[-75.202444,-14.52863],[-75.202244,-14.528542],[-75.202065,-14.528128],[-75.201925,-14.527961],[-75.201705,-14.52791],[-75.201478,-14.527926],[-75.201285,-14.52804],[-75.201221,-14.528255],[-75.201266,-14.528476],[-75.201357,-14.528682],[-75.201479,-14.528873],[-75.202063,-14.52957],[-75.202183,-14.52976],[-75.202251,-14.529974],[-75.202277,-14.530199],[-75.202242,-14.530417],[-75.202091,-14.530584],[-75.201866,-14.530592],[-75.199618,-14.530129],[-75.19671,-14.529468],[-75.195884,-14.529083],[-75.19498,-14.528922],[-75.19477,-14.528833],[-75.194222,-14.528422],[-75.194018,-14.528339],[-75.193793,-14.528355],[-75.190923,-14.531283],[-75.189526,-14.532783],[-75.187763,-14.534564],[-75.182126,-14.540516],[-75.181989,-14.540697],[-75.181915,-14.540907],[-75.18189,-14.541356],[-75.181987,-14.54156],[-75.182131,-14.541735],[-75.192576,-14.550579],[-75.200819,-14.556712],[-75.201358,-14.557134],[-75.201879,-14.557577],[-75.202992,-14.558719],[-75.207654,-14.563712],[-75.207786,-14.563896],[-75.208159,-14.564466],[-75.208571,-14.565274],[-75.208988,-14.566566],[-75.209033,-14.566788],[-75.209075,-14.567237],[-75.208469,-14.573993],[-75.207954,-14.579396],[-75.207889,-14.579843],[-75.207836,-14.580063],[-75.207759,-14.580276],[-75.207654,-14.580477],[-75.207523,-14.580662],[-75.200222,-14.58786],[-75.199926,-14.588204],[-75.199695,-14.588594],[-75.19956,-14.589026],[-75.19422,-14.611248],[-75.193884,-14.612563],[-75.193691,-14.613214],[-75.18488,-14.637964],[-75.18462,-14.638592],[-75.184519,-14.638795],[-75.184277,-14.639178],[-75.183485,-14.640288],[-75.183265,-14.640685],[-75.182001,-14.643595],[-75.18176,-14.643979],[-75.181355,-14.644528],[-75.180078,-14.646128],[-75.179925,-14.646294],[-75.179021,-14.646991],[-75.178643,-14.647248],[-75.17831,-14.647557],[-75.177101,-14.649207],[-75.176893,-14.64961],[-75.176818,-14.649823],[-75.176248,-14.652245],[-75.17614,-14.652444],[-75.176002,-14.652625],[-75.173223,-14.655637],[-75.173051,-14.655787],[-75.172877,-14.655934],[-75.169597,-14.658018],[-75.169237,-14.658296],[-75.169092,-14.658471],[-75.168975,-14.658666],[-75.168885,-14.658872],[-75.167878,-14.663052],[-75.167813,-14.663269],[-75.167703,-14.663467],[-75.167569,-14.663648],[-75.167077,-14.664123],[-75.165505,-14.665443],[-75.160999,-14.669298],[-75.159451,-14.670646],[-75.158576,-14.671378],[-75.158247,-14.671693],[-75.157803,-14.67221],[-75.157012,-14.673321],[-75.156717,-14.673667],[-75.156095,-14.674333],[-75.155966,-14.674519],[-75.155846,-14.674711],[-75.154919,-14.67678],[-75.154803,-14.676975],[-75.154628,-14.677118],[-75.154407,-14.677175],[-75.154179,-14.677197],[-75.152594,-14.677461],[-75.152375,-14.677524],[-75.152164,-14.677614],[-75.151771,-14.677847],[-75.151354,-14.678033],[-75.150914,-14.678163],[-75.150237,-14.678285],[-75.149779,-14.678274],[-75.148869,-14.678394],[-75.14864,-14.678394],[-75.148416,-14.678356],[-75.147977,-14.678223],[-75.147752,-14.678183],[-75.147296,-14.678131],[-75.146837,-14.678129],[-75.142943,-14.67839],[-75.142493,-14.678475],[-75.142063,-14.678629],[-75.13778,-14.681266],[-75.133596,-14.684052],[-75.133082,-14.684502],[-75.129467,-14.688292],[-75.129114,-14.68858],[-75.128915,-14.688691],[-75.1287,-14.688768],[-75.128474,-14.688802],[-75.128246,-14.688791],[-75.128024,-14.688739],[-75.126296,-14.688125],[-75.12523,-14.687705],[-75.122218,-14.6866],[-75.121995,-14.68655],[-75.121766,-14.686532],[-75.121311,-14.686587],[-75.121095,-14.686663],[-75.12089,-14.686765],[-75.120706,-14.686898],[-75.119396,-14.688165],[-75.117321,-14.690278],[-75.106317,-14.701184],[-75.098629,-14.70896],[-75.093792,-14.713788],[-75.091179,-14.716332],[-75.077304,-14.730166],[-75.075518,-14.731924],[-75.064568,-14.742882],[-75.063314,-14.744204],[-75.025223,-14.785577],[-75.024739,-14.786058],[-75.024394,-14.786357],[-75.024221,-14.786506],[-75.006603,-14.799169],[-74.999538,-14.80421],[-74.997695,-14.805557],[-74.985629,-14.814206],[-74.985045,-14.814564],[-74.984643,-14.814782],[-74.983801,-14.815142],[-74.963337,-14.822574],[-74.962027,-14.822993],[-74.958714,-14.823922],[-74.958501,-14.824004],[-74.958087,-14.824199],[-74.957894,-14.824321],[-74.956493,-14.82549],[-74.956097,-14.825717],[-74.955672,-14.825887],[-74.954112,-14.826266],[-74.944651,-14.8281],[-74.944432,-14.828168],[-74.94423,-14.828269],[-74.943911,-14.828593],[-74.943736,-14.828729],[-74.943522,-14.828686],[-74.943383,-14.82851],[-74.94317,-14.828438],[-74.942505,-14.828467],[-74.942505,-14.828244],[-74.94257,-14.828028],[-74.94273,-14.827959],[-74.94363,-14.828138],[-74.943776,-14.828275],[-74.943912,-14.828446],[-74.943757,-14.829098],[-74.943654,-14.829769],[-74.943555,-14.830209],[-74.943206,-14.832215],[-74.942524,-14.835539],[-74.942335,-14.838472],[-74.94225,-14.840958],[-74.942221,-14.841181],[-74.94214,-14.841392],[-74.942032,-14.841591],[-74.941893,-14.84177],[-74.941726,-14.841924],[-74.941534,-14.842045],[-74.941283,-14.842377],[-74.94062,-14.842197],[-74.938325,-14.842211],[-74.937639,-14.842156],[-74.937194,-14.842047],[-74.936982,-14.841961],[-74.935436,-14.840985],[-74.935235,-14.840876],[-74.935022,-14.840794],[-74.9348,-14.84074],[-74.934344,-14.840691],[-74.930904,-14.840523],[-74.930678,-14.840482],[-74.930247,-14.84033],[-74.930038,-14.840237],[-74.92985,-14.840108],[-74.92938,-14.839612],[-74.927252,-14.83724],[-74.926575,-14.83663],[-74.92621,-14.836355],[-74.925815,-14.836127],[-74.924573,-14.835538],[-74.922681,-14.834721],[-74.921835,-14.83437],[-74.920106,-14.83376],[-74.919907,-14.833648],[-74.919573,-14.83334],[-74.918987,-14.832985],[-74.918777,-14.8329],[-74.918326,-14.832821],[-74.918118,-14.832727],[-74.917939,-14.832588],[-74.917824,-14.832395],[-74.917648,-14.831978],[-74.917472,-14.831836],[-74.917073,-14.831613],[-74.916863,-14.831522],[-74.916013,-14.831179],[-74.915796,-14.831113],[-74.915567,-14.831097],[-74.914891,-14.831221],[-74.914433,-14.831197],[-74.913311,-14.83096],[-74.912443,-14.83067],[-74.912215,-14.830657],[-74.91199,-14.830696],[-74.91133,-14.830889],[-74.911103,-14.830922],[-74.910644,-14.830931],[-74.910185,-14.830913],[-74.909044,-14.831031],[-74.907667,-14.831026],[-74.907438,-14.831048],[-74.905186,-14.831485],[-74.901348,-14.832183],[-74.89976,-14.83243],[-74.899532,-14.83244],[-74.899303,-14.832423],[-74.898625,-14.832306],[-74.897283,-14.831999],[-74.894001,-14.830973],[-74.893331,-14.830816],[-74.885871,-14.829513],[-74.885415,-14.829485],[-74.885191,-14.829528],[-74.884367,-14.829924],[-74.883932,-14.830069],[-74.883706,-14.83011],[-74.883249,-14.830122],[-74.882795,-14.830055],[-74.882576,-14.829989],[-74.882368,-14.829893],[-74.881984,-14.829646],[-74.88079,-14.828587],[-74.878443,-14.826424],[-74.878084,-14.826144],[-74.877886,-14.826029],[-74.87768,-14.825932],[-74.87746,-14.825868],[-74.87361,-14.825239],[-74.872921,-14.825244],[-74.866747,-14.825785],[-74.866069,-14.825905],[-74.861831,-14.82692],[-74.861375,-14.826967],[-74.861147,-14.826944],[-74.86093,-14.826872],[-74.860727,-14.826769],[-74.859956,-14.826277],[-74.859537,-14.826094],[-74.859316,-14.826033],[-74.857729,-14.825786],[-74.857504,-14.82574],[-74.857288,-14.825667],[-74.857081,-14.82557],[-74.856888,-14.825448],[-74.856368,-14.825003],[-74.856183,-14.824869],[-74.85598,-14.824764],[-74.855547,-14.824618],[-74.854651,-14.82442],[-74.854435,-14.824345],[-74.853413,-14.823832],[-74.852098,-14.823437],[-74.851281,-14.823025],[-74.850177,-14.822722],[-74.849969,-14.822627],[-74.849004,-14.822014],[-74.848393,-14.821703],[-74.846909,-14.821094],[-74.844739,-14.820357],[-74.844515,-14.820309],[-74.844287,-14.820291],[-74.841303,-14.820342],[-74.841079,-14.820388],[-74.840439,-14.820637],[-74.840211,-14.820637],[-74.838916,-14.82018],[-74.838691,-14.820136],[-74.837547,-14.820043],[-74.837095,-14.819963],[-74.834677,-14.819246],[-74.833333,-14.818947],[-74.831783,-14.81853],[-74.831326,-14.818537],[-74.831103,-14.81849],[-74.830486,-14.818191],[-74.830035,-14.818106],[-74.829577,-14.818075],[-74.829348,-14.818079],[-74.828893,-14.818135],[-74.828678,-14.818211],[-74.827093,-14.819125],[-74.826916,-14.819269],[-74.826774,-14.819444],[-74.826455,-14.820045],[-74.826252,-14.820137],[-74.826032,-14.820085],[-74.825599,-14.819942],[-74.825376,-14.819988],[-74.824612,-14.820488],[-74.824057,-14.82089],[-74.822648,-14.82205],[-74.822461,-14.822179],[-74.820555,-14.822962],[-74.820379,-14.823105],[-74.820271,-14.823304],[-74.82008,-14.823954],[-74.819958,-14.824142],[-74.819785,-14.824289],[-74.818438,-14.825151],[-74.818016,-14.825329],[-74.817354,-14.825514],[-74.817142,-14.8256],[-74.816961,-14.825737],[-74.816137,-14.826524],[-74.815991,-14.826698],[-74.81587,-14.826889],[-74.815677,-14.827539],[-74.815586,-14.827746],[-74.815404,-14.827878],[-74.815179,-14.827918],[-74.814986,-14.828035],[-74.81489,-14.828237],[-74.814906,-14.828459],[-74.814984,-14.82867],[-74.815109,-14.828859],[-74.815292,-14.82899],[-74.815516,-14.828979],[-74.815711,-14.828862],[-74.815875,-14.828705],[-74.816175,-14.828096],[-74.816345,-14.827944],[-74.81654,-14.827825],[-74.81696,-14.827645],[-74.81718,-14.82763],[-74.817257,-14.827811],[-74.817097,-14.827966],[-74.816904,-14.828088],[-74.816732,-14.828235],[-74.816594,-14.828415],[-74.816355,-14.828802],[-74.816203,-14.82897],[-74.815798,-14.829172],[-74.815698,-14.829372],[-74.815536,-14.829793],[-74.815397,-14.829972],[-74.815062,-14.830279],[-74.814928,-14.830462],[-74.814725,-14.830867],[-74.814582,-14.831043],[-74.813437,-14.832154],[-74.8133,-14.832335],[-74.812762,-14.833068],[-74.812531,-14.833458],[-74.81215,-14.834524],[-74.812044,-14.834723],[-74.811905,-14.834902],[-74.81173,-14.835048],[-74.810389,-14.835921],[-74.809983,-14.836132],[-74.809761,-14.836186],[-74.80885,-14.836298],[-74.807732,-14.836047],[-74.807504,-14.836037],[-74.80732,-14.836153],[-74.807259,-14.836827],[-74.807126,-14.837259],[-74.806913,-14.837659],[-74.806753,-14.83782],[-74.80654,-14.837895],[-74.806314,-14.837872],[-74.806128,-14.837743],[-74.805845,-14.837391],[-74.805626,-14.837389],[-74.805046,-14.837755],[-74.804927,-14.83794],[-74.804791,-14.838605],[-74.804709,-14.838816],[-74.804483,-14.839208],[-74.80415,-14.839517],[-74.803799,-14.840101],[-74.802923,-14.840827],[-74.802511,-14.841022],[-74.802317,-14.841143],[-74.801852,-14.841641],[-74.80162,-14.84203],[-74.801284,-14.842337],[-74.800385,-14.843364],[-74.799545,-14.844135],[-74.797401,-14.84618],[-74.7973,-14.846374],[-74.797416,-14.846552],[-74.797632,-14.846551],[-74.798495,-14.84581],[-74.798712,-14.845771],[-74.798723,-14.845957],[-74.798421,-14.846294],[-74.797814,-14.847512],[-74.797744,-14.847726],[-74.797744,-14.84795],[-74.79782,-14.848395],[-74.797797,-14.848619],[-74.797694,-14.84906],[-74.79768,-14.849284],[-74.797743,-14.849501],[-74.798214,-14.850531],[-74.798384,-14.851419],[-74.798363,-14.85164],[-74.798196,-14.851757],[-74.797993,-14.851659],[-74.797645,-14.851365],[-74.797505,-14.851187],[-74.797304,-14.85054],[-74.79719,-14.850344],[-74.797032,-14.850181],[-74.796845,-14.850051],[-74.796634,-14.84997],[-74.796428,-14.850045],[-74.796149,-14.850402],[-74.795979,-14.850821],[-74.795586,-14.851378],[-74.795096,-14.852142],[-74.795042,-14.852357],[-74.795207,-14.852488],[-74.795354,-14.852343],[-74.795397,-14.852122],[-74.795485,-14.851917],[-74.795847,-14.85164],[-74.796425,-14.850938],[-74.796538,-14.850742],[-74.796714,-14.850612],[-74.796849,-14.850763],[-74.796742,-14.850953],[-74.796391,-14.851243],[-74.796034,-14.851822],[-74.795891,-14.851999],[-74.795784,-14.852196],[-74.795778,-14.852421],[-74.79586,-14.853548],[-74.795824,-14.853768],[-74.795658,-14.85392],[-74.79545,-14.854012],[-74.795222,-14.854006],[-74.794555,-14.853844],[-74.79438,-14.853708],[-74.794244,-14.853526],[-74.794087,-14.853362],[-74.793906,-14.853223],[-74.793688,-14.853195],[-74.793535,-14.853355],[-74.793425,-14.853551],[-74.793382,-14.853999],[-74.793098,-14.854349],[-74.79295,-14.854776],[-74.792916,-14.854997],[-74.793,-14.855205],[-74.793212,-14.855606],[-74.793256,-14.855825],[-74.793179,-14.856028],[-74.792987,-14.856149],[-74.792781,-14.856244],[-74.792622,-14.856406],[-74.792248,-14.857231],[-74.792178,-14.857446],[-74.792087,-14.857889],[-74.791948,-14.858319],[-74.791723,-14.858712],[-74.791589,-14.858896],[-74.79159,-14.859102],[-74.791793,-14.859136],[-74.791948,-14.858972],[-74.792347,-14.858418],[-74.792824,-14.857646],[-74.793356,-14.856909],[-74.793921,-14.856196],[-74.794132,-14.855796],[-74.794171,-14.855359],[-74.79438,-14.85535],[-74.794412,-14.855549],[-74.793809,-14.856766],[-74.793631,-14.85742],[-74.793349,-14.858037],[-74.793397,-14.858483],[-74.793369,-14.858707],[-74.79328,-14.85891],[-74.79316,-14.859101],[-74.793135,-14.859326],[-74.793134,-14.860002],[-74.793046,-14.860206],[-74.792754,-14.860554],[-74.792668,-14.860763],[-74.79263,-14.861211],[-74.792493,-14.861641],[-74.792106,-14.86246],[-74.791953,-14.862625],[-74.791747,-14.862724],[-74.791529,-14.862794],[-74.791306,-14.862804],[-74.791187,-14.862636],[-74.791295,-14.862437],[-74.79134,-14.862218],[-74.791269,-14.861773],[-74.791171,-14.861571],[-74.791037,-14.861388],[-74.790838,-14.86098],[-74.790693,-14.860808],[-74.790516,-14.860665],[-74.790328,-14.860535],[-74.790114,-14.860453],[-74.789663,-14.86038],[-74.789469,-14.860481],[-74.789347,-14.86067],[-74.789255,-14.860877],[-74.789142,-14.861315],[-74.788944,-14.861403],[-74.788489,-14.861459],[-74.788292,-14.861569],[-74.78815,-14.861743],[-74.788082,-14.861958],[-74.78805,-14.86218],[-74.788141,-14.862622],[-74.78812,-14.862844],[-74.787957,-14.862978],[-74.787739,-14.862914],[-74.787517,-14.862918],[-74.787374,-14.86309],[-74.787281,-14.863296],[-74.787199,-14.863508],[-74.787169,-14.863731],[-74.787109,-14.863945],[-74.786822,-14.864298],[-74.78663,-14.86433],[-74.786375,-14.86371],[-74.786167,-14.863693],[-74.78598,-14.863826],[-74.785563,-14.864009],[-74.785313,-14.864386],[-74.785111,-14.864487],[-74.784662,-14.864568],[-74.784452,-14.86466],[-74.784013,-14.864747],[-74.783875,-14.864925],[-74.783781,-14.865131],[-74.783566,-14.865773],[-74.783411,-14.86594],[-74.783348,-14.866149],[-74.7834,-14.866368],[-74.783325,-14.866575],[-74.783003,-14.866897],[-74.782884,-14.867088],[-74.782855,-14.867537],[-74.78291,-14.867755],[-74.783166,-14.868384],[-74.783348,-14.868512],[-74.783572,-14.868564],[-74.783744,-14.868692],[-74.783687,-14.868887],[-74.783269,-14.869062],[-74.78326,-14.869267],[-74.783328,-14.869482],[-74.783258,-14.869694],[-74.783157,-14.869897],[-74.783022,-14.870077],[-74.782844,-14.870219],[-74.782696,-14.870392],[-74.782429,-14.87076],[-74.782255,-14.870903],[-74.782039,-14.87097],[-74.781873,-14.870842],[-74.781871,-14.870617],[-74.7819,-14.870394],[-74.781759,-14.870232],[-74.781536,-14.870206],[-74.781354,-14.870326],[-74.78044,-14.871628],[-74.780293,-14.871798],[-74.780071,-14.871821],[-74.779846,-14.871806],[-74.779696,-14.87197],[-74.77947,-14.872363],[-74.779283,-14.87247],[-74.779116,-14.872336],[-74.779056,-14.87212],[-74.779077,-14.871899],[-74.779519,-14.871109],[-74.779668,-14.870937],[-74.779754,-14.870737],[-74.77961,-14.87058],[-74.779421,-14.870457],[-74.779394,-14.870248],[-74.779489,-14.870042],[-74.779532,-14.869827],[-74.779319,-14.86943],[-74.779176,-14.869263],[-74.778961,-14.869312],[-74.778765,-14.869427],[-74.778212,-14.869831],[-74.777371,-14.870184],[-74.777049,-14.870504],[-74.776446,-14.870828],[-74.776078,-14.871095],[-74.775859,-14.871163],[-74.775633,-14.8712],[-74.77518,-14.871133],[-74.774266,-14.871169],[-74.773874,-14.870938],[-74.773464,-14.870736],[-74.773286,-14.870595],[-74.772875,-14.870051],[-74.77272,-14.869884],[-74.772382,-14.86958],[-74.772184,-14.869465],[-74.771318,-14.869169],[-74.771142,-14.869027],[-74.771003,-14.868847],[-74.77089,-14.868651],[-74.770845,-14.868434],[-74.770986,-14.868269],[-74.771195,-14.868178],[-74.771583,-14.867936],[-74.772011,-14.867779],[-74.772151,-14.867607],[-74.772087,-14.867413],[-74.771867,-14.867394],[-74.771415,-14.867472],[-74.771187,-14.867467],[-74.770972,-14.867393],[-74.770375,-14.867053],[-74.770002,-14.866792],[-74.769848,-14.866624],[-74.76816,-14.86448],[-74.767978,-14.864347],[-74.767088,-14.864132],[-74.76663,-14.864117],[-74.766177,-14.864186],[-74.765955,-14.864244],[-74.76574,-14.864319],[-74.765357,-14.864566],[-74.76513,-14.864589],[-74.763302,-14.86442],[-74.763088,-14.864341],[-74.762908,-14.864205],[-74.762874,-14.863988],[-74.763225,-14.863156],[-74.763268,-14.862936],[-74.763195,-14.862725],[-74.762717,-14.862237],[-74.762509,-14.862155],[-74.762291,-14.862211],[-74.761894,-14.862438],[-74.761669,-14.862475],[-74.761215,-14.862424],[-74.761006,-14.86233],[-74.759843,-14.861604],[-74.759625,-14.861537],[-74.759399,-14.8615],[-74.75894,-14.861493],[-74.758519,-14.861317],[-74.758343,-14.861174],[-74.758223,-14.860983],[-74.758125,-14.86078],[-74.757464,-14.859092],[-74.757342,-14.858908],[-74.75712,-14.8589],[-74.754943,-14.859619],[-74.754719,-14.859667],[-74.754491,-14.859673],[-74.75383,-14.859493],[-74.75338,-14.859409],[-74.753177,-14.859307],[-74.752989,-14.859177],[-74.752309,-14.858569],[-74.752113,-14.858455],[-74.751891,-14.85841],[-74.751669,-14.858456],[-74.751537,-14.858635],[-74.75141,-14.859299],[-74.751206,-14.859945],[-74.751319,-14.860377],[-74.751264,-14.860594],[-74.751164,-14.860796],[-74.750985,-14.860931],[-74.750761,-14.860919],[-74.750313,-14.860822],[-74.750129,-14.860709],[-74.750121,-14.860488],[-74.750195,-14.860273],[-74.750197,-14.860051],[-74.750092,-14.859854],[-74.749737,-14.859567],[-74.749652,-14.859365],[-74.749721,-14.859151],[-74.75014,-14.858349],[-74.750314,-14.857461],[-74.75033,-14.857236],[-74.750258,-14.857024],[-74.749937,-14.856705],[-74.749731,-14.856621],[-74.749274,-14.856613],[-74.749088,-14.856487],[-74.748937,-14.856317],[-74.748765,-14.856168],[-74.748572,-14.856046],[-74.748361,-14.85596],[-74.748134,-14.855968],[-74.747927,-14.856065],[-74.74771,-14.856116],[-74.747507,-14.856021],[-74.747411,-14.855823],[-74.747419,-14.855599],[-74.747561,-14.85543],[-74.74778,-14.855392],[-74.747997,-14.855464],[-74.748827,-14.85585],[-74.749044,-14.855923],[-74.749268,-14.855968],[-74.749498,-14.85597],[-74.749723,-14.855942],[-74.749878,-14.855792],[-74.749937,-14.855574],[-74.750049,-14.855382],[-74.7504,-14.855096],[-74.750485,-14.854893],[-74.750372,-14.854712],[-74.749936,-14.854579],[-74.749753,-14.854444],[-74.749604,-14.854273],[-74.748899,-14.853383],[-74.748744,-14.852958],[-74.748629,-14.852765],[-74.74842,-14.852687],[-74.747502,-14.852694],[-74.745936,-14.852343],[-74.74548,-14.852297],[-74.745021,-14.852293],[-74.744795,-14.852332],[-74.744585,-14.852419],[-74.744226,-14.8527],[-74.74402,-14.852794],[-74.743566,-14.852858],[-74.742907,-14.853055],[-74.742682,-14.853081],[-74.742252,-14.852935],[-74.742025,-14.852921],[-74.741799,-14.852962],[-74.741571,-14.852973],[-74.741346,-14.852934],[-74.74112,-14.85294],[-74.740575,-14.85335],[-74.740122,-14.853381],[-74.739919,-14.853474],[-74.739738,-14.853613],[-74.739519,-14.853632],[-74.738895,-14.853349],[-74.738623,-14.852992],[-74.73841,-14.852919],[-74.738209,-14.852813],[-74.738031,-14.852672],[-74.737702,-14.852357],[-74.737501,-14.852249],[-74.736867,-14.851986],[-74.73668,-14.851868],[-74.736655,-14.851653],[-74.736812,-14.851489],[-74.736989,-14.851347],[-74.737056,-14.851139],[-74.736954,-14.850942],[-74.73682,-14.850758],[-74.736659,-14.8506],[-74.736449,-14.850514],[-74.736274,-14.850377],[-74.736135,-14.850198],[-74.73574,-14.849976],[-74.735642,-14.849779],[-74.735659,-14.849553],[-74.735559,-14.849365],[-74.73512,-14.84924],[-74.734905,-14.849298],[-74.734744,-14.849456],[-74.734466,-14.849815],[-74.734372,-14.850251],[-74.73424,-14.850434],[-74.73409,-14.850605],[-74.73392,-14.850753],[-74.733702,-14.850751],[-74.733576,-14.85057],[-74.733677,-14.850387],[-74.733905,-14.850388],[-74.734109,-14.850311],[-74.734198,-14.850109],[-74.734171,-14.849885],[-74.734206,-14.849666],[-74.734519,-14.84934],[-74.734776,-14.848966],[-74.734982,-14.84889],[-74.735666,-14.84897],[-74.735881,-14.849044],[-74.736029,-14.849208],[-74.736107,-14.849421],[-74.736267,-14.849576],[-74.736707,-14.849701],[-74.736936,-14.849706],[-74.737852,-14.849643],[-74.738764,-14.849746],[-74.738989,-14.849717],[-74.739129,-14.849548],[-74.739237,-14.84888],[-74.739195,-14.848662],[-74.739054,-14.848484],[-74.738888,-14.848329],[-74.738697,-14.848206],[-74.738272,-14.848036],[-74.738073,-14.847924],[-74.737579,-14.847452],[-74.737062,-14.847005],[-74.736787,-14.846644],[-74.73668,-14.846444],[-74.736595,-14.846235],[-74.736425,-14.845578],[-74.736348,-14.845365],[-74.736242,-14.845165],[-74.736086,-14.845002],[-74.735879,-14.844905],[-74.735654,-14.844874],[-74.73543,-14.844922],[-74.735203,-14.844942],[-74.734983,-14.844885],[-74.734793,-14.844762],[-74.734266,-14.844326],[-74.734125,-14.844149],[-74.734056,-14.843934],[-74.733951,-14.843734],[-74.733755,-14.843619],[-74.733533,-14.843574],[-74.733315,-14.843626],[-74.733159,-14.843789],[-74.733037,-14.84398],[-74.732891,-14.844149],[-74.73267,-14.844164],[-74.732473,-14.844053],[-74.732188,-14.8437],[-74.732075,-14.843505],[-74.731995,-14.843293],[-74.731875,-14.842857],[-74.731835,-14.842634],[-74.73184,-14.842409],[-74.731887,-14.842188],[-74.731978,-14.841982],[-74.732144,-14.841828],[-74.73255,-14.841617],[-74.732704,-14.841452],[-74.733169,-14.840419],[-74.733288,-14.840227],[-74.733621,-14.839918],[-74.733718,-14.839718],[-74.733636,-14.839516],[-74.733437,-14.839422],[-74.733236,-14.839515],[-74.733101,-14.839944],[-74.732815,-14.840295],[-74.731867,-14.841279],[-74.731524,-14.84158],[-74.73133,-14.8417],[-74.73117,-14.841856],[-74.731098,-14.842069],[-74.730917,-14.842955],[-74.730912,-14.843181],[-74.731018,-14.844306],[-74.731137,-14.844742],[-74.731321,-14.845155],[-74.731656,-14.845747],[-74.731793,-14.845928],[-74.732409,-14.846599],[-74.732676,-14.846966],[-74.732867,-14.847376],[-74.73293,-14.84759],[-74.732745,-14.84769],[-74.732615,-14.847527],[-74.732602,-14.847301],[-74.732541,-14.847085],[-74.732435,-14.846885],[-74.732123,-14.846556],[-74.731592,-14.846124],[-74.731428,-14.845967],[-74.731129,-14.845623],[-74.730783,-14.845327],[-74.730627,-14.845162],[-74.730511,-14.844968],[-74.730442,-14.844753],[-74.730406,-14.844303],[-74.730126,-14.843207],[-74.73006,-14.842761],[-74.73016,-14.841637],[-74.730227,-14.841423],[-74.730679,-14.840913],[-74.730771,-14.840706],[-74.730754,-14.840484],[-74.730509,-14.840103],[-74.730235,-14.83974],[-74.730085,-14.83957],[-74.729904,-14.839432],[-74.729698,-14.839469],[-74.72976,-14.83966],[-74.729937,-14.839804],[-74.730064,-14.83999],[-74.730289,-14.840384],[-74.73034,-14.840601],[-74.730278,-14.840817],[-74.73012,-14.840977],[-74.729898,-14.84102],[-74.729678,-14.840964],[-74.728664,-14.840433],[-74.728454,-14.840343],[-74.728016,-14.84021],[-74.72779,-14.840169],[-74.726194,-14.839985],[-74.725736,-14.839957],[-74.724819,-14.839971],[-74.724652,-14.83983],[-74.724643,-14.839614],[-74.724707,-14.839397],[-74.724739,-14.839175],[-74.724622,-14.838989],[-74.724051,-14.83861],[-74.723459,-14.838263],[-74.723041,-14.838079],[-74.722607,-14.837929],[-74.721771,-14.837557],[-74.721341,-14.837399],[-74.720031,-14.836978],[-74.719808,-14.836924],[-74.719581,-14.836899],[-74.717744,-14.836873],[-74.717516,-14.836852],[-74.717295,-14.836792],[-74.716482,-14.836374],[-74.716265,-14.8363],[-74.716044,-14.836241],[-74.715137,-14.8361],[-74.714919,-14.836159],[-74.71474,-14.836301],[-74.714412,-14.836614],[-74.714213,-14.836727],[-74.713779,-14.836872],[-74.713326,-14.836939],[-74.713098,-14.836922],[-74.712901,-14.836811],[-74.711753,-14.835703],[-74.711604,-14.835531],[-74.711491,-14.835335],[-74.711312,-14.834919],[-74.711196,-14.834725],[-74.711021,-14.834582],[-74.710803,-14.834515],[-74.708991,-14.834228],[-74.708145,-14.833877],[-74.706798,-14.833591],[-74.706576,-14.833537],[-74.706365,-14.833447],[-74.706183,-14.833311],[-74.705918,-14.832943],[-74.705836,-14.832733],[-74.705769,-14.832286],[-74.705662,-14.831847],[-74.705522,-14.831671],[-74.705326,-14.831558],[-74.705101,-14.831518],[-74.703502,-14.831355],[-74.703054,-14.831265],[-74.702849,-14.831165],[-74.702478,-14.830898],[-74.701441,-14.830006],[-74.70124,-14.829898],[-74.701022,-14.829828],[-74.700794,-14.829811],[-74.699418,-14.829876],[-74.698961,-14.829834],[-74.698516,-14.829729],[-74.696775,-14.829152],[-74.696553,-14.8291],[-74.696371,-14.829217],[-74.696145,-14.829852],[-74.696002,-14.830028],[-74.695835,-14.830183],[-74.695635,-14.83029],[-74.695411,-14.83033],[-74.695184,-14.830303],[-74.694967,-14.830231],[-74.692989,-14.829084],[-74.692779,-14.828995],[-74.692558,-14.828933],[-74.692105,-14.828859],[-74.691647,-14.828862],[-74.691189,-14.828899],[-74.69097,-14.828965],[-74.690333,-14.829221],[-74.690112,-14.82928],[-74.689884,-14.829307],[-74.689655,-14.829304],[-74.68897,-14.829242],[-74.687134,-14.829283],[-74.686906,-14.829263],[-74.686232,-14.829122],[-74.686004,-14.8291],[-74.685315,-14.829097],[-74.685094,-14.829042],[-74.684588,-14.828589],[-74.684378,-14.828501],[-74.684153,-14.828464],[-74.683931,-14.828504],[-74.68372,-14.828593],[-74.683502,-14.828642],[-74.68338,-14.828483],[-74.683545,-14.82834],[-74.683972,-14.828174],[-74.684195,-14.828126],[-74.684423,-14.828134],[-74.685066,-14.828375],[-74.685294,-14.828403],[-74.68644,-14.828455],[-74.686896,-14.828409],[-74.687343,-14.828309],[-74.687557,-14.828226],[-74.688577,-14.827709],[-74.688756,-14.827572],[-74.688847,-14.827369],[-74.688832,-14.827147],[-74.68871,-14.82696],[-74.688515,-14.826848],[-74.688297,-14.826777],[-74.68785,-14.826677],[-74.687633,-14.826607],[-74.68743,-14.8265],[-74.687251,-14.826359],[-74.686241,-14.825438],[-74.686053,-14.82531],[-74.685838,-14.825229],[-74.685387,-14.825158],[-74.685166,-14.825098],[-74.684984,-14.824964],[-74.68486,-14.824776],[-74.684352,-14.823515],[-74.684221,-14.82333],[-74.684062,-14.823166],[-74.683896,-14.82301],[-74.683706,-14.822885],[-74.683485,-14.82283],[-74.682566,-14.822849],[-74.682338,-14.822832],[-74.682116,-14.822774],[-74.681905,-14.82269],[-74.681492,-14.822493],[-74.681266,-14.82246],[-74.680579,-14.822481],[-74.68036,-14.822413],[-74.680149,-14.822324],[-74.678241,-14.821068],[-74.678029,-14.82099],[-74.677368,-14.821167],[-74.67714,-14.821172],[-74.676915,-14.821125],[-74.676708,-14.821031],[-74.676526,-14.820892],[-74.676369,-14.82073],[-74.67606,-14.820125],[-74.675623,-14.819603],[-74.675442,-14.819465],[-74.67523,-14.819382],[-74.674093,-14.819232],[-74.673864,-14.819226],[-74.673642,-14.819281],[-74.67257,-14.81968],[-74.672343,-14.819699],[-74.672131,-14.819623],[-74.67199,-14.819449],[-74.671954,-14.819228],[-74.672087,-14.818335],[-74.672086,-14.81811],[-74.67203,-14.817661],[-74.671942,-14.817454],[-74.671804,-14.817273],[-74.671641,-14.817115],[-74.670791,-14.816354],[-74.67062,-14.816203],[-74.670422,-14.816095],[-74.670202,-14.816048],[-74.669978,-14.816092],[-74.66919,-14.816552],[-74.668964,-14.816575],[-74.668739,-14.816537],[-74.667672,-14.81612],[-74.667451,-14.81606],[-74.667222,-14.81606],[-74.66631,-14.816159],[-74.666082,-14.816136],[-74.665874,-14.816045],[-74.66572,-14.815881],[-74.665552,-14.815463],[-74.665431,-14.815272],[-74.664804,-14.814613],[-74.664721,-14.814405],[-74.664745,-14.814182],[-74.66491,-14.81376],[-74.664952,-14.813539],[-74.664883,-14.813333],[-74.664224,-14.812704],[-74.664121,-14.812504],[-74.66409,-14.812283],[-74.664124,-14.81206],[-74.664184,-14.811842],[-74.664297,-14.811653],[-74.664517,-14.811638],[-74.664687,-14.811783],[-74.665029,-14.812371],[-74.665335,-14.812706],[-74.666015,-14.813314],[-74.6662,-14.813443],[-74.666425,-14.813447],[-74.666631,-14.813353],[-74.666766,-14.813175],[-74.666796,-14.812954],[-74.666788,-14.812502],[-74.66686,-14.81229],[-74.667117,-14.811917],[-74.667184,-14.811702],[-74.66721,-14.811478],[-74.667185,-14.811254],[-74.667073,-14.81106],[-74.666896,-14.810918],[-74.66481,-14.809974],[-74.664433,-14.809717],[-74.663044,-14.808533],[-74.662678,-14.808261],[-74.661711,-14.807652],[-74.661538,-14.807504],[-74.661262,-14.807143],[-74.660498,-14.806015],[-74.66034,-14.80585],[-74.660156,-14.805716],[-74.659334,-14.805315],[-74.659159,-14.805178],[-74.659139,-14.804957],[-74.65956,-14.803909],[-74.659557,-14.803687],[-74.659454,-14.803487],[-74.659297,-14.803326],[-74.659101,-14.80321],[-74.658882,-14.803145],[-74.658429,-14.803084],[-74.65823,-14.802975],[-74.657881,-14.802682],[-74.657693,-14.802553],[-74.657473,-14.802499],[-74.657243,-14.802493],[-74.657023,-14.802451],[-74.656918,-14.802259],[-74.65694,-14.801809],[-74.656925,-14.801358],[-74.656775,-14.800932],[-74.656671,-14.800731],[-74.656539,-14.800546],[-74.656372,-14.800392],[-74.656172,-14.800283],[-74.655087,-14.799915],[-74.654881,-14.799817],[-74.654692,-14.799691],[-74.654218,-14.7992],[-74.654038,-14.79906],[-74.653841,-14.798946],[-74.652983,-14.798629],[-74.652798,-14.798497],[-74.650897,-14.796534],[-74.650769,-14.796347],[-74.650698,-14.796132],[-74.65068,-14.795908],[-74.650713,-14.795686],[-74.650908,-14.795035],[-74.651019,-14.794849],[-74.651238,-14.794793],[-74.651925,-14.794831],[-74.652141,-14.794758],[-74.652321,-14.794619],[-74.652425,-14.79442],[-74.652445,-14.794196],[-74.65233,-14.793761],[-74.65191,-14.792709],[-74.651807,-14.792508],[-74.651651,-14.792343],[-74.651475,-14.792198],[-74.65091,-14.791812],[-74.650711,-14.791699],[-74.64987,-14.791337],[-74.64965,-14.791274],[-74.647837,-14.790984],[-74.646463,-14.790899],[-74.646016,-14.790801],[-74.644141,-14.789946],[-74.643741,-14.789725],[-74.641784,-14.788544],[-74.641245,-14.788121],[-74.640755,-14.787645],[-74.64061,-14.78747],[-74.640359,-14.787091],[-74.640137,-14.786696],[-74.639851,-14.786342],[-74.639597,-14.785966],[-74.63949,-14.785767],[-74.638883,-14.784301],[-74.638707,-14.784191],[-74.63855,-14.784333],[-74.638589,-14.784553],[-74.638853,-14.785179],[-74.639172,-14.786265],[-74.63925,-14.786477],[-74.639368,-14.78667],[-74.639675,-14.787006],[-74.639739,-14.787214],[-74.639577,-14.787334],[-74.639404,-14.787195],[-74.639092,-14.786592],[-74.638765,-14.785746],[-74.63856,-14.785343],[-74.63764,-14.784046],[-74.637325,-14.783444],[-74.637185,-14.783265],[-74.636863,-14.782943],[-74.636737,-14.782756],[-74.636542,-14.782348],[-74.636394,-14.782176],[-74.635247,-14.781067],[-74.635062,-14.780934],[-74.634444,-14.780637],[-74.634275,-14.780485],[-74.633918,-14.779905],[-74.633876,-14.779687],[-74.633982,-14.779501],[-74.634206,-14.779489],[-74.634753,-14.779895],[-74.634973,-14.779899],[-74.635132,-14.779753],[-74.635144,-14.779533],[-74.635055,-14.779328],[-74.63489,-14.779173],[-74.633701,-14.778488],[-74.633489,-14.778412],[-74.633262,-14.778416],[-74.633059,-14.778519],[-74.632813,-14.778895],[-74.632603,-14.778973],[-74.632374,-14.778965],[-74.632152,-14.778909],[-74.631968,-14.778778],[-74.631076,-14.777746],[-74.63091,-14.777591],[-74.630719,-14.777467],[-74.630508,-14.777377],[-74.629606,-14.777212],[-74.629393,-14.77713],[-74.629196,-14.777013],[-74.628157,-14.776123],[-74.627828,-14.775808],[-74.627684,-14.775631],[-74.626377,-14.773772],[-74.626095,-14.773416],[-74.624257,-14.771711],[-74.623719,-14.771288],[-74.622791,-14.770623],[-74.621255,-14.769263],[-74.620448,-14.768459],[-74.619534,-14.767444],[-74.61926,-14.767083],[-74.619037,-14.766688],[-74.618546,-14.765421],[-74.618458,-14.765212],[-74.618345,-14.765016],[-74.618206,-14.764838],[-74.618041,-14.76468],[-74.616992,-14.763802],[-74.615881,-14.763001],[-74.615539,-14.762699],[-74.615402,-14.762518],[-74.615189,-14.762119],[-74.61459,-14.760651],[-74.614479,-14.760453],[-74.614342,-14.760272],[-74.614006,-14.759966],[-74.613819,-14.759835],[-74.613611,-14.759741],[-74.612712,-14.759562],[-74.611841,-14.75928],[-74.611391,-14.759194],[-74.611162,-14.75919],[-74.610935,-14.759219],[-74.610055,-14.759476],[-74.609827,-14.759501],[-74.609598,-14.759508],[-74.60914,-14.75948],[-74.608916,-14.759434],[-74.60871,-14.759336],[-74.606429,-14.757108],[-74.606249,-14.756967],[-74.60322,-14.75492],[-74.603047,-14.754773],[-74.60291,-14.754592],[-74.60251,-14.75378],[-74.602342,-14.753628],[-74.602147,-14.75351],[-74.601134,-14.752978],[-74.600922,-14.752893],[-74.600706,-14.752814],[-74.599814,-14.752601],[-74.599597,-14.752529],[-74.599393,-14.752427],[-74.598808,-14.752069],[-74.597381,-14.751343],[-74.595889,-14.750755],[-74.591572,-14.74864],[-74.591358,-14.748558],[-74.5907,-14.748367],[-74.588306,-14.747025],[-74.587922,-14.746776],[-74.586439,-14.745709],[-74.586049,-14.745472],[-74.585836,-14.745388],[-74.585393,-14.745271],[-74.584478,-14.745205],[-74.584254,-14.745156],[-74.584036,-14.745087],[-74.583834,-14.744979],[-74.583653,-14.744841],[-74.583494,-14.744678],[-74.583178,-14.74435],[-74.583046,-14.744167],[-74.583015,-14.743946],[-74.583093,-14.743737],[-74.583273,-14.743599],[-74.583489,-14.743528],[-74.583938,-14.743437],[-74.584166,-14.74341],[-74.584395,-14.743419],[-74.584619,-14.743467],[-74.585048,-14.743626],[-74.585454,-14.743837],[-74.585824,-14.744104],[-74.586035,-14.744185],[-74.586251,-14.744133],[-74.58635,-14.743938],[-74.586273,-14.743733],[-74.585871,-14.743516],[-74.584823,-14.743055],[-74.584619,-14.742951],[-74.584432,-14.742823],[-74.584276,-14.742657],[-74.584145,-14.742472],[-74.583134,-14.740964],[-74.582947,-14.740834],[-74.582094,-14.740503],[-74.581719,-14.740244],[-74.581185,-14.739816],[-74.580989,-14.739699],[-74.580567,-14.739523],[-74.579905,-14.739335],[-74.579486,-14.739153],[-74.579299,-14.739022],[-74.57807,-14.738002],[-74.576784,-14.736713],[-74.576577,-14.736617],[-74.576132,-14.736508],[-74.575675,-14.736481],[-74.574538,-14.736631],[-74.574313,-14.736679],[-74.573445,-14.736971],[-74.57324,-14.737074],[-74.572882,-14.737354],[-74.572041,-14.738125],[-74.571854,-14.738249],[-74.571638,-14.738222],[-74.571015,-14.737558],[-74.570829,-14.737431],[-74.570375,-14.73737],[-74.570166,-14.737279],[-74.569216,-14.736645],[-74.568998,-14.736581],[-74.567856,-14.736688],[-74.567628,-14.736663],[-74.567407,-14.736606],[-74.567203,-14.736502],[-74.564647,-14.734584],[-74.564268,-14.73433],[-74.564053,-14.734255],[-74.563826,-14.73423],[-74.563599,-14.734258],[-74.562941,-14.734456],[-74.562484,-14.734472],[-74.561117,-14.734305],[-74.560893,-14.734255],[-74.560684,-14.734165],[-74.560489,-14.734047],[-74.559954,-14.733619],[-74.559574,-14.733368],[-74.558273,-14.732922],[-74.558075,-14.732812],[-74.55794,-14.732631],[-74.557786,-14.732205],[-74.557665,-14.732016],[-74.557178,-14.731537],[-74.556444,-14.730995],[-74.556094,-14.730702],[-74.555815,-14.730345],[-74.555705,-14.730146],[-74.555622,-14.729936],[-74.555514,-14.729041],[-74.555434,-14.728829],[-74.555213,-14.728434],[-74.554907,-14.727582],[-74.554833,-14.727136],[-74.554805,-14.726458],[-74.554705,-14.726019],[-74.554598,-14.725819],[-74.553725,-14.724771],[-74.553584,-14.724592],[-74.553473,-14.724396],[-74.553286,-14.723743],[-74.553266,-14.723519],[-74.553367,-14.72285],[-74.553325,-14.722628],[-74.55206,-14.719967],[-74.551959,-14.719764],[-74.55183,-14.719577],[-74.551689,-14.719399],[-74.55121,-14.718911],[-74.551028,-14.718775],[-74.550829,-14.718663],[-74.549982,-14.718315],[-74.549764,-14.718243],[-74.549542,-14.718192],[-74.549313,-14.71817],[-74.548854,-14.718162],[-74.548628,-14.718134],[-74.548416,-14.718049],[-74.548045,-14.717783],[-74.547722,-14.717463],[-74.547188,-14.716728],[-74.546713,-14.716236],[-74.546569,-14.716061],[-74.546322,-14.71568],[-74.546164,-14.715518],[-74.545986,-14.715376],[-74.545415,-14.714997],[-74.545281,-14.714817],[-74.544923,-14.713986],[-74.5448,-14.713794],[-74.544656,-14.713619],[-74.544499,-14.713454],[-74.544323,-14.71331],[-74.54359,-14.712765],[-74.543396,-14.712647],[-74.54317,-14.712611],[-74.542712,-14.712641],[-74.542253,-14.712636],[-74.540896,-14.712407],[-74.540458,-14.712274],[-74.540078,-14.712023],[-74.539929,-14.711852],[-74.539818,-14.711655],[-74.53975,-14.711439],[-74.539641,-14.71077],[-74.539566,-14.710557],[-74.539457,-14.710358],[-74.539051,-14.709811],[-74.538961,-14.709604],[-74.538942,-14.709379],[-74.538958,-14.708703],[-74.538924,-14.70848],[-74.53884,-14.708271],[-74.538712,-14.708084],[-74.538178,-14.707657],[-74.538049,-14.707472],[-74.53801,-14.707252],[-74.538102,-14.706811],[-74.538113,-14.706587],[-74.538073,-14.706364],[-74.538017,-14.706145],[-74.537933,-14.705936],[-74.537819,-14.70574],[-74.537658,-14.705579],[-74.536556,-14.705268],[-74.53633,-14.705227],[-74.536101,-14.70521],[-74.535646,-14.70527],[-74.534958,-14.705281],[-74.534504,-14.705217],[-74.533702,-14.704779],[-74.533483,-14.704719],[-74.533253,-14.704711],[-74.533032,-14.704762],[-74.532426,-14.705083],[-74.532208,-14.705153],[-74.531981,-14.705183],[-74.531752,-14.705185],[-74.531526,-14.705156],[-74.531322,-14.705055],[-74.531001,-14.704733],[-74.530736,-14.704364],[-74.530628,-14.704165],[-74.530455,-14.703746],[-74.530401,-14.703527],[-74.530353,-14.70308],[-74.530244,-14.702883],[-74.529953,-14.702533],[-74.52956,-14.701977],[-74.529222,-14.701671],[-74.529076,-14.701497],[-74.52889,-14.701366],[-74.528459,-14.701215],[-74.528268,-14.701091],[-74.52794,-14.700776],[-74.527703,-14.70039],[-74.527547,-14.700224],[-74.527357,-14.700099],[-74.527142,-14.700022],[-74.526914,-14.700009],[-74.526689,-14.699965],[-74.525688,-14.699419],[-74.52546,-14.699425],[-74.525009,-14.699512],[-74.52478,-14.69952],[-74.523866,-14.699444],[-74.523651,-14.699369],[-74.522678,-14.698769],[-74.522475,-14.698663],[-74.522256,-14.698598],[-74.521574,-14.698499],[-74.521352,-14.698446],[-74.520933,-14.698262],[-74.520734,-14.698149],[-74.520201,-14.697725],[-74.51998,-14.697663],[-74.519303,-14.697539],[-74.519088,-14.697462],[-74.518508,-14.697097],[-74.518341,-14.696943],[-74.518203,-14.696764],[-74.518101,-14.696562],[-74.518041,-14.696343],[-74.517863,-14.695688],[-74.517703,-14.694798],[-74.517611,-14.694597],[-74.517397,-14.694532],[-74.516481,-14.694492],[-74.516259,-14.694437],[-74.516053,-14.694337],[-74.515719,-14.694029],[-74.514816,-14.693007],[-74.514615,-14.692899],[-74.513942,-14.692753],[-74.513521,-14.692575],[-74.513331,-14.69245],[-74.512989,-14.692148],[-74.511731,-14.690831],[-74.511558,-14.690682],[-74.511372,-14.690551],[-74.510142,-14.689939],[-74.50715,-14.688782],[-74.506706,-14.688671],[-74.504889,-14.688404],[-74.504444,-14.688295],[-74.504235,-14.688202],[-74.503848,-14.68796],[-74.50291,-14.687308],[-74.502753,-14.687145],[-74.501743,-14.685914],[-74.501587,-14.685748],[-74.501401,-14.68562],[-74.501182,-14.685556],[-74.492269,-14.684712],[-74.49182,-14.684621],[-74.49161,-14.684529],[-74.469149,-14.671297],[-74.468741,-14.67109],[-74.468093,-14.670859],[-74.44099,-14.664854],[-74.432246,-14.662959],[-74.432017,-14.662954],[-74.431793,-14.663001],[-74.428699,-14.663858],[-74.411041,-14.668837],[-74.410595,-14.668947],[-74.409912,-14.66903],[-74.409225,-14.668995],[-74.408775,-14.668911],[-74.403928,-14.667511],[-74.401299,-14.666698],[-74.380155,-14.66057],[-74.369382,-14.657378],[-74.363213,-14.655597],[-74.362767,-14.65549],[-74.361631,-14.65533],[-74.360025,-14.655263],[-74.359108,-14.655304],[-74.342703,-14.657311],[-74.342245,-14.657338],[-74.339719,-14.657332],[-74.329618,-14.65741],[-74.329161,-14.657456],[-74.328939,-14.657511],[-74.324603,-14.659],[-74.317897,-14.661347],[-74.317671,-14.661384],[-74.317442,-14.661383],[-74.31517,-14.661055],[-74.314946,-14.661012],[-74.31407,-14.660745],[-74.313841,-14.660739],[-74.312246,-14.66093],[-74.311559,-14.660984],[-74.311102,-14.660962],[-74.309735,-14.660793],[-74.309508,-14.660759],[-74.309298,-14.660672],[-74.309121,-14.660529],[-74.308994,-14.660343],[-74.308937,-14.660126],[-74.308937,-14.6599],[-74.309079,-14.658551],[-74.309166,-14.658108],[-74.30926,-14.657902],[-74.311676,-14.653793],[-74.311803,-14.653605],[-74.311957,-14.653438],[-74.312463,-14.652978],[-74.312582,-14.652788],[-74.312644,-14.652572],[-74.312718,-14.65167],[-74.312718,-14.651445],[-74.312649,-14.651233],[-74.312533,-14.65104],[-74.312191,-14.650739],[-74.310786,-14.649974],[-74.310601,-14.649841],[-74.310467,-14.64966],[-74.31041,-14.649444],[-74.310455,-14.649224],[-74.31094,-14.64846],[-74.310948,-14.648236],[-74.310859,-14.648032],[-74.310347,-14.64758],[-74.310204,-14.647406],[-74.310138,-14.64719],[-74.309964,-14.646302],[-74.309869,-14.646101],[-74.309667,-14.646004],[-74.308084,-14.645731],[-74.307653,-14.645574],[-74.306615,-14.645093],[-74.306423,-14.644974],[-74.306322,-14.644773],[-74.306184,-14.644344],[-74.305745,-14.643549],[-74.305607,-14.643372],[-74.305403,-14.643273],[-74.304959,-14.64316],[-74.304779,-14.643024],[-74.304683,-14.642824],[-74.30461,-14.64261],[-74.304501,-14.642412],[-74.304222,-14.642053],[-74.304045,-14.64191],[-74.303267,-14.64143],[-74.302747,-14.640987],[-74.30253,-14.640925],[-74.302303,-14.640946],[-74.300533,-14.641429],[-74.300304,-14.641437],[-74.299421,-14.641189],[-74.299244,-14.641056],[-74.299192,-14.640839],[-74.299262,-14.640627],[-74.300631,-14.638015],[-74.3007,-14.637802],[-74.300655,-14.637582],[-74.300549,-14.637383],[-74.300072,-14.636611],[-74.299801,-14.636246],[-74.299489,-14.635915],[-74.298164,-14.634662],[-74.297969,-14.634544],[-74.297761,-14.63445],[-74.296478,-14.633956],[-74.296259,-14.633892],[-74.296033,-14.633868],[-74.295806,-14.6339],[-74.293575,-14.634433],[-74.293387,-14.634558],[-74.292802,-14.63553],[-74.292698,-14.635731],[-74.292633,-14.635947],[-74.292571,-14.636394],[-74.292474,-14.636598],[-74.29182,-14.637525],[-74.291737,-14.637735],[-74.291422,-14.638822],[-74.291379,-14.639044],[-74.29138,-14.639269],[-74.29148,-14.63971],[-74.291437,-14.639931],[-74.291283,-14.640095],[-74.291084,-14.640194],[-74.289535,-14.640616],[-74.288032,-14.641177],[-74.28626,-14.641651],[-74.285811,-14.641741],[-74.285593,-14.641683],[-74.285457,-14.641508],[-74.28542,-14.641287],[-74.285531,-14.640162],[-74.285534,-14.639936],[-74.285507,-14.639712],[-74.284416,-14.636496],[-74.28432,-14.636291],[-74.284263,-14.636075],[-74.28434,-14.635866],[-74.28491,-14.634885],[-74.285048,-14.634704],[-74.285696,-14.634064],[-74.285835,-14.633886],[-74.285943,-14.633687],[-74.28601,-14.633471],[-74.286728,-14.630618],[-74.287625,-14.627815],[-74.287593,-14.627601],[-74.287403,-14.627496],[-74.287174,-14.627477],[-74.286957,-14.627415],[-74.286933,-14.627206],[-74.287059,-14.627017],[-74.287211,-14.626849],[-74.287403,-14.626732],[-74.28762,-14.626657],[-74.287816,-14.626544],[-74.288464,-14.625903],[-74.288654,-14.625777],[-74.289483,-14.625388],[-74.289664,-14.625253],[-74.290253,-14.624559],[-74.290422,-14.624407],[-74.291401,-14.623817],[-74.291572,-14.623669],[-74.291703,-14.623485],[-74.29194,-14.622849],[-74.292046,-14.622648],[-74.292442,-14.622094],[-74.292553,-14.621897],[-74.292604,-14.621679],[-74.292594,-14.621455],[-74.2925,-14.621251],[-74.292339,-14.621092],[-74.29198,-14.62081],[-74.291534,-14.620295],[-74.291421,-14.620099],[-74.291439,-14.619877],[-74.291576,-14.619701],[-74.291925,-14.61941],[-74.292146,-14.61937],[-74.293054,-14.619509],[-74.293282,-14.619485],[-74.293493,-14.619402],[-74.293681,-14.619273],[-74.294143,-14.618771],[-74.29428,-14.61859],[-74.29434,-14.618375],[-74.294176,-14.617257],[-74.294071,-14.616819],[-74.293749,-14.61622],[-74.293623,-14.616036],[-74.293215,-14.615833],[-74.293038,-14.615692],[-74.292118,-14.614683],[-74.291724,-14.614128],[-74.291568,-14.613966],[-74.291345,-14.613916],[-74.288602,-14.613671],[-74.288385,-14.613731],[-74.288122,-14.61409],[-74.287908,-14.614136],[-74.28772,-14.614014],[-74.287557,-14.613855],[-74.287372,-14.613725],[-74.287149,-14.613726],[-74.286974,-14.613863],[-74.286488,-14.614886],[-74.285933,-14.615606],[-74.285767,-14.61576],[-74.285564,-14.615864],[-74.285346,-14.615933],[-74.284894,-14.616011],[-74.284437,-14.616021],[-74.284219,-14.616091],[-74.283316,-14.616788],[-74.282938,-14.617045],[-74.282738,-14.617156],[-74.28213,-14.617473],[-74.281463,-14.617642],[-74.28125,-14.617726],[-74.281051,-14.617837],[-74.280829,-14.61788],[-74.280605,-14.617832],[-74.280169,-14.61769],[-74.279942,-14.617671],[-74.279718,-14.617716],[-74.279128,-14.618064],[-74.27896,-14.618217],[-74.278698,-14.618587],[-74.278544,-14.618755],[-74.278035,-14.619212],[-74.277652,-14.61946],[-74.277299,-14.619747],[-74.276622,-14.620657],[-74.276432,-14.62076],[-74.276293,-14.620606],[-74.276417,-14.620423],[-74.276597,-14.620283],[-74.276752,-14.620119],[-74.277077,-14.619522],[-74.277219,-14.619344],[-74.278183,-14.618376],[-74.278325,-14.618199],[-74.278443,-14.618006],[-74.279061,-14.616794],[-74.2792,-14.616615],[-74.279568,-14.616348],[-74.279796,-14.616331],[-74.280425,-14.616599],[-74.280642,-14.616565],[-74.280795,-14.616399],[-74.281077,-14.616042],[-74.28116,-14.615837],[-74.28116,-14.615385],[-74.28119,-14.615162],[-74.281525,-14.614859],[-74.281548,-14.614654],[-74.281345,-14.614589],[-74.281178,-14.614737],[-74.280933,-14.615119],[-74.280863,-14.615332],[-74.280872,-14.615557],[-74.280841,-14.615776],[-74.280669,-14.615924],[-74.280464,-14.616023],[-74.280247,-14.615975],[-74.279685,-14.615584],[-74.279465,-14.615591],[-74.279269,-14.615708],[-74.275406,-14.618549],[-74.275205,-14.618656],[-74.274983,-14.618697],[-74.27476,-14.61865],[-74.274377,-14.618401],[-74.274175,-14.618296],[-74.27395,-14.61826],[-74.273722,-14.618284],[-74.273507,-14.61836],[-74.272885,-14.618651],[-74.272687,-14.618765],[-74.272516,-14.618914],[-74.272307,-14.618923],[-74.272325,-14.618727],[-74.27314,-14.618316],[-74.274267,-14.617537],[-74.274478,-14.617463],[-74.2747,-14.61751],[-74.274916,-14.617587],[-74.275137,-14.617584],[-74.275258,-14.617399],[-74.275403,-14.61697],[-74.275515,-14.616775],[-74.275695,-14.616638],[-74.276104,-14.616436],[-74.27623,-14.616249],[-74.2763,-14.616033],[-74.276417,-14.61585],[-74.276636,-14.615826],[-74.276864,-14.615835],[-74.277076,-14.615764],[-74.277214,-14.615587],[-74.277423,-14.615185],[-74.277555,-14.615],[-74.277734,-14.61486],[-74.278375,-14.614619],[-74.278567,-14.614497],[-74.279078,-14.614042],[-74.279201,-14.613856],[-74.279181,-14.613634],[-74.278968,-14.613234],[-74.278882,-14.613025],[-74.278779,-14.612586],[-74.278673,-14.612386],[-74.278167,-14.611632],[-74.278087,-14.611422],[-74.27812,-14.611201],[-74.278326,-14.610554],[-74.278413,-14.610346],[-74.278583,-14.610201],[-74.279461,-14.609938],[-74.279672,-14.609852],[-74.280981,-14.608934],[-74.281113,-14.608762],[-74.281027,-14.608568],[-74.280024,-14.608021],[-74.279214,-14.607224],[-74.279022,-14.6071],[-74.278389,-14.606834],[-74.2782,-14.606709],[-74.278082,-14.606515],[-74.277933,-14.606347],[-74.277274,-14.606175],[-74.277172,-14.60598],[-74.277222,-14.605763],[-74.27802,-14.604389],[-74.278148,-14.604202],[-74.278346,-14.604104],[-74.278574,-14.604117],[-74.279483,-14.604242],[-74.279709,-14.604227],[-74.279889,-14.604091],[-74.28004,-14.603922],[-74.280064,-14.603707],[-74.279884,-14.603292],[-74.279868,-14.603068],[-74.27995,-14.60286],[-74.280509,-14.602142],[-74.28067,-14.601981],[-74.280865,-14.601865],[-74.281295,-14.601705],[-74.281655,-14.601428],[-74.281865,-14.601339],[-74.282994,-14.601138],[-74.283206,-14.601062],[-74.283241,-14.600852],[-74.283067,-14.600732],[-74.282841,-14.600764],[-74.281291,-14.601182],[-74.281064,-14.601206],[-74.280154,-14.601123],[-74.279989,-14.601265],[-74.279935,-14.601482],[-74.279907,-14.601706],[-74.279843,-14.601922],[-74.279722,-14.602113],[-74.27904,-14.603023],[-74.278845,-14.603115],[-74.278639,-14.603027],[-74.278075,-14.602636],[-74.277877,-14.602524],[-74.277225,-14.602309],[-74.277002,-14.602263],[-74.276799,-14.602357],[-74.276635,-14.602515],[-74.276431,-14.602575],[-74.276247,-14.602445],[-74.275958,-14.602094],[-74.275915,-14.601876],[-74.275968,-14.601656],[-74.276323,-14.600581],[-74.276308,-14.600362],[-74.275902,-14.599815],[-74.275725,-14.599673],[-74.275305,-14.599493],[-74.275079,-14.599461],[-74.274872,-14.599547],[-74.273574,-14.600827],[-74.273491,-14.601029],[-74.273603,-14.601695],[-74.273526,-14.601906],[-74.272855,-14.60309],[-74.272665,-14.603198],[-74.27246,-14.603118],[-74.272368,-14.602914],[-74.272235,-14.602482],[-74.272067,-14.60234],[-74.271862,-14.60242],[-74.271742,-14.602611],[-74.271541,-14.603017],[-74.271503,-14.603239],[-74.271433,-14.604141],[-74.271436,-14.604367],[-74.271479,-14.604586],[-74.27161,-14.60477],[-74.271791,-14.604908],[-74.272926,-14.605676],[-74.272935,-14.605888],[-74.272215,-14.606443],[-74.272164,-14.60666],[-74.272257,-14.607558],[-74.272365,-14.60775],[-74.272549,-14.607884],[-74.272704,-14.608041],[-74.272606,-14.608228],[-74.272402,-14.608331],[-74.272216,-14.60846],[-74.272094,-14.608651],[-74.271591,-14.609666],[-74.27159,-14.60989],[-74.271828,-14.610764],[-74.271795,-14.610979],[-74.271598,-14.611078],[-74.270718,-14.610831],[-74.270495,-14.610875],[-74.270299,-14.61099],[-74.26954,-14.611836],[-74.26936,-14.611975],[-74.269152,-14.612071],[-74.268238,-14.612127],[-74.268031,-14.612219],[-74.266556,-14.613644],[-74.266434,-14.613834],[-74.26638,-14.614052],[-74.266379,-14.614504],[-74.266335,-14.614725],[-74.266069,-14.61559],[-74.265947,-14.615777],[-74.265532,-14.615963],[-74.265435,-14.616162],[-74.265377,-14.616611],[-74.265248,-14.617044],[-74.26505,-14.617451],[-74.264658,-14.618006],[-74.264599,-14.618224],[-74.264593,-14.61845],[-74.264557,-14.61867],[-74.264359,-14.618742],[-74.263926,-14.618603],[-74.263711,-14.618668],[-74.263404,-14.619004],[-74.263273,-14.619187],[-74.263208,-14.619403],[-74.263144,-14.61985],[-74.263037,-14.620048],[-74.262855,-14.620183],[-74.262427,-14.620347],[-74.262211,-14.620423],[-74.262024,-14.620359],[-74.262126,-14.620179],[-74.262747,-14.619886],[-74.262891,-14.619715],[-74.262849,-14.6195],[-74.262611,-14.619118],[-74.262647,-14.618897],[-74.262746,-14.618693],[-74.262871,-14.618506],[-74.263041,-14.618356],[-74.26345,-14.61815],[-74.263608,-14.617992],[-74.263685,-14.61778],[-74.264001,-14.61646],[-74.264,-14.616009],[-74.263933,-14.615335],[-74.264028,-14.615146],[-74.26423,-14.61504],[-74.264319,-14.614839],[-74.264304,-14.614614],[-74.264334,-14.614391],[-74.26474,-14.613335],[-74.264769,-14.612885],[-74.264814,-14.612665],[-74.265336,-14.611923],[-74.265535,-14.611517],[-74.265496,-14.6113],[-74.265337,-14.611144],[-74.265115,-14.6111],[-74.264907,-14.611185],[-74.264537,-14.611753],[-74.26409,-14.61227],[-74.263958,-14.612454],[-74.26387,-14.612662],[-74.263677,-14.613313],[-74.263551,-14.613498],[-74.263353,-14.61361],[-74.262927,-14.613778],[-74.262741,-14.613909],[-74.262306,-14.614433],[-74.261918,-14.614672],[-74.261514,-14.614887],[-74.261299,-14.614964],[-74.261072,-14.614988],[-74.260844,-14.614962],[-74.260646,-14.615052],[-74.26056,-14.615259],[-74.260552,-14.615485],[-74.260513,-14.615707],[-74.260352,-14.615862],[-74.260132,-14.615922],[-74.258998,-14.616096],[-74.258781,-14.616164],[-74.258622,-14.616324],[-74.258536,-14.616531],[-74.258431,-14.616971],[-74.258329,-14.617171],[-74.257857,-14.617665],[-74.25777,-14.617873],[-74.25759,-14.618759],[-74.257502,-14.618966],[-74.257329,-14.61911],[-74.256889,-14.619235],[-74.256688,-14.619343],[-74.25559,-14.620162],[-74.255393,-14.620279],[-74.255181,-14.620362],[-74.254956,-14.620407],[-74.254043,-14.620499],[-74.253825,-14.620568],[-74.253632,-14.620688],[-74.253481,-14.620858],[-74.253365,-14.621052],[-74.253015,-14.622363],[-74.25298,-14.622587],[-74.252936,-14.623262],[-74.252871,-14.623477],[-74.252686,-14.623605],[-74.252459,-14.62361],[-74.252286,-14.62347],[-74.252199,-14.623262],[-74.251997,-14.622615],[-74.251973,-14.62239],[-74.252015,-14.622169],[-74.25286,-14.619826],[-74.252824,-14.619605],[-74.252702,-14.619415],[-74.251989,-14.618529],[-74.251802,-14.6184],[-74.251584,-14.618328],[-74.250919,-14.618151],[-74.250693,-14.618122],[-74.250467,-14.618159],[-74.24958,-14.618392],[-74.248685,-14.618592],[-74.248474,-14.61868],[-74.248281,-14.618801],[-74.247902,-14.619057],[-74.247728,-14.619201],[-74.247136,-14.619893],[-74.247044,-14.620099],[-74.246933,-14.620537],[-74.246803,-14.620718],[-74.246588,-14.62079],[-74.245685,-14.620955],[-74.245456,-14.620969],[-74.244315,-14.620851],[-74.244097,-14.620785],[-74.243903,-14.62067],[-74.243744,-14.62051],[-74.243633,-14.620313],[-74.243577,-14.620095],[-74.243493,-14.619422],[-74.243414,-14.61921],[-74.242737,-14.61803],[-74.242668,-14.617815],[-74.242645,-14.617591],[-74.242685,-14.61601],[-74.242602,-14.615807],[-74.242393,-14.615728],[-74.240328,-14.615779],[-74.2401,-14.615761],[-74.239918,-14.615632],[-74.239675,-14.615249],[-74.239523,-14.615086],[-74.239313,-14.61513],[-74.239,-14.615731],[-74.238828,-14.615874],[-74.238612,-14.615945],[-74.237051,-14.616322],[-74.236842,-14.616411],[-74.236642,-14.616523],[-74.236086,-14.616921],[-74.235939,-14.617092],[-74.235826,-14.617289],[-74.235675,-14.617456],[-74.234666,-14.617991],[-74.234442,-14.618023],[-74.234023,-14.61785],[-74.233819,-14.617931],[-74.233658,-14.618092],[-74.233475,-14.618225],[-74.233258,-14.618249],[-74.232854,-14.618034],[-74.232632,-14.618013],[-74.231591,-14.618489],[-74.231464,-14.618672],[-74.231444,-14.618895],[-74.231517,-14.619108],[-74.231908,-14.619926],[-74.232038,-14.620113],[-74.232195,-14.620276],[-74.232879,-14.62088],[-74.233082,-14.620977],[-74.233309,-14.620946],[-74.233525,-14.620872],[-74.233752,-14.620851],[-74.233936,-14.620981],[-74.23409,-14.621406],[-74.234671,-14.623592],[-74.234679,-14.623818],[-74.234656,-14.624043],[-74.23446,-14.625613],[-74.234495,-14.625835],[-74.234864,-14.626906],[-74.234925,-14.627123],[-74.234958,-14.627347],[-74.234961,-14.627798],[-74.234795,-14.629145],[-74.23473,-14.629361],[-74.234485,-14.629743],[-74.234209,-14.630104],[-74.234101,-14.630303],[-74.234022,-14.630515],[-74.233909,-14.630708],[-74.233709,-14.630812],[-74.233483,-14.630848],[-74.233255,-14.630852],[-74.233033,-14.630797],[-74.231909,-14.630016],[-74.231689,-14.630018],[-74.231493,-14.630135],[-74.231283,-14.630223],[-74.231059,-14.630196],[-74.230855,-14.630097],[-74.23069,-14.629941],[-74.230241,-14.629152],[-74.23007,-14.629009],[-74.228107,-14.628378],[-74.227946,-14.628222],[-74.227634,-14.627618],[-74.22749,-14.627443],[-74.226716,-14.626608],[-74.226144,-14.626233],[-74.225982,-14.626072],[-74.225514,-14.625295],[-74.225472,-14.625076],[-74.225479,-14.62485],[-74.225383,-14.624656],[-74.224996,-14.624423],[-74.224854,-14.624246],[-74.224509,-14.62366],[-74.224417,-14.623454],[-74.224307,-14.622786],[-74.22411,-14.622706],[-74.223939,-14.622842],[-74.223764,-14.62326],[-74.223604,-14.623413],[-74.223386,-14.623474],[-74.222699,-14.623516],[-74.222474,-14.623482],[-74.222256,-14.62341],[-74.222033,-14.623397],[-74.221906,-14.623572],[-74.221811,-14.623778],[-74.221826,-14.623995],[-74.221983,-14.624155],[-74.222649,-14.624323],[-74.222861,-14.624404],[-74.222985,-14.624582],[-74.222982,-14.625259],[-74.223006,-14.625482],[-74.223428,-14.62701],[-74.223926,-14.628984],[-74.223999,-14.629195],[-74.224155,-14.629358],[-74.224343,-14.629487],[-74.224511,-14.629639],[-74.224647,-14.630057],[-74.225025,-14.630314],[-74.225193,-14.630468],[-74.225764,-14.631176],[-74.22602,-14.631551],[-74.226546,-14.632555],[-74.226609,-14.632771],[-74.22663,-14.632995],[-74.226588,-14.633216],[-74.226304,-14.634077],[-74.226226,-14.634289],[-74.226108,-14.634482],[-74.22577,-14.634785],[-74.225576,-14.634906],[-74.224548,-14.635408],[-74.223693,-14.636161],[-74.22354,-14.636329],[-74.223454,-14.636537],[-74.223321,-14.637202],[-74.22326,-14.637649],[-74.223303,-14.637868],[-74.223592,-14.638483],[-74.22366,-14.638697],[-74.223661,-14.6396],[-74.223588,-14.639809],[-74.223231,-14.640091],[-74.222968,-14.640459],[-74.222794,-14.640606],[-74.222419,-14.640867],[-74.222206,-14.640944],[-74.221978,-14.640946],[-74.221524,-14.640883],[-74.221303,-14.640824],[-74.220888,-14.640632],[-74.220662,-14.640598],[-74.219516,-14.640554],[-74.218847,-14.640395],[-74.218618,-14.640387],[-74.218159,-14.640381],[-74.217932,-14.640406],[-74.217544,-14.640645],[-74.217329,-14.640721],[-74.2171,-14.640731],[-74.21596,-14.640601],[-74.215731,-14.6406],[-74.215276,-14.64066],[-74.215049,-14.640669],[-74.214884,-14.640519],[-74.214779,-14.640319],[-74.21461,-14.64017],[-74.214168,-14.64006],[-74.214002,-14.639909],[-74.213881,-14.639717],[-74.213802,-14.639507],[-74.213797,-14.639056],[-74.21372,-14.638845],[-74.213506,-14.638447],[-74.213389,-14.63778],[-74.213305,-14.637572],[-74.213189,-14.637378],[-74.213031,-14.637214],[-74.212676,-14.636927],[-74.212524,-14.636762],[-74.212397,-14.636331],[-74.212227,-14.636185],[-74.211817,-14.635985],[-74.211717,-14.635786],[-74.21161,-14.634661],[-74.211476,-14.634482],[-74.211116,-14.634202],[-74.210967,-14.634034],[-74.210918,-14.633816],[-74.210902,-14.633138],[-74.210918,-14.632913],[-74.211047,-14.632482],[-74.211003,-14.632262],[-74.210739,-14.631636],[-74.210617,-14.631445],[-74.210172,-14.630928],[-74.209968,-14.630834],[-74.209283,-14.630889],[-74.209056,-14.630868],[-74.208858,-14.630755],[-74.208509,-14.630462],[-74.208308,-14.630358],[-74.208151,-14.630471],[-74.208359,-14.631114],[-74.208375,-14.631564],[-74.208336,-14.631786],[-74.208116,-14.632429],[-74.207938,-14.632845],[-74.207837,-14.633048],[-74.207577,-14.633421],[-74.207473,-14.633621],[-74.20733,-14.634051],[-74.207243,-14.63426],[-74.207127,-14.634454],[-74.206048,-14.635296],[-74.205839,-14.635371],[-74.205431,-14.635176],[-74.205214,-14.635223],[-74.204851,-14.6355],[-74.204658,-14.63562],[-74.204237,-14.635801],[-74.204018,-14.635869],[-74.203338,-14.63597],[-74.202652,-14.636033],[-74.202423,-14.636048],[-74.201967,-14.636018],[-74.201798,-14.636149],[-74.201614,-14.636561],[-74.201463,-14.636729],[-74.200368,-14.637552],[-74.200079,-14.637901],[-74.199976,-14.638103],[-74.199102,-14.640194],[-74.199028,-14.640408],[-74.19892,-14.640847],[-74.198772,-14.641739],[-74.19874,-14.64219],[-74.198749,-14.642416],[-74.198865,-14.643081],[-74.198857,-14.643758],[-74.19892,-14.644206],[-74.198897,-14.64443],[-74.198653,-14.645063],[-74.198528,-14.645498],[-74.198409,-14.645687],[-74.198214,-14.645799],[-74.197535,-14.64591],[-74.197316,-14.645972],[-74.197172,-14.646138],[-74.197108,-14.646355],[-74.197,-14.64655],[-74.196572,-14.646695],[-74.196189,-14.646943],[-74.195828,-14.647222],[-74.195364,-14.647722],[-74.19518,-14.647853],[-74.193648,-14.648323],[-74.193497,-14.64849],[-74.193318,-14.648902],[-74.193126,-14.649019],[-74.192902,-14.649021],[-74.192722,-14.648886],[-74.192409,-14.648283],[-74.192212,-14.648195],[-74.192019,-14.648302],[-74.191765,-14.648678],[-74.191596,-14.648829],[-74.191182,-14.649022],[-74.19101,-14.649169],[-74.190751,-14.64954],[-74.190566,-14.649668],[-74.190345,-14.649723],[-74.189887,-14.649746],[-74.18899,-14.649935],[-74.188761,-14.64995],[-74.188303,-14.64992],[-74.188081,-14.649949],[-74.187921,-14.650107],[-74.187782,-14.650287],[-74.187573,-14.65036],[-74.187364,-14.650277],[-74.187208,-14.650112],[-74.187076,-14.649928],[-74.186908,-14.649797],[-74.186708,-14.649868],[-74.186636,-14.650078],[-74.186669,-14.6503],[-74.186863,-14.650708],[-74.18692,-14.650923],[-74.186769,-14.651077],[-74.186567,-14.651183],[-74.186462,-14.651377],[-74.186522,-14.65159],[-74.186835,-14.652194],[-74.187302,-14.653227],[-74.187447,-14.653401],[-74.187617,-14.653551],[-74.188172,-14.653953],[-74.188328,-14.654116],[-74.18838,-14.654331],[-74.188298,-14.65454],[-74.187832,-14.655038],[-74.187719,-14.655234],[-74.187648,-14.655448],[-74.187465,-14.656334],[-74.187251,-14.656977],[-74.187241,-14.657203],[-74.187269,-14.657427],[-74.187415,-14.658089],[-74.187424,-14.658312],[-74.187364,-14.658528],[-74.187211,-14.658693],[-74.187004,-14.658785],[-74.185871,-14.658966],[-74.185693,-14.659096],[-74.185645,-14.659313],[-74.185634,-14.659539],[-74.185582,-14.659756],[-74.185053,-14.660184],[-74.184994,-14.660394],[-74.185183,-14.661045],[-74.185196,-14.66127],[-74.185181,-14.661495],[-74.185065,-14.662164],[-74.184957,-14.662359],[-74.184763,-14.662477],[-74.18434,-14.66265],[-74.184157,-14.662781],[-74.183543,-14.663735],[-74.183343,-14.663842],[-74.182885,-14.663843],[-74.18267,-14.663914],[-74.181763,-14.664606],[-74.181598,-14.664763],[-74.181485,-14.664959],[-74.181408,-14.665404],[-74.181344,-14.665619],[-74.181198,-14.665792],[-74.181001,-14.665904],[-74.18078,-14.665948],[-74.180559,-14.66589],[-74.180138,-14.665713],[-74.17991,-14.665709],[-74.179699,-14.665792],[-74.175705,-14.668022],[-74.175528,-14.668166],[-74.175372,-14.668331],[-74.175163,-14.668732],[-74.17431,-14.671783],[-74.174241,-14.671999],[-74.174092,-14.672163],[-74.173869,-14.67218],[-74.173669,-14.672072],[-74.172802,-14.671332],[-74.172492,-14.671],[-74.172297,-14.670591],[-74.172114,-14.670486],[-74.171936,-14.670611],[-74.171576,-14.671682],[-74.171444,-14.671864],[-74.171268,-14.672008],[-74.170858,-14.672208],[-74.170694,-14.672365],[-74.170074,-14.673316],[-74.169191,-14.675646],[-74.169154,-14.675867],[-74.16925,-14.676068],[-74.169376,-14.676256],[-74.16942,-14.676475],[-74.169395,-14.6767],[-74.169341,-14.676919],[-74.169241,-14.677122],[-74.169092,-14.677293],[-74.168387,-14.677869],[-74.167383,-14.679384],[-74.167164,-14.679781],[-74.167092,-14.679995],[-74.166596,-14.682202],[-74.166596,-14.682427],[-74.166706,-14.682621],[-74.167016,-14.682954],[-74.167139,-14.683143],[-74.167221,-14.683353],[-74.167257,-14.683576],[-74.167271,-14.684254],[-74.167228,-14.684475],[-74.167128,-14.684678],[-74.165366,-14.687049],[-74.165224,-14.687226],[-74.165045,-14.687366],[-74.164824,-14.687421],[-74.164598,-14.687412],[-74.164158,-14.687282],[-74.163933,-14.687277],[-74.163733,-14.68738],[-74.163424,-14.687715],[-74.163239,-14.687846],[-74.16302,-14.687898],[-74.162791,-14.687882],[-74.161884,-14.687742],[-74.161654,-14.687752],[-74.161481,-14.687894],[-74.161381,-14.688095],[-74.160797,-14.68981],[-74.160776,-14.690032],[-74.16087,-14.690235],[-74.161157,-14.690586],[-74.161223,-14.690802],[-74.16135,-14.691468],[-74.161314,-14.691691],[-74.161144,-14.692348],[-74.161134,-14.692573],[-74.161151,-14.692798],[-74.161322,-14.693687],[-74.16136,-14.694137],[-74.161273,-14.695037],[-74.161128,-14.695193],[-74.160674,-14.695144],[-74.160464,-14.695055],[-74.160277,-14.694926],[-74.160177,-14.694729],[-74.160123,-14.69451],[-74.160001,-14.694324],[-74.159585,-14.694136],[-74.15939,-14.694019],[-74.159223,-14.693865],[-74.158853,-14.693296],[-74.15867,-14.693163],[-74.158223,-14.693061],[-74.158019,-14.692966],[-74.157624,-14.692413],[-74.156672,-14.691433],[-74.156489,-14.691299],[-74.15627,-14.691237],[-74.155591,-14.69113],[-74.155363,-14.691148],[-74.155149,-14.691229],[-74.154926,-14.691261],[-74.154725,-14.691159],[-74.154376,-14.690865],[-74.154178,-14.690757],[-74.153953,-14.690786],[-74.153744,-14.690879],[-74.153568,-14.691022],[-74.15344,-14.691208],[-74.15275,-14.692382],[-74.152583,-14.692533],[-74.152363,-14.69259],[-74.151679,-14.692673],[-74.151454,-14.692646],[-74.151293,-14.692488],[-74.151186,-14.692288],[-74.150898,-14.691938],[-74.150723,-14.691792],[-74.150346,-14.691534],[-74.150205,-14.691357],[-74.150144,-14.69114],[-74.150065,-14.690013],[-74.149938,-14.689829],[-74.149517,-14.689653],[-74.149318,-14.68954],[-74.149159,-14.689379],[-74.148066,-14.687925],[-74.14795,-14.68773],[-74.147904,-14.687512],[-74.148082,-14.686168],[-74.1481,-14.685491],[-74.148017,-14.685287],[-74.147835,-14.685155],[-74.147612,-14.685114],[-74.147395,-14.685179],[-74.147215,-14.685317],[-74.146608,-14.686277],[-74.146446,-14.686436],[-74.145004,-14.687556],[-74.14483,-14.687703],[-74.14435,-14.688188],[-74.14301,-14.689061],[-74.142864,-14.689232],[-74.14279,-14.689445],[-74.142478,-14.690997],[-74.142388,-14.691203],[-74.142194,-14.69131],[-74.141974,-14.691276],[-74.141814,-14.691119],[-74.14126,-14.689878],[-74.141143,-14.689685],[-74.140952,-14.689566],[-74.139826,-14.689355],[-74.139597,-14.689333],[-74.139373,-14.68936],[-74.138816,-14.689754],[-74.138598,-14.68982],[-74.138371,-14.689846],[-74.138154,-14.689918],[-74.13798,-14.690063],[-74.137868,-14.690258],[-74.137845,-14.690481],[-74.137875,-14.691158],[-74.13785,-14.69138],[-74.137791,-14.691599],[-74.13775,-14.692048],[-74.137857,-14.692488],[-74.137877,-14.692712],[-74.137691,-14.693357],[-74.13774,-14.693806],[-74.137714,-14.69403],[-74.137584,-14.694463],[-74.137622,-14.694684],[-74.137851,-14.695074],[-74.137909,-14.695292],[-74.137901,-14.695516],[-74.137804,-14.69572],[-74.137549,-14.696095],[-74.13749,-14.696313],[-74.13746,-14.696537],[-74.137435,-14.696762],[-74.137448,-14.696986],[-74.137617,-14.697112],[-74.137845,-14.697104],[-74.138525,-14.697001],[-74.138963,-14.696865],[-74.139186,-14.696843],[-74.139364,-14.696972],[-74.139499,-14.697402],[-74.139637,-14.697577],[-74.140703,-14.697992],[-74.140874,-14.698139],[-74.141174,-14.698478],[-74.141367,-14.698597],[-74.14181,-14.698702],[-74.141917,-14.698892],[-74.141803,-14.699075],[-74.141586,-14.699061],[-74.141246,-14.69876],[-74.141055,-14.698634],[-74.140846,-14.698545],[-74.140623,-14.698491],[-74.140396,-14.69848],[-74.140195,-14.69858],[-74.139908,-14.698932],[-74.139725,-14.699066],[-74.139522,-14.699169],[-74.139094,-14.699332],[-74.138871,-14.699384],[-74.138414,-14.699382],[-74.138211,-14.699479],[-74.137723,-14.699958],[-74.137545,-14.7001],[-74.137151,-14.70033],[-74.136985,-14.700485],[-74.136849,-14.700667],[-74.136692,-14.700831],[-74.136506,-14.700964],[-74.136306,-14.701073],[-74.136087,-14.701115],[-74.135187,-14.700933],[-74.134729,-14.700902],[-74.134503,-14.700929],[-74.134067,-14.701069],[-74.133002,-14.701492],[-74.132783,-14.70156],[-74.132563,-14.701527],[-74.132489,-14.70133],[-74.132561,-14.701119],[-74.132862,-14.700509],[-74.132938,-14.700296],[-74.132911,-14.700073],[-74.132497,-14.698079],[-74.132409,-14.697874],[-74.132203,-14.697803],[-74.131756,-14.697906],[-74.131535,-14.697903],[-74.13136,-14.697763],[-74.131243,-14.697569],[-74.130418,-14.695953],[-74.130289,-14.695769],[-74.130074,-14.69572],[-74.129159,-14.695645],[-74.127094,-14.695576],[-74.125031,-14.695458],[-74.124113,-14.695442],[-74.123937,-14.695545],[-74.123897,-14.695767],[-74.123779,-14.695958],[-74.122799,-14.697212],[-74.122609,-14.697326],[-74.122383,-14.697315],[-74.121529,-14.696983],[-74.121142,-14.696741],[-74.120772,-14.696474],[-74.120605,-14.696325],[-74.120537,-14.696112],[-74.120454,-14.695212],[-74.120514,-14.694998],[-74.12104,-14.693994],[-74.121324,-14.693377],[-74.121793,-14.6926],[-74.12189,-14.692396],[-74.121923,-14.692175],[-74.121837,-14.691967],[-74.120908,-14.690408],[-74.12061,-14.690064],[-74.119982,-14.689404],[-74.119474,-14.688651],[-74.119365,-14.688453],[-74.119309,-14.688235],[-74.119245,-14.687107],[-74.119255,-14.686656],[-74.119346,-14.686449],[-74.120157,-14.685082],[-74.12026,-14.684881],[-74.120299,-14.684659],[-74.120276,-14.684435],[-74.12008,-14.683785],[-74.119996,-14.683574],[-74.119874,-14.683383],[-74.119723,-14.683213],[-74.119544,-14.683072],[-74.118738,-14.682639],[-74.118511,-14.68262],[-74.118065,-14.682726],[-74.11784,-14.682692],[-74.117209,-14.682422],[-74.116991,-14.682356],[-74.116762,-14.682348],[-74.116305,-14.682378],[-74.116092,-14.682301],[-74.115934,-14.68214],[-74.115863,-14.681929],[-74.11585,-14.681478],[-74.115807,-14.681256],[-74.115573,-14.680619],[-74.115478,-14.679952],[-74.115301,-14.679814],[-74.11488,-14.679634],[-74.114679,-14.679524],[-74.11413,-14.679115],[-74.113812,-14.678791],[-74.113158,-14.677863],[-74.112965,-14.677744],[-74.112746,-14.677685],[-74.112519,-14.67771],[-74.112305,-14.677788],[-74.112112,-14.677908],[-74.111892,-14.677967],[-74.111674,-14.677914],[-74.111298,-14.677654],[-74.111089,-14.677563],[-74.11044,-14.677337],[-74.110317,-14.677156],[-74.110401,-14.676715],[-74.110419,-14.67649],[-74.110365,-14.676273],[-74.110252,-14.676077],[-74.109426,-14.674991],[-74.109265,-14.674832],[-74.109046,-14.674795],[-74.10886,-14.674918],[-74.108827,-14.675133],[-74.108942,-14.675322],[-74.109607,-14.675945],[-74.109698,-14.676148],[-74.10976,-14.676596],[-74.109713,-14.676813],[-74.109588,-14.677002],[-74.109115,-14.677495],[-74.108934,-14.677633],[-74.108718,-14.677704],[-74.10849,-14.677713],[-74.10827,-14.67766],[-74.107881,-14.67742],[-74.107514,-14.677151],[-74.107388,-14.676963],[-74.107239,-14.676536],[-74.107118,-14.676348],[-74.10691,-14.676253],[-74.106477,-14.676105],[-74.10635,-14.675937],[-74.106387,-14.675719],[-74.106573,-14.675306],[-74.106621,-14.675086],[-74.106623,-14.674861],[-74.106541,-14.673507],[-74.106316,-14.673116],[-74.106245,-14.672906],[-74.106303,-14.672694],[-74.106572,-14.672327],[-74.106684,-14.672131],[-74.106701,-14.67191],[-74.106617,-14.671465],[-74.106609,-14.671241],[-74.106719,-14.671051],[-74.106934,-14.670976],[-74.107159,-14.670934],[-74.107371,-14.670855],[-74.10748,-14.670661],[-74.107403,-14.670455],[-74.107203,-14.670351],[-74.106975,-14.670374],[-74.106761,-14.670433],[-74.106608,-14.6706],[-74.106388,-14.670996],[-74.106245,-14.671168],[-74.106043,-14.671272],[-74.105817,-14.671297],[-74.105599,-14.67123],[-74.105182,-14.671047],[-74.10496,-14.671084],[-74.104655,-14.67142],[-74.104484,-14.671562],[-74.104274,-14.671521],[-74.104148,-14.671334],[-74.104117,-14.671113],[-74.10415,-14.67089],[-74.104295,-14.670719],[-74.104497,-14.670619],[-74.104721,-14.670576],[-74.105409,-14.670542],[-74.105609,-14.670441],[-74.10631,-14.669274],[-74.106339,-14.669057],[-74.106208,-14.668886],[-74.105985,-14.668837],[-74.105529,-14.668799],[-74.105315,-14.66872],[-74.105144,-14.668572],[-74.105032,-14.668377],[-74.10495,-14.667934],[-74.105022,-14.667727],[-74.105208,-14.667608],[-74.105663,-14.667645],[-74.10611,-14.667749],[-74.107654,-14.668188],[-74.107879,-14.668206],[-74.108063,-14.668083],[-74.108098,-14.667868],[-74.107964,-14.667693],[-74.107559,-14.667481],[-74.107341,-14.667418],[-74.106884,-14.667373],[-74.106686,-14.667263],[-74.106317,-14.666995],[-74.106102,-14.666927],[-74.105873,-14.666925],[-74.10496,-14.667001],[-74.104745,-14.666928],[-74.10459,-14.666766],[-74.10453,-14.66655],[-74.104593,-14.666103],[-74.104556,-14.665885],[-74.10437,-14.665761],[-74.102365,-14.665275],[-74.101752,-14.664968],[-74.101186,-14.664582],[-74.100847,-14.664279],[-74.100632,-14.66421],[-74.100435,-14.664315],[-74.100383,-14.66453],[-74.10038,-14.664756],[-74.100438,-14.665203],[-74.100691,-14.665834],[-74.100738,-14.666052],[-74.100641,-14.666242],[-74.100425,-14.666288],[-74.099993,-14.66615],[-74.099778,-14.666223],[-74.099378,-14.666443],[-74.099163,-14.666522],[-74.098938,-14.666562],[-74.09848,-14.666592],[-74.098255,-14.666627],[-74.098095,-14.666781],[-74.09804,-14.666996],[-74.098125,-14.667203],[-74.098578,-14.66771],[-74.09858,-14.66793],[-74.098054,-14.66867],[-74.097814,-14.669055],[-74.097607,-14.669458],[-74.097611,-14.669673],[-74.098175,-14.670386],[-74.098298,-14.670576],[-74.098437,-14.671007],[-74.098488,-14.671226],[-74.098507,-14.671451],[-74.098474,-14.671902],[-74.098423,-14.672121],[-74.098284,-14.672298],[-74.0981,-14.672429],[-74.096565,-14.672896],[-74.095879,-14.672938],[-74.095656,-14.672988],[-74.095446,-14.673078],[-74.094716,-14.673625],[-74.090864,-14.676086],[-74.09075,-14.676275],[-74.090796,-14.676725],[-74.090779,-14.676946],[-74.090512,-14.677308],[-74.090333,-14.678194],[-74.090324,-14.678417],[-74.090465,-14.678588],[-74.090666,-14.678697],[-74.090778,-14.678881],[-74.090686,-14.679084],[-74.090521,-14.679239],[-74.090308,-14.679317],[-74.090083,-14.679281],[-74.08991,-14.679136],[-74.088998,-14.677567],[-74.088867,-14.67738],[-74.088791,-14.67717],[-74.089018,-14.676298],[-74.08892,-14.6761],[-74.088718,-14.675998],[-74.088496,-14.676035],[-74.088355,-14.676207],[-74.08834,-14.676429],[-74.088454,-14.676866],[-74.088458,-14.67709],[-74.088407,-14.67754],[-74.088346,-14.677757],[-74.088128,-14.678155],[-74.08809,-14.678376],[-74.088152,-14.679051],[-74.088143,-14.679276],[-74.088085,-14.679494],[-74.087982,-14.679696],[-74.08785,-14.67988],[-74.087114,-14.680418],[-74.086892,-14.680442],[-74.085766,-14.680224],[-74.085549,-14.680275],[-74.085185,-14.680549],[-74.085037,-14.68072],[-74.084932,-14.680921],[-74.084413,-14.682177],[-74.083767,-14.683375],[-74.083517,-14.683754],[-74.083418,-14.683958],[-74.083392,-14.684181],[-74.083407,-14.685085],[-74.083424,-14.68531],[-74.08349,-14.685525],[-74.083787,-14.686136],[-74.083965,-14.686276],[-74.084357,-14.686505],[-74.084424,-14.686711],[-74.084317,-14.686902],[-74.083892,-14.687071],[-74.083692,-14.68718],[-74.083564,-14.687365],[-74.083496,-14.68758],[-74.083502,-14.687805],[-74.083582,-14.688015],[-74.083928,-14.688602],[-74.083976,-14.688819],[-74.083701,-14.689439],[-74.083688,-14.689662],[-74.08361,-14.689865],[-74.083397,-14.68989],[-74.083295,-14.689711],[-74.083664,-14.689147],[-74.083746,-14.688936],[-74.083763,-14.688717],[-74.083675,-14.688512],[-74.083305,-14.688246],[-74.083137,-14.688095],[-74.08303,-14.687896],[-74.082655,-14.686828],[-74.08259,-14.686612],[-74.0823,-14.685286],[-74.082294,-14.68506],[-74.082356,-14.684386],[-74.082281,-14.684176],[-74.082167,-14.68398],[-74.082059,-14.683541],[-74.08206,-14.683315],[-74.082246,-14.682906],[-74.082264,-14.682682],[-74.08214,-14.682247],[-74.082135,-14.682026],[-74.082241,-14.681829],[-74.082709,-14.681332],[-74.082702,-14.681115],[-74.082521,-14.68101],[-74.08233,-14.681121],[-74.081949,-14.681686],[-74.08186,-14.681894],[-74.081596,-14.682759],[-74.081475,-14.684564],[-74.081205,-14.686352],[-74.081023,-14.686765],[-74.080536,-14.687242],[-74.080357,-14.687384],[-74.08016,-14.6875],[-74.079952,-14.687592],[-74.078849,-14.687907],[-74.078644,-14.688005],[-74.078291,-14.688292],[-74.078091,-14.688401],[-74.077429,-14.688584],[-74.076801,-14.688861],[-74.076577,-14.68891],[-74.075895,-14.689],[-74.075668,-14.688973],[-74.075023,-14.688739],[-74.074796,-14.688733],[-74.071654,-14.690118],[-74.071429,-14.69016],[-74.071201,-14.690143],[-74.070529,-14.689997],[-74.070301,-14.689981],[-74.070072,-14.69],[-74.069856,-14.690073],[-74.069652,-14.690178],[-74.068877,-14.690661],[-74.068664,-14.690742],[-74.068436,-14.69076],[-74.067749,-14.69072],[-74.06752,-14.690738],[-74.067296,-14.690785],[-74.06665,-14.691017],[-74.066463,-14.691147],[-74.06631,-14.691315],[-74.065911,-14.691868],[-74.065726,-14.691998],[-74.064303,-14.692732],[-74.063876,-14.692893],[-74.063421,-14.692949],[-74.062503,-14.692971],[-74.061596,-14.692838],[-74.061379,-14.692767],[-74.061209,-14.692621],[-74.061133,-14.692416],[-74.061182,-14.692199],[-74.061325,-14.692026],[-74.061938,-14.69172],[-74.062133,-14.691602],[-74.0623,-14.691448],[-74.063241,-14.690167],[-74.063327,-14.689957],[-74.06338,-14.689738],[-74.063901,-14.686844],[-74.063917,-14.686392],[-74.063775,-14.684589],[-74.063738,-14.684366],[-74.06366,-14.684154],[-74.063546,-14.683959],[-74.062916,-14.683014],[-74.062747,-14.682864],[-74.062533,-14.682793],[-74.061846,-14.682752],[-74.061629,-14.682684],[-74.061472,-14.682523],[-74.06137,-14.682322],[-74.061095,-14.68146],[-74.060953,-14.681288],[-74.060728,-14.681289],[-74.059904,-14.681685],[-74.059472,-14.681836],[-74.059248,-14.681888],[-74.057651,-14.682058],[-74.056339,-14.682472],[-74.055893,-14.682572],[-74.055208,-14.682638],[-74.054749,-14.682649],[-74.054297,-14.682576],[-74.053853,-14.682463],[-74.053672,-14.682338],[-74.05344,-14.681466],[-74.052881,-14.680226],[-74.052769,-14.680029],[-74.052255,-14.679579],[-74.05213,-14.679395],[-74.052154,-14.679177],[-74.052329,-14.679043],[-74.052555,-14.679045],[-74.053642,-14.67941],[-74.053864,-14.679463],[-74.05409,-14.679441],[-74.054296,-14.67935],[-74.054427,-14.679166],[-74.054453,-14.678946],[-74.054374,-14.678735],[-74.054224,-14.678565],[-74.053569,-14.677933],[-74.05336,-14.677846],[-74.052904,-14.677827],[-74.05274,-14.677678],[-74.05268,-14.67746],[-74.05256,-14.676792],[-74.052533,-14.676569],[-74.052557,-14.676345],[-74.052801,-14.675711],[-74.052965,-14.674823],[-74.053109,-14.674658],[-74.053939,-14.674275],[-74.05473,-14.673815],[-74.055561,-14.673435],[-74.05572,-14.673272],[-74.055814,-14.673067],[-74.05627,-14.671549],[-74.05631,-14.671328],[-74.056275,-14.671105],[-74.05621,-14.670889],[-74.056011,-14.670483],[-74.055435,-14.669779],[-74.055259,-14.669641],[-74.0539,-14.669439],[-74.053045,-14.669113],[-74.052927,-14.66893],[-74.052967,-14.668713],[-74.053838,-14.667121],[-74.054031,-14.666711],[-74.054782,-14.664102],[-74.054876,-14.663659],[-74.055035,-14.661631],[-74.055201,-14.660057],[-74.055282,-14.659847],[-74.055404,-14.659656],[-74.055971,-14.658944],[-74.056489,-14.658199],[-74.056568,-14.657987],[-74.056637,-14.657541],[-74.056649,-14.657316],[-74.056598,-14.657095],[-74.056354,-14.656461],[-74.05628,-14.655788],[-74.05623,-14.655568],[-74.05561,-14.653866],[-74.055515,-14.653662],[-74.055359,-14.653497],[-74.054373,-14.65292],[-74.054015,-14.652642],[-74.05375,-14.652272],[-74.053516,-14.651885],[-74.053479,-14.651662],[-74.053497,-14.650308],[-74.053343,-14.649648],[-74.053325,-14.649424],[-74.053357,-14.6492],[-74.054026,-14.646802],[-74.054172,-14.646374],[-74.054532,-14.645542],[-74.054592,-14.645324],[-74.054711,-14.644656],[-74.054683,-14.644437],[-74.054523,-14.644284],[-74.054301,-14.644258],[-74.054094,-14.644351],[-74.053042,-14.645224],[-74.051244,-14.646227],[-74.051034,-14.646317],[-74.05014,-14.646522],[-74.049957,-14.646653],[-74.049688,-14.647019],[-74.049502,-14.647149],[-74.049279,-14.647176],[-74.048825,-14.647105],[-74.048623,-14.647014],[-74.048534,-14.646808],[-74.048151,-14.645039],[-74.048072,-14.64483],[-74.047722,-14.644547],[-74.047624,-14.644345],[-74.047349,-14.643482],[-74.047202,-14.642363],[-74.047271,-14.64215],[-74.047452,-14.642022],[-74.04813,-14.641932],[-74.048319,-14.641806],[-74.048995,-14.641194],[-74.049116,-14.641003],[-74.049192,-14.640791],[-74.049367,-14.640135],[-74.049394,-14.639913],[-74.049308,-14.639712],[-74.049112,-14.639606],[-74.048883,-14.63961],[-74.047751,-14.639801],[-74.047304,-14.639902],[-74.046867,-14.64004],[-74.04666,-14.640138],[-74.046294,-14.64041],[-74.046082,-14.640477],[-74.045877,-14.640378],[-74.045707,-14.640225],[-74.045503,-14.640133],[-74.045293,-14.640207],[-74.044757,-14.640633],[-74.044553,-14.640724],[-74.044327,-14.640703],[-74.04415,-14.640563],[-74.044045,-14.640364],[-74.043973,-14.640149],[-74.043848,-14.639964],[-74.043632,-14.639899],[-74.042945,-14.639868],[-74.042727,-14.639932],[-74.042115,-14.640242],[-74.041897,-14.64031],[-74.041672,-14.640276],[-74.041075,-14.63994],[-74.040856,-14.63988],[-74.040397,-14.639878],[-74.040192,-14.639792],[-74.039734,-14.639285],[-74.039553,-14.639149],[-74.038726,-14.638758],[-74.038598,-14.638581],[-74.038609,-14.638358],[-74.038865,-14.637257],[-74.039298,-14.63621],[-74.03934,-14.635991],[-74.039224,-14.635806],[-74.039008,-14.635733],[-74.038107,-14.635561],[-74.035123,-14.635516],[-74.034905,-14.635452],[-74.034725,-14.635315],[-74.034473,-14.634938],[-74.034371,-14.634736],[-74.034299,-14.634523],[-74.034283,-14.634298],[-74.034313,-14.633847],[-74.03439,-14.633636],[-74.034682,-14.633289],[-74.035178,-14.632818],[-74.035422,-14.632436],[-74.035716,-14.631823],[-74.035865,-14.631652],[-74.037274,-14.630493],[-74.037939,-14.629572],[-74.038064,-14.629382],[-74.038153,-14.629176],[-74.038423,-14.628077],[-74.038407,-14.627854],[-74.038259,-14.627688],[-74.037646,-14.627379],[-74.037525,-14.627195],[-74.037531,-14.626972],[-74.037634,-14.626301],[-74.037609,-14.626079],[-74.03747,-14.6259],[-74.037269,-14.625799],[-74.03704,-14.625797],[-74.036587,-14.625868],[-74.036366,-14.625928],[-74.035765,-14.626257],[-74.03554,-14.62626],[-74.035347,-14.626137],[-74.034666,-14.625531],[-74.034459,-14.625452],[-74.034261,-14.625553],[-74.034191,-14.625757],[-74.034199,-14.626435],[-74.0341,-14.627334],[-74.034058,-14.627555],[-74.033949,-14.627751],[-74.033783,-14.627907],[-74.033414,-14.628176],[-74.033258,-14.628335],[-74.033115,-14.628764],[-74.032987,-14.628947],[-74.032106,-14.629198],[-74.031896,-14.629287],[-74.031511,-14.629534],[-74.031306,-14.629634],[-74.031089,-14.629708],[-74.030865,-14.629753],[-74.030637,-14.62975],[-74.029956,-14.629651],[-74.029271,-14.629704],[-74.029054,-14.629636],[-74.028482,-14.629259],[-74.028322,-14.629098],[-74.02776,-14.628113],[-74.027681,-14.627901],[-74.02765,-14.627678],[-74.027696,-14.626775],[-74.027737,-14.626554],[-74.027863,-14.626367],[-74.028327,-14.625867],[-74.028431,-14.625665],[-74.02846,-14.625442],[-74.028441,-14.625218],[-74.02792,-14.623963],[-74.027777,-14.62379],[-74.027569,-14.6237],[-74.027347,-14.623644],[-74.027121,-14.623668],[-74.026943,-14.623807],[-74.025765,-14.624884],[-74.025222,-14.6253],[-74.02502,-14.625407],[-74.024861,-14.625566],[-74.024456,-14.626115],[-74.024278,-14.626251],[-74.024051,-14.62624],[-74.023605,-14.62614],[-74.023161,-14.626244],[-74.022933,-14.626235],[-74.022031,-14.626064],[-74.02112,-14.625958],[-74.020898,-14.625902],[-74.019835,-14.625478],[-74.019641,-14.625358],[-74.01948,-14.625198],[-74.019225,-14.624823],[-74.019048,-14.624407],[-74.018994,-14.624187],[-74.018989,-14.623963],[-74.019206,-14.623321],[-74.019201,-14.623097],[-74.019149,-14.622878],[-74.019006,-14.622704],[-74.018594,-14.622507],[-74.018436,-14.622349],[-74.018124,-14.6215],[-74.018109,-14.621277],[-74.018294,-14.620626],[-74.018319,-14.619949],[-74.018235,-14.619745],[-74.018023,-14.61967],[-74.017793,-14.61967],[-74.017575,-14.619607],[-74.017453,-14.619422],[-74.017339,-14.618984],[-74.017261,-14.618773],[-74.017072,-14.618664],[-74.016855,-14.61871],[-74.016398,-14.619217],[-74.016228,-14.619367],[-74.016015,-14.619442],[-74.015787,-14.619433],[-74.015362,-14.619267],[-74.01514,-14.61921],[-74.014913,-14.619221],[-74.01469,-14.619274],[-74.014481,-14.619367],[-74.014133,-14.619659],[-74.013941,-14.619779],[-74.013714,-14.619796],[-74.0135,-14.619724],[-74.012693,-14.619293],[-74.01257,-14.619109],[-74.012587,-14.618658],[-74.012541,-14.61821],[-74.012255,-14.616883],[-74.012148,-14.616689],[-74.011934,-14.616622],[-74.011712,-14.616678],[-74.011485,-14.616706],[-74.011257,-14.61669],[-74.010145,-14.616413],[-74.009933,-14.616327],[-74.009755,-14.616184],[-74.009461,-14.615837],[-74.00928,-14.6157],[-74.009056,-14.615724],[-74.008619,-14.615864],[-74.008396,-14.615838],[-74.00821,-14.61571],[-74.007448,-14.614581],[-74.0073,-14.61441],[-74.007079,-14.614362],[-74.006622,-14.614349],[-74.006412,-14.614261],[-74.006244,-14.614108],[-74.005454,-14.612997],[-74.005304,-14.612827],[-74.005139,-14.612669],[-74.003694,-14.611555],[-74.003349,-14.611256],[-74.002086,-14.609646],[-74.001728,-14.609068],[-74.001423,-14.60846],[-74.00129,-14.608276],[-74.000076,-14.606919],[-73.999888,-14.606793],[-73.999229,-14.606598],[-73.999039,-14.606474],[-73.998883,-14.60631],[-73.998757,-14.606121],[-73.998199,-14.605134],[-73.998049,-14.604963],[-73.997851,-14.60485],[-73.997003,-14.604503],[-73.996784,-14.604459],[-73.996566,-14.604524],[-73.996387,-14.604663],[-73.996278,-14.60486],[-73.996267,-14.605084],[-73.996428,-14.605743],[-73.996449,-14.605968],[-73.996314,-14.606862],[-73.996237,-14.607073],[-73.996053,-14.607203],[-73.995417,-14.60746],[-73.995226,-14.607586],[-73.994135,-14.608414],[-73.993983,-14.608581],[-73.993931,-14.608798],[-73.994005,-14.609244],[-73.994256,-14.610347],[-73.994336,-14.610558],[-73.994607,-14.610922],[-73.995239,-14.611578],[-73.995379,-14.611757],[-73.995593,-14.612156],[-73.99617,-14.613388],[-73.996874,-14.614277],[-73.997151,-14.614897],[-73.997623,-14.615672],[-73.998247,-14.617129],[-73.99828,-14.617352],[-73.99824,-14.617573],[-73.99741,-14.62016],[-73.997282,-14.620344],[-73.99707,-14.620431],[-73.996159,-14.620545],[-73.99593,-14.620541],[-73.995254,-14.620416],[-73.995045,-14.620326],[-73.994499,-14.619916],[-73.994277,-14.619908],[-73.994093,-14.620037],[-73.99396,-14.620219],[-73.993482,-14.620991],[-73.993314,-14.621131],[-73.993093,-14.621094],[-73.992694,-14.620873],[-73.991927,-14.620375],[-73.991757,-14.620223],[-73.991493,-14.619854],[-73.991332,-14.619694],[-73.989141,-14.617698],[-73.988957,-14.617565],[-73.988745,-14.617477],[-73.988525,-14.617418],[-73.987383,-14.617306],[-73.986933,-14.617223],[-73.985452,-14.616611],[-73.985227,-14.61662],[-73.985016,-14.616707],[-73.984197,-14.617117],[-73.984017,-14.617253],[-73.983941,-14.617458],[-73.983991,-14.617677],[-73.984238,-14.61831],[-73.984375,-14.618742],[-73.984483,-14.619639],[-73.98454,-14.619857],[-73.984646,-14.620056],[-73.985482,-14.621135],[-73.986292,-14.621934],[-73.986449,-14.622099],[-73.98658,-14.622284],[-73.986798,-14.622681],[-73.987351,-14.624405],[-73.987367,-14.62463],[-73.98735,-14.624856],[-73.987136,-14.6255],[-73.986944,-14.625911],[-73.986153,-14.627019],[-73.986145,-14.627238],[-73.986229,-14.627448],[-73.986573,-14.628035],[-73.986841,-14.628402],[-73.987122,-14.62876],[-73.988006,-14.629479],[-73.988265,-14.629852],[-73.988337,-14.63006],[-73.988279,-14.630273],[-73.98811,-14.630425],[-73.987918,-14.630549],[-73.987779,-14.630719],[-73.987811,-14.631394],[-73.987731,-14.631595],[-73.987547,-14.631726],[-73.986509,-14.632209],[-73.986312,-14.632324],[-73.985869,-14.632842],[-73.985767,-14.633044],[-73.985666,-14.633485],[-73.985587,-14.633696],[-73.98544,-14.633868],[-73.985105,-14.634176],[-73.984988,-14.634369],[-73.984807,-14.635023],[-73.984724,-14.635231],[-73.984576,-14.635403],[-73.982834,-14.636876],[-73.982346,-14.637355],[-73.982047,-14.637697],[-73.98187,-14.63784],[-73.981657,-14.637919],[-73.981431,-14.637944],[-73.98054,-14.63773],[-73.980312,-14.637738],[-73.980101,-14.637825],[-73.979305,-14.638276],[-73.979117,-14.638405],[-73.978982,-14.638586],[-73.978768,-14.638986],[-73.978682,-14.639195],[-73.97853,-14.639857],[-73.978408,-14.640041],[-73.978185,-14.64008],[-73.978023,-14.639927],[-73.976826,-14.637484],[-73.976711,-14.637288],[-73.976561,-14.637119],[-73.976377,-14.636985],[-73.974567,-14.636007],[-73.974341,-14.635989],[-73.973436,-14.636138],[-73.973213,-14.636089],[-73.970839,-14.635246],[-73.97061,-14.635251],[-73.970385,-14.635289],[-73.96927,-14.635554],[-73.969041,-14.635569],[-73.968812,-14.635556],[-73.955143,-14.633868],[-73.95492,-14.633821],[-73.95472,-14.633713],[-73.954557,-14.633555],[-73.953537,-14.632332],[-73.953384,-14.632164],[-73.953198,-14.632033],[-73.952985,-14.631951],[-73.945437,-14.629993],[-73.944982,-14.62993],[-73.939016,-14.629757],[-73.93879,-14.629794],[-73.932982,-14.631152],[-73.932756,-14.631191],[-73.932298,-14.631217],[-73.931613,-14.63116],[-73.931392,-14.631105],[-73.931179,-14.63102],[-73.930982,-14.630905],[-73.930801,-14.630767],[-73.930655,-14.630595],[-73.928237,-14.627019],[-73.927506,-14.62587],[-73.927322,-14.625456],[-73.92591,-14.621631],[-73.925795,-14.621438],[-73.925617,-14.621298],[-73.925413,-14.621195],[-73.923137,-14.620117],[-73.922734,-14.6199],[-73.922547,-14.61977],[-73.921947,-14.619087],[-73.919397,-14.61756],[-73.919212,-14.617427],[-73.918892,-14.617104],[-73.918331,-14.616389],[-73.918171,-14.616228],[-73.917971,-14.61612],[-73.917747,-14.616079],[-73.91591,-14.61606],[-73.915686,-14.616011],[-73.915481,-14.615911],[-73.914704,-14.615432],[-73.914479,-14.615393],[-73.914028,-14.615471],[-73.898109,-14.619859],[-73.896776,-14.620198],[-73.896551,-14.620242],[-73.896094,-14.620288],[-73.893114,-14.62045],[-73.892436,-14.620568],[-73.864497,-14.627032],[-73.86404,-14.62707],[-73.863581,-14.627061],[-73.863353,-14.627034],[-73.860652,-14.626506],[-73.860193,-14.626494],[-73.859739,-14.626556],[-73.859514,-14.626602],[-73.84849,-14.629757],[-73.848282,-14.629851],[-73.847883,-14.630075],[-73.839874,-14.636139],[-73.838764,-14.63694],[-73.838356,-14.637148],[-73.834972,-14.638554],[-73.833689,-14.639049],[-73.833238,-14.639132],[-73.833009,-14.63914],[-73.832554,-14.639091],[-73.832117,-14.638956],[-73.831911,-14.638855],[-73.831718,-14.638734],[-73.831374,-14.638435],[-73.83122,-14.638269],[-73.83109,-14.638083],[-73.830889,-14.637677],[-73.830329,-14.636193],[-73.830188,-14.635763],[-73.83014,-14.635543],[-73.830133,-14.635317],[-73.830317,-14.633517],[-73.830298,-14.633292],[-73.830238,-14.633076],[-73.830128,-14.632877],[-73.829984,-14.632703],[-73.829183,-14.631893],[-73.829,-14.631757],[-73.828784,-14.631685],[-73.828556,-14.631674],[-73.828332,-14.631718],[-73.823945,-14.633054],[-73.823724,-14.633115],[-73.823497,-14.633146],[-73.82327,-14.633127],[-73.823065,-14.633029],[-73.822734,-14.632718],[-73.820254,-14.62975],[-73.820096,-14.629586],[-73.819914,-14.629451],[-73.819703,-14.629364],[-73.819479,-14.629325],[-73.819251,-14.629342],[-73.819034,-14.629412],[-73.818837,-14.629527],[-73.81867,-14.629681],[-73.81609,-14.632859],[-73.815934,-14.633023],[-73.815756,-14.633167],[-73.815546,-14.633254],[-73.815319,-14.63328],[-73.815091,-14.633256],[-73.814876,-14.633181],[-73.814493,-14.632932],[-73.810661,-14.630051],[-73.810283,-14.629795],[-73.810078,-14.629694],[-73.809644,-14.629546],[-73.80942,-14.629498],[-73.805109,-14.628839],[-73.804651,-14.628847],[-73.800455,-14.63002],[-73.80025,-14.630117],[-73.800099,-14.630281],[-73.800023,-14.630492],[-73.800038,-14.630715],[-73.800141,-14.630915],[-73.801106,-14.63188],[-73.801367,-14.632252],[-73.802198,-14.633606],[-73.802291,-14.633813],[-73.802348,-14.634031],[-73.80245,-14.63561],[-73.802474,-14.635834],[-73.802541,-14.636049],[-73.80266,-14.636242],[-73.802814,-14.636409],[-73.803979,-14.637499],[-73.804114,-14.63768],[-73.804211,-14.637885],[-73.804237,-14.638108],[-73.804225,-14.638334],[-73.803987,-14.639439],[-73.80401,-14.639889],[-73.804145,-14.640321],[-73.804246,-14.640524],[-73.804802,-14.641243],[-73.804923,-14.641435],[-73.805014,-14.641642],[-73.805061,-14.641862],[-73.805055,-14.642087],[-73.804997,-14.642306],[-73.804902,-14.64251],[-73.804631,-14.642873],[-73.804459,-14.643022],[-73.802227,-14.644611],[-73.801816,-14.644811],[-73.801375,-14.644935],[-73.801147,-14.644966],[-73.794038,-14.645298],[-73.793581,-14.645266],[-73.793363,-14.645198],[-73.793154,-14.645104],[-73.792779,-14.644847],[-73.791762,-14.643622],[-73.791454,-14.643287],[-73.791274,-14.643147],[-73.787187,-14.641087],[-73.786994,-14.640965],[-73.786639,-14.640679],[-73.785865,-14.639845],[-73.785668,-14.639733],[-73.785446,-14.639676],[-73.785218,-14.63968],[-73.785001,-14.639751],[-73.784795,-14.63985],[-73.783992,-14.640288],[-73.78377,-14.640338],[-73.78355,-14.640285],[-73.78339,-14.640131],[-73.783327,-14.639917],[-73.783386,-14.639243],[-73.783356,-14.63902],[-73.78326,-14.638816],[-73.783108,-14.638649],[-73.782917,-14.638525],[-73.782028,-14.638302],[-73.781801,-14.638267],[-73.781344,-14.638292],[-73.78112,-14.63834],[-73.780908,-14.638426],[-73.780518,-14.638662],[-73.775975,-14.642815],[-73.77562,-14.643101],[-73.77543,-14.643227],[-73.775223,-14.643325],[-73.77501,-14.643408],[-73.774787,-14.64346],[-73.77433,-14.643506],[-73.773183,-14.643537],[-73.772957,-14.643569],[-73.772742,-14.643646],[-73.772564,-14.643788],[-73.772426,-14.643968],[-73.772314,-14.644164],[-73.771766,-14.645409],[-73.771551,-14.645808],[-73.771405,-14.645981],[-73.771234,-14.64613],[-73.768318,-14.647934],[-73.764215,-14.650429],[-73.764014,-14.650537],[-73.763791,-14.650562],[-73.763576,-14.650488],[-73.763433,-14.650314],[-73.763389,-14.650093],[-73.763341,-14.648737],[-73.76325,-14.648295],[-73.763161,-14.648087],[-73.76305,-14.647889],[-73.762276,-14.646767],[-73.762126,-14.646597],[-73.761943,-14.646462],[-73.761739,-14.646358],[-73.761518,-14.6463],[-73.761289,-14.646293],[-73.761062,-14.646317],[-73.760846,-14.646393],[-73.758,-14.647865],[-73.757782,-14.647932],[-73.757553,-14.647948],[-73.757326,-14.647922],[-73.75711,-14.647849],[-73.756908,-14.647742],[-73.756741,-14.64759],[-73.75632,-14.647053],[-73.756212,-14.646854],[-73.75615,-14.646638],[-73.756162,-14.646412],[-73.756233,-14.646199],[-73.756353,-14.646008],[-73.756845,-14.645533],[-73.756977,-14.64535],[-73.757041,-14.645134],[-73.757041,-14.644909],[-73.756962,-14.644698],[-73.756842,-14.644506],[-73.754547,-14.641121],[-73.754441,-14.640921],[-73.754383,-14.640704],[-73.754379,-14.640479],[-73.75444,-14.640262],[-73.754567,-14.640074],[-73.756046,-14.638346],[-73.75629,-14.637963],[-73.756381,-14.637756],[-73.756475,-14.637315],[-73.756593,-14.63642],[-73.756503,-14.636217],[-73.756312,-14.636097],[-73.756087,-14.636105],[-73.75183,-14.637041],[-73.751607,-14.637093],[-73.751178,-14.637253],[-73.750984,-14.637372],[-73.750806,-14.637514],[-73.747755,-14.640584],[-73.747545,-14.64066],[-73.747342,-14.640574],[-73.74725,-14.640372],[-73.747313,-14.640162],[-73.74835,-14.638669],[-73.749158,-14.636797],[-73.749261,-14.636357],[-73.749269,-14.636131],[-73.749197,-14.635686],[-73.74912,-14.635473],[-73.749013,-14.635273],[-73.748874,-14.635094],[-73.748705,-14.634941],[-73.748505,-14.63483],[-73.748291,-14.634752],[-73.745783,-14.634463],[-73.745554,-14.634445],[-73.745326,-14.634461],[-73.745103,-14.634511],[-73.744681,-14.634686],[-73.73938,-14.63739],[-73.738959,-14.63757],[-73.738523,-14.63771],[-73.738298,-14.637756],[-73.738072,-14.637792],[-73.725678,-14.638078],[-73.725449,-14.638094],[-73.725005,-14.638205],[-73.7246,-14.638415],[-73.724425,-14.63856],[-73.724127,-14.638904],[-73.722054,-14.64216],[-73.72189,-14.642316],[-73.721685,-14.642412],[-73.721459,-14.642433],[-73.721236,-14.642382],[-73.718824,-14.641645],[-73.715645,-14.640342],[-73.71527,-14.640085],[-73.715117,-14.639917],[-73.713257,-14.637618],[-73.713102,-14.637452],[-73.712927,-14.637306],[-73.712533,-14.637076],[-73.712318,-14.636998],[-73.710325,-14.63646],[-73.709909,-14.636269],[-73.709555,-14.635983],[-73.708768,-14.63516],[-73.708415,-14.63487],[-73.708223,-14.634749],[-73.707792,-14.634595],[-73.700647,-14.632912],[-73.700233,-14.632719],[-73.70005,-14.632584],[-73.699033,-14.63136],[-73.698697,-14.631054],[-73.698499,-14.63094],[-73.697615,-14.630701],[-73.693135,-14.629709],[-73.692242,-14.629495],[-73.691811,-14.629341],[-73.664747,-14.615416],[-73.66413,-14.615115],[-73.663072,-14.614677],[-73.661548,-14.614172],[-73.646433,-14.609501],[-73.643359,-14.608578],[-73.642905,-14.608514],[-73.642676,-14.608514],[-73.642448,-14.60854],[-73.642002,-14.608644],[-73.63834,-14.609975],[-73.638121,-14.610042],[-73.637894,-14.610073],[-73.637665,-14.610071],[-73.637438,-14.610035],[-73.625127,-14.607266],[-73.624669,-14.607259],[-73.624227,-14.607375],[-73.624019,-14.607471],[-73.622229,-14.608488],[-73.622023,-14.608585],[-73.621798,-14.608623],[-73.621571,-14.608601],[-73.621353,-14.608531],[-73.621162,-14.608412],[-73.620995,-14.608257],[-73.620082,-14.607242],[-73.619906,-14.607097],[-73.618757,-14.60635],[-73.618393,-14.606076],[-73.61825,-14.605901],[-73.618161,-14.605694],[-73.617835,-14.604146],[-73.617699,-14.603967],[-73.617496,-14.603879],[-73.617269,-14.603884],[-73.617073,-14.603997],[-73.61659,-14.60448],[-73.616402,-14.604608],[-73.615374,-14.60511],[-73.610594,-14.607321],[-73.610377,-14.607392],[-73.609921,-14.607438],[-73.609693,-14.607419],[-73.598437,-14.605195],[-73.598217,-14.605132],[-73.598007,-14.605042],[-73.594622,-14.603128],[-73.594415,-14.603032],[-73.594193,-14.602973],[-73.593966,-14.602945],[-73.593511,-14.602992],[-73.586986,-14.604297],[-73.586774,-14.604383],[-73.586592,-14.604516],[-73.586454,-14.604694],[-73.586358,-14.604898],[-73.586207,-14.605325],[-73.586107,-14.605527],[-73.58595,-14.60569],[-73.585753,-14.605805],[-73.585532,-14.60586],[-73.585305,-14.605846],[-73.58509,-14.605768],[-73.584902,-14.605642],[-73.58477,-14.605461],[-73.584683,-14.605253],[-73.584578,-14.604815],[-73.584461,-14.604622],[-73.584008,-14.604112],[-73.58389,-14.603919],[-73.58339,-14.602902],[-73.583351,-14.602682],[-73.583393,-14.602464],[-73.583547,-14.6023],[-73.584154,-14.601983],[-73.584329,-14.601841],[-73.584439,-14.601646],[-73.584525,-14.601437],[-73.584661,-14.601258],[-73.584852,-14.601134],[-73.585673,-14.600728],[-73.585851,-14.600588],[-73.585949,-14.60039],[-73.585935,-14.600167],[-73.585816,-14.59998],[-73.585505,-14.599647],[-73.585341,-14.599488],[-73.585161,-14.599351],[-73.584964,-14.599235],[-73.583878,-14.598872],[-73.583425,-14.598804],[-73.582966,-14.598809],[-73.581621,-14.599102],[-73.581394,-14.599128],[-73.58094,-14.59908],[-73.58073,-14.59899],[-73.580535,-14.598872],[-73.580217,-14.598547],[-73.579974,-14.598164],[-73.579875,-14.597961],[-73.579747,-14.597527],[-73.57965,-14.597324],[-73.579167,-14.596843],[-73.578914,-14.596466],[-73.578819,-14.596261],[-73.578554,-14.595398],[-73.577946,-14.593933],[-73.577895,-14.593714],[-73.577879,-14.593037],[-73.577784,-14.592832],[-73.577529,-14.592457],[-73.577439,-14.592251],[-73.577444,-14.592026],[-73.577535,-14.591822],[-73.577696,-14.591664],[-73.583137,-14.587884],[-73.584295,-14.58715],[-73.584653,-14.586867],[-73.585946,-14.585583],[-73.586091,-14.585411],[-73.586193,-14.585208],[-73.586251,-14.58499],[-73.586274,-14.584765],[-73.586256,-14.584541],[-73.586161,-14.584336],[-73.586008,-14.58417],[-73.585809,-14.58406],[-73.585584,-14.584015],[-73.584443,-14.583932],[-73.584228,-14.584009],[-73.584056,-14.584158],[-73.58139,-14.586966],[-73.581048,-14.587267],[-73.580859,-14.587394],[-73.580239,-14.58769],[-73.57769,-14.58872],[-73.577469,-14.588778],[-73.577241,-14.588797],[-73.577012,-14.588783],[-73.574046,-14.588459],[-73.573826,-14.588395],[-73.572143,-14.587671],[-73.571938,-14.587569],[-73.570765,-14.586858],[-73.570596,-14.586705],[-73.570462,-14.586522],[-73.57011,-14.585939],[-73.569364,-14.584287],[-73.56929,-14.584073],[-73.569262,-14.58385],[-73.569269,-14.583624],[-73.56922,-14.583404],[-73.569126,-14.583198],[-73.568606,-14.582454],[-73.568393,-14.582054],[-73.568209,-14.58164],[-73.568071,-14.581208],[-73.567877,-14.580325],[-73.567879,-14.579648],[-73.567818,-14.579431],[-73.565456,-14.574781],[-73.565375,-14.574569],[-73.565153,-14.573692],[-73.564989,-14.573271],[-73.564159,-14.571658],[-73.563893,-14.571289],[-73.56378,-14.571093],[-73.560016,-14.563593],[-73.55989,-14.563405],[-73.559736,-14.563237],[-73.559556,-14.563098],[-73.559349,-14.563],[-73.558247,-14.562685],[-73.558022,-14.562642],[-73.557793,-14.562644],[-73.556884,-14.562772],[-73.556656,-14.562765],[-73.55646,-14.562655],[-73.556168,-14.562308],[-73.555994,-14.562164],[-73.555774,-14.56211],[-73.555554,-14.562157],[-73.555385,-14.562303],[-73.555305,-14.562513],[-73.555188,-14.56295],[-73.5551,-14.563158],[-73.554759,-14.563746],[-73.554747,-14.563971],[-73.554975,-14.564846],[-73.555055,-14.565291],[-73.555127,-14.565965],[-73.555094,-14.566186],[-73.554946,-14.566352],[-73.554725,-14.5664],[-73.554531,-14.566292],[-73.554399,-14.566108],[-73.553984,-14.565302],[-73.552622,-14.563483],[-73.5525,-14.563291],[-73.552294,-14.562887],[-73.551197,-14.561162],[-73.551004,-14.560752],[-73.55058,-14.559462],[-73.550494,-14.559253],[-73.550382,-14.559056],[-73.550248,-14.558873],[-73.549387,-14.558127],[-73.548329,-14.556649],[-73.548121,-14.556246],[-73.546426,-14.552535],[-73.546292,-14.552352],[-73.546131,-14.552191],[-73.545954,-14.552048],[-73.545758,-14.551931],[-73.54449,-14.551402],[-73.543839,-14.551183],[-73.542268,-14.550849],[-73.542039,-14.550843],[-73.541583,-14.55089],[-73.540461,-14.551129],[-73.540244,-14.551199],[-73.53923,-14.551729],[-73.539016,-14.551811],[-73.538573,-14.551927],[-73.537447,-14.552148],[-73.535678,-14.552631],[-73.53522,-14.552658],[-73.533383,-14.55263],[-73.533158,-14.552588],[-73.532945,-14.552506],[-73.530927,-14.551428],[-73.530339,-14.551075],[-73.529592,-14.550548],[-73.529392,-14.55044],[-73.527493,-14.54964],[-73.527047,-14.549535],[-73.526589,-14.549549],[-73.526364,-14.549594],[-73.526142,-14.549648],[-73.5255,-14.549894],[-73.525281,-14.549959],[-73.525054,-14.549987],[-73.521381,-14.549921],[-73.520923,-14.549942],[-73.520468,-14.55],[-73.520239,-14.549987],[-73.517737,-14.549651],[-73.516139,-14.549808],[-73.514763,-14.549742],[-73.512773,-14.549195],[-73.512345,-14.549033],[-73.512164,-14.548896],[-73.511179,-14.547947],[-73.510995,-14.547816],[-73.510777,-14.547747],[-73.500465,-14.547121],[-73.500237,-14.547121],[-73.500022,-14.547197],[-73.499842,-14.547333],[-73.498292,-14.549001],[-73.498174,-14.549194],[-73.497946,-14.550068],[-73.497537,-14.550612],[-73.497377,-14.550773],[-73.497176,-14.550878],[-73.496296,-14.551138],[-73.496084,-14.551221],[-73.495904,-14.551358],[-73.495591,-14.551688],[-73.495395,-14.551804],[-73.494517,-14.552066],[-73.493375,-14.55217],[-73.49111,-14.552543],[-73.490897,-14.552626],[-73.490378,-14.553067],[-73.490169,-14.553152],[-73.487683,-14.553591],[-73.487051,-14.553859],[-73.485408,-14.554666],[-73.484763,-14.554903],[-73.484321,-14.555024],[-73.478693,-14.556137],[-73.473209,-14.556658],[-73.469706,-14.557744],[-73.467961,-14.558308],[-73.461614,-14.559311],[-73.45866,-14.559724],[-73.458228,-14.559874],[-73.442952,-14.567197],[-73.441703,-14.567769],[-73.441487,-14.567844],[-73.441043,-14.567961],[-73.440588,-14.568016],[-73.440129,-14.568021],[-73.439672,-14.567989],[-73.43174,-14.566719],[-73.431284,-14.566674],[-73.430825,-14.566686],[-73.430371,-14.56675],[-73.427435,-14.567281],[-73.427206,-14.5673],[-73.420548,-14.567361],[-73.420321,-14.567385],[-73.420099,-14.567442],[-73.419886,-14.567527],[-73.419488,-14.567749],[-73.415277,-14.571249],[-73.414906,-14.571514],[-73.4147,-14.571613],[-73.410847,-14.573085],[-73.409961,-14.573318],[-73.409277,-14.57339],[-73.409048,-14.573374],[-73.408601,-14.573274],[-73.408146,-14.57322],[-73.40723,-14.573269],[-73.407,-14.573263],[-73.406088,-14.573161],[-73.404941,-14.573167],[-73.404714,-14.573138],[-73.404495,-14.573071],[-73.403773,-14.572517],[-73.40356,-14.572436],[-73.402241,-14.572047],[-73.402064,-14.571904],[-73.401683,-14.571343],[-73.401498,-14.571213],[-73.401275,-14.57116],[-73.400362,-14.57108],[-73.400146,-14.571006],[-73.39996,-14.570874],[-73.3998,-14.570713],[-73.398135,-14.568552],[-73.397988,-14.568378],[-73.397818,-14.568228],[-73.397629,-14.5681],[-73.395739,-14.567278],[-73.395541,-14.567164],[-73.395387,-14.566999],[-73.395329,-14.566782],[-73.395322,-14.566556],[-73.395373,-14.565881],[-73.395346,-14.565657],[-73.395195,-14.56523],[-73.394505,-14.563554],[-73.394372,-14.563121],[-73.39406,-14.56134],[-73.393805,-14.560711],[-73.393683,-14.560276],[-73.393438,-14.558483],[-73.393392,-14.558262],[-73.393307,-14.558055],[-73.392582,-14.557179],[-73.392463,-14.556986],[-73.391949,-14.555975],[-73.391716,-14.555586],[-73.391439,-14.555225],[-73.390989,-14.554712],[-73.390591,-14.554159],[-73.390435,-14.553993],[-73.388993,-14.552873],[-73.388615,-14.552616],[-73.388013,-14.552287],[-73.387384,-14.552012],[-73.387166,-14.551939],[-73.385831,-14.551609],[-73.385601,-14.551601],[-73.385376,-14.551635],[-73.384068,-14.552061],[-73.383845,-14.552112],[-73.383621,-14.552084],[-73.383423,-14.551971],[-73.383067,-14.551686],[-73.382676,-14.551449],[-73.38045,-14.550274],[-73.380246,-14.550171],[-73.380029,-14.550097],[-73.379807,-14.550046],[-73.369805,-14.548647],[-73.369352,-14.54857],[-73.368688,-14.548396],[-73.36848,-14.5483],[-73.368281,-14.54819],[-73.366951,-14.547301],[-73.366735,-14.547228],[-73.366508,-14.547195],[-73.36491,-14.547347],[-73.364692,-14.547416],[-73.364519,-14.54756],[-73.363402,-14.548697],[-73.363228,-14.548845],[-73.363025,-14.548949],[-73.362804,-14.549009],[-73.362578,-14.549042],[-73.36189,-14.549066],[-73.361434,-14.549115],[-73.36076,-14.549253],[-73.359655,-14.549558],[-73.359198,-14.549558],[-73.358299,-14.549375],[-73.357865,-14.54923],[-73.357663,-14.549122],[-73.353943,-14.546878],[-73.353596,-14.546584],[-73.353299,-14.546239],[-73.352973,-14.545921],[-73.352391,-14.54556],[-73.352177,-14.54548],[-73.351953,-14.545431],[-73.351045,-14.545298],[-73.350832,-14.545215],[-73.350641,-14.545091],[-73.349766,-14.544359],[-73.349396,-14.544091],[-73.343923,-14.54077],[-73.343305,-14.540474],[-73.342013,-14.540002],[-73.341348,-14.539828],[-73.340447,-14.539656],[-73.339991,-14.539599],[-73.338386,-14.53952],[-73.337701,-14.539576],[-73.336792,-14.539706],[-73.336115,-14.539834],[-73.320791,-14.543788],[-73.320563,-14.543777],[-73.320341,-14.543723],[-73.320127,-14.543641],[-73.316984,-14.542255],[-73.316542,-14.542136],[-73.315634,-14.542005],[-73.315419,-14.541928],[-73.313591,-14.540561],[-73.31317,-14.540383],[-73.312945,-14.540341],[-73.305191,-14.539455],[-73.304968,-14.539402],[-73.304756,-14.539316],[-73.304364,-14.539082],[-73.294505,-14.532059],[-73.293901,-14.531733],[-73.292207,-14.531035],[-73.292018,-14.530909],[-73.291839,-14.530767],[-73.290742,-14.529611],[-73.289532,-14.52825],[-73.287903,-14.52635],[-73.287734,-14.526198],[-73.287345,-14.525959],[-73.287134,-14.525871],[-73.284553,-14.524921],[-73.284136,-14.524734],[-73.282808,-14.523842],[-73.281506,-14.522915],[-73.280043,-14.521821],[-73.276711,-14.519414],[-73.276194,-14.518966],[-73.275872,-14.518644],[-73.275428,-14.518126],[-73.274893,-14.517391],[-73.272996,-14.514032],[-73.272848,-14.513865],[-73.272634,-14.513787],[-73.270838,-14.51341],[-73.270642,-14.513294],[-73.270482,-14.513135],[-73.269424,-14.511656],[-73.269335,-14.511448],[-73.2693,-14.511226],[-73.26931,-14.511003],[-73.269382,-14.510789],[-73.269804,-14.509986],[-73.269894,-14.509779],[-73.26994,-14.509558],[-73.26994,-14.509333],[-73.269673,-14.508002],[-73.269585,-14.5078],[-73.269375,-14.507738],[-73.269228,-14.507892],[-73.269369,-14.508782],[-73.26935,-14.509007],[-73.269294,-14.509226],[-73.269201,-14.509433],[-73.268448,-14.510567],[-73.268339,-14.511004],[-73.268172,-14.511424],[-73.268191,-14.511874],[-73.268262,-14.512087],[-73.26889,-14.512746],[-73.269029,-14.512924],[-73.269373,-14.513763],[-73.269375,-14.513974],[-73.269176,-14.513977],[-73.269071,-14.513782],[-73.268868,-14.513136],[-73.268752,-14.512942],[-73.268056,-14.512352],[-73.267906,-14.512184],[-73.267844,-14.511968],[-73.267781,-14.511293],[-73.26787,-14.510621],[-73.267868,-14.509943],[-73.267806,-14.508588],[-73.26778,-14.508364],[-73.267646,-14.507698],[-73.26763,-14.507473],[-73.267651,-14.507249],[-73.26778,-14.506583],[-73.267795,-14.505905],[-73.267743,-14.505687],[-73.267308,-14.505164],[-73.267191,-14.50497],[-73.266991,-14.504563],[-73.266737,-14.503933],[-73.266529,-14.50353],[-73.265112,-14.501472],[-73.264999,-14.501275],[-73.264909,-14.500833],[-73.264893,-14.500607],[-73.26511,-14.49813],[-73.26501,-14.497945],[-73.264794,-14.497978],[-73.264753,-14.498191],[-73.264779,-14.498869],[-73.264748,-14.499093],[-73.264687,-14.49931],[-73.264301,-14.500375],[-73.264217,-14.500818],[-73.26421,-14.50127],[-73.264241,-14.501493],[-73.264308,-14.501708],[-73.264518,-14.50211],[-73.264875,-14.50269],[-73.26495,-14.502901],[-73.264987,-14.503577],[-73.265033,-14.503798],[-73.265731,-14.505223],[-73.26582,-14.505431],[-73.26586,-14.505653],[-73.265837,-14.505877],[-73.265534,-14.50673],[-73.265475,-14.506948],[-73.265457,-14.507172],[-73.265528,-14.507846],[-73.265517,-14.508071],[-73.26534,-14.508727],[-73.265135,-14.509839],[-73.265111,-14.510063],[-73.265144,-14.510287],[-73.265401,-14.510915],[-73.265468,-14.51113],[-73.265488,-14.511355],[-73.26549,-14.513163],[-73.26573,-14.514498],[-73.265701,-14.514722],[-73.265216,-14.515991],[-73.265119,-14.516195],[-73.264938,-14.5163],[-73.264822,-14.516138],[-73.264891,-14.515924],[-73.265239,-14.515087],[-73.265303,-14.514873],[-73.265305,-14.514647],[-73.265253,-14.514428],[-73.26495,-14.513819],[-73.264889,-14.513602],[-73.264857,-14.513379],[-73.264857,-14.512701],[-73.264829,-14.512477],[-73.264517,-14.511627],[-73.264371,-14.510966],[-73.263977,-14.51041],[-73.263875,-14.510208],[-73.263697,-14.509793],[-73.263593,-14.509352],[-73.263534,-14.508905],[-73.263539,-14.508679],[-73.263743,-14.507799],[-73.263738,-14.507577],[-73.263004,-14.506169],[-73.262893,-14.505972],[-73.262753,-14.505793],[-73.262557,-14.505677],[-73.262334,-14.505633],[-73.261189,-14.505558],[-73.260964,-14.505519],[-73.260763,-14.505414],[-73.26059,-14.505266],[-73.25997,-14.504599],[-73.259826,-14.504424],[-73.259744,-14.504215],[-73.259759,-14.503993],[-73.260195,-14.502951],[-73.260169,-14.502728],[-73.259971,-14.502321],[-73.259963,-14.502098],[-73.260057,-14.501897],[-73.260346,-14.501545],[-73.260606,-14.501173],[-73.260831,-14.50078],[-73.260923,-14.500572],[-73.26135,-14.499283],[-73.2614,-14.499063],[-73.261366,-14.498842],[-73.26111,-14.498468],[-73.260919,-14.498058],[-73.260762,-14.497906],[-73.260565,-14.497984],[-73.26056,-14.498199],[-73.260976,-14.498737],[-73.26105,-14.498944],[-73.261001,-14.499164],[-73.260818,-14.499578],[-73.260691,-14.500012],[-73.2606,-14.500219],[-73.260471,-14.500405],[-73.260018,-14.500916],[-73.25964,-14.50117],[-73.259047,-14.501516],[-73.25888,-14.50167],[-73.258745,-14.501852],[-73.258646,-14.502056],[-73.258489,-14.502211],[-73.258267,-14.50226],[-73.258038,-14.502249],[-73.257126,-14.502141],[-73.256909,-14.502068],[-73.256706,-14.501963],[-73.255722,-14.501381],[-73.255572,-14.501212],[-73.255361,-14.500812],[-73.255261,-14.500372],[-73.255293,-14.500149],[-73.255401,-14.499959],[-73.2556,-14.499853],[-73.255828,-14.499856],[-73.256226,-14.500075],[-73.256401,-14.500221],[-73.256538,-14.500402],[-73.256779,-14.500786],[-73.256935,-14.50095],[-73.257554,-14.501242],[-73.25778,-14.501279],[-73.258007,-14.501252],[-73.258218,-14.501166],[-73.258391,-14.50102],[-73.258519,-14.500833],[-73.258584,-14.500618],[-73.25885,-14.499518],[-73.258819,-14.499297],[-73.258728,-14.49909],[-73.258362,-14.498516],[-73.258217,-14.498342],[-73.25803,-14.49821],[-73.257401,-14.497935],[-73.257214,-14.497804],[-73.257067,-14.497632],[-73.256991,-14.49742],[-73.256982,-14.497195],[-73.257031,-14.496976],[-73.257488,-14.495696],[-73.257443,-14.495483],[-73.257237,-14.495429],[-73.257095,-14.495591],[-73.256861,-14.496229],[-73.256763,-14.496432],[-73.256609,-14.496598],[-73.256414,-14.496714],[-73.256201,-14.496794],[-73.255973,-14.49682],[-73.255059,-14.496742],[-73.254842,-14.496793],[-73.25471,-14.49697],[-73.254681,-14.497193],[-73.25469,-14.497645],[-73.254666,-14.497869],[-73.254613,-14.498089],[-73.25452,-14.498295],[-73.254018,-14.499052],[-73.253705,-14.499656],[-73.253578,-14.499839],[-73.253371,-14.499893],[-73.253261,-14.49971],[-73.253333,-14.499497],[-73.253812,-14.49847],[-73.253877,-14.498254],[-73.253888,-14.498029],[-73.253827,-14.497812],[-73.252657,-14.494864],[-73.252338,-14.49378],[-73.252053,-14.493163],[-73.2519,-14.492737],[-73.251685,-14.492338],[-73.250947,-14.491472],[-73.250811,-14.49129],[-73.250701,-14.491092],[-73.250377,-14.490247],[-73.249908,-14.489472],[-73.249702,-14.488827],[-73.249602,-14.488624],[-73.249151,-14.488112],[-73.2489,-14.487734],[-73.248234,-14.486294],[-73.247463,-14.484906],[-73.244923,-14.479838],[-73.244651,-14.479475],[-73.243979,-14.478859],[-73.243846,-14.478677],[-73.24376,-14.478467],[-73.243614,-14.477574],[-73.243328,-14.476959],[-73.243189,-14.47678],[-73.243011,-14.476638],[-73.24165,-14.475797],[-73.241442,-14.475701],[-73.241218,-14.475652],[-73.240304,-14.475572],[-73.240089,-14.475494],[-73.239889,-14.475385],[-73.23971,-14.475243],[-73.239371,-14.474939],[-73.239222,-14.474767],[-73.23911,-14.474571],[-73.238932,-14.474154],[-73.238628,-14.473546],[-73.238511,-14.473351],[-73.238387,-14.473162],[-73.237515,-14.472112],[-73.23746,-14.471897],[-73.237521,-14.471682],[-73.237666,-14.47151],[-73.238335,-14.47089],[-73.238461,-14.470705],[-73.238474,-14.47048],[-73.238423,-14.469804],[-73.238428,-14.469578],[-73.238502,-14.469132],[-73.238718,-14.468254],[-73.238727,-14.468029],[-73.238572,-14.467368],[-73.238517,-14.46692],[-73.238347,-14.466502],[-73.238032,-14.465899],[-73.238011,-14.465678],[-73.238153,-14.465249],[-73.238201,-14.465028],[-73.238202,-14.464802],[-73.238108,-14.464361],[-73.237981,-14.463926],[-73.237898,-14.463716],[-73.237756,-14.463541],[-73.237409,-14.463245],[-73.236276,-14.461823],[-73.234877,-14.460325],[-73.23387,-14.4594],[-73.232804,-14.458541],[-73.232086,-14.457977],[-73.231316,-14.457487],[-73.230714,-14.456804],[-73.230446,-14.456438],[-73.23018,-14.455814],[-73.229811,-14.455242],[-73.22926,-14.45425],[-73.228715,-14.453524],[-73.228624,-14.453317],[-73.228519,-14.452878],[-73.228437,-14.452668],[-73.227545,-14.451352],[-73.227393,-14.451183],[-73.227215,-14.451043],[-73.226807,-14.450839],[-73.226632,-14.450695],[-73.226529,-14.450494],[-73.226366,-14.450073],[-73.226218,-14.4499],[-73.225714,-14.449439],[-73.225571,-14.449263],[-73.225343,-14.448871],[-73.225179,-14.448716],[-73.224553,-14.448433],[-73.224367,-14.448305],[-73.224243,-14.448116],[-73.22404,-14.44771],[-73.223421,-14.447043],[-73.223344,-14.446836],[-73.223334,-14.446385],[-73.223249,-14.446178],[-73.223012,-14.445792],[-73.222922,-14.445585],[-73.222792,-14.445151],[-73.222751,-14.444929],[-73.222732,-14.444025],[-73.222664,-14.443811],[-73.22253,-14.443628],[-73.222368,-14.443469],[-73.222003,-14.443194],[-73.221842,-14.443034],[-73.221726,-14.442842],[-73.22167,-14.442623],[-73.221664,-14.442398],[-73.221687,-14.440817],[-73.221596,-14.440374],[-73.221324,-14.439276],[-73.221253,-14.43906],[-73.220874,-14.438495],[-73.220728,-14.43832],[-73.219023,-14.43681],[-73.218877,-14.436635],[-73.218102,-14.435513],[-73.218007,-14.435308],[-73.21788,-14.434415],[-73.21706,-14.431825],[-73.216854,-14.431422],[-73.215915,-14.429868],[-73.215665,-14.429488],[-73.214881,-14.428663],[-73.214543,-14.428358],[-73.210823,-14.425337],[-73.209621,-14.424287],[-73.209458,-14.424128],[-73.209316,-14.42395],[-73.207829,-14.42194],[-73.204837,-14.419134],[-73.204691,-14.41896],[-73.204567,-14.418771],[-73.2044,-14.41835],[-73.204005,-14.416353],[-73.20387,-14.41523],[-73.203805,-14.415014],[-73.203644,-14.414861],[-73.20327,-14.414598],[-73.202919,-14.414307],[-73.200415,-14.411979],[-73.20026,-14.411813],[-73.200131,-14.411627],[-73.200036,-14.411421],[-73.199752,-14.410327],[-73.199354,-14.409513],[-73.199024,-14.408918],[-73.198771,-14.408541],[-73.198312,-14.408035],[-73.198142,-14.407883],[-73.197764,-14.407629],[-73.195733,-14.406573],[-73.195318,-14.406381],[-73.195131,-14.406251],[-73.195003,-14.406063],[-73.194791,-14.405662],[-73.194385,-14.405115],[-73.194233,-14.404945],[-73.193716,-14.404498],[-73.193404,-14.404167],[-73.193,-14.403619],[-73.192497,-14.402603],[-73.19204,-14.401566],[-73.191166,-14.398993],[-73.191068,-14.39879],[-73.190922,-14.398618],[-73.190743,-14.398478],[-73.190536,-14.398382],[-73.186792,-14.397297],[-73.186184,-14.39698],[-73.185994,-14.396854],[-73.185824,-14.396702],[-73.185683,-14.396524],[-73.185608,-14.396311],[-73.185572,-14.396089],[-73.185588,-14.395411],[-73.185546,-14.394735],[-73.185581,-14.394513],[-73.185779,-14.393864],[-73.185756,-14.393641],[-73.185641,-14.393446],[-73.184703,-14.392161],[-73.18446,-14.391778],[-73.18395,-14.390766],[-73.183643,-14.390431],[-73.179932,-14.387057],[-73.179782,-14.386886],[-73.179664,-14.386693],[-73.179583,-14.386483],[-73.17953,-14.386035],[-73.179505,-14.385358],[-73.179469,-14.385134],[-73.179376,-14.38493],[-73.17925,-14.384741],[-73.179083,-14.384586],[-73.177841,-14.383581],[-73.177691,-14.383411],[-73.177556,-14.383228],[-73.175868,-14.380273],[-73.17563,-14.379886],[-73.175482,-14.379714],[-73.175119,-14.379438],[-73.174918,-14.379329],[-73.173666,-14.378765],[-73.173297,-14.378497],[-73.173144,-14.378329],[-73.173017,-14.378141],[-73.172914,-14.377939],[-73.172841,-14.377725],[-73.172795,-14.377504],[-73.172598,-14.375706],[-73.172522,-14.375261],[-73.172358,-14.374839],[-73.17162,-14.373183],[-73.171389,-14.372792],[-73.171099,-14.372443],[-73.169152,-14.37086],[-73.169008,-14.370685],[-73.168793,-14.370286],[-73.168716,-14.370074],[-73.168655,-14.369628],[-73.168574,-14.36942],[-73.168421,-14.369252],[-73.168425,-14.369043],[-73.168915,-14.368022],[-73.168984,-14.36781],[-73.168979,-14.367586],[-73.168778,-14.366939],[-73.16859,-14.366527],[-73.168376,-14.366127],[-73.167697,-14.365216],[-73.167201,-14.364455],[-73.167062,-14.364276],[-73.166893,-14.364124],[-73.166158,-14.363582],[-73.165805,-14.363293],[-73.165485,-14.362969],[-73.16535,-14.362787],[-73.16526,-14.36258],[-73.16523,-14.362358],[-73.165264,-14.362135],[-73.165569,-14.361046],[-73.165559,-14.360821],[-73.165517,-14.360599],[-73.165032,-14.358855],[-73.164944,-14.358412],[-73.164989,-14.357283],[-73.164981,-14.356152],[-73.164946,-14.355702],[-73.164893,-14.355483],[-73.16453,-14.354652],[-73.164458,-14.354438],[-73.164415,-14.354216],[-73.164403,-14.353766],[-73.164631,-14.352659],[-73.16466,-14.352436],[-73.164626,-14.352214],[-73.164559,-14.351998],[-73.164153,-14.351187],[-73.16401,-14.350758],[-73.16397,-14.350535],[-73.163962,-14.350309],[-73.164,-14.349859],[-73.164304,-14.349006],[-73.164364,-14.34856],[-73.164345,-14.348334],[-73.164297,-14.348114],[-73.164118,-14.347698],[-73.163787,-14.347104],[-73.162811,-14.346148],[-73.162662,-14.345977],[-73.162399,-14.345607],[-73.162296,-14.345405],[-73.162151,-14.344977],[-73.162135,-14.344754],[-73.162156,-14.344076],[-73.162174,-14.343851],[-73.162222,-14.343631],[-73.162309,-14.343422],[-73.162435,-14.343235],[-73.162598,-14.343075],[-73.164341,-14.341984],[-73.164504,-14.341825],[-73.165103,-14.340862],[-73.165375,-14.340497],[-73.16555,-14.340352],[-73.165752,-14.340249],[-73.166188,-14.340108],[-73.167529,-14.3398],[-73.167743,-14.339718],[-73.167939,-14.339604],[-73.168102,-14.339447],[-73.168539,-14.338922],[-73.169273,-14.338382],[-73.1697,-14.33785],[-73.17003,-14.337536],[-73.170387,-14.337253],[-73.171529,-14.336494],[-73.171932,-14.336279],[-73.173027,-14.335945],[-73.174108,-14.335563],[-73.177311,-14.334317],[-73.177695,-14.334074],[-73.177865,-14.333922],[-73.183062,-14.328493],[-73.183238,-14.328349],[-73.183838,-14.328018],[-73.184541,-14.327436],[-73.185368,-14.326652],[-73.186122,-14.325801],[-73.188017,-14.323243],[-73.188156,-14.323064],[-73.188324,-14.322912],[-73.189143,-14.322503],[-73.189566,-14.322329],[-73.190247,-14.322233],[-73.191342,-14.321894],[-73.191769,-14.321728],[-73.192176,-14.32152],[-73.194336,-14.320231],[-73.194517,-14.320094],[-73.194644,-14.319906],[-73.194727,-14.319696],[-73.19484,-14.319258],[-73.194919,-14.319047],[-73.195045,-14.318858],[-73.195212,-14.318704],[-73.195759,-14.318292],[-73.19595,-14.318166],[-73.196363,-14.317972],[-73.196576,-14.317888],[-73.196801,-14.317845],[-73.197258,-14.317811],[-73.197715,-14.317857],[-73.198167,-14.317933],[-73.199049,-14.318181],[-73.199276,-14.31821],[-73.199504,-14.318194],[-73.199709,-14.318096],[-73.19988,-14.317946],[-73.200005,-14.317757],[-73.200084,-14.317546],[-73.20011,-14.317322],[-73.200085,-14.317097],[-73.199954,-14.316665],[-73.199273,-14.314985],[-73.199195,-14.314772],[-73.199146,-14.314552],[-73.199143,-14.314326],[-73.199199,-14.314108],[-73.1993,-14.313905],[-73.199442,-14.313729],[-73.199632,-14.313603],[-73.199832,-14.313494],[-73.201507,-14.312751],[-73.201952,-14.312645],[-73.20241,-14.31262],[-73.202638,-14.312642],[-73.205954,-14.31356],[-73.206606,-14.313776],[-73.206831,-14.313818],[-73.207059,-14.313805],[-73.207278,-14.313737],[-73.207484,-14.313639],[-73.207675,-14.313513],[-73.214208,-14.308528],[-73.214598,-14.30829],[-73.215034,-14.308159],[-73.215262,-14.308133],[-73.215719,-14.308169],[-73.217059,-14.30848],[-73.217288,-14.308484],[-73.217515,-14.308455],[-73.217715,-14.308348],[-73.217894,-14.308206],[-73.218051,-14.308041],[-73.219144,-14.306588],[-73.219297,-14.306421],[-73.220307,-14.305498],[-73.220674,-14.305227],[-73.221635,-14.304609],[-73.222035,-14.304387],[-73.222244,-14.304294],[-73.22533,-14.303412],[-73.225985,-14.303203],[-73.226437,-14.303126],[-73.226895,-14.303138],[-73.227119,-14.303187],[-73.227335,-14.303261],[-73.228587,-14.303828],[-73.2288,-14.303912],[-73.229026,-14.303943],[-73.229255,-14.303942],[-73.229939,-14.303866],[-73.231048,-14.303575],[-73.231259,-14.303486],[-73.231455,-14.303373],[-73.231628,-14.303224],[-73.233799,-14.300891],[-73.233958,-14.300728],[-73.234322,-14.300453],[-73.234725,-14.300238],[-73.23516,-14.300095],[-73.236525,-14.299912],[-73.236967,-14.299797],[-73.237174,-14.2997],[-73.238379,-14.299041],[-73.238567,-14.298912],[-73.238876,-14.298578],[-73.239159,-14.298222],[-73.239324,-14.298065],[-73.239507,-14.29793],[-73.239918,-14.297729],[-73.242059,-14.296912],[-73.242708,-14.296687],[-73.245186,-14.296208],[-73.245624,-14.296072],[-73.246057,-14.295922],[-73.247896,-14.294996],[-73.24807,-14.294851],[-73.248218,-14.294678],[-73.248922,-14.293786],[-73.249082,-14.293624],[-73.249262,-14.293485],[-73.24966,-14.293261],[-73.249874,-14.293179],[-73.251653,-14.292732],[-73.252077,-14.292561],[-73.252691,-14.292253],[-73.27022,-14.281058],[-73.27096,-14.280523],[-73.272015,-14.279651],[-73.272215,-14.279541],[-73.27287,-14.279335],[-73.274654,-14.278903],[-73.274871,-14.278832],[-73.275296,-14.278661],[-73.275685,-14.278421],[-73.277258,-14.277102],[-73.279222,-14.275538],[-73.279732,-14.275082],[-73.280209,-14.274593],[-73.280729,-14.274149],[-73.281849,-14.27336],[-73.282939,-14.272529],[-73.283511,-14.272153],[-73.284525,-14.271624],[-73.290848,-14.268935],[-73.291053,-14.268834],[-73.291236,-14.268698],[-73.291381,-14.268525],[-73.291502,-14.268333],[-73.293473,-14.263753],[-73.294416,-14.261692],[-73.294487,-14.261478],[-73.294527,-14.261255],[-73.294562,-14.260805],[-73.29452,-14.259676],[-73.294552,-14.259452],[-73.294625,-14.259238],[-73.294707,-14.259027],[-73.29482,-14.25883],[-73.295377,-14.258111],[-73.295711,-14.257803],[-73.297975,-14.256258],[-73.298514,-14.255835],[-73.299711,-14.254779],[-73.300078,-14.254508],[-73.300281,-14.254405],[-73.300497,-14.254329],[-73.30181,-14.253923],[-73.30282,-14.253385],[-73.302997,-14.253242],[-73.303141,-14.253066],[-73.303254,-14.25287],[-73.303353,-14.252666],[-73.30342,-14.25245],[-73.30344,-14.252225],[-73.303431,-14.251773],[-73.303286,-14.250881],[-73.303295,-14.250656],[-73.303402,-14.250218],[-73.303616,-14.249818],[-73.304782,-14.248138],[-73.304921,-14.247959],[-73.305086,-14.247803],[-73.306148,-14.246939],[-73.30634,-14.246815],[-73.307178,-14.246445],[-73.307377,-14.246332],[-73.308109,-14.245787],[-73.31008,-14.244629],[-73.310272,-14.244504],[-73.310429,-14.244342],[-73.310544,-14.244147],[-73.31061,-14.243932],[-73.310613,-14.243706],[-73.310558,-14.243258],[-73.31055,-14.242807],[-73.310589,-14.242584],[-73.31066,-14.242369],[-73.310908,-14.24199],[-73.311224,-14.241663],[-73.311727,-14.241199],[-73.313895,-14.238862],[-73.314033,-14.238684],[-73.314136,-14.238482],[-73.314208,-14.238267],[-73.314239,-14.238044],[-73.314184,-14.237369],[-73.314199,-14.237143],[-73.314257,-14.236925],[-73.314355,-14.236721],[-73.31448,-14.236531],[-73.314655,-14.236385],[-73.314844,-14.236257],[-73.315442,-14.235923],[-73.31561,-14.23577],[-73.31575,-14.235592],[-73.315855,-14.235392],[-73.317103,-14.232475],[-73.317196,-14.232269],[-73.317318,-14.232078],[-73.318306,-14.23083],[-73.318786,-14.230344],[-73.319131,-14.230046],[-73.31991,-14.229567],[-73.320094,-14.229432],[-73.320423,-14.229117],[-73.321153,-14.228245],[-73.321313,-14.228084],[-73.321496,-14.227948],[-73.321908,-14.227749],[-73.32208,-14.227609],[-73.322229,-14.227438],[-73.322307,-14.227228],[-73.322368,-14.22701],[-73.322305,-14.226567],[-73.322177,-14.22638],[-73.321629,-14.225387],[-73.321,-14.224442],[-73.320914,-14.224235],[-73.320888,-14.22401],[-73.320872,-14.223786],[-73.320905,-14.223562],[-73.321192,-14.222704],[-73.321654,-14.221922],[-73.321776,-14.221488],[-73.321831,-14.221039],[-73.321871,-14.220362],[-73.321845,-14.220139],[-73.321749,-14.219697],[-73.321449,-14.219088],[-73.321128,-14.218242],[-73.320921,-14.21784],[-73.320216,-14.217261],[-73.319745,-14.216766],[-73.319225,-14.216322],[-73.319079,-14.216148],[-73.317966,-14.214435],[-73.317754,-14.214033],[-73.317692,-14.213816],[-73.317657,-14.213593],[-73.317673,-14.213143],[-73.317779,-14.212704],[-73.318057,-14.212083],[-73.318116,-14.211866],[-73.318122,-14.211642],[-73.318067,-14.211423],[-73.317734,-14.210581],[-73.317712,-14.210358],[-73.317722,-14.210132],[-73.317878,-14.209707],[-73.318006,-14.209523],[-73.318202,-14.209408],[-73.318427,-14.209385],[-73.319111,-14.209464],[-73.319337,-14.209441],[-73.319538,-14.209334],[-73.32011,-14.208958],[-73.320316,-14.208859],[-73.320757,-14.208737],[-73.320985,-14.208724],[-73.321433,-14.20882],[-73.321637,-14.208921],[-73.322421,-14.209391],[-73.322636,-14.209469],[-73.322863,-14.209496],[-73.324003,-14.209373],[-73.324921,-14.20937],[-73.32515,-14.209351],[-73.325597,-14.209254],[-73.326027,-14.209095],[-73.326233,-14.208995],[-73.326808,-14.208623],[-73.327166,-14.208341],[-73.327545,-14.207778],[-73.327612,-14.207562],[-73.327635,-14.207339],[-73.3276,-14.207116],[-73.327524,-14.206904],[-73.327028,-14.206144],[-73.326877,-14.205718],[-73.326751,-14.20553],[-73.326457,-14.205182],[-73.325998,-14.2044],[-73.325855,-14.204225],[-73.325156,-14.203638],[-73.324996,-14.203476],[-73.324858,-14.203298],[-73.324646,-14.202896],[-73.324592,-14.20268],[-73.324567,-14.202456],[-73.324426,-14.20088],[-73.32437,-14.200666],[-73.324108,-14.200294],[-73.323953,-14.200129],[-73.323773,-14.199989],[-73.323493,-14.199633],[-73.32279,-14.19821],[-73.322022,-14.196568],[-73.321907,-14.196372],[-73.321769,-14.196192],[-73.321434,-14.195884],[-73.321076,-14.195602],[-73.320496,-14.195237],[-73.320146,-14.194946],[-73.319867,-14.194588],[-73.31976,-14.194388],[-73.319675,-14.194179],[-73.319633,-14.193957],[-73.319262,-14.190585],[-73.319289,-14.189908],[-73.319393,-14.189468],[-73.319553,-14.189044],[-73.320831,-14.18614],[-73.321056,-14.185746],[-73.321575,-14.185001],[-73.321741,-14.18458],[-73.321933,-14.183929],[-73.322138,-14.183524],[-73.322772,-14.182584],[-73.323094,-14.182262],[-73.323615,-14.181819],[-73.323773,-14.181656],[-73.323905,-14.181472],[-73.324079,-14.181055],[-73.324124,-14.180834],[-73.324116,-14.180609],[-73.324051,-14.180393],[-73.323938,-14.180196],[-73.323506,-14.179669],[-73.32341,-14.179465],[-73.323379,-14.179242],[-73.323331,-14.174495],[-73.32347,-14.172465],[-73.323502,-14.172242],[-73.323576,-14.172028],[-73.323933,-14.171451],[-73.323997,-14.171235],[-73.323999,-14.171011],[-73.323796,-14.169899],[-73.323737,-14.169223],[-73.32373,-14.168546],[-73.323825,-14.168105],[-73.324462,-14.166653],[-73.324699,-14.165318],[-73.324661,-14.165096],[-73.324577,-14.164886],[-73.32394,-14.163433],[-73.323458,-14.162407],[-73.323175,-14.162051],[-73.318369,-14.156578],[-73.317001,-14.155054],[-73.316832,-14.154901],[-73.316283,-14.154492],[-73.316086,-14.154378],[-73.31383,-14.153259],[-73.312834,-14.152698],[-73.311802,-14.152203],[-73.310208,-14.150908],[-73.309891,-14.150581],[-73.309752,-14.150402],[-73.308966,-14.149021],[-73.308713,-14.148645],[-73.308566,-14.148471],[-73.308242,-14.148152],[-73.307439,-14.147715],[-73.307252,-14.147584],[-73.306933,-14.14726],[-73.306658,-14.146899],[-73.306184,-14.14587],[-73.304629,-14.142844],[-73.304396,-14.142455],[-73.304119,-14.142094],[-73.303819,-14.141752],[-73.30329,-14.141319],[-73.301969,-14.140417],[-73.301381,-14.140065],[-73.301005,-14.139805],[-73.300668,-14.1395],[-73.300532,-14.139317],[-73.300162,-14.138491],[-73.300087,-14.138278],[-73.300061,-14.138054],[-73.30007,-14.137149],[-73.300046,-14.136925],[-73.299986,-14.136708],[-73.299625,-14.135877],[-73.298243,-14.133019],[-73.298156,-14.13281],[-73.298111,-14.132589],[-73.298121,-14.132365],[-73.298176,-14.132145],[-73.298274,-14.131941],[-73.298416,-14.131764],[-73.298586,-14.131612],[-73.299306,-14.13105],[-73.299814,-14.130593],[-73.299954,-14.130415],[-73.300216,-14.129789],[-73.300269,-14.129569],[-73.300276,-14.129344],[-73.30027,-14.129118],[-73.300215,-14.128899],[-73.299848,-14.12807],[-73.299738,-14.127874],[-73.299582,-14.127709],[-73.299398,-14.127574],[-73.299197,-14.127466],[-73.298771,-14.127299],[-73.298543,-14.127274],[-73.298316,-14.127296],[-73.298096,-14.127362],[-73.296178,-14.128117],[-73.295293,-14.128356],[-73.294436,-14.128681],[-73.294214,-14.128735],[-73.29376,-14.128796],[-73.293533,-14.128778],[-73.293317,-14.128705],[-73.293139,-14.128567],[-73.293007,-14.128382],[-73.292734,-14.127762],[-73.292588,-14.127588],[-73.292398,-14.127463],[-73.292187,-14.127375],[-73.291962,-14.127344],[-73.291732,-14.12735],[-73.291292,-14.127475],[-73.290212,-14.127858],[-73.289105,-14.128159],[-73.28888,-14.128202],[-73.288651,-14.12821],[-73.288424,-14.128181],[-73.287533,-14.127963],[-73.287315,-14.127892],[-73.28712,-14.127773],[-73.28679,-14.12746],[-73.286641,-14.127288],[-73.286533,-14.12709],[-73.286473,-14.126873],[-73.28646,-14.126647],[-73.28657,-14.125295],[-73.286509,-14.124848],[-73.286376,-14.124416],[-73.286183,-14.124006],[-73.285581,-14.123044],[-73.285444,-14.122863],[-73.284974,-14.122367],[-73.284695,-14.12201],[-73.284062,-14.120555],[-73.283996,-14.120339],[-73.28397,-14.120114],[-73.283979,-14.119889],[-73.284402,-14.116295],[-73.284468,-14.115167],[-73.284412,-14.114039],[-73.284354,-14.113821],[-73.28423,-14.11363],[-73.283935,-14.113285],[-73.283814,-14.113095],[-73.283558,-14.112466],[-73.283425,-14.112033],[-73.283011,-14.108439],[-73.283045,-14.107991],[-73.283444,-14.106458],[-73.283491,-14.106237],[-73.28354,-14.105788],[-73.283527,-14.105336],[-73.283351,-14.102855],[-73.283294,-14.102637],[-73.282994,-14.102027],[-73.282876,-14.101835],[-73.282567,-14.101501],[-73.282435,-14.101317],[-73.282339,-14.101112],[-73.281217,-14.098389],[-73.281084,-14.097958],[-73.281041,-14.097508],[-73.281076,-14.096379],[-73.281106,-14.096155],[-73.281405,-14.094831],[-73.281375,-14.094382],[-73.280358,-14.091142],[-73.280277,-14.090931],[-73.280057,-14.090535],[-73.279821,-14.090147],[-73.279683,-14.089966],[-73.277126,-14.08677],[-73.276953,-14.086622],[-73.276759,-14.086501],[-73.27324,-14.08484],[-73.272836,-14.084626],[-73.272649,-14.084494],[-73.271596,-14.083621],[-73.27046,-14.082854],[-73.270095,-14.082579],[-73.267479,-14.080374],[-73.267285,-14.080253],[-73.265214,-14.079281],[-73.264553,-14.079089],[-73.26166,-14.078369],[-73.261448,-14.078283],[-73.261247,-14.078173],[-73.260871,-14.077915],[-73.260698,-14.077767],[-73.259017,-14.076228],[-73.2579,-14.075434],[-73.256525,-14.074235],[-73.256194,-14.073922],[-73.255448,-14.073063],[-73.255023,-14.072529],[-73.254788,-14.072141],[-73.254722,-14.071926],[-73.254717,-14.071701],[-73.254769,-14.071482],[-73.255306,-14.069753],[-73.255469,-14.069094],[-73.255515,-14.068644],[-73.255505,-14.068419],[-73.255468,-14.067968],[-73.255398,-14.067521],[-73.255069,-14.066204],[-73.254985,-14.065994],[-73.254549,-14.065199],[-73.25441,-14.06502],[-73.254243,-14.064864],[-73.254059,-14.06473],[-73.253857,-14.064626],[-73.253634,-14.06458],[-73.253405,-14.064594],[-73.25318,-14.064638],[-73.251628,-14.065048],[-73.251399,-14.065043],[-73.251178,-14.06499],[-73.250985,-14.06487],[-73.249302,-14.063332],[-73.24914,-14.063173],[-73.249008,-14.062988],[-73.248919,-14.062782],[-73.248653,-14.060992],[-73.248607,-14.060771],[-73.248533,-14.060558],[-73.24743,-14.058837],[-73.247288,-14.058661],[-73.247115,-14.058512],[-73.246047,-14.057656],[-73.245852,-14.057537],[-73.245219,-14.057272],[-73.245023,-14.057154],[-73.244469,-14.056752],[-73.244312,-14.056588],[-73.243761,-14.055596],[-73.243635,-14.055408],[-73.24348,-14.055241],[-73.243298,-14.055106],[-73.243092,-14.055009],[-73.242871,-14.054948],[-73.242644,-14.054916],[-73.241726,-14.054947],[-73.241499,-14.054927],[-73.241288,-14.054839],[-73.240537,-14.054318],[-73.240345,-14.054194],[-73.240139,-14.054098],[-73.239453,-14.05404],[-73.238536,-14.054078],[-73.238309,-14.054053],[-73.238097,-14.053967],[-73.237915,-14.053833],[-73.236916,-14.0529],[-73.236606,-14.052567],[-73.236491,-14.052372],[-73.236405,-14.052163],[-73.236368,-14.05194],[-73.236293,-14.050359],[-73.236345,-14.049912],[-73.23645,-14.049713],[-73.236583,-14.049529],[-73.237158,-14.048824],[-73.237282,-14.048634],[-73.23738,-14.04843],[-73.237878,-14.047165],[-73.237913,-14.046942],[-73.237938,-14.046491],[-73.237939,-14.04604],[-73.237772,-14.045383],[-73.237681,-14.045175],[-73.235849,-14.041781],[-73.23559,-14.04141],[-73.235409,-14.04127],[-73.235207,-14.041166],[-73.234986,-14.041107],[-73.234299,-14.041063],[-73.233617,-14.040971],[-73.233159,-14.040993],[-73.232474,-14.041061],[-73.232245,-14.041057],[-73.232022,-14.041007],[-73.230961,-14.040575],[-73.230762,-14.040463],[-73.230388,-14.040201],[-73.2269,-14.036924],[-73.226726,-14.036777],[-73.22653,-14.036661],[-73.226318,-14.036573],[-73.225212,-14.036271],[-73.224528,-14.036203],[-73.224079,-14.036111],[-73.223639,-14.035983],[-73.223211,-14.035819],[-73.221133,-14.034858],[-73.220529,-14.034533],[-73.220361,-14.034381],[-73.220254,-14.034183],[-73.220167,-14.033512],[-73.220118,-14.032383],[-73.220046,-14.03217],[-73.219818,-14.031779],[-73.219321,-14.03131],[-73.2179,-14.030164],[-73.217566,-14.029854],[-73.216771,-14.029039],[-73.215692,-14.027866],[-73.215406,-14.027513],[-73.214872,-14.026776],[-73.214721,-14.026607],[-73.213386,-14.025366],[-73.213234,-14.025196],[-73.212716,-14.02445],[-73.211702,-14.023222],[-73.211545,-14.023059],[-73.211358,-14.022929],[-73.210505,-14.022597],[-73.210312,-14.022476],[-73.210129,-14.022339],[-73.209025,-14.021189],[-73.208847,-14.021048],[-73.208643,-14.020945],[-73.207792,-14.020606],[-73.207398,-14.020374],[-73.207057,-14.020073],[-73.204652,-14.017045],[-73.203457,-14.015386],[-73.202726,-14.014514],[-73.202391,-14.014206],[-73.201838,-14.013802],[-73.201425,-14.013606],[-73.200998,-14.013443],[-73.200776,-14.013384],[-73.200552,-14.013335],[-73.200323,-14.013321],[-73.200095,-14.01334],[-73.19987,-14.013388],[-73.199219,-14.013606],[-73.198996,-14.013658],[-73.196483,-14.013892],[-73.196265,-14.013962],[-73.194576,-14.014671],[-73.19435,-14.014707],[-73.194121,-14.014697],[-73.193899,-14.014645],[-73.193682,-14.014571],[-73.193295,-14.014327],[-73.193083,-14.014242],[-73.19286,-14.014192],[-73.192175,-14.014132],[-73.191957,-14.014066],[-73.189849,-14.013169],[-73.189627,-14.013112],[-73.189175,-14.013038],[-73.188032,-14.012931],[-73.187805,-14.012895],[-73.18759,-14.012821],[-73.187393,-14.012706],[-73.186721,-14.01209],[-73.186165,-14.01169],[-73.185586,-14.011323],[-73.184787,-14.010877],[-73.184401,-14.010634],[-73.18358,-14.010234],[-73.182921,-14.009606],[-73.182164,-14.009095],[-73.181999,-14.008938],[-73.181845,-14.00877],[-73.181607,-14.008385],[-73.181382,-14.007744],[-73.181282,-14.007542],[-73.180925,-14.006962],[-73.180614,-14.006358],[-73.180451,-14.005935],[-73.180391,-14.005717],[-73.180288,-14.005277],[-73.180222,-14.004829],[-73.180201,-14.004605],[-73.180202,-14.003926],[-73.180168,-14.003703],[-73.179928,-14.00283],[-73.179894,-14.002607],[-73.179854,-14.001705],[-73.179733,-14.001039],[-73.179747,-14.000362],[-73.1797,-14.000142],[-73.17946,-13.999506],[-73.179245,-13.999107],[-73.178994,-13.998729],[-73.178895,-13.998526],[-73.178823,-13.998311],[-73.178774,-13.998092],[-73.17876,-13.997867],[-73.178759,-13.996962],[-73.178733,-13.996285],[-73.178662,-13.995838],[-73.178289,-13.994769],[-73.178188,-13.994567],[-73.177178,-13.993056],[-73.176599,-13.99208],[-73.176469,-13.991893],[-73.176306,-13.991736],[-73.175934,-13.991472],[-73.175546,-13.99123],[-73.175327,-13.991171],[-73.175118,-13.991253],[-73.174548,-13.991961],[-73.174342,-13.992045],[-73.174126,-13.991991],[-73.173504,-13.991702],[-73.172213,-13.991226],[-73.171372,-13.990865],[-73.171154,-13.990801],[-73.170926,-13.990771],[-73.166116,-13.990448],[-73.165888,-13.990423],[-73.165665,-13.990371],[-73.165444,-13.990311],[-73.164814,-13.990036],[-73.163395,-13.989294],[-73.163182,-13.989211],[-73.162982,-13.989101],[-73.162626,-13.988816],[-73.162156,-13.98832],[-73.161871,-13.987967],[-73.161866,-13.987751],[-73.162147,-13.987398],[-73.162166,-13.987175],[-73.162096,-13.9865],[-73.161969,-13.986068],[-73.161599,-13.98524],[-73.161472,-13.985052],[-73.161002,-13.984557],[-73.160868,-13.984374],[-73.160753,-13.984179],[-73.160668,-13.983969],[-73.160533,-13.983537],[-73.160481,-13.983317],[-73.16056,-13.981964],[-73.160519,-13.981515],[-73.160227,-13.980189],[-73.160104,-13.979522],[-73.160011,-13.978622],[-73.159967,-13.978401],[-73.159604,-13.977328],[-73.159478,-13.977143],[-73.159294,-13.977008],[-73.158301,-13.976442],[-73.157882,-13.976259],[-73.157432,-13.976173],[-73.15699,-13.976053],[-73.15679,-13.975943],[-73.156238,-13.975539],[-73.156032,-13.975442],[-73.155149,-13.975195],[-73.15495,-13.975083],[-73.154788,-13.974924],[-73.154514,-13.974562],[-73.154266,-13.974182],[-73.154089,-13.973765],[-73.153718,-13.972695],[-73.153609,-13.971798],[-73.153532,-13.971586],[-73.152985,-13.970592],[-73.152893,-13.970385],[-73.152734,-13.969961],[-73.152621,-13.969523],[-73.152636,-13.969298],[-73.152705,-13.969085],[-73.15307,-13.968255],[-73.153314,-13.96762],[-73.153605,-13.967006],[-73.154173,-13.966024],[-73.154417,-13.965641],[-73.154712,-13.965295],[-73.155351,-13.964646],[-73.155531,-13.964506],[-73.156324,-13.964051],[-73.156501,-13.963907],[-73.156747,-13.963527],[-73.156963,-13.963128],[-73.157043,-13.962917],[-73.15709,-13.962697],[-73.157119,-13.962246],[-73.157103,-13.96202],[-73.157053,-13.9618],[-73.156956,-13.961597],[-73.156816,-13.961419],[-73.156646,-13.961267],[-73.15442,-13.959669],[-73.154244,-13.959524],[-73.152732,-13.957824],[-73.152231,-13.95736],[-73.151849,-13.956797],[-73.151683,-13.956376],[-73.151201,-13.955608],[-73.151069,-13.955425],[-73.150901,-13.955273],[-73.150695,-13.955177],[-73.15047,-13.95514],[-73.150242,-13.955161],[-73.149569,-13.955303],[-73.149341,-13.955318],[-73.148882,-13.955311],[-73.147743,-13.955181],[-73.147514,-13.955178],[-73.14683,-13.95526],[-73.146602,-13.95526],[-73.146145,-13.955214],[-73.145933,-13.955131],[-73.145356,-13.954764],[-73.144524,-13.954381],[-73.144338,-13.95425],[-73.144196,-13.954074],[-73.144109,-13.953866],[-73.144014,-13.953424],[-73.143904,-13.953226],[-73.143752,-13.953061],[-73.143564,-13.952933],[-73.143146,-13.952747],[-73.142701,-13.952638],[-73.141784,-13.952611],[-73.141334,-13.952524],[-73.140918,-13.952335],[-73.140729,-13.95221],[-73.140236,-13.951736],[-73.140109,-13.951548],[-73.140011,-13.951343],[-73.139871,-13.950913],[-73.139772,-13.950472],[-73.139665,-13.949575],[-73.139692,-13.949351],[-73.13977,-13.949139],[-73.139859,-13.94893],[-73.13998,-13.94874],[-73.140381,-13.948536],[-73.140487,-13.94834],[-73.140526,-13.94812],[-73.140521,-13.947669],[-73.140439,-13.946996],[-73.140156,-13.945669],[-73.140003,-13.945242],[-73.139903,-13.94504],[-73.13976,-13.944864],[-73.139577,-13.944728],[-73.139169,-13.94452],[-73.136675,-13.943367],[-73.135521,-13.942628],[-73.132125,-13.941247],[-73.131908,-13.941177],[-73.13168,-13.94116],[-73.131455,-13.941199],[-73.131249,-13.941295],[-73.12967,-13.942607],[-73.129517,-13.942775],[-73.129391,-13.942964],[-73.128599,-13.944341],[-73.128325,-13.944702],[-73.128157,-13.944855],[-73.127769,-13.945098],[-73.127153,-13.945399],[-73.12693,-13.945446],[-73.126701,-13.945443],[-73.123291,-13.944965],[-73.120162,-13.944243],[-73.119721,-13.944117],[-73.119298,-13.943943],[-73.118689,-13.943625],[-73.118503,-13.943495],[-73.118208,-13.943149],[-73.118045,-13.942992],[-73.117842,-13.942886],[-73.117167,-13.942751],[-73.11694,-13.94273],[-73.116714,-13.94276],[-73.116497,-13.942832],[-73.116149,-13.943125],[-73.116038,-13.943322],[-73.115653,-13.944143],[-73.115526,-13.94433],[-73.115363,-13.94449],[-73.11518,-13.944624],[-73.114385,-13.945077],[-73.113649,-13.945615],[-73.113204,-13.945721],[-73.112975,-13.94573],[-73.112747,-13.945707],[-73.112308,-13.94558],[-73.112102,-13.945482],[-73.11193,-13.945335],[-73.111788,-13.945158],[-73.111281,-13.944404],[-73.111138,-13.944228],[-73.110967,-13.944077],[-73.110766,-13.943972],[-73.110329,-13.943834],[-73.108109,-13.943259],[-73.106021,-13.942318],[-73.105806,-13.942241],[-73.103323,-13.941789],[-73.103094,-13.94177],[-73.102409,-13.9418],[-73.102235,-13.941664],[-73.102174,-13.941458],[-73.10217,-13.941006],[-73.102132,-13.940785],[-73.101974,-13.940624],[-73.101756,-13.94056],[-73.101074,-13.940463],[-73.098554,-13.940302],[-73.098107,-13.940199],[-73.097229,-13.939935],[-73.096825,-13.939724],[-73.096647,-13.939583],[-73.096496,-13.939413],[-73.096164,-13.938819],[-73.095906,-13.938446],[-73.095725,-13.938308],[-73.095334,-13.938072],[-73.094729,-13.937747],[-73.094309,-13.937564],[-73.09319,-13.937321],[-73.092758,-13.937168],[-73.092126,-13.9369],[-73.090513,-13.936033],[-73.090319,-13.935912],[-73.089783,-13.935488],[-73.089405,-13.935233],[-73.089193,-13.935146],[-73.08897,-13.935097],[-73.088057,-13.934993],[-73.087833,-13.934945],[-73.087184,-13.934719],[-73.086976,-13.934625],[-73.08658,-13.934397],[-73.085087,-13.933344],[-73.084685,-13.933127],[-73.083797,-13.932899],[-73.083568,-13.93289],[-73.083342,-13.932926],[-73.083131,-13.933013],[-73.082944,-13.933141],[-73.08241,-13.93357],[-73.081017,-13.93436],[-73.0808,-13.93443],[-73.080574,-13.934467],[-73.080345,-13.934456],[-73.080125,-13.934398],[-73.07992,-13.934297],[-73.079133,-13.933833],[-73.078912,-13.933775],[-73.078458,-13.933709],[-73.078237,-13.933648],[-73.078034,-13.933545],[-73.077685,-13.933252],[-73.077475,-13.933164],[-73.076136,-13.932845],[-73.075912,-13.932798],[-73.075224,-13.932761],[-73.074999,-13.932721],[-73.074774,-13.932673],[-73.073674,-13.932353],[-73.073216,-13.932346],[-73.072073,-13.932455],[-73.071614,-13.932451],[-73.071389,-13.932411],[-73.070956,-13.932264],[-73.070572,-13.932019],[-73.070401,-13.931868],[-73.069837,-13.931155],[-73.069709,-13.930968],[-73.069607,-13.930765],[-73.069563,-13.930547],[-73.069769,-13.928978],[-73.069763,-13.928754],[-73.069688,-13.928541],[-73.069563,-13.928353],[-73.069241,-13.928031],[-73.069103,-13.92785],[-73.068996,-13.927651],[-73.068924,-13.927437],[-73.068883,-13.927215],[-73.068763,-13.925637],[-73.068695,-13.925422],[-73.068576,-13.92523],[-73.068243,-13.924921],[-73.068051,-13.924798],[-73.067843,-13.924703],[-73.067625,-13.924634],[-73.066277,-13.924354],[-73.06606,-13.924283],[-73.065651,-13.924078],[-73.06529,-13.923799],[-73.064219,-13.92262],[-73.064052,-13.922465],[-73.062639,-13.92131],[-73.062045,-13.920968],[-73.061401,-13.92073],[-73.0612,-13.92062],[-73.06083,-13.920353],[-73.060298,-13.919923],[-73.060001,-13.919578],[-73.059638,-13.919003],[-73.059012,-13.917546],[-73.058904,-13.917346],[-73.058508,-13.916794],[-73.058102,-13.915984],[-73.057219,-13.914943],[-73.056098,-13.914156],[-73.055942,-13.913992],[-73.055821,-13.913801],[-73.055743,-13.913589],[-73.055542,-13.912707],[-73.055473,-13.912492],[-73.055361,-13.912295],[-73.054025,-13.910744],[-73.053687,-13.91044],[-73.053294,-13.910208],[-73.052871,-13.910034],[-73.051561,-13.909616],[-73.051143,-13.909431],[-73.050952,-13.909306],[-73.050778,-13.909159],[-73.05063,-13.908986],[-73.049675,-13.907441],[-73.047119,-13.903151],[-73.0468,-13.90255],[-73.04639,-13.901495],[-73.04489,-13.896745],[-73.043907,-13.893731],[-73.04375,-13.893306],[-73.043646,-13.893105],[-73.043505,-13.892928],[-73.04335,-13.89276],[-73.04316,-13.892634],[-73.042955,-13.892532],[-73.042531,-13.892359],[-73.041451,-13.891978],[-73.041228,-13.891924],[-73.041,-13.891902],[-73.040543,-13.89194],[-73.039867,-13.892067],[-73.039638,-13.89208],[-73.039421,-13.892016],[-73.039227,-13.891896],[-73.03885,-13.891638],[-73.038511,-13.891335],[-73.037799,-13.890449],[-73.036353,-13.888996],[-73.036077,-13.888635],[-73.034807,-13.886751],[-73.034523,-13.886397],[-73.034354,-13.886243],[-73.03288,-13.885165],[-73.032484,-13.884937],[-73.032065,-13.884753],[-73.02991,-13.883974],[-73.029025,-13.883734],[-73.028809,-13.883655],[-73.0284,-13.88345],[-73.028014,-13.883206],[-73.027836,-13.883065],[-73.027689,-13.882891],[-73.02756,-13.882705],[-73.027469,-13.882497],[-73.027414,-13.882278],[-73.027261,-13.881158],[-73.02725,-13.880707],[-73.027359,-13.880268],[-73.028062,-13.878116],[-73.028305,-13.876782],[-73.028238,-13.876573],[-73.028044,-13.876458],[-73.027203,-13.876095],[-73.027008,-13.87598],[-73.026838,-13.875829],[-73.026708,-13.875644],[-73.026653,-13.875425],[-73.026565,-13.873392],[-73.025278,-13.868117],[-73.025236,-13.867895],[-73.025216,-13.867444],[-73.025258,-13.866993],[-73.025251,-13.866768],[-73.025188,-13.866551],[-73.025092,-13.866347],[-73.0248,-13.865999],[-73.024476,-13.865679],[-73.020718,-13.863082],[-73.019699,-13.862561],[-73.019279,-13.86238],[-73.012542,-13.860119],[-73.012102,-13.859991],[-73.011875,-13.859976],[-73.011652,-13.860026],[-73.011444,-13.860121],[-73.010878,-13.860508],[-73.010666,-13.860593],[-73.009775,-13.860805],[-73.009365,-13.861008],[-73.008968,-13.861235],[-73.008542,-13.861404],[-73.008319,-13.861456],[-73.007862,-13.861486],[-73.00649,-13.861359],[-73.004885,-13.861284],[-73.004656,-13.86129],[-73.003976,-13.861395],[-73.003531,-13.861505],[-73.002884,-13.861738],[-72.999478,-13.863094],[-72.998617,-13.863407],[-72.997952,-13.863582],[-72.997046,-13.863728],[-72.996132,-13.863822],[-72.995903,-13.86383],[-72.994993,-13.86371],[-72.992965,-13.863323],[-72.992746,-13.863255],[-72.99108,-13.862493],[-72.990865,-13.862417],[-72.990192,-13.862276],[-72.989965,-13.86225],[-72.989278,-13.862266],[-72.989055,-13.862215],[-72.988868,-13.862087],[-72.988338,-13.861655],[-72.988135,-13.861549],[-72.987911,-13.861505],[-72.987454,-13.861528],[-72.98677,-13.861609],[-72.986545,-13.861656],[-72.986115,-13.861812],[-72.984861,-13.862372],[-72.984644,-13.862447],[-72.98442,-13.862492],[-72.983962,-13.86247],[-72.983742,-13.862407],[-72.983534,-13.862315],[-72.983339,-13.862196],[-72.983175,-13.86204],[-72.982905,-13.861676],[-72.982822,-13.861466],[-72.982766,-13.861247],[-72.982734,-13.861023],[-72.98273,-13.860798],[-72.98275,-13.859667],[-72.982735,-13.859216],[-72.982616,-13.858781],[-72.982416,-13.858375],[-72.982122,-13.85803],[-72.981948,-13.857883],[-72.980364,-13.85697],[-72.9802,-13.856813],[-72.979967,-13.856425],[-72.979832,-13.855994],[-72.97979,-13.855772],[-72.979823,-13.855549],[-72.979964,-13.85512],[-72.980007,-13.854899],[-72.98001,-13.854674],[-72.979944,-13.853999],[-72.979798,-13.853572],[-72.979413,-13.852751],[-72.979078,-13.852158],[-72.978887,-13.851748],[-72.978478,-13.850453],[-72.978368,-13.850014],[-72.97833,-13.849791],[-72.978339,-13.849339],[-72.978378,-13.848889],[-72.978415,-13.848666],[-72.978814,-13.847133],[-72.978829,-13.846909],[-72.978808,-13.846684],[-72.978684,-13.846017],[-72.978651,-13.845567],[-72.978915,-13.844007],[-72.978902,-13.843783],[-72.97886,-13.843561],[-72.978769,-13.843355],[-72.97863,-13.843175],[-72.978286,-13.842877],[-72.978096,-13.842751],[-72.977889,-13.842655],[-72.977673,-13.842579],[-72.97654,-13.842399],[-72.976096,-13.842291],[-72.9757,-13.842065],[-72.975535,-13.841909],[-72.975293,-13.841527],[-72.975213,-13.841316],[-72.975169,-13.841095],[-72.975166,-13.840643],[-72.975238,-13.839062],[-72.975231,-13.838836],[-72.975177,-13.838617],[-72.975072,-13.838417],[-72.97475,-13.838096],[-72.974051,-13.837509],[-72.973473,-13.837141],[-72.97284,-13.836876],[-72.971514,-13.836508],[-72.971087,-13.836343],[-72.970691,-13.836116],[-72.970427,-13.835749],[-72.970308,-13.835557],[-72.970184,-13.834891],[-72.969932,-13.83426],[-72.968969,-13.832459],[-72.967751,-13.830543],[-72.967662,-13.830338],[-72.96754,-13.829902],[-72.967083,-13.828622],[-72.96658,-13.826416],[-72.966445,-13.825987],[-72.966332,-13.825791],[-72.966168,-13.825637],[-72.965806,-13.82536],[-72.96532,-13.82488],[-72.9652,-13.824693],[-72.964891,-13.823842],[-72.964306,-13.822621],[-72.963551,-13.822106],[-72.963397,-13.821939],[-72.963309,-13.821731],[-72.963018,-13.821382],[-72.962646,-13.820811],[-72.962532,-13.820145],[-72.962476,-13.819926],[-72.961961,-13.818191],[-72.961468,-13.81717],[-72.960913,-13.81618],[-72.959142,-13.813272],[-72.958915,-13.812396],[-72.958738,-13.81128],[-72.958784,-13.81083],[-72.959057,-13.809271],[-72.959063,-13.808593],[-72.958922,-13.808165],[-72.958791,-13.807978],[-72.958647,-13.807804],[-72.958152,-13.807333],[-72.958004,-13.807162],[-72.957892,-13.806965],[-72.957851,-13.806748],[-72.957856,-13.806523],[-72.957992,-13.806092],[-72.958141,-13.805929],[-72.958491,-13.805638],[-72.958645,-13.805214],[-72.958679,-13.804993],[-72.958613,-13.803866],[-72.958711,-13.802516],[-72.959037,-13.802197],[-72.959386,-13.801904],[-72.959685,-13.801562],[-72.959774,-13.801355],[-72.959812,-13.801135],[-72.959818,-13.800909],[-72.959748,-13.800698],[-72.959623,-13.80051],[-72.958851,-13.800024],[-72.958683,-13.799604],[-72.958633,-13.798929],[-72.958665,-13.798478],[-72.958733,-13.798266],[-72.959002,-13.797642],[-72.959032,-13.797418],[-72.959019,-13.797196],[-72.958959,-13.796978],[-72.958801,-13.796815],[-72.958604,-13.796698],[-72.958184,-13.79652],[-72.957743,-13.796394],[-72.957543,-13.796284],[-72.957359,-13.796151],[-72.957041,-13.795825],[-72.956937,-13.795159],[-72.956924,-13.794933],[-72.956917,-13.794708],[-72.957018,-13.794037],[-72.956973,-13.793587],[-72.95672,-13.793214],[-72.956535,-13.793085],[-72.954185,-13.791669],[-72.953758,-13.791502],[-72.952443,-13.791099],[-72.952011,-13.790945],[-72.951414,-13.790609],[-72.949669,-13.789518],[-72.949259,-13.789316],[-72.947351,-13.788534],[-72.947162,-13.788411],[-72.947039,-13.788227],[-72.947032,-13.788001],[-72.946993,-13.787779],[-72.946905,-13.787572],[-72.946798,-13.787372],[-72.946668,-13.787188],[-72.946504,-13.78703],[-72.94458,-13.785796],[-72.943907,-13.785181],[-72.943374,-13.784446],[-72.943033,-13.783858],[-72.941875,-13.783125],[-72.941119,-13.782612],[-72.940204,-13.78193],[-72.938829,-13.78073],[-72.938599,-13.780341],[-72.937958,-13.779403],[-72.937154,-13.778302],[-72.93693,-13.777908],[-72.936845,-13.777698],[-72.936547,-13.776844],[-72.936516,-13.776622],[-72.936547,-13.77504],[-72.936575,-13.774589],[-72.936536,-13.774369],[-72.936463,-13.774155],[-72.936362,-13.773952],[-72.936119,-13.773569],[-72.936019,-13.773366],[-72.935874,-13.772937],[-72.935641,-13.772062],[-72.935468,-13.771644],[-72.935221,-13.771264],[-72.934917,-13.770926],[-72.934759,-13.770762],[-72.934579,-13.770623],[-72.934376,-13.770516],[-72.930554,-13.76897],[-72.929683,-13.768683],[-72.927905,-13.768229],[-72.927472,-13.768081],[-72.927273,-13.76797],[-72.927091,-13.767832],[-72.926923,-13.767678],[-72.926776,-13.767505],[-72.926548,-13.767114],[-72.926475,-13.7669],[-72.926428,-13.766679],[-72.92641,-13.766454],[-72.92642,-13.76148],[-72.926387,-13.761029],[-72.926282,-13.76059],[-72.926131,-13.760163],[-72.925593,-13.759166],[-72.925514,-13.758954],[-72.925468,-13.758732],[-72.92527,-13.756026],[-72.925253,-13.755574],[-72.92528,-13.754671],[-72.925237,-13.75445],[-72.92474,-13.753185],[-72.924595,-13.752756],[-72.924312,-13.751661],[-72.92423,-13.751216],[-72.924095,-13.750094],[-72.924081,-13.74919],[-72.92411,-13.747834],[-72.924065,-13.747384],[-72.924021,-13.747163],[-72.923806,-13.746518],[-72.923318,-13.745249],[-72.92321,-13.744811],[-72.923181,-13.743682],[-72.923187,-13.743456],[-72.923228,-13.743235],[-72.923309,-13.743023],[-72.923932,-13.741814],[-72.924017,-13.741605],[-72.924078,-13.741387],[-72.924139,-13.740939],[-72.92412,-13.740714],[-72.923561,-13.738058],[-72.923542,-13.737833],[-72.923535,-13.736929],[-72.923476,-13.736481],[-72.923067,-13.734951],[-72.923028,-13.734729],[-72.922891,-13.733379],[-72.922896,-13.732701],[-72.922958,-13.732025],[-72.92297,-13.731348],[-72.922771,-13.730236],[-72.922768,-13.730011],[-72.922849,-13.729567],[-72.922836,-13.729342],[-72.922776,-13.729125],[-72.922663,-13.728929],[-72.922395,-13.728564],[-72.922323,-13.72835],[-72.922297,-13.727901],[-72.922381,-13.727692],[-72.922957,-13.726714],[-72.923056,-13.72651],[-72.923406,-13.725434],[-72.923493,-13.725225],[-72.923712,-13.724827],[-72.923792,-13.724618],[-72.92375,-13.724171],[-72.92383,-13.723499],[-72.923667,-13.722611],[-72.923659,-13.72216],[-72.92371,-13.721484],[-72.923673,-13.721262],[-72.923582,-13.721055],[-72.923351,-13.720664],[-72.922335,-13.71944],[-72.921676,-13.718515],[-72.920903,-13.717679],[-72.920719,-13.717547],[-72.920507,-13.717459],[-72.918777,-13.716856],[-72.91858,-13.716742],[-72.918403,-13.716599],[-72.918258,-13.716424],[-72.918157,-13.716222],[-72.918075,-13.715779],[-72.918019,-13.71465],[-72.917922,-13.713979],[-72.917873,-13.713758],[-72.917795,-13.713546],[-72.917481,-13.712943],[-72.917412,-13.712728],[-72.917306,-13.71183],[-72.917274,-13.711379],[-72.917252,-13.710249],[-72.917216,-13.709799],[-72.916793,-13.708508],[-72.916699,-13.708067],[-72.916698,-13.707616],[-72.916792,-13.706716],[-72.916815,-13.706265],[-72.916794,-13.705815],[-72.915772,-13.703542],[-72.915445,-13.702945],[-72.91531,-13.702764],[-72.914552,-13.701914],[-72.913967,-13.701217],[-72.913592,-13.700649],[-72.913435,-13.700486],[-72.912829,-13.700166],[-72.91264,-13.700045],[-72.912532,-13.699858],[-72.912676,-13.698966],[-72.912687,-13.698515],[-72.91259,-13.698076],[-72.912249,-13.697236],[-72.912118,-13.696803],[-72.912061,-13.696354],[-72.912037,-13.695677],[-72.912958,-13.692409],[-72.913135,-13.691992],[-72.913664,-13.690989],[-72.913852,-13.690577],[-72.913927,-13.689904],[-72.913964,-13.689682],[-72.914032,-13.689467],[-72.914306,-13.688845],[-72.914531,-13.688451],[-72.914789,-13.688079],[-72.915394,-13.687755],[-72.916632,-13.68716],[-72.916805,-13.687013],[-72.916944,-13.686833],[-72.918241,-13.684699],[-72.918446,-13.684296],[-72.91849,-13.683848],[-72.9185,-13.682718],[-72.918563,-13.682501],[-72.91904,-13.681473],[-72.919159,-13.681281],[-72.919623,-13.68078],[-72.919729,-13.680581],[-72.920016,-13.679722],[-72.920134,-13.679529],[-72.920277,-13.679352],[-72.921899,-13.677446],[-72.923859,-13.675229],[-72.924665,-13.674129],[-72.924774,-13.673931],[-72.924899,-13.673497],[-72.925011,-13.672145],[-72.925522,-13.66925],[-72.92554,-13.669025],[-72.925491,-13.668805],[-72.925379,-13.668609],[-72.925085,-13.668263],[-72.924956,-13.668076],[-72.924871,-13.667867],[-72.924869,-13.667643],[-72.924936,-13.667428],[-72.925082,-13.667256],[-72.925285,-13.667154],[-72.925509,-13.66713],[-72.926641,-13.667321],[-72.92687,-13.667326],[-72.927095,-13.667285],[-72.927308,-13.667201],[-72.927501,-13.66708],[-72.928648,-13.665971],[-72.928838,-13.665847],[-72.929276,-13.665714],[-72.929723,-13.665615],[-72.929935,-13.665528],[-72.930134,-13.665418],[-72.930307,-13.66527],[-72.930442,-13.665088],[-72.930537,-13.664884],[-72.9306,-13.664667],[-72.930592,-13.664441],[-72.93055,-13.66422],[-72.930464,-13.664011],[-72.930334,-13.663826],[-72.929681,-13.66319],[-72.929553,-13.663005],[-72.929512,-13.662785],[-72.929563,-13.662566],[-72.929705,-13.662391],[-72.929905,-13.662287],[-72.930132,-13.662265],[-72.931502,-13.662381],[-72.931718,-13.662307],[-72.931907,-13.662182],[-72.932045,-13.662003],[-72.93212,-13.661793],[-72.932138,-13.661568],[-72.93212,-13.660664],[-72.932293,-13.659547],[-72.932366,-13.659333],[-72.932478,-13.659136],[-72.932632,-13.658971],[-72.933524,-13.658259],[-72.933691,-13.658105],[-72.933827,-13.657924],[-72.934124,-13.657068],[-72.934127,-13.656845],[-72.934006,-13.656657],[-72.933797,-13.656571],[-72.933576,-13.656616],[-72.933438,-13.656787],[-72.933354,-13.656997],[-72.933162,-13.657648],[-72.933054,-13.657846],[-72.932881,-13.657992],[-72.93267,-13.658074],[-72.932442,-13.658082],[-72.932214,-13.658055],[-72.929289,-13.657474],[-72.929112,-13.657334],[-72.928723,-13.656774],[-72.928568,-13.656609],[-72.928354,-13.65654],[-72.92744,-13.656631],[-72.927219,-13.656687],[-72.926598,-13.65698],[-72.926379,-13.657043],[-72.924085,-13.657097],[-72.923167,-13.657062],[-72.920021,-13.656418],[-72.919819,-13.656313],[-72.919333,-13.655833],[-72.919153,-13.655696],[-72.918949,-13.655595],[-72.918722,-13.655575],[-72.918048,-13.65571],[-72.916049,-13.656226],[-72.915825,-13.656267],[-72.914454,-13.656399],[-72.913536,-13.656402],[-72.911701,-13.656319],[-72.910553,-13.656319],[-72.909178,-13.6564],[-72.90895,-13.656386],[-72.908753,-13.656272],[-72.90862,-13.656091],[-72.908538,-13.655418],[-72.908533,-13.655192],[-72.908484,-13.654975],[-72.908301,-13.654853],[-72.908077,-13.654872],[-72.907929,-13.655034],[-72.907766,-13.656153],[-72.907636,-13.656331],[-72.907432,-13.656429],[-72.906779,-13.656645],[-72.906555,-13.65669],[-72.905415,-13.656822],[-72.904498,-13.656866],[-72.904271,-13.656847],[-72.903836,-13.656711],[-72.903639,-13.656598],[-72.90347,-13.656445],[-72.903234,-13.656061],[-72.903187,-13.655612],[-72.903202,-13.655387],[-72.903271,-13.655179],[-72.903541,-13.654815],[-72.905439,-13.652849],[-72.905878,-13.652326],[-72.906122,-13.651944],[-72.90616,-13.651726],[-72.906166,-13.651502],[-72.905967,-13.651095],[-72.90573,-13.650708],[-72.905595,-13.650044],[-72.905562,-13.649821],[-72.90555,-13.649369],[-72.905618,-13.649161],[-72.905812,-13.649073],[-72.906019,-13.649164],[-72.906156,-13.64934],[-72.90629,-13.649771],[-72.906534,-13.650152],[-72.906698,-13.65031],[-72.907135,-13.650437],[-72.907363,-13.65043],[-72.907585,-13.650373],[-72.90885,-13.649835],[-72.909065,-13.649764],[-72.91203,-13.649422],[-72.913826,-13.649045],[-72.914053,-13.649023],[-72.91428,-13.649043],[-72.91471,-13.649199],[-72.915268,-13.649595],[-72.915439,-13.649744],[-72.915588,-13.649916],[-72.915676,-13.650125],[-72.915761,-13.650795],[-72.915858,-13.650994],[-72.916054,-13.6511],[-72.91627,-13.65105],[-72.916378,-13.650861],[-72.91634,-13.650645],[-72.915685,-13.649453],[-72.91526,-13.648919],[-72.914935,-13.6486],[-72.914758,-13.648457],[-72.914544,-13.648391],[-72.914317,-13.64836],[-72.913858,-13.648378],[-72.912029,-13.648539],[-72.911583,-13.648436],[-72.911368,-13.648355],[-72.909324,-13.647325],[-72.908968,-13.647042],[-72.908847,-13.646851],[-72.908768,-13.646641],[-72.908755,-13.646418],[-72.908848,-13.645293],[-72.908704,-13.644631],[-72.908614,-13.644423],[-72.908481,-13.644241],[-72.908301,-13.64411],[-72.907884,-13.643921],[-72.907689,-13.643804],[-72.907517,-13.643655],[-72.906561,-13.642678],[-72.906153,-13.642476],[-72.905038,-13.64221],[-72.90484,-13.642099],[-72.904493,-13.641806],[-72.903275,-13.640162],[-72.902513,-13.639033],[-72.901765,-13.637382],[-72.901582,-13.637257],[-72.901366,-13.637307],[-72.901201,-13.637459],[-72.901189,-13.637675],[-72.901358,-13.638332],[-72.901794,-13.639378],[-72.901828,-13.6396],[-72.901815,-13.639824],[-72.901639,-13.639967],[-72.901421,-13.639967],[-72.901216,-13.639865],[-72.90103,-13.639734],[-72.898526,-13.63775],[-72.896937,-13.636118],[-72.896764,-13.635972],[-72.896556,-13.635879],[-72.896331,-13.635918],[-72.895336,-13.636482],[-72.893781,-13.636875],[-72.893327,-13.636944],[-72.893099,-13.636938],[-72.892887,-13.636856],[-72.89269,-13.636741],[-72.891246,-13.635625],[-72.890489,-13.635112],[-72.889895,-13.63477],[-72.889448,-13.634785],[-72.885552,-13.634585],[-72.885325,-13.634554],[-72.885111,-13.634474],[-72.884274,-13.634103],[-72.883867,-13.634274],[-72.883674,-13.634171],[-72.881645,-13.632015],[-72.881466,-13.631904],[-72.881298,-13.632045],[-72.881169,-13.632225],[-72.880951,-13.63223],[-72.879438,-13.631694],[-72.878773,-13.631524],[-72.875915,-13.630677],[-72.87479,-13.630455],[-72.874122,-13.630291],[-72.873317,-13.629866],[-72.873286,-13.629658],[-72.87344,-13.629496],[-72.874169,-13.628949],[-72.874446,-13.628588],[-72.874784,-13.628003],[-72.874981,-13.627905],[-72.875439,-13.627862],[-72.876366,-13.626863],[-72.877616,-13.625869],[-72.878384,-13.625372],[-72.878997,-13.625064],[-72.879105,-13.624889],[-72.878966,-13.624742],[-72.877479,-13.624147],[-72.876332,-13.624193],[-72.875648,-13.624274],[-72.875422,-13.624282],[-72.87475,-13.624133],[-72.874522,-13.62413],[-72.874299,-13.624175],[-72.87387,-13.624335],[-72.873642,-13.624337],[-72.87256,-13.623964],[-72.872156,-13.623757],[-72.871995,-13.623596],[-72.871869,-13.623411],[-72.871779,-13.623203],[-72.871728,-13.622754],[-72.87165,-13.621626],[-72.871613,-13.621405],[-72.87135,-13.620779],[-72.871222,-13.620594],[-72.870457,-13.619751],[-72.869931,-13.619315],[-72.869599,-13.619004],[-72.869047,-13.618282],[-72.868971,-13.618075],[-72.868892,-13.617629],[-72.868597,-13.616537],[-72.868491,-13.616337],[-72.868343,-13.616165],[-72.867464,-13.615438],[-72.867111,-13.61515],[-72.866914,-13.615035],[-72.866687,-13.61503],[-72.865775,-13.615133],[-72.86555,-13.615093],[-72.865331,-13.615024],[-72.865133,-13.614916],[-72.865009,-13.61473],[-72.86498,-13.61451],[-72.865015,-13.614288],[-72.865195,-13.613873],[-72.865318,-13.613682],[-72.865465,-13.613508],[-72.865524,-13.613297],[-72.865509,-13.613072],[-72.865335,-13.612657],[-72.864735,-13.611977],[-72.864557,-13.612057],[-72.864601,-13.612276],[-72.864593,-13.6125],[-72.864424,-13.612632],[-72.864203,-13.612607],[-72.864033,-13.612458],[-72.863899,-13.612275],[-72.863816,-13.612065],[-72.863796,-13.611389],[-72.86375,-13.611169],[-72.863523,-13.610779],[-72.863341,-13.610648],[-72.862687,-13.610434],[-72.862464,-13.610381],[-72.862237,-13.610379],[-72.861827,-13.610581],[-72.861609,-13.610648],[-72.861382,-13.610628],[-72.861186,-13.610518],[-72.860661,-13.61008],[-72.860035,-13.609798],[-72.859669,-13.609525],[-72.859378,-13.609176],[-72.858059,-13.607326],[-72.857862,-13.606918],[-72.857798,-13.606473],[-72.857742,-13.606255],[-72.857599,-13.606087],[-72.857377,-13.606036],[-72.857149,-13.606051],[-72.856943,-13.606146],[-72.855448,-13.607197],[-72.855266,-13.607333],[-72.855111,-13.6075],[-72.854938,-13.607918],[-72.854913,-13.608142],[-72.854909,-13.608366],[-72.855069,-13.609255],[-72.855153,-13.609465],[-72.855263,-13.609663],[-72.855637,-13.610232],[-72.856297,-13.611157],[-72.856381,-13.611365],[-72.856449,-13.611808],[-72.8566,-13.611972],[-72.857015,-13.612165],[-72.857162,-13.612329],[-72.857246,-13.61277],[-72.857329,-13.612978],[-72.857502,-13.613118],[-72.857894,-13.613353],[-72.858041,-13.613523],[-72.858127,-13.613733],[-72.858166,-13.614409],[-72.858217,-13.614626],[-72.858364,-13.614797],[-72.858931,-13.61518],[-72.860494,-13.616835],[-72.860679,-13.616968],[-72.860891,-13.61705],[-72.861563,-13.617198],[-72.861751,-13.617321],[-72.861883,-13.617502],[-72.861897,-13.61772],[-72.861768,-13.617898],[-72.86135,-13.618082],[-72.861177,-13.618225],[-72.860974,-13.618628],[-72.860794,-13.618759],[-72.860567,-13.618777],[-72.860109,-13.618756],[-72.859423,-13.618691],[-72.858975,-13.618593],[-72.858312,-13.61841],[-72.858085,-13.61838],[-72.857857,-13.618397],[-72.857419,-13.618527],[-72.857194,-13.618492],[-72.85655,-13.618255],[-72.856327,-13.6182],[-72.855873,-13.618131],[-72.855645,-13.618152],[-72.855446,-13.618255],[-72.855304,-13.618432],[-72.855104,-13.618534],[-72.854877,-13.61852],[-72.85422,-13.618315],[-72.852829,-13.617522],[-72.852634,-13.617403],[-72.852463,-13.617253],[-72.852316,-13.61708],[-72.852195,-13.616889],[-72.852099,-13.616683],[-72.851961,-13.616504],[-72.850841,-13.615715],[-72.850697,-13.615542],[-72.850588,-13.615106],[-72.85049,-13.614903],[-72.850254,-13.614515],[-72.850182,-13.614301],[-72.850088,-13.613858],[-72.850067,-13.613408],[-72.850127,-13.61319],[-72.850218,-13.612983],[-72.850586,-13.612411],[-72.850797,-13.612011],[-72.850871,-13.611797],[-72.850932,-13.61135],[-72.850996,-13.611133],[-72.851101,-13.610933],[-72.851238,-13.610752],[-72.851552,-13.610424],[-72.85163,-13.610214],[-72.8516,-13.609992],[-72.851469,-13.60981],[-72.851293,-13.609666],[-72.851157,-13.609487],[-72.851143,-13.609265],[-72.851185,-13.609043],[-72.851178,-13.608819],[-72.851125,-13.608599],[-72.850913,-13.607954],[-72.850819,-13.607748],[-72.85037,-13.606963],[-72.850458,-13.606767],[-72.850664,-13.606817],[-72.85094,-13.607677],[-72.851156,-13.608076],[-72.851274,-13.60827],[-72.852003,-13.609142],[-72.852172,-13.609293],[-72.852382,-13.609259],[-72.85243,-13.609054],[-72.852292,-13.608878],[-72.8518,-13.608405],[-72.851685,-13.60821],[-72.851234,-13.606457],[-72.851163,-13.606243],[-72.85106,-13.606041],[-72.850746,-13.605711],[-72.85057,-13.605567],[-72.85036,-13.605482],[-72.849682,-13.605382],[-72.849474,-13.605287],[-72.84934,-13.60511],[-72.849408,-13.604665],[-72.84941,-13.60444],[-72.849264,-13.604013],[-72.849245,-13.603788],[-72.849298,-13.603569],[-72.849317,-13.603346],[-72.849258,-13.603128],[-72.849087,-13.602709],[-72.848946,-13.602531],[-72.848602,-13.602233],[-72.848631,-13.602023],[-72.848842,-13.601998],[-72.848978,-13.602177],[-72.849517,-13.603174],[-72.849584,-13.60362],[-72.849654,-13.603833],[-72.849992,-13.604134],[-72.850112,-13.604325],[-72.850187,-13.604539],[-72.850296,-13.604733],[-72.850511,-13.604782],[-72.850704,-13.604674],[-72.851009,-13.604336],[-72.85114,-13.604151],[-72.851476,-13.603312],[-72.851682,-13.602908],[-72.851693,-13.602684],[-72.851451,-13.602053],[-72.851409,-13.601832],[-72.851427,-13.601608],[-72.851511,-13.601164],[-72.851583,-13.600951],[-72.851711,-13.600769],[-72.852041,-13.600458],[-72.852023,-13.60025],[-72.851827,-13.600165],[-72.85165,-13.600281],[-72.851236,-13.601335],[-72.851176,-13.601553],[-72.851155,-13.601778],[-72.851165,-13.602003],[-72.851266,-13.602444],[-72.851291,-13.602668],[-72.851272,-13.602891],[-72.851192,-13.603101],[-72.850984,-13.603504],[-72.850842,-13.603679],[-72.850626,-13.603701],[-72.850477,-13.603536],[-72.849446,-13.601266],[-72.849222,-13.600873],[-72.849079,-13.600696],[-72.848912,-13.600545],[-72.848701,-13.600462],[-72.847796,-13.600306],[-72.847575,-13.600248],[-72.847379,-13.600132],[-72.847206,-13.599983],[-72.846944,-13.599614],[-72.84677,-13.599469],[-72.84657,-13.599361],[-72.846348,-13.599343],[-72.846168,-13.599477],[-72.846108,-13.599689],[-72.846085,-13.60014],[-72.845988,-13.600812],[-72.845879,-13.602164],[-72.845777,-13.603063],[-72.845627,-13.603723],[-72.845503,-13.603912],[-72.845328,-13.604056],[-72.84512,-13.604148],[-72.844893,-13.604164],[-72.844668,-13.604125],[-72.844259,-13.603921],[-72.844072,-13.603791],[-72.843936,-13.603609],[-72.843707,-13.603217],[-72.843556,-13.603047],[-72.843353,-13.602944],[-72.843134,-13.60288],[-72.842675,-13.60289],[-72.84251,-13.60275],[-72.842553,-13.602539],[-72.842772,-13.60251],[-72.843426,-13.602721],[-72.843826,-13.602941],[-72.844554,-13.603492],[-72.844771,-13.603555],[-72.844997,-13.603534],[-72.845199,-13.603432],[-72.845349,-13.603261],[-72.845412,-13.603045],[-72.84543,-13.60282],[-72.845375,-13.601692],[-72.84546,-13.600112],[-72.8454,-13.599437],[-72.8454,-13.599211],[-72.845419,-13.598985],[-72.845475,-13.598766],[-72.845558,-13.598556],[-72.845668,-13.598359],[-72.845871,-13.598274],[-72.846556,-13.598318],[-72.846773,-13.598386],[-72.846981,-13.59848],[-72.847204,-13.598535],[-72.847886,-13.59863],[-72.848112,-13.598613],[-72.848544,-13.598469],[-72.848772,-13.598473],[-72.848969,-13.59858],[-72.8494,-13.599108],[-72.849579,-13.599249],[-72.849794,-13.599322],[-72.850022,-13.599309],[-72.850237,-13.599238],[-72.850403,-13.599085],[-72.850539,-13.598904],[-72.850622,-13.598695],[-72.850639,-13.598246],[-72.85071,-13.598034],[-72.85086,-13.597864],[-72.851214,-13.597578],[-72.851375,-13.597421],[-72.851476,-13.59722],[-72.851482,-13.596995],[-72.851419,-13.596779],[-72.85098,-13.596256],[-72.850715,-13.595888],[-72.850648,-13.595673],[-72.85063,-13.594769],[-72.850525,-13.594329],[-72.85038,-13.5939],[-72.850202,-13.593763],[-72.849779,-13.593588],[-72.849558,-13.59353],[-72.849332,-13.593559],[-72.848887,-13.593665],[-72.848661,-13.593639],[-72.848447,-13.593558],[-72.847828,-13.593265],[-72.84738,-13.593168],[-72.847171,-13.593076],[-72.846823,-13.592784],[-72.846631,-13.592663],[-72.84642,-13.592573],[-72.84623,-13.59245],[-72.845935,-13.592105],[-72.84585,-13.5919],[-72.845941,-13.591705],[-72.846124,-13.591569],[-72.846582,-13.591068],[-72.846781,-13.590957],[-72.84783,-13.590498],[-72.848025,-13.590379],[-72.848193,-13.590226],[-72.848405,-13.589827],[-72.848553,-13.589399],[-72.84865,-13.588958],[-72.84863,-13.588734],[-72.84826,-13.587665],[-72.848153,-13.587466],[-72.847877,-13.587104],[-72.847812,-13.58689],[-72.847916,-13.58645],[-72.847947,-13.586227],[-72.84792,-13.586003],[-72.847859,-13.585787],[-72.847749,-13.58559],[-72.847433,-13.585262],[-72.847085,-13.584968],[-72.846529,-13.584568],[-72.846132,-13.584341],[-72.845957,-13.584199],[-72.845841,-13.584007],[-72.845765,-13.583793],[-72.845614,-13.583633],[-72.845397,-13.583643],[-72.84528,-13.583832],[-72.845366,-13.584032],[-72.846682,-13.58494],[-72.847307,-13.585602],[-72.847438,-13.585786],[-72.847524,-13.585994],[-72.847547,-13.586219],[-72.847506,-13.58644],[-72.847294,-13.58684],[-72.847234,-13.587052],[-72.847342,-13.587246],[-72.847514,-13.587395],[-72.847624,-13.587591],[-72.847845,-13.588468],[-72.847827,-13.58869],[-72.847618,-13.589334],[-72.847468,-13.589505],[-72.847273,-13.589622],[-72.847063,-13.589714],[-72.8467,-13.589989],[-72.8465,-13.5901],[-72.846072,-13.590262],[-72.845873,-13.59037],[-72.845748,-13.590559],[-72.845656,-13.590766],[-72.845154,-13.591227],[-72.844514,-13.591876],[-72.844442,-13.592074],[-72.844589,-13.592235],[-72.844986,-13.592461],[-72.845167,-13.592597],[-72.845251,-13.592803],[-72.845287,-13.59325],[-72.845423,-13.593431],[-72.845771,-13.593726],[-72.845962,-13.59385],[-72.846174,-13.593937],[-72.846366,-13.594061],[-72.84667,-13.594399],[-72.846838,-13.59455],[-72.847596,-13.59506],[-72.847676,-13.59526],[-72.847564,-13.595448],[-72.847343,-13.5955],[-72.846884,-13.595495],[-72.846225,-13.595687],[-72.846,-13.595732],[-72.845774,-13.595731],[-72.84565,-13.595567],[-72.845811,-13.595441],[-72.846039,-13.59547],[-72.84626,-13.59541],[-72.846436,-13.595269],[-72.846506,-13.595059],[-72.846415,-13.594856],[-72.846207,-13.594791],[-72.846001,-13.594884],[-72.845227,-13.59537],[-72.84476,-13.595864],[-72.84456,-13.595971],[-72.844113,-13.596073],[-72.843918,-13.596182],[-72.8435,-13.59672],[-72.843322,-13.596859],[-72.842897,-13.597027],[-72.842454,-13.597143],[-72.841768,-13.597199],[-72.840855,-13.597113],[-72.840411,-13.597001],[-72.840187,-13.596977],[-72.839507,-13.597074],[-72.839065,-13.596953],[-72.838843,-13.596929],[-72.838668,-13.597065],[-72.838496,-13.597482],[-72.838324,-13.597628],[-72.838099,-13.597642],[-72.8379,-13.597536],[-72.837337,-13.597145],[-72.837182,-13.596979],[-72.836955,-13.596588],[-72.836759,-13.596491],[-72.836302,-13.596494],[-72.836082,-13.596431],[-72.835669,-13.596237],[-72.835395,-13.595877],[-72.835229,-13.595728],[-72.835005,-13.595733],[-72.834782,-13.595786],[-72.834555,-13.595802],[-72.834435,-13.595641],[-72.834585,-13.595497],[-72.835272,-13.595534],[-72.835493,-13.595586],[-72.835626,-13.595766],[-72.835737,-13.595964],[-72.835879,-13.596137],[-72.836077,-13.596243],[-72.836305,-13.596268],[-72.836529,-13.596232],[-72.836748,-13.596166],[-72.836965,-13.596215],[-72.837243,-13.596574],[-72.837407,-13.596731],[-72.837798,-13.596966],[-72.838016,-13.597016],[-72.8382,-13.596896],[-72.838679,-13.596125],[-72.838805,-13.595936],[-72.838955,-13.595765],[-72.84021,-13.594778],[-72.840421,-13.594698],[-72.84088,-13.594697],[-72.841102,-13.594656],[-72.841286,-13.594523],[-72.842543,-13.593204],[-72.842661,-13.593012],[-72.842721,-13.592795],[-72.842725,-13.59257],[-72.842664,-13.592352],[-72.842276,-13.591534],[-72.842241,-13.591311],[-72.842309,-13.590864],[-72.842378,-13.590649],[-72.8425,-13.590462],[-72.843192,-13.589868],[-72.843182,-13.589658],[-72.842983,-13.589579],[-72.842828,-13.589731],[-72.842719,-13.589929],[-72.842559,-13.590089],[-72.842153,-13.590287],[-72.842052,-13.590485],[-72.841998,-13.590705],[-72.841816,-13.591118],[-72.841839,-13.591339],[-72.841951,-13.591535],[-72.842022,-13.591749],[-72.842011,-13.591974],[-72.841913,-13.592174],[-72.841721,-13.592295],[-72.8415,-13.592355],[-72.841303,-13.592466],[-72.841118,-13.5926],[-72.840661,-13.593106],[-72.840473,-13.593233],[-72.840264,-13.593325],[-72.840043,-13.59338],[-72.839584,-13.593378],[-72.839131,-13.593326],[-72.839048,-13.593136],[-72.83921,-13.593012],[-72.839628,-13.593185],[-72.839849,-13.593237],[-72.840075,-13.593223],[-72.84028,-13.593121],[-72.840457,-13.59298],[-72.840583,-13.592793],[-72.84084,-13.592164],[-72.84108,-13.591778],[-72.841164,-13.591571],[-72.84116,-13.591119],[-72.8413,-13.590456],[-72.841282,-13.590231],[-72.841228,-13.590012],[-72.841248,-13.589795],[-72.841728,-13.589313],[-72.841823,-13.589108],[-72.841969,-13.588446],[-72.842039,-13.588231],[-72.842046,-13.588006],[-72.841994,-13.587557],[-72.841989,-13.587332],[-72.842016,-13.586881],[-72.841982,-13.586659],[-72.841782,-13.586253],[-72.841655,-13.586067],[-72.841502,-13.585898],[-72.84133,-13.585752],[-72.841107,-13.585714],[-72.840192,-13.58579],[-72.839964,-13.585782],[-72.839751,-13.5857],[-72.839143,-13.58538],[-72.838586,-13.584983],[-72.837933,-13.584769],[-72.837734,-13.584667],[-72.837723,-13.584448],[-72.837818,-13.584244],[-72.837969,-13.584075],[-72.838087,-13.583881],[-72.83838,-13.583534],[-72.838453,-13.583324],[-72.838431,-13.583103],[-72.838219,-13.582464],[-72.838373,-13.582314],[-72.839054,-13.582221],[-72.839255,-13.582117],[-72.839372,-13.581928],[-72.83941,-13.58148],[-72.839514,-13.581282],[-72.83971,-13.581175],[-72.839936,-13.581177],[-72.840356,-13.581351],[-72.840578,-13.581317],[-72.840749,-13.581173],[-72.840822,-13.58096],[-72.840839,-13.580058],[-72.840724,-13.579864],[-72.840571,-13.579695],[-72.840457,-13.579504],[-72.840469,-13.579283],[-72.840551,-13.579071],[-72.840587,-13.578851],[-72.840528,-13.578636],[-72.840369,-13.578212],[-72.840266,-13.578011],[-72.840101,-13.577857],[-72.839536,-13.577471],[-72.83944,-13.577268],[-72.839339,-13.576827],[-72.839368,-13.576609],[-72.839521,-13.576445],[-72.839705,-13.576309],[-72.839807,-13.576113],[-72.839777,-13.575892],[-72.839666,-13.575697],[-72.839404,-13.575326],[-72.839378,-13.575104],[-72.839455,-13.574892],[-72.839785,-13.574297],[-72.839874,-13.574089],[-72.839923,-13.573869],[-72.839955,-13.573191],[-72.839937,-13.572968],[-72.839825,-13.572775],[-72.839664,-13.572614],[-72.839241,-13.57244],[-72.839049,-13.57232],[-72.83896,-13.572119],[-72.839012,-13.571902],[-72.839355,-13.571314],[-72.839819,-13.570817],[-72.83981,-13.570606],[-72.839622,-13.57051],[-72.839435,-13.570618],[-72.839199,-13.571004],[-72.839039,-13.571165],[-72.838489,-13.571573],[-72.83834,-13.571743],[-72.838267,-13.571955],[-72.838229,-13.572178],[-72.838194,-13.572626],[-72.838288,-13.572827],[-72.838461,-13.572976],[-72.838598,-13.573156],[-72.838659,-13.573371],[-72.838592,-13.573818],[-72.838504,-13.574026],[-72.838358,-13.574196],[-72.83817,-13.574326],[-72.838014,-13.574489],[-72.837965,-13.574705],[-72.838001,-13.574928],[-72.837974,-13.575148],[-72.837827,-13.575315],[-72.837388,-13.575436],[-72.837249,-13.575612],[-72.83702,-13.577404],[-72.83701,-13.577629],[-72.837049,-13.577852],[-72.837116,-13.578067],[-72.837215,-13.578269],[-72.837354,-13.578448],[-72.83769,-13.578752],[-72.837766,-13.578961],[-72.837716,-13.579178],[-72.837482,-13.579566],[-72.837347,-13.579749],[-72.837185,-13.579907],[-72.836194,-13.580476],[-72.836017,-13.580618],[-72.835254,-13.581462],[-72.835164,-13.581668],[-72.835054,-13.582337],[-72.835035,-13.582561],[-72.835102,-13.582774],[-72.835387,-13.583126],[-72.835468,-13.583335],[-72.835422,-13.583553],[-72.835281,-13.583725],[-72.835068,-13.583794],[-72.83484,-13.5838],[-72.834614,-13.583766],[-72.834408,-13.583668],[-72.834022,-13.583424],[-72.833797,-13.583413],[-72.833626,-13.583547],[-72.833605,-13.583771],[-72.833626,-13.58422],[-72.833505,-13.584403],[-72.833299,-13.584488],[-72.833073,-13.584451],[-72.832857,-13.584376],[-72.832632,-13.584376],[-72.832439,-13.584494],[-72.832328,-13.584685],[-72.832346,-13.584906],[-72.832637,-13.585763],[-72.832688,-13.585983],[-72.83267,-13.586204],[-72.83259,-13.586416],[-72.832489,-13.586619],[-72.832345,-13.586789],[-72.832127,-13.586839],[-72.831943,-13.58672],[-72.831838,-13.58652],[-72.831699,-13.58609],[-72.83158,-13.585422],[-72.83157,-13.585197],[-72.83171,-13.584536],[-72.83171,-13.58431],[-72.83159,-13.583186],[-72.831497,-13.582987],[-72.830949,-13.582578],[-72.830812,-13.582399],[-72.830652,-13.581976],[-72.830484,-13.581827],[-72.830288,-13.581712],[-72.830139,-13.581541],[-72.830048,-13.581334],[-72.829914,-13.581155],[-72.829708,-13.581066],[-72.829483,-13.581078],[-72.829045,-13.58121],[-72.82882,-13.581177],[-72.828099,-13.580623],[-72.827682,-13.580437],[-72.826547,-13.580271],[-72.826323,-13.580221],[-72.826112,-13.580137],[-72.825913,-13.580026],[-72.825687,-13.579994],[-72.825477,-13.580076],[-72.82535,-13.580259],[-72.825313,-13.580705],[-72.825228,-13.580913],[-72.824426,-13.581718],[-72.824232,-13.581839],[-72.824021,-13.581927],[-72.822041,-13.582506],[-72.82187,-13.582652],[-72.821796,-13.582862],[-72.821837,-13.583081],[-72.821933,-13.583286],[-72.821967,-13.583507],[-72.821868,-13.583703],[-72.821669,-13.583809],[-72.821225,-13.583925],[-72.821013,-13.584008],[-72.820839,-13.584151],[-72.820778,-13.584365],[-72.82074,-13.584815],[-72.82081,-13.585028],[-72.820976,-13.585179],[-72.821397,-13.585359],[-72.82157,-13.585501],[-72.821696,-13.585688],[-72.821793,-13.585893],[-72.821843,-13.586113],[-72.821833,-13.586337],[-72.821757,-13.586547],[-72.821622,-13.586729],[-72.820911,-13.5873],[-72.820446,-13.587799],[-72.820251,-13.587915],[-72.81963,-13.588209],[-72.819463,-13.588362],[-72.819349,-13.588556],[-72.819211,-13.588986],[-72.819258,-13.589205],[-72.819413,-13.589366],[-72.8198,-13.589606],[-72.819916,-13.589792],[-72.819881,-13.590012],[-72.819719,-13.590162],[-72.819072,-13.590393],[-72.818867,-13.590496],[-72.818348,-13.590939],[-72.81813,-13.590923],[-72.817993,-13.590756],[-72.818094,-13.590561],[-72.818665,-13.590182],[-72.818823,-13.590024],[-72.818887,-13.589809],[-72.818847,-13.58959],[-72.818467,-13.588769],[-72.818472,-13.588544],[-72.819034,-13.58756],[-72.819345,-13.587228],[-72.819696,-13.586937],[-72.819842,-13.586764],[-72.819898,-13.586549],[-72.81985,-13.586331],[-72.819698,-13.586167],[-72.81951,-13.586036],[-72.819352,-13.585878],[-72.819295,-13.58566],[-72.819275,-13.585435],[-72.819222,-13.585217],[-72.819082,-13.585042],[-72.818457,-13.584757],[-72.818258,-13.584645],[-72.818121,-13.584469],[-72.818096,-13.584249],[-72.818288,-13.58384],[-72.818364,-13.583626],[-72.818453,-13.583184],[-72.818494,-13.580925],[-72.818571,-13.580713],[-72.818696,-13.580524],[-72.819632,-13.579238],[-72.819734,-13.579037],[-72.819802,-13.578823],[-72.81982,-13.578598],[-72.819806,-13.578373],[-72.819677,-13.577707],[-72.819519,-13.576587],[-72.819518,-13.576362],[-72.819596,-13.576154],[-72.819833,-13.575768],[-72.819838,-13.575545],[-72.819721,-13.575356],[-72.819422,-13.575014],[-72.819344,-13.574804],[-72.819296,-13.574583],[-72.819309,-13.57436],[-72.819474,-13.573938],[-72.81951,-13.573717],[-72.819299,-13.573073],[-72.819286,-13.57285],[-72.819315,-13.572627],[-72.819398,-13.572417],[-72.819877,-13.571645],[-72.819951,-13.571432],[-72.819979,-13.570982],[-72.819976,-13.569626],[-72.820015,-13.569403],[-72.820092,-13.569192],[-72.820228,-13.569012],[-72.820594,-13.568742],[-72.820996,-13.568524],[-72.821213,-13.568452],[-72.82142,-13.568494],[-72.822036,-13.569163],[-72.822226,-13.569284],[-72.822449,-13.569267],[-72.822613,-13.569114],[-72.822641,-13.568895],[-72.822524,-13.568704],[-72.821337,-13.567324],[-72.821216,-13.567132],[-72.821131,-13.566923],[-72.820964,-13.566266],[-72.821006,-13.565816],[-72.821099,-13.565374],[-72.821163,-13.565157],[-72.821281,-13.564966],[-72.82145,-13.564814],[-72.821657,-13.564722],[-72.822329,-13.56458],[-72.822463,-13.564407],[-72.822398,-13.564207],[-72.822188,-13.564127],[-72.821506,-13.564032],[-72.821304,-13.563931],[-72.821163,-13.563754],[-72.82079,-13.563184],[-72.820212,-13.562208],[-72.820149,-13.561991],[-72.820071,-13.561317],[-72.820069,-13.561092],[-72.820105,-13.560869],[-72.820156,-13.560649],[-72.820261,-13.560449],[-72.820628,-13.560182],[-72.820699,-13.559975],[-72.820623,-13.559768],[-72.820234,-13.559531],[-72.820077,-13.559372],[-72.819964,-13.559175],[-72.819829,-13.558997],[-72.819458,-13.558731],[-72.819302,-13.558571],[-72.81921,-13.558366],[-72.81922,-13.558141],[-72.819317,-13.55794],[-72.819627,-13.557607],[-72.819758,-13.557423],[-72.819971,-13.557023],[-72.820114,-13.556847],[-72.820448,-13.556537],[-72.82056,-13.556349],[-72.820467,-13.556151],[-72.820254,-13.55609],[-72.819669,-13.556437],[-72.818994,-13.556571],[-72.818535,-13.556571],[-72.818311,-13.556526],[-72.817854,-13.556484],[-72.817166,-13.556491],[-72.816968,-13.556384],[-72.816062,-13.555364],[-72.815852,-13.555282],[-72.815624,-13.555293],[-72.815171,-13.555366],[-72.814947,-13.555323],[-72.814772,-13.555182],[-72.814508,-13.554813],[-72.814341,-13.554661],[-72.813932,-13.554456],[-72.813749,-13.554322],[-72.813659,-13.554117],[-72.813658,-13.553893],[-72.813784,-13.552997],[-72.813845,-13.55278],[-72.814348,-13.551764],[-72.814896,-13.551039],[-72.81498,-13.550832],[-72.814912,-13.550616],[-72.814744,-13.550472],[-72.814522,-13.550452],[-72.814086,-13.550592],[-72.813661,-13.550763],[-72.813083,-13.55113],[-72.812909,-13.551277],[-72.812762,-13.55145],[-72.81225,-13.5522],[-72.812104,-13.552374],[-72.811924,-13.552514],[-72.811537,-13.552757],[-72.811373,-13.552912],[-72.810795,-13.553889],[-72.810637,-13.554048],[-72.810428,-13.554138],[-72.810202,-13.554178],[-72.809975,-13.554171],[-72.809765,-13.554081],[-72.80835,-13.553331],[-72.808189,-13.553172],[-72.808088,-13.552969],[-72.80801,-13.551163],[-72.808075,-13.550949],[-72.808368,-13.550603],[-72.808492,-13.550413],[-72.808705,-13.549767],[-72.808802,-13.549564],[-72.809219,-13.549024],[-72.809312,-13.548819],[-72.80951,-13.548169],[-72.809554,-13.547948],[-72.809522,-13.547727],[-72.809381,-13.547551],[-72.809173,-13.547462],[-72.808491,-13.547372],[-72.808269,-13.547318],[-72.808096,-13.547175],[-72.807967,-13.546991],[-72.80793,-13.54677],[-72.80794,-13.546544],[-72.807907,-13.546321],[-72.807831,-13.546109],[-72.807424,-13.545563],[-72.807256,-13.545414],[-72.807036,-13.545358],[-72.806577,-13.545336],[-72.806352,-13.545301],[-72.806152,-13.545191],[-72.805795,-13.544906],[-72.805648,-13.544734],[-72.805576,-13.544523],[-72.805603,-13.544301],[-72.80575,-13.543873],[-72.80578,-13.54365],[-72.80574,-13.543428],[-72.805652,-13.543222],[-72.805511,-13.543045],[-72.805339,-13.542897],[-72.804506,-13.542521],[-72.804346,-13.542361],[-72.804061,-13.542008],[-72.803853,-13.541934],[-72.803624,-13.541948],[-72.803407,-13.541887],[-72.803227,-13.541746],[-72.803099,-13.541559],[-72.803018,-13.541348],[-72.802914,-13.540908],[-72.802811,-13.540707],[-72.80265,-13.540549],[-72.802438,-13.540466],[-72.80221,-13.540447],[-72.799226,-13.540353],[-72.799,-13.54038],[-72.79879,-13.540469],[-72.798616,-13.540613],[-72.798321,-13.540959],[-72.798139,-13.541096],[-72.797553,-13.541451],[-72.797332,-13.541508],[-72.797106,-13.541473],[-72.796906,-13.541368],[-72.796751,-13.541204],[-72.796618,-13.54102],[-72.796415,-13.540923],[-72.795976,-13.540789],[-72.795771,-13.540693],[-72.795585,-13.54056],[-72.795241,-13.540263],[-72.795124,-13.540071],[-72.79498,-13.539642],[-72.794822,-13.539487],[-72.79461,-13.539414],[-72.793485,-13.539628],[-72.793296,-13.539748],[-72.79296,-13.540056],[-72.792747,-13.540136],[-72.792521,-13.540108],[-72.792299,-13.540052],[-72.792073,-13.540043],[-72.791411,-13.540223],[-72.791186,-13.540205],[-72.791013,-13.540061],[-72.790813,-13.539655],[-72.790672,-13.539478],[-72.790474,-13.539365],[-72.78911,-13.53919],[-72.788652,-13.539154],[-72.788424,-13.539165],[-72.788206,-13.539236],[-72.787787,-13.539421],[-72.787565,-13.539469],[-72.787339,-13.53944],[-72.786227,-13.539159],[-72.785771,-13.53911],[-72.785541,-13.53911],[-72.784168,-13.539216],[-72.783941,-13.539245],[-72.783722,-13.539313],[-72.783311,-13.539512],[-72.782922,-13.539753],[-72.78238,-13.540172],[-72.782163,-13.54024],[-72.781016,-13.540182],[-72.780794,-13.540224],[-72.780624,-13.540373],[-72.780486,-13.540554],[-72.780325,-13.540715],[-72.780128,-13.540825],[-72.779902,-13.540864],[-72.779215,-13.540907],[-72.778985,-13.540909],[-72.77876,-13.54087],[-72.778538,-13.540812],[-72.777458,-13.540429],[-72.776825,-13.540162],[-72.776623,-13.540055],[-72.776071,-13.53965],[-72.775858,-13.539571],[-72.775632,-13.539558],[-72.774977,-13.53976],[-72.774749,-13.539789],[-72.774519,-13.53979],[-72.774295,-13.539747],[-72.774096,-13.539637],[-72.773539,-13.539238],[-72.773406,-13.539056],[-72.773358,-13.538836],[-72.773352,-13.53861],[-72.77331,-13.53839],[-72.773135,-13.538256],[-72.772913,-13.538274],[-72.772525,-13.538514],[-72.772312,-13.538591],[-72.772086,-13.538635],[-72.771859,-13.538659],[-72.771634,-13.538625],[-72.771429,-13.538525],[-72.77069,-13.537989],[-72.770519,-13.537839],[-72.770375,-13.537663],[-72.770127,-13.537282],[-72.769941,-13.53687],[-72.769829,-13.536675],[-72.769663,-13.536519],[-72.769085,-13.536153],[-72.768951,-13.535972],[-72.768869,-13.535763],[-72.768796,-13.535318],[-72.768648,-13.535149],[-72.768422,-13.53512],[-72.767983,-13.535246],[-72.767756,-13.535222],[-72.76754,-13.535148],[-72.767336,-13.535048],[-72.767183,-13.534882],[-72.767088,-13.53468],[-72.76707,-13.534003],[-72.766963,-13.533813],[-72.766755,-13.533757],[-72.766574,-13.53388],[-72.766356,-13.534278],[-72.766226,-13.534463],[-72.766036,-13.534589],[-72.765829,-13.534684],[-72.765391,-13.534821],[-72.765168,-13.53487],[-72.76494,-13.534849],[-72.7645,-13.534732],[-72.764275,-13.534771],[-72.764068,-13.534865],[-72.763705,-13.535142],[-72.763512,-13.535261],[-72.763287,-13.53528],[-72.763072,-13.535208],[-72.762881,-13.535083],[-72.762665,-13.535055],[-72.762485,-13.535184],[-72.762312,-13.535602],[-72.762151,-13.535759],[-72.76155,-13.536091],[-72.761338,-13.536168],[-72.760655,-13.536258],[-72.760428,-13.536251],[-72.760218,-13.536163],[-72.759608,-13.535848],[-72.759424,-13.535714],[-72.759277,-13.535543],[-72.759207,-13.535329],[-72.7592,-13.534877],[-72.75916,-13.534659],[-72.758973,-13.534586],[-72.758842,-13.534747],[-72.759083,-13.535853],[-72.759153,-13.536067],[-72.75927,-13.53626],[-72.759456,-13.536389],[-72.7611,-13.537195],[-72.761324,-13.53724],[-72.761553,-13.537227],[-72.762,-13.537135],[-72.76215,-13.537282],[-72.762019,-13.53745],[-72.760871,-13.537431],[-72.760415,-13.537381],[-72.760191,-13.537335],[-72.759974,-13.537262],[-72.758905,-13.536852],[-72.758725,-13.536713],[-72.758611,-13.536519],[-72.758416,-13.535869],[-72.758315,-13.535667],[-72.757878,-13.535146],[-72.75784,-13.534926],[-72.757883,-13.534704],[-72.757892,-13.534486],[-72.757712,-13.534373],[-72.757548,-13.534502],[-72.757545,-13.534725],[-72.757638,-13.535166],[-72.757747,-13.535365],[-72.758003,-13.53574],[-72.7581,-13.535945],[-72.758168,-13.53616],[-72.758281,-13.536828],[-72.758543,-13.537455],[-72.758666,-13.537645],[-72.759158,-13.538118],[-72.760033,-13.53885],[-72.760429,-13.539066],[-72.760545,-13.53926],[-72.760732,-13.539673],[-72.760725,-13.539889],[-72.760516,-13.539907],[-72.760405,-13.539717],[-72.760324,-13.539506],[-72.760185,-13.539333],[-72.759965,-13.53928],[-72.759736,-13.539271],[-72.759515,-13.539215],[-72.758656,-13.538895],[-72.758248,-13.538688],[-72.75808,-13.538536],[-72.757625,-13.538027],[-72.757598,-13.537807],[-72.75771,-13.537369],[-72.757626,-13.537173],[-72.757415,-13.537185],[-72.757337,-13.537389],[-72.757343,-13.538066],[-72.757385,-13.538286],[-72.757526,-13.538717],[-72.757617,-13.538923],[-72.757948,-13.539518],[-72.758084,-13.539697],[-72.759071,-13.540271],[-72.759111,-13.540474],[-72.758915,-13.540553],[-72.758372,-13.540145],[-72.75817,-13.54004],[-72.757746,-13.539867],[-72.757581,-13.539714],[-72.757067,-13.538965],[-72.756842,-13.538571],[-72.756764,-13.538359],[-72.756557,-13.537019],[-72.756471,-13.536811],[-72.756113,-13.536531],[-72.755973,-13.536356],[-72.755751,-13.53596],[-72.755574,-13.535827],[-72.755366,-13.535889],[-72.755254,-13.536326],[-72.755169,-13.536531],[-72.754971,-13.53663],[-72.752289,-13.536019],[-72.752061,-13.536001],[-72.750913,-13.536001],[-72.750692,-13.536059],[-72.750536,-13.53622],[-72.750526,-13.536439],[-72.750655,-13.536622],[-72.751981,-13.537873],[-72.752343,-13.53815],[-72.752555,-13.538232],[-72.753657,-13.538545],[-72.75377,-13.538716],[-72.753623,-13.538872],[-72.752284,-13.539188],[-72.75163,-13.5394],[-72.751403,-13.53943],[-72.751174,-13.539423],[-72.750492,-13.539328],[-72.750263,-13.539326],[-72.74935,-13.539422],[-72.749121,-13.539426],[-72.748892,-13.539417],[-72.748212,-13.539304],[-72.747991,-13.539246],[-72.745946,-13.53822],[-72.745722,-13.53818],[-72.745503,-13.538238],[-72.745342,-13.538396],[-72.745245,-13.538598],[-72.745259,-13.538822],[-72.746296,-13.540838],[-72.746411,-13.541033],[-72.746578,-13.541186],[-72.747753,-13.541892],[-72.747968,-13.54197],[-72.749574,-13.541975],[-72.749775,-13.54208],[-72.750818,-13.542964],[-72.751026,-13.543059],[-72.751892,-13.54336],[-72.752049,-13.543507],[-72.751999,-13.543716],[-72.751785,-13.543764],[-72.751556,-13.543748],[-72.751105,-13.543668],[-72.750043,-13.543239],[-72.74982,-13.543237],[-72.749661,-13.543385],[-72.749485,-13.54404],[-72.749408,-13.544251],[-72.749273,-13.544432],[-72.748511,-13.544935],[-72.74831,-13.545043],[-72.748092,-13.545111],[-72.747635,-13.545146],[-72.747441,-13.545242],[-72.747493,-13.545437],[-72.747719,-13.54547],[-72.748407,-13.545481],[-72.748636,-13.545464],[-72.748857,-13.54541],[-72.749255,-13.545187],[-72.749782,-13.544752],[-72.749989,-13.544715],[-72.75011,-13.544891],[-72.750159,-13.54534],[-72.750235,-13.545552],[-72.750344,-13.54575],[-72.750503,-13.545911],[-72.750708,-13.546011],[-72.750926,-13.546077],[-72.751135,-13.546003],[-72.751273,-13.545822],[-72.751459,-13.545715],[-72.751672,-13.545771],[-72.751758,-13.545969],[-72.751688,-13.54618],[-72.751374,-13.546784],[-72.751326,-13.546999],[-72.751457,-13.547166],[-72.751879,-13.547343],[-72.752269,-13.54758],[-72.752479,-13.547667],[-72.753159,-13.547765],[-72.753579,-13.547942],[-72.754037,-13.547969],[-72.754262,-13.548011],[-72.754698,-13.548153],[-72.755605,-13.548278],[-72.75582,-13.548356],[-72.756217,-13.548581],[-72.756957,-13.549118],[-72.757123,-13.549274],[-72.757399,-13.549635],[-72.757602,-13.549729],[-72.757822,-13.549693],[-72.758033,-13.549604],[-72.75826,-13.549599],[-72.758716,-13.549658],[-72.758931,-13.549726],[-72.759042,-13.550154],[-72.759192,-13.550321],[-72.759415,-13.550358],[-72.760093,-13.550236],[-72.760308,-13.55016],[-72.760507,-13.550051],[-72.760761,-13.549689],[-72.760966,-13.549746],[-72.76104,-13.549957],[-72.761075,-13.55018],[-72.761038,-13.550398],[-72.760909,-13.550581],[-72.760388,-13.551025],[-72.760329,-13.551229],[-72.761128,-13.552035],[-72.761323,-13.552154],[-72.762675,-13.552413],[-72.762892,-13.552485],[-72.763096,-13.552587],[-72.763272,-13.552732],[-72.763859,-13.553427],[-72.764354,-13.553898],[-72.764498,-13.554074],[-72.764681,-13.554487],[-72.765133,-13.555768],[-72.765275,-13.555945],[-72.765455,-13.556082],[-72.766736,-13.556578],[-72.766863,-13.556756],[-72.766836,-13.556977],[-72.766711,-13.557164],[-72.766506,-13.557249],[-72.766285,-13.557194],[-72.765855,-13.557037],[-72.764257,-13.556869],[-72.763829,-13.556709],[-72.763603,-13.556725],[-72.763377,-13.556769],[-72.76316,-13.556716],[-72.763022,-13.556542],[-72.762804,-13.556145],[-72.761834,-13.555186],[-72.761253,-13.554823],[-72.761044,-13.55473],[-72.760824,-13.55467],[-72.760367,-13.554705],[-72.760138,-13.554699],[-72.758305,-13.554583],[-72.758077,-13.554594],[-72.757865,-13.55468],[-72.757095,-13.555171],[-72.756734,-13.555448],[-72.756333,-13.555667],[-72.756216,-13.555853],[-72.756071,-13.556515],[-72.756062,-13.556739],[-72.756152,-13.557182],[-72.756176,-13.557407],[-72.756139,-13.558308],[-72.756373,-13.558685],[-72.756205,-13.559097],[-72.756172,-13.55932],[-72.75634,-13.559974],[-72.756295,-13.560194],[-72.755917,-13.560759],[-72.755843,-13.560973],[-72.75577,-13.561418],[-72.755741,-13.562095],[-72.755667,-13.562307],[-72.755547,-13.562497],[-72.755343,-13.562602],[-72.755121,-13.562646],[-72.754912,-13.56257],[-72.754615,-13.562226],[-72.754494,-13.562035],[-72.754403,-13.561828],[-72.754338,-13.561611],[-72.754196,-13.560719],[-72.754003,-13.560071],[-72.754113,-13.559634],[-72.754088,-13.559413],[-72.753869,-13.559016],[-72.753796,-13.558802],[-72.753667,-13.558135],[-72.753553,-13.557239],[-72.753506,-13.557018],[-72.753352,-13.556593],[-72.753211,-13.556416],[-72.752211,-13.555484],[-72.75176,-13.554973],[-72.751204,-13.554574],[-72.751002,-13.554468],[-72.750779,-13.554483],[-72.75057,-13.554577],[-72.750377,-13.554695],[-72.749907,-13.55519],[-72.749714,-13.555302],[-72.749494,-13.555366],[-72.749294,-13.555472],[-72.748702,-13.556161],[-72.748541,-13.556321],[-72.748181,-13.556601],[-72.747981,-13.55671],[-72.747767,-13.556791],[-72.746871,-13.556977],[-72.746682,-13.5571],[-72.746602,-13.557306],[-72.746704,-13.557746],[-72.746646,-13.557954],[-72.745897,-13.558477],[-72.745695,-13.55858],[-72.745479,-13.558525],[-72.744355,-13.55774],[-72.744138,-13.557717],[-72.743999,-13.557887],[-72.743972,-13.558338],[-72.743917,-13.558553],[-72.743718,-13.558647],[-72.742342,-13.558586],[-72.742114,-13.558598],[-72.741904,-13.558684],[-72.741584,-13.559006],[-72.741397,-13.559135],[-72.741183,-13.559212],[-72.740957,-13.559196],[-72.74075,-13.559101],[-72.740369,-13.558849],[-72.740244,-13.558664],[-72.7402,-13.558447],[-72.740208,-13.557995],[-72.740186,-13.557544],[-72.740049,-13.557371],[-72.739852,-13.557257],[-72.739634,-13.55719],[-72.738946,-13.557159],[-72.738735,-13.557076],[-72.738603,-13.556897],[-72.73864,-13.55668],[-72.738773,-13.556247],[-72.738802,-13.556026],[-72.738758,-13.555804],[-72.738272,-13.555039],[-72.73735,-13.553744],[-72.737021,-13.553429],[-72.736324,-13.55284],[-72.732956,-13.550481],[-72.732758,-13.550368],[-72.729176,-13.548842],[-72.728525,-13.548622],[-72.728323,-13.548515],[-72.727984,-13.548212],[-72.726256,-13.546398],[-72.725914,-13.546098],[-72.725713,-13.545989],[-72.71864,-13.544034],[-72.718426,-13.543953],[-72.71823,-13.543836],[-72.718053,-13.543692],[-72.717918,-13.543509],[-72.717288,-13.542304],[-72.717164,-13.542114],[-72.717019,-13.541939],[-72.716841,-13.541798],[-72.716643,-13.541684],[-72.716203,-13.541558],[-72.714846,-13.541328],[-72.714616,-13.541323],[-72.714388,-13.541342],[-72.711907,-13.541804],[-72.711678,-13.541802],[-72.711451,-13.54177],[-72.70611,-13.540438],[-72.705681,-13.540278],[-72.704244,-13.539571],[-72.704032,-13.539486],[-72.703807,-13.539445],[-72.703579,-13.539458],[-72.703365,-13.539534],[-72.702572,-13.53999],[-72.702359,-13.540074],[-72.702134,-13.54011],[-72.701906,-13.540089],[-72.70105,-13.539767],[-72.698538,-13.538653],[-72.698317,-13.538592],[-72.698091,-13.538562],[-72.697862,-13.538577],[-72.696725,-13.538732],[-72.696284,-13.538856],[-72.694846,-13.539563],[-72.694649,-13.539678],[-72.69451,-13.539852],[-72.694309,-13.540258],[-72.694145,-13.540409],[-72.693923,-13.540465],[-72.693697,-13.540499],[-72.693498,-13.540412],[-72.69333,-13.540258],[-72.692937,-13.540027],[-72.69273,-13.539932],[-72.692505,-13.539888],[-72.691595,-13.539997],[-72.69138,-13.540074],[-72.691174,-13.540174],[-72.690996,-13.540314],[-72.690892,-13.540511],[-72.690837,-13.54073],[-72.690732,-13.540924],[-72.689991,-13.541456],[-72.689468,-13.541897],[-72.689284,-13.542027],[-72.689077,-13.541969],[-72.689043,-13.541755],[-72.689411,-13.541183],[-72.689693,-13.540564],[-72.689746,-13.540345],[-72.689753,-13.54012],[-72.689716,-13.539443],[-72.689692,-13.539219],[-72.689638,-13.538999],[-72.689123,-13.537741],[-72.68907,-13.537523],[-72.689118,-13.537305],[-72.689207,-13.537096],[-72.689172,-13.536883],[-72.688962,-13.536839],[-72.688835,-13.537017],[-72.688471,-13.537847],[-72.686043,-13.541414],[-72.6859,-13.54159],[-72.685719,-13.541729],[-72.68511,-13.542045],[-72.684897,-13.542127],[-72.684671,-13.542118],[-72.684452,-13.542051],[-72.684247,-13.541949],[-72.684073,-13.541805],[-72.683923,-13.541635],[-72.683721,-13.541534],[-72.682121,-13.541393],[-72.681666,-13.541445],[-72.681456,-13.541533],[-72.68086,-13.541874],[-72.680644,-13.541929],[-72.679761,-13.541683],[-72.679329,-13.54153],[-72.679104,-13.541487],[-72.678875,-13.541472],[-72.678189,-13.54152],[-72.677968,-13.541582],[-72.677766,-13.541686],[-72.677589,-13.541828],[-72.677474,-13.542021],[-72.677302,-13.54244],[-72.677162,-13.542614],[-72.676951,-13.5427],[-72.676758,-13.542817],[-72.676632,-13.543006],[-72.676638,-13.543231],[-72.676717,-13.543437],[-72.676896,-13.543575],[-72.677289,-13.543802],[-72.67735,-13.544013],[-72.677285,-13.544226],[-72.67715,-13.544408],[-72.676817,-13.54472],[-72.676257,-13.545111],[-72.676089,-13.545264],[-72.675933,-13.54543],[-72.67581,-13.54562],[-72.675719,-13.545827],[-72.675665,-13.546046],[-72.675523,-13.546216],[-72.675134,-13.546456],[-72.674996,-13.546632],[-72.674847,-13.54706],[-72.674622,-13.547453],[-72.674556,-13.547668],[-72.674464,-13.548111],[-72.674345,-13.54829],[-72.67414,-13.548242],[-72.673948,-13.547837],[-72.673776,-13.547699],[-72.673548,-13.547681],[-72.67263,-13.547685],[-72.672436,-13.547576],[-72.67169,-13.546436],[-72.671529,-13.546277],[-72.671121,-13.546071],[-72.670619,-13.545609],[-72.670418,-13.545505],[-72.669506,-13.545401],[-72.669276,-13.545392],[-72.669049,-13.545417],[-72.668843,-13.545513],[-72.668671,-13.545661],[-72.668565,-13.545857],[-72.668437,-13.546291],[-72.668339,-13.546495],[-72.66807,-13.54686],[-72.667873,-13.54697],[-72.665893,-13.547552],[-72.665668,-13.547569],[-72.665516,-13.547423],[-72.665606,-13.547235],[-72.666058,-13.547195],[-72.667588,-13.54671],[-72.667745,-13.546559],[-72.667796,-13.546113],[-72.668008,-13.545467],[-72.668189,-13.545053],[-72.668321,-13.544869],[-72.668482,-13.544708],[-72.668838,-13.544423],[-72.669046,-13.544332],[-72.669503,-13.54434],[-72.669676,-13.544218],[-72.669573,-13.544044],[-72.669348,-13.544058],[-72.669123,-13.544105],[-72.668692,-13.544256],[-72.667955,-13.544796],[-72.667812,-13.544972],[-72.66756,-13.54535],[-72.667257,-13.545958],[-72.667132,-13.546146],[-72.666926,-13.546233],[-72.665549,-13.546258],[-72.664631,-13.54625],[-72.66445,-13.54638],[-72.664298,-13.54655],[-72.664085,-13.546588],[-72.66366,-13.546422],[-72.663489,-13.546543],[-72.663461,-13.547219],[-72.663414,-13.547436],[-72.663209,-13.547485],[-72.66311,-13.547296],[-72.663197,-13.546853],[-72.663235,-13.546404],[-72.663281,-13.546187],[-72.663482,-13.546111],[-72.663922,-13.546237],[-72.664124,-13.54617],[-72.664253,-13.545983],[-72.664408,-13.545818],[-72.664587,-13.545679],[-72.664791,-13.545578],[-72.665691,-13.545405],[-72.666148,-13.545404],[-72.666372,-13.545362],[-72.666568,-13.545247],[-72.666694,-13.54506],[-72.667057,-13.543989],[-72.667899,-13.542917],[-72.667876,-13.542713],[-72.667666,-13.542704],[-72.66731,-13.543281],[-72.667176,-13.543463],[-72.666856,-13.543787],[-72.666486,-13.544358],[-72.666336,-13.544527],[-72.666129,-13.54462],[-72.665481,-13.544848],[-72.665253,-13.544862],[-72.66457,-13.544777],[-72.664341,-13.544775],[-72.663674,-13.544941],[-72.663451,-13.54492],[-72.663057,-13.544688],[-72.662842,-13.544615],[-72.662613,-13.544603],[-72.661926,-13.544649],[-72.661709,-13.544602],[-72.661537,-13.544454],[-72.661393,-13.544278],[-72.661292,-13.544077],[-72.661375,-13.543875],[-72.661582,-13.543828],[-72.661745,-13.543982],[-72.661873,-13.54417],[-72.662052,-13.5443],[-72.662263,-13.544246],[-72.662439,-13.544101],[-72.662647,-13.544021],[-72.662861,-13.544094],[-72.663247,-13.544338],[-72.663464,-13.544319],[-72.663644,-13.544179],[-72.663841,-13.544074],[-72.664285,-13.543958],[-72.664498,-13.543876],[-72.664821,-13.543557],[-72.664965,-13.543381],[-72.665038,-13.543169],[-72.665057,-13.542944],[-72.665027,-13.542493],[-72.664982,-13.542273],[-72.664869,-13.542077],[-72.663871,-13.540836],[-72.663723,-13.540663],[-72.663525,-13.540556],[-72.663306,-13.540491],[-72.662856,-13.540401],[-72.662639,-13.54046],[-72.661729,-13.541146],[-72.661119,-13.541462],[-72.660931,-13.541586],[-72.660861,-13.541796],[-72.660923,-13.542013],[-72.660922,-13.542235],[-72.660797,-13.542417],[-72.660581,-13.542481],[-72.660356,-13.542514],[-72.660177,-13.542653],[-72.660018,-13.542816],[-72.659575,-13.543335],[-72.65948,-13.543536],[-72.659517,-13.543757],[-72.659693,-13.544175],[-72.659756,-13.544391],[-72.659762,-13.544616],[-72.6597,-13.545062],[-72.659737,-13.545283],[-72.66037,-13.547219],[-72.660323,-13.547437],[-72.660138,-13.547548],[-72.659454,-13.547621],[-72.659234,-13.547576],[-72.65886,-13.54701],[-72.658383,-13.546522],[-72.658238,-13.546347],[-72.658059,-13.545932],[-72.657942,-13.54574],[-72.657801,-13.545561],[-72.657469,-13.54525],[-72.656522,-13.544611],[-72.656308,-13.544538],[-72.655849,-13.54453],[-72.655392,-13.544489],[-72.653832,-13.544116],[-72.653623,-13.544023],[-72.653446,-13.543882],[-72.652974,-13.543389],[-72.652183,-13.542933],[-72.651874,-13.54261],[-72.651651,-13.542605],[-72.651436,-13.542684],[-72.651227,-13.542637],[-72.651182,-13.54242],[-72.651188,-13.542194],[-72.651156,-13.541972],[-72.650912,-13.541338],[-72.650793,-13.541145],[-72.65064,-13.540978],[-72.65025,-13.54074],[-72.650034,-13.540671],[-72.649808,-13.540698],[-72.649623,-13.540827],[-72.649506,-13.541022],[-72.649443,-13.541238],[-72.649378,-13.541684],[-72.649276,-13.541884],[-72.649003,-13.542247],[-72.648824,-13.542384],[-72.648605,-13.54244],[-72.648376,-13.54244],[-72.648159,-13.542505],[-72.647858,-13.542842],[-72.647679,-13.542982],[-72.647283,-13.543209],[-72.646841,-13.54332],[-72.64648,-13.543599],[-72.646159,-13.543922],[-72.645772,-13.544483],[-72.645536,-13.54487],[-72.645181,-13.545945],[-72.645054,-13.546128],[-72.644843,-13.546128],[-72.644622,-13.545734],[-72.644326,-13.545389],[-72.64415,-13.545245],[-72.643933,-13.545174],[-72.643705,-13.545154],[-72.643479,-13.545184],[-72.643065,-13.545379],[-72.642879,-13.545506],[-72.642771,-13.545701],[-72.64257,-13.546583],[-72.642434,-13.546761],[-72.642224,-13.546842],[-72.641768,-13.546899],[-72.641103,-13.547073],[-72.640897,-13.547171],[-72.640731,-13.547324],[-72.64063,-13.547526],[-72.640529,-13.548424],[-72.64048,-13.548644],[-72.640275,-13.549046],[-72.640237,-13.549268],[-72.640295,-13.549714],[-72.640289,-13.549939],[-72.64021,-13.550146],[-72.640009,-13.550226],[-72.639837,-13.55009],[-72.639598,-13.549705],[-72.63883,-13.548579],[-72.638656,-13.548436],[-72.638228,-13.548273],[-72.638003,-13.548246],[-72.637572,-13.548393],[-72.637348,-13.548381],[-72.636513,-13.548006],[-72.63606,-13.547947],[-72.635845,-13.547871],[-72.635433,-13.547671],[-72.634855,-13.547303],[-72.634652,-13.547199],[-72.634436,-13.547122],[-72.63421,-13.547088],[-72.633981,-13.547085],[-72.633756,-13.547125],[-72.632689,-13.547542],[-72.632468,-13.547599],[-72.630666,-13.547948],[-72.63021,-13.547999],[-72.629074,-13.547843],[-72.62885,-13.547796],[-72.628637,-13.547713],[-72.628475,-13.547557],[-72.628299,-13.547143],[-72.628092,-13.547068],[-72.627862,-13.547062],[-72.627637,-13.547096],[-72.627438,-13.547207],[-72.626526,-13.547893],[-72.626379,-13.548065],[-72.6263,-13.548273],[-72.626286,-13.548497],[-72.626357,-13.548711],[-72.6265,-13.548886],[-72.627161,-13.549515],[-72.6273,-13.54969],[-72.627324,-13.550365],[-72.627439,-13.550554],[-72.627631,-13.550676],[-72.627798,-13.550826],[-72.627899,-13.551028],[-72.627958,-13.551246],[-72.627955,-13.551471],[-72.627905,-13.551691],[-72.627727,-13.552107],[-72.627714,-13.552328],[-72.62798,-13.553192],[-72.628,-13.553416],[-72.627981,-13.553641],[-72.627887,-13.554083],[-72.62791,-13.554304],[-72.628003,-13.554511],[-72.628036,-13.554734],[-72.628009,-13.554957],[-72.628009,-13.555182],[-72.628142,-13.555613],[-72.628141,-13.555836],[-72.628088,-13.556055],[-72.62793,-13.556206],[-72.627711,-13.55616],[-72.627536,-13.556021],[-72.626816,-13.554865],[-72.626201,-13.553404],[-72.62589,-13.552799],[-72.625751,-13.552624],[-72.625197,-13.552224],[-72.624768,-13.551697],[-72.624577,-13.551574],[-72.623965,-13.551264],[-72.623371,-13.550921],[-72.622637,-13.550377],[-72.622442,-13.550264],[-72.622221,-13.550294],[-72.621822,-13.550516],[-72.621596,-13.550531],[-72.621386,-13.550443],[-72.620591,-13.54999],[-72.620369,-13.550005],[-72.619999,-13.550268],[-72.619775,-13.550288],[-72.619556,-13.55022],[-72.619332,-13.550183],[-72.619151,-13.5503],[-72.618863,-13.550648],[-72.618639,-13.550675],[-72.617721,-13.55064],[-72.617508,-13.550572],[-72.617294,-13.550173],[-72.617121,-13.55004],[-72.616892,-13.550052],[-72.616665,-13.550085],[-72.616448,-13.550154],[-72.616028,-13.550337],[-72.614585,-13.551035],[-72.614372,-13.551116],[-72.614159,-13.551049],[-72.613837,-13.550727],[-72.613658,-13.550587],[-72.613445,-13.550513],[-72.612531,-13.55043],[-72.612314,-13.550496],[-72.611175,-13.551258],[-72.610979,-13.551375],[-72.610766,-13.551456],[-72.609652,-13.551726],[-72.608966,-13.551784],[-72.608741,-13.551826],[-72.607864,-13.552094],[-72.607656,-13.55219],[-72.606723,-13.552846],[-72.606573,-13.553016],[-72.60648,-13.553221],[-72.606017,-13.554498],[-72.60591,-13.554697],[-72.605762,-13.554868],[-72.605272,-13.555344],[-72.605084,-13.555472],[-72.603343,-13.556047],[-72.603132,-13.556137],[-72.600131,-13.5578],[-72.59956,-13.558177],[-72.598675,-13.558898],[-72.597745,-13.559561],[-72.597599,-13.55973],[-72.597503,-13.56017],[-72.597347,-13.560326],[-72.59691,-13.560462],[-72.596719,-13.560581],[-72.596557,-13.560741],[-72.596439,-13.560933],[-72.596361,-13.561146],[-72.596237,-13.561334],[-72.595802,-13.561858],[-72.595334,-13.562635],[-72.595167,-13.563056],[-72.595055,-13.563253],[-72.594659,-13.563807],[-72.594658,-13.564028],[-72.594756,-13.564232],[-72.594998,-13.564616],[-72.595133,-13.565048],[-72.595328,-13.565454],[-72.595248,-13.565657],[-72.595036,-13.56569],[-72.594841,-13.565577],[-72.594546,-13.565233],[-72.594378,-13.565083],[-72.593963,-13.564894],[-72.593739,-13.564924],[-72.593555,-13.565058],[-72.593342,-13.565127],[-72.59269,-13.56492],[-72.592483,-13.564821],[-72.592298,-13.564689],[-72.592099,-13.5646],[-72.591667,-13.564743],[-72.591469,-13.564659],[-72.5912,-13.564294],[-72.591018,-13.564159],[-72.590797,-13.564101],[-72.590117,-13.563996],[-72.589891,-13.564002],[-72.589676,-13.564075],[-72.589474,-13.564183],[-72.589257,-13.56425],[-72.589032,-13.564213],[-72.588816,-13.564143],[-72.588619,-13.564031],[-72.588468,-13.563864],[-72.587975,-13.562844],[-72.58782,-13.562681],[-72.587169,-13.562465],[-72.586944,-13.56242],[-72.586717,-13.562414],[-72.586501,-13.562485],[-72.58558,-13.563158],[-72.585364,-13.563228],[-72.585138,-13.56326],[-72.584912,-13.563231],[-72.584698,-13.563149],[-72.584506,-13.563028],[-72.584362,-13.562855],[-72.584158,-13.562753],[-72.5837,-13.562752],[-72.583477,-13.562702],[-72.583275,-13.562601],[-72.582916,-13.562323],[-72.582696,-13.562262],[-72.5818,-13.562064],[-72.581573,-13.562034],[-72.581117,-13.56207],[-72.580664,-13.562014],[-72.580446,-13.562079],[-72.580244,-13.562186],[-72.579695,-13.562593],[-72.579474,-13.562639],[-72.579246,-13.562619],[-72.578788,-13.562622],[-72.578575,-13.562703],[-72.577433,-13.56346],[-72.577212,-13.563516],[-72.576983,-13.563532],[-72.575836,-13.563545],[-72.575624,-13.563469],[-72.574701,-13.561908],[-72.574537,-13.561753],[-72.574328,-13.561661],[-72.57324,-13.561304],[-72.572608,-13.561034],[-72.571954,-13.560823],[-72.571757,-13.56071],[-72.571401,-13.560425],[-72.571071,-13.560111],[-72.569889,-13.558727],[-72.569762,-13.558538],[-72.569423,-13.557699],[-72.569312,-13.557502],[-72.568792,-13.557059],[-72.568506,-13.556706],[-72.567822,-13.556104],[-72.566824,-13.555168],[-72.566506,-13.554843],[-72.56639,-13.554648],[-72.566219,-13.554229],[-72.566144,-13.554015],[-72.56605,-13.553573],[-72.56608,-13.553351],[-72.566211,-13.553166],[-72.566312,-13.552965],[-72.566345,-13.552742],[-72.566323,-13.552519],[-72.56624,-13.552309],[-72.565982,-13.551935],[-72.565692,-13.551586],[-72.565348,-13.551287],[-72.564982,-13.551014],[-72.56479,-13.55089],[-72.564169,-13.550599],[-72.563723,-13.550494],[-72.563494,-13.550478],[-72.563035,-13.550477],[-72.562583,-13.550552],[-72.559482,-13.551385],[-72.558832,-13.551609],[-72.558437,-13.551839],[-72.558258,-13.551979],[-72.557163,-13.553135],[-72.55698,-13.553272],[-72.55678,-13.553381],[-72.55636,-13.55356],[-72.556137,-13.553609],[-72.555908,-13.55363],[-72.55476,-13.553656],[-72.554531,-13.553656],[-72.553847,-13.553576],[-72.553389,-13.553555],[-72.551782,-13.55357],[-72.551553,-13.553589],[-72.551329,-13.553635],[-72.550703,-13.553917],[-72.549502,-13.554581],[-72.549067,-13.554723],[-72.548841,-13.554758],[-72.548613,-13.554755],[-72.548397,-13.554687],[-72.547775,-13.554394],[-72.547574,-13.554286],[-72.547388,-13.554154],[-72.54722,-13.554001],[-72.546167,-13.552807],[-72.545844,-13.552484],[-72.545162,-13.551879],[-72.544891,-13.551515],[-72.544735,-13.551349],[-72.543358,-13.550155],[-72.541286,-13.548733],[-72.540384,-13.548035],[-72.539906,-13.547546],[-72.539728,-13.547404],[-72.538917,-13.54698],[-72.537814,-13.546169],[-72.537432,-13.545917],[-72.536612,-13.54551],[-72.532159,-13.543163],[-72.529302,-13.541712],[-72.528257,-13.541246],[-72.527601,-13.541037],[-72.525829,-13.540561],[-72.524712,-13.540304],[-72.523582,-13.540105],[-72.522219,-13.539907],[-72.521996,-13.539853],[-72.521788,-13.539763],[-72.521601,-13.539633],[-72.521433,-13.539479],[-72.520336,-13.538323],[-72.51933,-13.53709],[-72.519159,-13.536939],[-72.518419,-13.536403],[-72.518249,-13.536254],[-72.518132,-13.536061],[-72.516532,-13.532065],[-72.516409,-13.531876],[-72.516241,-13.531723],[-72.514943,-13.53079],[-72.514533,-13.530588],[-72.513217,-13.530188],[-72.51301,-13.53009],[-72.512823,-13.529962],[-72.512294,-13.529528],[-72.512121,-13.529379],[-72.511976,-13.529205],[-72.511883,-13.529],[-72.511698,-13.528346],[-72.5116,-13.528142],[-72.511317,-13.527788],[-72.509047,-13.525547],[-72.508875,-13.525398],[-72.507303,-13.524464],[-72.50711,-13.524341],[-72.50676,-13.524049],[-72.506481,-13.52369],[-72.506015,-13.523191],[-72.50588,-13.52301],[-72.505652,-13.522618],[-72.505567,-13.522408],[-72.50554,-13.522184],[-72.505502,-13.521054],[-72.505514,-13.520829],[-72.505591,-13.520384],[-72.505735,-13.519955],[-72.506047,-13.51935],[-72.506269,-13.518955],[-72.506402,-13.518772],[-72.506714,-13.51844],[-72.507398,-13.517838],[-72.507704,-13.517502],[-72.507827,-13.51731],[-72.508032,-13.516906],[-72.508159,-13.516718],[-72.508327,-13.516565],[-72.509078,-13.516045],[-72.509246,-13.515892],[-72.509383,-13.515712],[-72.509474,-13.515507],[-72.50953,-13.515288],[-72.50954,-13.514836],[-72.509332,-13.513267],[-72.509246,-13.512823],[-72.50915,-13.51262],[-72.508972,-13.512478],[-72.508756,-13.512405],[-72.508303,-13.512331],[-72.508086,-13.512262],[-72.507938,-13.512097],[-72.50791,-13.511874],[-72.507975,-13.511658],[-72.508154,-13.511244],[-72.508168,-13.511019],[-72.508092,-13.510809],[-72.507926,-13.510657],[-72.50754,-13.510413],[-72.507385,-13.510247],[-72.50732,-13.510037],[-72.507369,-13.509818],[-72.507532,-13.509396],[-72.50756,-13.509174],[-72.507533,-13.508951],[-72.507446,-13.508743],[-72.506741,-13.507853],[-72.506646,-13.50765],[-72.506634,-13.507426],[-72.506881,-13.506556],[-72.506895,-13.506332],[-72.506812,-13.506125],[-72.506642,-13.505977],[-72.506437,-13.505883],[-72.504836,-13.505751],[-72.504612,-13.505701],[-72.504195,-13.505513],[-72.503837,-13.505231],[-72.502832,-13.504304],[-72.500276,-13.502385],[-72.500086,-13.502259],[-72.499873,-13.50218],[-72.492989,-13.501976],[-72.49276,-13.501968],[-72.492537,-13.501914],[-72.492145,-13.501681],[-72.49091,-13.50067],[-72.490358,-13.500265],[-72.49016,-13.500151],[-72.489946,-13.50007],[-72.488833,-13.499795],[-72.488615,-13.499723],[-72.488205,-13.499522],[-72.487834,-13.499256],[-72.48764,-13.499135],[-72.487433,-13.499039],[-72.486552,-13.498786],[-72.486325,-13.498751],[-72.486097,-13.498779],[-72.485888,-13.49887],[-72.485536,-13.49916],[-72.485345,-13.499284],[-72.485128,-13.499358],[-72.484899,-13.499351],[-72.484223,-13.499224],[-72.484005,-13.499154],[-72.483184,-13.49875],[-72.482539,-13.498515],[-72.482316,-13.49846],[-72.480731,-13.4982],[-72.480503,-13.49818],[-72.48028,-13.498218],[-72.480085,-13.498332],[-72.479551,-13.498758],[-72.479331,-13.49882],[-72.477969,-13.499021],[-72.477745,-13.498976],[-72.477321,-13.498803],[-72.477097,-13.498764],[-72.476876,-13.498819],[-72.475049,-13.499769],[-72.474839,-13.499859],[-72.474395,-13.499965],[-72.474166,-13.499979],[-72.473712,-13.499917],[-72.471493,-13.499337],[-72.467756,-13.498228],[-72.467304,-13.498149],[-72.466846,-13.49812],[-72.465698,-13.498104],[-72.465471,-13.498074],[-72.465027,-13.497962],[-72.463506,-13.497449],[-72.463308,-13.497338],[-72.463148,-13.497178],[-72.46273,-13.496641],[-72.462556,-13.496494],[-72.461994,-13.496103],[-72.461841,-13.495934],[-72.461724,-13.495741],[-72.461639,-13.495532],[-72.461442,-13.494883],[-72.461224,-13.494486],[-72.458149,-13.490259],[-72.457857,-13.48991],[-72.457697,-13.489747],[-72.457138,-13.489353],[-72.456923,-13.489277],[-72.456243,-13.489178],[-72.456033,-13.489089],[-72.455851,-13.488954],[-72.455522,-13.488638],[-72.454756,-13.487796],[-72.454273,-13.487313],[-72.454142,-13.48713],[-72.454089,-13.486911],[-72.45407,-13.486459],[-72.454022,-13.486239],[-72.453877,-13.486064],[-72.45371,-13.485911],[-72.452829,-13.485186],[-72.452105,-13.484629],[-72.447273,-13.481178],[-72.446782,-13.480702],[-72.446498,-13.480348],[-72.446001,-13.479879],[-72.445831,-13.479727],[-72.445081,-13.479205],[-72.444874,-13.479111],[-72.442091,-13.478049],[-72.441885,-13.477949],[-72.441697,-13.477821],[-72.441016,-13.477215],[-72.440722,-13.476869],[-72.440592,-13.476683],[-72.440017,-13.475704],[-72.439872,-13.475532],[-72.43899,-13.474808],[-72.43883,-13.474649],[-72.438709,-13.474457],[-72.438205,-13.473441],[-72.438121,-13.473232],[-72.438066,-13.473013],[-72.438051,-13.472788],[-72.438214,-13.470079],[-72.438207,-13.469854],[-72.438165,-13.469633],[-72.43799,-13.469217],[-72.437845,-13.469043],[-72.436581,-13.467731],[-72.436381,-13.467624],[-72.436156,-13.4676],[-72.435934,-13.467655],[-72.435064,-13.467942],[-72.434836,-13.467959],[-72.434618,-13.467892],[-72.434424,-13.467771],[-72.430327,-13.464491],[-72.430162,-13.464335],[-72.43004,-13.464145],[-72.429683,-13.463312],[-72.429524,-13.463152],[-72.429313,-13.463068],[-72.429089,-13.46309],[-72.42889,-13.4632],[-72.428781,-13.463398],[-72.428504,-13.464018],[-72.428316,-13.464138],[-72.428092,-13.464187],[-72.427863,-13.46419],[-72.427643,-13.464127],[-72.427444,-13.464014],[-72.427322,-13.463827],[-72.426827,-13.462322],[-72.42673,-13.462118],[-72.426545,-13.461992],[-72.426321,-13.461976],[-72.426112,-13.462059],[-72.425967,-13.462229],[-72.425806,-13.462887],[-72.425652,-13.463041],[-72.42543,-13.463043],[-72.425257,-13.46291],[-72.4252,-13.462693],[-72.42507,-13.461798],[-72.425021,-13.461578],[-72.424921,-13.461376],[-72.423039,-13.458269],[-72.422903,-13.458087],[-72.422715,-13.457964],[-72.422489,-13.45794],[-72.422277,-13.458019],[-72.422132,-13.45819],[-72.421139,-13.46072],[-72.42103,-13.460918],[-72.420859,-13.461065],[-72.42064,-13.461128],[-72.420415,-13.461097],[-72.420221,-13.460981],[-72.419299,-13.459685],[-72.419151,-13.459515],[-72.418947,-13.459418],[-72.418721,-13.459435],[-72.418544,-13.459568],[-72.418458,-13.459774],[-72.418465,-13.459996],[-72.419137,-13.461918],[-72.419132,-13.462142],[-72.419006,-13.462325],[-72.418804,-13.462426],[-72.418576,-13.462429],[-72.418367,-13.46234],[-72.417802,-13.461956],[-72.41766,-13.461779],[-72.417559,-13.461577],[-72.417395,-13.460687],[-72.417321,-13.460473],[-72.417194,-13.460285],[-72.41704,-13.46012],[-72.416862,-13.45998],[-72.414423,-13.458718],[-72.414201,-13.45867],[-72.413976,-13.458708],[-72.413821,-13.458868],[-72.413781,-13.459087],[-72.41388,-13.459986],[-72.413867,-13.46021],[-72.413774,-13.460414],[-72.413608,-13.460568],[-72.413398,-13.460657],[-72.41271,-13.460678],[-72.412484,-13.460654],[-72.412267,-13.460583],[-72.411654,-13.460274],[-72.411438,-13.46024],[-72.411251,-13.460366],[-72.411037,-13.460766],[-72.410912,-13.460953],[-72.410729,-13.461083],[-72.410508,-13.461112],[-72.410301,-13.461024],[-72.410166,-13.460847],[-72.409694,-13.459817],[-72.40967,-13.459594],[-72.409711,-13.459374],[-72.409808,-13.45917],[-72.409964,-13.459008],[-72.411359,-13.458222],[-72.411531,-13.458074],[-72.41167,-13.457895],[-72.411759,-13.457687],[-72.411894,-13.456794],[-72.412281,-13.455258],[-72.412297,-13.455032],[-72.412259,-13.454811],[-72.412046,-13.454166],[-72.41163,-13.452638],[-72.411618,-13.452414],[-72.411904,-13.451799],[-72.411955,-13.451579],[-72.41196,-13.451355],[-72.411936,-13.45113],[-72.411735,-13.45002],[-72.411565,-13.44988],[-72.411352,-13.449945],[-72.411241,-13.450133],[-72.411313,-13.450344],[-72.411519,-13.450749],[-72.41157,-13.450967],[-72.411541,-13.451188],[-72.411447,-13.451394],[-72.411006,-13.451913],[-72.410875,-13.452096],[-72.410831,-13.452314],[-72.411234,-13.454078],[-72.411265,-13.454301],[-72.41122,-13.45475],[-72.411132,-13.454958],[-72.41101,-13.455149],[-72.410864,-13.455323],[-72.410556,-13.455658],[-72.410381,-13.455801],[-72.410159,-13.45585],[-72.409709,-13.45576],[-72.409485,-13.455748],[-72.409271,-13.455826],[-72.409142,-13.456005],[-72.409003,-13.456434],[-72.408824,-13.456567],[-72.408397,-13.456733],[-72.408228,-13.456878],[-72.408109,-13.457311],[-72.407928,-13.457436],[-72.407711,-13.4574],[-72.40761,-13.457214],[-72.407895,-13.45636],[-72.407925,-13.455909],[-72.407962,-13.455687],[-72.408069,-13.455492],[-72.408226,-13.455329],[-72.409675,-13.454218],[-72.409817,-13.454045],[-72.409882,-13.453832],[-72.40985,-13.453611],[-72.409742,-13.453415],[-72.40955,-13.453305],[-72.409323,-13.453305],[-72.409113,-13.453386],[-72.40857,-13.453804],[-72.408352,-13.45386],[-72.408125,-13.453839],[-72.407925,-13.453734],[-72.407796,-13.45355],[-72.407752,-13.453331],[-72.407806,-13.453114],[-72.40816,-13.452532],[-72.40826,-13.452329],[-72.408287,-13.452108],[-72.408207,-13.4519],[-72.408043,-13.451746],[-72.406863,-13.451048],[-72.406685,-13.450904],[-72.406526,-13.450742],[-72.406156,-13.450171],[-72.405979,-13.450043],[-72.405762,-13.450075],[-72.40565,-13.450262],[-72.405728,-13.450465],[-72.406094,-13.450738],[-72.406436,-13.451038],[-72.406689,-13.451414],[-72.406858,-13.451833],[-72.406886,-13.452056],[-72.406828,-13.452275],[-72.406722,-13.452474],[-72.405668,-13.453956],[-72.405567,-13.454157],[-72.405509,-13.454375],[-72.405488,-13.454824],[-72.405342,-13.454989],[-72.405123,-13.455004],[-72.404962,-13.454854],[-72.404965,-13.454634],[-72.405556,-13.453667],[-72.40563,-13.453454],[-72.405648,-13.453229],[-72.405618,-13.451873],[-72.405589,-13.451649],[-72.405505,-13.451441],[-72.40536,-13.451268],[-72.404343,-13.450353],[-72.404152,-13.450228],[-72.403942,-13.450138],[-72.403719,-13.450087],[-72.402574,-13.45],[-72.402376,-13.449893],[-72.402272,-13.449698],[-72.402322,-13.449483],[-72.402478,-13.449321],[-72.403347,-13.448582],[-72.403501,-13.448416],[-72.403606,-13.448218],[-72.403657,-13.447999],[-72.403778,-13.447104],[-72.403888,-13.446907],[-72.404054,-13.446753],[-72.404639,-13.446397],[-72.404818,-13.446263],[-72.404849,-13.446047],[-72.404734,-13.445863],[-72.404515,-13.44581],[-72.404306,-13.445884],[-72.404163,-13.446058],[-72.40378,-13.446621],[-72.403606,-13.446767],[-72.403398,-13.446861],[-72.402736,-13.44704],[-72.402548,-13.447164],[-72.402448,-13.447364],[-72.402494,-13.448262],[-72.402404,-13.448467],[-72.401472,-13.449462],[-72.401405,-13.449677],[-72.40139,-13.449901],[-72.40144,-13.45012],[-72.401545,-13.450319],[-72.401696,-13.450489],[-72.402345,-13.451128],[-72.402381,-13.451338],[-72.40228,-13.451531],[-72.402072,-13.45161],[-72.401863,-13.451532],[-72.401239,-13.45087],[-72.40049,-13.450013],[-72.400394,-13.449813],[-72.40044,-13.449598],[-72.400615,-13.449458],[-72.400999,-13.449211],[-72.401154,-13.449046],[-72.401255,-13.448845],[-72.40129,-13.448623],[-72.401145,-13.447962],[-72.401122,-13.447737],[-72.401148,-13.447513],[-72.401211,-13.447295],[-72.401308,-13.447092],[-72.401448,-13.446913],[-72.401617,-13.44676],[-72.402738,-13.445972],[-72.40288,-13.445797],[-72.402969,-13.44559],[-72.403041,-13.444237],[-72.4031,-13.444018],[-72.403283,-13.443606],[-72.403421,-13.443425],[-72.404069,-13.442786],[-72.404586,-13.442338],[-72.404696,-13.442147],[-72.40463,-13.441936],[-72.404451,-13.441802],[-72.404227,-13.441822],[-72.40405,-13.441959],[-72.403304,-13.442819],[-72.402954,-13.443108],[-72.401935,-13.443627],[-72.401767,-13.443778],[-72.401658,-13.443976],[-72.401294,-13.445284],[-72.401072,-13.445926],[-72.400096,-13.447971],[-72.399922,-13.448114],[-72.399713,-13.448204],[-72.399035,-13.448317],[-72.398825,-13.448405],[-72.398648,-13.448546],[-72.398525,-13.448736],[-72.398365,-13.449393],[-72.398279,-13.449601],[-72.397622,-13.450231],[-72.397482,-13.450409],[-72.397257,-13.450803],[-72.39712,-13.450981],[-72.396899,-13.451016],[-72.396726,-13.450884],[-72.396729,-13.450666],[-72.396882,-13.450501],[-72.397929,-13.449619],[-72.398054,-13.449431],[-72.398116,-13.449215],[-72.397923,-13.448104],[-72.397966,-13.447883],[-72.398095,-13.447698],[-72.398278,-13.447565],[-72.398495,-13.4475],[-72.398723,-13.447514],[-72.399167,-13.447629],[-72.399394,-13.447619],[-72.399605,-13.447538],[-72.399779,-13.447395],[-72.39989,-13.447199],[-72.3999,-13.446976],[-72.399819,-13.446767],[-72.399664,-13.446604],[-72.39946,-13.446507],[-72.399016,-13.446394],[-72.398788,-13.446389],[-72.398564,-13.446436],[-72.398352,-13.446517],[-72.398166,-13.446649],[-72.398002,-13.446806],[-72.397543,-13.447312],[-72.397418,-13.4475],[-72.397337,-13.44771],[-72.39732,-13.447935],[-72.397357,-13.448157],[-72.397488,-13.44859],[-72.397529,-13.448812],[-72.397454,-13.449023],[-72.397303,-13.449189],[-72.397095,-13.449282],[-72.394059,-13.450319],[-72.393883,-13.450462],[-72.393768,-13.450658],[-72.393736,-13.45088],[-72.393785,-13.451099],[-72.393875,-13.451306],[-72.395036,-13.453515],[-72.395121,-13.453724],[-72.395105,-13.454398],[-72.395196,-13.454601],[-72.395501,-13.454937],[-72.395716,-13.455004],[-72.396403,-13.454975],[-72.396626,-13.455014],[-72.3968,-13.455157],[-72.396947,-13.45533],[-72.397045,-13.455534],[-72.397116,-13.455749],[-72.397149,-13.455972],[-72.39711,-13.456421],[-72.397019,-13.456864],[-72.396995,-13.457314],[-72.397195,-13.458884],[-72.397158,-13.459103],[-72.397008,-13.459266],[-72.396788,-13.459319],[-72.394493,-13.459245],[-72.394264,-13.459228],[-72.394042,-13.459182],[-72.39385,-13.459062],[-72.393699,-13.458893],[-72.393296,-13.458342],[-72.39312,-13.458201],[-72.392901,-13.458142],[-72.392679,-13.458188],[-72.392498,-13.458322],[-72.392405,-13.458525],[-72.392316,-13.458969],[-72.392182,-13.459145],[-72.391965,-13.459197],[-72.391749,-13.459135],[-72.391628,-13.458953],[-72.391621,-13.458729],[-72.391734,-13.458533],[-72.392389,-13.457607],[-72.392583,-13.457491],[-72.392807,-13.457452],[-72.393027,-13.457505],[-72.393211,-13.45764],[-72.394223,-13.45856],[-72.394425,-13.458658],[-72.39465,-13.458699],[-72.394877,-13.458676],[-72.395088,-13.45859],[-72.395272,-13.458458],[-72.395407,-13.458277],[-72.395494,-13.45807],[-72.395539,-13.457395],[-72.395492,-13.457175],[-72.395359,-13.456995],[-72.395167,-13.456874],[-72.394717,-13.456791],[-72.394504,-13.456712],[-72.394323,-13.456576],[-72.394195,-13.45639],[-72.394137,-13.456172],[-72.394063,-13.455726],[-72.394001,-13.455511],[-72.393895,-13.455311],[-72.393756,-13.455133],[-72.392968,-13.454311],[-72.392775,-13.454192],[-72.392559,-13.454115],[-72.392337,-13.454063],[-72.391203,-13.453888],[-72.390985,-13.453815],[-72.390789,-13.453699],[-72.390618,-13.453548],[-72.389622,-13.452028],[-72.389304,-13.451427],[-72.389167,-13.450997],[-72.388865,-13.448755],[-72.388798,-13.44854],[-72.388598,-13.448134],[-72.387544,-13.446653],[-72.387432,-13.446457],[-72.387347,-13.446248],[-72.38729,-13.446028],[-72.387222,-13.445354],[-72.387173,-13.445134],[-72.387051,-13.444946],[-72.38687,-13.444811],[-72.386651,-13.444752],[-72.385737,-13.44466],[-72.385512,-13.444679],[-72.385325,-13.444803],[-72.385209,-13.444996],[-72.385112,-13.445436],[-72.38504,-13.445649],[-72.38486,-13.445783],[-72.383954,-13.445928],[-72.38374,-13.44601],[-72.383561,-13.446151],[-72.383094,-13.446649],[-72.382925,-13.4468],[-72.382715,-13.446886],[-72.382048,-13.447055],[-72.381408,-13.447305],[-72.381188,-13.447368],[-72.38096,-13.447372],[-72.38074,-13.447313],[-72.380558,-13.447176],[-72.380423,-13.446995],[-72.380351,-13.446782],[-72.380281,-13.446337],[-72.380145,-13.446163],[-72.379924,-13.446125],[-72.379237,-13.446179],[-72.37764,-13.446353],[-72.375383,-13.446769],[-72.375164,-13.446834],[-72.374997,-13.446987],[-72.374758,-13.447372],[-72.374592,-13.447527],[-72.374379,-13.447565],[-72.374196,-13.447435],[-72.373392,-13.446336],[-72.373187,-13.446253],[-72.372966,-13.446303],[-72.372799,-13.446456],[-72.372555,-13.446838],[-72.372406,-13.447006],[-72.372212,-13.447124],[-72.371781,-13.447278],[-72.371573,-13.447374],[-72.371378,-13.447494],[-72.371037,-13.447794],[-72.370771,-13.448162],[-72.370658,-13.448357],[-72.370503,-13.448782],[-72.370398,-13.448984],[-72.370222,-13.449116],[-72.369996,-13.44913],[-72.369362,-13.448869],[-72.36914,-13.448821],[-72.368914,-13.448856],[-72.368043,-13.449136],[-72.36783,-13.449066],[-72.367697,-13.448885],[-72.367692,-13.448664],[-72.36796,-13.44804],[-72.368177,-13.447642],[-72.368439,-13.447271],[-72.368537,-13.447067],[-72.368607,-13.446851],[-72.36883,-13.445285],[-72.368766,-13.445068],[-72.368631,-13.444889],[-72.368439,-13.444769],[-72.367394,-13.4443],[-72.36701,-13.444054],[-72.366855,-13.44389],[-72.366457,-13.443337],[-72.366296,-13.443176],[-72.366105,-13.443052],[-72.364423,-13.442327],[-72.363985,-13.442193],[-72.36376,-13.442148],[-72.363532,-13.44213],[-72.363075,-13.442159],[-72.362171,-13.442319],[-72.361943,-13.44233],[-72.361723,-13.442268],[-72.361523,-13.442159],[-72.360751,-13.441669],[-72.36056,-13.441543],[-72.360387,-13.441395],[-72.360285,-13.441194],[-72.36025,-13.440971],[-72.3603,-13.440753],[-72.36053,-13.440114],[-72.36055,-13.43989],[-72.360501,-13.439671],[-72.360379,-13.439483],[-72.360187,-13.439368],[-72.359963,-13.439325],[-72.359738,-13.439358],[-72.348089,-13.443538],[-72.347873,-13.443613],[-72.347646,-13.443651],[-72.347189,-13.443677],[-72.346735,-13.443607],[-72.345611,-13.443378],[-72.345156,-13.443318],[-72.341942,-13.44331],[-72.34127,-13.443164],[-72.340181,-13.442809],[-72.339726,-13.442769],[-72.3395,-13.442806],[-72.339282,-13.442876],[-72.33605,-13.444048],[-72.335832,-13.444116],[-72.335376,-13.444152],[-72.334694,-13.444063],[-72.334255,-13.443933],[-72.333845,-13.443733],[-72.33287,-13.443136],[-72.332659,-13.443048],[-72.332434,-13.443004],[-72.332205,-13.443],[-72.331979,-13.443035],[-72.331764,-13.443109],[-72.331561,-13.443214],[-72.331034,-13.443648],[-72.330835,-13.443758],[-72.330623,-13.443843],[-72.330401,-13.443898],[-72.330173,-13.44392],[-72.329945,-13.443908],[-72.329721,-13.44386],[-72.32741,-13.442857],[-72.327191,-13.442794],[-72.326963,-13.442767],[-72.326734,-13.442774],[-72.326285,-13.442862],[-72.326071,-13.442943],[-72.325874,-13.443057],[-72.325694,-13.443196],[-72.325535,-13.443359],[-72.323523,-13.445827],[-72.323351,-13.445976],[-72.322959,-13.446209],[-72.322749,-13.446302],[-72.321238,-13.446839],[-72.320829,-13.447041],[-72.320645,-13.447177],[-72.320477,-13.447328],[-72.319263,-13.448974],[-72.318821,-13.449494],[-72.318463,-13.449775],[-72.317861,-13.450104],[-72.315156,-13.451347],[-72.313236,-13.452098],[-72.300362,-13.456925],[-72.292191,-13.459937],[-72.29198,-13.460024],[-72.290222,-13.461094],[-72.28942,-13.461533],[-72.287769,-13.462327],[-72.286299,-13.462966],[-72.285889,-13.463169],[-72.28571,-13.46331],[-72.285588,-13.463501],[-72.283274,-13.468674],[-72.283067,-13.469077],[-72.281898,-13.470162],[-72.279244,-13.473282],[-72.278294,-13.474264],[-72.275129,-13.47722],[-72.274614,-13.477671],[-72.273863,-13.47819],[-72.273272,-13.478537],[-72.27285,-13.478714],[-72.271557,-13.479184],[-72.252837,-13.485366],[-72.251543,-13.485832],[-72.248918,-13.486654],[-72.240438,-13.489486],[-72.238473,-13.490117],[-72.236028,-13.49074],[-72.234478,-13.491158],[-72.231661,-13.492129],[-72.228705,-13.493371],[-72.228487,-13.493443],[-72.227818,-13.493599],[-72.224406,-13.494059],[-72.223961,-13.494167],[-72.223751,-13.494257],[-72.223361,-13.494495],[-72.221725,-13.495738],[-72.221341,-13.495984],[-72.220924,-13.496171],[-72.22049,-13.496318],[-72.219603,-13.496552],[-72.219154,-13.496647],[-72.215252,-13.496658],[-72.213197,-13.496876],[-72.210694,-13.497208],[-72.202716,-13.498149],[-72.198828,-13.498488],[-72.196336,-13.498891],[-72.193852,-13.499341],[-72.19317,-13.49943],[-72.192941,-13.499422],[-72.192716,-13.499377],[-72.19208,-13.499121],[-72.191855,-13.499089],[-72.191167,-13.499063],[-72.187058,-13.49863],[-72.186147,-13.498514],[-72.1857,-13.498414],[-72.185259,-13.498287],[-72.184397,-13.497977],[-72.181,-13.496084],[-72.17763,-13.494145],[-72.172867,-13.490991],[-72.172148,-13.490428],[-72.171983,-13.490272],[-72.169732,-13.488012],[-72.168892,-13.487242],[-72.167115,-13.485475],[-72.164176,-13.482613],[-72.162959,-13.48126],[-72.161802,-13.479855],[-72.161244,-13.479137],[-72.15861,-13.476001],[-72.155871,-13.472657],[-72.155227,-13.471722],[-72.152123,-13.466701],[-72.150429,-13.463748],[-72.150296,-13.463564],[-72.149865,-13.463036],[-72.149692,-13.462887],[-72.149062,-13.462618],[-72.148836,-13.462584],[-72.148613,-13.462626],[-72.145826,-13.463678],[-72.144091,-13.464272],[-72.140655,-13.465551],[-72.140047,-13.465867],[-72.139484,-13.466255],[-72.137956,-13.467625],[-72.137633,-13.467947],[-72.131742,-13.473328],[-72.131208,-13.473756],[-72.130646,-13.474148],[-72.12868,-13.475315],[-72.127854,-13.475709],[-72.127422,-13.475862],[-72.126762,-13.476055],[-72.124082,-13.476687],[-72.123185,-13.476879],[-72.122046,-13.477011],[-72.120439,-13.47703],[-72.119981,-13.477062],[-72.119527,-13.477128],[-72.119304,-13.477181],[-72.118859,-13.477291],[-72.118424,-13.477437],[-72.117999,-13.477606],[-72.117589,-13.47781],[-72.116629,-13.478431],[-72.113657,-13.480556],[-72.11327,-13.4808],[-72.113066,-13.480902],[-72.112637,-13.48106],[-72.112188,-13.481153],[-72.109667,-13.481305],[-72.108979,-13.481308],[-72.10852,-13.481281],[-72.107161,-13.481064],[-72.105563,-13.480899],[-72.105119,-13.480786],[-72.101286,-13.479262],[-72.100638,-13.479035],[-72.099751,-13.478802],[-72.099076,-13.478664],[-72.097269,-13.478343],[-72.096358,-13.478228],[-72.0959,-13.478202],[-72.095671,-13.478215],[-72.095442,-13.478233],[-72.094762,-13.478344],[-72.091846,-13.478971],[-72.089148,-13.47952],[-72.087132,-13.479963],[-72.085596,-13.48043],[-72.081885,-13.481622],[-72.079983,-13.482416],[-72.073897,-13.485075],[-72.06239,-13.489618],[-72.061945,-13.489733],[-72.061266,-13.489843],[-72.061039,-13.48987],[-72.06035,-13.48987],[-72.059436,-13.489786],[-72.058304,-13.489598],[-72.057846,-13.489573],[-72.057617,-13.489584],[-72.057392,-13.489628],[-72.056952,-13.489756],[-72.055658,-13.490219],[-72.055434,-13.490266],[-72.055205,-13.490278],[-72.054767,-13.490148],[-72.054577,-13.490023],[-72.054039,-13.489599],[-72.053845,-13.489483],[-72.053624,-13.489423],[-72.053396,-13.489404],[-72.05317,-13.489436],[-72.052955,-13.489512],[-72.050529,-13.491587],[-72.049768,-13.492093],[-72.044527,-13.494396],[-72.043093,-13.495111],[-72.042262,-13.495496],[-72.042045,-13.495567],[-72.038896,-13.496201],[-72.038456,-13.496329],[-72.038026,-13.496487],[-72.032886,-13.499003],[-72.032691,-13.499121],[-72.032344,-13.499415],[-72.032053,-13.499764],[-72.031316,-13.50091],[-72.031109,-13.501313],[-72.030588,-13.503047],[-72.030538,-13.503268],[-72.030491,-13.503717],[-72.030388,-13.503916],[-72.0302,-13.504039],[-72.029975,-13.504063],[-72.029771,-13.503968],[-72.029505,-13.503601],[-72.028817,-13.502426],[-72.028667,-13.502257],[-72.028466,-13.502157],[-72.028238,-13.502133],[-72.028009,-13.502138],[-72.026632,-13.502196],[-72.026405,-13.502226],[-72.026188,-13.502292],[-72.026027,-13.502451],[-72.02554,-13.503218],[-72.025391,-13.503387],[-72.025172,-13.503415],[-72.024792,-13.503165],[-72.024588,-13.503069],[-72.024361,-13.503057],[-72.024143,-13.503116],[-72.02396,-13.50325],[-72.023832,-13.503436],[-72.023772,-13.503652],[-72.023662,-13.505004],[-72.023623,-13.505226],[-72.02353,-13.505432],[-72.023395,-13.505615],[-72.022898,-13.506084],[-72.022701,-13.506198],[-72.022478,-13.506246],[-72.022253,-13.506215],[-72.022049,-13.506114],[-72.019718,-13.503935],[-72.019534,-13.503802],[-72.018299,-13.5032],[-72.017854,-13.503092],[-72.017395,-13.50309],[-72.016953,-13.503209],[-72.01655,-13.503422],[-72.011645,-13.506773],[-72.011446,-13.506885],[-72.011028,-13.507071],[-72.010807,-13.507127],[-72.01035,-13.507158],[-72.009663,-13.507113],[-72.009439,-13.507142],[-72.009252,-13.507268],[-72.009151,-13.507469],[-72.00916,-13.507693],[-72.009232,-13.508139],[-72.009217,-13.508361],[-72.009043,-13.508493],[-72.008827,-13.508441],[-72.008707,-13.508252],[-72.008466,-13.507617],[-72.008338,-13.507431],[-72.008159,-13.507291],[-72.007945,-13.50722],[-72.007718,-13.507245],[-72.007496,-13.507301],[-72.005099,-13.508085],[-72.004877,-13.508135],[-72.004653,-13.5081],[-72.00361,-13.507627],[-72.003395,-13.507553],[-72.002939,-13.50754],[-72.002027,-13.507644],[-72.001568,-13.507632],[-72.00134,-13.507614],[-72.000225,-13.507349],[-71.999768,-13.5073],[-71.996562,-13.507524],[-71.996333,-13.507514],[-71.995662,-13.50737],[-71.994563,-13.507042],[-71.99434,-13.506994],[-71.994114,-13.507021],[-71.993911,-13.507123],[-71.993771,-13.507301],[-71.99368,-13.507507],[-71.992497,-13.510932],[-71.99246,-13.511154],[-71.992459,-13.511832],[-71.992435,-13.512056],[-71.992343,-13.512261],[-71.992188,-13.512424],[-71.991668,-13.512867],[-71.991526,-13.513045],[-71.991436,-13.513251],[-71.991392,-13.513472],[-71.991405,-13.513697],[-71.991555,-13.515727],[-71.991588,-13.515949],[-71.991709,-13.516139],[-71.9919,-13.516257],[-71.992127,-13.516279],[-71.993045,-13.51625],[-71.993271,-13.51629],[-71.993457,-13.516422],[-71.993609,-13.516589],[-71.993717,-13.516788],[-71.993907,-13.517439],[-71.99404,-13.51762],[-71.994249,-13.5177],[-71.994474,-13.517664],[-71.995116,-13.517421],[-71.995343,-13.517392],[-71.995497,-13.517537],[-71.995502,-13.517758],[-71.995394,-13.517956],[-71.994752,-13.518894],[-71.994399,-13.519476],[-71.993929,-13.520507],[-71.993858,-13.520721],[-71.993859,-13.520944],[-71.993963,-13.521144],[-71.994269,-13.521479],[-71.995086,-13.522272],[-71.995272,-13.522402],[-71.995483,-13.522488],[-71.996797,-13.522894],[-71.997003,-13.522992],[-71.997136,-13.52317],[-71.997111,-13.523391],[-71.996985,-13.523575],[-71.996771,-13.523648],[-71.996091,-13.52354],[-71.995862,-13.523533],[-71.995633,-13.523544],[-71.994725,-13.523667],[-71.994496,-13.523646],[-71.993831,-13.523478],[-71.993601,-13.52347],[-71.99338,-13.523527],[-71.993179,-13.523635],[-71.993017,-13.523793],[-71.991905,-13.525233],[-71.990048,-13.527533],[-71.989755,-13.527881],[-71.989569,-13.528002],[-71.989344,-13.527981],[-71.989165,-13.527846],[-71.989124,-13.527629],[-71.989617,-13.526125],[-71.989623,-13.525902],[-71.989554,-13.525693],[-71.989402,-13.525526],[-71.989196,-13.525428],[-71.988972,-13.525383],[-71.987889,-13.525753],[-71.987475,-13.525937],[-71.981832,-13.527856],[-71.981641,-13.527981],[-71.981492,-13.528149],[-71.981365,-13.528337],[-71.981183,-13.528468],[-71.979405,-13.528914],[-71.979376,-13.529089],[-71.979598,-13.530199],[-71.980059,-13.531949],[-71.980273,-13.532594],[-71.980558,-13.533211],[-71.980631,-13.533422],[-71.980669,-13.533645],[-71.980796,-13.534768],[-71.980763,-13.53499],[-71.980455,-13.535596],[-71.980295,-13.535724],[-71.979366,-13.535064],[-71.973303,-13.530596],[-71.973089,-13.530523],[-71.972415,-13.530391],[-71.972206,-13.530299],[-71.972016,-13.530172],[-71.971667,-13.52988],[-71.971537,-13.529694],[-71.971435,-13.529492],[-71.971364,-13.529278],[-71.97136,-13.529053],[-71.971441,-13.528609],[-71.971844,-13.527551],[-71.971858,-13.527327],[-71.971751,-13.527215],[-71.970893,-13.527965],[-71.970063,-13.529319],[-71.969496,-13.530302],[-71.968896,-13.531265],[-71.968801,-13.531471],[-71.968777,-13.531694],[-71.968675,-13.531892],[-71.968496,-13.532031],[-71.968112,-13.532593],[-71.968425,-13.532854],[-71.968421,-13.532979]]}}]}