{"type":"FeatureCollection","features":[{"type":"Feature","properties":{"fuente":"OpenStreetMap 2026-10-02 (recorrido.py)","pasos":[{"accion":"inicio","via":"Jirón Javier Luna Pizarro","m":1519},{"accion":"izquierda","via":"Avenida México","m":255},{"accion":"derecha","via":"Avenida Palermo","m":193},{"accion":"rotonda","salida":2,"via":"Avenida Palermo","m":263},{"accion":"sigue","via":"Avenida Palermo","m":402},{"accion":"izquierda","via":"Avenida Canadá","m":1041},{"accion":"izquierda","via":"Avenida Nicolás Arriola","m":623},{"accion":"sigue","via":"Avenida Aviación","m":686},{"accion":"izquierda","via":"Avenida del Aire","m":1728},{"accion":"sigue","via":"Avenida Circunvalación","m":1937},{"accion":"sigue","via":"Carretera Panamericana Sur","m":315},{"accion":"sigue","via":"Avenida Panamericana Sur","m":82},{"accion":"sigue","via":"Carretera Panamericana Sur","m":3527},{"accion":"sigue","via":"Túnel Benavides","m":822},{"accion":"sigue","via":"","m":176},{"accion":"sigue","via":"Avenida Defensores de Lima","m":1904},{"accion":"derecha","via":"Avenida San Juan","m":706},{"accion":"izquierda","via":"Avenida Los Héroes","m":4341},{"accion":"sigue","via":"Avenida Santiago de Surco","m":128},{"accion":"sigue","via":"","m":455},{"accion":"sigue","via":"Avenida Panamericana Sur","m":4280},{"accion":"sigue","via":"Carretera Panamericana Sur","m":42181}],"sin_calle":0,"fuera":[0,1041084]},"geometry":{"type":"LineString","coordinates":[[-77.027966,-12.062116],[-77.026417,-12.073486],[-77.026006,-12.074543],[-77.025583,-12.075719],[-77.023394,-12.074905],[-77.022751,-12.076534],[-77.022962,-12.076669],[-77.023133,-12.076851],[-77.023253,-12.077068],[-77.023312,-12.077286],[-77.023314,-12.077561],[-77.023286,-12.077696],[-77.023202,-12.077902],[-77.023118,-12.07803],[-77.022976,-12.078181],[-77.022783,-12.078312],[-77.022615,-12.078387],[-77.02331,-12.081563],[-77.023322,-12.081658],[-77.023303,-12.081686],[-77.023064,-12.08179],[-77.020916,-12.081371],[-77.020522,-12.081314],[-77.019665,-12.081304],[-77.019121,-12.081369],[-77.018423,-12.081544],[-77.017265,-12.08201],[-77.013994,-12.083481],[-77.012683,-12.080689],[-77.012344,-12.080039],[-77.011988,-12.079423],[-77.011745,-12.079158],[-77.01156,-12.079029],[-77.01124,-12.078882],[-77.011052,-12.078876],[-77.010658,-12.078921],[-77.010422,-12.079024],[-77.009912,-12.079429],[-77.009728,-12.079475],[-77.009443,-12.079707],[-77.009019,-12.079949],[-77.008592,-12.080122],[-77.006856,-12.080637],[-77.006248,-12.080859],[-77.005952,-12.081012],[-77.005616,-12.081254],[-77.005419,-12.081432],[-77.003722,-12.080765],[-77.000973,-12.079643],[-77.000584,-12.079405],[-77.000006,-12.078987],[-76.999018,-12.078391],[-76.997378,-12.077483],[-76.995494,-12.076404],[-76.992461,-12.074892],[-76.991883,-12.074728],[-76.991799,-12.074712],[-76.991627,-12.074725],[-76.991475,-12.074794],[-76.991287,-12.074947],[-76.989264,-12.077528],[-76.988444,-12.078527],[-76.987522,-12.079748],[-76.984405,-12.083716],[-76.984323,-12.083861],[-76.984227,-12.084131],[-76.983859,-12.086151],[-76.983763,-12.086399],[-76.983538,-12.086665],[-76.982339,-12.087568],[-76.982135,-12.087756],[-76.981833,-12.088117],[-76.981605,-12.08845],[-76.981473,-12.088693],[-76.981327,-12.08907],[-76.980786,-12.092621],[-76.980543,-12.094544],[-76.980283,-12.096258],[-76.979059,-12.105066],[-76.97843,-12.109425],[-76.977381,-12.117227],[-76.977316,-12.118011],[-76.977114,-12.124282],[-76.977181,-12.124447],[-76.977253,-12.124876],[-76.977232,-12.126041],[-76.977197,-12.126427],[-76.977122,-12.126777],[-76.976749,-12.127556],[-76.976723,-12.127652],[-76.976716,-12.128515],[-76.976666,-12.129608],[-76.976717,-12.130026],[-76.976654,-12.132847],[-76.976674,-12.133185],[-76.976636,-12.134181],[-76.976589,-12.134471],[-76.976174,-12.135673],[-76.975635,-12.13705],[-76.975174,-12.138052],[-76.975035,-12.138477],[-76.974948,-12.138941],[-76.974916,-12.139328],[-76.974916,-12.139692],[-76.975024,-12.1406],[-76.975033,-12.140762],[-76.975006,-12.14091],[-76.974166,-12.143123],[-76.973833,-12.143662],[-76.97106,-12.146701],[-76.96965,-12.148286],[-76.970254,-12.148924],[-76.970427,-12.149181],[-76.970491,-12.149337],[-76.971514,-12.152884],[-76.971926,-12.154169],[-76.970157,-12.154875],[-76.970089,-12.154868],[-76.966962,-12.156146],[-76.96165,-12.158262],[-76.960519,-12.158724],[-76.960367,-12.158822],[-76.958986,-12.159381],[-76.958893,-12.159241],[-76.958923,-12.15918],[-76.959178,-12.159078],[-76.959247,-12.159001],[-76.964471,-12.156859],[-76.964432,-12.156762],[-76.967141,-12.155655],[-76.968239,-12.15518],[-76.971793,-12.153785],[-76.971816,-12.153861],[-76.973235,-12.15329],[-76.973337,-12.153284],[-76.978193,-12.151304],[-76.979936,-12.150526],[-76.980446,-12.150495],[-76.980688,-12.150441],[-76.981881,-12.150112],[-76.982111,-12.150021],[-76.982853,-12.149699],[-76.983512,-12.149351],[-76.983877,-12.148995],[-76.983929,-12.14889],[-76.983924,-12.148767],[-76.983861,-12.148668],[-76.983754,-12.148613],[-76.983601,-12.148606],[-76.983426,-12.148635],[-76.983351,-12.148666],[-76.983224,-12.14877],[-76.983166,-12.148893],[-76.983152,-12.149008],[-76.983529,-12.15012],[-76.98357,-12.150313],[-76.983832,-12.152146],[-76.983918,-12.153061],[-76.983916,-12.153954],[-76.98385,-12.154813],[-76.983781,-12.155306],[-76.98354,-12.156288],[-76.982349,-12.160402],[-76.979801,-12.168993],[-76.979216,-12.171063],[-76.978414,-12.173531],[-76.977107,-12.1777],[-76.975232,-12.183497],[-76.974162,-12.186896],[-76.973691,-12.18847],[-76.973085,-12.190286],[-76.972878,-12.191093],[-76.972926,-12.19127],[-76.972865,-12.191617],[-76.972753,-12.191781],[-76.972721,-12.192056],[-76.972674,-12.193088],[-76.972697,-12.193623],[-76.972765,-12.19427],[-76.977084,-12.21777],[-76.977101,-12.218161],[-76.977074,-12.218673],[-76.976992,-12.219189],[-76.976868,-12.219619],[-76.976687,-12.220073],[-76.976492,-12.220453],[-76.976309,-12.220741],[-76.97597,-12.221192],[-76.974945,-12.222271],[-76.971728,-12.225569],[-76.969105,-12.22808],[-76.968565,-12.228748],[-76.967602,-12.229763],[-76.966929,-12.230366],[-76.966374,-12.230803],[-76.965993,-12.231058],[-76.965136,-12.231557],[-76.960833,-12.233764],[-76.94618,-12.241367],[-76.939631,-12.244789],[-76.935771,-12.246766],[-76.934993,-12.247203],[-76.934469,-12.24753],[-76.933916,-12.247919],[-76.927934,-12.252488],[-76.926877,-12.253195],[-76.921524,-12.25625],[-76.915658,-12.259949],[-76.912447,-12.262002],[-76.911632,-12.262484],[-76.905096,-12.266602],[-76.900043,-12.269746],[-76.894338,-12.273369],[-76.881535,-12.281361],[-76.861751,-12.293788],[-76.859696,-12.295103],[-76.858216,-12.295956],[-76.856967,-12.29657],[-76.8466,-12.301169],[-76.843482,-12.302579],[-76.842946,-12.302856],[-76.84187,-12.303494],[-76.840727,-12.304254],[-76.840299,-12.3046],[-76.839284,-12.305471],[-76.838799,-12.305946],[-76.838005,-12.306777],[-76.837094,-12.3079],[-76.836389,-12.308874],[-76.813266,-12.343539],[-76.812596,-12.344428],[-76.81215,-12.344897],[-76.793414,-12.362912],[-76.792555,-12.363712],[-76.789513,-12.366632],[-76.788346,-12.367795],[-76.784678,-12.37136],[-76.771046,-12.384553],[-76.763507,-12.391764],[-76.758079,-12.397024],[-76.757708,-12.39743],[-76.757364,-12.397899],[-76.757115,-12.398386],[-76.756896,-12.399008],[-76.756789,-12.399492],[-76.756746,-12.399831],[-76.756686,-12.408235],[-76.756626,-12.409459],[-76.756532,-12.410079],[-76.754901,-12.417171],[-76.75436,-12.419585],[-76.754249,-12.42018],[-76.754163,-12.420817],[-76.753517,-12.428315],[-76.753482,-12.429301],[-76.753517,-12.429923],[-76.753618,-12.430693],[-76.75373,-12.431216],[-76.754818,-12.434859],[-76.75684,-12.441843],[-76.756962,-12.442383],[-76.75703,-12.442864],[-76.75707,-12.443625],[-76.757063,-12.443999],[-76.756959,-12.444841],[-76.756832,-12.445426],[-76.756058,-12.44828],[-76.753246,-12.458501],[-76.752203,-12.462621],[-76.751992,-12.462564],[-76.751722,-12.463538],[-76.751398,-12.464797],[-76.751486,-12.465241],[-76.742112,-12.499516],[-76.741842,-12.500381],[-76.741533,-12.501232],[-76.740998,-12.502482],[-76.740249,-12.503882],[-76.739644,-12.504843],[-76.73174,-12.515953],[-76.731044,-12.516852],[-76.727329,-12.52116],[-76.726371,-12.522431],[-76.725995,-12.522999],[-76.725529,-12.523778],[-76.725212,-12.52438],[-76.722905,-12.529308],[-76.722256,-12.530756],[-76.721402,-12.532855],[-76.719273,-12.537365],[-76.710397,-12.556985],[-76.709626,-12.558627],[-76.709404,-12.559022],[-76.709034,-12.559594],[-76.708618,-12.560134],[-76.708317,-12.560476],[-76.707316,-12.561407],[-76.705202,-12.563146],[-76.694154,-12.571986],[-76.693247,-12.572679],[-76.692867,-12.572932],[-76.691893,-12.57353],[-76.691092,-12.573973],[-76.667558,-12.585761],[-76.666956,-12.58609],[-76.666185,-12.58658],[-76.665649,-12.587007],[-76.665475,-12.587154],[-76.664664,-12.587953],[-76.664211,-12.588464],[-76.664075,-12.588647],[-76.663588,-12.589413],[-76.663269,-12.590014],[-76.662796,-12.591288],[-76.662583,-12.592167],[-76.662477,-12.592837],[-76.662434,-12.593287],[-76.66242,-12.596],[-76.662449,-12.598035],[-76.662526,-12.598936],[-76.662643,-12.599833],[-76.662827,-12.600719],[-76.663101,-12.601816],[-76.663374,-12.60268],[-76.664166,-12.604802],[-76.670334,-12.620634],[-76.670619,-12.621728],[-76.670697,-12.622174],[-76.67076,-12.622849],[-76.670777,-12.623527],[-76.670683,-12.624653],[-76.670573,-12.625322],[-76.66996,-12.627501],[-76.669757,-12.628149],[-76.669574,-12.629035],[-76.66951,-12.629483],[-76.669478,-12.629934],[-76.669462,-12.630612],[-76.669495,-12.631289],[-76.669627,-12.632184],[-76.669965,-12.633731],[-76.670057,-12.63463],[-76.670066,-12.635308],[-76.670049,-12.63576],[-76.669932,-12.636657],[-76.669794,-12.637321],[-76.669729,-12.637538],[-76.663332,-12.656172],[-76.662876,-12.657452],[-76.662315,-12.65869],[-76.661999,-12.659293],[-76.661424,-12.660272],[-76.660259,-12.661952],[-76.653572,-12.670861],[-76.652086,-12.672872],[-76.651729,-12.673452],[-76.651321,-12.674262],[-76.650925,-12.675322],[-76.650806,-12.675759],[-76.648814,-12.685511],[-76.648602,-12.686391],[-76.648104,-12.687896],[-76.647759,-12.688734],[-76.647172,-12.689961],[-76.646733,-12.690755],[-76.646015,-12.691913],[-76.641673,-12.698572],[-76.640911,-12.699702],[-76.637079,-12.705608],[-76.636561,-12.706355],[-76.636151,-12.706899],[-76.635267,-12.70794],[-76.634312,-12.708917],[-76.633108,-12.709965],[-76.621769,-12.719169],[-76.621433,-12.719477],[-76.620327,-12.720624],[-76.619315,-12.721854],[-76.618664,-12.722785],[-76.618179,-12.723552],[-76.617755,-12.724355],[-76.617176,-12.725586],[-76.616695,-12.726856],[-76.61637,-12.72794],[-76.614269,-12.736512],[-76.612762,-12.742433],[-76.612208,-12.744157],[-76.611765,-12.7452],[-76.611161,-12.746419],[-76.610206,-12.747963],[-76.60556,-12.75442],[-76.603876,-12.756846],[-76.602791,-12.758306],[-76.593567,-12.769277],[-76.587397,-12.776576],[-76.586332,-12.77776],[-76.585691,-12.778407],[-76.58518,-12.778863],[-76.584294,-12.779582],[-76.583747,-12.779994],[-76.582601,-12.780745],[-76.582011,-12.781096],[-76.571381,-12.786928],[-76.564946,-12.790418],[-76.560711,-12.792689],[-76.559736,-12.793285],[-76.558437,-12.794216],[-76.557735,-12.794799],[-76.554838,-12.797375],[-76.550499,-12.801075],[-76.543432,-12.807198],[-76.542778,-12.807832],[-76.54236,-12.80837],[-76.542125,-12.808759],[-76.541863,-12.809384],[-76.541694,-12.810041],[-76.541349,-12.812505],[-76.541238,-12.813174],[-76.541139,-12.813616],[-76.540865,-12.814479],[-76.540614,-12.81511],[-76.540082,-12.816112],[-76.539706,-12.81668],[-76.539298,-12.817226],[-76.537517,-12.819296],[-76.534808,-12.822369],[-76.527034,-12.831292],[-76.525566,-12.83303],[-76.524895,-12.833947],[-76.524285,-12.834905],[-76.523732,-12.835896],[-76.523078,-12.837341],[-76.522575,-12.838603],[-76.522199,-12.839429],[-76.521784,-12.840235],[-76.521338,-12.841026],[-76.520742,-12.841992],[-76.520101,-12.84293],[-76.519395,-12.843821],[-76.518808,-12.844516],[-76.51635,-12.847204],[-76.515631,-12.848086],[-76.514837,-12.849194],[-76.514252,-12.850166],[-76.513824,-12.850966],[-76.51326,-12.852203],[-76.512792,-12.853479],[-76.511556,-12.858068],[-76.511231,-12.859386],[-76.511041,-12.860501],[-76.510964,-12.861175],[-76.510892,-12.862756],[-76.5109,-12.863434],[-76.511245,-12.869303],[-76.511288,-12.870885],[-76.510912,-12.882862],[-76.510798,-12.883987],[-76.510671,-12.884882],[-76.510535,-12.885547],[-76.510206,-12.886865],[-76.509839,-12.887935],[-76.502192,-12.905862],[-76.501855,-12.906703],[-76.50164,-12.907347],[-76.501448,-12.908231],[-76.501329,-12.909355],[-76.501321,-12.909807],[-76.501338,-12.910259],[-76.501489,-12.911608],[-76.501871,-12.914523],[-76.501996,-12.915646],[-76.50202,-12.916324],[-76.501994,-12.917002],[-76.501949,-12.917451],[-76.501793,-12.918342],[-76.501556,-12.919216],[-76.499795,-12.924833],[-76.499585,-12.925713],[-76.499449,-12.926607],[-76.49938,-12.927736],[-76.499368,-12.929092],[-76.499195,-12.930893],[-76.499015,-12.932009],[-76.49876,-12.933111],[-76.498216,-12.934838],[-76.497791,-12.935888],[-76.496817,-12.937935],[-76.496562,-12.938565],[-76.496361,-12.939213],[-76.496291,-12.939659],[-76.49626,-12.94011],[-76.496269,-12.940562],[-76.496283,-12.940788],[-76.496364,-12.941233],[-76.496489,-12.941667],[-76.496659,-12.942087],[-76.496992,-12.942681],[-76.497249,-12.943055],[-76.497551,-12.943396],[-76.497879,-12.943712],[-76.49843,-12.944118],[-76.499768,-12.944994],[-76.500301,-12.945423],[-76.500774,-12.945915],[-76.501016,-12.946299],[-76.501324,-12.946904],[-76.501485,-12.947328],[-76.501612,-12.947763],[-76.501668,-12.947982],[-76.501735,-12.948429],[-76.501749,-12.949107],[-76.501634,-12.950004],[-76.498713,-12.967402],[-76.498446,-12.968502],[-76.498145,-12.969356],[-76.494742,-12.977512],[-76.490148,-12.988364],[-76.486992,-12.995886],[-76.485655,-12.999012],[-76.481986,-13.007794],[-76.479408,-13.013839],[-76.476871,-13.019901],[-76.475761,-13.022384],[-76.473752,-13.027193],[-76.473229,-13.028689],[-76.473037,-13.029341],[-76.472833,-13.030222],[-76.472611,-13.031561],[-76.472515,-13.03246],[-76.472449,-13.033815],[-76.47239,-13.037884],[-76.472305,-13.039238],[-76.472147,-13.040129],[-76.47183,-13.041448],[-76.471282,-13.042936],[-76.470898,-13.043758],[-76.470453,-13.044548],[-76.469957,-13.045309],[-76.468897,-13.046786],[-76.464317,-13.05273],[-76.463142,-13.05412],[-76.462361,-13.054948],[-76.461033,-13.056198],[-76.457004,-13.05956],[-76.452079,-13.063629],[-76.451245,-13.064406],[-76.450322,-13.065412],[-76.449758,-13.066125],[-76.44922,-13.066858],[-76.448718,-13.067615],[-76.444062,-13.075411],[-76.4433,-13.07654],[-76.442873,-13.077072],[-76.442341,-13.077809],[-76.441754,-13.078504],[-76.439334,-13.081226],[-76.433998,-13.087442],[-76.427404,-13.094978],[-76.425778,-13.096882],[-76.422171,-13.100983],[-76.416187,-13.107843],[-76.414811,-13.109362],[-76.413863,-13.110346],[-76.412867,-13.111284],[-76.411788,-13.112126],[-76.41084,-13.112764],[-76.410054,-13.11323],[-76.408837,-13.113866],[-76.399702,-13.118114],[-76.399102,-13.118446],[-76.398907,-13.118566],[-76.397989,-13.119244],[-76.39732,-13.119862],[-76.396715,-13.120542],[-76.39619,-13.121284],[-76.39584,-13.121868],[-76.389826,-13.133568],[-76.388026,-13.136978],[-76.386695,-13.139609],[-76.384704,-13.143431],[-76.384442,-13.144058],[-76.384163,-13.14492],[-76.38368,-13.146898],[-76.383449,-13.147537],[-76.383089,-13.148369],[-76.382759,-13.148964],[-76.381977,-13.150081],[-76.38103,-13.151359],[-76.38051,-13.152105],[-76.38009,-13.152642],[-76.379574,-13.15339],[-76.379025,-13.154115],[-76.378713,-13.154446],[-76.378366,-13.154743],[-76.377629,-13.155281],[-76.377315,-13.155607],[-76.37523,-13.157009],[-76.374166,-13.15787],[-76.373591,-13.158243],[-76.373388,-13.158348],[-76.372963,-13.158518],[-76.372415,-13.158927],[-76.371663,-13.159445],[-76.370894,-13.159937],[-76.370359,-13.160365],[-76.369195,-13.161089],[-76.368266,-13.161754],[-76.36611,-13.163443],[-76.360604,-13.167884],[-76.359525,-13.168728],[-76.359182,-13.169028],[-76.358418,-13.169872],[-76.358016,-13.170422],[-76.357773,-13.170806],[-76.356876,-13.172638],[-76.356603,-13.173501],[-76.356554,-13.173722],[-76.356419,-13.175071],[-76.356413,-13.175975],[-76.356451,-13.176653],[-76.356564,-13.17755],[-76.356647,-13.178677],[-76.356553,-13.180256],[-76.35646,-13.180928],[-76.356239,-13.182037],[-76.35599,-13.183141],[-76.355361,-13.185079],[-76.355088,-13.1857],[-76.354574,-13.186711],[-76.354235,-13.187301],[-76.353431,-13.188402],[-76.35307,-13.18898],[-76.352453,-13.189649],[-76.351877,-13.190353],[-76.350418,-13.191793],[-76.348874,-13.193467],[-76.348073,-13.194276],[-76.347562,-13.194729],[-76.347088,-13.195221],[-76.346751,-13.195529],[-76.346173,-13.196231],[-76.344576,-13.197854],[-76.343918,-13.198485],[-76.343126,-13.199303],[-76.342513,-13.199976],[-76.341059,-13.201422],[-76.340287,-13.202259],[-76.339774,-13.20271],[-76.338817,-13.203683],[-76.338557,-13.204055],[-76.337632,-13.205058],[-76.33719,-13.205578],[-76.336934,-13.205953],[-76.336032,-13.206978],[-76.335457,-13.207683],[-76.334985,-13.208175],[-76.333494,-13.209895],[-76.332964,-13.210634],[-76.332245,-13.211514],[-76.331186,-13.212705],[-76.330869,-13.213032],[-76.330605,-13.213402],[-76.32985,-13.214253],[-76.329441,-13.214798],[-76.328108,-13.216353],[-76.32784,-13.21672],[-76.32726,-13.217421],[-76.326495,-13.218264],[-76.325945,-13.218988],[-76.325793,-13.219157],[-76.325625,-13.21931],[-76.325436,-13.219439],[-76.325273,-13.219597],[-76.324956,-13.219924],[-76.324513,-13.220443],[-76.324,-13.220896],[-76.32218,-13.222273],[-76.321222,-13.222897],[-76.320634,-13.223249],[-76.319622,-13.223784],[-76.319,-13.224074],[-76.318154,-13.224426],[-76.316851,-13.224866],[-76.316193,-13.225067],[-76.315303,-13.225288],[-76.313953,-13.225556],[-76.31327,-13.225646],[-76.311438,-13.22578],[-76.308454,-13.225776],[-76.305474,-13.225619],[-76.303178,-13.22561],[-76.30249,-13.225653],[-76.301808,-13.225738],[-76.300473,-13.226075],[-76.300036,-13.226211],[-76.299189,-13.226561],[-76.298577,-13.226872],[-76.297444,-13.227642],[-76.296499,-13.228627],[-76.296355,-13.228803],[-76.295807,-13.229529],[-76.294396,-13.231591],[-76.29217,-13.234749],[-76.291627,-13.235478],[-76.291116,-13.236229],[-76.290443,-13.237146],[-76.289839,-13.238106],[-76.28956,-13.238465],[-76.286729,-13.242584],[-76.286494,-13.242972],[-76.28619,-13.243581],[-76.285703,-13.244849],[-76.278889,-13.26644],[-76.278415,-13.267713],[-76.277501,-13.270031],[-76.276655,-13.271888],[-76.27584,-13.273509],[-76.274858,-13.275299],[-76.273605,-13.277458],[-76.272942,-13.278647],[-76.272691,-13.279026],[-76.272257,-13.279823],[-76.270677,-13.282579],[-76.270314,-13.283156],[-76.269917,-13.28371],[-76.269474,-13.284228],[-76.269143,-13.284541],[-76.268368,-13.285374],[-76.26122,-13.292721],[-76.260299,-13.29373],[-76.259877,-13.294265],[-76.259375,-13.295022],[-76.258738,-13.296225],[-76.258087,-13.297672],[-76.257765,-13.298518],[-76.257331,-13.299565],[-76.25647,-13.301162],[-76.256281,-13.301574],[-76.256059,-13.30197],[-76.255816,-13.302354],[-76.25515,-13.303274],[-76.254546,-13.303955],[-76.254022,-13.304696],[-76.252162,-13.306995],[-76.250935,-13.308632],[-76.250307,-13.309579],[-76.249311,-13.311362],[-76.248588,-13.312775],[-76.247933,-13.31422],[-76.247506,-13.31502],[-76.24495,-13.320081],[-76.242998,-13.324173],[-76.242275,-13.325327],[-76.227341,-13.345102],[-76.226427,-13.346404],[-76.217114,-13.360397],[-76.211211,-13.370093],[-76.210765,-13.370883],[-76.197155,-13.396532],[-76.194503,-13.40205],[-76.194084,-13.402855],[-76.193065,-13.405131],[-76.192907,-13.405555],[-76.192674,-13.406429],[-76.191785,-13.410866],[-76.191074,-13.414184],[-76.190707,-13.415491],[-76.190533,-13.415909],[-76.190241,-13.416524],[-76.190127,-13.416719],[-76.189019,-13.418437],[-76.186469,-13.422197],[-76.185747,-13.423353],[-76.185328,-13.424157],[-76.184993,-13.424998],[-76.184724,-13.425863],[-76.183855,-13.428438],[-76.183586,-13.429302],[-76.183277,-13.430154],[-76.18229,-13.433166],[-76.182041,-13.433798],[-76.181789,-13.434668],[-76.181498,-13.435525],[-76.180983,-13.437494],[-76.180783,-13.438837],[-76.180457,-13.442213],[-76.180412,-13.442889],[-76.180119,-13.445814],[-76.180057,-13.446717],[-76.179435,-13.453472],[-76.179325,-13.454369],[-76.179016,-13.457747],[-76.178931,-13.459327],[-76.178953,-13.460005],[-76.179093,-13.461355],[-76.179248,-13.462246],[-76.17962,-13.463552],[-76.180404,-13.465676],[-76.181859,-13.469486],[-76.182394,-13.470978],[-76.183664,-13.474372],[-76.183977,-13.47546],[-76.184083,-13.4759],[-76.18431,-13.477237],[-76.184396,-13.478137],[-76.184964,-13.492823],[-76.185081,-13.495307],[-76.185385,-13.503215],[-76.185418,-13.504571],[-76.185371,-13.5057],[-76.185236,-13.50705],[-76.18343,-13.519586],[-76.183188,-13.521379],[-76.183128,-13.522054],[-76.1831,-13.522958],[-76.18307,-13.540141],[-76.182977,-13.541495],[-76.182894,-13.542168],[-76.180932,-13.552617],[-76.180831,-13.553969],[-76.180505,-13.56097],[-76.180361,-13.562319],[-76.180156,-13.563431],[-76.179862,-13.564524],[-76.179656,-13.565171],[-76.179342,-13.566021],[-76.178565,-13.56766],[-76.176298,-13.572105],[-76.175726,-13.573084],[-76.174114,-13.575558],[-76.168328,-13.584258],[-76.16789,-13.585053],[-76.167393,-13.586072],[-76.166808,-13.587546],[-76.166669,-13.587977],[-76.166317,-13.589288],[-76.166063,-13.590851],[-76.16595,-13.591976],[-76.16594,-13.59288],[-76.166524,-13.602132],[-76.166563,-13.603036],[-76.166629,-13.603711],[-76.166698,-13.604839],[-76.166791,-13.605739],[-76.166928,-13.606633],[-76.16713,-13.607746],[-76.167472,-13.609059],[-76.167951,-13.61057],[-76.170981,-13.619585],[-76.172021,-13.622818],[-76.17243,-13.624582],[-76.172665,-13.626147],[-76.172778,-13.627499],[-76.172841,-13.629306],[-76.173002,-13.632241],[-76.173075,-13.634501],[-76.17329,-13.638791],[-76.173581,-13.646473],[-76.173589,-13.647151],[-76.173877,-13.653475],[-76.173913,-13.655057],[-76.174037,-13.65822],[-76.173978,-13.659575],[-76.173712,-13.661135],[-76.173526,-13.661788],[-76.173245,-13.662649],[-76.172908,-13.66349],[-76.172309,-13.664712],[-76.171558,-13.665848],[-76.170613,-13.667128],[-76.170113,-13.667887],[-76.169155,-13.669157],[-76.167577,-13.671381],[-76.1672,-13.671948],[-76.165851,-13.673778],[-76.165483,-13.674351],[-76.164927,-13.67534],[-76.164347,-13.676815],[-76.163963,-13.678118],[-76.163771,-13.679002],[-76.16374,-13.679226],[-76.163646,-13.680125],[-76.163603,-13.681255],[-76.163612,-13.682837],[-76.16365,-13.683967],[-76.163739,-13.692784],[-76.163778,-13.693461],[-76.164089,-13.695243],[-76.164958,-13.698055],[-76.165187,-13.69893],[-76.165446,-13.700492],[-76.165519,-13.701394],[-76.165529,-13.702298],[-76.165392,-13.707722],[-76.165388,-13.708853],[-76.165339,-13.710208],[-76.165317,-13.712469],[-76.165268,-13.713372],[-76.165244,-13.714502],[-76.165121,-13.717665],[-76.165149,-13.719474],[-76.165223,-13.720148],[-76.165339,-13.720816],[-76.165785,-13.722571],[-76.166204,-13.724099],[-76.16642,-13.724978],[-76.166633,-13.726088],[-76.166846,-13.727429],[-76.166981,-13.728551],[-76.167088,-13.73013],[-76.167037,-13.73239],[-76.166942,-13.733517],[-76.166671,-13.735306],[-76.165938,-13.738851],[-76.165715,-13.740189],[-76.165663,-13.741318],[-76.165689,-13.742448],[-76.165849,-13.744023],[-76.165966,-13.744691],[-76.166215,-13.745562],[-76.166902,-13.747719],[-76.167179,-13.748816],[-76.167407,-13.750382],[-76.167449,-13.750832],[-76.16745,-13.752187],[-76.167375,-13.753088],[-76.167225,-13.754209],[-76.166989,-13.755315],[-76.166671,-13.756635],[-76.166412,-13.757967],[-76.166309,-13.759093],[-76.166272,-13.760449],[-76.166378,-13.761574],[-76.166478,-13.762245],[-76.166707,-13.763353],[-76.169153,-13.772538],[-76.169545,-13.774073],[-76.169739,-13.774957],[-76.169834,-13.775627],[-76.169869,-13.776757],[-76.169839,-13.777207],[-76.169759,-13.777653],[-76.169647,-13.778091],[-76.169363,-13.778951],[-76.169281,-13.779162],[-76.168884,-13.779977],[-76.165657,-13.785452],[-76.163562,-13.78896],[-76.162722,-13.790309],[-76.159727,-13.795395],[-76.149022,-13.813326],[-76.145431,-13.819377],[-76.144484,-13.820927],[-76.144041,-13.821719],[-76.143763,-13.822339],[-76.143514,-13.822972],[-76.141882,-13.827679],[-76.141547,-13.828521],[-76.141089,-13.829801],[-76.140532,-13.831524],[-76.139978,-13.83301],[-76.138805,-13.836438],[-76.138561,-13.837071],[-76.13821,-13.838148],[-76.137889,-13.838995],[-76.136805,-13.842214],[-76.133319,-13.852031],[-76.132008,-13.855651],[-76.12726,-13.869345],[-76.126336,-13.871901],[-76.125286,-13.874893],[-76.124936,-13.875728],[-76.124394,-13.876724],[-76.124014,-13.87729],[-76.12345,-13.878004],[-76.12299,-13.878508],[-76.122478,-13.878962],[-76.121572,-13.879655],[-76.120988,-13.880015],[-76.119112,-13.880868],[-76.114883,-13.88263],[-76.106061,-13.886465],[-76.10247,-13.887969],[-76.098483,-13.889714],[-76.094043,-13.891563],[-76.086477,-13.894839],[-76.076769,-13.898936],[-76.073408,-13.900396],[-76.072162,-13.900974],[-76.067941,-13.902755],[-76.063915,-13.904408],[-76.063485,-13.904568],[-76.063268,-13.90464],[-76.062377,-13.90486],[-76.06147,-13.905001],[-76.060554,-13.905055],[-76.0578,-13.905131],[-76.050913,-13.90526],[-76.048617,-13.905281],[-76.038288,-13.905522],[-76.036682,-13.905578],[-76.036224,-13.905612],[-76.035092,-13.905796],[-76.033522,-13.906136],[-76.024354,-13.908236],[-76.020315,-13.9091],[-76.017634,-13.909722],[-76.01653,-13.910034],[-76.0159,-13.910307],[-76.015293,-13.910626],[-76.014719,-13.911001],[-76.014354,-13.911275],[-76.013837,-13.911724],[-76.00704,-13.918459],[-76.006193,-13.919223],[-76.005643,-13.91963],[-76.005064,-13.919997],[-76.004251,-13.920418],[-76.00383,-13.920597],[-76.003616,-13.92068],[-76.002519,-13.921011],[-75.986085,-13.925256],[-75.981191,-13.926488],[-75.978976,-13.927084],[-75.969863,-13.929406],[-75.968741,-13.92964],[-75.967827,-13.929724],[-75.953368,-13.930132],[-75.92904,-13.93077],[-75.928123,-13.930818],[-75.924459,-13.931087],[-75.922167,-13.931208],[-75.918045,-13.931506],[-75.915757,-13.931694],[-75.910489,-13.932051],[-75.908425,-13.93215],[-75.906589,-13.932203],[-75.902013,-13.932581],[-75.899732,-13.932835],[-75.887135,-13.933697],[-75.883926,-13.93388],[-75.874535,-13.934522],[-75.857123,-13.935651],[-75.854147,-13.935865],[-75.844981,-13.936437],[-75.830094,-13.937466],[-75.820012,-13.93809],[-75.8191,-13.938192],[-75.818209,-13.93841],[-75.817556,-13.938625],[-75.816717,-13.938991],[-75.816114,-13.939319],[-75.814575,-13.940307],[-75.809518,-13.94343],[-75.808369,-13.944177],[-75.800002,-13.949339],[-75.79264,-13.953949],[-75.789322,-13.955974],[-75.788557,-13.956473],[-75.787441,-13.957269],[-75.786585,-13.958021],[-75.786094,-13.958497],[-75.785626,-13.958994],[-75.785181,-13.959512],[-75.784246,-13.960798],[-75.783789,-13.961583],[-75.782747,-13.963597],[-75.780554,-13.968078],[-75.778164,-13.972715],[-75.77794,-13.97311],[-75.7759,-13.977161],[-75.775416,-13.978186],[-75.774894,-13.979193],[-75.77447,-13.980243],[-75.774246,-13.980884],[-75.773952,-13.981977],[-75.772628,-13.986307],[-75.772186,-13.987828],[-75.771809,-13.988896],[-75.766058,-14.007733],[-75.764704,-14.012054],[-75.762522,-14.019199],[-75.762305,-14.019842],[-75.76058,-14.02547],[-75.760146,-14.026517],[-75.749371,-14.046736],[-75.748966,-14.047548],[-75.748506,-14.04833],[-75.747427,-14.050326],[-75.747077,-14.051162],[-75.746877,-14.051566],[-75.746729,-14.051739],[-75.746603,-14.051927],[-75.744976,-14.054391],[-75.74412,-14.055731],[-75.742603,-14.058521],[-75.742409,-14.058931],[-75.7421,-14.059783],[-75.740649,-14.064782],[-75.74032,-14.066099],[-75.740478,-14.06616],[-75.740303,-14.066195],[-75.740304,-14.066418],[-75.740256,-14.066638],[-75.740016,-14.06702],[-75.739938,-14.067232],[-75.739892,-14.067453],[-75.739446,-14.068974],[-75.738751,-14.071129],[-75.738704,-14.07135],[-75.738695,-14.071575],[-75.738816,-14.072009],[-75.738763,-14.072226],[-75.73853,-14.07286],[-75.738596,-14.076477],[-75.738559,-14.07738],[-75.738438,-14.078048],[-75.738205,-14.078686],[-75.738001,-14.079091],[-75.73776,-14.079476],[-75.73718,-14.080175],[-75.735951,-14.081195],[-75.730258,-14.085768],[-75.729895,-14.086045],[-75.729514,-14.086297],[-75.728465,-14.086756],[-75.724852,-14.08821],[-75.722745,-14.089108],[-75.721072,-14.089854],[-75.720639,-14.090003],[-75.720197,-14.090124],[-75.719745,-14.090208],[-75.719061,-14.090285],[-75.718836,-14.090325],[-75.718619,-14.090398],[-75.718415,-14.090502],[-75.718237,-14.090644],[-75.71808,-14.090808],[-75.71783,-14.091173],[-75.717724,-14.091613],[-75.717106,-14.094949],[-75.716562,-14.098069],[-75.716522,-14.098972],[-75.716576,-14.099874],[-75.7167,-14.10077],[-75.717018,-14.10209],[-75.718104,-14.106251],[-75.718213,-14.10692],[-75.718222,-14.107597],[-75.716289,-14.125584],[-75.71625,-14.126713],[-75.7163,-14.12739],[-75.716527,-14.128957],[-75.717522,-14.135211],[-75.717564,-14.135661],[-75.71757,-14.136113],[-75.717427,-14.137689],[-75.717226,-14.139259],[-75.717126,-14.1397],[-75.716298,-14.142758],[-75.715031,-14.148271],[-75.714369,-14.151829],[-75.713867,-14.154036],[-75.71336,-14.157161],[-75.712523,-14.162066],[-75.712385,-14.162731],[-75.712001,-14.164268],[-75.711633,-14.16604],[-75.711564,-14.166713],[-75.71158,-14.166939],[-75.711629,-14.16716],[-75.711692,-14.167376],[-75.711786,-14.167582],[-75.711924,-14.167763],[-75.712085,-14.167921],[-75.712634,-14.16833],[-75.712973,-14.168634],[-75.713228,-14.16901],[-75.713337,-14.169209],[-75.713435,-14.169413],[-75.713701,-14.170278],[-75.714105,-14.171336],[-75.714298,-14.171746],[-75.714732,-14.172543],[-75.715449,-14.173959],[-75.715813,-14.175031],[-75.71598,-14.175689],[-75.716017,-14.175912],[-75.716044,-14.176362],[-75.716003,-14.176811],[-75.71589,-14.177249],[-75.715604,-14.178108],[-75.715561,-14.178329],[-75.71553,-14.17878],[-75.715526,-14.179684],[-75.715498,-14.180135],[-75.715463,-14.180358],[-75.714714,-14.183669],[-75.714494,-14.184778],[-75.714356,-14.186127],[-75.714296,-14.18703],[-75.714418,-14.189966],[-75.71439,-14.190417],[-75.714289,-14.190857],[-75.713898,-14.192158],[-75.713835,-14.192604],[-75.713856,-14.192828],[-75.713905,-14.193049],[-75.714497,-14.195233],[-75.714645,-14.195661],[-75.715206,-14.1969],[-75.715262,-14.197119],[-75.715325,-14.197566],[-75.715496,-14.199821],[-75.715483,-14.200272],[-75.715413,-14.200718],[-75.714704,-14.203806],[-75.713514,-14.20864],[-75.7133,-14.209283],[-75.71312,-14.209699],[-75.712909,-14.210101],[-75.712676,-14.21049],[-75.712284,-14.211048],[-75.710158,-14.213716],[-75.709788,-14.214287],[-75.709682,-14.214488],[-75.708719,-14.216786],[-75.706588,-14.220006],[-75.706479,-14.220204],[-75.706067,-14.221259],[-75.703789,-14.22595],[-75.701875,-14.229299],[-75.701582,-14.229647],[-75.696997,-14.234084],[-75.695603,-14.235586],[-75.694702,-14.236612],[-75.694444,-14.236986],[-75.694243,-14.237392],[-75.692549,-14.241595],[-75.692219,-14.242677],[-75.691732,-14.244886],[-75.691668,-14.245102],[-75.690485,-14.247801],[-75.689806,-14.249235],[-75.689553,-14.249866],[-75.689408,-14.250295],[-75.68828,-14.255605],[-75.687386,-14.258646],[-75.686761,-14.260585],[-75.685446,-14.264918],[-75.685323,-14.265585],[-75.685049,-14.268511],[-75.685011,-14.268734],[-75.684956,-14.268953],[-75.684868,-14.269161],[-75.684202,-14.270348],[-75.684014,-14.27076],[-75.683953,-14.270978],[-75.683907,-14.271427],[-75.683909,-14.272331],[-75.683891,-14.272556],[-75.683555,-14.275249],[-75.683441,-14.275918],[-75.683396,-14.276139],[-75.682383,-14.279851],[-75.681053,-14.286044],[-75.680811,-14.286678],[-75.67905,-14.289853],[-75.678858,-14.290263],[-75.678792,-14.29048],[-75.67875,-14.290702],[-75.678752,-14.291153],[-75.678777,-14.291377],[-75.678992,-14.292487],[-75.679008,-14.292713],[-75.67901,-14.293165],[-75.678944,-14.294746],[-75.678822,-14.296097],[-75.678355,-14.299229],[-75.677969,-14.301457],[-75.677909,-14.301906],[-75.67784,-14.303034],[-75.677869,-14.305069],[-75.677823,-14.306424],[-75.677597,-14.309128],[-75.677491,-14.309798],[-75.67724,-14.310428],[-75.67589,-14.31305],[-75.673544,-14.317959],[-75.672974,-14.319194],[-75.670906,-14.323979],[-75.670617,-14.324595],[-75.670189,-14.325395],[-75.669464,-14.326548],[-75.668772,-14.32745],[-75.665761,-14.330864],[-75.664366,-14.332365],[-75.655745,-14.340497],[-75.654765,-14.341451],[-75.642296,-14.353146],[-75.629526,-14.365185],[-75.621974,-14.374581],[-75.614315,-14.384181],[-75.614009,-14.384519],[-75.613666,-14.384818],[-75.613095,-14.385195],[-75.609781,-14.386757],[-75.608937,-14.387114],[-75.608508,-14.387273],[-75.607401,-14.387572],[-75.604246,-14.388174],[-75.603798,-14.388275],[-75.603361,-14.388412],[-75.602949,-14.388611],[-75.602237,-14.389181],[-75.601404,-14.389958],[-75.597803,-14.393447],[-75.59744,-14.393724],[-75.597246,-14.393842],[-75.597044,-14.393951],[-75.596828,-14.394024],[-75.596383,-14.394132],[-75.596155,-14.394161],[-75.595697,-14.394165],[-75.595468,-14.394149],[-75.595244,-14.3941],[-75.594816,-14.393938],[-75.594399,-14.393747],[-75.59283,-14.392809],[-75.592621,-14.392715],[-75.592184,-14.392578],[-75.591732,-14.392507],[-75.591274,-14.392513],[-75.590825,-14.392605],[-75.587979,-14.39349],[-75.58755,-14.39365],[-75.560833,-14.406238],[-75.483665,-14.441215],[-75.477608,-14.443938],[-75.470321,-14.447275],[-75.46774,-14.448223],[-75.410006,-14.463162],[-75.338258,-14.481635],[-75.309139,-14.48905],[-75.300738,-14.491367],[-75.300303,-14.49151],[-75.299889,-14.491706],[-75.293913,-14.495079],[-75.293504,-14.495284],[-75.293065,-14.495414],[-75.292382,-14.495493],[-75.286644,-14.49563],[-75.285956,-14.495595],[-75.276604,-14.494538],[-75.275687,-14.494493],[-75.275231,-14.494537],[-75.274781,-14.494623],[-75.273906,-14.494899],[-75.272206,-14.495581],[-75.262053,-14.499802],[-75.261637,-14.499995],[-75.261236,-14.500214],[-75.260678,-14.50061],[-75.257716,-14.503113],[-75.257527,-14.503241],[-75.257112,-14.503435],[-75.256452,-14.503622],[-75.255994,-14.503638],[-75.255319,-14.503505],[-75.254694,-14.503221],[-75.254503,-14.503097],[-75.253261,-14.502094],[-75.248233,-14.497795],[-75.248066,-14.497641],[-75.246112,-14.495419],[-75.245646,-14.49492],[-75.244712,-14.494263],[-75.244513,-14.494151],[-75.238897,-14.491567],[-75.237623,-14.491054],[-75.236718,-14.490902],[-75.2358,-14.490876],[-75.235116,-14.490801],[-75.234428,-14.49079],[-75.232825,-14.49089],[-75.232369,-14.490841],[-75.232143,-14.490805],[-75.231484,-14.490608],[-75.231073,-14.49041],[-75.230686,-14.490167],[-75.23051,-14.490023],[-75.230188,-14.489702],[-75.229092,-14.488251],[-75.22857,-14.487507],[-75.228248,-14.487186],[-75.22584,-14.485089],[-75.225686,-14.484922],[-75.225416,-14.484557],[-75.225172,-14.483925],[-75.225097,-14.483479],[-75.225085,-14.481444],[-75.225063,-14.481221],[-75.224969,-14.480778],[-75.224547,-14.479728],[-75.224416,-14.479544],[-75.224238,-14.479402],[-75.224028,-14.479313],[-75.223802,-14.479277],[-75.223576,-14.4793],[-75.223368,-14.479388],[-75.223198,-14.479541],[-75.223087,-14.479735],[-75.223021,-14.479951],[-75.223024,-14.480177],[-75.223092,-14.480392],[-75.223544,-14.481179],[-75.223696,-14.481606],[-75.223758,-14.484317],[-75.223851,-14.484759],[-75.224139,-14.485618],[-75.224167,-14.48584],[-75.224068,-14.486038],[-75.223908,-14.486195],[-75.223685,-14.486223],[-75.223468,-14.486159],[-75.223321,-14.485988],[-75.223254,-14.485773],[-75.223072,-14.484657],[-75.223002,-14.484444],[-75.222885,-14.48425],[-75.222734,-14.484081],[-75.222546,-14.483952],[-75.222335,-14.483865],[-75.222112,-14.483818],[-75.221652,-14.483812],[-75.219588,-14.483864],[-75.21914,-14.48377],[-75.218304,-14.483397],[-75.218092,-14.483313],[-75.217871,-14.483257],[-75.217642,-14.483259],[-75.217419,-14.483311],[-75.217207,-14.483395],[-75.217012,-14.483513],[-75.21685,-14.48367],[-75.216724,-14.483858],[-75.216631,-14.484065],[-75.216594,-14.484287],[-75.2166,-14.48451],[-75.216651,-14.48473],[-75.216746,-14.484935],[-75.21688,-14.485117],[-75.217053,-14.485265],[-75.217248,-14.485384],[-75.217463,-14.485463],[-75.21769,-14.485487],[-75.217918,-14.485473],[-75.218812,-14.485266],[-75.21904,-14.485271],[-75.219261,-14.485333],[-75.21945,-14.485457],[-75.219621,-14.485606],[-75.219737,-14.4858],[-75.219776,-14.486022],[-75.219769,-14.486245],[-75.219687,-14.486455],[-75.219564,-14.486646],[-75.219386,-14.486786],[-75.214675,-14.489133],[-75.214477,-14.489245],[-75.214131,-14.489541],[-75.213992,-14.48972],[-75.213816,-14.490137],[-75.213512,-14.49099],[-75.213433,-14.491435],[-75.213446,-14.49166],[-75.213555,-14.492097],[-75.213912,-14.49293],[-75.214031,-14.493364],[-75.214025,-14.49359],[-75.213959,-14.493805],[-75.21386,-14.494008],[-75.213721,-14.494187],[-75.213541,-14.494327],[-75.213345,-14.494443],[-75.213127,-14.494511],[-75.212902,-14.494553],[-75.212673,-14.494559],[-75.211525,-14.494543],[-75.2113,-14.494574],[-75.211082,-14.494643],[-75.210884,-14.494756],[-75.210571,-14.495086],[-75.210452,-14.495279],[-75.210378,-14.49549],[-75.210341,-14.495712],[-75.210333,-14.495938],[-75.210409,-14.496383],[-75.213731,-14.505778],[-75.214341,-14.507956],[-75.214738,-14.508772],[-75.215282,-14.510018],[-75.215642,-14.511091],[-75.215727,-14.511991],[-75.215498,-14.515827],[-75.215413,-14.516271],[-75.215342,-14.516485],[-75.21516,-14.5169],[-75.214914,-14.517281],[-75.214425,-14.517758],[-75.214245,-14.517896],[-75.213844,-14.518117],[-75.213425,-14.518299],[-75.204841,-14.520808],[-75.204394,-14.520909],[-75.204165,-14.520925],[-75.203936,-14.52091],[-75.202374,-14.520542],[-75.202147,-14.520548],[-75.201965,-14.520677],[-75.201895,-14.520886],[-75.20195,-14.521102],[-75.202204,-14.521478],[-75.202286,-14.521686],[-75.202338,-14.521906],[-75.202507,-14.523024],[-75.202567,-14.523241],[-75.202683,-14.523433],[-75.202967,-14.523787],[-75.20318,-14.524431],[-75.203278,-14.524632],[-75.203426,-14.524805],[-75.203936,-14.52526],[-75.204227,-14.52561],[-75.204337,-14.525806],[-75.204538,-14.526453],[-75.2049,-14.52703],[-75.205306,-14.527578],[-75.206289,-14.528526],[-75.20637,-14.52873],[-75.206226,-14.528863],[-75.206002,-14.528826],[-75.205573,-14.528667],[-75.205351,-14.528609],[-75.204894,-14.528583],[-75.204688,-14.528492],[-75.204511,-14.528348],[-75.204319,-14.528227],[-75.204093,-14.528191],[-75.203864,-14.528199],[-75.203649,-14.528135],[-75.203448,-14.528031],[-75.203222,-14.528043],[-75.203043,-14.528176],[-75.202731,-14.528508],[-75.202536,-14.528621],[-75.202312,-14.528604],[-75.202174,-14.528428],[-75.201999,-14.528013],[-75.201797,-14.527918],[-75.201568,-14.527911],[-75.201354,-14.52798],[-75.201239,-14.528166],[-75.201239,-14.528388],[-75.201311,-14.528602],[-75.201424,-14.528799],[-75.201561,-14.52898],[-75.202149,-14.529674],[-75.202234,-14.529884],[-75.202266,-14.530107],[-75.20227,-14.53033],[-75.202158,-14.53052],[-75.201959,-14.530592],[-75.201732,-14.530566],[-75.199485,-14.5301],[-75.196801,-14.52949],[-75.196379,-14.529316],[-75.195974,-14.529102],[-75.195071,-14.528943],[-75.194855,-14.52887],[-75.19411,-14.528348],[-75.193882,-14.528335],[-75.193698,-14.528452],[-75.190829,-14.53138],[-75.189591,-14.532717],[-75.187827,-14.534497],[-75.18219,-14.540449],[-75.182042,-14.540621],[-75.181933,-14.540816],[-75.18189,-14.541038],[-75.18189,-14.541265],[-75.181944,-14.541478],[-75.18207,-14.541665],[-75.182229,-14.541827],[-75.192679,-14.550666],[-75.200745,-14.556657],[-75.201464,-14.557218],[-75.20198,-14.557668],[-75.202929,-14.558651],[-75.207735,-14.563819],[-75.208112,-14.564387],[-75.208534,-14.56519],[-75.208969,-14.566476],[-75.209076,-14.567146],[-75.208477,-14.573902],[-75.207941,-14.57953],[-75.207858,-14.579974],[-75.207792,-14.58019],[-75.207698,-14.580396],[-75.207579,-14.580588],[-75.207435,-14.580764],[-75.200126,-14.587955],[-75.199849,-14.588315],[-75.199652,-14.588721],[-75.199581,-14.588937],[-75.194242,-14.611158],[-75.193909,-14.612475],[-75.193717,-14.613126],[-75.184911,-14.637877],[-75.184661,-14.638509],[-75.184451,-14.638911],[-75.1842,-14.63929],[-75.18366,-14.640021],[-75.18331,-14.640604],[-75.183206,-14.640806],[-75.182037,-14.64351],[-75.181932,-14.64371],[-75.181682,-14.644089],[-75.181413,-14.644455],[-75.179994,-14.646233],[-75.179094,-14.646934],[-75.178721,-14.647196],[-75.178373,-14.647491],[-75.177146,-14.649127],[-75.176839,-14.649733],[-75.17627,-14.652156],[-75.176183,-14.652363],[-75.176059,-14.652552],[-75.173286,-14.65557],[-75.172949,-14.655877],[-75.169484,-14.658093],[-75.169305,-14.658234],[-75.169148,-14.658398],[-75.169018,-14.658584],[-75.168913,-14.658785],[-75.168854,-14.659003],[-75.167904,-14.662964],[-75.16784,-14.663181],[-75.167749,-14.663387],[-75.167631,-14.66358],[-75.167148,-14.664063],[-75.165575,-14.665383],[-75.158473,-14.671467],[-75.158155,-14.671792],[-75.157856,-14.672135],[-75.157072,-14.67325],[-75.15678,-14.6736],[-75.156015,-14.674441],[-75.155791,-14.674834],[-75.154959,-14.676697],[-75.15485,-14.676896],[-75.154703,-14.677065],[-75.154498,-14.677158],[-75.154044,-14.677218],[-75.152461,-14.677488],[-75.15225,-14.677577],[-75.151854,-14.677804],[-75.151441,-14.678],[-75.151005,-14.678141],[-75.150329,-14.678272],[-75.149643,-14.678285],[-75.148734,-14.678397],[-75.148505,-14.678383],[-75.147845,-14.678194],[-75.14716,-14.678121],[-75.146931,-14.678127],[-75.143036,-14.678384],[-75.142582,-14.678448],[-75.142146,-14.678588],[-75.137666,-14.681339],[-75.133857,-14.683865],[-75.133487,-14.684133],[-75.133146,-14.684435],[-75.129531,-14.688226],[-75.129192,-14.688529],[-75.129001,-14.688654],[-75.128791,-14.688745],[-75.128567,-14.688794],[-75.128338,-14.688805],[-75.128111,-14.68877],[-75.126383,-14.688158],[-75.125318,-14.687737],[-75.122307,-14.686627],[-75.122086,-14.68657],[-75.121859,-14.686539],[-75.121403,-14.686571],[-75.121182,-14.686631],[-75.120973,-14.686723],[-75.120778,-14.68684],[-75.120601,-14.686984],[-75.119462,-14.6881],[-75.117387,-14.690213],[-75.106221,-14.70128],[-75.098695,-14.708895],[-75.093696,-14.713884],[-75.091245,-14.716266],[-75.07737,-14.7301],[-75.075583,-14.731858],[-75.064474,-14.74298],[-75.063377,-14.744136],[-75.025132,-14.785676],[-75.024806,-14.785995],[-75.024292,-14.786446],[-75.006493,-14.799248],[-74.999428,-14.804289],[-74.99777,-14.805503],[-74.985705,-14.814152],[-74.984928,-14.814633],[-74.984521,-14.814844],[-74.983888,-14.815111],[-74.963208,-14.822619],[-74.962116,-14.822968],[-74.958586,-14.823967],[-74.95797,-14.824268],[-74.956747,-14.825293],[-74.956378,-14.825561],[-74.956182,-14.82568],[-74.955761,-14.825859],[-74.954204,-14.826248],[-74.944742,-14.828082],[-74.944305,-14.828215],[-74.944127,-14.828358],[-74.943821,-14.828691],[-74.9436,-14.828733],[-74.94326,-14.828454],[-74.943034,-14.828439],[-74.942579,-14.828489],[-74.942494,-14.828335],[-74.94254,-14.828115],[-74.942638,-14.827942],[-74.943538,-14.828119],[-74.943742,-14.82819],[-74.943877,-14.828361],[-74.943907,-14.828579],[-74.943826,-14.828788],[-74.943775,-14.829008],[-74.94318,-14.832347],[-74.942542,-14.835449],[-74.942512,-14.835673],[-74.94234,-14.83838],[-74.942239,-14.841091],[-74.942176,-14.841307],[-74.942079,-14.841511],[-74.941953,-14.8417],[-74.941797,-14.841864],[-74.941617,-14.842004],[-74.941426,-14.842115],[-74.941341,-14.842321],[-74.941152,-14.842339],[-74.940712,-14.842211],[-74.940484,-14.842194],[-74.938418,-14.842214],[-74.93773,-14.842174],[-74.937282,-14.842076],[-74.937066,-14.842],[-74.936864,-14.841894],[-74.935317,-14.840919],[-74.935111,-14.840822],[-74.934891,-14.840758],[-74.934437,-14.840696],[-74.930997,-14.840527],[-74.930547,-14.840444],[-74.930122,-14.840274],[-74.929923,-14.840164],[-74.929752,-14.840014],[-74.927319,-14.837303],[-74.926646,-14.836689],[-74.926097,-14.83628],[-74.925486,-14.835966],[-74.924657,-14.835577],[-74.922556,-14.834667],[-74.921922,-14.834403],[-74.920193,-14.833792],[-74.919987,-14.833695],[-74.919459,-14.833266],[-74.918868,-14.832919],[-74.918416,-14.832841],[-74.9182,-14.83277],[-74.918006,-14.832651],[-74.917859,-14.832481],[-74.917686,-14.832061],[-74.917554,-14.831882],[-74.916951,-14.831555],[-74.915888,-14.831128],[-74.915661,-14.831099],[-74.915433,-14.831114],[-74.914983,-14.831204],[-74.914526,-14.831211],[-74.913178,-14.83093],[-74.912533,-14.830692],[-74.912308,-14.830653],[-74.91208,-14.830672],[-74.911421,-14.830867],[-74.911196,-14.830909],[-74.910737,-14.83093],[-74.910049,-14.830916],[-74.909137,-14.831021],[-74.90776,-14.831026],[-74.907303,-14.831064],[-74.905053,-14.83151],[-74.90144,-14.832166],[-74.899853,-14.832415],[-74.899625,-14.83244],[-74.899396,-14.832438],[-74.898717,-14.832327],[-74.897152,-14.831965],[-74.894091,-14.830999],[-74.893199,-14.830784],[-74.885737,-14.82949],[-74.885508,-14.82948],[-74.88528,-14.829502],[-74.885065,-14.829579],[-74.884241,-14.829976],[-74.883799,-14.830093],[-74.883342,-14.830127],[-74.883113,-14.830111],[-74.882665,-14.830016],[-74.88225,-14.829827],[-74.881883,-14.829557],[-74.880858,-14.82865],[-74.878344,-14.826333],[-74.87816,-14.826198],[-74.877766,-14.825966],[-74.87755,-14.825892],[-74.877325,-14.825846],[-74.873703,-14.825247],[-74.873015,-14.825236],[-74.866839,-14.82577],[-74.86616,-14.825884],[-74.861921,-14.826897],[-74.861468,-14.826967],[-74.861239,-14.826958],[-74.861016,-14.826909],[-74.860808,-14.826813],[-74.859834,-14.826218],[-74.859407,-14.826054],[-74.857595,-14.825762],[-74.857373,-14.825707],[-74.856966,-14.825498],[-74.85626,-14.824922],[-74.856064,-14.824804],[-74.855854,-14.824714],[-74.855638,-14.824638],[-74.854521,-14.824383],[-74.853286,-14.823784],[-74.852182,-14.823477],[-74.851368,-14.823059],[-74.851152,-14.822983],[-74.850263,-14.822756],[-74.850053,-14.822668],[-74.848888,-14.821944],[-74.848478,-14.82174],[-74.846782,-14.821047],[-74.844608,-14.820322],[-74.844381,-14.82029],[-74.841396,-14.820332],[-74.84117,-14.820365],[-74.840951,-14.820433],[-74.840529,-14.82061],[-74.840304,-14.820649],[-74.840081,-14.8206],[-74.839006,-14.820204],[-74.838556,-14.820122],[-74.83764,-14.82005],[-74.837187,-14.819982],[-74.834546,-14.81921],[-74.833203,-14.818911],[-74.831875,-14.818549],[-74.831649,-14.818524],[-74.831419,-14.818537],[-74.831192,-14.818518],[-74.830571,-14.818229],[-74.830354,-14.818161],[-74.8299,-14.818094],[-74.829442,-14.818073],[-74.828985,-14.818117],[-74.828763,-14.818173],[-74.828561,-14.818278],[-74.827174,-14.819078],[-74.826985,-14.819205],[-74.826825,-14.819367],[-74.8265,-14.819964],[-74.826343,-14.820118],[-74.82612,-14.820117],[-74.825688,-14.819964],[-74.825464,-14.819953],[-74.825263,-14.82006],[-74.824688,-14.820433],[-74.823948,-14.82097],[-74.822545,-14.822136],[-74.822341,-14.82224],[-74.82064,-14.822922],[-74.820447,-14.823042],[-74.820308,-14.823218],[-74.820223,-14.823428],[-74.820104,-14.823865],[-74.82002,-14.824073],[-74.819863,-14.824237],[-74.818521,-14.825107],[-74.818317,-14.825211],[-74.817886,-14.825365],[-74.817226,-14.825557],[-74.81703,-14.825674],[-74.816049,-14.826625],[-74.815914,-14.826807],[-74.815825,-14.827015],[-74.81563,-14.827664],[-74.815487,-14.827833],[-74.815056,-14.827974],[-74.814917,-14.828148],[-74.814882,-14.828369],[-74.814939,-14.828588],[-74.815054,-14.828784],[-74.81521,-14.828947],[-74.815424,-14.828997],[-74.815634,-14.828914],[-74.815813,-14.828774],[-74.815944,-14.82859],[-74.816129,-14.828176],[-74.816276,-14.828006],[-74.81646,-14.827873],[-74.816871,-14.827674],[-74.817092,-14.827615],[-74.81727,-14.827723],[-74.817175,-14.827916],[-74.816795,-14.828167],[-74.816648,-14.82834],[-74.816272,-14.828907],[-74.816081,-14.829026],[-74.815869,-14.829112],[-74.815726,-14.829283],[-74.815582,-14.829712],[-74.815458,-14.829901],[-74.814977,-14.830383],[-74.814771,-14.830787],[-74.814644,-14.830974],[-74.813505,-14.83209],[-74.813355,-14.83226],[-74.812816,-14.832992],[-74.812569,-14.833373],[-74.81218,-14.834436],[-74.812092,-14.834644],[-74.811967,-14.834833],[-74.811803,-14.83499],[-74.811618,-14.835124],[-74.810468,-14.83587],[-74.810067,-14.83609],[-74.809853,-14.836167],[-74.808943,-14.836291],[-74.808716,-14.836282],[-74.807824,-14.836066],[-74.807597,-14.836031],[-74.807379,-14.836081],[-74.807299,-14.836285],[-74.807273,-14.836736],[-74.80716,-14.837173],[-74.806962,-14.83758],[-74.806827,-14.837762],[-74.806633,-14.83788],[-74.806405,-14.837891],[-74.806197,-14.837804],[-74.805915,-14.837451],[-74.805715,-14.837365],[-74.805514,-14.837465],[-74.805126,-14.837707],[-74.804959,-14.837854],[-74.804895,-14.83807],[-74.804814,-14.838515],[-74.804747,-14.838731],[-74.804649,-14.838935],[-74.804534,-14.839131],[-74.804386,-14.839301],[-74.804212,-14.839449],[-74.803847,-14.840022],[-74.803708,-14.840199],[-74.803167,-14.840619],[-74.802998,-14.840772],[-74.802809,-14.840899],[-74.802395,-14.841092],[-74.802223,-14.841239],[-74.801905,-14.841565],[-74.801676,-14.841956],[-74.801529,-14.842129],[-74.801195,-14.842438],[-74.800446,-14.843295],[-74.797467,-14.846115],[-74.797319,-14.846287],[-74.797343,-14.846497],[-74.797543,-14.84658],[-74.797738,-14.846471],[-74.798422,-14.845868],[-74.79862,-14.845761],[-74.798765,-14.845877],[-74.798468,-14.846214],[-74.798359,-14.846413],[-74.797762,-14.847635],[-74.797732,-14.847859],[-74.797813,-14.848303],[-74.797813,-14.848528],[-74.79768,-14.849192],[-74.797709,-14.849414],[-74.79818,-14.850445],[-74.798246,-14.85066],[-74.79839,-14.851552],[-74.798287,-14.851743],[-74.79807,-14.851713],[-74.797889,-14.851574],[-74.797556,-14.851265],[-74.797456,-14.851063],[-74.797334,-14.850627],[-74.797239,-14.850422],[-74.797102,-14.850242],[-74.796924,-14.8501],[-74.796723,-14.849993],[-74.7965,-14.849988],[-74.796195,-14.850322],[-74.796012,-14.850734],[-74.795902,-14.850931],[-74.795512,-14.85149],[-74.795146,-14.852064],[-74.795046,-14.852266],[-74.795119,-14.85246],[-74.79532,-14.85243],[-74.795434,-14.851994],[-74.795936,-14.85154],[-74.79637,-14.851014],[-74.796627,-14.850643],[-74.796828,-14.850674],[-74.796806,-14.850885],[-74.796458,-14.851177],[-74.796316,-14.851353],[-74.796086,-14.851744],[-74.795817,-14.852109],[-74.795771,-14.852328],[-74.795854,-14.853455],[-74.795852,-14.85368],[-74.795737,-14.853869],[-74.79554,-14.853984],[-74.795316,-14.854017],[-74.794642,-14.853877],[-74.794435,-14.853784],[-74.794154,-14.853427],[-74.793981,-14.853279],[-74.793781,-14.85318],[-74.793586,-14.853276],[-74.793462,-14.853466],[-74.793401,-14.853681],[-74.793393,-14.853907],[-74.79331,-14.85411],[-74.793154,-14.854276],[-74.793047,-14.854472],[-74.792915,-14.854904],[-74.792956,-14.855122],[-74.793169,-14.855523],[-74.793251,-14.855733],[-74.793232,-14.855953],[-74.793072,-14.85611],[-74.792862,-14.856199],[-74.792681,-14.856334],[-74.792562,-14.856525],[-74.792202,-14.857356],[-74.792054,-14.858018],[-74.791985,-14.858234],[-74.791772,-14.858633],[-74.791641,-14.858819],[-74.79155,-14.859022],[-74.791704,-14.859159],[-74.79189,-14.859044],[-74.792292,-14.858494],[-74.792769,-14.857722],[-74.79399,-14.856082],[-74.794094,-14.855881],[-74.794165,-14.855667],[-74.794144,-14.855443],[-74.794292,-14.855321],[-74.794436,-14.85546],[-74.794061,-14.856283],[-74.793844,-14.85668],[-74.793661,-14.857333],[-74.793376,-14.857949],[-74.793356,-14.858168],[-74.793395,-14.858391],[-74.793391,-14.858616],[-74.793334,-14.858835],[-74.793202,-14.859018],[-74.793145,-14.859233],[-74.793148,-14.85991],[-74.793095,-14.860129],[-74.792806,-14.860476],[-74.792696,-14.860674],[-74.792643,-14.860893],[-74.79264,-14.861119],[-74.792604,-14.861341],[-74.79244,-14.861764],[-74.792149,-14.862378],[-74.792024,-14.862566],[-74.791835,-14.862692],[-74.791398,-14.86282],[-74.791203,-14.862723],[-74.791248,-14.862518],[-74.791333,-14.86231],[-74.79133,-14.862086],[-74.791291,-14.861863],[-74.791221,-14.861649],[-74.790972,-14.861271],[-74.79076,-14.860874],[-74.790405,-14.860588],[-74.790203,-14.860486],[-74.789757,-14.860381],[-74.789535,-14.860415],[-74.78939,-14.860587],[-74.78929,-14.860791],[-74.789174,-14.861227],[-74.789037,-14.861389],[-74.788582,-14.861442],[-74.788366,-14.861512],[-74.788197,-14.861662],[-74.788108,-14.861869],[-74.78805,-14.862087],[-74.788074,-14.86231],[-74.788131,-14.862529],[-74.78814,-14.862753],[-74.788044,-14.862946],[-74.787827,-14.862947],[-74.787607,-14.862891],[-74.787423,-14.863011],[-74.787315,-14.86321],[-74.787232,-14.863421],[-74.787147,-14.863862],[-74.786881,-14.864225],[-74.786718,-14.864361],[-74.786563,-14.864218],[-74.786428,-14.863786],[-74.786255,-14.863662],[-74.78586,-14.863881],[-74.785648,-14.863968],[-74.785485,-14.864115],[-74.785374,-14.864313],[-74.785202,-14.864457],[-74.784981,-14.864514],[-74.784753,-14.86454],[-74.784325,-14.864692],[-74.784096,-14.864702],[-74.783925,-14.864845],[-74.783738,-14.865256],[-74.78361,-14.86569],[-74.783355,-14.866059],[-74.78338,-14.866276],[-74.783374,-14.866496],[-74.782923,-14.867002],[-74.782865,-14.867217],[-74.782853,-14.867443],[-74.782882,-14.867665],[-74.783122,-14.8683],[-74.78326,-14.868475],[-74.78369,-14.868619],[-74.783751,-14.86882],[-74.783567,-14.868943],[-74.783347,-14.869008],[-74.783227,-14.869178],[-74.783306,-14.86939],[-74.783301,-14.869609],[-74.783086,-14.870007],[-74.782758,-14.87032],[-74.782335,-14.870852],[-74.782132,-14.870954],[-74.781921,-14.870921],[-74.781865,-14.870712],[-74.781898,-14.870489],[-74.781838,-14.870283],[-74.78163,-14.870197],[-74.781418,-14.870257],[-74.780363,-14.871736],[-74.780166,-14.87183],[-74.77994,-14.871796],[-74.779747,-14.87189],[-74.779516,-14.87228],[-74.779375,-14.872453],[-74.779169,-14.872414],[-74.779074,-14.872212],[-74.77905,-14.871989],[-74.779129,-14.871778],[-74.779466,-14.871187],[-74.77974,-14.870828],[-74.779692,-14.870624],[-74.779492,-14.870519],[-74.779372,-14.870338],[-74.779535,-14.86992],[-74.779483,-14.869706],[-74.779254,-14.869315],[-74.779047,-14.869271],[-74.778841,-14.86937],[-74.778293,-14.86978],[-74.778095,-14.869894],[-74.77745,-14.870132],[-74.777278,-14.870278],[-74.777124,-14.870446],[-74.776935,-14.870572],[-74.776525,-14.870774],[-74.77616,-14.871049],[-74.775952,-14.871139],[-74.775729,-14.871192],[-74.775501,-14.871187],[-74.775276,-14.871143],[-74.775047,-14.87113],[-74.774361,-14.87118],[-74.774145,-14.871116],[-74.773956,-14.870988],[-74.773548,-14.870782],[-74.773356,-14.870659],[-74.773201,-14.870493],[-74.772786,-14.869953],[-74.772454,-14.869641],[-74.772267,-14.869512],[-74.772061,-14.869415],[-74.771404,-14.869211],[-74.771211,-14.869091],[-74.771055,-14.868926],[-74.770931,-14.868737],[-74.770847,-14.868528],[-74.770908,-14.868322],[-74.771704,-14.867883],[-74.771924,-14.867818],[-74.772109,-14.867692],[-74.77215,-14.867482],[-74.771963,-14.867386],[-74.771282,-14.867479],[-74.771058,-14.867432],[-74.770459,-14.8671],[-74.770076,-14.866851],[-74.769908,-14.866698],[-74.768219,-14.864554],[-74.768062,-14.864393],[-74.767853,-14.864305],[-74.767181,-14.864153],[-74.766955,-14.86412],[-74.766726,-14.864114],[-74.766497,-14.864126],[-74.766271,-14.864168],[-74.765828,-14.864283],[-74.765627,-14.864389],[-74.765442,-14.864523],[-74.765226,-14.864584],[-74.764997,-14.864581],[-74.763396,-14.864435],[-74.763173,-14.864386],[-74.762977,-14.86427],[-74.762867,-14.86408],[-74.762908,-14.863862],[-74.763195,-14.863245],[-74.763262,-14.86303],[-74.763241,-14.862808],[-74.763107,-14.862627],[-74.762785,-14.862305],[-74.762602,-14.862174],[-74.762378,-14.862171],[-74.76198,-14.862395],[-74.761765,-14.862469],[-74.761536,-14.862474],[-74.761309,-14.862441],[-74.761091,-14.862375],[-74.759926,-14.861652],[-74.759719,-14.861558],[-74.759495,-14.861509],[-74.759036,-14.8615],[-74.758814,-14.861454],[-74.758603,-14.861364],[-74.758412,-14.861242],[-74.758269,-14.861067],[-74.758159,-14.860868],[-74.75741,-14.858972],[-74.757214,-14.858884],[-74.755035,-14.859589],[-74.754813,-14.859647],[-74.754587,-14.859677],[-74.75436,-14.859657],[-74.753924,-14.859516],[-74.753472,-14.859438],[-74.753258,-14.859358],[-74.752887,-14.859093],[-74.752201,-14.858494],[-74.751986,-14.858418],[-74.751758,-14.85842],[-74.751576,-14.858548],[-74.751499,-14.85876],[-74.751434,-14.859207],[-74.75122,-14.859852],[-74.751213,-14.860073],[-74.751292,-14.860285],[-74.751301,-14.860506],[-74.75121,-14.860714],[-74.751071,-14.860889],[-74.750856,-14.860939],[-74.750188,-14.860783],[-74.75011,-14.860581],[-74.75021,-14.860145],[-74.750143,-14.859933],[-74.749988,-14.859771],[-74.74981,-14.859628],[-74.749669,-14.859457],[-74.749684,-14.859238],[-74.75011,-14.858437],[-74.75033,-14.857331],[-74.750299,-14.857109],[-74.750178,-14.856921],[-74.75001,-14.856766],[-74.749825,-14.856636],[-74.749368,-14.85663],[-74.749155,-14.856555],[-74.748843,-14.856223],[-74.748656,-14.856091],[-74.748452,-14.855991],[-74.748228,-14.855951],[-74.747806,-14.85612],[-74.747585,-14.856076],[-74.747432,-14.855916],[-74.747409,-14.855693],[-74.747485,-14.855488],[-74.747685,-14.855387],[-74.747906,-14.855431],[-74.74812,-14.855514],[-74.748737,-14.855814],[-74.748952,-14.855893],[-74.749173,-14.855955],[-74.74963,-14.855967],[-74.749833,-14.855876],[-74.749987,-14.855454],[-74.750142,-14.855288],[-74.750328,-14.855159],[-74.750468,-14.854985],[-74.750444,-14.854773],[-74.75025,-14.854664],[-74.750027,-14.854612],[-74.749826,-14.854508],[-74.749665,-14.854348],[-74.748948,-14.853465],[-74.748847,-14.853263],[-74.748683,-14.852843],[-74.748515,-14.852704],[-74.748288,-14.852681],[-74.747599,-14.8527],[-74.747371,-14.852678],[-74.746032,-14.85236],[-74.745805,-14.852324],[-74.745577,-14.852299],[-74.745118,-14.852291],[-74.74489,-14.852312],[-74.74467,-14.852373],[-74.744475,-14.852491],[-74.744301,-14.852639],[-74.744112,-14.852764],[-74.743439,-14.852894],[-74.742777,-14.853081],[-74.742554,-14.853048],[-74.742347,-14.852954],[-74.742121,-14.852912],[-74.741669,-14.852978],[-74.741215,-14.85292],[-74.741012,-14.853014],[-74.740661,-14.853305],[-74.740447,-14.853374],[-74.740218,-14.853374],[-74.739995,-14.853414],[-74.739816,-14.853556],[-74.739614,-14.853648],[-74.739395,-14.853587],[-74.738976,-14.853402],[-74.738811,-14.853251],[-74.738696,-14.853056],[-74.738505,-14.852942],[-74.73829,-14.852866],[-74.738103,-14.852736],[-74.737773,-14.852422],[-74.737591,-14.852287],[-74.736747,-14.851937],[-74.73664,-14.851747],[-74.736738,-14.851552],[-74.736917,-14.851411],[-74.737051,-14.851234],[-74.737011,-14.85102],[-74.736735,-14.85066],[-74.736338,-14.850449],[-74.7362,-14.850269],[-74.736024,-14.850131],[-74.735816,-14.850037],[-74.735671,-14.849867],[-74.735629,-14.849429],[-74.735439,-14.849313],[-74.735216,-14.84926],[-74.734991,-14.849254],[-74.734805,-14.849381],[-74.734518,-14.849734],[-74.734437,-14.849939],[-74.734412,-14.850163],[-74.734304,-14.850361],[-74.734154,-14.850532],[-74.733998,-14.850697],[-74.733794,-14.85078],[-74.733612,-14.850659],[-74.733604,-14.850447],[-74.733807,-14.850384],[-74.734033,-14.850368],[-74.73417,-14.850201],[-74.734178,-14.849755],[-74.734298,-14.849575],[-74.734461,-14.849417],[-74.734713,-14.84904],[-74.734886,-14.848899],[-74.735342,-14.848924],[-74.735792,-14.849004],[-74.735984,-14.849124],[-74.736071,-14.849332],[-74.736189,-14.84952],[-74.73639,-14.849622],[-74.736612,-14.849679],[-74.736839,-14.849708],[-74.737755,-14.849645],[-74.737983,-14.849653],[-74.738667,-14.84974],[-74.738895,-14.849742],[-74.739087,-14.849634],[-74.739157,-14.849422],[-74.739235,-14.848976],[-74.739231,-14.848751],[-74.739118,-14.848557],[-74.738962,-14.848392],[-74.738783,-14.84825],[-74.738155,-14.847976],[-74.737979,-14.847833],[-74.737654,-14.847514],[-74.737128,-14.847076],[-74.736978,-14.846906],[-74.736839,-14.846725],[-74.736626,-14.846326],[-74.736383,-14.845455],[-74.73629,-14.845249],[-74.73616,-14.845064],[-74.73597,-14.84494],[-74.735751,-14.844879],[-74.735524,-14.844895],[-74.735301,-14.844941],[-74.735073,-14.844923],[-74.734869,-14.844823],[-74.734338,-14.84439],[-74.734179,-14.844228],[-74.734,-14.843816],[-74.733842,-14.843661],[-74.733631,-14.843579],[-74.733404,-14.843587],[-74.733218,-14.843712],[-74.732967,-14.84409],[-74.732766,-14.844179],[-74.73255,-14.844112],[-74.732386,-14.843956],[-74.732116,-14.843591],[-74.731955,-14.843169],[-74.731847,-14.84273],[-74.731834,-14.842505],[-74.731862,-14.842281],[-74.731933,-14.842066],[-74.732066,-14.841885],[-74.732465,-14.841663],[-74.732649,-14.841531],[-74.733232,-14.840305],[-74.733374,-14.840128],[-74.733547,-14.83998],[-74.733693,-14.83981],[-74.733693,-14.839593],[-74.733532,-14.839437],[-74.733309,-14.839451],[-74.733189,-14.839635],[-74.733134,-14.839855],[-74.733028,-14.840052],[-74.732883,-14.840227],[-74.731772,-14.84137],[-74.731599,-14.841518],[-74.731225,-14.841777],[-74.731117,-14.841975],[-74.730936,-14.842861],[-74.73091,-14.843085],[-74.731009,-14.844211],[-74.731102,-14.844652],[-74.731185,-14.844863],[-74.731487,-14.845472],[-74.73173,-14.845855],[-74.732344,-14.846528],[-74.732626,-14.846883],[-74.732738,-14.847081],[-74.732919,-14.847496],[-74.73284,-14.847679],[-74.732645,-14.847618],[-74.732577,-14.847175],[-74.732487,-14.846967],[-74.732355,-14.846783],[-74.732198,-14.846618],[-74.731498,-14.846034],[-74.731196,-14.845694],[-74.73069,-14.845235],[-74.730553,-14.845054],[-74.730467,-14.844846],[-74.730381,-14.844176],[-74.730093,-14.843082],[-74.73006,-14.842632],[-74.730188,-14.84151],[-74.730308,-14.841321],[-74.730617,-14.840987],[-74.730734,-14.840796],[-74.730776,-14.840577],[-74.73069,-14.840372],[-74.730436,-14.839994],[-74.730153,-14.839639],[-74.729988,-14.839483],[-74.729777,-14.839418],[-74.729698,-14.839589],[-74.730015,-14.839906],[-74.730245,-14.840297],[-74.730332,-14.840505],[-74.730312,-14.840727],[-74.730198,-14.84092],[-74.729996,-14.841018],[-74.729769,-14.840998],[-74.729559,-14.840908],[-74.728545,-14.84038],[-74.728331,-14.840299],[-74.727888,-14.84018],[-74.726063,-14.839975],[-74.725605,-14.839951],[-74.724917,-14.839979],[-74.724705,-14.83991],[-74.72462,-14.839708],[-74.724733,-14.839271],[-74.72469,-14.839058],[-74.724515,-14.838914],[-74.723942,-14.838538],[-74.723341,-14.838207],[-74.722487,-14.837877],[-74.721863,-14.837592],[-74.721434,-14.837429],[-74.719905,-14.836944],[-74.719679,-14.836904],[-74.717613,-14.836866],[-74.717389,-14.836823],[-74.717175,-14.836742],[-74.71657,-14.836417],[-74.716358,-14.836332],[-74.715915,-14.836217],[-74.715235,-14.836112],[-74.71501,-14.836124],[-74.714816,-14.836239],[-74.714491,-14.836558],[-74.714301,-14.836683],[-74.714094,-14.83678],[-74.713874,-14.836845],[-74.713423,-14.836927],[-74.713194,-14.836934],[-74.712978,-14.836871],[-74.711667,-14.835606],[-74.711536,-14.835421],[-74.711253,-14.834804],[-74.711105,-14.834633],[-74.7109,-14.834535],[-74.709086,-14.83425],[-74.708867,-14.834186],[-74.708236,-14.833913],[-74.708017,-14.83385],[-74.70667,-14.833564],[-74.706456,-14.833486],[-74.706258,-14.833373],[-74.706098,-14.833213],[-74.705964,-14.833029],[-74.705865,-14.832826],[-74.705692,-14.831939],[-74.70559,-14.831739],[-74.705418,-14.831594],[-74.705199,-14.831528],[-74.7036,-14.83137],[-74.703147,-14.831299],[-74.702935,-14.831212],[-74.702553,-14.830962],[-74.701517,-14.830068],[-74.701329,-14.829941],[-74.701118,-14.829852],[-74.700893,-14.829817],[-74.699517,-14.829878],[-74.699059,-14.829851],[-74.69861,-14.82976],[-74.696651,-14.829114],[-74.696437,-14.829144],[-74.696314,-14.829331],[-74.69619,-14.829765],[-74.696072,-14.829958],[-74.695911,-14.830119],[-74.695726,-14.830251],[-74.69551,-14.830323],[-74.695281,-14.830322],[-74.695059,-14.830268],[-74.694855,-14.830166],[-74.692873,-14.829026],[-74.692654,-14.828957],[-74.692204,-14.828871],[-74.691746,-14.828854],[-74.691288,-14.828891],[-74.691065,-14.828935],[-74.690209,-14.829259],[-74.689984,-14.829302],[-74.689525,-14.829299],[-74.689069,-14.829247],[-74.687233,-14.82929],[-74.687004,-14.829274],[-74.686103,-14.829104],[-74.685415,-14.8291],[-74.685188,-14.829075],[-74.684994,-14.828964],[-74.684667,-14.828648],[-74.684473,-14.828528],[-74.684252,-14.828469],[-74.684023,-14.828468],[-74.6836,-14.828641],[-74.683396,-14.828577],[-74.683455,-14.828382],[-74.684096,-14.828137],[-74.684324,-14.828124],[-74.684547,-14.828173],[-74.684972,-14.828344],[-74.685195,-14.828393],[-74.685423,-14.82841],[-74.68634,-14.828459],[-74.68657,-14.828451],[-74.687248,-14.828337],[-74.687467,-14.828268],[-74.688687,-14.827643],[-74.68882,-14.827463],[-74.688853,-14.827242],[-74.688777,-14.827032],[-74.688609,-14.82688],[-74.68817,-14.826749],[-74.687723,-14.826647],[-74.687516,-14.82655],[-74.687324,-14.826426],[-74.686137,-14.82536],[-74.685932,-14.825262],[-74.685713,-14.825196],[-74.685259,-14.825131],[-74.685057,-14.825029],[-74.684907,-14.824861],[-74.684807,-14.824658],[-74.684388,-14.823606],[-74.68428,-14.823408],[-74.683971,-14.823075],[-74.683791,-14.822936],[-74.683582,-14.822846],[-74.682437,-14.822841],[-74.682212,-14.822801],[-74.681992,-14.822736],[-74.681583,-14.822531],[-74.681365,-14.822464],[-74.680678,-14.822487],[-74.680455,-14.822443],[-74.680239,-14.822366],[-74.68004,-14.822254],[-74.678326,-14.821118],[-74.678123,-14.821014],[-74.677901,-14.821012],[-74.677467,-14.821155],[-74.677239,-14.821178],[-74.677012,-14.821145],[-74.676795,-14.821075],[-74.676604,-14.820952],[-74.676431,-14.820806],[-74.676296,-14.820623],[-74.676108,-14.82021],[-74.675985,-14.820021],[-74.675688,-14.819676],[-74.675524,-14.819519],[-74.675326,-14.819407],[-74.675102,-14.819357],[-74.673963,-14.819221],[-74.673736,-14.819249],[-74.672667,-14.819659],[-74.672442,-14.8197],[-74.672216,-14.819674],[-74.672037,-14.819535],[-74.671959,-14.819325],[-74.671961,-14.8191],[-74.672098,-14.818207],[-74.672042,-14.817758],[-74.671984,-14.817541],[-74.671868,-14.817348],[-74.671715,-14.81718],[-74.670695,-14.816268],[-74.670513,-14.816131],[-74.670298,-14.816053],[-74.670072,-14.816064],[-74.669863,-14.816151],[-74.66928,-14.816514],[-74.669063,-14.81658],[-74.668834,-14.816561],[-74.668616,-14.816493],[-74.667765,-14.816152],[-74.667546,-14.816086],[-74.66732,-14.816051],[-74.666408,-14.816148],[-74.666179,-14.816152],[-74.665959,-14.816092],[-74.665779,-14.815959],[-74.665658,-14.815768],[-74.66559,-14.815552],[-74.66549,-14.81535],[-74.664861,-14.814691],[-74.664744,-14.814499],[-74.664727,-14.814276],[-74.66494,-14.813635],[-74.664931,-14.813416],[-74.664794,-14.813238],[-74.664293,-14.812773],[-74.664153,-14.812595],[-74.66409,-14.81238],[-74.664103,-14.812155],[-74.664158,-14.811935],[-74.664229,-14.811722],[-74.664423,-14.811625],[-74.664626,-14.811707],[-74.664972,-14.812291],[-74.665106,-14.812476],[-74.665942,-14.813249],[-74.666113,-14.8134],[-74.666329,-14.81346],[-74.666548,-14.813404],[-74.666722,-14.813261],[-74.666796,-14.81305],[-74.666781,-14.812598],[-74.666816,-14.812376],[-74.666925,-14.812177],[-74.667063,-14.811997],[-74.667163,-14.811797],[-74.6672,-14.811574],[-74.667205,-14.811349],[-74.667132,-14.811137],[-74.666975,-14.810975],[-74.666777,-14.810864],[-74.664899,-14.810014],[-74.664699,-14.809905],[-74.664334,-14.809632],[-74.662939,-14.808455],[-74.662568,-14.808189],[-74.661794,-14.807703],[-74.661612,-14.807567],[-74.661454,-14.807404],[-74.661318,-14.807222],[-74.660557,-14.806091],[-74.660409,-14.805919],[-74.660238,-14.805769],[-74.660042,-14.805653],[-74.659624,-14.805466],[-74.659218,-14.805254],[-74.65913,-14.805053],[-74.659169,-14.804832],[-74.659529,-14.804001],[-74.659573,-14.803782],[-74.659503,-14.803571],[-74.659371,-14.803389],[-74.659187,-14.803254],[-74.658977,-14.803166],[-74.658753,-14.803118],[-74.658524,-14.803104],[-74.65831,-14.803031],[-74.657778,-14.802602],[-74.657569,-14.802513],[-74.657112,-14.80249],[-74.656941,-14.802353],[-74.656916,-14.802131],[-74.656939,-14.801454],[-74.656891,-14.801233],[-74.656819,-14.801019],[-74.656715,-14.800817],[-74.656597,-14.800624],[-74.656447,-14.800454],[-74.656262,-14.800322],[-74.656052,-14.80023],[-74.654968,-14.799863],[-74.654768,-14.799752],[-74.654117,-14.799117],[-74.653928,-14.79899],[-74.65372,-14.798896],[-74.653069,-14.798673],[-74.652873,-14.798558],[-74.650959,-14.796609],[-74.650821,-14.796429],[-74.650723,-14.796225],[-74.65068,-14.796005],[-74.650692,-14.79578],[-74.650743,-14.79556],[-74.650946,-14.794912],[-74.651141,-14.794803],[-74.651826,-14.794831],[-74.65205,-14.794797],[-74.652249,-14.794686],[-74.652384,-14.794508],[-74.652449,-14.794294],[-74.652428,-14.794069],[-74.652282,-14.793641],[-74.651858,-14.792591],[-74.651721,-14.792411],[-74.651555,-14.792256],[-74.651188,-14.791984],[-74.650799,-14.791744],[-74.649746,-14.791298],[-74.647707,-14.790971],[-74.64679,-14.790928],[-74.646334,-14.790877],[-74.64611,-14.790831],[-74.645894,-14.790755],[-74.644435,-14.790091],[-74.644027,-14.789885],[-74.641866,-14.788598],[-74.641495,-14.788331],[-74.641151,-14.788032],[-74.64067,-14.787547],[-74.640538,-14.787362],[-74.640185,-14.786781],[-74.639773,-14.786239],[-74.639535,-14.785854],[-74.63892,-14.784392],[-74.638802,-14.784206],[-74.638593,-14.784247],[-74.638559,-14.784461],[-74.638895,-14.785301],[-74.639214,-14.786386],[-74.639313,-14.786589],[-74.639612,-14.786931],[-74.639731,-14.787121],[-74.639672,-14.787319],[-74.639469,-14.787269],[-74.639337,-14.787085],[-74.639127,-14.786683],[-74.638718,-14.785626],[-74.638612,-14.785426],[-74.637697,-14.784126],[-74.637573,-14.783936],[-74.637374,-14.783528],[-74.637252,-14.783337],[-74.636784,-14.782841],[-74.636593,-14.782431],[-74.636461,-14.782247],[-74.635146,-14.780985],[-74.634531,-14.780683],[-74.634344,-14.780554],[-74.634204,-14.780377],[-74.633968,-14.779989],[-74.633875,-14.779784],[-74.63391,-14.779567],[-74.634109,-14.779472],[-74.634317,-14.779555],[-74.634669,-14.779846],[-74.634878,-14.77992],[-74.635089,-14.779841],[-74.63516,-14.779629],[-74.63511,-14.779409],[-74.634968,-14.779234],[-74.633587,-14.778428],[-74.63336,-14.778405],[-74.633144,-14.778468],[-74.632976,-14.778615],[-74.632866,-14.778813],[-74.6327,-14.778953],[-74.632474,-14.778977],[-74.632248,-14.778937],[-74.632043,-14.778844],[-74.631878,-14.778688],[-74.630987,-14.777653],[-74.630805,-14.777517],[-74.630601,-14.777413],[-74.630382,-14.777349],[-74.629703,-14.777235],[-74.629484,-14.777171],[-74.629282,-14.777064],[-74.629098,-14.776931],[-74.628063,-14.776035],[-74.627746,-14.775709],[-74.626303,-14.773668],[-74.626001,-14.773329],[-74.624161,-14.771626],[-74.622691,-14.770543],[-74.621159,-14.769178],[-74.620361,-14.768365],[-74.619449,-14.767348],[-74.619312,-14.767167],[-74.61908,-14.766777],[-74.618981,-14.766573],[-74.618501,-14.765302],[-74.618402,-14.765098],[-74.618272,-14.764911],[-74.617943,-14.764598],[-74.61707,-14.763865],[-74.615782,-14.762918],[-74.615609,-14.762769],[-74.61546,-14.762599],[-74.615331,-14.762412],[-74.615232,-14.762208],[-74.614723,-14.760948],[-74.614533,-14.760536],[-74.614407,-14.760347],[-74.614256,-14.760178],[-74.613904,-14.759888],[-74.613703,-14.759779],[-74.613487,-14.759706],[-74.612587,-14.759531],[-74.611938,-14.759304],[-74.611491,-14.759203],[-74.611033,-14.759203],[-74.610809,-14.75925],[-74.610152,-14.759454],[-74.609927,-14.759492],[-74.609468,-14.759506],[-74.609239,-14.759492],[-74.609011,-14.759463],[-74.608797,-14.759384],[-74.608613,-14.759253],[-74.606507,-14.75717],[-74.606143,-14.756894],[-74.603122,-14.754837],[-74.602963,-14.754676],[-74.602846,-14.754482],[-74.602561,-14.753864],[-74.602424,-14.753686],[-74.602235,-14.753557],[-74.601015,-14.752928],[-74.600581,-14.752785],[-74.599911,-14.752627],[-74.599478,-14.75248],[-74.598896,-14.752117],[-74.597473,-14.751382],[-74.595772,-14.750701],[-74.591665,-14.748677],[-74.591235,-14.748521],[-74.59079,-14.74841],[-74.590584,-14.748311],[-74.588198,-14.746955],[-74.58652,-14.745768],[-74.586137,-14.745519],[-74.585931,-14.745419],[-74.585491,-14.74529],[-74.585265,-14.745256],[-74.584578,-14.745215],[-74.584352,-14.745178],[-74.58413,-14.745122],[-74.58392,-14.745031],[-74.58373,-14.744905],[-74.583563,-14.74475],[-74.583097,-14.744251],[-74.583016,-14.744044],[-74.583044,-14.743823],[-74.583186,-14.74365],[-74.583391,-14.743552],[-74.583839,-14.743454],[-74.584295,-14.74341],[-74.584522,-14.74344],[-74.584741,-14.743506],[-74.585165,-14.743679],[-74.585367,-14.743787],[-74.585938,-14.74416],[-74.586163,-14.744179],[-74.586328,-14.744034],[-74.586328,-14.743815],[-74.586166,-14.743663],[-74.584916,-14.743095],[-74.584509,-14.742886],[-74.5842,-14.742555],[-74.583199,-14.741039],[-74.583033,-14.740884],[-74.58283,-14.740782],[-74.582182,-14.740551],[-74.581797,-14.740307],[-74.581266,-14.739875],[-74.581078,-14.739745],[-74.580874,-14.739642],[-74.580662,-14.739556],[-74.579783,-14.739294],[-74.579379,-14.739082],[-74.578147,-14.738067],[-74.57765,-14.737597],[-74.576861,-14.736777],[-74.576673,-14.73665],[-74.576231,-14.73653],[-74.576006,-14.736489],[-74.575776,-14.736483],[-74.574637,-14.736614],[-74.57419,-14.736713],[-74.57354,-14.736938],[-74.57333,-14.737027],[-74.573135,-14.737145],[-74.571944,-14.738206],[-74.57173,-14.738259],[-74.571547,-14.738133],[-74.570918,-14.737476],[-74.570705,-14.7374],[-74.570476,-14.737379],[-74.570256,-14.737323],[-74.569303,-14.736696],[-74.569095,-14.736604],[-74.568869,-14.736586],[-74.567956,-14.736683],[-74.567727,-14.73668],[-74.567502,-14.736637],[-74.567289,-14.736554],[-74.567095,-14.736433],[-74.564545,-14.734506],[-74.564356,-14.734377],[-74.564152,-14.734277],[-74.563927,-14.73423],[-74.563698,-14.73424],[-74.563474,-14.734289],[-74.563038,-14.734431],[-74.562814,-14.734473],[-74.562585,-14.734477],[-74.560991,-14.734279],[-74.560773,-14.734211],[-74.560571,-14.734102],[-74.559854,-14.733539],[-74.55966,-14.733418],[-74.559452,-14.733326],[-74.558367,-14.732956],[-74.558156,-14.732867],[-74.557989,-14.732718],[-74.557731,-14.73209],[-74.557079,-14.731456],[-74.55634,-14.73092],[-74.556169,-14.730769],[-74.55587,-14.730427],[-74.555653,-14.73003],[-74.555593,-14.729812],[-74.55554,-14.729136],[-74.555473,-14.72892],[-74.555254,-14.728524],[-74.555169,-14.728314],[-74.554935,-14.727677],[-74.554879,-14.727457],[-74.554828,-14.727009],[-74.554813,-14.726557],[-74.554735,-14.726113],[-74.554651,-14.725903],[-74.55452,-14.725718],[-74.553642,-14.724673],[-74.553515,-14.724485],[-74.55331,-14.723839],[-74.553265,-14.723618],[-74.553363,-14.722948],[-74.553348,-14.722724],[-74.553283,-14.722508],[-74.552005,-14.719852],[-74.551753,-14.719475],[-74.551111,-14.718831],[-74.550715,-14.718604],[-74.550075,-14.718351],[-74.549641,-14.718206],[-74.549413,-14.71818],[-74.548725,-14.718157],[-74.548506,-14.718092],[-74.548122,-14.717847],[-74.547791,-14.717534],[-74.547642,-14.717363],[-74.547249,-14.716806],[-74.546624,-14.716144],[-74.54624,-14.715583],[-74.546067,-14.715434],[-74.545497,-14.715054],[-74.545327,-14.714905],[-74.545223,-14.714703],[-74.544971,-14.714072],[-74.544857,-14.713876],[-74.544571,-14.713523],[-74.544403,-14.71337],[-74.543487,-14.712688],[-74.543269,-14.712623],[-74.542583,-14.712649],[-74.542125,-14.712621],[-74.54077,-14.71238],[-74.540343,-14.712216],[-74.539989,-14.711931],[-74.539862,-14.711744],[-74.53978,-14.711533],[-74.539606,-14.710647],[-74.539386,-14.710252],[-74.539111,-14.70989],[-74.538993,-14.709698],[-74.538946,-14.709478],[-74.538969,-14.709028],[-74.538945,-14.708576],[-74.538885,-14.708359],[-74.538772,-14.708163],[-74.538092,-14.707562],[-74.538015,-14.70735],[-74.538021,-14.707126],[-74.538117,-14.706685],[-74.538094,-14.706461],[-74.537975,-14.706025],[-74.537872,-14.705823],[-74.537732,-14.705647],[-74.537537,-14.705536],[-74.53643,-14.705241],[-74.536202,-14.705216],[-74.535517,-14.705272],[-74.535058,-14.705279],[-74.534601,-14.705242],[-74.534388,-14.705164],[-74.533793,-14.704822],[-74.533581,-14.704737],[-74.533354,-14.704715],[-74.533127,-14.704732],[-74.532914,-14.704814],[-74.532515,-14.705039],[-74.532305,-14.705128],[-74.532081,-14.705175],[-74.531623,-14.70518],[-74.531408,-14.705106],[-74.531223,-14.704973],[-74.531066,-14.704808],[-74.530791,-14.704447],[-74.530674,-14.704253],[-74.530488,-14.70384],[-74.530417,-14.703625],[-74.53038,-14.703402],[-74.530372,-14.703176],[-74.5303,-14.702965],[-74.52988,-14.702428],[-74.529621,-14.702055],[-74.529471,-14.701884],[-74.528977,-14.701416],[-74.528769,-14.701322],[-74.528551,-14.701255],[-74.528348,-14.701151],[-74.52817,-14.70101],[-74.527868,-14.700671],[-74.527756,-14.700473],[-74.52762,-14.700293],[-74.527442,-14.700151],[-74.527239,-14.700048],[-74.526787,-14.699986],[-74.526573,-14.699909],[-74.525782,-14.699451],[-74.525559,-14.699411],[-74.524881,-14.69952],[-74.523965,-14.699463],[-74.523743,-14.699408],[-74.523538,-14.699306],[-74.522564,-14.698709],[-74.522353,-14.698623],[-74.521449,-14.698473],[-74.521232,-14.698398],[-74.52082,-14.698201],[-74.52063,-14.698075],[-74.520287,-14.697775],[-74.520077,-14.69769],[-74.51918,-14.697503],[-74.518975,-14.697401],[-74.518408,-14.697018],[-74.518257,-14.696848],[-74.518143,-14.696652],[-74.517889,-14.695784],[-74.517671,-14.694675],[-74.517497,-14.694542],[-74.51658,-14.694508],[-74.516354,-14.694471],[-74.516143,-14.694382],[-74.51595,-14.694261],[-74.515785,-14.694104],[-74.514889,-14.693074],[-74.514705,-14.692943],[-74.513822,-14.692707],[-74.513609,-14.692624],[-74.513409,-14.692512],[-74.513062,-14.692217],[-74.5118,-14.690903],[-74.511456,-14.690604],[-74.510233,-14.689982],[-74.507027,-14.688746],[-74.506579,-14.688652],[-74.504763,-14.688378],[-74.50454,-14.688327],[-74.504326,-14.688246],[-74.504125,-14.688136],[-74.502988,-14.687372],[-74.502817,-14.687222],[-74.501806,-14.685991],[-74.501658,-14.685819],[-74.501489,-14.685667],[-74.501279,-14.68558],[-74.501053,-14.685544],[-74.492369,-14.684724],[-74.491916,-14.684649],[-74.491702,-14.684569],[-74.491498,-14.684466],[-74.469235,-14.671348],[-74.46883,-14.671135],[-74.468188,-14.670892],[-74.467969,-14.670824],[-74.440864,-14.664827],[-74.432345,-14.662974],[-74.432117,-14.662953],[-74.43189,-14.662974],[-74.428354,-14.663954],[-74.411138,-14.668811],[-74.410469,-14.668969],[-74.409783,-14.669027],[-74.409325,-14.669004],[-74.408871,-14.668939],[-74.404024,-14.667539],[-74.401176,-14.666662],[-74.380252,-14.660598],[-74.369478,-14.657406],[-74.363089,-14.655561],[-74.36264,-14.655469],[-74.361731,-14.655343],[-74.359896,-14.655263],[-74.35898,-14.65532],[-74.342575,-14.657319],[-74.342116,-14.65734],[-74.33982,-14.657331],[-74.329718,-14.657409],[-74.329261,-14.657441],[-74.329035,-14.657484],[-74.328817,-14.657553],[-74.324698,-14.658967],[-74.317991,-14.661314],[-74.317771,-14.661371],[-74.317542,-14.66139],[-74.317314,-14.661365],[-74.315043,-14.661036],[-74.314169,-14.66076],[-74.313941,-14.660732],[-74.312118,-14.660943],[-74.311431,-14.660986],[-74.309607,-14.660777],[-74.309385,-14.660722],[-74.309195,-14.660596],[-74.309043,-14.660429],[-74.308954,-14.660223],[-74.308932,-14.659999],[-74.309095,-14.658425],[-74.309139,-14.658203],[-74.309212,-14.657989],[-74.311747,-14.653687],[-74.311885,-14.653508],[-74.312391,-14.653047],[-74.312541,-14.652878],[-74.312623,-14.652668],[-74.312654,-14.652445],[-74.312728,-14.651544],[-74.312695,-14.651321],[-74.312591,-14.65112],[-74.312446,-14.650946],[-74.312086,-14.650667],[-74.310873,-14.650024],[-74.310677,-14.649907],[-74.310519,-14.649745],[-74.310424,-14.649541],[-74.310427,-14.649319],[-74.310511,-14.649111],[-74.310896,-14.648549],[-74.310954,-14.648334],[-74.310914,-14.648114],[-74.310772,-14.647939],[-74.310261,-14.647487],[-74.310158,-14.647288],[-74.309926,-14.646182],[-74.309764,-14.646031],[-74.308183,-14.645748],[-74.307962,-14.64569],[-74.307745,-14.645615],[-74.306498,-14.645039],[-74.306355,-14.644867],[-74.306226,-14.644434],[-74.30568,-14.64344],[-74.305498,-14.643307],[-74.305057,-14.643185],[-74.304849,-14.643096],[-74.304713,-14.642919],[-74.304557,-14.642495],[-74.304288,-14.642129],[-74.304123,-14.641973],[-74.30335,-14.641488],[-74.302826,-14.641048],[-74.30263,-14.640937],[-74.302402,-14.640927],[-74.30063,-14.641402],[-74.300405,-14.641436],[-74.300179,-14.64141],[-74.299518,-14.641217],[-74.299308,-14.641131],[-74.299199,-14.640939],[-74.299224,-14.640719],[-74.300584,-14.638103],[-74.300682,-14.637899],[-74.300682,-14.637678],[-74.300602,-14.637468],[-74.300127,-14.636694],[-74.299864,-14.636324],[-74.299561,-14.635984],[-74.29824,-14.634728],[-74.298058,-14.634592],[-74.297855,-14.634487],[-74.296358,-14.63391],[-74.296133,-14.633868],[-74.295905,-14.633883],[-74.295681,-14.633929],[-74.293894,-14.634346],[-74.293672,-14.634404],[-74.293463,-14.634493],[-74.293317,-14.634663],[-74.292741,-14.635641],[-74.292654,-14.635849],[-74.292587,-14.636296],[-74.292523,-14.636511],[-74.292407,-14.636706],[-74.291869,-14.637438],[-74.291765,-14.637639],[-74.291394,-14.638945],[-74.291374,-14.639169],[-74.291458,-14.639613],[-74.29146,-14.639835],[-74.291359,-14.640029],[-74.291182,-14.640168],[-74.289632,-14.640588],[-74.288983,-14.640814],[-74.288347,-14.641074],[-74.287911,-14.641215],[-74.286136,-14.641681],[-74.285911,-14.641727],[-74.285684,-14.641724],[-74.285504,-14.641594],[-74.285427,-14.641386],[-74.285428,-14.641161],[-74.285539,-14.640036],[-74.285526,-14.639811],[-74.284448,-14.636591],[-74.284272,-14.636174],[-74.284296,-14.635956],[-74.284854,-14.634968],[-74.285131,-14.634609],[-74.28578,-14.63397],[-74.285904,-14.633779],[-74.285982,-14.633567],[-74.286704,-14.630715],[-74.287598,-14.627911],[-74.287633,-14.627691],[-74.2875,-14.627517],[-74.287048,-14.627455],[-74.28691,-14.627301],[-74.287003,-14.6271],[-74.28714,-14.62692],[-74.287309,-14.626768],[-74.287735,-14.626603],[-74.288386,-14.625967],[-74.288569,-14.625832],[-74.288768,-14.62572],[-74.289394,-14.625438],[-74.28959,-14.625321],[-74.290345,-14.624471],[-74.290526,-14.624333],[-74.291505,-14.623744],[-74.291656,-14.623574],[-74.291997,-14.622736],[-74.29211,-14.622539],[-74.29251,-14.621988],[-74.292595,-14.621778],[-74.292609,-14.621553],[-74.292555,-14.621335],[-74.292414,-14.621159],[-74.29189,-14.62072],[-74.291594,-14.620376],[-74.291465,-14.620189],[-74.291418,-14.619975],[-74.291502,-14.619769],[-74.291838,-14.619461],[-74.292045,-14.619376],[-74.292273,-14.619389],[-74.292953,-14.619493],[-74.293181,-14.619497],[-74.293403,-14.619448],[-74.2936,-14.619333],[-74.29377,-14.619184],[-74.294224,-14.618674],[-74.294326,-14.618474],[-74.294334,-14.61825],[-74.294108,-14.616912],[-74.294017,-14.616705],[-74.293688,-14.616109],[-74.293517,-14.615965],[-74.293305,-14.615878],[-74.293107,-14.615766],[-74.292185,-14.614759],[-74.2919,-14.614404],[-74.291648,-14.614028],[-74.291445,-14.613933],[-74.288703,-14.61368],[-74.288475,-14.613685],[-74.288298,-14.613819],[-74.288191,-14.614019],[-74.288008,-14.614144],[-74.287794,-14.614083],[-74.28746,-14.613774],[-74.287248,-14.613703],[-74.287039,-14.613788],[-74.286911,-14.613972],[-74.286535,-14.614797],[-74.286418,-14.614991],[-74.285847,-14.615698],[-74.285658,-14.615825],[-74.285222,-14.615964],[-74.284767,-14.61602],[-74.284537,-14.616011],[-74.284314,-14.616055],[-74.284118,-14.616168],[-74.283396,-14.616726],[-74.282828,-14.617109],[-74.28222,-14.617428],[-74.282007,-14.617511],[-74.281343,-14.617684],[-74.28093,-14.617875],[-74.280704,-14.617857],[-74.280266,-14.617721],[-74.280044,-14.617676],[-74.279817,-14.617692],[-74.279606,-14.617776],[-74.279213,-14.618009],[-74.279028,-14.618143],[-74.278761,-14.618508],[-74.27845,-14.61884],[-74.278114,-14.619148],[-74.277933,-14.619287],[-74.277546,-14.61953],[-74.277369,-14.619674],[-74.277215,-14.619841],[-74.276682,-14.620576],[-74.276531,-14.620743],[-74.276321,-14.620701],[-74.276346,-14.620494],[-74.27669,-14.620198],[-74.27682,-14.620012],[-74.277026,-14.619609],[-74.277302,-14.619249],[-74.278266,-14.618281],[-74.278398,-14.618096],[-74.279013,-14.616882],[-74.279135,-14.616692],[-74.279479,-14.616396],[-74.279694,-14.61633],[-74.279919,-14.616364],[-74.280328,-14.61657],[-74.280552,-14.616609],[-74.280731,-14.616477],[-74.28102,-14.616126],[-74.281143,-14.615936],[-74.28117,-14.615261],[-74.281272,-14.615069],[-74.281451,-14.614927],[-74.28158,-14.614748],[-74.281446,-14.614586],[-74.281241,-14.614659],[-74.280982,-14.615032],[-74.280882,-14.615234],[-74.280876,-14.615682],[-74.280753,-14.615867],[-74.280557,-14.615984],[-74.280338,-14.616017],[-74.280142,-14.615903],[-74.279772,-14.615635],[-74.27956,-14.61556],[-74.279355,-14.615655],[-74.275297,-14.618614],[-74.275084,-14.618694],[-74.274857,-14.618682],[-74.274654,-14.618581],[-74.274268,-14.618336],[-74.274051,-14.618269],[-74.273823,-14.618271],[-74.2736,-14.618319],[-74.272771,-14.618707],[-74.272398,-14.618957],[-74.272275,-14.618811],[-74.27243,-14.618656],[-74.273052,-14.618366],[-74.274378,-14.617475],[-74.274605,-14.617475],[-74.27504,-14.61761],[-74.275221,-14.617491],[-74.275455,-14.616855],[-74.275609,-14.616691],[-74.276017,-14.616485],[-74.276182,-14.616336],[-74.276344,-14.615916],[-74.276535,-14.615815],[-74.276763,-14.61584],[-74.276988,-14.615813],[-74.277166,-14.615674],[-74.277492,-14.615078],[-74.277651,-14.614917],[-74.277848,-14.614803],[-74.278282,-14.614659],[-74.278486,-14.614557],[-74.279007,-14.614113],[-74.279157,-14.613944],[-74.279206,-14.61373],[-74.279127,-14.61352],[-74.278919,-14.613118],[-74.278725,-14.612471],[-74.278219,-14.611717],[-74.27811,-14.611519],[-74.278097,-14.611298],[-74.27837,-14.610436],[-74.278496,-14.61025],[-74.278701,-14.610151],[-74.279581,-14.609895],[-74.27978,-14.609784],[-74.281081,-14.608856],[-74.281098,-14.608639],[-74.280919,-14.608499],[-74.280109,-14.608075],[-74.279924,-14.607942],[-74.279291,-14.607288],[-74.279106,-14.607155],[-74.278906,-14.607047],[-74.27848,-14.606878],[-74.278276,-14.606774],[-74.278008,-14.606413],[-74.277816,-14.6063],[-74.277366,-14.606213],[-74.277196,-14.606075],[-74.27719,-14.605856],[-74.277285,-14.605653],[-74.278087,-14.604281],[-74.278249,-14.604126],[-74.278474,-14.604106],[-74.279155,-14.604207],[-74.279611,-14.604247],[-74.279818,-14.604161],[-74.279979,-14.604001],[-74.28008,-14.603803],[-74.279917,-14.603386],[-74.279863,-14.603168],[-74.279902,-14.602948],[-74.280028,-14.602759],[-74.280595,-14.602049],[-74.280775,-14.60191],[-74.281402,-14.601638],[-74.281574,-14.601488],[-74.28177,-14.601373],[-74.281989,-14.601308],[-74.283119,-14.601112],[-74.283257,-14.600949],[-74.283165,-14.600754],[-74.28294,-14.600739],[-74.281166,-14.601206],[-74.280708,-14.60118],[-74.280254,-14.601116],[-74.280043,-14.60118],[-74.279946,-14.601382],[-74.279879,-14.601828],[-74.279783,-14.602033],[-74.279101,-14.602942],[-74.278944,-14.603102],[-74.278722,-14.603084],[-74.27797,-14.602565],[-74.27776,-14.602474],[-74.277103,-14.602271],[-74.276881,-14.602299],[-74.276528,-14.602576],[-74.276324,-14.602509],[-74.276014,-14.602177],[-74.275918,-14.601974],[-74.275941,-14.601752],[-74.276292,-14.600676],[-74.276337,-14.600456],[-74.27624,-14.600255],[-74.275963,-14.599895],[-74.275807,-14.599731],[-74.275611,-14.599615],[-74.2754,-14.599527],[-74.27518,-14.599467],[-74.274957,-14.599493],[-74.274782,-14.599637],[-74.273646,-14.600756],[-74.273505,-14.600931],[-74.273506,-14.601154],[-74.273607,-14.601595],[-74.273568,-14.601815],[-74.272905,-14.603003],[-74.272761,-14.603172],[-74.27254,-14.603178],[-74.272397,-14.60301],[-74.272266,-14.602576],[-74.272158,-14.602382],[-74.271945,-14.602363],[-74.271788,-14.602522],[-74.271578,-14.602924],[-74.271512,-14.60314],[-74.271433,-14.604267],[-74.271444,-14.604492],[-74.271545,-14.604694],[-74.271707,-14.604851],[-74.272846,-14.605614],[-74.27296,-14.605793],[-74.272844,-14.605975],[-74.272286,-14.606373],[-74.272178,-14.606561],[-74.27217,-14.606785],[-74.272237,-14.60746],[-74.272298,-14.607676],[-74.272465,-14.607828],[-74.272654,-14.607956],[-74.272677,-14.60816],[-74.272493,-14.608287],[-74.272291,-14.608393],[-74.272145,-14.608564],[-74.271628,-14.609573],[-74.27158,-14.609792],[-74.271801,-14.610668],[-74.271836,-14.610888],[-74.271694,-14.611054],[-74.271472,-14.61106],[-74.270819,-14.610843],[-74.270591,-14.610843],[-74.27038,-14.61093],[-74.270208,-14.611078],[-74.269611,-14.611765],[-74.269445,-14.61192],[-74.269245,-14.61203],[-74.269026,-14.612091],[-74.268338,-14.612112],[-74.268116,-14.612166],[-74.267939,-14.612307],[-74.266629,-14.613574],[-74.266481,-14.613746],[-74.266395,-14.613954],[-74.266364,-14.614629],[-74.266098,-14.615495],[-74.266012,-14.615701],[-74.265837,-14.61584],[-74.265622,-14.615919],[-74.265463,-14.616066],[-74.26535,-14.616733],[-74.26528,-14.616948],[-74.265102,-14.617365],[-74.264984,-14.617558],[-74.264708,-14.617919],[-74.26462,-14.618126],[-74.264587,-14.618575],[-74.26446,-14.618742],[-74.26424,-14.6187],[-74.264026,-14.618618],[-74.2638,-14.61862],[-74.26362,-14.618756],[-74.263321,-14.619099],[-74.263226,-14.619304],[-74.263158,-14.619751],[-74.263092,-14.619963],[-74.26294,-14.620128],[-74.262737,-14.620229],[-74.262309,-14.620393],[-74.262087,-14.620431],[-74.262048,-14.620242],[-74.262241,-14.620123],[-74.262655,-14.619929],[-74.262839,-14.619801],[-74.262884,-14.619592],[-74.262647,-14.619209],[-74.262618,-14.618992],[-74.262696,-14.618781],[-74.262807,-14.618583],[-74.262958,-14.618414],[-74.263548,-14.618072],[-74.263661,-14.617878],[-74.263986,-14.61656],[-74.26401,-14.616109],[-74.263936,-14.615435],[-74.263954,-14.615213],[-74.264138,-14.615083],[-74.264298,-14.614937],[-74.264315,-14.614489],[-74.264375,-14.614272],[-74.264715,-14.613432],[-74.264761,-14.613212],[-74.26479,-14.612762],[-74.264879,-14.612558],[-74.265402,-14.611815],[-74.2655,-14.611611],[-74.265532,-14.611393],[-74.26542,-14.6112],[-74.265216,-14.611102],[-74.264993,-14.611131],[-74.264832,-14.611286],[-74.264602,-14.611677],[-74.264011,-14.612369],[-74.263904,-14.612568],[-74.263705,-14.613217],[-74.263617,-14.613421],[-74.263445,-14.613567],[-74.263019,-14.613736],[-74.262821,-14.613847],[-74.262663,-14.614008],[-74.262381,-14.614366],[-74.262205,-14.614509],[-74.261604,-14.61484],[-74.261398,-14.614938],[-74.261173,-14.61498],[-74.260721,-14.614987],[-74.260586,-14.615162],[-74.260538,-14.615609],[-74.260435,-14.615804],[-74.260232,-14.615903],[-74.258874,-14.616123],[-74.258685,-14.616245],[-74.258565,-14.616435],[-74.258463,-14.616876],[-74.258384,-14.617087],[-74.257923,-14.617588],[-74.257803,-14.617778],[-74.257738,-14.617994],[-74.257554,-14.618879],[-74.257414,-14.619056],[-74.257209,-14.619152],[-74.256985,-14.619199],[-74.256776,-14.619292],[-74.255672,-14.620101],[-74.255279,-14.62033],[-74.254831,-14.620425],[-74.254144,-14.620484],[-74.25392,-14.62053],[-74.253715,-14.620629],[-74.253548,-14.620782],[-74.253411,-14.620962],[-74.253323,-14.62117],[-74.253032,-14.622263],[-74.252968,-14.622711],[-74.252951,-14.623163],[-74.252913,-14.623385],[-74.252778,-14.62356],[-74.252562,-14.623616],[-74.252354,-14.623544],[-74.25223,-14.623359],[-74.252023,-14.622712],[-74.25198,-14.622491],[-74.251989,-14.622266],[-74.25283,-14.619922],[-74.25285,-14.619702],[-74.252765,-14.619494],[-74.252053,-14.618608],[-74.251888,-14.618453],[-74.251682,-14.618358],[-74.250795,-14.618128],[-74.250568,-14.618139],[-74.250343,-14.618186],[-74.249679,-14.618366],[-74.248785,-14.61857],[-74.248567,-14.618638],[-74.248365,-14.618744],[-74.247797,-14.619128],[-74.247202,-14.619816],[-74.247076,-14.620003],[-74.247004,-14.620218],[-74.24696,-14.620439],[-74.246873,-14.620645],[-74.246689,-14.620772],[-74.245558,-14.620965],[-74.2451,-14.620943],[-74.244192,-14.620826],[-74.243982,-14.620734],[-74.243804,-14.620591],[-74.243676,-14.620404],[-74.243597,-14.620193],[-74.243514,-14.619521],[-74.243449,-14.619305],[-74.243352,-14.619101],[-74.242777,-14.618123],[-74.242689,-14.617914],[-74.242649,-14.617692],[-74.242641,-14.617466],[-74.242689,-14.61611],[-74.242657,-14.615889],[-74.242494,-14.615744],[-74.242266,-14.615721],[-74.240201,-14.615774],[-74.239987,-14.615707],[-74.239844,-14.615531],[-74.2396,-14.61515],[-74.239399,-14.61508],[-74.239248,-14.615236],[-74.239056,-14.615647],[-74.238919,-14.615826],[-74.238712,-14.615921],[-74.23715,-14.616293],[-74.236933,-14.616364],[-74.23673,-14.616469],[-74.236164,-14.616856],[-74.235994,-14.617007],[-74.235752,-14.617389],[-74.23557,-14.617526],[-74.234761,-14.617954],[-74.234544,-14.618024],[-74.234324,-14.617981],[-74.234123,-14.617872],[-74.233901,-14.617871],[-74.233566,-14.618177],[-74.233358,-14.618267],[-74.233144,-14.618195],[-74.232734,-14.618001],[-74.232514,-14.618057],[-74.231682,-14.618441],[-74.231508,-14.618581],[-74.23144,-14.618794],[-74.231476,-14.619015],[-74.231864,-14.619834],[-74.231977,-14.620031],[-74.232119,-14.620208],[-74.232802,-14.620812],[-74.232987,-14.620945],[-74.233207,-14.620962],[-74.23365,-14.62085],[-74.233861,-14.620913],[-74.233989,-14.621094],[-74.234123,-14.621526],[-74.234655,-14.623493],[-74.234676,-14.623717],[-74.234668,-14.623942],[-74.234469,-14.625512],[-74.234473,-14.625737],[-74.234529,-14.625955],[-74.234902,-14.627025],[-74.234967,-14.627471],[-74.234949,-14.627923],[-74.234766,-14.629266],[-74.234667,-14.629469],[-74.234145,-14.630211],[-74.233971,-14.630628],[-74.233805,-14.630777],[-74.233586,-14.630837],[-74.233357,-14.63086],[-74.233131,-14.630829],[-74.232925,-14.630734],[-74.231992,-14.630075],[-74.231787,-14.62999],[-74.231382,-14.630195],[-74.231158,-14.630217],[-74.230939,-14.630153],[-74.230757,-14.630016],[-74.230627,-14.629831],[-74.230291,-14.62924],[-74.230159,-14.629058],[-74.229952,-14.628961],[-74.2282,-14.628419],[-74.228007,-14.628303],[-74.227886,-14.628112],[-74.227683,-14.627706],[-74.227558,-14.627517],[-74.226785,-14.626682],[-74.226616,-14.626531],[-74.226227,-14.626291],[-74.226054,-14.626144],[-74.225916,-14.625965],[-74.225562,-14.625383],[-74.225476,-14.625176],[-74.22545,-14.624729],[-74.225278,-14.624586],[-74.225072,-14.624489],[-74.22491,-14.624331],[-74.224552,-14.623752],[-74.224456,-14.623546],[-74.224395,-14.62333],[-74.224334,-14.622882],[-74.22421,-14.622712],[-74.224,-14.622761],[-74.22369,-14.62336],[-74.223487,-14.62346],[-74.222801,-14.623519],[-74.222572,-14.623511],[-74.222134,-14.623383],[-74.22195,-14.623481],[-74.221852,-14.623685],[-74.2218,-14.623901],[-74.2219,-14.624095],[-74.222101,-14.624197],[-74.22277,-14.624358],[-74.222955,-14.624486],[-74.222998,-14.624705],[-74.222988,-14.625383],[-74.223403,-14.626911],[-74.223956,-14.629106],[-74.224078,-14.629293],[-74.224443,-14.629563],[-74.224562,-14.629752],[-74.224591,-14.629974],[-74.224751,-14.630128],[-74.22512,-14.630397],[-74.225835,-14.631279],[-74.226079,-14.631661],[-74.226504,-14.632463],[-74.226589,-14.632672],[-74.22663,-14.632894],[-74.226615,-14.633119],[-74.226265,-14.634195],[-74.226162,-14.634396],[-74.226022,-14.634573],[-74.225854,-14.634727],[-74.225664,-14.634854],[-74.225261,-14.63507],[-74.224637,-14.635357],[-74.224449,-14.635485],[-74.223605,-14.63625],[-74.223487,-14.63644],[-74.223298,-14.637325],[-74.223266,-14.637549],[-74.223268,-14.637773],[-74.223347,-14.637985],[-74.223643,-14.638597],[-74.223669,-14.638821],[-74.223662,-14.639499],[-74.223638,-14.639722],[-74.223496,-14.639895],[-74.223309,-14.640025],[-74.22316,-14.640194],[-74.223035,-14.640383],[-74.222876,-14.640544],[-74.222505,-14.640811],[-74.222305,-14.64092],[-74.22208,-14.64096],[-74.2214,-14.640855],[-74.220984,-14.640668],[-74.220765,-14.640604],[-74.219618,-14.640564],[-74.218948,-14.640414],[-74.218721,-14.640389],[-74.218032,-14.640386],[-74.217823,-14.640468],[-74.217634,-14.640595],[-74.217428,-14.640692],[-74.217203,-14.64073],[-74.215834,-14.640592],[-74.215152,-14.64068],[-74.214945,-14.640601],[-74.214696,-14.640226],[-74.214489,-14.640138],[-74.214265,-14.640096],[-74.214068,-14.639987],[-74.213932,-14.639805],[-74.213825,-14.639607],[-74.21379,-14.639384],[-74.213797,-14.639158],[-74.213764,-14.638937],[-74.213547,-14.63854],[-74.21347,-14.638328],[-74.213409,-14.63788],[-74.213354,-14.637662],[-74.213245,-14.637463],[-74.213103,-14.637287],[-74.212579,-14.636848],[-74.21247,-14.63665],[-74.212426,-14.636428],[-74.212313,-14.63624],[-74.211901,-14.636044],[-74.211746,-14.635884],[-74.211702,-14.635663],[-74.211625,-14.634762],[-74.21155,-14.634554],[-74.211024,-14.634119],[-74.210927,-14.633918],[-74.210904,-14.633015],[-74.210941,-14.632792],[-74.211019,-14.63258],[-74.211034,-14.63236],[-74.210784,-14.631728],[-74.210674,-14.63153],[-74.210248,-14.630998],[-74.210068,-14.63086],[-74.209843,-14.630838],[-74.209157,-14.63089],[-74.208944,-14.630812],[-74.208405,-14.630394],[-74.208197,-14.630382],[-74.208169,-14.630594],[-74.208335,-14.631015],[-74.20838,-14.631236],[-74.20836,-14.631687],[-74.208301,-14.631905],[-74.208151,-14.632332],[-74.207885,-14.632957],[-74.207514,-14.633528],[-74.207285,-14.634166],[-74.207185,-14.63437],[-74.207038,-14.634541],[-74.205941,-14.635358],[-74.205721,-14.635334],[-74.205528,-14.635211],[-74.205307,-14.63518],[-74.204748,-14.635571],[-74.204332,-14.635761],[-74.203896,-14.635897],[-74.202527,-14.636045],[-74.20207,-14.63601],[-74.20185,-14.63606],[-74.201667,-14.636474],[-74.201538,-14.636659],[-74.200443,-14.637481],[-74.20028,-14.63764],[-74.200016,-14.638009],[-74.19914,-14.640098],[-74.198994,-14.640527],[-74.198892,-14.640968],[-74.198758,-14.641862],[-74.198745,-14.642314],[-74.198765,-14.642538],[-74.198862,-14.642979],[-74.198852,-14.643657],[-74.19892,-14.64433],[-74.198476,-14.645609],[-74.198309,-14.64576],[-74.198091,-14.645826],[-74.197412,-14.645935],[-74.197221,-14.646049],[-74.197065,-14.64647],[-74.196892,-14.646608],[-74.196669,-14.646658],[-74.196464,-14.646758],[-74.195903,-14.647151],[-74.195271,-14.647805],[-74.195064,-14.647899],[-74.193743,-14.648282],[-74.193557,-14.648408],[-74.193452,-14.648606],[-74.193375,-14.648819],[-74.19322,-14.64898],[-74.193002,-14.649037],[-74.192794,-14.648957],[-74.192659,-14.648778],[-74.192463,-14.648369],[-74.192314,-14.648203],[-74.192094,-14.648236],[-74.191679,-14.648768],[-74.191271,-14.648972],[-74.191078,-14.649093],[-74.190927,-14.649264],[-74.190813,-14.649459],[-74.190656,-14.649619],[-74.190446,-14.649708],[-74.189763,-14.649769],[-74.189317,-14.649878],[-74.188864,-14.649946],[-74.188178,-14.649917],[-74.187984,-14.650026],[-74.187845,-14.650206],[-74.187676,-14.650351],[-74.187452,-14.65033],[-74.187274,-14.65019],[-74.187002,-14.64983],[-74.186785,-14.649802],[-74.18666,-14.649979],[-74.186645,-14.650201],[-74.186709,-14.650417],[-74.18691,-14.650823],[-74.186858,-14.651026],[-74.186657,-14.651135],[-74.18649,-14.65128],[-74.186475,-14.6515],[-74.18689,-14.652306],[-74.187254,-14.653137],[-74.187379,-14.653325],[-74.187534,-14.65349],[-74.188266,-14.654036],[-74.188377,-14.65423],[-74.188342,-14.654449],[-74.188221,-14.654639],[-74.187903,-14.654965],[-74.187766,-14.655144],[-74.187674,-14.65535],[-74.187487,-14.656234],[-74.187269,-14.656877],[-74.187245,-14.657101],[-74.187254,-14.657326],[-74.187438,-14.658211],[-74.187401,-14.658434],[-74.18729,-14.658628],[-74.1871,-14.658752],[-74.186879,-14.658804],[-74.185971,-14.65894],[-74.185759,-14.659021],[-74.185652,-14.659212],[-74.185618,-14.659661],[-74.185492,-14.659843],[-74.185121,-14.66011],[-74.184998,-14.660293],[-74.185018,-14.660516],[-74.185157,-14.660947],[-74.1852,-14.661169],[-74.18516,-14.661618],[-74.185085,-14.662064],[-74.185018,-14.662279],[-74.184855,-14.662432],[-74.184431,-14.662601],[-74.184229,-14.66271],[-74.184087,-14.662884],[-74.183598,-14.663649],[-74.183437,-14.663802],[-74.183218,-14.663848],[-74.182988,-14.663842],[-74.182763,-14.663872],[-74.182565,-14.663984],[-74.18167,-14.66469],[-74.181527,-14.664866],[-74.181462,-14.665081],[-74.181384,-14.665526],[-74.181271,-14.665719],[-74.181097,-14.665866],[-74.180882,-14.665943],[-74.180657,-14.665922],[-74.180236,-14.665745],[-74.180013,-14.665704],[-74.179789,-14.665742],[-74.175794,-14.667972],[-74.175607,-14.6681],[-74.17544,-14.668255],[-74.175301,-14.668434],[-74.175125,-14.66885],[-74.174275,-14.671903],[-74.174175,-14.672104],[-74.17397,-14.67219],[-74.173753,-14.672132],[-74.17288,-14.671398],[-74.172556,-14.671078],[-74.172429,-14.670892],[-74.172337,-14.670685],[-74.172211,-14.670507],[-74.172002,-14.670532],[-74.171883,-14.670723],[-74.17161,-14.671586],[-74.17151,-14.671787],[-74.171352,-14.67195],[-74.170945,-14.672155],[-74.170762,-14.67229],[-74.170126,-14.673229],[-74.17003,-14.673433],[-74.16916,-14.675766],[-74.169193,-14.675984],[-74.169324,-14.67617],[-74.169414,-14.676375],[-74.16941,-14.676599],[-74.169368,-14.676822],[-74.169287,-14.677032],[-74.169167,-14.677223],[-74.168999,-14.677378],[-74.168459,-14.677798],[-74.168315,-14.677973],[-74.167314,-14.679489],[-74.167121,-14.679898],[-74.166618,-14.682103],[-74.16659,-14.682327],[-74.166641,-14.682543],[-74.167092,-14.683054],[-74.167191,-14.683257],[-74.167245,-14.683476],[-74.167279,-14.684153],[-74.167254,-14.684377],[-74.167174,-14.684588],[-74.167064,-14.684785],[-74.16529,-14.687149],[-74.165132,-14.687312],[-74.164926,-14.687405],[-74.164698,-14.68743],[-74.164033,-14.687263],[-74.163816,-14.687321],[-74.163328,-14.687796],[-74.163121,-14.68789],[-74.162893,-14.687892],[-74.161985,-14.687758],[-74.161757,-14.687745],[-74.16155,-14.687819],[-74.161414,-14.687998],[-74.16077,-14.689931],[-74.160815,-14.690149],[-74.161098,-14.690504],[-74.161204,-14.690701],[-74.161331,-14.691368],[-74.161334,-14.691591],[-74.161166,-14.692249],[-74.161131,-14.692471],[-74.161139,-14.692697],[-74.161302,-14.693587],[-74.16136,-14.694035],[-74.161291,-14.694936],[-74.161214,-14.695144],[-74.161003,-14.695193],[-74.160775,-14.695165],[-74.160554,-14.695107],[-74.160356,-14.694993],[-74.1602,-14.694829],[-74.160148,-14.694609],[-74.160071,-14.694399],[-74.159894,-14.694259],[-74.159474,-14.694078],[-74.159293,-14.693941],[-74.15915,-14.693765],[-74.158915,-14.693377],[-74.158761,-14.693211],[-74.158549,-14.693129],[-74.158104,-14.693023],[-74.157938,-14.692872],[-74.157688,-14.692493],[-74.157541,-14.69232],[-74.156577,-14.691352],[-74.156372,-14.691255],[-74.155695,-14.691134],[-74.155466,-14.691135],[-74.155029,-14.691265],[-74.15481,-14.691217],[-74.154274,-14.690793],[-74.154053,-14.690761],[-74.153838,-14.690837],[-74.153642,-14.690951],[-74.153491,-14.691119],[-74.152804,-14.692295],[-74.152666,-14.692474],[-74.152465,-14.692575],[-74.151782,-14.69266],[-74.151555,-14.692668],[-74.15136,-14.692566],[-74.151119,-14.692183],[-74.150971,-14.692011],[-74.150802,-14.691858],[-74.150431,-14.691592],[-74.150266,-14.691439],[-74.150164,-14.69124],[-74.150081,-14.690113],[-74.15001,-14.689902],[-74.149828,-14.689771],[-74.149408,-14.689591],[-74.149229,-14.689454],[-74.148,-14.687819],[-74.147909,-14.687613],[-74.147906,-14.687388],[-74.148093,-14.686044],[-74.14811,-14.685592],[-74.148072,-14.685372],[-74.147923,-14.685207],[-74.147714,-14.685119],[-74.147489,-14.685137],[-74.147294,-14.685253],[-74.147142,-14.685419],[-74.146662,-14.68619],[-74.14652,-14.686365],[-74.14635,-14.686517],[-74.144906,-14.687634],[-74.144428,-14.688122],[-74.144247,-14.688261],[-74.14309,-14.688997],[-74.142919,-14.689146],[-74.142818,-14.689347],[-74.142763,-14.689566],[-74.142439,-14.691115],[-74.142291,-14.691278],[-74.142069,-14.691312],[-74.141872,-14.691202],[-74.141754,-14.69101],[-74.141204,-14.689766],[-74.141047,-14.689607],[-74.140832,-14.689532],[-74.139701,-14.689338],[-74.139471,-14.68933],[-74.139265,-14.689424],[-74.13891,-14.68971],[-74.1387,-14.689799],[-74.13825,-14.68988],[-74.138051,-14.689989],[-74.137909,-14.690165],[-74.137841,-14.690379],[-74.137877,-14.691282],[-74.137818,-14.6915],[-74.13775,-14.691946],[-74.137873,-14.69261],[-74.137863,-14.692833],[-74.1377,-14.693255],[-74.137733,-14.69393],[-74.137605,-14.694363],[-74.137599,-14.694584],[-74.137687,-14.69479],[-74.137809,-14.694981],[-74.13789,-14.695192],[-74.137914,-14.695415],[-74.137854,-14.695631],[-74.137741,-14.695828],[-74.137605,-14.69601],[-74.137516,-14.696215],[-74.137471,-14.696436],[-74.13743,-14.696886],[-74.13752,-14.697081],[-74.137742,-14.69712],[-74.138423,-14.697016],[-74.139085,-14.696836],[-74.139297,-14.696896],[-74.139411,-14.697085],[-74.139472,-14.697303],[-74.139559,-14.697509],[-74.139748,-14.697634],[-74.140606,-14.697955],[-74.140809,-14.698059],[-74.141096,-14.698412],[-74.141275,-14.698552],[-74.141489,-14.698626],[-74.141715,-14.698668],[-74.141886,-14.698797],[-74.141878,-14.699006],[-74.141683,-14.699095],[-74.14149,-14.698983],[-74.141145,-14.698686],[-74.140945,-14.698575],[-74.140725,-14.698511],[-74.140499,-14.698474],[-74.140279,-14.698521],[-74.140113,-14.698673],[-74.139974,-14.698853],[-74.139814,-14.699012],[-74.139618,-14.699131],[-74.139192,-14.699299],[-74.138972,-14.699364],[-74.138746,-14.699384],[-74.138516,-14.699371],[-74.138298,-14.699425],[-74.138121,-14.699567],[-74.137628,-14.700039],[-74.137236,-14.700273],[-74.137057,-14.700413],[-74.136768,-14.700762],[-74.13659,-14.700905],[-74.136399,-14.701029],[-74.136189,-14.70112],[-74.135062,-14.700917],[-74.134604,-14.700909],[-74.134164,-14.701036],[-74.132881,-14.70153],[-74.132658,-14.701562],[-74.13249,-14.701429],[-74.132515,-14.70121],[-74.132823,-14.700603],[-74.132904,-14.700391],[-74.132932,-14.700172],[-74.132462,-14.69796],[-74.132305,-14.697809],[-74.132079,-14.697825],[-74.131633,-14.69793],[-74.131428,-14.697838],[-74.131289,-14.697659],[-74.130356,-14.695845],[-74.130177,-14.695729],[-74.129032,-14.695639],[-74.126967,-14.69557],[-74.125134,-14.695462],[-74.124216,-14.695443],[-74.123989,-14.695469],[-74.123838,-14.695875],[-74.122861,-14.697131],[-74.122701,-14.697289],[-74.122482,-14.697337],[-74.122264,-14.697272],[-74.121418,-14.696922],[-74.120669,-14.696399],[-74.12055,-14.696212],[-74.120464,-14.695312],[-74.120474,-14.695092],[-74.120997,-14.694086],[-74.121275,-14.693466],[-74.121851,-14.692489],[-74.121918,-14.692274],[-74.121886,-14.692056],[-74.12096,-14.690494],[-74.120679,-14.690139],[-74.12005,-14.68948],[-74.119908,-14.689303],[-74.119408,-14.688545],[-74.119328,-14.688334],[-74.119296,-14.688111],[-74.119241,-14.686982],[-74.119247,-14.686756],[-74.119299,-14.686538],[-74.120217,-14.684973],[-74.120286,-14.684759],[-74.120292,-14.684534],[-74.120245,-14.684313],[-74.120037,-14.683667],[-74.11993,-14.683468],[-74.119791,-14.683289],[-74.119625,-14.683133],[-74.118828,-14.682688],[-74.118614,-14.68262],[-74.118387,-14.682646],[-74.118165,-14.682701],[-74.11794,-14.682715],[-74.117722,-14.682646],[-74.11709,-14.682378],[-74.116864,-14.682344],[-74.116407,-14.682377],[-74.116182,-14.682348],[-74.115998,-14.682219],[-74.115884,-14.682027],[-74.11585,-14.681804],[-74.11583,-14.681354],[-74.1156,-14.680716],[-74.115544,-14.680497],[-74.115506,-14.680046],[-74.115387,-14.679867],[-74.114767,-14.679576],[-74.114036,-14.679031],[-74.113875,-14.67887],[-74.11374,-14.678688],[-74.113225,-14.677939],[-74.113056,-14.677792],[-74.112847,-14.677702],[-74.11262,-14.677691],[-74.112398,-14.677745],[-74.111992,-14.677949],[-74.111767,-14.67795],[-74.111186,-14.677595],[-74.110535,-14.677375],[-74.110357,-14.677246],[-74.110324,-14.677033],[-74.110414,-14.676591],[-74.1104,-14.676367],[-74.110304,-14.676163],[-74.110176,-14.675976],[-74.109345,-14.674895],[-74.109147,-14.67479],[-74.108931,-14.674847],[-74.10882,-14.675033],[-74.108877,-14.675244],[-74.109538,-14.675871],[-74.109671,-14.676052],[-74.109757,-14.676495],[-74.109747,-14.67672],[-74.109645,-14.676919],[-74.109185,-14.677422],[-74.109019,-14.677577],[-74.108816,-14.677677],[-74.108592,-14.677718],[-74.108364,-14.677697],[-74.108158,-14.677602],[-74.107776,-14.67735],[-74.107591,-14.677216],[-74.107436,-14.677052],[-74.107184,-14.676424],[-74.107006,-14.676288],[-74.106573,-14.676138],[-74.106377,-14.67603],[-74.106353,-14.675813],[-74.106611,-14.675186],[-74.106628,-14.674961],[-74.10656,-14.673606],[-74.106494,-14.673391],[-74.106256,-14.673005],[-74.106261,-14.672785],[-74.106639,-14.672221],[-74.106706,-14.672009],[-74.106603,-14.67134],[-74.106651,-14.671123],[-74.106835,-14.671],[-74.107283,-14.670904],[-74.107446,-14.670756],[-74.107456,-14.670541],[-74.1073,-14.670383],[-74.107077,-14.670363],[-74.106849,-14.670387],[-74.106671,-14.67052],[-74.106319,-14.671101],[-74.106137,-14.671234],[-74.105919,-14.671295],[-74.105694,-14.671268],[-74.105278,-14.671077],[-74.105056,-14.671054],[-74.104869,-14.671169],[-74.104573,-14.671515],[-74.104363,-14.67157],[-74.104202,-14.67142],[-74.104114,-14.671214],[-74.104128,-14.670989],[-74.104219,-14.670786],[-74.104398,-14.670648],[-74.104618,-14.670583],[-74.105306,-14.670546],[-74.105528,-14.6705],[-74.105679,-14.670337],[-74.106258,-14.669361],[-74.10635,-14.669157],[-74.106287,-14.668947],[-74.106087,-14.668852],[-74.10563,-14.66882],[-74.10541,-14.668761],[-74.105211,-14.66865],[-74.105073,-14.668471],[-74.105001,-14.668258],[-74.104957,-14.668036],[-74.104966,-14.667812],[-74.10511,-14.667641],[-74.105333,-14.667606],[-74.105786,-14.667672],[-74.107777,-14.668214],[-74.107992,-14.668158],[-74.108105,-14.667968],[-74.108042,-14.667759],[-74.107858,-14.667627],[-74.107443,-14.667436],[-74.106987,-14.667385],[-74.106771,-14.667322],[-74.106401,-14.667054],[-74.106202,-14.666944],[-74.105976,-14.666922],[-74.105062,-14.667005],[-74.104837,-14.666971],[-74.104648,-14.666848],[-74.104545,-14.66665],[-74.104539,-14.666426],[-74.104591,-14.665979],[-74.104465,-14.6658],[-74.104248,-14.665728],[-74.102461,-14.66531],[-74.10225,-14.665223],[-74.10184,-14.66502],[-74.101454,-14.664775],[-74.10109,-14.664501],[-74.100922,-14.664347],[-74.100733,-14.664226],[-74.100515,-14.664257],[-74.100389,-14.664429],[-74.10038,-14.664655],[-74.100409,-14.665106],[-74.100731,-14.665951],[-74.100709,-14.666171],[-74.100525,-14.666292],[-74.100304,-14.666253],[-74.100093,-14.666165],[-74.099871,-14.666179],[-74.09926,-14.66649],[-74.09904,-14.666549],[-74.098353,-14.666599],[-74.098153,-14.666698],[-74.098048,-14.666895],[-74.098069,-14.667118],[-74.098206,-14.667298],[-74.098524,-14.667624],[-74.0986,-14.667831],[-74.098517,-14.668038],[-74.09811,-14.668585],[-74.097863,-14.668966],[-74.097644,-14.669363],[-74.097584,-14.669578],[-74.097683,-14.669776],[-74.098246,-14.670489],[-74.098347,-14.670692],[-74.098471,-14.671127],[-74.098503,-14.67135],[-74.098451,-14.672025],[-74.098357,-14.672228],[-74.09819,-14.672382],[-74.097981,-14.672471],[-74.096664,-14.67287],[-74.096439,-14.672912],[-74.095981,-14.672924],[-74.095754,-14.67296],[-74.095538,-14.673034],[-74.095343,-14.673151],[-74.094802,-14.67357],[-74.090947,-14.676027],[-74.090783,-14.67618],[-74.090755,-14.6764],[-74.090806,-14.676848],[-74.090713,-14.677051],[-74.09056,-14.677219],[-74.090481,-14.677428],[-74.090316,-14.678318],[-74.090386,-14.678525],[-74.090755,-14.678785],[-74.090742,-14.679],[-74.090597,-14.679173],[-74.090406,-14.679293],[-74.090181,-14.67931],[-74.08998,-14.67921],[-74.089842,-14.679031],[-74.08881,-14.677269],[-74.088807,-14.677047],[-74.089005,-14.676397],[-74.088982,-14.676179],[-74.088812,-14.676036],[-74.088594,-14.676004],[-74.088407,-14.676121],[-74.08833,-14.676329],[-74.088469,-14.67699],[-74.088419,-14.67744],[-74.088382,-14.677662],[-74.088177,-14.678066],[-74.088097,-14.678276],[-74.088096,-14.678501],[-74.088155,-14.679175],[-74.088112,-14.679397],[-74.088029,-14.679607],[-74.087915,-14.679802],[-74.087754,-14.679961],[-74.087204,-14.68037],[-74.086993,-14.68045],[-74.085868,-14.680234],[-74.085639,-14.680229],[-74.085439,-14.680339],[-74.085098,-14.680639],[-74.084975,-14.68083],[-74.084461,-14.682088],[-74.083815,-14.683286],[-74.08346,-14.683866],[-74.083392,-14.68408],[-74.083409,-14.685211],[-74.083449,-14.685433],[-74.083735,-14.686049],[-74.083879,-14.686222],[-74.084279,-14.686443],[-74.084418,-14.686613],[-74.084389,-14.686831],[-74.084203,-14.686958],[-74.083776,-14.687122],[-74.083614,-14.687278],[-74.083521,-14.687482],[-74.083494,-14.687704],[-74.083539,-14.687924],[-74.083876,-14.688515],[-74.083965,-14.68872],[-74.083936,-14.688937],[-74.083737,-14.689344],[-74.083682,-14.689561],[-74.083671,-14.689785],[-74.083495,-14.68991],[-74.083306,-14.689809],[-74.083343,-14.689597],[-74.083493,-14.689426],[-74.083715,-14.689032],[-74.083776,-14.688815],[-74.083731,-14.688595],[-74.083577,-14.688433],[-74.083204,-14.688169],[-74.083071,-14.687988],[-74.082613,-14.686709],[-74.082316,-14.685385],[-74.082291,-14.68516],[-74.0823,-14.684934],[-74.082353,-14.684485],[-74.082329,-14.684264],[-74.082128,-14.68386],[-74.08205,-14.683415],[-74.082107,-14.683199],[-74.082218,-14.683001],[-74.082265,-14.682781],[-74.082233,-14.68256],[-74.08212,-14.682124],[-74.08218,-14.681909],[-74.082648,-14.681412],[-74.08273,-14.681209],[-74.082619,-14.681024],[-74.0824,-14.68105],[-74.082255,-14.681223],[-74.081894,-14.681799],[-74.081621,-14.682662],[-74.081562,-14.683109],[-74.081463,-14.684689],[-74.081228,-14.686255],[-74.081161,-14.68647],[-74.081077,-14.68668],[-74.08094,-14.68686],[-74.080614,-14.687178],[-74.080248,-14.687448],[-74.080046,-14.687556],[-74.078731,-14.687953],[-74.078183,-14.68836],[-74.07797,-14.688442],[-74.077525,-14.688553],[-74.076897,-14.688827],[-74.076677,-14.688893],[-74.075996,-14.688987],[-74.075767,-14.688995],[-74.07533,-14.688859],[-74.07512,-14.688769],[-74.074897,-14.688722],[-74.074677,-14.688777],[-74.071746,-14.690077],[-74.07153,-14.690148],[-74.071302,-14.690156],[-74.071075,-14.690123],[-74.070631,-14.690009],[-74.070402,-14.689983],[-74.070174,-14.689988],[-74.06995,-14.690035],[-74.069743,-14.690131],[-74.068762,-14.690716],[-74.068538,-14.69076],[-74.067622,-14.690727],[-74.067395,-14.690762],[-74.067175,-14.690826],[-74.066741,-14.690973],[-74.066542,-14.691083],[-74.066377,-14.691239],[-74.065974,-14.691789],[-74.065817,-14.691952],[-74.064188,-14.692788],[-74.063974,-14.692871],[-74.063522,-14.692944],[-74.062605,-14.692974],[-74.061695,-14.692861],[-74.061472,-14.692807],[-74.061272,-14.692698],[-74.061144,-14.692514],[-74.06114,-14.69229],[-74.06125,-14.692093],[-74.061433,-14.69196],[-74.062049,-14.691657],[-74.062234,-14.691524],[-74.063187,-14.690251],[-74.063292,-14.690051],[-74.063362,-14.689836],[-74.063885,-14.686942],[-74.063917,-14.686492],[-74.063907,-14.686266],[-74.06376,-14.684464],[-74.063694,-14.684248],[-74.063602,-14.684042],[-74.062972,-14.683097],[-74.062831,-14.682921],[-74.062632,-14.682812],[-74.061722,-14.682724],[-74.061533,-14.682603],[-74.06141,-14.682414],[-74.061127,-14.681555],[-74.06103,-14.681353],[-74.060828,-14.68127],[-74.06061,-14.681335],[-74.059996,-14.681642],[-74.059569,-14.681808],[-74.059121,-14.681902],[-74.057751,-14.682043],[-74.057308,-14.682158],[-74.056218,-14.682511],[-74.055993,-14.682554],[-74.055538,-14.682614],[-74.054851,-14.68265],[-74.054622,-14.682637],[-74.053951,-14.682489],[-74.053738,-14.682413],[-74.053633,-14.682219],[-74.053475,-14.68156],[-74.052821,-14.680115],[-74.052682,-14.679938],[-74.052172,-14.679484],[-74.052122,-14.679271],[-74.052238,-14.679084],[-74.052455,-14.679036],[-74.052677,-14.679086],[-74.053765,-14.679446],[-74.053992,-14.679463],[-74.054214,-14.679407],[-74.054379,-14.679254],[-74.05446,-14.679045],[-74.054417,-14.678825],[-74.054296,-14.678636],[-74.053646,-14.677996],[-74.053457,-14.677874],[-74.053232,-14.67784],[-74.053003,-14.677844],[-74.052798,-14.677758],[-74.052704,-14.677557],[-74.052655,-14.677336],[-74.052538,-14.676668],[-74.052539,-14.676443],[-74.052836,-14.67559],[-74.052943,-14.67492],[-74.053026,-14.674714],[-74.05322,-14.674596],[-74.053849,-14.67432],[-74.054845,-14.673759],[-74.055477,-14.673489],[-74.055651,-14.673345],[-74.055775,-14.673159],[-74.05585,-14.672946],[-74.056302,-14.671427],[-74.056294,-14.671202],[-74.05625,-14.670981],[-74.056067,-14.670566],[-74.055935,-14.670382],[-74.055347,-14.669689],[-74.055136,-14.669609],[-74.053998,-14.669459],[-74.053133,-14.669161],[-74.052957,-14.669023],[-74.05293,-14.668805],[-74.053025,-14.6686],[-74.053899,-14.667009],[-74.054078,-14.666593],[-74.054759,-14.664198],[-74.054888,-14.663533],[-74.055046,-14.661504],[-74.055184,-14.660154],[-74.055237,-14.659935],[-74.055345,-14.659736],[-74.055912,-14.659025],[-74.056442,-14.658287],[-74.056538,-14.658082],[-74.056592,-14.657863],[-74.05665,-14.657415],[-74.056621,-14.657192],[-74.05639,-14.656554],[-74.056331,-14.656336],[-74.056262,-14.655662],[-74.055566,-14.653747],[-74.055432,-14.653565],[-74.055256,-14.653422],[-74.05446,-14.65297],[-74.054083,-14.652714],[-74.053681,-14.652166],[-74.053563,-14.651972],[-74.053488,-14.651761],[-74.053471,-14.651536],[-74.053505,-14.650406],[-74.05348,-14.650182],[-74.053325,-14.649522],[-74.053339,-14.649298],[-74.053385,-14.649076],[-74.053998,-14.646898],[-74.054221,-14.646256],[-74.054494,-14.645633],[-74.054566,-14.645419],[-74.05462,-14.6452],[-74.05472,-14.644529],[-74.054608,-14.644336],[-74.054401,-14.644252],[-74.054179,-14.644296],[-74.053126,-14.645169],[-74.051332,-14.646178],[-74.051127,-14.646279],[-74.05091,-14.646351],[-74.050237,-14.646497],[-74.050028,-14.646582],[-74.049746,-14.646937],[-74.049587,-14.647096],[-74.049379,-14.647176],[-74.049152,-14.647156],[-74.048701,-14.647076],[-74.048562,-14.646903],[-74.04812,-14.644917],[-74.047977,-14.644747],[-74.047788,-14.64462],[-74.047654,-14.64444],[-74.047322,-14.643359],[-74.047209,-14.642461],[-74.047229,-14.64224],[-74.047361,-14.642063],[-74.047577,-14.641995],[-74.048035,-14.641961],[-74.048241,-14.641868],[-74.048921,-14.641261],[-74.049073,-14.641093],[-74.049166,-14.640887],[-74.049399,-14.640012],[-74.04937,-14.639789],[-74.049207,-14.639634],[-74.048983,-14.639604],[-74.048756,-14.639631],[-74.047851,-14.639785],[-74.04718,-14.639938],[-74.046749,-14.640093],[-74.046551,-14.640206],[-74.046374,-14.64035],[-74.046181,-14.64047],[-74.045962,-14.64043],[-74.045599,-14.640156],[-74.045377,-14.640156],[-74.044648,-14.640701],[-74.044424,-14.640723],[-74.044217,-14.640636],[-74.044084,-14.640454],[-74.043917,-14.640034],[-74.04373,-14.639919],[-74.043045,-14.63986],[-74.042818,-14.639893],[-74.041993,-14.640285],[-74.041768,-14.640304],[-74.041557,-14.640218],[-74.041163,-14.639986],[-74.040954,-14.639896],[-74.040497,-14.63988],[-74.040272,-14.63985],[-74.040101,-14.639701],[-74.039639,-14.639198],[-74.038811,-14.63881],[-74.038634,-14.638671],[-74.03859,-14.638455],[-74.038837,-14.637351],[-74.038902,-14.637134],[-74.039336,-14.636089],[-74.039294,-14.635874],[-74.039105,-14.635755],[-74.038206,-14.635575],[-74.035223,-14.635528],[-74.034997,-14.63549],[-74.034796,-14.635384],[-74.034646,-14.635215],[-74.034411,-14.634827],[-74.03432,-14.634619],[-74.034287,-14.634396],[-74.034284,-14.634171],[-74.034346,-14.633724],[-74.034463,-14.633532],[-74.034776,-14.633201],[-74.035108,-14.632889],[-74.035254,-14.632715],[-74.035372,-14.632522],[-74.035672,-14.631911],[-74.035796,-14.631723],[-74.037201,-14.63056],[-74.03749,-14.630211],[-74.038012,-14.629467],[-74.038122,-14.629269],[-74.0384,-14.628173],[-74.038428,-14.62795],[-74.038337,-14.627748],[-74.038147,-14.627624],[-74.037736,-14.627422],[-74.037561,-14.627285],[-74.037515,-14.627068],[-74.037622,-14.626398],[-74.037632,-14.626174],[-74.037536,-14.625973],[-74.037365,-14.625826],[-74.03714,-14.62579],[-74.036461,-14.625898],[-74.03625,-14.625985],[-74.035851,-14.626208],[-74.035638,-14.626276],[-74.035426,-14.626197],[-74.034739,-14.625597],[-74.034556,-14.625469],[-74.034335,-14.625488],[-74.034197,-14.62566],[-74.03419,-14.626562],[-74.034081,-14.62746],[-74.03401,-14.627674],[-74.033855,-14.627839],[-74.03368,-14.627985],[-74.033309,-14.628251],[-74.033208,-14.628453],[-74.033055,-14.628876],[-74.032865,-14.62899],[-74.031985,-14.629245],[-74.031598,-14.629486],[-74.031184,-14.629681],[-74.030963,-14.629741],[-74.030735,-14.629758],[-74.030056,-14.629653],[-74.02937,-14.629704],[-74.029145,-14.629675],[-74.02856,-14.62932],[-74.028385,-14.629174],[-74.028254,-14.62899],[-74.027802,-14.628202],[-74.027713,-14.627994],[-74.027657,-14.627776],[-74.027651,-14.62755],[-74.027713,-14.626649],[-74.027802,-14.626444],[-74.028266,-14.625944],[-74.028387,-14.625753],[-74.028456,-14.62554],[-74.02846,-14.625314],[-74.028401,-14.625097],[-74.027961,-14.624053],[-74.02785,-14.623856],[-74.027665,-14.623727],[-74.027443,-14.623668],[-74.027218,-14.623645],[-74.027016,-14.62374],[-74.025663,-14.624964],[-74.025304,-14.625245],[-74.02492,-14.625487],[-74.024515,-14.626035],[-74.024366,-14.626205],[-74.024149,-14.62626],[-74.023704,-14.626149],[-74.023478,-14.626161],[-74.023259,-14.626226],[-74.023031,-14.626251],[-74.021903,-14.626044],[-74.021218,-14.625976],[-74.020993,-14.625932],[-74.020778,-14.625853],[-74.019925,-14.625518],[-74.01972,-14.625417],[-74.019544,-14.625274],[-74.019276,-14.624908],[-74.019077,-14.624501],[-74.019015,-14.624283],[-74.018983,-14.62406],[-74.019023,-14.62384],[-74.019184,-14.623416],[-74.019217,-14.623194],[-74.019179,-14.622971],[-74.019078,-14.622773],[-74.018895,-14.622639],[-74.018686,-14.622546],[-74.018493,-14.622429],[-74.018378,-14.622235],[-74.018156,-14.621593],[-74.018103,-14.621375],[-74.018133,-14.621152],[-74.018276,-14.620723],[-74.018316,-14.620047],[-74.018292,-14.619825],[-74.018118,-14.619694],[-74.017666,-14.619646],[-74.017491,-14.619512],[-74.017305,-14.618861],[-74.017168,-14.618688],[-74.016944,-14.618668],[-74.016766,-14.618803],[-74.016307,-14.619308],[-74.016113,-14.619422],[-74.015886,-14.619449],[-74.015664,-14.619395],[-74.015239,-14.619226],[-74.015012,-14.619207],[-74.014786,-14.619247],[-74.014569,-14.61932],[-74.014376,-14.61944],[-74.014029,-14.619735],[-74.013814,-14.6198],[-74.013589,-14.619769],[-74.012776,-14.619348],[-74.012607,-14.619199],[-74.012564,-14.618982],[-74.012582,-14.618531],[-74.012561,-14.618306],[-74.012276,-14.616978],[-74.012213,-14.616763],[-74.012032,-14.616635],[-74.011808,-14.616654],[-74.011585,-14.616703],[-74.011356,-14.616707],[-74.010241,-14.616438],[-74.010023,-14.616367],[-74.009832,-14.616247],[-74.009363,-14.615755],[-74.009152,-14.615697],[-74.008714,-14.615833],[-74.008491,-14.615866],[-74.00828,-14.61578],[-74.008136,-14.615605],[-74.007369,-14.614479],[-74.007178,-14.614363],[-74.00672,-14.614365],[-74.006499,-14.614309],[-74.006314,-14.614177],[-74.005375,-14.612896],[-74.005036,-14.612591],[-74.003592,-14.611474],[-74.003263,-14.61116],[-74.002012,-14.609541],[-74.001664,-14.608956],[-74.001471,-14.608545],[-74.00135,-14.608354],[-74.000142,-14.606992],[-73.999975,-14.60684],[-73.999767,-14.606745],[-73.999325,-14.606623],[-73.999119,-14.606532],[-73.998945,-14.606385],[-73.998692,-14.60601],[-73.998254,-14.605215],[-73.998115,-14.605036],[-73.997939,-14.604895],[-73.99688,-14.604461],[-73.996655,-14.604482],[-73.99646,-14.604596],[-73.996318,-14.604772],[-73.996262,-14.604987],[-73.996291,-14.60521],[-73.996441,-14.60587],[-73.99643,-14.606095],[-73.996281,-14.606986],[-73.99614,-14.607156],[-73.995503,-14.607412],[-73.995305,-14.607527],[-73.99404,-14.6085],[-73.99394,-14.608701],[-73.993983,-14.609148],[-73.994295,-14.610469],[-73.994408,-14.610664],[-73.994545,-14.610845],[-73.995322,-14.611676],[-73.995446,-14.611866],[-73.996128,-14.613299],[-73.996381,-14.613674],[-73.996824,-14.614193],[-73.996938,-14.614389],[-73.997211,-14.61501],[-73.997678,-14.615788],[-73.998219,-14.617036],[-73.998273,-14.617255],[-73.998266,-14.617479],[-73.99744,-14.620067],[-73.997349,-14.620274],[-73.997164,-14.620399],[-73.996941,-14.620446],[-73.996258,-14.620533],[-73.996029,-14.620545],[-73.995801,-14.620521],[-73.99535,-14.620441],[-73.995131,-14.620375],[-73.994584,-14.619964],[-73.994373,-14.61989],[-73.994163,-14.619967],[-73.994012,-14.620135],[-73.993404,-14.621091],[-73.993188,-14.621126],[-73.992978,-14.621038],[-73.992583,-14.620806],[-73.991828,-14.620292],[-73.991406,-14.619761],[-73.989215,-14.617765],[-73.98904,-14.617619],[-73.988838,-14.617515],[-73.988624,-14.617434],[-73.987254,-14.617293],[-73.987029,-14.61725],[-73.986811,-14.61718],[-73.985547,-14.616642],[-73.985324,-14.6166],[-73.985105,-14.616662],[-73.984088,-14.617182],[-73.983954,-14.61736],[-73.983963,-14.617583],[-73.984347,-14.618647],[-73.984398,-14.618867],[-73.98451,-14.619763],[-73.984592,-14.619974],[-73.985564,-14.621233],[-73.986381,-14.622027],[-73.98665,-14.622392],[-73.986843,-14.622801],[-73.987329,-14.624309],[-73.987364,-14.624532],[-73.987358,-14.624757],[-73.987312,-14.624977],[-73.987171,-14.625407],[-73.986986,-14.625821],[-73.986872,-14.626016],[-73.986207,-14.626937],[-73.98613,-14.627141],[-73.986187,-14.627358],[-73.986647,-14.62814],[-73.987061,-14.628682],[-73.98722,-14.628842],[-73.987932,-14.629414],[-73.988089,-14.629577],[-73.988327,-14.629963],[-73.988321,-14.630186],[-73.988188,-14.630363],[-73.98782,-14.63063],[-73.987777,-14.630846],[-73.987819,-14.631296],[-73.987792,-14.631519],[-73.987634,-14.631679],[-73.986393,-14.632265],[-73.986222,-14.632415],[-73.985931,-14.632764],[-73.98581,-14.632955],[-73.985631,-14.633608],[-73.985509,-14.633797],[-73.985172,-14.634103],[-73.985033,-14.634282],[-73.984945,-14.634489],[-73.98477,-14.635145],[-73.984642,-14.63533],[-73.982908,-14.636811],[-73.982417,-14.637285],[-73.981951,-14.637782],[-73.981753,-14.637895],[-73.981531,-14.63795],[-73.981304,-14.637923],[-73.980637,-14.63775],[-73.980411,-14.637726],[-73.980192,-14.637786],[-73.979988,-14.637888],[-73.979194,-14.638343],[-73.979033,-14.638502],[-73.978808,-14.638896],[-73.978648,-14.639319],[-73.978549,-14.63976],[-73.978472,-14.639966],[-73.978285,-14.640075],[-73.978079,-14.640009],[-73.97687,-14.637572],[-73.976764,-14.637372],[-73.976632,-14.637187],[-73.976461,-14.637037],[-73.974659,-14.636043],[-73.97444,-14.635985],[-73.973535,-14.636129],[-73.973307,-14.636121],[-73.970936,-14.635266],[-73.97071,-14.635243],[-73.970481,-14.635265],[-73.969368,-14.635542],[-73.968911,-14.635563],[-73.955014,-14.633852],[-73.954803,-14.633767],[-73.95462,-14.63363],[-73.953454,-14.632234],[-73.953283,-14.632084],[-73.953082,-14.631975],[-73.945535,-14.630013],[-73.944853,-14.629926],[-73.939115,-14.629751],[-73.938664,-14.629824],[-73.932855,-14.631181],[-73.932398,-14.631218],[-73.931711,-14.631176],[-73.931484,-14.631141],[-73.931065,-14.630958],[-73.930874,-14.630834],[-73.93071,-14.630677],[-73.928165,-14.626912],[-73.927553,-14.625956],[-73.927356,-14.625548],[-73.925947,-14.621722],[-73.925853,-14.621516],[-73.925701,-14.62135],[-73.925503,-14.621238],[-73.923226,-14.620161],[-73.922625,-14.619832],[-73.922458,-14.619678],[-73.922017,-14.619157],[-73.92184,-14.619016],[-73.91929,-14.617489],[-73.918957,-14.617179],[-73.918247,-14.616292],[-73.918063,-14.616158],[-73.917846,-14.616088],[-73.91601,-14.616061],[-73.915784,-14.616034],[-73.91557,-14.615955],[-73.915369,-14.615846],[-73.914792,-14.615476],[-73.914579,-14.615398],[-73.91435,-14.615402],[-73.913903,-14.615505],[-73.897984,-14.619893],[-73.89665,-14.62023],[-73.896194,-14.620284],[-73.893214,-14.620444],[-73.892534,-14.620549],[-73.864594,-14.627008],[-73.86414,-14.627067],[-73.86391,-14.62707],[-73.863681,-14.62707],[-73.863225,-14.627019],[-73.86075,-14.62652],[-73.860522,-14.626495],[-73.860065,-14.626511],[-73.859612,-14.626582],[-73.848586,-14.62973],[-73.848167,-14.629911],[-73.84778,-14.630153],[-73.839954,-14.636079],[-73.838851,-14.636892],[-73.838237,-14.637198],[-73.834852,-14.638602],[-73.833781,-14.639011],[-73.833337,-14.639118],[-73.833109,-14.63914],[-73.832651,-14.639109],[-73.832426,-14.639065],[-73.832,-14.6389],[-73.831615,-14.638655],[-73.831278,-14.638348],[-73.831025,-14.637972],[-73.830924,-14.637769],[-73.830284,-14.636073],[-73.830159,-14.635639],[-73.830133,-14.635415],[-73.830146,-14.635189],[-73.830307,-14.633615],[-73.830309,-14.63339],[-73.830272,-14.633167],[-73.83018,-14.632961],[-73.830054,-14.632773],[-73.829253,-14.631964],[-73.829081,-14.631814],[-73.82888,-14.631711],[-73.828655,-14.63167],[-73.828428,-14.631694],[-73.82382,-14.633092],[-73.823596,-14.63314],[-73.823367,-14.633144],[-73.823149,-14.63308],[-73.822964,-14.632948],[-73.822797,-14.632793],[-73.820317,-14.629825],[-73.820001,-14.629499],[-73.819797,-14.629396],[-73.819577,-14.629335],[-73.819349,-14.62933],[-73.819126,-14.629376],[-73.81892,-14.629474],[-73.818739,-14.629611],[-73.81858,-14.629774],[-73.816008,-14.63296],[-73.815833,-14.633105],[-73.815639,-14.633222],[-73.815417,-14.633275],[-73.815189,-14.633273],[-73.814966,-14.633221],[-73.814572,-14.632991],[-73.81074,-14.63011],[-73.810167,-14.629736],[-73.809739,-14.629574],[-73.809517,-14.629514],[-73.805207,-14.62885],[-73.80475,-14.628838],[-73.804524,-14.628877],[-73.800333,-14.630066],[-73.800147,-14.630195],[-73.800047,-14.630398],[-73.800022,-14.630618],[-73.800091,-14.630831],[-73.800226,-14.631013],[-73.80105,-14.6318],[-73.801436,-14.632361],[-73.802158,-14.633517],[-73.802251,-14.633723],[-73.802327,-14.633936],[-73.802368,-14.634158],[-73.802458,-14.635738],[-73.802507,-14.635959],[-73.802601,-14.636163],[-73.802742,-14.636341],[-73.803907,-14.637432],[-73.80406,-14.637599],[-73.80417,-14.637797],[-73.804236,-14.638011],[-73.804233,-14.638237],[-73.804,-14.639343],[-73.803981,-14.639568],[-73.803992,-14.639793],[-73.804041,-14.640014],[-73.8042,-14.640437],[-73.804873,-14.641351],[-73.80498,-14.641551],[-73.805049,-14.641766],[-73.805066,-14.64199],[-73.805022,-14.642211],[-73.80495,-14.642424],[-73.804838,-14.642622],[-73.80454,-14.642964],[-73.802307,-14.644554],[-73.802112,-14.644673],[-73.801906,-14.644773],[-73.801471,-14.644914],[-73.801017,-14.644975],[-73.794137,-14.645294],[-73.793679,-14.645278],[-73.793456,-14.645232],[-73.793242,-14.64515],[-73.793043,-14.645038],[-73.792854,-14.64491],[-73.79269,-14.644753],[-73.791678,-14.643524],[-73.791354,-14.643204],[-73.79116,-14.643084],[-73.788507,-14.641739],[-73.787273,-14.641136],[-73.787077,-14.641017],[-73.78689,-14.640887],[-73.786543,-14.640592],[-73.786095,-14.640077],[-73.785935,-14.639915],[-73.785757,-14.639776],[-73.785544,-14.639694],[-73.785316,-14.63967],[-73.785092,-14.639713],[-73.784883,-14.639805],[-73.784078,-14.640241],[-73.783868,-14.640326],[-73.783641,-14.64032],[-73.783444,-14.64021],[-73.783339,-14.640013],[-73.78332,-14.639788],[-73.783381,-14.63934],[-73.783376,-14.639116],[-73.783306,-14.638902],[-73.783182,-14.638713],[-73.783003,-14.638573],[-73.782793,-14.638487],[-73.781899,-14.638279],[-73.781671,-14.638264],[-73.781442,-14.638278],[-73.781217,-14.638319],[-73.780789,-14.638478],[-73.780423,-14.638749],[-73.77588,-14.642903],[-73.775513,-14.643174],[-73.775104,-14.643378],[-73.774885,-14.643444],[-73.7742,-14.643512],[-73.773053,-14.643544],[-73.772832,-14.643604],[-73.772639,-14.643725],[-73.772482,-14.643887],[-73.772359,-14.644078],[-73.771714,-14.645527],[-73.771473,-14.64591],[-73.771312,-14.64607],[-73.768207,-14.648002],[-73.764299,-14.650377],[-73.764101,-14.650491],[-73.763889,-14.65057],[-73.763665,-14.65053],[-73.763487,-14.650396],[-73.763402,-14.65019],[-73.763319,-14.648611],[-73.763277,-14.648388],[-73.763104,-14.647971],[-73.762193,-14.646668],[-73.762026,-14.646514],[-73.76183,-14.646397],[-73.761615,-14.64632],[-73.761388,-14.646291],[-73.761159,-14.646298],[-73.760937,-14.646355],[-73.758088,-14.647819],[-73.757877,-14.647906],[-73.757652,-14.647946],[-73.757423,-14.647942],[-73.7572,-14.64789],[-73.756992,-14.647795],[-73.756806,-14.647663],[-73.756381,-14.64713],[-73.756258,-14.646941],[-73.756171,-14.646732],[-73.75615,-14.646509],[-73.756192,-14.646288],[-73.756297,-14.646088],[-73.756928,-14.645435],[-73.75702,-14.64523],[-73.757047,-14.645006],[-73.757004,-14.644787],[-73.756897,-14.644587],[-73.754482,-14.64101],[-73.754402,-14.640799],[-73.754372,-14.640576],[-73.754405,-14.640354],[-73.754508,-14.640153],[-73.754792,-14.639798],[-73.755988,-14.638425],[-73.756242,-14.638049],[-73.756345,-14.637847],[-73.756417,-14.637633],[-73.756461,-14.637412],[-73.75659,-14.636516],[-73.756558,-14.636297],[-73.756403,-14.636136],[-73.756184,-14.636083],[-73.751703,-14.63707],[-73.751482,-14.637131],[-73.751064,-14.637314],[-73.750879,-14.637448],[-73.750715,-14.637606],[-73.74783,-14.64052],[-73.747643,-14.640648],[-73.747422,-14.640625],[-73.747269,-14.640467],[-73.747264,-14.640246],[-73.748297,-14.638752],[-73.748408,-14.638554],[-73.74912,-14.636887],[-73.749244,-14.636453],[-73.749266,-14.636229],[-73.749258,-14.636003],[-73.749222,-14.635781],[-73.749157,-14.635564],[-73.74906,-14.635359],[-73.748936,-14.63517],[-73.748779,-14.635006],[-73.748593,-14.634876],[-73.748385,-14.634782],[-73.748163,-14.634727],[-73.745653,-14.634449],[-73.745424,-14.634444],[-73.745198,-14.634483],[-73.744769,-14.634641],[-73.739264,-14.637447],[-73.738619,-14.637684],[-73.738171,-14.637782],[-73.725777,-14.638076],[-73.725548,-14.638084],[-73.725097,-14.638168],[-73.724682,-14.638359],[-73.724497,-14.638493],[-73.724189,-14.638827],[-73.722109,-14.642079],[-73.721969,-14.642257],[-73.72178,-14.642383],[-73.721558,-14.642437],[-73.721331,-14.642411],[-73.718704,-14.641597],[-73.715945,-14.640475],[-73.715532,-14.640279],[-73.715341,-14.640154],[-73.715031,-14.639821],[-73.713319,-14.637695],[-73.713172,-14.637522],[-73.713004,-14.637368],[-73.712623,-14.637118],[-73.712413,-14.637026],[-73.71042,-14.636489],[-73.709998,-14.636313],[-73.709626,-14.63605],[-73.708837,-14.63523],[-73.708671,-14.635074],[-73.70831,-14.634796],[-73.707889,-14.634617],[-73.702081,-14.63326],[-73.700526,-14.632866],[-73.70032,-14.632768],[-73.700126,-14.632647],[-73.699957,-14.632494],[-73.698943,-14.631268],[-73.698775,-14.631113],[-73.698589,-14.630982],[-73.698379,-14.630892],[-73.697712,-14.630723],[-73.692339,-14.629518],[-73.692118,-14.629458],[-73.691693,-14.629289],[-73.664632,-14.615357],[-73.664011,-14.615064],[-73.663164,-14.614713],[-73.661643,-14.614202],[-73.646309,-14.609462],[-73.643454,-14.608606],[-73.643232,-14.608552],[-73.642775,-14.60851],[-73.642546,-14.608525],[-73.642097,-14.608617],[-73.638433,-14.609942],[-73.637992,-14.610063],[-73.637763,-14.610079],[-73.637311,-14.610006],[-73.625224,-14.607288],[-73.624998,-14.607257],[-73.624768,-14.607252],[-73.624319,-14.60734],[-73.623906,-14.607534],[-73.622116,-14.608551],[-73.621896,-14.608611],[-73.621669,-14.608618],[-73.621446,-14.608566],[-73.621238,-14.608474],[-73.621061,-14.608331],[-73.620152,-14.607312],[-73.619985,-14.607156],[-73.619613,-14.606893],[-73.61865,-14.606277],[-73.618467,-14.60614],[-73.618304,-14.605983],[-73.618192,-14.605787],[-73.618128,-14.60557],[-73.617864,-14.604239],[-73.617772,-14.604034],[-73.617593,-14.603896],[-73.617366,-14.603873],[-73.61715,-14.603936],[-73.616978,-14.604084],[-73.616665,-14.604415],[-73.616487,-14.604557],[-73.615464,-14.605068],[-73.610686,-14.607284],[-73.610472,-14.607366],[-73.610249,-14.607415],[-73.61002,-14.607435],[-73.609791,-14.607432],[-73.609565,-14.607394],[-73.598312,-14.605161],[-73.598097,-14.605082],[-73.597894,-14.604978],[-73.594711,-14.603173],[-73.594291,-14.602993],[-73.594065,-14.60295],[-73.593836,-14.602943],[-73.593609,-14.602972],[-73.587084,-14.604277],[-73.586865,-14.604344],[-73.586665,-14.60445],[-73.586506,-14.60461],[-73.586391,-14.604806],[-73.586161,-14.605444],[-73.586022,-14.605624],[-73.585843,-14.605763],[-73.58563,-14.605842],[-73.585402,-14.60586],[-73.58518,-14.605809],[-73.584975,-14.605708],[-73.584814,-14.605549],[-73.584713,-14.605346],[-73.58465,-14.605129],[-73.584614,-14.604906],[-73.584515,-14.604703],[-73.583936,-14.604006],[-73.583424,-14.602994],[-73.583357,-14.602779],[-73.583358,-14.602554],[-73.583472,-14.602364],[-73.583658,-14.602233],[-73.584069,-14.602033],[-73.584264,-14.601915],[-73.584402,-14.601737],[-73.584593,-14.601329],[-73.584767,-14.601184],[-73.585584,-14.600772],[-73.585777,-14.600652],[-73.585925,-14.600483],[-73.585955,-14.600262],[-73.585883,-14.600052],[-73.585248,-14.599399],[-73.584844,-14.599188],[-73.583975,-14.598895],[-73.583523,-14.598819],[-73.583065,-14.598807],[-73.582838,-14.598831],[-73.581493,-14.599123],[-73.581264,-14.599124],[-73.581035,-14.599104],[-73.58082,-14.599032],[-73.580615,-14.598929],[-73.580439,-14.598786],[-73.580145,-14.59844],[-73.579912,-14.598051],[-73.579702,-14.597407],[-73.579563,-14.597228],[-73.579229,-14.596919],[-73.579088,-14.596741],[-73.578967,-14.596549],[-73.578766,-14.596143],[-73.578591,-14.595489],[-73.57791,-14.59381],[-73.577881,-14.593587],[-73.577884,-14.593135],[-73.577833,-14.592917],[-73.57747,-14.592343],[-73.577432,-14.592123],[-73.577481,-14.591904],[-73.577618,-14.591723],[-73.583243,-14.58781],[-73.584213,-14.587206],[-73.584579,-14.586933],[-73.586038,-14.585492],[-73.58615,-14.585296],[-73.586227,-14.585084],[-73.586264,-14.584862],[-73.586271,-14.584637],[-73.58621,-14.584421],[-73.586081,-14.584235],[-73.585899,-14.584101],[-73.585682,-14.58403],[-73.58454,-14.583925],[-73.584319,-14.583974],[-73.584124,-14.584087],[-73.581299,-14.587058],[-73.58094,-14.587339],[-73.580742,-14.587451],[-73.580118,-14.587739],[-73.577782,-14.588683],[-73.577565,-14.588757],[-73.57734,-14.588797],[-73.576882,-14.58877],[-73.574144,-14.58847],[-73.573919,-14.588426],[-73.572231,-14.587715],[-73.571826,-14.587502],[-73.570845,-14.586916],[-73.570668,-14.586772],[-73.570518,-14.586602],[-73.570051,-14.585825],[-73.56932,-14.584166],[-73.569266,-14.583947],[-73.569247,-14.583498],[-73.56917,-14.583285],[-73.569056,-14.58309],[-73.568656,-14.582538],[-73.568432,-14.582143],[-73.568248,-14.581729],[-73.568094,-14.581303],[-73.567892,-14.580421],[-73.567871,-14.580197],[-73.567889,-14.579745],[-73.567853,-14.579522],[-73.5655,-14.574868],[-73.565339,-14.574446],[-73.565117,-14.573568],[-73.565032,-14.573359],[-73.564203,-14.571744],[-73.563824,-14.57118],[-73.56006,-14.56368],[-73.559945,-14.563485],[-73.559803,-14.563308],[-73.559635,-14.563156],[-73.559441,-14.563036],[-73.559226,-14.562956],[-73.558119,-14.56266],[-73.557891,-14.56264],[-73.556753,-14.562778],[-73.556536,-14.562718],[-73.55637,-14.562563],[-73.556078,-14.562215],[-73.555872,-14.562124],[-73.555645,-14.56212],[-73.555448,-14.562229],[-73.55533,-14.562419],[-73.555139,-14.563069],[-73.555042,-14.563273],[-73.554807,-14.563662],[-73.55474,-14.563874],[-73.554773,-14.564096],[-73.555005,-14.564971],[-73.555117,-14.565869],[-73.555122,-14.566094],[-73.555024,-14.566294],[-73.554822,-14.566396],[-73.554602,-14.566358],[-73.554451,-14.56619],[-73.554034,-14.565385],[-73.553911,-14.565195],[-73.55255,-14.563375],[-73.552225,-14.562777],[-73.551249,-14.561245],[-73.551044,-14.560841],[-73.550536,-14.55934],[-73.550435,-14.559137],[-73.550311,-14.558947],[-73.549625,-14.558349],[-73.549307,-14.558025],[-73.548265,-14.556536],[-73.546573,-14.552824],[-73.546352,-14.552429],[-73.546033,-14.552106],[-73.545643,-14.551869],[-73.544369,-14.551353],[-73.543935,-14.551205],[-73.542366,-14.550864],[-73.541908,-14.550846],[-73.541681,-14.550876],[-73.540335,-14.551163],[-73.539317,-14.551684],[-73.538891,-14.551848],[-73.53732,-14.552179],[-73.535773,-14.552607],[-73.535318,-14.552659],[-73.533482,-14.552632],[-73.533255,-14.552608],[-73.533034,-14.552547],[-73.531014,-14.551475],[-73.530422,-14.551127],[-73.529483,-14.550479],[-73.527583,-14.549678],[-73.527144,-14.549552],[-73.526916,-14.54953],[-73.526687,-14.549538],[-73.526461,-14.549574],[-73.526236,-14.549621],[-73.525378,-14.54994],[-73.525152,-14.54998],[-73.524923,-14.549989],[-73.521479,-14.549921],[-73.52102,-14.54993],[-73.520565,-14.549991],[-73.520336,-14.55],[-73.517835,-14.549657],[-73.517607,-14.549661],[-73.516237,-14.549805],[-73.514861,-14.549746],[-73.514635,-14.549714],[-73.512868,-14.549221],[-73.512433,-14.549076],[-73.512238,-14.54896],[-73.511079,-14.547864],[-73.510873,-14.547769],[-73.510647,-14.547734],[-73.500334,-14.547113],[-73.500111,-14.547156],[-73.499911,-14.547265],[-73.498355,-14.548927],[-73.498221,-14.549109],[-73.498132,-14.549316],[-73.49798,-14.549978],[-73.497876,-14.550177],[-73.49745,-14.55071],[-73.497268,-14.550845],[-73.496171,-14.551175],[-73.495975,-14.551291],[-73.495664,-14.551623],[-73.495484,-14.551763],[-73.495272,-14.551846],[-73.494613,-14.552044],[-73.494387,-14.552085],[-73.493245,-14.552191],[-73.491207,-14.552526],[-73.490986,-14.552585],[-73.490789,-14.552698],[-73.490459,-14.553011],[-73.490263,-14.553128],[-73.487779,-14.55357],[-73.487558,-14.55363],[-73.485287,-14.554715],[-73.484858,-14.554876],[-73.484417,-14.555002],[-73.479242,-14.55604],[-73.478564,-14.556158],[-73.473306,-14.556639],[-73.473082,-14.556686],[-73.469581,-14.557783],[-73.468931,-14.558007],[-73.467834,-14.558339],[-73.461712,-14.559296],[-73.459667,-14.55959],[-73.458983,-14.559664],[-73.458535,-14.559761],[-73.458317,-14.559831],[-73.442835,-14.567253],[-73.441793,-14.567728],[-73.441361,-14.56788],[-73.440687,-14.568012],[-73.440228,-14.568026],[-73.43977,-14.568001],[-73.431611,-14.566698],[-73.431153,-14.566672],[-73.430923,-14.566678],[-73.430468,-14.566736],[-73.427305,-14.567292],[-73.420418,-14.567369],[-73.420193,-14.567414],[-73.419766,-14.567579],[-73.419386,-14.56783],[-73.415352,-14.571186],[-73.41499,-14.571463],[-73.414792,-14.571577],[-73.411372,-14.572898],[-73.410724,-14.573128],[-73.409832,-14.573341],[-73.409375,-14.573387],[-73.409146,-14.573387],[-73.408473,-14.573251],[-73.408245,-14.573226],[-73.408015,-14.57322],[-73.407099,-14.573267],[-73.405957,-14.573158],[-73.40481,-14.573155],[-73.404588,-14.573102],[-73.404385,-14.573001],[-73.403857,-14.572566],[-73.403654,-14.572463],[-73.402331,-14.572086],[-73.402133,-14.571973],[-73.401984,-14.571803],[-73.401744,-14.571418],[-73.401583,-14.571259],[-73.401372,-14.571177],[-73.400457,-14.571101],[-73.400235,-14.571044],[-73.400036,-14.570935],[-73.399715,-14.570614],[-73.398056,-14.568448],[-73.397894,-14.568288],[-73.397712,-14.568151],[-73.395827,-14.567319],[-73.395625,-14.567212],[-73.395448,-14.567075],[-73.395348,-14.566876],[-73.395323,-14.566652],[-73.395377,-14.565977],[-73.395359,-14.565752],[-73.395232,-14.565319],[-73.394538,-14.563644],[-73.394396,-14.563215],[-73.394339,-14.562996],[-73.394085,-14.561433],[-73.393761,-14.560588],[-73.393704,-14.56037],[-73.393451,-14.558579],[-73.393354,-14.558138],[-73.393223,-14.557955],[-73.392636,-14.557259],[-73.392513,-14.557069],[-73.391889,-14.555859],[-73.391638,-14.555481],[-73.391051,-14.554786],[-73.390506,-14.55406],[-73.38907,-14.552933],[-73.388697,-14.552669],[-73.388099,-14.552333],[-73.387259,-14.55197],[-73.385926,-14.551629],[-73.385699,-14.551605],[-73.385471,-14.551613],[-73.383941,-14.552095],[-73.383714,-14.552111],[-73.383505,-14.552024],[-73.382957,-14.551614],[-73.382762,-14.551495],[-73.380334,-14.550213],[-73.379904,-14.550059],[-73.369902,-14.54866],[-73.369223,-14.548546],[-73.368779,-14.54843],[-73.368361,-14.548244],[-73.367036,-14.54735],[-73.36683,-14.54725],[-73.366606,-14.547205],[-73.366377,-14.547196],[-73.365007,-14.547337],[-73.364782,-14.547377],[-73.364588,-14.547492],[-73.363303,-14.548783],[-73.363114,-14.548908],[-73.3629,-14.54899],[-73.362675,-14.549035],[-73.361758,-14.54907],[-73.361303,-14.549134],[-73.360633,-14.549288],[-73.359752,-14.549544],[-73.359524,-14.54957],[-73.359295,-14.549569],[-73.359068,-14.549537],[-73.358393,-14.549399],[-73.357953,-14.549271],[-73.357747,-14.549172],[-73.354025,-14.546931],[-73.353666,-14.546651],[-73.353047,-14.545985],[-73.352865,-14.545847],[-73.352475,-14.545609],[-73.35227,-14.545509],[-73.352049,-14.545449],[-73.35114,-14.545322],[-73.350921,-14.545254],[-73.350722,-14.545145],[-73.349478,-14.544143],[-73.343809,-14.540705],[-73.343396,-14.540508],[-73.341887,-14.539965],[-73.341444,-14.539845],[-73.340544,-14.539668],[-73.33986,-14.539591],[-73.338714,-14.539523],[-73.338255,-14.539527],[-73.337797,-14.539563],[-73.336888,-14.539692],[-73.336211,-14.539812],[-73.321111,-14.543718],[-73.320888,-14.543773],[-73.32066,-14.54379],[-73.320435,-14.543749],[-73.320216,-14.543681],[-73.317286,-14.54238],[-73.31686,-14.542212],[-73.316411,-14.542119],[-73.315728,-14.542031],[-73.315509,-14.541965],[-73.315308,-14.541858],[-73.313669,-14.540619],[-73.313474,-14.540502],[-73.313262,-14.540414],[-73.313041,-14.540355],[-73.312814,-14.540326],[-73.305288,-14.539465],[-73.305062,-14.539426],[-73.304845,-14.539356],[-73.304443,-14.539138],[-73.294587,-14.53211],[-73.29399,-14.531772],[-73.292297,-14.531072],[-73.292095,-14.530967],[-73.291747,-14.530673],[-73.290806,-14.529683],[-73.289445,-14.528151],[-73.287965,-14.526423],[-73.287809,-14.526259],[-73.287629,-14.526118],[-73.287225,-14.525905],[-73.284429,-14.524875],[-73.284027,-14.524661],[-73.2827,-14.523767],[-73.281584,-14.522972],[-73.280122,-14.521877],[-73.276789,-14.519472],[-73.276267,-14.51903],[-73.275782,-14.518549],[-73.275344,-14.518025],[-73.274823,-14.517281],[-73.272923,-14.513926],[-73.272727,-14.513815],[-73.270932,-14.513435],[-73.27072,-14.513352],[-73.270543,-14.513209],[-73.26948,-14.511734],[-73.269368,-14.511538],[-73.269307,-14.511322],[-73.269291,-14.511096],[-73.269343,-14.510877],[-73.269865,-14.50987],[-73.269926,-14.509653],[-73.269948,-14.509428],[-73.269642,-14.507877],[-73.269471,-14.507737],[-73.269268,-14.507807],[-73.269236,-14.508019],[-73.269355,-14.508687],[-73.269363,-14.508912],[-73.269322,-14.509134],[-73.269135,-14.509544],[-73.268498,-14.510484],[-73.268404,-14.510689],[-73.268369,-14.510912],[-73.2682,-14.511332],[-73.268164,-14.511553],[-73.268222,-14.512],[-73.268341,-14.512191],[-73.268974,-14.512846],[-73.269079,-14.513044],[-73.269336,-14.513674],[-73.269409,-14.513887],[-73.26926,-14.51402],[-73.2691,-14.513873],[-73.268913,-14.513221],[-73.268805,-14.513022],[-73.268656,-14.512852],[-73.267959,-14.512264],[-73.267866,-14.512061],[-73.267824,-14.51184],[-73.267791,-14.511163],[-73.26787,-14.510491],[-73.267862,-14.509813],[-73.2678,-14.508458],[-73.267635,-14.507569],[-73.267638,-14.507343],[-73.267769,-14.506678],[-73.267791,-14.506453],[-73.2678,-14.506001],[-73.267775,-14.505778],[-73.26767,-14.505579],[-73.267365,-14.505242],[-73.267236,-14.505055],[-73.267032,-14.50465],[-73.266681,-14.503815],[-73.266461,-14.503419],[-73.265166,-14.501551],[-73.265046,-14.501359],[-73.264964,-14.50115],[-73.264897,-14.500703],[-73.264894,-14.500477],[-73.265107,-14.498226],[-73.265082,-14.498005],[-73.26488,-14.497938],[-73.264752,-14.498096],[-73.264768,-14.498999],[-73.26472,-14.49922],[-73.264264,-14.500499],[-73.264211,-14.500948],[-73.264223,-14.501399],[-73.264272,-14.50162],[-73.264365,-14.501826],[-73.264931,-14.502807],[-73.264967,-14.50303],[-73.264979,-14.503482],[-73.265007,-14.503706],[-73.26508,-14.50392],[-73.265785,-14.505342],[-73.265851,-14.505557],[-73.265852,-14.505783],[-73.265801,-14.506002],[-73.26549,-14.506853],[-73.265455,-14.507077],[-73.265525,-14.50775],[-73.265523,-14.507976],[-73.265358,-14.508632],[-73.265116,-14.509968],[-73.265126,-14.510192],[-73.265184,-14.51041],[-73.265444,-14.511037],[-73.26548,-14.51126],[-73.26548,-14.513068],[-73.265725,-14.514402],[-73.265715,-14.514627],[-73.265656,-14.514844],[-73.265168,-14.516113],[-73.265032,-14.516288],[-73.264837,-14.516231],[-73.264854,-14.516013],[-73.265289,-14.514967],[-73.265309,-14.514743],[-73.265281,-14.51452],[-73.264911,-14.513696],[-73.264866,-14.513474],[-73.264851,-14.513249],[-73.26485,-14.512571],[-73.264793,-14.512352],[-73.26448,-14.511502],[-73.264395,-14.511059],[-73.264296,-14.510859],[-73.264029,-14.510491],[-73.263915,-14.510295],[-73.263725,-14.509884],[-73.263564,-14.509225],[-73.263534,-14.508775],[-73.263561,-14.50855],[-73.263603,-14.508328],[-73.263731,-14.507894],[-73.26376,-14.50767],[-73.263684,-14.507458],[-73.262943,-14.506054],[-73.262815,-14.505867],[-73.262643,-14.50572],[-73.262431,-14.505639],[-73.261057,-14.505549],[-73.260845,-14.505463],[-73.260659,-14.505332],[-73.2605,-14.50517],[-73.25988,-14.504502],[-73.259769,-14.504307],[-73.259743,-14.504087],[-73.259798,-14.503869],[-73.26017,-14.503042],[-73.260186,-14.502821],[-73.260118,-14.502608],[-73.260014,-14.502406],[-73.259952,-14.502192],[-73.260003,-14.501975],[-73.260289,-14.501622],[-73.260553,-14.501252],[-73.260791,-14.500866],[-73.260973,-14.500451],[-73.261383,-14.499156],[-73.261392,-14.498932],[-73.261299,-14.498729],[-73.261045,-14.498354],[-73.260846,-14.49795],[-73.260633,-14.497927],[-73.26053,-14.498109],[-73.260632,-14.498308],[-73.260916,-14.498663],[-73.261039,-14.498852],[-73.261026,-14.499073],[-73.260846,-14.499487],[-73.260643,-14.500135],[-73.260529,-14.500331],[-73.260085,-14.500849],[-73.259723,-14.501125],[-73.259322,-14.501344],[-73.258947,-14.501603],[-73.258797,-14.501772],[-73.258569,-14.502161],[-73.258361,-14.502246],[-73.258133,-14.50226],[-73.257221,-14.502152],[-73.256998,-14.502102],[-73.256789,-14.50201],[-73.255804,-14.50143],[-73.255627,-14.501289],[-73.255399,-14.500898],[-73.255316,-14.500688],[-73.255275,-14.500465],[-73.255275,-14.500241],[-73.255334,-14.500026],[-73.255509,-14.499881],[-73.255733,-14.499844],[-73.255948,-14.49991],[-73.256148,-14.500022],[-73.256334,-14.500154],[-73.256484,-14.500324],[-73.256861,-14.50089],[-73.25705,-14.501014],[-73.257463,-14.501211],[-73.257685,-14.501267],[-73.257913,-14.501271],[-73.258132,-14.501206],[-73.258327,-14.50109],[-73.258469,-14.500913],[-73.258562,-14.50071],[-73.258828,-14.49961],[-73.258846,-14.499387],[-73.258772,-14.499173],[-73.258283,-14.498409],[-73.258108,-14.498265],[-73.25791,-14.498153],[-73.257489,-14.497972],[-73.257289,-14.497864],[-73.257123,-14.497708],[-73.257014,-14.497511],[-73.25698,-14.49729],[-73.256999,-14.497065],[-73.257456,-14.495785],[-73.257488,-14.495565],[-73.257331,-14.49542],[-73.257133,-14.495505],[-73.256808,-14.496349],[-73.256681,-14.496536],[-73.256501,-14.496674],[-73.256293,-14.496771],[-73.256069,-14.496813],[-73.25584,-14.49682],[-73.255154,-14.496752],[-73.254928,-14.49675],[-73.254748,-14.496884],[-73.254686,-14.497098],[-73.254682,-14.497776],[-73.254635,-14.497997],[-73.254561,-14.49821],[-73.254064,-14.498969],[-73.253644,-14.499773],[-73.253464,-14.499903],[-73.253281,-14.499801],[-73.253292,-14.499583],[-73.253857,-14.498347],[-73.25389,-14.498124],[-73.253862,-14.497901],[-73.252613,-14.494741],[-73.252444,-14.494083],[-73.252369,-14.49387],[-73.252089,-14.493251],[-73.251844,-14.492618],[-73.251738,-14.492417],[-73.2516,-14.492237],[-73.250861,-14.491372],[-73.250744,-14.491178],[-73.250314,-14.490132],[-73.250059,-14.489756],[-73.249857,-14.489351],[-73.249736,-14.488915],[-73.249651,-14.488706],[-73.249207,-14.488189],[-73.248948,-14.487816],[-73.248839,-14.487617],[-73.248175,-14.486176],[-73.247506,-14.484991],[-73.244974,-14.479918],[-73.244712,-14.479548],[-73.244047,-14.478927],[-73.243894,-14.478759],[-73.243796,-14.478555],[-73.243739,-14.478338],[-73.243632,-14.477668],[-73.24357,-14.477451],[-73.243379,-14.47704],[-73.24325,-14.476853],[-73.243088,-14.476694],[-73.242904,-14.47656],[-73.241735,-14.475842],[-73.241531,-14.475739],[-73.241313,-14.475672],[-73.2404,-14.475586],[-73.240178,-14.47553],[-73.239969,-14.475438],[-73.239609,-14.475159],[-73.239285,-14.47484],[-73.23915,-14.474658],[-73.238873,-14.474037],[-73.238671,-14.473631],[-73.238443,-14.473239],[-73.237568,-14.472192],[-73.23747,-14.471991],[-73.237485,-14.47177],[-73.237596,-14.471575],[-73.238265,-14.470956],[-73.238417,-14.470789],[-73.238478,-14.470575],[-73.23843,-14.469899],[-73.238445,-14.469448],[-73.238698,-14.468347],[-73.23873,-14.468124],[-73.238594,-14.467461],[-73.238535,-14.467013],[-73.238478,-14.466795],[-73.238392,-14.466585],[-73.238067,-14.465988],[-73.238006,-14.465771],[-73.238043,-14.465551],[-73.238184,-14.465121],[-73.238206,-14.464898],[-73.238134,-14.464452],[-73.237941,-14.463802],[-73.237822,-14.46361],[-73.237323,-14.463146],[-73.23634,-14.461894],[-73.234944,-14.460394],[-73.23394,-14.459465],[-73.232879,-14.458601],[-73.232166,-14.45803],[-73.231393,-14.457544],[-73.231229,-14.457388],[-73.230628,-14.456704],[-73.230386,-14.456321],[-73.230224,-14.455898],[-73.229857,-14.455325],[-73.229309,-14.454332],[-73.229187,-14.454141],[-73.228767,-14.453604],[-73.228655,-14.453407],[-73.228581,-14.453193],[-73.228478,-14.452753],[-73.228372,-14.452553],[-73.227601,-14.451429],[-73.227299,-14.45109],[-73.226887,-14.450893],[-73.226699,-14.450763],[-73.226566,-14.450582],[-73.226405,-14.450159],[-73.226284,-14.44997],[-73.225782,-14.449507],[-73.225628,-14.449339],[-73.225257,-14.448771],[-73.224439,-14.448367],[-73.224286,-14.448201],[-73.224083,-14.447796],[-73.223955,-14.44761],[-73.223488,-14.447112],[-73.223357,-14.44693],[-73.223331,-14.446706],[-73.223339,-14.44648],[-73.223297,-14.44626],[-73.22305,-14.44588],[-73.22296,-14.445672],[-73.222766,-14.445022],[-73.222737,-14.444119],[-73.222698,-14.443899],[-73.222593,-14.4437],[-73.22244,-14.443531],[-73.221906,-14.443104],[-73.22176,-14.44293],[-73.221691,-14.442715],[-73.221662,-14.442492],[-73.2217,-14.44091],[-73.221619,-14.440466],[-73.221283,-14.43915],[-73.221187,-14.438947],[-73.221061,-14.438758],[-73.22079,-14.438393],[-73.220632,-14.438229],[-73.219784,-14.437469],[-73.219256,-14.437033],[-73.218938,-14.436709],[-73.218156,-14.435592],[-73.218043,-14.435396],[-73.217976,-14.435181],[-73.217903,-14.434507],[-73.217094,-14.431914],[-73.216903,-14.431503],[-73.215717,-14.429567],[-73.21558,-14.429387],[-73.214949,-14.428731],[-73.214617,-14.428418],[-73.210896,-14.425399],[-73.209525,-14.424195],[-73.209373,-14.424027],[-73.207886,-14.422016],[-73.207739,-14.421843],[-73.204748,-14.419037],[-73.204613,-14.418854],[-73.204512,-14.418651],[-73.204374,-14.418221],[-73.204023,-14.416446],[-73.203881,-14.415324],[-73.203836,-14.415103],[-73.203722,-14.414916],[-73.20299,-14.414371],[-73.200484,-14.412044],[-73.20032,-14.411886],[-73.20018,-14.411707],[-73.20007,-14.41151],[-73.199992,-14.411297],[-73.199781,-14.410417],[-73.199604,-14.410001],[-73.199294,-14.409396],[-73.198956,-14.408805],[-73.198682,-14.408442],[-73.198376,-14.408105],[-73.198037,-14.407803],[-73.197646,-14.407566],[-73.195818,-14.406617],[-73.195403,-14.406425],[-73.195207,-14.406309],[-73.195056,-14.406142],[-73.194713,-14.405556],[-73.194297,-14.405016],[-73.193618,-14.404408],[-73.193462,-14.404242],[-73.193047,-14.403702],[-73.192444,-14.402482],[-73.191994,-14.401443],[-73.191201,-14.399082],[-73.191115,-14.398872],[-73.190991,-14.398683],[-73.190824,-14.398528],[-73.190625,-14.398418],[-73.190408,-14.398345],[-73.187101,-14.397396],[-73.186668,-14.397248],[-73.186073,-14.396908],[-73.185893,-14.396768],[-73.185737,-14.396603],[-73.185638,-14.396401],[-73.185579,-14.396183],[-73.185583,-14.39528],[-73.185541,-14.39483],[-73.18556,-14.394605],[-73.185761,-14.393957],[-73.185777,-14.393733],[-73.185697,-14.393523],[-73.184755,-14.392241],[-73.184511,-14.391858],[-73.184001,-14.390846],[-73.183714,-14.390495],[-73.179841,-14.386961],[-73.179708,-14.386777],[-73.179606,-14.386575],[-73.179539,-14.386129],[-73.179517,-14.385451],[-73.179487,-14.385227],[-73.179424,-14.385011],[-73.179303,-14.38482],[-73.179157,-14.384647],[-73.177915,-14.383642],[-73.177749,-14.383486],[-73.177609,-14.383307],[-73.175918,-14.380354],[-73.175545,-14.379785],[-73.1752,-14.379489],[-73.175003,-14.379374],[-73.17375,-14.37881],[-73.173555,-14.378692],[-73.173203,-14.378404],[-73.17307,-14.37822],[-73.172957,-14.378024],[-73.17287,-14.377815],[-73.17281,-14.377597],[-73.172743,-14.37715],[-73.172584,-14.375575],[-73.172479,-14.375136],[-73.171558,-14.373066],[-73.171311,-14.372686],[-73.171005,-14.37235],[-73.169224,-14.370923],[-73.169062,-14.370763],[-73.16894,-14.370572],[-73.168739,-14.370166],[-73.168684,-14.369946],[-73.168673,-14.369721],[-73.168622,-14.369501],[-73.168489,-14.369319],[-73.168391,-14.369129],[-73.168971,-14.367903],[-73.168996,-14.367679],[-73.168953,-14.367457],[-73.168814,-14.367026],[-73.168634,-14.366611],[-73.168425,-14.366208],[-73.16762,-14.365108],[-73.167124,-14.364348],[-73.166966,-14.364184],[-73.165876,-14.363355],[-73.165549,-14.363039],[-73.165401,-14.362866],[-73.16529,-14.362669],[-73.16523,-14.362453],[-73.165247,-14.362228],[-73.165293,-14.362007],[-73.165549,-14.361138],[-73.16557,-14.360914],[-73.165541,-14.36069],[-73.164997,-14.358727],[-73.164954,-14.358505],[-73.164945,-14.35828],[-73.164989,-14.357377],[-73.164962,-14.355795],[-73.164842,-14.355361],[-73.164482,-14.354529],[-73.164399,-14.354085],[-73.164391,-14.353859],[-73.164654,-14.35253],[-73.164653,-14.352305],[-73.16459,-14.352087],[-73.1645,-14.35188],[-73.164111,-14.351062],[-73.163986,-14.350628],[-73.163963,-14.350403],[-73.163989,-14.349952],[-73.164047,-14.349735],[-73.164277,-14.349096],[-73.164331,-14.348877],[-73.164366,-14.348653],[-73.164322,-14.348205],[-73.164156,-14.347785],[-73.163842,-14.347181],[-73.163701,-14.347004],[-73.162718,-14.346054],[-73.162449,-14.345688],[-73.162337,-14.345491],[-73.162246,-14.345283],[-73.162132,-14.344848],[-73.162162,-14.343944],[-73.16219,-14.34372],[-73.162267,-14.343507],[-73.162378,-14.34331],[-73.162529,-14.343141],[-73.162711,-14.343005],[-73.164074,-14.342166],[-73.16444,-14.341896],[-73.164581,-14.341718],[-73.165048,-14.340939],[-73.165318,-14.340573],[-73.165472,-14.340407],[-73.165662,-14.340282],[-73.166094,-14.34013],[-73.167436,-14.339822],[-73.167863,-14.339662],[-73.16804,-14.339518],[-73.168477,-14.338994],[-73.168638,-14.338834],[-73.169199,-14.338442],[-73.16936,-14.338283],[-73.169796,-14.337759],[-73.170128,-14.337446],[-73.170307,-14.337305],[-73.171642,-14.336424],[-73.171845,-14.336319],[-73.172274,-14.336159],[-73.172937,-14.335977],[-73.174018,-14.335595],[-73.177222,-14.334352],[-73.177428,-14.334256],[-73.177799,-14.333991],[-73.182993,-14.328558],[-73.183163,-14.328407],[-73.18376,-14.328071],[-73.183941,-14.327933],[-73.18481,-14.327195],[-73.185461,-14.326558],[-73.186201,-14.325694],[-73.188095,-14.323137],[-73.18825,-14.32297],[-73.18844,-14.322846],[-73.189475,-14.322358],[-73.190153,-14.322251],[-73.190376,-14.322197],[-73.191252,-14.321925],[-73.191891,-14.321674],[-73.194254,-14.320279],[-73.194447,-14.320157],[-73.194595,-14.319987],[-73.194699,-14.319786],[-73.19488,-14.319132],[-73.194992,-14.318936],[-73.195137,-14.318763],[-73.195871,-14.318219],[-73.196066,-14.3181],[-73.196486,-14.317919],[-73.196933,-14.317823],[-73.197392,-14.31782],[-73.198074,-14.317909],[-73.198958,-14.318154],[-73.199181,-14.318201],[-73.19941,-14.318208],[-73.199628,-14.318144],[-73.199811,-14.318011],[-73.199958,-14.317839],[-73.200056,-14.317635],[-73.200107,-14.317415],[-73.200099,-14.31719],[-73.199984,-14.316753],[-73.199223,-14.314862],[-73.199162,-14.314644],[-73.19914,-14.31442],[-73.19917,-14.314197],[-73.199252,-14.313987],[-73.199378,-14.313799],[-73.199551,-14.313653],[-73.199745,-14.313533],[-73.20142,-14.31279],[-73.201858,-14.312658],[-73.202314,-14.31262],[-73.202543,-14.312631],[-73.202767,-14.312678],[-73.206083,-14.313595],[-73.206514,-14.31375],[-73.206736,-14.313806],[-73.206965,-14.313814],[-73.207188,-14.313769],[-73.207402,-14.313687],[-73.207781,-14.313433],[-73.214315,-14.308447],[-73.214515,-14.308336],[-73.214719,-14.308237],[-73.214941,-14.308178],[-73.215167,-14.308139],[-73.215396,-14.308134],[-73.215849,-14.308199],[-73.216963,-14.308471],[-73.217192,-14.308489],[-73.217421,-14.308474],[-73.217634,-14.308397],[-73.21782,-14.308266],[-73.218131,-14.307936],[-73.219227,-14.306485],[-73.220237,-14.305562],[-73.220594,-14.305279],[-73.221555,-14.30466],[-73.222154,-14.304327],[-73.225459,-14.303376],[-73.225894,-14.303229],[-73.226342,-14.303134],[-73.2268,-14.30313],[-73.227026,-14.303165],[-73.227247,-14.303227],[-73.22871,-14.30388],[-73.228932,-14.303936],[-73.229161,-14.30395],[-73.229846,-14.303883],[-73.230071,-14.303842],[-73.230957,-14.303601],[-73.23138,-14.30343],[-73.231725,-14.303133],[-73.23389,-14.300793],[-73.234061,-14.300643],[-73.234438,-14.300387],[-73.234637,-14.300273],[-73.235068,-14.300118],[-73.236656,-14.299884],[-73.236879,-14.299832],[-73.23709,-14.299744],[-73.23849,-14.298967],[-73.238812,-14.298647],[-73.239255,-14.29813],[-73.23943,-14.297985],[-73.239829,-14.297763],[-73.242616,-14.296711],[-73.245093,-14.296226],[-73.24575,-14.296028],[-73.246177,-14.295863],[-73.247812,-14.295038],[-73.248004,-14.294918],[-73.248158,-14.294751],[-73.248858,-14.293855],[-73.249185,-14.293539],[-73.249575,-14.293301],[-73.250002,-14.293138],[-73.251564,-14.292765],[-73.251991,-14.292601],[-73.252806,-14.292184],[-73.253568,-14.29168],[-73.270141,-14.281111],[-73.270885,-14.28058],[-73.271937,-14.279705],[-73.272129,-14.279582],[-73.272779,-14.27936],[-73.274783,-14.278867],[-73.275208,-14.278697],[-73.275604,-14.27847],[-73.275788,-14.278336],[-73.277363,-14.277018],[-73.279149,-14.275597],[-73.279662,-14.275145],[-73.280143,-14.27466],[-73.280653,-14.274205],[-73.281774,-14.273417],[-73.283046,-14.272449],[-73.283431,-14.272203],[-73.284438,-14.271661],[-73.290972,-14.268882],[-73.291163,-14.268758],[-73.291328,-14.268603],[-73.291455,-14.268414],[-73.291555,-14.268211],[-73.293436,-14.26384],[-73.294464,-14.261568],[-73.294539,-14.261123],[-73.294569,-14.260672],[-73.294525,-14.259769],[-73.294538,-14.259544],[-73.294591,-14.259325],[-73.294673,-14.259114],[-73.294769,-14.258909],[-73.294901,-14.258725],[-73.295315,-14.258182],[-73.295636,-14.25786],[-73.297901,-14.256316],[-73.298443,-14.255898],[-73.29964,-14.254842],[-73.299998,-14.254559],[-73.300193,-14.254441],[-73.300406,-14.254355],[-73.301724,-14.253961],[-73.302736,-14.25343],[-73.302925,-14.253302],[-73.303085,-14.253141],[-73.303212,-14.252954],[-73.303312,-14.25275],[-73.303393,-14.252539],[-73.303434,-14.252318],[-73.30344,-14.251866],[-73.303294,-14.250974],[-73.303284,-14.250749],[-73.303367,-14.250304],[-73.303565,-14.249897],[-73.304859,-14.24803],[-73.305013,-14.247863],[-73.30626,-14.246865],[-73.307295,-14.246379],[-73.307488,-14.246258],[-73.308031,-14.24584],[-73.310195,-14.244559],[-73.31037,-14.244415],[-73.310504,-14.244232],[-73.31059,-14.244023],[-73.310619,-14.2438],[-73.310541,-14.2429],[-73.31057,-14.242676],[-73.310631,-14.242458],[-73.310727,-14.242254],[-73.310848,-14.242063],[-73.310999,-14.241892],[-73.311154,-14.241726],[-73.311662,-14.241267],[-73.313986,-14.238765],[-73.314099,-14.238568],[-73.314178,-14.238356],[-73.314229,-14.238137],[-73.314229,-14.237912],[-73.314186,-14.237462],[-73.314195,-14.237237],[-73.31423,-14.237015],[-73.314315,-14.236806],[-73.314426,-14.236609],[-73.31458,-14.236444],[-73.314764,-14.236309],[-73.315365,-14.235978],[-73.315548,-14.235841],[-73.315696,-14.235669],[-73.315818,-14.235478],[-73.317154,-14.232353],[-73.317264,-14.232155],[-73.318248,-14.230904],[-73.318719,-14.230411],[-73.319055,-14.230102],[-73.320019,-14.229491],[-73.320195,-14.229345],[-73.32051,-14.229017],[-73.32109,-14.228316],[-73.321416,-14.227999],[-73.322023,-14.227684],[-73.322166,-14.227508],[-73.322279,-14.227317],[-73.322345,-14.227101],[-73.322365,-14.226878],[-73.32233,-14.226655],[-73.321682,-14.225466],[-73.321049,-14.224522],[-73.32094,-14.224324],[-73.320872,-14.223879],[-73.320891,-14.223655],[-73.320943,-14.223436],[-73.321162,-14.222792],[-73.321257,-14.222588],[-73.321606,-14.222003],[-73.321699,-14.221798],[-73.321761,-14.221581],[-73.321819,-14.221133],[-73.321866,-14.220456],[-73.321862,-14.220231],[-73.32177,-14.219788],[-73.321701,-14.219575],[-73.321394,-14.218968],[-73.32116,-14.21833],[-73.320971,-14.217918],[-73.320823,-14.21775],[-73.320291,-14.21732],[-73.31965,-14.216673],[-73.319298,-14.216383],[-73.319138,-14.216222],[-73.319002,-14.21604],[-73.318017,-14.214514],[-73.317796,-14.214118],[-73.317714,-14.213907],[-73.317669,-14.213686],[-73.317659,-14.213235],[-73.317744,-14.212791],[-73.318096,-14.211958],[-73.31813,-14.211735],[-73.318093,-14.211513],[-73.318019,-14.211299],[-73.317758,-14.210672],[-73.317715,-14.210451],[-73.317717,-14.210225],[-73.317761,-14.210005],[-73.317839,-14.209793],[-73.317944,-14.209592],[-73.318116,-14.209448],[-73.318332,-14.209383],[-73.319244,-14.209462],[-73.319457,-14.209383],[-73.319836,-14.209128],[-73.320231,-14.208898],[-73.320441,-14.208809],[-73.320663,-14.208753],[-73.320891,-14.208724],[-73.321118,-14.208743],[-73.321342,-14.208791],[-73.321556,-14.208874],[-73.322336,-14.209349],[-73.322545,-14.209442],[-73.322768,-14.209488],[-73.322996,-14.20949],[-73.324137,-14.20937],[-73.325055,-14.209362],[-73.325283,-14.209335],[-73.325506,-14.20928],[-73.325939,-14.209132],[-73.326148,-14.209039],[-73.326919,-14.208548],[-73.327097,-14.208406],[-73.327249,-14.208238],[-73.327502,-14.207861],[-73.327589,-14.207653],[-73.327638,-14.207432],[-73.327619,-14.207208],[-73.327561,-14.206989],[-73.327334,-14.206598],[-73.327072,-14.206226],[-73.326912,-14.205805],[-73.326811,-14.205602],[-73.326385,-14.205071],[-73.32605,-14.204479],[-73.325921,-14.204291],[-73.32506,-14.203546],[-73.324906,-14.203378],[-73.324691,-14.202979],[-73.324603,-14.202773],[-73.324411,-14.200748],[-73.324163,-14.200371],[-73.324021,-14.200194],[-73.323681,-14.199894],[-73.32343,-14.199517],[-73.321958,-14.196451],[-73.321679,-14.196094],[-73.321508,-14.195943],[-73.320967,-14.195524],[-73.320576,-14.195286],[-73.320212,-14.195012],[-73.319915,-14.194669],[-73.319804,-14.194471],[-73.319707,-14.194267],[-73.319647,-14.194049],[-73.319272,-14.190678],[-73.31926,-14.190227],[-73.31928,-14.190002],[-73.319436,-14.189342],[-73.320892,-14.186022],[-73.321002,-14.185823],[-73.321522,-14.185078],[-73.321631,-14.18488],[-73.321712,-14.184669],[-73.3219,-14.184017],[-73.322095,-14.183608],[-73.322211,-14.183414],[-73.322717,-14.18266],[-73.32286,-14.182483],[-73.323546,-14.181883],[-73.323859,-14.181554],[-73.324051,-14.181144],[-73.324112,-14.180926],[-73.324127,-14.180702],[-73.324082,-14.180481],[-73.323987,-14.180276],[-73.323558,-14.179748],[-73.323441,-14.179553],[-73.323381,-14.179336],[-73.323333,-14.174362],[-73.323479,-14.172333],[-73.32354,-14.172115],[-73.323637,-14.171911],[-73.323888,-14.171533],[-73.323976,-14.171327],[-73.324007,-14.171104],[-73.323981,-14.170879],[-73.323804,-14.169992],[-73.323729,-14.169091],[-73.32372,-14.168639],[-73.323748,-14.168415],[-73.323793,-14.168193],[-73.323879,-14.167984],[-73.324434,-14.166743],[-73.324495,-14.166525],[-73.324693,-14.165412],[-73.324681,-14.165187],[-73.324614,-14.164972],[-73.323886,-14.163311],[-73.323498,-14.162491],[-73.323237,-14.162122],[-73.318432,-14.156649],[-73.316903,-14.154963],[-73.316547,-14.154679],[-73.31617,-14.15442],[-73.313915,-14.153302],[-73.312917,-14.152742],[-73.311886,-14.152246],[-73.311698,-14.152119],[-73.310278,-14.150971],[-73.310116,-14.150812],[-73.309809,-14.150477],[-73.308898,-14.148907],[-73.308772,-14.148718],[-73.30848,-14.14837],[-73.308128,-14.148081],[-73.307325,-14.147643],[-73.306992,-14.147332],[-73.306707,-14.146978],[-73.306592,-14.146783],[-73.306227,-14.145953],[-73.304568,-14.142725],[-73.304315,-14.142349],[-73.304035,-14.141991],[-73.30372,-14.141663],[-73.303365,-14.141376],[-73.302047,-14.14047],[-73.301081,-14.139861],[-73.300731,-14.139569],[-73.300587,-14.139393],[-73.300466,-14.139202],[-73.30011,-14.138368],[-73.300068,-14.138146],[-73.300064,-14.137017],[-73.299944,-14.136582],[-73.299666,-14.135961],[-73.298185,-14.132899],[-73.298124,-14.132682],[-73.29811,-14.132457],[-73.298152,-14.132235],[-73.298229,-14.132023],[-73.298356,-14.131836],[-73.298513,-14.131672],[-73.299409,-14.130965],[-73.299901,-14.130492],[-73.30002,-14.130299],[-73.300252,-14.129661],[-73.300278,-14.129438],[-73.300273,-14.129212],[-73.30024,-14.128989],[-73.300164,-14.128777],[-73.299794,-14.127949],[-73.299651,-14.127773],[-73.299478,-14.127626],[-73.299075,-14.127411],[-73.29886,-14.12733],[-73.298637,-14.127284],[-73.298409,-14.127282],[-73.298186,-14.127331],[-73.296268,-14.128087],[-73.295165,-14.128399],[-73.294308,-14.128719],[-73.293855,-14.128792],[-73.293626,-14.128795],[-73.293403,-14.128744],[-73.293207,-14.128631],[-73.293059,-14.128461],[-73.292951,-14.128263],[-73.292778,-14.127844],[-73.292648,-14.12766],[-73.29248,-14.127508],[-73.292279,-14.1274],[-73.292056,-14.127348],[-73.291827,-14.127343],[-73.291602,-14.127383],[-73.290082,-14.127893],[-73.289197,-14.128134],[-73.288746,-14.12821],[-73.288517,-14.128198],[-73.287625,-14.127986],[-73.287404,-14.127923],[-73.287197,-14.127828],[-73.287018,-14.127688],[-73.286857,-14.127527],[-73.2867,-14.127361],[-73.286573,-14.127175],[-73.286492,-14.126964],[-73.286463,-14.126741],[-73.28657,-14.125389],[-73.286559,-14.125163],[-73.286531,-14.124939],[-73.286476,-14.12472],[-73.28633,-14.124291],[-73.286113,-14.123893],[-73.285504,-14.122936],[-73.284885,-14.122268],[-73.284747,-14.122088],[-73.284542,-14.121684],[-73.284099,-14.120641],[-73.284023,-14.120428],[-73.283979,-14.120207],[-73.283992,-14.119757],[-73.284417,-14.116163],[-73.284467,-14.11526],[-73.284462,-14.115035],[-73.284423,-14.114131],[-73.28438,-14.11391],[-73.284281,-14.113709],[-73.283855,-14.113179],[-73.283593,-14.112553],[-73.283447,-14.112124],[-73.283402,-14.111903],[-73.283022,-14.108532],[-73.283004,-14.108308],[-73.283031,-14.108083],[-73.283478,-14.106329],[-73.283539,-14.105881],[-73.283534,-14.105429],[-73.283363,-14.102948],[-73.283325,-14.102725],[-73.283242,-14.102515],[-73.282934,-14.101908],[-73.282484,-14.101397],[-73.282375,-14.101199],[-73.281252,-14.098476],[-73.281098,-14.09805],[-73.281043,-14.097602],[-73.281065,-14.096472],[-73.281135,-14.096025],[-73.281385,-14.094922],[-73.281407,-14.094699],[-73.281396,-14.094473],[-73.281278,-14.094036],[-73.280318,-14.091016],[-73.279993,-14.090419],[-73.279742,-14.09004],[-73.277185,-14.086843],[-73.277027,-14.08668],[-73.276843,-14.086546],[-73.273119,-14.084782],[-73.272725,-14.084551],[-73.271674,-14.083675],[-73.270538,-14.082907],[-73.26999,-14.082496],[-73.267551,-14.080435],[-73.267367,-14.0803],[-73.265305,-14.079308],[-73.264646,-14.079112],[-73.261751,-14.078395],[-73.261534,-14.078321],[-73.261131,-14.078106],[-73.260767,-14.077831],[-73.259094,-14.076283],[-73.257798,-14.075348],[-73.256262,-14.073986],[-73.255361,-14.072961],[-73.25508,-14.072604],[-73.254833,-14.072223],[-73.254738,-14.072018],[-73.254711,-14.071795],[-73.254741,-14.071572],[-73.255346,-14.069626],[-73.255483,-14.068962],[-73.255513,-14.068512],[-73.255477,-14.068062],[-73.255413,-14.067614],[-73.255092,-14.066295],[-73.255024,-14.06608],[-73.254922,-14.065878],[-73.25447,-14.065091],[-73.254315,-14.064925],[-73.25414,-14.06478],[-73.253944,-14.064661],[-73.253728,-14.06459],[-73.253499,-14.06458],[-73.253273,-14.064615],[-73.251722,-14.065028],[-73.251494,-14.06505],[-73.251267,-14.065022],[-73.251059,-14.064929],[-73.25088,-14.064788],[-73.249205,-14.063242],[-73.249061,-14.063066],[-73.248946,-14.062871],[-73.248667,-14.061085],[-73.248572,-14.060643],[-73.248463,-14.060445],[-73.247352,-14.05873],[-73.247189,-14.058571],[-73.245936,-14.057582],[-73.245103,-14.057206],[-73.244542,-14.056812],[-73.244374,-14.056659],[-73.244241,-14.056476],[-73.243689,-14.055485],[-73.243382,-14.055151],[-73.243181,-14.055041],[-73.242963,-14.054971],[-73.242738,-14.054928],[-73.24251,-14.054913],[-73.241593,-14.054942],[-73.241373,-14.054881],[-73.240427,-14.054243],[-73.240227,-14.054132],[-73.240007,-14.054075],[-73.239549,-14.054045],[-73.238402,-14.054073],[-73.238183,-14.054008],[-73.237985,-14.053897],[-73.236818,-14.052808],[-73.236529,-14.052458],[-73.236437,-14.052251],[-73.23638,-14.052033],[-73.236298,-14.050453],[-73.23632,-14.050003],[-73.236401,-14.049793],[-73.236523,-14.049602],[-73.2371,-14.048898],[-73.237345,-14.048517],[-73.237844,-14.047253],[-73.237903,-14.047035],[-73.23795,-14.046133],[-73.2378,-14.045472],[-73.23762,-14.045057],[-73.235894,-14.041864],[-73.235649,-14.041483],[-73.235487,-14.041324],[-73.235294,-14.041202],[-73.235079,-14.041126],[-73.234166,-14.041045],[-73.233712,-14.040979],[-73.233254,-14.040984],[-73.23234,-14.041066],[-73.232113,-14.041031],[-73.231897,-14.040957],[-73.231046,-14.040616],[-73.23065,-14.040389],[-73.230288,-14.040112],[-73.226803,-14.036832],[-73.226614,-14.036703],[-73.226407,-14.036606],[-73.226189,-14.036537],[-73.225304,-14.036296],[-73.225079,-14.036251],[-73.224621,-14.036222],[-73.223949,-14.036077],[-73.223511,-14.035942],[-73.221012,-14.0348],[-73.220609,-14.034582],[-73.220424,-14.034451],[-73.22029,-14.034269],[-73.220223,-14.034055],[-73.220172,-14.033605],[-73.220132,-14.032475],[-73.220084,-14.032255],[-73.219874,-14.031854],[-73.219728,-14.03168],[-73.219395,-14.03137],[-73.217801,-14.030074],[-73.216836,-14.029107],[-73.215607,-14.027763],[-73.21479,-14.026672],[-73.213297,-14.025266],[-73.212632,-14.024346],[-73.211618,-14.023119],[-73.211439,-14.022977],[-73.211238,-14.022868],[-73.210593,-14.022633],[-73.210388,-14.022531],[-73.210204,-14.022397],[-73.208925,-14.021101],[-73.208729,-14.020985],[-73.207672,-14.020545],[-73.207292,-14.020293],[-73.207124,-14.020139],[-73.204571,-14.01694],[-73.203371,-14.015284],[-73.202786,-14.014586],[-73.202467,-14.014263],[-73.201917,-14.013855],[-73.20172,-14.013739],[-73.201303,-14.013551],[-73.201088,-14.013471],[-73.200644,-14.013355],[-73.200418,-14.013324],[-73.200189,-14.013328],[-73.19974,-14.013421],[-73.199089,-14.01364],[-73.198863,-14.013677],[-73.196576,-14.013876],[-73.196352,-14.013927],[-73.194668,-14.014647],[-73.194444,-14.014696],[-73.194216,-14.014704],[-73.193988,-14.014676],[-73.193771,-14.014601],[-73.193172,-14.014275],[-73.192952,-14.01421],[-73.192726,-14.014176],[-73.192268,-14.01415],[-73.192043,-14.014103],[-73.189938,-14.013201],[-73.189719,-14.013133],[-73.189269,-14.013047],[-73.187898,-14.012915],[-73.187677,-14.012858],[-73.187472,-14.012758],[-73.186791,-14.012153],[-73.186245,-14.01174],[-73.185472,-14.011251],[-73.18467,-14.010811],[-73.184288,-14.01056],[-73.18366,-14.010282],[-73.183477,-14.010147],[-73.182994,-14.009664],[-73.182238,-14.009151],[-73.181907,-14.00884],[-73.181765,-14.008663],[-73.181649,-14.008468],[-73.181332,-14.007621],[-73.180973,-14.007043],[-73.180648,-14.006445],[-73.180413,-14.005808],[-73.180308,-14.005367],[-73.180203,-14.004698],[-73.180205,-14.00402],[-73.180186,-14.003795],[-73.179907,-14.002699],[-73.17988,-14.002475],[-73.179862,-14.001797],[-73.179739,-14.001132],[-73.179756,-14.000455],[-73.179724,-14.000232],[-73.179659,-14.000015],[-73.179405,-13.999385],[-73.178928,-13.998614],[-73.178782,-13.998185],[-73.178736,-13.996378],[-73.178718,-13.996153],[-73.178619,-13.995712],[-73.178323,-13.994856],[-73.17823,-13.99465],[-73.177105,-13.992944],[-73.176649,-13.992159],[-73.176381,-13.991793],[-73.176014,-13.991521],[-73.175626,-13.99128],[-73.175421,-13.99118],[-73.175198,-13.991204],[-73.175024,-13.991348],[-73.174607,-13.991887],[-73.174434,-13.992031],[-73.174212,-13.992032],[-73.173592,-13.991736],[-73.172087,-13.99118],[-73.171247,-13.990816],[-73.171021,-13.990777],[-73.165982,-13.990439],[-73.165757,-13.990396],[-73.165321,-13.990258],[-73.1649,-13.990076],[-73.163479,-13.989338],[-73.163064,-13.989148],[-73.162697,-13.988879],[-73.162066,-13.988223],[-73.161923,-13.988045],[-73.161842,-13.98784],[-73.16195,-13.98765],[-73.162103,-13.987481],[-73.162169,-13.987269],[-73.162161,-13.987043],[-73.162068,-13.986372],[-73.162007,-13.986154],[-73.161637,-13.985326],[-73.161527,-13.985129],[-73.161061,-13.984631],[-73.160793,-13.984265],[-73.160626,-13.983844],[-73.160497,-13.98341],[-73.16048,-13.983185],[-73.160559,-13.982058],[-73.16056,-13.981832],[-73.160533,-13.981608],[-73.160121,-13.979615],[-73.159987,-13.978493],[-73.159642,-13.977415],[-73.159541,-13.977213],[-73.159374,-13.977059],[-73.158183,-13.97638],[-73.157753,-13.976227],[-73.15708,-13.976083],[-73.156869,-13.975996],[-73.156317,-13.975591],[-73.156121,-13.975475],[-73.155239,-13.975225],[-73.155029,-13.975135],[-73.154849,-13.974997],[-73.154434,-13.974455],[-73.154315,-13.974262],[-73.154037,-13.973642],[-73.153746,-13.972785],[-73.153698,-13.972565],[-73.153628,-13.97189],[-73.153566,-13.971673],[-73.152926,-13.970473],[-73.152767,-13.970049],[-73.152639,-13.969615],[-73.152621,-13.969391],[-73.152667,-13.969171],[-73.153032,-13.968341],[-73.15337,-13.9675],[-73.153672,-13.966891],[-73.154364,-13.965719],[-73.154647,-13.965363],[-73.155282,-13.96471],[-73.155644,-13.964435],[-73.156245,-13.964103],[-73.156429,-13.963969],[-73.15658,-13.963801],[-73.156702,-13.963609],[-73.157019,-13.963008],[-73.157077,-13.96279],[-73.157117,-13.962339],[-73.15711,-13.962114],[-73.15708,-13.96189],[-73.157006,-13.961677],[-73.156878,-13.96149],[-73.15672,-13.961327],[-73.154312,-13.959591],[-73.154151,-13.95943],[-73.152795,-13.957894],[-73.152294,-13.95743],[-73.152147,-13.957256],[-73.151891,-13.956881],[-73.151723,-13.956462],[-73.151615,-13.956263],[-73.151358,-13.955888],[-73.151134,-13.955494],[-73.150978,-13.955329],[-73.150786,-13.955206],[-73.150564,-13.955151],[-73.150336,-13.955141],[-73.149437,-13.955319],[-73.148748,-13.955304],[-73.148067,-13.955206],[-73.147609,-13.955172],[-73.146697,-13.955266],[-73.14624,-13.955228],[-73.146019,-13.955171],[-73.145813,-13.955071],[-73.145438,-13.954812],[-73.144411,-13.95431],[-73.144246,-13.954154],[-73.144142,-13.953953],[-73.144039,-13.953514],[-73.143957,-13.953305],[-73.143827,-13.953119],[-73.143647,-13.952978],[-73.143236,-13.952779],[-73.142794,-13.952658],[-73.142567,-13.95263],[-73.142108,-13.952629],[-73.141651,-13.952593],[-73.141426,-13.952548],[-73.14121,-13.952474],[-73.140802,-13.952268],[-73.140304,-13.951801],[-73.140161,-13.951626],[-73.140052,-13.951428],[-73.139964,-13.951219],[-73.139837,-13.950785],[-73.139754,-13.950341],[-73.139665,-13.949668],[-73.139676,-13.949443],[-73.139733,-13.949225],[-73.13992,-13.948813],[-73.140089,-13.948666],[-73.140303,-13.948586],[-73.140455,-13.948428],[-73.140522,-13.948213],[-73.140532,-13.947762],[-73.140454,-13.947088],[-73.140184,-13.945758],[-73.14004,-13.945329],[-73.139948,-13.945121],[-73.139822,-13.944934],[-73.139654,-13.944782],[-73.139255,-13.944559],[-73.136761,-13.943407],[-73.135603,-13.942674],[-73.135396,-13.942577],[-73.132001,-13.941198],[-73.131775,-13.94116],[-73.131547,-13.941176],[-73.131331,-13.941248],[-73.131145,-13.941379],[-73.129742,-13.942547],[-73.129575,-13.942701],[-73.129443,-13.942885],[-73.12865,-13.944262],[-73.128388,-13.944632],[-73.128227,-13.944793],[-73.12785,-13.945048],[-73.127241,-13.945364],[-73.127024,-13.945435],[-73.126795,-13.94545],[-73.126568,-13.945424],[-73.123385,-13.944979],[-73.120031,-13.944211],[-73.119384,-13.943981],[-73.118576,-13.943554],[-73.118411,-13.943399],[-73.118117,-13.943052],[-73.117926,-13.94293],[-73.117711,-13.942857],[-73.117035,-13.94273],[-73.116806,-13.942738],[-73.116586,-13.9428],[-73.116385,-13.942906],[-73.116216,-13.943059],[-73.116077,-13.943237],[-73.115584,-13.944257],[-73.115433,-13.944427],[-73.11526,-13.944574],[-73.114272,-13.94515],[-73.113732,-13.94557],[-73.113521,-13.945655],[-73.113299,-13.94571],[-73.11307,-13.94573],[-73.112615,-13.945686],[-73.112185,-13.945528],[-73.111994,-13.945403],[-73.111841,-13.945236],[-73.1112,-13.944298],[-73.111042,-13.944136],[-73.110852,-13.94401],[-73.110639,-13.943927],[-73.108199,-13.94329],[-73.106108,-13.942357],[-73.105896,-13.94227],[-73.105676,-13.942209],[-73.103416,-13.941806],[-73.10296,-13.94177],[-73.102502,-13.941806],[-73.102292,-13.941738],[-73.102171,-13.941551],[-73.10216,-13.940874],[-73.102047,-13.940684],[-73.101849,-13.940577],[-73.100939,-13.940454],[-73.098648,-13.940308],[-73.098422,-13.940278],[-73.098198,-13.940226],[-73.097106,-13.939883],[-73.096902,-13.939778],[-73.096715,-13.939647],[-73.096558,-13.939483],[-73.096427,-13.939299],[-73.096211,-13.9389],[-73.095966,-13.938518],[-73.095803,-13.938361],[-73.095417,-13.938116],[-73.094609,-13.937687],[-73.094397,-13.9376],[-73.093957,-13.937472],[-73.09328,-13.937347],[-73.092845,-13.937204],[-73.092209,-13.936944],[-73.090399,-13.935962],[-73.090027,-13.935699],[-73.089674,-13.935409],[-73.089283,-13.935175],[-73.089062,-13.935115],[-73.087925,-13.934966],[-73.087703,-13.93491],[-73.087061,-13.934664],[-73.086657,-13.934451],[-73.084974,-13.93327],[-73.084772,-13.933164],[-73.084556,-13.933089],[-73.08389,-13.932917],[-73.083663,-13.93289],[-73.083435,-13.932911],[-73.083217,-13.932975],[-73.083017,-13.933083],[-73.082483,-13.933511],[-73.082293,-13.933637],[-73.081101,-13.934316],[-73.080892,-13.934409],[-73.080668,-13.934458],[-73.080439,-13.934465],[-73.080212,-13.934432],[-73.080001,-13.934345],[-73.079218,-13.933871],[-73.079003,-13.933795],[-73.078325,-13.933681],[-73.078114,-13.933594],[-73.077755,-13.933313],[-73.077564,-13.933191],[-73.076004,-13.932813],[-73.075318,-13.932766],[-73.074865,-13.932696],[-73.073766,-13.932372],[-73.073539,-13.932342],[-73.073309,-13.93234],[-73.072166,-13.932446],[-73.071708,-13.932453],[-73.07148,-13.932431],[-73.071258,-13.932378],[-73.070837,-13.9322],[-73.070642,-13.932081],[-73.070313,-13.931767],[-73.069761,-13.931044],[-73.069647,-13.930849],[-73.069569,-13.930639],[-73.069594,-13.930189],[-73.069775,-13.928845],[-73.069723,-13.928627],[-73.069624,-13.928423],[-73.069159,-13.927924],[-73.069034,-13.927735],[-73.068953,-13.927525],[-73.06889,-13.927307],[-73.06877,-13.925729],[-73.068727,-13.925509],[-73.068633,-13.925304],[-73.068487,-13.925129],[-73.068132,-13.924845],[-73.067716,-13.924656],[-73.066147,-13.924316],[-73.065937,-13.924227],[-73.065539,-13.924003],[-73.065197,-13.923702],[-73.06412,-13.922528],[-73.062714,-13.921366],[-73.062331,-13.921117],[-73.062128,-13.921012],[-73.061281,-13.920667],[-73.060903,-13.920411],[-73.060365,-13.919988],[-73.059923,-13.91947],[-73.059683,-13.919084],[-73.058952,-13.917426],[-73.058549,-13.916877],[-73.058154,-13.916061],[-73.05728,-13.915013],[-73.057113,-13.91486],[-73.056172,-13.914214],[-73.056001,-13.914064],[-73.055865,-13.913883],[-73.055771,-13.913677],[-73.055507,-13.912578],[-73.055413,-13.912372],[-73.054084,-13.910816],[-73.053763,-13.910495],[-73.053578,-13.91036],[-73.053173,-13.910149],[-73.05165,-13.909644],[-73.051225,-13.909476],[-73.050845,-13.909224],[-73.050688,-13.909059],[-73.050557,-13.908874],[-73.049606,-13.907326],[-73.047166,-13.903231],[-73.04675,-13.902426],[-73.046348,-13.901367],[-73.044849,-13.896617],[-73.043935,-13.893819],[-73.043693,-13.893185],[-73.043568,-13.892996],[-73.043413,-13.892829],[-73.043239,-13.892684],[-73.043041,-13.892571],[-73.042619,-13.892391],[-73.041758,-13.892078],[-73.04132,-13.891942],[-73.041094,-13.891907],[-73.040865,-13.89191],[-73.039732,-13.89208],[-73.039508,-13.892049],[-73.039305,-13.891948],[-73.038744,-13.891555],[-73.038575,-13.891402],[-73.038421,-13.891235],[-73.037863,-13.890517],[-73.036415,-13.889065],[-73.036131,-13.88871],[-73.034725,-13.886645],[-73.034585,-13.886465],[-73.034247,-13.886162],[-73.032956,-13.88522],[-73.032568,-13.884979],[-73.032153,-13.884785],[-73.029998,-13.884007],[-73.029114,-13.883762],[-73.028687,-13.883599],[-73.028286,-13.883378],[-73.027905,-13.883128],[-73.027745,-13.882966],[-73.027613,-13.882781],[-73.027505,-13.882583],[-73.027395,-13.882146],[-73.027247,-13.881025],[-73.027245,-13.880799],[-73.027331,-13.880356],[-73.028093,-13.877986],[-73.028294,-13.876874],[-73.028285,-13.876654],[-73.02813,-13.876497],[-73.027082,-13.876036],[-73.0269,-13.875898],[-73.026756,-13.875723],[-73.026671,-13.875515],[-73.026645,-13.875291],[-73.026572,-13.873484],[-73.026545,-13.87326],[-73.025448,-13.868869],[-73.025248,-13.867986],[-73.025212,-13.867536],[-73.025255,-13.86686],[-73.025216,-13.866639],[-73.02514,-13.866427],[-73.025011,-13.866241],[-73.024548,-13.865739],[-73.024372,-13.865594],[-73.020795,-13.863135],[-73.019785,-13.862599],[-73.019151,-13.862337],[-73.012414,-13.860077],[-73.011968,-13.859972],[-73.011741,-13.859998],[-73.011526,-13.860077],[-73.010955,-13.860455],[-73.010755,-13.860563],[-73.009863,-13.860774],[-73.009449,-13.860966],[-73.008843,-13.861286],[-73.008411,-13.861437],[-73.008185,-13.861478],[-73.007956,-13.861488],[-73.006584,-13.861367],[-73.00475,-13.861284],[-73.003843,-13.861419],[-73.00362,-13.861475],[-73.002972,-13.861705],[-72.999353,-13.863144],[-72.998487,-13.863445],[-72.998045,-13.863566],[-72.997139,-13.863713],[-72.995997,-13.86383],[-72.995086,-13.863727],[-72.993056,-13.863347],[-72.992623,-13.863201],[-72.991166,-13.862532],[-72.990736,-13.862377],[-72.990059,-13.862252],[-72.989371,-13.862277],[-72.989145,-13.862243],[-72.98894,-13.862147],[-72.988416,-13.861707],[-72.98822,-13.86159],[-72.988005,-13.861515],[-72.987777,-13.861503],[-72.987548,-13.861518],[-72.986863,-13.861594],[-72.986416,-13.861694],[-72.984734,-13.862417],[-72.984513,-13.862477],[-72.984285,-13.8625],[-72.983832,-13.862435],[-72.983615,-13.862363],[-72.983237,-13.862111],[-72.983086,-13.86194],[-72.982953,-13.861756],[-72.982854,-13.861553],[-72.982784,-13.861338],[-72.982741,-13.861116],[-72.982748,-13.859308],[-72.982652,-13.858867],[-72.982466,-13.858454],[-72.982191,-13.858093],[-72.982023,-13.85794],[-72.981639,-13.857693],[-72.980637,-13.857141],[-72.980262,-13.856882],[-72.980121,-13.856705],[-72.979921,-13.8563],[-72.979805,-13.855863],[-72.9798,-13.855639],[-72.979997,-13.854991],[-72.980019,-13.854767],[-72.979953,-13.854091],[-72.979912,-13.85387],[-72.979836,-13.853657],[-72.979453,-13.852835],[-72.978918,-13.851836],[-72.978506,-13.850541],[-72.978391,-13.850104],[-72.978342,-13.849883],[-72.978333,-13.849658],[-72.978391,-13.848756],[-72.97879,-13.847223],[-72.97883,-13.847002],[-72.978821,-13.846776],[-72.97866,-13.845886],[-72.978653,-13.84566],[-72.978671,-13.845436],[-72.97891,-13.8441],[-72.978917,-13.843874],[-72.978817,-13.843434],[-72.978692,-13.843246],[-72.978534,-13.843082],[-72.978363,-13.842931],[-72.977977,-13.842688],[-72.977541,-13.842548],[-72.976407,-13.842378],[-72.976183,-13.842325],[-72.975973,-13.842236],[-72.975777,-13.842119],[-72.975598,-13.841978],[-72.975457,-13.8418],[-72.975332,-13.841611],[-72.975237,-13.841406],[-72.975183,-13.841186],[-72.975162,-13.840736],[-72.975236,-13.838929],[-72.975203,-13.838706],[-72.975126,-13.838494],[-72.974819,-13.838159],[-72.974124,-13.837568],[-72.973555,-13.837186],[-72.973352,-13.837081],[-72.972711,-13.836837],[-72.971386,-13.836465],[-72.970967,-13.836282],[-72.970771,-13.836164],[-72.970607,-13.836014],[-72.970352,-13.835638],[-72.970285,-13.835426],[-72.970206,-13.834981],[-72.969972,-13.834344],[-72.969869,-13.834142],[-72.968903,-13.832343],[-72.967686,-13.830427],[-72.967495,-13.829776],[-72.967046,-13.828494],[-72.966492,-13.826068],[-72.966378,-13.825871],[-72.966243,-13.825693],[-72.965878,-13.825419],[-72.965231,-13.824781],[-72.964925,-13.823928],[-72.964434,-13.822907],[-72.964355,-13.822695],[-72.964194,-13.822545],[-72.963626,-13.822162],[-72.96346,-13.822008],[-72.963225,-13.821628],[-72.962945,-13.82127],[-72.962697,-13.82089],[-72.962614,-13.820684],[-72.962547,-13.820237],[-72.962442,-13.819797],[-72.962,-13.818275],[-72.961408,-13.817051],[-72.960843,-13.816066],[-72.95919,-13.813352],[-72.959109,-13.813143],[-72.958887,-13.812265],[-72.958746,-13.811372],[-72.958769,-13.810922],[-72.959039,-13.809362],[-72.959067,-13.808685],[-72.958958,-13.808249],[-72.958845,-13.808055],[-72.958715,-13.807869],[-72.958056,-13.807239],[-72.957939,-13.807046],[-72.957854,-13.80684],[-72.957847,-13.806615],[-72.957953,-13.806177],[-72.958065,-13.805985],[-72.958423,-13.805703],[-72.958545,-13.805517],[-72.958682,-13.805086],[-72.958657,-13.804408],[-72.958607,-13.803959],[-72.958698,-13.802605],[-72.958806,-13.80242],[-72.958966,-13.802258],[-72.959322,-13.801972],[-72.959624,-13.801632],[-72.95974,-13.801441],[-72.95981,-13.801228],[-72.959815,-13.801002],[-72.959786,-13.800782],[-72.959683,-13.800581],[-72.959508,-13.80044],[-72.958926,-13.800078],[-72.958801,-13.799901],[-72.958717,-13.79969],[-72.958663,-13.799473],[-72.95863,-13.799022],[-72.958659,-13.798571],[-72.958693,-13.79835],[-72.958969,-13.797729],[-72.95902,-13.79751],[-72.959043,-13.797286],[-72.958984,-13.797068],[-72.958866,-13.796882],[-72.958686,-13.796745],[-72.958274,-13.796547],[-72.957833,-13.79642],[-72.957624,-13.796332],[-72.957427,-13.796215],[-72.957106,-13.795892],[-72.95702,-13.795697],[-72.956943,-13.795252],[-72.956916,-13.7948],[-72.957007,-13.794129],[-72.957005,-13.793905],[-72.956983,-13.79368],[-72.956908,-13.793474],[-72.956775,-13.79329],[-72.956615,-13.793133],[-72.954265,-13.791718],[-72.953846,-13.791536],[-72.952315,-13.791056],[-72.951891,-13.790886],[-72.951493,-13.79066],[-72.94955,-13.789456],[-72.949134,-13.789264],[-72.947234,-13.788471],[-72.947078,-13.788307],[-72.947017,-13.787869],[-72.946945,-13.787656],[-72.946733,-13.787255],[-72.946573,-13.787093],[-72.944476,-13.785711],[-72.943821,-13.785079],[-72.943428,-13.784522],[-72.943084,-13.783936],[-72.942922,-13.783784],[-72.941382,-13.782798],[-72.940279,-13.781986],[-72.9389,-13.780791],[-72.938756,-13.780619],[-72.938525,-13.780229],[-72.938011,-13.77948],[-72.937079,-13.778191],[-72.936879,-13.777784],[-72.936715,-13.777362],[-72.936516,-13.776715],[-72.936564,-13.774458],[-72.936406,-13.774034],[-72.936058,-13.77345],[-72.935975,-13.773239],[-72.93567,-13.77215],[-72.93551,-13.771727],[-72.935279,-13.771337],[-72.934825,-13.770828],[-72.934655,-13.770677],[-72.93446,-13.770558],[-72.934252,-13.770464],[-72.930428,-13.768919],[-72.929773,-13.76871],[-72.927776,-13.768189],[-72.927558,-13.768119],[-72.927351,-13.768021],[-72.927161,-13.767894],[-72.926989,-13.767744],[-72.9267,-13.767395],[-72.926503,-13.766988],[-72.926446,-13.76677],[-72.926414,-13.766546],[-72.92641,-13.76632],[-72.92642,-13.761346],[-72.926398,-13.761121],[-72.926312,-13.760677],[-72.926167,-13.760249],[-72.925967,-13.759842],[-72.925631,-13.75925],[-72.925544,-13.759041],[-72.925484,-13.758823],[-72.925277,-13.756119],[-72.925252,-13.755441],[-72.92528,-13.754763],[-72.925264,-13.754538],[-72.924694,-13.75306],[-72.924558,-13.752628],[-72.924329,-13.751752],[-72.924214,-13.751084],[-72.924089,-13.74996],[-72.924082,-13.749056],[-72.92411,-13.747926],[-72.924082,-13.747475],[-72.923979,-13.747035],[-72.923838,-13.746605],[-72.923274,-13.745124],[-72.923199,-13.744679],[-72.923182,-13.743774],[-72.923203,-13.743324],[-72.923272,-13.743109],[-72.92337,-13.742904],[-72.923992,-13.741694],[-72.924098,-13.741255],[-72.92413,-13.741031],[-72.924132,-13.740806],[-72.923575,-13.73815],[-72.92354,-13.737699],[-72.92354,-13.737021],[-72.9235,-13.736571],[-72.923037,-13.734821],[-72.92289,-13.733245],[-72.92289,-13.732793],[-72.92297,-13.731892],[-72.92297,-13.73144],[-72.922923,-13.730991],[-72.922819,-13.730551],[-72.922761,-13.730103],[-72.922844,-13.729659],[-72.922843,-13.729434],[-72.92281,-13.729211],[-72.922714,-13.729006],[-72.92244,-13.728645],[-72.922348,-13.72844],[-72.922304,-13.728218],[-72.922292,-13.727992],[-72.922338,-13.727774],[-72.923016,-13.726594],[-72.923107,-13.726387],[-72.923455,-13.72531],[-72.92377,-13.724708],[-72.92379,-13.724486],[-72.92375,-13.724263],[-72.923759,-13.724038],[-72.92383,-13.723592],[-72.923816,-13.723367],[-72.923677,-13.722703],[-72.923653,-13.722478],[-72.92371,-13.721577],[-72.923694,-13.721352],[-72.923628,-13.721136],[-72.923402,-13.720743],[-72.923272,-13.720557],[-72.92239,-13.719514],[-72.921736,-13.718586],[-72.920972,-13.717743],[-72.920799,-13.717594],[-72.920595,-13.717493],[-72.918861,-13.716897],[-72.918656,-13.716797],[-72.918471,-13.716662],[-72.918314,-13.716498],[-72.918191,-13.716308],[-72.918118,-13.716095],[-72.918088,-13.715871],[-72.918003,-13.714517],[-72.917894,-13.713848],[-72.917833,-13.71363],[-72.917515,-13.713029],[-72.917433,-13.712818],[-72.917392,-13.712596],[-72.917281,-13.711471],[-72.917231,-13.70989],[-72.91718,-13.70967],[-72.916822,-13.708596],[-72.916707,-13.70816],[-72.91669,-13.707708],[-72.916785,-13.706809],[-72.916819,-13.706131],[-72.916811,-13.705905],[-72.916752,-13.705688],[-72.915714,-13.703421],[-72.915498,-13.703022],[-72.91537,-13.702835],[-72.914612,-13.701985],[-72.914027,-13.701289],[-72.913504,-13.700547],[-72.913325,-13.700408],[-72.912708,-13.700107],[-72.912556,-13.699941],[-72.912545,-13.699726],[-72.912635,-13.699282],[-72.912697,-13.698608],[-72.912625,-13.698162],[-72.912281,-13.697323],[-72.912144,-13.696892],[-72.912073,-13.696446],[-72.912036,-13.69577],[-72.91207,-13.695548],[-72.912185,-13.69511],[-72.912933,-13.692499],[-72.913196,-13.691873],[-72.913819,-13.690664],[-72.913878,-13.690447],[-72.913945,-13.689773],[-72.913995,-13.689552],[-72.914262,-13.688927],[-72.914597,-13.688334],[-72.914731,-13.688151],[-72.914904,-13.688009],[-72.916549,-13.687204],[-72.916735,-13.687075],[-72.916891,-13.68691],[-72.918311,-13.684585],[-72.918412,-13.684382],[-72.918473,-13.684166],[-72.91849,-13.683941],[-72.918494,-13.682811],[-72.918534,-13.682589],[-72.918614,-13.682378],[-72.919107,-13.681357],[-72.919565,-13.680853],[-72.919693,-13.680666],[-72.919981,-13.679808],[-72.920084,-13.679607],[-72.920217,-13.679424],[-72.921986,-13.677344],[-72.923797,-13.6753],[-72.924083,-13.674946],[-72.924733,-13.674015],[-72.924881,-13.673588],[-72.924998,-13.672237],[-72.92554,-13.669118],[-72.925519,-13.668894],[-72.925431,-13.668687],[-72.925004,-13.668156],[-72.924906,-13.667953],[-72.924865,-13.667736],[-72.924899,-13.667513],[-72.925012,-13.667319],[-72.925199,-13.667191],[-72.925415,-13.66713],[-72.926776,-13.667327],[-72.927004,-13.667309],[-72.927222,-13.66724],[-72.927424,-13.667133],[-72.927597,-13.666987],[-72.92858,-13.666036],[-72.928755,-13.665892],[-72.928963,-13.665798],[-72.929631,-13.665635],[-72.930057,-13.665471],[-72.93024,-13.665336],[-72.930392,-13.665167],[-72.930506,-13.664971],[-72.930576,-13.664756],[-72.930595,-13.664534],[-72.930572,-13.66431],[-72.930508,-13.664093],[-72.930394,-13.663898],[-72.929597,-13.663087],[-72.929518,-13.662878],[-72.929536,-13.662655],[-72.929639,-13.662456],[-72.929816,-13.662315],[-72.930039,-13.662266],[-72.93141,-13.662387],[-72.931632,-13.662343],[-72.931834,-13.662239],[-72.931998,-13.662082],[-72.932105,-13.661884],[-72.93214,-13.661661],[-72.932122,-13.660756],[-72.932138,-13.660532],[-72.932273,-13.659637],[-72.932331,-13.659419],[-72.932431,-13.659216],[-72.932562,-13.659031],[-72.933454,-13.658321],[-72.933777,-13.658002],[-72.933877,-13.6578],[-72.934094,-13.657156],[-72.934139,-13.656936],[-72.934071,-13.656723],[-72.933887,-13.656594],[-72.933664,-13.656583],[-72.933478,-13.656703],[-72.933381,-13.656908],[-72.933189,-13.657559],[-72.933105,-13.657768],[-72.932959,-13.657941],[-72.93276,-13.658051],[-72.932535,-13.658088],[-72.932081,-13.658029],[-72.92938,-13.657496],[-72.929176,-13.657402],[-72.92903,-13.657228],[-72.928638,-13.656671],[-72.928447,-13.656555],[-72.928219,-13.656552],[-72.927534,-13.656617],[-72.927308,-13.656657],[-72.927093,-13.656735],[-72.926684,-13.65694],[-72.926471,-13.657023],[-72.926245,-13.657052],[-72.923949,-13.6571],[-72.923261,-13.657066],[-72.923034,-13.657038],[-72.920111,-13.656446],[-72.919898,-13.656364],[-72.919721,-13.656221],[-72.919235,-13.655742],[-72.919036,-13.65563],[-72.918816,-13.655572],[-72.918589,-13.655595],[-72.917916,-13.655741],[-72.915919,-13.656259],[-72.914548,-13.656388],[-72.91363,-13.656403],[-72.911795,-13.656322],[-72.910418,-13.656319],[-72.909043,-13.656394],[-72.90883,-13.656326],[-72.908665,-13.656173],[-72.908603,-13.655959],[-72.908544,-13.65551],[-72.908523,-13.65506],[-72.908389,-13.654885],[-72.908168,-13.65485],[-72.90797,-13.65495],[-72.90791,-13.655165],[-72.907781,-13.656061],[-72.907707,-13.65627],[-72.907521,-13.656398],[-72.906649,-13.656679],[-72.905509,-13.656815],[-72.904363,-13.65687],[-72.903921,-13.656752],[-72.903714,-13.656653],[-72.903539,-13.656508],[-72.90339,-13.65634],[-72.903277,-13.656143],[-72.903215,-13.655929],[-72.903184,-13.655705],[-72.903219,-13.655257],[-72.903476,-13.654883],[-72.905379,-13.652921],[-72.90596,-13.652221],[-72.906074,-13.652025],[-72.906154,-13.651818],[-72.90617,-13.651593],[-72.906112,-13.65138],[-72.906016,-13.651175],[-72.905779,-13.650787],[-72.905698,-13.65058],[-72.90557,-13.649913],[-72.905552,-13.649462],[-72.90557,-13.649239],[-72.905717,-13.649081],[-72.905941,-13.64911],[-72.906106,-13.64926],[-72.906202,-13.649464],[-72.906264,-13.649681],[-72.906352,-13.649887],[-72.906475,-13.650079],[-72.906629,-13.650244],[-72.906825,-13.650353],[-72.907041,-13.650428],[-72.90727,-13.650442],[-72.90771,-13.650324],[-72.908973,-13.649782],[-72.911935,-13.649433],[-72.913958,-13.649023],[-72.914188,-13.649026],[-72.91441,-13.649079],[-72.914823,-13.64927],[-72.915376,-13.649674],[-72.915526,-13.649845],[-72.91564,-13.650038],[-72.915705,-13.650252],[-72.915751,-13.650702],[-72.915797,-13.650923],[-72.915967,-13.651071],[-72.916185,-13.65109],[-72.916357,-13.650951],[-72.916384,-13.650728],[-72.915733,-13.649532],[-72.915602,-13.649347],[-72.915321,-13.64899],[-72.915001,-13.648666],[-72.914837,-13.648508],[-72.914637,-13.648404],[-72.91441,-13.648373],[-72.913952,-13.648374],[-72.912123,-13.648537],[-72.911673,-13.648461],[-72.911247,-13.648296],[-72.909409,-13.647367],[-72.909216,-13.647247],[-72.90904,-13.647101],[-72.908895,-13.646931],[-72.908789,-13.646732],[-72.908747,-13.646511],[-72.908856,-13.645385],[-72.908735,-13.644719],[-72.908652,-13.644509],[-72.908542,-13.644313],[-72.908387,-13.644149],[-72.907766,-13.643858],[-72.907583,-13.643722],[-72.906627,-13.642746],[-72.906448,-13.64261],[-72.906023,-13.642443],[-72.90513,-13.642232],[-72.90492,-13.642149],[-72.904727,-13.642026],[-72.90456,-13.641871],[-72.903332,-13.640237],[-72.902562,-13.639112],[-72.901812,-13.637462],[-72.901669,-13.637292],[-72.901453,-13.637273],[-72.901256,-13.637383],[-72.901165,-13.637585],[-72.901408,-13.638456],[-72.90176,-13.639291],[-72.901823,-13.639508],[-72.901822,-13.639733],[-72.901718,-13.639917],[-72.901509,-13.639987],[-72.901299,-13.639906],[-72.901103,-13.639792],[-72.898595,-13.637811],[-72.896842,-13.636022],[-72.896643,-13.635911],[-72.89642,-13.635891],[-72.896212,-13.635983],[-72.895417,-13.636436],[-72.895208,-13.636524],[-72.893873,-13.636858],[-72.893647,-13.636896],[-72.893191,-13.636947],[-72.89297,-13.636898],[-72.892767,-13.636794],[-72.892393,-13.636531],[-72.891323,-13.635677],[-72.890376,-13.635038],[-72.889977,-13.634816],[-72.88977,-13.634765],[-72.889542,-13.634791],[-72.885645,-13.634592],[-72.885417,-13.634569],[-72.885198,-13.634507],[-72.884772,-13.634339],[-72.88436,-13.634138],[-72.884149,-13.634129],[-72.883953,-13.634246],[-72.883738,-13.634239],[-72.881555,-13.63192],[-72.881351,-13.631968],[-72.881238,-13.632163],[-72.881041,-13.63226],[-72.879312,-13.63165],[-72.878864,-13.631553],[-72.876007,-13.630705],[-72.874214,-13.630314],[-72.873996,-13.630247],[-72.873394,-13.629918],[-72.87327,-13.629748],[-72.873363,-13.629553],[-72.874101,-13.629014],[-72.874521,-13.62848],[-72.874724,-13.628074],[-72.874889,-13.627922],[-72.875343,-13.627871],[-72.875531,-13.62777],[-72.876299,-13.62693],[-72.877538,-13.625923],[-72.878299,-13.625416],[-72.878912,-13.625107],[-72.87909,-13.624981],[-72.879053,-13.624778],[-72.878624,-13.62462],[-72.877569,-13.624174],[-72.877346,-13.62415],[-72.876428,-13.624189],[-72.875516,-13.62429],[-72.874618,-13.624123],[-72.87439,-13.624145],[-72.87396,-13.624303],[-72.873738,-13.62434],[-72.873515,-13.624299],[-72.872648,-13.624],[-72.872229,-13.623815],[-72.871906,-13.623498],[-72.871816,-13.62329],[-72.871737,-13.622848],[-72.87164,-13.621495],[-72.871487,-13.621069],[-72.87139,-13.620864],[-72.871285,-13.620664],[-72.870364,-13.619656],[-72.869826,-13.619233],[-72.869511,-13.618904],[-72.869103,-13.618358],[-72.868986,-13.618168],[-72.86891,-13.617722],[-72.868621,-13.616628],[-72.868539,-13.616419],[-72.868407,-13.616235],[-72.867361,-13.615354],[-72.867001,-13.615076],[-72.866782,-13.615024],[-72.865869,-13.61512],[-72.865643,-13.615112],[-72.865209,-13.614972],[-72.865048,-13.614815],[-72.864977,-13.614604],[-72.864995,-13.614379],[-72.865061,-13.614163],[-72.865154,-13.613957],[-72.865512,-13.61339],[-72.865515,-13.613165],[-72.865466,-13.612947],[-72.865384,-13.612736],[-72.864805,-13.612037],[-72.864609,-13.611983],[-72.864574,-13.612187],[-72.864612,-13.612408],[-72.864513,-13.6126],[-72.864291,-13.612638],[-72.864094,-13.612528],[-72.863949,-13.612353],[-72.863845,-13.612154],[-72.863796,-13.611934],[-72.863796,-13.611482],[-72.863773,-13.611259],[-72.863695,-13.611049],[-72.863573,-13.610858],[-72.863423,-13.610693],[-72.862777,-13.610464],[-72.862556,-13.610403],[-72.862331,-13.610372],[-72.862113,-13.610431],[-72.861701,-13.61063],[-72.861476,-13.610644],[-72.861263,-13.610572],[-72.860734,-13.610138],[-72.860539,-13.610024],[-72.860121,-13.609836],[-72.859925,-13.609721],[-72.859745,-13.609582],[-72.859433,-13.609252],[-72.858113,-13.607402],[-72.857996,-13.607209],[-72.857829,-13.606791],[-72.85777,-13.606344],[-72.85767,-13.606148],[-72.857469,-13.606049],[-72.857242,-13.606033],[-72.857022,-13.606095],[-72.855338,-13.607274],[-72.855175,-13.607432],[-72.855054,-13.60762],[-72.854972,-13.607831],[-72.854922,-13.608049],[-72.8549,-13.608274],[-72.85504,-13.609167],[-72.855213,-13.609584],[-72.855582,-13.610156],[-72.856247,-13.611078],[-72.856357,-13.611275],[-72.85641,-13.611495],[-72.85642,-13.611719],[-72.856526,-13.611915],[-72.856929,-13.612126],[-72.857111,-13.612251],[-72.857202,-13.612453],[-72.857282,-13.612897],[-72.857417,-13.613077],[-72.857818,-13.613296],[-72.857986,-13.613448],[-72.858096,-13.613645],[-72.858145,-13.613864],[-72.858185,-13.61454],[-72.858295,-13.614734],[-72.858472,-13.614878],[-72.858858,-13.615122],[-72.85903,-13.615271],[-72.860424,-13.616773],[-72.860598,-13.61692],[-72.860801,-13.617024],[-72.861473,-13.617169],[-72.861683,-13.617256],[-72.861843,-13.617417],[-72.86191,-13.617629],[-72.861838,-13.617837],[-72.861652,-13.617965],[-72.861238,-13.618154],[-72.861105,-13.618336],[-72.861012,-13.618543],[-72.860876,-13.618714],[-72.860662,-13.618781],[-72.859974,-13.618751],[-72.859517,-13.618705],[-72.859066,-13.618619],[-72.858405,-13.61843],[-72.858179,-13.618388],[-72.85795,-13.61838],[-72.857513,-13.618513],[-72.857286,-13.618516],[-72.856419,-13.618222],[-72.855967,-13.618142],[-72.855739,-13.618138],[-72.855519,-13.618197],[-72.855191,-13.618503],[-72.854969,-13.618534],[-72.85431,-13.618345],[-72.854103,-13.618248],[-72.852712,-13.617455],[-72.852529,-13.61732],[-72.852374,-13.617154],[-72.852244,-13.616968],[-72.852024,-13.616573],[-72.851857,-13.616419],[-72.850918,-13.615768],[-72.850745,-13.615622],[-72.85065,-13.615418],[-72.850618,-13.615194],[-72.850539,-13.614982],[-72.850301,-13.614596],[-72.850208,-13.61439],[-72.850107,-13.613949],[-72.850063,-13.6135],[-72.850097,-13.613278],[-72.850173,-13.613066],[-72.850281,-13.612866],[-72.85066,-13.6123],[-72.850844,-13.611886],[-72.850962,-13.61122],[-72.851053,-13.611013],[-72.851175,-13.610822],[-72.851493,-13.610497],[-72.851611,-13.610305],[-72.851622,-13.610081],[-72.851533,-13.609879],[-72.8512,-13.60957],[-72.851133,-13.609358],[-72.85119,-13.608911],[-72.851085,-13.608472],[-72.850863,-13.607831],[-72.850404,-13.607048],[-72.850394,-13.606835],[-72.850589,-13.60676],[-72.850716,-13.606938],[-72.850901,-13.607591],[-72.85111,-13.607993],[-72.851357,-13.608373],[-72.851941,-13.609071],[-72.8521,-13.609234],[-72.852304,-13.609309],[-72.852435,-13.609146],[-72.852362,-13.608942],[-72.85186,-13.608478],[-72.851727,-13.608294],[-72.851584,-13.607866],[-72.851202,-13.606329],[-72.851106,-13.606124],[-72.850971,-13.605943],[-72.850647,-13.605623],[-72.850452,-13.605506],[-72.850229,-13.605452],[-72.849773,-13.605411],[-72.849561,-13.605327],[-72.849381,-13.605194],[-72.849348,-13.604979],[-72.849414,-13.604534],[-72.849364,-13.604316],[-72.849286,-13.604104],[-72.849246,-13.603882],[-72.84932,-13.60344],[-72.849291,-13.603217],[-72.849127,-13.602794],[-72.849007,-13.602604],[-72.848671,-13.602299],[-72.848594,-13.602106],[-72.84875,-13.601976],[-72.848932,-13.602094],[-72.849481,-13.603087],[-72.849548,-13.603302],[-72.849614,-13.603749],[-72.849748,-13.603925],[-72.849929,-13.604064],[-72.850068,-13.604243],[-72.850233,-13.604663],[-72.850417,-13.604785],[-72.850632,-13.604736],[-72.850794,-13.604577],[-72.851088,-13.604231],[-72.851195,-13.604032],[-72.851432,-13.603395],[-72.851642,-13.602993],[-72.8517,-13.602778],[-72.851668,-13.602555],[-72.85148,-13.602143],[-72.851421,-13.601925],[-72.85141,-13.601701],[-72.851542,-13.601036],[-72.85164,-13.600831],[-72.851984,-13.600531],[-72.852065,-13.600332],[-72.851921,-13.600167],[-72.851706,-13.600205],[-72.851601,-13.600404],[-72.851348,-13.601035],[-72.851196,-13.601461],[-72.851155,-13.601909],[-72.851281,-13.602574],[-72.851292,-13.602799],[-72.851236,-13.603017],[-72.850911,-13.603614],[-72.850718,-13.60372],[-72.850526,-13.603616],[-72.850415,-13.60342],[-72.849392,-13.601146],[-72.849273,-13.600953],[-72.848991,-13.600598],[-72.848793,-13.600486],[-72.847667,-13.600275],[-72.847459,-13.600183],[-72.847278,-13.600045],[-72.847118,-13.599884],[-72.846998,-13.599692],[-72.846848,-13.599524],[-72.846657,-13.599401],[-72.846443,-13.599331],[-72.846238,-13.599415],[-72.846115,-13.599596],[-72.846099,-13.600048],[-72.846,-13.600719],[-72.845868,-13.602296],[-72.845755,-13.603193],[-72.845663,-13.603636],[-72.845561,-13.603838],[-72.845406,-13.604002],[-72.84521,-13.604119],[-72.844988,-13.604168],[-72.84476,-13.604149],[-72.844546,-13.604071],[-72.844148,-13.603848],[-72.843992,-13.603685],[-72.843755,-13.603298],[-72.843619,-13.603117],[-72.843441,-13.602981],[-72.843226,-13.6029],[-72.84277,-13.602888],[-72.84256,-13.60283],[-72.842506,-13.60262],[-72.842678,-13.6025],[-72.843337,-13.602687],[-72.843746,-13.60289],[-72.844474,-13.60344],[-72.844677,-13.603542],[-72.844904,-13.603554],[-72.84512,-13.603484],[-72.845291,-13.603336],[-72.845394,-13.603137],[-72.84543,-13.602914],[-72.84537,-13.601786],[-72.845455,-13.600206],[-72.8454,-13.599305],[-72.84541,-13.599079],[-72.84545,-13.598857],[-72.845611,-13.598435],[-72.845778,-13.59829],[-72.846005,-13.59827],[-72.84623,-13.59831],[-72.84646,-13.598312],[-72.846686,-13.598347],[-72.847111,-13.598514],[-72.847791,-13.598617],[-72.848019,-13.598631],[-72.84824,-13.598573],[-72.848449,-13.598481],[-72.848677,-13.598464],[-72.848896,-13.598519],[-72.849059,-13.598677],[-72.849339,-13.599036],[-72.849504,-13.599191],[-72.8497,-13.599305],[-72.849926,-13.599321],[-72.85015,-13.599279],[-72.85034,-13.599157],[-72.850489,-13.598984],[-72.850601,-13.598788],[-72.850627,-13.598565],[-72.850623,-13.598339],[-72.850662,-13.598117],[-72.850794,-13.597933],[-72.850955,-13.597773],[-72.85132,-13.597498],[-72.851444,-13.597309],[-72.851488,-13.597089],[-72.851454,-13.596868],[-72.851334,-13.596678],[-72.850896,-13.596155],[-72.850767,-13.595968],[-72.850669,-13.595766],[-72.85064,-13.595542],[-72.850635,-13.594864],[-72.850601,-13.594641],[-72.850419,-13.593988],[-72.850286,-13.59381],[-72.849652,-13.593548],[-72.849426,-13.593539],[-72.848982,-13.593651],[-72.848755,-13.593661],[-72.848536,-13.593594],[-72.847921,-13.593291],[-72.847258,-13.593119],[-72.847064,-13.593001],[-72.846716,-13.592708],[-72.846305,-13.59251],[-72.846138,-13.592356],[-72.845873,-13.591992],[-72.845878,-13.591775],[-72.846222,-13.591482],[-72.84651,-13.59113],[-72.846692,-13.590996],[-72.847743,-13.59054],[-72.847945,-13.590434],[-72.848126,-13.590295],[-72.848266,-13.590118],[-72.848371,-13.589917],[-72.848593,-13.589275],[-72.848648,-13.588828],[-72.848602,-13.588607],[-72.848203,-13.587548],[-72.847935,-13.587181],[-72.847827,-13.586984],[-72.847842,-13.586763],[-72.847942,-13.586322],[-72.847936,-13.586098],[-72.847894,-13.585876],[-72.847804,-13.585668],[-72.847662,-13.585491],[-72.847506,-13.585326],[-72.846978,-13.58489],[-72.846609,-13.584622],[-72.846024,-13.584267],[-72.845875,-13.584096],[-72.845797,-13.583884],[-72.845693,-13.583688],[-72.845485,-13.58361],[-72.845312,-13.583743],[-72.845306,-13.583958],[-72.845476,-13.584106],[-72.846608,-13.584879],[-72.846777,-13.585031],[-72.84739,-13.585703],[-72.847492,-13.585905],[-72.847539,-13.586124],[-72.847532,-13.586348],[-72.847448,-13.586557],[-72.847238,-13.586958],[-72.847282,-13.587172],[-72.847589,-13.587503],[-72.847665,-13.587715],[-72.847831,-13.588374],[-72.84785,-13.588598],[-72.847661,-13.58925],[-72.847535,-13.589437],[-72.847359,-13.589578],[-72.846957,-13.589792],[-72.84678,-13.589936],[-72.846585,-13.590055],[-72.84595,-13.590313],[-72.845797,-13.590478],[-72.84557,-13.590864],[-72.845061,-13.591321],[-72.844582,-13.591808],[-72.844446,-13.591983],[-72.844506,-13.592186],[-72.845099,-13.592529],[-72.84523,-13.592711],[-72.845267,-13.593159],[-72.845362,-13.593358],[-72.845521,-13.59352],[-72.845879,-13.593802],[-72.846285,-13.594009],[-72.846461,-13.594152],[-72.84676,-13.594494],[-72.84752,-13.595001],[-72.847671,-13.595165],[-72.847631,-13.595381],[-72.847439,-13.59549],[-72.846981,-13.595493],[-72.846755,-13.595521],[-72.846318,-13.595662],[-72.845868,-13.59574],[-72.845669,-13.595658],[-72.845718,-13.595461],[-72.846168,-13.595435],[-72.846371,-13.595339],[-72.846492,-13.595151],[-72.84647,-13.594933],[-72.846299,-13.594793],[-72.846082,-13.594833],[-72.845305,-13.595315],[-72.845128,-13.595458],[-72.844833,-13.595804],[-72.844649,-13.595937],[-72.843991,-13.596121],[-72.84383,-13.596281],[-72.843561,-13.596647],[-72.843404,-13.596809],[-72.843203,-13.596916],[-72.842772,-13.597073],[-72.842322,-13.597161],[-72.841635,-13.597191],[-72.840723,-13.597095],[-72.840283,-13.596972],[-72.840054,-13.596991],[-72.839603,-13.597075],[-72.839378,-13.597044],[-72.838937,-13.59692],[-72.838724,-13.596988],[-72.838538,-13.597398],[-72.838406,-13.597577],[-72.838194,-13.59765],[-72.837978,-13.597591],[-72.837416,-13.5972],[-72.837243,-13.597053],[-72.837105,-13.596873],[-72.836999,-13.596672],[-72.836851,-13.596513],[-72.836396,-13.596508],[-72.836174,-13.596457],[-72.83575,-13.596288],[-72.835581,-13.596141],[-72.835311,-13.595776],[-72.835098,-13.59571],[-72.834651,-13.595808],[-72.834454,-13.595729],[-72.834504,-13.595536],[-72.834718,-13.595493],[-72.835403,-13.595551],[-72.835575,-13.595685],[-72.835805,-13.596075],[-72.835986,-13.596211],[-72.836208,-13.596258],[-72.836437,-13.596261],[-72.836654,-13.596189],[-72.836878,-13.596176],[-72.837052,-13.596313],[-72.837331,-13.596671],[-72.837517,-13.596803],[-72.83771,-13.596924],[-72.83792,-13.597013],[-72.838136,-13.596968],[-72.838271,-13.596787],[-72.838747,-13.596014],[-72.838886,-13.595834],[-72.840133,-13.594837],[-72.840327,-13.59472],[-72.840552,-13.594692],[-72.841011,-13.59469],[-72.841212,-13.594585],[-72.842481,-13.593279],[-72.842622,-13.593101],[-72.842703,-13.59289],[-72.842727,-13.592666],[-72.842694,-13.592444],[-72.842614,-13.592233],[-72.842311,-13.591624],[-72.842249,-13.591408],[-72.842253,-13.591183],[-72.842348,-13.590741],[-72.842436,-13.590535],[-72.843123,-13.589937],[-72.84322,-13.589745],[-72.843079,-13.58958],[-72.842875,-13.589646],[-72.842768,-13.589846],[-72.842633,-13.590027],[-72.842444,-13.590151],[-72.842229,-13.59023],[-72.84208,-13.590393],[-72.84195,-13.590825],[-72.841848,-13.591028],[-72.84181,-13.591247],[-72.841995,-13.591656],[-72.842026,-13.591878],[-72.841963,-13.592094],[-72.841808,-13.592251],[-72.841382,-13.59241],[-72.841027,-13.592692],[-72.840725,-13.593033],[-72.840557,-13.593183],[-72.840356,-13.59329],[-72.84014,-13.593365],[-72.839682,-13.59338],[-72.839224,-13.593353],[-72.839049,-13.593232],[-72.839116,-13.593034],[-72.839336,-13.593039],[-72.839537,-13.593147],[-72.839752,-13.593225],[-72.839979,-13.593242],[-72.840192,-13.593167],[-72.840386,-13.593046],[-72.840537,-13.592879],[-72.840804,-13.592254],[-72.841139,-13.591664],[-72.841168,-13.591442],[-72.841184,-13.590992],[-72.841291,-13.590553],[-72.841294,-13.590328],[-72.841216,-13.589885],[-72.841333,-13.589698],[-72.841669,-13.589389],[-72.841794,-13.589201],[-72.842013,-13.588325],[-72.84205,-13.588103],[-72.841981,-13.587429],[-72.842019,-13.586978],[-72.84201,-13.586753],[-72.84193,-13.586542],[-72.841721,-13.58614],[-72.84141,-13.585808],[-72.841206,-13.585716],[-72.840062,-13.5858],[-72.839842,-13.585737],[-72.839229,-13.58543],[-72.838667,-13.585039],[-72.838467,-13.58493],[-72.837811,-13.584724],[-72.837713,-13.584545],[-72.837766,-13.584328],[-72.838172,-13.583785],[-72.838323,-13.583615],[-72.838438,-13.583421],[-72.83846,-13.583197],[-72.838234,-13.582557],[-72.838286,-13.58236],[-72.838498,-13.582281],[-72.838954,-13.582231],[-72.839175,-13.582177],[-72.83933,-13.582018],[-72.839394,-13.581805],[-72.839405,-13.581579],[-72.839456,-13.581362],[-72.839615,-13.581208],[-72.839836,-13.58116],[-72.840052,-13.581229],[-72.840258,-13.581329],[-72.840482,-13.581346],[-72.840686,-13.581249],[-72.840794,-13.581056],[-72.840833,-13.580835],[-72.840846,-13.580157],[-72.840785,-13.579943],[-72.840494,-13.579596],[-72.840445,-13.579379],[-72.840582,-13.578951],[-72.840563,-13.578729],[-72.840318,-13.578096],[-72.840181,-13.577917],[-72.839613,-13.577535],[-72.839474,-13.577362],[-72.839361,-13.576924],[-72.839332,-13.576702],[-72.839444,-13.576508],[-72.839624,-13.576369],[-72.839779,-13.576208],[-72.839804,-13.575988],[-72.839724,-13.575779],[-72.839462,-13.575407],[-72.839375,-13.575203],[-72.839413,-13.574983],[-72.839836,-13.574181],[-72.839909,-13.573967],[-72.839957,-13.573065],[-72.839886,-13.572853],[-72.839734,-13.572685],[-72.839547,-13.572561],[-72.839127,-13.572382],[-72.838984,-13.572213],[-72.838975,-13.571993],[-72.839304,-13.571399],[-72.839592,-13.571049],[-72.839762,-13.570896],[-72.839842,-13.570696],[-72.839719,-13.570519],[-72.839501,-13.570546],[-72.839369,-13.570728],[-72.839262,-13.570928],[-72.83911,-13.571097],[-72.838397,-13.571663],[-72.838292,-13.571861],[-72.838183,-13.572529],[-72.838234,-13.572746],[-72.838545,-13.573073],[-72.838643,-13.573275],[-72.83865,-13.573499],[-72.838612,-13.573722],[-72.83855,-13.573939],[-72.838431,-13.57413],[-72.838073,-13.574411],[-72.837972,-13.574609],[-72.838,-13.575054],[-72.837904,-13.575255],[-72.837701,-13.575349],[-72.837477,-13.575397],[-72.837298,-13.575527],[-72.83722,-13.575735],[-72.83701,-13.577532],[-72.83703,-13.577756],[-72.83716,-13.578189],[-72.837289,-13.578375],[-72.837631,-13.578674],[-72.837749,-13.578866],[-72.837753,-13.579088],[-72.837658,-13.579293],[-72.837535,-13.579484],[-72.837261,-13.579844],[-72.837078,-13.579979],[-72.836088,-13.580551],[-72.835313,-13.581384],[-72.835193,-13.581575],[-72.835033,-13.582464],[-72.835061,-13.582686],[-72.835333,-13.583046],[-72.835443,-13.583243],[-72.835456,-13.583462],[-72.835356,-13.583664],[-72.835167,-13.583783],[-72.834939,-13.583808],[-72.834711,-13.583785],[-72.834496,-13.583713],[-72.834107,-13.583473],[-72.833895,-13.5834],[-72.833683,-13.583469],[-72.833604,-13.583674],[-72.833638,-13.584124],[-72.83358,-13.58434],[-72.833396,-13.58447],[-72.833171,-13.584469],[-72.832729,-13.58436],[-72.832515,-13.584432],[-72.832359,-13.584594],[-72.83232,-13.584813],[-72.832672,-13.585887],[-72.832694,-13.58611],[-72.832536,-13.586533],[-72.83242,-13.586726],[-72.832225,-13.586832],[-72.832008,-13.586792],[-72.83188,-13.586608],[-72.831721,-13.586185],[-72.831592,-13.585519],[-72.83157,-13.585294],[-72.831581,-13.585069],[-72.831694,-13.584631],[-72.83171,-13.584407],[-72.831608,-13.583281],[-72.831559,-13.583062],[-72.831401,-13.5829],[-72.831028,-13.582636],[-72.830864,-13.58248],[-72.830767,-13.582278],[-72.830697,-13.582062],[-72.830563,-13.581884],[-72.830367,-13.581769],[-72.830201,-13.581617],[-72.829983,-13.581223],[-72.829804,-13.581087],[-72.829579,-13.581055],[-72.82914,-13.581188],[-72.828915,-13.581202],[-72.828706,-13.581115],[-72.828179,-13.580679],[-72.827985,-13.580559],[-72.827775,-13.580469],[-72.827554,-13.580411],[-72.826419,-13.580246],[-72.826198,-13.580184],[-72.826002,-13.580067],[-72.825785,-13.580001],[-72.825562,-13.580027],[-72.825389,-13.58017],[-72.82532,-13.580383],[-72.825329,-13.580609],[-72.825275,-13.580828],[-72.825147,-13.581013],[-72.824503,-13.581657],[-72.824316,-13.581788],[-72.824114,-13.581894],[-72.822133,-13.582471],[-72.821936,-13.582581],[-72.821811,-13.582765],[-72.821808,-13.582987],[-72.821961,-13.583409],[-72.821927,-13.583625],[-72.821762,-13.583777],[-72.821101,-13.583965],[-72.820906,-13.584081],[-72.820788,-13.584269],[-72.82074,-13.584718],[-72.820772,-13.58494],[-72.820895,-13.585125],[-72.821505,-13.585428],[-72.821651,-13.585602],[-72.821756,-13.585803],[-72.821827,-13.586017],[-72.82185,-13.586241],[-72.821804,-13.586462],[-72.821686,-13.586656],[-72.821525,-13.586815],[-72.820983,-13.587234],[-72.820521,-13.587736],[-72.820341,-13.587875],[-72.819718,-13.588164],[-72.819531,-13.588293],[-72.819388,-13.588467],[-72.819235,-13.588893],[-72.819225,-13.589114],[-72.819335,-13.589307],[-72.819521,-13.589438],[-72.819723,-13.589546],[-72.819886,-13.589701],[-72.819912,-13.58992],[-72.819803,-13.590112],[-72.819598,-13.590209],[-72.818955,-13.59045],[-72.818767,-13.590576],[-72.818429,-13.590883],[-72.818222,-13.590959],[-72.818031,-13.590843],[-72.818032,-13.590637],[-72.818199,-13.590486],[-72.818767,-13.590104],[-72.818869,-13.589905],[-72.818882,-13.589681],[-72.818499,-13.588861],[-72.818464,-13.588642],[-72.818525,-13.588427],[-72.819113,-13.587458],[-72.819269,-13.587291],[-72.819787,-13.586846],[-72.819888,-13.586647],[-72.819887,-13.586422],[-72.819776,-13.586226],[-72.819409,-13.585957],[-72.819312,-13.585756],[-72.819254,-13.585309],[-72.819156,-13.585108],[-72.818964,-13.584988],[-72.818345,-13.584693],[-72.818167,-13.584556],[-72.818095,-13.584347],[-72.818141,-13.58413],[-72.81833,-13.583719],[-72.818444,-13.583282],[-72.818479,-13.581022],[-72.818531,-13.580803],[-72.818638,-13.580604],[-72.819697,-13.579128],[-72.819782,-13.578918],[-72.81982,-13.578696],[-72.81982,-13.57847],[-72.819691,-13.577804],[-72.819513,-13.57646],[-72.819542,-13.576237],[-72.819788,-13.575855],[-72.819847,-13.575643],[-72.819789,-13.575428],[-72.819479,-13.575094],[-72.81937,-13.574899],[-72.819313,-13.57468],[-72.819296,-13.574456],[-72.81951,-13.573815],[-72.819483,-13.573592],[-72.819327,-13.573167],[-72.819282,-13.572948],[-72.819292,-13.572722],[-72.819361,-13.572507],[-72.819828,-13.571731],[-72.819925,-13.571527],[-72.819968,-13.571306],[-72.81998,-13.57108],[-72.81997,-13.569723],[-72.819996,-13.569499],[-72.82005,-13.56928],[-72.820158,-13.569082],[-72.820322,-13.568923],[-72.820909,-13.568571],[-72.821117,-13.568478],[-72.821338,-13.568442],[-72.821518,-13.568578],[-72.821967,-13.569092],[-72.822137,-13.569243],[-72.822353,-13.569293],[-72.822549,-13.569187],[-72.822648,-13.568993],[-72.822589,-13.568778],[-72.821397,-13.567402],[-72.821269,-13.567215],[-72.821164,-13.567015],[-72.821035,-13.566581],[-72.82098,-13.566362],[-72.820968,-13.566138],[-72.820989,-13.565913],[-72.821077,-13.565469],[-72.821128,-13.565249],[-72.82122,-13.565043],[-72.821373,-13.564876],[-72.821562,-13.564749],[-72.822235,-13.564612],[-72.822426,-13.564497],[-72.822457,-13.564283],[-72.822285,-13.564148],[-72.821604,-13.564047],[-72.821385,-13.563989],[-72.82122,-13.563834],[-72.821092,-13.563647],[-72.820253,-13.562297],[-72.820172,-13.562087],[-72.820134,-13.561864],[-72.820062,-13.56119],[-72.820089,-13.560966],[-72.82013,-13.560744],[-72.82021,-13.560533],[-72.820356,-13.560363],[-72.82055,-13.560242],[-72.820683,-13.560072],[-72.820675,-13.55985],[-72.82052,-13.559694],[-72.820133,-13.559453],[-72.819899,-13.559066],[-72.819728,-13.558917],[-72.819356,-13.558653],[-72.81924,-13.55846],[-72.81921,-13.558239],[-72.819261,-13.558021],[-72.819709,-13.557509],[-72.81992,-13.557108],[-72.820046,-13.55692],[-72.82053,-13.556441],[-72.82053,-13.556227],[-72.820354,-13.556094],[-72.820136,-13.55614],[-72.81976,-13.556399],[-72.819544,-13.556471],[-72.819094,-13.556558],[-72.818865,-13.556575],[-72.818636,-13.556576],[-72.817954,-13.556493],[-72.817266,-13.5565],[-72.817049,-13.556443],[-72.816881,-13.556291],[-72.816136,-13.555431],[-72.815951,-13.555301],[-72.815724,-13.55528],[-72.815271,-13.555353],[-72.815045,-13.555351],[-72.814839,-13.555256],[-72.81442,-13.554721],[-72.813824,-13.554387],[-72.81369,-13.554211],[-72.81365,-13.553992],[-72.813695,-13.553542],[-72.813817,-13.552875],[-72.8139,-13.552665],[-72.814299,-13.551851],[-72.814552,-13.551474],[-72.81496,-13.550929],[-72.814942,-13.550711],[-72.81483,-13.550524],[-72.814621,-13.550444],[-72.814396,-13.550482],[-72.813755,-13.550728],[-72.81355,-13.550827],[-72.813162,-13.55107],[-72.812985,-13.551212],[-72.812824,-13.551372],[-72.812683,-13.551551],[-72.81217,-13.5523],[-72.812004,-13.552455],[-72.811435,-13.552836],[-72.811303,-13.55302],[-72.810845,-13.553804],[-72.810715,-13.553987],[-72.810523,-13.554108],[-72.810301,-13.554161],[-72.810074,-13.554183],[-72.809854,-13.554124],[-72.808634,-13.553494],[-72.80825,-13.553249],[-72.808129,-13.553059],[-72.80807,-13.552843],[-72.808014,-13.551261],[-72.808031,-13.551037],[-72.808152,-13.550847],[-72.808309,-13.550682],[-72.808439,-13.550496],[-72.808532,-13.550291],[-72.808753,-13.54965],[-72.809279,-13.548911],[-72.809543,-13.548046],[-72.809546,-13.547822],[-72.809451,-13.547621],[-72.809268,-13.547489],[-72.809046,-13.547436],[-72.808363,-13.547352],[-72.80816,-13.54725],[-72.808012,-13.547077],[-72.807934,-13.546868],[-72.807922,-13.546418],[-72.80787,-13.546199],[-72.807764,-13.546001],[-72.80734,-13.545467],[-72.807135,-13.545372],[-72.806448,-13.545329],[-72.806237,-13.545243],[-72.806049,-13.545113],[-72.805704,-13.544815],[-72.805594,-13.544619],[-72.805581,-13.544397],[-72.805775,-13.543748],[-72.805762,-13.543524],[-72.805701,-13.543308],[-72.805579,-13.543117],[-72.805418,-13.542956],[-72.805222,-13.542843],[-72.80459,-13.542572],[-72.804409,-13.542436],[-72.804132,-13.542076],[-72.80395,-13.541944],[-72.803497,-13.541929],[-72.803305,-13.541807],[-72.803154,-13.541641],[-72.803048,-13.541441],[-72.802864,-13.54079],[-72.802727,-13.54061],[-72.802533,-13.540494],[-72.802309,-13.54045],[-72.799097,-13.540358],[-72.798877,-13.540421],[-72.798685,-13.540544],[-72.798391,-13.540889],[-72.798224,-13.541044],[-72.79764,-13.541404],[-72.79743,-13.541489],[-72.797204,-13.54149],[-72.796985,-13.541426],[-72.796807,-13.541285],[-72.796679,-13.541098],[-72.79651,-13.540952],[-72.795855,-13.540746],[-72.795663,-13.540621],[-72.795308,-13.540336],[-72.795165,-13.54016],[-72.795022,-13.539732],[-72.794906,-13.539538],[-72.794708,-13.539425],[-72.794482,-13.539424],[-72.793583,-13.539607],[-72.793368,-13.539681],[-72.793034,-13.539991],[-72.792844,-13.540112],[-72.792619,-13.540131],[-72.792172,-13.54003],[-72.791947,-13.540067],[-72.79151,-13.540205],[-72.791283,-13.54023],[-72.791083,-13.540131],[-72.790953,-13.53995],[-72.790739,-13.539552],[-72.790565,-13.539409],[-72.79035,-13.539339],[-72.788982,-13.539175],[-72.788524,-13.539154],[-72.788302,-13.539204],[-72.787665,-13.539459],[-72.787437,-13.53946],[-72.786325,-13.539184],[-72.7861,-13.539141],[-72.785642,-13.53911],[-72.78404,-13.539226],[-72.783818,-13.539283],[-72.783396,-13.539459],[-72.782821,-13.539831],[-72.78246,-13.54011],[-72.78226,-13.540213],[-72.782034,-13.540233],[-72.780888,-13.540189],[-72.780693,-13.540301],[-72.780396,-13.540644],[-72.780221,-13.540788],[-72.780002,-13.540851],[-72.779774,-13.540873],[-72.779086,-13.54091],[-72.778858,-13.540892],[-72.778417,-13.540769],[-72.777553,-13.540463],[-72.776916,-13.540204],[-72.77671,-13.540105],[-72.776155,-13.539705],[-72.775956,-13.539594],[-72.775732,-13.53955],[-72.775508,-13.539592],[-72.775076,-13.539744],[-72.77462,-13.53979],[-72.774392,-13.539774],[-72.774178,-13.539694],[-72.77362,-13.539297],[-72.773455,-13.539142],[-72.77337,-13.538934],[-72.773339,-13.538485],[-72.773223,-13.538302],[-72.77301,-13.538247],[-72.772801,-13.538335],[-72.772411,-13.538572],[-72.77196,-13.538654],[-72.771731,-13.538652],[-72.771516,-13.538576],[-72.771323,-13.538455],[-72.77059,-13.53791],[-72.770437,-13.537742],[-72.770182,-13.537366],[-72.770067,-13.537171],[-72.769885,-13.536758],[-72.769738,-13.536586],[-72.769563,-13.536442],[-72.769171,-13.536205],[-72.768999,-13.53606],[-72.768894,-13.53586],[-72.768825,-13.535414],[-72.76872,-13.53522],[-72.768524,-13.53512],[-72.7683,-13.535151],[-72.768083,-13.535226],[-72.767857,-13.535237],[-72.767636,-13.535183],[-72.767422,-13.535101],[-72.767243,-13.534964],[-72.767118,-13.534776],[-72.767078,-13.534555],[-72.767079,-13.534103],[-72.767033,-13.533886],[-72.766857,-13.533756],[-72.766641,-13.533805],[-72.766514,-13.53399],[-72.766295,-13.534387],[-72.766122,-13.534534],[-72.765924,-13.534648],[-72.765269,-13.534855],[-72.765041,-13.534865],[-72.764602,-13.534739],[-72.764375,-13.534751],[-72.764156,-13.534814],[-72.763605,-13.535218],[-72.763389,-13.535287],[-72.763165,-13.535252],[-72.762767,-13.53504],[-72.762554,-13.535108],[-72.762437,-13.535298],[-72.762354,-13.535509],[-72.762233,-13.535697],[-72.762044,-13.535825],[-72.76144,-13.53615],[-72.760986,-13.536222],[-72.76053,-13.536268],[-72.76031,-13.53621],[-72.759501,-13.535782],[-72.759333,-13.535629],[-72.759231,-13.535428],[-72.7592,-13.535205],[-72.759197,-13.534754],[-72.759075,-13.534581],[-72.75887,-13.534654],[-72.758868,-13.534869],[-72.759116,-13.535973],[-72.759207,-13.53618],[-72.759367,-13.536339],[-72.761008,-13.53715],[-72.761222,-13.537225],[-72.761451,-13.537238],[-72.7619,-13.537151],[-72.76211,-13.537192],[-72.762101,-13.537395],[-72.761891,-13.537448],[-72.760744,-13.537422],[-72.760289,-13.53736],[-72.760069,-13.537299],[-72.758996,-13.536897],[-72.7588,-13.536782],[-72.758651,-13.536612],[-72.758365,-13.535754],[-72.758244,-13.535563],[-72.757935,-13.535228],[-72.757842,-13.535026],[-72.757904,-13.53458],[-72.757809,-13.534395],[-72.757598,-13.534416],[-72.75753,-13.534626],[-72.757604,-13.535072],[-72.757694,-13.535279],[-72.758058,-13.535853],[-72.758143,-13.536062],[-72.758256,-13.536731],[-72.758322,-13.536947],[-72.758606,-13.537564],[-72.75875,-13.537739],[-72.759081,-13.538052],[-72.759955,-13.538785],[-72.760141,-13.538913],[-72.76035,-13.539005],[-72.760503,-13.539168],[-72.76069,-13.539581],[-72.760759,-13.539795],[-72.760613,-13.539938],[-72.760441,-13.539811],[-72.760264,-13.539395],[-72.760066,-13.539293],[-72.75961,-13.53925],[-72.758539,-13.538844],[-72.758335,-13.538741],[-72.75815,-13.538608],[-72.757683,-13.53811],[-72.757592,-13.537906],[-72.757686,-13.537466],[-72.757691,-13.537247],[-72.757506,-13.537145],[-72.757352,-13.537291],[-72.757321,-13.537741],[-72.757354,-13.538191],[-72.757569,-13.538835],[-72.758009,-13.539629],[-72.75819,-13.539766],[-72.758987,-13.540215],[-72.759129,-13.540377],[-72.759013,-13.540547],[-72.758808,-13.540492],[-72.758263,-13.54008],[-72.757839,-13.539908],[-72.757645,-13.539791],[-72.757124,-13.539048],[-72.756889,-13.538659],[-72.756791,-13.538455],[-72.756574,-13.537117],[-72.75652,-13.536898],[-72.756378,-13.536727],[-72.756026,-13.536441],[-72.755799,-13.536048],[-72.755664,-13.53587],[-72.755448,-13.535831],[-72.755322,-13.536006],[-72.755226,-13.536448],[-72.755066,-13.536603],[-72.754846,-13.536612],[-72.752614,-13.536081],[-72.752162,-13.536007],[-72.751014,-13.536001],[-72.750787,-13.536025],[-72.750593,-13.536137],[-72.75051,-13.536341],[-72.750583,-13.536551],[-72.751908,-13.537803],[-72.752255,-13.538099],[-72.752457,-13.538205],[-72.753563,-13.538507],[-72.753754,-13.538619],[-72.753709,-13.538821],[-72.7535,-13.538903],[-72.752161,-13.53922],[-72.751727,-13.539367],[-72.751504,-13.53942],[-72.751275,-13.53943],[-72.750365,-13.539321],[-72.749223,-13.539429],[-72.748766,-13.539396],[-72.748313,-13.539321],[-72.748088,-13.539277],[-72.747878,-13.539189],[-72.74604,-13.538258],[-72.745822,-13.53819],[-72.745596,-13.538197],[-72.745404,-13.538316],[-72.745276,-13.538504],[-72.745242,-13.538723],[-72.745314,-13.538935],[-72.746354,-13.54095],[-72.746497,-13.541126],[-72.746878,-13.541377],[-72.74787,-13.541943],[-72.748096,-13.541975],[-72.749473,-13.541964],[-72.749691,-13.542024],[-72.750734,-13.542909],[-72.750932,-13.543019],[-72.751796,-13.543327],[-72.751999,-13.543423],[-72.752051,-13.543631],[-72.751886,-13.543768],[-72.751429,-13.543738],[-72.751204,-13.543693],[-72.75014,-13.54327],[-72.749919,-13.54322],[-72.749714,-13.5433],[-72.749619,-13.543503],[-72.749455,-13.544162],[-72.749343,-13.544358],[-72.749174,-13.544509],[-72.748598,-13.54488],[-72.748193,-13.545091],[-72.747511,-13.545171],[-72.747436,-13.545361],[-72.747617,-13.54546],[-72.748305,-13.545479],[-72.748762,-13.545445],[-72.748973,-13.545358],[-72.74917,-13.545243],[-72.749361,-13.545116],[-72.749706,-13.544818],[-72.749891,-13.544693],[-72.750085,-13.544794],[-72.750143,-13.545241],[-72.750194,-13.545461],[-72.750289,-13.545667],[-72.750426,-13.545846],[-72.750613,-13.545975],[-72.750826,-13.546058],[-72.751049,-13.546054],[-72.751361,-13.545733],[-72.751584,-13.545723],[-72.751745,-13.54587],[-72.751734,-13.546091],[-72.751328,-13.5469],[-72.751373,-13.547111],[-72.751574,-13.547218],[-72.751995,-13.547397],[-72.752382,-13.547636],[-72.753061,-13.547737],[-72.753483,-13.547909],[-72.753705,-13.547961],[-72.754162,-13.547989],[-72.754822,-13.548179],[-72.755506,-13.548256],[-72.755726,-13.548317],[-72.756133,-13.548525],[-72.756875,-13.549058],[-72.757049,-13.549204],[-72.757339,-13.549554],[-72.757503,-13.549703],[-72.757726,-13.549725],[-72.757939,-13.549641],[-72.758159,-13.54959],[-72.75884,-13.549681],[-72.758986,-13.549836],[-72.759013,-13.55006],[-72.75911,-13.55026],[-72.759314,-13.550353],[-72.759542,-13.550338],[-72.759995,-13.550264],[-72.760215,-13.550201],[-72.760423,-13.550107],[-72.760586,-13.549952],[-72.760682,-13.54975],[-72.760887,-13.549688],[-72.761022,-13.549858],[-72.761063,-13.550081],[-72.761072,-13.550305],[-72.76098,-13.55051],[-72.760465,-13.550959],[-72.760323,-13.551131],[-72.760407,-13.551326],[-72.761055,-13.551966],[-72.761236,-13.552103],[-72.761447,-13.552185],[-72.762797,-13.552452],[-72.76301,-13.552537],[-72.763198,-13.552664],[-72.763789,-13.553355],[-72.764436,-13.553996],[-72.764561,-13.554184],[-72.765092,-13.555677],[-72.765211,-13.555868],[-72.765369,-13.556031],[-72.765572,-13.556133],[-72.766644,-13.556538],[-72.766829,-13.556665],[-72.766861,-13.556882],[-72.766775,-13.557089],[-72.766605,-13.557231],[-72.76638,-13.55723],[-72.765951,-13.557067],[-72.765728,-13.557025],[-72.764357,-13.556886],[-72.764136,-13.556831],[-72.763925,-13.556742],[-72.763703,-13.556705],[-72.763477,-13.556749],[-72.76325,-13.556761],[-72.763066,-13.556632],[-72.762863,-13.556227],[-72.762725,-13.556047],[-72.762218,-13.555588],[-72.761908,-13.555255],[-72.761726,-13.555119],[-72.761139,-13.554766],[-72.760922,-13.554693],[-72.760696,-13.55467],[-72.760239,-13.554707],[-72.758407,-13.554582],[-72.758177,-13.554588],[-72.757956,-13.554636],[-72.757752,-13.554739],[-72.757179,-13.555116],[-72.756628,-13.555521],[-72.756421,-13.555617],[-72.756247,-13.555758],[-72.75618,-13.555974],[-72.756055,-13.556641],[-72.756165,-13.557308],[-72.756178,-13.557533],[-72.756133,-13.55821],[-72.75619,-13.558422],[-72.756342,-13.558592],[-72.756338,-13.558802],[-72.756232,-13.559001],[-72.756181,-13.559221],[-72.7562,-13.559443],[-72.756335,-13.559875],[-72.756326,-13.560099],[-72.75623,-13.560302],[-72.755969,-13.560674],[-72.755869,-13.560877],[-72.755778,-13.561319],[-72.75577,-13.561771],[-72.755709,-13.562217],[-72.755603,-13.562417],[-72.755433,-13.562557],[-72.75522,-13.562638],[-72.754997,-13.562621],[-72.754824,-13.562479],[-72.75454,-13.562124],[-72.754363,-13.561708],[-72.754308,-13.561489],[-72.754168,-13.560596],[-72.754023,-13.560167],[-72.754023,-13.559947],[-72.754091,-13.559731],[-72.754114,-13.559509],[-72.753829,-13.558896],[-72.753772,-13.558678],[-72.753651,-13.55801],[-72.753573,-13.557337],[-72.753527,-13.557115],[-72.753396,-13.556683],[-72.753284,-13.556486],[-72.752118,-13.555397],[-72.751828,-13.555047],[-72.751663,-13.554891],[-72.751094,-13.554509],[-72.750876,-13.554456],[-72.750456,-13.554633],[-72.750283,-13.554781],[-72.749808,-13.555266],[-72.749379,-13.555418],[-72.749207,-13.555565],[-72.748928,-13.555923],[-72.748615,-13.556254],[-72.748265,-13.556546],[-72.748074,-13.556671],[-72.747644,-13.556829],[-72.746968,-13.556953],[-72.746757,-13.557033],[-72.74662,-13.55721],[-72.746621,-13.557432],[-72.746683,-13.55765],[-72.746696,-13.557871],[-72.746544,-13.558032],[-72.745791,-13.55855],[-72.745569,-13.558568],[-72.745373,-13.558452],[-72.744437,-13.557798],[-72.744235,-13.5577],[-72.744041,-13.557798],[-72.743979,-13.558013],[-72.743954,-13.558462],[-72.743817,-13.558631],[-72.743589,-13.558644],[-72.742213,-13.558584],[-72.741991,-13.558635],[-72.741808,-13.558769],[-72.741484,-13.559087],[-72.74128,-13.559189],[-72.741053,-13.55922],[-72.740837,-13.559148],[-72.740639,-13.559034],[-72.74045,-13.558907],[-72.740283,-13.558755],[-72.7402,-13.558545],[-72.740201,-13.557641],[-72.740124,-13.557435],[-72.739943,-13.557297],[-72.739731,-13.557211],[-72.739505,-13.557171],[-72.739046,-13.557162],[-72.738825,-13.557119],[-72.738648,-13.556983],[-72.73861,-13.556774],[-72.738802,-13.556123],[-72.738784,-13.555899],[-72.738701,-13.555691],[-72.7382,-13.554933],[-72.737415,-13.553819],[-72.736923,-13.553345],[-72.73622,-13.552764],[-72.732845,-13.550417],[-72.732642,-13.55031],[-72.729268,-13.548881],[-72.728618,-13.548659],[-72.728409,-13.548565],[-72.728222,-13.548436],[-72.728054,-13.548283],[-72.726164,-13.546309],[-72.725993,-13.546157],[-72.725802,-13.546033],[-72.725591,-13.545946],[-72.718736,-13.54406],[-72.718518,-13.54399],[-72.718313,-13.54389],[-72.71813,-13.543755],[-72.717976,-13.543589],[-72.717853,-13.543399],[-72.717223,-13.542193],[-72.717087,-13.542011],[-72.716922,-13.541855],[-72.71673,-13.541732],[-72.716301,-13.541575],[-72.714944,-13.541341],[-72.714716,-13.541322],[-72.714486,-13.541328],[-72.71426,-13.541365],[-72.712004,-13.541786],[-72.711777,-13.541807],[-72.711322,-13.54175],[-72.705985,-13.540404],[-72.705772,-13.540319],[-72.704127,-13.539514],[-72.703907,-13.539452],[-72.703678,-13.539445],[-72.703454,-13.539493],[-72.702453,-13.540042],[-72.702233,-13.540103],[-72.702004,-13.540103],[-72.701781,-13.540057],[-72.700931,-13.539714],[-72.698629,-13.538691],[-72.698414,-13.538611],[-72.698189,-13.538568],[-72.697961,-13.538568],[-72.696598,-13.538761],[-72.696166,-13.538911],[-72.694729,-13.53962],[-72.694557,-13.539766],[-72.694357,-13.540173],[-72.694228,-13.540358],[-72.69402,-13.540445],[-72.693795,-13.54049],[-72.69357,-13.54048],[-72.693228,-13.540179],[-72.692822,-13.539967],[-72.692603,-13.539905],[-72.692376,-13.539891],[-72.691693,-13.539978],[-72.691473,-13.540039],[-72.691261,-13.540126],[-72.691066,-13.540244],[-72.690927,-13.540419],[-72.690796,-13.54085],[-72.690633,-13.541005],[-72.69007,-13.541395],[-72.689709,-13.541675],[-72.689371,-13.54198],[-72.689161,-13.542014],[-72.689033,-13.541852],[-72.689105,-13.541643],[-72.689365,-13.541271],[-72.689654,-13.540656],[-72.689732,-13.540444],[-72.689759,-13.54022],[-72.689708,-13.539317],[-72.689666,-13.539095],[-72.689084,-13.537621],[-72.689087,-13.537399],[-72.689168,-13.537188],[-72.689215,-13.536971],[-72.689062,-13.53683],[-72.688874,-13.536924],[-72.688612,-13.537552],[-72.688404,-13.537954],[-72.685969,-13.541517],[-72.6858,-13.541669],[-72.685608,-13.541792],[-72.684994,-13.542098],[-72.68477,-13.542135],[-72.684549,-13.54208],[-72.684338,-13.541994],[-72.684142,-13.541879],[-72.68399,-13.541709],[-72.683816,-13.541566],[-72.683594,-13.541517],[-72.682221,-13.541401],[-72.681764,-13.541424],[-72.681544,-13.541485],[-72.680745,-13.541923],[-72.680518,-13.541905],[-72.679424,-13.541564],[-72.679204,-13.541504],[-72.678976,-13.541477],[-72.678289,-13.541512],[-72.678064,-13.54155],[-72.67785,-13.541632],[-72.677662,-13.54176],[-72.677513,-13.541929],[-72.677237,-13.542549],[-72.676837,-13.54276],[-72.67668,-13.542919],[-72.676634,-13.543132],[-72.676666,-13.543353],[-72.676811,-13.543523],[-72.677216,-13.543735],[-72.677346,-13.543914],[-72.677327,-13.544138],[-72.677213,-13.544331],[-72.67689,-13.544652],[-72.676722,-13.544805],[-72.676334,-13.545047],[-72.676,-13.545357],[-72.675858,-13.545534],[-72.675752,-13.545734],[-72.675601,-13.546155],[-72.67522,-13.546405],[-72.675046,-13.546547],[-72.674879,-13.546966],[-72.674576,-13.547571],[-72.674424,-13.548231],[-72.674222,-13.5483],[-72.674077,-13.548136],[-72.673994,-13.547925],[-72.673868,-13.547739],[-72.673649,-13.54768],[-72.672731,-13.547689],[-72.672511,-13.547641],[-72.672365,-13.54747],[-72.671607,-13.546338],[-72.671017,-13.545997],[-72.670691,-13.545679],[-72.670509,-13.545545],[-72.670291,-13.545484],[-72.669606,-13.545411],[-72.669148,-13.5454],[-72.66893,-13.545463],[-72.668741,-13.545589],[-72.668595,-13.545763],[-72.668387,-13.546409],[-72.668141,-13.546789],[-72.667966,-13.546933],[-72.665989,-13.547523],[-72.665767,-13.547575],[-72.665559,-13.547511],[-72.665531,-13.547299],[-72.665732,-13.547213],[-72.665961,-13.54722],[-72.666181,-13.547157],[-72.667495,-13.546748],[-72.667693,-13.546642],[-72.667775,-13.546436],[-72.667787,-13.546211],[-72.667836,-13.545992],[-72.668048,-13.545347],[-72.66826,-13.544948],[-72.668577,-13.544621],[-72.668951,-13.544362],[-72.669174,-13.544324],[-72.669403,-13.54434],[-72.669621,-13.544299],[-72.669652,-13.544098],[-72.669447,-13.544042],[-72.669221,-13.54408],[-72.668783,-13.544216],[-72.668398,-13.544459],[-72.668035,-13.544735],[-72.667869,-13.54489],[-72.667613,-13.545266],[-72.667195,-13.54607],[-72.667024,-13.546214],[-72.666798,-13.546241],[-72.66542,-13.54626],[-72.664732,-13.546246],[-72.664516,-13.546305],[-72.664364,-13.546475],[-72.664185,-13.546598],[-72.663966,-13.546539],[-72.663755,-13.546451],[-72.663543,-13.54646],[-72.663469,-13.546667],[-72.663451,-13.547344],[-72.663307,-13.547495],[-72.663129,-13.547392],[-72.66312,-13.54717],[-72.663221,-13.546729],[-72.663244,-13.546278],[-72.663383,-13.546116],[-72.663606,-13.546145],[-72.663823,-13.546218],[-72.664046,-13.546231],[-72.664336,-13.545887],[-72.6645,-13.545729],[-72.664699,-13.545617],[-72.664916,-13.545546],[-72.66559,-13.545416],[-72.665819,-13.545391],[-72.666048,-13.545407],[-72.666276,-13.545392],[-72.666487,-13.545307],[-72.666644,-13.545146],[-72.666745,-13.544944],[-72.667015,-13.54408],[-72.66713,-13.543886],[-72.667842,-13.542999],[-72.667914,-13.542797],[-72.667759,-13.542673],[-72.667588,-13.542802],[-72.66724,-13.543386],[-72.666921,-13.54371],[-72.66678,-13.543888],[-72.66641,-13.54446],[-72.666223,-13.544585],[-72.665579,-13.544823],[-72.665354,-13.544867],[-72.664442,-13.54477],[-72.664215,-13.544798],[-72.663772,-13.544914],[-72.663547,-13.54495],[-72.66294,-13.544637],[-72.662714,-13.544604],[-72.661797,-13.544649],[-72.661611,-13.544521],[-72.661321,-13.544173],[-72.661317,-13.543956],[-72.661484,-13.543815],[-72.661684,-13.543904],[-72.66196,-13.544262],[-72.662179,-13.544297],[-72.662548,-13.544037],[-72.662773,-13.544047],[-72.663158,-13.544291],[-72.663371,-13.544355],[-72.663567,-13.544243],[-72.663743,-13.544099],[-72.664408,-13.543921],[-72.66459,-13.54379],[-72.664752,-13.543628],[-72.664905,-13.543461],[-72.665016,-13.543265],[-72.665053,-13.543043],[-72.665033,-13.542592],[-72.665013,-13.542367],[-72.664925,-13.54216],[-72.663792,-13.540737],[-72.66362,-13.540591],[-72.663403,-13.540517],[-72.662955,-13.540422],[-72.662728,-13.540415],[-72.66253,-13.540528],[-72.661812,-13.54109],[-72.661005,-13.541522],[-72.660875,-13.541699],[-72.660935,-13.542138],[-72.660867,-13.542347],[-72.660681,-13.542471],[-72.660452,-13.542493],[-72.660248,-13.542584],[-72.659934,-13.542913],[-72.659637,-13.543257],[-72.659506,-13.543442],[-72.659492,-13.543661],[-72.659738,-13.544294],[-72.659769,-13.544517],[-72.659706,-13.544964],[-72.659706,-13.545189],[-72.660342,-13.547125],[-72.660358,-13.547345],[-72.660233,-13.547522],[-72.659554,-13.54762],[-72.659325,-13.547618],[-72.659154,-13.547479],[-72.658915,-13.547093],[-72.658775,-13.546914],[-72.6583,-13.546424],[-72.65818,-13.546234],[-72.658,-13.54582],[-72.657866,-13.545636],[-72.657711,-13.545471],[-72.657366,-13.545174],[-72.656606,-13.544665],[-72.656405,-13.544557],[-72.656179,-13.54453],[-72.65572,-13.544523],[-72.655265,-13.544469],[-72.654148,-13.544206],[-72.653712,-13.544068],[-72.653515,-13.543954],[-72.653049,-13.543456],[-72.652867,-13.543318],[-72.652266,-13.542989],[-72.652087,-13.542848],[-72.651953,-13.542667],[-72.651749,-13.54259],[-72.651532,-13.542655],[-72.651311,-13.542684],[-72.651185,-13.54252],[-72.651177,-13.542069],[-72.65112,-13.541851],[-72.650848,-13.541229],[-72.650711,-13.541049],[-72.650339,-13.540788],[-72.650133,-13.540689],[-72.649907,-13.540675],[-72.649697,-13.54076],[-72.649556,-13.540934],[-72.649468,-13.541141],[-72.649417,-13.541361],[-72.649396,-13.541586],[-72.649332,-13.541801],[-72.649068,-13.542171],[-72.648911,-13.542333],[-72.648705,-13.542427],[-72.64825,-13.54246],[-72.648063,-13.542587],[-72.647928,-13.542769],[-72.647762,-13.542924],[-72.647375,-13.543167],[-72.64716,-13.54324],[-72.646934,-13.543279],[-72.646737,-13.543393],[-72.646556,-13.543532],[-72.646229,-13.543848],[-72.64583,-13.5444],[-72.645588,-13.544784],[-72.645494,-13.544989],[-72.645213,-13.54585],[-72.645124,-13.546057],[-72.644937,-13.546164],[-72.644777,-13.546022],[-72.644547,-13.545632],[-72.644232,-13.545304],[-72.644031,-13.545201],[-72.643807,-13.545155],[-72.643579,-13.545162],[-72.64336,-13.545229],[-72.642954,-13.545439],[-72.642806,-13.545607],[-72.642599,-13.546487],[-72.642508,-13.546692],[-72.642322,-13.546817],[-72.641643,-13.546926],[-72.6412,-13.547042],[-72.640987,-13.547123],[-72.6408,-13.54725],[-72.640667,-13.547432],[-72.64061,-13.547649],[-72.640509,-13.548547],[-72.640246,-13.549168],[-72.640241,-13.549392],[-72.6403,-13.54984],[-72.640257,-13.55006],[-72.640109,-13.550221],[-72.639903,-13.550167],[-72.638887,-13.548662],[-72.638739,-13.548492],[-72.638538,-13.548387],[-72.638104,-13.548244],[-72.637878,-13.548269],[-72.637667,-13.548358],[-72.637446,-13.548406],[-72.637231,-13.54833],[-72.636605,-13.548047],[-72.636389,-13.547974],[-72.63616,-13.54796],[-72.635938,-13.54791],[-72.635324,-13.547605],[-72.634745,-13.54724],[-72.634532,-13.547156],[-72.63431,-13.5471],[-72.634082,-13.547082],[-72.633853,-13.547098],[-72.633635,-13.547165],[-72.632568,-13.54758],[-72.63054,-13.547973],[-72.630312,-13.547993],[-72.630083,-13.547992],[-72.629856,-13.54796],[-72.628949,-13.547818],[-72.628729,-13.547756],[-72.628537,-13.547635],[-72.628432,-13.547439],[-72.628353,-13.547226],[-72.628191,-13.547084],[-72.627964,-13.547064],[-72.627736,-13.547076],[-72.627521,-13.54715],[-72.626606,-13.547833],[-72.626438,-13.547984],[-72.626317,-13.548175],[-72.626285,-13.548398],[-72.626318,-13.548619],[-72.626427,-13.548817],[-72.62725,-13.549604],[-72.62732,-13.549813],[-72.62732,-13.550265],[-72.627371,-13.55048],[-72.627543,-13.550626],[-72.627735,-13.550749],[-72.627858,-13.550937],[-72.627939,-13.551148],[-72.627966,-13.551371],[-72.627929,-13.551594],[-72.627761,-13.552013],[-72.627705,-13.552228],[-72.62774,-13.552451],[-72.627955,-13.553095],[-72.628,-13.553316],[-72.627993,-13.553542],[-72.627905,-13.553985],[-72.627885,-13.554209],[-72.62803,-13.554634],[-72.628004,-13.555082],[-72.628032,-13.555306],[-72.62811,-13.555519],[-72.62816,-13.555738],[-72.628118,-13.55596],[-72.628019,-13.55616],[-72.627805,-13.556197],[-72.627601,-13.556098],[-72.627467,-13.555915],[-72.626755,-13.554754],[-72.626243,-13.553495],[-72.625825,-13.552691],[-72.625268,-13.552295],[-72.62511,-13.552131],[-72.624843,-13.551764],[-72.624668,-13.551619],[-72.624054,-13.551312],[-72.623455,-13.550976],[-72.622535,-13.550301],[-72.622316,-13.550259],[-72.621914,-13.550474],[-72.621698,-13.550542],[-72.621476,-13.550489],[-72.620681,-13.550037],[-72.620468,-13.549978],[-72.620259,-13.550065],[-72.620082,-13.550209],[-72.619877,-13.550299],[-72.619435,-13.550187],[-72.619212,-13.550219],[-72.618942,-13.550584],[-72.618742,-13.550679],[-72.617825,-13.550644],[-72.617599,-13.55061],[-72.617439,-13.550468],[-72.61734,-13.550264],[-72.617211,-13.550081],[-72.616995,-13.55004],[-72.616542,-13.550113],[-72.615914,-13.550391],[-72.614472,-13.551089],[-72.614249,-13.551099],[-72.614071,-13.550961],[-72.613744,-13.550643],[-72.613546,-13.550532],[-72.612635,-13.55043],[-72.612408,-13.550454],[-72.612206,-13.55056],[-72.611072,-13.551329],[-72.610867,-13.551431],[-72.609754,-13.551709],[-72.608842,-13.551804],[-72.607962,-13.552061],[-72.607748,-13.552141],[-72.607549,-13.552254],[-72.606807,-13.552786],[-72.606634,-13.552933],[-72.606514,-13.553124],[-72.605968,-13.554612],[-72.605835,-13.554795],[-72.605351,-13.555279],[-72.605175,-13.555423],[-72.604966,-13.555514],[-72.603226,-13.556094],[-72.600022,-13.557861],[-72.599641,-13.558113],[-72.598756,-13.558834],[-72.597654,-13.559644],[-72.59756,-13.559847],[-72.597519,-13.560069],[-72.597436,-13.560272],[-72.596799,-13.560517],[-72.596627,-13.560666],[-72.596488,-13.560844],[-72.596304,-13.561257],[-72.595857,-13.561772],[-72.59538,-13.562545],[-72.595111,-13.563168],[-72.594714,-13.563721],[-72.594641,-13.563928],[-72.594709,-13.564142],[-72.595042,-13.564733],[-72.595178,-13.565164],[-72.595298,-13.565357],[-72.595304,-13.565575],[-72.595137,-13.565708],[-72.594921,-13.565642],[-72.594748,-13.565494],[-72.594463,-13.565141],[-72.594061,-13.564925],[-72.593838,-13.564894],[-72.593445,-13.565117],[-72.593221,-13.565103],[-72.592576,-13.564867],[-72.592198,-13.564614],[-72.591978,-13.564624],[-72.591764,-13.564706],[-72.591548,-13.564725],[-72.59139,-13.564563],[-72.591259,-13.564378],[-72.591105,-13.564213],[-72.590899,-13.56412],[-72.589992,-13.56398],[-72.589768,-13.564028],[-72.589357,-13.564226],[-72.589133,-13.564238],[-72.58891,-13.564186],[-72.588701,-13.564094],[-72.588529,-13.563945],[-72.588415,-13.563751],[-72.588029,-13.562931],[-72.587901,-13.562744],[-72.587704,-13.562634],[-72.587268,-13.562492],[-72.587047,-13.562434],[-72.586819,-13.562405],[-72.586595,-13.562442],[-72.586393,-13.56255],[-72.585669,-13.563105],[-72.585465,-13.563204],[-72.585242,-13.563257],[-72.585013,-13.56325],[-72.584792,-13.563191],[-72.584587,-13.563092],[-72.584255,-13.562788],[-72.584033,-13.562753],[-72.583803,-13.562759],[-72.583576,-13.562735],[-72.58336,-13.562658],[-72.583007,-13.562371],[-72.582797,-13.562284],[-72.581677,-13.562039],[-72.581448,-13.562035],[-72.58122,-13.562067],[-72.580992,-13.562056],[-72.580767,-13.562015],[-72.580542,-13.562042],[-72.580333,-13.562134],[-72.57978,-13.562535],[-72.579577,-13.562633],[-72.57889,-13.562611],[-72.578668,-13.562659],[-72.577523,-13.563411],[-72.577313,-13.563498],[-72.577087,-13.563531],[-72.575939,-13.563549],[-72.575714,-13.563518],[-72.575549,-13.563371],[-72.574872,-13.562189],[-72.574616,-13.561816],[-72.574426,-13.561694],[-72.573334,-13.561345],[-72.572705,-13.561068],[-72.57184,-13.560769],[-72.571304,-13.560344],[-72.570987,-13.560017],[-72.569815,-13.558625],[-72.569705,-13.558427],[-72.569368,-13.557587],[-72.569223,-13.557413],[-72.568869,-13.557126],[-72.568417,-13.556618],[-72.567898,-13.556171],[-72.566733,-13.555081],[-72.566575,-13.554918],[-72.566442,-13.554735],[-72.566333,-13.554536],[-72.566109,-13.553895],[-72.566066,-13.553673],[-72.566053,-13.553449],[-72.566276,-13.553059],[-72.566337,-13.552843],[-72.566345,-13.552618],[-72.566283,-13.552401],[-72.565912,-13.551831],[-72.565597,-13.551504],[-72.565064,-13.551075],[-72.564879,-13.550942],[-72.564679,-13.550832],[-72.564262,-13.550641],[-72.564047,-13.550566],[-72.563597,-13.55048],[-72.563138,-13.550471],[-72.562683,-13.55053],[-72.559581,-13.551358],[-72.558929,-13.551575],[-72.55852,-13.551779],[-72.558162,-13.55206],[-72.55724,-13.553068],[-72.557062,-13.553211],[-72.556873,-13.553337],[-72.556667,-13.553436],[-72.556458,-13.55353],[-72.556239,-13.553597],[-72.555782,-13.553633],[-72.554634,-13.553658],[-72.55395,-13.553583],[-72.553262,-13.55355],[-72.551885,-13.553568],[-72.551429,-13.553612],[-72.550794,-13.55387],[-72.549386,-13.554631],[-72.548943,-13.554747],[-72.548715,-13.554769],[-72.54849,-13.554731],[-72.547662,-13.55434],[-72.547289,-13.554077],[-72.546239,-13.552879],[-72.545752,-13.5524],[-72.545239,-13.551947],[-72.544649,-13.551259],[-72.543257,-13.55008],[-72.541368,-13.548796],[-72.540464,-13.548099],[-72.53981,-13.547466],[-72.538815,-13.546907],[-72.53752,-13.545971],[-72.532251,-13.54321],[-72.529189,-13.541656],[-72.528352,-13.541286],[-72.527701,-13.541064],[-72.525707,-13.54053],[-72.524812,-13.540327],[-72.523683,-13.540123],[-72.522096,-13.53988],[-72.521878,-13.539812],[-72.521681,-13.539697],[-72.521504,-13.539553],[-72.520401,-13.538402],[-72.519402,-13.537162],[-72.519057,-13.536865],[-72.518317,-13.53633],[-72.518176,-13.536153],[-72.516572,-13.532159],[-72.516471,-13.531957],[-72.516324,-13.531784],[-72.514836,-13.530725],[-72.514413,-13.530551],[-72.513316,-13.530218],[-72.513103,-13.530136],[-72.512903,-13.530028],[-72.512197,-13.529449],[-72.512035,-13.529289],[-72.511919,-13.529096],[-72.511727,-13.528445],[-72.511645,-13.528235],[-72.511531,-13.52804],[-72.511391,-13.527861],[-72.508956,-13.525463],[-72.508771,-13.525329],[-72.507195,-13.524401],[-72.506838,-13.524118],[-72.5064,-13.523597],[-72.505933,-13.523098],[-72.505699,-13.522709],[-72.505602,-13.522504],[-72.505529,-13.522061],[-72.505503,-13.520931],[-72.505526,-13.520706],[-72.505626,-13.520266],[-72.505701,-13.520052],[-72.506104,-13.51924],[-72.506332,-13.518848],[-72.50664,-13.518513],[-72.507321,-13.517906],[-72.507641,-13.517582],[-72.507771,-13.517397],[-72.508097,-13.516801],[-72.508248,-13.516632],[-72.508425,-13.516489],[-72.508992,-13.516104],[-72.509171,-13.515963],[-72.509327,-13.515799],[-72.509442,-13.515604],[-72.509509,-13.515388],[-72.50954,-13.515165],[-72.509528,-13.514714],[-72.509346,-13.513369],[-72.509266,-13.512924],[-72.509198,-13.512711],[-72.509056,-13.512538],[-72.508857,-13.512429],[-72.508182,-13.512302],[-72.507993,-13.51218],[-72.50791,-13.511977],[-72.507943,-13.511756],[-72.508125,-13.511342],[-72.50817,-13.511122],[-72.508142,-13.510899],[-72.508011,-13.510717],[-72.507626,-13.510471],[-72.507451,-13.510327],[-72.507328,-13.510138],[-72.507339,-13.509916],[-72.507501,-13.509494],[-72.50756,-13.509277],[-72.507554,-13.509051],[-72.507493,-13.508835],[-72.507379,-13.50864],[-72.506801,-13.507937],[-72.506675,-13.507749],[-72.50663,-13.507529],[-72.506667,-13.507308],[-72.506854,-13.506655],[-72.506895,-13.506434],[-72.506866,-13.506212],[-72.506728,-13.506035],[-72.506537,-13.505911],[-72.506314,-13.505865],[-72.50494,-13.505759],[-72.504714,-13.505725],[-72.504496,-13.505656],[-72.504288,-13.505562],[-72.503914,-13.505302],[-72.502916,-13.504367],[-72.50036,-13.502448],[-72.499975,-13.502204],[-72.49975,-13.502169],[-72.492865,-13.501973],[-72.492639,-13.50194],[-72.492424,-13.501862],[-72.492043,-13.501612],[-72.490994,-13.500733],[-72.490447,-13.50032],[-72.490251,-13.500203],[-72.490045,-13.500106],[-72.489827,-13.500035],[-72.488935,-13.49982],[-72.488499,-13.49968],[-72.488294,-13.499578],[-72.48773,-13.49919],[-72.48753,-13.49908],[-72.486654,-13.498812],[-72.486429,-13.498766],[-72.486202,-13.498766],[-72.485983,-13.498825],[-72.485793,-13.498948],[-72.485435,-13.499231],[-72.485228,-13.499326],[-72.485004,-13.499355],[-72.484325,-13.499246],[-72.484104,-13.499186],[-72.483891,-13.499105],[-72.483279,-13.498795],[-72.482858,-13.498613],[-72.482419,-13.498483],[-72.480608,-13.49818],[-72.480379,-13.498184],[-72.480167,-13.498268],[-72.479642,-13.498705],[-72.479433,-13.498794],[-72.479209,-13.498842],[-72.478073,-13.499004],[-72.477846,-13.499003],[-72.4772,-13.498773],[-72.476974,-13.498782],[-72.476763,-13.49887],[-72.474937,-13.499822],[-72.474722,-13.499902],[-72.474498,-13.499952],[-72.47427,-13.499974],[-72.474041,-13.499968],[-72.473813,-13.499943],[-72.471593,-13.499366],[-72.467857,-13.498256],[-72.467407,-13.498166],[-72.467179,-13.498141],[-72.465802,-13.49811],[-72.465349,-13.498048],[-72.465126,-13.497995],[-72.463605,-13.497482],[-72.463395,-13.497394],[-72.463215,-13.497258],[-72.462799,-13.496718],[-72.462635,-13.496561],[-72.462077,-13.496165],[-72.46191,-13.496011],[-72.461773,-13.495832],[-72.461667,-13.495631],[-72.461477,-13.494979],[-72.461285,-13.49457],[-72.45821,-13.490343],[-72.457924,-13.489989],[-72.4576,-13.489671],[-72.457228,-13.489407],[-72.457023,-13.489307],[-72.456345,-13.489201],[-72.456125,-13.489138],[-72.455927,-13.489024],[-72.455433,-13.488553],[-72.454826,-13.487874],[-72.454195,-13.487218],[-72.454107,-13.487012],[-72.454045,-13.486339],[-72.453945,-13.486143],[-72.45379,-13.485977],[-72.45291,-13.485251],[-72.45219,-13.48469],[-72.447356,-13.48124],[-72.447178,-13.481098],[-72.446856,-13.480776],[-72.446414,-13.480257],[-72.44591,-13.479795],[-72.445167,-13.479265],[-72.444972,-13.479148],[-72.441978,-13.477998],[-72.441777,-13.477889],[-72.441255,-13.477446],[-72.440933,-13.477124],[-72.440523,-13.47658],[-72.439945,-13.475605],[-72.438894,-13.47473],[-72.438654,-13.474347],[-72.43815,-13.473331],[-72.438086,-13.473114],[-72.438056,-13.472891],[-72.438059,-13.472665],[-72.438208,-13.470182],[-72.438218,-13.469957],[-72.438193,-13.469732],[-72.438043,-13.469306],[-72.437918,-13.469118],[-72.436653,-13.467806],[-72.436475,-13.467667],[-72.436259,-13.467597],[-72.436033,-13.467622],[-72.435163,-13.46791],[-72.43494,-13.467955],[-72.434714,-13.467928],[-72.43451,-13.467829],[-72.430232,-13.46441],[-72.430089,-13.464235],[-72.429734,-13.463402],[-72.429602,-13.46322],[-72.429412,-13.4631],[-72.429189,-13.463061],[-72.428978,-13.463144],[-72.428825,-13.463305],[-72.428551,-13.463927],[-72.428412,-13.464099],[-72.428194,-13.464165],[-72.427967,-13.46419],[-72.427743,-13.464156],[-72.427533,-13.464068],[-72.427371,-13.463918],[-72.427284,-13.46371],[-72.426782,-13.462208],[-72.426636,-13.46204],[-72.426423,-13.461965],[-72.426199,-13.462001],[-72.426023,-13.462142],[-72.425935,-13.462347],[-72.425832,-13.462788],[-72.425744,-13.462994],[-72.425531,-13.46306],[-72.425319,-13.462988],[-72.425215,-13.462795],[-72.425052,-13.461675],[-72.424974,-13.461464],[-72.423093,-13.458357],[-72.422968,-13.458167],[-72.422808,-13.458008],[-72.422593,-13.45794],[-72.422367,-13.457968],[-72.42219,-13.458105],[-72.422087,-13.458305],[-72.42109,-13.460834],[-72.420943,-13.461004],[-72.420743,-13.461111],[-72.420515,-13.461122],[-72.420304,-13.461043],[-72.420149,-13.46088],[-72.419227,-13.459584],[-72.419046,-13.459449],[-72.418824,-13.45942],[-72.418611,-13.459494],[-72.418479,-13.459674],[-72.418446,-13.459895],[-72.418493,-13.460116],[-72.419112,-13.461819],[-72.419146,-13.462041],[-72.419077,-13.462252],[-72.418902,-13.462392],[-72.41868,-13.462437],[-72.418458,-13.462389],[-72.417876,-13.462027],[-72.417719,-13.461863],[-72.417602,-13.46167],[-72.417538,-13.461455],[-72.41742,-13.460787],[-72.417355,-13.46057],[-72.417252,-13.46037],[-72.417116,-13.460189],[-72.416948,-13.460036],[-72.414515,-13.458764],[-72.414303,-13.45868],[-72.414077,-13.458682],[-72.413879,-13.458786],[-72.413787,-13.458985],[-72.413791,-13.45921],[-72.41388,-13.460109],[-72.413829,-13.460327],[-72.413691,-13.460507],[-72.413496,-13.460622],[-72.413273,-13.460663],[-72.412585,-13.460674],[-72.412363,-13.460623],[-72.412151,-13.460535],[-72.41154,-13.46023],[-72.411328,-13.460299],[-72.411193,-13.460475],[-72.410978,-13.460875],[-72.410822,-13.461038],[-72.410611,-13.461118],[-72.410389,-13.461074],[-72.410209,-13.460939],[-72.409722,-13.459915],[-72.40967,-13.459696],[-72.409682,-13.459471],[-72.409758,-13.459259],[-72.409888,-13.459076],[-72.410074,-13.458947],[-72.411274,-13.45828],[-72.411461,-13.458149],[-72.411614,-13.45798],[-72.41172,-13.457782],[-72.411783,-13.457566],[-72.411878,-13.456894],[-72.41226,-13.455357],[-72.41229,-13.455134],[-72.412283,-13.45491],[-72.412227,-13.454691],[-72.412013,-13.454046],[-72.41165,-13.452738],[-72.41161,-13.452515],[-72.411666,-13.4523],[-72.411865,-13.451893],[-72.411936,-13.451679],[-72.411967,-13.451456],[-72.411951,-13.451231],[-72.411763,-13.450116],[-72.411657,-13.449924],[-72.411439,-13.449891],[-72.411265,-13.450034],[-72.411267,-13.450253],[-72.411473,-13.450658],[-72.411554,-13.450867],[-72.41157,-13.451092],[-72.411497,-13.451305],[-72.411377,-13.451497],[-72.410923,-13.452006],[-72.410837,-13.452212],[-72.410859,-13.452435],[-72.41126,-13.4542],[-72.411269,-13.454426],[-72.411178,-13.454867],[-72.411069,-13.455066],[-72.410934,-13.455248],[-72.410468,-13.455747],[-72.410261,-13.455834],[-72.410034,-13.455834],[-72.409587,-13.455732],[-72.409365,-13.455784],[-72.409184,-13.455914],[-72.409049,-13.456342],[-72.408913,-13.456518],[-72.408288,-13.456795],[-72.408183,-13.456992],[-72.408133,-13.457212],[-72.408025,-13.457404],[-72.407805,-13.457438],[-72.40763,-13.457312],[-72.407632,-13.457094],[-72.407876,-13.45646],[-72.407912,-13.456237],[-72.407934,-13.455786],[-72.408004,-13.455573],[-72.408147,-13.455396],[-72.409765,-13.454134],[-72.409866,-13.453933],[-72.409874,-13.453711],[-72.4098,-13.453499],[-72.409644,-13.453337],[-72.409425,-13.453294],[-72.409203,-13.453338],[-72.408652,-13.453741],[-72.408454,-13.453846],[-72.408226,-13.45386],[-72.40801,-13.453793],[-72.407845,-13.45364],[-72.407758,-13.453434],[-72.407772,-13.453211],[-72.40787,-13.453008],[-72.408221,-13.452425],[-72.408284,-13.45221],[-72.408257,-13.451988],[-72.408129,-13.451805],[-72.406949,-13.451105],[-72.406766,-13.45097],[-72.406594,-13.45082],[-72.406451,-13.450645],[-72.40621,-13.450259],[-72.406071,-13.450083],[-72.405856,-13.450038],[-72.40568,-13.450166],[-72.40567,-13.450381],[-72.405823,-13.450543],[-72.406193,-13.450812],[-72.40636,-13.450966],[-72.406638,-13.451324],[-72.40683,-13.451734],[-72.406877,-13.451954],[-72.406858,-13.452175],[-72.406776,-13.452386],[-72.405608,-13.454062],[-72.405529,-13.454273],[-72.4055,-13.454497],[-72.4055,-13.454723],[-72.405428,-13.454929],[-72.405223,-13.455026],[-72.405016,-13.454944],[-72.404943,-13.454734],[-72.405021,-13.454526],[-72.405507,-13.453759],[-72.405603,-13.453554],[-72.40565,-13.453333],[-72.405622,-13.451977],[-72.405606,-13.451752],[-72.405556,-13.451532],[-72.405438,-13.451339],[-72.404422,-13.450423],[-72.404241,-13.450285],[-72.40404,-13.450178],[-72.403823,-13.450106],[-72.403596,-13.450078],[-72.40268,-13.450008],[-72.402461,-13.449952],[-72.402303,-13.449797],[-72.402279,-13.449577],[-72.402398,-13.449389],[-72.403437,-13.448499],[-72.40357,-13.448316],[-72.403644,-13.448103],[-72.403759,-13.447205],[-72.40383,-13.446993],[-72.403968,-13.446814],[-72.404154,-13.446682],[-72.404746,-13.446335],[-72.404856,-13.446151],[-72.404807,-13.445934],[-72.40462,-13.445823],[-72.404394,-13.445829],[-72.404222,-13.445971],[-72.403839,-13.446535],[-72.403691,-13.446705],[-72.403496,-13.446822],[-72.403281,-13.4469],[-72.402835,-13.447001],[-72.402629,-13.447096],[-72.40248,-13.447265],[-72.402435,-13.447483],[-72.4025,-13.448158],[-72.402455,-13.448376],[-72.402329,-13.448563],[-72.401537,-13.449381],[-72.401429,-13.449576],[-72.401381,-13.449797],[-72.401407,-13.450021],[-72.401488,-13.450232],[-72.401779,-13.450579],[-72.402271,-13.451053],[-72.402398,-13.451235],[-72.402346,-13.451453],[-72.402174,-13.451592],[-72.401953,-13.451586],[-72.401773,-13.45145],[-72.401308,-13.450949],[-72.400559,-13.450092],[-72.400424,-13.449911],[-72.400402,-13.449692],[-72.400525,-13.449513],[-72.400915,-13.449274],[-72.401085,-13.449125],[-72.401216,-13.448941],[-72.401286,-13.448727],[-72.401278,-13.448503],[-72.40113,-13.447841],[-72.401136,-13.447616],[-72.401181,-13.447396],[-72.401256,-13.447183],[-72.40138,-13.446993],[-72.401712,-13.446684],[-72.402651,-13.446033],[-72.402819,-13.445883],[-72.402931,-13.445688],[-72.402984,-13.44547],[-72.403039,-13.444341],[-72.403134,-13.443902],[-72.403357,-13.443508],[-72.4035,-13.443332],[-72.404664,-13.442245],[-72.404681,-13.442027],[-72.404543,-13.441851],[-72.40433,-13.441798],[-72.404121,-13.441883],[-72.403373,-13.442739],[-72.403217,-13.442905],[-72.403041,-13.443049],[-72.402025,-13.443573],[-72.401834,-13.443697],[-72.401704,-13.443882],[-72.401626,-13.444093],[-72.401322,-13.445184],[-72.401108,-13.445828],[-72.400152,-13.447883],[-72.400012,-13.448058],[-72.399812,-13.448169],[-72.399593,-13.448232],[-72.399138,-13.448294],[-72.398917,-13.448354],[-72.398723,-13.448473],[-72.398577,-13.448645],[-72.398485,-13.448849],[-72.398328,-13.449509],[-72.398193,-13.449687],[-72.39769,-13.450151],[-72.397542,-13.450323],[-72.397196,-13.450909],[-72.397004,-13.45102],[-72.396788,-13.450968],[-72.396703,-13.450767],[-72.396801,-13.450569],[-72.397849,-13.449689],[-72.398004,-13.449523],[-72.3981,-13.44932],[-72.398102,-13.449097],[-72.397931,-13.448208],[-72.397937,-13.447984],[-72.398026,-13.447778],[-72.398185,-13.447617],[-72.39839,-13.447521],[-72.398618,-13.447501],[-72.399288,-13.447634],[-72.399512,-13.447588],[-72.399707,-13.44747],[-72.399845,-13.447293],[-72.399907,-13.447081],[-72.399868,-13.446859],[-72.399747,-13.446671],[-72.39956,-13.446543],[-72.399119,-13.44642],[-72.398895,-13.446383],[-72.398668,-13.446412],[-72.398446,-13.446468],[-72.398249,-13.446583],[-72.398073,-13.446728],[-72.397469,-13.447408],[-72.397368,-13.44761],[-72.39732,-13.44783],[-72.397331,-13.448055],[-72.397516,-13.448708],[-72.397499,-13.448929],[-72.397384,-13.449121],[-72.397193,-13.449242],[-72.396978,-13.449322],[-72.394157,-13.45028],[-72.393962,-13.450394],[-72.39382,-13.450567],[-72.39374,-13.450776],[-72.393749,-13.451],[-72.393829,-13.451212],[-72.395086,-13.453625],[-72.395136,-13.453842],[-72.395103,-13.454293],[-72.39514,-13.454512],[-72.39542,-13.454868],[-72.395612,-13.454985],[-72.395839,-13.455008],[-72.396525,-13.454981],[-72.396728,-13.45508],[-72.396882,-13.455248],[-72.397007,-13.455436],[-72.397138,-13.455867],[-72.397146,-13.456093],[-72.397132,-13.456318],[-72.397039,-13.456761],[-72.396992,-13.45721],[-72.396999,-13.457436],[-72.397181,-13.45878],[-72.397188,-13.459004],[-72.397091,-13.459204],[-72.396894,-13.459306],[-72.396665,-13.459316],[-72.3946,-13.459251],[-72.394142,-13.459218],[-72.393935,-13.459126],[-72.393766,-13.458975],[-72.393359,-13.458428],[-72.393208,-13.45826],[-72.393007,-13.458157],[-72.392779,-13.458155],[-72.392573,-13.458247],[-72.392442,-13.458426],[-72.392336,-13.458865],[-72.39226,-13.459074],[-72.39207,-13.459188],[-72.391844,-13.459182],[-72.391667,-13.459048],[-72.391613,-13.458834],[-72.391675,-13.45862],[-72.392321,-13.457686],[-72.392486,-13.457531],[-72.392701,-13.45746],[-72.392927,-13.457473],[-72.393129,-13.457575],[-72.394137,-13.458498],[-72.394324,-13.458629],[-72.394545,-13.458684],[-72.394773,-13.458693],[-72.394995,-13.458642],[-72.395194,-13.458529],[-72.395349,-13.458365],[-72.395463,-13.45817],[-72.395513,-13.457951],[-72.395534,-13.457499],[-72.395521,-13.457275],[-72.395434,-13.457068],[-72.39526,-13.456924],[-72.395048,-13.456846],[-72.394598,-13.456759],[-72.394401,-13.456645],[-72.394246,-13.45648],[-72.394157,-13.456275],[-72.394041,-13.455607],[-72.393953,-13.455399],[-72.393828,-13.455208],[-72.393047,-13.45438],[-72.392869,-13.45424],[-72.392441,-13.454079],[-72.391307,-13.453907],[-72.391086,-13.45385],[-72.390879,-13.453754],[-72.390697,-13.453618],[-72.390551,-13.453446],[-72.389561,-13.451923],[-72.389257,-13.451315],[-72.389151,-13.450876],[-72.388879,-13.448859],[-72.388832,-13.448639],[-72.388757,-13.448425],[-72.388528,-13.448034],[-72.387473,-13.446554],[-72.387316,-13.44613],[-72.387201,-13.445234],[-72.387122,-13.445023],[-72.386961,-13.444864],[-72.386755,-13.444766],[-72.385615,-13.444659],[-72.385402,-13.444735],[-72.385251,-13.4449],[-72.385176,-13.445112],[-72.385087,-13.445556],[-72.384953,-13.445735],[-72.384738,-13.445803],[-72.384058,-13.445911],[-72.383839,-13.445972],[-72.383641,-13.446083],[-72.38301,-13.446739],[-72.382814,-13.446853],[-72.38193,-13.447094],[-72.381291,-13.447346],[-72.381065,-13.447377],[-72.380839,-13.447345],[-72.38064,-13.44724],[-72.380478,-13.447082],[-72.380374,-13.446883],[-72.380306,-13.446436],[-72.380226,-13.446229],[-72.380028,-13.446128],[-72.3798,-13.446133],[-72.379342,-13.446167],[-72.377517,-13.446373],[-72.376613,-13.446529],[-72.375263,-13.446801],[-72.375066,-13.44691],[-72.374671,-13.447459],[-72.374481,-13.447574],[-72.374273,-13.447506],[-72.374121,-13.447337],[-72.373462,-13.446412],[-72.373287,-13.446273],[-72.373063,-13.446269],[-72.372865,-13.446377],[-72.372725,-13.446555],[-72.372487,-13.446941],[-72.372305,-13.447078],[-72.371667,-13.447331],[-72.371275,-13.447564],[-72.371112,-13.447722],[-72.370959,-13.44789],[-72.370701,-13.448264],[-72.370447,-13.448893],[-72.370315,-13.449075],[-72.370101,-13.449137],[-72.369878,-13.449093],[-72.369244,-13.448829],[-72.369016,-13.448833],[-72.368146,-13.449118],[-72.367922,-13.449113],[-72.367745,-13.448975],[-72.367671,-13.448764],[-72.367736,-13.448549],[-72.368012,-13.447928],[-72.368493,-13.447159],[-72.368577,-13.44695],[-72.368626,-13.446729],[-72.368823,-13.445387],[-72.368803,-13.445164],[-72.368701,-13.444963],[-72.368533,-13.444812],[-72.367488,-13.444345],[-72.36709,-13.44412],[-72.366915,-13.443973],[-72.366519,-13.443419],[-72.366369,-13.443249],[-72.366194,-13.443105],[-72.365993,-13.442996],[-72.364517,-13.442372],[-72.364087,-13.442215],[-72.363863,-13.442166],[-72.363406,-13.44212],[-72.362951,-13.442175],[-72.362047,-13.442331],[-72.361821,-13.442302],[-72.361611,-13.442214],[-72.360646,-13.441602],[-72.360465,-13.441463],[-72.360327,-13.441287],[-72.360261,-13.441073],[-72.360264,-13.440849],[-72.360504,-13.440213],[-72.36055,-13.439992],[-72.360533,-13.439768],[-72.360445,-13.439561],[-72.360284,-13.439404],[-72.360066,-13.439337],[-72.359839,-13.439337],[-72.359619,-13.4394],[-72.347971,-13.443581],[-72.347521,-13.443664],[-72.347292,-13.443676],[-72.347064,-13.44366],[-72.345487,-13.443356],[-72.345031,-13.44331],[-72.342046,-13.44331],[-72.341819,-13.443287],[-72.341148,-13.443132],[-72.340281,-13.442836],[-72.339829,-13.442761],[-72.3396,-13.44278],[-72.339379,-13.442841],[-72.335932,-13.444091],[-72.33548,-13.44416],[-72.334796,-13.444082],[-72.334351,-13.443973],[-72.333933,-13.443787],[-72.332958,-13.44319],[-72.332754,-13.443087],[-72.332536,-13.443022],[-72.332308,-13.443],[-72.33208,-13.443014],[-72.331856,-13.443062],[-72.331459,-13.443286],[-72.331119,-13.443589],[-72.330931,-13.443719],[-72.330502,-13.443877],[-72.330277,-13.443921],[-72.330048,-13.44392],[-72.329822,-13.443882],[-72.329606,-13.44381],[-72.327293,-13.442813],[-72.326838,-13.442763],[-72.32661,-13.442787],[-72.326168,-13.442907],[-72.32596,-13.442999],[-72.325771,-13.443128],[-72.325606,-13.443284],[-72.32359,-13.445749],[-72.323428,-13.445908],[-72.323249,-13.446049],[-72.322845,-13.446263],[-72.321121,-13.446885],[-72.320916,-13.446988],[-72.320545,-13.447252],[-72.319188,-13.449074],[-72.318889,-13.449417],[-72.318729,-13.449578],[-72.318549,-13.449719],[-72.317951,-13.450055],[-72.31525,-13.451304],[-72.313332,-13.45206],[-72.305396,-13.455045],[-72.303028,-13.455911],[-72.302391,-13.456167],[-72.292073,-13.459981],[-72.290114,-13.461157],[-72.289513,-13.461488],[-72.287655,-13.462379],[-72.285979,-13.463119],[-72.285791,-13.463246],[-72.285643,-13.463415],[-72.285533,-13.463613],[-72.283316,-13.46858],[-72.283115,-13.468987],[-72.282979,-13.469165],[-72.281817,-13.470257],[-72.279163,-13.473377],[-72.278368,-13.474192],[-72.274866,-13.477455],[-72.274514,-13.477745],[-72.273759,-13.47826],[-72.273363,-13.478489],[-72.272947,-13.478679],[-72.271655,-13.479151],[-72.252717,-13.485404],[-72.251641,-13.485798],[-72.249016,-13.486622],[-72.240536,-13.489454],[-72.238574,-13.490092],[-72.235906,-13.490771],[-72.234359,-13.491198],[-72.231757,-13.492091],[-72.228586,-13.493411],[-72.22792,-13.493585],[-72.224281,-13.494076],[-72.22406,-13.494137],[-72.223845,-13.494216],[-72.223443,-13.494433],[-72.221623,-13.495811],[-72.221229,-13.496041],[-72.221022,-13.496139],[-72.22059,-13.49629],[-72.219256,-13.496628],[-72.219029,-13.49665],[-72.215355,-13.49665],[-72.213301,-13.496865],[-72.21057,-13.497223],[-72.202819,-13.498136],[-72.198931,-13.498476],[-72.196212,-13.498912],[-72.193274,-13.499429],[-72.193044,-13.49943],[-72.192818,-13.499398],[-72.192599,-13.499334],[-72.19218,-13.49915],[-72.191959,-13.49909],[-72.191271,-13.499074],[-72.186933,-13.498617],[-72.186024,-13.498491],[-72.185358,-13.49832],[-72.184922,-13.498177],[-72.184287,-13.497918],[-72.181091,-13.496134],[-72.177524,-13.494079],[-72.172768,-13.490915],[-72.172055,-13.490345],[-72.169644,-13.487924],[-72.168804,-13.487154],[-72.167026,-13.485387],[-72.164087,-13.482526],[-72.16288,-13.481164],[-72.161868,-13.479934],[-72.16131,-13.479216],[-72.158676,-13.47608],[-72.155801,-13.472555],[-72.155161,-13.471616],[-72.152178,-13.466788],[-72.150361,-13.463644],[-72.149931,-13.463115],[-72.14977,-13.462954],[-72.149583,-13.462827],[-72.149161,-13.46265],[-72.14894,-13.46259],[-72.148712,-13.462596],[-72.146128,-13.463535],[-72.145275,-13.46387],[-72.14247,-13.464874],[-72.140541,-13.465604],[-72.139561,-13.466191],[-72.137686,-13.467857],[-72.13182,-13.473265],[-72.13129,-13.473697],[-72.130731,-13.474095],[-72.12877,-13.47527],[-72.127948,-13.475674],[-72.127299,-13.4759],[-72.126859,-13.476027],[-72.123957,-13.476716],[-72.123059,-13.476906],[-72.122147,-13.47701],[-72.12054,-13.477028],[-72.119853,-13.477073],[-72.118957,-13.477266],[-72.118519,-13.477403],[-72.117884,-13.477664],[-72.117481,-13.477879],[-72.116711,-13.478373],[-72.113741,-13.480502],[-72.113156,-13.480857],[-72.112735,-13.481038],[-72.112288,-13.481137],[-72.11206,-13.48116],[-72.109768,-13.481299],[-72.10908,-13.48131],[-72.108393,-13.481262],[-72.107261,-13.481075],[-72.105662,-13.480917],[-72.105216,-13.480812],[-72.104999,-13.480739],[-72.10138,-13.4793],[-72.100735,-13.479062],[-72.099849,-13.478826],[-72.099176,-13.478682],[-72.097141,-13.478326],[-72.096458,-13.478238],[-72.096,-13.478209],[-72.095542,-13.478224],[-72.094636,-13.478371],[-72.091945,-13.47895],[-72.089247,-13.479498],[-72.08723,-13.47994],[-72.085473,-13.480468],[-72.081766,-13.481669],[-72.080075,-13.482375],[-72.073777,-13.485123],[-72.062486,-13.48959],[-72.06182,-13.489763],[-72.061139,-13.489861],[-72.060451,-13.48987],[-72.059536,-13.489796],[-72.058404,-13.489613],[-72.057947,-13.489571],[-72.057717,-13.489577],[-72.057491,-13.489609],[-72.057046,-13.489721],[-72.055754,-13.490193],[-72.055533,-13.490254],[-72.055305,-13.490274],[-72.055079,-13.490248],[-72.054859,-13.490185],[-72.054654,-13.490085],[-72.053934,-13.489524],[-72.053721,-13.489446],[-72.053496,-13.489404],[-72.053267,-13.489413],[-72.053045,-13.489471],[-72.052853,-13.489589],[-72.050606,-13.491524],[-72.050047,-13.49192],[-72.049652,-13.492149],[-72.044618,-13.494356],[-72.042976,-13.495167],[-72.042141,-13.49554],[-72.038993,-13.496179],[-72.03855,-13.496296],[-72.038119,-13.496452],[-72.032771,-13.499063],[-72.032409,-13.499341],[-72.032108,-13.499682],[-72.031257,-13.501024],[-72.031068,-13.501435],[-72.030675,-13.502735],[-72.030557,-13.503172],[-72.030506,-13.50362],[-72.030444,-13.503835],[-72.03029,-13.503998],[-72.030074,-13.50407],[-72.029852,-13.504025],[-72.029685,-13.503873],[-72.028867,-13.502511],[-72.028737,-13.502327],[-72.02856,-13.502186],[-72.028337,-13.502138],[-72.028108,-13.502133],[-72.026732,-13.502192],[-72.026503,-13.502207],[-72.026278,-13.502251],[-72.026087,-13.502374],[-72.025462,-13.50332],[-72.02527,-13.50343],[-72.025057,-13.503358],[-72.024683,-13.503097],[-72.02446,-13.503053],[-72.024233,-13.503077],[-72.024033,-13.503185],[-72.023878,-13.503349],[-72.023785,-13.503555],[-72.023715,-13.50423],[-72.023673,-13.504907],[-72.023645,-13.505131],[-72.023577,-13.505346],[-72.023456,-13.505538],[-72.023308,-13.50571],[-72.022971,-13.506017],[-72.022788,-13.506151],[-72.022576,-13.506234],[-72.02235,-13.506237],[-72.022136,-13.50616],[-72.021952,-13.506028],[-72.019616,-13.503855],[-72.018387,-13.503243],[-72.018173,-13.503163],[-72.017951,-13.50311],[-72.017723,-13.503085],[-72.017494,-13.503085],[-72.017267,-13.503116],[-72.017045,-13.503174],[-72.016631,-13.503366],[-72.011726,-13.506718],[-72.011332,-13.506948],[-72.010903,-13.507108],[-72.010677,-13.507143],[-72.010448,-13.507157],[-72.009761,-13.507111],[-72.009532,-13.507118],[-72.009323,-13.507203],[-72.009183,-13.507378],[-72.009144,-13.507598],[-72.00924,-13.508268],[-72.009126,-13.508451],[-72.008914,-13.508485],[-72.00875,-13.508339],[-72.008509,-13.507704],[-72.0084,-13.507506],[-72.00824,-13.507345],[-72.008041,-13.507237],[-72.007815,-13.507229],[-72.00759,-13.507273],[-72.004975,-13.508127],[-72.004748,-13.508127],[-72.004532,-13.508052],[-72.003493,-13.507571],[-72.003267,-13.50753],[-72.002809,-13.507551],[-72.002126,-13.507641],[-72.001897,-13.507649],[-72.001439,-13.507624],[-72.000988,-13.507542],[-72.000321,-13.507371],[-71.999868,-13.507308],[-71.996433,-13.507525],[-71.996204,-13.5075],[-71.995758,-13.507396],[-71.995094,-13.507215],[-71.994439,-13.507006],[-71.994211,-13.506998],[-71.993997,-13.507072],[-71.993826,-13.507219],[-71.993712,-13.507414],[-71.992529,-13.510838],[-71.992471,-13.511056],[-71.99245,-13.511959],[-71.992397,-13.512177],[-71.992264,-13.51236],[-71.991739,-13.512798],[-71.991584,-13.512964],[-71.991466,-13.513156],[-71.991402,-13.513373],[-71.991397,-13.513598],[-71.991568,-13.515853],[-71.991646,-13.516061],[-71.991808,-13.51622],[-71.992026,-13.516277],[-71.992944,-13.516253],[-71.993172,-13.516272],[-71.993375,-13.516366],[-71.993549,-13.51651],[-71.99367,-13.516701],[-71.993761,-13.516908],[-71.993881,-13.517344],[-71.99397,-13.51755],[-71.994151,-13.517682],[-71.994377,-13.517688],[-71.995019,-13.517448],[-71.995243,-13.517398],[-71.99545,-13.517451],[-71.995517,-13.517661],[-71.99545,-13.517874],[-71.994682,-13.519],[-71.994444,-13.519387],[-71.993965,-13.520414],[-71.993883,-13.520625],[-71.993845,-13.520846],[-71.993907,-13.521061],[-71.994042,-13.521243],[-71.994683,-13.52189],[-71.995184,-13.522353],[-71.995387,-13.522458],[-71.996916,-13.522941],[-71.997094,-13.52308],[-71.997136,-13.523296],[-71.997051,-13.523503],[-71.99687,-13.52363],[-71.996643,-13.523631],[-71.996191,-13.523555],[-71.995733,-13.523533],[-71.994825,-13.523665],[-71.994596,-13.523657],[-71.99393,-13.523491],[-71.993702,-13.523474],[-71.993474,-13.523494],[-71.993264,-13.52358],[-71.993085,-13.523719],[-71.992938,-13.523893],[-71.991969,-13.525156],[-71.990111,-13.527455],[-71.989665,-13.527971],[-71.989441,-13.528006],[-71.989233,-13.527917],[-71.989125,-13.527729],[-71.989153,-13.527507],[-71.989585,-13.526219],[-71.989632,-13.526],[-71.989608,-13.525776],[-71.989477,-13.525591],[-71.989288,-13.525468],[-71.989072,-13.525391],[-71.988847,-13.525412],[-71.987767,-13.525797],[-71.987571,-13.525907],[-71.981928,-13.527824],[-71.981723,-13.527922],[-71.981547,-13.528065],[-71.981275,-13.528425],[-71.981063,-13.52851],[-71.979503,-13.52889],[-71.979356,-13.528991],[-71.979626,-13.530321],[-71.980033,-13.531852],[-71.980241,-13.532499],[-71.980609,-13.533325],[-71.980656,-13.533546],[-71.980793,-13.534668],[-71.98079,-13.534894],[-71.980713,-13.535106],[-71.980389,-13.535703],[-71.980189,-13.535658],[-71.979448,-13.535124],[-71.973563,-13.530793],[-71.973393,-13.530643],[-71.973188,-13.530545],[-71.972511,-13.530426],[-71.972296,-13.530348],[-71.9721,-13.530232],[-71.97174,-13.529951],[-71.971594,-13.529778],[-71.97148,-13.529583],[-71.971387,-13.529376],[-71.971358,-13.529154],[-71.971416,-13.528707],[-71.971817,-13.527649],[-71.971857,-13.527428],[-71.971827,-13.527207],[-71.971652,-13.527293],[-71.970971,-13.527899],[-71.970822,-13.528068],[-71.969547,-13.530214],[-71.968944,-13.531176],[-71.968842,-13.531378],[-71.968732,-13.53181],[-71.968416,-13.532128],[-71.968167,-13.532508],[-71.968198,-13.532675],[-71.968394,-13.532783],[-71.968421,-13.532979]]}}]}