{"type":"FeatureCollection","features":[{"type":"Feature","properties":{"fuente":"OpenStreetMap 2026-10-02 (recorrido.py)","pasos":[{"accion":"inicio","via":"Carretera Panamericana Sur","m":42390},{"accion":"sigue","via":"Avenida Panamericana Sur","m":4042},{"accion":"sigue","via":"","m":588},{"accion":"sigue","via":"Avenida Panamericana Sur","m":925},{"accion":"sigue","via":"Carretera Panamericana Sur","m":2566},{"accion":"sigue","via":"Cristobal de Peralta Sur","m":66},{"accion":"sigue","via":"Carretera Panamericana Sur","m":3664},{"accion":"sigue","via":"Vía de Evitamiento","m":60},{"accion":"sigue","via":"","m":209},{"accion":"sigue","via":"Avenida Javier Prado Este","m":4473},{"accion":"sigue","via":"","m":207},{"accion":"sigue","via":"Vía Expresa Luis Fernán Bedoya Reyes","m":2639},{"accion":"sigue","via":"","m":156},{"accion":"sigue","via":"Avenida Paseo de la República","m":177}],"sin_calle":1,"fuera":[957395,0]},"geometry":{"type":"LineString","coordinates":[[-71.54416,-16.421901],[-71.544069,-16.421746],[-71.544245,-16.421617],[-71.544576,-16.421927],[-71.548993,-16.417972],[-71.554223,-16.413219],[-71.556206,-16.411335],[-71.558568,-16.409189],[-71.559262,-16.408596],[-71.559804,-16.408178],[-71.56019,-16.407934],[-71.561807,-16.407076],[-71.563455,-16.406278],[-71.566918,-16.404504],[-71.567572,-16.404293],[-71.568023,-16.404212],[-71.568252,-16.404197],[-71.568711,-16.404206],[-71.580612,-16.405137],[-71.582904,-16.40527],[-71.587022,-16.405621],[-71.588397,-16.40567],[-71.588839,-16.405782],[-71.589981,-16.405898],[-71.600968,-16.406738],[-71.603708,-16.407022],[-71.619529,-16.409804],[-71.621349,-16.410051],[-71.631072,-16.411735],[-71.635141,-16.41245],[-71.63581,-16.412608],[-71.636902,-16.412955],[-71.637928,-16.413462],[-71.638515,-16.413817],[-71.646274,-16.419828],[-71.646751,-16.420316],[-71.6469,-16.420488],[-71.647164,-16.420858],[-71.647805,-16.422058],[-71.648411,-16.423276],[-71.648524,-16.423714],[-71.648521,-16.424166],[-71.648227,-16.426864],[-71.648234,-16.427089],[-71.648328,-16.427291],[-71.648501,-16.427435],[-71.648724,-16.427472],[-71.648945,-16.427417],[-71.650204,-16.426866],[-71.650429,-16.426835],[-71.650656,-16.426871],[-71.650833,-16.427013],[-71.650993,-16.427176],[-71.651179,-16.427295],[-71.651407,-16.427315],[-71.651635,-16.427292],[-71.652772,-16.427134],[-71.652996,-16.427088],[-71.653203,-16.426997],[-71.653395,-16.426873],[-71.653879,-16.426391],[-71.654074,-16.426278],[-71.654301,-16.426252],[-71.654988,-16.4263],[-71.655901,-16.426401],[-71.656128,-16.426387],[-71.65631,-16.426257],[-71.65643,-16.426066],[-71.656597,-16.42565],[-71.656763,-16.4255],[-71.656983,-16.425439],[-71.657208,-16.42548],[-71.657865,-16.425683],[-71.65809,-16.425726],[-71.658318,-16.425711],[-71.6603,-16.425137],[-71.660748,-16.425038],[-71.661202,-16.424979],[-71.662579,-16.425035],[-71.665326,-16.425242],[-71.665555,-16.425234],[-71.666684,-16.425033],[-71.669438,-16.425101],[-71.669666,-16.425122],[-71.669875,-16.425212],[-71.67101,-16.42598],[-71.671215,-16.426081],[-71.67144,-16.426118],[-71.672127,-16.426077],[-71.674633,-16.425766],[-71.674862,-16.425767],[-71.675086,-16.425809],[-71.675525,-16.425942],[-71.675745,-16.425982],[-71.675941,-16.425874],[-71.676764,-16.424786],[-71.677096,-16.42448],[-71.677307,-16.424397],[-71.677534,-16.424362],[-71.678451,-16.424351],[-71.67911,-16.424163],[-71.679744,-16.423895],[-71.680346,-16.423567],[-71.681307,-16.422949],[-71.681821,-16.422498],[-71.682604,-16.421671],[-71.682779,-16.421526],[-71.682985,-16.421429],[-71.683208,-16.421379],[-71.683667,-16.421403],[-71.683896,-16.421393],[-71.684111,-16.421317],[-71.684307,-16.4212],[-71.685806,-16.420155],[-71.685972,-16.420003],[-71.686068,-16.419801],[-71.686202,-16.418907],[-71.686268,-16.418692],[-71.686416,-16.418523],[-71.686602,-16.418394],[-71.686819,-16.418324],[-71.689057,-16.417819],[-71.689286,-16.417829],[-71.689509,-16.417882],[-71.68971,-16.41799],[-71.689873,-16.418145],[-71.68995,-16.418357],[-71.689967,-16.418581],[-71.689666,-16.421278],[-71.689654,-16.421503],[-71.689687,-16.421727],[-71.689762,-16.42194],[-71.689879,-16.422133],[-71.692124,-16.424996],[-71.692231,-16.425195],[-71.692283,-16.425413],[-71.692283,-16.425639],[-71.692233,-16.425858],[-71.691623,-16.427322],[-71.69159,-16.427545],[-71.691623,-16.427768],[-71.692504,-16.429855],[-71.693476,-16.431903],[-71.693611,-16.432334],[-71.69365,-16.432782],[-71.693609,-16.433004],[-71.693537,-16.433219],[-71.688587,-16.446843],[-71.688384,-16.447491],[-71.688386,-16.447712],[-71.688474,-16.447918],[-71.688651,-16.448057],[-71.68887,-16.448114],[-71.689091,-16.44806],[-71.689837,-16.447535],[-71.69003,-16.447413],[-71.690238,-16.44732],[-71.692884,-16.446564],[-71.693107,-16.446513],[-71.693561,-16.446462],[-71.693976,-16.446656],[-71.694172,-16.446772],[-71.694932,-16.447278],[-71.69514,-16.447373],[-71.695359,-16.447442],[-71.696715,-16.447669],[-71.696945,-16.447673],[-71.697403,-16.447647],[-71.697624,-16.447589],[-71.697832,-16.447499],[-71.698206,-16.447239],[-71.698415,-16.447151],[-71.698637,-16.447182],[-71.698765,-16.44736],[-71.698758,-16.447583],[-71.698607,-16.447745],[-71.69839,-16.447814],[-71.697486,-16.447971],[-71.6968,-16.448029],[-71.694277,-16.447922],[-71.69405,-16.447954],[-71.692334,-16.448596],[-71.691741,-16.448939],[-71.691232,-16.449395],[-71.691075,-16.44956],[-71.690397,-16.450471],[-71.690245,-16.45064],[-71.689883,-16.450917],[-71.689304,-16.451283],[-71.689141,-16.45144],[-71.689026,-16.451633],[-71.688953,-16.451848],[-71.688717,-16.452721],[-71.688677,-16.452944],[-71.688678,-16.453169],[-71.689057,-16.455628],[-71.689463,-16.457853],[-71.68961,-16.458515],[-71.689679,-16.458731],[-71.689787,-16.45893],[-71.689924,-16.459109],[-71.6938,-16.463278],[-71.693939,-16.463458],[-71.694063,-16.463646],[-71.694131,-16.463862],[-71.69435,-16.464972],[-71.694415,-16.465187],[-71.694588,-16.465606],[-71.695208,-16.466817],[-71.695278,-16.467032],[-71.695312,-16.467255],[-71.695339,-16.46748],[-71.695328,-16.467704],[-71.695225,-16.468143],[-71.695137,-16.468352],[-71.694563,-16.469055],[-71.693939,-16.469715],[-71.69373,-16.469809],[-71.693511,-16.469872],[-71.69306,-16.469953],[-71.692835,-16.469937],[-71.692638,-16.469832],[-71.69246,-16.469689],[-71.691802,-16.469058],[-71.691584,-16.469027],[-71.691395,-16.469123],[-71.691351,-16.469341],[-71.691444,-16.469544],[-71.692464,-16.470454],[-71.692671,-16.470526],[-71.693584,-16.470621],[-71.694041,-16.470584],[-71.696893,-16.469719],[-71.697808,-16.469656],[-71.699415,-16.46967],[-71.699639,-16.469716],[-71.699851,-16.469798],[-71.703482,-16.471739],[-71.703697,-16.471817],[-71.703922,-16.471864],[-71.705057,-16.472027],[-71.705499,-16.472148],[-71.707269,-16.473197],[-71.707476,-16.473294],[-71.711435,-16.474463],[-71.711868,-16.474612],[-71.71229,-16.47479],[-71.713523,-16.475394],[-71.713907,-16.475641],[-71.714059,-16.47581],[-71.714169,-16.476005],[-71.714244,-16.476218],[-71.714287,-16.47644],[-71.714649,-16.479129],[-71.714836,-16.480929],[-71.714822,-16.481153],[-71.714774,-16.481373],[-71.71443,-16.482452],[-71.714387,-16.482673],[-71.714101,-16.484688],[-71.71377,-16.487836],[-71.713773,-16.48874],[-71.713986,-16.491898],[-71.714348,-16.49297],[-71.714438,-16.493178],[-71.716241,-16.496838],[-71.716659,-16.497378],[-71.717126,-16.497876],[-71.718775,-16.499449],[-71.718916,-16.499627],[-71.719046,-16.499813],[-71.720411,-16.50217],[-71.720681,-16.502535],[-71.720837,-16.502701],[-71.723464,-16.504893],[-71.723839,-16.505154],[-71.727736,-16.507083],[-71.728802,-16.507503],[-71.729243,-16.50763],[-71.729924,-16.507724],[-71.741632,-16.507855],[-71.741859,-16.507883],[-71.742079,-16.507946],[-71.742502,-16.50812],[-71.742699,-16.508235],[-71.743059,-16.508515],[-71.743218,-16.508678],[-71.74348,-16.509047],[-71.74906,-16.520954],[-71.749209,-16.521382],[-71.749366,-16.522042],[-71.749708,-16.525643],[-71.749777,-16.525858],[-71.749896,-16.526051],[-71.750211,-16.526376],[-71.750424,-16.526462],[-71.75087,-16.52656],[-71.751784,-16.526641],[-71.752242,-16.52661],[-71.752469,-16.526574],[-71.754217,-16.526019],[-71.754444,-16.525986],[-71.754673,-16.525991],[-71.755101,-16.526151],[-71.755284,-16.526281],[-71.755597,-16.526612],[-71.756898,-16.528193],[-71.757068,-16.528343],[-71.757248,-16.528484],[-71.757661,-16.52868],[-71.757881,-16.528742],[-71.758108,-16.528774],[-71.779459,-16.528994],[-71.779685,-16.528966],[-71.780137,-16.528882],[-71.780357,-16.528819],[-71.780795,-16.528683],[-71.781215,-16.528502],[-71.781604,-16.528264],[-71.784002,-16.526931],[-71.789354,-16.523851],[-71.817355,-16.507853],[-71.824716,-16.503677],[-71.834725,-16.497694],[-71.836697,-16.496536],[-71.840415,-16.494289],[-71.840828,-16.494091],[-71.841479,-16.493872],[-71.842378,-16.493692],[-71.862376,-16.490855],[-71.862834,-16.490834],[-71.863519,-16.490904],[-71.864641,-16.491144],[-71.865093,-16.49122],[-71.865552,-16.49124],[-71.866009,-16.491203],[-71.866904,-16.491],[-71.867131,-16.49097],[-71.86736,-16.490951],[-71.867587,-16.490981],[-71.868032,-16.491086],[-71.868843,-16.49151],[-71.869259,-16.491701],[-71.869691,-16.491855],[-71.869917,-16.491883],[-71.870146,-16.491895],[-71.872898,-16.491759],[-71.873357,-16.491756],[-71.874263,-16.491901],[-71.874719,-16.491945],[-71.875173,-16.49189],[-71.875615,-16.491766],[-71.876695,-16.491382],[-71.876895,-16.491271],[-71.877236,-16.490972],[-71.877705,-16.490477],[-71.877881,-16.490333],[-71.878085,-16.490228],[-71.878514,-16.490071],[-71.879409,-16.489872],[-71.879839,-16.489714],[-71.88169,-16.48881],[-71.881904,-16.48873],[-71.882123,-16.488665],[-71.882582,-16.488647],[-71.88395,-16.488798],[-71.884179,-16.488792],[-71.884398,-16.488734],[-71.884593,-16.488626],[-71.884722,-16.488439],[-71.885258,-16.48719],[-71.885475,-16.486792],[-71.885814,-16.486487],[-71.886186,-16.486225],[-71.888027,-16.485302],[-71.888219,-16.485177],[-71.888379,-16.48502],[-71.888505,-16.484832],[-71.888589,-16.484623],[-71.88866,-16.484176],[-71.888748,-16.483276],[-71.888799,-16.483055],[-71.88889,-16.482852],[-71.88902,-16.482666],[-71.889201,-16.482526],[-71.889406,-16.482431],[-71.889628,-16.482385],[-71.889856,-16.482389],[-71.890077,-16.482448],[-71.890278,-16.482558],[-71.890462,-16.482689],[-71.89062,-16.482853],[-71.891358,-16.483717],[-71.891556,-16.483832],[-71.891774,-16.483898],[-71.892001,-16.483913],[-71.892228,-16.483882],[-71.892441,-16.483803],[-71.89264,-16.483692],[-71.897095,-16.480499],[-71.897308,-16.480414],[-71.897532,-16.48037],[-71.897761,-16.48037],[-71.898201,-16.480492],[-71.898398,-16.480609],[-71.899525,-16.481388],[-71.899728,-16.481493],[-71.900155,-16.481657],[-71.900382,-16.481694],[-71.900839,-16.481725],[-71.902676,-16.481746],[-71.904282,-16.481701],[-71.904955,-16.481557],[-71.906258,-16.481117],[-71.909489,-16.479943],[-71.909698,-16.47985],[-71.909891,-16.47973],[-71.910222,-16.479417],[-71.911191,-16.478155],[-71.911346,-16.477989],[-71.911721,-16.477729],[-71.911922,-16.477622],[-71.914011,-16.476686],[-71.914195,-16.476551],[-71.914663,-16.476057],[-71.914846,-16.475919],[-71.915443,-16.475583],[-71.916009,-16.475195],[-71.916185,-16.475053],[-71.916332,-16.47488],[-71.916551,-16.474237],[-71.916722,-16.473817],[-71.917857,-16.472397],[-71.918159,-16.472057],[-71.919655,-16.471009],[-71.920073,-16.470825],[-71.920294,-16.470764],[-71.921439,-16.470685],[-71.921887,-16.470587],[-71.923425,-16.470129],[-71.92364,-16.470049],[-71.924038,-16.469824],[-71.924871,-16.469049],[-71.929308,-16.464469],[-71.929682,-16.464208],[-71.929886,-16.464106],[-71.930103,-16.464032],[-71.930322,-16.463968],[-71.930549,-16.463937],[-71.931006,-16.463959],[-71.931228,-16.464017],[-71.933072,-16.464936],[-71.936116,-16.466521],[-71.936947,-16.466903],[-71.937388,-16.46703],[-71.937842,-16.467096],[-71.939218,-16.467049],[-71.939439,-16.467101],[-71.939601,-16.467255],[-71.939657,-16.467469],[-71.939649,-16.467695],[-71.939685,-16.467915],[-71.939798,-16.468111],[-71.940273,-16.468601],[-71.940664,-16.468838],[-71.94088,-16.468895],[-71.941561,-16.468807],[-71.941787,-16.468826],[-71.941968,-16.468953],[-71.942067,-16.469155],[-71.942108,-16.469602],[-71.942202,-16.469804],[-71.942702,-16.470269],[-71.942898,-16.470383],[-71.943123,-16.470408],[-71.943326,-16.47032],[-71.943443,-16.470129],[-71.943459,-16.469905],[-71.943445,-16.469679],[-71.943491,-16.46946],[-71.94363,-16.469283],[-71.943838,-16.469201],[-71.944063,-16.469222],[-71.94426,-16.469328],[-71.944394,-16.469508],[-71.944928,-16.471473],[-71.945019,-16.47168],[-71.945139,-16.471872],[-71.945283,-16.472046],[-71.945462,-16.472188],[-71.945662,-16.47229],[-71.94612,-16.472315],[-71.946326,-16.472402],[-71.947022,-16.473299],[-71.947379,-16.473581],[-71.947796,-16.473769],[-71.948245,-16.47386],[-71.949157,-16.473964],[-71.949384,-16.473962],[-71.949586,-16.473867],[-71.949743,-16.473702],[-71.952101,-16.469561],[-71.953281,-16.467363],[-71.95408,-16.465989],[-71.954166,-16.465781],[-71.954201,-16.46556],[-71.954196,-16.465108],[-71.953482,-16.460641],[-71.953454,-16.460192],[-71.953517,-16.459976],[-71.953635,-16.459785],[-71.953919,-16.459429],[-71.954014,-16.459224],[-71.954055,-16.459002],[-71.954055,-16.458324],[-71.954199,-16.457897],[-71.954398,-16.45749],[-71.954538,-16.45706],[-71.954585,-16.456839],[-71.954624,-16.456616],[-71.954625,-16.456165],[-71.954433,-16.455051],[-71.954411,-16.454826],[-71.954439,-16.454602],[-71.954513,-16.454388],[-71.954645,-16.454205],[-71.954813,-16.454051],[-71.955003,-16.453924],[-71.955417,-16.45373],[-71.96026,-16.451657],[-71.962374,-16.450774],[-71.966981,-16.448736],[-71.979842,-16.443277],[-71.980903,-16.442843],[-71.984467,-16.441277],[-71.994357,-16.437025],[-72.013254,-16.428794],[-72.015966,-16.427566],[-72.029618,-16.42163],[-72.069471,-16.40416],[-72.071547,-16.403194],[-72.092287,-16.394037],[-72.115943,-16.383547],[-72.137893,-16.37373],[-72.138508,-16.373425],[-72.138687,-16.373282],[-72.138836,-16.373112],[-72.138929,-16.372907],[-72.138956,-16.372683],[-72.138937,-16.372458],[-72.138856,-16.372251],[-72.138617,-16.371865],[-72.13783,-16.370752],[-72.137679,-16.370583],[-72.137321,-16.3703],[-72.135761,-16.369346],[-72.135198,-16.368956],[-72.13381,-16.367772],[-72.133195,-16.367102],[-72.132606,-16.366132],[-72.132317,-16.365517],[-72.13115,-16.362812],[-72.130411,-16.361156],[-72.130298,-16.360718],[-72.130076,-16.359151],[-72.129958,-16.358714],[-72.129767,-16.358303],[-72.129011,-16.356907],[-72.128936,-16.356693],[-72.12887,-16.356247],[-72.128851,-16.355342],[-72.128825,-16.355119],[-72.12874,-16.354913],[-72.128356,-16.35435],[-72.128126,-16.353959],[-72.127394,-16.352301],[-72.127326,-16.352085],[-72.127249,-16.351641],[-72.127206,-16.350737],[-72.127146,-16.346894],[-72.127153,-16.346216],[-72.127226,-16.34577],[-72.127334,-16.345331],[-72.127887,-16.343606],[-72.127969,-16.343395],[-72.128099,-16.34321],[-72.128268,-16.343062],[-72.129252,-16.34248],[-72.129461,-16.342391],[-72.129688,-16.342373],[-72.130834,-16.34243],[-72.131061,-16.342464],[-72.131285,-16.34251],[-72.132156,-16.342797],[-72.132351,-16.342915],[-72.132527,-16.343057],[-72.132837,-16.343392],[-72.132979,-16.343569],[-72.133216,-16.343955],[-72.133293,-16.344168],[-72.133428,-16.344833],[-72.133544,-16.34527],[-72.133677,-16.345452],[-72.133873,-16.345559],[-72.134099,-16.345556],[-72.134315,-16.345481],[-72.136152,-16.344548],[-72.136367,-16.344471],[-72.136595,-16.344471],[-72.136788,-16.344577],[-72.136921,-16.34476],[-72.136955,-16.344981],[-72.136902,-16.345199],[-72.136463,-16.346242],[-72.136437,-16.346466],[-72.136482,-16.346686],[-72.136625,-16.34686],[-72.138969,-16.348286],[-72.139761,-16.348744],[-72.141669,-16.349525],[-72.142341,-16.349664],[-72.143023,-16.349748],[-72.143663,-16.349997],[-72.143841,-16.350138],[-72.146108,-16.35205],[-72.146741,-16.352705],[-72.147584,-16.353778],[-72.148751,-16.355725],[-72.148883,-16.355908],[-72.149225,-16.356209],[-72.149803,-16.356577],[-72.150144,-16.356878],[-72.150443,-16.357221],[-72.150907,-16.358001],[-72.151437,-16.35874],[-72.152069,-16.359395],[-72.152574,-16.359855],[-72.154062,-16.361864],[-72.154799,-16.362403],[-72.15501,-16.362489],[-72.155208,-16.362603],[-72.163982,-16.367976],[-72.169275,-16.371153],[-72.197018,-16.388016],[-72.198375,-16.388864],[-72.214604,-16.398701],[-72.221625,-16.402996],[-72.234145,-16.41057],[-72.239017,-16.413558],[-72.262269,-16.427686],[-72.271667,-16.433354],[-72.27247,-16.433793],[-72.273315,-16.434145],[-72.273966,-16.434369],[-72.274866,-16.434539],[-72.283501,-16.435768],[-72.286235,-16.436105],[-72.286693,-16.436127],[-72.287149,-16.436076],[-72.287369,-16.436014],[-72.30338,-16.431133],[-72.30491,-16.430649],[-72.305577,-16.430479],[-72.3058,-16.430429],[-72.306718,-16.430392],[-72.307403,-16.430437],[-72.307849,-16.430545],[-72.308287,-16.430681],[-72.308713,-16.430847],[-72.309115,-16.431067],[-72.313796,-16.434338],[-72.333199,-16.448042],[-72.416,-16.506209],[-72.41667,-16.506824],[-72.417061,-16.507383],[-72.418311,-16.510051],[-72.418422,-16.510249],[-72.418776,-16.51083],[-72.419049,-16.511194],[-72.419545,-16.511663],[-72.420105,-16.512057],[-72.420913,-16.512486],[-72.426136,-16.51483],[-72.427003,-16.515127],[-72.427454,-16.515214],[-72.428137,-16.515304],[-72.443924,-16.5166],[-72.445066,-16.516712],[-72.446188,-16.516948],[-72.447284,-16.517287],[-72.503665,-16.5359],[-72.505401,-16.536488],[-72.506292,-16.536707],[-72.51833,-16.538458],[-72.519015,-16.538528],[-72.519244,-16.538543],[-72.519932,-16.538531],[-72.522899,-16.538212],[-72.523358,-16.538212],[-72.524043,-16.538278],[-72.531235,-16.539756],[-72.53212,-16.539996],[-72.533843,-16.540623],[-72.545816,-16.545239],[-72.546692,-16.545508],[-72.547375,-16.545602],[-72.548293,-16.545607],[-72.584763,-16.54403],[-72.586827,-16.543925],[-72.587055,-16.543934],[-72.587736,-16.544033],[-72.588177,-16.544158],[-72.591542,-16.545608],[-72.591974,-16.54576],[-72.592647,-16.545904],[-72.592874,-16.545923],[-72.595628,-16.545853],[-72.596086,-16.54582],[-72.596987,-16.545645],[-72.597216,-16.545643],[-72.597904,-16.54567],[-72.600193,-16.545829],[-72.600632,-16.545961],[-72.601043,-16.546161],[-72.603819,-16.547756],[-72.604574,-16.548271],[-72.608221,-16.551019],[-72.608794,-16.551394],[-72.610003,-16.552045],[-72.614694,-16.554432],[-72.615085,-16.554669],[-72.615448,-16.554945],[-72.615779,-16.555257],[-72.615934,-16.555424],[-72.616762,-16.556508],[-72.616934,-16.556653],[-72.617137,-16.556755],[-72.618222,-16.557124],[-72.618433,-16.557212],[-72.618618,-16.557343],[-72.618721,-16.557544],[-72.618932,-16.558188],[-72.619033,-16.55839],[-72.619165,-16.558574],[-72.622622,-16.561883],[-72.623075,-16.562394],[-72.623759,-16.563301],[-72.624059,-16.563643],[-72.625458,-16.564815],[-72.625626,-16.564968],[-72.625773,-16.565139],[-72.625859,-16.565348],[-72.625899,-16.565569],[-72.6258,-16.566466],[-72.625825,-16.56669],[-72.625921,-16.566894],[-72.62606,-16.567072],[-72.626229,-16.567226],[-72.626959,-16.567774],[-72.627104,-16.567944],[-72.627203,-16.568146],[-72.627251,-16.568367],[-72.62727,-16.568592],[-72.62729,-16.570174],[-72.62737,-16.57062],[-72.627451,-16.570828],[-72.627569,-16.57102],[-72.62773,-16.571182],[-72.62814,-16.571379],[-72.628584,-16.571494],[-72.628793,-16.571584],[-72.628978,-16.571713],[-72.62913,-16.571882],[-72.629729,-16.572846],[-72.629819,-16.573053],[-72.629895,-16.573267],[-72.629906,-16.573492],[-72.629867,-16.573713],[-72.629612,-16.57434],[-72.629546,-16.574555],[-72.629522,-16.57478],[-72.629717,-16.575894],[-72.629776,-16.576109],[-72.629898,-16.5763],[-72.63054,-16.576945],[-72.630666,-16.577132],[-72.630741,-16.577342],[-72.630766,-16.577567],[-72.630738,-16.577792],[-72.630649,-16.578235],[-72.630527,-16.57867],[-72.630335,-16.579079],[-72.629734,-16.580042],[-72.629639,-16.580246],[-72.629586,-16.580464],[-72.62967,-16.582044],[-72.629644,-16.582268],[-72.62958,-16.582485],[-72.629046,-16.583485],[-72.628888,-16.583649],[-72.62853,-16.583932],[-72.628195,-16.584238],[-72.628079,-16.58443],[-72.628017,-16.584648],[-72.627995,-16.584871],[-72.628416,-16.587093],[-72.628625,-16.587493],[-72.628763,-16.587673],[-72.62923,-16.588171],[-72.630979,-16.591607],[-72.631206,-16.592246],[-72.631206,-16.592472],[-72.631095,-16.592909],[-72.631062,-16.593131],[-72.631102,-16.593354],[-72.63119,-16.593557],[-72.631339,-16.593727],[-72.631702,-16.594002],[-72.63187,-16.594155],[-72.632006,-16.594335],[-72.632106,-16.594538],[-72.632173,-16.594753],[-72.632449,-16.59585],[-72.632427,-16.596301],[-72.632254,-16.597874],[-72.632263,-16.598098],[-72.632498,-16.599435],[-72.632546,-16.599884],[-72.632511,-16.600107],[-72.632445,-16.600322],[-72.63217,-16.600943],[-72.632152,-16.60162],[-72.63219,-16.601843],[-72.632196,-16.602065],[-72.631997,-16.602948],[-72.631926,-16.603163],[-72.631815,-16.603359],[-72.631053,-16.604489],[-72.630327,-16.605364],[-72.630103,-16.605757],[-72.629843,-16.606857],[-72.629688,-16.607282],[-72.629486,-16.607688],[-72.629373,-16.608123],[-72.629394,-16.608575],[-72.629457,-16.609022],[-72.629772,-16.60987],[-72.629805,-16.610092],[-72.629776,-16.610316],[-72.629554,-16.610955],[-72.629554,-16.611181],[-72.62959,-16.611404],[-72.629654,-16.61162],[-72.630165,-16.612879],[-72.630417,-16.613255],[-72.630913,-16.613724],[-72.631064,-16.613894],[-72.63118,-16.614086],[-72.631411,-16.614725],[-72.631505,-16.615167],[-72.631534,-16.615391],[-72.631549,-16.615843],[-72.631503,-16.616292],[-72.631187,-16.618074],[-72.631165,-16.618525],[-72.631202,-16.618976],[-72.631319,-16.619412],[-72.632738,-16.622251],[-72.632817,-16.622463],[-72.632891,-16.622909],[-72.632899,-16.62336],[-72.632809,-16.623802],[-72.632656,-16.624228],[-72.625502,-16.640887],[-72.625308,-16.641537],[-72.625267,-16.641759],[-72.625212,-16.642435],[-72.625263,-16.64311],[-72.625502,-16.644904],[-72.625686,-16.64602],[-72.62596,-16.648264],[-72.627189,-16.657455],[-72.627312,-16.65789],[-72.627407,-16.658095],[-72.627532,-16.658285],[-72.627687,-16.65845],[-72.627866,-16.658589],[-72.628062,-16.658707],[-72.628274,-16.658792],[-72.6285,-16.658824],[-72.628959,-16.658812],[-72.631236,-16.658521],[-72.631465,-16.658504],[-72.631693,-16.658524],[-72.631915,-16.658573],[-72.632131,-16.65865],[-72.633391,-16.6592],[-72.633825,-16.659344],[-72.634279,-16.659413],[-72.634737,-16.659437],[-72.635196,-16.659437],[-72.635884,-16.659401],[-72.638623,-16.659108],[-72.638848,-16.659066],[-72.639298,-16.658975],[-72.639516,-16.658908],[-72.640366,-16.658565],[-72.64246,-16.657637],[-72.643102,-16.657391],[-72.643985,-16.657147],[-72.658189,-16.654456],[-72.664283,-16.653335],[-72.671272,-16.65201],[-72.67374,-16.651481],[-72.687338,-16.64818],[-72.687789,-16.648108],[-72.70896,-16.642941],[-72.709374,-16.642747],[-72.709756,-16.642497],[-72.709943,-16.642365],[-72.710254,-16.642033],[-72.71053,-16.641673],[-72.71074,-16.641271],[-72.710901,-16.640848],[-72.710958,-16.640629],[-72.711004,-16.640408],[-72.711429,-16.636815],[-72.712118,-16.630069],[-72.709544,-16.623051],[-72.709448,-16.622846],[-72.709628,-16.622743],[-72.710055,-16.622577],[-72.710174,-16.622453],[-72.709425,-16.620556],[-72.709604,-16.620461],[-72.709456,-16.620526],[-72.702482,-16.603062],[-72.702445,-16.602843],[-72.702421,-16.602167],[-72.7025,-16.601266],[-72.702584,-16.601065],[-72.702702,-16.600872],[-72.70538,-16.595619],[-72.705672,-16.595005],[-72.705838,-16.594584],[-72.70614,-16.593494],[-72.706433,-16.592168],[-72.706907,-16.590188],[-72.707084,-16.589532],[-72.707163,-16.58932],[-72.707303,-16.589141],[-72.707625,-16.588821],[-72.709204,-16.587508],[-72.70994,-16.586966],[-72.71033,-16.586729],[-72.710952,-16.586439],[-72.71161,-16.586242],[-72.711836,-16.5862],[-72.712293,-16.58616],[-72.713209,-16.586209],[-72.714112,-16.586373],[-72.7201,-16.587951],[-72.721451,-16.588216],[-72.721909,-16.58824],[-72.722137,-16.588221],[-72.722359,-16.588162],[-72.722574,-16.588084],[-72.722775,-16.587977],[-72.725073,-16.58648],[-72.725471,-16.586254],[-72.725902,-16.586101],[-72.726584,-16.586003],[-72.729555,-16.585726],[-72.735521,-16.585515],[-72.735976,-16.585565],[-72.736194,-16.585633],[-72.73661,-16.58582],[-72.736796,-16.585952],[-72.737106,-16.586286],[-72.738996,-16.589387],[-72.740086,-16.590842],[-72.743494,-16.595106],[-72.744658,-16.596505],[-72.745399,-16.59704],[-72.746951,-16.598005],[-72.748168,-16.598639],[-72.750226,-16.599643],[-72.75088,-16.599853],[-72.756267,-16.60099],[-72.759191,-16.601584],[-72.760095,-16.601737],[-72.760325,-16.601737],[-72.760551,-16.601702],[-72.760985,-16.601559],[-72.761434,-16.601468],[-72.761892,-16.601447],[-72.76212,-16.601467],[-72.762343,-16.601516],[-72.762549,-16.601611],[-72.763296,-16.602137],[-72.763703,-16.602344],[-72.764353,-16.602571],[-72.766066,-16.603223],[-72.766251,-16.603356],[-72.766399,-16.603528],[-72.767664,-16.605136],[-72.767835,-16.605287],[-72.768027,-16.60541],[-72.768242,-16.605481],[-72.768471,-16.60547],[-72.76869,-16.605408],[-72.768879,-16.605283],[-72.769038,-16.605122],[-72.769476,-16.604598],[-72.769886,-16.604053],[-72.770333,-16.603538],[-72.770991,-16.602907],[-72.771332,-16.602605],[-72.771694,-16.602327],[-72.773027,-16.601443],[-72.780325,-16.596734],[-72.781265,-16.596085],[-72.7829,-16.594841],[-72.783249,-16.594548],[-72.783567,-16.594222],[-72.784392,-16.593137],[-72.785121,-16.592263],[-72.785288,-16.592109],[-72.787077,-16.590692],[-72.793923,-16.585366],[-72.794672,-16.584844],[-72.804936,-16.578839],[-72.805516,-16.578473],[-72.812827,-16.572282],[-72.813214,-16.572039],[-72.813636,-16.571863],[-72.817489,-16.57039],[-72.818532,-16.569917],[-72.831482,-16.56308],[-72.832869,-16.562282],[-72.851168,-16.549782],[-72.852665,-16.548733],[-72.853188,-16.548292],[-72.853507,-16.547968],[-72.853655,-16.547796],[-72.854031,-16.547227],[-72.85501,-16.545183],[-72.85935,-16.536451],[-72.859606,-16.536075],[-72.859768,-16.535916],[-72.85995,-16.53578],[-72.860353,-16.535568],[-72.860795,-16.53545],[-72.861249,-16.53538],[-72.8832,-16.533418],[-72.883659,-16.533425],[-72.883887,-16.53345],[-72.885705,-16.533703],[-72.886159,-16.533648],[-72.886585,-16.533482],[-72.887402,-16.533071],[-72.88798,-16.532702],[-72.88854,-16.532308],[-72.888742,-16.5322],[-72.888956,-16.532123],[-72.889622,-16.531949],[-72.889835,-16.531866],[-72.890026,-16.531743],[-72.890353,-16.531427],[-72.890721,-16.531158],[-72.893093,-16.530307],[-72.893506,-16.53011],[-72.901197,-16.525595],[-72.901831,-16.525334],[-72.90272,-16.525109],[-72.902933,-16.525024],[-72.903925,-16.524456],[-72.904337,-16.524258],[-72.905418,-16.523877],[-72.906486,-16.523464],[-72.906665,-16.523332],[-72.906766,-16.523133],[-72.906974,-16.522254],[-72.907058,-16.522044],[-72.907167,-16.521847],[-72.907311,-16.52167],[-72.908232,-16.520996],[-72.909743,-16.519968],[-72.910616,-16.519234],[-72.911286,-16.518615],[-72.912061,-16.517781],[-72.912184,-16.517592],[-72.91227,-16.517383],[-72.912891,-16.515207],[-72.913062,-16.514788],[-72.913175,-16.514593],[-72.913337,-16.514431],[-72.913515,-16.514292],[-72.913907,-16.514057],[-72.914326,-16.513875],[-72.914548,-16.513825],[-72.914778,-16.513825],[-72.915223,-16.513927],[-72.916305,-16.514305],[-72.916501,-16.514422],[-72.916681,-16.514562],[-72.918064,-16.515752],[-72.918247,-16.515889],[-72.918649,-16.5161],[-72.918874,-16.51615],[-72.919103,-16.516161],[-72.91933,-16.516138],[-72.919552,-16.516086],[-72.92083,-16.515579],[-72.921035,-16.515477],[-72.92142,-16.515232],[-72.92488,-16.512616],[-72.925407,-16.51218],[-72.925564,-16.512019],[-72.925659,-16.511814],[-72.925723,-16.511596],[-72.925774,-16.511376],[-72.92579,-16.511153],[-72.925589,-16.509811],[-72.925573,-16.509586],[-72.925585,-16.50936],[-72.92566,-16.508915],[-72.925933,-16.507816],[-72.926066,-16.507384],[-72.926238,-16.506965],[-72.926462,-16.506571],[-72.926743,-16.506213],[-72.928293,-16.504545],[-72.928582,-16.504194],[-72.9289,-16.503593],[-72.929591,-16.502164],[-72.929672,-16.501953],[-72.929725,-16.501735],[-72.929711,-16.50151],[-72.929635,-16.501065],[-72.929651,-16.500841],[-72.929759,-16.500644],[-72.932066,-16.498128],[-72.932191,-16.497939],[-72.932265,-16.497727],[-72.932417,-16.497066],[-72.932498,-16.496854],[-72.932608,-16.496658],[-72.93289,-16.496302],[-72.935608,-16.493236],[-72.935746,-16.493056],[-72.935871,-16.492867],[-72.935958,-16.492658],[-72.936453,-16.491154],[-72.936693,-16.490769],[-72.936977,-16.490415],[-72.939077,-16.488326],[-72.939255,-16.488183],[-72.93945,-16.488066],[-72.941689,-16.486916],[-72.941904,-16.486838],[-72.942129,-16.486801],[-72.942353,-16.486849],[-72.942549,-16.486963],[-72.942714,-16.48712],[-72.943247,-16.487855],[-72.943401,-16.488022],[-72.943579,-16.488163],[-72.943787,-16.488257],[-72.944009,-16.488312],[-72.944239,-16.488307],[-73.001685,-16.481522],[-73.002143,-16.481501],[-73.002596,-16.481569],[-73.003018,-16.481745],[-73.003391,-16.482005],[-73.003552,-16.482166],[-73.003786,-16.482553],[-73.004406,-16.484013],[-73.004862,-16.484797],[-73.005165,-16.485136],[-73.005513,-16.485431],[-73.005888,-16.48569],[-73.006292,-16.485905],[-73.006503,-16.485994],[-73.006721,-16.486064],[-73.007392,-16.486216],[-73.020562,-16.488157],[-73.02079,-16.488166],[-73.021019,-16.488156],[-73.021244,-16.488119],[-73.021464,-16.488053],[-73.025599,-16.486684],[-73.026262,-16.486501],[-73.040257,-16.483942],[-73.040927,-16.483783],[-73.041354,-16.483617],[-73.04156,-16.48352],[-73.041953,-16.483286],[-73.042131,-16.483144],[-73.043704,-16.481825],[-73.044181,-16.481336],[-73.044321,-16.481157],[-73.044535,-16.480757],[-73.044688,-16.480332],[-73.045363,-16.477469],[-73.045616,-16.476839],[-73.04584,-16.476444],[-73.045973,-16.47626],[-73.046111,-16.476079],[-73.046424,-16.475748],[-73.046981,-16.475352],[-73.047379,-16.475126],[-73.05674,-16.47204],[-73.057405,-16.471865],[-73.057855,-16.471776],[-73.060593,-16.47147],[-73.063099,-16.471162],[-73.063557,-16.471132],[-73.064016,-16.471131],[-73.064929,-16.471221],[-73.065158,-16.471219],[-73.065386,-16.471192],[-73.065823,-16.471055],[-73.066226,-16.47084],[-73.066412,-16.47071],[-73.070277,-16.467166],[-73.070836,-16.466772],[-73.071249,-16.466575],[-73.071462,-16.466493],[-73.083554,-16.46291],[-73.084644,-16.462556],[-73.085892,-16.461982],[-73.087722,-16.461037],[-73.093657,-16.458065],[-73.09408,-16.45789],[-73.097333,-16.456778],[-73.097953,-16.456486],[-73.098323,-16.456218],[-73.098779,-16.455711],[-73.098899,-16.455519],[-73.099989,-16.453528],[-73.100095,-16.453328],[-73.100172,-16.453115],[-73.102533,-16.44461],[-73.102801,-16.44351],[-73.103533,-16.439966],[-73.103692,-16.438846],[-73.103722,-16.437943],[-73.104144,-16.433896],[-73.104119,-16.433445],[-73.103963,-16.432786],[-73.10395,-16.432561],[-73.103977,-16.432338],[-73.104133,-16.431677],[-73.10497,-16.428622],[-73.104981,-16.428172],[-73.104795,-16.425918],[-73.104805,-16.425467],[-73.104864,-16.425249],[-73.105025,-16.424827],[-73.105145,-16.424637],[-73.105299,-16.42447],[-73.106519,-16.42344],[-73.106845,-16.423122],[-73.106986,-16.422945],[-73.108727,-16.420284],[-73.108874,-16.42011],[-73.10904,-16.419957],[-73.109425,-16.419712],[-73.109857,-16.419565],[-73.110315,-16.41954],[-73.110765,-16.419623],[-73.110979,-16.419701],[-73.111181,-16.419808],[-73.112136,-16.420435],[-73.115901,-16.423024],[-73.116417,-16.423472],[-73.116562,-16.423647],[-73.116766,-16.42405],[-73.116836,-16.424265],[-73.116879,-16.424715],[-73.116853,-16.424939],[-73.116527,-16.426023],[-73.116472,-16.426471],[-73.11648,-16.426923],[-73.116448,-16.427144],[-73.116306,-16.427574],[-73.116452,-16.428234],[-73.116476,-16.428456],[-73.11641,-16.428903],[-73.116444,-16.429118],[-73.116665,-16.429513],[-73.116697,-16.429737],[-73.11669,-16.430188],[-73.116601,-16.43086],[-73.116642,-16.431536],[-73.116783,-16.4317],[-73.117186,-16.431914],[-73.117317,-16.432095],[-73.117319,-16.432315],[-73.117168,-16.432742],[-73.117129,-16.432962],[-73.117414,-16.433574],[-73.117457,-16.433796],[-73.117445,-16.434021],[-73.117244,-16.434903],[-73.117271,-16.435124],[-73.117657,-16.435683],[-73.117709,-16.435898],[-73.117671,-16.436117],[-73.117586,-16.436325],[-73.11726,-16.436923],[-73.117178,-16.437133],[-73.117181,-16.437357],[-73.117265,-16.437566],[-73.117421,-16.43773],[-73.117598,-16.437875],[-73.1178,-16.437976],[-73.118024,-16.438022],[-73.118223,-16.438128],[-73.118378,-16.438293],[-73.118797,-16.439098],[-73.118871,-16.439305],[-73.11881,-16.439518],[-73.118661,-16.439683],[-73.117925,-16.440224],[-73.117775,-16.440395],[-73.117652,-16.440585],[-73.117307,-16.441172],[-73.117209,-16.441376],[-73.117019,-16.44226],[-73.116944,-16.442471],[-73.116241,-16.443362],[-73.116052,-16.443772],[-73.116004,-16.443993],[-73.115988,-16.444444],[-73.116054,-16.44489],[-73.116061,-16.445116],[-73.116024,-16.445338],[-73.11572,-16.44619],[-73.115549,-16.447078],[-73.115506,-16.447527],[-73.115547,-16.447977],[-73.115428,-16.448412],[-73.114986,-16.449697],[-73.114726,-16.450325],[-73.11469,-16.450546],[-73.114822,-16.450724],[-73.115032,-16.450813],[-73.11526,-16.450825],[-73.115472,-16.450749],[-73.115673,-16.450639],[-73.115832,-16.450482],[-73.115842,-16.450268],[-73.115622,-16.449879],[-73.115677,-16.449669],[-73.115871,-16.449558],[-73.116993,-16.449323],[-73.117207,-16.449242],[-73.117388,-16.44911],[-73.117508,-16.448924],[-73.11768,-16.44827],[-73.117855,-16.448134],[-73.118081,-16.448108],[-73.118999,-16.448091],[-73.119226,-16.448067],[-73.119444,-16.448004],[-73.119822,-16.447749],[-73.119957,-16.447567],[-73.12006,-16.447367],[-73.120135,-16.447154],[-73.120942,-16.443857],[-73.121071,-16.443423],[-73.121154,-16.443213],[-73.121307,-16.443048],[-73.121493,-16.442916],[-73.121698,-16.442817],[-73.121914,-16.442742],[-73.126118,-16.441597],[-73.126346,-16.441572],[-73.126573,-16.441582],[-73.127241,-16.441734],[-73.127456,-16.44167],[-73.127593,-16.441495],[-73.127781,-16.441084],[-73.127952,-16.440941],[-73.128166,-16.440879],[-73.128394,-16.440886],[-73.129528,-16.441061],[-73.129757,-16.441063],[-73.130444,-16.441016],[-73.130895,-16.440939],[-73.131288,-16.440711],[-73.13245,-16.439617],[-73.132769,-16.439292],[-73.133007,-16.438907],[-73.133803,-16.437277],[-73.133883,-16.437066],[-73.133861,-16.436845],[-73.133729,-16.43666],[-73.132587,-16.435546],[-73.13244,-16.435376],[-73.132409,-16.43516],[-73.132529,-16.434973],[-73.133526,-16.434036],[-73.133656,-16.433851],[-73.133688,-16.43363],[-73.133613,-16.433417],[-73.133293,-16.432816],[-73.133134,-16.432392],[-73.133085,-16.432173],[-73.133072,-16.431948],[-73.133127,-16.431731],[-73.133271,-16.431564],[-73.133486,-16.431498],[-73.133703,-16.431546],[-73.133878,-16.43169],[-73.134122,-16.432072],[-73.13432,-16.432166],[-73.134544,-16.43212],[-73.134967,-16.431947],[-73.136152,-16.431254],[-73.136573,-16.431074],[-73.137008,-16.430931],[-73.138116,-16.430634],[-73.138545,-16.430476],[-73.139017,-16.429984],[-73.14017,-16.428575],[-73.140343,-16.428429],[-73.140545,-16.428322],[-73.140764,-16.42826],[-73.141222,-16.428231],[-73.141447,-16.428193],[-73.141659,-16.428108],[-73.145614,-16.425809],[-73.1458,-16.425678],[-73.145957,-16.425523],[-73.145948,-16.425308],[-73.145789,-16.425148],[-73.145423,-16.424876],[-73.14526,-16.424722],[-73.145205,-16.424508],[-73.145328,-16.424341],[-73.14555,-16.4243],[-73.146689,-16.424432],[-73.146907,-16.424379],[-73.147027,-16.424195],[-73.146956,-16.423981],[-73.146461,-16.423515],[-73.146373,-16.423309],[-73.146396,-16.423089],[-73.146554,-16.422937],[-73.146777,-16.422927],[-73.14744,-16.423112],[-73.147635,-16.423228],[-73.148898,-16.424541],[-73.149194,-16.424886],[-73.149737,-16.425616],[-73.149831,-16.425817],[-73.149839,-16.426038],[-73.149698,-16.426214],[-73.149336,-16.426486],[-73.149284,-16.426699],[-73.149482,-16.427809],[-73.149546,-16.428025],[-73.149709,-16.428172],[-73.149934,-16.428178],[-73.150115,-16.428049],[-73.150618,-16.427586],[-73.150744,-16.4274],[-73.150878,-16.426967],[-73.151166,-16.426618],[-73.151344,-16.426478],[-73.151918,-16.426111],[-73.15199,-16.425917],[-73.151829,-16.425497],[-73.151835,-16.425276],[-73.151965,-16.425106],[-73.152187,-16.425085],[-73.152614,-16.425247],[-73.152837,-16.425231],[-73.153016,-16.425096],[-73.153828,-16.424297],[-73.154497,-16.423678],[-73.154819,-16.423356],[-73.155115,-16.42301],[-73.155864,-16.421359],[-73.156073,-16.420957],[-73.156831,-16.420112],[-73.156994,-16.41969],[-73.157037,-16.419468],[-73.157058,-16.419244],[-73.157,-16.418796],[-73.157072,-16.418595],[-73.157273,-16.41849],[-73.158353,-16.418106],[-73.1592,-16.417757],[-73.161187,-16.417199],[-73.161864,-16.417078],[-73.162552,-16.417094],[-73.162781,-16.417076],[-73.162994,-16.416999],[-73.163551,-16.416601],[-73.163754,-16.416497],[-73.163976,-16.416441],[-73.164664,-16.416409],[-73.165342,-16.416293],[-73.167168,-16.416109],[-73.168073,-16.416235],[-73.168297,-16.416186],[-73.169125,-16.415795],[-73.169352,-16.415764],[-73.169579,-16.415752],[-73.169806,-16.415785],[-73.170018,-16.415866],[-73.17099,-16.416466],[-73.171404,-16.416658],[-73.171628,-16.416709],[-73.171854,-16.416739],[-73.17392,-16.416707],[-73.175065,-16.416632],[-73.175283,-16.416576],[-73.175482,-16.416467],[-73.175851,-16.416198],[-73.176242,-16.415961],[-73.177467,-16.415342],[-73.177689,-16.415286],[-73.178602,-16.415189],[-73.178831,-16.415193],[-73.17927,-16.415323],[-73.179495,-16.415336],[-73.179676,-16.415214],[-73.180069,-16.414657],[-73.180516,-16.414142],[-73.180867,-16.413851],[-73.18102,-16.413684],[-73.181353,-16.413093],[-73.181667,-16.412763],[-73.182002,-16.412454],[-73.182192,-16.41233],[-73.18241,-16.412277],[-73.182637,-16.412284],[-73.1833,-16.412467],[-73.183526,-16.412499],[-73.183939,-16.412305],[-73.184164,-16.412266],[-73.184611,-16.412361],[-73.184822,-16.412447],[-73.184992,-16.412595],[-73.185418,-16.413128],[-73.185741,-16.41345],[-73.185924,-16.41358],[-73.186152,-16.413588],[-73.186356,-16.413493],[-73.186703,-16.413198],[-73.187069,-16.412925],[-73.188737,-16.412168],[-73.188963,-16.41214],[-73.189191,-16.412157],[-73.190325,-16.412335],[-73.190547,-16.412304],[-73.190671,-16.412124],[-73.190682,-16.411673],[-73.190708,-16.41145],[-73.190792,-16.411241],[-73.191034,-16.410857],[-73.191308,-16.410494],[-73.191495,-16.410365],[-73.191715,-16.410304],[-73.192401,-16.410333],[-73.193081,-16.410223],[-73.193308,-16.410206],[-73.193536,-16.410222],[-73.193743,-16.410314],[-73.194257,-16.410765],[-73.194451,-16.410878],[-73.194675,-16.410887],[-73.194882,-16.410792],[-73.195069,-16.41066],[-73.195242,-16.410513],[-73.195381,-16.410335],[-73.195888,-16.409321],[-73.195953,-16.409104],[-73.196096,-16.408211],[-73.196211,-16.407775],[-73.196334,-16.407585],[-73.196619,-16.407232],[-73.19692,-16.406622],[-73.197046,-16.406436],[-73.197207,-16.406276],[-73.19807,-16.405531],[-73.198276,-16.405438],[-73.198501,-16.405405],[-73.199635,-16.405583],[-73.199859,-16.405565],[-73.200023,-16.405413],[-73.200138,-16.405218],[-73.200292,-16.404792],[-73.200397,-16.404593],[-73.200901,-16.403837],[-73.201044,-16.403664],[-73.201562,-16.403218],[-73.201839,-16.402858],[-73.202166,-16.402541],[-73.202305,-16.402362],[-73.202387,-16.402154],[-73.202385,-16.401705],[-73.202508,-16.401527],[-73.202729,-16.401492],[-73.203131,-16.401705],[-73.203348,-16.401756],[-73.20414,-16.401307],[-73.204777,-16.401053],[-73.20539,-16.400743],[-73.20652,-16.399968],[-73.207061,-16.399549],[-73.207262,-16.399442],[-73.207484,-16.399388],[-73.207713,-16.399378],[-73.20909,-16.399359],[-73.209318,-16.399383],[-73.209986,-16.399548],[-73.210439,-16.399616],[-73.211128,-16.399616],[-73.212044,-16.399552],[-73.213189,-16.399602],[-73.213414,-16.399565],[-73.213851,-16.399425],[-73.214492,-16.399178],[-73.214931,-16.399048],[-73.215619,-16.39906],[-73.216073,-16.399121],[-73.216512,-16.399256],[-73.216728,-16.39933],[-73.217779,-16.399782],[-73.217972,-16.399904],[-73.218432,-16.400408],[-73.218602,-16.400558],[-73.218784,-16.400695],[-73.219199,-16.400886],[-73.219651,-16.400966],[-73.225598,-16.401479],[-73.226056,-16.401481],[-73.226512,-16.401432],[-73.226954,-16.401313],[-73.227167,-16.401227],[-73.227564,-16.401002],[-73.227922,-16.400719],[-73.228524,-16.400037],[-73.231414,-16.396523],[-73.231827,-16.39598],[-73.231975,-16.395808],[-73.232156,-16.395678],[-73.232378,-16.395684],[-73.232539,-16.395835],[-73.232563,-16.396052],[-73.232211,-16.397127],[-73.232113,-16.397329],[-73.231779,-16.397639],[-73.231691,-16.397842],[-73.231794,-16.398507],[-73.231694,-16.398702],[-73.231487,-16.398787],[-73.231036,-16.398856],[-73.230881,-16.399012],[-73.230833,-16.39923],[-73.230845,-16.399456],[-73.230901,-16.399671],[-73.23108,-16.3998],[-73.231305,-16.399793],[-73.235952,-16.398527],[-73.236381,-16.398369],[-73.236585,-16.398266],[-73.236772,-16.398136],[-73.236939,-16.397982],[-73.237663,-16.397105],[-73.237829,-16.396951],[-73.238391,-16.396559],[-73.238535,-16.396386],[-73.238785,-16.396007],[-73.23895,-16.395851],[-73.23954,-16.395502],[-73.239713,-16.395357],[-73.240176,-16.394859],[-73.240767,-16.39451],[-73.240953,-16.394379],[-73.241113,-16.394218],[-73.241403,-16.393867],[-73.242218,-16.393072],[-73.242659,-16.392552],[-73.243277,-16.391883],[-73.243949,-16.391266],[-73.245048,-16.390449],[-73.246433,-16.389262],[-73.247729,-16.388327],[-73.247925,-16.388209],[-73.250601,-16.386908],[-73.250819,-16.386839],[-73.251046,-16.386817],[-73.251493,-16.386908],[-73.257182,-16.38869],[-73.257629,-16.388789],[-73.260609,-16.388961],[-73.261294,-16.388901],[-73.261515,-16.388841],[-73.261726,-16.388753],[-73.26317,-16.38806],[-73.263395,-16.388018],[-73.264082,-16.387991],[-73.264298,-16.387923],[-73.264505,-16.387824],[-73.264691,-16.387696],[-73.264852,-16.387535],[-73.264986,-16.387352],[-73.265149,-16.387195],[-73.265534,-16.38695],[-73.265704,-16.386798],[-73.265837,-16.386615],[-73.265931,-16.386409],[-73.266061,-16.385975],[-73.266231,-16.385828],[-73.266422,-16.385703],[-73.26659,-16.385551],[-73.26671,-16.38536],[-73.267251,-16.383869],[-73.267286,-16.383647],[-73.267232,-16.383198],[-73.26727,-16.382981],[-73.267699,-16.382452],[-73.267824,-16.382263],[-73.267834,-16.38204],[-73.267671,-16.381617],[-73.267619,-16.381401],[-73.267667,-16.380952],[-73.267722,-16.380735],[-73.268166,-16.380216],[-73.268296,-16.380031],[-73.268602,-16.379425],[-73.268777,-16.379284],[-73.269006,-16.379286],[-73.269429,-16.379455],[-73.269655,-16.379493],[-73.27126,-16.37943],[-73.271467,-16.379353],[-73.271573,-16.37916],[-73.271578,-16.378708],[-73.2717,-16.37853],[-73.271915,-16.378457],[-73.272361,-16.37835],[-73.272571,-16.378263],[-73.272693,-16.378081],[-73.272676,-16.377863],[-73.271966,-16.376703],[-73.271972,-16.376485],[-73.272117,-16.376312],[-73.2723,-16.376176],[-73.272513,-16.376106],[-73.272739,-16.376068],[-73.272913,-16.375931],[-73.272985,-16.37572],[-73.273125,-16.375056],[-73.273108,-16.374836],[-73.272977,-16.374655],[-73.272493,-16.374171],[-73.272359,-16.37399],[-73.272308,-16.373771],[-73.272326,-16.373093],[-73.272307,-16.372869],[-73.272208,-16.372668],[-73.271561,-16.372027],[-73.271376,-16.371899],[-73.271153,-16.371852],[-73.270697,-16.371802],[-73.270508,-16.371684],[-73.27043,-16.371476],[-73.270454,-16.370573],[-73.270355,-16.370374],[-73.270146,-16.370292],[-73.269691,-16.370227],[-73.269501,-16.370117],[-73.269475,-16.369904],[-73.269556,-16.369695],[-73.270387,-16.368082],[-73.270525,-16.367904],[-73.270709,-16.367778],[-73.271988,-16.367273],[-73.2724,-16.367075],[-73.272535,-16.366907],[-73.272728,-16.366497],[-73.272888,-16.366344],[-73.273551,-16.366164],[-73.273746,-16.366056],[-73.273904,-16.365895],[-73.274008,-16.365695],[-73.274061,-16.365477],[-73.27407,-16.365252],[-73.27387,-16.364605],[-73.273853,-16.36438],[-73.273878,-16.364155],[-73.27398,-16.363715],[-73.274326,-16.363134],[-73.274386,-16.362917],[-73.274405,-16.362692],[-73.274453,-16.362474],[-73.274598,-16.362306],[-73.275031,-16.362157],[-73.275207,-16.362021],[-73.275283,-16.361812],[-73.275253,-16.361364],[-73.275291,-16.361142],[-73.27538,-16.360935],[-73.275517,-16.360755],[-73.275695,-16.360615],[-73.275892,-16.360501],[-73.276113,-16.360442],[-73.27634,-16.360424],[-73.276567,-16.360457],[-73.277009,-16.360581],[-73.279627,-16.361424],[-73.280513,-16.36166],[-73.280742,-16.361683],[-73.28143,-16.361701],[-73.283496,-16.361671],[-73.283724,-16.361654],[-73.283916,-16.361553],[-73.283965,-16.361342],[-73.283847,-16.361156],[-73.282916,-16.360498],[-73.282699,-16.360435],[-73.281328,-16.360307],[-73.28111,-16.360249],[-73.280957,-16.360092],[-73.280966,-16.359874],[-73.281136,-16.35973],[-73.282755,-16.358876],[-73.282925,-16.358728],[-73.283083,-16.358563],[-73.284472,-16.356764],[-73.284631,-16.356601],[-73.284829,-16.356487],[-73.294278,-16.352373],[-73.294474,-16.352258],[-73.294628,-16.352094],[-73.294731,-16.351893],[-73.294759,-16.35167],[-73.294704,-16.351454],[-73.294586,-16.351263],[-73.294431,-16.351097],[-73.293588,-16.350329],[-73.293467,-16.350141],[-73.293464,-16.349919],[-73.293572,-16.349727],[-73.293783,-16.349651],[-73.294006,-16.349685],[-73.294216,-16.349773],[-73.294825,-16.350091],[-73.295271,-16.350192],[-73.298481,-16.350336],[-73.298705,-16.350293],[-73.298893,-16.350167],[-73.299532,-16.349518],[-73.29974,-16.349428],[-73.299966,-16.349412],[-73.300192,-16.349439],[-73.300865,-16.349577],[-73.301094,-16.349564],[-73.301311,-16.349496],[-73.301496,-16.349364],[-73.301946,-16.348854],[-73.302681,-16.348312],[-73.303028,-16.348016],[-73.30318,-16.347846],[-73.303245,-16.347632],[-73.303225,-16.347408],[-73.303061,-16.346518],[-73.303045,-16.346293],[-73.303124,-16.346086],[-73.303296,-16.345942],[-73.303516,-16.34589],[-73.303736,-16.345938],[-73.303916,-16.346075],[-73.304271,-16.346653],[-73.304452,-16.346788],[-73.304675,-16.346842],[-73.304892,-16.34679],[-73.3051,-16.346697],[-73.307456,-16.34529],[-73.307663,-16.345194],[-73.308098,-16.34505],[-73.309008,-16.344938],[-73.309209,-16.344835],[-73.309347,-16.344657],[-73.309412,-16.344441],[-73.309648,-16.343335],[-73.309817,-16.342677],[-73.309905,-16.342469],[-73.310058,-16.342305],[-73.310435,-16.342047],[-73.310591,-16.341883],[-73.310686,-16.341679],[-73.310858,-16.340792],[-73.310963,-16.340592],[-73.311261,-16.340249],[-73.31274,-16.338828],[-73.31352,-16.337999],[-73.313878,-16.337717],[-73.314704,-16.336932],[-73.314906,-16.336824],[-73.315123,-16.336754],[-73.315348,-16.336715],[-73.316264,-16.336651],[-73.316478,-16.336572],[-73.316672,-16.336456],[-73.317937,-16.335479],[-73.318868,-16.334819],[-73.326162,-16.330991],[-73.329149,-16.329303],[-73.331067,-16.328061],[-73.333042,-16.326908],[-73.336929,-16.324958],[-73.337735,-16.324523],[-73.340058,-16.323065],[-73.340655,-16.322727],[-73.343769,-16.321279],[-73.345195,-16.320549],[-73.345617,-16.320373],[-73.34584,-16.320326],[-73.346753,-16.320224],[-73.346974,-16.320172],[-73.347838,-16.319866],[-73.350311,-16.319362],[-73.352357,-16.319078],[-73.353476,-16.318829],[-73.355074,-16.318659],[-73.355526,-16.318579],[-73.355743,-16.31851],[-73.355942,-16.318402],[-73.356115,-16.318253],[-73.356236,-16.318062],[-73.35633,-16.317858],[-73.356393,-16.31764],[-73.35651,-16.317447],[-73.356688,-16.317312],[-73.356891,-16.317208],[-73.357319,-16.317043],[-73.357546,-16.317017],[-73.358463,-16.317026],[-73.358679,-16.316962],[-73.359253,-16.31659],[-73.359924,-16.316439],[-73.360112,-16.316314],[-73.360623,-16.315859],[-73.361045,-16.315684],[-73.361491,-16.315575],[-73.362407,-16.315516],[-73.362631,-16.315473],[-73.363035,-16.315262],[-73.363803,-16.314766],[-73.363993,-16.314639],[-73.364515,-16.314198],[-73.364715,-16.314087],[-73.36559,-16.313815],[-73.365802,-16.313729],[-73.367002,-16.313064],[-73.367159,-16.312899],[-73.367279,-16.312709],[-73.367596,-16.312107],[-73.36772,-16.311917],[-73.367878,-16.311755],[-73.368228,-16.311463],[-73.36854,-16.311131],[-73.369017,-16.310358],[-73.369165,-16.310188],[-73.370161,-16.309253],[-73.370355,-16.309132],[-73.370775,-16.308955],[-73.37122,-16.308843],[-73.371677,-16.308809],[-73.372132,-16.308861],[-73.372801,-16.309021],[-73.373444,-16.309261],[-73.37573,-16.310319],[-73.375954,-16.310368],[-73.376179,-16.310338],[-73.376374,-16.310219],[-73.376715,-16.309917],[-73.376903,-16.309793],[-73.377122,-16.309732],[-73.377346,-16.309753],[-73.377781,-16.309895],[-73.378007,-16.309933],[-73.378689,-16.309841],[-73.378882,-16.309725],[-73.379149,-16.30936],[-73.379314,-16.309204],[-73.379512,-16.309092],[-73.379729,-16.309023],[-73.379956,-16.308991],[-73.380186,-16.308999],[-73.380414,-16.308979],[-73.380626,-16.308899],[-73.381035,-16.308694],[-73.381253,-16.308625],[-73.38217,-16.308579],[-73.382392,-16.308523],[-73.382606,-16.308445],[-73.383597,-16.307875],[-73.384021,-16.307708],[-73.384247,-16.307669],[-73.384476,-16.307661],[-73.384703,-16.307691],[-73.385149,-16.307799],[-73.385581,-16.307949],[-73.385805,-16.307987],[-73.386249,-16.307878],[-73.386851,-16.307549],[-73.387275,-16.307375],[-73.388142,-16.307079],[-73.389279,-16.306924],[-73.389503,-16.306876],[-73.39038,-16.306609],[-73.390594,-16.306528],[-73.39077,-16.306387],[-73.390891,-16.306196],[-73.391069,-16.305545],[-73.391214,-16.305372],[-73.392753,-16.304014],[-73.392944,-16.303889],[-73.393156,-16.303802],[-73.393384,-16.303787],[-73.393841,-16.303828],[-73.394069,-16.303808],[-73.394277,-16.30372],[-73.394945,-16.303099],[-73.395315,-16.302834],[-73.395521,-16.302736],[-73.396183,-16.302549],[-73.396396,-16.302465],[-73.396605,-16.302372],[-73.397206,-16.302042],[-73.397844,-16.301788],[-73.398229,-16.301543],[-73.398563,-16.301234],[-73.398932,-16.300969],[-73.400264,-16.300637],[-73.400454,-16.300511],[-73.4006,-16.300337],[-73.400842,-16.299953],[-73.401004,-16.299793],[-73.401831,-16.299399],[-73.402269,-16.299269],[-73.403163,-16.299066],[-73.403367,-16.298963],[-73.404121,-16.298448],[-73.404321,-16.298338],[-73.405174,-16.298004],[-73.405364,-16.297879],[-73.4057,-16.297571],[-73.405888,-16.297444],[-73.406112,-16.297406],[-73.4068,-16.297433],[-73.407029,-16.297415],[-73.40725,-16.29736],[-73.408118,-16.297065],[-73.408797,-16.296954],[-73.409013,-16.296885],[-73.409212,-16.296774],[-73.409774,-16.296383],[-73.409981,-16.29629],[-73.410208,-16.296261],[-73.410435,-16.296275],[-73.410653,-16.296342],[-73.411288,-16.296603],[-73.411511,-16.29666],[-73.411734,-16.296696],[-73.411956,-16.296641],[-73.41216,-16.296541],[-73.412341,-16.296403],[-73.413608,-16.295094],[-73.41399,-16.294845],[-73.414417,-16.294681],[-73.41598,-16.294313],[-73.416423,-16.294194],[-73.416853,-16.294037],[-73.417266,-16.29384],[-73.417852,-16.293483],[-73.418045,-16.293361],[-73.418381,-16.293053],[-73.418573,-16.29293],[-73.418783,-16.292845],[-73.419006,-16.292791],[-73.420364,-16.292563],[-73.420812,-16.292465],[-73.421018,-16.292367],[-73.421391,-16.292104],[-73.421806,-16.291915],[-73.42315,-16.291623],[-73.423324,-16.291485],[-73.423793,-16.290989],[-73.423977,-16.290855],[-73.424188,-16.290769],[-73.424862,-16.290633],[-73.42509,-16.290616],[-73.425777,-16.290631],[-73.426,-16.29058],[-73.426209,-16.290491],[-73.426399,-16.290365],[-73.426925,-16.289928],[-73.427125,-16.289821],[-73.427563,-16.289688],[-73.428249,-16.289641],[-73.428476,-16.289608],[-73.428694,-16.289542],[-73.429104,-16.289338],[-73.43005,-16.288698],[-73.430465,-16.288509],[-73.431363,-16.288323],[-73.432239,-16.288052],[-73.432689,-16.287965],[-73.433603,-16.287876],[-73.434291,-16.287875],[-73.434519,-16.287856],[-73.435346,-16.287467],[-73.436212,-16.287166],[-73.436588,-16.286908],[-73.43679,-16.286803],[-73.437669,-16.286542],[-73.437881,-16.286457],[-73.438907,-16.28595],[-73.439343,-16.28581],[-73.441122,-16.285361],[-73.441315,-16.28524],[-73.441821,-16.28478],[-73.442219,-16.284557],[-73.442639,-16.284377],[-73.442867,-16.284377],[-73.443316,-16.284468],[-73.443542,-16.284462],[-73.443748,-16.284364],[-73.443938,-16.284238],[-73.444576,-16.283986],[-73.444778,-16.283881],[-73.445277,-16.283419],[-73.445486,-16.283328],[-73.44616,-16.283197],[-73.446373,-16.283111],[-73.447334,-16.282494],[-73.448126,-16.282035],[-73.449333,-16.281382],[-73.449954,-16.281089],[-73.450617,-16.280906],[-73.450832,-16.280826],[-73.451222,-16.280588],[-73.451428,-16.280491],[-73.451652,-16.280441],[-73.451881,-16.280446],[-73.452336,-16.280504],[-73.452564,-16.280504],[-73.452784,-16.280448],[-73.453622,-16.280081],[-73.454997,-16.280009],[-73.455451,-16.279952],[-73.455662,-16.279866],[-73.456046,-16.279618],[-73.456249,-16.279513],[-73.456919,-16.279366],[-73.457807,-16.279133],[-73.458024,-16.279062],[-73.45823,-16.278964],[-73.458601,-16.278699],[-73.459292,-16.278103],[-73.459487,-16.277986],[-73.459706,-16.277921],[-73.459934,-16.277909],[-73.46016,-16.277943],[-73.461511,-16.27821],[-73.462652,-16.278336],[-73.463339,-16.278374],[-73.463565,-16.278409],[-73.463999,-16.278552],[-73.464227,-16.278569],[-73.464455,-16.278553],[-73.467875,-16.278149],[-73.468097,-16.278099],[-73.468309,-16.278012],[-73.470394,-16.277066],[-73.470841,-16.276967],[-73.47107,-16.276963],[-73.471526,-16.277003],[-73.475345,-16.277793],[-73.475995,-16.278017],[-73.47769,-16.278714],[-73.478483,-16.279169],[-73.479616,-16.27994],[-73.480274,-16.28057],[-73.480453,-16.280712],[-73.481211,-16.28122],[-73.481426,-16.281294],[-73.481653,-16.28132],[-73.483014,-16.281132],[-73.483179,-16.280985],[-73.483269,-16.280777],[-73.483378,-16.280338],[-73.483519,-16.279909],[-73.484125,-16.278949],[-73.484283,-16.278786],[-73.484464,-16.278646],[-73.484836,-16.278381],[-73.485035,-16.27827],[-73.485254,-16.278213],[-73.485704,-16.278299],[-73.486593,-16.278525],[-73.48682,-16.278524],[-73.48704,-16.278467],[-73.487892,-16.278127],[-73.488088,-16.278013],[-73.488244,-16.277847],[-73.488801,-16.277128],[-73.488968,-16.276977],[-73.489168,-16.27687],[-73.490291,-16.276642],[-73.490487,-16.27653],[-73.490634,-16.276365],[-73.49084,-16.275961],[-73.49107,-16.27557],[-73.491354,-16.275214],[-73.492386,-16.274318],[-73.492575,-16.27419],[-73.492988,-16.273993],[-73.493159,-16.273845],[-73.49328,-16.273653],[-73.493585,-16.273047],[-73.493732,-16.272876],[-73.493922,-16.272751],[-73.494131,-16.272659],[-73.496952,-16.271699],[-73.497175,-16.271648],[-73.499902,-16.271266],[-73.500344,-16.271147],[-73.500994,-16.27092],[-73.501415,-16.27074],[-73.501621,-16.270641],[-73.502794,-16.26993],[-73.50315,-16.269645],[-73.503762,-16.268971],[-73.503945,-16.268838],[-73.505729,-16.267811],[-73.506363,-16.267549],[-73.508992,-16.266736],[-73.50921,-16.266665],[-73.509416,-16.266565],[-73.509809,-16.266333],[-73.510733,-16.265662],[-73.511714,-16.265077],[-73.514837,-16.263647],[-73.515037,-16.263539],[-73.516081,-16.262654],[-73.516268,-16.262524],[-73.516683,-16.262333],[-73.518438,-16.261799],[-73.518891,-16.261728],[-73.519807,-16.261675],[-73.522103,-16.261629],[-73.522559,-16.261583],[-73.522999,-16.261457],[-73.524712,-16.260804],[-73.524931,-16.260739],[-73.525156,-16.260691],[-73.525385,-16.260679],[-73.526302,-16.260732],[-73.526531,-16.260721],[-73.526754,-16.260669],[-73.526964,-16.260577],[-73.527147,-16.260441],[-73.527305,-16.260278],[-73.527418,-16.260083],[-73.527508,-16.259875],[-73.528107,-16.258166],[-73.528332,-16.257771],[-73.528485,-16.257605],[-73.529014,-16.25717],[-73.531562,-16.25524],[-73.532713,-16.254495],[-73.533334,-16.254203],[-73.533969,-16.253939],[-73.54492,-16.249857],[-73.545762,-16.249498],[-73.556855,-16.243556],[-73.558461,-16.242678],[-73.559073,-16.242367],[-73.559511,-16.242233],[-73.559961,-16.242146],[-73.560419,-16.242117],[-73.560875,-16.242155],[-73.561324,-16.242248],[-73.567121,-16.243654],[-73.567574,-16.243724],[-73.568032,-16.243743],[-73.568261,-16.243728],[-73.568713,-16.243648],[-73.569364,-16.24343],[-73.586335,-16.236511],[-73.587388,-16.23606],[-73.589521,-16.235225],[-73.589938,-16.235036],[-73.593551,-16.233582],[-73.595453,-16.232787],[-73.60415,-16.229239],[-73.604796,-16.229005],[-73.605018,-16.228952],[-73.606151,-16.228772],[-73.607066,-16.228688],[-73.608898,-16.228563],[-73.611877,-16.228472],[-73.614403,-16.22849],[-73.61555,-16.228437],[-73.631384,-16.227966],[-73.633219,-16.227884],[-73.634363,-16.227786],[-73.635491,-16.227576],[-73.641057,-16.226195],[-73.641494,-16.226057],[-73.64191,-16.225866],[-73.642271,-16.225588],[-73.642437,-16.225432],[-73.642597,-16.22527],[-73.643738,-16.223853],[-73.644046,-16.223518],[-73.644228,-16.223383],[-73.644427,-16.22327],[-73.644854,-16.223108],[-73.645078,-16.22306],[-73.645306,-16.223044],[-73.645536,-16.223052],[-73.645761,-16.223096],[-73.645977,-16.223169],[-73.646389,-16.223368],[-73.647168,-16.223848],[-73.647595,-16.22401],[-73.648043,-16.224099],[-73.651254,-16.223966],[-73.656518,-16.223549],[-73.657651,-16.223366],[-73.658768,-16.223105],[-73.661659,-16.222378],[-73.662558,-16.222194],[-73.672802,-16.219662],[-73.674814,-16.219199],[-73.675267,-16.219124],[-73.675495,-16.219109],[-73.675951,-16.219148],[-73.676391,-16.219272],[-73.676599,-16.219367],[-73.676979,-16.219619],[-73.677305,-16.219936],[-73.677556,-16.220314],[-73.677735,-16.22073],[-73.677798,-16.220946],[-73.67817,-16.222716],[-73.678263,-16.222923],[-73.678545,-16.223277],[-73.678912,-16.223547],[-73.679118,-16.223641],[-73.679557,-16.223775],[-73.683772,-16.22488],[-73.68443,-16.225083],[-73.68549,-16.225517],[-73.686295,-16.225952],[-73.69007,-16.228525],[-73.690488,-16.228712],[-73.690705,-16.228785],[-73.691373,-16.22895],[-73.693655,-16.229188],[-73.693884,-16.229188],[-73.694339,-16.229131],[-73.694995,-16.228923],[-73.695386,-16.228689],[-73.695743,-16.228405],[-73.696054,-16.228072],[-73.696185,-16.227886],[-73.696389,-16.227483],[-73.696526,-16.227052],[-73.696597,-16.226605],[-73.696754,-16.22435],[-73.696815,-16.223901],[-73.696926,-16.223463],[-73.697074,-16.223035],[-73.698776,-16.21908],[-73.698999,-16.218685],[-73.699291,-16.218337],[-73.699623,-16.218024],[-73.702446,-16.215709],[-73.704012,-16.214382],[-73.706142,-16.212661],[-73.706869,-16.212109],[-73.70725,-16.211857],[-73.70765,-16.211635],[-73.708274,-16.211348],[-73.709133,-16.21103],[-73.716983,-16.20848],[-73.717594,-16.20817],[-73.718167,-16.207794],[-73.719646,-16.206723],[-73.720115,-16.206227],[-73.720372,-16.205855],[-73.720844,-16.204824],[-73.721731,-16.202738],[-73.722143,-16.201931],[-73.722481,-16.20134],[-73.726295,-16.195966],[-73.726846,-16.195242],[-73.727371,-16.1945],[-73.727671,-16.194159],[-73.728026,-16.193874],[-73.72822,-16.193752],[-73.728622,-16.193534],[-73.729049,-16.193367],[-73.730598,-16.192948],[-73.735891,-16.191437],[-73.736763,-16.191153],[-73.738025,-16.190611],[-73.739033,-16.19007],[-73.740376,-16.189203],[-73.760389,-16.175566],[-73.76099,-16.175235],[-73.761409,-16.175049],[-73.762061,-16.174834],[-73.762961,-16.174656],[-73.774577,-16.173202],[-73.775483,-16.173055],[-73.776383,-16.172877],[-73.788696,-16.170116],[-73.789801,-16.16981],[-73.793731,-16.168552],[-73.796563,-16.167622],[-73.806139,-16.163803],[-73.809563,-16.162493],[-73.813065,-16.161401],[-73.815011,-16.160718],[-73.828884,-16.155302],[-73.83057,-16.154584],[-73.83238,-16.153603],[-73.848277,-16.143671],[-73.849469,-16.14299],[-73.85028,-16.142566],[-73.851119,-16.1422],[-73.8613,-16.138045],[-73.862558,-16.137492],[-73.862958,-16.137269],[-73.863139,-16.137132],[-73.863839,-16.136547],[-73.864304,-16.136047],[-73.883375,-16.112273],[-73.884527,-16.11117],[-73.891654,-16.106214],[-73.892243,-16.105865],[-73.892858,-16.105558],[-73.893497,-16.105305],[-73.900003,-16.103081],[-73.900426,-16.102905],[-73.901444,-16.102383],[-73.902016,-16.102006],[-73.904045,-16.100172],[-73.904412,-16.0999],[-73.904805,-16.099667],[-73.90501,-16.099567],[-73.912456,-16.096591],[-73.913072,-16.096288],[-73.913666,-16.095944],[-73.925626,-16.087934],[-73.926532,-16.08724],[-73.929726,-16.084314],[-73.930267,-16.083895],[-73.930463,-16.083779],[-73.931481,-16.083257],[-73.937834,-16.080638],[-73.939485,-16.079846],[-73.943572,-16.077785],[-73.944781,-16.077134],[-73.945736,-16.076506],[-73.946465,-16.075957],[-73.946986,-16.075513],[-73.947953,-16.074547],[-73.950335,-16.071794],[-73.95103,-16.070894],[-73.952737,-16.068212],[-73.953406,-16.067294],[-73.953546,-16.067115],[-73.955247,-16.065277],[-73.955836,-16.064583],[-73.956206,-16.064011],[-73.957475,-16.061604],[-73.957724,-16.061223],[-73.957865,-16.061047],[-73.958367,-16.060583],[-73.95855,-16.060447],[-73.958751,-16.060338],[-73.964625,-16.057251],[-73.965573,-16.056614],[-73.968,-16.054902],[-73.970136,-16.053191],[-73.970728,-16.052844],[-73.972337,-16.051972],[-73.97353,-16.051293],[-73.973728,-16.051179],[-73.974101,-16.050915],[-73.974445,-16.050617],[-73.974761,-16.050289],[-73.977577,-16.046435],[-73.978233,-16.045508],[-73.978986,-16.044655],[-73.979485,-16.044188],[-73.980022,-16.043764],[-73.980786,-16.043262],[-73.988081,-16.038976],[-73.989081,-16.038421],[-73.989917,-16.038047],[-73.993617,-16.036824],[-73.994262,-16.036585],[-73.995092,-16.036198],[-73.995885,-16.035743],[-73.996837,-16.035112],[-74.006428,-16.02811],[-74.007739,-16.027195],[-74.008623,-16.026473],[-74.012407,-16.022847],[-74.01371,-16.02192],[-74.019576,-16.018366],[-74.020143,-16.017981],[-74.020665,-16.017541],[-74.020947,-16.017184],[-74.021067,-16.016994],[-74.021429,-16.016163],[-74.022205,-16.014035],[-74.022537,-16.01344],[-74.023633,-16.011716],[-74.023948,-16.011114],[-74.024146,-16.010465],[-74.024228,-16.009791],[-74.02446,-16.006861],[-74.024469,-16.006636],[-74.024426,-16.006186],[-74.024329,-16.005744],[-74.022347,-15.999484],[-74.021839,-15.997747],[-74.02173,-15.997078],[-74.021763,-15.996628],[-74.021909,-15.995966],[-74.02208,-15.995546],[-74.022276,-15.995137],[-74.022611,-15.994545],[-74.023767,-15.992334],[-74.027189,-15.985932],[-74.027683,-15.98517],[-74.028787,-15.983187],[-74.030679,-15.980354],[-74.030994,-15.979752],[-74.031319,-15.978669],[-74.031412,-15.978464],[-74.03165,-15.978078],[-74.032051,-15.977526],[-74.033145,-15.9758],[-74.033301,-15.975375],[-74.033694,-15.973608],[-74.03377,-15.973396],[-74.03405,-15.972777],[-74.034892,-15.971429],[-74.036156,-15.969819],[-74.038511,-15.967345],[-74.038854,-15.967045],[-74.039888,-15.966557],[-74.040073,-15.966427],[-74.040202,-15.966242],[-74.040289,-15.966033],[-74.040307,-15.965808],[-74.040277,-15.965585],[-74.040186,-15.965379],[-74.039856,-15.964784],[-74.039713,-15.964356],[-74.039682,-15.964134],[-74.039695,-15.96391],[-74.039806,-15.963472],[-74.040076,-15.963108],[-74.040236,-15.962946],[-74.046987,-15.956814],[-74.047883,-15.956109],[-74.054536,-15.95167],[-74.055307,-15.95118],[-74.062498,-15.947167],[-74.063279,-15.946691],[-74.065332,-15.945242],[-74.065715,-15.944993],[-74.06592,-15.944892],[-74.066127,-15.944796],[-74.066345,-15.944725],[-74.068104,-15.944205],[-74.069393,-15.943725],[-74.070047,-15.943514],[-74.070709,-15.943325],[-74.071829,-15.943081],[-74.072665,-15.94271],[-74.074075,-15.941951],[-74.075544,-15.941309],[-74.078127,-15.940365],[-74.080413,-15.939307],[-74.082888,-15.938117],[-74.084116,-15.937501],[-74.08579,-15.936757],[-74.088025,-15.9356],[-74.09344,-15.933124],[-74.101613,-15.929524],[-74.108093,-15.926624],[-74.117334,-15.922604],[-74.121022,-15.920768],[-74.131714,-15.915538],[-74.13477,-15.913975],[-74.139698,-15.911547],[-74.146715,-15.908179],[-74.151219,-15.905927],[-74.153121,-15.905133],[-74.154904,-15.904104],[-74.157546,-15.902737],[-74.162067,-15.900518],[-74.165091,-15.898896],[-74.166015,-15.898226],[-74.166614,-15.897891],[-74.166739,-15.897711],[-74.166749,-15.897487],[-74.166609,-15.896823],[-74.166531,-15.896612],[-74.165814,-15.895196],[-74.165567,-15.894814],[-74.164796,-15.893979],[-74.163175,-15.892377],[-74.163042,-15.892194],[-74.162928,-15.892],[-74.162408,-15.890502],[-74.162353,-15.890283],[-74.16236,-15.89006],[-74.162505,-15.889897],[-74.162725,-15.889836],[-74.162952,-15.889866],[-74.164066,-15.890139],[-74.164519,-15.890211],[-74.164977,-15.890242],[-74.166123,-15.890206],[-74.166344,-15.890143],[-74.166527,-15.890022],[-74.166583,-15.889574],[-74.166614,-15.888445],[-74.166542,-15.887999],[-74.166264,-15.887379],[-74.166292,-15.88717],[-74.166509,-15.887129],[-74.167094,-15.887484],[-74.1673,-15.887576],[-74.167507,-15.887517],[-74.167631,-15.887333],[-74.167661,-15.887111],[-74.16762,-15.886891],[-74.167546,-15.886677],[-74.167429,-15.886484],[-74.16683,-15.885799],[-74.166484,-15.885502],[-74.166345,-15.885334],[-74.166388,-15.885124],[-74.166596,-15.885044],[-74.166825,-15.885063],[-74.167051,-15.885042],[-74.167173,-15.884862],[-74.167213,-15.88464],[-74.167225,-15.884414],[-74.167219,-15.883962],[-74.167108,-15.883294],[-74.166878,-15.882418],[-74.166922,-15.882215],[-74.167131,-15.882195],[-74.167902,-15.882684],[-74.168069,-15.882833],[-74.16816,-15.883037],[-74.168165,-15.883262],[-74.168199,-15.883483],[-74.168314,-15.883677],[-74.168517,-15.883779],[-74.168743,-15.883817],[-74.168971,-15.883798],[-74.169176,-15.883703],[-74.16934,-15.883546],[-74.169792,-15.883034],[-74.169939,-15.882861],[-74.170058,-15.882668],[-74.170118,-15.88245],[-74.170194,-15.881776],[-74.170191,-15.881551],[-74.170138,-15.881332],[-74.169939,-15.880926],[-74.169895,-15.880706],[-74.169912,-15.880481],[-74.169979,-15.880265],[-74.170576,-15.879043],[-74.17081,-15.878655],[-74.171093,-15.878299],[-74.173063,-15.876093],[-74.173431,-15.875823],[-74.176038,-15.874393],[-74.177014,-15.873797],[-74.188381,-15.865741],[-74.188968,-15.865386],[-74.189173,-15.865283],[-74.189597,-15.86511],[-74.190035,-15.864977],[-74.196706,-15.863287],[-74.197826,-15.863041],[-74.198282,-15.862983],[-74.213204,-15.862939],[-74.218944,-15.862949],[-74.219629,-15.863023],[-74.220079,-15.863111],[-74.224697,-15.864475],[-74.224893,-15.864588],[-74.225045,-15.864755],[-74.225693,-15.865688],[-74.225985,-15.866036],[-74.226154,-15.866188],[-74.226334,-15.866329],[-74.22755,-15.866966],[-74.227742,-15.867088],[-74.228828,-15.867922],[-74.228977,-15.868093],[-74.229081,-15.868291],[-74.229214,-15.868955],[-74.22932,-15.869153],[-74.229513,-15.869264],[-74.232655,-15.86993],[-74.232884,-15.869945],[-74.233112,-15.869932],[-74.233338,-15.869892],[-74.238665,-15.867788],[-74.239935,-15.867262],[-74.240591,-15.867057],[-74.24104,-15.866963],[-74.241725,-15.866895],[-74.242184,-15.866891],[-74.242638,-15.866957],[-74.246696,-15.867725],[-74.247151,-15.86779],[-74.247377,-15.867758],[-74.247588,-15.867672],[-74.247736,-15.867504],[-74.247814,-15.867293],[-74.247838,-15.867069],[-74.247407,-15.864849],[-74.24722,-15.863505],[-74.247214,-15.863054],[-74.247439,-15.862179],[-74.247453,-15.861956],[-74.247101,-15.860412],[-74.247097,-15.859961],[-74.247214,-15.859525],[-74.248816,-15.855774],[-74.249302,-15.85475],[-74.24977,-15.853972],[-74.249909,-15.853793],[-74.250239,-15.853479],[-74.252838,-15.851254],[-74.255925,-15.849294],[-74.256128,-15.849189],[-74.256542,-15.848993],[-74.257616,-15.848596],[-74.258672,-15.848153],[-74.260127,-15.847481],[-74.262575,-15.846236],[-74.262948,-15.845973],[-74.263297,-15.84568],[-74.264287,-15.844737],[-74.264973,-15.844136],[-74.26869,-15.841482],[-74.269822,-15.840709],[-74.270739,-15.840029],[-74.271861,-15.839242],[-74.272252,-15.839007],[-74.273763,-15.83847],[-74.274535,-15.83798],[-74.275153,-15.837683],[-74.276885,-15.83708],[-74.277977,-15.836732],[-74.280635,-15.836019],[-74.281992,-15.835785],[-74.28311,-15.83553],[-74.283796,-15.835473],[-74.28471,-15.835554],[-74.285393,-15.835485],[-74.285851,-15.835466],[-74.286079,-15.835493],[-74.28675,-15.835642],[-74.286978,-15.835647],[-74.287207,-15.835633],[-74.287657,-15.835546],[-74.288345,-15.835526],[-74.29041,-15.835524],[-74.290633,-15.83547],[-74.291491,-15.835149],[-74.291908,-15.83496],[-74.292101,-15.834838],[-74.292595,-15.83437],[-74.292817,-15.834333],[-74.292988,-15.83447],[-74.292963,-15.834684],[-74.292803,-15.834841],[-74.2924,-15.835059],[-74.292212,-15.835187],[-74.292058,-15.83535],[-74.291978,-15.835557],[-74.292055,-15.835749],[-74.292267,-15.835824],[-74.292495,-15.835844],[-74.292717,-15.8359],[-74.293362,-15.836135],[-74.29359,-15.836156],[-74.293799,-15.836076],[-74.293969,-15.835924],[-74.294042,-15.835713],[-74.294397,-15.833479],[-74.294431,-15.832352],[-74.294574,-15.832187],[-74.294785,-15.832225],[-74.29487,-15.83242],[-74.294863,-15.832646],[-74.294919,-15.832864],[-74.295069,-15.833028],[-74.295509,-15.833153],[-74.295648,-15.833315],[-74.295682,-15.833764],[-74.295812,-15.833944],[-74.296019,-15.834027],[-74.296245,-15.834],[-74.297595,-15.833733],[-74.297798,-15.833633],[-74.297936,-15.833456],[-74.297973,-15.833238],[-74.297893,-15.832794],[-74.297864,-15.832345],[-74.29804,-15.830772],[-74.29812,-15.82806],[-74.298198,-15.827867],[-74.298367,-15.827714],[-74.298515,-15.827542],[-74.298633,-15.827352],[-74.298699,-15.827137],[-74.298724,-15.826912],[-74.298678,-15.82669],[-74.298539,-15.826261],[-74.298498,-15.826039],[-74.298424,-15.825138],[-74.298441,-15.824687],[-74.298554,-15.824252],[-74.299103,-15.823528],[-74.300394,-15.821938],[-74.301998,-15.820322],[-74.305418,-15.816975],[-74.30595,-15.816544],[-74.306139,-15.816417],[-74.30676,-15.816123],[-74.306974,-15.816043],[-74.310249,-15.814994],[-74.311134,-15.814753],[-74.312009,-15.814479],[-74.312237,-15.814466],[-74.312444,-15.81456],[-74.312598,-15.814726],[-74.312843,-15.815108],[-74.312989,-15.815283],[-74.313166,-15.815425],[-74.313977,-15.815848],[-74.314195,-15.815914],[-74.314419,-15.815873],[-74.314629,-15.815781],[-74.314806,-15.815645],[-74.314918,-15.815449],[-74.315115,-15.8148],[-74.315298,-15.814385],[-74.315603,-15.814047],[-74.315787,-15.813914],[-74.316427,-15.813664],[-74.316954,-15.813245],[-74.317155,-15.813307],[-74.317173,-15.81352],[-74.317055,-15.813703],[-74.316552,-15.814164],[-74.316432,-15.814353],[-74.316507,-15.814552],[-74.316715,-15.814598],[-74.316922,-15.814503],[-74.31808,-15.813768],[-74.318283,-15.813664],[-74.318721,-15.813529],[-74.318948,-15.813519],[-74.319378,-15.813668],[-74.323766,-15.816131],[-74.324144,-15.816388],[-74.325024,-15.817113],[-74.325335,-15.817443],[-74.325452,-15.817636],[-74.325753,-15.818246],[-74.326328,-15.819479],[-74.326441,-15.819676],[-74.326585,-15.819849],[-74.326753,-15.820003],[-74.326957,-15.820096],[-74.327183,-15.820103],[-74.327395,-15.820016],[-74.327617,-15.819959],[-74.327843,-15.819992],[-74.328037,-15.820109],[-74.329036,-15.821043],[-74.329208,-15.821193],[-74.329398,-15.821317],[-74.329619,-15.821379],[-74.329846,-15.821379],[-74.330914,-15.820964],[-74.331279,-15.820695],[-74.331571,-15.820345],[-74.33189,-15.820021],[-74.332079,-15.819896],[-74.332292,-15.819813],[-74.33403,-15.819228],[-74.335372,-15.818926],[-74.3356,-15.818897],[-74.335827,-15.818905],[-74.336046,-15.818969],[-74.336252,-15.819069],[-74.336441,-15.819195],[-74.340624,-15.822367],[-74.340833,-15.822461],[-74.341053,-15.822522],[-74.341504,-15.822606],[-74.342878,-15.822708],[-74.343336,-15.822706],[-74.343751,-15.822519],[-74.343932,-15.82238],[-74.351527,-15.816169],[-74.352924,-15.814995],[-74.353293,-15.814727],[-74.354486,-15.814049],[-74.354663,-15.813907],[-74.35478,-15.813713],[-74.354824,-15.813492],[-74.354825,-15.812814],[-74.354686,-15.812151],[-74.354675,-15.811925],[-74.354727,-15.811706],[-74.354731,-15.811482],[-74.35467,-15.811264],[-74.354489,-15.810848],[-74.354452,-15.810402],[-74.35451,-15.809955],[-74.354587,-15.809744],[-74.354713,-15.809558],[-74.354911,-15.809469],[-74.355094,-15.809595],[-74.355333,-15.810231],[-74.355432,-15.810433],[-74.356065,-15.811376],[-74.356387,-15.811695],[-74.356574,-15.811821],[-74.356797,-15.811831],[-74.357005,-15.81174],[-74.357194,-15.811613],[-74.359262,-15.810184],[-74.359617,-15.809901],[-74.359726,-15.809703],[-74.359793,-15.809487],[-74.359983,-15.808602],[-74.360048,-15.808385],[-74.360136,-15.808178],[-74.360272,-15.807997],[-74.360467,-15.807889],[-74.360688,-15.807899],[-74.360841,-15.808057],[-74.360955,-15.808494],[-74.361037,-15.808703],[-74.361407,-15.809275],[-74.361554,-15.809446],[-74.361749,-15.80956],[-74.361976,-15.809581],[-74.362194,-15.809526],[-74.362403,-15.809432],[-74.364427,-15.808365],[-74.365173,-15.807839],[-74.365533,-15.807558],[-74.365643,-15.807367],[-74.365571,-15.807159],[-74.365121,-15.806647],[-74.365012,-15.806449],[-74.364945,-15.806234],[-74.364915,-15.806011],[-74.364924,-15.805785],[-74.365014,-15.805343],[-74.365021,-15.805118],[-74.364921,-15.804922],[-74.364746,-15.804775],[-74.364599,-15.804604],[-74.364617,-15.804387],[-74.364744,-15.804204],[-74.364948,-15.804104],[-74.365172,-15.804142],[-74.365377,-15.804241],[-74.365553,-15.804385],[-74.365697,-15.804561],[-74.3658,-15.804762],[-74.365948,-15.80519],[-74.366044,-15.805393],[-74.366182,-15.805573],[-74.366372,-15.805698],[-74.366582,-15.805789],[-74.366944,-15.806065],[-74.367102,-15.806228],[-74.367936,-15.807307],[-74.368285,-15.807892],[-74.368432,-15.808064],[-74.368807,-15.808323],[-74.369393,-15.80868],[-74.369572,-15.80882],[-74.369663,-15.809021],[-74.369605,-15.809234],[-74.369418,-15.809646],[-74.369414,-15.809868],[-74.369815,-15.810681],[-74.369936,-15.810872],[-74.370231,-15.811217],[-74.370767,-15.811642],[-74.371159,-15.811878],[-74.371776,-15.81218],[-74.372838,-15.812607],[-74.373032,-15.812729],[-74.373195,-15.812887],[-74.373313,-15.813077],[-74.373507,-15.813487],[-74.373647,-15.813918],[-74.373741,-15.814123],[-74.37388,-15.814298],[-74.374081,-15.814407],[-74.377486,-15.815764],[-74.378099,-15.816072],[-74.378288,-15.8162],[-74.379029,-15.816734],[-74.379901,-15.817467],[-74.380122,-15.817506],[-74.380342,-15.817446],[-74.380538,-15.817338],[-74.380666,-15.81715],[-74.381417,-15.815751],[-74.381555,-15.815574],[-74.381738,-15.81544],[-74.38195,-15.815355],[-74.383055,-15.815049],[-74.383271,-15.814976],[-74.383471,-15.814865],[-74.385336,-15.813189],[-74.385493,-15.813025],[-74.385743,-15.812647],[-74.385837,-15.81244],[-74.38602,-15.811788],[-74.386137,-15.811597],[-74.386346,-15.811567],[-74.386492,-15.811732],[-74.386611,-15.811925],[-74.386756,-15.812097],[-74.386978,-15.812138],[-74.388109,-15.811946],[-74.38966,-15.811534],[-74.390092,-15.81138],[-74.390493,-15.811161],[-74.39087,-15.810903],[-74.395476,-15.807531],[-74.396245,-15.807037],[-74.396464,-15.806971],[-74.396915,-15.806889],[-74.399203,-15.806707],[-74.399421,-15.806637],[-74.399624,-15.806533],[-74.400846,-15.805506],[-74.401185,-15.805202],[-74.401499,-15.804872],[-74.401651,-15.804703],[-74.410688,-15.792725],[-74.412101,-15.790943],[-74.412765,-15.790021],[-74.414836,-15.787311],[-74.414954,-15.787118],[-74.415041,-15.78691],[-74.415089,-15.78669],[-74.415119,-15.786013],[-74.415205,-15.785569],[-74.415534,-15.784255],[-74.415546,-15.783804],[-74.415505,-15.783355],[-74.41555,-15.783135],[-74.415729,-15.783029],[-74.415934,-15.783122],[-74.416104,-15.783273],[-74.416234,-15.783457],[-74.416688,-15.784243],[-74.41702,-15.784552],[-74.417228,-15.784648],[-74.41745,-15.784693],[-74.417674,-15.784653],[-74.417859,-15.784525],[-74.418752,-15.783491],[-74.427532,-15.773038],[-74.431009,-15.768829],[-74.431164,-15.768663],[-74.431354,-15.768537],[-74.431561,-15.768441],[-74.432448,-15.768211],[-74.432655,-15.768121],[-74.432999,-15.767824],[-74.433602,-15.767142],[-74.434262,-15.766515],[-74.434374,-15.76632],[-74.434622,-15.76545],[-74.434709,-15.765241],[-74.434826,-15.765047],[-74.435471,-15.764112],[-74.437063,-15.761897],[-74.43752,-15.761114],[-74.438231,-15.759446],[-74.442143,-15.749786],[-74.442364,-15.74939],[-74.442496,-15.749205],[-74.443562,-15.747732],[-74.44386,-15.747391],[-74.44406,-15.74728],[-74.444275,-15.747201],[-74.446994,-15.746767],[-74.447223,-15.74676],[-74.447679,-15.746805],[-74.447905,-15.746798],[-74.44813,-15.74675],[-74.448566,-15.746613],[-74.449253,-15.746573],[-74.449482,-15.746575],[-74.44968,-15.746678],[-74.450039,-15.747245],[-74.450253,-15.74727],[-74.451045,-15.746814],[-74.451212,-15.746659],[-74.451316,-15.74646],[-74.45162,-15.74561],[-74.451811,-15.745491],[-74.452026,-15.745547],[-74.452157,-15.745724],[-74.45221,-15.746172],[-74.452343,-15.746343],[-74.452564,-15.746325],[-74.452697,-15.746155],[-74.453327,-15.744949],[-74.453401,-15.744737],[-74.453413,-15.744513],[-74.453313,-15.744074],[-74.453335,-15.743852],[-74.453514,-15.743732],[-74.453708,-15.743839],[-74.453834,-15.744028],[-74.453904,-15.744241],[-74.453955,-15.74469],[-74.453914,-15.744912],[-74.45391,-15.745137],[-74.454014,-15.745329],[-74.454204,-15.745448],[-74.45442,-15.745517],[-74.454639,-15.745466],[-74.454783,-15.745291],[-74.455007,-15.744896],[-74.455091,-15.744686],[-74.455136,-15.744465],[-74.455136,-15.744241],[-74.455001,-15.743348],[-74.455009,-15.742896],[-74.454923,-15.742223],[-74.454633,-15.740899],[-74.45463,-15.740447],[-74.454682,-15.738865],[-74.454795,-15.737741],[-74.454849,-15.737523],[-74.455018,-15.737103],[-74.455156,-15.736672],[-74.455741,-15.73333],[-74.455858,-15.732893],[-74.457603,-15.728226],[-74.457791,-15.727814],[-74.457929,-15.727634],[-74.458094,-15.727477],[-74.458285,-15.727353],[-74.461155,-15.725928],[-74.461317,-15.725772],[-74.461363,-15.725558],[-74.461175,-15.724673],[-74.461176,-15.72445],[-74.461304,-15.724265],[-74.461926,-15.723977],[-74.463202,-15.723465],[-74.463801,-15.723132],[-74.468733,-15.719821],[-74.471231,-15.718213],[-74.472052,-15.717807],[-74.47767,-15.715226],[-74.481908,-15.713485],[-74.483404,-15.712907],[-74.49355,-15.709288],[-74.495068,-15.708771],[-74.500367,-15.707283],[-74.500799,-15.707131],[-74.500993,-15.707011],[-74.501354,-15.706732],[-74.501736,-15.706168],[-74.502616,-15.704581],[-74.505206,-15.699792],[-74.505472,-15.699424],[-74.505626,-15.699257],[-74.506883,-15.69827],[-74.507069,-15.698139],[-74.507473,-15.697924],[-74.510903,-15.69663],[-74.516744,-15.693986],[-74.517772,-15.693482],[-74.518155,-15.693234],[-74.518508,-15.692947],[-74.518771,-15.692578],[-74.518942,-15.692159],[-74.519073,-15.691726],[-74.522169,-15.679904],[-74.522347,-15.679017],[-74.522378,-15.678113],[-74.522301,-15.67744],[-74.522178,-15.677006],[-74.521746,-15.675959],[-74.521548,-15.675311],[-74.521455,-15.674639],[-74.521349,-15.673513],[-74.521374,-15.673062],[-74.521423,-15.672844],[-74.521539,-15.67265],[-74.521684,-15.672477],[-74.524273,-15.66991],[-74.52478,-15.669451],[-74.524969,-15.669325],[-74.52517,-15.669216],[-74.525393,-15.669166],[-74.525851,-15.669135],[-74.530442,-15.669154],[-74.530671,-15.669171],[-74.530891,-15.669229],[-74.531087,-15.669343],[-74.531584,-15.669812],[-74.532037,-15.670322],[-74.532444,-15.670868],[-74.532597,-15.671037],[-74.533615,-15.671951],[-74.533804,-15.672079],[-74.534019,-15.672155],[-74.534247,-15.672166],[-74.534472,-15.672118],[-74.540504,-15.669929],[-74.544827,-15.668403],[-74.55581,-15.664407],[-74.572172,-15.658437],[-74.575823,-15.657077],[-74.588089,-15.652585],[-74.588961,-15.652302],[-74.591392,-15.651627],[-74.592504,-15.651348],[-74.594714,-15.650737],[-74.595138,-15.650562],[-74.595935,-15.650114],[-74.597659,-15.648991],[-74.5994,-15.647895],[-74.600011,-15.647585],[-74.603239,-15.646402],[-74.624875,-15.638835],[-74.625512,-15.63858],[-74.625899,-15.638336],[-74.626242,-15.638036],[-74.62835,-15.635956],[-74.628813,-15.635453],[-74.633276,-15.629707],[-74.633568,-15.629357],[-74.6339,-15.629046],[-74.634285,-15.6288],[-74.634702,-15.628613],[-74.636006,-15.628177],[-74.637329,-15.627797],[-74.637764,-15.627652],[-74.638183,-15.627468],[-74.63838,-15.627353],[-74.639335,-15.626725],[-74.639878,-15.626309],[-74.640326,-15.625795],[-74.641576,-15.624175],[-74.64173,-15.624007],[-74.641907,-15.623867],[-74.642508,-15.623538],[-74.644594,-15.622594],[-74.64516,-15.622209],[-74.645464,-15.621871],[-74.645743,-15.621511],[-74.649999,-15.615614],[-74.650299,-15.615273],[-74.650648,-15.614978],[-74.651819,-15.614265],[-74.655195,-15.612336],[-74.660924,-15.608994],[-74.662131,-15.608341],[-74.662906,-15.607856],[-74.663713,-15.607427],[-74.664365,-15.607209],[-74.670966,-15.605271],[-74.673806,-15.604367],[-74.684125,-15.60126],[-74.684557,-15.601107],[-74.684972,-15.600915],[-74.685366,-15.600683],[-74.686123,-15.600172],[-74.686538,-15.59998],[-74.69578,-15.598222],[-74.696001,-15.598164],[-74.696421,-15.597984],[-74.696767,-15.597687],[-74.709053,-15.585486],[-74.718326,-15.576392],[-74.72321,-15.570987],[-74.724112,-15.569962],[-74.724245,-15.569778],[-74.724497,-15.5694],[-74.724714,-15.569002],[-74.724897,-15.568588],[-74.72572,-15.565999],[-74.725962,-15.565364],[-74.726055,-15.565158],[-74.726289,-15.564769],[-74.726682,-15.564212],[-74.732249,-15.558506],[-74.732594,-15.558207],[-74.732789,-15.558088],[-74.732987,-15.557974],[-74.733624,-15.557718],[-74.754835,-15.551036],[-74.755701,-15.550734],[-74.756336,-15.550471],[-74.756943,-15.550152],[-74.757532,-15.5498],[-74.758835,-15.548874],[-74.762706,-15.546043],[-74.768634,-15.541769],[-74.769385,-15.541248],[-74.770169,-15.540778],[-74.78719,-15.532339],[-74.790897,-15.530541],[-74.793661,-15.529432],[-74.796198,-15.528373],[-74.797692,-15.52779],[-74.806191,-15.524363],[-74.8117,-15.522098],[-74.813258,-15.521718],[-74.8144,-15.521601],[-74.815088,-15.521605],[-74.817611,-15.521729],[-74.818299,-15.521718],[-74.819213,-15.521626],[-74.819438,-15.521584],[-74.820561,-15.521348],[-74.820995,-15.521203],[-74.821634,-15.52095],[-74.829905,-15.51702],[-74.833843,-15.515171],[-74.838979,-15.51265],[-74.839313,-15.51234],[-74.83945,-15.512163],[-74.840058,-15.510946],[-74.840726,-15.509506],[-74.841329,-15.508287],[-74.841782,-15.5075],[-74.842519,-15.506354],[-74.843073,-15.505633],[-74.84594,-15.502101],[-74.847246,-15.500524],[-74.847909,-15.499602],[-74.848272,-15.499025],[-74.849071,-15.497652],[-74.851163,-15.493882],[-74.851625,-15.493101],[-74.855074,-15.488303],[-74.862147,-15.477461],[-74.862478,-15.476866],[-74.862637,-15.476443],[-74.862841,-15.475562],[-74.863011,-15.47308],[-74.863107,-15.472181],[-74.863645,-15.464965],[-74.863777,-15.4643],[-74.864645,-15.461965],[-74.864985,-15.461125],[-74.866825,-15.456251],[-74.867861,-15.454234],[-74.868449,-15.453008],[-74.868533,-15.452565],[-74.868562,-15.452114],[-74.868402,-15.450767],[-74.868386,-15.450315],[-74.868458,-15.449869],[-74.869054,-15.447686],[-74.869352,-15.44683],[-74.87117,-15.442927],[-74.871488,-15.441147],[-74.871621,-15.440715],[-74.871812,-15.440304],[-74.872042,-15.439914],[-74.872324,-15.439557],[-74.872825,-15.439092],[-74.873531,-15.438514],[-74.875169,-15.437273],[-74.883282,-15.430974],[-74.883759,-15.430485],[-74.884173,-15.429945],[-74.885082,-15.428373],[-74.886599,-15.425583],[-74.889684,-15.420028],[-74.889994,-15.419423],[-74.890148,-15.418997],[-74.890179,-15.418774],[-74.890194,-15.418323],[-74.890125,-15.417876],[-74.890014,-15.417437],[-74.889272,-15.41506],[-74.889037,-15.414186],[-74.888434,-15.41224],[-74.88796,-15.410492],[-74.887557,-15.409195],[-74.887289,-15.407865],[-74.887102,-15.406293],[-74.887072,-15.405615],[-74.887063,-15.404259],[-74.88718,-15.393859],[-74.887219,-15.392277],[-74.887297,-15.384364],[-74.887289,-15.383234],[-74.887329,-15.382331],[-74.887299,-15.380522],[-74.887359,-15.378714],[-74.887403,-15.375776],[-74.887436,-15.375325],[-74.887668,-15.373988],[-74.889506,-15.365821],[-74.891329,-15.357882],[-74.892152,-15.354125],[-74.892438,-15.35303],[-74.892712,-15.352167],[-74.893119,-15.35111],[-74.897619,-15.34022],[-74.898809,-15.33728],[-74.904111,-15.324515],[-74.906225,-15.31926],[-74.906547,-15.318413],[-74.907086,-15.317165],[-74.909426,-15.311512],[-74.910158,-15.309853],[-74.912459,-15.304185],[-74.913874,-15.300846],[-74.91486,-15.298313],[-74.915493,-15.296858],[-74.920507,-15.28471],[-74.922629,-15.279458],[-74.924398,-15.275285],[-74.927415,-15.267951],[-74.928048,-15.266496],[-74.930179,-15.261248],[-74.933148,-15.254138],[-74.934696,-15.249881],[-74.934984,-15.249266],[-74.936467,-15.246715],[-74.937015,-15.245722],[-74.939422,-15.241608],[-74.93961,-15.241197],[-74.939746,-15.240765],[-74.939781,-15.240542],[-74.939794,-15.240091],[-74.939114,-15.234479],[-74.939096,-15.234028],[-74.93912,-15.233804],[-74.939251,-15.233372],[-74.941194,-15.229275],[-74.941417,-15.22888],[-74.943141,-15.226764],[-74.9459,-15.223437],[-74.946178,-15.223077],[-74.946298,-15.222884],[-74.948923,-15.217355],[-74.949274,-15.216771],[-74.952154,-15.212413],[-74.959975,-15.197816],[-74.960146,-15.197159],[-74.962512,-15.184255],[-74.962631,-15.183818],[-74.974,-15.157132],[-74.984286,-15.133185],[-74.984574,-15.132569],[-74.984913,-15.131979],[-74.988455,-15.126696],[-74.988564,-15.126499],[-74.991647,-15.118462],[-74.996029,-15.109498],[-74.996574,-15.108503],[-75.00712,-15.090481],[-75.007326,-15.090077],[-75.00749,-15.089655],[-75.007613,-15.08922],[-75.007692,-15.088774],[-75.008958,-15.071184],[-75.008972,-15.070958],[-75.008947,-15.070507],[-75.008667,-15.068949],[-75.008004,-15.066083],[-75.007639,-15.064311],[-75.005162,-15.053041],[-75.005072,-15.052369],[-75.005068,-15.052143],[-75.005147,-15.051243],[-75.007076,-15.036898],[-75.007331,-15.026501],[-75.007514,-15.021304],[-75.007534,-15.019722],[-75.007523,-15.019496],[-75.007451,-15.01905],[-75.00734,-15.018612],[-75.007023,-15.017763],[-75.001702,-15.004762],[-75.001466,-15.004124],[-74.997827,-14.993165],[-74.996522,-14.989303],[-74.996045,-14.987792],[-74.99596,-14.987582],[-74.995862,-14.987378],[-74.995729,-14.987194],[-74.992557,-14.983925],[-74.992415,-14.983748],[-74.992314,-14.983545],[-74.992265,-14.983324],[-74.992194,-14.982423],[-74.992148,-14.982201],[-74.991969,-14.981787],[-74.99185,-14.981593],[-74.991703,-14.98142],[-74.991541,-14.981261],[-74.991156,-14.981017],[-74.989902,-14.980455],[-74.989494,-14.980248],[-74.989304,-14.980121],[-74.988961,-14.979823],[-74.988697,-14.979454],[-74.9886,-14.97925],[-74.988516,-14.979039],[-74.98846,-14.97882],[-74.988426,-14.978597],[-74.988421,-14.978371],[-74.988444,-14.978147],[-74.988924,-14.975705],[-74.988964,-14.975255],[-74.988948,-14.97503],[-74.988812,-14.974599],[-74.988562,-14.974221],[-74.987372,-14.973158],[-74.987211,-14.972998],[-74.987087,-14.972809],[-74.986927,-14.972385],[-74.98578,-14.968241],[-74.985692,-14.967569],[-74.985636,-14.961013],[-74.985695,-14.960565],[-74.98618,-14.958587],[-74.986323,-14.957694],[-74.986787,-14.954333],[-74.986891,-14.953435],[-74.987396,-14.947577],[-74.987438,-14.946901],[-74.987427,-14.946449],[-74.987197,-14.944882],[-74.987075,-14.944215],[-74.986959,-14.943319],[-74.986979,-14.942414],[-74.987079,-14.940608],[-74.987131,-14.937896],[-74.987853,-14.93343],[-74.988319,-14.930757],[-74.988322,-14.930305],[-74.986088,-14.915775],[-74.986001,-14.915103],[-74.985765,-14.913766],[-74.985675,-14.912866],[-74.985172,-14.909055],[-74.984995,-14.907938],[-74.983979,-14.902145],[-74.983655,-14.900135],[-74.983644,-14.89991],[-74.983733,-14.899468],[-74.983838,-14.899268],[-74.983974,-14.899088],[-74.987099,-14.895774],[-74.9879,-14.894965],[-74.992779,-14.890503],[-74.993404,-14.889842],[-74.993523,-14.88965],[-74.994596,-14.886191],[-74.995116,-14.884221],[-74.995256,-14.883557],[-74.995293,-14.883335],[-74.995284,-14.883109],[-74.995247,-14.882886],[-74.993267,-14.876864],[-74.993175,-14.876658],[-74.992631,-14.875662],[-74.991603,-14.873897],[-74.991462,-14.873719],[-74.991121,-14.873418],[-74.987419,-14.870743],[-74.980888,-14.865393],[-74.980508,-14.86514],[-74.979113,-14.864354],[-74.978557,-14.863956],[-74.975937,-14.861419],[-74.975056,-14.860696],[-74.972862,-14.859054],[-74.9723,-14.858661],[-74.971897,-14.858447],[-74.968723,-14.85713],[-74.968325,-14.856906],[-74.96796,-14.856632],[-74.966964,-14.855695],[-74.966393,-14.855318],[-74.966189,-14.855217],[-74.961775,-14.853306],[-74.959262,-14.852194],[-74.957346,-14.851432],[-74.95627,-14.851038],[-74.954014,-14.849919],[-74.953582,-14.849771],[-74.952243,-14.849454],[-74.952026,-14.84938],[-74.951822,-14.84928],[-74.951452,-14.849014],[-74.950744,-14.848438],[-74.94775,-14.846342],[-74.943696,-14.843376],[-74.943162,-14.842947],[-74.942737,-14.842414],[-74.942524,-14.842015],[-74.94237,-14.841589],[-74.94228,-14.841146],[-74.942263,-14.840696],[-74.942375,-14.837758],[-74.942502,-14.835727],[-74.943362,-14.831286],[-74.943591,-14.829948],[-74.943552,-14.829728],[-74.943579,-14.829276],[-74.943563,-14.829051],[-74.943542,-14.828826],[-74.943461,-14.828401],[-74.943629,-14.828267],[-74.943848,-14.828228],[-74.944057,-14.828138],[-74.944278,-14.828078],[-74.944952,-14.827938],[-74.945113,-14.827828],[-74.945018,-14.827758],[-74.944998,-14.827976],[-74.954222,-14.826129],[-74.955357,-14.825958],[-74.955797,-14.825831],[-74.956211,-14.825636],[-74.956599,-14.825397],[-74.956782,-14.82526],[-74.957467,-14.824658],[-74.958009,-14.824239],[-74.95863,-14.823947],[-74.962162,-14.822954],[-74.963252,-14.822598],[-74.983935,-14.815098],[-74.984564,-14.814822],[-74.985168,-14.814497],[-74.985558,-14.814258],[-74.997626,-14.805612],[-74.999466,-14.80426],[-75.001894,-14.802551],[-75.006528,-14.799215],[-75.009509,-14.797101],[-75.012651,-14.794821],[-75.023969,-14.786698],[-75.024502,-14.786269],[-75.025163,-14.785641],[-75.03302,-14.777092],[-75.03473,-14.775262],[-75.040574,-14.768882],[-75.06341,-14.744104],[-75.064506,-14.742946],[-75.075616,-14.731825],[-75.077404,-14.730068],[-75.09128,-14.716235],[-75.093729,-14.71385],[-75.098728,-14.708862],[-75.101279,-14.706259],[-75.103056,-14.704491],[-75.106256,-14.701248],[-75.11742,-14.69018],[-75.119332,-14.688227],[-75.120636,-14.686954],[-75.120815,-14.686812],[-75.121226,-14.686613],[-75.121448,-14.686562],[-75.121676,-14.686539],[-75.121905,-14.686546],[-75.122131,-14.686581],[-75.122351,-14.686642],[-75.125363,-14.687749],[-75.126425,-14.688177],[-75.127937,-14.688715],[-75.128155,-14.688781],[-75.128383,-14.688806],[-75.128833,-14.688729],[-75.129234,-14.688509],[-75.129402,-14.688356],[-75.133176,-14.684402],[-75.133523,-14.684106],[-75.134082,-14.683709],[-75.135995,-14.68246],[-75.137701,-14.681314],[-75.138486,-14.680844],[-75.140616,-14.679507],[-75.141985,-14.678678],[-75.142189,-14.678577],[-75.142627,-14.678444],[-75.143081,-14.678382],[-75.144227,-14.678321],[-75.146975,-14.678128],[-75.147205,-14.678121],[-75.147889,-14.678195],[-75.148549,-14.67839],[-75.148778,-14.678398],[-75.149688,-14.678283],[-75.150146,-14.67829],[-75.150824,-14.67818],[-75.151266,-14.678061],[-75.151689,-14.677887],[-75.152085,-14.67766],[-75.152502,-14.677474],[-75.15454,-14.677143],[-75.154737,-14.677038],[-75.154871,-14.676859],[-75.155706,-14.674998],[-75.155805,-14.674794],[-75.15604,-14.674406],[-75.156956,-14.673395],[-75.157881,-14.672101],[-75.158182,-14.67176],[-75.158503,-14.671437],[-75.159208,-14.670857],[-75.167342,-14.663875],[-75.16766,-14.66355],[-75.167774,-14.663353],[-75.167848,-14.663141],[-75.16886,-14.658963],[-75.168929,-14.658749],[-75.169041,-14.658552],[-75.169339,-14.65821],[-75.169517,-14.658068],[-75.172799,-14.655987],[-75.172982,-14.655851],[-75.173316,-14.655542],[-75.176082,-14.652519],[-75.176201,-14.652327],[-75.176277,-14.652115],[-75.176856,-14.649696],[-75.177169,-14.649092],[-75.178107,-14.647807],[-75.178405,-14.647464],[-75.178754,-14.647171],[-75.179674,-14.646496],[-75.180018,-14.646198],[-75.181439,-14.644422],[-75.181708,-14.644055],[-75.181952,-14.643673],[-75.182051,-14.643469],[-75.183225,-14.640767],[-75.183331,-14.640566],[-75.183685,-14.639986],[-75.184226,-14.639254],[-75.184473,-14.638874],[-75.184678,-14.638469],[-75.184849,-14.638049],[-75.185512,-14.636122],[-75.193665,-14.613301],[-75.193917,-14.612432],[-75.19425,-14.611115],[-75.199541,-14.589115],[-75.199666,-14.58868],[-75.199871,-14.588277],[-75.200153,-14.587921],[-75.207468,-14.580735],[-75.207604,-14.580554],[-75.207805,-14.580148],[-75.207945,-14.579486],[-75.208184,-14.576783],[-75.208566,-14.572958],[-75.208776,-14.57048],[-75.208983,-14.568455],[-75.20907,-14.567102],[-75.20905,-14.566877],[-75.208956,-14.566435],[-75.208601,-14.56536],[-75.208515,-14.565151],[-75.208204,-14.564546],[-75.207713,-14.563782],[-75.205086,-14.56094],[-75.201953,-14.557635],[-75.201257,-14.557045],[-75.192469,-14.550497],[-75.188976,-14.547562],[-75.18742,-14.546223],[-75.182353,-14.54197],[-75.182034,-14.541646],[-75.181921,-14.54145],[-75.181852,-14.541237],[-75.181858,-14.541014],[-75.181919,-14.540797],[-75.182026,-14.540598],[-75.182165,-14.540419],[-75.190049,-14.532203],[-75.192902,-14.529258],[-75.193711,-14.528456],[-75.193911,-14.528352],[-75.194136,-14.528358],[-75.194335,-14.528468],[-75.194899,-14.528856],[-75.19511,-14.528943],[-75.195787,-14.529063],[-75.196005,-14.529128],[-75.19662,-14.529432],[-75.200873,-14.53039],[-75.201771,-14.530576],[-75.201998,-14.530592],[-75.202197,-14.530495],[-75.202284,-14.530295],[-75.202223,-14.529849],[-75.20213,-14.529643],[-75.20154,-14.528951],[-75.201404,-14.528769],[-75.201294,-14.528571],[-75.201234,-14.528353],[-75.201257,-14.528133],[-75.201387,-14.527959],[-75.201607,-14.527907],[-75.201832,-14.52793],[-75.202025,-14.52804],[-75.202185,-14.528463],[-75.202342,-14.528616],[-75.20257,-14.528611],[-75.202756,-14.528484],[-75.203064,-14.528149],[-75.203254,-14.528035],[-75.20348,-14.528043],[-75.203679,-14.528156],[-75.203901,-14.528193],[-75.20413,-14.528189],[-75.204351,-14.528239],[-75.204723,-14.528504],[-75.204929,-14.528592],[-75.205386,-14.528618],[-75.205607,-14.528675],[-75.206035,-14.528838],[-75.206259,-14.528859],[-75.206365,-14.528699],[-75.206268,-14.528502],[-75.205596,-14.527886],[-75.20529,-14.52755],[-75.204879,-14.527006],[-75.204524,-14.526425],[-75.204326,-14.525776],[-75.204207,-14.525585],[-75.203911,-14.52524],[-75.203407,-14.524778],[-75.203262,-14.524603],[-75.20317,-14.524399],[-75.20304,-14.523965],[-75.202952,-14.523757],[-75.202661,-14.523409],[-75.202557,-14.52321],[-75.202501,-14.522991],[-75.202331,-14.521873],[-75.202277,-14.521653],[-75.202187,-14.521448],[-75.201941,-14.521068],[-75.201899,-14.520852],[-75.20199,-14.520652],[-75.202183,-14.52054],[-75.20241,-14.520545],[-75.203745,-14.520879],[-75.203971,-14.520917],[-75.204199,-14.520924],[-75.204427,-14.520902],[-75.204873,-14.520795],[-75.210159,-14.519261],[-75.213669,-14.518196],[-75.21408,-14.517997],[-75.214458,-14.51774],[-75.214936,-14.517253],[-75.215067,-14.517068],[-75.215178,-14.51687],[-75.215359,-14.516455],[-75.215492,-14.515791],[-75.215725,-14.512181],[-75.21568,-14.511505],[-75.215636,-14.511283],[-75.215472,-14.510625],[-75.215165,-14.509772],[-75.214325,-14.507914],[-75.21357,-14.505306],[-75.210458,-14.496557],[-75.210388,-14.496342],[-75.210316,-14.495897],[-75.210386,-14.495453],[-75.21047,-14.495245],[-75.210592,-14.495054],[-75.210746,-14.494888],[-75.210931,-14.494756],[-75.211134,-14.494652],[-75.211352,-14.494583],[-75.211804,-14.494507],[-75.212034,-14.494498],[-75.212721,-14.49454],[-75.21295,-14.494527],[-75.213174,-14.494481],[-75.213388,-14.494402],[-75.213584,-14.494284],[-75.213755,-14.494137],[-75.213887,-14.493953],[-75.213961,-14.493739],[-75.213992,-14.493516],[-75.213989,-14.493291],[-75.21394,-14.493071],[-75.213516,-14.492023],[-75.213448,-14.491809],[-75.213434,-14.491358],[-75.213529,-14.490917],[-75.213829,-14.490062],[-75.213918,-14.489855],[-75.214038,-14.489662],[-75.214183,-14.489488],[-75.214354,-14.489338],[-75.214543,-14.489211],[-75.219463,-14.486768],[-75.219626,-14.486611],[-75.219741,-14.486417],[-75.219794,-14.486197],[-75.219789,-14.485972],[-75.219713,-14.48576],[-75.219587,-14.485573],[-75.219416,-14.485424],[-75.219212,-14.485326],[-75.218987,-14.485284],[-75.21876,-14.485311],[-75.218091,-14.485472],[-75.217864,-14.485505],[-75.217636,-14.485507],[-75.217412,-14.48546],[-75.217202,-14.48537],[-75.217012,-14.485244],[-75.216849,-14.485087],[-75.216714,-14.484906],[-75.216633,-14.484695],[-75.216589,-14.484474],[-75.216605,-14.484248],[-75.216665,-14.484031],[-75.216768,-14.48383],[-75.216901,-14.483647],[-75.217068,-14.483494],[-75.217267,-14.483385],[-75.217484,-14.483314],[-75.217711,-14.483285],[-75.21794,-14.483294],[-75.218164,-14.483338],[-75.218996,-14.483722],[-75.219209,-14.483803],[-75.219432,-14.483857],[-75.219661,-14.483875],[-75.221726,-14.483825],[-75.221956,-14.483831],[-75.222406,-14.483914],[-75.222617,-14.484002],[-75.222801,-14.484136],[-75.22305,-14.484514],[-75.223107,-14.484732],[-75.223261,-14.485851],[-75.223352,-14.486059],[-75.223512,-14.486215],[-75.223738,-14.486247],[-75.223956,-14.4862],[-75.22413,-14.486052],[-75.224209,-14.485844],[-75.224181,-14.485623],[-75.223879,-14.484769],[-75.223778,-14.484329],[-75.223716,-14.482069],[-75.223682,-14.481618],[-75.223638,-14.481396],[-75.223543,-14.481191],[-75.22318,-14.480615],[-75.223082,-14.48041],[-75.223036,-14.480192],[-75.223036,-14.479968],[-75.223091,-14.479751],[-75.223218,-14.479564],[-75.223395,-14.479419],[-75.223603,-14.479333],[-75.223828,-14.479298],[-75.224055,-14.479326],[-75.224256,-14.479427],[-75.224434,-14.479569],[-75.22456,-14.479757],[-75.22505,-14.481025],[-75.225107,-14.481472],[-75.225137,-14.483506],[-75.225287,-14.484167],[-75.225485,-14.484574],[-75.225738,-14.484949],[-75.22605,-14.48528],[-75.227955,-14.486913],[-75.228461,-14.487374],[-75.228896,-14.487898],[-75.229988,-14.489352],[-75.230618,-14.49001],[-75.230988,-14.490278],[-75.231385,-14.490504],[-75.232034,-14.490729],[-75.232483,-14.49082],[-75.232941,-14.490846],[-75.234312,-14.49072],[-75.235,-14.490689],[-75.236376,-14.490764],[-75.237055,-14.49087],[-75.237945,-14.491095],[-75.238371,-14.491264],[-75.243353,-14.493581],[-75.244591,-14.494177],[-75.245171,-14.494542],[-75.245864,-14.495133],[-75.247833,-14.497342],[-75.248479,-14.497985],[-75.253849,-14.502585],[-75.254569,-14.503145],[-75.255189,-14.503438],[-75.255857,-14.503596],[-75.256545,-14.503588],[-75.256987,-14.503466],[-75.25741,-14.503291],[-75.25761,-14.503183],[-75.258506,-14.502477],[-75.260761,-14.500552],[-75.261324,-14.500162],[-75.261936,-14.499851],[-75.273784,-14.494937],[-75.274879,-14.4946],[-75.275559,-14.494494],[-75.276476,-14.494526],[-75.284914,-14.495494],[-75.286056,-14.495606],[-75.286515,-14.495627],[-75.291334,-14.495506],[-75.292482,-14.495495],[-75.292938,-14.495444],[-75.293379,-14.495319],[-75.2938,-14.495141],[-75.299978,-14.491662],[-75.300397,-14.491476],[-75.300612,-14.491399],[-75.309014,-14.489083],[-75.338356,-14.481614],[-75.410103,-14.46314],[-75.465172,-14.448884],[-75.467618,-14.448267],[-75.467835,-14.448193],[-75.470412,-14.447234],[-75.477699,-14.443899],[-75.483547,-14.44127],[-75.560716,-14.406294],[-75.58743,-14.393699],[-75.587854,-14.393527],[-75.590698,-14.392634],[-75.591144,-14.392528],[-75.591372,-14.392502],[-75.591831,-14.392509],[-75.592281,-14.392597],[-75.592918,-14.392852],[-75.594283,-14.393687],[-75.594905,-14.393978],[-75.59512,-14.394058],[-75.59534,-14.394119],[-75.595566,-14.394154],[-75.596025,-14.394172],[-75.596254,-14.394153],[-75.596923,-14.393995],[-75.597336,-14.393801],[-75.597875,-14.393382],[-75.598681,-14.392577],[-75.601472,-14.389889],[-75.602309,-14.389116],[-75.602657,-14.388821],[-75.60304,-14.388571],[-75.603241,-14.388465],[-75.603672,-14.388309],[-75.604344,-14.38816],[-75.607274,-14.387603],[-75.608383,-14.387312],[-75.608816,-14.387161],[-75.609871,-14.386717],[-75.611742,-14.385853],[-75.613182,-14.385151],[-75.613741,-14.384755],[-75.614078,-14.384448],[-75.614812,-14.38358],[-75.622032,-14.374503],[-75.629146,-14.36563],[-75.629598,-14.365119],[-75.631246,-14.363544],[-75.654833,-14.341381],[-75.655814,-14.340428],[-75.664114,-14.332618],[-75.665524,-14.331132],[-75.667497,-14.328926],[-75.668693,-14.327554],[-75.669257,-14.32684],[-75.66989,-14.325897],[-75.670235,-14.32531],[-75.670661,-14.324509],[-75.670946,-14.323892],[-75.672922,-14.319314],[-75.673485,-14.318076],[-75.675833,-14.313167],[-75.677285,-14.310343],[-75.677459,-14.309925],[-75.677514,-14.309705],[-75.677583,-14.309258],[-75.677736,-14.307684],[-75.677862,-14.305653],[-75.677845,-14.30294],[-75.677902,-14.302038],[-75.677985,-14.301365],[-75.678364,-14.299135],[-75.678801,-14.296227],[-75.678934,-14.294877],[-75.679011,-14.292844],[-75.678978,-14.292394],[-75.678764,-14.291283],[-75.678745,-14.290831],[-75.678769,-14.290608],[-75.678821,-14.290388],[-75.678901,-14.290177],[-75.679099,-14.289769],[-75.68075,-14.286793],[-75.681012,-14.286166],[-75.681073,-14.285949],[-75.681714,-14.283079],[-75.682404,-14.279757],[-75.683414,-14.276045],[-75.683459,-14.275823],[-75.683754,-14.273809],[-75.683907,-14.272461],[-75.683903,-14.271557],[-75.683938,-14.271106],[-75.683975,-14.270884],[-75.684239,-14.270259],[-75.684919,-14.269079],[-75.684987,-14.268864],[-75.685058,-14.268418],[-75.685308,-14.265716],[-75.685465,-14.264826],[-75.685582,-14.264388],[-75.686717,-14.260711],[-75.687483,-14.258341],[-75.688308,-14.255516],[-75.689371,-14.250423],[-75.689507,-14.249991],[-75.689848,-14.249152],[-75.690714,-14.247304],[-75.691706,-14.245017],[-75.692239,-14.242586],[-75.692499,-14.241719],[-75.692906,-14.240662],[-75.694195,-14.237517],[-75.694378,-14.237103],[-75.694492,-14.236907],[-75.694758,-14.236539],[-75.695664,-14.235517],[-75.697062,-14.234018],[-75.699016,-14.232106],[-75.701483,-14.22974],[-75.701797,-14.229411],[-75.703175,-14.227061],[-75.703835,-14.225871],[-75.706108,-14.221177],[-75.706516,-14.220121],[-75.706875,-14.219542],[-75.708403,-14.217285],[-75.708759,-14.216704],[-75.70963,-14.214613],[-75.709829,-14.214205],[-75.71022,-14.213648],[-75.712341,-14.210977],[-75.712723,-14.210413],[-75.712953,-14.210021],[-75.713245,-14.209407],[-75.713484,-14.208772],[-75.714724,-14.203717],[-75.715438,-14.200631],[-75.715486,-14.200182],[-75.715489,-14.19973],[-75.715398,-14.198377],[-75.715291,-14.197251],[-75.715168,-14.196818],[-75.714703,-14.195784],[-75.714541,-14.195362],[-75.713936,-14.193181],[-75.713841,-14.192738],[-75.713842,-14.192515],[-75.713865,-14.19229],[-75.714316,-14.190771],[-75.714411,-14.190329],[-75.714408,-14.189425],[-75.71429,-14.187167],[-75.714322,-14.18649],[-75.714508,-14.184691],[-75.714588,-14.184246],[-75.715444,-14.180496],[-75.715504,-14.180048],[-75.715532,-14.179597],[-75.715536,-14.178692],[-75.715572,-14.178241],[-75.71592,-14.177165],[-75.716027,-14.176726],[-75.716034,-14.176049],[-75.715858,-14.175163],[-75.715493,-14.174091],[-75.714796,-14.172665],[-75.714164,-14.171461],[-75.713747,-14.170408],[-75.713403,-14.169331],[-75.713183,-14.168934],[-75.712907,-14.168575],[-75.712739,-14.16842],[-75.712014,-14.167865],[-75.71187,-14.167691],[-75.711743,-14.167503],[-75.711657,-14.167294],[-75.711576,-14.16685],[-75.711565,-14.166624],[-75.711647,-14.165952],[-75.712024,-14.164181],[-75.712402,-14.162643],[-75.712536,-14.161978],[-75.713902,-14.15395],[-75.714329,-14.152191],[-75.714543,-14.151081],[-75.715047,-14.148184],[-75.716314,-14.142671],[-75.717153,-14.139615],[-75.717198,-14.139394],[-75.71734,-14.138501],[-75.717559,-14.13625],[-75.71757,-14.135798],[-75.717511,-14.135123],[-75.716407,-14.128199],[-75.716291,-14.127302],[-75.716253,-14.126625],[-75.716302,-14.125496],[-75.718083,-14.109085],[-75.718231,-14.107509],[-75.718209,-14.106831],[-75.718087,-14.106164],[-75.716995,-14.102005],[-75.716686,-14.100683],[-75.716565,-14.099788],[-75.716525,-14.09911],[-75.716556,-14.098207],[-75.716675,-14.097311],[-75.717787,-14.091305],[-75.71785,-14.091088],[-75.717921,-14.090873],[-75.718032,-14.090677],[-75.718194,-14.090517],[-75.718376,-14.090381],[-75.718578,-14.090275],[-75.719716,-14.090134],[-75.720162,-14.090027],[-75.720377,-14.089948],[-75.722673,-14.088913],[-75.723937,-14.088373],[-75.727538,-14.086891],[-75.729029,-14.086301],[-75.729437,-14.086093],[-75.72981,-14.08583],[-75.730714,-14.085133],[-75.73515,-14.081545],[-75.735871,-14.080986],[-75.736916,-14.080102],[-75.73724,-14.079781],[-75.737533,-14.079434],[-75.737793,-14.079062],[-75.738083,-14.078447],[-75.738225,-14.078018],[-75.738355,-14.077352],[-75.738384,-14.076901],[-75.738374,-14.075318],[-75.738405,-14.074188],[-75.738405,-14.073058],[-75.738365,-14.072836],[-75.73818,-14.072424],[-75.738118,-14.07221],[-75.738126,-14.071984],[-75.73822,-14.07178],[-75.738354,-14.071599],[-75.738515,-14.071438],[-75.73862,-14.071238],[-75.73869,-14.071024],[-75.738928,-14.07015],[-75.739125,-14.069267],[-75.739693,-14.067311],[-75.739749,-14.067092],[-75.739767,-14.066867],[-75.739728,-14.06665],[-75.739573,-14.066484],[-75.736916,-14.065771],[-75.736828,-14.065638],[-75.736949,-14.065201],[-75.736979,-14.06529],[-75.736934,-14.065511],[-75.737001,-14.065677],[-75.739438,-14.066331],[-75.739661,-14.066347],[-75.739863,-14.066241],[-75.74001,-14.066069],[-75.740104,-14.065864],[-75.741933,-14.059559],[-75.742243,-14.058708],[-75.742441,-14.0583],[-75.744078,-14.055317],[-75.746214,-14.0521],[-75.746576,-14.051523],[-75.748738,-14.047538],[-75.748992,-14.047162],[-75.750618,-14.044172],[-75.753583,-14.038555],[-75.755092,-14.035761],[-75.756559,-14.032944],[-75.757958,-14.030348],[-75.758472,-14.029337],[-75.75945,-14.027544],[-75.760244,-14.025913],[-75.760491,-14.025281],[-75.763389,-14.015987],[-75.764234,-14.013168],[-75.765916,-14.007764],[-75.765965,-14.007544],[-75.767871,-14.001498],[-75.768493,-13.999322],[-75.771144,-13.990663],[-75.771455,-13.989576],[-75.771725,-13.988952],[-75.771963,-13.988316],[-75.772715,-13.985706],[-75.774452,-13.980082],[-75.774997,-13.978837],[-75.778035,-13.972749],[-75.778613,-13.971518],[-75.779039,-13.970717],[-75.781537,-13.965628],[-75.782177,-13.964427],[-75.782652,-13.963398],[-75.783787,-13.961177],[-75.784156,-13.960604],[-75.784959,-13.959502],[-75.785527,-13.958792],[-75.786322,-13.957976],[-75.787178,-13.957224],[-75.788282,-13.956413],[-75.78924,-13.95579],[-75.795284,-13.952089],[-75.800122,-13.949048],[-75.806752,-13.944989],[-75.80925,-13.943381],[-75.811011,-13.942316],[-75.816035,-13.939142],[-75.816643,-13.938824],[-75.817481,-13.938455],[-75.818572,-13.938105],[-75.819474,-13.937935],[-75.845128,-13.93621],[-75.851545,-13.93582],[-75.857042,-13.935447],[-75.874455,-13.93434],[-75.877201,-13.934122],[-75.881097,-13.933889],[-75.886823,-13.933494],[-75.892322,-13.933152],[-75.896443,-13.932841],[-75.900338,-13.932592],[-75.905369,-13.932158],[-75.906745,-13.932076],[-75.909498,-13.931981],[-75.913162,-13.931721],[-75.915454,-13.931591],[-75.919346,-13.931299],[-75.924386,-13.930978],[-75.928048,-13.930688],[-75.930112,-13.930584],[-75.968209,-13.929507],[-75.968891,-13.929414],[-75.969565,-13.929276],[-75.977122,-13.92735],[-75.981336,-13.926239],[-75.98823,-13.924495],[-76.001994,-13.92092],[-76.003315,-13.920537],[-76.004171,-13.92021],[-76.004975,-13.919774],[-76.005555,-13.919408],[-76.006445,-13.918695],[-76.007436,-13.917753],[-76.013579,-13.911652],[-76.014253,-13.911039],[-76.014808,-13.910638],[-76.015201,-13.910403],[-76.015812,-13.910091],[-76.016444,-13.909823],[-76.01755,-13.90952],[-76.024268,-13.908023],[-76.035007,-13.905588],[-76.036138,-13.905395],[-76.036596,-13.905356],[-76.048531,-13.90507],[-76.053352,-13.905004],[-76.056335,-13.904915],[-76.057942,-13.904901],[-76.061155,-13.904784],[-76.061384,-13.904775],[-76.062292,-13.904638],[-76.063183,-13.904423],[-76.063621,-13.904288],[-76.069328,-13.901903],[-76.070607,-13.901399],[-76.071873,-13.900865],[-76.07669,-13.898735],[-76.080919,-13.896973],[-76.089135,-13.893466],[-76.092916,-13.891824],[-76.09968,-13.888999],[-76.102397,-13.887782],[-76.115866,-13.881999],[-76.118832,-13.880778],[-76.120095,-13.880236],[-76.120707,-13.879926],[-76.12149,-13.879453],[-76.122038,-13.879043],[-76.122886,-13.878281],[-76.1232,-13.877952],[-76.123914,-13.877067],[-76.124516,-13.876105],[-76.124715,-13.875698],[-76.125062,-13.87486],[-76.134328,-13.848591],[-76.135945,-13.844118],[-76.137187,-13.840474],[-76.13833,-13.837275],[-76.138611,-13.836414],[-76.143572,-13.822314],[-76.143666,-13.822108],[-76.143957,-13.821493],[-76.144409,-13.820706],[-76.154645,-13.803553],[-76.159396,-13.79555],[-76.160924,-13.793025],[-76.164049,-13.787753],[-76.165458,-13.785421],[-76.166588,-13.783454],[-76.168087,-13.780912],[-76.168693,-13.779951],[-76.168999,-13.779344],[-76.169177,-13.778927],[-76.169519,-13.777848],[-76.169601,-13.777404],[-76.169664,-13.776729],[-76.169654,-13.775825],[-76.169572,-13.775152],[-76.169384,-13.774267],[-76.167813,-13.768362],[-76.167263,-13.766167],[-76.16684,-13.76464],[-76.166594,-13.763536],[-76.166424,-13.762879],[-76.166349,-13.762669],[-76.166244,-13.762474],[-76.166125,-13.762037],[-76.165407,-13.760622],[-76.165267,-13.760446],[-76.165064,-13.760391],[-76.164875,-13.760278],[-76.164827,-13.760068],[-76.164934,-13.759872],[-76.164985,-13.759654],[-76.16501,-13.759203],[-76.165156,-13.75854],[-76.165169,-13.758316],[-76.165104,-13.757869],[-76.163177,-13.750653],[-76.158367,-13.732262],[-76.156381,-13.724827],[-76.156062,-13.723508],[-76.153517,-13.71388],[-76.153438,-13.713673],[-76.1534,-13.71345],[-76.153435,-13.713233],[-76.153537,-13.713032],[-76.153685,-13.71288],[-76.160564,-13.712545],[-76.163084,-13.712403],[-76.163523,-13.712273],[-76.163731,-13.712177],[-76.16392,-13.712051],[-76.164239,-13.711727],[-76.164343,-13.71153],[-76.165115,-13.709162],[-76.165148,-13.70894],[-76.165218,-13.708753],[-76.16519,-13.707849],[-76.165233,-13.706946],[-76.165357,-13.701521],[-76.165291,-13.700619],[-76.165131,-13.6995],[-76.164819,-13.698179],[-76.164056,-13.695808],[-76.163943,-13.69537],[-76.163889,-13.69515],[-76.163625,-13.693589],[-76.163604,-13.693364],[-76.163535,-13.691783],[-76.163493,-13.685453],[-76.163449,-13.684097],[-76.163428,-13.681384],[-76.163491,-13.680029],[-76.163578,-13.679128],[-76.163646,-13.678681],[-76.163688,-13.678459],[-76.16405,-13.67715],[-76.164348,-13.676295],[-76.164792,-13.675254],[-76.165351,-13.674266],[-76.16547,-13.674074],[-76.167066,-13.671862],[-76.168225,-13.670177],[-76.169708,-13.668164],[-76.171907,-13.664988],[-76.172642,-13.663581],[-76.172996,-13.662747],[-76.173216,-13.662105],[-76.173471,-13.661236],[-76.173581,-13.660797],[-76.173774,-13.659683],[-76.173815,-13.659233],[-76.17383,-13.657877],[-76.173559,-13.650646],[-76.173402,-13.647485],[-76.173371,-13.646129],[-76.173309,-13.645],[-76.173107,-13.639125],[-76.173042,-13.638223],[-76.172824,-13.632801],[-76.172653,-13.629414],[-76.172593,-13.627606],[-76.172483,-13.626254],[-76.17236,-13.625358],[-76.17216,-13.624245],[-76.171896,-13.623145],[-76.171648,-13.622274],[-76.167776,-13.610676],[-76.167297,-13.609165],[-76.16695,-13.607852],[-76.166611,-13.605845],[-76.166484,-13.604722],[-76.166437,-13.603819],[-76.166336,-13.602693],[-76.16633,-13.602241],[-76.165882,-13.595246],[-76.165778,-13.593893],[-76.165769,-13.592989],[-76.165794,-13.592085],[-76.165937,-13.59051],[-76.166048,-13.58984],[-76.166341,-13.588515],[-76.166678,-13.587434],[-76.167087,-13.586378],[-76.16777,-13.584946],[-76.168214,-13.584154],[-76.171208,-13.579599],[-76.171986,-13.57848],[-76.173872,-13.575642],[-76.175606,-13.572976],[-76.17617,-13.571992],[-76.178844,-13.566736],[-76.17922,-13.565912],[-76.179736,-13.564413],[-76.17997,-13.563539],[-76.180155,-13.562653],[-76.180309,-13.561533],[-76.180401,-13.560179],[-76.180441,-13.558823],[-76.180684,-13.553855],[-76.180789,-13.552503],[-76.181308,-13.549609],[-76.182755,-13.542055],[-76.182863,-13.540929],[-76.182912,-13.5398],[-76.182933,-13.531435],[-76.182923,-13.524878],[-76.182955,-13.522165],[-76.183037,-13.521265],[-76.183282,-13.519472],[-76.183394,-13.518803],[-76.185115,-13.506712],[-76.185226,-13.505587],[-76.185261,-13.504457],[-76.184918,-13.495193],[-76.184798,-13.492936],[-76.184754,-13.491127],[-76.184232,-13.478024],[-76.184102,-13.476901],[-76.183838,-13.47557],[-76.183459,-13.474266],[-76.182917,-13.472776],[-76.17963,-13.46409],[-76.179405,-13.463449],[-76.179104,-13.462358],[-76.178899,-13.461246],[-76.178779,-13.459894],[-76.178765,-13.459217],[-76.178859,-13.457637],[-76.17902,-13.455835],[-76.179104,-13.455162],[-76.179151,-13.454485],[-76.179296,-13.453364],[-76.179852,-13.447284],[-76.179952,-13.445931],[-76.180237,-13.443005],[-76.180322,-13.441878],[-76.180674,-13.438504],[-76.180901,-13.437166],[-76.181177,-13.43607],[-76.18185,-13.433908],[-76.182304,-13.432628],[-76.182501,-13.431978],[-76.183871,-13.427899],[-76.18407,-13.42725],[-76.184596,-13.425755],[-76.184795,-13.425105],[-76.185194,-13.424046],[-76.185627,-13.423248],[-76.186354,-13.422096],[-76.188898,-13.418332],[-76.190011,-13.416618],[-76.190129,-13.416424],[-76.190493,-13.415594],[-76.190777,-13.414734],[-76.190894,-13.414297],[-76.191495,-13.411418],[-76.19234,-13.407204],[-76.192645,-13.405881],[-76.192831,-13.405228],[-76.193894,-13.402973],[-76.197248,-13.396032],[-76.202023,-13.387009],[-76.210875,-13.370391],[-76.216525,-13.361074],[-76.217492,-13.359536],[-76.226708,-13.34575],[-76.227647,-13.344466],[-76.231746,-13.339015],[-76.242304,-13.325052],[-76.242546,-13.324667],[-76.24297,-13.323865],[-76.243237,-13.323241],[-76.243661,-13.32244],[-76.246729,-13.316115],[-76.247754,-13.314092],[-76.249438,-13.310625],[-76.249651,-13.310225],[-76.250227,-13.309247],[-76.250607,-13.308681],[-76.251038,-13.308153],[-76.251866,-13.307069],[-76.254015,-13.304418],[-76.254392,-13.303852],[-76.255109,-13.302968],[-76.255496,-13.302408],[-76.257158,-13.299438],[-76.257503,-13.2986],[-76.257796,-13.297742],[-76.258044,-13.29711],[-76.258527,-13.296084],[-76.258953,-13.295283],[-76.259697,-13.294142],[-76.260113,-13.293601],[-76.260586,-13.293108],[-76.261029,-13.292589],[-76.261517,-13.292111],[-76.261808,-13.291761],[-76.261967,-13.291599],[-76.262314,-13.291303],[-76.262618,-13.290966],[-76.264219,-13.289345],[-76.264813,-13.288656],[-76.265317,-13.288193],[-76.268183,-13.285261],[-76.268635,-13.284749],[-76.269285,-13.284111],[-76.269712,-13.28358],[-76.270111,-13.283027],[-76.271061,-13.281479],[-76.271859,-13.280106],[-76.272513,-13.278912],[-76.272878,-13.278337],[-76.273556,-13.277156],[-76.273878,-13.276556],[-76.274905,-13.274791],[-76.275785,-13.273203],[-76.276192,-13.272393],[-76.276965,-13.270752],[-76.277415,-13.269712],[-76.277837,-13.26866],[-76.278667,-13.266312],[-76.284682,-13.247318],[-76.285144,-13.245802],[-76.285709,-13.244081],[-76.2858,-13.243874],[-76.286287,-13.24285],[-76.286766,-13.242079],[-76.289498,-13.238167],[-76.29011,-13.237211],[-76.291025,-13.23591],[-76.292103,-13.234446],[-76.292477,-13.233877],[-76.29406,-13.231656],[-76.295611,-13.229414],[-76.296463,-13.228348],[-76.297091,-13.227689],[-76.297266,-13.227543],[-76.298195,-13.226879],[-76.298998,-13.226442],[-76.299623,-13.226157],[-76.300273,-13.225934],[-76.301604,-13.225585],[-76.302512,-13.22545],[-76.303658,-13.225406],[-76.304347,-13.225421],[-76.305952,-13.225501],[-76.308477,-13.225556],[-76.309394,-13.225598],[-76.311001,-13.225629],[-76.311919,-13.225608],[-76.312835,-13.22554],[-76.31397,-13.225373],[-76.3151,-13.225174],[-76.315762,-13.224991],[-76.316436,-13.22485],[-76.316876,-13.224722],[-76.317308,-13.22457],[-76.319408,-13.223657],[-76.320622,-13.223015],[-76.321404,-13.222541],[-76.322898,-13.221489],[-76.323947,-13.22061],[-76.325095,-13.219503],[-76.325632,-13.219079],[-76.325781,-13.218907],[-76.326283,-13.21815],[-76.338177,-13.204074],[-76.3388,-13.203409],[-76.351992,-13.189867],[-76.352455,-13.189364],[-76.352887,-13.188836],[-76.353684,-13.18773],[-76.354497,-13.186366],[-76.354805,-13.185759],[-76.355177,-13.184932],[-76.355418,-13.184297],[-76.35563,-13.183652],[-76.355923,-13.182559],[-76.356221,-13.181004],[-76.356354,-13.179427],[-76.356349,-13.178523],[-76.356184,-13.176041],[-76.356172,-13.175589],[-76.356192,-13.174911],[-76.35626,-13.174236],[-76.356429,-13.173347],[-76.356698,-13.172483],[-76.356861,-13.17206],[-76.357147,-13.171444],[-76.35747,-13.170844],[-76.357983,-13.170095],[-76.358265,-13.169738],[-76.358881,-13.169068],[-76.359733,-13.16831],[-76.365062,-13.164013],[-76.365324,-13.163643],[-76.365708,-13.162824],[-76.365832,-13.162635],[-76.365927,-13.162434],[-76.366087,-13.162275],[-76.366297,-13.162183],[-76.366948,-13.161963],[-76.367362,-13.161767],[-76.370941,-13.159312],[-76.374139,-13.156736],[-76.374599,-13.156232],[-76.374845,-13.15585],[-76.375031,-13.155438],[-76.375158,-13.155004],[-76.375216,-13.154556],[-76.375204,-13.154104],[-76.375111,-13.153662],[-76.374971,-13.153232],[-76.374769,-13.152827],[-76.374512,-13.152453],[-76.374017,-13.151983],[-76.373638,-13.151729],[-76.373433,-13.151629],[-76.373005,-13.151466],[-76.369958,-13.150459],[-76.36954,-13.150271],[-76.369144,-13.150043],[-76.368609,-13.149618],[-76.368281,-13.149301],[-76.368134,-13.149128],[-76.367625,-13.148376],[-76.367433,-13.147966],[-76.367283,-13.147539],[-76.367228,-13.14732],[-76.367067,-13.146429],[-76.365815,-13.137927],[-76.365741,-13.137253],[-76.365611,-13.13659],[-76.365134,-13.135079],[-76.365092,-13.134859],[-76.363101,-13.127895],[-76.361521,-13.122461],[-76.361425,-13.122019],[-76.361375,-13.12157],[-76.361379,-13.121118],[-76.36141,-13.120894],[-76.361576,-13.120236],[-76.361862,-13.11962],[-76.362121,-13.119247],[-76.362417,-13.118902],[-76.362765,-13.118608],[-76.363141,-13.118349],[-76.364734,-13.11745],[-76.38359,-13.107109],[-76.383968,-13.106853],[-76.38432,-13.106563],[-76.384785,-13.106064],[-76.385045,-13.105691],[-76.385279,-13.105302],[-76.38562,-13.104463],[-76.387647,-13.098694],[-76.387837,-13.098042],[-76.387991,-13.097381],[-76.388331,-13.095604],[-76.388595,-13.093814],[-76.388894,-13.091344],[-76.389222,-13.088879],[-76.389281,-13.088203],[-76.389281,-13.087977],[-76.389204,-13.087303],[-76.389159,-13.087081],[-76.388502,-13.084915],[-76.388227,-13.083818],[-76.387891,-13.082737],[-76.387661,-13.081862],[-76.387631,-13.081638],[-76.38763,-13.081187],[-76.387667,-13.080964],[-76.387906,-13.080091],[-76.387983,-13.079878],[-76.38809,-13.079682],[-76.388384,-13.079334],[-76.389486,-13.078183],[-76.389822,-13.077875],[-76.389931,-13.077683],[-76.390291,-13.077405],[-76.390484,-13.077283],[-76.390892,-13.077086],[-76.391318,-13.076917],[-76.391997,-13.076813],[-76.392226,-13.076799],[-76.392685,-13.076819],[-76.393356,-13.076969],[-76.395998,-13.077737],[-76.396453,-13.077791],[-76.396911,-13.077767],[-76.397566,-13.077561],[-76.397979,-13.077363],[-76.399381,-13.076589],[-76.401813,-13.075315],[-76.402211,-13.075089],[-76.40258,-13.07482],[-76.402906,-13.074502],[-76.406451,-13.070648],[-76.406935,-13.070165],[-76.407465,-13.069732],[-76.413516,-13.065242],[-76.417048,-13.062011],[-76.417579,-13.061579],[-76.417962,-13.061331],[-76.41877,-13.060901],[-76.427153,-13.056683],[-76.427551,-13.056458],[-76.428105,-13.056056],[-76.428445,-13.055752],[-76.428893,-13.055238],[-76.432987,-13.050067],[-76.435552,-13.046876],[-76.43586,-13.046541],[-76.436204,-13.046242],[-76.436572,-13.045972],[-76.436963,-13.045734],[-76.440501,-13.044113],[-76.44149,-13.04354],[-76.44223,-13.043005],[-76.450002,-13.03701],[-76.451252,-13.036015],[-76.452401,-13.035266],[-76.452804,-13.035051],[-76.453015,-13.034963],[-76.453454,-13.03483],[-76.455931,-13.034345],[-76.456384,-13.034271],[-76.456841,-13.034226],[-76.459135,-13.034135],[-76.460741,-13.034099],[-76.46694,-13.034057],[-76.467396,-13.034014],[-76.467845,-13.033918],[-76.468499,-13.033706],[-76.468709,-13.033615],[-76.469498,-13.033156],[-76.470333,-13.032783],[-76.470936,-13.032456],[-76.471128,-13.032333],[-76.471485,-13.032049],[-76.471845,-13.03147],[-76.472365,-13.030463],[-76.472637,-13.02984],[-76.472871,-13.029202],[-76.472978,-13.029005],[-76.473387,-13.027709],[-76.473714,-13.026864],[-76.475996,-13.021432],[-76.47778,-13.017265],[-76.479864,-13.012242],[-76.481104,-13.009322],[-76.481837,-13.007664],[-76.483033,-13.004726],[-76.48549,-12.998876],[-76.487992,-12.993044],[-76.48904,-12.990535],[-76.489537,-12.98927],[-76.4923,-12.982811],[-76.492707,-12.981754],[-76.493799,-12.979263],[-76.494464,-12.977577],[-76.49738,-12.970691],[-76.49814,-12.968799],[-76.498344,-12.968151],[-76.498504,-12.967491],[-76.50146,-12.949869],[-76.501516,-12.94942],[-76.501531,-12.948968],[-76.501506,-12.948291],[-76.501367,-12.947627],[-76.501237,-12.947194],[-76.500945,-12.94658],[-76.500699,-12.946198],[-76.500429,-12.945833],[-76.500112,-12.945507],[-76.499749,-12.94523],[-76.498409,-12.944358],[-76.497863,-12.943944],[-76.49721,-12.94331],[-76.497064,-12.943136],[-76.496812,-12.942758],[-76.496585,-12.942365],[-76.496393,-12.941955],[-76.49614,-12.941086],[-76.496077,-12.940639],[-76.496069,-12.939961],[-76.496098,-12.93951],[-76.496133,-12.939286],[-76.496389,-12.938418],[-76.497751,-12.935552],[-76.498162,-12.934497],[-76.498627,-12.932982],[-76.498946,-12.931431],[-76.499083,-12.930309],[-76.49916,-12.929181],[-76.499187,-12.927373],[-76.499226,-12.926923],[-76.499393,-12.925804],[-76.499542,-12.925143],[-76.501035,-12.920391],[-76.501616,-12.918438],[-76.501713,-12.917996],[-76.501843,-12.916874],[-76.501867,-12.916196],[-76.501843,-12.915745],[-76.501641,-12.913947],[-76.501234,-12.910807],[-76.501173,-12.909905],[-76.501183,-12.909227],[-76.501241,-12.908551],[-76.501408,-12.907662],[-76.501514,-12.907222],[-76.501908,-12.906161],[-76.509516,-12.888218],[-76.509967,-12.886936],[-76.510162,-12.886286],[-76.510321,-12.885626],[-76.510596,-12.884067],[-76.510743,-12.882491],[-76.511102,-12.870966],[-76.511069,-12.869384],[-76.510719,-12.863742],[-76.510646,-12.862841],[-76.510648,-12.862162],[-76.510687,-12.861712],[-76.510941,-12.859921],[-76.51112,-12.859034],[-76.512409,-12.853991],[-76.512684,-12.853128],[-76.513258,-12.85165],[-76.513648,-12.850832],[-76.514546,-12.849254],[-76.515051,-12.848499],[-76.515459,-12.847952],[-76.516031,-12.847245],[-76.518653,-12.844398],[-76.519098,-12.84388],[-76.519937,-12.842804],[-76.520716,-12.841686],[-76.521076,-12.841108],[-76.521515,-12.840314],[-76.522123,-12.839096],[-76.523095,-12.836801],[-76.523474,-12.835977],[-76.524488,-12.834204],[-76.524737,-12.833824],[-76.525278,-12.833093],[-76.526144,-12.832039],[-76.528073,-12.829796],[-76.536906,-12.819683],[-76.537637,-12.818811],[-76.539136,-12.817099],[-76.539693,-12.81638],[-76.540274,-12.815406],[-76.540647,-12.814579],[-76.540795,-12.814151],[-76.540973,-12.813496],[-76.541147,-12.812608],[-76.541505,-12.810147],[-76.54159,-12.809703],[-76.541721,-12.809269],[-76.541884,-12.808847],[-76.542213,-12.808252],[-76.542341,-12.808064],[-76.542777,-12.80754],[-76.543107,-12.807225],[-76.55811,-12.794239],[-76.559019,-12.793549],[-76.559583,-12.79316],[-76.560555,-12.792558],[-76.563962,-12.790685],[-76.581852,-12.780961],[-76.582446,-12.780618],[-76.58322,-12.78013],[-76.583969,-12.779608],[-76.584514,-12.779192],[-76.585206,-12.778599],[-76.585874,-12.777977],[-76.58681,-12.776982],[-76.596473,-12.765488],[-76.598394,-12.763239],[-76.59925,-12.762176],[-76.602761,-12.757993],[-76.604245,-12.755982],[-76.604628,-12.755418],[-76.610184,-12.747657],[-76.610788,-12.746696],[-76.611319,-12.745694],[-76.611606,-12.745078],[-76.612043,-12.744032],[-76.612343,-12.743177],[-76.612778,-12.741654],[-76.613584,-12.738357],[-76.614419,-12.735067],[-76.615922,-12.728911],[-76.616268,-12.727598],[-76.616545,-12.726736],[-76.616946,-12.725678],[-76.617613,-12.724238],[-76.618037,-12.723436],[-76.618512,-12.722662],[-76.619169,-12.721735],[-76.619722,-12.721013],[-76.620956,-12.719674],[-76.622323,-12.718465],[-76.623375,-12.71759],[-76.625515,-12.715881],[-76.627093,-12.714568],[-76.632423,-12.710271],[-76.633652,-12.709251],[-76.634492,-12.708482],[-76.635273,-12.707653],[-76.636012,-12.706788],[-76.636675,-12.705865],[-76.638279,-12.703387],[-76.639909,-12.700924],[-76.646573,-12.690629],[-76.647213,-12.689428],[-76.647683,-12.688397],[-76.648086,-12.687339],[-76.648367,-12.686478],[-76.648544,-12.685822],[-76.649906,-12.679174],[-76.649974,-12.678727],[-76.650053,-12.677599],[-76.650028,-12.676695],[-76.650043,-12.676471],[-76.650108,-12.676255],[-76.650279,-12.675835],[-76.651241,-12.673783],[-76.651479,-12.673397],[-76.651622,-12.673221],[-76.652001,-12.672655],[-76.65745,-12.665375],[-76.658282,-12.664294],[-76.660447,-12.661372],[-76.66122,-12.660249],[-76.66179,-12.659268],[-76.662307,-12.658259],[-76.662684,-12.657434],[-76.663005,-12.656587],[-76.667466,-12.643513],[-76.669027,-12.639021],[-76.669574,-12.637295],[-76.669712,-12.63663],[-76.669851,-12.635281],[-76.669839,-12.634603],[-76.669751,-12.633703],[-76.669444,-12.632149],[-76.669306,-12.631256],[-76.669272,-12.630805],[-76.669279,-12.629901],[-76.669324,-12.629451],[-76.669515,-12.628337],[-76.669737,-12.627459],[-76.670304,-12.625502],[-76.670495,-12.624618],[-76.670578,-12.623491],[-76.67057,-12.623039],[-76.670514,-12.622363],[-76.670451,-12.621915],[-76.670313,-12.621251],[-76.669964,-12.620174],[-76.665617,-12.608982],[-76.663206,-12.602871],[-76.662934,-12.602007],[-76.662564,-12.600467],[-76.662324,-12.598902],[-76.662256,-12.598],[-76.662204,-12.593705],[-76.662269,-12.592803],[-76.662407,-12.591909],[-76.662646,-12.591037],[-76.662948,-12.590183],[-76.66337,-12.589381],[-76.663989,-12.588429],[-76.664726,-12.587562],[-76.665585,-12.586812],[-76.666691,-12.586005],[-76.668109,-12.58526],[-76.684275,-12.57716],[-76.688378,-12.57513],[-76.69164,-12.573467],[-76.692987,-12.572603],[-76.693908,-12.571929],[-76.701008,-12.566193],[-76.706552,-12.561798],[-76.707757,-12.560752],[-76.708384,-12.560091],[-76.708805,-12.559554],[-76.709303,-12.558795],[-76.710005,-12.557372],[-76.7148,-12.546852],[-76.720283,-12.534654],[-76.721528,-12.531983],[-76.722156,-12.530526],[-76.724198,-12.525977],[-76.724973,-12.524337],[-76.725288,-12.523734],[-76.72627,-12.522205],[-76.72724,-12.520943],[-76.730825,-12.516823],[-76.730963,-12.516642],[-76.731353,-12.516085],[-76.732362,-12.51431],[-76.732837,-12.513537],[-76.73362,-12.512711],[-76.734837,-12.511357],[-76.735472,-12.510415],[-76.737473,-12.507655],[-76.738513,-12.506164],[-76.739587,-12.504697],[-76.740063,-12.503924],[-76.740606,-12.502928],[-76.741005,-12.502114],[-76.741426,-12.501062],[-76.741775,-12.499985],[-76.742475,-12.497361],[-76.74328,-12.494531],[-76.743794,-12.49256],[-76.745266,-12.487331],[-76.746702,-12.481858],[-76.747161,-12.480342],[-76.749203,-12.472922],[-76.751235,-12.465266],[-76.751398,-12.464797],[-76.752691,-12.45997],[-76.754589,-12.453142],[-76.756699,-12.445384],[-76.756902,-12.444384],[-76.756936,-12.443993],[-76.75692,-12.443273],[-76.756831,-12.442397],[-76.756722,-12.441881],[-76.754661,-12.43479],[-76.754453,-12.434152],[-76.754304,-12.4338],[-76.754103,-12.433466],[-76.753701,-12.432917],[-76.753461,-12.432536],[-76.753246,-12.432003],[-76.753189,-12.431807],[-76.753161,-12.431521],[-76.753184,-12.430952],[-76.7534,-12.428106],[-76.754131,-12.419899],[-76.756466,-12.409721],[-76.756494,-12.409203],[-76.756602,-12.404774],[-76.756616,-12.399812],[-76.75667,-12.399329],[-76.756864,-12.398668],[-76.756992,-12.398325],[-76.75728,-12.397803],[-76.757596,-12.397365],[-76.758055,-12.396862],[-76.770272,-12.38505],[-76.78359,-12.372258],[-76.787465,-12.368472],[-76.788849,-12.366879],[-76.78929,-12.366423],[-76.790031,-12.365747],[-76.790665,-12.365269],[-76.792634,-12.363521],[-76.802056,-12.354415],[-76.811541,-12.345308],[-76.812021,-12.344838],[-76.812588,-12.344209],[-76.816673,-12.338223],[-76.835161,-12.310493],[-76.836311,-12.30874],[-76.836972,-12.307836],[-76.837559,-12.307092],[-76.837907,-12.306693],[-76.838705,-12.305848],[-76.839203,-12.305369],[-76.84021,-12.304507],[-76.840665,-12.304149],[-76.841812,-12.303379],[-76.842331,-12.303059],[-76.843412,-12.302467],[-76.856912,-12.296422],[-76.85814,-12.295823],[-76.858782,-12.295466],[-76.859845,-12.294819],[-76.876617,-12.284318],[-76.878375,-12.28319],[-76.888957,-12.276566],[-76.890015,-12.275873],[-76.890651,-12.275496],[-76.897959,-12.270907],[-76.899955,-12.269613],[-76.905032,-12.266462],[-76.921261,-12.256242],[-76.921939,-12.255829],[-76.926779,-12.253077],[-76.927847,-12.252362],[-76.928552,-12.251851],[-76.933808,-12.24781],[-76.934385,-12.247404],[-76.934941,-12.247052],[-76.935703,-12.246628],[-76.965116,-12.231381],[-76.96542,-12.231207],[-76.965891,-12.230914],[-76.96655,-12.230445],[-76.967123,-12.229971],[-76.96746,-12.229646],[-76.968434,-12.22865],[-76.970257,-12.226687],[-76.97062,-12.226322],[-76.971373,-12.225667],[-76.975871,-12.221069],[-76.976176,-12.220673],[-76.976391,-12.220325],[-76.976588,-12.219922],[-76.976753,-12.219468],[-76.976866,-12.218994],[-76.976928,-12.21857],[-76.976942,-12.218013],[-76.976916,-12.217679],[-76.972618,-12.1943],[-76.972545,-12.193627],[-76.97252,-12.193087],[-76.972525,-12.19268],[-76.972568,-12.192046],[-76.972662,-12.191411],[-76.972828,-12.190667],[-76.973412,-12.188761],[-76.978617,-12.172379],[-76.97903,-12.171141],[-76.980147,-12.167288],[-76.983313,-12.15657],[-76.983566,-12.155486],[-76.983706,-12.15463],[-76.983766,-12.153839],[-76.983767,-12.15369],[-76.983679,-12.153327],[-76.983549,-12.151905],[-76.983436,-12.151316],[-76.983186,-12.150353],[-76.98277,-12.149123],[-76.982686,-12.148503],[-76.982236,-12.147054],[-76.981992,-12.146063],[-76.98152,-12.143566],[-76.98074,-12.139043],[-76.980552,-12.138014],[-76.980367,-12.137148],[-76.980185,-12.136491],[-76.979806,-12.1354],[-76.977196,-12.128707],[-76.976991,-12.127988],[-76.976933,-12.127694],[-76.976883,-12.127035],[-76.976883,-12.126474],[-76.977083,-12.119809],[-76.977165,-12.117778],[-76.977042,-12.117404],[-76.976999,-12.117362],[-76.977013,-12.117222],[-76.977114,-12.117051],[-76.977292,-12.116587],[-76.977745,-12.113383],[-76.978238,-12.109868],[-76.978776,-12.105656],[-76.979232,-12.102586],[-76.980169,-12.095556],[-76.980702,-12.091888],[-76.980861,-12.090643],[-76.980919,-12.089674],[-76.981107,-12.088261],[-76.98121,-12.087953],[-76.9813,-12.08776],[-76.981717,-12.087028],[-76.981957,-12.086553],[-76.982114,-12.086149],[-76.982187,-12.08579],[-76.982183,-12.085459],[-76.982142,-12.085268],[-76.982074,-12.085079],[-76.981928,-12.084791],[-76.9817,-12.084518],[-76.981491,-12.084303],[-76.981043,-12.084117],[-76.980874,-12.084121],[-76.980766,-12.084187],[-76.980714,-12.084255],[-76.98069,-12.084343],[-76.980694,-12.084456],[-76.980726,-12.08454],[-76.98078,-12.084599],[-76.980905,-12.084664],[-76.981396,-12.084835],[-76.98188,-12.084879],[-76.984707,-12.084973],[-76.985108,-12.085011],[-76.985334,-12.08505],[-76.986707,-12.085527],[-76.987005,-12.085606],[-76.987512,-12.085721],[-76.98874,-12.085935],[-76.991307,-12.086282],[-76.993968,-12.086682],[-76.994745,-12.086781],[-76.995111,-12.086761],[-76.995574,-12.086656],[-76.996033,-12.086589],[-76.996331,-12.086595],[-76.997056,-12.086688],[-76.997283,-12.086744],[-76.997434,-12.086811],[-76.998053,-12.087186],[-76.998291,-12.087283],[-76.998742,-12.087396],[-77.001812,-12.087764],[-77.003993,-12.08809],[-77.01025,-12.088963],[-77.013348,-12.089423],[-77.017001,-12.089934],[-77.018113,-12.09007],[-77.019602,-12.090295],[-77.020009,-12.090268],[-77.021862,-12.090526],[-77.022029,-12.090496],[-77.022082,-12.090469],[-77.02213,-12.0904],[-77.022229,-12.089917],[-77.022311,-12.089783],[-77.022379,-12.089739],[-77.022503,-12.089713],[-77.022787,-12.089749],[-77.022914,-12.089736],[-77.023166,-12.089583],[-77.023705,-12.088847],[-77.024018,-12.088281],[-77.024267,-12.087761],[-77.024902,-12.086217],[-77.025469,-12.084739],[-77.026488,-12.082317],[-77.027519,-12.079684],[-77.028502,-12.077299],[-77.029892,-12.074269],[-77.030443,-12.072932],[-77.031285,-12.070709],[-77.031886,-12.068907],[-77.032384,-12.067557],[-77.032399,-12.067412],[-77.032709,-12.066586],[-77.032806,-12.066218],[-77.033355,-12.064712],[-77.033062,-12.064675],[-77.032934,-12.064553],[-77.033028,-12.064347],[-77.033152,-12.064157],[-77.033319,-12.064029],[-77.033316,-12.063851]]}}]}